dev_f1,dev_precision,dev_recall,epoch,lr-AdamW/pg1,lr-AdamW/pg10,lr-AdamW/pg11,lr-AdamW/pg12,lr-AdamW/pg13,lr-AdamW/pg14,lr-AdamW/pg15,lr-AdamW/pg16,lr-AdamW/pg17,lr-AdamW/pg18,lr-AdamW/pg19,lr-AdamW/pg2,lr-AdamW/pg20,lr-AdamW/pg21,lr-AdamW/pg22,lr-AdamW/pg23,lr-AdamW/pg24,lr-AdamW/pg25,lr-AdamW/pg26,lr-AdamW/pg27,lr-AdamW/pg28,lr-AdamW/pg3,lr-AdamW/pg4,lr-AdamW/pg5,lr-AdamW/pg6,lr-AdamW/pg7,lr-AdamW/pg8,lr-AdamW/pg9,step,train_loss
,,,,1.1376018126211432e-07,6.372896257812503e-07,9.804455781250004e-07,9.804455781250004e-07,1.5083778125000004e-06,1.5083778125000004e-06,2.3205812500000007e-06,2.3205812500000007e-06,3.570125000000001e-06,3.570125000000001e-06,5.492500000000001e-06,1.1376018126211432e-07,5.492500000000001e-06,8.45e-06,8.45e-06,1.3000000000000003e-05,1.3000000000000003e-05,2e-05,2e-05,2e-05,2e-05,1.7501566348017586e-07,1.7501566348017586e-07,2.6925486689257825e-07,2.6925486689257825e-07,4.142382567578127e-07,4.142382567578127e-07,6.372896257812503e-07,0,
,,,0,,,,,,,,,,,,,,,,,,,,,,,,,,,,,9,4.336432933807373
,,,0,,,,,,,,,,,,,,,,,,,,,,,,,,,,,19,3.539698600769043
,,,0,,,,,,,,,,,,,,,,,,,,,,,,,,,,,29,2.905198097229004
,,,0,,,,,,,,,,,,,,,,,,,,,,,,,,,,,39,1.9808534383773804
,,,0,,,,,,,,,,,,,,,,,,,,,,,,,,,,,49,1.9191629886627197
,,,0,,,,,,,,,,,,,,,,,,,,,,,,,,,,,59,1.7848039865493774
,,,0,,,,,,,,,,,,,,,,,,,,,,,,,,,,,69,1.1739373207092285
,,,0,,,,,,,,,,,,,,,,,,,,,,,,,,,,,79,1.2840678691864014
,,,0,,,,,,,,,,,,,,,,,,,,,,,,,,,,,89,1.0632126331329346
,,,0,,,,,,,,,,,,,,,,,,,,,,,,,,,,,99,1.333640456199646
,,,0,,,,,,,,,,,,,,,,,,,,,,,,,,,,,109,1.212960958480835
,,,0,,,,,,,,,,,,,,,,,,,,,,,,,,,,,119,0.7987815141677856
,,,0,,,,,,,,,,,,,,,,,,,,,,,,,,,,,129,0.6347607970237732
,,,0,,,,,,,,,,,,,,,,,,,,,,,,,,,,,139,0.44299331307411194
,,,0,,,,,,,,,,,,,,,,,,,,,,,,,,,,,149,0.5067495703697205
,,,0,,,,,,,,,,,,,,,,,,,,,,,,,,,,,159,0.6174148917198181
,,,0,,,,,,,,,,,,,,,,,,,,,,,,,,,,,169,0.4793005883693695
,,,0,,,,,,,,,,,,,,,,,,,,,,,,,,,,,179,0.738451361656189
,,,0,,,,,,,,,,,,,,,,,,,,,,,,,,,,,189,0.549575686454773
,,,0,,,,,,,,,,,,,,,,,,,,,,,,,,,,,199,0.36293041706085205
,,,0,,,,,,,,,,,,,,,,,,,,,,,,,,,,,209,0.8884032368659973
,,,0,,,,,,,,,,,,,,,,,,,,,,,,,,,,,219,0.44528451561927795
,,,0,,,,,,,,,,,,,,,,,,,,,,,,,,,,,229,1.5268622636795044
,,,0,,,,,,,,,,,,,,,,,,,,,,,,,,,,,239,0.29181602597236633
,,,0,,,,,,,,,,,,,,,,,,,,,,,,,,,,,249,0.24106332659721375
,,,0,,,,,,,,,,,,,,,,,,,,,,,,,,,,,259,0.36686280369758606
,,,0,,,,,,,,,,,,,,,,,,,,,,,,,,,,,269,0.15639548003673553
,,,0,,,,,,,,,,,,,,,,,,,,,,,,,,,,,279,0.6815525889396667
,,,0,,,,,,,,,,,,,,,,,,,,,,,,,,,,,289,0.40521401166915894
,,,0,,,,,,,,,,,,,,,,,,,,,,,,,,,,,299,0.23118813335895538
,,,0,,,,,,,,,,,,,,,,,,,,,,,,,,,,,309,0.22957423329353333
,,,0,,,,,,,,,,,,,,,,,,,,,,,,,,,,,319,0.26069962978363037
,,,0,,,,,,,,,,,,,,,,,,,,,,,,,,,,,329,0.5014905333518982
,,,0,,,,,,,,,,,,,,,,,,,,,,,,,,,,,339,0.36876052618026733
,,,0,,,,,,,,,,,,,,,,,,,,,,,,,,,,,349,0.33550816774368286
,,,0,,,,,,,,,,,,,,,,,,,,,,,,,,,,,359,0.5995043516159058
,,,0,,,,,,,,,,,,,,,,,,,,,,,,,,,,,369,0.2996227741241455
,,,0,,,,,,,,,,,,,,,,,,,,,,,,,,,,,379,0.39312994480133057
,,,0,,,,,,,,,,,,,,,,,,,,,,,,,,,,,389,0.5878809690475464
,,,0,,,,,,,,,,,,,,,,,,,,,,,,,,,,,399,0.5261759161949158
,,,0,,,,,,,,,,,,,,,,,,,,,,,,,,,,,409,0.3744412064552307
,,,0,,,,,,,,,,,,,,,,,,,,,,,,,,,,,419,0.38130322098731995
,,,0,,,,,,,,,,,,,,,,,,,,,,,,,,,,,429,0.3414638340473175
,,,0,,,,,,,,,,,,,,,,,,,,,,,,,,,,,439,0.6656956076622009
,,,0,,,,,,,,,,,,,,,,,,,,,,,,,,,,,449,0.35348960757255554
,,,0,,,,,,,,,,,,,,,,,,,,,,,,,,,,,459,0.5978472232818604
,,,0,,,,,,,,,,,,,,,,,,,,,,,,,,,,,469,0.3239450752735138
,,,0,,,,,,,,,,,,,,,,,,,,,,,,,,,,,479,0.6964598298072815
,,,0,,,,,,,,,,,,,,,,,,,,,,,,,,,,,489,0.2885333001613617
,,,0,,,,,,,,,,,,,,,,,,,,,,,,,,,,,499,1.3405920267105103
,,,0,,,,,,,,,,,,,,,,,,,,,,,,,,,,,509,0.11956536769866943
,,,0,,,,,,,,,,,,,,,,,,,,,,,,,,,,,519,1.0379552841186523
,,,0,,,,,,,,,,,,,,,,,,,,,,,,,,,,,529,0.16898314654827118
,,,0,,,,,,,,,,,,,,,,,,,,,,,,,,,,,539,0.8079962134361267
,,,0,,,,,,,,,,,,,,,,,,,,,,,,,,,,,549,0.1515013724565506
,,,0,,,,,,,,,,,,,,,,,,,,,,,,,,,,,559,0.046814799308776855
,,,0,,,,,,,,,,,,,,,,,,,,,,,,,,,,,569,0.12528300285339355
,,,0,,,,,,,,,,,,,,,,,,,,,,,,,,,,,579,0.21884313225746155
,,,0,,,,,,,,,,,,,,,,,,,,,,,,,,,,,589,2.1948506832122803
,,,0,,,,,,,,,,,,,,,,,,,,,,,,,,,,,599,0.14130799472332
,,,0,,,,,,,,,,,,,,,,,,,,,,,,,,,,,609,0.18573248386383057
,,,0,,,,,,,,,,,,,,,,,,,,,,,,,,,,,619,0.05760311707854271
,,,0,,,,,,,,,,,,,,,,,,,,,,,,,,,,,629,0.1441095769405365
,,,0,,,,,,,,,,,,,,,,,,,,,,,,,,,,,639,0.19565394520759583
,,,0,,,,,,,,,,,,,,,,,,,,,,,,,,,,,649,0.3358946442604065
,,,0,,,,,,,,,,,,,,,,,,,,,,,,,,,,,659,0.8079599738121033
,,,0,,,,,,,,,,,,,,,,,,,,,,,,,,,,,669,0.6029464602470398
,,,0,,,,,,,,,,,,,,,,,,,,,,,,,,,,,679,0.4613473117351532
,,,0,,,,,,,,,,,,,,,,,,,,,,,,,,,,,689,0.28452110290527344
,,,0,,,,,,,,,,,,,,,,,,,,,,,,,,,,,699,0.37841829657554626
,,,,2.2752036252422864e-07,1.2745792515625007e-06,1.9608911562500008e-06,1.9608911562500008e-06,3.0167556250000008e-06,3.0167556250000008e-06,4.641162500000001e-06,4.641162500000001e-06,7.140250000000002e-06,7.140250000000002e-06,1.0985000000000002e-05,2.2752036252422864e-07,1.0985000000000002e-05,1.69e-05,1.69e-05,2.6000000000000005e-05,2.6000000000000005e-05,4e-05,4e-05,4e-05,4e-05,3.500313269603517e-07,3.500313269603517e-07,5.385097337851565e-07,5.385097337851565e-07,8.284765135156254e-07,8.284765135156254e-07,1.2745792515625007e-06,701,
,,,1,,,,,,,,,,,,,,,,,,,,,,,,,,,,,709,0.341187447309494
,,,1,,,,,,,,,,,,,,,,,,,,,,,,,,,,,719,0.3500525653362274
,,,1,,,,,,,,,,,,,,,,,,,,,,,,,,,,,729,0.39315128326416016
,,,1,,,,,,,,,,,,,,,,,,,,,,,,,,,,,739,0.9385358691215515
,,,1,,,,,,,,,,,,,,,,,,,,,,,,,,,,,749,0.17940889298915863
,,,1,,,,,,,,,,,,,,,,,,,,,,,,,,,,,759,0.2700476050376892
,,,1,,,,,,,,,,,,,,,,,,,,,,,,,,,,,769,0.5467194318771362
,,,1,,,,,,,,,,,,,,,,,,,,,,,,,,,,,779,0.10667604207992554
,,,1,,,,,,,,,,,,,,,,,,,,,,,,,,,,,789,0.9084323048591614
,,,1,,,,,,,,,,,,,,,,,,,,,,,,,,,,,799,0.08758430927991867
,,,1,,,,,,,,,,,,,,,,,,,,,,,,,,,,,809,0.14435207843780518
,,,1,,,,,,,,,,,,,,,,,,,,,,,,,,,,,819,0.4905857443809509
,,,1,,,,,,,,,,,,,,,,,,,,,,,,,,,,,829,0.24903535842895508
,,,1,,,,,,,,,,,,,,,,,,,,,,,,,,,,,839,0.1863863319158554
,,,1,,,,,,,,,,,,,,,,,,,,,,,,,,,,,849,0.43007510900497437
,,,1,,,,,,,,,,,,,,,,,,,,,,,,,,,,,859,0.0929919108748436
,,,1,,,,,,,,,,,,,,,,,,,,,,,,,,,,,869,0.7464472651481628
,,,1,,,,,,,,,,,,,,,,,,,,,,,,,,,,,879,0.7578149437904358
,,,1,,,,,,,,,,,,,,,,,,,,,,,,,,,,,889,1.658917784690857
,,,1,,,,,,,,,,,,,,,,,,,,,,,,,,,,,899,0.2523552477359772
,,,1,,,,,,,,,,,,,,,,,,,,,,,,,,,,,909,0.4050736427307129
,,,1,,,,,,,,,,,,,,,,,,,,,,,,,,,,,919,0.15696556866168976
,,,1,,,,,,,,,,,,,,,,,,,,,,,,,,,,,929,0.08959182351827621
,,,1,,,,,,,,,,,,,,,,,,,,,,,,,,,,,939,0.5333220958709717
,,,1,,,,,,,,,,,,,,,,,,,,,,,,,,,,,949,0.4408040940761566
,,,1,,,,,,,,,,,,,,,,,,,,,,,,,,,,,959,0.19778768718242645
,,,1,,,,,,,,,,,,,,,,,,,,,,,,,,,,,969,0.1527569591999054
,,,1,,,,,,,,,,,,,,,,,,,,,,,,,,,,,979,0.4776948392391205
,,,1,,,,,,,,,,,,,,,,,,,,,,,,,,,,,989,1.555125117301941
,,,1,,,,,,,,,,,,,,,,,,,,,,,,,,,,,999,0.16490688920021057
,,,1,,,,,,,,,,,,,,,,,,,,,,,,,,,,,1009,0.28337740898132324
,,,1,,,,,,,,,,,,,,,,,,,,,,,,,,,,,1019,0.48717302083969116
,,,1,,,,,,,,,,,,,,,,,,,,,,,,,,,,,1029,0.29227206110954285
,,,1,,,,,,,,,,,,,,,,,,,,,,,,,,,,,1039,0.07465402036905289
,,,1,,,,,,,,,,,,,,,,,,,,,,,,,,,,,1049,0.1270989328622818
,,,1,,,,,,,,,,,,,,,,,,,,,,,,,,,,,1059,0.6281510591506958
,,,1,,,,,,,,,,,,,,,,,,,,,,,,,,,,,1069,0.1533389836549759
,,,1,,,,,,,,,,,,,,,,,,,,,,,,,,,,,1079,0.2666761875152588
,,,1,,,,,,,,,,,,,,,,,,,,,,,,,,,,,1089,0.041393425315618515
,,,1,,,,,,,,,,,,,,,,,,,,,,,,,,,,,1099,0.29285913705825806
,,,1,,,,,,,,,,,,,,,,,,,,,,,,,,,,,1109,0.5407089591026306
,,,1,,,,,,,,,,,,,,,,,,,,,,,,,,,,,1119,0.6126914620399475
,,,1,,,,,,,,,,,,,,,,,,,,,,,,,,,,,1129,0.26730790734291077
,,,1,,,,,,,,,,,,,,,,,,,,,,,,,,,,,1139,0.10054980963468552
,,,1,,,,,,,,,,,,,,,,,,,,,,,,,,,,,1149,0.583317756652832
,,,1,,,,,,,,,,,,,,,,,,,,,,,,,,,,,1159,0.12788459658622742
,,,1,,,,,,,,,,,,,,,,,,,,,,,,,,,,,1169,0.0962027758359909
,,,1,,,,,,,,,,,,,,,,,,,,,,,,,,,,,1179,0.420360267162323
,,,1,,,,,,,,,,,,,,,,,,,,,,,,,,,,,1189,0.11781345307826996
,,,1,,,,,,,,,,,,,,,,,,,,,,,,,,,,,1199,0.14866606891155243
,,,1,,,,,,,,,,,,,,,,,,,,,,,,,,,,,1209,0.12881922721862793
,,,1,,,,,,,,,,,,,,,,,,,,,,,,,,,,,1219,0.06127353012561798
,,,1,,,,,,,,,,,,,,,,,,,,,,,,,,,,,1229,0.8922898769378662
,,,1,,,,,,,,,,,,,,,,,,,,,,,,,,,,,1239,0.7106884121894836
,,,1,,,,,,,,,,,,,,,,,,,,,,,,,,,,,1249,0.4806646406650543
,,,1,,,,,,,,,,,,,,,,,,,,,,,,,,,,,1259,0.0656229704618454
,,,1,,,,,,,,,,,,,,,,,,,,,,,,,,,,,1269,0.07136701792478561
,,,1,,,,,,,,,,,,,,,,,,,,,,,,,,,,,1279,0.23133423924446106
,,,1,,,,,,,,,,,,,,,,,,,,,,,,,,,,,1289,0.18565069139003754
,,,1,,,,,,,,,,,,,,,,,,,,,,,,,,,,,1299,0.0573834590613842
,,,1,,,,,,,,,,,,,,,,,,,,,,,,,,,,,1309,0.39253419637680054
,,,1,,,,,,,,,,,,,,,,,,,,,,,,,,,,,1319,0.13781298696994781
,,,1,,,,,,,,,,,,,,,,,,,,,,,,,,,,,1329,0.3157215714454651
,,,1,,,,,,,,,,,,,,,,,,,,,,,,,,,,,1339,0.09212055057287216
,,,1,,,,,,,,,,,,,,,,,,,,,,,,,,,,,1349,0.30838271975517273
,,,1,,,,,,,,,,,,,,,,,,,,,,,,,,,,,1359,0.083587646484375
,,,1,,,,,,,,,,,,,,,,,,,,,,,,,,,,,1369,0.17826946079730988
,,,1,,,,,,,,,,,,,,,,,,,,,,,,,,,,,1379,0.11003594845533371
,,,1,,,,,,,,,,,,,,,,,,,,,,,,,,,,,1389,0.10271840542554855
,,,1,,,,,,,,,,,,,,,,,,,,,,,,,,,,,1399,0.2163800448179245
,,,,3.4128054378634294e-07,1.911868877343751e-06,2.9413367343750007e-06,2.9413367343750007e-06,4.525133437500001e-06,4.525133437500001e-06,6.961743750000001e-06,6.961743750000001e-06,1.0710375000000002e-05,1.0710375000000002e-05,1.6477500000000003e-05,3.4128054378634294e-07,1.6477500000000003e-05,2.5350000000000003e-05,2.5350000000000003e-05,3.9000000000000006e-05,3.9000000000000006e-05,6e-05,6e-05,6e-05,6e-05,5.250469904405275e-07,5.250469904405275e-07,8.077646006777347e-07,8.077646006777347e-07,1.2427147702734379e-06,1.2427147702734379e-06,1.911868877343751e-06,1402,
,,,2,,,,,,,,,,,,,,,,,,,,,,,,,,,,,1409,0.02368941716849804
,,,2,,,,,,,,,,,,,,,,,,,,,,,,,,,,,1419,0.3289248049259186
,,,2,,,,,,,,,,,,,,,,,,,,,,,,,,,,,1429,0.3722211718559265
,,,2,,,,,,,,,,,,,,,,,,,,,,,,,,,,,1439,0.14955776929855347
,,,2,,,,,,,,,,,,,,,,,,,,,,,,,,,,,1449,0.07751569151878357
,,,2,,,,,,,,,,,,,,,,,,,,,,,,,,,,,1459,0.07559092342853546
,,,2,,,,,,,,,,,,,,,,,,,,,,,,,,,,,1469,0.0708053782582283
,,,2,,,,,,,,,,,,,,,,,,,,,,,,,,,,,1479,0.3220893442630768
,,,2,,,,,,,,,,,,,,,,,,,,,,,,,,,,,1489,0.03695220872759819
,,,2,,,,,,,,,,,,,,,,,,,,,,,,,,,,,1499,0.3575502038002014
,,,2,,,,,,,,,,,,,,,,,,,,,,,,,,,,,1509,0.8510963916778564
,,,2,,,,,,,,,,,,,,,,,,,,,,,,,,,,,1519,0.2107580304145813
,,,2,,,,,,,,,,,,,,,,,,,,,,,,,,,,,1529,0.1515897512435913
,,,2,,,,,,,,,,,,,,,,,,,,,,,,,,,,,1539,0.03991839662194252
,,,2,,,,,,,,,,,,,,,,,,,,,,,,,,,,,1549,0.5978376865386963
,,,2,,,,,,,,,,,,,,,,,,,,,,,,,,,,,1559,0.057984013110399246
,,,2,,,,,,,,,,,,,,,,,,,,,,,,,,,,,1569,0.4548993408679962
,,,2,,,,,,,,,,,,,,,,,,,,,,,,,,,,,1579,0.030544741079211235
,,,2,,,,,,,,,,,,,,,,,,,,,,,,,,,,,1589,0.02410508133471012
,,,2,,,,,,,,,,,,,,,,,,,,,,,,,,,,,1599,0.16276422142982483
,,,2,,,,,,,,,,,,,,,,,,,,,,,,,,,,,1609,0.14628739655017853
,,,2,,,,,,,,,,,,,,,,,,,,,,,,,,,,,1619,0.09906000643968582
,,,2,,,,,,,,,,,,,,,,,,,,,,,,,,,,,1629,0.14792217314243317
,,,2,,,,,,,,,,,,,,,,,,,,,,,,,,,,,1639,0.6445809602737427
,,,2,,,,,,,,,,,,,,,,,,,,,,,,,,,,,1649,0.5689584612846375
,,,2,,,,,,,,,,,,,,,,,,,,,,,,,,,,,1659,0.08562609553337097
,,,2,,,,,,,,,,,,,,,,,,,,,,,,,,,,,1669,0.11273355036973953
,,,2,,,,,,,,,,,,,,,,,,,,,,,,,,,,,1679,0.13977228105068207
,,,2,,,,,,,,,,,,,,,,,,,,,,,,,,,,,1689,0.12088154256343842
,,,2,,,,,,,,,,,,,,,,,,,,,,,,,,,,,1699,0.41826707124710083
,,,2,,,,,,,,,,,,,,,,,,,,,,,,,,,,,1709,0.1174609437584877
,,,2,,,,,,,,,,,,,,,,,,,,,,,,,,,,,1719,0.1016441211104393
,,,2,,,,,,,,,,,,,,,,,,,,,,,,,,,,,1729,0.10986755043268204
,,,2,,,,,,,,,,,,,,,,,,,,,,,,,,,,,1739,0.06209767982363701
,,,2,,,,,,,,,,,,,,,,,,,,,,,,,,,,,1749,0.4181397557258606
,,,2,,,,,,,,,,,,,,,,,,,,,,,,,,,,,1759,0.14868196845054626
,,,2,,,,,,,,,,,,,,,,,,,,,,,,,,,,,1769,1.3009551763534546
,,,2,,,,,,,,,,,,,,,,,,,,,,,,,,,,,1779,0.11076274514198303
,,,2,,,,,,,,,,,,,,,,,,,,,,,,,,,,,1789,0.11911863088607788
,,,2,,,,,,,,,,,,,,,,,,,,,,,,,,,,,1799,0.16622503101825714
,,,2,,,,,,,,,,,,,,,,,,,,,,,,,,,,,1809,1.2970622777938843
,,,2,,,,,,,,,,,,,,,,,,,,,,,,,,,,,1819,0.4571250379085541
,,,2,,,,,,,,,,,,,,,,,,,,,,,,,,,,,1829,0.0640861913561821
,,,2,,,,,,,,,,,,,,,,,,,,,,,,,,,,,1839,0.7693828344345093
,,,2,,,,,,,,,,,,,,,,,,,,,,,,,,,,,1849,0.25486162304878235
,,,2,,,,,,,,,,,,,,,,,,,,,,,,,,,,,1859,0.608049213886261
,,,2,,,,,,,,,,,,,,,,,,,,,,,,,,,,,1869,0.1445455402135849
,,,2,,,,,,,,,,,,,,,,,,,,,,,,,,,,,1879,0.022166913375258446
,,,2,,,,,,,,,,,,,,,,,,,,,,,,,,,,,1889,0.39026686549186707
,,,2,,,,,,,,,,,,,,,,,,,,,,,,,,,,,1899,0.09810668230056763
,,,2,,,,,,,,,,,,,,,,,,,,,,,,,,,,,1909,0.14917273819446564
,,,2,,,,,,,,,,,,,,,,,,,,,,,,,,,,,1919,0.04477860778570175
,,,2,,,,,,,,,,,,,,,,,,,,,,,,,,,,,1929,0.6337263584136963
,,,2,,,,,,,,,,,,,,,,,,,,,,,,,,,,,1939,0.23958449065685272
,,,2,,,,,,,,,,,,,,,,,,,,,,,,,,,,,1949,0.03587036952376366
,,,2,,,,,,,,,,,,,,,,,,,,,,,,,,,,,1959,0.011961362324655056
,,,2,,,,,,,,,,,,,,,,,,,,,,,,,,,,,1969,0.08709298819303513
,,,2,,,,,,,,,,,,,,,,,,,,,,,,,,,,,1979,0.77967768907547
,,,2,,,,,,,,,,,,,,,,,,,,,,,,,,,,,1989,0.32017841935157776
,,,2,,,,,,,,,,,,,,,,,,,,,,,,,,,,,1999,0.03555756434798241
,,,2,,,,,,,,,,,,,,,,,,,,,,,,,,,,,2009,0.16199088096618652
,,,2,,,,,,,,,,,,,,,,,,,,,,,,,,,,,2019,0.1920836716890335
,,,2,,,,,,,,,,,,,,,,,,,,,,,,,,,,,2029,0.04788091778755188
,,,2,,,,,,,,,,,,,,,,,,,,,,,,,,,,,2039,0.3748835027217865
,,,2,,,,,,,,,,,,,,,,,,,,,,,,,,,,,2049,0.11837919801473618
,,,2,,,,,,,,,,,,,,,,,,,,,,,,,,,,,2059,0.07264290750026703
,,,2,,,,,,,,,,,,,,,,,,,,,,,,,,,,,2069,0.034927502274513245
,,,2,,,,,,,,,,,,,,,,,,,,,,,,,,,,,2079,0.48979029059410095
,,,2,,,,,,,,,,,,,,,,,,,,,,,,,,,,,2089,0.046306561678647995
,,,2,,,,,,,,,,,,,,,,,,,,,,,,,,,,,2099,0.056383781135082245
,,,,4.550407250484573e-07,2.5491585031250013e-06,3.9217823125000015e-06,3.9217823125000015e-06,6.0335112500000015e-06,6.0335112500000015e-06,9.282325000000003e-06,9.282325000000003e-06,1.4280500000000003e-05,1.4280500000000003e-05,2.1970000000000005e-05,4.550407250484573e-07,2.1970000000000005e-05,3.38e-05,3.38e-05,5.200000000000001e-05,5.200000000000001e-05,8e-05,8e-05,8e-05,8e-05,7.000626539207035e-07,7.000626539207035e-07,1.077019467570313e-06,1.077019467570313e-06,1.6569530270312508e-06,1.6569530270312508e-06,2.5491585031250013e-06,2103,
,,,3,,,,,,,,,,,,,,,,,,,,,,,,,,,,,2109,0.15977701544761658
,,,3,,,,,,,,,,,,,,,,,,,,,,,,,,,,,2119,0.12134930491447449
,,,3,,,,,,,,,,,,,,,,,,,,,,,,,,,,,2129,0.22907011210918427
,,,3,,,,,,,,,,,,,,,,,,,,,,,,,,,,,2139,0.615702211856842
,,,3,,,,,,,,,,,,,,,,,,,,,,,,,,,,,2149,0.17965421080589294
,,,3,,,,,,,,,,,,,,,,,,,,,,,,,,,,,2159,0.2086714804172516
,,,3,,,,,,,,,,,,,,,,,,,,,,,,,,,,,2169,0.7756611704826355
,,,3,,,,,,,,,,,,,,,,,,,,,,,,,,,,,2179,0.24663394689559937
,,,3,,,,,,,,,,,,,,,,,,,,,,,,,,,,,2189,0.010095077566802502
,,,3,,,,,,,,,,,,,,,,,,,,,,,,,,,,,2199,0.2996855080127716
,,,3,,,,,,,,,,,,,,,,,,,,,,,,,,,,,2209,0.08685621619224548
,,,3,,,,,,,,,,,,,,,,,,,,,,,,,,,,,2219,0.04705239087343216
,,,3,,,,,,,,,,,,,,,,,,,,,,,,,,,,,2229,0.07913769781589508
,,,3,,,,,,,,,,,,,,,,,,,,,,,,,,,,,2239,0.42269816994667053
,,,3,,,,,,,,,,,,,,,,,,,,,,,,,,,,,2249,0.015377461910247803
,,,3,,,,,,,,,,,,,,,,,,,,,,,,,,,,,2259,0.6477513313293457
,,,3,,,,,,,,,,,,,,,,,,,,,,,,,,,,,2269,0.12935727834701538
,,,3,,,,,,,,,,,,,,,,,,,,,,,,,,,,,2279,0.03968500345945358
,,,3,,,,,,,,,,,,,,,,,,,,,,,,,,,,,2289,0.2875182032585144
,,,3,,,,,,,,,,,,,,,,,,,,,,,,,,,,,2299,0.19024847447872162
,,,3,,,,,,,,,,,,,,,,,,,,,,,,,,,,,2309,0.1577077955007553
,,,3,,,,,,,,,,,,,,,,,,,,,,,,,,,,,2319,0.017946327105164528
,,,3,,,,,,,,,,,,,,,,,,,,,,,,,,,,,2329,0.25880905985832214
,,,3,,,,,,,,,,,,,,,,,,,,,,,,,,,,,2339,0.6133372783660889
,,,3,,,,,,,,,,,,,,,,,,,,,,,,,,,,,2349,0.48483726382255554
,,,3,,,,,,,,,,,,,,,,,,,,,,,,,,,,,2359,0.5521180629730225
,,,3,,,,,,,,,,,,,,,,,,,,,,,,,,,,,2369,0.2521503269672394
,,,3,,,,,,,,,,,,,,,,,,,,,,,,,,,,,2379,0.64581698179245
,,,3,,,,,,,,,,,,,,,,,,,,,,,,,,,,,2389,0.13544416427612305
,,,3,,,,,,,,,,,,,,,,,,,,,,,,,,,,,2399,0.039715491235256195
,,,3,,,,,,,,,,,,,,,,,,,,,,,,,,,,,2409,0.055431801825761795
,,,3,,,,,,,,,,,,,,,,,,,,,,,,,,,,,2419,0.0261808130890131
,,,3,,,,,,,,,,,,,,,,,,,,,,,,,,,,,2429,0.0967513844370842
,,,3,,,,,,,,,,,,,,,,,,,,,,,,,,,,,2439,0.11118526011705399
,,,3,,,,,,,,,,,,,,,,,,,,,,,,,,,,,2449,0.06708626449108124
,,,3,,,,,,,,,,,,,,,,,,,,,,,,,,,,,2459,0.026944054290652275
,,,3,,,,,,,,,,,,,,,,,,,,,,,,,,,,,2469,0.0315541997551918
,,,3,,,,,,,,,,,,,,,,,,,,,,,,,,,,,2479,0.1681329309940338
,,,3,,,,,,,,,,,,,,,,,,,,,,,,,,,,,2489,0.13893087208271027
,,,3,,,,,,,,,,,,,,,,,,,,,,,,,,,,,2499,0.2970089614391327
,,,3,,,,,,,,,,,,,,,,,,,,,,,,,,,,,2509,0.013671151362359524
,,,3,,,,,,,,,,,,,,,,,,,,,,,,,,,,,2519,0.1070246621966362
,,,3,,,,,,,,,,,,,,,,,,,,,,,,,,,,,2529,0.05043186992406845
,,,3,,,,,,,,,,,,,,,,,,,,,,,,,,,,,2539,0.007983268238604069
,,,3,,,,,,,,,,,,,,,,,,,,,,,,,,,,,2549,0.3389456868171692
,,,3,,,,,,,,,,,,,,,,,,,,,,,,,,,,,2559,0.06354310363531113
,,,3,,,,,,,,,,,,,,,,,,,,,,,,,,,,,2569,0.1554327756166458
,,,3,,,,,,,,,,,,,,,,,,,,,,,,,,,,,2579,0.7164785861968994
,,,3,,,,,,,,,,,,,,,,,,,,,,,,,,,,,2589,0.06936090439558029
,,,3,,,,,,,,,,,,,,,,,,,,,,,,,,,,,2599,0.17994047701358795
,,,3,,,,,,,,,,,,,,,,,,,,,,,,,,,,,2609,0.3622920513153076
,,,3,,,,,,,,,,,,,,,,,,,,,,,,,,,,,2619,0.043577130883932114
,,,3,,,,,,,,,,,,,,,,,,,,,,,,,,,,,2629,0.2578887641429901
,,,3,,,,,,,,,,,,,,,,,,,,,,,,,,,,,2639,0.429711252450943
,,,3,,,,,,,,,,,,,,,,,,,,,,,,,,,,,2649,0.06959826499223709
,,,3,,,,,,,,,,,,,,,,,,,,,,,,,,,,,2659,0.10323034971952438
,,,3,,,,,,,,,,,,,,,,,,,,,,,,,,,,,2669,0.032500769942998886
,,,3,,,,,,,,,,,,,,,,,,,,,,,,,,,,,2679,0.021467607468366623
,,,3,,,,,,,,,,,,,,,,,,,,,,,,,,,,,2689,0.22537297010421753
,,,3,,,,,,,,,,,,,,,,,,,,,,,,,,,,,2699,0.07903806120157242
,,,3,,,,,,,,,,,,,,,,,,,,,,,,,,,,,2709,0.10185324400663376
,,,3,,,,,,,,,,,,,,,,,,,,,,,,,,,,,2719,0.02986334264278412
,,,3,,,,,,,,,,,,,,,,,,,,,,,,,,,,,2729,0.2215997725725174
,,,3,,,,,,,,,,,,,,,,,,,,,,,,,,,,,2739,0.6714056134223938
,,,3,,,,,,,,,,,,,,,,,,,,,,,,,,,,,2749,0.14828409254550934
,,,3,,,,,,,,,,,,,,,,,,,,,,,,,,,,,2759,0.04545585438609123
,,,3,,,,,,,,,,,,,,,,,,,,,,,,,,,,,2769,0.11678946763277054
,,,3,,,,,,,,,,,,,,,,,,,,,,,,,,,,,2779,0.05640728399157524
,,,3,,,,,,,,,,,,,,,,,,,,,,,,,,,,,2789,0.6465819478034973
,,,3,,,,,,,,,,,,,,,,,,,,,,,,,,,,,2799,0.19218893349170685
,,,,5.688009063105716e-07,3.1864481289062513e-06,4.9022278906250015e-06,4.9022278906250015e-06,7.541889062500002e-06,7.541889062500002e-06,1.1602906250000002e-05,1.1602906250000002e-05,1.7850625000000003e-05,1.7850625000000003e-05,2.7462500000000003e-05,5.688009063105716e-07,2.7462500000000003e-05,4.2250000000000004e-05,4.2250000000000004e-05,6.500000000000001e-05,6.500000000000001e-05,0.0001,0.0001,0.0001,0.0001,8.750783174008792e-07,8.750783174008792e-07,1.3462743344628912e-06,1.3462743344628912e-06,2.0711912837890633e-06,2.0711912837890633e-06,3.1864481289062513e-06,2804,
,,,4,,,,,,,,,,,,,,,,,,,,,,,,,,,,,2809,0.03645610436797142
,,,4,,,,,,,,,,,,,,,,,,,,,,,,,,,,,2819,0.050313472747802734
,,,4,,,,,,,,,,,,,,,,,,,,,,,,,,,,,2829,0.0031308920588344336
,,,4,,,,,,,,,,,,,,,,,,,,,,,,,,,,,2839,1.099712610244751
,,,4,,,,,,,,,,,,,,,,,,,,,,,,,,,,,2849,0.05284230411052704
,,,4,,,,,,,,,,,,,,,,,,,,,,,,,,,,,2859,0.6460970640182495
,,,4,,,,,,,,,,,,,,,,,,,,,,,,,,,,,2869,0.017936164513230324
,,,4,,,,,,,,,,,,,,,,,,,,,,,,,,,,,2879,0.0815996304154396
,,,4,,,,,,,,,,,,,,,,,,,,,,,,,,,,,2889,0.1315026581287384
,,,4,,,,,,,,,,,,,,,,,,,,,,,,,,,,,2899,1.087250828742981
,,,4,,,,,,,,,,,,,,,,,,,,,,,,,,,,,2909,0.13810786604881287
,,,4,,,,,,,,,,,,,,,,,,,,,,,,,,,,,2919,0.01999817043542862
,,,4,,,,,,,,,,,,,,,,,,,,,,,,,,,,,2929,0.41379255056381226
,,,4,,,,,,,,,,,,,,,,,,,,,,,,,,,,,2939,0.04685601964592934
,,,4,,,,,,,,,,,,,,,,,,,,,,,,,,,,,2949,0.6885910630226135
,,,4,,,,,,,,,,,,,,,,,,,,,,,,,,,,,2959,0.4638347029685974
,,,4,,,,,,,,,,,,,,,,,,,,,,,,,,,,,2969,0.22272050380706787
,,,4,,,,,,,,,,,,,,,,,,,,,,,,,,,,,2979,0.13773949444293976
,,,4,,,,,,,,,,,,,,,,,,,,,,,,,,,,,2989,0.1059744730591774
,,,4,,,,,,,,,,,,,,,,,,,,,,,,,,,,,2999,0.02283315919339657
,,,4,,,,,,,,,,,,,,,,,,,,,,,,,,,,,3009,0.13426439464092255
,,,4,,,,,,,,,,,,,,,,,,,,,,,,,,,,,3019,0.06984280794858932
,,,4,,,,,,,,,,,,,,,,,,,,,,,,,,,,,3029,0.39378631114959717
,,,4,,,,,,,,,,,,,,,,,,,,,,,,,,,,,3039,0.1621328741312027
,,,4,,,,,,,,,,,,,,,,,,,,,,,,,,,,,3049,0.5076357126235962
,,,4,,,,,,,,,,,,,,,,,,,,,,,,,,,,,3059,0.05412524566054344
,,,4,,,,,,,,,,,,,,,,,,,,,,,,,,,,,3069,0.1660904586315155
,,,4,,,,,,,,,,,,,,,,,,,,,,,,,,,,,3079,0.022809254005551338
,,,4,,,,,,,,,,,,,,,,,,,,,,,,,,,,,3089,0.18500280380249023
,,,4,,,,,,,,,,,,,,,,,,,,,,,,,,,,,3099,0.3513123691082001
,,,4,,,,,,,,,,,,,,,,,,,,,,,,,,,,,3109,0.131859689950943
,,,4,,,,,,,,,,,,,,,,,,,,,,,,,,,,,3119,0.3404107987880707
,,,4,,,,,,,,,,,,,,,,,,,,,,,,,,,,,3129,0.1469368189573288
,,,4,,,,,,,,,,,,,,,,,,,,,,,,,,,,,3139,0.1434250771999359
,,,4,,,,,,,,,,,,,,,,,,,,,,,,,,,,,3149,0.5869362354278564
,,,4,,,,,,,,,,,,,,,,,,,,,,,,,,,,,3159,0.27424415946006775
,,,4,,,,,,,,,,,,,,,,,,,,,,,,,,,,,3169,0.21716530621051788
,,,4,,,,,,,,,,,,,,,,,,,,,,,,,,,,,3179,0.15289306640625
,,,4,,,,,,,,,,,,,,,,,,,,,,,,,,,,,3189,0.3490511178970337
,,,4,,,,,,,,,,,,,,,,,,,,,,,,,,,,,3199,0.050126731395721436
,,,4,,,,,,,,,,,,,,,,,,,,,,,,,,,,,3209,0.02423979341983795
,,,4,,,,,,,,,,,,,,,,,,,,,,,,,,,,,3219,0.1337546855211258
,,,4,,,,,,,,,,,,,,,,,,,,,,,,,,,,,3229,0.00712140928953886
,,,4,,,,,,,,,,,,,,,,,,,,,,,,,,,,,3239,0.578080952167511
,,,4,,,,,,,,,,,,,,,,,,,,,,,,,,,,,3249,0.11940654367208481
,,,4,,,,,,,,,,,,,,,,,,,,,,,,,,,,,3259,0.04456617683172226
,,,4,,,,,,,,,,,,,,,,,,,,,,,,,,,,,3269,0.20812813937664032
,,,4,,,,,,,,,,,,,,,,,,,,,,,,,,,,,3279,0.06595392525196075
,,,4,,,,,,,,,,,,,,,,,,,,,,,,,,,,,3289,0.11591006815433502
,,,4,,,,,,,,,,,,,,,,,,,,,,,,,,,,,3299,0.31025177240371704
,,,4,,,,,,,,,,,,,,,,,,,,,,,,,,,,,3309,0.45030760765075684
,,,4,,,,,,,,,,,,,,,,,,,,,,,,,,,,,3319,0.10183151066303253
,,,4,,,,,,,,,,,,,,,,,,,,,,,,,,,,,3329,0.0400189571082592
,,,4,,,,,,,,,,,,,,,,,,,,,,,,,,,,,3339,0.10788300633430481
,,,4,,,,,,,,,,,,,,,,,,,,,,,,,,,,,3349,0.011635500006377697
,,,4,,,,,,,,,,,,,,,,,,,,,,,,,,,,,3359,0.08136744052171707
,,,4,,,,,,,,,,,,,,,,,,,,,,,,,,,,,3369,0.015615682117640972
,,,4,,,,,,,,,,,,,,,,,,,,,,,,,,,,,3379,0.4504116177558899
,,,4,,,,,,,,,,,,,,,,,,,,,,,,,,,,,3389,0.03990519046783447
,,,4,,,,,,,,,,,,,,,,,,,,,,,,,,,,,3399,0.031525712460279465
,,,4,,,,,,,,,,,,,,,,,,,,,,,,,,,,,3409,0.11515991389751434
,,,4,,,,,,,,,,,,,,,,,,,,,,,,,,,,,3419,0.10480166226625443
,,,4,,,,,,,,,,,,,,,,,,,,,,,,,,,,,3429,0.17602896690368652
,,,4,,,,,,,,,,,,,,,,,,,,,,,,,,,,,3439,0.5327962040901184
,,,4,,,,,,,,,,,,,,,,,,,,,,,,,,,,,3449,0.056511614471673965
,,,4,,,,,,,,,,,,,,,,,,,,,,,,,,,,,3459,0.029020508751273155
,,,4,,,,,,,,,,,,,,,,,,,,,,,,,,,,,3469,0.15861360728740692
,,,4,,,,,,,,,,,,,,,,,,,,,,,,,,,,,3479,0.12449454516172409
,,,4,,,,,,,,,,,,,,,,,,,,,,,,,,,,,3489,0.8888950347900391
,,,4,,,,,,,,,,,,,,,,,,,,,,,,,,,,,3499,0.11385743319988251
0.8190819025039673,0.7659932374954224,0.8800773620605469,4,,,,,,,,,,,,,,,,,,,,,,,,,,,,,3504,
,,,,5.688009063105716e-07,3.1864481289062513e-06,4.9022278906250015e-06,4.9022278906250015e-06,7.541889062500002e-06,7.541889062500002e-06,1.1602906250000002e-05,1.1602906250000002e-05,1.7850625000000003e-05,1.7850625000000003e-05,2.7462500000000003e-05,5.688009063105716e-07,2.7462500000000003e-05,4.2250000000000004e-05,4.2250000000000004e-05,6.500000000000001e-05,6.500000000000001e-05,0.0001,0.0001,0.0001,0.0001,8.750783174008792e-07,8.750783174008792e-07,1.3462743344628912e-06,1.3462743344628912e-06,2.0711912837890633e-06,2.0711912837890633e-06,3.1864481289062513e-06,3505,
,,,5,,,,,,,,,,,,,,,,,,,,,,,,,,,,,3509,0.470788836479187
,,,5,,,,,,,,,,,,,,,,,,,,,,,,,,,,,3519,0.05802590027451515
,,,5,,,,,,,,,,,,,,,,,,,,,,,,,,,,,3529,0.043665774166584015
,,,5,,,,,,,,,,,,,,,,,,,,,,,,,,,,,3539,0.35619524121284485
,,,5,,,,,,,,,,,,,,,,,,,,,,,,,,,,,3549,0.022419974207878113
,,,5,,,,,,,,,,,,,,,,,,,,,,,,,,,,,3559,0.01991153135895729
,,,5,,,,,,,,,,,,,,,,,,,,,,,,,,,,,3569,0.8064767122268677
,,,5,,,,,,,,,,,,,,,,,,,,,,,,,,,,,3579,0.2973880171775818
,,,5,,,,,,,,,,,,,,,,,,,,,,,,,,,,,3589,0.012060385197401047
,,,5,,,,,,,,,,,,,,,,,,,,,,,,,,,,,3599,0.031021423637866974
,,,5,,,,,,,,,,,,,,,,,,,,,,,,,,,,,3609,0.12865960597991943
,,,5,,,,,,,,,,,,,,,,,,,,,,,,,,,,,3619,2.9617128372192383
,,,5,,,,,,,,,,,,,,,,,,,,,,,,,,,,,3629,0.13638922572135925
,,,5,,,,,,,,,,,,,,,,,,,,,,,,,,,,,3639,0.7971594333648682
,,,5,,,,,,,,,,,,,,,,,,,,,,,,,,,,,3649,0.07332891970872879
,,,5,,,,,,,,,,,,,,,,,,,,,,,,,,,,,3659,0.023050744086503983
,,,5,,,,,,,,,,,,,,,,,,,,,,,,,,,,,3669,0.09090206772089005
,,,5,,,,,,,,,,,,,,,,,,,,,,,,,,,,,3679,0.4459850490093231
,,,5,,,,,,,,,,,,,,,,,,,,,,,,,,,,,3689,0.06974265724420547
,,,5,,,,,,,,,,,,,,,,,,,,,,,,,,,,,3699,0.026885654777288437
,,,5,,,,,,,,,,,,,,,,,,,,,,,,,,,,,3709,0.15154491364955902
,,,5,,,,,,,,,,,,,,,,,,,,,,,,,,,,,3719,0.06986550241708755
,,,5,,,,,,,,,,,,,,,,,,,,,,,,,,,,,3729,0.4558212161064148
,,,5,,,,,,,,,,,,,,,,,,,,,,,,,,,,,3739,0.09835544973611832
,,,5,,,,,,,,,,,,,,,,,,,,,,,,,,,,,3749,0.008485419675707817
,,,5,,,,,,,,,,,,,,,,,,,,,,,,,,,,,3759,0.08249367028474808
,,,5,,,,,,,,,,,,,,,,,,,,,,,,,,,,,3769,0.22470803558826447
,,,5,,,,,,,,,,,,,,,,,,,,,,,,,,,,,3779,0.2214319109916687
,,,5,,,,,,,,,,,,,,,,,,,,,,,,,,,,,3789,0.09361922740936279
,,,5,,,,,,,,,,,,,,,,,,,,,,,,,,,,,3799,0.07816527038812637
,,,5,,,,,,,,,,,,,,,,,,,,,,,,,,,,,3809,0.03385652229189873
,,,5,,,,,,,,,,,,,,,,,,,,,,,,,,,,,3819,0.05782177299261093
,,,5,,,,,,,,,,,,,,,,,,,,,,,,,,,,,3829,0.007570056710392237
,,,5,,,,,,,,,,,,,,,,,,,,,,,,,,,,,3839,0.1427503377199173
,,,5,,,,,,,,,,,,,,,,,,,,,,,,,,,,,3849,0.042503420263528824
,,,5,,,,,,,,,,,,,,,,,,,,,,,,,,,,,3859,0.5387631058692932
,,,5,,,,,,,,,,,,,,,,,,,,,,,,,,,,,3869,0.03662571310997009
,,,5,,,,,,,,,,,,,,,,,,,,,,,,,,,,,3879,0.02382010780274868
,,,5,,,,,,,,,,,,,,,,,,,,,,,,,,,,,3889,1.007461667060852
,,,5,,,,,,,,,,,,,,,,,,,,,,,,,,,,,3899,0.09239697456359863
,,,5,,,,,,,,,,,,,,,,,,,,,,,,,,,,,3909,0.3395686447620392
,,,5,,,,,,,,,,,,,,,,,,,,,,,,,,,,,3919,0.2652224898338318
,,,5,,,,,,,,,,,,,,,,,,,,,,,,,,,,,3929,0.07206785678863525
,,,5,,,,,,,,,,,,,,,,,,,,,,,,,,,,,3939,0.44801855087280273
,,,5,,,,,,,,,,,,,,,,,,,,,,,,,,,,,3949,0.04737728089094162
,,,5,,,,,,,,,,,,,,,,,,,,,,,,,,,,,3959,0.11309647560119629
,,,5,,,,,,,,,,,,,,,,,,,,,,,,,,,,,3969,1.4700127840042114
,,,5,,,,,,,,,,,,,,,,,,,,,,,,,,,,,3979,0.03063172660768032
,,,5,,,,,,,,,,,,,,,,,,,,,,,,,,,,,3989,0.12878014147281647
,,,5,,,,,,,,,,,,,,,,,,,,,,,,,,,,,3999,0.023543506860733032
,,,5,,,,,,,,,,,,,,,,,,,,,,,,,,,,,4009,0.4475419223308563
,,,5,,,,,,,,,,,,,,,,,,,,,,,,,,,,,4019,0.0633983239531517
,,,5,,,,,,,,,,,,,,,,,,,,,,,,,,,,,4029,0.42181795835494995
,,,5,,,,,,,,,,,,,,,,,,,,,,,,,,,,,4039,0.014673908241093159
,,,5,,,,,,,,,,,,,,,,,,,,,,,,,,,,,4049,0.046566080302000046
,,,5,,,,,,,,,,,,,,,,,,,,,,,,,,,,,4059,0.14149871468544006
,,,5,,,,,,,,,,,,,,,,,,,,,,,,,,,,,4069,0.8465180397033691
,,,5,,,,,,,,,,,,,,,,,,,,,,,,,,,,,4079,0.11918897926807404
,,,5,,,,,,,,,,,,,,,,,,,,,,,,,,,,,4089,0.07754546403884888
,,,5,,,,,,,,,,,,,,,,,,,,,,,,,,,,,4099,0.034989263862371445
,,,5,,,,,,,,,,,,,,,,,,,,,,,,,,,,,4109,0.04027249664068222
,,,5,,,,,,,,,,,,,,,,,,,,,,,,,,,,,4119,0.097321055829525
,,,5,,,,,,,,,,,,,,,,,,,,,,,,,,,,,4129,0.017952438443899155
,,,5,,,,,,,,,,,,,,,,,,,,,,,,,,,,,4139,0.05528123676776886
,,,5,,,,,,,,,,,,,,,,,,,,,,,,,,,,,4149,0.3444724678993225
,,,5,,,,,,,,,,,,,,,,,,,,,,,,,,,,,4159,0.17409341037273407
,,,5,,,,,,,,,,,,,,,,,,,,,,,,,,,,,4169,0.012823916971683502
,,,5,,,,,,,,,,,,,,,,,,,,,,,,,,,,,4179,0.008042089641094208
,,,5,,,,,,,,,,,,,,,,,,,,,,,,,,,,,4189,0.4744739234447479
,,,5,,,,,,,,,,,,,,,,,,,,,,,,,,,,,4199,0.20316235721111298
,,,,5.68108121100602e-07,3.182567115160405e-06,4.896257100246776e-06,4.896257100246776e-06,7.532703231148886e-06,7.532703231148886e-06,1.1588774201767516e-05,1.1588774201767516e-05,1.782888338733464e-05,1.782888338733464e-05,2.7429051365130215e-05,5.68108121100602e-07,2.7429051365130215e-05,4.219854056173879e-05,4.219854056173879e-05,6.492083163344429e-05,6.492083163344429e-05,9.987820251299122e-05,9.987820251299122e-05,9.987820251299122e-05,9.987820251299122e-05,8.740124940009261e-07,8.740124940009261e-07,1.344634606155271e-06,1.344634606155271e-06,2.068668624854263e-06,2.068668624854263e-06,3.182567115160405e-06,4206,
,,,6,,,,,,,,,,,,,,,,,,,,,,,,,,,,,4209,0.017929306253790855
,,,6,,,,,,,,,,,,,,,,,,,,,,,,,,,,,4219,0.04922028258442879
,,,6,,,,,,,,,,,,,,,,,,,,,,,,,,,,,4229,0.010937166400253773
,,,6,,,,,,,,,,,,,,,,,,,,,,,,,,,,,4239,0.003108648117631674
,,,6,,,,,,,,,,,,,,,,,,,,,,,,,,,,,4249,0.2852599024772644
,,,6,,,,,,,,,,,,,,,,,,,,,,,,,,,,,4259,0.024876855313777924
,,,6,,,,,,,,,,,,,,,,,,,,,,,,,,,,,4269,0.06020199507474899
,,,6,,,,,,,,,,,,,,,,,,,,,,,,,,,,,4279,0.05739084631204605
,,,6,,,,,,,,,,,,,,,,,,,,,,,,,,,,,4289,0.0348813496530056
,,,6,,,,,,,,,,,,,,,,,,,,,,,,,,,,,4299,0.011330189183354378
,,,6,,,,,,,,,,,,,,,,,,,,,,,,,,,,,4309,0.5570831894874573
,,,6,,,,,,,,,,,,,,,,,,,,,,,,,,,,,4319,0.1577669084072113
,,,6,,,,,,,,,,,,,,,,,,,,,,,,,,,,,4329,0.3120260238647461
,,,6,,,,,,,,,,,,,,,,,,,,,,,,,,,,,4339,0.02373073622584343
,,,6,,,,,,,,,,,,,,,,,,,,,,,,,,,,,4349,0.0036260357592254877
,,,6,,,,,,,,,,,,,,,,,,,,,,,,,,,,,4359,0.004554808139801025
,,,6,,,,,,,,,,,,,,,,,,,,,,,,,,,,,4369,0.05567362159490585
,,,6,,,,,,,,,,,,,,,,,,,,,,,,,,,,,4379,0.005781171377748251
,,,6,,,,,,,,,,,,,,,,,,,,,,,,,,,,,4389,0.30214786529541016
,,,6,,,,,,,,,,,,,,,,,,,,,,,,,,,,,4399,0.01570441946387291
,,,6,,,,,,,,,,,,,,,,,,,,,,,,,,,,,4409,0.012323678471148014
,,,6,,,,,,,,,,,,,,,,,,,,,,,,,,,,,4419,0.00487116165459156
,,,6,,,,,,,,,,,,,,,,,,,,,,,,,,,,,4429,0.15780198574066162
,,,6,,,,,,,,,,,,,,,,,,,,,,,,,,,,,4439,0.5861148238182068
,,,6,,,,,,,,,,,,,,,,,,,,,,,,,,,,,4449,0.02449488639831543
,,,6,,,,,,,,,,,,,,,,,,,,,,,,,,,,,4459,0.02328958734869957
,,,6,,,,,,,,,,,,,,,,,,,,,,,,,,,,,4469,0.09446752816438675
,,,6,,,,,,,,,,,,,,,,,,,,,,,,,,,,,4479,0.015658898279070854
,,,6,,,,,,,,,,,,,,,,,,,,,,,,,,,,,4489,0.007283666171133518
,,,6,,,,,,,,,,,,,,,,,,,,,,,,,,,,,4499,0.07517195492982864
,,,6,,,,,,,,,,,,,,,,,,,,,,,,,,,,,4509,0.2392246276140213
,,,6,,,,,,,,,,,,,,,,,,,,,,,,,,,,,4519,0.05909503996372223
,,,6,,,,,,,,,,,,,,,,,,,,,,,,,,,,,4529,0.02285325713455677
,,,6,,,,,,,,,,,,,,,,,,,,,,,,,,,,,4539,0.009881887584924698
,,,6,,,,,,,,,,,,,,,,,,,,,,,,,,,,,4549,0.010645994916558266
,,,6,,,,,,,,,,,,,,,,,,,,,,,,,,,,,4559,0.10702808201313019
,,,6,,,,,,,,,,,,,,,,,,,,,,,,,,,,,4569,0.32386475801467896
,,,6,,,,,,,,,,,,,,,,,,,,,,,,,,,,,4579,0.7249180674552917
,,,6,,,,,,,,,,,,,,,,,,,,,,,,,,,,,4589,0.36291536688804626
,,,6,,,,,,,,,,,,,,,,,,,,,,,,,,,,,4599,1.0950642824172974
,,,6,,,,,,,,,,,,,,,,,,,,,,,,,,,,,4609,0.006116674281656742
,,,6,,,,,,,,,,,,,,,,,,,,,,,,,,,,,4619,0.9425544738769531
,,,6,,,,,,,,,,,,,,,,,,,,,,,,,,,,,4629,0.03333524987101555
,,,6,,,,,,,,,,,,,,,,,,,,,,,,,,,,,4639,0.3291931748390198
,,,6,,,,,,,,,,,,,,,,,,,,,,,,,,,,,4649,0.06131204217672348
,,,6,,,,,,,,,,,,,,,,,,,,,,,,,,,,,4659,0.014174875803291798
,,,6,,,,,,,,,,,,,,,,,,,,,,,,,,,,,4669,0.17586451768875122
,,,6,,,,,,,,,,,,,,,,,,,,,,,,,,,,,4679,0.23616203665733337
,,,6,,,,,,,,,,,,,,,,,,,,,,,,,,,,,4689,0.05423020198941231
,,,6,,,,,,,,,,,,,,,,,,,,,,,,,,,,,4699,0.03569541126489639
,,,6,,,,,,,,,,,,,,,,,,,,,,,,,,,,,4709,0.01666167750954628
,,,6,,,,,,,,,,,,,,,,,,,,,,,,,,,,,4719,0.013303740881383419
,,,6,,,,,,,,,,,,,,,,,,,,,,,,,,,,,4729,0.06011446565389633
,,,6,,,,,,,,,,,,,,,,,,,,,,,,,,,,,4739,0.011196683160960674
,,,6,,,,,,,,,,,,,,,,,,,,,,,,,,,,,4749,0.07475459575653076
,,,6,,,,,,,,,,,,,,,,,,,,,,,,,,,,,4759,0.007511740550398827
,,,6,,,,,,,,,,,,,,,,,,,,,,,,,,,,,4769,0.01191822811961174
,,,6,,,,,,,,,,,,,,,,,,,,,,,,,,,,,4779,0.050451088696718216
,,,6,,,,,,,,,,,,,,,,,,,,,,,,,,,,,4789,0.29796162247657776
,,,6,,,,,,,,,,,,,,,,,,,,,,,,,,,,,4799,0.1043257862329483
,,,6,,,,,,,,,,,,,,,,,,,,,,,,,,,,,4809,1.570009708404541
,,,6,,,,,,,,,,,,,,,,,,,,,,,,,,,,,4819,0.0381636880338192
,,,6,,,,,,,,,,,,,,,,,,,,,,,,,,,,,4829,0.055875182151794434
,,,6,,,,,,,,,,,,,,,,,,,,,,,,,,,,,4839,0.0764896497130394
,,,6,,,,,,,,,,,,,,,,,,,,,,,,,,,,,4849,0.528883159160614
,,,6,,,,,,,,,,,,,,,,,,,,,,,,,,,,,4859,0.4239700138568878
,,,6,,,,,,,,,,,,,,,,,,,,,,,,,,,,,4869,0.2850456237792969
,,,6,,,,,,,,,,,,,,,,,,,,,,,,,,,,,4879,0.019564799964427948
,,,6,,,,,,,,,,,,,,,,,,,,,,,,,,,,,4889,0.01901433989405632
,,,6,,,,,,,,,,,,,,,,,,,,,,,,,,,,,4899,0.030540401116013527
,,,,5.660331406505981e-07,3.1709429818317177e-06,4.878373818202642e-06,4.878373818202642e-06,7.505190489542526e-06,7.505190489542526e-06,1.15464469069885e-05,1.15464469069885e-05,1.7763764472290002e-05,1.7763764472290002e-05,2.732886841890769e-05,5.660331406505981e-07,2.732886841890769e-05,4.204441295216568e-05,4.204441295216568e-05,6.468371223410105e-05,6.468371223410105e-05,9.951340343707852e-05,9.951340343707852e-05,9.951340343707852e-05,9.951340343707852e-05,8.708202163855354e-07,8.708202163855354e-07,1.3397234098239006e-06,1.3397234098239006e-06,2.0611129381906165e-06,2.0611129381906165e-06,3.1709429818317177e-06,4907,
,,,7,,,,,,,,,,,,,,,,,,,,,,,,,,,,,4909,0.0067356727086007595
,,,7,,,,,,,,,,,,,,,,,,,,,,,,,,,,,4919,0.023750487715005875
,,,7,,,,,,,,,,,,,,,,,,,,,,,,,,,,,4929,0.04001225531101227
,,,7,,,,,,,,,,,,,,,,,,,,,,,,,,,,,4939,0.032848697155714035
,,,7,,,,,,,,,,,,,,,,,,,,,,,,,,,,,4949,0.002734944224357605
,,,7,,,,,,,,,,,,,,,,,,,,,,,,,,,,,4959,0.03356316685676575
,,,7,,,,,,,,,,,,,,,,,,,,,,,,,,,,,4969,0.36009714007377625
,,,7,,,,,,,,,,,,,,,,,,,,,,,,,,,,,4979,0.8685582876205444
,,,7,,,,,,,,,,,,,,,,,,,,,,,,,,,,,4989,0.04455190896987915
,,,7,,,,,,,,,,,,,,,,,,,,,,,,,,,,,4999,0.09254948049783707
,,,7,,,,,,,,,,,,,,,,,,,,,,,,,,,,,5009,0.021840328350663185
,,,7,,,,,,,,,,,,,,,,,,,,,,,,,,,,,5019,0.7024152278900146
,,,7,,,,,,,,,,,,,,,,,,,,,,,,,,,,,5029,0.021327706053853035
,,,7,,,,,,,,,,,,,,,,,,,,,,,,,,,,,5039,0.03163694217801094
,,,7,,,,,,,,,,,,,,,,,,,,,,,,,,,,,5049,0.004775487817823887
,,,7,,,,,,,,,,,,,,,,,,,,,,,,,,,,,5059,0.042082540690898895
,,,7,,,,,,,,,,,,,,,,,,,,,,,,,,,,,5069,0.16305173933506012
,,,7,,,,,,,,,,,,,,,,,,,,,,,,,,,,,5079,0.011877764947712421
,,,7,,,,,,,,,,,,,,,,,,,,,,,,,,,,,5089,0.028760507702827454
,,,7,,,,,,,,,,,,,,,,,,,,,,,,,,,,,5099,0.03355977684259415
,,,7,,,,,,,,,,,,,,,,,,,,,,,,,,,,,5109,0.14250358939170837
,,,7,,,,,,,,,,,,,,,,,,,,,,,,,,,,,5119,0.12161910533905029
,,,7,,,,,,,,,,,,,,,,,,,,,,,,,,,,,5129,0.018121762201189995
,,,7,,,,,,,,,,,,,,,,,,,,,,,,,,,,,5139,0.2164396047592163
,,,7,,,,,,,,,,,,,,,,,,,,,,,,,,,,,5149,0.008123482577502728
,,,7,,,,,,,,,,,,,,,,,,,,,,,,,,,,,5159,0.18776635825634003
,,,7,,,,,,,,,,,,,,,,,,,,,,,,,,,,,5169,0.04492201656103134
,,,7,,,,,,,,,,,,,,,,,,,,,,,,,,,,,5179,0.00640700152143836
,,,7,,,,,,,,,,,,,,,,,,,,,,,,,,,,,5189,0.09898527711629868
,,,7,,,,,,,,,,,,,,,,,,,,,,,,,,,,,5199,0.008727713488042355
,,,7,,,,,,,,,,,,,,,,,,,,,,,,,,,,,5209,0.044245075434446335
,,,7,,,,,,,,,,,,,,,,,,,,,,,,,,,,,5219,0.013264513574540615
,,,7,,,,,,,,,,,,,,,,,,,,,,,,,,,,,5229,0.02925196662545204
,,,7,,,,,,,,,,,,,,,,,,,,,,,,,,,,,5239,0.09891360253095627
,,,7,,,,,,,,,,,,,,,,,,,,,,,,,,,,,5249,0.05897970125079155
,,,7,,,,,,,,,,,,,,,,,,,,,,,,,,,,,5259,0.09464237838983536
,,,7,,,,,,,,,,,,,,,,,,,,,,,,,,,,,5269,0.8671858310699463
,,,7,,,,,,,,,,,,,,,,,,,,,,,,,,,,,5279,0.05965574085712433
,,,7,,,,,,,,,,,,,,,,,,,,,,,,,,,,,5289,0.13678573071956635
,,,7,,,,,,,,,,,,,,,,,,,,,,,,,,,,,5299,0.6346374154090881
,,,7,,,,,,,,,,,,,,,,,,,,,,,,,,,,,5309,0.2331317514181137
,,,7,,,,,,,,,,,,,,,,,,,,,,,,,,,,,5319,0.009897144511342049
,,,7,,,,,,,,,,,,,,,,,,,,,,,,,,,,,5329,0.008332539349794388
,,,7,,,,,,,,,,,,,,,,,,,,,,,,,,,,,5339,0.020632445812225342
,,,7,,,,,,,,,,,,,,,,,,,,,,,,,,,,,5349,0.01963919959962368
,,,7,,,,,,,,,,,,,,,,,,,,,,,,,,,,,5359,0.3539496660232544
,,,7,,,,,,,,,,,,,,,,,,,,,,,,,,,,,5369,0.06102917715907097
,,,7,,,,,,,,,,,,,,,,,,,,,,,,,,,,,5379,0.006645623594522476
,,,7,,,,,,,,,,,,,,,,,,,,,,,,,,,,,5389,0.01471053808927536
,,,7,,,,,,,,,,,,,,,,,,,,,,,,,,,,,5399,0.0391998253762722
,,,7,,,,,,,,,,,,,,,,,,,,,,,,,,,,,5409,0.41997793316841125
,,,7,,,,,,,,,,,,,,,,,,,,,,,,,,,,,5419,0.16416923701763153
,,,7,,,,,,,,,,,,,,,,,,,,,,,,,,,,,5429,0.5328596830368042
,,,7,,,,,,,,,,,,,,,,,,,,,,,,,,,,,5439,0.02377326786518097
,,,7,,,,,,,,,,,,,,,,,,,,,,,,,,,,,5449,0.21362324059009552
,,,7,,,,,,,,,,,,,,,,,,,,,,,,,,,,,5459,0.02625282108783722
,,,7,,,,,,,,,,,,,,,,,,,,,,,,,,,,,5469,0.016553474590182304
,,,7,,,,,,,,,,,,,,,,,,,,,,,,,,,,,5479,0.005848299246281385
,,,7,,,,,,,,,,,,,,,,,,,,,,,,,,,,,5489,0.05562102049589157
,,,7,,,,,,,,,,,,,,,,,,,,,,,,,,,,,5499,1.99380624294281
,,,7,,,,,,,,,,,,,,,,,,,,,,,,,,,,,5509,0.007761713583022356
,,,7,,,,,,,,,,,,,,,,,,,,,,,,,,,,,5519,0.0029245621990412474
,,,7,,,,,,,,,,,,,,,,,,,,,,,,,,,,,5529,0.00992119312286377
,,,7,,,,,,,,,,,,,,,,,,,,,,,,,,,,,5539,0.06688416004180908
,,,7,,,,,,,,,,,,,,,,,,,,,,,,,,,,,5549,0.12465178221464157
,,,7,,,,,,,,,,,,,,,,,,,,,,,,,,,,,5559,0.01438173744827509
,,,7,,,,,,,,,,,,,,,,,,,,,,,,,,,,,5569,0.004961986560374498
,,,7,,,,,,,,,,,,,,,,,,,,,,,,,,,,,5579,0.05550505593419075
,,,7,,,,,,,,,,,,,,,,,,,,,,,,,,,,,5589,0.13522282242774963
,,,7,,,,,,,,,,,,,,,,,,,,,,,,,,,,,5599,0.05471184849739075
,,,,5.625860740567357e-07,3.1516323605293127e-06,4.8486651700450955e-06,4.8486651700450955e-06,7.459484876992455e-06,7.459484876992455e-06,1.1476130579988391e-05,1.1476130579988391e-05,1.765558550767445e-05,1.765558550767445e-05,2.7162439242576073e-05,5.625860740567357e-07,2.7162439242576073e-05,4.178836806550165e-05,4.178836806550165e-05,6.428979702384869e-05,6.428979702384869e-05,9.890738003669029e-05,9.890738003669029e-05,9.890738003669029e-05,9.890738003669029e-05,8.655170370103625e-07,8.655170370103625e-07,1.3315646723236346e-06,1.3315646723236346e-06,2.048561034344053e-06,2.048561034344053e-06,3.1516323605293127e-06,5608,
,,,8,,,,,,,,,,,,,,,,,,,,,,,,,,,,,5609,0.01498528104275465
,,,8,,,,,,,,,,,,,,,,,,,,,,,,,,,,,5619,0.07197316735982895
,,,8,,,,,,,,,,,,,,,,,,,,,,,,,,,,,5629,1.0925461053848267
,,,8,,,,,,,,,,,,,,,,,,,,,,,,,,,,,5639,0.17271395027637482
,,,8,,,,,,,,,,,,,,,,,,,,,,,,,,,,,5649,0.25670191645622253
,,,8,,,,,,,,,,,,,,,,,,,,,,,,,,,,,5659,0.05531078577041626
,,,8,,,,,,,,,,,,,,,,,,,,,,,,,,,,,5669,0.6061593294143677
,,,8,,,,,,,,,,,,,,,,,,,,,,,,,,,,,5679,0.006016992963850498
,,,8,,,,,,,,,,,,,,,,,,,,,,,,,,,,,5689,0.003657764755189419
,,,8,,,,,,,,,,,,,,,,,,,,,,,,,,,,,5699,0.006533282808959484
,,,8,,,,,,,,,,,,,,,,,,,,,,,,,,,,,5709,0.2674896717071533
,,,8,,,,,,,,,,,,,,,,,,,,,,,,,,,,,5719,0.026424065232276917
,,,8,,,,,,,,,,,,,,,,,,,,,,,,,,,,,5729,0.1575801819562912
,,,8,,,,,,,,,,,,,,,,,,,,,,,,,,,,,5739,0.0028957638423889875
,,,8,,,,,,,,,,,,,,,,,,,,,,,,,,,,,5749,0.10790079087018967
,,,8,,,,,,,,,,,,,,,,,,,,,,,,,,,,,5759,0.013747558929026127
,,,8,,,,,,,,,,,,,,,,,,,,,,,,,,,,,5769,0.003433254547417164
,,,8,,,,,,,,,,,,,,,,,,,,,,,,,,,,,5779,0.007519209291785955
,,,8,,,,,,,,,,,,,,,,,,,,,,,,,,,,,5789,0.014091214165091515
,,,8,,,,,,,,,,,,,,,,,,,,,,,,,,,,,5799,0.1611035317182541
,,,8,,,,,,,,,,,,,,,,,,,,,,,,,,,,,5809,0.004524593707174063
,,,8,,,,,,,,,,,,,,,,,,,,,,,,,,,,,5819,0.0804523304104805
,,,8,,,,,,,,,,,,,,,,,,,,,,,,,,,,,5829,0.1152166947722435
,,,8,,,,,,,,,,,,,,,,,,,,,,,,,,,,,5839,0.0641133040189743
,,,8,,,,,,,,,,,,,,,,,,,,,,,,,,,,,5849,0.20948295295238495
,,,8,,,,,,,,,,,,,,,,,,,,,,,,,,,,,5859,0.022663798183202744
,,,8,,,,,,,,,,,,,,,,,,,,,,,,,,,,,5869,0.019439363852143288
,,,8,,,,,,,,,,,,,,,,,,,,,,,,,,,,,5879,0.0168417040258646
,,,8,,,,,,,,,,,,,,,,,,,,,,,,,,,,,5889,0.010643183253705502
,,,8,,,,,,,,,,,,,,,,,,,,,,,,,,,,,5899,0.332917183637619
,,,8,,,,,,,,,,,,,,,,,,,,,,,,,,,,,5909,0.009031581692397594
,,,8,,,,,,,,,,,,,,,,,,,,,,,,,,,,,5919,0.01746699959039688
,,,8,,,,,,,,,,,,,,,,,,,,,,,,,,,,,5929,0.0977146103978157
,,,8,,,,,,,,,,,,,,,,,,,,,,,,,,,,,5939,0.12388274818658829
,,,8,,,,,,,,,,,,,,,,,,,,,,,,,,,,,5949,0.06183748319745064
,,,8,,,,,,,,,,,,,,,,,,,,,,,,,,,,,5959,0.001553565263748169
,,,8,,,,,,,,,,,,,,,,,,,,,,,,,,,,,5969,0.047297291457653046
,,,8,,,,,,,,,,,,,,,,,,,,,,,,,,,,,5979,0.02589254640042782
,,,8,,,,,,,,,,,,,,,,,,,,,,,,,,,,,5989,0.02137978933751583
,,,8,,,,,,,,,,,,,,,,,,,,,,,,,,,,,5999,0.08490557968616486
,,,8,,,,,,,,,,,,,,,,,,,,,,,,,,,,,6009,0.9559252858161926
,,,8,,,,,,,,,,,,,,,,,,,,,,,,,,,,,6019,0.11091210693120956
,,,8,,,,,,,,,,,,,,,,,,,,,,,,,,,,,6029,0.0017151000211015344
,,,8,,,,,,,,,,,,,,,,,,,,,,,,,,,,,6039,0.1027260348200798
,,,8,,,,,,,,,,,,,,,,,,,,,,,,,,,,,6049,0.027934378013014793
,,,8,,,,,,,,,,,,,,,,,,,,,,,,,,,,,6059,0.10560164600610733
,,,8,,,,,,,,,,,,,,,,,,,,,,,,,,,,,6069,0.0016061181668192148
,,,8,,,,,,,,,,,,,,,,,,,,,,,,,,,,,6079,1.4824563264846802
,,,8,,,,,,,,,,,,,,,,,,,,,,,,,,,,,6089,0.004902594722807407
,,,8,,,,,,,,,,,,,,,,,,,,,,,,,,,,,6099,0.3832695484161377
,,,8,,,,,,,,,,,,,,,,,,,,,,,,,,,,,6109,0.004656268749386072
,,,8,,,,,,,,,,,,,,,,,,,,,,,,,,,,,6119,0.11581125855445862
,,,8,,,,,,,,,,,,,,,,,,,,,,,,,,,,,6129,0.16650760173797607
,,,8,,,,,,,,,,,,,,,,,,,,,,,,,,,,,6139,0.006578014697879553
,,,8,,,,,,,,,,,,,,,,,,,,,,,,,,,,,6149,0.06892453134059906
,,,8,,,,,,,,,,,,,,,,,,,,,,,,,,,,,6159,0.5751543641090393
,,,8,,,,,,,,,,,,,,,,,,,,,,,,,,,,,6169,0.2161058485507965
,,,8,,,,,,,,,,,,,,,,,,,,,,,,,,,,,6179,0.18639108538627625
,,,8,,,,,,,,,,,,,,,,,,,,,,,,,,,,,6189,0.08715789765119553
,,,8,,,,,,,,,,,,,,,,,,,,,,,,,,,,,6199,1.2396445274353027
,,,8,,,,,,,,,,,,,,,,,,,,,,,,,,,,,6209,0.15234386920928955
,,,8,,,,,,,,,,,,,,,,,,,,,,,,,,,,,6219,0.15145322680473328
,,,8,,,,,,,,,,,,,,,,,,,,,,,,,,,,,6229,0.006968607194721699
,,,8,,,,,,,,,,,,,,,,,,,,,,,,,,,,,6239,0.004650485701858997
,,,8,,,,,,,,,,,,,,,,,,,,,,,,,,,,,6249,0.15574651956558228
,,,8,,,,,,,,,,,,,,,,,,,,,,,,,,,,,6259,0.11991521716117859
,,,8,,,,,,,,,,,,,,,,,,,,,,,,,,,,,6269,0.032429881393909454
,,,8,,,,,,,,,,,,,,,,,,,,,,,,,,,,,6279,0.00884936098009348
,,,8,,,,,,,,,,,,,,,,,,,,,,,,,,,,,6289,0.017018791288137436
,,,8,,,,,,,,,,,,,,,,,,,,,,,,,,,,,6299,0.007992626167833805
,,,,5.577837150809623e-07,3.1247293306590787e-06,4.807275893321659e-06,4.807275893321659e-06,7.395809066648706e-06,7.395809066648706e-06,1.1378167794844163e-05,1.1378167794844163e-05,1.750487353052948e-05,1.750487353052948e-05,2.6930574662353044e-05,5.577837150809623e-07,2.6930574662353044e-05,4.143165332669699e-05,4.143165332669699e-05,6.374100511799537e-05,6.374100511799537e-05,9.806308479691595e-05,9.806308479691595e-05,9.806308479691595e-05,9.806308479691595e-05,8.581287924322494e-07,8.581287924322494e-07,1.3201981422034608e-06,1.3201981422034608e-06,2.031074064928401e-06,2.031074064928401e-06,3.1247293306590787e-06,6309,
,,,9,,,,,,,,,,,,,,,,,,,,,,,,,,,,,6309,0.0025159167125821114
,,,9,,,,,,,,,,,,,,,,,,,,,,,,,,,,,6319,0.2064054310321808
,,,9,,,,,,,,,,,,,,,,,,,,,,,,,,,,,6329,0.006212504580616951
,,,9,,,,,,,,,,,,,,,,,,,,,,,,,,,,,6339,0.020538518205285072
,,,9,,,,,,,,,,,,,,,,,,,,,,,,,,,,,6349,0.01094767265021801
,,,9,,,,,,,,,,,,,,,,,,,,,,,,,,,,,6359,0.05638793855905533
,,,9,,,,,,,,,,,,,,,,,,,,,,,,,,,,,6369,0.007463835179805756
,,,9,,,,,,,,,,,,,,,,,,,,,,,,,,,,,6379,1.106094479560852
,,,9,,,,,,,,,,,,,,,,,,,,,,,,,,,,,6389,0.004087066277861595
,,,9,,,,,,,,,,,,,,,,,,,,,,,,,,,,,6399,0.21337516605854034
,,,9,,,,,,,,,,,,,,,,,,,,,,,,,,,,,6409,0.008899780921638012
,,,9,,,,,,,,,,,,,,,,,,,,,,,,,,,,,6419,0.013860140927135944
,,,9,,,,,,,,,,,,,,,,,,,,,,,,,,,,,6429,0.006575423758476973
,,,9,,,,,,,,,,,,,,,,,,,,,,,,,,,,,6439,0.0995631068944931
,,,9,,,,,,,,,,,,,,,,,,,,,,,,,,,,,6449,0.006180633325129747
,,,9,,,,,,,,,,,,,,,,,,,,,,,,,,,,,6459,0.13012638688087463
,,,9,,,,,,,,,,,,,,,,,,,,,,,,,,,,,6469,0.014480521902441978
,,,9,,,,,,,,,,,,,,,,,,,,,,,,,,,,,6479,0.00487475236877799
,,,9,,,,,,,,,,,,,,,,,,,,,,,,,,,,,6489,0.4151754677295685
,,,9,,,,,,,,,,,,,,,,,,,,,,,,,,,,,6499,0.18633262813091278
,,,9,,,,,,,,,,,,,,,,,,,,,,,,,,,,,6509,0.0048194811679422855
,,,9,,,,,,,,,,,,,,,,,,,,,,,,,,,,,6519,0.19894109666347504
,,,9,,,,,,,,,,,,,,,,,,,,,,,,,,,,,6529,0.015021714381873608
,,,9,,,,,,,,,,,,,,,,,,,,,,,,,,,,,6539,0.33225297927856445
,,,9,,,,,,,,,,,,,,,,,,,,,,,,,,,,,6549,0.03960392251610756
,,,9,,,,,,,,,,,,,,,,,,,,,,,,,,,,,6559,0.06489948183298111
,,,9,,,,,,,,,,,,,,,,,,,,,,,,,,,,,6569,0.02425062283873558
,,,9,,,,,,,,,,,,,,,,,,,,,,,,,,,,,6579,0.028550608083605766
,,,9,,,,,,,,,,,,,,,,,,,,,,,,,,,,,6589,0.1424073725938797
,,,9,,,,,,,,,,,,,,,,,,,,,,,,,,,,,6599,0.04363115131855011
,,,9,,,,,,,,,,,,,,,,,,,,,,,,,,,,,6609,0.025075266137719154
,,,9,,,,,,,,,,,,,,,,,,,,,,,,,,,,,6619,0.11905686557292938
,,,9,,,,,,,,,,,,,,,,,,,,,,,,,,,,,6629,0.46544012427330017
,,,9,,,,,,,,,,,,,,,,,,,,,,,,,,,,,6639,0.022830266505479813
,,,9,,,,,,,,,,,,,,,,,,,,,,,,,,,,,6649,0.17566832900047302
,,,9,,,,,,,,,,,,,,,,,,,,,,,,,,,,,6659,0.02085300348699093
,,,9,,,,,,,,,,,,,,,,,,,,,,,,,,,,,6669,0.014021815732121468
,,,9,,,,,,,,,,,,,,,,,,,,,,,,,,,,,6679,0.02562822960317135
,,,9,,,,,,,,,,,,,,,,,,,,,,,,,,,,,6689,0.03254561126232147
,,,9,,,,,,,,,,,,,,,,,,,,,,,,,,,,,6699,0.010441681370139122
,,,9,,,,,,,,,,,,,,,,,,,,,,,,,,,,,6709,0.0066790347918868065
,,,9,,,,,,,,,,,,,,,,,,,,,,,,,,,,,6719,0.027072275057435036
,,,9,,,,,,,,,,,,,,,,,,,,,,,,,,,,,6729,0.004771419335156679
,,,9,,,,,,,,,,,,,,,,,,,,,,,,,,,,,6739,0.014483573846518993
,,,9,,,,,,,,,,,,,,,,,,,,,,,,,,,,,6749,0.34706708788871765
,,,9,,,,,,,,,,,,,,,,,,,,,,,,,,,,,6759,0.03690873458981514
,,,9,,,,,,,,,,,,,,,,,,,,,,,,,,,,,6769,0.02218688279390335
,,,9,,,,,,,,,,,,,,,,,,,,,,,,,,,,,6779,0.007632050197571516
,,,9,,,,,,,,,,,,,,,,,,,,,,,,,,,,,6789,0.004548415541648865
,,,9,,,,,,,,,,,,,,,,,,,,,,,,,,,,,6799,0.009138455614447594
,,,9,,,,,,,,,,,,,,,,,,,,,,,,,,,,,6809,0.3789006471633911
,,,9,,,,,,,,,,,,,,,,,,,,,,,,,,,,,6819,0.006829319056123495
,,,9,,,,,,,,,,,,,,,,,,,,,,,,,,,,,6829,0.34075918793678284
,,,9,,,,,,,,,,,,,,,,,,,,,,,,,,,,,6839,0.11560217291116714
,,,9,,,,,,,,,,,,,,,,,,,,,,,,,,,,,6849,0.02487851120531559
,,,9,,,,,,,,,,,,,,,,,,,,,,,,,,,,,6859,0.013506172224879265
,,,9,,,,,,,,,,,,,,,,,,,,,,,,,,,,,6869,0.044607724994421005
,,,9,,,,,,,,,,,,,,,,,,,,,,,,,,,,,6879,0.04219795763492584
,,,9,,,,,,,,,,,,,,,,,,,,,,,,,,,,,6889,0.04607923701405525
,,,9,,,,,,,,,,,,,,,,,,,,,,,,,,,,,6899,0.59984290599823
,,,9,,,,,,,,,,,,,,,,,,,,,,,,,,,,,6909,0.010637570172548294
,,,9,,,,,,,,,,,,,,,,,,,,,,,,,,,,,6919,2.5868923664093018
,,,9,,,,,,,,,,,,,,,,,,,,,,,,,,,,,6929,0.020694933831691742
,,,9,,,,,,,,,,,,,,,,,,,,,,,,,,,,,6939,0.12939558923244476
,,,9,,,,,,,,,,,,,,,,,,,,,,,,,,,,,6949,0.0029023929964751005
,,,9,,,,,,,,,,,,,,,,,,,,,,,,,,,,,6959,0.5553192496299744
,,,9,,,,,,,,,,,,,,,,,,,,,,,,,,,,,6969,1.6903139352798462
,,,9,,,,,,,,,,,,,,,,,,,,,,,,,,,,,6979,0.07727651298046112
,,,9,,,,,,,,,,,,,,,,,,,,,,,,,,,,,6989,0.04369782283902168
,,,9,,,,,,,,,,,,,,,,,,,,,,,,,,,,,6999,0.044011037796735764
,,,9,,,,,,,,,,,,,,,,,,,,,,,,,,,,,7009,0.25670501589775085
0.8273972868919373,0.7837370038032532,0.8762089014053345,9,,,,,,,,,,,,,,,,,,,,,,,,,,,,,7009,
,,,,5.516494603334762e-07,3.0903649610782603e-06,4.7544076324280925e-06,4.7544076324280925e-06,7.314473280658603e-06,7.314473280658603e-06,1.125303581639785e-05,1.125303581639785e-05,1.7312362794458232e-05,1.7312362794458232e-05,2.663440429916651e-05,5.516494603334762e-07,2.663440429916651e-05,4.097600661410232e-05,4.097600661410232e-05,6.304001017554203e-05,6.304001017554203e-05,9.698463103929542e-05,9.698463103929542e-05,9.698463103929542e-05,9.698463103929542e-05,8.486914774361172e-07,8.486914774361172e-07,1.3056791960555651e-06,1.3056791960555651e-06,2.0087372247008692e-06,2.0087372247008692e-06,3.0903649610782603e-06,7010,
,,,10,,,,,,,,,,,,,,,,,,,,,,,,,,,,,7019,0.026572545990347862
,,,10,,,,,,,,,,,,,,,,,,,,,,,,,,,,,7029,0.006513608619570732
,,,10,,,,,,,,,,,,,,,,,,,,,,,,,,,,,7039,1.0473096370697021
,,,10,,,,,,,,,,,,,,,,,,,,,,,,,,,,,7049,0.020026039332151413
,,,10,,,,,,,,,,,,,,,,,,,,,,,,,,,,,7059,0.12235982716083527
,,,10,,,,,,,,,,,,,,,,,,,,,,,,,,,,,7069,0.17933610081672668
,,,10,,,,,,,,,,,,,,,,,,,,,,,,,,,,,7079,0.004200444091111422
,,,10,,,,,,,,,,,,,,,,,,,,,,,,,,,,,7089,0.0008906825096346438
,,,10,,,,,,,,,,,,,,,,,,,,,,,,,,,,,7099,0.007739057298749685
,,,10,,,,,,,,,,,,,,,,,,,,,,,,,,,,,7109,0.015582047402858734
,,,10,,,,,,,,,,,,,,,,,,,,,,,,,,,,,7119,1.402488350868225
,,,10,,,,,,,,,,,,,,,,,,,,,,,,,,,,,7129,0.0009674535831436515
,,,10,,,,,,,,,,,,,,,,,,,,,,,,,,,,,7139,0.003577826078981161
,,,10,,,,,,,,,,,,,,,,,,,,,,,,,,,,,7149,0.037081364542245865
,,,10,,,,,,,,,,,,,,,,,,,,,,,,,,,,,7159,0.01579371839761734
,,,10,,,,,,,,,,,,,,,,,,,,,,,,,,,,,7169,0.081405870616436
,,,10,,,,,,,,,,,,,,,,,,,,,,,,,,,,,7179,0.22888648509979248
,,,10,,,,,,,,,,,,,,,,,,,,,,,,,,,,,7189,0.40454739332199097
,,,10,,,,,,,,,,,,,,,,,,,,,,,,,,,,,7199,0.4130459427833557
,,,10,,,,,,,,,,,,,,,,,,,,,,,,,,,,,7209,0.6080496907234192
,,,10,,,,,,,,,,,,,,,,,,,,,,,,,,,,,7219,0.14572420716285706
,,,10,,,,,,,,,,,,,,,,,,,,,,,,,,,,,7229,0.5277928113937378
,,,10,,,,,,,,,,,,,,,,,,,,,,,,,,,,,7239,0.008041596971452236
,,,10,,,,,,,,,,,,,,,,,,,,,,,,,,,,,7249,0.002576263388618827
,,,10,,,,,,,,,,,,,,,,,,,,,,,,,,,,,7259,0.011873720213770866
,,,10,,,,,,,,,,,,,,,,,,,,,,,,,,,,,7269,0.015047822147607803
,,,10,,,,,,,,,,,,,,,,,,,,,,,,,,,,,7279,0.12905077636241913
,,,10,,,,,,,,,,,,,,,,,,,,,,,,,,,,,7289,0.004030185751616955
,,,10,,,,,,,,,,,,,,,,,,,,,,,,,,,,,7299,0.12652252614498138
,,,10,,,,,,,,,,,,,,,,,,,,,,,,,,,,,7309,0.0025919333565980196
,,,10,,,,,,,,,,,,,,,,,,,,,,,,,,,,,7319,0.0035886752884835005
,,,10,,,,,,,,,,,,,,,,,,,,,,,,,,,,,7329,0.003771752119064331
,,,10,,,,,,,,,,,,,,,,,,,,,,,,,,,,,7339,0.012834404595196247
,,,10,,,,,,,,,,,,,,,,,,,,,,,,,,,,,7349,0.8305754065513611
,,,10,,,,,,,,,,,,,,,,,,,,,,,,,,,,,7359,0.28744393587112427
,,,10,,,,,,,,,,,,,,,,,,,,,,,,,,,,,7369,0.0312652625143528
,,,10,,,,,,,,,,,,,,,,,,,,,,,,,,,,,7379,0.08001022785902023
,,,10,,,,,,,,,,,,,,,,,,,,,,,,,,,,,7389,0.010388991795480251
,,,10,,,,,,,,,,,,,,,,,,,,,,,,,,,,,7399,0.021537993103265762
,,,10,,,,,,,,,,,,,,,,,,,,,,,,,,,,,7409,0.011221281252801418
,,,10,,,,,,,,,,,,,,,,,,,,,,,,,,,,,7419,0.006574894301593304
,,,10,,,,,,,,,,,,,,,,,,,,,,,,,,,,,7429,0.007426261901855469
,,,10,,,,,,,,,,,,,,,,,,,,,,,,,,,,,7439,0.18305866420269012
,,,10,,,,,,,,,,,,,,,,,,,,,,,,,,,,,7449,6.658494472503662
,,,10,,,,,,,,,,,,,,,,,,,,,,,,,,,,,7459,0.019076000899076462
,,,10,,,,,,,,,,,,,,,,,,,,,,,,,,,,,7469,0.0026121456176042557
,,,10,,,,,,,,,,,,,,,,,,,,,,,,,,,,,7479,0.010617759078741074
,,,10,,,,,,,,,,,,,,,,,,,,,,,,,,,,,7489,0.6694900989532471
,,,10,,,,,,,,,,,,,,,,,,,,,,,,,,,,,7499,0.07857153564691544
,,,10,,,,,,,,,,,,,,,,,,,,,,,,,,,,,7509,0.4741230010986328
,,,10,,,,,,,,,,,,,,,,,,,,,,,,,,,,,7519,0.011126100085675716
,,,10,,,,,,,,,,,,,,,,,,,,,,,,,,,,,7529,0.08441709727048874
,,,10,,,,,,,,,,,,,,,,,,,,,,,,,,,,,7539,0.014330959878861904
,,,10,,,,,,,,,,,,,,,,,,,,,,,,,,,,,7549,0.002654178999364376
,,,10,,,,,,,,,,,,,,,,,,,,,,,,,,,,,7559,0.011573618277907372
,,,10,,,,,,,,,,,,,,,,,,,,,,,,,,,,,7569,0.1539166271686554
,,,10,,,,,,,,,,,,,,,,,,,,,,,,,,,,,7579,0.05856868997216225
,,,10,,,,,,,,,,,,,,,,,,,,,,,,,,,,,7589,0.008282842114567757
,,,10,,,,,,,,,,,,,,,,,,,,,,,,,,,,,7599,0.053903013467788696
,,,10,,,,,,,,,,,,,,,,,,,,,,,,,,,,,7609,0.02612977661192417
,,,10,,,,,,,,,,,,,,,,,,,,,,,,,,,,,7619,0.056325461715459824
,,,10,,,,,,,,,,,,,,,,,,,,,,,,,,,,,7629,0.004346493165940046
,,,10,,,,,,,,,,,,,,,,,,,,,,,,,,,,,7639,0.021044371649622917
,,,10,,,,,,,,,,,,,,,,,,,,,,,,,,,,,7649,0.013062779791653156
,,,10,,,,,,,,,,,,,,,,,,,,,,,,,,,,,7659,1.2971175909042358
,,,10,,,,,,,,,,,,,,,,,,,,,,,,,,,,,7669,0.03794395551085472
,,,10,,,,,,,,,,,,,,,,,,,,,,,,,,,,,7679,0.3297117054462433
,,,10,,,,,,,,,,,,,,,,,,,,,,,,,,,,,7689,0.07349295169115067
,,,10,,,,,,,,,,,,,,,,,,,,,,,,,,,,,7699,0.05756160989403725
,,,10,,,,,,,,,,,,,,,,,,,,,,,,,,,,,7709,1.4289708137512207
,,,,5.442131952867944e-07,3.0487066715411608e-06,4.69031795621717e-06,4.69031795621717e-06,7.215873778795645e-06,7.215873778795645e-06,1.1101344275070223e-05,1.1101344275070223e-05,1.7078991192415727e-05,1.7078991192415727e-05,2.6275371065254964e-05,5.442131952867944e-07,2.6275371065254964e-05,4.042364779269994e-05,4.042364779269994e-05,6.219022737338454e-05,6.219022737338454e-05,9.567727288213005e-05,9.567727288213005e-05,9.567727288213005e-05,9.567727288213005e-05,8.372510696719912e-07,8.372510696719912e-07,1.2880785687261406e-06,1.2880785687261406e-06,1.9816593365017543e-06,1.9816593365017543e-06,3.0487066715411608e-06,7711,
,,,11,,,,,,,,,,,,,,,,,,,,,,,,,,,,,7719,0.024965139105916023
,,,11,,,,,,,,,,,,,,,,,,,,,,,,,,,,,7729,0.253203809261322
,,,11,,,,,,,,,,,,,,,,,,,,,,,,,,,,,7739,0.011013977229595184
,,,11,,,,,,,,,,,,,,,,,,,,,,,,,,,,,7749,0.004127520602196455
,,,11,,,,,,,,,,,,,,,,,,,,,,,,,,,,,7759,0.0912107452750206
,,,11,,,,,,,,,,,,,,,,,,,,,,,,,,,,,7769,0.010825147852301598
,,,11,,,,,,,,,,,,,,,,,,,,,,,,,,,,,7779,0.02988591231405735
,,,11,,,,,,,,,,,,,,,,,,,,,,,,,,,,,7789,0.0013466569362208247
,,,11,,,,,,,,,,,,,,,,,,,,,,,,,,,,,7799,0.17441193759441376
,,,11,,,,,,,,,,,,,,,,,,,,,,,,,,,,,7809,0.11715834587812424
,,,11,,,,,,,,,,,,,,,,,,,,,,,,,,,,,7819,0.04487306624650955
,,,11,,,,,,,,,,,,,,,,,,,,,,,,,,,,,7829,0.35377272963523865
,,,11,,,,,,,,,,,,,,,,,,,,,,,,,,,,,7839,0.0010578262154012918
,,,11,,,,,,,,,,,,,,,,,,,,,,,,,,,,,7849,0.006359400227665901
,,,11,,,,,,,,,,,,,,,,,,,,,,,,,,,,,7859,0.3923104703426361
,,,11,,,,,,,,,,,,,,,,,,,,,,,,,,,,,7869,0.026663469150662422
,,,11,,,,,,,,,,,,,,,,,,,,,,,,,,,,,7879,0.10090802609920502
,,,11,,,,,,,,,,,,,,,,,,,,,,,,,,,,,7889,0.02200160175561905
,,,11,,,,,,,,,,,,,,,,,,,,,,,,,,,,,7899,0.044292598962783813
,,,11,,,,,,,,,,,,,,,,,,,,,,,,,,,,,7909,0.08743703365325928
,,,11,,,,,,,,,,,,,,,,,,,,,,,,,,,,,7919,0.017585717141628265
,,,11,,,,,,,,,,,,,,,,,,,,,,,,,,,,,7929,0.0036458515096455812
,,,11,,,,,,,,,,,,,,,,,,,,,,,,,,,,,7939,0.150590181350708
,,,11,,,,,,,,,,,,,,,,,,,,,,,,,,,,,7949,0.02821827307343483
,,,11,,,,,,,,,,,,,,,,,,,,,,,,,,,,,7959,0.004942931700497866
,,,11,,,,,,,,,,,,,,,,,,,,,,,,,,,,,7969,0.005353730171918869
,,,11,,,,,,,,,,,,,,,,,,,,,,,,,,,,,7979,0.3437768816947937
,,,11,,,,,,,,,,,,,,,,,,,,,,,,,,,,,7989,0.004065169952809811
,,,11,,,,,,,,,,,,,,,,,,,,,,,,,,,,,7999,0.6811159253120422
,,,11,,,,,,,,,,,,,,,,,,,,,,,,,,,,,8009,0.3971859812736511
,,,11,,,,,,,,,,,,,,,,,,,,,,,,,,,,,8019,0.4282338321208954
,,,11,,,,,,,,,,,,,,,,,,,,,,,,,,,,,8029,0.3907872140407562
,,,11,,,,,,,,,,,,,,,,,,,,,,,,,,,,,8039,0.17214208841323853
,,,11,,,,,,,,,,,,,,,,,,,,,,,,,,,,,8049,0.003927679732441902
,,,11,,,,,,,,,,,,,,,,,,,,,,,,,,,,,8059,0.7240498661994934
,,,11,,,,,,,,,,,,,,,,,,,,,,,,,,,,,8069,0.31388482451438904
,,,11,,,,,,,,,,,,,,,,,,,,,,,,,,,,,8079,0.005084250587970018
,,,11,,,,,,,,,,,,,,,,,,,,,,,,,,,,,8089,0.18374036252498627
,,,11,,,,,,,,,,,,,,,,,,,,,,,,,,,,,8099,0.21584969758987427
,,,11,,,,,,,,,,,,,,,,,,,,,,,,,,,,,8109,0.004004302900284529
,,,11,,,,,,,,,,,,,,,,,,,,,,,,,,,,,8119,0.005522910971194506
,,,11,,,,,,,,,,,,,,,,,,,,,,,,,,,,,8129,0.120475172996521
,,,11,,,,,,,,,,,,,,,,,,,,,,,,,,,,,8139,0.019501229748129845
,,,11,,,,,,,,,,,,,,,,,,,,,,,,,,,,,8149,0.016927514225244522
,,,11,,,,,,,,,,,,,,,,,,,,,,,,,,,,,8159,0.007759778760373592
,,,11,,,,,,,,,,,,,,,,,,,,,,,,,,,,,8169,0.05314307659864426
,,,11,,,,,,,,,,,,,,,,,,,,,,,,,,,,,8179,1.0550563335418701
,,,11,,,,,,,,,,,,,,,,,,,,,,,,,,,,,8189,0.00375813408754766
,,,11,,,,,,,,,,,,,,,,,,,,,,,,,,,,,8199,0.30203744769096375
,,,11,,,,,,,,,,,,,,,,,,,,,,,,,,,,,8209,0.007471050135791302
,,,11,,,,,,,,,,,,,,,,,,,,,,,,,,,,,8219,0.5699083805084229
,,,11,,,,,,,,,,,,,,,,,,,,,,,,,,,,,8229,0.009938000701367855
,,,11,,,,,,,,,,,,,,,,,,,,,,,,,,,,,8239,0.040843505412340164
,,,11,,,,,,,,,,,,,,,,,,,,,,,,,,,,,8249,0.008422698825597763
,,,11,,,,,,,,,,,,,,,,,,,,,,,,,,,,,8259,0.06701049208641052
,,,11,,,,,,,,,,,,,,,,,,,,,,,,,,,,,8269,0.0025355403777211905
,,,11,,,,,,,,,,,,,,,,,,,,,,,,,,,,,8279,0.0012378041865304112
,,,11,,,,,,,,,,,,,,,,,,,,,,,,,,,,,8289,0.03315340355038643
,,,11,,,,,,,,,,,,,,,,,,,,,,,,,,,,,8299,0.003197247628122568
,,,11,,,,,,,,,,,,,,,,,,,,,,,,,,,,,8309,0.20742318034172058
,,,11,,,,,,,,,,,,,,,,,,,,,,,,,,,,,8319,0.00730622885748744
,,,11,,,,,,,,,,,,,,,,,,,,,,,,,,,,,8329,0.04096294194459915
,,,11,,,,,,,,,,,,,,,,,,,,,,,,,,,,,8339,0.061192650347948074
,,,11,,,,,,,,,,,,,,,,,,,,,,,,,,,,,8349,0.003239216050133109
,,,11,,,,,,,,,,,,,,,,,,,,,,,,,,,,,8359,0.5733969807624817
,,,11,,,,,,,,,,,,,,,,,,,,,,,,,,,,,8369,0.026540497317910194
,,,11,,,,,,,,,,,,,,,,,,,,,,,,,,,,,8379,0.9464306831359863
,,,11,,,,,,,,,,,,,,,,,,,,,,,,,,,,,8389,0.0043543484061956406
,,,11,,,,,,,,,,,,,,,,,,,,,,,,,,,,,8399,0.02680194191634655
,,,11,,,,,,,,,,,,,,,,,,,,,,,,,,,,,8409,0.007874637842178345
,,,,5.355111486767334e-07,2.999957417046929e-06,4.615319103149121e-06,4.615319103149121e-06,7.100490927921724e-06,7.100490927921724e-06,1.0923832196802652e-05,1.0923832196802652e-05,1.6805895687388695e-05,1.6805895687388695e-05,2.5855224134444144e-05,5.355111486767334e-07,2.5855224134444144e-05,3.977726789914484e-05,3.977726789914484e-05,6.119579676791514e-05,6.119579676791514e-05,9.414737964294636e-05,9.414737964294636e-05,9.414737964294636e-05,9.414737964294636e-05,8.238633056565128e-07,8.238633056565128e-07,1.2674820087023274e-06,1.2674820087023274e-06,1.9499723210805035e-06,1.9499723210805035e-06,2.999957417046929e-06,8412,
,,,12,,,,,,,,,,,,,,,,,,,,,,,,,,,,,8419,0.015874655917286873
,,,12,,,,,,,,,,,,,,,,,,,,,,,,,,,,,8429,0.019394472241401672
,,,12,,,,,,,,,,,,,,,,,,,,,,,,,,,,,8439,0.051820509135723114
,,,12,,,,,,,,,,,,,,,,,,,,,,,,,,,,,8449,0.014647799544036388
,,,12,,,,,,,,,,,,,,,,,,,,,,,,,,,,,8459,0.48318278789520264
,,,12,,,,,,,,,,,,,,,,,,,,,,,,,,,,,8469,0.32287338376045227
,,,12,,,,,,,,,,,,,,,,,,,,,,,,,,,,,8479,0.012091686949133873
,,,12,,,,,,,,,,,,,,,,,,,,,,,,,,,,,8489,0.013120882213115692
,,,12,,,,,,,,,,,,,,,,,,,,,,,,,,,,,8499,0.45793554186820984
,,,12,,,,,,,,,,,,,,,,,,,,,,,,,,,,,8509,0.19421090185642242
,,,12,,,,,,,,,,,,,,,,,,,,,,,,,,,,,8519,0.011787423864006996
,,,12,,,,,,,,,,,,,,,,,,,,,,,,,,,,,8529,0.09211882203817368
,,,12,,,,,,,,,,,,,,,,,,,,,,,,,,,,,8539,0.3311448395252228
,,,12,,,,,,,,,,,,,,,,,,,,,,,,,,,,,8549,0.044252004474401474
,,,12,,,,,,,,,,,,,,,,,,,,,,,,,,,,,8559,0.01890898495912552
,,,12,,,,,,,,,,,,,,,,,,,,,,,,,,,,,8569,0.012251058593392372
,,,12,,,,,,,,,,,,,,,,,,,,,,,,,,,,,8579,0.0033206918742507696
,,,12,,,,,,,,,,,,,,,,,,,,,,,,,,,,,8589,0.7877485156059265
,,,12,,,,,,,,,,,,,,,,,,,,,,,,,,,,,8599,0.06929129362106323
,,,12,,,,,,,,,,,,,,,,,,,,,,,,,,,,,8609,0.1395246386528015
,,,12,,,,,,,,,,,,,,,,,,,,,,,,,,,,,8619,0.0023607746697962284
,,,12,,,,,,,,,,,,,,,,,,,,,,,,,,,,,8629,0.025221165269613266
,,,12,,,,,,,,,,,,,,,,,,,,,,,,,,,,,8639,0.18715262413024902
,,,12,,,,,,,,,,,,,,,,,,,,,,,,,,,,,8649,0.02140415646135807
,,,12,,,,,,,,,,,,,,,,,,,,,,,,,,,,,8659,0.017154183238744736
,,,12,,,,,,,,,,,,,,,,,,,,,,,,,,,,,8669,0.11820739507675171
,,,12,,,,,,,,,,,,,,,,,,,,,,,,,,,,,8679,0.01029987633228302
,,,12,,,,,,,,,,,,,,,,,,,,,,,,,,,,,8689,0.04689864441752434
,,,12,,,,,,,,,,,,,,,,,,,,,,,,,,,,,8699,0.00535590248182416
,,,12,,,,,,,,,,,,,,,,,,,,,,,,,,,,,8709,0.008952156640589237
,,,12,,,,,,,,,,,,,,,,,,,,,,,,,,,,,8719,1.0813032388687134
,,,12,,,,,,,,,,,,,,,,,,,,,,,,,,,,,8729,0.0034829238429665565
,,,12,,,,,,,,,,,,,,,,,,,,,,,,,,,,,8739,0.10306260734796524
,,,12,,,,,,,,,,,,,,,,,,,,,,,,,,,,,8749,0.0027092481032013893
,,,12,,,,,,,,,,,,,,,,,,,,,,,,,,,,,8759,0.006724720820784569
,,,12,,,,,,,,,,,,,,,,,,,,,,,,,,,,,8769,0.0029515523929148912
,,,12,,,,,,,,,,,,,,,,,,,,,,,,,,,,,8779,0.003205000190064311
,,,12,,,,,,,,,,,,,,,,,,,,,,,,,,,,,8789,0.17066992819309235
,,,12,,,,,,,,,,,,,,,,,,,,,,,,,,,,,8799,0.015583830885589123
,,,12,,,,,,,,,,,,,,,,,,,,,,,,,,,,,8809,0.014956214465200901
,,,12,,,,,,,,,,,,,,,,,,,,,,,,,,,,,8819,0.028159575536847115
,,,12,,,,,,,,,,,,,,,,,,,,,,,,,,,,,8829,0.5745832324028015
,,,12,,,,,,,,,,,,,,,,,,,,,,,,,,,,,8839,0.003147072158753872
,,,12,,,,,,,,,,,,,,,,,,,,,,,,,,,,,8849,0.43036672472953796
,,,12,,,,,,,,,,,,,,,,,,,,,,,,,,,,,8859,0.010659858584403992
,,,12,,,,,,,,,,,,,,,,,,,,,,,,,,,,,8869,0.16896206140518188
,,,12,,,,,,,,,,,,,,,,,,,,,,,,,,,,,8879,0.3369080126285553
,,,12,,,,,,,,,,,,,,,,,,,,,,,,,,,,,8889,0.016316166147589684
,,,12,,,,,,,,,,,,,,,,,,,,,,,,,,,,,8899,0.006253246683627367
,,,12,,,,,,,,,,,,,,,,,,,,,,,,,,,,,8909,0.018429137766361237
,,,12,,,,,,,,,,,,,,,,,,,,,,,,,,,,,8919,0.035483695566654205
,,,12,,,,,,,,,,,,,,,,,,,,,,,,,,,,,8929,0.1318332999944687
,,,12,,,,,,,,,,,,,,,,,,,,,,,,,,,,,8939,0.09917067736387253
,,,12,,,,,,,,,,,,,,,,,,,,,,,,,,,,,8949,0.1521218866109848
,,,12,,,,,,,,,,,,,,,,,,,,,,,,,,,,,8959,0.01319926418364048
,,,12,,,,,,,,,,,,,,,,,,,,,,,,,,,,,8969,0.009320198558270931
,,,12,,,,,,,,,,,,,,,,,,,,,,,,,,,,,8979,0.021050965413451195
,,,12,,,,,,,,,,,,,,,,,,,,,,,,,,,,,8989,0.004051406402140856
,,,12,,,,,,,,,,,,,,,,,,,,,,,,,,,,,8999,0.013502496294677258
,,,12,,,,,,,,,,,,,,,,,,,,,,,,,,,,,9009,0.013059383258223534
,,,12,,,,,,,,,,,,,,,,,,,,,,,,,,,,,9019,0.0035647640470415354
,,,12,,,,,,,,,,,,,,,,,,,,,,,,,,,,,9029,0.003565182676538825
,,,12,,,,,,,,,,,,,,,,,,,,,,,,,,,,,9039,0.019544798880815506
,,,12,,,,,,,,,,,,,,,,,,,,,,,,,,,,,9049,0.0028065850492566824
,,,12,,,,,,,,,,,,,,,,,,,,,,,,,,,,,9059,0.021264204755425453
,,,12,,,,,,,,,,,,,,,,,,,,,,,,,,,,,9069,0.0039931973442435265
,,,12,,,,,,,,,,,,,,,,,,,,,,,,,,,,,9079,0.002717644674703479
,,,12,,,,,,,,,,,,,,,,,,,,,,,,,,,,,9089,0.24950985610485077
,,,12,,,,,,,,,,,,,,,,,,,,,,,,,,,,,9099,0.25250646471977234
,,,12,,,,,,,,,,,,,,,,,,,,,,,,,,,,,9109,0.12490590661764145
,,,,5.255857159996507e-07,2.9443546990632016e-06,4.529776460097233e-06,4.529776460097233e-06,6.96888686168805e-06,6.96888686168805e-06,1.0721364402597e-05,1.0721364402597e-05,1.649440677322615e-05,1.649440677322615e-05,2.5376010420347926e-05,5.255857159996507e-07,2.5376010420347926e-05,3.90400160313045e-05,3.90400160313045e-05,6.006156312508385e-05,6.006156312508385e-05,9.24024048078213e-05,9.24024048078213e-05,9.24024048078213e-05,9.24024048078213e-05,8.085934092302317e-07,8.085934092302317e-07,1.2439898603542026e-06,1.2439898603542026e-06,1.913830554391081e-06,1.913830554391081e-06,2.9443546990632016e-06,9113,
,,,13,,,,,,,,,,,,,,,,,,,,,,,,,,,,,9119,0.012104926630854607
,,,13,,,,,,,,,,,,,,,,,,,,,,,,,,,,,9129,0.029373591765761375
,,,13,,,,,,,,,,,,,,,,,,,,,,,,,,,,,9139,0.0062852296978235245
,,,13,,,,,,,,,,,,,,,,,,,,,,,,,,,,,9149,0.0029035592451691628
,,,13,,,,,,,,,,,,,,,,,,,,,,,,,,,,,9159,0.3369421064853668
,,,13,,,,,,,,,,,,,,,,,,,,,,,,,,,,,9169,0.006298809312283993
,,,13,,,,,,,,,,,,,,,,,,,,,,,,,,,,,9179,0.03067246451973915
,,,13,,,,,,,,,,,,,,,,,,,,,,,,,,,,,9189,0.03472687304019928
,,,13,,,,,,,,,,,,,,,,,,,,,,,,,,,,,9199,0.005742589011788368
,,,13,,,,,,,,,,,,,,,,,,,,,,,,,,,,,9209,0.0037606973201036453
,,,13,,,,,,,,,,,,,,,,,,,,,,,,,,,,,9219,0.08656461536884308
,,,13,,,,,,,,,,,,,,,,,,,,,,,,,,,,,9229,0.03218372166156769
,,,13,,,,,,,,,,,,,,,,,,,,,,,,,,,,,9239,0.04150133579969406
,,,13,,,,,,,,,,,,,,,,,,,,,,,,,,,,,9249,0.07217535376548767
,,,13,,,,,,,,,,,,,,,,,,,,,,,,,,,,,9259,0.013113538734614849
,,,13,,,,,,,,,,,,,,,,,,,,,,,,,,,,,9269,0.008659284561872482
,,,13,,,,,,,,,,,,,,,,,,,,,,,,,,,,,9279,0.02886100299656391
,,,13,,,,,,,,,,,,,,,,,,,,,,,,,,,,,9289,0.037254612892866135
,,,13,,,,,,,,,,,,,,,,,,,,,,,,,,,,,9299,0.010910175740718842
,,,13,,,,,,,,,,,,,,,,,,,,,,,,,,,,,9309,0.027385808527469635
,,,13,,,,,,,,,,,,,,,,,,,,,,,,,,,,,9319,0.006902116816490889
,,,13,,,,,,,,,,,,,,,,,,,,,,,,,,,,,9329,0.3357611894607544
,,,13,,,,,,,,,,,,,,,,,,,,,,,,,,,,,9339,0.08369948714971542
,,,13,,,,,,,,,,,,,,,,,,,,,,,,,,,,,9349,0.0015555542195215821
,,,13,,,,,,,,,,,,,,,,,,,,,,,,,,,,,9359,0.003369389334693551
,,,13,,,,,,,,,,,,,,,,,,,,,,,,,,,,,9369,0.15435221791267395
,,,13,,,,,,,,,,,,,,,,,,,,,,,,,,,,,9379,0.6267140507698059
,,,13,,,,,,,,,,,,,,,,,,,,,,,,,,,,,9389,0.33900976181030273
,,,13,,,,,,,,,,,,,,,,,,,,,,,,,,,,,9399,0.24611635506153107
,,,13,,,,,,,,,,,,,,,,,,,,,,,,,,,,,9409,0.19414512813091278
,,,13,,,,,,,,,,,,,,,,,,,,,,,,,,,,,9419,0.449711412191391
,,,13,,,,,,,,,,,,,,,,,,,,,,,,,,,,,9429,0.025083156302571297
,,,13,,,,,,,,,,,,,,,,,,,,,,,,,,,,,9439,0.0031268931925296783
,,,13,,,,,,,,,,,,,,,,,,,,,,,,,,,,,9449,0.022630931809544563
,,,13,,,,,,,,,,,,,,,,,,,,,,,,,,,,,9459,1.1874771118164062
,,,13,,,,,,,,,,,,,,,,,,,,,,,,,,,,,9469,0.009708927012979984
,,,13,,,,,,,,,,,,,,,,,,,,,,,,,,,,,9479,0.0535169318318367
,,,13,,,,,,,,,,,,,,,,,,,,,,,,,,,,,9489,0.1281309276819229
,,,13,,,,,,,,,,,,,,,,,,,,,,,,,,,,,9499,0.01549073401838541
,,,13,,,,,,,,,,,,,,,,,,,,,,,,,,,,,9509,0.11095646768808365
,,,13,,,,,,,,,,,,,,,,,,,,,,,,,,,,,9519,0.027360016480088234
,,,13,,,,,,,,,,,,,,,,,,,,,,,,,,,,,9529,0.47424307465553284
,,,13,,,,,,,,,,,,,,,,,,,,,,,,,,,,,9539,0.20081336796283722
,,,13,,,,,,,,,,,,,,,,,,,,,,,,,,,,,9549,0.2357942759990692
,,,13,,,,,,,,,,,,,,,,,,,,,,,,,,,,,9559,0.010482964105904102
,,,13,,,,,,,,,,,,,,,,,,,,,,,,,,,,,9569,0.002270584926009178
,,,13,,,,,,,,,,,,,,,,,,,,,,,,,,,,,9579,0.014380018226802349
,,,13,,,,,,,,,,,,,,,,,,,,,,,,,,,,,9589,0.004736173897981644
,,,13,,,,,,,,,,,,,,,,,,,,,,,,,,,,,9599,0.0046868957579135895
,,,13,,,,,,,,,,,,,,,,,,,,,,,,,,,,,9609,0.0030118536669760942
,,,13,,,,,,,,,,,,,,,,,,,,,,,,,,,,,9619,0.0033554192632436752
,,,13,,,,,,,,,,,,,,,,,,,,,,,,,,,,,9629,0.0022912612184882164
,,,13,,,,,,,,,,,,,,,,,,,,,,,,,,,,,9639,0.467729777097702
,,,13,,,,,,,,,,,,,,,,,,,,,,,,,,,,,9649,0.003678605891764164
,,,13,,,,,,,,,,,,,,,,,,,,,,,,,,,,,9659,0.0044904351234436035
,,,13,,,,,,,,,,,,,,,,,,,,,,,,,,,,,9669,0.3475506007671356
,,,13,,,,,,,,,,,,,,,,,,,,,,,,,,,,,9679,0.006640561856329441
,,,13,,,,,,,,,,,,,,,,,,,,,,,,,,,,,9689,0.011012392118573189
,,,13,,,,,,,,,,,,,,,,,,,,,,,,,,,,,9699,0.01046852394938469
,,,13,,,,,,,,,,,,,,,,,,,,,,,,,,,,,9709,0.035166505724191666
,,,13,,,,,,,,,,,,,,,,,,,,,,,,,,,,,9719,0.003413204103708267
,,,13,,,,,,,,,,,,,,,,,,,,,,,,,,,,,9729,0.004277876578271389
,,,13,,,,,,,,,,,,,,,,,,,,,,,,,,,,,9739,0.06402430683374405
,,,13,,,,,,,,,,,,,,,,,,,,,,,,,,,,,9749,0.012325631454586983
,,,13,,,,,,,,,,,,,,,,,,,,,,,,,,,,,9759,0.01472003385424614
,,,13,,,,,,,,,,,,,,,,,,,,,,,,,,,,,9769,0.44540873169898987
,,,13,,,,,,,,,,,,,,,,,,,,,,,,,,,,,9779,0.16836102306842804
,,,13,,,,,,,,,,,,,,,,,,,,,,,,,,,,,9789,0.09078528732061386
,,,13,,,,,,,,,,,,,,,,,,,,,,,,,,,,,9799,0.01692991890013218
,,,13,,,,,,,,,,,,,,,,,,,,,,,,,,,,,9809,0.0067047420889139175
,,,,5.144852529658481e-07,2.882169408442831e-06,4.43410678221974e-06,4.43410678221974e-06,6.8217027418765215e-06,6.8217027418765215e-06,1.0494927295194649e-05,1.0494927295194649e-05,1.614604199260715e-05,1.614604199260715e-05,2.4840064604011e-05,5.144852529658481e-07,2.4840064604011e-05,3.821548400617077e-05,3.821548400617077e-05,5.87930523171858e-05,5.87930523171858e-05,9.045084971874738e-05,9.045084971874738e-05,9.045084971874738e-05,9.045084971874738e-05,7.915157737936124e-07,7.915157737936124e-07,1.2177165750670961e-06,1.2177165750670961e-06,1.87341011548784e-06,1.87341011548784e-06,2.882169408442831e-06,9814,
,,,14,,,,,,,,,,,,,,,,,,,,,,,,,,,,,9819,0.19476313889026642
,,,14,,,,,,,,,,,,,,,,,,,,,,,,,,,,,9829,0.03666955232620239
,,,14,,,,,,,,,,,,,,,,,,,,,,,,,,,,,9839,0.01764223352074623
,,,14,,,,,,,,,,,,,,,,,,,,,,,,,,,,,9849,0.003970208112150431
,,,14,,,,,,,,,,,,,,,,,,,,,,,,,,,,,9859,0.020764416083693504
,,,14,,,,,,,,,,,,,,,,,,,,,,,,,,,,,9869,0.010908027179539204
,,,14,,,,,,,,,,,,,,,,,,,,,,,,,,,,,9879,0.006758230738341808
,,,14,,,,,,,,,,,,,,,,,,,,,,,,,,,,,9889,0.003437250852584839
,,,14,,,,,,,,,,,,,,,,,,,,,,,,,,,,,9899,0.005059493239969015
,,,14,,,,,,,,,,,,,,,,,,,,,,,,,,,,,9909,0.002249048789963126
,,,14,,,,,,,,,,,,,,,,,,,,,,,,,,,,,9919,0.03740086406469345
,,,14,,,,,,,,,,,,,,,,,,,,,,,,,,,,,9929,0.017668165266513824
,,,14,,,,,,,,,,,,,,,,,,,,,,,,,,,,,9939,0.006795383058488369
,,,14,,,,,,,,,,,,,,,,,,,,,,,,,,,,,9949,0.003739782841876149
,,,14,,,,,,,,,,,,,,,,,,,,,,,,,,,,,9959,0.06394166499376297
,,,14,,,,,,,,,,,,,,,,,,,,,,,,,,,,,9969,0.003101870883256197
,,,14,,,,,,,,,,,,,,,,,,,,,,,,,,,,,9979,0.155973419547081
,,,14,,,,,,,,,,,,,,,,,,,,,,,,,,,,,9989,0.081961490213871
,,,14,,,,,,,,,,,,,,,,,,,,,,,,,,,,,9999,0.021052390336990356
,,,14,,,,,,,,,,,,,,,,,,,,,,,,,,,,,10009,0.011074301786720753
,,,14,,,,,,,,,,,,,,,,,,,,,,,,,,,,,10019,0.006268692668527365
,,,14,,,,,,,,,,,,,,,,,,,,,,,,,,,,,10029,0.002311620395630598
,,,14,,,,,,,,,,,,,,,,,,,,,,,,,,,,,10039,0.021153872832655907
,,,14,,,,,,,,,,,,,,,,,,,,,,,,,,,,,10049,0.03963309898972511
,,,14,,,,,,,,,,,,,,,,,,,,,,,,,,,,,10059,0.003565155668184161
,,,14,,,,,,,,,,,,,,,,,,,,,,,,,,,,,10069,0.003147321520373225
,,,14,,,,,,,,,,,,,,,,,,,,,,,,,,,,,10079,0.5093278288841248
,,,14,,,,,,,,,,,,,,,,,,,,,,,,,,,,,10089,0.0022666773293167353
,,,14,,,,,,,,,,,,,,,,,,,,,,,,,,,,,10099,0.004615208134055138
,,,14,,,,,,,,,,,,,,,,,,,,,,,,,,,,,10109,0.6054601669311523
,,,14,,,,,,,,,,,,,,,,,,,,,,,,,,,,,10119,0.02817775309085846
,,,14,,,,,,,,,,,,,,,,,,,,,,,,,,,,,10129,0.004968526307493448
,,,14,,,,,,,,,,,,,,,,,,,,,,,,,,,,,10139,0.1014818474650383
,,,14,,,,,,,,,,,,,,,,,,,,,,,,,,,,,10149,0.2128175050020218
,,,14,,,,,,,,,,,,,,,,,,,,,,,,,,,,,10159,0.042680367827415466
,,,14,,,,,,,,,,,,,,,,,,,,,,,,,,,,,10169,0.0022989194840192795
,,,14,,,,,,,,,,,,,,,,,,,,,,,,,,,,,10179,0.08445724844932556
,,,14,,,,,,,,,,,,,,,,,,,,,,,,,,,,,10189,0.034492552280426025
,,,14,,,,,,,,,,,,,,,,,,,,,,,,,,,,,10199,0.12603066861629486
,,,14,,,,,,,,,,,,,,,,,,,,,,,,,,,,,10209,0.0018782904371619225
,,,14,,,,,,,,,,,,,,,,,,,,,,,,,,,,,10219,0.005474402103573084
,,,14,,,,,,,,,,,,,,,,,,,,,,,,,,,,,10229,0.005779466591775417
,,,14,,,,,,,,,,,,,,,,,,,,,,,,,,,,,10239,0.0031870019156485796
,,,14,,,,,,,,,,,,,,,,,,,,,,,,,,,,,10249,0.10311077535152435
,,,14,,,,,,,,,,,,,,,,,,,,,,,,,,,,,10259,0.46686458587646484
,,,14,,,,,,,,,,,,,,,,,,,,,,,,,,,,,10269,0.009235926903784275
,,,14,,,,,,,,,,,,,,,,,,,,,,,,,,,,,10279,0.0061648194678127766
,,,14,,,,,,,,,,,,,,,,,,,,,,,,,,,,,10289,0.8306912183761597
,,,14,,,,,,,,,,,,,,,,,,,,,,,,,,,,,10299,0.17734549939632416
,,,14,,,,,,,,,,,,,,,,,,,,,,,,,,,,,10309,0.011106209829449654
,,,14,,,,,,,,,,,,,,,,,,,,,,,,,,,,,10319,0.10108054429292679
,,,14,,,,,,,,,,,,,,,,,,,,,,,,,,,,,10329,0.45436954498291016
,,,14,,,,,,,,,,,,,,,,,,,,,,,,,,,,,10339,0.009530088864266872
,,,14,,,,,,,,,,,,,,,,,,,,,,,,,,,,,10349,0.5460472106933594
,,,14,,,,,,,,,,,,,,,,,,,,,,,,,,,,,10359,0.006455472204834223
,,,14,,,,,,,,,,,,,,,,,,,,,,,,,,,,,10369,0.036106355488300323
,,,14,,,,,,,,,,,,,,,,,,,,,,,,,,,,,10379,0.0016197779914364219
,,,14,,,,,,,,,,,,,,,,,,,,,,,,,,,,,10389,0.06940297782421112
,,,14,,,,,,,,,,,,,,,,,,,,,,,,,,,,,10399,0.005233625415712595
,,,14,,,,,,,,,,,,,,,,,,,,,,,,,,,,,10409,0.024766817688941956
,,,14,,,,,,,,,,,,,,,,,,,,,,,,,,,,,10419,0.0033363690599799156
,,,14,,,,,,,,,,,,,,,,,,,,,,,,,,,,,10429,0.004320917651057243
,,,14,,,,,,,,,,,,,,,,,,,,,,,,,,,,,10439,0.006921371910721064
,,,14,,,,,,,,,,,,,,,,,,,,,,,,,,,,,10449,0.006850006058812141
,,,14,,,,,,,,,,,,,,,,,,,,,,,,,,,,,10459,0.08245041966438293
,,,14,,,,,,,,,,,,,,,,,,,,,,,,,,,,,10469,0.0027013178914785385
,,,14,,,,,,,,,,,,,,,,,,,,,,,,,,,,,10479,0.002860571723431349
,,,14,,,,,,,,,,,,,,,,,,,,,,,,,,,,,10489,0.0039050288032740355
,,,14,,,,,,,,,,,,,,,,,,,,,,,,,,,,,10499,0.002646430628374219
,,,14,,,,,,,,,,,,,,,,,,,,,,,,,,,,,10509,0.014984207227826118
0.8460811972618103,0.8265682458877563,0.8665376901626587,14,,,,,,,,,,,,,,,,,,,,,,,,,,,,,10514,
,,,,5.022638399154116e-07,2.813704505670875e-06,4.328776162570576e-06,4.328776162570576e-06,6.659655634723963e-06,6.659655634723963e-06,1.0245624053421482e-05,1.0245624053421482e-05,1.5762498543725355e-05,1.5762498543725355e-05,2.4249997759577468e-05,5.022638399154116e-07,2.4249997759577468e-05,3.730768886088841e-05,3.730768886088841e-05,5.739644440136679e-05,5.739644440136679e-05,8.83022221559489e-05,8.83022221559489e-05,8.83022221559489e-05,8.83022221559489e-05,7.72713599869864e-07,7.72713599869864e-07,1.1887901536459447e-06,1.1887901536459447e-06,1.8289079286860687e-06,1.8289079286860687e-06,2.813704505670875e-06,10515,
,,,15,,,,,,,,,,,,,,,,,,,,,,,,,,,,,10519,0.026472920551896095
,,,15,,,,,,,,,,,,,,,,,,,,,,,,,,,,,10529,0.0028656749054789543
,,,15,,,,,,,,,,,,,,,,,,,,,,,,,,,,,10539,0.006016303785145283
,,,15,,,,,,,,,,,,,,,,,,,,,,,,,,,,,10549,0.004694041796028614
,,,15,,,,,,,,,,,,,,,,,,,,,,,,,,,,,10559,0.002270958386361599
,,,15,,,,,,,,,,,,,,,,,,,,,,,,,,,,,10569,0.1508248746395111
,,,15,,,,,,,,,,,,,,,,,,,,,,,,,,,,,10579,0.002422313205897808
,,,15,,,,,,,,,,,,,,,,,,,,,,,,,,,,,10589,0.005826600827276707
,,,15,,,,,,,,,,,,,,,,,,,,,,,,,,,,,10599,0.11103185266256332
,,,15,,,,,,,,,,,,,,,,,,,,,,,,,,,,,10609,0.07579044252634048
,,,15,,,,,,,,,,,,,,,,,,,,,,,,,,,,,10619,0.028754327446222305
,,,15,,,,,,,,,,,,,,,,,,,,,,,,,,,,,10629,0.0017049318412318826
,,,15,,,,,,,,,,,,,,,,,,,,,,,,,,,,,10639,0.0015780649846419692
,,,15,,,,,,,,,,,,,,,,,,,,,,,,,,,,,10649,0.047274149954319
,,,15,,,,,,,,,,,,,,,,,,,,,,,,,,,,,10659,0.002176133682951331
,,,15,,,,,,,,,,,,,,,,,,,,,,,,,,,,,10669,0.2007254958152771
,,,15,,,,,,,,,,,,,,,,,,,,,,,,,,,,,10679,0.004763736389577389
,,,15,,,,,,,,,,,,,,,,,,,,,,,,,,,,,10689,0.08645123988389969
,,,15,,,,,,,,,,,,,,,,,,,,,,,,,,,,,10699,0.0038554577622562647
,,,15,,,,,,,,,,,,,,,,,,,,,,,,,,,,,10709,0.0067416406236588955
,,,15,,,,,,,,,,,,,,,,,,,,,,,,,,,,,10719,0.004133336711674929
,,,15,,,,,,,,,,,,,,,,,,,,,,,,,,,,,10729,0.007432372774928808
,,,15,,,,,,,,,,,,,,,,,,,,,,,,,,,,,10739,0.0030206269584596157
,,,15,,,,,,,,,,,,,,,,,,,,,,,,,,,,,10749,0.0018083666218444705
,,,15,,,,,,,,,,,,,,,,,,,,,,,,,,,,,10759,0.001754285185597837
,,,15,,,,,,,,,,,,,,,,,,,,,,,,,,,,,10769,0.008633511140942574
,,,15,,,,,,,,,,,,,,,,,,,,,,,,,,,,,10779,0.002486896002665162
,,,15,,,,,,,,,,,,,,,,,,,,,,,,,,,,,10789,0.629822313785553
,,,15,,,,,,,,,,,,,,,,,,,,,,,,,,,,,10799,0.015941152349114418
,,,15,,,,,,,,,,,,,,,,,,,,,,,,,,,,,10809,0.050612956285476685
,,,15,,,,,,,,,,,,,,,,,,,,,,,,,,,,,10819,0.017246821895241737
,,,15,,,,,,,,,,,,,,,,,,,,,,,,,,,,,10829,0.005344622302800417
,,,15,,,,,,,,,,,,,,,,,,,,,,,,,,,,,10839,0.005303998943418264
,,,15,,,,,,,,,,,,,,,,,,,,,,,,,,,,,10849,0.06649832427501678
,,,15,,,,,,,,,,,,,,,,,,,,,,,,,,,,,10859,0.03091461956501007
,,,15,,,,,,,,,,,,,,,,,,,,,,,,,,,,,10869,0.009419227950274944
,,,15,,,,,,,,,,,,,,,,,,,,,,,,,,,,,10879,0.0082432571798563
,,,15,,,,,,,,,,,,,,,,,,,,,,,,,,,,,10889,0.012117606587707996
,,,15,,,,,,,,,,,,,,,,,,,,,,,,,,,,,10899,0.6755300760269165
,,,15,,,,,,,,,,,,,,,,,,,,,,,,,,,,,10909,0.04265635833144188
,,,15,,,,,,,,,,,,,,,,,,,,,,,,,,,,,10919,0.009029955603182316
,,,15,,,,,,,,,,,,,,,,,,,,,,,,,,,,,10929,0.005299057811498642
,,,15,,,,,,,,,,,,,,,,,,,,,,,,,,,,,10939,0.0023217981215566397
,,,15,,,,,,,,,,,,,,,,,,,,,,,,,,,,,10949,0.03174608573317528
,,,15,,,,,,,,,,,,,,,,,,,,,,,,,,,,,10959,0.0032951668836176395
,,,15,,,,,,,,,,,,,,,,,,,,,,,,,,,,,10969,0.0014239700976759195
,,,15,,,,,,,,,,,,,,,,,,,,,,,,,,,,,10979,0.005496751517057419
,,,15,,,,,,,,,,,,,,,,,,,,,,,,,,,,,10989,0.0015150384278967977
,,,15,,,,,,,,,,,,,,,,,,,,,,,,,,,,,10999,0.34308215975761414
,,,15,,,,,,,,,,,,,,,,,,,,,,,,,,,,,11009,0.02518577314913273
,,,15,,,,,,,,,,,,,,,,,,,,,,,,,,,,,11019,0.028420180082321167
,,,15,,,,,,,,,,,,,,,,,,,,,,,,,,,,,11029,0.0031254603527486324
,,,15,,,,,,,,,,,,,,,,,,,,,,,,,,,,,11039,0.06201978400349617
,,,15,,,,,,,,,,,,,,,,,,,,,,,,,,,,,11049,0.03982843458652496
,,,15,,,,,,,,,,,,,,,,,,,,,,,,,,,,,11059,0.01793648675084114
,,,15,,,,,,,,,,,,,,,,,,,,,,,,,,,,,11069,0.020884007215499878
,,,15,,,,,,,,,,,,,,,,,,,,,,,,,,,,,11079,0.513037383556366
,,,15,,,,,,,,,,,,,,,,,,,,,,,,,,,,,11089,0.009790684096515179
,,,15,,,,,,,,,,,,,,,,,,,,,,,,,,,,,11099,0.0037551075220108032
,,,15,,,,,,,,,,,,,,,,,,,,,,,,,,,,,11109,0.02960016019642353
,,,15,,,,,,,,,,,,,,,,,,,,,,,,,,,,,11119,0.015021126717329025
,,,15,,,,,,,,,,,,,,,,,,,,,,,,,,,,,11129,0.0018937408458441496
,,,15,,,,,,,,,,,,,,,,,,,,,,,,,,,,,11139,0.0038451312575489283
,,,15,,,,,,,,,,,,,,,,,,,,,,,,,,,,,11149,0.006027440074831247
,,,15,,,,,,,,,,,,,,,,,,,,,,,,,,,,,11159,0.003522922983393073
,,,15,,,,,,,,,,,,,,,,,,,,,,,,,,,,,11169,0.007757500279694796
,,,15,,,,,,,,,,,,,,,,,,,,,,,,,,,,,11179,0.43688368797302246
,,,15,,,,,,,,,,,,,,,,,,,,,,,,,,,,,11189,0.006728805135935545
,,,15,,,,,,,,,,,,,,,,,,,,,,,,,,,,,11199,0.01405659131705761
,,,15,,,,,,,,,,,,,,,,,,,,,,,,,,,,,11209,0.0064565385691821575
,,,,4.88981018344231e-07,2.739293544871571e-06,4.2142977613408785e-06,4.2142977613408785e-06,6.4835350174475046e-06,6.4835350174475046e-06,9.974669257611545e-06,9.974669257611545e-06,1.534564501171007e-05,1.534564501171007e-05,2.3608684633400107e-05,4.88981018344231e-07,2.3608684633400107e-05,3.6321053282154005e-05,3.6321053282154005e-05,5.587854351100617e-05,5.587854351100617e-05,8.596699001693255e-05,8.596699001693255e-05,8.596699001693255e-05,8.596699001693255e-05,7.522784897603552e-07,7.522784897603552e-07,1.1573515227082388e-06,1.1573515227082388e-06,1.7805408041665213e-06,1.7805408041665213e-06,2.739293544871571e-06,11216,
,,,16,,,,,,,,,,,,,,,,,,,,,,,,,,,,,11219,0.009144987910985947
,,,16,,,,,,,,,,,,,,,,,,,,,,,,,,,,,11229,0.003231457667425275
,,,16,,,,,,,,,,,,,,,,,,,,,,,,,,,,,11239,0.0030137912835925817
,,,16,,,,,,,,,,,,,,,,,,,,,,,,,,,,,11249,1.4278284311294556
,,,16,,,,,,,,,,,,,,,,,,,,,,,,,,,,,11259,0.022831715643405914
,,,16,,,,,,,,,,,,,,,,,,,,,,,,,,,,,11269,0.02705857716500759
,,,16,,,,,,,,,,,,,,,,,,,,,,,,,,,,,11279,0.09340885281562805
,,,16,,,,,,,,,,,,,,,,,,,,,,,,,,,,,11289,0.0701875388622284
,,,16,,,,,,,,,,,,,,,,,,,,,,,,,,,,,11299,0.005651690065860748
,,,16,,,,,,,,,,,,,,,,,,,,,,,,,,,,,11309,0.0026832520961761475
,,,16,,,,,,,,,,,,,,,,,,,,,,,,,,,,,11319,0.004324414301663637
,,,16,,,,,,,,,,,,,,,,,,,,,,,,,,,,,11329,0.022982697933912277
,,,16,,,,,,,,,,,,,,,,,,,,,,,,,,,,,11339,0.005315815098583698
,,,16,,,,,,,,,,,,,,,,,,,,,,,,,,,,,11349,0.7560147047042847
,,,16,,,,,,,,,,,,,,,,,,,,,,,,,,,,,11359,0.6294586658477783
,,,16,,,,,,,,,,,,,,,,,,,,,,,,,,,,,11369,0.041888244450092316
,,,16,,,,,,,,,,,,,,,,,,,,,,,,,,,,,11379,0.036319609731435776
,,,16,,,,,,,,,,,,,,,,,,,,,,,,,,,,,11389,0.021982381120324135
,,,16,,,,,,,,,,,,,,,,,,,,,,,,,,,,,11399,0.002341091400012374
,,,16,,,,,,,,,,,,,,,,,,,,,,,,,,,,,11409,0.06199216842651367
,,,16,,,,,,,,,,,,,,,,,,,,,,,,,,,,,11419,0.47824540734291077
,,,16,,,,,,,,,,,,,,,,,,,,,,,,,,,,,11429,0.41342875361442566
,,,16,,,,,,,,,,,,,,,,,,,,,,,,,,,,,11439,0.005543479695916176
,,,16,,,,,,,,,,,,,,,,,,,,,,,,,,,,,11449,0.0046259318478405476
,,,16,,,,,,,,,,,,,,,,,,,,,,,,,,,,,11459,0.004774507600814104
,,,16,,,,,,,,,,,,,,,,,,,,,,,,,,,,,11469,0.0021155287977308035
,,,16,,,,,,,,,,,,,,,,,,,,,,,,,,,,,11479,0.08118367195129395
,,,16,,,,,,,,,,,,,,,,,,,,,,,,,,,,,11489,0.009137201122939587
,,,16,,,,,,,,,,,,,,,,,,,,,,,,,,,,,11499,0.010543442331254482
,,,16,,,,,,,,,,,,,,,,,,,,,,,,,,,,,11509,0.01245073601603508
,,,16,,,,,,,,,,,,,,,,,,,,,,,,,,,,,11519,0.057810910046100616
,,,16,,,,,,,,,,,,,,,,,,,,,,,,,,,,,11529,0.48870420455932617
,,,16,,,,,,,,,,,,,,,,,,,,,,,,,,,,,11539,0.003992871381342411
,,,16,,,,,,,,,,,,,,,,,,,,,,,,,,,,,11549,0.004098942968994379
,,,16,,,,,,,,,,,,,,,,,,,,,,,,,,,,,11559,0.005201558116823435
,,,16,,,,,,,,,,,,,,,,,,,,,,,,,,,,,11569,0.05777465179562569
,,,16,,,,,,,,,,,,,,,,,,,,,,,,,,,,,11579,0.11879602074623108
,,,16,,,,,,,,,,,,,,,,,,,,,,,,,,,,,11589,0.10111281275749207
,,,16,,,,,,,,,,,,,,,,,,,,,,,,,,,,,11599,0.01773066818714142
,,,16,,,,,,,,,,,,,,,,,,,,,,,,,,,,,11609,0.002919115126132965
,,,16,,,,,,,,,,,,,,,,,,,,,,,,,,,,,11619,0.10242107510566711
,,,16,,,,,,,,,,,,,,,,,,,,,,,,,,,,,11629,0.002205825177952647
,,,16,,,,,,,,,,,,,,,,,,,,,,,,,,,,,11639,0.1608402132987976
,,,16,,,,,,,,,,,,,,,,,,,,,,,,,,,,,11649,0.008307073265314102
,,,16,,,,,,,,,,,,,,,,,,,,,,,,,,,,,11659,0.0031734234653413296
,,,16,,,,,,,,,,,,,,,,,,,,,,,,,,,,,11669,0.0025689208414405584
,,,16,,,,,,,,,,,,,,,,,,,,,,,,,,,,,11679,0.34080949425697327
,,,16,,,,,,,,,,,,,,,,,,,,,,,,,,,,,11689,0.002877720631659031
,,,16,,,,,,,,,,,,,,,,,,,,,,,,,,,,,11699,0.0036860208492726088
,,,16,,,,,,,,,,,,,,,,,,,,,,,,,,,,,11709,0.03965582326054573
,,,16,,,,,,,,,,,,,,,,,,,,,,,,,,,,,11719,0.00980419386178255
,,,16,,,,,,,,,,,,,,,,,,,,,,,,,,,,,11729,0.0048165107145905495
,,,16,,,,,,,,,,,,,,,,,,,,,,,,,,,,,11739,0.004863637033849955
,,,16,,,,,,,,,,,,,,,,,,,,,,,,,,,,,11749,0.002082518069073558
,,,16,,,,,,,,,,,,,,,,,,,,,,,,,,,,,11759,0.046143483370542526
,,,16,,,,,,,,,,,,,,,,,,,,,,,,,,,,,11769,0.026938773691654205
,,,16,,,,,,,,,,,,,,,,,,,,,,,,,,,,,11779,0.0026014423929154873
,,,16,,,,,,,,,,,,,,,,,,,,,,,,,,,,,11789,0.6332516670227051
,,,16,,,,,,,,,,,,,,,,,,,,,,,,,,,,,11799,0.014564821496605873
,,,16,,,,,,,,,,,,,,,,,,,,,,,,,,,,,11809,0.010828420519828796
,,,16,,,,,,,,,,,,,,,,,,,,,,,,,,,,,11819,0.012661916203796864
,,,16,,,,,,,,,,,,,,,,,,,,,,,,,,,,,11829,0.004349216353148222
,,,16,,,,,,,,,,,,,,,,,,,,,,,,,,,,,11839,0.043486740440130234
,,,16,,,,,,,,,,,,,,,,,,,,,,,,,,,,,11849,0.07921899110078812
,,,16,,,,,,,,,,,,,,,,,,,,,,,,,,,,,11859,0.00500806188210845
,,,16,,,,,,,,,,,,,,,,,,,,,,,,,,,,,11869,0.0027204896323382854
,,,16,,,,,,,,,,,,,,,,,,,,,,,,,,,,,11879,0.0025809681974351406
,,,16,,,,,,,,,,,,,,,,,,,,,,,,,,,,,11889,0.0026116135995835066
,,,16,,,,,,,,,,,,,,,,,,,,,,,,,,,,,11899,0.01890488713979721
,,,16,,,,,,,,,,,,,,,,,,,,,,,,,,,,,11909,0.00232802820391953
,,,,4.747015008238162e-07,2.65929904876617e-06,4.091229305794108e-06,4.091229305794108e-06,6.294198931990935e-06,6.294198931990935e-06,9.683382972293745e-06,9.683382972293745e-06,1.48975122650673e-05,1.48975122650673e-05,2.2919249638565074e-05,4.747015008238162e-07,2.2919249638565074e-05,3.5260384059330885e-05,3.5260384059330885e-05,5.42467447066629e-05,5.42467447066629e-05,8.345653031794292e-05,8.345653031794292e-05,8.345653031794292e-05,8.345653031794292e-05,7.303100012674094e-07,7.303100012674094e-07,1.123553848103707e-06,1.123553848103707e-06,1.7285443816980106e-06,1.7285443816980106e-06,2.65929904876617e-06,11917,
,,,17,,,,,,,,,,,,,,,,,,,,,,,,,,,,,11919,0.20771774649620056
,,,17,,,,,,,,,,,,,,,,,,,,,,,,,,,,,11929,0.010676131583750248
,,,17,,,,,,,,,,,,,,,,,,,,,,,,,,,,,11939,0.00929136574268341
,,,17,,,,,,,,,,,,,,,,,,,,,,,,,,,,,11949,0.002315477468073368
,,,17,,,,,,,,,,,,,,,,,,,,,,,,,,,,,11959,0.007798157632350922
,,,17,,,,,,,,,,,,,,,,,,,,,,,,,,,,,11969,0.0040288809686899185
,,,17,,,,,,,,,,,,,,,,,,,,,,,,,,,,,11979,0.630912721157074
,,,17,,,,,,,,,,,,,,,,,,,,,,,,,,,,,11989,0.03268713876605034
,,,17,,,,,,,,,,,,,,,,,,,,,,,,,,,,,11999,0.19608765840530396
,,,17,,,,,,,,,,,,,,,,,,,,,,,,,,,,,12009,0.002679115626960993
,,,17,,,,,,,,,,,,,,,,,,,,,,,,,,,,,12019,0.004895118996500969
,,,17,,,,,,,,,,,,,,,,,,,,,,,,,,,,,12029,0.0033762305974960327
,,,17,,,,,,,,,,,,,,,,,,,,,,,,,,,,,12039,0.2674834132194519
,,,17,,,,,,,,,,,,,,,,,,,,,,,,,,,,,12049,0.015094563364982605
,,,17,,,,,,,,,,,,,,,,,,,,,,,,,,,,,12059,0.0009565567597746849
,,,17,,,,,,,,,,,,,,,,,,,,,,,,,,,,,12069,0.06597752124071121
,,,17,,,,,,,,,,,,,,,,,,,,,,,,,,,,,12079,0.0066524469293653965
,,,17,,,,,,,,,,,,,,,,,,,,,,,,,,,,,12089,0.09485001862049103
,,,17,,,,,,,,,,,,,,,,,,,,,,,,,,,,,12099,0.07022111117839813
,,,17,,,,,,,,,,,,,,,,,,,,,,,,,,,,,12109,0.007994776591658592
,,,17,,,,,,,,,,,,,,,,,,,,,,,,,,,,,12119,0.0031493930146098137
,,,17,,,,,,,,,,,,,,,,,,,,,,,,,,,,,12129,0.0018209463451057673
,,,17,,,,,,,,,,,,,,,,,,,,,,,,,,,,,12139,0.0007435372681356966
,,,17,,,,,,,,,,,,,,,,,,,,,,,,,,,,,12149,0.01209339126944542
,,,17,,,,,,,,,,,,,,,,,,,,,,,,,,,,,12159,0.30723875761032104
,,,17,,,,,,,,,,,,,,,,,,,,,,,,,,,,,12169,0.002689969027414918
,,,17,,,,,,,,,,,,,,,,,,,,,,,,,,,,,12179,1.6074612140655518
,,,17,,,,,,,,,,,,,,,,,,,,,,,,,,,,,12189,0.0030939264688640833
,,,17,,,,,,,,,,,,,,,,,,,,,,,,,,,,,12199,0.0005537249380722642
,,,17,,,,,,,,,,,,,,,,,,,,,,,,,,,,,12209,0.003428896190598607
,,,17,,,,,,,,,,,,,,,,,,,,,,,,,,,,,12219,0.009170032106339931
,,,17,,,,,,,,,,,,,,,,,,,,,,,,,,,,,12229,0.6273488402366638
,,,17,,,,,,,,,,,,,,,,,,,,,,,,,,,,,12239,0.24692659080028534
,,,17,,,,,,,,,,,,,,,,,,,,,,,,,,,,,12249,0.004360215738415718
,,,17,,,,,,,,,,,,,,,,,,,,,,,,,,,,,12259,0.005501584615558386
,,,17,,,,,,,,,,,,,,,,,,,,,,,,,,,,,12269,0.002965148538351059
,,,17,,,,,,,,,,,,,,,,,,,,,,,,,,,,,12279,0.004792243707925081
,,,17,,,,,,,,,,,,,,,,,,,,,,,,,,,,,12289,0.003995843231678009
,,,17,,,,,,,,,,,,,,,,,,,,,,,,,,,,,12299,0.0013456572778522968
,,,17,,,,,,,,,,,,,,,,,,,,,,,,,,,,,12309,0.025126488879323006
,,,17,,,,,,,,,,,,,,,,,,,,,,,,,,,,,12319,0.2869240343570709
,,,17,,,,,,,,,,,,,,,,,,,,,,,,,,,,,12329,0.025288036093115807
,,,17,,,,,,,,,,,,,,,,,,,,,,,,,,,,,12339,0.0050237965770065784
,,,17,,,,,,,,,,,,,,,,,,,,,,,,,,,,,12349,0.0106379184871912
,,,17,,,,,,,,,,,,,,,,,,,,,,,,,,,,,12359,0.014044380746781826
,,,17,,,,,,,,,,,,,,,,,,,,,,,,,,,,,12369,0.014249449595808983
,,,17,,,,,,,,,,,,,,,,,,,,,,,,,,,,,12379,0.030780166387557983
,,,17,,,,,,,,,,,,,,,,,,,,,,,,,,,,,12389,0.00869632326066494
,,,17,,,,,,,,,,,,,,,,,,,,,,,,,,,,,12399,0.003663408337160945
,,,17,,,,,,,,,,,,,,,,,,,,,,,,,,,,,12409,0.3663528859615326
,,,17,,,,,,,,,,,,,,,,,,,,,,,,,,,,,12419,0.0015164397191256285
,,,17,,,,,,,,,,,,,,,,,,,,,,,,,,,,,12429,0.04918897524476051
,,,17,,,,,,,,,,,,,,,,,,,,,,,,,,,,,12439,0.0013705944875255227
,,,17,,,,,,,,,,,,,,,,,,,,,,,,,,,,,12449,0.03361068293452263
,,,17,,,,,,,,,,,,,,,,,,,,,,,,,,,,,12459,0.033489808440208435
,,,17,,,,,,,,,,,,,,,,,,,,,,,,,,,,,12469,1.139047622680664
,,,17,,,,,,,,,,,,,,,,,,,,,,,,,,,,,12479,0.1663227528333664
,,,17,,,,,,,,,,,,,,,,,,,,,,,,,,,,,12489,0.18973073363304138
,,,17,,,,,,,,,,,,,,,,,,,,,,,,,,,,,12499,0.0055339038372039795
,,,17,,,,,,,,,,,,,,,,,,,,,,,,,,,,,12509,0.00252149417065084
,,,17,,,,,,,,,,,,,,,,,,,,,,,,,,,,,12519,0.015715979039669037
,,,17,,,,,,,,,,,,,,,,,,,,,,,,,,,,,12529,0.0019664615392684937
,,,17,,,,,,,,,,,,,,,,,,,,,,,,,,,,,12539,0.004781957715749741
,,,17,,,,,,,,,,,,,,,,,,,,,,,,,,,,,12549,0.0036653983406722546
,,,17,,,,,,,,,,,,,,,,,,,,,,,,,,,,,12559,0.0054087452590465546
,,,17,,,,,,,,,,,,,,,,,,,,,,,,,,,,,12569,0.003684129100292921
,,,17,,,,,,,,,,,,,,,,,,,,,,,,,,,,,12579,0.0015430152416229248
,,,17,,,,,,,,,,,,,,,,,,,,,,,,,,,,,12589,0.004681124817579985
,,,17,,,,,,,,,,,,,,,,,,,,,,,,,,,,,12599,0.002904630033299327
,,,17,,,,,,,,,,,,,,,,,,,,,,,,,,,,,12609,0.12724877893924713
,,,,4.5949485572815476e-07,2.5741107424986786e-06,3.960170373074889e-06,3.960170373074889e-06,6.092569804730599e-06,6.092569804730599e-06,9.373184314970152e-06,9.373184314970152e-06,1.4420283561492542e-05,1.4420283561492542e-05,2.2185051633065447e-05,4.5949485572815476e-07,2.2185051633065447e-05,3.4130848666254534e-05,3.4130848666254534e-05,5.2508997948083897e-05,5.2508997948083897e-05,8.07830737662829e-05,8.07830737662829e-05,8.07830737662829e-05,8.07830737662829e-05,7.069151626586995e-07,7.069151626586995e-07,1.0875617887056918e-06,1.0875617887056918e-06,1.673171982624141e-06,1.673171982624141e-06,2.5741107424986786e-06,12618,
,,,18,,,,,,,,,,,,,,,,,,,,,,,,,,,,,12619,0.0017629401991143823
,,,18,,,,,,,,,,,,,,,,,,,,,,,,,,,,,12629,0.330404132604599
,,,18,,,,,,,,,,,,,,,,,,,,,,,,,,,,,12639,0.03143585845828056
,,,18,,,,,,,,,,,,,,,,,,,,,,,,,,,,,12649,0.33971792459487915
,,,18,,,,,,,,,,,,,,,,,,,,,,,,,,,,,12659,0.002496412955224514
,,,18,,,,,,,,,,,,,,,,,,,,,,,,,,,,,12669,0.0035053177271038294
,,,18,,,,,,,,,,,,,,,,,,,,,,,,,,,,,12679,0.022509925067424774
,,,18,,,,,,,,,,,,,,,,,,,,,,,,,,,,,12689,0.002886042930185795
,,,18,,,,,,,,,,,,,,,,,,,,,,,,,,,,,12699,0.03721784055233002
,,,18,,,,,,,,,,,,,,,,,,,,,,,,,,,,,12709,0.012533527798950672
,,,18,,,,,,,,,,,,,,,,,,,,,,,,,,,,,12719,0.0022917520254850388
,,,18,,,,,,,,,,,,,,,,,,,,,,,,,,,,,12729,0.010434105060994625
,,,18,,,,,,,,,,,,,,,,,,,,,,,,,,,,,12739,0.00637495843693614
,,,18,,,,,,,,,,,,,,,,,,,,,,,,,,,,,12749,0.020009828731417656
,,,18,,,,,,,,,,,,,,,,,,,,,,,,,,,,,12759,0.31832438707351685
,,,18,,,,,,,,,,,,,,,,,,,,,,,,,,,,,12769,0.021062096580863
,,,18,,,,,,,,,,,,,,,,,,,,,,,,,,,,,12779,0.003309523919597268
,,,18,,,,,,,,,,,,,,,,,,,,,,,,,,,,,12789,0.06485486030578613
,,,18,,,,,,,,,,,,,,,,,,,,,,,,,,,,,12799,0.0026363765355199575
,,,18,,,,,,,,,,,,,,,,,,,,,,,,,,,,,12809,0.09812561422586441
,,,18,,,,,,,,,,,,,,,,,,,,,,,,,,,,,12819,0.005605275742709637
,,,18,,,,,,,,,,,,,,,,,,,,,,,,,,,,,12829,0.371682733297348
,,,18,,,,,,,,,,,,,,,,,,,,,,,,,,,,,12839,0.001686891890130937
,,,18,,,,,,,,,,,,,,,,,,,,,,,,,,,,,12849,0.3318469226360321
,,,18,,,,,,,,,,,,,,,,,,,,,,,,,,,,,12859,0.23047368228435516
,,,18,,,,,,,,,,,,,,,,,,,,,,,,,,,,,12869,0.002055027987807989
,,,18,,,,,,,,,,,,,,,,,,,,,,,,,,,,,12879,0.05274146795272827
,,,18,,,,,,,,,,,,,,,,,,,,,,,,,,,,,12889,0.002604387467727065
,,,18,,,,,,,,,,,,,,,,,,,,,,,,,,,,,12899,0.003079149406403303
,,,18,,,,,,,,,,,,,,,,,,,,,,,,,,,,,12909,0.18818730115890503
,,,18,,,,,,,,,,,,,,,,,,,,,,,,,,,,,12919,0.012330600060522556
,,,18,,,,,,,,,,,,,,,,,,,,,,,,,,,,,12929,0.0075613874942064285
,,,18,,,,,,,,,,,,,,,,,,,,,,,,,,,,,12939,1.755273699760437
,,,18,,,,,,,,,,,,,,,,,,,,,,,,,,,,,12949,0.0029124319553375244
,,,18,,,,,,,,,,,,,,,,,,,,,,,,,,,,,12959,0.6598833799362183
,,,18,,,,,,,,,,,,,,,,,,,,,,,,,,,,,12969,0.0239110104739666
,,,18,,,,,,,,,,,,,,,,,,,,,,,,,,,,,12979,0.03613827005028725
,,,18,,,,,,,,,,,,,,,,,,,,,,,,,,,,,12989,0.002955198986455798
,,,18,,,,,,,,,,,,,,,,,,,,,,,,,,,,,12999,0.010550149716436863
,,,18,,,,,,,,,,,,,,,,,,,,,,,,,,,,,13009,0.002895197132602334
,,,18,,,,,,,,,,,,,,,,,,,,,,,,,,,,,13019,0.1172773614525795
,,,18,,,,,,,,,,,,,,,,,,,,,,,,,,,,,13029,0.8172420263290405
,,,18,,,,,,,,,,,,,,,,,,,,,,,,,,,,,13039,0.03866374120116234
,,,18,,,,,,,,,,,,,,,,,,,,,,,,,,,,,13049,0.0074342698790133
,,,18,,,,,,,,,,,,,,,,,,,,,,,,,,,,,13059,0.003420755732804537
,,,18,,,,,,,,,,,,,,,,,,,,,,,,,,,,,13069,0.04106615111231804
,,,18,,,,,,,,,,,,,,,,,,,,,,,,,,,,,13079,0.0691944807767868
,,,18,,,,,,,,,,,,,,,,,,,,,,,,,,,,,13089,0.25612980127334595
,,,18,,,,,,,,,,,,,,,,,,,,,,,,,,,,,13099,0.0037310097832232714
,,,18,,,,,,,,,,,,,,,,,,,,,,,,,,,,,13109,0.24565495550632477
,,,18,,,,,,,,,,,,,,,,,,,,,,,,,,,,,13119,0.021417677402496338
,,,18,,,,,,,,,,,,,,,,,,,,,,,,,,,,,13129,0.05987278372049332
,,,18,,,,,,,,,,,,,,,,,,,,,,,,,,,,,13139,0.004970862530171871
,,,18,,,,,,,,,,,,,,,,,,,,,,,,,,,,,13149,0.015052278526127338
,,,18,,,,,,,,,,,,,,,,,,,,,,,,,,,,,13159,0.023264102637767792
,,,18,,,,,,,,,,,,,,,,,,,,,,,,,,,,,13169,0.009675035253167152
,,,18,,,,,,,,,,,,,,,,,,,,,,,,,,,,,13179,0.008807872422039509
,,,18,,,,,,,,,,,,,,,,,,,,,,,,,,,,,13189,0.001811911235563457
,,,18,,,,,,,,,,,,,,,,,,,,,,,,,,,,,13199,0.008247467689216137
,,,18,,,,,,,,,,,,,,,,,,,,,,,,,,,,,13209,0.00490574399009347
,,,18,,,,,,,,,,,,,,,,,,,,,,,,,,,,,13219,0.2912342846393585
,,,18,,,,,,,,,,,,,,,,,,,,,,,,,,,,,13229,0.05157192423939705
,,,18,,,,,,,,,,,,,,,,,,,,,,,,,,,,,13239,0.002721130382269621
,,,18,,,,,,,,,,,,,,,,,,,,,,,,,,,,,13249,0.020520925521850586
,,,18,,,,,,,,,,,,,,,,,,,,,,,,,,,,,13259,0.002510917140170932
,,,18,,,,,,,,,,,,,,,,,,,,,,,,,,,,,13269,0.0009333681082352996
,,,18,,,,,,,,,,,,,,,,,,,,,,,,,,,,,13279,0.0017535872757434845
,,,18,,,,,,,,,,,,,,,,,,,,,,,,,,,,,13289,0.0016973580932244658
,,,18,,,,,,,,,,,,,,,,,,,,,,,,,,,,,13299,0.26889634132385254
,,,18,,,,,,,,,,,,,,,,,,,,,,,,,,,,,13309,0.0506160743534565
,,,,4.4343516830358614e-07,2.484143654934133e-06,3.821759469129435e-06,3.821759469129435e-06,5.879629952506824e-06,5.879629952506824e-06,9.045584542318189e-06,9.045584542318189e-06,1.3916283911258752e-05,1.3916283911258752e-05,2.1409667555782694e-05,4.4343516830358614e-07,2.1409667555782694e-05,3.293795008581953e-05,3.293795008581953e-05,5.067376936279928e-05,5.067376936279928e-05,7.795964517353735e-05,7.795964517353735e-05,7.795964517353735e-05,7.795964517353735e-05,6.822079512362862e-07,6.822079512362862e-07,1.0495506942096713e-06,1.0495506942096713e-06,1.6146933757071865e-06,1.6146933757071865e-06,2.484143654934133e-06,13319,
,,,19,,,,,,,,,,,,,,,,,,,,,,,,,,,,,13319,0.0032274704426527023
,,,19,,,,,,,,,,,,,,,,,,,,,,,,,,,,,13329,0.010145477950572968
,,,19,,,,,,,,,,,,,,,,,,,,,,,,,,,,,13339,0.011389213614165783
,,,19,,,,,,,,,,,,,,,,,,,,,,,,,,,,,13349,0.0038187832105904818
,,,19,,,,,,,,,,,,,,,,,,,,,,,,,,,,,13359,0.0037177428603172302
,,,19,,,,,,,,,,,,,,,,,,,,,,,,,,,,,13369,0.759503185749054
,,,19,,,,,,,,,,,,,,,,,,,,,,,,,,,,,13379,0.004902862012386322
,,,19,,,,,,,,,,,,,,,,,,,,,,,,,,,,,13389,0.10702734440565109
,,,19,,,,,,,,,,,,,,,,,,,,,,,,,,,,,13399,0.004686338827013969
,,,19,,,,,,,,,,,,,,,,,,,,,,,,,,,,,13409,0.004868091084063053
,,,19,,,,,,,,,,,,,,,,,,,,,,,,,,,,,13419,0.009382345713675022
,,,19,,,,,,,,,,,,,,,,,,,,,,,,,,,,,13429,0.01546485535800457
,,,19,,,,,,,,,,,,,,,,,,,,,,,,,,,,,13439,0.009381788782775402
,,,19,,,,,,,,,,,,,,,,,,,,,,,,,,,,,13449,0.00471612811088562
,,,19,,,,,,,,,,,,,,,,,,,,,,,,,,,,,13459,0.0036549651995301247
,,,19,,,,,,,,,,,,,,,,,,,,,,,,,,,,,13469,0.04331422224640846
,,,19,,,,,,,,,,,,,,,,,,,,,,,,,,,,,13479,0.004277325700968504
,,,19,,,,,,,,,,,,,,,,,,,,,,,,,,,,,13489,0.018962392583489418
,,,19,,,,,,,,,,,,,,,,,,,,,,,,,,,,,13499,0.0041494122706353664
,,,19,,,,,,,,,,,,,,,,,,,,,,,,,,,,,13509,0.001879171933978796
,,,19,,,,,,,,,,,,,,,,,,,,,,,,,,,,,13519,0.01874663680791855
,,,19,,,,,,,,,,,,,,,,,,,,,,,,,,,,,13529,0.00863135326653719
,,,19,,,,,,,,,,,,,,,,,,,,,,,,,,,,,13539,0.0030702059157192707
,,,19,,,,,,,,,,,,,,,,,,,,,,,,,,,,,13549,0.017170507460832596
,,,19,,,,,,,,,,,,,,,,,,,,,,,,,,,,,13559,0.011769379489123821
,,,19,,,,,,,,,,,,,,,,,,,,,,,,,,,,,13569,0.10489507019519806
,,,19,,,,,,,,,,,,,,,,,,,,,,,,,,,,,13579,0.0232399795204401
,,,19,,,,,,,,,,,,,,,,,,,,,,,,,,,,,13589,0.032963383942842484
,,,19,,,,,,,,,,,,,,,,,,,,,,,,,,,,,13599,0.1182016134262085
,,,19,,,,,,,,,,,,,,,,,,,,,,,,,,,,,13609,0.002956958254799247
,,,19,,,,,,,,,,,,,,,,,,,,,,,,,,,,,13619,0.011912016198039055
,,,19,,,,,,,,,,,,,,,,,,,,,,,,,,,,,13629,0.46979379653930664
,,,19,,,,,,,,,,,,,,,,,,,,,,,,,,,,,13639,0.003948116675019264
,,,19,,,,,,,,,,,,,,,,,,,,,,,,,,,,,13649,0.32177287340164185
,,,19,,,,,,,,,,,,,,,,,,,,,,,,,,,,,13659,0.0024764244444668293
,,,19,,,,,,,,,,,,,,,,,,,,,,,,,,,,,13669,0.006773664150387049
,,,19,,,,,,,,,,,,,,,,,,,,,,,,,,,,,13679,0.0019000413594767451
,,,19,,,,,,,,,,,,,,,,,,,,,,,,,,,,,13689,0.0016303065931424499
,,,19,,,,,,,,,,,,,,,,,,,,,,,,,,,,,13699,0.014890441671013832
,,,19,,,,,,,,,,,,,,,,,,,,,,,,,,,,,13709,0.0019140824442729354
,,,19,,,,,,,,,,,,,,,,,,,,,,,,,,,,,13719,0.004546208772808313
,,,19,,,,,,,,,,,,,,,,,,,,,,,,,,,,,13729,0.002482517622411251
,,,19,,,,,,,,,,,,,,,,,,,,,,,,,,,,,13739,0.0016943961381912231
,,,19,,,,,,,,,,,,,,,,,,,,,,,,,,,,,13749,0.0815032571554184
,,,19,,,,,,,,,,,,,,,,,,,,,,,,,,,,,13759,0.0025780622381716967
,,,19,,,,,,,,,,,,,,,,,,,,,,,,,,,,,13769,0.022552043199539185
,,,19,,,,,,,,,,,,,,,,,,,,,,,,,,,,,13779,0.0016184670384973288
,,,19,,,,,,,,,,,,,,,,,,,,,,,,,,,,,13789,0.009915858507156372
,,,19,,,,,,,,,,,,,,,,,,,,,,,,,,,,,13799,0.00533514516428113
,,,19,,,,,,,,,,,,,,,,,,,,,,,,,,,,,13809,0.6117355227470398
,,,19,,,,,,,,,,,,,,,,,,,,,,,,,,,,,13819,0.0016239444958046079
,,,19,,,,,,,,,,,,,,,,,,,,,,,,,,,,,13829,0.002115262672305107
,,,19,,,,,,,,,,,,,,,,,,,,,,,,,,,,,13839,0.0016714284429326653
,,,19,,,,,,,,,,,,,,,,,,,,,,,,,,,,,13849,0.0029896434862166643
,,,19,,,,,,,,,,,,,,,,,,,,,,,,,,,,,13859,0.004730456043034792
,,,19,,,,,,,,,,,,,,,,,,,,,,,,,,,,,13869,0.002430393360555172
,,,19,,,,,,,,,,,,,,,,,,,,,,,,,,,,,13879,0.002351922681555152
,,,19,,,,,,,,,,,,,,,,,,,,,,,,,,,,,13889,0.026096990332007408
,,,19,,,,,,,,,,,,,,,,,,,,,,,,,,,,,13899,0.004855944309383631
,,,19,,,,,,,,,,,,,,,,,,,,,,,,,,,,,13909,0.014720195904374123
,,,19,,,,,,,,,,,,,,,,,,,,,,,,,,,,,13919,0.0011184744071215391
,,,19,,,,,,,,,,,,,,,,,,,,,,,,,,,,,13929,0.0021732342429459095
,,,19,,,,,,,,,,,,,,,,,,,,,,,,,,,,,13939,0.0159450713545084
,,,19,,,,,,,,,,,,,,,,,,,,,,,,,,,,,13949,0.030927030369639397
,,,19,,,,,,,,,,,,,,,,,,,,,,,,,,,,,13959,0.003991083707660437
,,,19,,,,,,,,,,,,,,,,,,,,,,,,,,,,,13969,0.7846971154212952
,,,19,,,,,,,,,,,,,,,,,,,,,,,,,,,,,13979,0.08611176162958145
,,,19,,,,,,,,,,,,,,,,,,,,,,,,,,,,,13989,0.0801706612110138
,,,19,,,,,,,,,,,,,,,,,,,,,,,,,,,,,13999,0.24547405540943146
,,,19,,,,,,,,,,,,,,,,,,,,,,,,,,,,,14009,0.03356018662452698
,,,19,,,,,,,,,,,,,,,,,,,,,,,,,,,,,14019,0.429488867521286
0.8344370722770691,0.8166666626930237,0.8529980778694153,19,,,,,,,,,,,,,,,,,,,,,,,,,,,,,14019,
,,,,4.266006797329287e-07,2.3898360966796885e-06,3.676670917968751e-06,3.676670917968751e-06,5.656416796875001e-06,5.656416796875001e-06,8.702179687500003e-06,8.702179687500003e-06,1.3387968750000002e-05,1.3387968750000002e-05,2.0596875000000004e-05,4.266006797329287e-07,2.0596875000000004e-05,3.1687500000000005e-05,3.1687500000000005e-05,4.8750000000000006e-05,4.8750000000000006e-05,7.500000000000001e-05,7.500000000000001e-05,7.500000000000001e-05,7.500000000000001e-05,6.563087380506595e-07,6.563087380506595e-07,1.0097057508471684e-06,1.0097057508471684e-06,1.5533934628417975e-06,1.5533934628417975e-06,2.3898360966796885e-06,14020,
,,,20,,,,,,,,,,,,,,,,,,,,,,,,,,,,,14029,0.014483049511909485
,,,20,,,,,,,,,,,,,,,,,,,,,,,,,,,,,14039,0.23156221210956573
,,,20,,,,,,,,,,,,,,,,,,,,,,,,,,,,,14049,0.008129239082336426
,,,20,,,,,,,,,,,,,,,,,,,,,,,,,,,,,14059,0.0052368491888046265
,,,20,,,,,,,,,,,,,,,,,,,,,,,,,,,,,14069,0.09663733839988708
,,,20,,,,,,,,,,,,,,,,,,,,,,,,,,,,,14079,0.0027545865159481764
,,,20,,,,,,,,,,,,,,,,,,,,,,,,,,,,,14089,0.014262893237173557
,,,20,,,,,,,,,,,,,,,,,,,,,,,,,,,,,14099,0.007215396501123905
,,,20,,,,,,,,,,,,,,,,,,,,,,,,,,,,,14109,0.0057136863470077515
,,,20,,,,,,,,,,,,,,,,,,,,,,,,,,,,,14119,0.003966386895626783
,,,20,,,,,,,,,,,,,,,,,,,,,,,,,,,,,14129,0.004654128570109606
,,,20,,,,,,,,,,,,,,,,,,,,,,,,,,,,,14139,0.0026977406814694405
,,,20,,,,,,,,,,,,,,,,,,,,,,,,,,,,,14149,0.008468551561236382
,,,20,,,,,,,,,,,,,,,,,,,,,,,,,,,,,14159,0.015569599345326424
,,,20,,,,,,,,,,,,,,,,,,,,,,,,,,,,,14169,0.03552320599555969
,,,20,,,,,,,,,,,,,,,,,,,,,,,,,,,,,14179,0.002577941631898284
,,,20,,,,,,,,,,,,,,,,,,,,,,,,,,,,,14189,0.008089469745755196
,,,20,,,,,,,,,,,,,,,,,,,,,,,,,,,,,14199,0.005201790016144514
,,,20,,,,,,,,,,,,,,,,,,,,,,,,,,,,,14209,0.00825553946197033
,,,20,,,,,,,,,,,,,,,,,,,,,,,,,,,,,14219,0.002314474433660507
,,,20,,,,,,,,,,,,,,,,,,,,,,,,,,,,,14229,0.030254891142249107
,,,20,,,,,,,,,,,,,,,,,,,,,,,,,,,,,14239,0.002456673886626959
,,,20,,,,,,,,,,,,,,,,,,,,,,,,,,,,,14249,0.14412783086299896
,,,20,,,,,,,,,,,,,,,,,,,,,,,,,,,,,14259,0.017801035195589066
,,,20,,,,,,,,,,,,,,,,,,,,,,,,,,,,,14269,1.3870084285736084
,,,20,,,,,,,,,,,,,,,,,,,,,,,,,,,,,14279,0.0019477816531434655
,,,20,,,,,,,,,,,,,,,,,,,,,,,,,,,,,14289,0.0016850684769451618
,,,20,,,,,,,,,,,,,,,,,,,,,,,,,,,,,14299,0.01162687223404646
,,,20,,,,,,,,,,,,,,,,,,,,,,,,,,,,,14309,0.002822011010721326
,,,20,,,,,,,,,,,,,,,,,,,,,,,,,,,,,14319,0.0020671035163104534
,,,20,,,,,,,,,,,,,,,,,,,,,,,,,,,,,14329,0.005294471047818661
,,,20,,,,,,,,,,,,,,,,,,,,,,,,,,,,,14339,0.012090564705431461
,,,20,,,,,,,,,,,,,,,,,,,,,,,,,,,,,14349,0.005466542672365904
,,,20,,,,,,,,,,,,,,,,,,,,,,,,,,,,,14359,0.0019621672108769417
,,,20,,,,,,,,,,,,,,,,,,,,,,,,,,,,,14369,0.0011393874883651733
,,,20,,,,,,,,,,,,,,,,,,,,,,,,,,,,,14379,0.03294926509261131
,,,20,,,,,,,,,,,,,,,,,,,,,,,,,,,,,14389,0.0018600675975903869
,,,20,,,,,,,,,,,,,,,,,,,,,,,,,,,,,14399,0.28917568922042847
,,,20,,,,,,,,,,,,,,,,,,,,,,,,,,,,,14409,0.004606976173818111
,,,20,,,,,,,,,,,,,,,,,,,,,,,,,,,,,14419,0.2358168065547943
,,,20,,,,,,,,,,,,,,,,,,,,,,,,,,,,,14429,0.023969251662492752
,,,20,,,,,,,,,,,,,,,,,,,,,,,,,,,,,14439,0.28677353262901306
,,,20,,,,,,,,,,,,,,,,,,,,,,,,,,,,,14449,0.008566724136471748
,,,20,,,,,,,,,,,,,,,,,,,,,,,,,,,,,14459,0.013590509071946144
,,,20,,,,,,,,,,,,,,,,,,,,,,,,,,,,,14469,0.006669452413916588
,,,20,,,,,,,,,,,,,,,,,,,,,,,,,,,,,14479,0.019376393407583237
,,,20,,,,,,,,,,,,,,,,,,,,,,,,,,,,,14489,0.004033139906823635
,,,20,,,,,,,,,,,,,,,,,,,,,,,,,,,,,14499,0.0032880553044378757
,,,20,,,,,,,,,,,,,,,,,,,,,,,,,,,,,14509,0.008325407281517982
,,,20,,,,,,,,,,,,,,,,,,,,,,,,,,,,,14519,0.4939473867416382
,,,20,,,,,,,,,,,,,,,,,,,,,,,,,,,,,14529,0.015641404315829277
,,,20,,,,,,,,,,,,,,,,,,,,,,,,,,,,,14539,0.0025401695165783167
,,,20,,,,,,,,,,,,,,,,,,,,,,,,,,,,,14549,0.0025577147025614977
,,,20,,,,,,,,,,,,,,,,,,,,,,,,,,,,,14559,0.00989412609487772
,,,20,,,,,,,,,,,,,,,,,,,,,,,,,,,,,14569,0.017268270254135132
,,,20,,,,,,,,,,,,,,,,,,,,,,,,,,,,,14579,0.05713220313191414
,,,20,,,,,,,,,,,,,,,,,,,,,,,,,,,,,14589,0.003260944737121463
,,,20,,,,,,,,,,,,,,,,,,,,,,,,,,,,,14599,0.11496573686599731
,,,20,,,,,,,,,,,,,,,,,,,,,,,,,,,,,14609,0.1034243032336235
,,,20,,,,,,,,,,,,,,,,,,,,,,,,,,,,,14619,0.004768940154463053
,,,20,,,,,,,,,,,,,,,,,,,,,,,,,,,,,14629,0.002145356498658657
,,,20,,,,,,,,,,,,,,,,,,,,,,,,,,,,,14639,0.010881241410970688
,,,20,,,,,,,,,,,,,,,,,,,,,,,,,,,,,14649,0.05297691375017166
,,,20,,,,,,,,,,,,,,,,,,,,,,,,,,,,,14659,0.06402289122343063
,,,20,,,,,,,,,,,,,,,,,,,,,,,,,,,,,14669,0.0023278603330254555
,,,20,,,,,,,,,,,,,,,,,,,,,,,,,,,,,14679,0.029930612072348595
,,,20,,,,,,,,,,,,,,,,,,,,,,,,,,,,,14689,0.009178710170090199
,,,20,,,,,,,,,,,,,,,,,,,,,,,,,,,,,14699,0.005465857218950987
,,,20,,,,,,,,,,,,,,,,,,,,,,,,,,,,,14709,0.001513630268163979
,,,20,,,,,,,,,,,,,,,,,,,,,,,,,,,,,14719,0.0061541046015918255
,,,,4.090734059523017e-07,2.2916475246793973e-06,3.5256115764298415e-06,3.5256115764298415e-06,5.4240178098920635e-06,5.4240178098920635e-06,8.344642784449328e-06,8.344642784449328e-06,1.283791197607589e-05,1.283791197607589e-05,1.975063380934752e-05,4.090734059523017e-07,1.975063380934752e-05,3.0385590475919263e-05,3.0385590475919263e-05,4.674706227064502e-05,4.674706227064502e-05,7.191855733945387e-05,7.191855733945387e-05,7.191855733945387e-05,7.191855733945387e-05,6.293437014650794e-07,6.293437014650794e-07,9.682210791770454e-07,9.682210791770454e-07,1.4895708910416082e-06,1.4895708910416082e-06,2.2916475246793973e-06,14721,
,,,21,,,,,,,,,,,,,,,,,,,,,,,,,,,,,14729,0.005520351231098175
,,,21,,,,,,,,,,,,,,,,,,,,,,,,,,,,,14739,0.003914740867912769
,,,21,,,,,,,,,,,,,,,,,,,,,,,,,,,,,14749,0.009591137059032917
,,,21,,,,,,,,,,,,,,,,,,,,,,,,,,,,,14759,0.014058797620236874
,,,21,,,,,,,,,,,,,,,,,,,,,,,,,,,,,14769,0.014109684154391289
,,,21,,,,,,,,,,,,,,,,,,,,,,,,,,,,,14779,0.004217528738081455
,,,21,,,,,,,,,,,,,,,,,,,,,,,,,,,,,14789,0.0027708474081009626
,,,21,,,,,,,,,,,,,,,,,,,,,,,,,,,,,14799,0.004888772498816252
,,,21,,,,,,,,,,,,,,,,,,,,,,,,,,,,,14809,0.0021819155663251877
,,,21,,,,,,,,,,,,,,,,,,,,,,,,,,,,,14819,0.0018562600016593933
,,,21,,,,,,,,,,,,,,,,,,,,,,,,,,,,,14829,0.03878815099596977
,,,21,,,,,,,,,,,,,,,,,,,,,,,,,,,,,14839,0.006231564562767744
,,,21,,,,,,,,,,,,,,,,,,,,,,,,,,,,,14849,0.2532317042350769
,,,21,,,,,,,,,,,,,,,,,,,,,,,,,,,,,14859,0.005985498894006014
,,,21,,,,,,,,,,,,,,,,,,,,,,,,,,,,,14869,0.004808538593351841
,,,21,,,,,,,,,,,,,,,,,,,,,,,,,,,,,14879,0.06354150176048279
,,,21,,,,,,,,,,,,,,,,,,,,,,,,,,,,,14889,0.0031089738477021456
,,,21,,,,,,,,,,,,,,,,,,,,,,,,,,,,,14899,0.0071387141942977905
,,,21,,,,,,,,,,,,,,,,,,,,,,,,,,,,,14909,0.002829162171110511
,,,21,,,,,,,,,,,,,,,,,,,,,,,,,,,,,14919,0.0018279649084433913
,,,21,,,,,,,,,,,,,,,,,,,,,,,,,,,,,14929,0.0022001420147717
,,,21,,,,,,,,,,,,,,,,,,,,,,,,,,,,,14939,0.002379908924922347
,,,21,,,,,,,,,,,,,,,,,,,,,,,,,,,,,14949,0.014761175028979778
,,,21,,,,,,,,,,,,,,,,,,,,,,,,,,,,,14959,0.005901275668293238
,,,21,,,,,,,,,,,,,,,,,,,,,,,,,,,,,14969,0.0025673331692814827
,,,21,,,,,,,,,,,,,,,,,,,,,,,,,,,,,14979,0.13518355786800385
,,,21,,,,,,,,,,,,,,,,,,,,,,,,,,,,,14989,0.0312928780913353
,,,21,,,,,,,,,,,,,,,,,,,,,,,,,,,,,14999,0.010102028027176857
,,,21,,,,,,,,,,,,,,,,,,,,,,,,,,,,,15009,0.0030849676113575697
,,,21,,,,,,,,,,,,,,,,,,,,,,,,,,,,,15019,0.007062262389808893
,,,21,,,,,,,,,,,,,,,,,,,,,,,,,,,,,15029,0.45804253220558167
,,,21,,,,,,,,,,,,,,,,,,,,,,,,,,,,,15039,0.0032058379147201777
,,,21,,,,,,,,,,,,,,,,,,,,,,,,,,,,,15049,0.007381195668131113
,,,21,,,,,,,,,,,,,,,,,,,,,,,,,,,,,15059,0.35859382152557373
,,,21,,,,,,,,,,,,,,,,,,,,,,,,,,,,,15069,0.00657274154946208
,,,21,,,,,,,,,,,,,,,,,,,,,,,,,,,,,15079,0.0015005299355834723
,,,21,,,,,,,,,,,,,,,,,,,,,,,,,,,,,15089,0.012702005915343761
,,,21,,,,,,,,,,,,,,,,,,,,,,,,,,,,,15099,0.0015410465421155095
,,,21,,,,,,,,,,,,,,,,,,,,,,,,,,,,,15109,0.001939422101713717
,,,21,,,,,,,,,,,,,,,,,,,,,,,,,,,,,15119,0.004317383747547865
,,,21,,,,,,,,,,,,,,,,,,,,,,,,,,,,,15129,0.0034138665068894625
,,,21,,,,,,,,,,,,,,,,,,,,,,,,,,,,,15139,0.0036724447272717953
,,,21,,,,,,,,,,,,,,,,,,,,,,,,,,,,,15149,0.12261907011270523
,,,21,,,,,,,,,,,,,,,,,,,,,,,,,,,,,15159,0.13114327192306519
,,,21,,,,,,,,,,,,,,,,,,,,,,,,,,,,,15169,0.0018656601896509528
,,,21,,,,,,,,,,,,,,,,,,,,,,,,,,,,,15179,0.5467215776443481
,,,21,,,,,,,,,,,,,,,,,,,,,,,,,,,,,15189,0.004120765719562769
,,,21,,,,,,,,,,,,,,,,,,,,,,,,,,,,,15199,0.03501641005277634
,,,21,,,,,,,,,,,,,,,,,,,,,,,,,,,,,15209,0.007479601539671421
,,,21,,,,,,,,,,,,,,,,,,,,,,,,,,,,,15219,0.0017584984889253974
,,,21,,,,,,,,,,,,,,,,,,,,,,,,,,,,,15229,0.0011616912670433521
,,,21,,,,,,,,,,,,,,,,,,,,,,,,,,,,,15239,0.0028269190806895494
,,,21,,,,,,,,,,,,,,,,,,,,,,,,,,,,,15249,0.03507019579410553
,,,21,,,,,,,,,,,,,,,,,,,,,,,,,,,,,15259,0.0031713475473225117
,,,21,,,,,,,,,,,,,,,,,,,,,,,,,,,,,15269,0.29410460591316223
,,,21,,,,,,,,,,,,,,,,,,,,,,,,,,,,,15279,0.0028528226539492607
,,,21,,,,,,,,,,,,,,,,,,,,,,,,,,,,,15289,0.002698899246752262
,,,21,,,,,,,,,,,,,,,,,,,,,,,,,,,,,15299,0.004845478571951389
,,,21,,,,,,,,,,,,,,,,,,,,,,,,,,,,,15309,0.002258436754345894
,,,21,,,,,,,,,,,,,,,,,,,,,,,,,,,,,15319,0.004470020532608032
,,,21,,,,,,,,,,,,,,,,,,,,,,,,,,,,,15329,0.010828657075762749
,,,21,,,,,,,,,,,,,,,,,,,,,,,,,,,,,15339,0.004855989012867212
,,,21,,,,,,,,,,,,,,,,,,,,,,,,,,,,,15349,0.004245029762387276
,,,21,,,,,,,,,,,,,,,,,,,,,,,,,,,,,15359,0.032054655253887177
,,,21,,,,,,,,,,,,,,,,,,,,,,,,,,,,,15369,0.004145398736000061
,,,21,,,,,,,,,,,,,,,,,,,,,,,,,,,,,15379,0.07712441682815552
,,,21,,,,,,,,,,,,,,,,,,,,,,,,,,,,,15389,0.0014128980692476034
,,,21,,,,,,,,,,,,,,,,,,,,,,,,,,,,,15399,0.07812447100877762
,,,21,,,,,,,,,,,,,,,,,,,,,,,,,,,,,15409,0.0022565817926079035
,,,21,,,,,,,,,,,,,,,,,,,,,,,,,,,,,15419,0.10844181478023529
,,,,3.909387380777291e-07,2.1900563037861647e-06,3.3693173904402533e-06,3.3693173904402533e-06,5.183565216061927e-06,5.183565216061927e-06,7.97471571701835e-06,7.97471571701835e-06,1.226879341079746e-05,1.226879341079746e-05,1.8875066785842246e-05,3.909387380777291e-07,1.8875066785842246e-05,2.9038564285911148e-05,2.9038564285911148e-05,4.4674714286017154e-05,4.4674714286017154e-05,6.873032967079561e-05,6.873032967079561e-05,6.873032967079561e-05,6.873032967079561e-05,6.014442124272754e-07,6.014442124272754e-07,9.252987883496547e-07,9.252987883496547e-07,1.423536597461007e-06,1.423536597461007e-06,2.1900563037861647e-06,15422,
,,,22,,,,,,,,,,,,,,,,,,,,,,,,,,,,,15429,0.05048809200525284
,,,22,,,,,,,,,,,,,,,,,,,,,,,,,,,,,15439,0.002881588414311409
,,,22,,,,,,,,,,,,,,,,,,,,,,,,,,,,,15449,0.0025445211213082075
,,,22,,,,,,,,,,,,,,,,,,,,,,,,,,,,,15459,0.002992673311382532
,,,22,,,,,,,,,,,,,,,,,,,,,,,,,,,,,15469,0.0043632411397993565
,,,22,,,,,,,,,,,,,,,,,,,,,,,,,,,,,15479,0.0021638679318130016
,,,22,,,,,,,,,,,,,,,,,,,,,,,,,,,,,15489,0.05617595091462135
,,,22,,,,,,,,,,,,,,,,,,,,,,,,,,,,,15499,0.0014765637461096048
,,,22,,,,,,,,,,,,,,,,,,,,,,,,,,,,,15509,0.02501196600496769
,,,22,,,,,,,,,,,,,,,,,,,,,,,,,,,,,15519,0.008737797848880291
,,,22,,,,,,,,,,,,,,,,,,,,,,,,,,,,,15529,0.0011610165238380432
,,,22,,,,,,,,,,,,,,,,,,,,,,,,,,,,,15539,0.15597723424434662
,,,22,,,,,,,,,,,,,,,,,,,,,,,,,,,,,15549,0.05849122256040573
,,,22,,,,,,,,,,,,,,,,,,,,,,,,,,,,,15559,0.0009041805169545114
,,,22,,,,,,,,,,,,,,,,,,,,,,,,,,,,,15569,0.001360346213914454
,,,22,,,,,,,,,,,,,,,,,,,,,,,,,,,,,15579,0.00798895675688982
,,,22,,,,,,,,,,,,,,,,,,,,,,,,,,,,,15589,0.2856923043727875
,,,22,,,,,,,,,,,,,,,,,,,,,,,,,,,,,15599,0.0022044864017516375
,,,22,,,,,,,,,,,,,,,,,,,,,,,,,,,,,15609,0.008530847728252411
,,,22,,,,,,,,,,,,,,,,,,,,,,,,,,,,,15619,0.0009759390377439559
,,,22,,,,,,,,,,,,,,,,,,,,,,,,,,,,,15629,0.005436376668512821
,,,22,,,,,,,,,,,,,,,,,,,,,,,,,,,,,15639,0.0024846140295267105
,,,22,,,,,,,,,,,,,,,,,,,,,,,,,,,,,15649,0.003258137498050928
,,,22,,,,,,,,,,,,,,,,,,,,,,,,,,,,,15659,0.029556889086961746
,,,22,,,,,,,,,,,,,,,,,,,,,,,,,,,,,15669,0.00399009371176362
,,,22,,,,,,,,,,,,,,,,,,,,,,,,,,,,,15679,0.010725549422204494
,,,22,,,,,,,,,,,,,,,,,,,,,,,,,,,,,15689,0.004337395541369915
,,,22,,,,,,,,,,,,,,,,,,,,,,,,,,,,,15699,0.019700858741998672
,,,22,,,,,,,,,,,,,,,,,,,,,,,,,,,,,15709,0.002361428225412965
,,,22,,,,,,,,,,,,,,,,,,,,,,,,,,,,,15719,0.0037671339232474566
,,,22,,,,,,,,,,,,,,,,,,,,,,,,,,,,,15729,0.002382739447057247
,,,22,,,,,,,,,,,,,,,,,,,,,,,,,,,,,15739,0.0016610493184998631
,,,22,,,,,,,,,,,,,,,,,,,,,,,,,,,,,15749,0.10073933750391006
,,,22,,,,,,,,,,,,,,,,,,,,,,,,,,,,,15759,0.6421946287155151
,,,22,,,,,,,,,,,,,,,,,,,,,,,,,,,,,15769,0.003511442570015788
,,,22,,,,,,,,,,,,,,,,,,,,,,,,,,,,,15779,0.14707353711128235
,,,22,,,,,,,,,,,,,,,,,,,,,,,,,,,,,15789,0.00204331218264997
,,,22,,,,,,,,,,,,,,,,,,,,,,,,,,,,,15799,0.0019592170137912035
,,,22,,,,,,,,,,,,,,,,,,,,,,,,,,,,,15809,0.007911399938166142
,,,22,,,,,,,,,,,,,,,,,,,,,,,,,,,,,15819,0.004317095503211021
,,,22,,,,,,,,,,,,,,,,,,,,,,,,,,,,,15829,0.00776620814576745
,,,22,,,,,,,,,,,,,,,,,,,,,,,,,,,,,15839,0.003716758219525218
,,,22,,,,,,,,,,,,,,,,,,,,,,,,,,,,,15849,0.026121092960238457
,,,22,,,,,,,,,,,,,,,,,,,,,,,,,,,,,15859,0.09100397676229477
,,,22,,,,,,,,,,,,,,,,,,,,,,,,,,,,,15869,0.0028302622959017754
,,,22,,,,,,,,,,,,,,,,,,,,,,,,,,,,,15879,0.03245681896805763
,,,22,,,,,,,,,,,,,,,,,,,,,,,,,,,,,15889,0.002604927634820342
,,,22,,,,,,,,,,,,,,,,,,,,,,,,,,,,,15899,0.0009415258537046611
,,,22,,,,,,,,,,,,,,,,,,,,,,,,,,,,,15909,0.005772325675934553
,,,22,,,,,,,,,,,,,,,,,,,,,,,,,,,,,15919,0.002696047769859433
,,,22,,,,,,,,,,,,,,,,,,,,,,,,,,,,,15929,0.18476569652557373
,,,22,,,,,,,,,,,,,,,,,,,,,,,,,,,,,15939,0.0028677682857960463
,,,22,,,,,,,,,,,,,,,,,,,,,,,,,,,,,15949,0.0029544266872107983
,,,22,,,,,,,,,,,,,,,,,,,,,,,,,,,,,15959,0.0067298756912350655
,,,22,,,,,,,,,,,,,,,,,,,,,,,,,,,,,15969,0.006959268357604742
,,,22,,,,,,,,,,,,,,,,,,,,,,,,,,,,,15979,0.0033085185568779707
,,,22,,,,,,,,,,,,,,,,,,,,,,,,,,,,,15989,0.0013759839348495007
,,,22,,,,,,,,,,,,,,,,,,,,,,,,,,,,,15999,0.0038557262159883976
,,,22,,,,,,,,,,,,,,,,,,,,,,,,,,,,,16009,0.02537098154425621
,,,22,,,,,,,,,,,,,,,,,,,,,,,,,,,,,16019,0.0032473003957420588
,,,22,,,,,,,,,,,,,,,,,,,,,,,,,,,,,16029,0.0019074785523116589
,,,22,,,,,,,,,,,,,,,,,,,,,,,,,,,,,16039,0.14706003665924072
,,,22,,,,,,,,,,,,,,,,,,,,,,,,,,,,,16049,0.007189413066953421
,,,22,,,,,,,,,,,,,,,,,,,,,,,,,,,,,16059,0.0020291395485401154
,,,22,,,,,,,,,,,,,,,,,,,,,,,,,,,,,16069,0.0332866907119751
,,,22,,,,,,,,,,,,,,,,,,,,,,,,,,,,,16079,0.0031389156356453896
,,,22,,,,,,,,,,,,,,,,,,,,,,,,,,,,,16089,0.002903814660385251
,,,22,,,,,,,,,,,,,,,,,,,,,,,,,,,,,16099,0.0012460130965337157
,,,22,,,,,,,,,,,,,,,,,,,,,,,,,,,,,16109,0.011586029082536697
,,,22,,,,,,,,,,,,,,,,,,,,,,,,,,,,,16119,0.0014351055724546313
,,,,3.722850263882052e-07,2.0855573762162682e-06,3.208549809563489e-06,3.208549809563489e-06,4.936230476251522e-06,4.936230476251522e-06,7.594200732694648e-06,7.594200732694648e-06,1.168338574260715e-05,1.168338574260715e-05,1.7974439604011e-05,3.722850263882052e-07,1.7974439604011e-05,2.7652984006170768e-05,2.7652984006170768e-05,4.2543052317185797e-05,4.2543052317185797e-05,6.545084971874738e-05,6.545084971874738e-05,6.545084971874738e-05,6.545084971874738e-05,5.727461944433926e-07,5.727461944433926e-07,8.811479914513733e-07,8.811479914513733e-07,1.3556122945405742e-06,1.3556122945405742e-06,2.0855573762162682e-06,16123,
,,,23,,,,,,,,,,,,,,,,,,,,,,,,,,,,,16129,0.002590710297226906
,,,23,,,,,,,,,,,,,,,,,,,,,,,,,,,,,16139,0.011390437372028828
,,,23,,,,,,,,,,,,,,,,,,,,,,,,,,,,,16149,0.007619484793394804
,,,23,,,,,,,,,,,,,,,,,,,,,,,,,,,,,16159,0.006255310960114002
,,,23,,,,,,,,,,,,,,,,,,,,,,,,,,,,,16169,0.009243346750736237
,,,23,,,,,,,,,,,,,,,,,,,,,,,,,,,,,16179,0.0074406894855201244
,,,23,,,,,,,,,,,,,,,,,,,,,,,,,,,,,16189,0.01609221287071705
,,,23,,,,,,,,,,,,,,,,,,,,,,,,,,,,,16199,0.012863422743976116
,,,23,,,,,,,,,,,,,,,,,,,,,,,,,,,,,16209,0.0650637224316597
,,,23,,,,,,,,,,,,,,,,,,,,,,,,,,,,,16219,0.002494240878149867
,,,23,,,,,,,,,,,,,,,,,,,,,,,,,,,,,16229,0.0015255220932886004
,,,23,,,,,,,,,,,,,,,,,,,,,,,,,,,,,16239,0.008793070912361145
,,,23,,,,,,,,,,,,,,,,,,,,,,,,,,,,,16249,0.009084777906537056
,,,23,,,,,,,,,,,,,,,,,,,,,,,,,,,,,16259,0.0036189814563840628
,,,23,,,,,,,,,,,,,,,,,,,,,,,,,,,,,16269,0.0015530374366790056
,,,23,,,,,,,,,,,,,,,,,,,,,,,,,,,,,16279,0.004246795549988747
,,,23,,,,,,,,,,,,,,,,,,,,,,,,,,,,,16289,0.0024906862527132034
,,,23,,,,,,,,,,,,,,,,,,,,,,,,,,,,,16299,0.0021554843988269567
,,,23,,,,,,,,,,,,,,,,,,,,,,,,,,,,,16309,0.002517360495403409
,,,23,,,,,,,,,,,,,,,,,,,,,,,,,,,,,16319,0.00904605071991682
,,,23,,,,,,,,,,,,,,,,,,,,,,,,,,,,,16329,0.8806822896003723
,,,23,,,,,,,,,,,,,,,,,,,,,,,,,,,,,16339,0.0015570964897051454
,,,23,,,,,,,,,,,,,,,,,,,,,,,,,,,,,16349,0.03400564566254616
,,,23,,,,,,,,,,,,,,,,,,,,,,,,,,,,,16359,0.003219036851078272
,,,23,,,,,,,,,,,,,,,,,,,,,,,,,,,,,16369,0.0029265147168189287
,,,23,,,,,,,,,,,,,,,,,,,,,,,,,,,,,16379,0.005497568752616644
,,,23,,,,,,,,,,,,,,,,,,,,,,,,,,,,,16389,0.002013762714341283
,,,23,,,,,,,,,,,,,,,,,,,,,,,,,,,,,16399,0.003963538911193609
,,,23,,,,,,,,,,,,,,,,,,,,,,,,,,,,,16409,0.003089933656156063
,,,23,,,,,,,,,,,,,,,,,,,,,,,,,,,,,16419,0.010116072371602058
,,,23,,,,,,,,,,,,,,,,,,,,,,,,,,,,,16429,0.0020472321193665266
,,,23,,,,,,,,,,,,,,,,,,,,,,,,,,,,,16439,0.0016838833689689636
,,,23,,,,,,,,,,,,,,,,,,,,,,,,,,,,,16449,0.0021870480850338936
,,,23,,,,,,,,,,,,,,,,,,,,,,,,,,,,,16459,0.0032947156578302383
,,,23,,,,,,,,,,,,,,,,,,,,,,,,,,,,,16469,0.10238254815340042
,,,23,,,,,,,,,,,,,,,,,,,,,,,,,,,,,16479,0.0017018259968608618
,,,23,,,,,,,,,,,,,,,,,,,,,,,,,,,,,16489,0.0038097023498266935
,,,23,,,,,,,,,,,,,,,,,,,,,,,,,,,,,16499,0.04324187710881233
,,,23,,,,,,,,,,,,,,,,,,,,,,,,,,,,,16509,0.0028900783509016037
,,,23,,,,,,,,,,,,,,,,,,,,,,,,,,,,,16519,0.002083815401419997
,,,23,,,,,,,,,,,,,,,,,,,,,,,,,,,,,16529,0.008265339769423008
,,,23,,,,,,,,,,,,,,,,,,,,,,,,,,,,,16539,0.0018998755840584636
,,,23,,,,,,,,,,,,,,,,,,,,,,,,,,,,,16549,0.004146569408476353
,,,23,,,,,,,,,,,,,,,,,,,,,,,,,,,,,16559,0.002261133398860693
,,,23,,,,,,,,,,,,,,,,,,,,,,,,,,,,,16569,0.0019224472343921661
,,,23,,,,,,,,,,,,,,,,,,,,,,,,,,,,,16579,0.04272756725549698
,,,23,,,,,,,,,,,,,,,,,,,,,,,,,,,,,16589,0.0010157715296372771
,,,23,,,,,,,,,,,,,,,,,,,,,,,,,,,,,16599,0.01667514070868492
,,,23,,,,,,,,,,,,,,,,,,,,,,,,,,,,,16609,0.0029720559250563383
,,,23,,,,,,,,,,,,,,,,,,,,,,,,,,,,,16619,0.004781943280249834
,,,23,,,,,,,,,,,,,,,,,,,,,,,,,,,,,16629,0.05535301938652992
,,,23,,,,,,,,,,,,,,,,,,,,,,,,,,,,,16639,0.0025066202506422997
,,,23,,,,,,,,,,,,,,,,,,,,,,,,,,,,,16649,0.0005438780644908547
,,,23,,,,,,,,,,,,,,,,,,,,,,,,,,,,,16659,0.07467383146286011
,,,23,,,,,,,,,,,,,,,,,,,,,,,,,,,,,16669,0.008220149204134941
,,,23,,,,,,,,,,,,,,,,,,,,,,,,,,,,,16679,0.021219132468104362
,,,23,,,,,,,,,,,,,,,,,,,,,,,,,,,,,16689,0.00285304244607687
,,,23,,,,,,,,,,,,,,,,,,,,,,,,,,,,,16699,0.002940619131550193
,,,23,,,,,,,,,,,,,,,,,,,,,,,,,,,,,16709,0.3139026463031769
,,,23,,,,,,,,,,,,,,,,,,,,,,,,,,,,,16719,0.007596989627927542
,,,23,,,,,,,,,,,,,,,,,,,,,,,,,,,,,16729,0.0009994885185733438
,,,23,,,,,,,,,,,,,,,,,,,,,,,,,,,,,16739,0.004327462520450354
,,,23,,,,,,,,,,,,,,,,,,,,,,,,,,,,,16749,0.006565097253769636
,,,23,,,,,,,,,,,,,,,,,,,,,,,,,,,,,16759,0.0026908055879175663
,,,23,,,,,,,,,,,,,,,,,,,,,,,,,,,,,16769,0.003371875500306487
,,,23,,,,,,,,,,,,,,,,,,,,,,,,,,,,,16779,0.18174628913402557
,,,23,,,,,,,,,,,,,,,,,,,,,,,,,,,,,16789,0.0068400087766349316
,,,23,,,,,,,,,,,,,,,,,,,,,,,,,,,,,16799,0.0038548619486391544
,,,23,,,,,,,,,,,,,,,,,,,,,,,,,,,,,16809,0.147955060005188
,,,23,,,,,,,,,,,,,,,,,,,,,,,,,,,,,16819,0.0021168116945773363
,,,,3.53203149892017e-07,1.978659850240633e-06,3.0440920772932807e-06,3.0440920772932807e-06,4.683218580451201e-06,4.683218580451201e-06,7.204951662232617e-06,7.204951662232617e-06,1.108454101881941e-05,1.108454101881941e-05,1.705314002895294e-05,3.53203149892017e-07,1.705314002895294e-05,2.623560004454298e-05,2.623560004454298e-05,4.03624616069892e-05,4.03624616069892e-05,6.209609477998338e-05,6.209609477998338e-05,6.209609477998338e-05,6.209609477998338e-05,5.433894613723337e-07,5.433894613723337e-07,8.359837867266674e-07,8.359837867266674e-07,1.2861289026564112e-06,1.2861289026564112e-06,1.978659850240633e-06,16824,
,,,24,,,,,,,,,,,,,,,,,,,,,,,,,,,,,16829,0.0034670394379645586
,,,24,,,,,,,,,,,,,,,,,,,,,,,,,,,,,16839,0.002216754015535116
,,,24,,,,,,,,,,,,,,,,,,,,,,,,,,,,,16849,0.022457348182797432
,,,24,,,,,,,,,,,,,,,,,,,,,,,,,,,,,16859,0.020332803949713707
,,,24,,,,,,,,,,,,,,,,,,,,,,,,,,,,,16869,0.006233986467123032
,,,24,,,,,,,,,,,,,,,,,,,,,,,,,,,,,16879,0.22584272921085358
,,,24,,,,,,,,,,,,,,,,,,,,,,,,,,,,,16889,0.2467338740825653
,,,24,,,,,,,,,,,,,,,,,,,,,,,,,,,,,16899,0.005089573562145233
,,,24,,,,,,,,,,,,,,,,,,,,,,,,,,,,,16909,0.0019075641175732017
,,,24,,,,,,,,,,,,,,,,,,,,,,,,,,,,,16919,0.005681370384991169
,,,24,,,,,,,,,,,,,,,,,,,,,,,,,,,,,16929,0.010776827111840248
,,,24,,,,,,,,,,,,,,,,,,,,,,,,,,,,,16939,0.02242107316851616
,,,24,,,,,,,,,,,,,,,,,,,,,,,,,,,,,16949,0.07076843827962875
,,,24,,,,,,,,,,,,,,,,,,,,,,,,,,,,,16959,0.004974277690052986
,,,24,,,,,,,,,,,,,,,,,,,,,,,,,,,,,16969,0.002417629584670067
,,,24,,,,,,,,,,,,,,,,,,,,,,,,,,,,,16979,0.43624576926231384
,,,24,,,,,,,,,,,,,,,,,,,,,,,,,,,,,16989,0.0109005281701684
,,,24,,,,,,,,,,,,,,,,,,,,,,,,,,,,,16999,0.0018237493932247162
,,,24,,,,,,,,,,,,,,,,,,,,,,,,,,,,,17009,0.16313152015209198
,,,24,,,,,,,,,,,,,,,,,,,,,,,,,,,,,17019,0.005632184911519289
,,,24,,,,,,,,,,,,,,,,,,,,,,,,,,,,,17029,0.0013566033449023962
,,,24,,,,,,,,,,,,,,,,,,,,,,,,,,,,,17039,0.010371419601142406
,,,24,,,,,,,,,,,,,,,,,,,,,,,,,,,,,17049,0.0022944542579352856
,,,24,,,,,,,,,,,,,,,,,,,,,,,,,,,,,17059,0.031107310205698013
,,,24,,,,,,,,,,,,,,,,,,,,,,,,,,,,,17069,0.010350228287279606
,,,24,,,,,,,,,,,,,,,,,,,,,,,,,,,,,17079,0.0016296736430376768
,,,24,,,,,,,,,,,,,,,,,,,,,,,,,,,,,17089,0.014717334881424904
,,,24,,,,,,,,,,,,,,,,,,,,,,,,,,,,,17099,0.1625276505947113
,,,24,,,,,,,,,,,,,,,,,,,,,,,,,,,,,17109,0.0026620568241924047
,,,24,,,,,,,,,,,,,,,,,,,,,,,,,,,,,17119,0.0020684802439063787
,,,24,,,,,,,,,,,,,,,,,,,,,,,,,,,,,17129,0.3113337755203247
,,,24,,,,,,,,,,,,,,,,,,,,,,,,,,,,,17139,0.009618250653147697
,,,24,,,,,,,,,,,,,,,,,,,,,,,,,,,,,17149,0.006826703902333975
,,,24,,,,,,,,,,,,,,,,,,,,,,,,,,,,,17159,0.04525923728942871
,,,24,,,,,,,,,,,,,,,,,,,,,,,,,,,,,17169,0.33396655321121216
,,,24,,,,,,,,,,,,,,,,,,,,,,,,,,,,,17179,0.006672014947980642
,,,24,,,,,,,,,,,,,,,,,,,,,,,,,,,,,17189,0.009515679441392422
,,,24,,,,,,,,,,,,,,,,,,,,,,,,,,,,,17199,0.0021783821284770966
,,,24,,,,,,,,,,,,,,,,,,,,,,,,,,,,,17209,0.0018326985882595181
,,,24,,,,,,,,,,,,,,,,,,,,,,,,,,,,,17219,0.0031855194829404354
,,,24,,,,,,,,,,,,,,,,,,,,,,,,,,,,,17229,0.09527283161878586
,,,24,,,,,,,,,,,,,,,,,,,,,,,,,,,,,17239,0.06455125659704208
,,,24,,,,,,,,,,,,,,,,,,,,,,,,,,,,,17249,0.002092685317620635
,,,24,,,,,,,,,,,,,,,,,,,,,,,,,,,,,17259,0.004058313090354204
,,,24,,,,,,,,,,,,,,,,,,,,,,,,,,,,,17269,0.00952901691198349
,,,24,,,,,,,,,,,,,,,,,,,,,,,,,,,,,17279,0.04578607529401779
,,,24,,,,,,,,,,,,,,,,,,,,,,,,,,,,,17289,0.0057443114928901196
,,,24,,,,,,,,,,,,,,,,,,,,,,,,,,,,,17299,0.004198605660349131
,,,24,,,,,,,,,,,,,,,,,,,,,,,,,,,,,17309,0.004634725395590067
,,,24,,,,,,,,,,,,,,,,,,,,,,,,,,,,,17319,0.0039791385643184185
,,,24,,,,,,,,,,,,,,,,,,,,,,,,,,,,,17329,1.0713554620742798
,,,24,,,,,,,,,,,,,,,,,,,,,,,,,,,,,17339,0.003970194607973099
,,,24,,,,,,,,,,,,,,,,,,,,,,,,,,,,,17349,0.07961911708116531
,,,24,,,,,,,,,,,,,,,,,,,,,,,,,,,,,17359,0.004651973489671946
,,,24,,,,,,,,,,,,,,,,,,,,,,,,,,,,,17369,0.007303515914827585
,,,24,,,,,,,,,,,,,,,,,,,,,,,,,,,,,17379,0.004882010631263256
,,,24,,,,,,,,,,,,,,,,,,,,,,,,,,,,,17389,0.0019080952042713761
,,,24,,,,,,,,,,,,,,,,,,,,,,,,,,,,,17399,0.0021170899271965027
,,,24,,,,,,,,,,,,,,,,,,,,,,,,,,,,,17409,0.684543251991272
,,,24,,,,,,,,,,,,,,,,,,,,,,,,,,,,,17419,0.003085063537582755
,,,24,,,,,,,,,,,,,,,,,,,,,,,,,,,,,17429,0.12432392686605453
,,,24,,,,,,,,,,,,,,,,,,,,,,,,,,,,,17439,0.004752649459987879
,,,24,,,,,,,,,,,,,,,,,,,,,,,,,,,,,17449,0.002770713996142149
,,,24,,,,,,,,,,,,,,,,,,,,,,,,,,,,,17459,0.006495049688965082
,,,24,,,,,,,,,,,,,,,,,,,,,,,,,,,,,17469,0.02355686016380787
,,,24,,,,,,,,,,,,,,,,,,,,,,,,,,,,,17479,0.0010536137269809842
,,,24,,,,,,,,,,,,,,,,,,,,,,,,,,,,,17489,0.002881163964048028
,,,24,,,,,,,,,,,,,,,,,,,,,,,,,,,,,17499,0.006414799951016903
,,,24,,,,,,,,,,,,,,,,,,,,,,,,,,,,,17509,0.0026965897995978594
,,,24,,,,,,,,,,,,,,,,,,,,,,,,,,,,,17519,0.01341093797236681
0.8361266255378723,0.8061041235923767,0.8684719800949097,24,,,,,,,,,,,,,,,,,,,,,,,,,,,,,17524,
,,,,3.3378607357335043e-07,1.8698845198605113e-06,2.876745415170017e-06,2.876745415170017e-06,4.425762177184641e-06,4.425762177184641e-06,6.808864887976371e-06,6.808864887976371e-06,1.0475176750732877e-05,1.0475176750732877e-05,1.6115656539589043e-05,3.3378607357335043e-07,1.6115656539589043e-05,2.479331775321391e-05,2.479331775321391e-05,3.814356577417525e-05,3.814356577417525e-05,5.868240888334653e-05,5.868240888334653e-05,5.868240888334653e-05,5.868240888334653e-05,5.135170362666929e-07,5.135170362666929e-07,7.90026209641066e-07,7.90026209641066e-07,1.2154249379093322e-06,1.2154249379093322e-06,1.8698845198605113e-06,17525,
,,,25,,,,,,,,,,,,,,,,,,,,,,,,,,,,,17529,0.004118531011044979
,,,25,,,,,,,,,,,,,,,,,,,,,,,,,,,,,17539,0.0014107273891568184
,,,25,,,,,,,,,,,,,,,,,,,,,,,,,,,,,17549,0.002037245314568281
,,,25,,,,,,,,,,,,,,,,,,,,,,,,,,,,,17559,0.0026375013403594494
,,,25,,,,,,,,,,,,,,,,,,,,,,,,,,,,,17569,0.022878820076584816
,,,25,,,,,,,,,,,,,,,,,,,,,,,,,,,,,17579,0.0035321598406881094
,,,25,,,,,,,,,,,,,,,,,,,,,,,,,,,,,17589,0.0009691190789453685
,,,25,,,,,,,,,,,,,,,,,,,,,,,,,,,,,17599,0.0017428380670025945
,,,25,,,,,,,,,,,,,,,,,,,,,,,,,,,,,17609,0.008050048723816872
,,,25,,,,,,,,,,,,,,,,,,,,,,,,,,,,,17619,0.04670349881052971
,,,25,,,,,,,,,,,,,,,,,,,,,,,,,,,,,17629,0.0021881340071558952
,,,25,,,,,,,,,,,,,,,,,,,,,,,,,,,,,17639,0.1128111332654953
,,,25,,,,,,,,,,,,,,,,,,,,,,,,,,,,,17649,0.004717977251857519
,,,25,,,,,,,,,,,,,,,,,,,,,,,,,,,,,17659,0.0036235053557902575
,,,25,,,,,,,,,,,,,,,,,,,,,,,,,,,,,17669,0.0026667979545891285
,,,25,,,,,,,,,,,,,,,,,,,,,,,,,,,,,17679,0.292572945356369
,,,25,,,,,,,,,,,,,,,,,,,,,,,,,,,,,17689,0.0027116602286696434
,,,25,,,,,,,,,,,,,,,,,,,,,,,,,,,,,17699,0.005658249836415052
,,,25,,,,,,,,,,,,,,,,,,,,,,,,,,,,,17709,0.011989757418632507
,,,25,,,,,,,,,,,,,,,,,,,,,,,,,,,,,17719,0.0017325859516859055
,,,25,,,,,,,,,,,,,,,,,,,,,,,,,,,,,17729,0.007657524198293686
,,,25,,,,,,,,,,,,,,,,,,,,,,,,,,,,,17739,0.1281043142080307
,,,25,,,,,,,,,,,,,,,,,,,,,,,,,,,,,17749,0.0033877312671393156
,,,25,,,,,,,,,,,,,,,,,,,,,,,,,,,,,17759,0.08504312485456467
,,,25,,,,,,,,,,,,,,,,,,,,,,,,,,,,,17769,0.002452609594911337
,,,25,,,,,,,,,,,,,,,,,,,,,,,,,,,,,17779,0.001985793234780431
,,,25,,,,,,,,,,,,,,,,,,,,,,,,,,,,,17789,0.003826054511591792
,,,25,,,,,,,,,,,,,,,,,,,,,,,,,,,,,17799,0.0031458353623747826
,,,25,,,,,,,,,,,,,,,,,,,,,,,,,,,,,17809,0.0012501205783337355
,,,25,,,,,,,,,,,,,,,,,,,,,,,,,,,,,17819,0.000691964291036129
,,,25,,,,,,,,,,,,,,,,,,,,,,,,,,,,,17829,0.013805505819618702
,,,25,,,,,,,,,,,,,,,,,,,,,,,,,,,,,17839,0.15566599369049072
,,,25,,,,,,,,,,,,,,,,,,,,,,,,,,,,,17849,0.0007449378026649356
,,,25,,,,,,,,,,,,,,,,,,,,,,,,,,,,,17859,0.0029404480010271072
,,,25,,,,,,,,,,,,,,,,,,,,,,,,,,,,,17869,0.00222619972191751
,,,25,,,,,,,,,,,,,,,,,,,,,,,,,,,,,17879,0.10134585201740265
,,,25,,,,,,,,,,,,,,,,,,,,,,,,,,,,,17889,0.05716647207736969
,,,25,,,,,,,,,,,,,,,,,,,,,,,,,,,,,17899,0.005119699519127607
,,,25,,,,,,,,,,,,,,,,,,,,,,,,,,,,,17909,0.005053377244621515
,,,25,,,,,,,,,,,,,,,,,,,,,,,,,,,,,17919,0.004381650593131781
,,,25,,,,,,,,,,,,,,,,,,,,,,,,,,,,,17929,0.7060028910636902
,,,25,,,,,,,,,,,,,,,,,,,,,,,,,,,,,17939,0.009882698766887188
,,,25,,,,,,,,,,,,,,,,,,,,,,,,,,,,,17949,0.16361691057682037
,,,25,,,,,,,,,,,,,,,,,,,,,,,,,,,,,17959,0.001132301171310246
,,,25,,,,,,,,,,,,,,,,,,,,,,,,,,,,,17969,0.0017455319175496697
,,,25,,,,,,,,,,,,,,,,,,,,,,,,,,,,,17979,0.007385782431811094
,,,25,,,,,,,,,,,,,,,,,,,,,,,,,,,,,17989,0.00410462124273181
,,,25,,,,,,,,,,,,,,,,,,,,,,,,,,,,,17999,0.17363551259040833
,,,25,,,,,,,,,,,,,,,,,,,,,,,,,,,,,18009,0.014581027440726757
,,,25,,,,,,,,,,,,,,,,,,,,,,,,,,,,,18019,0.0059705195017158985
,,,25,,,,,,,,,,,,,,,,,,,,,,,,,,,,,18029,0.005783482920378447
,,,25,,,,,,,,,,,,,,,,,,,,,,,,,,,,,18039,0.002387975575402379
,,,25,,,,,,,,,,,,,,,,,,,,,,,,,,,,,18049,0.0033845817670226097
,,,25,,,,,,,,,,,,,,,,,,,,,,,,,,,,,18059,0.0025200732052326202
,,,25,,,,,,,,,,,,,,,,,,,,,,,,,,,,,18069,0.004484295379370451
,,,25,,,,,,,,,,,,,,,,,,,,,,,,,,,,,18079,0.006359229329973459
,,,25,,,,,,,,,,,,,,,,,,,,,,,,,,,,,18089,0.0036960814613848925
,,,25,,,,,,,,,,,,,,,,,,,,,,,,,,,,,18099,0.34536227583885193
,,,25,,,,,,,,,,,,,,,,,,,,,,,,,,,,,18109,0.06250829249620438
,,,25,,,,,,,,,,,,,,,,,,,,,,,,,,,,,18119,0.0037744687870144844
,,,25,,,,,,,,,,,,,,,,,,,,,,,,,,,,,18129,0.01158637460321188
,,,25,,,,,,,,,,,,,,,,,,,,,,,,,,,,,18139,0.0030708778649568558
,,,25,,,,,,,,,,,,,,,,,,,,,,,,,,,,,18149,0.002900176914408803
,,,25,,,,,,,,,,,,,,,,,,,,,,,,,,,,,18159,0.023010170087218285
,,,25,,,,,,,,,,,,,,,,,,,,,,,,,,,,,18169,0.2879319190979004
,,,25,,,,,,,,,,,,,,,,,,,,,,,,,,,,,18179,0.0070281135849654675
,,,25,,,,,,,,,,,,,,,,,,,,,,,,,,,,,18189,0.01685403473675251
,,,25,,,,,,,,,,,,,,,,,,,,,,,,,,,,,18199,0.007574574090540409
,,,25,,,,,,,,,,,,,,,,,,,,,,,,,,,,,18209,0.03847707808017731
,,,25,,,,,,,,,,,,,,,,,,,,,,,,,,,,,18219,0.008112599141895771
,,,,3.141283954762321e-07,1.7597613275514558e-06,2.707325119309932e-06,2.707325119309932e-06,4.165115568169125e-06,4.165115568169125e-06,6.407870104875578e-06,6.407870104875578e-06,9.85826169980858e-06,9.85826169980858e-06,1.516655646124397e-05,3.141283954762321e-07,1.516655646124397e-05,2.333316378652918e-05,2.333316378652918e-05,3.589717505619874e-05,3.589717505619874e-05,5.522642316338268e-05,5.522642316338268e-05,5.522642316338268e-05,5.522642316338268e-05,4.832744545788186e-07,4.832744545788186e-07,7.434991608904902e-07,7.434991608904902e-07,1.1438448629084463e-06,1.1438448629084463e-06,1.7597613275514558e-06,18226,
,,,26,,,,,,,,,,,,,,,,,,,,,,,,,,,,,18229,0.0013489369302988052
,,,26,,,,,,,,,,,,,,,,,,,,,,,,,,,,,18239,0.01986519806087017
,,,26,,,,,,,,,,,,,,,,,,,,,,,,,,,,,18249,0.002252622740343213
,,,26,,,,,,,,,,,,,,,,,,,,,,,,,,,,,18259,0.0028171951416879892
,,,26,,,,,,,,,,,,,,,,,,,,,,,,,,,,,18269,0.0020195692777633667
,,,26,,,,,,,,,,,,,,,,,,,,,,,,,,,,,18279,0.0024255739990621805
,,,26,,,,,,,,,,,,,,,,,,,,,,,,,,,,,18289,0.023380517959594727
,,,26,,,,,,,,,,,,,,,,,,,,,,,,,,,,,18299,0.029055841267108917
,,,26,,,,,,,,,,,,,,,,,,,,,,,,,,,,,18309,0.0023426502011716366
,,,26,,,,,,,,,,,,,,,,,,,,,,,,,,,,,18319,0.005713223479688168
,,,26,,,,,,,,,,,,,,,,,,,,,,,,,,,,,18329,0.38535940647125244
,,,26,,,,,,,,,,,,,,,,,,,,,,,,,,,,,18339,0.016448527574539185
,,,26,,,,,,,,,,,,,,,,,,,,,,,,,,,,,18349,0.0033838858362287283
,,,26,,,,,,,,,,,,,,,,,,,,,,,,,,,,,18359,0.0028772717341780663
,,,26,,,,,,,,,,,,,,,,,,,,,,,,,,,,,18369,0.001036647823639214
,,,26,,,,,,,,,,,,,,,,,,,,,,,,,,,,,18379,0.0018922568997368217
,,,26,,,,,,,,,,,,,,,,,,,,,,,,,,,,,18389,0.010638919658958912
,,,26,,,,,,,,,,,,,,,,,,,,,,,,,,,,,18399,0.010462135076522827
,,,26,,,,,,,,,,,,,,,,,,,,,,,,,,,,,18409,0.003538951277732849
,,,26,,,,,,,,,,,,,,,,,,,,,,,,,,,,,18419,0.05020412802696228
,,,26,,,,,,,,,,,,,,,,,,,,,,,,,,,,,18429,0.001453686854802072
,,,26,,,,,,,,,,,,,,,,,,,,,,,,,,,,,18439,0.007321713957935572
,,,26,,,,,,,,,,,,,,,,,,,,,,,,,,,,,18449,0.010905255563557148
,,,26,,,,,,,,,,,,,,,,,,,,,,,,,,,,,18459,0.014292915351688862
,,,26,,,,,,,,,,,,,,,,,,,,,,,,,,,,,18469,0.005907109472900629
,,,26,,,,,,,,,,,,,,,,,,,,,,,,,,,,,18479,0.0009347981540486217
,,,26,,,,,,,,,,,,,,,,,,,,,,,,,,,,,18489,0.006691534072160721
,,,26,,,,,,,,,,,,,,,,,,,,,,,,,,,,,18499,0.0019896728917956352
,,,26,,,,,,,,,,,,,,,,,,,,,,,,,,,,,18509,0.09343615919351578
,,,26,,,,,,,,,,,,,,,,,,,,,,,,,,,,,18519,0.02267465554177761
,,,26,,,,,,,,,,,,,,,,,,,,,,,,,,,,,18529,0.0006484627956524491
,,,26,,,,,,,,,,,,,,,,,,,,,,,,,,,,,18539,0.0044525363482534885
,,,26,,,,,,,,,,,,,,,,,,,,,,,,,,,,,18549,0.05986005440354347
,,,26,,,,,,,,,,,,,,,,,,,,,,,,,,,,,18559,0.0037606998812407255
,,,26,,,,,,,,,,,,,,,,,,,,,,,,,,,,,18569,0.0010853341082111
,,,26,,,,,,,,,,,,,,,,,,,,,,,,,,,,,18579,0.001448501250706613
,,,26,,,,,,,,,,,,,,,,,,,,,,,,,,,,,18589,0.013636594638228416
,,,26,,,,,,,,,,,,,,,,,,,,,,,,,,,,,18599,0.018935855478048325
,,,26,,,,,,,,,,,,,,,,,,,,,,,,,,,,,18609,0.5345643758773804
,,,26,,,,,,,,,,,,,,,,,,,,,,,,,,,,,18619,0.020242448896169662
,,,26,,,,,,,,,,,,,,,,,,,,,,,,,,,,,18629,0.012077118270099163
,,,26,,,,,,,,,,,,,,,,,,,,,,,,,,,,,18639,0.007900254800915718
,,,26,,,,,,,,,,,,,,,,,,,,,,,,,,,,,18649,0.0023779382463544607
,,,26,,,,,,,,,,,,,,,,,,,,,,,,,,,,,18659,0.003730004420503974
,,,26,,,,,,,,,,,,,,,,,,,,,,,,,,,,,18669,0.0015132669359445572
,,,26,,,,,,,,,,,,,,,,,,,,,,,,,,,,,18679,0.0022519079502671957
,,,26,,,,,,,,,,,,,,,,,,,,,,,,,,,,,18689,0.011459605768322945
,,,26,,,,,,,,,,,,,,,,,,,,,,,,,,,,,18699,0.00505869323387742
,,,26,,,,,,,,,,,,,,,,,,,,,,,,,,,,,18709,0.0029011121951043606
,,,26,,,,,,,,,,,,,,,,,,,,,,,,,,,,,18719,0.007187731098383665
,,,26,,,,,,,,,,,,,,,,,,,,,,,,,,,,,18729,0.007262608036398888
,,,26,,,,,,,,,,,,,,,,,,,,,,,,,,,,,18739,0.0007760165026411414
,,,26,,,,,,,,,,,,,,,,,,,,,,,,,,,,,18749,0.008789167739450932
,,,26,,,,,,,,,,,,,,,,,,,,,,,,,,,,,18759,0.030594104900956154
,,,26,,,,,,,,,,,,,,,,,,,,,,,,,,,,,18769,0.0029107220470905304
,,,26,,,,,,,,,,,,,,,,,,,,,,,,,,,,,18779,0.004848235286772251
,,,26,,,,,,,,,,,,,,,,,,,,,,,,,,,,,18789,0.004767239559441805
,,,26,,,,,,,,,,,,,,,,,,,,,,,,,,,,,18799,0.0019717339891940355
,,,26,,,,,,,,,,,,,,,,,,,,,,,,,,,,,18809,0.00571068050339818
,,,26,,,,,,,,,,,,,,,,,,,,,,,,,,,,,18819,0.0324447862803936
,,,26,,,,,,,,,,,,,,,,,,,,,,,,,,,,,18829,0.009570145048201084
,,,26,,,,,,,,,,,,,,,,,,,,,,,,,,,,,18839,0.002322485903277993
,,,26,,,,,,,,,,,,,,,,,,,,,,,,,,,,,18849,0.002809289377182722
,,,26,,,,,,,,,,,,,,,,,,,,,,,,,,,,,18859,0.8665451407432556
,,,26,,,,,,,,,,,,,,,,,,,,,,,,,,,,,18869,0.005722226109355688
,,,26,,,,,,,,,,,,,,,,,,,,,,,,,,,,,18879,0.0052902065217494965
,,,26,,,,,,,,,,,,,,,,,,,,,,,,,,,,,18889,0.011307777836918831
,,,26,,,,,,,,,,,,,,,,,,,,,,,,,,,,,18899,0.003909274935722351
,,,26,,,,,,,,,,,,,,,,,,,,,,,,,,,,,18909,0.0018139234744012356
,,,26,,,,,,,,,,,,,,,,,,,,,,,,,,,,,18919,0.010932578705251217
,,,,2.943258858323685e-07,1.648826782436853e-06,2.5366565883643888e-06,2.5366565883643888e-06,3.902548597483675e-06,3.902548597483675e-06,6.003920919205654e-06,6.003920919205654e-06,9.236801414162544e-06,9.236801414162544e-06,1.4210463714096221e-05,2.943258858323685e-07,1.4210463714096221e-05,2.1862251867840337e-05,2.1862251867840337e-05,3.363423364283129e-05,3.363423364283129e-05,5.174497483512506e-05,5.174497483512506e-05,5.174497483512506e-05,5.174497483512506e-05,4.5280905512672074e-07,4.5280905512672074e-07,6.966293155795704e-07,6.966293155795704e-07,1.0717374085839545e-06,1.0717374085839545e-06,1.648826782436853e-06,18927,
,,,27,,,,,,,,,,,,,,,,,,,,,,,,,,,,,18929,0.10425614565610886
,,,27,,,,,,,,,,,,,,,,,,,,,,,,,,,,,18939,0.0009748103911988437
,,,27,,,,,,,,,,,,,,,,,,,,,,,,,,,,,18949,0.006249106489121914
,,,27,,,,,,,,,,,,,,,,,,,,,,,,,,,,,18959,0.005162309389561415
,,,27,,,,,,,,,,,,,,,,,,,,,,,,,,,,,18969,0.004478953778743744
,,,27,,,,,,,,,,,,,,,,,,,,,,,,,,,,,18979,0.0027456830721348524
,,,27,,,,,,,,,,,,,,,,,,,,,,,,,,,,,18989,0.0051475390791893005
,,,27,,,,,,,,,,,,,,,,,,,,,,,,,,,,,18999,0.002677721669897437
,,,27,,,,,,,,,,,,,,,,,,,,,,,,,,,,,19009,0.008100682869553566
,,,27,,,,,,,,,,,,,,,,,,,,,,,,,,,,,19019,0.0016903423238545656
,,,27,,,,,,,,,,,,,,,,,,,,,,,,,,,,,19029,0.0025177898351103067
,,,27,,,,,,,,,,,,,,,,,,,,,,,,,,,,,19039,0.06929861754179001
,,,27,,,,,,,,,,,,,,,,,,,,,,,,,,,,,19049,0.003703506663441658
,,,27,,,,,,,,,,,,,,,,,,,,,,,,,,,,,19059,0.003515231190249324
,,,27,,,,,,,,,,,,,,,,,,,,,,,,,,,,,19069,0.0036916853860020638
,,,27,,,,,,,,,,,,,,,,,,,,,,,,,,,,,19079,0.29337337613105774
,,,27,,,,,,,,,,,,,,,,,,,,,,,,,,,,,19089,0.31211498379707336
,,,27,,,,,,,,,,,,,,,,,,,,,,,,,,,,,19099,0.0021997238509356976
,,,27,,,,,,,,,,,,,,,,,,,,,,,,,,,,,19109,0.006482827942818403
,,,27,,,,,,,,,,,,,,,,,,,,,,,,,,,,,19119,0.021291935816407204
,,,27,,,,,,,,,,,,,,,,,,,,,,,,,,,,,19129,0.00482714269310236
,,,27,,,,,,,,,,,,,,,,,,,,,,,,,,,,,19139,0.0022341981530189514
,,,27,,,,,,,,,,,,,,,,,,,,,,,,,,,,,19149,0.0027963388711214066
,,,27,,,,,,,,,,,,,,,,,,,,,,,,,,,,,19159,0.0010992322349920869
,,,27,,,,,,,,,,,,,,,,,,,,,,,,,,,,,19169,0.0007525238324888051
,,,27,,,,,,,,,,,,,,,,,,,,,,,,,,,,,19179,0.001999304164201021
,,,27,,,,,,,,,,,,,,,,,,,,,,,,,,,,,19189,0.001761699910275638
,,,27,,,,,,,,,,,,,,,,,,,,,,,,,,,,,19199,0.0015733751934021711
,,,27,,,,,,,,,,,,,,,,,,,,,,,,,,,,,19209,0.0009243545355275273
,,,27,,,,,,,,,,,,,,,,,,,,,,,,,,,,,19219,0.2064300775527954
,,,27,,,,,,,,,,,,,,,,,,,,,,,,,,,,,19229,0.0023011150769889355
,,,27,,,,,,,,,,,,,,,,,,,,,,,,,,,,,19239,0.0033184909261763096
,,,27,,,,,,,,,,,,,,,,,,,,,,,,,,,,,19249,0.00487458985298872
,,,27,,,,,,,,,,,,,,,,,,,,,,,,,,,,,19259,0.10608949512243271
,,,27,,,,,,,,,,,,,,,,,,,,,,,,,,,,,19269,0.004356454126536846
,,,27,,,,,,,,,,,,,,,,,,,,,,,,,,,,,19279,0.16198237240314484
,,,27,,,,,,,,,,,,,,,,,,,,,,,,,,,,,19289,0.0024722700472921133
,,,27,,,,,,,,,,,,,,,,,,,,,,,,,,,,,19299,0.10528665781021118
,,,27,,,,,,,,,,,,,,,,,,,,,,,,,,,,,19309,0.01711210049688816
,,,27,,,,,,,,,,,,,,,,,,,,,,,,,,,,,19319,0.0008357508340850472
,,,27,,,,,,,,,,,,,,,,,,,,,,,,,,,,,19329,0.48084765672683716
,,,27,,,,,,,,,,,,,,,,,,,,,,,,,,,,,19339,0.0032834236044436693
,,,27,,,,,,,,,,,,,,,,,,,,,,,,,,,,,19349,0.002767374739050865
,,,27,,,,,,,,,,,,,,,,,,,,,,,,,,,,,19359,0.004564485512673855
,,,27,,,,,,,,,,,,,,,,,,,,,,,,,,,,,19369,0.004690328612923622
,,,27,,,,,,,,,,,,,,,,,,,,,,,,,,,,,19379,0.011397670954465866
,,,27,,,,,,,,,,,,,,,,,,,,,,,,,,,,,19389,0.2725476920604706
,,,27,,,,,,,,,,,,,,,,,,,,,,,,,,,,,19399,0.0017697152215987444
,,,27,,,,,,,,,,,,,,,,,,,,,,,,,,,,,19409,0.0022594716865569353
,,,27,,,,,,,,,,,,,,,,,,,,,,,,,,,,,19419,0.001466661226004362
,,,27,,,,,,,,,,,,,,,,,,,,,,,,,,,,,19429,0.05184377357363701
,,,27,,,,,,,,,,,,,,,,,,,,,,,,,,,,,19439,0.1548600196838379
,,,27,,,,,,,,,,,,,,,,,,,,,,,,,,,,,19449,0.01721668243408203
,,,27,,,,,,,,,,,,,,,,,,,,,,,,,,,,,19459,0.3308941423892975
,,,27,,,,,,,,,,,,,,,,,,,,,,,,,,,,,19469,0.0013272770447656512
,,,27,,,,,,,,,,,,,,,,,,,,,,,,,,,,,19479,0.009374541230499744
,,,27,,,,,,,,,,,,,,,,,,,,,,,,,,,,,19489,0.009214323945343494
,,,27,,,,,,,,,,,,,,,,,,,,,,,,,,,,,19499,0.0013803220354020596
,,,27,,,,,,,,,,,,,,,,,,,,,,,,,,,,,19509,0.0036463323049247265
,,,27,,,,,,,,,,,,,,,,,,,,,,,,,,,,,19519,0.018411803990602493
,,,27,,,,,,,,,,,,,,,,,,,,,,,,,,,,,19529,0.007663466036319733
,,,27,,,,,,,,,,,,,,,,,,,,,,,,,,,,,19539,0.0019411511020734906
,,,27,,,,,,,,,,,,,,,,,,,,,,,,,,,,,19549,0.5124467611312866
,,,27,,,,,,,,,,,,,,,,,,,,,,,,,,,,,19559,0.13882723450660706
,,,27,,,,,,,,,,,,,,,,,,,,,,,,,,,,,19569,0.0017118919640779495
,,,27,,,,,,,,,,,,,,,,,,,,,,,,,,,,,19579,0.003300159005448222
,,,27,,,,,,,,,,,,,,,,,,,,,,,,,,,,,19589,0.3064001500606537
,,,27,,,,,,,,,,,,,,,,,,,,,,,,,,,,,19599,0.02341625839471817
,,,27,,,,,,,,,,,,,,,,,,,,,,,,,,,,,19609,0.0035820594057440758
,,,27,,,,,,,,,,,,,,,,,,,,,,,,,,,,,19619,0.012198196724057198
,,,,2.744750204782032e-07,1.537621346469399e-06,2.3655713022606135e-06,2.3655713022606135e-06,3.6393404650163284e-06,3.6393404650163284e-06,5.598985330794351e-06,5.598985330794351e-06,8.613823585837463e-06,8.613823585837463e-06,1.3252036285903789e-05,2.744750204782032e-07,1.3252036285903789e-05,2.0387748132159674e-05,2.0387748132159674e-05,3.136576635716873e-05,3.136576635716873e-05,4.825502516487497e-05,4.825502516487497e-05,4.825502516487497e-05,4.825502516487497e-05,4.222692622741587e-07,4.222692622741587e-07,6.496450188833211e-07,6.496450188833211e-07,9.994538752051094e-07,9.994538752051094e-07,1.537621346469399e-06,19628,
,,,28,,,,,,,,,,,,,,,,,,,,,,,,,,,,,19629,0.0127028189599514
,,,28,,,,,,,,,,,,,,,,,,,,,,,,,,,,,19639,0.004824306350201368
,,,28,,,,,,,,,,,,,,,,,,,,,,,,,,,,,19649,0.0021272662561386824
,,,28,,,,,,,,,,,,,,,,,,,,,,,,,,,,,19659,0.030314719304442406
,,,28,,,,,,,,,,,,,,,,,,,,,,,,,,,,,19669,0.008437625132501125
,,,28,,,,,,,,,,,,,,,,,,,,,,,,,,,,,19679,0.00048112060176208615
,,,28,,,,,,,,,,,,,,,,,,,,,,,,,,,,,19689,0.0032867651898413897
,,,28,,,,,,,,,,,,,,,,,,,,,,,,,,,,,19699,0.0009910253575071692
,,,28,,,,,,,,,,,,,,,,,,,,,,,,,,,,,19709,0.0027080478612333536
,,,28,,,,,,,,,,,,,,,,,,,,,,,,,,,,,19719,0.0008598492713645101
,,,28,,,,,,,,,,,,,,,,,,,,,,,,,,,,,19729,0.0013263747096061707
,,,28,,,,,,,,,,,,,,,,,,,,,,,,,,,,,19739,0.006519678048789501
,,,28,,,,,,,,,,,,,,,,,,,,,,,,,,,,,19749,0.004493224900215864
,,,28,,,,,,,,,,,,,,,,,,,,,,,,,,,,,19759,0.0038335577119141817
,,,28,,,,,,,,,,,,,,,,,,,,,,,,,,,,,19769,0.007996050640940666
,,,28,,,,,,,,,,,,,,,,,,,,,,,,,,,,,19779,0.00103938824031502
,,,28,,,,,,,,,,,,,,,,,,,,,,,,,,,,,19789,0.0476321205496788
,,,28,,,,,,,,,,,,,,,,,,,,,,,,,,,,,19799,0.0008590605575591326
,,,28,,,,,,,,,,,,,,,,,,,,,,,,,,,,,19809,0.11357193440198898
,,,28,,,,,,,,,,,,,,,,,,,,,,,,,,,,,19819,0.0007385893259197474
,,,28,,,,,,,,,,,,,,,,,,,,,,,,,,,,,19829,0.002227914985269308
,,,28,,,,,,,,,,,,,,,,,,,,,,,,,,,,,19839,0.003636003704741597
,,,28,,,,,,,,,,,,,,,,,,,,,,,,,,,,,19849,0.061116620898246765
,,,28,,,,,,,,,,,,,,,,,,,,,,,,,,,,,19859,0.044390883296728134
,,,28,,,,,,,,,,,,,,,,,,,,,,,,,,,,,19869,0.004413227550685406
,,,28,,,,,,,,,,,,,,,,,,,,,,,,,,,,,19879,0.004421591758728027
,,,28,,,,,,,,,,,,,,,,,,,,,,,,,,,,,19889,0.5274193286895752
,,,28,,,,,,,,,,,,,,,,,,,,,,,,,,,,,19899,0.001096390769816935
,,,28,,,,,,,,,,,,,,,,,,,,,,,,,,,,,19909,0.004786127712577581
,,,28,,,,,,,,,,,,,,,,,,,,,,,,,,,,,19919,0.003257336560636759
,,,28,,,,,,,,,,,,,,,,,,,,,,,,,,,,,19929,0.001573438523337245
,,,28,,,,,,,,,,,,,,,,,,,,,,,,,,,,,19939,0.0008847426506690681
,,,28,,,,,,,,,,,,,,,,,,,,,,,,,,,,,19949,0.0053489841520786285
,,,28,,,,,,,,,,,,,,,,,,,,,,,,,,,,,19959,0.0010727719636633992
,,,28,,,,,,,,,,,,,,,,,,,,,,,,,,,,,19969,0.0024122765753418207
,,,28,,,,,,,,,,,,,,,,,,,,,,,,,,,,,19979,0.0071080997586250305
,,,28,,,,,,,,,,,,,,,,,,,,,,,,,,,,,19989,0.006433876696974039
,,,28,,,,,,,,,,,,,,,,,,,,,,,,,,,,,19999,0.006477598566561937
,,,28,,,,,,,,,,,,,,,,,,,,,,,,,,,,,20009,0.003416683990508318
,,,28,,,,,,,,,,,,,,,,,,,,,,,,,,,,,20019,0.0017340283375233412
,,,28,,,,,,,,,,,,,,,,,,,,,,,,,,,,,20029,0.005467293784022331
,,,28,,,,,,,,,,,,,,,,,,,,,,,,,,,,,20039,0.004299022722989321
,,,28,,,,,,,,,,,,,,,,,,,,,,,,,,,,,20049,0.005082355812191963
,,,28,,,,,,,,,,,,,,,,,,,,,,,,,,,,,20059,0.0010544746182858944
,,,28,,,,,,,,,,,,,,,,,,,,,,,,,,,,,20069,0.0010829870589077473
,,,28,,,,,,,,,,,,,,,,,,,,,,,,,,,,,20079,0.0257564689964056
,,,28,,,,,,,,,,,,,,,,,,,,,,,,,,,,,20089,0.10518347471952438
,,,28,,,,,,,,,,,,,,,,,,,,,,,,,,,,,20099,0.0014481208054348826
,,,28,,,,,,,,,,,,,,,,,,,,,,,,,,,,,20109,0.0011320792837068439
,,,28,,,,,,,,,,,,,,,,,,,,,,,,,,,,,20119,0.004635803401470184
,,,28,,,,,,,,,,,,,,,,,,,,,,,,,,,,,20129,0.0017400352517142892
,,,28,,,,,,,,,,,,,,,,,,,,,,,,,,,,,20139,0.0025681687984615564
,,,28,,,,,,,,,,,,,,,,,,,,,,,,,,,,,20149,0.003690447425469756
,,,28,,,,,,,,,,,,,,,,,,,,,,,,,,,,,20159,0.0012119407765567303
,,,28,,,,,,,,,,,,,,,,,,,,,,,,,,,,,20169,0.004191696643829346
,,,28,,,,,,,,,,,,,,,,,,,,,,,,,,,,,20179,0.0018264477839693427
,,,28,,,,,,,,,,,,,,,,,,,,,,,,,,,,,20189,0.0019920559134334326
,,,28,,,,,,,,,,,,,,,,,,,,,,,,,,,,,20199,0.00130558293312788
,,,28,,,,,,,,,,,,,,,,,,,,,,,,,,,,,20209,0.0013441707706078887
,,,28,,,,,,,,,,,,,,,,,,,,,,,,,,,,,20219,0.00403851643204689
,,,28,,,,,,,,,,,,,,,,,,,,,,,,,,,,,20229,0.08596532791852951
,,,28,,,,,,,,,,,,,,,,,,,,,,,,,,,,,20239,0.004392548929899931
,,,28,,,,,,,,,,,,,,,,,,,,,,,,,,,,,20249,0.5933181643486023
,,,28,,,,,,,,,,,,,,,,,,,,,,,,,,,,,20259,0.009332958608865738
,,,28,,,,,,,,,,,,,,,,,,,,,,,,,,,,,20269,0.0019934976007789373
,,,28,,,,,,,,,,,,,,,,,,,,,,,,,,,,,20279,0.0027529967483133078
,,,28,,,,,,,,,,,,,,,,,,,,,,,,,,,,,20289,0.002402395009994507
,,,28,,,,,,,,,,,,,,,,,,,,,,,,,,,,,20299,0.003961848560720682
,,,28,,,,,,,,,,,,,,,,,,,,,,,,,,,,,20309,0.001111461198888719
,,,28,,,,,,,,,,,,,,,,,,,,,,,,,,,,,20319,0.0045701381750404835
,,,,2.5467251083433957e-07,1.4266868013547958e-06,2.1949027713150704e-06,2.1949027713150704e-06,3.376773494330877e-06,3.376773494330877e-06,5.195036145124426e-06,5.195036145124426e-06,7.992363300191425e-06,7.992363300191425e-06,1.2295943538756038e-05,2.5467251083433957e-07,1.2295943538756038e-05,1.8916836213470826e-05,1.8916836213470826e-05,2.9102824943801272e-05,2.9102824943801272e-05,4.477357683661734e-05,4.477357683661734e-05,4.477357683661734e-05,4.477357683661734e-05,3.9180386282206076e-07,3.9180386282206076e-07,6.027751735724013e-07,6.027751735724013e-07,9.273464208806172e-07,9.273464208806172e-07,1.4266868013547958e-06,20329,
,,,29,,,,,,,,,,,,,,,,,,,,,,,,,,,,,20329,0.15806594491004944
,,,29,,,,,,,,,,,,,,,,,,,,,,,,,,,,,20339,0.005755986087024212
,,,29,,,,,,,,,,,,,,,,,,,,,,,,,,,,,20349,0.002433018060401082
,,,29,,,,,,,,,,,,,,,,,,,,,,,,,,,,,20359,0.0028246305882930756
,,,29,,,,,,,,,,,,,,,,,,,,,,,,,,,,,20369,0.001149964751675725
,,,29,,,,,,,,,,,,,,,,,,,,,,,,,,,,,20379,0.002231104066595435
,,,29,,,,,,,,,,,,,,,,,,,,,,,,,,,,,20389,0.4628704786300659
,,,29,,,,,,,,,,,,,,,,,,,,,,,,,,,,,20399,0.0020415782928466797
,,,29,,,,,,,,,,,,,,,,,,,,,,,,,,,,,20409,0.0007749912911094725
,,,29,,,,,,,,,,,,,,,,,,,,,,,,,,,,,20419,0.0010137843200936913
,,,29,,,,,,,,,,,,,,,,,,,,,,,,,,,,,20429,0.003725393209606409
,,,29,,,,,,,,,,,,,,,,,,,,,,,,,,,,,20439,0.0025900069158524275
,,,29,,,,,,,,,,,,,,,,,,,,,,,,,,,,,20449,0.0009489317308180034
,,,29,,,,,,,,,,,,,,,,,,,,,,,,,,,,,20459,0.0012602978385984898
,,,29,,,,,,,,,,,,,,,,,,,,,,,,,,,,,20469,0.009808656759560108
,,,29,,,,,,,,,,,,,,,,,,,,,,,,,,,,,20479,0.002563381101936102
,,,29,,,,,,,,,,,,,,,,,,,,,,,,,,,,,20489,0.001987338298931718
,,,29,,,,,,,,,,,,,,,,,,,,,,,,,,,,,20499,0.00219913967885077
,,,29,,,,,,,,,,,,,,,,,,,,,,,,,,,,,20509,0.0036095597315579653
,,,29,,,,,,,,,,,,,,,,,,,,,,,,,,,,,20519,0.012870675884187222
,,,29,,,,,,,,,,,,,,,,,,,,,,,,,,,,,20529,0.009004918858408928
,,,29,,,,,,,,,,,,,,,,,,,,,,,,,,,,,20539,0.002338046906515956
,,,29,,,,,,,,,,,,,,,,,,,,,,,,,,,,,20549,0.0013616877840831876
,,,29,,,,,,,,,,,,,,,,,,,,,,,,,,,,,20559,0.0030262512154877186
,,,29,,,,,,,,,,,,,,,,,,,,,,,,,,,,,20569,0.007980374619364738
,,,29,,,,,,,,,,,,,,,,,,,,,,,,,,,,,20579,0.0036601966712623835
,,,29,,,,,,,,,,,,,,,,,,,,,,,,,,,,,20589,0.008717356249690056
,,,29,,,,,,,,,,,,,,,,,,,,,,,,,,,,,20599,0.0015045838663354516
,,,29,,,,,,,,,,,,,,,,,,,,,,,,,,,,,20609,0.0027505340985953808
,,,29,,,,,,,,,,,,,,,,,,,,,,,,,,,,,20619,0.055057309567928314
,,,29,,,,,,,,,,,,,,,,,,,,,,,,,,,,,20629,0.0031811140943318605
,,,29,,,,,,,,,,,,,,,,,,,,,,,,,,,,,20639,0.002259443048387766
,,,29,,,,,,,,,,,,,,,,,,,,,,,,,,,,,20649,0.09499814361333847
,,,29,,,,,,,,,,,,,,,,,,,,,,,,,,,,,20659,0.0026637481059879065
,,,29,,,,,,,,,,,,,,,,,,,,,,,,,,,,,20669,0.0025663443375378847
,,,29,,,,,,,,,,,,,,,,,,,,,,,,,,,,,20679,0.016925228759646416
,,,29,,,,,,,,,,,,,,,,,,,,,,,,,,,,,20689,0.005160441622138023
,,,29,,,,,,,,,,,,,,,,,,,,,,,,,,,,,20699,0.003658824833109975
,,,29,,,,,,,,,,,,,,,,,,,,,,,,,,,,,20709,0.001280702301301062
,,,29,,,,,,,,,,,,,,,,,,,,,,,,,,,,,20719,0.002800949849188328
,,,29,,,,,,,,,,,,,,,,,,,,,,,,,,,,,20729,0.0024667601101100445
,,,29,,,,,,,,,,,,,,,,,,,,,,,,,,,,,20739,0.11739660054445267
,,,29,,,,,,,,,,,,,,,,,,,,,,,,,,,,,20749,0.0010241346899420023
,,,29,,,,,,,,,,,,,,,,,,,,,,,,,,,,,20759,0.020552044734358788
,,,29,,,,,,,,,,,,,,,,,,,,,,,,,,,,,20769,0.0008630044176243246
,,,29,,,,,,,,,,,,,,,,,,,,,,,,,,,,,20779,0.0007964947144500911
,,,29,,,,,,,,,,,,,,,,,,,,,,,,,,,,,20789,0.004246515687555075
,,,29,,,,,,,,,,,,,,,,,,,,,,,,,,,,,20799,0.07011928409337997
,,,29,,,,,,,,,,,,,,,,,,,,,,,,,,,,,20809,0.015330180525779724
,,,29,,,,,,,,,,,,,,,,,,,,,,,,,,,,,20819,0.0009717034408822656
,,,29,,,,,,,,,,,,,,,,,,,,,,,,,,,,,20829,1.186184287071228
,,,29,,,,,,,,,,,,,,,,,,,,,,,,,,,,,20839,0.0014611940132454038
,,,29,,,,,,,,,,,,,,,,,,,,,,,,,,,,,20849,0.0028180440422147512
,,,29,,,,,,,,,,,,,,,,,,,,,,,,,,,,,20859,0.007783356588333845
,,,29,,,,,,,,,,,,,,,,,,,,,,,,,,,,,20869,0.0056975726038217545
,,,29,,,,,,,,,,,,,,,,,,,,,,,,,,,,,20879,0.01051800325512886
,,,29,,,,,,,,,,,,,,,,,,,,,,,,,,,,,20889,0.1398676037788391
,,,29,,,,,,,,,,,,,,,,,,,,,,,,,,,,,20899,0.15463300049304962
,,,29,,,,,,,,,,,,,,,,,,,,,,,,,,,,,20909,0.0017552735516801476
,,,29,,,,,,,,,,,,,,,,,,,,,,,,,,,,,20919,0.21632781624794006
,,,29,,,,,,,,,,,,,,,,,,,,,,,,,,,,,20929,0.0028831951785832644
,,,29,,,,,,,,,,,,,,,,,,,,,,,,,,,,,20939,0.00288619683124125
,,,29,,,,,,,,,,,,,,,,,,,,,,,,,,,,,20949,0.0034669816959649324
,,,29,,,,,,,,,,,,,,,,,,,,,,,,,,,,,20959,0.0020262179896235466
,,,29,,,,,,,,,,,,,,,,,,,,,,,,,,,,,20969,0.001480613718740642
,,,29,,,,,,,,,,,,,,,,,,,,,,,,,,,,,20979,0.014023342169821262
,,,29,,,,,,,,,,,,,,,,,,,,,,,,,,,,,20989,0.016468683257699013
,,,29,,,,,,,,,,,,,,,,,,,,,,,,,,,,,20999,0.0023124918807297945
,,,29,,,,,,,,,,,,,,,,,,,,,,,,,,,,,21009,0.0022872444242239
,,,29,,,,,,,,,,,,,,,,,,,,,,,,,,,,,21019,0.0004921045619994402
,,,29,,,,,,,,,,,,,,,,,,,,,,,,,,,,,21029,0.001856874325312674
0.8483091592788696,0.8474903702735901,0.8491296172142029,29,,,,,,,,,,,,,,,,,,,,,,,,,,,,,21029,
,,,,2.3501483273722123e-07,1.3165636090457405e-06,2.025482475454985e-06,2.025482475454985e-06,3.1161268853153615e-06,3.1161268853153615e-06,4.794041362023633e-06,4.794041362023633e-06,7.375448249267128e-06,7.375448249267128e-06,1.1346843460410964e-05,2.3501483273722123e-07,1.1346843460410964e-05,1.7456682246786098e-05,1.7456682246786098e-05,2.685643422582477e-05,2.685643422582477e-05,4.131759111665349e-05,4.131759111665349e-05,4.131759111665349e-05,4.131759111665349e-05,3.6156128113418643e-07,3.6156128113418643e-07,5.562481248218254e-07,5.562481248218254e-07,8.557663458797313e-07,8.557663458797313e-07,1.3165636090457405e-06,21030,
,,,30,,,,,,,,,,,,,,,,,,,,,,,,,,,,,21039,0.0009629569249227643
,,,30,,,,,,,,,,,,,,,,,,,,,,,,,,,,,21049,0.0028506263624876738
,,,30,,,,,,,,,,,,,,,,,,,,,,,,,,,,,21059,0.002614922821521759
,,,30,,,,,,,,,,,,,,,,,,,,,,,,,,,,,21069,0.003937647677958012
,,,30,,,,,,,,,,,,,,,,,,,,,,,,,,,,,21079,0.001092785969376564
,,,30,,,,,,,,,,,,,,,,,,,,,,,,,,,,,21089,0.17698372900485992
,,,30,,,,,,,,,,,,,,,,,,,,,,,,,,,,,21099,0.002069846261292696
,,,30,,,,,,,,,,,,,,,,,,,,,,,,,,,,,21109,0.5358635783195496
,,,30,,,,,,,,,,,,,,,,,,,,,,,,,,,,,21119,0.3915131688117981
,,,30,,,,,,,,,,,,,,,,,,,,,,,,,,,,,21129,0.0016046192031353712
,,,30,,,,,,,,,,,,,,,,,,,,,,,,,,,,,21139,0.0005854661576449871
,,,30,,,,,,,,,,,,,,,,,,,,,,,,,,,,,21149,0.004566061310470104
,,,30,,,,,,,,,,,,,,,,,,,,,,,,,,,,,21159,0.0013007520465180278
,,,30,,,,,,,,,,,,,,,,,,,,,,,,,,,,,21169,0.0021458189003169537
,,,30,,,,,,,,,,,,,,,,,,,,,,,,,,,,,21179,0.0042195068672299385
,,,30,,,,,,,,,,,,,,,,,,,,,,,,,,,,,21189,0.0012726250570267439
,,,30,,,,,,,,,,,,,,,,,,,,,,,,,,,,,21199,0.0011293682036921382
,,,30,,,,,,,,,,,,,,,,,,,,,,,,,,,,,21209,0.0014547760365530849
,,,30,,,,,,,,,,,,,,,,,,,,,,,,,,,,,21219,0.029405217617750168
,,,30,,,,,,,,,,,,,,,,,,,,,,,,,,,,,21229,0.10872551798820496
,,,30,,,,,,,,,,,,,,,,,,,,,,,,,,,,,21239,0.32921770215034485
,,,30,,,,,,,,,,,,,,,,,,,,,,,,,,,,,21249,0.010682396590709686
,,,30,,,,,,,,,,,,,,,,,,,,,,,,,,,,,21259,0.0010443737264722586
,,,30,,,,,,,,,,,,,,,,,,,,,,,,,,,,,21269,0.16467152535915375
,,,30,,,,,,,,,,,,,,,,,,,,,,,,,,,,,21279,0.009795913472771645
,,,30,,,,,,,,,,,,,,,,,,,,,,,,,,,,,21289,0.02882249467074871
,,,30,,,,,,,,,,,,,,,,,,,,,,,,,,,,,21299,0.0019497720059007406
,,,30,,,,,,,,,,,,,,,,,,,,,,,,,,,,,21309,0.007648120168596506
,,,30,,,,,,,,,,,,,,,,,,,,,,,,,,,,,21319,0.005705431569367647
,,,30,,,,,,,,,,,,,,,,,,,,,,,,,,,,,21329,0.0034198968205600977
,,,30,,,,,,,,,,,,,,,,,,,,,,,,,,,,,21339,0.10122014582157135
,,,30,,,,,,,,,,,,,,,,,,,,,,,,,,,,,21349,0.004754169844090939
,,,30,,,,,,,,,,,,,,,,,,,,,,,,,,,,,21359,0.0031523238867521286
,,,30,,,,,,,,,,,,,,,,,,,,,,,,,,,,,21369,0.002907585119828582
,,,30,,,,,,,,,,,,,,,,,,,,,,,,,,,,,21379,0.0024483944289386272
,,,30,,,,,,,,,,,,,,,,,,,,,,,,,,,,,21389,0.005446632858365774
,,,30,,,,,,,,,,,,,,,,,,,,,,,,,,,,,21399,0.021141288802027702
,,,30,,,,,,,,,,,,,,,,,,,,,,,,,,,,,21409,0.0021745741833001375
,,,30,,,,,,,,,,,,,,,,,,,,,,,,,,,,,21419,0.0010063201189041138
,,,30,,,,,,,,,,,,,,,,,,,,,,,,,,,,,21429,0.0009800101397559047
,,,30,,,,,,,,,,,,,,,,,,,,,,,,,,,,,21439,0.001907268539071083
,,,30,,,,,,,,,,,,,,,,,,,,,,,,,,,,,21449,0.0023558910470455885
,,,30,,,,,,,,,,,,,,,,,,,,,,,,,,,,,21459,0.002363788429647684
,,,30,,,,,,,,,,,,,,,,,,,,,,,,,,,,,21469,0.0023049204610288143
,,,30,,,,,,,,,,,,,,,,,,,,,,,,,,,,,21479,0.20130547881126404
,,,30,,,,,,,,,,,,,,,,,,,,,,,,,,,,,21489,0.000992681016214192
,,,30,,,,,,,,,,,,,,,,,,,,,,,,,,,,,21499,0.004059637896716595
,,,30,,,,,,,,,,,,,,,,,,,,,,,,,,,,,21509,0.001980666071176529
,,,30,,,,,,,,,,,,,,,,,,,,,,,,,,,,,21519,0.0047904434613883495
,,,30,,,,,,,,,,,,,,,,,,,,,,,,,,,,,21529,0.0008529446204192936
,,,30,,,,,,,,,,,,,,,,,,,,,,,,,,,,,21539,0.2893540561199188
,,,30,,,,,,,,,,,,,,,,,,,,,,,,,,,,,21549,0.004513940308243036
,,,30,,,,,,,,,,,,,,,,,,,,,,,,,,,,,21559,0.004075289238244295
,,,30,,,,,,,,,,,,,,,,,,,,,,,,,,,,,21569,0.07315928488969803
,,,30,,,,,,,,,,,,,,,,,,,,,,,,,,,,,21579,0.05461645871400833
,,,30,,,,,,,,,,,,,,,,,,,,,,,,,,,,,21589,0.024452514946460724
,,,30,,,,,,,,,,,,,,,,,,,,,,,,,,,,,21599,0.0023357197642326355
,,,30,,,,,,,,,,,,,,,,,,,,,,,,,,,,,21609,0.0022953711450099945
,,,30,,,,,,,,,,,,,,,,,,,,,,,,,,,,,21619,0.00371507927775383
,,,30,,,,,,,,,,,,,,,,,,,,,,,,,,,,,21629,0.0014599028509110212
,,,30,,,,,,,,,,,,,,,,,,,,,,,,,,,,,21639,0.0013230966869741678
,,,30,,,,,,,,,,,,,,,,,,,,,,,,,,,,,21649,0.003800380975008011
,,,30,,,,,,,,,,,,,,,,,,,,,,,,,,,,,21659,0.002526703756302595
,,,30,,,,,,,,,,,,,,,,,,,,,,,,,,,,,21669,0.027313046157360077
,,,30,,,,,,,,,,,,,,,,,,,,,,,,,,,,,21679,0.003805658547207713
,,,30,,,,,,,,,,,,,,,,,,,,,,,,,,,,,21689,0.010884185321629047
,,,30,,,,,,,,,,,,,,,,,,,,,,,,,,,,,21699,0.01286502368748188
,,,30,,,,,,,,,,,,,,,,,,,,,,,,,,,,,21709,0.0028036327566951513
,,,30,,,,,,,,,,,,,,,,,,,,,,,,,,,,,21719,0.0023844989482313395
,,,30,,,,,,,,,,,,,,,,,,,,,,,,,,,,,21729,0.0012033034581691027
,,,,2.155977564185546e-07,1.2077882786656185e-06,1.8581358133317206e-06,1.8581358133317206e-06,2.8586704820488007e-06,2.8586704820488007e-06,4.397954587767385e-06,4.397954587767385e-06,6.766083981180593e-06,6.766083981180593e-06,1.0409359971047065e-05,2.155977564185546e-07,1.0409359971047065e-05,1.6014399955457025e-05,1.6014399955457025e-05,2.4637538393010805e-05,2.4637538393010805e-05,3.790390522001662e-05,3.790390522001662e-05,3.790390522001662e-05,3.790390522001662e-05,3.3168885602854544e-07,3.3168885602854544e-07,5.102905477362238e-07,5.102905477362238e-07,7.850623811326521e-07,7.850623811326521e-07,1.2077882786656185e-06,21731,
,,,31,,,,,,,,,,,,,,,,,,,,,,,,,,,,,21739,0.0009331737528555095
,,,31,,,,,,,,,,,,,,,,,,,,,,,,,,,,,21749,0.0013562787789851427
,,,31,,,,,,,,,,,,,,,,,,,,,,,,,,,,,21759,0.006221910938620567
,,,31,,,,,,,,,,,,,,,,,,,,,,,,,,,,,21769,0.0035363216884434223
,,,31,,,,,,,,,,,,,,,,,,,,,,,,,,,,,21779,0.016927342861890793
,,,31,,,,,,,,,,,,,,,,,,,,,,,,,,,,,21789,0.001220983569510281
,,,31,,,,,,,,,,,,,,,,,,,,,,,,,,,,,21799,0.0012194165028631687
,,,31,,,,,,,,,,,,,,,,,,,,,,,,,,,,,21809,0.0035451145377010107
,,,31,,,,,,,,,,,,,,,,,,,,,,,,,,,,,21819,0.0019321165746077895
,,,31,,,,,,,,,,,,,,,,,,,,,,,,,,,,,21829,0.0012936583952978253
,,,31,,,,,,,,,,,,,,,,,,,,,,,,,,,,,21839,0.0012610550038516521
,,,31,,,,,,,,,,,,,,,,,,,,,,,,,,,,,21849,0.0009999655885621905
,,,31,,,,,,,,,,,,,,,,,,,,,,,,,,,,,21859,0.002342526102438569
,,,31,,,,,,,,,,,,,,,,,,,,,,,,,,,,,21869,0.0057638357393443584
,,,31,,,,,,,,,,,,,,,,,,,,,,,,,,,,,21879,0.0021465362515300512
,,,31,,,,,,,,,,,,,,,,,,,,,,,,,,,,,21889,0.0015898060519248247
,,,31,,,,,,,,,,,,,,,,,,,,,,,,,,,,,21899,0.006987268570810556
,,,31,,,,,,,,,,,,,,,,,,,,,,,,,,,,,21909,0.0014964501606300473
,,,31,,,,,,,,,,,,,,,,,,,,,,,,,,,,,21919,0.0012645890237763524
,,,31,,,,,,,,,,,,,,,,,,,,,,,,,,,,,21929,0.009044831618666649
,,,31,,,,,,,,,,,,,,,,,,,,,,,,,,,,,21939,0.002290568547323346
,,,31,,,,,,,,,,,,,,,,,,,,,,,,,,,,,21949,0.04097424075007439
,,,31,,,,,,,,,,,,,,,,,,,,,,,,,,,,,21959,0.09335468709468842
,,,31,,,,,,,,,,,,,,,,,,,,,,,,,,,,,21969,0.003098053392022848
,,,31,,,,,,,,,,,,,,,,,,,,,,,,,,,,,21979,0.006808915175497532
,,,31,,,,,,,,,,,,,,,,,,,,,,,,,,,,,21989,0.0018530274974182248
,,,31,,,,,,,,,,,,,,,,,,,,,,,,,,,,,21999,0.0036101946607232094
,,,31,,,,,,,,,,,,,,,,,,,,,,,,,,,,,22009,0.028853196650743484
,,,31,,,,,,,,,,,,,,,,,,,,,,,,,,,,,22019,0.007909316569566727
,,,31,,,,,,,,,,,,,,,,,,,,,,,,,,,,,22029,0.01143668219447136
,,,31,,,,,,,,,,,,,,,,,,,,,,,,,,,,,22039,0.0013231588527560234
,,,31,,,,,,,,,,,,,,,,,,,,,,,,,,,,,22049,0.00342578231357038
,,,31,,,,,,,,,,,,,,,,,,,,,,,,,,,,,22059,0.0011957613751292229
,,,31,,,,,,,,,,,,,,,,,,,,,,,,,,,,,22069,0.0008938394021242857
,,,31,,,,,,,,,,,,,,,,,,,,,,,,,,,,,22079,0.06414652615785599
,,,31,,,,,,,,,,,,,,,,,,,,,,,,,,,,,22089,0.0007475875900126994
,,,31,,,,,,,,,,,,,,,,,,,,,,,,,,,,,22099,0.009156745858490467
,,,31,,,,,,,,,,,,,,,,,,,,,,,,,,,,,22109,0.009997209534049034
,,,31,,,,,,,,,,,,,,,,,,,,,,,,,,,,,22119,0.0015901990700513124
,,,31,,,,,,,,,,,,,,,,,,,,,,,,,,,,,22129,0.0034593697637319565
,,,31,,,,,,,,,,,,,,,,,,,,,,,,,,,,,22139,0.00627001840621233
,,,31,,,,,,,,,,,,,,,,,,,,,,,,,,,,,22149,0.053610894829034805
,,,31,,,,,,,,,,,,,,,,,,,,,,,,,,,,,22159,0.0027455079834908247
,,,31,,,,,,,,,,,,,,,,,,,,,,,,,,,,,22169,0.0019538477063179016
,,,31,,,,,,,,,,,,,,,,,,,,,,,,,,,,,22179,0.003254303243011236
,,,31,,,,,,,,,,,,,,,,,,,,,,,,,,,,,22189,0.0028643705882132053
,,,31,,,,,,,,,,,,,,,,,,,,,,,,,,,,,22199,0.011606046929955482
,,,31,,,,,,,,,,,,,,,,,,,,,,,,,,,,,22209,0.024563008919358253
,,,31,,,,,,,,,,,,,,,,,,,,,,,,,,,,,22219,0.0024599190801382065
,,,31,,,,,,,,,,,,,,,,,,,,,,,,,,,,,22229,0.0023882172536104918
,,,31,,,,,,,,,,,,,,,,,,,,,,,,,,,,,22239,0.3756258189678192
,,,31,,,,,,,,,,,,,,,,,,,,,,,,,,,,,22249,0.0017077067168429494
,,,31,,,,,,,,,,,,,,,,,,,,,,,,,,,,,22259,0.04959605634212494
,,,31,,,,,,,,,,,,,,,,,,,,,,,,,,,,,22269,0.001331001752987504
,,,31,,,,,,,,,,,,,,,,,,,,,,,,,,,,,22279,0.0018394531216472387
,,,31,,,,,,,,,,,,,,,,,,,,,,,,,,,,,22289,0.0016222866252064705
,,,31,,,,,,,,,,,,,,,,,,,,,,,,,,,,,22299,0.11632808297872543
,,,31,,,,,,,,,,,,,,,,,,,,,,,,,,,,,22309,0.0040648141875863075
,,,31,,,,,,,,,,,,,,,,,,,,,,,,,,,,,22319,0.0015995579306036234
,,,31,,,,,,,,,,,,,,,,,,,,,,,,,,,,,22329,0.0019566987175494432
,,,31,,,,,,,,,,,,,,,,,,,,,,,,,,,,,22339,0.009618818759918213
,,,31,,,,,,,,,,,,,,,,,,,,,,,,,,,,,22349,0.001082385890185833
,,,31,,,,,,,,,,,,,,,,,,,,,,,,,,,,,22359,0.01705034449696541
,,,31,,,,,,,,,,,,,,,,,,,,,,,,,,,,,22369,0.0008175953989848495
,,,31,,,,,,,,,,,,,,,,,,,,,,,,,,,,,22379,0.008813905529677868
,,,31,,,,,,,,,,,,,,,,,,,,,,,,,,,,,22389,0.08595521003007889
,,,31,,,,,,,,,,,,,,,,,,,,,,,,,,,,,22399,0.0029567857272922993
,,,31,,,,,,,,,,,,,,,,,,,,,,,,,,,,,22409,0.007722960319370031
,,,31,,,,,,,,,,,,,,,,,,,,,,,,,,,,,22419,0.01450643315911293
,,,31,,,,,,,,,,,,,,,,,,,,,,,,,,,,,22429,0.013193070888519287
,,,,1.9651587992236636e-07,1.1008907526899833e-06,1.6936780810615128e-06,1.6936780810615128e-06,2.605658586248481e-06,2.605658586248481e-06,4.008705517305355e-06,4.008705517305355e-06,6.167239257392854e-06,6.167239257392854e-06,9.488060395989006e-06,1.9651587992236636e-07,9.488060395989006e-06,1.459701599382924e-05,1.459701599382924e-05,2.2456947682814215e-05,2.2456947682814215e-05,3.4549150281252636e-05,3.4549150281252636e-05,3.4549150281252636e-05,3.4549150281252636e-05,3.023321229574867e-07,3.023321229574867e-07,4.65126343011518e-07,4.65126343011518e-07,7.155789892484892e-07,7.155789892484892e-07,1.1008907526899833e-06,22432,
,,,32,,,,,,,,,,,,,,,,,,,,,,,,,,,,,22439,0.0014241720782592893
,,,32,,,,,,,,,,,,,,,,,,,,,,,,,,,,,22449,0.009869793429970741
,,,32,,,,,,,,,,,,,,,,,,,,,,,,,,,,,22459,0.009564477950334549
,,,32,,,,,,,,,,,,,,,,,,,,,,,,,,,,,22469,0.0030166436918079853
,,,32,,,,,,,,,,,,,,,,,,,,,,,,,,,,,22479,0.00624115439131856
,,,32,,,,,,,,,,,,,,,,,,,,,,,,,,,,,22489,0.0014168685302138329
,,,32,,,,,,,,,,,,,,,,,,,,,,,,,,,,,22499,0.0014496153453364968
,,,32,,,,,,,,,,,,,,,,,,,,,,,,,,,,,22509,0.001495115808211267
,,,32,,,,,,,,,,,,,,,,,,,,,,,,,,,,,22519,0.0030107523780316114
,,,32,,,,,,,,,,,,,,,,,,,,,,,,,,,,,22529,0.02013728953897953
,,,32,,,,,,,,,,,,,,,,,,,,,,,,,,,,,22539,0.0008415605989284813
,,,32,,,,,,,,,,,,,,,,,,,,,,,,,,,,,22549,0.0039035421796143055
,,,32,,,,,,,,,,,,,,,,,,,,,,,,,,,,,22559,0.3638525903224945
,,,32,,,,,,,,,,,,,,,,,,,,,,,,,,,,,22569,0.007760580163449049
,,,32,,,,,,,,,,,,,,,,,,,,,,,,,,,,,22579,0.007126278709620237
,,,32,,,,,,,,,,,,,,,,,,,,,,,,,,,,,22589,0.0013920353958383203
,,,32,,,,,,,,,,,,,,,,,,,,,,,,,,,,,22599,0.0011698079761117697
,,,32,,,,,,,,,,,,,,,,,,,,,,,,,,,,,22609,0.05915249511599541
,,,32,,,,,,,,,,,,,,,,,,,,,,,,,,,,,22619,0.0016376948915421963
,,,32,,,,,,,,,,,,,,,,,,,,,,,,,,,,,22629,0.0007556601194664836
,,,32,,,,,,,,,,,,,,,,,,,,,,,,,,,,,22639,0.0013476776657626033
,,,32,,,,,,,,,,,,,,,,,,,,,,,,,,,,,22649,0.006826183758676052
,,,32,,,,,,,,,,,,,,,,,,,,,,,,,,,,,22659,0.005031984765082598
,,,32,,,,,,,,,,,,,,,,,,,,,,,,,,,,,22669,0.013934382237493992
,,,32,,,,,,,,,,,,,,,,,,,,,,,,,,,,,22679,0.002802408766001463
,,,32,,,,,,,,,,,,,,,,,,,,,,,,,,,,,22689,0.0012331827310845256
,,,32,,,,,,,,,,,,,,,,,,,,,,,,,,,,,22699,0.003697018139064312
,,,32,,,,,,,,,,,,,,,,,,,,,,,,,,,,,22709,0.0077444156631827354
,,,32,,,,,,,,,,,,,,,,,,,,,,,,,,,,,22719,0.0007268288754858077
,,,32,,,,,,,,,,,,,,,,,,,,,,,,,,,,,22729,0.12123984098434448
,,,32,,,,,,,,,,,,,,,,,,,,,,,,,,,,,22739,0.010125205852091312
,,,32,,,,,,,,,,,,,,,,,,,,,,,,,,,,,22749,0.002042690757662058
,,,32,,,,,,,,,,,,,,,,,,,,,,,,,,,,,22759,0.0019194547785446048
,,,32,,,,,,,,,,,,,,,,,,,,,,,,,,,,,22769,0.008742411620914936
,,,32,,,,,,,,,,,,,,,,,,,,,,,,,,,,,22779,0.014817346818745136
,,,32,,,,,,,,,,,,,,,,,,,,,,,,,,,,,22789,0.0020036096684634686
,,,32,,,,,,,,,,,,,,,,,,,,,,,,,,,,,22799,0.0015012735966593027
,,,32,,,,,,,,,,,,,,,,,,,,,,,,,,,,,22809,0.0008568258490413427
,,,32,,,,,,,,,,,,,,,,,,,,,,,,,,,,,22819,0.007239697966724634
,,,32,,,,,,,,,,,,,,,,,,,,,,,,,,,,,22829,0.0020493310876190662
,,,32,,,,,,,,,,,,,,,,,,,,,,,,,,,,,22839,0.001622842624783516
,,,32,,,,,,,,,,,,,,,,,,,,,,,,,,,,,22849,0.0011260760948061943
,,,32,,,,,,,,,,,,,,,,,,,,,,,,,,,,,22859,0.0005286777159199119
,,,32,,,,,,,,,,,,,,,,,,,,,,,,,,,,,22869,0.004163287114351988
,,,32,,,,,,,,,,,,,,,,,,,,,,,,,,,,,22879,0.023392464965581894
,,,32,,,,,,,,,,,,,,,,,,,,,,,,,,,,,22889,0.0010003643110394478
,,,32,,,,,,,,,,,,,,,,,,,,,,,,,,,,,22899,0.0009912787936627865
,,,32,,,,,,,,,,,,,,,,,,,,,,,,,,,,,22909,0.002120442921295762
,,,32,,,,,,,,,,,,,,,,,,,,,,,,,,,,,22919,0.002742504933848977
,,,32,,,,,,,,,,,,,,,,,,,,,,,,,,,,,22929,0.0021361245308071375
,,,32,,,,,,,,,,,,,,,,,,,,,,,,,,,,,22939,0.0011187990894541144
,,,32,,,,,,,,,,,,,,,,,,,,,,,,,,,,,22949,0.003241014201194048
,,,32,,,,,,,,,,,,,,,,,,,,,,,,,,,,,22959,0.0009361403062939644
,,,32,,,,,,,,,,,,,,,,,,,,,,,,,,,,,22969,0.0010298334527760744
,,,32,,,,,,,,,,,,,,,,,,,,,,,,,,,,,22979,0.0769338607788086
,,,32,,,,,,,,,,,,,,,,,,,,,,,,,,,,,22989,0.002513817511498928
,,,32,,,,,,,,,,,,,,,,,,,,,,,,,,,,,22999,0.029379580169916153
,,,32,,,,,,,,,,,,,,,,,,,,,,,,,,,,,23009,0.001362318522296846
,,,32,,,,,,,,,,,,,,,,,,,,,,,,,,,,,23019,0.0017157638212665915
,,,32,,,,,,,,,,,,,,,,,,,,,,,,,,,,,23029,0.0007546978886239231
,,,32,,,,,,,,,,,,,,,,,,,,,,,,,,,,,23039,0.016759328544139862
,,,32,,,,,,,,,,,,,,,,,,,,,,,,,,,,,23049,0.008504264988005161
,,,32,,,,,,,,,,,,,,,,,,,,,,,,,,,,,23059,0.008946483954787254
,,,32,,,,,,,,,,,,,,,,,,,,,,,,,,,,,23069,0.00472284434363246
,,,32,,,,,,,,,,,,,,,,,,,,,,,,,,,,,23079,0.001842498779296875
,,,32,,,,,,,,,,,,,,,,,,,,,,,,,,,,,23089,1.4308490753173828
,,,32,,,,,,,,,,,,,,,,,,,,,,,,,,,,,23099,0.0011232702527195215
,,,32,,,,,,,,,,,,,,,,,,,,,,,,,,,,,23109,0.06036017835140228
,,,32,,,,,,,,,,,,,,,,,,,,,,,,,,,,,23119,0.001263412064872682
,,,32,,,,,,,,,,,,,,,,,,,,,,,,,,,,,23129,0.001376874279230833
,,,,1.778621682328425e-07,9.963918251200868e-07,1.5329105001847486e-06,1.5329105001847486e-06,2.3583238464380747e-06,2.3583238464380747e-06,3.6281905329816534e-06,3.6281905329816534e-06,5.581831589202543e-06,5.581831589202543e-06,8.587433214157758e-06,1.778621682328425e-07,8.587433214157758e-06,1.3211435714088859e-05,1.3211435714088859e-05,2.032528571398286e-05,2.032528571398286e-05,3.12696703292044e-05,3.12696703292044e-05,3.12696703292044e-05,3.12696703292044e-05,2.736341049736038e-07,2.736341049736038e-07,4.2097554611323665e-07,4.2097554611323665e-07,6.476546863280564e-07,6.476546863280564e-07,9.963918251200868e-07,23133,
,,,33,,,,,,,,,,,,,,,,,,,,,,,,,,,,,23139,0.007250349037349224
,,,33,,,,,,,,,,,,,,,,,,,,,,,,,,,,,23149,0.0016077886102721095
,,,33,,,,,,,,,,,,,,,,,,,,,,,,,,,,,23159,0.0014970711199566722
,,,33,,,,,,,,,,,,,,,,,,,,,,,,,,,,,23169,0.003130287630483508
,,,33,,,,,,,,,,,,,,,,,,,,,,,,,,,,,23179,0.0010113684693351388
,,,33,,,,,,,,,,,,,,,,,,,,,,,,,,,,,23189,0.001473351032473147
,,,33,,,,,,,,,,,,,,,,,,,,,,,,,,,,,23199,0.005480106454342604
,,,33,,,,,,,,,,,,,,,,,,,,,,,,,,,,,23209,0.0029690552037209272
,,,33,,,,,,,,,,,,,,,,,,,,,,,,,,,,,23219,0.0028949680272489786
,,,33,,,,,,,,,,,,,,,,,,,,,,,,,,,,,23229,0.0025573638267815113
,,,33,,,,,,,,,,,,,,,,,,,,,,,,,,,,,23239,0.0035416779574006796
,,,33,,,,,,,,,,,,,,,,,,,,,,,,,,,,,23249,0.0013948583509773016
,,,33,,,,,,,,,,,,,,,,,,,,,,,,,,,,,23259,0.0013939235359430313
,,,33,,,,,,,,,,,,,,,,,,,,,,,,,,,,,23269,0.004416345153003931
,,,33,,,,,,,,,,,,,,,,,,,,,,,,,,,,,23279,0.0014974193181842566
,,,33,,,,,,,,,,,,,,,,,,,,,,,,,,,,,23289,0.0013409260427579284
,,,33,,,,,,,,,,,,,,,,,,,,,,,,,,,,,23299,0.0020174577366560698
,,,33,,,,,,,,,,,,,,,,,,,,,,,,,,,,,23309,0.0016770354704931378
,,,33,,,,,,,,,,,,,,,,,,,,,,,,,,,,,23319,0.0013696887763217092
,,,33,,,,,,,,,,,,,,,,,,,,,,,,,,,,,23329,0.006773933302611113
,,,33,,,,,,,,,,,,,,,,,,,,,,,,,,,,,23339,0.014366403222084045
,,,33,,,,,,,,,,,,,,,,,,,,,,,,,,,,,23349,0.17258597910404205
,,,33,,,,,,,,,,,,,,,,,,,,,,,,,,,,,23359,0.0054963119328022
,,,33,,,,,,,,,,,,,,,,,,,,,,,,,,,,,23369,0.001231881440617144
,,,33,,,,,,,,,,,,,,,,,,,,,,,,,,,,,23379,0.001248360495083034
,,,33,,,,,,,,,,,,,,,,,,,,,,,,,,,,,23389,0.20678715407848358
,,,33,,,,,,,,,,,,,,,,,,,,,,,,,,,,,23399,0.024685261771082878
,,,33,,,,,,,,,,,,,,,,,,,,,,,,,,,,,23409,0.06026298552751541
,,,33,,,,,,,,,,,,,,,,,,,,,,,,,,,,,23419,0.001806437037885189
,,,33,,,,,,,,,,,,,,,,,,,,,,,,,,,,,23429,0.0026621557772159576
,,,33,,,,,,,,,,,,,,,,,,,,,,,,,,,,,23439,0.0016496479511260986
,,,33,,,,,,,,,,,,,,,,,,,,,,,,,,,,,23449,0.0019548411946743727
,,,33,,,,,,,,,,,,,,,,,,,,,,,,,,,,,23459,0.0015666683902963996
,,,33,,,,,,,,,,,,,,,,,,,,,,,,,,,,,23469,0.8917232751846313
,,,33,,,,,,,,,,,,,,,,,,,,,,,,,,,,,23479,0.0016414232086390257
,,,33,,,,,,,,,,,,,,,,,,,,,,,,,,,,,23489,0.0006283395341597497
,,,33,,,,,,,,,,,,,,,,,,,,,,,,,,,,,23499,0.015585280954837799
,,,33,,,,,,,,,,,,,,,,,,,,,,,,,,,,,23509,0.14965756237506866
,,,33,,,,,,,,,,,,,,,,,,,,,,,,,,,,,23519,0.0023182204458862543
,,,33,,,,,,,,,,,,,,,,,,,,,,,,,,,,,23529,0.011279992759227753
,,,33,,,,,,,,,,,,,,,,,,,,,,,,,,,,,23539,0.001243275823071599
,,,33,,,,,,,,,,,,,,,,,,,,,,,,,,,,,23549,0.04749903827905655
,,,33,,,,,,,,,,,,,,,,,,,,,,,,,,,,,23559,0.0018980075838044286
,,,33,,,,,,,,,,,,,,,,,,,,,,,,,,,,,23569,0.014431471936404705
,,,33,,,,,,,,,,,,,,,,,,,,,,,,,,,,,23579,0.004521259572356939
,,,33,,,,,,,,,,,,,,,,,,,,,,,,,,,,,23589,0.00720311189070344
,,,33,,,,,,,,,,,,,,,,,,,,,,,,,,,,,23599,0.002176392823457718
,,,33,,,,,,,,,,,,,,,,,,,,,,,,,,,,,23609,0.001135527971200645
,,,33,,,,,,,,,,,,,,,,,,,,,,,,,,,,,23619,0.0014342337381094694
,,,33,,,,,,,,,,,,,,,,,,,,,,,,,,,,,23629,0.000571036187466234
,,,33,,,,,,,,,,,,,,,,,,,,,,,,,,,,,23639,0.17831555008888245
,,,33,,,,,,,,,,,,,,,,,,,,,,,,,,,,,23649,0.00502642011269927
,,,33,,,,,,,,,,,,,,,,,,,,,,,,,,,,,23659,0.002027777023613453
,,,33,,,,,,,,,,,,,,,,,,,,,,,,,,,,,23669,0.0009963663760572672
,,,33,,,,,,,,,,,,,,,,,,,,,,,,,,,,,23679,0.0010834437562152743
,,,33,,,,,,,,,,,,,,,,,,,,,,,,,,,,,23689,0.006080644205212593
,,,33,,,,,,,,,,,,,,,,,,,,,,,,,,,,,23699,0.11599558591842651
,,,33,,,,,,,,,,,,,,,,,,,,,,,,,,,,,23709,0.163263201713562
,,,33,,,,,,,,,,,,,,,,,,,,,,,,,,,,,23719,0.0018935368862003088
,,,33,,,,,,,,,,,,,,,,,,,,,,,,,,,,,23729,0.0018819929100573063
,,,33,,,,,,,,,,,,,,,,,,,,,,,,,,,,,23739,0.008885083720088005
,,,33,,,,,,,,,,,,,,,,,,,,,,,,,,,,,23749,0.2515661418437958
,,,33,,,,,,,,,,,,,,,,,,,,,,,,,,,,,23759,0.0013063560472801328
,,,33,,,,,,,,,,,,,,,,,,,,,,,,,,,,,23769,0.020723065361380577
,,,33,,,,,,,,,,,,,,,,,,,,,,,,,,,,,23779,0.0028556641191244125
,,,33,,,,,,,,,,,,,,,,,,,,,,,,,,,,,23789,0.0012809084728360176
,,,33,,,,,,,,,,,,,,,,,,,,,,,,,,,,,23799,0.007702905219048262
,,,33,,,,,,,,,,,,,,,,,,,,,,,,,,,,,23809,0.00423552468419075
,,,33,,,,,,,,,,,,,,,,,,,,,,,,,,,,,23819,0.001934827771037817
,,,33,,,,,,,,,,,,,,,,,,,,,,,,,,,,,23829,0.0018787693697959185
,,,,1.5972750035826984e-07,8.948006042268538e-07,1.3766163141951595e-06,1.3766163141951595e-06,2.1178712526079376e-06,2.1178712526079376e-06,3.258263465550673e-06,3.258263465550673e-06,5.012713023924113e-06,5.012713023924113e-06,7.71186619065248e-06,1.5972750035826984e-07,7.71186619065248e-06,1.1864409524080739e-05,1.1864409524080739e-05,1.8252937729354982e-05,1.8252937729354982e-05,2.8081442660546125e-05,2.8081442660546125e-05,2.8081442660546125e-05,2.8081442660546125e-05,2.457346159357997e-07,2.457346159357997e-07,3.7805325528584575e-07,3.7805325528584575e-07,5.816203927474549e-07,5.816203927474549e-07,8.948006042268538e-07,23834,
,,,34,,,,,,,,,,,,,,,,,,,,,,,,,,,,,23839,0.0025168079882860184
,,,34,,,,,,,,,,,,,,,,,,,,,,,,,,,,,23849,0.04655053839087486
,,,34,,,,,,,,,,,,,,,,,,,,,,,,,,,,,23859,0.0013317241100594401
,,,34,,,,,,,,,,,,,,,,,,,,,,,,,,,,,23869,0.0008826176635921001
,,,34,,,,,,,,,,,,,,,,,,,,,,,,,,,,,23879,0.005204183980822563
,,,34,,,,,,,,,,,,,,,,,,,,,,,,,,,,,23889,0.001959855668246746
,,,34,,,,,,,,,,,,,,,,,,,,,,,,,,,,,23899,0.0024541732855141163
,,,34,,,,,,,,,,,,,,,,,,,,,,,,,,,,,23909,0.0016834000125527382
,,,34,,,,,,,,,,,,,,,,,,,,,,,,,,,,,23919,0.18759916722774506
,,,34,,,,,,,,,,,,,,,,,,,,,,,,,,,,,23929,0.0008005882846191525
,,,34,,,,,,,,,,,,,,,,,,,,,,,,,,,,,23939,0.0061899092979729176
,,,34,,,,,,,,,,,,,,,,,,,,,,,,,,,,,23949,0.1376861035823822
,,,34,,,,,,,,,,,,,,,,,,,,,,,,,,,,,23959,0.004252789542078972
,,,34,,,,,,,,,,,,,,,,,,,,,,,,,,,,,23969,0.0013246533926576376
,,,34,,,,,,,,,,,,,,,,,,,,,,,,,,,,,23979,0.004089484456926584
,,,34,,,,,,,,,,,,,,,,,,,,,,,,,,,,,23989,0.001467054826207459
,,,34,,,,,,,,,,,,,,,,,,,,,,,,,,,,,23999,0.043862245976924896
,,,34,,,,,,,,,,,,,,,,,,,,,,,,,,,,,24009,0.00250535667873919
,,,34,,,,,,,,,,,,,,,,,,,,,,,,,,,,,24019,0.034043557941913605
,,,34,,,,,,,,,,,,,,,,,,,,,,,,,,,,,24029,0.0026045567356050014
,,,34,,,,,,,,,,,,,,,,,,,,,,,,,,,,,24039,0.0007544696563854814
,,,34,,,,,,,,,,,,,,,,,,,,,,,,,,,,,24049,0.002243947936221957
,,,34,,,,,,,,,,,,,,,,,,,,,,,,,,,,,24059,0.0023209848441183567
,,,34,,,,,,,,,,,,,,,,,,,,,,,,,,,,,24069,0.0024002231657505035
,,,34,,,,,,,,,,,,,,,,,,,,,,,,,,,,,24079,0.001820637728087604
,,,34,,,,,,,,,,,,,,,,,,,,,,,,,,,,,24089,0.0012217842740938067
,,,34,,,,,,,,,,,,,,,,,,,,,,,,,,,,,24099,0.0007358154398389161
,,,34,,,,,,,,,,,,,,,,,,,,,,,,,,,,,24109,0.0010567017598077655
,,,34,,,,,,,,,,,,,,,,,,,,,,,,,,,,,24119,0.06584608554840088
,,,34,,,,,,,,,,,,,,,,,,,,,,,,,,,,,24129,0.36825031042099
,,,34,,,,,,,,,,,,,,,,,,,,,,,,,,,,,24139,0.0009584950166754425
,,,34,,,,,,,,,,,,,,,,,,,,,,,,,,,,,24149,0.0025785549078136683
,,,34,,,,,,,,,,,,,,,,,,,,,,,,,,,,,24159,0.0006062928587198257
,,,34,,,,,,,,,,,,,,,,,,,,,,,,,,,,,24169,0.2367188185453415
,,,34,,,,,,,,,,,,,,,,,,,,,,,,,,,,,24179,0.004382065963000059
,,,34,,,,,,,,,,,,,,,,,,,,,,,,,,,,,24189,0.007905994541943073
,,,34,,,,,,,,,,,,,,,,,,,,,,,,,,,,,24199,0.001290464773774147
,,,34,,,,,,,,,,,,,,,,,,,,,,,,,,,,,24209,0.0028329608030617237
,,,34,,,,,,,,,,,,,,,,,,,,,,,,,,,,,24219,0.020573711022734642
,,,34,,,,,,,,,,,,,,,,,,,,,,,,,,,,,24229,0.002011569682508707
,,,34,,,,,,,,,,,,,,,,,,,,,,,,,,,,,24239,0.06939016282558441
,,,34,,,,,,,,,,,,,,,,,,,,,,,,,,,,,24249,0.0013020570622757077
,,,34,,,,,,,,,,,,,,,,,,,,,,,,,,,,,24259,0.0014411574229598045
,,,34,,,,,,,,,,,,,,,,,,,,,,,,,,,,,24269,0.0011195995612069964
,,,34,,,,,,,,,,,,,,,,,,,,,,,,,,,,,24279,0.005731197074055672
,,,34,,,,,,,,,,,,,,,,,,,,,,,,,,,,,24289,0.004439077340066433
,,,34,,,,,,,,,,,,,,,,,,,,,,,,,,,,,24299,0.004403282422572374
,,,34,,,,,,,,,,,,,,,,,,,,,,,,,,,,,24309,0.020438557490706444
,,,34,,,,,,,,,,,,,,,,,,,,,,,,,,,,,24319,0.009482942521572113
,,,34,,,,,,,,,,,,,,,,,,,,,,,,,,,,,24329,0.0013997616479173303
,,,34,,,,,,,,,,,,,,,,,,,,,,,,,,,,,24339,0.015779247507452965
,,,34,,,,,,,,,,,,,,,,,,,,,,,,,,,,,24349,0.010337619110941887
,,,34,,,,,,,,,,,,,,,,,,,,,,,,,,,,,24359,0.0010527144186198711
,,,34,,,,,,,,,,,,,,,,,,,,,,,,,,,,,24369,0.0007080146460793912
,,,34,,,,,,,,,,,,,,,,,,,,,,,,,,,,,24379,0.002004199428483844
,,,34,,,,,,,,,,,,,,,,,,,,,,,,,,,,,24389,0.0012063597096130252
,,,34,,,,,,,,,,,,,,,,,,,,,,,,,,,,,24399,0.0014092326164245605
,,,34,,,,,,,,,,,,,,,,,,,,,,,,,,,,,24409,0.033529724925756454
,,,34,,,,,,,,,,,,,,,,,,,,,,,,,,,,,24419,0.002134244656190276
,,,34,,,,,,,,,,,,,,,,,,,,,,,,,,,,,24429,0.001186951296404004
,,,34,,,,,,,,,,,,,,,,,,,,,,,,,,,,,24439,0.00124550040345639
,,,34,,,,,,,,,,,,,,,,,,,,,,,,,,,,,24449,0.0026751121040433645
,,,34,,,,,,,,,,,,,,,,,,,,,,,,,,,,,24459,0.004680441226810217
,,,34,,,,,,,,,,,,,,,,,,,,,,,,,,,,,24469,0.0018485154723748565
,,,34,,,,,,,,,,,,,,,,,,,,,,,,,,,,,24479,0.0024711426813155413
,,,34,,,,,,,,,,,,,,,,,,,,,,,,,,,,,24489,0.00326285557821393
,,,34,,,,,,,,,,,,,,,,,,,,,,,,,,,,,24499,0.0034128809347748756
,,,34,,,,,,,,,,,,,,,,,,,,,,,,,,,,,24509,0.0014028800651431084
,,,34,,,,,,,,,,,,,,,,,,,,,,,,,,,,,24519,0.0016592808533459902
,,,34,,,,,,,,,,,,,,,,,,,,,,,,,,,,,24529,0.0017083026468753815
0.8543307185173035,0.8697394728660583,0.8394584059715271,34,,,,,,,,,,,,,,,,,,,,,,,,,,,,,24534,
,,,,1.4220022657764295e-07,7.966120322265632e-07,1.225556972656251e-06,1.225556972656251e-06,1.8854722656250013e-06,1.8854722656250013e-06,2.900726562500002e-06,2.900726562500002e-06,4.4626562500000025e-06,4.4626562500000025e-06,6.865625000000004e-06,1.4220022657764295e-07,6.865625000000004e-06,1.0562500000000006e-05,1.0562500000000006e-05,1.625000000000001e-05,1.625000000000001e-05,2.500000000000001e-05,2.500000000000001e-05,2.500000000000001e-05,2.500000000000001e-05,2.187695793502199e-07,2.187695793502199e-07,3.3656858361572296e-07,3.3656858361572296e-07,5.17797820947266e-07,5.17797820947266e-07,7.966120322265632e-07,24535,
,,,35,,,,,,,,,,,,,,,,,,,,,,,,,,,,,24539,0.0023648447822779417
,,,35,,,,,,,,,,,,,,,,,,,,,,,,,,,,,24549,0.004239206202328205
,,,35,,,,,,,,,,,,,,,,,,,,,,,,,,,,,24559,0.0008130846545100212
,,,35,,,,,,,,,,,,,,,,,,,,,,,,,,,,,24569,0.2212771326303482
,,,35,,,,,,,,,,,,,,,,,,,,,,,,,,,,,24579,0.07589620351791382
,,,35,,,,,,,,,,,,,,,,,,,,,,,,,,,,,24589,0.006852335296571255
,,,35,,,,,,,,,,,,,,,,,,,,,,,,,,,,,24599,0.005615697707980871
,,,35,,,,,,,,,,,,,,,,,,,,,,,,,,,,,24609,0.00288384803570807
,,,35,,,,,,,,,,,,,,,,,,,,,,,,,,,,,24619,0.000912425690330565
,,,35,,,,,,,,,,,,,,,,,,,,,,,,,,,,,24629,0.001350934850051999
,,,35,,,,,,,,,,,,,,,,,,,,,,,,,,,,,24639,0.5991570949554443
,,,35,,,,,,,,,,,,,,,,,,,,,,,,,,,,,24649,0.01011090911924839
,,,35,,,,,,,,,,,,,,,,,,,,,,,,,,,,,24659,0.0031559239141643047
,,,35,,,,,,,,,,,,,,,,,,,,,,,,,,,,,24669,0.0019422464538365602
,,,35,,,,,,,,,,,,,,,,,,,,,,,,,,,,,24679,0.010216462425887585
,,,35,,,,,,,,,,,,,,,,,,,,,,,,,,,,,24689,0.0014778687618672848
,,,35,,,,,,,,,,,,,,,,,,,,,,,,,,,,,24699,0.004582745023071766
,,,35,,,,,,,,,,,,,,,,,,,,,,,,,,,,,24709,0.0021978418808430433
,,,35,,,,,,,,,,,,,,,,,,,,,,,,,,,,,24719,0.009420926682651043
,,,35,,,,,,,,,,,,,,,,,,,,,,,,,,,,,24729,0.3779284358024597
,,,35,,,,,,,,,,,,,,,,,,,,,,,,,,,,,24739,0.0006374387885443866
,,,35,,,,,,,,,,,,,,,,,,,,,,,,,,,,,24749,0.0014767111279070377
,,,35,,,,,,,,,,,,,,,,,,,,,,,,,,,,,24759,0.006470515392720699
,,,35,,,,,,,,,,,,,,,,,,,,,,,,,,,,,24769,0.0014782319776713848
,,,35,,,,,,,,,,,,,,,,,,,,,,,,,,,,,24779,0.00759623758494854
,,,35,,,,,,,,,,,,,,,,,,,,,,,,,,,,,24789,0.1890266388654709
,,,35,,,,,,,,,,,,,,,,,,,,,,,,,,,,,24799,0.006117927376180887
,,,35,,,,,,,,,,,,,,,,,,,,,,,,,,,,,24809,0.0011691724648699164
,,,35,,,,,,,,,,,,,,,,,,,,,,,,,,,,,24819,0.0024842522107064724
,,,35,,,,,,,,,,,,,,,,,,,,,,,,,,,,,24829,0.0013326526386663318
,,,35,,,,,,,,,,,,,,,,,,,,,,,,,,,,,24839,0.0026729910168796778
,,,35,,,,,,,,,,,,,,,,,,,,,,,,,,,,,24849,0.0008295713341794908
,,,35,,,,,,,,,,,,,,,,,,,,,,,,,,,,,24859,0.0019968287087976933
,,,35,,,,,,,,,,,,,,,,,,,,,,,,,,,,,24869,0.001051327446475625
,,,35,,,,,,,,,,,,,,,,,,,,,,,,,,,,,24879,0.0013843660708516836
,,,35,,,,,,,,,,,,,,,,,,,,,,,,,,,,,24889,0.00812141690403223
,,,35,,,,,,,,,,,,,,,,,,,,,,,,,,,,,24899,0.0009947576327249408
,,,35,,,,,,,,,,,,,,,,,,,,,,,,,,,,,24909,0.01475459337234497
,,,35,,,,,,,,,,,,,,,,,,,,,,,,,,,,,24919,0.006506999488919973
,,,35,,,,,,,,,,,,,,,,,,,,,,,,,,,,,24929,0.0013305585598573089
,,,35,,,,,,,,,,,,,,,,,,,,,,,,,,,,,24939,0.10874179750680923
,,,35,,,,,,,,,,,,,,,,,,,,,,,,,,,,,24949,0.007778974715620279
,,,35,,,,,,,,,,,,,,,,,,,,,,,,,,,,,24959,0.0018446887843310833
,,,35,,,,,,,,,,,,,,,,,,,,,,,,,,,,,24969,0.0007968291756696999
,,,35,,,,,,,,,,,,,,,,,,,,,,,,,,,,,24979,0.003598303534090519
,,,35,,,,,,,,,,,,,,,,,,,,,,,,,,,,,24989,0.0012123530032113194
,,,35,,,,,,,,,,,,,,,,,,,,,,,,,,,,,24999,0.0005012446199543774
,,,35,,,,,,,,,,,,,,,,,,,,,,,,,,,,,25009,0.0033754294272512197
,,,35,,,,,,,,,,,,,,,,,,,,,,,,,,,,,25019,0.005575647111982107
,,,35,,,,,,,,,,,,,,,,,,,,,,,,,,,,,25029,0.003769379109144211
,,,35,,,,,,,,,,,,,,,,,,,,,,,,,,,,,25039,0.001043785479851067
,,,35,,,,,,,,,,,,,,,,,,,,,,,,,,,,,25049,0.0012022067094221711
,,,35,,,,,,,,,,,,,,,,,,,,,,,,,,,,,25059,0.01915569044649601
,,,35,,,,,,,,,,,,,,,,,,,,,,,,,,,,,25069,0.00044918054481968284
,,,35,,,,,,,,,,,,,,,,,,,,,,,,,,,,,25079,0.0010486182291060686
,,,35,,,,,,,,,,,,,,,,,,,,,,,,,,,,,25089,0.008029555901885033
,,,35,,,,,,,,,,,,,,,,,,,,,,,,,,,,,25099,0.0009155455627478659
,,,35,,,,,,,,,,,,,,,,,,,,,,,,,,,,,25109,0.003916217014193535
,,,35,,,,,,,,,,,,,,,,,,,,,,,,,,,,,25119,0.0009463439346291125
,,,35,,,,,,,,,,,,,,,,,,,,,,,,,,,,,25129,0.47141337394714355
,,,35,,,,,,,,,,,,,,,,,,,,,,,,,,,,,25139,0.0008954311488196254
,,,35,,,,,,,,,,,,,,,,,,,,,,,,,,,,,25149,0.028236517682671547
,,,35,,,,,,,,,,,,,,,,,,,,,,,,,,,,,25159,0.0013395200949162245
,,,35,,,,,,,,,,,,,,,,,,,,,,,,,,,,,25169,0.001004467369057238
,,,35,,,,,,,,,,,,,,,,,,,,,,,,,,,,,25179,0.008286657743155956
,,,35,,,,,,,,,,,,,,,,,,,,,,,,,,,,,25189,0.0012119058519601822
,,,35,,,,,,,,,,,,,,,,,,,,,,,,,,,,,25199,0.0018680216744542122
,,,35,,,,,,,,,,,,,,,,,,,,,,,,,,,,,25209,0.001461598090827465
,,,35,,,,,,,,,,,,,,,,,,,,,,,,,,,,,25219,0.0036130796652287245
,,,35,,,,,,,,,,,,,,,,,,,,,,,,,,,,,25229,0.013299494981765747
,,,,1.2536573800698544e-07,7.023044739721183e-07,1.0804684214955663e-06,1.0804684214955663e-06,1.6622591099931791e-06,1.6622591099931791e-06,2.557321707681814e-06,2.557321707681814e-06,3.934341088741252e-06,3.934341088741252e-06,6.05283244421731e-06,1.2536573800698544e-07,6.05283244421731e-06,9.312049914180477e-06,9.312049914180477e-06,1.4326230637200735e-05,1.4326230637200735e-05,2.2040354826462668e-05,2.2040354826462668e-05,2.2040354826462668e-05,2.2040354826462668e-05,1.9287036616459296e-07,1.9287036616459296e-07,2.9672364025321997e-07,2.9672364025321997e-07,4.564979080818769e-07,4.564979080818769e-07,7.023044739721183e-07,25236,
,,,36,,,,,,,,,,,,,,,,,,,,,,,,,,,,,25239,0.002133773174136877
,,,36,,,,,,,,,,,,,,,,,,,,,,,,,,,,,25249,0.0018626893870532513
,,,36,,,,,,,,,,,,,,,,,,,,,,,,,,,,,25259,0.00174106250051409
,,,36,,,,,,,,,,,,,,,,,,,,,,,,,,,,,25269,0.009109516628086567
,,,36,,,,,,,,,,,,,,,,,,,,,,,,,,,,,25279,0.0018518826691433787
,,,36,,,,,,,,,,,,,,,,,,,,,,,,,,,,,25289,0.0018514870898798108
,,,36,,,,,,,,,,,,,,,,,,,,,,,,,,,,,25299,0.0012227564584463835
,,,36,,,,,,,,,,,,,,,,,,,,,,,,,,,,,25309,0.006022564601153135
,,,36,,,,,,,,,,,,,,,,,,,,,,,,,,,,,25319,0.0008239850285463035
,,,36,,,,,,,,,,,,,,,,,,,,,,,,,,,,,25329,0.0035520109813660383
,,,36,,,,,,,,,,,,,,,,,,,,,,,,,,,,,25339,0.0006852643564343452
,,,36,,,,,,,,,,,,,,,,,,,,,,,,,,,,,25349,0.011700312606990337
,,,36,,,,,,,,,,,,,,,,,,,,,,,,,,,,,25359,0.013242167420685291
,,,36,,,,,,,,,,,,,,,,,,,,,,,,,,,,,25369,0.012294577434659004
,,,36,,,,,,,,,,,,,,,,,,,,,,,,,,,,,25379,0.004048267379403114
,,,36,,,,,,,,,,,,,,,,,,,,,,,,,,,,,25389,0.018298329785466194
,,,36,,,,,,,,,,,,,,,,,,,,,,,,,,,,,25399,0.009185179136693478
,,,36,,,,,,,,,,,,,,,,,,,,,,,,,,,,,25409,0.13788650929927826
,,,36,,,,,,,,,,,,,,,,,,,,,,,,,,,,,25419,0.008870025165379047
,,,36,,,,,,,,,,,,,,,,,,,,,,,,,,,,,25429,0.0014475130010396242
,,,36,,,,,,,,,,,,,,,,,,,,,,,,,,,,,25439,0.6295684576034546
,,,36,,,,,,,,,,,,,,,,,,,,,,,,,,,,,25449,0.0026225103065371513
,,,36,,,,,,,,,,,,,,,,,,,,,,,,,,,,,25459,0.016127731651067734
,,,36,,,,,,,,,,,,,,,,,,,,,,,,,,,,,25469,0.002170881722122431
,,,36,,,,,,,,,,,,,,,,,,,,,,,,,,,,,25479,0.00070168636739254
,,,36,,,,,,,,,,,,,,,,,,,,,,,,,,,,,25489,0.009426101110875607
,,,36,,,,,,,,,,,,,,,,,,,,,,,,,,,,,25499,0.001308381324633956
,,,36,,,,,,,,,,,,,,,,,,,,,,,,,,,,,25509,0.0029800464399158955
,,,36,,,,,,,,,,,,,,,,,,,,,,,,,,,,,25519,0.0013594124466180801
,,,36,,,,,,,,,,,,,,,,,,,,,,,,,,,,,25529,0.001989024691283703
,,,36,,,,,,,,,,,,,,,,,,,,,,,,,,,,,25539,0.002325409557670355
,,,36,,,,,,,,,,,,,,,,,,,,,,,,,,,,,25549,0.0030318608041852713
,,,36,,,,,,,,,,,,,,,,,,,,,,,,,,,,,25559,0.0009563543135300279
,,,36,,,,,,,,,,,,,,,,,,,,,,,,,,,,,25569,0.002161322860047221
,,,36,,,,,,,,,,,,,,,,,,,,,,,,,,,,,25579,0.0007113367901183665
,,,36,,,,,,,,,,,,,,,,,,,,,,,,,,,,,25589,0.0011238320730626583
,,,36,,,,,,,,,,,,,,,,,,,,,,,,,,,,,25599,0.005676593165844679
,,,36,,,,,,,,,,,,,,,,,,,,,,,,,,,,,25609,0.009870544075965881
,,,36,,,,,,,,,,,,,,,,,,,,,,,,,,,,,25619,0.002354058437049389
,,,36,,,,,,,,,,,,,,,,,,,,,,,,,,,,,25629,0.003875354304909706
,,,36,,,,,,,,,,,,,,,,,,,,,,,,,,,,,25639,0.001989395823329687
,,,36,,,,,,,,,,,,,,,,,,,,,,,,,,,,,25649,0.0022828292567282915
,,,36,,,,,,,,,,,,,,,,,,,,,,,,,,,,,25659,0.002614738419651985
,,,36,,,,,,,,,,,,,,,,,,,,,,,,,,,,,25669,0.0009333920897915959
,,,36,,,,,,,,,,,,,,,,,,,,,,,,,,,,,25679,0.0023683516774326563
,,,36,,,,,,,,,,,,,,,,,,,,,,,,,,,,,25689,0.0020336757879704237
,,,36,,,,,,,,,,,,,,,,,,,,,,,,,,,,,25699,0.001634251675568521
,,,36,,,,,,,,,,,,,,,,,,,,,,,,,,,,,25709,0.007630905602127314
,,,36,,,,,,,,,,,,,,,,,,,,,,,,,,,,,25719,0.017547059804201126
,,,36,,,,,,,,,,,,,,,,,,,,,,,,,,,,,25729,0.0011761309579014778
,,,36,,,,,,,,,,,,,,,,,,,,,,,,,,,,,25739,0.27349793910980225
,,,36,,,,,,,,,,,,,,,,,,,,,,,,,,,,,25749,0.0010095963953062892
,,,36,,,,,,,,,,,,,,,,,,,,,,,,,,,,,25759,0.0014768039109185338
,,,36,,,,,,,,,,,,,,,,,,,,,,,,,,,,,25769,0.001700323075056076
,,,36,,,,,,,,,,,,,,,,,,,,,,,,,,,,,25779,0.002304603811353445
,,,36,,,,,,,,,,,,,,,,,,,,,,,,,,,,,25789,0.0013448788085952401
,,,36,,,,,,,,,,,,,,,,,,,,,,,,,,,,,25799,0.0011380048235878348
,,,36,,,,,,,,,,,,,,,,,,,,,,,,,,,,,25809,0.028520112857222557
,,,36,,,,,,,,,,,,,,,,,,,,,,,,,,,,,25819,0.002769072772935033
,,,36,,,,,,,,,,,,,,,,,,,,,,,,,,,,,25829,0.0009147428208962083
,,,36,,,,,,,,,,,,,,,,,,,,,,,,,,,,,25839,0.0021739585790783167
,,,36,,,,,,,,,,,,,,,,,,,,,,,,,,,,,25849,0.20193153619766235
,,,36,,,,,,,,,,,,,,,,,,,,,,,,,,,,,25859,0.0018356485525146127
,,,36,,,,,,,,,,,,,,,,,,,,,,,,,,,,,25869,0.0018739200895652175
,,,36,,,,,,,,,,,,,,,,,,,,,,,,,,,,,25879,0.0065912348218262196
,,,36,,,,,,,,,,,,,,,,,,,,,,,,,,,,,25889,0.02323184907436371
,,,36,,,,,,,,,,,,,,,,,,,,,,,,,,,,,25899,0.00047155990614555776
,,,36,,,,,,,,,,,,,,,,,,,,,,,,,,,,,25909,0.004569509066641331
,,,36,,,,,,,,,,,,,,,,,,,,,,,,,,,,,25919,0.003730770666152239
,,,36,,,,,,,,,,,,,,,,,,,,,,,,,,,,,25929,0.0010209552710875869
,,,,1.0930605058241677e-07,6.123373864075726e-07,9.420575175501116e-07,9.420575175501116e-07,1.4493192577694025e-06,1.4493192577694025e-06,2.22972193502985e-06,2.22972193502985e-06,3.430341438507461e-06,3.430341438507461e-06,5.277448366934555e-06,1.0930605058241677e-07,5.277448366934555e-06,8.11915133374547e-06,8.11915133374547e-06,1.2491002051916106e-05,1.2491002051916106e-05,1.9216926233717085e-05,1.9216926233717085e-05,1.9216926233717085e-05,1.9216926233717085e-05,1.681631547421796e-07,1.681631547421796e-07,2.587125457571994e-07,2.587125457571994e-07,3.980193011649222e-07,3.980193011649222e-07,6.123373864075726e-07,25937,
,,,37,,,,,,,,,,,,,,,,,,,,,,,,,,,,,25939,0.006062476895749569
,,,37,,,,,,,,,,,,,,,,,,,,,,,,,,,,,25949,0.005067987833172083
,,,37,,,,,,,,,,,,,,,,,,,,,,,,,,,,,25959,0.12970347702503204
,,,37,,,,,,,,,,,,,,,,,,,,,,,,,,,,,25969,0.004786958917975426
,,,37,,,,,,,,,,,,,,,,,,,,,,,,,,,,,25979,0.009771600365638733
,,,37,,,,,,,,,,,,,,,,,,,,,,,,,,,,,25989,0.0014515009243041277
,,,37,,,,,,,,,,,,,,,,,,,,,,,,,,,,,25999,0.002953136805444956
,,,37,,,,,,,,,,,,,,,,,,,,,,,,,,,,,26009,0.0005143158487044275
,,,37,,,,,,,,,,,,,,,,,,,,,,,,,,,,,26019,0.0013066834071651101
,,,37,,,,,,,,,,,,,,,,,,,,,,,,,,,,,26029,0.0017668057698756456
,,,37,,,,,,,,,,,,,,,,,,,,,,,,,,,,,26039,0.00295497034676373
,,,37,,,,,,,,,,,,,,,,,,,,,,,,,,,,,26049,0.0013437358429655433
,,,37,,,,,,,,,,,,,,,,,,,,,,,,,,,,,26059,0.0008266099612228572
,,,37,,,,,,,,,,,,,,,,,,,,,,,,,,,,,26069,0.004267530050128698
,,,37,,,,,,,,,,,,,,,,,,,,,,,,,,,,,26079,0.019162185490131378
,,,37,,,,,,,,,,,,,,,,,,,,,,,,,,,,,26089,0.0025631352327764034
,,,37,,,,,,,,,,,,,,,,,,,,,,,,,,,,,26099,0.0008059940300881863
,,,37,,,,,,,,,,,,,,,,,,,,,,,,,,,,,26109,0.1987229734659195
,,,37,,,,,,,,,,,,,,,,,,,,,,,,,,,,,26119,0.16959892213344574
,,,37,,,,,,,,,,,,,,,,,,,,,,,,,,,,,26129,0.001371260965242982
,,,37,,,,,,,,,,,,,,,,,,,,,,,,,,,,,26139,0.003805616172030568
,,,37,,,,,,,,,,,,,,,,,,,,,,,,,,,,,26149,0.5484157204627991
,,,37,,,,,,,,,,,,,,,,,,,,,,,,,,,,,26159,0.028259674087166786
,,,37,,,,,,,,,,,,,,,,,,,,,,,,,,,,,26169,0.00450051249936223
,,,37,,,,,,,,,,,,,,,,,,,,,,,,,,,,,26179,0.0009998867753893137
,,,37,,,,,,,,,,,,,,,,,,,,,,,,,,,,,26189,0.0014060651883482933
,,,37,,,,,,,,,,,,,,,,,,,,,,,,,,,,,26199,0.0013797130668535829
,,,37,,,,,,,,,,,,,,,,,,,,,,,,,,,,,26209,0.0010628887685015798
,,,37,,,,,,,,,,,,,,,,,,,,,,,,,,,,,26219,0.011474699713289738
,,,37,,,,,,,,,,,,,,,,,,,,,,,,,,,,,26229,0.0013316357508301735
,,,37,,,,,,,,,,,,,,,,,,,,,,,,,,,,,26239,0.03635307401418686
,,,37,,,,,,,,,,,,,,,,,,,,,,,,,,,,,26249,0.0018929860088974237
,,,37,,,,,,,,,,,,,,,,,,,,,,,,,,,,,26259,0.0014663402689620852
,,,37,,,,,,,,,,,,,,,,,,,,,,,,,,,,,26269,0.0024210885167121887
,,,37,,,,,,,,,,,,,,,,,,,,,,,,,,,,,26279,0.0012200410710647702
,,,37,,,,,,,,,,,,,,,,,,,,,,,,,,,,,26289,0.002995832823216915
,,,37,,,,,,,,,,,,,,,,,,,,,,,,,,,,,26299,0.0028574352618306875
,,,37,,,,,,,,,,,,,,,,,,,,,,,,,,,,,26309,0.006278607528656721
,,,37,,,,,,,,,,,,,,,,,,,,,,,,,,,,,26319,0.006311310455203056
,,,37,,,,,,,,,,,,,,,,,,,,,,,,,,,,,26329,0.002726260805502534
,,,37,,,,,,,,,,,,,,,,,,,,,,,,,,,,,26339,0.011957612819969654
,,,37,,,,,,,,,,,,,,,,,,,,,,,,,,,,,26349,0.0022473845165222883
,,,37,,,,,,,,,,,,,,,,,,,,,,,,,,,,,26359,0.0022466538939625025
,,,37,,,,,,,,,,,,,,,,,,,,,,,,,,,,,26369,0.0012470664223656058
,,,37,,,,,,,,,,,,,,,,,,,,,,,,,,,,,26379,0.0010606414871290326
,,,37,,,,,,,,,,,,,,,,,,,,,,,,,,,,,26389,0.0014261038741096854
,,,37,,,,,,,,,,,,,,,,,,,,,,,,,,,,,26399,0.0008065127767622471
,,,37,,,,,,,,,,,,,,,,,,,,,,,,,,,,,26409,0.00617575366050005
,,,37,,,,,,,,,,,,,,,,,,,,,,,,,,,,,26419,0.0008851654711179435
,,,37,,,,,,,,,,,,,,,,,,,,,,,,,,,,,26429,5.215811729431152
,,,37,,,,,,,,,,,,,,,,,,,,,,,,,,,,,26439,0.001386326621286571
,,,37,,,,,,,,,,,,,,,,,,,,,,,,,,,,,26449,0.0012228642590343952
,,,37,,,,,,,,,,,,,,,,,,,,,,,,,,,,,26459,0.0005355057073757052
,,,37,,,,,,,,,,,,,,,,,,,,,,,,,,,,,26469,0.000965700251981616
,,,37,,,,,,,,,,,,,,,,,,,,,,,,,,,,,26479,0.08486447483301163
,,,37,,,,,,,,,,,,,,,,,,,,,,,,,,,,,26489,0.0035853912122547626
,,,37,,,,,,,,,,,,,,,,,,,,,,,,,,,,,26499,0.001066806958988309
,,,37,,,,,,,,,,,,,,,,,,,,,,,,,,,,,26509,0.004166946746408939
,,,37,,,,,,,,,,,,,,,,,,,,,,,,,,,,,26519,0.000977870891802013
,,,37,,,,,,,,,,,,,,,,,,,,,,,,,,,,,26529,0.016272295266389847
,,,37,,,,,,,,,,,,,,,,,,,,,,,,,,,,,26539,0.004188075195997953
,,,37,,,,,,,,,,,,,,,,,,,,,,,,,,,,,26549,0.005097765009850264
,,,37,,,,,,,,,,,,,,,,,,,,,,,,,,,,,26559,0.002424933249130845
,,,37,,,,,,,,,,,,,,,,,,,,,,,,,,,,,26569,0.012992161326110363
,,,37,,,,,,,,,,,,,,,,,,,,,,,,,,,,,26579,0.005212642252445221
,,,37,,,,,,,,,,,,,,,,,,,,,,,,,,,,,26589,0.002126396866515279
,,,37,,,,,,,,,,,,,,,,,,,,,,,,,,,,,26599,0.0018119808519259095
,,,37,,,,,,,,,,,,,,,,,,,,,,,,,,,,,26609,0.021735860034823418
,,,37,,,,,,,,,,,,,,,,,,,,,,,,,,,,,26619,0.004735248163342476
,,,37,,,,,,,,,,,,,,,,,,,,,,,,,,,,,26629,0.033698465675115585
,,,,9.409940548675545e-08,5.271490801400816e-07,8.109985848308946e-07,8.109985848308946e-07,1.2476901305090686e-06,1.2476901305090686e-06,1.9195232777062595e-06,1.9195232777062595e-06,2.9531127349327065e-06,2.9531127349327065e-06,4.543250361434933e-06,9.409940548675545e-08,4.543250361434933e-06,6.989615940669127e-06,6.989615940669127e-06,1.075325529333712e-05,1.075325529333712e-05,1.6543469682057106e-05,1.6543469682057106e-05,1.6543469682057106e-05,1.6543469682057106e-05,1.447683161334699e-07,1.447683161334699e-07,2.2272048635918447e-07,2.2272048635918447e-07,3.42646902091053e-07,3.42646902091053e-07,5.271490801400816e-07,26638,
,,,38,,,,,,,,,,,,,,,,,,,,,,,,,,,,,26639,0.004667090717703104
,,,38,,,,,,,,,,,,,,,,,,,,,,,,,,,,,26649,0.03885161131620407
,,,38,,,,,,,,,,,,,,,,,,,,,,,,,,,,,26659,0.0014361856738105416
,,,38,,,,,,,,,,,,,,,,,,,,,,,,,,,,,26669,0.0016021726187318563
,,,38,,,,,,,,,,,,,,,,,,,,,,,,,,,,,26679,0.01813790574669838
,,,38,,,,,,,,,,,,,,,,,,,,,,,,,,,,,26689,0.21721017360687256
,,,38,,,,,,,,,,,,,,,,,,,,,,,,,,,,,26699,0.0010040721390396357
,,,38,,,,,,,,,,,,,,,,,,,,,,,,,,,,,26709,0.004765428137034178
,,,38,,,,,,,,,,,,,,,,,,,,,,,,,,,,,26719,0.0010998743819072843
,,,38,,,,,,,,,,,,,,,,,,,,,,,,,,,,,26729,0.009763066656887531
,,,38,,,,,,,,,,,,,,,,,,,,,,,,,,,,,26739,0.0009908730862662196
,,,38,,,,,,,,,,,,,,,,,,,,,,,,,,,,,26749,0.0012707809219136834
,,,38,,,,,,,,,,,,,,,,,,,,,,,,,,,,,26759,0.0016997057246044278
,,,38,,,,,,,,,,,,,,,,,,,,,,,,,,,,,26769,0.0015256262850016356
,,,38,,,,,,,,,,,,,,,,,,,,,,,,,,,,,26779,0.0016570495208725333
,,,38,,,,,,,,,,,,,,,,,,,,,,,,,,,,,26789,0.0012879037531092763
,,,38,,,,,,,,,,,,,,,,,,,,,,,,,,,,,26799,0.003263882827013731
,,,38,,,,,,,,,,,,,,,,,,,,,,,,,,,,,26809,0.0030443884897977114
,,,38,,,,,,,,,,,,,,,,,,,,,,,,,,,,,26819,0.0006945240311324596
,,,38,,,,,,,,,,,,,,,,,,,,,,,,,,,,,26829,0.006403037346899509
,,,38,,,,,,,,,,,,,,,,,,,,,,,,,,,,,26839,0.0019614689517766237
,,,38,,,,,,,,,,,,,,,,,,,,,,,,,,,,,26849,0.0010380212916061282
,,,38,,,,,,,,,,,,,,,,,,,,,,,,,,,,,26859,0.0006467580678872764
,,,38,,,,,,,,,,,,,,,,,,,,,,,,,,,,,26869,0.0011068248422816396
,,,38,,,,,,,,,,,,,,,,,,,,,,,,,,,,,26879,0.002363363513723016
,,,38,,,,,,,,,,,,,,,,,,,,,,,,,,,,,26889,0.0016484101070091128
,,,38,,,,,,,,,,,,,,,,,,,,,,,,,,,,,26899,0.0011329794069752097
,,,38,,,,,,,,,,,,,,,,,,,,,,,,,,,,,26909,0.004389350768178701
,,,38,,,,,,,,,,,,,,,,,,,,,,,,,,,,,26919,0.006285941693931818
,,,38,,,,,,,,,,,,,,,,,,,,,,,,,,,,,26929,0.0015648743137717247
,,,38,,,,,,,,,,,,,,,,,,,,,,,,,,,,,26939,0.016318637877702713
,,,38,,,,,,,,,,,,,,,,,,,,,,,,,,,,,26949,0.013394927605986595
,,,38,,,,,,,,,,,,,,,,,,,,,,,,,,,,,26959,0.002570095006376505
,,,38,,,,,,,,,,,,,,,,,,,,,,,,,,,,,26969,0.000883039552718401
,,,38,,,,,,,,,,,,,,,,,,,,,,,,,,,,,26979,0.0021338434889912605
,,,38,,,,,,,,,,,,,,,,,,,,,,,,,,,,,26989,0.02069712243974209
,,,38,,,,,,,,,,,,,,,,,,,,,,,,,,,,,26999,0.0007214679499156773
,,,38,,,,,,,,,,,,,,,,,,,,,,,,,,,,,27009,0.0012140530161559582
,,,38,,,,,,,,,,,,,,,,,,,,,,,,,,,,,27019,0.0016554173780605197
,,,38,,,,,,,,,,,,,,,,,,,,,,,,,,,,,27029,0.002172585343942046
,,,38,,,,,,,,,,,,,,,,,,,,,,,,,,,,,27039,0.0007708329940214753
,,,38,,,,,,,,,,,,,,,,,,,,,,,,,,,,,27049,0.5313942432403564
,,,38,,,,,,,,,,,,,,,,,,,,,,,,,,,,,27059,0.0023974922951310873
,,,38,,,,,,,,,,,,,,,,,,,,,,,,,,,,,27069,0.0007023410871624947
,,,38,,,,,,,,,,,,,,,,,,,,,,,,,,,,,27079,0.012162905186414719
,,,38,,,,,,,,,,,,,,,,,,,,,,,,,,,,,27089,0.001474707736633718
,,,38,,,,,,,,,,,,,,,,,,,,,,,,,,,,,27099,0.0010215630754828453
,,,38,,,,,,,,,,,,,,,,,,,,,,,,,,,,,27109,0.002562099602073431
,,,38,,,,,,,,,,,,,,,,,,,,,,,,,,,,,27119,0.002193055348470807
,,,38,,,,,,,,,,,,,,,,,,,,,,,,,,,,,27129,0.00048409527516923845
,,,38,,,,,,,,,,,,,,,,,,,,,,,,,,,,,27139,0.0013581662205979228
,,,38,,,,,,,,,,,,,,,,,,,,,,,,,,,,,27149,0.000836469407659024
,,,38,,,,,,,,,,,,,,,,,,,,,,,,,,,,,27159,0.0008466457366012037
,,,38,,,,,,,,,,,,,,,,,,,,,,,,,,,,,27169,0.002548398682847619
,,,38,,,,,,,,,,,,,,,,,,,,,,,,,,,,,27179,0.002232784405350685
,,,38,,,,,,,,,,,,,,,,,,,,,,,,,,,,,27189,0.001803859369829297
,,,38,,,,,,,,,,,,,,,,,,,,,,,,,,,,,27199,0.0010899389162659645
,,,38,,,,,,,,,,,,,,,,,,,,,,,,,,,,,27209,0.6065328121185303
,,,38,,,,,,,,,,,,,,,,,,,,,,,,,,,,,27219,0.026704883202910423
,,,38,,,,,,,,,,,,,,,,,,,,,,,,,,,,,27229,0.000535423110704869
,,,38,,,,,,,,,,,,,,,,,,,,,,,,,,,,,27239,0.001233082846738398
,,,38,,,,,,,,,,,,,,,,,,,,,,,,,,,,,27249,0.0013319924473762512
,,,38,,,,,,,,,,,,,,,,,,,,,,,,,,,,,27259,0.001205860055051744
,,,38,,,,,,,,,,,,,,,,,,,,,,,,,,,,,27269,0.062049321830272675
,,,38,,,,,,,,,,,,,,,,,,,,,,,,,,,,,27279,0.00466759642586112
,,,38,,,,,,,,,,,,,,,,,,,,,,,,,,,,,27289,0.0012476330157369375
,,,38,,,,,,,,,,,,,,,,,,,,,,,,,,,,,27299,0.004827278666198254
,,,38,,,,,,,,,,,,,,,,,,,,,,,,,,,,,27309,0.0005974232335574925
,,,38,,,,,,,,,,,,,,,,,,,,,,,,,,,,,27319,0.0015997136943042278
,,,38,,,,,,,,,,,,,,,,,,,,,,,,,,,,,27329,0.011196653358638287
,,,,7.981988796634066e-08,4.4715458403468026e-07,6.879301292841234e-07,6.879301292841234e-07,1.0583540450524976e-06,1.0583540450524976e-06,1.6282369923884576e-06,1.6282369923884576e-06,2.5049799882899347e-06,2.5049799882899347e-06,3.8538153665998995e-06,7.981988796634066e-08,3.8538153665998995e-06,5.928946717845999e-06,5.928946717845999e-06,9.121456488993845e-06,9.121456488993845e-06,1.4033009983067452e-05,1.4033009983067452e-05,1.4033009983067452e-05,1.4033009983067452e-05,1.2279982764052406e-07,1.2279982764052406e-07,1.8892281175465242e-07,1.8892281175465242e-07,2.906504796225422e-07,2.906504796225422e-07,4.4715458403468026e-07,27339,
,,,39,,,,,,,,,,,,,,,,,,,,,,,,,,,,,27339,0.03738991171121597
,,,39,,,,,,,,,,,,,,,,,,,,,,,,,,,,,27349,0.0032766598742455244
,,,39,,,,,,,,,,,,,,,,,,,,,,,,,,,,,27359,0.0008490087348036468
,,,39,,,,,,,,,,,,,,,,,,,,,,,,,,,,,27369,0.0013435594737529755
,,,39,,,,,,,,,,,,,,,,,,,,,,,,,,,,,27379,0.14819055795669556
,,,39,,,,,,,,,,,,,,,,,,,,,,,,,,,,,27389,0.0013424766948446631
,,,39,,,,,,,,,,,,,,,,,,,,,,,,,,,,,27399,0.0028303246945142746
,,,39,,,,,,,,,,,,,,,,,,,,,,,,,,,,,27409,0.0012549557723104954
,,,39,,,,,,,,,,,,,,,,,,,,,,,,,,,,,27419,0.9300292134284973
,,,39,,,,,,,,,,,,,,,,,,,,,,,,,,,,,27429,0.029199976474046707
,,,39,,,,,,,,,,,,,,,,,,,,,,,,,,,,,27439,0.0007222290732897818
,,,39,,,,,,,,,,,,,,,,,,,,,,,,,,,,,27449,0.001366873737424612
,,,39,,,,,,,,,,,,,,,,,,,,,,,,,,,,,27459,0.0014878420624881983
,,,39,,,,,,,,,,,,,,,,,,,,,,,,,,,,,27469,0.0014747880632057786
,,,39,,,,,,,,,,,,,,,,,,,,,,,,,,,,,27479,0.018950380384922028
,,,39,,,,,,,,,,,,,,,,,,,,,,,,,,,,,27489,0.001228929846547544
,,,39,,,,,,,,,,,,,,,,,,,,,,,,,,,,,27499,0.005507661495357752
,,,39,,,,,,,,,,,,,,,,,,,,,,,,,,,,,27509,0.0015369874890893698
,,,39,,,,,,,,,,,,,,,,,,,,,,,,,,,,,27519,0.001560688833706081
,,,39,,,,,,,,,,,,,,,,,,,,,,,,,,,,,27529,0.11782293021678925
,,,39,,,,,,,,,,,,,,,,,,,,,,,,,,,,,27539,0.04713602364063263
,,,39,,,,,,,,,,,,,,,,,,,,,,,,,,,,,27549,0.001196591299958527
,,,39,,,,,,,,,,,,,,,,,,,,,,,,,,,,,27559,0.0032239521387964487
,,,39,,,,,,,,,,,,,,,,,,,,,,,,,,,,,27569,0.0008097991812974215
,,,39,,,,,,,,,,,,,,,,,,,,,,,,,,,,,27579,0.0011475416831672192
,,,39,,,,,,,,,,,,,,,,,,,,,,,,,,,,,27589,0.0025222920812666416
,,,39,,,,,,,,,,,,,,,,,,,,,,,,,,,,,27599,0.0012004191521555185
,,,39,,,,,,,,,,,,,,,,,,,,,,,,,,,,,27609,0.002374625764787197
,,,39,,,,,,,,,,,,,,,,,,,,,,,,,,,,,27619,0.0013543535023927689
,,,39,,,,,,,,,,,,,,,,,,,,,,,,,,,,,27629,0.019092967733740807
,,,39,,,,,,,,,,,,,,,,,,,,,,,,,,,,,27639,0.0006294641643762589
,,,39,,,,,,,,,,,,,,,,,,,,,,,,,,,,,27649,0.0007618414820171893
,,,39,,,,,,,,,,,,,,,,,,,,,,,,,,,,,27659,0.05212352052330971
,,,39,,,,,,,,,,,,,,,,,,,,,,,,,,,,,27669,0.0009552676347084343
,,,39,,,,,,,,,,,,,,,,,,,,,,,,,,,,,27679,0.001142650144174695
,,,39,,,,,,,,,,,,,,,,,,,,,,,,,,,,,27689,0.0022829645313322544
,,,39,,,,,,,,,,,,,,,,,,,,,,,,,,,,,27699,0.0013418172020465136
,,,39,,,,,,,,,,,,,,,,,,,,,,,,,,,,,27709,0.20234689116477966
,,,39,,,,,,,,,,,,,,,,,,,,,,,,,,,,,27719,0.0014309140387922525
,,,39,,,,,,,,,,,,,,,,,,,,,,,,,,,,,27729,0.0013122808886691928
,,,39,,,,,,,,,,,,,,,,,,,,,,,,,,,,,27739,0.0009779172251001
,,,39,,,,,,,,,,,,,,,,,,,,,,,,,,,,,27749,0.012227555736899376
,,,39,,,,,,,,,,,,,,,,,,,,,,,,,,,,,27759,0.001671621692366898
,,,39,,,,,,,,,,,,,,,,,,,,,,,,,,,,,27769,0.0047803656198084354
,,,39,,,,,,,,,,,,,,,,,,,,,,,,,,,,,27779,0.0015100607415661216
,,,39,,,,,,,,,,,,,,,,,,,,,,,,,,,,,27789,0.046635840088129044
,,,39,,,,,,,,,,,,,,,,,,,,,,,,,,,,,27799,0.0024109005462378263
,,,39,,,,,,,,,,,,,,,,,,,,,,,,,,,,,27809,0.002366941189393401
,,,39,,,,,,,,,,,,,,,,,,,,,,,,,,,,,27819,0.0016110326396301389
,,,39,,,,,,,,,,,,,,,,,,,,,,,,,,,,,27829,0.004793629981577396
,,,39,,,,,,,,,,,,,,,,,,,,,,,,,,,,,27839,0.09353204071521759
,,,39,,,,,,,,,,,,,,,,,,,,,,,,,,,,,27849,0.0007876925519667566
,,,39,,,,,,,,,,,,,,,,,,,,,,,,,,,,,27859,0.0005627195350825787
,,,39,,,,,,,,,,,,,,,,,,,,,,,,,,,,,27869,0.006382742431014776
,,,39,,,,,,,,,,,,,,,,,,,,,,,,,,,,,27879,0.007374874781817198
,,,39,,,,,,,,,,,,,,,,,,,,,,,,,,,,,27889,0.003195529105141759
,,,39,,,,,,,,,,,,,,,,,,,,,,,,,,,,,27899,0.013098031282424927
,,,39,,,,,,,,,,,,,,,,,,,,,,,,,,,,,27909,0.003283582627773285
,,,39,,,,,,,,,,,,,,,,,,,,,,,,,,,,,27919,0.0017539343098178506
,,,39,,,,,,,,,,,,,,,,,,,,,,,,,,,,,27929,0.014596444554626942
,,,39,,,,,,,,,,,,,,,,,,,,,,,,,,,,,27939,0.001173439552076161
,,,39,,,,,,,,,,,,,,,,,,,,,,,,,,,,,27949,0.0033291345462203026
,,,39,,,,,,,,,,,,,,,,,,,,,,,,,,,,,27959,0.0015661768848076463
,,,39,,,,,,,,,,,,,,,,,,,,,,,,,,,,,27969,0.0016649112803861499
,,,39,,,,,,,,,,,,,,,,,,,,,,,,,,,,,27979,0.006359280552715063
,,,39,,,,,,,,,,,,,,,,,,,,,,,,,,,,,27989,0.000993330148048699
,,,39,,,,,,,,,,,,,,,,,,,,,,,,,,,,,27999,0.0007929200073704123
,,,39,,,,,,,,,,,,,,,,,,,,,,,,,,,,,28009,0.04245234280824661
,,,39,,,,,,,,,,,,,,,,,,,,,,,,,,,,,28019,0.0030991730745881796
,,,39,,,,,,,,,,,,,,,,,,,,,,,,,,,,,28029,0.017607638612389565
,,,39,,,,,,,,,,,,,,,,,,,,,,,,,,,,,28039,0.0011157330591231585
0.8760806918144226,0.8702290058135986,0.8820115923881531,39,,,,,,,,,,,,,,,,,,,,,,,,,,,,,28039,
,,,,6.653706639515992e-08,3.727436232353765e-07,5.734517280544253e-07,5.734517280544253e-07,8.822334277760388e-07,8.822334277760388e-07,1.3572821965785213e-06,1.3572821965785213e-06,2.088126456274648e-06,2.088126456274648e-06,3.212502240422535e-06,6.653706639515992e-08,3.212502240422535e-06,4.942311139111592e-06,4.942311139111592e-06,7.603555598633219e-06,7.603555598633219e-06,1.1697777844051105e-05,1.1697777844051105e-05,1.1697777844051105e-05,1.1697777844051105e-05,1.0236471753101525e-07,1.0236471753101525e-07,1.5748418081694655e-07,1.5748418081694655e-07,2.4228335510299467e-07,2.4228335510299467e-07,3.727436232353765e-07,28040,
,,,40,,,,,,,,,,,,,,,,,,,,,,,,,,,,,28049,0.18505199253559113
,,,40,,,,,,,,,,,,,,,,,,,,,,,,,,,,,28059,0.001151581760495901
,,,40,,,,,,,,,,,,,,,,,,,,,,,,,,,,,28069,0.0007605638820677996
,,,40,,,,,,,,,,,,,,,,,,,,,,,,,,,,,28079,0.0012155987787991762
,,,40,,,,,,,,,,,,,,,,,,,,,,,,,,,,,28089,0.0020424933172762394
,,,40,,,,,,,,,,,,,,,,,,,,,,,,,,,,,28099,0.002922109793871641
,,,40,,,,,,,,,,,,,,,,,,,,,,,,,,,,,28109,0.0012536157155409455
,,,40,,,,,,,,,,,,,,,,,,,,,,,,,,,,,28119,0.0005300982156768441
,,,40,,,,,,,,,,,,,,,,,,,,,,,,,,,,,28129,0.008439081721007824
,,,40,,,,,,,,,,,,,,,,,,,,,,,,,,,,,28139,0.0017358764307573438
,,,40,,,,,,,,,,,,,,,,,,,,,,,,,,,,,28149,0.0005934298387728631
,,,40,,,,,,,,,,,,,,,,,,,,,,,,,,,,,28159,0.05199754238128662
,,,40,,,,,,,,,,,,,,,,,,,,,,,,,,,,,28169,0.004116967786103487
,,,40,,,,,,,,,,,,,,,,,,,,,,,,,,,,,28179,0.0009573178249411285
,,,40,,,,,,,,,,,,,,,,,,,,,,,,,,,,,28189,0.0008781187352724373
,,,40,,,,,,,,,,,,,,,,,,,,,,,,,,,,,28199,0.048879288136959076
,,,40,,,,,,,,,,,,,,,,,,,,,,,,,,,,,28209,0.0009338941890746355
,,,40,,,,,,,,,,,,,,,,,,,,,,,,,,,,,28219,0.0032421033829450607
,,,40,,,,,,,,,,,,,,,,,,,,,,,,,,,,,28229,0.001433397177606821
,,,40,,,,,,,,,,,,,,,,,,,,,,,,,,,,,28239,0.001089343219064176
,,,40,,,,,,,,,,,,,,,,,,,,,,,,,,,,,28249,0.0021483900491148233
,,,40,,,,,,,,,,,,,,,,,,,,,,,,,,,,,28259,0.0020788295660167933
,,,40,,,,,,,,,,,,,,,,,,,,,,,,,,,,,28269,0.0023679428268224
,,,40,,,,,,,,,,,,,,,,,,,,,,,,,,,,,28279,0.0004890795098617673
,,,40,,,,,,,,,,,,,,,,,,,,,,,,,,,,,28289,0.0038002110086381435
,,,40,,,,,,,,,,,,,,,,,,,,,,,,,,,,,28299,0.0011675835121423006
,,,40,,,,,,,,,,,,,,,,,,,,,,,,,,,,,28309,0.001628931611776352
,,,40,,,,,,,,,,,,,,,,,,,,,,,,,,,,,28319,0.0008666599751450121
,,,40,,,,,,,,,,,,,,,,,,,,,,,,,,,,,28329,0.0028982446528971195
,,,40,,,,,,,,,,,,,,,,,,,,,,,,,,,,,28339,0.0008310613338835537
,,,40,,,,,,,,,,,,,,,,,,,,,,,,,,,,,28349,0.0006862310692667961
,,,40,,,,,,,,,,,,,,,,,,,,,,,,,,,,,28359,0.001162003492936492
,,,40,,,,,,,,,,,,,,,,,,,,,,,,,,,,,28369,0.0018185870721936226
,,,40,,,,,,,,,,,,,,,,,,,,,,,,,,,,,28379,0.0018761263927444816
,,,40,,,,,,,,,,,,,,,,,,,,,,,,,,,,,28389,0.0013771416852250695
,,,40,,,,,,,,,,,,,,,,,,,,,,,,,,,,,28399,0.00145331968087703
,,,40,,,,,,,,,,,,,,,,,,,,,,,,,,,,,28409,0.04995981231331825
,,,40,,,,,,,,,,,,,,,,,,,,,,,,,,,,,28419,0.012445073574781418
,,,40,,,,,,,,,,,,,,,,,,,,,,,,,,,,,28429,0.0011737236054614186
,,,40,,,,,,,,,,,,,,,,,,,,,,,,,,,,,28439,0.0022166436538100243
,,,40,,,,,,,,,,,,,,,,,,,,,,,,,,,,,28449,0.0018083102768287063
,,,40,,,,,,,,,,,,,,,,,,,,,,,,,,,,,28459,0.42001354694366455
,,,40,,,,,,,,,,,,,,,,,,,,,,,,,,,,,28469,0.0008136558462865651
,,,40,,,,,,,,,,,,,,,,,,,,,,,,,,,,,28479,0.0016185621498152614
,,,40,,,,,,,,,,,,,,,,,,,,,,,,,,,,,28489,0.002060388680547476
,,,40,,,,,,,,,,,,,,,,,,,,,,,,,,,,,28499,0.001070539583452046
,,,40,,,,,,,,,,,,,,,,,,,,,,,,,,,,,28509,0.001519573968835175
,,,40,,,,,,,,,,,,,,,,,,,,,,,,,,,,,28519,0.0019392959075048566
,,,40,,,,,,,,,,,,,,,,,,,,,,,,,,,,,28529,0.009972363710403442
,,,40,,,,,,,,,,,,,,,,,,,,,,,,,,,,,28539,0.0024265856482088566
,,,40,,,,,,,,,,,,,,,,,,,,,,,,,,,,,28549,0.0010409856913611293
,,,40,,,,,,,,,,,,,,,,,,,,,,,,,,,,,28559,0.025886809453368187
,,,40,,,,,,,,,,,,,,,,,,,,,,,,,,,,,28569,0.002730123233050108
,,,40,,,,,,,,,,,,,,,,,,,,,,,,,,,,,28579,0.0034182395320385695
,,,40,,,,,,,,,,,,,,,,,,,,,,,,,,,,,28589,0.0017236483981832862
,,,40,,,,,,,,,,,,,,,,,,,,,,,,,,,,,28599,0.004837020765990019
,,,40,,,,,,,,,,,,,,,,,,,,,,,,,,,,,28609,0.0021114719565957785
,,,40,,,,,,,,,,,,,,,,,,,,,,,,,,,,,28619,0.0021137637086212635
,,,40,,,,,,,,,,,,,,,,,,,,,,,,,,,,,28629,0.0013149504084140062
,,,40,,,,,,,,,,,,,,,,,,,,,,,,,,,,,28639,0.05628912150859833
,,,40,,,,,,,,,,,,,,,,,,,,,,,,,,,,,28649,0.0013319021090865135
,,,40,,,,,,,,,,,,,,,,,,,,,,,,,,,,,28659,0.0016838876763358712
,,,40,,,,,,,,,,,,,,,,,,,,,,,,,,,,,28669,0.5468676090240479
,,,40,,,,,,,,,,,,,,,,,,,,,,,,,,,,,28679,0.0011609995272010565
,,,40,,,,,,,,,,,,,,,,,,,,,,,,,,,,,28689,0.0009321945253759623
,,,40,,,,,,,,,,,,,,,,,,,,,,,,,,,,,28699,0.001341974944807589
,,,40,,,,,,,,,,,,,,,,,,,,,,,,,,,,,28709,0.001919079222716391
,,,40,,,,,,,,,,,,,,,,,,,,,,,,,,,,,28719,0.0016106028342619538
,,,40,,,,,,,,,,,,,,,,,,,,,,,,,,,,,28729,0.0036083559971302748
,,,40,,,,,,,,,,,,,,,,,,,,,,,,,,,,,28739,0.000866774411406368
,,,,5.431565334472347e-08,3.0427872046342055e-07,4.6812110840526237e-07,4.6812110840526237e-07,7.201863206234804e-07,7.201863206234804e-07,1.1079789548053546e-06,1.1079789548053546e-06,1.704583007392853e-06,1.704583007392853e-06,2.622435395989005e-06,5.431565334472347e-08,2.622435395989005e-06,4.034515993829238e-06,4.034515993829238e-06,6.206947682814212e-06,6.206947682814212e-06,9.549150281252633e-06,9.549150281252633e-06,9.549150281252633e-06,9.549150281252633e-06,8.356254360726687e-08,8.356254360726687e-08,1.2855775939579518e-07,1.2855775939579518e-07,1.9778116830122336e-07,1.9778116830122336e-07,3.0427872046342055e-07,28741,
,,,41,,,,,,,,,,,,,,,,,,,,,,,,,,,,,28749,0.0007258615805767477
,,,41,,,,,,,,,,,,,,,,,,,,,,,,,,,,,28759,0.0014714545104652643
,,,41,,,,,,,,,,,,,,,,,,,,,,,,,,,,,28769,0.000343947991495952
,,,41,,,,,,,,,,,,,,,,,,,,,,,,,,,,,28779,0.0005363340605981648
,,,41,,,,,,,,,,,,,,,,,,,,,,,,,,,,,28789,0.00493670953437686
,,,41,,,,,,,,,,,,,,,,,,,,,,,,,,,,,28799,0.0016264066798612475
,,,41,,,,,,,,,,,,,,,,,,,,,,,,,,,,,28809,0.0006670670118182898
,,,41,,,,,,,,,,,,,,,,,,,,,,,,,,,,,28819,0.003656465094536543
,,,41,,,,,,,,,,,,,,,,,,,,,,,,,,,,,28829,0.0714641734957695
,,,41,,,,,,,,,,,,,,,,,,,,,,,,,,,,,28839,0.0006854935782030225
,,,41,,,,,,,,,,,,,,,,,,,,,,,,,,,,,28849,0.0036737583577632904
,,,41,,,,,,,,,,,,,,,,,,,,,,,,,,,,,28859,0.0008100437116809189
,,,41,,,,,,,,,,,,,,,,,,,,,,,,,,,,,28869,0.0004919715574942529
,,,41,,,,,,,,,,,,,,,,,,,,,,,,,,,,,28879,0.006544089876115322
,,,41,,,,,,,,,,,,,,,,,,,,,,,,,,,,,28889,0.003380400128662586
,,,41,,,,,,,,,,,,,,,,,,,,,,,,,,,,,28899,0.0013385104248300195
,,,41,,,,,,,,,,,,,,,,,,,,,,,,,,,,,28909,0.0005679890746250749
,,,41,,,,,,,,,,,,,,,,,,,,,,,,,,,,,28919,0.0016801577294245362
,,,41,,,,,,,,,,,,,,,,,,,,,,,,,,,,,28929,0.00035930066951550543
,,,41,,,,,,,,,,,,,,,,,,,,,,,,,,,,,28939,0.29626908898353577
,,,41,,,,,,,,,,,,,,,,,,,,,,,,,,,,,28949,0.0009480220032855868
,,,41,,,,,,,,,,,,,,,,,,,,,,,,,,,,,28959,0.0025602777022868395
,,,41,,,,,,,,,,,,,,,,,,,,,,,,,,,,,28969,0.0016686160815879703
,,,41,,,,,,,,,,,,,,,,,,,,,,,,,,,,,28979,0.0014448598958551884
,,,41,,,,,,,,,,,,,,,,,,,,,,,,,,,,,28989,0.008087413385510445
,,,41,,,,,,,,,,,,,,,,,,,,,,,,,,,,,28999,0.1962154060602188
,,,41,,,,,,,,,,,,,,,,,,,,,,,,,,,,,29009,0.0006954228738322854
,,,41,,,,,,,,,,,,,,,,,,,,,,,,,,,,,29019,0.3887774646282196
,,,41,,,,,,,,,,,,,,,,,,,,,,,,,,,,,29029,0.0028562198858708143
,,,41,,,,,,,,,,,,,,,,,,,,,,,,,,,,,29039,0.009141137823462486
,,,41,,,,,,,,,,,,,,,,,,,,,,,,,,,,,29049,0.00418585492298007
,,,41,,,,,,,,,,,,,,,,,,,,,,,,,,,,,29059,0.001084403833374381
,,,41,,,,,,,,,,,,,,,,,,,,,,,,,,,,,29069,0.01957477070391178
,,,41,,,,,,,,,,,,,,,,,,,,,,,,,,,,,29079,0.00233446410857141
,,,41,,,,,,,,,,,,,,,,,,,,,,,,,,,,,29089,0.0019508617697283626
,,,41,,,,,,,,,,,,,,,,,,,,,,,,,,,,,29099,0.0004740104777738452
,,,41,,,,,,,,,,,,,,,,,,,,,,,,,,,,,29109,0.0013976205373182893
,,,41,,,,,,,,,,,,,,,,,,,,,,,,,,,,,29119,0.001916870241984725
,,,41,,,,,,,,,,,,,,,,,,,,,,,,,,,,,29129,0.00048668161616660655
,,,41,,,,,,,,,,,,,,,,,,,,,,,,,,,,,29139,0.3217039406299591
,,,41,,,,,,,,,,,,,,,,,,,,,,,,,,,,,29149,0.061560582369565964
,,,41,,,,,,,,,,,,,,,,,,,,,,,,,,,,,29159,0.0009464233298785985
,,,41,,,,,,,,,,,,,,,,,,,,,,,,,,,,,29169,0.0008178799180313945
,,,41,,,,,,,,,,,,,,,,,,,,,,,,,,,,,29179,0.0012190211564302444
,,,41,,,,,,,,,,,,,,,,,,,,,,,,,,,,,29189,0.014312057755887508
,,,41,,,,,,,,,,,,,,,,,,,,,,,,,,,,,29199,0.0018516478594392538
,,,41,,,,,,,,,,,,,,,,,,,,,,,,,,,,,29209,0.0011977667454630136
,,,41,,,,,,,,,,,,,,,,,,,,,,,,,,,,,29219,0.004156886134296656
,,,41,,,,,,,,,,,,,,,,,,,,,,,,,,,,,29229,0.0008201815071515739
,,,41,,,,,,,,,,,,,,,,,,,,,,,,,,,,,29239,0.000580429274123162
,,,41,,,,,,,,,,,,,,,,,,,,,,,,,,,,,29249,0.0010961046209558845
,,,41,,,,,,,,,,,,,,,,,,,,,,,,,,,,,29259,0.0017456377390772104
,,,41,,,,,,,,,,,,,,,,,,,,,,,,,,,,,29269,0.001226308522745967
,,,41,,,,,,,,,,,,,,,,,,,,,,,,,,,,,29279,0.0015517444116994739
,,,41,,,,,,,,,,,,,,,,,,,,,,,,,,,,,29289,0.0013386344071477652
,,,41,,,,,,,,,,,,,,,,,,,,,,,,,,,,,29299,0.2057022601366043
,,,41,,,,,,,,,,,,,,,,,,,,,,,,,,,,,29309,0.001314021646976471
,,,41,,,,,,,,,,,,,,,,,,,,,,,,,,,,,29319,0.0009104577475227416
,,,41,,,,,,,,,,,,,,,,,,,,,,,,,,,,,29329,0.0032986411824822426
,,,41,,,,,,,,,,,,,,,,,,,,,,,,,,,,,29339,0.001245661173015833
,,,41,,,,,,,,,,,,,,,,,,,,,,,,,,,,,29349,0.0014165990287438035
,,,41,,,,,,,,,,,,,,,,,,,,,,,,,,,,,29359,0.004048333037644625
,,,41,,,,,,,,,,,,,,,,,,,,,,,,,,,,,29369,0.0010544431861490011
,,,41,,,,,,,,,,,,,,,,,,,,,,,,,,,,,29379,0.0007023109938018024
,,,41,,,,,,,,,,,,,,,,,,,,,,,,,,,,,29389,0.0011133175576105714
,,,41,,,,,,,,,,,,,,,,,,,,,,,,,,,,,29399,0.028213506564497948
,,,41,,,,,,,,,,,,,,,,,,,,,,,,,,,,,29409,0.0025144480168819427
,,,41,,,,,,,,,,,,,,,,,,,,,,,,,,,,,29419,0.0006742642144672573
,,,41,,,,,,,,,,,,,,,,,,,,,,,,,,,,,29429,0.1870926320552826
,,,41,,,,,,,,,,,,,,,,,,,,,,,,,,,,,29439,0.0015048797940835357
,,,,4.321519031092087e-08,2.420934298430496e-07,3.724514305277685e-07,3.724514305277685e-07,5.730022008119516e-07,5.730022008119516e-07,8.815418474030023e-07,8.815418474030023e-07,1.3562182267738498e-06,1.3562182267738498e-06,2.0864895796520763e-06,4.321519031092087e-08,2.0864895796520763e-06,3.2099839686955018e-06,3.2099839686955018e-06,4.938436874916157e-06,4.938436874916157e-06,7.597595192178702e-06,7.597595192178702e-06,7.597595192178702e-06,7.597595192178702e-06,6.648490817064748e-08,6.648490817064748e-08,1.0228447410868844e-07,1.0228447410868844e-07,1.5736072939798221e-07,1.5736072939798221e-07,2.420934298430496e-07,29442,
,,,42,,,,,,,,,,,,,,,,,,,,,,,,,,,,,29449,0.001290221349336207
,,,42,,,,,,,,,,,,,,,,,,,,,,,,,,,,,29459,0.0014875450870022178
,,,42,,,,,,,,,,,,,,,,,,,,,,,,,,,,,29469,0.0038057160563766956
,,,42,,,,,,,,,,,,,,,,,,,,,,,,,,,,,29479,0.10347684472799301
,,,42,,,,,,,,,,,,,,,,,,,,,,,,,,,,,29489,0.0014767515240237117
,,,42,,,,,,,,,,,,,,,,,,,,,,,,,,,,,29499,0.014123060740530491
,,,42,,,,,,,,,,,,,,,,,,,,,,,,,,,,,29509,0.005567784421145916
,,,42,,,,,,,,,,,,,,,,,,,,,,,,,,,,,29519,0.0030890831258147955
,,,42,,,,,,,,,,,,,,,,,,,,,,,,,,,,,29529,0.0017318669706583023
,,,42,,,,,,,,,,,,,,,,,,,,,,,,,,,,,29539,0.0042494493536651134
,,,42,,,,,,,,,,,,,,,,,,,,,,,,,,,,,29549,0.0024860245175659657
,,,42,,,,,,,,,,,,,,,,,,,,,,,,,,,,,29559,0.0021863358560949564
,,,42,,,,,,,,,,,,,,,,,,,,,,,,,,,,,29569,0.001055847853422165
,,,42,,,,,,,,,,,,,,,,,,,,,,,,,,,,,29579,0.0031320482958108187
,,,42,,,,,,,,,,,,,,,,,,,,,,,,,,,,,29589,0.0008197674760594964
,,,42,,,,,,,,,,,,,,,,,,,,,,,,,,,,,29599,0.0011009263107553124
,,,42,,,,,,,,,,,,,,,,,,,,,,,,,,,,,29609,0.507369339466095
,,,42,,,,,,,,,,,,,,,,,,,,,,,,,,,,,29619,0.001696160645224154
,,,42,,,,,,,,,,,,,,,,,,,,,,,,,,,,,29629,0.001693228492513299
,,,42,,,,,,,,,,,,,,,,,,,,,,,,,,,,,29639,0.000602566753514111
,,,42,,,,,,,,,,,,,,,,,,,,,,,,,,,,,29649,0.00046342925634235144
,,,42,,,,,,,,,,,,,,,,,,,,,,,,,,,,,29659,0.001374205807223916
,,,42,,,,,,,,,,,,,,,,,,,,,,,,,,,,,29669,0.004857929889112711
,,,42,,,,,,,,,,,,,,,,,,,,,,,,,,,,,29679,0.0038399528712034225
,,,42,,,,,,,,,,,,,,,,,,,,,,,,,,,,,29689,0.0014797020703554153
,,,42,,,,,,,,,,,,,,,,,,,,,,,,,,,,,29699,0.0010800829622894526
,,,42,,,,,,,,,,,,,,,,,,,,,,,,,,,,,29709,0.000944061903283
,,,42,,,,,,,,,,,,,,,,,,,,,,,,,,,,,29719,0.0009304863051511347
,,,42,,,,,,,,,,,,,,,,,,,,,,,,,,,,,29729,0.006204455625265837
,,,42,,,,,,,,,,,,,,,,,,,,,,,,,,,,,29739,0.0022189815063029528
,,,42,,,,,,,,,,,,,,,,,,,,,,,,,,,,,29749,0.002720640040934086
,,,42,,,,,,,,,,,,,,,,,,,,,,,,,,,,,29759,0.0015155953587964177
,,,42,,,,,,,,,,,,,,,,,,,,,,,,,,,,,29769,0.001098401378840208
,,,42,,,,,,,,,,,,,,,,,,,,,,,,,,,,,29779,0.005421299487352371
,,,42,,,,,,,,,,,,,,,,,,,,,,,,,,,,,29789,0.003939636517316103
,,,42,,,,,,,,,,,,,,,,,,,,,,,,,,,,,29799,0.003189344657585025
,,,42,,,,,,,,,,,,,,,,,,,,,,,,,,,,,29809,0.002661769976839423
,,,42,,,,,,,,,,,,,,,,,,,,,,,,,,,,,29819,0.005372670013457537
,,,42,,,,,,,,,,,,,,,,,,,,,,,,,,,,,29829,0.0015605896478518844
,,,42,,,,,,,,,,,,,,,,,,,,,,,,,,,,,29839,0.0036777148488909006
,,,42,,,,,,,,,,,,,,,,,,,,,,,,,,,,,29849,0.001967280637472868
,,,42,,,,,,,,,,,,,,,,,,,,,,,,,,,,,29859,0.0028571831062436104
,,,42,,,,,,,,,,,,,,,,,,,,,,,,,,,,,29869,0.0008615385740995407
,,,42,,,,,,,,,,,,,,,,,,,,,,,,,,,,,29879,0.0006452972302213311
,,,42,,,,,,,,,,,,,,,,,,,,,,,,,,,,,29889,0.0032760107424110174
,,,42,,,,,,,,,,,,,,,,,,,,,,,,,,,,,29899,0.0019473370630294085
,,,42,,,,,,,,,,,,,,,,,,,,,,,,,,,,,29909,0.0007754484540782869
,,,42,,,,,,,,,,,,,,,,,,,,,,,,,,,,,29919,0.041200894862413406
,,,42,,,,,,,,,,,,,,,,,,,,,,,,,,,,,29929,0.0029487537685781717
,,,42,,,,,,,,,,,,,,,,,,,,,,,,,,,,,29939,0.000971398432739079
,,,42,,,,,,,,,,,,,,,,,,,,,,,,,,,,,29949,0.0010479108896106482
,,,42,,,,,,,,,,,,,,,,,,,,,,,,,,,,,29959,0.09390418231487274
,,,42,,,,,,,,,,,,,,,,,,,,,,,,,,,,,29969,0.0024014764931052923
,,,42,,,,,,,,,,,,,,,,,,,,,,,,,,,,,29979,0.015111650340259075
,,,42,,,,,,,,,,,,,,,,,,,,,,,,,,,,,29989,0.0017491790931671858
,,,42,,,,,,,,,,,,,,,,,,,,,,,,,,,,,29999,0.0007913024164736271
,,,42,,,,,,,,,,,,,,,,,,,,,,,,,,,,,30009,0.0010428937384858727
,,,42,,,,,,,,,,,,,,,,,,,,,,,,,,,,,30019,0.26445621252059937
,,,42,,,,,,,,,,,,,,,,,,,,,,,,,,,,,30029,0.0015617426251992583
,,,42,,,,,,,,,,,,,,,,,,,,,,,,,,,,,30039,0.0004902890650555491
,,,42,,,,,,,,,,,,,,,,,,,,,,,,,,,,,30049,0.0013656473020091653
,,,42,,,,,,,,,,,,,,,,,,,,,,,,,,,,,30059,0.0020747920498251915
,,,42,,,,,,,,,,,,,,,,,,,,,,,,,,,,,30069,0.003064947435632348
,,,42,,,,,,,,,,,,,,,,,,,,,,,,,,,,,30079,0.001608469756320119
,,,42,,,,,,,,,,,,,,,,,,,,,,,,,,,,,30089,0.0009727893630042672
,,,42,,,,,,,,,,,,,,,,,,,,,,,,,,,,,30099,0.002117311814799905
,,,42,,,,,,,,,,,,,,,,,,,,,,,,,,,,,30109,0.0014668168732896447
,,,42,,,,,,,,,,,,,,,,,,,,,,,,,,,,,30119,0.02039996348321438
,,,42,,,,,,,,,,,,,,,,,,,,,,,,,,,,,30129,0.06294746696949005
,,,42,,,,,,,,,,,,,,,,,,,,,,,,,,,,,30139,0.001494523137807846
,,,,3.3289757633838177e-08,1.8649071185932243e-07,2.869087874758806e-07,2.869087874758806e-07,4.4139813457827784e-07,4.4139813457827784e-07,6.790740531973505e-07,6.790740531973505e-07,1.0447293126113085e-06,1.0447293126113085e-06,1.607275865555859e-06,3.3289757633838177e-08,1.607275865555859e-06,2.4727321008551675e-06,2.4727321008551675e-06,3.8042032320848733e-06,3.8042032320848733e-06,5.852620357053651e-06,5.852620357053651e-06,5.852620357053651e-06,5.852620357053651e-06,5.121501174436641e-08,5.121501174436641e-08,7.879232576056372e-08,7.879232576056372e-08,1.2121896270855957e-07,1.2121896270855957e-07,1.8649071185932243e-07,30143,
,,,43,,,,,,,,,,,,,,,,,,,,,,,,,,,,,30149,0.0012383663561195135
,,,43,,,,,,,,,,,,,,,,,,,,,,,,,,,,,30159,0.0013095623580738902
,,,43,,,,,,,,,,,,,,,,,,,,,,,,,,,,,30169,1.2977005243301392
,,,43,,,,,,,,,,,,,,,,,,,,,,,,,,,,,30179,0.000934834941290319
,,,43,,,,,,,,,,,,,,,,,,,,,,,,,,,,,30189,0.0189453586935997
,,,43,,,,,,,,,,,,,,,,,,,,,,,,,,,,,30199,0.0010637862142175436
,,,43,,,,,,,,,,,,,,,,,,,,,,,,,,,,,30209,0.0032444943208247423
,,,43,,,,,,,,,,,,,,,,,,,,,,,,,,,,,30219,0.0007973948959261179
,,,43,,,,,,,,,,,,,,,,,,,,,,,,,,,,,30229,0.00040462883771397173
,,,43,,,,,,,,,,,,,,,,,,,,,,,,,,,,,30239,0.0009253695607185364
,,,43,,,,,,,,,,,,,,,,,,,,,,,,,,,,,30249,0.0036735213361680508
,,,43,,,,,,,,,,,,,,,,,,,,,,,,,,,,,30259,0.0033726163674145937
,,,43,,,,,,,,,,,,,,,,,,,,,,,,,,,,,30269,0.0007393875857815146
,,,43,,,,,,,,,,,,,,,,,,,,,,,,,,,,,30279,0.0024470787029713392
,,,43,,,,,,,,,,,,,,,,,,,,,,,,,,,,,30289,0.0009558633319102228
,,,43,,,,,,,,,,,,,,,,,,,,,,,,,,,,,30299,0.010581315495073795
,,,43,,,,,,,,,,,,,,,,,,,,,,,,,,,,,30309,0.006360587663948536
,,,43,,,,,,,,,,,,,,,,,,,,,,,,,,,,,30319,0.004655154421925545
,,,43,,,,,,,,,,,,,,,,,,,,,,,,,,,,,30329,0.0007332668174058199
,,,43,,,,,,,,,,,,,,,,,,,,,,,,,,,,,30339,0.015445281751453876
,,,43,,,,,,,,,,,,,,,,,,,,,,,,,,,,,30349,0.00106343743391335
,,,43,,,,,,,,,,,,,,,,,,,,,,,,,,,,,30359,0.0021248520351946354
,,,43,,,,,,,,,,,,,,,,,,,,,,,,,,,,,30369,0.0014158433768898249
,,,43,,,,,,,,,,,,,,,,,,,,,,,,,,,,,30379,0.0005757081671617925
,,,43,,,,,,,,,,,,,,,,,,,,,,,,,,,,,30389,0.000816000800114125
,,,43,,,,,,,,,,,,,,,,,,,,,,,,,,,,,30399,0.0013120761141180992
,,,43,,,,,,,,,,,,,,,,,,,,,,,,,,,,,30409,0.012767027132213116
,,,43,,,,,,,,,,,,,,,,,,,,,,,,,,,,,30419,0.0010214649373665452
,,,43,,,,,,,,,,,,,,,,,,,,,,,,,,,,,30429,0.0010154341580346227
,,,43,,,,,,,,,,,,,,,,,,,,,,,,,,,,,30439,0.009622431360185146
,,,43,,,,,,,,,,,,,,,,,,,,,,,,,,,,,30449,0.0007008876418694854
,,,43,,,,,,,,,,,,,,,,,,,,,,,,,,,,,30459,0.0062047578394412994
,,,43,,,,,,,,,,,,,,,,,,,,,,,,,,,,,30469,0.2559250593185425
,,,43,,,,,,,,,,,,,,,,,,,,,,,,,,,,,30479,0.0008245602948591113
,,,43,,,,,,,,,,,,,,,,,,,,,,,,,,,,,30489,0.001581914839334786
,,,43,,,,,,,,,,,,,,,,,,,,,,,,,,,,,30499,0.0019848321098834276
,,,43,,,,,,,,,,,,,,,,,,,,,,,,,,,,,30509,0.0007136422791518271
,,,43,,,,,,,,,,,,,,,,,,,,,,,,,,,,,30519,0.001187408110126853
,,,43,,,,,,,,,,,,,,,,,,,,,,,,,,,,,30529,0.0017375735333189368
,,,43,,,,,,,,,,,,,,,,,,,,,,,,,,,,,30539,0.10018265247344971
,,,43,,,,,,,,,,,,,,,,,,,,,,,,,,,,,30549,0.0023076438810676336
,,,43,,,,,,,,,,,,,,,,,,,,,,,,,,,,,30559,0.0009907030034810305
,,,43,,,,,,,,,,,,,,,,,,,,,,,,,,,,,30569,0.001443073502741754
,,,43,,,,,,,,,,,,,,,,,,,,,,,,,,,,,30579,0.0012162616476416588
,,,43,,,,,,,,,,,,,,,,,,,,,,,,,,,,,30589,0.0013361894525587559
,,,43,,,,,,,,,,,,,,,,,,,,,,,,,,,,,30599,0.0012099904706701636
,,,43,,,,,,,,,,,,,,,,,,,,,,,,,,,,,30609,0.0007339149597100914
,,,43,,,,,,,,,,,,,,,,,,,,,,,,,,,,,30619,0.0007483185036107898
,,,43,,,,,,,,,,,,,,,,,,,,,,,,,,,,,30629,0.0012233665911480784
,,,43,,,,,,,,,,,,,,,,,,,,,,,,,,,,,30639,0.0013114530593156815
,,,43,,,,,,,,,,,,,,,,,,,,,,,,,,,,,30649,0.0022972645238041878
,,,43,,,,,,,,,,,,,,,,,,,,,,,,,,,,,30659,0.0011549919145181775
,,,43,,,,,,,,,,,,,,,,,,,,,,,,,,,,,30669,0.016795888543128967
,,,43,,,,,,,,,,,,,,,,,,,,,,,,,,,,,30679,0.0020969517063349485
,,,43,,,,,,,,,,,,,,,,,,,,,,,,,,,,,30689,0.00136261573061347
,,,43,,,,,,,,,,,,,,,,,,,,,,,,,,,,,30699,0.002517394255846739
,,,43,,,,,,,,,,,,,,,,,,,,,,,,,,,,,30709,0.002386560430750251
,,,43,,,,,,,,,,,,,,,,,,,,,,,,,,,,,30719,0.0015241686487570405
,,,43,,,,,,,,,,,,,,,,,,,,,,,,,,,,,30729,0.0014229340013116598
,,,43,,,,,,,,,,,,,,,,,,,,,,,,,,,,,30739,0.0006233916501514614
,,,43,,,,,,,,,,,,,,,,,,,,,,,,,,,,,30749,0.0010685002198442817
,,,43,,,,,,,,,,,,,,,,,,,,,,,,,,,,,30759,0.0009810341289266944
,,,43,,,,,,,,,,,,,,,,,,,,,,,,,,,,,30769,0.29045790433883667
,,,43,,,,,,,,,,,,,,,,,,,,,,,,,,,,,30779,0.0022769428323954344
,,,43,,,,,,,,,,,,,,,,,,,,,,,,,,,,,30789,0.0022546513937413692
,,,43,,,,,,,,,,,,,,,,,,,,,,,,,,,,,30799,0.002202913397923112
,,,43,,,,,,,,,,,,,,,,,,,,,,,,,,,,,30809,0.0024850775953382254
,,,43,,,,,,,,,,,,,,,,,,,,,,,,,,,,,30819,0.004609197843819857
,,,43,,,,,,,,,,,,,,,,,,,,,,,,,,,,,30829,0.0008472431800328195
,,,43,,,,,,,,,,,,,,,,,,,,,,,,,,,,,30839,0.9483799338340759
,,,,2.4587711023777133e-08,1.3774145736509018e-07,2.1190993440783103e-07,2.1190993440783103e-07,3.2601528370435543e-07,3.2601528370435543e-07,5.015619749297775e-07,5.015619749297775e-07,7.716338075842731e-07,7.716338075842731e-07,1.1871289347450355e-06,2.4587711023777133e-08,1.1871289347450355e-06,1.8263522073000546e-06,1.8263522073000546e-06,2.8097726266154687e-06,2.8097726266154687e-06,4.322727117869951e-06,4.322727117869951e-06,4.322727117869951e-06,4.322727117869951e-06,3.7827247728887886e-08,3.7827247728887886e-08,5.81957657367506e-08,5.81957657367506e-08,8.953194728730862e-08,8.953194728730862e-08,1.3774145736509018e-07,30844,
,,,44,,,,,,,,,,,,,,,,,,,,,,,,,,,,,30849,0.0007040087948553264
,,,44,,,,,,,,,,,,,,,,,,,,,,,,,,,,,30859,0.0043100579641759396
,,,44,,,,,,,,,,,,,,,,,,,,,,,,,,,,,30869,0.0012844138545915484
,,,44,,,,,,,,,,,,,,,,,,,,,,,,,,,,,30879,0.0005662197945639491
,,,44,,,,,,,,,,,,,,,,,,,,,,,,,,,,,30889,0.0012409227201715112
,,,44,,,,,,,,,,,,,,,,,,,,,,,,,,,,,30899,0.011217576451599598
,,,44,,,,,,,,,,,,,,,,,,,,,,,,,,,,,30909,0.005538398865610361
,,,44,,,,,,,,,,,,,,,,,,,,,,,,,,,,,30919,0.0012853911612182856
,,,44,,,,,,,,,,,,,,,,,,,,,,,,,,,,,30929,0.034284599125385284
,,,44,,,,,,,,,,,,,,,,,,,,,,,,,,,,,30939,0.0008496607770211995
,,,44,,,,,,,,,,,,,,,,,,,,,,,,,,,,,30949,0.0012505226768553257
,,,44,,,,,,,,,,,,,,,,,,,,,,,,,,,,,30959,0.0021969429217278957
,,,44,,,,,,,,,,,,,,,,,,,,,,,,,,,,,30969,0.0010868466924875975
,,,44,,,,,,,,,,,,,,,,,,,,,,,,,,,,,30979,0.002608601236715913
,,,44,,,,,,,,,,,,,,,,,,,,,,,,,,,,,30989,0.0016186076682060957
,,,44,,,,,,,,,,,,,,,,,,,,,,,,,,,,,30999,0.007523656357079744
,,,44,,,,,,,,,,,,,,,,,,,,,,,,,,,,,31009,0.0011915649520233274
,,,44,,,,,,,,,,,,,,,,,,,,,,,,,,,,,31019,0.0009230551077052951
,,,44,,,,,,,,,,,,,,,,,,,,,,,,,,,,,31029,0.0024977296125143766
,,,44,,,,,,,,,,,,,,,,,,,,,,,,,,,,,31039,0.0009602970676496625
,,,44,,,,,,,,,,,,,,,,,,,,,,,,,,,,,31049,0.06822828948497772
,,,44,,,,,,,,,,,,,,,,,,,,,,,,,,,,,31059,0.0021932004019618034
,,,44,,,,,,,,,,,,,,,,,,,,,,,,,,,,,31069,0.07352832704782486
,,,44,,,,,,,,,,,,,,,,,,,,,,,,,,,,,31079,0.0008440235978923738
,,,44,,,,,,,,,,,,,,,,,,,,,,,,,,,,,31089,0.0017984696896746755
,,,44,,,,,,,,,,,,,,,,,,,,,,,,,,,,,31099,0.006121327169239521
,,,44,,,,,,,,,,,,,,,,,,,,,,,,,,,,,31109,0.000740575254894793
,,,44,,,,,,,,,,,,,,,,,,,,,,,,,,,,,31119,0.0033139123115688562
,,,44,,,,,,,,,,,,,,,,,,,,,,,,,,,,,31129,0.00400865264236927
,,,44,,,,,,,,,,,,,,,,,,,,,,,,,,,,,31139,0.001102669513784349
,,,44,,,,,,,,,,,,,,,,,,,,,,,,,,,,,31149,0.0013440009206533432
,,,44,,,,,,,,,,,,,,,,,,,,,,,,,,,,,31159,1.03700852394104
,,,44,,,,,,,,,,,,,,,,,,,,,,,,,,,,,31169,0.0051570781506598
,,,44,,,,,,,,,,,,,,,,,,,,,,,,,,,,,31179,0.002327610505744815
,,,44,,,,,,,,,,,,,,,,,,,,,,,,,,,,,31189,0.0012387618189677596
,,,44,,,,,,,,,,,,,,,,,,,,,,,,,,,,,31199,0.0015775368083268404
,,,44,,,,,,,,,,,,,,,,,,,,,,,,,,,,,31209,0.004336494021117687
,,,44,,,,,,,,,,,,,,,,,,,,,,,,,,,,,31219,0.21865853667259216
,,,44,,,,,,,,,,,,,,,,,,,,,,,,,,,,,31229,0.027043059468269348
,,,44,,,,,,,,,,,,,,,,,,,,,,,,,,,,,31239,0.0007350743981078267
,,,44,,,,,,,,,,,,,,,,,,,,,,,,,,,,,31249,0.0006832264480181038
,,,44,,,,,,,,,,,,,,,,,,,,,,,,,,,,,31259,0.00098538922611624
,,,44,,,,,,,,,,,,,,,,,,,,,,,,,,,,,31269,0.001954225357621908
,,,44,,,,,,,,,,,,,,,,,,,,,,,,,,,,,31279,0.00400256784632802
,,,44,,,,,,,,,,,,,,,,,,,,,,,,,,,,,31289,0.0029030488803982735
,,,44,,,,,,,,,,,,,,,,,,,,,,,,,,,,,31299,0.004291814751923084
,,,44,,,,,,,,,,,,,,,,,,,,,,,,,,,,,31309,0.049010973423719406
,,,44,,,,,,,,,,,,,,,,,,,,,,,,,,,,,31319,0.000955381547100842
,,,44,,,,,,,,,,,,,,,,,,,,,,,,,,,,,31329,0.0007451495621353388
,,,44,,,,,,,,,,,,,,,,,,,,,,,,,,,,,31339,0.029483094811439514
,,,44,,,,,,,,,,,,,,,,,,,,,,,,,,,,,31349,0.00062097905902192
,,,44,,,,,,,,,,,,,,,,,,,,,,,,,,,,,31359,0.0016186580760404468
,,,44,,,,,,,,,,,,,,,,,,,,,,,,,,,,,31369,0.03325178846716881
,,,44,,,,,,,,,,,,,,,,,,,,,,,,,,,,,31379,0.0038048315327614546
,,,44,,,,,,,,,,,,,,,,,,,,,,,,,,,,,31389,0.002011806471273303
,,,44,,,,,,,,,,,,,,,,,,,,,,,,,,,,,31399,0.0011660922318696976
,,,44,,,,,,,,,,,,,,,,,,,,,,,,,,,,,31409,0.000775656197220087
,,,44,,,,,,,,,,,,,,,,,,,,,,,,,,,,,31419,0.0010396806756034493
,,,44,,,,,,,,,,,,,,,,,,,,,,,,,,,,,31429,0.0022389383520931005
,,,44,,,,,,,,,,,,,,,,,,,,,,,,,,,,,31439,0.001450865063816309
,,,44,,,,,,,,,,,,,,,,,,,,,,,,,,,,,31449,0.0019319885177537799
,,,44,,,,,,,,,,,,,,,,,,,,,,,,,,,,,31459,0.001267222105525434
,,,44,,,,,,,,,,,,,,,,,,,,,,,,,,,,,31469,0.0008534849621355534
,,,44,,,,,,,,,,,,,,,,,,,,,,,,,,,,,31479,0.0006999471806921065
,,,44,,,,,,,,,,,,,,,,,,,,,,,,,,,,,31489,0.000952111673541367
,,,44,,,,,,,,,,,,,,,,,,,,,,,,,,,,,31499,0.0013401019386947155
,,,44,,,,,,,,,,,,,,,,,,,,,,,,,,,,,31509,0.0034784884192049503
,,,44,,,,,,,,,,,,,,,,,,,,,,,,,,,,,31519,0.028792012482881546
,,,44,,,,,,,,,,,,,,,,,,,,,,,,,,,,,31529,0.004432673566043377
,,,44,,,,,,,,,,,,,,,,,,,,,,,,,,,,,31539,0.0007817538571543992
0.868495762348175,0.8500000238418579,0.8878143429756165,44,,,,,,,,,,,,,,,,,,,,,,,,,,,,,31544,
,,,,1.7151445977095338e-08,9.60831678279911e-08,1.4782025819690937e-07,1.4782025819690937e-07,2.2741578184139902e-07,2.2741578184139902e-07,3.498704336021523e-07,3.498704336021523e-07,5.382622055417728e-07,5.382622055417728e-07,8.280957008334965e-07,1.7151445977095338e-08,8.280957008334965e-07,1.2739933858976868e-06,1.2739933858976868e-06,1.95998982445798e-06,1.95998982445798e-06,3.0153689607045845e-06,3.0153689607045845e-06,3.0153689607045845e-06,3.0153689607045845e-06,2.6386839964762055e-08,2.6386839964762055e-08,4.059513840732624e-08,4.059513840732624e-08,6.245405908819421e-08,6.245405908819421e-08,9.60831678279911e-08,31545,
,,,45,,,,,,,,,,,,,,,,,,,,,,,,,,,,,31549,0.0013047094689682126
,,,45,,,,,,,,,,,,,,,,,,,,,,,,,,,,,31559,0.001398821477778256
,,,45,,,,,,,,,,,,,,,,,,,,,,,,,,,,,31569,0.0008312534191645682
,,,45,,,,,,,,,,,,,,,,,,,,,,,,,,,,,31579,0.0031348096672445536
,,,45,,,,,,,,,,,,,,,,,,,,,,,,,,,,,31589,0.001360215013846755
,,,45,,,,,,,,,,,,,,,,,,,,,,,,,,,,,31599,0.0022951108403503895
,,,45,,,,,,,,,,,,,,,,,,,,,,,,,,,,,31609,0.0010117151541635394
,,,45,,,,,,,,,,,,,,,,,,,,,,,,,,,,,31619,0.0007570334710180759
,,,45,,,,,,,,,,,,,,,,,,,,,,,,,,,,,31629,0.002301384462043643
,,,45,,,,,,,,,,,,,,,,,,,,,,,,,,,,,31639,0.0051520527340471745
,,,45,,,,,,,,,,,,,,,,,,,,,,,,,,,,,31649,0.0016680293483659625
,,,45,,,,,,,,,,,,,,,,,,,,,,,,,,,,,31659,0.0009182438952848315
,,,45,,,,,,,,,,,,,,,,,,,,,,,,,,,,,31669,0.00156898214481771
,,,45,,,,,,,,,,,,,,,,,,,,,,,,,,,,,31679,0.0016281363787129521
,,,45,,,,,,,,,,,,,,,,,,,,,,,,,,,,,31689,0.0007591131143271923
,,,45,,,,,,,,,,,,,,,,,,,,,,,,,,,,,31699,0.0021503837779164314
,,,45,,,,,,,,,,,,,,,,,,,,,,,,,,,,,31709,0.0008598288404755294
,,,45,,,,,,,,,,,,,,,,,,,,,,,,,,,,,31719,0.007748709060251713
,,,45,,,,,,,,,,,,,,,,,,,,,,,,,,,,,31729,0.0014864620752632618
,,,45,,,,,,,,,,,,,,,,,,,,,,,,,,,,,31739,0.001007512561045587
,,,45,,,,,,,,,,,,,,,,,,,,,,,,,,,,,31749,0.2099476456642151
,,,45,,,,,,,,,,,,,,,,,,,,,,,,,,,,,31759,0.023420056328177452
,,,45,,,,,,,,,,,,,,,,,,,,,,,,,,,,,31769,0.0037463114131242037
,,,45,,,,,,,,,,,,,,,,,,,,,,,,,,,,,31779,0.0033623836934566498
,,,45,,,,,,,,,,,,,,,,,,,,,,,,,,,,,31789,0.0006765503785572946
,,,45,,,,,,,,,,,,,,,,,,,,,,,,,,,,,31799,0.0008643196779303253
,,,45,,,,,,,,,,,,,,,,,,,,,,,,,,,,,31809,0.000951472029555589
,,,45,,,,,,,,,,,,,,,,,,,,,,,,,,,,,31819,0.0026715719141066074
,,,45,,,,,,,,,,,,,,,,,,,,,,,,,,,,,31829,0.016135714948177338
,,,45,,,,,,,,,,,,,,,,,,,,,,,,,,,,,31839,0.0014905395219102502
,,,45,,,,,,,,,,,,,,,,,,,,,,,,,,,,,31849,0.0009948911610990763
,,,45,,,,,,,,,,,,,,,,,,,,,,,,,,,,,31859,0.0015948102809488773
,,,45,,,,,,,,,,,,,,,,,,,,,,,,,,,,,31869,0.0024194675497710705
,,,45,,,,,,,,,,,,,,,,,,,,,,,,,,,,,31879,0.0009000005666166544
,,,45,,,,,,,,,,,,,,,,,,,,,,,,,,,,,31889,0.0017590466886758804
,,,45,,,,,,,,,,,,,,,,,,,,,,,,,,,,,31899,0.0004691770882345736
,,,45,,,,,,,,,,,,,,,,,,,,,,,,,,,,,31909,0.001570431049913168
,,,45,,,,,,,,,,,,,,,,,,,,,,,,,,,,,31919,0.12935440242290497
,,,45,,,,,,,,,,,,,,,,,,,,,,,,,,,,,31929,0.001412062207236886
,,,45,,,,,,,,,,,,,,,,,,,,,,,,,,,,,31939,0.004037048202008009
,,,45,,,,,,,,,,,,,,,,,,,,,,,,,,,,,31949,0.005182489287108183
,,,45,,,,,,,,,,,,,,,,,,,,,,,,,,,,,31959,0.001369698904454708
,,,45,,,,,,,,,,,,,,,,,,,,,,,,,,,,,31969,0.17469626665115356
,,,45,,,,,,,,,,,,,,,,,,,,,,,,,,,,,31979,0.0011720522306859493
,,,45,,,,,,,,,,,,,,,,,,,,,,,,,,,,,31989,0.0009356995578855276
,,,45,,,,,,,,,,,,,,,,,,,,,,,,,,,,,31999,0.0014956825179979205
,,,45,,,,,,,,,,,,,,,,,,,,,,,,,,,,,32009,0.0008203797042369843
,,,45,,,,,,,,,,,,,,,,,,,,,,,,,,,,,32019,0.0016599770169705153
,,,45,,,,,,,,,,,,,,,,,,,,,,,,,,,,,32029,0.032142676413059235
,,,45,,,,,,,,,,,,,,,,,,,,,,,,,,,,,32039,0.0022549245040863752
,,,45,,,,,,,,,,,,,,,,,,,,,,,,,,,,,32049,0.0024198160972446203
,,,45,,,,,,,,,,,,,,,,,,,,,,,,,,,,,32059,0.0009964524069800973
,,,45,,,,,,,,,,,,,,,,,,,,,,,,,,,,,32069,0.07710561156272888
,,,45,,,,,,,,,,,,,,,,,,,,,,,,,,,,,32079,0.001974394079297781
,,,45,,,,,,,,,,,,,,,,,,,,,,,,,,,,,32089,0.0029444810934364796
,,,45,,,,,,,,,,,,,,,,,,,,,,,,,,,,,32099,0.0005768449045717716
,,,45,,,,,,,,,,,,,,,,,,,,,,,,,,,,,32109,0.0013036492746323347
,,,45,,,,,,,,,,,,,,,,,,,,,,,,,,,,,32119,0.0013487113174051046
,,,45,,,,,,,,,,,,,,,,,,,,,,,,,,,,,32129,0.05882246792316437
,,,45,,,,,,,,,,,,,,,,,,,,,,,,,,,,,32139,0.002462568460032344
,,,45,,,,,,,,,,,,,,,,,,,,,,,,,,,,,32149,0.0029848474077880383
,,,45,,,,,,,,,,,,,,,,,,,,,,,,,,,,,32159,0.005678566172719002
,,,45,,,,,,,,,,,,,,,,,,,,,,,,,,,,,32169,0.0012026821495965123
,,,45,,,,,,,,,,,,,,,,,,,,,,,,,,,,,32179,0.02448122948408127
,,,45,,,,,,,,,,,,,,,,,,,,,,,,,,,,,32189,0.0012811262859031558
,,,45,,,,,,,,,,,,,,,,,,,,,,,,,,,,,32199,0.00525515666231513
,,,45,,,,,,,,,,,,,,,,,,,,,,,,,,,,,32209,0.0032473099417984486
,,,45,,,,,,,,,,,,,,,,,,,,,,,,,,,,,32219,0.0008343655499629676
,,,45,,,,,,,,,,,,,,,,,,,,,,,,,,,,,32229,0.0011605288600549102
,,,45,,,,,,,,,,,,,,,,,,,,,,,,,,,,,32239,0.0014458621153607965
,,,,1.1017191229609355e-08,6.17187982471726e-08,9.495199730334245e-08,9.495199730334245e-08,1.4607999585129607e-07,1.4607999585129607e-07,2.2473845515584008e-07,2.2473845515584008e-07,3.457514694705232e-07,3.457514694705232e-07,5.319253376469587e-07,1.1017191229609355e-08,5.319253376469587e-07,8.183466733030134e-07,8.183466733030134e-07,1.258994882004636e-06,1.258994882004636e-06,1.9369152030840556e-06,1.9369152030840556e-06,1.9369152030840556e-06,1.9369152030840556e-06,1.6949524968629775e-08,1.6949524968629775e-08,2.6076192259430422e-08,2.6076192259430422e-08,4.011721886066219e-08,4.011721886066219e-08,6.17187982471726e-08,32246,
,,,46,,,,,,,,,,,,,,,,,,,,,,,,,,,,,32249,0.000729683437384665
,,,46,,,,,,,,,,,,,,,,,,,,,,,,,,,,,32259,0.019400697201490402
,,,46,,,,,,,,,,,,,,,,,,,,,,,,,,,,,32269,0.0019446102669462562
,,,46,,,,,,,,,,,,,,,,,,,,,,,,,,,,,32279,0.0014459074009209871
,,,46,,,,,,,,,,,,,,,,,,,,,,,,,,,,,32289,0.006267855409532785
,,,46,,,,,,,,,,,,,,,,,,,,,,,,,,,,,32299,0.0007656079833395779
,,,46,,,,,,,,,,,,,,,,,,,,,,,,,,,,,32309,0.0006805456941947341
,,,46,,,,,,,,,,,,,,,,,,,,,,,,,,,,,32319,0.0020396760664880276
,,,46,,,,,,,,,,,,,,,,,,,,,,,,,,,,,32329,0.0014308640966191888
,,,46,,,,,,,,,,,,,,,,,,,,,,,,,,,,,32339,0.0287481639534235
,,,46,,,,,,,,,,,,,,,,,,,,,,,,,,,,,32349,0.0008445907733403146
,,,46,,,,,,,,,,,,,,,,,,,,,,,,,,,,,32359,0.1155715212225914
,,,46,,,,,,,,,,,,,,,,,,,,,,,,,,,,,32369,0.005498331040143967
,,,46,,,,,,,,,,,,,,,,,,,,,,,,,,,,,32379,0.0011776528554037213
,,,46,,,,,,,,,,,,,,,,,,,,,,,,,,,,,32389,0.12018444389104843
,,,46,,,,,,,,,,,,,,,,,,,,,,,,,,,,,32399,0.0007188593153841794
,,,46,,,,,,,,,,,,,,,,,,,,,,,,,,,,,32409,0.0008076060330495238
,,,46,,,,,,,,,,,,,,,,,,,,,,,,,,,,,32419,0.0008018382941372693
,,,46,,,,,,,,,,,,,,,,,,,,,,,,,,,,,32429,0.0016125974943861365
,,,46,,,,,,,,,,,,,,,,,,,,,,,,,,,,,32439,0.0007551109883934259
,,,46,,,,,,,,,,,,,,,,,,,,,,,,,,,,,32449,0.0028314199298620224
,,,46,,,,,,,,,,,,,,,,,,,,,,,,,,,,,32459,0.0009855583775788546
,,,46,,,,,,,,,,,,,,,,,,,,,,,,,,,,,32469,0.0008567089680582285
,,,46,,,,,,,,,,,,,,,,,,,,,,,,,,,,,32479,0.001080822548829019
,,,46,,,,,,,,,,,,,,,,,,,,,,,,,,,,,32489,0.0008732295245863497
,,,46,,,,,,,,,,,,,,,,,,,,,,,,,,,,,32499,0.0004645440203603357
,,,46,,,,,,,,,,,,,,,,,,,,,,,,,,,,,32509,0.0010500524658709764
,,,46,,,,,,,,,,,,,,,,,,,,,,,,,,,,,32519,0.008072569034993649
,,,46,,,,,,,,,,,,,,,,,,,,,,,,,,,,,32529,0.0010594821069389582
,,,46,,,,,,,,,,,,,,,,,,,,,,,,,,,,,32539,0.06688067317008972
,,,46,,,,,,,,,,,,,,,,,,,,,,,,,,,,,32549,0.004568569362163544
,,,46,,,,,,,,,,,,,,,,,,,,,,,,,,,,,32559,0.0016432937700301409
,,,46,,,,,,,,,,,,,,,,,,,,,,,,,,,,,32569,0.015453838743269444
,,,46,,,,,,,,,,,,,,,,,,,,,,,,,,,,,32579,0.0014784749364480376
,,,46,,,,,,,,,,,,,,,,,,,,,,,,,,,,,32589,0.001510830596089363
,,,46,,,,,,,,,,,,,,,,,,,,,,,,,,,,,32599,0.00473425630480051
,,,46,,,,,,,,,,,,,,,,,,,,,,,,,,,,,32609,0.0007166872965171933
,,,46,,,,,,,,,,,,,,,,,,,,,,,,,,,,,32619,0.0007086088880896568
,,,46,,,,,,,,,,,,,,,,,,,,,,,,,,,,,32629,0.0020480589009821415
,,,46,,,,,,,,,,,,,,,,,,,,,,,,,,,,,32639,0.0011778940679505467
,,,46,,,,,,,,,,,,,,,,,,,,,,,,,,,,,32649,0.0009977370500564575
,,,46,,,,,,,,,,,,,,,,,,,,,,,,,,,,,32659,0.0014683865010738373
,,,46,,,,,,,,,,,,,,,,,,,,,,,,,,,,,32669,0.0072185685858130455
,,,46,,,,,,,,,,,,,,,,,,,,,,,,,,,,,32679,0.01792777143418789
,,,46,,,,,,,,,,,,,,,,,,,,,,,,,,,,,32689,0.0010435625445097685
,,,46,,,,,,,,,,,,,,,,,,,,,,,,,,,,,32699,0.0038127179723232985
,,,46,,,,,,,,,,,,,,,,,,,,,,,,,,,,,32709,0.010408813133835793
,,,46,,,,,,,,,,,,,,,,,,,,,,,,,,,,,32719,0.0011307145468890667
,,,46,,,,,,,,,,,,,,,,,,,,,,,,,,,,,32729,0.0010221475968137383
,,,46,,,,,,,,,,,,,,,,,,,,,,,,,,,,,32739,0.1140323057770729
,,,46,,,,,,,,,,,,,,,,,,,,,,,,,,,,,32749,0.007910050451755524
,,,46,,,,,,,,,,,,,,,,,,,,,,,,,,,,,32759,0.0008564870804548264
,,,46,,,,,,,,,,,,,,,,,,,,,,,,,,,,,32769,0.001155851292423904
,,,46,,,,,,,,,,,,,,,,,,,,,,,,,,,,,32779,0.0005022090626880527
,,,46,,,,,,,,,,,,,,,,,,,,,,,,,,,,,32789,0.006208047270774841
,,,46,,,,,,,,,,,,,,,,,,,,,,,,,,,,,32799,0.00034925751970149577
,,,46,,,,,,,,,,,,,,,,,,,,,,,,,,,,,32809,0.0028985003009438515
,,,46,,,,,,,,,,,,,,,,,,,,,,,,,,,,,32819,0.0020200738217681646
,,,46,,,,,,,,,,,,,,,,,,,,,,,,,,,,,32829,0.03383899852633476
,,,46,,,,,,,,,,,,,,,,,,,,,,,,,,,,,32839,0.0009557962766848505
,,,46,,,,,,,,,,,,,,,,,,,,,,,,,,,,,32849,0.0041639599949121475
,,,46,,,,,,,,,,,,,,,,,,,,,,,,,,,,,32859,0.0017702612094581127
,,,46,,,,,,,,,,,,,,,,,,,,,,,,,,,,,32869,0.0012733172625303268
,,,46,,,,,,,,,,,,,,,,,,,,,,,,,,,,,32879,0.0030300968792289495
,,,46,,,,,,,,,,,,,,,,,,,,,,,,,,,,,32889,0.0017064909916371107
,,,46,,,,,,,,,,,,,,,,,,,,,,,,,,,,,32899,0.002776876324787736
,,,46,,,,,,,,,,,,,,,,,,,,,,,,,,,,,32909,0.0007544371183030307
,,,46,,,,,,,,,,,,,,,,,,,,,,,,,,,,,32919,0.00064030074281618
,,,46,,,,,,,,,,,,,,,,,,,,,,,,,,,,,32929,0.004927539266645908
,,,46,,,,,,,,,,,,,,,,,,,,,,,,,,,,,32939,0.0018138469895347953
,,,,6.214832253835897e-09,3.48157683769386e-08,5.3562720579905535e-08,5.3562720579905535e-08,8.240418550754697e-08,8.240418550754697e-08,1.2677567001161072e-07,1.2677567001161072e-07,1.9503949232555496e-07,1.9503949232555496e-07,3.0006075742393067e-07,6.214832253835897e-09,3.0006075742393067e-07,4.6163193449835486e-07,4.6163193449835486e-07,7.102029761513152e-07,7.102029761513152e-07,1.0926199633097157e-06,1.0926199633097157e-06,1.0926199633097157e-06,1.0926199633097157e-06,9.561280390516763e-09,9.561280390516763e-09,1.470966213925656e-08,1.470966213925656e-08,2.2630249445010088e-08,2.2630249445010088e-08,3.48157683769386e-08,32947,
,,,47,,,,,,,,,,,,,,,,,,,,,,,,,,,,,32949,0.0010564378462731838
,,,47,,,,,,,,,,,,,,,,,,,,,,,,,,,,,32959,0.0014414143515750766
,,,47,,,,,,,,,,,,,,,,,,,,,,,,,,,,,32969,0.0015315249329432845
,,,47,,,,,,,,,,,,,,,,,,,,,,,,,,,,,32979,0.002148860367015004
,,,47,,,,,,,,,,,,,,,,,,,,,,,,,,,,,32989,0.06458089500665665
,,,47,,,,,,,,,,,,,,,,,,,,,,,,,,,,,32999,0.0014079188695177436
,,,47,,,,,,,,,,,,,,,,,,,,,,,,,,,,,33009,0.0009808747563511133
,,,47,,,,,,,,,,,,,,,,,,,,,,,,,,,,,33019,0.0023105223663151264
,,,47,,,,,,,,,,,,,,,,,,,,,,,,,,,,,33029,0.0015292642638087273
,,,47,,,,,,,,,,,,,,,,,,,,,,,,,,,,,33039,0.002163094002753496
,,,47,,,,,,,,,,,,,,,,,,,,,,,,,,,,,33049,0.0009630118729546666
,,,47,,,,,,,,,,,,,,,,,,,,,,,,,,,,,33059,0.001182410167530179
,,,47,,,,,,,,,,,,,,,,,,,,,,,,,,,,,33069,0.0009016399853862822
,,,47,,,,,,,,,,,,,,,,,,,,,,,,,,,,,33079,0.0011646467028185725
,,,47,,,,,,,,,,,,,,,,,,,,,,,,,,,,,33089,0.0011561025166884065
,,,47,,,,,,,,,,,,,,,,,,,,,,,,,,,,,33099,0.0024034343659877777
,,,47,,,,,,,,,,,,,,,,,,,,,,,,,,,,,33109,0.00042450870387256145
,,,47,,,,,,,,,,,,,,,,,,,,,,,,,,,,,33119,0.005047383718192577
,,,47,,,,,,,,,,,,,,,,,,,,,,,,,,,,,33129,0.0016141023952513933
,,,47,,,,,,,,,,,,,,,,,,,,,,,,,,,,,33139,0.0015216585015878081
,,,47,,,,,,,,,,,,,,,,,,,,,,,,,,,,,33149,0.0009179887711070478
,,,47,,,,,,,,,,,,,,,,,,,,,,,,,,,,,33159,0.0011796901235356927
,,,47,,,,,,,,,,,,,,,,,,,,,,,,,,,,,33169,0.000466815079562366
,,,47,,,,,,,,,,,,,,,,,,,,,,,,,,,,,33179,0.006394605617970228
,,,47,,,,,,,,,,,,,,,,,,,,,,,,,,,,,33189,0.2879863381385803
,,,47,,,,,,,,,,,,,,,,,,,,,,,,,,,,,33199,0.0003449551295489073
,,,47,,,,,,,,,,,,,,,,,,,,,,,,,,,,,33209,0.002283453242853284
,,,47,,,,,,,,,,,,,,,,,,,,,,,,,,,,,33219,0.0009227751288563013
,,,47,,,,,,,,,,,,,,,,,,,,,,,,,,,,,33229,0.0020174903329461813
,,,47,,,,,,,,,,,,,,,,,,,,,,,,,,,,,33239,0.0008724189247004688
,,,47,,,,,,,,,,,,,,,,,,,,,,,,,,,,,33249,0.008513975888490677
,,,47,,,,,,,,,,,,,,,,,,,,,,,,,,,,,33259,0.0007013727445155382
,,,47,,,,,,,,,,,,,,,,,,,,,,,,,,,,,33269,0.0006187316030263901
,,,47,,,,,,,,,,,,,,,,,,,,,,,,,,,,,33279,0.001409809454344213
,,,47,,,,,,,,,,,,,,,,,,,,,,,,,,,,,33289,0.0035970902536064386
,,,47,,,,,,,,,,,,,,,,,,,,,,,,,,,,,33299,0.0004538289795164019
,,,47,,,,,,,,,,,,,,,,,,,,,,,,,,,,,33309,0.029191426932811737
,,,47,,,,,,,,,,,,,,,,,,,,,,,,,,,,,33319,0.0008128579938784242
,,,47,,,,,,,,,,,,,,,,,,,,,,,,,,,,,33329,0.0034721677657216787
,,,47,,,,,,,,,,,,,,,,,,,,,,,,,,,,,33339,0.010296217165887356
,,,47,,,,,,,,,,,,,,,,,,,,,,,,,,,,,33349,0.0009785927832126617
,,,47,,,,,,,,,,,,,,,,,,,,,,,,,,,,,33359,0.0017786337994039059
,,,47,,,,,,,,,,,,,,,,,,,,,,,,,,,,,33369,0.0028555109165608883
,,,47,,,,,,,,,,,,,,,,,,,,,,,,,,,,,33379,0.0007891998975537717
,,,47,,,,,,,,,,,,,,,,,,,,,,,,,,,,,33389,0.006298872176557779
,,,47,,,,,,,,,,,,,,,,,,,,,,,,,,,,,33399,0.009841314516961575
,,,47,,,,,,,,,,,,,,,,,,,,,,,,,,,,,33409,0.0006274374900385737
,,,47,,,,,,,,,,,,,,,,,,,,,,,,,,,,,33419,0.0010270344791933894
,,,47,,,,,,,,,,,,,,,,,,,,,,,,,,,,,33429,0.0009341175900772214
,,,47,,,,,,,,,,,,,,,,,,,,,,,,,,,,,33439,0.0015069552464410663
,,,47,,,,,,,,,,,,,,,,,,,,,,,,,,,,,33449,0.17838677763938904
,,,47,,,,,,,,,,,,,,,,,,,,,,,,,,,,,33459,0.0011085520964115858
,,,47,,,,,,,,,,,,,,,,,,,,,,,,,,,,,33469,0.0006088123773224652
,,,47,,,,,,,,,,,,,,,,,,,,,,,,,,,,,33479,0.0024964374024420977
,,,47,,,,,,,,,,,,,,,,,,,,,,,,,,,,,33489,0.0008368724957108498
,,,47,,,,,,,,,,,,,,,,,,,,,,,,,,,,,33499,0.007374127861112356
,,,47,,,,,,,,,,,,,,,,,,,,,,,,,,,,,33509,0.004820879548788071
,,,47,,,,,,,,,,,,,,,,,,,,,,,,,,,,,33519,0.0002764592063613236
,,,47,,,,,,,,,,,,,,,,,,,,,,,,,,,,,33529,0.0009110147366300225
,,,47,,,,,,,,,,,,,,,,,,,,,,,,,,,,,33539,0.018741464242339134
,,,47,,,,,,,,,,,,,,,,,,,,,,,,,,,,,33549,0.1273467093706131
,,,47,,,,,,,,,,,,,,,,,,,,,,,,,,,,,33559,0.0019247425952926278
,,,47,,,,,,,,,,,,,,,,,,,,,,,,,,,,,33569,0.000676958414260298
,,,47,,,,,,,,,,,,,,,,,,,,,,,,,,,,,33579,0.37248459458351135
,,,47,,,,,,,,,,,,,,,,,,,,,,,,,,,,,33589,0.0014479242963716388
,,,47,,,,,,,,,,,,,,,,,,,,,,,,,,,,,33599,0.0030732706654816866
,,,47,,,,,,,,,,,,,,,,,,,,,,,,,,,,,33609,0.0008882076945155859
,,,47,,,,,,,,,,,,,,,,,,,,,,,,,,,,,33619,0.002178018447011709
,,,47,,,,,,,,,,,,,,,,,,,,,,,,,,,,,33629,0.4820486605167389
,,,47,,,,,,,,,,,,,,,,,,,,,,,,,,,,,33639,0.001730471383780241
,,,,2.7677656599734797e-09,1.550514707453369e-08,2.385407242235952e-08,2.385407242235952e-08,3.669857295747618e-08,3.669857295747618e-08,5.645934301150182e-08,5.645934301150182e-08,8.68605277100028e-08,8.68605277100028e-08,1.3363158109231198e-07,2.7677656599734797e-09,1.3363158109231198e-07,2.0558704783432611e-07,2.0558704783432611e-07,3.162877658989633e-07,3.162877658989633e-07,4.865965629214819e-07,4.865965629214819e-07,4.865965629214819e-07,4.865965629214819e-07,4.258101015343814e-09,4.258101015343814e-09,6.550924638990484e-09,6.550924638990484e-09,1.0078345598446898e-08,1.0078345598446898e-08,1.550514707453369e-08,33648,
,,,48,,,,,,,,,,,,,,,,,,,,,,,,,,,,,33649,0.001619134796783328
,,,48,,,,,,,,,,,,,,,,,,,,,,,,,,,,,33659,0.0004180371470283717
,,,48,,,,,,,,,,,,,,,,,,,,,,,,,,,,,33669,0.0044753458350896835
,,,48,,,,,,,,,,,,,,,,,,,,,,,,,,,,,33679,0.2921701669692993
,,,48,,,,,,,,,,,,,,,,,,,,,,,,,,,,,33689,0.0007617152878083289
,,,48,,,,,,,,,,,,,,,,,,,,,,,,,,,,,33699,0.0013786706840619445
,,,48,,,,,,,,,,,,,,,,,,,,,,,,,,,,,33709,0.002291365759447217
,,,48,,,,,,,,,,,,,,,,,,,,,,,,,,,,,33719,0.03815721720457077
,,,48,,,,,,,,,,,,,,,,,,,,,,,,,,,,,33729,0.0009016116964630783
,,,48,,,,,,,,,,,,,,,,,,,,,,,,,,,,,33739,0.0011865163687616587
,,,48,,,,,,,,,,,,,,,,,,,,,,,,,,,,,33749,0.0016150862211361527
,,,48,,,,,,,,,,,,,,,,,,,,,,,,,,,,,33759,0.002128979656845331
,,,48,,,,,,,,,,,,,,,,,,,,,,,,,,,,,33769,0.00148541119415313
,,,48,,,,,,,,,,,,,,,,,,,,,,,,,,,,,33779,0.0009242421947419643
,,,48,,,,,,,,,,,,,,,,,,,,,,,,,,,,,33789,0.001607929589226842
,,,48,,,,,,,,,,,,,,,,,,,,,,,,,,,,,33799,0.0015391341876238585
,,,48,,,,,,,,,,,,,,,,,,,,,,,,,,,,,33809,0.0011998428963124752
,,,48,,,,,,,,,,,,,,,,,,,,,,,,,,,,,33819,0.0016413629055023193
,,,48,,,,,,,,,,,,,,,,,,,,,,,,,,,,,33829,0.001751695410348475
,,,48,,,,,,,,,,,,,,,,,,,,,,,,,,,,,33839,0.0006014751852490008
,,,48,,,,,,,,,,,,,,,,,,,,,,,,,,,,,33849,0.0020331095438450575
,,,48,,,,,,,,,,,,,,,,,,,,,,,,,,,,,33859,0.0027685645036399364
,,,48,,,,,,,,,,,,,,,,,,,,,,,,,,,,,33869,0.0009185280650854111
,,,48,,,,,,,,,,,,,,,,,,,,,,,,,,,,,33879,0.0012986075598746538
,,,48,,,,,,,,,,,,,,,,,,,,,,,,,,,,,33889,0.01265937089920044
,,,48,,,,,,,,,,,,,,,,,,,,,,,,,,,,,33899,0.0005516266683116555
,,,48,,,,,,,,,,,,,,,,,,,,,,,,,,,,,33909,0.06296245008707047
,,,48,,,,,,,,,,,,,,,,,,,,,,,,,,,,,33919,0.0019910475239157677
,,,48,,,,,,,,,,,,,,,,,,,,,,,,,,,,,33929,0.0022750950884073973
,,,48,,,,,,,,,,,,,,,,,,,,,,,,,,,,,33939,0.0007319191936403513
,,,48,,,,,,,,,,,,,,,,,,,,,,,,,,,,,33949,0.0004238754336256534
,,,48,,,,,,,,,,,,,,,,,,,,,,,,,,,,,33959,0.000615404627751559
,,,48,,,,,,,,,,,,,,,,,,,,,,,,,,,,,33969,0.0008457913063466549
,,,48,,,,,,,,,,,,,,,,,,,,,,,,,,,,,33979,0.0006573944119736552
,,,48,,,,,,,,,,,,,,,,,,,,,,,,,,,,,33989,0.009224843233823776
,,,48,,,,,,,,,,,,,,,,,,,,,,,,,,,,,33999,0.004703360144048929
,,,48,,,,,,,,,,,,,,,,,,,,,,,,,,,,,34009,0.0006833589286543429
,,,48,,,,,,,,,,,,,,,,,,,,,,,,,,,,,34019,0.0006247787387110293
,,,48,,,,,,,,,,,,,,,,,,,,,,,,,,,,,34029,0.0014072719495743513
,,,48,,,,,,,,,,,,,,,,,,,,,,,,,,,,,34039,0.0011821899097412825
,,,48,,,,,,,,,,,,,,,,,,,,,,,,,,,,,34049,0.000990927335806191
,,,48,,,,,,,,,,,,,,,,,,,,,,,,,,,,,34059,0.0015132130356505513
,,,48,,,,,,,,,,,,,,,,,,,,,,,,,,,,,34069,0.005222354084253311
,,,48,,,,,,,,,,,,,,,,,,,,,,,,,,,,,34079,0.0014199670404195786
,,,48,,,,,,,,,,,,,,,,,,,,,,,,,,,,,34089,0.00041986870928667486
,,,48,,,,,,,,,,,,,,,,,,,,,,,,,,,,,34099,0.0076129250228405
,,,48,,,,,,,,,,,,,,,,,,,,,,,,,,,,,34109,0.0011188387870788574
,,,48,,,,,,,,,,,,,,,,,,,,,,,,,,,,,34119,0.0009352754568681121
,,,48,,,,,,,,,,,,,,,,,,,,,,,,,,,,,34129,0.0007847832748666406
,,,48,,,,,,,,,,,,,,,,,,,,,,,,,,,,,34139,0.005795682780444622
,,,48,,,,,,,,,,,,,,,,,,,,,,,,,,,,,34149,0.006429894827306271
,,,48,,,,,,,,,,,,,,,,,,,,,,,,,,,,,34159,0.0015390129992738366
,,,48,,,,,,,,,,,,,,,,,,,,,,,,,,,,,34169,0.0016604108968749642
,,,48,,,,,,,,,,,,,,,,,,,,,,,,,,,,,34179,0.15315774083137512
,,,48,,,,,,,,,,,,,,,,,,,,,,,,,,,,,34189,0.02079935558140278
,,,48,,,,,,,,,,,,,,,,,,,,,,,,,,,,,34199,0.000624626234639436
,,,48,,,,,,,,,,,,,,,,,,,,,,,,,,,,,34209,0.0005630776286125183
,,,48,,,,,,,,,,,,,,,,,,,,,,,,,,,,,34219,0.0015281044179573655
,,,48,,,,,,,,,,,,,,,,,,,,,,,,,,,,,34229,0.0014535393565893173
,,,48,,,,,,,,,,,,,,,,,,,,,,,,,,,,,34239,0.0011428180150687695
,,,48,,,,,,,,,,,,,,,,,,,,,,,,,,,,,34249,0.0008009771117940545
,,,48,,,,,,,,,,,,,,,,,,,,,,,,,,,,,34259,0.001159644452854991
,,,48,,,,,,,,,,,,,,,,,,,,,,,,,,,,,34269,0.005124625284224749
,,,48,,,,,,,,,,,,,,,,,,,,,,,,,,,,,34279,0.0018897898262366652
,,,48,,,,,,,,,,,,,,,,,,,,,,,,,,,,,34289,0.0014475678326562047
,,,48,,,,,,,,,,,,,,,,,,,,,,,,,,,,,34299,0.7405315637588501
,,,48,,,,,,,,,,,,,,,,,,,,,,,,,,,,,34309,0.0030582002364099026
,,,48,,,,,,,,,,,,,,,,,,,,,,,,,,,,,34319,0.003979960922151804
,,,48,,,,,,,,,,,,,,,,,,,,,,,,,,,,,34329,0.006503214128315449
,,,48,,,,,,,,,,,,,,,,,,,,,,,,,,,,,34339,0.008528798818588257
,,,,6.927852099694989e-10,3.881013745846427e-09,5.970790378225272e-09,5.970790378225272e-09,9.185831351115802e-09,9.185831351115802e-09,1.413204823248585e-08,1.413204823248585e-08,2.1741612665362845e-08,2.1741612665362845e-08,3.344863486978899e-08,6.927852099694989e-10,3.344863486978899e-08,5.145943826121383e-08,5.145943826121383e-08,7.916836655571358e-08,7.916836655571358e-08,1.2179748700879012e-07,1.2179748700879012e-07,1.2179748700879012e-07,1.2179748700879012e-07,1.065823399953075e-09,1.065823399953075e-09,1.6397283076201156e-09,1.6397283076201156e-09,2.5226589348001775e-09,2.5226589348001775e-09,3.881013745846427e-09,34349,
,,,49,,,,,,,,,,,,,,,,,,,,,,,,,,,,,34349,0.0015404823934659362
,,,49,,,,,,,,,,,,,,,,,,,,,,,,,,,,,34359,0.0005493894568644464
,,,49,,,,,,,,,,,,,,,,,,,,,,,,,,,,,34369,0.019773870706558228
,,,49,,,,,,,,,,,,,,,,,,,,,,,,,,,,,34379,0.0010083861416205764
,,,49,,,,,,,,,,,,,,,,,,,,,,,,,,,,,34389,0.002892511198297143
,,,49,,,,,,,,,,,,,,,,,,,,,,,,,,,,,34399,0.0043152873404324055
,,,49,,,,,,,,,,,,,,,,,,,,,,,,,,,,,34409,0.0021879191044718027
,,,49,,,,,,,,,,,,,,,,,,,,,,,,,,,,,34419,0.03648735582828522
,,,49,,,,,,,,,,,,,,,,,,,,,,,,,,,,,34429,0.0008887922740541399
,,,49,,,,,,,,,,,,,,,,,,,,,,,,,,,,,34439,0.0008001197129487991
,,,49,,,,,,,,,,,,,,,,,,,,,,,,,,,,,34449,0.0026389420963823795
,,,49,,,,,,,,,,,,,,,,,,,,,,,,,,,,,34459,0.001264843624085188
,,,49,,,,,,,,,,,,,,,,,,,,,,,,,,,,,34469,0.13482710719108582
,,,49,,,,,,,,,,,,,,,,,,,,,,,,,,,,,34479,0.003909553401172161
,,,49,,,,,,,,,,,,,,,,,,,,,,,,,,,,,34489,0.009766546078026295
,,,49,,,,,,,,,,,,,,,,,,,,,,,,,,,,,34499,0.001173240365460515
,,,49,,,,,,,,,,,,,,,,,,,,,,,,,,,,,34509,0.014960015192627907
,,,49,,,,,,,,,,,,,,,,,,,,,,,,,,,,,34519,0.025195498019456863
,,,49,,,,,,,,,,,,,,,,,,,,,,,,,,,,,34529,0.03194059431552887
,,,49,,,,,,,,,,,,,,,,,,,,,,,,,,,,,34539,0.005071251653134823
,,,49,,,,,,,,,,,,,,,,,,,,,,,,,,,,,34549,0.0017297526355832815
,,,49,,,,,,,,,,,,,,,,,,,,,,,,,,,,,34559,0.0006764153949916363
,,,49,,,,,,,,,,,,,,,,,,,,,,,,,,,,,34569,0.003962543793022633
,,,49,,,,,,,,,,,,,,,,,,,,,,,,,,,,,34579,0.0009419549605809152
,,,49,,,,,,,,,,,,,,,,,,,,,,,,,,,,,34589,0.002587508177384734
,,,49,,,,,,,,,,,,,,,,,,,,,,,,,,,,,34599,0.00045262000639922917
,,,49,,,,,,,,,,,,,,,,,,,,,,,,,,,,,34609,0.0003990287077613175
,,,49,,,,,,,,,,,,,,,,,,,,,,,,,,,,,34619,0.0013476511230692267
,,,49,,,,,,,,,,,,,,,,,,,,,,,,,,,,,34629,0.014797315001487732
,,,49,,,,,,,,,,,,,,,,,,,,,,,,,,,,,34639,0.0019258050015196204
,,,49,,,,,,,,,,,,,,,,,,,,,,,,,,,,,34649,0.0015826362650841475
,,,49,,,,,,,,,,,,,,,,,,,,,,,,,,,,,34659,0.0023559655528515577
,,,49,,,,,,,,,,,,,,,,,,,,,,,,,,,,,34669,0.0014095493825152516
,,,49,,,,,,,,,,,,,,,,,,,,,,,,,,,,,34679,0.0017577551770955324
,,,49,,,,,,,,,,,,,,,,,,,,,,,,,,,,,34689,0.020164253190159798
,,,49,,,,,,,,,,,,,,,,,,,,,,,,,,,,,34699,0.002220848808065057
,,,49,,,,,,,,,,,,,,,,,,,,,,,,,,,,,34709,0.002876495011150837
,,,49,,,,,,,,,,,,,,,,,,,,,,,,,,,,,34719,0.004062193911522627
,,,49,,,,,,,,,,,,,,,,,,,,,,,,,,,,,34729,0.0007806282956153154
,,,49,,,,,,,,,,,,,,,,,,,,,,,,,,,,,34739,0.0006397604010999203
,,,49,,,,,,,,,,,,,,,,,,,,,,,,,,,,,34749,0.000916571356356144
,,,49,,,,,,,,,,,,,,,,,,,,,,,,,,,,,34759,0.0017479173839092255
,,,49,,,,,,,,,,,,,,,,,,,,,,,,,,,,,34769,0.0010577108478173614
,,,49,,,,,,,,,,,,,,,,,,,,,,,,,,,,,34779,0.002575187711045146
,,,49,,,,,,,,,,,,,,,,,,,,,,,,,,,,,34789,0.0012671169824898243
,,,49,,,,,,,,,,,,,,,,,,,,,,,,,,,,,34799,0.0014747775858268142
,,,49,,,,,,,,,,,,,,,,,,,,,,,,,,,,,34809,0.0007279523415490985
,,,49,,,,,,,,,,,,,,,,,,,,,,,,,,,,,34819,0.0010545032564550638
,,,49,,,,,,,,,,,,,,,,,,,,,,,,,,,,,34829,0.0013401330215856433
,,,49,,,,,,,,,,,,,,,,,,,,,,,,,,,,,34839,0.0014759056502953172
,,,49,,,,,,,,,,,,,,,,,,,,,,,,,,,,,34849,0.0005291587440297008
,,,49,,,,,,,,,,,,,,,,,,,,,,,,,,,,,34859,0.0033116554841399193
,,,49,,,,,,,,,,,,,,,,,,,,,,,,,,,,,34869,0.10466346144676208
,,,49,,,,,,,,,,,,,,,,,,,,,,,,,,,,,34879,0.001036623609252274
,,,49,,,,,,,,,,,,,,,,,,,,,,,,,,,,,34889,0.0011243743356317282
,,,49,,,,,,,,,,,,,,,,,,,,,,,,,,,,,34899,0.001799468183889985
,,,49,,,,,,,,,,,,,,,,,,,,,,,,,,,,,34909,0.0012914136750623584
,,,49,,,,,,,,,,,,,,,,,,,,,,,,,,,,,34919,0.001092229736968875
,,,49,,,,,,,,,,,,,,,,,,,,,,,,,,,,,34929,0.004318532533943653
,,,49,,,,,,,,,,,,,,,,,,,,,,,,,,,,,34939,0.0015837701503187418
,,,49,,,,,,,,,,,,,,,,,,,,,,,,,,,,,34949,0.0012055503902956843
,,,49,,,,,,,,,,,,,,,,,,,,,,,,,,,,,34959,0.0023427351843565702
,,,49,,,,,,,,,,,,,,,,,,,,,,,,,,,,,34969,0.10696081817150116
,,,49,,,,,,,,,,,,,,,,,,,,,,,,,,,,,34979,0.0008113521034829319
,,,49,,,,,,,,,,,,,,,,,,,,,,,,,,,,,34989,0.0006159027107059956
,,,49,,,,,,,,,,,,,,,,,,,,,,,,,,,,,34999,0.0012493880931288004
,,,49,,,,,,,,,,,,,,,,,,,,,,,,,,,,,35009,0.0008313293801620603
,,,49,,,,,,,,,,,,,,,,,,,,,,,,,,,,,35019,0.0013559970539063215
,,,49,,,,,,,,,,,,,,,,,,,,,,,,,,,,,35029,0.001569798681885004
,,,49,,,,,,,,,,,,,,,,,,,,,,,,,,,,,35039,0.003094729036092758
,,,49,,,,,,,,,,,,,,,,,,,,,,,,,,,,,35049,0.07021789252758026
0.8710601925849915,0.8603773713111877,0.8820115923881531,49,,,,,,,,,,,,,,,,,,,,,,,,,,,,,35049,
