dev_f1,dev_precision,dev_recall,epoch,lr-AdamW/pg1,lr-AdamW/pg10,lr-AdamW/pg11,lr-AdamW/pg12,lr-AdamW/pg13,lr-AdamW/pg14,lr-AdamW/pg15,lr-AdamW/pg16,lr-AdamW/pg17,lr-AdamW/pg18,lr-AdamW/pg19,lr-AdamW/pg2,lr-AdamW/pg20,lr-AdamW/pg21,lr-AdamW/pg22,lr-AdamW/pg23,lr-AdamW/pg24,lr-AdamW/pg25,lr-AdamW/pg26,lr-AdamW/pg27,lr-AdamW/pg28,lr-AdamW/pg3,lr-AdamW/pg4,lr-AdamW/pg5,lr-AdamW/pg6,lr-AdamW/pg7,lr-AdamW/pg8,lr-AdamW/pg9,step,train_loss
,,,,1.1376018126211432e-07,6.372896257812503e-07,9.804455781250004e-07,9.804455781250004e-07,1.5083778125000004e-06,1.5083778125000004e-06,2.3205812500000007e-06,2.3205812500000007e-06,3.570125000000001e-06,3.570125000000001e-06,5.492500000000001e-06,1.1376018126211432e-07,5.492500000000001e-06,8.45e-06,8.45e-06,1.3000000000000003e-05,1.3000000000000003e-05,2e-05,2e-05,2e-05,2e-05,1.7501566348017586e-07,1.7501566348017586e-07,2.6925486689257825e-07,2.6925486689257825e-07,4.142382567578127e-07,4.142382567578127e-07,6.372896257812503e-07,0,
,,,0,,,,,,,,,,,,,,,,,,,,,,,,,,,,,9,4.612508773803711
,,,0,,,,,,,,,,,,,,,,,,,,,,,,,,,,,19,3.849045991897583
,,,0,,,,,,,,,,,,,,,,,,,,,,,,,,,,,29,3.4543237686157227
,,,0,,,,,,,,,,,,,,,,,,,,,,,,,,,,,39,2.0373523235321045
,,,0,,,,,,,,,,,,,,,,,,,,,,,,,,,,,49,1.6489320993423462
,,,0,,,,,,,,,,,,,,,,,,,,,,,,,,,,,59,1.3326265811920166
,,,0,,,,,,,,,,,,,,,,,,,,,,,,,,,,,69,1.054120659828186
,,,0,,,,,,,,,,,,,,,,,,,,,,,,,,,,,79,0.9122521281242371
,,,0,,,,,,,,,,,,,,,,,,,,,,,,,,,,,89,0.7424417734146118
,,,0,,,,,,,,,,,,,,,,,,,,,,,,,,,,,99,1.4900463819503784
,,,0,,,,,,,,,,,,,,,,,,,,,,,,,,,,,109,1.0101964473724365
,,,0,,,,,,,,,,,,,,,,,,,,,,,,,,,,,119,0.515724778175354
,,,0,,,,,,,,,,,,,,,,,,,,,,,,,,,,,129,0.7219275832176208
,,,0,,,,,,,,,,,,,,,,,,,,,,,,,,,,,139,0.5071774125099182
,,,0,,,,,,,,,,,,,,,,,,,,,,,,,,,,,149,0.2539728283882141
,,,0,,,,,,,,,,,,,,,,,,,,,,,,,,,,,159,0.6779263019561768
,,,0,,,,,,,,,,,,,,,,,,,,,,,,,,,,,169,0.3643927276134491
,,,0,,,,,,,,,,,,,,,,,,,,,,,,,,,,,179,0.32577386498451233
,,,0,,,,,,,,,,,,,,,,,,,,,,,,,,,,,189,0.3269079625606537
,,,0,,,,,,,,,,,,,,,,,,,,,,,,,,,,,199,0.9939854741096497
,,,0,,,,,,,,,,,,,,,,,,,,,,,,,,,,,209,0.6731155514717102
,,,0,,,,,,,,,,,,,,,,,,,,,,,,,,,,,219,0.15131071209907532
,,,0,,,,,,,,,,,,,,,,,,,,,,,,,,,,,229,1.6408175230026245
,,,0,,,,,,,,,,,,,,,,,,,,,,,,,,,,,239,0.41162019968032837
,,,0,,,,,,,,,,,,,,,,,,,,,,,,,,,,,249,0.09455163031816483
,,,0,,,,,,,,,,,,,,,,,,,,,,,,,,,,,259,0.1502830535173416
,,,0,,,,,,,,,,,,,,,,,,,,,,,,,,,,,269,0.19927075505256653
,,,0,,,,,,,,,,,,,,,,,,,,,,,,,,,,,279,0.30224117636680603
,,,0,,,,,,,,,,,,,,,,,,,,,,,,,,,,,289,0.3325498700141907
,,,0,,,,,,,,,,,,,,,,,,,,,,,,,,,,,299,0.0845898985862732
,,,0,,,,,,,,,,,,,,,,,,,,,,,,,,,,,309,0.0762728899717331
,,,0,,,,,,,,,,,,,,,,,,,,,,,,,,,,,319,0.18541786074638367
,,,0,,,,,,,,,,,,,,,,,,,,,,,,,,,,,329,0.4578953683376312
,,,0,,,,,,,,,,,,,,,,,,,,,,,,,,,,,339,0.33025774359703064
,,,0,,,,,,,,,,,,,,,,,,,,,,,,,,,,,349,0.15826430916786194
,,,0,,,,,,,,,,,,,,,,,,,,,,,,,,,,,359,0.06476752460002899
,,,0,,,,,,,,,,,,,,,,,,,,,,,,,,,,,369,0.0670631155371666
,,,0,,,,,,,,,,,,,,,,,,,,,,,,,,,,,379,0.31318774819374084
,,,0,,,,,,,,,,,,,,,,,,,,,,,,,,,,,389,0.6359030604362488
,,,0,,,,,,,,,,,,,,,,,,,,,,,,,,,,,399,0.314353346824646
,,,0,,,,,,,,,,,,,,,,,,,,,,,,,,,,,409,0.3985064625740051
,,,0,,,,,,,,,,,,,,,,,,,,,,,,,,,,,419,0.2175273895263672
,,,0,,,,,,,,,,,,,,,,,,,,,,,,,,,,,429,0.22566835582256317
,,,0,,,,,,,,,,,,,,,,,,,,,,,,,,,,,439,0.7665477395057678
,,,0,,,,,,,,,,,,,,,,,,,,,,,,,,,,,449,0.18035702407360077
,,,0,,,,,,,,,,,,,,,,,,,,,,,,,,,,,459,0.2039775401353836
,,,0,,,,,,,,,,,,,,,,,,,,,,,,,,,,,469,0.3066870868206024
,,,0,,,,,,,,,,,,,,,,,,,,,,,,,,,,,479,0.7413485646247864
,,,0,,,,,,,,,,,,,,,,,,,,,,,,,,,,,489,0.3415943384170532
,,,0,,,,,,,,,,,,,,,,,,,,,,,,,,,,,499,0.8520064353942871
,,,0,,,,,,,,,,,,,,,,,,,,,,,,,,,,,509,0.018744172528386116
,,,0,,,,,,,,,,,,,,,,,,,,,,,,,,,,,519,1.2102869749069214
,,,0,,,,,,,,,,,,,,,,,,,,,,,,,,,,,529,0.18665437400341034
,,,0,,,,,,,,,,,,,,,,,,,,,,,,,,,,,539,0.058862458914518356
,,,0,,,,,,,,,,,,,,,,,,,,,,,,,,,,,549,0.08184340596199036
,,,0,,,,,,,,,,,,,,,,,,,,,,,,,,,,,559,0.02622903510928154
,,,0,,,,,,,,,,,,,,,,,,,,,,,,,,,,,569,0.04991981014609337
,,,0,,,,,,,,,,,,,,,,,,,,,,,,,,,,,579,0.9368351101875305
,,,0,,,,,,,,,,,,,,,,,,,,,,,,,,,,,589,5.301745414733887
,,,0,,,,,,,,,,,,,,,,,,,,,,,,,,,,,599,0.13562238216400146
,,,0,,,,,,,,,,,,,,,,,,,,,,,,,,,,,609,0.08235737681388855
,,,0,,,,,,,,,,,,,,,,,,,,,,,,,,,,,619,0.04338489845395088
,,,0,,,,,,,,,,,,,,,,,,,,,,,,,,,,,629,0.12204501032829285
,,,0,,,,,,,,,,,,,,,,,,,,,,,,,,,,,639,0.05769415944814682
,,,0,,,,,,,,,,,,,,,,,,,,,,,,,,,,,649,0.12133803963661194
,,,0,,,,,,,,,,,,,,,,,,,,,,,,,,,,,659,0.47681403160095215
,,,0,,,,,,,,,,,,,,,,,,,,,,,,,,,,,669,0.2699877917766571
,,,0,,,,,,,,,,,,,,,,,,,,,,,,,,,,,679,0.06108434125781059
,,,0,,,,,,,,,,,,,,,,,,,,,,,,,,,,,689,0.10606992244720459
,,,0,,,,,,,,,,,,,,,,,,,,,,,,,,,,,699,0.34672170877456665
,,,,2.2752036252422864e-07,1.2745792515625007e-06,1.9608911562500008e-06,1.9608911562500008e-06,3.0167556250000008e-06,3.0167556250000008e-06,4.641162500000001e-06,4.641162500000001e-06,7.140250000000002e-06,7.140250000000002e-06,1.0985000000000002e-05,2.2752036252422864e-07,1.0985000000000002e-05,1.69e-05,1.69e-05,2.6000000000000005e-05,2.6000000000000005e-05,4e-05,4e-05,4e-05,4e-05,3.500313269603517e-07,3.500313269603517e-07,5.385097337851565e-07,5.385097337851565e-07,8.284765135156254e-07,8.284765135156254e-07,1.2745792515625007e-06,701,
,,,1,,,,,,,,,,,,,,,,,,,,,,,,,,,,,709,0.21778208017349243
,,,1,,,,,,,,,,,,,,,,,,,,,,,,,,,,,719,0.20658016204833984
,,,1,,,,,,,,,,,,,,,,,,,,,,,,,,,,,729,0.21365763247013092
,,,1,,,,,,,,,,,,,,,,,,,,,,,,,,,,,739,0.6203824877738953
,,,1,,,,,,,,,,,,,,,,,,,,,,,,,,,,,749,0.13111209869384766
,,,1,,,,,,,,,,,,,,,,,,,,,,,,,,,,,759,0.5512616634368896
,,,1,,,,,,,,,,,,,,,,,,,,,,,,,,,,,769,0.511475682258606
,,,1,,,,,,,,,,,,,,,,,,,,,,,,,,,,,779,0.07257074862718582
,,,1,,,,,,,,,,,,,,,,,,,,,,,,,,,,,789,0.21396753191947937
,,,1,,,,,,,,,,,,,,,,,,,,,,,,,,,,,799,0.06923206150531769
,,,1,,,,,,,,,,,,,,,,,,,,,,,,,,,,,809,0.33978718519210815
,,,1,,,,,,,,,,,,,,,,,,,,,,,,,,,,,819,0.33625730872154236
,,,1,,,,,,,,,,,,,,,,,,,,,,,,,,,,,829,0.035252269357442856
,,,1,,,,,,,,,,,,,,,,,,,,,,,,,,,,,839,0.13499026000499725
,,,1,,,,,,,,,,,,,,,,,,,,,,,,,,,,,849,0.1113453134894371
,,,1,,,,,,,,,,,,,,,,,,,,,,,,,,,,,859,0.051448095589876175
,,,1,,,,,,,,,,,,,,,,,,,,,,,,,,,,,869,0.5634019374847412
,,,1,,,,,,,,,,,,,,,,,,,,,,,,,,,,,879,0.600416362285614
,,,1,,,,,,,,,,,,,,,,,,,,,,,,,,,,,889,1.2905118465423584
,,,1,,,,,,,,,,,,,,,,,,,,,,,,,,,,,899,0.14186517894268036
,,,1,,,,,,,,,,,,,,,,,,,,,,,,,,,,,909,0.28704801201820374
,,,1,,,,,,,,,,,,,,,,,,,,,,,,,,,,,919,0.14437554776668549
,,,1,,,,,,,,,,,,,,,,,,,,,,,,,,,,,929,0.26853054761886597
,,,1,,,,,,,,,,,,,,,,,,,,,,,,,,,,,939,1.4733281135559082
,,,1,,,,,,,,,,,,,,,,,,,,,,,,,,,,,949,0.4294288754463196
,,,1,,,,,,,,,,,,,,,,,,,,,,,,,,,,,959,0.13612805306911469
,,,1,,,,,,,,,,,,,,,,,,,,,,,,,,,,,969,0.08499422669410706
,,,1,,,,,,,,,,,,,,,,,,,,,,,,,,,,,979,0.4079761505126953
,,,1,,,,,,,,,,,,,,,,,,,,,,,,,,,,,989,1.6346818208694458
,,,1,,,,,,,,,,,,,,,,,,,,,,,,,,,,,999,0.1398979276418686
,,,1,,,,,,,,,,,,,,,,,,,,,,,,,,,,,1009,0.5395504236221313
,,,1,,,,,,,,,,,,,,,,,,,,,,,,,,,,,1019,0.5131080746650696
,,,1,,,,,,,,,,,,,,,,,,,,,,,,,,,,,1029,0.5121210813522339
,,,1,,,,,,,,,,,,,,,,,,,,,,,,,,,,,1039,0.06637502461671829
,,,1,,,,,,,,,,,,,,,,,,,,,,,,,,,,,1049,0.12139817327260971
,,,1,,,,,,,,,,,,,,,,,,,,,,,,,,,,,1059,0.2357483208179474
,,,1,,,,,,,,,,,,,,,,,,,,,,,,,,,,,1069,0.05196955427527428
,,,1,,,,,,,,,,,,,,,,,,,,,,,,,,,,,1079,0.35750463604927063
,,,1,,,,,,,,,,,,,,,,,,,,,,,,,,,,,1089,0.013002819381654263
,,,1,,,,,,,,,,,,,,,,,,,,,,,,,,,,,1099,0.17740607261657715
,,,1,,,,,,,,,,,,,,,,,,,,,,,,,,,,,1109,0.9841527938842773
,,,1,,,,,,,,,,,,,,,,,,,,,,,,,,,,,1119,0.3486449718475342
,,,1,,,,,,,,,,,,,,,,,,,,,,,,,,,,,1129,0.07188989967107773
,,,1,,,,,,,,,,,,,,,,,,,,,,,,,,,,,1139,0.02044283039867878
,,,1,,,,,,,,,,,,,,,,,,,,,,,,,,,,,1149,0.42211630940437317
,,,1,,,,,,,,,,,,,,,,,,,,,,,,,,,,,1159,0.05147704854607582
,,,1,,,,,,,,,,,,,,,,,,,,,,,,,,,,,1169,0.03177589550614357
,,,1,,,,,,,,,,,,,,,,,,,,,,,,,,,,,1179,0.7532273530960083
,,,1,,,,,,,,,,,,,,,,,,,,,,,,,,,,,1189,0.12410244345664978
,,,1,,,,,,,,,,,,,,,,,,,,,,,,,,,,,1199,0.08048267662525177
,,,1,,,,,,,,,,,,,,,,,,,,,,,,,,,,,1209,0.20327429473400116
,,,1,,,,,,,,,,,,,,,,,,,,,,,,,,,,,1219,0.01975700445473194
,,,1,,,,,,,,,,,,,,,,,,,,,,,,,,,,,1229,0.33375412225723267
,,,1,,,,,,,,,,,,,,,,,,,,,,,,,,,,,1239,0.19254887104034424
,,,1,,,,,,,,,,,,,,,,,,,,,,,,,,,,,1249,0.2643115222454071
,,,1,,,,,,,,,,,,,,,,,,,,,,,,,,,,,1259,0.04952806234359741
,,,1,,,,,,,,,,,,,,,,,,,,,,,,,,,,,1269,0.027457991614937782
,,,1,,,,,,,,,,,,,,,,,,,,,,,,,,,,,1279,0.1704726219177246
,,,1,,,,,,,,,,,,,,,,,,,,,,,,,,,,,1289,0.19128279387950897
,,,1,,,,,,,,,,,,,,,,,,,,,,,,,,,,,1299,0.009747081436216831
,,,1,,,,,,,,,,,,,,,,,,,,,,,,,,,,,1309,0.4854033887386322
,,,1,,,,,,,,,,,,,,,,,,,,,,,,,,,,,1319,0.06986744701862335
,,,1,,,,,,,,,,,,,,,,,,,,,,,,,,,,,1329,0.28936395049095154
,,,1,,,,,,,,,,,,,,,,,,,,,,,,,,,,,1339,0.1920812875032425
,,,1,,,,,,,,,,,,,,,,,,,,,,,,,,,,,1349,0.2724379301071167
,,,1,,,,,,,,,,,,,,,,,,,,,,,,,,,,,1359,0.0967371016740799
,,,1,,,,,,,,,,,,,,,,,,,,,,,,,,,,,1369,0.11524194478988647
,,,1,,,,,,,,,,,,,,,,,,,,,,,,,,,,,1379,0.1201266199350357
,,,1,,,,,,,,,,,,,,,,,,,,,,,,,,,,,1389,0.08871494978666306
,,,1,,,,,,,,,,,,,,,,,,,,,,,,,,,,,1399,0.8463688492774963
,,,,3.4128054378634294e-07,1.911868877343751e-06,2.9413367343750007e-06,2.9413367343750007e-06,4.525133437500001e-06,4.525133437500001e-06,6.961743750000001e-06,6.961743750000001e-06,1.0710375000000002e-05,1.0710375000000002e-05,1.6477500000000003e-05,3.4128054378634294e-07,1.6477500000000003e-05,2.5350000000000003e-05,2.5350000000000003e-05,3.9000000000000006e-05,3.9000000000000006e-05,6e-05,6e-05,6e-05,6e-05,5.250469904405275e-07,5.250469904405275e-07,8.077646006777347e-07,8.077646006777347e-07,1.2427147702734379e-06,1.2427147702734379e-06,1.911868877343751e-06,1402,
,,,2,,,,,,,,,,,,,,,,,,,,,,,,,,,,,1409,0.020534291863441467
,,,2,,,,,,,,,,,,,,,,,,,,,,,,,,,,,1419,0.03125125542283058
,,,2,,,,,,,,,,,,,,,,,,,,,,,,,,,,,1429,0.5117893218994141
,,,2,,,,,,,,,,,,,,,,,,,,,,,,,,,,,1439,0.2527786195278168
,,,2,,,,,,,,,,,,,,,,,,,,,,,,,,,,,1449,0.07500659674406052
,,,2,,,,,,,,,,,,,,,,,,,,,,,,,,,,,1459,0.018139008432626724
,,,2,,,,,,,,,,,,,,,,,,,,,,,,,,,,,1469,0.0546526201069355
,,,2,,,,,,,,,,,,,,,,,,,,,,,,,,,,,1479,0.02111607976257801
,,,2,,,,,,,,,,,,,,,,,,,,,,,,,,,,,1489,0.015981676056981087
,,,2,,,,,,,,,,,,,,,,,,,,,,,,,,,,,1499,0.286239355802536
,,,2,,,,,,,,,,,,,,,,,,,,,,,,,,,,,1509,0.7665947079658508
,,,2,,,,,,,,,,,,,,,,,,,,,,,,,,,,,1519,0.035406798124313354
,,,2,,,,,,,,,,,,,,,,,,,,,,,,,,,,,1529,0.172490194439888
,,,2,,,,,,,,,,,,,,,,,,,,,,,,,,,,,1539,0.06404118984937668
,,,2,,,,,,,,,,,,,,,,,,,,,,,,,,,,,1549,0.3341328501701355
,,,2,,,,,,,,,,,,,,,,,,,,,,,,,,,,,1559,0.47512733936309814
,,,2,,,,,,,,,,,,,,,,,,,,,,,,,,,,,1569,0.8762120008468628
,,,2,,,,,,,,,,,,,,,,,,,,,,,,,,,,,1579,0.010104682296514511
,,,2,,,,,,,,,,,,,,,,,,,,,,,,,,,,,1589,0.01064301747828722
,,,2,,,,,,,,,,,,,,,,,,,,,,,,,,,,,1599,0.19095107913017273
,,,2,,,,,,,,,,,,,,,,,,,,,,,,,,,,,1609,0.7243335843086243
,,,2,,,,,,,,,,,,,,,,,,,,,,,,,,,,,1619,0.1625089943408966
,,,2,,,,,,,,,,,,,,,,,,,,,,,,,,,,,1629,0.08839667588472366
,,,2,,,,,,,,,,,,,,,,,,,,,,,,,,,,,1639,0.314563512802124
,,,2,,,,,,,,,,,,,,,,,,,,,,,,,,,,,1649,0.20613646507263184
,,,2,,,,,,,,,,,,,,,,,,,,,,,,,,,,,1659,0.08467578887939453
,,,2,,,,,,,,,,,,,,,,,,,,,,,,,,,,,1669,0.1744687557220459
,,,2,,,,,,,,,,,,,,,,,,,,,,,,,,,,,1679,0.15225164592266083
,,,2,,,,,,,,,,,,,,,,,,,,,,,,,,,,,1689,0.9070379137992859
,,,2,,,,,,,,,,,,,,,,,,,,,,,,,,,,,1699,0.4811262786388397
,,,2,,,,,,,,,,,,,,,,,,,,,,,,,,,,,1709,0.12526026368141174
,,,2,,,,,,,,,,,,,,,,,,,,,,,,,,,,,1719,0.18970416486263275
,,,2,,,,,,,,,,,,,,,,,,,,,,,,,,,,,1729,0.42568281292915344
,,,2,,,,,,,,,,,,,,,,,,,,,,,,,,,,,1739,0.11208442598581314
,,,2,,,,,,,,,,,,,,,,,,,,,,,,,,,,,1749,0.7450850605964661
,,,2,,,,,,,,,,,,,,,,,,,,,,,,,,,,,1759,0.22919926047325134
,,,2,,,,,,,,,,,,,,,,,,,,,,,,,,,,,1769,0.7267206907272339
,,,2,,,,,,,,,,,,,,,,,,,,,,,,,,,,,1779,0.08674592524766922
,,,2,,,,,,,,,,,,,,,,,,,,,,,,,,,,,1789,0.10437539964914322
,,,2,,,,,,,,,,,,,,,,,,,,,,,,,,,,,1799,0.1292947381734848
,,,2,,,,,,,,,,,,,,,,,,,,,,,,,,,,,1809,1.0750727653503418
,,,2,,,,,,,,,,,,,,,,,,,,,,,,,,,,,1819,0.44610247015953064
,,,2,,,,,,,,,,,,,,,,,,,,,,,,,,,,,1829,0.023475700989365578
,,,2,,,,,,,,,,,,,,,,,,,,,,,,,,,,,1839,0.8238154649734497
,,,2,,,,,,,,,,,,,,,,,,,,,,,,,,,,,1849,0.2464836686849594
,,,2,,,,,,,,,,,,,,,,,,,,,,,,,,,,,1859,0.14446328580379486
,,,2,,,,,,,,,,,,,,,,,,,,,,,,,,,,,1869,0.13030081987380981
,,,2,,,,,,,,,,,,,,,,,,,,,,,,,,,,,1879,0.051152780652046204
,,,2,,,,,,,,,,,,,,,,,,,,,,,,,,,,,1889,0.15037192404270172
,,,2,,,,,,,,,,,,,,,,,,,,,,,,,,,,,1899,0.05200562998652458
,,,2,,,,,,,,,,,,,,,,,,,,,,,,,,,,,1909,0.05572187528014183
,,,2,,,,,,,,,,,,,,,,,,,,,,,,,,,,,1919,0.3743588328361511
,,,2,,,,,,,,,,,,,,,,,,,,,,,,,,,,,1929,0.8053905963897705
,,,2,,,,,,,,,,,,,,,,,,,,,,,,,,,,,1939,0.41364309191703796
,,,2,,,,,,,,,,,,,,,,,,,,,,,,,,,,,1949,0.029797030612826347
,,,2,,,,,,,,,,,,,,,,,,,,,,,,,,,,,1959,0.04946138337254524
,,,2,,,,,,,,,,,,,,,,,,,,,,,,,,,,,1969,0.25584858655929565
,,,2,,,,,,,,,,,,,,,,,,,,,,,,,,,,,1979,0.7644973993301392
,,,2,,,,,,,,,,,,,,,,,,,,,,,,,,,,,1989,0.11969969421625137
,,,2,,,,,,,,,,,,,,,,,,,,,,,,,,,,,1999,0.09207005053758621
,,,2,,,,,,,,,,,,,,,,,,,,,,,,,,,,,2009,0.08611036837100983
,,,2,,,,,,,,,,,,,,,,,,,,,,,,,,,,,2019,0.30903059244155884
,,,2,,,,,,,,,,,,,,,,,,,,,,,,,,,,,2029,0.025940431281924248
,,,2,,,,,,,,,,,,,,,,,,,,,,,,,,,,,2039,0.2394150346517563
,,,2,,,,,,,,,,,,,,,,,,,,,,,,,,,,,2049,0.0809338241815567
,,,2,,,,,,,,,,,,,,,,,,,,,,,,,,,,,2059,0.010724271647632122
,,,2,,,,,,,,,,,,,,,,,,,,,,,,,,,,,2069,0.06564699113368988
,,,2,,,,,,,,,,,,,,,,,,,,,,,,,,,,,2079,0.12714722752571106
,,,2,,,,,,,,,,,,,,,,,,,,,,,,,,,,,2089,0.012382211163640022
,,,2,,,,,,,,,,,,,,,,,,,,,,,,,,,,,2099,0.03414398059248924
,,,,4.550407250484573e-07,2.5491585031250013e-06,3.9217823125000015e-06,3.9217823125000015e-06,6.0335112500000015e-06,6.0335112500000015e-06,9.282325000000003e-06,9.282325000000003e-06,1.4280500000000003e-05,1.4280500000000003e-05,2.1970000000000005e-05,4.550407250484573e-07,2.1970000000000005e-05,3.38e-05,3.38e-05,5.200000000000001e-05,5.200000000000001e-05,8e-05,8e-05,8e-05,8e-05,7.000626539207035e-07,7.000626539207035e-07,1.077019467570313e-06,1.077019467570313e-06,1.6569530270312508e-06,1.6569530270312508e-06,2.5491585031250013e-06,2103,
,,,3,,,,,,,,,,,,,,,,,,,,,,,,,,,,,2109,0.18396331369876862
,,,3,,,,,,,,,,,,,,,,,,,,,,,,,,,,,2119,0.045158643275499344
,,,3,,,,,,,,,,,,,,,,,,,,,,,,,,,,,2129,0.12204559892416
,,,3,,,,,,,,,,,,,,,,,,,,,,,,,,,,,2139,0.6431378722190857
,,,3,,,,,,,,,,,,,,,,,,,,,,,,,,,,,2149,0.10492770373821259
,,,3,,,,,,,,,,,,,,,,,,,,,,,,,,,,,2159,0.14018899202346802
,,,3,,,,,,,,,,,,,,,,,,,,,,,,,,,,,2169,1.2951194047927856
,,,3,,,,,,,,,,,,,,,,,,,,,,,,,,,,,2179,0.6165512800216675
,,,3,,,,,,,,,,,,,,,,,,,,,,,,,,,,,2189,0.007626087870448828
,,,3,,,,,,,,,,,,,,,,,,,,,,,,,,,,,2199,0.30262279510498047
,,,3,,,,,,,,,,,,,,,,,,,,,,,,,,,,,2209,0.026720695197582245
,,,3,,,,,,,,,,,,,,,,,,,,,,,,,,,,,2219,0.06531508266925812
,,,3,,,,,,,,,,,,,,,,,,,,,,,,,,,,,2229,0.09706179052591324
,,,3,,,,,,,,,,,,,,,,,,,,,,,,,,,,,2239,0.39184990525245667
,,,3,,,,,,,,,,,,,,,,,,,,,,,,,,,,,2249,0.028494149446487427
,,,3,,,,,,,,,,,,,,,,,,,,,,,,,,,,,2259,0.12431810796260834
,,,3,,,,,,,,,,,,,,,,,,,,,,,,,,,,,2269,0.5522010326385498
,,,3,,,,,,,,,,,,,,,,,,,,,,,,,,,,,2279,0.08367636799812317
,,,3,,,,,,,,,,,,,,,,,,,,,,,,,,,,,2289,0.3710904121398926
,,,3,,,,,,,,,,,,,,,,,,,,,,,,,,,,,2299,0.5104782581329346
,,,3,,,,,,,,,,,,,,,,,,,,,,,,,,,,,2309,0.11069423705339432
,,,3,,,,,,,,,,,,,,,,,,,,,,,,,,,,,2319,0.05021955445408821
,,,3,,,,,,,,,,,,,,,,,,,,,,,,,,,,,2329,0.08025605976581573
,,,3,,,,,,,,,,,,,,,,,,,,,,,,,,,,,2339,0.9459090828895569
,,,3,,,,,,,,,,,,,,,,,,,,,,,,,,,,,2349,0.883549690246582
,,,3,,,,,,,,,,,,,,,,,,,,,,,,,,,,,2359,0.6705026626586914
,,,3,,,,,,,,,,,,,,,,,,,,,,,,,,,,,2369,0.2225964069366455
,,,3,,,,,,,,,,,,,,,,,,,,,,,,,,,,,2379,0.8042639493942261
,,,3,,,,,,,,,,,,,,,,,,,,,,,,,,,,,2389,0.3282855153083801
,,,3,,,,,,,,,,,,,,,,,,,,,,,,,,,,,2399,0.09159833192825317
,,,3,,,,,,,,,,,,,,,,,,,,,,,,,,,,,2409,0.0956559032201767
,,,3,,,,,,,,,,,,,,,,,,,,,,,,,,,,,2419,0.024874845519661903
,,,3,,,,,,,,,,,,,,,,,,,,,,,,,,,,,2429,0.14704038202762604
,,,3,,,,,,,,,,,,,,,,,,,,,,,,,,,,,2439,0.06456659734249115
,,,3,,,,,,,,,,,,,,,,,,,,,,,,,,,,,2449,0.0379011332988739
,,,3,,,,,,,,,,,,,,,,,,,,,,,,,,,,,2459,0.043592728674411774
,,,3,,,,,,,,,,,,,,,,,,,,,,,,,,,,,2469,0.011655456386506557
,,,3,,,,,,,,,,,,,,,,,,,,,,,,,,,,,2479,0.2347916215658188
,,,3,,,,,,,,,,,,,,,,,,,,,,,,,,,,,2489,0.18923386931419373
,,,3,,,,,,,,,,,,,,,,,,,,,,,,,,,,,2499,0.23111550509929657
,,,3,,,,,,,,,,,,,,,,,,,,,,,,,,,,,2509,0.0025662279222160578
,,,3,,,,,,,,,,,,,,,,,,,,,,,,,,,,,2519,0.02862650342285633
,,,3,,,,,,,,,,,,,,,,,,,,,,,,,,,,,2529,0.15267519652843475
,,,3,,,,,,,,,,,,,,,,,,,,,,,,,,,,,2539,0.011121644638478756
,,,3,,,,,,,,,,,,,,,,,,,,,,,,,,,,,2549,0.5529103875160217
,,,3,,,,,,,,,,,,,,,,,,,,,,,,,,,,,2559,0.1781328022480011
,,,3,,,,,,,,,,,,,,,,,,,,,,,,,,,,,2569,0.20267091691493988
,,,3,,,,,,,,,,,,,,,,,,,,,,,,,,,,,2579,0.5778717398643494
,,,3,,,,,,,,,,,,,,,,,,,,,,,,,,,,,2589,0.019095800817012787
,,,3,,,,,,,,,,,,,,,,,,,,,,,,,,,,,2599,0.4362867772579193
,,,3,,,,,,,,,,,,,,,,,,,,,,,,,,,,,2609,0.4754301607608795
,,,3,,,,,,,,,,,,,,,,,,,,,,,,,,,,,2619,0.22003085911273956
,,,3,,,,,,,,,,,,,,,,,,,,,,,,,,,,,2629,0.18647493422031403
,,,3,,,,,,,,,,,,,,,,,,,,,,,,,,,,,2639,0.3083406984806061
,,,3,,,,,,,,,,,,,,,,,,,,,,,,,,,,,2649,0.049723684787750244
,,,3,,,,,,,,,,,,,,,,,,,,,,,,,,,,,2659,0.243709534406662
,,,3,,,,,,,,,,,,,,,,,,,,,,,,,,,,,2669,0.07438251376152039
,,,3,,,,,,,,,,,,,,,,,,,,,,,,,,,,,2679,0.02673080563545227
,,,3,,,,,,,,,,,,,,,,,,,,,,,,,,,,,2689,0.3489881753921509
,,,3,,,,,,,,,,,,,,,,,,,,,,,,,,,,,2699,0.02822064608335495
,,,3,,,,,,,,,,,,,,,,,,,,,,,,,,,,,2709,0.8956263661384583
,,,3,,,,,,,,,,,,,,,,,,,,,,,,,,,,,2719,0.06686216592788696
,,,3,,,,,,,,,,,,,,,,,,,,,,,,,,,,,2729,0.16734302043914795
,,,3,,,,,,,,,,,,,,,,,,,,,,,,,,,,,2739,0.6783959269523621
,,,3,,,,,,,,,,,,,,,,,,,,,,,,,,,,,2749,0.26543232798576355
,,,3,,,,,,,,,,,,,,,,,,,,,,,,,,,,,2759,0.12199196219444275
,,,3,,,,,,,,,,,,,,,,,,,,,,,,,,,,,2769,0.07399596273899078
,,,3,,,,,,,,,,,,,,,,,,,,,,,,,,,,,2779,0.053583431988954544
,,,3,,,,,,,,,,,,,,,,,,,,,,,,,,,,,2789,0.07133882492780685
,,,3,,,,,,,,,,,,,,,,,,,,,,,,,,,,,2799,0.18040841817855835
,,,,5.688009063105716e-07,3.1864481289062513e-06,4.9022278906250015e-06,4.9022278906250015e-06,7.541889062500002e-06,7.541889062500002e-06,1.1602906250000002e-05,1.1602906250000002e-05,1.7850625000000003e-05,1.7850625000000003e-05,2.7462500000000003e-05,5.688009063105716e-07,2.7462500000000003e-05,4.2250000000000004e-05,4.2250000000000004e-05,6.500000000000001e-05,6.500000000000001e-05,0.0001,0.0001,0.0001,0.0001,8.750783174008792e-07,8.750783174008792e-07,1.3462743344628912e-06,1.3462743344628912e-06,2.0711912837890633e-06,2.0711912837890633e-06,3.1864481289062513e-06,2804,
,,,4,,,,,,,,,,,,,,,,,,,,,,,,,,,,,2809,0.015372640453279018
,,,4,,,,,,,,,,,,,,,,,,,,,,,,,,,,,2819,0.020883502438664436
,,,4,,,,,,,,,,,,,,,,,,,,,,,,,,,,,2829,0.004562085494399071
,,,4,,,,,,,,,,,,,,,,,,,,,,,,,,,,,2839,0.7538852095603943
,,,4,,,,,,,,,,,,,,,,,,,,,,,,,,,,,2849,0.537385880947113
,,,4,,,,,,,,,,,,,,,,,,,,,,,,,,,,,2859,0.5538715720176697
,,,4,,,,,,,,,,,,,,,,,,,,,,,,,,,,,2869,0.01901649869978428
,,,4,,,,,,,,,,,,,,,,,,,,,,,,,,,,,2879,0.2665323317050934
,,,4,,,,,,,,,,,,,,,,,,,,,,,,,,,,,2889,0.23048610985279083
,,,4,,,,,,,,,,,,,,,,,,,,,,,,,,,,,2899,1.0183494091033936
,,,4,,,,,,,,,,,,,,,,,,,,,,,,,,,,,2909,0.5055150985717773
,,,4,,,,,,,,,,,,,,,,,,,,,,,,,,,,,2919,0.030596209689974785
,,,4,,,,,,,,,,,,,,,,,,,,,,,,,,,,,2929,0.030758583918213844
,,,4,,,,,,,,,,,,,,,,,,,,,,,,,,,,,2939,0.02896316908299923
,,,4,,,,,,,,,,,,,,,,,,,,,,,,,,,,,2949,0.8596896529197693
,,,4,,,,,,,,,,,,,,,,,,,,,,,,,,,,,2959,0.16252927482128143
,,,4,,,,,,,,,,,,,,,,,,,,,,,,,,,,,2969,0.30649882555007935
,,,4,,,,,,,,,,,,,,,,,,,,,,,,,,,,,2979,0.03557844087481499
,,,4,,,,,,,,,,,,,,,,,,,,,,,,,,,,,2989,0.06423155218362808
,,,4,,,,,,,,,,,,,,,,,,,,,,,,,,,,,2999,0.0901172086596489
,,,4,,,,,,,,,,,,,,,,,,,,,,,,,,,,,3009,0.12649889290332794
,,,4,,,,,,,,,,,,,,,,,,,,,,,,,,,,,3019,0.1525493711233139
,,,4,,,,,,,,,,,,,,,,,,,,,,,,,,,,,3029,0.09412050247192383
,,,4,,,,,,,,,,,,,,,,,,,,,,,,,,,,,3039,0.22158211469650269
,,,4,,,,,,,,,,,,,,,,,,,,,,,,,,,,,3049,0.6190780401229858
,,,4,,,,,,,,,,,,,,,,,,,,,,,,,,,,,3059,0.30284497141838074
,,,4,,,,,,,,,,,,,,,,,,,,,,,,,,,,,3069,0.19579428434371948
,,,4,,,,,,,,,,,,,,,,,,,,,,,,,,,,,3079,0.08205880224704742
,,,4,,,,,,,,,,,,,,,,,,,,,,,,,,,,,3089,0.1556258350610733
,,,4,,,,,,,,,,,,,,,,,,,,,,,,,,,,,3099,0.9320428967475891
,,,4,,,,,,,,,,,,,,,,,,,,,,,,,,,,,3109,0.14521242678165436
,,,4,,,,,,,,,,,,,,,,,,,,,,,,,,,,,3119,0.8107976913452148
,,,4,,,,,,,,,,,,,,,,,,,,,,,,,,,,,3129,0.06015767529606819
,,,4,,,,,,,,,,,,,,,,,,,,,,,,,,,,,3139,0.18653728067874908
,,,4,,,,,,,,,,,,,,,,,,,,,,,,,,,,,3149,0.35191741585731506
,,,4,,,,,,,,,,,,,,,,,,,,,,,,,,,,,3159,0.9631991982460022
,,,4,,,,,,,,,,,,,,,,,,,,,,,,,,,,,3169,0.44819265604019165
,,,4,,,,,,,,,,,,,,,,,,,,,,,,,,,,,3179,0.027627870440483093
,,,4,,,,,,,,,,,,,,,,,,,,,,,,,,,,,3189,0.7648538947105408
,,,4,,,,,,,,,,,,,,,,,,,,,,,,,,,,,3199,0.0216835830360651
,,,4,,,,,,,,,,,,,,,,,,,,,,,,,,,,,3209,0.061911582946777344
,,,4,,,,,,,,,,,,,,,,,,,,,,,,,,,,,3219,0.03886010870337486
,,,4,,,,,,,,,,,,,,,,,,,,,,,,,,,,,3229,0.011372892186045647
,,,4,,,,,,,,,,,,,,,,,,,,,,,,,,,,,3239,0.7065604329109192
,,,4,,,,,,,,,,,,,,,,,,,,,,,,,,,,,3249,0.08089641481637955
,,,4,,,,,,,,,,,,,,,,,,,,,,,,,,,,,3259,0.4123018682003021
,,,4,,,,,,,,,,,,,,,,,,,,,,,,,,,,,3269,0.10799985378980637
,,,4,,,,,,,,,,,,,,,,,,,,,,,,,,,,,3279,0.19716811180114746
,,,4,,,,,,,,,,,,,,,,,,,,,,,,,,,,,3289,0.41473260521888733
,,,4,,,,,,,,,,,,,,,,,,,,,,,,,,,,,3299,0.08293920010328293
,,,4,,,,,,,,,,,,,,,,,,,,,,,,,,,,,3309,0.5331133604049683
,,,4,,,,,,,,,,,,,,,,,,,,,,,,,,,,,3319,0.01568225398659706
,,,4,,,,,,,,,,,,,,,,,,,,,,,,,,,,,3329,0.007279445882886648
,,,4,,,,,,,,,,,,,,,,,,,,,,,,,,,,,3339,0.05935563147068024
,,,4,,,,,,,,,,,,,,,,,,,,,,,,,,,,,3349,0.010844575241208076
,,,4,,,,,,,,,,,,,,,,,,,,,,,,,,,,,3359,0.16862420737743378
,,,4,,,,,,,,,,,,,,,,,,,,,,,,,,,,,3369,0.0055185481905937195
,,,4,,,,,,,,,,,,,,,,,,,,,,,,,,,,,3379,0.4586608409881592
,,,4,,,,,,,,,,,,,,,,,,,,,,,,,,,,,3389,0.010852314531803131
,,,4,,,,,,,,,,,,,,,,,,,,,,,,,,,,,3399,0.017989911139011383
,,,4,,,,,,,,,,,,,,,,,,,,,,,,,,,,,3409,0.23057997226715088
,,,4,,,,,,,,,,,,,,,,,,,,,,,,,,,,,3419,0.4202999770641327
,,,4,,,,,,,,,,,,,,,,,,,,,,,,,,,,,3429,0.13030976057052612
,,,4,,,,,,,,,,,,,,,,,,,,,,,,,,,,,3439,0.19364863634109497
,,,4,,,,,,,,,,,,,,,,,,,,,,,,,,,,,3449,0.13166280090808868
,,,4,,,,,,,,,,,,,,,,,,,,,,,,,,,,,3459,0.05835844948887825
,,,4,,,,,,,,,,,,,,,,,,,,,,,,,,,,,3469,0.08115743845701218
,,,4,,,,,,,,,,,,,,,,,,,,,,,,,,,,,3479,0.10606503486633301
,,,4,,,,,,,,,,,,,,,,,,,,,,,,,,,,,3489,0.40842875838279724
,,,4,,,,,,,,,,,,,,,,,,,,,,,,,,,,,3499,1.050184965133667
0.8856589198112488,0.8873786330223083,0.8839458227157593,4,,,,,,,,,,,,,,,,,,,,,,,,,,,,,3504,
,,,,5.688009063105716e-07,3.1864481289062513e-06,4.9022278906250015e-06,4.9022278906250015e-06,7.541889062500002e-06,7.541889062500002e-06,1.1602906250000002e-05,1.1602906250000002e-05,1.7850625000000003e-05,1.7850625000000003e-05,2.7462500000000003e-05,5.688009063105716e-07,2.7462500000000003e-05,4.2250000000000004e-05,4.2250000000000004e-05,6.500000000000001e-05,6.500000000000001e-05,0.0001,0.0001,0.0001,0.0001,8.750783174008792e-07,8.750783174008792e-07,1.3462743344628912e-06,1.3462743344628912e-06,2.0711912837890633e-06,2.0711912837890633e-06,3.1864481289062513e-06,3505,
,,,5,,,,,,,,,,,,,,,,,,,,,,,,,,,,,3509,0.7872986793518066
,,,5,,,,,,,,,,,,,,,,,,,,,,,,,,,,,3519,0.3739740252494812
,,,5,,,,,,,,,,,,,,,,,,,,,,,,,,,,,3529,0.12567415833473206
,,,5,,,,,,,,,,,,,,,,,,,,,,,,,,,,,3539,0.5848349928855896
,,,5,,,,,,,,,,,,,,,,,,,,,,,,,,,,,3549,0.14745663106441498
,,,5,,,,,,,,,,,,,,,,,,,,,,,,,,,,,3559,0.01857600174844265
,,,5,,,,,,,,,,,,,,,,,,,,,,,,,,,,,3569,0.6008078455924988
,,,5,,,,,,,,,,,,,,,,,,,,,,,,,,,,,3579,0.2628476619720459
,,,5,,,,,,,,,,,,,,,,,,,,,,,,,,,,,3589,0.007418823428452015
,,,5,,,,,,,,,,,,,,,,,,,,,,,,,,,,,3599,0.13839086890220642
,,,5,,,,,,,,,,,,,,,,,,,,,,,,,,,,,3609,0.2013295441865921
,,,5,,,,,,,,,,,,,,,,,,,,,,,,,,,,,3619,3.618800163269043
,,,5,,,,,,,,,,,,,,,,,,,,,,,,,,,,,3629,0.44644874334335327
,,,5,,,,,,,,,,,,,,,,,,,,,,,,,,,,,3639,1.418852686882019
,,,5,,,,,,,,,,,,,,,,,,,,,,,,,,,,,3649,0.17573745548725128
,,,5,,,,,,,,,,,,,,,,,,,,,,,,,,,,,3659,0.1751103550195694
,,,5,,,,,,,,,,,,,,,,,,,,,,,,,,,,,3669,0.03627437353134155
,,,5,,,,,,,,,,,,,,,,,,,,,,,,,,,,,3679,0.25843456387519836
,,,5,,,,,,,,,,,,,,,,,,,,,,,,,,,,,3689,0.015581312589347363
,,,5,,,,,,,,,,,,,,,,,,,,,,,,,,,,,3699,0.20840120315551758
,,,5,,,,,,,,,,,,,,,,,,,,,,,,,,,,,3709,0.1730983704328537
,,,5,,,,,,,,,,,,,,,,,,,,,,,,,,,,,3719,0.25392040610313416
,,,5,,,,,,,,,,,,,,,,,,,,,,,,,,,,,3729,0.21632380783557892
,,,5,,,,,,,,,,,,,,,,,,,,,,,,,,,,,3739,0.02288719080388546
,,,5,,,,,,,,,,,,,,,,,,,,,,,,,,,,,3749,0.04171610623598099
,,,5,,,,,,,,,,,,,,,,,,,,,,,,,,,,,3759,0.3285004794597626
,,,5,,,,,,,,,,,,,,,,,,,,,,,,,,,,,3769,0.5382830500602722
,,,5,,,,,,,,,,,,,,,,,,,,,,,,,,,,,3779,0.11126736551523209
,,,5,,,,,,,,,,,,,,,,,,,,,,,,,,,,,3789,0.37088140845298767
,,,5,,,,,,,,,,,,,,,,,,,,,,,,,,,,,3799,0.12094777822494507
,,,5,,,,,,,,,,,,,,,,,,,,,,,,,,,,,3809,0.5888723134994507
,,,5,,,,,,,,,,,,,,,,,,,,,,,,,,,,,3819,0.00989828072488308
,,,5,,,,,,,,,,,,,,,,,,,,,,,,,,,,,3829,0.007840173318982124
,,,5,,,,,,,,,,,,,,,,,,,,,,,,,,,,,3839,0.33234766125679016
,,,5,,,,,,,,,,,,,,,,,,,,,,,,,,,,,3849,0.017023688182234764
,,,5,,,,,,,,,,,,,,,,,,,,,,,,,,,,,3859,0.20898333191871643
,,,5,,,,,,,,,,,,,,,,,,,,,,,,,,,,,3869,0.09697432070970535
,,,5,,,,,,,,,,,,,,,,,,,,,,,,,,,,,3879,0.029392972588539124
,,,5,,,,,,,,,,,,,,,,,,,,,,,,,,,,,3889,0.7800540924072266
,,,5,,,,,,,,,,,,,,,,,,,,,,,,,,,,,3899,0.014140499755740166
,,,5,,,,,,,,,,,,,,,,,,,,,,,,,,,,,3909,0.20878185331821442
,,,5,,,,,,,,,,,,,,,,,,,,,,,,,,,,,3919,0.16705960035324097
,,,5,,,,,,,,,,,,,,,,,,,,,,,,,,,,,3929,0.021838895976543427
,,,5,,,,,,,,,,,,,,,,,,,,,,,,,,,,,3939,0.20350177586078644
,,,5,,,,,,,,,,,,,,,,,,,,,,,,,,,,,3949,0.03912166506052017
,,,5,,,,,,,,,,,,,,,,,,,,,,,,,,,,,3959,0.021500280126929283
,,,5,,,,,,,,,,,,,,,,,,,,,,,,,,,,,3969,1.223025918006897
,,,5,,,,,,,,,,,,,,,,,,,,,,,,,,,,,3979,0.018704602494835854
,,,5,,,,,,,,,,,,,,,,,,,,,,,,,,,,,3989,0.27353259921073914
,,,5,,,,,,,,,,,,,,,,,,,,,,,,,,,,,3999,0.005989836063235998
,,,5,,,,,,,,,,,,,,,,,,,,,,,,,,,,,4009,0.25360384583473206
,,,5,,,,,,,,,,,,,,,,,,,,,,,,,,,,,4019,0.06301898509263992
,,,5,,,,,,,,,,,,,,,,,,,,,,,,,,,,,4029,0.5418339371681213
,,,5,,,,,,,,,,,,,,,,,,,,,,,,,,,,,4039,0.33996567130088806
,,,5,,,,,,,,,,,,,,,,,,,,,,,,,,,,,4049,0.017106961458921432
,,,5,,,,,,,,,,,,,,,,,,,,,,,,,,,,,4059,0.76936936378479
,,,5,,,,,,,,,,,,,,,,,,,,,,,,,,,,,4069,0.6930537223815918
,,,5,,,,,,,,,,,,,,,,,,,,,,,,,,,,,4079,0.6959578394889832
,,,5,,,,,,,,,,,,,,,,,,,,,,,,,,,,,4089,0.10532844066619873
,,,5,,,,,,,,,,,,,,,,,,,,,,,,,,,,,4099,0.0203037541359663
,,,5,,,,,,,,,,,,,,,,,,,,,,,,,,,,,4109,0.03287588432431221
,,,5,,,,,,,,,,,,,,,,,,,,,,,,,,,,,4119,0.03838634490966797
,,,5,,,,,,,,,,,,,,,,,,,,,,,,,,,,,4129,0.005461564753204584
,,,5,,,,,,,,,,,,,,,,,,,,,,,,,,,,,4139,0.028177278116345406
,,,5,,,,,,,,,,,,,,,,,,,,,,,,,,,,,4149,0.4951046407222748
,,,5,,,,,,,,,,,,,,,,,,,,,,,,,,,,,4159,0.05454220250248909
,,,5,,,,,,,,,,,,,,,,,,,,,,,,,,,,,4169,0.059047915041446686
,,,5,,,,,,,,,,,,,,,,,,,,,,,,,,,,,4179,0.03163064271211624
,,,5,,,,,,,,,,,,,,,,,,,,,,,,,,,,,4189,0.9876435399055481
,,,5,,,,,,,,,,,,,,,,,,,,,,,,,,,,,4199,0.12601205706596375
,,,,5.68108121100602e-07,3.182567115160405e-06,4.896257100246776e-06,4.896257100246776e-06,7.532703231148886e-06,7.532703231148886e-06,1.1588774201767516e-05,1.1588774201767516e-05,1.782888338733464e-05,1.782888338733464e-05,2.7429051365130215e-05,5.68108121100602e-07,2.7429051365130215e-05,4.219854056173879e-05,4.219854056173879e-05,6.492083163344429e-05,6.492083163344429e-05,9.987820251299122e-05,9.987820251299122e-05,9.987820251299122e-05,9.987820251299122e-05,8.740124940009261e-07,8.740124940009261e-07,1.344634606155271e-06,1.344634606155271e-06,2.068668624854263e-06,2.068668624854263e-06,3.182567115160405e-06,4206,
,,,6,,,,,,,,,,,,,,,,,,,,,,,,,,,,,4209,0.022028155624866486
,,,6,,,,,,,,,,,,,,,,,,,,,,,,,,,,,4219,0.006666684988886118
,,,6,,,,,,,,,,,,,,,,,,,,,,,,,,,,,4229,0.015954283997416496
,,,6,,,,,,,,,,,,,,,,,,,,,,,,,,,,,4239,0.00357585190795362
,,,6,,,,,,,,,,,,,,,,,,,,,,,,,,,,,4249,1.3053452968597412
,,,6,,,,,,,,,,,,,,,,,,,,,,,,,,,,,4259,0.010306022129952908
,,,6,,,,,,,,,,,,,,,,,,,,,,,,,,,,,4269,0.10418373346328735
,,,6,,,,,,,,,,,,,,,,,,,,,,,,,,,,,4279,0.03668201342225075
,,,6,,,,,,,,,,,,,,,,,,,,,,,,,,,,,4289,0.035976920276880264
,,,6,,,,,,,,,,,,,,,,,,,,,,,,,,,,,4299,0.007030129432678223
,,,6,,,,,,,,,,,,,,,,,,,,,,,,,,,,,4309,0.9680724740028381
,,,6,,,,,,,,,,,,,,,,,,,,,,,,,,,,,4319,0.49069878458976746
,,,6,,,,,,,,,,,,,,,,,,,,,,,,,,,,,4329,0.24574606120586395
,,,6,,,,,,,,,,,,,,,,,,,,,,,,,,,,,4339,0.013545384630560875
,,,6,,,,,,,,,,,,,,,,,,,,,,,,,,,,,4349,0.005151283927261829
,,,6,,,,,,,,,,,,,,,,,,,,,,,,,,,,,4359,0.019323844462633133
,,,6,,,,,,,,,,,,,,,,,,,,,,,,,,,,,4369,0.3775998651981354
,,,6,,,,,,,,,,,,,,,,,,,,,,,,,,,,,4379,0.018126586452126503
,,,6,,,,,,,,,,,,,,,,,,,,,,,,,,,,,4389,1.1403228044509888
,,,6,,,,,,,,,,,,,,,,,,,,,,,,,,,,,4399,0.03148047998547554
,,,6,,,,,,,,,,,,,,,,,,,,,,,,,,,,,4409,0.005340331234037876
,,,6,,,,,,,,,,,,,,,,,,,,,,,,,,,,,4419,0.018621480092406273
,,,6,,,,,,,,,,,,,,,,,,,,,,,,,,,,,4429,0.07276026159524918
,,,6,,,,,,,,,,,,,,,,,,,,,,,,,,,,,4439,0.20845666527748108
,,,6,,,,,,,,,,,,,,,,,,,,,,,,,,,,,4449,0.028255145996809006
,,,6,,,,,,,,,,,,,,,,,,,,,,,,,,,,,4459,0.00826482754200697
,,,6,,,,,,,,,,,,,,,,,,,,,,,,,,,,,4469,0.07061930000782013
,,,6,,,,,,,,,,,,,,,,,,,,,,,,,,,,,4479,0.06001753360033035
,,,6,,,,,,,,,,,,,,,,,,,,,,,,,,,,,4489,0.018178673461079597
,,,6,,,,,,,,,,,,,,,,,,,,,,,,,,,,,4499,0.008727445267140865
,,,6,,,,,,,,,,,,,,,,,,,,,,,,,,,,,4509,0.3101750314235687
,,,6,,,,,,,,,,,,,,,,,,,,,,,,,,,,,4519,0.14860087633132935
,,,6,,,,,,,,,,,,,,,,,,,,,,,,,,,,,4529,0.593316912651062
,,,6,,,,,,,,,,,,,,,,,,,,,,,,,,,,,4539,0.05194266140460968
,,,6,,,,,,,,,,,,,,,,,,,,,,,,,,,,,4549,0.006071063224226236
,,,6,,,,,,,,,,,,,,,,,,,,,,,,,,,,,4559,0.11294621229171753
,,,6,,,,,,,,,,,,,,,,,,,,,,,,,,,,,4569,0.37540900707244873
,,,6,,,,,,,,,,,,,,,,,,,,,,,,,,,,,4579,0.37440285086631775
,,,6,,,,,,,,,,,,,,,,,,,,,,,,,,,,,4589,0.3711601197719574
,,,6,,,,,,,,,,,,,,,,,,,,,,,,,,,,,4599,0.7619251012802124
,,,6,,,,,,,,,,,,,,,,,,,,,,,,,,,,,4609,0.010166686959564686
,,,6,,,,,,,,,,,,,,,,,,,,,,,,,,,,,4619,0.8379481434822083
,,,6,,,,,,,,,,,,,,,,,,,,,,,,,,,,,4629,0.0526859425008297
,,,6,,,,,,,,,,,,,,,,,,,,,,,,,,,,,4639,0.72071772813797
,,,6,,,,,,,,,,,,,,,,,,,,,,,,,,,,,4649,1.4344446659088135
,,,6,,,,,,,,,,,,,,,,,,,,,,,,,,,,,4659,0.3629845678806305
,,,6,,,,,,,,,,,,,,,,,,,,,,,,,,,,,4669,0.06247641146183014
,,,6,,,,,,,,,,,,,,,,,,,,,,,,,,,,,4679,0.07136639952659607
,,,6,,,,,,,,,,,,,,,,,,,,,,,,,,,,,4689,0.015563134104013443
,,,6,,,,,,,,,,,,,,,,,,,,,,,,,,,,,4699,0.6794874668121338
,,,6,,,,,,,,,,,,,,,,,,,,,,,,,,,,,4709,0.009217850863933563
,,,6,,,,,,,,,,,,,,,,,,,,,,,,,,,,,4719,0.007203508634120226
,,,6,,,,,,,,,,,,,,,,,,,,,,,,,,,,,4729,0.06246790289878845
,,,6,,,,,,,,,,,,,,,,,,,,,,,,,,,,,4739,0.006760026793926954
,,,6,,,,,,,,,,,,,,,,,,,,,,,,,,,,,4749,0.16004635393619537
,,,6,,,,,,,,,,,,,,,,,,,,,,,,,,,,,4759,0.15227241814136505
,,,6,,,,,,,,,,,,,,,,,,,,,,,,,,,,,4769,0.02253102697432041
,,,6,,,,,,,,,,,,,,,,,,,,,,,,,,,,,4779,0.04301811382174492
,,,6,,,,,,,,,,,,,,,,,,,,,,,,,,,,,4789,0.15103255212306976
,,,6,,,,,,,,,,,,,,,,,,,,,,,,,,,,,4799,0.23566283285617828
,,,6,,,,,,,,,,,,,,,,,,,,,,,,,,,,,4809,1.2414766550064087
,,,6,,,,,,,,,,,,,,,,,,,,,,,,,,,,,4819,0.055705476552248
,,,6,,,,,,,,,,,,,,,,,,,,,,,,,,,,,4829,0.08271592110395432
,,,6,,,,,,,,,,,,,,,,,,,,,,,,,,,,,4839,0.17400988936424255
,,,6,,,,,,,,,,,,,,,,,,,,,,,,,,,,,4849,1.0182358026504517
,,,6,,,,,,,,,,,,,,,,,,,,,,,,,,,,,4859,0.4607974886894226
,,,6,,,,,,,,,,,,,,,,,,,,,,,,,,,,,4869,1.1658685207366943
,,,6,,,,,,,,,,,,,,,,,,,,,,,,,,,,,4879,0.1147058829665184
,,,6,,,,,,,,,,,,,,,,,,,,,,,,,,,,,4889,0.048905909061431885
,,,6,,,,,,,,,,,,,,,,,,,,,,,,,,,,,4899,0.013646341860294342
,,,,5.660331406505981e-07,3.1709429818317177e-06,4.878373818202642e-06,4.878373818202642e-06,7.505190489542526e-06,7.505190489542526e-06,1.15464469069885e-05,1.15464469069885e-05,1.7763764472290002e-05,1.7763764472290002e-05,2.732886841890769e-05,5.660331406505981e-07,2.732886841890769e-05,4.204441295216568e-05,4.204441295216568e-05,6.468371223410105e-05,6.468371223410105e-05,9.951340343707852e-05,9.951340343707852e-05,9.951340343707852e-05,9.951340343707852e-05,8.708202163855354e-07,8.708202163855354e-07,1.3397234098239006e-06,1.3397234098239006e-06,2.0611129381906165e-06,2.0611129381906165e-06,3.1709429818317177e-06,4907,
,,,7,,,,,,,,,,,,,,,,,,,,,,,,,,,,,4909,0.0052724056877195835
,,,7,,,,,,,,,,,,,,,,,,,,,,,,,,,,,4919,0.032926902174949646
,,,7,,,,,,,,,,,,,,,,,,,,,,,,,,,,,4929,0.03588014468550682
,,,7,,,,,,,,,,,,,,,,,,,,,,,,,,,,,4939,0.00962739996612072
,,,7,,,,,,,,,,,,,,,,,,,,,,,,,,,,,4949,0.1375129520893097
,,,7,,,,,,,,,,,,,,,,,,,,,,,,,,,,,4959,0.10088028013706207
,,,7,,,,,,,,,,,,,,,,,,,,,,,,,,,,,4969,0.11951107531785965
,,,7,,,,,,,,,,,,,,,,,,,,,,,,,,,,,4979,0.232534721493721
,,,7,,,,,,,,,,,,,,,,,,,,,,,,,,,,,4989,0.181394562125206
,,,7,,,,,,,,,,,,,,,,,,,,,,,,,,,,,4999,0.11900774389505386
,,,7,,,,,,,,,,,,,,,,,,,,,,,,,,,,,5009,0.008780662901699543
,,,7,,,,,,,,,,,,,,,,,,,,,,,,,,,,,5019,0.9563079476356506
,,,7,,,,,,,,,,,,,,,,,,,,,,,,,,,,,5029,0.6841635704040527
,,,7,,,,,,,,,,,,,,,,,,,,,,,,,,,,,5039,0.015658672899007797
,,,7,,,,,,,,,,,,,,,,,,,,,,,,,,,,,5049,0.01257332880049944
,,,7,,,,,,,,,,,,,,,,,,,,,,,,,,,,,5059,0.48134666681289673
,,,7,,,,,,,,,,,,,,,,,,,,,,,,,,,,,5069,0.2947920858860016
,,,7,,,,,,,,,,,,,,,,,,,,,,,,,,,,,5079,0.06729068607091904
,,,7,,,,,,,,,,,,,,,,,,,,,,,,,,,,,5089,0.6525057554244995
,,,7,,,,,,,,,,,,,,,,,,,,,,,,,,,,,5099,0.023213181644678116
,,,7,,,,,,,,,,,,,,,,,,,,,,,,,,,,,5109,0.031452253460884094
,,,7,,,,,,,,,,,,,,,,,,,,,,,,,,,,,5119,0.2720690369606018
,,,7,,,,,,,,,,,,,,,,,,,,,,,,,,,,,5129,0.03868526220321655
,,,7,,,,,,,,,,,,,,,,,,,,,,,,,,,,,5139,0.22828678786754608
,,,7,,,,,,,,,,,,,,,,,,,,,,,,,,,,,5149,0.05214861035346985
,,,7,,,,,,,,,,,,,,,,,,,,,,,,,,,,,5159,0.6708325743675232
,,,7,,,,,,,,,,,,,,,,,,,,,,,,,,,,,5169,0.01268654502928257
,,,7,,,,,,,,,,,,,,,,,,,,,,,,,,,,,5179,0.029201893135905266
,,,7,,,,,,,,,,,,,,,,,,,,,,,,,,,,,5189,0.4267127513885498
,,,7,,,,,,,,,,,,,,,,,,,,,,,,,,,,,5199,0.013912507332861423
,,,7,,,,,,,,,,,,,,,,,,,,,,,,,,,,,5209,0.029079677537083626
,,,7,,,,,,,,,,,,,,,,,,,,,,,,,,,,,5219,0.004585925955325365
,,,7,,,,,,,,,,,,,,,,,,,,,,,,,,,,,5229,0.800194501876831
,,,7,,,,,,,,,,,,,,,,,,,,,,,,,,,,,5239,0.057169053703546524
,,,7,,,,,,,,,,,,,,,,,,,,,,,,,,,,,5249,0.7965435981750488
,,,7,,,,,,,,,,,,,,,,,,,,,,,,,,,,,5259,0.23320601880550385
,,,7,,,,,,,,,,,,,,,,,,,,,,,,,,,,,5269,0.5072370171546936
,,,7,,,,,,,,,,,,,,,,,,,,,,,,,,,,,5279,0.013921745121479034
,,,7,,,,,,,,,,,,,,,,,,,,,,,,,,,,,5289,0.30286309123039246
,,,7,,,,,,,,,,,,,,,,,,,,,,,,,,,,,5299,0.9745568037033081
,,,7,,,,,,,,,,,,,,,,,,,,,,,,,,,,,5309,0.29253169894218445
,,,7,,,,,,,,,,,,,,,,,,,,,,,,,,,,,5319,0.011448907665908337
,,,7,,,,,,,,,,,,,,,,,,,,,,,,,,,,,5329,0.0659194216132164
,,,7,,,,,,,,,,,,,,,,,,,,,,,,,,,,,5339,0.026897750794887543
,,,7,,,,,,,,,,,,,,,,,,,,,,,,,,,,,5349,0.05432358384132385
,,,7,,,,,,,,,,,,,,,,,,,,,,,,,,,,,5359,0.8834530711174011
,,,7,,,,,,,,,,,,,,,,,,,,,,,,,,,,,5369,0.3884548246860504
,,,7,,,,,,,,,,,,,,,,,,,,,,,,,,,,,5379,0.005440736189484596
,,,7,,,,,,,,,,,,,,,,,,,,,,,,,,,,,5389,0.007071029394865036
,,,7,,,,,,,,,,,,,,,,,,,,,,,,,,,,,5399,0.01168892066925764
,,,7,,,,,,,,,,,,,,,,,,,,,,,,,,,,,5409,0.7552984356880188
,,,7,,,,,,,,,,,,,,,,,,,,,,,,,,,,,5419,1.5599498748779297
,,,7,,,,,,,,,,,,,,,,,,,,,,,,,,,,,5429,0.13682414591312408
,,,7,,,,,,,,,,,,,,,,,,,,,,,,,,,,,5439,0.011099673807621002
,,,7,,,,,,,,,,,,,,,,,,,,,,,,,,,,,5449,0.042777370661497116
,,,7,,,,,,,,,,,,,,,,,,,,,,,,,,,,,5459,0.03290926292538643
,,,7,,,,,,,,,,,,,,,,,,,,,,,,,,,,,5469,0.022330814972519875
,,,7,,,,,,,,,,,,,,,,,,,,,,,,,,,,,5479,0.012177209369838238
,,,7,,,,,,,,,,,,,,,,,,,,,,,,,,,,,5489,0.07882486283779144
,,,7,,,,,,,,,,,,,,,,,,,,,,,,,,,,,5499,1.4897042512893677
,,,7,,,,,,,,,,,,,,,,,,,,,,,,,,,,,5509,0.0085093779489398
,,,7,,,,,,,,,,,,,,,,,,,,,,,,,,,,,5519,0.008389686234295368
,,,7,,,,,,,,,,,,,,,,,,,,,,,,,,,,,5529,0.05310530960559845
,,,7,,,,,,,,,,,,,,,,,,,,,,,,,,,,,5539,0.5386664867401123
,,,7,,,,,,,,,,,,,,,,,,,,,,,,,,,,,5549,0.160362109541893
,,,7,,,,,,,,,,,,,,,,,,,,,,,,,,,,,5559,0.02207561396062374
,,,7,,,,,,,,,,,,,,,,,,,,,,,,,,,,,5569,0.0768970400094986
,,,7,,,,,,,,,,,,,,,,,,,,,,,,,,,,,5579,0.019724376499652863
,,,7,,,,,,,,,,,,,,,,,,,,,,,,,,,,,5589,0.12291359156370163
,,,7,,,,,,,,,,,,,,,,,,,,,,,,,,,,,5599,0.057598404586315155
,,,,5.625860740567357e-07,3.1516323605293127e-06,4.8486651700450955e-06,4.8486651700450955e-06,7.459484876992455e-06,7.459484876992455e-06,1.1476130579988391e-05,1.1476130579988391e-05,1.765558550767445e-05,1.765558550767445e-05,2.7162439242576073e-05,5.625860740567357e-07,2.7162439242576073e-05,4.178836806550165e-05,4.178836806550165e-05,6.428979702384869e-05,6.428979702384869e-05,9.890738003669029e-05,9.890738003669029e-05,9.890738003669029e-05,9.890738003669029e-05,8.655170370103625e-07,8.655170370103625e-07,1.3315646723236346e-06,1.3315646723236346e-06,2.048561034344053e-06,2.048561034344053e-06,3.1516323605293127e-06,5608,
,,,8,,,,,,,,,,,,,,,,,,,,,,,,,,,,,5609,0.01999073103070259
,,,8,,,,,,,,,,,,,,,,,,,,,,,,,,,,,5619,0.6270125508308411
,,,8,,,,,,,,,,,,,,,,,,,,,,,,,,,,,5629,1.1329329013824463
,,,8,,,,,,,,,,,,,,,,,,,,,,,,,,,,,5639,0.039667338132858276
,,,8,,,,,,,,,,,,,,,,,,,,,,,,,,,,,5649,0.04827678203582764
,,,8,,,,,,,,,,,,,,,,,,,,,,,,,,,,,5659,0.013495777733623981
,,,8,,,,,,,,,,,,,,,,,,,,,,,,,,,,,5669,0.36127808690071106
,,,8,,,,,,,,,,,,,,,,,,,,,,,,,,,,,5679,0.08129552751779556
,,,8,,,,,,,,,,,,,,,,,,,,,,,,,,,,,5689,0.009753191843628883
,,,8,,,,,,,,,,,,,,,,,,,,,,,,,,,,,5699,0.007790395524352789
,,,8,,,,,,,,,,,,,,,,,,,,,,,,,,,,,5709,0.09792716801166534
,,,8,,,,,,,,,,,,,,,,,,,,,,,,,,,,,5719,0.18217772245407104
,,,8,,,,,,,,,,,,,,,,,,,,,,,,,,,,,5729,0.23899681866168976
,,,8,,,,,,,,,,,,,,,,,,,,,,,,,,,,,5739,0.00280883745290339
,,,8,,,,,,,,,,,,,,,,,,,,,,,,,,,,,5749,0.5320833325386047
,,,8,,,,,,,,,,,,,,,,,,,,,,,,,,,,,5759,0.012594361789524555
,,,8,,,,,,,,,,,,,,,,,,,,,,,,,,,,,5769,0.07362683862447739
,,,8,,,,,,,,,,,,,,,,,,,,,,,,,,,,,5779,0.012186885811388493
,,,8,,,,,,,,,,,,,,,,,,,,,,,,,,,,,5789,0.010652437806129456
,,,8,,,,,,,,,,,,,,,,,,,,,,,,,,,,,5799,0.03086099587380886
,,,8,,,,,,,,,,,,,,,,,,,,,,,,,,,,,5809,0.13169734179973602
,,,8,,,,,,,,,,,,,,,,,,,,,,,,,,,,,5819,0.012587231583893299
,,,8,,,,,,,,,,,,,,,,,,,,,,,,,,,,,5829,0.1839105486869812
,,,8,,,,,,,,,,,,,,,,,,,,,,,,,,,,,5839,0.24964360892772675
,,,8,,,,,,,,,,,,,,,,,,,,,,,,,,,,,5849,0.3271677494049072
,,,8,,,,,,,,,,,,,,,,,,,,,,,,,,,,,5859,0.20990103483200073
,,,8,,,,,,,,,,,,,,,,,,,,,,,,,,,,,5869,0.039917510002851486
,,,8,,,,,,,,,,,,,,,,,,,,,,,,,,,,,5879,0.01515174750238657
,,,8,,,,,,,,,,,,,,,,,,,,,,,,,,,,,5889,0.010530903935432434
,,,8,,,,,,,,,,,,,,,,,,,,,,,,,,,,,5899,0.014014381915330887
,,,8,,,,,,,,,,,,,,,,,,,,,,,,,,,,,5909,0.0033841661643236876
,,,8,,,,,,,,,,,,,,,,,,,,,,,,,,,,,5919,0.032903190702199936
,,,8,,,,,,,,,,,,,,,,,,,,,,,,,,,,,5929,0.47368621826171875
,,,8,,,,,,,,,,,,,,,,,,,,,,,,,,,,,5939,0.15191780030727386
,,,8,,,,,,,,,,,,,,,,,,,,,,,,,,,,,5949,0.2687494158744812
,,,8,,,,,,,,,,,,,,,,,,,,,,,,,,,,,5959,0.0018505126936361194
,,,8,,,,,,,,,,,,,,,,,,,,,,,,,,,,,5969,0.02771557867527008
,,,8,,,,,,,,,,,,,,,,,,,,,,,,,,,,,5979,0.2540969252586365
,,,8,,,,,,,,,,,,,,,,,,,,,,,,,,,,,5989,0.01900576613843441
,,,8,,,,,,,,,,,,,,,,,,,,,,,,,,,,,5999,0.07448078691959381
,,,8,,,,,,,,,,,,,,,,,,,,,,,,,,,,,6009,0.3550976812839508
,,,8,,,,,,,,,,,,,,,,,,,,,,,,,,,,,6019,0.0061179413460195065
,,,8,,,,,,,,,,,,,,,,,,,,,,,,,,,,,6029,0.006983558181673288
,,,8,,,,,,,,,,,,,,,,,,,,,,,,,,,,,6039,0.3276231288909912
,,,8,,,,,,,,,,,,,,,,,,,,,,,,,,,,,6049,0.046699509024620056
,,,8,,,,,,,,,,,,,,,,,,,,,,,,,,,,,6059,0.05150969699025154
,,,8,,,,,,,,,,,,,,,,,,,,,,,,,,,,,6069,0.04507697746157646
,,,8,,,,,,,,,,,,,,,,,,,,,,,,,,,,,6079,0.7763490676879883
,,,8,,,,,,,,,,,,,,,,,,,,,,,,,,,,,6089,0.006740703247487545
,,,8,,,,,,,,,,,,,,,,,,,,,,,,,,,,,6099,0.11521538347005844
,,,8,,,,,,,,,,,,,,,,,,,,,,,,,,,,,6109,0.0037364838644862175
,,,8,,,,,,,,,,,,,,,,,,,,,,,,,,,,,6119,0.12149752676486969
,,,8,,,,,,,,,,,,,,,,,,,,,,,,,,,,,6129,0.26274076104164124
,,,8,,,,,,,,,,,,,,,,,,,,,,,,,,,,,6139,0.015100865624845028
,,,8,,,,,,,,,,,,,,,,,,,,,,,,,,,,,6149,0.27867841720581055
,,,8,,,,,,,,,,,,,,,,,,,,,,,,,,,,,6159,0.005029704421758652
,,,8,,,,,,,,,,,,,,,,,,,,,,,,,,,,,6169,0.6739614605903625
,,,8,,,,,,,,,,,,,,,,,,,,,,,,,,,,,6179,0.08698022365570068
,,,8,,,,,,,,,,,,,,,,,,,,,,,,,,,,,6189,0.49840182065963745
,,,8,,,,,,,,,,,,,,,,,,,,,,,,,,,,,6199,0.7683310508728027
,,,8,,,,,,,,,,,,,,,,,,,,,,,,,,,,,6209,0.22487232089042664
,,,8,,,,,,,,,,,,,,,,,,,,,,,,,,,,,6219,0.6050746440887451
,,,8,,,,,,,,,,,,,,,,,,,,,,,,,,,,,6229,0.040449358522892
,,,8,,,,,,,,,,,,,,,,,,,,,,,,,,,,,6239,0.10808620601892471
,,,8,,,,,,,,,,,,,,,,,,,,,,,,,,,,,6249,0.04651815816760063
,,,8,,,,,,,,,,,,,,,,,,,,,,,,,,,,,6259,0.40847960114479065
,,,8,,,,,,,,,,,,,,,,,,,,,,,,,,,,,6269,0.07158640772104263
,,,8,,,,,,,,,,,,,,,,,,,,,,,,,,,,,6279,0.033300336450338364
,,,8,,,,,,,,,,,,,,,,,,,,,,,,,,,,,6289,0.06766518950462341
,,,8,,,,,,,,,,,,,,,,,,,,,,,,,,,,,6299,0.026288075372576714
,,,,5.577837150809623e-07,3.1247293306590787e-06,4.807275893321659e-06,4.807275893321659e-06,7.395809066648706e-06,7.395809066648706e-06,1.1378167794844163e-05,1.1378167794844163e-05,1.750487353052948e-05,1.750487353052948e-05,2.6930574662353044e-05,5.577837150809623e-07,2.6930574662353044e-05,4.143165332669699e-05,4.143165332669699e-05,6.374100511799537e-05,6.374100511799537e-05,9.806308479691595e-05,9.806308479691595e-05,9.806308479691595e-05,9.806308479691595e-05,8.581287924322494e-07,8.581287924322494e-07,1.3201981422034608e-06,1.3201981422034608e-06,2.031074064928401e-06,2.031074064928401e-06,3.1247293306590787e-06,6309,
,,,9,,,,,,,,,,,,,,,,,,,,,,,,,,,,,6309,0.0032158554531633854
,,,9,,,,,,,,,,,,,,,,,,,,,,,,,,,,,6319,0.3485807776451111
,,,9,,,,,,,,,,,,,,,,,,,,,,,,,,,,,6329,0.026411252096295357
,,,9,,,,,,,,,,,,,,,,,,,,,,,,,,,,,6339,0.012560056522488594
,,,9,,,,,,,,,,,,,,,,,,,,,,,,,,,,,6349,0.580802321434021
,,,9,,,,,,,,,,,,,,,,,,,,,,,,,,,,,6359,0.6896263957023621
,,,9,,,,,,,,,,,,,,,,,,,,,,,,,,,,,6369,0.007955155335366726
,,,9,,,,,,,,,,,,,,,,,,,,,,,,,,,,,6379,1.2348843812942505
,,,9,,,,,,,,,,,,,,,,,,,,,,,,,,,,,6389,0.009150324389338493
,,,9,,,,,,,,,,,,,,,,,,,,,,,,,,,,,6399,0.01351605262607336
,,,9,,,,,,,,,,,,,,,,,,,,,,,,,,,,,6409,0.007437282241880894
,,,9,,,,,,,,,,,,,,,,,,,,,,,,,,,,,6419,0.04412414878606796
,,,9,,,,,,,,,,,,,,,,,,,,,,,,,,,,,6429,0.003907381556928158
,,,9,,,,,,,,,,,,,,,,,,,,,,,,,,,,,6439,0.033629000186920166
,,,9,,,,,,,,,,,,,,,,,,,,,,,,,,,,,6449,0.011595210991799831
,,,9,,,,,,,,,,,,,,,,,,,,,,,,,,,,,6459,0.2815108895301819
,,,9,,,,,,,,,,,,,,,,,,,,,,,,,,,,,6469,0.016375459730625153
,,,9,,,,,,,,,,,,,,,,,,,,,,,,,,,,,6479,0.006618409417569637
,,,9,,,,,,,,,,,,,,,,,,,,,,,,,,,,,6489,0.256822407245636
,,,9,,,,,,,,,,,,,,,,,,,,,,,,,,,,,6499,0.16980458796024323
,,,9,,,,,,,,,,,,,,,,,,,,,,,,,,,,,6509,0.003140808315947652
,,,9,,,,,,,,,,,,,,,,,,,,,,,,,,,,,6519,0.15272149443626404
,,,9,,,,,,,,,,,,,,,,,,,,,,,,,,,,,6529,0.0030738816130906343
,,,9,,,,,,,,,,,,,,,,,,,,,,,,,,,,,6539,0.1657811999320984
,,,9,,,,,,,,,,,,,,,,,,,,,,,,,,,,,6549,0.30658724904060364
,,,9,,,,,,,,,,,,,,,,,,,,,,,,,,,,,6559,0.40192723274230957
,,,9,,,,,,,,,,,,,,,,,,,,,,,,,,,,,6569,0.26461902260780334
,,,9,,,,,,,,,,,,,,,,,,,,,,,,,,,,,6579,0.08843694627285004
,,,9,,,,,,,,,,,,,,,,,,,,,,,,,,,,,6589,0.24679610133171082
,,,9,,,,,,,,,,,,,,,,,,,,,,,,,,,,,6599,0.2145722508430481
,,,9,,,,,,,,,,,,,,,,,,,,,,,,,,,,,6609,0.006906892638653517
,,,9,,,,,,,,,,,,,,,,,,,,,,,,,,,,,6619,0.33500176668167114
,,,9,,,,,,,,,,,,,,,,,,,,,,,,,,,,,6629,0.131522998213768
,,,9,,,,,,,,,,,,,,,,,,,,,,,,,,,,,6639,0.15269920229911804
,,,9,,,,,,,,,,,,,,,,,,,,,,,,,,,,,6649,0.11560068279504776
,,,9,,,,,,,,,,,,,,,,,,,,,,,,,,,,,6659,0.09411053359508514
,,,9,,,,,,,,,,,,,,,,,,,,,,,,,,,,,6669,0.13956192135810852
,,,9,,,,,,,,,,,,,,,,,,,,,,,,,,,,,6679,0.1430940330028534
,,,9,,,,,,,,,,,,,,,,,,,,,,,,,,,,,6689,0.027058053761720657
,,,9,,,,,,,,,,,,,,,,,,,,,,,,,,,,,6699,0.004631746094673872
,,,9,,,,,,,,,,,,,,,,,,,,,,,,,,,,,6709,0.015593161806464195
,,,9,,,,,,,,,,,,,,,,,,,,,,,,,,,,,6719,0.1666586995124817
,,,9,,,,,,,,,,,,,,,,,,,,,,,,,,,,,6729,0.03144694119691849
,,,9,,,,,,,,,,,,,,,,,,,,,,,,,,,,,6739,0.03488343954086304
,,,9,,,,,,,,,,,,,,,,,,,,,,,,,,,,,6749,0.18823589384555817
,,,9,,,,,,,,,,,,,,,,,,,,,,,,,,,,,6759,0.11177202314138412
,,,9,,,,,,,,,,,,,,,,,,,,,,,,,,,,,6769,0.12191519886255264
,,,9,,,,,,,,,,,,,,,,,,,,,,,,,,,,,6779,0.00786480400711298
,,,9,,,,,,,,,,,,,,,,,,,,,,,,,,,,,6789,0.0041192565113306046
,,,9,,,,,,,,,,,,,,,,,,,,,,,,,,,,,6799,0.01969270594418049
,,,9,,,,,,,,,,,,,,,,,,,,,,,,,,,,,6809,0.07699627429246902
,,,9,,,,,,,,,,,,,,,,,,,,,,,,,,,,,6819,0.011739450506865978
,,,9,,,,,,,,,,,,,,,,,,,,,,,,,,,,,6829,0.3756997883319855
,,,9,,,,,,,,,,,,,,,,,,,,,,,,,,,,,6839,0.15084372460842133
,,,9,,,,,,,,,,,,,,,,,,,,,,,,,,,,,6849,0.01268644817173481
,,,9,,,,,,,,,,,,,,,,,,,,,,,,,,,,,6859,0.01608913391828537
,,,9,,,,,,,,,,,,,,,,,,,,,,,,,,,,,6869,0.0569390133023262
,,,9,,,,,,,,,,,,,,,,,,,,,,,,,,,,,6879,0.10847273468971252
,,,9,,,,,,,,,,,,,,,,,,,,,,,,,,,,,6889,0.36226269602775574
,,,9,,,,,,,,,,,,,,,,,,,,,,,,,,,,,6899,0.5009683966636658
,,,9,,,,,,,,,,,,,,,,,,,,,,,,,,,,,6909,0.009478313848376274
,,,9,,,,,,,,,,,,,,,,,,,,,,,,,,,,,6919,1.4959999322891235
,,,9,,,,,,,,,,,,,,,,,,,,,,,,,,,,,6929,0.2203461229801178
,,,9,,,,,,,,,,,,,,,,,,,,,,,,,,,,,6939,0.024411996826529503
,,,9,,,,,,,,,,,,,,,,,,,,,,,,,,,,,6949,0.0037181905936449766
,,,9,,,,,,,,,,,,,,,,,,,,,,,,,,,,,6959,0.4761021137237549
,,,9,,,,,,,,,,,,,,,,,,,,,,,,,,,,,6969,0.6622462272644043
,,,9,,,,,,,,,,,,,,,,,,,,,,,,,,,,,6979,0.6246878504753113
,,,9,,,,,,,,,,,,,,,,,,,,,,,,,,,,,6989,0.004155678208917379
,,,9,,,,,,,,,,,,,,,,,,,,,,,,,,,,,6999,0.05526350066065788
,,,9,,,,,,,,,,,,,,,,,,,,,,,,,,,,,7009,0.13857363164424896
0.8816402554512024,0.8507194519042969,0.914893627166748,9,,,,,,,,,,,,,,,,,,,,,,,,,,,,,7009,
,,,,5.516494603334762e-07,3.0903649610782603e-06,4.7544076324280925e-06,4.7544076324280925e-06,7.314473280658603e-06,7.314473280658603e-06,1.125303581639785e-05,1.125303581639785e-05,1.7312362794458232e-05,1.7312362794458232e-05,2.663440429916651e-05,5.516494603334762e-07,2.663440429916651e-05,4.097600661410232e-05,4.097600661410232e-05,6.304001017554203e-05,6.304001017554203e-05,9.698463103929542e-05,9.698463103929542e-05,9.698463103929542e-05,9.698463103929542e-05,8.486914774361172e-07,8.486914774361172e-07,1.3056791960555651e-06,1.3056791960555651e-06,2.0087372247008692e-06,2.0087372247008692e-06,3.0903649610782603e-06,7010,
,,,10,,,,,,,,,,,,,,,,,,,,,,,,,,,,,7019,0.07222472131252289
,,,10,,,,,,,,,,,,,,,,,,,,,,,,,,,,,7029,0.019663264974951744
,,,10,,,,,,,,,,,,,,,,,,,,,,,,,,,,,7039,0.9774693846702576
,,,10,,,,,,,,,,,,,,,,,,,,,,,,,,,,,7049,0.013526425696909428
,,,10,,,,,,,,,,,,,,,,,,,,,,,,,,,,,7059,0.012352422811090946
,,,10,,,,,,,,,,,,,,,,,,,,,,,,,,,,,7069,0.046263836324214935
,,,10,,,,,,,,,,,,,,,,,,,,,,,,,,,,,7079,0.04232242330908775
,,,10,,,,,,,,,,,,,,,,,,,,,,,,,,,,,7089,0.004180534277111292
,,,10,,,,,,,,,,,,,,,,,,,,,,,,,,,,,7099,0.16742366552352905
,,,10,,,,,,,,,,,,,,,,,,,,,,,,,,,,,7109,0.011592783965170383
,,,10,,,,,,,,,,,,,,,,,,,,,,,,,,,,,7119,1.768660306930542
,,,10,,,,,,,,,,,,,,,,,,,,,,,,,,,,,7129,0.0034969947300851345
,,,10,,,,,,,,,,,,,,,,,,,,,,,,,,,,,7139,0.35265931487083435
,,,10,,,,,,,,,,,,,,,,,,,,,,,,,,,,,7149,0.1813739687204361
,,,10,,,,,,,,,,,,,,,,,,,,,,,,,,,,,7159,0.3273469805717468
,,,10,,,,,,,,,,,,,,,,,,,,,,,,,,,,,7169,0.021489882841706276
,,,10,,,,,,,,,,,,,,,,,,,,,,,,,,,,,7179,0.06462682038545609
,,,10,,,,,,,,,,,,,,,,,,,,,,,,,,,,,7189,0.6286550760269165
,,,10,,,,,,,,,,,,,,,,,,,,,,,,,,,,,7199,0.005844744388014078
,,,10,,,,,,,,,,,,,,,,,,,,,,,,,,,,,7209,0.016091257333755493
,,,10,,,,,,,,,,,,,,,,,,,,,,,,,,,,,7219,0.23750947415828705
,,,10,,,,,,,,,,,,,,,,,,,,,,,,,,,,,7229,0.0948047861456871
,,,10,,,,,,,,,,,,,,,,,,,,,,,,,,,,,7239,0.008583414368331432
,,,10,,,,,,,,,,,,,,,,,,,,,,,,,,,,,7249,0.0014217833522707224
,,,10,,,,,,,,,,,,,,,,,,,,,,,,,,,,,7259,0.39704060554504395
,,,10,,,,,,,,,,,,,,,,,,,,,,,,,,,,,7269,0.0850231945514679
,,,10,,,,,,,,,,,,,,,,,,,,,,,,,,,,,7279,0.12540309131145477
,,,10,,,,,,,,,,,,,,,,,,,,,,,,,,,,,7289,0.008650212548673153
,,,10,,,,,,,,,,,,,,,,,,,,,,,,,,,,,7299,0.023916048929095268
,,,10,,,,,,,,,,,,,,,,,,,,,,,,,,,,,7309,0.0200855303555727
,,,10,,,,,,,,,,,,,,,,,,,,,,,,,,,,,7319,0.0028681501280516386
,,,10,,,,,,,,,,,,,,,,,,,,,,,,,,,,,7329,0.005233569536358118
,,,10,,,,,,,,,,,,,,,,,,,,,,,,,,,,,7339,0.07418832182884216
,,,10,,,,,,,,,,,,,,,,,,,,,,,,,,,,,7349,0.37397301197052
,,,10,,,,,,,,,,,,,,,,,,,,,,,,,,,,,7359,0.014454195275902748
,,,10,,,,,,,,,,,,,,,,,,,,,,,,,,,,,7369,0.15152399241924286
,,,10,,,,,,,,,,,,,,,,,,,,,,,,,,,,,7379,0.047113846987485886
,,,10,,,,,,,,,,,,,,,,,,,,,,,,,,,,,7389,0.012729207053780556
,,,10,,,,,,,,,,,,,,,,,,,,,,,,,,,,,7399,0.04179548844695091
,,,10,,,,,,,,,,,,,,,,,,,,,,,,,,,,,7409,0.041776563972234726
,,,10,,,,,,,,,,,,,,,,,,,,,,,,,,,,,7419,0.028318963944911957
,,,10,,,,,,,,,,,,,,,,,,,,,,,,,,,,,7429,0.013782183639705181
,,,10,,,,,,,,,,,,,,,,,,,,,,,,,,,,,7439,0.008631852455437183
,,,10,,,,,,,,,,,,,,,,,,,,,,,,,,,,,7449,0.36255547404289246
,,,10,,,,,,,,,,,,,,,,,,,,,,,,,,,,,7459,0.030850408598780632
,,,10,,,,,,,,,,,,,,,,,,,,,,,,,,,,,7469,0.005048171617090702
,,,10,,,,,,,,,,,,,,,,,,,,,,,,,,,,,7479,0.00877459067851305
,,,10,,,,,,,,,,,,,,,,,,,,,,,,,,,,,7489,0.7698356509208679
,,,10,,,,,,,,,,,,,,,,,,,,,,,,,,,,,7499,0.12408347427845001
,,,10,,,,,,,,,,,,,,,,,,,,,,,,,,,,,7509,0.5502912402153015
,,,10,,,,,,,,,,,,,,,,,,,,,,,,,,,,,7519,0.0569290965795517
,,,10,,,,,,,,,,,,,,,,,,,,,,,,,,,,,7529,0.07648355513811111
,,,10,,,,,,,,,,,,,,,,,,,,,,,,,,,,,7539,0.03977787122130394
,,,10,,,,,,,,,,,,,,,,,,,,,,,,,,,,,7549,0.004384493455290794
,,,10,,,,,,,,,,,,,,,,,,,,,,,,,,,,,7559,0.004772977437824011
,,,10,,,,,,,,,,,,,,,,,,,,,,,,,,,,,7569,0.02042815461754799
,,,10,,,,,,,,,,,,,,,,,,,,,,,,,,,,,7579,0.02254052460193634
,,,10,,,,,,,,,,,,,,,,,,,,,,,,,,,,,7589,0.010481041856110096
,,,10,,,,,,,,,,,,,,,,,,,,,,,,,,,,,7599,0.318024218082428
,,,10,,,,,,,,,,,,,,,,,,,,,,,,,,,,,7609,0.16565470397472382
,,,10,,,,,,,,,,,,,,,,,,,,,,,,,,,,,7619,0.0887489840388298
,,,10,,,,,,,,,,,,,,,,,,,,,,,,,,,,,7629,0.06257164478302002
,,,10,,,,,,,,,,,,,,,,,,,,,,,,,,,,,7639,0.0070159947499632835
,,,10,,,,,,,,,,,,,,,,,,,,,,,,,,,,,7649,0.0039932625368237495
,,,10,,,,,,,,,,,,,,,,,,,,,,,,,,,,,7659,0.3322344422340393
,,,10,,,,,,,,,,,,,,,,,,,,,,,,,,,,,7669,0.17460353672504425
,,,10,,,,,,,,,,,,,,,,,,,,,,,,,,,,,7679,0.6573581099510193
,,,10,,,,,,,,,,,,,,,,,,,,,,,,,,,,,7689,0.1344115287065506
,,,10,,,,,,,,,,,,,,,,,,,,,,,,,,,,,7699,0.01273413747549057
,,,10,,,,,,,,,,,,,,,,,,,,,,,,,,,,,7709,3.302910804748535
,,,,5.442131952867944e-07,3.0487066715411608e-06,4.69031795621717e-06,4.69031795621717e-06,7.215873778795645e-06,7.215873778795645e-06,1.1101344275070223e-05,1.1101344275070223e-05,1.7078991192415727e-05,1.7078991192415727e-05,2.6275371065254964e-05,5.442131952867944e-07,2.6275371065254964e-05,4.042364779269994e-05,4.042364779269994e-05,6.219022737338454e-05,6.219022737338454e-05,9.567727288213005e-05,9.567727288213005e-05,9.567727288213005e-05,9.567727288213005e-05,8.372510696719912e-07,8.372510696719912e-07,1.2880785687261406e-06,1.2880785687261406e-06,1.9816593365017543e-06,1.9816593365017543e-06,3.0487066715411608e-06,7711,
,,,11,,,,,,,,,,,,,,,,,,,,,,,,,,,,,7719,0.037609294056892395
,,,11,,,,,,,,,,,,,,,,,,,,,,,,,,,,,7729,0.28905510902404785
,,,11,,,,,,,,,,,,,,,,,,,,,,,,,,,,,7739,0.18384236097335815
,,,11,,,,,,,,,,,,,,,,,,,,,,,,,,,,,7749,0.21210576593875885
,,,11,,,,,,,,,,,,,,,,,,,,,,,,,,,,,7759,0.00423456123098731
,,,11,,,,,,,,,,,,,,,,,,,,,,,,,,,,,7769,0.25640803575515747
,,,11,,,,,,,,,,,,,,,,,,,,,,,,,,,,,7779,0.013330891728401184
,,,11,,,,,,,,,,,,,,,,,,,,,,,,,,,,,7789,0.006726483814418316
,,,11,,,,,,,,,,,,,,,,,,,,,,,,,,,,,7799,0.0966431125998497
,,,11,,,,,,,,,,,,,,,,,,,,,,,,,,,,,7809,0.5633647441864014
,,,11,,,,,,,,,,,,,,,,,,,,,,,,,,,,,7819,0.005644937977194786
,,,11,,,,,,,,,,,,,,,,,,,,,,,,,,,,,7829,0.07111171633005142
,,,11,,,,,,,,,,,,,,,,,,,,,,,,,,,,,7839,0.057363320142030716
,,,11,,,,,,,,,,,,,,,,,,,,,,,,,,,,,7849,0.0066831898875534534
,,,11,,,,,,,,,,,,,,,,,,,,,,,,,,,,,7859,0.6910514831542969
,,,11,,,,,,,,,,,,,,,,,,,,,,,,,,,,,7869,0.041303664445877075
,,,11,,,,,,,,,,,,,,,,,,,,,,,,,,,,,7879,0.011834629811346531
,,,11,,,,,,,,,,,,,,,,,,,,,,,,,,,,,7889,0.005978727713227272
,,,11,,,,,,,,,,,,,,,,,,,,,,,,,,,,,7899,0.4607760012149811
,,,11,,,,,,,,,,,,,,,,,,,,,,,,,,,,,7909,0.8705818057060242
,,,11,,,,,,,,,,,,,,,,,,,,,,,,,,,,,7919,0.005550728645175695
,,,11,,,,,,,,,,,,,,,,,,,,,,,,,,,,,7929,0.02991461753845215
,,,11,,,,,,,,,,,,,,,,,,,,,,,,,,,,,7939,0.17182013392448425
,,,11,,,,,,,,,,,,,,,,,,,,,,,,,,,,,7949,0.01395734865218401
,,,11,,,,,,,,,,,,,,,,,,,,,,,,,,,,,7959,0.017127031460404396
,,,11,,,,,,,,,,,,,,,,,,,,,,,,,,,,,7969,0.12876202166080475
,,,11,,,,,,,,,,,,,,,,,,,,,,,,,,,,,7979,0.34176012873649597
,,,11,,,,,,,,,,,,,,,,,,,,,,,,,,,,,7989,0.0051345606334507465
,,,11,,,,,,,,,,,,,,,,,,,,,,,,,,,,,7999,0.336139440536499
,,,11,,,,,,,,,,,,,,,,,,,,,,,,,,,,,8009,0.06824355572462082
,,,11,,,,,,,,,,,,,,,,,,,,,,,,,,,,,8019,0.006362306419759989
,,,11,,,,,,,,,,,,,,,,,,,,,,,,,,,,,8029,0.26671719551086426
,,,11,,,,,,,,,,,,,,,,,,,,,,,,,,,,,8039,0.041415948420763016
,,,11,,,,,,,,,,,,,,,,,,,,,,,,,,,,,8049,0.01131471712142229
,,,11,,,,,,,,,,,,,,,,,,,,,,,,,,,,,8059,0.05466536805033684
,,,11,,,,,,,,,,,,,,,,,,,,,,,,,,,,,8069,0.017749281600117683
,,,11,,,,,,,,,,,,,,,,,,,,,,,,,,,,,8079,0.0029311603866517544
,,,11,,,,,,,,,,,,,,,,,,,,,,,,,,,,,8089,0.016192642971873283
,,,11,,,,,,,,,,,,,,,,,,,,,,,,,,,,,8099,0.4894341230392456
,,,11,,,,,,,,,,,,,,,,,,,,,,,,,,,,,8109,0.005693548824638128
,,,11,,,,,,,,,,,,,,,,,,,,,,,,,,,,,8119,0.0032607964240014553
,,,11,,,,,,,,,,,,,,,,,,,,,,,,,,,,,8129,0.02025989443063736
,,,11,,,,,,,,,,,,,,,,,,,,,,,,,,,,,8139,0.012381174601614475
,,,11,,,,,,,,,,,,,,,,,,,,,,,,,,,,,8149,0.015707705169916153
,,,11,,,,,,,,,,,,,,,,,,,,,,,,,,,,,8159,0.0995384007692337
,,,11,,,,,,,,,,,,,,,,,,,,,,,,,,,,,8169,0.012158028781414032
,,,11,,,,,,,,,,,,,,,,,,,,,,,,,,,,,8179,0.40782418847084045
,,,11,,,,,,,,,,,,,,,,,,,,,,,,,,,,,8189,0.14936760067939758
,,,11,,,,,,,,,,,,,,,,,,,,,,,,,,,,,8199,0.2772182524204254
,,,11,,,,,,,,,,,,,,,,,,,,,,,,,,,,,8209,0.015080570243299007
,,,11,,,,,,,,,,,,,,,,,,,,,,,,,,,,,8219,0.21733905375003815
,,,11,,,,,,,,,,,,,,,,,,,,,,,,,,,,,8229,0.710005521774292
,,,11,,,,,,,,,,,,,,,,,,,,,,,,,,,,,8239,0.44104522466659546
,,,11,,,,,,,,,,,,,,,,,,,,,,,,,,,,,8249,0.016338642686605453
,,,11,,,,,,,,,,,,,,,,,,,,,,,,,,,,,8259,0.04146164655685425
,,,11,,,,,,,,,,,,,,,,,,,,,,,,,,,,,8269,0.02077988162636757
,,,11,,,,,,,,,,,,,,,,,,,,,,,,,,,,,8279,0.002707645995542407
,,,11,,,,,,,,,,,,,,,,,,,,,,,,,,,,,8289,0.026680530980229378
,,,11,,,,,,,,,,,,,,,,,,,,,,,,,,,,,8299,0.0170778539031744
,,,11,,,,,,,,,,,,,,,,,,,,,,,,,,,,,8309,0.387624591588974
,,,11,,,,,,,,,,,,,,,,,,,,,,,,,,,,,8319,0.011379793286323547
,,,11,,,,,,,,,,,,,,,,,,,,,,,,,,,,,8329,0.034876901656389236
,,,11,,,,,,,,,,,,,,,,,,,,,,,,,,,,,8339,0.01335185393691063
,,,11,,,,,,,,,,,,,,,,,,,,,,,,,,,,,8349,0.004865866154432297
,,,11,,,,,,,,,,,,,,,,,,,,,,,,,,,,,8359,0.330387681722641
,,,11,,,,,,,,,,,,,,,,,,,,,,,,,,,,,8369,0.005593896843492985
,,,11,,,,,,,,,,,,,,,,,,,,,,,,,,,,,8379,0.5515989065170288
,,,11,,,,,,,,,,,,,,,,,,,,,,,,,,,,,8389,0.0044806054793298244
,,,11,,,,,,,,,,,,,,,,,,,,,,,,,,,,,8399,0.04789474979043007
,,,11,,,,,,,,,,,,,,,,,,,,,,,,,,,,,8409,0.03172510862350464
,,,,5.355111486767334e-07,2.999957417046929e-06,4.615319103149121e-06,4.615319103149121e-06,7.100490927921724e-06,7.100490927921724e-06,1.0923832196802652e-05,1.0923832196802652e-05,1.6805895687388695e-05,1.6805895687388695e-05,2.5855224134444144e-05,5.355111486767334e-07,2.5855224134444144e-05,3.977726789914484e-05,3.977726789914484e-05,6.119579676791514e-05,6.119579676791514e-05,9.414737964294636e-05,9.414737964294636e-05,9.414737964294636e-05,9.414737964294636e-05,8.238633056565128e-07,8.238633056565128e-07,1.2674820087023274e-06,1.2674820087023274e-06,1.9499723210805035e-06,1.9499723210805035e-06,2.999957417046929e-06,8412,
,,,12,,,,,,,,,,,,,,,,,,,,,,,,,,,,,8419,0.005936656147241592
,,,12,,,,,,,,,,,,,,,,,,,,,,,,,,,,,8429,0.061135102063417435
,,,12,,,,,,,,,,,,,,,,,,,,,,,,,,,,,8439,0.09444282203912735
,,,12,,,,,,,,,,,,,,,,,,,,,,,,,,,,,8449,0.006196982227265835
,,,12,,,,,,,,,,,,,,,,,,,,,,,,,,,,,8459,0.5078141093254089
,,,12,,,,,,,,,,,,,,,,,,,,,,,,,,,,,8469,0.27570509910583496
,,,12,,,,,,,,,,,,,,,,,,,,,,,,,,,,,8479,0.00785514060407877
,,,12,,,,,,,,,,,,,,,,,,,,,,,,,,,,,8489,0.008187047205865383
,,,12,,,,,,,,,,,,,,,,,,,,,,,,,,,,,8499,0.18114106357097626
,,,12,,,,,,,,,,,,,,,,,,,,,,,,,,,,,8509,0.017489314079284668
,,,12,,,,,,,,,,,,,,,,,,,,,,,,,,,,,8519,0.017354130744934082
,,,12,,,,,,,,,,,,,,,,,,,,,,,,,,,,,8529,0.07850702106952667
,,,12,,,,,,,,,,,,,,,,,,,,,,,,,,,,,8539,0.029101047664880753
,,,12,,,,,,,,,,,,,,,,,,,,,,,,,,,,,8549,0.014684107154607773
,,,12,,,,,,,,,,,,,,,,,,,,,,,,,,,,,8559,0.027544381096959114
,,,12,,,,,,,,,,,,,,,,,,,,,,,,,,,,,8569,0.016735780984163284
,,,12,,,,,,,,,,,,,,,,,,,,,,,,,,,,,8579,0.006035955157130957
,,,12,,,,,,,,,,,,,,,,,,,,,,,,,,,,,8589,0.00974322110414505
,,,12,,,,,,,,,,,,,,,,,,,,,,,,,,,,,8599,0.06169261783361435
,,,12,,,,,,,,,,,,,,,,,,,,,,,,,,,,,8609,0.12686286866664886
,,,12,,,,,,,,,,,,,,,,,,,,,,,,,,,,,8619,0.014610514044761658
,,,12,,,,,,,,,,,,,,,,,,,,,,,,,,,,,8629,0.012921573594212532
,,,12,,,,,,,,,,,,,,,,,,,,,,,,,,,,,8639,2.623725175857544
,,,12,,,,,,,,,,,,,,,,,,,,,,,,,,,,,8649,0.009535955265164375
,,,12,,,,,,,,,,,,,,,,,,,,,,,,,,,,,8659,0.021592747420072556
,,,12,,,,,,,,,,,,,,,,,,,,,,,,,,,,,8669,0.03659418597817421
,,,12,,,,,,,,,,,,,,,,,,,,,,,,,,,,,8679,0.009537532925605774
,,,12,,,,,,,,,,,,,,,,,,,,,,,,,,,,,8689,0.052535295486450195
,,,12,,,,,,,,,,,,,,,,,,,,,,,,,,,,,8699,0.011271942406892776
,,,12,,,,,,,,,,,,,,,,,,,,,,,,,,,,,8709,0.011541462503373623
,,,12,,,,,,,,,,,,,,,,,,,,,,,,,,,,,8719,0.08326263725757599
,,,12,,,,,,,,,,,,,,,,,,,,,,,,,,,,,8729,0.00605942914262414
,,,12,,,,,,,,,,,,,,,,,,,,,,,,,,,,,8739,0.22453808784484863
,,,12,,,,,,,,,,,,,,,,,,,,,,,,,,,,,8749,0.002510982798412442
,,,12,,,,,,,,,,,,,,,,,,,,,,,,,,,,,8759,0.008724138140678406
,,,12,,,,,,,,,,,,,,,,,,,,,,,,,,,,,8769,0.0049390546046197414
,,,12,,,,,,,,,,,,,,,,,,,,,,,,,,,,,8779,0.017408806830644608
,,,12,,,,,,,,,,,,,,,,,,,,,,,,,,,,,8789,0.010373339988291264
,,,12,,,,,,,,,,,,,,,,,,,,,,,,,,,,,8799,0.0523374117910862
,,,12,,,,,,,,,,,,,,,,,,,,,,,,,,,,,8809,0.012378938496112823
,,,12,,,,,,,,,,,,,,,,,,,,,,,,,,,,,8819,0.018069952726364136
,,,12,,,,,,,,,,,,,,,,,,,,,,,,,,,,,8829,0.06604874134063721
,,,12,,,,,,,,,,,,,,,,,,,,,,,,,,,,,8839,0.005114100873470306
,,,12,,,,,,,,,,,,,,,,,,,,,,,,,,,,,8849,0.16164381802082062
,,,12,,,,,,,,,,,,,,,,,,,,,,,,,,,,,8859,0.006954405922442675
,,,12,,,,,,,,,,,,,,,,,,,,,,,,,,,,,8869,0.19074968993663788
,,,12,,,,,,,,,,,,,,,,,,,,,,,,,,,,,8879,0.4488292336463928
,,,12,,,,,,,,,,,,,,,,,,,,,,,,,,,,,8889,0.3030848801136017
,,,12,,,,,,,,,,,,,,,,,,,,,,,,,,,,,8899,0.02756962738931179
,,,12,,,,,,,,,,,,,,,,,,,,,,,,,,,,,8909,0.9027135372161865
,,,12,,,,,,,,,,,,,,,,,,,,,,,,,,,,,8919,0.06615734100341797
,,,12,,,,,,,,,,,,,,,,,,,,,,,,,,,,,8929,0.021872445940971375
,,,12,,,,,,,,,,,,,,,,,,,,,,,,,,,,,8939,0.13981963694095612
,,,12,,,,,,,,,,,,,,,,,,,,,,,,,,,,,8949,0.04257142171263695
,,,12,,,,,,,,,,,,,,,,,,,,,,,,,,,,,8959,0.086551733314991
,,,12,,,,,,,,,,,,,,,,,,,,,,,,,,,,,8969,0.21264219284057617
,,,12,,,,,,,,,,,,,,,,,,,,,,,,,,,,,8979,0.18248343467712402
,,,12,,,,,,,,,,,,,,,,,,,,,,,,,,,,,8989,0.002902102656662464
,,,12,,,,,,,,,,,,,,,,,,,,,,,,,,,,,8999,0.01177843939512968
,,,12,,,,,,,,,,,,,,,,,,,,,,,,,,,,,9009,0.058535050600767136
,,,12,,,,,,,,,,,,,,,,,,,,,,,,,,,,,9019,0.32549920678138733
,,,12,,,,,,,,,,,,,,,,,,,,,,,,,,,,,9029,0.02555195242166519
,,,12,,,,,,,,,,,,,,,,,,,,,,,,,,,,,9039,0.13428184390068054
,,,12,,,,,,,,,,,,,,,,,,,,,,,,,,,,,9049,0.005529657006263733
,,,12,,,,,,,,,,,,,,,,,,,,,,,,,,,,,9059,0.005987049080431461
,,,12,,,,,,,,,,,,,,,,,,,,,,,,,,,,,9069,0.003230402944609523
,,,12,,,,,,,,,,,,,,,,,,,,,,,,,,,,,9079,0.003331221407279372
,,,12,,,,,,,,,,,,,,,,,,,,,,,,,,,,,9089,0.10383107513189316
,,,12,,,,,,,,,,,,,,,,,,,,,,,,,,,,,9099,0.11742570996284485
,,,12,,,,,,,,,,,,,,,,,,,,,,,,,,,,,9109,0.9669068455696106
,,,,5.255857159996507e-07,2.9443546990632016e-06,4.529776460097233e-06,4.529776460097233e-06,6.96888686168805e-06,6.96888686168805e-06,1.0721364402597e-05,1.0721364402597e-05,1.649440677322615e-05,1.649440677322615e-05,2.5376010420347926e-05,5.255857159996507e-07,2.5376010420347926e-05,3.90400160313045e-05,3.90400160313045e-05,6.006156312508385e-05,6.006156312508385e-05,9.24024048078213e-05,9.24024048078213e-05,9.24024048078213e-05,9.24024048078213e-05,8.085934092302317e-07,8.085934092302317e-07,1.2439898603542026e-06,1.2439898603542026e-06,1.913830554391081e-06,1.913830554391081e-06,2.9443546990632016e-06,9113,
,,,13,,,,,,,,,,,,,,,,,,,,,,,,,,,,,9119,0.01811845786869526
,,,13,,,,,,,,,,,,,,,,,,,,,,,,,,,,,9129,0.07474224269390106
,,,13,,,,,,,,,,,,,,,,,,,,,,,,,,,,,9139,0.010510608553886414
,,,13,,,,,,,,,,,,,,,,,,,,,,,,,,,,,9149,0.012564622797071934
,,,13,,,,,,,,,,,,,,,,,,,,,,,,,,,,,9159,0.019390033558011055
,,,13,,,,,,,,,,,,,,,,,,,,,,,,,,,,,9169,0.1126897782087326
,,,13,,,,,,,,,,,,,,,,,,,,,,,,,,,,,9179,0.24710722267627716
,,,13,,,,,,,,,,,,,,,,,,,,,,,,,,,,,9189,0.0107897212728858
,,,13,,,,,,,,,,,,,,,,,,,,,,,,,,,,,9199,0.014081376604735851
,,,13,,,,,,,,,,,,,,,,,,,,,,,,,,,,,9209,0.00400145398452878
,,,13,,,,,,,,,,,,,,,,,,,,,,,,,,,,,9219,0.015423142351210117
,,,13,,,,,,,,,,,,,,,,,,,,,,,,,,,,,9229,0.01181055698543787
,,,13,,,,,,,,,,,,,,,,,,,,,,,,,,,,,9239,0.02878693863749504
,,,13,,,,,,,,,,,,,,,,,,,,,,,,,,,,,9249,0.07244408875703812
,,,13,,,,,,,,,,,,,,,,,,,,,,,,,,,,,9259,0.06765579432249069
,,,13,,,,,,,,,,,,,,,,,,,,,,,,,,,,,9269,0.011105002835392952
,,,13,,,,,,,,,,,,,,,,,,,,,,,,,,,,,9279,0.0030134564731270075
,,,13,,,,,,,,,,,,,,,,,,,,,,,,,,,,,9289,0.13272014260292053
,,,13,,,,,,,,,,,,,,,,,,,,,,,,,,,,,9299,0.004029958508908749
,,,13,,,,,,,,,,,,,,,,,,,,,,,,,,,,,9309,0.006187358871102333
,,,13,,,,,,,,,,,,,,,,,,,,,,,,,,,,,9319,0.016223682090640068
,,,13,,,,,,,,,,,,,,,,,,,,,,,,,,,,,9329,0.05695754289627075
,,,13,,,,,,,,,,,,,,,,,,,,,,,,,,,,,9339,0.00410840380936861
,,,13,,,,,,,,,,,,,,,,,,,,,,,,,,,,,9349,0.004390229005366564
,,,13,,,,,,,,,,,,,,,,,,,,,,,,,,,,,9359,0.01018486451357603
,,,13,,,,,,,,,,,,,,,,,,,,,,,,,,,,,9369,0.008662410080432892
,,,13,,,,,,,,,,,,,,,,,,,,,,,,,,,,,9379,0.40266603231430054
,,,13,,,,,,,,,,,,,,,,,,,,,,,,,,,,,9389,0.15088339149951935
,,,13,,,,,,,,,,,,,,,,,,,,,,,,,,,,,9399,0.0019513238221406937
,,,13,,,,,,,,,,,,,,,,,,,,,,,,,,,,,9409,0.11078955233097076
,,,13,,,,,,,,,,,,,,,,,,,,,,,,,,,,,9419,0.048439785838127136
,,,13,,,,,,,,,,,,,,,,,,,,,,,,,,,,,9429,0.004175123292952776
,,,13,,,,,,,,,,,,,,,,,,,,,,,,,,,,,9439,0.015025168657302856
,,,13,,,,,,,,,,,,,,,,,,,,,,,,,,,,,9449,0.011332975700497627
,,,13,,,,,,,,,,,,,,,,,,,,,,,,,,,,,9459,0.030664142221212387
,,,13,,,,,,,,,,,,,,,,,,,,,,,,,,,,,9469,0.002206396544352174
,,,13,,,,,,,,,,,,,,,,,,,,,,,,,,,,,9479,2.02136492729187
,,,13,,,,,,,,,,,,,,,,,,,,,,,,,,,,,9489,0.0039059489499777555
,,,13,,,,,,,,,,,,,,,,,,,,,,,,,,,,,9499,0.06683352589607239
,,,13,,,,,,,,,,,,,,,,,,,,,,,,,,,,,9509,0.05273432657122612
,,,13,,,,,,,,,,,,,,,,,,,,,,,,,,,,,9519,0.040403105318546295
,,,13,,,,,,,,,,,,,,,,,,,,,,,,,,,,,9529,0.27116870880126953
,,,13,,,,,,,,,,,,,,,,,,,,,,,,,,,,,9539,0.06269527971744537
,,,13,,,,,,,,,,,,,,,,,,,,,,,,,,,,,9549,0.06641929596662521
,,,13,,,,,,,,,,,,,,,,,,,,,,,,,,,,,9559,0.005418921820819378
,,,13,,,,,,,,,,,,,,,,,,,,,,,,,,,,,9569,0.0035802091006189585
,,,13,,,,,,,,,,,,,,,,,,,,,,,,,,,,,9579,0.024413026869297028
,,,13,,,,,,,,,,,,,,,,,,,,,,,,,,,,,9589,0.030127502977848053
,,,13,,,,,,,,,,,,,,,,,,,,,,,,,,,,,9599,0.0012102702166885138
,,,13,,,,,,,,,,,,,,,,,,,,,,,,,,,,,9609,0.014972158707678318
,,,13,,,,,,,,,,,,,,,,,,,,,,,,,,,,,9619,0.004473550710827112
,,,13,,,,,,,,,,,,,,,,,,,,,,,,,,,,,9629,0.04980197921395302
,,,13,,,,,,,,,,,,,,,,,,,,,,,,,,,,,9639,0.5994090437889099
,,,13,,,,,,,,,,,,,,,,,,,,,,,,,,,,,9649,0.03337650001049042
,,,13,,,,,,,,,,,,,,,,,,,,,,,,,,,,,9659,0.2064780592918396
,,,13,,,,,,,,,,,,,,,,,,,,,,,,,,,,,9669,0.5768192410469055
,,,13,,,,,,,,,,,,,,,,,,,,,,,,,,,,,9679,0.004412171896547079
,,,13,,,,,,,,,,,,,,,,,,,,,,,,,,,,,9689,0.02488543465733528
,,,13,,,,,,,,,,,,,,,,,,,,,,,,,,,,,9699,0.010179582051932812
,,,13,,,,,,,,,,,,,,,,,,,,,,,,,,,,,9709,0.6743190288543701
,,,13,,,,,,,,,,,,,,,,,,,,,,,,,,,,,9719,0.009794959798455238
,,,13,,,,,,,,,,,,,,,,,,,,,,,,,,,,,9729,0.0031864058692008257
,,,13,,,,,,,,,,,,,,,,,,,,,,,,,,,,,9739,0.1772247850894928
,,,13,,,,,,,,,,,,,,,,,,,,,,,,,,,,,9749,0.04998510703444481
,,,13,,,,,,,,,,,,,,,,,,,,,,,,,,,,,9759,0.030516885221004486
,,,13,,,,,,,,,,,,,,,,,,,,,,,,,,,,,9769,0.02663438208401203
,,,13,,,,,,,,,,,,,,,,,,,,,,,,,,,,,9779,0.039425428956747055
,,,13,,,,,,,,,,,,,,,,,,,,,,,,,,,,,9789,0.7567574381828308
,,,13,,,,,,,,,,,,,,,,,,,,,,,,,,,,,9799,0.01733257621526718
,,,13,,,,,,,,,,,,,,,,,,,,,,,,,,,,,9809,0.0722767561674118
,,,,5.144852529658481e-07,2.882169408442831e-06,4.43410678221974e-06,4.43410678221974e-06,6.8217027418765215e-06,6.8217027418765215e-06,1.0494927295194649e-05,1.0494927295194649e-05,1.614604199260715e-05,1.614604199260715e-05,2.4840064604011e-05,5.144852529658481e-07,2.4840064604011e-05,3.821548400617077e-05,3.821548400617077e-05,5.87930523171858e-05,5.87930523171858e-05,9.045084971874738e-05,9.045084971874738e-05,9.045084971874738e-05,9.045084971874738e-05,7.915157737936124e-07,7.915157737936124e-07,1.2177165750670961e-06,1.2177165750670961e-06,1.87341011548784e-06,1.87341011548784e-06,2.882169408442831e-06,9814,
,,,14,,,,,,,,,,,,,,,,,,,,,,,,,,,,,9819,0.5091148018836975
,,,14,,,,,,,,,,,,,,,,,,,,,,,,,,,,,9829,0.0953889861702919
,,,14,,,,,,,,,,,,,,,,,,,,,,,,,,,,,9839,0.026845084503293037
,,,14,,,,,,,,,,,,,,,,,,,,,,,,,,,,,9849,0.03499183803796768
,,,14,,,,,,,,,,,,,,,,,,,,,,,,,,,,,9859,0.03621998429298401
,,,14,,,,,,,,,,,,,,,,,,,,,,,,,,,,,9869,0.021418066695332527
,,,14,,,,,,,,,,,,,,,,,,,,,,,,,,,,,9879,0.006918901111930609
,,,14,,,,,,,,,,,,,,,,,,,,,,,,,,,,,9889,0.006602369714528322
,,,14,,,,,,,,,,,,,,,,,,,,,,,,,,,,,9899,0.14822080731391907
,,,14,,,,,,,,,,,,,,,,,,,,,,,,,,,,,9909,0.005090857390314341
,,,14,,,,,,,,,,,,,,,,,,,,,,,,,,,,,9919,0.23566633462905884
,,,14,,,,,,,,,,,,,,,,,,,,,,,,,,,,,9929,0.004209226928651333
,,,14,,,,,,,,,,,,,,,,,,,,,,,,,,,,,9939,0.015861475840210915
,,,14,,,,,,,,,,,,,,,,,,,,,,,,,,,,,9949,0.02598896250128746
,,,14,,,,,,,,,,,,,,,,,,,,,,,,,,,,,9959,0.01039901189506054
,,,14,,,,,,,,,,,,,,,,,,,,,,,,,,,,,9969,0.005247552413493395
,,,14,,,,,,,,,,,,,,,,,,,,,,,,,,,,,9979,0.16648542881011963
,,,14,,,,,,,,,,,,,,,,,,,,,,,,,,,,,9989,0.062848299741745
,,,14,,,,,,,,,,,,,,,,,,,,,,,,,,,,,9999,0.016568439081311226
,,,14,,,,,,,,,,,,,,,,,,,,,,,,,,,,,10009,0.045722197741270065
,,,14,,,,,,,,,,,,,,,,,,,,,,,,,,,,,10019,0.017458558082580566
,,,14,,,,,,,,,,,,,,,,,,,,,,,,,,,,,10029,0.003987333737313747
,,,14,,,,,,,,,,,,,,,,,,,,,,,,,,,,,10039,0.03443353995680809
,,,14,,,,,,,,,,,,,,,,,,,,,,,,,,,,,10049,0.016162505373358727
,,,14,,,,,,,,,,,,,,,,,,,,,,,,,,,,,10059,0.0029965583235025406
,,,14,,,,,,,,,,,,,,,,,,,,,,,,,,,,,10069,0.043667908757925034
,,,14,,,,,,,,,,,,,,,,,,,,,,,,,,,,,10079,0.2279287874698639
,,,14,,,,,,,,,,,,,,,,,,,,,,,,,,,,,10089,0.0036665562074631453
,,,14,,,,,,,,,,,,,,,,,,,,,,,,,,,,,10099,0.002555110491812229
,,,14,,,,,,,,,,,,,,,,,,,,,,,,,,,,,10109,1.1643491983413696
,,,14,,,,,,,,,,,,,,,,,,,,,,,,,,,,,10119,0.0371476449072361
,,,14,,,,,,,,,,,,,,,,,,,,,,,,,,,,,10129,0.07616880536079407
,,,14,,,,,,,,,,,,,,,,,,,,,,,,,,,,,10139,0.11369594931602478
,,,14,,,,,,,,,,,,,,,,,,,,,,,,,,,,,10149,0.14930813014507294
,,,14,,,,,,,,,,,,,,,,,,,,,,,,,,,,,10159,0.008375507779419422
,,,14,,,,,,,,,,,,,,,,,,,,,,,,,,,,,10169,0.0021512717939913273
,,,14,,,,,,,,,,,,,,,,,,,,,,,,,,,,,10179,0.02517974190413952
,,,14,,,,,,,,,,,,,,,,,,,,,,,,,,,,,10189,0.04768591746687889
,,,14,,,,,,,,,,,,,,,,,,,,,,,,,,,,,10199,0.021601596847176552
,,,14,,,,,,,,,,,,,,,,,,,,,,,,,,,,,10209,0.004297169391065836
,,,14,,,,,,,,,,,,,,,,,,,,,,,,,,,,,10219,0.04141276702284813
,,,14,,,,,,,,,,,,,,,,,,,,,,,,,,,,,10229,0.015880241990089417
,,,14,,,,,,,,,,,,,,,,,,,,,,,,,,,,,10239,0.009822865016758442
,,,14,,,,,,,,,,,,,,,,,,,,,,,,,,,,,10249,0.05946124345064163
,,,14,,,,,,,,,,,,,,,,,,,,,,,,,,,,,10259,0.08225805312395096
,,,14,,,,,,,,,,,,,,,,,,,,,,,,,,,,,10269,0.029338136315345764
,,,14,,,,,,,,,,,,,,,,,,,,,,,,,,,,,10279,0.005327669437974691
,,,14,,,,,,,,,,,,,,,,,,,,,,,,,,,,,10289,0.4136870503425598
,,,14,,,,,,,,,,,,,,,,,,,,,,,,,,,,,10299,0.04441804438829422
,,,14,,,,,,,,,,,,,,,,,,,,,,,,,,,,,10309,0.37670648097991943
,,,14,,,,,,,,,,,,,,,,,,,,,,,,,,,,,10319,0.15184855461120605
,,,14,,,,,,,,,,,,,,,,,,,,,,,,,,,,,10329,0.9934291243553162
,,,14,,,,,,,,,,,,,,,,,,,,,,,,,,,,,10339,0.11525744944810867
,,,14,,,,,,,,,,,,,,,,,,,,,,,,,,,,,10349,0.410712867975235
,,,14,,,,,,,,,,,,,,,,,,,,,,,,,,,,,10359,0.17601746320724487
,,,14,,,,,,,,,,,,,,,,,,,,,,,,,,,,,10369,0.031497009098529816
,,,14,,,,,,,,,,,,,,,,,,,,,,,,,,,,,10379,0.02702009677886963
,,,14,,,,,,,,,,,,,,,,,,,,,,,,,,,,,10389,0.015652604401111603
,,,14,,,,,,,,,,,,,,,,,,,,,,,,,,,,,10399,0.04068987816572189
,,,14,,,,,,,,,,,,,,,,,,,,,,,,,,,,,10409,0.21450816094875336
,,,14,,,,,,,,,,,,,,,,,,,,,,,,,,,,,10419,0.007655962370336056
,,,14,,,,,,,,,,,,,,,,,,,,,,,,,,,,,10429,0.02262721210718155
,,,14,,,,,,,,,,,,,,,,,,,,,,,,,,,,,10439,0.01733093149960041
,,,14,,,,,,,,,,,,,,,,,,,,,,,,,,,,,10449,0.0028703610878437757
,,,14,,,,,,,,,,,,,,,,,,,,,,,,,,,,,10459,0.053826894611120224
,,,14,,,,,,,,,,,,,,,,,,,,,,,,,,,,,10469,0.00420986395329237
,,,14,,,,,,,,,,,,,,,,,,,,,,,,,,,,,10479,0.005845591891556978
,,,14,,,,,,,,,,,,,,,,,,,,,,,,,,,,,10489,0.003047547535970807
,,,14,,,,,,,,,,,,,,,,,,,,,,,,,,,,,10499,0.0073446668684482574
,,,14,,,,,,,,,,,,,,,,,,,,,,,,,,,,,10509,0.0047428179532289505
0.8227847814559937,0.7724957466125488,0.8800773620605469,14,,,,,,,,,,,,,,,,,,,,,,,,,,,,,10514,
,,,,5.022638399154116e-07,2.813704505670875e-06,4.328776162570576e-06,4.328776162570576e-06,6.659655634723963e-06,6.659655634723963e-06,1.0245624053421482e-05,1.0245624053421482e-05,1.5762498543725355e-05,1.5762498543725355e-05,2.4249997759577468e-05,5.022638399154116e-07,2.4249997759577468e-05,3.730768886088841e-05,3.730768886088841e-05,5.739644440136679e-05,5.739644440136679e-05,8.83022221559489e-05,8.83022221559489e-05,8.83022221559489e-05,8.83022221559489e-05,7.72713599869864e-07,7.72713599869864e-07,1.1887901536459447e-06,1.1887901536459447e-06,1.8289079286860687e-06,1.8289079286860687e-06,2.813704505670875e-06,10515,
,,,15,,,,,,,,,,,,,,,,,,,,,,,,,,,,,10519,0.013292310759425163
,,,15,,,,,,,,,,,,,,,,,,,,,,,,,,,,,10529,0.002662867307662964
,,,15,,,,,,,,,,,,,,,,,,,,,,,,,,,,,10539,0.005204050801694393
,,,15,,,,,,,,,,,,,,,,,,,,,,,,,,,,,10549,0.0046311537735164165
,,,15,,,,,,,,,,,,,,,,,,,,,,,,,,,,,10559,0.0013691277708858252
,,,15,,,,,,,,,,,,,,,,,,,,,,,,,,,,,10569,0.1062730923295021
,,,15,,,,,,,,,,,,,,,,,,,,,,,,,,,,,10579,0.0025712265633046627
,,,15,,,,,,,,,,,,,,,,,,,,,,,,,,,,,10589,0.04322278872132301
,,,15,,,,,,,,,,,,,,,,,,,,,,,,,,,,,10599,0.03565945848822594
,,,15,,,,,,,,,,,,,,,,,,,,,,,,,,,,,10609,0.12412893772125244
,,,15,,,,,,,,,,,,,,,,,,,,,,,,,,,,,10619,0.03891085833311081
,,,15,,,,,,,,,,,,,,,,,,,,,,,,,,,,,10629,0.0031401272863149643
,,,15,,,,,,,,,,,,,,,,,,,,,,,,,,,,,10639,0.0033771961461752653
,,,15,,,,,,,,,,,,,,,,,,,,,,,,,,,,,10649,0.03074110485613346
,,,15,,,,,,,,,,,,,,,,,,,,,,,,,,,,,10659,0.0752103328704834
,,,15,,,,,,,,,,,,,,,,,,,,,,,,,,,,,10669,0.023537995293736458
,,,15,,,,,,,,,,,,,,,,,,,,,,,,,,,,,10679,0.012845037505030632
,,,15,,,,,,,,,,,,,,,,,,,,,,,,,,,,,10689,0.25747236609458923
,,,15,,,,,,,,,,,,,,,,,,,,,,,,,,,,,10699,0.2760068476200104
,,,15,,,,,,,,,,,,,,,,,,,,,,,,,,,,,10709,0.004018072504550219
,,,15,,,,,,,,,,,,,,,,,,,,,,,,,,,,,10719,0.011872333474457264
,,,15,,,,,,,,,,,,,,,,,,,,,,,,,,,,,10729,0.013866716995835304
,,,15,,,,,,,,,,,,,,,,,,,,,,,,,,,,,10739,0.005182988941669464
,,,15,,,,,,,,,,,,,,,,,,,,,,,,,,,,,10749,0.004617167171090841
,,,15,,,,,,,,,,,,,,,,,,,,,,,,,,,,,10759,0.00176093855407089
,,,15,,,,,,,,,,,,,,,,,,,,,,,,,,,,,10769,0.0018058232963085175
,,,15,,,,,,,,,,,,,,,,,,,,,,,,,,,,,10779,0.004264241550117731
,,,15,,,,,,,,,,,,,,,,,,,,,,,,,,,,,10789,1.0062898397445679
,,,15,,,,,,,,,,,,,,,,,,,,,,,,,,,,,10799,0.005555684212595224
,,,15,,,,,,,,,,,,,,,,,,,,,,,,,,,,,10809,0.014909375458955765
,,,15,,,,,,,,,,,,,,,,,,,,,,,,,,,,,10819,0.006025324109941721
,,,15,,,,,,,,,,,,,,,,,,,,,,,,,,,,,10829,0.0031806889455765486
,,,15,,,,,,,,,,,,,,,,,,,,,,,,,,,,,10839,0.00808634515851736
,,,15,,,,,,,,,,,,,,,,,,,,,,,,,,,,,10849,0.641975462436676
,,,15,,,,,,,,,,,,,,,,,,,,,,,,,,,,,10859,0.13629163801670074
,,,15,,,,,,,,,,,,,,,,,,,,,,,,,,,,,10869,0.009921004995703697
,,,15,,,,,,,,,,,,,,,,,,,,,,,,,,,,,10879,0.0033732776064425707
,,,15,,,,,,,,,,,,,,,,,,,,,,,,,,,,,10889,0.1457509696483612
,,,15,,,,,,,,,,,,,,,,,,,,,,,,,,,,,10899,0.03765133023262024
,,,15,,,,,,,,,,,,,,,,,,,,,,,,,,,,,10909,0.026107164099812508
,,,15,,,,,,,,,,,,,,,,,,,,,,,,,,,,,10919,0.03092328831553459
,,,15,,,,,,,,,,,,,,,,,,,,,,,,,,,,,10929,0.00953649077564478
,,,15,,,,,,,,,,,,,,,,,,,,,,,,,,,,,10939,0.0022510159760713577
,,,15,,,,,,,,,,,,,,,,,,,,,,,,,,,,,10949,0.1124814972281456
,,,15,,,,,,,,,,,,,,,,,,,,,,,,,,,,,10959,0.006381243467330933
,,,15,,,,,,,,,,,,,,,,,,,,,,,,,,,,,10969,0.0018325572600588202
,,,15,,,,,,,,,,,,,,,,,,,,,,,,,,,,,10979,0.03254404291510582
,,,15,,,,,,,,,,,,,,,,,,,,,,,,,,,,,10989,0.0013143712421879172
,,,15,,,,,,,,,,,,,,,,,,,,,,,,,,,,,10999,0.25953683257102966
,,,15,,,,,,,,,,,,,,,,,,,,,,,,,,,,,11009,0.023458130657672882
,,,15,,,,,,,,,,,,,,,,,,,,,,,,,,,,,11019,0.006016011815518141
,,,15,,,,,,,,,,,,,,,,,,,,,,,,,,,,,11029,0.008343813009560108
,,,15,,,,,,,,,,,,,,,,,,,,,,,,,,,,,11039,0.003570405999198556
,,,15,,,,,,,,,,,,,,,,,,,,,,,,,,,,,11049,0.09756068885326385
,,,15,,,,,,,,,,,,,,,,,,,,,,,,,,,,,11059,0.0028950460255146027
,,,15,,,,,,,,,,,,,,,,,,,,,,,,,,,,,11069,0.013845567591488361
,,,15,,,,,,,,,,,,,,,,,,,,,,,,,,,,,11079,0.00875984225422144
,,,15,,,,,,,,,,,,,,,,,,,,,,,,,,,,,11089,0.16643251478672028
,,,15,,,,,,,,,,,,,,,,,,,,,,,,,,,,,11099,0.006618385668843985
,,,15,,,,,,,,,,,,,,,,,,,,,,,,,,,,,11109,0.020156538113951683
,,,15,,,,,,,,,,,,,,,,,,,,,,,,,,,,,11119,0.048828668892383575
,,,15,,,,,,,,,,,,,,,,,,,,,,,,,,,,,11129,0.001977535430341959
,,,15,,,,,,,,,,,,,,,,,,,,,,,,,,,,,11139,0.014068721793591976
,,,15,,,,,,,,,,,,,,,,,,,,,,,,,,,,,11149,0.007329193875193596
,,,15,,,,,,,,,,,,,,,,,,,,,,,,,,,,,11159,0.050215426832437515
,,,15,,,,,,,,,,,,,,,,,,,,,,,,,,,,,11169,0.008049390278756618
,,,15,,,,,,,,,,,,,,,,,,,,,,,,,,,,,11179,0.8374838829040527
,,,15,,,,,,,,,,,,,,,,,,,,,,,,,,,,,11189,0.014362068846821785
,,,15,,,,,,,,,,,,,,,,,,,,,,,,,,,,,11199,0.002820525784045458
,,,15,,,,,,,,,,,,,,,,,,,,,,,,,,,,,11209,0.004440339747816324
,,,,4.88981018344231e-07,2.739293544871571e-06,4.2142977613408785e-06,4.2142977613408785e-06,6.4835350174475046e-06,6.4835350174475046e-06,9.974669257611545e-06,9.974669257611545e-06,1.534564501171007e-05,1.534564501171007e-05,2.3608684633400107e-05,4.88981018344231e-07,2.3608684633400107e-05,3.6321053282154005e-05,3.6321053282154005e-05,5.587854351100617e-05,5.587854351100617e-05,8.596699001693255e-05,8.596699001693255e-05,8.596699001693255e-05,8.596699001693255e-05,7.522784897603552e-07,7.522784897603552e-07,1.1573515227082388e-06,1.1573515227082388e-06,1.7805408041665213e-06,1.7805408041665213e-06,2.739293544871571e-06,11216,
,,,16,,,,,,,,,,,,,,,,,,,,,,,,,,,,,11219,0.0023135326337069273
,,,16,,,,,,,,,,,,,,,,,,,,,,,,,,,,,11229,0.004946266300976276
,,,16,,,,,,,,,,,,,,,,,,,,,,,,,,,,,11239,0.003947813995182514
,,,16,,,,,,,,,,,,,,,,,,,,,,,,,,,,,11249,0.8803099393844604
,,,16,,,,,,,,,,,,,,,,,,,,,,,,,,,,,11259,0.18874605000019073
,,,16,,,,,,,,,,,,,,,,,,,,,,,,,,,,,11269,0.12706217169761658
,,,16,,,,,,,,,,,,,,,,,,,,,,,,,,,,,11279,0.4913603961467743
,,,16,,,,,,,,,,,,,,,,,,,,,,,,,,,,,11289,0.007710314355790615
,,,16,,,,,,,,,,,,,,,,,,,,,,,,,,,,,11299,0.0037726727314293385
,,,16,,,,,,,,,,,,,,,,,,,,,,,,,,,,,11309,0.003529262961819768
,,,16,,,,,,,,,,,,,,,,,,,,,,,,,,,,,11319,0.007150779478251934
,,,16,,,,,,,,,,,,,,,,,,,,,,,,,,,,,11329,0.01777932606637478
,,,16,,,,,,,,,,,,,,,,,,,,,,,,,,,,,11339,0.00933249481022358
,,,16,,,,,,,,,,,,,,,,,,,,,,,,,,,,,11349,1.1307096481323242
,,,16,,,,,,,,,,,,,,,,,,,,,,,,,,,,,11359,0.062173664569854736
,,,16,,,,,,,,,,,,,,,,,,,,,,,,,,,,,11369,0.12896117568016052
,,,16,,,,,,,,,,,,,,,,,,,,,,,,,,,,,11379,0.21625682711601257
,,,16,,,,,,,,,,,,,,,,,,,,,,,,,,,,,11389,0.004879208281636238
,,,16,,,,,,,,,,,,,,,,,,,,,,,,,,,,,11399,0.01995008997619152
,,,16,,,,,,,,,,,,,,,,,,,,,,,,,,,,,11409,0.05879673734307289
,,,16,,,,,,,,,,,,,,,,,,,,,,,,,,,,,11419,0.7350148558616638
,,,16,,,,,,,,,,,,,,,,,,,,,,,,,,,,,11429,0.05865280330181122
,,,16,,,,,,,,,,,,,,,,,,,,,,,,,,,,,11439,0.004513737745583057
,,,16,,,,,,,,,,,,,,,,,,,,,,,,,,,,,11449,0.03052937053143978
,,,16,,,,,,,,,,,,,,,,,,,,,,,,,,,,,11459,0.03661303222179413
,,,16,,,,,,,,,,,,,,,,,,,,,,,,,,,,,11469,0.0029972048941999674
,,,16,,,,,,,,,,,,,,,,,,,,,,,,,,,,,11479,0.5751205682754517
,,,16,,,,,,,,,,,,,,,,,,,,,,,,,,,,,11489,0.0189681276679039
,,,16,,,,,,,,,,,,,,,,,,,,,,,,,,,,,11499,0.0053970469161868095
,,,16,,,,,,,,,,,,,,,,,,,,,,,,,,,,,11509,0.018137404695153236
,,,16,,,,,,,,,,,,,,,,,,,,,,,,,,,,,11519,0.06395960599184036
,,,16,,,,,,,,,,,,,,,,,,,,,,,,,,,,,11529,0.18579894304275513
,,,16,,,,,,,,,,,,,,,,,,,,,,,,,,,,,11539,0.0067967758513987064
,,,16,,,,,,,,,,,,,,,,,,,,,,,,,,,,,11549,0.011231441050767899
,,,16,,,,,,,,,,,,,,,,,,,,,,,,,,,,,11559,0.004335828125476837
,,,16,,,,,,,,,,,,,,,,,,,,,,,,,,,,,11569,0.052211251109838486
,,,16,,,,,,,,,,,,,,,,,,,,,,,,,,,,,11579,0.36063170433044434
,,,16,,,,,,,,,,,,,,,,,,,,,,,,,,,,,11589,0.0014132133219391108
,,,16,,,,,,,,,,,,,,,,,,,,,,,,,,,,,11599,0.18507970869541168
,,,16,,,,,,,,,,,,,,,,,,,,,,,,,,,,,11609,0.007468236610293388
,,,16,,,,,,,,,,,,,,,,,,,,,,,,,,,,,11619,0.02188151888549328
,,,16,,,,,,,,,,,,,,,,,,,,,,,,,,,,,11629,0.0026321369223296642
,,,16,,,,,,,,,,,,,,,,,,,,,,,,,,,,,11639,0.3247213065624237
,,,16,,,,,,,,,,,,,,,,,,,,,,,,,,,,,11649,0.002618946833536029
,,,16,,,,,,,,,,,,,,,,,,,,,,,,,,,,,11659,0.008869507350027561
,,,16,,,,,,,,,,,,,,,,,,,,,,,,,,,,,11669,0.010878444649279118
,,,16,,,,,,,,,,,,,,,,,,,,,,,,,,,,,11679,0.12651197612285614
,,,16,,,,,,,,,,,,,,,,,,,,,,,,,,,,,11689,0.0038072546012699604
,,,16,,,,,,,,,,,,,,,,,,,,,,,,,,,,,11699,0.003715801052749157
,,,16,,,,,,,,,,,,,,,,,,,,,,,,,,,,,11709,0.010608071461319923
,,,16,,,,,,,,,,,,,,,,,,,,,,,,,,,,,11719,0.0031997710466384888
,,,16,,,,,,,,,,,,,,,,,,,,,,,,,,,,,11729,0.001978341955691576
,,,16,,,,,,,,,,,,,,,,,,,,,,,,,,,,,11739,0.05736831575632095
,,,16,,,,,,,,,,,,,,,,,,,,,,,,,,,,,11749,0.004905272275209427
,,,16,,,,,,,,,,,,,,,,,,,,,,,,,,,,,11759,0.010772954672574997
,,,16,,,,,,,,,,,,,,,,,,,,,,,,,,,,,11769,0.04159275069832802
,,,16,,,,,,,,,,,,,,,,,,,,,,,,,,,,,11779,0.001953331520780921
,,,16,,,,,,,,,,,,,,,,,,,,,,,,,,,,,11789,0.8153817057609558
,,,16,,,,,,,,,,,,,,,,,,,,,,,,,,,,,11799,0.00858914665877819
,,,16,,,,,,,,,,,,,,,,,,,,,,,,,,,,,11809,0.042696911841630936
,,,16,,,,,,,,,,,,,,,,,,,,,,,,,,,,,11819,0.0044119153171777725
,,,16,,,,,,,,,,,,,,,,,,,,,,,,,,,,,11829,0.42645716667175293
,,,16,,,,,,,,,,,,,,,,,,,,,,,,,,,,,11839,0.02046581171452999
,,,16,,,,,,,,,,,,,,,,,,,,,,,,,,,,,11849,0.13194800913333893
,,,16,,,,,,,,,,,,,,,,,,,,,,,,,,,,,11859,0.08888652920722961
,,,16,,,,,,,,,,,,,,,,,,,,,,,,,,,,,11869,0.00817324873059988
,,,16,,,,,,,,,,,,,,,,,,,,,,,,,,,,,11879,0.0031479070894420147
,,,16,,,,,,,,,,,,,,,,,,,,,,,,,,,,,11889,0.027700789272785187
,,,16,,,,,,,,,,,,,,,,,,,,,,,,,,,,,11899,0.5628948211669922
,,,16,,,,,,,,,,,,,,,,,,,,,,,,,,,,,11909,0.007982253096997738
,,,,4.747015008238162e-07,2.65929904876617e-06,4.091229305794108e-06,4.091229305794108e-06,6.294198931990935e-06,6.294198931990935e-06,9.683382972293745e-06,9.683382972293745e-06,1.48975122650673e-05,1.48975122650673e-05,2.2919249638565074e-05,4.747015008238162e-07,2.2919249638565074e-05,3.5260384059330885e-05,3.5260384059330885e-05,5.42467447066629e-05,5.42467447066629e-05,8.345653031794292e-05,8.345653031794292e-05,8.345653031794292e-05,8.345653031794292e-05,7.303100012674094e-07,7.303100012674094e-07,1.123553848103707e-06,1.123553848103707e-06,1.7285443816980106e-06,1.7285443816980106e-06,2.65929904876617e-06,11917,
,,,17,,,,,,,,,,,,,,,,,,,,,,,,,,,,,11919,0.11575394123792648
,,,17,,,,,,,,,,,,,,,,,,,,,,,,,,,,,11929,0.008629782125353813
,,,17,,,,,,,,,,,,,,,,,,,,,,,,,,,,,11939,0.0016394639387726784
,,,17,,,,,,,,,,,,,,,,,,,,,,,,,,,,,11949,0.0017867404967546463
,,,17,,,,,,,,,,,,,,,,,,,,,,,,,,,,,11959,0.07940180599689484
,,,17,,,,,,,,,,,,,,,,,,,,,,,,,,,,,11969,0.003162915352731943
,,,17,,,,,,,,,,,,,,,,,,,,,,,,,,,,,11979,0.04638150706887245
,,,17,,,,,,,,,,,,,,,,,,,,,,,,,,,,,11989,0.33600088953971863
,,,17,,,,,,,,,,,,,,,,,,,,,,,,,,,,,11999,0.35670575499534607
,,,17,,,,,,,,,,,,,,,,,,,,,,,,,,,,,12009,0.0019000278552994132
,,,17,,,,,,,,,,,,,,,,,,,,,,,,,,,,,12019,0.02924095094203949
,,,17,,,,,,,,,,,,,,,,,,,,,,,,,,,,,12029,0.002712439512833953
,,,17,,,,,,,,,,,,,,,,,,,,,,,,,,,,,12039,0.009698843583464622
,,,17,,,,,,,,,,,,,,,,,,,,,,,,,,,,,12049,0.0031163000967353582
,,,17,,,,,,,,,,,,,,,,,,,,,,,,,,,,,12059,0.010335241444408894
,,,17,,,,,,,,,,,,,,,,,,,,,,,,,,,,,12069,0.2057899534702301
,,,17,,,,,,,,,,,,,,,,,,,,,,,,,,,,,12079,0.008596396073698997
,,,17,,,,,,,,,,,,,,,,,,,,,,,,,,,,,12089,0.0035623982548713684
,,,17,,,,,,,,,,,,,,,,,,,,,,,,,,,,,12099,0.4853335916996002
,,,17,,,,,,,,,,,,,,,,,,,,,,,,,,,,,12109,0.009169724769890308
,,,17,,,,,,,,,,,,,,,,,,,,,,,,,,,,,12119,0.01855350285768509
,,,17,,,,,,,,,,,,,,,,,,,,,,,,,,,,,12129,0.0027923162560909986
,,,17,,,,,,,,,,,,,,,,,,,,,,,,,,,,,12139,0.0015708578284829855
,,,17,,,,,,,,,,,,,,,,,,,,,,,,,,,,,12149,0.03310881182551384
,,,17,,,,,,,,,,,,,,,,,,,,,,,,,,,,,12159,0.08824340254068375
,,,17,,,,,,,,,,,,,,,,,,,,,,,,,,,,,12169,0.0050420393235981464
,,,17,,,,,,,,,,,,,,,,,,,,,,,,,,,,,12179,1.5725162029266357
,,,17,,,,,,,,,,,,,,,,,,,,,,,,,,,,,12189,0.0036112386733293533
,,,17,,,,,,,,,,,,,,,,,,,,,,,,,,,,,12199,0.001458914834074676
,,,17,,,,,,,,,,,,,,,,,,,,,,,,,,,,,12209,0.0014174249954521656
,,,17,,,,,,,,,,,,,,,,,,,,,,,,,,,,,12219,0.0028143932577222586
,,,17,,,,,,,,,,,,,,,,,,,,,,,,,,,,,12229,0.06124744936823845
,,,17,,,,,,,,,,,,,,,,,,,,,,,,,,,,,12239,0.14680717885494232
,,,17,,,,,,,,,,,,,,,,,,,,,,,,,,,,,12249,0.004501358140259981
,,,17,,,,,,,,,,,,,,,,,,,,,,,,,,,,,12259,0.06996539235115051
,,,17,,,,,,,,,,,,,,,,,,,,,,,,,,,,,12269,0.006141118239611387
,,,17,,,,,,,,,,,,,,,,,,,,,,,,,,,,,12279,0.006219185423105955
,,,17,,,,,,,,,,,,,,,,,,,,,,,,,,,,,12289,0.0027911129873245955
,,,17,,,,,,,,,,,,,,,,,,,,,,,,,,,,,12299,0.002368677407503128
,,,17,,,,,,,,,,,,,,,,,,,,,,,,,,,,,12309,0.005221976432949305
,,,17,,,,,,,,,,,,,,,,,,,,,,,,,,,,,12319,0.044709935784339905
,,,17,,,,,,,,,,,,,,,,,,,,,,,,,,,,,12329,0.06440775096416473
,,,17,,,,,,,,,,,,,,,,,,,,,,,,,,,,,12339,0.0039261141791939735
,,,17,,,,,,,,,,,,,,,,,,,,,,,,,,,,,12349,0.0016376660205423832
,,,17,,,,,,,,,,,,,,,,,,,,,,,,,,,,,12359,0.004468265455216169
,,,17,,,,,,,,,,,,,,,,,,,,,,,,,,,,,12369,0.2588726580142975
,,,17,,,,,,,,,,,,,,,,,,,,,,,,,,,,,12379,0.005221464205533266
,,,17,,,,,,,,,,,,,,,,,,,,,,,,,,,,,12389,0.02929522655904293
,,,17,,,,,,,,,,,,,,,,,,,,,,,,,,,,,12399,0.015006941743195057
,,,17,,,,,,,,,,,,,,,,,,,,,,,,,,,,,12409,0.25172752141952515
,,,17,,,,,,,,,,,,,,,,,,,,,,,,,,,,,12419,0.014912731945514679
,,,17,,,,,,,,,,,,,,,,,,,,,,,,,,,,,12429,0.007478547748178244
,,,17,,,,,,,,,,,,,,,,,,,,,,,,,,,,,12439,0.0014586147153750062
,,,17,,,,,,,,,,,,,,,,,,,,,,,,,,,,,12449,0.01737842708826065
,,,17,,,,,,,,,,,,,,,,,,,,,,,,,,,,,12459,0.006240469869226217
,,,17,,,,,,,,,,,,,,,,,,,,,,,,,,,,,12469,1.2998465299606323
,,,17,,,,,,,,,,,,,,,,,,,,,,,,,,,,,12479,0.08084675669670105
,,,17,,,,,,,,,,,,,,,,,,,,,,,,,,,,,12489,0.04223660007119179
,,,17,,,,,,,,,,,,,,,,,,,,,,,,,,,,,12499,0.030307196080684662
,,,17,,,,,,,,,,,,,,,,,,,,,,,,,,,,,12509,0.002699409844353795
,,,17,,,,,,,,,,,,,,,,,,,,,,,,,,,,,12519,0.010719768702983856
,,,17,,,,,,,,,,,,,,,,,,,,,,,,,,,,,12529,0.0055752284824848175
,,,17,,,,,,,,,,,,,,,,,,,,,,,,,,,,,12539,0.005650922190397978
,,,17,,,,,,,,,,,,,,,,,,,,,,,,,,,,,12549,0.004439007956534624
,,,17,,,,,,,,,,,,,,,,,,,,,,,,,,,,,12559,0.007939891889691353
,,,17,,,,,,,,,,,,,,,,,,,,,,,,,,,,,12569,0.0013190924655646086
,,,17,,,,,,,,,,,,,,,,,,,,,,,,,,,,,12579,0.0029222324956208467
,,,17,,,,,,,,,,,,,,,,,,,,,,,,,,,,,12589,0.0039016001392155886
,,,17,,,,,,,,,,,,,,,,,,,,,,,,,,,,,12599,0.002608303679153323
,,,17,,,,,,,,,,,,,,,,,,,,,,,,,,,,,12609,0.11996442079544067
,,,,4.5949485572815476e-07,2.5741107424986786e-06,3.960170373074889e-06,3.960170373074889e-06,6.092569804730599e-06,6.092569804730599e-06,9.373184314970152e-06,9.373184314970152e-06,1.4420283561492542e-05,1.4420283561492542e-05,2.2185051633065447e-05,4.5949485572815476e-07,2.2185051633065447e-05,3.4130848666254534e-05,3.4130848666254534e-05,5.2508997948083897e-05,5.2508997948083897e-05,8.07830737662829e-05,8.07830737662829e-05,8.07830737662829e-05,8.07830737662829e-05,7.069151626586995e-07,7.069151626586995e-07,1.0875617887056918e-06,1.0875617887056918e-06,1.673171982624141e-06,1.673171982624141e-06,2.5741107424986786e-06,12618,
,,,18,,,,,,,,,,,,,,,,,,,,,,,,,,,,,12619,0.0036202932242304087
,,,18,,,,,,,,,,,,,,,,,,,,,,,,,,,,,12629,0.019026771187782288
,,,18,,,,,,,,,,,,,,,,,,,,,,,,,,,,,12639,0.002969340654090047
,,,18,,,,,,,,,,,,,,,,,,,,,,,,,,,,,12649,0.4434913694858551
,,,18,,,,,,,,,,,,,,,,,,,,,,,,,,,,,12659,0.0029970158357173204
,,,18,,,,,,,,,,,,,,,,,,,,,,,,,,,,,12669,0.17329001426696777
,,,18,,,,,,,,,,,,,,,,,,,,,,,,,,,,,12679,0.0011128735495731235
,,,18,,,,,,,,,,,,,,,,,,,,,,,,,,,,,12689,0.004908459261059761
,,,18,,,,,,,,,,,,,,,,,,,,,,,,,,,,,12699,0.03147166594862938
,,,18,,,,,,,,,,,,,,,,,,,,,,,,,,,,,12709,0.003394498722627759
,,,18,,,,,,,,,,,,,,,,,,,,,,,,,,,,,12719,0.004122512880712748
,,,18,,,,,,,,,,,,,,,,,,,,,,,,,,,,,12729,0.0037328610196709633
,,,18,,,,,,,,,,,,,,,,,,,,,,,,,,,,,12739,0.07336127758026123
,,,18,,,,,,,,,,,,,,,,,,,,,,,,,,,,,12749,0.011936686001718044
,,,18,,,,,,,,,,,,,,,,,,,,,,,,,,,,,12759,0.06969644874334335
,,,18,,,,,,,,,,,,,,,,,,,,,,,,,,,,,12769,0.021424831822514534
,,,18,,,,,,,,,,,,,,,,,,,,,,,,,,,,,12779,0.003172176657244563
,,,18,,,,,,,,,,,,,,,,,,,,,,,,,,,,,12789,0.5106802582740784
,,,18,,,,,,,,,,,,,,,,,,,,,,,,,,,,,12799,0.013554654084146023
,,,18,,,,,,,,,,,,,,,,,,,,,,,,,,,,,12809,0.0840478166937828
,,,18,,,,,,,,,,,,,,,,,,,,,,,,,,,,,12819,0.01548789907246828
,,,18,,,,,,,,,,,,,,,,,,,,,,,,,,,,,12829,0.05545751377940178
,,,18,,,,,,,,,,,,,,,,,,,,,,,,,,,,,12839,0.00382995861582458
,,,18,,,,,,,,,,,,,,,,,,,,,,,,,,,,,12849,0.30540168285369873
,,,18,,,,,,,,,,,,,,,,,,,,,,,,,,,,,12859,0.13067121803760529
,,,18,,,,,,,,,,,,,,,,,,,,,,,,,,,,,12869,0.005889007356017828
,,,18,,,,,,,,,,,,,,,,,,,,,,,,,,,,,12879,0.011118622496724129
,,,18,,,,,,,,,,,,,,,,,,,,,,,,,,,,,12889,0.007917867973446846
,,,18,,,,,,,,,,,,,,,,,,,,,,,,,,,,,12899,0.0029805919621139765
,,,18,,,,,,,,,,,,,,,,,,,,,,,,,,,,,12909,0.043666187673807144
,,,18,,,,,,,,,,,,,,,,,,,,,,,,,,,,,12919,0.09005695581436157
,,,18,,,,,,,,,,,,,,,,,,,,,,,,,,,,,12929,0.002785956021398306
,,,18,,,,,,,,,,,,,,,,,,,,,,,,,,,,,12939,1.1430926322937012
,,,18,,,,,,,,,,,,,,,,,,,,,,,,,,,,,12949,0.026125693693757057
,,,18,,,,,,,,,,,,,,,,,,,,,,,,,,,,,12959,0.7460373044013977
,,,18,,,,,,,,,,,,,,,,,,,,,,,,,,,,,12969,0.20180979371070862
,,,18,,,,,,,,,,,,,,,,,,,,,,,,,,,,,12979,0.02576415054500103
,,,18,,,,,,,,,,,,,,,,,,,,,,,,,,,,,12989,0.00497093889862299
,,,18,,,,,,,,,,,,,,,,,,,,,,,,,,,,,12999,0.007200453896075487
,,,18,,,,,,,,,,,,,,,,,,,,,,,,,,,,,13009,0.004167802166193724
,,,18,,,,,,,,,,,,,,,,,,,,,,,,,,,,,13019,0.06700503826141357
,,,18,,,,,,,,,,,,,,,,,,,,,,,,,,,,,13029,0.7426090240478516
,,,18,,,,,,,,,,,,,,,,,,,,,,,,,,,,,13039,0.12976357340812683
,,,18,,,,,,,,,,,,,,,,,,,,,,,,,,,,,13049,0.09675588458776474
,,,18,,,,,,,,,,,,,,,,,,,,,,,,,,,,,13059,0.0037310339976102114
,,,18,,,,,,,,,,,,,,,,,,,,,,,,,,,,,13069,0.030521873384714127
,,,18,,,,,,,,,,,,,,,,,,,,,,,,,,,,,13079,0.01004768442362547
,,,18,,,,,,,,,,,,,,,,,,,,,,,,,,,,,13089,0.07069949060678482
,,,18,,,,,,,,,,,,,,,,,,,,,,,,,,,,,13099,0.39557501673698425
,,,18,,,,,,,,,,,,,,,,,,,,,,,,,,,,,13109,0.09766635298728943
,,,18,,,,,,,,,,,,,,,,,,,,,,,,,,,,,13119,0.02610544115304947
,,,18,,,,,,,,,,,,,,,,,,,,,,,,,,,,,13129,0.05563760921359062
,,,18,,,,,,,,,,,,,,,,,,,,,,,,,,,,,13139,0.016376124694943428
,,,18,,,,,,,,,,,,,,,,,,,,,,,,,,,,,13149,0.003983743488788605
,,,18,,,,,,,,,,,,,,,,,,,,,,,,,,,,,13159,0.11131993681192398
,,,18,,,,,,,,,,,,,,,,,,,,,,,,,,,,,13169,0.04397570714354515
,,,18,,,,,,,,,,,,,,,,,,,,,,,,,,,,,13179,0.09274063259363174
,,,18,,,,,,,,,,,,,,,,,,,,,,,,,,,,,13189,0.0047673191875219345
,,,18,,,,,,,,,,,,,,,,,,,,,,,,,,,,,13199,0.028461048379540443
,,,18,,,,,,,,,,,,,,,,,,,,,,,,,,,,,13209,0.0025143451057374477
,,,18,,,,,,,,,,,,,,,,,,,,,,,,,,,,,13219,0.22708629071712494
,,,18,,,,,,,,,,,,,,,,,,,,,,,,,,,,,13229,0.010091104544699192
,,,18,,,,,,,,,,,,,,,,,,,,,,,,,,,,,13239,0.18303699791431427
,,,18,,,,,,,,,,,,,,,,,,,,,,,,,,,,,13249,0.0038879448547959328
,,,18,,,,,,,,,,,,,,,,,,,,,,,,,,,,,13259,0.0016377924475818872
,,,18,,,,,,,,,,,,,,,,,,,,,,,,,,,,,13269,0.002714758273214102
,,,18,,,,,,,,,,,,,,,,,,,,,,,,,,,,,13279,0.2884975075721741
,,,18,,,,,,,,,,,,,,,,,,,,,,,,,,,,,13289,0.002396332798525691
,,,18,,,,,,,,,,,,,,,,,,,,,,,,,,,,,13299,0.2822159230709076
,,,18,,,,,,,,,,,,,,,,,,,,,,,,,,,,,13309,0.017407987266778946
,,,,4.4343516830358614e-07,2.484143654934133e-06,3.821759469129435e-06,3.821759469129435e-06,5.879629952506824e-06,5.879629952506824e-06,9.045584542318189e-06,9.045584542318189e-06,1.3916283911258752e-05,1.3916283911258752e-05,2.1409667555782694e-05,4.4343516830358614e-07,2.1409667555782694e-05,3.293795008581953e-05,3.293795008581953e-05,5.067376936279928e-05,5.067376936279928e-05,7.795964517353735e-05,7.795964517353735e-05,7.795964517353735e-05,7.795964517353735e-05,6.822079512362862e-07,6.822079512362862e-07,1.0495506942096713e-06,1.0495506942096713e-06,1.6146933757071865e-06,1.6146933757071865e-06,2.484143654934133e-06,13319,
,,,19,,,,,,,,,,,,,,,,,,,,,,,,,,,,,13319,0.005424250848591328
,,,19,,,,,,,,,,,,,,,,,,,,,,,,,,,,,13329,0.37211769819259644
,,,19,,,,,,,,,,,,,,,,,,,,,,,,,,,,,13339,0.0025371049996465445
,,,19,,,,,,,,,,,,,,,,,,,,,,,,,,,,,13349,0.005532913841307163
,,,19,,,,,,,,,,,,,,,,,,,,,,,,,,,,,13359,0.006087843794375658
,,,19,,,,,,,,,,,,,,,,,,,,,,,,,,,,,13369,0.8811583518981934
,,,19,,,,,,,,,,,,,,,,,,,,,,,,,,,,,13379,0.01630449667572975
,,,19,,,,,,,,,,,,,,,,,,,,,,,,,,,,,13389,1.0080646276474
,,,19,,,,,,,,,,,,,,,,,,,,,,,,,,,,,13399,0.00362737150862813
,,,19,,,,,,,,,,,,,,,,,,,,,,,,,,,,,13409,0.010469005443155766
,,,19,,,,,,,,,,,,,,,,,,,,,,,,,,,,,13419,0.0194268636405468
,,,19,,,,,,,,,,,,,,,,,,,,,,,,,,,,,13429,0.012032783590257168
,,,19,,,,,,,,,,,,,,,,,,,,,,,,,,,,,13439,0.0019070038106292486
,,,19,,,,,,,,,,,,,,,,,,,,,,,,,,,,,13449,0.004268568940460682
,,,19,,,,,,,,,,,,,,,,,,,,,,,,,,,,,13459,0.002355811186134815
,,,19,,,,,,,,,,,,,,,,,,,,,,,,,,,,,13469,0.03169923275709152
,,,19,,,,,,,,,,,,,,,,,,,,,,,,,,,,,13479,0.003497233148664236
,,,19,,,,,,,,,,,,,,,,,,,,,,,,,,,,,13489,0.4418804347515106
,,,19,,,,,,,,,,,,,,,,,,,,,,,,,,,,,13499,0.0026954440400004387
,,,19,,,,,,,,,,,,,,,,,,,,,,,,,,,,,13509,0.002145220758393407
,,,19,,,,,,,,,,,,,,,,,,,,,,,,,,,,,13519,0.0022435495629906654
,,,19,,,,,,,,,,,,,,,,,,,,,,,,,,,,,13529,0.0053370678797364235
,,,19,,,,,,,,,,,,,,,,,,,,,,,,,,,,,13539,0.0026325546205043793
,,,19,,,,,,,,,,,,,,,,,,,,,,,,,,,,,13549,0.1052115261554718
,,,19,,,,,,,,,,,,,,,,,,,,,,,,,,,,,13559,0.011186853051185608
,,,19,,,,,,,,,,,,,,,,,,,,,,,,,,,,,13569,0.13035041093826294
,,,19,,,,,,,,,,,,,,,,,,,,,,,,,,,,,13579,0.40989407896995544
,,,19,,,,,,,,,,,,,,,,,,,,,,,,,,,,,13589,0.14624178409576416
,,,19,,,,,,,,,,,,,,,,,,,,,,,,,,,,,13599,0.8680875301361084
,,,19,,,,,,,,,,,,,,,,,,,,,,,,,,,,,13609,0.033311549574136734
,,,19,,,,,,,,,,,,,,,,,,,,,,,,,,,,,13619,0.005197073332965374
,,,19,,,,,,,,,,,,,,,,,,,,,,,,,,,,,13629,1.0342646837234497
,,,19,,,,,,,,,,,,,,,,,,,,,,,,,,,,,13639,0.005170470103621483
,,,19,,,,,,,,,,,,,,,,,,,,,,,,,,,,,13649,0.24948541820049286
,,,19,,,,,,,,,,,,,,,,,,,,,,,,,,,,,13659,0.0013399750459939241
,,,19,,,,,,,,,,,,,,,,,,,,,,,,,,,,,13669,0.02578262984752655
,,,19,,,,,,,,,,,,,,,,,,,,,,,,,,,,,13679,0.006836546119302511
,,,19,,,,,,,,,,,,,,,,,,,,,,,,,,,,,13689,0.0020747834350913763
,,,19,,,,,,,,,,,,,,,,,,,,,,,,,,,,,13699,0.0030327034182846546
,,,19,,,,,,,,,,,,,,,,,,,,,,,,,,,,,13709,0.002091428730636835
,,,19,,,,,,,,,,,,,,,,,,,,,,,,,,,,,13719,0.0019388357177376747
,,,19,,,,,,,,,,,,,,,,,,,,,,,,,,,,,13729,0.2121364325284958
,,,19,,,,,,,,,,,,,,,,,,,,,,,,,,,,,13739,0.002942100167274475
,,,19,,,,,,,,,,,,,,,,,,,,,,,,,,,,,13749,0.00709764426574111
,,,19,,,,,,,,,,,,,,,,,,,,,,,,,,,,,13759,0.009034862741827965
,,,19,,,,,,,,,,,,,,,,,,,,,,,,,,,,,13769,0.002592732198536396
,,,19,,,,,,,,,,,,,,,,,,,,,,,,,,,,,13779,0.0025678069796413183
,,,19,,,,,,,,,,,,,,,,,,,,,,,,,,,,,13789,0.04132142290472984
,,,19,,,,,,,,,,,,,,,,,,,,,,,,,,,,,13799,0.013576743192970753
,,,19,,,,,,,,,,,,,,,,,,,,,,,,,,,,,13809,0.004330398980528116
,,,19,,,,,,,,,,,,,,,,,,,,,,,,,,,,,13819,0.010291851125657558
,,,19,,,,,,,,,,,,,,,,,,,,,,,,,,,,,13829,0.00199112924747169
,,,19,,,,,,,,,,,,,,,,,,,,,,,,,,,,,13839,0.0066627212800085545
,,,19,,,,,,,,,,,,,,,,,,,,,,,,,,,,,13849,0.0031550098210573196
,,,19,,,,,,,,,,,,,,,,,,,,,,,,,,,,,13859,0.008702230639755726
,,,19,,,,,,,,,,,,,,,,,,,,,,,,,,,,,13869,0.5537802577018738
,,,19,,,,,,,,,,,,,,,,,,,,,,,,,,,,,13879,0.006698172073811293
,,,19,,,,,,,,,,,,,,,,,,,,,,,,,,,,,13889,0.01717665232717991
,,,19,,,,,,,,,,,,,,,,,,,,,,,,,,,,,13899,0.012147583067417145
,,,19,,,,,,,,,,,,,,,,,,,,,,,,,,,,,13909,0.02458418719470501
,,,19,,,,,,,,,,,,,,,,,,,,,,,,,,,,,13919,0.0037447642534971237
,,,19,,,,,,,,,,,,,,,,,,,,,,,,,,,,,13929,0.0024549062363803387
,,,19,,,,,,,,,,,,,,,,,,,,,,,,,,,,,13939,0.0036332188174128532
,,,19,,,,,,,,,,,,,,,,,,,,,,,,,,,,,13949,0.17096342146396637
,,,19,,,,,,,,,,,,,,,,,,,,,,,,,,,,,13959,0.00221028970554471
,,,19,,,,,,,,,,,,,,,,,,,,,,,,,,,,,13969,0.468208372592926
,,,19,,,,,,,,,,,,,,,,,,,,,,,,,,,,,13979,0.016695411875844002
,,,19,,,,,,,,,,,,,,,,,,,,,,,,,,,,,13989,0.10779380798339844
,,,19,,,,,,,,,,,,,,,,,,,,,,,,,,,,,13999,0.009747182950377464
,,,19,,,,,,,,,,,,,,,,,,,,,,,,,,,,,14009,0.5657872557640076
,,,19,,,,,,,,,,,,,,,,,,,,,,,,,,,,,14019,0.12994590401649475
0.8779565095901489,0.8592592477798462,0.8974854946136475,19,,,,,,,,,,,,,,,,,,,,,,,,,,,,,14019,
,,,,4.266006797329287e-07,2.3898360966796885e-06,3.676670917968751e-06,3.676670917968751e-06,5.656416796875001e-06,5.656416796875001e-06,8.702179687500003e-06,8.702179687500003e-06,1.3387968750000002e-05,1.3387968750000002e-05,2.0596875000000004e-05,4.266006797329287e-07,2.0596875000000004e-05,3.1687500000000005e-05,3.1687500000000005e-05,4.8750000000000006e-05,4.8750000000000006e-05,7.500000000000001e-05,7.500000000000001e-05,7.500000000000001e-05,7.500000000000001e-05,6.563087380506595e-07,6.563087380506595e-07,1.0097057508471684e-06,1.0097057508471684e-06,1.5533934628417975e-06,1.5533934628417975e-06,2.3898360966796885e-06,14020,
,,,20,,,,,,,,,,,,,,,,,,,,,,,,,,,,,14029,0.004507281351834536
,,,20,,,,,,,,,,,,,,,,,,,,,,,,,,,,,14039,0.017132848501205444
,,,20,,,,,,,,,,,,,,,,,,,,,,,,,,,,,14049,0.0798177719116211
,,,20,,,,,,,,,,,,,,,,,,,,,,,,,,,,,14059,0.0023157636169344187
,,,20,,,,,,,,,,,,,,,,,,,,,,,,,,,,,14069,0.39275506138801575
,,,20,,,,,,,,,,,,,,,,,,,,,,,,,,,,,14079,0.008511092513799667
,,,20,,,,,,,,,,,,,,,,,,,,,,,,,,,,,14089,0.006904668640345335
,,,20,,,,,,,,,,,,,,,,,,,,,,,,,,,,,14099,0.003649469232186675
,,,20,,,,,,,,,,,,,,,,,,,,,,,,,,,,,14109,0.004762453492730856
,,,20,,,,,,,,,,,,,,,,,,,,,,,,,,,,,14119,0.17112557590007782
,,,20,,,,,,,,,,,,,,,,,,,,,,,,,,,,,14129,0.00376911205239594
,,,20,,,,,,,,,,,,,,,,,,,,,,,,,,,,,14139,0.1858428418636322
,,,20,,,,,,,,,,,,,,,,,,,,,,,,,,,,,14149,0.003038982395082712
,,,20,,,,,,,,,,,,,,,,,,,,,,,,,,,,,14159,0.003305718069896102
,,,20,,,,,,,,,,,,,,,,,,,,,,,,,,,,,14169,0.16880090534687042
,,,20,,,,,,,,,,,,,,,,,,,,,,,,,,,,,14179,0.005854314658790827
,,,20,,,,,,,,,,,,,,,,,,,,,,,,,,,,,14189,0.004481934942305088
,,,20,,,,,,,,,,,,,,,,,,,,,,,,,,,,,14199,0.16014735400676727
,,,20,,,,,,,,,,,,,,,,,,,,,,,,,,,,,14209,0.2983052432537079
,,,20,,,,,,,,,,,,,,,,,,,,,,,,,,,,,14219,0.046504415571689606
,,,20,,,,,,,,,,,,,,,,,,,,,,,,,,,,,14229,0.11274486780166626
,,,20,,,,,,,,,,,,,,,,,,,,,,,,,,,,,14239,0.0036416517104953527
,,,20,,,,,,,,,,,,,,,,,,,,,,,,,,,,,14249,0.019852517172694206
,,,20,,,,,,,,,,,,,,,,,,,,,,,,,,,,,14259,0.03866732493042946
,,,20,,,,,,,,,,,,,,,,,,,,,,,,,,,,,14269,0.11030468344688416
,,,20,,,,,,,,,,,,,,,,,,,,,,,,,,,,,14279,0.03175729513168335
,,,20,,,,,,,,,,,,,,,,,,,,,,,,,,,,,14289,0.002074181567877531
,,,20,,,,,,,,,,,,,,,,,,,,,,,,,,,,,14299,0.24252387881278992
,,,20,,,,,,,,,,,,,,,,,,,,,,,,,,,,,14309,0.0025185011327266693
,,,20,,,,,,,,,,,,,,,,,,,,,,,,,,,,,14319,0.00883729849010706
,,,20,,,,,,,,,,,,,,,,,,,,,,,,,,,,,14329,0.017209215089678764
,,,20,,,,,,,,,,,,,,,,,,,,,,,,,,,,,14339,0.003395085223019123
,,,20,,,,,,,,,,,,,,,,,,,,,,,,,,,,,14349,0.00525361904874444
,,,20,,,,,,,,,,,,,,,,,,,,,,,,,,,,,14359,0.0027531578671187162
,,,20,,,,,,,,,,,,,,,,,,,,,,,,,,,,,14369,0.0021710044238716364
,,,20,,,,,,,,,,,,,,,,,,,,,,,,,,,,,14379,0.13190919160842896
,,,20,,,,,,,,,,,,,,,,,,,,,,,,,,,,,14389,0.001396202715113759
,,,20,,,,,,,,,,,,,,,,,,,,,,,,,,,,,14399,0.09622980654239655
,,,20,,,,,,,,,,,,,,,,,,,,,,,,,,,,,14409,0.03197983279824257
,,,20,,,,,,,,,,,,,,,,,,,,,,,,,,,,,14419,0.5677084922790527
,,,20,,,,,,,,,,,,,,,,,,,,,,,,,,,,,14429,0.017609136179089546
,,,20,,,,,,,,,,,,,,,,,,,,,,,,,,,,,14439,0.24981261789798737
,,,20,,,,,,,,,,,,,,,,,,,,,,,,,,,,,14449,0.03647630289196968
,,,20,,,,,,,,,,,,,,,,,,,,,,,,,,,,,14459,0.10301367938518524
,,,20,,,,,,,,,,,,,,,,,,,,,,,,,,,,,14469,0.0023723484482616186
,,,20,,,,,,,,,,,,,,,,,,,,,,,,,,,,,14479,0.011520782485604286
,,,20,,,,,,,,,,,,,,,,,,,,,,,,,,,,,14489,0.002812217688187957
,,,20,,,,,,,,,,,,,,,,,,,,,,,,,,,,,14499,0.007984433323144913
,,,20,,,,,,,,,,,,,,,,,,,,,,,,,,,,,14509,0.022626930847764015
,,,20,,,,,,,,,,,,,,,,,,,,,,,,,,,,,14519,0.0748319998383522
,,,20,,,,,,,,,,,,,,,,,,,,,,,,,,,,,14529,0.03344002738595009
,,,20,,,,,,,,,,,,,,,,,,,,,,,,,,,,,14539,0.003599742893129587
,,,20,,,,,,,,,,,,,,,,,,,,,,,,,,,,,14549,0.04312711954116821
,,,20,,,,,,,,,,,,,,,,,,,,,,,,,,,,,14559,0.08381576091051102
,,,20,,,,,,,,,,,,,,,,,,,,,,,,,,,,,14569,0.03153466433286667
,,,20,,,,,,,,,,,,,,,,,,,,,,,,,,,,,14579,0.02287515252828598
,,,20,,,,,,,,,,,,,,,,,,,,,,,,,,,,,14589,0.004631464369595051
,,,20,,,,,,,,,,,,,,,,,,,,,,,,,,,,,14599,0.663044273853302
,,,20,,,,,,,,,,,,,,,,,,,,,,,,,,,,,14609,0.011816251091659069
,,,20,,,,,,,,,,,,,,,,,,,,,,,,,,,,,14619,0.002186879049986601
,,,20,,,,,,,,,,,,,,,,,,,,,,,,,,,,,14629,0.0038033276796340942
,,,20,,,,,,,,,,,,,,,,,,,,,,,,,,,,,14639,0.0818178802728653
,,,20,,,,,,,,,,,,,,,,,,,,,,,,,,,,,14649,0.003421048168092966
,,,20,,,,,,,,,,,,,,,,,,,,,,,,,,,,,14659,0.0028705380391329527
,,,20,,,,,,,,,,,,,,,,,,,,,,,,,,,,,14669,0.03115301951766014
,,,20,,,,,,,,,,,,,,,,,,,,,,,,,,,,,14679,0.006512725725769997
,,,20,,,,,,,,,,,,,,,,,,,,,,,,,,,,,14689,0.004559393506497145
,,,20,,,,,,,,,,,,,,,,,,,,,,,,,,,,,14699,0.002530965255573392
,,,20,,,,,,,,,,,,,,,,,,,,,,,,,,,,,14709,0.0019021984189748764
,,,20,,,,,,,,,,,,,,,,,,,,,,,,,,,,,14719,0.3509734272956848
,,,,4.090734059523017e-07,2.2916475246793973e-06,3.5256115764298415e-06,3.5256115764298415e-06,5.4240178098920635e-06,5.4240178098920635e-06,8.344642784449328e-06,8.344642784449328e-06,1.283791197607589e-05,1.283791197607589e-05,1.975063380934752e-05,4.090734059523017e-07,1.975063380934752e-05,3.0385590475919263e-05,3.0385590475919263e-05,4.674706227064502e-05,4.674706227064502e-05,7.191855733945387e-05,7.191855733945387e-05,7.191855733945387e-05,7.191855733945387e-05,6.293437014650794e-07,6.293437014650794e-07,9.682210791770454e-07,9.682210791770454e-07,1.4895708910416082e-06,1.4895708910416082e-06,2.2916475246793973e-06,14721,
,,,21,,,,,,,,,,,,,,,,,,,,,,,,,,,,,14729,0.015509332530200481
,,,21,,,,,,,,,,,,,,,,,,,,,,,,,,,,,14739,0.00338385091163218
,,,21,,,,,,,,,,,,,,,,,,,,,,,,,,,,,14749,0.7531437873840332
,,,21,,,,,,,,,,,,,,,,,,,,,,,,,,,,,14759,0.00516382185742259
,,,21,,,,,,,,,,,,,,,,,,,,,,,,,,,,,14769,0.0021408763714134693
,,,21,,,,,,,,,,,,,,,,,,,,,,,,,,,,,14779,0.01270355749875307
,,,21,,,,,,,,,,,,,,,,,,,,,,,,,,,,,14789,0.007002252619713545
,,,21,,,,,,,,,,,,,,,,,,,,,,,,,,,,,14799,0.00533386692404747
,,,21,,,,,,,,,,,,,,,,,,,,,,,,,,,,,14809,0.00293384725227952
,,,21,,,,,,,,,,,,,,,,,,,,,,,,,,,,,14819,0.012940625660121441
,,,21,,,,,,,,,,,,,,,,,,,,,,,,,,,,,14829,0.007641705218702555
,,,21,,,,,,,,,,,,,,,,,,,,,,,,,,,,,14839,0.012046393938362598
,,,21,,,,,,,,,,,,,,,,,,,,,,,,,,,,,14849,0.1960039883852005
,,,21,,,,,,,,,,,,,,,,,,,,,,,,,,,,,14859,0.002732695546001196
,,,21,,,,,,,,,,,,,,,,,,,,,,,,,,,,,14869,0.0033684098161756992
,,,21,,,,,,,,,,,,,,,,,,,,,,,,,,,,,14879,0.09896896779537201
,,,21,,,,,,,,,,,,,,,,,,,,,,,,,,,,,14889,0.0014137979596853256
,,,21,,,,,,,,,,,,,,,,,,,,,,,,,,,,,14899,0.002890307456254959
,,,21,,,,,,,,,,,,,,,,,,,,,,,,,,,,,14909,0.0019120953511446714
,,,21,,,,,,,,,,,,,,,,,,,,,,,,,,,,,14919,0.0021943433675915003
,,,21,,,,,,,,,,,,,,,,,,,,,,,,,,,,,14929,0.004674592521041632
,,,21,,,,,,,,,,,,,,,,,,,,,,,,,,,,,14939,0.0018710008589550853
,,,21,,,,,,,,,,,,,,,,,,,,,,,,,,,,,14949,0.002570324344560504
,,,21,,,,,,,,,,,,,,,,,,,,,,,,,,,,,14959,0.008032186888158321
,,,21,,,,,,,,,,,,,,,,,,,,,,,,,,,,,14969,0.002704271348193288
,,,21,,,,,,,,,,,,,,,,,,,,,,,,,,,,,14979,0.5530171394348145
,,,21,,,,,,,,,,,,,,,,,,,,,,,,,,,,,14989,0.006125399377197027
,,,21,,,,,,,,,,,,,,,,,,,,,,,,,,,,,14999,0.019259607419371605
,,,21,,,,,,,,,,,,,,,,,,,,,,,,,,,,,15009,0.0017208682838827372
,,,21,,,,,,,,,,,,,,,,,,,,,,,,,,,,,15019,0.005996144842356443
,,,21,,,,,,,,,,,,,,,,,,,,,,,,,,,,,15029,0.5936267971992493
,,,21,,,,,,,,,,,,,,,,,,,,,,,,,,,,,15039,0.0070558651350438595
,,,21,,,,,,,,,,,,,,,,,,,,,,,,,,,,,15049,0.05347415432333946
,,,21,,,,,,,,,,,,,,,,,,,,,,,,,,,,,15059,0.012757999822497368
,,,21,,,,,,,,,,,,,,,,,,,,,,,,,,,,,15069,0.1304808109998703
,,,21,,,,,,,,,,,,,,,,,,,,,,,,,,,,,15079,0.003521209815517068
,,,21,,,,,,,,,,,,,,,,,,,,,,,,,,,,,15089,0.05526568368077278
,,,21,,,,,,,,,,,,,,,,,,,,,,,,,,,,,15099,0.0017545055598020554
,,,21,,,,,,,,,,,,,,,,,,,,,,,,,,,,,15109,0.001075345673598349
,,,21,,,,,,,,,,,,,,,,,,,,,,,,,,,,,15119,0.0029438799247145653
,,,21,,,,,,,,,,,,,,,,,,,,,,,,,,,,,15129,0.0012388780014589429
,,,21,,,,,,,,,,,,,,,,,,,,,,,,,,,,,15139,0.0009564106003381312
,,,21,,,,,,,,,,,,,,,,,,,,,,,,,,,,,15149,0.07824266701936722
,,,21,,,,,,,,,,,,,,,,,,,,,,,,,,,,,15159,0.10106930881738663
,,,21,,,,,,,,,,,,,,,,,,,,,,,,,,,,,15169,0.002857580780982971
,,,21,,,,,,,,,,,,,,,,,,,,,,,,,,,,,15179,0.5300668478012085
,,,21,,,,,,,,,,,,,,,,,,,,,,,,,,,,,15189,0.004804347176104784
,,,21,,,,,,,,,,,,,,,,,,,,,,,,,,,,,15199,0.00941875483840704
,,,21,,,,,,,,,,,,,,,,,,,,,,,,,,,,,15209,0.005348796956241131
,,,21,,,,,,,,,,,,,,,,,,,,,,,,,,,,,15219,0.005624007899314165
,,,21,,,,,,,,,,,,,,,,,,,,,,,,,,,,,15229,0.003328994382172823
,,,21,,,,,,,,,,,,,,,,,,,,,,,,,,,,,15239,0.009728618897497654
,,,21,,,,,,,,,,,,,,,,,,,,,,,,,,,,,15249,0.1900836080312729
,,,21,,,,,,,,,,,,,,,,,,,,,,,,,,,,,15259,0.12806165218353271
,,,21,,,,,,,,,,,,,,,,,,,,,,,,,,,,,15269,0.014375436119735241
,,,21,,,,,,,,,,,,,,,,,,,,,,,,,,,,,15279,0.0030797298531979322
,,,21,,,,,,,,,,,,,,,,,,,,,,,,,,,,,15289,0.02829677425324917
,,,21,,,,,,,,,,,,,,,,,,,,,,,,,,,,,15299,0.7783961892127991
,,,21,,,,,,,,,,,,,,,,,,,,,,,,,,,,,15309,0.0028650255408138037
,,,21,,,,,,,,,,,,,,,,,,,,,,,,,,,,,15319,0.0026999828405678272
,,,21,,,,,,,,,,,,,,,,,,,,,,,,,,,,,15329,0.008559178560972214
,,,21,,,,,,,,,,,,,,,,,,,,,,,,,,,,,15339,0.013119912706315517
,,,21,,,,,,,,,,,,,,,,,,,,,,,,,,,,,15349,0.03669927269220352
,,,21,,,,,,,,,,,,,,,,,,,,,,,,,,,,,15359,0.8012967705726624
,,,21,,,,,,,,,,,,,,,,,,,,,,,,,,,,,15369,0.03598890081048012
,,,21,,,,,,,,,,,,,,,,,,,,,,,,,,,,,15379,0.010219521820545197
,,,21,,,,,,,,,,,,,,,,,,,,,,,,,,,,,15389,0.002159904921427369
,,,21,,,,,,,,,,,,,,,,,,,,,,,,,,,,,15399,0.011767422780394554
,,,21,,,,,,,,,,,,,,,,,,,,,,,,,,,,,15409,0.009062815457582474
,,,21,,,,,,,,,,,,,,,,,,,,,,,,,,,,,15419,0.24136853218078613
,,,,3.909387380777291e-07,2.1900563037861647e-06,3.3693173904402533e-06,3.3693173904402533e-06,5.183565216061927e-06,5.183565216061927e-06,7.97471571701835e-06,7.97471571701835e-06,1.226879341079746e-05,1.226879341079746e-05,1.8875066785842246e-05,3.909387380777291e-07,1.8875066785842246e-05,2.9038564285911148e-05,2.9038564285911148e-05,4.4674714286017154e-05,4.4674714286017154e-05,6.873032967079561e-05,6.873032967079561e-05,6.873032967079561e-05,6.873032967079561e-05,6.014442124272754e-07,6.014442124272754e-07,9.252987883496547e-07,9.252987883496547e-07,1.423536597461007e-06,1.423536597461007e-06,2.1900563037861647e-06,15422,
,,,22,,,,,,,,,,,,,,,,,,,,,,,,,,,,,15429,0.004067309200763702
,,,22,,,,,,,,,,,,,,,,,,,,,,,,,,,,,15439,0.0050558894872665405
,,,22,,,,,,,,,,,,,,,,,,,,,,,,,,,,,15449,0.4294915199279785
,,,22,,,,,,,,,,,,,,,,,,,,,,,,,,,,,15459,0.006345010362565517
,,,22,,,,,,,,,,,,,,,,,,,,,,,,,,,,,15469,0.05731630325317383
,,,22,,,,,,,,,,,,,,,,,,,,,,,,,,,,,15479,0.07049047946929932
,,,22,,,,,,,,,,,,,,,,,,,,,,,,,,,,,15489,0.12189167737960815
,,,22,,,,,,,,,,,,,,,,,,,,,,,,,,,,,15499,0.00616189232096076
,,,22,,,,,,,,,,,,,,,,,,,,,,,,,,,,,15509,0.011963635683059692
,,,22,,,,,,,,,,,,,,,,,,,,,,,,,,,,,15519,0.022398630157113075
,,,22,,,,,,,,,,,,,,,,,,,,,,,,,,,,,15529,0.002717626513913274
,,,22,,,,,,,,,,,,,,,,,,,,,,,,,,,,,15539,0.016437653452157974
,,,22,,,,,,,,,,,,,,,,,,,,,,,,,,,,,15549,0.051097795367240906
,,,22,,,,,,,,,,,,,,,,,,,,,,,,,,,,,15559,0.0013574359472841024
,,,22,,,,,,,,,,,,,,,,,,,,,,,,,,,,,15569,0.00139908108394593
,,,22,,,,,,,,,,,,,,,,,,,,,,,,,,,,,15579,0.011495786719024181
,,,22,,,,,,,,,,,,,,,,,,,,,,,,,,,,,15589,0.007804526947438717
,,,22,,,,,,,,,,,,,,,,,,,,,,,,,,,,,15599,0.002007394563406706
,,,22,,,,,,,,,,,,,,,,,,,,,,,,,,,,,15609,0.03666703402996063
,,,22,,,,,,,,,,,,,,,,,,,,,,,,,,,,,15619,0.000957392156124115
,,,22,,,,,,,,,,,,,,,,,,,,,,,,,,,,,15629,0.0020414667669683695
,,,22,,,,,,,,,,,,,,,,,,,,,,,,,,,,,15639,0.005383399780839682
,,,22,,,,,,,,,,,,,,,,,,,,,,,,,,,,,15649,0.001157098333351314
,,,22,,,,,,,,,,,,,,,,,,,,,,,,,,,,,15659,0.014129485934972763
,,,22,,,,,,,,,,,,,,,,,,,,,,,,,,,,,15669,0.004006727132946253
,,,22,,,,,,,,,,,,,,,,,,,,,,,,,,,,,15679,0.005134716629981995
,,,22,,,,,,,,,,,,,,,,,,,,,,,,,,,,,15689,0.0037202301900833845
,,,22,,,,,,,,,,,,,,,,,,,,,,,,,,,,,15699,0.0005807146662846208
,,,22,,,,,,,,,,,,,,,,,,,,,,,,,,,,,15709,0.0032061291858553886
,,,22,,,,,,,,,,,,,,,,,,,,,,,,,,,,,15719,0.0028344541788101196
,,,22,,,,,,,,,,,,,,,,,,,,,,,,,,,,,15729,0.008208016864955425
,,,22,,,,,,,,,,,,,,,,,,,,,,,,,,,,,15739,0.0012787611922249198
,,,22,,,,,,,,,,,,,,,,,,,,,,,,,,,,,15749,0.12300035357475281
,,,22,,,,,,,,,,,,,,,,,,,,,,,,,,,,,15759,0.015182089060544968
,,,22,,,,,,,,,,,,,,,,,,,,,,,,,,,,,15769,0.018956340849399567
,,,22,,,,,,,,,,,,,,,,,,,,,,,,,,,,,15779,1.7579641342163086
,,,22,,,,,,,,,,,,,,,,,,,,,,,,,,,,,15789,0.0015072962269186974
,,,22,,,,,,,,,,,,,,,,,,,,,,,,,,,,,15799,0.0021883954759687185
,,,22,,,,,,,,,,,,,,,,,,,,,,,,,,,,,15809,0.019184309989213943
,,,22,,,,,,,,,,,,,,,,,,,,,,,,,,,,,15819,0.0029899312648922205
,,,22,,,,,,,,,,,,,,,,,,,,,,,,,,,,,15829,0.017316855490207672
,,,22,,,,,,,,,,,,,,,,,,,,,,,,,,,,,15839,0.010928153991699219
,,,22,,,,,,,,,,,,,,,,,,,,,,,,,,,,,15849,0.01753898151218891
,,,22,,,,,,,,,,,,,,,,,,,,,,,,,,,,,15859,0.0064651332795619965
,,,22,,,,,,,,,,,,,,,,,,,,,,,,,,,,,15869,0.005750721320509911
,,,22,,,,,,,,,,,,,,,,,,,,,,,,,,,,,15879,0.030980771407485008
,,,22,,,,,,,,,,,,,,,,,,,,,,,,,,,,,15889,0.0023530612234026194
,,,22,,,,,,,,,,,,,,,,,,,,,,,,,,,,,15899,0.0034798486158251762
,,,22,,,,,,,,,,,,,,,,,,,,,,,,,,,,,15909,0.00511751975864172
,,,22,,,,,,,,,,,,,,,,,,,,,,,,,,,,,15919,0.0027215760201215744
,,,22,,,,,,,,,,,,,,,,,,,,,,,,,,,,,15929,0.267061322927475
,,,22,,,,,,,,,,,,,,,,,,,,,,,,,,,,,15939,0.0023880084045231342
,,,22,,,,,,,,,,,,,,,,,,,,,,,,,,,,,15949,0.0009946998907253146
,,,22,,,,,,,,,,,,,,,,,,,,,,,,,,,,,15959,0.01818808726966381
,,,22,,,,,,,,,,,,,,,,,,,,,,,,,,,,,15969,0.07838455587625504
,,,22,,,,,,,,,,,,,,,,,,,,,,,,,,,,,15979,0.6709397435188293
,,,22,,,,,,,,,,,,,,,,,,,,,,,,,,,,,15989,0.0007556955679319799
,,,22,,,,,,,,,,,,,,,,,,,,,,,,,,,,,15999,0.011495083570480347
,,,22,,,,,,,,,,,,,,,,,,,,,,,,,,,,,16009,0.0268532894551754
,,,22,,,,,,,,,,,,,,,,,,,,,,,,,,,,,16019,0.03760160505771637
,,,22,,,,,,,,,,,,,,,,,,,,,,,,,,,,,16029,0.007794049568474293
,,,22,,,,,,,,,,,,,,,,,,,,,,,,,,,,,16039,0.03185497969388962
,,,22,,,,,,,,,,,,,,,,,,,,,,,,,,,,,16049,0.013798106461763382
,,,22,,,,,,,,,,,,,,,,,,,,,,,,,,,,,16059,0.0021940437145531178
,,,22,,,,,,,,,,,,,,,,,,,,,,,,,,,,,16069,0.028704019263386726
,,,22,,,,,,,,,,,,,,,,,,,,,,,,,,,,,16079,0.0014735546428710222
,,,22,,,,,,,,,,,,,,,,,,,,,,,,,,,,,16089,0.003347652265802026
,,,22,,,,,,,,,,,,,,,,,,,,,,,,,,,,,16099,0.00190504000056535
,,,22,,,,,,,,,,,,,,,,,,,,,,,,,,,,,16109,0.009746319614350796
,,,22,,,,,,,,,,,,,,,,,,,,,,,,,,,,,16119,0.0016064280644059181
,,,,3.722850263882052e-07,2.0855573762162682e-06,3.208549809563489e-06,3.208549809563489e-06,4.936230476251522e-06,4.936230476251522e-06,7.594200732694648e-06,7.594200732694648e-06,1.168338574260715e-05,1.168338574260715e-05,1.7974439604011e-05,3.722850263882052e-07,1.7974439604011e-05,2.7652984006170768e-05,2.7652984006170768e-05,4.2543052317185797e-05,4.2543052317185797e-05,6.545084971874738e-05,6.545084971874738e-05,6.545084971874738e-05,6.545084971874738e-05,5.727461944433926e-07,5.727461944433926e-07,8.811479914513733e-07,8.811479914513733e-07,1.3556122945405742e-06,1.3556122945405742e-06,2.0855573762162682e-06,16123,
,,,23,,,,,,,,,,,,,,,,,,,,,,,,,,,,,16129,0.0041637178510427475
,,,23,,,,,,,,,,,,,,,,,,,,,,,,,,,,,16139,0.007414806168526411
,,,23,,,,,,,,,,,,,,,,,,,,,,,,,,,,,16149,0.028725257143378258
,,,23,,,,,,,,,,,,,,,,,,,,,,,,,,,,,16159,0.003731339704245329
,,,23,,,,,,,,,,,,,,,,,,,,,,,,,,,,,16169,0.005747969262301922
,,,23,,,,,,,,,,,,,,,,,,,,,,,,,,,,,16179,0.004475356545299292
,,,23,,,,,,,,,,,,,,,,,,,,,,,,,,,,,16189,0.23154713213443756
,,,23,,,,,,,,,,,,,,,,,,,,,,,,,,,,,16199,0.00583495432510972
,,,23,,,,,,,,,,,,,,,,,,,,,,,,,,,,,16209,0.14055629074573517
,,,23,,,,,,,,,,,,,,,,,,,,,,,,,,,,,16219,0.0031881146132946014
,,,23,,,,,,,,,,,,,,,,,,,,,,,,,,,,,16229,0.0037611478473991156
,,,23,,,,,,,,,,,,,,,,,,,,,,,,,,,,,16239,0.007619722746312618
,,,23,,,,,,,,,,,,,,,,,,,,,,,,,,,,,16249,0.004391289781779051
,,,23,,,,,,,,,,,,,,,,,,,,,,,,,,,,,16259,0.01804168149828911
,,,23,,,,,,,,,,,,,,,,,,,,,,,,,,,,,16269,0.0018140089232474566
,,,23,,,,,,,,,,,,,,,,,,,,,,,,,,,,,16279,0.008650277741253376
,,,23,,,,,,,,,,,,,,,,,,,,,,,,,,,,,16289,0.00516605656594038
,,,23,,,,,,,,,,,,,,,,,,,,,,,,,,,,,16299,0.0027087547350674868
,,,23,,,,,,,,,,,,,,,,,,,,,,,,,,,,,16309,0.0025964302476495504
,,,23,,,,,,,,,,,,,,,,,,,,,,,,,,,,,16319,0.004898175597190857
,,,23,,,,,,,,,,,,,,,,,,,,,,,,,,,,,16329,0.43710577487945557
,,,23,,,,,,,,,,,,,,,,,,,,,,,,,,,,,16339,0.025057457387447357
,,,23,,,,,,,,,,,,,,,,,,,,,,,,,,,,,16349,0.12890174984931946
,,,23,,,,,,,,,,,,,,,,,,,,,,,,,,,,,16359,0.003633827669546008
,,,23,,,,,,,,,,,,,,,,,,,,,,,,,,,,,16369,0.05567048117518425
,,,23,,,,,,,,,,,,,,,,,,,,,,,,,,,,,16379,0.0025952686555683613
,,,23,,,,,,,,,,,,,,,,,,,,,,,,,,,,,16389,0.0022907245438545942
,,,23,,,,,,,,,,,,,,,,,,,,,,,,,,,,,16399,0.010298287495970726
,,,23,,,,,,,,,,,,,,,,,,,,,,,,,,,,,16409,0.002573060104623437
,,,23,,,,,,,,,,,,,,,,,,,,,,,,,,,,,16419,0.0038053374737501144
,,,23,,,,,,,,,,,,,,,,,,,,,,,,,,,,,16429,0.0011799214407801628
,,,23,,,,,,,,,,,,,,,,,,,,,,,,,,,,,16439,0.001383945462293923
,,,23,,,,,,,,,,,,,,,,,,,,,,,,,,,,,16449,0.004008209332823753
,,,23,,,,,,,,,,,,,,,,,,,,,,,,,,,,,16459,0.003506454173475504
,,,23,,,,,,,,,,,,,,,,,,,,,,,,,,,,,16469,0.12918728590011597
,,,23,,,,,,,,,,,,,,,,,,,,,,,,,,,,,16479,0.0027019111439585686
,,,23,,,,,,,,,,,,,,,,,,,,,,,,,,,,,16489,0.009456460364162922
,,,23,,,,,,,,,,,,,,,,,,,,,,,,,,,,,16499,0.31440433859825134
,,,23,,,,,,,,,,,,,,,,,,,,,,,,,,,,,16509,0.003063342534005642
,,,23,,,,,,,,,,,,,,,,,,,,,,,,,,,,,16519,0.0018648463301360607
,,,23,,,,,,,,,,,,,,,,,,,,,,,,,,,,,16529,0.11343696713447571
,,,23,,,,,,,,,,,,,,,,,,,,,,,,,,,,,16539,0.0022048724349588156
,,,23,,,,,,,,,,,,,,,,,,,,,,,,,,,,,16549,0.052147556096315384
,,,23,,,,,,,,,,,,,,,,,,,,,,,,,,,,,16559,0.46493127942085266
,,,23,,,,,,,,,,,,,,,,,,,,,,,,,,,,,16569,0.0066115823574364185
,,,23,,,,,,,,,,,,,,,,,,,,,,,,,,,,,16579,0.11318814009428024
,,,23,,,,,,,,,,,,,,,,,,,,,,,,,,,,,16589,0.0008302617352455854
,,,23,,,,,,,,,,,,,,,,,,,,,,,,,,,,,16599,0.00617830129340291
,,,23,,,,,,,,,,,,,,,,,,,,,,,,,,,,,16609,0.006097711622714996
,,,23,,,,,,,,,,,,,,,,,,,,,,,,,,,,,16619,0.003701046109199524
,,,23,,,,,,,,,,,,,,,,,,,,,,,,,,,,,16629,0.10271117836236954
,,,23,,,,,,,,,,,,,,,,,,,,,,,,,,,,,16639,0.0030848332680761814
,,,23,,,,,,,,,,,,,,,,,,,,,,,,,,,,,16649,0.001901371288113296
,,,23,,,,,,,,,,,,,,,,,,,,,,,,,,,,,16659,0.09248974174261093
,,,23,,,,,,,,,,,,,,,,,,,,,,,,,,,,,16669,0.01852608472108841
,,,23,,,,,,,,,,,,,,,,,,,,,,,,,,,,,16679,0.003300034673884511
,,,23,,,,,,,,,,,,,,,,,,,,,,,,,,,,,16689,0.0015385611914098263
,,,23,,,,,,,,,,,,,,,,,,,,,,,,,,,,,16699,0.0010489645646885037
,,,23,,,,,,,,,,,,,,,,,,,,,,,,,,,,,16709,0.0475098118185997
,,,23,,,,,,,,,,,,,,,,,,,,,,,,,,,,,16719,0.005186143331229687
,,,23,,,,,,,,,,,,,,,,,,,,,,,,,,,,,16729,0.04605832323431969
,,,23,,,,,,,,,,,,,,,,,,,,,,,,,,,,,16739,0.011269868351519108
,,,23,,,,,,,,,,,,,,,,,,,,,,,,,,,,,16749,0.0040709516033530235
,,,23,,,,,,,,,,,,,,,,,,,,,,,,,,,,,16759,0.022532975301146507
,,,23,,,,,,,,,,,,,,,,,,,,,,,,,,,,,16769,0.008117279969155788
,,,23,,,,,,,,,,,,,,,,,,,,,,,,,,,,,16779,1.0910871028900146
,,,23,,,,,,,,,,,,,,,,,,,,,,,,,,,,,16789,0.24811996519565582
,,,23,,,,,,,,,,,,,,,,,,,,,,,,,,,,,16799,0.002248427364975214
,,,23,,,,,,,,,,,,,,,,,,,,,,,,,,,,,16809,0.2823689877986908
,,,23,,,,,,,,,,,,,,,,,,,,,,,,,,,,,16819,0.002365288557484746
,,,,3.53203149892017e-07,1.978659850240633e-06,3.0440920772932807e-06,3.0440920772932807e-06,4.683218580451201e-06,4.683218580451201e-06,7.204951662232617e-06,7.204951662232617e-06,1.108454101881941e-05,1.108454101881941e-05,1.705314002895294e-05,3.53203149892017e-07,1.705314002895294e-05,2.623560004454298e-05,2.623560004454298e-05,4.03624616069892e-05,4.03624616069892e-05,6.209609477998338e-05,6.209609477998338e-05,6.209609477998338e-05,6.209609477998338e-05,5.433894613723337e-07,5.433894613723337e-07,8.359837867266674e-07,8.359837867266674e-07,1.2861289026564112e-06,1.2861289026564112e-06,1.978659850240633e-06,16824,
,,,24,,,,,,,,,,,,,,,,,,,,,,,,,,,,,16829,0.0023928419686853886
,,,24,,,,,,,,,,,,,,,,,,,,,,,,,,,,,16839,0.0036638446617871523
,,,24,,,,,,,,,,,,,,,,,,,,,,,,,,,,,16849,0.0027400264516472816
,,,24,,,,,,,,,,,,,,,,,,,,,,,,,,,,,16859,0.11107855290174484
,,,24,,,,,,,,,,,,,,,,,,,,,,,,,,,,,16869,0.005989984609186649
,,,24,,,,,,,,,,,,,,,,,,,,,,,,,,,,,16879,0.003021678887307644
,,,24,,,,,,,,,,,,,,,,,,,,,,,,,,,,,16889,0.14861728250980377
,,,24,,,,,,,,,,,,,,,,,,,,,,,,,,,,,16899,0.0015341612743213773
,,,24,,,,,,,,,,,,,,,,,,,,,,,,,,,,,16909,0.0036649592220783234
,,,24,,,,,,,,,,,,,,,,,,,,,,,,,,,,,16919,0.07174058258533478
,,,24,,,,,,,,,,,,,,,,,,,,,,,,,,,,,16929,0.35623815655708313
,,,24,,,,,,,,,,,,,,,,,,,,,,,,,,,,,16939,0.010678225196897984
,,,24,,,,,,,,,,,,,,,,,,,,,,,,,,,,,16949,0.005910234060138464
,,,24,,,,,,,,,,,,,,,,,,,,,,,,,,,,,16959,0.006817805115133524
,,,24,,,,,,,,,,,,,,,,,,,,,,,,,,,,,16969,0.009909117594361305
,,,24,,,,,,,,,,,,,,,,,,,,,,,,,,,,,16979,0.012386156246066093
,,,24,,,,,,,,,,,,,,,,,,,,,,,,,,,,,16989,0.017740730196237564
,,,24,,,,,,,,,,,,,,,,,,,,,,,,,,,,,16999,0.002084464766085148
,,,24,,,,,,,,,,,,,,,,,,,,,,,,,,,,,17009,0.013004460372030735
,,,24,,,,,,,,,,,,,,,,,,,,,,,,,,,,,17019,0.008638553321361542
,,,24,,,,,,,,,,,,,,,,,,,,,,,,,,,,,17029,0.00091862230328843
,,,24,,,,,,,,,,,,,,,,,,,,,,,,,,,,,17039,0.0018464558525010943
,,,24,,,,,,,,,,,,,,,,,,,,,,,,,,,,,17049,0.0027990383096039295
,,,24,,,,,,,,,,,,,,,,,,,,,,,,,,,,,17059,0.11422459781169891
,,,24,,,,,,,,,,,,,,,,,,,,,,,,,,,,,17069,0.01600513979792595
,,,24,,,,,,,,,,,,,,,,,,,,,,,,,,,,,17079,0.001587309641763568
,,,24,,,,,,,,,,,,,,,,,,,,,,,,,,,,,17089,0.017070487141609192
,,,24,,,,,,,,,,,,,,,,,,,,,,,,,,,,,17099,0.46487799286842346
,,,24,,,,,,,,,,,,,,,,,,,,,,,,,,,,,17109,0.002685947809368372
,,,24,,,,,,,,,,,,,,,,,,,,,,,,,,,,,17119,0.0019383366452530026
,,,24,,,,,,,,,,,,,,,,,,,,,,,,,,,,,17129,0.004023665562272072
,,,24,,,,,,,,,,,,,,,,,,,,,,,,,,,,,17139,0.014346321113407612
,,,24,,,,,,,,,,,,,,,,,,,,,,,,,,,,,17149,0.014731215313076973
,,,24,,,,,,,,,,,,,,,,,,,,,,,,,,,,,17159,0.11368977278470993
,,,24,,,,,,,,,,,,,,,,,,,,,,,,,,,,,17169,0.451714426279068
,,,24,,,,,,,,,,,,,,,,,,,,,,,,,,,,,17179,0.5232357382774353
,,,24,,,,,,,,,,,,,,,,,,,,,,,,,,,,,17189,0.031042790040373802
,,,24,,,,,,,,,,,,,,,,,,,,,,,,,,,,,17199,0.0024931675288826227
,,,24,,,,,,,,,,,,,,,,,,,,,,,,,,,,,17209,0.0018954937113448977
,,,24,,,,,,,,,,,,,,,,,,,,,,,,,,,,,17219,0.002874667989090085
,,,24,,,,,,,,,,,,,,,,,,,,,,,,,,,,,17229,0.14782798290252686
,,,24,,,,,,,,,,,,,,,,,,,,,,,,,,,,,17239,0.08455272018909454
,,,24,,,,,,,,,,,,,,,,,,,,,,,,,,,,,17249,0.009105736389756203
,,,24,,,,,,,,,,,,,,,,,,,,,,,,,,,,,17259,0.004910012241452932
,,,24,,,,,,,,,,,,,,,,,,,,,,,,,,,,,17269,0.07009778916835785
,,,24,,,,,,,,,,,,,,,,,,,,,,,,,,,,,17279,0.009396813809871674
,,,24,,,,,,,,,,,,,,,,,,,,,,,,,,,,,17289,0.0035135378129780293
,,,24,,,,,,,,,,,,,,,,,,,,,,,,,,,,,17299,0.006474263034760952
,,,24,,,,,,,,,,,,,,,,,,,,,,,,,,,,,17309,0.0020092406775802374
,,,24,,,,,,,,,,,,,,,,,,,,,,,,,,,,,17319,0.14470894634723663
,,,24,,,,,,,,,,,,,,,,,,,,,,,,,,,,,17329,0.5590689182281494
,,,24,,,,,,,,,,,,,,,,,,,,,,,,,,,,,17339,0.012891745194792747
,,,24,,,,,,,,,,,,,,,,,,,,,,,,,,,,,17349,0.008088700473308563
,,,24,,,,,,,,,,,,,,,,,,,,,,,,,,,,,17359,0.00774477468803525
,,,24,,,,,,,,,,,,,,,,,,,,,,,,,,,,,17369,0.005564954597502947
,,,24,,,,,,,,,,,,,,,,,,,,,,,,,,,,,17379,0.02562716044485569
,,,24,,,,,,,,,,,,,,,,,,,,,,,,,,,,,17389,0.001758747617714107
,,,24,,,,,,,,,,,,,,,,,,,,,,,,,,,,,17399,0.1809147298336029
,,,24,,,,,,,,,,,,,,,,,,,,,,,,,,,,,17409,0.17145338654518127
,,,24,,,,,,,,,,,,,,,,,,,,,,,,,,,,,17419,0.0009195033926516771
,,,24,,,,,,,,,,,,,,,,,,,,,,,,,,,,,17429,0.042793963104486465
,,,24,,,,,,,,,,,,,,,,,,,,,,,,,,,,,17439,0.19797901809215546
,,,24,,,,,,,,,,,,,,,,,,,,,,,,,,,,,17449,0.0022667627781629562
,,,24,,,,,,,,,,,,,,,,,,,,,,,,,,,,,17459,0.021437540650367737
,,,24,,,,,,,,,,,,,,,,,,,,,,,,,,,,,17469,0.21887092292308807
,,,24,,,,,,,,,,,,,,,,,,,,,,,,,,,,,17479,0.0020206975750625134
,,,24,,,,,,,,,,,,,,,,,,,,,,,,,,,,,17489,0.0043814051896333694
,,,24,,,,,,,,,,,,,,,,,,,,,,,,,,,,,17499,0.03412528336048126
,,,24,,,,,,,,,,,,,,,,,,,,,,,,,,,,,17509,0.0035097256768494844
,,,24,,,,,,,,,,,,,,,,,,,,,,,,,,,,,17519,0.0009841123828664422
0.8290062546730042,0.7716666460037231,0.8955512642860413,24,,,,,,,,,,,,,,,,,,,,,,,,,,,,,17524,
