dev_f1,dev_precision,dev_recall,epoch,lr-AdamW/pg1,lr-AdamW/pg10,lr-AdamW/pg11,lr-AdamW/pg12,lr-AdamW/pg13,lr-AdamW/pg14,lr-AdamW/pg15,lr-AdamW/pg16,lr-AdamW/pg17,lr-AdamW/pg18,lr-AdamW/pg19,lr-AdamW/pg2,lr-AdamW/pg20,lr-AdamW/pg21,lr-AdamW/pg22,lr-AdamW/pg23,lr-AdamW/pg24,lr-AdamW/pg25,lr-AdamW/pg26,lr-AdamW/pg27,lr-AdamW/pg28,lr-AdamW/pg3,lr-AdamW/pg4,lr-AdamW/pg5,lr-AdamW/pg6,lr-AdamW/pg7,lr-AdamW/pg8,lr-AdamW/pg9,step,train_loss
,,,15,,,,,,,,,,,,,,,,,,,,,,,,,,,,,51309,0.6866372227668762
,,,15,,,,,,,,,,,,,,,,,,,,,,,,,,,,,51319,1.0477395057678223
,,,15,,,,,,,,,,,,,,,,,,,,,,,,,,,,,51329,0.013670363463461399
,,,15,,,,,,,,,,,,,,,,,,,,,,,,,,,,,51339,0.07892816513776779
,,,15,,,,,,,,,,,,,,,,,,,,,,,,,,,,,51349,0.07070823758840561
,,,15,,,,,,,,,,,,,,,,,,,,,,,,,,,,,51359,0.2036738395690918
,,,15,,,,,,,,,,,,,,,,,,,,,,,,,,,,,51369,0.03967365249991417
,,,15,,,,,,,,,,,,,,,,,,,,,,,,,,,,,51379,0.11960576474666595
,,,15,,,,,,,,,,,,,,,,,,,,,,,,,,,,,51389,0.031147340312600136
,,,15,,,,,,,,,,,,,,,,,,,,,,,,,,,,,51399,0.019730180501937866
,,,15,,,,,,,,,,,,,,,,,,,,,,,,,,,,,51409,0.00258361897431314
,,,15,,,,,,,,,,,,,,,,,,,,,,,,,,,,,51419,0.3433285355567932
,,,15,,,,,,,,,,,,,,,,,,,,,,,,,,,,,51429,0.17570985853672028
,,,15,,,,,,,,,,,,,,,,,,,,,,,,,,,,,51439,0.03652996942400932
,,,15,,,,,,,,,,,,,,,,,,,,,,,,,,,,,51449,0.022109827026724815
,,,15,,,,,,,,,,,,,,,,,,,,,,,,,,,,,51459,0.011858046054840088
,,,15,,,,,,,,,,,,,,,,,,,,,,,,,,,,,51469,0.019176170229911804
,,,15,,,,,,,,,,,,,,,,,,,,,,,,,,,,,51479,0.03836808726191521
,,,15,,,,,,,,,,,,,,,,,,,,,,,,,,,,,51489,0.019410278648138046
,,,15,,,,,,,,,,,,,,,,,,,,,,,,,,,,,51499,0.39959606528282166
,,,15,,,,,,,,,,,,,,,,,,,,,,,,,,,,,51509,0.29841968417167664
,,,15,,,,,,,,,,,,,,,,,,,,,,,,,,,,,51519,0.03875487297773361
,,,15,,,,,,,,,,,,,,,,,,,,,,,,,,,,,51529,0.005052291788160801
,,,15,,,,,,,,,,,,,,,,,,,,,,,,,,,,,51539,0.007266178727149963
,,,15,,,,,,,,,,,,,,,,,,,,,,,,,,,,,51549,0.24694199860095978
,,,15,,,,,,,,,,,,,,,,,,,,,,,,,,,,,51559,0.16412267088890076
,,,15,,,,,,,,,,,,,,,,,,,,,,,,,,,,,51569,0.14396043121814728
,,,15,,,,,,,,,,,,,,,,,,,,,,,,,,,,,51579,0.6003504991531372
,,,15,,,,,,,,,,,,,,,,,,,,,,,,,,,,,51589,0.008268451318144798
,,,15,,,,,,,,,,,,,,,,,,,,,,,,,,,,,51599,0.020676488056778908
,,,15,,,,,,,,,,,,,,,,,,,,,,,,,,,,,51609,0.034268688410520554
,,,15,,,,,,,,,,,,,,,,,,,,,,,,,,,,,51619,0.02992049977183342
,,,15,,,,,,,,,,,,,,,,,,,,,,,,,,,,,51629,0.05409851297736168
,,,15,,,,,,,,,,,,,,,,,,,,,,,,,,,,,51639,0.026049958541989326
,,,15,,,,,,,,,,,,,,,,,,,,,,,,,,,,,51649,0.5374571084976196
,,,15,,,,,,,,,,,,,,,,,,,,,,,,,,,,,51659,0.011638478375971317
,,,15,,,,,,,,,,,,,,,,,,,,,,,,,,,,,51669,0.3501514792442322
,,,15,,,,,,,,,,,,,,,,,,,,,,,,,,,,,51679,0.06184285879135132
,,,15,,,,,,,,,,,,,,,,,,,,,,,,,,,,,51689,0.04068818688392639
,,,15,,,,,,,,,,,,,,,,,,,,,,,,,,,,,51699,0.045638296753168106
,,,15,,,,,,,,,,,,,,,,,,,,,,,,,,,,,51709,0.1445726901292801
,,,15,,,,,,,,,,,,,,,,,,,,,,,,,,,,,51719,0.05259687080979347
,,,15,,,,,,,,,,,,,,,,,,,,,,,,,,,,,51729,0.011684304103255272
,,,15,,,,,,,,,,,,,,,,,,,,,,,,,,,,,51739,0.6367623209953308
,,,15,,,,,,,,,,,,,,,,,,,,,,,,,,,,,51749,0.05961877107620239
,,,15,,,,,,,,,,,,,,,,,,,,,,,,,,,,,51759,0.5452109575271606
,,,15,,,,,,,,,,,,,,,,,,,,,,,,,,,,,51769,0.46361133456230164
,,,15,,,,,,,,,,,,,,,,,,,,,,,,,,,,,51779,0.12463553994894028
,,,15,,,,,,,,,,,,,,,,,,,,,,,,,,,,,51789,0.8034847378730774
,,,15,,,,,,,,,,,,,,,,,,,,,,,,,,,,,51799,0.15535379946231842
,,,15,,,,,,,,,,,,,,,,,,,,,,,,,,,,,51809,0.19881470501422882
,,,15,,,,,,,,,,,,,,,,,,,,,,,,,,,,,51819,0.042838361114263535
,,,15,,,,,,,,,,,,,,,,,,,,,,,,,,,,,51829,0.9272334575653076
,,,15,,,,,,,,,,,,,,,,,,,,,,,,,,,,,51839,0.0189062487334013
,,,15,,,,,,,,,,,,,,,,,,,,,,,,,,,,,51849,0.303124338388443
,,,15,,,,,,,,,,,,,,,,,,,,,,,,,,,,,51859,0.22124435007572174
,,,15,,,,,,,,,,,,,,,,,,,,,,,,,,,,,51869,0.04354873299598694
,,,15,,,,,,,,,,,,,,,,,,,,,,,,,,,,,51879,0.07240427285432816
,,,15,,,,,,,,,,,,,,,,,,,,,,,,,,,,,51889,0.004533646162599325
,,,15,,,,,,,,,,,,,,,,,,,,,,,,,,,,,51899,0.024097124114632607
,,,15,,,,,,,,,,,,,,,,,,,,,,,,,,,,,51909,0.004740688484162092
,,,15,,,,,,,,,,,,,,,,,,,,,,,,,,,,,51919,0.07565132528543472
,,,15,,,,,,,,,,,,,,,,,,,,,,,,,,,,,51929,0.029528075829148293
,,,15,,,,,,,,,,,,,,,,,,,,,,,,,,,,,51939,0.045553501695394516
,,,15,,,,,,,,,,,,,,,,,,,,,,,,,,,,,51949,0.06952385604381561
,,,15,,,,,,,,,,,,,,,,,,,,,,,,,,,,,51959,0.009206254966557026
,,,15,,,,,,,,,,,,,,,,,,,,,,,,,,,,,51969,0.005129318218678236
,,,15,,,,,,,,,,,,,,,,,,,,,,,,,,,,,51979,0.0227866992354393
,,,15,,,,,,,,,,,,,,,,,,,,,,,,,,,,,51989,0.17324765026569366
,,,15,,,,,,,,,,,,,,,,,,,,,,,,,,,,,51999,0.5795428156852722
,,,15,,,,,,,,,,,,,,,,,,,,,,,,,,,,,52009,0.002368397545069456
,,,15,,,,,,,,,,,,,,,,,,,,,,,,,,,,,52019,0.004200166556984186
,,,15,,,,,,,,,,,,,,,,,,,,,,,,,,,,,52029,0.012277008965611458
,,,15,,,,,,,,,,,,,,,,,,,,,,,,,,,,,52039,0.977302074432373
,,,15,,,,,,,,,,,,,,,,,,,,,,,,,,,,,52049,0.10408739000558853
,,,15,,,,,,,,,,,,,,,,,,,,,,,,,,,,,52059,0.005941785406321287
,,,15,,,,,,,,,,,,,,,,,,,,,,,,,,,,,52069,0.2357693761587143
,,,15,,,,,,,,,,,,,,,,,,,,,,,,,,,,,52079,0.044051021337509155
,,,15,,,,,,,,,,,,,,,,,,,,,,,,,,,,,52089,0.10471734404563904
,,,15,,,,,,,,,,,,,,,,,,,,,,,,,,,,,52099,0.29003462195396423
,,,15,,,,,,,,,,,,,,,,,,,,,,,,,,,,,52109,0.012005600146949291
,,,15,,,,,,,,,,,,,,,,,,,,,,,,,,,,,52119,0.1911173015832901
,,,15,,,,,,,,,,,,,,,,,,,,,,,,,,,,,52129,0.033821381628513336
,,,15,,,,,,,,,,,,,,,,,,,,,,,,,,,,,52139,0.004794994369149208
,,,15,,,,,,,,,,,,,,,,,,,,,,,,,,,,,52149,0.05334927886724472
,,,15,,,,,,,,,,,,,,,,,,,,,,,,,,,,,52159,0.294473797082901
,,,15,,,,,,,,,,,,,,,,,,,,,,,,,,,,,52169,0.06563161313533783
,,,15,,,,,,,,,,,,,,,,,,,,,,,,,,,,,52179,0.004001800902187824
,,,15,,,,,,,,,,,,,,,,,,,,,,,,,,,,,52189,0.032279014587402344
,,,15,,,,,,,,,,,,,,,,,,,,,,,,,,,,,52199,0.1707274466753006
,,,15,,,,,,,,,,,,,,,,,,,,,,,,,,,,,52209,0.08082391321659088
,,,15,,,,,,,,,,,,,,,,,,,,,,,,,,,,,52219,0.008261489681899548
,,,15,,,,,,,,,,,,,,,,,,,,,,,,,,,,,52229,0.9021837115287781
,,,15,,,,,,,,,,,,,,,,,,,,,,,,,,,,,52239,0.05012829229235649
,,,15,,,,,,,,,,,,,,,,,,,,,,,,,,,,,52249,0.0031077531166374683
,,,15,,,,,,,,,,,,,,,,,,,,,,,,,,,,,52259,0.034836217761039734
,,,15,,,,,,,,,,,,,,,,,,,,,,,,,,,,,52269,0.011623029597103596
,,,15,,,,,,,,,,,,,,,,,,,,,,,,,,,,,52279,0.5557324886322021
,,,15,,,,,,,,,,,,,,,,,,,,,,,,,,,,,52289,0.014750823378562927
,,,15,,,,,,,,,,,,,,,,,,,,,,,,,,,,,52299,0.005325621459633112
,,,15,,,,,,,,,,,,,,,,,,,,,,,,,,,,,52309,0.6393538117408752
,,,15,,,,,,,,,,,,,,,,,,,,,,,,,,,,,52319,0.027912553399801254
,,,15,,,,,,,,,,,,,,,,,,,,,,,,,,,,,52329,0.005640558898448944
,,,15,,,,,,,,,,,,,,,,,,,,,,,,,,,,,52339,0.560671865940094
,,,15,,,,,,,,,,,,,,,,,,,,,,,,,,,,,52349,0.01630404032766819
,,,15,,,,,,,,,,,,,,,,,,,,,,,,,,,,,52359,0.010807786136865616
,,,15,,,,,,,,,,,,,,,,,,,,,,,,,,,,,52369,0.15335747599601746
,,,15,,,,,,,,,,,,,,,,,,,,,,,,,,,,,52379,0.07830487936735153
,,,15,,,,,,,,,,,,,,,,,,,,,,,,,,,,,52389,0.04295775294303894
,,,15,,,,,,,,,,,,,,,,,,,,,,,,,,,,,52399,0.0027692262083292007
,,,15,,,,,,,,,,,,,,,,,,,,,,,,,,,,,52409,0.016149694100022316
,,,15,,,,,,,,,,,,,,,,,,,,,,,,,,,,,52419,0.05696183443069458
,,,15,,,,,,,,,,,,,,,,,,,,,,,,,,,,,52429,0.015476811677217484
,,,15,,,,,,,,,,,,,,,,,,,,,,,,,,,,,52439,0.003327504498884082
,,,15,,,,,,,,,,,,,,,,,,,,,,,,,,,,,52449,0.04252735897898674
,,,15,,,,,,,,,,,,,,,,,,,,,,,,,,,,,52459,0.14541400969028473
,,,15,,,,,,,,,,,,,,,,,,,,,,,,,,,,,52469,0.0917762741446495
,,,15,,,,,,,,,,,,,,,,,,,,,,,,,,,,,52479,0.004297236446291208
,,,15,,,,,,,,,,,,,,,,,,,,,,,,,,,,,52489,0.09462645649909973
,,,15,,,,,,,,,,,,,,,,,,,,,,,,,,,,,52499,0.004627380520105362
,,,15,,,,,,,,,,,,,,,,,,,,,,,,,,,,,52509,0.3434346914291382
,,,15,,,,,,,,,,,,,,,,,,,,,,,,,,,,,52519,0.009653047658503056
,,,15,,,,,,,,,,,,,,,,,,,,,,,,,,,,,52529,0.004739454481750727
,,,15,,,,,,,,,,,,,,,,,,,,,,,,,,,,,52539,0.11294379830360413
,,,15,,,,,,,,,,,,,,,,,,,,,,,,,,,,,52549,0.01326144952327013
,,,15,,,,,,,,,,,,,,,,,,,,,,,,,,,,,52559,0.32600799202919006
,,,15,,,,,,,,,,,,,,,,,,,,,,,,,,,,,52569,0.10281185805797577
,,,15,,,,,,,,,,,,,,,,,,,,,,,,,,,,,52579,0.6221961379051208
,,,15,,,,,,,,,,,,,,,,,,,,,,,,,,,,,52589,0.2901908755302429
,,,15,,,,,,,,,,,,,,,,,,,,,,,,,,,,,52599,0.020113233476877213
,,,15,,,,,,,,,,,,,,,,,,,,,,,,,,,,,52609,0.10599629580974579
,,,15,,,,,,,,,,,,,,,,,,,,,,,,,,,,,52619,0.00840905774384737
,,,15,,,,,,,,,,,,,,,,,,,,,,,,,,,,,52629,0.007886527106165886
,,,15,,,,,,,,,,,,,,,,,,,,,,,,,,,,,52639,0.007966377772390842
,,,15,,,,,,,,,,,,,,,,,,,,,,,,,,,,,52649,0.03317795321345329
,,,15,,,,,,,,,,,,,,,,,,,,,,,,,,,,,52659,0.3872988820075989
,,,15,,,,,,,,,,,,,,,,,,,,,,,,,,,,,52669,0.008235863409936428
,,,15,,,,,,,,,,,,,,,,,,,,,,,,,,,,,52679,0.010926569811999798
,,,15,,,,,,,,,,,,,,,,,,,,,,,,,,,,,52689,0.006055934354662895
,,,15,,,,,,,,,,,,,,,,,,,,,,,,,,,,,52699,0.002566087292507291
,,,15,,,,,,,,,,,,,,,,,,,,,,,,,,,,,52709,0.03555435687303543
,,,15,,,,,,,,,,,,,,,,,,,,,,,,,,,,,52719,0.4831714630126953
,,,15,,,,,,,,,,,,,,,,,,,,,,,,,,,,,52729,0.0034051050897687674
,,,15,,,,,,,,,,,,,,,,,,,,,,,,,,,,,52739,0.018005631864070892
,,,15,,,,,,,,,,,,,,,,,,,,,,,,,,,,,52749,0.03098309598863125
,,,15,,,,,,,,,,,,,,,,,,,,,,,,,,,,,52759,0.00712921004742384
,,,15,,,,,,,,,,,,,,,,,,,,,,,,,,,,,52769,0.010141918435692787
,,,15,,,,,,,,,,,,,,,,,,,,,,,,,,,,,52779,0.008394308388233185
,,,15,,,,,,,,,,,,,,,,,,,,,,,,,,,,,52789,0.4880288541316986
,,,15,,,,,,,,,,,,,,,,,,,,,,,,,,,,,52799,0.23121590912342072
,,,15,,,,,,,,,,,,,,,,,,,,,,,,,,,,,52809,0.0032917906064540148
,,,15,,,,,,,,,,,,,,,,,,,,,,,,,,,,,52819,0.20342668890953064
,,,15,,,,,,,,,,,,,,,,,,,,,,,,,,,,,52829,0.12711115181446075
,,,15,,,,,,,,,,,,,,,,,,,,,,,,,,,,,52839,0.004742077551782131
,,,15,,,,,,,,,,,,,,,,,,,,,,,,,,,,,52849,0.19626392424106598
,,,15,,,,,,,,,,,,,,,,,,,,,,,,,,,,,52859,0.0035922410897910595
,,,15,,,,,,,,,,,,,,,,,,,,,,,,,,,,,52869,0.046237315982580185
,,,15,,,,,,,,,,,,,,,,,,,,,,,,,,,,,52879,0.01523735374212265
,,,15,,,,,,,,,,,,,,,,,,,,,,,,,,,,,52889,0.16331517696380615
,,,15,,,,,,,,,,,,,,,,,,,,,,,,,,,,,52899,0.17034806311130524
,,,15,,,,,,,,,,,,,,,,,,,,,,,,,,,,,52909,1.7338125705718994
,,,15,,,,,,,,,,,,,,,,,,,,,,,,,,,,,52919,0.002723588841035962
,,,15,,,,,,,,,,,,,,,,,,,,,,,,,,,,,52929,0.002722940407693386
,,,15,,,,,,,,,,,,,,,,,,,,,,,,,,,,,52939,0.004141774028539658
,,,15,,,,,,,,,,,,,,,,,,,,,,,,,,,,,52949,0.0030976918060332537
,,,15,,,,,,,,,,,,,,,,,,,,,,,,,,,,,52959,0.02642144449055195
,,,,4.88981018344231e-07,2.739293544871571e-06,4.2142977613408785e-06,4.2142977613408785e-06,6.4835350174475046e-06,6.4835350174475046e-06,9.974669257611545e-06,9.974669257611545e-06,1.534564501171007e-05,1.534564501171007e-05,2.3608684633400107e-05,4.88981018344231e-07,2.3608684633400107e-05,3.6321053282154005e-05,3.6321053282154005e-05,5.587854351100617e-05,5.587854351100617e-05,8.596699001693255e-05,8.596699001693255e-05,8.596699001693255e-05,8.596699001693255e-05,7.522784897603552e-07,7.522784897603552e-07,1.1573515227082388e-06,1.1573515227082388e-06,1.7805408041665213e-06,1.7805408041665213e-06,2.739293544871571e-06,52961,
,,,16,,,,,,,,,,,,,,,,,,,,,,,,,,,,,52969,0.4173412322998047
,,,16,,,,,,,,,,,,,,,,,,,,,,,,,,,,,52979,0.022150108590722084
,,,16,,,,,,,,,,,,,,,,,,,,,,,,,,,,,52989,0.008338200859725475
,,,16,,,,,,,,,,,,,,,,,,,,,,,,,,,,,52999,0.055915433913469315
,,,16,,,,,,,,,,,,,,,,,,,,,,,,,,,,,53009,0.4302554130554199
,,,16,,,,,,,,,,,,,,,,,,,,,,,,,,,,,53019,0.08912088721990585
,,,16,,,,,,,,,,,,,,,,,,,,,,,,,,,,,53029,0.15129044651985168
,,,16,,,,,,,,,,,,,,,,,,,,,,,,,,,,,53039,0.11060830950737
,,,16,,,,,,,,,,,,,,,,,,,,,,,,,,,,,53049,0.002890406409278512
,,,16,,,,,,,,,,,,,,,,,,,,,,,,,,,,,53059,0.017532818019390106
,,,16,,,,,,,,,,,,,,,,,,,,,,,,,,,,,53069,0.002923896536231041
,,,16,,,,,,,,,,,,,,,,,,,,,,,,,,,,,53079,0.008916204795241356
,,,16,,,,,,,,,,,,,,,,,,,,,,,,,,,,,53089,0.008553840219974518
,,,16,,,,,,,,,,,,,,,,,,,,,,,,,,,,,53099,0.00944182276725769
,,,16,,,,,,,,,,,,,,,,,,,,,,,,,,,,,53109,0.029575929045677185
,,,16,,,,,,,,,,,,,,,,,,,,,,,,,,,,,53119,0.10303982347249985
,,,16,,,,,,,,,,,,,,,,,,,,,,,,,,,,,53129,0.008592505007982254
,,,16,,,,,,,,,,,,,,,,,,,,,,,,,,,,,53139,0.05064588785171509
,,,16,,,,,,,,,,,,,,,,,,,,,,,,,,,,,53149,0.6483490467071533
,,,16,,,,,,,,,,,,,,,,,,,,,,,,,,,,,53159,0.14223438501358032
,,,16,,,,,,,,,,,,,,,,,,,,,,,,,,,,,53169,0.015380051918327808
,,,16,,,,,,,,,,,,,,,,,,,,,,,,,,,,,53179,0.012405839748680592
,,,16,,,,,,,,,,,,,,,,,,,,,,,,,,,,,53189,0.0827094167470932
,,,16,,,,,,,,,,,,,,,,,,,,,,,,,,,,,53199,0.6822574138641357
,,,16,,,,,,,,,,,,,,,,,,,,,,,,,,,,,53209,0.06194024160504341
,,,16,,,,,,,,,,,,,,,,,,,,,,,,,,,,,53219,0.2446054220199585
,,,16,,,,,,,,,,,,,,,,,,,,,,,,,,,,,53229,0.011443699710071087
,,,16,,,,,,,,,,,,,,,,,,,,,,,,,,,,,53239,0.3084757626056671
,,,16,,,,,,,,,,,,,,,,,,,,,,,,,,,,,53249,0.014023393392562866
,,,16,,,,,,,,,,,,,,,,,,,,,,,,,,,,,53259,0.011111583560705185
,,,16,,,,,,,,,,,,,,,,,,,,,,,,,,,,,53269,0.09672744572162628
,,,16,,,,,,,,,,,,,,,,,,,,,,,,,,,,,53279,0.003785083768889308
,,,16,,,,,,,,,,,,,,,,,,,,,,,,,,,,,53289,0.01296803168952465
,,,16,,,,,,,,,,,,,,,,,,,,,,,,,,,,,53299,0.02826279029250145
,,,16,,,,,,,,,,,,,,,,,,,,,,,,,,,,,53309,0.13009780645370483
,,,16,,,,,,,,,,,,,,,,,,,,,,,,,,,,,53319,0.0023771736305207014
,,,16,,,,,,,,,,,,,,,,,,,,,,,,,,,,,53329,0.06961720436811447
,,,16,,,,,,,,,,,,,,,,,,,,,,,,,,,,,53339,0.3638327419757843
,,,16,,,,,,,,,,,,,,,,,,,,,,,,,,,,,53349,0.008753212168812752
,,,16,,,,,,,,,,,,,,,,,,,,,,,,,,,,,53359,0.029458696022629738
,,,16,,,,,,,,,,,,,,,,,,,,,,,,,,,,,53369,0.004165858030319214
,,,16,,,,,,,,,,,,,,,,,,,,,,,,,,,,,53379,0.9139654040336609
,,,16,,,,,,,,,,,,,,,,,,,,,,,,,,,,,53389,0.008017313666641712
,,,16,,,,,,,,,,,,,,,,,,,,,,,,,,,,,53399,0.014731756411492825
,,,16,,,,,,,,,,,,,,,,,,,,,,,,,,,,,53409,0.005438662134110928
,,,16,,,,,,,,,,,,,,,,,,,,,,,,,,,,,53419,0.1429191529750824
,,,16,,,,,,,,,,,,,,,,,,,,,,,,,,,,,53429,0.0034503040369600058
,,,16,,,,,,,,,,,,,,,,,,,,,,,,,,,,,53439,0.16882933676242828
,,,16,,,,,,,,,,,,,,,,,,,,,,,,,,,,,53449,0.0495455376803875
,,,16,,,,,,,,,,,,,,,,,,,,,,,,,,,,,53459,0.02193453535437584
,,,16,,,,,,,,,,,,,,,,,,,,,,,,,,,,,53469,1.2840774059295654
,,,16,,,,,,,,,,,,,,,,,,,,,,,,,,,,,53479,0.11006540060043335
,,,16,,,,,,,,,,,,,,,,,,,,,,,,,,,,,53489,0.054454486817121506
,,,16,,,,,,,,,,,,,,,,,,,,,,,,,,,,,53499,0.02783745341002941
,,,16,,,,,,,,,,,,,,,,,,,,,,,,,,,,,53509,0.022571127861738205
,,,16,,,,,,,,,,,,,,,,,,,,,,,,,,,,,53519,0.011294123716652393
,,,16,,,,,,,,,,,,,,,,,,,,,,,,,,,,,53529,0.040137361735105515
,,,16,,,,,,,,,,,,,,,,,,,,,,,,,,,,,53539,0.7832809686660767
,,,16,,,,,,,,,,,,,,,,,,,,,,,,,,,,,53549,0.010720054619014263
,,,16,,,,,,,,,,,,,,,,,,,,,,,,,,,,,53559,0.17740027606487274
,,,16,,,,,,,,,,,,,,,,,,,,,,,,,,,,,53569,0.2387082576751709
,,,16,,,,,,,,,,,,,,,,,,,,,,,,,,,,,53579,0.04783712700009346
,,,16,,,,,,,,,,,,,,,,,,,,,,,,,,,,,53589,0.005902450997382402
,,,16,,,,,,,,,,,,,,,,,,,,,,,,,,,,,53599,0.007840069010853767
,,,16,,,,,,,,,,,,,,,,,,,,,,,,,,,,,53609,0.0071753524243831635
,,,16,,,,,,,,,,,,,,,,,,,,,,,,,,,,,53619,0.003569887951016426
,,,16,,,,,,,,,,,,,,,,,,,,,,,,,,,,,53629,0.007524155545979738
,,,16,,,,,,,,,,,,,,,,,,,,,,,,,,,,,53639,0.42674100399017334
,,,16,,,,,,,,,,,,,,,,,,,,,,,,,,,,,53649,0.42556121945381165
,,,16,,,,,,,,,,,,,,,,,,,,,,,,,,,,,53659,0.07994824647903442
,,,16,,,,,,,,,,,,,,,,,,,,,,,,,,,,,53669,0.09848509728908539
,,,16,,,,,,,,,,,,,,,,,,,,,,,,,,,,,53679,0.016993429511785507
,,,16,,,,,,,,,,,,,,,,,,,,,,,,,,,,,53689,0.7428013682365417
,,,16,,,,,,,,,,,,,,,,,,,,,,,,,,,,,53699,0.46678879857063293
,,,16,,,,,,,,,,,,,,,,,,,,,,,,,,,,,53709,0.0014383041998371482
,,,16,,,,,,,,,,,,,,,,,,,,,,,,,,,,,53719,0.23053975403308868
,,,16,,,,,,,,,,,,,,,,,,,,,,,,,,,,,53729,0.021053647622466087
,,,16,,,,,,,,,,,,,,,,,,,,,,,,,,,,,53739,0.01532221119850874
,,,16,,,,,,,,,,,,,,,,,,,,,,,,,,,,,53749,0.0031318406108766794
,,,16,,,,,,,,,,,,,,,,,,,,,,,,,,,,,53759,0.003147814190015197
,,,16,,,,,,,,,,,,,,,,,,,,,,,,,,,,,53769,0.004191909451037645
,,,16,,,,,,,,,,,,,,,,,,,,,,,,,,,,,53779,0.04510611295700073
,,,16,,,,,,,,,,,,,,,,,,,,,,,,,,,,,53789,0.003768839407712221
,,,16,,,,,,,,,,,,,,,,,,,,,,,,,,,,,53799,0.020708531141281128
,,,16,,,,,,,,,,,,,,,,,,,,,,,,,,,,,53809,0.0039014031644910574
,,,16,,,,,,,,,,,,,,,,,,,,,,,,,,,,,53819,0.017071330919861794
,,,16,,,,,,,,,,,,,,,,,,,,,,,,,,,,,53829,0.004535169806331396
,,,16,,,,,,,,,,,,,,,,,,,,,,,,,,,,,53839,0.11737270653247833
,,,16,,,,,,,,,,,,,,,,,,,,,,,,,,,,,53849,0.002923636231571436
,,,16,,,,,,,,,,,,,,,,,,,,,,,,,,,,,53859,0.5755649209022522
,,,16,,,,,,,,,,,,,,,,,,,,,,,,,,,,,53869,0.005324673838913441
,,,16,,,,,,,,,,,,,,,,,,,,,,,,,,,,,53879,0.027894603088498116
,,,16,,,,,,,,,,,,,,,,,,,,,,,,,,,,,53889,0.015604008920490742
,,,16,,,,,,,,,,,,,,,,,,,,,,,,,,,,,53899,0.38724571466445923
,,,16,,,,,,,,,,,,,,,,,,,,,,,,,,,,,53909,0.004677985329180956
,,,16,,,,,,,,,,,,,,,,,,,,,,,,,,,,,53919,0.006145760416984558
,,,16,,,,,,,,,,,,,,,,,,,,,,,,,,,,,53929,0.06510432809591293
,,,16,,,,,,,,,,,,,,,,,,,,,,,,,,,,,53939,0.0033266604878008366
,,,16,,,,,,,,,,,,,,,,,,,,,,,,,,,,,53949,0.37906894087791443
,,,16,,,,,,,,,,,,,,,,,,,,,,,,,,,,,53959,0.014588650315999985
,,,16,,,,,,,,,,,,,,,,,,,,,,,,,,,,,53969,0.5142809748649597
,,,16,,,,,,,,,,,,,,,,,,,,,,,,,,,,,53979,0.0034582929220050573
,,,16,,,,,,,,,,,,,,,,,,,,,,,,,,,,,53989,0.16650275886058807
,,,16,,,,,,,,,,,,,,,,,,,,,,,,,,,,,53999,0.016443414613604546
,,,16,,,,,,,,,,,,,,,,,,,,,,,,,,,,,54009,0.021491369232535362
,,,16,,,,,,,,,,,,,,,,,,,,,,,,,,,,,54019,0.0174887552857399
,,,16,,,,,,,,,,,,,,,,,,,,,,,,,,,,,54029,0.00295918807387352
,,,16,,,,,,,,,,,,,,,,,,,,,,,,,,,,,54039,0.003297103103250265
,,,16,,,,,,,,,,,,,,,,,,,,,,,,,,,,,54049,0.014109538868069649
,,,16,,,,,,,,,,,,,,,,,,,,,,,,,,,,,54059,0.005411426071077585
,,,16,,,,,,,,,,,,,,,,,,,,,,,,,,,,,54069,0.00907932035624981
,,,16,,,,,,,,,,,,,,,,,,,,,,,,,,,,,54079,0.0049471440725028515
,,,16,,,,,,,,,,,,,,,,,,,,,,,,,,,,,54089,0.422189325094223
,,,16,,,,,,,,,,,,,,,,,,,,,,,,,,,,,54099,0.02949303388595581
,,,16,,,,,,,,,,,,,,,,,,,,,,,,,,,,,54109,0.27416107058525085
,,,16,,,,,,,,,,,,,,,,,,,,,,,,,,,,,54119,0.26014962792396545
,,,16,,,,,,,,,,,,,,,,,,,,,,,,,,,,,54129,0.011872395873069763
,,,16,,,,,,,,,,,,,,,,,,,,,,,,,,,,,54139,0.04112248495221138
,,,16,,,,,,,,,,,,,,,,,,,,,,,,,,,,,54149,0.007334187161177397
,,,16,,,,,,,,,,,,,,,,,,,,,,,,,,,,,54159,0.002496695378795266
,,,16,,,,,,,,,,,,,,,,,,,,,,,,,,,,,54169,0.05239123851060867
,,,16,,,,,,,,,,,,,,,,,,,,,,,,,,,,,54179,0.013408346101641655
,,,16,,,,,,,,,,,,,,,,,,,,,,,,,,,,,54189,0.5984336137771606
,,,16,,,,,,,,,,,,,,,,,,,,,,,,,,,,,54199,0.0050194235518574715
,,,16,,,,,,,,,,,,,,,,,,,,,,,,,,,,,54209,0.0010766031919047236
,,,16,,,,,,,,,,,,,,,,,,,,,,,,,,,,,54219,0.006751216948032379
,,,16,,,,,,,,,,,,,,,,,,,,,,,,,,,,,54229,0.0075610182248055935
,,,16,,,,,,,,,,,,,,,,,,,,,,,,,,,,,54239,0.004462487064301968
,,,16,,,,,,,,,,,,,,,,,,,,,,,,,,,,,54249,0.5295594334602356
,,,16,,,,,,,,,,,,,,,,,,,,,,,,,,,,,54259,0.3629978895187378
,,,16,,,,,,,,,,,,,,,,,,,,,,,,,,,,,54269,0.014024903997778893
,,,16,,,,,,,,,,,,,,,,,,,,,,,,,,,,,54279,0.11477524042129517
,,,16,,,,,,,,,,,,,,,,,,,,,,,,,,,,,54289,0.007258889731019735
,,,16,,,,,,,,,,,,,,,,,,,,,,,,,,,,,54299,0.005603363271802664
,,,16,,,,,,,,,,,,,,,,,,,,,,,,,,,,,54309,0.04123717173933983
,,,16,,,,,,,,,,,,,,,,,,,,,,,,,,,,,54319,0.014221634715795517
,,,16,,,,,,,,,,,,,,,,,,,,,,,,,,,,,54329,0.05182734131813049
,,,16,,,,,,,,,,,,,,,,,,,,,,,,,,,,,54339,0.08434367924928665
,,,16,,,,,,,,,,,,,,,,,,,,,,,,,,,,,54349,0.00770904403179884
,,,16,,,,,,,,,,,,,,,,,,,,,,,,,,,,,54359,0.38162267208099365
,,,16,,,,,,,,,,,,,,,,,,,,,,,,,,,,,54369,0.06658942252397537
,,,16,,,,,,,,,,,,,,,,,,,,,,,,,,,,,54379,0.13874106109142303
,,,16,,,,,,,,,,,,,,,,,,,,,,,,,,,,,54389,0.005397520028054714
,,,16,,,,,,,,,,,,,,,,,,,,,,,,,,,,,54399,0.024722548201680183
,,,16,,,,,,,,,,,,,,,,,,,,,,,,,,,,,54409,0.01258279848843813
,,,16,,,,,,,,,,,,,,,,,,,,,,,,,,,,,54419,0.0047949510626494884
,,,16,,,,,,,,,,,,,,,,,,,,,,,,,,,,,54429,0.4716343283653259
,,,16,,,,,,,,,,,,,,,,,,,,,,,,,,,,,54439,0.20324134826660156
,,,16,,,,,,,,,,,,,,,,,,,,,,,,,,,,,54449,0.03388925641775131
,,,16,,,,,,,,,,,,,,,,,,,,,,,,,,,,,54459,0.006092846393585205
,,,16,,,,,,,,,,,,,,,,,,,,,,,,,,,,,54469,0.10428986698389053
,,,16,,,,,,,,,,,,,,,,,,,,,,,,,,,,,54479,0.00183899886906147
,,,16,,,,,,,,,,,,,,,,,,,,,,,,,,,,,54489,0.003446359885856509
,,,16,,,,,,,,,,,,,,,,,,,,,,,,,,,,,54499,0.004755043424665928
,,,16,,,,,,,,,,,,,,,,,,,,,,,,,,,,,54509,0.05975692346692085
,,,16,,,,,,,,,,,,,,,,,,,,,,,,,,,,,54519,0.004814601968973875
,,,16,,,,,,,,,,,,,,,,,,,,,,,,,,,,,54529,0.30565494298934937
,,,16,,,,,,,,,,,,,,,,,,,,,,,,,,,,,54539,0.03405343368649483
,,,16,,,,,,,,,,,,,,,,,,,,,,,,,,,,,54549,1.9059191942214966
,,,16,,,,,,,,,,,,,,,,,,,,,,,,,,,,,54559,0.0019221885595470667
,,,16,,,,,,,,,,,,,,,,,,,,,,,,,,,,,54569,0.0025312411598861217
,,,16,,,,,,,,,,,,,,,,,,,,,,,,,,,,,54579,0.24547995626926422
,,,16,,,,,,,,,,,,,,,,,,,,,,,,,,,,,54589,0.21567058563232422
,,,16,,,,,,,,,,,,,,,,,,,,,,,,,,,,,54599,0.6445510983467102
,,,16,,,,,,,,,,,,,,,,,,,,,,,,,,,,,54609,0.1473437398672104
,,,16,,,,,,,,,,,,,,,,,,,,,,,,,,,,,54619,0.27660688757896423
,,,16,,,,,,,,,,,,,,,,,,,,,,,,,,,,,54629,0.08052894473075867
,,,16,,,,,,,,,,,,,,,,,,,,,,,,,,,,,54639,0.2206108123064041
,,,16,,,,,,,,,,,,,,,,,,,,,,,,,,,,,54649,0.3073810935020447
,,,16,,,,,,,,,,,,,,,,,,,,,,,,,,,,,54659,0.02826879546046257
,,,16,,,,,,,,,,,,,,,,,,,,,,,,,,,,,54669,0.0031282263807952404
,,,16,,,,,,,,,,,,,,,,,,,,,,,,,,,,,54679,0.9470536112785339
,,,16,,,,,,,,,,,,,,,,,,,,,,,,,,,,,54689,0.45308950543403625
,,,16,,,,,,,,,,,,,,,,,,,,,,,,,,,,,54699,0.5756421685218811
,,,16,,,,,,,,,,,,,,,,,,,,,,,,,,,,,54709,0.12073077261447906
,,,16,,,,,,,,,,,,,,,,,,,,,,,,,,,,,54719,0.3246007263660431
,,,16,,,,,,,,,,,,,,,,,,,,,,,,,,,,,54729,0.012414934113621712
,,,16,,,,,,,,,,,,,,,,,,,,,,,,,,,,,54739,0.09029638767242432
,,,16,,,,,,,,,,,,,,,,,,,,,,,,,,,,,54749,0.004488992039114237
,,,16,,,,,,,,,,,,,,,,,,,,,,,,,,,,,54759,0.01135742012411356
,,,16,,,,,,,,,,,,,,,,,,,,,,,,,,,,,54769,1.0462218523025513
,,,16,,,,,,,,,,,,,,,,,,,,,,,,,,,,,54779,0.057673078030347824
,,,16,,,,,,,,,,,,,,,,,,,,,,,,,,,,,54789,0.009246845729649067
,,,16,,,,,,,,,,,,,,,,,,,,,,,,,,,,,54799,0.007056970614939928
,,,16,,,,,,,,,,,,,,,,,,,,,,,,,,,,,54809,0.09335630387067795
,,,16,,,,,,,,,,,,,,,,,,,,,,,,,,,,,54819,0.06923405081033707
,,,16,,,,,,,,,,,,,,,,,,,,,,,,,,,,,54829,0.012855674140155315
,,,16,,,,,,,,,,,,,,,,,,,,,,,,,,,,,54839,0.4988234043121338
,,,16,,,,,,,,,,,,,,,,,,,,,,,,,,,,,54849,0.16934676468372345
,,,16,,,,,,,,,,,,,,,,,,,,,,,,,,,,,54859,0.00673293974250555
,,,16,,,,,,,,,,,,,,,,,,,,,,,,,,,,,54869,0.125246062874794
,,,16,,,,,,,,,,,,,,,,,,,,,,,,,,,,,54879,0.002596726641058922
,,,16,,,,,,,,,,,,,,,,,,,,,,,,,,,,,54889,0.004240735433995724
,,,16,,,,,,,,,,,,,,,,,,,,,,,,,,,,,54899,0.026584412902593613
,,,16,,,,,,,,,,,,,,,,,,,,,,,,,,,,,54909,0.02832716703414917
,,,16,,,,,,,,,,,,,,,,,,,,,,,,,,,,,54919,0.005193072836846113
,,,16,,,,,,,,,,,,,,,,,,,,,,,,,,,,,54929,0.020644357427954674
,,,16,,,,,,,,,,,,,,,,,,,,,,,,,,,,,54939,0.8977954983711243
,,,16,,,,,,,,,,,,,,,,,,,,,,,,,,,,,54949,0.0841367244720459
,,,16,,,,,,,,,,,,,,,,,,,,,,,,,,,,,54959,0.007429276127368212
,,,16,,,,,,,,,,,,,,,,,,,,,,,,,,,,,54969,0.003657585708424449
,,,16,,,,,,,,,,,,,,,,,,,,,,,,,,,,,54979,0.4139898717403412
,,,16,,,,,,,,,,,,,,,,,,,,,,,,,,,,,54989,0.026764607056975365
,,,16,,,,,,,,,,,,,,,,,,,,,,,,,,,,,54999,0.01854730024933815
,,,16,,,,,,,,,,,,,,,,,,,,,,,,,,,,,55009,0.022230621427297592
,,,16,,,,,,,,,,,,,,,,,,,,,,,,,,,,,55019,0.04829002171754837
,,,16,,,,,,,,,,,,,,,,,,,,,,,,,,,,,55029,0.21023312211036682
,,,16,,,,,,,,,,,,,,,,,,,,,,,,,,,,,55039,0.1546371728181839
,,,16,,,,,,,,,,,,,,,,,,,,,,,,,,,,,55049,0.004545945208519697
,,,16,,,,,,,,,,,,,,,,,,,,,,,,,,,,,55059,0.019999206066131592
,,,16,,,,,,,,,,,,,,,,,,,,,,,,,,,,,55069,0.12637490034103394
,,,16,,,,,,,,,,,,,,,,,,,,,,,,,,,,,55079,0.036434661597013474
,,,16,,,,,,,,,,,,,,,,,,,,,,,,,,,,,55089,0.006786645855754614
,,,16,,,,,,,,,,,,,,,,,,,,,,,,,,,,,55099,0.0029172280337661505
,,,16,,,,,,,,,,,,,,,,,,,,,,,,,,,,,55109,0.35985252261161804
,,,16,,,,,,,,,,,,,,,,,,,,,,,,,,,,,55119,0.03625005856156349
,,,16,,,,,,,,,,,,,,,,,,,,,,,,,,,,,55129,0.003334954846650362
,,,16,,,,,,,,,,,,,,,,,,,,,,,,,,,,,55139,0.005861682817339897
,,,16,,,,,,,,,,,,,,,,,,,,,,,,,,,,,55149,0.019593840464949608
,,,16,,,,,,,,,,,,,,,,,,,,,,,,,,,,,55159,0.0064662061631679535
,,,16,,,,,,,,,,,,,,,,,,,,,,,,,,,,,55169,0.07147327810525894
,,,16,,,,,,,,,,,,,,,,,,,,,,,,,,,,,55179,0.06043904647231102
,,,16,,,,,,,,,,,,,,,,,,,,,,,,,,,,,55189,0.005259672179818153
,,,16,,,,,,,,,,,,,,,,,,,,,,,,,,,,,55199,0.05428279563784599
,,,16,,,,,,,,,,,,,,,,,,,,,,,,,,,,,55209,0.013140258379280567
,,,16,,,,,,,,,,,,,,,,,,,,,,,,,,,,,55219,0.9213443398475647
,,,16,,,,,,,,,,,,,,,,,,,,,,,,,,,,,55229,0.0773158073425293
,,,16,,,,,,,,,,,,,,,,,,,,,,,,,,,,,55239,0.0012027214979752898
,,,16,,,,,,,,,,,,,,,,,,,,,,,,,,,,,55249,0.004485577344894409
,,,16,,,,,,,,,,,,,,,,,,,,,,,,,,,,,55259,0.015155456960201263
,,,16,,,,,,,,,,,,,,,,,,,,,,,,,,,,,55269,0.015608137473464012
,,,16,,,,,,,,,,,,,,,,,,,,,,,,,,,,,55279,0.029880626127123833
,,,16,,,,,,,,,,,,,,,,,,,,,,,,,,,,,55289,0.006332227028906345
,,,16,,,,,,,,,,,,,,,,,,,,,,,,,,,,,55299,0.02349311113357544
,,,16,,,,,,,,,,,,,,,,,,,,,,,,,,,,,55309,0.03492812439799309
,,,16,,,,,,,,,,,,,,,,,,,,,,,,,,,,,55319,0.00395304337143898
,,,16,,,,,,,,,,,,,,,,,,,,,,,,,,,,,55329,0.05441208928823471
,,,16,,,,,,,,,,,,,,,,,,,,,,,,,,,,,55339,0.25140947103500366
,,,16,,,,,,,,,,,,,,,,,,,,,,,,,,,,,55349,0.004170415922999382
,,,16,,,,,,,,,,,,,,,,,,,,,,,,,,,,,55359,0.0037807615008205175
,,,16,,,,,,,,,,,,,,,,,,,,,,,,,,,,,55369,0.34062668681144714
,,,16,,,,,,,,,,,,,,,,,,,,,,,,,,,,,55379,0.004651658236980438
,,,16,,,,,,,,,,,,,,,,,,,,,,,,,,,,,55389,0.015786614269018173
,,,16,,,,,,,,,,,,,,,,,,,,,,,,,,,,,55399,0.043395575135946274
,,,16,,,,,,,,,,,,,,,,,,,,,,,,,,,,,55409,0.9434086680412292
,,,16,,,,,,,,,,,,,,,,,,,,,,,,,,,,,55419,0.026716511696577072
,,,16,,,,,,,,,,,,,,,,,,,,,,,,,,,,,55429,0.05810057371854782
,,,16,,,,,,,,,,,,,,,,,,,,,,,,,,,,,55439,0.005812629591673613
,,,16,,,,,,,,,,,,,,,,,,,,,,,,,,,,,55449,0.03158752992749214
,,,16,,,,,,,,,,,,,,,,,,,,,,,,,,,,,55459,0.002951543778181076
,,,16,,,,,,,,,,,,,,,,,,,,,,,,,,,,,55469,1.93340265750885
,,,16,,,,,,,,,,,,,,,,,,,,,,,,,,,,,55479,0.007409881800413132
,,,16,,,,,,,,,,,,,,,,,,,,,,,,,,,,,55489,0.12724405527114868
,,,16,,,,,,,,,,,,,,,,,,,,,,,,,,,,,55499,0.057414278388023376
,,,16,,,,,,,,,,,,,,,,,,,,,,,,,,,,,55509,0.005224866326898336
,,,16,,,,,,,,,,,,,,,,,,,,,,,,,,,,,55519,0.030140118673443794
,,,16,,,,,,,,,,,,,,,,,,,,,,,,,,,,,55529,0.08271052688360214
,,,16,,,,,,,,,,,,,,,,,,,,,,,,,,,,,55539,0.018096305429935455
,,,16,,,,,,,,,,,,,,,,,,,,,,,,,,,,,55549,0.0030322063248604536
,,,16,,,,,,,,,,,,,,,,,,,,,,,,,,,,,55559,0.014777296222746372
,,,16,,,,,,,,,,,,,,,,,,,,,,,,,,,,,55569,0.004011922981590033
,,,16,,,,,,,,,,,,,,,,,,,,,,,,,,,,,55579,0.37691959738731384
,,,16,,,,,,,,,,,,,,,,,,,,,,,,,,,,,55589,0.00899055041372776
,,,16,,,,,,,,,,,,,,,,,,,,,,,,,,,,,55599,0.004121544770896435
,,,16,,,,,,,,,,,,,,,,,,,,,,,,,,,,,55609,0.021327529102563858
,,,16,,,,,,,,,,,,,,,,,,,,,,,,,,,,,55619,0.006579812616109848
,,,16,,,,,,,,,,,,,,,,,,,,,,,,,,,,,55629,0.004571543075144291
,,,16,,,,,,,,,,,,,,,,,,,,,,,,,,,,,55639,0.1803954541683197
,,,16,,,,,,,,,,,,,,,,,,,,,,,,,,,,,55649,0.019088514149188995
,,,16,,,,,,,,,,,,,,,,,,,,,,,,,,,,,55659,0.0037238600198179483
,,,16,,,,,,,,,,,,,,,,,,,,,,,,,,,,,55669,0.008020336739718914
,,,16,,,,,,,,,,,,,,,,,,,,,,,,,,,,,55679,0.12265964597463608
,,,16,,,,,,,,,,,,,,,,,,,,,,,,,,,,,55689,0.01609707809984684
,,,16,,,,,,,,,,,,,,,,,,,,,,,,,,,,,55699,0.0066436948254704475
,,,16,,,,,,,,,,,,,,,,,,,,,,,,,,,,,55709,0.003465877613052726
,,,16,,,,,,,,,,,,,,,,,,,,,,,,,,,,,55719,0.3692546784877777
,,,16,,,,,,,,,,,,,,,,,,,,,,,,,,,,,55729,0.11344240605831146
,,,16,,,,,,,,,,,,,,,,,,,,,,,,,,,,,55739,0.08989286422729492
,,,16,,,,,,,,,,,,,,,,,,,,,,,,,,,,,55749,0.0054223984479904175
,,,16,,,,,,,,,,,,,,,,,,,,,,,,,,,,,55759,0.003450909163802862
,,,16,,,,,,,,,,,,,,,,,,,,,,,,,,,,,55769,0.025097649544477463
,,,16,,,,,,,,,,,,,,,,,,,,,,,,,,,,,55779,0.01630462147295475
,,,16,,,,,,,,,,,,,,,,,,,,,,,,,,,,,55789,0.2351764440536499
,,,16,,,,,,,,,,,,,,,,,,,,,,,,,,,,,55799,1.0528253316879272
,,,16,,,,,,,,,,,,,,,,,,,,,,,,,,,,,55809,0.007422639988362789
,,,16,,,,,,,,,,,,,,,,,,,,,,,,,,,,,55819,0.006558278109878302
,,,16,,,,,,,,,,,,,,,,,,,,,,,,,,,,,55829,0.0025125513784587383
,,,16,,,,,,,,,,,,,,,,,,,,,,,,,,,,,55839,0.002757783979177475
,,,16,,,,,,,,,,,,,,,,,,,,,,,,,,,,,55849,0.006981941871345043
,,,16,,,,,,,,,,,,,,,,,,,,,,,,,,,,,55859,0.00820778589695692
,,,16,,,,,,,,,,,,,,,,,,,,,,,,,,,,,55869,0.005606514867395163
,,,16,,,,,,,,,,,,,,,,,,,,,,,,,,,,,55879,0.010139417834579945
,,,16,,,,,,,,,,,,,,,,,,,,,,,,,,,,,55889,0.0014269548701122403
,,,16,,,,,,,,,,,,,,,,,,,,,,,,,,,,,55899,0.35121193528175354
,,,16,,,,,,,,,,,,,,,,,,,,,,,,,,,,,55909,0.006793908774852753
,,,16,,,,,,,,,,,,,,,,,,,,,,,,,,,,,55919,0.01086772233247757
,,,16,,,,,,,,,,,,,,,,,,,,,,,,,,,,,55929,0.003521053586155176
,,,16,,,,,,,,,,,,,,,,,,,,,,,,,,,,,55939,0.8114409446716309
,,,16,,,,,,,,,,,,,,,,,,,,,,,,,,,,,55949,0.23837919533252716
,,,16,,,,,,,,,,,,,,,,,,,,,,,,,,,,,55959,0.033555153757333755
,,,16,,,,,,,,,,,,,,,,,,,,,,,,,,,,,55969,0.08314581215381622
,,,16,,,,,,,,,,,,,,,,,,,,,,,,,,,,,55979,0.1561971753835678
,,,16,,,,,,,,,,,,,,,,,,,,,,,,,,,,,55989,0.006311404053121805
,,,16,,,,,,,,,,,,,,,,,,,,,,,,,,,,,55999,0.06665749102830887
,,,16,,,,,,,,,,,,,,,,,,,,,,,,,,,,,56009,0.8677842617034912
,,,16,,,,,,,,,,,,,,,,,,,,,,,,,,,,,56019,0.004220441449433565
,,,16,,,,,,,,,,,,,,,,,,,,,,,,,,,,,56029,0.2798916697502136
,,,16,,,,,,,,,,,,,,,,,,,,,,,,,,,,,56039,1.0262987613677979
,,,16,,,,,,,,,,,,,,,,,,,,,,,,,,,,,56049,0.013967864215373993
,,,16,,,,,,,,,,,,,,,,,,,,,,,,,,,,,56059,0.01735268533229828
,,,16,,,,,,,,,,,,,,,,,,,,,,,,,,,,,56069,0.061121512204408646
,,,16,,,,,,,,,,,,,,,,,,,,,,,,,,,,,56079,0.007176607847213745
,,,16,,,,,,,,,,,,,,,,,,,,,,,,,,,,,56089,0.0030905308667570353
,,,16,,,,,,,,,,,,,,,,,,,,,,,,,,,,,56099,0.014530918560922146
,,,16,,,,,,,,,,,,,,,,,,,,,,,,,,,,,56109,0.10377661138772964
,,,16,,,,,,,,,,,,,,,,,,,,,,,,,,,,,56119,0.01933111436665058
,,,16,,,,,,,,,,,,,,,,,,,,,,,,,,,,,56129,0.10186811536550522
,,,16,,,,,,,,,,,,,,,,,,,,,,,,,,,,,56139,0.09316673874855042
,,,16,,,,,,,,,,,,,,,,,,,,,,,,,,,,,56149,0.2722611725330353
,,,16,,,,,,,,,,,,,,,,,,,,,,,,,,,,,56159,0.048573847860097885
,,,16,,,,,,,,,,,,,,,,,,,,,,,,,,,,,56169,0.1461116522550583
,,,16,,,,,,,,,,,,,,,,,,,,,,,,,,,,,56179,0.0037522863131016493
,,,16,,,,,,,,,,,,,,,,,,,,,,,,,,,,,56189,0.22259463369846344
,,,16,,,,,,,,,,,,,,,,,,,,,,,,,,,,,56199,0.009476235136389732
,,,16,,,,,,,,,,,,,,,,,,,,,,,,,,,,,56209,0.040906671434640884
,,,16,,,,,,,,,,,,,,,,,,,,,,,,,,,,,56219,0.44606447219848633
,,,16,,,,,,,,,,,,,,,,,,,,,,,,,,,,,56229,0.0039997524581849575
,,,16,,,,,,,,,,,,,,,,,,,,,,,,,,,,,56239,0.05071774125099182
,,,16,,,,,,,,,,,,,,,,,,,,,,,,,,,,,56249,0.4736706614494324
,,,16,,,,,,,,,,,,,,,,,,,,,,,,,,,,,56259,0.15290997922420502
,,,16,,,,,,,,,,,,,,,,,,,,,,,,,,,,,56269,0.0061723352409899235
,,,,4.747015008238162e-07,2.65929904876617e-06,4.091229305794108e-06,4.091229305794108e-06,6.294198931990935e-06,6.294198931990935e-06,9.683382972293745e-06,9.683382972293745e-06,1.48975122650673e-05,1.48975122650673e-05,2.2919249638565074e-05,4.747015008238162e-07,2.2919249638565074e-05,3.5260384059330885e-05,3.5260384059330885e-05,5.42467447066629e-05,5.42467447066629e-05,8.345653031794292e-05,8.345653031794292e-05,8.345653031794292e-05,8.345653031794292e-05,7.303100012674094e-07,7.303100012674094e-07,1.123553848103707e-06,1.123553848103707e-06,1.7285443816980106e-06,1.7285443816980106e-06,2.65929904876617e-06,56271,
,,,17,,,,,,,,,,,,,,,,,,,,,,,,,,,,,56279,0.3369658887386322
,,,17,,,,,,,,,,,,,,,,,,,,,,,,,,,,,56289,0.015969928354024887
,,,17,,,,,,,,,,,,,,,,,,,,,,,,,,,,,56299,0.025508301332592964
,,,17,,,,,,,,,,,,,,,,,,,,,,,,,,,,,56309,0.009281119331717491
,,,17,,,,,,,,,,,,,,,,,,,,,,,,,,,,,56319,0.008756098337471485
,,,17,,,,,,,,,,,,,,,,,,,,,,,,,,,,,56329,0.3326321840286255
,,,17,,,,,,,,,,,,,,,,,,,,,,,,,,,,,56339,0.01566852070391178
,,,17,,,,,,,,,,,,,,,,,,,,,,,,,,,,,56349,0.005212400108575821
,,,17,,,,,,,,,,,,,,,,,,,,,,,,,,,,,56359,0.027762239798903465
,,,17,,,,,,,,,,,,,,,,,,,,,,,,,,,,,56369,0.01579330675303936
,,,17,,,,,,,,,,,,,,,,,,,,,,,,,,,,,56379,0.03643856197595596
,,,17,,,,,,,,,,,,,,,,,,,,,,,,,,,,,56389,0.005492122378200293
,,,17,,,,,,,,,,,,,,,,,,,,,,,,,,,,,56399,0.2584197521209717
,,,17,,,,,,,,,,,,,,,,,,,,,,,,,,,,,56409,0.0019894426222890615
,,,17,,,,,,,,,,,,,,,,,,,,,,,,,,,,,56419,0.027817141264677048
,,,17,,,,,,,,,,,,,,,,,,,,,,,,,,,,,56429,0.02663457579910755
,,,17,,,,,,,,,,,,,,,,,,,,,,,,,,,,,56439,0.7961345314979553
,,,17,,,,,,,,,,,,,,,,,,,,,,,,,,,,,56449,0.6220787763595581
,,,17,,,,,,,,,,,,,,,,,,,,,,,,,,,,,56459,0.30980247259140015
,,,17,,,,,,,,,,,,,,,,,,,,,,,,,,,,,56469,0.0028661065734922886
,,,17,,,,,,,,,,,,,,,,,,,,,,,,,,,,,56479,0.005569115746766329
,,,17,,,,,,,,,,,,,,,,,,,,,,,,,,,,,56489,0.08101899176836014
,,,17,,,,,,,,,,,,,,,,,,,,,,,,,,,,,56499,0.04239972308278084
,,,17,,,,,,,,,,,,,,,,,,,,,,,,,,,,,56509,0.0062487125396728516
,,,17,,,,,,,,,,,,,,,,,,,,,,,,,,,,,56519,0.04325851425528526
,,,17,,,,,,,,,,,,,,,,,,,,,,,,,,,,,56529,0.0009942656615749002
,,,17,,,,,,,,,,,,,,,,,,,,,,,,,,,,,56539,0.0034661029931157827
,,,17,,,,,,,,,,,,,,,,,,,,,,,,,,,,,56549,0.1737598329782486
,,,17,,,,,,,,,,,,,,,,,,,,,,,,,,,,,56559,2.251265525817871
,,,17,,,,,,,,,,,,,,,,,,,,,,,,,,,,,56569,0.24784088134765625
,,,17,,,,,,,,,,,,,,,,,,,,,,,,,,,,,56579,1.0223873853683472
,,,17,,,,,,,,,,,,,,,,,,,,,,,,,,,,,56589,0.10543534904718399
,,,17,,,,,,,,,,,,,,,,,,,,,,,,,,,,,56599,0.8209314346313477
,,,17,,,,,,,,,,,,,,,,,,,,,,,,,,,,,56609,0.005296858958899975
,,,17,,,,,,,,,,,,,,,,,,,,,,,,,,,,,56619,0.005007995292544365
,,,17,,,,,,,,,,,,,,,,,,,,,,,,,,,,,56629,0.06495190411806107
,,,17,,,,,,,,,,,,,,,,,,,,,,,,,,,,,56639,0.03404172882437706
,,,17,,,,,,,,,,,,,,,,,,,,,,,,,,,,,56649,0.0226712916046381
,,,17,,,,,,,,,,,,,,,,,,,,,,,,,,,,,56659,0.009293202310800552
,,,17,,,,,,,,,,,,,,,,,,,,,,,,,,,,,56669,0.7347298264503479
,,,17,,,,,,,,,,,,,,,,,,,,,,,,,,,,,56679,0.013902127742767334
,,,17,,,,,,,,,,,,,,,,,,,,,,,,,,,,,56689,0.09958160668611526
,,,17,,,,,,,,,,,,,,,,,,,,,,,,,,,,,56699,0.02001560851931572
,,,17,,,,,,,,,,,,,,,,,,,,,,,,,,,,,56709,0.0049818954430520535
,,,17,,,,,,,,,,,,,,,,,,,,,,,,,,,,,56719,0.13013345003128052
,,,17,,,,,,,,,,,,,,,,,,,,,,,,,,,,,56729,0.023491883650422096
,,,17,,,,,,,,,,,,,,,,,,,,,,,,,,,,,56739,0.027207374572753906
,,,17,,,,,,,,,,,,,,,,,,,,,,,,,,,,,56749,0.04192907735705376
,,,17,,,,,,,,,,,,,,,,,,,,,,,,,,,,,56759,0.012365134432911873
,,,17,,,,,,,,,,,,,,,,,,,,,,,,,,,,,56769,0.08824378252029419
,,,17,,,,,,,,,,,,,,,,,,,,,,,,,,,,,56779,0.004374558571726084
,,,17,,,,,,,,,,,,,,,,,,,,,,,,,,,,,56789,0.02401716820895672
,,,17,,,,,,,,,,,,,,,,,,,,,,,,,,,,,56799,0.006224593613296747
,,,17,,,,,,,,,,,,,,,,,,,,,,,,,,,,,56809,0.0037561834324151278
,,,17,,,,,,,,,,,,,,,,,,,,,,,,,,,,,56819,0.009684777818620205
,,,17,,,,,,,,,,,,,,,,,,,,,,,,,,,,,56829,0.013120381161570549
,,,17,,,,,,,,,,,,,,,,,,,,,,,,,,,,,56839,0.025379689410328865
,,,17,,,,,,,,,,,,,,,,,,,,,,,,,,,,,56849,0.0029186015017330647
,,,17,,,,,,,,,,,,,,,,,,,,,,,,,,,,,56859,0.18559502065181732
,,,17,,,,,,,,,,,,,,,,,,,,,,,,,,,,,56869,0.017931954935193062
,,,17,,,,,,,,,,,,,,,,,,,,,,,,,,,,,56879,0.03129372000694275
,,,17,,,,,,,,,,,,,,,,,,,,,,,,,,,,,56889,0.016811029985547066
,,,17,,,,,,,,,,,,,,,,,,,,,,,,,,,,,56899,0.30249592661857605
,,,17,,,,,,,,,,,,,,,,,,,,,,,,,,,,,56909,0.006318288389593363
,,,17,,,,,,,,,,,,,,,,,,,,,,,,,,,,,56919,0.002112081740051508
,,,17,,,,,,,,,,,,,,,,,,,,,,,,,,,,,56929,0.142406165599823
,,,17,,,,,,,,,,,,,,,,,,,,,,,,,,,,,56939,0.01161380298435688
,,,17,,,,,,,,,,,,,,,,,,,,,,,,,,,,,56949,0.0034719277173280716
,,,17,,,,,,,,,,,,,,,,,,,,,,,,,,,,,56959,0.007837207987904549
,,,17,,,,,,,,,,,,,,,,,,,,,,,,,,,,,56969,0.07103955000638962
,,,17,,,,,,,,,,,,,,,,,,,,,,,,,,,,,56979,0.16417962312698364
,,,17,,,,,,,,,,,,,,,,,,,,,,,,,,,,,56989,0.2047429382801056
,,,17,,,,,,,,,,,,,,,,,,,,,,,,,,,,,56999,0.02259710431098938
,,,17,,,,,,,,,,,,,,,,,,,,,,,,,,,,,57009,0.027418697252869606
,,,17,,,,,,,,,,,,,,,,,,,,,,,,,,,,,57019,0.003117199521511793
,,,17,,,,,,,,,,,,,,,,,,,,,,,,,,,,,57029,0.005354495719075203
,,,17,,,,,,,,,,,,,,,,,,,,,,,,,,,,,57039,0.004177700262516737
,,,17,,,,,,,,,,,,,,,,,,,,,,,,,,,,,57049,0.0014615256804972887
,,,17,,,,,,,,,,,,,,,,,,,,,,,,,,,,,57059,0.0024312566965818405
,,,17,,,,,,,,,,,,,,,,,,,,,,,,,,,,,57069,0.010841445997357368
,,,17,,,,,,,,,,,,,,,,,,,,,,,,,,,,,57079,0.0028691329061985016
,,,17,,,,,,,,,,,,,,,,,,,,,,,,,,,,,57089,0.060217637568712234
,,,17,,,,,,,,,,,,,,,,,,,,,,,,,,,,,57099,0.017073528841137886
,,,17,,,,,,,,,,,,,,,,,,,,,,,,,,,,,57109,0.011708286590874195
,,,17,,,,,,,,,,,,,,,,,,,,,,,,,,,,,57119,0.15109282732009888
,,,17,,,,,,,,,,,,,,,,,,,,,,,,,,,,,57129,0.003094079438596964
,,,17,,,,,,,,,,,,,,,,,,,,,,,,,,,,,57139,0.011701017618179321
,,,17,,,,,,,,,,,,,,,,,,,,,,,,,,,,,57149,0.003132522339001298
,,,17,,,,,,,,,,,,,,,,,,,,,,,,,,,,,57159,0.003584070596843958
,,,17,,,,,,,,,,,,,,,,,,,,,,,,,,,,,57169,0.006577966269105673
,,,17,,,,,,,,,,,,,,,,,,,,,,,,,,,,,57179,0.006224203389137983
,,,17,,,,,,,,,,,,,,,,,,,,,,,,,,,,,57189,0.013967742212116718
,,,17,,,,,,,,,,,,,,,,,,,,,,,,,,,,,57199,0.0023111780174076557
,,,17,,,,,,,,,,,,,,,,,,,,,,,,,,,,,57209,0.0028119704220443964
,,,17,,,,,,,,,,,,,,,,,,,,,,,,,,,,,57219,0.007905039936304092
,,,17,,,,,,,,,,,,,,,,,,,,,,,,,,,,,57229,0.012706427834928036
,,,17,,,,,,,,,,,,,,,,,,,,,,,,,,,,,57239,0.0063211070373654366
,,,17,,,,,,,,,,,,,,,,,,,,,,,,,,,,,57249,0.018239343538880348
,,,17,,,,,,,,,,,,,,,,,,,,,,,,,,,,,57259,0.006608725991100073
,,,17,,,,,,,,,,,,,,,,,,,,,,,,,,,,,57269,0.1486535221338272
,,,17,,,,,,,,,,,,,,,,,,,,,,,,,,,,,57279,0.058315765112638474
,,,17,,,,,,,,,,,,,,,,,,,,,,,,,,,,,57289,0.0036820194218307734
,,,17,,,,,,,,,,,,,,,,,,,,,,,,,,,,,57299,0.007988419383764267
,,,17,,,,,,,,,,,,,,,,,,,,,,,,,,,,,57309,0.006510630249977112
,,,17,,,,,,,,,,,,,,,,,,,,,,,,,,,,,57319,0.049205318093299866
,,,17,,,,,,,,,,,,,,,,,,,,,,,,,,,,,57329,0.0035635321401059628
,,,17,,,,,,,,,,,,,,,,,,,,,,,,,,,,,57339,0.09696450084447861
,,,17,,,,,,,,,,,,,,,,,,,,,,,,,,,,,57349,0.0735502615571022
,,,17,,,,,,,,,,,,,,,,,,,,,,,,,,,,,57359,0.004388255532830954
,,,17,,,,,,,,,,,,,,,,,,,,,,,,,,,,,57369,0.2661793529987335
,,,17,,,,,,,,,,,,,,,,,,,,,,,,,,,,,57379,0.020319825038313866
,,,17,,,,,,,,,,,,,,,,,,,,,,,,,,,,,57389,0.004464650526642799
,,,17,,,,,,,,,,,,,,,,,,,,,,,,,,,,,57399,0.40600234270095825
,,,17,,,,,,,,,,,,,,,,,,,,,,,,,,,,,57409,0.00514550507068634
,,,17,,,,,,,,,,,,,,,,,,,,,,,,,,,,,57419,0.004004769958555698
,,,17,,,,,,,,,,,,,,,,,,,,,,,,,,,,,57429,0.01246645487844944
,,,17,,,,,,,,,,,,,,,,,,,,,,,,,,,,,57439,0.5408380031585693
,,,17,,,,,,,,,,,,,,,,,,,,,,,,,,,,,57449,0.004372007213532925
,,,17,,,,,,,,,,,,,,,,,,,,,,,,,,,,,57459,0.01137054618448019
,,,17,,,,,,,,,,,,,,,,,,,,,,,,,,,,,57469,0.012455553747713566
,,,17,,,,,,,,,,,,,,,,,,,,,,,,,,,,,57479,0.0023653910029679537
,,,17,,,,,,,,,,,,,,,,,,,,,,,,,,,,,57489,0.011726020835340023
,,,17,,,,,,,,,,,,,,,,,,,,,,,,,,,,,57499,0.025702856481075287
,,,17,,,,,,,,,,,,,,,,,,,,,,,,,,,,,57509,0.0023085162974894047
,,,17,,,,,,,,,,,,,,,,,,,,,,,,,,,,,57519,0.004776808433234692
,,,17,,,,,,,,,,,,,,,,,,,,,,,,,,,,,57529,0.0038940138183534145
,,,17,,,,,,,,,,,,,,,,,,,,,,,,,,,,,57539,0.007228485774248838
,,,17,,,,,,,,,,,,,,,,,,,,,,,,,,,,,57549,0.0022361059673130512
,,,17,,,,,,,,,,,,,,,,,,,,,,,,,,,,,57559,0.00599710876122117
,,,17,,,,,,,,,,,,,,,,,,,,,,,,,,,,,57569,0.01351831667125225
,,,17,,,,,,,,,,,,,,,,,,,,,,,,,,,,,57579,0.04931517690420151
,,,17,,,,,,,,,,,,,,,,,,,,,,,,,,,,,57589,0.9353258013725281
,,,17,,,,,,,,,,,,,,,,,,,,,,,,,,,,,57599,0.006740509066730738
,,,17,,,,,,,,,,,,,,,,,,,,,,,,,,,,,57609,0.0950789600610733
,,,17,,,,,,,,,,,,,,,,,,,,,,,,,,,,,57619,0.042029161006212234
,,,17,,,,,,,,,,,,,,,,,,,,,,,,,,,,,57629,0.04504998028278351
,,,17,,,,,,,,,,,,,,,,,,,,,,,,,,,,,57639,0.023861486464738846
,,,17,,,,,,,,,,,,,,,,,,,,,,,,,,,,,57649,0.010944477282464504
,,,17,,,,,,,,,,,,,,,,,,,,,,,,,,,,,57659,0.026066122576594353
,,,17,,,,,,,,,,,,,,,,,,,,,,,,,,,,,57669,0.006473364774137735
,,,17,,,,,,,,,,,,,,,,,,,,,,,,,,,,,57679,0.001814553514122963
,,,17,,,,,,,,,,,,,,,,,,,,,,,,,,,,,57689,0.004347007256001234
,,,17,,,,,,,,,,,,,,,,,,,,,,,,,,,,,57699,0.4418404698371887
,,,17,,,,,,,,,,,,,,,,,,,,,,,,,,,,,57709,0.001794910989701748
,,,17,,,,,,,,,,,,,,,,,,,,,,,,,,,,,57719,0.010929076001048088
,,,17,,,,,,,,,,,,,,,,,,,,,,,,,,,,,57729,0.09627114981412888
,,,17,,,,,,,,,,,,,,,,,,,,,,,,,,,,,57739,0.09101645648479462
,,,17,,,,,,,,,,,,,,,,,,,,,,,,,,,,,57749,0.008416630327701569
,,,17,,,,,,,,,,,,,,,,,,,,,,,,,,,,,57759,0.02426028996706009
,,,17,,,,,,,,,,,,,,,,,,,,,,,,,,,,,57769,0.0036986907944083214
,,,17,,,,,,,,,,,,,,,,,,,,,,,,,,,,,57779,0.09657202661037445
,,,17,,,,,,,,,,,,,,,,,,,,,,,,,,,,,57789,1.195271611213684
,,,17,,,,,,,,,,,,,,,,,,,,,,,,,,,,,57799,0.010383539833128452
,,,17,,,,,,,,,,,,,,,,,,,,,,,,,,,,,57809,0.006773924920707941
,,,17,,,,,,,,,,,,,,,,,,,,,,,,,,,,,57819,0.16927175223827362
,,,17,,,,,,,,,,,,,,,,,,,,,,,,,,,,,57829,0.037348147481679916
,,,17,,,,,,,,,,,,,,,,,,,,,,,,,,,,,57839,0.08238442242145538
,,,17,,,,,,,,,,,,,,,,,,,,,,,,,,,,,57849,0.3091171085834503
,,,17,,,,,,,,,,,,,,,,,,,,,,,,,,,,,57859,0.0034208600409328938
,,,17,,,,,,,,,,,,,,,,,,,,,,,,,,,,,57869,0.4459129571914673
,,,17,,,,,,,,,,,,,,,,,,,,,,,,,,,,,57879,0.1597287654876709
,,,17,,,,,,,,,,,,,,,,,,,,,,,,,,,,,57889,0.006320280488580465
,,,17,,,,,,,,,,,,,,,,,,,,,,,,,,,,,57899,0.0024855281226336956
,,,17,,,,,,,,,,,,,,,,,,,,,,,,,,,,,57909,0.4422450363636017
,,,17,,,,,,,,,,,,,,,,,,,,,,,,,,,,,57919,0.011898240074515343
,,,17,,,,,,,,,,,,,,,,,,,,,,,,,,,,,57929,0.005905038211494684
,,,17,,,,,,,,,,,,,,,,,,,,,,,,,,,,,57939,0.003075007814913988
,,,17,,,,,,,,,,,,,,,,,,,,,,,,,,,,,57949,0.003332464722916484
,,,17,,,,,,,,,,,,,,,,,,,,,,,,,,,,,57959,0.0031757003162056208
,,,17,,,,,,,,,,,,,,,,,,,,,,,,,,,,,57969,0.041619595140218735
,,,17,,,,,,,,,,,,,,,,,,,,,,,,,,,,,57979,0.021119168028235435
,,,17,,,,,,,,,,,,,,,,,,,,,,,,,,,,,57989,0.14356644451618195
,,,17,,,,,,,,,,,,,,,,,,,,,,,,,,,,,57999,0.28765276074409485
,,,17,,,,,,,,,,,,,,,,,,,,,,,,,,,,,58009,0.00784215796738863
,,,17,,,,,,,,,,,,,,,,,,,,,,,,,,,,,58019,0.00787673331797123
,,,17,,,,,,,,,,,,,,,,,,,,,,,,,,,,,58029,0.006282764486968517
,,,17,,,,,,,,,,,,,,,,,,,,,,,,,,,,,58039,0.8195436596870422
,,,17,,,,,,,,,,,,,,,,,,,,,,,,,,,,,58049,0.3314540684223175
,,,17,,,,,,,,,,,,,,,,,,,,,,,,,,,,,58059,0.016237134113907814
,,,17,,,,,,,,,,,,,,,,,,,,,,,,,,,,,58069,0.1760348379611969
,,,17,,,,,,,,,,,,,,,,,,,,,,,,,,,,,58079,0.7544945478439331
,,,17,,,,,,,,,,,,,,,,,,,,,,,,,,,,,58089,0.23346412181854248
,,,17,,,,,,,,,,,,,,,,,,,,,,,,,,,,,58099,0.013352560810744762
,,,17,,,,,,,,,,,,,,,,,,,,,,,,,,,,,58109,0.050622180104255676
,,,17,,,,,,,,,,,,,,,,,,,,,,,,,,,,,58119,0.003284475300461054
,,,17,,,,,,,,,,,,,,,,,,,,,,,,,,,,,58129,0.009195695631206036
,,,17,,,,,,,,,,,,,,,,,,,,,,,,,,,,,58139,0.05084872245788574
,,,17,,,,,,,,,,,,,,,,,,,,,,,,,,,,,58149,0.0060246470384299755
,,,17,,,,,,,,,,,,,,,,,,,,,,,,,,,,,58159,0.003059744369238615
,,,17,,,,,,,,,,,,,,,,,,,,,,,,,,,,,58169,0.0035700511652976274
,,,17,,,,,,,,,,,,,,,,,,,,,,,,,,,,,58179,0.33072903752326965
,,,17,,,,,,,,,,,,,,,,,,,,,,,,,,,,,58189,0.025299131870269775
,,,17,,,,,,,,,,,,,,,,,,,,,,,,,,,,,58199,0.014172851108014584
,,,17,,,,,,,,,,,,,,,,,,,,,,,,,,,,,58209,0.5529339909553528
,,,17,,,,,,,,,,,,,,,,,,,,,,,,,,,,,58219,0.0025947545655071735
,,,17,,,,,,,,,,,,,,,,,,,,,,,,,,,,,58229,0.033939242362976074
,,,17,,,,,,,,,,,,,,,,,,,,,,,,,,,,,58239,0.0019162235548719764
,,,17,,,,,,,,,,,,,,,,,,,,,,,,,,,,,58249,3.082979202270508
,,,17,,,,,,,,,,,,,,,,,,,,,,,,,,,,,58259,0.009031281806528568
,,,17,,,,,,,,,,,,,,,,,,,,,,,,,,,,,58269,0.013776035979390144
,,,17,,,,,,,,,,,,,,,,,,,,,,,,,,,,,58279,0.08924347907304764
,,,17,,,,,,,,,,,,,,,,,,,,,,,,,,,,,58289,0.005493000615388155
,,,17,,,,,,,,,,,,,,,,,,,,,,,,,,,,,58299,0.04074470326304436
,,,17,,,,,,,,,,,,,,,,,,,,,,,,,,,,,58309,0.047129131853580475
,,,17,,,,,,,,,,,,,,,,,,,,,,,,,,,,,58319,0.742130696773529
,,,17,,,,,,,,,,,,,,,,,,,,,,,,,,,,,58329,0.008945935405790806
,,,17,,,,,,,,,,,,,,,,,,,,,,,,,,,,,58339,0.0032484540715813637
,,,17,,,,,,,,,,,,,,,,,,,,,,,,,,,,,58349,0.010660129599273205
,,,17,,,,,,,,,,,,,,,,,,,,,,,,,,,,,58359,0.017317380756139755
,,,17,,,,,,,,,,,,,,,,,,,,,,,,,,,,,58369,0.0009412805666215718
,,,17,,,,,,,,,,,,,,,,,,,,,,,,,,,,,58379,0.002846828196197748
,,,17,,,,,,,,,,,,,,,,,,,,,,,,,,,,,58389,1.4633889198303223
,,,17,,,,,,,,,,,,,,,,,,,,,,,,,,,,,58399,0.0029690624214708805
,,,17,,,,,,,,,,,,,,,,,,,,,,,,,,,,,58409,0.0038533564656972885
,,,17,,,,,,,,,,,,,,,,,,,,,,,,,,,,,58419,0.10942873358726501
,,,17,,,,,,,,,,,,,,,,,,,,,,,,,,,,,58429,0.005981457885354757
,,,17,,,,,,,,,,,,,,,,,,,,,,,,,,,,,58439,0.004446461796760559
,,,17,,,,,,,,,,,,,,,,,,,,,,,,,,,,,58449,0.01039112824946642
,,,17,,,,,,,,,,,,,,,,,,,,,,,,,,,,,58459,0.01212194561958313
,,,17,,,,,,,,,,,,,,,,,,,,,,,,,,,,,58469,0.00873599760234356
,,,17,,,,,,,,,,,,,,,,,,,,,,,,,,,,,58479,0.003616556292399764
,,,17,,,,,,,,,,,,,,,,,,,,,,,,,,,,,58489,0.0325063057243824
,,,17,,,,,,,,,,,,,,,,,,,,,,,,,,,,,58499,0.0023641781881451607
,,,17,,,,,,,,,,,,,,,,,,,,,,,,,,,,,58509,0.003195414552465081
,,,17,,,,,,,,,,,,,,,,,,,,,,,,,,,,,58519,0.03251849487423897
,,,17,,,,,,,,,,,,,,,,,,,,,,,,,,,,,58529,0.003334784647449851
,,,17,,,,,,,,,,,,,,,,,,,,,,,,,,,,,58539,0.1228223368525505
,,,17,,,,,,,,,,,,,,,,,,,,,,,,,,,,,58549,0.003958718851208687
,,,17,,,,,,,,,,,,,,,,,,,,,,,,,,,,,58559,0.008013864979147911
,,,17,,,,,,,,,,,,,,,,,,,,,,,,,,,,,58569,0.4071405827999115
,,,17,,,,,,,,,,,,,,,,,,,,,,,,,,,,,58579,0.39473509788513184
,,,17,,,,,,,,,,,,,,,,,,,,,,,,,,,,,58589,0.31991249322891235
,,,17,,,,,,,,,,,,,,,,,,,,,,,,,,,,,58599,0.09173429012298584
,,,17,,,,,,,,,,,,,,,,,,,,,,,,,,,,,58609,0.00833478756248951
,,,17,,,,,,,,,,,,,,,,,,,,,,,,,,,,,58619,0.11049418896436691
,,,17,,,,,,,,,,,,,,,,,,,,,,,,,,,,,58629,0.16287539899349213
,,,17,,,,,,,,,,,,,,,,,,,,,,,,,,,,,58639,0.008448726497590542
,,,17,,,,,,,,,,,,,,,,,,,,,,,,,,,,,58649,0.006101443897932768
,,,17,,,,,,,,,,,,,,,,,,,,,,,,,,,,,58659,0.24793098866939545
,,,17,,,,,,,,,,,,,,,,,,,,,,,,,,,,,58669,0.018218040466308594
,,,17,,,,,,,,,,,,,,,,,,,,,,,,,,,,,58679,0.19818104803562164
,,,17,,,,,,,,,,,,,,,,,,,,,,,,,,,,,58689,0.6759584546089172
,,,17,,,,,,,,,,,,,,,,,,,,,,,,,,,,,58699,0.01129999104887247
,,,17,,,,,,,,,,,,,,,,,,,,,,,,,,,,,58709,0.06009039655327797
,,,17,,,,,,,,,,,,,,,,,,,,,,,,,,,,,58719,0.004264373332262039
,,,17,,,,,,,,,,,,,,,,,,,,,,,,,,,,,58729,0.004085505846887827
,,,17,,,,,,,,,,,,,,,,,,,,,,,,,,,,,58739,0.1393989473581314
,,,17,,,,,,,,,,,,,,,,,,,,,,,,,,,,,58749,0.028029343113303185
,,,17,,,,,,,,,,,,,,,,,,,,,,,,,,,,,58759,0.3914391100406647
,,,17,,,,,,,,,,,,,,,,,,,,,,,,,,,,,58769,0.007224664557725191
,,,17,,,,,,,,,,,,,,,,,,,,,,,,,,,,,58779,0.030817309394478798
,,,17,,,,,,,,,,,,,,,,,,,,,,,,,,,,,58789,0.02164405956864357
,,,17,,,,,,,,,,,,,,,,,,,,,,,,,,,,,58799,0.001705162227153778
,,,17,,,,,,,,,,,,,,,,,,,,,,,,,,,,,58809,0.0035800824407488108
,,,17,,,,,,,,,,,,,,,,,,,,,,,,,,,,,58819,0.21061983704566956
,,,17,,,,,,,,,,,,,,,,,,,,,,,,,,,,,58829,0.09359509497880936
,,,17,,,,,,,,,,,,,,,,,,,,,,,,,,,,,58839,0.34049487113952637
,,,17,,,,,,,,,,,,,,,,,,,,,,,,,,,,,58849,0.0054418849758803844
,,,17,,,,,,,,,,,,,,,,,,,,,,,,,,,,,58859,0.19140009582042694
,,,17,,,,,,,,,,,,,,,,,,,,,,,,,,,,,58869,0.0142438355833292
,,,17,,,,,,,,,,,,,,,,,,,,,,,,,,,,,58879,0.034591786563396454
,,,17,,,,,,,,,,,,,,,,,,,,,,,,,,,,,58889,0.013635924085974693
,,,17,,,,,,,,,,,,,,,,,,,,,,,,,,,,,58899,0.4561370313167572
,,,17,,,,,,,,,,,,,,,,,,,,,,,,,,,,,58909,0.21405833959579468
,,,17,,,,,,,,,,,,,,,,,,,,,,,,,,,,,58919,0.0016540829092264175
,,,17,,,,,,,,,,,,,,,,,,,,,,,,,,,,,58929,0.0066209775395691395
,,,17,,,,,,,,,,,,,,,,,,,,,,,,,,,,,58939,0.1598900705575943
,,,17,,,,,,,,,,,,,,,,,,,,,,,,,,,,,58949,0.004765212535858154
,,,17,,,,,,,,,,,,,,,,,,,,,,,,,,,,,58959,0.07597894966602325
,,,17,,,,,,,,,,,,,,,,,,,,,,,,,,,,,58969,0.0030082992743700743
,,,17,,,,,,,,,,,,,,,,,,,,,,,,,,,,,58979,0.006642847787588835
,,,17,,,,,,,,,,,,,,,,,,,,,,,,,,,,,58989,0.16809113323688507
,,,17,,,,,,,,,,,,,,,,,,,,,,,,,,,,,58999,0.013408400118350983
,,,17,,,,,,,,,,,,,,,,,,,,,,,,,,,,,59009,0.004687014501541853
,,,17,,,,,,,,,,,,,,,,,,,,,,,,,,,,,59019,0.0022090980783104897
,,,17,,,,,,,,,,,,,,,,,,,,,,,,,,,,,59029,0.044096436351537704
,,,17,,,,,,,,,,,,,,,,,,,,,,,,,,,,,59039,0.005866540130227804
,,,17,,,,,,,,,,,,,,,,,,,,,,,,,,,,,59049,0.0251139048486948
,,,17,,,,,,,,,,,,,,,,,,,,,,,,,,,,,59059,0.00292873359285295
,,,17,,,,,,,,,,,,,,,,,,,,,,,,,,,,,59069,0.02834657020866871
,,,17,,,,,,,,,,,,,,,,,,,,,,,,,,,,,59079,0.4185250401496887
,,,17,,,,,,,,,,,,,,,,,,,,,,,,,,,,,59089,0.03484660014510155
,,,17,,,,,,,,,,,,,,,,,,,,,,,,,,,,,59099,0.014708369970321655
,,,17,,,,,,,,,,,,,,,,,,,,,,,,,,,,,59109,0.028457297012209892
,,,17,,,,,,,,,,,,,,,,,,,,,,,,,,,,,59119,0.011018190532922745
,,,17,,,,,,,,,,,,,,,,,,,,,,,,,,,,,59129,0.002041204134002328
,,,17,,,,,,,,,,,,,,,,,,,,,,,,,,,,,59139,0.0024470509961247444
,,,17,,,,,,,,,,,,,,,,,,,,,,,,,,,,,59149,0.16616375744342804
,,,17,,,,,,,,,,,,,,,,,,,,,,,,,,,,,59159,0.057079751044511795
,,,17,,,,,,,,,,,,,,,,,,,,,,,,,,,,,59169,0.0008921840344555676
,,,17,,,,,,,,,,,,,,,,,,,,,,,,,,,,,59179,0.5663931369781494
,,,17,,,,,,,,,,,,,,,,,,,,,,,,,,,,,59189,0.32272621989250183
,,,17,,,,,,,,,,,,,,,,,,,,,,,,,,,,,59199,0.3004550337791443
,,,17,,,,,,,,,,,,,,,,,,,,,,,,,,,,,59209,0.19692540168762207
,,,17,,,,,,,,,,,,,,,,,,,,,,,,,,,,,59219,0.02011098340153694
,,,17,,,,,,,,,,,,,,,,,,,,,,,,,,,,,59229,0.0066608949564397335
,,,17,,,,,,,,,,,,,,,,,,,,,,,,,,,,,59239,0.006467171013355255
,,,17,,,,,,,,,,,,,,,,,,,,,,,,,,,,,59249,0.0026101076509803534
,,,17,,,,,,,,,,,,,,,,,,,,,,,,,,,,,59259,0.02256534807384014
,,,17,,,,,,,,,,,,,,,,,,,,,,,,,,,,,59269,0.005163569934666157
,,,17,,,,,,,,,,,,,,,,,,,,,,,,,,,,,59279,0.007092540618032217
,,,17,,,,,,,,,,,,,,,,,,,,,,,,,,,,,59289,0.0036232173442840576
,,,17,,,,,,,,,,,,,,,,,,,,,,,,,,,,,59299,0.01822655089199543
,,,17,,,,,,,,,,,,,,,,,,,,,,,,,,,,,59309,0.002298932056874037
,,,17,,,,,,,,,,,,,,,,,,,,,,,,,,,,,59319,0.011703827418386936
,,,17,,,,,,,,,,,,,,,,,,,,,,,,,,,,,59329,0.003977593034505844
,,,17,,,,,,,,,,,,,,,,,,,,,,,,,,,,,59339,0.02882993035018444
,,,17,,,,,,,,,,,,,,,,,,,,,,,,,,,,,59349,0.02190571464598179
,,,17,,,,,,,,,,,,,,,,,,,,,,,,,,,,,59359,0.021467681974172592
,,,17,,,,,,,,,,,,,,,,,,,,,,,,,,,,,59369,0.17175976932048798
,,,17,,,,,,,,,,,,,,,,,,,,,,,,,,,,,59379,0.03559734299778938
,,,17,,,,,,,,,,,,,,,,,,,,,,,,,,,,,59389,0.02771974913775921
,,,17,,,,,,,,,,,,,,,,,,,,,,,,,,,,,59399,0.03467688709497452
,,,17,,,,,,,,,,,,,,,,,,,,,,,,,,,,,59409,0.005932177416980267
,,,17,,,,,,,,,,,,,,,,,,,,,,,,,,,,,59419,0.003848667023703456
,,,17,,,,,,,,,,,,,,,,,,,,,,,,,,,,,59429,0.02155592292547226
,,,17,,,,,,,,,,,,,,,,,,,,,,,,,,,,,59439,0.009469934739172459
,,,17,,,,,,,,,,,,,,,,,,,,,,,,,,,,,59449,0.04328930005431175
,,,17,,,,,,,,,,,,,,,,,,,,,,,,,,,,,59459,0.019688516855239868
,,,17,,,,,,,,,,,,,,,,,,,,,,,,,,,,,59469,0.23868514597415924
,,,17,,,,,,,,,,,,,,,,,,,,,,,,,,,,,59479,0.009100508876144886
,,,17,,,,,,,,,,,,,,,,,,,,,,,,,,,,,59489,0.004954255651682615
,,,17,,,,,,,,,,,,,,,,,,,,,,,,,,,,,59499,0.011561471968889236
,,,17,,,,,,,,,,,,,,,,,,,,,,,,,,,,,59509,0.0015792751219123602
,,,17,,,,,,,,,,,,,,,,,,,,,,,,,,,,,59519,0.2900729775428772
,,,17,,,,,,,,,,,,,,,,,,,,,,,,,,,,,59529,0.01453640591353178
,,,17,,,,,,,,,,,,,,,,,,,,,,,,,,,,,59539,0.011447119526565075
,,,17,,,,,,,,,,,,,,,,,,,,,,,,,,,,,59549,0.020146897062659264
,,,17,,,,,,,,,,,,,,,,,,,,,,,,,,,,,59559,0.04589397832751274
,,,17,,,,,,,,,,,,,,,,,,,,,,,,,,,,,59569,0.001361104310490191
,,,17,,,,,,,,,,,,,,,,,,,,,,,,,,,,,59579,0.006954673212021589
,,,,4.5949485572815476e-07,2.5741107424986786e-06,3.960170373074889e-06,3.960170373074889e-06,6.092569804730599e-06,6.092569804730599e-06,9.373184314970152e-06,9.373184314970152e-06,1.4420283561492542e-05,1.4420283561492542e-05,2.2185051633065447e-05,4.5949485572815476e-07,2.2185051633065447e-05,3.4130848666254534e-05,3.4130848666254534e-05,5.2508997948083897e-05,5.2508997948083897e-05,8.07830737662829e-05,8.07830737662829e-05,8.07830737662829e-05,8.07830737662829e-05,7.069151626586995e-07,7.069151626586995e-07,1.0875617887056918e-06,1.0875617887056918e-06,1.673171982624141e-06,1.673171982624141e-06,2.5741107424986786e-06,59581,
,,,18,,,,,,,,,,,,,,,,,,,,,,,,,,,,,59589,0.0028011337853968143
,,,18,,,,,,,,,,,,,,,,,,,,,,,,,,,,,59599,0.16901081800460815
,,,18,,,,,,,,,,,,,,,,,,,,,,,,,,,,,59609,0.0014784871600568295
,,,18,,,,,,,,,,,,,,,,,,,,,,,,,,,,,59619,0.0010266572935506701
,,,18,,,,,,,,,,,,,,,,,,,,,,,,,,,,,59629,0.7125288844108582
,,,18,,,,,,,,,,,,,,,,,,,,,,,,,,,,,59639,0.0021598367020487785
,,,18,,,,,,,,,,,,,,,,,,,,,,,,,,,,,59649,0.012588096782565117
,,,18,,,,,,,,,,,,,,,,,,,,,,,,,,,,,59659,0.03814317658543587
,,,18,,,,,,,,,,,,,,,,,,,,,,,,,,,,,59669,0.03493859991431236
,,,18,,,,,,,,,,,,,,,,,,,,,,,,,,,,,59679,0.1578284204006195
,,,18,,,,,,,,,,,,,,,,,,,,,,,,,,,,,59689,0.005102111492305994
,,,18,,,,,,,,,,,,,,,,,,,,,,,,,,,,,59699,0.17788241803646088
,,,18,,,,,,,,,,,,,,,,,,,,,,,,,,,,,59709,0.16464614868164062
,,,18,,,,,,,,,,,,,,,,,,,,,,,,,,,,,59719,0.007150750607252121
,,,18,,,,,,,,,,,,,,,,,,,,,,,,,,,,,59729,0.022595258429646492
,,,18,,,,,,,,,,,,,,,,,,,,,,,,,,,,,59739,0.0036790897138416767
,,,18,,,,,,,,,,,,,,,,,,,,,,,,,,,,,59749,0.2237878143787384
,,,18,,,,,,,,,,,,,,,,,,,,,,,,,,,,,59759,0.5548961162567139
,,,18,,,,,,,,,,,,,,,,,,,,,,,,,,,,,59769,0.08641865849494934
,,,18,,,,,,,,,,,,,,,,,,,,,,,,,,,,,59779,0.003990715369582176
,,,18,,,,,,,,,,,,,,,,,,,,,,,,,,,,,59789,0.010643873363733292
,,,18,,,,,,,,,,,,,,,,,,,,,,,,,,,,,59799,0.0047358861193060875
,,,18,,,,,,,,,,,,,,,,,,,,,,,,,,,,,59809,0.41081807017326355
,,,18,,,,,,,,,,,,,,,,,,,,,,,,,,,,,59819,0.2782716453075409
,,,18,,,,,,,,,,,,,,,,,,,,,,,,,,,,,59829,1.0500826835632324
,,,18,,,,,,,,,,,,,,,,,,,,,,,,,,,,,59839,0.00899474322795868
,,,18,,,,,,,,,,,,,,,,,,,,,,,,,,,,,59849,0.07055764645338058
,,,18,,,,,,,,,,,,,,,,,,,,,,,,,,,,,59859,0.011942737735807896
,,,18,,,,,,,,,,,,,,,,,,,,,,,,,,,,,59869,0.005536371376365423
,,,18,,,,,,,,,,,,,,,,,,,,,,,,,,,,,59879,0.1342141181230545
,,,18,,,,,,,,,,,,,,,,,,,,,,,,,,,,,59889,0.0052990661934018135
,,,18,,,,,,,,,,,,,,,,,,,,,,,,,,,,,59899,0.31455183029174805
,,,18,,,,,,,,,,,,,,,,,,,,,,,,,,,,,59909,0.017874643206596375
,,,18,,,,,,,,,,,,,,,,,,,,,,,,,,,,,59919,0.00451808562502265
,,,18,,,,,,,,,,,,,,,,,,,,,,,,,,,,,59929,0.013685262762010098
,,,18,,,,,,,,,,,,,,,,,,,,,,,,,,,,,59939,0.023963186889886856
,,,18,,,,,,,,,,,,,,,,,,,,,,,,,,,,,59949,0.007726911921054125
,,,18,,,,,,,,,,,,,,,,,,,,,,,,,,,,,59959,0.006284097209572792
,,,18,,,,,,,,,,,,,,,,,,,,,,,,,,,,,59969,0.006658958271145821
,,,18,,,,,,,,,,,,,,,,,,,,,,,,,,,,,59979,0.004954725503921509
,,,18,,,,,,,,,,,,,,,,,,,,,,,,,,,,,59989,0.18693296611309052
,,,18,,,,,,,,,,,,,,,,,,,,,,,,,,,,,59999,0.26050668954849243
,,,18,,,,,,,,,,,,,,,,,,,,,,,,,,,,,60009,0.002531805308535695
,,,18,,,,,,,,,,,,,,,,,,,,,,,,,,,,,60019,0.013647453859448433
,,,18,,,,,,,,,,,,,,,,,,,,,,,,,,,,,60029,0.09676049649715424
,,,18,,,,,,,,,,,,,,,,,,,,,,,,,,,,,60039,0.011036965996026993
,,,18,,,,,,,,,,,,,,,,,,,,,,,,,,,,,60049,0.040233299136161804
,,,18,,,,,,,,,,,,,,,,,,,,,,,,,,,,,60059,0.07636378705501556
,,,18,,,,,,,,,,,,,,,,,,,,,,,,,,,,,60069,0.0035822608042508364
,,,18,,,,,,,,,,,,,,,,,,,,,,,,,,,,,60079,0.002260529436171055
,,,18,,,,,,,,,,,,,,,,,,,,,,,,,,,,,60089,0.028922151774168015
,,,18,,,,,,,,,,,,,,,,,,,,,,,,,,,,,60099,0.13986770808696747
,,,18,,,,,,,,,,,,,,,,,,,,,,,,,,,,,60109,0.06027902662754059
,,,18,,,,,,,,,,,,,,,,,,,,,,,,,,,,,60119,0.010856635868549347
,,,18,,,,,,,,,,,,,,,,,,,,,,,,,,,,,60129,0.08557585626840591
,,,18,,,,,,,,,,,,,,,,,,,,,,,,,,,,,60139,0.002727232873439789
,,,18,,,,,,,,,,,,,,,,,,,,,,,,,,,,,60149,0.1322355419397354
,,,18,,,,,,,,,,,,,,,,,,,,,,,,,,,,,60159,0.0015338400844484568
,,,18,,,,,,,,,,,,,,,,,,,,,,,,,,,,,60169,0.002887045033276081
,,,18,,,,,,,,,,,,,,,,,,,,,,,,,,,,,60179,0.05835490673780441
,,,18,,,,,,,,,,,,,,,,,,,,,,,,,,,,,60189,0.5218758583068848
,,,18,,,,,,,,,,,,,,,,,,,,,,,,,,,,,60199,0.0029330970719456673
,,,18,,,,,,,,,,,,,,,,,,,,,,,,,,,,,60209,0.03659045323729515
,,,18,,,,,,,,,,,,,,,,,,,,,,,,,,,,,60219,0.005975213833153248
,,,18,,,,,,,,,,,,,,,,,,,,,,,,,,,,,60229,0.05507279932498932
,,,18,,,,,,,,,,,,,,,,,,,,,,,,,,,,,60239,0.019477669149637222
,,,18,,,,,,,,,,,,,,,,,,,,,,,,,,,,,60249,0.024358967319130898
,,,18,,,,,,,,,,,,,,,,,,,,,,,,,,,,,60259,0.4945257604122162
,,,18,,,,,,,,,,,,,,,,,,,,,,,,,,,,,60269,0.0056892395950853825
,,,18,,,,,,,,,,,,,,,,,,,,,,,,,,,,,60279,0.028205344453454018
,,,18,,,,,,,,,,,,,,,,,,,,,,,,,,,,,60289,0.002598158083856106
,,,18,,,,,,,,,,,,,,,,,,,,,,,,,,,,,60299,0.023364311084151268
,,,18,,,,,,,,,,,,,,,,,,,,,,,,,,,,,60309,0.0028295586816966534
,,,18,,,,,,,,,,,,,,,,,,,,,,,,,,,,,60319,0.011057701893150806
,,,18,,,,,,,,,,,,,,,,,,,,,,,,,,,,,60329,0.0014595894608646631
,,,18,,,,,,,,,,,,,,,,,,,,,,,,,,,,,60339,0.011467731557786465
,,,18,,,,,,,,,,,,,,,,,,,,,,,,,,,,,60349,0.022932497784495354
,,,18,,,,,,,,,,,,,,,,,,,,,,,,,,,,,60359,0.0028040511533617973
,,,18,,,,,,,,,,,,,,,,,,,,,,,,,,,,,60369,0.03270464763045311
,,,18,,,,,,,,,,,,,,,,,,,,,,,,,,,,,60379,0.023161886259913445
,,,18,,,,,,,,,,,,,,,,,,,,,,,,,,,,,60389,0.0778031274676323
,,,18,,,,,,,,,,,,,,,,,,,,,,,,,,,,,60399,0.0027195445727556944
,,,18,,,,,,,,,,,,,,,,,,,,,,,,,,,,,60409,0.010629836469888687
,,,18,,,,,,,,,,,,,,,,,,,,,,,,,,,,,60419,0.0016535355243831873
,,,18,,,,,,,,,,,,,,,,,,,,,,,,,,,,,60429,0.8828890323638916
,,,18,,,,,,,,,,,,,,,,,,,,,,,,,,,,,60439,0.009891618974506855
,,,18,,,,,,,,,,,,,,,,,,,,,,,,,,,,,60449,1.0176551342010498
,,,18,,,,,,,,,,,,,,,,,,,,,,,,,,,,,60459,0.23289045691490173
,,,18,,,,,,,,,,,,,,,,,,,,,,,,,,,,,60469,0.5834876894950867
,,,18,,,,,,,,,,,,,,,,,,,,,,,,,,,,,60479,0.005429574754089117
,,,18,,,,,,,,,,,,,,,,,,,,,,,,,,,,,60489,0.29025959968566895
,,,18,,,,,,,,,,,,,,,,,,,,,,,,,,,,,60499,1.0031763315200806
,,,18,,,,,,,,,,,,,,,,,,,,,,,,,,,,,60509,0.011484690010547638
,,,18,,,,,,,,,,,,,,,,,,,,,,,,,,,,,60519,0.0028410269878804684
,,,18,,,,,,,,,,,,,,,,,,,,,,,,,,,,,60529,0.5257758498191833
,,,18,,,,,,,,,,,,,,,,,,,,,,,,,,,,,60539,0.06974075734615326
,,,18,,,,,,,,,,,,,,,,,,,,,,,,,,,,,60549,0.377374529838562
,,,18,,,,,,,,,,,,,,,,,,,,,,,,,,,,,60559,0.1065947562456131
,,,18,,,,,,,,,,,,,,,,,,,,,,,,,,,,,60569,0.6902815103530884
,,,18,,,,,,,,,,,,,,,,,,,,,,,,,,,,,60579,0.0780031606554985
,,,18,,,,,,,,,,,,,,,,,,,,,,,,,,,,,60589,0.28277915716171265
,,,18,,,,,,,,,,,,,,,,,,,,,,,,,,,,,60599,0.01299421489238739
,,,18,,,,,,,,,,,,,,,,,,,,,,,,,,,,,60609,0.591730535030365
,,,18,,,,,,,,,,,,,,,,,,,,,,,,,,,,,60619,0.630304217338562
,,,18,,,,,,,,,,,,,,,,,,,,,,,,,,,,,60629,0.018845167011022568
,,,18,,,,,,,,,,,,,,,,,,,,,,,,,,,,,60639,0.007248961366713047
,,,18,,,,,,,,,,,,,,,,,,,,,,,,,,,,,60649,0.017284192144870758
,,,18,,,,,,,,,,,,,,,,,,,,,,,,,,,,,60659,0.1045222282409668
,,,18,,,,,,,,,,,,,,,,,,,,,,,,,,,,,60669,0.007062040269374847
,,,18,,,,,,,,,,,,,,,,,,,,,,,,,,,,,60679,0.001693779369816184
,,,18,,,,,,,,,,,,,,,,,,,,,,,,,,,,,60689,0.01163285132497549
,,,18,,,,,,,,,,,,,,,,,,,,,,,,,,,,,60699,0.4661109447479248
,,,18,,,,,,,,,,,,,,,,,,,,,,,,,,,,,60709,0.00618008291348815
,,,18,,,,,,,,,,,,,,,,,,,,,,,,,,,,,60719,0.00527720432728529
,,,18,,,,,,,,,,,,,,,,,,,,,,,,,,,,,60729,0.03024093620479107
,,,18,,,,,,,,,,,,,,,,,,,,,,,,,,,,,60739,0.03422297537326813
,,,18,,,,,,,,,,,,,,,,,,,,,,,,,,,,,60749,0.005749864969402552
,,,18,,,,,,,,,,,,,,,,,,,,,,,,,,,,,60759,0.11178479343652725
,,,18,,,,,,,,,,,,,,,,,,,,,,,,,,,,,60769,0.010881967842578888
,,,18,,,,,,,,,,,,,,,,,,,,,,,,,,,,,60779,0.2669715881347656
,,,18,,,,,,,,,,,,,,,,,,,,,,,,,,,,,60789,1.0668320655822754
,,,18,,,,,,,,,,,,,,,,,,,,,,,,,,,,,60799,0.003676389576867223
,,,18,,,,,,,,,,,,,,,,,,,,,,,,,,,,,60809,0.014744616113603115
,,,18,,,,,,,,,,,,,,,,,,,,,,,,,,,,,60819,0.010589277371764183
,,,18,,,,,,,,,,,,,,,,,,,,,,,,,,,,,60829,0.018316397443413734
,,,18,,,,,,,,,,,,,,,,,,,,,,,,,,,,,60839,0.0052984231151640415
,,,18,,,,,,,,,,,,,,,,,,,,,,,,,,,,,60849,0.5120920538902283
,,,18,,,,,,,,,,,,,,,,,,,,,,,,,,,,,60859,0.005010602530092001
,,,18,,,,,,,,,,,,,,,,,,,,,,,,,,,,,60869,0.5354706645011902
,,,18,,,,,,,,,,,,,,,,,,,,,,,,,,,,,60879,0.00516150938346982
,,,18,,,,,,,,,,,,,,,,,,,,,,,,,,,,,60889,0.032537974417209625
,,,18,,,,,,,,,,,,,,,,,,,,,,,,,,,,,60899,0.007577231153845787
,,,18,,,,,,,,,,,,,,,,,,,,,,,,,,,,,60909,0.573893666267395
,,,18,,,,,,,,,,,,,,,,,,,,,,,,,,,,,60919,0.02767384797334671
,,,18,,,,,,,,,,,,,,,,,,,,,,,,,,,,,60929,0.012679701671004295
,,,18,,,,,,,,,,,,,,,,,,,,,,,,,,,,,60939,0.005429306533187628
,,,18,,,,,,,,,,,,,,,,,,,,,,,,,,,,,60949,0.06152639165520668
,,,18,,,,,,,,,,,,,,,,,,,,,,,,,,,,,60959,0.039694491773843765
,,,18,,,,,,,,,,,,,,,,,,,,,,,,,,,,,60969,0.0016707171453163028
,,,18,,,,,,,,,,,,,,,,,,,,,,,,,,,,,60979,0.019737504422664642
,,,18,,,,,,,,,,,,,,,,,,,,,,,,,,,,,60989,0.0067689549177885056
,,,18,,,,,,,,,,,,,,,,,,,,,,,,,,,,,60999,0.0035782044287770987
,,,18,,,,,,,,,,,,,,,,,,,,,,,,,,,,,61009,0.012015334330499172
,,,18,,,,,,,,,,,,,,,,,,,,,,,,,,,,,61019,0.011023680679500103
,,,18,,,,,,,,,,,,,,,,,,,,,,,,,,,,,61029,0.025075078010559082
,,,18,,,,,,,,,,,,,,,,,,,,,,,,,,,,,61039,0.08256978541612625
,,,18,,,,,,,,,,,,,,,,,,,,,,,,,,,,,61049,0.29436951875686646
,,,18,,,,,,,,,,,,,,,,,,,,,,,,,,,,,61059,0.0038997253868728876
,,,18,,,,,,,,,,,,,,,,,,,,,,,,,,,,,61069,0.006394471973180771
,,,18,,,,,,,,,,,,,,,,,,,,,,,,,,,,,61079,0.08043251186609268
,,,18,,,,,,,,,,,,,,,,,,,,,,,,,,,,,61089,0.0038744055200368166
,,,18,,,,,,,,,,,,,,,,,,,,,,,,,,,,,61099,0.005356136709451675
,,,18,,,,,,,,,,,,,,,,,,,,,,,,,,,,,61109,0.11848453432321548
,,,18,,,,,,,,,,,,,,,,,,,,,,,,,,,,,61119,0.3678381145000458
,,,18,,,,,,,,,,,,,,,,,,,,,,,,,,,,,61129,0.5967633128166199
,,,18,,,,,,,,,,,,,,,,,,,,,,,,,,,,,61139,0.007522145751863718
,,,18,,,,,,,,,,,,,,,,,,,,,,,,,,,,,61149,0.01085263304412365
,,,18,,,,,,,,,,,,,,,,,,,,,,,,,,,,,61159,0.1599307507276535
,,,18,,,,,,,,,,,,,,,,,,,,,,,,,,,,,61169,0.008201698772609234
,,,18,,,,,,,,,,,,,,,,,,,,,,,,,,,,,61179,0.009497507475316525
,,,18,,,,,,,,,,,,,,,,,,,,,,,,,,,,,61189,0.00997764803469181
,,,18,,,,,,,,,,,,,,,,,,,,,,,,,,,,,61199,0.02078457549214363
,,,18,,,,,,,,,,,,,,,,,,,,,,,,,,,,,61209,0.007536464836448431
,,,18,,,,,,,,,,,,,,,,,,,,,,,,,,,,,61219,0.21030347049236298
,,,18,,,,,,,,,,,,,,,,,,,,,,,,,,,,,61229,0.006078271195292473
,,,18,,,,,,,,,,,,,,,,,,,,,,,,,,,,,61239,0.0030053104273974895
,,,18,,,,,,,,,,,,,,,,,,,,,,,,,,,,,61249,0.007611789274960756
,,,18,,,,,,,,,,,,,,,,,,,,,,,,,,,,,61259,0.05196431279182434
,,,18,,,,,,,,,,,,,,,,,,,,,,,,,,,,,61269,0.0015878811245784163
,,,18,,,,,,,,,,,,,,,,,,,,,,,,,,,,,61279,0.07948282361030579
,,,18,,,,,,,,,,,,,,,,,,,,,,,,,,,,,61289,0.03705776110291481
,,,18,,,,,,,,,,,,,,,,,,,,,,,,,,,,,61299,0.0023650547955185175
,,,18,,,,,,,,,,,,,,,,,,,,,,,,,,,,,61309,0.002645884407684207
,,,18,,,,,,,,,,,,,,,,,,,,,,,,,,,,,61319,0.31947410106658936
,,,18,,,,,,,,,,,,,,,,,,,,,,,,,,,,,61329,0.035499799996614456
,,,18,,,,,,,,,,,,,,,,,,,,,,,,,,,,,61339,0.003417481668293476
,,,18,,,,,,,,,,,,,,,,,,,,,,,,,,,,,61349,0.1525716334581375
,,,18,,,,,,,,,,,,,,,,,,,,,,,,,,,,,61359,0.787328839302063
,,,18,,,,,,,,,,,,,,,,,,,,,,,,,,,,,61369,0.0027931269723922014
,,,18,,,,,,,,,,,,,,,,,,,,,,,,,,,,,61379,0.0015147600788623095
,,,18,,,,,,,,,,,,,,,,,,,,,,,,,,,,,61389,0.49626511335372925
,,,18,,,,,,,,,,,,,,,,,,,,,,,,,,,,,61399,0.014823472127318382
,,,18,,,,,,,,,,,,,,,,,,,,,,,,,,,,,61409,0.007736092433333397
,,,18,,,,,,,,,,,,,,,,,,,,,,,,,,,,,61419,0.18823933601379395
,,,18,,,,,,,,,,,,,,,,,,,,,,,,,,,,,61429,0.0017051403410732746
,,,18,,,,,,,,,,,,,,,,,,,,,,,,,,,,,61439,0.025217736139893532
,,,18,,,,,,,,,,,,,,,,,,,,,,,,,,,,,61449,0.005683738738298416
,,,18,,,,,,,,,,,,,,,,,,,,,,,,,,,,,61459,0.004296481143683195
,,,18,,,,,,,,,,,,,,,,,,,,,,,,,,,,,61469,0.004182321485131979
,,,18,,,,,,,,,,,,,,,,,,,,,,,,,,,,,61479,0.001960302935913205
,,,18,,,,,,,,,,,,,,,,,,,,,,,,,,,,,61489,0.09675046801567078
,,,18,,,,,,,,,,,,,,,,,,,,,,,,,,,,,61499,0.0013786241179332137
,,,18,,,,,,,,,,,,,,,,,,,,,,,,,,,,,61509,0.06840892881155014
,,,18,,,,,,,,,,,,,,,,,,,,,,,,,,,,,61519,0.14723466336727142
,,,18,,,,,,,,,,,,,,,,,,,,,,,,,,,,,61529,0.08463755995035172
,,,18,,,,,,,,,,,,,,,,,,,,,,,,,,,,,61539,0.004028479102998972
,,,18,,,,,,,,,,,,,,,,,,,,,,,,,,,,,61549,0.028853049501776695
,,,18,,,,,,,,,,,,,,,,,,,,,,,,,,,,,61559,0.009926862083375454
,,,18,,,,,,,,,,,,,,,,,,,,,,,,,,,,,61569,0.010935364291071892
,,,18,,,,,,,,,,,,,,,,,,,,,,,,,,,,,61579,0.012941556982696056
,,,18,,,,,,,,,,,,,,,,,,,,,,,,,,,,,61589,0.010159219615161419
,,,18,,,,,,,,,,,,,,,,,,,,,,,,,,,,,61599,0.005280060227960348
,,,18,,,,,,,,,,,,,,,,,,,,,,,,,,,,,61609,0.006040662527084351
,,,18,,,,,,,,,,,,,,,,,,,,,,,,,,,,,61619,0.01057867519557476
,,,18,,,,,,,,,,,,,,,,,,,,,,,,,,,,,61629,0.0030267424881458282
,,,18,,,,,,,,,,,,,,,,,,,,,,,,,,,,,61639,0.08283431828022003
,,,18,,,,,,,,,,,,,,,,,,,,,,,,,,,,,61649,0.002804302144795656
,,,18,,,,,,,,,,,,,,,,,,,,,,,,,,,,,61659,0.0027459370903670788
,,,18,,,,,,,,,,,,,,,,,,,,,,,,,,,,,61669,0.024540912359952927
,,,18,,,,,,,,,,,,,,,,,,,,,,,,,,,,,61679,0.0018752661999315023
,,,18,,,,,,,,,,,,,,,,,,,,,,,,,,,,,61689,0.12393485009670258
,,,18,,,,,,,,,,,,,,,,,,,,,,,,,,,,,61699,0.10296175628900528
,,,18,,,,,,,,,,,,,,,,,,,,,,,,,,,,,61709,0.0044549135491251945
,,,18,,,,,,,,,,,,,,,,,,,,,,,,,,,,,61719,0.013548074290156364
,,,18,,,,,,,,,,,,,,,,,,,,,,,,,,,,,61729,0.5599787831306458
,,,18,,,,,,,,,,,,,,,,,,,,,,,,,,,,,61739,0.01861879788339138
,,,18,,,,,,,,,,,,,,,,,,,,,,,,,,,,,61749,0.09138772636651993
,,,18,,,,,,,,,,,,,,,,,,,,,,,,,,,,,61759,0.019133182242512703
,,,18,,,,,,,,,,,,,,,,,,,,,,,,,,,,,61769,0.057553570717573166
,,,18,,,,,,,,,,,,,,,,,,,,,,,,,,,,,61779,0.003651704639196396
,,,18,,,,,,,,,,,,,,,,,,,,,,,,,,,,,61789,0.17185765504837036
,,,18,,,,,,,,,,,,,,,,,,,,,,,,,,,,,61799,0.03415385261178017
,,,18,,,,,,,,,,,,,,,,,,,,,,,,,,,,,61809,0.7632813453674316
,,,18,,,,,,,,,,,,,,,,,,,,,,,,,,,,,61819,0.17864400148391724
,,,18,,,,,,,,,,,,,,,,,,,,,,,,,,,,,61829,0.02379629947245121
,,,18,,,,,,,,,,,,,,,,,,,,,,,,,,,,,61839,0.039044979959726334
,,,18,,,,,,,,,,,,,,,,,,,,,,,,,,,,,61849,0.003068060614168644
,,,18,,,,,,,,,,,,,,,,,,,,,,,,,,,,,61859,0.48522984981536865
,,,18,,,,,,,,,,,,,,,,,,,,,,,,,,,,,61869,0.0035905279219150543
,,,18,,,,,,,,,,,,,,,,,,,,,,,,,,,,,61879,0.33483123779296875
,,,18,,,,,,,,,,,,,,,,,,,,,,,,,,,,,61889,0.033265065401792526
,,,18,,,,,,,,,,,,,,,,,,,,,,,,,,,,,61899,0.010196317918598652
,,,18,,,,,,,,,,,,,,,,,,,,,,,,,,,,,61909,0.0040784613229334354
,,,18,,,,,,,,,,,,,,,,,,,,,,,,,,,,,61919,0.18312184512615204
,,,18,,,,,,,,,,,,,,,,,,,,,,,,,,,,,61929,0.0031606853008270264
,,,18,,,,,,,,,,,,,,,,,,,,,,,,,,,,,61939,0.002117692958563566
,,,18,,,,,,,,,,,,,,,,,,,,,,,,,,,,,61949,0.008566695265471935
,,,18,,,,,,,,,,,,,,,,,,,,,,,,,,,,,61959,0.018588921055197716
,,,18,,,,,,,,,,,,,,,,,,,,,,,,,,,,,61969,0.01876770332455635
,,,18,,,,,,,,,,,,,,,,,,,,,,,,,,,,,61979,0.08950679004192352
,,,18,,,,,,,,,,,,,,,,,,,,,,,,,,,,,61989,0.003305903635919094
,,,18,,,,,,,,,,,,,,,,,,,,,,,,,,,,,61999,0.030291782692074776
,,,18,,,,,,,,,,,,,,,,,,,,,,,,,,,,,62009,0.015470664948225021
,,,18,,,,,,,,,,,,,,,,,,,,,,,,,,,,,62019,0.041233163326978683
,,,18,,,,,,,,,,,,,,,,,,,,,,,,,,,,,62029,0.2127753347158432
,,,18,,,,,,,,,,,,,,,,,,,,,,,,,,,,,62039,0.08710145205259323
,,,18,,,,,,,,,,,,,,,,,,,,,,,,,,,,,62049,0.004046027082949877
,,,18,,,,,,,,,,,,,,,,,,,,,,,,,,,,,62059,0.003978705033659935
,,,18,,,,,,,,,,,,,,,,,,,,,,,,,,,,,62069,0.0076049999333918095
,,,18,,,,,,,,,,,,,,,,,,,,,,,,,,,,,62079,0.22680805623531342
,,,18,,,,,,,,,,,,,,,,,,,,,,,,,,,,,62089,0.0016096755862236023
,,,18,,,,,,,,,,,,,,,,,,,,,,,,,,,,,62099,0.004995468072593212
,,,18,,,,,,,,,,,,,,,,,,,,,,,,,,,,,62109,0.35268938541412354
,,,18,,,,,,,,,,,,,,,,,,,,,,,,,,,,,62119,0.794764518737793
,,,18,,,,,,,,,,,,,,,,,,,,,,,,,,,,,62129,0.002370624803006649
,,,18,,,,,,,,,,,,,,,,,,,,,,,,,,,,,62139,0.02293580397963524
,,,18,,,,,,,,,,,,,,,,,,,,,,,,,,,,,62149,0.0694919303059578
,,,18,,,,,,,,,,,,,,,,,,,,,,,,,,,,,62159,0.3757478892803192
,,,18,,,,,,,,,,,,,,,,,,,,,,,,,,,,,62169,0.1510452777147293
,,,18,,,,,,,,,,,,,,,,,,,,,,,,,,,,,62179,0.003613213310018182
,,,18,,,,,,,,,,,,,,,,,,,,,,,,,,,,,62189,0.015623071230947971
,,,18,,,,,,,,,,,,,,,,,,,,,,,,,,,,,62199,0.4440363645553589
,,,18,,,,,,,,,,,,,,,,,,,,,,,,,,,,,62209,0.0023680587764829397
,,,18,,,,,,,,,,,,,,,,,,,,,,,,,,,,,62219,0.005859448108822107
,,,18,,,,,,,,,,,,,,,,,,,,,,,,,,,,,62229,0.05914844945073128
,,,18,,,,,,,,,,,,,,,,,,,,,,,,,,,,,62239,0.002731192857027054
,,,18,,,,,,,,,,,,,,,,,,,,,,,,,,,,,62249,0.003409063210710883
,,,18,,,,,,,,,,,,,,,,,,,,,,,,,,,,,62259,0.911853015422821
,,,18,,,,,,,,,,,,,,,,,,,,,,,,,,,,,62269,0.010951168835163116
,,,18,,,,,,,,,,,,,,,,,,,,,,,,,,,,,62279,0.00409309659153223
,,,18,,,,,,,,,,,,,,,,,,,,,,,,,,,,,62289,0.8555614948272705
,,,18,,,,,,,,,,,,,,,,,,,,,,,,,,,,,62299,0.011173934675753117
,,,18,,,,,,,,,,,,,,,,,,,,,,,,,,,,,62309,0.00934097170829773
,,,18,,,,,,,,,,,,,,,,,,,,,,,,,,,,,62319,0.005312214605510235
,,,18,,,,,,,,,,,,,,,,,,,,,,,,,,,,,62329,0.02842685580253601
,,,18,,,,,,,,,,,,,,,,,,,,,,,,,,,,,62339,0.0017138496041297913
,,,18,,,,,,,,,,,,,,,,,,,,,,,,,,,,,62349,0.0012189645785838366
,,,18,,,,,,,,,,,,,,,,,,,,,,,,,,,,,62359,0.0032603126019239426
,,,18,,,,,,,,,,,,,,,,,,,,,,,,,,,,,62369,0.1669192761182785
,,,18,,,,,,,,,,,,,,,,,,,,,,,,,,,,,62379,0.10836821049451828
,,,18,,,,,,,,,,,,,,,,,,,,,,,,,,,,,62389,0.05197468027472496
,,,18,,,,,,,,,,,,,,,,,,,,,,,,,,,,,62399,0.013370892032980919
,,,18,,,,,,,,,,,,,,,,,,,,,,,,,,,,,62409,0.055303048342466354
,,,18,,,,,,,,,,,,,,,,,,,,,,,,,,,,,62419,0.003990672528743744
,,,18,,,,,,,,,,,,,,,,,,,,,,,,,,,,,62429,0.016354024410247803
,,,18,,,,,,,,,,,,,,,,,,,,,,,,,,,,,62439,0.015253633260726929
,,,18,,,,,,,,,,,,,,,,,,,,,,,,,,,,,62449,0.004674067720770836
,,,18,,,,,,,,,,,,,,,,,,,,,,,,,,,,,62459,0.002262782771140337
,,,18,,,,,,,,,,,,,,,,,,,,,,,,,,,,,62469,0.0028897621668875217
,,,18,,,,,,,,,,,,,,,,,,,,,,,,,,,,,62479,0.00436398945748806
,,,18,,,,,,,,,,,,,,,,,,,,,,,,,,,,,62489,0.0010942466324195266
,,,18,,,,,,,,,,,,,,,,,,,,,,,,,,,,,62499,0.09398525953292847
,,,18,,,,,,,,,,,,,,,,,,,,,,,,,,,,,62509,0.0012336140498518944
,,,18,,,,,,,,,,,,,,,,,,,,,,,,,,,,,62519,0.16379408538341522
,,,18,,,,,,,,,,,,,,,,,,,,,,,,,,,,,62529,0.026394179090857506
,,,18,,,,,,,,,,,,,,,,,,,,,,,,,,,,,62539,0.03221164643764496
,,,18,,,,,,,,,,,,,,,,,,,,,,,,,,,,,62549,0.01720868982374668
,,,18,,,,,,,,,,,,,,,,,,,,,,,,,,,,,62559,0.004791856277734041
,,,18,,,,,,,,,,,,,,,,,,,,,,,,,,,,,62569,0.00917058251798153
,,,18,,,,,,,,,,,,,,,,,,,,,,,,,,,,,62579,0.003505263477563858
,,,18,,,,,,,,,,,,,,,,,,,,,,,,,,,,,62589,0.001258460688404739
,,,18,,,,,,,,,,,,,,,,,,,,,,,,,,,,,62599,0.029439091682434082
,,,18,,,,,,,,,,,,,,,,,,,,,,,,,,,,,62609,0.007822928950190544
,,,18,,,,,,,,,,,,,,,,,,,,,,,,,,,,,62619,0.01002566795796156
,,,18,,,,,,,,,,,,,,,,,,,,,,,,,,,,,62629,0.0026982801500707865
,,,18,,,,,,,,,,,,,,,,,,,,,,,,,,,,,62639,0.26246562600135803
,,,18,,,,,,,,,,,,,,,,,,,,,,,,,,,,,62649,0.003868427127599716
,,,18,,,,,,,,,,,,,,,,,,,,,,,,,,,,,62659,0.023032763972878456
,,,18,,,,,,,,,,,,,,,,,,,,,,,,,,,,,62669,0.009518980048596859
,,,18,,,,,,,,,,,,,,,,,,,,,,,,,,,,,62679,0.0026844784151762724
,,,18,,,,,,,,,,,,,,,,,,,,,,,,,,,,,62689,0.06955164670944214
,,,18,,,,,,,,,,,,,,,,,,,,,,,,,,,,,62699,0.00625797500833869
,,,18,,,,,,,,,,,,,,,,,,,,,,,,,,,,,62709,0.00982276163995266
,,,18,,,,,,,,,,,,,,,,,,,,,,,,,,,,,62719,0.07512836903333664
,,,18,,,,,,,,,,,,,,,,,,,,,,,,,,,,,62729,0.006918070372194052
,,,18,,,,,,,,,,,,,,,,,,,,,,,,,,,,,62739,0.16972140967845917
,,,18,,,,,,,,,,,,,,,,,,,,,,,,,,,,,62749,0.015110713429749012
,,,18,,,,,,,,,,,,,,,,,,,,,,,,,,,,,62759,0.11503832042217255
,,,18,,,,,,,,,,,,,,,,,,,,,,,,,,,,,62769,0.002478755544871092
,,,18,,,,,,,,,,,,,,,,,,,,,,,,,,,,,62779,0.011028038337826729
,,,18,,,,,,,,,,,,,,,,,,,,,,,,,,,,,62789,0.0023611560463905334
,,,18,,,,,,,,,,,,,,,,,,,,,,,,,,,,,62799,0.04323430731892586
,,,18,,,,,,,,,,,,,,,,,,,,,,,,,,,,,62809,0.010770861990749836
,,,18,,,,,,,,,,,,,,,,,,,,,,,,,,,,,62819,0.03684328868985176
,,,18,,,,,,,,,,,,,,,,,,,,,,,,,,,,,62829,0.008612558245658875
,,,18,,,,,,,,,,,,,,,,,,,,,,,,,,,,,62839,0.008684741333127022
,,,18,,,,,,,,,,,,,,,,,,,,,,,,,,,,,62849,0.01914483681321144
,,,18,,,,,,,,,,,,,,,,,,,,,,,,,,,,,62859,0.03787417709827423
,,,18,,,,,,,,,,,,,,,,,,,,,,,,,,,,,62869,0.0038417286705225706
,,,18,,,,,,,,,,,,,,,,,,,,,,,,,,,,,62879,0.00540503254160285
,,,18,,,,,,,,,,,,,,,,,,,,,,,,,,,,,62889,0.025582408532500267
,,,,4.4343516830358614e-07,2.484143654934133e-06,3.821759469129435e-06,3.821759469129435e-06,5.879629952506824e-06,5.879629952506824e-06,9.045584542318189e-06,9.045584542318189e-06,1.3916283911258752e-05,1.3916283911258752e-05,2.1409667555782694e-05,4.4343516830358614e-07,2.1409667555782694e-05,3.293795008581953e-05,3.293795008581953e-05,5.067376936279928e-05,5.067376936279928e-05,7.795964517353735e-05,7.795964517353735e-05,7.795964517353735e-05,7.795964517353735e-05,6.822079512362862e-07,6.822079512362862e-07,1.0495506942096713e-06,1.0495506942096713e-06,1.6146933757071865e-06,1.6146933757071865e-06,2.484143654934133e-06,62891,
,,,19,,,,,,,,,,,,,,,,,,,,,,,,,,,,,62899,0.009595387615263462
,,,19,,,,,,,,,,,,,,,,,,,,,,,,,,,,,62909,0.003760967869311571
,,,19,,,,,,,,,,,,,,,,,,,,,,,,,,,,,62919,0.07522577792406082
,,,19,,,,,,,,,,,,,,,,,,,,,,,,,,,,,62929,0.0030335672199726105
,,,19,,,,,,,,,,,,,,,,,,,,,,,,,,,,,62939,0.029964175075292587
,,,19,,,,,,,,,,,,,,,,,,,,,,,,,,,,,62949,0.011577760800719261
,,,19,,,,,,,,,,,,,,,,,,,,,,,,,,,,,62959,0.08539707213640213
,,,19,,,,,,,,,,,,,,,,,,,,,,,,,,,,,62969,0.10677840560674667
,,,19,,,,,,,,,,,,,,,,,,,,,,,,,,,,,62979,0.005102372262626886
,,,19,,,,,,,,,,,,,,,,,,,,,,,,,,,,,62989,0.34782788157463074
,,,19,,,,,,,,,,,,,,,,,,,,,,,,,,,,,62999,0.03269584849476814
,,,19,,,,,,,,,,,,,,,,,,,,,,,,,,,,,63009,0.5327131152153015
,,,19,,,,,,,,,,,,,,,,,,,,,,,,,,,,,63019,0.0017854138277471066
,,,19,,,,,,,,,,,,,,,,,,,,,,,,,,,,,63029,0.0019648964516818523
,,,19,,,,,,,,,,,,,,,,,,,,,,,,,,,,,63039,0.39609432220458984
,,,19,,,,,,,,,,,,,,,,,,,,,,,,,,,,,63049,0.2896606922149658
,,,19,,,,,,,,,,,,,,,,,,,,,,,,,,,,,63059,0.08909909427165985
,,,19,,,,,,,,,,,,,,,,,,,,,,,,,,,,,63069,0.0038866125978529453
,,,19,,,,,,,,,,,,,,,,,,,,,,,,,,,,,63079,0.0032755564898252487
,,,19,,,,,,,,,,,,,,,,,,,,,,,,,,,,,63089,0.90752112865448
,,,19,,,,,,,,,,,,,,,,,,,,,,,,,,,,,63099,0.09318776428699493
,,,19,,,,,,,,,,,,,,,,,,,,,,,,,,,,,63109,0.0017525684088468552
,,,19,,,,,,,,,,,,,,,,,,,,,,,,,,,,,63119,0.025553099811077118
,,,19,,,,,,,,,,,,,,,,,,,,,,,,,,,,,63129,0.003182382555678487
,,,19,,,,,,,,,,,,,,,,,,,,,,,,,,,,,63139,0.006078484933823347
,,,19,,,,,,,,,,,,,,,,,,,,,,,,,,,,,63149,0.005461371038109064
,,,19,,,,,,,,,,,,,,,,,,,,,,,,,,,,,63159,0.04424173757433891
,,,19,,,,,,,,,,,,,,,,,,,,,,,,,,,,,63169,0.007114799693226814
,,,19,,,,,,,,,,,,,,,,,,,,,,,,,,,,,63179,0.006219998933374882
,,,19,,,,,,,,,,,,,,,,,,,,,,,,,,,,,63189,0.0028693419881165028
,,,19,,,,,,,,,,,,,,,,,,,,,,,,,,,,,63199,0.002397062722593546
,,,19,,,,,,,,,,,,,,,,,,,,,,,,,,,,,63209,0.006443794351071119
,,,19,,,,,,,,,,,,,,,,,,,,,,,,,,,,,63219,0.6414280533790588
,,,19,,,,,,,,,,,,,,,,,,,,,,,,,,,,,63229,0.09689193964004517
,,,19,,,,,,,,,,,,,,,,,,,,,,,,,,,,,63239,0.01392127200961113
,,,19,,,,,,,,,,,,,,,,,,,,,,,,,,,,,63249,0.0034386608749628067
,,,19,,,,,,,,,,,,,,,,,,,,,,,,,,,,,63259,0.005287141539156437
,,,19,,,,,,,,,,,,,,,,,,,,,,,,,,,,,63269,0.025258464738726616
,,,19,,,,,,,,,,,,,,,,,,,,,,,,,,,,,63279,0.03095313534140587
,,,19,,,,,,,,,,,,,,,,,,,,,,,,,,,,,63289,0.00553859630599618
,,,19,,,,,,,,,,,,,,,,,,,,,,,,,,,,,63299,0.012326808646321297
,,,19,,,,,,,,,,,,,,,,,,,,,,,,,,,,,63309,0.005899867508560419
,,,19,,,,,,,,,,,,,,,,,,,,,,,,,,,,,63319,0.0020036131609231234
,,,19,,,,,,,,,,,,,,,,,,,,,,,,,,,,,63329,0.015010160394012928
,,,19,,,,,,,,,,,,,,,,,,,,,,,,,,,,,63339,0.007622768171131611
,,,19,,,,,,,,,,,,,,,,,,,,,,,,,,,,,63349,0.08923625200986862
,,,19,,,,,,,,,,,,,,,,,,,,,,,,,,,,,63359,0.5768409967422485
,,,19,,,,,,,,,,,,,,,,,,,,,,,,,,,,,63369,0.0030820430256426334
,,,19,,,,,,,,,,,,,,,,,,,,,,,,,,,,,63379,0.005425343289971352
,,,19,,,,,,,,,,,,,,,,,,,,,,,,,,,,,63389,0.00396024389192462
,,,19,,,,,,,,,,,,,,,,,,,,,,,,,,,,,63399,0.06342841684818268
,,,19,,,,,,,,,,,,,,,,,,,,,,,,,,,,,63409,0.014725679531693459
,,,19,,,,,,,,,,,,,,,,,,,,,,,,,,,,,63419,0.014522402547299862
,,,19,,,,,,,,,,,,,,,,,,,,,,,,,,,,,63429,0.017488708719611168
,,,19,,,,,,,,,,,,,,,,,,,,,,,,,,,,,63439,0.07748010754585266
,,,19,,,,,,,,,,,,,,,,,,,,,,,,,,,,,63449,0.7408224940299988
,,,19,,,,,,,,,,,,,,,,,,,,,,,,,,,,,63459,0.009038849733769894
,,,19,,,,,,,,,,,,,,,,,,,,,,,,,,,,,63469,0.006687509827315807
,,,19,,,,,,,,,,,,,,,,,,,,,,,,,,,,,63479,0.7559809684753418
,,,19,,,,,,,,,,,,,,,,,,,,,,,,,,,,,63489,0.01756485179066658
,,,19,,,,,,,,,,,,,,,,,,,,,,,,,,,,,63499,1.359610915184021
,,,19,,,,,,,,,,,,,,,,,,,,,,,,,,,,,63509,0.005493447184562683
,,,19,,,,,,,,,,,,,,,,,,,,,,,,,,,,,63519,0.0036151171661913395
,,,19,,,,,,,,,,,,,,,,,,,,,,,,,,,,,63529,0.004219439812004566
,,,19,,,,,,,,,,,,,,,,,,,,,,,,,,,,,63539,0.01770082302391529
,,,19,,,,,,,,,,,,,,,,,,,,,,,,,,,,,63549,0.002294359030202031
,,,19,,,,,,,,,,,,,,,,,,,,,,,,,,,,,63559,0.00554203474894166
,,,19,,,,,,,,,,,,,,,,,,,,,,,,,,,,,63569,0.007914586924016476
,,,19,,,,,,,,,,,,,,,,,,,,,,,,,,,,,63579,0.02665533870458603
,,,19,,,,,,,,,,,,,,,,,,,,,,,,,,,,,63589,0.0007406884687952697
,,,19,,,,,,,,,,,,,,,,,,,,,,,,,,,,,63599,0.05710063874721527
,,,19,,,,,,,,,,,,,,,,,,,,,,,,,,,,,63609,0.013964451849460602
,,,19,,,,,,,,,,,,,,,,,,,,,,,,,,,,,63619,0.02220129407942295
,,,19,,,,,,,,,,,,,,,,,,,,,,,,,,,,,63629,0.0315653458237648
,,,19,,,,,,,,,,,,,,,,,,,,,,,,,,,,,63639,0.006005811970680952
,,,19,,,,,,,,,,,,,,,,,,,,,,,,,,,,,63649,0.0026615504175424576
,,,19,,,,,,,,,,,,,,,,,,,,,,,,,,,,,63659,0.051388174295425415
,,,19,,,,,,,,,,,,,,,,,,,,,,,,,,,,,63669,0.007441285997629166
,,,19,,,,,,,,,,,,,,,,,,,,,,,,,,,,,63679,0.13727504014968872
,,,19,,,,,,,,,,,,,,,,,,,,,,,,,,,,,63689,0.035803500562906265
,,,19,,,,,,,,,,,,,,,,,,,,,,,,,,,,,63699,0.13943737745285034
,,,19,,,,,,,,,,,,,,,,,,,,,,,,,,,,,63709,0.05971185863018036
,,,19,,,,,,,,,,,,,,,,,,,,,,,,,,,,,63719,0.0035613360814750195
,,,19,,,,,,,,,,,,,,,,,,,,,,,,,,,,,63729,0.0796705037355423
,,,19,,,,,,,,,,,,,,,,,,,,,,,,,,,,,63739,0.003186111571267247
,,,19,,,,,,,,,,,,,,,,,,,,,,,,,,,,,63749,0.004657294135540724
,,,19,,,,,,,,,,,,,,,,,,,,,,,,,,,,,63759,0.15132121741771698
,,,19,,,,,,,,,,,,,,,,,,,,,,,,,,,,,63769,0.006081991828978062
,,,19,,,,,,,,,,,,,,,,,,,,,,,,,,,,,63779,0.09772457182407379
,,,19,,,,,,,,,,,,,,,,,,,,,,,,,,,,,63789,0.0043443432077765465
,,,19,,,,,,,,,,,,,,,,,,,,,,,,,,,,,63799,0.3308010399341583
,,,19,,,,,,,,,,,,,,,,,,,,,,,,,,,,,63809,0.06999026238918304
,,,19,,,,,,,,,,,,,,,,,,,,,,,,,,,,,63819,0.08879484236240387
,,,19,,,,,,,,,,,,,,,,,,,,,,,,,,,,,63829,0.051312755793333054
,,,19,,,,,,,,,,,,,,,,,,,,,,,,,,,,,63839,0.06265836954116821
,,,19,,,,,,,,,,,,,,,,,,,,,,,,,,,,,63849,0.003370654536411166
,,,19,,,,,,,,,,,,,,,,,,,,,,,,,,,,,63859,0.0026654466055333614
,,,19,,,,,,,,,,,,,,,,,,,,,,,,,,,,,63869,0.002380044898018241
,,,19,,,,,,,,,,,,,,,,,,,,,,,,,,,,,63879,0.009379945695400238
,,,19,,,,,,,,,,,,,,,,,,,,,,,,,,,,,63889,0.0024942310992628336
,,,19,,,,,,,,,,,,,,,,,,,,,,,,,,,,,63899,0.00816469918936491
,,,19,,,,,,,,,,,,,,,,,,,,,,,,,,,,,63909,0.0040823835879564285
,,,19,,,,,,,,,,,,,,,,,,,,,,,,,,,,,63919,0.6404848694801331
,,,19,,,,,,,,,,,,,,,,,,,,,,,,,,,,,63929,0.051901236176490784
,,,19,,,,,,,,,,,,,,,,,,,,,,,,,,,,,63939,0.002274939324706793
,,,19,,,,,,,,,,,,,,,,,,,,,,,,,,,,,63949,0.01575946994125843
,,,19,,,,,,,,,,,,,,,,,,,,,,,,,,,,,63959,0.0019038897007703781
,,,19,,,,,,,,,,,,,,,,,,,,,,,,,,,,,63969,0.03074009343981743
,,,19,,,,,,,,,,,,,,,,,,,,,,,,,,,,,63979,0.1199149563908577
,,,19,,,,,,,,,,,,,,,,,,,,,,,,,,,,,63989,0.14644357562065125
,,,19,,,,,,,,,,,,,,,,,,,,,,,,,,,,,63999,0.02084958553314209
,,,19,,,,,,,,,,,,,,,,,,,,,,,,,,,,,64009,0.01199701614677906
,,,19,,,,,,,,,,,,,,,,,,,,,,,,,,,,,64019,0.028990117833018303
,,,19,,,,,,,,,,,,,,,,,,,,,,,,,,,,,64029,0.9936375617980957
,,,19,,,,,,,,,,,,,,,,,,,,,,,,,,,,,64039,0.2753174304962158
,,,19,,,,,,,,,,,,,,,,,,,,,,,,,,,,,64049,0.1727873533964157
,,,19,,,,,,,,,,,,,,,,,,,,,,,,,,,,,64059,0.005882252007722855
,,,19,,,,,,,,,,,,,,,,,,,,,,,,,,,,,64069,0.004371460992842913
,,,19,,,,,,,,,,,,,,,,,,,,,,,,,,,,,64079,0.02306216210126877
,,,19,,,,,,,,,,,,,,,,,,,,,,,,,,,,,64089,0.0040567717514932156
,,,19,,,,,,,,,,,,,,,,,,,,,,,,,,,,,64099,0.14405274391174316
,,,19,,,,,,,,,,,,,,,,,,,,,,,,,,,,,64109,0.2159443199634552
,,,19,,,,,,,,,,,,,,,,,,,,,,,,,,,,,64119,0.005186069756746292
,,,19,,,,,,,,,,,,,,,,,,,,,,,,,,,,,64129,0.0022583105601370335
,,,19,,,,,,,,,,,,,,,,,,,,,,,,,,,,,64139,0.004520638845860958
,,,19,,,,,,,,,,,,,,,,,,,,,,,,,,,,,64149,0.07645873725414276
,,,19,,,,,,,,,,,,,,,,,,,,,,,,,,,,,64159,0.005086708348244429
,,,19,,,,,,,,,,,,,,,,,,,,,,,,,,,,,64169,0.005491660442203283
,,,19,,,,,,,,,,,,,,,,,,,,,,,,,,,,,64179,0.7611368298530579
,,,19,,,,,,,,,,,,,,,,,,,,,,,,,,,,,64189,0.017592666670680046
,,,19,,,,,,,,,,,,,,,,,,,,,,,,,,,,,64199,0.13000784814357758
,,,19,,,,,,,,,,,,,,,,,,,,,,,,,,,,,64209,0.5295730829238892
,,,19,,,,,,,,,,,,,,,,,,,,,,,,,,,,,64219,0.06603927910327911
,,,19,,,,,,,,,,,,,,,,,,,,,,,,,,,,,64229,0.7158188819885254
,,,19,,,,,,,,,,,,,,,,,,,,,,,,,,,,,64239,0.01676587201654911
,,,19,,,,,,,,,,,,,,,,,,,,,,,,,,,,,64249,0.31203505396842957
,,,19,,,,,,,,,,,,,,,,,,,,,,,,,,,,,64259,0.004846101626753807
,,,19,,,,,,,,,,,,,,,,,,,,,,,,,,,,,64269,0.175840362906456
,,,19,,,,,,,,,,,,,,,,,,,,,,,,,,,,,64279,0.006424643099308014
,,,19,,,,,,,,,,,,,,,,,,,,,,,,,,,,,64289,0.029907839372754097
,,,19,,,,,,,,,,,,,,,,,,,,,,,,,,,,,64299,0.03493674844503403
,,,19,,,,,,,,,,,,,,,,,,,,,,,,,,,,,64309,0.3221600353717804
,,,19,,,,,,,,,,,,,,,,,,,,,,,,,,,,,64319,0.03621019050478935
,,,19,,,,,,,,,,,,,,,,,,,,,,,,,,,,,64329,0.003867494175210595
,,,19,,,,,,,,,,,,,,,,,,,,,,,,,,,,,64339,0.0065828305669128895
,,,19,,,,,,,,,,,,,,,,,,,,,,,,,,,,,64349,0.018622269853949547
,,,19,,,,,,,,,,,,,,,,,,,,,,,,,,,,,64359,0.7188840508460999
,,,19,,,,,,,,,,,,,,,,,,,,,,,,,,,,,64369,0.007317798677831888
,,,19,,,,,,,,,,,,,,,,,,,,,,,,,,,,,64379,0.01976674608886242
,,,19,,,,,,,,,,,,,,,,,,,,,,,,,,,,,64389,0.004846490919589996
,,,19,,,,,,,,,,,,,,,,,,,,,,,,,,,,,64399,0.006109321489930153
,,,19,,,,,,,,,,,,,,,,,,,,,,,,,,,,,64409,0.0009566604276187718
,,,19,,,,,,,,,,,,,,,,,,,,,,,,,,,,,64419,0.18374408781528473
,,,19,,,,,,,,,,,,,,,,,,,,,,,,,,,,,64429,0.006715952418744564
,,,19,,,,,,,,,,,,,,,,,,,,,,,,,,,,,64439,0.4322533905506134
,,,19,,,,,,,,,,,,,,,,,,,,,,,,,,,,,64449,1.1253434419631958
,,,19,,,,,,,,,,,,,,,,,,,,,,,,,,,,,64459,0.009899241849780083
,,,19,,,,,,,,,,,,,,,,,,,,,,,,,,,,,64469,0.056160226464271545
,,,19,,,,,,,,,,,,,,,,,,,,,,,,,,,,,64479,0.02475579082965851
,,,19,,,,,,,,,,,,,,,,,,,,,,,,,,,,,64489,0.003281815443187952
,,,19,,,,,,,,,,,,,,,,,,,,,,,,,,,,,64499,0.004791951738297939
,,,19,,,,,,,,,,,,,,,,,,,,,,,,,,,,,64509,0.1665935069322586
,,,19,,,,,,,,,,,,,,,,,,,,,,,,,,,,,64519,0.018425120040774345
,,,19,,,,,,,,,,,,,,,,,,,,,,,,,,,,,64529,0.00589554850012064
,,,19,,,,,,,,,,,,,,,,,,,,,,,,,,,,,64539,0.008642245084047318
,,,19,,,,,,,,,,,,,,,,,,,,,,,,,,,,,64549,0.0518948920071125
,,,19,,,,,,,,,,,,,,,,,,,,,,,,,,,,,64559,0.0037483484484255314
,,,19,,,,,,,,,,,,,,,,,,,,,,,,,,,,,64569,0.0065518333576619625
,,,19,,,,,,,,,,,,,,,,,,,,,,,,,,,,,64579,0.012720244005322456
,,,19,,,,,,,,,,,,,,,,,,,,,,,,,,,,,64589,0.0029961364343762398
,,,19,,,,,,,,,,,,,,,,,,,,,,,,,,,,,64599,0.003037908812984824
,,,19,,,,,,,,,,,,,,,,,,,,,,,,,,,,,64609,0.005119196139276028
,,,19,,,,,,,,,,,,,,,,,,,,,,,,,,,,,64619,0.12320374697446823
,,,19,,,,,,,,,,,,,,,,,,,,,,,,,,,,,64629,0.0037055297289043665
,,,19,,,,,,,,,,,,,,,,,,,,,,,,,,,,,64639,0.04506826028227806
,,,19,,,,,,,,,,,,,,,,,,,,,,,,,,,,,64649,0.4302215576171875
,,,19,,,,,,,,,,,,,,,,,,,,,,,,,,,,,64659,0.015915902331471443
,,,19,,,,,,,,,,,,,,,,,,,,,,,,,,,,,64669,0.006794872228056192
,,,19,,,,,,,,,,,,,,,,,,,,,,,,,,,,,64679,0.009007747285068035
,,,19,,,,,,,,,,,,,,,,,,,,,,,,,,,,,64689,0.09313690662384033
,,,19,,,,,,,,,,,,,,,,,,,,,,,,,,,,,64699,0.006942421197891235
,,,19,,,,,,,,,,,,,,,,,,,,,,,,,,,,,64709,0.002434628317132592
,,,19,,,,,,,,,,,,,,,,,,,,,,,,,,,,,64719,0.0030511259101331234
,,,19,,,,,,,,,,,,,,,,,,,,,,,,,,,,,64729,0.09750885516405106
,,,19,,,,,,,,,,,,,,,,,,,,,,,,,,,,,64739,0.0030057241674512625
,,,19,,,,,,,,,,,,,,,,,,,,,,,,,,,,,64749,0.018028857186436653
,,,19,,,,,,,,,,,,,,,,,,,,,,,,,,,,,64759,0.010099278762936592
,,,19,,,,,,,,,,,,,,,,,,,,,,,,,,,,,64769,0.08403316885232925
,,,19,,,,,,,,,,,,,,,,,,,,,,,,,,,,,64779,0.002704121870920062
,,,19,,,,,,,,,,,,,,,,,,,,,,,,,,,,,64789,0.016547223553061485
,,,19,,,,,,,,,,,,,,,,,,,,,,,,,,,,,64799,0.007902163080871105
,,,19,,,,,,,,,,,,,,,,,,,,,,,,,,,,,64809,0.0103944456204772
,,,19,,,,,,,,,,,,,,,,,,,,,,,,,,,,,64819,0.00560325151309371
,,,19,,,,,,,,,,,,,,,,,,,,,,,,,,,,,64829,0.007223393302410841
,,,19,,,,,,,,,,,,,,,,,,,,,,,,,,,,,64839,0.0020939817186444998
,,,19,,,,,,,,,,,,,,,,,,,,,,,,,,,,,64849,0.06198306754231453
,,,19,,,,,,,,,,,,,,,,,,,,,,,,,,,,,64859,0.09065437316894531
,,,19,,,,,,,,,,,,,,,,,,,,,,,,,,,,,64869,0.020448552444577217
,,,19,,,,,,,,,,,,,,,,,,,,,,,,,,,,,64879,0.003247153013944626
,,,19,,,,,,,,,,,,,,,,,,,,,,,,,,,,,64889,0.41862356662750244
,,,19,,,,,,,,,,,,,,,,,,,,,,,,,,,,,64899,0.3753887116909027
,,,19,,,,,,,,,,,,,,,,,,,,,,,,,,,,,64909,0.01958707720041275
,,,19,,,,,,,,,,,,,,,,,,,,,,,,,,,,,64919,0.002007675589993596
,,,19,,,,,,,,,,,,,,,,,,,,,,,,,,,,,64929,0.004502490162849426
,,,19,,,,,,,,,,,,,,,,,,,,,,,,,,,,,64939,0.003098514396697283
,,,19,,,,,,,,,,,,,,,,,,,,,,,,,,,,,64949,0.37300339341163635
,,,19,,,,,,,,,,,,,,,,,,,,,,,,,,,,,64959,0.0028298785910010338
,,,19,,,,,,,,,,,,,,,,,,,,,,,,,,,,,64969,1.1571766138076782
,,,19,,,,,,,,,,,,,,,,,,,,,,,,,,,,,64979,0.002153711160644889
,,,19,,,,,,,,,,,,,,,,,,,,,,,,,,,,,64989,0.056900788098573685
,,,19,,,,,,,,,,,,,,,,,,,,,,,,,,,,,64999,0.342318058013916
,,,19,,,,,,,,,,,,,,,,,,,,,,,,,,,,,65009,0.047915130853652954
,,,19,,,,,,,,,,,,,,,,,,,,,,,,,,,,,65019,0.8042873740196228
,,,19,,,,,,,,,,,,,,,,,,,,,,,,,,,,,65029,0.01346655748784542
,,,19,,,,,,,,,,,,,,,,,,,,,,,,,,,,,65039,0.6076439023017883
,,,19,,,,,,,,,,,,,,,,,,,,,,,,,,,,,65049,0.005699607543647289
,,,19,,,,,,,,,,,,,,,,,,,,,,,,,,,,,65059,0.011208985932171345
,,,19,,,,,,,,,,,,,,,,,,,,,,,,,,,,,65069,1.168383732874645e-05
,,,19,,,,,,,,,,,,,,,,,,,,,,,,,,,,,65079,0.008898928761482239
,,,19,,,,,,,,,,,,,,,,,,,,,,,,,,,,,65089,0.006083890330046415
,,,19,,,,,,,,,,,,,,,,,,,,,,,,,,,,,65099,0.005005493760108948
,,,19,,,,,,,,,,,,,,,,,,,,,,,,,,,,,65109,0.005530875641852617
,,,19,,,,,,,,,,,,,,,,,,,,,,,,,,,,,65119,0.0036464929580688477
,,,19,,,,,,,,,,,,,,,,,,,,,,,,,,,,,65129,0.15236389636993408
,,,19,,,,,,,,,,,,,,,,,,,,,,,,,,,,,65139,0.013472397811710835
,,,19,,,,,,,,,,,,,,,,,,,,,,,,,,,,,65149,0.11530165374279022
,,,19,,,,,,,,,,,,,,,,,,,,,,,,,,,,,65159,0.002457721857354045
,,,19,,,,,,,,,,,,,,,,,,,,,,,,,,,,,65169,0.002512346487492323
,,,19,,,,,,,,,,,,,,,,,,,,,,,,,,,,,65179,0.005104465875774622
,,,19,,,,,,,,,,,,,,,,,,,,,,,,,,,,,65189,0.011953520588576794
,,,19,,,,,,,,,,,,,,,,,,,,,,,,,,,,,65199,0.0028555565513670444
,,,19,,,,,,,,,,,,,,,,,,,,,,,,,,,,,65209,0.009868651628494263
,,,19,,,,,,,,,,,,,,,,,,,,,,,,,,,,,65219,0.010380602441728115
,,,19,,,,,,,,,,,,,,,,,,,,,,,,,,,,,65229,0.36060383915901184
,,,19,,,,,,,,,,,,,,,,,,,,,,,,,,,,,65239,0.004317875020205975
,,,19,,,,,,,,,,,,,,,,,,,,,,,,,,,,,65249,0.019596798345446587
,,,19,,,,,,,,,,,,,,,,,,,,,,,,,,,,,65259,0.7257026433944702
,,,19,,,,,,,,,,,,,,,,,,,,,,,,,,,,,65269,0.002049738774076104
,,,19,,,,,,,,,,,,,,,,,,,,,,,,,,,,,65279,0.15209010243415833
,,,19,,,,,,,,,,,,,,,,,,,,,,,,,,,,,65289,0.009393647313117981
,,,19,,,,,,,,,,,,,,,,,,,,,,,,,,,,,65299,0.011932581663131714
,,,19,,,,,,,,,,,,,,,,,,,,,,,,,,,,,65309,0.018900537863373756
,,,19,,,,,,,,,,,,,,,,,,,,,,,,,,,,,65319,0.00351322372443974
,,,19,,,,,,,,,,,,,,,,,,,,,,,,,,,,,65329,0.04362582042813301
,,,19,,,,,,,,,,,,,,,,,,,,,,,,,,,,,65339,0.015104051679372787
,,,19,,,,,,,,,,,,,,,,,,,,,,,,,,,,,65349,0.0026185414753854275
,,,19,,,,,,,,,,,,,,,,,,,,,,,,,,,,,65359,0.012523306533694267
,,,19,,,,,,,,,,,,,,,,,,,,,,,,,,,,,65369,0.00821735430508852
,,,19,,,,,,,,,,,,,,,,,,,,,,,,,,,,,65379,1.2956500053405762
,,,19,,,,,,,,,,,,,,,,,,,,,,,,,,,,,65389,0.020433569326996803
,,,19,,,,,,,,,,,,,,,,,,,,,,,,,,,,,65399,0.5466022491455078
,,,19,,,,,,,,,,,,,,,,,,,,,,,,,,,,,65409,0.015317852608859539
,,,19,,,,,,,,,,,,,,,,,,,,,,,,,,,,,65419,0.0015139946481212974
,,,19,,,,,,,,,,,,,,,,,,,,,,,,,,,,,65429,0.026181479915976524
,,,19,,,,,,,,,,,,,,,,,,,,,,,,,,,,,65439,0.35729488730430603
,,,19,,,,,,,,,,,,,,,,,,,,,,,,,,,,,65449,0.013469680212438107
,,,19,,,,,,,,,,,,,,,,,,,,,,,,,,,,,65459,0.013663659803569317
,,,19,,,,,,,,,,,,,,,,,,,,,,,,,,,,,65469,0.03131634369492531
,,,19,,,,,,,,,,,,,,,,,,,,,,,,,,,,,65479,0.011349130421876907
,,,19,,,,,,,,,,,,,,,,,,,,,,,,,,,,,65489,0.061859261244535446
,,,19,,,,,,,,,,,,,,,,,,,,,,,,,,,,,65499,0.006610953714698553
,,,19,,,,,,,,,,,,,,,,,,,,,,,,,,,,,65509,0.004812998231500387
,,,19,,,,,,,,,,,,,,,,,,,,,,,,,,,,,65519,0.005158971529453993
,,,19,,,,,,,,,,,,,,,,,,,,,,,,,,,,,65529,0.35553252696990967
,,,19,,,,,,,,,,,,,,,,,,,,,,,,,,,,,65539,0.015377231873571873
,,,19,,,,,,,,,,,,,,,,,,,,,,,,,,,,,65549,0.014096220023930073
,,,19,,,,,,,,,,,,,,,,,,,,,,,,,,,,,65559,0.06258232146501541
,,,19,,,,,,,,,,,,,,,,,,,,,,,,,,,,,65569,0.004369928035885096
,,,19,,,,,,,,,,,,,,,,,,,,,,,,,,,,,65579,0.004052250646054745
,,,19,,,,,,,,,,,,,,,,,,,,,,,,,,,,,65589,0.0040412480011582375
,,,19,,,,,,,,,,,,,,,,,,,,,,,,,,,,,65599,0.0025787493214011192
,,,19,,,,,,,,,,,,,,,,,,,,,,,,,,,,,65609,0.006986737716943026
,,,19,,,,,,,,,,,,,,,,,,,,,,,,,,,,,65619,0.01160734985023737
,,,19,,,,,,,,,,,,,,,,,,,,,,,,,,,,,65629,0.03658781573176384
,,,19,,,,,,,,,,,,,,,,,,,,,,,,,,,,,65639,0.14607678353786469
,,,19,,,,,,,,,,,,,,,,,,,,,,,,,,,,,65649,0.002184741199016571
,,,19,,,,,,,,,,,,,,,,,,,,,,,,,,,,,65659,0.4027531147003174
,,,19,,,,,,,,,,,,,,,,,,,,,,,,,,,,,65669,0.0725206658244133
,,,19,,,,,,,,,,,,,,,,,,,,,,,,,,,,,65679,0.003846583655104041
,,,19,,,,,,,,,,,,,,,,,,,,,,,,,,,,,65689,0.1374398171901703
,,,19,,,,,,,,,,,,,,,,,,,,,,,,,,,,,65699,0.2696671187877655
,,,19,,,,,,,,,,,,,,,,,,,,,,,,,,,,,65709,0.01906483992934227
,,,19,,,,,,,,,,,,,,,,,,,,,,,,,,,,,65719,0.47418108582496643
,,,19,,,,,,,,,,,,,,,,,,,,,,,,,,,,,65729,0.015476622618734837
,,,19,,,,,,,,,,,,,,,,,,,,,,,,,,,,,65739,0.015816032886505127
,,,19,,,,,,,,,,,,,,,,,,,,,,,,,,,,,65749,0.006545861251652241
,,,19,,,,,,,,,,,,,,,,,,,,,,,,,,,,,65759,0.010886194184422493
,,,19,,,,,,,,,,,,,,,,,,,,,,,,,,,,,65769,0.0029716261196881533
,,,19,,,,,,,,,,,,,,,,,,,,,,,,,,,,,65779,0.04225677251815796
,,,19,,,,,,,,,,,,,,,,,,,,,,,,,,,,,65789,0.20430824160575867
,,,19,,,,,,,,,,,,,,,,,,,,,,,,,,,,,65799,0.08050459623336792
,,,19,,,,,,,,,,,,,,,,,,,,,,,,,,,,,65809,0.003844236023724079
,,,19,,,,,,,,,,,,,,,,,,,,,,,,,,,,,65819,0.44093385338783264
,,,19,,,,,,,,,,,,,,,,,,,,,,,,,,,,,65829,0.2700873017311096
,,,19,,,,,,,,,,,,,,,,,,,,,,,,,,,,,65839,0.1466909945011139
,,,19,,,,,,,,,,,,,,,,,,,,,,,,,,,,,65849,0.09848344326019287
,,,19,,,,,,,,,,,,,,,,,,,,,,,,,,,,,65859,0.002626225585117936
,,,19,,,,,,,,,,,,,,,,,,,,,,,,,,,,,65869,0.02412905916571617
,,,19,,,,,,,,,,,,,,,,,,,,,,,,,,,,,65879,0.4433712065219879
,,,19,,,,,,,,,,,,,,,,,,,,,,,,,,,,,65889,0.0022850711829960346
,,,19,,,,,,,,,,,,,,,,,,,,,,,,,,,,,65899,0.012893683277070522
,,,19,,,,,,,,,,,,,,,,,,,,,,,,,,,,,65909,0.0037989052943885326
,,,19,,,,,,,,,,,,,,,,,,,,,,,,,,,,,65919,0.0023168849293142557
,,,19,,,,,,,,,,,,,,,,,,,,,,,,,,,,,65929,0.003226775676012039
,,,19,,,,,,,,,,,,,,,,,,,,,,,,,,,,,65939,0.003137795953080058
,,,19,,,,,,,,,,,,,,,,,,,,,,,,,,,,,65949,0.0012662278022617102
,,,19,,,,,,,,,,,,,,,,,,,,,,,,,,,,,65959,0.0031871828250586987
,,,19,,,,,,,,,,,,,,,,,,,,,,,,,,,,,65969,0.0037088666576892138
,,,19,,,,,,,,,,,,,,,,,,,,,,,,,,,,,65979,0.18069379031658173
,,,19,,,,,,,,,,,,,,,,,,,,,,,,,,,,,65989,0.001503773033618927
,,,19,,,,,,,,,,,,,,,,,,,,,,,,,,,,,65999,0.0032673440873622894
,,,19,,,,,,,,,,,,,,,,,,,,,,,,,,,,,66009,0.23948398232460022
,,,19,,,,,,,,,,,,,,,,,,,,,,,,,,,,,66019,0.03226805478334427
,,,19,,,,,,,,,,,,,,,,,,,,,,,,,,,,,66029,0.06998120248317719
,,,19,,,,,,,,,,,,,,,,,,,,,,,,,,,,,66039,0.19126147031784058
,,,19,,,,,,,,,,,,,,,,,,,,,,,,,,,,,66049,0.03283459693193436
,,,19,,,,,,,,,,,,,,,,,,,,,,,,,,,,,66059,0.16113151609897614
,,,19,,,,,,,,,,,,,,,,,,,,,,,,,,,,,66069,0.23350903391838074
,,,19,,,,,,,,,,,,,,,,,,,,,,,,,,,,,66079,0.14741477370262146
,,,19,,,,,,,,,,,,,,,,,,,,,,,,,,,,,66089,0.029070088639855385
,,,19,,,,,,,,,,,,,,,,,,,,,,,,,,,,,66099,0.005762930028140545
,,,19,,,,,,,,,,,,,,,,,,,,,,,,,,,,,66109,0.006301882676780224
,,,19,,,,,,,,,,,,,,,,,,,,,,,,,,,,,66119,0.0010012948187068105
,,,19,,,,,,,,,,,,,,,,,,,,,,,,,,,,,66129,0.008916875347495079
,,,19,,,,,,,,,,,,,,,,,,,,,,,,,,,,,66139,0.003572859801352024
,,,19,,,,,,,,,,,,,,,,,,,,,,,,,,,,,66149,0.008939146995544434
,,,19,,,,,,,,,,,,,,,,,,,,,,,,,,,,,66159,0.0009443918243050575
,,,19,,,,,,,,,,,,,,,,,,,,,,,,,,,,,66169,0.005165003705769777
,,,19,,,,,,,,,,,,,,,,,,,,,,,,,,,,,66179,0.003418668871745467
,,,19,,,,,,,,,,,,,,,,,,,,,,,,,,,,,66189,0.0028716803062707186
,,,19,,,,,,,,,,,,,,,,,,,,,,,,,,,,,66199,0.06079437583684921
0.887417197227478,0.8685185313224792,0.9071566462516785,19,,,,,,,,,,,,,,,,,,,,,,,,,,,,,66200,
,,,,4.266006797329287e-07,2.3898360966796885e-06,3.676670917968751e-06,3.676670917968751e-06,5.656416796875001e-06,5.656416796875001e-06,8.702179687500003e-06,8.702179687500003e-06,1.3387968750000002e-05,1.3387968750000002e-05,2.0596875000000004e-05,4.266006797329287e-07,2.0596875000000004e-05,3.1687500000000005e-05,3.1687500000000005e-05,4.8750000000000006e-05,4.8750000000000006e-05,7.500000000000001e-05,7.500000000000001e-05,7.500000000000001e-05,7.500000000000001e-05,6.563087380506595e-07,6.563087380506595e-07,1.0097057508471684e-06,1.0097057508471684e-06,1.5533934628417975e-06,1.5533934628417975e-06,2.3898360966796885e-06,66201,
,,,20,,,,,,,,,,,,,,,,,,,,,,,,,,,,,66209,1.0963321924209595
,,,20,,,,,,,,,,,,,,,,,,,,,,,,,,,,,66219,1.6208306550979614
,,,20,,,,,,,,,,,,,,,,,,,,,,,,,,,,,66229,0.008931686170399189
,,,20,,,,,,,,,,,,,,,,,,,,,,,,,,,,,66239,0.00327698839828372
,,,20,,,,,,,,,,,,,,,,,,,,,,,,,,,,,66249,0.03975697234272957
,,,20,,,,,,,,,,,,,,,,,,,,,,,,,,,,,66259,0.10115659981966019
,,,20,,,,,,,,,,,,,,,,,,,,,,,,,,,,,66269,0.011643844656646252
,,,20,,,,,,,,,,,,,,,,,,,,,,,,,,,,,66279,0.002745618810877204
,,,20,,,,,,,,,,,,,,,,,,,,,,,,,,,,,66289,0.010731205344200134
,,,20,,,,,,,,,,,,,,,,,,,,,,,,,,,,,66299,0.1254747062921524
,,,20,,,,,,,,,,,,,,,,,,,,,,,,,,,,,66309,0.0048326123505830765
,,,20,,,,,,,,,,,,,,,,,,,,,,,,,,,,,66319,0.004196774214506149
,,,20,,,,,,,,,,,,,,,,,,,,,,,,,,,,,66329,0.006132911890745163
,,,20,,,,,,,,,,,,,,,,,,,,,,,,,,,,,66339,0.006154200062155724
,,,20,,,,,,,,,,,,,,,,,,,,,,,,,,,,,66349,0.007217916194349527
,,,20,,,,,,,,,,,,,,,,,,,,,,,,,,,,,66359,0.01746588572859764
,,,20,,,,,,,,,,,,,,,,,,,,,,,,,,,,,66369,0.01618228852748871
,,,20,,,,,,,,,,,,,,,,,,,,,,,,,,,,,66379,0.0039363703690469265
,,,20,,,,,,,,,,,,,,,,,,,,,,,,,,,,,66389,0.5050479173660278
,,,20,,,,,,,,,,,,,,,,,,,,,,,,,,,,,66399,0.004924830514937639
,,,20,,,,,,,,,,,,,,,,,,,,,,,,,,,,,66409,0.0230491254478693
,,,20,,,,,,,,,,,,,,,,,,,,,,,,,,,,,66419,0.001862271805293858
,,,20,,,,,,,,,,,,,,,,,,,,,,,,,,,,,66429,0.0618956983089447
,,,20,,,,,,,,,,,,,,,,,,,,,,,,,,,,,66439,0.02160757966339588
,,,20,,,,,,,,,,,,,,,,,,,,,,,,,,,,,66449,0.22500942647457123
,,,20,,,,,,,,,,,,,,,,,,,,,,,,,,,,,66459,0.015223447233438492
,,,20,,,,,,,,,,,,,,,,,,,,,,,,,,,,,66469,0.0025195516645908356
,,,20,,,,,,,,,,,,,,,,,,,,,,,,,,,,,66479,0.07479293644428253
,,,20,,,,,,,,,,,,,,,,,,,,,,,,,,,,,66489,0.007031646557152271
,,,20,,,,,,,,,,,,,,,,,,,,,,,,,,,,,66499,0.0025060081388801336
,,,20,,,,,,,,,,,,,,,,,,,,,,,,,,,,,66509,0.003283254336565733
,,,20,,,,,,,,,,,,,,,,,,,,,,,,,,,,,66519,0.0025688877794891596
,,,20,,,,,,,,,,,,,,,,,,,,,,,,,,,,,66529,0.002883702516555786
,,,20,,,,,,,,,,,,,,,,,,,,,,,,,,,,,66539,0.0044617485255002975
,,,20,,,,,,,,,,,,,,,,,,,,,,,,,,,,,66549,0.00893796980381012
,,,20,,,,,,,,,,,,,,,,,,,,,,,,,,,,,66559,0.009751305915415287
,,,20,,,,,,,,,,,,,,,,,,,,,,,,,,,,,66569,0.004575660917907953
,,,20,,,,,,,,,,,,,,,,,,,,,,,,,,,,,66579,0.8845594525337219
,,,20,,,,,,,,,,,,,,,,,,,,,,,,,,,,,66589,0.005116888787597418
,,,20,,,,,,,,,,,,,,,,,,,,,,,,,,,,,66599,0.0051169791258871555
,,,20,,,,,,,,,,,,,,,,,,,,,,,,,,,,,66609,0.009451314806938171
,,,20,,,,,,,,,,,,,,,,,,,,,,,,,,,,,66619,0.17087167501449585
,,,20,,,,,,,,,,,,,,,,,,,,,,,,,,,,,66629,0.08383771777153015
,,,20,,,,,,,,,,,,,,,,,,,,,,,,,,,,,66639,0.038319993764162064
,,,20,,,,,,,,,,,,,,,,,,,,,,,,,,,,,66649,0.010367599315941334
,,,20,,,,,,,,,,,,,,,,,,,,,,,,,,,,,66659,0.893242359161377
,,,20,,,,,,,,,,,,,,,,,,,,,,,,,,,,,66669,0.0037134315352886915
,,,20,,,,,,,,,,,,,,,,,,,,,,,,,,,,,66679,0.003949803300201893
,,,20,,,,,,,,,,,,,,,,,,,,,,,,,,,,,66689,0.008748648688197136
,,,20,,,,,,,,,,,,,,,,,,,,,,,,,,,,,66699,0.004989691078662872
,,,20,,,,,,,,,,,,,,,,,,,,,,,,,,,,,66709,1.1484874486923218
,,,20,,,,,,,,,,,,,,,,,,,,,,,,,,,,,66719,0.014107349328696728
,,,20,,,,,,,,,,,,,,,,,,,,,,,,,,,,,66729,0.0037786769680678844
,,,20,,,,,,,,,,,,,,,,,,,,,,,,,,,,,66739,0.0030271434225142
,,,20,,,,,,,,,,,,,,,,,,,,,,,,,,,,,66749,1.0156935453414917
,,,20,,,,,,,,,,,,,,,,,,,,,,,,,,,,,66759,0.8954298496246338
,,,20,,,,,,,,,,,,,,,,,,,,,,,,,,,,,66769,0.10250584036111832
,,,20,,,,,,,,,,,,,,,,,,,,,,,,,,,,,66779,0.02610873058438301
,,,20,,,,,,,,,,,,,,,,,,,,,,,,,,,,,66789,0.028424032032489777
,,,20,,,,,,,,,,,,,,,,,,,,,,,,,,,,,66799,0.0040516979061067104
,,,20,,,,,,,,,,,,,,,,,,,,,,,,,,,,,66809,0.0018043580930680037
,,,20,,,,,,,,,,,,,,,,,,,,,,,,,,,,,66819,0.24674701690673828
,,,20,,,,,,,,,,,,,,,,,,,,,,,,,,,,,66829,0.0028864184860140085
,,,20,,,,,,,,,,,,,,,,,,,,,,,,,,,,,66839,0.568747878074646
,,,20,,,,,,,,,,,,,,,,,,,,,,,,,,,,,66849,0.0068126763217151165
,,,20,,,,,,,,,,,,,,,,,,,,,,,,,,,,,66859,0.011993071995675564
,,,20,,,,,,,,,,,,,,,,,,,,,,,,,,,,,66869,0.002626430243253708
,,,20,,,,,,,,,,,,,,,,,,,,,,,,,,,,,66879,0.005298808217048645
,,,20,,,,,,,,,,,,,,,,,,,,,,,,,,,,,66889,0.006521249655634165
,,,20,,,,,,,,,,,,,,,,,,,,,,,,,,,,,66899,0.014108666218817234
,,,20,,,,,,,,,,,,,,,,,,,,,,,,,,,,,66909,0.03187262639403343
,,,20,,,,,,,,,,,,,,,,,,,,,,,,,,,,,66919,0.4474096894264221
,,,20,,,,,,,,,,,,,,,,,,,,,,,,,,,,,66929,0.012402953580021858
,,,20,,,,,,,,,,,,,,,,,,,,,,,,,,,,,66939,0.0034591734874993563
,,,20,,,,,,,,,,,,,,,,,,,,,,,,,,,,,66949,0.002226349199190736
,,,20,,,,,,,,,,,,,,,,,,,,,,,,,,,,,66959,0.7963756322860718
,,,20,,,,,,,,,,,,,,,,,,,,,,,,,,,,,66969,0.3642159402370453
,,,20,,,,,,,,,,,,,,,,,,,,,,,,,,,,,66979,0.0011173838283866644
,,,20,,,,,,,,,,,,,,,,,,,,,,,,,,,,,66989,0.23688176274299622
,,,20,,,,,,,,,,,,,,,,,,,,,,,,,,,,,66999,0.001901932992041111
,,,20,,,,,,,,,,,,,,,,,,,,,,,,,,,,,67009,0.0017684794729575515
,,,20,,,,,,,,,,,,,,,,,,,,,,,,,,,,,67019,0.005183371715247631
,,,20,,,,,,,,,,,,,,,,,,,,,,,,,,,,,67029,0.543756365776062
,,,20,,,,,,,,,,,,,,,,,,,,,,,,,,,,,67039,0.003184421919286251
,,,20,,,,,,,,,,,,,,,,,,,,,,,,,,,,,67049,0.02278006449341774
,,,20,,,,,,,,,,,,,,,,,,,,,,,,,,,,,67059,0.00635627331212163
,,,20,,,,,,,,,,,,,,,,,,,,,,,,,,,,,67069,0.025479724630713463
,,,20,,,,,,,,,,,,,,,,,,,,,,,,,,,,,67079,0.0013746041804552078
,,,20,,,,,,,,,,,,,,,,,,,,,,,,,,,,,67089,0.0034953258000314236
,,,20,,,,,,,,,,,,,,,,,,,,,,,,,,,,,67099,0.020771600306034088
,,,20,,,,,,,,,,,,,,,,,,,,,,,,,,,,,67109,0.1368454247713089
,,,20,,,,,,,,,,,,,,,,,,,,,,,,,,,,,67119,0.006619672756642103
,,,20,,,,,,,,,,,,,,,,,,,,,,,,,,,,,67129,0.01655772514641285
,,,20,,,,,,,,,,,,,,,,,,,,,,,,,,,,,67139,0.07889062166213989
,,,20,,,,,,,,,,,,,,,,,,,,,,,,,,,,,67149,0.1731521040201187
,,,20,,,,,,,,,,,,,,,,,,,,,,,,,,,,,67159,0.6683446168899536
,,,20,,,,,,,,,,,,,,,,,,,,,,,,,,,,,67169,0.04608478024601936
,,,20,,,,,,,,,,,,,,,,,,,,,,,,,,,,,67179,0.008104298263788223
,,,20,,,,,,,,,,,,,,,,,,,,,,,,,,,,,67189,0.002607106463983655
,,,20,,,,,,,,,,,,,,,,,,,,,,,,,,,,,67199,0.02046758122742176
,,,20,,,,,,,,,,,,,,,,,,,,,,,,,,,,,67209,0.0029008123092353344
,,,20,,,,,,,,,,,,,,,,,,,,,,,,,,,,,67219,0.01330068614333868
,,,20,,,,,,,,,,,,,,,,,,,,,,,,,,,,,67229,0.24660904705524445
,,,20,,,,,,,,,,,,,,,,,,,,,,,,,,,,,67239,0.005508389789611101
,,,20,,,,,,,,,,,,,,,,,,,,,,,,,,,,,67249,0.021163474768400192
,,,20,,,,,,,,,,,,,,,,,,,,,,,,,,,,,67259,0.06068149581551552
,,,20,,,,,,,,,,,,,,,,,,,,,,,,,,,,,67269,0.010022853501141071
,,,20,,,,,,,,,,,,,,,,,,,,,,,,,,,,,67279,0.007186352275311947
,,,20,,,,,,,,,,,,,,,,,,,,,,,,,,,,,67289,0.02194053679704666
,,,20,,,,,,,,,,,,,,,,,,,,,,,,,,,,,67299,0.015187231823801994
,,,20,,,,,,,,,,,,,,,,,,,,,,,,,,,,,67309,0.14834879338741302
,,,20,,,,,,,,,,,,,,,,,,,,,,,,,,,,,67319,0.0028904431965202093
,,,20,,,,,,,,,,,,,,,,,,,,,,,,,,,,,67329,0.49945855140686035
,,,20,,,,,,,,,,,,,,,,,,,,,,,,,,,,,67339,0.006227083038538694
,,,20,,,,,,,,,,,,,,,,,,,,,,,,,,,,,67349,0.2186545878648758
,,,20,,,,,,,,,,,,,,,,,,,,,,,,,,,,,67359,0.011376310139894485
,,,20,,,,,,,,,,,,,,,,,,,,,,,,,,,,,67369,0.005773578304797411
,,,20,,,,,,,,,,,,,,,,,,,,,,,,,,,,,67379,0.0036650400143116713
,,,20,,,,,,,,,,,,,,,,,,,,,,,,,,,,,67389,0.031332239508628845
,,,20,,,,,,,,,,,,,,,,,,,,,,,,,,,,,67399,0.007530905772000551
,,,20,,,,,,,,,,,,,,,,,,,,,,,,,,,,,67409,0.017779948189854622
,,,20,,,,,,,,,,,,,,,,,,,,,,,,,,,,,67419,0.007865382358431816
,,,20,,,,,,,,,,,,,,,,,,,,,,,,,,,,,67429,0.010134528391063213
,,,20,,,,,,,,,,,,,,,,,,,,,,,,,,,,,67439,0.005470281932502985
,,,20,,,,,,,,,,,,,,,,,,,,,,,,,,,,,67449,0.25266706943511963
,,,20,,,,,,,,,,,,,,,,,,,,,,,,,,,,,67459,0.010668858885765076
,,,20,,,,,,,,,,,,,,,,,,,,,,,,,,,,,67469,0.006238292902708054
,,,20,,,,,,,,,,,,,,,,,,,,,,,,,,,,,67479,0.012107823975384235
,,,20,,,,,,,,,,,,,,,,,,,,,,,,,,,,,67489,0.00794852152466774
,,,20,,,,,,,,,,,,,,,,,,,,,,,,,,,,,67499,0.14284302294254303
,,,20,,,,,,,,,,,,,,,,,,,,,,,,,,,,,67509,0.0018455411773175001
,,,20,,,,,,,,,,,,,,,,,,,,,,,,,,,,,67519,0.013503856025636196
,,,20,,,,,,,,,,,,,,,,,,,,,,,,,,,,,67529,0.012643883004784584
,,,20,,,,,,,,,,,,,,,,,,,,,,,,,,,,,67539,0.006208288017660379
,,,20,,,,,,,,,,,,,,,,,,,,,,,,,,,,,67549,0.0071522556245327
,,,20,,,,,,,,,,,,,,,,,,,,,,,,,,,,,67559,0.007279181387275457
,,,20,,,,,,,,,,,,,,,,,,,,,,,,,,,,,67569,0.011806963942945004
,,,20,,,,,,,,,,,,,,,,,,,,,,,,,,,,,67579,0.00785005372017622
,,,20,,,,,,,,,,,,,,,,,,,,,,,,,,,,,67589,0.009737088344991207
,,,20,,,,,,,,,,,,,,,,,,,,,,,,,,,,,67599,0.0032906897831708193
,,,20,,,,,,,,,,,,,,,,,,,,,,,,,,,,,67609,0.0030415933579206467
,,,20,,,,,,,,,,,,,,,,,,,,,,,,,,,,,67619,0.007330577354878187
,,,20,,,,,,,,,,,,,,,,,,,,,,,,,,,,,67629,0.16345010697841644
,,,20,,,,,,,,,,,,,,,,,,,,,,,,,,,,,67639,0.007761770393699408
,,,20,,,,,,,,,,,,,,,,,,,,,,,,,,,,,67649,0.43151411414146423
,,,20,,,,,,,,,,,,,,,,,,,,,,,,,,,,,67659,0.0063300058245658875
,,,20,,,,,,,,,,,,,,,,,,,,,,,,,,,,,67669,0.02406105399131775
,,,20,,,,,,,,,,,,,,,,,,,,,,,,,,,,,67679,0.11080302298069
,,,20,,,,,,,,,,,,,,,,,,,,,,,,,,,,,67689,0.022591212764382362
,,,20,,,,,,,,,,,,,,,,,,,,,,,,,,,,,67699,0.0756717249751091
,,,20,,,,,,,,,,,,,,,,,,,,,,,,,,,,,67709,0.07809683680534363
,,,20,,,,,,,,,,,,,,,,,,,,,,,,,,,,,67719,0.0033020065166056156
,,,20,,,,,,,,,,,,,,,,,,,,,,,,,,,,,67729,0.004244841169565916
,,,20,,,,,,,,,,,,,,,,,,,,,,,,,,,,,67739,0.0032299826852977276
,,,20,,,,,,,,,,,,,,,,,,,,,,,,,,,,,67749,0.013105202466249466
,,,20,,,,,,,,,,,,,,,,,,,,,,,,,,,,,67759,0.016418490558862686
,,,20,,,,,,,,,,,,,,,,,,,,,,,,,,,,,67769,0.141307070851326
,,,20,,,,,,,,,,,,,,,,,,,,,,,,,,,,,67779,0.0057576438412070274
,,,20,,,,,,,,,,,,,,,,,,,,,,,,,,,,,67789,0.003648661309853196
,,,20,,,,,,,,,,,,,,,,,,,,,,,,,,,,,67799,0.2687992751598358
,,,20,,,,,,,,,,,,,,,,,,,,,,,,,,,,,67809,0.004937286488711834
,,,20,,,,,,,,,,,,,,,,,,,,,,,,,,,,,67819,0.1719454675912857
,,,20,,,,,,,,,,,,,,,,,,,,,,,,,,,,,67829,0.0077295503579080105
,,,20,,,,,,,,,,,,,,,,,,,,,,,,,,,,,67839,0.11565175652503967
,,,20,,,,,,,,,,,,,,,,,,,,,,,,,,,,,67849,0.03892819583415985
,,,20,,,,,,,,,,,,,,,,,,,,,,,,,,,,,67859,0.2657768726348877
,,,20,,,,,,,,,,,,,,,,,,,,,,,,,,,,,67869,0.002426597522571683
,,,20,,,,,,,,,,,,,,,,,,,,,,,,,,,,,67879,0.013113653287291527
,,,20,,,,,,,,,,,,,,,,,,,,,,,,,,,,,67889,0.0116569297388196
,,,20,,,,,,,,,,,,,,,,,,,,,,,,,,,,,67899,0.12227395921945572
,,,20,,,,,,,,,,,,,,,,,,,,,,,,,,,,,67909,0.05266444385051727
,,,20,,,,,,,,,,,,,,,,,,,,,,,,,,,,,67919,0.025006914511322975
,,,20,,,,,,,,,,,,,,,,,,,,,,,,,,,,,67929,0.005448365118354559
,,,20,,,,,,,,,,,,,,,,,,,,,,,,,,,,,67939,0.5878520607948303
,,,20,,,,,,,,,,,,,,,,,,,,,,,,,,,,,67949,0.0014551328495144844
,,,20,,,,,,,,,,,,,,,,,,,,,,,,,,,,,67959,0.014412560500204563
,,,20,,,,,,,,,,,,,,,,,,,,,,,,,,,,,67969,0.1300426572561264
,,,20,,,,,,,,,,,,,,,,,,,,,,,,,,,,,67979,0.008738539181649685
,,,20,,,,,,,,,,,,,,,,,,,,,,,,,,,,,67989,0.5104143023490906
,,,20,,,,,,,,,,,,,,,,,,,,,,,,,,,,,67999,0.03571087867021561
,,,20,,,,,,,,,,,,,,,,,,,,,,,,,,,,,68009,0.03364669159054756
,,,20,,,,,,,,,,,,,,,,,,,,,,,,,,,,,68019,1.1392773389816284
,,,20,,,,,,,,,,,,,,,,,,,,,,,,,,,,,68029,0.9533576965332031
,,,20,,,,,,,,,,,,,,,,,,,,,,,,,,,,,68039,0.0032667245250195265
,,,20,,,,,,,,,,,,,,,,,,,,,,,,,,,,,68049,0.007003074511885643
,,,20,,,,,,,,,,,,,,,,,,,,,,,,,,,,,68059,0.01078715268522501
,,,20,,,,,,,,,,,,,,,,,,,,,,,,,,,,,68069,0.07736359536647797
,,,20,,,,,,,,,,,,,,,,,,,,,,,,,,,,,68079,0.00395446689799428
,,,20,,,,,,,,,,,,,,,,,,,,,,,,,,,,,68089,0.0022293617948889732
,,,20,,,,,,,,,,,,,,,,,,,,,,,,,,,,,68099,0.004301510751247406
,,,20,,,,,,,,,,,,,,,,,,,,,,,,,,,,,68109,0.0069403029046952724
,,,20,,,,,,,,,,,,,,,,,,,,,,,,,,,,,68119,0.009418066591024399
,,,20,,,,,,,,,,,,,,,,,,,,,,,,,,,,,68129,0.006713483482599258
,,,20,,,,,,,,,,,,,,,,,,,,,,,,,,,,,68139,0.18316368758678436
,,,20,,,,,,,,,,,,,,,,,,,,,,,,,,,,,68149,0.09052876383066177
,,,20,,,,,,,,,,,,,,,,,,,,,,,,,,,,,68159,0.009610519744455814
,,,20,,,,,,,,,,,,,,,,,,,,,,,,,,,,,68169,0.058844197541475296
,,,20,,,,,,,,,,,,,,,,,,,,,,,,,,,,,68179,0.011974530294537544
,,,20,,,,,,,,,,,,,,,,,,,,,,,,,,,,,68189,0.0076475925743579865
,,,20,,,,,,,,,,,,,,,,,,,,,,,,,,,,,68199,0.011756657622754574
,,,20,,,,,,,,,,,,,,,,,,,,,,,,,,,,,68209,0.11668006330728531
,,,20,,,,,,,,,,,,,,,,,,,,,,,,,,,,,68219,0.007957312278449535
,,,20,,,,,,,,,,,,,,,,,,,,,,,,,,,,,68229,0.10589191317558289
,,,20,,,,,,,,,,,,,,,,,,,,,,,,,,,,,68239,0.6929391026496887
,,,20,,,,,,,,,,,,,,,,,,,,,,,,,,,,,68249,0.011263406835496426
,,,20,,,,,,,,,,,,,,,,,,,,,,,,,,,,,68259,0.002253924263641238
,,,20,,,,,,,,,,,,,,,,,,,,,,,,,,,,,68269,1.3771188259124756
,,,20,,,,,,,,,,,,,,,,,,,,,,,,,,,,,68279,0.0038863352965563536
,,,20,,,,,,,,,,,,,,,,,,,,,,,,,,,,,68289,0.06450437754392624
,,,20,,,,,,,,,,,,,,,,,,,,,,,,,,,,,68299,0.06413790583610535
,,,20,,,,,,,,,,,,,,,,,,,,,,,,,,,,,68309,1.1785696744918823
,,,20,,,,,,,,,,,,,,,,,,,,,,,,,,,,,68319,0.0013750812504440546
,,,20,,,,,,,,,,,,,,,,,,,,,,,,,,,,,68329,0.012661201879382133
,,,20,,,,,,,,,,,,,,,,,,,,,,,,,,,,,68339,0.002026864094659686
,,,20,,,,,,,,,,,,,,,,,,,,,,,,,,,,,68349,0.003133963793516159
,,,20,,,,,,,,,,,,,,,,,,,,,,,,,,,,,68359,0.09951010346412659
,,,20,,,,,,,,,,,,,,,,,,,,,,,,,,,,,68369,0.014898857101798058
,,,20,,,,,,,,,,,,,,,,,,,,,,,,,,,,,68379,0.004319526720792055
,,,20,,,,,,,,,,,,,,,,,,,,,,,,,,,,,68389,0.01206293422728777
,,,20,,,,,,,,,,,,,,,,,,,,,,,,,,,,,68399,0.34811654686927795
,,,20,,,,,,,,,,,,,,,,,,,,,,,,,,,,,68409,0.0017754370346665382
,,,20,,,,,,,,,,,,,,,,,,,,,,,,,,,,,68419,0.16176189482212067
,,,20,,,,,,,,,,,,,,,,,,,,,,,,,,,,,68429,0.2886705696582794
,,,20,,,,,,,,,,,,,,,,,,,,,,,,,,,,,68439,0.026998162269592285
,,,20,,,,,,,,,,,,,,,,,,,,,,,,,,,,,68449,0.0035768349189311266
,,,20,,,,,,,,,,,,,,,,,,,,,,,,,,,,,68459,0.0017694833222776651
,,,20,,,,,,,,,,,,,,,,,,,,,,,,,,,,,68469,0.01287025772035122
,,,20,,,,,,,,,,,,,,,,,,,,,,,,,,,,,68479,0.022143321111798286
,,,20,,,,,,,,,,,,,,,,,,,,,,,,,,,,,68489,0.03271497040987015
,,,20,,,,,,,,,,,,,,,,,,,,,,,,,,,,,68499,0.006075735669583082
,,,20,,,,,,,,,,,,,,,,,,,,,,,,,,,,,68509,0.004002568777650595
,,,20,,,,,,,,,,,,,,,,,,,,,,,,,,,,,68519,0.0030098515562713146
,,,20,,,,,,,,,,,,,,,,,,,,,,,,,,,,,68529,0.02712906338274479
,,,20,,,,,,,,,,,,,,,,,,,,,,,,,,,,,68539,0.006953613366931677
,,,20,,,,,,,,,,,,,,,,,,,,,,,,,,,,,68549,0.0029168252367526293
,,,20,,,,,,,,,,,,,,,,,,,,,,,,,,,,,68559,0.003996378742158413
,,,20,,,,,,,,,,,,,,,,,,,,,,,,,,,,,68569,0.004521967377513647
,,,20,,,,,,,,,,,,,,,,,,,,,,,,,,,,,68579,0.021539954468607903
,,,20,,,,,,,,,,,,,,,,,,,,,,,,,,,,,68589,0.002658725716173649
,,,20,,,,,,,,,,,,,,,,,,,,,,,,,,,,,68599,0.5538161993026733
,,,20,,,,,,,,,,,,,,,,,,,,,,,,,,,,,68609,0.001731004216708243
,,,20,,,,,,,,,,,,,,,,,,,,,,,,,,,,,68619,0.11179184913635254
,,,20,,,,,,,,,,,,,,,,,,,,,,,,,,,,,68629,0.11067987978458405
,,,20,,,,,,,,,,,,,,,,,,,,,,,,,,,,,68639,0.4577018916606903
,,,20,,,,,,,,,,,,,,,,,,,,,,,,,,,,,68649,0.012416432611644268
,,,20,,,,,,,,,,,,,,,,,,,,,,,,,,,,,68659,0.013213817961513996
,,,20,,,,,,,,,,,,,,,,,,,,,,,,,,,,,68669,0.046183470636606216
,,,20,,,,,,,,,,,,,,,,,,,,,,,,,,,,,68679,0.513029158115387
,,,20,,,,,,,,,,,,,,,,,,,,,,,,,,,,,68689,0.008259597234427929
,,,20,,,,,,,,,,,,,,,,,,,,,,,,,,,,,68699,0.03345215693116188
,,,20,,,,,,,,,,,,,,,,,,,,,,,,,,,,,68709,0.00946060847491026
,,,20,,,,,,,,,,,,,,,,,,,,,,,,,,,,,68719,0.1718369573354721
,,,20,,,,,,,,,,,,,,,,,,,,,,,,,,,,,68729,0.0025923929642885923
,,,20,,,,,,,,,,,,,,,,,,,,,,,,,,,,,68739,0.018250904977321625
,,,20,,,,,,,,,,,,,,,,,,,,,,,,,,,,,68749,0.00674185436218977
,,,20,,,,,,,,,,,,,,,,,,,,,,,,,,,,,68759,0.025418778881430626
,,,20,,,,,,,,,,,,,,,,,,,,,,,,,,,,,68769,0.004158610012382269
,,,20,,,,,,,,,,,,,,,,,,,,,,,,,,,,,68779,0.17068035900592804
,,,20,,,,,,,,,,,,,,,,,,,,,,,,,,,,,68789,0.008726254105567932
,,,20,,,,,,,,,,,,,,,,,,,,,,,,,,,,,68799,0.007465956266969442
,,,20,,,,,,,,,,,,,,,,,,,,,,,,,,,,,68809,0.12398594617843628
,,,20,,,,,,,,,,,,,,,,,,,,,,,,,,,,,68819,0.003940375987440348
,,,20,,,,,,,,,,,,,,,,,,,,,,,,,,,,,68829,1.068083643913269
,,,20,,,,,,,,,,,,,,,,,,,,,,,,,,,,,68839,0.16617783904075623
,,,20,,,,,,,,,,,,,,,,,,,,,,,,,,,,,68849,0.056896891444921494
,,,20,,,,,,,,,,,,,,,,,,,,,,,,,,,,,68859,0.07901807129383087
,,,20,,,,,,,,,,,,,,,,,,,,,,,,,,,,,68869,0.4271925389766693
,,,20,,,,,,,,,,,,,,,,,,,,,,,,,,,,,68879,0.0020509574096649885
,,,20,,,,,,,,,,,,,,,,,,,,,,,,,,,,,68889,0.02221587486565113
,,,20,,,,,,,,,,,,,,,,,,,,,,,,,,,,,68899,0.0057706069201231
,,,20,,,,,,,,,,,,,,,,,,,,,,,,,,,,,68909,0.005794193595647812
,,,20,,,,,,,,,,,,,,,,,,,,,,,,,,,,,68919,0.002987503306940198
,,,20,,,,,,,,,,,,,,,,,,,,,,,,,,,,,68929,0.0020433010067790747
,,,20,,,,,,,,,,,,,,,,,,,,,,,,,,,,,68939,0.10934309661388397
,,,20,,,,,,,,,,,,,,,,,,,,,,,,,,,,,68949,0.002774202497676015
,,,20,,,,,,,,,,,,,,,,,,,,,,,,,,,,,68959,0.00555828120559454
,,,20,,,,,,,,,,,,,,,,,,,,,,,,,,,,,68969,0.2691172957420349
,,,20,,,,,,,,,,,,,,,,,,,,,,,,,,,,,68979,0.0062173958867788315
,,,20,,,,,,,,,,,,,,,,,,,,,,,,,,,,,68989,0.33961042761802673
,,,20,,,,,,,,,,,,,,,,,,,,,,,,,,,,,68999,0.16815568506717682
,,,20,,,,,,,,,,,,,,,,,,,,,,,,,,,,,69009,0.014493630267679691
,,,20,,,,,,,,,,,,,,,,,,,,,,,,,,,,,69019,0.10389188677072525
,,,20,,,,,,,,,,,,,,,,,,,,,,,,,,,,,69029,0.009229403920471668
,,,20,,,,,,,,,,,,,,,,,,,,,,,,,,,,,69039,0.010595349594950676
,,,20,,,,,,,,,,,,,,,,,,,,,,,,,,,,,69049,0.0015819882974028587
,,,20,,,,,,,,,,,,,,,,,,,,,,,,,,,,,69059,0.0018535633571445942
,,,20,,,,,,,,,,,,,,,,,,,,,,,,,,,,,69069,0.5403873324394226
,,,20,,,,,,,,,,,,,,,,,,,,,,,,,,,,,69079,0.0028060958720743656
,,,20,,,,,,,,,,,,,,,,,,,,,,,,,,,,,69089,0.09556509554386139
,,,20,,,,,,,,,,,,,,,,,,,,,,,,,,,,,69099,0.034595295786857605
,,,20,,,,,,,,,,,,,,,,,,,,,,,,,,,,,69109,0.004429106134921312
,,,20,,,,,,,,,,,,,,,,,,,,,,,,,,,,,69119,0.2532823383808136
,,,20,,,,,,,,,,,,,,,,,,,,,,,,,,,,,69129,0.008964315988123417
,,,20,,,,,,,,,,,,,,,,,,,,,,,,,,,,,69139,0.004136749543249607
,,,20,,,,,,,,,,,,,,,,,,,,,,,,,,,,,69149,0.005854977294802666
,,,20,,,,,,,,,,,,,,,,,,,,,,,,,,,,,69159,0.00801199022680521
,,,20,,,,,,,,,,,,,,,,,,,,,,,,,,,,,69169,0.21063995361328125
,,,20,,,,,,,,,,,,,,,,,,,,,,,,,,,,,69179,2.711322784423828
,,,20,,,,,,,,,,,,,,,,,,,,,,,,,,,,,69189,0.1275913566350937
,,,20,,,,,,,,,,,,,,,,,,,,,,,,,,,,,69199,0.016045402735471725
,,,20,,,,,,,,,,,,,,,,,,,,,,,,,,,,,69209,2.838621139526367
,,,20,,,,,,,,,,,,,,,,,,,,,,,,,,,,,69219,0.002735072048380971
,,,20,,,,,,,,,,,,,,,,,,,,,,,,,,,,,69229,0.02626880258321762
,,,20,,,,,,,,,,,,,,,,,,,,,,,,,,,,,69239,0.00900194514542818
,,,20,,,,,,,,,,,,,,,,,,,,,,,,,,,,,69249,0.3024391531944275
,,,20,,,,,,,,,,,,,,,,,,,,,,,,,,,,,69259,0.11481563001871109
,,,20,,,,,,,,,,,,,,,,,,,,,,,,,,,,,69269,0.034419793635606766
,,,20,,,,,,,,,,,,,,,,,,,,,,,,,,,,,69279,0.011779054068028927
,,,20,,,,,,,,,,,,,,,,,,,,,,,,,,,,,69289,0.0024146486539393663
,,,20,,,,,,,,,,,,,,,,,,,,,,,,,,,,,69299,0.46201881766319275
,,,20,,,,,,,,,,,,,,,,,,,,,,,,,,,,,69309,0.007114219944924116
,,,20,,,,,,,,,,,,,,,,,,,,,,,,,,,,,69319,0.030885618180036545
,,,20,,,,,,,,,,,,,,,,,,,,,,,,,,,,,69329,0.005586573388427496
,,,20,,,,,,,,,,,,,,,,,,,,,,,,,,,,,69339,0.0020317835733294487
,,,20,,,,,,,,,,,,,,,,,,,,,,,,,,,,,69349,0.003999934531748295
,,,20,,,,,,,,,,,,,,,,,,,,,,,,,,,,,69359,0.0063082557171583176
,,,20,,,,,,,,,,,,,,,,,,,,,,,,,,,,,69369,0.019729778170585632
,,,20,,,,,,,,,,,,,,,,,,,,,,,,,,,,,69379,0.03520176187157631
,,,20,,,,,,,,,,,,,,,,,,,,,,,,,,,,,69389,0.022502148523926735
,,,20,,,,,,,,,,,,,,,,,,,,,,,,,,,,,69399,0.04330747574567795
,,,20,,,,,,,,,,,,,,,,,,,,,,,,,,,,,69409,0.001758097787387669
,,,20,,,,,,,,,,,,,,,,,,,,,,,,,,,,,69419,0.0027071761433035135
,,,20,,,,,,,,,,,,,,,,,,,,,,,,,,,,,69429,0.15953479707241058
,,,20,,,,,,,,,,,,,,,,,,,,,,,,,,,,,69439,0.004270934499800205
,,,20,,,,,,,,,,,,,,,,,,,,,,,,,,,,,69449,0.004645647946745157
,,,20,,,,,,,,,,,,,,,,,,,,,,,,,,,,,69459,0.006717295851558447
,,,20,,,,,,,,,,,,,,,,,,,,,,,,,,,,,69469,0.005893471650779247
,,,20,,,,,,,,,,,,,,,,,,,,,,,,,,,,,69479,0.004604622256010771
,,,20,,,,,,,,,,,,,,,,,,,,,,,,,,,,,69489,0.7851396799087524
,,,20,,,,,,,,,,,,,,,,,,,,,,,,,,,,,69499,0.003417259082198143
,,,20,,,,,,,,,,,,,,,,,,,,,,,,,,,,,69509,0.0013878243044018745
,,,,4.090734059523017e-07,2.2916475246793973e-06,3.5256115764298415e-06,3.5256115764298415e-06,5.4240178098920635e-06,5.4240178098920635e-06,8.344642784449328e-06,8.344642784449328e-06,1.283791197607589e-05,1.283791197607589e-05,1.975063380934752e-05,4.090734059523017e-07,1.975063380934752e-05,3.0385590475919263e-05,3.0385590475919263e-05,4.674706227064502e-05,4.674706227064502e-05,7.191855733945387e-05,7.191855733945387e-05,7.191855733945387e-05,7.191855733945387e-05,6.293437014650794e-07,6.293437014650794e-07,9.682210791770454e-07,9.682210791770454e-07,1.4895708910416082e-06,1.4895708910416082e-06,2.2916475246793973e-06,69511,
,,,21,,,,,,,,,,,,,,,,,,,,,,,,,,,,,69519,0.014013907872140408
,,,21,,,,,,,,,,,,,,,,,,,,,,,,,,,,,69529,0.5497492551803589
,,,21,,,,,,,,,,,,,,,,,,,,,,,,,,,,,69539,0.0031653938349336386
,,,21,,,,,,,,,,,,,,,,,,,,,,,,,,,,,69549,0.023878218606114388
,,,21,,,,,,,,,,,,,,,,,,,,,,,,,,,,,69559,0.005577127914875746
,,,21,,,,,,,,,,,,,,,,,,,,,,,,,,,,,69569,0.006739987526088953
,,,21,,,,,,,,,,,,,,,,,,,,,,,,,,,,,69579,0.0036507148761302233
,,,21,,,,,,,,,,,,,,,,,,,,,,,,,,,,,69589,0.012750095687806606
,,,21,,,,,,,,,,,,,,,,,,,,,,,,,,,,,69599,0.003060565097257495
,,,21,,,,,,,,,,,,,,,,,,,,,,,,,,,,,69609,0.002717015566304326
,,,21,,,,,,,,,,,,,,,,,,,,,,,,,,,,,69619,0.2165118008852005
,,,21,,,,,,,,,,,,,,,,,,,,,,,,,,,,,69629,0.0023351432755589485
,,,21,,,,,,,,,,,,,,,,,,,,,,,,,,,,,69639,0.5973417162895203
,,,21,,,,,,,,,,,,,,,,,,,,,,,,,,,,,69649,0.27051693201065063
,,,21,,,,,,,,,,,,,,,,,,,,,,,,,,,,,69659,0.003023492405191064
,,,21,,,,,,,,,,,,,,,,,,,,,,,,,,,,,69669,0.07258901000022888
,,,21,,,,,,,,,,,,,,,,,,,,,,,,,,,,,69679,0.011755848303437233
,,,21,,,,,,,,,,,,,,,,,,,,,,,,,,,,,69689,0.0035841905046254396
,,,21,,,,,,,,,,,,,,,,,,,,,,,,,,,,,69699,0.0045669968239963055
,,,21,,,,,,,,,,,,,,,,,,,,,,,,,,,,,69709,0.003483243752270937
,,,21,,,,,,,,,,,,,,,,,,,,,,,,,,,,,69719,0.0021496827248483896
,,,21,,,,,,,,,,,,,,,,,,,,,,,,,,,,,69729,0.15997770428657532
,,,21,,,,,,,,,,,,,,,,,,,,,,,,,,,,,69739,0.031189272180199623
,,,21,,,,,,,,,,,,,,,,,,,,,,,,,,,,,69749,0.022196272388100624
,,,21,,,,,,,,,,,,,,,,,,,,,,,,,,,,,69759,1.0665571689605713
,,,21,,,,,,,,,,,,,,,,,,,,,,,,,,,,,69769,0.1659274846315384
,,,21,,,,,,,,,,,,,,,,,,,,,,,,,,,,,69779,0.02312907762825489
,,,21,,,,,,,,,,,,,,,,,,,,,,,,,,,,,69789,0.010589377954602242
,,,21,,,,,,,,,,,,,,,,,,,,,,,,,,,,,69799,0.008378971368074417
,,,21,,,,,,,,,,,,,,,,,,,,,,,,,,,,,69809,0.02127176709473133
,,,21,,,,,,,,,,,,,,,,,,,,,,,,,,,,,69819,0.005984403192996979
,,,21,,,,,,,,,,,,,,,,,,,,,,,,,,,,,69829,0.002730737905949354
,,,21,,,,,,,,,,,,,,,,,,,,,,,,,,,,,69839,0.019118934869766235
,,,21,,,,,,,,,,,,,,,,,,,,,,,,,,,,,69849,0.003927034791558981
,,,21,,,,,,,,,,,,,,,,,,,,,,,,,,,,,69859,0.0038554202765226364
,,,21,,,,,,,,,,,,,,,,,,,,,,,,,,,,,69869,0.0034977246541529894
,,,21,,,,,,,,,,,,,,,,,,,,,,,,,,,,,69879,0.008295574225485325
,,,21,,,,,,,,,,,,,,,,,,,,,,,,,,,,,69889,0.003892338601872325
,,,21,,,,,,,,,,,,,,,,,,,,,,,,,,,,,69899,0.3007131814956665
,,,21,,,,,,,,,,,,,,,,,,,,,,,,,,,,,69909,0.014468329958617687
,,,21,,,,,,,,,,,,,,,,,,,,,,,,,,,,,69919,0.0009042600868269801
,,,21,,,,,,,,,,,,,,,,,,,,,,,,,,,,,69929,0.023859065026044846
,,,21,,,,,,,,,,,,,,,,,,,,,,,,,,,,,69939,0.0021904355380684137
,,,21,,,,,,,,,,,,,,,,,,,,,,,,,,,,,69949,0.08273712545633316
,,,21,,,,,,,,,,,,,,,,,,,,,,,,,,,,,69959,0.0027094227261841297
,,,21,,,,,,,,,,,,,,,,,,,,,,,,,,,,,69969,0.005113888066262007
,,,21,,,,,,,,,,,,,,,,,,,,,,,,,,,,,69979,0.0029229149222373962
,,,21,,,,,,,,,,,,,,,,,,,,,,,,,,,,,69989,0.0026601434219628572
,,,21,,,,,,,,,,,,,,,,,,,,,,,,,,,,,69999,0.22938422858715057
,,,21,,,,,,,,,,,,,,,,,,,,,,,,,,,,,70009,0.0014322641072794795
,,,21,,,,,,,,,,,,,,,,,,,,,,,,,,,,,70019,0.005484493914991617
,,,21,,,,,,,,,,,,,,,,,,,,,,,,,,,,,70029,0.08967476338148117
,,,21,,,,,,,,,,,,,,,,,,,,,,,,,,,,,70039,0.02710472047328949
,,,21,,,,,,,,,,,,,,,,,,,,,,,,,,,,,70049,0.0038770372048020363
,,,21,,,,,,,,,,,,,,,,,,,,,,,,,,,,,70059,0.0033605508506298065
,,,21,,,,,,,,,,,,,,,,,,,,,,,,,,,,,70069,0.002314044861122966
,,,21,,,,,,,,,,,,,,,,,,,,,,,,,,,,,70079,0.6038938760757446
,,,21,,,,,,,,,,,,,,,,,,,,,,,,,,,,,70089,0.001216765376739204
,,,21,,,,,,,,,,,,,,,,,,,,,,,,,,,,,70099,0.009310389868915081
,,,21,,,,,,,,,,,,,,,,,,,,,,,,,,,,,70109,0.0032709280494600534
,,,21,,,,,,,,,,,,,,,,,,,,,,,,,,,,,70119,0.002772093052044511
,,,21,,,,,,,,,,,,,,,,,,,,,,,,,,,,,70129,0.008174829185009003
,,,21,,,,,,,,,,,,,,,,,,,,,,,,,,,,,70139,0.12581446766853333
,,,21,,,,,,,,,,,,,,,,,,,,,,,,,,,,,70149,0.007438067812472582
,,,21,,,,,,,,,,,,,,,,,,,,,,,,,,,,,70159,0.03077954426407814
,,,21,,,,,,,,,,,,,,,,,,,,,,,,,,,,,70169,0.09145557880401611
,,,21,,,,,,,,,,,,,,,,,,,,,,,,,,,,,70179,0.01514642033725977
,,,21,,,,,,,,,,,,,,,,,,,,,,,,,,,,,70189,0.9034632444381714
,,,21,,,,,,,,,,,,,,,,,,,,,,,,,,,,,70199,0.10207954794168472
,,,21,,,,,,,,,,,,,,,,,,,,,,,,,,,,,70209,0.010075672529637814
,,,21,,,,,,,,,,,,,,,,,,,,,,,,,,,,,70219,0.3654516637325287
,,,21,,,,,,,,,,,,,,,,,,,,,,,,,,,,,70229,0.001829122775234282
,,,21,,,,,,,,,,,,,,,,,,,,,,,,,,,,,70239,0.0035448984708637
,,,21,,,,,,,,,,,,,,,,,,,,,,,,,,,,,70249,0.04688389226794243
,,,21,,,,,,,,,,,,,,,,,,,,,,,,,,,,,70259,0.01976945623755455
,,,21,,,,,,,,,,,,,,,,,,,,,,,,,,,,,70269,0.006428304128348827
,,,21,,,,,,,,,,,,,,,,,,,,,,,,,,,,,70279,0.01393156684935093
,,,21,,,,,,,,,,,,,,,,,,,,,,,,,,,,,70289,0.006316269747912884
,,,21,,,,,,,,,,,,,,,,,,,,,,,,,,,,,70299,0.0016516224713996053
,,,21,,,,,,,,,,,,,,,,,,,,,,,,,,,,,70309,0.010130050592124462
,,,21,,,,,,,,,,,,,,,,,,,,,,,,,,,,,70319,0.007287013344466686
,,,21,,,,,,,,,,,,,,,,,,,,,,,,,,,,,70329,0.008222302421927452
,,,21,,,,,,,,,,,,,,,,,,,,,,,,,,,,,70339,0.10973501950502396
,,,21,,,,,,,,,,,,,,,,,,,,,,,,,,,,,70349,0.037813007831573486
,,,21,,,,,,,,,,,,,,,,,,,,,,,,,,,,,70359,0.0025688486639410257
,,,21,,,,,,,,,,,,,,,,,,,,,,,,,,,,,70369,0.015391475521028042
,,,21,,,,,,,,,,,,,,,,,,,,,,,,,,,,,70379,0.0031745259184390306
,,,21,,,,,,,,,,,,,,,,,,,,,,,,,,,,,70389,0.0042696199379861355
,,,21,,,,,,,,,,,,,,,,,,,,,,,,,,,,,70399,0.0025614332407712936
,,,21,,,,,,,,,,,,,,,,,,,,,,,,,,,,,70409,0.002472533145919442
,,,21,,,,,,,,,,,,,,,,,,,,,,,,,,,,,70419,0.0021495004184544086
,,,21,,,,,,,,,,,,,,,,,,,,,,,,,,,,,70429,0.0018482425948604941
,,,21,,,,,,,,,,,,,,,,,,,,,,,,,,,,,70439,0.003719841130077839
,,,21,,,,,,,,,,,,,,,,,,,,,,,,,,,,,70449,0.0041865017265081406
,,,21,,,,,,,,,,,,,,,,,,,,,,,,,,,,,70459,0.017450930550694466
,,,21,,,,,,,,,,,,,,,,,,,,,,,,,,,,,70469,0.0028820661827921867
,,,21,,,,,,,,,,,,,,,,,,,,,,,,,,,,,70479,0.05230322480201721
,,,21,,,,,,,,,,,,,,,,,,,,,,,,,,,,,70489,0.0023333588615059853
,,,21,,,,,,,,,,,,,,,,,,,,,,,,,,,,,70499,0.001975772902369499
,,,21,,,,,,,,,,,,,,,,,,,,,,,,,,,,,70509,0.017147086560726166
,,,21,,,,,,,,,,,,,,,,,,,,,,,,,,,,,70519,0.0026770224794745445
,,,21,,,,,,,,,,,,,,,,,,,,,,,,,,,,,70529,0.006012908183038235
,,,21,,,,,,,,,,,,,,,,,,,,,,,,,,,,,70539,0.0038149517495185137
,,,21,,,,,,,,,,,,,,,,,,,,,,,,,,,,,70549,0.005346199497580528
,,,21,,,,,,,,,,,,,,,,,,,,,,,,,,,,,70559,0.00219331425614655
,,,21,,,,,,,,,,,,,,,,,,,,,,,,,,,,,70569,0.011892563663423061
,,,21,,,,,,,,,,,,,,,,,,,,,,,,,,,,,70579,0.00667253602296114
,,,21,,,,,,,,,,,,,,,,,,,,,,,,,,,,,70589,0.0031566352117806673
,,,21,,,,,,,,,,,,,,,,,,,,,,,,,,,,,70599,0.03702179715037346
,,,21,,,,,,,,,,,,,,,,,,,,,,,,,,,,,70609,0.006750218570232391
,,,21,,,,,,,,,,,,,,,,,,,,,,,,,,,,,70619,0.0029817617032676935
,,,21,,,,,,,,,,,,,,,,,,,,,,,,,,,,,70629,0.12129391729831696
,,,21,,,,,,,,,,,,,,,,,,,,,,,,,,,,,70639,0.0031756828539073467
,,,21,,,,,,,,,,,,,,,,,,,,,,,,,,,,,70649,0.0633925050497055
,,,21,,,,,,,,,,,,,,,,,,,,,,,,,,,,,70659,0.0035801248159259558
,,,21,,,,,,,,,,,,,,,,,,,,,,,,,,,,,70669,0.0035000108182430267
,,,21,,,,,,,,,,,,,,,,,,,,,,,,,,,,,70679,0.07874776422977448
,,,21,,,,,,,,,,,,,,,,,,,,,,,,,,,,,70689,0.0030596903525292873
,,,21,,,,,,,,,,,,,,,,,,,,,,,,,,,,,70699,0.13173353672027588
,,,21,,,,,,,,,,,,,,,,,,,,,,,,,,,,,70709,0.03347158059477806
,,,21,,,,,,,,,,,,,,,,,,,,,,,,,,,,,70719,0.03454986959695816
,,,21,,,,,,,,,,,,,,,,,,,,,,,,,,,,,70729,0.005603173281997442
,,,21,,,,,,,,,,,,,,,,,,,,,,,,,,,,,70739,0.015661461278796196
,,,21,,,,,,,,,,,,,,,,,,,,,,,,,,,,,70749,0.2861514687538147
,,,21,,,,,,,,,,,,,,,,,,,,,,,,,,,,,70759,0.004091482609510422
,,,21,,,,,,,,,,,,,,,,,,,,,,,,,,,,,70769,0.010325184091925621
,,,21,,,,,,,,,,,,,,,,,,,,,,,,,,,,,70779,0.005543915554881096
,,,21,,,,,,,,,,,,,,,,,,,,,,,,,,,,,70789,0.005044689401984215
,,,21,,,,,,,,,,,,,,,,,,,,,,,,,,,,,70799,0.006525128148496151
,,,21,,,,,,,,,,,,,,,,,,,,,,,,,,,,,70809,0.017044086009263992
,,,21,,,,,,,,,,,,,,,,,,,,,,,,,,,,,70819,0.04838625341653824
,,,21,,,,,,,,,,,,,,,,,,,,,,,,,,,,,70829,0.010743876919150352
,,,21,,,,,,,,,,,,,,,,,,,,,,,,,,,,,70839,0.002720210235565901
,,,21,,,,,,,,,,,,,,,,,,,,,,,,,,,,,70849,0.007536283694207668
,,,21,,,,,,,,,,,,,,,,,,,,,,,,,,,,,70859,0.00838860496878624
,,,21,,,,,,,,,,,,,,,,,,,,,,,,,,,,,70869,0.0026762799825519323
,,,21,,,,,,,,,,,,,,,,,,,,,,,,,,,,,70879,0.053039319813251495
,,,21,,,,,,,,,,,,,,,,,,,,,,,,,,,,,70889,0.0068122874945402145
,,,21,,,,,,,,,,,,,,,,,,,,,,,,,,,,,70899,0.019571198150515556
,,,21,,,,,,,,,,,,,,,,,,,,,,,,,,,,,70909,0.019795827567577362
,,,21,,,,,,,,,,,,,,,,,,,,,,,,,,,,,70919,0.004316623322665691
,,,21,,,,,,,,,,,,,,,,,,,,,,,,,,,,,70929,0.009506035596132278
,,,21,,,,,,,,,,,,,,,,,,,,,,,,,,,,,70939,0.0052283452823758125
,,,21,,,,,,,,,,,,,,,,,,,,,,,,,,,,,70949,0.0020033998880535364
,,,21,,,,,,,,,,,,,,,,,,,,,,,,,,,,,70959,0.06775718182325363
,,,21,,,,,,,,,,,,,,,,,,,,,,,,,,,,,70969,0.014145092107355595
,,,21,,,,,,,,,,,,,,,,,,,,,,,,,,,,,70979,0.025540627539157867
,,,21,,,,,,,,,,,,,,,,,,,,,,,,,,,,,70989,0.09677336364984512
,,,21,,,,,,,,,,,,,,,,,,,,,,,,,,,,,70999,0.23019421100616455
,,,21,,,,,,,,,,,,,,,,,,,,,,,,,,,,,71009,0.010606675408780575
,,,21,,,,,,,,,,,,,,,,,,,,,,,,,,,,,71019,0.1217106431722641
,,,21,,,,,,,,,,,,,,,,,,,,,,,,,,,,,71029,0.17410027980804443
,,,21,,,,,,,,,,,,,,,,,,,,,,,,,,,,,71039,0.0029926213901489973
,,,21,,,,,,,,,,,,,,,,,,,,,,,,,,,,,71049,0.06141083315014839
,,,21,,,,,,,,,,,,,,,,,,,,,,,,,,,,,71059,0.0145140141248703
,,,21,,,,,,,,,,,,,,,,,,,,,,,,,,,,,71069,0.10641384869813919
,,,21,,,,,,,,,,,,,,,,,,,,,,,,,,,,,71079,0.00888094212859869
,,,21,,,,,,,,,,,,,,,,,,,,,,,,,,,,,71089,0.004110812209546566
,,,21,,,,,,,,,,,,,,,,,,,,,,,,,,,,,71099,0.6207096576690674
,,,21,,,,,,,,,,,,,,,,,,,,,,,,,,,,,71109,0.0041865031234920025
,,,21,,,,,,,,,,,,,,,,,,,,,,,,,,,,,71119,0.008089511655271053
,,,21,,,,,,,,,,,,,,,,,,,,,,,,,,,,,71129,0.010183557868003845
,,,21,,,,,,,,,,,,,,,,,,,,,,,,,,,,,71139,0.14567814767360687
,,,21,,,,,,,,,,,,,,,,,,,,,,,,,,,,,71149,0.0228375643491745
,,,21,,,,,,,,,,,,,,,,,,,,,,,,,,,,,71159,0.0049429223872721195
,,,21,,,,,,,,,,,,,,,,,,,,,,,,,,,,,71169,0.08787444233894348
,,,21,,,,,,,,,,,,,,,,,,,,,,,,,,,,,71179,0.017253635451197624
,,,21,,,,,,,,,,,,,,,,,,,,,,,,,,,,,71189,0.8460848927497864
,,,21,,,,,,,,,,,,,,,,,,,,,,,,,,,,,71199,0.005120533052831888
,,,21,,,,,,,,,,,,,,,,,,,,,,,,,,,,,71209,0.009345799684524536
,,,21,,,,,,,,,,,,,,,,,,,,,,,,,,,,,71219,0.549134373664856
,,,21,,,,,,,,,,,,,,,,,,,,,,,,,,,,,71229,0.0064688632264733315
,,,21,,,,,,,,,,,,,,,,,,,,,,,,,,,,,71239,0.004088379442691803
,,,21,,,,,,,,,,,,,,,,,,,,,,,,,,,,,71249,0.24626398086547852
,,,21,,,,,,,,,,,,,,,,,,,,,,,,,,,,,71259,0.006352520547807217
,,,21,,,,,,,,,,,,,,,,,,,,,,,,,,,,,71269,0.0024408611934632063
,,,21,,,,,,,,,,,,,,,,,,,,,,,,,,,,,71279,0.007062352728098631
,,,21,,,,,,,,,,,,,,,,,,,,,,,,,,,,,71289,0.012858029454946518
,,,21,,,,,,,,,,,,,,,,,,,,,,,,,,,,,71299,0.0011855957563966513
,,,21,,,,,,,,,,,,,,,,,,,,,,,,,,,,,71309,0.0012644834350794554
,,,21,,,,,,,,,,,,,,,,,,,,,,,,,,,,,71319,0.008373161777853966
,,,21,,,,,,,,,,,,,,,,,,,,,,,,,,,,,71329,0.001924510346725583
,,,21,,,,,,,,,,,,,,,,,,,,,,,,,,,,,71339,0.015024553053081036
,,,21,,,,,,,,,,,,,,,,,,,,,,,,,,,,,71349,0.0856442078948021
,,,21,,,,,,,,,,,,,,,,,,,,,,,,,,,,,71359,0.0017208496574312449
,,,21,,,,,,,,,,,,,,,,,,,,,,,,,,,,,71369,0.006212475243955851
,,,21,,,,,,,,,,,,,,,,,,,,,,,,,,,,,71379,0.0034129086416214705
,,,21,,,,,,,,,,,,,,,,,,,,,,,,,,,,,71389,0.008009389042854309
,,,21,,,,,,,,,,,,,,,,,,,,,,,,,,,,,71399,0.012451749294996262
,,,21,,,,,,,,,,,,,,,,,,,,,,,,,,,,,71409,0.004235854838043451
,,,21,,,,,,,,,,,,,,,,,,,,,,,,,,,,,71419,0.01435245294123888
,,,21,,,,,,,,,,,,,,,,,,,,,,,,,,,,,71429,0.0015302092069759965
,,,21,,,,,,,,,,,,,,,,,,,,,,,,,,,,,71439,0.003192267846316099
,,,21,,,,,,,,,,,,,,,,,,,,,,,,,,,,,71449,0.0089533356949687
,,,21,,,,,,,,,,,,,,,,,,,,,,,,,,,,,71459,0.0037503947969526052
,,,21,,,,,,,,,,,,,,,,,,,,,,,,,,,,,71469,0.00239525455981493
,,,21,,,,,,,,,,,,,,,,,,,,,,,,,,,,,71479,0.22115013003349304
,,,21,,,,,,,,,,,,,,,,,,,,,,,,,,,,,71489,0.0015115924179553986
,,,21,,,,,,,,,,,,,,,,,,,,,,,,,,,,,71499,0.001933828927576542
,,,21,,,,,,,,,,,,,,,,,,,,,,,,,,,,,71509,0.004276623483747244
,,,21,,,,,,,,,,,,,,,,,,,,,,,,,,,,,71519,0.0023360068444162607
,,,21,,,,,,,,,,,,,,,,,,,,,,,,,,,,,71529,0.0020904645789414644
,,,21,,,,,,,,,,,,,,,,,,,,,,,,,,,,,71539,0.025516921654343605
,,,21,,,,,,,,,,,,,,,,,,,,,,,,,,,,,71549,0.2379649579524994
,,,21,,,,,,,,,,,,,,,,,,,,,,,,,,,,,71559,0.022108929231762886
,,,21,,,,,,,,,,,,,,,,,,,,,,,,,,,,,71569,0.05305933952331543
,,,21,,,,,,,,,,,,,,,,,,,,,,,,,,,,,71579,0.7568667531013489
,,,21,,,,,,,,,,,,,,,,,,,,,,,,,,,,,71589,0.0033490939531475306
,,,21,,,,,,,,,,,,,,,,,,,,,,,,,,,,,71599,0.2091573178768158
,,,21,,,,,,,,,,,,,,,,,,,,,,,,,,,,,71609,0.3060567080974579
,,,21,,,,,,,,,,,,,,,,,,,,,,,,,,,,,71619,0.026488179340958595
,,,21,,,,,,,,,,,,,,,,,,,,,,,,,,,,,71629,0.003913783933967352
,,,21,,,,,,,,,,,,,,,,,,,,,,,,,,,,,71639,0.0022791733499616385
,,,21,,,,,,,,,,,,,,,,,,,,,,,,,,,,,71649,0.1746905893087387
,,,21,,,,,,,,,,,,,,,,,,,,,,,,,,,,,71659,0.3644576966762543
,,,21,,,,,,,,,,,,,,,,,,,,,,,,,,,,,71669,0.0060003940016031265
,,,21,,,,,,,,,,,,,,,,,,,,,,,,,,,,,71679,0.4523230195045471
,,,21,,,,,,,,,,,,,,,,,,,,,,,,,,,,,71689,0.34848761558532715
,,,21,,,,,,,,,,,,,,,,,,,,,,,,,,,,,71699,0.0018384342547506094
,,,21,,,,,,,,,,,,,,,,,,,,,,,,,,,,,71709,0.006875636521726847
,,,21,,,,,,,,,,,,,,,,,,,,,,,,,,,,,71719,0.001825825311243534
,,,21,,,,,,,,,,,,,,,,,,,,,,,,,,,,,71729,0.05133964121341705
,,,21,,,,,,,,,,,,,,,,,,,,,,,,,,,,,71739,0.004296778701245785
,,,21,,,,,,,,,,,,,,,,,,,,,,,,,,,,,71749,0.0031049801036715508
,,,21,,,,,,,,,,,,,,,,,,,,,,,,,,,,,71759,0.0015001080464571714
,,,21,,,,,,,,,,,,,,,,,,,,,,,,,,,,,71769,0.3838396668434143
,,,21,,,,,,,,,,,,,,,,,,,,,,,,,,,,,71779,0.0028107755351811647
,,,21,,,,,,,,,,,,,,,,,,,,,,,,,,,,,71789,0.0024410043843090534
,,,21,,,,,,,,,,,,,,,,,,,,,,,,,,,,,71799,0.0026123651769012213
,,,21,,,,,,,,,,,,,,,,,,,,,,,,,,,,,71809,0.005321313627064228
,,,21,,,,,,,,,,,,,,,,,,,,,,,,,,,,,71819,0.026234518736600876
,,,21,,,,,,,,,,,,,,,,,,,,,,,,,,,,,71829,0.22232703864574432
,,,21,,,,,,,,,,,,,,,,,,,,,,,,,,,,,71839,0.2132807970046997
,,,21,,,,,,,,,,,,,,,,,,,,,,,,,,,,,71849,0.18157526850700378
,,,21,,,,,,,,,,,,,,,,,,,,,,,,,,,,,71859,0.0009493464604020119
,,,21,,,,,,,,,,,,,,,,,,,,,,,,,,,,,71869,0.29644012451171875
,,,21,,,,,,,,,,,,,,,,,,,,,,,,,,,,,71879,0.003187057562172413
,,,21,,,,,,,,,,,,,,,,,,,,,,,,,,,,,71889,0.0579288974404335
,,,21,,,,,,,,,,,,,,,,,,,,,,,,,,,,,71899,0.0013586971908807755
,,,21,,,,,,,,,,,,,,,,,,,,,,,,,,,,,71909,0.2964489758014679
,,,21,,,,,,,,,,,,,,,,,,,,,,,,,,,,,71919,0.017700333148241043
,,,21,,,,,,,,,,,,,,,,,,,,,,,,,,,,,71929,0.002732698805630207
,,,21,,,,,,,,,,,,,,,,,,,,,,,,,,,,,71939,0.042774174362421036
,,,21,,,,,,,,,,,,,,,,,,,,,,,,,,,,,71949,0.006990367546677589
,,,21,,,,,,,,,,,,,,,,,,,,,,,,,,,,,71959,0.007359157782047987
,,,21,,,,,,,,,,,,,,,,,,,,,,,,,,,,,71969,0.0020924534182995558
,,,21,,,,,,,,,,,,,,,,,,,,,,,,,,,,,71979,0.008696956560015678
,,,21,,,,,,,,,,,,,,,,,,,,,,,,,,,,,71989,0.016270317137241364
,,,21,,,,,,,,,,,,,,,,,,,,,,,,,,,,,71999,0.629886269569397
,,,21,,,,,,,,,,,,,,,,,,,,,,,,,,,,,72009,0.22658860683441162
,,,21,,,,,,,,,,,,,,,,,,,,,,,,,,,,,72019,0.3524681031703949
,,,21,,,,,,,,,,,,,,,,,,,,,,,,,,,,,72029,0.01274091750383377
,,,21,,,,,,,,,,,,,,,,,,,,,,,,,,,,,72039,0.0011999134439975023
,,,21,,,,,,,,,,,,,,,,,,,,,,,,,,,,,72049,0.002942353254184127
,,,21,,,,,,,,,,,,,,,,,,,,,,,,,,,,,72059,0.0038904347456991673
,,,21,,,,,,,,,,,,,,,,,,,,,,,,,,,,,72069,0.12251366674900055
,,,21,,,,,,,,,,,,,,,,,,,,,,,,,,,,,72079,0.09631943702697754
,,,21,,,,,,,,,,,,,,,,,,,,,,,,,,,,,72089,0.007433347404003143
,,,21,,,,,,,,,,,,,,,,,,,,,,,,,,,,,72099,0.12516145408153534
,,,21,,,,,,,,,,,,,,,,,,,,,,,,,,,,,72109,1.3974310159683228
,,,21,,,,,,,,,,,,,,,,,,,,,,,,,,,,,72119,0.0018759333761408925
,,,21,,,,,,,,,,,,,,,,,,,,,,,,,,,,,72129,0.004319159779697657
,,,21,,,,,,,,,,,,,,,,,,,,,,,,,,,,,72139,0.0038741861935704947
,,,21,,,,,,,,,,,,,,,,,,,,,,,,,,,,,72149,0.003906776197254658
,,,21,,,,,,,,,,,,,,,,,,,,,,,,,,,,,72159,0.3764914274215698
,,,21,,,,,,,,,,,,,,,,,,,,,,,,,,,,,72169,0.005057885777205229
,,,21,,,,,,,,,,,,,,,,,,,,,,,,,,,,,72179,0.21020641922950745
,,,21,,,,,,,,,,,,,,,,,,,,,,,,,,,,,72189,0.028753554448485374
,,,21,,,,,,,,,,,,,,,,,,,,,,,,,,,,,72199,0.024220095947384834
,,,21,,,,,,,,,,,,,,,,,,,,,,,,,,,,,72209,0.050466444343328476
,,,21,,,,,,,,,,,,,,,,,,,,,,,,,,,,,72219,0.0045159668661653996
,,,21,,,,,,,,,,,,,,,,,,,,,,,,,,,,,72229,0.3186967968940735
,,,21,,,,,,,,,,,,,,,,,,,,,,,,,,,,,72239,0.004210084211081266
,,,21,,,,,,,,,,,,,,,,,,,,,,,,,,,,,72249,0.053372178226709366
,,,21,,,,,,,,,,,,,,,,,,,,,,,,,,,,,72259,0.00384140363894403
,,,21,,,,,,,,,,,,,,,,,,,,,,,,,,,,,72269,0.003108590142801404
,,,21,,,,,,,,,,,,,,,,,,,,,,,,,,,,,72279,0.0014714804710820317
,,,21,,,,,,,,,,,,,,,,,,,,,,,,,,,,,72289,0.04546983912587166
,,,21,,,,,,,,,,,,,,,,,,,,,,,,,,,,,72299,0.003393457503989339
,,,21,,,,,,,,,,,,,,,,,,,,,,,,,,,,,72309,0.014784688130021095
,,,21,,,,,,,,,,,,,,,,,,,,,,,,,,,,,72319,0.01507740281522274
,,,21,,,,,,,,,,,,,,,,,,,,,,,,,,,,,72329,0.7341047525405884
,,,21,,,,,,,,,,,,,,,,,,,,,,,,,,,,,72339,0.0048284768126904964
,,,21,,,,,,,,,,,,,,,,,,,,,,,,,,,,,72349,0.005393836181610823
,,,21,,,,,,,,,,,,,,,,,,,,,,,,,,,,,72359,0.0030693088192492723
,,,21,,,,,,,,,,,,,,,,,,,,,,,,,,,,,72369,0.13050703704357147
,,,21,,,,,,,,,,,,,,,,,,,,,,,,,,,,,72379,0.0048418594524264336
,,,21,,,,,,,,,,,,,,,,,,,,,,,,,,,,,72389,0.0031727126333862543
,,,21,,,,,,,,,,,,,,,,,,,,,,,,,,,,,72399,0.00714185880497098
,,,21,,,,,,,,,,,,,,,,,,,,,,,,,,,,,72409,0.0403471440076828
,,,21,,,,,,,,,,,,,,,,,,,,,,,,,,,,,72419,0.00516279274597764
,,,21,,,,,,,,,,,,,,,,,,,,,,,,,,,,,72429,0.007114590145647526
,,,21,,,,,,,,,,,,,,,,,,,,,,,,,,,,,72439,0.0015117062721401453
,,,21,,,,,,,,,,,,,,,,,,,,,,,,,,,,,72449,0.003013468813151121
,,,21,,,,,,,,,,,,,,,,,,,,,,,,,,,,,72459,0.0027000545524060726
,,,21,,,,,,,,,,,,,,,,,,,,,,,,,,,,,72469,0.0072080763056874275
,,,21,,,,,,,,,,,,,,,,,,,,,,,,,,,,,72479,0.6735800504684448
,,,21,,,,,,,,,,,,,,,,,,,,,,,,,,,,,72489,0.009904522448778152
,,,21,,,,,,,,,,,,,,,,,,,,,,,,,,,,,72499,0.22037151455879211
,,,21,,,,,,,,,,,,,,,,,,,,,,,,,,,,,72509,0.08535860478878021
,,,21,,,,,,,,,,,,,,,,,,,,,,,,,,,,,72519,0.0025638174265623093
,,,21,,,,,,,,,,,,,,,,,,,,,,,,,,,,,72529,0.010252373293042183
,,,21,,,,,,,,,,,,,,,,,,,,,,,,,,,,,72539,0.25020068883895874
,,,21,,,,,,,,,,,,,,,,,,,,,,,,,,,,,72549,0.021178195253014565
,,,21,,,,,,,,,,,,,,,,,,,,,,,,,,,,,72559,0.002271637786179781
,,,21,,,,,,,,,,,,,,,,,,,,,,,,,,,,,72569,0.14902043342590332
,,,21,,,,,,,,,,,,,,,,,,,,,,,,,,,,,72579,0.0058272648602724075
,,,21,,,,,,,,,,,,,,,,,,,,,,,,,,,,,72589,0.005198785103857517
,,,21,,,,,,,,,,,,,,,,,,,,,,,,,,,,,72599,0.2377486675977707
,,,21,,,,,,,,,,,,,,,,,,,,,,,,,,,,,72609,0.014083778485655785
,,,21,,,,,,,,,,,,,,,,,,,,,,,,,,,,,72619,0.002795498352497816
,,,21,,,,,,,,,,,,,,,,,,,,,,,,,,,,,72629,0.021748339757323265
,,,21,,,,,,,,,,,,,,,,,,,,,,,,,,,,,72639,0.07954027503728867
,,,21,,,,,,,,,,,,,,,,,,,,,,,,,,,,,72649,0.012784305959939957
,,,21,,,,,,,,,,,,,,,,,,,,,,,,,,,,,72659,0.003716403152793646
,,,21,,,,,,,,,,,,,,,,,,,,,,,,,,,,,72669,0.20574620366096497
,,,21,,,,,,,,,,,,,,,,,,,,,,,,,,,,,72679,0.01949530839920044
,,,21,,,,,,,,,,,,,,,,,,,,,,,,,,,,,72689,0.018424252048134804
,,,21,,,,,,,,,,,,,,,,,,,,,,,,,,,,,72699,0.3229520618915558
,,,21,,,,,,,,,,,,,,,,,,,,,,,,,,,,,72709,0.0025758042465895414
,,,21,,,,,,,,,,,,,,,,,,,,,,,,,,,,,72719,0.002332075498998165
,,,21,,,,,,,,,,,,,,,,,,,,,,,,,,,,,72729,0.00314138550311327
,,,21,,,,,,,,,,,,,,,,,,,,,,,,,,,,,72739,0.005978382658213377
,,,21,,,,,,,,,,,,,,,,,,,,,,,,,,,,,72749,0.02638551965355873
,,,21,,,,,,,,,,,,,,,,,,,,,,,,,,,,,72759,0.024895193055272102
,,,21,,,,,,,,,,,,,,,,,,,,,,,,,,,,,72769,0.00530204176902771
,,,21,,,,,,,,,,,,,,,,,,,,,,,,,,,,,72779,0.08766668289899826
,,,21,,,,,,,,,,,,,,,,,,,,,,,,,,,,,72789,0.0069587742909789085
,,,21,,,,,,,,,,,,,,,,,,,,,,,,,,,,,72799,0.005038529168814421
,,,21,,,,,,,,,,,,,,,,,,,,,,,,,,,,,72809,0.08289875835180283
,,,21,,,,,,,,,,,,,,,,,,,,,,,,,,,,,72819,0.049816712737083435
,,,,3.909387380777291e-07,2.1900563037861647e-06,3.3693173904402533e-06,3.3693173904402533e-06,5.183565216061927e-06,5.183565216061927e-06,7.97471571701835e-06,7.97471571701835e-06,1.226879341079746e-05,1.226879341079746e-05,1.8875066785842246e-05,3.909387380777291e-07,1.8875066785842246e-05,2.9038564285911148e-05,2.9038564285911148e-05,4.4674714286017154e-05,4.4674714286017154e-05,6.873032967079561e-05,6.873032967079561e-05,6.873032967079561e-05,6.873032967079561e-05,6.014442124272754e-07,6.014442124272754e-07,9.252987883496547e-07,9.252987883496547e-07,1.423536597461007e-06,1.423536597461007e-06,2.1900563037861647e-06,72821,
,,,22,,,,,,,,,,,,,,,,,,,,,,,,,,,,,72829,0.002915196353569627
,,,22,,,,,,,,,,,,,,,,,,,,,,,,,,,,,72839,0.015897156670689583
,,,22,,,,,,,,,,,,,,,,,,,,,,,,,,,,,72849,0.0020843588281422853
,,,22,,,,,,,,,,,,,,,,,,,,,,,,,,,,,72859,0.008040323853492737
,,,22,,,,,,,,,,,,,,,,,,,,,,,,,,,,,72869,0.5178231000900269
,,,22,,,,,,,,,,,,,,,,,,,,,,,,,,,,,72879,0.003587479004636407
,,,22,,,,,,,,,,,,,,,,,,,,,,,,,,,,,72889,0.12872838973999023
,,,22,,,,,,,,,,,,,,,,,,,,,,,,,,,,,72899,0.009794478304684162
,,,22,,,,,,,,,,,,,,,,,,,,,,,,,,,,,72909,0.001380237634293735
,,,22,,,,,,,,,,,,,,,,,,,,,,,,,,,,,72919,0.04770030081272125
,,,22,,,,,,,,,,,,,,,,,,,,,,,,,,,,,72929,0.16216549277305603
,,,22,,,,,,,,,,,,,,,,,,,,,,,,,,,,,72939,0.003173263743519783
,,,22,,,,,,,,,,,,,,,,,,,,,,,,,,,,,72949,0.026440627872943878
,,,22,,,,,,,,,,,,,,,,,,,,,,,,,,,,,72959,0.002122397068887949
,,,22,,,,,,,,,,,,,,,,,,,,,,,,,,,,,72969,0.0019774644169956446
,,,22,,,,,,,,,,,,,,,,,,,,,,,,,,,,,72979,0.0063705043867230415
,,,22,,,,,,,,,,,,,,,,,,,,,,,,,,,,,72989,0.3451768159866333
,,,22,,,,,,,,,,,,,,,,,,,,,,,,,,,,,72999,0.020230280235409737
,,,22,,,,,,,,,,,,,,,,,,,,,,,,,,,,,73009,0.05052318423986435
,,,22,,,,,,,,,,,,,,,,,,,,,,,,,,,,,73019,0.015045042149722576
,,,22,,,,,,,,,,,,,,,,,,,,,,,,,,,,,73029,0.4825935959815979
,,,22,,,,,,,,,,,,,,,,,,,,,,,,,,,,,73039,0.007345498539507389
,,,22,,,,,,,,,,,,,,,,,,,,,,,,,,,,,73049,0.0029982884880155325
,,,22,,,,,,,,,,,,,,,,,,,,,,,,,,,,,73059,0.0029985872097313404
,,,22,,,,,,,,,,,,,,,,,,,,,,,,,,,,,73069,0.1601809710264206
,,,22,,,,,,,,,,,,,,,,,,,,,,,,,,,,,73079,0.09324455261230469
,,,22,,,,,,,,,,,,,,,,,,,,,,,,,,,,,73089,0.049361154437065125
,,,22,,,,,,,,,,,,,,,,,,,,,,,,,,,,,73099,0.032026927918195724
,,,22,,,,,,,,,,,,,,,,,,,,,,,,,,,,,73109,0.008744566701352596
,,,22,,,,,,,,,,,,,,,,,,,,,,,,,,,,,73119,0.14440184831619263
,,,22,,,,,,,,,,,,,,,,,,,,,,,,,,,,,73129,0.004214833956211805
,,,22,,,,,,,,,,,,,,,,,,,,,,,,,,,,,73139,0.16924215853214264
,,,22,,,,,,,,,,,,,,,,,,,,,,,,,,,,,73149,0.025528475642204285
,,,22,,,,,,,,,,,,,,,,,,,,,,,,,,,,,73159,0.003741821739822626
,,,22,,,,,,,,,,,,,,,,,,,,,,,,,,,,,73169,0.7296497225761414
,,,22,,,,,,,,,,,,,,,,,,,,,,,,,,,,,73179,0.006064821965992451
,,,22,,,,,,,,,,,,,,,,,,,,,,,,,,,,,73189,0.013156826607882977
,,,22,,,,,,,,,,,,,,,,,,,,,,,,,,,,,73199,0.005018986761569977
,,,22,,,,,,,,,,,,,,,,,,,,,,,,,,,,,73209,0.24854755401611328
,,,22,,,,,,,,,,,,,,,,,,,,,,,,,,,,,73219,0.022958848625421524
,,,22,,,,,,,,,,,,,,,,,,,,,,,,,,,,,73229,0.0032602993305772543
,,,22,,,,,,,,,,,,,,,,,,,,,,,,,,,,,73239,0.09129125624895096
,,,22,,,,,,,,,,,,,,,,,,,,,,,,,,,,,73249,0.0036465306766331196
,,,22,,,,,,,,,,,,,,,,,,,,,,,,,,,,,73259,0.5533086657524109
,,,22,,,,,,,,,,,,,,,,,,,,,,,,,,,,,73269,0.0025778026320040226
,,,22,,,,,,,,,,,,,,,,,,,,,,,,,,,,,73279,0.007414193358272314
,,,22,,,,,,,,,,,,,,,,,,,,,,,,,,,,,73289,0.011882676742970943
,,,22,,,,,,,,,,,,,,,,,,,,,,,,,,,,,73299,1.31307852268219
,,,22,,,,,,,,,,,,,,,,,,,,,,,,,,,,,73309,0.15601883828639984
,,,22,,,,,,,,,,,,,,,,,,,,,,,,,,,,,73319,0.11865594983100891
,,,22,,,,,,,,,,,,,,,,,,,,,,,,,,,,,73329,0.003086238168179989
,,,22,,,,,,,,,,,,,,,,,,,,,,,,,,,,,73339,0.26163163781166077
,,,22,,,,,,,,,,,,,,,,,,,,,,,,,,,,,73349,0.002115564653649926
,,,22,,,,,,,,,,,,,,,,,,,,,,,,,,,,,73359,0.011517738923430443
,,,22,,,,,,,,,,,,,,,,,,,,,,,,,,,,,73369,0.17809896171092987
,,,22,,,,,,,,,,,,,,,,,,,,,,,,,,,,,73379,0.04098297283053398
,,,22,,,,,,,,,,,,,,,,,,,,,,,,,,,,,73389,0.005045753903687
,,,22,,,,,,,,,,,,,,,,,,,,,,,,,,,,,73399,0.02539748325943947
,,,22,,,,,,,,,,,,,,,,,,,,,,,,,,,,,73409,0.0028339140117168427
,,,22,,,,,,,,,,,,,,,,,,,,,,,,,,,,,73419,0.0026208104100078344
,,,22,,,,,,,,,,,,,,,,,,,,,,,,,,,,,73429,1.0543612241744995
,,,22,,,,,,,,,,,,,,,,,,,,,,,,,,,,,73439,0.22851815819740295
,,,22,,,,,,,,,,,,,,,,,,,,,,,,,,,,,73449,0.6993814706802368
,,,22,,,,,,,,,,,,,,,,,,,,,,,,,,,,,73459,0.0242669228464365
,,,22,,,,,,,,,,,,,,,,,,,,,,,,,,,,,73469,0.018607938662171364
,,,22,,,,,,,,,,,,,,,,,,,,,,,,,,,,,73479,0.6286652684211731
,,,22,,,,,,,,,,,,,,,,,,,,,,,,,,,,,73489,0.003203563392162323
,,,22,,,,,,,,,,,,,,,,,,,,,,,,,,,,,73499,0.10330893099308014
,,,22,,,,,,,,,,,,,,,,,,,,,,,,,,,,,73509,0.05113747715950012
,,,22,,,,,,,,,,,,,,,,,,,,,,,,,,,,,73519,0.18637503683567047
,,,22,,,,,,,,,,,,,,,,,,,,,,,,,,,,,73529,0.12673769891262054
,,,22,,,,,,,,,,,,,,,,,,,,,,,,,,,,,73539,0.003682897426187992
,,,22,,,,,,,,,,,,,,,,,,,,,,,,,,,,,73549,0.005330679472535849
,,,22,,,,,,,,,,,,,,,,,,,,,,,,,,,,,73559,0.0016790946247056127
,,,22,,,,,,,,,,,,,,,,,,,,,,,,,,,,,73569,0.16779980063438416
,,,22,,,,,,,,,,,,,,,,,,,,,,,,,,,,,73579,0.21045418083667755
,,,22,,,,,,,,,,,,,,,,,,,,,,,,,,,,,73589,0.02824067883193493
,,,22,,,,,,,,,,,,,,,,,,,,,,,,,,,,,73599,0.00725444545969367
,,,22,,,,,,,,,,,,,,,,,,,,,,,,,,,,,73609,0.002580825937911868
,,,22,,,,,,,,,,,,,,,,,,,,,,,,,,,,,73619,0.005218366160988808
,,,22,,,,,,,,,,,,,,,,,,,,,,,,,,,,,73629,0.2296425998210907
,,,22,,,,,,,,,,,,,,,,,,,,,,,,,,,,,73639,0.008830448612570763
,,,22,,,,,,,,,,,,,,,,,,,,,,,,,,,,,73649,0.004258118569850922
,,,22,,,,,,,,,,,,,,,,,,,,,,,,,,,,,73659,0.002320229774340987
,,,22,,,,,,,,,,,,,,,,,,,,,,,,,,,,,73669,0.014302588999271393
,,,22,,,,,,,,,,,,,,,,,,,,,,,,,,,,,73679,0.030669717118144035
,,,22,,,,,,,,,,,,,,,,,,,,,,,,,,,,,73689,0.49166616797447205
,,,22,,,,,,,,,,,,,,,,,,,,,,,,,,,,,73699,0.0031623297836631536
,,,22,,,,,,,,,,,,,,,,,,,,,,,,,,,,,73709,0.0017200607107952237
,,,22,,,,,,,,,,,,,,,,,,,,,,,,,,,,,73719,0.005716726183891296
,,,22,,,,,,,,,,,,,,,,,,,,,,,,,,,,,73729,0.005569394212216139
,,,22,,,,,,,,,,,,,,,,,,,,,,,,,,,,,73739,0.31968602538108826
,,,22,,,,,,,,,,,,,,,,,,,,,,,,,,,,,73749,0.607772946357727
,,,22,,,,,,,,,,,,,,,,,,,,,,,,,,,,,73759,0.00677556311711669
,,,22,,,,,,,,,,,,,,,,,,,,,,,,,,,,,73769,0.07388811558485031
,,,22,,,,,,,,,,,,,,,,,,,,,,,,,,,,,73779,0.003176662838086486
,,,22,,,,,,,,,,,,,,,,,,,,,,,,,,,,,73789,0.12694784998893738
,,,22,,,,,,,,,,,,,,,,,,,,,,,,,,,,,73799,0.005639117211103439
,,,22,,,,,,,,,,,,,,,,,,,,,,,,,,,,,73809,0.003881723154336214
,,,22,,,,,,,,,,,,,,,,,,,,,,,,,,,,,73819,0.00264727626927197
,,,22,,,,,,,,,,,,,,,,,,,,,,,,,,,,,73829,0.006648119539022446
,,,22,,,,,,,,,,,,,,,,,,,,,,,,,,,,,73839,0.12735745310783386
,,,22,,,,,,,,,,,,,,,,,,,,,,,,,,,,,73849,0.04040504992008209
,,,22,,,,,,,,,,,,,,,,,,,,,,,,,,,,,73859,0.004060768056660891
,,,22,,,,,,,,,,,,,,,,,,,,,,,,,,,,,73869,0.0026229440700262785
,,,22,,,,,,,,,,,,,,,,,,,,,,,,,,,,,73879,0.16281884908676147
,,,22,,,,,,,,,,,,,,,,,,,,,,,,,,,,,73889,0.003494697855785489
,,,22,,,,,,,,,,,,,,,,,,,,,,,,,,,,,73899,0.003516796976327896
,,,22,,,,,,,,,,,,,,,,,,,,,,,,,,,,,73909,0.0035071861930191517
,,,22,,,,,,,,,,,,,,,,,,,,,,,,,,,,,73919,0.002408491214737296
,,,22,,,,,,,,,,,,,,,,,,,,,,,,,,,,,73929,0.0020033009350299835
,,,22,,,,,,,,,,,,,,,,,,,,,,,,,,,,,73939,0.7076091766357422
,,,22,,,,,,,,,,,,,,,,,,,,,,,,,,,,,73949,0.024885855615139008
,,,22,,,,,,,,,,,,,,,,,,,,,,,,,,,,,73959,0.0018121168250218034
,,,22,,,,,,,,,,,,,,,,,,,,,,,,,,,,,73969,0.0024550925008952618
,,,22,,,,,,,,,,,,,,,,,,,,,,,,,,,,,73979,0.30630066990852356
,,,22,,,,,,,,,,,,,,,,,,,,,,,,,,,,,73989,0.007236570585519075
,,,22,,,,,,,,,,,,,,,,,,,,,,,,,,,,,73999,0.0024496992118656635
,,,22,,,,,,,,,,,,,,,,,,,,,,,,,,,,,74009,0.008408283814787865
,,,22,,,,,,,,,,,,,,,,,,,,,,,,,,,,,74019,0.006738968193531036
,,,22,,,,,,,,,,,,,,,,,,,,,,,,,,,,,74029,0.14623117446899414
,,,22,,,,,,,,,,,,,,,,,,,,,,,,,,,,,74039,0.003712400794029236
,,,22,,,,,,,,,,,,,,,,,,,,,,,,,,,,,74049,0.0037260879762470722
,,,22,,,,,,,,,,,,,,,,,,,,,,,,,,,,,74059,0.20049715042114258
,,,22,,,,,,,,,,,,,,,,,,,,,,,,,,,,,74069,0.001919858157634735
,,,22,,,,,,,,,,,,,,,,,,,,,,,,,,,,,74079,0.017658602446317673
,,,22,,,,,,,,,,,,,,,,,,,,,,,,,,,,,74089,0.002575996331870556
,,,22,,,,,,,,,,,,,,,,,,,,,,,,,,,,,74099,0.3933635950088501
,,,22,,,,,,,,,,,,,,,,,,,,,,,,,,,,,74109,0.02738884836435318
,,,22,,,,,,,,,,,,,,,,,,,,,,,,,,,,,74119,0.0025439325254410505
,,,22,,,,,,,,,,,,,,,,,,,,,,,,,,,,,74129,0.005437358748167753
,,,22,,,,,,,,,,,,,,,,,,,,,,,,,,,,,74139,0.025880347937345505
,,,22,,,,,,,,,,,,,,,,,,,,,,,,,,,,,74149,0.002233927370980382
,,,22,,,,,,,,,,,,,,,,,,,,,,,,,,,,,74159,0.021871203556656837
,,,22,,,,,,,,,,,,,,,,,,,,,,,,,,,,,74169,0.0017548600444570184
,,,22,,,,,,,,,,,,,,,,,,,,,,,,,,,,,74179,0.0028432554099708796
,,,22,,,,,,,,,,,,,,,,,,,,,,,,,,,,,74189,0.00362605694681406
,,,22,,,,,,,,,,,,,,,,,,,,,,,,,,,,,74199,0.025208858773112297
,,,22,,,,,,,,,,,,,,,,,,,,,,,,,,,,,74209,0.0031337745022028685
,,,22,,,,,,,,,,,,,,,,,,,,,,,,,,,,,74219,0.0017351291608065367
,,,22,,,,,,,,,,,,,,,,,,,,,,,,,,,,,74229,0.01945662871003151
,,,22,,,,,,,,,,,,,,,,,,,,,,,,,,,,,74239,0.0035281397867947817
,,,22,,,,,,,,,,,,,,,,,,,,,,,,,,,,,74249,0.0023858463391661644
,,,22,,,,,,,,,,,,,,,,,,,,,,,,,,,,,74259,0.009387525729835033
,,,22,,,,,,,,,,,,,,,,,,,,,,,,,,,,,74269,0.0039059703703969717
,,,22,,,,,,,,,,,,,,,,,,,,,,,,,,,,,74279,0.0008275009458884597
,,,22,,,,,,,,,,,,,,,,,,,,,,,,,,,,,74289,0.12670907378196716
,,,22,,,,,,,,,,,,,,,,,,,,,,,,,,,,,74299,0.09276823699474335
,,,22,,,,,,,,,,,,,,,,,,,,,,,,,,,,,74309,0.2168230414390564
,,,22,,,,,,,,,,,,,,,,,,,,,,,,,,,,,74319,0.0026876870542764664
,,,22,,,,,,,,,,,,,,,,,,,,,,,,,,,,,74329,0.010312058962881565
,,,22,,,,,,,,,,,,,,,,,,,,,,,,,,,,,74339,0.002497935900464654
,,,22,,,,,,,,,,,,,,,,,,,,,,,,,,,,,74349,0.4031964838504791
,,,22,,,,,,,,,,,,,,,,,,,,,,,,,,,,,74359,0.4527854919433594
,,,22,,,,,,,,,,,,,,,,,,,,,,,,,,,,,74369,0.8584296107292175
,,,22,,,,,,,,,,,,,,,,,,,,,,,,,,,,,74379,0.002109540393576026
,,,22,,,,,,,,,,,,,,,,,,,,,,,,,,,,,74389,0.49537575244903564
,,,22,,,,,,,,,,,,,,,,,,,,,,,,,,,,,74399,0.008281162939965725
,,,22,,,,,,,,,,,,,,,,,,,,,,,,,,,,,74409,0.3334060311317444
,,,22,,,,,,,,,,,,,,,,,,,,,,,,,,,,,74419,0.0030707786791026592
,,,22,,,,,,,,,,,,,,,,,,,,,,,,,,,,,74429,0.006064462475478649
,,,22,,,,,,,,,,,,,,,,,,,,,,,,,,,,,74439,0.001803405350074172
,,,22,,,,,,,,,,,,,,,,,,,,,,,,,,,,,74449,0.019740207120776176
,,,22,,,,,,,,,,,,,,,,,,,,,,,,,,,,,74459,0.0060392338782548904
,,,22,,,,,,,,,,,,,,,,,,,,,,,,,,,,,74469,0.7981654405593872
,,,22,,,,,,,,,,,,,,,,,,,,,,,,,,,,,74479,0.004323476925492287
,,,22,,,,,,,,,,,,,,,,,,,,,,,,,,,,,74489,0.007551691960543394
,,,22,,,,,,,,,,,,,,,,,,,,,,,,,,,,,74499,0.11467690020799637
,,,22,,,,,,,,,,,,,,,,,,,,,,,,,,,,,74509,0.014622150920331478
,,,22,,,,,,,,,,,,,,,,,,,,,,,,,,,,,74519,0.002735354471951723
,,,22,,,,,,,,,,,,,,,,,,,,,,,,,,,,,74529,0.006540686823427677
,,,22,,,,,,,,,,,,,,,,,,,,,,,,,,,,,74539,0.02126498520374298
,,,22,,,,,,,,,,,,,,,,,,,,,,,,,,,,,74549,0.004817258100956678
,,,22,,,,,,,,,,,,,,,,,,,,,,,,,,,,,74559,0.0056770965456962585
,,,22,,,,,,,,,,,,,,,,,,,,,,,,,,,,,74569,0.008451028726994991
,,,22,,,,,,,,,,,,,,,,,,,,,,,,,,,,,74579,0.005817808676511049
,,,22,,,,,,,,,,,,,,,,,,,,,,,,,,,,,74589,0.0039344122633337975
,,,22,,,,,,,,,,,,,,,,,,,,,,,,,,,,,74599,0.003933330066502094
,,,22,,,,,,,,,,,,,,,,,,,,,,,,,,,,,74609,0.2737879157066345
,,,22,,,,,,,,,,,,,,,,,,,,,,,,,,,,,74619,0.006868075113743544
,,,22,,,,,,,,,,,,,,,,,,,,,,,,,,,,,74629,0.28946352005004883
,,,22,,,,,,,,,,,,,,,,,,,,,,,,,,,,,74639,0.03785264119505882
,,,22,,,,,,,,,,,,,,,,,,,,,,,,,,,,,74649,0.10433342307806015
,,,22,,,,,,,,,,,,,,,,,,,,,,,,,,,,,74659,0.06762947142124176
,,,22,,,,,,,,,,,,,,,,,,,,,,,,,,,,,74669,0.004970073234289885
,,,22,,,,,,,,,,,,,,,,,,,,,,,,,,,,,74679,0.002802793402224779
,,,22,,,,,,,,,,,,,,,,,,,,,,,,,,,,,74689,0.0020991023629903793
,,,22,,,,,,,,,,,,,,,,,,,,,,,,,,,,,74699,0.08370967209339142
,,,22,,,,,,,,,,,,,,,,,,,,,,,,,,,,,74709,0.007491372991353273
,,,22,,,,,,,,,,,,,,,,,,,,,,,,,,,,,74719,0.001994040561839938
,,,22,,,,,,,,,,,,,,,,,,,,,,,,,,,,,74729,0.003618767950683832
,,,22,,,,,,,,,,,,,,,,,,,,,,,,,,,,,74739,0.07161146402359009
,,,22,,,,,,,,,,,,,,,,,,,,,,,,,,,,,74749,0.0023778302129358053
,,,22,,,,,,,,,,,,,,,,,,,,,,,,,,,,,74759,0.0018007485195994377
,,,22,,,,,,,,,,,,,,,,,,,,,,,,,,,,,74769,0.0019232926424592733
,,,22,,,,,,,,,,,,,,,,,,,,,,,,,,,,,74779,0.0032855381723493338
,,,22,,,,,,,,,,,,,,,,,,,,,,,,,,,,,74789,0.008390016853809357
,,,22,,,,,,,,,,,,,,,,,,,,,,,,,,,,,74799,0.008128577843308449
,,,22,,,,,,,,,,,,,,,,,,,,,,,,,,,,,74809,0.13139520585536957
,,,22,,,,,,,,,,,,,,,,,,,,,,,,,,,,,74819,0.005946792662143707
,,,22,,,,,,,,,,,,,,,,,,,,,,,,,,,,,74829,0.0012257704511284828
,,,22,,,,,,,,,,,,,,,,,,,,,,,,,,,,,74839,0.004640916362404823
,,,22,,,,,,,,,,,,,,,,,,,,,,,,,,,,,74849,0.00654695276170969
,,,22,,,,,,,,,,,,,,,,,,,,,,,,,,,,,74859,0.10612635314464569
,,,22,,,,,,,,,,,,,,,,,,,,,,,,,,,,,74869,0.0009237847989425063
,,,22,,,,,,,,,,,,,,,,,,,,,,,,,,,,,74879,0.21560701727867126
,,,22,,,,,,,,,,,,,,,,,,,,,,,,,,,,,74889,0.014020834118127823
,,,22,,,,,,,,,,,,,,,,,,,,,,,,,,,,,74899,0.012559118680655956
,,,22,,,,,,,,,,,,,,,,,,,,,,,,,,,,,74909,1.234131932258606
,,,22,,,,,,,,,,,,,,,,,,,,,,,,,,,,,74919,0.006341875530779362
,,,22,,,,,,,,,,,,,,,,,,,,,,,,,,,,,74929,0.34039151668548584
,,,22,,,,,,,,,,,,,,,,,,,,,,,,,,,,,74939,0.008555937558412552
,,,22,,,,,,,,,,,,,,,,,,,,,,,,,,,,,74949,0.006289648357778788
,,,22,,,,,,,,,,,,,,,,,,,,,,,,,,,,,74959,0.02406403422355652
,,,22,,,,,,,,,,,,,,,,,,,,,,,,,,,,,74969,0.0019555874168872833
,,,22,,,,,,,,,,,,,,,,,,,,,,,,,,,,,74979,0.0012453986564651132
,,,22,,,,,,,,,,,,,,,,,,,,,,,,,,,,,74989,0.0013019744073972106
,,,22,,,,,,,,,,,,,,,,,,,,,,,,,,,,,74999,0.008041319437325
,,,22,,,,,,,,,,,,,,,,,,,,,,,,,,,,,75009,0.0020736430305987597
,,,22,,,,,,,,,,,,,,,,,,,,,,,,,,,,,75019,0.0020026802085340023
,,,22,,,,,,,,,,,,,,,,,,,,,,,,,,,,,75029,0.0020931363105773926
,,,22,,,,,,,,,,,,,,,,,,,,,,,,,,,,,75039,0.0035731904208660126
,,,22,,,,,,,,,,,,,,,,,,,,,,,,,,,,,75049,0.6915665864944458
,,,22,,,,,,,,,,,,,,,,,,,,,,,,,,,,,75059,0.0653567984700203
,,,22,,,,,,,,,,,,,,,,,,,,,,,,,,,,,75069,0.005046163685619831
,,,22,,,,,,,,,,,,,,,,,,,,,,,,,,,,,75079,0.0033350337762385607
,,,22,,,,,,,,,,,,,,,,,,,,,,,,,,,,,75089,0.16414499282836914
,,,22,,,,,,,,,,,,,,,,,,,,,,,,,,,,,75099,0.004364135675132275
,,,22,,,,,,,,,,,,,,,,,,,,,,,,,,,,,75109,0.003338945098221302
,,,22,,,,,,,,,,,,,,,,,,,,,,,,,,,,,75119,0.00184786191675812
,,,22,,,,,,,,,,,,,,,,,,,,,,,,,,,,,75129,0.00966078694909811
,,,22,,,,,,,,,,,,,,,,,,,,,,,,,,,,,75139,0.02147473767399788
,,,22,,,,,,,,,,,,,,,,,,,,,,,,,,,,,75149,0.0025081909261643887
,,,22,,,,,,,,,,,,,,,,,,,,,,,,,,,,,75159,0.027911709621548653
,,,22,,,,,,,,,,,,,,,,,,,,,,,,,,,,,75169,0.00498346658423543
,,,22,,,,,,,,,,,,,,,,,,,,,,,,,,,,,75179,0.015135923400521278
,,,22,,,,,,,,,,,,,,,,,,,,,,,,,,,,,75189,0.01167251355946064
,,,22,,,,,,,,,,,,,,,,,,,,,,,,,,,,,75199,0.010843784548342228
,,,22,,,,,,,,,,,,,,,,,,,,,,,,,,,,,75209,0.02036738023161888
,,,22,,,,,,,,,,,,,,,,,,,,,,,,,,,,,75219,0.128757506608963
,,,22,,,,,,,,,,,,,,,,,,,,,,,,,,,,,75229,0.018091028556227684
,,,22,,,,,,,,,,,,,,,,,,,,,,,,,,,,,75239,0.015857713297009468
,,,22,,,,,,,,,,,,,,,,,,,,,,,,,,,,,75249,0.002670569345355034
,,,22,,,,,,,,,,,,,,,,,,,,,,,,,,,,,75259,0.006103457883000374
,,,22,,,,,,,,,,,,,,,,,,,,,,,,,,,,,75269,0.031908802688121796
,,,22,,,,,,,,,,,,,,,,,,,,,,,,,,,,,75279,0.0028784330934286118
,,,22,,,,,,,,,,,,,,,,,,,,,,,,,,,,,75289,0.0033523382153362036
,,,22,,,,,,,,,,,,,,,,,,,,,,,,,,,,,75299,0.0017135660164058208
,,,22,,,,,,,,,,,,,,,,,,,,,,,,,,,,,75309,0.2831774055957794
,,,22,,,,,,,,,,,,,,,,,,,,,,,,,,,,,75319,0.00784297939389944
,,,22,,,,,,,,,,,,,,,,,,,,,,,,,,,,,75329,0.0024191502016037703
,,,22,,,,,,,,,,,,,,,,,,,,,,,,,,,,,75339,0.016762275248765945
,,,22,,,,,,,,,,,,,,,,,,,,,,,,,,,,,75349,0.0020259018056094646
,,,22,,,,,,,,,,,,,,,,,,,,,,,,,,,,,75359,0.0030740827787667513
,,,22,,,,,,,,,,,,,,,,,,,,,,,,,,,,,75369,0.04021940007805824
,,,22,,,,,,,,,,,,,,,,,,,,,,,,,,,,,75379,0.004199556540697813
,,,22,,,,,,,,,,,,,,,,,,,,,,,,,,,,,75389,0.004926818422973156
,,,22,,,,,,,,,,,,,,,,,,,,,,,,,,,,,75399,0.12541796267032623
,,,22,,,,,,,,,,,,,,,,,,,,,,,,,,,,,75409,0.008642841130495071
,,,22,,,,,,,,,,,,,,,,,,,,,,,,,,,,,75419,0.0023367286194115877
,,,22,,,,,,,,,,,,,,,,,,,,,,,,,,,,,75429,0.004272349178791046
,,,22,,,,,,,,,,,,,,,,,,,,,,,,,,,,,75439,0.03849705681204796
,,,22,,,,,,,,,,,,,,,,,,,,,,,,,,,,,75449,0.05576440691947937
,,,22,,,,,,,,,,,,,,,,,,,,,,,,,,,,,75459,0.005605342797935009
,,,22,,,,,,,,,,,,,,,,,,,,,,,,,,,,,75469,0.011089779436588287
,,,22,,,,,,,,,,,,,,,,,,,,,,,,,,,,,75479,0.3398439884185791
,,,22,,,,,,,,,,,,,,,,,,,,,,,,,,,,,75489,0.0025008569937199354
,,,22,,,,,,,,,,,,,,,,,,,,,,,,,,,,,75499,0.002400750294327736
,,,22,,,,,,,,,,,,,,,,,,,,,,,,,,,,,75509,0.0073386188596487045
,,,22,,,,,,,,,,,,,,,,,,,,,,,,,,,,,75519,0.002415705705061555
,,,22,,,,,,,,,,,,,,,,,,,,,,,,,,,,,75529,0.001984540605917573
,,,22,,,,,,,,,,,,,,,,,,,,,,,,,,,,,75539,0.005208013113588095
,,,22,,,,,,,,,,,,,,,,,,,,,,,,,,,,,75549,0.5060027241706848
,,,22,,,,,,,,,,,,,,,,,,,,,,,,,,,,,75559,0.0017341108759865165
,,,22,,,,,,,,,,,,,,,,,,,,,,,,,,,,,75569,0.012683495879173279
,,,22,,,,,,,,,,,,,,,,,,,,,,,,,,,,,75579,0.5543332695960999
,,,22,,,,,,,,,,,,,,,,,,,,,,,,,,,,,75589,0.0029691236559301615
,,,22,,,,,,,,,,,,,,,,,,,,,,,,,,,,,75599,0.5630819201469421
,,,22,,,,,,,,,,,,,,,,,,,,,,,,,,,,,75609,0.02326030284166336
,,,22,,,,,,,,,,,,,,,,,,,,,,,,,,,,,75619,0.02805415913462639
,,,22,,,,,,,,,,,,,,,,,,,,,,,,,,,,,75629,0.6340301036834717
,,,22,,,,,,,,,,,,,,,,,,,,,,,,,,,,,75639,0.1863209456205368
,,,22,,,,,,,,,,,,,,,,,,,,,,,,,,,,,75649,0.004717765375971794
,,,22,,,,,,,,,,,,,,,,,,,,,,,,,,,,,75659,0.05195244029164314
,,,22,,,,,,,,,,,,,,,,,,,,,,,,,,,,,75669,0.028566764667630196
,,,22,,,,,,,,,,,,,,,,,,,,,,,,,,,,,75679,0.036901019513607025
,,,22,,,,,,,,,,,,,,,,,,,,,,,,,,,,,75689,0.007571826223284006
,,,22,,,,,,,,,,,,,,,,,,,,,,,,,,,,,75699,0.005148543510586023
,,,22,,,,,,,,,,,,,,,,,,,,,,,,,,,,,75709,0.07579419761896133
,,,22,,,,,,,,,,,,,,,,,,,,,,,,,,,,,75719,0.007324279751628637
,,,22,,,,,,,,,,,,,,,,,,,,,,,,,,,,,75729,0.08460723608732224
,,,22,,,,,,,,,,,,,,,,,,,,,,,,,,,,,75739,0.5644062757492065
,,,22,,,,,,,,,,,,,,,,,,,,,,,,,,,,,75749,0.00298519991338253
,,,22,,,,,,,,,,,,,,,,,,,,,,,,,,,,,75759,0.0672089010477066
,,,22,,,,,,,,,,,,,,,,,,,,,,,,,,,,,75769,0.0021181199699640274
,,,22,,,,,,,,,,,,,,,,,,,,,,,,,,,,,75779,0.002243930008262396
,,,22,,,,,,,,,,,,,,,,,,,,,,,,,,,,,75789,0.11660970747470856
,,,22,,,,,,,,,,,,,,,,,,,,,,,,,,,,,75799,0.017505589872598648
,,,22,,,,,,,,,,,,,,,,,,,,,,,,,,,,,75809,0.005688562523573637
,,,22,,,,,,,,,,,,,,,,,,,,,,,,,,,,,75819,0.0010688308393582702
,,,22,,,,,,,,,,,,,,,,,,,,,,,,,,,,,75829,0.0020116479136049747
,,,22,,,,,,,,,,,,,,,,,,,,,,,,,,,,,75839,0.002401435049250722
,,,22,,,,,,,,,,,,,,,,,,,,,,,,,,,,,75849,0.12293200939893723
,,,22,,,,,,,,,,,,,,,,,,,,,,,,,,,,,75859,0.004060549661517143
,,,22,,,,,,,,,,,,,,,,,,,,,,,,,,,,,75869,0.003044774988666177
,,,22,,,,,,,,,,,,,,,,,,,,,,,,,,,,,75879,0.006602922920137644
,,,22,,,,,,,,,,,,,,,,,,,,,,,,,,,,,75889,0.15951767563819885
,,,22,,,,,,,,,,,,,,,,,,,,,,,,,,,,,75899,0.00345308193936944
,,,22,,,,,,,,,,,,,,,,,,,,,,,,,,,,,75909,0.002874164143577218
,,,22,,,,,,,,,,,,,,,,,,,,,,,,,,,,,75919,0.003002563491463661
,,,22,,,,,,,,,,,,,,,,,,,,,,,,,,,,,75929,0.0007228776230476797
,,,22,,,,,,,,,,,,,,,,,,,,,,,,,,,,,75939,0.002517105545848608
,,,22,,,,,,,,,,,,,,,,,,,,,,,,,,,,,75949,0.012694424949586391
,,,22,,,,,,,,,,,,,,,,,,,,,,,,,,,,,75959,0.0052767726592719555
,,,22,,,,,,,,,,,,,,,,,,,,,,,,,,,,,75969,0.0037234004121273756
,,,22,,,,,,,,,,,,,,,,,,,,,,,,,,,,,75979,0.00319827813655138
,,,22,,,,,,,,,,,,,,,,,,,,,,,,,,,,,75989,0.03377672657370567
,,,22,,,,,,,,,,,,,,,,,,,,,,,,,,,,,75999,0.010937340557575226
,,,22,,,,,,,,,,,,,,,,,,,,,,,,,,,,,76009,0.004457616247236729
,,,22,,,,,,,,,,,,,,,,,,,,,,,,,,,,,76019,0.004324182868003845
,,,22,,,,,,,,,,,,,,,,,,,,,,,,,,,,,76029,0.6680931448936462
,,,22,,,,,,,,,,,,,,,,,,,,,,,,,,,,,76039,0.1606549769639969
,,,22,,,,,,,,,,,,,,,,,,,,,,,,,,,,,76049,0.1941021978855133
,,,22,,,,,,,,,,,,,,,,,,,,,,,,,,,,,76059,2.7121388912200928
,,,22,,,,,,,,,,,,,,,,,,,,,,,,,,,,,76069,0.06230428069829941
,,,22,,,,,,,,,,,,,,,,,,,,,,,,,,,,,76079,0.5986725687980652
,,,22,,,,,,,,,,,,,,,,,,,,,,,,,,,,,76089,0.004445645026862621
,,,22,,,,,,,,,,,,,,,,,,,,,,,,,,,,,76099,0.0032532820478081703
,,,22,,,,,,,,,,,,,,,,,,,,,,,,,,,,,76109,0.006242705043405294
,,,22,,,,,,,,,,,,,,,,,,,,,,,,,,,,,76119,0.01025778241455555
,,,22,,,,,,,,,,,,,,,,,,,,,,,,,,,,,76129,0.004407612141221762
,,,,3.722850263882052e-07,2.0855573762162682e-06,3.208549809563489e-06,3.208549809563489e-06,4.936230476251522e-06,4.936230476251522e-06,7.594200732694648e-06,7.594200732694648e-06,1.168338574260715e-05,1.168338574260715e-05,1.7974439604011e-05,3.722850263882052e-07,1.7974439604011e-05,2.7652984006170768e-05,2.7652984006170768e-05,4.2543052317185797e-05,4.2543052317185797e-05,6.545084971874738e-05,6.545084971874738e-05,6.545084971874738e-05,6.545084971874738e-05,5.727461944433926e-07,5.727461944433926e-07,8.811479914513733e-07,8.811479914513733e-07,1.3556122945405742e-06,1.3556122945405742e-06,2.0855573762162682e-06,76131,
,,,23,,,,,,,,,,,,,,,,,,,,,,,,,,,,,76139,0.005121717229485512
,,,23,,,,,,,,,,,,,,,,,,,,,,,,,,,,,76149,0.003365466371178627
,,,23,,,,,,,,,,,,,,,,,,,,,,,,,,,,,76159,0.0040223305113613605
,,,23,,,,,,,,,,,,,,,,,,,,,,,,,,,,,76169,0.010768619365990162
,,,23,,,,,,,,,,,,,,,,,,,,,,,,,,,,,76179,0.0369805172085762
,,,23,,,,,,,,,,,,,,,,,,,,,,,,,,,,,76189,0.7703282237052917
,,,23,,,,,,,,,,,,,,,,,,,,,,,,,,,,,76199,0.0015808235621079803
,,,23,,,,,,,,,,,,,,,,,,,,,,,,,,,,,76209,0.005631514359265566
,,,23,,,,,,,,,,,,,,,,,,,,,,,,,,,,,76219,0.004814330022782087
,,,23,,,,,,,,,,,,,,,,,,,,,,,,,,,,,76229,0.003557435004040599
,,,23,,,,,,,,,,,,,,,,,,,,,,,,,,,,,76239,0.007136831060051918
,,,23,,,,,,,,,,,,,,,,,,,,,,,,,,,,,76249,0.3187914788722992
,,,23,,,,,,,,,,,,,,,,,,,,,,,,,,,,,76259,0.5343164801597595
,,,23,,,,,,,,,,,,,,,,,,,,,,,,,,,,,76269,0.00918522197753191
,,,23,,,,,,,,,,,,,,,,,,,,,,,,,,,,,76279,0.0031613707542419434
,,,23,,,,,,,,,,,,,,,,,,,,,,,,,,,,,76289,0.006981006357818842
,,,23,,,,,,,,,,,,,,,,,,,,,,,,,,,,,76299,0.010511611588299274
,,,23,,,,,,,,,,,,,,,,,,,,,,,,,,,,,76309,0.16861727833747864
,,,23,,,,,,,,,,,,,,,,,,,,,,,,,,,,,76319,0.03190279379487038
,,,23,,,,,,,,,,,,,,,,,,,,,,,,,,,,,76329,0.002057309029623866
,,,23,,,,,,,,,,,,,,,,,,,,,,,,,,,,,76339,0.008309844881296158
,,,23,,,,,,,,,,,,,,,,,,,,,,,,,,,,,76349,0.003086165990680456
,,,23,,,,,,,,,,,,,,,,,,,,,,,,,,,,,76359,0.011291333474218845
,,,23,,,,,,,,,,,,,,,,,,,,,,,,,,,,,76369,0.017696671187877655
,,,23,,,,,,,,,,,,,,,,,,,,,,,,,,,,,76379,0.0030434196814894676
,,,23,,,,,,,,,,,,,,,,,,,,,,,,,,,,,76389,0.0020159762352705
,,,23,,,,,,,,,,,,,,,,,,,,,,,,,,,,,76399,0.07820068299770355
,,,23,,,,,,,,,,,,,,,,,,,,,,,,,,,,,76409,0.010408652015030384
,,,23,,,,,,,,,,,,,,,,,,,,,,,,,,,,,76419,0.031623657792806625
,,,23,,,,,,,,,,,,,,,,,,,,,,,,,,,,,76429,0.011379903182387352
,,,23,,,,,,,,,,,,,,,,,,,,,,,,,,,,,76439,0.0035446886904537678
,,,23,,,,,,,,,,,,,,,,,,,,,,,,,,,,,76449,0.031292855739593506
,,,23,,,,,,,,,,,,,,,,,,,,,,,,,,,,,76459,0.025430401787161827
,,,23,,,,,,,,,,,,,,,,,,,,,,,,,,,,,76469,0.001723725814372301
,,,23,,,,,,,,,,,,,,,,,,,,,,,,,,,,,76479,0.0027540300507098436
,,,23,,,,,,,,,,,,,,,,,,,,,,,,,,,,,76489,0.09405916184186935
,,,23,,,,,,,,,,,,,,,,,,,,,,,,,,,,,76499,0.0044889249838888645
,,,23,,,,,,,,,,,,,,,,,,,,,,,,,,,,,76509,0.006703648250550032
,,,23,,,,,,,,,,,,,,,,,,,,,,,,,,,,,76519,0.006325405556708574
,,,23,,,,,,,,,,,,,,,,,,,,,,,,,,,,,76529,0.0017451593885198236
,,,23,,,,,,,,,,,,,,,,,,,,,,,,,,,,,76539,0.002787330886349082
,,,23,,,,,,,,,,,,,,,,,,,,,,,,,,,,,76549,0.0024951596278697252
,,,23,,,,,,,,,,,,,,,,,,,,,,,,,,,,,76559,0.0014968517934903502
,,,23,,,,,,,,,,,,,,,,,,,,,,,,,,,,,76569,0.009555513970553875
,,,23,,,,,,,,,,,,,,,,,,,,,,,,,,,,,76579,0.013603690080344677
,,,23,,,,,,,,,,,,,,,,,,,,,,,,,,,,,76589,0.1009749174118042
,,,23,,,,,,,,,,,,,,,,,,,,,,,,,,,,,76599,0.1984582096338272
,,,23,,,,,,,,,,,,,,,,,,,,,,,,,,,,,76609,0.0015101786702871323
,,,23,,,,,,,,,,,,,,,,,,,,,,,,,,,,,76619,0.004634401295334101
,,,23,,,,,,,,,,,,,,,,,,,,,,,,,,,,,76629,0.03536481037735939
,,,23,,,,,,,,,,,,,,,,,,,,,,,,,,,,,76639,0.002141487319022417
,,,23,,,,,,,,,,,,,,,,,,,,,,,,,,,,,76649,0.0014766647946089506
,,,23,,,,,,,,,,,,,,,,,,,,,,,,,,,,,76659,0.2719414532184601
,,,23,,,,,,,,,,,,,,,,,,,,,,,,,,,,,76669,0.0025691944174468517
,,,23,,,,,,,,,,,,,,,,,,,,,,,,,,,,,76679,0.10702560842037201
,,,23,,,,,,,,,,,,,,,,,,,,,,,,,,,,,76689,0.02983437292277813
,,,23,,,,,,,,,,,,,,,,,,,,,,,,,,,,,76699,0.4757597744464874
,,,23,,,,,,,,,,,,,,,,,,,,,,,,,,,,,76709,0.0020458681974560022
,,,23,,,,,,,,,,,,,,,,,,,,,,,,,,,,,76719,0.0033909522462636232
,,,23,,,,,,,,,,,,,,,,,,,,,,,,,,,,,76729,0.0037720096297562122
,,,23,,,,,,,,,,,,,,,,,,,,,,,,,,,,,76739,0.28349369764328003
,,,23,,,,,,,,,,,,,,,,,,,,,,,,,,,,,76749,0.15209807455539703
,,,23,,,,,,,,,,,,,,,,,,,,,,,,,,,,,76759,0.04844149574637413
,,,23,,,,,,,,,,,,,,,,,,,,,,,,,,,,,76769,0.002741578733548522
,,,23,,,,,,,,,,,,,,,,,,,,,,,,,,,,,76779,0.0006750778993591666
,,,23,,,,,,,,,,,,,,,,,,,,,,,,,,,,,76789,0.006527529563754797
,,,23,,,,,,,,,,,,,,,,,,,,,,,,,,,,,76799,0.022516969591379166
,,,23,,,,,,,,,,,,,,,,,,,,,,,,,,,,,76809,0.011654860340058804
,,,23,,,,,,,,,,,,,,,,,,,,,,,,,,,,,76819,0.01936696469783783
,,,23,,,,,,,,,,,,,,,,,,,,,,,,,,,,,76829,0.011637776158750057
,,,23,,,,,,,,,,,,,,,,,,,,,,,,,,,,,76839,0.9550142288208008
,,,23,,,,,,,,,,,,,,,,,,,,,,,,,,,,,76849,0.011674446053802967
,,,23,,,,,,,,,,,,,,,,,,,,,,,,,,,,,76859,0.002113460563123226
,,,23,,,,,,,,,,,,,,,,,,,,,,,,,,,,,76869,0.0017381065990775824
,,,23,,,,,,,,,,,,,,,,,,,,,,,,,,,,,76879,0.08039961010217667
,,,23,,,,,,,,,,,,,,,,,,,,,,,,,,,,,76889,0.003529270412400365
,,,23,,,,,,,,,,,,,,,,,,,,,,,,,,,,,76899,0.09868085384368896
,,,23,,,,,,,,,,,,,,,,,,,,,,,,,,,,,76909,0.0027208731044083834
,,,23,,,,,,,,,,,,,,,,,,,,,,,,,,,,,76919,0.002289324998855591
,,,23,,,,,,,,,,,,,,,,,,,,,,,,,,,,,76929,0.002912526484578848
,,,23,,,,,,,,,,,,,,,,,,,,,,,,,,,,,76939,0.012294089421629906
,,,23,,,,,,,,,,,,,,,,,,,,,,,,,,,,,76949,0.003786829300224781
,,,23,,,,,,,,,,,,,,,,,,,,,,,,,,,,,76959,0.001275885384529829
,,,23,,,,,,,,,,,,,,,,,,,,,,,,,,,,,76969,0.0066958144307136536
,,,23,,,,,,,,,,,,,,,,,,,,,,,,,,,,,76979,0.011902117170393467
,,,23,,,,,,,,,,,,,,,,,,,,,,,,,,,,,76989,0.0039041475392878056
,,,23,,,,,,,,,,,,,,,,,,,,,,,,,,,,,76999,0.0027640659827739
,,,23,,,,,,,,,,,,,,,,,,,,,,,,,,,,,77009,0.006844173651188612
,,,23,,,,,,,,,,,,,,,,,,,,,,,,,,,,,77019,0.004532769322395325
,,,23,,,,,,,,,,,,,,,,,,,,,,,,,,,,,77029,0.31282705068588257
,,,23,,,,,,,,,,,,,,,,,,,,,,,,,,,,,77039,0.0082731693983078
,,,23,,,,,,,,,,,,,,,,,,,,,,,,,,,,,77049,0.01932147704064846
,,,23,,,,,,,,,,,,,,,,,,,,,,,,,,,,,77059,0.006831809878349304
,,,23,,,,,,,,,,,,,,,,,,,,,,,,,,,,,77069,0.003329399274662137
,,,23,,,,,,,,,,,,,,,,,,,,,,,,,,,,,77079,0.6950666308403015
,,,23,,,,,,,,,,,,,,,,,,,,,,,,,,,,,77089,0.0014308820245787501
,,,23,,,,,,,,,,,,,,,,,,,,,,,,,,,,,77099,0.0013429855462163687
,,,23,,,,,,,,,,,,,,,,,,,,,,,,,,,,,77109,0.02383139170706272
,,,23,,,,,,,,,,,,,,,,,,,,,,,,,,,,,77119,0.004921730142086744
,,,23,,,,,,,,,,,,,,,,,,,,,,,,,,,,,77129,0.006655402015894651
,,,23,,,,,,,,,,,,,,,,,,,,,,,,,,,,,77139,0.0011367995757609606
,,,23,,,,,,,,,,,,,,,,,,,,,,,,,,,,,77149,0.011378605850040913
,,,23,,,,,,,,,,,,,,,,,,,,,,,,,,,,,77159,0.004343968816101551
,,,23,,,,,,,,,,,,,,,,,,,,,,,,,,,,,77169,0.0029695918783545494
,,,23,,,,,,,,,,,,,,,,,,,,,,,,,,,,,77179,0.004953490570187569
,,,23,,,,,,,,,,,,,,,,,,,,,,,,,,,,,77189,0.3999496400356293
,,,23,,,,,,,,,,,,,,,,,,,,,,,,,,,,,77199,0.3194584250450134
,,,23,,,,,,,,,,,,,,,,,,,,,,,,,,,,,77209,0.009403618983924389
,,,23,,,,,,,,,,,,,,,,,,,,,,,,,,,,,77219,0.23663225769996643
,,,23,,,,,,,,,,,,,,,,,,,,,,,,,,,,,77229,0.008047017268836498
,,,23,,,,,,,,,,,,,,,,,,,,,,,,,,,,,77239,0.0011740369955077767
,,,23,,,,,,,,,,,,,,,,,,,,,,,,,,,,,77249,0.10146533697843552
,,,23,,,,,,,,,,,,,,,,,,,,,,,,,,,,,77259,0.005101761780679226
,,,23,,,,,,,,,,,,,,,,,,,,,,,,,,,,,77269,0.05012761801481247
,,,23,,,,,,,,,,,,,,,,,,,,,,,,,,,,,77279,0.18101245164871216
,,,23,,,,,,,,,,,,,,,,,,,,,,,,,,,,,77289,0.01623300090432167
,,,23,,,,,,,,,,,,,,,,,,,,,,,,,,,,,77299,0.0015721971867606044
,,,23,,,,,,,,,,,,,,,,,,,,,,,,,,,,,77309,0.0025384670589119196
,,,23,,,,,,,,,,,,,,,,,,,,,,,,,,,,,77319,0.0020229199435561895
,,,23,,,,,,,,,,,,,,,,,,,,,,,,,,,,,77329,0.5218315124511719
,,,23,,,,,,,,,,,,,,,,,,,,,,,,,,,,,77339,0.0030998990405350924
,,,23,,,,,,,,,,,,,,,,,,,,,,,,,,,,,77349,0.03687498718500137
,,,23,,,,,,,,,,,,,,,,,,,,,,,,,,,,,77359,0.011913323774933815
,,,23,,,,,,,,,,,,,,,,,,,,,,,,,,,,,77369,0.03500378504395485
,,,23,,,,,,,,,,,,,,,,,,,,,,,,,,,,,77379,0.0034220863599330187
,,,23,,,,,,,,,,,,,,,,,,,,,,,,,,,,,77389,0.041612230241298676
,,,23,,,,,,,,,,,,,,,,,,,,,,,,,,,,,77399,0.00452798418700695
,,,23,,,,,,,,,,,,,,,,,,,,,,,,,,,,,77409,0.006151015870273113
,,,23,,,,,,,,,,,,,,,,,,,,,,,,,,,,,77419,0.004361097235232592
,,,23,,,,,,,,,,,,,,,,,,,,,,,,,,,,,77429,0.003834627103060484
,,,23,,,,,,,,,,,,,,,,,,,,,,,,,,,,,77439,0.3292652666568756
,,,23,,,,,,,,,,,,,,,,,,,,,,,,,,,,,77449,0.0025911652483046055
,,,23,,,,,,,,,,,,,,,,,,,,,,,,,,,,,77459,0.015729811042547226
,,,23,,,,,,,,,,,,,,,,,,,,,,,,,,,,,77469,0.014887150377035141
,,,23,,,,,,,,,,,,,,,,,,,,,,,,,,,,,77479,0.0024600133765488863
,,,23,,,,,,,,,,,,,,,,,,,,,,,,,,,,,77489,0.0011691645486280322
,,,23,,,,,,,,,,,,,,,,,,,,,,,,,,,,,77499,0.001948374672792852
,,,23,,,,,,,,,,,,,,,,,,,,,,,,,,,,,77509,0.15734969079494476
,,,23,,,,,,,,,,,,,,,,,,,,,,,,,,,,,77519,0.05076700821518898
,,,23,,,,,,,,,,,,,,,,,,,,,,,,,,,,,77529,0.028295379132032394
,,,23,,,,,,,,,,,,,,,,,,,,,,,,,,,,,77539,0.4258153736591339
,,,23,,,,,,,,,,,,,,,,,,,,,,,,,,,,,77549,0.004131467081606388
,,,23,,,,,,,,,,,,,,,,,,,,,,,,,,,,,77559,0.19845008850097656
,,,23,,,,,,,,,,,,,,,,,,,,,,,,,,,,,77569,0.023741135373711586
,,,23,,,,,,,,,,,,,,,,,,,,,,,,,,,,,77579,0.008705450221896172
,,,23,,,,,,,,,,,,,,,,,,,,,,,,,,,,,77589,0.4050259590148926
,,,23,,,,,,,,,,,,,,,,,,,,,,,,,,,,,77599,0.00998559221625328
,,,23,,,,,,,,,,,,,,,,,,,,,,,,,,,,,77609,0.007196206599473953
,,,23,,,,,,,,,,,,,,,,,,,,,,,,,,,,,77619,0.003147865179926157
,,,23,,,,,,,,,,,,,,,,,,,,,,,,,,,,,77629,0.004251633305102587
,,,23,,,,,,,,,,,,,,,,,,,,,,,,,,,,,77639,0.046362828463315964
,,,23,,,,,,,,,,,,,,,,,,,,,,,,,,,,,77649,1.9674077033996582
,,,23,,,,,,,,,,,,,,,,,,,,,,,,,,,,,77659,0.020848728716373444
,,,23,,,,,,,,,,,,,,,,,,,,,,,,,,,,,77669,0.0021977489814162254
,,,23,,,,,,,,,,,,,,,,,,,,,,,,,,,,,77679,0.002881241962313652
,,,23,,,,,,,,,,,,,,,,,,,,,,,,,,,,,77689,0.002635322278365493
,,,23,,,,,,,,,,,,,,,,,,,,,,,,,,,,,77699,0.003222779370844364
,,,23,,,,,,,,,,,,,,,,,,,,,,,,,,,,,77709,0.22315700352191925
,,,23,,,,,,,,,,,,,,,,,,,,,,,,,,,,,77719,0.01543868612498045
,,,23,,,,,,,,,,,,,,,,,,,,,,,,,,,,,77729,0.05827808380126953
,,,23,,,,,,,,,,,,,,,,,,,,,,,,,,,,,77739,0.3370805084705353
,,,23,,,,,,,,,,,,,,,,,,,,,,,,,,,,,77749,0.0009097728179767728
,,,23,,,,,,,,,,,,,,,,,,,,,,,,,,,,,77759,0.0017963560530915856
,,,23,,,,,,,,,,,,,,,,,,,,,,,,,,,,,77769,0.42162811756134033
,,,23,,,,,,,,,,,,,,,,,,,,,,,,,,,,,77779,0.0061577060259878635
,,,23,,,,,,,,,,,,,,,,,,,,,,,,,,,,,77789,0.015569851733744144
,,,23,,,,,,,,,,,,,,,,,,,,,,,,,,,,,77799,0.4407080411911011
,,,23,,,,,,,,,,,,,,,,,,,,,,,,,,,,,77809,0.0045208195224404335
,,,23,,,,,,,,,,,,,,,,,,,,,,,,,,,,,77819,0.0023841513320803642
,,,23,,,,,,,,,,,,,,,,,,,,,,,,,,,,,77829,0.004868825897574425
,,,23,,,,,,,,,,,,,,,,,,,,,,,,,,,,,77839,0.317833811044693
,,,23,,,,,,,,,,,,,,,,,,,,,,,,,,,,,77849,0.0018075865227729082
,,,23,,,,,,,,,,,,,,,,,,,,,,,,,,,,,77859,0.21137027442455292
,,,23,,,,,,,,,,,,,,,,,,,,,,,,,,,,,77869,0.002070599002763629
,,,23,,,,,,,,,,,,,,,,,,,,,,,,,,,,,77879,0.0020527553278952837
,,,23,,,,,,,,,,,,,,,,,,,,,,,,,,,,,77889,0.0048376512713730335
,,,23,,,,,,,,,,,,,,,,,,,,,,,,,,,,,77899,0.37911587953567505
,,,23,,,,,,,,,,,,,,,,,,,,,,,,,,,,,77909,0.03243143483996391
,,,23,,,,,,,,,,,,,,,,,,,,,,,,,,,,,77919,0.018921468406915665
,,,23,,,,,,,,,,,,,,,,,,,,,,,,,,,,,77929,0.4147935211658478
,,,23,,,,,,,,,,,,,,,,,,,,,,,,,,,,,77939,0.0028103359509259462
,,,23,,,,,,,,,,,,,,,,,,,,,,,,,,,,,77949,0.006037599872797728
,,,23,,,,,,,,,,,,,,,,,,,,,,,,,,,,,77959,0.0028640502132475376
,,,23,,,,,,,,,,,,,,,,,,,,,,,,,,,,,77969,0.008378409780561924
,,,23,,,,,,,,,,,,,,,,,,,,,,,,,,,,,77979,0.006334777921438217
,,,23,,,,,,,,,,,,,,,,,,,,,,,,,,,,,77989,0.006322272587567568
,,,23,,,,,,,,,,,,,,,,,,,,,,,,,,,,,77999,0.0023247171193361282
,,,23,,,,,,,,,,,,,,,,,,,,,,,,,,,,,78009,0.0028106437530368567
,,,23,,,,,,,,,,,,,,,,,,,,,,,,,,,,,78019,0.0015688275452703238
,,,23,,,,,,,,,,,,,,,,,,,,,,,,,,,,,78029,0.003005425212904811
,,,23,,,,,,,,,,,,,,,,,,,,,,,,,,,,,78039,0.0033139847218990326
,,,23,,,,,,,,,,,,,,,,,,,,,,,,,,,,,78049,0.0028825083281844854
,,,23,,,,,,,,,,,,,,,,,,,,,,,,,,,,,78059,0.0036204829812049866
,,,23,,,,,,,,,,,,,,,,,,,,,,,,,,,,,78069,0.5782464742660522
,,,23,,,,,,,,,,,,,,,,,,,,,,,,,,,,,78079,0.0025127416010946035
,,,23,,,,,,,,,,,,,,,,,,,,,,,,,,,,,78089,0.004689923953264952
,,,23,,,,,,,,,,,,,,,,,,,,,,,,,,,,,78099,0.0031059863977134228
,,,23,,,,,,,,,,,,,,,,,,,,,,,,,,,,,78109,0.0032162365969270468
,,,23,,,,,,,,,,,,,,,,,,,,,,,,,,,,,78119,0.4935123324394226
,,,23,,,,,,,,,,,,,,,,,,,,,,,,,,,,,78129,0.04658275097608566
,,,23,,,,,,,,,,,,,,,,,,,,,,,,,,,,,78139,0.002691911533474922
,,,23,,,,,,,,,,,,,,,,,,,,,,,,,,,,,78149,0.007202814798802137
,,,23,,,,,,,,,,,,,,,,,,,,,,,,,,,,,78159,0.010178335942327976
,,,23,,,,,,,,,,,,,,,,,,,,,,,,,,,,,78169,0.014099083840847015
,,,23,,,,,,,,,,,,,,,,,,,,,,,,,,,,,78179,0.0016288399929180741
,,,23,,,,,,,,,,,,,,,,,,,,,,,,,,,,,78189,0.00207612756639719
,,,23,,,,,,,,,,,,,,,,,,,,,,,,,,,,,78199,0.28905659914016724
,,,23,,,,,,,,,,,,,,,,,,,,,,,,,,,,,78209,0.011746694333851337
,,,23,,,,,,,,,,,,,,,,,,,,,,,,,,,,,78219,0.005239645019173622
,,,23,,,,,,,,,,,,,,,,,,,,,,,,,,,,,78229,0.00339693296700716
,,,23,,,,,,,,,,,,,,,,,,,,,,,,,,,,,78239,0.00641863327473402
,,,23,,,,,,,,,,,,,,,,,,,,,,,,,,,,,78249,0.23186562955379486
,,,23,,,,,,,,,,,,,,,,,,,,,,,,,,,,,78259,0.002618461614474654
,,,23,,,,,,,,,,,,,,,,,,,,,,,,,,,,,78269,0.13339494168758392
,,,23,,,,,,,,,,,,,,,,,,,,,,,,,,,,,78279,0.003049782942980528
,,,23,,,,,,,,,,,,,,,,,,,,,,,,,,,,,78289,0.0015047448687255383
,,,23,,,,,,,,,,,,,,,,,,,,,,,,,,,,,78299,0.0053674341179430485
,,,23,,,,,,,,,,,,,,,,,,,,,,,,,,,,,78309,0.009925120510160923
,,,23,,,,,,,,,,,,,,,,,,,,,,,,,,,,,78319,0.33365896344184875
,,,23,,,,,,,,,,,,,,,,,,,,,,,,,,,,,78329,0.002844821894541383
,,,23,,,,,,,,,,,,,,,,,,,,,,,,,,,,,78339,0.013835853897035122
,,,23,,,,,,,,,,,,,,,,,,,,,,,,,,,,,78349,0.006331794895231724
,,,23,,,,,,,,,,,,,,,,,,,,,,,,,,,,,78359,0.7345662713050842
,,,23,,,,,,,,,,,,,,,,,,,,,,,,,,,,,78369,0.01694406196475029
,,,23,,,,,,,,,,,,,,,,,,,,,,,,,,,,,78379,0.005427147261798382
,,,23,,,,,,,,,,,,,,,,,,,,,,,,,,,,,78389,0.005492457188665867
,,,23,,,,,,,,,,,,,,,,,,,,,,,,,,,,,78399,0.0013835110003128648
,,,23,,,,,,,,,,,,,,,,,,,,,,,,,,,,,78409,0.0030625779181718826
,,,23,,,,,,,,,,,,,,,,,,,,,,,,,,,,,78419,0.015232637524604797
,,,23,,,,,,,,,,,,,,,,,,,,,,,,,,,,,78429,0.003208824899047613
,,,23,,,,,,,,,,,,,,,,,,,,,,,,,,,,,78439,0.05620137229561806
,,,23,,,,,,,,,,,,,,,,,,,,,,,,,,,,,78449,0.08874299377202988
,,,23,,,,,,,,,,,,,,,,,,,,,,,,,,,,,78459,0.1925988495349884
,,,23,,,,,,,,,,,,,,,,,,,,,,,,,,,,,78469,0.0018765595741569996
,,,23,,,,,,,,,,,,,,,,,,,,,,,,,,,,,78479,0.005947873927652836
,,,23,,,,,,,,,,,,,,,,,,,,,,,,,,,,,78489,0.002660044701769948
,,,23,,,,,,,,,,,,,,,,,,,,,,,,,,,,,78499,0.011267418973147869
,,,23,,,,,,,,,,,,,,,,,,,,,,,,,,,,,78509,0.0033782359678298235
,,,23,,,,,,,,,,,,,,,,,,,,,,,,,,,,,78519,0.0018765017157420516
,,,23,,,,,,,,,,,,,,,,,,,,,,,,,,,,,78529,0.0019543753005564213
,,,23,,,,,,,,,,,,,,,,,,,,,,,,,,,,,78539,0.004274625331163406
,,,23,,,,,,,,,,,,,,,,,,,,,,,,,,,,,78549,0.16895727813243866
,,,23,,,,,,,,,,,,,,,,,,,,,,,,,,,,,78559,0.0013425531797111034
,,,23,,,,,,,,,,,,,,,,,,,,,,,,,,,,,78569,1.3369945287704468
,,,23,,,,,,,,,,,,,,,,,,,,,,,,,,,,,78579,0.17905907332897186
,,,23,,,,,,,,,,,,,,,,,,,,,,,,,,,,,78589,0.013479722663760185
,,,23,,,,,,,,,,,,,,,,,,,,,,,,,,,,,78599,0.007445714436471462
,,,23,,,,,,,,,,,,,,,,,,,,,,,,,,,,,78609,0.001928269979543984
,,,23,,,,,,,,,,,,,,,,,,,,,,,,,,,,,78619,0.0021034409292042255
,,,23,,,,,,,,,,,,,,,,,,,,,,,,,,,,,78629,0.003553450806066394
,,,23,,,,,,,,,,,,,,,,,,,,,,,,,,,,,78639,0.5165491700172424
,,,23,,,,,,,,,,,,,,,,,,,,,,,,,,,,,78649,0.002905946457758546
,,,23,,,,,,,,,,,,,,,,,,,,,,,,,,,,,78659,0.006111654918640852
,,,23,,,,,,,,,,,,,,,,,,,,,,,,,,,,,78669,0.004323604982346296
,,,23,,,,,,,,,,,,,,,,,,,,,,,,,,,,,78679,0.059453945606946945
,,,23,,,,,,,,,,,,,,,,,,,,,,,,,,,,,78689,0.006236162967979908
,,,23,,,,,,,,,,,,,,,,,,,,,,,,,,,,,78699,0.0030313862953335047
,,,23,,,,,,,,,,,,,,,,,,,,,,,,,,,,,78709,0.013780016452074051
,,,23,,,,,,,,,,,,,,,,,,,,,,,,,,,,,78719,0.002134803682565689
,,,23,,,,,,,,,,,,,,,,,,,,,,,,,,,,,78729,0.0012944812187924981
,,,23,,,,,,,,,,,,,,,,,,,,,,,,,,,,,78739,0.28504177927970886
,,,23,,,,,,,,,,,,,,,,,,,,,,,,,,,,,78749,0.002553570084273815
,,,23,,,,,,,,,,,,,,,,,,,,,,,,,,,,,78759,0.09649244695901871
,,,23,,,,,,,,,,,,,,,,,,,,,,,,,,,,,78769,0.7461438179016113
,,,23,,,,,,,,,,,,,,,,,,,,,,,,,,,,,78779,0.03600965440273285
,,,23,,,,,,,,,,,,,,,,,,,,,,,,,,,,,78789,0.05162305384874344
,,,23,,,,,,,,,,,,,,,,,,,,,,,,,,,,,78799,0.3650265336036682
,,,23,,,,,,,,,,,,,,,,,,,,,,,,,,,,,78809,0.019500315189361572
,,,23,,,,,,,,,,,,,,,,,,,,,,,,,,,,,78819,0.11146050691604614
,,,23,,,,,,,,,,,,,,,,,,,,,,,,,,,,,78829,0.08581606298685074
,,,23,,,,,,,,,,,,,,,,,,,,,,,,,,,,,78839,0.0024808405432850122
,,,23,,,,,,,,,,,,,,,,,,,,,,,,,,,,,78849,1.1300899982452393
,,,23,,,,,,,,,,,,,,,,,,,,,,,,,,,,,78859,0.009058661758899689
,,,23,,,,,,,,,,,,,,,,,,,,,,,,,,,,,78869,0.015158308669924736
,,,23,,,,,,,,,,,,,,,,,,,,,,,,,,,,,78879,0.002915274351835251
,,,23,,,,,,,,,,,,,,,,,,,,,,,,,,,,,78889,0.0037460222374647856
,,,23,,,,,,,,,,,,,,,,,,,,,,,,,,,,,78899,0.0023287099320441484
,,,23,,,,,,,,,,,,,,,,,,,,,,,,,,,,,78909,0.0073267677798867226
,,,23,,,,,,,,,,,,,,,,,,,,,,,,,,,,,78919,0.0019153774483129382
,,,23,,,,,,,,,,,,,,,,,,,,,,,,,,,,,78929,1.214634895324707
,,,23,,,,,,,,,,,,,,,,,,,,,,,,,,,,,78939,0.0013251756317913532
,,,23,,,,,,,,,,,,,,,,,,,,,,,,,,,,,78949,0.10558050125837326
,,,23,,,,,,,,,,,,,,,,,,,,,,,,,,,,,78959,0.002525279764086008
,,,23,,,,,,,,,,,,,,,,,,,,,,,,,,,,,78969,0.009670059196650982
,,,23,,,,,,,,,,,,,,,,,,,,,,,,,,,,,78979,0.0019398293225094676
,,,23,,,,,,,,,,,,,,,,,,,,,,,,,,,,,78989,0.001895625377073884
,,,23,,,,,,,,,,,,,,,,,,,,,,,,,,,,,78999,0.06035245954990387
,,,23,,,,,,,,,,,,,,,,,,,,,,,,,,,,,79009,0.001012135879136622
,,,23,,,,,,,,,,,,,,,,,,,,,,,,,,,,,79019,0.23097530007362366
,,,23,,,,,,,,,,,,,,,,,,,,,,,,,,,,,79029,0.2725393772125244
,,,23,,,,,,,,,,,,,,,,,,,,,,,,,,,,,79039,1.0725243091583252
,,,23,,,,,,,,,,,,,,,,,,,,,,,,,,,,,79049,0.9634432196617126
,,,23,,,,,,,,,,,,,,,,,,,,,,,,,,,,,79059,0.22819970548152924
,,,23,,,,,,,,,,,,,,,,,,,,,,,,,,,,,79069,0.015918675810098648
,,,23,,,,,,,,,,,,,,,,,,,,,,,,,,,,,79079,0.0030389355961233377
,,,23,,,,,,,,,,,,,,,,,,,,,,,,,,,,,79089,0.004470603074878454
,,,23,,,,,,,,,,,,,,,,,,,,,,,,,,,,,79099,1.797073483467102
,,,23,,,,,,,,,,,,,,,,,,,,,,,,,,,,,79109,0.007650246378034353
,,,23,,,,,,,,,,,,,,,,,,,,,,,,,,,,,79119,0.003708253614604473
,,,23,,,,,,,,,,,,,,,,,,,,,,,,,,,,,79129,0.004701634868979454
,,,23,,,,,,,,,,,,,,,,,,,,,,,,,,,,,79139,0.0055109309032559395
,,,23,,,,,,,,,,,,,,,,,,,,,,,,,,,,,79149,0.006223734933882952
,,,23,,,,,,,,,,,,,,,,,,,,,,,,,,,,,79159,0.24075113236904144
,,,23,,,,,,,,,,,,,,,,,,,,,,,,,,,,,79169,0.002577016828581691
,,,23,,,,,,,,,,,,,,,,,,,,,,,,,,,,,79179,0.010605060495436192
,,,23,,,,,,,,,,,,,,,,,,,,,,,,,,,,,79189,0.023540781810879707
,,,23,,,,,,,,,,,,,,,,,,,,,,,,,,,,,79199,0.010874735191464424
,,,23,,,,,,,,,,,,,,,,,,,,,,,,,,,,,79209,0.413663774728775
,,,23,,,,,,,,,,,,,,,,,,,,,,,,,,,,,79219,0.0021102633327245712
,,,23,,,,,,,,,,,,,,,,,,,,,,,,,,,,,79229,0.011736207641661167
,,,23,,,,,,,,,,,,,,,,,,,,,,,,,,,,,79239,0.20187518000602722
,,,23,,,,,,,,,,,,,,,,,,,,,,,,,,,,,79249,0.0020411876030266285
,,,23,,,,,,,,,,,,,,,,,,,,,,,,,,,,,79259,0.002954525873064995
,,,23,,,,,,,,,,,,,,,,,,,,,,,,,,,,,79269,0.07129019498825073
,,,23,,,,,,,,,,,,,,,,,,,,,,,,,,,,,79279,0.03851599618792534
,,,23,,,,,,,,,,,,,,,,,,,,,,,,,,,,,79289,0.1265890896320343
,,,23,,,,,,,,,,,,,,,,,,,,,,,,,,,,,79299,0.24670569598674774
,,,23,,,,,,,,,,,,,,,,,,,,,,,,,,,,,79309,0.022135043516755104
,,,23,,,,,,,,,,,,,,,,,,,,,,,,,,,,,79319,0.002260908018797636
,,,23,,,,,,,,,,,,,,,,,,,,,,,,,,,,,79329,0.36388808488845825
,,,23,,,,,,,,,,,,,,,,,,,,,,,,,,,,,79339,0.01122741773724556
,,,23,,,,,,,,,,,,,,,,,,,,,,,,,,,,,79349,0.011106494814157486
,,,23,,,,,,,,,,,,,,,,,,,,,,,,,,,,,79359,0.005021849647164345
,,,23,,,,,,,,,,,,,,,,,,,,,,,,,,,,,79369,0.0014769393019378185
,,,23,,,,,,,,,,,,,,,,,,,,,,,,,,,,,79379,0.003188428236171603
,,,23,,,,,,,,,,,,,,,,,,,,,,,,,,,,,79389,0.0032269153743982315
,,,23,,,,,,,,,,,,,,,,,,,,,,,,,,,,,79399,0.0031620815861970186
,,,23,,,,,,,,,,,,,,,,,,,,,,,,,,,,,79409,0.036061521619558334
,,,23,,,,,,,,,,,,,,,,,,,,,,,,,,,,,79419,0.6394328474998474
,,,23,,,,,,,,,,,,,,,,,,,,,,,,,,,,,79429,0.533094048500061
,,,23,,,,,,,,,,,,,,,,,,,,,,,,,,,,,79439,0.0027517853304743767
,,,,3.53203149892017e-07,1.978659850240633e-06,3.0440920772932807e-06,3.0440920772932807e-06,4.683218580451201e-06,4.683218580451201e-06,7.204951662232617e-06,7.204951662232617e-06,1.108454101881941e-05,1.108454101881941e-05,1.705314002895294e-05,3.53203149892017e-07,1.705314002895294e-05,2.623560004454298e-05,2.623560004454298e-05,4.03624616069892e-05,4.03624616069892e-05,6.209609477998338e-05,6.209609477998338e-05,6.209609477998338e-05,6.209609477998338e-05,5.433894613723337e-07,5.433894613723337e-07,8.359837867266674e-07,8.359837867266674e-07,1.2861289026564112e-06,1.2861289026564112e-06,1.978659850240633e-06,79441,
,,,24,,,,,,,,,,,,,,,,,,,,,,,,,,,,,79449,0.07781007140874863
,,,24,,,,,,,,,,,,,,,,,,,,,,,,,,,,,79459,0.01114390417933464
,,,24,,,,,,,,,,,,,,,,,,,,,,,,,,,,,79469,0.18617422878742218
,,,24,,,,,,,,,,,,,,,,,,,,,,,,,,,,,79479,0.003682177746668458
,,,24,,,,,,,,,,,,,,,,,,,,,,,,,,,,,79489,0.022394875064492226
,,,24,,,,,,,,,,,,,,,,,,,,,,,,,,,,,79499,0.024556424468755722
,,,24,,,,,,,,,,,,,,,,,,,,,,,,,,,,,79509,0.0027203932404518127
,,,24,,,,,,,,,,,,,,,,,,,,,,,,,,,,,79519,0.0026973688509315252
,,,24,,,,,,,,,,,,,,,,,,,,,,,,,,,,,79529,0.007943457923829556
,,,24,,,,,,,,,,,,,,,,,,,,,,,,,,,,,79539,0.06330608576536179
,,,24,,,,,,,,,,,,,,,,,,,,,,,,,,,,,79549,0.002880501328036189
,,,24,,,,,,,,,,,,,,,,,,,,,,,,,,,,,79559,0.004379063844680786
,,,24,,,,,,,,,,,,,,,,,,,,,,,,,,,,,79569,0.002424236387014389
,,,24,,,,,,,,,,,,,,,,,,,,,,,,,,,,,79579,0.0030438010580837727
,,,24,,,,,,,,,,,,,,,,,,,,,,,,,,,,,79589,0.004136708565056324
,,,24,,,,,,,,,,,,,,,,,,,,,,,,,,,,,79599,0.0032653429079800844
,,,24,,,,,,,,,,,,,,,,,,,,,,,,,,,,,79609,0.007482369430363178
,,,24,,,,,,,,,,,,,,,,,,,,,,,,,,,,,79619,0.01583651639521122
,,,24,,,,,,,,,,,,,,,,,,,,,,,,,,,,,79629,0.025855539366602898
,,,24,,,,,,,,,,,,,,,,,,,,,,,,,,,,,79639,0.270921915769577
,,,24,,,,,,,,,,,,,,,,,,,,,,,,,,,,,79649,0.001748224371112883
,,,24,,,,,,,,,,,,,,,,,,,,,,,,,,,,,79659,0.006340270861983299
,,,24,,,,,,,,,,,,,,,,,,,,,,,,,,,,,79669,1.0829819440841675
,,,24,,,,,,,,,,,,,,,,,,,,,,,,,,,,,79679,0.0734715536236763
,,,24,,,,,,,,,,,,,,,,,,,,,,,,,,,,,79689,0.26524925231933594
,,,24,,,,,,,,,,,,,,,,,,,,,,,,,,,,,79699,0.0061216396279633045
,,,24,,,,,,,,,,,,,,,,,,,,,,,,,,,,,79709,0.01654030568897724
,,,24,,,,,,,,,,,,,,,,,,,,,,,,,,,,,79719,0.0018065887270495296
,,,24,,,,,,,,,,,,,,,,,,,,,,,,,,,,,79729,0.004589662421494722
,,,24,,,,,,,,,,,,,,,,,,,,,,,,,,,,,79739,0.0032229756470769644
,,,24,,,,,,,,,,,,,,,,,,,,,,,,,,,,,79749,0.07019323855638504
,,,24,,,,,,,,,,,,,,,,,,,,,,,,,,,,,79759,0.27722689509391785
,,,24,,,,,,,,,,,,,,,,,,,,,,,,,,,,,79769,0.01594058983027935
,,,24,,,,,,,,,,,,,,,,,,,,,,,,,,,,,79779,0.0034428457729518414
,,,24,,,,,,,,,,,,,,,,,,,,,,,,,,,,,79789,0.18887338042259216
,,,24,,,,,,,,,,,,,,,,,,,,,,,,,,,,,79799,0.6293656229972839
,,,24,,,,,,,,,,,,,,,,,,,,,,,,,,,,,79809,0.0054627894423902035
,,,24,,,,,,,,,,,,,,,,,,,,,,,,,,,,,79819,0.0022594642359763384
,,,24,,,,,,,,,,,,,,,,,,,,,,,,,,,,,79829,0.0023396476171910763
,,,24,,,,,,,,,,,,,,,,,,,,,,,,,,,,,79839,0.0024645663797855377
,,,24,,,,,,,,,,,,,,,,,,,,,,,,,,,,,79849,0.02942020818591118
,,,24,,,,,,,,,,,,,,,,,,,,,,,,,,,,,79859,0.21883060038089752
,,,24,,,,,,,,,,,,,,,,,,,,,,,,,,,,,79869,0.010465721599757671
,,,24,,,,,,,,,,,,,,,,,,,,,,,,,,,,,79879,0.2215123027563095
,,,24,,,,,,,,,,,,,,,,,,,,,,,,,,,,,79889,0.001906719757243991
,,,24,,,,,,,,,,,,,,,,,,,,,,,,,,,,,79899,0.0032977762166410685
,,,24,,,,,,,,,,,,,,,,,,,,,,,,,,,,,79909,0.031118670478463173
,,,24,,,,,,,,,,,,,,,,,,,,,,,,,,,,,79919,0.0034887336660176516
,,,24,,,,,,,,,,,,,,,,,,,,,,,,,,,,,79929,0.0012000302085652947
,,,24,,,,,,,,,,,,,,,,,,,,,,,,,,,,,79939,0.0888662114739418
,,,24,,,,,,,,,,,,,,,,,,,,,,,,,,,,,79949,0.07454575598239899
,,,24,,,,,,,,,,,,,,,,,,,,,,,,,,,,,79959,0.18844686448574066
,,,24,,,,,,,,,,,,,,,,,,,,,,,,,,,,,79969,0.003473046002909541
,,,24,,,,,,,,,,,,,,,,,,,,,,,,,,,,,79979,0.009554598480463028
,,,24,,,,,,,,,,,,,,,,,,,,,,,,,,,,,79989,0.05605936050415039
,,,24,,,,,,,,,,,,,,,,,,,,,,,,,,,,,79999,0.04193590581417084
,,,24,,,,,,,,,,,,,,,,,,,,,,,,,,,,,80009,0.005791733972728252
,,,24,,,,,,,,,,,,,,,,,,,,,,,,,,,,,80019,0.0033085548784583807
,,,24,,,,,,,,,,,,,,,,,,,,,,,,,,,,,80029,0.009556363336741924
,,,24,,,,,,,,,,,,,,,,,,,,,,,,,,,,,80039,0.025248145684599876
,,,24,,,,,,,,,,,,,,,,,,,,,,,,,,,,,80049,0.14169690012931824
,,,24,,,,,,,,,,,,,,,,,,,,,,,,,,,,,80059,0.002763458527624607
,,,24,,,,,,,,,,,,,,,,,,,,,,,,,,,,,80069,0.0039004534482955933
,,,24,,,,,,,,,,,,,,,,,,,,,,,,,,,,,80079,0.0019067717948928475
,,,24,,,,,,,,,,,,,,,,,,,,,,,,,,,,,80089,0.006458761170506477
,,,24,,,,,,,,,,,,,,,,,,,,,,,,,,,,,80099,3.08358097076416
,,,24,,,,,,,,,,,,,,,,,,,,,,,,,,,,,80109,0.004506485536694527
,,,24,,,,,,,,,,,,,,,,,,,,,,,,,,,,,80119,0.007817598059773445
,,,24,,,,,,,,,,,,,,,,,,,,,,,,,,,,,80129,0.01913934387266636
,,,24,,,,,,,,,,,,,,,,,,,,,,,,,,,,,80139,0.07573223859071732
,,,24,,,,,,,,,,,,,,,,,,,,,,,,,,,,,80149,0.004031743388622999
,,,24,,,,,,,,,,,,,,,,,,,,,,,,,,,,,80159,0.0051392121240496635
,,,24,,,,,,,,,,,,,,,,,,,,,,,,,,,,,80169,0.0031826221384108067
,,,24,,,,,,,,,,,,,,,,,,,,,,,,,,,,,80179,0.08288763463497162
,,,24,,,,,,,,,,,,,,,,,,,,,,,,,,,,,80189,0.004544104915112257
,,,24,,,,,,,,,,,,,,,,,,,,,,,,,,,,,80199,0.0038703891914337873
,,,24,,,,,,,,,,,,,,,,,,,,,,,,,,,,,80209,0.001980824628844857
,,,24,,,,,,,,,,,,,,,,,,,,,,,,,,,,,80219,0.008948090486228466
,,,24,,,,,,,,,,,,,,,,,,,,,,,,,,,,,80229,0.0024685882963240147
,,,24,,,,,,,,,,,,,,,,,,,,,,,,,,,,,80239,1.0347816944122314
,,,24,,,,,,,,,,,,,,,,,,,,,,,,,,,,,80249,0.1797381192445755
,,,24,,,,,,,,,,,,,,,,,,,,,,,,,,,,,80259,0.01524359267205
,,,24,,,,,,,,,,,,,,,,,,,,,,,,,,,,,80269,0.004561604466289282
,,,24,,,,,,,,,,,,,,,,,,,,,,,,,,,,,80279,0.06603589653968811
,,,24,,,,,,,,,,,,,,,,,,,,,,,,,,,,,80289,0.007371384184807539
,,,24,,,,,,,,,,,,,,,,,,,,,,,,,,,,,80299,0.002363641979172826
,,,24,,,,,,,,,,,,,,,,,,,,,,,,,,,,,80309,0.0021580017637461424
,,,24,,,,,,,,,,,,,,,,,,,,,,,,,,,,,80319,0.4105879068374634
,,,24,,,,,,,,,,,,,,,,,,,,,,,,,,,,,80329,0.03366750478744507
,,,24,,,,,,,,,,,,,,,,,,,,,,,,,,,,,80339,0.022859780117869377
,,,24,,,,,,,,,,,,,,,,,,,,,,,,,,,,,80349,0.11957701295614243
,,,24,,,,,,,,,,,,,,,,,,,,,,,,,,,,,80359,0.006516126450151205
,,,24,,,,,,,,,,,,,,,,,,,,,,,,,,,,,80369,0.1086721122264862
,,,24,,,,,,,,,,,,,,,,,,,,,,,,,,,,,80379,0.002074202988296747
,,,24,,,,,,,,,,,,,,,,,,,,,,,,,,,,,80389,0.028913553804159164
,,,24,,,,,,,,,,,,,,,,,,,,,,,,,,,,,80399,0.010941190645098686
,,,24,,,,,,,,,,,,,,,,,,,,,,,,,,,,,80409,0.008947787806391716
,,,24,,,,,,,,,,,,,,,,,,,,,,,,,,,,,80419,0.08552442491054535
,,,24,,,,,,,,,,,,,,,,,,,,,,,,,,,,,80429,0.40634685754776
,,,24,,,,,,,,,,,,,,,,,,,,,,,,,,,,,80439,0.006008428521454334
,,,24,,,,,,,,,,,,,,,,,,,,,,,,,,,,,80449,0.0030463512521237135
,,,24,,,,,,,,,,,,,,,,,,,,,,,,,,,,,80459,0.008256670087575912
,,,24,,,,,,,,,,,,,,,,,,,,,,,,,,,,,80469,0.0015715518966317177
,,,24,,,,,,,,,,,,,,,,,,,,,,,,,,,,,80479,0.007291033864021301
,,,24,,,,,,,,,,,,,,,,,,,,,,,,,,,,,80489,0.0008811152656562626
,,,24,,,,,,,,,,,,,,,,,,,,,,,,,,,,,80499,1.1124322414398193
,,,24,,,,,,,,,,,,,,,,,,,,,,,,,,,,,80509,0.0024238971527665854
,,,24,,,,,,,,,,,,,,,,,,,,,,,,,,,,,80519,0.001989430282264948
,,,24,,,,,,,,,,,,,,,,,,,,,,,,,,,,,80529,0.004764096345752478
,,,24,,,,,,,,,,,,,,,,,,,,,,,,,,,,,80539,0.2372107207775116
,,,24,,,,,,,,,,,,,,,,,,,,,,,,,,,,,80549,0.00459897518157959
,,,24,,,,,,,,,,,,,,,,,,,,,,,,,,,,,80559,0.2929813265800476
,,,24,,,,,,,,,,,,,,,,,,,,,,,,,,,,,80569,0.013146118260920048
,,,24,,,,,,,,,,,,,,,,,,,,,,,,,,,,,80579,0.0033298165071755648
,,,24,,,,,,,,,,,,,,,,,,,,,,,,,,,,,80589,0.007415103260427713
,,,24,,,,,,,,,,,,,,,,,,,,,,,,,,,,,80599,0.02095000259578228
,,,24,,,,,,,,,,,,,,,,,,,,,,,,,,,,,80609,0.0033658684697002172
,,,24,,,,,,,,,,,,,,,,,,,,,,,,,,,,,80619,0.005769016686826944
,,,24,,,,,,,,,,,,,,,,,,,,,,,,,,,,,80629,0.0024248152039945126
,,,24,,,,,,,,,,,,,,,,,,,,,,,,,,,,,80639,0.0015706038102507591
,,,24,,,,,,,,,,,,,,,,,,,,,,,,,,,,,80649,0.005161502864211798
,,,24,,,,,,,,,,,,,,,,,,,,,,,,,,,,,80659,0.02159823663532734
,,,24,,,,,,,,,,,,,,,,,,,,,,,,,,,,,80669,0.0036457590758800507
,,,24,,,,,,,,,,,,,,,,,,,,,,,,,,,,,80679,0.28844887018203735
,,,24,,,,,,,,,,,,,,,,,,,,,,,,,,,,,80689,0.0017763618379831314
,,,24,,,,,,,,,,,,,,,,,,,,,,,,,,,,,80699,0.35137826204299927
,,,24,,,,,,,,,,,,,,,,,,,,,,,,,,,,,80709,0.002374173142015934
,,,24,,,,,,,,,,,,,,,,,,,,,,,,,,,,,80719,0.0021844226866960526
,,,24,,,,,,,,,,,,,,,,,,,,,,,,,,,,,80729,0.9295812249183655
,,,24,,,,,,,,,,,,,,,,,,,,,,,,,,,,,80739,0.001982562942430377
,,,24,,,,,,,,,,,,,,,,,,,,,,,,,,,,,80749,0.05924224108457565
,,,24,,,,,,,,,,,,,,,,,,,,,,,,,,,,,80759,0.0017496722284704447
,,,24,,,,,,,,,,,,,,,,,,,,,,,,,,,,,80769,0.08483533561229706
,,,24,,,,,,,,,,,,,,,,,,,,,,,,,,,,,80779,0.009683254174888134
,,,24,,,,,,,,,,,,,,,,,,,,,,,,,,,,,80789,0.003987615928053856
,,,24,,,,,,,,,,,,,,,,,,,,,,,,,,,,,80799,0.1514691263437271
,,,24,,,,,,,,,,,,,,,,,,,,,,,,,,,,,80809,0.0022064028307795525
,,,24,,,,,,,,,,,,,,,,,,,,,,,,,,,,,80819,0.01135461125522852
,,,24,,,,,,,,,,,,,,,,,,,,,,,,,,,,,80829,0.0030170907266438007
,,,24,,,,,,,,,,,,,,,,,,,,,,,,,,,,,80839,0.002584070898592472
,,,24,,,,,,,,,,,,,,,,,,,,,,,,,,,,,80849,0.003264547558501363
,,,24,,,,,,,,,,,,,,,,,,,,,,,,,,,,,80859,0.0005611756350845098
,,,24,,,,,,,,,,,,,,,,,,,,,,,,,,,,,80869,0.0018916093977168202
,,,24,,,,,,,,,,,,,,,,,,,,,,,,,,,,,80879,0.0020159385167062283
,,,24,,,,,,,,,,,,,,,,,,,,,,,,,,,,,80889,0.002333353739231825
,,,24,,,,,,,,,,,,,,,,,,,,,,,,,,,,,80899,0.0027030997443944216
,,,24,,,,,,,,,,,,,,,,,,,,,,,,,,,,,80909,0.0037132289726287127
,,,24,,,,,,,,,,,,,,,,,,,,,,,,,,,,,80919,0.0041648019105196
,,,24,,,,,,,,,,,,,,,,,,,,,,,,,,,,,80929,0.07804794609546661
,,,24,,,,,,,,,,,,,,,,,,,,,,,,,,,,,80939,0.22957515716552734
,,,24,,,,,,,,,,,,,,,,,,,,,,,,,,,,,80949,0.003098157001659274
,,,24,,,,,,,,,,,,,,,,,,,,,,,,,,,,,80959,0.008752782829105854
,,,24,,,,,,,,,,,,,,,,,,,,,,,,,,,,,80969,0.12584847211837769
,,,24,,,,,,,,,,,,,,,,,,,,,,,,,,,,,80979,0.04374394193291664
,,,24,,,,,,,,,,,,,,,,,,,,,,,,,,,,,80989,1.0482655763626099
,,,24,,,,,,,,,,,,,,,,,,,,,,,,,,,,,80999,0.0052869864739477634
,,,24,,,,,,,,,,,,,,,,,,,,,,,,,,,,,81009,0.1476915031671524
,,,24,,,,,,,,,,,,,,,,,,,,,,,,,,,,,81019,0.0014347287360578775
,,,24,,,,,,,,,,,,,,,,,,,,,,,,,,,,,81029,0.19931462407112122
,,,24,,,,,,,,,,,,,,,,,,,,,,,,,,,,,81039,0.0474647581577301
,,,24,,,,,,,,,,,,,,,,,,,,,,,,,,,,,81049,0.001222876482643187
,,,24,,,,,,,,,,,,,,,,,,,,,,,,,,,,,81059,0.05686794966459274
,,,24,,,,,,,,,,,,,,,,,,,,,,,,,,,,,81069,0.006812176667153835
,,,24,,,,,,,,,,,,,,,,,,,,,,,,,,,,,81079,0.0017786903772503138
,,,24,,,,,,,,,,,,,,,,,,,,,,,,,,,,,81089,0.00606378773227334
,,,24,,,,,,,,,,,,,,,,,,,,,,,,,,,,,81099,0.6049766540527344
,,,24,,,,,,,,,,,,,,,,,,,,,,,,,,,,,81109,0.001321484800428152
,,,24,,,,,,,,,,,,,,,,,,,,,,,,,,,,,81119,0.0069624437019228935
,,,24,,,,,,,,,,,,,,,,,,,,,,,,,,,,,81129,0.16310815513134003
,,,24,,,,,,,,,,,,,,,,,,,,,,,,,,,,,81139,0.012054357677698135
,,,24,,,,,,,,,,,,,,,,,,,,,,,,,,,,,81149,0.5653804540634155
,,,24,,,,,,,,,,,,,,,,,,,,,,,,,,,,,81159,0.0010870516998693347
,,,24,,,,,,,,,,,,,,,,,,,,,,,,,,,,,81169,0.0023434082977473736
,,,24,,,,,,,,,,,,,,,,,,,,,,,,,,,,,81179,0.08271486312150955
,,,24,,,,,,,,,,,,,,,,,,,,,,,,,,,,,81189,0.0036008500028401613
,,,24,,,,,,,,,,,,,,,,,,,,,,,,,,,,,81199,0.5541821122169495
,,,24,,,,,,,,,,,,,,,,,,,,,,,,,,,,,81209,0.12342468649148941
,,,24,,,,,,,,,,,,,,,,,,,,,,,,,,,,,81219,0.0032305908389389515
,,,24,,,,,,,,,,,,,,,,,,,,,,,,,,,,,81229,0.005133301019668579
,,,24,,,,,,,,,,,,,,,,,,,,,,,,,,,,,81239,0.2519972026348114
,,,24,,,,,,,,,,,,,,,,,,,,,,,,,,,,,81249,0.0022778615821152925
,,,24,,,,,,,,,,,,,,,,,,,,,,,,,,,,,81259,0.029811015352606773
,,,24,,,,,,,,,,,,,,,,,,,,,,,,,,,,,81269,0.06552203744649887
,,,24,,,,,,,,,,,,,,,,,,,,,,,,,,,,,81279,0.029076894745230675
,,,24,,,,,,,,,,,,,,,,,,,,,,,,,,,,,81289,1.4076446294784546
,,,24,,,,,,,,,,,,,,,,,,,,,,,,,,,,,81299,0.7106667757034302
,,,24,,,,,,,,,,,,,,,,,,,,,,,,,,,,,81309,0.0090878801420331
,,,24,,,,,,,,,,,,,,,,,,,,,,,,,,,,,81319,0.006786718964576721
,,,24,,,,,,,,,,,,,,,,,,,,,,,,,,,,,81329,0.005456411279737949
,,,24,,,,,,,,,,,,,,,,,,,,,,,,,,,,,81339,0.15340325236320496
,,,24,,,,,,,,,,,,,,,,,,,,,,,,,,,,,81349,0.009420646354556084
,,,24,,,,,,,,,,,,,,,,,,,,,,,,,,,,,81359,0.8891066908836365
,,,24,,,,,,,,,,,,,,,,,,,,,,,,,,,,,81369,0.0063036708161234856
,,,24,,,,,,,,,,,,,,,,,,,,,,,,,,,,,81379,0.00556894252076745
,,,24,,,,,,,,,,,,,,,,,,,,,,,,,,,,,81389,0.004758904222398996
,,,24,,,,,,,,,,,,,,,,,,,,,,,,,,,,,81399,0.004823098890483379
,,,24,,,,,,,,,,,,,,,,,,,,,,,,,,,,,81409,0.011254698969423771
,,,24,,,,,,,,,,,,,,,,,,,,,,,,,,,,,81419,0.005506056360900402
,,,24,,,,,,,,,,,,,,,,,,,,,,,,,,,,,81429,0.4970463514328003
,,,24,,,,,,,,,,,,,,,,,,,,,,,,,,,,,81439,0.003005428472533822
,,,24,,,,,,,,,,,,,,,,,,,,,,,,,,,,,81449,0.03548621013760567
,,,24,,,,,,,,,,,,,,,,,,,,,,,,,,,,,81459,0.0017743923235684633
,,,24,,,,,,,,,,,,,,,,,,,,,,,,,,,,,81469,0.30057424306869507
,,,24,,,,,,,,,,,,,,,,,,,,,,,,,,,,,81479,0.12175989151000977
,,,24,,,,,,,,,,,,,,,,,,,,,,,,,,,,,81489,0.01810176856815815
,,,24,,,,,,,,,,,,,,,,,,,,,,,,,,,,,81499,0.004971599206328392
,,,24,,,,,,,,,,,,,,,,,,,,,,,,,,,,,81509,0.0018224540399387479
,,,24,,,,,,,,,,,,,,,,,,,,,,,,,,,,,81519,0.006112066097557545
,,,24,,,,,,,,,,,,,,,,,,,,,,,,,,,,,81529,0.00324003747664392
,,,24,,,,,,,,,,,,,,,,,,,,,,,,,,,,,81539,0.147029310464859
,,,24,,,,,,,,,,,,,,,,,,,,,,,,,,,,,81549,0.043071333318948746
,,,24,,,,,,,,,,,,,,,,,,,,,,,,,,,,,81559,0.0065755415707826614
,,,24,,,,,,,,,,,,,,,,,,,,,,,,,,,,,81569,0.001213575480505824
,,,24,,,,,,,,,,,,,,,,,,,,,,,,,,,,,81579,0.003743858076632023
,,,24,,,,,,,,,,,,,,,,,,,,,,,,,,,,,81589,0.00131007912568748
,,,24,,,,,,,,,,,,,,,,,,,,,,,,,,,,,81599,0.513408362865448
,,,24,,,,,,,,,,,,,,,,,,,,,,,,,,,,,81609,0.010767903178930283
,,,24,,,,,,,,,,,,,,,,,,,,,,,,,,,,,81619,0.0029257419519126415
,,,24,,,,,,,,,,,,,,,,,,,,,,,,,,,,,81629,0.0027359044179320335
,,,24,,,,,,,,,,,,,,,,,,,,,,,,,,,,,81639,0.1588219702243805
,,,24,,,,,,,,,,,,,,,,,,,,,,,,,,,,,81649,0.03047850728034973
,,,24,,,,,,,,,,,,,,,,,,,,,,,,,,,,,81659,0.045727089047431946
,,,24,,,,,,,,,,,,,,,,,,,,,,,,,,,,,81669,0.0017459719674661756
,,,24,,,,,,,,,,,,,,,,,,,,,,,,,,,,,81679,0.2892267107963562
,,,24,,,,,,,,,,,,,,,,,,,,,,,,,,,,,81689,0.004324382171034813
,,,24,,,,,,,,,,,,,,,,,,,,,,,,,,,,,81699,0.022299356758594513
,,,24,,,,,,,,,,,,,,,,,,,,,,,,,,,,,81709,0.003984994720667601
,,,24,,,,,,,,,,,,,,,,,,,,,,,,,,,,,81719,0.7760792374610901
,,,24,,,,,,,,,,,,,,,,,,,,,,,,,,,,,81729,0.02871989831328392
,,,24,,,,,,,,,,,,,,,,,,,,,,,,,,,,,81739,0.005591030232608318
,,,24,,,,,,,,,,,,,,,,,,,,,,,,,,,,,81749,0.001993932295590639
,,,24,,,,,,,,,,,,,,,,,,,,,,,,,,,,,81759,0.008115625940263271
,,,24,,,,,,,,,,,,,,,,,,,,,,,,,,,,,81769,0.016170578077435493
,,,24,,,,,,,,,,,,,,,,,,,,,,,,,,,,,81779,0.007626392878592014
,,,24,,,,,,,,,,,,,,,,,,,,,,,,,,,,,81789,0.058140113949775696
,,,24,,,,,,,,,,,,,,,,,,,,,,,,,,,,,81799,0.058334775269031525
,,,24,,,,,,,,,,,,,,,,,,,,,,,,,,,,,81809,0.03484063223004341
,,,24,,,,,,,,,,,,,,,,,,,,,,,,,,,,,81819,0.12652826309204102
,,,24,,,,,,,,,,,,,,,,,,,,,,,,,,,,,81829,0.0029406649991869926
,,,24,,,,,,,,,,,,,,,,,,,,,,,,,,,,,81839,0.9051796793937683
,,,24,,,,,,,,,,,,,,,,,,,,,,,,,,,,,81849,0.020328786224126816
,,,24,,,,,,,,,,,,,,,,,,,,,,,,,,,,,81859,1.0760407447814941
,,,24,,,,,,,,,,,,,,,,,,,,,,,,,,,,,81869,0.005572482477873564
,,,24,,,,,,,,,,,,,,,,,,,,,,,,,,,,,81879,0.01267947256565094
,,,24,,,,,,,,,,,,,,,,,,,,,,,,,,,,,81889,0.00424118060618639
,,,24,,,,,,,,,,,,,,,,,,,,,,,,,,,,,81899,0.0034898289013653994
,,,24,,,,,,,,,,,,,,,,,,,,,,,,,,,,,81909,0.003932937514036894
,,,24,,,,,,,,,,,,,,,,,,,,,,,,,,,,,81919,0.003152612131088972
,,,24,,,,,,,,,,,,,,,,,,,,,,,,,,,,,81929,0.0008779917843639851
,,,24,,,,,,,,,,,,,,,,,,,,,,,,,,,,,81939,0.002583178458735347
,,,24,,,,,,,,,,,,,,,,,,,,,,,,,,,,,81949,0.0015594856813549995
,,,24,,,,,,,,,,,,,,,,,,,,,,,,,,,,,81959,0.002451715525239706
,,,24,,,,,,,,,,,,,,,,,,,,,,,,,,,,,81969,0.07064186036586761
,,,24,,,,,,,,,,,,,,,,,,,,,,,,,,,,,81979,0.0620795302093029
,,,24,,,,,,,,,,,,,,,,,,,,,,,,,,,,,81989,0.005454684607684612
,,,24,,,,,,,,,,,,,,,,,,,,,,,,,,,,,81999,0.19984231889247894
,,,24,,,,,,,,,,,,,,,,,,,,,,,,,,,,,82009,0.13610586524009705
,,,24,,,,,,,,,,,,,,,,,,,,,,,,,,,,,82019,0.0029063131660223007
,,,24,,,,,,,,,,,,,,,,,,,,,,,,,,,,,82029,0.2105209082365036
,,,24,,,,,,,,,,,,,,,,,,,,,,,,,,,,,82039,0.09184618294239044
,,,24,,,,,,,,,,,,,,,,,,,,,,,,,,,,,82049,0.0024302725214511156
,,,24,,,,,,,,,,,,,,,,,,,,,,,,,,,,,82059,0.008594335988163948
,,,24,,,,,,,,,,,,,,,,,,,,,,,,,,,,,82069,0.30432677268981934
,,,24,,,,,,,,,,,,,,,,,,,,,,,,,,,,,82079,0.10137268155813217
,,,24,,,,,,,,,,,,,,,,,,,,,,,,,,,,,82089,0.37861329317092896
,,,24,,,,,,,,,,,,,,,,,,,,,,,,,,,,,82099,0.018900001421570778
,,,24,,,,,,,,,,,,,,,,,,,,,,,,,,,,,82109,0.0785132497549057
,,,24,,,,,,,,,,,,,,,,,,,,,,,,,,,,,82119,0.0029135525692254305
,,,24,,,,,,,,,,,,,,,,,,,,,,,,,,,,,82129,0.020558256655931473
,,,24,,,,,,,,,,,,,,,,,,,,,,,,,,,,,82139,0.002023393055424094
,,,24,,,,,,,,,,,,,,,,,,,,,,,,,,,,,82149,0.16828782856464386
,,,24,,,,,,,,,,,,,,,,,,,,,,,,,,,,,82159,0.0019126283004879951
,,,24,,,,,,,,,,,,,,,,,,,,,,,,,,,,,82169,0.020979084074497223
,,,24,,,,,,,,,,,,,,,,,,,,,,,,,,,,,82179,0.0017055572243407369
,,,24,,,,,,,,,,,,,,,,,,,,,,,,,,,,,82189,0.0036487621255218983
,,,24,,,,,,,,,,,,,,,,,,,,,,,,,,,,,82199,1.3373438119888306
,,,24,,,,,,,,,,,,,,,,,,,,,,,,,,,,,82209,0.004001281689852476
,,,24,,,,,,,,,,,,,,,,,,,,,,,,,,,,,82219,0.3988513946533203
,,,24,,,,,,,,,,,,,,,,,,,,,,,,,,,,,82229,0.008147415705025196
,,,24,,,,,,,,,,,,,,,,,,,,,,,,,,,,,82239,0.007029863074421883
,,,24,,,,,,,,,,,,,,,,,,,,,,,,,,,,,82249,0.05528742074966431
,,,24,,,,,,,,,,,,,,,,,,,,,,,,,,,,,82259,0.003653970779851079
,,,24,,,,,,,,,,,,,,,,,,,,,,,,,,,,,82269,0.002062631770968437
,,,24,,,,,,,,,,,,,,,,,,,,,,,,,,,,,82279,0.0019354679388925433
,,,24,,,,,,,,,,,,,,,,,,,,,,,,,,,,,82289,0.0028008895460516214
,,,24,,,,,,,,,,,,,,,,,,,,,,,,,,,,,82299,0.003895420581102371
,,,24,,,,,,,,,,,,,,,,,,,,,,,,,,,,,82309,0.0023310028482228518
,,,24,,,,,,,,,,,,,,,,,,,,,,,,,,,,,82319,0.08296552300453186
,,,24,,,,,,,,,,,,,,,,,,,,,,,,,,,,,82329,0.006812395993620157
,,,24,,,,,,,,,,,,,,,,,,,,,,,,,,,,,82339,0.40033191442489624
,,,24,,,,,,,,,,,,,,,,,,,,,,,,,,,,,82349,0.006936037912964821
,,,24,,,,,,,,,,,,,,,,,,,,,,,,,,,,,82359,0.017441371455788612
,,,24,,,,,,,,,,,,,,,,,,,,,,,,,,,,,82369,0.006940131541341543
,,,24,,,,,,,,,,,,,,,,,,,,,,,,,,,,,82379,0.001181582803837955
,,,24,,,,,,,,,,,,,,,,,,,,,,,,,,,,,82389,0.012605046853423119
,,,24,,,,,,,,,,,,,,,,,,,,,,,,,,,,,82399,0.016491640359163284
,,,24,,,,,,,,,,,,,,,,,,,,,,,,,,,,,82409,0.010657347738742828
,,,24,,,,,,,,,,,,,,,,,,,,,,,,,,,,,82419,0.4450382590293884
,,,24,,,,,,,,,,,,,,,,,,,,,,,,,,,,,82429,0.0029546786099672318
,,,24,,,,,,,,,,,,,,,,,,,,,,,,,,,,,82439,0.520952045917511
,,,24,,,,,,,,,,,,,,,,,,,,,,,,,,,,,82449,0.04523508623242378
,,,24,,,,,,,,,,,,,,,,,,,,,,,,,,,,,82459,0.003315081587061286
,,,24,,,,,,,,,,,,,,,,,,,,,,,,,,,,,82469,0.1453518271446228
,,,24,,,,,,,,,,,,,,,,,,,,,,,,,,,,,82479,0.032972924411296844
,,,24,,,,,,,,,,,,,,,,,,,,,,,,,,,,,82489,0.2413780689239502
,,,24,,,,,,,,,,,,,,,,,,,,,,,,,,,,,82499,0.004371199756860733
,,,24,,,,,,,,,,,,,,,,,,,,,,,,,,,,,82509,0.017584064975380898
,,,24,,,,,,,,,,,,,,,,,,,,,,,,,,,,,82519,0.012714157812297344
,,,24,,,,,,,,,,,,,,,,,,,,,,,,,,,,,82529,0.06564140319824219
,,,24,,,,,,,,,,,,,,,,,,,,,,,,,,,,,82539,0.008099602535367012
,,,24,,,,,,,,,,,,,,,,,,,,,,,,,,,,,82549,0.7734983563423157
,,,24,,,,,,,,,,,,,,,,,,,,,,,,,,,,,82559,0.004370210226625204
,,,24,,,,,,,,,,,,,,,,,,,,,,,,,,,,,82569,0.003318332601338625
,,,24,,,,,,,,,,,,,,,,,,,,,,,,,,,,,82579,0.02734462171792984
,,,24,,,,,,,,,,,,,,,,,,,,,,,,,,,,,82589,0.052326131612062454
,,,24,,,,,,,,,,,,,,,,,,,,,,,,,,,,,82599,0.011338391341269016
,,,24,,,,,,,,,,,,,,,,,,,,,,,,,,,,,82609,0.003673277096822858
,,,24,,,,,,,,,,,,,,,,,,,,,,,,,,,,,82619,0.19900666177272797
,,,24,,,,,,,,,,,,,,,,,,,,,,,,,,,,,82629,0.01747923716902733
,,,24,,,,,,,,,,,,,,,,,,,,,,,,,,,,,82639,0.0708504244685173
,,,24,,,,,,,,,,,,,,,,,,,,,,,,,,,,,82649,0.002689463086426258
,,,24,,,,,,,,,,,,,,,,,,,,,,,,,,,,,82659,0.00211646081879735
,,,24,,,,,,,,,,,,,,,,,,,,,,,,,,,,,82669,0.002617501188069582
,,,24,,,,,,,,,,,,,,,,,,,,,,,,,,,,,82679,0.003754750592634082
,,,24,,,,,,,,,,,,,,,,,,,,,,,,,,,,,82689,0.03597847372293472
,,,24,,,,,,,,,,,,,,,,,,,,,,,,,,,,,82699,0.002847084077075124
,,,24,,,,,,,,,,,,,,,,,,,,,,,,,,,,,82709,0.017066175118088722
,,,24,,,,,,,,,,,,,,,,,,,,,,,,,,,,,82719,0.9375567436218262
,,,24,,,,,,,,,,,,,,,,,,,,,,,,,,,,,82729,0.0030233028810471296
,,,24,,,,,,,,,,,,,,,,,,,,,,,,,,,,,82739,0.017667338252067566
,,,24,,,,,,,,,,,,,,,,,,,,,,,,,,,,,82749,0.003158405190333724
0.8918406367301941,0.8752327561378479,0.9090909361839294,24,,,,,,,,,,,,,,,,,,,,,,,,,,,,,82750,
,,,,3.3378607357335043e-07,1.8698845198605113e-06,2.876745415170017e-06,2.876745415170017e-06,4.425762177184641e-06,4.425762177184641e-06,6.808864887976371e-06,6.808864887976371e-06,1.0475176750732877e-05,1.0475176750732877e-05,1.6115656539589043e-05,3.3378607357335043e-07,1.6115656539589043e-05,2.479331775321391e-05,2.479331775321391e-05,3.814356577417525e-05,3.814356577417525e-05,5.868240888334653e-05,5.868240888334653e-05,5.868240888334653e-05,5.868240888334653e-05,5.135170362666929e-07,5.135170362666929e-07,7.90026209641066e-07,7.90026209641066e-07,1.2154249379093322e-06,1.2154249379093322e-06,1.8698845198605113e-06,82751,
,,,25,,,,,,,,,,,,,,,,,,,,,,,,,,,,,82759,0.01156019140034914
,,,25,,,,,,,,,,,,,,,,,,,,,,,,,,,,,82769,0.0029929811134934425
,,,25,,,,,,,,,,,,,,,,,,,,,,,,,,,,,82779,0.0022731698118150234
,,,25,,,,,,,,,,,,,,,,,,,,,,,,,,,,,82789,0.00661097839474678
,,,25,,,,,,,,,,,,,,,,,,,,,,,,,,,,,82799,0.037504665553569794
,,,25,,,,,,,,,,,,,,,,,,,,,,,,,,,,,82809,0.0073683676309883595
,,,25,,,,,,,,,,,,,,,,,,,,,,,,,,,,,82819,0.007501175161451101
,,,25,,,,,,,,,,,,,,,,,,,,,,,,,,,,,82829,0.0031976173631846905
,,,25,,,,,,,,,,,,,,,,,,,,,,,,,,,,,82839,0.00406928826123476
,,,25,,,,,,,,,,,,,,,,,,,,,,,,,,,,,82849,0.0029417304322123528
,,,25,,,,,,,,,,,,,,,,,,,,,,,,,,,,,82859,0.003104195464402437
,,,25,,,,,,,,,,,,,,,,,,,,,,,,,,,,,82869,0.009432912804186344
,,,25,,,,,,,,,,,,,,,,,,,,,,,,,,,,,82879,0.0006108698435127735
,,,25,,,,,,,,,,,,,,,,,,,,,,,,,,,,,82889,0.006158935837447643
,,,25,,,,,,,,,,,,,,,,,,,,,,,,,,,,,82899,0.0032701517920941114
,,,25,,,,,,,,,,,,,,,,,,,,,,,,,,,,,82909,0.0027948685456067324
,,,25,,,,,,,,,,,,,,,,,,,,,,,,,,,,,82919,0.5954435467720032
,,,25,,,,,,,,,,,,,,,,,,,,,,,,,,,,,82929,0.002530815778300166
,,,25,,,,,,,,,,,,,,,,,,,,,,,,,,,,,82939,0.06018596142530441
,,,25,,,,,,,,,,,,,,,,,,,,,,,,,,,,,82949,0.04437572509050369
,,,25,,,,,,,,,,,,,,,,,,,,,,,,,,,,,82959,0.005176887381821871
,,,25,,,,,,,,,,,,,,,,,,,,,,,,,,,,,82969,0.0024627207312732935
,,,25,,,,,,,,,,,,,,,,,,,,,,,,,,,,,82979,0.1288548856973648
,,,25,,,,,,,,,,,,,,,,,,,,,,,,,,,,,82989,0.0031512011773884296
,,,25,,,,,,,,,,,,,,,,,,,,,,,,,,,,,82999,0.7531548142433167
,,,25,,,,,,,,,,,,,,,,,,,,,,,,,,,,,83009,0.0025174880865961313
,,,25,,,,,,,,,,,,,,,,,,,,,,,,,,,,,83019,0.0015711825108155608
,,,25,,,,,,,,,,,,,,,,,,,,,,,,,,,,,83029,0.013649788685142994
,,,25,,,,,,,,,,,,,,,,,,,,,,,,,,,,,83039,0.0015672211302444339
,,,25,,,,,,,,,,,,,,,,,,,,,,,,,,,,,83049,0.004023033659905195
,,,25,,,,,,,,,,,,,,,,,,,,,,,,,,,,,83059,0.0014005049597471952
,,,25,,,,,,,,,,,,,,,,,,,,,,,,,,,,,83069,0.0038105640560388565
,,,25,,,,,,,,,,,,,,,,,,,,,,,,,,,,,83079,0.01491645909845829
,,,25,,,,,,,,,,,,,,,,,,,,,,,,,,,,,83089,0.0818580687046051
,,,25,,,,,,,,,,,,,,,,,,,,,,,,,,,,,83099,0.027054423466324806
,,,25,,,,,,,,,,,,,,,,,,,,,,,,,,,,,83109,0.0040286993607878685
,,,25,,,,,,,,,,,,,,,,,,,,,,,,,,,,,83119,0.0045649101957678795
,,,25,,,,,,,,,,,,,,,,,,,,,,,,,,,,,83129,0.002687371103093028
,,,25,,,,,,,,,,,,,,,,,,,,,,,,,,,,,83139,0.6472106575965881
,,,25,,,,,,,,,,,,,,,,,,,,,,,,,,,,,83149,0.00214093504473567
,,,25,,,,,,,,,,,,,,,,,,,,,,,,,,,,,83159,0.004438601899892092
,,,25,,,,,,,,,,,,,,,,,,,,,,,,,,,,,83169,0.18067458271980286
,,,25,,,,,,,,,,,,,,,,,,,,,,,,,,,,,83179,0.004430635832250118
,,,25,,,,,,,,,,,,,,,,,,,,,,,,,,,,,83189,0.002876098034903407
,,,25,,,,,,,,,,,,,,,,,,,,,,,,,,,,,83199,0.0024565428029745817
,,,25,,,,,,,,,,,,,,,,,,,,,,,,,,,,,83209,0.0090310825034976
,,,25,,,,,,,,,,,,,,,,,,,,,,,,,,,,,83219,0.0033528374042361975
,,,25,,,,,,,,,,,,,,,,,,,,,,,,,,,,,83229,0.030240973457694054
,,,25,,,,,,,,,,,,,,,,,,,,,,,,,,,,,83239,0.4861311614513397
,,,25,,,,,,,,,,,,,,,,,,,,,,,,,,,,,83249,0.0050719487480819225
,,,25,,,,,,,,,,,,,,,,,,,,,,,,,,,,,83259,0.0024689973797649145
,,,25,,,,,,,,,,,,,,,,,,,,,,,,,,,,,83269,0.0006889384239912033
,,,25,,,,,,,,,,,,,,,,,,,,,,,,,,,,,83279,1.0431627035140991
,,,25,,,,,,,,,,,,,,,,,,,,,,,,,,,,,83289,0.0017261217581108212
,,,25,,,,,,,,,,,,,,,,,,,,,,,,,,,,,83299,0.1568724811077118
,,,25,,,,,,,,,,,,,,,,,,,,,,,,,,,,,83309,0.008547148667275906
,,,25,,,,,,,,,,,,,,,,,,,,,,,,,,,,,83319,0.010824755765497684
,,,25,,,,,,,,,,,,,,,,,,,,,,,,,,,,,83329,0.025105677545070648
,,,25,,,,,,,,,,,,,,,,,,,,,,,,,,,,,83339,0.0023246239870786667
,,,25,,,,,,,,,,,,,,,,,,,,,,,,,,,,,83349,1.2560038566589355
,,,25,,,,,,,,,,,,,,,,,,,,,,,,,,,,,83359,0.035051461309194565
,,,25,,,,,,,,,,,,,,,,,,,,,,,,,,,,,83369,0.002606965834274888
,,,25,,,,,,,,,,,,,,,,,,,,,,,,,,,,,83379,0.0020473096519708633
,,,25,,,,,,,,,,,,,,,,,,,,,,,,,,,,,83389,0.00305540906265378
,,,25,,,,,,,,,,,,,,,,,,,,,,,,,,,,,83399,0.1322643905878067
,,,25,,,,,,,,,,,,,,,,,,,,,,,,,,,,,83409,0.001505232066847384
,,,25,,,,,,,,,,,,,,,,,,,,,,,,,,,,,83419,0.001714432961307466
,,,25,,,,,,,,,,,,,,,,,,,,,,,,,,,,,83429,0.13101933896541595
,,,25,,,,,,,,,,,,,,,,,,,,,,,,,,,,,83439,0.5390372276306152
,,,25,,,,,,,,,,,,,,,,,,,,,,,,,,,,,83449,0.12131986021995544
,,,25,,,,,,,,,,,,,,,,,,,,,,,,,,,,,83459,0.0015431733336299658
,,,25,,,,,,,,,,,,,,,,,,,,,,,,,,,,,83469,0.6559605002403259
,,,25,,,,,,,,,,,,,,,,,,,,,,,,,,,,,83479,0.0028102928772568703
,,,25,,,,,,,,,,,,,,,,,,,,,,,,,,,,,83489,0.0065628900192677975
,,,25,,,,,,,,,,,,,,,,,,,,,,,,,,,,,83499,0.1326185166835785
,,,25,,,,,,,,,,,,,,,,,,,,,,,,,,,,,83509,0.004661222454160452
,,,25,,,,,,,,,,,,,,,,,,,,,,,,,,,,,83519,0.04842070862650871
,,,25,,,,,,,,,,,,,,,,,,,,,,,,,,,,,83529,0.10468938946723938
,,,25,,,,,,,,,,,,,,,,,,,,,,,,,,,,,83539,0.0028252059128135443
,,,25,,,,,,,,,,,,,,,,,,,,,,,,,,,,,83549,0.00464606424793601
,,,25,,,,,,,,,,,,,,,,,,,,,,,,,,,,,83559,0.01123639103025198
,,,25,,,,,,,,,,,,,,,,,,,,,,,,,,,,,83569,0.3567233383655548
,,,25,,,,,,,,,,,,,,,,,,,,,,,,,,,,,83579,0.003965168260037899
,,,25,,,,,,,,,,,,,,,,,,,,,,,,,,,,,83589,0.059074364602565765
,,,25,,,,,,,,,,,,,,,,,,,,,,,,,,,,,83599,0.0040647718124091625
,,,25,,,,,,,,,,,,,,,,,,,,,,,,,,,,,83609,0.0038154928479343653
,,,25,,,,,,,,,,,,,,,,,,,,,,,,,,,,,83619,0.030059583485126495
,,,25,,,,,,,,,,,,,,,,,,,,,,,,,,,,,83629,0.0019515532767400146
,,,25,,,,,,,,,,,,,,,,,,,,,,,,,,,,,83639,0.022077374160289764
,,,25,,,,,,,,,,,,,,,,,,,,,,,,,,,,,83649,0.004130616318434477
,,,25,,,,,,,,,,,,,,,,,,,,,,,,,,,,,83659,0.01573512889444828
,,,25,,,,,,,,,,,,,,,,,,,,,,,,,,,,,83669,0.0021288469433784485
,,,25,,,,,,,,,,,,,,,,,,,,,,,,,,,,,83679,0.009873681701719761
,,,25,,,,,,,,,,,,,,,,,,,,,,,,,,,,,83689,0.5070434808731079
,,,25,,,,,,,,,,,,,,,,,,,,,,,,,,,,,83699,0.002454275032505393
,,,25,,,,,,,,,,,,,,,,,,,,,,,,,,,,,83709,0.0036246925592422485
,,,25,,,,,,,,,,,,,,,,,,,,,,,,,,,,,83719,0.001879134331829846
,,,25,,,,,,,,,,,,,,,,,,,,,,,,,,,,,83729,0.0033852471970021725
,,,25,,,,,,,,,,,,,,,,,,,,,,,,,,,,,83739,0.0030494495294988155
,,,25,,,,,,,,,,,,,,,,,,,,,,,,,,,,,83749,0.007364015094935894
,,,25,,,,,,,,,,,,,,,,,,,,,,,,,,,,,83759,0.0043043578043580055
,,,25,,,,,,,,,,,,,,,,,,,,,,,,,,,,,83769,0.016582589596509933
,,,25,,,,,,,,,,,,,,,,,,,,,,,,,,,,,83779,0.0012019895948469639
,,,25,,,,,,,,,,,,,,,,,,,,,,,,,,,,,83789,0.00804527010768652
,,,25,,,,,,,,,,,,,,,,,,,,,,,,,,,,,83799,0.2352285385131836
,,,25,,,,,,,,,,,,,,,,,,,,,,,,,,,,,83809,0.02868848666548729
,,,25,,,,,,,,,,,,,,,,,,,,,,,,,,,,,83819,0.0015470882644876838
,,,25,,,,,,,,,,,,,,,,,,,,,,,,,,,,,83829,0.006817679852247238
,,,25,,,,,,,,,,,,,,,,,,,,,,,,,,,,,83839,0.0023512295447289944
,,,25,,,,,,,,,,,,,,,,,,,,,,,,,,,,,83849,0.004456794820725918
,,,25,,,,,,,,,,,,,,,,,,,,,,,,,,,,,83859,0.006307665258646011
,,,25,,,,,,,,,,,,,,,,,,,,,,,,,,,,,83869,0.1989162266254425
,,,25,,,,,,,,,,,,,,,,,,,,,,,,,,,,,83879,0.2213466465473175
,,,25,,,,,,,,,,,,,,,,,,,,,,,,,,,,,83889,0.004832556005567312
,,,25,,,,,,,,,,,,,,,,,,,,,,,,,,,,,83899,0.003169681876897812
,,,25,,,,,,,,,,,,,,,,,,,,,,,,,,,,,83909,0.20087729394435883
,,,25,,,,,,,,,,,,,,,,,,,,,,,,,,,,,83919,0.03088010661303997
,,,25,,,,,,,,,,,,,,,,,,,,,,,,,,,,,83929,0.2738186717033386
,,,25,,,,,,,,,,,,,,,,,,,,,,,,,,,,,83939,0.0009124935604631901
,,,25,,,,,,,,,,,,,,,,,,,,,,,,,,,,,83949,0.0040082382038235664
,,,25,,,,,,,,,,,,,,,,,,,,,,,,,,,,,83959,0.001820129225961864
,,,25,,,,,,,,,,,,,,,,,,,,,,,,,,,,,83969,1.010968804359436
,,,25,,,,,,,,,,,,,,,,,,,,,,,,,,,,,83979,0.1794544756412506
,,,25,,,,,,,,,,,,,,,,,,,,,,,,,,,,,83989,0.0023642072919756174
,,,25,,,,,,,,,,,,,,,,,,,,,,,,,,,,,83999,0.012384955771267414
,,,25,,,,,,,,,,,,,,,,,,,,,,,,,,,,,84009,0.12669430673122406
,,,25,,,,,,,,,,,,,,,,,,,,,,,,,,,,,84019,0.000956336036324501
,,,25,,,,,,,,,,,,,,,,,,,,,,,,,,,,,84029,0.7902764678001404
,,,25,,,,,,,,,,,,,,,,,,,,,,,,,,,,,84039,0.0033498879056423903
,,,25,,,,,,,,,,,,,,,,,,,,,,,,,,,,,84049,0.0018618941539898515
,,,25,,,,,,,,,,,,,,,,,,,,,,,,,,,,,84059,0.0028325829189270735
,,,25,,,,,,,,,,,,,,,,,,,,,,,,,,,,,84069,0.004586714319884777
,,,25,,,,,,,,,,,,,,,,,,,,,,,,,,,,,84079,0.07777763158082962
,,,25,,,,,,,,,,,,,,,,,,,,,,,,,,,,,84089,0.2601179778575897
,,,25,,,,,,,,,,,,,,,,,,,,,,,,,,,,,84099,0.003762255422770977
,,,25,,,,,,,,,,,,,,,,,,,,,,,,,,,,,84109,0.00360126537270844
,,,25,,,,,,,,,,,,,,,,,,,,,,,,,,,,,84119,0.00869531836360693
,,,25,,,,,,,,,,,,,,,,,,,,,,,,,,,,,84129,0.001971495570614934
,,,25,,,,,,,,,,,,,,,,,,,,,,,,,,,,,84139,0.0028212841134518385
,,,25,,,,,,,,,,,,,,,,,,,,,,,,,,,,,84149,0.0020706153009086847
,,,25,,,,,,,,,,,,,,,,,,,,,,,,,,,,,84159,0.4845077097415924
,,,25,,,,,,,,,,,,,,,,,,,,,,,,,,,,,84169,0.052430134266614914
,,,25,,,,,,,,,,,,,,,,,,,,,,,,,,,,,84179,0.00460650073364377
,,,25,,,,,,,,,,,,,,,,,,,,,,,,,,,,,84189,0.01241636835038662
,,,25,,,,,,,,,,,,,,,,,,,,,,,,,,,,,84199,0.14160479605197906
,,,25,,,,,,,,,,,,,,,,,,,,,,,,,,,,,84209,0.013637491501867771
,,,25,,,,,,,,,,,,,,,,,,,,,,,,,,,,,84219,0.1624675989151001
,,,25,,,,,,,,,,,,,,,,,,,,,,,,,,,,,84229,0.008336830884218216
,,,25,,,,,,,,,,,,,,,,,,,,,,,,,,,,,84239,0.004882010631263256
,,,25,,,,,,,,,,,,,,,,,,,,,,,,,,,,,84249,0.06393486261367798
,,,25,,,,,,,,,,,,,,,,,,,,,,,,,,,,,84259,0.09877743571996689
,,,25,,,,,,,,,,,,,,,,,,,,,,,,,,,,,84269,0.02812289632856846
,,,25,,,,,,,,,,,,,,,,,,,,,,,,,,,,,84279,0.007544195745140314
,,,25,,,,,,,,,,,,,,,,,,,,,,,,,,,,,84289,0.003988614305853844
,,,25,,,,,,,,,,,,,,,,,,,,,,,,,,,,,84299,0.12478114664554596
,,,25,,,,,,,,,,,,,,,,,,,,,,,,,,,,,84309,0.004441599827259779
,,,25,,,,,,,,,,,,,,,,,,,,,,,,,,,,,84319,0.002682814607396722
,,,25,,,,,,,,,,,,,,,,,,,,,,,,,,,,,84329,0.016652772203087807
,,,25,,,,,,,,,,,,,,,,,,,,,,,,,,,,,84339,0.023626992478966713
,,,25,,,,,,,,,,,,,,,,,,,,,,,,,,,,,84349,0.0017783872317522764
,,,25,,,,,,,,,,,,,,,,,,,,,,,,,,,,,84359,0.00558433448895812
,,,25,,,,,,,,,,,,,,,,,,,,,,,,,,,,,84369,0.036411166191101074
,,,25,,,,,,,,,,,,,,,,,,,,,,,,,,,,,84379,0.008774501271545887
,,,25,,,,,,,,,,,,,,,,,,,,,,,,,,,,,84389,0.09713859111070633
,,,25,,,,,,,,,,,,,,,,,,,,,,,,,,,,,84399,0.002347818808630109
,,,25,,,,,,,,,,,,,,,,,,,,,,,,,,,,,84409,0.001894019776955247
,,,25,,,,,,,,,,,,,,,,,,,,,,,,,,,,,84419,0.14519713819026947
,,,25,,,,,,,,,,,,,,,,,,,,,,,,,,,,,84429,0.01722276583313942
,,,25,,,,,,,,,,,,,,,,,,,,,,,,,,,,,84439,0.025632349774241447
,,,25,,,,,,,,,,,,,,,,,,,,,,,,,,,,,84449,0.07915046811103821
,,,25,,,,,,,,,,,,,,,,,,,,,,,,,,,,,84459,0.003043654141947627
,,,25,,,,,,,,,,,,,,,,,,,,,,,,,,,,,84469,0.00471228314563632
,,,25,,,,,,,,,,,,,,,,,,,,,,,,,,,,,84479,0.0015899225836619735
,,,25,,,,,,,,,,,,,,,,,,,,,,,,,,,,,84489,0.6697680354118347
,,,25,,,,,,,,,,,,,,,,,,,,,,,,,,,,,84499,0.0006430710782296956
,,,25,,,,,,,,,,,,,,,,,,,,,,,,,,,,,84509,0.0024859176483005285
,,,25,,,,,,,,,,,,,,,,,,,,,,,,,,,,,84519,0.1676831990480423
,,,25,,,,,,,,,,,,,,,,,,,,,,,,,,,,,84529,0.1503007560968399
,,,25,,,,,,,,,,,,,,,,,,,,,,,,,,,,,84539,0.0630246177315712
,,,25,,,,,,,,,,,,,,,,,,,,,,,,,,,,,84549,0.005293549969792366
,,,25,,,,,,,,,,,,,,,,,,,,,,,,,,,,,84559,1.1183905601501465
,,,25,,,,,,,,,,,,,,,,,,,,,,,,,,,,,84569,0.0022248001769185066
,,,25,,,,,,,,,,,,,,,,,,,,,,,,,,,,,84579,0.010046013630926609
,,,25,,,,,,,,,,,,,,,,,,,,,,,,,,,,,84589,0.004017110448330641
,,,25,,,,,,,,,,,,,,,,,,,,,,,,,,,,,84599,0.01105333212763071
,,,25,,,,,,,,,,,,,,,,,,,,,,,,,,,,,84609,0.12474548816680908
,,,25,,,,,,,,,,,,,,,,,,,,,,,,,,,,,84619,0.004962004721164703
,,,25,,,,,,,,,,,,,,,,,,,,,,,,,,,,,84629,0.002141400473192334
,,,25,,,,,,,,,,,,,,,,,,,,,,,,,,,,,84639,0.07216792553663254
,,,25,,,,,,,,,,,,,,,,,,,,,,,,,,,,,84649,0.14091666042804718
,,,25,,,,,,,,,,,,,,,,,,,,,,,,,,,,,84659,0.009677736088633537
,,,25,,,,,,,,,,,,,,,,,,,,,,,,,,,,,84669,0.007066704332828522
,,,25,,,,,,,,,,,,,,,,,,,,,,,,,,,,,84679,0.24225164949893951
,,,25,,,,,,,,,,,,,,,,,,,,,,,,,,,,,84689,0.011737838387489319
,,,25,,,,,,,,,,,,,,,,,,,,,,,,,,,,,84699,0.009869285859167576
,,,25,,,,,,,,,,,,,,,,,,,,,,,,,,,,,84709,0.0018811578629538417
,,,25,,,,,,,,,,,,,,,,,,,,,,,,,,,,,84719,0.035489536821842194
,,,25,,,,,,,,,,,,,,,,,,,,,,,,,,,,,84729,0.0032048295252025127
,,,25,,,,,,,,,,,,,,,,,,,,,,,,,,,,,84739,0.028324870392680168
,,,25,,,,,,,,,,,,,,,,,,,,,,,,,,,,,84749,0.0036879286635667086
,,,25,,,,,,,,,,,,,,,,,,,,,,,,,,,,,84759,0.0019701721612364054
,,,25,,,,,,,,,,,,,,,,,,,,,,,,,,,,,84769,0.004995385184884071
,,,25,,,,,,,,,,,,,,,,,,,,,,,,,,,,,84779,0.004961908794939518
,,,25,,,,,,,,,,,,,,,,,,,,,,,,,,,,,84789,1.1747630834579468
,,,25,,,,,,,,,,,,,,,,,,,,,,,,,,,,,84799,0.00845545157790184
,,,25,,,,,,,,,,,,,,,,,,,,,,,,,,,,,84809,0.0030273403972387314
,,,25,,,,,,,,,,,,,,,,,,,,,,,,,,,,,84819,0.1732483059167862
,,,25,,,,,,,,,,,,,,,,,,,,,,,,,,,,,84829,0.004476624540984631
,,,25,,,,,,,,,,,,,,,,,,,,,,,,,,,,,84839,0.030280152335762978
,,,25,,,,,,,,,,,,,,,,,,,,,,,,,,,,,84849,0.00910201482474804
,,,25,,,,,,,,,,,,,,,,,,,,,,,,,,,,,84859,0.0033173386473208666
,,,25,,,,,,,,,,,,,,,,,,,,,,,,,,,,,84869,0.3153465688228607
,,,25,,,,,,,,,,,,,,,,,,,,,,,,,,,,,84879,0.005441945046186447
,,,25,,,,,,,,,,,,,,,,,,,,,,,,,,,,,84889,0.2289373129606247
,,,25,,,,,,,,,,,,,,,,,,,,,,,,,,,,,84899,0.07030642777681351
,,,25,,,,,,,,,,,,,,,,,,,,,,,,,,,,,84909,0.003137266729027033
,,,25,,,,,,,,,,,,,,,,,,,,,,,,,,,,,84919,0.003991979639977217
,,,25,,,,,,,,,,,,,,,,,,,,,,,,,,,,,84929,0.00952941458672285
,,,25,,,,,,,,,,,,,,,,,,,,,,,,,,,,,84939,0.0032215758692473173
,,,25,,,,,,,,,,,,,,,,,,,,,,,,,,,,,84949,0.000811195292044431
,,,25,,,,,,,,,,,,,,,,,,,,,,,,,,,,,84959,0.42216408252716064
,,,25,,,,,,,,,,,,,,,,,,,,,,,,,,,,,84969,0.002343712607398629
,,,25,,,,,,,,,,,,,,,,,,,,,,,,,,,,,84979,0.003322919365018606
,,,25,,,,,,,,,,,,,,,,,,,,,,,,,,,,,84989,0.028080511838197708
,,,25,,,,,,,,,,,,,,,,,,,,,,,,,,,,,84999,0.011844152584671974
,,,25,,,,,,,,,,,,,,,,,,,,,,,,,,,,,85009,0.004843256901949644
,,,25,,,,,,,,,,,,,,,,,,,,,,,,,,,,,85019,0.6574234366416931
,,,25,,,,,,,,,,,,,,,,,,,,,,,,,,,,,85029,0.035044632852077484
,,,25,,,,,,,,,,,,,,,,,,,,,,,,,,,,,85039,0.0035214584786444902
,,,25,,,,,,,,,,,,,,,,,,,,,,,,,,,,,85049,0.0017677636351436377
,,,25,,,,,,,,,,,,,,,,,,,,,,,,,,,,,85059,0.26947808265686035
,,,25,,,,,,,,,,,,,,,,,,,,,,,,,,,,,85069,0.011317189782857895
,,,25,,,,,,,,,,,,,,,,,,,,,,,,,,,,,85079,0.0032638930715620518
,,,25,,,,,,,,,,,,,,,,,,,,,,,,,,,,,85089,0.004715343937277794
,,,25,,,,,,,,,,,,,,,,,,,,,,,,,,,,,85099,0.0016834200359880924
,,,25,,,,,,,,,,,,,,,,,,,,,,,,,,,,,85109,0.11730483174324036
,,,25,,,,,,,,,,,,,,,,,,,,,,,,,,,,,85119,0.08160899579524994
,,,25,,,,,,,,,,,,,,,,,,,,,,,,,,,,,85129,0.004442780744284391
,,,25,,,,,,,,,,,,,,,,,,,,,,,,,,,,,85139,0.35769546031951904
,,,25,,,,,,,,,,,,,,,,,,,,,,,,,,,,,85149,0.0037718352396041155
,,,25,,,,,,,,,,,,,,,,,,,,,,,,,,,,,85159,0.004625007975846529
,,,25,,,,,,,,,,,,,,,,,,,,,,,,,,,,,85169,0.0023247450590133667
,,,25,,,,,,,,,,,,,,,,,,,,,,,,,,,,,85179,0.003858658717945218
,,,25,,,,,,,,,,,,,,,,,,,,,,,,,,,,,85189,0.0017721556359902024
,,,25,,,,,,,,,,,,,,,,,,,,,,,,,,,,,85199,0.0027974445838481188
,,,25,,,,,,,,,,,,,,,,,,,,,,,,,,,,,85209,0.0033684626687318087
,,,25,,,,,,,,,,,,,,,,,,,,,,,,,,,,,85219,0.002204371616244316
,,,25,,,,,,,,,,,,,,,,,,,,,,,,,,,,,85229,0.005496527533978224
,,,25,,,,,,,,,,,,,,,,,,,,,,,,,,,,,85239,0.12538030743598938
,,,25,,,,,,,,,,,,,,,,,,,,,,,,,,,,,85249,0.0012059842702001333
,,,25,,,,,,,,,,,,,,,,,,,,,,,,,,,,,85259,0.002485267585143447
,,,25,,,,,,,,,,,,,,,,,,,,,,,,,,,,,85269,0.0219002403318882
,,,25,,,,,,,,,,,,,,,,,,,,,,,,,,,,,85279,0.004823992028832436
,,,25,,,,,,,,,,,,,,,,,,,,,,,,,,,,,85289,0.0058701601810753345
,,,25,,,,,,,,,,,,,,,,,,,,,,,,,,,,,85299,0.0038069465663284063
,,,25,,,,,,,,,,,,,,,,,,,,,,,,,,,,,85309,0.3004630506038666
,,,25,,,,,,,,,,,,,,,,,,,,,,,,,,,,,85319,0.01229376345872879
,,,25,,,,,,,,,,,,,,,,,,,,,,,,,,,,,85329,0.008863484486937523
,,,25,,,,,,,,,,,,,,,,,,,,,,,,,,,,,85339,0.05495581403374672
,,,25,,,,,,,,,,,,,,,,,,,,,,,,,,,,,85349,0.6024643182754517
,,,25,,,,,,,,,,,,,,,,,,,,,,,,,,,,,85359,0.007657610811293125
,,,25,,,,,,,,,,,,,,,,,,,,,,,,,,,,,85369,0.17603963613510132
,,,25,,,,,,,,,,,,,,,,,,,,,,,,,,,,,85379,0.011134822852909565
,,,25,,,,,,,,,,,,,,,,,,,,,,,,,,,,,85389,0.03164763003587723
,,,25,,,,,,,,,,,,,,,,,,,,,,,,,,,,,85399,0.03533770889043808
,,,25,,,,,,,,,,,,,,,,,,,,,,,,,,,,,85409,0.0025565566029399633
,,,25,,,,,,,,,,,,,,,,,,,,,,,,,,,,,85419,0.004929133225232363
,,,25,,,,,,,,,,,,,,,,,,,,,,,,,,,,,85429,0.0034097698517143726
,,,25,,,,,,,,,,,,,,,,,,,,,,,,,,,,,85439,0.0022643059492111206
,,,25,,,,,,,,,,,,,,,,,,,,,,,,,,,,,85449,0.011640037409961224
,,,25,,,,,,,,,,,,,,,,,,,,,,,,,,,,,85459,0.0035047836136072874
,,,25,,,,,,,,,,,,,,,,,,,,,,,,,,,,,85469,0.004678251221776009
,,,25,,,,,,,,,,,,,,,,,,,,,,,,,,,,,85479,0.41458553075790405
,,,25,,,,,,,,,,,,,,,,,,,,,,,,,,,,,85489,0.00318287150003016
,,,25,,,,,,,,,,,,,,,,,,,,,,,,,,,,,85499,0.004240928217768669
,,,25,,,,,,,,,,,,,,,,,,,,,,,,,,,,,85509,0.005955581087619066
,,,25,,,,,,,,,,,,,,,,,,,,,,,,,,,,,85519,0.004940124228596687
,,,25,,,,,,,,,,,,,,,,,,,,,,,,,,,,,85529,0.002640959806740284
,,,25,,,,,,,,,,,,,,,,,,,,,,,,,,,,,85539,0.0019449476385489106
,,,25,,,,,,,,,,,,,,,,,,,,,,,,,,,,,85549,0.02754802443087101
,,,25,,,,,,,,,,,,,,,,,,,,,,,,,,,,,85559,0.002757767215371132
,,,25,,,,,,,,,,,,,,,,,,,,,,,,,,,,,85569,0.02272975444793701
,,,25,,,,,,,,,,,,,,,,,,,,,,,,,,,,,85579,0.002480035647749901
,,,25,,,,,,,,,,,,,,,,,,,,,,,,,,,,,85589,0.0020038338843733072
,,,25,,,,,,,,,,,,,,,,,,,,,,,,,,,,,85599,0.0039567844942212105
,,,25,,,,,,,,,,,,,,,,,,,,,,,,,,,,,85609,0.13058646023273468
,,,25,,,,,,,,,,,,,,,,,,,,,,,,,,,,,85619,0.002526180585846305
,,,25,,,,,,,,,,,,,,,,,,,,,,,,,,,,,85629,1.3349403142929077
,,,25,,,,,,,,,,,,,,,,,,,,,,,,,,,,,85639,0.002703800331801176
,,,25,,,,,,,,,,,,,,,,,,,,,,,,,,,,,85649,0.002887059235945344
,,,25,,,,,,,,,,,,,,,,,,,,,,,,,,,,,85659,0.004172744229435921
,,,25,,,,,,,,,,,,,,,,,,,,,,,,,,,,,85669,0.15228337049484253
,,,25,,,,,,,,,,,,,,,,,,,,,,,,,,,,,85679,0.0019884633366018534
,,,25,,,,,,,,,,,,,,,,,,,,,,,,,,,,,85689,0.045962829142808914
,,,25,,,,,,,,,,,,,,,,,,,,,,,,,,,,,85699,0.001978393876925111
,,,25,,,,,,,,,,,,,,,,,,,,,,,,,,,,,85709,0.016296928748488426
,,,25,,,,,,,,,,,,,,,,,,,,,,,,,,,,,85719,0.0027426406741142273
,,,25,,,,,,,,,,,,,,,,,,,,,,,,,,,,,85729,0.001688564894720912
,,,25,,,,,,,,,,,,,,,,,,,,,,,,,,,,,85739,0.008860176429152489
,,,25,,,,,,,,,,,,,,,,,,,,,,,,,,,,,85749,0.32706087827682495
,,,25,,,,,,,,,,,,,,,,,,,,,,,,,,,,,85759,0.30900734663009644
,,,25,,,,,,,,,,,,,,,,,,,,,,,,,,,,,85769,0.00837339274585247
,,,25,,,,,,,,,,,,,,,,,,,,,,,,,,,,,85779,0.0025071860291063786
,,,25,,,,,,,,,,,,,,,,,,,,,,,,,,,,,85789,0.01390417106449604
,,,25,,,,,,,,,,,,,,,,,,,,,,,,,,,,,85799,0.0013303558807820082
,,,25,,,,,,,,,,,,,,,,,,,,,,,,,,,,,85809,0.1594059020280838
,,,25,,,,,,,,,,,,,,,,,,,,,,,,,,,,,85819,0.06714377552270889
,,,25,,,,,,,,,,,,,,,,,,,,,,,,,,,,,85829,0.003324180608615279
,,,25,,,,,,,,,,,,,,,,,,,,,,,,,,,,,85839,0.0037003217730671167
,,,25,,,,,,,,,,,,,,,,,,,,,,,,,,,,,85849,0.7248185276985168
,,,25,,,,,,,,,,,,,,,,,,,,,,,,,,,,,85859,0.0031732984352856874
,,,25,,,,,,,,,,,,,,,,,,,,,,,,,,,,,85869,0.008876464329659939
,,,25,,,,,,,,,,,,,,,,,,,,,,,,,,,,,85879,0.0029419397469609976
,,,25,,,,,,,,,,,,,,,,,,,,,,,,,,,,,85889,0.0018576644361019135
,,,25,,,,,,,,,,,,,,,,,,,,,,,,,,,,,85899,0.06907964497804642
,,,25,,,,,,,,,,,,,,,,,,,,,,,,,,,,,85909,0.004842396359890699
,,,25,,,,,,,,,,,,,,,,,,,,,,,,,,,,,85919,0.0013783409958705306
,,,25,,,,,,,,,,,,,,,,,,,,,,,,,,,,,85929,0.060334037989377975
,,,25,,,,,,,,,,,,,,,,,,,,,,,,,,,,,85939,0.0015608238754794002
,,,25,,,,,,,,,,,,,,,,,,,,,,,,,,,,,85949,0.0007019572076387703
,,,25,,,,,,,,,,,,,,,,,,,,,,,,,,,,,85959,0.10545653104782104
,,,25,,,,,,,,,,,,,,,,,,,,,,,,,,,,,85969,0.0014700810424983501
,,,25,,,,,,,,,,,,,,,,,,,,,,,,,,,,,85979,0.0016733568627387285
,,,25,,,,,,,,,,,,,,,,,,,,,,,,,,,,,85989,0.003807884408161044
,,,25,,,,,,,,,,,,,,,,,,,,,,,,,,,,,85999,0.0017133194487541914
,,,25,,,,,,,,,,,,,,,,,,,,,,,,,,,,,86009,0.0028218566440045834
,,,25,,,,,,,,,,,,,,,,,,,,,,,,,,,,,86019,0.003285229206085205
,,,25,,,,,,,,,,,,,,,,,,,,,,,,,,,,,86029,0.28624340891838074
,,,25,,,,,,,,,,,,,,,,,,,,,,,,,,,,,86039,0.002294165315106511
,,,25,,,,,,,,,,,,,,,,,,,,,,,,,,,,,86049,0.6176212430000305
,,,25,,,,,,,,,,,,,,,,,,,,,,,,,,,,,86059,0.034978002309799194
,,,,3.141283954762321e-07,1.7597613275514558e-06,2.707325119309932e-06,2.707325119309932e-06,4.165115568169125e-06,4.165115568169125e-06,6.407870104875578e-06,6.407870104875578e-06,9.85826169980858e-06,9.85826169980858e-06,1.516655646124397e-05,3.141283954762321e-07,1.516655646124397e-05,2.333316378652918e-05,2.333316378652918e-05,3.589717505619874e-05,3.589717505619874e-05,5.522642316338268e-05,5.522642316338268e-05,5.522642316338268e-05,5.522642316338268e-05,4.832744545788186e-07,4.832744545788186e-07,7.434991608904902e-07,7.434991608904902e-07,1.1438448629084463e-06,1.1438448629084463e-06,1.7597613275514558e-06,86061,
,,,26,,,,,,,,,,,,,,,,,,,,,,,,,,,,,86069,0.005031469278037548
,,,26,,,,,,,,,,,,,,,,,,,,,,,,,,,,,86079,0.4403994679450989
,,,26,,,,,,,,,,,,,,,,,,,,,,,,,,,,,86089,0.007482299115508795
,,,26,,,,,,,,,,,,,,,,,,,,,,,,,,,,,86099,0.0021168028470128775
,,,26,,,,,,,,,,,,,,,,,,,,,,,,,,,,,86109,0.08059900999069214
,,,26,,,,,,,,,,,,,,,,,,,,,,,,,,,,,86119,0.020560698583722115
,,,26,,,,,,,,,,,,,,,,,,,,,,,,,,,,,86129,0.008646516129374504
,,,26,,,,,,,,,,,,,,,,,,,,,,,,,,,,,86139,0.2811267673969269
,,,26,,,,,,,,,,,,,,,,,,,,,,,,,,,,,86149,0.0013199647655710578
,,,26,,,,,,,,,,,,,,,,,,,,,,,,,,,,,86159,0.27603691816329956
,,,26,,,,,,,,,,,,,,,,,,,,,,,,,,,,,86169,0.7920684814453125
,,,26,,,,,,,,,,,,,,,,,,,,,,,,,,,,,86179,0.057215142995119095
,,,26,,,,,,,,,,,,,,,,,,,,,,,,,,,,,86189,0.004124249331653118
,,,26,,,,,,,,,,,,,,,,,,,,,,,,,,,,,86199,0.005215606186538935
,,,26,,,,,,,,,,,,,,,,,,,,,,,,,,,,,86209,0.1961606740951538
,,,26,,,,,,,,,,,,,,,,,,,,,,,,,,,,,86219,0.0663955956697464
,,,26,,,,,,,,,,,,,,,,,,,,,,,,,,,,,86229,0.010749337263405323
,,,26,,,,,,,,,,,,,,,,,,,,,,,,,,,,,86239,0.0018585791112855077
,,,26,,,,,,,,,,,,,,,,,,,,,,,,,,,,,86249,0.2557593584060669
,,,26,,,,,,,,,,,,,,,,,,,,,,,,,,,,,86259,0.002785430522635579
,,,26,,,,,,,,,,,,,,,,,,,,,,,,,,,,,86269,0.045812204480171204
,,,26,,,,,,,,,,,,,,,,,,,,,,,,,,,,,86279,0.00637860968708992
,,,26,,,,,,,,,,,,,,,,,,,,,,,,,,,,,86289,0.0029156117234379053
,,,26,,,,,,,,,,,,,,,,,,,,,,,,,,,,,86299,0.0025574981700628996
,,,26,,,,,,,,,,,,,,,,,,,,,,,,,,,,,86309,0.01198728196322918
,,,26,,,,,,,,,,,,,,,,,,,,,,,,,,,,,86319,0.0020187499467283487
,,,26,,,,,,,,,,,,,,,,,,,,,,,,,,,,,86329,0.23014211654663086
,,,26,,,,,,,,,,,,,,,,,,,,,,,,,,,,,86339,0.001630293671041727
,,,26,,,,,,,,,,,,,,,,,,,,,,,,,,,,,86349,0.3172033727169037
,,,26,,,,,,,,,,,,,,,,,,,,,,,,,,,,,86359,0.04162236303091049
,,,26,,,,,,,,,,,,,,,,,,,,,,,,,,,,,86369,0.0033786511048674583
,,,26,,,,,,,,,,,,,,,,,,,,,,,,,,,,,86379,0.0056540039367973804
,,,26,,,,,,,,,,,,,,,,,,,,,,,,,,,,,86389,0.06056002527475357
,,,26,,,,,,,,,,,,,,,,,,,,,,,,,,,,,86399,0.002209295751526952
,,,26,,,,,,,,,,,,,,,,,,,,,,,,,,,,,86409,0.0019397054566070437
,,,26,,,,,,,,,,,,,,,,,,,,,,,,,,,,,86419,0.005262148566544056
,,,26,,,,,,,,,,,,,,,,,,,,,,,,,,,,,86429,0.7008098363876343
,,,26,,,,,,,,,,,,,,,,,,,,,,,,,,,,,86439,0.23118935525417328
,,,26,,,,,,,,,,,,,,,,,,,,,,,,,,,,,86449,0.0016843278426676989
,,,26,,,,,,,,,,,,,,,,,,,,,,,,,,,,,86459,0.015549314208328724
,,,26,,,,,,,,,,,,,,,,,,,,,,,,,,,,,86469,0.003048066748306155
,,,26,,,,,,,,,,,,,,,,,,,,,,,,,,,,,86479,0.06362553685903549
,,,26,,,,,,,,,,,,,,,,,,,,,,,,,,,,,86489,0.003052075859159231
,,,26,,,,,,,,,,,,,,,,,,,,,,,,,,,,,86499,0.010326250456273556
,,,26,,,,,,,,,,,,,,,,,,,,,,,,,,,,,86509,0.0016451606061309576
,,,26,,,,,,,,,,,,,,,,,,,,,,,,,,,,,86519,0.0023389728739857674
,,,26,,,,,,,,,,,,,,,,,,,,,,,,,,,,,86529,0.006669864058494568
,,,26,,,,,,,,,,,,,,,,,,,,,,,,,,,,,86539,0.0022199666127562523
,,,26,,,,,,,,,,,,,,,,,,,,,,,,,,,,,86549,0.0044526103883981705
,,,26,,,,,,,,,,,,,,,,,,,,,,,,,,,,,86559,0.007092693820595741
,,,26,,,,,,,,,,,,,,,,,,,,,,,,,,,,,86569,0.31379595398902893
,,,26,,,,,,,,,,,,,,,,,,,,,,,,,,,,,86579,0.020441491156816483
,,,26,,,,,,,,,,,,,,,,,,,,,,,,,,,,,86589,0.16983531415462494
,,,26,,,,,,,,,,,,,,,,,,,,,,,,,,,,,86599,0.0035598366521298885
,,,26,,,,,,,,,,,,,,,,,,,,,,,,,,,,,86609,0.21910420060157776
,,,26,,,,,,,,,,,,,,,,,,,,,,,,,,,,,86619,0.08682606369256973
,,,26,,,,,,,,,,,,,,,,,,,,,,,,,,,,,86629,0.006889778655022383
,,,26,,,,,,,,,,,,,,,,,,,,,,,,,,,,,86639,0.0024503699969500303
,,,26,,,,,,,,,,,,,,,,,,,,,,,,,,,,,86649,0.0024867248721420765
,,,26,,,,,,,,,,,,,,,,,,,,,,,,,,,,,86659,0.19984880089759827
,,,26,,,,,,,,,,,,,,,,,,,,,,,,,,,,,86669,0.0015201380010694265
,,,26,,,,,,,,,,,,,,,,,,,,,,,,,,,,,86679,0.0020000089425593615
,,,26,,,,,,,,,,,,,,,,,,,,,,,,,,,,,86689,0.053140051662921906
,,,26,,,,,,,,,,,,,,,,,,,,,,,,,,,,,86699,0.18217192590236664
,,,26,,,,,,,,,,,,,,,,,,,,,,,,,,,,,86709,0.3826315104961395
,,,26,,,,,,,,,,,,,,,,,,,,,,,,,,,,,86719,0.0029352291021496058
,,,26,,,,,,,,,,,,,,,,,,,,,,,,,,,,,86729,0.02892794832587242
,,,26,,,,,,,,,,,,,,,,,,,,,,,,,,,,,86739,0.693795382976532
,,,26,,,,,,,,,,,,,,,,,,,,,,,,,,,,,86749,0.002762934658676386
,,,26,,,,,,,,,,,,,,,,,,,,,,,,,,,,,86759,0.0014596055261790752
,,,26,,,,,,,,,,,,,,,,,,,,,,,,,,,,,86769,0.007132093422114849
,,,26,,,,,,,,,,,,,,,,,,,,,,,,,,,,,86779,0.027834540233016014
,,,26,,,,,,,,,,,,,,,,,,,,,,,,,,,,,86789,0.11894422024488449
,,,26,,,,,,,,,,,,,,,,,,,,,,,,,,,,,86799,0.03463615104556084
,,,26,,,,,,,,,,,,,,,,,,,,,,,,,,,,,86809,0.008397359400987625
,,,26,,,,,,,,,,,,,,,,,,,,,,,,,,,,,86819,0.01242261566221714
,,,26,,,,,,,,,,,,,,,,,,,,,,,,,,,,,86829,0.5497772097587585
,,,26,,,,,,,,,,,,,,,,,,,,,,,,,,,,,86839,0.00212035677395761
,,,26,,,,,,,,,,,,,,,,,,,,,,,,,,,,,86849,0.0020444325637072325
,,,26,,,,,,,,,,,,,,,,,,,,,,,,,,,,,86859,0.358355313539505
,,,26,,,,,,,,,,,,,,,,,,,,,,,,,,,,,86869,0.11682946234941483
,,,26,,,,,,,,,,,,,,,,,,,,,,,,,,,,,86879,0.0016088985139504075
,,,26,,,,,,,,,,,,,,,,,,,,,,,,,,,,,86889,0.0016396010760217905
,,,26,,,,,,,,,,,,,,,,,,,,,,,,,,,,,86899,0.0027142707258462906
,,,26,,,,,,,,,,,,,,,,,,,,,,,,,,,,,86909,0.0539141483604908
,,,26,,,,,,,,,,,,,,,,,,,,,,,,,,,,,86919,0.003585780505090952
,,,26,,,,,,,,,,,,,,,,,,,,,,,,,,,,,86929,0.19636084139347076
,,,26,,,,,,,,,,,,,,,,,,,,,,,,,,,,,86939,0.0017074375646188855
,,,26,,,,,,,,,,,,,,,,,,,,,,,,,,,,,86949,0.004662967287003994
,,,26,,,,,,,,,,,,,,,,,,,,,,,,,,,,,86959,0.016443351283669472
,,,26,,,,,,,,,,,,,,,,,,,,,,,,,,,,,86969,0.00313228415325284
,,,26,,,,,,,,,,,,,,,,,,,,,,,,,,,,,86979,0.005298139993101358
,,,26,,,,,,,,,,,,,,,,,,,,,,,,,,,,,86989,0.0034672063775360584
,,,26,,,,,,,,,,,,,,,,,,,,,,,,,,,,,86999,0.8979056477546692
,,,26,,,,,,,,,,,,,,,,,,,,,,,,,,,,,87009,0.001533622620627284
,,,26,,,,,,,,,,,,,,,,,,,,,,,,,,,,,87019,0.013241647742688656
,,,26,,,,,,,,,,,,,,,,,,,,,,,,,,,,,87029,0.019053183495998383
,,,26,,,,,,,,,,,,,,,,,,,,,,,,,,,,,87039,0.3048192262649536
,,,26,,,,,,,,,,,,,,,,,,,,,,,,,,,,,87049,0.001607982674613595
,,,26,,,,,,,,,,,,,,,,,,,,,,,,,,,,,87059,0.004219312220811844
,,,26,,,,,,,,,,,,,,,,,,,,,,,,,,,,,87069,0.0019244116265326738
,,,26,,,,,,,,,,,,,,,,,,,,,,,,,,,,,87079,0.24423012137413025
,,,26,,,,,,,,,,,,,,,,,,,,,,,,,,,,,87089,0.0019506748067215085
,,,26,,,,,,,,,,,,,,,,,,,,,,,,,,,,,87099,0.004267147276550531
,,,26,,,,,,,,,,,,,,,,,,,,,,,,,,,,,87109,0.05313308164477348
,,,26,,,,,,,,,,,,,,,,,,,,,,,,,,,,,87119,0.011688404716551304
,,,26,,,,,,,,,,,,,,,,,,,,,,,,,,,,,87129,0.0031866838689893484
,,,26,,,,,,,,,,,,,,,,,,,,,,,,,,,,,87139,0.0030725947581231594
,,,26,,,,,,,,,,,,,,,,,,,,,,,,,,,,,87149,0.004347098991274834
,,,26,,,,,,,,,,,,,,,,,,,,,,,,,,,,,87159,0.012665658257901669
,,,26,,,,,,,,,,,,,,,,,,,,,,,,,,,,,87169,0.035470232367515564
,,,26,,,,,,,,,,,,,,,,,,,,,,,,,,,,,87179,0.1683228611946106
,,,26,,,,,,,,,,,,,,,,,,,,,,,,,,,,,87189,0.0021331694442778826
,,,26,,,,,,,,,,,,,,,,,,,,,,,,,,,,,87199,0.9926385283470154
,,,26,,,,,,,,,,,,,,,,,,,,,,,,,,,,,87209,0.006154200993478298
,,,26,,,,,,,,,,,,,,,,,,,,,,,,,,,,,87219,0.020526086911559105
,,,26,,,,,,,,,,,,,,,,,,,,,,,,,,,,,87229,0.003335812361910939
,,,26,,,,,,,,,,,,,,,,,,,,,,,,,,,,,87239,0.48872432112693787
,,,26,,,,,,,,,,,,,,,,,,,,,,,,,,,,,87249,0.010092688724398613
,,,26,,,,,,,,,,,,,,,,,,,,,,,,,,,,,87259,0.004154076799750328
,,,26,,,,,,,,,,,,,,,,,,,,,,,,,,,,,87269,0.003015536582097411
,,,26,,,,,,,,,,,,,,,,,,,,,,,,,,,,,87279,0.0015565240755677223
,,,26,,,,,,,,,,,,,,,,,,,,,,,,,,,,,87289,0.015245276503264904
,,,26,,,,,,,,,,,,,,,,,,,,,,,,,,,,,87299,0.004962658975273371
,,,26,,,,,,,,,,,,,,,,,,,,,,,,,,,,,87309,0.0015203547663986683
,,,26,,,,,,,,,,,,,,,,,,,,,,,,,,,,,87319,0.004735525231808424
,,,26,,,,,,,,,,,,,,,,,,,,,,,,,,,,,87329,0.002142812591046095
,,,26,,,,,,,,,,,,,,,,,,,,,,,,,,,,,87339,0.004357496276497841
,,,26,,,,,,,,,,,,,,,,,,,,,,,,,,,,,87349,0.0026167775504291058
,,,26,,,,,,,,,,,,,,,,,,,,,,,,,,,,,87359,0.5304732918739319
,,,26,,,,,,,,,,,,,,,,,,,,,,,,,,,,,87369,0.011681119911372662
,,,26,,,,,,,,,,,,,,,,,,,,,,,,,,,,,87379,0.074839286506176
,,,26,,,,,,,,,,,,,,,,,,,,,,,,,,,,,87389,0.17277634143829346
,,,26,,,,,,,,,,,,,,,,,,,,,,,,,,,,,87399,0.0014391960576176643
,,,26,,,,,,,,,,,,,,,,,,,,,,,,,,,,,87409,0.019876612350344658
,,,26,,,,,,,,,,,,,,,,,,,,,,,,,,,,,87419,0.26315057277679443
,,,26,,,,,,,,,,,,,,,,,,,,,,,,,,,,,87429,0.015593484975397587
,,,26,,,,,,,,,,,,,,,,,,,,,,,,,,,,,87439,0.01403583213686943
,,,26,,,,,,,,,,,,,,,,,,,,,,,,,,,,,87449,0.0022181998938322067
,,,26,,,,,,,,,,,,,,,,,,,,,,,,,,,,,87459,0.013388875871896744
,,,26,,,,,,,,,,,,,,,,,,,,,,,,,,,,,87469,0.838471531867981
,,,26,,,,,,,,,,,,,,,,,,,,,,,,,,,,,87479,0.010690934956073761
,,,26,,,,,,,,,,,,,,,,,,,,,,,,,,,,,87489,0.001092105288989842
,,,26,,,,,,,,,,,,,,,,,,,,,,,,,,,,,87499,0.1184752807021141
,,,26,,,,,,,,,,,,,,,,,,,,,,,,,,,,,87509,0.004651273600757122
,,,26,,,,,,,,,,,,,,,,,,,,,,,,,,,,,87519,0.03753814846277237
,,,26,,,,,,,,,,,,,,,,,,,,,,,,,,,,,87529,0.0031561083160340786
,,,26,,,,,,,,,,,,,,,,,,,,,,,,,,,,,87539,0.06938143819570541
,,,26,,,,,,,,,,,,,,,,,,,,,,,,,,,,,87549,0.10451257973909378
,,,26,,,,,,,,,,,,,,,,,,,,,,,,,,,,,87559,0.007052868604660034
,,,26,,,,,,,,,,,,,,,,,,,,,,,,,,,,,87569,0.003879119176417589
,,,26,,,,,,,,,,,,,,,,,,,,,,,,,,,,,87579,0.01132669672369957
,,,26,,,,,,,,,,,,,,,,,,,,,,,,,,,,,87589,0.0021301943343132734
,,,26,,,,,,,,,,,,,,,,,,,,,,,,,,,,,87599,0.005346307996660471
,,,26,,,,,,,,,,,,,,,,,,,,,,,,,,,,,87609,0.004049370996654034
,,,26,,,,,,,,,,,,,,,,,,,,,,,,,,,,,87619,0.003525571431964636
,,,26,,,,,,,,,,,,,,,,,,,,,,,,,,,,,87629,0.0023153526708483696
,,,26,,,,,,,,,,,,,,,,,,,,,,,,,,,,,87639,0.00247957487590611
,,,26,,,,,,,,,,,,,,,,,,,,,,,,,,,,,87649,0.0032202377915382385
,,,26,,,,,,,,,,,,,,,,,,,,,,,,,,,,,87659,0.0033687460236251354
,,,26,,,,,,,,,,,,,,,,,,,,,,,,,,,,,87669,0.32970866560935974
,,,26,,,,,,,,,,,,,,,,,,,,,,,,,,,,,87679,0.0018220730125904083
,,,26,,,,,,,,,,,,,,,,,,,,,,,,,,,,,87689,0.002002375666052103
,,,26,,,,,,,,,,,,,,,,,,,,,,,,,,,,,87699,0.0754052922129631
,,,26,,,,,,,,,,,,,,,,,,,,,,,,,,,,,87709,0.005969176068902016
,,,26,,,,,,,,,,,,,,,,,,,,,,,,,,,,,87719,0.0035811851266771555
,,,26,,,,,,,,,,,,,,,,,,,,,,,,,,,,,87729,0.0013313113013282418
,,,26,,,,,,,,,,,,,,,,,,,,,,,,,,,,,87739,0.0026936910580843687
,,,26,,,,,,,,,,,,,,,,,,,,,,,,,,,,,87749,0.01675380952656269
,,,26,,,,,,,,,,,,,,,,,,,,,,,,,,,,,87759,0.005142427049577236
,,,26,,,,,,,,,,,,,,,,,,,,,,,,,,,,,87769,0.003928526304662228
,,,26,,,,,,,,,,,,,,,,,,,,,,,,,,,,,87779,0.0021767790894955397
,,,26,,,,,,,,,,,,,,,,,,,,,,,,,,,,,87789,0.007930926978588104
,,,26,,,,,,,,,,,,,,,,,,,,,,,,,,,,,87799,0.0020792875438928604
,,,26,,,,,,,,,,,,,,,,,,,,,,,,,,,,,87809,3.304427146911621
,,,26,,,,,,,,,,,,,,,,,,,,,,,,,,,,,87819,0.4768015444278717
,,,26,,,,,,,,,,,,,,,,,,,,,,,,,,,,,87829,0.0014917656080797315
,,,26,,,,,,,,,,,,,,,,,,,,,,,,,,,,,87839,0.0026565666776150465
,,,26,,,,,,,,,,,,,,,,,,,,,,,,,,,,,87849,0.007313134614378214
,,,26,,,,,,,,,,,,,,,,,,,,,,,,,,,,,87859,0.0020647612400352955
,,,26,,,,,,,,,,,,,,,,,,,,,,,,,,,,,87869,0.11434638500213623
,,,26,,,,,,,,,,,,,,,,,,,,,,,,,,,,,87879,0.02064022794365883
,,,26,,,,,,,,,,,,,,,,,,,,,,,,,,,,,87889,0.001619032584130764
,,,26,,,,,,,,,,,,,,,,,,,,,,,,,,,,,87899,0.23859620094299316
,,,26,,,,,,,,,,,,,,,,,,,,,,,,,,,,,87909,0.33210447430610657
,,,26,,,,,,,,,,,,,,,,,,,,,,,,,,,,,87919,0.004792841151356697
,,,26,,,,,,,,,,,,,,,,,,,,,,,,,,,,,87929,0.821150004863739
,,,26,,,,,,,,,,,,,,,,,,,,,,,,,,,,,87939,0.4455556869506836
,,,26,,,,,,,,,,,,,,,,,,,,,,,,,,,,,87949,0.002528705168515444
,,,26,,,,,,,,,,,,,,,,,,,,,,,,,,,,,87959,0.003399644047021866
,,,26,,,,,,,,,,,,,,,,,,,,,,,,,,,,,87969,0.5077664256095886
,,,26,,,,,,,,,,,,,,,,,,,,,,,,,,,,,87979,0.00288038095459342
,,,26,,,,,,,,,,,,,,,,,,,,,,,,,,,,,87989,0.0025402535684406757
,,,26,,,,,,,,,,,,,,,,,,,,,,,,,,,,,87999,0.0019431678811088204
,,,26,,,,,,,,,,,,,,,,,,,,,,,,,,,,,88009,0.0037189279682934284
,,,26,,,,,,,,,,,,,,,,,,,,,,,,,,,,,88019,0.0014278370654210448
,,,26,,,,,,,,,,,,,,,,,,,,,,,,,,,,,88029,0.020339051261544228
,,,26,,,,,,,,,,,,,,,,,,,,,,,,,,,,,88039,0.002256378997117281
,,,26,,,,,,,,,,,,,,,,,,,,,,,,,,,,,88049,0.00151273503433913
,,,26,,,,,,,,,,,,,,,,,,,,,,,,,,,,,88059,0.11742843687534332
,,,26,,,,,,,,,,,,,,,,,,,,,,,,,,,,,88069,0.0037346663884818554
,,,26,,,,,,,,,,,,,,,,,,,,,,,,,,,,,88079,0.015428210608661175
,,,26,,,,,,,,,,,,,,,,,,,,,,,,,,,,,88089,0.004392161965370178
,,,26,,,,,,,,,,,,,,,,,,,,,,,,,,,,,88099,0.25001004338264465
,,,26,,,,,,,,,,,,,,,,,,,,,,,,,,,,,88109,0.00636705569922924
,,,26,,,,,,,,,,,,,,,,,,,,,,,,,,,,,88119,0.028577234596014023
,,,26,,,,,,,,,,,,,,,,,,,,,,,,,,,,,88129,0.16098015010356903
,,,26,,,,,,,,,,,,,,,,,,,,,,,,,,,,,88139,0.0026849182322621346
,,,26,,,,,,,,,,,,,,,,,,,,,,,,,,,,,88149,0.0053091696463525295
,,,26,,,,,,,,,,,,,,,,,,,,,,,,,,,,,88159,0.0026490329764783382
,,,26,,,,,,,,,,,,,,,,,,,,,,,,,,,,,88169,0.014183958992362022
,,,26,,,,,,,,,,,,,,,,,,,,,,,,,,,,,88179,0.003851823043078184
,,,26,,,,,,,,,,,,,,,,,,,,,,,,,,,,,88189,0.0026391756255179644
,,,26,,,,,,,,,,,,,,,,,,,,,,,,,,,,,88199,0.01599302515387535
,,,26,,,,,,,,,,,,,,,,,,,,,,,,,,,,,88209,0.003218814032152295
,,,26,,,,,,,,,,,,,,,,,,,,,,,,,,,,,88219,0.003546076128259301
,,,26,,,,,,,,,,,,,,,,,,,,,,,,,,,,,88229,0.011345922946929932
,,,26,,,,,,,,,,,,,,,,,,,,,,,,,,,,,88239,0.002167137572541833
,,,26,,,,,,,,,,,,,,,,,,,,,,,,,,,,,88249,0.003447246039286256
,,,26,,,,,,,,,,,,,,,,,,,,,,,,,,,,,88259,0.007131746970117092
,,,26,,,,,,,,,,,,,,,,,,,,,,,,,,,,,88269,0.001021857257001102
,,,26,,,,,,,,,,,,,,,,,,,,,,,,,,,,,88279,0.002651374554261565
,,,26,,,,,,,,,,,,,,,,,,,,,,,,,,,,,88289,0.005267737433314323
,,,26,,,,,,,,,,,,,,,,,,,,,,,,,,,,,88299,0.004171526059508324
,,,26,,,,,,,,,,,,,,,,,,,,,,,,,,,,,88309,0.004577252548187971
,,,26,,,,,,,,,,,,,,,,,,,,,,,,,,,,,88319,0.8550448417663574
,,,26,,,,,,,,,,,,,,,,,,,,,,,,,,,,,88329,0.004570099990814924
,,,26,,,,,,,,,,,,,,,,,,,,,,,,,,,,,88339,0.0006417107651941478
,,,26,,,,,,,,,,,,,,,,,,,,,,,,,,,,,88349,0.00513903284445405
,,,26,,,,,,,,,,,,,,,,,,,,,,,,,,,,,88359,0.0011578997364267707
,,,26,,,,,,,,,,,,,,,,,,,,,,,,,,,,,88369,0.0029295498970896006
,,,26,,,,,,,,,,,,,,,,,,,,,,,,,,,,,88379,0.0021357296500355005
,,,26,,,,,,,,,,,,,,,,,,,,,,,,,,,,,88389,0.0039204941131174564
,,,26,,,,,,,,,,,,,,,,,,,,,,,,,,,,,88399,0.00275146821513772
,,,26,,,,,,,,,,,,,,,,,,,,,,,,,,,,,88409,0.26218757033348083
,,,26,,,,,,,,,,,,,,,,,,,,,,,,,,,,,88419,0.03025088645517826
,,,26,,,,,,,,,,,,,,,,,,,,,,,,,,,,,88429,0.004195299930870533
,,,26,,,,,,,,,,,,,,,,,,,,,,,,,,,,,88439,0.0015180950285866857
,,,26,,,,,,,,,,,,,,,,,,,,,,,,,,,,,88449,0.0028482265770435333
,,,26,,,,,,,,,,,,,,,,,,,,,,,,,,,,,88459,1.6541944742202759
,,,26,,,,,,,,,,,,,,,,,,,,,,,,,,,,,88469,0.01259198784828186
,,,26,,,,,,,,,,,,,,,,,,,,,,,,,,,,,88479,0.0034208055585622787
,,,26,,,,,,,,,,,,,,,,,,,,,,,,,,,,,88489,0.0016825663624331355
,,,26,,,,,,,,,,,,,,,,,,,,,,,,,,,,,88499,0.00174349220469594
,,,26,,,,,,,,,,,,,,,,,,,,,,,,,,,,,88509,0.003655259497463703
,,,26,,,,,,,,,,,,,,,,,,,,,,,,,,,,,88519,0.003779370104894042
,,,26,,,,,,,,,,,,,,,,,,,,,,,,,,,,,88529,0.002070736140012741
,,,26,,,,,,,,,,,,,,,,,,,,,,,,,,,,,88539,0.005930899176746607
,,,26,,,,,,,,,,,,,,,,,,,,,,,,,,,,,88549,0.02898346073925495
,,,26,,,,,,,,,,,,,,,,,,,,,,,,,,,,,88559,0.07083530724048615
,,,26,,,,,,,,,,,,,,,,,,,,,,,,,,,,,88569,0.0009021001751534641
,,,26,,,,,,,,,,,,,,,,,,,,,,,,,,,,,88579,0.0037057127337902784
,,,26,,,,,,,,,,,,,,,,,,,,,,,,,,,,,88589,0.005936816334724426
,,,26,,,,,,,,,,,,,,,,,,,,,,,,,,,,,88599,0.016171593219041824
,,,26,,,,,,,,,,,,,,,,,,,,,,,,,,,,,88609,0.05215008556842804
,,,26,,,,,,,,,,,,,,,,,,,,,,,,,,,,,88619,0.05495110899209976
,,,26,,,,,,,,,,,,,,,,,,,,,,,,,,,,,88629,0.8336830139160156
,,,26,,,,,,,,,,,,,,,,,,,,,,,,,,,,,88639,0.003654834581539035
,,,26,,,,,,,,,,,,,,,,,,,,,,,,,,,,,88649,0.00310235982760787
,,,26,,,,,,,,,,,,,,,,,,,,,,,,,,,,,88659,0.47938814759254456
,,,26,,,,,,,,,,,,,,,,,,,,,,,,,,,,,88669,0.003643444273620844
,,,26,,,,,,,,,,,,,,,,,,,,,,,,,,,,,88679,0.009135274216532707
,,,26,,,,,,,,,,,,,,,,,,,,,,,,,,,,,88689,0.00978979840874672
,,,26,,,,,,,,,,,,,,,,,,,,,,,,,,,,,88699,0.0010155035415664315
,,,26,,,,,,,,,,,,,,,,,,,,,,,,,,,,,88709,0.0035708595532923937
,,,26,,,,,,,,,,,,,,,,,,,,,,,,,,,,,88719,0.005857331678271294
,,,26,,,,,,,,,,,,,,,,,,,,,,,,,,,,,88729,0.0032038011122494936
,,,26,,,,,,,,,,,,,,,,,,,,,,,,,,,,,88739,0.003646381665021181
,,,26,,,,,,,,,,,,,,,,,,,,,,,,,,,,,88749,0.0026271981187164783
,,,26,,,,,,,,,,,,,,,,,,,,,,,,,,,,,88759,0.003226249711588025
,,,26,,,,,,,,,,,,,,,,,,,,,,,,,,,,,88769,0.02252783253788948
,,,26,,,,,,,,,,,,,,,,,,,,,,,,,,,,,88779,0.48442813754081726
,,,26,,,,,,,,,,,,,,,,,,,,,,,,,,,,,88789,0.0038357998710125685
,,,26,,,,,,,,,,,,,,,,,,,,,,,,,,,,,88799,0.002424517646431923
,,,26,,,,,,,,,,,,,,,,,,,,,,,,,,,,,88809,0.0027222868520766497
,,,26,,,,,,,,,,,,,,,,,,,,,,,,,,,,,88819,0.24084921181201935
,,,26,,,,,,,,,,,,,,,,,,,,,,,,,,,,,88829,0.007767112459987402
,,,26,,,,,,,,,,,,,,,,,,,,,,,,,,,,,88839,0.2039700150489807
,,,26,,,,,,,,,,,,,,,,,,,,,,,,,,,,,88849,0.007215880788862705
,,,26,,,,,,,,,,,,,,,,,,,,,,,,,,,,,88859,0.0028065242804586887
,,,26,,,,,,,,,,,,,,,,,,,,,,,,,,,,,88869,0.020683765411376953
,,,26,,,,,,,,,,,,,,,,,,,,,,,,,,,,,88879,0.0024959761649370193
,,,26,,,,,,,,,,,,,,,,,,,,,,,,,,,,,88889,0.059333279728889465
,,,26,,,,,,,,,,,,,,,,,,,,,,,,,,,,,88899,0.005018046125769615
,,,26,,,,,,,,,,,,,,,,,,,,,,,,,,,,,88909,0.002025039168074727
,,,26,,,,,,,,,,,,,,,,,,,,,,,,,,,,,88919,0.19374901056289673
,,,26,,,,,,,,,,,,,,,,,,,,,,,,,,,,,88929,0.008723761886358261
,,,26,,,,,,,,,,,,,,,,,,,,,,,,,,,,,88939,0.23844434320926666
,,,26,,,,,,,,,,,,,,,,,,,,,,,,,,,,,88949,0.0029032097663730383
,,,26,,,,,,,,,,,,,,,,,,,,,,,,,,,,,88959,0.002067325636744499
,,,26,,,,,,,,,,,,,,,,,,,,,,,,,,,,,88969,0.01787668839097023
,,,26,,,,,,,,,,,,,,,,,,,,,,,,,,,,,88979,0.0015758011722937226
,,,26,,,,,,,,,,,,,,,,,,,,,,,,,,,,,88989,0.5305908918380737
,,,26,,,,,,,,,,,,,,,,,,,,,,,,,,,,,88999,0.21291127800941467
,,,26,,,,,,,,,,,,,,,,,,,,,,,,,,,,,89009,0.0030224784277379513
,,,26,,,,,,,,,,,,,,,,,,,,,,,,,,,,,89019,0.008111488074064255
,,,26,,,,,,,,,,,,,,,,,,,,,,,,,,,,,89029,0.0031232591718435287
,,,26,,,,,,,,,,,,,,,,,,,,,,,,,,,,,89039,0.0018670024583116174
,,,26,,,,,,,,,,,,,,,,,,,,,,,,,,,,,89049,0.015904564410448074
,,,26,,,,,,,,,,,,,,,,,,,,,,,,,,,,,89059,0.00821275357156992
,,,26,,,,,,,,,,,,,,,,,,,,,,,,,,,,,89069,0.0013048715190961957
,,,26,,,,,,,,,,,,,,,,,,,,,,,,,,,,,89079,0.001939554582349956
,,,26,,,,,,,,,,,,,,,,,,,,,,,,,,,,,89089,0.0036500825081020594
,,,26,,,,,,,,,,,,,,,,,,,,,,,,,,,,,89099,0.004131692927330732
,,,26,,,,,,,,,,,,,,,,,,,,,,,,,,,,,89109,0.13016462326049805
,,,26,,,,,,,,,,,,,,,,,,,,,,,,,,,,,89119,0.0013988834107294679
,,,26,,,,,,,,,,,,,,,,,,,,,,,,,,,,,89129,0.12036348134279251
,,,26,,,,,,,,,,,,,,,,,,,,,,,,,,,,,89139,0.0018895427929237485
,,,26,,,,,,,,,,,,,,,,,,,,,,,,,,,,,89149,0.005269631743431091
,,,26,,,,,,,,,,,,,,,,,,,,,,,,,,,,,89159,1.0157854557037354
,,,26,,,,,,,,,,,,,,,,,,,,,,,,,,,,,89169,0.005594282876700163
,,,26,,,,,,,,,,,,,,,,,,,,,,,,,,,,,89179,0.0024387643206864595
,,,26,,,,,,,,,,,,,,,,,,,,,,,,,,,,,89189,0.3837915062904358
,,,26,,,,,,,,,,,,,,,,,,,,,,,,,,,,,89199,0.004153912886977196
,,,26,,,,,,,,,,,,,,,,,,,,,,,,,,,,,89209,0.003906493075191975
,,,26,,,,,,,,,,,,,,,,,,,,,,,,,,,,,89219,0.00521192979067564
,,,26,,,,,,,,,,,,,,,,,,,,,,,,,,,,,89229,0.7632220387458801
,,,26,,,,,,,,,,,,,,,,,,,,,,,,,,,,,89239,0.012942740693688393
,,,26,,,,,,,,,,,,,,,,,,,,,,,,,,,,,89249,0.0018034139648079872
,,,26,,,,,,,,,,,,,,,,,,,,,,,,,,,,,89259,0.34688180685043335
,,,26,,,,,,,,,,,,,,,,,,,,,,,,,,,,,89269,0.0020310827530920506
,,,26,,,,,,,,,,,,,,,,,,,,,,,,,,,,,89279,0.013542544096708298
,,,26,,,,,,,,,,,,,,,,,,,,,,,,,,,,,89289,0.006393241696059704
,,,26,,,,,,,,,,,,,,,,,,,,,,,,,,,,,89299,1.8385896682739258
,,,26,,,,,,,,,,,,,,,,,,,,,,,,,,,,,89309,0.0012128972448408604
,,,26,,,,,,,,,,,,,,,,,,,,,,,,,,,,,89319,0.008983304724097252
,,,26,,,,,,,,,,,,,,,,,,,,,,,,,,,,,89329,0.002958447439596057
,,,26,,,,,,,,,,,,,,,,,,,,,,,,,,,,,89339,0.0021291817538440228
,,,26,,,,,,,,,,,,,,,,,,,,,,,,,,,,,89349,0.008094515651464462
,,,26,,,,,,,,,,,,,,,,,,,,,,,,,,,,,89359,0.006418683100491762
,,,26,,,,,,,,,,,,,,,,,,,,,,,,,,,,,89369,0.007518424652516842
,,,,2.943258858323685e-07,1.648826782436853e-06,2.5366565883643888e-06,2.5366565883643888e-06,3.902548597483675e-06,3.902548597483675e-06,6.003920919205654e-06,6.003920919205654e-06,9.236801414162544e-06,9.236801414162544e-06,1.4210463714096221e-05,2.943258858323685e-07,1.4210463714096221e-05,2.1862251867840337e-05,2.1862251867840337e-05,3.363423364283129e-05,3.363423364283129e-05,5.174497483512506e-05,5.174497483512506e-05,5.174497483512506e-05,5.174497483512506e-05,4.5280905512672074e-07,4.5280905512672074e-07,6.966293155795704e-07,6.966293155795704e-07,1.0717374085839545e-06,1.0717374085839545e-06,1.648826782436853e-06,89371,
,,,27,,,,,,,,,,,,,,,,,,,,,,,,,,,,,89379,0.0033732380252331495
,,,27,,,,,,,,,,,,,,,,,,,,,,,,,,,,,89389,0.049428217113018036
,,,27,,,,,,,,,,,,,,,,,,,,,,,,,,,,,89399,0.05019751191139221
,,,27,,,,,,,,,,,,,,,,,,,,,,,,,,,,,89409,0.0030646331142634153
,,,27,,,,,,,,,,,,,,,,,,,,,,,,,,,,,89419,0.0044046612456440926
,,,27,,,,,,,,,,,,,,,,,,,,,,,,,,,,,89429,0.0046161385253071785
,,,27,,,,,,,,,,,,,,,,,,,,,,,,,,,,,89439,0.0028175313491374254
,,,27,,,,,,,,,,,,,,,,,,,,,,,,,,,,,89449,0.002300875261425972
,,,27,,,,,,,,,,,,,,,,,,,,,,,,,,,,,89459,0.006580646615475416
,,,27,,,,,,,,,,,,,,,,,,,,,,,,,,,,,89469,0.9272986650466919
,,,27,,,,,,,,,,,,,,,,,,,,,,,,,,,,,89479,0.002849341370165348
,,,27,,,,,,,,,,,,,,,,,,,,,,,,,,,,,89489,0.005193598568439484
,,,27,,,,,,,,,,,,,,,,,,,,,,,,,,,,,89499,0.4430338740348816
,,,27,,,,,,,,,,,,,,,,,,,,,,,,,,,,,89509,0.0022467910312116146
,,,27,,,,,,,,,,,,,,,,,,,,,,,,,,,,,89519,0.004598368424922228
,,,27,,,,,,,,,,,,,,,,,,,,,,,,,,,,,89529,0.0019173095934092999
,,,27,,,,,,,,,,,,,,,,,,,,,,,,,,,,,89539,0.0026586020831018686
,,,27,,,,,,,,,,,,,,,,,,,,,,,,,,,,,89549,0.2697709798812866
,,,27,,,,,,,,,,,,,,,,,,,,,,,,,,,,,89559,0.00309018325060606
,,,27,,,,,,,,,,,,,,,,,,,,,,,,,,,,,89569,0.0055254665203392506
,,,27,,,,,,,,,,,,,,,,,,,,,,,,,,,,,89579,0.0016987296985462308
,,,27,,,,,,,,,,,,,,,,,,,,,,,,,,,,,89589,0.008840138092637062
,,,27,,,,,,,,,,,,,,,,,,,,,,,,,,,,,89599,0.003113288665190339
,,,27,,,,,,,,,,,,,,,,,,,,,,,,,,,,,89609,0.14893843233585358
,,,27,,,,,,,,,,,,,,,,,,,,,,,,,,,,,89619,0.0030609420500695705
,,,27,,,,,,,,,,,,,,,,,,,,,,,,,,,,,89629,0.0008953858632594347
,,,27,,,,,,,,,,,,,,,,,,,,,,,,,,,,,89639,0.18347211182117462
,,,27,,,,,,,,,,,,,,,,,,,,,,,,,,,,,89649,0.010527677834033966
,,,27,,,,,,,,,,,,,,,,,,,,,,,,,,,,,89659,0.3830564022064209
,,,27,,,,,,,,,,,,,,,,,,,,,,,,,,,,,89669,0.003256934229284525
,,,27,,,,,,,,,,,,,,,,,,,,,,,,,,,,,89679,0.01868104748427868
,,,27,,,,,,,,,,,,,,,,,,,,,,,,,,,,,89689,0.0018269956344738603
,,,27,,,,,,,,,,,,,,,,,,,,,,,,,,,,,89699,0.013489934615790844
,,,27,,,,,,,,,,,,,,,,,,,,,,,,,,,,,89709,0.021074963733553886
,,,27,,,,,,,,,,,,,,,,,,,,,,,,,,,,,89719,0.004814815241843462
,,,27,,,,,,,,,,,,,,,,,,,,,,,,,,,,,89729,0.023164691403508186
,,,27,,,,,,,,,,,,,,,,,,,,,,,,,,,,,89739,0.42146000266075134
,,,27,,,,,,,,,,,,,,,,,,,,,,,,,,,,,89749,0.020297707989811897
,,,27,,,,,,,,,,,,,,,,,,,,,,,,,,,,,89759,0.0033139551524072886
,,,27,,,,,,,,,,,,,,,,,,,,,,,,,,,,,89769,0.002231128280982375
,,,27,,,,,,,,,,,,,,,,,,,,,,,,,,,,,89779,0.1621582955121994
,,,27,,,,,,,,,,,,,,,,,,,,,,,,,,,,,89789,0.012937283143401146
,,,27,,,,,,,,,,,,,,,,,,,,,,,,,,,,,89799,0.003227614564821124
,,,27,,,,,,,,,,,,,,,,,,,,,,,,,,,,,89809,0.01328559685498476
,,,27,,,,,,,,,,,,,,,,,,,,,,,,,,,,,89819,0.005565968807786703
,,,27,,,,,,,,,,,,,,,,,,,,,,,,,,,,,89829,1.3239973783493042
,,,27,,,,,,,,,,,,,,,,,,,,,,,,,,,,,89839,0.5242813229560852
,,,27,,,,,,,,,,,,,,,,,,,,,,,,,,,,,89849,0.12257745862007141
,,,27,,,,,,,,,,,,,,,,,,,,,,,,,,,,,89859,0.4413149654865265
,,,27,,,,,,,,,,,,,,,,,,,,,,,,,,,,,89869,0.001954188570380211
,,,27,,,,,,,,,,,,,,,,,,,,,,,,,,,,,89879,0.0038093943148851395
,,,27,,,,,,,,,,,,,,,,,,,,,,,,,,,,,89889,0.0011734372237697244
,,,27,,,,,,,,,,,,,,,,,,,,,,,,,,,,,89899,0.007832925766706467
,,,27,,,,,,,,,,,,,,,,,,,,,,,,,,,,,89909,0.17044292390346527
,,,27,,,,,,,,,,,,,,,,,,,,,,,,,,,,,89919,0.0014175049727782607
,,,27,,,,,,,,,,,,,,,,,,,,,,,,,,,,,89929,0.0015716523630544543
,,,27,,,,,,,,,,,,,,,,,,,,,,,,,,,,,89939,0.0025114775635302067
,,,27,,,,,,,,,,,,,,,,,,,,,,,,,,,,,89949,0.0017888154834508896
,,,27,,,,,,,,,,,,,,,,,,,,,,,,,,,,,89959,0.009281099773943424
,,,27,,,,,,,,,,,,,,,,,,,,,,,,,,,,,89969,0.0036766272969543934
,,,27,,,,,,,,,,,,,,,,,,,,,,,,,,,,,89979,0.006043585482984781
,,,27,,,,,,,,,,,,,,,,,,,,,,,,,,,,,89989,0.001423167297616601
,,,27,,,,,,,,,,,,,,,,,,,,,,,,,,,,,89999,0.0017645967891439795
,,,27,,,,,,,,,,,,,,,,,,,,,,,,,,,,,90009,0.0017947677988559008
,,,27,,,,,,,,,,,,,,,,,,,,,,,,,,,,,90019,0.0016642117407172918
,,,27,,,,,,,,,,,,,,,,,,,,,,,,,,,,,90029,0.0023153347428888083
,,,27,,,,,,,,,,,,,,,,,,,,,,,,,,,,,90039,0.012094580568373203
,,,27,,,,,,,,,,,,,,,,,,,,,,,,,,,,,90049,0.003858600975945592
,,,27,,,,,,,,,,,,,,,,,,,,,,,,,,,,,90059,0.0032051217276602983
,,,27,,,,,,,,,,,,,,,,,,,,,,,,,,,,,90069,1.0186662673950195
,,,27,,,,,,,,,,,,,,,,,,,,,,,,,,,,,90079,0.38465288281440735
,,,27,,,,,,,,,,,,,,,,,,,,,,,,,,,,,90089,0.00295243039727211
,,,27,,,,,,,,,,,,,,,,,,,,,,,,,,,,,90099,0.48371702432632446
,,,27,,,,,,,,,,,,,,,,,,,,,,,,,,,,,90109,0.01167910173535347
,,,27,,,,,,,,,,,,,,,,,,,,,,,,,,,,,90119,0.002240988193079829
,,,27,,,,,,,,,,,,,,,,,,,,,,,,,,,,,90129,0.0035121517721563578
,,,27,,,,,,,,,,,,,,,,,,,,,,,,,,,,,90139,0.0009969326201826334
,,,27,,,,,,,,,,,,,,,,,,,,,,,,,,,,,90149,0.0035998665262013674
,,,27,,,,,,,,,,,,,,,,,,,,,,,,,,,,,90159,0.0025798629503697157
,,,27,,,,,,,,,,,,,,,,,,,,,,,,,,,,,90169,0.00890304148197174
,,,27,,,,,,,,,,,,,,,,,,,,,,,,,,,,,90179,0.0017637093551456928
,,,27,,,,,,,,,,,,,,,,,,,,,,,,,,,,,90189,0.0019407031359151006
,,,27,,,,,,,,,,,,,,,,,,,,,,,,,,,,,90199,0.0031110935378819704
,,,27,,,,,,,,,,,,,,,,,,,,,,,,,,,,,90209,0.013170113787055016
,,,27,,,,,,,,,,,,,,,,,,,,,,,,,,,,,90219,1.2225735187530518
,,,27,,,,,,,,,,,,,,,,,,,,,,,,,,,,,90229,0.001732031931169331
,,,27,,,,,,,,,,,,,,,,,,,,,,,,,,,,,90239,0.2340395450592041
,,,27,,,,,,,,,,,,,,,,,,,,,,,,,,,,,90249,0.010897547006607056
,,,27,,,,,,,,,,,,,,,,,,,,,,,,,,,,,90259,0.024945218116044998
,,,27,,,,,,,,,,,,,,,,,,,,,,,,,,,,,90269,0.0011267461813986301
,,,27,,,,,,,,,,,,,,,,,,,,,,,,,,,,,90279,0.004324261099100113
,,,27,,,,,,,,,,,,,,,,,,,,,,,,,,,,,90289,0.001866279635578394
,,,27,,,,,,,,,,,,,,,,,,,,,,,,,,,,,90299,2.70224928855896
,,,27,,,,,,,,,,,,,,,,,,,,,,,,,,,,,90309,0.003485608845949173
,,,27,,,,,,,,,,,,,,,,,,,,,,,,,,,,,90319,0.00267473584972322
,,,27,,,,,,,,,,,,,,,,,,,,,,,,,,,,,90329,0.0017710040556266904
,,,27,,,,,,,,,,,,,,,,,,,,,,,,,,,,,90339,0.010963459499180317
,,,27,,,,,,,,,,,,,,,,,,,,,,,,,,,,,90349,0.03472627326846123
,,,27,,,,,,,,,,,,,,,,,,,,,,,,,,,,,90359,0.0041198283433914185
,,,27,,,,,,,,,,,,,,,,,,,,,,,,,,,,,90369,0.011473733000457287
,,,27,,,,,,,,,,,,,,,,,,,,,,,,,,,,,90379,0.006319758947938681
,,,27,,,,,,,,,,,,,,,,,,,,,,,,,,,,,90389,0.12537150084972382
,,,27,,,,,,,,,,,,,,,,,,,,,,,,,,,,,90399,0.0820867195725441
,,,27,,,,,,,,,,,,,,,,,,,,,,,,,,,,,90409,0.24341562390327454
,,,27,,,,,,,,,,,,,,,,,,,,,,,,,,,,,90419,0.001933249062858522
,,,27,,,,,,,,,,,,,,,,,,,,,,,,,,,,,90429,0.0038157214876264334
,,,27,,,,,,,,,,,,,,,,,,,,,,,,,,,,,90439,0.0006340851541608572
,,,27,,,,,,,,,,,,,,,,,,,,,,,,,,,,,90449,0.016591455787420273
,,,27,,,,,,,,,,,,,,,,,,,,,,,,,,,,,90459,0.0021041319705545902
,,,27,,,,,,,,,,,,,,,,,,,,,,,,,,,,,90469,0.013858407735824585
,,,27,,,,,,,,,,,,,,,,,,,,,,,,,,,,,90479,0.003987736534327269
,,,27,,,,,,,,,,,,,,,,,,,,,,,,,,,,,90489,0.11287176609039307
,,,27,,,,,,,,,,,,,,,,,,,,,,,,,,,,,90499,0.0022374202962964773
,,,27,,,,,,,,,,,,,,,,,,,,,,,,,,,,,90509,0.0021417720708996058
,,,27,,,,,,,,,,,,,,,,,,,,,,,,,,,,,90519,0.0020603900775313377
,,,27,,,,,,,,,,,,,,,,,,,,,,,,,,,,,90529,0.002375965705141425
,,,27,,,,,,,,,,,,,,,,,,,,,,,,,,,,,90539,0.0023225999902933836
,,,27,,,,,,,,,,,,,,,,,,,,,,,,,,,,,90549,0.0025777299888432026
,,,27,,,,,,,,,,,,,,,,,,,,,,,,,,,,,90559,0.05857851728796959
,,,27,,,,,,,,,,,,,,,,,,,,,,,,,,,,,90569,0.0011054546339437366
,,,27,,,,,,,,,,,,,,,,,,,,,,,,,,,,,90579,0.0029754992574453354
,,,27,,,,,,,,,,,,,,,,,,,,,,,,,,,,,90589,0.016873467713594437
,,,27,,,,,,,,,,,,,,,,,,,,,,,,,,,,,90599,0.0026393989101052284
,,,27,,,,,,,,,,,,,,,,,,,,,,,,,,,,,90609,0.008846993558108807
,,,27,,,,,,,,,,,,,,,,,,,,,,,,,,,,,90619,0.001507250708527863
,,,27,,,,,,,,,,,,,,,,,,,,,,,,,,,,,90629,0.4304298162460327
,,,27,,,,,,,,,,,,,,,,,,,,,,,,,,,,,90639,0.0022129379212856293
,,,27,,,,,,,,,,,,,,,,,,,,,,,,,,,,,90649,0.13746200501918793
,,,27,,,,,,,,,,,,,,,,,,,,,,,,,,,,,90659,0.0011531529016792774
,,,27,,,,,,,,,,,,,,,,,,,,,,,,,,,,,90669,0.003463692031800747
,,,27,,,,,,,,,,,,,,,,,,,,,,,,,,,,,90679,0.04650125280022621
,,,27,,,,,,,,,,,,,,,,,,,,,,,,,,,,,90689,0.0011742700589820743
,,,27,,,,,,,,,,,,,,,,,,,,,,,,,,,,,90699,0.0020802104845643044
,,,27,,,,,,,,,,,,,,,,,,,,,,,,,,,,,90709,0.002793904859572649
,,,27,,,,,,,,,,,,,,,,,,,,,,,,,,,,,90719,0.0654262825846672
,,,27,,,,,,,,,,,,,,,,,,,,,,,,,,,,,90729,0.0024474537931382656
,,,27,,,,,,,,,,,,,,,,,,,,,,,,,,,,,90739,0.0009420956484973431
,,,27,,,,,,,,,,,,,,,,,,,,,,,,,,,,,90749,0.0032985967118293047
,,,27,,,,,,,,,,,,,,,,,,,,,,,,,,,,,90759,0.001443193876184523
,,,27,,,,,,,,,,,,,,,,,,,,,,,,,,,,,90769,0.0014230312081053853
,,,27,,,,,,,,,,,,,,,,,,,,,,,,,,,,,90779,0.035827577114105225
,,,27,,,,,,,,,,,,,,,,,,,,,,,,,,,,,90789,0.0014051605248823762
,,,27,,,,,,,,,,,,,,,,,,,,,,,,,,,,,90799,0.057952504605054855
,,,27,,,,,,,,,,,,,,,,,,,,,,,,,,,,,90809,0.002318571088835597
,,,27,,,,,,,,,,,,,,,,,,,,,,,,,,,,,90819,0.008994313888251781
,,,27,,,,,,,,,,,,,,,,,,,,,,,,,,,,,90829,0.6679263710975647
,,,27,,,,,,,,,,,,,,,,,,,,,,,,,,,,,90839,0.2851699888706207
,,,27,,,,,,,,,,,,,,,,,,,,,,,,,,,,,90849,0.0019181848037987947
,,,27,,,,,,,,,,,,,,,,,,,,,,,,,,,,,90859,0.08025283366441727
,,,27,,,,,,,,,,,,,,,,,,,,,,,,,,,,,90869,0.0040355403907597065
,,,27,,,,,,,,,,,,,,,,,,,,,,,,,,,,,90879,0.002460103714838624
,,,27,,,,,,,,,,,,,,,,,,,,,,,,,,,,,90889,0.0014525105943903327
,,,27,,,,,,,,,,,,,,,,,,,,,,,,,,,,,90899,0.0021995529532432556
,,,27,,,,,,,,,,,,,,,,,,,,,,,,,,,,,90909,0.37275320291519165
,,,27,,,,,,,,,,,,,,,,,,,,,,,,,,,,,90919,0.0032583624124526978
,,,27,,,,,,,,,,,,,,,,,,,,,,,,,,,,,90929,0.0019310609204694629
,,,27,,,,,,,,,,,,,,,,,,,,,,,,,,,,,90939,0.0033405174035578966
,,,27,,,,,,,,,,,,,,,,,,,,,,,,,,,,,90949,0.0018017978873103857
,,,27,,,,,,,,,,,,,,,,,,,,,,,,,,,,,90959,0.5144361853599548
,,,27,,,,,,,,,,,,,,,,,,,,,,,,,,,,,90969,0.004542175214737654
,,,27,,,,,,,,,,,,,,,,,,,,,,,,,,,,,90979,0.42349347472190857
,,,27,,,,,,,,,,,,,,,,,,,,,,,,,,,,,90989,0.0025353464297950268
,,,27,,,,,,,,,,,,,,,,,,,,,,,,,,,,,90999,0.0024216389283537865
,,,27,,,,,,,,,,,,,,,,,,,,,,,,,,,,,91009,0.0029858883935958147
,,,27,,,,,,,,,,,,,,,,,,,,,,,,,,,,,91019,0.003181621665135026
,,,27,,,,,,,,,,,,,,,,,,,,,,,,,,,,,91029,0.013880410231649876
,,,27,,,,,,,,,,,,,,,,,,,,,,,,,,,,,91039,0.0030649222899228334
,,,27,,,,,,,,,,,,,,,,,,,,,,,,,,,,,91049,0.4817671775817871
,,,27,,,,,,,,,,,,,,,,,,,,,,,,,,,,,91059,0.34319838881492615
,,,27,,,,,,,,,,,,,,,,,,,,,,,,,,,,,91069,0.0032137532252818346
,,,27,,,,,,,,,,,,,,,,,,,,,,,,,,,,,91079,0.0064197988249361515
,,,27,,,,,,,,,,,,,,,,,,,,,,,,,,,,,91089,0.036242615431547165
,,,27,,,,,,,,,,,,,,,,,,,,,,,,,,,,,91099,0.0014966048765927553
,,,27,,,,,,,,,,,,,,,,,,,,,,,,,,,,,91109,0.004938903730362654
,,,27,,,,,,,,,,,,,,,,,,,,,,,,,,,,,91119,0.007037458475679159
,,,27,,,,,,,,,,,,,,,,,,,,,,,,,,,,,91129,0.004699391778558493
,,,27,,,,,,,,,,,,,,,,,,,,,,,,,,,,,91139,0.324420303106308
,,,27,,,,,,,,,,,,,,,,,,,,,,,,,,,,,91149,0.002098673954606056
,,,27,,,,,,,,,,,,,,,,,,,,,,,,,,,,,91159,0.014511608518660069
,,,27,,,,,,,,,,,,,,,,,,,,,,,,,,,,,91169,0.033345457166433334
,,,27,,,,,,,,,,,,,,,,,,,,,,,,,,,,,91179,0.0015887763584032655
,,,27,,,,,,,,,,,,,,,,,,,,,,,,,,,,,91189,0.0021473856177181005
,,,27,,,,,,,,,,,,,,,,,,,,,,,,,,,,,91199,0.003204039065167308
,,,27,,,,,,,,,,,,,,,,,,,,,,,,,,,,,91209,0.007672160863876343
,,,27,,,,,,,,,,,,,,,,,,,,,,,,,,,,,91219,1.1731197834014893
,,,27,,,,,,,,,,,,,,,,,,,,,,,,,,,,,91229,0.002070246497169137
,,,27,,,,,,,,,,,,,,,,,,,,,,,,,,,,,91239,0.0009633276495151222
,,,27,,,,,,,,,,,,,,,,,,,,,,,,,,,,,91249,0.002024892484769225
,,,27,,,,,,,,,,,,,,,,,,,,,,,,,,,,,91259,0.003948989324271679
,,,27,,,,,,,,,,,,,,,,,,,,,,,,,,,,,91269,0.10460453480482101
,,,27,,,,,,,,,,,,,,,,,,,,,,,,,,,,,91279,0.0441724956035614
,,,27,,,,,,,,,,,,,,,,,,,,,,,,,,,,,91289,0.03832364082336426
,,,27,,,,,,,,,,,,,,,,,,,,,,,,,,,,,91299,0.9127687215805054
,,,27,,,,,,,,,,,,,,,,,,,,,,,,,,,,,91309,0.0015859409468248487
,,,27,,,,,,,,,,,,,,,,,,,,,,,,,,,,,91319,0.0010221356060355902
,,,27,,,,,,,,,,,,,,,,,,,,,,,,,,,,,91329,0.0017819523345679045
,,,27,,,,,,,,,,,,,,,,,,,,,,,,,,,,,91339,0.4098239541053772
,,,27,,,,,,,,,,,,,,,,,,,,,,,,,,,,,91349,0.0012441461440175772
,,,27,,,,,,,,,,,,,,,,,,,,,,,,,,,,,91359,0.029166392982006073
,,,27,,,,,,,,,,,,,,,,,,,,,,,,,,,,,91369,0.001884609111584723
,,,27,,,,,,,,,,,,,,,,,,,,,,,,,,,,,91379,0.01531838346272707
,,,27,,,,,,,,,,,,,,,,,,,,,,,,,,,,,91389,0.002410475630313158
,,,27,,,,,,,,,,,,,,,,,,,,,,,,,,,,,91399,0.007014037109911442
,,,27,,,,,,,,,,,,,,,,,,,,,,,,,,,,,91409,0.6844573020935059
,,,27,,,,,,,,,,,,,,,,,,,,,,,,,,,,,91419,0.0023869809228926897
,,,27,,,,,,,,,,,,,,,,,,,,,,,,,,,,,91429,0.5658647418022156
,,,27,,,,,,,,,,,,,,,,,,,,,,,,,,,,,91439,0.0021318811923265457
,,,27,,,,,,,,,,,,,,,,,,,,,,,,,,,,,91449,0.022302815690636635
,,,27,,,,,,,,,,,,,,,,,,,,,,,,,,,,,91459,0.004365885630249977
,,,27,,,,,,,,,,,,,,,,,,,,,,,,,,,,,91469,0.01561614591628313
,,,27,,,,,,,,,,,,,,,,,,,,,,,,,,,,,91479,0.04215572401881218
,,,27,,,,,,,,,,,,,,,,,,,,,,,,,,,,,91489,0.002174695022404194
,,,27,,,,,,,,,,,,,,,,,,,,,,,,,,,,,91499,0.10474922508001328
,,,27,,,,,,,,,,,,,,,,,,,,,,,,,,,,,91509,0.0020411282312124968
,,,27,,,,,,,,,,,,,,,,,,,,,,,,,,,,,91519,0.0021294993348419666
,,,27,,,,,,,,,,,,,,,,,,,,,,,,,,,,,91529,0.08686563372612
,,,27,,,,,,,,,,,,,,,,,,,,,,,,,,,,,91539,0.01040268037468195
,,,27,,,,,,,,,,,,,,,,,,,,,,,,,,,,,91549,0.023293644189834595
,,,27,,,,,,,,,,,,,,,,,,,,,,,,,,,,,91559,0.00210751430131495
,,,27,,,,,,,,,,,,,,,,,,,,,,,,,,,,,91569,0.003752903314307332
,,,27,,,,,,,,,,,,,,,,,,,,,,,,,,,,,91579,0.013615955598652363
,,,27,,,,,,,,,,,,,,,,,,,,,,,,,,,,,91589,0.0017311044503003359
,,,27,,,,,,,,,,,,,,,,,,,,,,,,,,,,,91599,0.008081103675067425
,,,27,,,,,,,,,,,,,,,,,,,,,,,,,,,,,91609,0.0019256941741332412
,,,27,,,,,,,,,,,,,,,,,,,,,,,,,,,,,91619,0.0014604496536776423
,,,27,,,,,,,,,,,,,,,,,,,,,,,,,,,,,91629,0.000842098263092339
,,,27,,,,,,,,,,,,,,,,,,,,,,,,,,,,,91639,0.0019198835361748934
,,,27,,,,,,,,,,,,,,,,,,,,,,,,,,,,,91649,0.40768179297447205
,,,27,,,,,,,,,,,,,,,,,,,,,,,,,,,,,91659,0.0014272576663643122
,,,27,,,,,,,,,,,,,,,,,,,,,,,,,,,,,91669,0.002258244203403592
,,,27,,,,,,,,,,,,,,,,,,,,,,,,,,,,,91679,0.0038061337545514107
,,,27,,,,,,,,,,,,,,,,,,,,,,,,,,,,,91689,0.004830397665500641
,,,27,,,,,,,,,,,,,,,,,,,,,,,,,,,,,91699,0.03234143182635307
,,,27,,,,,,,,,,,,,,,,,,,,,,,,,,,,,91709,0.5058665871620178
,,,27,,,,,,,,,,,,,,,,,,,,,,,,,,,,,91719,0.6517915725708008
,,,27,,,,,,,,,,,,,,,,,,,,,,,,,,,,,91729,0.002073215786367655
,,,27,,,,,,,,,,,,,,,,,,,,,,,,,,,,,91739,0.0028187138959765434
,,,27,,,,,,,,,,,,,,,,,,,,,,,,,,,,,91749,0.002151869237422943
,,,27,,,,,,,,,,,,,,,,,,,,,,,,,,,,,91759,0.2702302932739258
,,,27,,,,,,,,,,,,,,,,,,,,,,,,,,,,,91769,0.06090456619858742
,,,27,,,,,,,,,,,,,,,,,,,,,,,,,,,,,91779,0.0029396372847259045
,,,27,,,,,,,,,,,,,,,,,,,,,,,,,,,,,91789,0.038864582777023315
,,,27,,,,,,,,,,,,,,,,,,,,,,,,,,,,,91799,0.03963285684585571
,,,27,,,,,,,,,,,,,,,,,,,,,,,,,,,,,91809,0.49468135833740234
,,,27,,,,,,,,,,,,,,,,,,,,,,,,,,,,,91819,0.017173392698168755
,,,27,,,,,,,,,,,,,,,,,,,,,,,,,,,,,91829,0.030628008767962456
,,,27,,,,,,,,,,,,,,,,,,,,,,,,,,,,,91839,0.0014890129677951336
,,,27,,,,,,,,,,,,,,,,,,,,,,,,,,,,,91849,0.0030370880849659443
,,,27,,,,,,,,,,,,,,,,,,,,,,,,,,,,,91859,0.0018639258341863751
,,,27,,,,,,,,,,,,,,,,,,,,,,,,,,,,,91869,0.004582528490573168
,,,27,,,,,,,,,,,,,,,,,,,,,,,,,,,,,91879,0.04132004454731941
,,,27,,,,,,,,,,,,,,,,,,,,,,,,,,,,,91889,0.04070797190070152
,,,27,,,,,,,,,,,,,,,,,,,,,,,,,,,,,91899,0.803684651851654
,,,27,,,,,,,,,,,,,,,,,,,,,,,,,,,,,91909,0.002171248197555542
,,,27,,,,,,,,,,,,,,,,,,,,,,,,,,,,,91919,0.1179138645529747
,,,27,,,,,,,,,,,,,,,,,,,,,,,,,,,,,91929,0.003993717022240162
,,,27,,,,,,,,,,,,,,,,,,,,,,,,,,,,,91939,0.004909291863441467
,,,27,,,,,,,,,,,,,,,,,,,,,,,,,,,,,91949,0.004681596998125315
,,,27,,,,,,,,,,,,,,,,,,,,,,,,,,,,,91959,0.02059621550142765
,,,27,,,,,,,,,,,,,,,,,,,,,,,,,,,,,91969,0.00731773441657424
,,,27,,,,,,,,,,,,,,,,,,,,,,,,,,,,,91979,0.00682477280497551
,,,27,,,,,,,,,,,,,,,,,,,,,,,,,,,,,91989,0.0017345172818750143
,,,27,,,,,,,,,,,,,,,,,,,,,,,,,,,,,91999,0.015582932159304619
,,,27,,,,,,,,,,,,,,,,,,,,,,,,,,,,,92009,0.005599057301878929
,,,27,,,,,,,,,,,,,,,,,,,,,,,,,,,,,92019,0.04563363641500473
,,,27,,,,,,,,,,,,,,,,,,,,,,,,,,,,,92029,0.0009304736740887165
,,,27,,,,,,,,,,,,,,,,,,,,,,,,,,,,,92039,0.00451994501054287
,,,27,,,,,,,,,,,,,,,,,,,,,,,,,,,,,92049,0.0022064505610615015
,,,27,,,,,,,,,,,,,,,,,,,,,,,,,,,,,92059,0.0013849908718839288
,,,27,,,,,,,,,,,,,,,,,,,,,,,,,,,,,92069,0.0025191588792949915
,,,27,,,,,,,,,,,,,,,,,,,,,,,,,,,,,92079,0.0031746607273817062
,,,27,,,,,,,,,,,,,,,,,,,,,,,,,,,,,92089,0.2232952117919922
,,,27,,,,,,,,,,,,,,,,,,,,,,,,,,,,,92099,0.010235361754894257
,,,27,,,,,,,,,,,,,,,,,,,,,,,,,,,,,92109,0.0020287123043090105
,,,27,,,,,,,,,,,,,,,,,,,,,,,,,,,,,92119,0.0895758792757988
,,,27,,,,,,,,,,,,,,,,,,,,,,,,,,,,,92129,0.014304256066679955
,,,27,,,,,,,,,,,,,,,,,,,,,,,,,,,,,92139,0.025804998353123665
,,,27,,,,,,,,,,,,,,,,,,,,,,,,,,,,,92149,0.024324746802449226
,,,27,,,,,,,,,,,,,,,,,,,,,,,,,,,,,92159,0.005065634846687317
,,,27,,,,,,,,,,,,,,,,,,,,,,,,,,,,,92169,0.010970286093652248
,,,27,,,,,,,,,,,,,,,,,,,,,,,,,,,,,92179,0.060490064322948456
,,,27,,,,,,,,,,,,,,,,,,,,,,,,,,,,,92189,0.038160234689712524
,,,27,,,,,,,,,,,,,,,,,,,,,,,,,,,,,92199,0.004038943909108639
,,,27,,,,,,,,,,,,,,,,,,,,,,,,,,,,,92209,0.2179841697216034
,,,27,,,,,,,,,,,,,,,,,,,,,,,,,,,,,92219,0.0016888818936422467
,,,27,,,,,,,,,,,,,,,,,,,,,,,,,,,,,92229,0.015196449123322964
,,,27,,,,,,,,,,,,,,,,,,,,,,,,,,,,,92239,0.0013235321966931224
,,,27,,,,,,,,,,,,,,,,,,,,,,,,,,,,,92249,0.004146013408899307
,,,27,,,,,,,,,,,,,,,,,,,,,,,,,,,,,92259,0.0054384698159992695
,,,27,,,,,,,,,,,,,,,,,,,,,,,,,,,,,92269,0.0032211255747824907
,,,27,,,,,,,,,,,,,,,,,,,,,,,,,,,,,92279,0.35515132546424866
,,,27,,,,,,,,,,,,,,,,,,,,,,,,,,,,,92289,0.00819726474583149
,,,27,,,,,,,,,,,,,,,,,,,,,,,,,,,,,92299,0.0035964474081993103
,,,27,,,,,,,,,,,,,,,,,,,,,,,,,,,,,92309,0.003852615598589182
,,,27,,,,,,,,,,,,,,,,,,,,,,,,,,,,,92319,0.0014953293139114976
,,,27,,,,,,,,,,,,,,,,,,,,,,,,,,,,,92329,0.0017729878891259432
,,,27,,,,,,,,,,,,,,,,,,,,,,,,,,,,,92339,0.0101537574082613
,,,27,,,,,,,,,,,,,,,,,,,,,,,,,,,,,92349,0.0020442914683371782
,,,27,,,,,,,,,,,,,,,,,,,,,,,,,,,,,92359,0.0031078902538865805
,,,27,,,,,,,,,,,,,,,,,,,,,,,,,,,,,92369,0.002101443475112319
,,,27,,,,,,,,,,,,,,,,,,,,,,,,,,,,,92379,0.002557625062763691
,,,27,,,,,,,,,,,,,,,,,,,,,,,,,,,,,92389,0.006551726721227169
,,,27,,,,,,,,,,,,,,,,,,,,,,,,,,,,,92399,0.021050160750746727
,,,27,,,,,,,,,,,,,,,,,,,,,,,,,,,,,92409,0.0025178666692227125
,,,27,,,,,,,,,,,,,,,,,,,,,,,,,,,,,92419,0.05124395713210106
,,,27,,,,,,,,,,,,,,,,,,,,,,,,,,,,,92429,0.0019980042707175016
,,,27,,,,,,,,,,,,,,,,,,,,,,,,,,,,,92439,0.0026137344539165497
,,,27,,,,,,,,,,,,,,,,,,,,,,,,,,,,,92449,0.0018994564888998866
,,,27,,,,,,,,,,,,,,,,,,,,,,,,,,,,,92459,0.10718002170324326
,,,27,,,,,,,,,,,,,,,,,,,,,,,,,,,,,92469,0.0026423740200698376
,,,27,,,,,,,,,,,,,,,,,,,,,,,,,,,,,92479,0.0016903531504794955
,,,27,,,,,,,,,,,,,,,,,,,,,,,,,,,,,92489,0.00481384014710784
,,,27,,,,,,,,,,,,,,,,,,,,,,,,,,,,,92499,0.010823528282344341
,,,27,,,,,,,,,,,,,,,,,,,,,,,,,,,,,92509,0.14559903740882874
,,,27,,,,,,,,,,,,,,,,,,,,,,,,,,,,,92519,0.0026976431254297495
,,,27,,,,,,,,,,,,,,,,,,,,,,,,,,,,,92529,0.001972297905012965
,,,27,,,,,,,,,,,,,,,,,,,,,,,,,,,,,92539,0.0030189654789865017
,,,27,,,,,,,,,,,,,,,,,,,,,,,,,,,,,92549,0.006615414284169674
,,,27,,,,,,,,,,,,,,,,,,,,,,,,,,,,,92559,0.27570798993110657
,,,27,,,,,,,,,,,,,,,,,,,,,,,,,,,,,92569,0.0036552916280925274
,,,27,,,,,,,,,,,,,,,,,,,,,,,,,,,,,92579,0.00218781060539186
,,,27,,,,,,,,,,,,,,,,,,,,,,,,,,,,,92589,0.008395865559577942
,,,27,,,,,,,,,,,,,,,,,,,,,,,,,,,,,92599,0.0036884499713778496
,,,27,,,,,,,,,,,,,,,,,,,,,,,,,,,,,92609,0.05197109654545784
,,,27,,,,,,,,,,,,,,,,,,,,,,,,,,,,,92619,0.0018293731845915318
,,,27,,,,,,,,,,,,,,,,,,,,,,,,,,,,,92629,0.0011489816242828965
,,,27,,,,,,,,,,,,,,,,,,,,,,,,,,,,,92639,0.0019669702742248774
,,,27,,,,,,,,,,,,,,,,,,,,,,,,,,,,,92649,0.0038778732996433973
,,,27,,,,,,,,,,,,,,,,,,,,,,,,,,,,,92659,0.009901829995214939
,,,27,,,,,,,,,,,,,,,,,,,,,,,,,,,,,92669,0.006553370971232653
,,,27,,,,,,,,,,,,,,,,,,,,,,,,,,,,,92679,0.0021067620255053043
,,,,2.744750204782032e-07,1.537621346469399e-06,2.3655713022606135e-06,2.3655713022606135e-06,3.6393404650163284e-06,3.6393404650163284e-06,5.598985330794351e-06,5.598985330794351e-06,8.613823585837463e-06,8.613823585837463e-06,1.3252036285903789e-05,2.744750204782032e-07,1.3252036285903789e-05,2.0387748132159674e-05,2.0387748132159674e-05,3.136576635716873e-05,3.136576635716873e-05,4.825502516487497e-05,4.825502516487497e-05,4.825502516487497e-05,4.825502516487497e-05,4.222692622741587e-07,4.222692622741587e-07,6.496450188833211e-07,6.496450188833211e-07,9.994538752051094e-07,9.994538752051094e-07,1.537621346469399e-06,92681,
,,,28,,,,,,,,,,,,,,,,,,,,,,,,,,,,,92689,0.014249667525291443
,,,28,,,,,,,,,,,,,,,,,,,,,,,,,,,,,92699,0.008207838051021099
,,,28,,,,,,,,,,,,,,,,,,,,,,,,,,,,,92709,0.004072428215295076
,,,28,,,,,,,,,,,,,,,,,,,,,,,,,,,,,92719,0.48753371834754944
,,,28,,,,,,,,,,,,,,,,,,,,,,,,,,,,,92729,0.0011341340141370893
,,,28,,,,,,,,,,,,,,,,,,,,,,,,,,,,,92739,0.0029088351875543594
,,,28,,,,,,,,,,,,,,,,,,,,,,,,,,,,,92749,0.012310557998716831
,,,28,,,,,,,,,,,,,,,,,,,,,,,,,,,,,92759,0.3584524989128113
,,,28,,,,,,,,,,,,,,,,,,,,,,,,,,,,,92769,0.0019109040731564164
,,,28,,,,,,,,,,,,,,,,,,,,,,,,,,,,,92779,0.003048377111554146
,,,28,,,,,,,,,,,,,,,,,,,,,,,,,,,,,92789,0.00208731135353446
,,,28,,,,,,,,,,,,,,,,,,,,,,,,,,,,,92799,0.00441387202590704
,,,28,,,,,,,,,,,,,,,,,,,,,,,,,,,,,92809,0.3280737102031708
,,,28,,,,,,,,,,,,,,,,,,,,,,,,,,,,,92819,0.002942316234111786
,,,28,,,,,,,,,,,,,,,,,,,,,,,,,,,,,92829,0.0029892255552113056
,,,28,,,,,,,,,,,,,,,,,,,,,,,,,,,,,92839,0.002525776857510209
,,,28,,,,,,,,,,,,,,,,,,,,,,,,,,,,,92849,0.0015000542625784874
,,,28,,,,,,,,,,,,,,,,,,,,,,,,,,,,,92859,0.019844431430101395
,,,28,,,,,,,,,,,,,,,,,,,,,,,,,,,,,92869,0.017163541167974472
,,,28,,,,,,,,,,,,,,,,,,,,,,,,,,,,,92879,0.38639912009239197
,,,28,,,,,,,,,,,,,,,,,,,,,,,,,,,,,92889,0.0071831936948001385
,,,28,,,,,,,,,,,,,,,,,,,,,,,,,,,,,92899,0.0299263633787632
,,,28,,,,,,,,,,,,,,,,,,,,,,,,,,,,,92909,0.0027867138851433992
,,,28,,,,,,,,,,,,,,,,,,,,,,,,,,,,,92919,0.0013912746217101812
,,,28,,,,,,,,,,,,,,,,,,,,,,,,,,,,,92929,0.23001788556575775
,,,28,,,,,,,,,,,,,,,,,,,,,,,,,,,,,92939,0.0013131924206390977
,,,28,,,,,,,,,,,,,,,,,,,,,,,,,,,,,92949,0.0008425253327004611
,,,28,,,,,,,,,,,,,,,,,,,,,,,,,,,,,92959,0.0018082077149301767
,,,28,,,,,,,,,,,,,,,,,,,,,,,,,,,,,92969,0.00486959982663393
,,,28,,,,,,,,,,,,,,,,,,,,,,,,,,,,,92979,0.0020928368903696537
,,,28,,,,,,,,,,,,,,,,,,,,,,,,,,,,,92989,0.012045755982398987
,,,28,,,,,,,,,,,,,,,,,,,,,,,,,,,,,92999,0.00621773349121213
,,,28,,,,,,,,,,,,,,,,,,,,,,,,,,,,,93009,0.7976182103157043
,,,28,,,,,,,,,,,,,,,,,,,,,,,,,,,,,93019,0.014850310049951077
,,,28,,,,,,,,,,,,,,,,,,,,,,,,,,,,,93029,0.06434722244739532
,,,28,,,,,,,,,,,,,,,,,,,,,,,,,,,,,93039,0.005223513580858707
,,,28,,,,,,,,,,,,,,,,,,,,,,,,,,,,,93049,0.001941645867191255
,,,28,,,,,,,,,,,,,,,,,,,,,,,,,,,,,93059,0.005092351697385311
,,,28,,,,,,,,,,,,,,,,,,,,,,,,,,,,,93069,0.0017464995617046952
,,,28,,,,,,,,,,,,,,,,,,,,,,,,,,,,,93079,0.004059158731251955
,,,28,,,,,,,,,,,,,,,,,,,,,,,,,,,,,93089,0.006313614081591368
,,,28,,,,,,,,,,,,,,,,,,,,,,,,,,,,,93099,0.0014103250578045845
,,,28,,,,,,,,,,,,,,,,,,,,,,,,,,,,,93109,0.5485524535179138
,,,28,,,,,,,,,,,,,,,,,,,,,,,,,,,,,93119,0.0020878654904663563
,,,28,,,,,,,,,,,,,,,,,,,,,,,,,,,,,93129,0.004737471230328083
,,,28,,,,,,,,,,,,,,,,,,,,,,,,,,,,,93139,0.0016645886935293674
,,,28,,,,,,,,,,,,,,,,,,,,,,,,,,,,,93149,0.050340715795755386
,,,28,,,,,,,,,,,,,,,,,,,,,,,,,,,,,93159,0.008321348577737808
,,,28,,,,,,,,,,,,,,,,,,,,,,,,,,,,,93169,0.0027368508744984865
,,,28,,,,,,,,,,,,,,,,,,,,,,,,,,,,,93179,0.003482257016003132
,,,28,,,,,,,,,,,,,,,,,,,,,,,,,,,,,93189,0.004582410212606192
,,,28,,,,,,,,,,,,,,,,,,,,,,,,,,,,,93199,0.002152125583961606
,,,28,,,,,,,,,,,,,,,,,,,,,,,,,,,,,93209,0.0011416439665481448
,,,28,,,,,,,,,,,,,,,,,,,,,,,,,,,,,93219,0.05082417652010918
,,,28,,,,,,,,,,,,,,,,,,,,,,,,,,,,,93229,0.008149509318172932
,,,28,,,,,,,,,,,,,,,,,,,,,,,,,,,,,93239,0.0021382600534707308
,,,28,,,,,,,,,,,,,,,,,,,,,,,,,,,,,93249,0.31500184535980225
,,,28,,,,,,,,,,,,,,,,,,,,,,,,,,,,,93259,0.002962560160085559
,,,28,,,,,,,,,,,,,,,,,,,,,,,,,,,,,93269,0.036729875952005386
,,,28,,,,,,,,,,,,,,,,,,,,,,,,,,,,,93279,0.004219495225697756
,,,28,,,,,,,,,,,,,,,,,,,,,,,,,,,,,93289,0.012883894145488739
,,,28,,,,,,,,,,,,,,,,,,,,,,,,,,,,,93299,0.003201544750481844
,,,28,,,,,,,,,,,,,,,,,,,,,,,,,,,,,93309,0.0055516562424600124
,,,28,,,,,,,,,,,,,,,,,,,,,,,,,,,,,93319,0.009761570021510124
,,,28,,,,,,,,,,,,,,,,,,,,,,,,,,,,,93329,0.003319357754662633
,,,28,,,,,,,,,,,,,,,,,,,,,,,,,,,,,93339,0.010574604384601116
,,,28,,,,,,,,,,,,,,,,,,,,,,,,,,,,,93349,0.07739585638046265
,,,28,,,,,,,,,,,,,,,,,,,,,,,,,,,,,93359,0.0013541888911277056
,,,28,,,,,,,,,,,,,,,,,,,,,,,,,,,,,93369,0.023694967851042747
,,,28,,,,,,,,,,,,,,,,,,,,,,,,,,,,,93379,0.12033075839281082
,,,28,,,,,,,,,,,,,,,,,,,,,,,,,,,,,93389,0.011358264833688736
,,,28,,,,,,,,,,,,,,,,,,,,,,,,,,,,,93399,0.0074414596892893314
,,,28,,,,,,,,,,,,,,,,,,,,,,,,,,,,,93409,0.0019981693476438522
,,,28,,,,,,,,,,,,,,,,,,,,,,,,,,,,,93419,0.009236243553459644
,,,28,,,,,,,,,,,,,,,,,,,,,,,,,,,,,93429,0.23463906347751617
,,,28,,,,,,,,,,,,,,,,,,,,,,,,,,,,,93439,0.0019415304996073246
,,,28,,,,,,,,,,,,,,,,,,,,,,,,,,,,,93449,0.00755066005513072
,,,28,,,,,,,,,,,,,,,,,,,,,,,,,,,,,93459,1.9289878606796265
,,,28,,,,,,,,,,,,,,,,,,,,,,,,,,,,,93469,0.0023679672740399837
,,,28,,,,,,,,,,,,,,,,,,,,,,,,,,,,,93479,0.001634984277188778
,,,28,,,,,,,,,,,,,,,,,,,,,,,,,,,,,93489,0.4805924594402313
,,,28,,,,,,,,,,,,,,,,,,,,,,,,,,,,,93499,0.0032372938003391027
,,,28,,,,,,,,,,,,,,,,,,,,,,,,,,,,,93509,0.021218860521912575
,,,28,,,,,,,,,,,,,,,,,,,,,,,,,,,,,93519,0.0019913080614060163
,,,28,,,,,,,,,,,,,,,,,,,,,,,,,,,,,93529,0.0011853972682729363
,,,28,,,,,,,,,,,,,,,,,,,,,,,,,,,,,93539,0.0012843795120716095
,,,28,,,,,,,,,,,,,,,,,,,,,,,,,,,,,93549,0.01786598190665245
,,,28,,,,,,,,,,,,,,,,,,,,,,,,,,,,,93559,0.0033649867400527
,,,28,,,,,,,,,,,,,,,,,,,,,,,,,,,,,93569,0.0028147478587925434
,,,28,,,,,,,,,,,,,,,,,,,,,,,,,,,,,93579,0.0026936314534395933
,,,28,,,,,,,,,,,,,,,,,,,,,,,,,,,,,93589,0.08792535960674286
,,,28,,,,,,,,,,,,,,,,,,,,,,,,,,,,,93599,0.1988217681646347
,,,28,,,,,,,,,,,,,,,,,,,,,,,,,,,,,93609,0.001973325153812766
,,,28,,,,,,,,,,,,,,,,,,,,,,,,,,,,,93619,0.05057460442185402
,,,28,,,,,,,,,,,,,,,,,,,,,,,,,,,,,93629,0.003564495127648115
,,,28,,,,,,,,,,,,,,,,,,,,,,,,,,,,,93639,0.15194427967071533
,,,28,,,,,,,,,,,,,,,,,,,,,,,,,,,,,93649,0.020659372210502625
,,,28,,,,,,,,,,,,,,,,,,,,,,,,,,,,,93659,0.0127383042126894
,,,28,,,,,,,,,,,,,,,,,,,,,,,,,,,,,93669,0.0033661797642707825
,,,28,,,,,,,,,,,,,,,,,,,,,,,,,,,,,93679,0.47390612959861755
,,,28,,,,,,,,,,,,,,,,,,,,,,,,,,,,,93689,0.009723163209855556
,,,28,,,,,,,,,,,,,,,,,,,,,,,,,,,,,93699,0.0043036662973463535
,,,28,,,,,,,,,,,,,,,,,,,,,,,,,,,,,93709,0.1856604963541031
,,,28,,,,,,,,,,,,,,,,,,,,,,,,,,,,,93719,0.014812316745519638
,,,28,,,,,,,,,,,,,,,,,,,,,,,,,,,,,93729,0.49843353033065796
,,,28,,,,,,,,,,,,,,,,,,,,,,,,,,,,,93739,0.5809397101402283
,,,28,,,,,,,,,,,,,,,,,,,,,,,,,,,,,93749,0.02654922753572464
,,,28,,,,,,,,,,,,,,,,,,,,,,,,,,,,,93759,0.0019918789621442556
,,,28,,,,,,,,,,,,,,,,,,,,,,,,,,,,,93769,0.016427278518676758
,,,28,,,,,,,,,,,,,,,,,,,,,,,,,,,,,93779,0.0049886940978467464
,,,28,,,,,,,,,,,,,,,,,,,,,,,,,,,,,93789,0.5012763142585754
,,,28,,,,,,,,,,,,,,,,,,,,,,,,,,,,,93799,0.27350914478302
,,,28,,,,,,,,,,,,,,,,,,,,,,,,,,,,,93809,0.004862986970692873
,,,28,,,,,,,,,,,,,,,,,,,,,,,,,,,,,93819,0.002384911524131894
,,,28,,,,,,,,,,,,,,,,,,,,,,,,,,,,,93829,0.007156571373343468
,,,28,,,,,,,,,,,,,,,,,,,,,,,,,,,,,93839,0.18601280450820923
,,,28,,,,,,,,,,,,,,,,,,,,,,,,,,,,,93849,0.00287619698792696
,,,28,,,,,,,,,,,,,,,,,,,,,,,,,,,,,93859,0.00863922294229269
,,,28,,,,,,,,,,,,,,,,,,,,,,,,,,,,,93869,0.0017341712955385447
,,,28,,,,,,,,,,,,,,,,,,,,,,,,,,,,,93879,0.16835707426071167
,,,28,,,,,,,,,,,,,,,,,,,,,,,,,,,,,93889,0.012391907162964344
,,,28,,,,,,,,,,,,,,,,,,,,,,,,,,,,,93899,0.004767762962728739
,,,28,,,,,,,,,,,,,,,,,,,,,,,,,,,,,93909,0.009360259398818016
,,,28,,,,,,,,,,,,,,,,,,,,,,,,,,,,,93919,0.2547316253185272
,,,28,,,,,,,,,,,,,,,,,,,,,,,,,,,,,93929,0.003224749816581607
,,,28,,,,,,,,,,,,,,,,,,,,,,,,,,,,,93939,0.0027383584529161453
,,,28,,,,,,,,,,,,,,,,,,,,,,,,,,,,,93949,0.009942413307726383
,,,28,,,,,,,,,,,,,,,,,,,,,,,,,,,,,93959,0.012834626249969006
,,,28,,,,,,,,,,,,,,,,,,,,,,,,,,,,,93969,0.13084283471107483
,,,28,,,,,,,,,,,,,,,,,,,,,,,,,,,,,93979,0.009883873164653778
,,,28,,,,,,,,,,,,,,,,,,,,,,,,,,,,,93989,1.0654387474060059
,,,28,,,,,,,,,,,,,,,,,,,,,,,,,,,,,93999,0.012962988577783108
,,,28,,,,,,,,,,,,,,,,,,,,,,,,,,,,,94009,0.029662175104022026
,,,28,,,,,,,,,,,,,,,,,,,,,,,,,,,,,94019,0.0029869654681533575
,,,28,,,,,,,,,,,,,,,,,,,,,,,,,,,,,94029,0.01809697598218918
,,,28,,,,,,,,,,,,,,,,,,,,,,,,,,,,,94039,0.0035976471845060587
,,,28,,,,,,,,,,,,,,,,,,,,,,,,,,,,,94049,0.001989556709304452
,,,28,,,,,,,,,,,,,,,,,,,,,,,,,,,,,94059,0.0014905711868777871
,,,28,,,,,,,,,,,,,,,,,,,,,,,,,,,,,94069,0.0148703558370471
,,,28,,,,,,,,,,,,,,,,,,,,,,,,,,,,,94079,0.0026036177296191454
,,,28,,,,,,,,,,,,,,,,,,,,,,,,,,,,,94089,0.01781298592686653
,,,28,,,,,,,,,,,,,,,,,,,,,,,,,,,,,94099,0.2397959977388382
,,,28,,,,,,,,,,,,,,,,,,,,,,,,,,,,,94109,0.016028355807065964
,,,28,,,,,,,,,,,,,,,,,,,,,,,,,,,,,94119,0.002734898589551449
,,,28,,,,,,,,,,,,,,,,,,,,,,,,,,,,,94129,0.003773927688598633
,,,28,,,,,,,,,,,,,,,,,,,,,,,,,,,,,94139,0.019201045855879784
,,,28,,,,,,,,,,,,,,,,,,,,,,,,,,,,,94149,0.00682086544111371
,,,28,,,,,,,,,,,,,,,,,,,,,,,,,,,,,94159,0.003637763438746333
,,,28,,,,,,,,,,,,,,,,,,,,,,,,,,,,,94169,0.0033289697021245956
,,,28,,,,,,,,,,,,,,,,,,,,,,,,,,,,,94179,0.008740534074604511
,,,28,,,,,,,,,,,,,,,,,,,,,,,,,,,,,94189,0.002287572482600808
,,,28,,,,,,,,,,,,,,,,,,,,,,,,,,,,,94199,0.006970810238271952
,,,28,,,,,,,,,,,,,,,,,,,,,,,,,,,,,94209,0.002905328292399645
,,,28,,,,,,,,,,,,,,,,,,,,,,,,,,,,,94219,0.038525648415088654
,,,28,,,,,,,,,,,,,,,,,,,,,,,,,,,,,94229,0.013028535060584545
,,,28,,,,,,,,,,,,,,,,,,,,,,,,,,,,,94239,0.004002933390438557
,,,28,,,,,,,,,,,,,,,,,,,,,,,,,,,,,94249,0.00217233132570982
,,,28,,,,,,,,,,,,,,,,,,,,,,,,,,,,,94259,0.002910550218075514
,,,28,,,,,,,,,,,,,,,,,,,,,,,,,,,,,94269,0.007088875863701105
,,,28,,,,,,,,,,,,,,,,,,,,,,,,,,,,,94279,0.00165758712682873
,,,28,,,,,,,,,,,,,,,,,,,,,,,,,,,,,94289,0.0025198233779519796
,,,28,,,,,,,,,,,,,,,,,,,,,,,,,,,,,94299,0.0024056266993284225
,,,28,,,,,,,,,,,,,,,,,,,,,,,,,,,,,94309,0.0058988346718251705
,,,28,,,,,,,,,,,,,,,,,,,,,,,,,,,,,94319,0.018873268738389015
,,,28,,,,,,,,,,,,,,,,,,,,,,,,,,,,,94329,0.4473503530025482
,,,28,,,,,,,,,,,,,,,,,,,,,,,,,,,,,94339,0.002436805982142687
,,,28,,,,,,,,,,,,,,,,,,,,,,,,,,,,,94349,0.38663989305496216
,,,28,,,,,,,,,,,,,,,,,,,,,,,,,,,,,94359,0.007047866936773062
,,,28,,,,,,,,,,,,,,,,,,,,,,,,,,,,,94369,0.0020886478014290333
,,,28,,,,,,,,,,,,,,,,,,,,,,,,,,,,,94379,0.005796149373054504
,,,28,,,,,,,,,,,,,,,,,,,,,,,,,,,,,94389,0.0030804977286607027
,,,28,,,,,,,,,,,,,,,,,,,,,,,,,,,,,94399,0.002807453740388155
,,,28,,,,,,,,,,,,,,,,,,,,,,,,,,,,,94409,0.0026245536282658577
,,,28,,,,,,,,,,,,,,,,,,,,,,,,,,,,,94419,0.0016883170465007424
,,,28,,,,,,,,,,,,,,,,,,,,,,,,,,,,,94429,0.001848538056947291
,,,28,,,,,,,,,,,,,,,,,,,,,,,,,,,,,94439,0.003198907943442464
,,,28,,,,,,,,,,,,,,,,,,,,,,,,,,,,,94449,0.005691584665328264
,,,28,,,,,,,,,,,,,,,,,,,,,,,,,,,,,94459,0.0008731801062822342
,,,28,,,,,,,,,,,,,,,,,,,,,,,,,,,,,94469,0.0010866038501262665
,,,28,,,,,,,,,,,,,,,,,,,,,,,,,,,,,94479,0.16504217684268951
,,,28,,,,,,,,,,,,,,,,,,,,,,,,,,,,,94489,0.00195428472943604
,,,28,,,,,,,,,,,,,,,,,,,,,,,,,,,,,94499,0.005855966359376907
,,,28,,,,,,,,,,,,,,,,,,,,,,,,,,,,,94509,0.001903679221868515
,,,28,,,,,,,,,,,,,,,,,,,,,,,,,,,,,94519,0.003618387971073389
,,,28,,,,,,,,,,,,,,,,,,,,,,,,,,,,,94529,0.004651801660656929
,,,28,,,,,,,,,,,,,,,,,,,,,,,,,,,,,94539,0.0018336414359509945
,,,28,,,,,,,,,,,,,,,,,,,,,,,,,,,,,94549,0.007597104646265507
,,,28,,,,,,,,,,,,,,,,,,,,,,,,,,,,,94559,0.0021623678039759398
,,,28,,,,,,,,,,,,,,,,,,,,,,,,,,,,,94569,0.00233602337539196
,,,28,,,,,,,,,,,,,,,,,,,,,,,,,,,,,94579,0.03640313073992729
,,,28,,,,,,,,,,,,,,,,,,,,,,,,,,,,,94589,0.002870047464966774
,,,28,,,,,,,,,,,,,,,,,,,,,,,,,,,,,94599,0.0037128545809537172
,,,28,,,,,,,,,,,,,,,,,,,,,,,,,,,,,94609,0.002437599701806903
,,,28,,,,,,,,,,,,,,,,,,,,,,,,,,,,,94619,0.26511475443840027
,,,28,,,,,,,,,,,,,,,,,,,,,,,,,,,,,94629,0.1930137723684311
,,,28,,,,,,,,,,,,,,,,,,,,,,,,,,,,,94639,0.15170511603355408
,,,28,,,,,,,,,,,,,,,,,,,,,,,,,,,,,94649,0.002601443789899349
,,,28,,,,,,,,,,,,,,,,,,,,,,,,,,,,,94659,0.0058306483551859856
,,,28,,,,,,,,,,,,,,,,,,,,,,,,,,,,,94669,0.08161868155002594
,,,28,,,,,,,,,,,,,,,,,,,,,,,,,,,,,94679,0.007172496058046818
,,,28,,,,,,,,,,,,,,,,,,,,,,,,,,,,,94689,0.0010640500113368034
,,,28,,,,,,,,,,,,,,,,,,,,,,,,,,,,,94699,0.002458001021295786
,,,28,,,,,,,,,,,,,,,,,,,,,,,,,,,,,94709,0.32409828901290894
,,,28,,,,,,,,,,,,,,,,,,,,,,,,,,,,,94719,0.003489085705950856
,,,28,,,,,,,,,,,,,,,,,,,,,,,,,,,,,94729,0.004474833142012358
,,,28,,,,,,,,,,,,,,,,,,,,,,,,,,,,,94739,0.003741529770195484
,,,28,,,,,,,,,,,,,,,,,,,,,,,,,,,,,94749,0.06455434858798981
,,,28,,,,,,,,,,,,,,,,,,,,,,,,,,,,,94759,0.0022727593313902617
,,,28,,,,,,,,,,,,,,,,,,,,,,,,,,,,,94769,0.0010367005597800016
,,,28,,,,,,,,,,,,,,,,,,,,,,,,,,,,,94779,0.018209123983979225
,,,28,,,,,,,,,,,,,,,,,,,,,,,,,,,,,94789,0.2842112183570862
,,,28,,,,,,,,,,,,,,,,,,,,,,,,,,,,,94799,0.0017912533367052674
,,,28,,,,,,,,,,,,,,,,,,,,,,,,,,,,,94809,0.0029198089614510536
,,,28,,,,,,,,,,,,,,,,,,,,,,,,,,,,,94819,0.00212656962685287
,,,28,,,,,,,,,,,,,,,,,,,,,,,,,,,,,94829,0.0018238702323287725
,,,28,,,,,,,,,,,,,,,,,,,,,,,,,,,,,94839,0.0053003160282969475
,,,28,,,,,,,,,,,,,,,,,,,,,,,,,,,,,94849,0.46519947052001953
,,,28,,,,,,,,,,,,,,,,,,,,,,,,,,,,,94859,0.006213526241481304
,,,28,,,,,,,,,,,,,,,,,,,,,,,,,,,,,94869,0.0018242609221488237
,,,28,,,,,,,,,,,,,,,,,,,,,,,,,,,,,94879,0.00570555217564106
,,,28,,,,,,,,,,,,,,,,,,,,,,,,,,,,,94889,0.0020483722910284996
,,,28,,,,,,,,,,,,,,,,,,,,,,,,,,,,,94899,0.02319045551121235
,,,28,,,,,,,,,,,,,,,,,,,,,,,,,,,,,94909,0.002899741055443883
,,,28,,,,,,,,,,,,,,,,,,,,,,,,,,,,,94919,0.026449328288435936
,,,28,,,,,,,,,,,,,,,,,,,,,,,,,,,,,94929,0.00870357546955347
,,,28,,,,,,,,,,,,,,,,,,,,,,,,,,,,,94939,0.005019451025873423
,,,28,,,,,,,,,,,,,,,,,,,,,,,,,,,,,94949,0.0019381046295166016
,,,28,,,,,,,,,,,,,,,,,,,,,,,,,,,,,94959,0.11480986326932907
,,,28,,,,,,,,,,,,,,,,,,,,,,,,,,,,,94969,0.006412282586097717
,,,28,,,,,,,,,,,,,,,,,,,,,,,,,,,,,94979,0.03462890163064003
,,,28,,,,,,,,,,,,,,,,,,,,,,,,,,,,,94989,0.002124735154211521
,,,28,,,,,,,,,,,,,,,,,,,,,,,,,,,,,94999,0.0019287371542304754
,,,28,,,,,,,,,,,,,,,,,,,,,,,,,,,,,95009,0.0045485347509384155
,,,28,,,,,,,,,,,,,,,,,,,,,,,,,,,,,95019,0.01041640155017376
,,,28,,,,,,,,,,,,,,,,,,,,,,,,,,,,,95029,0.021247021853923798
,,,28,,,,,,,,,,,,,,,,,,,,,,,,,,,,,95039,0.09023284167051315
,,,28,,,,,,,,,,,,,,,,,,,,,,,,,,,,,95049,0.0038377835880964994
,,,28,,,,,,,,,,,,,,,,,,,,,,,,,,,,,95059,0.001836844370700419
,,,28,,,,,,,,,,,,,,,,,,,,,,,,,,,,,95069,0.0014944339636713266
,,,28,,,,,,,,,,,,,,,,,,,,,,,,,,,,,95079,0.009362704120576382
,,,28,,,,,,,,,,,,,,,,,,,,,,,,,,,,,95089,0.001237461343407631
,,,28,,,,,,,,,,,,,,,,,,,,,,,,,,,,,95099,0.00653127720579505
,,,28,,,,,,,,,,,,,,,,,,,,,,,,,,,,,95109,0.006790700368583202
,,,28,,,,,,,,,,,,,,,,,,,,,,,,,,,,,95119,0.000944517261814326
,,,28,,,,,,,,,,,,,,,,,,,,,,,,,,,,,95129,0.0025625373236835003
,,,28,,,,,,,,,,,,,,,,,,,,,,,,,,,,,95139,0.06653448939323425
,,,28,,,,,,,,,,,,,,,,,,,,,,,,,,,,,95149,0.002595022786408663
,,,28,,,,,,,,,,,,,,,,,,,,,,,,,,,,,95159,0.0025168531574308872
,,,28,,,,,,,,,,,,,,,,,,,,,,,,,,,,,95169,0.04062134027481079
,,,28,,,,,,,,,,,,,,,,,,,,,,,,,,,,,95179,0.40691956877708435
,,,28,,,,,,,,,,,,,,,,,,,,,,,,,,,,,95189,0.016415128484368324
,,,28,,,,,,,,,,,,,,,,,,,,,,,,,,,,,95199,0.024515854194760323
,,,28,,,,,,,,,,,,,,,,,,,,,,,,,,,,,95209,0.0013276595855131745
,,,28,,,,,,,,,,,,,,,,,,,,,,,,,,,,,95219,0.0034184970427304506
,,,28,,,,,,,,,,,,,,,,,,,,,,,,,,,,,95229,0.006372534204274416
,,,28,,,,,,,,,,,,,,,,,,,,,,,,,,,,,95239,0.002691194647923112
,,,28,,,,,,,,,,,,,,,,,,,,,,,,,,,,,95249,0.009459713473916054
,,,28,,,,,,,,,,,,,,,,,,,,,,,,,,,,,95259,0.0038186933379620314
,,,28,,,,,,,,,,,,,,,,,,,,,,,,,,,,,95269,0.0018053302774205804
,,,28,,,,,,,,,,,,,,,,,,,,,,,,,,,,,95279,0.8392399549484253
,,,28,,,,,,,,,,,,,,,,,,,,,,,,,,,,,95289,0.005761997774243355
,,,28,,,,,,,,,,,,,,,,,,,,,,,,,,,,,95299,0.0022052922286093235
,,,28,,,,,,,,,,,,,,,,,,,,,,,,,,,,,95309,0.3767928183078766
,,,28,,,,,,,,,,,,,,,,,,,,,,,,,,,,,95319,0.0010826269863173366
,,,28,,,,,,,,,,,,,,,,,,,,,,,,,,,,,95329,0.0018402133136987686
,,,28,,,,,,,,,,,,,,,,,,,,,,,,,,,,,95339,0.43439388275146484
,,,28,,,,,,,,,,,,,,,,,,,,,,,,,,,,,95349,0.010624608024954796
,,,28,,,,,,,,,,,,,,,,,,,,,,,,,,,,,95359,0.01616155169904232
,,,28,,,,,,,,,,,,,,,,,,,,,,,,,,,,,95369,0.036125022917985916
,,,28,,,,,,,,,,,,,,,,,,,,,,,,,,,,,95379,0.05298462137579918
,,,28,,,,,,,,,,,,,,,,,,,,,,,,,,,,,95389,0.003151835175231099
,,,28,,,,,,,,,,,,,,,,,,,,,,,,,,,,,95399,0.15391805768013
,,,28,,,,,,,,,,,,,,,,,,,,,,,,,,,,,95409,0.001950935460627079
,,,28,,,,,,,,,,,,,,,,,,,,,,,,,,,,,95419,0.0036317959893494844
,,,28,,,,,,,,,,,,,,,,,,,,,,,,,,,,,95429,0.001916930079460144
,,,28,,,,,,,,,,,,,,,,,,,,,,,,,,,,,95439,0.024958163499832153
,,,28,,,,,,,,,,,,,,,,,,,,,,,,,,,,,95449,0.00502321682870388
,,,28,,,,,,,,,,,,,,,,,,,,,,,,,,,,,95459,0.07500110566616058
,,,28,,,,,,,,,,,,,,,,,,,,,,,,,,,,,95469,0.3497040569782257
,,,28,,,,,,,,,,,,,,,,,,,,,,,,,,,,,95479,0.1714746654033661
,,,28,,,,,,,,,,,,,,,,,,,,,,,,,,,,,95489,0.00838387105613947
,,,28,,,,,,,,,,,,,,,,,,,,,,,,,,,,,95499,0.004930609371513128
,,,28,,,,,,,,,,,,,,,,,,,,,,,,,,,,,95509,0.0014903780538588762
,,,28,,,,,,,,,,,,,,,,,,,,,,,,,,,,,95519,0.002662345767021179
,,,28,,,,,,,,,,,,,,,,,,,,,,,,,,,,,95529,0.054401833564043045
,,,28,,,,,,,,,,,,,,,,,,,,,,,,,,,,,95539,0.002265491522848606
,,,28,,,,,,,,,,,,,,,,,,,,,,,,,,,,,95549,0.13673989474773407
,,,28,,,,,,,,,,,,,,,,,,,,,,,,,,,,,95559,0.0017442471580579877
,,,28,,,,,,,,,,,,,,,,,,,,,,,,,,,,,95569,0.1392156481742859
,,,28,,,,,,,,,,,,,,,,,,,,,,,,,,,,,95579,0.004322110675275326
,,,28,,,,,,,,,,,,,,,,,,,,,,,,,,,,,95589,0.001961920177564025
,,,28,,,,,,,,,,,,,,,,,,,,,,,,,,,,,95599,0.009802104905247688
,,,28,,,,,,,,,,,,,,,,,,,,,,,,,,,,,95609,0.004134724847972393
,,,28,,,,,,,,,,,,,,,,,,,,,,,,,,,,,95619,0.0019112840527668595
,,,28,,,,,,,,,,,,,,,,,,,,,,,,,,,,,95629,0.01125276181846857
,,,28,,,,,,,,,,,,,,,,,,,,,,,,,,,,,95639,0.002974942559376359
,,,28,,,,,,,,,,,,,,,,,,,,,,,,,,,,,95649,0.014188806526362896
,,,28,,,,,,,,,,,,,,,,,,,,,,,,,,,,,95659,0.005274938885122538
,,,28,,,,,,,,,,,,,,,,,,,,,,,,,,,,,95669,0.480673223733902
,,,28,,,,,,,,,,,,,,,,,,,,,,,,,,,,,95679,0.002144031459465623
,,,28,,,,,,,,,,,,,,,,,,,,,,,,,,,,,95689,0.034970514476299286
,,,28,,,,,,,,,,,,,,,,,,,,,,,,,,,,,95699,0.0011284452630206943
,,,28,,,,,,,,,,,,,,,,,,,,,,,,,,,,,95709,0.0033456964883953333
,,,28,,,,,,,,,,,,,,,,,,,,,,,,,,,,,95719,0.004915875382721424
,,,28,,,,,,,,,,,,,,,,,,,,,,,,,,,,,95729,0.03741459921002388
,,,28,,,,,,,,,,,,,,,,,,,,,,,,,,,,,95739,0.20918172597885132
,,,28,,,,,,,,,,,,,,,,,,,,,,,,,,,,,95749,0.01615971513092518
,,,28,,,,,,,,,,,,,,,,,,,,,,,,,,,,,95759,0.002522935625165701
,,,28,,,,,,,,,,,,,,,,,,,,,,,,,,,,,95769,0.003214240772649646
,,,28,,,,,,,,,,,,,,,,,,,,,,,,,,,,,95779,0.0034746320452541113
,,,28,,,,,,,,,,,,,,,,,,,,,,,,,,,,,95789,0.8112084269523621
,,,28,,,,,,,,,,,,,,,,,,,,,,,,,,,,,95799,0.10089243203401566
,,,28,,,,,,,,,,,,,,,,,,,,,,,,,,,,,95809,0.006796028930693865
,,,28,,,,,,,,,,,,,,,,,,,,,,,,,,,,,95819,0.04689992591738701
,,,28,,,,,,,,,,,,,,,,,,,,,,,,,,,,,95829,0.12388375401496887
,,,28,,,,,,,,,,,,,,,,,,,,,,,,,,,,,95839,0.003025658894330263
,,,28,,,,,,,,,,,,,,,,,,,,,,,,,,,,,95849,0.07438526302576065
,,,28,,,,,,,,,,,,,,,,,,,,,,,,,,,,,95859,0.002749301493167877
,,,28,,,,,,,,,,,,,,,,,,,,,,,,,,,,,95869,0.002362841507419944
,,,28,,,,,,,,,,,,,,,,,,,,,,,,,,,,,95879,0.0023948210291564465
,,,28,,,,,,,,,,,,,,,,,,,,,,,,,,,,,95889,0.000858078885357827
,,,28,,,,,,,,,,,,,,,,,,,,,,,,,,,,,95899,0.001763396430760622
,,,28,,,,,,,,,,,,,,,,,,,,,,,,,,,,,95909,0.0068247695453464985
,,,28,,,,,,,,,,,,,,,,,,,,,,,,,,,,,95919,0.04490111395716667
,,,28,,,,,,,,,,,,,,,,,,,,,,,,,,,,,95929,0.0011022526305168867
,,,28,,,,,,,,,,,,,,,,,,,,,,,,,,,,,95939,0.00548524921759963
,,,28,,,,,,,,,,,,,,,,,,,,,,,,,,,,,95949,0.001161996042355895
,,,28,,,,,,,,,,,,,,,,,,,,,,,,,,,,,95959,0.007955011911690235
,,,28,,,,,,,,,,,,,,,,,,,,,,,,,,,,,95969,0.0843069851398468
,,,28,,,,,,,,,,,,,,,,,,,,,,,,,,,,,95979,0.002955296542495489
,,,28,,,,,,,,,,,,,,,,,,,,,,,,,,,,,95989,0.0320313535630703
,,,,2.5467251083433957e-07,1.4266868013547958e-06,2.1949027713150704e-06,2.1949027713150704e-06,3.376773494330877e-06,3.376773494330877e-06,5.195036145124426e-06,5.195036145124426e-06,7.992363300191425e-06,7.992363300191425e-06,1.2295943538756038e-05,2.5467251083433957e-07,1.2295943538756038e-05,1.8916836213470826e-05,1.8916836213470826e-05,2.9102824943801272e-05,2.9102824943801272e-05,4.477357683661734e-05,4.477357683661734e-05,4.477357683661734e-05,4.477357683661734e-05,3.9180386282206076e-07,3.9180386282206076e-07,6.027751735724013e-07,6.027751735724013e-07,9.273464208806172e-07,9.273464208806172e-07,1.4266868013547958e-06,95991,
,,,29,,,,,,,,,,,,,,,,,,,,,,,,,,,,,95999,0.001436847960576415
,,,29,,,,,,,,,,,,,,,,,,,,,,,,,,,,,96009,0.576450526714325
,,,29,,,,,,,,,,,,,,,,,,,,,,,,,,,,,96019,0.0019964100793004036
,,,29,,,,,,,,,,,,,,,,,,,,,,,,,,,,,96029,0.0019279839470982552
,,,29,,,,,,,,,,,,,,,,,,,,,,,,,,,,,96039,0.5460440516471863
,,,29,,,,,,,,,,,,,,,,,,,,,,,,,,,,,96049,0.005085808224976063
,,,29,,,,,,,,,,,,,,,,,,,,,,,,,,,,,96059,0.002034673700109124
,,,29,,,,,,,,,,,,,,,,,,,,,,,,,,,,,96069,0.0024671887513250113
,,,29,,,,,,,,,,,,,,,,,,,,,,,,,,,,,96079,0.004565465729683638
,,,29,,,,,,,,,,,,,,,,,,,,,,,,,,,,,96089,0.0018969413358718157
,,,29,,,,,,,,,,,,,,,,,,,,,,,,,,,,,96099,0.5021209120750427
,,,29,,,,,,,,,,,,,,,,,,,,,,,,,,,,,96109,0.47054705023765564
,,,29,,,,,,,,,,,,,,,,,,,,,,,,,,,,,96119,0.06742596626281738
,,,29,,,,,,,,,,,,,,,,,,,,,,,,,,,,,96129,0.016547130420804024
,,,29,,,,,,,,,,,,,,,,,,,,,,,,,,,,,96139,0.008060741238296032
,,,29,,,,,,,,,,,,,,,,,,,,,,,,,,,,,96149,0.0027962278109043837
,,,29,,,,,,,,,,,,,,,,,,,,,,,,,,,,,96159,0.002293819561600685
,,,29,,,,,,,,,,,,,,,,,,,,,,,,,,,,,96169,0.0027461592108011246
,,,29,,,,,,,,,,,,,,,,,,,,,,,,,,,,,96179,0.059587202966213226
,,,29,,,,,,,,,,,,,,,,,,,,,,,,,,,,,96189,0.06351285427808762
,,,29,,,,,,,,,,,,,,,,,,,,,,,,,,,,,96199,0.0029167085886001587
,,,29,,,,,,,,,,,,,,,,,,,,,,,,,,,,,96209,0.0023009665310382843
,,,29,,,,,,,,,,,,,,,,,,,,,,,,,,,,,96219,0.019129129126667976
,,,29,,,,,,,,,,,,,,,,,,,,,,,,,,,,,96229,0.18890319764614105
,,,29,,,,,,,,,,,,,,,,,,,,,,,,,,,,,96239,0.0008830350125208497
,,,29,,,,,,,,,,,,,,,,,,,,,,,,,,,,,96249,0.002512433100491762
,,,29,,,,,,,,,,,,,,,,,,,,,,,,,,,,,96259,0.9986228942871094
,,,29,,,,,,,,,,,,,,,,,,,,,,,,,,,,,96269,0.0024771892931312323
,,,29,,,,,,,,,,,,,,,,,,,,,,,,,,,,,96279,0.03876039758324623
,,,29,,,,,,,,,,,,,,,,,,,,,,,,,,,,,96289,0.0018082691822201014
,,,29,,,,,,,,,,,,,,,,,,,,,,,,,,,,,96299,0.016969751566648483
,,,29,,,,,,,,,,,,,,,,,,,,,,,,,,,,,96309,0.0004900213098153472
,,,29,,,,,,,,,,,,,,,,,,,,,,,,,,,,,96319,0.0016529676504433155
,,,29,,,,,,,,,,,,,,,,,,,,,,,,,,,,,96329,0.0018235491588711739
,,,29,,,,,,,,,,,,,,,,,,,,,,,,,,,,,96339,0.0021722479723393917
,,,29,,,,,,,,,,,,,,,,,,,,,,,,,,,,,96349,0.011029158718883991
,,,29,,,,,,,,,,,,,,,,,,,,,,,,,,,,,96359,0.013550709001719952
,,,29,,,,,,,,,,,,,,,,,,,,,,,,,,,,,96369,0.010411973111331463
,,,29,,,,,,,,,,,,,,,,,,,,,,,,,,,,,96379,1.2206790447235107
,,,29,,,,,,,,,,,,,,,,,,,,,,,,,,,,,96389,0.002775424625724554
,,,29,,,,,,,,,,,,,,,,,,,,,,,,,,,,,96399,0.18336263298988342
,,,29,,,,,,,,,,,,,,,,,,,,,,,,,,,,,96409,0.008823875337839127
,,,29,,,,,,,,,,,,,,,,,,,,,,,,,,,,,96419,0.003621593816205859
,,,29,,,,,,,,,,,,,,,,,,,,,,,,,,,,,96429,0.0029665366746485233
,,,29,,,,,,,,,,,,,,,,,,,,,,,,,,,,,96439,0.003983243368566036
,,,29,,,,,,,,,,,,,,,,,,,,,,,,,,,,,96449,0.0038653600495308638
,,,29,,,,,,,,,,,,,,,,,,,,,,,,,,,,,96459,0.005548615474253893
,,,29,,,,,,,,,,,,,,,,,,,,,,,,,,,,,96469,0.0020425475668162107
,,,29,,,,,,,,,,,,,,,,,,,,,,,,,,,,,96479,0.0029153688810765743
,,,29,,,,,,,,,,,,,,,,,,,,,,,,,,,,,96489,0.36365365982055664
,,,29,,,,,,,,,,,,,,,,,,,,,,,,,,,,,96499,0.0023779228795319796
,,,29,,,,,,,,,,,,,,,,,,,,,,,,,,,,,96509,0.014107543975114822
,,,29,,,,,,,,,,,,,,,,,,,,,,,,,,,,,96519,0.0019953472074121237
,,,29,,,,,,,,,,,,,,,,,,,,,,,,,,,,,96529,0.02953769825398922
,,,29,,,,,,,,,,,,,,,,,,,,,,,,,,,,,96539,0.0046508959494531155
,,,29,,,,,,,,,,,,,,,,,,,,,,,,,,,,,96549,0.015185421332716942
,,,29,,,,,,,,,,,,,,,,,,,,,,,,,,,,,96559,0.05679185315966606
,,,29,,,,,,,,,,,,,,,,,,,,,,,,,,,,,96569,0.0018537144642323256
,,,29,,,,,,,,,,,,,,,,,,,,,,,,,,,,,96579,0.02054150402545929
,,,29,,,,,,,,,,,,,,,,,,,,,,,,,,,,,96589,0.07282096147537231
,,,29,,,,,,,,,,,,,,,,,,,,,,,,,,,,,96599,0.0025608025025576353
,,,29,,,,,,,,,,,,,,,,,,,,,,,,,,,,,96609,0.22095346450805664
,,,29,,,,,,,,,,,,,,,,,,,,,,,,,,,,,96619,0.07214748114347458
,,,29,,,,,,,,,,,,,,,,,,,,,,,,,,,,,96629,0.001851682085543871
,,,29,,,,,,,,,,,,,,,,,,,,,,,,,,,,,96639,0.889374852180481
,,,29,,,,,,,,,,,,,,,,,,,,,,,,,,,,,96649,0.0030122355092316866
,,,29,,,,,,,,,,,,,,,,,,,,,,,,,,,,,96659,0.00449650501832366
,,,29,,,,,,,,,,,,,,,,,,,,,,,,,,,,,96669,0.0012469145003706217
,,,29,,,,,,,,,,,,,,,,,,,,,,,,,,,,,96679,0.006772086024284363
,,,29,,,,,,,,,,,,,,,,,,,,,,,,,,,,,96689,1.6435397863388062
,,,29,,,,,,,,,,,,,,,,,,,,,,,,,,,,,96699,0.003063345793634653
,,,29,,,,,,,,,,,,,,,,,,,,,,,,,,,,,96709,0.011519324965775013
,,,29,,,,,,,,,,,,,,,,,,,,,,,,,,,,,96719,0.0794411152601242
,,,29,,,,,,,,,,,,,,,,,,,,,,,,,,,,,96729,0.001909936429001391
,,,29,,,,,,,,,,,,,,,,,,,,,,,,,,,,,96739,0.002378984121605754
,,,29,,,,,,,,,,,,,,,,,,,,,,,,,,,,,96749,0.0019125246908515692
,,,29,,,,,,,,,,,,,,,,,,,,,,,,,,,,,96759,0.00427569355815649
,,,29,,,,,,,,,,,,,,,,,,,,,,,,,,,,,96769,0.006015524733811617
,,,29,,,,,,,,,,,,,,,,,,,,,,,,,,,,,96779,0.0017991367494687438
,,,29,,,,,,,,,,,,,,,,,,,,,,,,,,,,,96789,0.004408280830830336
,,,29,,,,,,,,,,,,,,,,,,,,,,,,,,,,,96799,0.15094570815563202
,,,29,,,,,,,,,,,,,,,,,,,,,,,,,,,,,96809,0.0014352675061672926
,,,29,,,,,,,,,,,,,,,,,,,,,,,,,,,,,96819,0.7086330056190491
,,,29,,,,,,,,,,,,,,,,,,,,,,,,,,,,,96829,0.42916181683540344
,,,29,,,,,,,,,,,,,,,,,,,,,,,,,,,,,96839,0.0030605304054915905
,,,29,,,,,,,,,,,,,,,,,,,,,,,,,,,,,96849,0.0024830668698996305
,,,29,,,,,,,,,,,,,,,,,,,,,,,,,,,,,96859,0.00319368252530694
,,,29,,,,,,,,,,,,,,,,,,,,,,,,,,,,,96869,0.012919406406581402
,,,29,,,,,,,,,,,,,,,,,,,,,,,,,,,,,96879,0.05921738222241402
,,,29,,,,,,,,,,,,,,,,,,,,,,,,,,,,,96889,0.005789827089756727
,,,29,,,,,,,,,,,,,,,,,,,,,,,,,,,,,96899,0.27464213967323303
,,,29,,,,,,,,,,,,,,,,,,,,,,,,,,,,,96909,0.002336234552785754
,,,29,,,,,,,,,,,,,,,,,,,,,,,,,,,,,96919,0.002778064925223589
,,,29,,,,,,,,,,,,,,,,,,,,,,,,,,,,,96929,0.005227442365139723
,,,29,,,,,,,,,,,,,,,,,,,,,,,,,,,,,96939,0.0029085774440318346
,,,29,,,,,,,,,,,,,,,,,,,,,,,,,,,,,96949,1.1697381734848022
,,,29,,,,,,,,,,,,,,,,,,,,,,,,,,,,,96959,0.0035932413302361965
,,,29,,,,,,,,,,,,,,,,,,,,,,,,,,,,,96969,0.0033551647793501616
,,,29,,,,,,,,,,,,,,,,,,,,,,,,,,,,,96979,0.006979808211326599
,,,29,,,,,,,,,,,,,,,,,,,,,,,,,,,,,96989,0.000898607715498656
,,,29,,,,,,,,,,,,,,,,,,,,,,,,,,,,,96999,0.006063571199774742
,,,29,,,,,,,,,,,,,,,,,,,,,,,,,,,,,97009,0.021484890952706337
,,,29,,,,,,,,,,,,,,,,,,,,,,,,,,,,,97019,0.0236162468791008
,,,29,,,,,,,,,,,,,,,,,,,,,,,,,,,,,97029,0.0065678381361067295
,,,29,,,,,,,,,,,,,,,,,,,,,,,,,,,,,97039,0.002910934155806899
,,,29,,,,,,,,,,,,,,,,,,,,,,,,,,,,,97049,0.0018179581966251135
,,,29,,,,,,,,,,,,,,,,,,,,,,,,,,,,,97059,0.003401539521291852
,,,29,,,,,,,,,,,,,,,,,,,,,,,,,,,,,97069,0.003467587288469076
,,,29,,,,,,,,,,,,,,,,,,,,,,,,,,,,,97079,0.0021465669851750135
,,,29,,,,,,,,,,,,,,,,,,,,,,,,,,,,,97089,0.3836231529712677
,,,29,,,,,,,,,,,,,,,,,,,,,,,,,,,,,97099,0.004208425059914589
,,,29,,,,,,,,,,,,,,,,,,,,,,,,,,,,,97109,0.020687071606516838
,,,29,,,,,,,,,,,,,,,,,,,,,,,,,,,,,97119,0.18917925655841827
,,,29,,,,,,,,,,,,,,,,,,,,,,,,,,,,,97129,0.004138632211834192
,,,29,,,,,,,,,,,,,,,,,,,,,,,,,,,,,97139,0.00207063602283597
,,,29,,,,,,,,,,,,,,,,,,,,,,,,,,,,,97149,0.0023473112378269434
,,,29,,,,,,,,,,,,,,,,,,,,,,,,,,,,,97159,0.04491811990737915
,,,29,,,,,,,,,,,,,,,,,,,,,,,,,,,,,97169,0.031666100025177
,,,29,,,,,,,,,,,,,,,,,,,,,,,,,,,,,97179,0.0034268363378942013
,,,29,,,,,,,,,,,,,,,,,,,,,,,,,,,,,97189,0.11557844281196594
,,,29,,,,,,,,,,,,,,,,,,,,,,,,,,,,,97199,0.0037460140883922577
,,,29,,,,,,,,,,,,,,,,,,,,,,,,,,,,,97209,0.07656214386224747
,,,29,,,,,,,,,,,,,,,,,,,,,,,,,,,,,97219,0.007651533931493759
,,,29,,,,,,,,,,,,,,,,,,,,,,,,,,,,,97229,0.10056265443563461
,,,29,,,,,,,,,,,,,,,,,,,,,,,,,,,,,97239,0.0023879818618297577
,,,29,,,,,,,,,,,,,,,,,,,,,,,,,,,,,97249,0.5584724545478821
,,,29,,,,,,,,,,,,,,,,,,,,,,,,,,,,,97259,0.42011716961860657
,,,29,,,,,,,,,,,,,,,,,,,,,,,,,,,,,97269,0.002401727484539151
,,,29,,,,,,,,,,,,,,,,,,,,,,,,,,,,,97279,0.0016259094700217247
,,,29,,,,,,,,,,,,,,,,,,,,,,,,,,,,,97289,0.004461190197616816
,,,29,,,,,,,,,,,,,,,,,,,,,,,,,,,,,97299,1.074175238609314
,,,29,,,,,,,,,,,,,,,,,,,,,,,,,,,,,97309,0.004932321608066559
,,,29,,,,,,,,,,,,,,,,,,,,,,,,,,,,,97319,0.025286784395575523
,,,29,,,,,,,,,,,,,,,,,,,,,,,,,,,,,97329,0.0010084465611726046
,,,29,,,,,,,,,,,,,,,,,,,,,,,,,,,,,97339,0.0015862261643633246
,,,29,,,,,,,,,,,,,,,,,,,,,,,,,,,,,97349,0.0020088886376470327
,,,29,,,,,,,,,,,,,,,,,,,,,,,,,,,,,97359,0.001365775940939784
,,,29,,,,,,,,,,,,,,,,,,,,,,,,,,,,,97369,0.004097911063581705
,,,29,,,,,,,,,,,,,,,,,,,,,,,,,,,,,97379,0.009794356301426888
,,,29,,,,,,,,,,,,,,,,,,,,,,,,,,,,,97389,0.0009993944549933076
,,,29,,,,,,,,,,,,,,,,,,,,,,,,,,,,,97399,0.0023636340629309416
,,,29,,,,,,,,,,,,,,,,,,,,,,,,,,,,,97409,0.006776805035769939
,,,29,,,,,,,,,,,,,,,,,,,,,,,,,,,,,97419,0.003739964682608843
,,,29,,,,,,,,,,,,,,,,,,,,,,,,,,,,,97429,0.002205445896834135
,,,29,,,,,,,,,,,,,,,,,,,,,,,,,,,,,97439,0.002749150153249502
,,,29,,,,,,,,,,,,,,,,,,,,,,,,,,,,,97449,0.0008270505350083113
,,,29,,,,,,,,,,,,,,,,,,,,,,,,,,,,,97459,0.00300945364870131
,,,29,,,,,,,,,,,,,,,,,,,,,,,,,,,,,97469,0.0016933626029640436
,,,29,,,,,,,,,,,,,,,,,,,,,,,,,,,,,97479,0.08762481808662415
,,,29,,,,,,,,,,,,,,,,,,,,,,,,,,,,,97489,0.0016743846936151385
,,,29,,,,,,,,,,,,,,,,,,,,,,,,,,,,,97499,0.0027752441819757223
,,,29,,,,,,,,,,,,,,,,,,,,,,,,,,,,,97509,0.46202459931373596
,,,29,,,,,,,,,,,,,,,,,,,,,,,,,,,,,97519,0.003930979873985052
,,,29,,,,,,,,,,,,,,,,,,,,,,,,,,,,,97529,0.0018433602526783943
,,,29,,,,,,,,,,,,,,,,,,,,,,,,,,,,,97539,0.05937235429883003
,,,29,,,,,,,,,,,,,,,,,,,,,,,,,,,,,97549,0.006895877420902252
,,,29,,,,,,,,,,,,,,,,,,,,,,,,,,,,,97559,0.00244647148065269
,,,29,,,,,,,,,,,,,,,,,,,,,,,,,,,,,97569,0.0015836873790249228
,,,29,,,,,,,,,,,,,,,,,,,,,,,,,,,,,97579,0.0039987629279494286
,,,29,,,,,,,,,,,,,,,,,,,,,,,,,,,,,97589,0.025139309465885162
,,,29,,,,,,,,,,,,,,,,,,,,,,,,,,,,,97599,0.028120527043938637
,,,29,,,,,,,,,,,,,,,,,,,,,,,,,,,,,97609,0.006964709609746933
,,,29,,,,,,,,,,,,,,,,,,,,,,,,,,,,,97619,0.006389104761183262
,,,29,,,,,,,,,,,,,,,,,,,,,,,,,,,,,97629,0.5862972140312195
,,,29,,,,,,,,,,,,,,,,,,,,,,,,,,,,,97639,0.001814244664274156
,,,29,,,,,,,,,,,,,,,,,,,,,,,,,,,,,97649,0.001429027528502047
,,,29,,,,,,,,,,,,,,,,,,,,,,,,,,,,,97659,0.0015943566104397178
,,,29,,,,,,,,,,,,,,,,,,,,,,,,,,,,,97669,0.0024074886459857225
,,,29,,,,,,,,,,,,,,,,,,,,,,,,,,,,,97679,0.0029155914671719074
,,,29,,,,,,,,,,,,,,,,,,,,,,,,,,,,,97689,0.0018356285290792584
,,,29,,,,,,,,,,,,,,,,,,,,,,,,,,,,,97699,0.0046547092497348785
,,,29,,,,,,,,,,,,,,,,,,,,,,,,,,,,,97709,0.17382900416851044
,,,29,,,,,,,,,,,,,,,,,,,,,,,,,,,,,97719,0.004226597957313061
,,,29,,,,,,,,,,,,,,,,,,,,,,,,,,,,,97729,0.0008717195014469326
,,,29,,,,,,,,,,,,,,,,,,,,,,,,,,,,,97739,0.0010780636221170425
,,,29,,,,,,,,,,,,,,,,,,,,,,,,,,,,,97749,0.0019709665793925524
,,,29,,,,,,,,,,,,,,,,,,,,,,,,,,,,,97759,0.0012285455595701933
,,,29,,,,,,,,,,,,,,,,,,,,,,,,,,,,,97769,0.0274883434176445
,,,29,,,,,,,,,,,,,,,,,,,,,,,,,,,,,97779,0.016077933833003044
,,,29,,,,,,,,,,,,,,,,,,,,,,,,,,,,,97789,0.004525603260844946
,,,29,,,,,,,,,,,,,,,,,,,,,,,,,,,,,97799,0.006819422822445631
,,,29,,,,,,,,,,,,,,,,,,,,,,,,,,,,,97809,0.005355968605726957
,,,29,,,,,,,,,,,,,,,,,,,,,,,,,,,,,97819,0.0007398305460810661
,,,29,,,,,,,,,,,,,,,,,,,,,,,,,,,,,97829,0.002245252951979637
,,,29,,,,,,,,,,,,,,,,,,,,,,,,,,,,,97839,0.0037958971224725246
,,,29,,,,,,,,,,,,,,,,,,,,,,,,,,,,,97849,0.016854649409651756
,,,29,,,,,,,,,,,,,,,,,,,,,,,,,,,,,97859,0.022686796262860298
,,,29,,,,,,,,,,,,,,,,,,,,,,,,,,,,,97869,0.009383520111441612
,,,29,,,,,,,,,,,,,,,,,,,,,,,,,,,,,97879,0.002158723073080182
,,,29,,,,,,,,,,,,,,,,,,,,,,,,,,,,,97889,0.0012102745240554214
,,,29,,,,,,,,,,,,,,,,,,,,,,,,,,,,,97899,0.002337901620194316
,,,29,,,,,,,,,,,,,,,,,,,,,,,,,,,,,97909,0.0039677065797150135
,,,29,,,,,,,,,,,,,,,,,,,,,,,,,,,,,97919,0.0032175881788134575
,,,29,,,,,,,,,,,,,,,,,,,,,,,,,,,,,97929,0.26269909739494324
,,,29,,,,,,,,,,,,,,,,,,,,,,,,,,,,,97939,0.5831323862075806
,,,29,,,,,,,,,,,,,,,,,,,,,,,,,,,,,97949,0.000623872212599963
,,,29,,,,,,,,,,,,,,,,,,,,,,,,,,,,,97959,0.0014184090541675687
,,,29,,,,,,,,,,,,,,,,,,,,,,,,,,,,,97969,0.003142307046800852
,,,29,,,,,,,,,,,,,,,,,,,,,,,,,,,,,97979,0.0024420712143182755
,,,29,,,,,,,,,,,,,,,,,,,,,,,,,,,,,97989,0.0026020605582743883
,,,29,,,,,,,,,,,,,,,,,,,,,,,,,,,,,97999,0.0036160063464194536
,,,29,,,,,,,,,,,,,,,,,,,,,,,,,,,,,98009,0.012542563490569592
,,,29,,,,,,,,,,,,,,,,,,,,,,,,,,,,,98019,0.4483352303504944
,,,29,,,,,,,,,,,,,,,,,,,,,,,,,,,,,98029,0.0026534907519817352
,,,29,,,,,,,,,,,,,,,,,,,,,,,,,,,,,98039,0.00386466714553535
,,,29,,,,,,,,,,,,,,,,,,,,,,,,,,,,,98049,0.0023537094239145517
,,,29,,,,,,,,,,,,,,,,,,,,,,,,,,,,,98059,0.002017409773543477
,,,29,,,,,,,,,,,,,,,,,,,,,,,,,,,,,98069,0.0005605047335848212
,,,29,,,,,,,,,,,,,,,,,,,,,,,,,,,,,98079,0.0010943484958261251
,,,29,,,,,,,,,,,,,,,,,,,,,,,,,,,,,98089,0.0027208691462874413
,,,29,,,,,,,,,,,,,,,,,,,,,,,,,,,,,98099,0.29770490527153015
,,,29,,,,,,,,,,,,,,,,,,,,,,,,,,,,,98109,0.009007995948195457
,,,29,,,,,,,,,,,,,,,,,,,,,,,,,,,,,98119,0.00347514683380723
,,,29,,,,,,,,,,,,,,,,,,,,,,,,,,,,,98129,0.004105170723050833
,,,29,,,,,,,,,,,,,,,,,,,,,,,,,,,,,98139,0.0011084123980253935
,,,29,,,,,,,,,,,,,,,,,,,,,,,,,,,,,98149,0.13598425686359406
,,,29,,,,,,,,,,,,,,,,,,,,,,,,,,,,,98159,0.002325349487364292
,,,29,,,,,,,,,,,,,,,,,,,,,,,,,,,,,98169,0.003356544766575098
,,,29,,,,,,,,,,,,,,,,,,,,,,,,,,,,,98179,0.003020291216671467
,,,29,,,,,,,,,,,,,,,,,,,,,,,,,,,,,98189,0.004003379959613085
,,,29,,,,,,,,,,,,,,,,,,,,,,,,,,,,,98199,0.0035392162390053272
,,,29,,,,,,,,,,,,,,,,,,,,,,,,,,,,,98209,0.2251613736152649
,,,29,,,,,,,,,,,,,,,,,,,,,,,,,,,,,98219,0.004093219991773367
,,,29,,,,,,,,,,,,,,,,,,,,,,,,,,,,,98229,0.007704230956733227
,,,29,,,,,,,,,,,,,,,,,,,,,,,,,,,,,98239,0.0027600284665822983
,,,29,,,,,,,,,,,,,,,,,,,,,,,,,,,,,98249,0.3628443777561188
,,,29,,,,,,,,,,,,,,,,,,,,,,,,,,,,,98259,1.0304591655731201
,,,29,,,,,,,,,,,,,,,,,,,,,,,,,,,,,98269,1.3605355024337769
,,,29,,,,,,,,,,,,,,,,,,,,,,,,,,,,,98279,0.010302062146365643
,,,29,,,,,,,,,,,,,,,,,,,,,,,,,,,,,98289,0.002310879062861204
,,,29,,,,,,,,,,,,,,,,,,,,,,,,,,,,,98299,0.018299147486686707
,,,29,,,,,,,,,,,,,,,,,,,,,,,,,,,,,98309,0.4195917546749115
,,,29,,,,,,,,,,,,,,,,,,,,,,,,,,,,,98319,0.0010495110182091594
,,,29,,,,,,,,,,,,,,,,,,,,,,,,,,,,,98329,0.3793002665042877
,,,29,,,,,,,,,,,,,,,,,,,,,,,,,,,,,98339,0.01672062650322914
,,,29,,,,,,,,,,,,,,,,,,,,,,,,,,,,,98349,0.009660032577812672
,,,29,,,,,,,,,,,,,,,,,,,,,,,,,,,,,98359,0.0014536319067701697
,,,29,,,,,,,,,,,,,,,,,,,,,,,,,,,,,98369,0.040116410702466965
,,,29,,,,,,,,,,,,,,,,,,,,,,,,,,,,,98379,0.0025270304176956415
,,,29,,,,,,,,,,,,,,,,,,,,,,,,,,,,,98389,0.3781112730503082
,,,29,,,,,,,,,,,,,,,,,,,,,,,,,,,,,98399,0.00365773169323802
,,,29,,,,,,,,,,,,,,,,,,,,,,,,,,,,,98409,0.017618000507354736
,,,29,,,,,,,,,,,,,,,,,,,,,,,,,,,,,98419,0.0041600908152759075
,,,29,,,,,,,,,,,,,,,,,,,,,,,,,,,,,98429,0.06898094713687897
,,,29,,,,,,,,,,,,,,,,,,,,,,,,,,,,,98439,0.0023585609160363674
,,,29,,,,,,,,,,,,,,,,,,,,,,,,,,,,,98449,0.0047806911170482635
,,,29,,,,,,,,,,,,,,,,,,,,,,,,,,,,,98459,0.0031976851169019938
,,,29,,,,,,,,,,,,,,,,,,,,,,,,,,,,,98469,0.14248107373714447
,,,29,,,,,,,,,,,,,,,,,,,,,,,,,,,,,98479,0.0025918222963809967
,,,29,,,,,,,,,,,,,,,,,,,,,,,,,,,,,98489,0.001436340739019215
,,,29,,,,,,,,,,,,,,,,,,,,,,,,,,,,,98499,0.004474777728319168
,,,29,,,,,,,,,,,,,,,,,,,,,,,,,,,,,98509,0.07623418420553207
,,,29,,,,,,,,,,,,,,,,,,,,,,,,,,,,,98519,0.0043284776620566845
,,,29,,,,,,,,,,,,,,,,,,,,,,,,,,,,,98529,0.042285624891519547
,,,29,,,,,,,,,,,,,,,,,,,,,,,,,,,,,98539,0.025037089362740517
,,,29,,,,,,,,,,,,,,,,,,,,,,,,,,,,,98549,0.0014627421041950583
,,,29,,,,,,,,,,,,,,,,,,,,,,,,,,,,,98559,0.0016294594388455153
,,,29,,,,,,,,,,,,,,,,,,,,,,,,,,,,,98569,0.29000231623649597
,,,29,,,,,,,,,,,,,,,,,,,,,,,,,,,,,98579,0.0019612377509474754
,,,29,,,,,,,,,,,,,,,,,,,,,,,,,,,,,98589,0.46424490213394165
,,,29,,,,,,,,,,,,,,,,,,,,,,,,,,,,,98599,0.0024412209168076515
,,,29,,,,,,,,,,,,,,,,,,,,,,,,,,,,,98609,0.0026395597960799932
,,,29,,,,,,,,,,,,,,,,,,,,,,,,,,,,,98619,0.0011344775557518005
,,,29,,,,,,,,,,,,,,,,,,,,,,,,,,,,,98629,0.0037094983272254467
,,,29,,,,,,,,,,,,,,,,,,,,,,,,,,,,,98639,0.010446214117109776
,,,29,,,,,,,,,,,,,,,,,,,,,,,,,,,,,98649,0.0036483153235167265
,,,29,,,,,,,,,,,,,,,,,,,,,,,,,,,,,98659,0.003190765157341957
,,,29,,,,,,,,,,,,,,,,,,,,,,,,,,,,,98669,0.013836006633937359
,,,29,,,,,,,,,,,,,,,,,,,,,,,,,,,,,98679,0.00502511952072382
,,,29,,,,,,,,,,,,,,,,,,,,,,,,,,,,,98689,0.0018083780305460095
,,,29,,,,,,,,,,,,,,,,,,,,,,,,,,,,,98699,0.0016113283345475793
,,,29,,,,,,,,,,,,,,,,,,,,,,,,,,,,,98709,0.002964916406199336
,,,29,,,,,,,,,,,,,,,,,,,,,,,,,,,,,98719,0.027539869770407677
,,,29,,,,,,,,,,,,,,,,,,,,,,,,,,,,,98729,0.002146051963791251
,,,29,,,,,,,,,,,,,,,,,,,,,,,,,,,,,98739,0.0015987076330929995
,,,29,,,,,,,,,,,,,,,,,,,,,,,,,,,,,98749,0.012288802303373814
,,,29,,,,,,,,,,,,,,,,,,,,,,,,,,,,,98759,0.004373829811811447
,,,29,,,,,,,,,,,,,,,,,,,,,,,,,,,,,98769,0.0018475799588486552
,,,29,,,,,,,,,,,,,,,,,,,,,,,,,,,,,98779,0.01903131976723671
,,,29,,,,,,,,,,,,,,,,,,,,,,,,,,,,,98789,0.0031289567705243826
,,,29,,,,,,,,,,,,,,,,,,,,,,,,,,,,,98799,0.23354966938495636
,,,29,,,,,,,,,,,,,,,,,,,,,,,,,,,,,98809,0.0008405251428484917
,,,29,,,,,,,,,,,,,,,,,,,,,,,,,,,,,98819,0.1737159639596939
,,,29,,,,,,,,,,,,,,,,,,,,,,,,,,,,,98829,0.04922229051589966
,,,29,,,,,,,,,,,,,,,,,,,,,,,,,,,,,98839,0.003192678326740861
,,,29,,,,,,,,,,,,,,,,,,,,,,,,,,,,,98849,0.34377169609069824
,,,29,,,,,,,,,,,,,,,,,,,,,,,,,,,,,98859,0.0035329677630215883
,,,29,,,,,,,,,,,,,,,,,,,,,,,,,,,,,98869,0.002283147070556879
,,,29,,,,,,,,,,,,,,,,,,,,,,,,,,,,,98879,0.0029572960920631886
,,,29,,,,,,,,,,,,,,,,,,,,,,,,,,,,,98889,0.011471540667116642
,,,29,,,,,,,,,,,,,,,,,,,,,,,,,,,,,98899,0.012006482109427452
,,,29,,,,,,,,,,,,,,,,,,,,,,,,,,,,,98909,0.07383765280246735
,,,29,,,,,,,,,,,,,,,,,,,,,,,,,,,,,98919,0.00667733047157526
,,,29,,,,,,,,,,,,,,,,,,,,,,,,,,,,,98929,0.0026057662907987833
,,,29,,,,,,,,,,,,,,,,,,,,,,,,,,,,,98939,0.0017041608225554228
,,,29,,,,,,,,,,,,,,,,,,,,,,,,,,,,,98949,0.019702648743987083
,,,29,,,,,,,,,,,,,,,,,,,,,,,,,,,,,98959,0.007134099956601858
,,,29,,,,,,,,,,,,,,,,,,,,,,,,,,,,,98969,0.48407310247421265
,,,29,,,,,,,,,,,,,,,,,,,,,,,,,,,,,98979,0.7056794166564941
,,,29,,,,,,,,,,,,,,,,,,,,,,,,,,,,,98989,0.0026870558504015207
,,,29,,,,,,,,,,,,,,,,,,,,,,,,,,,,,98999,0.002033876720815897
,,,29,,,,,,,,,,,,,,,,,,,,,,,,,,,,,99009,0.0026578684337437153
,,,29,,,,,,,,,,,,,,,,,,,,,,,,,,,,,99019,0.0030543797183781862
,,,29,,,,,,,,,,,,,,,,,,,,,,,,,,,,,99029,0.0016251236665993929
,,,29,,,,,,,,,,,,,,,,,,,,,,,,,,,,,99039,0.003231578040868044
,,,29,,,,,,,,,,,,,,,,,,,,,,,,,,,,,99049,0.4699995219707489
,,,29,,,,,,,,,,,,,,,,,,,,,,,,,,,,,99059,0.0031859742011874914
,,,29,,,,,,,,,,,,,,,,,,,,,,,,,,,,,99069,0.048636287450790405
,,,29,,,,,,,,,,,,,,,,,,,,,,,,,,,,,99079,0.407559871673584
,,,29,,,,,,,,,,,,,,,,,,,,,,,,,,,,,99089,0.003449563169851899
,,,29,,,,,,,,,,,,,,,,,,,,,,,,,,,,,99099,0.2332742065191269
,,,29,,,,,,,,,,,,,,,,,,,,,,,,,,,,,99109,1.087692141532898
,,,29,,,,,,,,,,,,,,,,,,,,,,,,,,,,,99119,0.0038159459363669157
,,,29,,,,,,,,,,,,,,,,,,,,,,,,,,,,,99129,0.030046146363019943
,,,29,,,,,,,,,,,,,,,,,,,,,,,,,,,,,99139,0.00335921929217875
,,,29,,,,,,,,,,,,,,,,,,,,,,,,,,,,,99149,0.0036998018622398376
,,,29,,,,,,,,,,,,,,,,,,,,,,,,,,,,,99159,0.006235579028725624
,,,29,,,,,,,,,,,,,,,,,,,,,,,,,,,,,99169,0.0016613240586593747
,,,29,,,,,,,,,,,,,,,,,,,,,,,,,,,,,99179,0.002822617068886757
,,,29,,,,,,,,,,,,,,,,,,,,,,,,,,,,,99189,0.028446635231375694
,,,29,,,,,,,,,,,,,,,,,,,,,,,,,,,,,99199,0.006082185544073582
,,,29,,,,,,,,,,,,,,,,,,,,,,,,,,,,,99209,0.011329533532261848
,,,29,,,,,,,,,,,,,,,,,,,,,,,,,,,,,99219,0.08446913212537766
,,,29,,,,,,,,,,,,,,,,,,,,,,,,,,,,,99229,0.15995855629444122
,,,29,,,,,,,,,,,,,,,,,,,,,,,,,,,,,99239,0.8678539991378784
,,,29,,,,,,,,,,,,,,,,,,,,,,,,,,,,,99249,0.00499306432902813
,,,29,,,,,,,,,,,,,,,,,,,,,,,,,,,,,99259,0.0038878959603607655
,,,29,,,,,,,,,,,,,,,,,,,,,,,,,,,,,99269,0.04348081350326538
,,,29,,,,,,,,,,,,,,,,,,,,,,,,,,,,,99279,0.0036132417153567076
,,,29,,,,,,,,,,,,,,,,,,,,,,,,,,,,,99289,0.6776471734046936
,,,29,,,,,,,,,,,,,,,,,,,,,,,,,,,,,99299,0.027015000581741333
0.899807333946228,0.8963531851768494,0.9032881855964661,29,,,,,,,,,,,,,,,,,,,,,,,,,,,,,99300,
,,,,2.3501483273722123e-07,1.3165636090457405e-06,2.025482475454985e-06,2.025482475454985e-06,3.1161268853153615e-06,3.1161268853153615e-06,4.794041362023633e-06,4.794041362023633e-06,7.375448249267128e-06,7.375448249267128e-06,1.1346843460410964e-05,2.3501483273722123e-07,1.1346843460410964e-05,1.7456682246786098e-05,1.7456682246786098e-05,2.685643422582477e-05,2.685643422582477e-05,4.131759111665349e-05,4.131759111665349e-05,4.131759111665349e-05,4.131759111665349e-05,3.6156128113418643e-07,3.6156128113418643e-07,5.562481248218254e-07,5.562481248218254e-07,8.557663458797313e-07,8.557663458797313e-07,1.3165636090457405e-06,99301,
,,,30,,,,,,,,,,,,,,,,,,,,,,,,,,,,,99309,0.0051278783939778805
,,,30,,,,,,,,,,,,,,,,,,,,,,,,,,,,,99319,0.18331950902938843
,,,30,,,,,,,,,,,,,,,,,,,,,,,,,,,,,99329,0.6034623980522156
,,,30,,,,,,,,,,,,,,,,,,,,,,,,,,,,,99339,0.0025812869425863028
,,,30,,,,,,,,,,,,,,,,,,,,,,,,,,,,,99349,0.002946028020232916
,,,30,,,,,,,,,,,,,,,,,,,,,,,,,,,,,99359,0.0020094162318855524
,,,30,,,,,,,,,,,,,,,,,,,,,,,,,,,,,99369,0.5654118657112122
,,,30,,,,,,,,,,,,,,,,,,,,,,,,,,,,,99379,0.007552477065473795
,,,30,,,,,,,,,,,,,,,,,,,,,,,,,,,,,99389,0.11691414564847946
,,,30,,,,,,,,,,,,,,,,,,,,,,,,,,,,,99399,0.0021821544505655766
,,,30,,,,,,,,,,,,,,,,,,,,,,,,,,,,,99409,0.00263315555639565
,,,30,,,,,,,,,,,,,,,,,,,,,,,,,,,,,99419,0.005826242733746767
,,,30,,,,,,,,,,,,,,,,,,,,,,,,,,,,,99429,0.005793523509055376
,,,30,,,,,,,,,,,,,,,,,,,,,,,,,,,,,99439,0.001749780378304422
,,,30,,,,,,,,,,,,,,,,,,,,,,,,,,,,,99449,0.0017269653035327792
,,,30,,,,,,,,,,,,,,,,,,,,,,,,,,,,,99459,0.18333686888217926
,,,30,,,,,,,,,,,,,,,,,,,,,,,,,,,,,99469,0.012094913050532341
,,,30,,,,,,,,,,,,,,,,,,,,,,,,,,,,,99479,0.007564479485154152
,,,30,,,,,,,,,,,,,,,,,,,,,,,,,,,,,99489,0.0037833943497389555
,,,30,,,,,,,,,,,,,,,,,,,,,,,,,,,,,99499,0.015449277125298977
,,,30,,,,,,,,,,,,,,,,,,,,,,,,,,,,,99509,0.00221370835788548
,,,30,,,,,,,,,,,,,,,,,,,,,,,,,,,,,99519,0.006580546498298645
,,,30,,,,,,,,,,,,,,,,,,,,,,,,,,,,,99529,0.0023334745783358812
,,,30,,,,,,,,,,,,,,,,,,,,,,,,,,,,,99539,0.14485228061676025
,,,30,,,,,,,,,,,,,,,,,,,,,,,,,,,,,99549,0.003702060552313924
,,,30,,,,,,,,,,,,,,,,,,,,,,,,,,,,,99559,0.0016517550684511662
,,,30,,,,,,,,,,,,,,,,,,,,,,,,,,,,,99569,0.0016697245882824063
,,,30,,,,,,,,,,,,,,,,,,,,,,,,,,,,,99579,0.005607906728982925
,,,30,,,,,,,,,,,,,,,,,,,,,,,,,,,,,99589,0.0012766232248395681
,,,30,,,,,,,,,,,,,,,,,,,,,,,,,,,,,99599,0.16154424846172333
,,,30,,,,,,,,,,,,,,,,,,,,,,,,,,,,,99609,0.0065568601712584496
,,,30,,,,,,,,,,,,,,,,,,,,,,,,,,,,,99619,0.0018894997192546725
,,,30,,,,,,,,,,,,,,,,,,,,,,,,,,,,,99629,0.00978804286569357
,,,30,,,,,,,,,,,,,,,,,,,,,,,,,,,,,99639,0.002025109250098467
,,,30,,,,,,,,,,,,,,,,,,,,,,,,,,,,,99649,0.00812219362705946
,,,30,,,,,,,,,,,,,,,,,,,,,,,,,,,,,99659,0.005085997749119997
,,,30,,,,,,,,,,,,,,,,,,,,,,,,,,,,,99669,0.0018414331134408712
,,,30,,,,,,,,,,,,,,,,,,,,,,,,,,,,,99679,0.36912107467651367
,,,30,,,,,,,,,,,,,,,,,,,,,,,,,,,,,99689,0.0013753569219261408
,,,30,,,,,,,,,,,,,,,,,,,,,,,,,,,,,99699,0.09700383991003036
,,,30,,,,,,,,,,,,,,,,,,,,,,,,,,,,,99709,0.008149996399879456
,,,30,,,,,,,,,,,,,,,,,,,,,,,,,,,,,99719,0.37496593594551086
,,,30,,,,,,,,,,,,,,,,,,,,,,,,,,,,,99729,0.15037764608860016
,,,30,,,,,,,,,,,,,,,,,,,,,,,,,,,,,99739,0.03448770195245743
,,,30,,,,,,,,,,,,,,,,,,,,,,,,,,,,,99749,0.0039320108480751514
,,,30,,,,,,,,,,,,,,,,,,,,,,,,,,,,,99759,0.008252670057117939
,,,30,,,,,,,,,,,,,,,,,,,,,,,,,,,,,99769,0.002105043502524495
,,,30,,,,,,,,,,,,,,,,,,,,,,,,,,,,,99779,0.006538558751344681
,,,30,,,,,,,,,,,,,,,,,,,,,,,,,,,,,99789,0.07249317318201065
,,,30,,,,,,,,,,,,,,,,,,,,,,,,,,,,,99799,0.7012020945549011
,,,30,,,,,,,,,,,,,,,,,,,,,,,,,,,,,99809,0.018254783004522324
,,,30,,,,,,,,,,,,,,,,,,,,,,,,,,,,,99819,0.0023870880249887705
,,,30,,,,,,,,,,,,,,,,,,,,,,,,,,,,,99829,0.026117973029613495
,,,30,,,,,,,,,,,,,,,,,,,,,,,,,,,,,99839,0.018114715814590454
,,,30,,,,,,,,,,,,,,,,,,,,,,,,,,,,,99849,0.0019218610832467675
,,,30,,,,,,,,,,,,,,,,,,,,,,,,,,,,,99859,0.0027585169300436974
,,,30,,,,,,,,,,,,,,,,,,,,,,,,,,,,,99869,0.0057048979215323925
,,,30,,,,,,,,,,,,,,,,,,,,,,,,,,,,,99879,0.007457743864506483
,,,30,,,,,,,,,,,,,,,,,,,,,,,,,,,,,99889,0.007549606263637543
,,,30,,,,,,,,,,,,,,,,,,,,,,,,,,,,,99899,0.001258081872947514
,,,30,,,,,,,,,,,,,,,,,,,,,,,,,,,,,99909,0.014745323918759823
,,,30,,,,,,,,,,,,,,,,,,,,,,,,,,,,,99919,0.0012729873415082693
,,,30,,,,,,,,,,,,,,,,,,,,,,,,,,,,,99929,0.19842444360256195
,,,30,,,,,,,,,,,,,,,,,,,,,,,,,,,,,99939,0.011901265941560268
,,,30,,,,,,,,,,,,,,,,,,,,,,,,,,,,,99949,0.006210595369338989
,,,30,,,,,,,,,,,,,,,,,,,,,,,,,,,,,99959,0.0029093909543007612
,,,30,,,,,,,,,,,,,,,,,,,,,,,,,,,,,99969,0.0020357314497232437
,,,30,,,,,,,,,,,,,,,,,,,,,,,,,,,,,99979,0.003615187481045723
,,,30,,,,,,,,,,,,,,,,,,,,,,,,,,,,,99989,0.0018486299086362123
,,,30,,,,,,,,,,,,,,,,,,,,,,,,,,,,,99999,0.13276559114456177
,,,30,,,,,,,,,,,,,,,,,,,,,,,,,,,,,100009,0.01382527593523264
,,,30,,,,,,,,,,,,,,,,,,,,,,,,,,,,,100019,0.002488680649548769
,,,30,,,,,,,,,,,,,,,,,,,,,,,,,,,,,100029,0.002366212196648121
,,,30,,,,,,,,,,,,,,,,,,,,,,,,,,,,,100039,0.008254597894847393
,,,30,,,,,,,,,,,,,,,,,,,,,,,,,,,,,100049,0.0018939949804916978
,,,30,,,,,,,,,,,,,,,,,,,,,,,,,,,,,100059,0.19250993430614471
,,,30,,,,,,,,,,,,,,,,,,,,,,,,,,,,,100069,0.00497842114418745
,,,30,,,,,,,,,,,,,,,,,,,,,,,,,,,,,100079,0.011374405585229397
,,,30,,,,,,,,,,,,,,,,,,,,,,,,,,,,,100089,0.35750049352645874
,,,30,,,,,,,,,,,,,,,,,,,,,,,,,,,,,100099,0.005945615470409393
,,,30,,,,,,,,,,,,,,,,,,,,,,,,,,,,,100109,0.002185792662203312
,,,30,,,,,,,,,,,,,,,,,,,,,,,,,,,,,100119,0.00690865982323885
,,,30,,,,,,,,,,,,,,,,,,,,,,,,,,,,,100129,0.5937026739120483
,,,30,,,,,,,,,,,,,,,,,,,,,,,,,,,,,100139,0.003982701804488897
,,,30,,,,,,,,,,,,,,,,,,,,,,,,,,,,,100149,0.21144619584083557
,,,30,,,,,,,,,,,,,,,,,,,,,,,,,,,,,100159,0.014088321477174759
,,,30,,,,,,,,,,,,,,,,,,,,,,,,,,,,,100169,0.0195320975035429
,,,30,,,,,,,,,,,,,,,,,,,,,,,,,,,,,100179,0.005401252768933773
,,,30,,,,,,,,,,,,,,,,,,,,,,,,,,,,,100189,0.0012217732146382332
,,,30,,,,,,,,,,,,,,,,,,,,,,,,,,,,,100199,0.08225342631340027
,,,30,,,,,,,,,,,,,,,,,,,,,,,,,,,,,100209,0.0036055967211723328
,,,30,,,,,,,,,,,,,,,,,,,,,,,,,,,,,100219,0.0014277449809014797
,,,30,,,,,,,,,,,,,,,,,,,,,,,,,,,,,100229,0.754873514175415
,,,30,,,,,,,,,,,,,,,,,,,,,,,,,,,,,100239,0.0013181848917156458
,,,30,,,,,,,,,,,,,,,,,,,,,,,,,,,,,100249,0.0028315598610788584
,,,30,,,,,,,,,,,,,,,,,,,,,,,,,,,,,100259,0.00168938550632447
,,,30,,,,,,,,,,,,,,,,,,,,,,,,,,,,,100269,0.0021901545114815235
,,,30,,,,,,,,,,,,,,,,,,,,,,,,,,,,,100279,0.41862210631370544
,,,30,,,,,,,,,,,,,,,,,,,,,,,,,,,,,100289,0.42554202675819397
,,,30,,,,,,,,,,,,,,,,,,,,,,,,,,,,,100299,0.020020712167024612
,,,30,,,,,,,,,,,,,,,,,,,,,,,,,,,,,100309,0.25282543897628784
,,,30,,,,,,,,,,,,,,,,,,,,,,,,,,,,,100319,0.002799353562295437
,,,30,,,,,,,,,,,,,,,,,,,,,,,,,,,,,100329,0.004020124673843384
,,,30,,,,,,,,,,,,,,,,,,,,,,,,,,,,,100339,0.004657606594264507
,,,30,,,,,,,,,,,,,,,,,,,,,,,,,,,,,100349,0.03513764590024948
,,,30,,,,,,,,,,,,,,,,,,,,,,,,,,,,,100359,0.19925571978092194
,,,30,,,,,,,,,,,,,,,,,,,,,,,,,,,,,100369,0.002390360226854682
,,,30,,,,,,,,,,,,,,,,,,,,,,,,,,,,,100379,0.04990693926811218
,,,30,,,,,,,,,,,,,,,,,,,,,,,,,,,,,100389,0.012354763224720955
,,,30,,,,,,,,,,,,,,,,,,,,,,,,,,,,,100399,0.0016362018650397658
,,,30,,,,,,,,,,,,,,,,,,,,,,,,,,,,,100409,0.0027649246621876955
,,,30,,,,,,,,,,,,,,,,,,,,,,,,,,,,,100419,0.0015655277529731393
,,,30,,,,,,,,,,,,,,,,,,,,,,,,,,,,,100429,0.07901902496814728
,,,30,,,,,,,,,,,,,,,,,,,,,,,,,,,,,100439,0.0026106240693479776
,,,30,,,,,,,,,,,,,,,,,,,,,,,,,,,,,100449,0.015759572386741638
,,,30,,,,,,,,,,,,,,,,,,,,,,,,,,,,,100459,0.0055207759141922
,,,30,,,,,,,,,,,,,,,,,,,,,,,,,,,,,100469,0.06900078803300858
,,,30,,,,,,,,,,,,,,,,,,,,,,,,,,,,,100479,0.010661573149263859
,,,30,,,,,,,,,,,,,,,,,,,,,,,,,,,,,100489,0.0016453402349725366
,,,30,,,,,,,,,,,,,,,,,,,,,,,,,,,,,100499,0.0015312873292714357
,,,30,,,,,,,,,,,,,,,,,,,,,,,,,,,,,100509,0.003399206791073084
,,,30,,,,,,,,,,,,,,,,,,,,,,,,,,,,,100519,0.02390277199447155
,,,30,,,,,,,,,,,,,,,,,,,,,,,,,,,,,100529,0.003584203077480197
,,,30,,,,,,,,,,,,,,,,,,,,,,,,,,,,,100539,0.002901259111240506
,,,30,,,,,,,,,,,,,,,,,,,,,,,,,,,,,100549,1.3650281429290771
,,,30,,,,,,,,,,,,,,,,,,,,,,,,,,,,,100559,0.0689978152513504
,,,30,,,,,,,,,,,,,,,,,,,,,,,,,,,,,100569,0.0029093639459460974
,,,30,,,,,,,,,,,,,,,,,,,,,,,,,,,,,100579,0.11283843219280243
,,,30,,,,,,,,,,,,,,,,,,,,,,,,,,,,,100589,0.0038053584285080433
,,,30,,,,,,,,,,,,,,,,,,,,,,,,,,,,,100599,0.003972448408603668
,,,30,,,,,,,,,,,,,,,,,,,,,,,,,,,,,100609,0.18511974811553955
,,,30,,,,,,,,,,,,,,,,,,,,,,,,,,,,,100619,0.007857490330934525
,,,30,,,,,,,,,,,,,,,,,,,,,,,,,,,,,100629,0.26337796449661255
,,,30,,,,,,,,,,,,,,,,,,,,,,,,,,,,,100639,0.0038611674681305885
,,,30,,,,,,,,,,,,,,,,,,,,,,,,,,,,,100649,0.01690557971596718
,,,30,,,,,,,,,,,,,,,,,,,,,,,,,,,,,100659,0.005309884436428547
,,,30,,,,,,,,,,,,,,,,,,,,,,,,,,,,,100669,0.2608853280544281
,,,30,,,,,,,,,,,,,,,,,,,,,,,,,,,,,100679,0.014171885326504707
,,,30,,,,,,,,,,,,,,,,,,,,,,,,,,,,,100689,0.006844028830528259
,,,30,,,,,,,,,,,,,,,,,,,,,,,,,,,,,100699,0.0028070954140275717
,,,30,,,,,,,,,,,,,,,,,,,,,,,,,,,,,100709,0.015504051931202412
,,,30,,,,,,,,,,,,,,,,,,,,,,,,,,,,,100719,0.06688883155584335
,,,30,,,,,,,,,,,,,,,,,,,,,,,,,,,,,100729,1.0287457704544067
,,,30,,,,,,,,,,,,,,,,,,,,,,,,,,,,,100739,0.004636279307305813
,,,30,,,,,,,,,,,,,,,,,,,,,,,,,,,,,100749,0.0019138179486617446
,,,30,,,,,,,,,,,,,,,,,,,,,,,,,,,,,100759,0.005355355329811573
,,,30,,,,,,,,,,,,,,,,,,,,,,,,,,,,,100769,0.015971235930919647
,,,30,,,,,,,,,,,,,,,,,,,,,,,,,,,,,100779,0.06930869817733765
,,,30,,,,,,,,,,,,,,,,,,,,,,,,,,,,,100789,0.024512028321623802
,,,30,,,,,,,,,,,,,,,,,,,,,,,,,,,,,100799,0.010725684463977814
,,,30,,,,,,,,,,,,,,,,,,,,,,,,,,,,,100809,0.0009447654010728002
,,,30,,,,,,,,,,,,,,,,,,,,,,,,,,,,,100819,0.0016509598353877664
,,,30,,,,,,,,,,,,,,,,,,,,,,,,,,,,,100829,0.0010319995926693082
,,,30,,,,,,,,,,,,,,,,,,,,,,,,,,,,,100839,0.008522983640432358
,,,30,,,,,,,,,,,,,,,,,,,,,,,,,,,,,100849,0.4618062973022461
,,,30,,,,,,,,,,,,,,,,,,,,,,,,,,,,,100859,0.006013480015099049
,,,30,,,,,,,,,,,,,,,,,,,,,,,,,,,,,100869,0.1318707913160324
,,,30,,,,,,,,,,,,,,,,,,,,,,,,,,,,,100879,0.0017222737660631537
,,,30,,,,,,,,,,,,,,,,,,,,,,,,,,,,,100889,0.009390519931912422
,,,30,,,,,,,,,,,,,,,,,,,,,,,,,,,,,100899,0.003578736912459135
,,,30,,,,,,,,,,,,,,,,,,,,,,,,,,,,,100909,0.005155022256076336
,,,30,,,,,,,,,,,,,,,,,,,,,,,,,,,,,100919,1.0005741119384766
,,,30,,,,,,,,,,,,,,,,,,,,,,,,,,,,,100929,0.003532001283019781
,,,30,,,,,,,,,,,,,,,,,,,,,,,,,,,,,100939,0.004443677142262459
,,,30,,,,,,,,,,,,,,,,,,,,,,,,,,,,,100949,0.06350057572126389
,,,30,,,,,,,,,,,,,,,,,,,,,,,,,,,,,100959,0.2186727225780487
,,,30,,,,,,,,,,,,,,,,,,,,,,,,,,,,,100969,0.02344435453414917
,,,30,,,,,,,,,,,,,,,,,,,,,,,,,,,,,100979,0.005769610404968262
,,,30,,,,,,,,,,,,,,,,,,,,,,,,,,,,,100989,0.047425102442502975
,,,30,,,,,,,,,,,,,,,,,,,,,,,,,,,,,100999,0.004076329525560141
,,,30,,,,,,,,,,,,,,,,,,,,,,,,,,,,,101009,0.0026016375049948692
,,,30,,,,,,,,,,,,,,,,,,,,,,,,,,,,,101019,0.0028967736288905144
,,,30,,,,,,,,,,,,,,,,,,,,,,,,,,,,,101029,0.009011602960526943
,,,30,,,,,,,,,,,,,,,,,,,,,,,,,,,,,101039,0.0018758407095447183
,,,30,,,,,,,,,,,,,,,,,,,,,,,,,,,,,101049,0.017112242057919502
,,,30,,,,,,,,,,,,,,,,,,,,,,,,,,,,,101059,0.0280540119856596
,,,30,,,,,,,,,,,,,,,,,,,,,,,,,,,,,101069,0.401567667722702
,,,30,,,,,,,,,,,,,,,,,,,,,,,,,,,,,101079,0.08787523955106735
,,,30,,,,,,,,,,,,,,,,,,,,,,,,,,,,,101089,0.0011836682679131627
,,,30,,,,,,,,,,,,,,,,,,,,,,,,,,,,,101099,0.004612327553331852
,,,30,,,,,,,,,,,,,,,,,,,,,,,,,,,,,101109,0.6976642608642578
,,,30,,,,,,,,,,,,,,,,,,,,,,,,,,,,,101119,0.004000453744083643
,,,30,,,,,,,,,,,,,,,,,,,,,,,,,,,,,101129,0.0011112954234704375
,,,30,,,,,,,,,,,,,,,,,,,,,,,,,,,,,101139,0.02778409607708454
,,,30,,,,,,,,,,,,,,,,,,,,,,,,,,,,,101149,0.0012077073333784938
,,,30,,,,,,,,,,,,,,,,,,,,,,,,,,,,,101159,0.017086880281567574
,,,30,,,,,,,,,,,,,,,,,,,,,,,,,,,,,101169,0.002160876290872693
,,,30,,,,,,,,,,,,,,,,,,,,,,,,,,,,,101179,0.0018487328197807074
,,,30,,,,,,,,,,,,,,,,,,,,,,,,,,,,,101189,0.07986272871494293
,,,30,,,,,,,,,,,,,,,,,,,,,,,,,,,,,101199,0.01595851220190525
,,,30,,,,,,,,,,,,,,,,,,,,,,,,,,,,,101209,0.0027445233426988125
,,,30,,,,,,,,,,,,,,,,,,,,,,,,,,,,,101219,0.05474845692515373
,,,30,,,,,,,,,,,,,,,,,,,,,,,,,,,,,101229,0.6955886483192444
,,,30,,,,,,,,,,,,,,,,,,,,,,,,,,,,,101239,0.02106047049164772
,,,30,,,,,,,,,,,,,,,,,,,,,,,,,,,,,101249,0.002450917847454548
,,,30,,,,,,,,,,,,,,,,,,,,,,,,,,,,,101259,0.0019925879314541817
,,,30,,,,,,,,,,,,,,,,,,,,,,,,,,,,,101269,0.42393940687179565
,,,30,,,,,,,,,,,,,,,,,,,,,,,,,,,,,101279,0.0014560272684320807
,,,30,,,,,,,,,,,,,,,,,,,,,,,,,,,,,101289,0.004290313925594091
,,,30,,,,,,,,,,,,,,,,,,,,,,,,,,,,,101299,0.0023081712424755096
,,,30,,,,,,,,,,,,,,,,,,,,,,,,,,,,,101309,0.003070276230573654
,,,30,,,,,,,,,,,,,,,,,,,,,,,,,,,,,101319,0.0023881131783127785
,,,30,,,,,,,,,,,,,,,,,,,,,,,,,,,,,101329,0.0020608671475201845
,,,30,,,,,,,,,,,,,,,,,,,,,,,,,,,,,101339,0.03891954571008682
,,,30,,,,,,,,,,,,,,,,,,,,,,,,,,,,,101349,0.003639498958364129
,,,30,,,,,,,,,,,,,,,,,,,,,,,,,,,,,101359,0.725272536277771
,,,30,,,,,,,,,,,,,,,,,,,,,,,,,,,,,101369,0.010556061752140522
,,,30,,,,,,,,,,,,,,,,,,,,,,,,,,,,,101379,0.0015800477704033256
,,,30,,,,,,,,,,,,,,,,,,,,,,,,,,,,,101389,0.002838598098605871
,,,30,,,,,,,,,,,,,,,,,,,,,,,,,,,,,101399,0.009828413836658001
,,,30,,,,,,,,,,,,,,,,,,,,,,,,,,,,,101409,0.0031125631649047136
,,,30,,,,,,,,,,,,,,,,,,,,,,,,,,,,,101419,0.004548476077616215
,,,30,,,,,,,,,,,,,,,,,,,,,,,,,,,,,101429,0.013078843243420124
,,,30,,,,,,,,,,,,,,,,,,,,,,,,,,,,,101439,0.0022651562467217445
,,,30,,,,,,,,,,,,,,,,,,,,,,,,,,,,,101449,0.003737694351002574
,,,30,,,,,,,,,,,,,,,,,,,,,,,,,,,,,101459,0.17746534943580627
,,,30,,,,,,,,,,,,,,,,,,,,,,,,,,,,,101469,0.07249324768781662
,,,30,,,,,,,,,,,,,,,,,,,,,,,,,,,,,101479,0.08220181614160538
,,,30,,,,,,,,,,,,,,,,,,,,,,,,,,,,,101489,0.0036123197060078382
,,,30,,,,,,,,,,,,,,,,,,,,,,,,,,,,,101499,0.0024004983715713024
,,,30,,,,,,,,,,,,,,,,,,,,,,,,,,,,,101509,0.08248153328895569
,,,30,,,,,,,,,,,,,,,,,,,,,,,,,,,,,101519,0.08302565664052963
,,,30,,,,,,,,,,,,,,,,,,,,,,,,,,,,,101529,0.0023958792444318533
,,,30,,,,,,,,,,,,,,,,,,,,,,,,,,,,,101539,0.4639406204223633
,,,30,,,,,,,,,,,,,,,,,,,,,,,,,,,,,101549,0.0023598126135766506
,,,30,,,,,,,,,,,,,,,,,,,,,,,,,,,,,101559,0.05540304258465767
,,,30,,,,,,,,,,,,,,,,,,,,,,,,,,,,,101569,1.2338865995407104
,,,30,,,,,,,,,,,,,,,,,,,,,,,,,,,,,101579,0.0012324019335210323
,,,30,,,,,,,,,,,,,,,,,,,,,,,,,,,,,101589,0.09781067073345184
,,,30,,,,,,,,,,,,,,,,,,,,,,,,,,,,,101599,0.08143382519483566
,,,30,,,,,,,,,,,,,,,,,,,,,,,,,,,,,101609,0.07379546016454697
,,,30,,,,,,,,,,,,,,,,,,,,,,,,,,,,,101619,0.008634938858449459
,,,30,,,,,,,,,,,,,,,,,,,,,,,,,,,,,101629,0.0038893113378435373
,,,30,,,,,,,,,,,,,,,,,,,,,,,,,,,,,101639,0.0017742350464686751
,,,30,,,,,,,,,,,,,,,,,,,,,,,,,,,,,101649,0.0035670113284140825
,,,30,,,,,,,,,,,,,,,,,,,,,,,,,,,,,101659,0.015279930084943771
,,,30,,,,,,,,,,,,,,,,,,,,,,,,,,,,,101669,0.011693614535033703
,,,30,,,,,,,,,,,,,,,,,,,,,,,,,,,,,101679,0.002980828285217285
,,,30,,,,,,,,,,,,,,,,,,,,,,,,,,,,,101689,0.03917473182082176
,,,30,,,,,,,,,,,,,,,,,,,,,,,,,,,,,101699,0.005433814600110054
,,,30,,,,,,,,,,,,,,,,,,,,,,,,,,,,,101709,0.12628145515918732
,,,30,,,,,,,,,,,,,,,,,,,,,,,,,,,,,101719,0.01373843289911747
,,,30,,,,,,,,,,,,,,,,,,,,,,,,,,,,,101729,0.0013251641066744924
,,,30,,,,,,,,,,,,,,,,,,,,,,,,,,,,,101739,0.10876064002513885
,,,30,,,,,,,,,,,,,,,,,,,,,,,,,,,,,101749,0.02003021538257599
,,,30,,,,,,,,,,,,,,,,,,,,,,,,,,,,,101759,0.0028778736013919115
,,,30,,,,,,,,,,,,,,,,,,,,,,,,,,,,,101769,0.0026837741024792194
,,,30,,,,,,,,,,,,,,,,,,,,,,,,,,,,,101779,0.0033002321142703295
,,,30,,,,,,,,,,,,,,,,,,,,,,,,,,,,,101789,0.005404539406299591
,,,30,,,,,,,,,,,,,,,,,,,,,,,,,,,,,101799,0.29343941807746887
,,,30,,,,,,,,,,,,,,,,,,,,,,,,,,,,,101809,0.046091675758361816
,,,30,,,,,,,,,,,,,,,,,,,,,,,,,,,,,101819,0.0017814852762967348
,,,30,,,,,,,,,,,,,,,,,,,,,,,,,,,,,101829,0.0017205218318849802
,,,30,,,,,,,,,,,,,,,,,,,,,,,,,,,,,101839,0.013200412504374981
,,,30,,,,,,,,,,,,,,,,,,,,,,,,,,,,,101849,0.0200333409011364
,,,30,,,,,,,,,,,,,,,,,,,,,,,,,,,,,101859,0.01945081539452076
,,,30,,,,,,,,,,,,,,,,,,,,,,,,,,,,,101869,0.0046973577700555325
,,,30,,,,,,,,,,,,,,,,,,,,,,,,,,,,,101879,0.0012481999583542347
,,,30,,,,,,,,,,,,,,,,,,,,,,,,,,,,,101889,0.00247170333750546
,,,30,,,,,,,,,,,,,,,,,,,,,,,,,,,,,101899,0.004712262656539679
,,,30,,,,,,,,,,,,,,,,,,,,,,,,,,,,,101909,0.0036933801602572203
,,,30,,,,,,,,,,,,,,,,,,,,,,,,,,,,,101919,0.0035294180270284414
,,,30,,,,,,,,,,,,,,,,,,,,,,,,,,,,,101929,0.0030467442702502012
,,,30,,,,,,,,,,,,,,,,,,,,,,,,,,,,,101939,0.006874939426779747
,,,30,,,,,,,,,,,,,,,,,,,,,,,,,,,,,101949,0.001221022685058415
,,,30,,,,,,,,,,,,,,,,,,,,,,,,,,,,,101959,0.0012492826208472252
,,,30,,,,,,,,,,,,,,,,,,,,,,,,,,,,,101969,0.8770209550857544
,,,30,,,,,,,,,,,,,,,,,,,,,,,,,,,,,101979,0.002307434566318989
,,,30,,,,,,,,,,,,,,,,,,,,,,,,,,,,,101989,0.6588855981826782
,,,30,,,,,,,,,,,,,,,,,,,,,,,,,,,,,101999,0.0041790921241045
,,,30,,,,,,,,,,,,,,,,,,,,,,,,,,,,,102009,0.00962760765105486
,,,30,,,,,,,,,,,,,,,,,,,,,,,,,,,,,102019,0.0016896504675969481
,,,30,,,,,,,,,,,,,,,,,,,,,,,,,,,,,102029,0.004501681309193373
,,,30,,,,,,,,,,,,,,,,,,,,,,,,,,,,,102039,0.2362634390592575
,,,30,,,,,,,,,,,,,,,,,,,,,,,,,,,,,102049,0.8509305715560913
,,,30,,,,,,,,,,,,,,,,,,,,,,,,,,,,,102059,0.03416844457387924
,,,30,,,,,,,,,,,,,,,,,,,,,,,,,,,,,102069,0.004516931716352701
,,,30,,,,,,,,,,,,,,,,,,,,,,,,,,,,,102079,0.0017817410407587886
,,,30,,,,,,,,,,,,,,,,,,,,,,,,,,,,,102089,0.00752254156395793
,,,30,,,,,,,,,,,,,,,,,,,,,,,,,,,,,102099,0.4389079213142395
,,,30,,,,,,,,,,,,,,,,,,,,,,,,,,,,,102109,0.0013017194578424096
,,,30,,,,,,,,,,,,,,,,,,,,,,,,,,,,,102119,0.009827494621276855
,,,30,,,,,,,,,,,,,,,,,,,,,,,,,,,,,102129,0.3585684597492218
,,,30,,,,,,,,,,,,,,,,,,,,,,,,,,,,,102139,0.0016658958047628403
,,,30,,,,,,,,,,,,,,,,,,,,,,,,,,,,,102149,0.5995138883590698
,,,30,,,,,,,,,,,,,,,,,,,,,,,,,,,,,102159,0.0016305918106809258
,,,30,,,,,,,,,,,,,,,,,,,,,,,,,,,,,102169,0.001071855891495943
,,,30,,,,,,,,,,,,,,,,,,,,,,,,,,,,,102179,0.0035040653310716152
,,,30,,,,,,,,,,,,,,,,,,,,,,,,,,,,,102189,0.0010884121293202043
,,,30,,,,,,,,,,,,,,,,,,,,,,,,,,,,,102199,0.0021009640768170357
,,,30,,,,,,,,,,,,,,,,,,,,,,,,,,,,,102209,0.020363910123705864
,,,30,,,,,,,,,,,,,,,,,,,,,,,,,,,,,102219,0.003792383475229144
,,,30,,,,,,,,,,,,,,,,,,,,,,,,,,,,,102229,0.007738623768091202
,,,30,,,,,,,,,,,,,,,,,,,,,,,,,,,,,102239,0.03690468519926071
,,,30,,,,,,,,,,,,,,,,,,,,,,,,,,,,,102249,0.006162876728922129
,,,30,,,,,,,,,,,,,,,,,,,,,,,,,,,,,102259,0.0032474182080477476
,,,30,,,,,,,,,,,,,,,,,,,,,,,,,,,,,102269,0.005198907572776079
,,,30,,,,,,,,,,,,,,,,,,,,,,,,,,,,,102279,0.26775628328323364
,,,30,,,,,,,,,,,,,,,,,,,,,,,,,,,,,102289,0.006049902644008398
,,,30,,,,,,,,,,,,,,,,,,,,,,,,,,,,,102299,0.008395065553486347
,,,30,,,,,,,,,,,,,,,,,,,,,,,,,,,,,102309,0.0020950136240571737
,,,30,,,,,,,,,,,,,,,,,,,,,,,,,,,,,102319,0.0030798250809311867
,,,30,,,,,,,,,,,,,,,,,,,,,,,,,,,,,102329,0.0012717630015686154
,,,30,,,,,,,,,,,,,,,,,,,,,,,,,,,,,102339,0.013008548878133297
,,,30,,,,,,,,,,,,,,,,,,,,,,,,,,,,,102349,0.011285174638032913
,,,30,,,,,,,,,,,,,,,,,,,,,,,,,,,,,102359,0.003688475815579295
,,,30,,,,,,,,,,,,,,,,,,,,,,,,,,,,,102369,0.004388581961393356
,,,30,,,,,,,,,,,,,,,,,,,,,,,,,,,,,102379,0.008938894607126713
,,,30,,,,,,,,,,,,,,,,,,,,,,,,,,,,,102389,0.0234366524964571
,,,30,,,,,,,,,,,,,,,,,,,,,,,,,,,,,102399,0.0015552366385236382
,,,30,,,,,,,,,,,,,,,,,,,,,,,,,,,,,102409,0.0018462284933775663
,,,30,,,,,,,,,,,,,,,,,,,,,,,,,,,,,102419,0.0030312477611005306
,,,30,,,,,,,,,,,,,,,,,,,,,,,,,,,,,102429,0.0021661119535565376
,,,30,,,,,,,,,,,,,,,,,,,,,,,,,,,,,102439,0.23757021129131317
,,,30,,,,,,,,,,,,,,,,,,,,,,,,,,,,,102449,0.008666298352181911
,,,30,,,,,,,,,,,,,,,,,,,,,,,,,,,,,102459,0.012057390995323658
,,,30,,,,,,,,,,,,,,,,,,,,,,,,,,,,,102469,0.008719096891582012
,,,30,,,,,,,,,,,,,,,,,,,,,,,,,,,,,102479,0.0030211040284484625
,,,30,,,,,,,,,,,,,,,,,,,,,,,,,,,,,102489,0.0025688023306429386
,,,30,,,,,,,,,,,,,,,,,,,,,,,,,,,,,102499,0.3631015419960022
,,,30,,,,,,,,,,,,,,,,,,,,,,,,,,,,,102509,0.0025870969984680414
,,,30,,,,,,,,,,,,,,,,,,,,,,,,,,,,,102519,0.004621679894626141
,,,30,,,,,,,,,,,,,,,,,,,,,,,,,,,,,102529,0.4175736904144287
,,,30,,,,,,,,,,,,,,,,,,,,,,,,,,,,,102539,0.00672594690695405
,,,30,,,,,,,,,,,,,,,,,,,,,,,,,,,,,102549,0.0021694330498576164
,,,30,,,,,,,,,,,,,,,,,,,,,,,,,,,,,102559,0.005916965194046497
,,,30,,,,,,,,,,,,,,,,,,,,,,,,,,,,,102569,1.2729367017745972
,,,30,,,,,,,,,,,,,,,,,,,,,,,,,,,,,102579,0.1501031368970871
,,,30,,,,,,,,,,,,,,,,,,,,,,,,,,,,,102589,0.003726191818714142
,,,30,,,,,,,,,,,,,,,,,,,,,,,,,,,,,102599,0.0007750533404760063
,,,30,,,,,,,,,,,,,,,,,,,,,,,,,,,,,102609,0.010812235064804554
,,,,2.155977564185546e-07,1.2077882786656185e-06,1.8581358133317206e-06,1.8581358133317206e-06,2.8586704820488007e-06,2.8586704820488007e-06,4.397954587767385e-06,4.397954587767385e-06,6.766083981180593e-06,6.766083981180593e-06,1.0409359971047065e-05,2.155977564185546e-07,1.0409359971047065e-05,1.6014399955457025e-05,1.6014399955457025e-05,2.4637538393010805e-05,2.4637538393010805e-05,3.790390522001662e-05,3.790390522001662e-05,3.790390522001662e-05,3.790390522001662e-05,3.3168885602854544e-07,3.3168885602854544e-07,5.102905477362238e-07,5.102905477362238e-07,7.850623811326521e-07,7.850623811326521e-07,1.2077882786656185e-06,102611,
,,,31,,,,,,,,,,,,,,,,,,,,,,,,,,,,,102619,0.002213297178968787
,,,31,,,,,,,,,,,,,,,,,,,,,,,,,,,,,102629,0.003058487782254815
,,,31,,,,,,,,,,,,,,,,,,,,,,,,,,,,,102639,0.017958566546440125
,,,31,,,,,,,,,,,,,,,,,,,,,,,,,,,,,102649,0.9733369946479797
,,,31,,,,,,,,,,,,,,,,,,,,,,,,,,,,,102659,0.002666293643414974
,,,31,,,,,,,,,,,,,,,,,,,,,,,,,,,,,102669,0.0025973650626838207
,,,31,,,,,,,,,,,,,,,,,,,,,,,,,,,,,102679,0.0018371983896940947
,,,31,,,,,,,,,,,,,,,,,,,,,,,,,,,,,102689,0.1547136753797531
,,,31,,,,,,,,,,,,,,,,,,,,,,,,,,,,,102699,0.019226688891649246
,,,31,,,,,,,,,,,,,,,,,,,,,,,,,,,,,102709,0.007489785552024841
,,,31,,,,,,,,,,,,,,,,,,,,,,,,,,,,,102719,0.004230674356222153
,,,31,,,,,,,,,,,,,,,,,,,,,,,,,,,,,102729,0.004474054090678692
,,,31,,,,,,,,,,,,,,,,,,,,,,,,,,,,,102739,0.001275168382562697
,,,31,,,,,,,,,,,,,,,,,,,,,,,,,,,,,102749,0.0015358257805928588
,,,31,,,,,,,,,,,,,,,,,,,,,,,,,,,,,102759,0.001611535088159144
,,,31,,,,,,,,,,,,,,,,,,,,,,,,,,,,,102769,0.0087572131305933
,,,31,,,,,,,,,,,,,,,,,,,,,,,,,,,,,102779,0.002380870981141925
,,,31,,,,,,,,,,,,,,,,,,,,,,,,,,,,,102789,0.0011506798909977078
,,,31,,,,,,,,,,,,,,,,,,,,,,,,,,,,,102799,0.005505664739757776
,,,31,,,,,,,,,,,,,,,,,,,,,,,,,,,,,102809,0.028089353814721107
,,,31,,,,,,,,,,,,,,,,,,,,,,,,,,,,,102819,0.0032591663766652346
,,,31,,,,,,,,,,,,,,,,,,,,,,,,,,,,,102829,0.05334286391735077
,,,31,,,,,,,,,,,,,,,,,,,,,,,,,,,,,102839,0.0009717225329950452
,,,31,,,,,,,,,,,,,,,,,,,,,,,,,,,,,102849,0.002121053636074066
,,,31,,,,,,,,,,,,,,,,,,,,,,,,,,,,,102859,0.005961296148598194
,,,31,,,,,,,,,,,,,,,,,,,,,,,,,,,,,102869,0.013809463940560818
,,,31,,,,,,,,,,,,,,,,,,,,,,,,,,,,,102879,0.001826607738621533
,,,31,,,,,,,,,,,,,,,,,,,,,,,,,,,,,102889,0.005289094988256693
,,,31,,,,,,,,,,,,,,,,,,,,,,,,,,,,,102899,0.001355461892671883
,,,31,,,,,,,,,,,,,,,,,,,,,,,,,,,,,102909,0.0032243644818663597
,,,31,,,,,,,,,,,,,,,,,,,,,,,,,,,,,102919,0.0012506385101005435
,,,31,,,,,,,,,,,,,,,,,,,,,,,,,,,,,102929,0.003771033138036728
,,,31,,,,,,,,,,,,,,,,,,,,,,,,,,,,,102939,0.02063758671283722
,,,31,,,,,,,,,,,,,,,,,,,,,,,,,,,,,102949,0.0008914925274439156
,,,31,,,,,,,,,,,,,,,,,,,,,,,,,,,,,102959,0.3619954586029053
,,,31,,,,,,,,,,,,,,,,,,,,,,,,,,,,,102969,2.1782796382904053
,,,31,,,,,,,,,,,,,,,,,,,,,,,,,,,,,102979,0.11939159035682678
,,,31,,,,,,,,,,,,,,,,,,,,,,,,,,,,,102989,0.0007430711411871016
,,,31,,,,,,,,,,,,,,,,,,,,,,,,,,,,,102999,0.27671247720718384
,,,31,,,,,,,,,,,,,,,,,,,,,,,,,,,,,103009,0.0013215607032179832
,,,31,,,,,,,,,,,,,,,,,,,,,,,,,,,,,103019,0.0031624052207916975
,,,31,,,,,,,,,,,,,,,,,,,,,,,,,,,,,103029,0.06707696616649628
,,,31,,,,,,,,,,,,,,,,,,,,,,,,,,,,,103039,0.00040824877214618027
,,,31,,,,,,,,,,,,,,,,,,,,,,,,,,,,,103049,0.0032306560315191746
,,,31,,,,,,,,,,,,,,,,,,,,,,,,,,,,,103059,0.005503515712916851
,,,31,,,,,,,,,,,,,,,,,,,,,,,,,,,,,103069,0.002690507099032402
,,,31,,,,,,,,,,,,,,,,,,,,,,,,,,,,,103079,0.003770943032577634
,,,31,,,,,,,,,,,,,,,,,,,,,,,,,,,,,103089,0.028935858979821205
,,,31,,,,,,,,,,,,,,,,,,,,,,,,,,,,,103099,0.0020406569819897413
,,,31,,,,,,,,,,,,,,,,,,,,,,,,,,,,,103109,0.007842202670872211
,,,31,,,,,,,,,,,,,,,,,,,,,,,,,,,,,103119,0.0008487680461257696
,,,31,,,,,,,,,,,,,,,,,,,,,,,,,,,,,103129,0.003665545955300331
,,,31,,,,,,,,,,,,,,,,,,,,,,,,,,,,,103139,0.0024963244795799255
,,,31,,,,,,,,,,,,,,,,,,,,,,,,,,,,,103149,0.002397157484665513
,,,31,,,,,,,,,,,,,,,,,,,,,,,,,,,,,103159,0.2849481701850891
,,,31,,,,,,,,,,,,,,,,,,,,,,,,,,,,,103169,0.0018286617705598474
,,,31,,,,,,,,,,,,,,,,,,,,,,,,,,,,,103179,0.1059546023607254
,,,31,,,,,,,,,,,,,,,,,,,,,,,,,,,,,103189,0.005166972056031227
,,,31,,,,,,,,,,,,,,,,,,,,,,,,,,,,,103199,0.007724109571427107
,,,31,,,,,,,,,,,,,,,,,,,,,,,,,,,,,103209,0.005061443895101547
,,,31,,,,,,,,,,,,,,,,,,,,,,,,,,,,,103219,0.012637583538889885
,,,31,,,,,,,,,,,,,,,,,,,,,,,,,,,,,103229,0.0026824192609637976
,,,31,,,,,,,,,,,,,,,,,,,,,,,,,,,,,103239,0.056862931698560715
,,,31,,,,,,,,,,,,,,,,,,,,,,,,,,,,,103249,0.0071067288517951965
,,,31,,,,,,,,,,,,,,,,,,,,,,,,,,,,,103259,0.0037706084549427032
,,,31,,,,,,,,,,,,,,,,,,,,,,,,,,,,,103269,0.05243086442351341
,,,31,,,,,,,,,,,,,,,,,,,,,,,,,,,,,103279,0.009906581602990627
,,,31,,,,,,,,,,,,,,,,,,,,,,,,,,,,,103289,0.006677092518657446
,,,31,,,,,,,,,,,,,,,,,,,,,,,,,,,,,103299,0.002159922383725643
,,,31,,,,,,,,,,,,,,,,,,,,,,,,,,,,,103309,0.0031175462063401937
,,,31,,,,,,,,,,,,,,,,,,,,,,,,,,,,,103319,0.4683993458747864
,,,31,,,,,,,,,,,,,,,,,,,,,,,,,,,,,103329,0.004136792849749327
,,,31,,,,,,,,,,,,,,,,,,,,,,,,,,,,,103339,0.1721353828907013
,,,31,,,,,,,,,,,,,,,,,,,,,,,,,,,,,103349,0.0032112542539834976
,,,31,,,,,,,,,,,,,,,,,,,,,,,,,,,,,103359,0.010813943110406399
,,,31,,,,,,,,,,,,,,,,,,,,,,,,,,,,,103369,0.0017309373943135142
,,,31,,,,,,,,,,,,,,,,,,,,,,,,,,,,,103379,0.09862250834703445
,,,31,,,,,,,,,,,,,,,,,,,,,,,,,,,,,103389,0.42427659034729004
,,,31,,,,,,,,,,,,,,,,,,,,,,,,,,,,,103399,0.0027722830418497324
,,,31,,,,,,,,,,,,,,,,,,,,,,,,,,,,,103409,0.002605216111987829
,,,31,,,,,,,,,,,,,,,,,,,,,,,,,,,,,103419,0.005800326820462942
,,,31,,,,,,,,,,,,,,,,,,,,,,,,,,,,,103429,0.011465899646282196
,,,31,,,,,,,,,,,,,,,,,,,,,,,,,,,,,103439,0.008048523217439651
,,,31,,,,,,,,,,,,,,,,,,,,,,,,,,,,,103449,0.0015687072882428765
,,,31,,,,,,,,,,,,,,,,,,,,,,,,,,,,,103459,0.011270825751125813
,,,31,,,,,,,,,,,,,,,,,,,,,,,,,,,,,103469,0.5230982899665833
,,,31,,,,,,,,,,,,,,,,,,,,,,,,,,,,,103479,0.0234061386436224
,,,31,,,,,,,,,,,,,,,,,,,,,,,,,,,,,103489,0.12568078935146332
,,,31,,,,,,,,,,,,,,,,,,,,,,,,,,,,,103499,0.3582558333873749
,,,31,,,,,,,,,,,,,,,,,,,,,,,,,,,,,103509,0.0009160973131656647
,,,31,,,,,,,,,,,,,,,,,,,,,,,,,,,,,103519,0.0025683760177344084
,,,31,,,,,,,,,,,,,,,,,,,,,,,,,,,,,103529,0.0025494410656392574
,,,31,,,,,,,,,,,,,,,,,,,,,,,,,,,,,103539,0.0017007944406941533
,,,31,,,,,,,,,,,,,,,,,,,,,,,,,,,,,103549,0.0013781121233478189
,,,31,,,,,,,,,,,,,,,,,,,,,,,,,,,,,103559,0.004052899312227964
,,,31,,,,,,,,,,,,,,,,,,,,,,,,,,,,,103569,0.0012590523110702634
,,,31,,,,,,,,,,,,,,,,,,,,,,,,,,,,,103579,0.0030641972552984953
,,,31,,,,,,,,,,,,,,,,,,,,,,,,,,,,,103589,0.013252261094748974
,,,31,,,,,,,,,,,,,,,,,,,,,,,,,,,,,103599,0.002980628050863743
,,,31,,,,,,,,,,,,,,,,,,,,,,,,,,,,,103609,0.0010627607116475701
,,,31,,,,,,,,,,,,,,,,,,,,,,,,,,,,,103619,0.004026663489639759
,,,31,,,,,,,,,,,,,,,,,,,,,,,,,,,,,103629,0.0029839270282536745
,,,31,,,,,,,,,,,,,,,,,,,,,,,,,,,,,103639,0.02657504938542843
,,,31,,,,,,,,,,,,,,,,,,,,,,,,,,,,,103649,0.003671102225780487
,,,31,,,,,,,,,,,,,,,,,,,,,,,,,,,,,103659,0.010263725183904171
,,,31,,,,,,,,,,,,,,,,,,,,,,,,,,,,,103669,0.005711647681891918
,,,31,,,,,,,,,,,,,,,,,,,,,,,,,,,,,103679,0.24061357975006104
,,,31,,,,,,,,,,,,,,,,,,,,,,,,,,,,,103689,0.0032408542465418577
,,,31,,,,,,,,,,,,,,,,,,,,,,,,,,,,,103699,0.0014306252123788
,,,31,,,,,,,,,,,,,,,,,,,,,,,,,,,,,103709,0.0014189064968377352
,,,31,,,,,,,,,,,,,,,,,,,,,,,,,,,,,103719,0.0013939294731244445
,,,31,,,,,,,,,,,,,,,,,,,,,,,,,,,,,103729,0.13212327659130096
,,,31,,,,,,,,,,,,,,,,,,,,,,,,,,,,,103739,0.004172380082309246
,,,31,,,,,,,,,,,,,,,,,,,,,,,,,,,,,103749,0.0006821207352913916
,,,31,,,,,,,,,,,,,,,,,,,,,,,,,,,,,103759,0.005855435971170664
,,,31,,,,,,,,,,,,,,,,,,,,,,,,,,,,,103769,0.47067752480506897
,,,31,,,,,,,,,,,,,,,,,,,,,,,,,,,,,103779,0.0018169297836720943
,,,31,,,,,,,,,,,,,,,,,,,,,,,,,,,,,103789,0.0020297961309552193
,,,31,,,,,,,,,,,,,,,,,,,,,,,,,,,,,103799,0.0018990872194990516
,,,31,,,,,,,,,,,,,,,,,,,,,,,,,,,,,103809,0.13674591481685638
,,,31,,,,,,,,,,,,,,,,,,,,,,,,,,,,,103819,0.0028453939594328403
,,,31,,,,,,,,,,,,,,,,,,,,,,,,,,,,,103829,0.0017507191514596343
,,,31,,,,,,,,,,,,,,,,,,,,,,,,,,,,,103839,0.0007427763775922358
,,,31,,,,,,,,,,,,,,,,,,,,,,,,,,,,,103849,0.006174351554363966
,,,31,,,,,,,,,,,,,,,,,,,,,,,,,,,,,103859,0.09263638406991959
,,,31,,,,,,,,,,,,,,,,,,,,,,,,,,,,,103869,0.0017000611405819654
,,,31,,,,,,,,,,,,,,,,,,,,,,,,,,,,,103879,0.45101413130760193
,,,31,,,,,,,,,,,,,,,,,,,,,,,,,,,,,103889,0.0007203015265986323
,,,31,,,,,,,,,,,,,,,,,,,,,,,,,,,,,103899,0.03399233520030975
,,,31,,,,,,,,,,,,,,,,,,,,,,,,,,,,,103909,0.001434328150935471
,,,31,,,,,,,,,,,,,,,,,,,,,,,,,,,,,103919,0.010326193645596504
,,,31,,,,,,,,,,,,,,,,,,,,,,,,,,,,,103929,0.3192121684551239
,,,31,,,,,,,,,,,,,,,,,,,,,,,,,,,,,103939,0.3162154257297516
,,,31,,,,,,,,,,,,,,,,,,,,,,,,,,,,,103949,0.4677489697933197
,,,31,,,,,,,,,,,,,,,,,,,,,,,,,,,,,103959,0.009966383688151836
,,,31,,,,,,,,,,,,,,,,,,,,,,,,,,,,,103969,0.0014721426414325833
,,,31,,,,,,,,,,,,,,,,,,,,,,,,,,,,,103979,0.021615050733089447
,,,31,,,,,,,,,,,,,,,,,,,,,,,,,,,,,103989,0.030249711126089096
,,,31,,,,,,,,,,,,,,,,,,,,,,,,,,,,,103999,0.006596891675144434
,,,31,,,,,,,,,,,,,,,,,,,,,,,,,,,,,104009,0.10868305712938309
,,,31,,,,,,,,,,,,,,,,,,,,,,,,,,,,,104019,0.001546224462799728
,,,31,,,,,,,,,,,,,,,,,,,,,,,,,,,,,104029,0.3326413631439209
,,,31,,,,,,,,,,,,,,,,,,,,,,,,,,,,,104039,0.010632257908582687
,,,31,,,,,,,,,,,,,,,,,,,,,,,,,,,,,104049,0.002182530704885721
,,,31,,,,,,,,,,,,,,,,,,,,,,,,,,,,,104059,0.005472568329423666
,,,31,,,,,,,,,,,,,,,,,,,,,,,,,,,,,104069,0.0011981645366176963
,,,31,,,,,,,,,,,,,,,,,,,,,,,,,,,,,104079,0.0038218535482883453
,,,31,,,,,,,,,,,,,,,,,,,,,,,,,,,,,104089,0.0019850912503898144
,,,31,,,,,,,,,,,,,,,,,,,,,,,,,,,,,104099,0.01931937038898468
,,,31,,,,,,,,,,,,,,,,,,,,,,,,,,,,,104109,0.01185814943164587
,,,31,,,,,,,,,,,,,,,,,,,,,,,,,,,,,104119,5.368897438049316
,,,31,,,,,,,,,,,,,,,,,,,,,,,,,,,,,104129,0.0025681995321065187
,,,31,,,,,,,,,,,,,,,,,,,,,,,,,,,,,104139,0.0020478449296206236
,,,31,,,,,,,,,,,,,,,,,,,,,,,,,,,,,104149,0.0027489231433719397
,,,31,,,,,,,,,,,,,,,,,,,,,,,,,,,,,104159,0.0009684053366072476
,,,31,,,,,,,,,,,,,,,,,,,,,,,,,,,,,104169,0.0016646115109324455
,,,31,,,,,,,,,,,,,,,,,,,,,,,,,,,,,104179,0.002484966302290559
,,,31,,,,,,,,,,,,,,,,,,,,,,,,,,,,,104189,0.041966162621974945
,,,31,,,,,,,,,,,,,,,,,,,,,,,,,,,,,104199,0.0024657435715198517
,,,31,,,,,,,,,,,,,,,,,,,,,,,,,,,,,104209,0.003687687451019883
,,,31,,,,,,,,,,,,,,,,,,,,,,,,,,,,,104219,0.0021148573141545057
,,,31,,,,,,,,,,,,,,,,,,,,,,,,,,,,,104229,0.00639248127117753
,,,31,,,,,,,,,,,,,,,,,,,,,,,,,,,,,104239,0.31360340118408203
,,,31,,,,,,,,,,,,,,,,,,,,,,,,,,,,,104249,0.009184218011796474
,,,31,,,,,,,,,,,,,,,,,,,,,,,,,,,,,104259,0.0036987264174968004
,,,31,,,,,,,,,,,,,,,,,,,,,,,,,,,,,104269,0.0004232455394230783
,,,31,,,,,,,,,,,,,,,,,,,,,,,,,,,,,104279,0.003398025641217828
,,,31,,,,,,,,,,,,,,,,,,,,,,,,,,,,,104289,0.0016920787747949362
,,,31,,,,,,,,,,,,,,,,,,,,,,,,,,,,,104299,0.0026293983682990074
,,,31,,,,,,,,,,,,,,,,,,,,,,,,,,,,,104309,0.0029860185459256172
,,,31,,,,,,,,,,,,,,,,,,,,,,,,,,,,,104319,0.4303371012210846
,,,31,,,,,,,,,,,,,,,,,,,,,,,,,,,,,104329,0.5021834969520569
,,,31,,,,,,,,,,,,,,,,,,,,,,,,,,,,,104339,0.0027034145314246416
,,,31,,,,,,,,,,,,,,,,,,,,,,,,,,,,,104349,0.004202892538160086
,,,31,,,,,,,,,,,,,,,,,,,,,,,,,,,,,104359,0.001365072326734662
,,,31,,,,,,,,,,,,,,,,,,,,,,,,,,,,,104369,0.013668079860508442
,,,31,,,,,,,,,,,,,,,,,,,,,,,,,,,,,104379,0.000976920360699296
,,,31,,,,,,,,,,,,,,,,,,,,,,,,,,,,,104389,0.007032895460724831
,,,31,,,,,,,,,,,,,,,,,,,,,,,,,,,,,104399,0.011421486735343933
,,,31,,,,,,,,,,,,,,,,,,,,,,,,,,,,,104409,0.2338474541902542
,,,31,,,,,,,,,,,,,,,,,,,,,,,,,,,,,104419,0.0017219936707988381
,,,31,,,,,,,,,,,,,,,,,,,,,,,,,,,,,104429,0.0033060903660953045
,,,31,,,,,,,,,,,,,,,,,,,,,,,,,,,,,104439,0.3447016179561615
,,,31,,,,,,,,,,,,,,,,,,,,,,,,,,,,,104449,0.00422781053930521
,,,31,,,,,,,,,,,,,,,,,,,,,,,,,,,,,104459,0.0011031966423615813
,,,31,,,,,,,,,,,,,,,,,,,,,,,,,,,,,104469,0.019968729466199875
,,,31,,,,,,,,,,,,,,,,,,,,,,,,,,,,,104479,0.0027280014473944902
,,,31,,,,,,,,,,,,,,,,,,,,,,,,,,,,,104489,0.0004231864877510816
,,,31,,,,,,,,,,,,,,,,,,,,,,,,,,,,,104499,0.0399940051138401
,,,31,,,,,,,,,,,,,,,,,,,,,,,,,,,,,104509,0.0010727423941716552
,,,31,,,,,,,,,,,,,,,,,,,,,,,,,,,,,104519,0.0017486864235252142
,,,31,,,,,,,,,,,,,,,,,,,,,,,,,,,,,104529,0.3989705741405487
,,,31,,,,,,,,,,,,,,,,,,,,,,,,,,,,,104539,0.0030812609475106
,,,31,,,,,,,,,,,,,,,,,,,,,,,,,,,,,104549,0.7877753973007202
,,,31,,,,,,,,,,,,,,,,,,,,,,,,,,,,,104559,0.0011234610574319959
,,,31,,,,,,,,,,,,,,,,,,,,,,,,,,,,,104569,0.001390008837915957
,,,31,,,,,,,,,,,,,,,,,,,,,,,,,,,,,104579,0.3561599850654602
,,,31,,,,,,,,,,,,,,,,,,,,,,,,,,,,,104589,0.0020638052374124527
,,,31,,,,,,,,,,,,,,,,,,,,,,,,,,,,,104599,1.585963249206543
,,,31,,,,,,,,,,,,,,,,,,,,,,,,,,,,,104609,0.11249321699142456
,,,31,,,,,,,,,,,,,,,,,,,,,,,,,,,,,104619,0.017998848110437393
,,,31,,,,,,,,,,,,,,,,,,,,,,,,,,,,,104629,0.004780206363648176
,,,31,,,,,,,,,,,,,,,,,,,,,,,,,,,,,104639,0.0016079958295449615
,,,31,,,,,,,,,,,,,,,,,,,,,,,,,,,,,104649,0.0017302786000072956
,,,31,,,,,,,,,,,,,,,,,,,,,,,,,,,,,104659,0.004346419591456652
,,,31,,,,,,,,,,,,,,,,,,,,,,,,,,,,,104669,0.9645228385925293
,,,31,,,,,,,,,,,,,,,,,,,,,,,,,,,,,104679,0.0040116277523338795
,,,31,,,,,,,,,,,,,,,,,,,,,,,,,,,,,104689,0.0028929715044796467
,,,31,,,,,,,,,,,,,,,,,,,,,,,,,,,,,104699,0.004423265811055899
,,,31,,,,,,,,,,,,,,,,,,,,,,,,,,,,,104709,0.0016967441188171506
,,,31,,,,,,,,,,,,,,,,,,,,,,,,,,,,,104719,0.003901395946741104
,,,31,,,,,,,,,,,,,,,,,,,,,,,,,,,,,104729,0.002235991880297661
,,,31,,,,,,,,,,,,,,,,,,,,,,,,,,,,,104739,0.0006494512199424207
,,,31,,,,,,,,,,,,,,,,,,,,,,,,,,,,,104749,0.012955397367477417
,,,31,,,,,,,,,,,,,,,,,,,,,,,,,,,,,104759,0.0018141891341656446
,,,31,,,,,,,,,,,,,,,,,,,,,,,,,,,,,104769,0.0025356379337608814
,,,31,,,,,,,,,,,,,,,,,,,,,,,,,,,,,104779,0.004260167013853788
,,,31,,,,,,,,,,,,,,,,,,,,,,,,,,,,,104789,0.0016480702906847
,,,31,,,,,,,,,,,,,,,,,,,,,,,,,,,,,104799,0.023935414850711823
,,,31,,,,,,,,,,,,,,,,,,,,,,,,,,,,,104809,0.2112879753112793
,,,31,,,,,,,,,,,,,,,,,,,,,,,,,,,,,104819,0.031400416046381
,,,31,,,,,,,,,,,,,,,,,,,,,,,,,,,,,104829,0.003533112583681941
,,,31,,,,,,,,,,,,,,,,,,,,,,,,,,,,,104839,0.40396997332572937
,,,31,,,,,,,,,,,,,,,,,,,,,,,,,,,,,104849,0.2566547393798828
,,,31,,,,,,,,,,,,,,,,,,,,,,,,,,,,,104859,0.0026511738542467356
,,,31,,,,,,,,,,,,,,,,,,,,,,,,,,,,,104869,0.009315096773207188
,,,31,,,,,,,,,,,,,,,,,,,,,,,,,,,,,104879,0.000811117235571146
,,,31,,,,,,,,,,,,,,,,,,,,,,,,,,,,,104889,0.0021118654403835535
,,,31,,,,,,,,,,,,,,,,,,,,,,,,,,,,,104899,0.025589199736714363
,,,31,,,,,,,,,,,,,,,,,,,,,,,,,,,,,104909,1.0563584566116333
,,,31,,,,,,,,,,,,,,,,,,,,,,,,,,,,,104919,0.01934676617383957
,,,31,,,,,,,,,,,,,,,,,,,,,,,,,,,,,104929,0.005087710451334715
,,,31,,,,,,,,,,,,,,,,,,,,,,,,,,,,,104939,0.0027801787946373224
,,,31,,,,,,,,,,,,,,,,,,,,,,,,,,,,,104949,0.0018408469622954726
,,,31,,,,,,,,,,,,,,,,,,,,,,,,,,,,,104959,0.0037339553236961365
,,,31,,,,,,,,,,,,,,,,,,,,,,,,,,,,,104969,1.2981009483337402
,,,31,,,,,,,,,,,,,,,,,,,,,,,,,,,,,104979,0.27797195315361023
,,,31,,,,,,,,,,,,,,,,,,,,,,,,,,,,,104989,0.0020768693648278713
,,,31,,,,,,,,,,,,,,,,,,,,,,,,,,,,,104999,0.0014853416942059994
,,,31,,,,,,,,,,,,,,,,,,,,,,,,,,,,,105009,0.002717569936066866
,,,31,,,,,,,,,,,,,,,,,,,,,,,,,,,,,105019,0.2012295126914978
,,,31,,,,,,,,,,,,,,,,,,,,,,,,,,,,,105029,0.005390465259552002
,,,31,,,,,,,,,,,,,,,,,,,,,,,,,,,,,105039,0.08755803108215332
,,,31,,,,,,,,,,,,,,,,,,,,,,,,,,,,,105049,0.003546977648511529
,,,31,,,,,,,,,,,,,,,,,,,,,,,,,,,,,105059,0.0014950096374377608
,,,31,,,,,,,,,,,,,,,,,,,,,,,,,,,,,105069,0.04041527956724167
,,,31,,,,,,,,,,,,,,,,,,,,,,,,,,,,,105079,0.00235106167383492
,,,31,,,,,,,,,,,,,,,,,,,,,,,,,,,,,105089,0.004129157401621342
,,,31,,,,,,,,,,,,,,,,,,,,,,,,,,,,,105099,0.0026280817110091448
,,,31,,,,,,,,,,,,,,,,,,,,,,,,,,,,,105109,0.0036928958725184202
,,,31,,,,,,,,,,,,,,,,,,,,,,,,,,,,,105119,0.0015673210145905614
,,,31,,,,,,,,,,,,,,,,,,,,,,,,,,,,,105129,0.0014866834972053766
,,,31,,,,,,,,,,,,,,,,,,,,,,,,,,,,,105139,0.024667613208293915
,,,31,,,,,,,,,,,,,,,,,,,,,,,,,,,,,105149,0.0030658463947474957
,,,31,,,,,,,,,,,,,,,,,,,,,,,,,,,,,105159,0.0036038258112967014
,,,31,,,,,,,,,,,,,,,,,,,,,,,,,,,,,105169,0.0028059903997927904
,,,31,,,,,,,,,,,,,,,,,,,,,,,,,,,,,105179,0.0061874608509242535
,,,31,,,,,,,,,,,,,,,,,,,,,,,,,,,,,105189,0.0024659435730427504
,,,31,,,,,,,,,,,,,,,,,,,,,,,,,,,,,105199,0.002829723758623004
,,,31,,,,,,,,,,,,,,,,,,,,,,,,,,,,,105209,0.026704423129558563
,,,31,,,,,,,,,,,,,,,,,,,,,,,,,,,,,105219,0.001040950301103294
,,,31,,,,,,,,,,,,,,,,,,,,,,,,,,,,,105229,0.006075435318052769
,,,31,,,,,,,,,,,,,,,,,,,,,,,,,,,,,105239,0.0016002735355868936
,,,31,,,,,,,,,,,,,,,,,,,,,,,,,,,,,105249,0.004477384965866804
,,,31,,,,,,,,,,,,,,,,,,,,,,,,,,,,,105259,0.0013776748673990369
,,,31,,,,,,,,,,,,,,,,,,,,,,,,,,,,,105269,0.0015484037576243281
,,,31,,,,,,,,,,,,,,,,,,,,,,,,,,,,,105279,0.004054780583828688
,,,31,,,,,,,,,,,,,,,,,,,,,,,,,,,,,105289,0.0030595986172556877
,,,31,,,,,,,,,,,,,,,,,,,,,,,,,,,,,105299,0.0015834382502362132
,,,31,,,,,,,,,,,,,,,,,,,,,,,,,,,,,105309,0.0010597251821309328
,,,31,,,,,,,,,,,,,,,,,,,,,,,,,,,,,105319,0.2436891347169876
,,,31,,,,,,,,,,,,,,,,,,,,,,,,,,,,,105329,0.00539983669295907
,,,31,,,,,,,,,,,,,,,,,,,,,,,,,,,,,105339,0.014968897216022015
,,,31,,,,,,,,,,,,,,,,,,,,,,,,,,,,,105349,0.002998166484758258
,,,31,,,,,,,,,,,,,,,,,,,,,,,,,,,,,105359,0.0006887358031235635
,,,31,,,,,,,,,,,,,,,,,,,,,,,,,,,,,105369,0.002206557197496295
,,,31,,,,,,,,,,,,,,,,,,,,,,,,,,,,,105379,0.41319286823272705
,,,31,,,,,,,,,,,,,,,,,,,,,,,,,,,,,105389,0.001781063387170434
,,,31,,,,,,,,,,,,,,,,,,,,,,,,,,,,,105399,0.00146994658280164
,,,31,,,,,,,,,,,,,,,,,,,,,,,,,,,,,105409,0.004911260213702917
,,,31,,,,,,,,,,,,,,,,,,,,,,,,,,,,,105419,0.0024274273309856653
,,,31,,,,,,,,,,,,,,,,,,,,,,,,,,,,,105429,0.003542079124599695
,,,31,,,,,,,,,,,,,,,,,,,,,,,,,,,,,105439,0.03337521106004715
,,,31,,,,,,,,,,,,,,,,,,,,,,,,,,,,,105449,0.0009548630332574248
,,,31,,,,,,,,,,,,,,,,,,,,,,,,,,,,,105459,0.004394811112433672
,,,31,,,,,,,,,,,,,,,,,,,,,,,,,,,,,105469,0.0009517494472675025
,,,31,,,,,,,,,,,,,,,,,,,,,,,,,,,,,105479,0.20704613626003265
,,,31,,,,,,,,,,,,,,,,,,,,,,,,,,,,,105489,0.0019978221971541643
,,,31,,,,,,,,,,,,,,,,,,,,,,,,,,,,,105499,0.43846243619918823
,,,31,,,,,,,,,,,,,,,,,,,,,,,,,,,,,105509,0.008089826442301273
,,,31,,,,,,,,,,,,,,,,,,,,,,,,,,,,,105519,0.0016134483739733696
,,,31,,,,,,,,,,,,,,,,,,,,,,,,,,,,,105529,0.028549915179610252
,,,31,,,,,,,,,,,,,,,,,,,,,,,,,,,,,105539,0.0020993549842387438
,,,31,,,,,,,,,,,,,,,,,,,,,,,,,,,,,105549,0.0024295246694236994
,,,31,,,,,,,,,,,,,,,,,,,,,,,,,,,,,105559,0.0036424188874661922
,,,31,,,,,,,,,,,,,,,,,,,,,,,,,,,,,105569,0.0038989747408777475
,,,31,,,,,,,,,,,,,,,,,,,,,,,,,,,,,105579,0.01436587143689394
,,,31,,,,,,,,,,,,,,,,,,,,,,,,,,,,,105589,0.009475422091782093
,,,31,,,,,,,,,,,,,,,,,,,,,,,,,,,,,105599,0.0014073008205741644
,,,31,,,,,,,,,,,,,,,,,,,,,,,,,,,,,105609,0.002528736600652337
,,,31,,,,,,,,,,,,,,,,,,,,,,,,,,,,,105619,0.004149808548390865
,,,31,,,,,,,,,,,,,,,,,,,,,,,,,,,,,105629,0.0013385222991928458
,,,31,,,,,,,,,,,,,,,,,,,,,,,,,,,,,105639,0.01818598248064518
,,,31,,,,,,,,,,,,,,,,,,,,,,,,,,,,,105649,0.002638306003063917
,,,31,,,,,,,,,,,,,,,,,,,,,,,,,,,,,105659,0.0029538236558437347
,,,31,,,,,,,,,,,,,,,,,,,,,,,,,,,,,105669,0.005011438857764006
,,,31,,,,,,,,,,,,,,,,,,,,,,,,,,,,,105679,0.017207806929945946
,,,31,,,,,,,,,,,,,,,,,,,,,,,,,,,,,105689,0.22119192779064178
,,,31,,,,,,,,,,,,,,,,,,,,,,,,,,,,,105699,0.0032560944091528654
,,,31,,,,,,,,,,,,,,,,,,,,,,,,,,,,,105709,0.002602678956463933
,,,31,,,,,,,,,,,,,,,,,,,,,,,,,,,,,105719,0.03301737457513809
,,,31,,,,,,,,,,,,,,,,,,,,,,,,,,,,,105729,0.005717478692531586
,,,31,,,,,,,,,,,,,,,,,,,,,,,,,,,,,105739,0.003446396207436919
,,,31,,,,,,,,,,,,,,,,,,,,,,,,,,,,,105749,0.0028575584292411804
,,,31,,,,,,,,,,,,,,,,,,,,,,,,,,,,,105759,0.0039420113898813725
,,,31,,,,,,,,,,,,,,,,,,,,,,,,,,,,,105769,0.024067599326372147
,,,31,,,,,,,,,,,,,,,,,,,,,,,,,,,,,105779,0.026186509057879448
,,,31,,,,,,,,,,,,,,,,,,,,,,,,,,,,,105789,0.3485225737094879
,,,31,,,,,,,,,,,,,,,,,,,,,,,,,,,,,105799,0.002382220234721899
,,,31,,,,,,,,,,,,,,,,,,,,,,,,,,,,,105809,0.0031130611896514893
,,,31,,,,,,,,,,,,,,,,,,,,,,,,,,,,,105819,0.001508015557192266
,,,31,,,,,,,,,,,,,,,,,,,,,,,,,,,,,105829,0.0031073957215994596
,,,31,,,,,,,,,,,,,,,,,,,,,,,,,,,,,105839,0.012438318692147732
,,,31,,,,,,,,,,,,,,,,,,,,,,,,,,,,,105849,0.31084561347961426
,,,31,,,,,,,,,,,,,,,,,,,,,,,,,,,,,105859,0.0023445691913366318
,,,31,,,,,,,,,,,,,,,,,,,,,,,,,,,,,105869,0.0038096627686172724
,,,31,,,,,,,,,,,,,,,,,,,,,,,,,,,,,105879,0.010322259739041328
,,,31,,,,,,,,,,,,,,,,,,,,,,,,,,,,,105889,0.14855793118476868
,,,31,,,,,,,,,,,,,,,,,,,,,,,,,,,,,105899,0.011743000708520412
,,,31,,,,,,,,,,,,,,,,,,,,,,,,,,,,,105909,0.0013309009373188019
,,,31,,,,,,,,,,,,,,,,,,,,,,,,,,,,,105919,0.0007323119207285345
,,,,1.9651587992236636e-07,1.1008907526899833e-06,1.6936780810615128e-06,1.6936780810615128e-06,2.605658586248481e-06,2.605658586248481e-06,4.008705517305355e-06,4.008705517305355e-06,6.167239257392854e-06,6.167239257392854e-06,9.488060395989006e-06,1.9651587992236636e-07,9.488060395989006e-06,1.459701599382924e-05,1.459701599382924e-05,2.2456947682814215e-05,2.2456947682814215e-05,3.4549150281252636e-05,3.4549150281252636e-05,3.4549150281252636e-05,3.4549150281252636e-05,3.023321229574867e-07,3.023321229574867e-07,4.65126343011518e-07,4.65126343011518e-07,7.155789892484892e-07,7.155789892484892e-07,1.1008907526899833e-06,105921,
,,,32,,,,,,,,,,,,,,,,,,,,,,,,,,,,,105929,0.0026801605708897114
,,,32,,,,,,,,,,,,,,,,,,,,,,,,,,,,,105939,0.0009871481452137232
,,,32,,,,,,,,,,,,,,,,,,,,,,,,,,,,,105949,0.008623539470136166
,,,32,,,,,,,,,,,,,,,,,,,,,,,,,,,,,105959,0.0028422975447028875
,,,32,,,,,,,,,,,,,,,,,,,,,,,,,,,,,105969,0.0029581328853964806
,,,32,,,,,,,,,,,,,,,,,,,,,,,,,,,,,105979,0.0018125786446034908
,,,32,,,,,,,,,,,,,,,,,,,,,,,,,,,,,105989,0.6054523587226868
,,,32,,,,,,,,,,,,,,,,,,,,,,,,,,,,,105999,0.002607736736536026
,,,32,,,,,,,,,,,,,,,,,,,,,,,,,,,,,106009,0.0019421232864260674
,,,32,,,,,,,,,,,,,,,,,,,,,,,,,,,,,106019,0.005918966140598059
,,,32,,,,,,,,,,,,,,,,,,,,,,,,,,,,,106029,0.001654173480346799
,,,32,,,,,,,,,,,,,,,,,,,,,,,,,,,,,106039,0.000685713195707649
,,,32,,,,,,,,,,,,,,,,,,,,,,,,,,,,,106049,0.5538514256477356
,,,32,,,,,,,,,,,,,,,,,,,,,,,,,,,,,106059,0.0009233971359208226
,,,32,,,,,,,,,,,,,,,,,,,,,,,,,,,,,106069,0.027521202340722084
,,,32,,,,,,,,,,,,,,,,,,,,,,,,,,,,,106079,0.029250845313072205
,,,32,,,,,,,,,,,,,,,,,,,,,,,,,,,,,106089,0.15415740013122559
,,,32,,,,,,,,,,,,,,,,,,,,,,,,,,,,,106099,0.01344297081232071
,,,32,,,,,,,,,,,,,,,,,,,,,,,,,,,,,106109,0.0018931670347228646
,,,32,,,,,,,,,,,,,,,,,,,,,,,,,,,,,106119,0.05753245949745178
,,,32,,,,,,,,,,,,,,,,,,,,,,,,,,,,,106129,0.018423695117235184
,,,32,,,,,,,,,,,,,,,,,,,,,,,,,,,,,106139,0.0006729655433446169
,,,32,,,,,,,,,,,,,,,,,,,,,,,,,,,,,106149,0.0024245986714959145
,,,32,,,,,,,,,,,,,,,,,,,,,,,,,,,,,106159,0.5886973142623901
,,,32,,,,,,,,,,,,,,,,,,,,,,,,,,,,,106169,0.46425530314445496
,,,32,,,,,,,,,,,,,,,,,,,,,,,,,,,,,106179,0.007901118136942387
,,,32,,,,,,,,,,,,,,,,,,,,,,,,,,,,,106189,0.0026373309083282948
,,,32,,,,,,,,,,,,,,,,,,,,,,,,,,,,,106199,0.012793917208909988
,,,32,,,,,,,,,,,,,,,,,,,,,,,,,,,,,106209,0.2839329242706299
,,,32,,,,,,,,,,,,,,,,,,,,,,,,,,,,,106219,0.0012560683535411954
,,,32,,,,,,,,,,,,,,,,,,,,,,,,,,,,,106229,0.001153555465862155
,,,32,,,,,,,,,,,,,,,,,,,,,,,,,,,,,106239,0.0351613312959671
,,,32,,,,,,,,,,,,,,,,,,,,,,,,,,,,,106249,0.007256424054503441
,,,32,,,,,,,,,,,,,,,,,,,,,,,,,,,,,106259,0.003982430323958397
,,,32,,,,,,,,,,,,,,,,,,,,,,,,,,,,,106269,0.0034900829195976257
,,,32,,,,,,,,,,,,,,,,,,,,,,,,,,,,,106279,0.003139532869681716
,,,32,,,,,,,,,,,,,,,,,,,,,,,,,,,,,106289,0.5902616381645203
,,,32,,,,,,,,,,,,,,,,,,,,,,,,,,,,,106299,0.0025883521884679794
,,,32,,,,,,,,,,,,,,,,,,,,,,,,,,,,,106309,0.001878362731076777
,,,32,,,,,,,,,,,,,,,,,,,,,,,,,,,,,106319,0.0013293897500261664
,,,32,,,,,,,,,,,,,,,,,,,,,,,,,,,,,106329,0.0018299827352166176
,,,32,,,,,,,,,,,,,,,,,,,,,,,,,,,,,106339,0.11326619237661362
,,,32,,,,,,,,,,,,,,,,,,,,,,,,,,,,,106349,0.019106607884168625
,,,32,,,,,,,,,,,,,,,,,,,,,,,,,,,,,106359,0.00286764744669199
,,,32,,,,,,,,,,,,,,,,,,,,,,,,,,,,,106369,0.003399717388674617
,,,32,,,,,,,,,,,,,,,,,,,,,,,,,,,,,106379,0.003931584767997265
,,,32,,,,,,,,,,,,,,,,,,,,,,,,,,,,,106389,0.002360645681619644
,,,32,,,,,,,,,,,,,,,,,,,,,,,,,,,,,106399,0.0026023737154901028
,,,32,,,,,,,,,,,,,,,,,,,,,,,,,,,,,106409,0.005360914394259453
,,,32,,,,,,,,,,,,,,,,,,,,,,,,,,,,,106419,0.008819794282317162
,,,32,,,,,,,,,,,,,,,,,,,,,,,,,,,,,106429,0.001413334859535098
,,,32,,,,,,,,,,,,,,,,,,,,,,,,,,,,,106439,0.0019197631627321243
,,,32,,,,,,,,,,,,,,,,,,,,,,,,,,,,,106449,0.0028591463342309
,,,32,,,,,,,,,,,,,,,,,,,,,,,,,,,,,106459,0.004195662215352058
,,,32,,,,,,,,,,,,,,,,,,,,,,,,,,,,,106469,0.0019117133924737573
,,,32,,,,,,,,,,,,,,,,,,,,,,,,,,,,,106479,0.002854909747838974
,,,32,,,,,,,,,,,,,,,,,,,,,,,,,,,,,106489,0.0030001921113580465
,,,32,,,,,,,,,,,,,,,,,,,,,,,,,,,,,106499,0.0036018930841237307
,,,32,,,,,,,,,,,,,,,,,,,,,,,,,,,,,106509,0.03394414111971855
,,,32,,,,,,,,,,,,,,,,,,,,,,,,,,,,,106519,0.004563386086374521
,,,32,,,,,,,,,,,,,,,,,,,,,,,,,,,,,106529,0.006638544611632824
,,,32,,,,,,,,,,,,,,,,,,,,,,,,,,,,,106539,0.0012579560279846191
,,,32,,,,,,,,,,,,,,,,,,,,,,,,,,,,,106549,0.0016376350540667772
,,,32,,,,,,,,,,,,,,,,,,,,,,,,,,,,,106559,0.0013559652725234628
,,,32,,,,,,,,,,,,,,,,,,,,,,,,,,,,,106569,0.0018942441092804074
,,,32,,,,,,,,,,,,,,,,,,,,,,,,,,,,,106579,0.006373184267431498
,,,32,,,,,,,,,,,,,,,,,,,,,,,,,,,,,106589,0.0027078287675976753
,,,32,,,,,,,,,,,,,,,,,,,,,,,,,,,,,106599,0.010505234822630882
,,,32,,,,,,,,,,,,,,,,,,,,,,,,,,,,,106609,0.0028147026896476746
,,,32,,,,,,,,,,,,,,,,,,,,,,,,,,,,,106619,0.006613435689359903
,,,32,,,,,,,,,,,,,,,,,,,,,,,,,,,,,106629,0.004030655603855848
,,,32,,,,,,,,,,,,,,,,,,,,,,,,,,,,,106639,0.06166058033704758
,,,32,,,,,,,,,,,,,,,,,,,,,,,,,,,,,106649,0.0032031103037297726
,,,32,,,,,,,,,,,,,,,,,,,,,,,,,,,,,106659,0.0005511235212907195
,,,32,,,,,,,,,,,,,,,,,,,,,,,,,,,,,106669,0.0066374922171235085
,,,32,,,,,,,,,,,,,,,,,,,,,,,,,,,,,106679,0.0019765766337513924
,,,32,,,,,,,,,,,,,,,,,,,,,,,,,,,,,106689,0.002046548528596759
,,,32,,,,,,,,,,,,,,,,,,,,,,,,,,,,,106699,0.004556411411613226
,,,32,,,,,,,,,,,,,,,,,,,,,,,,,,,,,106709,0.004888643976300955
,,,32,,,,,,,,,,,,,,,,,,,,,,,,,,,,,106719,0.670456051826477
,,,32,,,,,,,,,,,,,,,,,,,,,,,,,,,,,106729,0.011180415749549866
,,,32,,,,,,,,,,,,,,,,,,,,,,,,,,,,,106739,0.001000211457721889
,,,32,,,,,,,,,,,,,,,,,,,,,,,,,,,,,106749,0.19965657591819763
,,,32,,,,,,,,,,,,,,,,,,,,,,,,,,,,,106759,0.08783812820911407
,,,32,,,,,,,,,,,,,,,,,,,,,,,,,,,,,106769,0.018783068284392357
,,,32,,,,,,,,,,,,,,,,,,,,,,,,,,,,,106779,1.147786021232605
,,,32,,,,,,,,,,,,,,,,,,,,,,,,,,,,,106789,0.0036416377406567335
,,,32,,,,,,,,,,,,,,,,,,,,,,,,,,,,,106799,0.002387515502050519
,,,32,,,,,,,,,,,,,,,,,,,,,,,,,,,,,106809,0.001647589961066842
,,,32,,,,,,,,,,,,,,,,,,,,,,,,,,,,,106819,0.3382583260536194
,,,32,,,,,,,,,,,,,,,,,,,,,,,,,,,,,106829,0.022632522508502007
,,,32,,,,,,,,,,,,,,,,,,,,,,,,,,,,,106839,0.35502514243125916
,,,32,,,,,,,,,,,,,,,,,,,,,,,,,,,,,106849,0.005320033524185419
,,,32,,,,,,,,,,,,,,,,,,,,,,,,,,,,,106859,0.014378143474459648
,,,32,,,,,,,,,,,,,,,,,,,,,,,,,,,,,106869,0.001958512933924794
,,,32,,,,,,,,,,,,,,,,,,,,,,,,,,,,,106879,0.00349971535615623
,,,32,,,,,,,,,,,,,,,,,,,,,,,,,,,,,106889,0.001921449787914753
,,,32,,,,,,,,,,,,,,,,,,,,,,,,,,,,,106899,0.002531848382204771
,,,32,,,,,,,,,,,,,,,,,,,,,,,,,,,,,106909,0.015222998335957527
,,,32,,,,,,,,,,,,,,,,,,,,,,,,,,,,,106919,0.00842991005629301
,,,32,,,,,,,,,,,,,,,,,,,,,,,,,,,,,106929,0.0038508898578584194
,,,32,,,,,,,,,,,,,,,,,,,,,,,,,,,,,106939,0.0008767960243858397
,,,32,,,,,,,,,,,,,,,,,,,,,,,,,,,,,106949,0.003188029397279024
,,,32,,,,,,,,,,,,,,,,,,,,,,,,,,,,,106959,0.0017770135309547186
,,,32,,,,,,,,,,,,,,,,,,,,,,,,,,,,,106969,0.0043598972260952
,,,32,,,,,,,,,,,,,,,,,,,,,,,,,,,,,106979,0.6815300583839417
,,,32,,,,,,,,,,,,,,,,,,,,,,,,,,,,,106989,0.005385423079133034
,,,32,,,,,,,,,,,,,,,,,,,,,,,,,,,,,106999,0.0050238617695868015
,,,32,,,,,,,,,,,,,,,,,,,,,,,,,,,,,107009,0.058441534638404846
,,,32,,,,,,,,,,,,,,,,,,,,,,,,,,,,,107019,0.0009052142850123346
,,,32,,,,,,,,,,,,,,,,,,,,,,,,,,,,,107029,0.31410616636276245
,,,32,,,,,,,,,,,,,,,,,,,,,,,,,,,,,107039,0.006323794834315777
,,,32,,,,,,,,,,,,,,,,,,,,,,,,,,,,,107049,0.009202207438647747
,,,32,,,,,,,,,,,,,,,,,,,,,,,,,,,,,107059,0.6149442195892334
,,,32,,,,,,,,,,,,,,,,,,,,,,,,,,,,,107069,0.005525635089725256
,,,32,,,,,,,,,,,,,,,,,,,,,,,,,,,,,107079,0.005908127874135971
,,,32,,,,,,,,,,,,,,,,,,,,,,,,,,,,,107089,0.0011160193243995309
,,,32,,,,,,,,,,,,,,,,,,,,,,,,,,,,,107099,0.003955853171646595
,,,32,,,,,,,,,,,,,,,,,,,,,,,,,,,,,107109,0.0008090169285424054
,,,32,,,,,,,,,,,,,,,,,,,,,,,,,,,,,107119,0.0014441931853070855
,,,32,,,,,,,,,,,,,,,,,,,,,,,,,,,,,107129,0.001959840999916196
,,,32,,,,,,,,,,,,,,,,,,,,,,,,,,,,,107139,0.0010306587209925056
,,,32,,,,,,,,,,,,,,,,,,,,,,,,,,,,,107149,0.002323991386219859
,,,32,,,,,,,,,,,,,,,,,,,,,,,,,,,,,107159,0.0022613625042140484
,,,32,,,,,,,,,,,,,,,,,,,,,,,,,,,,,107169,0.003814874915406108
,,,32,,,,,,,,,,,,,,,,,,,,,,,,,,,,,107179,0.0026657029520720243
,,,32,,,,,,,,,,,,,,,,,,,,,,,,,,,,,107189,0.0022718566469848156
,,,32,,,,,,,,,,,,,,,,,,,,,,,,,,,,,107199,0.0018292749300599098
,,,32,,,,,,,,,,,,,,,,,,,,,,,,,,,,,107209,0.0032346968073397875
,,,32,,,,,,,,,,,,,,,,,,,,,,,,,,,,,107219,0.002504338975995779
,,,32,,,,,,,,,,,,,,,,,,,,,,,,,,,,,107229,0.008823688142001629
,,,32,,,,,,,,,,,,,,,,,,,,,,,,,,,,,107239,0.005503965076059103
,,,32,,,,,,,,,,,,,,,,,,,,,,,,,,,,,107249,0.1019204780459404
,,,32,,,,,,,,,,,,,,,,,,,,,,,,,,,,,107259,0.0022747544571757317
,,,32,,,,,,,,,,,,,,,,,,,,,,,,,,,,,107269,0.0020935952197760344
,,,32,,,,,,,,,,,,,,,,,,,,,,,,,,,,,107279,0.0014263096963986754
,,,32,,,,,,,,,,,,,,,,,,,,,,,,,,,,,107289,0.001546624000184238
,,,32,,,,,,,,,,,,,,,,,,,,,,,,,,,,,107299,0.013685837388038635
,,,32,,,,,,,,,,,,,,,,,,,,,,,,,,,,,107309,0.02347465790808201
,,,32,,,,,,,,,,,,,,,,,,,,,,,,,,,,,107319,0.024720102548599243
,,,32,,,,,,,,,,,,,,,,,,,,,,,,,,,,,107329,0.01310298778116703
,,,32,,,,,,,,,,,,,,,,,,,,,,,,,,,,,107339,1.4015703201293945
,,,32,,,,,,,,,,,,,,,,,,,,,,,,,,,,,107349,0.002780248410999775
,,,32,,,,,,,,,,,,,,,,,,,,,,,,,,,,,107359,0.0018308465369045734
,,,32,,,,,,,,,,,,,,,,,,,,,,,,,,,,,107369,0.8955203890800476
,,,32,,,,,,,,,,,,,,,,,,,,,,,,,,,,,107379,0.0018522755708545446
,,,32,,,,,,,,,,,,,,,,,,,,,,,,,,,,,107389,0.0014043789124116302
,,,32,,,,,,,,,,,,,,,,,,,,,,,,,,,,,107399,0.0037867920473217964
,,,32,,,,,,,,,,,,,,,,,,,,,,,,,,,,,107409,0.005530737340450287
,,,32,,,,,,,,,,,,,,,,,,,,,,,,,,,,,107419,0.001817438518628478
,,,32,,,,,,,,,,,,,,,,,,,,,,,,,,,,,107429,0.0006995481089688838
,,,32,,,,,,,,,,,,,,,,,,,,,,,,,,,,,107439,0.0016753408126533031
,,,32,,,,,,,,,,,,,,,,,,,,,,,,,,,,,107449,0.34069156646728516
,,,32,,,,,,,,,,,,,,,,,,,,,,,,,,,,,107459,0.0014271599939092994
,,,32,,,,,,,,,,,,,,,,,,,,,,,,,,,,,107469,0.023840632289648056
,,,32,,,,,,,,,,,,,,,,,,,,,,,,,,,,,107479,0.0019404160557314754
,,,32,,,,,,,,,,,,,,,,,,,,,,,,,,,,,107489,0.0028258683159947395
,,,32,,,,,,,,,,,,,,,,,,,,,,,,,,,,,107499,0.0018065755721181631
,,,32,,,,,,,,,,,,,,,,,,,,,,,,,,,,,107509,0.0023793792352080345
,,,32,,,,,,,,,,,,,,,,,,,,,,,,,,,,,107519,0.0014165476895868778
,,,32,,,,,,,,,,,,,,,,,,,,,,,,,,,,,107529,0.003443315392360091
,,,32,,,,,,,,,,,,,,,,,,,,,,,,,,,,,107539,0.014060675166547298
,,,32,,,,,,,,,,,,,,,,,,,,,,,,,,,,,107549,1.243889570236206
,,,32,,,,,,,,,,,,,,,,,,,,,,,,,,,,,107559,0.0023438113275915384
,,,32,,,,,,,,,,,,,,,,,,,,,,,,,,,,,107569,0.0014983996516093612
,,,32,,,,,,,,,,,,,,,,,,,,,,,,,,,,,107579,0.011912291869521141
,,,32,,,,,,,,,,,,,,,,,,,,,,,,,,,,,107589,0.001969939563423395
,,,32,,,,,,,,,,,,,,,,,,,,,,,,,,,,,107599,0.004549509380012751
,,,32,,,,,,,,,,,,,,,,,,,,,,,,,,,,,107609,0.0022974293678998947
,,,32,,,,,,,,,,,,,,,,,,,,,,,,,,,,,107619,0.0034972166176885366
,,,32,,,,,,,,,,,,,,,,,,,,,,,,,,,,,107629,0.021245667710900307
,,,32,,,,,,,,,,,,,,,,,,,,,,,,,,,,,107639,0.0012541114119812846
,,,32,,,,,,,,,,,,,,,,,,,,,,,,,,,,,107649,0.07592583447694778
,,,32,,,,,,,,,,,,,,,,,,,,,,,,,,,,,107659,0.004096687771379948
,,,32,,,,,,,,,,,,,,,,,,,,,,,,,,,,,107669,0.0021444354206323624
,,,32,,,,,,,,,,,,,,,,,,,,,,,,,,,,,107679,0.004064025357365608
,,,32,,,,,,,,,,,,,,,,,,,,,,,,,,,,,107689,0.0014753552386537194
,,,32,,,,,,,,,,,,,,,,,,,,,,,,,,,,,107699,0.0013560792431235313
,,,32,,,,,,,,,,,,,,,,,,,,,,,,,,,,,107709,0.03125625476241112
,,,32,,,,,,,,,,,,,,,,,,,,,,,,,,,,,107719,0.002657543169334531
,,,32,,,,,,,,,,,,,,,,,,,,,,,,,,,,,107729,0.0015749279409646988
,,,32,,,,,,,,,,,,,,,,,,,,,,,,,,,,,107739,0.00737573578953743
,,,32,,,,,,,,,,,,,,,,,,,,,,,,,,,,,107749,0.002993971575051546
,,,32,,,,,,,,,,,,,,,,,,,,,,,,,,,,,107759,0.0018319510854780674
,,,32,,,,,,,,,,,,,,,,,,,,,,,,,,,,,107769,0.001856978633441031
,,,32,,,,,,,,,,,,,,,,,,,,,,,,,,,,,107779,0.0036766959819942713
,,,32,,,,,,,,,,,,,,,,,,,,,,,,,,,,,107789,0.02340492606163025
,,,32,,,,,,,,,,,,,,,,,,,,,,,,,,,,,107799,0.01765252836048603
,,,32,,,,,,,,,,,,,,,,,,,,,,,,,,,,,107809,0.0026490832678973675
,,,32,,,,,,,,,,,,,,,,,,,,,,,,,,,,,107819,0.0015595743898302317
,,,32,,,,,,,,,,,,,,,,,,,,,,,,,,,,,107829,0.0018828014144673944
,,,32,,,,,,,,,,,,,,,,,,,,,,,,,,,,,107839,0.0020431901793926954
,,,32,,,,,,,,,,,,,,,,,,,,,,,,,,,,,107849,0.001546210260130465
,,,32,,,,,,,,,,,,,,,,,,,,,,,,,,,,,107859,0.000846324663143605
,,,32,,,,,,,,,,,,,,,,,,,,,,,,,,,,,107869,0.0067724608816206455
,,,32,,,,,,,,,,,,,,,,,,,,,,,,,,,,,107879,0.0019006066722795367
,,,32,,,,,,,,,,,,,,,,,,,,,,,,,,,,,107889,0.003674526233226061
,,,32,,,,,,,,,,,,,,,,,,,,,,,,,,,,,107899,0.00625041825696826
,,,32,,,,,,,,,,,,,,,,,,,,,,,,,,,,,107909,0.001010908861644566
,,,32,,,,,,,,,,,,,,,,,,,,,,,,,,,,,107919,0.03180713206529617
,,,32,,,,,,,,,,,,,,,,,,,,,,,,,,,,,107929,0.004964643623679876
,,,32,,,,,,,,,,,,,,,,,,,,,,,,,,,,,107939,0.0015633045695722103
,,,32,,,,,,,,,,,,,,,,,,,,,,,,,,,,,107949,0.0020407733973115683
,,,32,,,,,,,,,,,,,,,,,,,,,,,,,,,,,107959,0.018266718834638596
,,,32,,,,,,,,,,,,,,,,,,,,,,,,,,,,,107969,0.003393985563889146
,,,32,,,,,,,,,,,,,,,,,,,,,,,,,,,,,107979,0.0024641957134008408
,,,32,,,,,,,,,,,,,,,,,,,,,,,,,,,,,107989,0.0018836410017684102
,,,32,,,,,,,,,,,,,,,,,,,,,,,,,,,,,107999,0.010625400580465794
,,,32,,,,,,,,,,,,,,,,,,,,,,,,,,,,,108009,0.002647624583914876
,,,32,,,,,,,,,,,,,,,,,,,,,,,,,,,,,108019,0.005080501548945904
,,,32,,,,,,,,,,,,,,,,,,,,,,,,,,,,,108029,0.0018319665687158704
,,,32,,,,,,,,,,,,,,,,,,,,,,,,,,,,,108039,0.0018924993928521872
,,,32,,,,,,,,,,,,,,,,,,,,,,,,,,,,,108049,0.00198052148334682
,,,32,,,,,,,,,,,,,,,,,,,,,,,,,,,,,108059,0.0017282693879678845
,,,32,,,,,,,,,,,,,,,,,,,,,,,,,,,,,108069,0.0014451852766796947
,,,32,,,,,,,,,,,,,,,,,,,,,,,,,,,,,108079,0.0028027358930557966
,,,32,,,,,,,,,,,,,,,,,,,,,,,,,,,,,108089,0.9165096282958984
,,,32,,,,,,,,,,,,,,,,,,,,,,,,,,,,,108099,0.0025790792424231768
,,,32,,,,,,,,,,,,,,,,,,,,,,,,,,,,,108109,0.00242892955429852
,,,32,,,,,,,,,,,,,,,,,,,,,,,,,,,,,108119,0.006708729546517134
,,,32,,,,,,,,,,,,,,,,,,,,,,,,,,,,,108129,0.01844741590321064
,,,32,,,,,,,,,,,,,,,,,,,,,,,,,,,,,108139,0.001064136391505599
,,,32,,,,,,,,,,,,,,,,,,,,,,,,,,,,,108149,0.30754631757736206
,,,32,,,,,,,,,,,,,,,,,,,,,,,,,,,,,108159,0.0017833698075264692
,,,32,,,,,,,,,,,,,,,,,,,,,,,,,,,,,108169,0.0024635675363242626
,,,32,,,,,,,,,,,,,,,,,,,,,,,,,,,,,108179,0.1444968581199646
,,,32,,,,,,,,,,,,,,,,,,,,,,,,,,,,,108189,0.006106314714998007
,,,32,,,,,,,,,,,,,,,,,,,,,,,,,,,,,108199,0.01093196403235197
,,,32,,,,,,,,,,,,,,,,,,,,,,,,,,,,,108209,0.1408749520778656
,,,32,,,,,,,,,,,,,,,,,,,,,,,,,,,,,108219,0.005859885364770889
,,,32,,,,,,,,,,,,,,,,,,,,,,,,,,,,,108229,0.0019860004540532827
,,,32,,,,,,,,,,,,,,,,,,,,,,,,,,,,,108239,0.0011586355976760387
,,,32,,,,,,,,,,,,,,,,,,,,,,,,,,,,,108249,0.001206152024678886
,,,32,,,,,,,,,,,,,,,,,,,,,,,,,,,,,108259,0.004509272053837776
,,,32,,,,,,,,,,,,,,,,,,,,,,,,,,,,,108269,0.002850509015843272
,,,32,,,,,,,,,,,,,,,,,,,,,,,,,,,,,108279,0.001361371367238462
,,,32,,,,,,,,,,,,,,,,,,,,,,,,,,,,,108289,0.0020686613861471415
,,,32,,,,,,,,,,,,,,,,,,,,,,,,,,,,,108299,0.30307111144065857
,,,32,,,,,,,,,,,,,,,,,,,,,,,,,,,,,108309,0.0013744186144322157
,,,32,,,,,,,,,,,,,,,,,,,,,,,,,,,,,108319,0.2992005944252014
,,,32,,,,,,,,,,,,,,,,,,,,,,,,,,,,,108329,0.004231629427522421
,,,32,,,,,,,,,,,,,,,,,,,,,,,,,,,,,108339,0.0015627385582774878
,,,32,,,,,,,,,,,,,,,,,,,,,,,,,,,,,108349,0.4679305851459503
,,,32,,,,,,,,,,,,,,,,,,,,,,,,,,,,,108359,0.009848034009337425
,,,32,,,,,,,,,,,,,,,,,,,,,,,,,,,,,108369,0.009178606793284416
,,,32,,,,,,,,,,,,,,,,,,,,,,,,,,,,,108379,0.004346655681729317
,,,32,,,,,,,,,,,,,,,,,,,,,,,,,,,,,108389,0.6521739959716797
,,,32,,,,,,,,,,,,,,,,,,,,,,,,,,,,,108399,0.007300055120140314
,,,32,,,,,,,,,,,,,,,,,,,,,,,,,,,,,108409,0.002867867238819599
,,,32,,,,,,,,,,,,,,,,,,,,,,,,,,,,,108419,0.020448783412575722
,,,32,,,,,,,,,,,,,,,,,,,,,,,,,,,,,108429,0.0008928156457841396
,,,32,,,,,,,,,,,,,,,,,,,,,,,,,,,,,108439,0.0019565618131309748
,,,32,,,,,,,,,,,,,,,,,,,,,,,,,,,,,108449,0.489845335483551
,,,32,,,,,,,,,,,,,,,,,,,,,,,,,,,,,108459,0.00895843468606472
,,,32,,,,,,,,,,,,,,,,,,,,,,,,,,,,,108469,0.0009578153840266168
,,,32,,,,,,,,,,,,,,,,,,,,,,,,,,,,,108479,0.0039968607015907764
,,,32,,,,,,,,,,,,,,,,,,,,,,,,,,,,,108489,0.0021946588531136513
,,,32,,,,,,,,,,,,,,,,,,,,,,,,,,,,,108499,0.0017238371074199677
,,,32,,,,,,,,,,,,,,,,,,,,,,,,,,,,,108509,0.0010917208855971694
,,,32,,,,,,,,,,,,,,,,,,,,,,,,,,,,,108519,0.0014348040567710996
,,,32,,,,,,,,,,,,,,,,,,,,,,,,,,,,,108529,0.0015535590937361121
,,,32,,,,,,,,,,,,,,,,,,,,,,,,,,,,,108539,0.0011637953575700521
,,,32,,,,,,,,,,,,,,,,,,,,,,,,,,,,,108549,0.0073282658122479916
,,,32,,,,,,,,,,,,,,,,,,,,,,,,,,,,,108559,0.0017546478193253279
,,,32,,,,,,,,,,,,,,,,,,,,,,,,,,,,,108569,0.002477262169122696
,,,32,,,,,,,,,,,,,,,,,,,,,,,,,,,,,108579,0.013041065074503422
,,,32,,,,,,,,,,,,,,,,,,,,,,,,,,,,,108589,0.002919259946793318
,,,32,,,,,,,,,,,,,,,,,,,,,,,,,,,,,108599,0.001245490275323391
,,,32,,,,,,,,,,,,,,,,,,,,,,,,,,,,,108609,0.003067614044994116
,,,32,,,,,,,,,,,,,,,,,,,,,,,,,,,,,108619,0.00189628463704139
,,,32,,,,,,,,,,,,,,,,,,,,,,,,,,,,,108629,0.002131297020241618
,,,32,,,,,,,,,,,,,,,,,,,,,,,,,,,,,108639,0.003498990321531892
,,,32,,,,,,,,,,,,,,,,,,,,,,,,,,,,,108649,0.026940172538161278
,,,32,,,,,,,,,,,,,,,,,,,,,,,,,,,,,108659,0.0009560906910337508
,,,32,,,,,,,,,,,,,,,,,,,,,,,,,,,,,108669,0.0020390625577419996
,,,32,,,,,,,,,,,,,,,,,,,,,,,,,,,,,108679,0.002648037625476718
,,,32,,,,,,,,,,,,,,,,,,,,,,,,,,,,,108689,0.0013995554763823748
,,,32,,,,,,,,,,,,,,,,,,,,,,,,,,,,,108699,0.0017551671480759978
,,,32,,,,,,,,,,,,,,,,,,,,,,,,,,,,,108709,0.011780201457440853
,,,32,,,,,,,,,,,,,,,,,,,,,,,,,,,,,108719,0.0032627892214804888
,,,32,,,,,,,,,,,,,,,,,,,,,,,,,,,,,108729,0.001824785373173654
,,,32,,,,,,,,,,,,,,,,,,,,,,,,,,,,,108739,0.0022305112797766924
,,,32,,,,,,,,,,,,,,,,,,,,,,,,,,,,,108749,0.0020759250037372112
,,,32,,,,,,,,,,,,,,,,,,,,,,,,,,,,,108759,0.003649813588708639
,,,32,,,,,,,,,,,,,,,,,,,,,,,,,,,,,108769,0.0028728002216666937
,,,32,,,,,,,,,,,,,,,,,,,,,,,,,,,,,108779,0.0028328837361186743
,,,32,,,,,,,,,,,,,,,,,,,,,,,,,,,,,108789,0.21413448452949524
,,,32,,,,,,,,,,,,,,,,,,,,,,,,,,,,,108799,0.024875694885849953
,,,32,,,,,,,,,,,,,,,,,,,,,,,,,,,,,108809,0.07279441505670547
,,,32,,,,,,,,,,,,,,,,,,,,,,,,,,,,,108819,0.000867523136548698
,,,32,,,,,,,,,,,,,,,,,,,,,,,,,,,,,108829,0.0014070594916120172
,,,32,,,,,,,,,,,,,,,,,,,,,,,,,,,,,108839,0.002411513589322567
,,,32,,,,,,,,,,,,,,,,,,,,,,,,,,,,,108849,0.0029991765040904284
,,,32,,,,,,,,,,,,,,,,,,,,,,,,,,,,,108859,0.002266592113301158
,,,32,,,,,,,,,,,,,,,,,,,,,,,,,,,,,108869,0.0019387437496334314
,,,32,,,,,,,,,,,,,,,,,,,,,,,,,,,,,108879,0.003080597845837474
,,,32,,,,,,,,,,,,,,,,,,,,,,,,,,,,,108889,0.0014811214059591293
,,,32,,,,,,,,,,,,,,,,,,,,,,,,,,,,,108899,1.5827933549880981
,,,32,,,,,,,,,,,,,,,,,,,,,,,,,,,,,108909,0.00231709866784513
,,,32,,,,,,,,,,,,,,,,,,,,,,,,,,,,,108919,0.03456060215830803
,,,32,,,,,,,,,,,,,,,,,,,,,,,,,,,,,108929,0.004655972123146057
,,,32,,,,,,,,,,,,,,,,,,,,,,,,,,,,,108939,0.0008281107875518501
,,,32,,,,,,,,,,,,,,,,,,,,,,,,,,,,,108949,0.03640487417578697
,,,32,,,,,,,,,,,,,,,,,,,,,,,,,,,,,108959,0.1675603687763214
,,,32,,,,,,,,,,,,,,,,,,,,,,,,,,,,,108969,0.0013200942194089293
,,,32,,,,,,,,,,,,,,,,,,,,,,,,,,,,,108979,0.969131588935852
,,,32,,,,,,,,,,,,,,,,,,,,,,,,,,,,,108989,0.0067562260664999485
,,,32,,,,,,,,,,,,,,,,,,,,,,,,,,,,,108999,0.0017145633464679122
,,,32,,,,,,,,,,,,,,,,,,,,,,,,,,,,,109009,0.015252136625349522
,,,32,,,,,,,,,,,,,,,,,,,,,,,,,,,,,109019,0.0014499565586447716
,,,32,,,,,,,,,,,,,,,,,,,,,,,,,,,,,109029,0.0021864522714167833
,,,32,,,,,,,,,,,,,,,,,,,,,,,,,,,,,109039,0.003929004538804293
,,,32,,,,,,,,,,,,,,,,,,,,,,,,,,,,,109049,0.28778600692749023
,,,32,,,,,,,,,,,,,,,,,,,,,,,,,,,,,109059,0.003990324679762125
,,,32,,,,,,,,,,,,,,,,,,,,,,,,,,,,,109069,0.0018752239411696792
,,,32,,,,,,,,,,,,,,,,,,,,,,,,,,,,,109079,0.007696858141571283
,,,32,,,,,,,,,,,,,,,,,,,,,,,,,,,,,109089,0.11860402673482895
,,,32,,,,,,,,,,,,,,,,,,,,,,,,,,,,,109099,0.0032384616788476706
,,,32,,,,,,,,,,,,,,,,,,,,,,,,,,,,,109109,0.004842107184231281
,,,32,,,,,,,,,,,,,,,,,,,,,,,,,,,,,109119,0.45046266913414
,,,32,,,,,,,,,,,,,,,,,,,,,,,,,,,,,109129,0.008467339910566807
,,,32,,,,,,,,,,,,,,,,,,,,,,,,,,,,,109139,0.0022742135915905237
,,,32,,,,,,,,,,,,,,,,,,,,,,,,,,,,,109149,0.016583185642957687
,,,32,,,,,,,,,,,,,,,,,,,,,,,,,,,,,109159,0.0026329788379371166
,,,32,,,,,,,,,,,,,,,,,,,,,,,,,,,,,109169,0.006059624720364809
,,,32,,,,,,,,,,,,,,,,,,,,,,,,,,,,,109179,0.0017106049926951528
,,,32,,,,,,,,,,,,,,,,,,,,,,,,,,,,,109189,0.2884202003479004
,,,32,,,,,,,,,,,,,,,,,,,,,,,,,,,,,109199,0.0016625190619379282
,,,32,,,,,,,,,,,,,,,,,,,,,,,,,,,,,109209,0.0052945902571082115
,,,32,,,,,,,,,,,,,,,,,,,,,,,,,,,,,109219,0.004962428938597441
,,,32,,,,,,,,,,,,,,,,,,,,,,,,,,,,,109229,0.0018915116088464856
,,,,1.778621682328425e-07,9.963918251200868e-07,1.5329105001847486e-06,1.5329105001847486e-06,2.3583238464380747e-06,2.3583238464380747e-06,3.6281905329816534e-06,3.6281905329816534e-06,5.581831589202543e-06,5.581831589202543e-06,8.587433214157758e-06,1.778621682328425e-07,8.587433214157758e-06,1.3211435714088859e-05,1.3211435714088859e-05,2.032528571398286e-05,2.032528571398286e-05,3.12696703292044e-05,3.12696703292044e-05,3.12696703292044e-05,3.12696703292044e-05,2.736341049736038e-07,2.736341049736038e-07,4.2097554611323665e-07,4.2097554611323665e-07,6.476546863280564e-07,6.476546863280564e-07,9.963918251200868e-07,109231,
,,,33,,,,,,,,,,,,,,,,,,,,,,,,,,,,,109239,0.0015098688891157508
,,,33,,,,,,,,,,,,,,,,,,,,,,,,,,,,,109249,0.002284709829837084
,,,33,,,,,,,,,,,,,,,,,,,,,,,,,,,,,109259,0.0011742793722078204
,,,33,,,,,,,,,,,,,,,,,,,,,,,,,,,,,109269,0.0396350733935833
,,,33,,,,,,,,,,,,,,,,,,,,,,,,,,,,,109279,0.2164386659860611
,,,33,,,,,,,,,,,,,,,,,,,,,,,,,,,,,109289,0.002592809498310089
,,,33,,,,,,,,,,,,,,,,,,,,,,,,,,,,,109299,0.0020072951447218657
,,,33,,,,,,,,,,,,,,,,,,,,,,,,,,,,,109309,0.001088754623197019
,,,33,,,,,,,,,,,,,,,,,,,,,,,,,,,,,109319,0.0025802496820688248
,,,33,,,,,,,,,,,,,,,,,,,,,,,,,,,,,109329,0.9155315160751343
,,,33,,,,,,,,,,,,,,,,,,,,,,,,,,,,,109339,0.0013205741997808218
,,,33,,,,,,,,,,,,,,,,,,,,,,,,,,,,,109349,0.13564369082450867
,,,33,,,,,,,,,,,,,,,,,,,,,,,,,,,,,109359,0.002614216413348913
,,,33,,,,,,,,,,,,,,,,,,,,,,,,,,,,,109369,0.002203244948759675
,,,33,,,,,,,,,,,,,,,,,,,,,,,,,,,,,109379,0.002933884272351861
,,,33,,,,,,,,,,,,,,,,,,,,,,,,,,,,,109389,0.0038343840278685093
,,,33,,,,,,,,,,,,,,,,,,,,,,,,,,,,,109399,0.08120427280664444
,,,33,,,,,,,,,,,,,,,,,,,,,,,,,,,,,109409,0.0021108624059706926
,,,33,,,,,,,,,,,,,,,,,,,,,,,,,,,,,109419,0.0015455621760338545
,,,33,,,,,,,,,,,,,,,,,,,,,,,,,,,,,109429,0.11710701882839203
,,,33,,,,,,,,,,,,,,,,,,,,,,,,,,,,,109439,0.21430149674415588
,,,33,,,,,,,,,,,,,,,,,,,,,,,,,,,,,109449,0.04719625413417816
,,,33,,,,,,,,,,,,,,,,,,,,,,,,,,,,,109459,0.00114595633931458
,,,33,,,,,,,,,,,,,,,,,,,,,,,,,,,,,109469,0.0027993854600936174
,,,33,,,,,,,,,,,,,,,,,,,,,,,,,,,,,109479,0.0014896709471940994
,,,33,,,,,,,,,,,,,,,,,,,,,,,,,,,,,109489,0.0019576975610107183
,,,33,,,,,,,,,,,,,,,,,,,,,,,,,,,,,109499,0.010180476121604443
,,,33,,,,,,,,,,,,,,,,,,,,,,,,,,,,,109509,0.00618869811296463
,,,33,,,,,,,,,,,,,,,,,,,,,,,,,,,,,109519,0.0010240599513053894
,,,33,,,,,,,,,,,,,,,,,,,,,,,,,,,,,109529,0.0024151562247425318
,,,33,,,,,,,,,,,,,,,,,,,,,,,,,,,,,109539,0.004204283468425274
,,,33,,,,,,,,,,,,,,,,,,,,,,,,,,,,,109549,0.002306635258719325
,,,33,,,,,,,,,,,,,,,,,,,,,,,,,,,,,109559,0.05335504561662674
,,,33,,,,,,,,,,,,,,,,,,,,,,,,,,,,,109569,0.3933621942996979
,,,33,,,,,,,,,,,,,,,,,,,,,,,,,,,,,109579,0.0038479960057884455
,,,33,,,,,,,,,,,,,,,,,,,,,,,,,,,,,109589,0.5560863614082336
,,,33,,,,,,,,,,,,,,,,,,,,,,,,,,,,,109599,0.0025622027460485697
,,,33,,,,,,,,,,,,,,,,,,,,,,,,,,,,,109609,1.2070188522338867
,,,33,,,,,,,,,,,,,,,,,,,,,,,,,,,,,109619,0.030889037996530533
,,,33,,,,,,,,,,,,,,,,,,,,,,,,,,,,,109629,0.0034402369055896997
,,,33,,,,,,,,,,,,,,,,,,,,,,,,,,,,,109639,0.039486128836870193
,,,33,,,,,,,,,,,,,,,,,,,,,,,,,,,,,109649,0.03450286015868187
,,,33,,,,,,,,,,,,,,,,,,,,,,,,,,,,,109659,0.002914796117693186
,,,33,,,,,,,,,,,,,,,,,,,,,,,,,,,,,109669,0.9738599061965942
,,,33,,,,,,,,,,,,,,,,,,,,,,,,,,,,,109679,0.0017799383495002985
,,,33,,,,,,,,,,,,,,,,,,,,,,,,,,,,,109689,0.0013537921477109194
,,,33,,,,,,,,,,,,,,,,,,,,,,,,,,,,,109699,0.6271505951881409
,,,33,,,,,,,,,,,,,,,,,,,,,,,,,,,,,109709,0.0018667536787688732
,,,33,,,,,,,,,,,,,,,,,,,,,,,,,,,,,109719,0.0012946607312187552
,,,33,,,,,,,,,,,,,,,,,,,,,,,,,,,,,109729,0.0011556438403204083
,,,33,,,,,,,,,,,,,,,,,,,,,,,,,,,,,109739,0.019215142354369164
,,,33,,,,,,,,,,,,,,,,,,,,,,,,,,,,,109749,0.0511186458170414
,,,33,,,,,,,,,,,,,,,,,,,,,,,,,,,,,109759,0.002760069677606225
,,,33,,,,,,,,,,,,,,,,,,,,,,,,,,,,,109769,0.0030422552954405546
,,,33,,,,,,,,,,,,,,,,,,,,,,,,,,,,,109779,0.0015248581767082214
,,,33,,,,,,,,,,,,,,,,,,,,,,,,,,,,,109789,0.0099386777728796
,,,33,,,,,,,,,,,,,,,,,,,,,,,,,,,,,109799,0.0050541372038424015
,,,33,,,,,,,,,,,,,,,,,,,,,,,,,,,,,109809,0.0024484137538820505
,,,33,,,,,,,,,,,,,,,,,,,,,,,,,,,,,109819,0.011076160706579685
,,,33,,,,,,,,,,,,,,,,,,,,,,,,,,,,,109829,0.002239611931145191
,,,33,,,,,,,,,,,,,,,,,,,,,,,,,,,,,109839,0.03931629657745361
,,,33,,,,,,,,,,,,,,,,,,,,,,,,,,,,,109849,0.017583118751645088
,,,33,,,,,,,,,,,,,,,,,,,,,,,,,,,,,109859,0.0011078572133556008
,,,33,,,,,,,,,,,,,,,,,,,,,,,,,,,,,109869,0.002307172864675522
,,,33,,,,,,,,,,,,,,,,,,,,,,,,,,,,,109879,0.002665289444848895
,,,33,,,,,,,,,,,,,,,,,,,,,,,,,,,,,109889,0.0014192149974405766
,,,33,,,,,,,,,,,,,,,,,,,,,,,,,,,,,109899,0.0031702762935310602
,,,33,,,,,,,,,,,,,,,,,,,,,,,,,,,,,109909,0.008049621246755123
,,,33,,,,,,,,,,,,,,,,,,,,,,,,,,,,,109919,0.001227573724463582
,,,33,,,,,,,,,,,,,,,,,,,,,,,,,,,,,109929,0.0007447659154422581
,,,33,,,,,,,,,,,,,,,,,,,,,,,,,,,,,109939,0.13207001984119415
,,,33,,,,,,,,,,,,,,,,,,,,,,,,,,,,,109949,0.03816058859229088
,,,33,,,,,,,,,,,,,,,,,,,,,,,,,,,,,109959,0.002184032229706645
,,,33,,,,,,,,,,,,,,,,,,,,,,,,,,,,,109969,0.0019806381314992905
,,,33,,,,,,,,,,,,,,,,,,,,,,,,,,,,,109979,0.0021196173038333654
,,,33,,,,,,,,,,,,,,,,,,,,,,,,,,,,,109989,0.0031862587202340364
,,,33,,,,,,,,,,,,,,,,,,,,,,,,,,,,,109999,0.004674330819398165
,,,33,,,,,,,,,,,,,,,,,,,,,,,,,,,,,110009,0.05166357383131981
,,,33,,,,,,,,,,,,,,,,,,,,,,,,,,,,,110019,0.0013299882411956787
,,,33,,,,,,,,,,,,,,,,,,,,,,,,,,,,,110029,0.001231418689712882
,,,33,,,,,,,,,,,,,,,,,,,,,,,,,,,,,110039,0.001911043538711965
,,,33,,,,,,,,,,,,,,,,,,,,,,,,,,,,,110049,0.0018718185601755977
,,,33,,,,,,,,,,,,,,,,,,,,,,,,,,,,,110059,0.7066382765769958
,,,33,,,,,,,,,,,,,,,,,,,,,,,,,,,,,110069,0.0050775473937392235
,,,33,,,,,,,,,,,,,,,,,,,,,,,,,,,,,110079,0.01502523198723793
,,,33,,,,,,,,,,,,,,,,,,,,,,,,,,,,,110089,0.003007945604622364
,,,33,,,,,,,,,,,,,,,,,,,,,,,,,,,,,110099,0.20250225067138672
,,,33,,,,,,,,,,,,,,,,,,,,,,,,,,,,,110109,0.012060324661433697
,,,33,,,,,,,,,,,,,,,,,,,,,,,,,,,,,110119,0.03327624499797821
,,,33,,,,,,,,,,,,,,,,,,,,,,,,,,,,,110129,0.0027295106556266546
,,,33,,,,,,,,,,,,,,,,,,,,,,,,,,,,,110139,0.005120984744280577
,,,33,,,,,,,,,,,,,,,,,,,,,,,,,,,,,110149,0.0013460473855957389
,,,33,,,,,,,,,,,,,,,,,,,,,,,,,,,,,110159,0.00114740792196244
,,,33,,,,,,,,,,,,,,,,,,,,,,,,,,,,,110169,0.008809076622128487
,,,33,,,,,,,,,,,,,,,,,,,,,,,,,,,,,110179,0.0037101879715919495
,,,33,,,,,,,,,,,,,,,,,,,,,,,,,,,,,110189,0.003226717934012413
,,,33,,,,,,,,,,,,,,,,,,,,,,,,,,,,,110199,0.001961461966857314
,,,33,,,,,,,,,,,,,,,,,,,,,,,,,,,,,110209,0.03494977951049805
,,,33,,,,,,,,,,,,,,,,,,,,,,,,,,,,,110219,0.0013172930339351296
,,,33,,,,,,,,,,,,,,,,,,,,,,,,,,,,,110229,0.005720317363739014
,,,33,,,,,,,,,,,,,,,,,,,,,,,,,,,,,110239,0.0018374836072325706
,,,33,,,,,,,,,,,,,,,,,,,,,,,,,,,,,110249,0.0030686226673424244
,,,33,,,,,,,,,,,,,,,,,,,,,,,,,,,,,110259,0.0013175583444535732
,,,33,,,,,,,,,,,,,,,,,,,,,,,,,,,,,110269,0.002858551451936364
,,,33,,,,,,,,,,,,,,,,,,,,,,,,,,,,,110279,0.005110548809170723
,,,33,,,,,,,,,,,,,,,,,,,,,,,,,,,,,110289,0.7911304831504822
,,,33,,,,,,,,,,,,,,,,,,,,,,,,,,,,,110299,0.0013964232057332993
,,,33,,,,,,,,,,,,,,,,,,,,,,,,,,,,,110309,0.003541835118085146
,,,33,,,,,,,,,,,,,,,,,,,,,,,,,,,,,110319,0.002122828969731927
,,,33,,,,,,,,,,,,,,,,,,,,,,,,,,,,,110329,0.002057153033092618
,,,33,,,,,,,,,,,,,,,,,,,,,,,,,,,,,110339,0.001336540444754064
,,,33,,,,,,,,,,,,,,,,,,,,,,,,,,,,,110349,0.00230721035040915
,,,33,,,,,,,,,,,,,,,,,,,,,,,,,,,,,110359,0.05594021454453468
,,,33,,,,,,,,,,,,,,,,,,,,,,,,,,,,,110369,0.004868860822170973
,,,33,,,,,,,,,,,,,,,,,,,,,,,,,,,,,110379,0.003295179456472397
,,,33,,,,,,,,,,,,,,,,,,,,,,,,,,,,,110389,0.0030981574673205614
,,,33,,,,,,,,,,,,,,,,,,,,,,,,,,,,,110399,1.862951397895813
,,,33,,,,,,,,,,,,,,,,,,,,,,,,,,,,,110409,0.0031002264004200697
,,,33,,,,,,,,,,,,,,,,,,,,,,,,,,,,,110419,0.0019549403805285692
,,,33,,,,,,,,,,,,,,,,,,,,,,,,,,,,,110429,0.001892098574899137
,,,33,,,,,,,,,,,,,,,,,,,,,,,,,,,,,110439,0.06346775591373444
,,,33,,,,,,,,,,,,,,,,,,,,,,,,,,,,,110449,0.0047983587719500065
,,,33,,,,,,,,,,,,,,,,,,,,,,,,,,,,,110459,0.0023613173980265856
,,,33,,,,,,,,,,,,,,,,,,,,,,,,,,,,,110469,0.0031466030050069094
,,,33,,,,,,,,,,,,,,,,,,,,,,,,,,,,,110479,0.691580057144165
,,,33,,,,,,,,,,,,,,,,,,,,,,,,,,,,,110489,0.002769994782283902
,,,33,,,,,,,,,,,,,,,,,,,,,,,,,,,,,110499,0.008197782561182976
,,,33,,,,,,,,,,,,,,,,,,,,,,,,,,,,,110509,0.0021892108488827944
,,,33,,,,,,,,,,,,,,,,,,,,,,,,,,,,,110519,0.0026401206851005554
,,,33,,,,,,,,,,,,,,,,,,,,,,,,,,,,,110529,0.003835982410237193
,,,33,,,,,,,,,,,,,,,,,,,,,,,,,,,,,110539,0.002453566761687398
,,,33,,,,,,,,,,,,,,,,,,,,,,,,,,,,,110549,0.0029828036203980446
,,,33,,,,,,,,,,,,,,,,,,,,,,,,,,,,,110559,0.01805337704718113
,,,33,,,,,,,,,,,,,,,,,,,,,,,,,,,,,110569,0.0013685862068086863
,,,33,,,,,,,,,,,,,,,,,,,,,,,,,,,,,110579,0.0011231186799705029
,,,33,,,,,,,,,,,,,,,,,,,,,,,,,,,,,110589,0.3680696189403534
,,,33,,,,,,,,,,,,,,,,,,,,,,,,,,,,,110599,0.012711246497929096
,,,33,,,,,,,,,,,,,,,,,,,,,,,,,,,,,110609,0.0029857316985726357
,,,33,,,,,,,,,,,,,,,,,,,,,,,,,,,,,110619,0.0011343967635184526
,,,33,,,,,,,,,,,,,,,,,,,,,,,,,,,,,110629,0.0016979487845674157
,,,33,,,,,,,,,,,,,,,,,,,,,,,,,,,,,110639,0.002043659333139658
,,,33,,,,,,,,,,,,,,,,,,,,,,,,,,,,,110649,0.2644568085670471
,,,33,,,,,,,,,,,,,,,,,,,,,,,,,,,,,110659,0.0037293746136128902
,,,33,,,,,,,,,,,,,,,,,,,,,,,,,,,,,110669,0.007590322755277157
,,,33,,,,,,,,,,,,,,,,,,,,,,,,,,,,,110679,0.06124990060925484
,,,33,,,,,,,,,,,,,,,,,,,,,,,,,,,,,110689,0.002488931408151984
,,,33,,,,,,,,,,,,,,,,,,,,,,,,,,,,,110699,0.001928703859448433
,,,33,,,,,,,,,,,,,,,,,,,,,,,,,,,,,110709,0.0009897764539346099
,,,33,,,,,,,,,,,,,,,,,,,,,,,,,,,,,110719,0.003080735681578517
,,,33,,,,,,,,,,,,,,,,,,,,,,,,,,,,,110729,0.000734419678337872
,,,33,,,,,,,,,,,,,,,,,,,,,,,,,,,,,110739,0.0032089550513774157
,,,33,,,,,,,,,,,,,,,,,,,,,,,,,,,,,110749,0.03075665608048439
,,,33,,,,,,,,,,,,,,,,,,,,,,,,,,,,,110759,0.007905031554400921
,,,33,,,,,,,,,,,,,,,,,,,,,,,,,,,,,110769,0.002050984650850296
,,,33,,,,,,,,,,,,,,,,,,,,,,,,,,,,,110779,0.001662695431150496
,,,33,,,,,,,,,,,,,,,,,,,,,,,,,,,,,110789,0.0019837995059788227
,,,33,,,,,,,,,,,,,,,,,,,,,,,,,,,,,110799,0.005049486644566059
,,,33,,,,,,,,,,,,,,,,,,,,,,,,,,,,,110809,0.002175975823774934
,,,33,,,,,,,,,,,,,,,,,,,,,,,,,,,,,110819,0.1485765278339386
,,,33,,,,,,,,,,,,,,,,,,,,,,,,,,,,,110829,0.003583050798624754
,,,33,,,,,,,,,,,,,,,,,,,,,,,,,,,,,110839,0.009071662090718746
,,,33,,,,,,,,,,,,,,,,,,,,,,,,,,,,,110849,0.02975774183869362
,,,33,,,,,,,,,,,,,,,,,,,,,,,,,,,,,110859,0.004825063981115818
,,,33,,,,,,,,,,,,,,,,,,,,,,,,,,,,,110869,0.0014482246479019523
,,,33,,,,,,,,,,,,,,,,,,,,,,,,,,,,,110879,0.12701205909252167
,,,33,,,,,,,,,,,,,,,,,,,,,,,,,,,,,110889,0.027696851640939713
,,,33,,,,,,,,,,,,,,,,,,,,,,,,,,,,,110899,0.004509262274950743
,,,33,,,,,,,,,,,,,,,,,,,,,,,,,,,,,110909,0.0016305007738992572
,,,33,,,,,,,,,,,,,,,,,,,,,,,,,,,,,110919,0.004015650600194931
,,,33,,,,,,,,,,,,,,,,,,,,,,,,,,,,,110929,0.0011882201069965959
,,,33,,,,,,,,,,,,,,,,,,,,,,,,,,,,,110939,0.0019412034889683127
,,,33,,,,,,,,,,,,,,,,,,,,,,,,,,,,,110949,0.296907901763916
,,,33,,,,,,,,,,,,,,,,,,,,,,,,,,,,,110959,0.0037257627118378878
,,,33,,,,,,,,,,,,,,,,,,,,,,,,,,,,,110969,0.001322487136349082
,,,33,,,,,,,,,,,,,,,,,,,,,,,,,,,,,110979,0.009469900280237198
,,,33,,,,,,,,,,,,,,,,,,,,,,,,,,,,,110989,0.0007871125126257539
,,,33,,,,,,,,,,,,,,,,,,,,,,,,,,,,,110999,0.0021239263005554676
,,,33,,,,,,,,,,,,,,,,,,,,,,,,,,,,,111009,0.0013406462967395782
,,,33,,,,,,,,,,,,,,,,,,,,,,,,,,,,,111019,0.00404564943164587
,,,33,,,,,,,,,,,,,,,,,,,,,,,,,,,,,111029,0.002407065127044916
,,,33,,,,,,,,,,,,,,,,,,,,,,,,,,,,,111039,0.02652869187295437
,,,33,,,,,,,,,,,,,,,,,,,,,,,,,,,,,111049,0.024963783100247383
,,,33,,,,,,,,,,,,,,,,,,,,,,,,,,,,,111059,0.0017078692326322198
,,,33,,,,,,,,,,,,,,,,,,,,,,,,,,,,,111069,0.04014783352613449
,,,33,,,,,,,,,,,,,,,,,,,,,,,,,,,,,111079,0.001619093120098114
,,,33,,,,,,,,,,,,,,,,,,,,,,,,,,,,,111089,0.18527908623218536
,,,33,,,,,,,,,,,,,,,,,,,,,,,,,,,,,111099,0.005519834812730551
,,,33,,,,,,,,,,,,,,,,,,,,,,,,,,,,,111109,0.5626835227012634
,,,33,,,,,,,,,,,,,,,,,,,,,,,,,,,,,111119,0.0017726341029629111
,,,33,,,,,,,,,,,,,,,,,,,,,,,,,,,,,111129,0.0018190169939771295
,,,33,,,,,,,,,,,,,,,,,,,,,,,,,,,,,111139,0.1437670737504959
,,,33,,,,,,,,,,,,,,,,,,,,,,,,,,,,,111149,0.025215882807970047
,,,33,,,,,,,,,,,,,,,,,,,,,,,,,,,,,111159,1.230898141860962
,,,33,,,,,,,,,,,,,,,,,,,,,,,,,,,,,111169,0.0025071236304938793
,,,33,,,,,,,,,,,,,,,,,,,,,,,,,,,,,111179,0.002757034730166197
,,,33,,,,,,,,,,,,,,,,,,,,,,,,,,,,,111189,0.002420615404844284
,,,33,,,,,,,,,,,,,,,,,,,,,,,,,,,,,111199,0.0035988586023449898
,,,33,,,,,,,,,,,,,,,,,,,,,,,,,,,,,111209,0.005716410465538502
,,,33,,,,,,,,,,,,,,,,,,,,,,,,,,,,,111219,0.9887802004814148
,,,33,,,,,,,,,,,,,,,,,,,,,,,,,,,,,111229,1.0880920886993408
,,,33,,,,,,,,,,,,,,,,,,,,,,,,,,,,,111239,0.001915970235131681
,,,33,,,,,,,,,,,,,,,,,,,,,,,,,,,,,111249,0.23557287454605103
,,,33,,,,,,,,,,,,,,,,,,,,,,,,,,,,,111259,0.006405341438949108
,,,33,,,,,,,,,,,,,,,,,,,,,,,,,,,,,111269,0.0006375793600454926
,,,33,,,,,,,,,,,,,,,,,,,,,,,,,,,,,111279,0.0019596447236835957
,,,33,,,,,,,,,,,,,,,,,,,,,,,,,,,,,111289,0.0030733926687389612
,,,33,,,,,,,,,,,,,,,,,,,,,,,,,,,,,111299,0.18761448562145233
,,,33,,,,,,,,,,,,,,,,,,,,,,,,,,,,,111309,0.0006266544805839658
,,,33,,,,,,,,,,,,,,,,,,,,,,,,,,,,,111319,0.004517914727330208
,,,33,,,,,,,,,,,,,,,,,,,,,,,,,,,,,111329,0.0009456331026740372
,,,33,,,,,,,,,,,,,,,,,,,,,,,,,,,,,111339,0.9075793027877808
,,,33,,,,,,,,,,,,,,,,,,,,,,,,,,,,,111349,0.0017536559607833624
,,,33,,,,,,,,,,,,,,,,,,,,,,,,,,,,,111359,0.0025879652239382267
,,,33,,,,,,,,,,,,,,,,,,,,,,,,,,,,,111369,0.0015355806099250913
,,,33,,,,,,,,,,,,,,,,,,,,,,,,,,,,,111379,0.2628500759601593
,,,33,,,,,,,,,,,,,,,,,,,,,,,,,,,,,111389,0.0029065730050206184
,,,33,,,,,,,,,,,,,,,,,,,,,,,,,,,,,111399,0.0011527545284479856
,,,33,,,,,,,,,,,,,,,,,,,,,,,,,,,,,111409,0.0020211320370435715
,,,33,,,,,,,,,,,,,,,,,,,,,,,,,,,,,111419,0.037729475647211075
,,,33,,,,,,,,,,,,,,,,,,,,,,,,,,,,,111429,0.0007403027848340571
,,,33,,,,,,,,,,,,,,,,,,,,,,,,,,,,,111439,0.0018881401047110558
,,,33,,,,,,,,,,,,,,,,,,,,,,,,,,,,,111449,0.004608817398548126
,,,33,,,,,,,,,,,,,,,,,,,,,,,,,,,,,111459,0.001166588393971324
,,,33,,,,,,,,,,,,,,,,,,,,,,,,,,,,,111469,0.000778618676122278
,,,33,,,,,,,,,,,,,,,,,,,,,,,,,,,,,111479,0.002020103856921196
,,,33,,,,,,,,,,,,,,,,,,,,,,,,,,,,,111489,0.0780988484621048
,,,33,,,,,,,,,,,,,,,,,,,,,,,,,,,,,111499,0.0047762528993189335
,,,33,,,,,,,,,,,,,,,,,,,,,,,,,,,,,111509,0.0012761540710926056
,,,33,,,,,,,,,,,,,,,,,,,,,,,,,,,,,111519,0.000739215174689889
,,,33,,,,,,,,,,,,,,,,,,,,,,,,,,,,,111529,0.0015089440857991576
,,,33,,,,,,,,,,,,,,,,,,,,,,,,,,,,,111539,0.0019798728171736
,,,33,,,,,,,,,,,,,,,,,,,,,,,,,,,,,111549,0.0716109424829483
,,,33,,,,,,,,,,,,,,,,,,,,,,,,,,,,,111559,0.14856481552124023
,,,33,,,,,,,,,,,,,,,,,,,,,,,,,,,,,111569,0.0025266101583838463
,,,33,,,,,,,,,,,,,,,,,,,,,,,,,,,,,111579,0.0010791303357109427
,,,33,,,,,,,,,,,,,,,,,,,,,,,,,,,,,111589,0.001045753713697195
,,,33,,,,,,,,,,,,,,,,,,,,,,,,,,,,,111599,0.0499032624065876
,,,33,,,,,,,,,,,,,,,,,,,,,,,,,,,,,111609,0.003425962757319212
,,,33,,,,,,,,,,,,,,,,,,,,,,,,,,,,,111619,0.05116642266511917
,,,33,,,,,,,,,,,,,,,,,,,,,,,,,,,,,111629,0.0029526420403271914
,,,33,,,,,,,,,,,,,,,,,,,,,,,,,,,,,111639,0.0028182617388665676
,,,33,,,,,,,,,,,,,,,,,,,,,,,,,,,,,111649,0.0023092839401215315
,,,33,,,,,,,,,,,,,,,,,,,,,,,,,,,,,111659,0.0018041215371340513
,,,33,,,,,,,,,,,,,,,,,,,,,,,,,,,,,111669,0.002709031105041504
,,,33,,,,,,,,,,,,,,,,,,,,,,,,,,,,,111679,0.0028207553550601006
,,,33,,,,,,,,,,,,,,,,,,,,,,,,,,,,,111689,0.0049168989062309265
,,,33,,,,,,,,,,,,,,,,,,,,,,,,,,,,,111699,0.16544654965400696
,,,33,,,,,,,,,,,,,,,,,,,,,,,,,,,,,111709,0.0030499729327857494
,,,33,,,,,,,,,,,,,,,,,,,,,,,,,,,,,111719,0.01351346354931593
,,,33,,,,,,,,,,,,,,,,,,,,,,,,,,,,,111729,0.002695035422220826
,,,33,,,,,,,,,,,,,,,,,,,,,,,,,,,,,111739,0.004132147412747145
,,,33,,,,,,,,,,,,,,,,,,,,,,,,,,,,,111749,0.0025028162635862827
,,,33,,,,,,,,,,,,,,,,,,,,,,,,,,,,,111759,0.0021511444356292486
,,,33,,,,,,,,,,,,,,,,,,,,,,,,,,,,,111769,1.0242632627487183
,,,33,,,,,,,,,,,,,,,,,,,,,,,,,,,,,111779,0.024775788187980652
,,,33,,,,,,,,,,,,,,,,,,,,,,,,,,,,,111789,0.015258694998919964
,,,33,,,,,,,,,,,,,,,,,,,,,,,,,,,,,111799,0.9022998809814453
,,,33,,,,,,,,,,,,,,,,,,,,,,,,,,,,,111809,0.0073880767449736595
,,,33,,,,,,,,,,,,,,,,,,,,,,,,,,,,,111819,0.10360691696405411
,,,33,,,,,,,,,,,,,,,,,,,,,,,,,,,,,111829,0.010468175634741783
,,,33,,,,,,,,,,,,,,,,,,,,,,,,,,,,,111839,0.0034490739926695824
,,,33,,,,,,,,,,,,,,,,,,,,,,,,,,,,,111849,0.002001576591283083
,,,33,,,,,,,,,,,,,,,,,,,,,,,,,,,,,111859,0.012369951233267784
,,,33,,,,,,,,,,,,,,,,,,,,,,,,,,,,,111869,0.0009358484530821443
,,,33,,,,,,,,,,,,,,,,,,,,,,,,,,,,,111879,0.0029176981188356876
,,,33,,,,,,,,,,,,,,,,,,,,,,,,,,,,,111889,0.007572420872747898
,,,33,,,,,,,,,,,,,,,,,,,,,,,,,,,,,111899,0.08923624455928802
,,,33,,,,,,,,,,,,,,,,,,,,,,,,,,,,,111909,0.002816407009959221
,,,33,,,,,,,,,,,,,,,,,,,,,,,,,,,,,111919,0.005682905670255423
,,,33,,,,,,,,,,,,,,,,,,,,,,,,,,,,,111929,0.1995723694562912
,,,33,,,,,,,,,,,,,,,,,,,,,,,,,,,,,111939,0.004116323310881853
,,,33,,,,,,,,,,,,,,,,,,,,,,,,,,,,,111949,0.002751321764662862
,,,33,,,,,,,,,,,,,,,,,,,,,,,,,,,,,111959,0.0012850877828896046
,,,33,,,,,,,,,,,,,,,,,,,,,,,,,,,,,111969,0.09812448918819427
,,,33,,,,,,,,,,,,,,,,,,,,,,,,,,,,,111979,0.00779308844357729
,,,33,,,,,,,,,,,,,,,,,,,,,,,,,,,,,111989,0.002830163110047579
,,,33,,,,,,,,,,,,,,,,,,,,,,,,,,,,,111999,0.0012296885251998901
,,,33,,,,,,,,,,,,,,,,,,,,,,,,,,,,,112009,0.00865317601710558
,,,33,,,,,,,,,,,,,,,,,,,,,,,,,,,,,112019,0.004421402234584093
,,,33,,,,,,,,,,,,,,,,,,,,,,,,,,,,,112029,0.02488710545003414
,,,33,,,,,,,,,,,,,,,,,,,,,,,,,,,,,112039,0.00800834596157074
,,,33,,,,,,,,,,,,,,,,,,,,,,,,,,,,,112049,0.03549311310052872
,,,33,,,,,,,,,,,,,,,,,,,,,,,,,,,,,112059,0.17324744164943695
,,,33,,,,,,,,,,,,,,,,,,,,,,,,,,,,,112069,0.0035652900114655495
,,,33,,,,,,,,,,,,,,,,,,,,,,,,,,,,,112079,0.003256208961829543
,,,33,,,,,,,,,,,,,,,,,,,,,,,,,,,,,112089,0.006774185225367546
,,,33,,,,,,,,,,,,,,,,,,,,,,,,,,,,,112099,0.04968005418777466
,,,33,,,,,,,,,,,,,,,,,,,,,,,,,,,,,112109,0.0040648928843438625
,,,33,,,,,,,,,,,,,,,,,,,,,,,,,,,,,112119,0.008453356102108955
,,,33,,,,,,,,,,,,,,,,,,,,,,,,,,,,,112129,0.0016760709695518017
,,,33,,,,,,,,,,,,,,,,,,,,,,,,,,,,,112139,0.7861518263816833
,,,33,,,,,,,,,,,,,,,,,,,,,,,,,,,,,112149,0.0017280770698562264
,,,33,,,,,,,,,,,,,,,,,,,,,,,,,,,,,112159,0.0007900502532720566
,,,33,,,,,,,,,,,,,,,,,,,,,,,,,,,,,112169,0.0009354720241390169
,,,33,,,,,,,,,,,,,,,,,,,,,,,,,,,,,112179,0.0030151265673339367
,,,33,,,,,,,,,,,,,,,,,,,,,,,,,,,,,112189,0.0015123276971280575
,,,33,,,,,,,,,,,,,,,,,,,,,,,,,,,,,112199,0.00279620080254972
,,,33,,,,,,,,,,,,,,,,,,,,,,,,,,,,,112209,0.0023508090525865555
,,,33,,,,,,,,,,,,,,,,,,,,,,,,,,,,,112219,0.003062140429392457
,,,33,,,,,,,,,,,,,,,,,,,,,,,,,,,,,112229,0.008341365493834019
,,,33,,,,,,,,,,,,,,,,,,,,,,,,,,,,,112239,0.001079457113519311
,,,33,,,,,,,,,,,,,,,,,,,,,,,,,,,,,112249,0.004331622738391161
,,,33,,,,,,,,,,,,,,,,,,,,,,,,,,,,,112259,0.005635163746774197
,,,33,,,,,,,,,,,,,,,,,,,,,,,,,,,,,112269,0.0013582708779722452
,,,33,,,,,,,,,,,,,,,,,,,,,,,,,,,,,112279,0.0007205462316051126
,,,33,,,,,,,,,,,,,,,,,,,,,,,,,,,,,112289,0.0011449394514784217
,,,33,,,,,,,,,,,,,,,,,,,,,,,,,,,,,112299,0.4712603986263275
,,,33,,,,,,,,,,,,,,,,,,,,,,,,,,,,,112309,0.009077472612261772
,,,33,,,,,,,,,,,,,,,,,,,,,,,,,,,,,112319,0.0004615952493622899
,,,33,,,,,,,,,,,,,,,,,,,,,,,,,,,,,112329,0.04828343912959099
,,,33,,,,,,,,,,,,,,,,,,,,,,,,,,,,,112339,0.001876141643151641
,,,33,,,,,,,,,,,,,,,,,,,,,,,,,,,,,112349,0.006390437018126249
,,,33,,,,,,,,,,,,,,,,,,,,,,,,,,,,,112359,0.0016204259591177106
,,,33,,,,,,,,,,,,,,,,,,,,,,,,,,,,,112369,0.0033333899918943644
,,,33,,,,,,,,,,,,,,,,,,,,,,,,,,,,,112379,0.09030595421791077
,,,33,,,,,,,,,,,,,,,,,,,,,,,,,,,,,112389,0.0020208656787872314
,,,33,,,,,,,,,,,,,,,,,,,,,,,,,,,,,112399,0.0022527703549712896
,,,33,,,,,,,,,,,,,,,,,,,,,,,,,,,,,112409,0.0668669119477272
,,,33,,,,,,,,,,,,,,,,,,,,,,,,,,,,,112419,0.003009508829563856
,,,33,,,,,,,,,,,,,,,,,,,,,,,,,,,,,112429,0.007339928764849901
,,,33,,,,,,,,,,,,,,,,,,,,,,,,,,,,,112439,0.029270103201270103
,,,33,,,,,,,,,,,,,,,,,,,,,,,,,,,,,112449,0.009627317078411579
,,,33,,,,,,,,,,,,,,,,,,,,,,,,,,,,,112459,0.4990643560886383
,,,33,,,,,,,,,,,,,,,,,,,,,,,,,,,,,112469,0.7652741074562073
,,,33,,,,,,,,,,,,,,,,,,,,,,,,,,,,,112479,0.30580681562423706
,,,33,,,,,,,,,,,,,,,,,,,,,,,,,,,,,112489,0.28139927983283997
,,,33,,,,,,,,,,,,,,,,,,,,,,,,,,,,,112499,0.10569727420806885
,,,33,,,,,,,,,,,,,,,,,,,,,,,,,,,,,112509,0.015268039889633656
,,,33,,,,,,,,,,,,,,,,,,,,,,,,,,,,,112519,0.006334295496344566
,,,33,,,,,,,,,,,,,,,,,,,,,,,,,,,,,112529,0.0022468313109129667
,,,33,,,,,,,,,,,,,,,,,,,,,,,,,,,,,112539,0.0015905883628875017
,,,,1.5972750035826984e-07,8.948006042268538e-07,1.3766163141951595e-06,1.3766163141951595e-06,2.1178712526079376e-06,2.1178712526079376e-06,3.258263465550673e-06,3.258263465550673e-06,5.012713023924113e-06,5.012713023924113e-06,7.71186619065248e-06,1.5972750035826984e-07,7.71186619065248e-06,1.1864409524080739e-05,1.1864409524080739e-05,1.8252937729354982e-05,1.8252937729354982e-05,2.8081442660546125e-05,2.8081442660546125e-05,2.8081442660546125e-05,2.8081442660546125e-05,2.457346159357997e-07,2.457346159357997e-07,3.7805325528584575e-07,3.7805325528584575e-07,5.816203927474549e-07,5.816203927474549e-07,8.948006042268538e-07,112541,
,,,34,,,,,,,,,,,,,,,,,,,,,,,,,,,,,112549,0.002098276512697339
,,,34,,,,,,,,,,,,,,,,,,,,,,,,,,,,,112559,0.023294996470212936
,,,34,,,,,,,,,,,,,,,,,,,,,,,,,,,,,112569,0.0017030214658007026
,,,34,,,,,,,,,,,,,,,,,,,,,,,,,,,,,112579,0.0012788319727405906
,,,34,,,,,,,,,,,,,,,,,,,,,,,,,,,,,112589,0.0007698765257373452
,,,34,,,,,,,,,,,,,,,,,,,,,,,,,,,,,112599,0.0011017987271770835
,,,34,,,,,,,,,,,,,,,,,,,,,,,,,,,,,112609,0.008695158176124096
,,,34,,,,,,,,,,,,,,,,,,,,,,,,,,,,,112619,0.001742001622915268
,,,34,,,,,,,,,,,,,,,,,,,,,,,,,,,,,112629,0.0019340984290465713
,,,34,,,,,,,,,,,,,,,,,,,,,,,,,,,,,112639,0.0012574611464515328
,,,34,,,,,,,,,,,,,,,,,,,,,,,,,,,,,112649,0.6124585270881653
,,,34,,,,,,,,,,,,,,,,,,,,,,,,,,,,,112659,0.0012964808847755194
,,,34,,,,,,,,,,,,,,,,,,,,,,,,,,,,,112669,0.0010984856635332108
,,,34,,,,,,,,,,,,,,,,,,,,,,,,,,,,,112679,0.07228641957044601
,,,34,,,,,,,,,,,,,,,,,,,,,,,,,,,,,112689,0.03319728747010231
,,,34,,,,,,,,,,,,,,,,,,,,,,,,,,,,,112699,0.003058523638173938
,,,34,,,,,,,,,,,,,,,,,,,,,,,,,,,,,112709,0.002063377760350704
,,,34,,,,,,,,,,,,,,,,,,,,,,,,,,,,,112719,0.002896138234063983
,,,34,,,,,,,,,,,,,,,,,,,,,,,,,,,,,112729,0.0022548704873770475
,,,34,,,,,,,,,,,,,,,,,,,,,,,,,,,,,112739,0.0018204004736617208
,,,34,,,,,,,,,,,,,,,,,,,,,,,,,,,,,112749,0.0024980304297059774
,,,34,,,,,,,,,,,,,,,,,,,,,,,,,,,,,112759,0.0027131284587085247
,,,34,,,,,,,,,,,,,,,,,,,,,,,,,,,,,112769,0.0011961039854213595
,,,34,,,,,,,,,,,,,,,,,,,,,,,,,,,,,112779,0.00729293143376708
,,,34,,,,,,,,,,,,,,,,,,,,,,,,,,,,,112789,0.0006827024626545608
,,,34,,,,,,,,,,,,,,,,,,,,,,,,,,,,,112799,0.36931896209716797
,,,34,,,,,,,,,,,,,,,,,,,,,,,,,,,,,112809,0.0018190722912549973
,,,34,,,,,,,,,,,,,,,,,,,,,,,,,,,,,112819,0.007857810705900192
,,,34,,,,,,,,,,,,,,,,,,,,,,,,,,,,,112829,0.0067656501196324825
,,,34,,,,,,,,,,,,,,,,,,,,,,,,,,,,,112839,0.0026421193033456802
,,,34,,,,,,,,,,,,,,,,,,,,,,,,,,,,,112849,0.002295114565640688
,,,34,,,,,,,,,,,,,,,,,,,,,,,,,,,,,112859,0.0012737334473058581
,,,34,,,,,,,,,,,,,,,,,,,,,,,,,,,,,112869,0.5372840762138367
,,,34,,,,,,,,,,,,,,,,,,,,,,,,,,,,,112879,0.04420529305934906
,,,34,,,,,,,,,,,,,,,,,,,,,,,,,,,,,112889,0.05338267609477043
,,,34,,,,,,,,,,,,,,,,,,,,,,,,,,,,,112899,0.002313469536602497
,,,34,,,,,,,,,,,,,,,,,,,,,,,,,,,,,112909,0.0016982094384729862
,,,34,,,,,,,,,,,,,,,,,,,,,,,,,,,,,112919,0.0008183985482901335
,,,34,,,,,,,,,,,,,,,,,,,,,,,,,,,,,112929,0.0015023273881524801
,,,34,,,,,,,,,,,,,,,,,,,,,,,,,,,,,112939,0.0007607929292134941
,,,34,,,,,,,,,,,,,,,,,,,,,,,,,,,,,112949,0.003447278868407011
,,,34,,,,,,,,,,,,,,,,,,,,,,,,,,,,,112959,0.0015566375805065036
,,,34,,,,,,,,,,,,,,,,,,,,,,,,,,,,,112969,0.0013596965000033379
,,,34,,,,,,,,,,,,,,,,,,,,,,,,,,,,,112979,0.004487304948270321
,,,34,,,,,,,,,,,,,,,,,,,,,,,,,,,,,112989,0.002378203673288226
,,,34,,,,,,,,,,,,,,,,,,,,,,,,,,,,,112999,0.003808605717495084
,,,34,,,,,,,,,,,,,,,,,,,,,,,,,,,,,113009,0.003142980858683586
,,,34,,,,,,,,,,,,,,,,,,,,,,,,,,,,,113019,0.0019511976279318333
,,,34,,,,,,,,,,,,,,,,,,,,,,,,,,,,,113029,0.046402305364608765
,,,34,,,,,,,,,,,,,,,,,,,,,,,,,,,,,113039,0.002535776002332568
,,,34,,,,,,,,,,,,,,,,,,,,,,,,,,,,,113049,0.0022850269451737404
,,,34,,,,,,,,,,,,,,,,,,,,,,,,,,,,,113059,0.004182697273790836
,,,34,,,,,,,,,,,,,,,,,,,,,,,,,,,,,113069,0.0021097329445183277
,,,34,,,,,,,,,,,,,,,,,,,,,,,,,,,,,113079,0.34502100944519043
,,,34,,,,,,,,,,,,,,,,,,,,,,,,,,,,,113089,0.037049200385808945
,,,34,,,,,,,,,,,,,,,,,,,,,,,,,,,,,113099,0.9977149963378906
,,,34,,,,,,,,,,,,,,,,,,,,,,,,,,,,,113109,0.002551204524934292
,,,34,,,,,,,,,,,,,,,,,,,,,,,,,,,,,113119,0.0016016080044209957
,,,34,,,,,,,,,,,,,,,,,,,,,,,,,,,,,113129,0.0008137516560964286
,,,34,,,,,,,,,,,,,,,,,,,,,,,,,,,,,113139,0.0019973956514149904
,,,34,,,,,,,,,,,,,,,,,,,,,,,,,,,,,113149,0.0016589061124250293
,,,34,,,,,,,,,,,,,,,,,,,,,,,,,,,,,113159,0.19336479902267456
,,,34,,,,,,,,,,,,,,,,,,,,,,,,,,,,,113169,0.003058713860809803
,,,34,,,,,,,,,,,,,,,,,,,,,,,,,,,,,113179,1.6244512796401978
,,,34,,,,,,,,,,,,,,,,,,,,,,,,,,,,,113189,0.23453448712825775
,,,34,,,,,,,,,,,,,,,,,,,,,,,,,,,,,113199,0.0027052382938563824
,,,34,,,,,,,,,,,,,,,,,,,,,,,,,,,,,113209,0.0014091822085902095
,,,34,,,,,,,,,,,,,,,,,,,,,,,,,,,,,113219,0.2322475165128708
,,,34,,,,,,,,,,,,,,,,,,,,,,,,,,,,,113229,0.0023284286726266146
,,,34,,,,,,,,,,,,,,,,,,,,,,,,,,,,,113239,0.012599151581525803
,,,34,,,,,,,,,,,,,,,,,,,,,,,,,,,,,113249,0.05024920776486397
,,,34,,,,,,,,,,,,,,,,,,,,,,,,,,,,,113259,0.0016782382735982537
,,,34,,,,,,,,,,,,,,,,,,,,,,,,,,,,,113269,1.3209515810012817
,,,34,,,,,,,,,,,,,,,,,,,,,,,,,,,,,113279,0.001112219295464456
,,,34,,,,,,,,,,,,,,,,,,,,,,,,,,,,,113289,0.0014803108060732484
,,,34,,,,,,,,,,,,,,,,,,,,,,,,,,,,,113299,0.001550166867673397
,,,34,,,,,,,,,,,,,,,,,,,,,,,,,,,,,113309,0.0017242160392925143
,,,34,,,,,,,,,,,,,,,,,,,,,,,,,,,,,113319,0.18263956904411316
,,,34,,,,,,,,,,,,,,,,,,,,,,,,,,,,,113329,0.019099507480859756
,,,34,,,,,,,,,,,,,,,,,,,,,,,,,,,,,113339,0.0015127507504075766
,,,34,,,,,,,,,,,,,,,,,,,,,,,,,,,,,113349,0.02784699946641922
,,,34,,,,,,,,,,,,,,,,,,,,,,,,,,,,,113359,0.008088716305792332
,,,34,,,,,,,,,,,,,,,,,,,,,,,,,,,,,113369,0.025369303300976753
,,,34,,,,,,,,,,,,,,,,,,,,,,,,,,,,,113379,0.23439545929431915
,,,34,,,,,,,,,,,,,,,,,,,,,,,,,,,,,113389,0.0013826352078467607
,,,34,,,,,,,,,,,,,,,,,,,,,,,,,,,,,113399,0.005792809184640646
,,,34,,,,,,,,,,,,,,,,,,,,,,,,,,,,,113409,0.009528733789920807
,,,34,,,,,,,,,,,,,,,,,,,,,,,,,,,,,113419,0.009916473180055618
,,,34,,,,,,,,,,,,,,,,,,,,,,,,,,,,,113429,0.029069339856505394
,,,34,,,,,,,,,,,,,,,,,,,,,,,,,,,,,113439,0.4900067150592804
,,,34,,,,,,,,,,,,,,,,,,,,,,,,,,,,,113449,0.5518622994422913
,,,34,,,,,,,,,,,,,,,,,,,,,,,,,,,,,113459,0.005189620424062014
,,,34,,,,,,,,,,,,,,,,,,,,,,,,,,,,,113469,0.12048365920782089
,,,34,,,,,,,,,,,,,,,,,,,,,,,,,,,,,113479,0.0016928883269429207
,,,34,,,,,,,,,,,,,,,,,,,,,,,,,,,,,113489,0.27904975414276123
,,,34,,,,,,,,,,,,,,,,,,,,,,,,,,,,,113499,0.003076930297538638
,,,34,,,,,,,,,,,,,,,,,,,,,,,,,,,,,113509,0.8740183711051941
,,,34,,,,,,,,,,,,,,,,,,,,,,,,,,,,,113519,0.013832423835992813
,,,34,,,,,,,,,,,,,,,,,,,,,,,,,,,,,113529,0.002069256268441677
,,,34,,,,,,,,,,,,,,,,,,,,,,,,,,,,,113539,0.0012042257003486156
,,,34,,,,,,,,,,,,,,,,,,,,,,,,,,,,,113549,0.005634726025164127
,,,34,,,,,,,,,,,,,,,,,,,,,,,,,,,,,113559,0.0023428467102348804
,,,34,,,,,,,,,,,,,,,,,,,,,,,,,,,,,113569,0.0020360006019473076
,,,34,,,,,,,,,,,,,,,,,,,,,,,,,,,,,113579,0.00446655135601759
,,,34,,,,,,,,,,,,,,,,,,,,,,,,,,,,,113589,0.0020152288489043713
,,,34,,,,,,,,,,,,,,,,,,,,,,,,,,,,,113599,0.20542657375335693
,,,34,,,,,,,,,,,,,,,,,,,,,,,,,,,,,113609,0.039110660552978516
,,,34,,,,,,,,,,,,,,,,,,,,,,,,,,,,,113619,0.0018354502972215414
,,,34,,,,,,,,,,,,,,,,,,,,,,,,,,,,,113629,0.021420596167445183
,,,34,,,,,,,,,,,,,,,,,,,,,,,,,,,,,113639,0.0009370761690661311
,,,34,,,,,,,,,,,,,,,,,,,,,,,,,,,,,113649,0.12053438276052475
,,,34,,,,,,,,,,,,,,,,,,,,,,,,,,,,,113659,0.0016800564480945468
,,,34,,,,,,,,,,,,,,,,,,,,,,,,,,,,,113669,0.00178038130979985
,,,34,,,,,,,,,,,,,,,,,,,,,,,,,,,,,113679,0.001642196555621922
,,,34,,,,,,,,,,,,,,,,,,,,,,,,,,,,,113689,0.053989142179489136
,,,34,,,,,,,,,,,,,,,,,,,,,,,,,,,,,113699,0.14381152391433716
,,,34,,,,,,,,,,,,,,,,,,,,,,,,,,,,,113709,0.001822410966269672
,,,34,,,,,,,,,,,,,,,,,,,,,,,,,,,,,113719,0.0008941710111685097
,,,34,,,,,,,,,,,,,,,,,,,,,,,,,,,,,113729,0.29661813378334045
,,,34,,,,,,,,,,,,,,,,,,,,,,,,,,,,,113739,0.0008217427530325949
,,,34,,,,,,,,,,,,,,,,,,,,,,,,,,,,,113749,0.0024005197919905186
,,,34,,,,,,,,,,,,,,,,,,,,,,,,,,,,,113759,0.03950579836964607
,,,34,,,,,,,,,,,,,,,,,,,,,,,,,,,,,113769,0.0017262330511584878
,,,34,,,,,,,,,,,,,,,,,,,,,,,,,,,,,113779,0.0024257006589323282
,,,34,,,,,,,,,,,,,,,,,,,,,,,,,,,,,113789,0.003458020044490695
,,,34,,,,,,,,,,,,,,,,,,,,,,,,,,,,,113799,0.0014367474941536784
,,,34,,,,,,,,,,,,,,,,,,,,,,,,,,,,,113809,0.0010371777461841702
,,,34,,,,,,,,,,,,,,,,,,,,,,,,,,,,,113819,0.02124672941863537
,,,34,,,,,,,,,,,,,,,,,,,,,,,,,,,,,113829,0.004927190952003002
,,,34,,,,,,,,,,,,,,,,,,,,,,,,,,,,,113839,0.005131754092872143
,,,34,,,,,,,,,,,,,,,,,,,,,,,,,,,,,113849,0.05424687638878822
,,,34,,,,,,,,,,,,,,,,,,,,,,,,,,,,,113859,0.0015288798604160547
,,,34,,,,,,,,,,,,,,,,,,,,,,,,,,,,,113869,0.0029913545586168766
,,,34,,,,,,,,,,,,,,,,,,,,,,,,,,,,,113879,0.0022047844249755144
,,,34,,,,,,,,,,,,,,,,,,,,,,,,,,,,,113889,0.003125137882307172
,,,34,,,,,,,,,,,,,,,,,,,,,,,,,,,,,113899,0.001524522085674107
,,,34,,,,,,,,,,,,,,,,,,,,,,,,,,,,,113909,0.0017106387531384826
,,,34,,,,,,,,,,,,,,,,,,,,,,,,,,,,,113919,0.0017923429841175675
,,,34,,,,,,,,,,,,,,,,,,,,,,,,,,,,,113929,0.008143213577568531
,,,34,,,,,,,,,,,,,,,,,,,,,,,,,,,,,113939,0.002531495178118348
,,,34,,,,,,,,,,,,,,,,,,,,,,,,,,,,,113949,0.39020800590515137
,,,34,,,,,,,,,,,,,,,,,,,,,,,,,,,,,113959,0.03266150504350662
,,,34,,,,,,,,,,,,,,,,,,,,,,,,,,,,,113969,0.004748827777802944
,,,34,,,,,,,,,,,,,,,,,,,,,,,,,,,,,113979,0.0013392085675150156
,,,34,,,,,,,,,,,,,,,,,,,,,,,,,,,,,113989,0.0032761082984507084
,,,34,,,,,,,,,,,,,,,,,,,,,,,,,,,,,113999,0.0011125780874863267
,,,34,,,,,,,,,,,,,,,,,,,,,,,,,,,,,114009,0.010674294084310532
,,,34,,,,,,,,,,,,,,,,,,,,,,,,,,,,,114019,0.00146004231646657
,,,34,,,,,,,,,,,,,,,,,,,,,,,,,,,,,114029,0.008855068124830723
,,,34,,,,,,,,,,,,,,,,,,,,,,,,,,,,,114039,0.001407219679094851
,,,34,,,,,,,,,,,,,,,,,,,,,,,,,,,,,114049,0.003909797873347998
,,,34,,,,,,,,,,,,,,,,,,,,,,,,,,,,,114059,0.0011748640099540353
,,,34,,,,,,,,,,,,,,,,,,,,,,,,,,,,,114069,0.009231971576809883
,,,34,,,,,,,,,,,,,,,,,,,,,,,,,,,,,114079,0.0015055245021358132
,,,34,,,,,,,,,,,,,,,,,,,,,,,,,,,,,114089,0.004700677935034037
,,,34,,,,,,,,,,,,,,,,,,,,,,,,,,,,,114099,0.0037964005023241043
,,,34,,,,,,,,,,,,,,,,,,,,,,,,,,,,,114109,0.006227365229278803
,,,34,,,,,,,,,,,,,,,,,,,,,,,,,,,,,114119,0.0012577978195622563
,,,34,,,,,,,,,,,,,,,,,,,,,,,,,,,,,114129,0.002391446614637971
,,,34,,,,,,,,,,,,,,,,,,,,,,,,,,,,,114139,0.0031094506848603487
,,,34,,,,,,,,,,,,,,,,,,,,,,,,,,,,,114149,0.0019842199981212616
,,,34,,,,,,,,,,,,,,,,,,,,,,,,,,,,,114159,0.009236571379005909
,,,34,,,,,,,,,,,,,,,,,,,,,,,,,,,,,114169,0.0014860443770885468
,,,34,,,,,,,,,,,,,,,,,,,,,,,,,,,,,114179,0.0008971355273388326
,,,34,,,,,,,,,,,,,,,,,,,,,,,,,,,,,114189,0.06646981835365295
,,,34,,,,,,,,,,,,,,,,,,,,,,,,,,,,,114199,0.10064072906970978
,,,34,,,,,,,,,,,,,,,,,,,,,,,,,,,,,114209,0.003372353734448552
,,,34,,,,,,,,,,,,,,,,,,,,,,,,,,,,,114219,0.0017563230358064175
,,,34,,,,,,,,,,,,,,,,,,,,,,,,,,,,,114229,0.02040727809071541
,,,34,,,,,,,,,,,,,,,,,,,,,,,,,,,,,114239,0.0012004328891634941
,,,34,,,,,,,,,,,,,,,,,,,,,,,,,,,,,114249,0.0011894929921254516
,,,34,,,,,,,,,,,,,,,,,,,,,,,,,,,,,114259,0.0024147680960595608
,,,34,,,,,,,,,,,,,,,,,,,,,,,,,,,,,114269,0.048458877950906754
,,,34,,,,,,,,,,,,,,,,,,,,,,,,,,,,,114279,0.0035942085087299347
,,,34,,,,,,,,,,,,,,,,,,,,,,,,,,,,,114289,0.0008884971030056477
,,,34,,,,,,,,,,,,,,,,,,,,,,,,,,,,,114299,0.0016668557655066252
,,,34,,,,,,,,,,,,,,,,,,,,,,,,,,,,,114309,0.0017613302916288376
,,,34,,,,,,,,,,,,,,,,,,,,,,,,,,,,,114319,0.0018909763311967254
,,,34,,,,,,,,,,,,,,,,,,,,,,,,,,,,,114329,0.0019609315786510706
,,,34,,,,,,,,,,,,,,,,,,,,,,,,,,,,,114339,0.004657228477299213
,,,34,,,,,,,,,,,,,,,,,,,,,,,,,,,,,114349,0.004109223373234272
,,,34,,,,,,,,,,,,,,,,,,,,,,,,,,,,,114359,0.003949888050556183
,,,34,,,,,,,,,,,,,,,,,,,,,,,,,,,,,114369,0.0021896923426538706
,,,34,,,,,,,,,,,,,,,,,,,,,,,,,,,,,114379,0.23432816565036774
,,,34,,,,,,,,,,,,,,,,,,,,,,,,,,,,,114389,0.002973384689539671
,,,34,,,,,,,,,,,,,,,,,,,,,,,,,,,,,114399,0.005291530396789312
,,,34,,,,,,,,,,,,,,,,,,,,,,,,,,,,,114409,0.0014786202227696776
,,,34,,,,,,,,,,,,,,,,,,,,,,,,,,,,,114419,0.004420619923621416
,,,34,,,,,,,,,,,,,,,,,,,,,,,,,,,,,114429,0.002466956153512001
,,,34,,,,,,,,,,,,,,,,,,,,,,,,,,,,,114439,0.0020735522266477346
,,,34,,,,,,,,,,,,,,,,,,,,,,,,,,,,,114449,0.009458397515118122
,,,34,,,,,,,,,,,,,,,,,,,,,,,,,,,,,114459,0.0026160129345953465
,,,34,,,,,,,,,,,,,,,,,,,,,,,,,,,,,114469,0.0015453941887244582
,,,34,,,,,,,,,,,,,,,,,,,,,,,,,,,,,114479,0.03194359317421913
,,,34,,,,,,,,,,,,,,,,,,,,,,,,,,,,,114489,0.0011391707230359316
,,,34,,,,,,,,,,,,,,,,,,,,,,,,,,,,,114499,0.08814338594675064
,,,34,,,,,,,,,,,,,,,,,,,,,,,,,,,,,114509,0.0005423970869742334
,,,34,,,,,,,,,,,,,,,,,,,,,,,,,,,,,114519,0.001481915358453989
,,,34,,,,,,,,,,,,,,,,,,,,,,,,,,,,,114529,0.007241264916956425
,,,34,,,,,,,,,,,,,,,,,,,,,,,,,,,,,114539,0.0010359840234741569
,,,34,,,,,,,,,,,,,,,,,,,,,,,,,,,,,114549,0.033694472163915634
,,,34,,,,,,,,,,,,,,,,,,,,,,,,,,,,,114559,0.030171001330018044
,,,34,,,,,,,,,,,,,,,,,,,,,,,,,,,,,114569,0.0024270040448755026
,,,34,,,,,,,,,,,,,,,,,,,,,,,,,,,,,114579,0.0027838051319122314
,,,34,,,,,,,,,,,,,,,,,,,,,,,,,,,,,114589,0.029274040833115578
,,,34,,,,,,,,,,,,,,,,,,,,,,,,,,,,,114599,0.0016774204559624195
,,,34,,,,,,,,,,,,,,,,,,,,,,,,,,,,,114609,0.0015503723407164216
,,,34,,,,,,,,,,,,,,,,,,,,,,,,,,,,,114619,0.014211040921509266
,,,34,,,,,,,,,,,,,,,,,,,,,,,,,,,,,114629,0.00174773542676121
,,,34,,,,,,,,,,,,,,,,,,,,,,,,,,,,,114639,0.01801285520195961
,,,34,,,,,,,,,,,,,,,,,,,,,,,,,,,,,114649,0.21244990825653076
,,,34,,,,,,,,,,,,,,,,,,,,,,,,,,,,,114659,0.32915112376213074
,,,34,,,,,,,,,,,,,,,,,,,,,,,,,,,,,114669,0.542998731136322
,,,34,,,,,,,,,,,,,,,,,,,,,,,,,,,,,114679,0.0029717267025262117
,,,34,,,,,,,,,,,,,,,,,,,,,,,,,,,,,114689,0.010858586989343166
,,,34,,,,,,,,,,,,,,,,,,,,,,,,,,,,,114699,0.0008796661859378219
,,,34,,,,,,,,,,,,,,,,,,,,,,,,,,,,,114709,0.0010581354144960642
,,,34,,,,,,,,,,,,,,,,,,,,,,,,,,,,,114719,0.4357866644859314
,,,34,,,,,,,,,,,,,,,,,,,,,,,,,,,,,114729,0.018961211666464806
,,,34,,,,,,,,,,,,,,,,,,,,,,,,,,,,,114739,0.003547308500856161
,,,34,,,,,,,,,,,,,,,,,,,,,,,,,,,,,114749,0.06486229598522186
,,,34,,,,,,,,,,,,,,,,,,,,,,,,,,,,,114759,0.0022585901897400618
,,,34,,,,,,,,,,,,,,,,,,,,,,,,,,,,,114769,0.003466192167252302
,,,34,,,,,,,,,,,,,,,,,,,,,,,,,,,,,114779,0.002846807474270463
,,,34,,,,,,,,,,,,,,,,,,,,,,,,,,,,,114789,0.006720520555973053
,,,34,,,,,,,,,,,,,,,,,,,,,,,,,,,,,114799,0.0032579468097537756
,,,34,,,,,,,,,,,,,,,,,,,,,,,,,,,,,114809,0.0013755172258242965
,,,34,,,,,,,,,,,,,,,,,,,,,,,,,,,,,114819,0.013294409960508347
,,,34,,,,,,,,,,,,,,,,,,,,,,,,,,,,,114829,0.013592295348644257
,,,34,,,,,,,,,,,,,,,,,,,,,,,,,,,,,114839,0.00513354130089283
,,,34,,,,,,,,,,,,,,,,,,,,,,,,,,,,,114849,0.010653877630829811
,,,34,,,,,,,,,,,,,,,,,,,,,,,,,,,,,114859,0.21311424672603607
,,,34,,,,,,,,,,,,,,,,,,,,,,,,,,,,,114869,0.031908757984638214
,,,34,,,,,,,,,,,,,,,,,,,,,,,,,,,,,114879,0.04743698239326477
,,,34,,,,,,,,,,,,,,,,,,,,,,,,,,,,,114889,0.0017746605444699526
,,,34,,,,,,,,,,,,,,,,,,,,,,,,,,,,,114899,0.0015740172239020467
,,,34,,,,,,,,,,,,,,,,,,,,,,,,,,,,,114909,0.002227514749392867
,,,34,,,,,,,,,,,,,,,,,,,,,,,,,,,,,114919,0.2271159291267395
,,,34,,,,,,,,,,,,,,,,,,,,,,,,,,,,,114929,0.8056303262710571
,,,34,,,,,,,,,,,,,,,,,,,,,,,,,,,,,114939,0.00706127192825079
,,,34,,,,,,,,,,,,,,,,,,,,,,,,,,,,,114949,0.03662901371717453
,,,34,,,,,,,,,,,,,,,,,,,,,,,,,,,,,114959,0.00261764507740736
,,,34,,,,,,,,,,,,,,,,,,,,,,,,,,,,,114969,0.41376397013664246
,,,34,,,,,,,,,,,,,,,,,,,,,,,,,,,,,114979,0.003712467383593321
,,,34,,,,,,,,,,,,,,,,,,,,,,,,,,,,,114989,0.002031138399615884
,,,34,,,,,,,,,,,,,,,,,,,,,,,,,,,,,114999,0.12778864800930023
,,,34,,,,,,,,,,,,,,,,,,,,,,,,,,,,,115009,0.24886567890644073
,,,34,,,,,,,,,,,,,,,,,,,,,,,,,,,,,115019,0.005871394649147987
,,,34,,,,,,,,,,,,,,,,,,,,,,,,,,,,,115029,0.00200205622240901
,,,34,,,,,,,,,,,,,,,,,,,,,,,,,,,,,115039,0.002222011098638177
,,,34,,,,,,,,,,,,,,,,,,,,,,,,,,,,,115049,0.007442648056894541
,,,34,,,,,,,,,,,,,,,,,,,,,,,,,,,,,115059,0.0042817979119718075
,,,34,,,,,,,,,,,,,,,,,,,,,,,,,,,,,115069,0.003295967122539878
,,,34,,,,,,,,,,,,,,,,,,,,,,,,,,,,,115079,0.004858268424868584
,,,34,,,,,,,,,,,,,,,,,,,,,,,,,,,,,115089,0.003729903372004628
,,,34,,,,,,,,,,,,,,,,,,,,,,,,,,,,,115099,0.001257722033187747
,,,34,,,,,,,,,,,,,,,,,,,,,,,,,,,,,115109,0.001321317977271974
,,,34,,,,,,,,,,,,,,,,,,,,,,,,,,,,,115119,0.000745758879929781
,,,34,,,,,,,,,,,,,,,,,,,,,,,,,,,,,115129,0.0015745785785838962
,,,34,,,,,,,,,,,,,,,,,,,,,,,,,,,,,115139,0.001901595969684422
,,,34,,,,,,,,,,,,,,,,,,,,,,,,,,,,,115149,0.038132522255182266
,,,34,,,,,,,,,,,,,,,,,,,,,,,,,,,,,115159,0.0018750192830339074
,,,34,,,,,,,,,,,,,,,,,,,,,,,,,,,,,115169,0.005034340545535088
,,,34,,,,,,,,,,,,,,,,,,,,,,,,,,,,,115179,0.024872738867998123
,,,34,,,,,,,,,,,,,,,,,,,,,,,,,,,,,115189,0.20539264380931854
,,,34,,,,,,,,,,,,,,,,,,,,,,,,,,,,,115199,0.021213022992014885
,,,34,,,,,,,,,,,,,,,,,,,,,,,,,,,,,115209,0.002337381709367037
,,,34,,,,,,,,,,,,,,,,,,,,,,,,,,,,,115219,0.23552700877189636
,,,34,,,,,,,,,,,,,,,,,,,,,,,,,,,,,115229,0.018910646438598633
,,,34,,,,,,,,,,,,,,,,,,,,,,,,,,,,,115239,0.0014806806575506926
,,,34,,,,,,,,,,,,,,,,,,,,,,,,,,,,,115249,0.004756482318043709
,,,34,,,,,,,,,,,,,,,,,,,,,,,,,,,,,115259,0.08646851032972336
,,,34,,,,,,,,,,,,,,,,,,,,,,,,,,,,,115269,0.0022537396289408207
,,,34,,,,,,,,,,,,,,,,,,,,,,,,,,,,,115279,0.03158316761255264
,,,34,,,,,,,,,,,,,,,,,,,,,,,,,,,,,115289,0.6985792517662048
,,,34,,,,,,,,,,,,,,,,,,,,,,,,,,,,,115299,0.028356920927762985
,,,34,,,,,,,,,,,,,,,,,,,,,,,,,,,,,115309,0.0017449993174523115
,,,34,,,,,,,,,,,,,,,,,,,,,,,,,,,,,115319,0.0015584609936922789
,,,34,,,,,,,,,,,,,,,,,,,,,,,,,,,,,115329,0.005398835986852646
,,,34,,,,,,,,,,,,,,,,,,,,,,,,,,,,,115339,0.0026786832604557276
,,,34,,,,,,,,,,,,,,,,,,,,,,,,,,,,,115349,0.001968533033505082
,,,34,,,,,,,,,,,,,,,,,,,,,,,,,,,,,115359,0.002400411758571863
,,,34,,,,,,,,,,,,,,,,,,,,,,,,,,,,,115369,0.0016232446068897843
,,,34,,,,,,,,,,,,,,,,,,,,,,,,,,,,,115379,0.0015236246399581432
,,,34,,,,,,,,,,,,,,,,,,,,,,,,,,,,,115389,0.00138505594804883
,,,34,,,,,,,,,,,,,,,,,,,,,,,,,,,,,115399,0.0005989905330352485
,,,34,,,,,,,,,,,,,,,,,,,,,,,,,,,,,115409,0.0024826349690556526
,,,34,,,,,,,,,,,,,,,,,,,,,,,,,,,,,115419,0.20157061517238617
,,,34,,,,,,,,,,,,,,,,,,,,,,,,,,,,,115429,0.023067990317940712
,,,34,,,,,,,,,,,,,,,,,,,,,,,,,,,,,115439,0.0019646810833364725
,,,34,,,,,,,,,,,,,,,,,,,,,,,,,,,,,115449,0.6039201021194458
,,,34,,,,,,,,,,,,,,,,,,,,,,,,,,,,,115459,0.002308459021151066
,,,34,,,,,,,,,,,,,,,,,,,,,,,,,,,,,115469,0.001716210157610476
,,,34,,,,,,,,,,,,,,,,,,,,,,,,,,,,,115479,0.0010987267596647143
,,,34,,,,,,,,,,,,,,,,,,,,,,,,,,,,,115489,0.01087968796491623
,,,34,,,,,,,,,,,,,,,,,,,,,,,,,,,,,115499,0.02224930003285408
,,,34,,,,,,,,,,,,,,,,,,,,,,,,,,,,,115509,0.005920534487813711
,,,34,,,,,,,,,,,,,,,,,,,,,,,,,,,,,115519,0.5204475522041321
,,,34,,,,,,,,,,,,,,,,,,,,,,,,,,,,,115529,0.006352083291858435
,,,34,,,,,,,,,,,,,,,,,,,,,,,,,,,,,115539,0.0017723392229527235
,,,34,,,,,,,,,,,,,,,,,,,,,,,,,,,,,115549,0.0021554206032305956
,,,34,,,,,,,,,,,,,,,,,,,,,,,,,,,,,115559,0.00155719427857548
,,,34,,,,,,,,,,,,,,,,,,,,,,,,,,,,,115569,0.04016991704702377
,,,34,,,,,,,,,,,,,,,,,,,,,,,,,,,,,115579,0.0017658937722444534
,,,34,,,,,,,,,,,,,,,,,,,,,,,,,,,,,115589,0.0008373635355383158
,,,34,,,,,,,,,,,,,,,,,,,,,,,,,,,,,115599,0.0033471498172730207
,,,34,,,,,,,,,,,,,,,,,,,,,,,,,,,,,115609,0.03806811943650246
,,,34,,,,,,,,,,,,,,,,,,,,,,,,,,,,,115619,0.005836711265146732
,,,34,,,,,,,,,,,,,,,,,,,,,,,,,,,,,115629,0.1437133103609085
,,,34,,,,,,,,,,,,,,,,,,,,,,,,,,,,,115639,0.013094489462673664
,,,34,,,,,,,,,,,,,,,,,,,,,,,,,,,,,115649,0.1127033457159996
,,,34,,,,,,,,,,,,,,,,,,,,,,,,,,,,,115659,0.0028897966258227825
,,,34,,,,,,,,,,,,,,,,,,,,,,,,,,,,,115669,0.0032445162069052458
,,,34,,,,,,,,,,,,,,,,,,,,,,,,,,,,,115679,0.008977343328297138
,,,34,,,,,,,,,,,,,,,,,,,,,,,,,,,,,115689,0.09314215928316116
,,,34,,,,,,,,,,,,,,,,,,,,,,,,,,,,,115699,0.00048460898688063025
,,,34,,,,,,,,,,,,,,,,,,,,,,,,,,,,,115709,0.0012983828783035278
,,,34,,,,,,,,,,,,,,,,,,,,,,,,,,,,,115719,0.0006525822100229561
,,,34,,,,,,,,,,,,,,,,,,,,,,,,,,,,,115729,0.04696711525321007
,,,34,,,,,,,,,,,,,,,,,,,,,,,,,,,,,115739,0.0025562800001353025
,,,34,,,,,,,,,,,,,,,,,,,,,,,,,,,,,115749,0.0029139015823602676
,,,34,,,,,,,,,,,,,,,,,,,,,,,,,,,,,115759,0.004523729905486107
,,,34,,,,,,,,,,,,,,,,,,,,,,,,,,,,,115769,0.0016096292529255152
,,,34,,,,,,,,,,,,,,,,,,,,,,,,,,,,,115779,0.0015482483431696892
,,,34,,,,,,,,,,,,,,,,,,,,,,,,,,,,,115789,0.001833728514611721
,,,34,,,,,,,,,,,,,,,,,,,,,,,,,,,,,115799,0.0010924926027655602
,,,34,,,,,,,,,,,,,,,,,,,,,,,,,,,,,115809,0.008412236347794533
,,,34,,,,,,,,,,,,,,,,,,,,,,,,,,,,,115819,0.029608948156237602
,,,34,,,,,,,,,,,,,,,,,,,,,,,,,,,,,115829,0.33878767490386963
,,,34,,,,,,,,,,,,,,,,,,,,,,,,,,,,,115839,0.0019872391130775213
,,,34,,,,,,,,,,,,,,,,,,,,,,,,,,,,,115849,0.0014131624484434724
0.8978805541992188,0.8944337964057922,0.9013539552688599,34,,,,,,,,,,,,,,,,,,,,,,,,,,,,,115850,
,,,,1.4220022657764295e-07,7.966120322265632e-07,1.225556972656251e-06,1.225556972656251e-06,1.8854722656250013e-06,1.8854722656250013e-06,2.900726562500002e-06,2.900726562500002e-06,4.4626562500000025e-06,4.4626562500000025e-06,6.865625000000004e-06,1.4220022657764295e-07,6.865625000000004e-06,1.0562500000000006e-05,1.0562500000000006e-05,1.625000000000001e-05,1.625000000000001e-05,2.500000000000001e-05,2.500000000000001e-05,2.500000000000001e-05,2.500000000000001e-05,2.187695793502199e-07,2.187695793502199e-07,3.3656858361572296e-07,3.3656858361572296e-07,5.17797820947266e-07,5.17797820947266e-07,7.966120322265632e-07,115851,
,,,35,,,,,,,,,,,,,,,,,,,,,,,,,,,,,115859,0.38298550248146057
,,,35,,,,,,,,,,,,,,,,,,,,,,,,,,,,,115869,0.007233056705445051
,,,35,,,,,,,,,,,,,,,,,,,,,,,,,,,,,115879,0.002006500493735075
,,,35,,,,,,,,,,,,,,,,,,,,,,,,,,,,,115889,0.0032078023068606853
,,,35,,,,,,,,,,,,,,,,,,,,,,,,,,,,,115899,0.002264399314299226
,,,35,,,,,,,,,,,,,,,,,,,,,,,,,,,,,115909,0.007818429730832577
,,,35,,,,,,,,,,,,,,,,,,,,,,,,,,,,,115919,0.0023499776143580675
,,,35,,,,,,,,,,,,,,,,,,,,,,,,,,,,,115929,0.003609000239521265
,,,35,,,,,,,,,,,,,,,,,,,,,,,,,,,,,115939,0.004620743915438652
,,,35,,,,,,,,,,,,,,,,,,,,,,,,,,,,,115949,0.0035656329710036516
,,,35,,,,,,,,,,,,,,,,,,,,,,,,,,,,,115959,0.0019620596431195736
,,,35,,,,,,,,,,,,,,,,,,,,,,,,,,,,,115969,0.15572699904441833
,,,35,,,,,,,,,,,,,,,,,,,,,,,,,,,,,115979,0.0016000893665477633
,,,35,,,,,,,,,,,,,,,,,,,,,,,,,,,,,115989,0.519591212272644
,,,35,,,,,,,,,,,,,,,,,,,,,,,,,,,,,115999,0.35330674052238464
,,,35,,,,,,,,,,,,,,,,,,,,,,,,,,,,,116009,0.001955850748345256
,,,35,,,,,,,,,,,,,,,,,,,,,,,,,,,,,116019,0.010799488052725792
,,,35,,,,,,,,,,,,,,,,,,,,,,,,,,,,,116029,0.00785458367317915
,,,35,,,,,,,,,,,,,,,,,,,,,,,,,,,,,116039,0.002731801476329565
,,,35,,,,,,,,,,,,,,,,,,,,,,,,,,,,,116049,0.13276155292987823
,,,35,,,,,,,,,,,,,,,,,,,,,,,,,,,,,116059,0.0034575974568724632
,,,35,,,,,,,,,,,,,,,,,,,,,,,,,,,,,116069,0.0009413569350726902
,,,35,,,,,,,,,,,,,,,,,,,,,,,,,,,,,116079,0.001895896508358419
,,,35,,,,,,,,,,,,,,,,,,,,,,,,,,,,,116089,0.22715452313423157
,,,35,,,,,,,,,,,,,,,,,,,,,,,,,,,,,116099,0.003204906824976206
,,,35,,,,,,,,,,,,,,,,,,,,,,,,,,,,,116109,0.0031695032957941294
,,,35,,,,,,,,,,,,,,,,,,,,,,,,,,,,,116119,0.13777919113636017
,,,35,,,,,,,,,,,,,,,,,,,,,,,,,,,,,116129,0.0010980366496369243
,,,35,,,,,,,,,,,,,,,,,,,,,,,,,,,,,116139,0.17726202309131622
,,,35,,,,,,,,,,,,,,,,,,,,,,,,,,,,,116149,0.001686349743977189
,,,35,,,,,,,,,,,,,,,,,,,,,,,,,,,,,116159,0.002777883317321539
,,,35,,,,,,,,,,,,,,,,,,,,,,,,,,,,,116169,0.004060048144310713
,,,35,,,,,,,,,,,,,,,,,,,,,,,,,,,,,116179,0.021345864981412888
,,,35,,,,,,,,,,,,,,,,,,,,,,,,,,,,,116189,0.0014606035547330976
,,,35,,,,,,,,,,,,,,,,,,,,,,,,,,,,,116199,0.002633617026731372
,,,35,,,,,,,,,,,,,,,,,,,,,,,,,,,,,116209,0.002303245710209012
,,,35,,,,,,,,,,,,,,,,,,,,,,,,,,,,,116219,0.13410182297229767
,,,35,,,,,,,,,,,,,,,,,,,,,,,,,,,,,116229,0.0011909592431038618
,,,35,,,,,,,,,,,,,,,,,,,,,,,,,,,,,116239,0.0015683589735999703
,,,35,,,,,,,,,,,,,,,,,,,,,,,,,,,,,116249,0.0010418237652629614
,,,35,,,,,,,,,,,,,,,,,,,,,,,,,,,,,116259,0.002976023592054844
,,,35,,,,,,,,,,,,,,,,,,,,,,,,,,,,,116269,0.0014142123982310295
,,,35,,,,,,,,,,,,,,,,,,,,,,,,,,,,,116279,0.0013580904342234135
,,,35,,,,,,,,,,,,,,,,,,,,,,,,,,,,,116289,0.00578301353380084
,,,35,,,,,,,,,,,,,,,,,,,,,,,,,,,,,116299,0.0030421291012316942
,,,35,,,,,,,,,,,,,,,,,,,,,,,,,,,,,116309,0.0018902607262134552
,,,35,,,,,,,,,,,,,,,,,,,,,,,,,,,,,116319,0.5496633052825928
,,,35,,,,,,,,,,,,,,,,,,,,,,,,,,,,,116329,0.003837194759398699
,,,35,,,,,,,,,,,,,,,,,,,,,,,,,,,,,116339,0.0029227810446172953
,,,35,,,,,,,,,,,,,,,,,,,,,,,,,,,,,116349,0.0031168072018772364
,,,35,,,,,,,,,,,,,,,,,,,,,,,,,,,,,116359,0.0015045622130855918
,,,35,,,,,,,,,,,,,,,,,,,,,,,,,,,,,116369,0.0017676999559625983
,,,35,,,,,,,,,,,,,,,,,,,,,,,,,,,,,116379,0.002718656789511442
,,,35,,,,,,,,,,,,,,,,,,,,,,,,,,,,,116389,0.0015517938882112503
,,,35,,,,,,,,,,,,,,,,,,,,,,,,,,,,,116399,0.14354833960533142
,,,35,,,,,,,,,,,,,,,,,,,,,,,,,,,,,116409,0.0015279563376680017
,,,35,,,,,,,,,,,,,,,,,,,,,,,,,,,,,116419,0.14312101900577545
,,,35,,,,,,,,,,,,,,,,,,,,,,,,,,,,,116429,0.0017498679226264358
,,,35,,,,,,,,,,,,,,,,,,,,,,,,,,,,,116439,0.0010915102902799845
,,,35,,,,,,,,,,,,,,,,,,,,,,,,,,,,,116449,0.0032178231049329042
,,,35,,,,,,,,,,,,,,,,,,,,,,,,,,,,,116459,0.0034150974825024605
,,,35,,,,,,,,,,,,,,,,,,,,,,,,,,,,,116469,0.0016107662813737988
,,,35,,,,,,,,,,,,,,,,,,,,,,,,,,,,,116479,0.004923004191368818
,,,35,,,,,,,,,,,,,,,,,,,,,,,,,,,,,116489,0.03884982690215111
,,,35,,,,,,,,,,,,,,,,,,,,,,,,,,,,,116499,0.0021850327029824257
,,,35,,,,,,,,,,,,,,,,,,,,,,,,,,,,,116509,0.0038761880714446306
,,,35,,,,,,,,,,,,,,,,,,,,,,,,,,,,,116519,0.002267212141305208
,,,35,,,,,,,,,,,,,,,,,,,,,,,,,,,,,116529,0.06467657536268234
,,,35,,,,,,,,,,,,,,,,,,,,,,,,,,,,,116539,0.0017147066537290812
,,,35,,,,,,,,,,,,,,,,,,,,,,,,,,,,,116549,0.0011813445016741753
,,,35,,,,,,,,,,,,,,,,,,,,,,,,,,,,,116559,0.0012543107150122523
,,,35,,,,,,,,,,,,,,,,,,,,,,,,,,,,,116569,0.001675084582529962
,,,35,,,,,,,,,,,,,,,,,,,,,,,,,,,,,116579,0.09467457979917526
,,,35,,,,,,,,,,,,,,,,,,,,,,,,,,,,,116589,0.0011673967819660902
,,,35,,,,,,,,,,,,,,,,,,,,,,,,,,,,,116599,0.0019555026665329933
,,,35,,,,,,,,,,,,,,,,,,,,,,,,,,,,,116609,0.0042333356104791164
,,,35,,,,,,,,,,,,,,,,,,,,,,,,,,,,,116619,0.47320878505706787
,,,35,,,,,,,,,,,,,,,,,,,,,,,,,,,,,116629,0.014126371592283249
,,,35,,,,,,,,,,,,,,,,,,,,,,,,,,,,,116639,0.0013739357236772776
,,,35,,,,,,,,,,,,,,,,,,,,,,,,,,,,,116649,0.0012530795065686107
,,,35,,,,,,,,,,,,,,,,,,,,,,,,,,,,,116659,0.0020195452962070704
,,,35,,,,,,,,,,,,,,,,,,,,,,,,,,,,,116669,0.010256830602884293
,,,35,,,,,,,,,,,,,,,,,,,,,,,,,,,,,116679,0.09034773707389832
,,,35,,,,,,,,,,,,,,,,,,,,,,,,,,,,,116689,0.002004000823944807
,,,35,,,,,,,,,,,,,,,,,,,,,,,,,,,,,116699,0.23478566110134125
,,,35,,,,,,,,,,,,,,,,,,,,,,,,,,,,,116709,0.001391631318256259
,,,35,,,,,,,,,,,,,,,,,,,,,,,,,,,,,116719,0.0022228409070521593
,,,35,,,,,,,,,,,,,,,,,,,,,,,,,,,,,116729,0.0025492713321000338
,,,35,,,,,,,,,,,,,,,,,,,,,,,,,,,,,116739,0.006096768192946911
,,,35,,,,,,,,,,,,,,,,,,,,,,,,,,,,,116749,0.001137863495387137
,,,35,,,,,,,,,,,,,,,,,,,,,,,,,,,,,116759,0.014405854046344757
,,,35,,,,,,,,,,,,,,,,,,,,,,,,,,,,,116769,0.08266334980726242
,,,35,,,,,,,,,,,,,,,,,,,,,,,,,,,,,116779,0.0010663233697414398
,,,35,,,,,,,,,,,,,,,,,,,,,,,,,,,,,116789,0.0017656221752986312
,,,35,,,,,,,,,,,,,,,,,,,,,,,,,,,,,116799,0.005503124091774225
,,,35,,,,,,,,,,,,,,,,,,,,,,,,,,,,,116809,0.0014359700726345181
,,,35,,,,,,,,,,,,,,,,,,,,,,,,,,,,,116819,0.006300040520727634
,,,35,,,,,,,,,,,,,,,,,,,,,,,,,,,,,116829,0.12361079454421997
,,,35,,,,,,,,,,,,,,,,,,,,,,,,,,,,,116839,0.0012845736928284168
,,,35,,,,,,,,,,,,,,,,,,,,,,,,,,,,,116849,0.0037124543450772762
,,,35,,,,,,,,,,,,,,,,,,,,,,,,,,,,,116859,0.133907288312912
,,,35,,,,,,,,,,,,,,,,,,,,,,,,,,,,,116869,0.6780227422714233
,,,35,,,,,,,,,,,,,,,,,,,,,,,,,,,,,116879,0.001439820509403944
,,,35,,,,,,,,,,,,,,,,,,,,,,,,,,,,,116889,0.001763765118084848
,,,35,,,,,,,,,,,,,,,,,,,,,,,,,,,,,116899,0.0016778799472376704
,,,35,,,,,,,,,,,,,,,,,,,,,,,,,,,,,116909,0.003621172159910202
,,,35,,,,,,,,,,,,,,,,,,,,,,,,,,,,,116919,0.4666120707988739
,,,35,,,,,,,,,,,,,,,,,,,,,,,,,,,,,116929,0.0014571482315659523
,,,35,,,,,,,,,,,,,,,,,,,,,,,,,,,,,116939,0.09627430140972137
,,,35,,,,,,,,,,,,,,,,,,,,,,,,,,,,,116949,0.0028357969131320715
,,,35,,,,,,,,,,,,,,,,,,,,,,,,,,,,,116959,1.7153904438018799
,,,35,,,,,,,,,,,,,,,,,,,,,,,,,,,,,116969,0.039645712822675705
,,,35,,,,,,,,,,,,,,,,,,,,,,,,,,,,,116979,0.0029505277052521706
,,,35,,,,,,,,,,,,,,,,,,,,,,,,,,,,,116989,0.007988382130861282
,,,35,,,,,,,,,,,,,,,,,,,,,,,,,,,,,116999,0.0011007065186277032
,,,35,,,,,,,,,,,,,,,,,,,,,,,,,,,,,117009,0.0015118890441954136
,,,35,,,,,,,,,,,,,,,,,,,,,,,,,,,,,117019,0.001283989637158811
,,,35,,,,,,,,,,,,,,,,,,,,,,,,,,,,,117029,0.006577168125659227
,,,35,,,,,,,,,,,,,,,,,,,,,,,,,,,,,117039,0.001167517388239503
,,,35,,,,,,,,,,,,,,,,,,,,,,,,,,,,,117049,0.07410769164562225
,,,35,,,,,,,,,,,,,,,,,,,,,,,,,,,,,117059,0.0014457134529948235
,,,35,,,,,,,,,,,,,,,,,,,,,,,,,,,,,117069,0.004227058496326208
,,,35,,,,,,,,,,,,,,,,,,,,,,,,,,,,,117079,0.0010179850505664945
,,,35,,,,,,,,,,,,,,,,,,,,,,,,,,,,,117089,0.0016263783909380436
,,,35,,,,,,,,,,,,,,,,,,,,,,,,,,,,,117099,0.0015460478607565165
,,,35,,,,,,,,,,,,,,,,,,,,,,,,,,,,,117109,0.003148383693769574
,,,35,,,,,,,,,,,,,,,,,,,,,,,,,,,,,117119,0.3613777756690979
,,,35,,,,,,,,,,,,,,,,,,,,,,,,,,,,,117129,0.046813007444143295
,,,35,,,,,,,,,,,,,,,,,,,,,,,,,,,,,117139,0.004389679990708828
,,,35,,,,,,,,,,,,,,,,,,,,,,,,,,,,,117149,0.000873316777870059
,,,35,,,,,,,,,,,,,,,,,,,,,,,,,,,,,117159,0.002710721455514431
,,,35,,,,,,,,,,,,,,,,,,,,,,,,,,,,,117169,0.5261769890785217
,,,35,,,,,,,,,,,,,,,,,,,,,,,,,,,,,117179,0.0016940872883424163
,,,35,,,,,,,,,,,,,,,,,,,,,,,,,,,,,117189,0.0064561627805233
,,,35,,,,,,,,,,,,,,,,,,,,,,,,,,,,,117199,0.004384949803352356
,,,35,,,,,,,,,,,,,,,,,,,,,,,,,,,,,117209,0.035940635949373245
,,,35,,,,,,,,,,,,,,,,,,,,,,,,,,,,,117219,0.09946008026599884
,,,35,,,,,,,,,,,,,,,,,,,,,,,,,,,,,117229,1.0673587322235107
,,,35,,,,,,,,,,,,,,,,,,,,,,,,,,,,,117239,0.0037881394382566214
,,,35,,,,,,,,,,,,,,,,,,,,,,,,,,,,,117249,0.00184783642180264
,,,35,,,,,,,,,,,,,,,,,,,,,,,,,,,,,117259,0.0030397300142794847
,,,35,,,,,,,,,,,,,,,,,,,,,,,,,,,,,117269,0.003664779243990779
,,,35,,,,,,,,,,,,,,,,,,,,,,,,,,,,,117279,0.0019714822992682457
,,,35,,,,,,,,,,,,,,,,,,,,,,,,,,,,,117289,0.003979693166911602
,,,35,,,,,,,,,,,,,,,,,,,,,,,,,,,,,117299,0.0004688897170126438
,,,35,,,,,,,,,,,,,,,,,,,,,,,,,,,,,117309,0.06975657492876053
,,,35,,,,,,,,,,,,,,,,,,,,,,,,,,,,,117319,0.002207320649176836
,,,35,,,,,,,,,,,,,,,,,,,,,,,,,,,,,117329,0.002677567768841982
,,,35,,,,,,,,,,,,,,,,,,,,,,,,,,,,,117339,0.0038049789145588875
,,,35,,,,,,,,,,,,,,,,,,,,,,,,,,,,,117349,0.0012425226159393787
,,,35,,,,,,,,,,,,,,,,,,,,,,,,,,,,,117359,0.0033935222309082747
,,,35,,,,,,,,,,,,,,,,,,,,,,,,,,,,,117369,0.001754555618390441
,,,35,,,,,,,,,,,,,,,,,,,,,,,,,,,,,117379,0.0015257331542670727
,,,35,,,,,,,,,,,,,,,,,,,,,,,,,,,,,117389,0.05391889810562134
,,,35,,,,,,,,,,,,,,,,,,,,,,,,,,,,,117399,0.0011975240195170045
,,,35,,,,,,,,,,,,,,,,,,,,,,,,,,,,,117409,0.005455895327031612
,,,35,,,,,,,,,,,,,,,,,,,,,,,,,,,,,117419,0.0011820869985967875
,,,35,,,,,,,,,,,,,,,,,,,,,,,,,,,,,117429,0.008902187459170818
,,,35,,,,,,,,,,,,,,,,,,,,,,,,,,,,,117439,0.0015766144497320056
,,,35,,,,,,,,,,,,,,,,,,,,,,,,,,,,,117449,0.0023102047853171825
,,,35,,,,,,,,,,,,,,,,,,,,,,,,,,,,,117459,0.0021183581557124853
,,,35,,,,,,,,,,,,,,,,,,,,,,,,,,,,,117469,0.002850379329174757
,,,35,,,,,,,,,,,,,,,,,,,,,,,,,,,,,117479,0.04612533748149872
,,,35,,,,,,,,,,,,,,,,,,,,,,,,,,,,,117489,0.001416109735146165
,,,35,,,,,,,,,,,,,,,,,,,,,,,,,,,,,117499,0.0018826228333637118
,,,35,,,,,,,,,,,,,,,,,,,,,,,,,,,,,117509,0.003169386414811015
,,,35,,,,,,,,,,,,,,,,,,,,,,,,,,,,,117519,0.010970859788358212
,,,35,,,,,,,,,,,,,,,,,,,,,,,,,,,,,117529,0.1505846232175827
,,,35,,,,,,,,,,,,,,,,,,,,,,,,,,,,,117539,0.001838861731812358
,,,35,,,,,,,,,,,,,,,,,,,,,,,,,,,,,117549,0.0018529611406847835
,,,35,,,,,,,,,,,,,,,,,,,,,,,,,,,,,117559,0.004633196629583836
,,,35,,,,,,,,,,,,,,,,,,,,,,,,,,,,,117569,0.434584379196167
,,,35,,,,,,,,,,,,,,,,,,,,,,,,,,,,,117579,0.0018724714173004031
,,,35,,,,,,,,,,,,,,,,,,,,,,,,,,,,,117589,0.011456341482698917
,,,35,,,,,,,,,,,,,,,,,,,,,,,,,,,,,117599,0.0009261766099371016
,,,35,,,,,,,,,,,,,,,,,,,,,,,,,,,,,117609,0.04729766026139259
,,,35,,,,,,,,,,,,,,,,,,,,,,,,,,,,,117619,0.0014223989564925432
,,,35,,,,,,,,,,,,,,,,,,,,,,,,,,,,,117629,0.0018696932820603251
,,,35,,,,,,,,,,,,,,,,,,,,,,,,,,,,,117639,0.0014106471790000796
,,,35,,,,,,,,,,,,,,,,,,,,,,,,,,,,,117649,0.24490399658679962
,,,35,,,,,,,,,,,,,,,,,,,,,,,,,,,,,117659,0.0019243977731093764
,,,35,,,,,,,,,,,,,,,,,,,,,,,,,,,,,117669,0.0013521555811166763
,,,35,,,,,,,,,,,,,,,,,,,,,,,,,,,,,117679,0.003496074117720127
,,,35,,,,,,,,,,,,,,,,,,,,,,,,,,,,,117689,0.0012914118124172091
,,,35,,,,,,,,,,,,,,,,,,,,,,,,,,,,,117699,0.04674213379621506
,,,35,,,,,,,,,,,,,,,,,,,,,,,,,,,,,117709,0.0016072728903964162
,,,35,,,,,,,,,,,,,,,,,,,,,,,,,,,,,117719,0.0024261910002678633
,,,35,,,,,,,,,,,,,,,,,,,,,,,,,,,,,117729,0.005568319465965033
,,,35,,,,,,,,,,,,,,,,,,,,,,,,,,,,,117739,0.005250158719718456
,,,35,,,,,,,,,,,,,,,,,,,,,,,,,,,,,117749,0.0025422980543226004
,,,35,,,,,,,,,,,,,,,,,,,,,,,,,,,,,117759,0.0006511925021186471
,,,35,,,,,,,,,,,,,,,,,,,,,,,,,,,,,117769,2.304466962814331
,,,35,,,,,,,,,,,,,,,,,,,,,,,,,,,,,117779,0.1295829564332962
,,,35,,,,,,,,,,,,,,,,,,,,,,,,,,,,,117789,0.07908231019973755
,,,35,,,,,,,,,,,,,,,,,,,,,,,,,,,,,117799,0.026555879041552544
,,,35,,,,,,,,,,,,,,,,,,,,,,,,,,,,,117809,0.2539612650871277
,,,35,,,,,,,,,,,,,,,,,,,,,,,,,,,,,117819,0.001472573378123343
,,,35,,,,,,,,,,,,,,,,,,,,,,,,,,,,,117829,0.004189490340650082
,,,35,,,,,,,,,,,,,,,,,,,,,,,,,,,,,117839,0.005837783217430115
,,,35,,,,,,,,,,,,,,,,,,,,,,,,,,,,,117849,0.004823101218789816
,,,35,,,,,,,,,,,,,,,,,,,,,,,,,,,,,117859,0.002248757518827915
,,,35,,,,,,,,,,,,,,,,,,,,,,,,,,,,,117869,0.0213528610765934
,,,35,,,,,,,,,,,,,,,,,,,,,,,,,,,,,117879,0.0020646562334150076
,,,35,,,,,,,,,,,,,,,,,,,,,,,,,,,,,117889,0.007909419015049934
,,,35,,,,,,,,,,,,,,,,,,,,,,,,,,,,,117899,0.0020117738749831915
,,,35,,,,,,,,,,,,,,,,,,,,,,,,,,,,,117909,0.0016913245199248195
,,,35,,,,,,,,,,,,,,,,,,,,,,,,,,,,,117919,0.0019496222957968712
,,,35,,,,,,,,,,,,,,,,,,,,,,,,,,,,,117929,0.002276395447552204
,,,35,,,,,,,,,,,,,,,,,,,,,,,,,,,,,117939,0.01909353956580162
,,,35,,,,,,,,,,,,,,,,,,,,,,,,,,,,,117949,0.0014026815770193934
,,,35,,,,,,,,,,,,,,,,,,,,,,,,,,,,,117959,0.001321182120591402
,,,35,,,,,,,,,,,,,,,,,,,,,,,,,,,,,117969,0.0011656961869448423
,,,35,,,,,,,,,,,,,,,,,,,,,,,,,,,,,117979,0.005417276173830032
,,,35,,,,,,,,,,,,,,,,,,,,,,,,,,,,,117989,0.0025251295883208513
,,,35,,,,,,,,,,,,,,,,,,,,,,,,,,,,,117999,0.12553857266902924
,,,35,,,,,,,,,,,,,,,,,,,,,,,,,,,,,118009,1.0093443393707275
,,,35,,,,,,,,,,,,,,,,,,,,,,,,,,,,,118019,0.11133824288845062
,,,35,,,,,,,,,,,,,,,,,,,,,,,,,,,,,118029,0.09036899358034134
,,,35,,,,,,,,,,,,,,,,,,,,,,,,,,,,,118039,0.038471560925245285
,,,35,,,,,,,,,,,,,,,,,,,,,,,,,,,,,118049,0.009225856512784958
,,,35,,,,,,,,,,,,,,,,,,,,,,,,,,,,,118059,0.03260732814669609
,,,35,,,,,,,,,,,,,,,,,,,,,,,,,,,,,118069,0.0029642151203006506
,,,35,,,,,,,,,,,,,,,,,,,,,,,,,,,,,118079,0.0016658935928717256
,,,35,,,,,,,,,,,,,,,,,,,,,,,,,,,,,118089,0.5878681540489197
,,,35,,,,,,,,,,,,,,,,,,,,,,,,,,,,,118099,0.004677523858845234
,,,35,,,,,,,,,,,,,,,,,,,,,,,,,,,,,118109,0.002034625969827175
,,,35,,,,,,,,,,,,,,,,,,,,,,,,,,,,,118119,0.0012458867859095335
,,,35,,,,,,,,,,,,,,,,,,,,,,,,,,,,,118129,0.002242960035800934
,,,35,,,,,,,,,,,,,,,,,,,,,,,,,,,,,118139,0.005202419124543667
,,,35,,,,,,,,,,,,,,,,,,,,,,,,,,,,,118149,0.0053366622887551785
,,,35,,,,,,,,,,,,,,,,,,,,,,,,,,,,,118159,0.004503233823925257
,,,35,,,,,,,,,,,,,,,,,,,,,,,,,,,,,118169,0.3054559826850891
,,,35,,,,,,,,,,,,,,,,,,,,,,,,,,,,,118179,0.000970790977589786
,,,35,,,,,,,,,,,,,,,,,,,,,,,,,,,,,118189,0.0007444118382409215
,,,35,,,,,,,,,,,,,,,,,,,,,,,,,,,,,118199,0.02041138894855976
,,,35,,,,,,,,,,,,,,,,,,,,,,,,,,,,,118209,0.0015409113839268684
,,,35,,,,,,,,,,,,,,,,,,,,,,,,,,,,,118219,0.0015171163249760866
,,,35,,,,,,,,,,,,,,,,,,,,,,,,,,,,,118229,0.010071739554405212
,,,35,,,,,,,,,,,,,,,,,,,,,,,,,,,,,118239,0.002977867377921939
,,,35,,,,,,,,,,,,,,,,,,,,,,,,,,,,,118249,0.007262933999300003
,,,35,,,,,,,,,,,,,,,,,,,,,,,,,,,,,118259,0.2339901477098465
,,,35,,,,,,,,,,,,,,,,,,,,,,,,,,,,,118269,0.0031400229781866074
,,,35,,,,,,,,,,,,,,,,,,,,,,,,,,,,,118279,0.016043253242969513
,,,35,,,,,,,,,,,,,,,,,,,,,,,,,,,,,118289,1.576789379119873
,,,35,,,,,,,,,,,,,,,,,,,,,,,,,,,,,118299,0.002380437683314085
,,,35,,,,,,,,,,,,,,,,,,,,,,,,,,,,,118309,0.007885806262493134
,,,35,,,,,,,,,,,,,,,,,,,,,,,,,,,,,118319,0.002912467112764716
,,,35,,,,,,,,,,,,,,,,,,,,,,,,,,,,,118329,0.2334710955619812
,,,35,,,,,,,,,,,,,,,,,,,,,,,,,,,,,118339,0.0036662931088358164
,,,35,,,,,,,,,,,,,,,,,,,,,,,,,,,,,118349,0.014759073965251446
,,,35,,,,,,,,,,,,,,,,,,,,,,,,,,,,,118359,0.0026109025347977877
,,,35,,,,,,,,,,,,,,,,,,,,,,,,,,,,,118369,0.0021422014106065035
,,,35,,,,,,,,,,,,,,,,,,,,,,,,,,,,,118379,0.0028917097952216864
,,,35,,,,,,,,,,,,,,,,,,,,,,,,,,,,,118389,0.002463418059051037
,,,35,,,,,,,,,,,,,,,,,,,,,,,,,,,,,118399,0.012530218809843063
,,,35,,,,,,,,,,,,,,,,,,,,,,,,,,,,,118409,0.0018103003967553377
,,,35,,,,,,,,,,,,,,,,,,,,,,,,,,,,,118419,0.002694445662200451
,,,35,,,,,,,,,,,,,,,,,,,,,,,,,,,,,118429,0.001814601942896843
,,,35,,,,,,,,,,,,,,,,,,,,,,,,,,,,,118439,0.002896697260439396
,,,35,,,,,,,,,,,,,,,,,,,,,,,,,,,,,118449,0.0035523574333637953
,,,35,,,,,,,,,,,,,,,,,,,,,,,,,,,,,118459,0.005932026542723179
,,,35,,,,,,,,,,,,,,,,,,,,,,,,,,,,,118469,0.002907197456806898
,,,35,,,,,,,,,,,,,,,,,,,,,,,,,,,,,118479,0.8420327305793762
,,,35,,,,,,,,,,,,,,,,,,,,,,,,,,,,,118489,0.5097588896751404
,,,35,,,,,,,,,,,,,,,,,,,,,,,,,,,,,118499,0.023893719539046288
,,,35,,,,,,,,,,,,,,,,,,,,,,,,,,,,,118509,0.00841562356799841
,,,35,,,,,,,,,,,,,,,,,,,,,,,,,,,,,118519,0.4376688003540039
,,,35,,,,,,,,,,,,,,,,,,,,,,,,,,,,,118529,0.0023373703006654978
,,,35,,,,,,,,,,,,,,,,,,,,,,,,,,,,,118539,0.0007914192974567413
,,,35,,,,,,,,,,,,,,,,,,,,,,,,,,,,,118549,0.001515676616691053
,,,35,,,,,,,,,,,,,,,,,,,,,,,,,,,,,118559,0.00299072265625
,,,35,,,,,,,,,,,,,,,,,,,,,,,,,,,,,118569,0.001902434858493507
,,,35,,,,,,,,,,,,,,,,,,,,,,,,,,,,,118579,0.0011767424875870347
,,,35,,,,,,,,,,,,,,,,,,,,,,,,,,,,,118589,0.0010350804077461362
,,,35,,,,,,,,,,,,,,,,,,,,,,,,,,,,,118599,0.005842274054884911
,,,35,,,,,,,,,,,,,,,,,,,,,,,,,,,,,118609,0.49001258611679077
,,,35,,,,,,,,,,,,,,,,,,,,,,,,,,,,,118619,0.4972969591617584
,,,35,,,,,,,,,,,,,,,,,,,,,,,,,,,,,118629,0.004427435342222452
,,,35,,,,,,,,,,,,,,,,,,,,,,,,,,,,,118639,0.016512008383870125
,,,35,,,,,,,,,,,,,,,,,,,,,,,,,,,,,118649,0.003305703867226839
,,,35,,,,,,,,,,,,,,,,,,,,,,,,,,,,,118659,0.002770373597741127
,,,35,,,,,,,,,,,,,,,,,,,,,,,,,,,,,118669,0.0372915081679821
,,,35,,,,,,,,,,,,,,,,,,,,,,,,,,,,,118679,0.000892900803592056
,,,35,,,,,,,,,,,,,,,,,,,,,,,,,,,,,118689,0.001913535757921636
,,,35,,,,,,,,,,,,,,,,,,,,,,,,,,,,,118699,0.14653201401233673
,,,35,,,,,,,,,,,,,,,,,,,,,,,,,,,,,118709,0.002892814576625824
,,,35,,,,,,,,,,,,,,,,,,,,,,,,,,,,,118719,0.001296303584240377
,,,35,,,,,,,,,,,,,,,,,,,,,,,,,,,,,118729,0.0016784410690888762
,,,35,,,,,,,,,,,,,,,,,,,,,,,,,,,,,118739,0.0024099701549857855
,,,35,,,,,,,,,,,,,,,,,,,,,,,,,,,,,118749,0.027117475867271423
,,,35,,,,,,,,,,,,,,,,,,,,,,,,,,,,,118759,0.05168306827545166
,,,35,,,,,,,,,,,,,,,,,,,,,,,,,,,,,118769,0.001080667949281633
,,,35,,,,,,,,,,,,,,,,,,,,,,,,,,,,,118779,0.003620557254180312
,,,35,,,,,,,,,,,,,,,,,,,,,,,,,,,,,118789,0.0020758830942213535
,,,35,,,,,,,,,,,,,,,,,,,,,,,,,,,,,118799,0.0011126169702038169
,,,35,,,,,,,,,,,,,,,,,,,,,,,,,,,,,118809,0.0023713805712759495
,,,35,,,,,,,,,,,,,,,,,,,,,,,,,,,,,118819,0.10891273617744446
,,,35,,,,,,,,,,,,,,,,,,,,,,,,,,,,,118829,0.007865057326853275
,,,35,,,,,,,,,,,,,,,,,,,,,,,,,,,,,118839,0.0021764803677797318
,,,35,,,,,,,,,,,,,,,,,,,,,,,,,,,,,118849,0.0012526825303211808
,,,35,,,,,,,,,,,,,,,,,,,,,,,,,,,,,118859,0.0015021348372101784
,,,35,,,,,,,,,,,,,,,,,,,,,,,,,,,,,118869,0.015992792323231697
,,,35,,,,,,,,,,,,,,,,,,,,,,,,,,,,,118879,0.0010170044843107462
,,,35,,,,,,,,,,,,,,,,,,,,,,,,,,,,,118889,0.0019183532567694783
,,,35,,,,,,,,,,,,,,,,,,,,,,,,,,,,,118899,1.3168442249298096
,,,35,,,,,,,,,,,,,,,,,,,,,,,,,,,,,118909,0.14199954271316528
,,,35,,,,,,,,,,,,,,,,,,,,,,,,,,,,,118919,0.003097064793109894
,,,35,,,,,,,,,,,,,,,,,,,,,,,,,,,,,118929,0.008569320663809776
,,,35,,,,,,,,,,,,,,,,,,,,,,,,,,,,,118939,0.49522241950035095
,,,35,,,,,,,,,,,,,,,,,,,,,,,,,,,,,118949,0.008169390261173248
,,,35,,,,,,,,,,,,,,,,,,,,,,,,,,,,,118959,0.07186922430992126
,,,35,,,,,,,,,,,,,,,,,,,,,,,,,,,,,118969,0.0019042073981836438
,,,35,,,,,,,,,,,,,,,,,,,,,,,,,,,,,118979,0.004404583014547825
,,,35,,,,,,,,,,,,,,,,,,,,,,,,,,,,,118989,0.001968729542568326
,,,35,,,,,,,,,,,,,,,,,,,,,,,,,,,,,118999,0.0028386691119521856
,,,35,,,,,,,,,,,,,,,,,,,,,,,,,,,,,119009,0.0020574438385665417
,,,35,,,,,,,,,,,,,,,,,,,,,,,,,,,,,119019,0.029992379248142242
,,,35,,,,,,,,,,,,,,,,,,,,,,,,,,,,,119029,0.017786193639039993
,,,35,,,,,,,,,,,,,,,,,,,,,,,,,,,,,119039,0.027205942198634148
,,,35,,,,,,,,,,,,,,,,,,,,,,,,,,,,,119049,0.12088870257139206
,,,35,,,,,,,,,,,,,,,,,,,,,,,,,,,,,119059,0.041122522205114365
,,,35,,,,,,,,,,,,,,,,,,,,,,,,,,,,,119069,0.008148384280502796
,,,35,,,,,,,,,,,,,,,,,,,,,,,,,,,,,119079,0.0011781842913478613
,,,35,,,,,,,,,,,,,,,,,,,,,,,,,,,,,119089,0.002003032248467207
,,,35,,,,,,,,,,,,,,,,,,,,,,,,,,,,,119099,0.005558290984481573
,,,35,,,,,,,,,,,,,,,,,,,,,,,,,,,,,119109,0.03583494946360588
,,,35,,,,,,,,,,,,,,,,,,,,,,,,,,,,,119119,0.0026146986056119204
,,,35,,,,,,,,,,,,,,,,,,,,,,,,,,,,,119129,0.0009584685903973877
,,,35,,,,,,,,,,,,,,,,,,,,,,,,,,,,,119139,0.0015651488211005926
,,,35,,,,,,,,,,,,,,,,,,,,,,,,,,,,,119149,0.007891837507486343
,,,35,,,,,,,,,,,,,,,,,,,,,,,,,,,,,119159,0.3541528582572937
,,,,1.2536573800698544e-07,7.023044739721183e-07,1.0804684214955663e-06,1.0804684214955663e-06,1.6622591099931791e-06,1.6622591099931791e-06,2.557321707681814e-06,2.557321707681814e-06,3.934341088741252e-06,3.934341088741252e-06,6.05283244421731e-06,1.2536573800698544e-07,6.05283244421731e-06,9.312049914180477e-06,9.312049914180477e-06,1.4326230637200735e-05,1.4326230637200735e-05,2.2040354826462668e-05,2.2040354826462668e-05,2.2040354826462668e-05,2.2040354826462668e-05,1.9287036616459296e-07,1.9287036616459296e-07,2.9672364025321997e-07,2.9672364025321997e-07,4.564979080818769e-07,4.564979080818769e-07,7.023044739721183e-07,119161,
,,,36,,,,,,,,,,,,,,,,,,,,,,,,,,,,,119169,0.006277164444327354
,,,36,,,,,,,,,,,,,,,,,,,,,,,,,,,,,119179,0.002543441951274872
,,,36,,,,,,,,,,,,,,,,,,,,,,,,,,,,,119189,0.001991445431485772
,,,36,,,,,,,,,,,,,,,,,,,,,,,,,,,,,119199,0.0011298564495518804
,,,36,,,,,,,,,,,,,,,,,,,,,,,,,,,,,119209,0.4835572838783264
,,,36,,,,,,,,,,,,,,,,,,,,,,,,,,,,,119219,0.001437256927601993
,,,36,,,,,,,,,,,,,,,,,,,,,,,,,,,,,119229,0.0013517652405425906
,,,36,,,,,,,,,,,,,,,,,,,,,,,,,,,,,119239,0.2645034193992615
,,,36,,,,,,,,,,,,,,,,,,,,,,,,,,,,,119249,0.002252095378935337
,,,36,,,,,,,,,,,,,,,,,,,,,,,,,,,,,119259,0.700478732585907
,,,36,,,,,,,,,,,,,,,,,,,,,,,,,,,,,119269,0.000865922833327204
,,,36,,,,,,,,,,,,,,,,,,,,,,,,,,,,,119279,0.0024164069909602404
,,,36,,,,,,,,,,,,,,,,,,,,,,,,,,,,,119289,0.16455645859241486
,,,36,,,,,,,,,,,,,,,,,,,,,,,,,,,,,119299,0.0008580538560636342
,,,36,,,,,,,,,,,,,,,,,,,,,,,,,,,,,119309,0.007333878893405199
,,,36,,,,,,,,,,,,,,,,,,,,,,,,,,,,,119319,0.0014280731556937099
,,,36,,,,,,,,,,,,,,,,,,,,,,,,,,,,,119329,0.3607575297355652
,,,36,,,,,,,,,,,,,,,,,,,,,,,,,,,,,119339,0.002117346040904522
,,,36,,,,,,,,,,,,,,,,,,,,,,,,,,,,,119349,0.0027421351987868547
,,,36,,,,,,,,,,,,,,,,,,,,,,,,,,,,,119359,0.0072647929191589355
,,,36,,,,,,,,,,,,,,,,,,,,,,,,,,,,,119369,0.001031697727739811
,,,36,,,,,,,,,,,,,,,,,,,,,,,,,,,,,119379,0.014749368652701378
,,,36,,,,,,,,,,,,,,,,,,,,,,,,,,,,,119389,0.0007120714872144163
,,,36,,,,,,,,,,,,,,,,,,,,,,,,,,,,,119399,0.0016865110956132412
,,,36,,,,,,,,,,,,,,,,,,,,,,,,,,,,,119409,0.004448098596185446
,,,36,,,,,,,,,,,,,,,,,,,,,,,,,,,,,119419,0.1175762489438057
,,,36,,,,,,,,,,,,,,,,,,,,,,,,,,,,,119429,0.0017261984758079052
,,,36,,,,,,,,,,,,,,,,,,,,,,,,,,,,,119439,0.0027025465387851
,,,36,,,,,,,,,,,,,,,,,,,,,,,,,,,,,119449,0.0014235861599445343
,,,36,,,,,,,,,,,,,,,,,,,,,,,,,,,,,119459,0.00439187278971076
,,,36,,,,,,,,,,,,,,,,,,,,,,,,,,,,,119469,0.007876353338360786
,,,36,,,,,,,,,,,,,,,,,,,,,,,,,,,,,119479,0.0019635308999568224
,,,36,,,,,,,,,,,,,,,,,,,,,,,,,,,,,119489,0.010450326837599277
,,,36,,,,,,,,,,,,,,,,,,,,,,,,,,,,,119499,0.0017607967602089047
,,,36,,,,,,,,,,,,,,,,,,,,,,,,,,,,,119509,0.19183588027954102
,,,36,,,,,,,,,,,,,,,,,,,,,,,,,,,,,119519,0.004043589346110821
,,,36,,,,,,,,,,,,,,,,,,,,,,,,,,,,,119529,0.002952728420495987
,,,36,,,,,,,,,,,,,,,,,,,,,,,,,,,,,119539,0.07853937149047852
,,,36,,,,,,,,,,,,,,,,,,,,,,,,,,,,,119549,0.0016370631055906415
,,,36,,,,,,,,,,,,,,,,,,,,,,,,,,,,,119559,0.002749952021986246
,,,36,,,,,,,,,,,,,,,,,,,,,,,,,,,,,119569,0.0034106282982975245
,,,36,,,,,,,,,,,,,,,,,,,,,,,,,,,,,119579,0.0017009734874591231
,,,36,,,,,,,,,,,,,,,,,,,,,,,,,,,,,119589,0.0011250764364376664
,,,36,,,,,,,,,,,,,,,,,,,,,,,,,,,,,119599,0.0017448326107114553
,,,36,,,,,,,,,,,,,,,,,,,,,,,,,,,,,119609,0.0010832571424543858
,,,36,,,,,,,,,,,,,,,,,,,,,,,,,,,,,119619,0.002989727072417736
,,,36,,,,,,,,,,,,,,,,,,,,,,,,,,,,,119629,0.006776879075914621
,,,36,,,,,,,,,,,,,,,,,,,,,,,,,,,,,119639,0.10653357952833176
,,,36,,,,,,,,,,,,,,,,,,,,,,,,,,,,,119649,0.0944400206208229
,,,36,,,,,,,,,,,,,,,,,,,,,,,,,,,,,119659,0.007507124915719032
,,,36,,,,,,,,,,,,,,,,,,,,,,,,,,,,,119669,0.0019930934067815542
,,,36,,,,,,,,,,,,,,,,,,,,,,,,,,,,,119679,0.001980214612558484
,,,36,,,,,,,,,,,,,,,,,,,,,,,,,,,,,119689,0.10822220146656036
,,,36,,,,,,,,,,,,,,,,,,,,,,,,,,,,,119699,0.0019933462608605623
,,,36,,,,,,,,,,,,,,,,,,,,,,,,,,,,,119709,0.003520982339978218
,,,36,,,,,,,,,,,,,,,,,,,,,,,,,,,,,119719,0.004202202893793583
,,,36,,,,,,,,,,,,,,,,,,,,,,,,,,,,,119729,0.0027471750508993864
,,,36,,,,,,,,,,,,,,,,,,,,,,,,,,,,,119739,0.0019814602565020323
,,,36,,,,,,,,,,,,,,,,,,,,,,,,,,,,,119749,0.007503075059503317
,,,36,,,,,,,,,,,,,,,,,,,,,,,,,,,,,119759,0.0019561832305043936
,,,36,,,,,,,,,,,,,,,,,,,,,,,,,,,,,119769,0.002174178371205926
,,,36,,,,,,,,,,,,,,,,,,,,,,,,,,,,,119779,0.0031596014741808176
,,,36,,,,,,,,,,,,,,,,,,,,,,,,,,,,,119789,0.3051287531852722
,,,36,,,,,,,,,,,,,,,,,,,,,,,,,,,,,119799,0.07013199478387833
,,,36,,,,,,,,,,,,,,,,,,,,,,,,,,,,,119809,0.0017472176114097238
,,,36,,,,,,,,,,,,,,,,,,,,,,,,,,,,,119819,0.004914010409265757
,,,36,,,,,,,,,,,,,,,,,,,,,,,,,,,,,119829,0.0017630269285291433
,,,36,,,,,,,,,,,,,,,,,,,,,,,,,,,,,119839,0.0043404619209468365
,,,36,,,,,,,,,,,,,,,,,,,,,,,,,,,,,119849,0.0009749060263857245
,,,36,,,,,,,,,,,,,,,,,,,,,,,,,,,,,119859,0.018809689208865166
,,,36,,,,,,,,,,,,,,,,,,,,,,,,,,,,,119869,0.005654298234730959
,,,36,,,,,,,,,,,,,,,,,,,,,,,,,,,,,119879,0.4662993252277374
,,,36,,,,,,,,,,,,,,,,,,,,,,,,,,,,,119889,0.001313307206146419
,,,36,,,,,,,,,,,,,,,,,,,,,,,,,,,,,119899,0.44471850991249084
,,,36,,,,,,,,,,,,,,,,,,,,,,,,,,,,,119909,0.0025643950793892145
,,,36,,,,,,,,,,,,,,,,,,,,,,,,,,,,,119919,0.0032148179598152637
,,,36,,,,,,,,,,,,,,,,,,,,,,,,,,,,,119929,0.15658818185329437
,,,36,,,,,,,,,,,,,,,,,,,,,,,,,,,,,119939,0.0037951385602355003
,,,36,,,,,,,,,,,,,,,,,,,,,,,,,,,,,119949,0.0010377520229667425
,,,36,,,,,,,,,,,,,,,,,,,,,,,,,,,,,119959,0.001399804255925119
,,,36,,,,,,,,,,,,,,,,,,,,,,,,,,,,,119969,0.0014545515878126025
,,,36,,,,,,,,,,,,,,,,,,,,,,,,,,,,,119979,0.0011922982521355152
,,,36,,,,,,,,,,,,,,,,,,,,,,,,,,,,,119989,0.005843850784003735
,,,36,,,,,,,,,,,,,,,,,,,,,,,,,,,,,119999,0.0016800436424091458
,,,36,,,,,,,,,,,,,,,,,,,,,,,,,,,,,120009,0.038591038435697556
,,,36,,,,,,,,,,,,,,,,,,,,,,,,,,,,,120019,0.0011631211964413524
,,,36,,,,,,,,,,,,,,,,,,,,,,,,,,,,,120029,0.0025049131363630295
,,,36,,,,,,,,,,,,,,,,,,,,,,,,,,,,,120039,0.6714179515838623
,,,36,,,,,,,,,,,,,,,,,,,,,,,,,,,,,120049,0.002405239036306739
,,,36,,,,,,,,,,,,,,,,,,,,,,,,,,,,,120059,0.05852600932121277
,,,36,,,,,,,,,,,,,,,,,,,,,,,,,,,,,120069,0.002955411095172167
,,,36,,,,,,,,,,,,,,,,,,,,,,,,,,,,,120079,0.0031231341417878866
,,,36,,,,,,,,,,,,,,,,,,,,,,,,,,,,,120089,0.003449647221714258
,,,36,,,,,,,,,,,,,,,,,,,,,,,,,,,,,120099,0.0007183378911577165
,,,36,,,,,,,,,,,,,,,,,,,,,,,,,,,,,120109,0.002385723637416959
,,,36,,,,,,,,,,,,,,,,,,,,,,,,,,,,,120119,0.010868499986827374
,,,36,,,,,,,,,,,,,,,,,,,,,,,,,,,,,120129,0.05764557048678398
,,,36,,,,,,,,,,,,,,,,,,,,,,,,,,,,,120139,0.01069059781730175
,,,36,,,,,,,,,,,,,,,,,,,,,,,,,,,,,120149,0.0006110694375820458
,,,36,,,,,,,,,,,,,,,,,,,,,,,,,,,,,120159,0.002002045279368758
,,,36,,,,,,,,,,,,,,,,,,,,,,,,,,,,,120169,0.005003752186894417
,,,36,,,,,,,,,,,,,,,,,,,,,,,,,,,,,120179,0.007922536693513393
,,,36,,,,,,,,,,,,,,,,,,,,,,,,,,,,,120189,0.04583703726530075
,,,36,,,,,,,,,,,,,,,,,,,,,,,,,,,,,120199,0.04559377580881119
,,,36,,,,,,,,,,,,,,,,,,,,,,,,,,,,,120209,0.002946305088698864
,,,36,,,,,,,,,,,,,,,,,,,,,,,,,,,,,120219,0.003173466306179762
,,,36,,,,,,,,,,,,,,,,,,,,,,,,,,,,,120229,0.020305529236793518
,,,36,,,,,,,,,,,,,,,,,,,,,,,,,,,,,120239,0.0038557255174964666
,,,36,,,,,,,,,,,,,,,,,,,,,,,,,,,,,120249,0.002515773754566908
,,,36,,,,,,,,,,,,,,,,,,,,,,,,,,,,,120259,0.0007681784918531775
,,,36,,,,,,,,,,,,,,,,,,,,,,,,,,,,,120269,0.0017151765059679747
,,,36,,,,,,,,,,,,,,,,,,,,,,,,,,,,,120279,0.0026606349274516106
,,,36,,,,,,,,,,,,,,,,,,,,,,,,,,,,,120289,0.004655096214264631
,,,36,,,,,,,,,,,,,,,,,,,,,,,,,,,,,120299,0.0027689270209521055
,,,36,,,,,,,,,,,,,,,,,,,,,,,,,,,,,120309,0.006530520506203175
,,,36,,,,,,,,,,,,,,,,,,,,,,,,,,,,,120319,0.0044403825886547565
,,,36,,,,,,,,,,,,,,,,,,,,,,,,,,,,,120329,0.0027521986048668623
,,,36,,,,,,,,,,,,,,,,,,,,,,,,,,,,,120339,0.008360035717487335
,,,36,,,,,,,,,,,,,,,,,,,,,,,,,,,,,120349,0.005097488407045603
,,,36,,,,,,,,,,,,,,,,,,,,,,,,,,,,,120359,0.012601855210959911
,,,36,,,,,,,,,,,,,,,,,,,,,,,,,,,,,120369,0.0012546834768727422
,,,36,,,,,,,,,,,,,,,,,,,,,,,,,,,,,120379,0.0019986259285360575
,,,36,,,,,,,,,,,,,,,,,,,,,,,,,,,,,120389,0.005520503036677837
,,,36,,,,,,,,,,,,,,,,,,,,,,,,,,,,,120399,0.0029747700318694115
,,,36,,,,,,,,,,,,,,,,,,,,,,,,,,,,,120409,0.0006718265358358622
,,,36,,,,,,,,,,,,,,,,,,,,,,,,,,,,,120419,0.003786144545301795
,,,36,,,,,,,,,,,,,,,,,,,,,,,,,,,,,120429,0.0015435104724019766
,,,36,,,,,,,,,,,,,,,,,,,,,,,,,,,,,120439,0.07810913026332855
,,,36,,,,,,,,,,,,,,,,,,,,,,,,,,,,,120449,0.0160799790173769
,,,36,,,,,,,,,,,,,,,,,,,,,,,,,,,,,120459,0.0014186571352183819
,,,36,,,,,,,,,,,,,,,,,,,,,,,,,,,,,120469,0.0014148190384730697
,,,36,,,,,,,,,,,,,,,,,,,,,,,,,,,,,120479,0.09848276525735855
,,,36,,,,,,,,,,,,,,,,,,,,,,,,,,,,,120489,0.0017175370594486594
,,,36,,,,,,,,,,,,,,,,,,,,,,,,,,,,,120499,0.11222656816244125
,,,36,,,,,,,,,,,,,,,,,,,,,,,,,,,,,120509,0.29654163122177124
,,,36,,,,,,,,,,,,,,,,,,,,,,,,,,,,,120519,0.001198185607790947
,,,36,,,,,,,,,,,,,,,,,,,,,,,,,,,,,120529,0.002008566167205572
,,,36,,,,,,,,,,,,,,,,,,,,,,,,,,,,,120539,0.0005210570525377989
,,,36,,,,,,,,,,,,,,,,,,,,,,,,,,,,,120549,0.12620662152767181
,,,36,,,,,,,,,,,,,,,,,,,,,,,,,,,,,120559,0.0009114298154599965
,,,36,,,,,,,,,,,,,,,,,,,,,,,,,,,,,120569,0.01574297435581684
,,,36,,,,,,,,,,,,,,,,,,,,,,,,,,,,,120579,0.005885790567845106
,,,36,,,,,,,,,,,,,,,,,,,,,,,,,,,,,120589,0.0013341339072212577
,,,36,,,,,,,,,,,,,,,,,,,,,,,,,,,,,120599,0.00764356879517436
,,,36,,,,,,,,,,,,,,,,,,,,,,,,,,,,,120609,0.0031238712836056948
,,,36,,,,,,,,,,,,,,,,,,,,,,,,,,,,,120619,0.002433127025142312
,,,36,,,,,,,,,,,,,,,,,,,,,,,,,,,,,120629,0.0010984636610373855
,,,36,,,,,,,,,,,,,,,,,,,,,,,,,,,,,120639,0.6250982284545898
,,,36,,,,,,,,,,,,,,,,,,,,,,,,,,,,,120649,0.009374476969242096
,,,36,,,,,,,,,,,,,,,,,,,,,,,,,,,,,120659,0.007133521139621735
,,,36,,,,,,,,,,,,,,,,,,,,,,,,,,,,,120669,0.0029027226846665144
,,,36,,,,,,,,,,,,,,,,,,,,,,,,,,,,,120679,0.01543410588055849
,,,36,,,,,,,,,,,,,,,,,,,,,,,,,,,,,120689,0.0030558353755623102
,,,36,,,,,,,,,,,,,,,,,,,,,,,,,,,,,120699,0.0018296557245776057
,,,36,,,,,,,,,,,,,,,,,,,,,,,,,,,,,120709,0.0007854736177250743
,,,36,,,,,,,,,,,,,,,,,,,,,,,,,,,,,120719,0.0009629908599890769
,,,36,,,,,,,,,,,,,,,,,,,,,,,,,,,,,120729,0.0008481018012389541
,,,36,,,,,,,,,,,,,,,,,,,,,,,,,,,,,120739,0.0014763018116354942
,,,36,,,,,,,,,,,,,,,,,,,,,,,,,,,,,120749,0.002047065645456314
,,,36,,,,,,,,,,,,,,,,,,,,,,,,,,,,,120759,0.00924945529550314
,,,36,,,,,,,,,,,,,,,,,,,,,,,,,,,,,120769,0.33633026480674744
,,,36,,,,,,,,,,,,,,,,,,,,,,,,,,,,,120779,0.001197042758576572
,,,36,,,,,,,,,,,,,,,,,,,,,,,,,,,,,120789,0.005068482831120491
,,,36,,,,,,,,,,,,,,,,,,,,,,,,,,,,,120799,0.002087679225951433
,,,36,,,,,,,,,,,,,,,,,,,,,,,,,,,,,120809,0.006049946416169405
,,,36,,,,,,,,,,,,,,,,,,,,,,,,,,,,,120819,0.8451030254364014
,,,36,,,,,,,,,,,,,,,,,,,,,,,,,,,,,120829,0.00192260870244354
,,,36,,,,,,,,,,,,,,,,,,,,,,,,,,,,,120839,0.0026651667430996895
,,,36,,,,,,,,,,,,,,,,,,,,,,,,,,,,,120849,0.1684049665927887
,,,36,,,,,,,,,,,,,,,,,,,,,,,,,,,,,120859,0.0019847422372549772
,,,36,,,,,,,,,,,,,,,,,,,,,,,,,,,,,120869,0.0020286969374865294
,,,36,,,,,,,,,,,,,,,,,,,,,,,,,,,,,120879,0.00151200988329947
,,,36,,,,,,,,,,,,,,,,,,,,,,,,,,,,,120889,0.0022120769135653973
,,,36,,,,,,,,,,,,,,,,,,,,,,,,,,,,,120899,0.001157173770479858
,,,36,,,,,,,,,,,,,,,,,,,,,,,,,,,,,120909,0.022341283038258553
,,,36,,,,,,,,,,,,,,,,,,,,,,,,,,,,,120919,0.0073588076047599316
,,,36,,,,,,,,,,,,,,,,,,,,,,,,,,,,,120929,0.001952701830305159
,,,36,,,,,,,,,,,,,,,,,,,,,,,,,,,,,120939,0.08066371083259583
,,,36,,,,,,,,,,,,,,,,,,,,,,,,,,,,,120949,0.0011996245011687279
,,,36,,,,,,,,,,,,,,,,,,,,,,,,,,,,,120959,0.0012181595666334033
,,,36,,,,,,,,,,,,,,,,,,,,,,,,,,,,,120969,0.0028907598461955786
,,,36,,,,,,,,,,,,,,,,,,,,,,,,,,,,,120979,0.000611117749940604
,,,36,,,,,,,,,,,,,,,,,,,,,,,,,,,,,120989,0.0005795937031507492
,,,36,,,,,,,,,,,,,,,,,,,,,,,,,,,,,120999,0.3215791583061218
,,,36,,,,,,,,,,,,,,,,,,,,,,,,,,,,,121009,2.6090049743652344
,,,36,,,,,,,,,,,,,,,,,,,,,,,,,,,,,121019,0.00799452792853117
,,,36,,,,,,,,,,,,,,,,,,,,,,,,,,,,,121029,0.0008401388768106699
,,,36,,,,,,,,,,,,,,,,,,,,,,,,,,,,,121039,0.0016434909775853157
,,,36,,,,,,,,,,,,,,,,,,,,,,,,,,,,,121049,0.0015469837235286832
,,,36,,,,,,,,,,,,,,,,,,,,,,,,,,,,,121059,0.5445154905319214
,,,36,,,,,,,,,,,,,,,,,,,,,,,,,,,,,121069,0.0013828298542648554
,,,36,,,,,,,,,,,,,,,,,,,,,,,,,,,,,121079,0.001589336316101253
,,,36,,,,,,,,,,,,,,,,,,,,,,,,,,,,,121089,0.5546916723251343
,,,36,,,,,,,,,,,,,,,,,,,,,,,,,,,,,121099,0.0058508338406682014
,,,36,,,,,,,,,,,,,,,,,,,,,,,,,,,,,121109,0.0009179600165225565
,,,36,,,,,,,,,,,,,,,,,,,,,,,,,,,,,121119,0.0016641985857859254
,,,36,,,,,,,,,,,,,,,,,,,,,,,,,,,,,121129,0.04783865436911583
,,,36,,,,,,,,,,,,,,,,,,,,,,,,,,,,,121139,0.011696751229465008
,,,36,,,,,,,,,,,,,,,,,,,,,,,,,,,,,121149,0.0029206210747361183
,,,36,,,,,,,,,,,,,,,,,,,,,,,,,,,,,121159,0.004141624551266432
,,,36,,,,,,,,,,,,,,,,,,,,,,,,,,,,,121169,0.0028484920039772987
,,,36,,,,,,,,,,,,,,,,,,,,,,,,,,,,,121179,0.09430590271949768
,,,36,,,,,,,,,,,,,,,,,,,,,,,,,,,,,121189,0.305926114320755
,,,36,,,,,,,,,,,,,,,,,,,,,,,,,,,,,121199,0.0011691622203215957
,,,36,,,,,,,,,,,,,,,,,,,,,,,,,,,,,121209,0.0049330247566103935
,,,36,,,,,,,,,,,,,,,,,,,,,,,,,,,,,121219,0.0016407039947807789
,,,36,,,,,,,,,,,,,,,,,,,,,,,,,,,,,121229,0.4042935371398926
,,,36,,,,,,,,,,,,,,,,,,,,,,,,,,,,,121239,0.001352547318674624
,,,36,,,,,,,,,,,,,,,,,,,,,,,,,,,,,121249,0.002088455716148019
,,,36,,,,,,,,,,,,,,,,,,,,,,,,,,,,,121259,0.0023284691851586103
,,,36,,,,,,,,,,,,,,,,,,,,,,,,,,,,,121269,0.018000522628426552
,,,36,,,,,,,,,,,,,,,,,,,,,,,,,,,,,121279,0.00046194836613722146
,,,36,,,,,,,,,,,,,,,,,,,,,,,,,,,,,121289,0.0017161928117275238
,,,36,,,,,,,,,,,,,,,,,,,,,,,,,,,,,121299,0.0020542258862406015
,,,36,,,,,,,,,,,,,,,,,,,,,,,,,,,,,121309,0.18700870871543884
,,,36,,,,,,,,,,,,,,,,,,,,,,,,,,,,,121319,0.006774699315428734
,,,36,,,,,,,,,,,,,,,,,,,,,,,,,,,,,121329,0.879704475402832
,,,36,,,,,,,,,,,,,,,,,,,,,,,,,,,,,121339,0.03845619037747383
,,,36,,,,,,,,,,,,,,,,,,,,,,,,,,,,,121349,0.04701611399650574
,,,36,,,,,,,,,,,,,,,,,,,,,,,,,,,,,121359,0.12263266742229462
,,,36,,,,,,,,,,,,,,,,,,,,,,,,,,,,,121369,0.0027554123662412167
,,,36,,,,,,,,,,,,,,,,,,,,,,,,,,,,,121379,0.002210647566244006
,,,36,,,,,,,,,,,,,,,,,,,,,,,,,,,,,121389,0.0025981625076383352
,,,36,,,,,,,,,,,,,,,,,,,,,,,,,,,,,121399,0.0018833273788914084
,,,36,,,,,,,,,,,,,,,,,,,,,,,,,,,,,121409,0.0016766974003985524
,,,36,,,,,,,,,,,,,,,,,,,,,,,,,,,,,121419,0.0007458847831003368
,,,36,,,,,,,,,,,,,,,,,,,,,,,,,,,,,121429,0.004023492801934481
,,,36,,,,,,,,,,,,,,,,,,,,,,,,,,,,,121439,0.4239828288555145
,,,36,,,,,,,,,,,,,,,,,,,,,,,,,,,,,121449,0.2539563477039337
,,,36,,,,,,,,,,,,,,,,,,,,,,,,,,,,,121459,0.001847290899604559
,,,36,,,,,,,,,,,,,,,,,,,,,,,,,,,,,121469,0.027021177113056183
,,,36,,,,,,,,,,,,,,,,,,,,,,,,,,,,,121479,0.15023306012153625
,,,36,,,,,,,,,,,,,,,,,,,,,,,,,,,,,121489,0.0030872696079313755
,,,36,,,,,,,,,,,,,,,,,,,,,,,,,,,,,121499,0.13336123526096344
,,,36,,,,,,,,,,,,,,,,,,,,,,,,,,,,,121509,0.03699600324034691
,,,36,,,,,,,,,,,,,,,,,,,,,,,,,,,,,121519,0.0020087945740669966
,,,36,,,,,,,,,,,,,,,,,,,,,,,,,,,,,121529,0.005974884610623121
,,,36,,,,,,,,,,,,,,,,,,,,,,,,,,,,,121539,0.003260580589994788
,,,36,,,,,,,,,,,,,,,,,,,,,,,,,,,,,121549,0.3519532084465027
,,,36,,,,,,,,,,,,,,,,,,,,,,,,,,,,,121559,0.003758050035685301
,,,36,,,,,,,,,,,,,,,,,,,,,,,,,,,,,121569,0.8184341788291931
,,,36,,,,,,,,,,,,,,,,,,,,,,,,,,,,,121579,0.0030196718871593475
,,,36,,,,,,,,,,,,,,,,,,,,,,,,,,,,,121589,0.0030497871339321136
,,,36,,,,,,,,,,,,,,,,,,,,,,,,,,,,,121599,0.001550764893181622
,,,36,,,,,,,,,,,,,,,,,,,,,,,,,,,,,121609,0.0017051935428753495
,,,36,,,,,,,,,,,,,,,,,,,,,,,,,,,,,121619,0.0798756331205368
,,,36,,,,,,,,,,,,,,,,,,,,,,,,,,,,,121629,0.0013382857432588935
,,,36,,,,,,,,,,,,,,,,,,,,,,,,,,,,,121639,0.0023246086202561855
,,,36,,,,,,,,,,,,,,,,,,,,,,,,,,,,,121649,0.005786459892988205
,,,36,,,,,,,,,,,,,,,,,,,,,,,,,,,,,121659,1.255810022354126
,,,36,,,,,,,,,,,,,,,,,,,,,,,,,,,,,121669,0.009359864518046379
,,,36,,,,,,,,,,,,,,,,,,,,,,,,,,,,,121679,2.301202403032221e-05
,,,36,,,,,,,,,,,,,,,,,,,,,,,,,,,,,121689,0.013560705818235874
,,,36,,,,,,,,,,,,,,,,,,,,,,,,,,,,,121699,0.0008257933077402413
,,,36,,,,,,,,,,,,,,,,,,,,,,,,,,,,,121709,0.0018480394501239061
,,,36,,,,,,,,,,,,,,,,,,,,,,,,,,,,,121719,0.0015205431263893843
,,,36,,,,,,,,,,,,,,,,,,,,,,,,,,,,,121729,0.0051993150264024734
,,,36,,,,,,,,,,,,,,,,,,,,,,,,,,,,,121739,0.12380748987197876
,,,36,,,,,,,,,,,,,,,,,,,,,,,,,,,,,121749,0.0025919093750417233
,,,36,,,,,,,,,,,,,,,,,,,,,,,,,,,,,121759,0.0010892286663874984
,,,36,,,,,,,,,,,,,,,,,,,,,,,,,,,,,121769,0.0026406163815408945
,,,36,,,,,,,,,,,,,,,,,,,,,,,,,,,,,121779,0.001663493225350976
,,,36,,,,,,,,,,,,,,,,,,,,,,,,,,,,,121789,0.001648236415348947
,,,36,,,,,,,,,,,,,,,,,,,,,,,,,,,,,121799,0.001655731932260096
,,,36,,,,,,,,,,,,,,,,,,,,,,,,,,,,,121809,0.0013410936808213592
,,,36,,,,,,,,,,,,,,,,,,,,,,,,,,,,,121819,0.018286673352122307
,,,36,,,,,,,,,,,,,,,,,,,,,,,,,,,,,121829,0.7505550384521484
,,,36,,,,,,,,,,,,,,,,,,,,,,,,,,,,,121839,0.02321525290608406
,,,36,,,,,,,,,,,,,,,,,,,,,,,,,,,,,121849,0.007253115065395832
,,,36,,,,,,,,,,,,,,,,,,,,,,,,,,,,,121859,0.001160914427600801
,,,36,,,,,,,,,,,,,,,,,,,,,,,,,,,,,121869,0.0013551025185734034
,,,36,,,,,,,,,,,,,,,,,,,,,,,,,,,,,121879,0.07983346283435822
,,,36,,,,,,,,,,,,,,,,,,,,,,,,,,,,,121889,0.009025845676660538
,,,36,,,,,,,,,,,,,,,,,,,,,,,,,,,,,121899,0.0018118486041203141
,,,36,,,,,,,,,,,,,,,,,,,,,,,,,,,,,121909,0.4743347764015198
,,,36,,,,,,,,,,,,,,,,,,,,,,,,,,,,,121919,0.0038369386456906796
,,,36,,,,,,,,,,,,,,,,,,,,,,,,,,,,,121929,0.00592203950509429
,,,36,,,,,,,,,,,,,,,,,,,,,,,,,,,,,121939,0.018388839438557625
,,,36,,,,,,,,,,,,,,,,,,,,,,,,,,,,,121949,0.0017598411068320274
,,,36,,,,,,,,,,,,,,,,,,,,,,,,,,,,,121959,0.0014802151126787066
,,,36,,,,,,,,,,,,,,,,,,,,,,,,,,,,,121969,0.0018668767297640443
,,,36,,,,,,,,,,,,,,,,,,,,,,,,,,,,,121979,0.0012550968676805496
,,,36,,,,,,,,,,,,,,,,,,,,,,,,,,,,,121989,0.04233788326382637
,,,36,,,,,,,,,,,,,,,,,,,,,,,,,,,,,121999,0.0006575441802851856
,,,36,,,,,,,,,,,,,,,,,,,,,,,,,,,,,122009,0.0008885179995559156
,,,36,,,,,,,,,,,,,,,,,,,,,,,,,,,,,122019,0.03401026874780655
,,,36,,,,,,,,,,,,,,,,,,,,,,,,,,,,,122029,0.8672763109207153
,,,36,,,,,,,,,,,,,,,,,,,,,,,,,,,,,122039,0.0007293781382031739
,,,36,,,,,,,,,,,,,,,,,,,,,,,,,,,,,122049,0.0007517042686231434
,,,36,,,,,,,,,,,,,,,,,,,,,,,,,,,,,122059,0.002893970347940922
,,,36,,,,,,,,,,,,,,,,,,,,,,,,,,,,,122069,0.0012155231088399887
,,,36,,,,,,,,,,,,,,,,,,,,,,,,,,,,,122079,0.003216387704014778
,,,36,,,,,,,,,,,,,,,,,,,,,,,,,,,,,122089,0.0038863979279994965
,,,36,,,,,,,,,,,,,,,,,,,,,,,,,,,,,122099,1.0923718214035034
,,,36,,,,,,,,,,,,,,,,,,,,,,,,,,,,,122109,0.0013928335392847657
,,,36,,,,,,,,,,,,,,,,,,,,,,,,,,,,,122119,0.005338156595826149
,,,36,,,,,,,,,,,,,,,,,,,,,,,,,,,,,122129,0.07767917215824127
,,,36,,,,,,,,,,,,,,,,,,,,,,,,,,,,,122139,0.00538574019446969
,,,36,,,,,,,,,,,,,,,,,,,,,,,,,,,,,122149,0.002258212771266699
,,,36,,,,,,,,,,,,,,,,,,,,,,,,,,,,,122159,0.0019390466623008251
,,,36,,,,,,,,,,,,,,,,,,,,,,,,,,,,,122169,0.0015389298787340522
,,,36,,,,,,,,,,,,,,,,,,,,,,,,,,,,,122179,0.012576540932059288
,,,36,,,,,,,,,,,,,,,,,,,,,,,,,,,,,122189,0.12241450697183609
,,,36,,,,,,,,,,,,,,,,,,,,,,,,,,,,,122199,0.06947468966245651
,,,36,,,,,,,,,,,,,,,,,,,,,,,,,,,,,122209,0.015173614025115967
,,,36,,,,,,,,,,,,,,,,,,,,,,,,,,,,,122219,0.003378212219104171
,,,36,,,,,,,,,,,,,,,,,,,,,,,,,,,,,122229,0.0020856226328760386
,,,36,,,,,,,,,,,,,,,,,,,,,,,,,,,,,122239,0.0014268503291532397
,,,36,,,,,,,,,,,,,,,,,,,,,,,,,,,,,122249,0.0006630118004977703
,,,36,,,,,,,,,,,,,,,,,,,,,,,,,,,,,122259,0.0020479203667491674
,,,36,,,,,,,,,,,,,,,,,,,,,,,,,,,,,122269,0.004550564102828503
,,,36,,,,,,,,,,,,,,,,,,,,,,,,,,,,,122279,0.004814456216990948
,,,36,,,,,,,,,,,,,,,,,,,,,,,,,,,,,122289,0.004790252540260553
,,,36,,,,,,,,,,,,,,,,,,,,,,,,,,,,,122299,0.004214144311845303
,,,36,,,,,,,,,,,,,,,,,,,,,,,,,,,,,122309,0.0013762576272711158
,,,36,,,,,,,,,,,,,,,,,,,,,,,,,,,,,122319,0.03541665896773338
,,,36,,,,,,,,,,,,,,,,,,,,,,,,,,,,,122329,0.0015408057952299714
,,,36,,,,,,,,,,,,,,,,,,,,,,,,,,,,,122339,0.0023120080586522818
,,,36,,,,,,,,,,,,,,,,,,,,,,,,,,,,,122349,0.0014752602437511086
,,,36,,,,,,,,,,,,,,,,,,,,,,,,,,,,,122359,0.044901229441165924
,,,36,,,,,,,,,,,,,,,,,,,,,,,,,,,,,122369,0.00210374454036355
,,,36,,,,,,,,,,,,,,,,,,,,,,,,,,,,,122379,0.0023926643189042807
,,,36,,,,,,,,,,,,,,,,,,,,,,,,,,,,,122389,0.0007135561900213361
,,,36,,,,,,,,,,,,,,,,,,,,,,,,,,,,,122399,0.002444807207211852
,,,36,,,,,,,,,,,,,,,,,,,,,,,,,,,,,122409,0.0027325276751071215
,,,36,,,,,,,,,,,,,,,,,,,,,,,,,,,,,122419,0.003273759502917528
,,,36,,,,,,,,,,,,,,,,,,,,,,,,,,,,,122429,0.0017426743870601058
,,,36,,,,,,,,,,,,,,,,,,,,,,,,,,,,,122439,0.0027636990416795015
,,,36,,,,,,,,,,,,,,,,,,,,,,,,,,,,,122449,0.002666990738362074
,,,36,,,,,,,,,,,,,,,,,,,,,,,,,,,,,122459,0.0017305816290900111
,,,36,,,,,,,,,,,,,,,,,,,,,,,,,,,,,122469,0.0013494031736627221
,,,,1.0930605058241677e-07,6.123373864075726e-07,9.420575175501116e-07,9.420575175501116e-07,1.4493192577694025e-06,1.4493192577694025e-06,2.22972193502985e-06,2.22972193502985e-06,3.430341438507461e-06,3.430341438507461e-06,5.277448366934555e-06,1.0930605058241677e-07,5.277448366934555e-06,8.11915133374547e-06,8.11915133374547e-06,1.2491002051916106e-05,1.2491002051916106e-05,1.9216926233717085e-05,1.9216926233717085e-05,1.9216926233717085e-05,1.9216926233717085e-05,1.681631547421796e-07,1.681631547421796e-07,2.587125457571994e-07,2.587125457571994e-07,3.980193011649222e-07,3.980193011649222e-07,6.123373864075726e-07,122471,
,,,37,,,,,,,,,,,,,,,,,,,,,,,,,,,,,122479,0.01150290947407484
,,,37,,,,,,,,,,,,,,,,,,,,,,,,,,,,,122489,0.002673073671758175
,,,37,,,,,,,,,,,,,,,,,,,,,,,,,,,,,122499,0.011226917617022991
,,,37,,,,,,,,,,,,,,,,,,,,,,,,,,,,,122509,0.0005948434700258076
,,,37,,,,,,,,,,,,,,,,,,,,,,,,,,,,,122519,0.32412266731262207
,,,37,,,,,,,,,,,,,,,,,,,,,,,,,,,,,122529,0.0027291076257824898
,,,37,,,,,,,,,,,,,,,,,,,,,,,,,,,,,122539,0.0026636605616658926
,,,37,,,,,,,,,,,,,,,,,,,,,,,,,,,,,122549,0.17695997655391693
,,,37,,,,,,,,,,,,,,,,,,,,,,,,,,,,,122559,0.0059487903490662575
,,,37,,,,,,,,,,,,,,,,,,,,,,,,,,,,,122569,0.005917055066674948
,,,37,,,,,,,,,,,,,,,,,,,,,,,,,,,,,122579,0.025268325582146645
,,,37,,,,,,,,,,,,,,,,,,,,,,,,,,,,,122589,0.002811335725709796
,,,37,,,,,,,,,,,,,,,,,,,,,,,,,,,,,122599,0.002659998834133148
,,,37,,,,,,,,,,,,,,,,,,,,,,,,,,,,,122609,0.006061131600290537
,,,37,,,,,,,,,,,,,,,,,,,,,,,,,,,,,122619,0.0008513744687661529
,,,37,,,,,,,,,,,,,,,,,,,,,,,,,,,,,122629,0.4329072833061218
,,,37,,,,,,,,,,,,,,,,,,,,,,,,,,,,,122639,0.709111213684082
,,,37,,,,,,,,,,,,,,,,,,,,,,,,,,,,,122649,0.002533519407734275
,,,37,,,,,,,,,,,,,,,,,,,,,,,,,,,,,122659,0.0017311654519289732
,,,37,,,,,,,,,,,,,,,,,,,,,,,,,,,,,122669,0.0013188481098040938
,,,37,,,,,,,,,,,,,,,,,,,,,,,,,,,,,122679,0.0009846213506534696
,,,37,,,,,,,,,,,,,,,,,,,,,,,,,,,,,122689,0.0038222619332373142
,,,37,,,,,,,,,,,,,,,,,,,,,,,,,,,,,122699,0.0022671930491924286
,,,37,,,,,,,,,,,,,,,,,,,,,,,,,,,,,122709,0.19341839849948883
,,,37,,,,,,,,,,,,,,,,,,,,,,,,,,,,,122719,0.42165520787239075
,,,37,,,,,,,,,,,,,,,,,,,,,,,,,,,,,122729,0.027213800698518753
,,,37,,,,,,,,,,,,,,,,,,,,,,,,,,,,,122739,0.0016809696098789573
,,,37,,,,,,,,,,,,,,,,,,,,,,,,,,,,,122749,0.001098582986742258
,,,37,,,,,,,,,,,,,,,,,,,,,,,,,,,,,122759,0.002183469943702221
,,,37,,,,,,,,,,,,,,,,,,,,,,,,,,,,,122769,0.015043346211314201
,,,37,,,,,,,,,,,,,,,,,,,,,,,,,,,,,122779,0.0022500951308757067
,,,37,,,,,,,,,,,,,,,,,,,,,,,,,,,,,122789,0.004949792753905058
,,,37,,,,,,,,,,,,,,,,,,,,,,,,,,,,,122799,0.19306209683418274
,,,37,,,,,,,,,,,,,,,,,,,,,,,,,,,,,122809,0.007009428460150957
,,,37,,,,,,,,,,,,,,,,,,,,,,,,,,,,,122819,0.0019380820449441671
,,,37,,,,,,,,,,,,,,,,,,,,,,,,,,,,,122829,0.002982468344271183
,,,37,,,,,,,,,,,,,,,,,,,,,,,,,,,,,122839,0.0016764914616942406
,,,37,,,,,,,,,,,,,,,,,,,,,,,,,,,,,122849,0.0019673460628837347
,,,37,,,,,,,,,,,,,,,,,,,,,,,,,,,,,122859,0.005636313930153847
,,,37,,,,,,,,,,,,,,,,,,,,,,,,,,,,,122869,0.0010516230249777436
,,,37,,,,,,,,,,,,,,,,,,,,,,,,,,,,,122879,0.0010909050470218062
,,,37,,,,,,,,,,,,,,,,,,,,,,,,,,,,,122889,0.0012782653793692589
,,,37,,,,,,,,,,,,,,,,,,,,,,,,,,,,,122899,0.0033575394190847874
,,,37,,,,,,,,,,,,,,,,,,,,,,,,,,,,,122909,0.001436907215975225
,,,37,,,,,,,,,,,,,,,,,,,,,,,,,,,,,122919,0.0023605036549270153
,,,37,,,,,,,,,,,,,,,,,,,,,,,,,,,,,122929,0.0014885335694998503
,,,37,,,,,,,,,,,,,,,,,,,,,,,,,,,,,122939,0.020001742988824844
,,,37,,,,,,,,,,,,,,,,,,,,,,,,,,,,,122949,0.4884515404701233
,,,37,,,,,,,,,,,,,,,,,,,,,,,,,,,,,122959,0.002132358029484749
,,,37,,,,,,,,,,,,,,,,,,,,,,,,,,,,,122969,0.0028656660579144955
,,,37,,,,,,,,,,,,,,,,,,,,,,,,,,,,,122979,0.001797924400307238
,,,37,,,,,,,,,,,,,,,,,,,,,,,,,,,,,122989,0.0019115419127047062
,,,37,,,,,,,,,,,,,,,,,,,,,,,,,,,,,122999,0.011991295963525772
,,,37,,,,,,,,,,,,,,,,,,,,,,,,,,,,,123009,0.004604612942785025
,,,37,,,,,,,,,,,,,,,,,,,,,,,,,,,,,123019,0.001991120632737875
,,,37,,,,,,,,,,,,,,,,,,,,,,,,,,,,,123029,0.0023522963747382164
,,,37,,,,,,,,,,,,,,,,,,,,,,,,,,,,,123039,0.001840026117861271
,,,37,,,,,,,,,,,,,,,,,,,,,,,,,,,,,123049,0.002933438867330551
,,,37,,,,,,,,,,,,,,,,,,,,,,,,,,,,,123059,0.0009141723276115954
,,,37,,,,,,,,,,,,,,,,,,,,,,,,,,,,,123069,0.0033347357530146837
,,,37,,,,,,,,,,,,,,,,,,,,,,,,,,,,,123079,0.0014919398818165064
,,,37,,,,,,,,,,,,,,,,,,,,,,,,,,,,,123089,0.022259214892983437
,,,37,,,,,,,,,,,,,,,,,,,,,,,,,,,,,123099,0.07038135081529617
,,,37,,,,,,,,,,,,,,,,,,,,,,,,,,,,,123109,0.0018101688474416733
,,,37,,,,,,,,,,,,,,,,,,,,,,,,,,,,,123119,0.0015902802115306258
,,,37,,,,,,,,,,,,,,,,,,,,,,,,,,,,,123129,0.0025772075168788433
,,,37,,,,,,,,,,,,,,,,,,,,,,,,,,,,,123139,0.00134328193962574
,,,37,,,,,,,,,,,,,,,,,,,,,,,,,,,,,123149,0.0013676019152626395
,,,37,,,,,,,,,,,,,,,,,,,,,,,,,,,,,123159,0.06915228068828583
,,,37,,,,,,,,,,,,,,,,,,,,,,,,,,,,,123169,0.010869227349758148
,,,37,,,,,,,,,,,,,,,,,,,,,,,,,,,,,123179,0.14116284251213074
,,,37,,,,,,,,,,,,,,,,,,,,,,,,,,,,,123189,0.004322396591305733
,,,37,,,,,,,,,,,,,,,,,,,,,,,,,,,,,123199,0.00144968053791672
,,,37,,,,,,,,,,,,,,,,,,,,,,,,,,,,,123209,0.0005582673475146294
,,,37,,,,,,,,,,,,,,,,,,,,,,,,,,,,,123219,0.0025577025953680277
,,,37,,,,,,,,,,,,,,,,,,,,,,,,,,,,,123229,0.0036482757423073053
,,,37,,,,,,,,,,,,,,,,,,,,,,,,,,,,,123239,0.002677101409062743
,,,37,,,,,,,,,,,,,,,,,,,,,,,,,,,,,123249,0.0026122762355953455
,,,37,,,,,,,,,,,,,,,,,,,,,,,,,,,,,123259,0.002099694451317191
,,,37,,,,,,,,,,,,,,,,,,,,,,,,,,,,,123269,0.002127088839188218
,,,37,,,,,,,,,,,,,,,,,,,,,,,,,,,,,123279,0.0029083124827593565
,,,37,,,,,,,,,,,,,,,,,,,,,,,,,,,,,123289,0.0018796955700963736
,,,37,,,,,,,,,,,,,,,,,,,,,,,,,,,,,123299,0.0033945851027965546
,,,37,,,,,,,,,,,,,,,,,,,,,,,,,,,,,123309,0.0005841894308105111
,,,37,,,,,,,,,,,,,,,,,,,,,,,,,,,,,123319,0.0010669472394511104
,,,37,,,,,,,,,,,,,,,,,,,,,,,,,,,,,123329,0.001874138368293643
,,,37,,,,,,,,,,,,,,,,,,,,,,,,,,,,,123339,0.0008538775146007538
,,,37,,,,,,,,,,,,,,,,,,,,,,,,,,,,,123349,0.011164508759975433
,,,37,,,,,,,,,,,,,,,,,,,,,,,,,,,,,123359,0.0028655824717134237
,,,37,,,,,,,,,,,,,,,,,,,,,,,,,,,,,123369,0.0021429434418678284
,,,37,,,,,,,,,,,,,,,,,,,,,,,,,,,,,123379,0.09003127366304398
,,,37,,,,,,,,,,,,,,,,,,,,,,,,,,,,,123389,0.007104687392711639
,,,37,,,,,,,,,,,,,,,,,,,,,,,,,,,,,123399,0.15459105372428894
,,,37,,,,,,,,,,,,,,,,,,,,,,,,,,,,,123409,0.0018191472627222538
,,,37,,,,,,,,,,,,,,,,,,,,,,,,,,,,,123419,0.005388565361499786
,,,37,,,,,,,,,,,,,,,,,,,,,,,,,,,,,123429,0.002181608695536852
,,,37,,,,,,,,,,,,,,,,,,,,,,,,,,,,,123439,0.0018106804927811027
,,,37,,,,,,,,,,,,,,,,,,,,,,,,,,,,,123449,0.005060142371803522
,,,37,,,,,,,,,,,,,,,,,,,,,,,,,,,,,123459,0.0018547582440078259
,,,37,,,,,,,,,,,,,,,,,,,,,,,,,,,,,123469,0.009727586060762405
,,,37,,,,,,,,,,,,,,,,,,,,,,,,,,,,,123479,0.019329961389303207
,,,37,,,,,,,,,,,,,,,,,,,,,,,,,,,,,123489,0.000870145857334137
,,,37,,,,,,,,,,,,,,,,,,,,,,,,,,,,,123499,0.0012388493632897735
,,,37,,,,,,,,,,,,,,,,,,,,,,,,,,,,,123509,0.0008344005909748375
,,,37,,,,,,,,,,,,,,,,,,,,,,,,,,,,,123519,0.0010253724176436663
,,,37,,,,,,,,,,,,,,,,,,,,,,,,,,,,,123529,0.0018228346016258001
,,,37,,,,,,,,,,,,,,,,,,,,,,,,,,,,,123539,0.0029511996544897556
,,,37,,,,,,,,,,,,,,,,,,,,,,,,,,,,,123549,0.001848918735049665
,,,37,,,,,,,,,,,,,,,,,,,,,,,,,,,,,123559,0.07846579700708389
,,,37,,,,,,,,,,,,,,,,,,,,,,,,,,,,,123569,0.0009573956485837698
,,,37,,,,,,,,,,,,,,,,,,,,,,,,,,,,,123579,0.0011957553215324879
,,,37,,,,,,,,,,,,,,,,,,,,,,,,,,,,,123589,0.3436509370803833
,,,37,,,,,,,,,,,,,,,,,,,,,,,,,,,,,123599,0.0014553903602063656
,,,37,,,,,,,,,,,,,,,,,,,,,,,,,,,,,123609,0.003959091380238533
,,,37,,,,,,,,,,,,,,,,,,,,,,,,,,,,,123619,0.0017737143207341433
,,,37,,,,,,,,,,,,,,,,,,,,,,,,,,,,,123629,0.001102321082726121
,,,37,,,,,,,,,,,,,,,,,,,,,,,,,,,,,123639,0.0014063304988667369
,,,37,,,,,,,,,,,,,,,,,,,,,,,,,,,,,123649,0.002968602580949664
,,,37,,,,,,,,,,,,,,,,,,,,,,,,,,,,,123659,0.002125321887433529
,,,37,,,,,,,,,,,,,,,,,,,,,,,,,,,,,123669,0.0039993394166231155
,,,37,,,,,,,,,,,,,,,,,,,,,,,,,,,,,123679,0.0018129647942259908
,,,37,,,,,,,,,,,,,,,,,,,,,,,,,,,,,123689,0.006386255845427513
,,,37,,,,,,,,,,,,,,,,,,,,,,,,,,,,,123699,0.010590141639113426
,,,37,,,,,,,,,,,,,,,,,,,,,,,,,,,,,123709,0.008784669451415539
,,,37,,,,,,,,,,,,,,,,,,,,,,,,,,,,,123719,0.00446271663531661
,,,37,,,,,,,,,,,,,,,,,,,,,,,,,,,,,123729,0.9384744167327881
,,,37,,,,,,,,,,,,,,,,,,,,,,,,,,,,,123739,0.23104573786258698
,,,37,,,,,,,,,,,,,,,,,,,,,,,,,,,,,123749,0.008284663781523705
,,,37,,,,,,,,,,,,,,,,,,,,,,,,,,,,,123759,0.0008782824734225869
,,,37,,,,,,,,,,,,,,,,,,,,,,,,,,,,,123769,0.001166821806691587
,,,37,,,,,,,,,,,,,,,,,,,,,,,,,,,,,123779,0.3612789213657379
,,,37,,,,,,,,,,,,,,,,,,,,,,,,,,,,,123789,0.0019417155999690294
,,,37,,,,,,,,,,,,,,,,,,,,,,,,,,,,,123799,0.00091798126231879
,,,37,,,,,,,,,,,,,,,,,,,,,,,,,,,,,123809,0.0017921600956469774
,,,37,,,,,,,,,,,,,,,,,,,,,,,,,,,,,123819,0.012055317871272564
,,,37,,,,,,,,,,,,,,,,,,,,,,,,,,,,,123829,0.0011189737124368548
,,,37,,,,,,,,,,,,,,,,,,,,,,,,,,,,,123839,0.019054237753152847
,,,37,,,,,,,,,,,,,,,,,,,,,,,,,,,,,123849,0.0018210100242868066
,,,37,,,,,,,,,,,,,,,,,,,,,,,,,,,,,123859,0.0026895098853856325
,,,37,,,,,,,,,,,,,,,,,,,,,,,,,,,,,123869,0.11107196658849716
,,,37,,,,,,,,,,,,,,,,,,,,,,,,,,,,,123879,0.00256737950257957
,,,37,,,,,,,,,,,,,,,,,,,,,,,,,,,,,123889,0.09977716952562332
,,,37,,,,,,,,,,,,,,,,,,,,,,,,,,,,,123899,0.0015533965779468417
,,,37,,,,,,,,,,,,,,,,,,,,,,,,,,,,,123909,0.0029101811815053225
,,,37,,,,,,,,,,,,,,,,,,,,,,,,,,,,,123919,0.1083560362458229
,,,37,,,,,,,,,,,,,,,,,,,,,,,,,,,,,123929,0.32058221101760864
,,,37,,,,,,,,,,,,,,,,,,,,,,,,,,,,,123939,0.009050610475242138
,,,37,,,,,,,,,,,,,,,,,,,,,,,,,,,,,123949,0.003200904931873083
,,,37,,,,,,,,,,,,,,,,,,,,,,,,,,,,,123959,0.004398834425956011
,,,37,,,,,,,,,,,,,,,,,,,,,,,,,,,,,123969,0.009782194159924984
,,,37,,,,,,,,,,,,,,,,,,,,,,,,,,,,,123979,0.002791766310110688
,,,37,,,,,,,,,,,,,,,,,,,,,,,,,,,,,123989,0.0032731019891798496
,,,37,,,,,,,,,,,,,,,,,,,,,,,,,,,,,123999,0.5646132826805115
,,,37,,,,,,,,,,,,,,,,,,,,,,,,,,,,,124009,0.0017333256546407938
,,,37,,,,,,,,,,,,,,,,,,,,,,,,,,,,,124019,0.13305380940437317
,,,37,,,,,,,,,,,,,,,,,,,,,,,,,,,,,124029,0.0019662014674395323
,,,37,,,,,,,,,,,,,,,,,,,,,,,,,,,,,124039,0.020935675129294395
,,,37,,,,,,,,,,,,,,,,,,,,,,,,,,,,,124049,0.002184361917898059
,,,37,,,,,,,,,,,,,,,,,,,,,,,,,,,,,124059,0.10109670460224152
,,,37,,,,,,,,,,,,,,,,,,,,,,,,,,,,,124069,0.0037473055999726057
,,,37,,,,,,,,,,,,,,,,,,,,,,,,,,,,,124079,0.0026594004593789577
,,,37,,,,,,,,,,,,,,,,,,,,,,,,,,,,,124089,0.001197656849399209
,,,37,,,,,,,,,,,,,,,,,,,,,,,,,,,,,124099,0.028423551470041275
,,,37,,,,,,,,,,,,,,,,,,,,,,,,,,,,,124109,0.000994061934761703
,,,37,,,,,,,,,,,,,,,,,,,,,,,,,,,,,124119,0.0013800348388031125
,,,37,,,,,,,,,,,,,,,,,,,,,,,,,,,,,124129,0.009222734719514847
,,,37,,,,,,,,,,,,,,,,,,,,,,,,,,,,,124139,0.00690861139446497
,,,37,,,,,,,,,,,,,,,,,,,,,,,,,,,,,124149,0.002271647099405527
,,,37,,,,,,,,,,,,,,,,,,,,,,,,,,,,,124159,0.0020555537194013596
,,,37,,,,,,,,,,,,,,,,,,,,,,,,,,,,,124169,0.0010804441990330815
,,,37,,,,,,,,,,,,,,,,,,,,,,,,,,,,,124179,0.003493041265755892
,,,37,,,,,,,,,,,,,,,,,,,,,,,,,,,,,124189,0.0010611030738800764
,,,37,,,,,,,,,,,,,,,,,,,,,,,,,,,,,124199,0.0022562239319086075
,,,37,,,,,,,,,,,,,,,,,,,,,,,,,,,,,124209,0.0019604521803557873
,,,37,,,,,,,,,,,,,,,,,,,,,,,,,,,,,124219,0.004441566299647093
,,,37,,,,,,,,,,,,,,,,,,,,,,,,,,,,,124229,0.0019184082048013806
,,,37,,,,,,,,,,,,,,,,,,,,,,,,,,,,,124239,0.0015184540534392
,,,37,,,,,,,,,,,,,,,,,,,,,,,,,,,,,124249,0.0009554590214975178
,,,37,,,,,,,,,,,,,,,,,,,,,,,,,,,,,124259,0.14094409346580505
,,,37,,,,,,,,,,,,,,,,,,,,,,,,,,,,,124269,0.006261130794882774
,,,37,,,,,,,,,,,,,,,,,,,,,,,,,,,,,124279,0.0012865925673395395
,,,37,,,,,,,,,,,,,,,,,,,,,,,,,,,,,124289,0.0022750806529074907
,,,37,,,,,,,,,,,,,,,,,,,,,,,,,,,,,124299,0.0032797923777252436
,,,37,,,,,,,,,,,,,,,,,,,,,,,,,,,,,124309,0.0013941371580585837
,,,37,,,,,,,,,,,,,,,,,,,,,,,,,,,,,124319,0.0021491756197065115
,,,37,,,,,,,,,,,,,,,,,,,,,,,,,,,,,124329,0.0011804639361798763
,,,37,,,,,,,,,,,,,,,,,,,,,,,,,,,,,124339,0.001237938879057765
,,,37,,,,,,,,,,,,,,,,,,,,,,,,,,,,,124349,0.023549487814307213
,,,37,,,,,,,,,,,,,,,,,,,,,,,,,,,,,124359,0.002056414494290948
,,,37,,,,,,,,,,,,,,,,,,,,,,,,,,,,,124369,0.004121212288737297
,,,37,,,,,,,,,,,,,,,,,,,,,,,,,,,,,124379,0.003288949141278863
,,,37,,,,,,,,,,,,,,,,,,,,,,,,,,,,,124389,0.0012182219652459025
,,,37,,,,,,,,,,,,,,,,,,,,,,,,,,,,,124399,0.0030476320534944534
,,,37,,,,,,,,,,,,,,,,,,,,,,,,,,,,,124409,0.0013222085544839501
,,,37,,,,,,,,,,,,,,,,,,,,,,,,,,,,,124419,0.35423871874809265
,,,37,,,,,,,,,,,,,,,,,,,,,,,,,,,,,124429,0.0019362779567018151
,,,37,,,,,,,,,,,,,,,,,,,,,,,,,,,,,124439,0.0015018993290141225
,,,37,,,,,,,,,,,,,,,,,,,,,,,,,,,,,124449,0.002028300426900387
,,,37,,,,,,,,,,,,,,,,,,,,,,,,,,,,,124459,0.001924248761497438
,,,37,,,,,,,,,,,,,,,,,,,,,,,,,,,,,124469,0.0015455883694812655
,,,37,,,,,,,,,,,,,,,,,,,,,,,,,,,,,124479,0.0023677172139286995
,,,37,,,,,,,,,,,,,,,,,,,,,,,,,,,,,124489,0.002135351998731494
,,,37,,,,,,,,,,,,,,,,,,,,,,,,,,,,,124499,0.007084743585437536
,,,37,,,,,,,,,,,,,,,,,,,,,,,,,,,,,124509,0.0008774992311373353
,,,37,,,,,,,,,,,,,,,,,,,,,,,,,,,,,124519,0.001148306648246944
,,,37,,,,,,,,,,,,,,,,,,,,,,,,,,,,,124529,0.002303231041878462
,,,37,,,,,,,,,,,,,,,,,,,,,,,,,,,,,124539,0.0011088891187682748
,,,37,,,,,,,,,,,,,,,,,,,,,,,,,,,,,124549,0.002357683377340436
,,,37,,,,,,,,,,,,,,,,,,,,,,,,,,,,,124559,0.0018588962266221642
,,,37,,,,,,,,,,,,,,,,,,,,,,,,,,,,,124569,0.04901069030165672
,,,37,,,,,,,,,,,,,,,,,,,,,,,,,,,,,124579,0.0013434856664389372
,,,37,,,,,,,,,,,,,,,,,,,,,,,,,,,,,124589,0.2666875123977661
,,,37,,,,,,,,,,,,,,,,,,,,,,,,,,,,,124599,0.0029891845770180225
,,,37,,,,,,,,,,,,,,,,,,,,,,,,,,,,,124609,0.001061132876202464
,,,37,,,,,,,,,,,,,,,,,,,,,,,,,,,,,124619,0.3504701852798462
,,,37,,,,,,,,,,,,,,,,,,,,,,,,,,,,,124629,0.0017210497753694654
,,,37,,,,,,,,,,,,,,,,,,,,,,,,,,,,,124639,0.027699844911694527
,,,37,,,,,,,,,,,,,,,,,,,,,,,,,,,,,124649,0.0026413954328745604
,,,37,,,,,,,,,,,,,,,,,,,,,,,,,,,,,124659,0.0021883691661059856
,,,37,,,,,,,,,,,,,,,,,,,,,,,,,,,,,124669,0.006713906768709421
,,,37,,,,,,,,,,,,,,,,,,,,,,,,,,,,,124679,0.010251954197883606
,,,37,,,,,,,,,,,,,,,,,,,,,,,,,,,,,124689,0.0011114923981949687
,,,37,,,,,,,,,,,,,,,,,,,,,,,,,,,,,124699,0.011705893091857433
,,,37,,,,,,,,,,,,,,,,,,,,,,,,,,,,,124709,0.0033049420453608036
,,,37,,,,,,,,,,,,,,,,,,,,,,,,,,,,,124719,0.0017020102823153138
,,,37,,,,,,,,,,,,,,,,,,,,,,,,,,,,,124729,0.13804839551448822
,,,37,,,,,,,,,,,,,,,,,,,,,,,,,,,,,124739,0.002452272456139326
,,,37,,,,,,,,,,,,,,,,,,,,,,,,,,,,,124749,0.005574151873588562
,,,37,,,,,,,,,,,,,,,,,,,,,,,,,,,,,124759,0.001952792750671506
,,,37,,,,,,,,,,,,,,,,,,,,,,,,,,,,,124769,0.13350842893123627
,,,37,,,,,,,,,,,,,,,,,,,,,,,,,,,,,124779,0.04876332730054855
,,,37,,,,,,,,,,,,,,,,,,,,,,,,,,,,,124789,0.004506694618612528
,,,37,,,,,,,,,,,,,,,,,,,,,,,,,,,,,124799,0.0023081148974597454
,,,37,,,,,,,,,,,,,,,,,,,,,,,,,,,,,124809,0.00081667146878317
,,,37,,,,,,,,,,,,,,,,,,,,,,,,,,,,,124819,0.0025261847767978907
,,,37,,,,,,,,,,,,,,,,,,,,,,,,,,,,,124829,0.011354253627359867
,,,37,,,,,,,,,,,,,,,,,,,,,,,,,,,,,124839,0.0007886110106483102
,,,37,,,,,,,,,,,,,,,,,,,,,,,,,,,,,124849,0.0018160585314035416
,,,37,,,,,,,,,,,,,,,,,,,,,,,,,,,,,124859,0.005149591248482466
,,,37,,,,,,,,,,,,,,,,,,,,,,,,,,,,,124869,0.0039723217487335205
,,,37,,,,,,,,,,,,,,,,,,,,,,,,,,,,,124879,0.24138669669628143
,,,37,,,,,,,,,,,,,,,,,,,,,,,,,,,,,124889,0.07651121914386749
,,,37,,,,,,,,,,,,,,,,,,,,,,,,,,,,,124899,0.003370785154402256
,,,37,,,,,,,,,,,,,,,,,,,,,,,,,,,,,124909,0.23088371753692627
,,,37,,,,,,,,,,,,,,,,,,,,,,,,,,,,,124919,0.001193225383758545
,,,37,,,,,,,,,,,,,,,,,,,,,,,,,,,,,124929,0.002235639374703169
,,,37,,,,,,,,,,,,,,,,,,,,,,,,,,,,,124939,0.004851531237363815
,,,37,,,,,,,,,,,,,,,,,,,,,,,,,,,,,124949,0.000979152275249362
,,,37,,,,,,,,,,,,,,,,,,,,,,,,,,,,,124959,0.24041704833507538
,,,37,,,,,,,,,,,,,,,,,,,,,,,,,,,,,124969,0.005595340393483639
,,,37,,,,,,,,,,,,,,,,,,,,,,,,,,,,,124979,0.0009809911716729403
,,,37,,,,,,,,,,,,,,,,,,,,,,,,,,,,,124989,0.0010464100632816553
,,,37,,,,,,,,,,,,,,,,,,,,,,,,,,,,,124999,0.0013345632469281554
,,,37,,,,,,,,,,,,,,,,,,,,,,,,,,,,,125009,1.3521392345428467
,,,37,,,,,,,,,,,,,,,,,,,,,,,,,,,,,125019,0.000732390908524394
,,,37,,,,,,,,,,,,,,,,,,,,,,,,,,,,,125029,0.001976205036044121
,,,37,,,,,,,,,,,,,,,,,,,,,,,,,,,,,125039,0.0016007503727450967
,,,37,,,,,,,,,,,,,,,,,,,,,,,,,,,,,125049,0.0017078976379707456
,,,37,,,,,,,,,,,,,,,,,,,,,,,,,,,,,125059,0.4904074966907501
,,,37,,,,,,,,,,,,,,,,,,,,,,,,,,,,,125069,0.0019477298483252525
,,,37,,,,,,,,,,,,,,,,,,,,,,,,,,,,,125079,0.0018397700041532516
,,,37,,,,,,,,,,,,,,,,,,,,,,,,,,,,,125089,0.0029272448737174273
,,,37,,,,,,,,,,,,,,,,,,,,,,,,,,,,,125099,0.0011393878376111388
,,,37,,,,,,,,,,,,,,,,,,,,,,,,,,,,,125109,0.47889941930770874
,,,37,,,,,,,,,,,,,,,,,,,,,,,,,,,,,125119,0.01904010772705078
,,,37,,,,,,,,,,,,,,,,,,,,,,,,,,,,,125129,0.0059824055060744286
,,,37,,,,,,,,,,,,,,,,,,,,,,,,,,,,,125139,0.0015859849518164992
,,,37,,,,,,,,,,,,,,,,,,,,,,,,,,,,,125149,0.00846611987799406
,,,37,,,,,,,,,,,,,,,,,,,,,,,,,,,,,125159,0.0028019093442708254
,,,37,,,,,,,,,,,,,,,,,,,,,,,,,,,,,125169,0.0007103054667823017
,,,37,,,,,,,,,,,,,,,,,,,,,,,,,,,,,125179,0.0011089944746345282
,,,37,,,,,,,,,,,,,,,,,,,,,,,,,,,,,125189,0.0021139667369425297
,,,37,,,,,,,,,,,,,,,,,,,,,,,,,,,,,125199,0.0010083887027576566
,,,37,,,,,,,,,,,,,,,,,,,,,,,,,,,,,125209,0.040935222059488297
,,,37,,,,,,,,,,,,,,,,,,,,,,,,,,,,,125219,0.0008561258437111974
,,,37,,,,,,,,,,,,,,,,,,,,,,,,,,,,,125229,0.0014568063197657466
,,,37,,,,,,,,,,,,,,,,,,,,,,,,,,,,,125239,0.0008733858703635633
,,,37,,,,,,,,,,,,,,,,,,,,,,,,,,,,,125249,0.0011081118136644363
,,,37,,,,,,,,,,,,,,,,,,,,,,,,,,,,,125259,0.001730768708512187
,,,37,,,,,,,,,,,,,,,,,,,,,,,,,,,,,125269,0.8622572422027588
,,,37,,,,,,,,,,,,,,,,,,,,,,,,,,,,,125279,0.032336506992578506
,,,37,,,,,,,,,,,,,,,,,,,,,,,,,,,,,125289,0.03677879273891449
,,,37,,,,,,,,,,,,,,,,,,,,,,,,,,,,,125299,0.0010621324181556702
,,,37,,,,,,,,,,,,,,,,,,,,,,,,,,,,,125309,0.0034054466523230076
,,,37,,,,,,,,,,,,,,,,,,,,,,,,,,,,,125319,0.002941932063549757
,,,37,,,,,,,,,,,,,,,,,,,,,,,,,,,,,125329,0.00105072814039886
,,,37,,,,,,,,,,,,,,,,,,,,,,,,,,,,,125339,0.0018073871033266187
,,,37,,,,,,,,,,,,,,,,,,,,,,,,,,,,,125349,0.003477978054434061
,,,37,,,,,,,,,,,,,,,,,,,,,,,,,,,,,125359,0.5759243965148926
,,,37,,,,,,,,,,,,,,,,,,,,,,,,,,,,,125369,0.0008331003482453525
,,,37,,,,,,,,,,,,,,,,,,,,,,,,,,,,,125379,0.0015889500500634313
,,,37,,,,,,,,,,,,,,,,,,,,,,,,,,,,,125389,0.0009046911145560443
,,,37,,,,,,,,,,,,,,,,,,,,,,,,,,,,,125399,0.02666478045284748
,,,37,,,,,,,,,,,,,,,,,,,,,,,,,,,,,125409,0.0009812365751713514
,,,37,,,,,,,,,,,,,,,,,,,,,,,,,,,,,125419,0.08002980053424835
,,,37,,,,,,,,,,,,,,,,,,,,,,,,,,,,,125429,0.0017132352804765105
,,,37,,,,,,,,,,,,,,,,,,,,,,,,,,,,,125439,0.0013458073372021317
,,,37,,,,,,,,,,,,,,,,,,,,,,,,,,,,,125449,0.020486490800976753
,,,37,,,,,,,,,,,,,,,,,,,,,,,,,,,,,125459,0.009141226299107075
,,,37,,,,,,,,,,,,,,,,,,,,,,,,,,,,,125469,0.0009940189775079489
,,,37,,,,,,,,,,,,,,,,,,,,,,,,,,,,,125479,0.000623938802164048
,,,37,,,,,,,,,,,,,,,,,,,,,,,,,,,,,125489,0.00215192511677742
,,,37,,,,,,,,,,,,,,,,,,,,,,,,,,,,,125499,0.0005568405031226575
,,,37,,,,,,,,,,,,,,,,,,,,,,,,,,,,,125509,1.4656740427017212
,,,37,,,,,,,,,,,,,,,,,,,,,,,,,,,,,125519,0.0008573279483243823
,,,37,,,,,,,,,,,,,,,,,,,,,,,,,,,,,125529,0.20045854151248932
,,,37,,,,,,,,,,,,,,,,,,,,,,,,,,,,,125539,0.0022242518607527018
,,,37,,,,,,,,,,,,,,,,,,,,,,,,,,,,,125549,0.010727322660386562
,,,37,,,,,,,,,,,,,,,,,,,,,,,,,,,,,125559,0.17299754917621613
,,,37,,,,,,,,,,,,,,,,,,,,,,,,,,,,,125569,0.002936449134722352
,,,37,,,,,,,,,,,,,,,,,,,,,,,,,,,,,125579,0.34290143847465515
,,,37,,,,,,,,,,,,,,,,,,,,,,,,,,,,,125589,0.11554617434740067
,,,37,,,,,,,,,,,,,,,,,,,,,,,,,,,,,125599,0.002285594819113612
,,,37,,,,,,,,,,,,,,,,,,,,,,,,,,,,,125609,0.001941355294547975
,,,37,,,,,,,,,,,,,,,,,,,,,,,,,,,,,125619,0.0021695203613489866
,,,37,,,,,,,,,,,,,,,,,,,,,,,,,,,,,125629,0.0018032792722806334
,,,37,,,,,,,,,,,,,,,,,,,,,,,,,,,,,125639,0.0012741867685690522
,,,37,,,,,,,,,,,,,,,,,,,,,,,,,,,,,125649,0.002265704795718193
,,,37,,,,,,,,,,,,,,,,,,,,,,,,,,,,,125659,0.15579946339130402
,,,37,,,,,,,,,,,,,,,,,,,,,,,,,,,,,125669,0.0112810879945755
,,,37,,,,,,,,,,,,,,,,,,,,,,,,,,,,,125679,0.0020023349206894636
,,,37,,,,,,,,,,,,,,,,,,,,,,,,,,,,,125689,0.0029681874439120293
,,,37,,,,,,,,,,,,,,,,,,,,,,,,,,,,,125699,0.012730513699352741
,,,37,,,,,,,,,,,,,,,,,,,,,,,,,,,,,125709,0.001084030605852604
,,,37,,,,,,,,,,,,,,,,,,,,,,,,,,,,,125719,0.0032889056019484997
,,,37,,,,,,,,,,,,,,,,,,,,,,,,,,,,,125729,0.002597939921543002
,,,37,,,,,,,,,,,,,,,,,,,,,,,,,,,,,125739,0.00315408525057137
,,,37,,,,,,,,,,,,,,,,,,,,,,,,,,,,,125749,0.003961022011935711
,,,37,,,,,,,,,,,,,,,,,,,,,,,,,,,,,125759,0.0450839139521122
,,,37,,,,,,,,,,,,,,,,,,,,,,,,,,,,,125769,0.0008972130017355084
,,,37,,,,,,,,,,,,,,,,,,,,,,,,,,,,,125779,0.0010885652154684067
,,,,9.409940548675545e-08,5.271490801400816e-07,8.109985848308946e-07,8.109985848308946e-07,1.2476901305090686e-06,1.2476901305090686e-06,1.9195232777062595e-06,1.9195232777062595e-06,2.9531127349327065e-06,2.9531127349327065e-06,4.543250361434933e-06,9.409940548675545e-08,4.543250361434933e-06,6.989615940669127e-06,6.989615940669127e-06,1.075325529333712e-05,1.075325529333712e-05,1.6543469682057106e-05,1.6543469682057106e-05,1.6543469682057106e-05,1.6543469682057106e-05,1.447683161334699e-07,1.447683161334699e-07,2.2272048635918447e-07,2.2272048635918447e-07,3.42646902091053e-07,3.42646902091053e-07,5.271490801400816e-07,125781,
,,,38,,,,,,,,,,,,,,,,,,,,,,,,,,,,,125789,0.0119553841650486
,,,38,,,,,,,,,,,,,,,,,,,,,,,,,,,,,125799,0.0019140277290716767
,,,38,,,,,,,,,,,,,,,,,,,,,,,,,,,,,125809,0.022942498326301575
,,,38,,,,,,,,,,,,,,,,,,,,,,,,,,,,,125819,0.0007445560768246651
,,,38,,,,,,,,,,,,,,,,,,,,,,,,,,,,,125829,0.001171211013570428
,,,38,,,,,,,,,,,,,,,,,,,,,,,,,,,,,125839,0.03919215500354767
,,,38,,,,,,,,,,,,,,,,,,,,,,,,,,,,,125849,0.1814461350440979
,,,38,,,,,,,,,,,,,,,,,,,,,,,,,,,,,125859,0.003813433228060603
,,,38,,,,,,,,,,,,,,,,,,,,,,,,,,,,,125869,0.002530059078708291
,,,38,,,,,,,,,,,,,,,,,,,,,,,,,,,,,125879,0.004976422991603613
,,,38,,,,,,,,,,,,,,,,,,,,,,,,,,,,,125889,1.4880084991455078
,,,38,,,,,,,,,,,,,,,,,,,,,,,,,,,,,125899,0.15126702189445496
,,,38,,,,,,,,,,,,,,,,,,,,,,,,,,,,,125909,0.001182079198770225
,,,38,,,,,,,,,,,,,,,,,,,,,,,,,,,,,125919,0.6937610507011414
,,,38,,,,,,,,,,,,,,,,,,,,,,,,,,,,,125929,0.10908584296703339
,,,38,,,,,,,,,,,,,,,,,,,,,,,,,,,,,125939,0.0016922298818826675
,,,38,,,,,,,,,,,,,,,,,,,,,,,,,,,,,125949,0.5968434810638428
,,,38,,,,,,,,,,,,,,,,,,,,,,,,,,,,,125959,0.027987731620669365
,,,38,,,,,,,,,,,,,,,,,,,,,,,,,,,,,125969,0.0018652217695489526
,,,38,,,,,,,,,,,,,,,,,,,,,,,,,,,,,125979,0.0009607650572434068
,,,38,,,,,,,,,,,,,,,,,,,,,,,,,,,,,125989,0.08306805044412613
,,,38,,,,,,,,,,,,,,,,,,,,,,,,,,,,,125999,0.0010251118801534176
,,,38,,,,,,,,,,,,,,,,,,,,,,,,,,,,,126009,0.0008036022773012519
,,,38,,,,,,,,,,,,,,,,,,,,,,,,,,,,,126019,0.0011201880406588316
,,,38,,,,,,,,,,,,,,,,,,,,,,,,,,,,,126029,0.011356080882251263
,,,38,,,,,,,,,,,,,,,,,,,,,,,,,,,,,126039,0.001397344982251525
,,,38,,,,,,,,,,,,,,,,,,,,,,,,,,,,,126049,0.0017978842370212078
,,,38,,,,,,,,,,,,,,,,,,,,,,,,,,,,,126059,0.0029777339659631252
,,,38,,,,,,,,,,,,,,,,,,,,,,,,,,,,,126069,0.0031945924274623394
,,,38,,,,,,,,,,,,,,,,,,,,,,,,,,,,,126079,0.26229628920555115
,,,38,,,,,,,,,,,,,,,,,,,,,,,,,,,,,126089,0.0016524539096280932
,,,38,,,,,,,,,,,,,,,,,,,,,,,,,,,,,126099,0.005341629963368177
,,,38,,,,,,,,,,,,,,,,,,,,,,,,,,,,,126109,0.001636085333302617
,,,38,,,,,,,,,,,,,,,,,,,,,,,,,,,,,126119,0.00356330000795424
,,,38,,,,,,,,,,,,,,,,,,,,,,,,,,,,,126129,0.0007916575996205211
,,,38,,,,,,,,,,,,,,,,,,,,,,,,,,,,,126139,0.002242019400000572
,,,38,,,,,,,,,,,,,,,,,,,,,,,,,,,,,126149,0.8673819303512573
,,,38,,,,,,,,,,,,,,,,,,,,,,,,,,,,,126159,0.6371558308601379
,,,38,,,,,,,,,,,,,,,,,,,,,,,,,,,,,126169,0.1526896357536316
,,,38,,,,,,,,,,,,,,,,,,,,,,,,,,,,,126179,0.030888715758919716
,,,38,,,,,,,,,,,,,,,,,,,,,,,,,,,,,126189,0.001135082682594657
,,,38,,,,,,,,,,,,,,,,,,,,,,,,,,,,,126199,0.0015354040078818798
,,,38,,,,,,,,,,,,,,,,,,,,,,,,,,,,,126209,0.00195308739785105
,,,38,,,,,,,,,,,,,,,,,,,,,,,,,,,,,126219,0.005949686747044325
,,,38,,,,,,,,,,,,,,,,,,,,,,,,,,,,,126229,0.002739379648119211
,,,38,,,,,,,,,,,,,,,,,,,,,,,,,,,,,126239,0.0031090194825083017
,,,38,,,,,,,,,,,,,,,,,,,,,,,,,,,,,126249,0.008291698060929775
,,,38,,,,,,,,,,,,,,,,,,,,,,,,,,,,,126259,0.0043512205593287945
,,,38,,,,,,,,,,,,,,,,,,,,,,,,,,,,,126269,0.005499377381056547
,,,38,,,,,,,,,,,,,,,,,,,,,,,,,,,,,126279,0.000798123306594789
,,,38,,,,,,,,,,,,,,,,,,,,,,,,,,,,,126289,0.0019843103364109993
,,,38,,,,,,,,,,,,,,,,,,,,,,,,,,,,,126299,0.0015517153078690171
,,,38,,,,,,,,,,,,,,,,,,,,,,,,,,,,,126309,0.8914254307746887
,,,38,,,,,,,,,,,,,,,,,,,,,,,,,,,,,126319,0.010275394655764103
,,,38,,,,,,,,,,,,,,,,,,,,,,,,,,,,,126329,0.0013727213954553008
,,,38,,,,,,,,,,,,,,,,,,,,,,,,,,,,,126339,0.3556516468524933
,,,38,,,,,,,,,,,,,,,,,,,,,,,,,,,,,126349,0.0011200051521882415
,,,38,,,,,,,,,,,,,,,,,,,,,,,,,,,,,126359,0.0008522192947566509
,,,38,,,,,,,,,,,,,,,,,,,,,,,,,,,,,126369,0.2569757103919983
,,,38,,,,,,,,,,,,,,,,,,,,,,,,,,,,,126379,0.9752914905548096
,,,38,,,,,,,,,,,,,,,,,,,,,,,,,,,,,126389,0.003587529296055436
,,,38,,,,,,,,,,,,,,,,,,,,,,,,,,,,,126399,0.001810030429624021
,,,38,,,,,,,,,,,,,,,,,,,,,,,,,,,,,126409,0.006200633943080902
,,,38,,,,,,,,,,,,,,,,,,,,,,,,,,,,,126419,0.0016289812047034502
,,,38,,,,,,,,,,,,,,,,,,,,,,,,,,,,,126429,0.01672489382326603
,,,38,,,,,,,,,,,,,,,,,,,,,,,,,,,,,126439,0.0013841049512848258
,,,38,,,,,,,,,,,,,,,,,,,,,,,,,,,,,126449,0.0007897104369476438
,,,38,,,,,,,,,,,,,,,,,,,,,,,,,,,,,126459,0.007373276632279158
,,,38,,,,,,,,,,,,,,,,,,,,,,,,,,,,,126469,0.0016019997419789433
,,,38,,,,,,,,,,,,,,,,,,,,,,,,,,,,,126479,0.0025457232259213924
,,,38,,,,,,,,,,,,,,,,,,,,,,,,,,,,,126489,0.4203113615512848
,,,38,,,,,,,,,,,,,,,,,,,,,,,,,,,,,126499,0.0012483521131798625
,,,38,,,,,,,,,,,,,,,,,,,,,,,,,,,,,126509,0.6415719985961914
,,,38,,,,,,,,,,,,,,,,,,,,,,,,,,,,,126519,0.0021497420966625214
,,,38,,,,,,,,,,,,,,,,,,,,,,,,,,,,,126529,0.0028570315334945917
,,,38,,,,,,,,,,,,,,,,,,,,,,,,,,,,,126539,0.001633066451177001
,,,38,,,,,,,,,,,,,,,,,,,,,,,,,,,,,126549,0.0017481661634519696
,,,38,,,,,,,,,,,,,,,,,,,,,,,,,,,,,126559,0.0010170215973630548
,,,38,,,,,,,,,,,,,,,,,,,,,,,,,,,,,126569,0.0017010647570714355
,,,38,,,,,,,,,,,,,,,,,,,,,,,,,,,,,126579,0.001684039132669568
,,,38,,,,,,,,,,,,,,,,,,,,,,,,,,,,,126589,0.0042673200368881226
,,,38,,,,,,,,,,,,,,,,,,,,,,,,,,,,,126599,0.00966265331953764
,,,38,,,,,,,,,,,,,,,,,,,,,,,,,,,,,126609,0.002084747888147831
,,,38,,,,,,,,,,,,,,,,,,,,,,,,,,,,,126619,0.0065447865054011345
,,,38,,,,,,,,,,,,,,,,,,,,,,,,,,,,,126629,0.012455028481781483
,,,38,,,,,,,,,,,,,,,,,,,,,,,,,,,,,126639,0.0011742573697119951
,,,38,,,,,,,,,,,,,,,,,,,,,,,,,,,,,126649,0.006579873152077198
,,,38,,,,,,,,,,,,,,,,,,,,,,,,,,,,,126659,0.0012306389398872852
,,,38,,,,,,,,,,,,,,,,,,,,,,,,,,,,,126669,0.004899732768535614
,,,38,,,,,,,,,,,,,,,,,,,,,,,,,,,,,126679,0.0018752244068309665
,,,38,,,,,,,,,,,,,,,,,,,,,,,,,,,,,126689,0.0014894299674779177
,,,38,,,,,,,,,,,,,,,,,,,,,,,,,,,,,126699,0.49622833728790283
,,,38,,,,,,,,,,,,,,,,,,,,,,,,,,,,,126709,0.004258051980286837
,,,38,,,,,,,,,,,,,,,,,,,,,,,,,,,,,126719,0.0009667320991866291
,,,38,,,,,,,,,,,,,,,,,,,,,,,,,,,,,126729,0.3297015130519867
,,,38,,,,,,,,,,,,,,,,,,,,,,,,,,,,,126739,0.002179359784349799
,,,38,,,,,,,,,,,,,,,,,,,,,,,,,,,,,126749,0.0009602513164281845
,,,38,,,,,,,,,,,,,,,,,,,,,,,,,,,,,126759,0.0014647910138592124
,,,38,,,,,,,,,,,,,,,,,,,,,,,,,,,,,126769,0.5261065363883972
,,,38,,,,,,,,,,,,,,,,,,,,,,,,,,,,,126779,0.0022334083914756775
,,,38,,,,,,,,,,,,,,,,,,,,,,,,,,,,,126789,0.009261209517717361
,,,38,,,,,,,,,,,,,,,,,,,,,,,,,,,,,126799,0.008409775793552399
,,,38,,,,,,,,,,,,,,,,,,,,,,,,,,,,,126809,0.0008525985176675022
,,,38,,,,,,,,,,,,,,,,,,,,,,,,,,,,,126819,0.004828392527997494
,,,38,,,,,,,,,,,,,,,,,,,,,,,,,,,,,126829,0.010364283807575703
,,,38,,,,,,,,,,,,,,,,,,,,,,,,,,,,,126839,0.0018138957675546408
,,,38,,,,,,,,,,,,,,,,,,,,,,,,,,,,,126849,0.0009161116322502494
,,,38,,,,,,,,,,,,,,,,,,,,,,,,,,,,,126859,0.012385259382426739
,,,38,,,,,,,,,,,,,,,,,,,,,,,,,,,,,126869,0.0012594505678862333
,,,38,,,,,,,,,,,,,,,,,,,,,,,,,,,,,126879,0.008620127104222775
,,,38,,,,,,,,,,,,,,,,,,,,,,,,,,,,,126889,0.25930967926979065
,,,38,,,,,,,,,,,,,,,,,,,,,,,,,,,,,126899,0.0028329878114163876
,,,38,,,,,,,,,,,,,,,,,,,,,,,,,,,,,126909,0.002169088227674365
,,,38,,,,,,,,,,,,,,,,,,,,,,,,,,,,,126919,0.007607161998748779
,,,38,,,,,,,,,,,,,,,,,,,,,,,,,,,,,126929,0.004423122387379408
,,,38,,,,,,,,,,,,,,,,,,,,,,,,,,,,,126939,0.0024699149653315544
,,,38,,,,,,,,,,,,,,,,,,,,,,,,,,,,,126949,0.2807773947715759
,,,38,,,,,,,,,,,,,,,,,,,,,,,,,,,,,126959,0.5846107602119446
,,,38,,,,,,,,,,,,,,,,,,,,,,,,,,,,,126969,0.005731903947889805
,,,38,,,,,,,,,,,,,,,,,,,,,,,,,,,,,126979,0.015771575272083282
,,,38,,,,,,,,,,,,,,,,,,,,,,,,,,,,,126989,0.003878864459693432
,,,38,,,,,,,,,,,,,,,,,,,,,,,,,,,,,126999,0.0012897318229079247
,,,38,,,,,,,,,,,,,,,,,,,,,,,,,,,,,127009,0.0011839746730402112
,,,38,,,,,,,,,,,,,,,,,,,,,,,,,,,,,127019,0.001596032059751451
,,,38,,,,,,,,,,,,,,,,,,,,,,,,,,,,,127029,0.001546429586596787
,,,38,,,,,,,,,,,,,,,,,,,,,,,,,,,,,127039,0.24454526603221893
,,,38,,,,,,,,,,,,,,,,,,,,,,,,,,,,,127049,0.0013845170615240932
,,,38,,,,,,,,,,,,,,,,,,,,,,,,,,,,,127059,0.0004959237994626164
,,,38,,,,,,,,,,,,,,,,,,,,,,,,,,,,,127069,0.1983763426542282
,,,38,,,,,,,,,,,,,,,,,,,,,,,,,,,,,127079,0.001945835305377841
,,,38,,,,,,,,,,,,,,,,,,,,,,,,,,,,,127089,0.0017448499565944076
,,,38,,,,,,,,,,,,,,,,,,,,,,,,,,,,,127099,0.25270676612854004
,,,38,,,,,,,,,,,,,,,,,,,,,,,,,,,,,127109,0.0012412439100444317
,,,38,,,,,,,,,,,,,,,,,,,,,,,,,,,,,127119,0.003966102842241526
,,,38,,,,,,,,,,,,,,,,,,,,,,,,,,,,,127129,0.6003895401954651
,,,38,,,,,,,,,,,,,,,,,,,,,,,,,,,,,127139,0.0023759210016578436
,,,38,,,,,,,,,,,,,,,,,,,,,,,,,,,,,127149,0.24685484170913696
,,,38,,,,,,,,,,,,,,,,,,,,,,,,,,,,,127159,0.1387285441160202
,,,38,,,,,,,,,,,,,,,,,,,,,,,,,,,,,127169,0.0021598965395241976
,,,38,,,,,,,,,,,,,,,,,,,,,,,,,,,,,127179,0.015922270715236664
,,,38,,,,,,,,,,,,,,,,,,,,,,,,,,,,,127189,0.0017753916326910257
,,,38,,,,,,,,,,,,,,,,,,,,,,,,,,,,,127199,0.006319308187812567
,,,38,,,,,,,,,,,,,,,,,,,,,,,,,,,,,127209,0.0004941422957926989
,,,38,,,,,,,,,,,,,,,,,,,,,,,,,,,,,127219,0.027574757114052773
,,,38,,,,,,,,,,,,,,,,,,,,,,,,,,,,,127229,0.004367871209979057
,,,38,,,,,,,,,,,,,,,,,,,,,,,,,,,,,127239,0.0011908942833542824
,,,38,,,,,,,,,,,,,,,,,,,,,,,,,,,,,127249,0.2713307738304138
,,,38,,,,,,,,,,,,,,,,,,,,,,,,,,,,,127259,0.020061735063791275
,,,38,,,,,,,,,,,,,,,,,,,,,,,,,,,,,127269,0.0025053720455616713
,,,38,,,,,,,,,,,,,,,,,,,,,,,,,,,,,127279,0.0015325633576139808
,,,38,,,,,,,,,,,,,,,,,,,,,,,,,,,,,127289,0.13530129194259644
,,,38,,,,,,,,,,,,,,,,,,,,,,,,,,,,,127299,0.03901934623718262
,,,38,,,,,,,,,,,,,,,,,,,,,,,,,,,,,127309,0.001630063634365797
,,,38,,,,,,,,,,,,,,,,,,,,,,,,,,,,,127319,0.0015595555305480957
,,,38,,,,,,,,,,,,,,,,,,,,,,,,,,,,,127329,0.31649190187454224
,,,38,,,,,,,,,,,,,,,,,,,,,,,,,,,,,127339,0.003150391159579158
,,,38,,,,,,,,,,,,,,,,,,,,,,,,,,,,,127349,0.07523892819881439
,,,38,,,,,,,,,,,,,,,,,,,,,,,,,,,,,127359,0.020048458129167557
,,,38,,,,,,,,,,,,,,,,,,,,,,,,,,,,,127369,0.0031691461335867643
,,,38,,,,,,,,,,,,,,,,,,,,,,,,,,,,,127379,0.0020752197597175837
,,,38,,,,,,,,,,,,,,,,,,,,,,,,,,,,,127389,0.0029821645002812147
,,,38,,,,,,,,,,,,,,,,,,,,,,,,,,,,,127399,0.0024504049215465784
,,,38,,,,,,,,,,,,,,,,,,,,,,,,,,,,,127409,0.0034364417660981417
,,,38,,,,,,,,,,,,,,,,,,,,,,,,,,,,,127419,0.009363644756376743
,,,38,,,,,,,,,,,,,,,,,,,,,,,,,,,,,127429,0.8471131920814514
,,,38,,,,,,,,,,,,,,,,,,,,,,,,,,,,,127439,0.3405110836029053
,,,38,,,,,,,,,,,,,,,,,,,,,,,,,,,,,127449,0.0008623557514511049
,,,38,,,,,,,,,,,,,,,,,,,,,,,,,,,,,127459,0.0012106798822060227
,,,38,,,,,,,,,,,,,,,,,,,,,,,,,,,,,127469,0.0015958986477926373
,,,38,,,,,,,,,,,,,,,,,,,,,,,,,,,,,127479,0.0012099116574972868
,,,38,,,,,,,,,,,,,,,,,,,,,,,,,,,,,127489,0.002175703179091215
,,,38,,,,,,,,,,,,,,,,,,,,,,,,,,,,,127499,0.0014471248723566532
,,,38,,,,,,,,,,,,,,,,,,,,,,,,,,,,,127509,0.0016648124437779188
,,,38,,,,,,,,,,,,,,,,,,,,,,,,,,,,,127519,0.004406927619129419
,,,38,,,,,,,,,,,,,,,,,,,,,,,,,,,,,127529,0.0020863409154117107
,,,38,,,,,,,,,,,,,,,,,,,,,,,,,,,,,127539,0.0014030510792508721
,,,38,,,,,,,,,,,,,,,,,,,,,,,,,,,,,127549,0.001502463361248374
,,,38,,,,,,,,,,,,,,,,,,,,,,,,,,,,,127559,0.5400399565696716
,,,38,,,,,,,,,,,,,,,,,,,,,,,,,,,,,127569,0.004938231315463781
,,,38,,,,,,,,,,,,,,,,,,,,,,,,,,,,,127579,0.0009075001580640674
,,,38,,,,,,,,,,,,,,,,,,,,,,,,,,,,,127589,0.19996637105941772
,,,38,,,,,,,,,,,,,,,,,,,,,,,,,,,,,127599,0.002282698405906558
,,,38,,,,,,,,,,,,,,,,,,,,,,,,,,,,,127609,0.0015321491518989205
,,,38,,,,,,,,,,,,,,,,,,,,,,,,,,,,,127619,0.002714998321607709
,,,38,,,,,,,,,,,,,,,,,,,,,,,,,,,,,127629,0.0005817973287776113
,,,38,,,,,,,,,,,,,,,,,,,,,,,,,,,,,127639,0.0013668494066223502
,,,38,,,,,,,,,,,,,,,,,,,,,,,,,,,,,127649,0.0015322234248742461
,,,38,,,,,,,,,,,,,,,,,,,,,,,,,,,,,127659,0.0013542319647967815
,,,38,,,,,,,,,,,,,,,,,,,,,,,,,,,,,127669,0.0015327201690524817
,,,38,,,,,,,,,,,,,,,,,,,,,,,,,,,,,127679,0.002296790713444352
,,,38,,,,,,,,,,,,,,,,,,,,,,,,,,,,,127689,0.0016517735784873366
,,,38,,,,,,,,,,,,,,,,,,,,,,,,,,,,,127699,0.6986885666847229
,,,38,,,,,,,,,,,,,,,,,,,,,,,,,,,,,127709,0.00620619859546423
,,,38,,,,,,,,,,,,,,,,,,,,,,,,,,,,,127719,0.0035249516367912292
,,,38,,,,,,,,,,,,,,,,,,,,,,,,,,,,,127729,0.0008141288417391479
,,,38,,,,,,,,,,,,,,,,,,,,,,,,,,,,,127739,0.005643574986606836
,,,38,,,,,,,,,,,,,,,,,,,,,,,,,,,,,127749,0.001433043391443789
,,,38,,,,,,,,,,,,,,,,,,,,,,,,,,,,,127759,0.0030360135715454817
,,,38,,,,,,,,,,,,,,,,,,,,,,,,,,,,,127769,0.07360959053039551
,,,38,,,,,,,,,,,,,,,,,,,,,,,,,,,,,127779,0.0013539509382098913
,,,38,,,,,,,,,,,,,,,,,,,,,,,,,,,,,127789,0.0020500048995018005
,,,38,,,,,,,,,,,,,,,,,,,,,,,,,,,,,127799,0.0007882638601586223
,,,38,,,,,,,,,,,,,,,,,,,,,,,,,,,,,127809,0.0008633038960397243
,,,38,,,,,,,,,,,,,,,,,,,,,,,,,,,,,127819,0.004270759876817465
,,,38,,,,,,,,,,,,,,,,,,,,,,,,,,,,,127829,0.005075855180621147
,,,38,,,,,,,,,,,,,,,,,,,,,,,,,,,,,127839,0.0981731042265892
,,,38,,,,,,,,,,,,,,,,,,,,,,,,,,,,,127849,0.05062790960073471
,,,38,,,,,,,,,,,,,,,,,,,,,,,,,,,,,127859,0.0014102400746196508
,,,38,,,,,,,,,,,,,,,,,,,,,,,,,,,,,127869,0.0008085104636847973
,,,38,,,,,,,,,,,,,,,,,,,,,,,,,,,,,127879,0.0011448179138824344
,,,38,,,,,,,,,,,,,,,,,,,,,,,,,,,,,127889,0.010726493783295155
,,,38,,,,,,,,,,,,,,,,,,,,,,,,,,,,,127899,0.0005452014156617224
,,,38,,,,,,,,,,,,,,,,,,,,,,,,,,,,,127909,0.0015327890869230032
,,,38,,,,,,,,,,,,,,,,,,,,,,,,,,,,,127919,0.004076039418578148
,,,38,,,,,,,,,,,,,,,,,,,,,,,,,,,,,127929,0.0018837008392438293
,,,38,,,,,,,,,,,,,,,,,,,,,,,,,,,,,127939,0.03959793224930763
,,,38,,,,,,,,,,,,,,,,,,,,,,,,,,,,,127949,0.002613937482237816
,,,38,,,,,,,,,,,,,,,,,,,,,,,,,,,,,127959,0.06603851914405823
,,,38,,,,,,,,,,,,,,,,,,,,,,,,,,,,,127969,0.0378863550722599
,,,38,,,,,,,,,,,,,,,,,,,,,,,,,,,,,127979,0.005112147890031338
,,,38,,,,,,,,,,,,,,,,,,,,,,,,,,,,,127989,0.016351992264389992
,,,38,,,,,,,,,,,,,,,,,,,,,,,,,,,,,127999,0.04153279587626457
,,,38,,,,,,,,,,,,,,,,,,,,,,,,,,,,,128009,0.004038376733660698
,,,38,,,,,,,,,,,,,,,,,,,,,,,,,,,,,128019,0.0013919421471655369
,,,38,,,,,,,,,,,,,,,,,,,,,,,,,,,,,128029,0.0024176831357181072
,,,38,,,,,,,,,,,,,,,,,,,,,,,,,,,,,128039,0.003909660037606955
,,,38,,,,,,,,,,,,,,,,,,,,,,,,,,,,,128049,0.0014744458021596074
,,,38,,,,,,,,,,,,,,,,,,,,,,,,,,,,,128059,0.000490084697958082
,,,38,,,,,,,,,,,,,,,,,,,,,,,,,,,,,128069,0.0017439232906326652
,,,38,,,,,,,,,,,,,,,,,,,,,,,,,,,,,128079,0.0016630211612209678
,,,38,,,,,,,,,,,,,,,,,,,,,,,,,,,,,128089,0.0013413397828117013
,,,38,,,,,,,,,,,,,,,,,,,,,,,,,,,,,128099,0.0025477043818682432
,,,38,,,,,,,,,,,,,,,,,,,,,,,,,,,,,128109,0.037953175604343414
,,,38,,,,,,,,,,,,,,,,,,,,,,,,,,,,,128119,0.003333606291562319
,,,38,,,,,,,,,,,,,,,,,,,,,,,,,,,,,128129,0.004550484009087086
,,,38,,,,,,,,,,,,,,,,,,,,,,,,,,,,,128139,0.014687170274555683
,,,38,,,,,,,,,,,,,,,,,,,,,,,,,,,,,128149,0.15954524278640747
,,,38,,,,,,,,,,,,,,,,,,,,,,,,,,,,,128159,0.0062020630575716496
,,,38,,,,,,,,,,,,,,,,,,,,,,,,,,,,,128169,0.006874989252537489
,,,38,,,,,,,,,,,,,,,,,,,,,,,,,,,,,128179,0.0035706600174307823
,,,38,,,,,,,,,,,,,,,,,,,,,,,,,,,,,128189,0.02048102766275406
,,,38,,,,,,,,,,,,,,,,,,,,,,,,,,,,,128199,0.0025926174130290747
,,,38,,,,,,,,,,,,,,,,,,,,,,,,,,,,,128209,0.0010725572938099504
,,,38,,,,,,,,,,,,,,,,,,,,,,,,,,,,,128219,0.29421013593673706
,,,38,,,,,,,,,,,,,,,,,,,,,,,,,,,,,128229,0.0011417295318096876
,,,38,,,,,,,,,,,,,,,,,,,,,,,,,,,,,128239,0.0034002226311713457
,,,38,,,,,,,,,,,,,,,,,,,,,,,,,,,,,128249,0.0016139912186190486
,,,38,,,,,,,,,,,,,,,,,,,,,,,,,,,,,128259,0.26594412326812744
,,,38,,,,,,,,,,,,,,,,,,,,,,,,,,,,,128269,0.0020672997925430536
,,,38,,,,,,,,,,,,,,,,,,,,,,,,,,,,,128279,0.0015164087526500225
,,,38,,,,,,,,,,,,,,,,,,,,,,,,,,,,,128289,0.0013888070825487375
,,,38,,,,,,,,,,,,,,,,,,,,,,,,,,,,,128299,0.25517067313194275
,,,38,,,,,,,,,,,,,,,,,,,,,,,,,,,,,128309,0.0014655686682090163
,,,38,,,,,,,,,,,,,,,,,,,,,,,,,,,,,128319,0.0012025395408272743
,,,38,,,,,,,,,,,,,,,,,,,,,,,,,,,,,128329,0.0011402844684198499
,,,38,,,,,,,,,,,,,,,,,,,,,,,,,,,,,128339,0.0007820812170393765
,,,38,,,,,,,,,,,,,,,,,,,,,,,,,,,,,128349,0.0005772995646111667
,,,38,,,,,,,,,,,,,,,,,,,,,,,,,,,,,128359,0.002021022839471698
,,,38,,,,,,,,,,,,,,,,,,,,,,,,,,,,,128369,0.005369995720684528
,,,38,,,,,,,,,,,,,,,,,,,,,,,,,,,,,128379,0.0037549983244389296
,,,38,,,,,,,,,,,,,,,,,,,,,,,,,,,,,128389,0.34895485639572144
,,,38,,,,,,,,,,,,,,,,,,,,,,,,,,,,,128399,0.004118774086236954
,,,38,,,,,,,,,,,,,,,,,,,,,,,,,,,,,128409,0.8361145257949829
,,,38,,,,,,,,,,,,,,,,,,,,,,,,,,,,,128419,0.09509152919054031
,,,38,,,,,,,,,,,,,,,,,,,,,,,,,,,,,128429,0.0022091229911893606
,,,38,,,,,,,,,,,,,,,,,,,,,,,,,,,,,128439,0.002449877792969346
,,,38,,,,,,,,,,,,,,,,,,,,,,,,,,,,,128449,0.23701471090316772
,,,38,,,,,,,,,,,,,,,,,,,,,,,,,,,,,128459,0.001496296375989914
,,,38,,,,,,,,,,,,,,,,,,,,,,,,,,,,,128469,0.0015662979567423463
,,,38,,,,,,,,,,,,,,,,,,,,,,,,,,,,,128479,0.04204707592725754
,,,38,,,,,,,,,,,,,,,,,,,,,,,,,,,,,128489,0.0028744973242282867
,,,38,,,,,,,,,,,,,,,,,,,,,,,,,,,,,128499,0.0020740090403705835
,,,38,,,,,,,,,,,,,,,,,,,,,,,,,,,,,128509,0.002842755988240242
,,,38,,,,,,,,,,,,,,,,,,,,,,,,,,,,,128519,0.0007778292638249695
,,,38,,,,,,,,,,,,,,,,,,,,,,,,,,,,,128529,0.42404904961586
,,,38,,,,,,,,,,,,,,,,,,,,,,,,,,,,,128539,0.0020418900530785322
,,,38,,,,,,,,,,,,,,,,,,,,,,,,,,,,,128549,0.002020026557147503
,,,38,,,,,,,,,,,,,,,,,,,,,,,,,,,,,128559,0.37718653678894043
,,,38,,,,,,,,,,,,,,,,,,,,,,,,,,,,,128569,0.3958829343318939
,,,38,,,,,,,,,,,,,,,,,,,,,,,,,,,,,128579,0.0010997031349688768
,,,38,,,,,,,,,,,,,,,,,,,,,,,,,,,,,128589,0.07103358954191208
,,,38,,,,,,,,,,,,,,,,,,,,,,,,,,,,,128599,0.001872698194347322
,,,38,,,,,,,,,,,,,,,,,,,,,,,,,,,,,128609,0.007361298892647028
,,,38,,,,,,,,,,,,,,,,,,,,,,,,,,,,,128619,0.0015880006831139326
,,,38,,,,,,,,,,,,,,,,,,,,,,,,,,,,,128629,0.003125448478385806
,,,38,,,,,,,,,,,,,,,,,,,,,,,,,,,,,128639,0.007817852310836315
,,,38,,,,,,,,,,,,,,,,,,,,,,,,,,,,,128649,0.0023292831610888243
,,,38,,,,,,,,,,,,,,,,,,,,,,,,,,,,,128659,0.6269301176071167
,,,38,,,,,,,,,,,,,,,,,,,,,,,,,,,,,128669,0.001445280620828271
,,,38,,,,,,,,,,,,,,,,,,,,,,,,,,,,,128679,0.0010858612367883325
,,,38,,,,,,,,,,,,,,,,,,,,,,,,,,,,,128689,0.3450084328651428
,,,38,,,,,,,,,,,,,,,,,,,,,,,,,,,,,128699,0.0013184743002057076
,,,38,,,,,,,,,,,,,,,,,,,,,,,,,,,,,128709,0.0015988597879186273
,,,38,,,,,,,,,,,,,,,,,,,,,,,,,,,,,128719,0.0016941590001806617
,,,38,,,,,,,,,,,,,,,,,,,,,,,,,,,,,128729,0.001513499766588211
,,,38,,,,,,,,,,,,,,,,,,,,,,,,,,,,,128739,0.005143570248037577
,,,38,,,,,,,,,,,,,,,,,,,,,,,,,,,,,128749,0.613690972328186
,,,38,,,,,,,,,,,,,,,,,,,,,,,,,,,,,128759,0.01203258614987135
,,,38,,,,,,,,,,,,,,,,,,,,,,,,,,,,,128769,0.0012259113136678934
,,,38,,,,,,,,,,,,,,,,,,,,,,,,,,,,,128779,0.002072248375043273
,,,38,,,,,,,,,,,,,,,,,,,,,,,,,,,,,128789,0.002640274353325367
,,,38,,,,,,,,,,,,,,,,,,,,,,,,,,,,,128799,0.002490952145308256
,,,38,,,,,,,,,,,,,,,,,,,,,,,,,,,,,128809,0.0038678175769746304
,,,38,,,,,,,,,,,,,,,,,,,,,,,,,,,,,128819,0.004282653797417879
,,,38,,,,,,,,,,,,,,,,,,,,,,,,,,,,,128829,0.0013209914322942495
,,,38,,,,,,,,,,,,,,,,,,,,,,,,,,,,,128839,0.0011785549577325583
,,,38,,,,,,,,,,,,,,,,,,,,,,,,,,,,,128849,0.0018226847751066089
,,,38,,,,,,,,,,,,,,,,,,,,,,,,,,,,,128859,0.002148929052054882
,,,38,,,,,,,,,,,,,,,,,,,,,,,,,,,,,128869,0.006571244914084673
,,,38,,,,,,,,,,,,,,,,,,,,,,,,,,,,,128879,0.12298735231161118
,,,38,,,,,,,,,,,,,,,,,,,,,,,,,,,,,128889,0.0012448157649487257
,,,38,,,,,,,,,,,,,,,,,,,,,,,,,,,,,128899,0.002786321332678199
,,,38,,,,,,,,,,,,,,,,,,,,,,,,,,,,,128909,0.001515647629275918
,,,38,,,,,,,,,,,,,,,,,,,,,,,,,,,,,128919,0.0009488831856288016
,,,38,,,,,,,,,,,,,,,,,,,,,,,,,,,,,128929,0.18152561783790588
,,,38,,,,,,,,,,,,,,,,,,,,,,,,,,,,,128939,0.0023228791542351246
,,,38,,,,,,,,,,,,,,,,,,,,,,,,,,,,,128949,0.005108203273266554
,,,38,,,,,,,,,,,,,,,,,,,,,,,,,,,,,128959,0.003057147143408656
,,,38,,,,,,,,,,,,,,,,,,,,,,,,,,,,,128969,0.003330145264044404
,,,38,,,,,,,,,,,,,,,,,,,,,,,,,,,,,128979,0.004041152540594339
,,,38,,,,,,,,,,,,,,,,,,,,,,,,,,,,,128989,0.0015815262449905276
,,,38,,,,,,,,,,,,,,,,,,,,,,,,,,,,,128999,0.002500819740816951
,,,38,,,,,,,,,,,,,,,,,,,,,,,,,,,,,129009,0.0017617634730413556
,,,38,,,,,,,,,,,,,,,,,,,,,,,,,,,,,129019,0.002618884202092886
,,,38,,,,,,,,,,,,,,,,,,,,,,,,,,,,,129029,0.001600610208697617
,,,38,,,,,,,,,,,,,,,,,,,,,,,,,,,,,129039,0.41192370653152466
,,,38,,,,,,,,,,,,,,,,,,,,,,,,,,,,,129049,0.0014229248045012355
,,,38,,,,,,,,,,,,,,,,,,,,,,,,,,,,,129059,0.0026108548045158386
,,,38,,,,,,,,,,,,,,,,,,,,,,,,,,,,,129069,0.004972448106855154
,,,38,,,,,,,,,,,,,,,,,,,,,,,,,,,,,129079,0.11207173764705658
,,,38,,,,,,,,,,,,,,,,,,,,,,,,,,,,,129089,0.0015644582454115152
,,,,7.981988796634066e-08,4.4715458403468026e-07,6.879301292841234e-07,6.879301292841234e-07,1.0583540450524976e-06,1.0583540450524976e-06,1.6282369923884576e-06,1.6282369923884576e-06,2.5049799882899347e-06,2.5049799882899347e-06,3.8538153665998995e-06,7.981988796634066e-08,3.8538153665998995e-06,5.928946717845999e-06,5.928946717845999e-06,9.121456488993845e-06,9.121456488993845e-06,1.4033009983067452e-05,1.4033009983067452e-05,1.4033009983067452e-05,1.4033009983067452e-05,1.2279982764052406e-07,1.2279982764052406e-07,1.8892281175465242e-07,1.8892281175465242e-07,2.906504796225422e-07,2.906504796225422e-07,4.4715458403468026e-07,129091,
,,,39,,,,,,,,,,,,,,,,,,,,,,,,,,,,,129099,0.0042232731357216835
,,,39,,,,,,,,,,,,,,,,,,,,,,,,,,,,,129109,0.0009013515082187951
,,,39,,,,,,,,,,,,,,,,,,,,,,,,,,,,,129119,0.06730522215366364
,,,39,,,,,,,,,,,,,,,,,,,,,,,,,,,,,129129,0.16500736773014069
,,,39,,,,,,,,,,,,,,,,,,,,,,,,,,,,,129139,0.0014947948511689901
,,,39,,,,,,,,,,,,,,,,,,,,,,,,,,,,,129149,0.004016413353383541
,,,39,,,,,,,,,,,,,,,,,,,,,,,,,,,,,129159,0.09900067746639252
,,,39,,,,,,,,,,,,,,,,,,,,,,,,,,,,,129169,0.0014208621578291059
,,,39,,,,,,,,,,,,,,,,,,,,,,,,,,,,,129179,0.020141391083598137
,,,39,,,,,,,,,,,,,,,,,,,,,,,,,,,,,129189,0.06076468899846077
,,,39,,,,,,,,,,,,,,,,,,,,,,,,,,,,,129199,0.0015504208859056234
,,,39,,,,,,,,,,,,,,,,,,,,,,,,,,,,,129209,0.0024472512304782867
,,,39,,,,,,,,,,,,,,,,,,,,,,,,,,,,,129219,0.0026722734328359365
,,,39,,,,,,,,,,,,,,,,,,,,,,,,,,,,,129229,0.002320096828043461
,,,39,,,,,,,,,,,,,,,,,,,,,,,,,,,,,129239,0.0062979040667414665
,,,39,,,,,,,,,,,,,,,,,,,,,,,,,,,,,129249,0.0015446525067090988
,,,39,,,,,,,,,,,,,,,,,,,,,,,,,,,,,129259,0.006242555566132069
,,,39,,,,,,,,,,,,,,,,,,,,,,,,,,,,,129269,0.0013190035242587328
,,,39,,,,,,,,,,,,,,,,,,,,,,,,,,,,,129279,0.003789510577917099
,,,39,,,,,,,,,,,,,,,,,,,,,,,,,,,,,129289,0.0014076342340558767
,,,39,,,,,,,,,,,,,,,,,,,,,,,,,,,,,129299,0.007551742251962423
,,,39,,,,,,,,,,,,,,,,,,,,,,,,,,,,,129309,0.010277987457811832
,,,39,,,,,,,,,,,,,,,,,,,,,,,,,,,,,129319,0.0006087993970140815
,,,39,,,,,,,,,,,,,,,,,,,,,,,,,,,,,129329,0.00251398840919137
,,,39,,,,,,,,,,,,,,,,,,,,,,,,,,,,,129339,0.0009130013640969992
,,,39,,,,,,,,,,,,,,,,,,,,,,,,,,,,,129349,0.002243743045255542
,,,39,,,,,,,,,,,,,,,,,,,,,,,,,,,,,129359,0.4868883490562439
,,,39,,,,,,,,,,,,,,,,,,,,,,,,,,,,,129369,0.20282666385173798
,,,39,,,,,,,,,,,,,,,,,,,,,,,,,,,,,129379,0.0028942800126969814
,,,39,,,,,,,,,,,,,,,,,,,,,,,,,,,,,129389,0.6958720088005066
,,,39,,,,,,,,,,,,,,,,,,,,,,,,,,,,,129399,0.003001434961333871
,,,39,,,,,,,,,,,,,,,,,,,,,,,,,,,,,129409,0.0006103813066147268
,,,39,,,,,,,,,,,,,,,,,,,,,,,,,,,,,129419,0.013078341260552406
,,,39,,,,,,,,,,,,,,,,,,,,,,,,,,,,,129429,0.0008635183912701905
,,,39,,,,,,,,,,,,,,,,,,,,,,,,,,,,,129439,0.001629550475627184
,,,39,,,,,,,,,,,,,,,,,,,,,,,,,,,,,129449,0.0020036499481648207
,,,39,,,,,,,,,,,,,,,,,,,,,,,,,,,,,129459,0.0016189632005989552
,,,39,,,,,,,,,,,,,,,,,,,,,,,,,,,,,129469,0.002339893253520131
,,,39,,,,,,,,,,,,,,,,,,,,,,,,,,,,,129479,0.00876670703291893
,,,39,,,,,,,,,,,,,,,,,,,,,,,,,,,,,129489,0.00442423764616251
,,,39,,,,,,,,,,,,,,,,,,,,,,,,,,,,,129499,0.40646448731422424
,,,39,,,,,,,,,,,,,,,,,,,,,,,,,,,,,129509,0.002812001621350646
,,,39,,,,,,,,,,,,,,,,,,,,,,,,,,,,,129519,0.0008210119558498263
,,,39,,,,,,,,,,,,,,,,,,,,,,,,,,,,,129529,0.004369592759758234
,,,39,,,,,,,,,,,,,,,,,,,,,,,,,,,,,129539,0.0023722308687865734
,,,39,,,,,,,,,,,,,,,,,,,,,,,,,,,,,129549,0.001772996736690402
,,,39,,,,,,,,,,,,,,,,,,,,,,,,,,,,,129559,0.003719169879332185
,,,39,,,,,,,,,,,,,,,,,,,,,,,,,,,,,129569,0.004336946178227663
,,,39,,,,,,,,,,,,,,,,,,,,,,,,,,,,,129579,0.0005780322244390845
,,,39,,,,,,,,,,,,,,,,,,,,,,,,,,,,,129589,0.08697248250246048
,,,39,,,,,,,,,,,,,,,,,,,,,,,,,,,,,129599,0.002438640221953392
,,,39,,,,,,,,,,,,,,,,,,,,,,,,,,,,,129609,0.0017952037742361426
,,,39,,,,,,,,,,,,,,,,,,,,,,,,,,,,,129619,0.008763337507843971
,,,39,,,,,,,,,,,,,,,,,,,,,,,,,,,,,129629,0.0005217998404987156
,,,39,,,,,,,,,,,,,,,,,,,,,,,,,,,,,129639,0.0018590177642181516
,,,39,,,,,,,,,,,,,,,,,,,,,,,,,,,,,129649,0.17218342423439026
,,,39,,,,,,,,,,,,,,,,,,,,,,,,,,,,,129659,0.0802953913807869
,,,39,,,,,,,,,,,,,,,,,,,,,,,,,,,,,129669,0.003306786762550473
,,,39,,,,,,,,,,,,,,,,,,,,,,,,,,,,,129679,0.5371314287185669
,,,39,,,,,,,,,,,,,,,,,,,,,,,,,,,,,129689,0.0013246632879599929
,,,39,,,,,,,,,,,,,,,,,,,,,,,,,,,,,129699,0.0014312912244349718
,,,39,,,,,,,,,,,,,,,,,,,,,,,,,,,,,129709,0.009798679500818253
,,,39,,,,,,,,,,,,,,,,,,,,,,,,,,,,,129719,0.4970678687095642
,,,39,,,,,,,,,,,,,,,,,,,,,,,,,,,,,129729,0.0026495542842894793
,,,39,,,,,,,,,,,,,,,,,,,,,,,,,,,,,129739,0.0014193370006978512
,,,39,,,,,,,,,,,,,,,,,,,,,,,,,,,,,129749,0.016210854053497314
,,,39,,,,,,,,,,,,,,,,,,,,,,,,,,,,,129759,0.007579631172120571
,,,39,,,,,,,,,,,,,,,,,,,,,,,,,,,,,129769,0.006360504310578108
,,,39,,,,,,,,,,,,,,,,,,,,,,,,,,,,,129779,0.0036147725768387318
,,,39,,,,,,,,,,,,,,,,,,,,,,,,,,,,,129789,0.11455626040697098
,,,39,,,,,,,,,,,,,,,,,,,,,,,,,,,,,129799,0.002384374849498272
,,,39,,,,,,,,,,,,,,,,,,,,,,,,,,,,,129809,0.0013169223675504327
,,,39,,,,,,,,,,,,,,,,,,,,,,,,,,,,,129819,0.0005952611682005227
,,,39,,,,,,,,,,,,,,,,,,,,,,,,,,,,,129829,0.00268331216648221
,,,39,,,,,,,,,,,,,,,,,,,,,,,,,,,,,129839,0.0013847916852682829
,,,39,,,,,,,,,,,,,,,,,,,,,,,,,,,,,129849,0.0007253233343362808
,,,39,,,,,,,,,,,,,,,,,,,,,,,,,,,,,129859,0.0012384208384901285
,,,39,,,,,,,,,,,,,,,,,,,,,,,,,,,,,129869,0.004482659976929426
,,,39,,,,,,,,,,,,,,,,,,,,,,,,,,,,,129879,0.010545391589403152
,,,39,,,,,,,,,,,,,,,,,,,,,,,,,,,,,129889,0.0014930228935554624
,,,39,,,,,,,,,,,,,,,,,,,,,,,,,,,,,129899,0.003436744213104248
,,,39,,,,,,,,,,,,,,,,,,,,,,,,,,,,,129909,0.0018481758888810873
,,,39,,,,,,,,,,,,,,,,,,,,,,,,,,,,,129919,0.06730245798826218
,,,39,,,,,,,,,,,,,,,,,,,,,,,,,,,,,129929,0.0016657758969813585
,,,39,,,,,,,,,,,,,,,,,,,,,,,,,,,,,129939,0.0033554029650986195
,,,39,,,,,,,,,,,,,,,,,,,,,,,,,,,,,129949,0.0016030854312703013
,,,39,,,,,,,,,,,,,,,,,,,,,,,,,,,,,129959,0.0036125725600868464
,,,39,,,,,,,,,,,,,,,,,,,,,,,,,,,,,129969,0.420714795589447
,,,39,,,,,,,,,,,,,,,,,,,,,,,,,,,,,129979,0.0018433337099850178
,,,39,,,,,,,,,,,,,,,,,,,,,,,,,,,,,129989,0.0026962810661643744
,,,39,,,,,,,,,,,,,,,,,,,,,,,,,,,,,129999,0.0020391179714351892
,,,39,,,,,,,,,,,,,,,,,,,,,,,,,,,,,130009,0.006916909012943506
,,,39,,,,,,,,,,,,,,,,,,,,,,,,,,,,,130019,0.0006306590512394905
,,,39,,,,,,,,,,,,,,,,,,,,,,,,,,,,,130029,0.001600746181793511
,,,39,,,,,,,,,,,,,,,,,,,,,,,,,,,,,130039,0.006144758779555559
,,,39,,,,,,,,,,,,,,,,,,,,,,,,,,,,,130049,0.000578348059207201
,,,39,,,,,,,,,,,,,,,,,,,,,,,,,,,,,130059,0.01590435579419136
,,,39,,,,,,,,,,,,,,,,,,,,,,,,,,,,,130069,0.0019039271865040064
,,,39,,,,,,,,,,,,,,,,,,,,,,,,,,,,,130079,0.24229294061660767
,,,39,,,,,,,,,,,,,,,,,,,,,,,,,,,,,130089,0.0021163735073059797
,,,39,,,,,,,,,,,,,,,,,,,,,,,,,,,,,130099,0.38649553060531616
,,,39,,,,,,,,,,,,,,,,,,,,,,,,,,,,,130109,0.0034236181527376175
,,,39,,,,,,,,,,,,,,,,,,,,,,,,,,,,,130119,0.0012153717689216137
,,,39,,,,,,,,,,,,,,,,,,,,,,,,,,,,,130129,0.002714854897931218
,,,39,,,,,,,,,,,,,,,,,,,,,,,,,,,,,130139,0.11707800626754761
,,,39,,,,,,,,,,,,,,,,,,,,,,,,,,,,,130149,0.36165279150009155
,,,39,,,,,,,,,,,,,,,,,,,,,,,,,,,,,130159,0.5296152234077454
,,,39,,,,,,,,,,,,,,,,,,,,,,,,,,,,,130169,0.08879280835390091
,,,39,,,,,,,,,,,,,,,,,,,,,,,,,,,,,130179,0.006828566547483206
,,,39,,,,,,,,,,,,,,,,,,,,,,,,,,,,,130189,0.0054096621461212635
,,,39,,,,,,,,,,,,,,,,,,,,,,,,,,,,,130199,0.27192407846450806
,,,39,,,,,,,,,,,,,,,,,,,,,,,,,,,,,130209,0.009899047203361988
,,,39,,,,,,,,,,,,,,,,,,,,,,,,,,,,,130219,0.0009275982156395912
,,,39,,,,,,,,,,,,,,,,,,,,,,,,,,,,,130229,0.3237466812133789
,,,39,,,,,,,,,,,,,,,,,,,,,,,,,,,,,130239,0.0027786516584455967
,,,39,,,,,,,,,,,,,,,,,,,,,,,,,,,,,130249,0.0014397792983800173
,,,39,,,,,,,,,,,,,,,,,,,,,,,,,,,,,130259,0.010210279375314713
,,,39,,,,,,,,,,,,,,,,,,,,,,,,,,,,,130269,0.0045027113519608974
,,,39,,,,,,,,,,,,,,,,,,,,,,,,,,,,,130279,0.9706231355667114
,,,39,,,,,,,,,,,,,,,,,,,,,,,,,,,,,130289,0.009754403494298458
,,,39,,,,,,,,,,,,,,,,,,,,,,,,,,,,,130299,0.0013816095888614655
,,,39,,,,,,,,,,,,,,,,,,,,,,,,,,,,,130309,0.0008534101652912796
,,,39,,,,,,,,,,,,,,,,,,,,,,,,,,,,,130319,0.001256879884749651
,,,39,,,,,,,,,,,,,,,,,,,,,,,,,,,,,130329,0.010902909561991692
,,,39,,,,,,,,,,,,,,,,,,,,,,,,,,,,,130339,0.0008104759035632014
,,,39,,,,,,,,,,,,,,,,,,,,,,,,,,,,,130349,0.001338050700724125
,,,39,,,,,,,,,,,,,,,,,,,,,,,,,,,,,130359,0.0036982567980885506
,,,39,,,,,,,,,,,,,,,,,,,,,,,,,,,,,130369,0.001754860975779593
,,,39,,,,,,,,,,,,,,,,,,,,,,,,,,,,,130379,0.01599031686782837
,,,39,,,,,,,,,,,,,,,,,,,,,,,,,,,,,130389,0.06268806010484695
,,,39,,,,,,,,,,,,,,,,,,,,,,,,,,,,,130399,0.0034615066833794117
,,,39,,,,,,,,,,,,,,,,,,,,,,,,,,,,,130409,0.0011178316781297326
,,,39,,,,,,,,,,,,,,,,,,,,,,,,,,,,,130419,0.0010066126706078649
,,,39,,,,,,,,,,,,,,,,,,,,,,,,,,,,,130429,0.0026450438890606165
,,,39,,,,,,,,,,,,,,,,,,,,,,,,,,,,,130439,0.005919266026467085
,,,39,,,,,,,,,,,,,,,,,,,,,,,,,,,,,130449,0.018141385167837143
,,,39,,,,,,,,,,,,,,,,,,,,,,,,,,,,,130459,0.009623225778341293
,,,39,,,,,,,,,,,,,,,,,,,,,,,,,,,,,130469,0.0016157214995473623
,,,39,,,,,,,,,,,,,,,,,,,,,,,,,,,,,130479,0.00217061978764832
,,,39,,,,,,,,,,,,,,,,,,,,,,,,,,,,,130489,0.001396752311848104
,,,39,,,,,,,,,,,,,,,,,,,,,,,,,,,,,130499,0.0008163459715433419
,,,39,,,,,,,,,,,,,,,,,,,,,,,,,,,,,130509,0.002528677461668849
,,,39,,,,,,,,,,,,,,,,,,,,,,,,,,,,,130519,0.004514527507126331
,,,39,,,,,,,,,,,,,,,,,,,,,,,,,,,,,130529,0.26689788699150085
,,,39,,,,,,,,,,,,,,,,,,,,,,,,,,,,,130539,0.001072127022780478
,,,39,,,,,,,,,,,,,,,,,,,,,,,,,,,,,130549,0.014807155355811119
,,,39,,,,,,,,,,,,,,,,,,,,,,,,,,,,,130559,0.4020201563835144
,,,39,,,,,,,,,,,,,,,,,,,,,,,,,,,,,130569,0.0019071687711402774
,,,39,,,,,,,,,,,,,,,,,,,,,,,,,,,,,130579,0.13892832398414612
,,,39,,,,,,,,,,,,,,,,,,,,,,,,,,,,,130589,0.002631495473906398
,,,39,,,,,,,,,,,,,,,,,,,,,,,,,,,,,130599,0.000566698145121336
,,,39,,,,,,,,,,,,,,,,,,,,,,,,,,,,,130609,0.002002375666052103
,,,39,,,,,,,,,,,,,,,,,,,,,,,,,,,,,130619,0.0012360848486423492
,,,39,,,,,,,,,,,,,,,,,,,,,,,,,,,,,130629,0.0014594696694985032
,,,39,,,,,,,,,,,,,,,,,,,,,,,,,,,,,130639,0.008797583170235157
,,,39,,,,,,,,,,,,,,,,,,,,,,,,,,,,,130649,0.0024480463471263647
,,,39,,,,,,,,,,,,,,,,,,,,,,,,,,,,,130659,0.0015146478544920683
,,,39,,,,,,,,,,,,,,,,,,,,,,,,,,,,,130669,0.0027115396223962307
,,,39,,,,,,,,,,,,,,,,,,,,,,,,,,,,,130679,0.004210180602967739
,,,39,,,,,,,,,,,,,,,,,,,,,,,,,,,,,130689,0.0006152504938654602
,,,39,,,,,,,,,,,,,,,,,,,,,,,,,,,,,130699,0.011172478087246418
,,,39,,,,,,,,,,,,,,,,,,,,,,,,,,,,,130709,0.010510564781725407
,,,39,,,,,,,,,,,,,,,,,,,,,,,,,,,,,130719,0.0007019705371931195
,,,39,,,,,,,,,,,,,,,,,,,,,,,,,,,,,130729,0.0029805509839206934
,,,39,,,,,,,,,,,,,,,,,,,,,,,,,,,,,130739,0.0015059494180604815
,,,39,,,,,,,,,,,,,,,,,,,,,,,,,,,,,130749,0.0008582643931731582
,,,39,,,,,,,,,,,,,,,,,,,,,,,,,,,,,130759,0.000844298570882529
,,,39,,,,,,,,,,,,,,,,,,,,,,,,,,,,,130769,0.002195117063820362
,,,39,,,,,,,,,,,,,,,,,,,,,,,,,,,,,130779,0.0023045712150633335
,,,39,,,,,,,,,,,,,,,,,,,,,,,,,,,,,130789,0.037760041654109955
,,,39,,,,,,,,,,,,,,,,,,,,,,,,,,,,,130799,0.0015380963450297713
,,,39,,,,,,,,,,,,,,,,,,,,,,,,,,,,,130809,0.0025277321692556143
,,,39,,,,,,,,,,,,,,,,,,,,,,,,,,,,,130819,0.36537620425224304
,,,39,,,,,,,,,,,,,,,,,,,,,,,,,,,,,130829,0.0191073939204216
,,,39,,,,,,,,,,,,,,,,,,,,,,,,,,,,,130839,0.007193710654973984
,,,39,,,,,,,,,,,,,,,,,,,,,,,,,,,,,130849,0.001636530738323927
,,,39,,,,,,,,,,,,,,,,,,,,,,,,,,,,,130859,0.0034824220929294825
,,,39,,,,,,,,,,,,,,,,,,,,,,,,,,,,,130869,1.231736183166504
,,,39,,,,,,,,,,,,,,,,,,,,,,,,,,,,,130879,0.0011462196707725525
,,,39,,,,,,,,,,,,,,,,,,,,,,,,,,,,,130889,0.004228300880640745
,,,39,,,,,,,,,,,,,,,,,,,,,,,,,,,,,130899,0.002037219936028123
,,,39,,,,,,,,,,,,,,,,,,,,,,,,,,,,,130909,0.0009380439296364784
,,,39,,,,,,,,,,,,,,,,,,,,,,,,,,,,,130919,0.025750109925866127
,,,39,,,,,,,,,,,,,,,,,,,,,,,,,,,,,130929,0.0014426509151235223
,,,39,,,,,,,,,,,,,,,,,,,,,,,,,,,,,130939,0.013478904031217098
,,,39,,,,,,,,,,,,,,,,,,,,,,,,,,,,,130949,0.003960453439503908
,,,39,,,,,,,,,,,,,,,,,,,,,,,,,,,,,130959,0.0022131188306957483
,,,39,,,,,,,,,,,,,,,,,,,,,,,,,,,,,130969,0.0009578803437761962
,,,39,,,,,,,,,,,,,,,,,,,,,,,,,,,,,130979,0.0014150922652333975
,,,39,,,,,,,,,,,,,,,,,,,,,,,,,,,,,130989,0.0010571510065346956
,,,39,,,,,,,,,,,,,,,,,,,,,,,,,,,,,130999,0.002208095043897629
,,,39,,,,,,,,,,,,,,,,,,,,,,,,,,,,,131009,0.0019236995140090585
,,,39,,,,,,,,,,,,,,,,,,,,,,,,,,,,,131019,0.003271690336987376
,,,39,,,,,,,,,,,,,,,,,,,,,,,,,,,,,131029,0.004339949693530798
,,,39,,,,,,,,,,,,,,,,,,,,,,,,,,,,,131039,0.0028146421536803246
,,,39,,,,,,,,,,,,,,,,,,,,,,,,,,,,,131049,0.0017534149810671806
,,,39,,,,,,,,,,,,,,,,,,,,,,,,,,,,,131059,0.0016466829692944884
,,,39,,,,,,,,,,,,,,,,,,,,,,,,,,,,,131069,0.0022893527057021856
,,,39,,,,,,,,,,,,,,,,,,,,,,,,,,,,,131079,0.0037743463180959225
,,,39,,,,,,,,,,,,,,,,,,,,,,,,,,,,,131089,0.0014893327606841922
,,,39,,,,,,,,,,,,,,,,,,,,,,,,,,,,,131099,0.0034604771062731743
,,,39,,,,,,,,,,,,,,,,,,,,,,,,,,,,,131109,0.11630518734455109
,,,39,,,,,,,,,,,,,,,,,,,,,,,,,,,,,131119,0.0016529746353626251
,,,39,,,,,,,,,,,,,,,,,,,,,,,,,,,,,131129,0.0020509788300842047
,,,39,,,,,,,,,,,,,,,,,,,,,,,,,,,,,131139,0.0018107055220752954
,,,39,,,,,,,,,,,,,,,,,,,,,,,,,,,,,131149,0.0021755718626081944
,,,39,,,,,,,,,,,,,,,,,,,,,,,,,,,,,131159,0.0012286858400329947
,,,39,,,,,,,,,,,,,,,,,,,,,,,,,,,,,131169,0.002218264155089855
,,,39,,,,,,,,,,,,,,,,,,,,,,,,,,,,,131179,0.0012436904944479465
,,,39,,,,,,,,,,,,,,,,,,,,,,,,,,,,,131189,0.0014304645592346787
,,,39,,,,,,,,,,,,,,,,,,,,,,,,,,,,,131199,0.0020636843983083963
,,,39,,,,,,,,,,,,,,,,,,,,,,,,,,,,,131209,0.002946663647890091
,,,39,,,,,,,,,,,,,,,,,,,,,,,,,,,,,131219,0.022409897297620773
,,,39,,,,,,,,,,,,,,,,,,,,,,,,,,,,,131229,0.5576869249343872
,,,39,,,,,,,,,,,,,,,,,,,,,,,,,,,,,131239,0.0020653291139751673
,,,39,,,,,,,,,,,,,,,,,,,,,,,,,,,,,131249,0.0014410336734727025
,,,39,,,,,,,,,,,,,,,,,,,,,,,,,,,,,131259,0.003640522714704275
,,,39,,,,,,,,,,,,,,,,,,,,,,,,,,,,,131269,0.003190794726833701
,,,39,,,,,,,,,,,,,,,,,,,,,,,,,,,,,131279,0.0009528636583127081
,,,39,,,,,,,,,,,,,,,,,,,,,,,,,,,,,131289,0.0007704670424573123
,,,39,,,,,,,,,,,,,,,,,,,,,,,,,,,,,131299,0.003485904075205326
,,,39,,,,,,,,,,,,,,,,,,,,,,,,,,,,,131309,0.0009786905720829964
,,,39,,,,,,,,,,,,,,,,,,,,,,,,,,,,,131319,0.16948413848876953
,,,39,,,,,,,,,,,,,,,,,,,,,,,,,,,,,131329,0.0006290618912316859
,,,39,,,,,,,,,,,,,,,,,,,,,,,,,,,,,131339,0.012953203171491623
,,,39,,,,,,,,,,,,,,,,,,,,,,,,,,,,,131349,0.0026116943918168545
,,,39,,,,,,,,,,,,,,,,,,,,,,,,,,,,,131359,0.006595846265554428
,,,39,,,,,,,,,,,,,,,,,,,,,,,,,,,,,131369,0.01448298990726471
,,,39,,,,,,,,,,,,,,,,,,,,,,,,,,,,,131379,0.0011099494295194745
,,,39,,,,,,,,,,,,,,,,,,,,,,,,,,,,,131389,1.5030837059020996
,,,39,,,,,,,,,,,,,,,,,,,,,,,,,,,,,131399,0.0014705382054671645
,,,39,,,,,,,,,,,,,,,,,,,,,,,,,,,,,131409,0.0018391968915238976
,,,39,,,,,,,,,,,,,,,,,,,,,,,,,,,,,131419,0.0008348713745363057
,,,39,,,,,,,,,,,,,,,,,,,,,,,,,,,,,131429,0.001749606803059578
,,,39,,,,,,,,,,,,,,,,,,,,,,,,,,,,,131439,0.0016888994723558426
,,,39,,,,,,,,,,,,,,,,,,,,,,,,,,,,,131449,0.12223731726408005
,,,39,,,,,,,,,,,,,,,,,,,,,,,,,,,,,131459,0.00985540822148323
,,,39,,,,,,,,,,,,,,,,,,,,,,,,,,,,,131469,0.017551016062498093
,,,39,,,,,,,,,,,,,,,,,,,,,,,,,,,,,131479,0.0014182341983541846
,,,39,,,,,,,,,,,,,,,,,,,,,,,,,,,,,131489,0.0014801416546106339
,,,39,,,,,,,,,,,,,,,,,,,,,,,,,,,,,131499,0.0009397644898854196
,,,39,,,,,,,,,,,,,,,,,,,,,,,,,,,,,131509,0.0014068244490772486
,,,39,,,,,,,,,,,,,,,,,,,,,,,,,,,,,131519,0.002060143742710352
,,,39,,,,,,,,,,,,,,,,,,,,,,,,,,,,,131529,0.0012078791623935103
,,,39,,,,,,,,,,,,,,,,,,,,,,,,,,,,,131539,0.001021437463350594
,,,39,,,,,,,,,,,,,,,,,,,,,,,,,,,,,131549,0.18295547366142273
,,,39,,,,,,,,,,,,,,,,,,,,,,,,,,,,,131559,0.0017278390005230904
,,,39,,,,,,,,,,,,,,,,,,,,,,,,,,,,,131569,0.0007844178471714258
,,,39,,,,,,,,,,,,,,,,,,,,,,,,,,,,,131579,0.0018017394468188286
,,,39,,,,,,,,,,,,,,,,,,,,,,,,,,,,,131589,0.00759206572547555
,,,39,,,,,,,,,,,,,,,,,,,,,,,,,,,,,131599,0.0019302876899018884
,,,39,,,,,,,,,,,,,,,,,,,,,,,,,,,,,131609,0.0011977904941886663
,,,39,,,,,,,,,,,,,,,,,,,,,,,,,,,,,131619,0.257583886384964
,,,39,,,,,,,,,,,,,,,,,,,,,,,,,,,,,131629,0.032846804708242416
,,,39,,,,,,,,,,,,,,,,,,,,,,,,,,,,,131639,0.060763463377952576
,,,39,,,,,,,,,,,,,,,,,,,,,,,,,,,,,131649,0.0026268090587109327
,,,39,,,,,,,,,,,,,,,,,,,,,,,,,,,,,131659,0.0006727075087837875
,,,39,,,,,,,,,,,,,,,,,,,,,,,,,,,,,131669,0.011384459212422371
,,,39,,,,,,,,,,,,,,,,,,,,,,,,,,,,,131679,0.00411295285448432
,,,39,,,,,,,,,,,,,,,,,,,,,,,,,,,,,131689,0.007607467472553253
,,,39,,,,,,,,,,,,,,,,,,,,,,,,,,,,,131699,0.05843118950724602
,,,39,,,,,,,,,,,,,,,,,,,,,,,,,,,,,131709,0.0014294727006927133
,,,39,,,,,,,,,,,,,,,,,,,,,,,,,,,,,131719,0.0027128958608955145
,,,39,,,,,,,,,,,,,,,,,,,,,,,,,,,,,131729,0.001260582823306322
,,,39,,,,,,,,,,,,,,,,,,,,,,,,,,,,,131739,0.0012699910439550877
,,,39,,,,,,,,,,,,,,,,,,,,,,,,,,,,,131749,0.0026018673088401556
,,,39,,,,,,,,,,,,,,,,,,,,,,,,,,,,,131759,0.0011761572677642107
,,,39,,,,,,,,,,,,,,,,,,,,,,,,,,,,,131769,0.6749638915061951
,,,39,,,,,,,,,,,,,,,,,,,,,,,,,,,,,131779,0.0338372103869915
,,,39,,,,,,,,,,,,,,,,,,,,,,,,,,,,,131789,0.0017503092531114817
,,,39,,,,,,,,,,,,,,,,,,,,,,,,,,,,,131799,0.002243352122604847
,,,39,,,,,,,,,,,,,,,,,,,,,,,,,,,,,131809,0.0017031602328643203
,,,39,,,,,,,,,,,,,,,,,,,,,,,,,,,,,131819,0.0036979501601308584
,,,39,,,,,,,,,,,,,,,,,,,,,,,,,,,,,131829,0.00072792440187186
,,,39,,,,,,,,,,,,,,,,,,,,,,,,,,,,,131839,0.0024051996879279613
,,,39,,,,,,,,,,,,,,,,,,,,,,,,,,,,,131849,0.0015121673932299018
,,,39,,,,,,,,,,,,,,,,,,,,,,,,,,,,,131859,0.00404254999011755
,,,39,,,,,,,,,,,,,,,,,,,,,,,,,,,,,131869,0.05656478926539421
,,,39,,,,,,,,,,,,,,,,,,,,,,,,,,,,,131879,0.0021475690882653
,,,39,,,,,,,,,,,,,,,,,,,,,,,,,,,,,131889,0.000900888757314533
,,,39,,,,,,,,,,,,,,,,,,,,,,,,,,,,,131899,0.005297229625284672
,,,39,,,,,,,,,,,,,,,,,,,,,,,,,,,,,131909,0.009208436124026775
,,,39,,,,,,,,,,,,,,,,,,,,,,,,,,,,,131919,0.0017774967709556222
,,,39,,,,,,,,,,,,,,,,,,,,,,,,,,,,,131929,0.003243359737098217
,,,39,,,,,,,,,,,,,,,,,,,,,,,,,,,,,131939,0.0017438908107578754
,,,39,,,,,,,,,,,,,,,,,,,,,,,,,,,,,131949,0.07741214334964752
,,,39,,,,,,,,,,,,,,,,,,,,,,,,,,,,,131959,0.0032470040023326874
,,,39,,,,,,,,,,,,,,,,,,,,,,,,,,,,,131969,0.41379785537719727
,,,39,,,,,,,,,,,,,,,,,,,,,,,,,,,,,131979,0.0006836266256868839
,,,39,,,,,,,,,,,,,,,,,,,,,,,,,,,,,131989,0.0029443702660501003
,,,39,,,,,,,,,,,,,,,,,,,,,,,,,,,,,131999,0.020793123170733452
,,,39,,,,,,,,,,,,,,,,,,,,,,,,,,,,,132009,0.003803983796387911
,,,39,,,,,,,,,,,,,,,,,,,,,,,,,,,,,132019,0.0013245646841824055
,,,39,,,,,,,,,,,,,,,,,,,,,,,,,,,,,132029,0.0014130508061498404
,,,39,,,,,,,,,,,,,,,,,,,,,,,,,,,,,132039,0.0011743304785341024
,,,39,,,,,,,,,,,,,,,,,,,,,,,,,,,,,132049,0.0063312663696706295
,,,39,,,,,,,,,,,,,,,,,,,,,,,,,,,,,132059,0.023120887577533722
,,,39,,,,,,,,,,,,,,,,,,,,,,,,,,,,,132069,0.0009910811204463243
,,,39,,,,,,,,,,,,,,,,,,,,,,,,,,,,,132079,0.00880824588239193
,,,39,,,,,,,,,,,,,,,,,,,,,,,,,,,,,132089,0.0014629196375608444
,,,39,,,,,,,,,,,,,,,,,,,,,,,,,,,,,132099,0.21671730279922485
,,,39,,,,,,,,,,,,,,,,,,,,,,,,,,,,,132109,0.009016209281980991
,,,39,,,,,,,,,,,,,,,,,,,,,,,,,,,,,132119,0.000954005285166204
,,,39,,,,,,,,,,,,,,,,,,,,,,,,,,,,,132129,0.001880186260677874
,,,39,,,,,,,,,,,,,,,,,,,,,,,,,,,,,132139,0.05483907088637352
,,,39,,,,,,,,,,,,,,,,,,,,,,,,,,,,,132149,0.0008790462161414325
,,,39,,,,,,,,,,,,,,,,,,,,,,,,,,,,,132159,0.0010775424307212234
,,,39,,,,,,,,,,,,,,,,,,,,,,,,,,,,,132169,0.03317239135503769
,,,39,,,,,,,,,,,,,,,,,,,,,,,,,,,,,132179,0.16841727495193481
,,,39,,,,,,,,,,,,,,,,,,,,,,,,,,,,,132189,0.0008295582956634462
,,,39,,,,,,,,,,,,,,,,,,,,,,,,,,,,,132199,0.003214733675122261
,,,39,,,,,,,,,,,,,,,,,,,,,,,,,,,,,132209,0.0003853093076031655
,,,39,,,,,,,,,,,,,,,,,,,,,,,,,,,,,132219,0.3653701841831207
,,,39,,,,,,,,,,,,,,,,,,,,,,,,,,,,,132229,0.0014503338607028127
,,,39,,,,,,,,,,,,,,,,,,,,,,,,,,,,,132239,0.0017665711930021644
,,,39,,,,,,,,,,,,,,,,,,,,,,,,,,,,,132249,0.009395530447363853
,,,39,,,,,,,,,,,,,,,,,,,,,,,,,,,,,132259,0.6179659366607666
,,,39,,,,,,,,,,,,,,,,,,,,,,,,,,,,,132269,0.0026039686053991318
,,,39,,,,,,,,,,,,,,,,,,,,,,,,,,,,,132279,0.028842726722359657
,,,39,,,,,,,,,,,,,,,,,,,,,,,,,,,,,132289,0.0012826906749978662
,,,39,,,,,,,,,,,,,,,,,,,,,,,,,,,,,132299,0.0009745954885147512
,,,39,,,,,,,,,,,,,,,,,,,,,,,,,,,,,132309,0.0038771857507526875
,,,39,,,,,,,,,,,,,,,,,,,,,,,,,,,,,132319,0.0021978416480123997
,,,39,,,,,,,,,,,,,,,,,,,,,,,,,,,,,132329,0.18991021811962128
,,,39,,,,,,,,,,,,,,,,,,,,,,,,,,,,,132339,0.0016872453270480037
,,,39,,,,,,,,,,,,,,,,,,,,,,,,,,,,,132349,0.0015017885016277432
,,,39,,,,,,,,,,,,,,,,,,,,,,,,,,,,,132359,0.002446069847792387
,,,39,,,,,,,,,,,,,,,,,,,,,,,,,,,,,132369,0.0013593146577477455
,,,39,,,,,,,,,,,,,,,,,,,,,,,,,,,,,132379,0.0039747729897499084
,,,39,,,,,,,,,,,,,,,,,,,,,,,,,,,,,132389,0.005412157159298658
,,,39,,,,,,,,,,,,,,,,,,,,,,,,,,,,,132399,0.0032250345684587955
0.8873917460441589,0.8831417560577393,0.8916828036308289,39,,,,,,,,,,,,,,,,,,,,,,,,,,,,,132400,
,,,,6.653706639515992e-08,3.727436232353765e-07,5.734517280544253e-07,5.734517280544253e-07,8.822334277760388e-07,8.822334277760388e-07,1.3572821965785213e-06,1.3572821965785213e-06,2.088126456274648e-06,2.088126456274648e-06,3.212502240422535e-06,6.653706639515992e-08,3.212502240422535e-06,4.942311139111592e-06,4.942311139111592e-06,7.603555598633219e-06,7.603555598633219e-06,1.1697777844051105e-05,1.1697777844051105e-05,1.1697777844051105e-05,1.1697777844051105e-05,1.0236471753101525e-07,1.0236471753101525e-07,1.5748418081694655e-07,1.5748418081694655e-07,2.4228335510299467e-07,2.4228335510299467e-07,3.727436232353765e-07,132401,
,,,40,,,,,,,,,,,,,,,,,,,,,,,,,,,,,132409,0.0012987504014745355
,,,40,,,,,,,,,,,,,,,,,,,,,,,,,,,,,132419,0.0008490171749144793
,,,40,,,,,,,,,,,,,,,,,,,,,,,,,,,,,132429,0.0043943715281784534
,,,40,,,,,,,,,,,,,,,,,,,,,,,,,,,,,132439,0.0016841021133586764
,,,40,,,,,,,,,,,,,,,,,,,,,,,,,,,,,132449,0.0017894079210236669
,,,40,,,,,,,,,,,,,,,,,,,,,,,,,,,,,132459,0.010726721957325935
,,,40,,,,,,,,,,,,,,,,,,,,,,,,,,,,,132469,0.004796216730028391
,,,40,,,,,,,,,,,,,,,,,,,,,,,,,,,,,132479,0.15587414801120758
,,,40,,,,,,,,,,,,,,,,,,,,,,,,,,,,,132489,0.007257284130901098
,,,40,,,,,,,,,,,,,,,,,,,,,,,,,,,,,132499,0.049761101603507996
,,,40,,,,,,,,,,,,,,,,,,,,,,,,,,,,,132509,0.0014727021334692836
,,,40,,,,,,,,,,,,,,,,,,,,,,,,,,,,,132519,0.27619123458862305
,,,40,,,,,,,,,,,,,,,,,,,,,,,,,,,,,132529,0.0014627383789047599
,,,40,,,,,,,,,,,,,,,,,,,,,,,,,,,,,132539,0.0011995094828307629
,,,40,,,,,,,,,,,,,,,,,,,,,,,,,,,,,132549,0.002877919701859355
,,,40,,,,,,,,,,,,,,,,,,,,,,,,,,,,,132559,0.0009527726215310395
,,,40,,,,,,,,,,,,,,,,,,,,,,,,,,,,,132569,0.00337706645950675
,,,40,,,,,,,,,,,,,,,,,,,,,,,,,,,,,132579,0.003458992578089237
,,,40,,,,,,,,,,,,,,,,,,,,,,,,,,,,,132589,0.004557658452540636
,,,40,,,,,,,,,,,,,,,,,,,,,,,,,,,,,132599,0.006923324894160032
,,,40,,,,,,,,,,,,,,,,,,,,,,,,,,,,,132609,0.002042256761342287
,,,40,,,,,,,,,,,,,,,,,,,,,,,,,,,,,132619,0.25552722811698914
,,,40,,,,,,,,,,,,,,,,,,,,,,,,,,,,,132629,0.0046941922046244144
,,,40,,,,,,,,,,,,,,,,,,,,,,,,,,,,,132639,0.0018263151869177818
,,,40,,,,,,,,,,,,,,,,,,,,,,,,,,,,,132649,0.832305908203125
,,,40,,,,,,,,,,,,,,,,,,,,,,,,,,,,,132659,2.59749174118042
,,,40,,,,,,,,,,,,,,,,,,,,,,,,,,,,,132669,0.001232326147146523
,,,40,,,,,,,,,,,,,,,,,,,,,,,,,,,,,132679,0.005103338975459337
,,,40,,,,,,,,,,,,,,,,,,,,,,,,,,,,,132689,0.0008834504405967891
,,,40,,,,,,,,,,,,,,,,,,,,,,,,,,,,,132699,0.001206176937557757
,,,40,,,,,,,,,,,,,,,,,,,,,,,,,,,,,132709,0.0004914756864309311
,,,40,,,,,,,,,,,,,,,,,,,,,,,,,,,,,132719,0.0024134425912052393
,,,40,,,,,,,,,,,,,,,,,,,,,,,,,,,,,132729,0.0017484475392848253
,,,40,,,,,,,,,,,,,,,,,,,,,,,,,,,,,132739,0.0014522760175168514
,,,40,,,,,,,,,,,,,,,,,,,,,,,,,,,,,132749,0.010040977969765663
,,,40,,,,,,,,,,,,,,,,,,,,,,,,,,,,,132759,0.0014493927592411637
,,,40,,,,,,,,,,,,,,,,,,,,,,,,,,,,,132769,0.004106417298316956
,,,40,,,,,,,,,,,,,,,,,,,,,,,,,,,,,132779,0.007590299937874079
,,,40,,,,,,,,,,,,,,,,,,,,,,,,,,,,,132789,0.0020518775563687086
,,,40,,,,,,,,,,,,,,,,,,,,,,,,,,,,,132799,0.0011401113588362932
,,,40,,,,,,,,,,,,,,,,,,,,,,,,,,,,,132809,0.003497255966067314
,,,40,,,,,,,,,,,,,,,,,,,,,,,,,,,,,132819,0.002083977684378624
,,,40,,,,,,,,,,,,,,,,,,,,,,,,,,,,,132829,0.018920626491308212
,,,40,,,,,,,,,,,,,,,,,,,,,,,,,,,,,132839,0.001678851549513638
,,,40,,,,,,,,,,,,,,,,,,,,,,,,,,,,,132849,0.0014935152139514685
,,,40,,,,,,,,,,,,,,,,,,,,,,,,,,,,,132859,0.0035182831343263388
,,,40,,,,,,,,,,,,,,,,,,,,,,,,,,,,,132869,0.02368069440126419
,,,40,,,,,,,,,,,,,,,,,,,,,,,,,,,,,132879,0.0006017343839630485
,,,40,,,,,,,,,,,,,,,,,,,,,,,,,,,,,132889,0.0023018312640488148
,,,40,,,,,,,,,,,,,,,,,,,,,,,,,,,,,132899,0.001822209800593555
,,,40,,,,,,,,,,,,,,,,,,,,,,,,,,,,,132909,0.0014113528886809945
,,,40,,,,,,,,,,,,,,,,,,,,,,,,,,,,,132919,0.0026013008318841457
,,,40,,,,,,,,,,,,,,,,,,,,,,,,,,,,,132929,0.34713324904441833
,,,40,,,,,,,,,,,,,,,,,,,,,,,,,,,,,132939,0.0010129025904461741
,,,40,,,,,,,,,,,,,,,,,,,,,,,,,,,,,132949,0.0019912496209144592
,,,40,,,,,,,,,,,,,,,,,,,,,,,,,,,,,132959,0.006836881395429373
,,,40,,,,,,,,,,,,,,,,,,,,,,,,,,,,,132969,1.1718333959579468
,,,40,,,,,,,,,,,,,,,,,,,,,,,,,,,,,132979,0.001563667319715023
,,,40,,,,,,,,,,,,,,,,,,,,,,,,,,,,,132989,0.0027058268897235394
,,,40,,,,,,,,,,,,,,,,,,,,,,,,,,,,,132999,0.003331019077450037
,,,40,,,,,,,,,,,,,,,,,,,,,,,,,,,,,133009,0.021229859441518784
,,,40,,,,,,,,,,,,,,,,,,,,,,,,,,,,,133019,0.0012909426586702466
,,,40,,,,,,,,,,,,,,,,,,,,,,,,,,,,,133029,0.5512316226959229
,,,40,,,,,,,,,,,,,,,,,,,,,,,,,,,,,133039,0.0011766561074182391
,,,40,,,,,,,,,,,,,,,,,,,,,,,,,,,,,133049,0.2674654722213745
,,,40,,,,,,,,,,,,,,,,,,,,,,,,,,,,,133059,1.520960807800293
,,,40,,,,,,,,,,,,,,,,,,,,,,,,,,,,,133069,0.005138465203344822
,,,40,,,,,,,,,,,,,,,,,,,,,,,,,,,,,133079,0.002020526211708784
,,,40,,,,,,,,,,,,,,,,,,,,,,,,,,,,,133089,0.029022229835391045
,,,40,,,,,,,,,,,,,,,,,,,,,,,,,,,,,133099,0.0037386780604720116
,,,40,,,,,,,,,,,,,,,,,,,,,,,,,,,,,133109,0.006519827991724014
,,,40,,,,,,,,,,,,,,,,,,,,,,,,,,,,,133119,0.003218939760699868
,,,40,,,,,,,,,,,,,,,,,,,,,,,,,,,,,133129,0.014131068252027035
,,,40,,,,,,,,,,,,,,,,,,,,,,,,,,,,,133139,0.0013243488501757383
,,,40,,,,,,,,,,,,,,,,,,,,,,,,,,,,,133149,0.449053555727005
,,,40,,,,,,,,,,,,,,,,,,,,,,,,,,,,,133159,0.0033903545700013638
,,,40,,,,,,,,,,,,,,,,,,,,,,,,,,,,,133169,0.0128855612128973
,,,40,,,,,,,,,,,,,,,,,,,,,,,,,,,,,133179,0.0012681933585554361
,,,40,,,,,,,,,,,,,,,,,,,,,,,,,,,,,133189,0.05241749808192253
,,,40,,,,,,,,,,,,,,,,,,,,,,,,,,,,,133199,0.0020583837758749723
,,,40,,,,,,,,,,,,,,,,,,,,,,,,,,,,,133209,0.0010793688707053661
,,,40,,,,,,,,,,,,,,,,,,,,,,,,,,,,,133219,0.0013234750367701054
,,,40,,,,,,,,,,,,,,,,,,,,,,,,,,,,,133229,0.20739860832691193
,,,40,,,,,,,,,,,,,,,,,,,,,,,,,,,,,133239,0.005466281436383724
,,,40,,,,,,,,,,,,,,,,,,,,,,,,,,,,,133249,0.0015819664113223553
,,,40,,,,,,,,,,,,,,,,,,,,,,,,,,,,,133259,0.04060226306319237
,,,40,,,,,,,,,,,,,,,,,,,,,,,,,,,,,133269,0.008495599031448364
,,,40,,,,,,,,,,,,,,,,,,,,,,,,,,,,,133279,0.0024020476266741753
,,,40,,,,,,,,,,,,,,,,,,,,,,,,,,,,,133289,0.0320589579641819
,,,40,,,,,,,,,,,,,,,,,,,,,,,,,,,,,133299,0.002491587307304144
,,,40,,,,,,,,,,,,,,,,,,,,,,,,,,,,,133309,0.0016643147682771087
,,,40,,,,,,,,,,,,,,,,,,,,,,,,,,,,,133319,0.0023959283716976643
,,,40,,,,,,,,,,,,,,,,,,,,,,,,,,,,,133329,0.0025572595186531544
,,,40,,,,,,,,,,,,,,,,,,,,,,,,,,,,,133339,0.0018523205071687698
,,,40,,,,,,,,,,,,,,,,,,,,,,,,,,,,,133349,0.10832717269659042
,,,40,,,,,,,,,,,,,,,,,,,,,,,,,,,,,133359,0.0020286906510591507
,,,40,,,,,,,,,,,,,,,,,,,,,,,,,,,,,133369,0.0015211370773613453
,,,40,,,,,,,,,,,,,,,,,,,,,,,,,,,,,133379,0.015444166958332062
,,,40,,,,,,,,,,,,,,,,,,,,,,,,,,,,,133389,0.002125412691384554
,,,40,,,,,,,,,,,,,,,,,,,,,,,,,,,,,133399,0.0027800227981060743
,,,40,,,,,,,,,,,,,,,,,,,,,,,,,,,,,133409,0.0035316585563123226
,,,40,,,,,,,,,,,,,,,,,,,,,,,,,,,,,133419,0.000637582503259182
,,,40,,,,,,,,,,,,,,,,,,,,,,,,,,,,,133429,0.0011055615032091737
,,,40,,,,,,,,,,,,,,,,,,,,,,,,,,,,,133439,0.3009240925312042
,,,40,,,,,,,,,,,,,,,,,,,,,,,,,,,,,133449,0.008789933286607265
,,,40,,,,,,,,,,,,,,,,,,,,,,,,,,,,,133459,0.0014988741604611278
,,,40,,,,,,,,,,,,,,,,,,,,,,,,,,,,,133469,0.5335999727249146
,,,40,,,,,,,,,,,,,,,,,,,,,,,,,,,,,133479,0.02133202739059925
,,,40,,,,,,,,,,,,,,,,,,,,,,,,,,,,,133489,0.4306599795818329
,,,40,,,,,,,,,,,,,,,,,,,,,,,,,,,,,133499,0.0019277115352451801
,,,40,,,,,,,,,,,,,,,,,,,,,,,,,,,,,133509,0.10236243158578873
,,,40,,,,,,,,,,,,,,,,,,,,,,,,,,,,,133519,0.03810675069689751
,,,40,,,,,,,,,,,,,,,,,,,,,,,,,,,,,133529,0.04230407625436783
,,,40,,,,,,,,,,,,,,,,,,,,,,,,,,,,,133539,0.0009710006415843964
,,,40,,,,,,,,,,,,,,,,,,,,,,,,,,,,,133549,0.3586239218711853
,,,40,,,,,,,,,,,,,,,,,,,,,,,,,,,,,133559,0.0032332094851881266
,,,40,,,,,,,,,,,,,,,,,,,,,,,,,,,,,133569,0.0031248191371560097
,,,40,,,,,,,,,,,,,,,,,,,,,,,,,,,,,133579,0.0012942751636728644
,,,40,,,,,,,,,,,,,,,,,,,,,,,,,,,,,133589,0.0028242114931344986
,,,40,,,,,,,,,,,,,,,,,,,,,,,,,,,,,133599,0.9129315614700317
,,,40,,,,,,,,,,,,,,,,,,,,,,,,,,,,,133609,0.0012094746343791485
,,,40,,,,,,,,,,,,,,,,,,,,,,,,,,,,,133619,0.00472006993368268
,,,40,,,,,,,,,,,,,,,,,,,,,,,,,,,,,133629,0.09804389625787735
,,,40,,,,,,,,,,,,,,,,,,,,,,,,,,,,,133639,0.0018889473285526037
,,,40,,,,,,,,,,,,,,,,,,,,,,,,,,,,,133649,0.0039816019125282764
,,,40,,,,,,,,,,,,,,,,,,,,,,,,,,,,,133659,0.0006832231883890927
,,,40,,,,,,,,,,,,,,,,,,,,,,,,,,,,,133669,0.0028775662649422884
,,,40,,,,,,,,,,,,,,,,,,,,,,,,,,,,,133679,0.004582698456943035
,,,40,,,,,,,,,,,,,,,,,,,,,,,,,,,,,133689,0.0027480267453938723
,,,40,,,,,,,,,,,,,,,,,,,,,,,,,,,,,133699,0.0007299940334632993
,,,40,,,,,,,,,,,,,,,,,,,,,,,,,,,,,133709,0.0009221790242008865
,,,40,,,,,,,,,,,,,,,,,,,,,,,,,,,,,133719,0.024954093620181084
,,,40,,,,,,,,,,,,,,,,,,,,,,,,,,,,,133729,0.0009949809173122048
,,,40,,,,,,,,,,,,,,,,,,,,,,,,,,,,,133739,0.003310307627543807
,,,40,,,,,,,,,,,,,,,,,,,,,,,,,,,,,133749,0.504840612411499
,,,40,,,,,,,,,,,,,,,,,,,,,,,,,,,,,133759,0.0006835298845544457
,,,40,,,,,,,,,,,,,,,,,,,,,,,,,,,,,133769,0.009677236899733543
,,,40,,,,,,,,,,,,,,,,,,,,,,,,,,,,,133779,0.003116956911981106
,,,40,,,,,,,,,,,,,,,,,,,,,,,,,,,,,133789,0.002269584685564041
,,,40,,,,,,,,,,,,,,,,,,,,,,,,,,,,,133799,0.0006551849655807018
,,,40,,,,,,,,,,,,,,,,,,,,,,,,,,,,,133809,0.13431349396705627
,,,40,,,,,,,,,,,,,,,,,,,,,,,,,,,,,133819,0.0025640465319156647
,,,40,,,,,,,,,,,,,,,,,,,,,,,,,,,,,133829,0.002704861108213663
,,,40,,,,,,,,,,,,,,,,,,,,,,,,,,,,,133839,0.0011625688057392836
,,,40,,,,,,,,,,,,,,,,,,,,,,,,,,,,,133849,0.002464019926264882
,,,40,,,,,,,,,,,,,,,,,,,,,,,,,,,,,133859,0.001578334136866033
,,,40,,,,,,,,,,,,,,,,,,,,,,,,,,,,,133869,0.0021294322796165943
,,,40,,,,,,,,,,,,,,,,,,,,,,,,,,,,,133879,0.36654236912727356
,,,40,,,,,,,,,,,,,,,,,,,,,,,,,,,,,133889,0.003242411417886615
,,,40,,,,,,,,,,,,,,,,,,,,,,,,,,,,,133899,0.0010459183249622583
,,,40,,,,,,,,,,,,,,,,,,,,,,,,,,,,,133909,0.003058501984924078
,,,40,,,,,,,,,,,,,,,,,,,,,,,,,,,,,133919,0.006203582044690847
,,,40,,,,,,,,,,,,,,,,,,,,,,,,,,,,,133929,0.001807622378692031
,,,40,,,,,,,,,,,,,,,,,,,,,,,,,,,,,133939,0.0026945227291435003
,,,40,,,,,,,,,,,,,,,,,,,,,,,,,,,,,133949,0.002134571084752679
,,,40,,,,,,,,,,,,,,,,,,,,,,,,,,,,,133959,0.001672903192229569
,,,40,,,,,,,,,,,,,,,,,,,,,,,,,,,,,133969,0.007479411084204912
,,,40,,,,,,,,,,,,,,,,,,,,,,,,,,,,,133979,0.0040863011963665485
,,,40,,,,,,,,,,,,,,,,,,,,,,,,,,,,,133989,0.0016443200875073671
,,,40,,,,,,,,,,,,,,,,,,,,,,,,,,,,,133999,0.00305814016610384
,,,40,,,,,,,,,,,,,,,,,,,,,,,,,,,,,134009,0.029299480840563774
,,,40,,,,,,,,,,,,,,,,,,,,,,,,,,,,,134019,0.0020558370742946863
,,,40,,,,,,,,,,,,,,,,,,,,,,,,,,,,,134029,0.0014294562861323357
,,,40,,,,,,,,,,,,,,,,,,,,,,,,,,,,,134039,0.0010936260223388672
,,,40,,,,,,,,,,,,,,,,,,,,,,,,,,,,,134049,0.001484732492826879
,,,40,,,,,,,,,,,,,,,,,,,,,,,,,,,,,134059,0.002967969747260213
,,,40,,,,,,,,,,,,,,,,,,,,,,,,,,,,,134069,0.0008950831834226847
,,,40,,,,,,,,,,,,,,,,,,,,,,,,,,,,,134079,0.001198889804072678
,,,40,,,,,,,,,,,,,,,,,,,,,,,,,,,,,134089,0.004648471716791391
,,,40,,,,,,,,,,,,,,,,,,,,,,,,,,,,,134099,0.003021127777174115
,,,40,,,,,,,,,,,,,,,,,,,,,,,,,,,,,134109,0.0016750481445342302
,,,40,,,,,,,,,,,,,,,,,,,,,,,,,,,,,134119,0.003473496064543724
,,,40,,,,,,,,,,,,,,,,,,,,,,,,,,,,,134129,0.0015671048313379288
,,,40,,,,,,,,,,,,,,,,,,,,,,,,,,,,,134139,0.0020504689309746027
,,,40,,,,,,,,,,,,,,,,,,,,,,,,,,,,,134149,0.0029716973658651114
,,,40,,,,,,,,,,,,,,,,,,,,,,,,,,,,,134159,0.04642050713300705
,,,40,,,,,,,,,,,,,,,,,,,,,,,,,,,,,134169,0.046902090311050415
,,,40,,,,,,,,,,,,,,,,,,,,,,,,,,,,,134179,0.001194093725644052
,,,40,,,,,,,,,,,,,,,,,,,,,,,,,,,,,134189,0.002631154377013445
,,,40,,,,,,,,,,,,,,,,,,,,,,,,,,,,,134199,0.6356750726699829
,,,40,,,,,,,,,,,,,,,,,,,,,,,,,,,,,134209,1.0194038152694702
,,,40,,,,,,,,,,,,,,,,,,,,,,,,,,,,,134219,0.0255227480083704
,,,40,,,,,,,,,,,,,,,,,,,,,,,,,,,,,134229,0.0015600722981616855
,,,40,,,,,,,,,,,,,,,,,,,,,,,,,,,,,134239,0.0032716409768909216
,,,40,,,,,,,,,,,,,,,,,,,,,,,,,,,,,134249,0.0021139783784747124
,,,40,,,,,,,,,,,,,,,,,,,,,,,,,,,,,134259,0.0007418209570460021
,,,40,,,,,,,,,,,,,,,,,,,,,,,,,,,,,134269,0.6621876358985901
,,,40,,,,,,,,,,,,,,,,,,,,,,,,,,,,,134279,0.002143685007467866
,,,40,,,,,,,,,,,,,,,,,,,,,,,,,,,,,134289,0.0007882341742515564
,,,40,,,,,,,,,,,,,,,,,,,,,,,,,,,,,134299,0.002148727420717478
,,,40,,,,,,,,,,,,,,,,,,,,,,,,,,,,,134309,0.002761363983154297
,,,40,,,,,,,,,,,,,,,,,,,,,,,,,,,,,134319,0.0019787794444710016
,,,40,,,,,,,,,,,,,,,,,,,,,,,,,,,,,134329,0.001139599597081542
,,,40,,,,,,,,,,,,,,,,,,,,,,,,,,,,,134339,0.0013530004071071744
,,,40,,,,,,,,,,,,,,,,,,,,,,,,,,,,,134349,0.0009774568025022745
,,,40,,,,,,,,,,,,,,,,,,,,,,,,,,,,,134359,0.01779312826693058
,,,40,,,,,,,,,,,,,,,,,,,,,,,,,,,,,134369,0.002620953368023038
,,,40,,,,,,,,,,,,,,,,,,,,,,,,,,,,,134379,0.0014672043034806848
,,,40,,,,,,,,,,,,,,,,,,,,,,,,,,,,,134389,0.0010252122301608324
,,,40,,,,,,,,,,,,,,,,,,,,,,,,,,,,,134399,0.0010094025637954473
,,,40,,,,,,,,,,,,,,,,,,,,,,,,,,,,,134409,0.003828204469755292
,,,40,,,,,,,,,,,,,,,,,,,,,,,,,,,,,134419,0.08243682235479355
,,,40,,,,,,,,,,,,,,,,,,,,,,,,,,,,,134429,0.002280153101310134
,,,40,,,,,,,,,,,,,,,,,,,,,,,,,,,,,134439,0.01580684632062912
,,,40,,,,,,,,,,,,,,,,,,,,,,,,,,,,,134449,0.0025515956804156303
,,,40,,,,,,,,,,,,,,,,,,,,,,,,,,,,,134459,0.0012022312730550766
,,,40,,,,,,,,,,,,,,,,,,,,,,,,,,,,,134469,0.0013927710242569447
,,,40,,,,,,,,,,,,,,,,,,,,,,,,,,,,,134479,0.004066175315529108
,,,40,,,,,,,,,,,,,,,,,,,,,,,,,,,,,134489,0.029100606217980385
,,,40,,,,,,,,,,,,,,,,,,,,,,,,,,,,,134499,0.000983557547442615
,,,40,,,,,,,,,,,,,,,,,,,,,,,,,,,,,134509,0.01966088078916073
,,,40,,,,,,,,,,,,,,,,,,,,,,,,,,,,,134519,1.071237564086914
,,,40,,,,,,,,,,,,,,,,,,,,,,,,,,,,,134529,0.001630874234251678
,,,40,,,,,,,,,,,,,,,,,,,,,,,,,,,,,134539,0.0011083739809691906
,,,40,,,,,,,,,,,,,,,,,,,,,,,,,,,,,134549,0.0012644765665754676
,,,40,,,,,,,,,,,,,,,,,,,,,,,,,,,,,134559,0.004372966941446066
,,,40,,,,,,,,,,,,,,,,,,,,,,,,,,,,,134569,0.0010194287169724703
,,,40,,,,,,,,,,,,,,,,,,,,,,,,,,,,,134579,0.0018680101493373513
,,,40,,,,,,,,,,,,,,,,,,,,,,,,,,,,,134589,0.0017716515576466918
,,,40,,,,,,,,,,,,,,,,,,,,,,,,,,,,,134599,0.0013498238986358047
,,,40,,,,,,,,,,,,,,,,,,,,,,,,,,,,,134609,0.9282312393188477
,,,40,,,,,,,,,,,,,,,,,,,,,,,,,,,,,134619,0.012464135885238647
,,,40,,,,,,,,,,,,,,,,,,,,,,,,,,,,,134629,0.0011333742877468467
,,,40,,,,,,,,,,,,,,,,,,,,,,,,,,,,,134639,0.0010217935778200626
,,,40,,,,,,,,,,,,,,,,,,,,,,,,,,,,,134649,0.002425431041046977
,,,40,,,,,,,,,,,,,,,,,,,,,,,,,,,,,134659,0.0011833556927740574
,,,40,,,,,,,,,,,,,,,,,,,,,,,,,,,,,134669,0.009754753671586514
,,,40,,,,,,,,,,,,,,,,,,,,,,,,,,,,,134679,0.035091206431388855
,,,40,,,,,,,,,,,,,,,,,,,,,,,,,,,,,134689,0.0024187893141061068
,,,40,,,,,,,,,,,,,,,,,,,,,,,,,,,,,134699,0.0013119918294250965
,,,40,,,,,,,,,,,,,,,,,,,,,,,,,,,,,134709,0.001638763933442533
,,,40,,,,,,,,,,,,,,,,,,,,,,,,,,,,,134719,0.002495761960744858
,,,40,,,,,,,,,,,,,,,,,,,,,,,,,,,,,134729,0.0006234856555238366
,,,40,,,,,,,,,,,,,,,,,,,,,,,,,,,,,134739,0.4483609199523926
,,,40,,,,,,,,,,,,,,,,,,,,,,,,,,,,,134749,0.04116956144571304
,,,40,,,,,,,,,,,,,,,,,,,,,,,,,,,,,134759,0.18392413854599
,,,40,,,,,,,,,,,,,,,,,,,,,,,,,,,,,134769,0.4551747143268585
,,,40,,,,,,,,,,,,,,,,,,,,,,,,,,,,,134779,0.2044416069984436
,,,40,,,,,,,,,,,,,,,,,,,,,,,,,,,,,134789,0.002617090241983533
,,,40,,,,,,,,,,,,,,,,,,,,,,,,,,,,,134799,0.010025902651250362
,,,40,,,,,,,,,,,,,,,,,,,,,,,,,,,,,134809,0.0016942870570346713
,,,40,,,,,,,,,,,,,,,,,,,,,,,,,,,,,134819,0.04101351276040077
,,,40,,,,,,,,,,,,,,,,,,,,,,,,,,,,,134829,0.001818956108763814
,,,40,,,,,,,,,,,,,,,,,,,,,,,,,,,,,134839,0.0014423648826777935
,,,40,,,,,,,,,,,,,,,,,,,,,,,,,,,,,134849,0.004840847570449114
,,,40,,,,,,,,,,,,,,,,,,,,,,,,,,,,,134859,0.005814428441226482
,,,40,,,,,,,,,,,,,,,,,,,,,,,,,,,,,134869,0.0013053474249318242
,,,40,,,,,,,,,,,,,,,,,,,,,,,,,,,,,134879,0.0031158062629401684
,,,40,,,,,,,,,,,,,,,,,,,,,,,,,,,,,134889,0.001092560007236898
,,,40,,,,,,,,,,,,,,,,,,,,,,,,,,,,,134899,0.002965002553537488
,,,40,,,,,,,,,,,,,,,,,,,,,,,,,,,,,134909,0.0017203736351802945
,,,40,,,,,,,,,,,,,,,,,,,,,,,,,,,,,134919,0.0018651295686140656
,,,40,,,,,,,,,,,,,,,,,,,,,,,,,,,,,134929,0.0017878873040899634
,,,40,,,,,,,,,,,,,,,,,,,,,,,,,,,,,134939,0.0014240454183891416
,,,40,,,,,,,,,,,,,,,,,,,,,,,,,,,,,134949,0.0011375045869499445
,,,40,,,,,,,,,,,,,,,,,,,,,,,,,,,,,134959,0.0011365946847945452
,,,40,,,,,,,,,,,,,,,,,,,,,,,,,,,,,134969,0.0014352553989738226
,,,40,,,,,,,,,,,,,,,,,,,,,,,,,,,,,134979,0.0012151680421084166
,,,40,,,,,,,,,,,,,,,,,,,,,,,,,,,,,134989,0.0015909785870462656
,,,40,,,,,,,,,,,,,,,,,,,,,,,,,,,,,134999,0.0017330182017758489
,,,40,,,,,,,,,,,,,,,,,,,,,,,,,,,,,135009,0.004180507734417915
,,,40,,,,,,,,,,,,,,,,,,,,,,,,,,,,,135019,0.43060174584388733
,,,40,,,,,,,,,,,,,,,,,,,,,,,,,,,,,135029,0.004948768299072981
,,,40,,,,,,,,,,,,,,,,,,,,,,,,,,,,,135039,0.0005272189155220985
,,,40,,,,,,,,,,,,,,,,,,,,,,,,,,,,,135049,0.02737412601709366
,,,40,,,,,,,,,,,,,,,,,,,,,,,,,,,,,135059,0.0008949198527261615
,,,40,,,,,,,,,,,,,,,,,,,,,,,,,,,,,135069,0.002003395464271307
,,,40,,,,,,,,,,,,,,,,,,,,,,,,,,,,,135079,0.002769632264971733
,,,40,,,,,,,,,,,,,,,,,,,,,,,,,,,,,135089,0.3088478744029999
,,,40,,,,,,,,,,,,,,,,,,,,,,,,,,,,,135099,0.008614144288003445
,,,40,,,,,,,,,,,,,,,,,,,,,,,,,,,,,135109,0.162990003824234
,,,40,,,,,,,,,,,,,,,,,,,,,,,,,,,,,135119,0.0033668249379843473
,,,40,,,,,,,,,,,,,,,,,,,,,,,,,,,,,135129,0.3647962510585785
,,,40,,,,,,,,,,,,,,,,,,,,,,,,,,,,,135139,0.4156371057033539
,,,40,,,,,,,,,,,,,,,,,,,,,,,,,,,,,135149,0.0014646340860053897
,,,40,,,,,,,,,,,,,,,,,,,,,,,,,,,,,135159,0.3050177991390228
,,,40,,,,,,,,,,,,,,,,,,,,,,,,,,,,,135169,0.004012500401586294
,,,40,,,,,,,,,,,,,,,,,,,,,,,,,,,,,135179,0.00041608550236560404
,,,40,,,,,,,,,,,,,,,,,,,,,,,,,,,,,135189,1.3015925884246826
,,,40,,,,,,,,,,,,,,,,,,,,,,,,,,,,,135199,0.0009038320858962834
,,,40,,,,,,,,,,,,,,,,,,,,,,,,,,,,,135209,0.580447256565094
,,,40,,,,,,,,,,,,,,,,,,,,,,,,,,,,,135219,0.0196806862950325
,,,40,,,,,,,,,,,,,,,,,,,,,,,,,,,,,135229,0.00507624726742506
,,,40,,,,,,,,,,,,,,,,,,,,,,,,,,,,,135239,0.0019829003140330315
,,,40,,,,,,,,,,,,,,,,,,,,,,,,,,,,,135249,0.005627227947115898
,,,40,,,,,,,,,,,,,,,,,,,,,,,,,,,,,135259,0.0015923794126138091
,,,40,,,,,,,,,,,,,,,,,,,,,,,,,,,,,135269,0.002695582341402769
,,,40,,,,,,,,,,,,,,,,,,,,,,,,,,,,,135279,0.00256344024091959
,,,40,,,,,,,,,,,,,,,,,,,,,,,,,,,,,135289,0.1478610634803772
,,,40,,,,,,,,,,,,,,,,,,,,,,,,,,,,,135299,0.0015421543503180146
,,,40,,,,,,,,,,,,,,,,,,,,,,,,,,,,,135309,0.08200172334909439
,,,40,,,,,,,,,,,,,,,,,,,,,,,,,,,,,135319,0.05559738352894783
,,,40,,,,,,,,,,,,,,,,,,,,,,,,,,,,,135329,0.0032018045894801617
,,,40,,,,,,,,,,,,,,,,,,,,,,,,,,,,,135339,0.015731465071439743
,,,40,,,,,,,,,,,,,,,,,,,,,,,,,,,,,135349,0.0018870317144319415
,,,40,,,,,,,,,,,,,,,,,,,,,,,,,,,,,135359,0.0037141181528568268
,,,40,,,,,,,,,,,,,,,,,,,,,,,,,,,,,135369,0.001424725167453289
,,,40,,,,,,,,,,,,,,,,,,,,,,,,,,,,,135379,0.0013665056321769953
,,,40,,,,,,,,,,,,,,,,,,,,,,,,,,,,,135389,0.0033525782637298107
,,,40,,,,,,,,,,,,,,,,,,,,,,,,,,,,,135399,0.0031704674474895
,,,40,,,,,,,,,,,,,,,,,,,,,,,,,,,,,135409,0.002940847771242261
,,,40,,,,,,,,,,,,,,,,,,,,,,,,,,,,,135419,0.059779223054647446
,,,40,,,,,,,,,,,,,,,,,,,,,,,,,,,,,135429,0.0027008133474737406
,,,40,,,,,,,,,,,,,,,,,,,,,,,,,,,,,135439,0.007143786642700434
,,,40,,,,,,,,,,,,,,,,,,,,,,,,,,,,,135449,0.004144200123846531
,,,40,,,,,,,,,,,,,,,,,,,,,,,,,,,,,135459,0.005321905482560396
,,,40,,,,,,,,,,,,,,,,,,,,,,,,,,,,,135469,0.0030122839380055666
,,,40,,,,,,,,,,,,,,,,,,,,,,,,,,,,,135479,0.00249119964428246
,,,40,,,,,,,,,,,,,,,,,,,,,,,,,,,,,135489,0.17200295627117157
,,,40,,,,,,,,,,,,,,,,,,,,,,,,,,,,,135499,0.015785181894898415
,,,40,,,,,,,,,,,,,,,,,,,,,,,,,,,,,135509,0.04050448536872864
,,,40,,,,,,,,,,,,,,,,,,,,,,,,,,,,,135519,0.002259349450469017
,,,40,,,,,,,,,,,,,,,,,,,,,,,,,,,,,135529,0.011262137442827225
,,,40,,,,,,,,,,,,,,,,,,,,,,,,,,,,,135539,0.37768083810806274
,,,40,,,,,,,,,,,,,,,,,,,,,,,,,,,,,135549,0.005150400102138519
,,,40,,,,,,,,,,,,,,,,,,,,,,,,,,,,,135559,0.0029980079270899296
,,,40,,,,,,,,,,,,,,,,,,,,,,,,,,,,,135569,0.003720222506672144
,,,40,,,,,,,,,,,,,,,,,,,,,,,,,,,,,135579,0.004288351628929377
,,,40,,,,,,,,,,,,,,,,,,,,,,,,,,,,,135589,0.0011268729576840997
,,,40,,,,,,,,,,,,,,,,,,,,,,,,,,,,,135599,0.002685034414753318
,,,40,,,,,,,,,,,,,,,,,,,,,,,,,,,,,135609,0.0023083819542080164
,,,40,,,,,,,,,,,,,,,,,,,,,,,,,,,,,135619,0.5423727035522461
,,,40,,,,,,,,,,,,,,,,,,,,,,,,,,,,,135629,0.00398700637742877
,,,40,,,,,,,,,,,,,,,,,,,,,,,,,,,,,135639,0.0013092461740598083
,,,40,,,,,,,,,,,,,,,,,,,,,,,,,,,,,135649,0.00399188045412302
,,,40,,,,,,,,,,,,,,,,,,,,,,,,,,,,,135659,0.007955438457429409
,,,40,,,,,,,,,,,,,,,,,,,,,,,,,,,,,135669,0.0006805091979913414
,,,40,,,,,,,,,,,,,,,,,,,,,,,,,,,,,135679,0.001473223208449781
,,,40,,,,,,,,,,,,,,,,,,,,,,,,,,,,,135689,0.0012804392026737332
,,,40,,,,,,,,,,,,,,,,,,,,,,,,,,,,,135699,0.0013183628907427192
,,,40,,,,,,,,,,,,,,,,,,,,,,,,,,,,,135709,0.0012720900122076273
,,,,5.431565334472347e-08,3.0427872046342055e-07,4.6812110840526237e-07,4.6812110840526237e-07,7.201863206234804e-07,7.201863206234804e-07,1.1079789548053546e-06,1.1079789548053546e-06,1.704583007392853e-06,1.704583007392853e-06,2.622435395989005e-06,5.431565334472347e-08,2.622435395989005e-06,4.034515993829238e-06,4.034515993829238e-06,6.206947682814212e-06,6.206947682814212e-06,9.549150281252633e-06,9.549150281252633e-06,9.549150281252633e-06,9.549150281252633e-06,8.356254360726687e-08,8.356254360726687e-08,1.2855775939579518e-07,1.2855775939579518e-07,1.9778116830122336e-07,1.9778116830122336e-07,3.0427872046342055e-07,135711,
,,,41,,,,,,,,,,,,,,,,,,,,,,,,,,,,,135719,0.0680806040763855
,,,41,,,,,,,,,,,,,,,,,,,,,,,,,,,,,135729,0.0019966803956776857
,,,41,,,,,,,,,,,,,,,,,,,,,,,,,,,,,135739,0.019466232508420944
,,,41,,,,,,,,,,,,,,,,,,,,,,,,,,,,,135749,0.005017872434109449
,,,41,,,,,,,,,,,,,,,,,,,,,,,,,,,,,135759,0.00816029217094183
,,,41,,,,,,,,,,,,,,,,,,,,,,,,,,,,,135769,0.002076586941257119
,,,41,,,,,,,,,,,,,,,,,,,,,,,,,,,,,135779,0.003369370475411415
,,,41,,,,,,,,,,,,,,,,,,,,,,,,,,,,,135789,0.002016052370890975
,,,41,,,,,,,,,,,,,,,,,,,,,,,,,,,,,135799,0.01284774113446474
,,,41,,,,,,,,,,,,,,,,,,,,,,,,,,,,,135809,0.00344925862737
,,,41,,,,,,,,,,,,,,,,,,,,,,,,,,,,,135819,0.0018706638365983963
,,,41,,,,,,,,,,,,,,,,,,,,,,,,,,,,,135829,0.0026195368263870478
,,,41,,,,,,,,,,,,,,,,,,,,,,,,,,,,,135839,0.001625876291655004
,,,41,,,,,,,,,,,,,,,,,,,,,,,,,,,,,135849,0.0020579537376761436
,,,41,,,,,,,,,,,,,,,,,,,,,,,,,,,,,135859,0.0017453577602282166
,,,41,,,,,,,,,,,,,,,,,,,,,,,,,,,,,135869,0.007297314703464508
,,,41,,,,,,,,,,,,,,,,,,,,,,,,,,,,,135879,0.05626356229186058
,,,41,,,,,,,,,,,,,,,,,,,,,,,,,,,,,135889,0.34223273396492004
,,,41,,,,,,,,,,,,,,,,,,,,,,,,,,,,,135899,0.0016181711107492447
,,,41,,,,,,,,,,,,,,,,,,,,,,,,,,,,,135909,0.0022093418519943953
,,,41,,,,,,,,,,,,,,,,,,,,,,,,,,,,,135919,0.06274014711380005
,,,41,,,,,,,,,,,,,,,,,,,,,,,,,,,,,135929,0.4264809191226959
,,,41,,,,,,,,,,,,,,,,,,,,,,,,,,,,,135939,0.0017537480453029275
,,,41,,,,,,,,,,,,,,,,,,,,,,,,,,,,,135949,0.0009676155750639737
,,,41,,,,,,,,,,,,,,,,,,,,,,,,,,,,,135959,0.0023189557250589132
,,,41,,,,,,,,,,,,,,,,,,,,,,,,,,,,,135969,0.0014534378424286842
,,,41,,,,,,,,,,,,,,,,,,,,,,,,,,,,,135979,0.006872216239571571
,,,41,,,,,,,,,,,,,,,,,,,,,,,,,,,,,135989,0.002501862123608589
,,,41,,,,,,,,,,,,,,,,,,,,,,,,,,,,,135999,0.00041712919482961297
,,,41,,,,,,,,,,,,,,,,,,,,,,,,,,,,,136009,0.042014505714178085
,,,41,,,,,,,,,,,,,,,,,,,,,,,,,,,,,136019,0.0036693154834210873
,,,41,,,,,,,,,,,,,,,,,,,,,,,,,,,,,136029,0.0032083692494779825
,,,41,,,,,,,,,,,,,,,,,,,,,,,,,,,,,136039,0.0037094145081937313
,,,41,,,,,,,,,,,,,,,,,,,,,,,,,,,,,136049,0.0013629270251840353
,,,41,,,,,,,,,,,,,,,,,,,,,,,,,,,,,136059,0.031103627756237984
,,,41,,,,,,,,,,,,,,,,,,,,,,,,,,,,,136069,0.018304429948329926
,,,41,,,,,,,,,,,,,,,,,,,,,,,,,,,,,136079,0.0023415908217430115
,,,41,,,,,,,,,,,,,,,,,,,,,,,,,,,,,136089,0.001642518094740808
,,,41,,,,,,,,,,,,,,,,,,,,,,,,,,,,,136099,0.0008596916450187564
,,,41,,,,,,,,,,,,,,,,,,,,,,,,,,,,,136109,0.008680881932377815
,,,41,,,,,,,,,,,,,,,,,,,,,,,,,,,,,136119,0.0016815800918266177
,,,41,,,,,,,,,,,,,,,,,,,,,,,,,,,,,136129,0.0008091356139630079
,,,41,,,,,,,,,,,,,,,,,,,,,,,,,,,,,136139,0.0011997077381238341
,,,41,,,,,,,,,,,,,,,,,,,,,,,,,,,,,136149,1.0329257249832153
,,,41,,,,,,,,,,,,,,,,,,,,,,,,,,,,,136159,0.0017298732418566942
,,,41,,,,,,,,,,,,,,,,,,,,,,,,,,,,,136169,0.01266791857779026
,,,41,,,,,,,,,,,,,,,,,,,,,,,,,,,,,136179,0.0009777485392987728
,,,41,,,,,,,,,,,,,,,,,,,,,,,,,,,,,136189,0.07531317323446274
,,,41,,,,,,,,,,,,,,,,,,,,,,,,,,,,,136199,0.0009737544460222125
,,,41,,,,,,,,,,,,,,,,,,,,,,,,,,,,,136209,0.11688777804374695
,,,41,,,,,,,,,,,,,,,,,,,,,,,,,,,,,136219,0.0032233023084700108
,,,41,,,,,,,,,,,,,,,,,,,,,,,,,,,,,136229,0.029375940561294556
,,,41,,,,,,,,,,,,,,,,,,,,,,,,,,,,,136239,0.0019323364831507206
,,,41,,,,,,,,,,,,,,,,,,,,,,,,,,,,,136249,0.0016003595665097237
,,,41,,,,,,,,,,,,,,,,,,,,,,,,,,,,,136259,0.0006598921027034521
,,,41,,,,,,,,,,,,,,,,,,,,,,,,,,,,,136269,0.0014606766635552049
,,,41,,,,,,,,,,,,,,,,,,,,,,,,,,,,,136279,0.00331297074444592
,,,41,,,,,,,,,,,,,,,,,,,,,,,,,,,,,136289,0.006399908568710089
,,,41,,,,,,,,,,,,,,,,,,,,,,,,,,,,,136299,0.0028252790216356516
,,,41,,,,,,,,,,,,,,,,,,,,,,,,,,,,,136309,0.02757284604012966
,,,41,,,,,,,,,,,,,,,,,,,,,,,,,,,,,136319,0.0015468561323359609
,,,41,,,,,,,,,,,,,,,,,,,,,,,,,,,,,136329,0.020779618993401527
,,,41,,,,,,,,,,,,,,,,,,,,,,,,,,,,,136339,0.004886484704911709
,,,41,,,,,,,,,,,,,,,,,,,,,,,,,,,,,136349,0.0020429007709026337
,,,41,,,,,,,,,,,,,,,,,,,,,,,,,,,,,136359,0.017166612669825554
,,,41,,,,,,,,,,,,,,,,,,,,,,,,,,,,,136369,0.07131283730268478
,,,41,,,,,,,,,,,,,,,,,,,,,,,,,,,,,136379,0.009026586078107357
,,,41,,,,,,,,,,,,,,,,,,,,,,,,,,,,,136389,0.0019401097670197487
,,,41,,,,,,,,,,,,,,,,,,,,,,,,,,,,,136399,0.002132200403138995
,,,41,,,,,,,,,,,,,,,,,,,,,,,,,,,,,136409,0.00449605705216527
,,,41,,,,,,,,,,,,,,,,,,,,,,,,,,,,,136419,0.00463712727651
,,,41,,,,,,,,,,,,,,,,,,,,,,,,,,,,,136429,0.008277975022792816
,,,41,,,,,,,,,,,,,,,,,,,,,,,,,,,,,136439,0.004691916052252054
,,,41,,,,,,,,,,,,,,,,,,,,,,,,,,,,,136449,0.0011490794131532311
,,,41,,,,,,,,,,,,,,,,,,,,,,,,,,,,,136459,0.002441520569846034
,,,41,,,,,,,,,,,,,,,,,,,,,,,,,,,,,136469,0.049731943756341934
,,,41,,,,,,,,,,,,,,,,,,,,,,,,,,,,,136479,0.9358536005020142
,,,41,,,,,,,,,,,,,,,,,,,,,,,,,,,,,136489,0.000947655935306102
,,,41,,,,,,,,,,,,,,,,,,,,,,,,,,,,,136499,0.0045523205772042274
,,,41,,,,,,,,,,,,,,,,,,,,,,,,,,,,,136509,0.3408569097518921
,,,41,,,,,,,,,,,,,,,,,,,,,,,,,,,,,136519,0.0019375566625967622
,,,41,,,,,,,,,,,,,,,,,,,,,,,,,,,,,136529,0.002405723789706826
,,,41,,,,,,,,,,,,,,,,,,,,,,,,,,,,,136539,0.0017749082762748003
,,,41,,,,,,,,,,,,,,,,,,,,,,,,,,,,,136549,0.0019041235791519284
,,,41,,,,,,,,,,,,,,,,,,,,,,,,,,,,,136559,0.0007409373065456748
,,,41,,,,,,,,,,,,,,,,,,,,,,,,,,,,,136569,0.2228000909090042
,,,41,,,,,,,,,,,,,,,,,,,,,,,,,,,,,136579,0.27554306387901306
,,,41,,,,,,,,,,,,,,,,,,,,,,,,,,,,,136589,0.04605698212981224
,,,41,,,,,,,,,,,,,,,,,,,,,,,,,,,,,136599,0.005415137391537428
,,,41,,,,,,,,,,,,,,,,,,,,,,,,,,,,,136609,0.0006668022251687944
,,,41,,,,,,,,,,,,,,,,,,,,,,,,,,,,,136619,0.0027792127802968025
,,,41,,,,,,,,,,,,,,,,,,,,,,,,,,,,,136629,0.002922640647739172
,,,41,,,,,,,,,,,,,,,,,,,,,,,,,,,,,136639,0.003186888061463833
,,,41,,,,,,,,,,,,,,,,,,,,,,,,,,,,,136649,0.0025333017110824585
,,,41,,,,,,,,,,,,,,,,,,,,,,,,,,,,,136659,0.0014427489368245006
,,,41,,,,,,,,,,,,,,,,,,,,,,,,,,,,,136669,0.3095901906490326
,,,41,,,,,,,,,,,,,,,,,,,,,,,,,,,,,136679,0.2754443883895874
,,,41,,,,,,,,,,,,,,,,,,,,,,,,,,,,,136689,0.0014668825315311551
,,,41,,,,,,,,,,,,,,,,,,,,,,,,,,,,,136699,0.001995770027860999
,,,41,,,,,,,,,,,,,,,,,,,,,,,,,,,,,136709,0.0014615003019571304
,,,41,,,,,,,,,,,,,,,,,,,,,,,,,,,,,136719,0.002420920878648758
,,,41,,,,,,,,,,,,,,,,,,,,,,,,,,,,,136729,0.003802277846261859
,,,41,,,,,,,,,,,,,,,,,,,,,,,,,,,,,136739,0.0009520655730739236
,,,41,,,,,,,,,,,,,,,,,,,,,,,,,,,,,136749,0.0019622573163360357
,,,41,,,,,,,,,,,,,,,,,,,,,,,,,,,,,136759,0.0013462775386869907
,,,41,,,,,,,,,,,,,,,,,,,,,,,,,,,,,136769,0.001447682618163526
,,,41,,,,,,,,,,,,,,,,,,,,,,,,,,,,,136779,0.18511906266212463
,,,41,,,,,,,,,,,,,,,,,,,,,,,,,,,,,136789,0.0011603800812736154
,,,41,,,,,,,,,,,,,,,,,,,,,,,,,,,,,136799,0.0019025941146537662
,,,41,,,,,,,,,,,,,,,,,,,,,,,,,,,,,136809,0.0011518888641148806
,,,41,,,,,,,,,,,,,,,,,,,,,,,,,,,,,136819,0.0028308264445513487
,,,41,,,,,,,,,,,,,,,,,,,,,,,,,,,,,136829,0.010015060193836689
,,,41,,,,,,,,,,,,,,,,,,,,,,,,,,,,,136839,0.020496895536780357
,,,41,,,,,,,,,,,,,,,,,,,,,,,,,,,,,136849,0.0015812534838914871
,,,41,,,,,,,,,,,,,,,,,,,,,,,,,,,,,136859,0.0011468773009255528
,,,41,,,,,,,,,,,,,,,,,,,,,,,,,,,,,136869,0.0016474295407533646
,,,41,,,,,,,,,,,,,,,,,,,,,,,,,,,,,136879,0.003026229329407215
,,,41,,,,,,,,,,,,,,,,,,,,,,,,,,,,,136889,0.6092127561569214
,,,41,,,,,,,,,,,,,,,,,,,,,,,,,,,,,136899,0.04024765267968178
,,,41,,,,,,,,,,,,,,,,,,,,,,,,,,,,,136909,0.0016411261167377234
,,,41,,,,,,,,,,,,,,,,,,,,,,,,,,,,,136919,0.007753828074783087
,,,41,,,,,,,,,,,,,,,,,,,,,,,,,,,,,136929,0.0035112143959850073
,,,41,,,,,,,,,,,,,,,,,,,,,,,,,,,,,136939,0.0019056570017710328
,,,41,,,,,,,,,,,,,,,,,,,,,,,,,,,,,136949,0.0012182035716250539
,,,41,,,,,,,,,,,,,,,,,,,,,,,,,,,,,136959,0.6047948002815247
,,,41,,,,,,,,,,,,,,,,,,,,,,,,,,,,,136969,0.011313335970044136
,,,41,,,,,,,,,,,,,,,,,,,,,,,,,,,,,136979,0.0024242750369012356
,,,41,,,,,,,,,,,,,,,,,,,,,,,,,,,,,136989,0.002210047096014023
,,,41,,,,,,,,,,,,,,,,,,,,,,,,,,,,,136999,0.7806155681610107
,,,41,,,,,,,,,,,,,,,,,,,,,,,,,,,,,137009,0.0011622185120359063
,,,41,,,,,,,,,,,,,,,,,,,,,,,,,,,,,137019,0.0055069164372980595
,,,41,,,,,,,,,,,,,,,,,,,,,,,,,,,,,137029,0.0014609458157792687
,,,41,,,,,,,,,,,,,,,,,,,,,,,,,,,,,137039,0.4825606942176819
,,,41,,,,,,,,,,,,,,,,,,,,,,,,,,,,,137049,0.030816156417131424
,,,41,,,,,,,,,,,,,,,,,,,,,,,,,,,,,137059,0.005788286216557026
,,,41,,,,,,,,,,,,,,,,,,,,,,,,,,,,,137069,0.013015711680054665
,,,41,,,,,,,,,,,,,,,,,,,,,,,,,,,,,137079,0.022912602871656418
,,,41,,,,,,,,,,,,,,,,,,,,,,,,,,,,,137089,0.36192554235458374
,,,41,,,,,,,,,,,,,,,,,,,,,,,,,,,,,137099,0.001848605927079916
,,,41,,,,,,,,,,,,,,,,,,,,,,,,,,,,,137109,0.004137406591325998
,,,41,,,,,,,,,,,,,,,,,,,,,,,,,,,,,137119,0.0012139753671362996
,,,41,,,,,,,,,,,,,,,,,,,,,,,,,,,,,137129,0.0009035365656018257
,,,41,,,,,,,,,,,,,,,,,,,,,,,,,,,,,137139,0.0015886003384366632
,,,41,,,,,,,,,,,,,,,,,,,,,,,,,,,,,137149,0.001036423142068088
,,,41,,,,,,,,,,,,,,,,,,,,,,,,,,,,,137159,0.0021150228567421436
,,,41,,,,,,,,,,,,,,,,,,,,,,,,,,,,,137169,0.0009251260198652744
,,,41,,,,,,,,,,,,,,,,,,,,,,,,,,,,,137179,0.0029091632459312677
,,,41,,,,,,,,,,,,,,,,,,,,,,,,,,,,,137189,0.0032662120647728443
,,,41,,,,,,,,,,,,,,,,,,,,,,,,,,,,,137199,0.003696555271744728
,,,41,,,,,,,,,,,,,,,,,,,,,,,,,,,,,137209,0.0037105700466781855
,,,41,,,,,,,,,,,,,,,,,,,,,,,,,,,,,137219,0.0022089541889727116
,,,41,,,,,,,,,,,,,,,,,,,,,,,,,,,,,137229,0.029020044952630997
,,,41,,,,,,,,,,,,,,,,,,,,,,,,,,,,,137239,0.07239995896816254
,,,41,,,,,,,,,,,,,,,,,,,,,,,,,,,,,137249,0.5148398280143738
,,,41,,,,,,,,,,,,,,,,,,,,,,,,,,,,,137259,0.18196578323841095
,,,41,,,,,,,,,,,,,,,,,,,,,,,,,,,,,137269,0.0013203639537096024
,,,41,,,,,,,,,,,,,,,,,,,,,,,,,,,,,137279,0.002655117539688945
,,,41,,,,,,,,,,,,,,,,,,,,,,,,,,,,,137289,0.0010883687064051628
,,,41,,,,,,,,,,,,,,,,,,,,,,,,,,,,,137299,0.004093521274626255
,,,41,,,,,,,,,,,,,,,,,,,,,,,,,,,,,137309,0.001328048761934042
,,,41,,,,,,,,,,,,,,,,,,,,,,,,,,,,,137319,0.000791475351434201
,,,41,,,,,,,,,,,,,,,,,,,,,,,,,,,,,137329,0.00783517211675644
,,,41,,,,,,,,,,,,,,,,,,,,,,,,,,,,,137339,0.0012755264760926366
,,,41,,,,,,,,,,,,,,,,,,,,,,,,,,,,,137349,0.0007290933281183243
,,,41,,,,,,,,,,,,,,,,,,,,,,,,,,,,,137359,0.0013226369628682733
,,,41,,,,,,,,,,,,,,,,,,,,,,,,,,,,,137369,0.002053512493148446
,,,41,,,,,,,,,,,,,,,,,,,,,,,,,,,,,137379,0.0012847462203353643
,,,41,,,,,,,,,,,,,,,,,,,,,,,,,,,,,137389,0.003273074747994542
,,,41,,,,,,,,,,,,,,,,,,,,,,,,,,,,,137399,0.0015298103680834174
,,,41,,,,,,,,,,,,,,,,,,,,,,,,,,,,,137409,0.0014303429052233696
,,,41,,,,,,,,,,,,,,,,,,,,,,,,,,,,,137419,0.0018780338577926159
,,,41,,,,,,,,,,,,,,,,,,,,,,,,,,,,,137429,0.20096099376678467
,,,41,,,,,,,,,,,,,,,,,,,,,,,,,,,,,137439,0.0026621255092322826
,,,41,,,,,,,,,,,,,,,,,,,,,,,,,,,,,137449,0.0018736390629783273
,,,41,,,,,,,,,,,,,,,,,,,,,,,,,,,,,137459,0.0015556368744000793
,,,41,,,,,,,,,,,,,,,,,,,,,,,,,,,,,137469,0.03427296131849289
,,,41,,,,,,,,,,,,,,,,,,,,,,,,,,,,,137479,0.0014357265317812562
,,,41,,,,,,,,,,,,,,,,,,,,,,,,,,,,,137489,0.002421356737613678
,,,41,,,,,,,,,,,,,,,,,,,,,,,,,,,,,137499,0.5892829895019531
,,,41,,,,,,,,,,,,,,,,,,,,,,,,,,,,,137509,0.000982933328486979
,,,41,,,,,,,,,,,,,,,,,,,,,,,,,,,,,137519,0.009443774819374084
,,,41,,,,,,,,,,,,,,,,,,,,,,,,,,,,,137529,0.011864111758768559
,,,41,,,,,,,,,,,,,,,,,,,,,,,,,,,,,137539,0.006006724666804075
,,,41,,,,,,,,,,,,,,,,,,,,,,,,,,,,,137549,0.4670272469520569
,,,41,,,,,,,,,,,,,,,,,,,,,,,,,,,,,137559,0.001546751707792282
,,,41,,,,,,,,,,,,,,,,,,,,,,,,,,,,,137569,0.002596028381958604
,,,41,,,,,,,,,,,,,,,,,,,,,,,,,,,,,137579,0.005377684719860554
,,,41,,,,,,,,,,,,,,,,,,,,,,,,,,,,,137589,0.09277836233377457
,,,41,,,,,,,,,,,,,,,,,,,,,,,,,,,,,137599,0.24320438504219055
,,,41,,,,,,,,,,,,,,,,,,,,,,,,,,,,,137609,0.004247470758855343
,,,41,,,,,,,,,,,,,,,,,,,,,,,,,,,,,137619,0.08988021314144135
,,,41,,,,,,,,,,,,,,,,,,,,,,,,,,,,,137629,0.000830594974104315
,,,41,,,,,,,,,,,,,,,,,,,,,,,,,,,,,137639,0.001789019093848765
,,,41,,,,,,,,,,,,,,,,,,,,,,,,,,,,,137649,0.0011092039057984948
,,,41,,,,,,,,,,,,,,,,,,,,,,,,,,,,,137659,0.000609382928814739
,,,41,,,,,,,,,,,,,,,,,,,,,,,,,,,,,137669,0.0017553780926391482
,,,41,,,,,,,,,,,,,,,,,,,,,,,,,,,,,137679,0.18235473334789276
,,,41,,,,,,,,,,,,,,,,,,,,,,,,,,,,,137689,0.0016344027826562524
,,,41,,,,,,,,,,,,,,,,,,,,,,,,,,,,,137699,0.007387705147266388
,,,41,,,,,,,,,,,,,,,,,,,,,,,,,,,,,137709,0.0030002929270267487
,,,41,,,,,,,,,,,,,,,,,,,,,,,,,,,,,137719,0.002614945638924837
,,,41,,,,,,,,,,,,,,,,,,,,,,,,,,,,,137729,0.08680856972932816
,,,41,,,,,,,,,,,,,,,,,,,,,,,,,,,,,137739,0.0029460489749908447
,,,41,,,,,,,,,,,,,,,,,,,,,,,,,,,,,137749,0.0006510185194201767
,,,41,,,,,,,,,,,,,,,,,,,,,,,,,,,,,137759,0.0026416706386953592
,,,41,,,,,,,,,,,,,,,,,,,,,,,,,,,,,137769,0.5029647350311279
,,,41,,,,,,,,,,,,,,,,,,,,,,,,,,,,,137779,0.0016068137483671308
,,,41,,,,,,,,,,,,,,,,,,,,,,,,,,,,,137789,0.0009233438177034259
,,,41,,,,,,,,,,,,,,,,,,,,,,,,,,,,,137799,0.0020755352452397346
,,,41,,,,,,,,,,,,,,,,,,,,,,,,,,,,,137809,0.0014872592873871326
,,,41,,,,,,,,,,,,,,,,,,,,,,,,,,,,,137819,0.0014496264047920704
,,,41,,,,,,,,,,,,,,,,,,,,,,,,,,,,,137829,0.002872329903766513
,,,41,,,,,,,,,,,,,,,,,,,,,,,,,,,,,137839,0.0026535841170698404
,,,41,,,,,,,,,,,,,,,,,,,,,,,,,,,,,137849,0.001021260512061417
,,,41,,,,,,,,,,,,,,,,,,,,,,,,,,,,,137859,0.0036180177703499794
,,,41,,,,,,,,,,,,,,,,,,,,,,,,,,,,,137869,0.0012259288923814893
,,,41,,,,,,,,,,,,,,,,,,,,,,,,,,,,,137879,0.0032470289152115583
,,,41,,,,,,,,,,,,,,,,,,,,,,,,,,,,,137889,0.0070971897803246975
,,,41,,,,,,,,,,,,,,,,,,,,,,,,,,,,,137899,0.0013185261050239205
,,,41,,,,,,,,,,,,,,,,,,,,,,,,,,,,,137909,0.0010034097358584404
,,,41,,,,,,,,,,,,,,,,,,,,,,,,,,,,,137919,0.0013922702055424452
,,,41,,,,,,,,,,,,,,,,,,,,,,,,,,,,,137929,0.0014775801682844758
,,,41,,,,,,,,,,,,,,,,,,,,,,,,,,,,,137939,0.023592155426740646
,,,41,,,,,,,,,,,,,,,,,,,,,,,,,,,,,137949,0.0027631029952317476
,,,41,,,,,,,,,,,,,,,,,,,,,,,,,,,,,137959,0.003982754424214363
,,,41,,,,,,,,,,,,,,,,,,,,,,,,,,,,,137969,0.0013003628700971603
,,,41,,,,,,,,,,,,,,,,,,,,,,,,,,,,,137979,0.0009883284801617265
,,,41,,,,,,,,,,,,,,,,,,,,,,,,,,,,,137989,0.0014935567742213607
,,,41,,,,,,,,,,,,,,,,,,,,,,,,,,,,,137999,0.021132605150341988
,,,41,,,,,,,,,,,,,,,,,,,,,,,,,,,,,138009,0.0011539512779563665
,,,41,,,,,,,,,,,,,,,,,,,,,,,,,,,,,138019,0.022683164104819298
,,,41,,,,,,,,,,,,,,,,,,,,,,,,,,,,,138029,0.002433042274788022
,,,41,,,,,,,,,,,,,,,,,,,,,,,,,,,,,138039,0.002852372359484434
,,,41,,,,,,,,,,,,,,,,,,,,,,,,,,,,,138049,0.0034648985601961613
,,,41,,,,,,,,,,,,,,,,,,,,,,,,,,,,,138059,0.017004933208227158
,,,41,,,,,,,,,,,,,,,,,,,,,,,,,,,,,138069,0.0013946682447567582
,,,41,,,,,,,,,,,,,,,,,,,,,,,,,,,,,138079,0.25065338611602783
,,,41,,,,,,,,,,,,,,,,,,,,,,,,,,,,,138089,0.027864307165145874
,,,41,,,,,,,,,,,,,,,,,,,,,,,,,,,,,138099,0.0017406917177140713
,,,41,,,,,,,,,,,,,,,,,,,,,,,,,,,,,138109,0.0010858578607439995
,,,41,,,,,,,,,,,,,,,,,,,,,,,,,,,,,138119,1.6906992197036743
,,,41,,,,,,,,,,,,,,,,,,,,,,,,,,,,,138129,0.001298851682804525
,,,41,,,,,,,,,,,,,,,,,,,,,,,,,,,,,138139,0.001781477010808885
,,,41,,,,,,,,,,,,,,,,,,,,,,,,,,,,,138149,0.004991138819605112
,,,41,,,,,,,,,,,,,,,,,,,,,,,,,,,,,138159,0.0006747599691152573
,,,41,,,,,,,,,,,,,,,,,,,,,,,,,,,,,138169,0.006589350290596485
,,,41,,,,,,,,,,,,,,,,,,,,,,,,,,,,,138179,0.3138534426689148
,,,41,,,,,,,,,,,,,,,,,,,,,,,,,,,,,138189,0.0022348910570144653
,,,41,,,,,,,,,,,,,,,,,,,,,,,,,,,,,138199,0.3567869961261749
,,,41,,,,,,,,,,,,,,,,,,,,,,,,,,,,,138209,0.0022285892628133297
,,,41,,,,,,,,,,,,,,,,,,,,,,,,,,,,,138219,0.09633385390043259
,,,41,,,,,,,,,,,,,,,,,,,,,,,,,,,,,138229,0.0011599466670304537
,,,41,,,,,,,,,,,,,,,,,,,,,,,,,,,,,138239,0.0019288570620119572
,,,41,,,,,,,,,,,,,,,,,,,,,,,,,,,,,138249,0.021357901394367218
,,,41,,,,,,,,,,,,,,,,,,,,,,,,,,,,,138259,0.0008611504454165697
,,,41,,,,,,,,,,,,,,,,,,,,,,,,,,,,,138269,0.0009636490140110254
,,,41,,,,,,,,,,,,,,,,,,,,,,,,,,,,,138279,0.0026394238229840994
,,,41,,,,,,,,,,,,,,,,,,,,,,,,,,,,,138289,0.007005075924098492
,,,41,,,,,,,,,,,,,,,,,,,,,,,,,,,,,138299,0.0028953130822628736
,,,41,,,,,,,,,,,,,,,,,,,,,,,,,,,,,138309,0.0048228963278234005
,,,41,,,,,,,,,,,,,,,,,,,,,,,,,,,,,138319,0.0009757986408658326
,,,41,,,,,,,,,,,,,,,,,,,,,,,,,,,,,138329,0.030731165781617165
,,,41,,,,,,,,,,,,,,,,,,,,,,,,,,,,,138339,0.002645182190462947
,,,41,,,,,,,,,,,,,,,,,,,,,,,,,,,,,138349,0.0008485778234899044
,,,41,,,,,,,,,,,,,,,,,,,,,,,,,,,,,138359,0.0016638872912153602
,,,41,,,,,,,,,,,,,,,,,,,,,,,,,,,,,138369,0.029575103893876076
,,,41,,,,,,,,,,,,,,,,,,,,,,,,,,,,,138379,0.001603135489858687
,,,41,,,,,,,,,,,,,,,,,,,,,,,,,,,,,138389,0.018387852236628532
,,,41,,,,,,,,,,,,,,,,,,,,,,,,,,,,,138399,0.001456011668778956
,,,41,,,,,,,,,,,,,,,,,,,,,,,,,,,,,138409,0.713388204574585
,,,41,,,,,,,,,,,,,,,,,,,,,,,,,,,,,138419,0.5546131730079651
,,,41,,,,,,,,,,,,,,,,,,,,,,,,,,,,,138429,0.10366979241371155
,,,41,,,,,,,,,,,,,,,,,,,,,,,,,,,,,138439,0.29699772596359253
,,,41,,,,,,,,,,,,,,,,,,,,,,,,,,,,,138449,0.0015789808239787817
,,,41,,,,,,,,,,,,,,,,,,,,,,,,,,,,,138459,0.019145356491208076
,,,41,,,,,,,,,,,,,,,,,,,,,,,,,,,,,138469,0.7502528429031372
,,,41,,,,,,,,,,,,,,,,,,,,,,,,,,,,,138479,0.0019230039324611425
,,,41,,,,,,,,,,,,,,,,,,,,,,,,,,,,,138489,0.011548813432455063
,,,41,,,,,,,,,,,,,,,,,,,,,,,,,,,,,138499,0.0026305627543479204
,,,41,,,,,,,,,,,,,,,,,,,,,,,,,,,,,138509,0.004977887962013483
,,,41,,,,,,,,,,,,,,,,,,,,,,,,,,,,,138519,0.0029095392674207687
,,,41,,,,,,,,,,,,,,,,,,,,,,,,,,,,,138529,0.0007283380255103111
,,,41,,,,,,,,,,,,,,,,,,,,,,,,,,,,,138539,0.0030713484156876802
,,,41,,,,,,,,,,,,,,,,,,,,,,,,,,,,,138549,0.0012969488743692636
,,,41,,,,,,,,,,,,,,,,,,,,,,,,,,,,,138559,0.01471963245421648
,,,41,,,,,,,,,,,,,,,,,,,,,,,,,,,,,138569,0.006521204952150583
,,,41,,,,,,,,,,,,,,,,,,,,,,,,,,,,,138579,0.0077490974217653275
,,,41,,,,,,,,,,,,,,,,,,,,,,,,,,,,,138589,0.0013121541123837233
,,,41,,,,,,,,,,,,,,,,,,,,,,,,,,,,,138599,0.0012662691297009587
,,,41,,,,,,,,,,,,,,,,,,,,,,,,,,,,,138609,0.0018118122825399041
,,,41,,,,,,,,,,,,,,,,,,,,,,,,,,,,,138619,0.022146452218294144
,,,41,,,,,,,,,,,,,,,,,,,,,,,,,,,,,138629,0.0016758504789322615
,,,41,,,,,,,,,,,,,,,,,,,,,,,,,,,,,138639,0.35399192571640015
,,,41,,,,,,,,,,,,,,,,,,,,,,,,,,,,,138649,0.42619943618774414
,,,41,,,,,,,,,,,,,,,,,,,,,,,,,,,,,138659,0.0009690261795185506
,,,41,,,,,,,,,,,,,,,,,,,,,,,,,,,,,138669,0.0007406003423966467
,,,41,,,,,,,,,,,,,,,,,,,,,,,,,,,,,138679,2.1139416694641113
,,,41,,,,,,,,,,,,,,,,,,,,,,,,,,,,,138689,0.005906424950808287
,,,41,,,,,,,,,,,,,,,,,,,,,,,,,,,,,138699,0.0014116829261183739
,,,41,,,,,,,,,,,,,,,,,,,,,,,,,,,,,138709,0.0006286105490289629
,,,41,,,,,,,,,,,,,,,,,,,,,,,,,,,,,138719,0.0035319740418344736
,,,41,,,,,,,,,,,,,,,,,,,,,,,,,,,,,138729,0.005190528463572264
,,,41,,,,,,,,,,,,,,,,,,,,,,,,,,,,,138739,0.002115008421242237
,,,41,,,,,,,,,,,,,,,,,,,,,,,,,,,,,138749,0.0019743533339351416
,,,41,,,,,,,,,,,,,,,,,,,,,,,,,,,,,138759,0.03292383626103401
,,,41,,,,,,,,,,,,,,,,,,,,,,,,,,,,,138769,0.0009200398926623166
,,,41,,,,,,,,,,,,,,,,,,,,,,,,,,,,,138779,0.47278961539268494
,,,41,,,,,,,,,,,,,,,,,,,,,,,,,,,,,138789,0.00041896672337315977
,,,41,,,,,,,,,,,,,,,,,,,,,,,,,,,,,138799,0.0009241592488251626
,,,41,,,,,,,,,,,,,,,,,,,,,,,,,,,,,138809,0.2717594504356384
,,,41,,,,,,,,,,,,,,,,,,,,,,,,,,,,,138819,0.004361833445727825
,,,41,,,,,,,,,,,,,,,,,,,,,,,,,,,,,138829,0.0013546524569392204
,,,41,,,,,,,,,,,,,,,,,,,,,,,,,,,,,138839,0.005293357651680708
,,,41,,,,,,,,,,,,,,,,,,,,,,,,,,,,,138849,0.0007648651371710002
,,,41,,,,,,,,,,,,,,,,,,,,,,,,,,,,,138859,0.00131191685795784
,,,41,,,,,,,,,,,,,,,,,,,,,,,,,,,,,138869,0.0028455934952944517
,,,41,,,,,,,,,,,,,,,,,,,,,,,,,,,,,138879,0.004905906971544027
,,,41,,,,,,,,,,,,,,,,,,,,,,,,,,,,,138889,0.0014296328881755471
,,,41,,,,,,,,,,,,,,,,,,,,,,,,,,,,,138899,0.000991726410575211
,,,41,,,,,,,,,,,,,,,,,,,,,,,,,,,,,138909,0.02078508958220482
,,,41,,,,,,,,,,,,,,,,,,,,,,,,,,,,,138919,0.10921715199947357
,,,41,,,,,,,,,,,,,,,,,,,,,,,,,,,,,138929,1.4355946779251099
,,,41,,,,,,,,,,,,,,,,,,,,,,,,,,,,,138939,0.0027428765315562487
,,,41,,,,,,,,,,,,,,,,,,,,,,,,,,,,,138949,0.001272464287467301
,,,41,,,,,,,,,,,,,,,,,,,,,,,,,,,,,138959,0.2732082009315491
,,,41,,,,,,,,,,,,,,,,,,,,,,,,,,,,,138969,0.003496769117191434
,,,41,,,,,,,,,,,,,,,,,,,,,,,,,,,,,138979,0.04035025089979172
,,,41,,,,,,,,,,,,,,,,,,,,,,,,,,,,,138989,0.0038879725616425276
,,,41,,,,,,,,,,,,,,,,,,,,,,,,,,,,,138999,0.0016762017039582133
,,,41,,,,,,,,,,,,,,,,,,,,,,,,,,,,,139009,0.002099200151860714
,,,41,,,,,,,,,,,,,,,,,,,,,,,,,,,,,139019,0.001969708129763603
,,,,4.321519031092087e-08,2.420934298430496e-07,3.724514305277685e-07,3.724514305277685e-07,5.730022008119516e-07,5.730022008119516e-07,8.815418474030023e-07,8.815418474030023e-07,1.3562182267738498e-06,1.3562182267738498e-06,2.0864895796520763e-06,4.321519031092087e-08,2.0864895796520763e-06,3.2099839686955018e-06,3.2099839686955018e-06,4.938436874916157e-06,4.938436874916157e-06,7.597595192178702e-06,7.597595192178702e-06,7.597595192178702e-06,7.597595192178702e-06,6.648490817064748e-08,6.648490817064748e-08,1.0228447410868844e-07,1.0228447410868844e-07,1.5736072939798221e-07,1.5736072939798221e-07,2.420934298430496e-07,139021,
,,,42,,,,,,,,,,,,,,,,,,,,,,,,,,,,,139029,0.12201625108718872
,,,42,,,,,,,,,,,,,,,,,,,,,,,,,,,,,139039,0.0014215901028364897
,,,42,,,,,,,,,,,,,,,,,,,,,,,,,,,,,139049,0.0009095595451071858
,,,42,,,,,,,,,,,,,,,,,,,,,,,,,,,,,139059,0.0011247328948229551
,,,42,,,,,,,,,,,,,,,,,,,,,,,,,,,,,139069,0.0014947241870686412
,,,42,,,,,,,,,,,,,,,,,,,,,,,,,,,,,139079,0.0013289632042869925
,,,42,,,,,,,,,,,,,,,,,,,,,,,,,,,,,139089,0.31355971097946167
,,,42,,,,,,,,,,,,,,,,,,,,,,,,,,,,,139099,0.0025222518015652895
,,,42,,,,,,,,,,,,,,,,,,,,,,,,,,,,,139109,0.0018105825874954462
,,,42,,,,,,,,,,,,,,,,,,,,,,,,,,,,,139119,0.00142795464489609
,,,42,,,,,,,,,,,,,,,,,,,,,,,,,,,,,139129,0.0016890341648831964
,,,42,,,,,,,,,,,,,,,,,,,,,,,,,,,,,139139,0.20894783735275269
,,,42,,,,,,,,,,,,,,,,,,,,,,,,,,,,,139149,0.23551607131958008
,,,42,,,,,,,,,,,,,,,,,,,,,,,,,,,,,139159,0.043356310576200485
,,,42,,,,,,,,,,,,,,,,,,,,,,,,,,,,,139169,0.0006493895198218524
,,,42,,,,,,,,,,,,,,,,,,,,,,,,,,,,,139179,0.051362790167331696
,,,42,,,,,,,,,,,,,,,,,,,,,,,,,,,,,139189,0.0015888457419350743
,,,42,,,,,,,,,,,,,,,,,,,,,,,,,,,,,139199,0.0018306513084098697
,,,42,,,,,,,,,,,,,,,,,,,,,,,,,,,,,139209,0.0036793802864849567
,,,42,,,,,,,,,,,,,,,,,,,,,,,,,,,,,139219,0.0020349002443253994
,,,42,,,,,,,,,,,,,,,,,,,,,,,,,,,,,139229,0.0015546316280961037
,,,42,,,,,,,,,,,,,,,,,,,,,,,,,,,,,139239,0.0051679168827831745
,,,42,,,,,,,,,,,,,,,,,,,,,,,,,,,,,139249,0.0013994055334478617
,,,42,,,,,,,,,,,,,,,,,,,,,,,,,,,,,139259,0.0013544138055294752
,,,42,,,,,,,,,,,,,,,,,,,,,,,,,,,,,139269,0.2734183371067047
,,,42,,,,,,,,,,,,,,,,,,,,,,,,,,,,,139279,0.2920743227005005
,,,42,,,,,,,,,,,,,,,,,,,,,,,,,,,,,139289,0.0032364772632718086
,,,42,,,,,,,,,,,,,,,,,,,,,,,,,,,,,139299,0.0013844991335645318
,,,42,,,,,,,,,,,,,,,,,,,,,,,,,,,,,139309,0.000616353121586144
,,,42,,,,,,,,,,,,,,,,,,,,,,,,,,,,,139319,0.0014633436221629381
,,,42,,,,,,,,,,,,,,,,,,,,,,,,,,,,,139329,0.0005381525843404233
,,,42,,,,,,,,,,,,,,,,,,,,,,,,,,,,,139339,0.001958361594006419
,,,42,,,,,,,,,,,,,,,,,,,,,,,,,,,,,139349,0.008376890793442726
,,,42,,,,,,,,,,,,,,,,,,,,,,,,,,,,,139359,0.0017994217341765761
,,,42,,,,,,,,,,,,,,,,,,,,,,,,,,,,,139369,0.0013180336682125926
,,,42,,,,,,,,,,,,,,,,,,,,,,,,,,,,,139379,0.0012986165238544345
,,,42,,,,,,,,,,,,,,,,,,,,,,,,,,,,,139389,0.4743846356868744
,,,42,,,,,,,,,,,,,,,,,,,,,,,,,,,,,139399,0.0011365038808435202
,,,42,,,,,,,,,,,,,,,,,,,,,,,,,,,,,139409,0.005049011670053005
,,,42,,,,,,,,,,,,,,,,,,,,,,,,,,,,,139419,0.01702336221933365
,,,42,,,,,,,,,,,,,,,,,,,,,,,,,,,,,139429,0.004525524098426104
,,,42,,,,,,,,,,,,,,,,,,,,,,,,,,,,,139439,0.0017077185912057757
,,,42,,,,,,,,,,,,,,,,,,,,,,,,,,,,,139449,0.018832895904779434
,,,42,,,,,,,,,,,,,,,,,,,,,,,,,,,,,139459,0.0030499855056405067
,,,42,,,,,,,,,,,,,,,,,,,,,,,,,,,,,139469,0.0026466636918485165
,,,42,,,,,,,,,,,,,,,,,,,,,,,,,,,,,139479,0.0010025259107351303
,,,42,,,,,,,,,,,,,,,,,,,,,,,,,,,,,139489,0.00104510725941509
,,,42,,,,,,,,,,,,,,,,,,,,,,,,,,,,,139499,0.0007152995094656944
,,,42,,,,,,,,,,,,,,,,,,,,,,,,,,,,,139509,0.007793135941028595
,,,42,,,,,,,,,,,,,,,,,,,,,,,,,,,,,139519,0.01939527690410614
,,,42,,,,,,,,,,,,,,,,,,,,,,,,,,,,,139529,0.0007992936298251152
,,,42,,,,,,,,,,,,,,,,,,,,,,,,,,,,,139539,0.003492399351671338
,,,42,,,,,,,,,,,,,,,,,,,,,,,,,,,,,139549,0.0014676159480586648
,,,42,,,,,,,,,,,,,,,,,,,,,,,,,,,,,139559,0.318168580532074
,,,42,,,,,,,,,,,,,,,,,,,,,,,,,,,,,139569,0.001005461672320962
,,,42,,,,,,,,,,,,,,,,,,,,,,,,,,,,,139579,0.007951783016324043
,,,42,,,,,,,,,,,,,,,,,,,,,,,,,,,,,139589,0.002441518008708954
,,,42,,,,,,,,,,,,,,,,,,,,,,,,,,,,,139599,0.0006479976582340896
,,,42,,,,,,,,,,,,,,,,,,,,,,,,,,,,,139609,0.02752498723566532
,,,42,,,,,,,,,,,,,,,,,,,,,,,,,,,,,139619,0.002442749449983239
,,,42,,,,,,,,,,,,,,,,,,,,,,,,,,,,,139629,0.13313192129135132
,,,42,,,,,,,,,,,,,,,,,,,,,,,,,,,,,139639,0.09190789610147476
,,,42,,,,,,,,,,,,,,,,,,,,,,,,,,,,,139649,0.0013765260810032487
,,,42,,,,,,,,,,,,,,,,,,,,,,,,,,,,,139659,0.01229564007371664
,,,42,,,,,,,,,,,,,,,,,,,,,,,,,,,,,139669,0.0007785660563968122
,,,42,,,,,,,,,,,,,,,,,,,,,,,,,,,,,139679,1.3636412620544434
,,,42,,,,,,,,,,,,,,,,,,,,,,,,,,,,,139689,0.0011341370409354568
,,,42,,,,,,,,,,,,,,,,,,,,,,,,,,,,,139699,0.0017292611300945282
,,,42,,,,,,,,,,,,,,,,,,,,,,,,,,,,,139709,0.0016652785707265139
,,,42,,,,,,,,,,,,,,,,,,,,,,,,,,,,,139719,0.0010613773483783007
,,,42,,,,,,,,,,,,,,,,,,,,,,,,,,,,,139729,0.6481229066848755
,,,42,,,,,,,,,,,,,,,,,,,,,,,,,,,,,139739,0.005843259859830141
,,,42,,,,,,,,,,,,,,,,,,,,,,,,,,,,,139749,0.0012748801382258534
,,,42,,,,,,,,,,,,,,,,,,,,,,,,,,,,,139759,0.0010163711849600077
,,,42,,,,,,,,,,,,,,,,,,,,,,,,,,,,,139769,0.0006110240356065333
,,,42,,,,,,,,,,,,,,,,,,,,,,,,,,,,,139779,0.011674948036670685
,,,42,,,,,,,,,,,,,,,,,,,,,,,,,,,,,139789,0.20878253877162933
,,,42,,,,,,,,,,,,,,,,,,,,,,,,,,,,,139799,0.2262783646583557
,,,42,,,,,,,,,,,,,,,,,,,,,,,,,,,,,139809,0.010433013550937176
,,,42,,,,,,,,,,,,,,,,,,,,,,,,,,,,,139819,0.004149015061557293
,,,42,,,,,,,,,,,,,,,,,,,,,,,,,,,,,139829,0.00513562373816967
,,,42,,,,,,,,,,,,,,,,,,,,,,,,,,,,,139839,0.0011547190370038152
,,,42,,,,,,,,,,,,,,,,,,,,,,,,,,,,,139849,0.9302800297737122
,,,42,,,,,,,,,,,,,,,,,,,,,,,,,,,,,139859,0.26840296387672424
,,,42,,,,,,,,,,,,,,,,,,,,,,,,,,,,,139869,0.2034510374069214
,,,42,,,,,,,,,,,,,,,,,,,,,,,,,,,,,139879,0.008641282096505165
,,,42,,,,,,,,,,,,,,,,,,,,,,,,,,,,,139889,0.001662852824665606
,,,42,,,,,,,,,,,,,,,,,,,,,,,,,,,,,139899,0.004072061274200678
,,,42,,,,,,,,,,,,,,,,,,,,,,,,,,,,,139909,0.002864343812689185
,,,42,,,,,,,,,,,,,,,,,,,,,,,,,,,,,139919,0.08024057000875473
,,,42,,,,,,,,,,,,,,,,,,,,,,,,,,,,,139929,0.0132408132776618
,,,42,,,,,,,,,,,,,,,,,,,,,,,,,,,,,139939,0.001591203617863357
,,,42,,,,,,,,,,,,,,,,,,,,,,,,,,,,,139949,0.12473681569099426
,,,42,,,,,,,,,,,,,,,,,,,,,,,,,,,,,139959,0.01331425178796053
,,,42,,,,,,,,,,,,,,,,,,,,,,,,,,,,,139969,0.0020136095117777586
,,,42,,,,,,,,,,,,,,,,,,,,,,,,,,,,,139979,0.005431816913187504
,,,42,,,,,,,,,,,,,,,,,,,,,,,,,,,,,139989,0.0019340967992320657
,,,42,,,,,,,,,,,,,,,,,,,,,,,,,,,,,139999,0.0006826968165114522
,,,42,,,,,,,,,,,,,,,,,,,,,,,,,,,,,140009,0.006798004265874624
,,,42,,,,,,,,,,,,,,,,,,,,,,,,,,,,,140019,0.0009244893444702029
,,,42,,,,,,,,,,,,,,,,,,,,,,,,,,,,,140029,0.0014919319655746222
,,,42,,,,,,,,,,,,,,,,,,,,,,,,,,,,,140039,0.0008465165155939758
,,,42,,,,,,,,,,,,,,,,,,,,,,,,,,,,,140049,0.20409460365772247
,,,42,,,,,,,,,,,,,,,,,,,,,,,,,,,,,140059,0.001816901727579534
,,,42,,,,,,,,,,,,,,,,,,,,,,,,,,,,,140069,0.024623703211545944
,,,42,,,,,,,,,,,,,,,,,,,,,,,,,,,,,140079,0.0019284732406958938
,,,42,,,,,,,,,,,,,,,,,,,,,,,,,,,,,140089,0.00398275488987565
,,,42,,,,,,,,,,,,,,,,,,,,,,,,,,,,,140099,0.00328454771079123
,,,42,,,,,,,,,,,,,,,,,,,,,,,,,,,,,140109,0.0013668889878317714
,,,42,,,,,,,,,,,,,,,,,,,,,,,,,,,,,140119,0.006096602883189917
,,,42,,,,,,,,,,,,,,,,,,,,,,,,,,,,,140129,0.0018353890627622604
,,,42,,,,,,,,,,,,,,,,,,,,,,,,,,,,,140139,0.0026104089338332415
,,,42,,,,,,,,,,,,,,,,,,,,,,,,,,,,,140149,0.001571561093442142
,,,42,,,,,,,,,,,,,,,,,,,,,,,,,,,,,140159,0.018587157130241394
,,,42,,,,,,,,,,,,,,,,,,,,,,,,,,,,,140169,0.02867560274899006
,,,42,,,,,,,,,,,,,,,,,,,,,,,,,,,,,140179,0.003771362127736211
,,,42,,,,,,,,,,,,,,,,,,,,,,,,,,,,,140189,0.003138213185593486
,,,42,,,,,,,,,,,,,,,,,,,,,,,,,,,,,140199,0.003322618780657649
,,,42,,,,,,,,,,,,,,,,,,,,,,,,,,,,,140209,0.001885826699435711
,,,42,,,,,,,,,,,,,,,,,,,,,,,,,,,,,140219,0.0012854031519964337
,,,42,,,,,,,,,,,,,,,,,,,,,,,,,,,,,140229,0.007034955080598593
,,,42,,,,,,,,,,,,,,,,,,,,,,,,,,,,,140239,0.0009253212483599782
,,,42,,,,,,,,,,,,,,,,,,,,,,,,,,,,,140249,0.058187708258628845
,,,42,,,,,,,,,,,,,,,,,,,,,,,,,,,,,140259,0.5680481791496277
,,,42,,,,,,,,,,,,,,,,,,,,,,,,,,,,,140269,0.0036585989873856306
,,,42,,,,,,,,,,,,,,,,,,,,,,,,,,,,,140279,0.4643053114414215
,,,42,,,,,,,,,,,,,,,,,,,,,,,,,,,,,140289,0.00130139896646142
,,,42,,,,,,,,,,,,,,,,,,,,,,,,,,,,,140299,0.0034144106321036816
,,,42,,,,,,,,,,,,,,,,,,,,,,,,,,,,,140309,0.0020270945969969034
,,,42,,,,,,,,,,,,,,,,,,,,,,,,,,,,,140319,0.006079009734094143
,,,42,,,,,,,,,,,,,,,,,,,,,,,,,,,,,140329,0.002652370138093829
,,,42,,,,,,,,,,,,,,,,,,,,,,,,,,,,,140339,0.0010671461932361126
,,,42,,,,,,,,,,,,,,,,,,,,,,,,,,,,,140349,0.0017911448376253247
,,,42,,,,,,,,,,,,,,,,,,,,,,,,,,,,,140359,0.001602115691639483
,,,42,,,,,,,,,,,,,,,,,,,,,,,,,,,,,140369,0.034038204699754715
,,,42,,,,,,,,,,,,,,,,,,,,,,,,,,,,,140379,0.0020584664307534695
,,,42,,,,,,,,,,,,,,,,,,,,,,,,,,,,,140389,0.09375868737697601
,,,42,,,,,,,,,,,,,,,,,,,,,,,,,,,,,140399,0.0023356331512331963
,,,42,,,,,,,,,,,,,,,,,,,,,,,,,,,,,140409,0.0019640428945422173
,,,42,,,,,,,,,,,,,,,,,,,,,,,,,,,,,140419,0.0009524266934022307
,,,42,,,,,,,,,,,,,,,,,,,,,,,,,,,,,140429,0.0011202602181583643
,,,42,,,,,,,,,,,,,,,,,,,,,,,,,,,,,140439,0.006225114688277245
,,,42,,,,,,,,,,,,,,,,,,,,,,,,,,,,,140449,0.0019140408840030432
,,,42,,,,,,,,,,,,,,,,,,,,,,,,,,,,,140459,0.008025022223591805
,,,42,,,,,,,,,,,,,,,,,,,,,,,,,,,,,140469,0.003501052735373378
,,,42,,,,,,,,,,,,,,,,,,,,,,,,,,,,,140479,0.0023022291716188192
,,,42,,,,,,,,,,,,,,,,,,,,,,,,,,,,,140489,0.001631909515708685
,,,42,,,,,,,,,,,,,,,,,,,,,,,,,,,,,140499,0.7346711754798889
,,,42,,,,,,,,,,,,,,,,,,,,,,,,,,,,,140509,0.0016848767409101129
,,,42,,,,,,,,,,,,,,,,,,,,,,,,,,,,,140519,0.0011548155453056097
,,,42,,,,,,,,,,,,,,,,,,,,,,,,,,,,,140529,0.034067392349243164
,,,42,,,,,,,,,,,,,,,,,,,,,,,,,,,,,140539,0.0008813071763142943
,,,42,,,,,,,,,,,,,,,,,,,,,,,,,,,,,140549,0.002035761484876275
,,,42,,,,,,,,,,,,,,,,,,,,,,,,,,,,,140559,0.03496644273400307
,,,42,,,,,,,,,,,,,,,,,,,,,,,,,,,,,140569,0.0010113869793713093
,,,42,,,,,,,,,,,,,,,,,,,,,,,,,,,,,140579,1.3189657926559448
,,,42,,,,,,,,,,,,,,,,,,,,,,,,,,,,,140589,0.006657704710960388
,,,42,,,,,,,,,,,,,,,,,,,,,,,,,,,,,140599,0.0015521931927651167
,,,42,,,,,,,,,,,,,,,,,,,,,,,,,,,,,140609,0.032772935926914215
,,,42,,,,,,,,,,,,,,,,,,,,,,,,,,,,,140619,0.5000632405281067
,,,42,,,,,,,,,,,,,,,,,,,,,,,,,,,,,140629,0.0013274287339299917
,,,42,,,,,,,,,,,,,,,,,,,,,,,,,,,,,140639,0.024170301854610443
,,,42,,,,,,,,,,,,,,,,,,,,,,,,,,,,,140649,0.003694756655022502
,,,42,,,,,,,,,,,,,,,,,,,,,,,,,,,,,140659,0.0013848853996023536
,,,42,,,,,,,,,,,,,,,,,,,,,,,,,,,,,140669,0.0015586067456752062
,,,42,,,,,,,,,,,,,,,,,,,,,,,,,,,,,140679,0.007196093909442425
,,,42,,,,,,,,,,,,,,,,,,,,,,,,,,,,,140689,0.0014529114123433828
,,,42,,,,,,,,,,,,,,,,,,,,,,,,,,,,,140699,0.05628417059779167
,,,42,,,,,,,,,,,,,,,,,,,,,,,,,,,,,140709,0.028110483661293983
,,,42,,,,,,,,,,,,,,,,,,,,,,,,,,,,,140719,0.0006264750263653696
,,,42,,,,,,,,,,,,,,,,,,,,,,,,,,,,,140729,0.16402289271354675
,,,42,,,,,,,,,,,,,,,,,,,,,,,,,,,,,140739,0.000707478728145361
,,,42,,,,,,,,,,,,,,,,,,,,,,,,,,,,,140749,0.626179575920105
,,,42,,,,,,,,,,,,,,,,,,,,,,,,,,,,,140759,0.011709553189575672
,,,42,,,,,,,,,,,,,,,,,,,,,,,,,,,,,140769,0.004113025963306427
,,,42,,,,,,,,,,,,,,,,,,,,,,,,,,,,,140779,0.0012876215623691678
,,,42,,,,,,,,,,,,,,,,,,,,,,,,,,,,,140789,0.0027377340011298656
,,,42,,,,,,,,,,,,,,,,,,,,,,,,,,,,,140799,0.0007390087703242898
,,,42,,,,,,,,,,,,,,,,,,,,,,,,,,,,,140809,0.009613092988729477
,,,42,,,,,,,,,,,,,,,,,,,,,,,,,,,,,140819,0.0014752332353964448
,,,42,,,,,,,,,,,,,,,,,,,,,,,,,,,,,140829,0.002170644700527191
,,,42,,,,,,,,,,,,,,,,,,,,,,,,,,,,,140839,0.3975072205066681
,,,42,,,,,,,,,,,,,,,,,,,,,,,,,,,,,140849,0.01225292682647705
,,,42,,,,,,,,,,,,,,,,,,,,,,,,,,,,,140859,0.11164433509111404
,,,42,,,,,,,,,,,,,,,,,,,,,,,,,,,,,140869,0.003724707756191492
,,,42,,,,,,,,,,,,,,,,,,,,,,,,,,,,,140879,0.07350418716669083
,,,42,,,,,,,,,,,,,,,,,,,,,,,,,,,,,140889,0.06027776002883911
,,,42,,,,,,,,,,,,,,,,,,,,,,,,,,,,,140899,0.0012697374913841486
,,,42,,,,,,,,,,,,,,,,,,,,,,,,,,,,,140909,0.0008922896231524646
,,,42,,,,,,,,,,,,,,,,,,,,,,,,,,,,,140919,0.001139204017817974
,,,42,,,,,,,,,,,,,,,,,,,,,,,,,,,,,140929,0.0013813561527058482
,,,42,,,,,,,,,,,,,,,,,,,,,,,,,,,,,140939,0.0017151912907138467
,,,42,,,,,,,,,,,,,,,,,,,,,,,,,,,,,140949,0.002518996363505721
,,,42,,,,,,,,,,,,,,,,,,,,,,,,,,,,,140959,0.005806229542940855
,,,42,,,,,,,,,,,,,,,,,,,,,,,,,,,,,140969,0.0012362016132101417
,,,42,,,,,,,,,,,,,,,,,,,,,,,,,,,,,140979,0.0017058971570804715
,,,42,,,,,,,,,,,,,,,,,,,,,,,,,,,,,140989,0.0008502303389832377
,,,42,,,,,,,,,,,,,,,,,,,,,,,,,,,,,140999,0.0012166699161753058
,,,42,,,,,,,,,,,,,,,,,,,,,,,,,,,,,141009,0.0012417618418112397
,,,42,,,,,,,,,,,,,,,,,,,,,,,,,,,,,141019,0.20498357713222504
,,,42,,,,,,,,,,,,,,,,,,,,,,,,,,,,,141029,0.7227932810783386
,,,42,,,,,,,,,,,,,,,,,,,,,,,,,,,,,141039,0.0019195644417777658
,,,42,,,,,,,,,,,,,,,,,,,,,,,,,,,,,141049,0.0087190056219697
,,,42,,,,,,,,,,,,,,,,,,,,,,,,,,,,,141059,0.0021868464536964893
,,,42,,,,,,,,,,,,,,,,,,,,,,,,,,,,,141069,0.0010565145639702678
,,,42,,,,,,,,,,,,,,,,,,,,,,,,,,,,,141079,0.0012733896728605032
,,,42,,,,,,,,,,,,,,,,,,,,,,,,,,,,,141089,0.0009517064900137484
,,,42,,,,,,,,,,,,,,,,,,,,,,,,,,,,,141099,0.0048987786285579205
,,,42,,,,,,,,,,,,,,,,,,,,,,,,,,,,,141109,0.0013124992838129401
,,,42,,,,,,,,,,,,,,,,,,,,,,,,,,,,,141119,0.0019536225590854883
,,,42,,,,,,,,,,,,,,,,,,,,,,,,,,,,,141129,0.0021991287358105183
,,,42,,,,,,,,,,,,,,,,,,,,,,,,,,,,,141139,0.0020266419742256403
,,,42,,,,,,,,,,,,,,,,,,,,,,,,,,,,,141149,0.0005830969894304872
,,,42,,,,,,,,,,,,,,,,,,,,,,,,,,,,,141159,0.23957449197769165
,,,42,,,,,,,,,,,,,,,,,,,,,,,,,,,,,141169,0.08369813859462738
,,,42,,,,,,,,,,,,,,,,,,,,,,,,,,,,,141179,0.0016614175401628017
,,,42,,,,,,,,,,,,,,,,,,,,,,,,,,,,,141189,0.0009621736244298518
,,,42,,,,,,,,,,,,,,,,,,,,,,,,,,,,,141199,0.0017505206633359194
,,,42,,,,,,,,,,,,,,,,,,,,,,,,,,,,,141209,0.0031980653293430805
,,,42,,,,,,,,,,,,,,,,,,,,,,,,,,,,,141219,0.00070638966280967
,,,42,,,,,,,,,,,,,,,,,,,,,,,,,,,,,141229,0.002047956455498934
,,,42,,,,,,,,,,,,,,,,,,,,,,,,,,,,,141239,0.001218504155986011
,,,42,,,,,,,,,,,,,,,,,,,,,,,,,,,,,141249,0.23858991265296936
,,,42,,,,,,,,,,,,,,,,,,,,,,,,,,,,,141259,0.0010325937764719129
,,,42,,,,,,,,,,,,,,,,,,,,,,,,,,,,,141269,0.0017398166237398982
,,,42,,,,,,,,,,,,,,,,,,,,,,,,,,,,,141279,0.0012637913459911942
,,,42,,,,,,,,,,,,,,,,,,,,,,,,,,,,,141289,0.000401058146962896
,,,42,,,,,,,,,,,,,,,,,,,,,,,,,,,,,141299,0.0017151832580566406
,,,42,,,,,,,,,,,,,,,,,,,,,,,,,,,,,141309,0.0011430210433900356
,,,42,,,,,,,,,,,,,,,,,,,,,,,,,,,,,141319,0.0009852672228589654
,,,42,,,,,,,,,,,,,,,,,,,,,,,,,,,,,141329,0.0009015312534756958
,,,42,,,,,,,,,,,,,,,,,,,,,,,,,,,,,141339,0.0033938847482204437
,,,42,,,,,,,,,,,,,,,,,,,,,,,,,,,,,141349,0.029621340334415436
,,,42,,,,,,,,,,,,,,,,,,,,,,,,,,,,,141359,0.0007871509296819568
,,,42,,,,,,,,,,,,,,,,,,,,,,,,,,,,,141369,0.0016944799572229385
,,,42,,,,,,,,,,,,,,,,,,,,,,,,,,,,,141379,0.000878043589182198
,,,42,,,,,,,,,,,,,,,,,,,,,,,,,,,,,141389,0.0021240036003291607
,,,42,,,,,,,,,,,,,,,,,,,,,,,,,,,,,141399,0.18833965063095093
,,,42,,,,,,,,,,,,,,,,,,,,,,,,,,,,,141409,0.005880947690457106
,,,42,,,,,,,,,,,,,,,,,,,,,,,,,,,,,141419,0.0006306962459348142
,,,42,,,,,,,,,,,,,,,,,,,,,,,,,,,,,141429,0.0011443685507401824
,,,42,,,,,,,,,,,,,,,,,,,,,,,,,,,,,141439,0.01447837520390749
,,,42,,,,,,,,,,,,,,,,,,,,,,,,,,,,,141449,0.20171524584293365
,,,42,,,,,,,,,,,,,,,,,,,,,,,,,,,,,141459,0.001452592434361577
,,,42,,,,,,,,,,,,,,,,,,,,,,,,,,,,,141469,0.0005356305046007037
,,,42,,,,,,,,,,,,,,,,,,,,,,,,,,,,,141479,0.0004117406497243792
,,,42,,,,,,,,,,,,,,,,,,,,,,,,,,,,,141489,0.0026211380027234554
,,,42,,,,,,,,,,,,,,,,,,,,,,,,,,,,,141499,0.4027271568775177
,,,42,,,,,,,,,,,,,,,,,,,,,,,,,,,,,141509,0.20896579325199127
,,,42,,,,,,,,,,,,,,,,,,,,,,,,,,,,,141519,0.0014227564679458737
,,,42,,,,,,,,,,,,,,,,,,,,,,,,,,,,,141529,0.006251248065382242
,,,42,,,,,,,,,,,,,,,,,,,,,,,,,,,,,141539,0.5487697124481201
,,,42,,,,,,,,,,,,,,,,,,,,,,,,,,,,,141549,0.0005299824988469481
,,,42,,,,,,,,,,,,,,,,,,,,,,,,,,,,,141559,0.05998694896697998
,,,42,,,,,,,,,,,,,,,,,,,,,,,,,,,,,141569,0.002989357803016901
,,,42,,,,,,,,,,,,,,,,,,,,,,,,,,,,,141579,0.0006446258048526943
,,,42,,,,,,,,,,,,,,,,,,,,,,,,,,,,,141589,0.0003489710215944797
,,,42,,,,,,,,,,,,,,,,,,,,,,,,,,,,,141599,0.0014356657629832625
,,,42,,,,,,,,,,,,,,,,,,,,,,,,,,,,,141609,0.4225636422634125
,,,42,,,,,,,,,,,,,,,,,,,,,,,,,,,,,141619,0.0008482181001454592
,,,42,,,,,,,,,,,,,,,,,,,,,,,,,,,,,141629,0.0018339162925258279
,,,42,,,,,,,,,,,,,,,,,,,,,,,,,,,,,141639,0.002046038396656513
,,,42,,,,,,,,,,,,,,,,,,,,,,,,,,,,,141649,0.013842853717505932
,,,42,,,,,,,,,,,,,,,,,,,,,,,,,,,,,141659,0.008383088745176792
,,,42,,,,,,,,,,,,,,,,,,,,,,,,,,,,,141669,0.437639981508255
,,,42,,,,,,,,,,,,,,,,,,,,,,,,,,,,,141679,0.0024633482098579407
,,,42,,,,,,,,,,,,,,,,,,,,,,,,,,,,,141689,0.0006272871396504343
,,,42,,,,,,,,,,,,,,,,,,,,,,,,,,,,,141699,0.0008273301646113396
,,,42,,,,,,,,,,,,,,,,,,,,,,,,,,,,,141709,0.0008755538729019463
,,,42,,,,,,,,,,,,,,,,,,,,,,,,,,,,,141719,0.002595656318590045
,,,42,,,,,,,,,,,,,,,,,,,,,,,,,,,,,141729,0.001284042140468955
,,,42,,,,,,,,,,,,,,,,,,,,,,,,,,,,,141739,0.010766486637294292
,,,42,,,,,,,,,,,,,,,,,,,,,,,,,,,,,141749,0.002112223068252206
,,,42,,,,,,,,,,,,,,,,,,,,,,,,,,,,,141759,0.0023018044885247946
,,,42,,,,,,,,,,,,,,,,,,,,,,,,,,,,,141769,0.05222749337553978
,,,42,,,,,,,,,,,,,,,,,,,,,,,,,,,,,141779,0.11654319614171982
,,,42,,,,,,,,,,,,,,,,,,,,,,,,,,,,,141789,0.13010531663894653
,,,42,,,,,,,,,,,,,,,,,,,,,,,,,,,,,141799,0.0007991728489287198
,,,42,,,,,,,,,,,,,,,,,,,,,,,,,,,,,141809,0.1702193319797516
,,,42,,,,,,,,,,,,,,,,,,,,,,,,,,,,,141819,0.0010587379802018404
,,,42,,,,,,,,,,,,,,,,,,,,,,,,,,,,,141829,0.005126387812197208
,,,42,,,,,,,,,,,,,,,,,,,,,,,,,,,,,141839,0.0016376494895666838
,,,42,,,,,,,,,,,,,,,,,,,,,,,,,,,,,141849,0.0014065533177927136
,,,42,,,,,,,,,,,,,,,,,,,,,,,,,,,,,141859,0.0020714278798550367
,,,42,,,,,,,,,,,,,,,,,,,,,,,,,,,,,141869,0.00790973100811243
,,,42,,,,,,,,,,,,,,,,,,,,,,,,,,,,,141879,0.004526299890130758
,,,42,,,,,,,,,,,,,,,,,,,,,,,,,,,,,141889,0.002263635629788041
,,,42,,,,,,,,,,,,,,,,,,,,,,,,,,,,,141899,0.006713512819260359
,,,42,,,,,,,,,,,,,,,,,,,,,,,,,,,,,141909,0.0057143294252455235
,,,42,,,,,,,,,,,,,,,,,,,,,,,,,,,,,141919,0.032145071774721146
,,,42,,,,,,,,,,,,,,,,,,,,,,,,,,,,,141929,0.3233012557029724
,,,42,,,,,,,,,,,,,,,,,,,,,,,,,,,,,141939,0.004019290674477816
,,,42,,,,,,,,,,,,,,,,,,,,,,,,,,,,,141949,0.4273533821105957
,,,42,,,,,,,,,,,,,,,,,,,,,,,,,,,,,141959,0.42911913990974426
,,,42,,,,,,,,,,,,,,,,,,,,,,,,,,,,,141969,0.0006847303011454642
,,,42,,,,,,,,,,,,,,,,,,,,,,,,,,,,,141979,0.03820524737238884
,,,42,,,,,,,,,,,,,,,,,,,,,,,,,,,,,141989,0.547589123249054
,,,42,,,,,,,,,,,,,,,,,,,,,,,,,,,,,141999,0.014817804098129272
,,,42,,,,,,,,,,,,,,,,,,,,,,,,,,,,,142009,0.0011344384402036667
,,,42,,,,,,,,,,,,,,,,,,,,,,,,,,,,,142019,0.9473333358764648
,,,42,,,,,,,,,,,,,,,,,,,,,,,,,,,,,142029,0.00202527386136353
,,,42,,,,,,,,,,,,,,,,,,,,,,,,,,,,,142039,0.0008618092979304492
,,,42,,,,,,,,,,,,,,,,,,,,,,,,,,,,,142049,0.0015518316067755222
,,,42,,,,,,,,,,,,,,,,,,,,,,,,,,,,,142059,0.003240307793021202
,,,42,,,,,,,,,,,,,,,,,,,,,,,,,,,,,142069,0.0015794816426932812
,,,42,,,,,,,,,,,,,,,,,,,,,,,,,,,,,142079,0.6175302267074585
,,,42,,,,,,,,,,,,,,,,,,,,,,,,,,,,,142089,0.0015110211679711938
,,,42,,,,,,,,,,,,,,,,,,,,,,,,,,,,,142099,0.07261133939027786
,,,42,,,,,,,,,,,,,,,,,,,,,,,,,,,,,142109,0.00239564199000597
,,,42,,,,,,,,,,,,,,,,,,,,,,,,,,,,,142119,0.0017942198319360614
,,,42,,,,,,,,,,,,,,,,,,,,,,,,,,,,,142129,0.0017275644931942225
,,,42,,,,,,,,,,,,,,,,,,,,,,,,,,,,,142139,0.0016122405650094151
,,,42,,,,,,,,,,,,,,,,,,,,,,,,,,,,,142149,0.15231019258499146
,,,42,,,,,,,,,,,,,,,,,,,,,,,,,,,,,142159,0.0011247594375163317
,,,42,,,,,,,,,,,,,,,,,,,,,,,,,,,,,142169,0.0020416686311364174
,,,42,,,,,,,,,,,,,,,,,,,,,,,,,,,,,142179,0.0012876430992037058
,,,42,,,,,,,,,,,,,,,,,,,,,,,,,,,,,142189,0.01433873176574707
,,,42,,,,,,,,,,,,,,,,,,,,,,,,,,,,,142199,0.0022349923383444548
,,,42,,,,,,,,,,,,,,,,,,,,,,,,,,,,,142209,0.42378053069114685
,,,42,,,,,,,,,,,,,,,,,,,,,,,,,,,,,142219,0.0023299541790038347
,,,42,,,,,,,,,,,,,,,,,,,,,,,,,,,,,142229,0.0011895009083673358
,,,42,,,,,,,,,,,,,,,,,,,,,,,,,,,,,142239,0.0005348855047486722
,,,42,,,,,,,,,,,,,,,,,,,,,,,,,,,,,142249,0.001286163693293929
,,,42,,,,,,,,,,,,,,,,,,,,,,,,,,,,,142259,0.005651884246617556
,,,42,,,,,,,,,,,,,,,,,,,,,,,,,,,,,142269,0.0013804147019982338
,,,42,,,,,,,,,,,,,,,,,,,,,,,,,,,,,142279,0.812446653842926
,,,42,,,,,,,,,,,,,,,,,,,,,,,,,,,,,142289,0.0013088592095300555
,,,42,,,,,,,,,,,,,,,,,,,,,,,,,,,,,142299,0.18176977336406708
,,,42,,,,,,,,,,,,,,,,,,,,,,,,,,,,,142309,0.02737351879477501
,,,42,,,,,,,,,,,,,,,,,,,,,,,,,,,,,142319,0.014013640582561493
,,,42,,,,,,,,,,,,,,,,,,,,,,,,,,,,,142329,0.0019742678850889206
,,,,3.3289757633838177e-08,1.8649071185932243e-07,2.869087874758806e-07,2.869087874758806e-07,4.4139813457827784e-07,4.4139813457827784e-07,6.790740531973505e-07,6.790740531973505e-07,1.0447293126113085e-06,1.0447293126113085e-06,1.607275865555859e-06,3.3289757633838177e-08,1.607275865555859e-06,2.4727321008551675e-06,2.4727321008551675e-06,3.8042032320848733e-06,3.8042032320848733e-06,5.852620357053651e-06,5.852620357053651e-06,5.852620357053651e-06,5.852620357053651e-06,5.121501174436641e-08,5.121501174436641e-08,7.879232576056372e-08,7.879232576056372e-08,1.2121896270855957e-07,1.2121896270855957e-07,1.8649071185932243e-07,142331,
,,,43,,,,,,,,,,,,,,,,,,,,,,,,,,,,,142339,0.0008062245324254036
,,,43,,,,,,,,,,,,,,,,,,,,,,,,,,,,,142349,0.0032969205640256405
,,,43,,,,,,,,,,,,,,,,,,,,,,,,,,,,,142359,0.0017490184400230646
,,,43,,,,,,,,,,,,,,,,,,,,,,,,,,,,,142369,0.0015204387018457055
,,,43,,,,,,,,,,,,,,,,,,,,,,,,,,,,,142379,0.0026267124339938164
,,,43,,,,,,,,,,,,,,,,,,,,,,,,,,,,,142389,0.0009819896658882499
,,,43,,,,,,,,,,,,,,,,,,,,,,,,,,,,,142399,0.010437245480716228
,,,43,,,,,,,,,,,,,,,,,,,,,,,,,,,,,142409,0.008082103915512562
,,,43,,,,,,,,,,,,,,,,,,,,,,,,,,,,,142419,0.010167980566620827
,,,43,,,,,,,,,,,,,,,,,,,,,,,,,,,,,142429,0.003923535346984863
,,,43,,,,,,,,,,,,,,,,,,,,,,,,,,,,,142439,0.0018236531177535653
,,,43,,,,,,,,,,,,,,,,,,,,,,,,,,,,,142449,0.001388092990964651
,,,43,,,,,,,,,,,,,,,,,,,,,,,,,,,,,142459,0.017445603385567665
,,,43,,,,,,,,,,,,,,,,,,,,,,,,,,,,,142469,0.0013113857712596655
,,,43,,,,,,,,,,,,,,,,,,,,,,,,,,,,,142479,0.44352859258651733
,,,43,,,,,,,,,,,,,,,,,,,,,,,,,,,,,142489,0.002268844284117222
,,,43,,,,,,,,,,,,,,,,,,,,,,,,,,,,,142499,0.002446905244141817
,,,43,,,,,,,,,,,,,,,,,,,,,,,,,,,,,142509,0.0025941450148820877
,,,43,,,,,,,,,,,,,,,,,,,,,,,,,,,,,142519,0.2737792730331421
,,,43,,,,,,,,,,,,,,,,,,,,,,,,,,,,,142529,0.0019004485802724957
,,,43,,,,,,,,,,,,,,,,,,,,,,,,,,,,,142539,0.670455813407898
,,,43,,,,,,,,,,,,,,,,,,,,,,,,,,,,,142549,0.001288101077079773
,,,43,,,,,,,,,,,,,,,,,,,,,,,,,,,,,142559,0.04046044871211052
,,,43,,,,,,,,,,,,,,,,,,,,,,,,,,,,,142569,0.001567641505971551
,,,43,,,,,,,,,,,,,,,,,,,,,,,,,,,,,142579,0.0026390869170427322
,,,43,,,,,,,,,,,,,,,,,,,,,,,,,,,,,142589,0.003139475593343377
,,,43,,,,,,,,,,,,,,,,,,,,,,,,,,,,,142599,0.0024533935356885195
,,,43,,,,,,,,,,,,,,,,,,,,,,,,,,,,,142609,0.24110853672027588
,,,43,,,,,,,,,,,,,,,,,,,,,,,,,,,,,142619,0.003800664795562625
,,,43,,,,,,,,,,,,,,,,,,,,,,,,,,,,,142629,0.0022594842594116926
,,,43,,,,,,,,,,,,,,,,,,,,,,,,,,,,,142639,0.001347435638308525
,,,43,,,,,,,,,,,,,,,,,,,,,,,,,,,,,142649,0.13536110520362854
,,,43,,,,,,,,,,,,,,,,,,,,,,,,,,,,,142659,0.0032244243193417788
,,,43,,,,,,,,,,,,,,,,,,,,,,,,,,,,,142669,0.016672560945153236
,,,43,,,,,,,,,,,,,,,,,,,,,,,,,,,,,142679,0.02130986750125885
,,,43,,,,,,,,,,,,,,,,,,,,,,,,,,,,,142689,0.0013361114542931318
,,,43,,,,,,,,,,,,,,,,,,,,,,,,,,,,,142699,0.0008941729320213199
,,,43,,,,,,,,,,,,,,,,,,,,,,,,,,,,,142709,0.000890675000846386
,,,43,,,,,,,,,,,,,,,,,,,,,,,,,,,,,142719,0.016117708757519722
,,,43,,,,,,,,,,,,,,,,,,,,,,,,,,,,,142729,0.0009769961470738053
,,,43,,,,,,,,,,,,,,,,,,,,,,,,,,,,,142739,0.00740481074899435
,,,43,,,,,,,,,,,,,,,,,,,,,,,,,,,,,142749,0.002470032311975956
,,,43,,,,,,,,,,,,,,,,,,,,,,,,,,,,,142759,0.0012514424743130803
,,,43,,,,,,,,,,,,,,,,,,,,,,,,,,,,,142769,0.001719977706670761
,,,43,,,,,,,,,,,,,,,,,,,,,,,,,,,,,142779,0.0010369067313149571
,,,43,,,,,,,,,,,,,,,,,,,,,,,,,,,,,142789,0.003502132138237357
,,,43,,,,,,,,,,,,,,,,,,,,,,,,,,,,,142799,0.0038471396546810865
,,,43,,,,,,,,,,,,,,,,,,,,,,,,,,,,,142809,0.0021546531934291124
,,,43,,,,,,,,,,,,,,,,,,,,,,,,,,,,,142819,0.0010246522724628448
,,,43,,,,,,,,,,,,,,,,,,,,,,,,,,,,,142829,0.04601858928799629
,,,43,,,,,,,,,,,,,,,,,,,,,,,,,,,,,142839,0.11106767505407333
,,,43,,,,,,,,,,,,,,,,,,,,,,,,,,,,,142849,0.000547192816156894
,,,43,,,,,,,,,,,,,,,,,,,,,,,,,,,,,142859,0.0011814136523753405
,,,43,,,,,,,,,,,,,,,,,,,,,,,,,,,,,142869,0.8619005084037781
,,,43,,,,,,,,,,,,,,,,,,,,,,,,,,,,,142879,0.026382068172097206
,,,43,,,,,,,,,,,,,,,,,,,,,,,,,,,,,142889,0.001975265797227621
,,,43,,,,,,,,,,,,,,,,,,,,,,,,,,,,,142899,0.024362850934267044
,,,43,,,,,,,,,,,,,,,,,,,,,,,,,,,,,142909,0.0007425055373460054
,,,43,,,,,,,,,,,,,,,,,,,,,,,,,,,,,142919,0.0063832770101726055
,,,43,,,,,,,,,,,,,,,,,,,,,,,,,,,,,142929,0.0017465982818976045
,,,43,,,,,,,,,,,,,,,,,,,,,,,,,,,,,142939,0.12736906111240387
,,,43,,,,,,,,,,,,,,,,,,,,,,,,,,,,,142949,0.16112180054187775
,,,43,,,,,,,,,,,,,,,,,,,,,,,,,,,,,142959,0.002109781838953495
,,,43,,,,,,,,,,,,,,,,,,,,,,,,,,,,,142969,0.01288977824151516
,,,43,,,,,,,,,,,,,,,,,,,,,,,,,,,,,142979,0.032757844775915146
,,,43,,,,,,,,,,,,,,,,,,,,,,,,,,,,,142989,0.002190789906308055
,,,43,,,,,,,,,,,,,,,,,,,,,,,,,,,,,142999,0.010304652154445648
,,,43,,,,,,,,,,,,,,,,,,,,,,,,,,,,,143009,0.2072305530309677
,,,43,,,,,,,,,,,,,,,,,,,,,,,,,,,,,143019,0.001388037228025496
,,,43,,,,,,,,,,,,,,,,,,,,,,,,,,,,,143029,0.0015805955044925213
,,,43,,,,,,,,,,,,,,,,,,,,,,,,,,,,,143039,0.0007239831029437482
,,,43,,,,,,,,,,,,,,,,,,,,,,,,,,,,,143049,0.029021015390753746
,,,43,,,,,,,,,,,,,,,,,,,,,,,,,,,,,143059,0.0021167241502553225
,,,43,,,,,,,,,,,,,,,,,,,,,,,,,,,,,143069,0.05387364327907562
,,,43,,,,,,,,,,,,,,,,,,,,,,,,,,,,,143079,0.0019311771029606462
,,,43,,,,,,,,,,,,,,,,,,,,,,,,,,,,,143089,0.0032484554685652256
,,,43,,,,,,,,,,,,,,,,,,,,,,,,,,,,,143099,0.0006018735584802926
,,,43,,,,,,,,,,,,,,,,,,,,,,,,,,,,,143109,0.001117787673138082
,,,43,,,,,,,,,,,,,,,,,,,,,,,,,,,,,143119,0.002354607218876481
,,,43,,,,,,,,,,,,,,,,,,,,,,,,,,,,,143129,0.00060742610367015
,,,43,,,,,,,,,,,,,,,,,,,,,,,,,,,,,143139,0.0015084529295563698
,,,43,,,,,,,,,,,,,,,,,,,,,,,,,,,,,143149,0.0031960713677108288
,,,43,,,,,,,,,,,,,,,,,,,,,,,,,,,,,143159,0.0024294699542224407
,,,43,,,,,,,,,,,,,,,,,,,,,,,,,,,,,143169,0.0066780089400708675
,,,43,,,,,,,,,,,,,,,,,,,,,,,,,,,,,143179,0.0019956715404987335
,,,43,,,,,,,,,,,,,,,,,,,,,,,,,,,,,143189,0.0016544684767723083
,,,43,,,,,,,,,,,,,,,,,,,,,,,,,,,,,143199,0.0010044851806014776
,,,43,,,,,,,,,,,,,,,,,,,,,,,,,,,,,143209,0.0026040051598101854
,,,43,,,,,,,,,,,,,,,,,,,,,,,,,,,,,143219,0.004432414658367634
,,,43,,,,,,,,,,,,,,,,,,,,,,,,,,,,,143229,0.0021080852020531893
,,,43,,,,,,,,,,,,,,,,,,,,,,,,,,,,,143239,0.0009960065362975001
,,,43,,,,,,,,,,,,,,,,,,,,,,,,,,,,,143249,0.0050294226966798306
,,,43,,,,,,,,,,,,,,,,,,,,,,,,,,,,,143259,0.00601713452488184
,,,43,,,,,,,,,,,,,,,,,,,,,,,,,,,,,143269,0.004887269344180822
,,,43,,,,,,,,,,,,,,,,,,,,,,,,,,,,,143279,0.04722728207707405
,,,43,,,,,,,,,,,,,,,,,,,,,,,,,,,,,143289,0.0008796329493634403
,,,43,,,,,,,,,,,,,,,,,,,,,,,,,,,,,143299,0.001790495589375496
,,,43,,,,,,,,,,,,,,,,,,,,,,,,,,,,,143309,0.0012324496638029814
,,,43,,,,,,,,,,,,,,,,,,,,,,,,,,,,,143319,0.0012053464306518435
,,,43,,,,,,,,,,,,,,,,,,,,,,,,,,,,,143329,0.0017274337587878108
,,,43,,,,,,,,,,,,,,,,,,,,,,,,,,,,,143339,0.0014811222208663821
,,,43,,,,,,,,,,,,,,,,,,,,,,,,,,,,,143349,0.017396826297044754
,,,43,,,,,,,,,,,,,,,,,,,,,,,,,,,,,143359,0.0020284911151975393
,,,43,,,,,,,,,,,,,,,,,,,,,,,,,,,,,143369,0.002409065840765834
,,,43,,,,,,,,,,,,,,,,,,,,,,,,,,,,,143379,0.001558743417263031
,,,43,,,,,,,,,,,,,,,,,,,,,,,,,,,,,143389,0.0014898438239470124
,,,43,,,,,,,,,,,,,,,,,,,,,,,,,,,,,143399,0.0017511597834527493
,,,43,,,,,,,,,,,,,,,,,,,,,,,,,,,,,143409,0.004966808948665857
,,,43,,,,,,,,,,,,,,,,,,,,,,,,,,,,,143419,0.0028444065246731043
,,,43,,,,,,,,,,,,,,,,,,,,,,,,,,,,,143429,0.006194831803441048
,,,43,,,,,,,,,,,,,,,,,,,,,,,,,,,,,143439,0.022532520815730095
,,,43,,,,,,,,,,,,,,,,,,,,,,,,,,,,,143449,0.0010062184883281589
,,,43,,,,,,,,,,,,,,,,,,,,,,,,,,,,,143459,0.0021960658486932516
,,,43,,,,,,,,,,,,,,,,,,,,,,,,,,,,,143469,0.0008896741201169789
,,,43,,,,,,,,,,,,,,,,,,,,,,,,,,,,,143479,0.0014026573626324534
,,,43,,,,,,,,,,,,,,,,,,,,,,,,,,,,,143489,0.002240095753222704
,,,43,,,,,,,,,,,,,,,,,,,,,,,,,,,,,143499,0.000885831075720489
,,,43,,,,,,,,,,,,,,,,,,,,,,,,,,,,,143509,0.0008845346746966243
,,,43,,,,,,,,,,,,,,,,,,,,,,,,,,,,,143519,0.009544446133077145
,,,43,,,,,,,,,,,,,,,,,,,,,,,,,,,,,143529,0.0019143298268318176
,,,43,,,,,,,,,,,,,,,,,,,,,,,,,,,,,143539,0.0008143722079694271
,,,43,,,,,,,,,,,,,,,,,,,,,,,,,,,,,143549,0.001986018382012844
,,,43,,,,,,,,,,,,,,,,,,,,,,,,,,,,,143559,0.0030414736829698086
,,,43,,,,,,,,,,,,,,,,,,,,,,,,,,,,,143569,0.0005226215580478311
,,,43,,,,,,,,,,,,,,,,,,,,,,,,,,,,,143579,0.0019778290297836065
,,,43,,,,,,,,,,,,,,,,,,,,,,,,,,,,,143589,0.004042528104037046
,,,43,,,,,,,,,,,,,,,,,,,,,,,,,,,,,143599,0.001276311231777072
,,,43,,,,,,,,,,,,,,,,,,,,,,,,,,,,,143609,0.031829286366701126
,,,43,,,,,,,,,,,,,,,,,,,,,,,,,,,,,143619,0.0020241420716047287
,,,43,,,,,,,,,,,,,,,,,,,,,,,,,,,,,143629,0.001973161706700921
,,,43,,,,,,,,,,,,,,,,,,,,,,,,,,,,,143639,0.000709760352037847
,,,43,,,,,,,,,,,,,,,,,,,,,,,,,,,,,143649,0.0018536170246079564
,,,43,,,,,,,,,,,,,,,,,,,,,,,,,,,,,143659,0.0012189163826406002
,,,43,,,,,,,,,,,,,,,,,,,,,,,,,,,,,143669,0.027134524658322334
,,,43,,,,,,,,,,,,,,,,,,,,,,,,,,,,,143679,0.0014214294496923685
,,,43,,,,,,,,,,,,,,,,,,,,,,,,,,,,,143689,0.0019167022546753287
,,,43,,,,,,,,,,,,,,,,,,,,,,,,,,,,,143699,0.0010530195431783795
,,,43,,,,,,,,,,,,,,,,,,,,,,,,,,,,,143709,0.04457146301865578
,,,43,,,,,,,,,,,,,,,,,,,,,,,,,,,,,143719,0.0022734226658940315
,,,43,,,,,,,,,,,,,,,,,,,,,,,,,,,,,143729,0.001167335663922131
,,,43,,,,,,,,,,,,,,,,,,,,,,,,,,,,,143739,0.002260917332023382
,,,43,,,,,,,,,,,,,,,,,,,,,,,,,,,,,143749,0.0014150418573990464
,,,43,,,,,,,,,,,,,,,,,,,,,,,,,,,,,143759,0.005175676196813583
,,,43,,,,,,,,,,,,,,,,,,,,,,,,,,,,,143769,0.00380402198061347
,,,43,,,,,,,,,,,,,,,,,,,,,,,,,,,,,143779,0.006076843943446875
,,,43,,,,,,,,,,,,,,,,,,,,,,,,,,,,,143789,0.0006195848109200597
,,,43,,,,,,,,,,,,,,,,,,,,,,,,,,,,,143799,0.0008130334899760783
,,,43,,,,,,,,,,,,,,,,,,,,,,,,,,,,,143809,0.0016547770937904716
,,,43,,,,,,,,,,,,,,,,,,,,,,,,,,,,,143819,0.011391226202249527
,,,43,,,,,,,,,,,,,,,,,,,,,,,,,,,,,143829,0.20927314460277557
,,,43,,,,,,,,,,,,,,,,,,,,,,,,,,,,,143839,0.004229192156344652
,,,43,,,,,,,,,,,,,,,,,,,,,,,,,,,,,143849,0.0029254623223096132
,,,43,,,,,,,,,,,,,,,,,,,,,,,,,,,,,143859,0.15189316868782043
,,,43,,,,,,,,,,,,,,,,,,,,,,,,,,,,,143869,0.0025302188005298376
,,,43,,,,,,,,,,,,,,,,,,,,,,,,,,,,,143879,0.02897900901734829
,,,43,,,,,,,,,,,,,,,,,,,,,,,,,,,,,143889,0.01290904451161623
,,,43,,,,,,,,,,,,,,,,,,,,,,,,,,,,,143899,0.014332927763462067
,,,43,,,,,,,,,,,,,,,,,,,,,,,,,,,,,143909,0.0019276721868664026
,,,43,,,,,,,,,,,,,,,,,,,,,,,,,,,,,143919,0.0003693029284477234
,,,43,,,,,,,,,,,,,,,,,,,,,,,,,,,,,143929,0.015633365139365196
,,,43,,,,,,,,,,,,,,,,,,,,,,,,,,,,,143939,0.00088161276653409
,,,43,,,,,,,,,,,,,,,,,,,,,,,,,,,,,143949,0.002563606947660446
,,,43,,,,,,,,,,,,,,,,,,,,,,,,,,,,,143959,0.011233493685722351
,,,43,,,,,,,,,,,,,,,,,,,,,,,,,,,,,143969,0.16367487609386444
,,,43,,,,,,,,,,,,,,,,,,,,,,,,,,,,,143979,0.049415405839681625
,,,43,,,,,,,,,,,,,,,,,,,,,,,,,,,,,143989,0.0122825400903821
,,,43,,,,,,,,,,,,,,,,,,,,,,,,,,,,,143999,0.0006914106197655201
,,,43,,,,,,,,,,,,,,,,,,,,,,,,,,,,,144009,0.0010412305127829313
,,,43,,,,,,,,,,,,,,,,,,,,,,,,,,,,,144019,0.0019100363133475184
,,,43,,,,,,,,,,,,,,,,,,,,,,,,,,,,,144029,0.0009632723522372544
,,,43,,,,,,,,,,,,,,,,,,,,,,,,,,,,,144039,0.001483764499425888
,,,43,,,,,,,,,,,,,,,,,,,,,,,,,,,,,144049,0.054946914315223694
,,,43,,,,,,,,,,,,,,,,,,,,,,,,,,,,,144059,0.005746051669120789
,,,43,,,,,,,,,,,,,,,,,,,,,,,,,,,,,144069,0.2367674857378006
,,,43,,,,,,,,,,,,,,,,,,,,,,,,,,,,,144079,0.06587826460599899
,,,43,,,,,,,,,,,,,,,,,,,,,,,,,,,,,144089,0.0012097422732040286
,,,43,,,,,,,,,,,,,,,,,,,,,,,,,,,,,144099,0.0015631566056981683
,,,43,,,,,,,,,,,,,,,,,,,,,,,,,,,,,144109,0.0013257898390293121
,,,43,,,,,,,,,,,,,,,,,,,,,,,,,,,,,144119,0.19879409670829773
,,,43,,,,,,,,,,,,,,,,,,,,,,,,,,,,,144129,0.0009266373817808926
,,,43,,,,,,,,,,,,,,,,,,,,,,,,,,,,,144139,0.5332618355751038
,,,43,,,,,,,,,,,,,,,,,,,,,,,,,,,,,144149,0.0017695118440315127
,,,43,,,,,,,,,,,,,,,,,,,,,,,,,,,,,144159,0.0005913573550060391
,,,43,,,,,,,,,,,,,,,,,,,,,,,,,,,,,144169,0.002464731689542532
,,,43,,,,,,,,,,,,,,,,,,,,,,,,,,,,,144179,0.004198651760816574
,,,43,,,,,,,,,,,,,,,,,,,,,,,,,,,,,144189,0.23168645799160004
,,,43,,,,,,,,,,,,,,,,,,,,,,,,,,,,,144199,0.001291864668019116
,,,43,,,,,,,,,,,,,,,,,,,,,,,,,,,,,144209,0.002269791904836893
,,,43,,,,,,,,,,,,,,,,,,,,,,,,,,,,,144219,0.0009573870338499546
,,,43,,,,,,,,,,,,,,,,,,,,,,,,,,,,,144229,0.0017490240279585123
,,,43,,,,,,,,,,,,,,,,,,,,,,,,,,,,,144239,0.003120332257822156
,,,43,,,,,,,,,,,,,,,,,,,,,,,,,,,,,144249,1.1654586791992188
,,,43,,,,,,,,,,,,,,,,,,,,,,,,,,,,,144259,0.005534779746085405
,,,43,,,,,,,,,,,,,,,,,,,,,,,,,,,,,144269,0.0021778689697384834
,,,43,,,,,,,,,,,,,,,,,,,,,,,,,,,,,144279,0.0006900982116349041
,,,43,,,,,,,,,,,,,,,,,,,,,,,,,,,,,144289,0.003310882719233632
,,,43,,,,,,,,,,,,,,,,,,,,,,,,,,,,,144299,0.003294816007837653
,,,43,,,,,,,,,,,,,,,,,,,,,,,,,,,,,144309,0.0031780118588358164
,,,43,,,,,,,,,,,,,,,,,,,,,,,,,,,,,144319,0.9712128639221191
,,,43,,,,,,,,,,,,,,,,,,,,,,,,,,,,,144329,0.0026345152873545885
,,,43,,,,,,,,,,,,,,,,,,,,,,,,,,,,,144339,0.0018482531886547804
,,,43,,,,,,,,,,,,,,,,,,,,,,,,,,,,,144349,0.0009635499445721507
,,,43,,,,,,,,,,,,,,,,,,,,,,,,,,,,,144359,0.0028162829112261534
,,,43,,,,,,,,,,,,,,,,,,,,,,,,,,,,,144369,0.0017192577943205833
,,,43,,,,,,,,,,,,,,,,,,,,,,,,,,,,,144379,0.20009255409240723
,,,43,,,,,,,,,,,,,,,,,,,,,,,,,,,,,144389,0.0009114354033954442
,,,43,,,,,,,,,,,,,,,,,,,,,,,,,,,,,144399,0.0011529024923220277
,,,43,,,,,,,,,,,,,,,,,,,,,,,,,,,,,144409,0.023391295224428177
,,,43,,,,,,,,,,,,,,,,,,,,,,,,,,,,,144419,0.7403742074966431
,,,43,,,,,,,,,,,,,,,,,,,,,,,,,,,,,144429,0.003419120330363512
,,,43,,,,,,,,,,,,,,,,,,,,,,,,,,,,,144439,0.0010913191363215446
,,,43,,,,,,,,,,,,,,,,,,,,,,,,,,,,,144449,0.08978717029094696
,,,43,,,,,,,,,,,,,,,,,,,,,,,,,,,,,144459,0.0008684806525707245
,,,43,,,,,,,,,,,,,,,,,,,,,,,,,,,,,144469,0.004503544420003891
,,,43,,,,,,,,,,,,,,,,,,,,,,,,,,,,,144479,0.004269947297871113
,,,43,,,,,,,,,,,,,,,,,,,,,,,,,,,,,144489,0.04113946110010147
,,,43,,,,,,,,,,,,,,,,,,,,,,,,,,,,,144499,0.0014064348069950938
,,,43,,,,,,,,,,,,,,,,,,,,,,,,,,,,,144509,0.0151472557336092
,,,43,,,,,,,,,,,,,,,,,,,,,,,,,,,,,144519,0.011706048622727394
,,,43,,,,,,,,,,,,,,,,,,,,,,,,,,,,,144529,0.00597715750336647
,,,43,,,,,,,,,,,,,,,,,,,,,,,,,,,,,144539,0.0017725813668221235
,,,43,,,,,,,,,,,,,,,,,,,,,,,,,,,,,144549,0.001391411293298006
,,,43,,,,,,,,,,,,,,,,,,,,,,,,,,,,,144559,0.002581994980573654
,,,43,,,,,,,,,,,,,,,,,,,,,,,,,,,,,144569,0.006034218706190586
,,,43,,,,,,,,,,,,,,,,,,,,,,,,,,,,,144579,0.0017612548545002937
,,,43,,,,,,,,,,,,,,,,,,,,,,,,,,,,,144589,0.7266084551811218
,,,43,,,,,,,,,,,,,,,,,,,,,,,,,,,,,144599,0.24419981241226196
,,,43,,,,,,,,,,,,,,,,,,,,,,,,,,,,,144609,0.01121496595442295
,,,43,,,,,,,,,,,,,,,,,,,,,,,,,,,,,144619,0.001961664529517293
,,,43,,,,,,,,,,,,,,,,,,,,,,,,,,,,,144629,0.0021756086498498917
,,,43,,,,,,,,,,,,,,,,,,,,,,,,,,,,,144639,0.37774235010147095
,,,43,,,,,,,,,,,,,,,,,,,,,,,,,,,,,144649,0.0030512686353176832
,,,43,,,,,,,,,,,,,,,,,,,,,,,,,,,,,144659,0.0009995849104598165
,,,43,,,,,,,,,,,,,,,,,,,,,,,,,,,,,144669,0.0025022150948643684
,,,43,,,,,,,,,,,,,,,,,,,,,,,,,,,,,144679,0.0016322426963597536
,,,43,,,,,,,,,,,,,,,,,,,,,,,,,,,,,144689,0.001112810568884015
,,,43,,,,,,,,,,,,,,,,,,,,,,,,,,,,,144699,0.0014598172856494784
,,,43,,,,,,,,,,,,,,,,,,,,,,,,,,,,,144709,0.0025868022348731756
,,,43,,,,,,,,,,,,,,,,,,,,,,,,,,,,,144719,0.2526772916316986
,,,43,,,,,,,,,,,,,,,,,,,,,,,,,,,,,144729,0.008317383006215096
,,,43,,,,,,,,,,,,,,,,,,,,,,,,,,,,,144739,0.006149617955088615
,,,43,,,,,,,,,,,,,,,,,,,,,,,,,,,,,144749,0.007649498991668224
,,,43,,,,,,,,,,,,,,,,,,,,,,,,,,,,,144759,0.001225010259076953
,,,43,,,,,,,,,,,,,,,,,,,,,,,,,,,,,144769,0.001260807504877448
,,,43,,,,,,,,,,,,,,,,,,,,,,,,,,,,,144779,0.001482945284806192
,,,43,,,,,,,,,,,,,,,,,,,,,,,,,,,,,144789,0.001373502193018794
,,,43,,,,,,,,,,,,,,,,,,,,,,,,,,,,,144799,0.045823607593774796
,,,43,,,,,,,,,,,,,,,,,,,,,,,,,,,,,144809,0.0015225325478240848
,,,43,,,,,,,,,,,,,,,,,,,,,,,,,,,,,144819,0.7540398240089417
,,,43,,,,,,,,,,,,,,,,,,,,,,,,,,,,,144829,0.3366842567920685
,,,43,,,,,,,,,,,,,,,,,,,,,,,,,,,,,144839,0.0004981386591680348
,,,43,,,,,,,,,,,,,,,,,,,,,,,,,,,,,144849,0.001187523826956749
,,,43,,,,,,,,,,,,,,,,,,,,,,,,,,,,,144859,0.033882275223731995
,,,43,,,,,,,,,,,,,,,,,,,,,,,,,,,,,144869,0.03204692527651787
,,,43,,,,,,,,,,,,,,,,,,,,,,,,,,,,,144879,0.001314984168857336
,,,43,,,,,,,,,,,,,,,,,,,,,,,,,,,,,144889,0.0010222351411357522
,,,43,,,,,,,,,,,,,,,,,,,,,,,,,,,,,144899,0.0022157381754368544
,,,43,,,,,,,,,,,,,,,,,,,,,,,,,,,,,144909,0.032945260405540466
,,,43,,,,,,,,,,,,,,,,,,,,,,,,,,,,,144919,0.40616321563720703
,,,43,,,,,,,,,,,,,,,,,,,,,,,,,,,,,144929,0.007718203589320183
,,,43,,,,,,,,,,,,,,,,,,,,,,,,,,,,,144939,0.0013726832112297416
,,,43,,,,,,,,,,,,,,,,,,,,,,,,,,,,,144949,0.0036289903800934553
,,,43,,,,,,,,,,,,,,,,,,,,,,,,,,,,,144959,0.4376653730869293
,,,43,,,,,,,,,,,,,,,,,,,,,,,,,,,,,144969,0.0010866282973438501
,,,43,,,,,,,,,,,,,,,,,,,,,,,,,,,,,144979,0.0012945795897394419
,,,43,,,,,,,,,,,,,,,,,,,,,,,,,,,,,144989,0.0020844428800046444
,,,43,,,,,,,,,,,,,,,,,,,,,,,,,,,,,144999,0.3367060124874115
,,,43,,,,,,,,,,,,,,,,,,,,,,,,,,,,,145009,0.0011571403592824936
,,,43,,,,,,,,,,,,,,,,,,,,,,,,,,,,,145019,0.016650745645165443
,,,43,,,,,,,,,,,,,,,,,,,,,,,,,,,,,145029,0.0034546232782304287
,,,43,,,,,,,,,,,,,,,,,,,,,,,,,,,,,145039,0.0014963233843445778
,,,43,,,,,,,,,,,,,,,,,,,,,,,,,,,,,145049,0.1300220489501953
,,,43,,,,,,,,,,,,,,,,,,,,,,,,,,,,,145059,0.0014618119457736611
,,,43,,,,,,,,,,,,,,,,,,,,,,,,,,,,,145069,0.001542458077892661
,,,43,,,,,,,,,,,,,,,,,,,,,,,,,,,,,145079,0.001710710464976728
,,,43,,,,,,,,,,,,,,,,,,,,,,,,,,,,,145089,0.0019179319497197866
,,,43,,,,,,,,,,,,,,,,,,,,,,,,,,,,,145099,0.008734350092709064
,,,43,,,,,,,,,,,,,,,,,,,,,,,,,,,,,145109,0.0014655246632173657
,,,43,,,,,,,,,,,,,,,,,,,,,,,,,,,,,145119,0.0018261026125401258
,,,43,,,,,,,,,,,,,,,,,,,,,,,,,,,,,145129,0.00208261632360518
,,,43,,,,,,,,,,,,,,,,,,,,,,,,,,,,,145139,0.07274726033210754
,,,43,,,,,,,,,,,,,,,,,,,,,,,,,,,,,145149,0.0030574188567698
,,,43,,,,,,,,,,,,,,,,,,,,,,,,,,,,,145159,0.003644234500825405
,,,43,,,,,,,,,,,,,,,,,,,,,,,,,,,,,145169,0.062034305185079575
,,,43,,,,,,,,,,,,,,,,,,,,,,,,,,,,,145179,0.0008613464306108654
,,,43,,,,,,,,,,,,,,,,,,,,,,,,,,,,,145189,0.000964694598224014
,,,43,,,,,,,,,,,,,,,,,,,,,,,,,,,,,145199,0.3792109787464142
,,,43,,,,,,,,,,,,,,,,,,,,,,,,,,,,,145209,0.001491655595600605
,,,43,,,,,,,,,,,,,,,,,,,,,,,,,,,,,145219,0.0016903475625440478
,,,43,,,,,,,,,,,,,,,,,,,,,,,,,,,,,145229,0.00878846738487482
,,,43,,,,,,,,,,,,,,,,,,,,,,,,,,,,,145239,0.002701663179323077
,,,43,,,,,,,,,,,,,,,,,,,,,,,,,,,,,145249,0.001071225036866963
,,,43,,,,,,,,,,,,,,,,,,,,,,,,,,,,,145259,0.0007356198620982468
,,,43,,,,,,,,,,,,,,,,,,,,,,,,,,,,,145269,0.0031781892757862806
,,,43,,,,,,,,,,,,,,,,,,,,,,,,,,,,,145279,0.0009964632336050272
,,,43,,,,,,,,,,,,,,,,,,,,,,,,,,,,,145289,0.0062444014474749565
,,,43,,,,,,,,,,,,,,,,,,,,,,,,,,,,,145299,0.022329876199364662
,,,43,,,,,,,,,,,,,,,,,,,,,,,,,,,,,145309,0.002116273157298565
,,,43,,,,,,,,,,,,,,,,,,,,,,,,,,,,,145319,0.001206269022077322
,,,43,,,,,,,,,,,,,,,,,,,,,,,,,,,,,145329,0.200339213013649
,,,43,,,,,,,,,,,,,,,,,,,,,,,,,,,,,145339,0.003605295205488801
,,,43,,,,,,,,,,,,,,,,,,,,,,,,,,,,,145349,0.0037730406038463116
,,,43,,,,,,,,,,,,,,,,,,,,,,,,,,,,,145359,0.002294908743351698
,,,43,,,,,,,,,,,,,,,,,,,,,,,,,,,,,145369,0.0016760191647335887
,,,43,,,,,,,,,,,,,,,,,,,,,,,,,,,,,145379,0.7940011620521545
,,,43,,,,,,,,,,,,,,,,,,,,,,,,,,,,,145389,0.6273016333580017
,,,43,,,,,,,,,,,,,,,,,,,,,,,,,,,,,145399,0.0013525719987228513
,,,43,,,,,,,,,,,,,,,,,,,,,,,,,,,,,145409,0.0024813967756927013
,,,43,,,,,,,,,,,,,,,,,,,,,,,,,,,,,145419,0.021470768377184868
,,,43,,,,,,,,,,,,,,,,,,,,,,,,,,,,,145429,0.0022236208897083998
,,,43,,,,,,,,,,,,,,,,,,,,,,,,,,,,,145439,0.009504884481430054
,,,43,,,,,,,,,,,,,,,,,,,,,,,,,,,,,145449,0.001132293022237718
,,,43,,,,,,,,,,,,,,,,,,,,,,,,,,,,,145459,0.5207418203353882
,,,43,,,,,,,,,,,,,,,,,,,,,,,,,,,,,145469,0.0004863986687269062
,,,43,,,,,,,,,,,,,,,,,,,,,,,,,,,,,145479,0.002510570455342531
,,,43,,,,,,,,,,,,,,,,,,,,,,,,,,,,,145489,0.0012022946029901505
,,,43,,,,,,,,,,,,,,,,,,,,,,,,,,,,,145499,0.0010670863557606936
,,,43,,,,,,,,,,,,,,,,,,,,,,,,,,,,,145509,0.014129909686744213
,,,43,,,,,,,,,,,,,,,,,,,,,,,,,,,,,145519,0.002067941939458251
,,,43,,,,,,,,,,,,,,,,,,,,,,,,,,,,,145529,0.0029928095173090696
,,,43,,,,,,,,,,,,,,,,,,,,,,,,,,,,,145539,0.0009847728069871664
,,,43,,,,,,,,,,,,,,,,,,,,,,,,,,,,,145549,0.002176618902012706
,,,43,,,,,,,,,,,,,,,,,,,,,,,,,,,,,145559,0.0015729591250419617
,,,43,,,,,,,,,,,,,,,,,,,,,,,,,,,,,145569,0.02192918211221695
,,,43,,,,,,,,,,,,,,,,,,,,,,,,,,,,,145579,0.004171411972492933
,,,43,,,,,,,,,,,,,,,,,,,,,,,,,,,,,145589,0.004022250883281231
,,,43,,,,,,,,,,,,,,,,,,,,,,,,,,,,,145599,0.0010212509660050273
,,,43,,,,,,,,,,,,,,,,,,,,,,,,,,,,,145609,0.0006077556754462421
,,,43,,,,,,,,,,,,,,,,,,,,,,,,,,,,,145619,0.0008079582476057112
,,,43,,,,,,,,,,,,,,,,,,,,,,,,,,,,,145629,0.0008020352106541395
,,,43,,,,,,,,,,,,,,,,,,,,,,,,,,,,,145639,0.0023109300527721643
,,,,2.4587711023777133e-08,1.3774145736509018e-07,2.1190993440783103e-07,2.1190993440783103e-07,3.2601528370435543e-07,3.2601528370435543e-07,5.015619749297775e-07,5.015619749297775e-07,7.716338075842731e-07,7.716338075842731e-07,1.1871289347450355e-06,2.4587711023777133e-08,1.1871289347450355e-06,1.8263522073000546e-06,1.8263522073000546e-06,2.8097726266154687e-06,2.8097726266154687e-06,4.322727117869951e-06,4.322727117869951e-06,4.322727117869951e-06,4.322727117869951e-06,3.7827247728887886e-08,3.7827247728887886e-08,5.81957657367506e-08,5.81957657367506e-08,8.953194728730862e-08,8.953194728730862e-08,1.3774145736509018e-07,145641,
,,,44,,,,,,,,,,,,,,,,,,,,,,,,,,,,,145649,0.003481572959572077
,,,44,,,,,,,,,,,,,,,,,,,,,,,,,,,,,145659,0.0015959765296429396
,,,44,,,,,,,,,,,,,,,,,,,,,,,,,,,,,145669,0.0034054978750646114
,,,44,,,,,,,,,,,,,,,,,,,,,,,,,,,,,145679,0.0008881742833182216
,,,44,,,,,,,,,,,,,,,,,,,,,,,,,,,,,145689,0.003336941124871373
,,,44,,,,,,,,,,,,,,,,,,,,,,,,,,,,,145699,0.0025566639378666878
,,,44,,,,,,,,,,,,,,,,,,,,,,,,,,,,,145709,0.0036457409150898457
,,,44,,,,,,,,,,,,,,,,,,,,,,,,,,,,,145719,0.001540221506729722
,,,44,,,,,,,,,,,,,,,,,,,,,,,,,,,,,145729,0.008126232773065567
,,,44,,,,,,,,,,,,,,,,,,,,,,,,,,,,,145739,0.0036989394575357437
,,,44,,,,,,,,,,,,,,,,,,,,,,,,,,,,,145749,0.004254376050084829
,,,44,,,,,,,,,,,,,,,,,,,,,,,,,,,,,145759,0.27182736992836
,,,44,,,,,,,,,,,,,,,,,,,,,,,,,,,,,145769,0.015933595597743988
,,,44,,,,,,,,,,,,,,,,,,,,,,,,,,,,,145779,0.0057378956116735935
,,,44,,,,,,,,,,,,,,,,,,,,,,,,,,,,,145789,0.0009299449739046395
,,,44,,,,,,,,,,,,,,,,,,,,,,,,,,,,,145799,0.0021717380732297897
,,,44,,,,,,,,,,,,,,,,,,,,,,,,,,,,,145809,0.0005175417172722518
,,,44,,,,,,,,,,,,,,,,,,,,,,,,,,,,,145819,0.0022964286617934704
,,,44,,,,,,,,,,,,,,,,,,,,,,,,,,,,,145829,0.000658579810988158
,,,44,,,,,,,,,,,,,,,,,,,,,,,,,,,,,145839,0.0007070597494021058
,,,44,,,,,,,,,,,,,,,,,,,,,,,,,,,,,145849,0.012937186285853386
,,,44,,,,,,,,,,,,,,,,,,,,,,,,,,,,,145859,0.00136901019141078
,,,44,,,,,,,,,,,,,,,,,,,,,,,,,,,,,145869,0.0012813739012926817
,,,44,,,,,,,,,,,,,,,,,,,,,,,,,,,,,145879,0.00337719963863492
,,,44,,,,,,,,,,,,,,,,,,,,,,,,,,,,,145889,0.0011891346657648683
,,,44,,,,,,,,,,,,,,,,,,,,,,,,,,,,,145899,0.4489644467830658
,,,44,,,,,,,,,,,,,,,,,,,,,,,,,,,,,145909,0.0006706788553856313
,,,44,,,,,,,,,,,,,,,,,,,,,,,,,,,,,145919,0.0033537240233272314
,,,44,,,,,,,,,,,,,,,,,,,,,,,,,,,,,145929,0.09239709377288818
,,,44,,,,,,,,,,,,,,,,,,,,,,,,,,,,,145939,0.004069657064974308
,,,44,,,,,,,,,,,,,,,,,,,,,,,,,,,,,145949,0.022683382034301758
,,,44,,,,,,,,,,,,,,,,,,,,,,,,,,,,,145959,0.0030685425736010075
,,,44,,,,,,,,,,,,,,,,,,,,,,,,,,,,,145969,0.0022139018401503563
,,,44,,,,,,,,,,,,,,,,,,,,,,,,,,,,,145979,0.7044361233711243
,,,44,,,,,,,,,,,,,,,,,,,,,,,,,,,,,145989,0.0024574371054768562
,,,44,,,,,,,,,,,,,,,,,,,,,,,,,,,,,145999,0.11263120174407959
,,,44,,,,,,,,,,,,,,,,,,,,,,,,,,,,,146009,0.0007384027121588588
,,,44,,,,,,,,,,,,,,,,,,,,,,,,,,,,,146019,0.3213915228843689
,,,44,,,,,,,,,,,,,,,,,,,,,,,,,,,,,146029,0.0030002847779542208
,,,44,,,,,,,,,,,,,,,,,,,,,,,,,,,,,146039,0.001688851392827928
,,,44,,,,,,,,,,,,,,,,,,,,,,,,,,,,,146049,0.06925094872713089
,,,44,,,,,,,,,,,,,,,,,,,,,,,,,,,,,146059,0.0033967543859034777
,,,44,,,,,,,,,,,,,,,,,,,,,,,,,,,,,146069,0.003577097086235881
,,,44,,,,,,,,,,,,,,,,,,,,,,,,,,,,,146079,0.0025047960225492716
,,,44,,,,,,,,,,,,,,,,,,,,,,,,,,,,,146089,0.0012734158663079143
,,,44,,,,,,,,,,,,,,,,,,,,,,,,,,,,,146099,0.11043594777584076
,,,44,,,,,,,,,,,,,,,,,,,,,,,,,,,,,146109,0.0011120508424937725
,,,44,,,,,,,,,,,,,,,,,,,,,,,,,,,,,146119,0.008836791850626469
,,,44,,,,,,,,,,,,,,,,,,,,,,,,,,,,,146129,0.003165659261867404
,,,44,,,,,,,,,,,,,,,,,,,,,,,,,,,,,146139,0.0019678666722029448
,,,44,,,,,,,,,,,,,,,,,,,,,,,,,,,,,146149,0.0045318263582885265
,,,44,,,,,,,,,,,,,,,,,,,,,,,,,,,,,146159,0.0023440758232027292
,,,44,,,,,,,,,,,,,,,,,,,,,,,,,,,,,146169,0.004784218966960907
,,,44,,,,,,,,,,,,,,,,,,,,,,,,,,,,,146179,0.0007858318858779967
,,,44,,,,,,,,,,,,,,,,,,,,,,,,,,,,,146189,0.0009705915581434965
,,,44,,,,,,,,,,,,,,,,,,,,,,,,,,,,,146199,0.0023052834440022707
,,,44,,,,,,,,,,,,,,,,,,,,,,,,,,,,,146209,0.0012737191282212734
,,,44,,,,,,,,,,,,,,,,,,,,,,,,,,,,,146219,0.009687467478215694
,,,44,,,,,,,,,,,,,,,,,,,,,,,,,,,,,146229,0.001837509567849338
,,,44,,,,,,,,,,,,,,,,,,,,,,,,,,,,,146239,0.0009230526629835367
,,,44,,,,,,,,,,,,,,,,,,,,,,,,,,,,,146249,0.0013722702860832214
,,,44,,,,,,,,,,,,,,,,,,,,,,,,,,,,,146259,0.0006942593608982861
,,,44,,,,,,,,,,,,,,,,,,,,,,,,,,,,,146269,0.0010966137051582336
,,,44,,,,,,,,,,,,,,,,,,,,,,,,,,,,,146279,0.008235261775553226
,,,44,,,,,,,,,,,,,,,,,,,,,,,,,,,,,146289,0.0019303414737805724
,,,44,,,,,,,,,,,,,,,,,,,,,,,,,,,,,146299,0.0011554000666365027
,,,44,,,,,,,,,,,,,,,,,,,,,,,,,,,,,146309,0.0051857102662324905
,,,44,,,,,,,,,,,,,,,,,,,,,,,,,,,,,146319,0.0022189735900610685
,,,44,,,,,,,,,,,,,,,,,,,,,,,,,,,,,146329,0.0011072526685893536
,,,44,,,,,,,,,,,,,,,,,,,,,,,,,,,,,146339,0.0008779144263826311
,,,44,,,,,,,,,,,,,,,,,,,,,,,,,,,,,146349,0.0966552346944809
,,,44,,,,,,,,,,,,,,,,,,,,,,,,,,,,,146359,0.8865872621536255
,,,44,,,,,,,,,,,,,,,,,,,,,,,,,,,,,146369,0.0028244946151971817
,,,44,,,,,,,,,,,,,,,,,,,,,,,,,,,,,146379,0.014069566503167152
,,,44,,,,,,,,,,,,,,,,,,,,,,,,,,,,,146389,0.002498812507838011
,,,44,,,,,,,,,,,,,,,,,,,,,,,,,,,,,146399,0.006543229799717665
,,,44,,,,,,,,,,,,,,,,,,,,,,,,,,,,,146409,0.0018143237102776766
,,,44,,,,,,,,,,,,,,,,,,,,,,,,,,,,,146419,0.005253540351986885
,,,44,,,,,,,,,,,,,,,,,,,,,,,,,,,,,146429,0.0021494978573173285
,,,44,,,,,,,,,,,,,,,,,,,,,,,,,,,,,146439,0.3912470042705536
,,,44,,,,,,,,,,,,,,,,,,,,,,,,,,,,,146449,0.0017374216113239527
,,,44,,,,,,,,,,,,,,,,,,,,,,,,,,,,,146459,0.004930144641548395
,,,44,,,,,,,,,,,,,,,,,,,,,,,,,,,,,146469,0.0035967330913990736
,,,44,,,,,,,,,,,,,,,,,,,,,,,,,,,,,146479,0.007892599329352379
,,,44,,,,,,,,,,,,,,,,,,,,,,,,,,,,,146489,0.001117924926802516
,,,44,,,,,,,,,,,,,,,,,,,,,,,,,,,,,146499,0.002610469004139304
,,,44,,,,,,,,,,,,,,,,,,,,,,,,,,,,,146509,0.001899481168948114
,,,44,,,,,,,,,,,,,,,,,,,,,,,,,,,,,146519,0.0028290520422160625
,,,44,,,,,,,,,,,,,,,,,,,,,,,,,,,,,146529,0.004003946203738451
,,,44,,,,,,,,,,,,,,,,,,,,,,,,,,,,,146539,0.4203382134437561
,,,44,,,,,,,,,,,,,,,,,,,,,,,,,,,,,146549,0.09958083182573318
,,,44,,,,,,,,,,,,,,,,,,,,,,,,,,,,,146559,0.010916195809841156
,,,44,,,,,,,,,,,,,,,,,,,,,,,,,,,,,146569,0.0007920480566099286
,,,44,,,,,,,,,,,,,,,,,,,,,,,,,,,,,146579,0.002365885768085718
,,,44,,,,,,,,,,,,,,,,,,,,,,,,,,,,,146589,0.008658080361783504
,,,44,,,,,,,,,,,,,,,,,,,,,,,,,,,,,146599,0.0024375023785978556
,,,44,,,,,,,,,,,,,,,,,,,,,,,,,,,,,146609,0.006660251412540674
,,,44,,,,,,,,,,,,,,,,,,,,,,,,,,,,,146619,0.002214603591710329
,,,44,,,,,,,,,,,,,,,,,,,,,,,,,,,,,146629,0.05949748307466507
,,,44,,,,,,,,,,,,,,,,,,,,,,,,,,,,,146639,0.0008173466776497662
,,,44,,,,,,,,,,,,,,,,,,,,,,,,,,,,,146649,0.0014618649147450924
,,,44,,,,,,,,,,,,,,,,,,,,,,,,,,,,,146659,0.001995126949623227
,,,44,,,,,,,,,,,,,,,,,,,,,,,,,,,,,146669,0.0005726434173993766
,,,44,,,,,,,,,,,,,,,,,,,,,,,,,,,,,146679,0.0004713842645287514
,,,44,,,,,,,,,,,,,,,,,,,,,,,,,,,,,146689,0.0030321581289172173
,,,44,,,,,,,,,,,,,,,,,,,,,,,,,,,,,146699,0.0012384990695863962
,,,44,,,,,,,,,,,,,,,,,,,,,,,,,,,,,146709,0.002399902790784836
,,,44,,,,,,,,,,,,,,,,,,,,,,,,,,,,,146719,0.005278657656162977
,,,44,,,,,,,,,,,,,,,,,,,,,,,,,,,,,146729,0.00108899618498981
,,,44,,,,,,,,,,,,,,,,,,,,,,,,,,,,,146739,0.0011322596110403538
,,,44,,,,,,,,,,,,,,,,,,,,,,,,,,,,,146749,0.0010310126235708594
,,,44,,,,,,,,,,,,,,,,,,,,,,,,,,,,,146759,0.0006458187708631158
,,,44,,,,,,,,,,,,,,,,,,,,,,,,,,,,,146769,0.0013628659071400762
,,,44,,,,,,,,,,,,,,,,,,,,,,,,,,,,,146779,0.5381401181221008
,,,44,,,,,,,,,,,,,,,,,,,,,,,,,,,,,146789,0.000777465698774904
,,,44,,,,,,,,,,,,,,,,,,,,,,,,,,,,,146799,0.002014320809394121
,,,44,,,,,,,,,,,,,,,,,,,,,,,,,,,,,146809,0.0016829522792249918
,,,44,,,,,,,,,,,,,,,,,,,,,,,,,,,,,146819,0.0010517826303839684
,,,44,,,,,,,,,,,,,,,,,,,,,,,,,,,,,146829,0.0011745169758796692
,,,44,,,,,,,,,,,,,,,,,,,,,,,,,,,,,146839,0.001847006962634623
,,,44,,,,,,,,,,,,,,,,,,,,,,,,,,,,,146849,0.0023306438233703375
,,,44,,,,,,,,,,,,,,,,,,,,,,,,,,,,,146859,0.0013424921780824661
,,,44,,,,,,,,,,,,,,,,,,,,,,,,,,,,,146869,0.0020170414354652166
,,,44,,,,,,,,,,,,,,,,,,,,,,,,,,,,,146879,0.001101858913898468
,,,44,,,,,,,,,,,,,,,,,,,,,,,,,,,,,146889,0.0008533379295840859
,,,44,,,,,,,,,,,,,,,,,,,,,,,,,,,,,146899,0.000536054780241102
,,,44,,,,,,,,,,,,,,,,,,,,,,,,,,,,,146909,0.00616848561912775
,,,44,,,,,,,,,,,,,,,,,,,,,,,,,,,,,146919,0.005163510330021381
,,,44,,,,,,,,,,,,,,,,,,,,,,,,,,,,,146929,0.0012147173983976245
,,,44,,,,,,,,,,,,,,,,,,,,,,,,,,,,,146939,0.48404213786125183
,,,44,,,,,,,,,,,,,,,,,,,,,,,,,,,,,146949,0.009761380031704903
,,,44,,,,,,,,,,,,,,,,,,,,,,,,,,,,,146959,0.0012103392509743571
,,,44,,,,,,,,,,,,,,,,,,,,,,,,,,,,,146969,0.000681028061080724
,,,44,,,,,,,,,,,,,,,,,,,,,,,,,,,,,146979,0.46275341510772705
,,,44,,,,,,,,,,,,,,,,,,,,,,,,,,,,,146989,0.0004359055310487747
,,,44,,,,,,,,,,,,,,,,,,,,,,,,,,,,,146999,0.004344603046774864
,,,44,,,,,,,,,,,,,,,,,,,,,,,,,,,,,147009,0.15223102271556854
,,,44,,,,,,,,,,,,,,,,,,,,,,,,,,,,,147019,0.0011092188069596887
,,,44,,,,,,,,,,,,,,,,,,,,,,,,,,,,,147029,0.006442380603402853
,,,44,,,,,,,,,,,,,,,,,,,,,,,,,,,,,147039,0.0032032758463174105
,,,44,,,,,,,,,,,,,,,,,,,,,,,,,,,,,147049,0.0020131319761276245
,,,44,,,,,,,,,,,,,,,,,,,,,,,,,,,,,147059,0.0009937552968040109
,,,44,,,,,,,,,,,,,,,,,,,,,,,,,,,,,147069,0.002605747664347291
,,,44,,,,,,,,,,,,,,,,,,,,,,,,,,,,,147079,0.000774292042478919
,,,44,,,,,,,,,,,,,,,,,,,,,,,,,,,,,147089,0.0013812859542667866
,,,44,,,,,,,,,,,,,,,,,,,,,,,,,,,,,147099,0.0011347854742780328
,,,44,,,,,,,,,,,,,,,,,,,,,,,,,,,,,147109,0.0017018035287037492
,,,44,,,,,,,,,,,,,,,,,,,,,,,,,,,,,147119,0.014831297099590302
,,,44,,,,,,,,,,,,,,,,,,,,,,,,,,,,,147129,0.030736949294805527
,,,44,,,,,,,,,,,,,,,,,,,,,,,,,,,,,147139,0.0022202637046575546
,,,44,,,,,,,,,,,,,,,,,,,,,,,,,,,,,147149,0.0008222823962569237
,,,44,,,,,,,,,,,,,,,,,,,,,,,,,,,,,147159,0.011717678047716618
,,,44,,,,,,,,,,,,,,,,,,,,,,,,,,,,,147169,0.0018659031484276056
,,,44,,,,,,,,,,,,,,,,,,,,,,,,,,,,,147179,0.0010194855276495218
,,,44,,,,,,,,,,,,,,,,,,,,,,,,,,,,,147189,0.0018620627233758569
,,,44,,,,,,,,,,,,,,,,,,,,,,,,,,,,,147199,0.0023337078746408224
,,,44,,,,,,,,,,,,,,,,,,,,,,,,,,,,,147209,0.0021091827657073736
,,,44,,,,,,,,,,,,,,,,,,,,,,,,,,,,,147219,0.50264573097229
,,,44,,,,,,,,,,,,,,,,,,,,,,,,,,,,,147229,0.002806223463267088
,,,44,,,,,,,,,,,,,,,,,,,,,,,,,,,,,147239,0.003924322314560413
,,,44,,,,,,,,,,,,,,,,,,,,,,,,,,,,,147249,0.11757776886224747
,,,44,,,,,,,,,,,,,,,,,,,,,,,,,,,,,147259,0.0011820744257420301
,,,44,,,,,,,,,,,,,,,,,,,,,,,,,,,,,147269,0.7888961434364319
,,,44,,,,,,,,,,,,,,,,,,,,,,,,,,,,,147279,0.007839898578822613
,,,44,,,,,,,,,,,,,,,,,,,,,,,,,,,,,147289,0.0028576680924743414
,,,44,,,,,,,,,,,,,,,,,,,,,,,,,,,,,147299,0.0011324970982968807
,,,44,,,,,,,,,,,,,,,,,,,,,,,,,,,,,147309,0.001421887194737792
,,,44,,,,,,,,,,,,,,,,,,,,,,,,,,,,,147319,0.0014963685534894466
,,,44,,,,,,,,,,,,,,,,,,,,,,,,,,,,,147329,0.16841693222522736
,,,44,,,,,,,,,,,,,,,,,,,,,,,,,,,,,147339,0.0021240373607724905
,,,44,,,,,,,,,,,,,,,,,,,,,,,,,,,,,147349,0.0715726763010025
,,,44,,,,,,,,,,,,,,,,,,,,,,,,,,,,,147359,1.0317332744598389
,,,44,,,,,,,,,,,,,,,,,,,,,,,,,,,,,147369,0.001315820962190628
,,,44,,,,,,,,,,,,,,,,,,,,,,,,,,,,,147379,0.002619271632283926
,,,44,,,,,,,,,,,,,,,,,,,,,,,,,,,,,147389,0.0008697464945726097
,,,44,,,,,,,,,,,,,,,,,,,,,,,,,,,,,147399,0.0008566752076148987
,,,44,,,,,,,,,,,,,,,,,,,,,,,,,,,,,147409,0.0008156517869792879
,,,44,,,,,,,,,,,,,,,,,,,,,,,,,,,,,147419,0.2603507339954376
,,,44,,,,,,,,,,,,,,,,,,,,,,,,,,,,,147429,0.0008785445243120193
,,,44,,,,,,,,,,,,,,,,,,,,,,,,,,,,,147439,0.0011092560598626733
,,,44,,,,,,,,,,,,,,,,,,,,,,,,,,,,,147449,0.001555776339955628
,,,44,,,,,,,,,,,,,,,,,,,,,,,,,,,,,147459,0.0014593107625842094
,,,44,,,,,,,,,,,,,,,,,,,,,,,,,,,,,147469,0.0020876748021692038
,,,44,,,,,,,,,,,,,,,,,,,,,,,,,,,,,147479,0.0018627899698913097
,,,44,,,,,,,,,,,,,,,,,,,,,,,,,,,,,147489,0.002338986610993743
,,,44,,,,,,,,,,,,,,,,,,,,,,,,,,,,,147499,0.031741540879011154
,,,44,,,,,,,,,,,,,,,,,,,,,,,,,,,,,147509,0.07782477885484695
,,,44,,,,,,,,,,,,,,,,,,,,,,,,,,,,,147519,0.015041902661323547
,,,44,,,,,,,,,,,,,,,,,,,,,,,,,,,,,147529,0.0007095114560797811
,,,44,,,,,,,,,,,,,,,,,,,,,,,,,,,,,147539,0.001989145530387759
,,,44,,,,,,,,,,,,,,,,,,,,,,,,,,,,,147549,0.0012050672667101026
,,,44,,,,,,,,,,,,,,,,,,,,,,,,,,,,,147559,0.0012582737253978848
,,,44,,,,,,,,,,,,,,,,,,,,,,,,,,,,,147569,0.006456007715314627
,,,44,,,,,,,,,,,,,,,,,,,,,,,,,,,,,147579,0.003262042999267578
,,,44,,,,,,,,,,,,,,,,,,,,,,,,,,,,,147589,0.0011212591780349612
,,,44,,,,,,,,,,,,,,,,,,,,,,,,,,,,,147599,0.011633692309260368
,,,44,,,,,,,,,,,,,,,,,,,,,,,,,,,,,147609,0.0027107950299978256
,,,44,,,,,,,,,,,,,,,,,,,,,,,,,,,,,147619,0.07015454769134521
,,,44,,,,,,,,,,,,,,,,,,,,,,,,,,,,,147629,0.011373763903975487
,,,44,,,,,,,,,,,,,,,,,,,,,,,,,,,,,147639,0.0011037604417651892
,,,44,,,,,,,,,,,,,,,,,,,,,,,,,,,,,147649,0.001666256575845182
,,,44,,,,,,,,,,,,,,,,,,,,,,,,,,,,,147659,0.0008148349006660283
,,,44,,,,,,,,,,,,,,,,,,,,,,,,,,,,,147669,0.0010428265668451786
,,,44,,,,,,,,,,,,,,,,,,,,,,,,,,,,,147679,0.03141777217388153
,,,44,,,,,,,,,,,,,,,,,,,,,,,,,,,,,147689,0.0006070160889066756
,,,44,,,,,,,,,,,,,,,,,,,,,,,,,,,,,147699,0.02333877608180046
,,,44,,,,,,,,,,,,,,,,,,,,,,,,,,,,,147709,0.001672350219450891
,,,44,,,,,,,,,,,,,,,,,,,,,,,,,,,,,147719,0.0007338764262385666
,,,44,,,,,,,,,,,,,,,,,,,,,,,,,,,,,147729,0.024950498715043068
,,,44,,,,,,,,,,,,,,,,,,,,,,,,,,,,,147739,0.002054436132311821
,,,44,,,,,,,,,,,,,,,,,,,,,,,,,,,,,147749,0.0012653593439608812
,,,44,,,,,,,,,,,,,,,,,,,,,,,,,,,,,147759,0.0008721414487808943
,,,44,,,,,,,,,,,,,,,,,,,,,,,,,,,,,147769,0.19258005917072296
,,,44,,,,,,,,,,,,,,,,,,,,,,,,,,,,,147779,0.0013860120670869946
,,,44,,,,,,,,,,,,,,,,,,,,,,,,,,,,,147789,0.001763654057867825
,,,44,,,,,,,,,,,,,,,,,,,,,,,,,,,,,147799,0.0014462172985076904
,,,44,,,,,,,,,,,,,,,,,,,,,,,,,,,,,147809,0.005302552133798599
,,,44,,,,,,,,,,,,,,,,,,,,,,,,,,,,,147819,0.003835683921352029
,,,44,,,,,,,,,,,,,,,,,,,,,,,,,,,,,147829,0.002142922254279256
,,,44,,,,,,,,,,,,,,,,,,,,,,,,,,,,,147839,0.003814737545326352
,,,44,,,,,,,,,,,,,,,,,,,,,,,,,,,,,147849,0.0011787356343120337
,,,44,,,,,,,,,,,,,,,,,,,,,,,,,,,,,147859,0.002141708740964532
,,,44,,,,,,,,,,,,,,,,,,,,,,,,,,,,,147869,0.0013750429498031735
,,,44,,,,,,,,,,,,,,,,,,,,,,,,,,,,,147879,0.00288548250682652
,,,44,,,,,,,,,,,,,,,,,,,,,,,,,,,,,147889,0.02331274189054966
,,,44,,,,,,,,,,,,,,,,,,,,,,,,,,,,,147899,0.0013457393506541848
,,,44,,,,,,,,,,,,,,,,,,,,,,,,,,,,,147909,0.0020399645436555147
,,,44,,,,,,,,,,,,,,,,,,,,,,,,,,,,,147919,0.8961878418922424
,,,44,,,,,,,,,,,,,,,,,,,,,,,,,,,,,147929,0.5225999355316162
,,,44,,,,,,,,,,,,,,,,,,,,,,,,,,,,,147939,0.0007124753319658339
,,,44,,,,,,,,,,,,,,,,,,,,,,,,,,,,,147949,0.0014317728346213698
,,,44,,,,,,,,,,,,,,,,,,,,,,,,,,,,,147959,0.003449440700933337
,,,44,,,,,,,,,,,,,,,,,,,,,,,,,,,,,147969,0.0018261687364429235
,,,44,,,,,,,,,,,,,,,,,,,,,,,,,,,,,147979,0.07046128064393997
,,,44,,,,,,,,,,,,,,,,,,,,,,,,,,,,,147989,0.0011219523148611188
,,,44,,,,,,,,,,,,,,,,,,,,,,,,,,,,,147999,0.0007912255823612213
,,,44,,,,,,,,,,,,,,,,,,,,,,,,,,,,,148009,0.0030451035127043724
,,,44,,,,,,,,,,,,,,,,,,,,,,,,,,,,,148019,0.0009066986385732889
,,,44,,,,,,,,,,,,,,,,,,,,,,,,,,,,,148029,0.0019367290660738945
,,,44,,,,,,,,,,,,,,,,,,,,,,,,,,,,,148039,0.0012783899437636137
,,,44,,,,,,,,,,,,,,,,,,,,,,,,,,,,,148049,0.001357166562229395
,,,44,,,,,,,,,,,,,,,,,,,,,,,,,,,,,148059,0.006215485278517008
,,,44,,,,,,,,,,,,,,,,,,,,,,,,,,,,,148069,0.10069087892770767
,,,44,,,,,,,,,,,,,,,,,,,,,,,,,,,,,148079,0.0037787719629704952
,,,44,,,,,,,,,,,,,,,,,,,,,,,,,,,,,148089,0.008341509848833084
,,,44,,,,,,,,,,,,,,,,,,,,,,,,,,,,,148099,0.0013765384210273623
,,,44,,,,,,,,,,,,,,,,,,,,,,,,,,,,,148109,0.03496745228767395
,,,44,,,,,,,,,,,,,,,,,,,,,,,,,,,,,148119,0.19999772310256958
,,,44,,,,,,,,,,,,,,,,,,,,,,,,,,,,,148129,0.0007823438500054181
,,,44,,,,,,,,,,,,,,,,,,,,,,,,,,,,,148139,0.0006402370054274797
,,,44,,,,,,,,,,,,,,,,,,,,,,,,,,,,,148149,0.05038361996412277
,,,44,,,,,,,,,,,,,,,,,,,,,,,,,,,,,148159,0.3383730947971344
,,,44,,,,,,,,,,,,,,,,,,,,,,,,,,,,,148169,0.0013066163519397378
,,,44,,,,,,,,,,,,,,,,,,,,,,,,,,,,,148179,0.002063216408714652
,,,44,,,,,,,,,,,,,,,,,,,,,,,,,,,,,148189,0.0014805191894993186
,,,44,,,,,,,,,,,,,,,,,,,,,,,,,,,,,148199,0.001774814911186695
,,,44,,,,,,,,,,,,,,,,,,,,,,,,,,,,,148209,0.15755504369735718
,,,44,,,,,,,,,,,,,,,,,,,,,,,,,,,,,148219,0.25400784611701965
,,,44,,,,,,,,,,,,,,,,,,,,,,,,,,,,,148229,0.0011672087712213397
,,,44,,,,,,,,,,,,,,,,,,,,,,,,,,,,,148239,0.0012464375467970967
,,,44,,,,,,,,,,,,,,,,,,,,,,,,,,,,,148249,0.0008989257621578872
,,,44,,,,,,,,,,,,,,,,,,,,,,,,,,,,,148259,0.02226976864039898
,,,44,,,,,,,,,,,,,,,,,,,,,,,,,,,,,148269,0.006618835963308811
,,,44,,,,,,,,,,,,,,,,,,,,,,,,,,,,,148279,0.001459909020923078
,,,44,,,,,,,,,,,,,,,,,,,,,,,,,,,,,148289,0.7423400282859802
,,,44,,,,,,,,,,,,,,,,,,,,,,,,,,,,,148299,0.0011925927828997374
,,,44,,,,,,,,,,,,,,,,,,,,,,,,,,,,,148309,0.001757273101247847
,,,44,,,,,,,,,,,,,,,,,,,,,,,,,,,,,148319,0.0032945529092103243
,,,44,,,,,,,,,,,,,,,,,,,,,,,,,,,,,148329,0.004673851188272238
,,,44,,,,,,,,,,,,,,,,,,,,,,,,,,,,,148339,0.5008034706115723
,,,44,,,,,,,,,,,,,,,,,,,,,,,,,,,,,148349,0.0027182914782315493
,,,44,,,,,,,,,,,,,,,,,,,,,,,,,,,,,148359,0.0009526973590254784
,,,44,,,,,,,,,,,,,,,,,,,,,,,,,,,,,148369,0.0012648311676457524
,,,44,,,,,,,,,,,,,,,,,,,,,,,,,,,,,148379,0.0019193763146176934
,,,44,,,,,,,,,,,,,,,,,,,,,,,,,,,,,148389,0.001528326771222055
,,,44,,,,,,,,,,,,,,,,,,,,,,,,,,,,,148399,0.001576172304339707
,,,44,,,,,,,,,,,,,,,,,,,,,,,,,,,,,148409,0.3737431764602661
,,,44,,,,,,,,,,,,,,,,,,,,,,,,,,,,,148419,0.0008259504102170467
,,,44,,,,,,,,,,,,,,,,,,,,,,,,,,,,,148429,0.0013071298599243164
,,,44,,,,,,,,,,,,,,,,,,,,,,,,,,,,,148439,0.0021762209944427013
,,,44,,,,,,,,,,,,,,,,,,,,,,,,,,,,,148449,0.00963700469583273
,,,44,,,,,,,,,,,,,,,,,,,,,,,,,,,,,148459,0.0009407838806509972
,,,44,,,,,,,,,,,,,,,,,,,,,,,,,,,,,148469,0.0023036422207951546
,,,44,,,,,,,,,,,,,,,,,,,,,,,,,,,,,148479,0.0025772524531930685
,,,44,,,,,,,,,,,,,,,,,,,,,,,,,,,,,148489,0.00046516003203578293
,,,44,,,,,,,,,,,,,,,,,,,,,,,,,,,,,148499,0.0017699244199320674
,,,44,,,,,,,,,,,,,,,,,,,,,,,,,,,,,148509,0.0029347024392336607
,,,44,,,,,,,,,,,,,,,,,,,,,,,,,,,,,148519,0.002845313400030136
,,,44,,,,,,,,,,,,,,,,,,,,,,,,,,,,,148529,0.003822105238214135
,,,44,,,,,,,,,,,,,,,,,,,,,,,,,,,,,148539,0.0014971790369600058
,,,44,,,,,,,,,,,,,,,,,,,,,,,,,,,,,148549,0.14932140707969666
,,,44,,,,,,,,,,,,,,,,,,,,,,,,,,,,,148559,0.0010001769987866282
,,,44,,,,,,,,,,,,,,,,,,,,,,,,,,,,,148569,0.0037845904007554054
,,,44,,,,,,,,,,,,,,,,,,,,,,,,,,,,,148579,0.0010195879731327295
,,,44,,,,,,,,,,,,,,,,,,,,,,,,,,,,,148589,0.0012175256852060556
,,,44,,,,,,,,,,,,,,,,,,,,,,,,,,,,,148599,0.0013634198112413287
,,,44,,,,,,,,,,,,,,,,,,,,,,,,,,,,,148609,0.001318671042099595
,,,44,,,,,,,,,,,,,,,,,,,,,,,,,,,,,148619,0.029774891212582588
,,,44,,,,,,,,,,,,,,,,,,,,,,,,,,,,,148629,0.0017491441685706377
,,,44,,,,,,,,,,,,,,,,,,,,,,,,,,,,,148639,0.0009743230766616762
,,,44,,,,,,,,,,,,,,,,,,,,,,,,,,,,,148649,0.4944645166397095
,,,44,,,,,,,,,,,,,,,,,,,,,,,,,,,,,148659,0.0010315105319023132
,,,44,,,,,,,,,,,,,,,,,,,,,,,,,,,,,148669,0.005225573666393757
,,,44,,,,,,,,,,,,,,,,,,,,,,,,,,,,,148679,0.0050857188180089
,,,44,,,,,,,,,,,,,,,,,,,,,,,,,,,,,148689,0.0017829617718234658
,,,44,,,,,,,,,,,,,,,,,,,,,,,,,,,,,148699,0.0013050097040832043
,,,44,,,,,,,,,,,,,,,,,,,,,,,,,,,,,148709,0.0016894361469894648
,,,44,,,,,,,,,,,,,,,,,,,,,,,,,,,,,148719,0.016923991963267326
,,,44,,,,,,,,,,,,,,,,,,,,,,,,,,,,,148729,0.0010752910748124123
,,,44,,,,,,,,,,,,,,,,,,,,,,,,,,,,,148739,0.005457066465169191
,,,44,,,,,,,,,,,,,,,,,,,,,,,,,,,,,148749,0.0007079572533257306
,,,44,,,,,,,,,,,,,,,,,,,,,,,,,,,,,148759,0.0007652548956684768
,,,44,,,,,,,,,,,,,,,,,,,,,,,,,,,,,148769,0.0010461079655215144
,,,44,,,,,,,,,,,,,,,,,,,,,,,,,,,,,148779,0.052223339676856995
,,,44,,,,,,,,,,,,,,,,,,,,,,,,,,,,,148789,0.004852762445807457
,,,44,,,,,,,,,,,,,,,,,,,,,,,,,,,,,148799,0.001066544558852911
,,,44,,,,,,,,,,,,,,,,,,,,,,,,,,,,,148809,0.17625877261161804
,,,44,,,,,,,,,,,,,,,,,,,,,,,,,,,,,148819,0.0012654002057388425
,,,44,,,,,,,,,,,,,,,,,,,,,,,,,,,,,148829,0.0013945758109912276
,,,44,,,,,,,,,,,,,,,,,,,,,,,,,,,,,148839,0.0019198345253244042
,,,44,,,,,,,,,,,,,,,,,,,,,,,,,,,,,148849,0.00167284463532269
,,,44,,,,,,,,,,,,,,,,,,,,,,,,,,,,,148859,0.001469473005272448
,,,44,,,,,,,,,,,,,,,,,,,,,,,,,,,,,148869,0.001184268738143146
,,,44,,,,,,,,,,,,,,,,,,,,,,,,,,,,,148879,0.004823409952223301
,,,44,,,,,,,,,,,,,,,,,,,,,,,,,,,,,148889,0.07841768115758896
,,,44,,,,,,,,,,,,,,,,,,,,,,,,,,,,,148899,0.0034044627100229263
,,,44,,,,,,,,,,,,,,,,,,,,,,,,,,,,,148909,0.0010201683035120368
,,,44,,,,,,,,,,,,,,,,,,,,,,,,,,,,,148919,0.0015624117804691195
,,,44,,,,,,,,,,,,,,,,,,,,,,,,,,,,,148929,0.14990675449371338
,,,44,,,,,,,,,,,,,,,,,,,,,,,,,,,,,148939,0.001081931870430708
,,,44,,,,,,,,,,,,,,,,,,,,,,,,,,,,,148949,0.014487260021269321
0.8908212780952454,0.8899613618850708,0.8916828036308289,44,,,,,,,,,,,,,,,,,,,,,,,,,,,,,148950,
,,,,1.7151445977095338e-08,9.60831678279911e-08,1.4782025819690937e-07,1.4782025819690937e-07,2.2741578184139902e-07,2.2741578184139902e-07,3.498704336021523e-07,3.498704336021523e-07,5.382622055417728e-07,5.382622055417728e-07,8.280957008334965e-07,1.7151445977095338e-08,8.280957008334965e-07,1.2739933858976868e-06,1.2739933858976868e-06,1.95998982445798e-06,1.95998982445798e-06,3.0153689607045845e-06,3.0153689607045845e-06,3.0153689607045845e-06,3.0153689607045845e-06,2.6386839964762055e-08,2.6386839964762055e-08,4.059513840732624e-08,4.059513840732624e-08,6.245405908819421e-08,6.245405908819421e-08,9.60831678279911e-08,148951,
,,,45,,,,,,,,,,,,,,,,,,,,,,,,,,,,,148959,0.3797358572483063
,,,45,,,,,,,,,,,,,,,,,,,,,,,,,,,,,148969,0.0007379871676675975
,,,45,,,,,,,,,,,,,,,,,,,,,,,,,,,,,148979,0.0023449708241969347
,,,45,,,,,,,,,,,,,,,,,,,,,,,,,,,,,148989,0.0024324962869286537
,,,45,,,,,,,,,,,,,,,,,,,,,,,,,,,,,148999,0.0013705248711630702
,,,45,,,,,,,,,,,,,,,,,,,,,,,,,,,,,149009,0.00815956573933363
,,,45,,,,,,,,,,,,,,,,,,,,,,,,,,,,,149019,0.0034041295293718576
,,,45,,,,,,,,,,,,,,,,,,,,,,,,,,,,,149029,0.0020170072093605995
,,,45,,,,,,,,,,,,,,,,,,,,,,,,,,,,,149039,0.004095284268260002
,,,45,,,,,,,,,,,,,,,,,,,,,,,,,,,,,149049,0.044351138174533844
,,,45,,,,,,,,,,,,,,,,,,,,,,,,,,,,,149059,0.0008691779221408069
,,,45,,,,,,,,,,,,,,,,,,,,,,,,,,,,,149069,0.007099408656358719
,,,45,,,,,,,,,,,,,,,,,,,,,,,,,,,,,149079,0.0030220523476600647
,,,45,,,,,,,,,,,,,,,,,,,,,,,,,,,,,149089,0.0020069365855306387
,,,45,,,,,,,,,,,,,,,,,,,,,,,,,,,,,149099,0.0009035986149683595
,,,45,,,,,,,,,,,,,,,,,,,,,,,,,,,,,149109,0.4461480677127838
,,,45,,,,,,,,,,,,,,,,,,,,,,,,,,,,,149119,0.0008800920331850648
,,,45,,,,,,,,,,,,,,,,,,,,,,,,,,,,,149129,0.18941690027713776
,,,45,,,,,,,,,,,,,,,,,,,,,,,,,,,,,149139,0.0018818322569131851
,,,45,,,,,,,,,,,,,,,,,,,,,,,,,,,,,149149,0.0013640683609992266
,,,45,,,,,,,,,,,,,,,,,,,,,,,,,,,,,149159,0.010323328897356987
,,,45,,,,,,,,,,,,,,,,,,,,,,,,,,,,,149169,0.001708576106466353
,,,45,,,,,,,,,,,,,,,,,,,,,,,,,,,,,149179,0.0014733016723766923
,,,45,,,,,,,,,,,,,,,,,,,,,,,,,,,,,149189,0.0009795393561944366
,,,45,,,,,,,,,,,,,,,,,,,,,,,,,,,,,149199,0.4184945821762085
,,,45,,,,,,,,,,,,,,,,,,,,,,,,,,,,,149209,0.0015631295973435044
,,,45,,,,,,,,,,,,,,,,,,,,,,,,,,,,,149219,0.005202215164899826
,,,45,,,,,,,,,,,,,,,,,,,,,,,,,,,,,149229,0.08775840699672699
,,,45,,,,,,,,,,,,,,,,,,,,,,,,,,,,,149239,0.0043126726523041725
,,,45,,,,,,,,,,,,,,,,,,,,,,,,,,,,,149249,0.0012398548424243927
,,,45,,,,,,,,,,,,,,,,,,,,,,,,,,,,,149259,0.0006011954392306507
,,,45,,,,,,,,,,,,,,,,,,,,,,,,,,,,,149269,0.003239385085180402
,,,45,,,,,,,,,,,,,,,,,,,,,,,,,,,,,149279,0.0011147945187985897
,,,45,,,,,,,,,,,,,,,,,,,,,,,,,,,,,149289,0.11768403649330139
,,,45,,,,,,,,,,,,,,,,,,,,,,,,,,,,,149299,0.0016202789265662432
,,,45,,,,,,,,,,,,,,,,,,,,,,,,,,,,,149309,0.025430215522646904
,,,45,,,,,,,,,,,,,,,,,,,,,,,,,,,,,149319,0.00042194113484583795
,,,45,,,,,,,,,,,,,,,,,,,,,,,,,,,,,149329,0.0021862685680389404
,,,45,,,,,,,,,,,,,,,,,,,,,,,,,,,,,149339,0.15287522971630096
,,,45,,,,,,,,,,,,,,,,,,,,,,,,,,,,,149349,0.0018046739278361201
,,,45,,,,,,,,,,,,,,,,,,,,,,,,,,,,,149359,0.003016236936673522
,,,45,,,,,,,,,,,,,,,,,,,,,,,,,,,,,149369,0.0010939091444015503
,,,45,,,,,,,,,,,,,,,,,,,,,,,,,,,,,149379,0.005650421138852835
,,,45,,,,,,,,,,,,,,,,,,,,,,,,,,,,,149389,0.0013828577939420938
,,,45,,,,,,,,,,,,,,,,,,,,,,,,,,,,,149399,0.001472421339713037
,,,45,,,,,,,,,,,,,,,,,,,,,,,,,,,,,149409,0.005909252911806107
,,,45,,,,,,,,,,,,,,,,,,,,,,,,,,,,,149419,0.0009749181917868555
,,,45,,,,,,,,,,,,,,,,,,,,,,,,,,,,,149429,0.001598356873728335
,,,45,,,,,,,,,,,,,,,,,,,,,,,,,,,,,149439,0.0010901149362325668
,,,45,,,,,,,,,,,,,,,,,,,,,,,,,,,,,149449,0.0024734060280025005
,,,45,,,,,,,,,,,,,,,,,,,,,,,,,,,,,149459,0.0025435390416532755
,,,45,,,,,,,,,,,,,,,,,,,,,,,,,,,,,149469,0.02834763377904892
,,,45,,,,,,,,,,,,,,,,,,,,,,,,,,,,,149479,0.02233567275106907
,,,45,,,,,,,,,,,,,,,,,,,,,,,,,,,,,149489,0.002020720625296235
,,,45,,,,,,,,,,,,,,,,,,,,,,,,,,,,,149499,0.24916411936283112
,,,45,,,,,,,,,,,,,,,,,,,,,,,,,,,,,149509,0.0012018965790048242
,,,45,,,,,,,,,,,,,,,,,,,,,,,,,,,,,149519,0.0012453646631911397
,,,45,,,,,,,,,,,,,,,,,,,,,,,,,,,,,149529,0.0021995073184370995
,,,45,,,,,,,,,,,,,,,,,,,,,,,,,,,,,149539,0.0023249161895364523
,,,45,,,,,,,,,,,,,,,,,,,,,,,,,,,,,149549,0.0013058420736342669
,,,45,,,,,,,,,,,,,,,,,,,,,,,,,,,,,149559,0.07192923128604889
,,,45,,,,,,,,,,,,,,,,,,,,,,,,,,,,,149569,0.07141460478305817
,,,45,,,,,,,,,,,,,,,,,,,,,,,,,,,,,149579,0.0016983520472422242
,,,45,,,,,,,,,,,,,,,,,,,,,,,,,,,,,149589,0.002864173147827387
,,,45,,,,,,,,,,,,,,,,,,,,,,,,,,,,,149599,0.001997336745262146
,,,45,,,,,,,,,,,,,,,,,,,,,,,,,,,,,149609,0.003216323908418417
,,,45,,,,,,,,,,,,,,,,,,,,,,,,,,,,,149619,0.02064165472984314
,,,45,,,,,,,,,,,,,,,,,,,,,,,,,,,,,149629,0.001962358132004738
,,,45,,,,,,,,,,,,,,,,,,,,,,,,,,,,,149639,0.003564886748790741
,,,45,,,,,,,,,,,,,,,,,,,,,,,,,,,,,149649,0.001441751723177731
,,,45,,,,,,,,,,,,,,,,,,,,,,,,,,,,,149659,0.0009480121079832315
,,,45,,,,,,,,,,,,,,,,,,,,,,,,,,,,,149669,0.0030427256133407354
,,,45,,,,,,,,,,,,,,,,,,,,,,,,,,,,,149679,0.003117840737104416
,,,45,,,,,,,,,,,,,,,,,,,,,,,,,,,,,149689,0.0022882495541125536
,,,45,,,,,,,,,,,,,,,,,,,,,,,,,,,,,149699,0.0029790708795189857
,,,45,,,,,,,,,,,,,,,,,,,,,,,,,,,,,149709,0.0015614521689713001
,,,45,,,,,,,,,,,,,,,,,,,,,,,,,,,,,149719,0.001856632879935205
,,,45,,,,,,,,,,,,,,,,,,,,,,,,,,,,,149729,0.33242422342300415
,,,45,,,,,,,,,,,,,,,,,,,,,,,,,,,,,149739,0.01141983363777399
,,,45,,,,,,,,,,,,,,,,,,,,,,,,,,,,,149749,0.06963393092155457
,,,45,,,,,,,,,,,,,,,,,,,,,,,,,,,,,149759,0.0014511585468426347
,,,45,,,,,,,,,,,,,,,,,,,,,,,,,,,,,149769,0.001186547102406621
,,,45,,,,,,,,,,,,,,,,,,,,,,,,,,,,,149779,0.0034675702918320894
,,,45,,,,,,,,,,,,,,,,,,,,,,,,,,,,,149789,0.004021618980914354
,,,45,,,,,,,,,,,,,,,,,,,,,,,,,,,,,149799,0.0022776180412620306
,,,45,,,,,,,,,,,,,,,,,,,,,,,,,,,,,149809,0.001096445368602872
,,,45,,,,,,,,,,,,,,,,,,,,,,,,,,,,,149819,0.12072634696960449
,,,45,,,,,,,,,,,,,,,,,,,,,,,,,,,,,149829,0.0038871990982443094
,,,45,,,,,,,,,,,,,,,,,,,,,,,,,,,,,149839,0.0016123477835208178
,,,45,,,,,,,,,,,,,,,,,,,,,,,,,,,,,149849,0.0018535330891609192
,,,45,,,,,,,,,,,,,,,,,,,,,,,,,,,,,149859,0.001546194078400731
,,,45,,,,,,,,,,,,,,,,,,,,,,,,,,,,,149869,0.0013954052701592445
,,,45,,,,,,,,,,,,,,,,,,,,,,,,,,,,,149879,0.0015688729472458363
,,,45,,,,,,,,,,,,,,,,,,,,,,,,,,,,,149889,0.002141491277143359
,,,45,,,,,,,,,,,,,,,,,,,,,,,,,,,,,149899,0.769628643989563
,,,45,,,,,,,,,,,,,,,,,,,,,,,,,,,,,149909,0.0010784883052110672
,,,45,,,,,,,,,,,,,,,,,,,,,,,,,,,,,149919,0.029410306364297867
,,,45,,,,,,,,,,,,,,,,,,,,,,,,,,,,,149929,0.020590046420693398
,,,45,,,,,,,,,,,,,,,,,,,,,,,,,,,,,149939,0.002269088989123702
,,,45,,,,,,,,,,,,,,,,,,,,,,,,,,,,,149949,0.029353206977248192
,,,45,,,,,,,,,,,,,,,,,,,,,,,,,,,,,149959,0.0028403366450220346
,,,45,,,,,,,,,,,,,,,,,,,,,,,,,,,,,149969,0.005823248531669378
,,,45,,,,,,,,,,,,,,,,,,,,,,,,,,,,,149979,0.0020932205952703953
,,,45,,,,,,,,,,,,,,,,,,,,,,,,,,,,,149989,0.0019282769644632936
,,,45,,,,,,,,,,,,,,,,,,,,,,,,,,,,,149999,0.0029061997774988413
,,,45,,,,,,,,,,,,,,,,,,,,,,,,,,,,,150009,0.0023859457578510046
,,,45,,,,,,,,,,,,,,,,,,,,,,,,,,,,,150019,0.0008979219128377736
,,,45,,,,,,,,,,,,,,,,,,,,,,,,,,,,,150029,0.0019280206179246306
,,,45,,,,,,,,,,,,,,,,,,,,,,,,,,,,,150039,0.0006977010052651167
,,,45,,,,,,,,,,,,,,,,,,,,,,,,,,,,,150049,0.0016217263182625175
,,,45,,,,,,,,,,,,,,,,,,,,,,,,,,,,,150059,0.019113585352897644
,,,45,,,,,,,,,,,,,,,,,,,,,,,,,,,,,150069,0.0017263231566175818
,,,45,,,,,,,,,,,,,,,,,,,,,,,,,,,,,150079,0.003797154873609543
,,,45,,,,,,,,,,,,,,,,,,,,,,,,,,,,,150089,0.000926270498894155
,,,45,,,,,,,,,,,,,,,,,,,,,,,,,,,,,150099,0.000726582482457161
,,,45,,,,,,,,,,,,,,,,,,,,,,,,,,,,,150109,0.002260456793010235
,,,45,,,,,,,,,,,,,,,,,,,,,,,,,,,,,150119,0.0011711368570104241
,,,45,,,,,,,,,,,,,,,,,,,,,,,,,,,,,150129,0.0023612503428012133
,,,45,,,,,,,,,,,,,,,,,,,,,,,,,,,,,150139,0.005135578103363514
,,,45,,,,,,,,,,,,,,,,,,,,,,,,,,,,,150149,0.003186281304806471
,,,45,,,,,,,,,,,,,,,,,,,,,,,,,,,,,150159,0.0023098669480532408
,,,45,,,,,,,,,,,,,,,,,,,,,,,,,,,,,150169,0.0029623282607644796
,,,45,,,,,,,,,,,,,,,,,,,,,,,,,,,,,150179,0.001996032427996397
,,,45,,,,,,,,,,,,,,,,,,,,,,,,,,,,,150189,0.016438759863376617
,,,45,,,,,,,,,,,,,,,,,,,,,,,,,,,,,150199,0.0020754544530063868
,,,45,,,,,,,,,,,,,,,,,,,,,,,,,,,,,150209,0.0019905257504433393
,,,45,,,,,,,,,,,,,,,,,,,,,,,,,,,,,150219,0.0009923726320266724
,,,45,,,,,,,,,,,,,,,,,,,,,,,,,,,,,150229,0.0013941180659458041
,,,45,,,,,,,,,,,,,,,,,,,,,,,,,,,,,150239,0.004583222325891256
,,,45,,,,,,,,,,,,,,,,,,,,,,,,,,,,,150249,0.16360382735729218
,,,45,,,,,,,,,,,,,,,,,,,,,,,,,,,,,150259,0.0033175800926983356
,,,45,,,,,,,,,,,,,,,,,,,,,,,,,,,,,150269,0.033826861530542374
,,,45,,,,,,,,,,,,,,,,,,,,,,,,,,,,,150279,0.0014780873898416758
,,,45,,,,,,,,,,,,,,,,,,,,,,,,,,,,,150289,0.0016053065191954374
,,,45,,,,,,,,,,,,,,,,,,,,,,,,,,,,,150299,0.0008273959974758327
,,,45,,,,,,,,,,,,,,,,,,,,,,,,,,,,,150309,0.0007049589767120779
,,,45,,,,,,,,,,,,,,,,,,,,,,,,,,,,,150319,0.004261587746441364
,,,45,,,,,,,,,,,,,,,,,,,,,,,,,,,,,150329,0.03240339457988739
,,,45,,,,,,,,,,,,,,,,,,,,,,,,,,,,,150339,0.0010161689715459943
,,,45,,,,,,,,,,,,,,,,,,,,,,,,,,,,,150349,0.0028178219217807055
,,,45,,,,,,,,,,,,,,,,,,,,,,,,,,,,,150359,0.0015693290624767542
,,,45,,,,,,,,,,,,,,,,,,,,,,,,,,,,,150369,0.0018316286150366068
,,,45,,,,,,,,,,,,,,,,,,,,,,,,,,,,,150379,0.002414839342236519
,,,45,,,,,,,,,,,,,,,,,,,,,,,,,,,,,150389,0.0010517964838072658
,,,45,,,,,,,,,,,,,,,,,,,,,,,,,,,,,150399,0.002532650250941515
,,,45,,,,,,,,,,,,,,,,,,,,,,,,,,,,,150409,0.0256145428866148
,,,45,,,,,,,,,,,,,,,,,,,,,,,,,,,,,150419,0.0047912304289639
,,,45,,,,,,,,,,,,,,,,,,,,,,,,,,,,,150429,0.049700792878866196
,,,45,,,,,,,,,,,,,,,,,,,,,,,,,,,,,150439,0.0008980288985185325
,,,45,,,,,,,,,,,,,,,,,,,,,,,,,,,,,150449,0.0020807688124477863
,,,45,,,,,,,,,,,,,,,,,,,,,,,,,,,,,150459,0.0022038074675947428
,,,45,,,,,,,,,,,,,,,,,,,,,,,,,,,,,150469,0.003123185131698847
,,,45,,,,,,,,,,,,,,,,,,,,,,,,,,,,,150479,0.0013243372086435556
,,,45,,,,,,,,,,,,,,,,,,,,,,,,,,,,,150489,0.012207544408738613
,,,45,,,,,,,,,,,,,,,,,,,,,,,,,,,,,150499,0.0010869695106521249
,,,45,,,,,,,,,,,,,,,,,,,,,,,,,,,,,150509,0.001393592800013721
,,,45,,,,,,,,,,,,,,,,,,,,,,,,,,,,,150519,0.0023310345131903887
,,,45,,,,,,,,,,,,,,,,,,,,,,,,,,,,,150529,0.000913353287614882
,,,45,,,,,,,,,,,,,,,,,,,,,,,,,,,,,150539,0.0011566103203222156
,,,45,,,,,,,,,,,,,,,,,,,,,,,,,,,,,150549,0.0010508836712688208
,,,45,,,,,,,,,,,,,,,,,,,,,,,,,,,,,150559,0.0019028842216357589
,,,45,,,,,,,,,,,,,,,,,,,,,,,,,,,,,150569,0.003490286646410823
,,,45,,,,,,,,,,,,,,,,,,,,,,,,,,,,,150579,0.0007031329441815615
,,,45,,,,,,,,,,,,,,,,,,,,,,,,,,,,,150589,0.010515791364014149
,,,45,,,,,,,,,,,,,,,,,,,,,,,,,,,,,150599,0.14759930968284607
,,,45,,,,,,,,,,,,,,,,,,,,,,,,,,,,,150609,0.0007265942404046655
,,,45,,,,,,,,,,,,,,,,,,,,,,,,,,,,,150619,0.10800367593765259
,,,45,,,,,,,,,,,,,,,,,,,,,,,,,,,,,150629,0.0011841168161481619
,,,45,,,,,,,,,,,,,,,,,,,,,,,,,,,,,150639,0.03308989852666855
,,,45,,,,,,,,,,,,,,,,,,,,,,,,,,,,,150649,0.4643513262271881
,,,45,,,,,,,,,,,,,,,,,,,,,,,,,,,,,150659,0.0009920863667503
,,,45,,,,,,,,,,,,,,,,,,,,,,,,,,,,,150669,0.0015132194384932518
,,,45,,,,,,,,,,,,,,,,,,,,,,,,,,,,,150679,0.0015051796799525619
,,,45,,,,,,,,,,,,,,,,,,,,,,,,,,,,,150689,0.002856246428564191
,,,45,,,,,,,,,,,,,,,,,,,,,,,,,,,,,150699,0.0016878265887498856
,,,45,,,,,,,,,,,,,,,,,,,,,,,,,,,,,150709,0.0006415933603420854
,,,45,,,,,,,,,,,,,,,,,,,,,,,,,,,,,150719,0.002512917621061206
,,,45,,,,,,,,,,,,,,,,,,,,,,,,,,,,,150729,0.02465425804257393
,,,45,,,,,,,,,,,,,,,,,,,,,,,,,,,,,150739,0.0015180654590949416
,,,45,,,,,,,,,,,,,,,,,,,,,,,,,,,,,150749,0.1005154401063919
,,,45,,,,,,,,,,,,,,,,,,,,,,,,,,,,,150759,0.002625561086460948
,,,45,,,,,,,,,,,,,,,,,,,,,,,,,,,,,150769,0.003715796861797571
,,,45,,,,,,,,,,,,,,,,,,,,,,,,,,,,,150779,0.0018242341466248035
,,,45,,,,,,,,,,,,,,,,,,,,,,,,,,,,,150789,0.017397653311491013
,,,45,,,,,,,,,,,,,,,,,,,,,,,,,,,,,150799,0.001862302771769464
,,,45,,,,,,,,,,,,,,,,,,,,,,,,,,,,,150809,0.0032548594754189253
,,,45,,,,,,,,,,,,,,,,,,,,,,,,,,,,,150819,0.002451642882078886
,,,45,,,,,,,,,,,,,,,,,,,,,,,,,,,,,150829,0.0014671594835817814
,,,45,,,,,,,,,,,,,,,,,,,,,,,,,,,,,150839,0.1562904566526413
,,,45,,,,,,,,,,,,,,,,,,,,,,,,,,,,,150849,0.0015250032301992178
,,,45,,,,,,,,,,,,,,,,,,,,,,,,,,,,,150859,0.40521615743637085
,,,45,,,,,,,,,,,,,,,,,,,,,,,,,,,,,150869,0.021445972844958305
,,,45,,,,,,,,,,,,,,,,,,,,,,,,,,,,,150879,0.0007687856559641659
,,,45,,,,,,,,,,,,,,,,,,,,,,,,,,,,,150889,0.0006324972491711378
,,,45,,,,,,,,,,,,,,,,,,,,,,,,,,,,,150899,0.0015036494005471468
,,,45,,,,,,,,,,,,,,,,,,,,,,,,,,,,,150909,0.0017485636053606868
,,,45,,,,,,,,,,,,,,,,,,,,,,,,,,,,,150919,0.001017850823700428
,,,45,,,,,,,,,,,,,,,,,,,,,,,,,,,,,150929,0.0014754742151126266
,,,45,,,,,,,,,,,,,,,,,,,,,,,,,,,,,150939,0.011082089506089687
,,,45,,,,,,,,,,,,,,,,,,,,,,,,,,,,,150949,0.0008276286534965038
,,,45,,,,,,,,,,,,,,,,,,,,,,,,,,,,,150959,0.0018081334419548512
,,,45,,,,,,,,,,,,,,,,,,,,,,,,,,,,,150969,0.0034215403720736504
,,,45,,,,,,,,,,,,,,,,,,,,,,,,,,,,,150979,0.0025406163185834885
,,,45,,,,,,,,,,,,,,,,,,,,,,,,,,,,,150989,0.0016576837515458465
,,,45,,,,,,,,,,,,,,,,,,,,,,,,,,,,,150999,0.16679807007312775
,,,45,,,,,,,,,,,,,,,,,,,,,,,,,,,,,151009,0.0011095370864495635
,,,45,,,,,,,,,,,,,,,,,,,,,,,,,,,,,151019,0.0045120143331587315
,,,45,,,,,,,,,,,,,,,,,,,,,,,,,,,,,151029,0.002286440460011363
,,,45,,,,,,,,,,,,,,,,,,,,,,,,,,,,,151039,0.0014967157039791346
,,,45,,,,,,,,,,,,,,,,,,,,,,,,,,,,,151049,0.0009340515243820846
,,,45,,,,,,,,,,,,,,,,,,,,,,,,,,,,,151059,0.0008623924222774804
,,,45,,,,,,,,,,,,,,,,,,,,,,,,,,,,,151069,0.0011043278500437737
,,,45,,,,,,,,,,,,,,,,,,,,,,,,,,,,,151079,0.0021195823792368174
,,,45,,,,,,,,,,,,,,,,,,,,,,,,,,,,,151089,0.0012065544724464417
,,,45,,,,,,,,,,,,,,,,,,,,,,,,,,,,,151099,0.0008356154430657625
,,,45,,,,,,,,,,,,,,,,,,,,,,,,,,,,,151109,0.0019663837738335133
,,,45,,,,,,,,,,,,,,,,,,,,,,,,,,,,,151119,0.22337418794631958
,,,45,,,,,,,,,,,,,,,,,,,,,,,,,,,,,151129,0.2488628476858139
,,,45,,,,,,,,,,,,,,,,,,,,,,,,,,,,,151139,0.0012939069420099258
,,,45,,,,,,,,,,,,,,,,,,,,,,,,,,,,,151149,0.023146698251366615
,,,45,,,,,,,,,,,,,,,,,,,,,,,,,,,,,151159,0.1413038820028305
,,,45,,,,,,,,,,,,,,,,,,,,,,,,,,,,,151169,0.009685481898486614
,,,45,,,,,,,,,,,,,,,,,,,,,,,,,,,,,151179,0.002048127120360732
,,,45,,,,,,,,,,,,,,,,,,,,,,,,,,,,,151189,0.016634078696370125
,,,45,,,,,,,,,,,,,,,,,,,,,,,,,,,,,151199,0.010737228207290173
,,,45,,,,,,,,,,,,,,,,,,,,,,,,,,,,,151209,0.0029278844594955444
,,,45,,,,,,,,,,,,,,,,,,,,,,,,,,,,,151219,0.3958170711994171
,,,45,,,,,,,,,,,,,,,,,,,,,,,,,,,,,151229,0.0074819219298660755
,,,45,,,,,,,,,,,,,,,,,,,,,,,,,,,,,151239,0.0024694642052054405
,,,45,,,,,,,,,,,,,,,,,,,,,,,,,,,,,151249,0.002134101465344429
,,,45,,,,,,,,,,,,,,,,,,,,,,,,,,,,,151259,0.002254379680380225
,,,45,,,,,,,,,,,,,,,,,,,,,,,,,,,,,151269,0.03303968533873558
,,,45,,,,,,,,,,,,,,,,,,,,,,,,,,,,,151279,0.11788269877433777
,,,45,,,,,,,,,,,,,,,,,,,,,,,,,,,,,151289,0.0007330749067477882
,,,45,,,,,,,,,,,,,,,,,,,,,,,,,,,,,151299,0.0009058384457603097
,,,45,,,,,,,,,,,,,,,,,,,,,,,,,,,,,151309,0.011143865063786507
,,,45,,,,,,,,,,,,,,,,,,,,,,,,,,,,,151319,0.0009796371450647712
,,,45,,,,,,,,,,,,,,,,,,,,,,,,,,,,,151329,0.0030755873303860426
,,,45,,,,,,,,,,,,,,,,,,,,,,,,,,,,,151339,0.0007711540092714131
,,,45,,,,,,,,,,,,,,,,,,,,,,,,,,,,,151349,0.35848331451416016
,,,45,,,,,,,,,,,,,,,,,,,,,,,,,,,,,151359,0.006078563630580902
,,,45,,,,,,,,,,,,,,,,,,,,,,,,,,,,,151369,0.8317631483078003
,,,45,,,,,,,,,,,,,,,,,,,,,,,,,,,,,151379,0.002050938317552209
,,,45,,,,,,,,,,,,,,,,,,,,,,,,,,,,,151389,0.0024682926014065742
,,,45,,,,,,,,,,,,,,,,,,,,,,,,,,,,,151399,0.0010468190303072333
,,,45,,,,,,,,,,,,,,,,,,,,,,,,,,,,,151409,0.0018194913864135742
,,,45,,,,,,,,,,,,,,,,,,,,,,,,,,,,,151419,0.0010561927920207381
,,,45,,,,,,,,,,,,,,,,,,,,,,,,,,,,,151429,0.001744560431689024
,,,45,,,,,,,,,,,,,,,,,,,,,,,,,,,,,151439,0.0004320033476687968
,,,45,,,,,,,,,,,,,,,,,,,,,,,,,,,,,151449,0.0048300726339221
,,,45,,,,,,,,,,,,,,,,,,,,,,,,,,,,,151459,0.0036739797797054052
,,,45,,,,,,,,,,,,,,,,,,,,,,,,,,,,,151469,0.00196181982755661
,,,45,,,,,,,,,,,,,,,,,,,,,,,,,,,,,151479,0.002036843914538622
,,,45,,,,,,,,,,,,,,,,,,,,,,,,,,,,,151489,0.003364452626556158
,,,45,,,,,,,,,,,,,,,,,,,,,,,,,,,,,151499,0.002755642868578434
,,,45,,,,,,,,,,,,,,,,,,,,,,,,,,,,,151509,0.0007668536272831261
,,,45,,,,,,,,,,,,,,,,,,,,,,,,,,,,,151519,0.0006703858380205929
,,,45,,,,,,,,,,,,,,,,,,,,,,,,,,,,,151529,0.000910213275346905
,,,45,,,,,,,,,,,,,,,,,,,,,,,,,,,,,151539,0.0009113281266763806
,,,45,,,,,,,,,,,,,,,,,,,,,,,,,,,,,151549,0.003232646733522415
,,,45,,,,,,,,,,,,,,,,,,,,,,,,,,,,,151559,0.00941890012472868
,,,45,,,,,,,,,,,,,,,,,,,,,,,,,,,,,151569,0.0013930248096585274
,,,45,,,,,,,,,,,,,,,,,,,,,,,,,,,,,151579,0.0007569205481559038
,,,45,,,,,,,,,,,,,,,,,,,,,,,,,,,,,151589,0.053511910140514374
,,,45,,,,,,,,,,,,,,,,,,,,,,,,,,,,,151599,0.004411512054502964
,,,45,,,,,,,,,,,,,,,,,,,,,,,,,,,,,151609,0.015495022758841515
,,,45,,,,,,,,,,,,,,,,,,,,,,,,,,,,,151619,0.006922238972038031
,,,45,,,,,,,,,,,,,,,,,,,,,,,,,,,,,151629,0.0010882688220590353
,,,45,,,,,,,,,,,,,,,,,,,,,,,,,,,,,151639,0.0017722577322274446
,,,45,,,,,,,,,,,,,,,,,,,,,,,,,,,,,151649,0.0024873181246221066
,,,45,,,,,,,,,,,,,,,,,,,,,,,,,,,,,151659,0.0019382493337616324
,,,45,,,,,,,,,,,,,,,,,,,,,,,,,,,,,151669,0.0021360511891543865
,,,45,,,,,,,,,,,,,,,,,,,,,,,,,,,,,151679,0.02026844583451748
,,,45,,,,,,,,,,,,,,,,,,,,,,,,,,,,,151689,0.002520329784601927
,,,45,,,,,,,,,,,,,,,,,,,,,,,,,,,,,151699,0.0019433628767728806
,,,45,,,,,,,,,,,,,,,,,,,,,,,,,,,,,151709,0.0007284310413524508
,,,45,,,,,,,,,,,,,,,,,,,,,,,,,,,,,151719,0.002752904314547777
,,,45,,,,,,,,,,,,,,,,,,,,,,,,,,,,,151729,0.002194681204855442
,,,45,,,,,,,,,,,,,,,,,,,,,,,,,,,,,151739,0.0004921667277812958
,,,45,,,,,,,,,,,,,,,,,,,,,,,,,,,,,151749,0.003256978699937463
,,,45,,,,,,,,,,,,,,,,,,,,,,,,,,,,,151759,0.0011051056208088994
,,,45,,,,,,,,,,,,,,,,,,,,,,,,,,,,,151769,0.1702733337879181
,,,45,,,,,,,,,,,,,,,,,,,,,,,,,,,,,151779,0.0011360852513462305
,,,45,,,,,,,,,,,,,,,,,,,,,,,,,,,,,151789,0.0014638322172686458
,,,45,,,,,,,,,,,,,,,,,,,,,,,,,,,,,151799,0.004085542168468237
,,,45,,,,,,,,,,,,,,,,,,,,,,,,,,,,,151809,0.0015055738622322679
,,,45,,,,,,,,,,,,,,,,,,,,,,,,,,,,,151819,0.0010532236192375422
,,,45,,,,,,,,,,,,,,,,,,,,,,,,,,,,,151829,0.006361569277942181
,,,45,,,,,,,,,,,,,,,,,,,,,,,,,,,,,151839,0.0028248366434127092
,,,45,,,,,,,,,,,,,,,,,,,,,,,,,,,,,151849,0.0008886083960533142
,,,45,,,,,,,,,,,,,,,,,,,,,,,,,,,,,151859,0.0027019926346838474
,,,45,,,,,,,,,,,,,,,,,,,,,,,,,,,,,151869,0.0014321977505460382
,,,45,,,,,,,,,,,,,,,,,,,,,,,,,,,,,151879,0.0010582912946119905
,,,45,,,,,,,,,,,,,,,,,,,,,,,,,,,,,151889,0.0008832112071104348
,,,45,,,,,,,,,,,,,,,,,,,,,,,,,,,,,151899,0.0016307234764099121
,,,45,,,,,,,,,,,,,,,,,,,,,,,,,,,,,151909,0.0013301209546625614
,,,45,,,,,,,,,,,,,,,,,,,,,,,,,,,,,151919,0.0014781529316678643
,,,45,,,,,,,,,,,,,,,,,,,,,,,,,,,,,151929,0.003921826370060444
,,,45,,,,,,,,,,,,,,,,,,,,,,,,,,,,,151939,0.002765859477221966
,,,45,,,,,,,,,,,,,,,,,,,,,,,,,,,,,151949,0.0009698828216642141
,,,45,,,,,,,,,,,,,,,,,,,,,,,,,,,,,151959,0.007536903489381075
,,,45,,,,,,,,,,,,,,,,,,,,,,,,,,,,,151969,0.0017364893574267626
,,,45,,,,,,,,,,,,,,,,,,,,,,,,,,,,,151979,0.21541935205459595
,,,45,,,,,,,,,,,,,,,,,,,,,,,,,,,,,151989,0.0018578190356492996
,,,45,,,,,,,,,,,,,,,,,,,,,,,,,,,,,151999,0.0005662480252794921
,,,45,,,,,,,,,,,,,,,,,,,,,,,,,,,,,152009,0.0018907305784523487
,,,45,,,,,,,,,,,,,,,,,,,,,,,,,,,,,152019,0.002329668728634715
,,,45,,,,,,,,,,,,,,,,,,,,,,,,,,,,,152029,0.0016159408260136843
,,,45,,,,,,,,,,,,,,,,,,,,,,,,,,,,,152039,0.008052351884543896
,,,45,,,,,,,,,,,,,,,,,,,,,,,,,,,,,152049,0.0026496988721191883
,,,45,,,,,,,,,,,,,,,,,,,,,,,,,,,,,152059,0.0006665638065896928
,,,45,,,,,,,,,,,,,,,,,,,,,,,,,,,,,152069,0.000860810570884496
,,,45,,,,,,,,,,,,,,,,,,,,,,,,,,,,,152079,0.0018740107771009207
,,,45,,,,,,,,,,,,,,,,,,,,,,,,,,,,,152089,0.003960412461310625
,,,45,,,,,,,,,,,,,,,,,,,,,,,,,,,,,152099,0.0018951366655528545
,,,45,,,,,,,,,,,,,,,,,,,,,,,,,,,,,152109,0.0011120591079816222
,,,45,,,,,,,,,,,,,,,,,,,,,,,,,,,,,152119,0.028678130358457565
,,,45,,,,,,,,,,,,,,,,,,,,,,,,,,,,,152129,0.001108120079152286
,,,45,,,,,,,,,,,,,,,,,,,,,,,,,,,,,152139,0.002226529410108924
,,,45,,,,,,,,,,,,,,,,,,,,,,,,,,,,,152149,0.0022225086577236652
,,,45,,,,,,,,,,,,,,,,,,,,,,,,,,,,,152159,0.0010266065364703536
,,,45,,,,,,,,,,,,,,,,,,,,,,,,,,,,,152169,1.0160468816757202
,,,45,,,,,,,,,,,,,,,,,,,,,,,,,,,,,152179,0.004521231632679701
,,,45,,,,,,,,,,,,,,,,,,,,,,,,,,,,,152189,0.622566282749176
,,,45,,,,,,,,,,,,,,,,,,,,,,,,,,,,,152199,0.001954049803316593
,,,45,,,,,,,,,,,,,,,,,,,,,,,,,,,,,152209,0.700026273727417
,,,45,,,,,,,,,,,,,,,,,,,,,,,,,,,,,152219,0.0025506210513412952
,,,45,,,,,,,,,,,,,,,,,,,,,,,,,,,,,152229,0.1689809262752533
,,,45,,,,,,,,,,,,,,,,,,,,,,,,,,,,,152239,0.0029305831994861364
,,,45,,,,,,,,,,,,,,,,,,,,,,,,,,,,,152249,0.00913609005510807
,,,45,,,,,,,,,,,,,,,,,,,,,,,,,,,,,152259,0.0015288618160411716
,,,,1.1017191229609355e-08,6.17187982471726e-08,9.495199730334245e-08,9.495199730334245e-08,1.4607999585129607e-07,1.4607999585129607e-07,2.2473845515584008e-07,2.2473845515584008e-07,3.457514694705232e-07,3.457514694705232e-07,5.319253376469587e-07,1.1017191229609355e-08,5.319253376469587e-07,8.183466733030134e-07,8.183466733030134e-07,1.258994882004636e-06,1.258994882004636e-06,1.9369152030840556e-06,1.9369152030840556e-06,1.9369152030840556e-06,1.9369152030840556e-06,1.6949524968629775e-08,1.6949524968629775e-08,2.6076192259430422e-08,2.6076192259430422e-08,4.011721886066219e-08,4.011721886066219e-08,6.17187982471726e-08,152261,
,,,46,,,,,,,,,,,,,,,,,,,,,,,,,,,,,152269,0.006393591407686472
,,,46,,,,,,,,,,,,,,,,,,,,,,,,,,,,,152279,0.0008429495501331985
,,,46,,,,,,,,,,,,,,,,,,,,,,,,,,,,,152289,0.0012513685505837202
,,,46,,,,,,,,,,,,,,,,,,,,,,,,,,,,,152299,0.0018158700549975038
,,,46,,,,,,,,,,,,,,,,,,,,,,,,,,,,,152309,0.0027651211712509394
,,,46,,,,,,,,,,,,,,,,,,,,,,,,,,,,,152319,0.0017195050604641438
,,,46,,,,,,,,,,,,,,,,,,,,,,,,,,,,,152329,0.002101222053170204
,,,46,,,,,,,,,,,,,,,,,,,,,,,,,,,,,152339,0.0008801273652352393
,,,46,,,,,,,,,,,,,,,,,,,,,,,,,,,,,152349,0.0009911719243973494
,,,46,,,,,,,,,,,,,,,,,,,,,,,,,,,,,152359,0.0020657305140048265
,,,46,,,,,,,,,,,,,,,,,,,,,,,,,,,,,152369,0.16018441319465637
,,,46,,,,,,,,,,,,,,,,,,,,,,,,,,,,,152379,0.000628241861704737
,,,46,,,,,,,,,,,,,,,,,,,,,,,,,,,,,152389,0.002377694007009268
,,,46,,,,,,,,,,,,,,,,,,,,,,,,,,,,,152399,0.0040530189871788025
,,,46,,,,,,,,,,,,,,,,,,,,,,,,,,,,,152409,0.0010885761585086584
,,,46,,,,,,,,,,,,,,,,,,,,,,,,,,,,,152419,0.0010656543308869004
,,,46,,,,,,,,,,,,,,,,,,,,,,,,,,,,,152429,0.001338682952336967
,,,46,,,,,,,,,,,,,,,,,,,,,,,,,,,,,152439,0.020051805302500725
,,,46,,,,,,,,,,,,,,,,,,,,,,,,,,,,,152449,0.06356824934482574
,,,46,,,,,,,,,,,,,,,,,,,,,,,,,,,,,152459,0.0017326276283711195
,,,46,,,,,,,,,,,,,,,,,,,,,,,,,,,,,152469,0.0010300728026777506
,,,46,,,,,,,,,,,,,,,,,,,,,,,,,,,,,152479,0.004063839558511972
,,,46,,,,,,,,,,,,,,,,,,,,,,,,,,,,,152489,0.0005547283799387515
,,,46,,,,,,,,,,,,,,,,,,,,,,,,,,,,,152499,0.0030697346664965153
,,,46,,,,,,,,,,,,,,,,,,,,,,,,,,,,,152509,0.0008388390415348113
,,,46,,,,,,,,,,,,,,,,,,,,,,,,,,,,,152519,0.308563232421875
,,,46,,,,,,,,,,,,,,,,,,,,,,,,,,,,,152529,0.04117545858025551
,,,46,,,,,,,,,,,,,,,,,,,,,,,,,,,,,152539,0.0012132483534514904
,,,46,,,,,,,,,,,,,,,,,,,,,,,,,,,,,152549,0.002236926695331931
,,,46,,,,,,,,,,,,,,,,,,,,,,,,,,,,,152559,0.0008492700289934874
,,,46,,,,,,,,,,,,,,,,,,,,,,,,,,,,,152569,0.00227936590090394
,,,46,,,,,,,,,,,,,,,,,,,,,,,,,,,,,152579,0.001505828695371747
,,,46,,,,,,,,,,,,,,,,,,,,,,,,,,,,,152589,0.005290842615067959
,,,46,,,,,,,,,,,,,,,,,,,,,,,,,,,,,152599,0.0012978998711332679
,,,46,,,,,,,,,,,,,,,,,,,,,,,,,,,,,152609,0.0018351314356550574
,,,46,,,,,,,,,,,,,,,,,,,,,,,,,,,,,152619,0.0009628482512198389
,,,46,,,,,,,,,,,,,,,,,,,,,,,,,,,,,152629,0.0018127434886991978
,,,46,,,,,,,,,,,,,,,,,,,,,,,,,,,,,152639,0.0015872525982558727
,,,46,,,,,,,,,,,,,,,,,,,,,,,,,,,,,152649,0.0020778155885636806
,,,46,,,,,,,,,,,,,,,,,,,,,,,,,,,,,152659,0.03354832902550697
,,,46,,,,,,,,,,,,,,,,,,,,,,,,,,,,,152669,0.002509833313524723
,,,46,,,,,,,,,,,,,,,,,,,,,,,,,,,,,152679,0.004428185522556305
,,,46,,,,,,,,,,,,,,,,,,,,,,,,,,,,,152689,0.0006299784290604293
,,,46,,,,,,,,,,,,,,,,,,,,,,,,,,,,,152699,0.0012771369656547904
,,,46,,,,,,,,,,,,,,,,,,,,,,,,,,,,,152709,0.0025136286858469248
,,,46,,,,,,,,,,,,,,,,,,,,,,,,,,,,,152719,0.06265327334403992
,,,46,,,,,,,,,,,,,,,,,,,,,,,,,,,,,152729,0.001087414799258113
,,,46,,,,,,,,,,,,,,,,,,,,,,,,,,,,,152739,0.013415206223726273
,,,46,,,,,,,,,,,,,,,,,,,,,,,,,,,,,152749,0.0015421764692291617
,,,46,,,,,,,,,,,,,,,,,,,,,,,,,,,,,152759,0.0012217987095937133
,,,46,,,,,,,,,,,,,,,,,,,,,,,,,,,,,152769,0.0013846686342731118
,,,46,,,,,,,,,,,,,,,,,,,,,,,,,,,,,152779,0.0006472687819041312
,,,46,,,,,,,,,,,,,,,,,,,,,,,,,,,,,152789,0.0008983192965388298
,,,46,,,,,,,,,,,,,,,,,,,,,,,,,,,,,152799,0.0013577748322859406
,,,46,,,,,,,,,,,,,,,,,,,,,,,,,,,,,152809,0.002729511819779873
,,,46,,,,,,,,,,,,,,,,,,,,,,,,,,,,,152819,0.0014525344595313072
,,,46,,,,,,,,,,,,,,,,,,,,,,,,,,,,,152829,0.0010892554419115186
,,,46,,,,,,,,,,,,,,,,,,,,,,,,,,,,,152839,0.0011401533847674727
,,,46,,,,,,,,,,,,,,,,,,,,,,,,,,,,,152849,0.004198335576802492
,,,46,,,,,,,,,,,,,,,,,,,,,,,,,,,,,152859,0.0009504753979854286
,,,46,,,,,,,,,,,,,,,,,,,,,,,,,,,,,152869,0.0026199889834970236
,,,46,,,,,,,,,,,,,,,,,,,,,,,,,,,,,152879,0.0035866007674485445
,,,46,,,,,,,,,,,,,,,,,,,,,,,,,,,,,152889,0.004846676252782345
,,,46,,,,,,,,,,,,,,,,,,,,,,,,,,,,,152899,1.7404521703720093
,,,46,,,,,,,,,,,,,,,,,,,,,,,,,,,,,152909,0.0005366630502976477
,,,46,,,,,,,,,,,,,,,,,,,,,,,,,,,,,152919,0.0077529423870146275
,,,46,,,,,,,,,,,,,,,,,,,,,,,,,,,,,152929,0.0018694613827392459
,,,46,,,,,,,,,,,,,,,,,,,,,,,,,,,,,152939,0.0013751976657658815
,,,46,,,,,,,,,,,,,,,,,,,,,,,,,,,,,152949,0.0014117131941020489
,,,46,,,,,,,,,,,,,,,,,,,,,,,,,,,,,152959,0.0010169233428314328
,,,46,,,,,,,,,,,,,,,,,,,,,,,,,,,,,152969,0.0021305892150849104
,,,46,,,,,,,,,,,,,,,,,,,,,,,,,,,,,152979,0.4181405007839203
,,,46,,,,,,,,,,,,,,,,,,,,,,,,,,,,,152989,0.002183564007282257
,,,46,,,,,,,,,,,,,,,,,,,,,,,,,,,,,152999,0.0017781694186851382
,,,46,,,,,,,,,,,,,,,,,,,,,,,,,,,,,153009,0.0016428789822384715
,,,46,,,,,,,,,,,,,,,,,,,,,,,,,,,,,153019,0.001122402143664658
,,,46,,,,,,,,,,,,,,,,,,,,,,,,,,,,,153029,0.0014402586966753006
,,,46,,,,,,,,,,,,,,,,,,,,,,,,,,,,,153039,0.0012767825974151492
,,,46,,,,,,,,,,,,,,,,,,,,,,,,,,,,,153049,0.0016786908963695168
,,,46,,,,,,,,,,,,,,,,,,,,,,,,,,,,,153059,0.000941879756283015
,,,46,,,,,,,,,,,,,,,,,,,,,,,,,,,,,153069,0.195710226893425
,,,46,,,,,,,,,,,,,,,,,,,,,,,,,,,,,153079,0.0019297110848128796
,,,46,,,,,,,,,,,,,,,,,,,,,,,,,,,,,153089,0.008496037684381008
,,,46,,,,,,,,,,,,,,,,,,,,,,,,,,,,,153099,0.0010952960001304746
,,,46,,,,,,,,,,,,,,,,,,,,,,,,,,,,,153109,0.0012214231537654996
,,,46,,,,,,,,,,,,,,,,,,,,,,,,,,,,,153119,0.013420757837593555
,,,46,,,,,,,,,,,,,,,,,,,,,,,,,,,,,153129,0.0044806418009102345
,,,46,,,,,,,,,,,,,,,,,,,,,,,,,,,,,153139,0.0011556315002962947
,,,46,,,,,,,,,,,,,,,,,,,,,,,,,,,,,153149,0.0015814800281077623
,,,46,,,,,,,,,,,,,,,,,,,,,,,,,,,,,153159,0.0017107203602790833
,,,46,,,,,,,,,,,,,,,,,,,,,,,,,,,,,153169,0.003959550987929106
,,,46,,,,,,,,,,,,,,,,,,,,,,,,,,,,,153179,0.0018774074269458652
,,,46,,,,,,,,,,,,,,,,,,,,,,,,,,,,,153189,0.0016892753774300218
,,,46,,,,,,,,,,,,,,,,,,,,,,,,,,,,,153199,0.0028980940114706755
,,,46,,,,,,,,,,,,,,,,,,,,,,,,,,,,,153209,0.6039409637451172
,,,46,,,,,,,,,,,,,,,,,,,,,,,,,,,,,153219,0.4971938133239746
,,,46,,,,,,,,,,,,,,,,,,,,,,,,,,,,,153229,0.0025444889906793833
,,,46,,,,,,,,,,,,,,,,,,,,,,,,,,,,,153239,0.00047267143963836133
,,,46,,,,,,,,,,,,,,,,,,,,,,,,,,,,,153249,0.005228378809988499
,,,46,,,,,,,,,,,,,,,,,,,,,,,,,,,,,153259,0.376526415348053
,,,46,,,,,,,,,,,,,,,,,,,,,,,,,,,,,153269,0.002730044536292553
,,,46,,,,,,,,,,,,,,,,,,,,,,,,,,,,,153279,0.0013626165455207229
,,,46,,,,,,,,,,,,,,,,,,,,,,,,,,,,,153289,0.001958579057827592
,,,46,,,,,,,,,,,,,,,,,,,,,,,,,,,,,153299,0.011022225022315979
,,,46,,,,,,,,,,,,,,,,,,,,,,,,,,,,,153309,0.053993109613657
,,,46,,,,,,,,,,,,,,,,,,,,,,,,,,,,,153319,0.0012791403569281101
,,,46,,,,,,,,,,,,,,,,,,,,,,,,,,,,,153329,0.0017001756932586432
,,,46,,,,,,,,,,,,,,,,,,,,,,,,,,,,,153339,0.0007847113884054124
,,,46,,,,,,,,,,,,,,,,,,,,,,,,,,,,,153349,0.002492309082299471
,,,46,,,,,,,,,,,,,,,,,,,,,,,,,,,,,153359,0.003376916516572237
,,,46,,,,,,,,,,,,,,,,,,,,,,,,,,,,,153369,0.0016825109487399459
,,,46,,,,,,,,,,,,,,,,,,,,,,,,,,,,,153379,0.05343717709183693
,,,46,,,,,,,,,,,,,,,,,,,,,,,,,,,,,153389,0.0016518104821443558
,,,46,,,,,,,,,,,,,,,,,,,,,,,,,,,,,153399,0.10719073563814163
,,,46,,,,,,,,,,,,,,,,,,,,,,,,,,,,,153409,0.014908922836184502
,,,46,,,,,,,,,,,,,,,,,,,,,,,,,,,,,153419,0.0013506538234651089
,,,46,,,,,,,,,,,,,,,,,,,,,,,,,,,,,153429,0.001063993200659752
,,,46,,,,,,,,,,,,,,,,,,,,,,,,,,,,,153439,0.0017225723713636398
,,,46,,,,,,,,,,,,,,,,,,,,,,,,,,,,,153449,0.007704959716647863
,,,46,,,,,,,,,,,,,,,,,,,,,,,,,,,,,153459,0.15270103514194489
,,,46,,,,,,,,,,,,,,,,,,,,,,,,,,,,,153469,0.43719345331192017
,,,46,,,,,,,,,,,,,,,,,,,,,,,,,,,,,153479,0.0034943390637636185
,,,46,,,,,,,,,,,,,,,,,,,,,,,,,,,,,153489,0.0010977017227560282
,,,46,,,,,,,,,,,,,,,,,,,,,,,,,,,,,153499,0.0007305258768610656
,,,46,,,,,,,,,,,,,,,,,,,,,,,,,,,,,153509,0.0009216843172907829
,,,46,,,,,,,,,,,,,,,,,,,,,,,,,,,,,153519,0.05217385292053223
,,,46,,,,,,,,,,,,,,,,,,,,,,,,,,,,,153529,0.0017187109915539622
,,,46,,,,,,,,,,,,,,,,,,,,,,,,,,,,,153539,0.001709741191007197
,,,46,,,,,,,,,,,,,,,,,,,,,,,,,,,,,153549,0.0020161112770438194
,,,46,,,,,,,,,,,,,,,,,,,,,,,,,,,,,153559,0.0034838966093957424
,,,46,,,,,,,,,,,,,,,,,,,,,,,,,,,,,153569,0.0015140875475481153
,,,46,,,,,,,,,,,,,,,,,,,,,,,,,,,,,153579,0.0033894244115799665
,,,46,,,,,,,,,,,,,,,,,,,,,,,,,,,,,153589,0.0015471059596166015
,,,46,,,,,,,,,,,,,,,,,,,,,,,,,,,,,153599,0.000682203215546906
,,,46,,,,,,,,,,,,,,,,,,,,,,,,,,,,,153609,0.004120927769690752
,,,46,,,,,,,,,,,,,,,,,,,,,,,,,,,,,153619,0.004679569508880377
,,,46,,,,,,,,,,,,,,,,,,,,,,,,,,,,,153629,0.0007119756774045527
,,,46,,,,,,,,,,,,,,,,,,,,,,,,,,,,,153639,0.001200624741613865
,,,46,,,,,,,,,,,,,,,,,,,,,,,,,,,,,153649,0.15685918927192688
,,,46,,,,,,,,,,,,,,,,,,,,,,,,,,,,,153659,0.0008721983176656067
,,,46,,,,,,,,,,,,,,,,,,,,,,,,,,,,,153669,0.000416549330111593
,,,46,,,,,,,,,,,,,,,,,,,,,,,,,,,,,153679,0.0007992913597263396
,,,46,,,,,,,,,,,,,,,,,,,,,,,,,,,,,153689,0.0009700189693830907
,,,46,,,,,,,,,,,,,,,,,,,,,,,,,,,,,153699,0.053294796496629715
,,,46,,,,,,,,,,,,,,,,,,,,,,,,,,,,,153709,0.03508911281824112
,,,46,,,,,,,,,,,,,,,,,,,,,,,,,,,,,153719,0.0009814284276217222
,,,46,,,,,,,,,,,,,,,,,,,,,,,,,,,,,153729,0.4811113178730011
,,,46,,,,,,,,,,,,,,,,,,,,,,,,,,,,,153739,0.0013483903603628278
,,,46,,,,,,,,,,,,,,,,,,,,,,,,,,,,,153749,0.0012764314888045192
,,,46,,,,,,,,,,,,,,,,,,,,,,,,,,,,,153759,0.0011139308335259557
,,,46,,,,,,,,,,,,,,,,,,,,,,,,,,,,,153769,0.0017571060452610254
,,,46,,,,,,,,,,,,,,,,,,,,,,,,,,,,,153779,0.13280783593654633
,,,46,,,,,,,,,,,,,,,,,,,,,,,,,,,,,153789,0.00250997394323349
,,,46,,,,,,,,,,,,,,,,,,,,,,,,,,,,,153799,0.0014631907688453794
,,,46,,,,,,,,,,,,,,,,,,,,,,,,,,,,,153809,0.006888944189995527
,,,46,,,,,,,,,,,,,,,,,,,,,,,,,,,,,153819,0.22164225578308105
,,,46,,,,,,,,,,,,,,,,,,,,,,,,,,,,,153829,0.14652685821056366
,,,46,,,,,,,,,,,,,,,,,,,,,,,,,,,,,153839,0.027997290715575218
,,,46,,,,,,,,,,,,,,,,,,,,,,,,,,,,,153849,0.0030797526706010103
,,,46,,,,,,,,,,,,,,,,,,,,,,,,,,,,,153859,0.0017541561974212527
,,,46,,,,,,,,,,,,,,,,,,,,,,,,,,,,,153869,0.0007822674233466387
,,,46,,,,,,,,,,,,,,,,,,,,,,,,,,,,,153879,0.003429414937272668
,,,46,,,,,,,,,,,,,,,,,,,,,,,,,,,,,153889,0.004312303848564625
,,,46,,,,,,,,,,,,,,,,,,,,,,,,,,,,,153899,0.0013915555318817496
,,,46,,,,,,,,,,,,,,,,,,,,,,,,,,,,,153909,0.001983967609703541
,,,46,,,,,,,,,,,,,,,,,,,,,,,,,,,,,153919,0.0022508222609758377
,,,46,,,,,,,,,,,,,,,,,,,,,,,,,,,,,153929,0.0394112803041935
,,,46,,,,,,,,,,,,,,,,,,,,,,,,,,,,,153939,0.0022565319668501616
,,,46,,,,,,,,,,,,,,,,,,,,,,,,,,,,,153949,0.002329996321350336
,,,46,,,,,,,,,,,,,,,,,,,,,,,,,,,,,153959,0.5379153490066528
,,,46,,,,,,,,,,,,,,,,,,,,,,,,,,,,,153969,0.0014248673105612397
,,,46,,,,,,,,,,,,,,,,,,,,,,,,,,,,,153979,0.0012105557834729552
,,,46,,,,,,,,,,,,,,,,,,,,,,,,,,,,,153989,0.001159043749794364
,,,46,,,,,,,,,,,,,,,,,,,,,,,,,,,,,153999,0.0024905491154640913
,,,46,,,,,,,,,,,,,,,,,,,,,,,,,,,,,154009,0.029596466571092606
,,,46,,,,,,,,,,,,,,,,,,,,,,,,,,,,,154019,0.05616778880357742
,,,46,,,,,,,,,,,,,,,,,,,,,,,,,,,,,154029,0.0023514197673648596
,,,46,,,,,,,,,,,,,,,,,,,,,,,,,,,,,154039,0.005013018846511841
,,,46,,,,,,,,,,,,,,,,,,,,,,,,,,,,,154049,0.0020961903501302004
,,,46,,,,,,,,,,,,,,,,,,,,,,,,,,,,,154059,0.007633334491401911
,,,46,,,,,,,,,,,,,,,,,,,,,,,,,,,,,154069,0.0024300774093717337
,,,46,,,,,,,,,,,,,,,,,,,,,,,,,,,,,154079,0.10411328822374344
,,,46,,,,,,,,,,,,,,,,,,,,,,,,,,,,,154089,0.007023563142865896
,,,46,,,,,,,,,,,,,,,,,,,,,,,,,,,,,154099,0.0033800986129790545
,,,46,,,,,,,,,,,,,,,,,,,,,,,,,,,,,154109,0.06301163136959076
,,,46,,,,,,,,,,,,,,,,,,,,,,,,,,,,,154119,0.001054364605806768
,,,46,,,,,,,,,,,,,,,,,,,,,,,,,,,,,154129,0.013351940549910069
,,,46,,,,,,,,,,,,,,,,,,,,,,,,,,,,,154139,0.0004909601411782205
,,,46,,,,,,,,,,,,,,,,,,,,,,,,,,,,,154149,0.0022337823174893856
,,,46,,,,,,,,,,,,,,,,,,,,,,,,,,,,,154159,0.0010131442686542869
,,,46,,,,,,,,,,,,,,,,,,,,,,,,,,,,,154169,0.0012133248383179307
,,,46,,,,,,,,,,,,,,,,,,,,,,,,,,,,,154179,0.003238935489207506
,,,46,,,,,,,,,,,,,,,,,,,,,,,,,,,,,154189,0.0020808428525924683
,,,46,,,,,,,,,,,,,,,,,,,,,,,,,,,,,154199,0.003757311962544918
,,,46,,,,,,,,,,,,,,,,,,,,,,,,,,,,,154209,0.0008178006391972303
,,,46,,,,,,,,,,,,,,,,,,,,,,,,,,,,,154219,0.0010773870162665844
,,,46,,,,,,,,,,,,,,,,,,,,,,,,,,,,,154229,0.005849528592079878
,,,46,,,,,,,,,,,,,,,,,,,,,,,,,,,,,154239,0.0011492735939100385
,,,46,,,,,,,,,,,,,,,,,,,,,,,,,,,,,154249,0.27876776456832886
,,,46,,,,,,,,,,,,,,,,,,,,,,,,,,,,,154259,0.9906671047210693
,,,46,,,,,,,,,,,,,,,,,,,,,,,,,,,,,154269,0.0029117462690919638
,,,46,,,,,,,,,,,,,,,,,,,,,,,,,,,,,154279,0.007702083792537451
,,,46,,,,,,,,,,,,,,,,,,,,,,,,,,,,,154289,0.0010933135636150837
,,,46,,,,,,,,,,,,,,,,,,,,,,,,,,,,,154299,0.006532771047204733
,,,46,,,,,,,,,,,,,,,,,,,,,,,,,,,,,154309,0.19234800338745117
,,,46,,,,,,,,,,,,,,,,,,,,,,,,,,,,,154319,0.07020607590675354
,,,46,,,,,,,,,,,,,,,,,,,,,,,,,,,,,154329,0.005102317780256271
,,,46,,,,,,,,,,,,,,,,,,,,,,,,,,,,,154339,0.11918146163225174
,,,46,,,,,,,,,,,,,,,,,,,,,,,,,,,,,154349,0.010868953540921211
,,,46,,,,,,,,,,,,,,,,,,,,,,,,,,,,,154359,0.002141095930710435
,,,46,,,,,,,,,,,,,,,,,,,,,,,,,,,,,154369,0.008887898176908493
,,,46,,,,,,,,,,,,,,,,,,,,,,,,,,,,,154379,0.0031423214823007584
,,,46,,,,,,,,,,,,,,,,,,,,,,,,,,,,,154389,0.011155977845191956
,,,46,,,,,,,,,,,,,,,,,,,,,,,,,,,,,154399,0.0016952287405729294
,,,46,,,,,,,,,,,,,,,,,,,,,,,,,,,,,154409,0.0009024127502925694
,,,46,,,,,,,,,,,,,,,,,,,,,,,,,,,,,154419,0.0007261592545546591
,,,46,,,,,,,,,,,,,,,,,,,,,,,,,,,,,154429,0.0014722800115123391
,,,46,,,,,,,,,,,,,,,,,,,,,,,,,,,,,154439,0.0012194630689918995
,,,46,,,,,,,,,,,,,,,,,,,,,,,,,,,,,154449,0.001677107997238636
,,,46,,,,,,,,,,,,,,,,,,,,,,,,,,,,,154459,0.0033510306384414434
,,,46,,,,,,,,,,,,,,,,,,,,,,,,,,,,,154469,0.02826712839305401
,,,46,,,,,,,,,,,,,,,,,,,,,,,,,,,,,154479,0.002817892236635089
,,,46,,,,,,,,,,,,,,,,,,,,,,,,,,,,,154489,0.0005149758071638644
,,,46,,,,,,,,,,,,,,,,,,,,,,,,,,,,,154499,0.012004991993308067
,,,46,,,,,,,,,,,,,,,,,,,,,,,,,,,,,154509,0.012410471215844154
,,,46,,,,,,,,,,,,,,,,,,,,,,,,,,,,,154519,0.0017138714902102947
,,,46,,,,,,,,,,,,,,,,,,,,,,,,,,,,,154529,0.0029457411728799343
,,,46,,,,,,,,,,,,,,,,,,,,,,,,,,,,,154539,0.0014384184032678604
,,,46,,,,,,,,,,,,,,,,,,,,,,,,,,,,,154549,0.0004479792551137507
,,,46,,,,,,,,,,,,,,,,,,,,,,,,,,,,,154559,0.28118425607681274
,,,46,,,,,,,,,,,,,,,,,,,,,,,,,,,,,154569,0.0004361853643786162
,,,46,,,,,,,,,,,,,,,,,,,,,,,,,,,,,154579,0.016936112195253372
,,,46,,,,,,,,,,,,,,,,,,,,,,,,,,,,,154589,0.3071254789829254
,,,46,,,,,,,,,,,,,,,,,,,,,,,,,,,,,154599,0.0011900210520252585
,,,46,,,,,,,,,,,,,,,,,,,,,,,,,,,,,154609,0.0028338658157736063
,,,46,,,,,,,,,,,,,,,,,,,,,,,,,,,,,154619,0.1755269467830658
,,,46,,,,,,,,,,,,,,,,,,,,,,,,,,,,,154629,0.002750289859250188
,,,46,,,,,,,,,,,,,,,,,,,,,,,,,,,,,154639,0.0017074827337637544
,,,46,,,,,,,,,,,,,,,,,,,,,,,,,,,,,154649,0.0015339878154918551
,,,46,,,,,,,,,,,,,,,,,,,,,,,,,,,,,154659,0.0011957976967096329
,,,46,,,,,,,,,,,,,,,,,,,,,,,,,,,,,154669,0.004230952356010675
,,,46,,,,,,,,,,,,,,,,,,,,,,,,,,,,,154679,0.12236358225345612
,,,46,,,,,,,,,,,,,,,,,,,,,,,,,,,,,154689,0.0009725237614475191
,,,46,,,,,,,,,,,,,,,,,,,,,,,,,,,,,154699,0.009057764895260334
,,,46,,,,,,,,,,,,,,,,,,,,,,,,,,,,,154709,0.33824145793914795
,,,46,,,,,,,,,,,,,,,,,,,,,,,,,,,,,154719,0.0017345731612294912
,,,46,,,,,,,,,,,,,,,,,,,,,,,,,,,,,154729,0.00201856205239892
,,,46,,,,,,,,,,,,,,,,,,,,,,,,,,,,,154739,0.0008079832186922431
,,,46,,,,,,,,,,,,,,,,,,,,,,,,,,,,,154749,0.002826198237016797
,,,46,,,,,,,,,,,,,,,,,,,,,,,,,,,,,154759,0.0175937507301569
,,,46,,,,,,,,,,,,,,,,,,,,,,,,,,,,,154769,0.09367427229881287
,,,46,,,,,,,,,,,,,,,,,,,,,,,,,,,,,154779,0.002406051615253091
,,,46,,,,,,,,,,,,,,,,,,,,,,,,,,,,,154789,0.0026852223090827465
,,,46,,,,,,,,,,,,,,,,,,,,,,,,,,,,,154799,0.012387613765895367
,,,46,,,,,,,,,,,,,,,,,,,,,,,,,,,,,154809,0.0013452853308990598
,,,46,,,,,,,,,,,,,,,,,,,,,,,,,,,,,154819,0.5526926517486572
,,,46,,,,,,,,,,,,,,,,,,,,,,,,,,,,,154829,0.01145242154598236
,,,46,,,,,,,,,,,,,,,,,,,,,,,,,,,,,154839,0.0012595800217241049
,,,46,,,,,,,,,,,,,,,,,,,,,,,,,,,,,154849,0.0015596648445352912
,,,46,,,,,,,,,,,,,,,,,,,,,,,,,,,,,154859,0.009523886255919933
,,,46,,,,,,,,,,,,,,,,,,,,,,,,,,,,,154869,0.1760353446006775
,,,46,,,,,,,,,,,,,,,,,,,,,,,,,,,,,154879,0.8075661063194275
,,,46,,,,,,,,,,,,,,,,,,,,,,,,,,,,,154889,0.02231857180595398
,,,46,,,,,,,,,,,,,,,,,,,,,,,,,,,,,154899,0.0017220873851329088
,,,46,,,,,,,,,,,,,,,,,,,,,,,,,,,,,154909,0.0013259630650281906
,,,46,,,,,,,,,,,,,,,,,,,,,,,,,,,,,154919,0.0015511690871790051
,,,46,,,,,,,,,,,,,,,,,,,,,,,,,,,,,154929,0.004125826060771942
,,,46,,,,,,,,,,,,,,,,,,,,,,,,,,,,,154939,0.0017282968619838357
,,,46,,,,,,,,,,,,,,,,,,,,,,,,,,,,,154949,0.0011331804562360048
,,,46,,,,,,,,,,,,,,,,,,,,,,,,,,,,,154959,0.003109036013484001
,,,46,,,,,,,,,,,,,,,,,,,,,,,,,,,,,154969,0.0013991117011755705
,,,46,,,,,,,,,,,,,,,,,,,,,,,,,,,,,154979,0.0015384246362373233
,,,46,,,,,,,,,,,,,,,,,,,,,,,,,,,,,154989,0.0007946663536131382
,,,46,,,,,,,,,,,,,,,,,,,,,,,,,,,,,154999,0.005265372805297375
,,,46,,,,,,,,,,,,,,,,,,,,,,,,,,,,,155009,0.0005976013489998877
,,,46,,,,,,,,,,,,,,,,,,,,,,,,,,,,,155019,0.0004635386576410383
,,,46,,,,,,,,,,,,,,,,,,,,,,,,,,,,,155029,0.00782581977546215
,,,46,,,,,,,,,,,,,,,,,,,,,,,,,,,,,155039,0.001630166545510292
,,,46,,,,,,,,,,,,,,,,,,,,,,,,,,,,,155049,0.004668375942856073
,,,46,,,,,,,,,,,,,,,,,,,,,,,,,,,,,155059,0.001227986067533493
,,,46,,,,,,,,,,,,,,,,,,,,,,,,,,,,,155069,0.0009136950829997659
,,,46,,,,,,,,,,,,,,,,,,,,,,,,,,,,,155079,0.00830670166760683
,,,46,,,,,,,,,,,,,,,,,,,,,,,,,,,,,155089,0.0012801062548533082
,,,46,,,,,,,,,,,,,,,,,,,,,,,,,,,,,155099,0.0015311207389459014
,,,46,,,,,,,,,,,,,,,,,,,,,,,,,,,,,155109,0.001986449584364891
,,,46,,,,,,,,,,,,,,,,,,,,,,,,,,,,,155119,0.0009371427586302161
,,,46,,,,,,,,,,,,,,,,,,,,,,,,,,,,,155129,0.009999987669289112
,,,46,,,,,,,,,,,,,,,,,,,,,,,,,,,,,155139,0.004847617819905281
,,,46,,,,,,,,,,,,,,,,,,,,,,,,,,,,,155149,0.05567081272602081
,,,46,,,,,,,,,,,,,,,,,,,,,,,,,,,,,155159,0.001149828894995153
,,,46,,,,,,,,,,,,,,,,,,,,,,,,,,,,,155169,0.0007132814498618245
,,,46,,,,,,,,,,,,,,,,,,,,,,,,,,,,,155179,0.0017505416180938482
,,,46,,,,,,,,,,,,,,,,,,,,,,,,,,,,,155189,0.0011992177460342646
,,,46,,,,,,,,,,,,,,,,,,,,,,,,,,,,,155199,0.006786900106817484
,,,46,,,,,,,,,,,,,,,,,,,,,,,,,,,,,155209,0.005081863142549992
,,,46,,,,,,,,,,,,,,,,,,,,,,,,,,,,,155219,0.0025801409501582384
,,,46,,,,,,,,,,,,,,,,,,,,,,,,,,,,,155229,0.00046489399392157793
,,,46,,,,,,,,,,,,,,,,,,,,,,,,,,,,,155239,0.0008954330696724355
,,,46,,,,,,,,,,,,,,,,,,,,,,,,,,,,,155249,0.0017198361456394196
,,,46,,,,,,,,,,,,,,,,,,,,,,,,,,,,,155259,0.012585846707224846
,,,46,,,,,,,,,,,,,,,,,,,,,,,,,,,,,155269,0.017540251836180687
,,,46,,,,,,,,,,,,,,,,,,,,,,,,,,,,,155279,0.025257663801312447
,,,46,,,,,,,,,,,,,,,,,,,,,,,,,,,,,155289,0.0022302200086414814
,,,46,,,,,,,,,,,,,,,,,,,,,,,,,,,,,155299,0.0008505780715495348
,,,46,,,,,,,,,,,,,,,,,,,,,,,,,,,,,155309,0.003167083952575922
,,,46,,,,,,,,,,,,,,,,,,,,,,,,,,,,,155319,0.002145573031157255
,,,46,,,,,,,,,,,,,,,,,,,,,,,,,,,,,155329,0.0007440519402734935
,,,46,,,,,,,,,,,,,,,,,,,,,,,,,,,,,155339,0.0015613121213391423
,,,46,,,,,,,,,,,,,,,,,,,,,,,,,,,,,155349,0.000774736050516367
,,,46,,,,,,,,,,,,,,,,,,,,,,,,,,,,,155359,0.16792526841163635
,,,46,,,,,,,,,,,,,,,,,,,,,,,,,,,,,155369,0.0019078741315752268
,,,46,,,,,,,,,,,,,,,,,,,,,,,,,,,,,155379,0.0009568586829118431
,,,46,,,,,,,,,,,,,,,,,,,,,,,,,,,,,155389,0.0075491201132535934
,,,46,,,,,,,,,,,,,,,,,,,,,,,,,,,,,155399,0.0017801137873902917
,,,46,,,,,,,,,,,,,,,,,,,,,,,,,,,,,155409,0.03656977415084839
,,,46,,,,,,,,,,,,,,,,,,,,,,,,,,,,,155419,0.0031713549979031086
,,,46,,,,,,,,,,,,,,,,,,,,,,,,,,,,,155429,0.001882197568193078
,,,46,,,,,,,,,,,,,,,,,,,,,,,,,,,,,155439,0.966598391532898
,,,46,,,,,,,,,,,,,,,,,,,,,,,,,,,,,155449,0.001099014887586236
,,,46,,,,,,,,,,,,,,,,,,,,,,,,,,,,,155459,0.0071871317923069
,,,46,,,,,,,,,,,,,,,,,,,,,,,,,,,,,155469,0.0014983121072873473
,,,46,,,,,,,,,,,,,,,,,,,,,,,,,,,,,155479,0.048187483102083206
,,,46,,,,,,,,,,,,,,,,,,,,,,,,,,,,,155489,0.0018157929880544543
,,,46,,,,,,,,,,,,,,,,,,,,,,,,,,,,,155499,0.0006828806363046169
,,,46,,,,,,,,,,,,,,,,,,,,,,,,,,,,,155509,0.038361869752407074
,,,46,,,,,,,,,,,,,,,,,,,,,,,,,,,,,155519,0.002748573664575815
,,,46,,,,,,,,,,,,,,,,,,,,,,,,,,,,,155529,0.002004350069910288
,,,46,,,,,,,,,,,,,,,,,,,,,,,,,,,,,155539,0.0013563961256295443
,,,46,,,,,,,,,,,,,,,,,,,,,,,,,,,,,155549,0.02981187403202057
,,,46,,,,,,,,,,,,,,,,,,,,,,,,,,,,,155559,0.007860610261559486
,,,46,,,,,,,,,,,,,,,,,,,,,,,,,,,,,155569,0.0008971664356067777
,,,,6.214832253835897e-09,3.48157683769386e-08,5.3562720579905535e-08,5.3562720579905535e-08,8.240418550754697e-08,8.240418550754697e-08,1.2677567001161072e-07,1.2677567001161072e-07,1.9503949232555496e-07,1.9503949232555496e-07,3.0006075742393067e-07,6.214832253835897e-09,3.0006075742393067e-07,4.6163193449835486e-07,4.6163193449835486e-07,7.102029761513152e-07,7.102029761513152e-07,1.0926199633097157e-06,1.0926199633097157e-06,1.0926199633097157e-06,1.0926199633097157e-06,9.561280390516763e-09,9.561280390516763e-09,1.470966213925656e-08,1.470966213925656e-08,2.2630249445010088e-08,2.2630249445010088e-08,3.48157683769386e-08,155571,
,,,47,,,,,,,,,,,,,,,,,,,,,,,,,,,,,155579,0.0008431885507889092
,,,47,,,,,,,,,,,,,,,,,,,,,,,,,,,,,155589,0.000797920860350132
,,,47,,,,,,,,,,,,,,,,,,,,,,,,,,,,,155599,0.00247920211404562
,,,47,,,,,,,,,,,,,,,,,,,,,,,,,,,,,155609,0.009307743981480598
,,,47,,,,,,,,,,,,,,,,,,,,,,,,,,,,,155619,0.0010816159192472696
,,,47,,,,,,,,,,,,,,,,,,,,,,,,,,,,,155629,0.0017251478275284171
,,,47,,,,,,,,,,,,,,,,,,,,,,,,,,,,,155639,0.01572483591735363
,,,47,,,,,,,,,,,,,,,,,,,,,,,,,,,,,155649,0.041591182351112366
,,,47,,,,,,,,,,,,,,,,,,,,,,,,,,,,,155659,0.0007204397115856409
,,,47,,,,,,,,,,,,,,,,,,,,,,,,,,,,,155669,0.003040771232917905
,,,47,,,,,,,,,,,,,,,,,,,,,,,,,,,,,155679,1.2429860830307007
,,,47,,,,,,,,,,,,,,,,,,,,,,,,,,,,,155689,0.056037645787000656
,,,47,,,,,,,,,,,,,,,,,,,,,,,,,,,,,155699,0.002544742776080966
,,,47,,,,,,,,,,,,,,,,,,,,,,,,,,,,,155709,0.0015360498800873756
,,,47,,,,,,,,,,,,,,,,,,,,,,,,,,,,,155719,0.000934018287807703
,,,47,,,,,,,,,,,,,,,,,,,,,,,,,,,,,155729,0.008862392045557499
,,,47,,,,,,,,,,,,,,,,,,,,,,,,,,,,,155739,0.0018036796245723963
,,,47,,,,,,,,,,,,,,,,,,,,,,,,,,,,,155749,0.0013696548994630575
,,,47,,,,,,,,,,,,,,,,,,,,,,,,,,,,,155759,0.0027268414851278067
,,,47,,,,,,,,,,,,,,,,,,,,,,,,,,,,,155769,0.0015647514956071973
,,,47,,,,,,,,,,,,,,,,,,,,,,,,,,,,,155779,0.060401152819395065
,,,47,,,,,,,,,,,,,,,,,,,,,,,,,,,,,155789,0.002475378569215536
,,,47,,,,,,,,,,,,,,,,,,,,,,,,,,,,,155799,0.0008833881583996117
,,,47,,,,,,,,,,,,,,,,,,,,,,,,,,,,,155809,0.005174438469111919
,,,47,,,,,,,,,,,,,,,,,,,,,,,,,,,,,155819,0.0061026508919894695
,,,47,,,,,,,,,,,,,,,,,,,,,,,,,,,,,155829,0.0013511765282601118
,,,47,,,,,,,,,,,,,,,,,,,,,,,,,,,,,155839,0.0016470340779051185
,,,47,,,,,,,,,,,,,,,,,,,,,,,,,,,,,155849,0.06319056451320648
,,,47,,,,,,,,,,,,,,,,,,,,,,,,,,,,,155859,0.0008505366859026253
,,,47,,,,,,,,,,,,,,,,,,,,,,,,,,,,,155869,0.012333925813436508
,,,47,,,,,,,,,,,,,,,,,,,,,,,,,,,,,155879,0.0011807450791820884
,,,47,,,,,,,,,,,,,,,,,,,,,,,,,,,,,155889,0.00110429257620126
,,,47,,,,,,,,,,,,,,,,,,,,,,,,,,,,,155899,0.00431831693276763
,,,47,,,,,,,,,,,,,,,,,,,,,,,,,,,,,155909,0.002760485513135791
,,,47,,,,,,,,,,,,,,,,,,,,,,,,,,,,,155919,0.001912174979224801
,,,47,,,,,,,,,,,,,,,,,,,,,,,,,,,,,155929,0.0006721295649185777
,,,47,,,,,,,,,,,,,,,,,,,,,,,,,,,,,155939,0.01161259040236473
,,,47,,,,,,,,,,,,,,,,,,,,,,,,,,,,,155949,0.0007900403579697013
,,,47,,,,,,,,,,,,,,,,,,,,,,,,,,,,,155959,0.0027278102934360504
,,,47,,,,,,,,,,,,,,,,,,,,,,,,,,,,,155969,0.0018589121755212545
,,,47,,,,,,,,,,,,,,,,,,,,,,,,,,,,,155979,0.001307083060964942
,,,47,,,,,,,,,,,,,,,,,,,,,,,,,,,,,155989,0.0015746013959869742
,,,47,,,,,,,,,,,,,,,,,,,,,,,,,,,,,155999,0.003889905521646142
,,,47,,,,,,,,,,,,,,,,,,,,,,,,,,,,,156009,0.0019954571034759283
,,,47,,,,,,,,,,,,,,,,,,,,,,,,,,,,,156019,0.09846913814544678
,,,47,,,,,,,,,,,,,,,,,,,,,,,,,,,,,156029,0.0005163051537238061
,,,47,,,,,,,,,,,,,,,,,,,,,,,,,,,,,156039,0.0020370304118841887
,,,47,,,,,,,,,,,,,,,,,,,,,,,,,,,,,156049,0.0016123555833473802
,,,47,,,,,,,,,,,,,,,,,,,,,,,,,,,,,156059,0.0040460070595145226
,,,47,,,,,,,,,,,,,,,,,,,,,,,,,,,,,156069,0.002199865411967039
,,,47,,,,,,,,,,,,,,,,,,,,,,,,,,,,,156079,0.0014820205979049206
,,,47,,,,,,,,,,,,,,,,,,,,,,,,,,,,,156089,0.0019362630555406213
,,,47,,,,,,,,,,,,,,,,,,,,,,,,,,,,,156099,0.0029013766907155514
,,,47,,,,,,,,,,,,,,,,,,,,,,,,,,,,,156109,0.0022162138484418392
,,,47,,,,,,,,,,,,,,,,,,,,,,,,,,,,,156119,0.0013124969555065036
,,,47,,,,,,,,,,,,,,,,,,,,,,,,,,,,,156129,0.0014566410100087523
,,,47,,,,,,,,,,,,,,,,,,,,,,,,,,,,,156139,0.007878519594669342
,,,47,,,,,,,,,,,,,,,,,,,,,,,,,,,,,156149,0.0013054081937298179
,,,47,,,,,,,,,,,,,,,,,,,,,,,,,,,,,156159,0.002064648550003767
,,,47,,,,,,,,,,,,,,,,,,,,,,,,,,,,,156169,0.0005238591693341732
,,,47,,,,,,,,,,,,,,,,,,,,,,,,,,,,,156179,0.18298430740833282
,,,47,,,,,,,,,,,,,,,,,,,,,,,,,,,,,156189,0.003369622863829136
,,,47,,,,,,,,,,,,,,,,,,,,,,,,,,,,,156199,0.001461704378016293
,,,47,,,,,,,,,,,,,,,,,,,,,,,,,,,,,156209,0.0024744190741330385
,,,47,,,,,,,,,,,,,,,,,,,,,,,,,,,,,156219,0.0016008693492040038
,,,47,,,,,,,,,,,,,,,,,,,,,,,,,,,,,156229,0.0005818860954605043
,,,47,,,,,,,,,,,,,,,,,,,,,,,,,,,,,156239,0.41370734572410583
,,,47,,,,,,,,,,,,,,,,,,,,,,,,,,,,,156249,0.001418529311195016
,,,47,,,,,,,,,,,,,,,,,,,,,,,,,,,,,156259,0.0008553560473956168
,,,47,,,,,,,,,,,,,,,,,,,,,,,,,,,,,156269,0.0010943511733785272
,,,47,,,,,,,,,,,,,,,,,,,,,,,,,,,,,156279,0.0010087185073643923
,,,47,,,,,,,,,,,,,,,,,,,,,,,,,,,,,156289,0.0010279219131916761
,,,47,,,,,,,,,,,,,,,,,,,,,,,,,,,,,156299,0.0011795504251495004
,,,47,,,,,,,,,,,,,,,,,,,,,,,,,,,,,156309,0.0039060660637915134
,,,47,,,,,,,,,,,,,,,,,,,,,,,,,,,,,156319,0.0012976703001186252
,,,47,,,,,,,,,,,,,,,,,,,,,,,,,,,,,156329,0.0019175049383193254
,,,47,,,,,,,,,,,,,,,,,,,,,,,,,,,,,156339,0.28350400924682617
,,,47,,,,,,,,,,,,,,,,,,,,,,,,,,,,,156349,0.0010006317170336843
,,,47,,,,,,,,,,,,,,,,,,,,,,,,,,,,,156359,0.19430187344551086
,,,47,,,,,,,,,,,,,,,,,,,,,,,,,,,,,156369,0.005554304923862219
,,,47,,,,,,,,,,,,,,,,,,,,,,,,,,,,,156379,0.003402933245524764
,,,47,,,,,,,,,,,,,,,,,,,,,,,,,,,,,156389,0.0013786022318527102
,,,47,,,,,,,,,,,,,,,,,,,,,,,,,,,,,156399,0.1587585061788559
,,,47,,,,,,,,,,,,,,,,,,,,,,,,,,,,,156409,0.005777898244559765
,,,47,,,,,,,,,,,,,,,,,,,,,,,,,,,,,156419,0.0015836000675335526
,,,47,,,,,,,,,,,,,,,,,,,,,,,,,,,,,156429,0.006299715489149094
,,,47,,,,,,,,,,,,,,,,,,,,,,,,,,,,,156439,0.0014948627213016152
,,,47,,,,,,,,,,,,,,,,,,,,,,,,,,,,,156449,0.00153862196020782
,,,47,,,,,,,,,,,,,,,,,,,,,,,,,,,,,156459,0.001234319992363453
,,,47,,,,,,,,,,,,,,,,,,,,,,,,,,,,,156469,0.0017330242553725839
,,,47,,,,,,,,,,,,,,,,,,,,,,,,,,,,,156479,0.0016100869979709387
,,,47,,,,,,,,,,,,,,,,,,,,,,,,,,,,,156489,0.018769295886158943
,,,47,,,,,,,,,,,,,,,,,,,,,,,,,,,,,156499,0.0031747373286634684
,,,47,,,,,,,,,,,,,,,,,,,,,,,,,,,,,156509,0.007951655425131321
,,,47,,,,,,,,,,,,,,,,,,,,,,,,,,,,,156519,0.2762216031551361
,,,47,,,,,,,,,,,,,,,,,,,,,,,,,,,,,156529,0.001783784944564104
,,,47,,,,,,,,,,,,,,,,,,,,,,,,,,,,,156539,0.006359913852065802
,,,47,,,,,,,,,,,,,,,,,,,,,,,,,,,,,156549,0.00993745680898428
,,,47,,,,,,,,,,,,,,,,,,,,,,,,,,,,,156559,0.02370273694396019
,,,47,,,,,,,,,,,,,,,,,,,,,,,,,,,,,156569,0.02795228734612465
,,,47,,,,,,,,,,,,,,,,,,,,,,,,,,,,,156579,0.0011120717972517014
,,,47,,,,,,,,,,,,,,,,,,,,,,,,,,,,,156589,0.8617151975631714
,,,47,,,,,,,,,,,,,,,,,,,,,,,,,,,,,156599,0.08844127506017685
,,,47,,,,,,,,,,,,,,,,,,,,,,,,,,,,,156609,0.003345136297866702
,,,47,,,,,,,,,,,,,,,,,,,,,,,,,,,,,156619,0.001807474996894598
,,,47,,,,,,,,,,,,,,,,,,,,,,,,,,,,,156629,0.0020104912109673023
,,,47,,,,,,,,,,,,,,,,,,,,,,,,,,,,,156639,0.008898228406906128
,,,47,,,,,,,,,,,,,,,,,,,,,,,,,,,,,156649,0.005726016126573086
,,,47,,,,,,,,,,,,,,,,,,,,,,,,,,,,,156659,0.0011364563833922148
,,,47,,,,,,,,,,,,,,,,,,,,,,,,,,,,,156669,0.0007820674800314009
,,,47,,,,,,,,,,,,,,,,,,,,,,,,,,,,,156679,0.01119072176516056
,,,47,,,,,,,,,,,,,,,,,,,,,,,,,,,,,156689,0.004860979970544577
,,,47,,,,,,,,,,,,,,,,,,,,,,,,,,,,,156699,0.00546563696116209
,,,47,,,,,,,,,,,,,,,,,,,,,,,,,,,,,156709,1.1834512948989868
,,,47,,,,,,,,,,,,,,,,,,,,,,,,,,,,,156719,0.0008308656979352236
,,,47,,,,,,,,,,,,,,,,,,,,,,,,,,,,,156729,0.5261214375495911
,,,47,,,,,,,,,,,,,,,,,,,,,,,,,,,,,156739,0.002896656049415469
,,,47,,,,,,,,,,,,,,,,,,,,,,,,,,,,,156749,0.0008574287639930844
,,,47,,,,,,,,,,,,,,,,,,,,,,,,,,,,,156759,0.0036845330614596605
,,,47,,,,,,,,,,,,,,,,,,,,,,,,,,,,,156769,0.008972162380814552
,,,47,,,,,,,,,,,,,,,,,,,,,,,,,,,,,156779,0.0013874276774004102
,,,47,,,,,,,,,,,,,,,,,,,,,,,,,,,,,156789,0.0007936710608191788
,,,47,,,,,,,,,,,,,,,,,,,,,,,,,,,,,156799,0.001389268203638494
,,,47,,,,,,,,,,,,,,,,,,,,,,,,,,,,,156809,0.060457780957221985
,,,47,,,,,,,,,,,,,,,,,,,,,,,,,,,,,156819,0.004548896104097366
,,,47,,,,,,,,,,,,,,,,,,,,,,,,,,,,,156829,0.001266241422854364
,,,47,,,,,,,,,,,,,,,,,,,,,,,,,,,,,156839,0.006220652721822262
,,,47,,,,,,,,,,,,,,,,,,,,,,,,,,,,,156849,0.17711423337459564
,,,47,,,,,,,,,,,,,,,,,,,,,,,,,,,,,156859,0.002419601194560528
,,,47,,,,,,,,,,,,,,,,,,,,,,,,,,,,,156869,0.0006134069408290088
,,,47,,,,,,,,,,,,,,,,,,,,,,,,,,,,,156879,0.009432017803192139
,,,47,,,,,,,,,,,,,,,,,,,,,,,,,,,,,156889,0.1445775330066681
,,,47,,,,,,,,,,,,,,,,,,,,,,,,,,,,,156899,0.0012244120007380843
,,,47,,,,,,,,,,,,,,,,,,,,,,,,,,,,,156909,0.0026922968681901693
,,,47,,,,,,,,,,,,,,,,,,,,,,,,,,,,,156919,0.000691004388500005
,,,47,,,,,,,,,,,,,,,,,,,,,,,,,,,,,156929,0.0018316637724637985
,,,47,,,,,,,,,,,,,,,,,,,,,,,,,,,,,156939,0.001224699430167675
,,,47,,,,,,,,,,,,,,,,,,,,,,,,,,,,,156949,0.0012545464560389519
,,,47,,,,,,,,,,,,,,,,,,,,,,,,,,,,,156959,0.0015595523873344064
,,,47,,,,,,,,,,,,,,,,,,,,,,,,,,,,,156969,0.0032891829032450914
,,,47,,,,,,,,,,,,,,,,,,,,,,,,,,,,,156979,0.00152303755749017
,,,47,,,,,,,,,,,,,,,,,,,,,,,,,,,,,156989,0.0017770202830433846
,,,47,,,,,,,,,,,,,,,,,,,,,,,,,,,,,156999,0.0022701136767864227
,,,47,,,,,,,,,,,,,,,,,,,,,,,,,,,,,157009,0.0005095592932775617
,,,47,,,,,,,,,,,,,,,,,,,,,,,,,,,,,157019,0.0009990253020077944
,,,47,,,,,,,,,,,,,,,,,,,,,,,,,,,,,157029,0.001538496813736856
,,,47,,,,,,,,,,,,,,,,,,,,,,,,,,,,,157039,0.001186555833555758
,,,47,,,,,,,,,,,,,,,,,,,,,,,,,,,,,157049,0.005613195244222879
,,,47,,,,,,,,,,,,,,,,,,,,,,,,,,,,,157059,0.0023853136226534843
,,,47,,,,,,,,,,,,,,,,,,,,,,,,,,,,,157069,0.39482060074806213
,,,47,,,,,,,,,,,,,,,,,,,,,,,,,,,,,157079,0.010025846771895885
,,,47,,,,,,,,,,,,,,,,,,,,,,,,,,,,,157089,0.16141729056835175
,,,47,,,,,,,,,,,,,,,,,,,,,,,,,,,,,157099,0.002147986087948084
,,,47,,,,,,,,,,,,,,,,,,,,,,,,,,,,,157109,0.0010300251888111234
,,,47,,,,,,,,,,,,,,,,,,,,,,,,,,,,,157119,0.003159063868224621
,,,47,,,,,,,,,,,,,,,,,,,,,,,,,,,,,157129,0.0005621980526484549
,,,47,,,,,,,,,,,,,,,,,,,,,,,,,,,,,157139,0.020237693563103676
,,,47,,,,,,,,,,,,,,,,,,,,,,,,,,,,,157149,0.0020700853783637285
,,,47,,,,,,,,,,,,,,,,,,,,,,,,,,,,,157159,0.012277250178158283
,,,47,,,,,,,,,,,,,,,,,,,,,,,,,,,,,157169,0.5546203851699829
,,,47,,,,,,,,,,,,,,,,,,,,,,,,,,,,,157179,0.007005710620433092
,,,47,,,,,,,,,,,,,,,,,,,,,,,,,,,,,157189,0.001833452028222382
,,,47,,,,,,,,,,,,,,,,,,,,,,,,,,,,,157199,0.000994782312773168
,,,47,,,,,,,,,,,,,,,,,,,,,,,,,,,,,157209,0.0014776915777474642
,,,47,,,,,,,,,,,,,,,,,,,,,,,,,,,,,157219,0.0006877571577206254
,,,47,,,,,,,,,,,,,,,,,,,,,,,,,,,,,157229,0.003678841283544898
,,,47,,,,,,,,,,,,,,,,,,,,,,,,,,,,,157239,0.001332322251982987
,,,47,,,,,,,,,,,,,,,,,,,,,,,,,,,,,157249,0.0020420190412551165
,,,47,,,,,,,,,,,,,,,,,,,,,,,,,,,,,157259,0.0005722076166421175
,,,47,,,,,,,,,,,,,,,,,,,,,,,,,,,,,157269,0.002042431151494384
,,,47,,,,,,,,,,,,,,,,,,,,,,,,,,,,,157279,0.0014519946416839957
,,,47,,,,,,,,,,,,,,,,,,,,,,,,,,,,,157289,0.11329333484172821
,,,47,,,,,,,,,,,,,,,,,,,,,,,,,,,,,157299,0.0034209531731903553
,,,47,,,,,,,,,,,,,,,,,,,,,,,,,,,,,157309,0.002428424544632435
,,,47,,,,,,,,,,,,,,,,,,,,,,,,,,,,,157319,0.02106931246817112
,,,47,,,,,,,,,,,,,,,,,,,,,,,,,,,,,157329,0.0008580012945458293
,,,47,,,,,,,,,,,,,,,,,,,,,,,,,,,,,157339,0.0016612152103334665
,,,47,,,,,,,,,,,,,,,,,,,,,,,,,,,,,157349,0.001499183475971222
,,,47,,,,,,,,,,,,,,,,,,,,,,,,,,,,,157359,0.0018497620476409793
,,,47,,,,,,,,,,,,,,,,,,,,,,,,,,,,,157369,0.0018213188741356134
,,,47,,,,,,,,,,,,,,,,,,,,,,,,,,,,,157379,0.8439664244651794
,,,47,,,,,,,,,,,,,,,,,,,,,,,,,,,,,157389,0.0008053078781813383
,,,47,,,,,,,,,,,,,,,,,,,,,,,,,,,,,157399,0.0022215580102056265
,,,47,,,,,,,,,,,,,,,,,,,,,,,,,,,,,157409,0.0007089304272085428
,,,47,,,,,,,,,,,,,,,,,,,,,,,,,,,,,157419,0.026841076090931892
,,,47,,,,,,,,,,,,,,,,,,,,,,,,,,,,,157429,0.006019049324095249
,,,47,,,,,,,,,,,,,,,,,,,,,,,,,,,,,157439,0.054632265120744705
,,,47,,,,,,,,,,,,,,,,,,,,,,,,,,,,,157449,0.0026041630189865828
,,,47,,,,,,,,,,,,,,,,,,,,,,,,,,,,,157459,0.0015179840847849846
,,,47,,,,,,,,,,,,,,,,,,,,,,,,,,,,,157469,0.0005224726628512144
,,,47,,,,,,,,,,,,,,,,,,,,,,,,,,,,,157479,0.002666665008291602
,,,47,,,,,,,,,,,,,,,,,,,,,,,,,,,,,157489,0.001439014682546258
,,,47,,,,,,,,,,,,,,,,,,,,,,,,,,,,,157499,0.003685252508148551
,,,47,,,,,,,,,,,,,,,,,,,,,,,,,,,,,157509,0.018896259367465973
,,,47,,,,,,,,,,,,,,,,,,,,,,,,,,,,,157519,0.002796676242724061
,,,47,,,,,,,,,,,,,,,,,,,,,,,,,,,,,157529,0.0009736130014061928
,,,47,,,,,,,,,,,,,,,,,,,,,,,,,,,,,157539,0.0012329529272392392
,,,47,,,,,,,,,,,,,,,,,,,,,,,,,,,,,157549,0.1329549252986908
,,,47,,,,,,,,,,,,,,,,,,,,,,,,,,,,,157559,0.0020607905462384224
,,,47,,,,,,,,,,,,,,,,,,,,,,,,,,,,,157569,0.00045602163299918175
,,,47,,,,,,,,,,,,,,,,,,,,,,,,,,,,,157579,1.399710774421692
,,,47,,,,,,,,,,,,,,,,,,,,,,,,,,,,,157589,0.11778423190116882
,,,47,,,,,,,,,,,,,,,,,,,,,,,,,,,,,157599,0.002162762451916933
,,,47,,,,,,,,,,,,,,,,,,,,,,,,,,,,,157609,0.001459865365177393
,,,47,,,,,,,,,,,,,,,,,,,,,,,,,,,,,157619,0.000834540231153369
,,,47,,,,,,,,,,,,,,,,,,,,,,,,,,,,,157629,0.024174954742193222
,,,47,,,,,,,,,,,,,,,,,,,,,,,,,,,,,157639,0.03819043189287186
,,,47,,,,,,,,,,,,,,,,,,,,,,,,,,,,,157649,0.0013594268821179867
,,,47,,,,,,,,,,,,,,,,,,,,,,,,,,,,,157659,0.001952117308974266
,,,47,,,,,,,,,,,,,,,,,,,,,,,,,,,,,157669,0.0010082261869683862
,,,47,,,,,,,,,,,,,,,,,,,,,,,,,,,,,157679,0.0018756367499008775
,,,47,,,,,,,,,,,,,,,,,,,,,,,,,,,,,157689,0.002869851654395461
,,,47,,,,,,,,,,,,,,,,,,,,,,,,,,,,,157699,0.04189705476164818
,,,47,,,,,,,,,,,,,,,,,,,,,,,,,,,,,157709,0.0008700484759174287
,,,47,,,,,,,,,,,,,,,,,,,,,,,,,,,,,157719,0.0008995726821012795
,,,47,,,,,,,,,,,,,,,,,,,,,,,,,,,,,157729,0.0013897999888285995
,,,47,,,,,,,,,,,,,,,,,,,,,,,,,,,,,157739,0.0009638299816288054
,,,47,,,,,,,,,,,,,,,,,,,,,,,,,,,,,157749,0.0008070811745710671
,,,47,,,,,,,,,,,,,,,,,,,,,,,,,,,,,157759,0.08466333150863647
,,,47,,,,,,,,,,,,,,,,,,,,,,,,,,,,,157769,0.0011045907158404589
,,,47,,,,,,,,,,,,,,,,,,,,,,,,,,,,,157779,0.0011955107329413295
,,,47,,,,,,,,,,,,,,,,,,,,,,,,,,,,,157789,0.007885373197495937
,,,47,,,,,,,,,,,,,,,,,,,,,,,,,,,,,157799,0.07179207354784012
,,,47,,,,,,,,,,,,,,,,,,,,,,,,,,,,,157809,0.0016703244764357805
,,,47,,,,,,,,,,,,,,,,,,,,,,,,,,,,,157819,0.1935761719942093
,,,47,,,,,,,,,,,,,,,,,,,,,,,,,,,,,157829,0.2463192641735077
,,,47,,,,,,,,,,,,,,,,,,,,,,,,,,,,,157839,0.0036277926992625
,,,47,,,,,,,,,,,,,,,,,,,,,,,,,,,,,157849,0.0018153751734644175
,,,47,,,,,,,,,,,,,,,,,,,,,,,,,,,,,157859,0.0013496316969394684
,,,47,,,,,,,,,,,,,,,,,,,,,,,,,,,,,157869,0.000871618278324604
,,,47,,,,,,,,,,,,,,,,,,,,,,,,,,,,,157879,0.001580647425726056
,,,47,,,,,,,,,,,,,,,,,,,,,,,,,,,,,157889,0.013166612945497036
,,,47,,,,,,,,,,,,,,,,,,,,,,,,,,,,,157899,0.0008297341992147267
,,,47,,,,,,,,,,,,,,,,,,,,,,,,,,,,,157909,0.0026232765521854162
,,,47,,,,,,,,,,,,,,,,,,,,,,,,,,,,,157919,0.0013196631334722042
,,,47,,,,,,,,,,,,,,,,,,,,,,,,,,,,,157929,0.0009373978828079998
,,,47,,,,,,,,,,,,,,,,,,,,,,,,,,,,,157939,0.0019268837058916688
,,,47,,,,,,,,,,,,,,,,,,,,,,,,,,,,,157949,0.0015085963532328606
,,,47,,,,,,,,,,,,,,,,,,,,,,,,,,,,,157959,0.0012377500534057617
,,,47,,,,,,,,,,,,,,,,,,,,,,,,,,,,,157969,0.0006708527798764408
,,,47,,,,,,,,,,,,,,,,,,,,,,,,,,,,,157979,0.001160974963568151
,,,47,,,,,,,,,,,,,,,,,,,,,,,,,,,,,157989,0.002783346688374877
,,,47,,,,,,,,,,,,,,,,,,,,,,,,,,,,,157999,0.3119457960128784
,,,47,,,,,,,,,,,,,,,,,,,,,,,,,,,,,158009,0.0007143132388591766
,,,47,,,,,,,,,,,,,,,,,,,,,,,,,,,,,158019,0.00090671272482723
,,,47,,,,,,,,,,,,,,,,,,,,,,,,,,,,,158029,0.0016399589367210865
,,,47,,,,,,,,,,,,,,,,,,,,,,,,,,,,,158039,0.006171138025820255
,,,47,,,,,,,,,,,,,,,,,,,,,,,,,,,,,158049,0.01506144367158413
,,,47,,,,,,,,,,,,,,,,,,,,,,,,,,,,,158059,0.0015932410024106503
,,,47,,,,,,,,,,,,,,,,,,,,,,,,,,,,,158069,0.0007910161511972547
,,,47,,,,,,,,,,,,,,,,,,,,,,,,,,,,,158079,0.003680393099784851
,,,47,,,,,,,,,,,,,,,,,,,,,,,,,,,,,158089,0.0005823252140544355
,,,47,,,,,,,,,,,,,,,,,,,,,,,,,,,,,158099,0.0006921102758497
,,,47,,,,,,,,,,,,,,,,,,,,,,,,,,,,,158109,0.0020576391834765673
,,,47,,,,,,,,,,,,,,,,,,,,,,,,,,,,,158119,0.015803886577486992
,,,47,,,,,,,,,,,,,,,,,,,,,,,,,,,,,158129,0.0012029714416712523
,,,47,,,,,,,,,,,,,,,,,,,,,,,,,,,,,158139,0.0018359289970248938
,,,47,,,,,,,,,,,,,,,,,,,,,,,,,,,,,158149,0.006519665475934744
,,,47,,,,,,,,,,,,,,,,,,,,,,,,,,,,,158159,0.0016034288564696908
,,,47,,,,,,,,,,,,,,,,,,,,,,,,,,,,,158169,0.001306261750869453
,,,47,,,,,,,,,,,,,,,,,,,,,,,,,,,,,158179,0.4581279456615448
,,,47,,,,,,,,,,,,,,,,,,,,,,,,,,,,,158189,0.007373624015599489
,,,47,,,,,,,,,,,,,,,,,,,,,,,,,,,,,158199,0.0009795771911740303
,,,47,,,,,,,,,,,,,,,,,,,,,,,,,,,,,158209,0.0012308324221521616
,,,47,,,,,,,,,,,,,,,,,,,,,,,,,,,,,158219,0.000849466654472053
,,,47,,,,,,,,,,,,,,,,,,,,,,,,,,,,,158229,0.0007543499814346433
,,,47,,,,,,,,,,,,,,,,,,,,,,,,,,,,,158239,0.0022403511684387922
,,,47,,,,,,,,,,,,,,,,,,,,,,,,,,,,,158249,0.001929322024807334
,,,47,,,,,,,,,,,,,,,,,,,,,,,,,,,,,158259,0.0010869965190067887
,,,47,,,,,,,,,,,,,,,,,,,,,,,,,,,,,158269,0.0009645087993703783
,,,47,,,,,,,,,,,,,,,,,,,,,,,,,,,,,158279,0.29079633951187134
,,,47,,,,,,,,,,,,,,,,,,,,,,,,,,,,,158289,0.002148451516404748
,,,47,,,,,,,,,,,,,,,,,,,,,,,,,,,,,158299,0.001422213506884873
,,,47,,,,,,,,,,,,,,,,,,,,,,,,,,,,,158309,0.03871764615178108
,,,47,,,,,,,,,,,,,,,,,,,,,,,,,,,,,158319,0.0064513604156672955
,,,47,,,,,,,,,,,,,,,,,,,,,,,,,,,,,158329,0.0020651083905249834
,,,47,,,,,,,,,,,,,,,,,,,,,,,,,,,,,158339,0.0019070140551775694
,,,47,,,,,,,,,,,,,,,,,,,,,,,,,,,,,158349,0.0012491050874814391
,,,47,,,,,,,,,,,,,,,,,,,,,,,,,,,,,158359,0.0011394614120945334
,,,47,,,,,,,,,,,,,,,,,,,,,,,,,,,,,158369,0.0016812372487038374
,,,47,,,,,,,,,,,,,,,,,,,,,,,,,,,,,158379,0.007590011693537235
,,,47,,,,,,,,,,,,,,,,,,,,,,,,,,,,,158389,0.0006638065096922219
,,,47,,,,,,,,,,,,,,,,,,,,,,,,,,,,,158399,0.001395425875671208
,,,47,,,,,,,,,,,,,,,,,,,,,,,,,,,,,158409,0.0006118820747360587
,,,47,,,,,,,,,,,,,,,,,,,,,,,,,,,,,158419,0.005074146203696728
,,,47,,,,,,,,,,,,,,,,,,,,,,,,,,,,,158429,0.0003852206573355943
,,,47,,,,,,,,,,,,,,,,,,,,,,,,,,,,,158439,0.0007116389460861683
,,,47,,,,,,,,,,,,,,,,,,,,,,,,,,,,,158449,0.0014152664225548506
,,,47,,,,,,,,,,,,,,,,,,,,,,,,,,,,,158459,0.001386131625622511
,,,47,,,,,,,,,,,,,,,,,,,,,,,,,,,,,158469,0.0010229450417682528
,,,47,,,,,,,,,,,,,,,,,,,,,,,,,,,,,158479,0.0044054375030100346
,,,47,,,,,,,,,,,,,,,,,,,,,,,,,,,,,158489,0.035126231610774994
,,,47,,,,,,,,,,,,,,,,,,,,,,,,,,,,,158499,0.0013318749843165278
,,,47,,,,,,,,,,,,,,,,,,,,,,,,,,,,,158509,0.08726117759943008
,,,47,,,,,,,,,,,,,,,,,,,,,,,,,,,,,158519,0.0019508047262206674
,,,47,,,,,,,,,,,,,,,,,,,,,,,,,,,,,158529,0.0060202088207006454
,,,47,,,,,,,,,,,,,,,,,,,,,,,,,,,,,158539,0.004061820916831493
,,,47,,,,,,,,,,,,,,,,,,,,,,,,,,,,,158549,0.0013464773073792458
,,,47,,,,,,,,,,,,,,,,,,,,,,,,,,,,,158559,0.0018850186606869102
,,,47,,,,,,,,,,,,,,,,,,,,,,,,,,,,,158569,0.00127606769092381
,,,47,,,,,,,,,,,,,,,,,,,,,,,,,,,,,158579,0.005039840005338192
,,,47,,,,,,,,,,,,,,,,,,,,,,,,,,,,,158589,0.0016031803097575903
,,,47,,,,,,,,,,,,,,,,,,,,,,,,,,,,,158599,0.006451164372265339
,,,47,,,,,,,,,,,,,,,,,,,,,,,,,,,,,158609,0.10722746700048447
,,,47,,,,,,,,,,,,,,,,,,,,,,,,,,,,,158619,0.0006462884484790266
,,,47,,,,,,,,,,,,,,,,,,,,,,,,,,,,,158629,0.001014531240798533
,,,47,,,,,,,,,,,,,,,,,,,,,,,,,,,,,158639,0.014009922742843628
,,,47,,,,,,,,,,,,,,,,,,,,,,,,,,,,,158649,0.029272833839058876
,,,47,,,,,,,,,,,,,,,,,,,,,,,,,,,,,158659,0.0012936072889715433
,,,47,,,,,,,,,,,,,,,,,,,,,,,,,,,,,158669,0.009566687047481537
,,,47,,,,,,,,,,,,,,,,,,,,,,,,,,,,,158679,0.008229488506913185
,,,47,,,,,,,,,,,,,,,,,,,,,,,,,,,,,158689,0.012484779581427574
,,,47,,,,,,,,,,,,,,,,,,,,,,,,,,,,,158699,0.025529779493808746
,,,47,,,,,,,,,,,,,,,,,,,,,,,,,,,,,158709,0.001777956378646195
,,,47,,,,,,,,,,,,,,,,,,,,,,,,,,,,,158719,0.0032180887646973133
,,,47,,,,,,,,,,,,,,,,,,,,,,,,,,,,,158729,0.002630571834743023
,,,47,,,,,,,,,,,,,,,,,,,,,,,,,,,,,158739,0.0009451366495341063
,,,47,,,,,,,,,,,,,,,,,,,,,,,,,,,,,158749,0.0012786687584593892
,,,47,,,,,,,,,,,,,,,,,,,,,,,,,,,,,158759,0.004211671184748411
,,,47,,,,,,,,,,,,,,,,,,,,,,,,,,,,,158769,0.002441376680508256
,,,47,,,,,,,,,,,,,,,,,,,,,,,,,,,,,158779,0.0012964188354089856
,,,47,,,,,,,,,,,,,,,,,,,,,,,,,,,,,158789,0.010691831819713116
,,,47,,,,,,,,,,,,,,,,,,,,,,,,,,,,,158799,0.0012795757502317429
,,,47,,,,,,,,,,,,,,,,,,,,,,,,,,,,,158809,0.002180286915972829
,,,47,,,,,,,,,,,,,,,,,,,,,,,,,,,,,158819,0.004417019430547953
,,,47,,,,,,,,,,,,,,,,,,,,,,,,,,,,,158829,0.23287731409072876
,,,47,,,,,,,,,,,,,,,,,,,,,,,,,,,,,158839,0.0023177301045507193
,,,47,,,,,,,,,,,,,,,,,,,,,,,,,,,,,158849,0.002466329140588641
,,,47,,,,,,,,,,,,,,,,,,,,,,,,,,,,,158859,0.0006572967977263033
,,,47,,,,,,,,,,,,,,,,,,,,,,,,,,,,,158869,0.008736098185181618
,,,47,,,,,,,,,,,,,,,,,,,,,,,,,,,,,158879,0.004832472652196884
,,,,2.7677656599734797e-09,1.550514707453369e-08,2.385407242235952e-08,2.385407242235952e-08,3.669857295747618e-08,3.669857295747618e-08,5.645934301150182e-08,5.645934301150182e-08,8.68605277100028e-08,8.68605277100028e-08,1.3363158109231198e-07,2.7677656599734797e-09,1.3363158109231198e-07,2.0558704783432611e-07,2.0558704783432611e-07,3.162877658989633e-07,3.162877658989633e-07,4.865965629214819e-07,4.865965629214819e-07,4.865965629214819e-07,4.865965629214819e-07,4.258101015343814e-09,4.258101015343814e-09,6.550924638990484e-09,6.550924638990484e-09,1.0078345598446898e-08,1.0078345598446898e-08,1.550514707453369e-08,158881,
,,,48,,,,,,,,,,,,,,,,,,,,,,,,,,,,,158889,0.001421575783751905
,,,48,,,,,,,,,,,,,,,,,,,,,,,,,,,,,158899,0.0012227777624502778
,,,48,,,,,,,,,,,,,,,,,,,,,,,,,,,,,158909,0.0019943052902817726
,,,48,,,,,,,,,,,,,,,,,,,,,,,,,,,,,158919,0.0014106500893831253
,,,48,,,,,,,,,,,,,,,,,,,,,,,,,,,,,158929,0.003927924204617739
,,,48,,,,,,,,,,,,,,,,,,,,,,,,,,,,,158939,0.0013309716014191508
,,,48,,,,,,,,,,,,,,,,,,,,,,,,,,,,,158949,0.0014921781839802861
,,,48,,,,,,,,,,,,,,,,,,,,,,,,,,,,,158959,0.01267910934984684
,,,48,,,,,,,,,,,,,,,,,,,,,,,,,,,,,158969,1.016483187675476
,,,48,,,,,,,,,,,,,,,,,,,,,,,,,,,,,158979,0.009582523256540298
,,,48,,,,,,,,,,,,,,,,,,,,,,,,,,,,,158989,0.0016403230838477612
,,,48,,,,,,,,,,,,,,,,,,,,,,,,,,,,,158999,0.0017276722937822342
,,,48,,,,,,,,,,,,,,,,,,,,,,,,,,,,,159009,0.0015865154564380646
,,,48,,,,,,,,,,,,,,,,,,,,,,,,,,,,,159019,0.3347680866718292
,,,48,,,,,,,,,,,,,,,,,,,,,,,,,,,,,159029,0.0013187214499339461
,,,48,,,,,,,,,,,,,,,,,,,,,,,,,,,,,159039,0.15272313356399536
,,,48,,,,,,,,,,,,,,,,,,,,,,,,,,,,,159049,0.14546063542366028
,,,48,,,,,,,,,,,,,,,,,,,,,,,,,,,,,159059,0.0008639913867227733
,,,48,,,,,,,,,,,,,,,,,,,,,,,,,,,,,159069,0.002599845640361309
,,,48,,,,,,,,,,,,,,,,,,,,,,,,,,,,,159079,0.0020261292811483145
,,,48,,,,,,,,,,,,,,,,,,,,,,,,,,,,,159089,0.0009587379172444344
,,,48,,,,,,,,,,,,,,,,,,,,,,,,,,,,,159099,0.0007545086555182934
,,,48,,,,,,,,,,,,,,,,,,,,,,,,,,,,,159109,0.0021008315961807966
,,,48,,,,,,,,,,,,,,,,,,,,,,,,,,,,,159119,0.002337520243600011
,,,48,,,,,,,,,,,,,,,,,,,,,,,,,,,,,159129,0.3604690134525299
,,,48,,,,,,,,,,,,,,,,,,,,,,,,,,,,,159139,0.0032821567729115486
,,,48,,,,,,,,,,,,,,,,,,,,,,,,,,,,,159149,0.00975390337407589
,,,48,,,,,,,,,,,,,,,,,,,,,,,,,,,,,159159,0.0016765185864642262
,,,48,,,,,,,,,,,,,,,,,,,,,,,,,,,,,159169,0.0006625446258112788
,,,48,,,,,,,,,,,,,,,,,,,,,,,,,,,,,159179,0.001870721229352057
,,,48,,,,,,,,,,,,,,,,,,,,,,,,,,,,,159189,0.0013476001331582665
,,,48,,,,,,,,,,,,,,,,,,,,,,,,,,,,,159199,0.6433921456336975
,,,48,,,,,,,,,,,,,,,,,,,,,,,,,,,,,159209,0.00038978763041086495
,,,48,,,,,,,,,,,,,,,,,,,,,,,,,,,,,159219,0.0014446598943322897
,,,48,,,,,,,,,,,,,,,,,,,,,,,,,,,,,159229,0.003929351922124624
,,,48,,,,,,,,,,,,,,,,,,,,,,,,,,,,,159239,0.0010817935690283775
,,,48,,,,,,,,,,,,,,,,,,,,,,,,,,,,,159249,0.003140048123896122
,,,48,,,,,,,,,,,,,,,,,,,,,,,,,,,,,159259,0.0010359111474826932
,,,48,,,,,,,,,,,,,,,,,,,,,,,,,,,,,159269,0.0010509933345019817
,,,48,,,,,,,,,,,,,,,,,,,,,,,,,,,,,159279,0.002309356816112995
,,,48,,,,,,,,,,,,,,,,,,,,,,,,,,,,,159289,0.021552477031946182
,,,48,,,,,,,,,,,,,,,,,,,,,,,,,,,,,159299,0.0018918244168162346
,,,48,,,,,,,,,,,,,,,,,,,,,,,,,,,,,159309,0.001762289204634726
,,,48,,,,,,,,,,,,,,,,,,,,,,,,,,,,,159319,0.0010947136906906962
,,,48,,,,,,,,,,,,,,,,,,,,,,,,,,,,,159329,0.0013382703764364123
,,,48,,,,,,,,,,,,,,,,,,,,,,,,,,,,,159339,0.0009533099946565926
,,,48,,,,,,,,,,,,,,,,,,,,,,,,,,,,,159349,0.0017992232460528612
,,,48,,,,,,,,,,,,,,,,,,,,,,,,,,,,,159359,0.05907978489995003
,,,48,,,,,,,,,,,,,,,,,,,,,,,,,,,,,159369,0.0032529544550925493
,,,48,,,,,,,,,,,,,,,,,,,,,,,,,,,,,159379,0.06215791404247284
,,,48,,,,,,,,,,,,,,,,,,,,,,,,,,,,,159389,0.0013875950826331973
,,,48,,,,,,,,,,,,,,,,,,,,,,,,,,,,,159399,0.0014714360004290938
,,,48,,,,,,,,,,,,,,,,,,,,,,,,,,,,,159409,0.071331687271595
,,,48,,,,,,,,,,,,,,,,,,,,,,,,,,,,,159419,0.006535020656883717
,,,48,,,,,,,,,,,,,,,,,,,,,,,,,,,,,159429,0.0016673103673383594
,,,48,,,,,,,,,,,,,,,,,,,,,,,,,,,,,159439,0.08797404170036316
,,,48,,,,,,,,,,,,,,,,,,,,,,,,,,,,,159449,0.011273525655269623
,,,48,,,,,,,,,,,,,,,,,,,,,,,,,,,,,159459,0.0010097133927047253
,,,48,,,,,,,,,,,,,,,,,,,,,,,,,,,,,159469,0.0009881481528282166
,,,48,,,,,,,,,,,,,,,,,,,,,,,,,,,,,159479,0.0009802099084481597
,,,48,,,,,,,,,,,,,,,,,,,,,,,,,,,,,159489,0.1944115310907364
,,,48,,,,,,,,,,,,,,,,,,,,,,,,,,,,,159499,0.0005704427603632212
,,,48,,,,,,,,,,,,,,,,,,,,,,,,,,,,,159509,0.0032188850454986095
,,,48,,,,,,,,,,,,,,,,,,,,,,,,,,,,,159519,0.00391734205186367
,,,48,,,,,,,,,,,,,,,,,,,,,,,,,,,,,159529,0.0012386271264404058
,,,48,,,,,,,,,,,,,,,,,,,,,,,,,,,,,159539,0.7559354901313782
,,,48,,,,,,,,,,,,,,,,,,,,,,,,,,,,,159549,0.0006065267371013761
,,,48,,,,,,,,,,,,,,,,,,,,,,,,,,,,,159559,0.03688596189022064
,,,48,,,,,,,,,,,,,,,,,,,,,,,,,,,,,159569,0.03973207622766495
,,,48,,,,,,,,,,,,,,,,,,,,,,,,,,,,,159579,0.812705397605896
,,,48,,,,,,,,,,,,,,,,,,,,,,,,,,,,,159589,0.039750758558511734
,,,48,,,,,,,,,,,,,,,,,,,,,,,,,,,,,159599,0.0010264955926686525
,,,48,,,,,,,,,,,,,,,,,,,,,,,,,,,,,159609,0.013028284534811974
,,,48,,,,,,,,,,,,,,,,,,,,,,,,,,,,,159619,0.0007299021235667169
,,,48,,,,,,,,,,,,,,,,,,,,,,,,,,,,,159629,0.006268032360821962
,,,48,,,,,,,,,,,,,,,,,,,,,,,,,,,,,159639,0.1344182938337326
,,,48,,,,,,,,,,,,,,,,,,,,,,,,,,,,,159649,0.004081822000443935
,,,48,,,,,,,,,,,,,,,,,,,,,,,,,,,,,159659,0.0029162701684981585
,,,48,,,,,,,,,,,,,,,,,,,,,,,,,,,,,159669,0.0010247117606922984
,,,48,,,,,,,,,,,,,,,,,,,,,,,,,,,,,159679,0.0012897681444883347
,,,48,,,,,,,,,,,,,,,,,,,,,,,,,,,,,159689,0.001104849623516202
,,,48,,,,,,,,,,,,,,,,,,,,,,,,,,,,,159699,0.002044636756181717
,,,48,,,,,,,,,,,,,,,,,,,,,,,,,,,,,159709,0.7136869430541992
,,,48,,,,,,,,,,,,,,,,,,,,,,,,,,,,,159719,0.0011461653048172593
,,,48,,,,,,,,,,,,,,,,,,,,,,,,,,,,,159729,0.002335619879886508
,,,48,,,,,,,,,,,,,,,,,,,,,,,,,,,,,159739,0.0020075798965990543
,,,48,,,,,,,,,,,,,,,,,,,,,,,,,,,,,159749,0.0009904293110594153
,,,48,,,,,,,,,,,,,,,,,,,,,,,,,,,,,159759,0.15072211623191833
,,,48,,,,,,,,,,,,,,,,,,,,,,,,,,,,,159769,0.001251181005500257
,,,48,,,,,,,,,,,,,,,,,,,,,,,,,,,,,159779,0.0013495797757059336
,,,48,,,,,,,,,,,,,,,,,,,,,,,,,,,,,159789,0.003972637001425028
,,,48,,,,,,,,,,,,,,,,,,,,,,,,,,,,,159799,0.0067178416065871716
,,,48,,,,,,,,,,,,,,,,,,,,,,,,,,,,,159809,0.0011887607397511601
,,,48,,,,,,,,,,,,,,,,,,,,,,,,,,,,,159819,0.003463109489530325
,,,48,,,,,,,,,,,,,,,,,,,,,,,,,,,,,159829,0.0009796943049877882
,,,48,,,,,,,,,,,,,,,,,,,,,,,,,,,,,159839,0.004062232561409473
,,,48,,,,,,,,,,,,,,,,,,,,,,,,,,,,,159849,0.0007214406505227089
,,,48,,,,,,,,,,,,,,,,,,,,,,,,,,,,,159859,0.001347200246527791
,,,48,,,,,,,,,,,,,,,,,,,,,,,,,,,,,159869,0.0008593409438617527
,,,48,,,,,,,,,,,,,,,,,,,,,,,,,,,,,159879,0.00913279503583908
,,,48,,,,,,,,,,,,,,,,,,,,,,,,,,,,,159889,0.0016471078852191567
,,,48,,,,,,,,,,,,,,,,,,,,,,,,,,,,,159899,0.05590220168232918
,,,48,,,,,,,,,,,,,,,,,,,,,,,,,,,,,159909,0.001528178108856082
,,,48,,,,,,,,,,,,,,,,,,,,,,,,,,,,,159919,0.002059393795207143
,,,48,,,,,,,,,,,,,,,,,,,,,,,,,,,,,159929,0.002174138789996505
,,,48,,,,,,,,,,,,,,,,,,,,,,,,,,,,,159939,0.029461443424224854
,,,48,,,,,,,,,,,,,,,,,,,,,,,,,,,,,159949,0.024919597432017326
,,,48,,,,,,,,,,,,,,,,,,,,,,,,,,,,,159959,0.0007493607117794454
,,,48,,,,,,,,,,,,,,,,,,,,,,,,,,,,,159969,0.005699545610696077
,,,48,,,,,,,,,,,,,,,,,,,,,,,,,,,,,159979,0.031197646632790565
,,,48,,,,,,,,,,,,,,,,,,,,,,,,,,,,,159989,0.0009662931552156806
,,,48,,,,,,,,,,,,,,,,,,,,,,,,,,,,,159999,0.002910428447648883
,,,48,,,,,,,,,,,,,,,,,,,,,,,,,,,,,160009,0.002066290471702814
,,,48,,,,,,,,,,,,,,,,,,,,,,,,,,,,,160019,0.0028830531518906355
,,,48,,,,,,,,,,,,,,,,,,,,,,,,,,,,,160029,0.002200033515691757
,,,48,,,,,,,,,,,,,,,,,,,,,,,,,,,,,160039,0.3363448977470398
,,,48,,,,,,,,,,,,,,,,,,,,,,,,,,,,,160049,0.0012502730824053288
,,,48,,,,,,,,,,,,,,,,,,,,,,,,,,,,,160059,0.001061294344253838
,,,48,,,,,,,,,,,,,,,,,,,,,,,,,,,,,160069,0.003543875180184841
,,,48,,,,,,,,,,,,,,,,,,,,,,,,,,,,,160079,0.002025413792580366
,,,48,,,,,,,,,,,,,,,,,,,,,,,,,,,,,160089,0.426104336977005
,,,48,,,,,,,,,,,,,,,,,,,,,,,,,,,,,160099,0.0018206210806965828
,,,48,,,,,,,,,,,,,,,,,,,,,,,,,,,,,160109,0.0005953361396677792
,,,48,,,,,,,,,,,,,,,,,,,,,,,,,,,,,160119,0.0014015707420185208
,,,48,,,,,,,,,,,,,,,,,,,,,,,,,,,,,160129,0.0020967063028365374
,,,48,,,,,,,,,,,,,,,,,,,,,,,,,,,,,160139,0.0015798088861629367
,,,48,,,,,,,,,,,,,,,,,,,,,,,,,,,,,160149,0.003323651384562254
,,,48,,,,,,,,,,,,,,,,,,,,,,,,,,,,,160159,0.0020469261799007654
,,,48,,,,,,,,,,,,,,,,,,,,,,,,,,,,,160169,0.0016293316148221493
,,,48,,,,,,,,,,,,,,,,,,,,,,,,,,,,,160179,0.0014022263931110501
,,,48,,,,,,,,,,,,,,,,,,,,,,,,,,,,,160189,0.0016234144568443298
,,,48,,,,,,,,,,,,,,,,,,,,,,,,,,,,,160199,0.0016353798564523458
,,,48,,,,,,,,,,,,,,,,,,,,,,,,,,,,,160209,0.0016932915896177292
,,,48,,,,,,,,,,,,,,,,,,,,,,,,,,,,,160219,0.00323192379437387
,,,48,,,,,,,,,,,,,,,,,,,,,,,,,,,,,160229,0.0014512003399431705
,,,48,,,,,,,,,,,,,,,,,,,,,,,,,,,,,160239,0.005013252608478069
,,,48,,,,,,,,,,,,,,,,,,,,,,,,,,,,,160249,0.002035361248999834
,,,48,,,,,,,,,,,,,,,,,,,,,,,,,,,,,160259,0.0011781007051467896
,,,48,,,,,,,,,,,,,,,,,,,,,,,,,,,,,160269,0.25259631872177124
,,,48,,,,,,,,,,,,,,,,,,,,,,,,,,,,,160279,0.0011231184471398592
,,,48,,,,,,,,,,,,,,,,,,,,,,,,,,,,,160289,0.002257945714518428
,,,48,,,,,,,,,,,,,,,,,,,,,,,,,,,,,160299,0.001216377248056233
,,,48,,,,,,,,,,,,,,,,,,,,,,,,,,,,,160309,0.028488973155617714
,,,48,,,,,,,,,,,,,,,,,,,,,,,,,,,,,160319,0.00044648806215263903
,,,48,,,,,,,,,,,,,,,,,,,,,,,,,,,,,160329,0.000758479000069201
,,,48,,,,,,,,,,,,,,,,,,,,,,,,,,,,,160339,0.0020789189729839563
,,,48,,,,,,,,,,,,,,,,,,,,,,,,,,,,,160349,0.013691721484065056
,,,48,,,,,,,,,,,,,,,,,,,,,,,,,,,,,160359,0.007626079022884369
,,,48,,,,,,,,,,,,,,,,,,,,,,,,,,,,,160369,0.0011536994716152549
,,,48,,,,,,,,,,,,,,,,,,,,,,,,,,,,,160379,0.0017181988805532455
,,,48,,,,,,,,,,,,,,,,,,,,,,,,,,,,,160389,0.0010933474404737353
,,,48,,,,,,,,,,,,,,,,,,,,,,,,,,,,,160399,0.0017089941538870335
,,,48,,,,,,,,,,,,,,,,,,,,,,,,,,,,,160409,0.0016845280770212412
,,,48,,,,,,,,,,,,,,,,,,,,,,,,,,,,,160419,0.002925311215221882
,,,48,,,,,,,,,,,,,,,,,,,,,,,,,,,,,160429,0.0008344996022060513
,,,48,,,,,,,,,,,,,,,,,,,,,,,,,,,,,160439,0.001291660126298666
,,,48,,,,,,,,,,,,,,,,,,,,,,,,,,,,,160449,0.0009180908091366291
,,,48,,,,,,,,,,,,,,,,,,,,,,,,,,,,,160459,0.0030615078285336494
,,,48,,,,,,,,,,,,,,,,,,,,,,,,,,,,,160469,0.0007973841857165098
,,,48,,,,,,,,,,,,,,,,,,,,,,,,,,,,,160479,0.5232895016670227
,,,48,,,,,,,,,,,,,,,,,,,,,,,,,,,,,160489,0.0017616450786590576
,,,48,,,,,,,,,,,,,,,,,,,,,,,,,,,,,160499,0.0017323963111266494
,,,48,,,,,,,,,,,,,,,,,,,,,,,,,,,,,160509,0.001102366717532277
,,,48,,,,,,,,,,,,,,,,,,,,,,,,,,,,,160519,0.16896644234657288
,,,48,,,,,,,,,,,,,,,,,,,,,,,,,,,,,160529,0.00501613225787878
,,,48,,,,,,,,,,,,,,,,,,,,,,,,,,,,,160539,0.00100147002376616
,,,48,,,,,,,,,,,,,,,,,,,,,,,,,,,,,160549,0.003250417998060584
,,,48,,,,,,,,,,,,,,,,,,,,,,,,,,,,,160559,0.002093430608510971
,,,48,,,,,,,,,,,,,,,,,,,,,,,,,,,,,160569,0.00316062499769032
,,,48,,,,,,,,,,,,,,,,,,,,,,,,,,,,,160579,0.053637415170669556
,,,48,,,,,,,,,,,,,,,,,,,,,,,,,,,,,160589,0.0010066261747851968
,,,48,,,,,,,,,,,,,,,,,,,,,,,,,,,,,160599,0.0017276337603107095
,,,48,,,,,,,,,,,,,,,,,,,,,,,,,,,,,160609,0.0019797389395534992
,,,48,,,,,,,,,,,,,,,,,,,,,,,,,,,,,160619,0.0011091987835243344
,,,48,,,,,,,,,,,,,,,,,,,,,,,,,,,,,160629,0.001230489113368094
,,,48,,,,,,,,,,,,,,,,,,,,,,,,,,,,,160639,0.001103434362448752
,,,48,,,,,,,,,,,,,,,,,,,,,,,,,,,,,160649,0.0018642561044543982
,,,48,,,,,,,,,,,,,,,,,,,,,,,,,,,,,160659,0.0038081572856754065
,,,48,,,,,,,,,,,,,,,,,,,,,,,,,,,,,160669,0.0005442901165224612
,,,48,,,,,,,,,,,,,,,,,,,,,,,,,,,,,160679,0.0029606700409203768
,,,48,,,,,,,,,,,,,,,,,,,,,,,,,,,,,160689,0.9219683408737183
,,,48,,,,,,,,,,,,,,,,,,,,,,,,,,,,,160699,0.05468171834945679
,,,48,,,,,,,,,,,,,,,,,,,,,,,,,,,,,160709,0.0009034955874085426
,,,48,,,,,,,,,,,,,,,,,,,,,,,,,,,,,160719,0.0017413643654435873
,,,48,,,,,,,,,,,,,,,,,,,,,,,,,,,,,160729,0.0013992589665576816
,,,48,,,,,,,,,,,,,,,,,,,,,,,,,,,,,160739,0.0008997042896226048
,,,48,,,,,,,,,,,,,,,,,,,,,,,,,,,,,160749,0.01008274033665657
,,,48,,,,,,,,,,,,,,,,,,,,,,,,,,,,,160759,0.003012138418853283
,,,48,,,,,,,,,,,,,,,,,,,,,,,,,,,,,160769,0.26408883929252625
,,,48,,,,,,,,,,,,,,,,,,,,,,,,,,,,,160779,0.0023071866016834974
,,,48,,,,,,,,,,,,,,,,,,,,,,,,,,,,,160789,0.0005262761260382831
,,,48,,,,,,,,,,,,,,,,,,,,,,,,,,,,,160799,0.0021593093406409025
,,,48,,,,,,,,,,,,,,,,,,,,,,,,,,,,,160809,0.002051879186183214
,,,48,,,,,,,,,,,,,,,,,,,,,,,,,,,,,160819,0.0026726045180112123
,,,48,,,,,,,,,,,,,,,,,,,,,,,,,,,,,160829,0.1904948502779007
,,,48,,,,,,,,,,,,,,,,,,,,,,,,,,,,,160839,0.04398903623223305
,,,48,,,,,,,,,,,,,,,,,,,,,,,,,,,,,160849,0.002863588510081172
,,,48,,,,,,,,,,,,,,,,,,,,,,,,,,,,,160859,0.006312936544418335
,,,48,,,,,,,,,,,,,,,,,,,,,,,,,,,,,160869,0.001394463935866952
,,,48,,,,,,,,,,,,,,,,,,,,,,,,,,,,,160879,0.0015545497881248593
,,,48,,,,,,,,,,,,,,,,,,,,,,,,,,,,,160889,0.004811672028154135
,,,48,,,,,,,,,,,,,,,,,,,,,,,,,,,,,160899,0.0008202236494980752
,,,48,,,,,,,,,,,,,,,,,,,,,,,,,,,,,160909,0.5540615320205688
,,,48,,,,,,,,,,,,,,,,,,,,,,,,,,,,,160919,0.003713381476700306
,,,48,,,,,,,,,,,,,,,,,,,,,,,,,,,,,160929,0.0027242579963058233
,,,48,,,,,,,,,,,,,,,,,,,,,,,,,,,,,160939,0.001516744145192206
,,,48,,,,,,,,,,,,,,,,,,,,,,,,,,,,,160949,0.002839127089828253
,,,48,,,,,,,,,,,,,,,,,,,,,,,,,,,,,160959,0.0011257244041189551
,,,48,,,,,,,,,,,,,,,,,,,,,,,,,,,,,160969,0.0018987150397151709
,,,48,,,,,,,,,,,,,,,,,,,,,,,,,,,,,160979,0.30203139781951904
,,,48,,,,,,,,,,,,,,,,,,,,,,,,,,,,,160989,0.0015084586339071393
,,,48,,,,,,,,,,,,,,,,,,,,,,,,,,,,,160999,0.0007387306541204453
,,,48,,,,,,,,,,,,,,,,,,,,,,,,,,,,,161009,0.0012149731628596783
,,,48,,,,,,,,,,,,,,,,,,,,,,,,,,,,,161019,0.0035249143838882446
,,,48,,,,,,,,,,,,,,,,,,,,,,,,,,,,,161029,0.007752726320177317
,,,48,,,,,,,,,,,,,,,,,,,,,,,,,,,,,161039,0.0013447111705318093
,,,48,,,,,,,,,,,,,,,,,,,,,,,,,,,,,161049,0.00550144724547863
,,,48,,,,,,,,,,,,,,,,,,,,,,,,,,,,,161059,0.0018582924967631698
,,,48,,,,,,,,,,,,,,,,,,,,,,,,,,,,,161069,0.0013202393893152475
,,,48,,,,,,,,,,,,,,,,,,,,,,,,,,,,,161079,0.00216085696592927
,,,48,,,,,,,,,,,,,,,,,,,,,,,,,,,,,161089,0.0011299907928332686
,,,48,,,,,,,,,,,,,,,,,,,,,,,,,,,,,161099,0.001096561667509377
,,,48,,,,,,,,,,,,,,,,,,,,,,,,,,,,,161109,0.0016444349894300103
,,,48,,,,,,,,,,,,,,,,,,,,,,,,,,,,,161119,0.0013235292863100767
,,,48,,,,,,,,,,,,,,,,,,,,,,,,,,,,,161129,0.003861276200041175
,,,48,,,,,,,,,,,,,,,,,,,,,,,,,,,,,161139,0.0009325396968051791
,,,48,,,,,,,,,,,,,,,,,,,,,,,,,,,,,161149,0.0010720279533416033
,,,48,,,,,,,,,,,,,,,,,,,,,,,,,,,,,161159,0.0005430533783510327
,,,48,,,,,,,,,,,,,,,,,,,,,,,,,,,,,161169,0.0011389259016141295
,,,48,,,,,,,,,,,,,,,,,,,,,,,,,,,,,161179,0.0009208768606185913
,,,48,,,,,,,,,,,,,,,,,,,,,,,,,,,,,161189,0.002788929734379053
,,,48,,,,,,,,,,,,,,,,,,,,,,,,,,,,,161199,0.0010226642480120063
,,,48,,,,,,,,,,,,,,,,,,,,,,,,,,,,,161209,0.0012125670909881592
,,,48,,,,,,,,,,,,,,,,,,,,,,,,,,,,,161219,0.0015928639331832528
,,,48,,,,,,,,,,,,,,,,,,,,,,,,,,,,,161229,0.01888488605618477
,,,48,,,,,,,,,,,,,,,,,,,,,,,,,,,,,161239,0.0025143299717456102
,,,48,,,,,,,,,,,,,,,,,,,,,,,,,,,,,161249,0.07629932463169098
,,,48,,,,,,,,,,,,,,,,,,,,,,,,,,,,,161259,0.012398081831634045
,,,48,,,,,,,,,,,,,,,,,,,,,,,,,,,,,161269,0.0009867344051599503
,,,48,,,,,,,,,,,,,,,,,,,,,,,,,,,,,161279,0.0015117216389626265
,,,48,,,,,,,,,,,,,,,,,,,,,,,,,,,,,161289,0.0014112464850768447
,,,48,,,,,,,,,,,,,,,,,,,,,,,,,,,,,161299,0.002647938672453165
,,,48,,,,,,,,,,,,,,,,,,,,,,,,,,,,,161309,0.003888231934979558
,,,48,,,,,,,,,,,,,,,,,,,,,,,,,,,,,161319,0.002150479005649686
,,,48,,,,,,,,,,,,,,,,,,,,,,,,,,,,,161329,0.03401259705424309
,,,48,,,,,,,,,,,,,,,,,,,,,,,,,,,,,161339,0.0007819058955647051
,,,48,,,,,,,,,,,,,,,,,,,,,,,,,,,,,161349,0.001802082872018218
,,,48,,,,,,,,,,,,,,,,,,,,,,,,,,,,,161359,0.0010836715810000896
,,,48,,,,,,,,,,,,,,,,,,,,,,,,,,,,,161369,0.7242892384529114
,,,48,,,,,,,,,,,,,,,,,,,,,,,,,,,,,161379,0.008444179780781269
,,,48,,,,,,,,,,,,,,,,,,,,,,,,,,,,,161389,0.002526218304410577
,,,48,,,,,,,,,,,,,,,,,,,,,,,,,,,,,161399,0.001638820511288941
,,,48,,,,,,,,,,,,,,,,,,,,,,,,,,,,,161409,0.0781405121088028
,,,48,,,,,,,,,,,,,,,,,,,,,,,,,,,,,161419,0.003841726342216134
,,,48,,,,,,,,,,,,,,,,,,,,,,,,,,,,,161429,0.0797187089920044
,,,48,,,,,,,,,,,,,,,,,,,,,,,,,,,,,161439,0.031687233597040176
,,,48,,,,,,,,,,,,,,,,,,,,,,,,,,,,,161449,0.0013462271308526397
,,,48,,,,,,,,,,,,,,,,,,,,,,,,,,,,,161459,0.004632744938135147
,,,48,,,,,,,,,,,,,,,,,,,,,,,,,,,,,161469,0.00348575203679502
,,,48,,,,,,,,,,,,,,,,,,,,,,,,,,,,,161479,0.0029014430474489927
,,,48,,,,,,,,,,,,,,,,,,,,,,,,,,,,,161489,0.0020194253884255886
,,,48,,,,,,,,,,,,,,,,,,,,,,,,,,,,,161499,0.0039306702092289925
,,,48,,,,,,,,,,,,,,,,,,,,,,,,,,,,,161509,0.005769442301243544
,,,48,,,,,,,,,,,,,,,,,,,,,,,,,,,,,161519,0.0018801821861416101
,,,48,,,,,,,,,,,,,,,,,,,,,,,,,,,,,161529,0.006535809487104416
,,,48,,,,,,,,,,,,,,,,,,,,,,,,,,,,,161539,0.000717946037184447
,,,48,,,,,,,,,,,,,,,,,,,,,,,,,,,,,161549,0.0011472022160887718
,,,48,,,,,,,,,,,,,,,,,,,,,,,,,,,,,161559,0.0008734785369597375
,,,48,,,,,,,,,,,,,,,,,,,,,,,,,,,,,161569,0.0009218371706083417
,,,48,,,,,,,,,,,,,,,,,,,,,,,,,,,,,161579,0.0009713624604046345
,,,48,,,,,,,,,,,,,,,,,,,,,,,,,,,,,161589,0.001183509943075478
,,,48,,,,,,,,,,,,,,,,,,,,,,,,,,,,,161599,0.0025465001817792654
,,,48,,,,,,,,,,,,,,,,,,,,,,,,,,,,,161609,0.0007189215975813568
,,,48,,,,,,,,,,,,,,,,,,,,,,,,,,,,,161619,0.002208571881055832
,,,48,,,,,,,,,,,,,,,,,,,,,,,,,,,,,161629,0.0015802219277247787
,,,48,,,,,,,,,,,,,,,,,,,,,,,,,,,,,161639,0.0021594949066638947
,,,48,,,,,,,,,,,,,,,,,,,,,,,,,,,,,161649,0.0030544272158294916
,,,48,,,,,,,,,,,,,,,,,,,,,,,,,,,,,161659,0.0007972329622134566
,,,48,,,,,,,,,,,,,,,,,,,,,,,,,,,,,161669,0.002714596688747406
,,,48,,,,,,,,,,,,,,,,,,,,,,,,,,,,,161679,0.0004084397223778069
,,,48,,,,,,,,,,,,,,,,,,,,,,,,,,,,,161689,0.03186052292585373
,,,48,,,,,,,,,,,,,,,,,,,,,,,,,,,,,161699,0.18889787793159485
,,,48,,,,,,,,,,,,,,,,,,,,,,,,,,,,,161709,0.0021943016909062862
,,,48,,,,,,,,,,,,,,,,,,,,,,,,,,,,,161719,0.0018724064575508237
,,,48,,,,,,,,,,,,,,,,,,,,,,,,,,,,,161729,0.005559664685279131
,,,48,,,,,,,,,,,,,,,,,,,,,,,,,,,,,161739,0.001751316012814641
,,,48,,,,,,,,,,,,,,,,,,,,,,,,,,,,,161749,0.000933591858483851
,,,48,,,,,,,,,,,,,,,,,,,,,,,,,,,,,161759,0.0015432775253430009
,,,48,,,,,,,,,,,,,,,,,,,,,,,,,,,,,161769,0.004034736193716526
,,,48,,,,,,,,,,,,,,,,,,,,,,,,,,,,,161779,0.059457335621118546
,,,48,,,,,,,,,,,,,,,,,,,,,,,,,,,,,161789,0.0015045441687107086
,,,48,,,,,,,,,,,,,,,,,,,,,,,,,,,,,161799,0.017586316913366318
,,,48,,,,,,,,,,,,,,,,,,,,,,,,,,,,,161809,0.00040201484807766974
,,,48,,,,,,,,,,,,,,,,,,,,,,,,,,,,,161819,0.0015789518365636468
,,,48,,,,,,,,,,,,,,,,,,,,,,,,,,,,,161829,0.00046875118277966976
,,,48,,,,,,,,,,,,,,,,,,,,,,,,,,,,,161839,0.004876321647316217
,,,48,,,,,,,,,,,,,,,,,,,,,,,,,,,,,161849,0.0009440620196983218
,,,48,,,,,,,,,,,,,,,,,,,,,,,,,,,,,161859,0.05614122375845909
,,,48,,,,,,,,,,,,,,,,,,,,,,,,,,,,,161869,0.0011901060352101922
,,,48,,,,,,,,,,,,,,,,,,,,,,,,,,,,,161879,0.0007288868073374033
,,,48,,,,,,,,,,,,,,,,,,,,,,,,,,,,,161889,0.0012831148924306035
,,,48,,,,,,,,,,,,,,,,,,,,,,,,,,,,,161899,0.0036340071819722652
,,,48,,,,,,,,,,,,,,,,,,,,,,,,,,,,,161909,0.0013376119313761592
,,,48,,,,,,,,,,,,,,,,,,,,,,,,,,,,,161919,0.0008330487762577832
,,,48,,,,,,,,,,,,,,,,,,,,,,,,,,,,,161929,0.018515391275286674
,,,48,,,,,,,,,,,,,,,,,,,,,,,,,,,,,161939,0.0018315220950171351
,,,48,,,,,,,,,,,,,,,,,,,,,,,,,,,,,161949,0.0013994795735925436
,,,48,,,,,,,,,,,,,,,,,,,,,,,,,,,,,161959,0.0012591606937348843
,,,48,,,,,,,,,,,,,,,,,,,,,,,,,,,,,161969,0.0017858000937849283
,,,48,,,,,,,,,,,,,,,,,,,,,,,,,,,,,161979,0.10694398730993271
,,,48,,,,,,,,,,,,,,,,,,,,,,,,,,,,,161989,0.0012924213660880923
,,,48,,,,,,,,,,,,,,,,,,,,,,,,,,,,,161999,0.0003403560840524733
,,,48,,,,,,,,,,,,,,,,,,,,,,,,,,,,,162009,0.0011765345698222518
,,,48,,,,,,,,,,,,,,,,,,,,,,,,,,,,,162019,0.26813915371894836
,,,48,,,,,,,,,,,,,,,,,,,,,,,,,,,,,162029,0.0017698556184768677
,,,48,,,,,,,,,,,,,,,,,,,,,,,,,,,,,162039,0.0037542819045484066
,,,48,,,,,,,,,,,,,,,,,,,,,,,,,,,,,162049,0.0007374939741566777
,,,48,,,,,,,,,,,,,,,,,,,,,,,,,,,,,162059,0.0030529003124684095
,,,48,,,,,,,,,,,,,,,,,,,,,,,,,,,,,162069,0.001340010087005794
,,,48,,,,,,,,,,,,,,,,,,,,,,,,,,,,,162079,0.007736821658909321
,,,48,,,,,,,,,,,,,,,,,,,,,,,,,,,,,162089,0.0010985943954437971
,,,48,,,,,,,,,,,,,,,,,,,,,,,,,,,,,162099,0.0015038788551464677
,,,48,,,,,,,,,,,,,,,,,,,,,,,,,,,,,162109,0.00137871946208179
,,,48,,,,,,,,,,,,,,,,,,,,,,,,,,,,,162119,0.015589256770908833
,,,48,,,,,,,,,,,,,,,,,,,,,,,,,,,,,162129,0.0018892496591433883
,,,48,,,,,,,,,,,,,,,,,,,,,,,,,,,,,162139,0.0005757430335506797
,,,48,,,,,,,,,,,,,,,,,,,,,,,,,,,,,162149,0.0008680272730998695
,,,48,,,,,,,,,,,,,,,,,,,,,,,,,,,,,162159,0.11689443141222
,,,48,,,,,,,,,,,,,,,,,,,,,,,,,,,,,162169,0.000502886192407459
,,,48,,,,,,,,,,,,,,,,,,,,,,,,,,,,,162179,0.0024269097484648228
,,,48,,,,,,,,,,,,,,,,,,,,,,,,,,,,,162189,0.0010647784220054746
,,,,6.927852099694989e-10,3.881013745846427e-09,5.970790378225272e-09,5.970790378225272e-09,9.185831351115802e-09,9.185831351115802e-09,1.413204823248585e-08,1.413204823248585e-08,2.1741612665362845e-08,2.1741612665362845e-08,3.344863486978899e-08,6.927852099694989e-10,3.344863486978899e-08,5.145943826121383e-08,5.145943826121383e-08,7.916836655571358e-08,7.916836655571358e-08,1.2179748700879012e-07,1.2179748700879012e-07,1.2179748700879012e-07,1.2179748700879012e-07,1.065823399953075e-09,1.065823399953075e-09,1.6397283076201156e-09,1.6397283076201156e-09,2.5226589348001775e-09,2.5226589348001775e-09,3.881013745846427e-09,162191,
,,,49,,,,,,,,,,,,,,,,,,,,,,,,,,,,,162199,0.0027769915759563446
,,,49,,,,,,,,,,,,,,,,,,,,,,,,,,,,,162209,0.0025040635373443365
,,,49,,,,,,,,,,,,,,,,,,,,,,,,,,,,,162219,0.001227375934831798
,,,49,,,,,,,,,,,,,,,,,,,,,,,,,,,,,162229,0.03157709911465645
,,,49,,,,,,,,,,,,,,,,,,,,,,,,,,,,,162239,0.003114306600764394
,,,49,,,,,,,,,,,,,,,,,,,,,,,,,,,,,162249,0.2789117991924286
,,,49,,,,,,,,,,,,,,,,,,,,,,,,,,,,,162259,0.0005967680481262505
,,,49,,,,,,,,,,,,,,,,,,,,,,,,,,,,,162269,0.0022762571461498737
,,,49,,,,,,,,,,,,,,,,,,,,,,,,,,,,,162279,0.0023819583002477884
,,,49,,,,,,,,,,,,,,,,,,,,,,,,,,,,,162289,0.010162163525819778
,,,49,,,,,,,,,,,,,,,,,,,,,,,,,,,,,162299,0.0025285817682743073
,,,49,,,,,,,,,,,,,,,,,,,,,,,,,,,,,162309,0.004182535223662853
,,,49,,,,,,,,,,,,,,,,,,,,,,,,,,,,,162319,0.00323470844887197
,,,49,,,,,,,,,,,,,,,,,,,,,,,,,,,,,162329,0.0038356103468686342
,,,49,,,,,,,,,,,,,,,,,,,,,,,,,,,,,162339,0.0005380511865951121
,,,49,,,,,,,,,,,,,,,,,,,,,,,,,,,,,162349,0.004127314779907465
,,,49,,,,,,,,,,,,,,,,,,,,,,,,,,,,,162359,0.0135777797549963
,,,49,,,,,,,,,,,,,,,,,,,,,,,,,,,,,162369,0.00169977021869272
,,,49,,,,,,,,,,,,,,,,,,,,,,,,,,,,,162379,0.0014686011709272861
,,,49,,,,,,,,,,,,,,,,,,,,,,,,,,,,,162389,0.0008187286439351737
,,,49,,,,,,,,,,,,,,,,,,,,,,,,,,,,,162399,0.05200420692563057
,,,49,,,,,,,,,,,,,,,,,,,,,,,,,,,,,162409,0.0010315797990188003
,,,49,,,,,,,,,,,,,,,,,,,,,,,,,,,,,162419,0.003739668522030115
,,,49,,,,,,,,,,,,,,,,,,,,,,,,,,,,,162429,0.001191275310702622
,,,49,,,,,,,,,,,,,,,,,,,,,,,,,,,,,162439,0.0012881612638011575
,,,49,,,,,,,,,,,,,,,,,,,,,,,,,,,,,162449,0.0025577086489647627
,,,49,,,,,,,,,,,,,,,,,,,,,,,,,,,,,162459,0.004740114789456129
,,,49,,,,,,,,,,,,,,,,,,,,,,,,,,,,,162469,0.0022903047502040863
,,,49,,,,,,,,,,,,,,,,,,,,,,,,,,,,,162479,0.0025853668339550495
,,,49,,,,,,,,,,,,,,,,,,,,,,,,,,,,,162489,0.0017909897724166512
,,,49,,,,,,,,,,,,,,,,,,,,,,,,,,,,,162499,0.0009961426258087158
,,,49,,,,,,,,,,,,,,,,,,,,,,,,,,,,,162509,0.014947939664125443
,,,49,,,,,,,,,,,,,,,,,,,,,,,,,,,,,162519,0.0014928088057786226
,,,49,,,,,,,,,,,,,,,,,,,,,,,,,,,,,162529,0.002383656334131956
,,,49,,,,,,,,,,,,,,,,,,,,,,,,,,,,,162539,0.003677757689729333
,,,49,,,,,,,,,,,,,,,,,,,,,,,,,,,,,162549,0.000626996683422476
,,,49,,,,,,,,,,,,,,,,,,,,,,,,,,,,,162559,0.0020113294012844563
,,,49,,,,,,,,,,,,,,,,,,,,,,,,,,,,,162569,0.0006872256053611636
,,,49,,,,,,,,,,,,,,,,,,,,,,,,,,,,,162579,0.0024562638718634844
,,,49,,,,,,,,,,,,,,,,,,,,,,,,,,,,,162589,0.00394352525472641
,,,49,,,,,,,,,,,,,,,,,,,,,,,,,,,,,162599,0.0013868454843759537
,,,49,,,,,,,,,,,,,,,,,,,,,,,,,,,,,162609,0.0049095675349235535
,,,49,,,,,,,,,,,,,,,,,,,,,,,,,,,,,162619,0.07132475078105927
,,,49,,,,,,,,,,,,,,,,,,,,,,,,,,,,,162629,0.004665926098823547
,,,49,,,,,,,,,,,,,,,,,,,,,,,,,,,,,162639,0.0010049126576632261
,,,49,,,,,,,,,,,,,,,,,,,,,,,,,,,,,162649,0.021359426900744438
,,,49,,,,,,,,,,,,,,,,,,,,,,,,,,,,,162659,0.0019874947611242533
,,,49,,,,,,,,,,,,,,,,,,,,,,,,,,,,,162669,0.008013593032956123
,,,49,,,,,,,,,,,,,,,,,,,,,,,,,,,,,162679,0.002865714021027088
,,,49,,,,,,,,,,,,,,,,,,,,,,,,,,,,,162689,0.0027603034395724535
,,,49,,,,,,,,,,,,,,,,,,,,,,,,,,,,,162699,0.0010121875675395131
,,,49,,,,,,,,,,,,,,,,,,,,,,,,,,,,,162709,0.06761089712381363
,,,49,,,,,,,,,,,,,,,,,,,,,,,,,,,,,162719,0.0010930049465969205
,,,49,,,,,,,,,,,,,,,,,,,,,,,,,,,,,162729,0.008595659397542477
,,,49,,,,,,,,,,,,,,,,,,,,,,,,,,,,,162739,0.034266334027051926
,,,49,,,,,,,,,,,,,,,,,,,,,,,,,,,,,162749,0.0023028103169053793
,,,49,,,,,,,,,,,,,,,,,,,,,,,,,,,,,162759,0.0017032917821779847
,,,49,,,,,,,,,,,,,,,,,,,,,,,,,,,,,162769,0.006351578049361706
,,,49,,,,,,,,,,,,,,,,,,,,,,,,,,,,,162779,0.0012866181787103415
,,,49,,,,,,,,,,,,,,,,,,,,,,,,,,,,,162789,0.0008727131644263864
,,,49,,,,,,,,,,,,,,,,,,,,,,,,,,,,,162799,0.46071743965148926
,,,49,,,,,,,,,,,,,,,,,,,,,,,,,,,,,162809,0.00280228303745389
,,,49,,,,,,,,,,,,,,,,,,,,,,,,,,,,,162819,0.0016370111843571067
,,,49,,,,,,,,,,,,,,,,,,,,,,,,,,,,,162829,0.0011449393350630999
,,,49,,,,,,,,,,,,,,,,,,,,,,,,,,,,,162839,0.028760913759469986
,,,49,,,,,,,,,,,,,,,,,,,,,,,,,,,,,162849,0.039855681359767914
,,,49,,,,,,,,,,,,,,,,,,,,,,,,,,,,,162859,0.003649149090051651
,,,49,,,,,,,,,,,,,,,,,,,,,,,,,,,,,162869,0.0018203251529484987
,,,49,,,,,,,,,,,,,,,,,,,,,,,,,,,,,162879,0.0008745995000936091
,,,49,,,,,,,,,,,,,,,,,,,,,,,,,,,,,162889,0.009422153234481812
,,,49,,,,,,,,,,,,,,,,,,,,,,,,,,,,,162899,0.21941044926643372
,,,49,,,,,,,,,,,,,,,,,,,,,,,,,,,,,162909,0.0010826252400875092
,,,49,,,,,,,,,,,,,,,,,,,,,,,,,,,,,162919,0.012446104548871517
,,,49,,,,,,,,,,,,,,,,,,,,,,,,,,,,,162929,0.0025321466382592916
,,,49,,,,,,,,,,,,,,,,,,,,,,,,,,,,,162939,0.0015090631786733866
,,,49,,,,,,,,,,,,,,,,,,,,,,,,,,,,,162949,0.0017938725650310516
,,,49,,,,,,,,,,,,,,,,,,,,,,,,,,,,,162959,0.0010209481697529554
,,,49,,,,,,,,,,,,,,,,,,,,,,,,,,,,,162969,0.0023234460968524218
,,,49,,,,,,,,,,,,,,,,,,,,,,,,,,,,,162979,0.0006522765033878386
,,,49,,,,,,,,,,,,,,,,,,,,,,,,,,,,,162989,0.008601844310760498
,,,49,,,,,,,,,,,,,,,,,,,,,,,,,,,,,162999,0.04442152753472328
,,,49,,,,,,,,,,,,,,,,,,,,,,,,,,,,,163009,0.0015919473953545094
,,,49,,,,,,,,,,,,,,,,,,,,,,,,,,,,,163019,0.000555270176846534
,,,49,,,,,,,,,,,,,,,,,,,,,,,,,,,,,163029,0.05856257304549217
,,,49,,,,,,,,,,,,,,,,,,,,,,,,,,,,,163039,0.00429582828655839
,,,49,,,,,,,,,,,,,,,,,,,,,,,,,,,,,163049,0.0016363754402846098
,,,49,,,,,,,,,,,,,,,,,,,,,,,,,,,,,163059,0.017261074855923653
,,,49,,,,,,,,,,,,,,,,,,,,,,,,,,,,,163069,0.0014645128976553679
,,,49,,,,,,,,,,,,,,,,,,,,,,,,,,,,,163079,0.0035462980158627033
,,,49,,,,,,,,,,,,,,,,,,,,,,,,,,,,,163089,0.0028935696464031935
,,,49,,,,,,,,,,,,,,,,,,,,,,,,,,,,,163099,0.000918046454899013
,,,49,,,,,,,,,,,,,,,,,,,,,,,,,,,,,163109,0.0018690837314352393
,,,49,,,,,,,,,,,,,,,,,,,,,,,,,,,,,163119,0.0017660785233601928
,,,49,,,,,,,,,,,,,,,,,,,,,,,,,,,,,163129,0.0006153659778647125
,,,49,,,,,,,,,,,,,,,,,,,,,,,,,,,,,163139,0.023041551932692528
,,,49,,,,,,,,,,,,,,,,,,,,,,,,,,,,,163149,0.001358315348625183
,,,49,,,,,,,,,,,,,,,,,,,,,,,,,,,,,163159,0.0016578913200646639
,,,49,,,,,,,,,,,,,,,,,,,,,,,,,,,,,163169,0.003611556254327297
,,,49,,,,,,,,,,,,,,,,,,,,,,,,,,,,,163179,0.5060821175575256
,,,49,,,,,,,,,,,,,,,,,,,,,,,,,,,,,163189,0.014749177731573582
,,,49,,,,,,,,,,,,,,,,,,,,,,,,,,,,,163199,0.0024636934977024794
,,,49,,,,,,,,,,,,,,,,,,,,,,,,,,,,,163209,0.001231229631230235
,,,49,,,,,,,,,,,,,,,,,,,,,,,,,,,,,163219,0.0025363026652485132
,,,49,,,,,,,,,,,,,,,,,,,,,,,,,,,,,163229,0.0028963685035705566
,,,49,,,,,,,,,,,,,,,,,,,,,,,,,,,,,163239,0.0008820708026178181
,,,49,,,,,,,,,,,,,,,,,,,,,,,,,,,,,163249,0.0015581340994685888
,,,49,,,,,,,,,,,,,,,,,,,,,,,,,,,,,163259,0.0013810485834255815
,,,49,,,,,,,,,,,,,,,,,,,,,,,,,,,,,163269,0.010451260954141617
,,,49,,,,,,,,,,,,,,,,,,,,,,,,,,,,,163279,0.0015518261352553964
,,,49,,,,,,,,,,,,,,,,,,,,,,,,,,,,,163289,0.09649624675512314
,,,49,,,,,,,,,,,,,,,,,,,,,,,,,,,,,163299,0.0021359154488891363
,,,49,,,,,,,,,,,,,,,,,,,,,,,,,,,,,163309,0.0008235682034865022
,,,49,,,,,,,,,,,,,,,,,,,,,,,,,,,,,163319,0.0008984446758404374
,,,49,,,,,,,,,,,,,,,,,,,,,,,,,,,,,163329,0.0015790614997968078
,,,49,,,,,,,,,,,,,,,,,,,,,,,,,,,,,163339,0.0006704081315547228
,,,49,,,,,,,,,,,,,,,,,,,,,,,,,,,,,163349,1.085186243057251
,,,49,,,,,,,,,,,,,,,,,,,,,,,,,,,,,163359,0.0005725673981942236
,,,49,,,,,,,,,,,,,,,,,,,,,,,,,,,,,163369,0.07797292619943619
,,,49,,,,,,,,,,,,,,,,,,,,,,,,,,,,,163379,0.002360811922699213
,,,49,,,,,,,,,,,,,,,,,,,,,,,,,,,,,163389,0.0017107953317463398
,,,49,,,,,,,,,,,,,,,,,,,,,,,,,,,,,163399,0.025401676073670387
,,,49,,,,,,,,,,,,,,,,,,,,,,,,,,,,,163409,0.004300351720303297
,,,49,,,,,,,,,,,,,,,,,,,,,,,,,,,,,163419,0.0013346821069717407
,,,49,,,,,,,,,,,,,,,,,,,,,,,,,,,,,163429,0.0009612070862203836
,,,49,,,,,,,,,,,,,,,,,,,,,,,,,,,,,163439,0.0027175971772521734
,,,49,,,,,,,,,,,,,,,,,,,,,,,,,,,,,163449,0.0008289068937301636
,,,49,,,,,,,,,,,,,,,,,,,,,,,,,,,,,163459,1.983398199081421
,,,49,,,,,,,,,,,,,,,,,,,,,,,,,,,,,163469,0.008520092815160751
,,,49,,,,,,,,,,,,,,,,,,,,,,,,,,,,,163479,0.0008030151948332787
,,,49,,,,,,,,,,,,,,,,,,,,,,,,,,,,,163489,0.0013319109566509724
,,,49,,,,,,,,,,,,,,,,,,,,,,,,,,,,,163499,0.0008605808834545314
,,,49,,,,,,,,,,,,,,,,,,,,,,,,,,,,,163509,0.001401709159836173
,,,49,,,,,,,,,,,,,,,,,,,,,,,,,,,,,163519,0.002813339000567794
,,,49,,,,,,,,,,,,,,,,,,,,,,,,,,,,,163529,0.0004236068925820291
,,,49,,,,,,,,,,,,,,,,,,,,,,,,,,,,,163539,0.01255075540393591
,,,49,,,,,,,,,,,,,,,,,,,,,,,,,,,,,163549,0.0012848438927903771
,,,49,,,,,,,,,,,,,,,,,,,,,,,,,,,,,163559,0.0007027145475149155
,,,49,,,,,,,,,,,,,,,,,,,,,,,,,,,,,163569,0.3884035646915436
,,,49,,,,,,,,,,,,,,,,,,,,,,,,,,,,,163579,0.0015422515571117401
,,,49,,,,,,,,,,,,,,,,,,,,,,,,,,,,,163589,0.0017504242714494467
,,,49,,,,,,,,,,,,,,,,,,,,,,,,,,,,,163599,0.003281248267740011
,,,49,,,,,,,,,,,,,,,,,,,,,,,,,,,,,163609,0.0011474404018372297
,,,49,,,,,,,,,,,,,,,,,,,,,,,,,,,,,163619,0.2573784589767456
,,,49,,,,,,,,,,,,,,,,,,,,,,,,,,,,,163629,0.0021763548720628023
,,,49,,,,,,,,,,,,,,,,,,,,,,,,,,,,,163639,0.8261805772781372
,,,49,,,,,,,,,,,,,,,,,,,,,,,,,,,,,163649,0.00132665631826967
,,,49,,,,,,,,,,,,,,,,,,,,,,,,,,,,,163659,0.0019402200123295188
,,,49,,,,,,,,,,,,,,,,,,,,,,,,,,,,,163669,0.0010184519924223423
,,,49,,,,,,,,,,,,,,,,,,,,,,,,,,,,,163679,0.0015957026043906808
,,,49,,,,,,,,,,,,,,,,,,,,,,,,,,,,,163689,0.0014071770710870624
,,,49,,,,,,,,,,,,,,,,,,,,,,,,,,,,,163699,0.0034447149373590946
,,,49,,,,,,,,,,,,,,,,,,,,,,,,,,,,,163709,0.004112293478101492
,,,49,,,,,,,,,,,,,,,,,,,,,,,,,,,,,163719,0.0010404814966022968
,,,49,,,,,,,,,,,,,,,,,,,,,,,,,,,,,163729,0.4844079613685608
,,,49,,,,,,,,,,,,,,,,,,,,,,,,,,,,,163739,0.0018234907183796167
,,,49,,,,,,,,,,,,,,,,,,,,,,,,,,,,,163749,0.013656695373356342
,,,49,,,,,,,,,,,,,,,,,,,,,,,,,,,,,163759,0.0011562095023691654
,,,49,,,,,,,,,,,,,,,,,,,,,,,,,,,,,163769,0.41365963220596313
,,,49,,,,,,,,,,,,,,,,,,,,,,,,,,,,,163779,0.0024329074658453465
,,,49,,,,,,,,,,,,,,,,,,,,,,,,,,,,,163789,0.0031150104478001595
,,,49,,,,,,,,,,,,,,,,,,,,,,,,,,,,,163799,0.02928948774933815
,,,49,,,,,,,,,,,,,,,,,,,,,,,,,,,,,163809,0.0019095108145847917
,,,49,,,,,,,,,,,,,,,,,,,,,,,,,,,,,163819,0.0022947245743125677
,,,49,,,,,,,,,,,,,,,,,,,,,,,,,,,,,163829,0.09604770690202713
,,,49,,,,,,,,,,,,,,,,,,,,,,,,,,,,,163839,0.01886930502951145
,,,49,,,,,,,,,,,,,,,,,,,,,,,,,,,,,163849,0.009975926019251347
,,,49,,,,,,,,,,,,,,,,,,,,,,,,,,,,,163859,0.001886557787656784
,,,49,,,,,,,,,,,,,,,,,,,,,,,,,,,,,163869,0.1206163614988327
,,,49,,,,,,,,,,,,,,,,,,,,,,,,,,,,,163879,0.012356058694422245
,,,49,,,,,,,,,,,,,,,,,,,,,,,,,,,,,163889,0.0005399849615059793
,,,49,,,,,,,,,,,,,,,,,,,,,,,,,,,,,163899,0.003233671421185136
,,,49,,,,,,,,,,,,,,,,,,,,,,,,,,,,,163909,0.0009663992677815259
,,,49,,,,,,,,,,,,,,,,,,,,,,,,,,,,,163919,0.003320021089166403
,,,49,,,,,,,,,,,,,,,,,,,,,,,,,,,,,163929,0.002134895185008645
,,,49,,,,,,,,,,,,,,,,,,,,,,,,,,,,,163939,0.28029099106788635
,,,49,,,,,,,,,,,,,,,,,,,,,,,,,,,,,163949,0.0034367910120636225
,,,49,,,,,,,,,,,,,,,,,,,,,,,,,,,,,163959,0.0014110758202150464
,,,49,,,,,,,,,,,,,,,,,,,,,,,,,,,,,163969,0.0007504286477342248
,,,49,,,,,,,,,,,,,,,,,,,,,,,,,,,,,163979,0.0018209879053756595
,,,49,,,,,,,,,,,,,,,,,,,,,,,,,,,,,163989,0.0008321981877088547
,,,49,,,,,,,,,,,,,,,,,,,,,,,,,,,,,163999,0.0009762436966411769
,,,49,,,,,,,,,,,,,,,,,,,,,,,,,,,,,164009,0.0007430934347212315
,,,49,,,,,,,,,,,,,,,,,,,,,,,,,,,,,164019,0.02103894203901291
,,,49,,,,,,,,,,,,,,,,,,,,,,,,,,,,,164029,0.003047908889129758
,,,49,,,,,,,,,,,,,,,,,,,,,,,,,,,,,164039,0.0012478934368118644
,,,49,,,,,,,,,,,,,,,,,,,,,,,,,,,,,164049,0.49455150961875916
,,,49,,,,,,,,,,,,,,,,,,,,,,,,,,,,,164059,0.0012744208797812462
,,,49,,,,,,,,,,,,,,,,,,,,,,,,,,,,,164069,0.45833244919776917
,,,49,,,,,,,,,,,,,,,,,,,,,,,,,,,,,164079,0.001349265337921679
,,,49,,,,,,,,,,,,,,,,,,,,,,,,,,,,,164089,0.0009033395326696336
,,,49,,,,,,,,,,,,,,,,,,,,,,,,,,,,,164099,0.0011781509965658188
,,,49,,,,,,,,,,,,,,,,,,,,,,,,,,,,,164109,0.0019178945804014802
,,,49,,,,,,,,,,,,,,,,,,,,,,,,,,,,,164119,0.20996294915676117
,,,49,,,,,,,,,,,,,,,,,,,,,,,,,,,,,164129,0.001543731428682804
,,,49,,,,,,,,,,,,,,,,,,,,,,,,,,,,,164139,0.002146312966942787
,,,49,,,,,,,,,,,,,,,,,,,,,,,,,,,,,164149,0.0017518188105896115
,,,49,,,,,,,,,,,,,,,,,,,,,,,,,,,,,164159,0.0013039688346907496
,,,49,,,,,,,,,,,,,,,,,,,,,,,,,,,,,164169,0.000882674939930439
,,,49,,,,,,,,,,,,,,,,,,,,,,,,,,,,,164179,0.0006723860278725624
,,,49,,,,,,,,,,,,,,,,,,,,,,,,,,,,,164189,0.030683446675539017
,,,49,,,,,,,,,,,,,,,,,,,,,,,,,,,,,164199,0.0015666161198168993
,,,49,,,,,,,,,,,,,,,,,,,,,,,,,,,,,164209,0.009830055758357048
,,,49,,,,,,,,,,,,,,,,,,,,,,,,,,,,,164219,0.0005592657835222781
,,,49,,,,,,,,,,,,,,,,,,,,,,,,,,,,,164229,0.0011829531285911798
,,,49,,,,,,,,,,,,,,,,,,,,,,,,,,,,,164239,0.0017823658417910337
,,,49,,,,,,,,,,,,,,,,,,,,,,,,,,,,,164249,0.0012298064539209008
,,,49,,,,,,,,,,,,,,,,,,,,,,,,,,,,,164259,0.0019519705092534423
,,,49,,,,,,,,,,,,,,,,,,,,,,,,,,,,,164269,0.00116973917465657
,,,49,,,,,,,,,,,,,,,,,,,,,,,,,,,,,164279,0.00042217940790578723
,,,49,,,,,,,,,,,,,,,,,,,,,,,,,,,,,164289,0.006108203902840614
,,,49,,,,,,,,,,,,,,,,,,,,,,,,,,,,,164299,0.01196316909044981
,,,49,,,,,,,,,,,,,,,,,,,,,,,,,,,,,164309,0.0015909108333289623
,,,49,,,,,,,,,,,,,,,,,,,,,,,,,,,,,164319,0.29029926657676697
,,,49,,,,,,,,,,,,,,,,,,,,,,,,,,,,,164329,0.0011358391493558884
,,,49,,,,,,,,,,,,,,,,,,,,,,,,,,,,,164339,0.0016959229251369834
,,,49,,,,,,,,,,,,,,,,,,,,,,,,,,,,,164349,0.002394243609160185
,,,49,,,,,,,,,,,,,,,,,,,,,,,,,,,,,164359,0.0010981442173942924
,,,49,,,,,,,,,,,,,,,,,,,,,,,,,,,,,164369,0.0024298932403326035
,,,49,,,,,,,,,,,,,,,,,,,,,,,,,,,,,164379,0.002398707205429673
,,,49,,,,,,,,,,,,,,,,,,,,,,,,,,,,,164389,0.0863524079322815
,,,49,,,,,,,,,,,,,,,,,,,,,,,,,,,,,164399,0.0014153236988931894
,,,49,,,,,,,,,,,,,,,,,,,,,,,,,,,,,164409,0.0011686221696436405
,,,49,,,,,,,,,,,,,,,,,,,,,,,,,,,,,164419,0.002997546223923564
,,,49,,,,,,,,,,,,,,,,,,,,,,,,,,,,,164429,0.001808897708542645
,,,49,,,,,,,,,,,,,,,,,,,,,,,,,,,,,164439,0.0023155661765486
,,,49,,,,,,,,,,,,,,,,,,,,,,,,,,,,,164449,0.0013225289294496179
,,,49,,,,,,,,,,,,,,,,,,,,,,,,,,,,,164459,0.002330305054783821
,,,49,,,,,,,,,,,,,,,,,,,,,,,,,,,,,164469,0.00079864333383739
,,,49,,,,,,,,,,,,,,,,,,,,,,,,,,,,,164479,0.0008804913377389312
,,,49,,,,,,,,,,,,,,,,,,,,,,,,,,,,,164489,0.0007958255591802299
,,,49,,,,,,,,,,,,,,,,,,,,,,,,,,,,,164499,0.007426081225275993
,,,49,,,,,,,,,,,,,,,,,,,,,,,,,,,,,164509,0.001797105767764151
,,,49,,,,,,,,,,,,,,,,,,,,,,,,,,,,,164519,0.0028765182942152023
,,,49,,,,,,,,,,,,,,,,,,,,,,,,,,,,,164529,0.07427728921175003
,,,49,,,,,,,,,,,,,,,,,,,,,,,,,,,,,164539,0.0035168780013918877
,,,49,,,,,,,,,,,,,,,,,,,,,,,,,,,,,164549,0.008137748576700687
,,,49,,,,,,,,,,,,,,,,,,,,,,,,,,,,,164559,0.03304065763950348
,,,49,,,,,,,,,,,,,,,,,,,,,,,,,,,,,164569,0.014656350016593933
,,,49,,,,,,,,,,,,,,,,,,,,,,,,,,,,,164579,0.0008437824435532093
,,,49,,,,,,,,,,,,,,,,,,,,,,,,,,,,,164589,0.0005172468372620642
,,,49,,,,,,,,,,,,,,,,,,,,,,,,,,,,,164599,0.001732735661789775
,,,49,,,,,,,,,,,,,,,,,,,,,,,,,,,,,164609,0.0009204298257827759
,,,49,,,,,,,,,,,,,,,,,,,,,,,,,,,,,164619,0.003593611530959606
,,,49,,,,,,,,,,,,,,,,,,,,,,,,,,,,,164629,0.6808046698570251
,,,49,,,,,,,,,,,,,,,,,,,,,,,,,,,,,164639,0.001136349281296134
,,,49,,,,,,,,,,,,,,,,,,,,,,,,,,,,,164649,0.002935294294729829
,,,49,,,,,,,,,,,,,,,,,,,,,,,,,,,,,164659,0.0008098349790088832
,,,49,,,,,,,,,,,,,,,,,,,,,,,,,,,,,164669,0.0008430249872617424
,,,49,,,,,,,,,,,,,,,,,,,,,,,,,,,,,164679,0.000815319363027811
,,,49,,,,,,,,,,,,,,,,,,,,,,,,,,,,,164689,0.0022161698434501886
,,,49,,,,,,,,,,,,,,,,,,,,,,,,,,,,,164699,0.6335825324058533
,,,49,,,,,,,,,,,,,,,,,,,,,,,,,,,,,164709,0.0029250653460621834
,,,49,,,,,,,,,,,,,,,,,,,,,,,,,,,,,164719,0.0012627008836716413
,,,49,,,,,,,,,,,,,,,,,,,,,,,,,,,,,164729,0.0008313769358210266
,,,49,,,,,,,,,,,,,,,,,,,,,,,,,,,,,164739,0.006033118814229965
,,,49,,,,,,,,,,,,,,,,,,,,,,,,,,,,,164749,0.0011465925490483642
,,,49,,,,,,,,,,,,,,,,,,,,,,,,,,,,,164759,0.0023298002779483795
,,,49,,,,,,,,,,,,,,,,,,,,,,,,,,,,,164769,0.002060885773971677
,,,49,,,,,,,,,,,,,,,,,,,,,,,,,,,,,164779,0.0008402821258641779
,,,49,,,,,,,,,,,,,,,,,,,,,,,,,,,,,164789,0.005220798775553703
,,,49,,,,,,,,,,,,,,,,,,,,,,,,,,,,,164799,0.014061948284506798
,,,49,,,,,,,,,,,,,,,,,,,,,,,,,,,,,164809,0.0021076484117656946
,,,49,,,,,,,,,,,,,,,,,,,,,,,,,,,,,164819,0.0021650614216923714
,,,49,,,,,,,,,,,,,,,,,,,,,,,,,,,,,164829,0.002293531782925129
,,,49,,,,,,,,,,,,,,,,,,,,,,,,,,,,,164839,0.003704993287101388
,,,49,,,,,,,,,,,,,,,,,,,,,,,,,,,,,164849,0.018243156373500824
,,,49,,,,,,,,,,,,,,,,,,,,,,,,,,,,,164859,0.003383684903383255
,,,49,,,,,,,,,,,,,,,,,,,,,,,,,,,,,164869,0.3318949043750763
,,,49,,,,,,,,,,,,,,,,,,,,,,,,,,,,,164879,0.000928123015910387
,,,49,,,,,,,,,,,,,,,,,,,,,,,,,,,,,164889,0.002429822226986289
,,,49,,,,,,,,,,,,,,,,,,,,,,,,,,,,,164899,0.0011845279950648546
,,,49,,,,,,,,,,,,,,,,,,,,,,,,,,,,,164909,0.017051944509148598
,,,49,,,,,,,,,,,,,,,,,,,,,,,,,,,,,164919,0.0016093781450763345
,,,49,,,,,,,,,,,,,,,,,,,,,,,,,,,,,164929,0.005190752446651459
,,,49,,,,,,,,,,,,,,,,,,,,,,,,,,,,,164939,0.0005398133071139455
,,,49,,,,,,,,,,,,,,,,,,,,,,,,,,,,,164949,0.0007351660169661045
,,,49,,,,,,,,,,,,,,,,,,,,,,,,,,,,,164959,0.0015425273450091481
,,,49,,,,,,,,,,,,,,,,,,,,,,,,,,,,,164969,0.0490768626332283
,,,49,,,,,,,,,,,,,,,,,,,,,,,,,,,,,164979,0.48474642634391785
,,,49,,,,,,,,,,,,,,,,,,,,,,,,,,,,,164989,0.004278757143765688
,,,49,,,,,,,,,,,,,,,,,,,,,,,,,,,,,164999,0.0033161079045385122
,,,49,,,,,,,,,,,,,,,,,,,,,,,,,,,,,165009,0.0013078225310891867
,,,49,,,,,,,,,,,,,,,,,,,,,,,,,,,,,165019,0.0006383979925885797
,,,49,,,,,,,,,,,,,,,,,,,,,,,,,,,,,165029,0.0014681604225188494
,,,49,,,,,,,,,,,,,,,,,,,,,,,,,,,,,165039,0.006105951964855194
,,,49,,,,,,,,,,,,,,,,,,,,,,,,,,,,,165049,1.1545145511627197
,,,49,,,,,,,,,,,,,,,,,,,,,,,,,,,,,165059,0.0039048874750733376
,,,49,,,,,,,,,,,,,,,,,,,,,,,,,,,,,165069,0.06744907796382904
,,,49,,,,,,,,,,,,,,,,,,,,,,,,,,,,,165079,0.001464430009946227
,,,49,,,,,,,,,,,,,,,,,,,,,,,,,,,,,165089,0.0014545096782967448
,,,49,,,,,,,,,,,,,,,,,,,,,,,,,,,,,165099,0.0012660978827625513
,,,49,,,,,,,,,,,,,,,,,,,,,,,,,,,,,165109,0.16049468517303467
,,,49,,,,,,,,,,,,,,,,,,,,,,,,,,,,,165119,0.002496039029210806
,,,49,,,,,,,,,,,,,,,,,,,,,,,,,,,,,165129,0.001304266625083983
,,,49,,,,,,,,,,,,,,,,,,,,,,,,,,,,,165139,0.004110260400921106
,,,49,,,,,,,,,,,,,,,,,,,,,,,,,,,,,165149,0.0017115902155637741
,,,49,,,,,,,,,,,,,,,,,,,,,,,,,,,,,165159,0.009839414618909359
,,,49,,,,,,,,,,,,,,,,,,,,,,,,,,,,,165169,0.0031962194480001926
,,,49,,,,,,,,,,,,,,,,,,,,,,,,,,,,,165179,0.008956726640462875
,,,49,,,,,,,,,,,,,,,,,,,,,,,,,,,,,165189,0.00593070313334465
,,,49,,,,,,,,,,,,,,,,,,,,,,,,,,,,,165199,0.012121502310037613
,,,49,,,,,,,,,,,,,,,,,,,,,,,,,,,,,165209,0.005253806244581938
,,,49,,,,,,,,,,,,,,,,,,,,,,,,,,,,,165219,0.0009995176224038005
,,,49,,,,,,,,,,,,,,,,,,,,,,,,,,,,,165229,0.0017307124799117446
,,,49,,,,,,,,,,,,,,,,,,,,,,,,,,,,,165239,0.0008582904119975865
,,,49,,,,,,,,,,,,,,,,,,,,,,,,,,,,,165249,0.0012801450211554766
,,,49,,,,,,,,,,,,,,,,,,,,,,,,,,,,,165259,0.001441854052245617
,,,49,,,,,,,,,,,,,,,,,,,,,,,,,,,,,165269,0.0025395373813807964
,,,49,,,,,,,,,,,,,,,,,,,,,,,,,,,,,165279,0.003598840907216072
,,,49,,,,,,,,,,,,,,,,,,,,,,,,,,,,,165289,0.19680161774158478
,,,49,,,,,,,,,,,,,,,,,,,,,,,,,,,,,165299,0.0026084634009748697
,,,49,,,,,,,,,,,,,,,,,,,,,,,,,,,,,165309,0.006475611589848995
,,,49,,,,,,,,,,,,,,,,,,,,,,,,,,,,,165319,0.001787521643564105
,,,49,,,,,,,,,,,,,,,,,,,,,,,,,,,,,165329,0.0009077943977899849
,,,49,,,,,,,,,,,,,,,,,,,,,,,,,,,,,165339,0.0014060717076063156
,,,49,,,,,,,,,,,,,,,,,,,,,,,,,,,,,165349,0.00416609738022089
,,,49,,,,,,,,,,,,,,,,,,,,,,,,,,,,,165359,0.01993049867451191
,,,49,,,,,,,,,,,,,,,,,,,,,,,,,,,,,165369,0.0010219961404800415
,,,49,,,,,,,,,,,,,,,,,,,,,,,,,,,,,165379,0.6048799157142639
,,,49,,,,,,,,,,,,,,,,,,,,,,,,,,,,,165389,0.0012920296285301447
,,,49,,,,,,,,,,,,,,,,,,,,,,,,,,,,,165399,0.004011053591966629
,,,49,,,,,,,,,,,,,,,,,,,,,,,,,,,,,165409,0.0031812607776373625
,,,49,,,,,,,,,,,,,,,,,,,,,,,,,,,,,165419,0.0033418056555092335
,,,49,,,,,,,,,,,,,,,,,,,,,,,,,,,,,165429,0.7338504791259766
,,,49,,,,,,,,,,,,,,,,,,,,,,,,,,,,,165439,0.003357074921950698
,,,49,,,,,,,,,,,,,,,,,,,,,,,,,,,,,165449,0.0010607886360958219
,,,49,,,,,,,,,,,,,,,,,,,,,,,,,,,,,165459,0.0015822594286873937
,,,49,,,,,,,,,,,,,,,,,,,,,,,,,,,,,165469,0.03140011057257652
,,,49,,,,,,,,,,,,,,,,,,,,,,,,,,,,,165479,0.050256818532943726
,,,49,,,,,,,,,,,,,,,,,,,,,,,,,,,,,165489,0.6375020742416382
,,,49,,,,,,,,,,,,,,,,,,,,,,,,,,,,,165499,0.0726020410656929
0.8903976678848267,0.8929961323738098,0.8878143429756165,49,,,,,,,,,,,,,,,,,,,,,,,,,,,,,165500,
