dev_f1,dev_precision,dev_recall,epoch,lr-AdamW/pg1,lr-AdamW/pg10,lr-AdamW/pg11,lr-AdamW/pg12,lr-AdamW/pg13,lr-AdamW/pg14,lr-AdamW/pg15,lr-AdamW/pg16,lr-AdamW/pg17,lr-AdamW/pg18,lr-AdamW/pg19,lr-AdamW/pg2,lr-AdamW/pg20,lr-AdamW/pg21,lr-AdamW/pg22,lr-AdamW/pg23,lr-AdamW/pg24,lr-AdamW/pg25,lr-AdamW/pg26,lr-AdamW/pg27,lr-AdamW/pg28,lr-AdamW/pg3,lr-AdamW/pg4,lr-AdamW/pg5,lr-AdamW/pg6,lr-AdamW/pg7,lr-AdamW/pg8,lr-AdamW/pg9,step,train_loss
,,,,1.1376018126211432e-07,6.372896257812503e-07,9.804455781250004e-07,9.804455781250004e-07,1.5083778125000004e-06,1.5083778125000004e-06,2.3205812500000007e-06,2.3205812500000007e-06,3.570125000000001e-06,3.570125000000001e-06,5.492500000000001e-06,1.1376018126211432e-07,5.492500000000001e-06,8.45e-06,8.45e-06,1.3000000000000003e-05,1.3000000000000003e-05,2e-05,2e-05,2e-05,2e-05,1.7501566348017586e-07,1.7501566348017586e-07,2.6925486689257825e-07,2.6925486689257825e-07,4.142382567578127e-07,4.142382567578127e-07,6.372896257812503e-07,0,
,,,0,,,,,,,,,,,,,,,,,,,,,,,,,,,,,9,4.193691730499268
,,,0,,,,,,,,,,,,,,,,,,,,,,,,,,,,,19,4.063344955444336
,,,0,,,,,,,,,,,,,,,,,,,,,,,,,,,,,29,3.8632938861846924
,,,0,,,,,,,,,,,,,,,,,,,,,,,,,,,,,39,2.888956069946289
,,,0,,,,,,,,,,,,,,,,,,,,,,,,,,,,,49,2.351170063018799
,,,0,,,,,,,,,,,,,,,,,,,,,,,,,,,,,59,3.099419355392456
,,,0,,,,,,,,,,,,,,,,,,,,,,,,,,,,,69,3.5654375553131104
,,,0,,,,,,,,,,,,,,,,,,,,,,,,,,,,,79,1.603666067123413
,,,0,,,,,,,,,,,,,,,,,,,,,,,,,,,,,89,1.6851927042007446
,,,0,,,,,,,,,,,,,,,,,,,,,,,,,,,,,99,1.8926547765731812
,,,0,,,,,,,,,,,,,,,,,,,,,,,,,,,,,109,1.9343228340148926
,,,0,,,,,,,,,,,,,,,,,,,,,,,,,,,,,119,1.9059839248657227
,,,0,,,,,,,,,,,,,,,,,,,,,,,,,,,,,129,1.6432712078094482
,,,0,,,,,,,,,,,,,,,,,,,,,,,,,,,,,139,1.2308818101882935
,,,0,,,,,,,,,,,,,,,,,,,,,,,,,,,,,149,1.5438711643218994
,,,0,,,,,,,,,,,,,,,,,,,,,,,,,,,,,159,1.1728347539901733
,,,0,,,,,,,,,,,,,,,,,,,,,,,,,,,,,169,1.0007961988449097
,,,0,,,,,,,,,,,,,,,,,,,,,,,,,,,,,179,0.9160923361778259
,,,0,,,,,,,,,,,,,,,,,,,,,,,,,,,,,189,0.6575956344604492
,,,0,,,,,,,,,,,,,,,,,,,,,,,,,,,,,199,0.4991057813167572
,,,0,,,,,,,,,,,,,,,,,,,,,,,,,,,,,209,1.4907736778259277
,,,0,,,,,,,,,,,,,,,,,,,,,,,,,,,,,219,0.4982675611972809
,,,0,,,,,,,,,,,,,,,,,,,,,,,,,,,,,229,1.0770673751831055
,,,0,,,,,,,,,,,,,,,,,,,,,,,,,,,,,239,0.8938688039779663
,,,0,,,,,,,,,,,,,,,,,,,,,,,,,,,,,249,1.3408212661743164
,,,0,,,,,,,,,,,,,,,,,,,,,,,,,,,,,259,0.38174909353256226
,,,0,,,,,,,,,,,,,,,,,,,,,,,,,,,,,269,0.7481961250305176
,,,0,,,,,,,,,,,,,,,,,,,,,,,,,,,,,279,1.0737836360931396
,,,0,,,,,,,,,,,,,,,,,,,,,,,,,,,,,289,0.534892737865448
,,,0,,,,,,,,,,,,,,,,,,,,,,,,,,,,,299,0.494805246591568
,,,0,,,,,,,,,,,,,,,,,,,,,,,,,,,,,309,1.7487996816635132
,,,0,,,,,,,,,,,,,,,,,,,,,,,,,,,,,319,0.7845410108566284
,,,0,,,,,,,,,,,,,,,,,,,,,,,,,,,,,329,0.36300092935562134
,,,0,,,,,,,,,,,,,,,,,,,,,,,,,,,,,339,0.9262371063232422
,,,0,,,,,,,,,,,,,,,,,,,,,,,,,,,,,349,0.7754785418510437
,,,0,,,,,,,,,,,,,,,,,,,,,,,,,,,,,359,0.6136508584022522
,,,0,,,,,,,,,,,,,,,,,,,,,,,,,,,,,369,0.18333575129508972
,,,0,,,,,,,,,,,,,,,,,,,,,,,,,,,,,379,1.8049323558807373
,,,0,,,,,,,,,,,,,,,,,,,,,,,,,,,,,389,0.7437084317207336
,,,0,,,,,,,,,,,,,,,,,,,,,,,,,,,,,399,2.40824031829834
,,,0,,,,,,,,,,,,,,,,,,,,,,,,,,,,,409,0.827112078666687
,,,0,,,,,,,,,,,,,,,,,,,,,,,,,,,,,419,0.947100043296814
,,,0,,,,,,,,,,,,,,,,,,,,,,,,,,,,,429,0.44145917892456055
,,,0,,,,,,,,,,,,,,,,,,,,,,,,,,,,,439,1.1318894624710083
,,,0,,,,,,,,,,,,,,,,,,,,,,,,,,,,,449,0.836166262626648
,,,0,,,,,,,,,,,,,,,,,,,,,,,,,,,,,459,1.188402533531189
,,,0,,,,,,,,,,,,,,,,,,,,,,,,,,,,,469,0.5613237023353577
,,,0,,,,,,,,,,,,,,,,,,,,,,,,,,,,,479,0.9942075610160828
,,,0,,,,,,,,,,,,,,,,,,,,,,,,,,,,,489,0.6995469927787781
,,,0,,,,,,,,,,,,,,,,,,,,,,,,,,,,,499,0.6974413990974426
,,,0,,,,,,,,,,,,,,,,,,,,,,,,,,,,,509,0.2970936596393585
,,,0,,,,,,,,,,,,,,,,,,,,,,,,,,,,,519,0.44308850169181824
,,,0,,,,,,,,,,,,,,,,,,,,,,,,,,,,,529,0.43779054284095764
,,,0,,,,,,,,,,,,,,,,,,,,,,,,,,,,,539,0.9558721780776978
,,,0,,,,,,,,,,,,,,,,,,,,,,,,,,,,,549,0.49452391266822815
,,,0,,,,,,,,,,,,,,,,,,,,,,,,,,,,,559,0.4719221293926239
,,,0,,,,,,,,,,,,,,,,,,,,,,,,,,,,,569,0.6028642654418945
,,,0,,,,,,,,,,,,,,,,,,,,,,,,,,,,,579,0.45693716406822205
,,,0,,,,,,,,,,,,,,,,,,,,,,,,,,,,,589,0.7704560160636902
,,,0,,,,,,,,,,,,,,,,,,,,,,,,,,,,,599,0.26552414894104004
,,,0,,,,,,,,,,,,,,,,,,,,,,,,,,,,,609,0.5605019330978394
,,,0,,,,,,,,,,,,,,,,,,,,,,,,,,,,,619,1.0927534103393555
,,,0,,,,,,,,,,,,,,,,,,,,,,,,,,,,,629,1.0979288816452026
,,,0,,,,,,,,,,,,,,,,,,,,,,,,,,,,,639,0.6981353759765625
,,,0,,,,,,,,,,,,,,,,,,,,,,,,,,,,,649,1.6770061254501343
,,,0,,,,,,,,,,,,,,,,,,,,,,,,,,,,,659,0.20736448466777802
,,,0,,,,,,,,,,,,,,,,,,,,,,,,,,,,,669,0.24352183938026428
,,,0,,,,,,,,,,,,,,,,,,,,,,,,,,,,,679,1.5170156955718994
,,,0,,,,,,,,,,,,,,,,,,,,,,,,,,,,,689,0.2602762281894684
,,,0,,,,,,,,,,,,,,,,,,,,,,,,,,,,,699,0.5065886974334717
,,,0,,,,,,,,,,,,,,,,,,,,,,,,,,,,,709,0.5870038866996765
,,,0,,,,,,,,,,,,,,,,,,,,,,,,,,,,,719,1.0934621095657349
,,,0,,,,,,,,,,,,,,,,,,,,,,,,,,,,,729,0.4219253957271576
,,,0,,,,,,,,,,,,,,,,,,,,,,,,,,,,,739,0.24572330713272095
,,,0,,,,,,,,,,,,,,,,,,,,,,,,,,,,,749,0.24718943238258362
,,,0,,,,,,,,,,,,,,,,,,,,,,,,,,,,,759,1.0168039798736572
,,,0,,,,,,,,,,,,,,,,,,,,,,,,,,,,,769,1.852979302406311
,,,0,,,,,,,,,,,,,,,,,,,,,,,,,,,,,779,0.7317125201225281
,,,0,,,,,,,,,,,,,,,,,,,,,,,,,,,,,789,0.4769940972328186
,,,0,,,,,,,,,,,,,,,,,,,,,,,,,,,,,799,0.5969962477684021
,,,0,,,,,,,,,,,,,,,,,,,,,,,,,,,,,809,0.24578669667243958
,,,0,,,,,,,,,,,,,,,,,,,,,,,,,,,,,819,0.4678427278995514
,,,0,,,,,,,,,,,,,,,,,,,,,,,,,,,,,829,0.3171757459640503
,,,0,,,,,,,,,,,,,,,,,,,,,,,,,,,,,839,0.2672116160392761
,,,0,,,,,,,,,,,,,,,,,,,,,,,,,,,,,849,0.12578345835208893
,,,0,,,,,,,,,,,,,,,,,,,,,,,,,,,,,859,0.3971160650253296
,,,0,,,,,,,,,,,,,,,,,,,,,,,,,,,,,869,0.2963428199291229
,,,0,,,,,,,,,,,,,,,,,,,,,,,,,,,,,879,1.105391502380371
,,,0,,,,,,,,,,,,,,,,,,,,,,,,,,,,,889,0.6178261637687683
,,,0,,,,,,,,,,,,,,,,,,,,,,,,,,,,,899,0.22436851263046265
,,,0,,,,,,,,,,,,,,,,,,,,,,,,,,,,,909,0.5622522830963135
,,,0,,,,,,,,,,,,,,,,,,,,,,,,,,,,,919,0.37273192405700684
,,,0,,,,,,,,,,,,,,,,,,,,,,,,,,,,,929,0.32598215341567993
,,,0,,,,,,,,,,,,,,,,,,,,,,,,,,,,,939,0.5676679611206055
,,,0,,,,,,,,,,,,,,,,,,,,,,,,,,,,,949,0.3023626506328583
,,,0,,,,,,,,,,,,,,,,,,,,,,,,,,,,,959,0.30736488103866577
,,,0,,,,,,,,,,,,,,,,,,,,,,,,,,,,,969,1.0844663381576538
,,,0,,,,,,,,,,,,,,,,,,,,,,,,,,,,,979,0.550005316734314
,,,0,,,,,,,,,,,,,,,,,,,,,,,,,,,,,989,1.2533094882965088
,,,0,,,,,,,,,,,,,,,,,,,,,,,,,,,,,999,0.23040568828582764
,,,0,,,,,,,,,,,,,,,,,,,,,,,,,,,,,1009,0.5610672235488892
,,,0,,,,,,,,,,,,,,,,,,,,,,,,,,,,,1019,0.26751258969306946
,,,0,,,,,,,,,,,,,,,,,,,,,,,,,,,,,1029,0.16197718679904938
,,,0,,,,,,,,,,,,,,,,,,,,,,,,,,,,,1039,0.8680874705314636
,,,0,,,,,,,,,,,,,,,,,,,,,,,,,,,,,1049,0.2738821804523468
,,,0,,,,,,,,,,,,,,,,,,,,,,,,,,,,,1059,1.549049973487854
,,,0,,,,,,,,,,,,,,,,,,,,,,,,,,,,,1069,0.20485782623291016
,,,0,,,,,,,,,,,,,,,,,,,,,,,,,,,,,1079,0.7861229777336121
,,,0,,,,,,,,,,,,,,,,,,,,,,,,,,,,,1089,0.538541853427887
,,,0,,,,,,,,,,,,,,,,,,,,,,,,,,,,,1099,1.3877315521240234
,,,0,,,,,,,,,,,,,,,,,,,,,,,,,,,,,1109,0.14032666385173798
,,,0,,,,,,,,,,,,,,,,,,,,,,,,,,,,,1119,0.3943100571632385
,,,0,,,,,,,,,,,,,,,,,,,,,,,,,,,,,1129,0.366313636302948
,,,0,,,,,,,,,,,,,,,,,,,,,,,,,,,,,1139,1.1288403272628784
,,,0,,,,,,,,,,,,,,,,,,,,,,,,,,,,,1149,0.16704422235488892
,,,0,,,,,,,,,,,,,,,,,,,,,,,,,,,,,1159,0.1202935203909874
,,,0,,,,,,,,,,,,,,,,,,,,,,,,,,,,,1169,0.7273883819580078
,,,0,,,,,,,,,,,,,,,,,,,,,,,,,,,,,1179,1.467222809791565
,,,0,,,,,,,,,,,,,,,,,,,,,,,,,,,,,1189,0.40506163239479065
,,,0,,,,,,,,,,,,,,,,,,,,,,,,,,,,,1199,0.5760197043418884
,,,0,,,,,,,,,,,,,,,,,,,,,,,,,,,,,1209,0.735511302947998
,,,0,,,,,,,,,,,,,,,,,,,,,,,,,,,,,1219,0.599881649017334
,,,0,,,,,,,,,,,,,,,,,,,,,,,,,,,,,1229,0.503907322883606
,,,0,,,,,,,,,,,,,,,,,,,,,,,,,,,,,1239,0.35214900970458984
,,,0,,,,,,,,,,,,,,,,,,,,,,,,,,,,,1249,0.19294947385787964
,,,0,,,,,,,,,,,,,,,,,,,,,,,,,,,,,1259,0.11258464306592941
,,,0,,,,,,,,,,,,,,,,,,,,,,,,,,,,,1269,2.114940881729126
,,,0,,,,,,,,,,,,,,,,,,,,,,,,,,,,,1279,0.3945339024066925
,,,0,,,,,,,,,,,,,,,,,,,,,,,,,,,,,1289,1.297800898551941
,,,0,,,,,,,,,,,,,,,,,,,,,,,,,,,,,1299,0.6692515015602112
,,,0,,,,,,,,,,,,,,,,,,,,,,,,,,,,,1309,0.7215312719345093
,,,0,,,,,,,,,,,,,,,,,,,,,,,,,,,,,1319,0.34150591492652893
,,,0,,,,,,,,,,,,,,,,,,,,,,,,,,,,,1329,0.3770672380924225
,,,0,,,,,,,,,,,,,,,,,,,,,,,,,,,,,1339,0.26590996980667114
,,,0,,,,,,,,,,,,,,,,,,,,,,,,,,,,,1349,0.7565383911132812
,,,0,,,,,,,,,,,,,,,,,,,,,,,,,,,,,1359,0.7159799337387085
,,,0,,,,,,,,,,,,,,,,,,,,,,,,,,,,,1369,0.1792125552892685
,,,0,,,,,,,,,,,,,,,,,,,,,,,,,,,,,1379,0.5834631323814392
,,,0,,,,,,,,,,,,,,,,,,,,,,,,,,,,,1389,0.0515548512339592
,,,0,,,,,,,,,,,,,,,,,,,,,,,,,,,,,1399,0.47272008657455444
,,,0,,,,,,,,,,,,,,,,,,,,,,,,,,,,,1409,0.19314457476139069
,,,0,,,,,,,,,,,,,,,,,,,,,,,,,,,,,1419,0.21091513335704803
,,,0,,,,,,,,,,,,,,,,,,,,,,,,,,,,,1429,0.8369237184524536
,,,0,,,,,,,,,,,,,,,,,,,,,,,,,,,,,1439,0.29981622099876404
,,,0,,,,,,,,,,,,,,,,,,,,,,,,,,,,,1449,0.21742594242095947
,,,0,,,,,,,,,,,,,,,,,,,,,,,,,,,,,1459,0.3691004812717438
,,,0,,,,,,,,,,,,,,,,,,,,,,,,,,,,,1469,0.2607530653476715
,,,0,,,,,,,,,,,,,,,,,,,,,,,,,,,,,1479,1.309018850326538
,,,0,,,,,,,,,,,,,,,,,,,,,,,,,,,,,1489,0.5515203475952148
,,,0,,,,,,,,,,,,,,,,,,,,,,,,,,,,,1499,0.16274717450141907
,,,0,,,,,,,,,,,,,,,,,,,,,,,,,,,,,1509,0.34605541825294495
,,,0,,,,,,,,,,,,,,,,,,,,,,,,,,,,,1519,0.1766798049211502
,,,0,,,,,,,,,,,,,,,,,,,,,,,,,,,,,1529,0.32178857922554016
,,,0,,,,,,,,,,,,,,,,,,,,,,,,,,,,,1539,0.4964204728603363
,,,0,,,,,,,,,,,,,,,,,,,,,,,,,,,,,1549,0.9240692853927612
,,,0,,,,,,,,,,,,,,,,,,,,,,,,,,,,,1559,1.1238435506820679
,,,0,,,,,,,,,,,,,,,,,,,,,,,,,,,,,1569,0.2856128513813019
,,,0,,,,,,,,,,,,,,,,,,,,,,,,,,,,,1579,0.05390791967511177
,,,0,,,,,,,,,,,,,,,,,,,,,,,,,,,,,1589,0.07302696257829666
,,,0,,,,,,,,,,,,,,,,,,,,,,,,,,,,,1599,0.04407794401049614
,,,0,,,,,,,,,,,,,,,,,,,,,,,,,,,,,1609,0.3920532166957855
,,,0,,,,,,,,,,,,,,,,,,,,,,,,,,,,,1619,1.4684860706329346
,,,0,,,,,,,,,,,,,,,,,,,,,,,,,,,,,1629,0.17023244500160217
,,,0,,,,,,,,,,,,,,,,,,,,,,,,,,,,,1639,0.18551760911941528
,,,0,,,,,,,,,,,,,,,,,,,,,,,,,,,,,1649,0.3004254400730133
,,,0,,,,,,,,,,,,,,,,,,,,,,,,,,,,,1659,0.23784728348255157
,,,,2.2752036252422864e-07,1.2745792515625007e-06,1.9608911562500008e-06,1.9608911562500008e-06,3.0167556250000008e-06,3.0167556250000008e-06,4.641162500000001e-06,4.641162500000001e-06,7.140250000000002e-06,7.140250000000002e-06,1.0985000000000002e-05,2.2752036252422864e-07,1.0985000000000002e-05,1.69e-05,1.69e-05,2.6000000000000005e-05,2.6000000000000005e-05,4e-05,4e-05,4e-05,4e-05,3.500313269603517e-07,3.500313269603517e-07,5.385097337851565e-07,5.385097337851565e-07,8.284765135156254e-07,8.284765135156254e-07,1.2745792515625007e-06,1662,
,,,1,,,,,,,,,,,,,,,,,,,,,,,,,,,,,1669,0.7215564846992493
,,,1,,,,,,,,,,,,,,,,,,,,,,,,,,,,,1679,0.3801005184650421
,,,1,,,,,,,,,,,,,,,,,,,,,,,,,,,,,1689,0.19997748732566833
,,,1,,,,,,,,,,,,,,,,,,,,,,,,,,,,,1699,0.7603534460067749
,,,1,,,,,,,,,,,,,,,,,,,,,,,,,,,,,1709,0.8250232934951782
,,,1,,,,,,,,,,,,,,,,,,,,,,,,,,,,,1719,0.19535624980926514
,,,1,,,,,,,,,,,,,,,,,,,,,,,,,,,,,1729,0.12405940145254135
,,,1,,,,,,,,,,,,,,,,,,,,,,,,,,,,,1739,0.22716407477855682
,,,1,,,,,,,,,,,,,,,,,,,,,,,,,,,,,1749,0.08891940116882324
,,,1,,,,,,,,,,,,,,,,,,,,,,,,,,,,,1759,2.304210901260376
,,,1,,,,,,,,,,,,,,,,,,,,,,,,,,,,,1769,0.9458118081092834
,,,1,,,,,,,,,,,,,,,,,,,,,,,,,,,,,1779,0.8650243282318115
,,,1,,,,,,,,,,,,,,,,,,,,,,,,,,,,,1789,1.6943351030349731
,,,1,,,,,,,,,,,,,,,,,,,,,,,,,,,,,1799,0.4024343490600586
,,,1,,,,,,,,,,,,,,,,,,,,,,,,,,,,,1809,0.12336321175098419
,,,1,,,,,,,,,,,,,,,,,,,,,,,,,,,,,1819,0.4310975670814514
,,,1,,,,,,,,,,,,,,,,,,,,,,,,,,,,,1829,0.8507868051528931
,,,1,,,,,,,,,,,,,,,,,,,,,,,,,,,,,1839,0.49778831005096436
,,,1,,,,,,,,,,,,,,,,,,,,,,,,,,,,,1849,0.1643902063369751
,,,1,,,,,,,,,,,,,,,,,,,,,,,,,,,,,1859,0.12421701848506927
,,,1,,,,,,,,,,,,,,,,,,,,,,,,,,,,,1869,0.16981400549411774
,,,1,,,,,,,,,,,,,,,,,,,,,,,,,,,,,1879,0.5632979273796082
,,,1,,,,,,,,,,,,,,,,,,,,,,,,,,,,,1889,0.7737269401550293
,,,1,,,,,,,,,,,,,,,,,,,,,,,,,,,,,1899,0.9813399910926819
,,,1,,,,,,,,,,,,,,,,,,,,,,,,,,,,,1909,0.21070075035095215
,,,1,,,,,,,,,,,,,,,,,,,,,,,,,,,,,1919,0.45813122391700745
,,,1,,,,,,,,,,,,,,,,,,,,,,,,,,,,,1929,0.6648836135864258
,,,1,,,,,,,,,,,,,,,,,,,,,,,,,,,,,1939,0.5197340846061707
,,,1,,,,,,,,,,,,,,,,,,,,,,,,,,,,,1949,0.3006121516227722
,,,1,,,,,,,,,,,,,,,,,,,,,,,,,,,,,1959,0.4300582706928253
,,,1,,,,,,,,,,,,,,,,,,,,,,,,,,,,,1969,0.2890341877937317
,,,1,,,,,,,,,,,,,,,,,,,,,,,,,,,,,1979,0.3276205062866211
,,,1,,,,,,,,,,,,,,,,,,,,,,,,,,,,,1989,0.12052298337221146
,,,1,,,,,,,,,,,,,,,,,,,,,,,,,,,,,1999,0.1243080273270607
,,,1,,,,,,,,,,,,,,,,,,,,,,,,,,,,,2009,0.12952640652656555
,,,1,,,,,,,,,,,,,,,,,,,,,,,,,,,,,2019,0.20510269701480865
,,,1,,,,,,,,,,,,,,,,,,,,,,,,,,,,,2029,0.8371685147285461
,,,1,,,,,,,,,,,,,,,,,,,,,,,,,,,,,2039,0.8915882110595703
,,,1,,,,,,,,,,,,,,,,,,,,,,,,,,,,,2049,1.1867986917495728
,,,1,,,,,,,,,,,,,,,,,,,,,,,,,,,,,2059,1.2568849325180054
,,,1,,,,,,,,,,,,,,,,,,,,,,,,,,,,,2069,1.9784200191497803
,,,1,,,,,,,,,,,,,,,,,,,,,,,,,,,,,2079,0.27870115637779236
,,,1,,,,,,,,,,,,,,,,,,,,,,,,,,,,,2089,0.051561448723077774
,,,1,,,,,,,,,,,,,,,,,,,,,,,,,,,,,2099,0.5065876841545105
,,,1,,,,,,,,,,,,,,,,,,,,,,,,,,,,,2109,0.2060917317867279
,,,1,,,,,,,,,,,,,,,,,,,,,,,,,,,,,2119,1.108701467514038
,,,1,,,,,,,,,,,,,,,,,,,,,,,,,,,,,2129,0.1751302033662796
,,,1,,,,,,,,,,,,,,,,,,,,,,,,,,,,,2139,0.6909098625183105
,,,1,,,,,,,,,,,,,,,,,,,,,,,,,,,,,2149,0.06004363298416138
,,,1,,,,,,,,,,,,,,,,,,,,,,,,,,,,,2159,0.29646801948547363
,,,1,,,,,,,,,,,,,,,,,,,,,,,,,,,,,2169,0.10043329745531082
,,,1,,,,,,,,,,,,,,,,,,,,,,,,,,,,,2179,0.16283835470676422
,,,1,,,,,,,,,,,,,,,,,,,,,,,,,,,,,2189,0.47863537073135376
,,,1,,,,,,,,,,,,,,,,,,,,,,,,,,,,,2199,0.5456359386444092
,,,1,,,,,,,,,,,,,,,,,,,,,,,,,,,,,2209,0.6592086553573608
,,,1,,,,,,,,,,,,,,,,,,,,,,,,,,,,,2219,1.37867271900177
,,,1,,,,,,,,,,,,,,,,,,,,,,,,,,,,,2229,0.11069516092538834
,,,1,,,,,,,,,,,,,,,,,,,,,,,,,,,,,2239,0.1573861986398697
,,,1,,,,,,,,,,,,,,,,,,,,,,,,,,,,,2249,0.7408265471458435
,,,1,,,,,,,,,,,,,,,,,,,,,,,,,,,,,2259,0.10274714976549149
,,,1,,,,,,,,,,,,,,,,,,,,,,,,,,,,,2269,0.20435942709445953
,,,1,,,,,,,,,,,,,,,,,,,,,,,,,,,,,2279,0.18913933634757996
,,,1,,,,,,,,,,,,,,,,,,,,,,,,,,,,,2289,0.5750141739845276
,,,1,,,,,,,,,,,,,,,,,,,,,,,,,,,,,2299,0.6374257802963257
,,,1,,,,,,,,,,,,,,,,,,,,,,,,,,,,,2309,0.12745387852191925
,,,1,,,,,,,,,,,,,,,,,,,,,,,,,,,,,2319,0.40731462836265564
,,,1,,,,,,,,,,,,,,,,,,,,,,,,,,,,,2329,0.11647859960794449
,,,1,,,,,,,,,,,,,,,,,,,,,,,,,,,,,2339,0.2746317684650421
,,,1,,,,,,,,,,,,,,,,,,,,,,,,,,,,,2349,0.4195234179496765
,,,1,,,,,,,,,,,,,,,,,,,,,,,,,,,,,2359,0.4318072497844696
,,,1,,,,,,,,,,,,,,,,,,,,,,,,,,,,,2369,0.861858069896698
,,,1,,,,,,,,,,,,,,,,,,,,,,,,,,,,,2379,0.14330534636974335
,,,1,,,,,,,,,,,,,,,,,,,,,,,,,,,,,2389,0.42702773213386536
,,,1,,,,,,,,,,,,,,,,,,,,,,,,,,,,,2399,0.6160115003585815
,,,1,,,,,,,,,,,,,,,,,,,,,,,,,,,,,2409,0.21979288756847382
,,,1,,,,,,,,,,,,,,,,,,,,,,,,,,,,,2419,0.5166327953338623
,,,1,,,,,,,,,,,,,,,,,,,,,,,,,,,,,2429,0.30987349152565
,,,1,,,,,,,,,,,,,,,,,,,,,,,,,,,,,2439,0.5753335356712341
,,,1,,,,,,,,,,,,,,,,,,,,,,,,,,,,,2449,0.38600221276283264
,,,1,,,,,,,,,,,,,,,,,,,,,,,,,,,,,2459,0.4468981623649597
,,,1,,,,,,,,,,,,,,,,,,,,,,,,,,,,,2469,0.0754915103316307
,,,1,,,,,,,,,,,,,,,,,,,,,,,,,,,,,2479,0.12315409630537033
,,,1,,,,,,,,,,,,,,,,,,,,,,,,,,,,,2489,0.21589605510234833
,,,1,,,,,,,,,,,,,,,,,,,,,,,,,,,,,2499,2.577065944671631
,,,1,,,,,,,,,,,,,,,,,,,,,,,,,,,,,2509,0.43035638332366943
,,,1,,,,,,,,,,,,,,,,,,,,,,,,,,,,,2519,0.16521787643432617
,,,1,,,,,,,,,,,,,,,,,,,,,,,,,,,,,2529,0.30859482288360596
,,,1,,,,,,,,,,,,,,,,,,,,,,,,,,,,,2539,0.25825172662734985
,,,1,,,,,,,,,,,,,,,,,,,,,,,,,,,,,2549,0.8557863831520081
,,,1,,,,,,,,,,,,,,,,,,,,,,,,,,,,,2559,0.34116530418395996
,,,1,,,,,,,,,,,,,,,,,,,,,,,,,,,,,2569,0.4350343942642212
,,,1,,,,,,,,,,,,,,,,,,,,,,,,,,,,,2579,0.14243043959140778
,,,1,,,,,,,,,,,,,,,,,,,,,,,,,,,,,2589,1.255688190460205
,,,1,,,,,,,,,,,,,,,,,,,,,,,,,,,,,2599,0.22160926461219788
,,,1,,,,,,,,,,,,,,,,,,,,,,,,,,,,,2609,0.5748777389526367
,,,1,,,,,,,,,,,,,,,,,,,,,,,,,,,,,2619,1.0489773750305176
,,,1,,,,,,,,,,,,,,,,,,,,,,,,,,,,,2629,0.7589188814163208
,,,1,,,,,,,,,,,,,,,,,,,,,,,,,,,,,2639,0.22174754738807678
,,,1,,,,,,,,,,,,,,,,,,,,,,,,,,,,,2649,0.41020578145980835
,,,1,,,,,,,,,,,,,,,,,,,,,,,,,,,,,2659,0.11846809834241867
,,,1,,,,,,,,,,,,,,,,,,,,,,,,,,,,,2669,0.23388351500034332
,,,1,,,,,,,,,,,,,,,,,,,,,,,,,,,,,2679,0.14370743930339813
,,,1,,,,,,,,,,,,,,,,,,,,,,,,,,,,,2689,0.30746734142303467
,,,1,,,,,,,,,,,,,,,,,,,,,,,,,,,,,2699,0.667601466178894
,,,1,,,,,,,,,,,,,,,,,,,,,,,,,,,,,2709,0.31692269444465637
,,,1,,,,,,,,,,,,,,,,,,,,,,,,,,,,,2719,0.10137258470058441
,,,1,,,,,,,,,,,,,,,,,,,,,,,,,,,,,2729,0.6236801147460938
,,,1,,,,,,,,,,,,,,,,,,,,,,,,,,,,,2739,0.05010044574737549
,,,1,,,,,,,,,,,,,,,,,,,,,,,,,,,,,2749,0.04528411105275154
,,,1,,,,,,,,,,,,,,,,,,,,,,,,,,,,,2759,0.3265465199947357
,,,1,,,,,,,,,,,,,,,,,,,,,,,,,,,,,2769,0.2877362072467804
,,,1,,,,,,,,,,,,,,,,,,,,,,,,,,,,,2779,1.6432387828826904
,,,1,,,,,,,,,,,,,,,,,,,,,,,,,,,,,2789,0.508173406124115
,,,1,,,,,,,,,,,,,,,,,,,,,,,,,,,,,2799,0.10139207541942596
,,,1,,,,,,,,,,,,,,,,,,,,,,,,,,,,,2809,0.07930411398410797
,,,1,,,,,,,,,,,,,,,,,,,,,,,,,,,,,2819,0.32189133763313293
,,,1,,,,,,,,,,,,,,,,,,,,,,,,,,,,,2829,0.8776507377624512
,,,1,,,,,,,,,,,,,,,,,,,,,,,,,,,,,2839,0.3112824857234955
,,,1,,,,,,,,,,,,,,,,,,,,,,,,,,,,,2849,0.4006684422492981
,,,1,,,,,,,,,,,,,,,,,,,,,,,,,,,,,2859,0.39788103103637695
,,,1,,,,,,,,,,,,,,,,,,,,,,,,,,,,,2869,0.5526267290115356
,,,1,,,,,,,,,,,,,,,,,,,,,,,,,,,,,2879,0.05297662317752838
,,,1,,,,,,,,,,,,,,,,,,,,,,,,,,,,,2889,0.6779798865318298
,,,1,,,,,,,,,,,,,,,,,,,,,,,,,,,,,2899,0.18451248109340668
,,,1,,,,,,,,,,,,,,,,,,,,,,,,,,,,,2909,0.04112299904227257
,,,1,,,,,,,,,,,,,,,,,,,,,,,,,,,,,2919,0.17392757534980774
,,,1,,,,,,,,,,,,,,,,,,,,,,,,,,,,,2929,0.38009652495384216
,,,1,,,,,,,,,,,,,,,,,,,,,,,,,,,,,2939,0.08419682830572128
,,,1,,,,,,,,,,,,,,,,,,,,,,,,,,,,,2949,0.13744854927062988
,,,1,,,,,,,,,,,,,,,,,,,,,,,,,,,,,2959,0.08480266481637955
,,,1,,,,,,,,,,,,,,,,,,,,,,,,,,,,,2969,0.36667877435684204
,,,1,,,,,,,,,,,,,,,,,,,,,,,,,,,,,2979,0.490993469953537
,,,1,,,,,,,,,,,,,,,,,,,,,,,,,,,,,2989,0.17501674592494965
,,,1,,,,,,,,,,,,,,,,,,,,,,,,,,,,,2999,1.0255305767059326
,,,1,,,,,,,,,,,,,,,,,,,,,,,,,,,,,3009,0.347425639629364
,,,1,,,,,,,,,,,,,,,,,,,,,,,,,,,,,3019,0.14171594381332397
,,,1,,,,,,,,,,,,,,,,,,,,,,,,,,,,,3029,0.2582424283027649
,,,1,,,,,,,,,,,,,,,,,,,,,,,,,,,,,3039,1.3196827173233032
,,,1,,,,,,,,,,,,,,,,,,,,,,,,,,,,,3049,0.20993995666503906
,,,1,,,,,,,,,,,,,,,,,,,,,,,,,,,,,3059,0.9447555541992188
,,,1,,,,,,,,,,,,,,,,,,,,,,,,,,,,,3069,0.0443352609872818
,,,1,,,,,,,,,,,,,,,,,,,,,,,,,,,,,3079,0.02382664941251278
,,,1,,,,,,,,,,,,,,,,,,,,,,,,,,,,,3089,0.03520343080163002
,,,1,,,,,,,,,,,,,,,,,,,,,,,,,,,,,3099,0.7259683609008789
,,,1,,,,,,,,,,,,,,,,,,,,,,,,,,,,,3109,0.15541279315948486
,,,1,,,,,,,,,,,,,,,,,,,,,,,,,,,,,3119,0.36856159567832947
,,,1,,,,,,,,,,,,,,,,,,,,,,,,,,,,,3129,0.2541863024234772
,,,1,,,,,,,,,,,,,,,,,,,,,,,,,,,,,3139,0.12575313448905945
,,,1,,,,,,,,,,,,,,,,,,,,,,,,,,,,,3149,0.40129679441452026
,,,1,,,,,,,,,,,,,,,,,,,,,,,,,,,,,3159,0.12195688486099243
,,,1,,,,,,,,,,,,,,,,,,,,,,,,,,,,,3169,0.36312952637672424
,,,1,,,,,,,,,,,,,,,,,,,,,,,,,,,,,3179,0.23946762084960938
,,,1,,,,,,,,,,,,,,,,,,,,,,,,,,,,,3189,0.23045611381530762
,,,1,,,,,,,,,,,,,,,,,,,,,,,,,,,,,3199,0.04669710248708725
,,,1,,,,,,,,,,,,,,,,,,,,,,,,,,,,,3209,0.6656791567802429
,,,1,,,,,,,,,,,,,,,,,,,,,,,,,,,,,3219,0.658752977848053
,,,1,,,,,,,,,,,,,,,,,,,,,,,,,,,,,3229,0.19696703553199768
,,,1,,,,,,,,,,,,,,,,,,,,,,,,,,,,,3239,0.197880819439888
,,,1,,,,,,,,,,,,,,,,,,,,,,,,,,,,,3249,0.050322383642196655
,,,1,,,,,,,,,,,,,,,,,,,,,,,,,,,,,3259,0.1667790561914444
,,,1,,,,,,,,,,,,,,,,,,,,,,,,,,,,,3269,0.24051299691200256
,,,1,,,,,,,,,,,,,,,,,,,,,,,,,,,,,3279,0.45990362763404846
,,,1,,,,,,,,,,,,,,,,,,,,,,,,,,,,,3289,0.47619977593421936
,,,1,,,,,,,,,,,,,,,,,,,,,,,,,,,,,3299,0.7447154521942139
,,,1,,,,,,,,,,,,,,,,,,,,,,,,,,,,,3309,0.6912857890129089
,,,1,,,,,,,,,,,,,,,,,,,,,,,,,,,,,3319,0.11694281548261642
,,,,3.4128054378634294e-07,1.911868877343751e-06,2.9413367343750007e-06,2.9413367343750007e-06,4.525133437500001e-06,4.525133437500001e-06,6.961743750000001e-06,6.961743750000001e-06,1.0710375000000002e-05,1.0710375000000002e-05,1.6477500000000003e-05,3.4128054378634294e-07,1.6477500000000003e-05,2.5350000000000003e-05,2.5350000000000003e-05,3.9000000000000006e-05,3.9000000000000006e-05,6e-05,6e-05,6e-05,6e-05,5.250469904405275e-07,5.250469904405275e-07,8.077646006777347e-07,8.077646006777347e-07,1.2427147702734379e-06,1.2427147702734379e-06,1.911868877343751e-06,3324,
,,,2,,,,,,,,,,,,,,,,,,,,,,,,,,,,,3329,0.07275056838989258
,,,2,,,,,,,,,,,,,,,,,,,,,,,,,,,,,3339,0.3394477069377899
,,,2,,,,,,,,,,,,,,,,,,,,,,,,,,,,,3349,0.5579351186752319
,,,2,,,,,,,,,,,,,,,,,,,,,,,,,,,,,3359,0.6083998084068298
,,,2,,,,,,,,,,,,,,,,,,,,,,,,,,,,,3369,0.28128424286842346
,,,2,,,,,,,,,,,,,,,,,,,,,,,,,,,,,3379,0.32676008343696594
,,,2,,,,,,,,,,,,,,,,,,,,,,,,,,,,,3389,0.6592117547988892
,,,2,,,,,,,,,,,,,,,,,,,,,,,,,,,,,3399,0.5805157423019409
,,,2,,,,,,,,,,,,,,,,,,,,,,,,,,,,,3409,0.3547174334526062
,,,2,,,,,,,,,,,,,,,,,,,,,,,,,,,,,3419,0.05088528245687485
,,,2,,,,,,,,,,,,,,,,,,,,,,,,,,,,,3429,0.7757023572921753
,,,2,,,,,,,,,,,,,,,,,,,,,,,,,,,,,3439,0.07065757364034653
,,,2,,,,,,,,,,,,,,,,,,,,,,,,,,,,,3449,0.2576884329319
,,,2,,,,,,,,,,,,,,,,,,,,,,,,,,,,,3459,0.34520280361175537
,,,2,,,,,,,,,,,,,,,,,,,,,,,,,,,,,3469,0.41050851345062256
,,,2,,,,,,,,,,,,,,,,,,,,,,,,,,,,,3479,0.2894718050956726
,,,2,,,,,,,,,,,,,,,,,,,,,,,,,,,,,3489,0.1848324090242386
,,,2,,,,,,,,,,,,,,,,,,,,,,,,,,,,,3499,0.24922990798950195
,,,2,,,,,,,,,,,,,,,,,,,,,,,,,,,,,3509,0.2368883341550827
,,,2,,,,,,,,,,,,,,,,,,,,,,,,,,,,,3519,0.5801072716712952
,,,2,,,,,,,,,,,,,,,,,,,,,,,,,,,,,3529,0.7035732269287109
,,,2,,,,,,,,,,,,,,,,,,,,,,,,,,,,,3539,0.5938786864280701
,,,2,,,,,,,,,,,,,,,,,,,,,,,,,,,,,3549,0.47598233819007874
,,,2,,,,,,,,,,,,,,,,,,,,,,,,,,,,,3559,0.0687543973326683
,,,2,,,,,,,,,,,,,,,,,,,,,,,,,,,,,3569,0.13948911428451538
,,,2,,,,,,,,,,,,,,,,,,,,,,,,,,,,,3579,0.14739079773426056
,,,2,,,,,,,,,,,,,,,,,,,,,,,,,,,,,3589,1.2766157388687134
,,,2,,,,,,,,,,,,,,,,,,,,,,,,,,,,,3599,0.08543393015861511
,,,2,,,,,,,,,,,,,,,,,,,,,,,,,,,,,3609,0.27408644556999207
,,,2,,,,,,,,,,,,,,,,,,,,,,,,,,,,,3619,0.1723102629184723
,,,2,,,,,,,,,,,,,,,,,,,,,,,,,,,,,3629,0.06768271327018738
,,,2,,,,,,,,,,,,,,,,,,,,,,,,,,,,,3639,0.21175482869148254
,,,2,,,,,,,,,,,,,,,,,,,,,,,,,,,,,3649,0.334791362285614
,,,2,,,,,,,,,,,,,,,,,,,,,,,,,,,,,3659,0.0583796389400959
,,,2,,,,,,,,,,,,,,,,,,,,,,,,,,,,,3669,0.6870752573013306
,,,2,,,,,,,,,,,,,,,,,,,,,,,,,,,,,3679,0.8618083596229553
,,,2,,,,,,,,,,,,,,,,,,,,,,,,,,,,,3689,0.6435787677764893
,,,2,,,,,,,,,,,,,,,,,,,,,,,,,,,,,3699,0.16882117092609406
,,,2,,,,,,,,,,,,,,,,,,,,,,,,,,,,,3709,0.05134293809533119
,,,2,,,,,,,,,,,,,,,,,,,,,,,,,,,,,3719,0.07221772521734238
,,,2,,,,,,,,,,,,,,,,,,,,,,,,,,,,,3729,0.21408221125602722
,,,2,,,,,,,,,,,,,,,,,,,,,,,,,,,,,3739,0.454714298248291
,,,2,,,,,,,,,,,,,,,,,,,,,,,,,,,,,3749,0.5432948470115662
,,,2,,,,,,,,,,,,,,,,,,,,,,,,,,,,,3759,0.14583012461662292
,,,2,,,,,,,,,,,,,,,,,,,,,,,,,,,,,3769,0.05532260611653328
,,,2,,,,,,,,,,,,,,,,,,,,,,,,,,,,,3779,0.6631335616111755
,,,2,,,,,,,,,,,,,,,,,,,,,,,,,,,,,3789,0.2592514753341675
,,,2,,,,,,,,,,,,,,,,,,,,,,,,,,,,,3799,0.1327013373374939
,,,2,,,,,,,,,,,,,,,,,,,,,,,,,,,,,3809,0.06410836428403854
,,,2,,,,,,,,,,,,,,,,,,,,,,,,,,,,,3819,0.32506442070007324
,,,2,,,,,,,,,,,,,,,,,,,,,,,,,,,,,3829,0.12642471492290497
,,,2,,,,,,,,,,,,,,,,,,,,,,,,,,,,,3839,0.20293354988098145
,,,2,,,,,,,,,,,,,,,,,,,,,,,,,,,,,3849,0.06499980390071869
,,,2,,,,,,,,,,,,,,,,,,,,,,,,,,,,,3859,1.51612389087677
,,,2,,,,,,,,,,,,,,,,,,,,,,,,,,,,,3869,0.21722671389579773
,,,2,,,,,,,,,,,,,,,,,,,,,,,,,,,,,3879,0.34835365414619446
,,,2,,,,,,,,,,,,,,,,,,,,,,,,,,,,,3889,1.0271977186203003
,,,2,,,,,,,,,,,,,,,,,,,,,,,,,,,,,3899,1.8289308547973633
,,,2,,,,,,,,,,,,,,,,,,,,,,,,,,,,,3909,0.2710123658180237
,,,2,,,,,,,,,,,,,,,,,,,,,,,,,,,,,3919,0.436713308095932
,,,2,,,,,,,,,,,,,,,,,,,,,,,,,,,,,3929,0.1674904078245163
,,,2,,,,,,,,,,,,,,,,,,,,,,,,,,,,,3939,0.3148072063922882
,,,2,,,,,,,,,,,,,,,,,,,,,,,,,,,,,3949,0.10733223706483841
,,,2,,,,,,,,,,,,,,,,,,,,,,,,,,,,,3959,0.10243836045265198
,,,2,,,,,,,,,,,,,,,,,,,,,,,,,,,,,3969,0.12764263153076172
,,,2,,,,,,,,,,,,,,,,,,,,,,,,,,,,,3979,0.055585335940122604
,,,2,,,,,,,,,,,,,,,,,,,,,,,,,,,,,3989,0.07073305547237396
,,,2,,,,,,,,,,,,,,,,,,,,,,,,,,,,,3999,0.06712131947278976
,,,2,,,,,,,,,,,,,,,,,,,,,,,,,,,,,4009,0.3007829487323761
,,,2,,,,,,,,,,,,,,,,,,,,,,,,,,,,,4019,1.0806299448013306
,,,2,,,,,,,,,,,,,,,,,,,,,,,,,,,,,4029,0.1615419089794159
,,,2,,,,,,,,,,,,,,,,,,,,,,,,,,,,,4039,0.23211030662059784
,,,2,,,,,,,,,,,,,,,,,,,,,,,,,,,,,4049,0.1672014594078064
,,,2,,,,,,,,,,,,,,,,,,,,,,,,,,,,,4059,0.5769085884094238
,,,2,,,,,,,,,,,,,,,,,,,,,,,,,,,,,4069,1.3308790922164917
,,,2,,,,,,,,,,,,,,,,,,,,,,,,,,,,,4079,0.24661988019943237
,,,2,,,,,,,,,,,,,,,,,,,,,,,,,,,,,4089,0.04417254403233528
,,,2,,,,,,,,,,,,,,,,,,,,,,,,,,,,,4099,0.31389349699020386
,,,2,,,,,,,,,,,,,,,,,,,,,,,,,,,,,4109,0.5872935652732849
,,,2,,,,,,,,,,,,,,,,,,,,,,,,,,,,,4119,0.15792030096054077
,,,2,,,,,,,,,,,,,,,,,,,,,,,,,,,,,4129,0.22298426926136017
,,,2,,,,,,,,,,,,,,,,,,,,,,,,,,,,,4139,0.29939815402030945
,,,2,,,,,,,,,,,,,,,,,,,,,,,,,,,,,4149,0.34561601281166077
,,,2,,,,,,,,,,,,,,,,,,,,,,,,,,,,,4159,0.23245197534561157
,,,2,,,,,,,,,,,,,,,,,,,,,,,,,,,,,4169,0.08371064811944962
,,,2,,,,,,,,,,,,,,,,,,,,,,,,,,,,,4179,0.09118210524320602
,,,2,,,,,,,,,,,,,,,,,,,,,,,,,,,,,4189,0.30934852361679077
,,,2,,,,,,,,,,,,,,,,,,,,,,,,,,,,,4199,0.16180817782878876
,,,2,,,,,,,,,,,,,,,,,,,,,,,,,,,,,4209,0.09377337992191315
,,,2,,,,,,,,,,,,,,,,,,,,,,,,,,,,,4219,0.07365842163562775
,,,2,,,,,,,,,,,,,,,,,,,,,,,,,,,,,4229,0.03480939939618111
,,,2,,,,,,,,,,,,,,,,,,,,,,,,,,,,,4239,0.978360652923584
,,,2,,,,,,,,,,,,,,,,,,,,,,,,,,,,,4249,0.9462531805038452
,,,2,,,,,,,,,,,,,,,,,,,,,,,,,,,,,4259,1.0218387842178345
,,,2,,,,,,,,,,,,,,,,,,,,,,,,,,,,,4269,1.0317003726959229
,,,2,,,,,,,,,,,,,,,,,,,,,,,,,,,,,4279,0.17569215595722198
,,,2,,,,,,,,,,,,,,,,,,,,,,,,,,,,,4289,0.4635820686817169
,,,2,,,,,,,,,,,,,,,,,,,,,,,,,,,,,4299,0.28036928176879883
,,,2,,,,,,,,,,,,,,,,,,,,,,,,,,,,,4309,0.145536869764328
,,,2,,,,,,,,,,,,,,,,,,,,,,,,,,,,,4319,0.37085285782814026
,,,2,,,,,,,,,,,,,,,,,,,,,,,,,,,,,4329,0.5079919099807739
,,,2,,,,,,,,,,,,,,,,,,,,,,,,,,,,,4339,0.43015056848526
,,,2,,,,,,,,,,,,,,,,,,,,,,,,,,,,,4349,0.32996153831481934
,,,2,,,,,,,,,,,,,,,,,,,,,,,,,,,,,4359,1.4013338088989258
,,,2,,,,,,,,,,,,,,,,,,,,,,,,,,,,,4369,0.768944501876831
,,,2,,,,,,,,,,,,,,,,,,,,,,,,,,,,,4379,1.2602920532226562
,,,2,,,,,,,,,,,,,,,,,,,,,,,,,,,,,4389,0.1949661374092102
,,,2,,,,,,,,,,,,,,,,,,,,,,,,,,,,,4399,0.03983062505722046
,,,2,,,,,,,,,,,,,,,,,,,,,,,,,,,,,4409,0.1764792501926422
,,,2,,,,,,,,,,,,,,,,,,,,,,,,,,,,,4419,1.2058295011520386
,,,2,,,,,,,,,,,,,,,,,,,,,,,,,,,,,4429,0.63053959608078
,,,2,,,,,,,,,,,,,,,,,,,,,,,,,,,,,4439,0.06584907323122025
,,,2,,,,,,,,,,,,,,,,,,,,,,,,,,,,,4449,0.35980844497680664
,,,2,,,,,,,,,,,,,,,,,,,,,,,,,,,,,4459,0.1210281252861023
,,,2,,,,,,,,,,,,,,,,,,,,,,,,,,,,,4469,0.47567713260650635
,,,2,,,,,,,,,,,,,,,,,,,,,,,,,,,,,4479,0.06119639798998833
,,,2,,,,,,,,,,,,,,,,,,,,,,,,,,,,,4489,0.19651949405670166
,,,2,,,,,,,,,,,,,,,,,,,,,,,,,,,,,4499,0.08842960745096207
,,,2,,,,,,,,,,,,,,,,,,,,,,,,,,,,,4509,0.7453872561454773
,,,2,,,,,,,,,,,,,,,,,,,,,,,,,,,,,4519,0.34699133038520813
,,,2,,,,,,,,,,,,,,,,,,,,,,,,,,,,,4529,0.44174519181251526
,,,2,,,,,,,,,,,,,,,,,,,,,,,,,,,,,4539,0.3663892149925232
,,,2,,,,,,,,,,,,,,,,,,,,,,,,,,,,,4549,0.15921320021152496
,,,2,,,,,,,,,,,,,,,,,,,,,,,,,,,,,4559,0.15434664487838745
,,,2,,,,,,,,,,,,,,,,,,,,,,,,,,,,,4569,0.26139435172080994
,,,2,,,,,,,,,,,,,,,,,,,,,,,,,,,,,4579,0.18924614787101746
,,,2,,,,,,,,,,,,,,,,,,,,,,,,,,,,,4589,0.15477687120437622
,,,2,,,,,,,,,,,,,,,,,,,,,,,,,,,,,4599,0.10589884221553802
,,,2,,,,,,,,,,,,,,,,,,,,,,,,,,,,,4609,0.45932886004447937
,,,2,,,,,,,,,,,,,,,,,,,,,,,,,,,,,4619,0.0222530085593462
,,,2,,,,,,,,,,,,,,,,,,,,,,,,,,,,,4629,0.14515742659568787
,,,2,,,,,,,,,,,,,,,,,,,,,,,,,,,,,4639,0.5492737889289856
,,,2,,,,,,,,,,,,,,,,,,,,,,,,,,,,,4649,1.003175139427185
,,,2,,,,,,,,,,,,,,,,,,,,,,,,,,,,,4659,0.08514899760484695
,,,2,,,,,,,,,,,,,,,,,,,,,,,,,,,,,4669,0.44685104489326477
,,,2,,,,,,,,,,,,,,,,,,,,,,,,,,,,,4679,0.20176243782043457
,,,2,,,,,,,,,,,,,,,,,,,,,,,,,,,,,4689,0.36921000480651855
,,,2,,,,,,,,,,,,,,,,,,,,,,,,,,,,,4699,0.16455014050006866
,,,2,,,,,,,,,,,,,,,,,,,,,,,,,,,,,4709,0.44856125116348267
,,,2,,,,,,,,,,,,,,,,,,,,,,,,,,,,,4719,0.3523005545139313
,,,2,,,,,,,,,,,,,,,,,,,,,,,,,,,,,4729,0.36876198649406433
,,,2,,,,,,,,,,,,,,,,,,,,,,,,,,,,,4739,0.11609412729740143
,,,2,,,,,,,,,,,,,,,,,,,,,,,,,,,,,4749,0.33753395080566406
,,,2,,,,,,,,,,,,,,,,,,,,,,,,,,,,,4759,0.1146915927529335
,,,2,,,,,,,,,,,,,,,,,,,,,,,,,,,,,4769,0.211814284324646
,,,2,,,,,,,,,,,,,,,,,,,,,,,,,,,,,4779,0.1877780705690384
,,,2,,,,,,,,,,,,,,,,,,,,,,,,,,,,,4789,0.06558483093976974
,,,2,,,,,,,,,,,,,,,,,,,,,,,,,,,,,4799,0.2461109161376953
,,,2,,,,,,,,,,,,,,,,,,,,,,,,,,,,,4809,0.5044747591018677
,,,2,,,,,,,,,,,,,,,,,,,,,,,,,,,,,4819,0.5835738182067871
,,,2,,,,,,,,,,,,,,,,,,,,,,,,,,,,,4829,0.9238787889480591
,,,2,,,,,,,,,,,,,,,,,,,,,,,,,,,,,4839,0.4658176302909851
,,,2,,,,,,,,,,,,,,,,,,,,,,,,,,,,,4849,0.14599983394145966
,,,2,,,,,,,,,,,,,,,,,,,,,,,,,,,,,4859,0.30630335211753845
,,,2,,,,,,,,,,,,,,,,,,,,,,,,,,,,,4869,0.05816671624779701
,,,2,,,,,,,,,,,,,,,,,,,,,,,,,,,,,4879,0.40214669704437256
,,,2,,,,,,,,,,,,,,,,,,,,,,,,,,,,,4889,0.4344666600227356
,,,2,,,,,,,,,,,,,,,,,,,,,,,,,,,,,4899,0.027275769039988518
,,,2,,,,,,,,,,,,,,,,,,,,,,,,,,,,,4909,0.2870834171772003
,,,2,,,,,,,,,,,,,,,,,,,,,,,,,,,,,4919,0.6439216732978821
,,,2,,,,,,,,,,,,,,,,,,,,,,,,,,,,,4929,0.028393909335136414
,,,2,,,,,,,,,,,,,,,,,,,,,,,,,,,,,4939,0.7834091782569885
,,,2,,,,,,,,,,,,,,,,,,,,,,,,,,,,,4949,0.12355025857686996
,,,2,,,,,,,,,,,,,,,,,,,,,,,,,,,,,4959,1.0368064641952515
,,,2,,,,,,,,,,,,,,,,,,,,,,,,,,,,,4969,0.854627788066864
,,,2,,,,,,,,,,,,,,,,,,,,,,,,,,,,,4979,1.0800644159317017
,,,,4.550407250484573e-07,2.5491585031250013e-06,3.9217823125000015e-06,3.9217823125000015e-06,6.0335112500000015e-06,6.0335112500000015e-06,9.282325000000003e-06,9.282325000000003e-06,1.4280500000000003e-05,1.4280500000000003e-05,2.1970000000000005e-05,4.550407250484573e-07,2.1970000000000005e-05,3.38e-05,3.38e-05,5.200000000000001e-05,5.200000000000001e-05,8e-05,8e-05,8e-05,8e-05,7.000626539207035e-07,7.000626539207035e-07,1.077019467570313e-06,1.077019467570313e-06,1.6569530270312508e-06,1.6569530270312508e-06,2.5491585031250013e-06,4986,
,,,3,,,,,,,,,,,,,,,,,,,,,,,,,,,,,4989,0.31662294268608093
,,,3,,,,,,,,,,,,,,,,,,,,,,,,,,,,,4999,0.38714373111724854
,,,3,,,,,,,,,,,,,,,,,,,,,,,,,,,,,5009,0.038314830511808395
,,,3,,,,,,,,,,,,,,,,,,,,,,,,,,,,,5019,0.0623360313475132
,,,3,,,,,,,,,,,,,,,,,,,,,,,,,,,,,5029,0.08677037060260773
,,,3,,,,,,,,,,,,,,,,,,,,,,,,,,,,,5039,0.06809428334236145
,,,3,,,,,,,,,,,,,,,,,,,,,,,,,,,,,5049,0.21870200335979462
,,,3,,,,,,,,,,,,,,,,,,,,,,,,,,,,,5059,0.5367060899734497
,,,3,,,,,,,,,,,,,,,,,,,,,,,,,,,,,5069,0.045660920441150665
,,,3,,,,,,,,,,,,,,,,,,,,,,,,,,,,,5079,0.7980973720550537
,,,3,,,,,,,,,,,,,,,,,,,,,,,,,,,,,5089,0.2928423285484314
,,,3,,,,,,,,,,,,,,,,,,,,,,,,,,,,,5099,0.7126202583312988
,,,3,,,,,,,,,,,,,,,,,,,,,,,,,,,,,5109,0.10525123029947281
,,,3,,,,,,,,,,,,,,,,,,,,,,,,,,,,,5119,0.4254608154296875
,,,3,,,,,,,,,,,,,,,,,,,,,,,,,,,,,5129,0.2719852030277252
,,,3,,,,,,,,,,,,,,,,,,,,,,,,,,,,,5139,0.20819953083992004
,,,3,,,,,,,,,,,,,,,,,,,,,,,,,,,,,5149,0.21382665634155273
,,,3,,,,,,,,,,,,,,,,,,,,,,,,,,,,,5159,0.7094378471374512
,,,3,,,,,,,,,,,,,,,,,,,,,,,,,,,,,5169,0.2929101288318634
,,,3,,,,,,,,,,,,,,,,,,,,,,,,,,,,,5179,0.25606128573417664
,,,3,,,,,,,,,,,,,,,,,,,,,,,,,,,,,5189,0.8455492258071899
,,,3,,,,,,,,,,,,,,,,,,,,,,,,,,,,,5199,0.22141607105731964
,,,3,,,,,,,,,,,,,,,,,,,,,,,,,,,,,5209,0.49573656916618347
,,,3,,,,,,,,,,,,,,,,,,,,,,,,,,,,,5219,0.6901880502700806
,,,3,,,,,,,,,,,,,,,,,,,,,,,,,,,,,5229,0.046056751161813736
,,,3,,,,,,,,,,,,,,,,,,,,,,,,,,,,,5239,0.20609812438488007
,,,3,,,,,,,,,,,,,,,,,,,,,,,,,,,,,5249,0.4593102037906647
,,,3,,,,,,,,,,,,,,,,,,,,,,,,,,,,,5259,0.05513877794146538
,,,3,,,,,,,,,,,,,,,,,,,,,,,,,,,,,5269,0.44633159041404724
,,,3,,,,,,,,,,,,,,,,,,,,,,,,,,,,,5279,0.07252371311187744
,,,3,,,,,,,,,,,,,,,,,,,,,,,,,,,,,5289,0.8050280213356018
,,,3,,,,,,,,,,,,,,,,,,,,,,,,,,,,,5299,0.23622804880142212
,,,3,,,,,,,,,,,,,,,,,,,,,,,,,,,,,5309,0.41990596055984497
,,,3,,,,,,,,,,,,,,,,,,,,,,,,,,,,,5319,0.27112236618995667
,,,3,,,,,,,,,,,,,,,,,,,,,,,,,,,,,5329,1.125373125076294
,,,3,,,,,,,,,,,,,,,,,,,,,,,,,,,,,5339,0.7603619694709778
,,,3,,,,,,,,,,,,,,,,,,,,,,,,,,,,,5349,0.1934082806110382
,,,3,,,,,,,,,,,,,,,,,,,,,,,,,,,,,5359,0.5494345426559448
,,,3,,,,,,,,,,,,,,,,,,,,,,,,,,,,,5369,0.5278627872467041
,,,3,,,,,,,,,,,,,,,,,,,,,,,,,,,,,5379,0.538076639175415
,,,3,,,,,,,,,,,,,,,,,,,,,,,,,,,,,5389,0.2674098312854767
,,,3,,,,,,,,,,,,,,,,,,,,,,,,,,,,,5399,0.09737274795770645
,,,3,,,,,,,,,,,,,,,,,,,,,,,,,,,,,5409,0.29331615567207336
,,,3,,,,,,,,,,,,,,,,,,,,,,,,,,,,,5419,0.10609153658151627
,,,3,,,,,,,,,,,,,,,,,,,,,,,,,,,,,5429,0.07115183025598526
,,,3,,,,,,,,,,,,,,,,,,,,,,,,,,,,,5439,0.24306106567382812
,,,3,,,,,,,,,,,,,,,,,,,,,,,,,,,,,5449,0.7859220504760742
,,,3,,,,,,,,,,,,,,,,,,,,,,,,,,,,,5459,0.1602107733488083
,,,3,,,,,,,,,,,,,,,,,,,,,,,,,,,,,5469,0.0999973863363266
,,,3,,,,,,,,,,,,,,,,,,,,,,,,,,,,,5479,0.8724970817565918
,,,3,,,,,,,,,,,,,,,,,,,,,,,,,,,,,5489,1.2406338453292847
,,,3,,,,,,,,,,,,,,,,,,,,,,,,,,,,,5499,0.4848999083042145
,,,3,,,,,,,,,,,,,,,,,,,,,,,,,,,,,5509,0.28823909163475037
,,,3,,,,,,,,,,,,,,,,,,,,,,,,,,,,,5519,0.36884602904319763
,,,3,,,,,,,,,,,,,,,,,,,,,,,,,,,,,5529,1.3113664388656616
,,,3,,,,,,,,,,,,,,,,,,,,,,,,,,,,,5539,0.17444764077663422
,,,3,,,,,,,,,,,,,,,,,,,,,,,,,,,,,5549,0.7089805603027344
,,,3,,,,,,,,,,,,,,,,,,,,,,,,,,,,,5559,0.49248266220092773
,,,3,,,,,,,,,,,,,,,,,,,,,,,,,,,,,5569,0.982559084892273
,,,3,,,,,,,,,,,,,,,,,,,,,,,,,,,,,5579,0.9911657571792603
,,,3,,,,,,,,,,,,,,,,,,,,,,,,,,,,,5589,0.4751671850681305
,,,3,,,,,,,,,,,,,,,,,,,,,,,,,,,,,5599,0.05302710458636284
,,,3,,,,,,,,,,,,,,,,,,,,,,,,,,,,,5609,0.2100677788257599
,,,3,,,,,,,,,,,,,,,,,,,,,,,,,,,,,5619,0.052864715456962585
,,,3,,,,,,,,,,,,,,,,,,,,,,,,,,,,,5629,0.4951018989086151
,,,3,,,,,,,,,,,,,,,,,,,,,,,,,,,,,5639,0.022779006510972977
,,,3,,,,,,,,,,,,,,,,,,,,,,,,,,,,,5649,0.44319531321525574
,,,3,,,,,,,,,,,,,,,,,,,,,,,,,,,,,5659,0.07391289621591568
,,,3,,,,,,,,,,,,,,,,,,,,,,,,,,,,,5669,0.09026820957660675
,,,3,,,,,,,,,,,,,,,,,,,,,,,,,,,,,5679,0.09317629039287567
,,,3,,,,,,,,,,,,,,,,,,,,,,,,,,,,,5689,0.1784551441669464
,,,3,,,,,,,,,,,,,,,,,,,,,,,,,,,,,5699,0.10391261428594589
,,,3,,,,,,,,,,,,,,,,,,,,,,,,,,,,,5709,1.0446146726608276
,,,3,,,,,,,,,,,,,,,,,,,,,,,,,,,,,5719,1.5175700187683105
,,,3,,,,,,,,,,,,,,,,,,,,,,,,,,,,,5729,0.42700788378715515
,,,3,,,,,,,,,,,,,,,,,,,,,,,,,,,,,5739,0.3797357976436615
,,,3,,,,,,,,,,,,,,,,,,,,,,,,,,,,,5749,0.05259810388088226
,,,3,,,,,,,,,,,,,,,,,,,,,,,,,,,,,5759,1.20393967628479
,,,3,,,,,,,,,,,,,,,,,,,,,,,,,,,,,5769,0.12331239134073257
,,,3,,,,,,,,,,,,,,,,,,,,,,,,,,,,,5779,0.10375773161649704
,,,3,,,,,,,,,,,,,,,,,,,,,,,,,,,,,5789,0.14297427237033844
,,,3,,,,,,,,,,,,,,,,,,,,,,,,,,,,,5799,0.09209004789590836
,,,3,,,,,,,,,,,,,,,,,,,,,,,,,,,,,5809,0.3259328007698059
,,,3,,,,,,,,,,,,,,,,,,,,,,,,,,,,,5819,0.6715632081031799
,,,3,,,,,,,,,,,,,,,,,,,,,,,,,,,,,5829,0.0239973496645689
,,,3,,,,,,,,,,,,,,,,,,,,,,,,,,,,,5839,0.1000814363360405
,,,3,,,,,,,,,,,,,,,,,,,,,,,,,,,,,5849,0.280809611082077
,,,3,,,,,,,,,,,,,,,,,,,,,,,,,,,,,5859,0.18663237988948822
,,,3,,,,,,,,,,,,,,,,,,,,,,,,,,,,,5869,0.6869896054267883
,,,3,,,,,,,,,,,,,,,,,,,,,,,,,,,,,5879,1.0833892822265625
,,,3,,,,,,,,,,,,,,,,,,,,,,,,,,,,,5889,0.13919761776924133
,,,3,,,,,,,,,,,,,,,,,,,,,,,,,,,,,5899,0.10985288769006729
,,,3,,,,,,,,,,,,,,,,,,,,,,,,,,,,,5909,0.1113462820649147
,,,3,,,,,,,,,,,,,,,,,,,,,,,,,,,,,5919,0.4489210247993469
,,,3,,,,,,,,,,,,,,,,,,,,,,,,,,,,,5929,0.18156932294368744
,,,3,,,,,,,,,,,,,,,,,,,,,,,,,,,,,5939,0.25413259863853455
,,,3,,,,,,,,,,,,,,,,,,,,,,,,,,,,,5949,0.10326067358255386
,,,3,,,,,,,,,,,,,,,,,,,,,,,,,,,,,5959,0.5691354870796204
,,,3,,,,,,,,,,,,,,,,,,,,,,,,,,,,,5969,0.047460686415433884
,,,3,,,,,,,,,,,,,,,,,,,,,,,,,,,,,5979,0.2797852158546448
,,,3,,,,,,,,,,,,,,,,,,,,,,,,,,,,,5989,0.12310150265693665
,,,3,,,,,,,,,,,,,,,,,,,,,,,,,,,,,5999,0.6450638771057129
,,,3,,,,,,,,,,,,,,,,,,,,,,,,,,,,,6009,0.06926778703927994
,,,3,,,,,,,,,,,,,,,,,,,,,,,,,,,,,6019,0.402372270822525
,,,3,,,,,,,,,,,,,,,,,,,,,,,,,,,,,6029,0.22106917202472687
,,,3,,,,,,,,,,,,,,,,,,,,,,,,,,,,,6039,0.31440162658691406
,,,3,,,,,,,,,,,,,,,,,,,,,,,,,,,,,6049,1.5536792278289795
,,,3,,,,,,,,,,,,,,,,,,,,,,,,,,,,,6059,0.1555028259754181
,,,3,,,,,,,,,,,,,,,,,,,,,,,,,,,,,6069,0.2296479344367981
,,,3,,,,,,,,,,,,,,,,,,,,,,,,,,,,,6079,0.17794528603553772
,,,3,,,,,,,,,,,,,,,,,,,,,,,,,,,,,6089,0.2874908447265625
,,,3,,,,,,,,,,,,,,,,,,,,,,,,,,,,,6099,0.39301812648773193
,,,3,,,,,,,,,,,,,,,,,,,,,,,,,,,,,6109,0.8729878664016724
,,,3,,,,,,,,,,,,,,,,,,,,,,,,,,,,,6119,0.7381291389465332
,,,3,,,,,,,,,,,,,,,,,,,,,,,,,,,,,6129,0.16481947898864746
,,,3,,,,,,,,,,,,,,,,,,,,,,,,,,,,,6139,0.3823866844177246
,,,3,,,,,,,,,,,,,,,,,,,,,,,,,,,,,6149,0.042455725371837616
,,,3,,,,,,,,,,,,,,,,,,,,,,,,,,,,,6159,0.08685111999511719
,,,3,,,,,,,,,,,,,,,,,,,,,,,,,,,,,6169,0.13328973948955536
,,,3,,,,,,,,,,,,,,,,,,,,,,,,,,,,,6179,0.28055617213249207
,,,3,,,,,,,,,,,,,,,,,,,,,,,,,,,,,6189,0.3744663894176483
,,,3,,,,,,,,,,,,,,,,,,,,,,,,,,,,,6199,0.06418047100305557
,,,3,,,,,,,,,,,,,,,,,,,,,,,,,,,,,6209,0.37956497073173523
,,,3,,,,,,,,,,,,,,,,,,,,,,,,,,,,,6219,0.06065152958035469
,,,3,,,,,,,,,,,,,,,,,,,,,,,,,,,,,6229,0.46389079093933105
,,,3,,,,,,,,,,,,,,,,,,,,,,,,,,,,,6239,1.2250992059707642
,,,3,,,,,,,,,,,,,,,,,,,,,,,,,,,,,6249,0.16554884612560272
,,,3,,,,,,,,,,,,,,,,,,,,,,,,,,,,,6259,0.16249118745326996
,,,3,,,,,,,,,,,,,,,,,,,,,,,,,,,,,6269,0.04468682035803795
,,,3,,,,,,,,,,,,,,,,,,,,,,,,,,,,,6279,0.15148870646953583
,,,3,,,,,,,,,,,,,,,,,,,,,,,,,,,,,6289,0.3523336350917816
,,,3,,,,,,,,,,,,,,,,,,,,,,,,,,,,,6299,0.9753114581108093
,,,3,,,,,,,,,,,,,,,,,,,,,,,,,,,,,6309,0.07284850627183914
,,,3,,,,,,,,,,,,,,,,,,,,,,,,,,,,,6319,1.3535064458847046
,,,3,,,,,,,,,,,,,,,,,,,,,,,,,,,,,6329,0.12999148666858673
,,,3,,,,,,,,,,,,,,,,,,,,,,,,,,,,,6339,0.2668953537940979
,,,3,,,,,,,,,,,,,,,,,,,,,,,,,,,,,6349,0.13821816444396973
,,,3,,,,,,,,,,,,,,,,,,,,,,,,,,,,,6359,0.12395578622817993
,,,3,,,,,,,,,,,,,,,,,,,,,,,,,,,,,6369,0.04495953768491745
,,,3,,,,,,,,,,,,,,,,,,,,,,,,,,,,,6379,0.743090033531189
,,,3,,,,,,,,,,,,,,,,,,,,,,,,,,,,,6389,0.09825361520051956
,,,3,,,,,,,,,,,,,,,,,,,,,,,,,,,,,6399,0.33883777260780334
,,,3,,,,,,,,,,,,,,,,,,,,,,,,,,,,,6409,0.15045791864395142
,,,3,,,,,,,,,,,,,,,,,,,,,,,,,,,,,6419,0.023645788431167603
,,,3,,,,,,,,,,,,,,,,,,,,,,,,,,,,,6429,0.23061132431030273
,,,3,,,,,,,,,,,,,,,,,,,,,,,,,,,,,6439,0.03936231508851051
,,,3,,,,,,,,,,,,,,,,,,,,,,,,,,,,,6449,0.0908021330833435
,,,3,,,,,,,,,,,,,,,,,,,,,,,,,,,,,6459,0.2045600265264511
,,,3,,,,,,,,,,,,,,,,,,,,,,,,,,,,,6469,0.8309102654457092
,,,3,,,,,,,,,,,,,,,,,,,,,,,,,,,,,6479,0.43727409839630127
,,,3,,,,,,,,,,,,,,,,,,,,,,,,,,,,,6489,0.6123441457748413
,,,3,,,,,,,,,,,,,,,,,,,,,,,,,,,,,6499,0.35211145877838135
,,,3,,,,,,,,,,,,,,,,,,,,,,,,,,,,,6509,0.23698315024375916
,,,3,,,,,,,,,,,,,,,,,,,,,,,,,,,,,6519,0.8169264197349548
,,,3,,,,,,,,,,,,,,,,,,,,,,,,,,,,,6529,0.6251235604286194
,,,3,,,,,,,,,,,,,,,,,,,,,,,,,,,,,6539,0.321694552898407
,,,3,,,,,,,,,,,,,,,,,,,,,,,,,,,,,6549,0.16167180240154266
,,,3,,,,,,,,,,,,,,,,,,,,,,,,,,,,,6559,0.1474848985671997
,,,3,,,,,,,,,,,,,,,,,,,,,,,,,,,,,6569,0.11392104625701904
,,,3,,,,,,,,,,,,,,,,,,,,,,,,,,,,,6579,0.026886967942118645
,,,3,,,,,,,,,,,,,,,,,,,,,,,,,,,,,6589,0.01376423891633749
,,,3,,,,,,,,,,,,,,,,,,,,,,,,,,,,,6599,0.139736607670784
,,,3,,,,,,,,,,,,,,,,,,,,,,,,,,,,,6609,0.5757495760917664
,,,3,,,,,,,,,,,,,,,,,,,,,,,,,,,,,6619,0.19324687123298645
,,,3,,,,,,,,,,,,,,,,,,,,,,,,,,,,,6629,0.2711126208305359
,,,3,,,,,,,,,,,,,,,,,,,,,,,,,,,,,6639,0.6051515936851501
,,,,5.688009063105716e-07,3.1864481289062513e-06,4.9022278906250015e-06,4.9022278906250015e-06,7.541889062500002e-06,7.541889062500002e-06,1.1602906250000002e-05,1.1602906250000002e-05,1.7850625000000003e-05,1.7850625000000003e-05,2.7462500000000003e-05,5.688009063105716e-07,2.7462500000000003e-05,4.2250000000000004e-05,4.2250000000000004e-05,6.500000000000001e-05,6.500000000000001e-05,0.0001,0.0001,0.0001,0.0001,8.750783174008792e-07,8.750783174008792e-07,1.3462743344628912e-06,1.3462743344628912e-06,2.0711912837890633e-06,2.0711912837890633e-06,3.1864481289062513e-06,6648,
,,,4,,,,,,,,,,,,,,,,,,,,,,,,,,,,,6649,0.34375324845314026
,,,4,,,,,,,,,,,,,,,,,,,,,,,,,,,,,6659,0.11468535661697388
,,,4,,,,,,,,,,,,,,,,,,,,,,,,,,,,,6669,0.4621199369430542
,,,4,,,,,,,,,,,,,,,,,,,,,,,,,,,,,6679,0.31046897172927856
,,,4,,,,,,,,,,,,,,,,,,,,,,,,,,,,,6689,0.268393874168396
,,,4,,,,,,,,,,,,,,,,,,,,,,,,,,,,,6699,0.1127898246049881
,,,4,,,,,,,,,,,,,,,,,,,,,,,,,,,,,6709,0.08105718344449997
,,,4,,,,,,,,,,,,,,,,,,,,,,,,,,,,,6719,0.5854573249816895
,,,4,,,,,,,,,,,,,,,,,,,,,,,,,,,,,6729,0.47395190596580505
,,,4,,,,,,,,,,,,,,,,,,,,,,,,,,,,,6739,0.51973956823349
,,,4,,,,,,,,,,,,,,,,,,,,,,,,,,,,,6749,0.32607394456863403
,,,4,,,,,,,,,,,,,,,,,,,,,,,,,,,,,6759,0.31004929542541504
,,,4,,,,,,,,,,,,,,,,,,,,,,,,,,,,,6769,0.11979129165410995
,,,4,,,,,,,,,,,,,,,,,,,,,,,,,,,,,6779,0.7507347464561462
,,,4,,,,,,,,,,,,,,,,,,,,,,,,,,,,,6789,0.37904390692710876
,,,4,,,,,,,,,,,,,,,,,,,,,,,,,,,,,6799,0.5074557065963745
,,,4,,,,,,,,,,,,,,,,,,,,,,,,,,,,,6809,0.21054673194885254
,,,4,,,,,,,,,,,,,,,,,,,,,,,,,,,,,6819,0.19229862093925476
,,,4,,,,,,,,,,,,,,,,,,,,,,,,,,,,,6829,0.9709068536758423
,,,4,,,,,,,,,,,,,,,,,,,,,,,,,,,,,6839,0.13771824538707733
,,,4,,,,,,,,,,,,,,,,,,,,,,,,,,,,,6849,0.05453530699014664
,,,4,,,,,,,,,,,,,,,,,,,,,,,,,,,,,6859,0.7105726003646851
,,,4,,,,,,,,,,,,,,,,,,,,,,,,,,,,,6869,0.25102654099464417
,,,4,,,,,,,,,,,,,,,,,,,,,,,,,,,,,6879,0.07251929491758347
,,,4,,,,,,,,,,,,,,,,,,,,,,,,,,,,,6889,0.0167736504226923
,,,4,,,,,,,,,,,,,,,,,,,,,,,,,,,,,6899,1.1826709508895874
,,,4,,,,,,,,,,,,,,,,,,,,,,,,,,,,,6909,0.07299405336380005
,,,4,,,,,,,,,,,,,,,,,,,,,,,,,,,,,6919,0.26326945424079895
,,,4,,,,,,,,,,,,,,,,,,,,,,,,,,,,,6929,0.1629038155078888
,,,4,,,,,,,,,,,,,,,,,,,,,,,,,,,,,6939,0.2899511456489563
,,,4,,,,,,,,,,,,,,,,,,,,,,,,,,,,,6949,1.1929072141647339
,,,4,,,,,,,,,,,,,,,,,,,,,,,,,,,,,6959,0.09357592463493347
,,,4,,,,,,,,,,,,,,,,,,,,,,,,,,,,,6969,0.5763736367225647
,,,4,,,,,,,,,,,,,,,,,,,,,,,,,,,,,6979,0.6028613448143005
,,,4,,,,,,,,,,,,,,,,,,,,,,,,,,,,,6989,0.11266614496707916
,,,4,,,,,,,,,,,,,,,,,,,,,,,,,,,,,6999,0.25251567363739014
,,,4,,,,,,,,,,,,,,,,,,,,,,,,,,,,,7009,0.16083762049674988
,,,4,,,,,,,,,,,,,,,,,,,,,,,,,,,,,7019,0.4344135522842407
,,,4,,,,,,,,,,,,,,,,,,,,,,,,,,,,,7029,0.9516302943229675
,,,4,,,,,,,,,,,,,,,,,,,,,,,,,,,,,7039,0.10223431140184402
,,,4,,,,,,,,,,,,,,,,,,,,,,,,,,,,,7049,0.1295516937971115
,,,4,,,,,,,,,,,,,,,,,,,,,,,,,,,,,7059,0.7282705903053284
,,,4,,,,,,,,,,,,,,,,,,,,,,,,,,,,,7069,1.0615590810775757
,,,4,,,,,,,,,,,,,,,,,,,,,,,,,,,,,7079,0.04989007115364075
,,,4,,,,,,,,,,,,,,,,,,,,,,,,,,,,,7089,0.09253223240375519
,,,4,,,,,,,,,,,,,,,,,,,,,,,,,,,,,7099,0.11053310334682465
,,,4,,,,,,,,,,,,,,,,,,,,,,,,,,,,,7109,0.08172544836997986
,,,4,,,,,,,,,,,,,,,,,,,,,,,,,,,,,7119,0.5740522742271423
,,,4,,,,,,,,,,,,,,,,,,,,,,,,,,,,,7129,0.0573076494038105
,,,4,,,,,,,,,,,,,,,,,,,,,,,,,,,,,7139,0.8019191026687622
,,,4,,,,,,,,,,,,,,,,,,,,,,,,,,,,,7149,0.1845523566007614
,,,4,,,,,,,,,,,,,,,,,,,,,,,,,,,,,7159,0.7022858262062073
,,,4,,,,,,,,,,,,,,,,,,,,,,,,,,,,,7169,0.048133689910173416
,,,4,,,,,,,,,,,,,,,,,,,,,,,,,,,,,7179,0.09366188943386078
,,,4,,,,,,,,,,,,,,,,,,,,,,,,,,,,,7189,0.6760879158973694
,,,4,,,,,,,,,,,,,,,,,,,,,,,,,,,,,7199,0.26670998334884644
,,,4,,,,,,,,,,,,,,,,,,,,,,,,,,,,,7209,0.1683630794286728
,,,4,,,,,,,,,,,,,,,,,,,,,,,,,,,,,7219,0.4843168556690216
,,,4,,,,,,,,,,,,,,,,,,,,,,,,,,,,,7229,0.2519474923610687
,,,4,,,,,,,,,,,,,,,,,,,,,,,,,,,,,7239,0.3054829239845276
,,,4,,,,,,,,,,,,,,,,,,,,,,,,,,,,,7249,0.14811918139457703
,,,4,,,,,,,,,,,,,,,,,,,,,,,,,,,,,7259,0.11882419139146805
,,,4,,,,,,,,,,,,,,,,,,,,,,,,,,,,,7269,0.6359484195709229
,,,4,,,,,,,,,,,,,,,,,,,,,,,,,,,,,7279,0.15674299001693726
,,,4,,,,,,,,,,,,,,,,,,,,,,,,,,,,,7289,0.8170880675315857
,,,4,,,,,,,,,,,,,,,,,,,,,,,,,,,,,7299,0.049948811531066895
,,,4,,,,,,,,,,,,,,,,,,,,,,,,,,,,,7309,0.03301561251282692
,,,4,,,,,,,,,,,,,,,,,,,,,,,,,,,,,7319,0.7410603761672974
,,,4,,,,,,,,,,,,,,,,,,,,,,,,,,,,,7329,0.016756122931838036
,,,4,,,,,,,,,,,,,,,,,,,,,,,,,,,,,7339,1.004914402961731
,,,4,,,,,,,,,,,,,,,,,,,,,,,,,,,,,7349,0.1818528026342392
,,,4,,,,,,,,,,,,,,,,,,,,,,,,,,,,,7359,0.21048226952552795
,,,4,,,,,,,,,,,,,,,,,,,,,,,,,,,,,7369,0.39129188656806946
,,,4,,,,,,,,,,,,,,,,,,,,,,,,,,,,,7379,0.4979047179222107
,,,4,,,,,,,,,,,,,,,,,,,,,,,,,,,,,7389,0.06375321745872498
,,,4,,,,,,,,,,,,,,,,,,,,,,,,,,,,,7399,0.510823667049408
,,,4,,,,,,,,,,,,,,,,,,,,,,,,,,,,,7409,0.09932674467563629
,,,4,,,,,,,,,,,,,,,,,,,,,,,,,,,,,7419,0.44827142357826233
,,,4,,,,,,,,,,,,,,,,,,,,,,,,,,,,,7429,0.18697944283485413
,,,4,,,,,,,,,,,,,,,,,,,,,,,,,,,,,7439,0.15985643863677979
,,,4,,,,,,,,,,,,,,,,,,,,,,,,,,,,,7449,0.12355630844831467
,,,4,,,,,,,,,,,,,,,,,,,,,,,,,,,,,7459,0.47683584690093994
,,,4,,,,,,,,,,,,,,,,,,,,,,,,,,,,,7469,0.31620165705680847
,,,4,,,,,,,,,,,,,,,,,,,,,,,,,,,,,7479,0.42018941044807434
,,,4,,,,,,,,,,,,,,,,,,,,,,,,,,,,,7489,0.40235966444015503
,,,4,,,,,,,,,,,,,,,,,,,,,,,,,,,,,7499,0.10338713228702545
,,,4,,,,,,,,,,,,,,,,,,,,,,,,,,,,,7509,1.6116418838500977
,,,4,,,,,,,,,,,,,,,,,,,,,,,,,,,,,7519,2.2704527378082275
,,,4,,,,,,,,,,,,,,,,,,,,,,,,,,,,,7529,0.07988487929105759
,,,4,,,,,,,,,,,,,,,,,,,,,,,,,,,,,7539,0.3858240246772766
,,,4,,,,,,,,,,,,,,,,,,,,,,,,,,,,,7549,0.06279575824737549
,,,4,,,,,,,,,,,,,,,,,,,,,,,,,,,,,7559,0.016278859227895737
,,,4,,,,,,,,,,,,,,,,,,,,,,,,,,,,,7569,0.782183825969696
,,,4,,,,,,,,,,,,,,,,,,,,,,,,,,,,,7579,0.3126249611377716
,,,4,,,,,,,,,,,,,,,,,,,,,,,,,,,,,7589,0.19697247445583344
,,,4,,,,,,,,,,,,,,,,,,,,,,,,,,,,,7599,0.12493505328893661
,,,4,,,,,,,,,,,,,,,,,,,,,,,,,,,,,7609,0.08489133417606354
,,,4,,,,,,,,,,,,,,,,,,,,,,,,,,,,,7619,0.9866841435432434
,,,4,,,,,,,,,,,,,,,,,,,,,,,,,,,,,7629,0.1820216327905655
,,,4,,,,,,,,,,,,,,,,,,,,,,,,,,,,,7639,0.10829607397317886
,,,4,,,,,,,,,,,,,,,,,,,,,,,,,,,,,7649,0.6352907419204712
,,,4,,,,,,,,,,,,,,,,,,,,,,,,,,,,,7659,0.08599306643009186
,,,4,,,,,,,,,,,,,,,,,,,,,,,,,,,,,7669,0.7381820678710938
,,,4,,,,,,,,,,,,,,,,,,,,,,,,,,,,,7679,0.2706509232521057
,,,4,,,,,,,,,,,,,,,,,,,,,,,,,,,,,7689,0.2136506736278534
,,,4,,,,,,,,,,,,,,,,,,,,,,,,,,,,,7699,0.34159088134765625
,,,4,,,,,,,,,,,,,,,,,,,,,,,,,,,,,7709,1.4754986763000488
,,,4,,,,,,,,,,,,,,,,,,,,,,,,,,,,,7719,0.252304345369339
,,,4,,,,,,,,,,,,,,,,,,,,,,,,,,,,,7729,0.5566791892051697
,,,4,,,,,,,,,,,,,,,,,,,,,,,,,,,,,7739,0.25513994693756104
,,,4,,,,,,,,,,,,,,,,,,,,,,,,,,,,,7749,0.45094212889671326
,,,4,,,,,,,,,,,,,,,,,,,,,,,,,,,,,7759,0.01662958413362503
,,,4,,,,,,,,,,,,,,,,,,,,,,,,,,,,,7769,0.3694455027580261
,,,4,,,,,,,,,,,,,,,,,,,,,,,,,,,,,7779,0.7571006417274475
,,,4,,,,,,,,,,,,,,,,,,,,,,,,,,,,,7789,0.8965568542480469
,,,4,,,,,,,,,,,,,,,,,,,,,,,,,,,,,7799,0.12666204571723938
,,,4,,,,,,,,,,,,,,,,,,,,,,,,,,,,,7809,0.08944915235042572
,,,4,,,,,,,,,,,,,,,,,,,,,,,,,,,,,7819,0.04231259226799011
,,,4,,,,,,,,,,,,,,,,,,,,,,,,,,,,,7829,0.09215852618217468
,,,4,,,,,,,,,,,,,,,,,,,,,,,,,,,,,7839,0.34785690903663635
,,,4,,,,,,,,,,,,,,,,,,,,,,,,,,,,,7849,0.25043001770973206
,,,4,,,,,,,,,,,,,,,,,,,,,,,,,,,,,7859,0.49498921632766724
,,,4,,,,,,,,,,,,,,,,,,,,,,,,,,,,,7869,0.10190732777118683
,,,4,,,,,,,,,,,,,,,,,,,,,,,,,,,,,7879,0.03165115788578987
,,,4,,,,,,,,,,,,,,,,,,,,,,,,,,,,,7889,0.6280738711357117
,,,4,,,,,,,,,,,,,,,,,,,,,,,,,,,,,7899,0.025874976068735123
,,,4,,,,,,,,,,,,,,,,,,,,,,,,,,,,,7909,0.018741140142083168
,,,4,,,,,,,,,,,,,,,,,,,,,,,,,,,,,7919,0.40634456276893616
,,,4,,,,,,,,,,,,,,,,,,,,,,,,,,,,,7929,0.4008462429046631
,,,4,,,,,,,,,,,,,,,,,,,,,,,,,,,,,7939,0.676727831363678
,,,4,,,,,,,,,,,,,,,,,,,,,,,,,,,,,7949,0.14089731872081757
,,,4,,,,,,,,,,,,,,,,,,,,,,,,,,,,,7959,0.13869436085224152
,,,4,,,,,,,,,,,,,,,,,,,,,,,,,,,,,7969,0.6271928548812866
,,,4,,,,,,,,,,,,,,,,,,,,,,,,,,,,,7979,0.09438150376081467
,,,4,,,,,,,,,,,,,,,,,,,,,,,,,,,,,7989,0.22589829564094543
,,,4,,,,,,,,,,,,,,,,,,,,,,,,,,,,,7999,0.7444020509719849
,,,4,,,,,,,,,,,,,,,,,,,,,,,,,,,,,8009,0.022008035331964493
,,,4,,,,,,,,,,,,,,,,,,,,,,,,,,,,,8019,0.566054105758667
,,,4,,,,,,,,,,,,,,,,,,,,,,,,,,,,,8029,0.26909738779067993
,,,4,,,,,,,,,,,,,,,,,,,,,,,,,,,,,8039,0.37216928601264954
,,,4,,,,,,,,,,,,,,,,,,,,,,,,,,,,,8049,0.09932895004749298
,,,4,,,,,,,,,,,,,,,,,,,,,,,,,,,,,8059,0.8406404256820679
,,,4,,,,,,,,,,,,,,,,,,,,,,,,,,,,,8069,0.19705845415592194
,,,4,,,,,,,,,,,,,,,,,,,,,,,,,,,,,8079,0.2119475156068802
,,,4,,,,,,,,,,,,,,,,,,,,,,,,,,,,,8089,0.737841010093689
,,,4,,,,,,,,,,,,,,,,,,,,,,,,,,,,,8099,0.23090936243534088
,,,4,,,,,,,,,,,,,,,,,,,,,,,,,,,,,8109,0.3056255280971527
,,,4,,,,,,,,,,,,,,,,,,,,,,,,,,,,,8119,0.606018602848053
,,,4,,,,,,,,,,,,,,,,,,,,,,,,,,,,,8129,1.3823983669281006
,,,4,,,,,,,,,,,,,,,,,,,,,,,,,,,,,8139,0.06524493545293808
,,,4,,,,,,,,,,,,,,,,,,,,,,,,,,,,,8149,0.8116077184677124
,,,4,,,,,,,,,,,,,,,,,,,,,,,,,,,,,8159,0.3000955581665039
,,,4,,,,,,,,,,,,,,,,,,,,,,,,,,,,,8169,1.2789332866668701
,,,4,,,,,,,,,,,,,,,,,,,,,,,,,,,,,8179,0.09439016878604889
,,,4,,,,,,,,,,,,,,,,,,,,,,,,,,,,,8189,0.36083459854125977
,,,4,,,,,,,,,,,,,,,,,,,,,,,,,,,,,8199,0.26270753145217896
,,,4,,,,,,,,,,,,,,,,,,,,,,,,,,,,,8209,0.24570909142494202
,,,4,,,,,,,,,,,,,,,,,,,,,,,,,,,,,8219,0.21144869923591614
,,,4,,,,,,,,,,,,,,,,,,,,,,,,,,,,,8229,0.04169456660747528
,,,4,,,,,,,,,,,,,,,,,,,,,,,,,,,,,8239,0.1670890599489212
,,,4,,,,,,,,,,,,,,,,,,,,,,,,,,,,,8249,0.8416328430175781
,,,4,,,,,,,,,,,,,,,,,,,,,,,,,,,,,8259,0.050519444048404694
,,,4,,,,,,,,,,,,,,,,,,,,,,,,,,,,,8269,0.15787209570407867
,,,4,,,,,,,,,,,,,,,,,,,,,,,,,,,,,8279,0.04431271553039551
,,,4,,,,,,,,,,,,,,,,,,,,,,,,,,,,,8289,1.155313491821289
,,,4,,,,,,,,,,,,,,,,,,,,,,,,,,,,,8299,0.16092881560325623
,,,4,,,,,,,,,,,,,,,,,,,,,,,,,,,,,8309,0.1177174523472786
0.7552031874656677,0.7743902206420898,0.7369439005851746,4,,,,,,,,,,,,,,,,,,,,,,,,,,,,,8309,
,,,,5.688009063105716e-07,3.1864481289062513e-06,4.9022278906250015e-06,4.9022278906250015e-06,7.541889062500002e-06,7.541889062500002e-06,1.1602906250000002e-05,1.1602906250000002e-05,1.7850625000000003e-05,1.7850625000000003e-05,2.7462500000000003e-05,5.688009063105716e-07,2.7462500000000003e-05,4.2250000000000004e-05,4.2250000000000004e-05,6.500000000000001e-05,6.500000000000001e-05,0.0001,0.0001,0.0001,0.0001,8.750783174008792e-07,8.750783174008792e-07,1.3462743344628912e-06,1.3462743344628912e-06,2.0711912837890633e-06,2.0711912837890633e-06,3.1864481289062513e-06,8310,
,,,5,,,,,,,,,,,,,,,,,,,,,,,,,,,,,8319,0.20692142844200134
,,,5,,,,,,,,,,,,,,,,,,,,,,,,,,,,,8329,0.09975869953632355
,,,5,,,,,,,,,,,,,,,,,,,,,,,,,,,,,8339,0.050913527607917786
,,,5,,,,,,,,,,,,,,,,,,,,,,,,,,,,,8349,0.026355819776654243
,,,5,,,,,,,,,,,,,,,,,,,,,,,,,,,,,8359,0.333700954914093
,,,5,,,,,,,,,,,,,,,,,,,,,,,,,,,,,8369,0.7703900933265686
,,,5,,,,,,,,,,,,,,,,,,,,,,,,,,,,,8379,0.19190993905067444
,,,5,,,,,,,,,,,,,,,,,,,,,,,,,,,,,8389,0.2717002034187317
,,,5,,,,,,,,,,,,,,,,,,,,,,,,,,,,,8399,0.6596068143844604
,,,5,,,,,,,,,,,,,,,,,,,,,,,,,,,,,8409,0.5670842528343201
,,,5,,,,,,,,,,,,,,,,,,,,,,,,,,,,,8419,0.056185200810432434
,,,5,,,,,,,,,,,,,,,,,,,,,,,,,,,,,8429,0.38772308826446533
,,,5,,,,,,,,,,,,,,,,,,,,,,,,,,,,,8439,0.02546008676290512
,,,5,,,,,,,,,,,,,,,,,,,,,,,,,,,,,8449,0.13349780440330505
,,,5,,,,,,,,,,,,,,,,,,,,,,,,,,,,,8459,0.05821879208087921
,,,5,,,,,,,,,,,,,,,,,,,,,,,,,,,,,8469,0.22117303311824799
,,,5,,,,,,,,,,,,,,,,,,,,,,,,,,,,,8479,0.1844298541545868
,,,5,,,,,,,,,,,,,,,,,,,,,,,,,,,,,8489,0.07981995493173599
,,,5,,,,,,,,,,,,,,,,,,,,,,,,,,,,,8499,0.22402611374855042
,,,5,,,,,,,,,,,,,,,,,,,,,,,,,,,,,8509,0.2667485773563385
,,,5,,,,,,,,,,,,,,,,,,,,,,,,,,,,,8519,0.14230982959270477
,,,5,,,,,,,,,,,,,,,,,,,,,,,,,,,,,8529,0.06836757063865662
,,,5,,,,,,,,,,,,,,,,,,,,,,,,,,,,,8539,0.43548452854156494
,,,5,,,,,,,,,,,,,,,,,,,,,,,,,,,,,8549,0.2424721121788025
,,,5,,,,,,,,,,,,,,,,,,,,,,,,,,,,,8559,0.35043108463287354
,,,5,,,,,,,,,,,,,,,,,,,,,,,,,,,,,8569,1.477603793144226
,,,5,,,,,,,,,,,,,,,,,,,,,,,,,,,,,8579,0.3246372640132904
,,,5,,,,,,,,,,,,,,,,,,,,,,,,,,,,,8589,0.08403031527996063
,,,5,,,,,,,,,,,,,,,,,,,,,,,,,,,,,8599,0.07453510910272598
,,,5,,,,,,,,,,,,,,,,,,,,,,,,,,,,,8609,0.03482493385672569
,,,5,,,,,,,,,,,,,,,,,,,,,,,,,,,,,8619,0.024373319000005722
,,,5,,,,,,,,,,,,,,,,,,,,,,,,,,,,,8629,0.13928548991680145
,,,5,,,,,,,,,,,,,,,,,,,,,,,,,,,,,8639,1.2395765781402588
,,,5,,,,,,,,,,,,,,,,,,,,,,,,,,,,,8649,0.9629709720611572
,,,5,,,,,,,,,,,,,,,,,,,,,,,,,,,,,8659,0.7776535153388977
,,,5,,,,,,,,,,,,,,,,,,,,,,,,,,,,,8669,0.5216677784919739
,,,5,,,,,,,,,,,,,,,,,,,,,,,,,,,,,8679,0.35224416851997375
,,,5,,,,,,,,,,,,,,,,,,,,,,,,,,,,,8689,0.6579882502555847
,,,5,,,,,,,,,,,,,,,,,,,,,,,,,,,,,8699,0.923828661441803
,,,5,,,,,,,,,,,,,,,,,,,,,,,,,,,,,8709,0.44171419739723206
,,,5,,,,,,,,,,,,,,,,,,,,,,,,,,,,,8719,0.2345825731754303
,,,5,,,,,,,,,,,,,,,,,,,,,,,,,,,,,8729,0.09850334376096725
,,,5,,,,,,,,,,,,,,,,,,,,,,,,,,,,,8739,0.045816175639629364
,,,5,,,,,,,,,,,,,,,,,,,,,,,,,,,,,8749,1.0419007539749146
,,,5,,,,,,,,,,,,,,,,,,,,,,,,,,,,,8759,0.44820770621299744
,,,5,,,,,,,,,,,,,,,,,,,,,,,,,,,,,8769,0.34932857751846313
,,,5,,,,,,,,,,,,,,,,,,,,,,,,,,,,,8779,0.10698691755533218
,,,5,,,,,,,,,,,,,,,,,,,,,,,,,,,,,8789,0.5510745048522949
,,,5,,,,,,,,,,,,,,,,,,,,,,,,,,,,,8799,0.04055889695882797
,,,5,,,,,,,,,,,,,,,,,,,,,,,,,,,,,8809,0.12150261551141739
,,,5,,,,,,,,,,,,,,,,,,,,,,,,,,,,,8819,1.1118370294570923
,,,5,,,,,,,,,,,,,,,,,,,,,,,,,,,,,8829,0.3318866789340973
,,,5,,,,,,,,,,,,,,,,,,,,,,,,,,,,,8839,0.0753384530544281
,,,5,,,,,,,,,,,,,,,,,,,,,,,,,,,,,8849,0.15630866587162018
,,,5,,,,,,,,,,,,,,,,,,,,,,,,,,,,,8859,0.5527825355529785
,,,5,,,,,,,,,,,,,,,,,,,,,,,,,,,,,8869,0.0583692267537117
,,,5,,,,,,,,,,,,,,,,,,,,,,,,,,,,,8879,0.015019774436950684
,,,5,,,,,,,,,,,,,,,,,,,,,,,,,,,,,8889,0.061075691133737564
,,,5,,,,,,,,,,,,,,,,,,,,,,,,,,,,,8899,0.0479901097714901
,,,5,,,,,,,,,,,,,,,,,,,,,,,,,,,,,8909,0.04822633042931557
,,,5,,,,,,,,,,,,,,,,,,,,,,,,,,,,,8919,0.5048801302909851
,,,5,,,,,,,,,,,,,,,,,,,,,,,,,,,,,8929,0.7740137577056885
,,,5,,,,,,,,,,,,,,,,,,,,,,,,,,,,,8939,0.3640637695789337
,,,5,,,,,,,,,,,,,,,,,,,,,,,,,,,,,8949,0.4512914717197418
,,,5,,,,,,,,,,,,,,,,,,,,,,,,,,,,,8959,0.215019091963768
,,,5,,,,,,,,,,,,,,,,,,,,,,,,,,,,,8969,0.22473999857902527
,,,5,,,,,,,,,,,,,,,,,,,,,,,,,,,,,8979,0.4977421462535858
,,,5,,,,,,,,,,,,,,,,,,,,,,,,,,,,,8989,0.5267990827560425
,,,5,,,,,,,,,,,,,,,,,,,,,,,,,,,,,8999,0.7344217300415039
,,,5,,,,,,,,,,,,,,,,,,,,,,,,,,,,,9009,1.0656083822250366
,,,5,,,,,,,,,,,,,,,,,,,,,,,,,,,,,9019,0.5038188695907593
,,,5,,,,,,,,,,,,,,,,,,,,,,,,,,,,,9029,0.19974900782108307
,,,5,,,,,,,,,,,,,,,,,,,,,,,,,,,,,9039,0.03226165845990181
,,,5,,,,,,,,,,,,,,,,,,,,,,,,,,,,,9049,0.12184645235538483
,,,5,,,,,,,,,,,,,,,,,,,,,,,,,,,,,9059,0.09103866666555405
,,,5,,,,,,,,,,,,,,,,,,,,,,,,,,,,,9069,0.4203024208545685
,,,5,,,,,,,,,,,,,,,,,,,,,,,,,,,,,9079,0.0198055449873209
,,,5,,,,,,,,,,,,,,,,,,,,,,,,,,,,,9089,0.08257848024368286
,,,5,,,,,,,,,,,,,,,,,,,,,,,,,,,,,9099,0.044841691851615906
,,,5,,,,,,,,,,,,,,,,,,,,,,,,,,,,,9109,0.9038874506950378
,,,5,,,,,,,,,,,,,,,,,,,,,,,,,,,,,9119,0.669368326663971
,,,5,,,,,,,,,,,,,,,,,,,,,,,,,,,,,9129,0.40243616700172424
,,,5,,,,,,,,,,,,,,,,,,,,,,,,,,,,,9139,0.09695380926132202
,,,5,,,,,,,,,,,,,,,,,,,,,,,,,,,,,9149,0.7137904763221741
,,,5,,,,,,,,,,,,,,,,,,,,,,,,,,,,,9159,1.0962001085281372
,,,5,,,,,,,,,,,,,,,,,,,,,,,,,,,,,9169,0.8956183195114136
,,,5,,,,,,,,,,,,,,,,,,,,,,,,,,,,,9179,1.3518198728561401
,,,5,,,,,,,,,,,,,,,,,,,,,,,,,,,,,9189,0.32241252064704895
,,,5,,,,,,,,,,,,,,,,,,,,,,,,,,,,,9199,0.016790101304650307
,,,5,,,,,,,,,,,,,,,,,,,,,,,,,,,,,9209,0.08089043200016022
,,,5,,,,,,,,,,,,,,,,,,,,,,,,,,,,,9219,0.5143869519233704
,,,5,,,,,,,,,,,,,,,,,,,,,,,,,,,,,9229,0.8705906867980957
,,,5,,,,,,,,,,,,,,,,,,,,,,,,,,,,,9239,0.1217029020190239
,,,5,,,,,,,,,,,,,,,,,,,,,,,,,,,,,9249,0.5738917589187622
,,,5,,,,,,,,,,,,,,,,,,,,,,,,,,,,,9259,0.8170071840286255
,,,5,,,,,,,,,,,,,,,,,,,,,,,,,,,,,9269,0.5663199424743652
,,,5,,,,,,,,,,,,,,,,,,,,,,,,,,,,,9279,0.04403480887413025
,,,5,,,,,,,,,,,,,,,,,,,,,,,,,,,,,9289,0.19830136001110077
,,,5,,,,,,,,,,,,,,,,,,,,,,,,,,,,,9299,0.33892926573753357
,,,5,,,,,,,,,,,,,,,,,,,,,,,,,,,,,9309,0.016972431913018227
,,,5,,,,,,,,,,,,,,,,,,,,,,,,,,,,,9319,0.6223952174186707
,,,5,,,,,,,,,,,,,,,,,,,,,,,,,,,,,9329,0.1822933852672577
,,,5,,,,,,,,,,,,,,,,,,,,,,,,,,,,,9339,0.4779611825942993
,,,5,,,,,,,,,,,,,,,,,,,,,,,,,,,,,9349,0.515911340713501
,,,5,,,,,,,,,,,,,,,,,,,,,,,,,,,,,9359,0.0786125659942627
,,,5,,,,,,,,,,,,,,,,,,,,,,,,,,,,,9369,0.8508622646331787
,,,5,,,,,,,,,,,,,,,,,,,,,,,,,,,,,9379,0.5827140808105469
,,,5,,,,,,,,,,,,,,,,,,,,,,,,,,,,,9389,0.6119979023933411
,,,5,,,,,,,,,,,,,,,,,,,,,,,,,,,,,9399,0.8473857045173645
,,,5,,,,,,,,,,,,,,,,,,,,,,,,,,,,,9409,0.7422850131988525
,,,5,,,,,,,,,,,,,,,,,,,,,,,,,,,,,9419,0.14848650991916656
,,,5,,,,,,,,,,,,,,,,,,,,,,,,,,,,,9429,0.22031207382678986
,,,5,,,,,,,,,,,,,,,,,,,,,,,,,,,,,9439,0.3705325126647949
,,,5,,,,,,,,,,,,,,,,,,,,,,,,,,,,,9449,0.2983526587486267
,,,5,,,,,,,,,,,,,,,,,,,,,,,,,,,,,9459,0.21061091125011444
,,,5,,,,,,,,,,,,,,,,,,,,,,,,,,,,,9469,0.24807481467723846
,,,5,,,,,,,,,,,,,,,,,,,,,,,,,,,,,9479,0.18470299243927002
,,,5,,,,,,,,,,,,,,,,,,,,,,,,,,,,,9489,0.07267875969409943
,,,5,,,,,,,,,,,,,,,,,,,,,,,,,,,,,9499,1.0118037462234497
,,,5,,,,,,,,,,,,,,,,,,,,,,,,,,,,,9509,0.02169785648584366
,,,5,,,,,,,,,,,,,,,,,,,,,,,,,,,,,9519,0.09867623448371887
,,,5,,,,,,,,,,,,,,,,,,,,,,,,,,,,,9529,0.16351370513439178
,,,5,,,,,,,,,,,,,,,,,,,,,,,,,,,,,9539,0.45609045028686523
,,,5,,,,,,,,,,,,,,,,,,,,,,,,,,,,,9549,0.6233255863189697
,,,5,,,,,,,,,,,,,,,,,,,,,,,,,,,,,9559,0.563662052154541
,,,5,,,,,,,,,,,,,,,,,,,,,,,,,,,,,9569,0.5393783450126648
,,,5,,,,,,,,,,,,,,,,,,,,,,,,,,,,,9579,1.10674250125885
,,,5,,,,,,,,,,,,,,,,,,,,,,,,,,,,,9589,0.07315108925104141
,,,5,,,,,,,,,,,,,,,,,,,,,,,,,,,,,9599,0.03319256380200386
,,,5,,,,,,,,,,,,,,,,,,,,,,,,,,,,,9609,0.9655757546424866
,,,5,,,,,,,,,,,,,,,,,,,,,,,,,,,,,9619,0.39302361011505127
,,,5,,,,,,,,,,,,,,,,,,,,,,,,,,,,,9629,0.3638039827346802
,,,5,,,,,,,,,,,,,,,,,,,,,,,,,,,,,9639,0.5405759811401367
,,,5,,,,,,,,,,,,,,,,,,,,,,,,,,,,,9649,0.04766980931162834
,,,5,,,,,,,,,,,,,,,,,,,,,,,,,,,,,9659,0.42532777786254883
,,,5,,,,,,,,,,,,,,,,,,,,,,,,,,,,,9669,0.03883173316717148
,,,5,,,,,,,,,,,,,,,,,,,,,,,,,,,,,9679,0.4869721531867981
,,,5,,,,,,,,,,,,,,,,,,,,,,,,,,,,,9689,0.41175511479377747
,,,5,,,,,,,,,,,,,,,,,,,,,,,,,,,,,9699,0.05801045149564743
,,,5,,,,,,,,,,,,,,,,,,,,,,,,,,,,,9709,0.8127561807632446
,,,5,,,,,,,,,,,,,,,,,,,,,,,,,,,,,9719,0.5079337954521179
,,,5,,,,,,,,,,,,,,,,,,,,,,,,,,,,,9729,0.6479108929634094
,,,5,,,,,,,,,,,,,,,,,,,,,,,,,,,,,9739,0.9721778035163879
,,,5,,,,,,,,,,,,,,,,,,,,,,,,,,,,,9749,1.2821382284164429
,,,5,,,,,,,,,,,,,,,,,,,,,,,,,,,,,9759,0.2489299476146698
,,,5,,,,,,,,,,,,,,,,,,,,,,,,,,,,,9769,0.2643236219882965
,,,5,,,,,,,,,,,,,,,,,,,,,,,,,,,,,9779,0.7871385812759399
,,,5,,,,,,,,,,,,,,,,,,,,,,,,,,,,,9789,0.10321374982595444
,,,5,,,,,,,,,,,,,,,,,,,,,,,,,,,,,9799,0.08153562992811203
,,,5,,,,,,,,,,,,,,,,,,,,,,,,,,,,,9809,0.3519373834133148
,,,5,,,,,,,,,,,,,,,,,,,,,,,,,,,,,9819,0.39713239669799805
,,,5,,,,,,,,,,,,,,,,,,,,,,,,,,,,,9829,0.6234934329986572
,,,5,,,,,,,,,,,,,,,,,,,,,,,,,,,,,9839,0.09365386515855789
,,,5,,,,,,,,,,,,,,,,,,,,,,,,,,,,,9849,1.7453831434249878
,,,5,,,,,,,,,,,,,,,,,,,,,,,,,,,,,9859,0.07844758033752441
,,,5,,,,,,,,,,,,,,,,,,,,,,,,,,,,,9869,0.6870828866958618
,,,5,,,,,,,,,,,,,,,,,,,,,,,,,,,,,9879,0.7560517191886902
,,,5,,,,,,,,,,,,,,,,,,,,,,,,,,,,,9889,0.1731783002614975
,,,5,,,,,,,,,,,,,,,,,,,,,,,,,,,,,9899,0.20003479719161987
,,,5,,,,,,,,,,,,,,,,,,,,,,,,,,,,,9909,1.1267855167388916
,,,5,,,,,,,,,,,,,,,,,,,,,,,,,,,,,9919,0.4968697428703308
,,,5,,,,,,,,,,,,,,,,,,,,,,,,,,,,,9929,0.49078068137168884
,,,5,,,,,,,,,,,,,,,,,,,,,,,,,,,,,9939,0.4027639925479889
,,,5,,,,,,,,,,,,,,,,,,,,,,,,,,,,,9949,0.21857406198978424
,,,5,,,,,,,,,,,,,,,,,,,,,,,,,,,,,9959,1.4992824792861938
,,,5,,,,,,,,,,,,,,,,,,,,,,,,,,,,,9969,0.10565312206745148
,,,,5.68108121100602e-07,3.182567115160405e-06,4.896257100246776e-06,4.896257100246776e-06,7.532703231148886e-06,7.532703231148886e-06,1.1588774201767516e-05,1.1588774201767516e-05,1.782888338733464e-05,1.782888338733464e-05,2.7429051365130215e-05,5.68108121100602e-07,2.7429051365130215e-05,4.219854056173879e-05,4.219854056173879e-05,6.492083163344429e-05,6.492083163344429e-05,9.987820251299122e-05,9.987820251299122e-05,9.987820251299122e-05,9.987820251299122e-05,8.740124940009261e-07,8.740124940009261e-07,1.344634606155271e-06,1.344634606155271e-06,2.068668624854263e-06,2.068668624854263e-06,3.182567115160405e-06,9972,
,,,6,,,,,,,,,,,,,,,,,,,,,,,,,,,,,9979,0.04098198190331459
,,,6,,,,,,,,,,,,,,,,,,,,,,,,,,,,,9989,1.3306306600570679
,,,6,,,,,,,,,,,,,,,,,,,,,,,,,,,,,9999,0.11167389154434204
,,,6,,,,,,,,,,,,,,,,,,,,,,,,,,,,,10009,0.4884423017501831
,,,6,,,,,,,,,,,,,,,,,,,,,,,,,,,,,10019,0.11889979988336563
,,,6,,,,,,,,,,,,,,,,,,,,,,,,,,,,,10029,0.0976351723074913
,,,6,,,,,,,,,,,,,,,,,,,,,,,,,,,,,10039,0.5390762090682983
,,,6,,,,,,,,,,,,,,,,,,,,,,,,,,,,,10049,0.21864710748195648
,,,6,,,,,,,,,,,,,,,,,,,,,,,,,,,,,10059,0.4158226251602173
,,,6,,,,,,,,,,,,,,,,,,,,,,,,,,,,,10069,0.05505795404314995
,,,6,,,,,,,,,,,,,,,,,,,,,,,,,,,,,10079,0.04249340295791626
,,,6,,,,,,,,,,,,,,,,,,,,,,,,,,,,,10089,0.15700039267539978
,,,6,,,,,,,,,,,,,,,,,,,,,,,,,,,,,10099,0.14948508143424988
,,,6,,,,,,,,,,,,,,,,,,,,,,,,,,,,,10109,0.3060012459754944
,,,6,,,,,,,,,,,,,,,,,,,,,,,,,,,,,10119,0.2815617322921753
,,,6,,,,,,,,,,,,,,,,,,,,,,,,,,,,,10129,0.48985177278518677
,,,6,,,,,,,,,,,,,,,,,,,,,,,,,,,,,10139,0.14864622056484222
,,,6,,,,,,,,,,,,,,,,,,,,,,,,,,,,,10149,0.27323687076568604
,,,6,,,,,,,,,,,,,,,,,,,,,,,,,,,,,10159,0.8148451447486877
,,,6,,,,,,,,,,,,,,,,,,,,,,,,,,,,,10169,1.1648497581481934
,,,6,,,,,,,,,,,,,,,,,,,,,,,,,,,,,10179,0.26325029134750366
,,,6,,,,,,,,,,,,,,,,,,,,,,,,,,,,,10189,0.11858733743429184
,,,6,,,,,,,,,,,,,,,,,,,,,,,,,,,,,10199,0.3066345155239105
,,,6,,,,,,,,,,,,,,,,,,,,,,,,,,,,,10209,0.04119306430220604
,,,6,,,,,,,,,,,,,,,,,,,,,,,,,,,,,10219,0.06413708627223969
,,,6,,,,,,,,,,,,,,,,,,,,,,,,,,,,,10229,0.45107656717300415
,,,6,,,,,,,,,,,,,,,,,,,,,,,,,,,,,10239,0.09960547089576721
,,,6,,,,,,,,,,,,,,,,,,,,,,,,,,,,,10249,0.19251742959022522
,,,6,,,,,,,,,,,,,,,,,,,,,,,,,,,,,10259,0.0070457602851092815
,,,6,,,,,,,,,,,,,,,,,,,,,,,,,,,,,10269,0.25834327936172485
,,,6,,,,,,,,,,,,,,,,,,,,,,,,,,,,,10279,0.42037686705589294
,,,6,,,,,,,,,,,,,,,,,,,,,,,,,,,,,10289,0.3770137429237366
,,,6,,,,,,,,,,,,,,,,,,,,,,,,,,,,,10299,0.4490254819393158
,,,6,,,,,,,,,,,,,,,,,,,,,,,,,,,,,10309,0.4619002342224121
,,,6,,,,,,,,,,,,,,,,,,,,,,,,,,,,,10319,0.4644477069377899
,,,6,,,,,,,,,,,,,,,,,,,,,,,,,,,,,10329,0.19536280632019043
,,,6,,,,,,,,,,,,,,,,,,,,,,,,,,,,,10339,0.3572113513946533
,,,6,,,,,,,,,,,,,,,,,,,,,,,,,,,,,10349,0.348612517118454
,,,6,,,,,,,,,,,,,,,,,,,,,,,,,,,,,10359,0.03374331071972847
,,,6,,,,,,,,,,,,,,,,,,,,,,,,,,,,,10369,0.3538101017475128
,,,6,,,,,,,,,,,,,,,,,,,,,,,,,,,,,10379,0.36779627203941345
,,,6,,,,,,,,,,,,,,,,,,,,,,,,,,,,,10389,0.144682839512825
,,,6,,,,,,,,,,,,,,,,,,,,,,,,,,,,,10399,0.349052757024765
,,,6,,,,,,,,,,,,,,,,,,,,,,,,,,,,,10409,0.4265733063220978
,,,6,,,,,,,,,,,,,,,,,,,,,,,,,,,,,10419,0.03681010380387306
,,,6,,,,,,,,,,,,,,,,,,,,,,,,,,,,,10429,0.39476048946380615
,,,6,,,,,,,,,,,,,,,,,,,,,,,,,,,,,10439,0.06098341941833496
,,,6,,,,,,,,,,,,,,,,,,,,,,,,,,,,,10449,0.7280923128128052
,,,6,,,,,,,,,,,,,,,,,,,,,,,,,,,,,10459,0.7900834083557129
,,,6,,,,,,,,,,,,,,,,,,,,,,,,,,,,,10469,0.3609974682331085
,,,6,,,,,,,,,,,,,,,,,,,,,,,,,,,,,10479,0.1704813539981842
,,,6,,,,,,,,,,,,,,,,,,,,,,,,,,,,,10489,0.32655587792396545
,,,6,,,,,,,,,,,,,,,,,,,,,,,,,,,,,10499,0.4127396047115326
,,,6,,,,,,,,,,,,,,,,,,,,,,,,,,,,,10509,0.013395221903920174
,,,6,,,,,,,,,,,,,,,,,,,,,,,,,,,,,10519,0.3213580846786499
,,,6,,,,,,,,,,,,,,,,,,,,,,,,,,,,,10529,0.21383684873580933
,,,6,,,,,,,,,,,,,,,,,,,,,,,,,,,,,10539,0.06230507045984268
,,,6,,,,,,,,,,,,,,,,,,,,,,,,,,,,,10549,0.3225220739841461
,,,6,,,,,,,,,,,,,,,,,,,,,,,,,,,,,10559,0.05232677608728409
,,,6,,,,,,,,,,,,,,,,,,,,,,,,,,,,,10569,0.34887611865997314
,,,6,,,,,,,,,,,,,,,,,,,,,,,,,,,,,10579,0.08539537340402603
,,,6,,,,,,,,,,,,,,,,,,,,,,,,,,,,,10589,0.05593804642558098
,,,6,,,,,,,,,,,,,,,,,,,,,,,,,,,,,10599,0.06475260108709335
,,,6,,,,,,,,,,,,,,,,,,,,,,,,,,,,,10609,0.1760239452123642
,,,6,,,,,,,,,,,,,,,,,,,,,,,,,,,,,10619,0.023398561403155327
,,,6,,,,,,,,,,,,,,,,,,,,,,,,,,,,,10629,0.05436316132545471
,,,6,,,,,,,,,,,,,,,,,,,,,,,,,,,,,10639,0.07690931856632233
,,,6,,,,,,,,,,,,,,,,,,,,,,,,,,,,,10649,0.07694170624017715
,,,6,,,,,,,,,,,,,,,,,,,,,,,,,,,,,10659,1.228685975074768
,,,6,,,,,,,,,,,,,,,,,,,,,,,,,,,,,10669,0.05912509188055992
,,,6,,,,,,,,,,,,,,,,,,,,,,,,,,,,,10679,0.09665652364492416
,,,6,,,,,,,,,,,,,,,,,,,,,,,,,,,,,10689,0.20835985243320465
,,,6,,,,,,,,,,,,,,,,,,,,,,,,,,,,,10699,0.6018850803375244
,,,6,,,,,,,,,,,,,,,,,,,,,,,,,,,,,10709,0.05697698891162872
,,,6,,,,,,,,,,,,,,,,,,,,,,,,,,,,,10719,0.20610301196575165
,,,6,,,,,,,,,,,,,,,,,,,,,,,,,,,,,10729,0.027400298044085503
,,,6,,,,,,,,,,,,,,,,,,,,,,,,,,,,,10739,0.18114562332630157
,,,6,,,,,,,,,,,,,,,,,,,,,,,,,,,,,10749,0.15135392546653748
,,,6,,,,,,,,,,,,,,,,,,,,,,,,,,,,,10759,0.07472556084394455
,,,6,,,,,,,,,,,,,,,,,,,,,,,,,,,,,10769,0.25821974873542786
,,,6,,,,,,,,,,,,,,,,,,,,,,,,,,,,,10779,0.0616486482322216
,,,6,,,,,,,,,,,,,,,,,,,,,,,,,,,,,10789,0.12840840220451355
,,,6,,,,,,,,,,,,,,,,,,,,,,,,,,,,,10799,0.27759817242622375
,,,6,,,,,,,,,,,,,,,,,,,,,,,,,,,,,10809,0.13758091628551483
,,,6,,,,,,,,,,,,,,,,,,,,,,,,,,,,,10819,0.05676232650876045
,,,6,,,,,,,,,,,,,,,,,,,,,,,,,,,,,10829,0.43637990951538086
,,,6,,,,,,,,,,,,,,,,,,,,,,,,,,,,,10839,0.47016623616218567
,,,6,,,,,,,,,,,,,,,,,,,,,,,,,,,,,10849,0.016397278755903244
,,,6,,,,,,,,,,,,,,,,,,,,,,,,,,,,,10859,0.0503845289349556
,,,6,,,,,,,,,,,,,,,,,,,,,,,,,,,,,10869,0.19169442355632782
,,,6,,,,,,,,,,,,,,,,,,,,,,,,,,,,,10879,0.17971041798591614
,,,6,,,,,,,,,,,,,,,,,,,,,,,,,,,,,10889,0.5875267386436462
,,,6,,,,,,,,,,,,,,,,,,,,,,,,,,,,,10899,0.6346004009246826
,,,6,,,,,,,,,,,,,,,,,,,,,,,,,,,,,10909,0.16963426768779755
,,,6,,,,,,,,,,,,,,,,,,,,,,,,,,,,,10919,0.13795529305934906
,,,6,,,,,,,,,,,,,,,,,,,,,,,,,,,,,10929,0.08749610930681229
,,,6,,,,,,,,,,,,,,,,,,,,,,,,,,,,,10939,0.3289220631122589
,,,6,,,,,,,,,,,,,,,,,,,,,,,,,,,,,10949,0.8833534121513367
,,,6,,,,,,,,,,,,,,,,,,,,,,,,,,,,,10959,0.30080026388168335
,,,6,,,,,,,,,,,,,,,,,,,,,,,,,,,,,10969,0.5114665627479553
,,,6,,,,,,,,,,,,,,,,,,,,,,,,,,,,,10979,0.6787077188491821
,,,6,,,,,,,,,,,,,,,,,,,,,,,,,,,,,10989,0.08856551349163055
,,,6,,,,,,,,,,,,,,,,,,,,,,,,,,,,,10999,0.0678926482796669
,,,6,,,,,,,,,,,,,,,,,,,,,,,,,,,,,11009,0.09913572669029236
,,,6,,,,,,,,,,,,,,,,,,,,,,,,,,,,,11019,0.5108020305633545
,,,6,,,,,,,,,,,,,,,,,,,,,,,,,,,,,11029,0.014600388705730438
,,,6,,,,,,,,,,,,,,,,,,,,,,,,,,,,,11039,0.11309981346130371
,,,6,,,,,,,,,,,,,,,,,,,,,,,,,,,,,11049,0.6726542115211487
,,,6,,,,,,,,,,,,,,,,,,,,,,,,,,,,,11059,0.16594307124614716
,,,6,,,,,,,,,,,,,,,,,,,,,,,,,,,,,11069,1.7838287353515625
,,,6,,,,,,,,,,,,,,,,,,,,,,,,,,,,,11079,0.04434577748179436
,,,6,,,,,,,,,,,,,,,,,,,,,,,,,,,,,11089,0.032959312200546265
,,,6,,,,,,,,,,,,,,,,,,,,,,,,,,,,,11099,0.020338257774710655
,,,6,,,,,,,,,,,,,,,,,,,,,,,,,,,,,11109,0.8987683653831482
,,,6,,,,,,,,,,,,,,,,,,,,,,,,,,,,,11119,0.5271463990211487
,,,6,,,,,,,,,,,,,,,,,,,,,,,,,,,,,11129,0.23123979568481445
,,,6,,,,,,,,,,,,,,,,,,,,,,,,,,,,,11139,0.5846726894378662
,,,6,,,,,,,,,,,,,,,,,,,,,,,,,,,,,11149,0.017209114506840706
,,,6,,,,,,,,,,,,,,,,,,,,,,,,,,,,,11159,0.41248106956481934
,,,6,,,,,,,,,,,,,,,,,,,,,,,,,,,,,11169,0.44601207971572876
,,,6,,,,,,,,,,,,,,,,,,,,,,,,,,,,,11179,0.4994121491909027
,,,6,,,,,,,,,,,,,,,,,,,,,,,,,,,,,11189,0.10159768164157867
,,,6,,,,,,,,,,,,,,,,,,,,,,,,,,,,,11199,0.617118239402771
,,,6,,,,,,,,,,,,,,,,,,,,,,,,,,,,,11209,0.4950607120990753
,,,6,,,,,,,,,,,,,,,,,,,,,,,,,,,,,11219,0.05544375255703926
,,,6,,,,,,,,,,,,,,,,,,,,,,,,,,,,,11229,0.026958072558045387
,,,6,,,,,,,,,,,,,,,,,,,,,,,,,,,,,11239,0.7281494140625
,,,6,,,,,,,,,,,,,,,,,,,,,,,,,,,,,11249,0.07473018765449524
,,,6,,,,,,,,,,,,,,,,,,,,,,,,,,,,,11259,0.9457231163978577
,,,6,,,,,,,,,,,,,,,,,,,,,,,,,,,,,11269,0.6848464012145996
,,,6,,,,,,,,,,,,,,,,,,,,,,,,,,,,,11279,0.0405009426176548
,,,6,,,,,,,,,,,,,,,,,,,,,,,,,,,,,11289,0.3575246036052704
,,,6,,,,,,,,,,,,,,,,,,,,,,,,,,,,,11299,0.7514375448226929
,,,6,,,,,,,,,,,,,,,,,,,,,,,,,,,,,11309,0.07549570500850677
,,,6,,,,,,,,,,,,,,,,,,,,,,,,,,,,,11319,0.5120811462402344
,,,6,,,,,,,,,,,,,,,,,,,,,,,,,,,,,11329,0.27235478162765503
,,,6,,,,,,,,,,,,,,,,,,,,,,,,,,,,,11339,0.24801860749721527
,,,6,,,,,,,,,,,,,,,,,,,,,,,,,,,,,11349,0.10624143481254578
,,,6,,,,,,,,,,,,,,,,,,,,,,,,,,,,,11359,0.027190566062927246
,,,6,,,,,,,,,,,,,,,,,,,,,,,,,,,,,11369,0.028030870482325554
,,,6,,,,,,,,,,,,,,,,,,,,,,,,,,,,,11379,0.15412205457687378
,,,6,,,,,,,,,,,,,,,,,,,,,,,,,,,,,11389,0.10232751816511154
,,,6,,,,,,,,,,,,,,,,,,,,,,,,,,,,,11399,0.08749333024024963
,,,6,,,,,,,,,,,,,,,,,,,,,,,,,,,,,11409,0.10026684403419495
,,,6,,,,,,,,,,,,,,,,,,,,,,,,,,,,,11419,1.1791058778762817
,,,6,,,,,,,,,,,,,,,,,,,,,,,,,,,,,11429,0.2048429399728775
,,,6,,,,,,,,,,,,,,,,,,,,,,,,,,,,,11439,0.1687941700220108
,,,6,,,,,,,,,,,,,,,,,,,,,,,,,,,,,11449,0.08276339620351791
,,,6,,,,,,,,,,,,,,,,,,,,,,,,,,,,,11459,0.1168048232793808
,,,6,,,,,,,,,,,,,,,,,,,,,,,,,,,,,11469,0.19740469753742218
,,,6,,,,,,,,,,,,,,,,,,,,,,,,,,,,,11479,0.4004136025905609
,,,6,,,,,,,,,,,,,,,,,,,,,,,,,,,,,11489,0.12682485580444336
,,,6,,,,,,,,,,,,,,,,,,,,,,,,,,,,,11499,0.11236070841550827
,,,6,,,,,,,,,,,,,,,,,,,,,,,,,,,,,11509,0.14870043098926544
,,,6,,,,,,,,,,,,,,,,,,,,,,,,,,,,,11519,0.1056017279624939
,,,6,,,,,,,,,,,,,,,,,,,,,,,,,,,,,11529,0.033340007066726685
,,,6,,,,,,,,,,,,,,,,,,,,,,,,,,,,,11539,0.6266518831253052
,,,6,,,,,,,,,,,,,,,,,,,,,,,,,,,,,11549,0.6835756301879883
,,,6,,,,,,,,,,,,,,,,,,,,,,,,,,,,,11559,0.16029958426952362
,,,6,,,,,,,,,,,,,,,,,,,,,,,,,,,,,11569,0.22174498438835144
,,,6,,,,,,,,,,,,,,,,,,,,,,,,,,,,,11579,0.5096636414527893
,,,6,,,,,,,,,,,,,,,,,,,,,,,,,,,,,11589,0.498503714799881
,,,6,,,,,,,,,,,,,,,,,,,,,,,,,,,,,11599,0.06671108305454254
,,,6,,,,,,,,,,,,,,,,,,,,,,,,,,,,,11609,0.3081109821796417
,,,6,,,,,,,,,,,,,,,,,,,,,,,,,,,,,11619,0.04473581910133362
,,,6,,,,,,,,,,,,,,,,,,,,,,,,,,,,,11629,1.315908670425415
,,,,5.660331406505981e-07,3.1709429818317177e-06,4.878373818202642e-06,4.878373818202642e-06,7.505190489542526e-06,7.505190489542526e-06,1.15464469069885e-05,1.15464469069885e-05,1.7763764472290002e-05,1.7763764472290002e-05,2.732886841890769e-05,5.660331406505981e-07,2.732886841890769e-05,4.204441295216568e-05,4.204441295216568e-05,6.468371223410105e-05,6.468371223410105e-05,9.951340343707852e-05,9.951340343707852e-05,9.951340343707852e-05,9.951340343707852e-05,8.708202163855354e-07,8.708202163855354e-07,1.3397234098239006e-06,1.3397234098239006e-06,2.0611129381906165e-06,2.0611129381906165e-06,3.1709429818317177e-06,11634,
,,,7,,,,,,,,,,,,,,,,,,,,,,,,,,,,,11639,0.39685872197151184
,,,7,,,,,,,,,,,,,,,,,,,,,,,,,,,,,11649,0.22201575338840485
,,,7,,,,,,,,,,,,,,,,,,,,,,,,,,,,,11659,0.17351534962654114
,,,7,,,,,,,,,,,,,,,,,,,,,,,,,,,,,11669,0.028182584792375565
,,,7,,,,,,,,,,,,,,,,,,,,,,,,,,,,,11679,0.03960362821817398
,,,7,,,,,,,,,,,,,,,,,,,,,,,,,,,,,11689,0.1892530918121338
,,,7,,,,,,,,,,,,,,,,,,,,,,,,,,,,,11699,0.9607027173042297
,,,7,,,,,,,,,,,,,,,,,,,,,,,,,,,,,11709,0.6217746734619141
,,,7,,,,,,,,,,,,,,,,,,,,,,,,,,,,,11719,0.28250280022621155
,,,7,,,,,,,,,,,,,,,,,,,,,,,,,,,,,11729,0.1781698316335678
,,,7,,,,,,,,,,,,,,,,,,,,,,,,,,,,,11739,0.49189138412475586
,,,7,,,,,,,,,,,,,,,,,,,,,,,,,,,,,11749,0.17059606313705444
,,,7,,,,,,,,,,,,,,,,,,,,,,,,,,,,,11759,0.09724953025579453
,,,7,,,,,,,,,,,,,,,,,,,,,,,,,,,,,11769,0.4651605784893036
,,,7,,,,,,,,,,,,,,,,,,,,,,,,,,,,,11779,0.1604190319776535
,,,7,,,,,,,,,,,,,,,,,,,,,,,,,,,,,11789,0.2055836021900177
,,,7,,,,,,,,,,,,,,,,,,,,,,,,,,,,,11799,0.6024952530860901
,,,7,,,,,,,,,,,,,,,,,,,,,,,,,,,,,11809,0.1738923341035843
,,,7,,,,,,,,,,,,,,,,,,,,,,,,,,,,,11819,0.20116350054740906
,,,7,,,,,,,,,,,,,,,,,,,,,,,,,,,,,11829,1.3864598274230957
,,,7,,,,,,,,,,,,,,,,,,,,,,,,,,,,,11839,0.2053220272064209
,,,7,,,,,,,,,,,,,,,,,,,,,,,,,,,,,11849,0.04993094503879547
,,,7,,,,,,,,,,,,,,,,,,,,,,,,,,,,,11859,0.24983970820903778
,,,7,,,,,,,,,,,,,,,,,,,,,,,,,,,,,11869,3.1132700443267822
,,,7,,,,,,,,,,,,,,,,,,,,,,,,,,,,,11879,0.11820106208324432
,,,7,,,,,,,,,,,,,,,,,,,,,,,,,,,,,11889,0.18621814250946045
,,,7,,,,,,,,,,,,,,,,,,,,,,,,,,,,,11899,0.11635608971118927
,,,7,,,,,,,,,,,,,,,,,,,,,,,,,,,,,11909,0.06139844283461571
,,,7,,,,,,,,,,,,,,,,,,,,,,,,,,,,,11919,0.16478055715560913
,,,7,,,,,,,,,,,,,,,,,,,,,,,,,,,,,11929,0.9284539222717285
,,,7,,,,,,,,,,,,,,,,,,,,,,,,,,,,,11939,0.3017754852771759
,,,7,,,,,,,,,,,,,,,,,,,,,,,,,,,,,11949,0.10717805474996567
,,,7,,,,,,,,,,,,,,,,,,,,,,,,,,,,,11959,0.4072055220603943
,,,7,,,,,,,,,,,,,,,,,,,,,,,,,,,,,11969,0.01951855793595314
,,,7,,,,,,,,,,,,,,,,,,,,,,,,,,,,,11979,0.38429197669029236
,,,7,,,,,,,,,,,,,,,,,,,,,,,,,,,,,11989,0.12045066058635712
,,,7,,,,,,,,,,,,,,,,,,,,,,,,,,,,,11999,0.4745383858680725
,,,7,,,,,,,,,,,,,,,,,,,,,,,,,,,,,12009,0.09036751836538315
,,,7,,,,,,,,,,,,,,,,,,,,,,,,,,,,,12019,0.47559285163879395
,,,7,,,,,,,,,,,,,,,,,,,,,,,,,,,,,12029,0.29080113768577576
,,,7,,,,,,,,,,,,,,,,,,,,,,,,,,,,,12039,0.15808241069316864
,,,7,,,,,,,,,,,,,,,,,,,,,,,,,,,,,12049,0.14705756306648254
,,,7,,,,,,,,,,,,,,,,,,,,,,,,,,,,,12059,0.8931964635848999
,,,7,,,,,,,,,,,,,,,,,,,,,,,,,,,,,12069,1.1225980520248413
,,,7,,,,,,,,,,,,,,,,,,,,,,,,,,,,,12079,0.05351422354578972
,,,7,,,,,,,,,,,,,,,,,,,,,,,,,,,,,12089,0.03247153013944626
,,,7,,,,,,,,,,,,,,,,,,,,,,,,,,,,,12099,0.685746431350708
,,,7,,,,,,,,,,,,,,,,,,,,,,,,,,,,,12109,0.01970679871737957
,,,7,,,,,,,,,,,,,,,,,,,,,,,,,,,,,12119,0.10078658908605576
,,,7,,,,,,,,,,,,,,,,,,,,,,,,,,,,,12129,0.8689041137695312
,,,7,,,,,,,,,,,,,,,,,,,,,,,,,,,,,12139,0.06531939655542374
,,,7,,,,,,,,,,,,,,,,,,,,,,,,,,,,,12149,0.14331825077533722
,,,7,,,,,,,,,,,,,,,,,,,,,,,,,,,,,12159,0.07504191249608994
,,,7,,,,,,,,,,,,,,,,,,,,,,,,,,,,,12169,0.026728620752692223
,,,7,,,,,,,,,,,,,,,,,,,,,,,,,,,,,12179,0.18935614824295044
,,,7,,,,,,,,,,,,,,,,,,,,,,,,,,,,,12189,0.025192109867930412
,,,7,,,,,,,,,,,,,,,,,,,,,,,,,,,,,12199,0.26623091101646423
,,,7,,,,,,,,,,,,,,,,,,,,,,,,,,,,,12209,0.3225443363189697
,,,7,,,,,,,,,,,,,,,,,,,,,,,,,,,,,12219,0.32688233256340027
,,,7,,,,,,,,,,,,,,,,,,,,,,,,,,,,,12229,0.18953390419483185
,,,7,,,,,,,,,,,,,,,,,,,,,,,,,,,,,12239,0.3685862720012665
,,,7,,,,,,,,,,,,,,,,,,,,,,,,,,,,,12249,0.8082343339920044
,,,7,,,,,,,,,,,,,,,,,,,,,,,,,,,,,12259,0.16497556865215302
,,,7,,,,,,,,,,,,,,,,,,,,,,,,,,,,,12269,0.3452596664428711
,,,7,,,,,,,,,,,,,,,,,,,,,,,,,,,,,12279,2.276407241821289
,,,7,,,,,,,,,,,,,,,,,,,,,,,,,,,,,12289,0.21615970134735107
,,,7,,,,,,,,,,,,,,,,,,,,,,,,,,,,,12299,0.753918468952179
,,,7,,,,,,,,,,,,,,,,,,,,,,,,,,,,,12309,0.5236853957176208
,,,7,,,,,,,,,,,,,,,,,,,,,,,,,,,,,12319,0.034237392246723175
,,,7,,,,,,,,,,,,,,,,,,,,,,,,,,,,,12329,0.04235415533185005
,,,7,,,,,,,,,,,,,,,,,,,,,,,,,,,,,12339,0.7324122190475464
,,,7,,,,,,,,,,,,,,,,,,,,,,,,,,,,,12349,0.058703385293483734
,,,7,,,,,,,,,,,,,,,,,,,,,,,,,,,,,12359,0.250337153673172
,,,7,,,,,,,,,,,,,,,,,,,,,,,,,,,,,12369,0.036632735282182693
,,,7,,,,,,,,,,,,,,,,,,,,,,,,,,,,,12379,0.0915672779083252
,,,7,,,,,,,,,,,,,,,,,,,,,,,,,,,,,12389,0.47050338983535767
,,,7,,,,,,,,,,,,,,,,,,,,,,,,,,,,,12399,0.049223002046346664
,,,7,,,,,,,,,,,,,,,,,,,,,,,,,,,,,12409,0.19564728438854218
,,,7,,,,,,,,,,,,,,,,,,,,,,,,,,,,,12419,1.1216418743133545
,,,7,,,,,,,,,,,,,,,,,,,,,,,,,,,,,12429,0.12266907840967178
,,,7,,,,,,,,,,,,,,,,,,,,,,,,,,,,,12439,0.1839074045419693
,,,7,,,,,,,,,,,,,,,,,,,,,,,,,,,,,12449,0.541789174079895
,,,7,,,,,,,,,,,,,,,,,,,,,,,,,,,,,12459,0.5557654500007629
,,,7,,,,,,,,,,,,,,,,,,,,,,,,,,,,,12469,0.014325086027383804
,,,7,,,,,,,,,,,,,,,,,,,,,,,,,,,,,12479,0.11526614427566528
,,,7,,,,,,,,,,,,,,,,,,,,,,,,,,,,,12489,0.15490658581256866
,,,7,,,,,,,,,,,,,,,,,,,,,,,,,,,,,12499,0.4431278705596924
,,,7,,,,,,,,,,,,,,,,,,,,,,,,,,,,,12509,1.0053120851516724
,,,7,,,,,,,,,,,,,,,,,,,,,,,,,,,,,12519,0.07170999050140381
,,,7,,,,,,,,,,,,,,,,,,,,,,,,,,,,,12529,0.16230018436908722
,,,7,,,,,,,,,,,,,,,,,,,,,,,,,,,,,12539,0.04801739752292633
,,,7,,,,,,,,,,,,,,,,,,,,,,,,,,,,,12549,0.05541922524571419
,,,7,,,,,,,,,,,,,,,,,,,,,,,,,,,,,12559,0.08346937596797943
,,,7,,,,,,,,,,,,,,,,,,,,,,,,,,,,,12569,0.06549714505672455
,,,7,,,,,,,,,,,,,,,,,,,,,,,,,,,,,12579,0.2859606444835663
,,,7,,,,,,,,,,,,,,,,,,,,,,,,,,,,,12589,0.6518670320510864
,,,7,,,,,,,,,,,,,,,,,,,,,,,,,,,,,12599,0.03891119360923767
,,,7,,,,,,,,,,,,,,,,,,,,,,,,,,,,,12609,0.4562056064605713
,,,7,,,,,,,,,,,,,,,,,,,,,,,,,,,,,12619,0.4884224832057953
,,,7,,,,,,,,,,,,,,,,,,,,,,,,,,,,,12629,1.5813937187194824
,,,7,,,,,,,,,,,,,,,,,,,,,,,,,,,,,12639,0.5030978322029114
,,,7,,,,,,,,,,,,,,,,,,,,,,,,,,,,,12649,0.013213411904871464
,,,7,,,,,,,,,,,,,,,,,,,,,,,,,,,,,12659,0.3386310338973999
,,,7,,,,,,,,,,,,,,,,,,,,,,,,,,,,,12669,0.15150567889213562
,,,7,,,,,,,,,,,,,,,,,,,,,,,,,,,,,12679,0.026518000289797783
,,,7,,,,,,,,,,,,,,,,,,,,,,,,,,,,,12689,0.4599575102329254
,,,7,,,,,,,,,,,,,,,,,,,,,,,,,,,,,12699,0.11058157682418823
,,,7,,,,,,,,,,,,,,,,,,,,,,,,,,,,,12709,0.14483746886253357
,,,7,,,,,,,,,,,,,,,,,,,,,,,,,,,,,12719,0.18613409996032715
,,,7,,,,,,,,,,,,,,,,,,,,,,,,,,,,,12729,0.5700658559799194
,,,7,,,,,,,,,,,,,,,,,,,,,,,,,,,,,12739,0.6878788471221924
,,,7,,,,,,,,,,,,,,,,,,,,,,,,,,,,,12749,0.11405239254236221
,,,7,,,,,,,,,,,,,,,,,,,,,,,,,,,,,12759,0.19101357460021973
,,,7,,,,,,,,,,,,,,,,,,,,,,,,,,,,,12769,0.3278898298740387
,,,7,,,,,,,,,,,,,,,,,,,,,,,,,,,,,12779,0.22234880924224854
,,,7,,,,,,,,,,,,,,,,,,,,,,,,,,,,,12789,0.12767112255096436
,,,7,,,,,,,,,,,,,,,,,,,,,,,,,,,,,12799,2.3952701091766357
,,,7,,,,,,,,,,,,,,,,,,,,,,,,,,,,,12809,0.0938807800412178
,,,7,,,,,,,,,,,,,,,,,,,,,,,,,,,,,12819,0.25144538283348083
,,,7,,,,,,,,,,,,,,,,,,,,,,,,,,,,,12829,0.22755813598632812
,,,7,,,,,,,,,,,,,,,,,,,,,,,,,,,,,12839,0.13469457626342773
,,,7,,,,,,,,,,,,,,,,,,,,,,,,,,,,,12849,0.5128561854362488
,,,7,,,,,,,,,,,,,,,,,,,,,,,,,,,,,12859,0.12676382064819336
,,,7,,,,,,,,,,,,,,,,,,,,,,,,,,,,,12869,0.02740371786057949
,,,7,,,,,,,,,,,,,,,,,,,,,,,,,,,,,12879,0.10204041004180908
,,,7,,,,,,,,,,,,,,,,,,,,,,,,,,,,,12889,0.22189636528491974
,,,7,,,,,,,,,,,,,,,,,,,,,,,,,,,,,12899,0.0456947386264801
,,,7,,,,,,,,,,,,,,,,,,,,,,,,,,,,,12909,0.37937405705451965
,,,7,,,,,,,,,,,,,,,,,,,,,,,,,,,,,12919,0.22879379987716675
,,,7,,,,,,,,,,,,,,,,,,,,,,,,,,,,,12929,0.36446231603622437
,,,7,,,,,,,,,,,,,,,,,,,,,,,,,,,,,12939,0.3711529076099396
,,,7,,,,,,,,,,,,,,,,,,,,,,,,,,,,,12949,0.2797545790672302
,,,7,,,,,,,,,,,,,,,,,,,,,,,,,,,,,12959,0.22183996438980103
,,,7,,,,,,,,,,,,,,,,,,,,,,,,,,,,,12969,0.20613613724708557
,,,7,,,,,,,,,,,,,,,,,,,,,,,,,,,,,12979,0.9950024485588074
,,,7,,,,,,,,,,,,,,,,,,,,,,,,,,,,,12989,0.07714853435754776
,,,7,,,,,,,,,,,,,,,,,,,,,,,,,,,,,12999,0.009002530947327614
,,,7,,,,,,,,,,,,,,,,,,,,,,,,,,,,,13009,0.7859032154083252
,,,7,,,,,,,,,,,,,,,,,,,,,,,,,,,,,13019,0.03840702399611473
,,,7,,,,,,,,,,,,,,,,,,,,,,,,,,,,,13029,0.06006154790520668
,,,7,,,,,,,,,,,,,,,,,,,,,,,,,,,,,13039,0.24258190393447876
,,,7,,,,,,,,,,,,,,,,,,,,,,,,,,,,,13049,0.04740717262029648
,,,7,,,,,,,,,,,,,,,,,,,,,,,,,,,,,13059,0.20115983486175537
,,,7,,,,,,,,,,,,,,,,,,,,,,,,,,,,,13069,1.210321068763733
,,,7,,,,,,,,,,,,,,,,,,,,,,,,,,,,,13079,0.02043970115482807
,,,7,,,,,,,,,,,,,,,,,,,,,,,,,,,,,13089,0.0777709111571312
,,,7,,,,,,,,,,,,,,,,,,,,,,,,,,,,,13099,0.5387328863143921
,,,7,,,,,,,,,,,,,,,,,,,,,,,,,,,,,13109,0.17536012828350067
,,,7,,,,,,,,,,,,,,,,,,,,,,,,,,,,,13119,0.33716073632240295
,,,7,,,,,,,,,,,,,,,,,,,,,,,,,,,,,13129,0.3410085141658783
,,,7,,,,,,,,,,,,,,,,,,,,,,,,,,,,,13139,0.023341678082942963
,,,7,,,,,,,,,,,,,,,,,,,,,,,,,,,,,13149,0.026718975976109505
,,,7,,,,,,,,,,,,,,,,,,,,,,,,,,,,,13159,0.048846371471881866
,,,7,,,,,,,,,,,,,,,,,,,,,,,,,,,,,13169,0.19712340831756592
,,,7,,,,,,,,,,,,,,,,,,,,,,,,,,,,,13179,0.03426776081323624
,,,7,,,,,,,,,,,,,,,,,,,,,,,,,,,,,13189,0.06254682689905167
,,,7,,,,,,,,,,,,,,,,,,,,,,,,,,,,,13199,0.2720922529697418
,,,7,,,,,,,,,,,,,,,,,,,,,,,,,,,,,13209,0.010843501426279545
,,,7,,,,,,,,,,,,,,,,,,,,,,,,,,,,,13219,0.20197759568691254
,,,7,,,,,,,,,,,,,,,,,,,,,,,,,,,,,13229,0.09613349288702011
,,,7,,,,,,,,,,,,,,,,,,,,,,,,,,,,,13239,0.23893803358078003
,,,7,,,,,,,,,,,,,,,,,,,,,,,,,,,,,13249,0.7492666840553284
,,,7,,,,,,,,,,,,,,,,,,,,,,,,,,,,,13259,0.16364873945713043
,,,7,,,,,,,,,,,,,,,,,,,,,,,,,,,,,13269,0.027665164321660995
,,,7,,,,,,,,,,,,,,,,,,,,,,,,,,,,,13279,0.050543658435344696
,,,7,,,,,,,,,,,,,,,,,,,,,,,,,,,,,13289,1.0193326473236084
,,,,5.625860740567357e-07,3.1516323605293127e-06,4.8486651700450955e-06,4.8486651700450955e-06,7.459484876992455e-06,7.459484876992455e-06,1.1476130579988391e-05,1.1476130579988391e-05,1.765558550767445e-05,1.765558550767445e-05,2.7162439242576073e-05,5.625860740567357e-07,2.7162439242576073e-05,4.178836806550165e-05,4.178836806550165e-05,6.428979702384869e-05,6.428979702384869e-05,9.890738003669029e-05,9.890738003669029e-05,9.890738003669029e-05,9.890738003669029e-05,8.655170370103625e-07,8.655170370103625e-07,1.3315646723236346e-06,1.3315646723236346e-06,2.048561034344053e-06,2.048561034344053e-06,3.1516323605293127e-06,13296,
,,,8,,,,,,,,,,,,,,,,,,,,,,,,,,,,,13299,0.37901461124420166
,,,8,,,,,,,,,,,,,,,,,,,,,,,,,,,,,13309,0.1881508082151413
,,,8,,,,,,,,,,,,,,,,,,,,,,,,,,,,,13319,0.3434203565120697
,,,8,,,,,,,,,,,,,,,,,,,,,,,,,,,,,13329,0.08078338950872421
,,,8,,,,,,,,,,,,,,,,,,,,,,,,,,,,,13339,0.22049486637115479
,,,8,,,,,,,,,,,,,,,,,,,,,,,,,,,,,13349,0.14055249094963074
,,,8,,,,,,,,,,,,,,,,,,,,,,,,,,,,,13359,0.1754828244447708
,,,8,,,,,,,,,,,,,,,,,,,,,,,,,,,,,13369,0.6173365712165833
,,,8,,,,,,,,,,,,,,,,,,,,,,,,,,,,,13379,0.10519786924123764
,,,8,,,,,,,,,,,,,,,,,,,,,,,,,,,,,13389,0.037956178188323975
,,,8,,,,,,,,,,,,,,,,,,,,,,,,,,,,,13399,0.07909577339887619
,,,8,,,,,,,,,,,,,,,,,,,,,,,,,,,,,13409,0.26555201411247253
,,,8,,,,,,,,,,,,,,,,,,,,,,,,,,,,,13419,0.0430305115878582
,,,8,,,,,,,,,,,,,,,,,,,,,,,,,,,,,13429,0.8078411221504211
,,,8,,,,,,,,,,,,,,,,,,,,,,,,,,,,,13439,0.06277879327535629
,,,8,,,,,,,,,,,,,,,,,,,,,,,,,,,,,13449,0.05552202835679054
,,,8,,,,,,,,,,,,,,,,,,,,,,,,,,,,,13459,0.1945689469575882
,,,8,,,,,,,,,,,,,,,,,,,,,,,,,,,,,13469,0.03555708006024361
,,,8,,,,,,,,,,,,,,,,,,,,,,,,,,,,,13479,0.1076182872056961
,,,8,,,,,,,,,,,,,,,,,,,,,,,,,,,,,13489,0.03856761008501053
,,,8,,,,,,,,,,,,,,,,,,,,,,,,,,,,,13499,0.0715833380818367
,,,8,,,,,,,,,,,,,,,,,,,,,,,,,,,,,13509,0.3649941086769104
,,,8,,,,,,,,,,,,,,,,,,,,,,,,,,,,,13519,0.03553301841020584
,,,8,,,,,,,,,,,,,,,,,,,,,,,,,,,,,13529,0.8226616382598877
,,,8,,,,,,,,,,,,,,,,,,,,,,,,,,,,,13539,0.32979339361190796
,,,8,,,,,,,,,,,,,,,,,,,,,,,,,,,,,13549,0.25348809361457825
,,,8,,,,,,,,,,,,,,,,,,,,,,,,,,,,,13559,0.2321459800004959
,,,8,,,,,,,,,,,,,,,,,,,,,,,,,,,,,13569,0.02619362622499466
,,,8,,,,,,,,,,,,,,,,,,,,,,,,,,,,,13579,0.08727690577507019
,,,8,,,,,,,,,,,,,,,,,,,,,,,,,,,,,13589,0.06784915924072266
,,,8,,,,,,,,,,,,,,,,,,,,,,,,,,,,,13599,0.3880210220813751
,,,8,,,,,,,,,,,,,,,,,,,,,,,,,,,,,13609,0.02377801388502121
,,,8,,,,,,,,,,,,,,,,,,,,,,,,,,,,,13619,0.029134100303053856
,,,8,,,,,,,,,,,,,,,,,,,,,,,,,,,,,13629,0.14533349871635437
,,,8,,,,,,,,,,,,,,,,,,,,,,,,,,,,,13639,0.05153480917215347
,,,8,,,,,,,,,,,,,,,,,,,,,,,,,,,,,13649,0.538845956325531
,,,8,,,,,,,,,,,,,,,,,,,,,,,,,,,,,13659,0.036454565823078156
,,,8,,,,,,,,,,,,,,,,,,,,,,,,,,,,,13669,0.22761964797973633
,,,8,,,,,,,,,,,,,,,,,,,,,,,,,,,,,13679,0.6831322908401489
,,,8,,,,,,,,,,,,,,,,,,,,,,,,,,,,,13689,0.18841198086738586
,,,8,,,,,,,,,,,,,,,,,,,,,,,,,,,,,13699,0.03821859881281853
,,,8,,,,,,,,,,,,,,,,,,,,,,,,,,,,,13709,0.08355168998241425
,,,8,,,,,,,,,,,,,,,,,,,,,,,,,,,,,13719,0.040183283388614655
,,,8,,,,,,,,,,,,,,,,,,,,,,,,,,,,,13729,0.04756433889269829
,,,8,,,,,,,,,,,,,,,,,,,,,,,,,,,,,13739,0.07373270392417908
,,,8,,,,,,,,,,,,,,,,,,,,,,,,,,,,,13749,0.8370379209518433
,,,8,,,,,,,,,,,,,,,,,,,,,,,,,,,,,13759,0.04422922059893608
,,,8,,,,,,,,,,,,,,,,,,,,,,,,,,,,,13769,0.12221505492925644
,,,8,,,,,,,,,,,,,,,,,,,,,,,,,,,,,13779,0.588944673538208
,,,8,,,,,,,,,,,,,,,,,,,,,,,,,,,,,13789,0.04698166996240616
,,,8,,,,,,,,,,,,,,,,,,,,,,,,,,,,,13799,0.04457724094390869
,,,8,,,,,,,,,,,,,,,,,,,,,,,,,,,,,13809,0.2812727689743042
,,,8,,,,,,,,,,,,,,,,,,,,,,,,,,,,,13819,0.017902640625834465
,,,8,,,,,,,,,,,,,,,,,,,,,,,,,,,,,13829,0.8599917888641357
,,,8,,,,,,,,,,,,,,,,,,,,,,,,,,,,,13839,0.32392534613609314
,,,8,,,,,,,,,,,,,,,,,,,,,,,,,,,,,13849,0.2913185656070709
,,,8,,,,,,,,,,,,,,,,,,,,,,,,,,,,,13859,0.38032570481300354
,,,8,,,,,,,,,,,,,,,,,,,,,,,,,,,,,13869,1.3331583738327026
,,,8,,,,,,,,,,,,,,,,,,,,,,,,,,,,,13879,0.21922197937965393
,,,8,,,,,,,,,,,,,,,,,,,,,,,,,,,,,13889,0.13718190789222717
,,,8,,,,,,,,,,,,,,,,,,,,,,,,,,,,,13899,0.12384455651044846
,,,8,,,,,,,,,,,,,,,,,,,,,,,,,,,,,13909,0.6400959491729736
,,,8,,,,,,,,,,,,,,,,,,,,,,,,,,,,,13919,0.040071889758110046
,,,8,,,,,,,,,,,,,,,,,,,,,,,,,,,,,13929,0.30146095156669617
,,,8,,,,,,,,,,,,,,,,,,,,,,,,,,,,,13939,0.015318426303565502
,,,8,,,,,,,,,,,,,,,,,,,,,,,,,,,,,13949,0.043857429176568985
,,,8,,,,,,,,,,,,,,,,,,,,,,,,,,,,,13959,0.5505874752998352
,,,8,,,,,,,,,,,,,,,,,,,,,,,,,,,,,13969,0.0777953639626503
,,,8,,,,,,,,,,,,,,,,,,,,,,,,,,,,,13979,0.2301366627216339
,,,8,,,,,,,,,,,,,,,,,,,,,,,,,,,,,13989,1.4584821462631226
,,,8,,,,,,,,,,,,,,,,,,,,,,,,,,,,,13999,0.8066372871398926
,,,8,,,,,,,,,,,,,,,,,,,,,,,,,,,,,14009,0.3290092349052429
,,,8,,,,,,,,,,,,,,,,,,,,,,,,,,,,,14019,0.27791208028793335
,,,8,,,,,,,,,,,,,,,,,,,,,,,,,,,,,14029,0.03521342575550079
,,,8,,,,,,,,,,,,,,,,,,,,,,,,,,,,,14039,0.3522492051124573
,,,8,,,,,,,,,,,,,,,,,,,,,,,,,,,,,14049,0.04653696343302727
,,,8,,,,,,,,,,,,,,,,,,,,,,,,,,,,,14059,0.19507397711277008
,,,8,,,,,,,,,,,,,,,,,,,,,,,,,,,,,14069,0.6110389232635498
,,,8,,,,,,,,,,,,,,,,,,,,,,,,,,,,,14079,0.270273894071579
,,,8,,,,,,,,,,,,,,,,,,,,,,,,,,,,,14089,0.10735996812582016
,,,8,,,,,,,,,,,,,,,,,,,,,,,,,,,,,14099,0.20662085711956024
,,,8,,,,,,,,,,,,,,,,,,,,,,,,,,,,,14109,1.411209225654602
,,,8,,,,,,,,,,,,,,,,,,,,,,,,,,,,,14119,0.04521283134818077
,,,8,,,,,,,,,,,,,,,,,,,,,,,,,,,,,14129,0.06257133185863495
,,,8,,,,,,,,,,,,,,,,,,,,,,,,,,,,,14139,0.23032478988170624
,,,8,,,,,,,,,,,,,,,,,,,,,,,,,,,,,14149,1.4049657583236694
,,,8,,,,,,,,,,,,,,,,,,,,,,,,,,,,,14159,0.19313886761665344
,,,8,,,,,,,,,,,,,,,,,,,,,,,,,,,,,14169,0.8650926351547241
,,,8,,,,,,,,,,,,,,,,,,,,,,,,,,,,,14179,0.10667778551578522
,,,8,,,,,,,,,,,,,,,,,,,,,,,,,,,,,14189,0.01971275359392166
,,,8,,,,,,,,,,,,,,,,,,,,,,,,,,,,,14199,0.32762956619262695
,,,8,,,,,,,,,,,,,,,,,,,,,,,,,,,,,14209,0.16483981907367706
,,,8,,,,,,,,,,,,,,,,,,,,,,,,,,,,,14219,0.13976697623729706
,,,8,,,,,,,,,,,,,,,,,,,,,,,,,,,,,14229,0.0666816383600235
,,,8,,,,,,,,,,,,,,,,,,,,,,,,,,,,,14239,0.20117756724357605
,,,8,,,,,,,,,,,,,,,,,,,,,,,,,,,,,14249,0.3437890112400055
,,,8,,,,,,,,,,,,,,,,,,,,,,,,,,,,,14259,0.12454196810722351
,,,8,,,,,,,,,,,,,,,,,,,,,,,,,,,,,14269,0.06355102360248566
,,,8,,,,,,,,,,,,,,,,,,,,,,,,,,,,,14279,0.5185641646385193
,,,8,,,,,,,,,,,,,,,,,,,,,,,,,,,,,14289,0.3557724356651306
,,,8,,,,,,,,,,,,,,,,,,,,,,,,,,,,,14299,0.018577544018626213
,,,8,,,,,,,,,,,,,,,,,,,,,,,,,,,,,14309,0.9478247761726379
,,,8,,,,,,,,,,,,,,,,,,,,,,,,,,,,,14319,0.7687714695930481
,,,8,,,,,,,,,,,,,,,,,,,,,,,,,,,,,14329,0.08436602354049683
,,,8,,,,,,,,,,,,,,,,,,,,,,,,,,,,,14339,0.35770711302757263
,,,8,,,,,,,,,,,,,,,,,,,,,,,,,,,,,14349,1.4422473907470703
,,,8,,,,,,,,,,,,,,,,,,,,,,,,,,,,,14359,0.06843173503875732
,,,8,,,,,,,,,,,,,,,,,,,,,,,,,,,,,14369,0.20138764381408691
,,,8,,,,,,,,,,,,,,,,,,,,,,,,,,,,,14379,0.07286520302295685
,,,8,,,,,,,,,,,,,,,,,,,,,,,,,,,,,14389,0.47747543454170227
,,,8,,,,,,,,,,,,,,,,,,,,,,,,,,,,,14399,0.2960393726825714
,,,8,,,,,,,,,,,,,,,,,,,,,,,,,,,,,14409,0.03566022589802742
,,,8,,,,,,,,,,,,,,,,,,,,,,,,,,,,,14419,0.018103543668985367
,,,8,,,,,,,,,,,,,,,,,,,,,,,,,,,,,14429,0.6593995690345764
,,,8,,,,,,,,,,,,,,,,,,,,,,,,,,,,,14439,0.015360142104327679
,,,8,,,,,,,,,,,,,,,,,,,,,,,,,,,,,14449,0.08133582025766373
,,,8,,,,,,,,,,,,,,,,,,,,,,,,,,,,,14459,0.2766290605068207
,,,8,,,,,,,,,,,,,,,,,,,,,,,,,,,,,14469,0.45020410418510437
,,,8,,,,,,,,,,,,,,,,,,,,,,,,,,,,,14479,0.5352210998535156
,,,8,,,,,,,,,,,,,,,,,,,,,,,,,,,,,14489,0.029860248789191246
,,,8,,,,,,,,,,,,,,,,,,,,,,,,,,,,,14499,0.017833884805440903
,,,8,,,,,,,,,,,,,,,,,,,,,,,,,,,,,14509,0.17164215445518494
,,,8,,,,,,,,,,,,,,,,,,,,,,,,,,,,,14519,0.6454242467880249
,,,8,,,,,,,,,,,,,,,,,,,,,,,,,,,,,14529,0.003709491342306137
,,,8,,,,,,,,,,,,,,,,,,,,,,,,,,,,,14539,1.0606611967086792
,,,8,,,,,,,,,,,,,,,,,,,,,,,,,,,,,14549,0.138505756855011
,,,8,,,,,,,,,,,,,,,,,,,,,,,,,,,,,14559,0.18257813155651093
,,,8,,,,,,,,,,,,,,,,,,,,,,,,,,,,,14569,0.15129826962947845
,,,8,,,,,,,,,,,,,,,,,,,,,,,,,,,,,14579,0.6793496012687683
,,,8,,,,,,,,,,,,,,,,,,,,,,,,,,,,,14589,0.22230041027069092
,,,8,,,,,,,,,,,,,,,,,,,,,,,,,,,,,14599,0.2512880861759186
,,,8,,,,,,,,,,,,,,,,,,,,,,,,,,,,,14609,0.09464916586875916
,,,8,,,,,,,,,,,,,,,,,,,,,,,,,,,,,14619,0.018971949815750122
,,,8,,,,,,,,,,,,,,,,,,,,,,,,,,,,,14629,0.7753467559814453
,,,8,,,,,,,,,,,,,,,,,,,,,,,,,,,,,14639,0.010644963942468166
,,,8,,,,,,,,,,,,,,,,,,,,,,,,,,,,,14649,0.04271197319030762
,,,8,,,,,,,,,,,,,,,,,,,,,,,,,,,,,14659,0.3281019330024719
,,,8,,,,,,,,,,,,,,,,,,,,,,,,,,,,,14669,0.15869031846523285
,,,8,,,,,,,,,,,,,,,,,,,,,,,,,,,,,14679,0.07228448241949081
,,,8,,,,,,,,,,,,,,,,,,,,,,,,,,,,,14689,0.06488580256700516
,,,8,,,,,,,,,,,,,,,,,,,,,,,,,,,,,14699,0.1211385428905487
,,,8,,,,,,,,,,,,,,,,,,,,,,,,,,,,,14709,0.18711675703525543
,,,8,,,,,,,,,,,,,,,,,,,,,,,,,,,,,14719,0.5943022966384888
,,,8,,,,,,,,,,,,,,,,,,,,,,,,,,,,,14729,0.021481947973370552
,,,8,,,,,,,,,,,,,,,,,,,,,,,,,,,,,14739,0.018346717581152916
,,,8,,,,,,,,,,,,,,,,,,,,,,,,,,,,,14749,0.051133327186107635
,,,8,,,,,,,,,,,,,,,,,,,,,,,,,,,,,14759,0.7738732099533081
,,,8,,,,,,,,,,,,,,,,,,,,,,,,,,,,,14769,0.42355331778526306
,,,8,,,,,,,,,,,,,,,,,,,,,,,,,,,,,14779,0.40810710191726685
,,,8,,,,,,,,,,,,,,,,,,,,,,,,,,,,,14789,0.5908518433570862
,,,8,,,,,,,,,,,,,,,,,,,,,,,,,,,,,14799,0.03352249041199684
,,,8,,,,,,,,,,,,,,,,,,,,,,,,,,,,,14809,0.06230815500020981
,,,8,,,,,,,,,,,,,,,,,,,,,,,,,,,,,14819,0.21047937870025635
,,,8,,,,,,,,,,,,,,,,,,,,,,,,,,,,,14829,0.0464937724173069
,,,8,,,,,,,,,,,,,,,,,,,,,,,,,,,,,14839,0.10594899207353592
,,,8,,,,,,,,,,,,,,,,,,,,,,,,,,,,,14849,0.12110157310962677
,,,8,,,,,,,,,,,,,,,,,,,,,,,,,,,,,14859,0.15741945803165436
,,,8,,,,,,,,,,,,,,,,,,,,,,,,,,,,,14869,0.12548212707042694
,,,8,,,,,,,,,,,,,,,,,,,,,,,,,,,,,14879,0.14885294437408447
,,,8,,,,,,,,,,,,,,,,,,,,,,,,,,,,,14889,0.033076949417591095
,,,8,,,,,,,,,,,,,,,,,,,,,,,,,,,,,14899,0.08505779504776001
,,,8,,,,,,,,,,,,,,,,,,,,,,,,,,,,,14909,0.14582966268062592
,,,8,,,,,,,,,,,,,,,,,,,,,,,,,,,,,14919,0.8229222297668457
,,,8,,,,,,,,,,,,,,,,,,,,,,,,,,,,,14929,0.009439312852919102
,,,8,,,,,,,,,,,,,,,,,,,,,,,,,,,,,14939,0.030265584588050842
,,,8,,,,,,,,,,,,,,,,,,,,,,,,,,,,,14949,0.2843936085700989
,,,,5.577837150809623e-07,3.1247293306590787e-06,4.807275893321659e-06,4.807275893321659e-06,7.395809066648706e-06,7.395809066648706e-06,1.1378167794844163e-05,1.1378167794844163e-05,1.750487353052948e-05,1.750487353052948e-05,2.6930574662353044e-05,5.577837150809623e-07,2.6930574662353044e-05,4.143165332669699e-05,4.143165332669699e-05,6.374100511799537e-05,6.374100511799537e-05,9.806308479691595e-05,9.806308479691595e-05,9.806308479691595e-05,9.806308479691595e-05,8.581287924322494e-07,8.581287924322494e-07,1.3201981422034608e-06,1.3201981422034608e-06,2.031074064928401e-06,2.031074064928401e-06,3.1247293306590787e-06,14958,
,,,9,,,,,,,,,,,,,,,,,,,,,,,,,,,,,14959,0.5641482472419739
,,,9,,,,,,,,,,,,,,,,,,,,,,,,,,,,,14969,0.09564157575368881
,,,9,,,,,,,,,,,,,,,,,,,,,,,,,,,,,14979,0.20048604905605316
,,,9,,,,,,,,,,,,,,,,,,,,,,,,,,,,,14989,0.03766467794775963
,,,9,,,,,,,,,,,,,,,,,,,,,,,,,,,,,14999,0.6727434992790222
,,,9,,,,,,,,,,,,,,,,,,,,,,,,,,,,,15009,0.7265689373016357
,,,9,,,,,,,,,,,,,,,,,,,,,,,,,,,,,15019,0.8971433043479919
,,,9,,,,,,,,,,,,,,,,,,,,,,,,,,,,,15029,0.09784362465143204
,,,9,,,,,,,,,,,,,,,,,,,,,,,,,,,,,15039,0.6215830445289612
,,,9,,,,,,,,,,,,,,,,,,,,,,,,,,,,,15049,0.28131234645843506
,,,9,,,,,,,,,,,,,,,,,,,,,,,,,,,,,15059,0.056248247623443604
,,,9,,,,,,,,,,,,,,,,,,,,,,,,,,,,,15069,0.15328484773635864
,,,9,,,,,,,,,,,,,,,,,,,,,,,,,,,,,15079,0.02869757078588009
,,,9,,,,,,,,,,,,,,,,,,,,,,,,,,,,,15089,0.03434406965970993
,,,9,,,,,,,,,,,,,,,,,,,,,,,,,,,,,15099,0.039534736424684525
,,,9,,,,,,,,,,,,,,,,,,,,,,,,,,,,,15109,0.3721318244934082
,,,9,,,,,,,,,,,,,,,,,,,,,,,,,,,,,15119,0.023377636447548866
,,,9,,,,,,,,,,,,,,,,,,,,,,,,,,,,,15129,0.32028841972351074
,,,9,,,,,,,,,,,,,,,,,,,,,,,,,,,,,15139,0.184247687458992
,,,9,,,,,,,,,,,,,,,,,,,,,,,,,,,,,15149,0.20429256558418274
,,,9,,,,,,,,,,,,,,,,,,,,,,,,,,,,,15159,0.01829589530825615
,,,9,,,,,,,,,,,,,,,,,,,,,,,,,,,,,15169,0.18225400149822235
,,,9,,,,,,,,,,,,,,,,,,,,,,,,,,,,,15179,0.08547955006361008
,,,9,,,,,,,,,,,,,,,,,,,,,,,,,,,,,15189,0.8659542798995972
,,,9,,,,,,,,,,,,,,,,,,,,,,,,,,,,,15199,0.24792137742042542
,,,9,,,,,,,,,,,,,,,,,,,,,,,,,,,,,15209,0.15590672194957733
,,,9,,,,,,,,,,,,,,,,,,,,,,,,,,,,,15219,0.29692351818084717
,,,9,,,,,,,,,,,,,,,,,,,,,,,,,,,,,15229,0.026558738201856613
,,,9,,,,,,,,,,,,,,,,,,,,,,,,,,,,,15239,0.24669449031352997
,,,9,,,,,,,,,,,,,,,,,,,,,,,,,,,,,15249,1.9202256202697754
,,,9,,,,,,,,,,,,,,,,,,,,,,,,,,,,,15259,0.16777446866035461
,,,9,,,,,,,,,,,,,,,,,,,,,,,,,,,,,15269,0.12427636235952377
,,,9,,,,,,,,,,,,,,,,,,,,,,,,,,,,,15279,0.5273920297622681
,,,9,,,,,,,,,,,,,,,,,,,,,,,,,,,,,15289,0.04661085084080696
,,,9,,,,,,,,,,,,,,,,,,,,,,,,,,,,,15299,0.2239004522562027
,,,9,,,,,,,,,,,,,,,,,,,,,,,,,,,,,15309,0.6815043687820435
,,,9,,,,,,,,,,,,,,,,,,,,,,,,,,,,,15319,0.0227054450660944
,,,9,,,,,,,,,,,,,,,,,,,,,,,,,,,,,15329,0.00822420697659254
,,,9,,,,,,,,,,,,,,,,,,,,,,,,,,,,,15339,0.4209722578525543
,,,9,,,,,,,,,,,,,,,,,,,,,,,,,,,,,15349,0.006644903216511011
,,,9,,,,,,,,,,,,,,,,,,,,,,,,,,,,,15359,0.05476503446698189
,,,9,,,,,,,,,,,,,,,,,,,,,,,,,,,,,15369,0.07416002452373505
,,,9,,,,,,,,,,,,,,,,,,,,,,,,,,,,,15379,0.2984199523925781
,,,9,,,,,,,,,,,,,,,,,,,,,,,,,,,,,15389,0.16165052354335785
,,,9,,,,,,,,,,,,,,,,,,,,,,,,,,,,,15399,0.16126437485218048
,,,9,,,,,,,,,,,,,,,,,,,,,,,,,,,,,15409,0.7983705997467041
,,,9,,,,,,,,,,,,,,,,,,,,,,,,,,,,,15419,0.07389944046735764
,,,9,,,,,,,,,,,,,,,,,,,,,,,,,,,,,15429,0.0984129011631012
,,,9,,,,,,,,,,,,,,,,,,,,,,,,,,,,,15439,1.3350746631622314
,,,9,,,,,,,,,,,,,,,,,,,,,,,,,,,,,15449,0.023386742919683456
,,,9,,,,,,,,,,,,,,,,,,,,,,,,,,,,,15459,0.5142664909362793
,,,9,,,,,,,,,,,,,,,,,,,,,,,,,,,,,15469,0.03902735561132431
,,,9,,,,,,,,,,,,,,,,,,,,,,,,,,,,,15479,0.48022663593292236
,,,9,,,,,,,,,,,,,,,,,,,,,,,,,,,,,15489,0.20780235528945923
,,,9,,,,,,,,,,,,,,,,,,,,,,,,,,,,,15499,0.010248074308037758
,,,9,,,,,,,,,,,,,,,,,,,,,,,,,,,,,15509,0.3668319284915924
,,,9,,,,,,,,,,,,,,,,,,,,,,,,,,,,,15519,0.18115253746509552
,,,9,,,,,,,,,,,,,,,,,,,,,,,,,,,,,15529,0.18698960542678833
,,,9,,,,,,,,,,,,,,,,,,,,,,,,,,,,,15539,0.2602272927761078
,,,9,,,,,,,,,,,,,,,,,,,,,,,,,,,,,15549,0.16500967741012573
,,,9,,,,,,,,,,,,,,,,,,,,,,,,,,,,,15559,0.2504642903804779
,,,9,,,,,,,,,,,,,,,,,,,,,,,,,,,,,15569,0.02432781271636486
,,,9,,,,,,,,,,,,,,,,,,,,,,,,,,,,,15579,0.14594900608062744
,,,9,,,,,,,,,,,,,,,,,,,,,,,,,,,,,15589,0.09225943684577942
,,,9,,,,,,,,,,,,,,,,,,,,,,,,,,,,,15599,0.06409811228513718
,,,9,,,,,,,,,,,,,,,,,,,,,,,,,,,,,15609,0.10302191227674484
,,,9,,,,,,,,,,,,,,,,,,,,,,,,,,,,,15619,0.35462379455566406
,,,9,,,,,,,,,,,,,,,,,,,,,,,,,,,,,15629,0.14100757241249084
,,,9,,,,,,,,,,,,,,,,,,,,,,,,,,,,,15639,0.11399301141500473
,,,9,,,,,,,,,,,,,,,,,,,,,,,,,,,,,15649,0.012418447993695736
,,,9,,,,,,,,,,,,,,,,,,,,,,,,,,,,,15659,0.5747174024581909
,,,9,,,,,,,,,,,,,,,,,,,,,,,,,,,,,15669,0.038453154265880585
,,,9,,,,,,,,,,,,,,,,,,,,,,,,,,,,,15679,0.16969631612300873
,,,9,,,,,,,,,,,,,,,,,,,,,,,,,,,,,15689,0.36627528071403503
,,,9,,,,,,,,,,,,,,,,,,,,,,,,,,,,,15699,0.22903034090995789
,,,9,,,,,,,,,,,,,,,,,,,,,,,,,,,,,15709,0.02349393256008625
,,,9,,,,,,,,,,,,,,,,,,,,,,,,,,,,,15719,0.06888765841722488
,,,9,,,,,,,,,,,,,,,,,,,,,,,,,,,,,15729,0.02873631753027439
,,,9,,,,,,,,,,,,,,,,,,,,,,,,,,,,,15739,0.016929030418395996
,,,9,,,,,,,,,,,,,,,,,,,,,,,,,,,,,15749,0.7037598490715027
,,,9,,,,,,,,,,,,,,,,,,,,,,,,,,,,,15759,0.08643342554569244
,,,9,,,,,,,,,,,,,,,,,,,,,,,,,,,,,15769,0.8964359164237976
,,,9,,,,,,,,,,,,,,,,,,,,,,,,,,,,,15779,0.02875746414065361
,,,9,,,,,,,,,,,,,,,,,,,,,,,,,,,,,15789,0.1846400797367096
,,,9,,,,,,,,,,,,,,,,,,,,,,,,,,,,,15799,0.09450454264879227
,,,9,,,,,,,,,,,,,,,,,,,,,,,,,,,,,15809,0.8810775279998779
,,,9,,,,,,,,,,,,,,,,,,,,,,,,,,,,,15819,0.20378907024860382
,,,9,,,,,,,,,,,,,,,,,,,,,,,,,,,,,15829,0.06603169441223145
,,,9,,,,,,,,,,,,,,,,,,,,,,,,,,,,,15839,0.08292975276708603
,,,9,,,,,,,,,,,,,,,,,,,,,,,,,,,,,15849,0.6551377773284912
,,,9,,,,,,,,,,,,,,,,,,,,,,,,,,,,,15859,0.4613575041294098
,,,9,,,,,,,,,,,,,,,,,,,,,,,,,,,,,15869,0.034584615379571915
,,,9,,,,,,,,,,,,,,,,,,,,,,,,,,,,,15879,0.00889031682163477
,,,9,,,,,,,,,,,,,,,,,,,,,,,,,,,,,15889,0.25541457533836365
,,,9,,,,,,,,,,,,,,,,,,,,,,,,,,,,,15899,0.19757336378097534
,,,9,,,,,,,,,,,,,,,,,,,,,,,,,,,,,15909,0.04709611088037491
,,,9,,,,,,,,,,,,,,,,,,,,,,,,,,,,,15919,0.10573434084653854
,,,9,,,,,,,,,,,,,,,,,,,,,,,,,,,,,15929,0.638748049736023
,,,9,,,,,,,,,,,,,,,,,,,,,,,,,,,,,15939,0.15869241952896118
,,,9,,,,,,,,,,,,,,,,,,,,,,,,,,,,,15949,0.47749003767967224
,,,9,,,,,,,,,,,,,,,,,,,,,,,,,,,,,15959,0.011743126437067986
,,,9,,,,,,,,,,,,,,,,,,,,,,,,,,,,,15969,0.08240337669849396
,,,9,,,,,,,,,,,,,,,,,,,,,,,,,,,,,15979,1.5126118659973145
,,,9,,,,,,,,,,,,,,,,,,,,,,,,,,,,,15989,0.5586963295936584
,,,9,,,,,,,,,,,,,,,,,,,,,,,,,,,,,15999,0.1057153195142746
,,,9,,,,,,,,,,,,,,,,,,,,,,,,,,,,,16009,0.6513556241989136
,,,9,,,,,,,,,,,,,,,,,,,,,,,,,,,,,16019,0.22945638000965118
,,,9,,,,,,,,,,,,,,,,,,,,,,,,,,,,,16029,0.4229963719844818
,,,9,,,,,,,,,,,,,,,,,,,,,,,,,,,,,16039,0.0819692313671112
,,,9,,,,,,,,,,,,,,,,,,,,,,,,,,,,,16049,0.24948106706142426
,,,9,,,,,,,,,,,,,,,,,,,,,,,,,,,,,16059,0.1483459770679474
,,,9,,,,,,,,,,,,,,,,,,,,,,,,,,,,,16069,0.24092800915241241
,,,9,,,,,,,,,,,,,,,,,,,,,,,,,,,,,16079,0.1710813194513321
,,,9,,,,,,,,,,,,,,,,,,,,,,,,,,,,,16089,0.02510872483253479
,,,9,,,,,,,,,,,,,,,,,,,,,,,,,,,,,16099,0.14826412498950958
,,,9,,,,,,,,,,,,,,,,,,,,,,,,,,,,,16109,0.06748169660568237
,,,9,,,,,,,,,,,,,,,,,,,,,,,,,,,,,16119,0.19564296305179596
,,,9,,,,,,,,,,,,,,,,,,,,,,,,,,,,,16129,0.25368377566337585
,,,9,,,,,,,,,,,,,,,,,,,,,,,,,,,,,16139,1.6167716979980469
,,,9,,,,,,,,,,,,,,,,,,,,,,,,,,,,,16149,0.6018010377883911
,,,9,,,,,,,,,,,,,,,,,,,,,,,,,,,,,16159,0.12308340519666672
,,,9,,,,,,,,,,,,,,,,,,,,,,,,,,,,,16169,0.2648617923259735
,,,9,,,,,,,,,,,,,,,,,,,,,,,,,,,,,16179,0.6595502495765686
,,,9,,,,,,,,,,,,,,,,,,,,,,,,,,,,,16189,0.8718209862709045
,,,9,,,,,,,,,,,,,,,,,,,,,,,,,,,,,16199,0.5327337384223938
,,,9,,,,,,,,,,,,,,,,,,,,,,,,,,,,,16209,0.20511312782764435
,,,9,,,,,,,,,,,,,,,,,,,,,,,,,,,,,16219,0.09366371482610703
,,,9,,,,,,,,,,,,,,,,,,,,,,,,,,,,,16229,0.08881118893623352
,,,9,,,,,,,,,,,,,,,,,,,,,,,,,,,,,16239,0.35820600390434265
,,,9,,,,,,,,,,,,,,,,,,,,,,,,,,,,,16249,0.06508024781942368
,,,9,,,,,,,,,,,,,,,,,,,,,,,,,,,,,16259,0.1007157489657402
,,,9,,,,,,,,,,,,,,,,,,,,,,,,,,,,,16269,0.3581833839416504
,,,9,,,,,,,,,,,,,,,,,,,,,,,,,,,,,16279,0.22231335937976837
,,,9,,,,,,,,,,,,,,,,,,,,,,,,,,,,,16289,0.012361126951873302
,,,9,,,,,,,,,,,,,,,,,,,,,,,,,,,,,16299,0.03290940448641777
,,,9,,,,,,,,,,,,,,,,,,,,,,,,,,,,,16309,0.2936410903930664
,,,9,,,,,,,,,,,,,,,,,,,,,,,,,,,,,16319,0.5290297865867615
,,,9,,,,,,,,,,,,,,,,,,,,,,,,,,,,,16329,0.5883336663246155
,,,9,,,,,,,,,,,,,,,,,,,,,,,,,,,,,16339,0.08901815861463547
,,,9,,,,,,,,,,,,,,,,,,,,,,,,,,,,,16349,0.4510943591594696
,,,9,,,,,,,,,,,,,,,,,,,,,,,,,,,,,16359,0.04792039468884468
,,,9,,,,,,,,,,,,,,,,,,,,,,,,,,,,,16369,0.6431893110275269
,,,9,,,,,,,,,,,,,,,,,,,,,,,,,,,,,16379,0.9842881560325623
,,,9,,,,,,,,,,,,,,,,,,,,,,,,,,,,,16389,0.04445915296673775
,,,9,,,,,,,,,,,,,,,,,,,,,,,,,,,,,16399,0.20705297589302063
,,,9,,,,,,,,,,,,,,,,,,,,,,,,,,,,,16409,0.3867930471897125
,,,9,,,,,,,,,,,,,,,,,,,,,,,,,,,,,16419,0.42932218313217163
,,,9,,,,,,,,,,,,,,,,,,,,,,,,,,,,,16429,0.14842450618743896
,,,9,,,,,,,,,,,,,,,,,,,,,,,,,,,,,16439,0.1736583411693573
,,,9,,,,,,,,,,,,,,,,,,,,,,,,,,,,,16449,0.7919509410858154
,,,9,,,,,,,,,,,,,,,,,,,,,,,,,,,,,16459,0.022332506254315376
,,,9,,,,,,,,,,,,,,,,,,,,,,,,,,,,,16469,1.090986967086792
,,,9,,,,,,,,,,,,,,,,,,,,,,,,,,,,,16479,0.3957675099372864
,,,9,,,,,,,,,,,,,,,,,,,,,,,,,,,,,16489,0.027660585939884186
,,,9,,,,,,,,,,,,,,,,,,,,,,,,,,,,,16499,0.07957049459218979
,,,9,,,,,,,,,,,,,,,,,,,,,,,,,,,,,16509,0.19353902339935303
,,,9,,,,,,,,,,,,,,,,,,,,,,,,,,,,,16519,0.047747109085321426
,,,9,,,,,,,,,,,,,,,,,,,,,,,,,,,,,16529,0.02254580892622471
,,,9,,,,,,,,,,,,,,,,,,,,,,,,,,,,,16539,0.6587992906570435
,,,9,,,,,,,,,,,,,,,,,,,,,,,,,,,,,16549,0.421726793050766
,,,9,,,,,,,,,,,,,,,,,,,,,,,,,,,,,16559,0.019829262048006058
,,,9,,,,,,,,,,,,,,,,,,,,,,,,,,,,,16569,0.09501035511493683
,,,9,,,,,,,,,,,,,,,,,,,,,,,,,,,,,16579,0.1519041806459427
,,,9,,,,,,,,,,,,,,,,,,,,,,,,,,,,,16589,0.9382045865058899
,,,9,,,,,,,,,,,,,,,,,,,,,,,,,,,,,16599,0.2415619194507599
,,,9,,,,,,,,,,,,,,,,,,,,,,,,,,,,,16609,0.050156500190496445
,,,9,,,,,,,,,,,,,,,,,,,,,,,,,,,,,16619,0.733512282371521
0.8230912685394287,0.7935367822647095,0.8549323081970215,9,,,,,,,,,,,,,,,,,,,,,,,,,,,,,16619,
,,,,5.516494603334762e-07,3.0903649610782603e-06,4.7544076324280925e-06,4.7544076324280925e-06,7.314473280658603e-06,7.314473280658603e-06,1.125303581639785e-05,1.125303581639785e-05,1.7312362794458232e-05,1.7312362794458232e-05,2.663440429916651e-05,5.516494603334762e-07,2.663440429916651e-05,4.097600661410232e-05,4.097600661410232e-05,6.304001017554203e-05,6.304001017554203e-05,9.698463103929542e-05,9.698463103929542e-05,9.698463103929542e-05,9.698463103929542e-05,8.486914774361172e-07,8.486914774361172e-07,1.3056791960555651e-06,1.3056791960555651e-06,2.0087372247008692e-06,2.0087372247008692e-06,3.0903649610782603e-06,16620,
,,,10,,,,,,,,,,,,,,,,,,,,,,,,,,,,,16629,0.17795608937740326
,,,10,,,,,,,,,,,,,,,,,,,,,,,,,,,,,16639,0.08789456635713577
,,,10,,,,,,,,,,,,,,,,,,,,,,,,,,,,,16649,0.10478636622428894
,,,10,,,,,,,,,,,,,,,,,,,,,,,,,,,,,16659,0.03874019905924797
,,,10,,,,,,,,,,,,,,,,,,,,,,,,,,,,,16669,0.16919401288032532
,,,10,,,,,,,,,,,,,,,,,,,,,,,,,,,,,16679,0.01973070204257965
,,,10,,,,,,,,,,,,,,,,,,,,,,,,,,,,,16689,0.3088908791542053
,,,10,,,,,,,,,,,,,,,,,,,,,,,,,,,,,16699,0.01919652707874775
,,,10,,,,,,,,,,,,,,,,,,,,,,,,,,,,,16709,0.2442661076784134
,,,10,,,,,,,,,,,,,,,,,,,,,,,,,,,,,16719,0.0055373664945364
,,,10,,,,,,,,,,,,,,,,,,,,,,,,,,,,,16729,0.00837741233408451
,,,10,,,,,,,,,,,,,,,,,,,,,,,,,,,,,16739,0.21408173441886902
,,,10,,,,,,,,,,,,,,,,,,,,,,,,,,,,,16749,0.020656445994973183
,,,10,,,,,,,,,,,,,,,,,,,,,,,,,,,,,16759,0.23352286219596863
,,,10,,,,,,,,,,,,,,,,,,,,,,,,,,,,,16769,0.09682637453079224
,,,10,,,,,,,,,,,,,,,,,,,,,,,,,,,,,16779,0.3453277051448822
,,,10,,,,,,,,,,,,,,,,,,,,,,,,,,,,,16789,0.009705048985779285
,,,10,,,,,,,,,,,,,,,,,,,,,,,,,,,,,16799,0.013225281611084938
,,,10,,,,,,,,,,,,,,,,,,,,,,,,,,,,,16809,0.06279424577951431
,,,10,,,,,,,,,,,,,,,,,,,,,,,,,,,,,16819,0.1480635106563568
,,,10,,,,,,,,,,,,,,,,,,,,,,,,,,,,,16829,0.536098062992096
,,,10,,,,,,,,,,,,,,,,,,,,,,,,,,,,,16839,0.21654252707958221
,,,10,,,,,,,,,,,,,,,,,,,,,,,,,,,,,16849,0.7070020437240601
,,,10,,,,,,,,,,,,,,,,,,,,,,,,,,,,,16859,0.6917782425880432
,,,10,,,,,,,,,,,,,,,,,,,,,,,,,,,,,16869,0.2883507311344147
,,,10,,,,,,,,,,,,,,,,,,,,,,,,,,,,,16879,0.1417628824710846
,,,10,,,,,,,,,,,,,,,,,,,,,,,,,,,,,16889,0.028608495369553566
,,,10,,,,,,,,,,,,,,,,,,,,,,,,,,,,,16899,0.018733009696006775
,,,10,,,,,,,,,,,,,,,,,,,,,,,,,,,,,16909,0.022106723859906197
,,,10,,,,,,,,,,,,,,,,,,,,,,,,,,,,,16919,0.049583952873945236
,,,10,,,,,,,,,,,,,,,,,,,,,,,,,,,,,16929,0.2641027271747589
,,,10,,,,,,,,,,,,,,,,,,,,,,,,,,,,,16939,0.024853326380252838
,,,10,,,,,,,,,,,,,,,,,,,,,,,,,,,,,16949,0.21872256696224213
,,,10,,,,,,,,,,,,,,,,,,,,,,,,,,,,,16959,0.2900310158729553
,,,10,,,,,,,,,,,,,,,,,,,,,,,,,,,,,16969,0.04699918255209923
,,,10,,,,,,,,,,,,,,,,,,,,,,,,,,,,,16979,0.2034720480442047
,,,10,,,,,,,,,,,,,,,,,,,,,,,,,,,,,16989,0.6034944653511047
,,,10,,,,,,,,,,,,,,,,,,,,,,,,,,,,,16999,0.012111689895391464
,,,10,,,,,,,,,,,,,,,,,,,,,,,,,,,,,17009,2.4079198837280273
,,,10,,,,,,,,,,,,,,,,,,,,,,,,,,,,,17019,0.06317129731178284
,,,10,,,,,,,,,,,,,,,,,,,,,,,,,,,,,17029,0.2562652826309204
,,,10,,,,,,,,,,,,,,,,,,,,,,,,,,,,,17039,0.008346456103026867
,,,10,,,,,,,,,,,,,,,,,,,,,,,,,,,,,17049,0.07785417884588242
,,,10,,,,,,,,,,,,,,,,,,,,,,,,,,,,,17059,0.24187982082366943
,,,10,,,,,,,,,,,,,,,,,,,,,,,,,,,,,17069,0.4171529710292816
,,,10,,,,,,,,,,,,,,,,,,,,,,,,,,,,,17079,0.5185438394546509
,,,10,,,,,,,,,,,,,,,,,,,,,,,,,,,,,17089,0.07090597599744797
,,,10,,,,,,,,,,,,,,,,,,,,,,,,,,,,,17099,0.27921006083488464
,,,10,,,,,,,,,,,,,,,,,,,,,,,,,,,,,17109,0.5153015851974487
,,,10,,,,,,,,,,,,,,,,,,,,,,,,,,,,,17119,0.19782370328903198
,,,10,,,,,,,,,,,,,,,,,,,,,,,,,,,,,17129,0.040747351944446564
,,,10,,,,,,,,,,,,,,,,,,,,,,,,,,,,,17139,0.014532545581459999
,,,10,,,,,,,,,,,,,,,,,,,,,,,,,,,,,17149,0.012935188598930836
,,,10,,,,,,,,,,,,,,,,,,,,,,,,,,,,,17159,0.08769465982913971
,,,10,,,,,,,,,,,,,,,,,,,,,,,,,,,,,17169,0.1646166294813156
,,,10,,,,,,,,,,,,,,,,,,,,,,,,,,,,,17179,0.015141943469643593
,,,10,,,,,,,,,,,,,,,,,,,,,,,,,,,,,17189,0.2743285894393921
,,,10,,,,,,,,,,,,,,,,,,,,,,,,,,,,,17199,0.16721130907535553
,,,10,,,,,,,,,,,,,,,,,,,,,,,,,,,,,17209,0.09817305952310562
,,,10,,,,,,,,,,,,,,,,,,,,,,,,,,,,,17219,0.09899928420782089
,,,10,,,,,,,,,,,,,,,,,,,,,,,,,,,,,17229,0.4714781641960144
,,,10,,,,,,,,,,,,,,,,,,,,,,,,,,,,,17239,0.30802059173583984
,,,10,,,,,,,,,,,,,,,,,,,,,,,,,,,,,17249,0.16626904904842377
,,,10,,,,,,,,,,,,,,,,,,,,,,,,,,,,,17259,0.15782934427261353
,,,10,,,,,,,,,,,,,,,,,,,,,,,,,,,,,17269,0.08536245673894882
,,,10,,,,,,,,,,,,,,,,,,,,,,,,,,,,,17279,0.39229732751846313
,,,10,,,,,,,,,,,,,,,,,,,,,,,,,,,,,17289,0.22375912964344025
,,,10,,,,,,,,,,,,,,,,,,,,,,,,,,,,,17299,0.4983118176460266
,,,10,,,,,,,,,,,,,,,,,,,,,,,,,,,,,17309,0.22937554121017456
,,,10,,,,,,,,,,,,,,,,,,,,,,,,,,,,,17319,0.7400267720222473
,,,10,,,,,,,,,,,,,,,,,,,,,,,,,,,,,17329,1.2757307291030884
,,,10,,,,,,,,,,,,,,,,,,,,,,,,,,,,,17339,0.23568381369113922
,,,10,,,,,,,,,,,,,,,,,,,,,,,,,,,,,17349,0.4176042973995209
,,,10,,,,,,,,,,,,,,,,,,,,,,,,,,,,,17359,0.38888612389564514
,,,10,,,,,,,,,,,,,,,,,,,,,,,,,,,,,17369,0.19185951352119446
,,,10,,,,,,,,,,,,,,,,,,,,,,,,,,,,,17379,0.5052331686019897
,,,10,,,,,,,,,,,,,,,,,,,,,,,,,,,,,17389,0.1749706268310547
,,,10,,,,,,,,,,,,,,,,,,,,,,,,,,,,,17399,0.09697793424129486
,,,10,,,,,,,,,,,,,,,,,,,,,,,,,,,,,17409,0.08946895599365234
,,,10,,,,,,,,,,,,,,,,,,,,,,,,,,,,,17419,0.41914311051368713
,,,10,,,,,,,,,,,,,,,,,,,,,,,,,,,,,17429,0.23953591287136078
,,,10,,,,,,,,,,,,,,,,,,,,,,,,,,,,,17439,0.5303094983100891
,,,10,,,,,,,,,,,,,,,,,,,,,,,,,,,,,17449,0.012501239776611328
,,,10,,,,,,,,,,,,,,,,,,,,,,,,,,,,,17459,0.24536383152008057
,,,10,,,,,,,,,,,,,,,,,,,,,,,,,,,,,17469,0.5453061461448669
,,,10,,,,,,,,,,,,,,,,,,,,,,,,,,,,,17479,0.7861736416816711
,,,10,,,,,,,,,,,,,,,,,,,,,,,,,,,,,17489,0.029660183936357498
,,,10,,,,,,,,,,,,,,,,,,,,,,,,,,,,,17499,0.04548478499054909
,,,10,,,,,,,,,,,,,,,,,,,,,,,,,,,,,17509,0.7371447086334229
,,,10,,,,,,,,,,,,,,,,,,,,,,,,,,,,,17519,0.9391053915023804
,,,10,,,,,,,,,,,,,,,,,,,,,,,,,,,,,17529,0.1850467175245285
,,,10,,,,,,,,,,,,,,,,,,,,,,,,,,,,,17539,0.09348966181278229
,,,10,,,,,,,,,,,,,,,,,,,,,,,,,,,,,17549,0.9534328579902649
,,,10,,,,,,,,,,,,,,,,,,,,,,,,,,,,,17559,0.2152242809534073
,,,10,,,,,,,,,,,,,,,,,,,,,,,,,,,,,17569,0.46738600730895996
,,,10,,,,,,,,,,,,,,,,,,,,,,,,,,,,,17579,0.16433869302272797
,,,10,,,,,,,,,,,,,,,,,,,,,,,,,,,,,17589,0.20642851293087006
,,,10,,,,,,,,,,,,,,,,,,,,,,,,,,,,,17599,0.13264146447181702
,,,10,,,,,,,,,,,,,,,,,,,,,,,,,,,,,17609,0.5664487481117249
,,,10,,,,,,,,,,,,,,,,,,,,,,,,,,,,,17619,0.2223014533519745
,,,10,,,,,,,,,,,,,,,,,,,,,,,,,,,,,17629,0.11985935270786285
,,,10,,,,,,,,,,,,,,,,,,,,,,,,,,,,,17639,0.19667239487171173
,,,10,,,,,,,,,,,,,,,,,,,,,,,,,,,,,17649,0.061282362788915634
,,,10,,,,,,,,,,,,,,,,,,,,,,,,,,,,,17659,0.05125264450907707
,,,10,,,,,,,,,,,,,,,,,,,,,,,,,,,,,17669,0.2078092396259308
,,,10,,,,,,,,,,,,,,,,,,,,,,,,,,,,,17679,0.043035656213760376
,,,10,,,,,,,,,,,,,,,,,,,,,,,,,,,,,17689,0.41395390033721924
,,,10,,,,,,,,,,,,,,,,,,,,,,,,,,,,,17699,0.7935521602630615
,,,10,,,,,,,,,,,,,,,,,,,,,,,,,,,,,17709,0.23600846529006958
,,,10,,,,,,,,,,,,,,,,,,,,,,,,,,,,,17719,0.30240440368652344
,,,10,,,,,,,,,,,,,,,,,,,,,,,,,,,,,17729,0.13947002589702606
,,,10,,,,,,,,,,,,,,,,,,,,,,,,,,,,,17739,0.014685307629406452
,,,10,,,,,,,,,,,,,,,,,,,,,,,,,,,,,17749,0.016302255913615227
,,,10,,,,,,,,,,,,,,,,,,,,,,,,,,,,,17759,0.011000647209584713
,,,10,,,,,,,,,,,,,,,,,,,,,,,,,,,,,17769,0.08373202383518219
,,,10,,,,,,,,,,,,,,,,,,,,,,,,,,,,,17779,0.7904220819473267
,,,10,,,,,,,,,,,,,,,,,,,,,,,,,,,,,17789,0.0629391223192215
,,,10,,,,,,,,,,,,,,,,,,,,,,,,,,,,,17799,0.22617968916893005
,,,10,,,,,,,,,,,,,,,,,,,,,,,,,,,,,17809,0.10252654552459717
,,,10,,,,,,,,,,,,,,,,,,,,,,,,,,,,,17819,0.11639624089002609
,,,10,,,,,,,,,,,,,,,,,,,,,,,,,,,,,17829,0.14128021895885468
,,,10,,,,,,,,,,,,,,,,,,,,,,,,,,,,,17839,0.04964981600642204
,,,10,,,,,,,,,,,,,,,,,,,,,,,,,,,,,17849,0.4102989137172699
,,,10,,,,,,,,,,,,,,,,,,,,,,,,,,,,,17859,0.0479782372713089
,,,10,,,,,,,,,,,,,,,,,,,,,,,,,,,,,17869,0.024895694106817245
,,,10,,,,,,,,,,,,,,,,,,,,,,,,,,,,,17879,0.08717268705368042
,,,10,,,,,,,,,,,,,,,,,,,,,,,,,,,,,17889,0.29283279180526733
,,,10,,,,,,,,,,,,,,,,,,,,,,,,,,,,,17899,0.019422350451350212
,,,10,,,,,,,,,,,,,,,,,,,,,,,,,,,,,17909,0.6902828216552734
,,,10,,,,,,,,,,,,,,,,,,,,,,,,,,,,,17919,0.27531906962394714
,,,10,,,,,,,,,,,,,,,,,,,,,,,,,,,,,17929,0.519329309463501
,,,10,,,,,,,,,,,,,,,,,,,,,,,,,,,,,17939,0.06962902098894119
,,,10,,,,,,,,,,,,,,,,,,,,,,,,,,,,,17949,0.009419385343790054
,,,10,,,,,,,,,,,,,,,,,,,,,,,,,,,,,17959,1.0542376041412354
,,,10,,,,,,,,,,,,,,,,,,,,,,,,,,,,,17969,0.24128742516040802
,,,10,,,,,,,,,,,,,,,,,,,,,,,,,,,,,17979,0.015849169343709946
,,,10,,,,,,,,,,,,,,,,,,,,,,,,,,,,,17989,0.054025765508413315
,,,10,,,,,,,,,,,,,,,,,,,,,,,,,,,,,17999,0.040891133248806
,,,10,,,,,,,,,,,,,,,,,,,,,,,,,,,,,18009,0.19097460806369781
,,,10,,,,,,,,,,,,,,,,,,,,,,,,,,,,,18019,0.28714486956596375
,,,10,,,,,,,,,,,,,,,,,,,,,,,,,,,,,18029,0.3852004408836365
,,,10,,,,,,,,,,,,,,,,,,,,,,,,,,,,,18039,0.31069186329841614
,,,10,,,,,,,,,,,,,,,,,,,,,,,,,,,,,18049,0.11163745820522308
,,,10,,,,,,,,,,,,,,,,,,,,,,,,,,,,,18059,0.8578078746795654
,,,10,,,,,,,,,,,,,,,,,,,,,,,,,,,,,18069,0.5676760673522949
,,,10,,,,,,,,,,,,,,,,,,,,,,,,,,,,,18079,0.19570854306221008
,,,10,,,,,,,,,,,,,,,,,,,,,,,,,,,,,18089,0.19256779551506042
,,,10,,,,,,,,,,,,,,,,,,,,,,,,,,,,,18099,0.1541184037923813
,,,10,,,,,,,,,,,,,,,,,,,,,,,,,,,,,18109,0.44836869835853577
,,,10,,,,,,,,,,,,,,,,,,,,,,,,,,,,,18119,0.01990215666592121
,,,10,,,,,,,,,,,,,,,,,,,,,,,,,,,,,18129,0.4913618862628937
,,,10,,,,,,,,,,,,,,,,,,,,,,,,,,,,,18139,0.17387542128562927
,,,10,,,,,,,,,,,,,,,,,,,,,,,,,,,,,18149,0.13007307052612305
,,,10,,,,,,,,,,,,,,,,,,,,,,,,,,,,,18159,0.4187581539154053
,,,10,,,,,,,,,,,,,,,,,,,,,,,,,,,,,18169,0.252984881401062
,,,10,,,,,,,,,,,,,,,,,,,,,,,,,,,,,18179,1.2343300580978394
,,,10,,,,,,,,,,,,,,,,,,,,,,,,,,,,,18189,0.19607198238372803
,,,10,,,,,,,,,,,,,,,,,,,,,,,,,,,,,18199,0.37398386001586914
,,,10,,,,,,,,,,,,,,,,,,,,,,,,,,,,,18209,0.030525514855980873
,,,10,,,,,,,,,,,,,,,,,,,,,,,,,,,,,18219,0.3520306944847107
,,,10,,,,,,,,,,,,,,,,,,,,,,,,,,,,,18229,0.058998823165893555
,,,10,,,,,,,,,,,,,,,,,,,,,,,,,,,,,18239,0.9681839346885681
,,,10,,,,,,,,,,,,,,,,,,,,,,,,,,,,,18249,1.0861636400222778
,,,10,,,,,,,,,,,,,,,,,,,,,,,,,,,,,18259,0.28668418526649475
,,,10,,,,,,,,,,,,,,,,,,,,,,,,,,,,,18269,0.2888045310974121
,,,10,,,,,,,,,,,,,,,,,,,,,,,,,,,,,18279,0.03185907006263733
,,,,5.442131952867944e-07,3.0487066715411608e-06,4.69031795621717e-06,4.69031795621717e-06,7.215873778795645e-06,7.215873778795645e-06,1.1101344275070223e-05,1.1101344275070223e-05,1.7078991192415727e-05,1.7078991192415727e-05,2.6275371065254964e-05,5.442131952867944e-07,2.6275371065254964e-05,4.042364779269994e-05,4.042364779269994e-05,6.219022737338454e-05,6.219022737338454e-05,9.567727288213005e-05,9.567727288213005e-05,9.567727288213005e-05,9.567727288213005e-05,8.372510696719912e-07,8.372510696719912e-07,1.2880785687261406e-06,1.2880785687261406e-06,1.9816593365017543e-06,1.9816593365017543e-06,3.0487066715411608e-06,18282,
,,,11,,,,,,,,,,,,,,,,,,,,,,,,,,,,,18289,0.09474682807922363
,,,11,,,,,,,,,,,,,,,,,,,,,,,,,,,,,18299,0.5409519672393799
,,,11,,,,,,,,,,,,,,,,,,,,,,,,,,,,,18309,0.6179589629173279
,,,11,,,,,,,,,,,,,,,,,,,,,,,,,,,,,18319,0.8473811745643616
,,,11,,,,,,,,,,,,,,,,,,,,,,,,,,,,,18329,0.2629605531692505
,,,11,,,,,,,,,,,,,,,,,,,,,,,,,,,,,18339,0.12434155493974686
,,,11,,,,,,,,,,,,,,,,,,,,,,,,,,,,,18349,0.1632908284664154
,,,11,,,,,,,,,,,,,,,,,,,,,,,,,,,,,18359,0.7220022082328796
,,,11,,,,,,,,,,,,,,,,,,,,,,,,,,,,,18369,0.20095308125019073
,,,11,,,,,,,,,,,,,,,,,,,,,,,,,,,,,18379,0.3279576599597931
,,,11,,,,,,,,,,,,,,,,,,,,,,,,,,,,,18389,0.057243239134550095
,,,11,,,,,,,,,,,,,,,,,,,,,,,,,,,,,18399,0.039135195314884186
,,,11,,,,,,,,,,,,,,,,,,,,,,,,,,,,,18409,0.08546072244644165
,,,11,,,,,,,,,,,,,,,,,,,,,,,,,,,,,18419,0.2067617028951645
,,,11,,,,,,,,,,,,,,,,,,,,,,,,,,,,,18429,0.4894326627254486
,,,11,,,,,,,,,,,,,,,,,,,,,,,,,,,,,18439,0.020289048552513123
,,,11,,,,,,,,,,,,,,,,,,,,,,,,,,,,,18449,0.014378711581230164
,,,11,,,,,,,,,,,,,,,,,,,,,,,,,,,,,18459,0.09345995634794235
,,,11,,,,,,,,,,,,,,,,,,,,,,,,,,,,,18469,0.38292598724365234
,,,11,,,,,,,,,,,,,,,,,,,,,,,,,,,,,18479,0.012274523265659809
,,,11,,,,,,,,,,,,,,,,,,,,,,,,,,,,,18489,0.06911243498325348
,,,11,,,,,,,,,,,,,,,,,,,,,,,,,,,,,18499,0.007277362514287233
,,,11,,,,,,,,,,,,,,,,,,,,,,,,,,,,,18509,0.38276928663253784
,,,11,,,,,,,,,,,,,,,,,,,,,,,,,,,,,18519,0.8702714443206787
,,,11,,,,,,,,,,,,,,,,,,,,,,,,,,,,,18529,0.4553717374801636
,,,11,,,,,,,,,,,,,,,,,,,,,,,,,,,,,18539,0.03949572890996933
,,,11,,,,,,,,,,,,,,,,,,,,,,,,,,,,,18549,0.012163234874606133
,,,11,,,,,,,,,,,,,,,,,,,,,,,,,,,,,18559,0.043694306164979935
,,,11,,,,,,,,,,,,,,,,,,,,,,,,,,,,,18569,0.4491594433784485
,,,11,,,,,,,,,,,,,,,,,,,,,,,,,,,,,18579,0.08314820379018784
,,,11,,,,,,,,,,,,,,,,,,,,,,,,,,,,,18589,0.03821912780404091
,,,11,,,,,,,,,,,,,,,,,,,,,,,,,,,,,18599,0.10457941144704819
,,,11,,,,,,,,,,,,,,,,,,,,,,,,,,,,,18609,0.14572535455226898
,,,11,,,,,,,,,,,,,,,,,,,,,,,,,,,,,18619,0.021108364686369896
,,,11,,,,,,,,,,,,,,,,,,,,,,,,,,,,,18629,0.1460082232952118
,,,11,,,,,,,,,,,,,,,,,,,,,,,,,,,,,18639,0.6246533989906311
,,,11,,,,,,,,,,,,,,,,,,,,,,,,,,,,,18649,0.0677659660577774
,,,11,,,,,,,,,,,,,,,,,,,,,,,,,,,,,18659,0.2257189303636551
,,,11,,,,,,,,,,,,,,,,,,,,,,,,,,,,,18669,0.06352567672729492
,,,11,,,,,,,,,,,,,,,,,,,,,,,,,,,,,18679,0.023082634434103966
,,,11,,,,,,,,,,,,,,,,,,,,,,,,,,,,,18689,0.04590454697608948
,,,11,,,,,,,,,,,,,,,,,,,,,,,,,,,,,18699,0.30964741110801697
,,,11,,,,,,,,,,,,,,,,,,,,,,,,,,,,,18709,0.010801050812005997
,,,11,,,,,,,,,,,,,,,,,,,,,,,,,,,,,18719,0.05503440648317337
,,,11,,,,,,,,,,,,,,,,,,,,,,,,,,,,,18729,0.03774890676140785
,,,11,,,,,,,,,,,,,,,,,,,,,,,,,,,,,18739,0.27220413088798523
,,,11,,,,,,,,,,,,,,,,,,,,,,,,,,,,,18749,0.09803757816553116
,,,11,,,,,,,,,,,,,,,,,,,,,,,,,,,,,18759,0.009672407060861588
,,,11,,,,,,,,,,,,,,,,,,,,,,,,,,,,,18769,0.7893738746643066
,,,11,,,,,,,,,,,,,,,,,,,,,,,,,,,,,18779,0.08863285183906555
,,,11,,,,,,,,,,,,,,,,,,,,,,,,,,,,,18789,0.14950676262378693
,,,11,,,,,,,,,,,,,,,,,,,,,,,,,,,,,18799,1.3165342807769775
,,,11,,,,,,,,,,,,,,,,,,,,,,,,,,,,,18809,0.27595457434654236
,,,11,,,,,,,,,,,,,,,,,,,,,,,,,,,,,18819,0.010017230175435543
,,,11,,,,,,,,,,,,,,,,,,,,,,,,,,,,,18829,0.04601360484957695
,,,11,,,,,,,,,,,,,,,,,,,,,,,,,,,,,18839,0.6729041934013367
,,,11,,,,,,,,,,,,,,,,,,,,,,,,,,,,,18849,0.17161639034748077
,,,11,,,,,,,,,,,,,,,,,,,,,,,,,,,,,18859,0.01011267863214016
,,,11,,,,,,,,,,,,,,,,,,,,,,,,,,,,,18869,0.1520264595746994
,,,11,,,,,,,,,,,,,,,,,,,,,,,,,,,,,18879,0.09814407676458359
,,,11,,,,,,,,,,,,,,,,,,,,,,,,,,,,,18889,0.32260167598724365
,,,11,,,,,,,,,,,,,,,,,,,,,,,,,,,,,18899,0.12352313846349716
,,,11,,,,,,,,,,,,,,,,,,,,,,,,,,,,,18909,0.03177975118160248
,,,11,,,,,,,,,,,,,,,,,,,,,,,,,,,,,18919,0.02820044942200184
,,,11,,,,,,,,,,,,,,,,,,,,,,,,,,,,,18929,0.05250765010714531
,,,11,,,,,,,,,,,,,,,,,,,,,,,,,,,,,18939,0.15862280130386353
,,,11,,,,,,,,,,,,,,,,,,,,,,,,,,,,,18949,0.005247738212347031
,,,11,,,,,,,,,,,,,,,,,,,,,,,,,,,,,18959,0.057170893996953964
,,,11,,,,,,,,,,,,,,,,,,,,,,,,,,,,,18969,0.037488315254449844
,,,11,,,,,,,,,,,,,,,,,,,,,,,,,,,,,18979,0.03392874076962471
,,,11,,,,,,,,,,,,,,,,,,,,,,,,,,,,,18989,0.20834729075431824
,,,11,,,,,,,,,,,,,,,,,,,,,,,,,,,,,18999,0.29178690910339355
,,,11,,,,,,,,,,,,,,,,,,,,,,,,,,,,,19009,0.08581037074327469
,,,11,,,,,,,,,,,,,,,,,,,,,,,,,,,,,19019,0.0472370982170105
,,,11,,,,,,,,,,,,,,,,,,,,,,,,,,,,,19029,0.01799359917640686
,,,11,,,,,,,,,,,,,,,,,,,,,,,,,,,,,19039,0.27170297503471375
,,,11,,,,,,,,,,,,,,,,,,,,,,,,,,,,,19049,1.010096788406372
,,,11,,,,,,,,,,,,,,,,,,,,,,,,,,,,,19059,1.0333071947097778
,,,11,,,,,,,,,,,,,,,,,,,,,,,,,,,,,19069,0.15909402072429657
,,,11,,,,,,,,,,,,,,,,,,,,,,,,,,,,,19079,0.09595894068479538
,,,11,,,,,,,,,,,,,,,,,,,,,,,,,,,,,19089,0.2936202883720398
,,,11,,,,,,,,,,,,,,,,,,,,,,,,,,,,,19099,0.12999491393566132
,,,11,,,,,,,,,,,,,,,,,,,,,,,,,,,,,19109,0.893334686756134
,,,11,,,,,,,,,,,,,,,,,,,,,,,,,,,,,19119,0.04418937861919403
,,,11,,,,,,,,,,,,,,,,,,,,,,,,,,,,,19129,0.32215616106987
,,,11,,,,,,,,,,,,,,,,,,,,,,,,,,,,,19139,0.9606680274009705
,,,11,,,,,,,,,,,,,,,,,,,,,,,,,,,,,19149,0.17784006893634796
,,,11,,,,,,,,,,,,,,,,,,,,,,,,,,,,,19159,0.12039583176374435
,,,11,,,,,,,,,,,,,,,,,,,,,,,,,,,,,19169,0.5291803479194641
,,,11,,,,,,,,,,,,,,,,,,,,,,,,,,,,,19179,0.4942706227302551
,,,11,,,,,,,,,,,,,,,,,,,,,,,,,,,,,19189,0.11251470446586609
,,,11,,,,,,,,,,,,,,,,,,,,,,,,,,,,,19199,0.060224227607250214
,,,11,,,,,,,,,,,,,,,,,,,,,,,,,,,,,19209,1.0695643424987793
,,,11,,,,,,,,,,,,,,,,,,,,,,,,,,,,,19219,0.01795974373817444
,,,11,,,,,,,,,,,,,,,,,,,,,,,,,,,,,19229,0.08251480758190155
,,,11,,,,,,,,,,,,,,,,,,,,,,,,,,,,,19239,0.4137926995754242
,,,11,,,,,,,,,,,,,,,,,,,,,,,,,,,,,19249,0.33294877409935
,,,11,,,,,,,,,,,,,,,,,,,,,,,,,,,,,19259,0.14568640291690826
,,,11,,,,,,,,,,,,,,,,,,,,,,,,,,,,,19269,0.04112663492560387
,,,11,,,,,,,,,,,,,,,,,,,,,,,,,,,,,19279,0.04432410001754761
,,,11,,,,,,,,,,,,,,,,,,,,,,,,,,,,,19289,0.8886938095092773
,,,11,,,,,,,,,,,,,,,,,,,,,,,,,,,,,19299,0.5519050359725952
,,,11,,,,,,,,,,,,,,,,,,,,,,,,,,,,,19309,0.020633447915315628
,,,11,,,,,,,,,,,,,,,,,,,,,,,,,,,,,19319,0.16034485399723053
,,,11,,,,,,,,,,,,,,,,,,,,,,,,,,,,,19329,0.34003087878227234
,,,11,,,,,,,,,,,,,,,,,,,,,,,,,,,,,19339,0.0898149311542511
,,,11,,,,,,,,,,,,,,,,,,,,,,,,,,,,,19349,0.4343019127845764
,,,11,,,,,,,,,,,,,,,,,,,,,,,,,,,,,19359,0.9408207535743713
,,,11,,,,,,,,,,,,,,,,,,,,,,,,,,,,,19369,0.07289955019950867
,,,11,,,,,,,,,,,,,,,,,,,,,,,,,,,,,19379,0.01533803902566433
,,,11,,,,,,,,,,,,,,,,,,,,,,,,,,,,,19389,0.6587669253349304
,,,11,,,,,,,,,,,,,,,,,,,,,,,,,,,,,19399,0.7476085424423218
,,,11,,,,,,,,,,,,,,,,,,,,,,,,,,,,,19409,0.00929526798427105
,,,11,,,,,,,,,,,,,,,,,,,,,,,,,,,,,19419,0.4071298837661743
,,,11,,,,,,,,,,,,,,,,,,,,,,,,,,,,,19429,0.15444064140319824
,,,11,,,,,,,,,,,,,,,,,,,,,,,,,,,,,19439,0.21196843683719635
,,,11,,,,,,,,,,,,,,,,,,,,,,,,,,,,,19449,0.004295410122722387
,,,11,,,,,,,,,,,,,,,,,,,,,,,,,,,,,19459,0.11639323085546494
,,,11,,,,,,,,,,,,,,,,,,,,,,,,,,,,,19469,0.05790594592690468
,,,11,,,,,,,,,,,,,,,,,,,,,,,,,,,,,19479,0.3184596002101898
,,,11,,,,,,,,,,,,,,,,,,,,,,,,,,,,,19489,0.5649630427360535
,,,11,,,,,,,,,,,,,,,,,,,,,,,,,,,,,19499,0.47522273659706116
,,,11,,,,,,,,,,,,,,,,,,,,,,,,,,,,,19509,0.06316623836755753
,,,11,,,,,,,,,,,,,,,,,,,,,,,,,,,,,19519,0.04645935073494911
,,,11,,,,,,,,,,,,,,,,,,,,,,,,,,,,,19529,0.13619649410247803
,,,11,,,,,,,,,,,,,,,,,,,,,,,,,,,,,19539,0.9053097367286682
,,,11,,,,,,,,,,,,,,,,,,,,,,,,,,,,,19549,0.08167475461959839
,,,11,,,,,,,,,,,,,,,,,,,,,,,,,,,,,19559,0.2760735750198364
,,,11,,,,,,,,,,,,,,,,,,,,,,,,,,,,,19569,0.585688054561615
,,,11,,,,,,,,,,,,,,,,,,,,,,,,,,,,,19579,0.2113419473171234
,,,11,,,,,,,,,,,,,,,,,,,,,,,,,,,,,19589,0.0696435421705246
,,,11,,,,,,,,,,,,,,,,,,,,,,,,,,,,,19599,0.10924279689788818
,,,11,,,,,,,,,,,,,,,,,,,,,,,,,,,,,19609,0.6639361381530762
,,,11,,,,,,,,,,,,,,,,,,,,,,,,,,,,,19619,0.47314101457595825
,,,11,,,,,,,,,,,,,,,,,,,,,,,,,,,,,19629,0.4163091778755188
,,,11,,,,,,,,,,,,,,,,,,,,,,,,,,,,,19639,0.31784576177597046
,,,11,,,,,,,,,,,,,,,,,,,,,,,,,,,,,19649,0.31857404112815857
,,,11,,,,,,,,,,,,,,,,,,,,,,,,,,,,,19659,0.01676088012754917
,,,11,,,,,,,,,,,,,,,,,,,,,,,,,,,,,19669,0.1181168183684349
,,,11,,,,,,,,,,,,,,,,,,,,,,,,,,,,,19679,0.05062457174062729
,,,11,,,,,,,,,,,,,,,,,,,,,,,,,,,,,19689,0.569794237613678
,,,11,,,,,,,,,,,,,,,,,,,,,,,,,,,,,19699,0.06858793646097183
,,,11,,,,,,,,,,,,,,,,,,,,,,,,,,,,,19709,0.06877777725458145
,,,11,,,,,,,,,,,,,,,,,,,,,,,,,,,,,19719,0.5637445449829102
,,,11,,,,,,,,,,,,,,,,,,,,,,,,,,,,,19729,0.03172651305794716
,,,11,,,,,,,,,,,,,,,,,,,,,,,,,,,,,19739,0.7729613184928894
,,,11,,,,,,,,,,,,,,,,,,,,,,,,,,,,,19749,0.42897388339042664
,,,11,,,,,,,,,,,,,,,,,,,,,,,,,,,,,19759,0.19371220469474792
,,,11,,,,,,,,,,,,,,,,,,,,,,,,,,,,,19769,0.026308095082640648
,,,11,,,,,,,,,,,,,,,,,,,,,,,,,,,,,19779,0.5274515151977539
,,,11,,,,,,,,,,,,,,,,,,,,,,,,,,,,,19789,0.28038543462753296
,,,11,,,,,,,,,,,,,,,,,,,,,,,,,,,,,19799,2.235703229904175
,,,11,,,,,,,,,,,,,,,,,,,,,,,,,,,,,19809,0.15268710255622864
,,,11,,,,,,,,,,,,,,,,,,,,,,,,,,,,,19819,0.09766296297311783
,,,11,,,,,,,,,,,,,,,,,,,,,,,,,,,,,19829,0.03519574925303459
,,,11,,,,,,,,,,,,,,,,,,,,,,,,,,,,,19839,0.05694976821541786
,,,11,,,,,,,,,,,,,,,,,,,,,,,,,,,,,19849,0.19005605578422546
,,,11,,,,,,,,,,,,,,,,,,,,,,,,,,,,,19859,0.023621197789907455
,,,11,,,,,,,,,,,,,,,,,,,,,,,,,,,,,19869,0.3928268849849701
,,,11,,,,,,,,,,,,,,,,,,,,,,,,,,,,,19879,0.016646509990096092
,,,11,,,,,,,,,,,,,,,,,,,,,,,,,,,,,19889,0.02432546578347683
,,,11,,,,,,,,,,,,,,,,,,,,,,,,,,,,,19899,0.04159507155418396
,,,11,,,,,,,,,,,,,,,,,,,,,,,,,,,,,19909,0.0688379779458046
,,,11,,,,,,,,,,,,,,,,,,,,,,,,,,,,,19919,0.37636521458625793
,,,11,,,,,,,,,,,,,,,,,,,,,,,,,,,,,19929,0.8777062296867371
,,,11,,,,,,,,,,,,,,,,,,,,,,,,,,,,,19939,0.024313442409038544
,,,,5.355111486767334e-07,2.999957417046929e-06,4.615319103149121e-06,4.615319103149121e-06,7.100490927921724e-06,7.100490927921724e-06,1.0923832196802652e-05,1.0923832196802652e-05,1.6805895687388695e-05,1.6805895687388695e-05,2.5855224134444144e-05,5.355111486767334e-07,2.5855224134444144e-05,3.977726789914484e-05,3.977726789914484e-05,6.119579676791514e-05,6.119579676791514e-05,9.414737964294636e-05,9.414737964294636e-05,9.414737964294636e-05,9.414737964294636e-05,8.238633056565128e-07,8.238633056565128e-07,1.2674820087023274e-06,1.2674820087023274e-06,1.9499723210805035e-06,1.9499723210805035e-06,2.999957417046929e-06,19944,
,,,12,,,,,,,,,,,,,,,,,,,,,,,,,,,,,19949,0.04003319516777992
,,,12,,,,,,,,,,,,,,,,,,,,,,,,,,,,,19959,0.022437356412410736
,,,12,,,,,,,,,,,,,,,,,,,,,,,,,,,,,19969,1.0542467832565308
,,,12,,,,,,,,,,,,,,,,,,,,,,,,,,,,,19979,0.18564091622829437
,,,12,,,,,,,,,,,,,,,,,,,,,,,,,,,,,19989,0.07239087671041489
,,,12,,,,,,,,,,,,,,,,,,,,,,,,,,,,,19999,0.2926444709300995
,,,12,,,,,,,,,,,,,,,,,,,,,,,,,,,,,20009,0.38545241951942444
,,,12,,,,,,,,,,,,,,,,,,,,,,,,,,,,,20019,0.3983684778213501
,,,12,,,,,,,,,,,,,,,,,,,,,,,,,,,,,20029,0.7061988711357117
,,,12,,,,,,,,,,,,,,,,,,,,,,,,,,,,,20039,0.17211805284023285
,,,12,,,,,,,,,,,,,,,,,,,,,,,,,,,,,20049,0.7235207557678223
,,,12,,,,,,,,,,,,,,,,,,,,,,,,,,,,,20059,0.006290435325354338
,,,12,,,,,,,,,,,,,,,,,,,,,,,,,,,,,20069,0.6157013773918152
,,,12,,,,,,,,,,,,,,,,,,,,,,,,,,,,,20079,0.14632391929626465
,,,12,,,,,,,,,,,,,,,,,,,,,,,,,,,,,20089,0.13401338458061218
,,,12,,,,,,,,,,,,,,,,,,,,,,,,,,,,,20099,0.1469290554523468
,,,12,,,,,,,,,,,,,,,,,,,,,,,,,,,,,20109,0.2940601408481598
,,,12,,,,,,,,,,,,,,,,,,,,,,,,,,,,,20119,0.04621395841240883
,,,12,,,,,,,,,,,,,,,,,,,,,,,,,,,,,20129,0.521019458770752
,,,12,,,,,,,,,,,,,,,,,,,,,,,,,,,,,20139,0.12772980332374573
,,,12,,,,,,,,,,,,,,,,,,,,,,,,,,,,,20149,0.2455403059720993
,,,12,,,,,,,,,,,,,,,,,,,,,,,,,,,,,20159,0.11020561307668686
,,,12,,,,,,,,,,,,,,,,,,,,,,,,,,,,,20169,0.42617395520210266
,,,12,,,,,,,,,,,,,,,,,,,,,,,,,,,,,20179,0.7938082814216614
,,,12,,,,,,,,,,,,,,,,,,,,,,,,,,,,,20189,0.01323655340820551
,,,12,,,,,,,,,,,,,,,,,,,,,,,,,,,,,20199,0.015582714229822159
,,,12,,,,,,,,,,,,,,,,,,,,,,,,,,,,,20209,0.3699164092540741
,,,12,,,,,,,,,,,,,,,,,,,,,,,,,,,,,20219,0.2561975121498108
,,,12,,,,,,,,,,,,,,,,,,,,,,,,,,,,,20229,0.3639834225177765
,,,12,,,,,,,,,,,,,,,,,,,,,,,,,,,,,20239,0.005122489295899868
,,,12,,,,,,,,,,,,,,,,,,,,,,,,,,,,,20249,0.053353384137153625
,,,12,,,,,,,,,,,,,,,,,,,,,,,,,,,,,20259,0.12660858035087585
,,,12,,,,,,,,,,,,,,,,,,,,,,,,,,,,,20269,0.23372209072113037
,,,12,,,,,,,,,,,,,,,,,,,,,,,,,,,,,20279,0.5562956929206848
,,,12,,,,,,,,,,,,,,,,,,,,,,,,,,,,,20289,0.12976691126823425
,,,12,,,,,,,,,,,,,,,,,,,,,,,,,,,,,20299,1.1502153873443604
,,,12,,,,,,,,,,,,,,,,,,,,,,,,,,,,,20309,0.04645634815096855
,,,12,,,,,,,,,,,,,,,,,,,,,,,,,,,,,20319,0.04772408306598663
,,,12,,,,,,,,,,,,,,,,,,,,,,,,,,,,,20329,0.02167048119008541
,,,12,,,,,,,,,,,,,,,,,,,,,,,,,,,,,20339,0.579088032245636
,,,12,,,,,,,,,,,,,,,,,,,,,,,,,,,,,20349,0.3837987184524536
,,,12,,,,,,,,,,,,,,,,,,,,,,,,,,,,,20359,0.16886064410209656
,,,12,,,,,,,,,,,,,,,,,,,,,,,,,,,,,20369,0.3963969051837921
,,,12,,,,,,,,,,,,,,,,,,,,,,,,,,,,,20379,0.06608135998249054
,,,12,,,,,,,,,,,,,,,,,,,,,,,,,,,,,20389,0.008398241363465786
,,,12,,,,,,,,,,,,,,,,,,,,,,,,,,,,,20399,0.19810251891613007
,,,12,,,,,,,,,,,,,,,,,,,,,,,,,,,,,20409,0.04625219106674194
,,,12,,,,,,,,,,,,,,,,,,,,,,,,,,,,,20419,0.6561064720153809
,,,12,,,,,,,,,,,,,,,,,,,,,,,,,,,,,20429,0.15412166714668274
,,,12,,,,,,,,,,,,,,,,,,,,,,,,,,,,,20439,0.6456678509712219
,,,12,,,,,,,,,,,,,,,,,,,,,,,,,,,,,20449,0.07846707105636597
,,,12,,,,,,,,,,,,,,,,,,,,,,,,,,,,,20459,0.17287006974220276
,,,12,,,,,,,,,,,,,,,,,,,,,,,,,,,,,20469,0.12856872379779816
,,,12,,,,,,,,,,,,,,,,,,,,,,,,,,,,,20479,0.3203253149986267
,,,12,,,,,,,,,,,,,,,,,,,,,,,,,,,,,20489,0.12963692843914032
,,,12,,,,,,,,,,,,,,,,,,,,,,,,,,,,,20499,0.01099375355988741
,,,12,,,,,,,,,,,,,,,,,,,,,,,,,,,,,20509,0.2277005910873413
,,,12,,,,,,,,,,,,,,,,,,,,,,,,,,,,,20519,0.33995142579078674
,,,12,,,,,,,,,,,,,,,,,,,,,,,,,,,,,20529,1.037444829940796
,,,12,,,,,,,,,,,,,,,,,,,,,,,,,,,,,20539,0.4428916275501251
,,,12,,,,,,,,,,,,,,,,,,,,,,,,,,,,,20549,0.03390722721815109
,,,12,,,,,,,,,,,,,,,,,,,,,,,,,,,,,20559,0.9717084169387817
,,,12,,,,,,,,,,,,,,,,,,,,,,,,,,,,,20569,0.17383992671966553
,,,12,,,,,,,,,,,,,,,,,,,,,,,,,,,,,20579,0.20727792382240295
,,,12,,,,,,,,,,,,,,,,,,,,,,,,,,,,,20589,0.23314622044563293
,,,12,,,,,,,,,,,,,,,,,,,,,,,,,,,,,20599,1.060898780822754
,,,12,,,,,,,,,,,,,,,,,,,,,,,,,,,,,20609,0.06205266714096069
,,,12,,,,,,,,,,,,,,,,,,,,,,,,,,,,,20619,0.16962499916553497
,,,12,,,,,,,,,,,,,,,,,,,,,,,,,,,,,20629,0.12255402654409409
,,,12,,,,,,,,,,,,,,,,,,,,,,,,,,,,,20639,0.004404748324304819
,,,12,,,,,,,,,,,,,,,,,,,,,,,,,,,,,20649,0.010421635583043098
,,,12,,,,,,,,,,,,,,,,,,,,,,,,,,,,,20659,0.01315723080188036
,,,12,,,,,,,,,,,,,,,,,,,,,,,,,,,,,20669,0.11764488369226456
,,,12,,,,,,,,,,,,,,,,,,,,,,,,,,,,,20679,0.0515657514333725
,,,12,,,,,,,,,,,,,,,,,,,,,,,,,,,,,20689,0.34945276379585266
,,,12,,,,,,,,,,,,,,,,,,,,,,,,,,,,,20699,0.12801586091518402
,,,12,,,,,,,,,,,,,,,,,,,,,,,,,,,,,20709,0.17689919471740723
,,,12,,,,,,,,,,,,,,,,,,,,,,,,,,,,,20719,0.18579569458961487
,,,12,,,,,,,,,,,,,,,,,,,,,,,,,,,,,20729,1.102100133895874
,,,12,,,,,,,,,,,,,,,,,,,,,,,,,,,,,20739,0.14173662662506104
,,,12,,,,,,,,,,,,,,,,,,,,,,,,,,,,,20749,0.008930391632020473
,,,12,,,,,,,,,,,,,,,,,,,,,,,,,,,,,20759,0.26614436507225037
,,,12,,,,,,,,,,,,,,,,,,,,,,,,,,,,,20769,0.035670071840286255
,,,12,,,,,,,,,,,,,,,,,,,,,,,,,,,,,20779,0.10885614901781082
,,,12,,,,,,,,,,,,,,,,,,,,,,,,,,,,,20789,0.012873257510364056
,,,12,,,,,,,,,,,,,,,,,,,,,,,,,,,,,20799,0.09081588685512543
,,,12,,,,,,,,,,,,,,,,,,,,,,,,,,,,,20809,0.2896086573600769
,,,12,,,,,,,,,,,,,,,,,,,,,,,,,,,,,20819,0.12299377471208572
,,,12,,,,,,,,,,,,,,,,,,,,,,,,,,,,,20829,0.1786356270313263
,,,12,,,,,,,,,,,,,,,,,,,,,,,,,,,,,20839,0.2894169092178345
,,,12,,,,,,,,,,,,,,,,,,,,,,,,,,,,,20849,0.4071343243122101
,,,12,,,,,,,,,,,,,,,,,,,,,,,,,,,,,20859,0.3407902121543884
,,,12,,,,,,,,,,,,,,,,,,,,,,,,,,,,,20869,0.11786973476409912
,,,12,,,,,,,,,,,,,,,,,,,,,,,,,,,,,20879,0.14763444662094116
,,,12,,,,,,,,,,,,,,,,,,,,,,,,,,,,,20889,0.2624543607234955
,,,12,,,,,,,,,,,,,,,,,,,,,,,,,,,,,20899,0.24353840947151184
,,,12,,,,,,,,,,,,,,,,,,,,,,,,,,,,,20909,0.01823478937149048
,,,12,,,,,,,,,,,,,,,,,,,,,,,,,,,,,20919,0.28033390641212463
,,,12,,,,,,,,,,,,,,,,,,,,,,,,,,,,,20929,0.032568879425525665
,,,12,,,,,,,,,,,,,,,,,,,,,,,,,,,,,20939,0.04235650226473808
,,,12,,,,,,,,,,,,,,,,,,,,,,,,,,,,,20949,0.017937766388058662
,,,12,,,,,,,,,,,,,,,,,,,,,,,,,,,,,20959,0.42115968465805054
,,,12,,,,,,,,,,,,,,,,,,,,,,,,,,,,,20969,0.4491724967956543
,,,12,,,,,,,,,,,,,,,,,,,,,,,,,,,,,20979,0.030246376991271973
,,,12,,,,,,,,,,,,,,,,,,,,,,,,,,,,,20989,0.012082197703421116
,,,12,,,,,,,,,,,,,,,,,,,,,,,,,,,,,20999,0.4521865248680115
,,,12,,,,,,,,,,,,,,,,,,,,,,,,,,,,,21009,0.30020853877067566
,,,12,,,,,,,,,,,,,,,,,,,,,,,,,,,,,21019,0.00866558775305748
,,,12,,,,,,,,,,,,,,,,,,,,,,,,,,,,,21029,0.07223692536354065
,,,12,,,,,,,,,,,,,,,,,,,,,,,,,,,,,21039,0.016470501199364662
,,,12,,,,,,,,,,,,,,,,,,,,,,,,,,,,,21049,0.022503891959786415
,,,12,,,,,,,,,,,,,,,,,,,,,,,,,,,,,21059,0.0412985160946846
,,,12,,,,,,,,,,,,,,,,,,,,,,,,,,,,,21069,0.140384241938591
,,,12,,,,,,,,,,,,,,,,,,,,,,,,,,,,,21079,0.012825735844671726
,,,12,,,,,,,,,,,,,,,,,,,,,,,,,,,,,21089,0.38262370228767395
,,,12,,,,,,,,,,,,,,,,,,,,,,,,,,,,,21099,0.3120925724506378
,,,12,,,,,,,,,,,,,,,,,,,,,,,,,,,,,21109,0.9559466242790222
,,,12,,,,,,,,,,,,,,,,,,,,,,,,,,,,,21119,0.48577800393104553
,,,12,,,,,,,,,,,,,,,,,,,,,,,,,,,,,21129,0.07968202233314514
,,,12,,,,,,,,,,,,,,,,,,,,,,,,,,,,,21139,0.00852456409484148
,,,12,,,,,,,,,,,,,,,,,,,,,,,,,,,,,21149,0.03851121664047241
,,,12,,,,,,,,,,,,,,,,,,,,,,,,,,,,,21159,0.041731301695108414
,,,12,,,,,,,,,,,,,,,,,,,,,,,,,,,,,21169,0.3464711606502533
,,,12,,,,,,,,,,,,,,,,,,,,,,,,,,,,,21179,0.5137611627578735
,,,12,,,,,,,,,,,,,,,,,,,,,,,,,,,,,21189,0.4555707573890686
,,,12,,,,,,,,,,,,,,,,,,,,,,,,,,,,,21199,0.008015498518943787
,,,12,,,,,,,,,,,,,,,,,,,,,,,,,,,,,21209,0.03873857483267784
,,,12,,,,,,,,,,,,,,,,,,,,,,,,,,,,,21219,0.12421662360429764
,,,12,,,,,,,,,,,,,,,,,,,,,,,,,,,,,21229,0.942361056804657
,,,12,,,,,,,,,,,,,,,,,,,,,,,,,,,,,21239,0.604264497756958
,,,12,,,,,,,,,,,,,,,,,,,,,,,,,,,,,21249,0.0452159121632576
,,,12,,,,,,,,,,,,,,,,,,,,,,,,,,,,,21259,0.38480255007743835
,,,12,,,,,,,,,,,,,,,,,,,,,,,,,,,,,21269,0.04337334632873535
,,,12,,,,,,,,,,,,,,,,,,,,,,,,,,,,,21279,0.26461297273635864
,,,12,,,,,,,,,,,,,,,,,,,,,,,,,,,,,21289,0.009681863710284233
,,,12,,,,,,,,,,,,,,,,,,,,,,,,,,,,,21299,0.11572754383087158
,,,12,,,,,,,,,,,,,,,,,,,,,,,,,,,,,21309,0.12424201518297195
,,,12,,,,,,,,,,,,,,,,,,,,,,,,,,,,,21319,0.07524652034044266
,,,12,,,,,,,,,,,,,,,,,,,,,,,,,,,,,21329,0.20339453220367432
,,,12,,,,,,,,,,,,,,,,,,,,,,,,,,,,,21339,0.20861753821372986
,,,12,,,,,,,,,,,,,,,,,,,,,,,,,,,,,21349,0.012845209799706936
,,,12,,,,,,,,,,,,,,,,,,,,,,,,,,,,,21359,0.31361666321754456
,,,12,,,,,,,,,,,,,,,,,,,,,,,,,,,,,21369,0.0243177842348814
,,,12,,,,,,,,,,,,,,,,,,,,,,,,,,,,,21379,0.1116008535027504
,,,12,,,,,,,,,,,,,,,,,,,,,,,,,,,,,21389,0.5387930870056152
,,,12,,,,,,,,,,,,,,,,,,,,,,,,,,,,,21399,0.4469044506549835
,,,12,,,,,,,,,,,,,,,,,,,,,,,,,,,,,21409,0.030418546870350838
,,,12,,,,,,,,,,,,,,,,,,,,,,,,,,,,,21419,0.1436176300048828
,,,12,,,,,,,,,,,,,,,,,,,,,,,,,,,,,21429,0.04551092907786369
,,,12,,,,,,,,,,,,,,,,,,,,,,,,,,,,,21439,0.06286288052797318
,,,12,,,,,,,,,,,,,,,,,,,,,,,,,,,,,21449,0.5906340479850769
,,,12,,,,,,,,,,,,,,,,,,,,,,,,,,,,,21459,0.09932520985603333
,,,12,,,,,,,,,,,,,,,,,,,,,,,,,,,,,21469,0.11166324466466904
,,,12,,,,,,,,,,,,,,,,,,,,,,,,,,,,,21479,0.13711559772491455
,,,12,,,,,,,,,,,,,,,,,,,,,,,,,,,,,21489,0.02531931735575199
,,,12,,,,,,,,,,,,,,,,,,,,,,,,,,,,,21499,0.6419153213500977
,,,12,,,,,,,,,,,,,,,,,,,,,,,,,,,,,21509,0.03002081625163555
,,,12,,,,,,,,,,,,,,,,,,,,,,,,,,,,,21519,0.04343276098370552
,,,12,,,,,,,,,,,,,,,,,,,,,,,,,,,,,21529,0.4443608820438385
,,,12,,,,,,,,,,,,,,,,,,,,,,,,,,,,,21539,0.050540316849946976
,,,12,,,,,,,,,,,,,,,,,,,,,,,,,,,,,21549,0.07156646996736526
,,,12,,,,,,,,,,,,,,,,,,,,,,,,,,,,,21559,0.03587386757135391
,,,12,,,,,,,,,,,,,,,,,,,,,,,,,,,,,21569,0.1811530441045761
,,,12,,,,,,,,,,,,,,,,,,,,,,,,,,,,,21579,0.7686309814453125
,,,12,,,,,,,,,,,,,,,,,,,,,,,,,,,,,21589,0.11070892959833145
,,,12,,,,,,,,,,,,,,,,,,,,,,,,,,,,,21599,0.006843891926109791
,,,,5.255857159996507e-07,2.9443546990632016e-06,4.529776460097233e-06,4.529776460097233e-06,6.96888686168805e-06,6.96888686168805e-06,1.0721364402597e-05,1.0721364402597e-05,1.649440677322615e-05,1.649440677322615e-05,2.5376010420347926e-05,5.255857159996507e-07,2.5376010420347926e-05,3.90400160313045e-05,3.90400160313045e-05,6.006156312508385e-05,6.006156312508385e-05,9.24024048078213e-05,9.24024048078213e-05,9.24024048078213e-05,9.24024048078213e-05,8.085934092302317e-07,8.085934092302317e-07,1.2439898603542026e-06,1.2439898603542026e-06,1.913830554391081e-06,1.913830554391081e-06,2.9443546990632016e-06,21606,
,,,13,,,,,,,,,,,,,,,,,,,,,,,,,,,,,21609,0.003303905948996544
,,,13,,,,,,,,,,,,,,,,,,,,,,,,,,,,,21619,0.0108328340575099
,,,13,,,,,,,,,,,,,,,,,,,,,,,,,,,,,21629,0.10243173688650131
,,,13,,,,,,,,,,,,,,,,,,,,,,,,,,,,,21639,0.15952205657958984
,,,13,,,,,,,,,,,,,,,,,,,,,,,,,,,,,21649,0.12570789456367493
,,,13,,,,,,,,,,,,,,,,,,,,,,,,,,,,,21659,0.6551072597503662
,,,13,,,,,,,,,,,,,,,,,,,,,,,,,,,,,21669,0.19007308781147003
,,,13,,,,,,,,,,,,,,,,,,,,,,,,,,,,,21679,0.02612333372235298
,,,13,,,,,,,,,,,,,,,,,,,,,,,,,,,,,21689,0.5333684086799622
,,,13,,,,,,,,,,,,,,,,,,,,,,,,,,,,,21699,0.09050983935594559
,,,13,,,,,,,,,,,,,,,,,,,,,,,,,,,,,21709,0.03800969570875168
,,,13,,,,,,,,,,,,,,,,,,,,,,,,,,,,,21719,0.027167880907654762
,,,13,,,,,,,,,,,,,,,,,,,,,,,,,,,,,21729,0.07601891458034515
,,,13,,,,,,,,,,,,,,,,,,,,,,,,,,,,,21739,0.48826658725738525
,,,13,,,,,,,,,,,,,,,,,,,,,,,,,,,,,21749,0.02385685220360756
,,,13,,,,,,,,,,,,,,,,,,,,,,,,,,,,,21759,0.10764369368553162
,,,13,,,,,,,,,,,,,,,,,,,,,,,,,,,,,21769,0.7303528189659119
,,,13,,,,,,,,,,,,,,,,,,,,,,,,,,,,,21779,0.6778621077537537
,,,13,,,,,,,,,,,,,,,,,,,,,,,,,,,,,21789,0.3446131646633148
,,,13,,,,,,,,,,,,,,,,,,,,,,,,,,,,,21799,0.015243245288729668
,,,13,,,,,,,,,,,,,,,,,,,,,,,,,,,,,21809,0.16698996722698212
,,,13,,,,,,,,,,,,,,,,,,,,,,,,,,,,,21819,0.0846315547823906
,,,13,,,,,,,,,,,,,,,,,,,,,,,,,,,,,21829,0.04397754371166229
,,,13,,,,,,,,,,,,,,,,,,,,,,,,,,,,,21839,0.05261829122900963
,,,13,,,,,,,,,,,,,,,,,,,,,,,,,,,,,21849,0.34075072407722473
,,,13,,,,,,,,,,,,,,,,,,,,,,,,,,,,,21859,0.045877255499362946
,,,13,,,,,,,,,,,,,,,,,,,,,,,,,,,,,21869,0.22037801146507263
,,,13,,,,,,,,,,,,,,,,,,,,,,,,,,,,,21879,0.09829306602478027
,,,13,,,,,,,,,,,,,,,,,,,,,,,,,,,,,21889,0.1787204146385193
,,,13,,,,,,,,,,,,,,,,,,,,,,,,,,,,,21899,0.739143967628479
,,,13,,,,,,,,,,,,,,,,,,,,,,,,,,,,,21909,0.007846911437809467
,,,13,,,,,,,,,,,,,,,,,,,,,,,,,,,,,21919,0.4634028971195221
,,,13,,,,,,,,,,,,,,,,,,,,,,,,,,,,,21929,0.34717223048210144
,,,13,,,,,,,,,,,,,,,,,,,,,,,,,,,,,21939,0.1818135678768158
,,,13,,,,,,,,,,,,,,,,,,,,,,,,,,,,,21949,0.07790528982877731
,,,13,,,,,,,,,,,,,,,,,,,,,,,,,,,,,21959,0.029548853635787964
,,,13,,,,,,,,,,,,,,,,,,,,,,,,,,,,,21969,0.2744954824447632
,,,13,,,,,,,,,,,,,,,,,,,,,,,,,,,,,21979,0.16543926298618317
,,,13,,,,,,,,,,,,,,,,,,,,,,,,,,,,,21989,0.4134331941604614
,,,13,,,,,,,,,,,,,,,,,,,,,,,,,,,,,21999,0.029234088957309723
,,,13,,,,,,,,,,,,,,,,,,,,,,,,,,,,,22009,0.034814417362213135
,,,13,,,,,,,,,,,,,,,,,,,,,,,,,,,,,22019,0.03671862185001373
,,,13,,,,,,,,,,,,,,,,,,,,,,,,,,,,,22029,0.07653530687093735
,,,13,,,,,,,,,,,,,,,,,,,,,,,,,,,,,22039,0.9201382398605347
,,,13,,,,,,,,,,,,,,,,,,,,,,,,,,,,,22049,0.012541674077510834
,,,13,,,,,,,,,,,,,,,,,,,,,,,,,,,,,22059,0.3403002917766571
,,,13,,,,,,,,,,,,,,,,,,,,,,,,,,,,,22069,0.8725117444992065
,,,13,,,,,,,,,,,,,,,,,,,,,,,,,,,,,22079,0.3042326271533966
,,,13,,,,,,,,,,,,,,,,,,,,,,,,,,,,,22089,0.5254476070404053
,,,13,,,,,,,,,,,,,,,,,,,,,,,,,,,,,22099,0.01224171556532383
,,,13,,,,,,,,,,,,,,,,,,,,,,,,,,,,,22109,0.030528251081705093
,,,13,,,,,,,,,,,,,,,,,,,,,,,,,,,,,22119,0.09583765268325806
,,,13,,,,,,,,,,,,,,,,,,,,,,,,,,,,,22129,0.008906358852982521
,,,13,,,,,,,,,,,,,,,,,,,,,,,,,,,,,22139,0.08982361108064651
,,,13,,,,,,,,,,,,,,,,,,,,,,,,,,,,,22149,0.013378826901316643
,,,13,,,,,,,,,,,,,,,,,,,,,,,,,,,,,22159,0.08958496898412704
,,,13,,,,,,,,,,,,,,,,,,,,,,,,,,,,,22169,0.1943674236536026
,,,13,,,,,,,,,,,,,,,,,,,,,,,,,,,,,22179,0.273131400346756
,,,13,,,,,,,,,,,,,,,,,,,,,,,,,,,,,22189,0.34408965706825256
,,,13,,,,,,,,,,,,,,,,,,,,,,,,,,,,,22199,0.03066040761768818
,,,13,,,,,,,,,,,,,,,,,,,,,,,,,,,,,22209,0.9674621820449829
,,,13,,,,,,,,,,,,,,,,,,,,,,,,,,,,,22219,0.5629228949546814
,,,13,,,,,,,,,,,,,,,,,,,,,,,,,,,,,22229,0.167665034532547
,,,13,,,,,,,,,,,,,,,,,,,,,,,,,,,,,22239,0.22127053141593933
,,,13,,,,,,,,,,,,,,,,,,,,,,,,,,,,,22249,0.42040351033210754
,,,13,,,,,,,,,,,,,,,,,,,,,,,,,,,,,22259,0.16054248809814453
,,,13,,,,,,,,,,,,,,,,,,,,,,,,,,,,,22269,0.0025668838061392307
,,,13,,,,,,,,,,,,,,,,,,,,,,,,,,,,,22279,2.3486204147338867
,,,13,,,,,,,,,,,,,,,,,,,,,,,,,,,,,22289,1.7918959856033325
,,,13,,,,,,,,,,,,,,,,,,,,,,,,,,,,,22299,0.1270199865102768
,,,13,,,,,,,,,,,,,,,,,,,,,,,,,,,,,22309,0.08387114852666855
,,,13,,,,,,,,,,,,,,,,,,,,,,,,,,,,,22319,0.025708265602588654
,,,13,,,,,,,,,,,,,,,,,,,,,,,,,,,,,22329,0.2822743356227875
,,,13,,,,,,,,,,,,,,,,,,,,,,,,,,,,,22339,0.35463643074035645
,,,13,,,,,,,,,,,,,,,,,,,,,,,,,,,,,22349,0.05171918123960495
,,,13,,,,,,,,,,,,,,,,,,,,,,,,,,,,,22359,0.0975106954574585
,,,13,,,,,,,,,,,,,,,,,,,,,,,,,,,,,22369,0.08147288113832474
,,,13,,,,,,,,,,,,,,,,,,,,,,,,,,,,,22379,0.01698668673634529
,,,13,,,,,,,,,,,,,,,,,,,,,,,,,,,,,22389,0.2187490314245224
,,,13,,,,,,,,,,,,,,,,,,,,,,,,,,,,,22399,0.11776580661535263
,,,13,,,,,,,,,,,,,,,,,,,,,,,,,,,,,22409,0.064684197306633
,,,13,,,,,,,,,,,,,,,,,,,,,,,,,,,,,22419,0.15209777653217316
,,,13,,,,,,,,,,,,,,,,,,,,,,,,,,,,,22429,0.0667680874466896
,,,13,,,,,,,,,,,,,,,,,,,,,,,,,,,,,22439,0.6752676963806152
,,,13,,,,,,,,,,,,,,,,,,,,,,,,,,,,,22449,0.32417699694633484
,,,13,,,,,,,,,,,,,,,,,,,,,,,,,,,,,22459,0.0216468907892704
,,,13,,,,,,,,,,,,,,,,,,,,,,,,,,,,,22469,0.07526016235351562
,,,13,,,,,,,,,,,,,,,,,,,,,,,,,,,,,22479,0.6328623294830322
,,,13,,,,,,,,,,,,,,,,,,,,,,,,,,,,,22489,0.18493293225765228
,,,13,,,,,,,,,,,,,,,,,,,,,,,,,,,,,22499,0.604036271572113
,,,13,,,,,,,,,,,,,,,,,,,,,,,,,,,,,22509,0.26825615763664246
,,,13,,,,,,,,,,,,,,,,,,,,,,,,,,,,,22519,0.14583729207515717
,,,13,,,,,,,,,,,,,,,,,,,,,,,,,,,,,22529,0.02745123580098152
,,,13,,,,,,,,,,,,,,,,,,,,,,,,,,,,,22539,0.050633080303668976
,,,13,,,,,,,,,,,,,,,,,,,,,,,,,,,,,22549,0.3846021294593811
,,,13,,,,,,,,,,,,,,,,,,,,,,,,,,,,,22559,0.05274631455540657
,,,13,,,,,,,,,,,,,,,,,,,,,,,,,,,,,22569,0.009412701241672039
,,,13,,,,,,,,,,,,,,,,,,,,,,,,,,,,,22579,0.406411737203598
,,,13,,,,,,,,,,,,,,,,,,,,,,,,,,,,,22589,0.16936849057674408
,,,13,,,,,,,,,,,,,,,,,,,,,,,,,,,,,22599,0.4415019452571869
,,,13,,,,,,,,,,,,,,,,,,,,,,,,,,,,,22609,1.5145024061203003
,,,13,,,,,,,,,,,,,,,,,,,,,,,,,,,,,22619,0.14280354976654053
,,,13,,,,,,,,,,,,,,,,,,,,,,,,,,,,,22629,0.05249467119574547
,,,13,,,,,,,,,,,,,,,,,,,,,,,,,,,,,22639,0.27133870124816895
,,,13,,,,,,,,,,,,,,,,,,,,,,,,,,,,,22649,0.3105716407299042
,,,13,,,,,,,,,,,,,,,,,,,,,,,,,,,,,22659,0.04001794382929802
,,,13,,,,,,,,,,,,,,,,,,,,,,,,,,,,,22669,0.23288598656654358
,,,13,,,,,,,,,,,,,,,,,,,,,,,,,,,,,22679,0.02114749327301979
,,,13,,,,,,,,,,,,,,,,,,,,,,,,,,,,,22689,0.1479581892490387
,,,13,,,,,,,,,,,,,,,,,,,,,,,,,,,,,22699,0.6686282157897949
,,,13,,,,,,,,,,,,,,,,,,,,,,,,,,,,,22709,0.14623020589351654
,,,13,,,,,,,,,,,,,,,,,,,,,,,,,,,,,22719,0.346293181180954
,,,13,,,,,,,,,,,,,,,,,,,,,,,,,,,,,22729,0.2153317928314209
,,,13,,,,,,,,,,,,,,,,,,,,,,,,,,,,,22739,0.6009684801101685
,,,13,,,,,,,,,,,,,,,,,,,,,,,,,,,,,22749,0.05661335214972496
,,,13,,,,,,,,,,,,,,,,,,,,,,,,,,,,,22759,0.03926520794630051
,,,13,,,,,,,,,,,,,,,,,,,,,,,,,,,,,22769,1.9352370500564575
,,,13,,,,,,,,,,,,,,,,,,,,,,,,,,,,,22779,0.10130643099546432
,,,13,,,,,,,,,,,,,,,,,,,,,,,,,,,,,22789,0.29878655076026917
,,,13,,,,,,,,,,,,,,,,,,,,,,,,,,,,,22799,0.36210644245147705
,,,13,,,,,,,,,,,,,,,,,,,,,,,,,,,,,22809,0.1468481570482254
,,,13,,,,,,,,,,,,,,,,,,,,,,,,,,,,,22819,0.16730742156505585
,,,13,,,,,,,,,,,,,,,,,,,,,,,,,,,,,22829,0.010151905007660389
,,,13,,,,,,,,,,,,,,,,,,,,,,,,,,,,,22839,0.03751412406563759
,,,13,,,,,,,,,,,,,,,,,,,,,,,,,,,,,22849,0.2500874102115631
,,,13,,,,,,,,,,,,,,,,,,,,,,,,,,,,,22859,0.35203754901885986
,,,13,,,,,,,,,,,,,,,,,,,,,,,,,,,,,22869,0.6354929804801941
,,,13,,,,,,,,,,,,,,,,,,,,,,,,,,,,,22879,0.2496938705444336
,,,13,,,,,,,,,,,,,,,,,,,,,,,,,,,,,22889,0.08155255019664764
,,,13,,,,,,,,,,,,,,,,,,,,,,,,,,,,,22899,0.024105602875351906
,,,13,,,,,,,,,,,,,,,,,,,,,,,,,,,,,22909,0.07311519235372543
,,,13,,,,,,,,,,,,,,,,,,,,,,,,,,,,,22919,0.18457093834877014
,,,13,,,,,,,,,,,,,,,,,,,,,,,,,,,,,22929,0.14585286378860474
,,,13,,,,,,,,,,,,,,,,,,,,,,,,,,,,,22939,0.2186809927225113
,,,13,,,,,,,,,,,,,,,,,,,,,,,,,,,,,22949,0.03146922588348389
,,,13,,,,,,,,,,,,,,,,,,,,,,,,,,,,,22959,0.09557008743286133
,,,13,,,,,,,,,,,,,,,,,,,,,,,,,,,,,22969,0.014236170798540115
,,,13,,,,,,,,,,,,,,,,,,,,,,,,,,,,,22979,0.14292877912521362
,,,13,,,,,,,,,,,,,,,,,,,,,,,,,,,,,22989,0.014676205813884735
,,,13,,,,,,,,,,,,,,,,,,,,,,,,,,,,,22999,0.19116948544979095
,,,13,,,,,,,,,,,,,,,,,,,,,,,,,,,,,23009,0.02568722702562809
,,,13,,,,,,,,,,,,,,,,,,,,,,,,,,,,,23019,0.02388676069676876
,,,13,,,,,,,,,,,,,,,,,,,,,,,,,,,,,23029,1.3017297983169556
,,,13,,,,,,,,,,,,,,,,,,,,,,,,,,,,,23039,0.06059415265917778
,,,13,,,,,,,,,,,,,,,,,,,,,,,,,,,,,23049,0.15986444056034088
,,,13,,,,,,,,,,,,,,,,,,,,,,,,,,,,,23059,0.4731003940105438
,,,13,,,,,,,,,,,,,,,,,,,,,,,,,,,,,23069,0.16072069108486176
,,,13,,,,,,,,,,,,,,,,,,,,,,,,,,,,,23079,0.04124180227518082
,,,13,,,,,,,,,,,,,,,,,,,,,,,,,,,,,23089,0.04762382432818413
,,,13,,,,,,,,,,,,,,,,,,,,,,,,,,,,,23099,0.015342777594923973
,,,13,,,,,,,,,,,,,,,,,,,,,,,,,,,,,23109,0.019610105082392693
,,,13,,,,,,,,,,,,,,,,,,,,,,,,,,,,,23119,0.18746434152126312
,,,13,,,,,,,,,,,,,,,,,,,,,,,,,,,,,23129,0.035724788904190063
,,,13,,,,,,,,,,,,,,,,,,,,,,,,,,,,,23139,0.22359415888786316
,,,13,,,,,,,,,,,,,,,,,,,,,,,,,,,,,23149,0.12172585725784302
,,,13,,,,,,,,,,,,,,,,,,,,,,,,,,,,,23159,0.1911865621805191
,,,13,,,,,,,,,,,,,,,,,,,,,,,,,,,,,23169,0.05785561725497246
,,,13,,,,,,,,,,,,,,,,,,,,,,,,,,,,,23179,0.6455402374267578
,,,13,,,,,,,,,,,,,,,,,,,,,,,,,,,,,23189,0.19983632862567902
,,,13,,,,,,,,,,,,,,,,,,,,,,,,,,,,,23199,0.43197906017303467
,,,13,,,,,,,,,,,,,,,,,,,,,,,,,,,,,23209,0.09077680110931396
,,,13,,,,,,,,,,,,,,,,,,,,,,,,,,,,,23219,0.22796133160591125
,,,13,,,,,,,,,,,,,,,,,,,,,,,,,,,,,23229,0.41682562232017517
,,,13,,,,,,,,,,,,,,,,,,,,,,,,,,,,,23239,0.09167268872261047
,,,13,,,,,,,,,,,,,,,,,,,,,,,,,,,,,23249,0.41851499676704407
,,,13,,,,,,,,,,,,,,,,,,,,,,,,,,,,,23259,0.37937062978744507
,,,,5.144852529658481e-07,2.882169408442831e-06,4.43410678221974e-06,4.43410678221974e-06,6.8217027418765215e-06,6.8217027418765215e-06,1.0494927295194649e-05,1.0494927295194649e-05,1.614604199260715e-05,1.614604199260715e-05,2.4840064604011e-05,5.144852529658481e-07,2.4840064604011e-05,3.821548400617077e-05,3.821548400617077e-05,5.87930523171858e-05,5.87930523171858e-05,9.045084971874738e-05,9.045084971874738e-05,9.045084971874738e-05,9.045084971874738e-05,7.915157737936124e-07,7.915157737936124e-07,1.2177165750670961e-06,1.2177165750670961e-06,1.87341011548784e-06,1.87341011548784e-06,2.882169408442831e-06,23268,
,,,14,,,,,,,,,,,,,,,,,,,,,,,,,,,,,23269,0.053299326449632645
,,,14,,,,,,,,,,,,,,,,,,,,,,,,,,,,,23279,0.0148630291223526
,,,14,,,,,,,,,,,,,,,,,,,,,,,,,,,,,23289,0.3648480176925659
,,,14,,,,,,,,,,,,,,,,,,,,,,,,,,,,,23299,0.394631564617157
,,,14,,,,,,,,,,,,,,,,,,,,,,,,,,,,,23309,0.03571278601884842
,,,14,,,,,,,,,,,,,,,,,,,,,,,,,,,,,23319,0.017817657440900803
,,,14,,,,,,,,,,,,,,,,,,,,,,,,,,,,,23329,0.897767961025238
,,,14,,,,,,,,,,,,,,,,,,,,,,,,,,,,,23339,0.061718523502349854
,,,14,,,,,,,,,,,,,,,,,,,,,,,,,,,,,23349,0.0944700762629509
,,,14,,,,,,,,,,,,,,,,,,,,,,,,,,,,,23359,0.15562355518341064
,,,14,,,,,,,,,,,,,,,,,,,,,,,,,,,,,23369,0.1019018366932869
,,,14,,,,,,,,,,,,,,,,,,,,,,,,,,,,,23379,0.12639881670475006
,,,14,,,,,,,,,,,,,,,,,,,,,,,,,,,,,23389,0.025557026267051697
,,,14,,,,,,,,,,,,,,,,,,,,,,,,,,,,,23399,0.029009301215410233
,,,14,,,,,,,,,,,,,,,,,,,,,,,,,,,,,23409,0.01535447221249342
,,,14,,,,,,,,,,,,,,,,,,,,,,,,,,,,,23419,0.03481585532426834
,,,14,,,,,,,,,,,,,,,,,,,,,,,,,,,,,23429,0.017489295452833176
,,,14,,,,,,,,,,,,,,,,,,,,,,,,,,,,,23439,0.01451848540455103
,,,14,,,,,,,,,,,,,,,,,,,,,,,,,,,,,23449,0.029536649584770203
,,,14,,,,,,,,,,,,,,,,,,,,,,,,,,,,,23459,0.6706284284591675
,,,14,,,,,,,,,,,,,,,,,,,,,,,,,,,,,23469,0.07926321029663086
,,,14,,,,,,,,,,,,,,,,,,,,,,,,,,,,,23479,0.15333901345729828
,,,14,,,,,,,,,,,,,,,,,,,,,,,,,,,,,23489,0.03471427783370018
,,,14,,,,,,,,,,,,,,,,,,,,,,,,,,,,,23499,0.39021408557891846
,,,14,,,,,,,,,,,,,,,,,,,,,,,,,,,,,23509,0.03681376948952675
,,,14,,,,,,,,,,,,,,,,,,,,,,,,,,,,,23519,0.3512268364429474
,,,14,,,,,,,,,,,,,,,,,,,,,,,,,,,,,23529,0.013614374212920666
,,,14,,,,,,,,,,,,,,,,,,,,,,,,,,,,,23539,0.03149862959980965
,,,14,,,,,,,,,,,,,,,,,,,,,,,,,,,,,23549,0.7865287065505981
,,,14,,,,,,,,,,,,,,,,,,,,,,,,,,,,,23559,0.03624839335680008
,,,14,,,,,,,,,,,,,,,,,,,,,,,,,,,,,23569,1.0142520666122437
,,,14,,,,,,,,,,,,,,,,,,,,,,,,,,,,,23579,0.2975316643714905
,,,14,,,,,,,,,,,,,,,,,,,,,,,,,,,,,23589,0.016978448256850243
,,,14,,,,,,,,,,,,,,,,,,,,,,,,,,,,,23599,0.1462182253599167
,,,14,,,,,,,,,,,,,,,,,,,,,,,,,,,,,23609,0.04270200431346893
,,,14,,,,,,,,,,,,,,,,,,,,,,,,,,,,,23619,0.016547631472349167
,,,14,,,,,,,,,,,,,,,,,,,,,,,,,,,,,23629,0.14213880896568298
,,,14,,,,,,,,,,,,,,,,,,,,,,,,,,,,,23639,0.10088738054037094
,,,14,,,,,,,,,,,,,,,,,,,,,,,,,,,,,23649,0.02074872888624668
,,,14,,,,,,,,,,,,,,,,,,,,,,,,,,,,,23659,0.0861230120062828
,,,14,,,,,,,,,,,,,,,,,,,,,,,,,,,,,23669,0.3190962076187134
,,,14,,,,,,,,,,,,,,,,,,,,,,,,,,,,,23679,0.23600460588932037
,,,14,,,,,,,,,,,,,,,,,,,,,,,,,,,,,23689,0.09916926920413971
,,,14,,,,,,,,,,,,,,,,,,,,,,,,,,,,,23699,0.1074841320514679
,,,14,,,,,,,,,,,,,,,,,,,,,,,,,,,,,23709,0.020712124183773994
,,,14,,,,,,,,,,,,,,,,,,,,,,,,,,,,,23719,0.03415682166814804
,,,14,,,,,,,,,,,,,,,,,,,,,,,,,,,,,23729,0.9181683659553528
,,,14,,,,,,,,,,,,,,,,,,,,,,,,,,,,,23739,0.018900327384471893
,,,14,,,,,,,,,,,,,,,,,,,,,,,,,,,,,23749,1.2383729219436646
,,,14,,,,,,,,,,,,,,,,,,,,,,,,,,,,,23759,0.1032661646604538
,,,14,,,,,,,,,,,,,,,,,,,,,,,,,,,,,23769,0.8885560035705566
,,,14,,,,,,,,,,,,,,,,,,,,,,,,,,,,,23779,0.692761242389679
,,,14,,,,,,,,,,,,,,,,,,,,,,,,,,,,,23789,0.4072034955024719
,,,14,,,,,,,,,,,,,,,,,,,,,,,,,,,,,23799,0.1387704461812973
,,,14,,,,,,,,,,,,,,,,,,,,,,,,,,,,,23809,0.11891797930002213
,,,14,,,,,,,,,,,,,,,,,,,,,,,,,,,,,23819,0.5280095338821411
,,,14,,,,,,,,,,,,,,,,,,,,,,,,,,,,,23829,0.09722687304019928
,,,14,,,,,,,,,,,,,,,,,,,,,,,,,,,,,23839,0.9242365956306458
,,,14,,,,,,,,,,,,,,,,,,,,,,,,,,,,,23849,0.08244753628969193
,,,14,,,,,,,,,,,,,,,,,,,,,,,,,,,,,23859,0.08036845922470093
,,,14,,,,,,,,,,,,,,,,,,,,,,,,,,,,,23869,0.3857783377170563
,,,14,,,,,,,,,,,,,,,,,,,,,,,,,,,,,23879,0.058679111301898956
,,,14,,,,,,,,,,,,,,,,,,,,,,,,,,,,,23889,1.1247891187667847
,,,14,,,,,,,,,,,,,,,,,,,,,,,,,,,,,23899,0.4088248312473297
,,,14,,,,,,,,,,,,,,,,,,,,,,,,,,,,,23909,0.006879647262394428
,,,14,,,,,,,,,,,,,,,,,,,,,,,,,,,,,23919,0.004554951097816229
,,,14,,,,,,,,,,,,,,,,,,,,,,,,,,,,,23929,0.3525848984718323
,,,14,,,,,,,,,,,,,,,,,,,,,,,,,,,,,23939,0.1188422217965126
,,,14,,,,,,,,,,,,,,,,,,,,,,,,,,,,,23949,0.019839242100715637
,,,14,,,,,,,,,,,,,,,,,,,,,,,,,,,,,23959,0.007351384032517672
,,,14,,,,,,,,,,,,,,,,,,,,,,,,,,,,,23969,0.30344468355178833
,,,14,,,,,,,,,,,,,,,,,,,,,,,,,,,,,23979,0.010444186627864838
,,,14,,,,,,,,,,,,,,,,,,,,,,,,,,,,,23989,0.09011052548885345
,,,14,,,,,,,,,,,,,,,,,,,,,,,,,,,,,23999,0.5014742612838745
,,,14,,,,,,,,,,,,,,,,,,,,,,,,,,,,,24009,0.2383779138326645
,,,14,,,,,,,,,,,,,,,,,,,,,,,,,,,,,24019,0.0038232808001339436
,,,14,,,,,,,,,,,,,,,,,,,,,,,,,,,,,24029,0.04392118379473686
,,,14,,,,,,,,,,,,,,,,,,,,,,,,,,,,,24039,0.0876326709985733
,,,14,,,,,,,,,,,,,,,,,,,,,,,,,,,,,24049,0.05391140654683113
,,,14,,,,,,,,,,,,,,,,,,,,,,,,,,,,,24059,0.06691693514585495
,,,14,,,,,,,,,,,,,,,,,,,,,,,,,,,,,24069,0.20841467380523682
,,,14,,,,,,,,,,,,,,,,,,,,,,,,,,,,,24079,0.02674473449587822
,,,14,,,,,,,,,,,,,,,,,,,,,,,,,,,,,24089,0.013234294019639492
,,,14,,,,,,,,,,,,,,,,,,,,,,,,,,,,,24099,0.4321196675300598
,,,14,,,,,,,,,,,,,,,,,,,,,,,,,,,,,24109,0.3245914876461029
,,,14,,,,,,,,,,,,,,,,,,,,,,,,,,,,,24119,0.25341933965682983
,,,14,,,,,,,,,,,,,,,,,,,,,,,,,,,,,24129,0.0775710865855217
,,,14,,,,,,,,,,,,,,,,,,,,,,,,,,,,,24139,0.4990788996219635
,,,14,,,,,,,,,,,,,,,,,,,,,,,,,,,,,24149,0.1680629700422287
,,,14,,,,,,,,,,,,,,,,,,,,,,,,,,,,,24159,0.11379124224185944
,,,14,,,,,,,,,,,,,,,,,,,,,,,,,,,,,24169,0.3453441262245178
,,,14,,,,,,,,,,,,,,,,,,,,,,,,,,,,,24179,0.03423260897397995
,,,14,,,,,,,,,,,,,,,,,,,,,,,,,,,,,24189,0.38712698221206665
,,,14,,,,,,,,,,,,,,,,,,,,,,,,,,,,,24199,0.0217141043394804
,,,14,,,,,,,,,,,,,,,,,,,,,,,,,,,,,24209,0.06385688483715057
,,,14,,,,,,,,,,,,,,,,,,,,,,,,,,,,,24219,0.047736577689647675
,,,14,,,,,,,,,,,,,,,,,,,,,,,,,,,,,24229,0.09957343339920044
,,,14,,,,,,,,,,,,,,,,,,,,,,,,,,,,,24239,0.04445996508002281
,,,14,,,,,,,,,,,,,,,,,,,,,,,,,,,,,24249,0.07698092609643936
,,,14,,,,,,,,,,,,,,,,,,,,,,,,,,,,,24259,0.6359677314758301
,,,14,,,,,,,,,,,,,,,,,,,,,,,,,,,,,24269,0.14549627900123596
,,,14,,,,,,,,,,,,,,,,,,,,,,,,,,,,,24279,0.012438153848052025
,,,14,,,,,,,,,,,,,,,,,,,,,,,,,,,,,24289,0.04648025706410408
,,,14,,,,,,,,,,,,,,,,,,,,,,,,,,,,,24299,0.018526818603277206
,,,14,,,,,,,,,,,,,,,,,,,,,,,,,,,,,24309,0.3239341974258423
,,,14,,,,,,,,,,,,,,,,,,,,,,,,,,,,,24319,0.08949849754571915
,,,14,,,,,,,,,,,,,,,,,,,,,,,,,,,,,24329,0.7016414403915405
,,,14,,,,,,,,,,,,,,,,,,,,,,,,,,,,,24339,0.11899380385875702
,,,14,,,,,,,,,,,,,,,,,,,,,,,,,,,,,24349,0.5129196047782898
,,,14,,,,,,,,,,,,,,,,,,,,,,,,,,,,,24359,0.01092005055397749
,,,14,,,,,,,,,,,,,,,,,,,,,,,,,,,,,24369,0.15845906734466553
,,,14,,,,,,,,,,,,,,,,,,,,,,,,,,,,,24379,0.537472128868103
,,,14,,,,,,,,,,,,,,,,,,,,,,,,,,,,,24389,0.4536501467227936
,,,14,,,,,,,,,,,,,,,,,,,,,,,,,,,,,24399,0.062178902328014374
,,,14,,,,,,,,,,,,,,,,,,,,,,,,,,,,,24409,0.01886148564517498
,,,14,,,,,,,,,,,,,,,,,,,,,,,,,,,,,24419,0.09013975411653519
,,,14,,,,,,,,,,,,,,,,,,,,,,,,,,,,,24429,0.054825931787490845
,,,14,,,,,,,,,,,,,,,,,,,,,,,,,,,,,24439,0.006618053652346134
,,,14,,,,,,,,,,,,,,,,,,,,,,,,,,,,,24449,0.006231932435184717
,,,14,,,,,,,,,,,,,,,,,,,,,,,,,,,,,24459,0.018225833773612976
,,,14,,,,,,,,,,,,,,,,,,,,,,,,,,,,,24469,0.035547446459531784
,,,14,,,,,,,,,,,,,,,,,,,,,,,,,,,,,24479,0.3027859926223755
,,,14,,,,,,,,,,,,,,,,,,,,,,,,,,,,,24489,0.03152905032038689
,,,14,,,,,,,,,,,,,,,,,,,,,,,,,,,,,24499,0.12070249021053314
,,,14,,,,,,,,,,,,,,,,,,,,,,,,,,,,,24509,0.18896269798278809
,,,14,,,,,,,,,,,,,,,,,,,,,,,,,,,,,24519,0.0635318011045456
,,,14,,,,,,,,,,,,,,,,,,,,,,,,,,,,,24529,0.08899810165166855
,,,14,,,,,,,,,,,,,,,,,,,,,,,,,,,,,24539,0.02525695227086544
,,,14,,,,,,,,,,,,,,,,,,,,,,,,,,,,,24549,0.30807971954345703
,,,14,,,,,,,,,,,,,,,,,,,,,,,,,,,,,24559,0.003508342197164893
,,,14,,,,,,,,,,,,,,,,,,,,,,,,,,,,,24569,0.17372289299964905
,,,14,,,,,,,,,,,,,,,,,,,,,,,,,,,,,24579,0.7374905943870544
,,,14,,,,,,,,,,,,,,,,,,,,,,,,,,,,,24589,0.163434237241745
,,,14,,,,,,,,,,,,,,,,,,,,,,,,,,,,,24599,0.3299228549003601
,,,14,,,,,,,,,,,,,,,,,,,,,,,,,,,,,24609,0.6327890753746033
,,,14,,,,,,,,,,,,,,,,,,,,,,,,,,,,,24619,0.05295414477586746
,,,14,,,,,,,,,,,,,,,,,,,,,,,,,,,,,24629,0.026169100776314735
,,,14,,,,,,,,,,,,,,,,,,,,,,,,,,,,,24639,1.8618760108947754
,,,14,,,,,,,,,,,,,,,,,,,,,,,,,,,,,24649,0.15123312175273895
,,,14,,,,,,,,,,,,,,,,,,,,,,,,,,,,,24659,0.26976341009140015
,,,14,,,,,,,,,,,,,,,,,,,,,,,,,,,,,24669,0.5087022185325623
,,,14,,,,,,,,,,,,,,,,,,,,,,,,,,,,,24679,0.4379987120628357
,,,14,,,,,,,,,,,,,,,,,,,,,,,,,,,,,24689,0.7326377034187317
,,,14,,,,,,,,,,,,,,,,,,,,,,,,,,,,,24699,0.6621211767196655
,,,14,,,,,,,,,,,,,,,,,,,,,,,,,,,,,24709,0.29387223720550537
,,,14,,,,,,,,,,,,,,,,,,,,,,,,,,,,,24719,0.41684263944625854
,,,14,,,,,,,,,,,,,,,,,,,,,,,,,,,,,24729,0.13423113524913788
,,,14,,,,,,,,,,,,,,,,,,,,,,,,,,,,,24739,0.014763644896447659
,,,14,,,,,,,,,,,,,,,,,,,,,,,,,,,,,24749,0.3008666932582855
,,,14,,,,,,,,,,,,,,,,,,,,,,,,,,,,,24759,0.40644922852516174
,,,14,,,,,,,,,,,,,,,,,,,,,,,,,,,,,24769,0.06090300902724266
,,,14,,,,,,,,,,,,,,,,,,,,,,,,,,,,,24779,0.10942274332046509
,,,14,,,,,,,,,,,,,,,,,,,,,,,,,,,,,24789,0.28353559970855713
,,,14,,,,,,,,,,,,,,,,,,,,,,,,,,,,,24799,0.014505242928862572
,,,14,,,,,,,,,,,,,,,,,,,,,,,,,,,,,24809,0.28453579545021057
,,,14,,,,,,,,,,,,,,,,,,,,,,,,,,,,,24819,0.03647436574101448
,,,14,,,,,,,,,,,,,,,,,,,,,,,,,,,,,24829,0.13020606338977814
,,,14,,,,,,,,,,,,,,,,,,,,,,,,,,,,,24839,0.008707903325557709
,,,14,,,,,,,,,,,,,,,,,,,,,,,,,,,,,24849,0.011648277752101421
,,,14,,,,,,,,,,,,,,,,,,,,,,,,,,,,,24859,0.305778443813324
,,,14,,,,,,,,,,,,,,,,,,,,,,,,,,,,,24869,0.5447501540184021
,,,14,,,,,,,,,,,,,,,,,,,,,,,,,,,,,24879,0.03344683721661568
,,,14,,,,,,,,,,,,,,,,,,,,,,,,,,,,,24889,0.6455780863761902
,,,14,,,,,,,,,,,,,,,,,,,,,,,,,,,,,24899,0.43426382541656494
,,,14,,,,,,,,,,,,,,,,,,,,,,,,,,,,,24909,0.11572615057229996
,,,14,,,,,,,,,,,,,,,,,,,,,,,,,,,,,24919,0.011417283676564693
,,,14,,,,,,,,,,,,,,,,,,,,,,,,,,,,,24929,0.04493071138858795
0.8501945734024048,0.8551859259605408,0.8452610969543457,14,,,,,,,,,,,,,,,,,,,,,,,,,,,,,24929,
,,,,5.022638399154116e-07,2.813704505670875e-06,4.328776162570576e-06,4.328776162570576e-06,6.659655634723963e-06,6.659655634723963e-06,1.0245624053421482e-05,1.0245624053421482e-05,1.5762498543725355e-05,1.5762498543725355e-05,2.4249997759577468e-05,5.022638399154116e-07,2.4249997759577468e-05,3.730768886088841e-05,3.730768886088841e-05,5.739644440136679e-05,5.739644440136679e-05,8.83022221559489e-05,8.83022221559489e-05,8.83022221559489e-05,8.83022221559489e-05,7.72713599869864e-07,7.72713599869864e-07,1.1887901536459447e-06,1.1887901536459447e-06,1.8289079286860687e-06,1.8289079286860687e-06,2.813704505670875e-06,24930,
,,,15,,,,,,,,,,,,,,,,,,,,,,,,,,,,,24939,0.011152937076985836
,,,15,,,,,,,,,,,,,,,,,,,,,,,,,,,,,24949,0.02369987964630127
,,,15,,,,,,,,,,,,,,,,,,,,,,,,,,,,,24959,0.06252038478851318
,,,15,,,,,,,,,,,,,,,,,,,,,,,,,,,,,24969,0.8756076097488403
,,,15,,,,,,,,,,,,,,,,,,,,,,,,,,,,,24979,0.11452063173055649
,,,15,,,,,,,,,,,,,,,,,,,,,,,,,,,,,24989,0.11464224755764008
,,,15,,,,,,,,,,,,,,,,,,,,,,,,,,,,,24999,0.4988619089126587
,,,15,,,,,,,,,,,,,,,,,,,,,,,,,,,,,25009,0.4694541394710541
,,,15,,,,,,,,,,,,,,,,,,,,,,,,,,,,,25019,0.01590864174067974
,,,15,,,,,,,,,,,,,,,,,,,,,,,,,,,,,25029,0.21602359414100647
,,,15,,,,,,,,,,,,,,,,,,,,,,,,,,,,,25039,0.5460989475250244
,,,15,,,,,,,,,,,,,,,,,,,,,,,,,,,,,25049,0.2635773718357086
,,,15,,,,,,,,,,,,,,,,,,,,,,,,,,,,,25059,0.07491195946931839
,,,15,,,,,,,,,,,,,,,,,,,,,,,,,,,,,25069,0.0869644284248352
,,,15,,,,,,,,,,,,,,,,,,,,,,,,,,,,,25079,0.27143657207489014
,,,15,,,,,,,,,,,,,,,,,,,,,,,,,,,,,25089,0.20746994018554688
,,,15,,,,,,,,,,,,,,,,,,,,,,,,,,,,,25099,0.16596530377864838
,,,15,,,,,,,,,,,,,,,,,,,,,,,,,,,,,25109,0.1842457354068756
,,,15,,,,,,,,,,,,,,,,,,,,,,,,,,,,,25119,0.016245653852820396
,,,15,,,,,,,,,,,,,,,,,,,,,,,,,,,,,25129,0.02436685562133789
,,,15,,,,,,,,,,,,,,,,,,,,,,,,,,,,,25139,0.21283045411109924
,,,15,,,,,,,,,,,,,,,,,,,,,,,,,,,,,25149,0.8425336480140686
,,,15,,,,,,,,,,,,,,,,,,,,,,,,,,,,,25159,0.3891447186470032
,,,15,,,,,,,,,,,,,,,,,,,,,,,,,,,,,25169,0.3802787661552429
,,,15,,,,,,,,,,,,,,,,,,,,,,,,,,,,,25179,0.15835262835025787
,,,15,,,,,,,,,,,,,,,,,,,,,,,,,,,,,25189,0.10360272973775864
,,,15,,,,,,,,,,,,,,,,,,,,,,,,,,,,,25199,0.009073075838387012
,,,15,,,,,,,,,,,,,,,,,,,,,,,,,,,,,25209,0.04000649228692055
,,,15,,,,,,,,,,,,,,,,,,,,,,,,,,,,,25219,0.24924717843532562
,,,15,,,,,,,,,,,,,,,,,,,,,,,,,,,,,25229,1.6431694030761719
,,,15,,,,,,,,,,,,,,,,,,,,,,,,,,,,,25239,0.019961874932050705
,,,15,,,,,,,,,,,,,,,,,,,,,,,,,,,,,25249,0.011784952133893967
,,,15,,,,,,,,,,,,,,,,,,,,,,,,,,,,,25259,0.11034929007291794
,,,15,,,,,,,,,,,,,,,,,,,,,,,,,,,,,25269,0.1400645673274994
,,,15,,,,,,,,,,,,,,,,,,,,,,,,,,,,,25279,0.43732738494873047
,,,15,,,,,,,,,,,,,,,,,,,,,,,,,,,,,25289,0.4025062918663025
,,,15,,,,,,,,,,,,,,,,,,,,,,,,,,,,,25299,0.0824192464351654
,,,15,,,,,,,,,,,,,,,,,,,,,,,,,,,,,25309,0.2669762372970581
,,,15,,,,,,,,,,,,,,,,,,,,,,,,,,,,,25319,0.11234794557094574
,,,15,,,,,,,,,,,,,,,,,,,,,,,,,,,,,25329,0.615485668182373
,,,15,,,,,,,,,,,,,,,,,,,,,,,,,,,,,25339,0.24945610761642456
,,,15,,,,,,,,,,,,,,,,,,,,,,,,,,,,,25349,0.13396784663200378
,,,15,,,,,,,,,,,,,,,,,,,,,,,,,,,,,25359,0.08281104266643524
,,,15,,,,,,,,,,,,,,,,,,,,,,,,,,,,,25369,0.6423189043998718
,,,15,,,,,,,,,,,,,,,,,,,,,,,,,,,,,25379,0.03426416218280792
,,,15,,,,,,,,,,,,,,,,,,,,,,,,,,,,,25389,0.3851158320903778
,,,15,,,,,,,,,,,,,,,,,,,,,,,,,,,,,25399,0.0024949670769274235
,,,15,,,,,,,,,,,,,,,,,,,,,,,,,,,,,25409,0.2478751838207245
,,,15,,,,,,,,,,,,,,,,,,,,,,,,,,,,,25419,0.04214096441864967
,,,15,,,,,,,,,,,,,,,,,,,,,,,,,,,,,25429,0.31512051820755005
,,,15,,,,,,,,,,,,,,,,,,,,,,,,,,,,,25439,0.009549262002110481
,,,15,,,,,,,,,,,,,,,,,,,,,,,,,,,,,25449,0.02244253270328045
,,,15,,,,,,,,,,,,,,,,,,,,,,,,,,,,,25459,0.06269864737987518
,,,15,,,,,,,,,,,,,,,,,,,,,,,,,,,,,25469,0.036630988121032715
,,,15,,,,,,,,,,,,,,,,,,,,,,,,,,,,,25479,0.14539065957069397
,,,15,,,,,,,,,,,,,,,,,,,,,,,,,,,,,25489,0.012571634724736214
,,,15,,,,,,,,,,,,,,,,,,,,,,,,,,,,,25499,0.012974375858902931
,,,15,,,,,,,,,,,,,,,,,,,,,,,,,,,,,25509,0.06408107280731201
,,,15,,,,,,,,,,,,,,,,,,,,,,,,,,,,,25519,0.6969724297523499
,,,15,,,,,,,,,,,,,,,,,,,,,,,,,,,,,25529,0.6440455913543701
,,,15,,,,,,,,,,,,,,,,,,,,,,,,,,,,,25539,0.07971183210611343
,,,15,,,,,,,,,,,,,,,,,,,,,,,,,,,,,25549,1.5308526754379272
,,,15,,,,,,,,,,,,,,,,,,,,,,,,,,,,,25559,0.05243756249547005
,,,15,,,,,,,,,,,,,,,,,,,,,,,,,,,,,25569,0.0058876825496554375
,,,15,,,,,,,,,,,,,,,,,,,,,,,,,,,,,25579,0.19341181218624115
,,,15,,,,,,,,,,,,,,,,,,,,,,,,,,,,,25589,0.15465950965881348
,,,15,,,,,,,,,,,,,,,,,,,,,,,,,,,,,25599,0.4603590965270996
,,,15,,,,,,,,,,,,,,,,,,,,,,,,,,,,,25609,0.08953036367893219
,,,15,,,,,,,,,,,,,,,,,,,,,,,,,,,,,25619,0.34539714455604553
,,,15,,,,,,,,,,,,,,,,,,,,,,,,,,,,,25629,0.018764961510896683
,,,15,,,,,,,,,,,,,,,,,,,,,,,,,,,,,25639,0.03475792706012726
,,,15,,,,,,,,,,,,,,,,,,,,,,,,,,,,,25649,0.06638970971107483
,,,15,,,,,,,,,,,,,,,,,,,,,,,,,,,,,25659,0.01671706698834896
,,,15,,,,,,,,,,,,,,,,,,,,,,,,,,,,,25669,0.02071070857346058
,,,15,,,,,,,,,,,,,,,,,,,,,,,,,,,,,25679,0.024122871458530426
,,,15,,,,,,,,,,,,,,,,,,,,,,,,,,,,,25689,0.4787638485431671
,,,15,,,,,,,,,,,,,,,,,,,,,,,,,,,,,25699,0.2304394245147705
,,,15,,,,,,,,,,,,,,,,,,,,,,,,,,,,,25709,1.0411481857299805
,,,15,,,,,,,,,,,,,,,,,,,,,,,,,,,,,25719,0.30786389112472534
,,,15,,,,,,,,,,,,,,,,,,,,,,,,,,,,,25729,0.004380174446851015
,,,15,,,,,,,,,,,,,,,,,,,,,,,,,,,,,25739,0.11942277103662491
,,,15,,,,,,,,,,,,,,,,,,,,,,,,,,,,,25749,0.027678949758410454
,,,15,,,,,,,,,,,,,,,,,,,,,,,,,,,,,25759,0.1323554813861847
,,,15,,,,,,,,,,,,,,,,,,,,,,,,,,,,,25769,0.1669405847787857
,,,15,,,,,,,,,,,,,,,,,,,,,,,,,,,,,25779,0.2824781537055969
,,,15,,,,,,,,,,,,,,,,,,,,,,,,,,,,,25789,0.5332459211349487
,,,15,,,,,,,,,,,,,,,,,,,,,,,,,,,,,25799,0.8902146220207214
,,,15,,,,,,,,,,,,,,,,,,,,,,,,,,,,,25809,0.008017651736736298
,,,15,,,,,,,,,,,,,,,,,,,,,,,,,,,,,25819,0.02171655371785164
,,,15,,,,,,,,,,,,,,,,,,,,,,,,,,,,,25829,0.002347961300984025
,,,15,,,,,,,,,,,,,,,,,,,,,,,,,,,,,25839,0.15035971999168396
,,,15,,,,,,,,,,,,,,,,,,,,,,,,,,,,,25849,0.062247566878795624
,,,15,,,,,,,,,,,,,,,,,,,,,,,,,,,,,25859,0.3158418536186218
,,,15,,,,,,,,,,,,,,,,,,,,,,,,,,,,,25869,0.10115952789783478
,,,15,,,,,,,,,,,,,,,,,,,,,,,,,,,,,25879,0.03926397114992142
,,,15,,,,,,,,,,,,,,,,,,,,,,,,,,,,,25889,0.24067385494709015
,,,15,,,,,,,,,,,,,,,,,,,,,,,,,,,,,25899,0.029609663411974907
,,,15,,,,,,,,,,,,,,,,,,,,,,,,,,,,,25909,0.05516594648361206
,,,15,,,,,,,,,,,,,,,,,,,,,,,,,,,,,25919,0.09738289564847946
,,,15,,,,,,,,,,,,,,,,,,,,,,,,,,,,,25929,0.002307792194187641
,,,15,,,,,,,,,,,,,,,,,,,,,,,,,,,,,25939,0.07439661771059036
,,,15,,,,,,,,,,,,,,,,,,,,,,,,,,,,,25949,0.5438222885131836
,,,15,,,,,,,,,,,,,,,,,,,,,,,,,,,,,25959,0.43990811705589294
,,,15,,,,,,,,,,,,,,,,,,,,,,,,,,,,,25969,0.007505312561988831
,,,15,,,,,,,,,,,,,,,,,,,,,,,,,,,,,25979,0.14257463812828064
,,,15,,,,,,,,,,,,,,,,,,,,,,,,,,,,,25989,0.47067639231681824
,,,15,,,,,,,,,,,,,,,,,,,,,,,,,,,,,25999,0.12443116307258606
,,,15,,,,,,,,,,,,,,,,,,,,,,,,,,,,,26009,0.00537544721737504
,,,15,,,,,,,,,,,,,,,,,,,,,,,,,,,,,26019,0.5461535453796387
,,,15,,,,,,,,,,,,,,,,,,,,,,,,,,,,,26029,0.07003744691610336
,,,15,,,,,,,,,,,,,,,,,,,,,,,,,,,,,26039,0.8295606970787048
,,,15,,,,,,,,,,,,,,,,,,,,,,,,,,,,,26049,0.11912374198436737
,,,15,,,,,,,,,,,,,,,,,,,,,,,,,,,,,26059,0.03763068467378616
,,,15,,,,,,,,,,,,,,,,,,,,,,,,,,,,,26069,0.20065581798553467
,,,15,,,,,,,,,,,,,,,,,,,,,,,,,,,,,26079,0.04440426826477051
,,,15,,,,,,,,,,,,,,,,,,,,,,,,,,,,,26089,0.3150014877319336
,,,15,,,,,,,,,,,,,,,,,,,,,,,,,,,,,26099,0.16735045611858368
,,,15,,,,,,,,,,,,,,,,,,,,,,,,,,,,,26109,0.22729706764221191
,,,15,,,,,,,,,,,,,,,,,,,,,,,,,,,,,26119,0.025054864585399628
,,,15,,,,,,,,,,,,,,,,,,,,,,,,,,,,,26129,0.15794676542282104
,,,15,,,,,,,,,,,,,,,,,,,,,,,,,,,,,26139,0.028968030586838722
,,,15,,,,,,,,,,,,,,,,,,,,,,,,,,,,,26149,0.13190950453281403
,,,15,,,,,,,,,,,,,,,,,,,,,,,,,,,,,26159,0.046161387115716934
,,,15,,,,,,,,,,,,,,,,,,,,,,,,,,,,,26169,0.005963912233710289
,,,15,,,,,,,,,,,,,,,,,,,,,,,,,,,,,26179,0.014250686392188072
,,,15,,,,,,,,,,,,,,,,,,,,,,,,,,,,,26189,0.7802566885948181
,,,15,,,,,,,,,,,,,,,,,,,,,,,,,,,,,26199,0.2775427997112274
,,,15,,,,,,,,,,,,,,,,,,,,,,,,,,,,,26209,0.16151143610477448
,,,15,,,,,,,,,,,,,,,,,,,,,,,,,,,,,26219,0.5973791480064392
,,,15,,,,,,,,,,,,,,,,,,,,,,,,,,,,,26229,0.4537087380886078
,,,15,,,,,,,,,,,,,,,,,,,,,,,,,,,,,26239,0.03156903013586998
,,,15,,,,,,,,,,,,,,,,,,,,,,,,,,,,,26249,0.06740974634885788
,,,15,,,,,,,,,,,,,,,,,,,,,,,,,,,,,26259,0.002262604422867298
,,,15,,,,,,,,,,,,,,,,,,,,,,,,,,,,,26269,0.2975001335144043
,,,15,,,,,,,,,,,,,,,,,,,,,,,,,,,,,26279,0.35739925503730774
,,,15,,,,,,,,,,,,,,,,,,,,,,,,,,,,,26289,0.004294437821954489
,,,15,,,,,,,,,,,,,,,,,,,,,,,,,,,,,26299,0.011450042948126793
,,,15,,,,,,,,,,,,,,,,,,,,,,,,,,,,,26309,0.5022851824760437
,,,15,,,,,,,,,,,,,,,,,,,,,,,,,,,,,26319,0.1978491097688675
,,,15,,,,,,,,,,,,,,,,,,,,,,,,,,,,,26329,0.07055284827947617
,,,15,,,,,,,,,,,,,,,,,,,,,,,,,,,,,26339,0.029093988239765167
,,,15,,,,,,,,,,,,,,,,,,,,,,,,,,,,,26349,0.08034197986125946
,,,15,,,,,,,,,,,,,,,,,,,,,,,,,,,,,26359,0.31512880325317383
,,,15,,,,,,,,,,,,,,,,,,,,,,,,,,,,,26369,0.004726125858724117
,,,15,,,,,,,,,,,,,,,,,,,,,,,,,,,,,26379,0.04660215601325035
,,,15,,,,,,,,,,,,,,,,,,,,,,,,,,,,,26389,0.03746285289525986
,,,15,,,,,,,,,,,,,,,,,,,,,,,,,,,,,26399,0.14969201385974884
,,,15,,,,,,,,,,,,,,,,,,,,,,,,,,,,,26409,0.09426134079694748
,,,15,,,,,,,,,,,,,,,,,,,,,,,,,,,,,26419,0.12978261709213257
,,,15,,,,,,,,,,,,,,,,,,,,,,,,,,,,,26429,0.12568648159503937
,,,15,,,,,,,,,,,,,,,,,,,,,,,,,,,,,26439,0.015693629160523415
,,,15,,,,,,,,,,,,,,,,,,,,,,,,,,,,,26449,0.1207980215549469
,,,15,,,,,,,,,,,,,,,,,,,,,,,,,,,,,26459,0.026555806398391724
,,,15,,,,,,,,,,,,,,,,,,,,,,,,,,,,,26469,0.06306975334882736
,,,15,,,,,,,,,,,,,,,,,,,,,,,,,,,,,26479,0.07103220373392105
,,,15,,,,,,,,,,,,,,,,,,,,,,,,,,,,,26489,0.003913323860615492
,,,15,,,,,,,,,,,,,,,,,,,,,,,,,,,,,26499,0.06826797872781754
,,,15,,,,,,,,,,,,,,,,,,,,,,,,,,,,,26509,0.13073062896728516
,,,15,,,,,,,,,,,,,,,,,,,,,,,,,,,,,26519,0.2230725884437561
,,,15,,,,,,,,,,,,,,,,,,,,,,,,,,,,,26529,0.13472694158554077
,,,15,,,,,,,,,,,,,,,,,,,,,,,,,,,,,26539,0.15001869201660156
,,,15,,,,,,,,,,,,,,,,,,,,,,,,,,,,,26549,0.018840469419956207
,,,15,,,,,,,,,,,,,,,,,,,,,,,,,,,,,26559,0.17199844121932983
,,,15,,,,,,,,,,,,,,,,,,,,,,,,,,,,,26569,0.18137679994106293
,,,15,,,,,,,,,,,,,,,,,,,,,,,,,,,,,26579,0.005250800400972366
,,,15,,,,,,,,,,,,,,,,,,,,,,,,,,,,,26589,0.06836191564798355
,,,,4.88981018344231e-07,2.739293544871571e-06,4.2142977613408785e-06,4.2142977613408785e-06,6.4835350174475046e-06,6.4835350174475046e-06,9.974669257611545e-06,9.974669257611545e-06,1.534564501171007e-05,1.534564501171007e-05,2.3608684633400107e-05,4.88981018344231e-07,2.3608684633400107e-05,3.6321053282154005e-05,3.6321053282154005e-05,5.587854351100617e-05,5.587854351100617e-05,8.596699001693255e-05,8.596699001693255e-05,8.596699001693255e-05,8.596699001693255e-05,7.522784897603552e-07,7.522784897603552e-07,1.1573515227082388e-06,1.1573515227082388e-06,1.7805408041665213e-06,1.7805408041665213e-06,2.739293544871571e-06,26592,
,,,16,,,,,,,,,,,,,,,,,,,,,,,,,,,,,26599,0.0037110038101673126
,,,16,,,,,,,,,,,,,,,,,,,,,,,,,,,,,26609,0.048297636210918427
,,,16,,,,,,,,,,,,,,,,,,,,,,,,,,,,,26619,0.011045052669942379
,,,16,,,,,,,,,,,,,,,,,,,,,,,,,,,,,26629,0.007927964441478252
,,,16,,,,,,,,,,,,,,,,,,,,,,,,,,,,,26639,0.18417318165302277
,,,16,,,,,,,,,,,,,,,,,,,,,,,,,,,,,26649,1.1482661962509155
,,,16,,,,,,,,,,,,,,,,,,,,,,,,,,,,,26659,1.388848066329956
,,,16,,,,,,,,,,,,,,,,,,,,,,,,,,,,,26669,0.04553765431046486
,,,16,,,,,,,,,,,,,,,,,,,,,,,,,,,,,26679,0.023274224251508713
,,,16,,,,,,,,,,,,,,,,,,,,,,,,,,,,,26689,0.15111292898654938
,,,16,,,,,,,,,,,,,,,,,,,,,,,,,,,,,26699,0.43897581100463867
,,,16,,,,,,,,,,,,,,,,,,,,,,,,,,,,,26709,0.11083462089300156
,,,16,,,,,,,,,,,,,,,,,,,,,,,,,,,,,26719,0.01842311955988407
,,,16,,,,,,,,,,,,,,,,,,,,,,,,,,,,,26729,0.294771671295166
,,,16,,,,,,,,,,,,,,,,,,,,,,,,,,,,,26739,0.011227480135858059
,,,16,,,,,,,,,,,,,,,,,,,,,,,,,,,,,26749,0.013376451097428799
,,,16,,,,,,,,,,,,,,,,,,,,,,,,,,,,,26759,0.13309237360954285
,,,16,,,,,,,,,,,,,,,,,,,,,,,,,,,,,26769,0.011930378153920174
,,,16,,,,,,,,,,,,,,,,,,,,,,,,,,,,,26779,0.02835734747350216
,,,16,,,,,,,,,,,,,,,,,,,,,,,,,,,,,26789,0.19729945063591003
,,,16,,,,,,,,,,,,,,,,,,,,,,,,,,,,,26799,0.029187431558966637
,,,16,,,,,,,,,,,,,,,,,,,,,,,,,,,,,26809,0.5020154118537903
,,,16,,,,,,,,,,,,,,,,,,,,,,,,,,,,,26819,0.053511351346969604
,,,16,,,,,,,,,,,,,,,,,,,,,,,,,,,,,26829,0.03232752904295921
,,,16,,,,,,,,,,,,,,,,,,,,,,,,,,,,,26839,0.09627886116504669
,,,16,,,,,,,,,,,,,,,,,,,,,,,,,,,,,26849,0.14579489827156067
,,,16,,,,,,,,,,,,,,,,,,,,,,,,,,,,,26859,0.06466130167245865
,,,16,,,,,,,,,,,,,,,,,,,,,,,,,,,,,26869,0.42077556252479553
,,,16,,,,,,,,,,,,,,,,,,,,,,,,,,,,,26879,0.838232696056366
,,,16,,,,,,,,,,,,,,,,,,,,,,,,,,,,,26889,0.21260416507720947
,,,16,,,,,,,,,,,,,,,,,,,,,,,,,,,,,26899,0.007323828060179949
,,,16,,,,,,,,,,,,,,,,,,,,,,,,,,,,,26909,0.16106541454792023
,,,16,,,,,,,,,,,,,,,,,,,,,,,,,,,,,26919,0.13457195460796356
,,,16,,,,,,,,,,,,,,,,,,,,,,,,,,,,,26929,0.020500965416431427
,,,16,,,,,,,,,,,,,,,,,,,,,,,,,,,,,26939,0.009037746116518974
,,,16,,,,,,,,,,,,,,,,,,,,,,,,,,,,,26949,0.1823256015777588
,,,16,,,,,,,,,,,,,,,,,,,,,,,,,,,,,26959,0.0812719315290451
,,,16,,,,,,,,,,,,,,,,,,,,,,,,,,,,,26969,0.048317261040210724
,,,16,,,,,,,,,,,,,,,,,,,,,,,,,,,,,26979,0.2586871087551117
,,,16,,,,,,,,,,,,,,,,,,,,,,,,,,,,,26989,0.03225293010473251
,,,16,,,,,,,,,,,,,,,,,,,,,,,,,,,,,26999,0.9142960906028748
,,,16,,,,,,,,,,,,,,,,,,,,,,,,,,,,,27009,0.3613615930080414
,,,16,,,,,,,,,,,,,,,,,,,,,,,,,,,,,27019,0.32171329855918884
,,,16,,,,,,,,,,,,,,,,,,,,,,,,,,,,,27029,0.021486686542630196
,,,16,,,,,,,,,,,,,,,,,,,,,,,,,,,,,27039,0.030891096219420433
,,,16,,,,,,,,,,,,,,,,,,,,,,,,,,,,,27049,0.19910836219787598
,,,16,,,,,,,,,,,,,,,,,,,,,,,,,,,,,27059,0.20499247312545776
,,,16,,,,,,,,,,,,,,,,,,,,,,,,,,,,,27069,0.592333972454071
,,,16,,,,,,,,,,,,,,,,,,,,,,,,,,,,,27079,0.012011776678264141
,,,16,,,,,,,,,,,,,,,,,,,,,,,,,,,,,27089,0.023934150114655495
,,,16,,,,,,,,,,,,,,,,,,,,,,,,,,,,,27099,0.16413868963718414
,,,16,,,,,,,,,,,,,,,,,,,,,,,,,,,,,27109,0.005718855652958155
,,,16,,,,,,,,,,,,,,,,,,,,,,,,,,,,,27119,0.07803476601839066
,,,16,,,,,,,,,,,,,,,,,,,,,,,,,,,,,27129,0.005487249698489904
,,,16,,,,,,,,,,,,,,,,,,,,,,,,,,,,,27139,0.2586086392402649
,,,16,,,,,,,,,,,,,,,,,,,,,,,,,,,,,27149,0.0977461189031601
,,,16,,,,,,,,,,,,,,,,,,,,,,,,,,,,,27159,0.024997932836413383
,,,16,,,,,,,,,,,,,,,,,,,,,,,,,,,,,27169,0.051523394882678986
,,,16,,,,,,,,,,,,,,,,,,,,,,,,,,,,,27179,0.4853263795375824
,,,16,,,,,,,,,,,,,,,,,,,,,,,,,,,,,27189,0.37173590064048767
,,,16,,,,,,,,,,,,,,,,,,,,,,,,,,,,,27199,0.1352129876613617
,,,16,,,,,,,,,,,,,,,,,,,,,,,,,,,,,27209,0.3880959749221802
,,,16,,,,,,,,,,,,,,,,,,,,,,,,,,,,,27219,0.25610193610191345
,,,16,,,,,,,,,,,,,,,,,,,,,,,,,,,,,27229,0.12629003822803497
,,,16,,,,,,,,,,,,,,,,,,,,,,,,,,,,,27239,0.3084345757961273
,,,16,,,,,,,,,,,,,,,,,,,,,,,,,,,,,27249,0.009565462358295918
,,,16,,,,,,,,,,,,,,,,,,,,,,,,,,,,,27259,0.13304980099201202
,,,16,,,,,,,,,,,,,,,,,,,,,,,,,,,,,27269,0.5187203884124756
,,,16,,,,,,,,,,,,,,,,,,,,,,,,,,,,,27279,0.08889379352331161
,,,16,,,,,,,,,,,,,,,,,,,,,,,,,,,,,27289,0.026869548484683037
,,,16,,,,,,,,,,,,,,,,,,,,,,,,,,,,,27299,0.8103387951850891
,,,16,,,,,,,,,,,,,,,,,,,,,,,,,,,,,27309,0.10229834914207458
,,,16,,,,,,,,,,,,,,,,,,,,,,,,,,,,,27319,0.008817574940621853
,,,16,,,,,,,,,,,,,,,,,,,,,,,,,,,,,27329,0.030044935643672943
,,,16,,,,,,,,,,,,,,,,,,,,,,,,,,,,,27339,0.2522503137588501
,,,16,,,,,,,,,,,,,,,,,,,,,,,,,,,,,27349,0.012623879127204418
,,,16,,,,,,,,,,,,,,,,,,,,,,,,,,,,,27359,0.5215747952461243
,,,16,,,,,,,,,,,,,,,,,,,,,,,,,,,,,27369,0.01675025001168251
,,,16,,,,,,,,,,,,,,,,,,,,,,,,,,,,,27379,0.016307661309838295
,,,16,,,,,,,,,,,,,,,,,,,,,,,,,,,,,27389,0.6348245739936829
,,,16,,,,,,,,,,,,,,,,,,,,,,,,,,,,,27399,0.4134356677532196
,,,16,,,,,,,,,,,,,,,,,,,,,,,,,,,,,27409,0.0059144687838852406
,,,16,,,,,,,,,,,,,,,,,,,,,,,,,,,,,27419,0.36760395765304565
,,,16,,,,,,,,,,,,,,,,,,,,,,,,,,,,,27429,0.3315126299858093
,,,16,,,,,,,,,,,,,,,,,,,,,,,,,,,,,27439,0.1170937716960907
,,,16,,,,,,,,,,,,,,,,,,,,,,,,,,,,,27449,0.0315585695207119
,,,16,,,,,,,,,,,,,,,,,,,,,,,,,,,,,27459,0.07230551540851593
,,,16,,,,,,,,,,,,,,,,,,,,,,,,,,,,,27469,0.7545621395111084
,,,16,,,,,,,,,,,,,,,,,,,,,,,,,,,,,27479,0.14156173169612885
,,,16,,,,,,,,,,,,,,,,,,,,,,,,,,,,,27489,0.04110518842935562
,,,16,,,,,,,,,,,,,,,,,,,,,,,,,,,,,27499,0.46972358226776123
,,,16,,,,,,,,,,,,,,,,,,,,,,,,,,,,,27509,0.22784988582134247
,,,16,,,,,,,,,,,,,,,,,,,,,,,,,,,,,27519,0.06251508742570877
,,,16,,,,,,,,,,,,,,,,,,,,,,,,,,,,,27529,0.009151718579232693
,,,16,,,,,,,,,,,,,,,,,,,,,,,,,,,,,27539,0.05045894905924797
,,,16,,,,,,,,,,,,,,,,,,,,,,,,,,,,,27549,0.3373103141784668
,,,16,,,,,,,,,,,,,,,,,,,,,,,,,,,,,27559,0.3264617323875427
,,,16,,,,,,,,,,,,,,,,,,,,,,,,,,,,,27569,0.5713875889778137
,,,16,,,,,,,,,,,,,,,,,,,,,,,,,,,,,27579,0.15114086866378784
,,,16,,,,,,,,,,,,,,,,,,,,,,,,,,,,,27589,0.29231366515159607
,,,16,,,,,,,,,,,,,,,,,,,,,,,,,,,,,27599,0.15104064345359802
,,,16,,,,,,,,,,,,,,,,,,,,,,,,,,,,,27609,0.01314170379191637
,,,16,,,,,,,,,,,,,,,,,,,,,,,,,,,,,27619,0.011258721351623535
,,,16,,,,,,,,,,,,,,,,,,,,,,,,,,,,,27629,0.27926522493362427
,,,16,,,,,,,,,,,,,,,,,,,,,,,,,,,,,27639,0.050187598913908005
,,,16,,,,,,,,,,,,,,,,,,,,,,,,,,,,,27649,0.34444984793663025
,,,16,,,,,,,,,,,,,,,,,,,,,,,,,,,,,27659,0.09116403013467789
,,,16,,,,,,,,,,,,,,,,,,,,,,,,,,,,,27669,0.0667925700545311
,,,16,,,,,,,,,,,,,,,,,,,,,,,,,,,,,27679,0.012700979597866535
,,,16,,,,,,,,,,,,,,,,,,,,,,,,,,,,,27689,0.030769385397434235
,,,16,,,,,,,,,,,,,,,,,,,,,,,,,,,,,27699,0.08042652904987335
,,,16,,,,,,,,,,,,,,,,,,,,,,,,,,,,,27709,0.22556938230991364
,,,16,,,,,,,,,,,,,,,,,,,,,,,,,,,,,27719,0.18839184939861298
,,,16,,,,,,,,,,,,,,,,,,,,,,,,,,,,,27729,0.051671016961336136
,,,16,,,,,,,,,,,,,,,,,,,,,,,,,,,,,27739,0.33499693870544434
,,,16,,,,,,,,,,,,,,,,,,,,,,,,,,,,,27749,0.32288116216659546
,,,16,,,,,,,,,,,,,,,,,,,,,,,,,,,,,27759,0.021722957491874695
,,,16,,,,,,,,,,,,,,,,,,,,,,,,,,,,,27769,0.012630290351808071
,,,16,,,,,,,,,,,,,,,,,,,,,,,,,,,,,27779,0.4969901740550995
,,,16,,,,,,,,,,,,,,,,,,,,,,,,,,,,,27789,0.04471577703952789
,,,16,,,,,,,,,,,,,,,,,,,,,,,,,,,,,27799,0.03894997015595436
,,,16,,,,,,,,,,,,,,,,,,,,,,,,,,,,,27809,0.06927091628313065
,,,16,,,,,,,,,,,,,,,,,,,,,,,,,,,,,27819,0.04107493534684181
,,,16,,,,,,,,,,,,,,,,,,,,,,,,,,,,,27829,1.0021814107894897
,,,16,,,,,,,,,,,,,,,,,,,,,,,,,,,,,27839,0.35278674960136414
,,,16,,,,,,,,,,,,,,,,,,,,,,,,,,,,,27849,0.5986453294754028
,,,16,,,,,,,,,,,,,,,,,,,,,,,,,,,,,27859,0.2119796723127365
,,,16,,,,,,,,,,,,,,,,,,,,,,,,,,,,,27869,0.25527718663215637
,,,16,,,,,,,,,,,,,,,,,,,,,,,,,,,,,27879,0.4174318015575409
,,,16,,,,,,,,,,,,,,,,,,,,,,,,,,,,,27889,0.32102230191230774
,,,16,,,,,,,,,,,,,,,,,,,,,,,,,,,,,27899,0.027366941794753075
,,,16,,,,,,,,,,,,,,,,,,,,,,,,,,,,,27909,0.02086523175239563
,,,16,,,,,,,,,,,,,,,,,,,,,,,,,,,,,27919,0.6159824132919312
,,,16,,,,,,,,,,,,,,,,,,,,,,,,,,,,,27929,0.00977178756147623
,,,16,,,,,,,,,,,,,,,,,,,,,,,,,,,,,27939,0.10152191668748856
,,,16,,,,,,,,,,,,,,,,,,,,,,,,,,,,,27949,0.3954595625400543
,,,16,,,,,,,,,,,,,,,,,,,,,,,,,,,,,27959,0.011400110088288784
,,,16,,,,,,,,,,,,,,,,,,,,,,,,,,,,,27969,0.6061159372329712
,,,16,,,,,,,,,,,,,,,,,,,,,,,,,,,,,27979,0.6629875302314758
,,,16,,,,,,,,,,,,,,,,,,,,,,,,,,,,,27989,0.7363929152488708
,,,16,,,,,,,,,,,,,,,,,,,,,,,,,,,,,27999,0.29656219482421875
,,,16,,,,,,,,,,,,,,,,,,,,,,,,,,,,,28009,0.12488429248332977
,,,16,,,,,,,,,,,,,,,,,,,,,,,,,,,,,28019,0.022686036303639412
,,,16,,,,,,,,,,,,,,,,,,,,,,,,,,,,,28029,0.03567660599946976
,,,16,,,,,,,,,,,,,,,,,,,,,,,,,,,,,28039,0.03410714119672775
,,,16,,,,,,,,,,,,,,,,,,,,,,,,,,,,,28049,0.15789330005645752
,,,16,,,,,,,,,,,,,,,,,,,,,,,,,,,,,28059,0.014618786983191967
,,,16,,,,,,,,,,,,,,,,,,,,,,,,,,,,,28069,1.5827564001083374
,,,16,,,,,,,,,,,,,,,,,,,,,,,,,,,,,28079,0.06535269320011139
,,,16,,,,,,,,,,,,,,,,,,,,,,,,,,,,,28089,0.037873126566410065
,,,16,,,,,,,,,,,,,,,,,,,,,,,,,,,,,28099,0.06613628566265106
,,,16,,,,,,,,,,,,,,,,,,,,,,,,,,,,,28109,0.24438077211380005
,,,16,,,,,,,,,,,,,,,,,,,,,,,,,,,,,28119,0.0410601831972599
,,,16,,,,,,,,,,,,,,,,,,,,,,,,,,,,,28129,0.7301440834999084
,,,16,,,,,,,,,,,,,,,,,,,,,,,,,,,,,28139,0.20836184918880463
,,,16,,,,,,,,,,,,,,,,,,,,,,,,,,,,,28149,0.10969150066375732
,,,16,,,,,,,,,,,,,,,,,,,,,,,,,,,,,28159,0.06450218707323074
,,,16,,,,,,,,,,,,,,,,,,,,,,,,,,,,,28169,0.1916627585887909
,,,16,,,,,,,,,,,,,,,,,,,,,,,,,,,,,28179,0.0060005951672792435
,,,16,,,,,,,,,,,,,,,,,,,,,,,,,,,,,28189,0.33475199341773987
,,,16,,,,,,,,,,,,,,,,,,,,,,,,,,,,,28199,0.023822203278541565
,,,16,,,,,,,,,,,,,,,,,,,,,,,,,,,,,28209,0.041300948709249496
,,,16,,,,,,,,,,,,,,,,,,,,,,,,,,,,,28219,0.4833085238933563
,,,16,,,,,,,,,,,,,,,,,,,,,,,,,,,,,28229,0.010536059737205505
,,,16,,,,,,,,,,,,,,,,,,,,,,,,,,,,,28239,0.09658932685852051
,,,16,,,,,,,,,,,,,,,,,,,,,,,,,,,,,28249,0.01133635826408863
,,,,4.747015008238162e-07,2.65929904876617e-06,4.091229305794108e-06,4.091229305794108e-06,6.294198931990935e-06,6.294198931990935e-06,9.683382972293745e-06,9.683382972293745e-06,1.48975122650673e-05,1.48975122650673e-05,2.2919249638565074e-05,4.747015008238162e-07,2.2919249638565074e-05,3.5260384059330885e-05,3.5260384059330885e-05,5.42467447066629e-05,5.42467447066629e-05,8.345653031794292e-05,8.345653031794292e-05,8.345653031794292e-05,8.345653031794292e-05,7.303100012674094e-07,7.303100012674094e-07,1.123553848103707e-06,1.123553848103707e-06,1.7285443816980106e-06,1.7285443816980106e-06,2.65929904876617e-06,28254,
,,,17,,,,,,,,,,,,,,,,,,,,,,,,,,,,,28259,0.35101833939552307
,,,17,,,,,,,,,,,,,,,,,,,,,,,,,,,,,28269,0.23698127269744873
,,,17,,,,,,,,,,,,,,,,,,,,,,,,,,,,,28279,0.24303138256072998
,,,17,,,,,,,,,,,,,,,,,,,,,,,,,,,,,28289,1.4500590562820435
,,,17,,,,,,,,,,,,,,,,,,,,,,,,,,,,,28299,0.38203349709510803
,,,17,,,,,,,,,,,,,,,,,,,,,,,,,,,,,28309,0.23172087967395782
,,,17,,,,,,,,,,,,,,,,,,,,,,,,,,,,,28319,0.7861766815185547
,,,17,,,,,,,,,,,,,,,,,,,,,,,,,,,,,28329,0.07686223089694977
,,,17,,,,,,,,,,,,,,,,,,,,,,,,,,,,,28339,0.009369446896016598
,,,17,,,,,,,,,,,,,,,,,,,,,,,,,,,,,28349,0.033817779272794724
,,,17,,,,,,,,,,,,,,,,,,,,,,,,,,,,,28359,0.19188138842582703
,,,17,,,,,,,,,,,,,,,,,,,,,,,,,,,,,28369,1.355017066001892
,,,17,,,,,,,,,,,,,,,,,,,,,,,,,,,,,28379,0.0281774140894413
,,,17,,,,,,,,,,,,,,,,,,,,,,,,,,,,,28389,0.13632579147815704
,,,17,,,,,,,,,,,,,,,,,,,,,,,,,,,,,28399,0.3217288553714752
,,,17,,,,,,,,,,,,,,,,,,,,,,,,,,,,,28409,0.46909910440444946
,,,17,,,,,,,,,,,,,,,,,,,,,,,,,,,,,28419,0.05933590233325958
,,,17,,,,,,,,,,,,,,,,,,,,,,,,,,,,,28429,0.977140486240387
,,,17,,,,,,,,,,,,,,,,,,,,,,,,,,,,,28439,0.03237462788820267
,,,17,,,,,,,,,,,,,,,,,,,,,,,,,,,,,28449,0.08226926624774933
,,,17,,,,,,,,,,,,,,,,,,,,,,,,,,,,,28459,0.07314622402191162
,,,17,,,,,,,,,,,,,,,,,,,,,,,,,,,,,28469,0.09972695261240005
,,,17,,,,,,,,,,,,,,,,,,,,,,,,,,,,,28479,0.22231395542621613
,,,17,,,,,,,,,,,,,,,,,,,,,,,,,,,,,28489,1.452965497970581
,,,17,,,,,,,,,,,,,,,,,,,,,,,,,,,,,28499,0.036056037992239
,,,17,,,,,,,,,,,,,,,,,,,,,,,,,,,,,28509,0.3397061228752136
,,,17,,,,,,,,,,,,,,,,,,,,,,,,,,,,,28519,0.049664098769426346
,,,17,,,,,,,,,,,,,,,,,,,,,,,,,,,,,28529,0.2225426286458969
,,,17,,,,,,,,,,,,,,,,,,,,,,,,,,,,,28539,0.07577970623970032
,,,17,,,,,,,,,,,,,,,,,,,,,,,,,,,,,28549,0.015396557748317719
,,,17,,,,,,,,,,,,,,,,,,,,,,,,,,,,,28559,0.4953538775444031
,,,17,,,,,,,,,,,,,,,,,,,,,,,,,,,,,28569,0.018170220777392387
,,,17,,,,,,,,,,,,,,,,,,,,,,,,,,,,,28579,0.015499073080718517
,,,17,,,,,,,,,,,,,,,,,,,,,,,,,,,,,28589,0.010752713307738304
,,,17,,,,,,,,,,,,,,,,,,,,,,,,,,,,,28599,0.008146464824676514
,,,17,,,,,,,,,,,,,,,,,,,,,,,,,,,,,28609,0.23228983581066132
,,,17,,,,,,,,,,,,,,,,,,,,,,,,,,,,,28619,0.05021660402417183
,,,17,,,,,,,,,,,,,,,,,,,,,,,,,,,,,28629,0.3766374886035919
,,,17,,,,,,,,,,,,,,,,,,,,,,,,,,,,,28639,0.1185975968837738
,,,17,,,,,,,,,,,,,,,,,,,,,,,,,,,,,28649,0.07727479934692383
,,,17,,,,,,,,,,,,,,,,,,,,,,,,,,,,,28659,0.7940454483032227
,,,17,,,,,,,,,,,,,,,,,,,,,,,,,,,,,28669,0.029762225225567818
,,,17,,,,,,,,,,,,,,,,,,,,,,,,,,,,,28679,0.015689987689256668
,,,17,,,,,,,,,,,,,,,,,,,,,,,,,,,,,28689,0.8728604316711426
,,,17,,,,,,,,,,,,,,,,,,,,,,,,,,,,,28699,0.6089110374450684
,,,17,,,,,,,,,,,,,,,,,,,,,,,,,,,,,28709,0.06149228289723396
,,,17,,,,,,,,,,,,,,,,,,,,,,,,,,,,,28719,0.2104349583387375
,,,17,,,,,,,,,,,,,,,,,,,,,,,,,,,,,28729,0.012523706071078777
,,,17,,,,,,,,,,,,,,,,,,,,,,,,,,,,,28739,0.03566368296742439
,,,17,,,,,,,,,,,,,,,,,,,,,,,,,,,,,28749,0.322385311126709
,,,17,,,,,,,,,,,,,,,,,,,,,,,,,,,,,28759,0.20082157850265503
,,,17,,,,,,,,,,,,,,,,,,,,,,,,,,,,,28769,0.01657254621386528
,,,17,,,,,,,,,,,,,,,,,,,,,,,,,,,,,28779,0.05476424843072891
,,,17,,,,,,,,,,,,,,,,,,,,,,,,,,,,,28789,0.021103385835886
,,,17,,,,,,,,,,,,,,,,,,,,,,,,,,,,,28799,0.018295908346772194
,,,17,,,,,,,,,,,,,,,,,,,,,,,,,,,,,28809,0.07689672708511353
,,,17,,,,,,,,,,,,,,,,,,,,,,,,,,,,,28819,0.22304566204547882
,,,17,,,,,,,,,,,,,,,,,,,,,,,,,,,,,28829,0.06020594760775566
,,,17,,,,,,,,,,,,,,,,,,,,,,,,,,,,,28839,0.023380668833851814
,,,17,,,,,,,,,,,,,,,,,,,,,,,,,,,,,28849,0.013526743277907372
,,,17,,,,,,,,,,,,,,,,,,,,,,,,,,,,,28859,0.0031765915919095278
,,,17,,,,,,,,,,,,,,,,,,,,,,,,,,,,,28869,0.023265721276402473
,,,17,,,,,,,,,,,,,,,,,,,,,,,,,,,,,28879,0.007121646776795387
,,,17,,,,,,,,,,,,,,,,,,,,,,,,,,,,,28889,0.03683437779545784
,,,17,,,,,,,,,,,,,,,,,,,,,,,,,,,,,28899,0.014119811356067657
,,,17,,,,,,,,,,,,,,,,,,,,,,,,,,,,,28909,0.0049278088845312595
,,,17,,,,,,,,,,,,,,,,,,,,,,,,,,,,,28919,0.022402554750442505
,,,17,,,,,,,,,,,,,,,,,,,,,,,,,,,,,28929,0.9925935864448547
,,,17,,,,,,,,,,,,,,,,,,,,,,,,,,,,,28939,0.027706481516361237
,,,17,,,,,,,,,,,,,,,,,,,,,,,,,,,,,28949,0.004312362987548113
,,,17,,,,,,,,,,,,,,,,,,,,,,,,,,,,,28959,0.12965136766433716
,,,17,,,,,,,,,,,,,,,,,,,,,,,,,,,,,28969,0.223836749792099
,,,17,,,,,,,,,,,,,,,,,,,,,,,,,,,,,28979,0.5790819525718689
,,,17,,,,,,,,,,,,,,,,,,,,,,,,,,,,,28989,0.05263342335820198
,,,17,,,,,,,,,,,,,,,,,,,,,,,,,,,,,28999,0.0053172241896390915
,,,17,,,,,,,,,,,,,,,,,,,,,,,,,,,,,29009,0.005832510534673929
,,,17,,,,,,,,,,,,,,,,,,,,,,,,,,,,,29019,0.3883536458015442
,,,17,,,,,,,,,,,,,,,,,,,,,,,,,,,,,29029,0.6302064657211304
,,,17,,,,,,,,,,,,,,,,,,,,,,,,,,,,,29039,0.21394000947475433
,,,17,,,,,,,,,,,,,,,,,,,,,,,,,,,,,29049,0.004547050688415766
,,,17,,,,,,,,,,,,,,,,,,,,,,,,,,,,,29059,0.05837351828813553
,,,17,,,,,,,,,,,,,,,,,,,,,,,,,,,,,29069,0.1661641001701355
,,,17,,,,,,,,,,,,,,,,,,,,,,,,,,,,,29079,0.0029566287994384766
,,,17,,,,,,,,,,,,,,,,,,,,,,,,,,,,,29089,0.43658167123794556
,,,17,,,,,,,,,,,,,,,,,,,,,,,,,,,,,29099,0.3691479563713074
,,,17,,,,,,,,,,,,,,,,,,,,,,,,,,,,,29109,0.034466832876205444
,,,17,,,,,,,,,,,,,,,,,,,,,,,,,,,,,29119,0.07553081959486008
,,,17,,,,,,,,,,,,,,,,,,,,,,,,,,,,,29129,0.004466531798243523
,,,17,,,,,,,,,,,,,,,,,,,,,,,,,,,,,29139,0.04730198159813881
,,,17,,,,,,,,,,,,,,,,,,,,,,,,,,,,,29149,0.4904932379722595
,,,17,,,,,,,,,,,,,,,,,,,,,,,,,,,,,29159,0.015915047377347946
,,,17,,,,,,,,,,,,,,,,,,,,,,,,,,,,,29169,0.07816213369369507
,,,17,,,,,,,,,,,,,,,,,,,,,,,,,,,,,29179,0.06536634266376495
,,,17,,,,,,,,,,,,,,,,,,,,,,,,,,,,,29189,0.1498190313577652
,,,17,,,,,,,,,,,,,,,,,,,,,,,,,,,,,29199,0.028676524758338928
,,,17,,,,,,,,,,,,,,,,,,,,,,,,,,,,,29209,0.03314404562115669
,,,17,,,,,,,,,,,,,,,,,,,,,,,,,,,,,29219,0.02300618775188923
,,,17,,,,,,,,,,,,,,,,,,,,,,,,,,,,,29229,0.004292930010706186
,,,17,,,,,,,,,,,,,,,,,,,,,,,,,,,,,29239,0.01681620627641678
,,,17,,,,,,,,,,,,,,,,,,,,,,,,,,,,,29249,0.3647701144218445
,,,17,,,,,,,,,,,,,,,,,,,,,,,,,,,,,29259,0.814268946647644
,,,17,,,,,,,,,,,,,,,,,,,,,,,,,,,,,29269,0.017590640112757683
,,,17,,,,,,,,,,,,,,,,,,,,,,,,,,,,,29279,0.09286906570196152
,,,17,,,,,,,,,,,,,,,,,,,,,,,,,,,,,29289,0.022850165143609047
,,,17,,,,,,,,,,,,,,,,,,,,,,,,,,,,,29299,0.03773271664977074
,,,17,,,,,,,,,,,,,,,,,,,,,,,,,,,,,29309,0.10023412108421326
,,,17,,,,,,,,,,,,,,,,,,,,,,,,,,,,,29319,0.7399547100067139
,,,17,,,,,,,,,,,,,,,,,,,,,,,,,,,,,29329,0.014601053670048714
,,,17,,,,,,,,,,,,,,,,,,,,,,,,,,,,,29339,0.10275352001190186
,,,17,,,,,,,,,,,,,,,,,,,,,,,,,,,,,29349,0.23095449805259705
,,,17,,,,,,,,,,,,,,,,,,,,,,,,,,,,,29359,0.03035532869398594
,,,17,,,,,,,,,,,,,,,,,,,,,,,,,,,,,29369,0.2557392120361328
,,,17,,,,,,,,,,,,,,,,,,,,,,,,,,,,,29379,0.8068282008171082
,,,17,,,,,,,,,,,,,,,,,,,,,,,,,,,,,29389,0.04375658929347992
,,,17,,,,,,,,,,,,,,,,,,,,,,,,,,,,,29399,0.01267099380493164
,,,17,,,,,,,,,,,,,,,,,,,,,,,,,,,,,29409,0.7840481996536255
,,,17,,,,,,,,,,,,,,,,,,,,,,,,,,,,,29419,0.1990915834903717
,,,17,,,,,,,,,,,,,,,,,,,,,,,,,,,,,29429,0.20653200149536133
,,,17,,,,,,,,,,,,,,,,,,,,,,,,,,,,,29439,0.2208544760942459
,,,17,,,,,,,,,,,,,,,,,,,,,,,,,,,,,29449,0.18791502714157104
,,,17,,,,,,,,,,,,,,,,,,,,,,,,,,,,,29459,0.31135648488998413
,,,17,,,,,,,,,,,,,,,,,,,,,,,,,,,,,29469,0.11971891671419144
,,,17,,,,,,,,,,,,,,,,,,,,,,,,,,,,,29479,0.08058930188417435
,,,17,,,,,,,,,,,,,,,,,,,,,,,,,,,,,29489,0.15235519409179688
,,,17,,,,,,,,,,,,,,,,,,,,,,,,,,,,,29499,0.26907074451446533
,,,17,,,,,,,,,,,,,,,,,,,,,,,,,,,,,29509,1.02599036693573
,,,17,,,,,,,,,,,,,,,,,,,,,,,,,,,,,29519,0.812181830406189
,,,17,,,,,,,,,,,,,,,,,,,,,,,,,,,,,29529,0.3776613473892212
,,,17,,,,,,,,,,,,,,,,,,,,,,,,,,,,,29539,0.20282073318958282
,,,17,,,,,,,,,,,,,,,,,,,,,,,,,,,,,29549,0.35189273953437805
,,,17,,,,,,,,,,,,,,,,,,,,,,,,,,,,,29559,0.003902399679645896
,,,17,,,,,,,,,,,,,,,,,,,,,,,,,,,,,29569,0.17104439437389374
,,,17,,,,,,,,,,,,,,,,,,,,,,,,,,,,,29579,0.1762511283159256
,,,17,,,,,,,,,,,,,,,,,,,,,,,,,,,,,29589,0.09174094349145889
,,,17,,,,,,,,,,,,,,,,,,,,,,,,,,,,,29599,0.00883664283901453
,,,17,,,,,,,,,,,,,,,,,,,,,,,,,,,,,29609,0.9320055842399597
,,,17,,,,,,,,,,,,,,,,,,,,,,,,,,,,,29619,0.06480320543050766
,,,17,,,,,,,,,,,,,,,,,,,,,,,,,,,,,29629,0.8620365262031555
,,,17,,,,,,,,,,,,,,,,,,,,,,,,,,,,,29639,0.13653214275836945
,,,17,,,,,,,,,,,,,,,,,,,,,,,,,,,,,29649,0.25854742527008057
,,,17,,,,,,,,,,,,,,,,,,,,,,,,,,,,,29659,0.05819595232605934
,,,17,,,,,,,,,,,,,,,,,,,,,,,,,,,,,29669,0.13722632825374603
,,,17,,,,,,,,,,,,,,,,,,,,,,,,,,,,,29679,0.004037412349134684
,,,17,,,,,,,,,,,,,,,,,,,,,,,,,,,,,29689,0.8820871114730835
,,,17,,,,,,,,,,,,,,,,,,,,,,,,,,,,,29699,0.24137844145298004
,,,17,,,,,,,,,,,,,,,,,,,,,,,,,,,,,29709,0.025028303265571594
,,,17,,,,,,,,,,,,,,,,,,,,,,,,,,,,,29719,0.023792581632733345
,,,17,,,,,,,,,,,,,,,,,,,,,,,,,,,,,29729,0.004172690212726593
,,,17,,,,,,,,,,,,,,,,,,,,,,,,,,,,,29739,0.1726144701242447
,,,17,,,,,,,,,,,,,,,,,,,,,,,,,,,,,29749,0.1841593086719513
,,,17,,,,,,,,,,,,,,,,,,,,,,,,,,,,,29759,0.018302517011761665
,,,17,,,,,,,,,,,,,,,,,,,,,,,,,,,,,29769,0.1298925131559372
,,,17,,,,,,,,,,,,,,,,,,,,,,,,,,,,,29779,0.5792275667190552
,,,17,,,,,,,,,,,,,,,,,,,,,,,,,,,,,29789,0.37405869364738464
,,,17,,,,,,,,,,,,,,,,,,,,,,,,,,,,,29799,0.356341689825058
,,,17,,,,,,,,,,,,,,,,,,,,,,,,,,,,,29809,0.2490517497062683
,,,17,,,,,,,,,,,,,,,,,,,,,,,,,,,,,29819,0.4049155116081238
,,,17,,,,,,,,,,,,,,,,,,,,,,,,,,,,,29829,0.6845991015434265
,,,17,,,,,,,,,,,,,,,,,,,,,,,,,,,,,29839,0.060409896075725555
,,,17,,,,,,,,,,,,,,,,,,,,,,,,,,,,,29849,1.5489225387573242
,,,17,,,,,,,,,,,,,,,,,,,,,,,,,,,,,29859,0.0339486226439476
,,,17,,,,,,,,,,,,,,,,,,,,,,,,,,,,,29869,0.32174986600875854
,,,17,,,,,,,,,,,,,,,,,,,,,,,,,,,,,29879,0.12627260386943817
,,,17,,,,,,,,,,,,,,,,,,,,,,,,,,,,,29889,0.48630672693252563
,,,17,,,,,,,,,,,,,,,,,,,,,,,,,,,,,29899,0.020081190392374992
,,,17,,,,,,,,,,,,,,,,,,,,,,,,,,,,,29909,0.01588563621044159
,,,,4.5949485572815476e-07,2.5741107424986786e-06,3.960170373074889e-06,3.960170373074889e-06,6.092569804730599e-06,6.092569804730599e-06,9.373184314970152e-06,9.373184314970152e-06,1.4420283561492542e-05,1.4420283561492542e-05,2.2185051633065447e-05,4.5949485572815476e-07,2.2185051633065447e-05,3.4130848666254534e-05,3.4130848666254534e-05,5.2508997948083897e-05,5.2508997948083897e-05,8.07830737662829e-05,8.07830737662829e-05,8.07830737662829e-05,8.07830737662829e-05,7.069151626586995e-07,7.069151626586995e-07,1.0875617887056918e-06,1.0875617887056918e-06,1.673171982624141e-06,1.673171982624141e-06,2.5741107424986786e-06,29916,
,,,18,,,,,,,,,,,,,,,,,,,,,,,,,,,,,29919,0.009862354025244713
,,,18,,,,,,,,,,,,,,,,,,,,,,,,,,,,,29929,0.005761762615293264
,,,18,,,,,,,,,,,,,,,,,,,,,,,,,,,,,29939,0.20745278894901276
,,,18,,,,,,,,,,,,,,,,,,,,,,,,,,,,,29949,0.31239333748817444
,,,18,,,,,,,,,,,,,,,,,,,,,,,,,,,,,29959,0.23187893629074097
,,,18,,,,,,,,,,,,,,,,,,,,,,,,,,,,,29969,0.45057058334350586
,,,18,,,,,,,,,,,,,,,,,,,,,,,,,,,,,29979,0.26468029618263245
,,,18,,,,,,,,,,,,,,,,,,,,,,,,,,,,,29989,0.1989598274230957
,,,18,,,,,,,,,,,,,,,,,,,,,,,,,,,,,29999,0.029446380212903023
,,,18,,,,,,,,,,,,,,,,,,,,,,,,,,,,,30009,0.00812320876866579
,,,18,,,,,,,,,,,,,,,,,,,,,,,,,,,,,30019,0.14865350723266602
,,,18,,,,,,,,,,,,,,,,,,,,,,,,,,,,,30029,0.046801693737506866
,,,18,,,,,,,,,,,,,,,,,,,,,,,,,,,,,30039,0.06319215893745422
,,,18,,,,,,,,,,,,,,,,,,,,,,,,,,,,,30049,0.27502456307411194
,,,18,,,,,,,,,,,,,,,,,,,,,,,,,,,,,30059,0.7791337966918945
,,,18,,,,,,,,,,,,,,,,,,,,,,,,,,,,,30069,0.031748346984386444
,,,18,,,,,,,,,,,,,,,,,,,,,,,,,,,,,30079,0.01665499247610569
,,,18,,,,,,,,,,,,,,,,,,,,,,,,,,,,,30089,0.03033551387488842
,,,18,,,,,,,,,,,,,,,,,,,,,,,,,,,,,30099,0.009161551482975483
,,,18,,,,,,,,,,,,,,,,,,,,,,,,,,,,,30109,0.3307291865348816
,,,18,,,,,,,,,,,,,,,,,,,,,,,,,,,,,30119,0.014361916109919548
,,,18,,,,,,,,,,,,,,,,,,,,,,,,,,,,,30129,0.08424226939678192
,,,18,,,,,,,,,,,,,,,,,,,,,,,,,,,,,30139,0.033217668533325195
,,,18,,,,,,,,,,,,,,,,,,,,,,,,,,,,,30149,0.021101700142025948
,,,18,,,,,,,,,,,,,,,,,,,,,,,,,,,,,30159,0.6110879182815552
,,,18,,,,,,,,,,,,,,,,,,,,,,,,,,,,,30169,0.022779032588005066
,,,18,,,,,,,,,,,,,,,,,,,,,,,,,,,,,30179,0.011049006134271622
,,,18,,,,,,,,,,,,,,,,,,,,,,,,,,,,,30189,0.1720760315656662
,,,18,,,,,,,,,,,,,,,,,,,,,,,,,,,,,30199,0.013079987838864326
,,,18,,,,,,,,,,,,,,,,,,,,,,,,,,,,,30209,0.22076141834259033
,,,18,,,,,,,,,,,,,,,,,,,,,,,,,,,,,30219,0.16536985337734222
,,,18,,,,,,,,,,,,,,,,,,,,,,,,,,,,,30229,0.12897424399852753
,,,18,,,,,,,,,,,,,,,,,,,,,,,,,,,,,30239,0.28292715549468994
,,,18,,,,,,,,,,,,,,,,,,,,,,,,,,,,,30249,0.013694297522306442
,,,18,,,,,,,,,,,,,,,,,,,,,,,,,,,,,30259,0.17663539946079254
,,,18,,,,,,,,,,,,,,,,,,,,,,,,,,,,,30269,0.004371162969619036
,,,18,,,,,,,,,,,,,,,,,,,,,,,,,,,,,30279,0.5664174556732178
,,,18,,,,,,,,,,,,,,,,,,,,,,,,,,,,,30289,0.060092534869909286
,,,18,,,,,,,,,,,,,,,,,,,,,,,,,,,,,30299,0.4331517815589905
,,,18,,,,,,,,,,,,,,,,,,,,,,,,,,,,,30309,0.0464714951813221
,,,18,,,,,,,,,,,,,,,,,,,,,,,,,,,,,30319,0.003943136893212795
,,,18,,,,,,,,,,,,,,,,,,,,,,,,,,,,,30329,0.06541138142347336
,,,18,,,,,,,,,,,,,,,,,,,,,,,,,,,,,30339,0.0025441471952944994
,,,18,,,,,,,,,,,,,,,,,,,,,,,,,,,,,30349,0.055936746299266815
,,,18,,,,,,,,,,,,,,,,,,,,,,,,,,,,,30359,0.007462384644895792
,,,18,,,,,,,,,,,,,,,,,,,,,,,,,,,,,30369,0.012730952352285385
,,,18,,,,,,,,,,,,,,,,,,,,,,,,,,,,,30379,0.0267811119556427
,,,18,,,,,,,,,,,,,,,,,,,,,,,,,,,,,30389,0.13830287754535675
,,,18,,,,,,,,,,,,,,,,,,,,,,,,,,,,,30399,0.06449971348047256
,,,18,,,,,,,,,,,,,,,,,,,,,,,,,,,,,30409,0.07112996280193329
,,,18,,,,,,,,,,,,,,,,,,,,,,,,,,,,,30419,0.33890336751937866
,,,18,,,,,,,,,,,,,,,,,,,,,,,,,,,,,30429,0.00899533275514841
,,,18,,,,,,,,,,,,,,,,,,,,,,,,,,,,,30439,0.0073398142121732235
,,,18,,,,,,,,,,,,,,,,,,,,,,,,,,,,,30449,0.055978335440158844
,,,18,,,,,,,,,,,,,,,,,,,,,,,,,,,,,30459,0.0924939289689064
,,,18,,,,,,,,,,,,,,,,,,,,,,,,,,,,,30469,0.12966382503509521
,,,18,,,,,,,,,,,,,,,,,,,,,,,,,,,,,30479,0.1383691281080246
,,,18,,,,,,,,,,,,,,,,,,,,,,,,,,,,,30489,0.7743751406669617
,,,18,,,,,,,,,,,,,,,,,,,,,,,,,,,,,30499,0.12743647396564484
,,,18,,,,,,,,,,,,,,,,,,,,,,,,,,,,,30509,0.9461303949356079
,,,18,,,,,,,,,,,,,,,,,,,,,,,,,,,,,30519,0.8550432324409485
,,,18,,,,,,,,,,,,,,,,,,,,,,,,,,,,,30529,0.05650059133768082
,,,18,,,,,,,,,,,,,,,,,,,,,,,,,,,,,30539,0.20196837186813354
,,,18,,,,,,,,,,,,,,,,,,,,,,,,,,,,,30549,0.24711816012859344
,,,18,,,,,,,,,,,,,,,,,,,,,,,,,,,,,30559,0.45404207706451416
,,,18,,,,,,,,,,,,,,,,,,,,,,,,,,,,,30569,0.9638404846191406
,,,18,,,,,,,,,,,,,,,,,,,,,,,,,,,,,30579,0.27824726700782776
,,,18,,,,,,,,,,,,,,,,,,,,,,,,,,,,,30589,0.4257529377937317
,,,18,,,,,,,,,,,,,,,,,,,,,,,,,,,,,30599,0.0814429447054863
,,,18,,,,,,,,,,,,,,,,,,,,,,,,,,,,,30609,0.6239414215087891
,,,18,,,,,,,,,,,,,,,,,,,,,,,,,,,,,30619,0.0030881750863045454
,,,18,,,,,,,,,,,,,,,,,,,,,,,,,,,,,30629,0.4068916440010071
,,,18,,,,,,,,,,,,,,,,,,,,,,,,,,,,,30639,0.627997636795044
,,,18,,,,,,,,,,,,,,,,,,,,,,,,,,,,,30649,0.01971888728439808
,,,18,,,,,,,,,,,,,,,,,,,,,,,,,,,,,30659,0.171090230345726
,,,18,,,,,,,,,,,,,,,,,,,,,,,,,,,,,30669,0.08205743879079819
,,,18,,,,,,,,,,,,,,,,,,,,,,,,,,,,,30679,0.09838593006134033
,,,18,,,,,,,,,,,,,,,,,,,,,,,,,,,,,30689,0.035906847566366196
,,,18,,,,,,,,,,,,,,,,,,,,,,,,,,,,,30699,0.20173045992851257
,,,18,,,,,,,,,,,,,,,,,,,,,,,,,,,,,30709,0.27590736746788025
,,,18,,,,,,,,,,,,,,,,,,,,,,,,,,,,,30719,0.054414067417383194
,,,18,,,,,,,,,,,,,,,,,,,,,,,,,,,,,30729,0.5034787654876709
,,,18,,,,,,,,,,,,,,,,,,,,,,,,,,,,,30739,0.01584758795797825
,,,18,,,,,,,,,,,,,,,,,,,,,,,,,,,,,30749,0.4357520341873169
,,,18,,,,,,,,,,,,,,,,,,,,,,,,,,,,,30759,0.1761975884437561
,,,18,,,,,,,,,,,,,,,,,,,,,,,,,,,,,30769,0.006845930591225624
,,,18,,,,,,,,,,,,,,,,,,,,,,,,,,,,,30779,0.013421759009361267
,,,18,,,,,,,,,,,,,,,,,,,,,,,,,,,,,30789,0.40450525283813477
,,,18,,,,,,,,,,,,,,,,,,,,,,,,,,,,,30799,0.19401483237743378
,,,18,,,,,,,,,,,,,,,,,,,,,,,,,,,,,30809,0.07106681913137436
,,,18,,,,,,,,,,,,,,,,,,,,,,,,,,,,,30819,0.02174973487854004
,,,18,,,,,,,,,,,,,,,,,,,,,,,,,,,,,30829,0.5945733189582825
,,,18,,,,,,,,,,,,,,,,,,,,,,,,,,,,,30839,0.22437256574630737
,,,18,,,,,,,,,,,,,,,,,,,,,,,,,,,,,30849,0.019654104486107826
,,,18,,,,,,,,,,,,,,,,,,,,,,,,,,,,,30859,0.005551578011363745
,,,18,,,,,,,,,,,,,,,,,,,,,,,,,,,,,30869,0.42687609791755676
,,,18,,,,,,,,,,,,,,,,,,,,,,,,,,,,,30879,0.009224394336342812
,,,18,,,,,,,,,,,,,,,,,,,,,,,,,,,,,30889,0.39272981882095337
,,,18,,,,,,,,,,,,,,,,,,,,,,,,,,,,,30899,0.04480452463030815
,,,18,,,,,,,,,,,,,,,,,,,,,,,,,,,,,30909,0.2390202283859253
,,,18,,,,,,,,,,,,,,,,,,,,,,,,,,,,,30919,0.02667786367237568
,,,18,,,,,,,,,,,,,,,,,,,,,,,,,,,,,30929,0.10889872163534164
,,,18,,,,,,,,,,,,,,,,,,,,,,,,,,,,,30939,0.1262064129114151
,,,18,,,,,,,,,,,,,,,,,,,,,,,,,,,,,30949,0.012707360088825226
,,,18,,,,,,,,,,,,,,,,,,,,,,,,,,,,,30959,0.007901415228843689
,,,18,,,,,,,,,,,,,,,,,,,,,,,,,,,,,30969,0.029101021587848663
,,,18,,,,,,,,,,,,,,,,,,,,,,,,,,,,,30979,0.1315562129020691
,,,18,,,,,,,,,,,,,,,,,,,,,,,,,,,,,30989,0.0173917505890131
,,,18,,,,,,,,,,,,,,,,,,,,,,,,,,,,,30999,0.013523884117603302
,,,18,,,,,,,,,,,,,,,,,,,,,,,,,,,,,31009,0.7157666087150574
,,,18,,,,,,,,,,,,,,,,,,,,,,,,,,,,,31019,0.42344793677330017
,,,18,,,,,,,,,,,,,,,,,,,,,,,,,,,,,31029,0.2023552656173706
,,,18,,,,,,,,,,,,,,,,,,,,,,,,,,,,,31039,0.02967129833996296
,,,18,,,,,,,,,,,,,,,,,,,,,,,,,,,,,31049,0.15203163027763367
,,,18,,,,,,,,,,,,,,,,,,,,,,,,,,,,,31059,0.02079937793314457
,,,18,,,,,,,,,,,,,,,,,,,,,,,,,,,,,31069,0.008721815422177315
,,,18,,,,,,,,,,,,,,,,,,,,,,,,,,,,,31079,0.014729895628988743
,,,18,,,,,,,,,,,,,,,,,,,,,,,,,,,,,31089,0.9060250520706177
,,,18,,,,,,,,,,,,,,,,,,,,,,,,,,,,,31099,0.19973480701446533
,,,18,,,,,,,,,,,,,,,,,,,,,,,,,,,,,31109,0.009226977825164795
,,,18,,,,,,,,,,,,,,,,,,,,,,,,,,,,,31119,0.030035853385925293
,,,18,,,,,,,,,,,,,,,,,,,,,,,,,,,,,31129,0.12275727093219757
,,,18,,,,,,,,,,,,,,,,,,,,,,,,,,,,,31139,0.5309367179870605
,,,18,,,,,,,,,,,,,,,,,,,,,,,,,,,,,31149,0.6422499418258667
,,,18,,,,,,,,,,,,,,,,,,,,,,,,,,,,,31159,0.05112946033477783
,,,18,,,,,,,,,,,,,,,,,,,,,,,,,,,,,31169,0.014843019656836987
,,,18,,,,,,,,,,,,,,,,,,,,,,,,,,,,,31179,0.008586597628891468
,,,18,,,,,,,,,,,,,,,,,,,,,,,,,,,,,31189,0.7975424528121948
,,,18,,,,,,,,,,,,,,,,,,,,,,,,,,,,,31199,0.09960894286632538
,,,18,,,,,,,,,,,,,,,,,,,,,,,,,,,,,31209,0.07769131660461426
,,,18,,,,,,,,,,,,,,,,,,,,,,,,,,,,,31219,0.058654818683862686
,,,18,,,,,,,,,,,,,,,,,,,,,,,,,,,,,31229,0.004498355556279421
,,,18,,,,,,,,,,,,,,,,,,,,,,,,,,,,,31239,0.004557643551379442
,,,18,,,,,,,,,,,,,,,,,,,,,,,,,,,,,31249,0.03132355213165283
,,,18,,,,,,,,,,,,,,,,,,,,,,,,,,,,,31259,0.1787600964307785
,,,18,,,,,,,,,,,,,,,,,,,,,,,,,,,,,31269,0.1662982851266861
,,,18,,,,,,,,,,,,,,,,,,,,,,,,,,,,,31279,0.03110922873020172
,,,18,,,,,,,,,,,,,,,,,,,,,,,,,,,,,31289,0.009996204636991024
,,,18,,,,,,,,,,,,,,,,,,,,,,,,,,,,,31299,1.5397154092788696
,,,18,,,,,,,,,,,,,,,,,,,,,,,,,,,,,31309,0.015135337598621845
,,,18,,,,,,,,,,,,,,,,,,,,,,,,,,,,,31319,0.01959913782775402
,,,18,,,,,,,,,,,,,,,,,,,,,,,,,,,,,31329,0.9314031600952148
,,,18,,,,,,,,,,,,,,,,,,,,,,,,,,,,,31339,0.03022315539419651
,,,18,,,,,,,,,,,,,,,,,,,,,,,,,,,,,31349,0.08173719048500061
,,,18,,,,,,,,,,,,,,,,,,,,,,,,,,,,,31359,0.021215394139289856
,,,18,,,,,,,,,,,,,,,,,,,,,,,,,,,,,31369,0.09631416201591492
,,,18,,,,,,,,,,,,,,,,,,,,,,,,,,,,,31379,0.0389043465256691
,,,18,,,,,,,,,,,,,,,,,,,,,,,,,,,,,31389,0.010063429363071918
,,,18,,,,,,,,,,,,,,,,,,,,,,,,,,,,,31399,0.09162193536758423
,,,18,,,,,,,,,,,,,,,,,,,,,,,,,,,,,31409,0.099624402821064
,,,18,,,,,,,,,,,,,,,,,,,,,,,,,,,,,31419,0.005164511501789093
,,,18,,,,,,,,,,,,,,,,,,,,,,,,,,,,,31429,0.7883787751197815
,,,18,,,,,,,,,,,,,,,,,,,,,,,,,,,,,31439,0.1612483561038971
,,,18,,,,,,,,,,,,,,,,,,,,,,,,,,,,,31449,0.0706467479467392
,,,18,,,,,,,,,,,,,,,,,,,,,,,,,,,,,31459,0.05365191400051117
,,,18,,,,,,,,,,,,,,,,,,,,,,,,,,,,,31469,0.06758056581020355
,,,18,,,,,,,,,,,,,,,,,,,,,,,,,,,,,31479,0.04481235891580582
,,,18,,,,,,,,,,,,,,,,,,,,,,,,,,,,,31489,0.07601529359817505
,,,18,,,,,,,,,,,,,,,,,,,,,,,,,,,,,31499,0.4080636501312256
,,,18,,,,,,,,,,,,,,,,,,,,,,,,,,,,,31509,0.03004531003534794
,,,18,,,,,,,,,,,,,,,,,,,,,,,,,,,,,31519,0.3486294150352478
,,,18,,,,,,,,,,,,,,,,,,,,,,,,,,,,,31529,0.03452857583761215
,,,18,,,,,,,,,,,,,,,,,,,,,,,,,,,,,31539,0.005833227187395096
,,,18,,,,,,,,,,,,,,,,,,,,,,,,,,,,,31549,0.1243196502327919
,,,18,,,,,,,,,,,,,,,,,,,,,,,,,,,,,31559,0.2033311426639557
,,,18,,,,,,,,,,,,,,,,,,,,,,,,,,,,,31569,0.06220211088657379
,,,,4.4343516830358614e-07,2.484143654934133e-06,3.821759469129435e-06,3.821759469129435e-06,5.879629952506824e-06,5.879629952506824e-06,9.045584542318189e-06,9.045584542318189e-06,1.3916283911258752e-05,1.3916283911258752e-05,2.1409667555782694e-05,4.4343516830358614e-07,2.1409667555782694e-05,3.293795008581953e-05,3.293795008581953e-05,5.067376936279928e-05,5.067376936279928e-05,7.795964517353735e-05,7.795964517353735e-05,7.795964517353735e-05,7.795964517353735e-05,6.822079512362862e-07,6.822079512362862e-07,1.0495506942096713e-06,1.0495506942096713e-06,1.6146933757071865e-06,1.6146933757071865e-06,2.484143654934133e-06,31578,
,,,19,,,,,,,,,,,,,,,,,,,,,,,,,,,,,31579,0.11216679960489273
,,,19,,,,,,,,,,,,,,,,,,,,,,,,,,,,,31589,0.6660770177841187
,,,19,,,,,,,,,,,,,,,,,,,,,,,,,,,,,31599,0.007833532989025116
,,,19,,,,,,,,,,,,,,,,,,,,,,,,,,,,,31609,0.1668647825717926
,,,19,,,,,,,,,,,,,,,,,,,,,,,,,,,,,31619,0.009161229245364666
,,,19,,,,,,,,,,,,,,,,,,,,,,,,,,,,,31629,0.06577728688716888
,,,19,,,,,,,,,,,,,,,,,,,,,,,,,,,,,31639,0.9725328683853149
,,,19,,,,,,,,,,,,,,,,,,,,,,,,,,,,,31649,0.13518044352531433
,,,19,,,,,,,,,,,,,,,,,,,,,,,,,,,,,31659,0.01796424761414528
,,,19,,,,,,,,,,,,,,,,,,,,,,,,,,,,,31669,0.494218111038208
,,,19,,,,,,,,,,,,,,,,,,,,,,,,,,,,,31679,0.26469752192497253
,,,19,,,,,,,,,,,,,,,,,,,,,,,,,,,,,31689,0.006416210904717445
,,,19,,,,,,,,,,,,,,,,,,,,,,,,,,,,,31699,0.0027350939344614744
,,,19,,,,,,,,,,,,,,,,,,,,,,,,,,,,,31709,0.5323300361633301
,,,19,,,,,,,,,,,,,,,,,,,,,,,,,,,,,31719,0.00528806634247303
,,,19,,,,,,,,,,,,,,,,,,,,,,,,,,,,,31729,0.008910673670470715
,,,19,,,,,,,,,,,,,,,,,,,,,,,,,,,,,31739,0.20111744105815887
,,,19,,,,,,,,,,,,,,,,,,,,,,,,,,,,,31749,0.017575278878211975
,,,19,,,,,,,,,,,,,,,,,,,,,,,,,,,,,31759,0.43392086029052734
,,,19,,,,,,,,,,,,,,,,,,,,,,,,,,,,,31769,0.3799555003643036
,,,19,,,,,,,,,,,,,,,,,,,,,,,,,,,,,31779,0.018137352541089058
,,,19,,,,,,,,,,,,,,,,,,,,,,,,,,,,,31789,0.015403930097818375
,,,19,,,,,,,,,,,,,,,,,,,,,,,,,,,,,31799,0.1502700299024582
,,,19,,,,,,,,,,,,,,,,,,,,,,,,,,,,,31809,0.004205948207527399
,,,19,,,,,,,,,,,,,,,,,,,,,,,,,,,,,31819,0.11485682427883148
,,,19,,,,,,,,,,,,,,,,,,,,,,,,,,,,,31829,0.10479865968227386
,,,19,,,,,,,,,,,,,,,,,,,,,,,,,,,,,31839,0.005336849018931389
,,,19,,,,,,,,,,,,,,,,,,,,,,,,,,,,,31849,0.17594613134860992
,,,19,,,,,,,,,,,,,,,,,,,,,,,,,,,,,31859,1.4912110567092896
,,,19,,,,,,,,,,,,,,,,,,,,,,,,,,,,,31869,0.03267383202910423
,,,19,,,,,,,,,,,,,,,,,,,,,,,,,,,,,31879,0.010197539813816547
,,,19,,,,,,,,,,,,,,,,,,,,,,,,,,,,,31889,0.009723404422402382
,,,19,,,,,,,,,,,,,,,,,,,,,,,,,,,,,31899,0.18709219992160797
,,,19,,,,,,,,,,,,,,,,,,,,,,,,,,,,,31909,0.08391517400741577
,,,19,,,,,,,,,,,,,,,,,,,,,,,,,,,,,31919,0.15800568461418152
,,,19,,,,,,,,,,,,,,,,,,,,,,,,,,,,,31929,0.1352020502090454
,,,19,,,,,,,,,,,,,,,,,,,,,,,,,,,,,31939,0.09704060107469559
,,,19,,,,,,,,,,,,,,,,,,,,,,,,,,,,,31949,0.3060181140899658
,,,19,,,,,,,,,,,,,,,,,,,,,,,,,,,,,31959,0.11074138432741165
,,,19,,,,,,,,,,,,,,,,,,,,,,,,,,,,,31969,0.0035609519109129906
,,,19,,,,,,,,,,,,,,,,,,,,,,,,,,,,,31979,0.07115145772695541
,,,19,,,,,,,,,,,,,,,,,,,,,,,,,,,,,31989,0.005742155946791172
,,,19,,,,,,,,,,,,,,,,,,,,,,,,,,,,,31999,1.5435384511947632
,,,19,,,,,,,,,,,,,,,,,,,,,,,,,,,,,32009,0.08479534834623337
,,,19,,,,,,,,,,,,,,,,,,,,,,,,,,,,,32019,0.13682524859905243
,,,19,,,,,,,,,,,,,,,,,,,,,,,,,,,,,32029,0.016218049451708794
,,,19,,,,,,,,,,,,,,,,,,,,,,,,,,,,,32039,0.00715243723243475
,,,19,,,,,,,,,,,,,,,,,,,,,,,,,,,,,32049,0.07088238000869751
,,,19,,,,,,,,,,,,,,,,,,,,,,,,,,,,,32059,0.03614278882741928
,,,19,,,,,,,,,,,,,,,,,,,,,,,,,,,,,32069,0.15756651759147644
,,,19,,,,,,,,,,,,,,,,,,,,,,,,,,,,,32079,0.06339419633150101
,,,19,,,,,,,,,,,,,,,,,,,,,,,,,,,,,32089,0.13989877700805664
,,,19,,,,,,,,,,,,,,,,,,,,,,,,,,,,,32099,0.19243568181991577
,,,19,,,,,,,,,,,,,,,,,,,,,,,,,,,,,32109,0.4004772901535034
,,,19,,,,,,,,,,,,,,,,,,,,,,,,,,,,,32119,0.020511645823717117
,,,19,,,,,,,,,,,,,,,,,,,,,,,,,,,,,32129,0.10473046451807022
,,,19,,,,,,,,,,,,,,,,,,,,,,,,,,,,,32139,0.42694786190986633
,,,19,,,,,,,,,,,,,,,,,,,,,,,,,,,,,32149,0.020830722525715828
,,,19,,,,,,,,,,,,,,,,,,,,,,,,,,,,,32159,0.15437065064907074
,,,19,,,,,,,,,,,,,,,,,,,,,,,,,,,,,32169,0.05738171562552452
,,,19,,,,,,,,,,,,,,,,,,,,,,,,,,,,,32179,0.03273453563451767
,,,19,,,,,,,,,,,,,,,,,,,,,,,,,,,,,32189,0.06479297578334808
,,,19,,,,,,,,,,,,,,,,,,,,,,,,,,,,,32199,1.0503935813903809
,,,19,,,,,,,,,,,,,,,,,,,,,,,,,,,,,32209,0.2068643718957901
,,,19,,,,,,,,,,,,,,,,,,,,,,,,,,,,,32219,0.007660553324967623
,,,19,,,,,,,,,,,,,,,,,,,,,,,,,,,,,32229,0.006547772325575352
,,,19,,,,,,,,,,,,,,,,,,,,,,,,,,,,,32239,0.14939755201339722
,,,19,,,,,,,,,,,,,,,,,,,,,,,,,,,,,32249,0.011025580577552319
,,,19,,,,,,,,,,,,,,,,,,,,,,,,,,,,,32259,0.02074023149907589
,,,19,,,,,,,,,,,,,,,,,,,,,,,,,,,,,32269,0.05774420499801636
,,,19,,,,,,,,,,,,,,,,,,,,,,,,,,,,,32279,0.9498699903488159
,,,19,,,,,,,,,,,,,,,,,,,,,,,,,,,,,32289,0.032047852873802185
,,,19,,,,,,,,,,,,,,,,,,,,,,,,,,,,,32299,0.12371807545423508
,,,19,,,,,,,,,,,,,,,,,,,,,,,,,,,,,32309,0.08607060462236404
,,,19,,,,,,,,,,,,,,,,,,,,,,,,,,,,,32319,0.020831085741519928
,,,19,,,,,,,,,,,,,,,,,,,,,,,,,,,,,32329,0.016476832330226898
,,,19,,,,,,,,,,,,,,,,,,,,,,,,,,,,,32339,0.148260697722435
,,,19,,,,,,,,,,,,,,,,,,,,,,,,,,,,,32349,0.08400209993124008
,,,19,,,,,,,,,,,,,,,,,,,,,,,,,,,,,32359,0.06687566637992859
,,,19,,,,,,,,,,,,,,,,,,,,,,,,,,,,,32369,0.4362606406211853
,,,19,,,,,,,,,,,,,,,,,,,,,,,,,,,,,32379,0.9431255459785461
,,,19,,,,,,,,,,,,,,,,,,,,,,,,,,,,,32389,0.03579643368721008
,,,19,,,,,,,,,,,,,,,,,,,,,,,,,,,,,32399,0.1696026474237442
,,,19,,,,,,,,,,,,,,,,,,,,,,,,,,,,,32409,0.5656241178512573
,,,19,,,,,,,,,,,,,,,,,,,,,,,,,,,,,32419,0.13597671687602997
,,,19,,,,,,,,,,,,,,,,,,,,,,,,,,,,,32429,0.0201752670109272
,,,19,,,,,,,,,,,,,,,,,,,,,,,,,,,,,32439,0.023260828107595444
,,,19,,,,,,,,,,,,,,,,,,,,,,,,,,,,,32449,0.2915022671222687
,,,19,,,,,,,,,,,,,,,,,,,,,,,,,,,,,32459,0.07935485988855362
,,,19,,,,,,,,,,,,,,,,,,,,,,,,,,,,,32469,0.01526186615228653
,,,19,,,,,,,,,,,,,,,,,,,,,,,,,,,,,32479,0.013384613208472729
,,,19,,,,,,,,,,,,,,,,,,,,,,,,,,,,,32489,0.016433173790574074
,,,19,,,,,,,,,,,,,,,,,,,,,,,,,,,,,32499,0.042885586619377136
,,,19,,,,,,,,,,,,,,,,,,,,,,,,,,,,,32509,0.4996039569377899
,,,19,,,,,,,,,,,,,,,,,,,,,,,,,,,,,32519,0.1500271111726761
,,,19,,,,,,,,,,,,,,,,,,,,,,,,,,,,,32529,0.31383487582206726
,,,19,,,,,,,,,,,,,,,,,,,,,,,,,,,,,32539,0.18846628069877625
,,,19,,,,,,,,,,,,,,,,,,,,,,,,,,,,,32549,0.43857625126838684
,,,19,,,,,,,,,,,,,,,,,,,,,,,,,,,,,32559,0.002617787104099989
,,,19,,,,,,,,,,,,,,,,,,,,,,,,,,,,,32569,0.006968843284994364
,,,19,,,,,,,,,,,,,,,,,,,,,,,,,,,,,32579,0.050715263932943344
,,,19,,,,,,,,,,,,,,,,,,,,,,,,,,,,,32589,0.1421998292207718
,,,19,,,,,,,,,,,,,,,,,,,,,,,,,,,,,32599,0.09119249880313873
,,,19,,,,,,,,,,,,,,,,,,,,,,,,,,,,,32609,0.04789736866950989
,,,19,,,,,,,,,,,,,,,,,,,,,,,,,,,,,32619,0.5162246227264404
,,,19,,,,,,,,,,,,,,,,,,,,,,,,,,,,,32629,0.008676515892148018
,,,19,,,,,,,,,,,,,,,,,,,,,,,,,,,,,32639,0.12387429922819138
,,,19,,,,,,,,,,,,,,,,,,,,,,,,,,,,,32649,0.07597436755895615
,,,19,,,,,,,,,,,,,,,,,,,,,,,,,,,,,32659,0.5506775975227356
,,,19,,,,,,,,,,,,,,,,,,,,,,,,,,,,,32669,0.6066499352455139
,,,19,,,,,,,,,,,,,,,,,,,,,,,,,,,,,32679,0.3749394416809082
,,,19,,,,,,,,,,,,,,,,,,,,,,,,,,,,,32689,0.15177768468856812
,,,19,,,,,,,,,,,,,,,,,,,,,,,,,,,,,32699,0.007704006973654032
,,,19,,,,,,,,,,,,,,,,,,,,,,,,,,,,,32709,0.8256804943084717
,,,19,,,,,,,,,,,,,,,,,,,,,,,,,,,,,32719,0.016599606722593307
,,,19,,,,,,,,,,,,,,,,,,,,,,,,,,,,,32729,0.00407233415171504
,,,19,,,,,,,,,,,,,,,,,,,,,,,,,,,,,32739,0.009461674839258194
,,,19,,,,,,,,,,,,,,,,,,,,,,,,,,,,,32749,0.6177419424057007
,,,19,,,,,,,,,,,,,,,,,,,,,,,,,,,,,32759,0.4407481551170349
,,,19,,,,,,,,,,,,,,,,,,,,,,,,,,,,,32769,0.0786779373884201
,,,19,,,,,,,,,,,,,,,,,,,,,,,,,,,,,32779,0.9986148476600647
,,,19,,,,,,,,,,,,,,,,,,,,,,,,,,,,,32789,0.1668982058763504
,,,19,,,,,,,,,,,,,,,,,,,,,,,,,,,,,32799,0.041717588901519775
,,,19,,,,,,,,,,,,,,,,,,,,,,,,,,,,,32809,0.003746588947251439
,,,19,,,,,,,,,,,,,,,,,,,,,,,,,,,,,32819,0.20561818778514862
,,,19,,,,,,,,,,,,,,,,,,,,,,,,,,,,,32829,0.011016680859029293
,,,19,,,,,,,,,,,,,,,,,,,,,,,,,,,,,32839,0.8757553696632385
,,,19,,,,,,,,,,,,,,,,,,,,,,,,,,,,,32849,0.27713072299957275
,,,19,,,,,,,,,,,,,,,,,,,,,,,,,,,,,32859,0.7360519766807556
,,,19,,,,,,,,,,,,,,,,,,,,,,,,,,,,,32869,0.014638643711805344
,,,19,,,,,,,,,,,,,,,,,,,,,,,,,,,,,32879,0.1889115273952484
,,,19,,,,,,,,,,,,,,,,,,,,,,,,,,,,,32889,0.07748576998710632
,,,19,,,,,,,,,,,,,,,,,,,,,,,,,,,,,32899,0.10472757369279861
,,,19,,,,,,,,,,,,,,,,,,,,,,,,,,,,,32909,0.04562327638268471
,,,19,,,,,,,,,,,,,,,,,,,,,,,,,,,,,32919,0.02596697025001049
,,,19,,,,,,,,,,,,,,,,,,,,,,,,,,,,,32929,0.26878705620765686
,,,19,,,,,,,,,,,,,,,,,,,,,,,,,,,,,32939,0.0752965584397316
,,,19,,,,,,,,,,,,,,,,,,,,,,,,,,,,,32949,0.002703279023990035
,,,19,,,,,,,,,,,,,,,,,,,,,,,,,,,,,32959,0.15906348824501038
,,,19,,,,,,,,,,,,,,,,,,,,,,,,,,,,,32969,0.013794101774692535
,,,19,,,,,,,,,,,,,,,,,,,,,,,,,,,,,32979,0.2379014492034912
,,,19,,,,,,,,,,,,,,,,,,,,,,,,,,,,,32989,0.0059789493680000305
,,,19,,,,,,,,,,,,,,,,,,,,,,,,,,,,,32999,0.32854679226875305
,,,19,,,,,,,,,,,,,,,,,,,,,,,,,,,,,33009,0.22020642459392548
,,,19,,,,,,,,,,,,,,,,,,,,,,,,,,,,,33019,0.07678407430648804
,,,19,,,,,,,,,,,,,,,,,,,,,,,,,,,,,33029,0.023976866155862808
,,,19,,,,,,,,,,,,,,,,,,,,,,,,,,,,,33039,2.604322910308838
,,,19,,,,,,,,,,,,,,,,,,,,,,,,,,,,,33049,0.016689429059624672
,,,19,,,,,,,,,,,,,,,,,,,,,,,,,,,,,33059,0.8029996156692505
,,,19,,,,,,,,,,,,,,,,,,,,,,,,,,,,,33069,0.01353604905307293
,,,19,,,,,,,,,,,,,,,,,,,,,,,,,,,,,33079,0.03906042501330376
,,,19,,,,,,,,,,,,,,,,,,,,,,,,,,,,,33089,0.10953247547149658
,,,19,,,,,,,,,,,,,,,,,,,,,,,,,,,,,33099,0.6731338500976562
,,,19,,,,,,,,,,,,,,,,,,,,,,,,,,,,,33109,0.05559895560145378
,,,19,,,,,,,,,,,,,,,,,,,,,,,,,,,,,33119,0.0222978163510561
,,,19,,,,,,,,,,,,,,,,,,,,,,,,,,,,,33129,0.12215589731931686
,,,19,,,,,,,,,,,,,,,,,,,,,,,,,,,,,33139,0.0070504420436918736
,,,19,,,,,,,,,,,,,,,,,,,,,,,,,,,,,33149,0.4381193220615387
,,,19,,,,,,,,,,,,,,,,,,,,,,,,,,,,,33159,0.41939783096313477
,,,19,,,,,,,,,,,,,,,,,,,,,,,,,,,,,33169,0.144344300031662
,,,19,,,,,,,,,,,,,,,,,,,,,,,,,,,,,33179,0.16801418364048004
,,,19,,,,,,,,,,,,,,,,,,,,,,,,,,,,,33189,0.02617833949625492
,,,19,,,,,,,,,,,,,,,,,,,,,,,,,,,,,33199,0.11326613277196884
,,,19,,,,,,,,,,,,,,,,,,,,,,,,,,,,,33209,0.28514134883880615
,,,19,,,,,,,,,,,,,,,,,,,,,,,,,,,,,33219,1.0107594728469849
,,,19,,,,,,,,,,,,,,,,,,,,,,,,,,,,,33229,0.6858219504356384
,,,19,,,,,,,,,,,,,,,,,,,,,,,,,,,,,33239,0.3302474617958069
0.8138056397438049,0.767123281955719,0.8665376901626587,19,,,,,,,,,,,,,,,,,,,,,,,,,,,,,33239,
,,,,4.266006797329287e-07,2.3898360966796885e-06,3.676670917968751e-06,3.676670917968751e-06,5.656416796875001e-06,5.656416796875001e-06,8.702179687500003e-06,8.702179687500003e-06,1.3387968750000002e-05,1.3387968750000002e-05,2.0596875000000004e-05,4.266006797329287e-07,2.0596875000000004e-05,3.1687500000000005e-05,3.1687500000000005e-05,4.8750000000000006e-05,4.8750000000000006e-05,7.500000000000001e-05,7.500000000000001e-05,7.500000000000001e-05,7.500000000000001e-05,6.563087380506595e-07,6.563087380506595e-07,1.0097057508471684e-06,1.0097057508471684e-06,1.5533934628417975e-06,1.5533934628417975e-06,2.3898360966796885e-06,33240,
,,,20,,,,,,,,,,,,,,,,,,,,,,,,,,,,,33249,0.09672340005636215
,,,20,,,,,,,,,,,,,,,,,,,,,,,,,,,,,33259,0.06848671287298203
,,,20,,,,,,,,,,,,,,,,,,,,,,,,,,,,,33269,0.16600941121578217
,,,20,,,,,,,,,,,,,,,,,,,,,,,,,,,,,33279,0.1242784634232521
,,,20,,,,,,,,,,,,,,,,,,,,,,,,,,,,,33289,0.7287092804908752
,,,20,,,,,,,,,,,,,,,,,,,,,,,,,,,,,33299,0.03275566175580025
,,,20,,,,,,,,,,,,,,,,,,,,,,,,,,,,,33309,0.01889435574412346
,,,20,,,,,,,,,,,,,,,,,,,,,,,,,,,,,33319,0.06005450710654259
,,,20,,,,,,,,,,,,,,,,,,,,,,,,,,,,,33329,0.045536987483501434
,,,20,,,,,,,,,,,,,,,,,,,,,,,,,,,,,33339,0.1301843225955963
,,,20,,,,,,,,,,,,,,,,,,,,,,,,,,,,,33349,0.047077059745788574
,,,20,,,,,,,,,,,,,,,,,,,,,,,,,,,,,33359,0.008534830063581467
,,,20,,,,,,,,,,,,,,,,,,,,,,,,,,,,,33369,0.05017980933189392
,,,20,,,,,,,,,,,,,,,,,,,,,,,,,,,,,33379,0.8786836862564087
,,,20,,,,,,,,,,,,,,,,,,,,,,,,,,,,,33389,1.1530566215515137
,,,20,,,,,,,,,,,,,,,,,,,,,,,,,,,,,33399,0.21493567526340485
,,,20,,,,,,,,,,,,,,,,,,,,,,,,,,,,,33409,0.2914729416370392
,,,20,,,,,,,,,,,,,,,,,,,,,,,,,,,,,33419,0.012252173386514187
,,,20,,,,,,,,,,,,,,,,,,,,,,,,,,,,,33429,0.006339743733406067
,,,20,,,,,,,,,,,,,,,,,,,,,,,,,,,,,33439,0.036676179617643356
,,,20,,,,,,,,,,,,,,,,,,,,,,,,,,,,,33449,0.36706432700157166
,,,20,,,,,,,,,,,,,,,,,,,,,,,,,,,,,33459,0.4239947199821472
,,,20,,,,,,,,,,,,,,,,,,,,,,,,,,,,,33469,0.16570472717285156
,,,20,,,,,,,,,,,,,,,,,,,,,,,,,,,,,33479,0.011728661134839058
,,,20,,,,,,,,,,,,,,,,,,,,,,,,,,,,,33489,0.07290798425674438
,,,20,,,,,,,,,,,,,,,,,,,,,,,,,,,,,33499,0.05299343541264534
,,,20,,,,,,,,,,,,,,,,,,,,,,,,,,,,,33509,0.07327096164226532
,,,20,,,,,,,,,,,,,,,,,,,,,,,,,,,,,33519,0.07527980953454971
,,,20,,,,,,,,,,,,,,,,,,,,,,,,,,,,,33529,0.6962018013000488
,,,20,,,,,,,,,,,,,,,,,,,,,,,,,,,,,33539,0.3611322343349457
,,,20,,,,,,,,,,,,,,,,,,,,,,,,,,,,,33549,0.8468676209449768
,,,20,,,,,,,,,,,,,,,,,,,,,,,,,,,,,33559,0.006294499151408672
,,,20,,,,,,,,,,,,,,,,,,,,,,,,,,,,,33569,0.009090788662433624
,,,20,,,,,,,,,,,,,,,,,,,,,,,,,,,,,33579,0.03673875704407692
,,,20,,,,,,,,,,,,,,,,,,,,,,,,,,,,,33589,0.5261677503585815
,,,20,,,,,,,,,,,,,,,,,,,,,,,,,,,,,33599,0.009771921671926975
,,,20,,,,,,,,,,,,,,,,,,,,,,,,,,,,,33609,0.007460727356374264
,,,20,,,,,,,,,,,,,,,,,,,,,,,,,,,,,33619,0.021764656528830528
,,,20,,,,,,,,,,,,,,,,,,,,,,,,,,,,,33629,0.6527973413467407
,,,20,,,,,,,,,,,,,,,,,,,,,,,,,,,,,33639,0.0014218526193872094
,,,20,,,,,,,,,,,,,,,,,,,,,,,,,,,,,33649,0.09756334871053696
,,,20,,,,,,,,,,,,,,,,,,,,,,,,,,,,,33659,0.12399687618017197
,,,20,,,,,,,,,,,,,,,,,,,,,,,,,,,,,33669,0.005341023206710815
,,,20,,,,,,,,,,,,,,,,,,,,,,,,,,,,,33679,0.038515303283929825
,,,20,,,,,,,,,,,,,,,,,,,,,,,,,,,,,33689,0.8423358201980591
,,,20,,,,,,,,,,,,,,,,,,,,,,,,,,,,,33699,0.2055167406797409
,,,20,,,,,,,,,,,,,,,,,,,,,,,,,,,,,33709,0.021802058443427086
,,,20,,,,,,,,,,,,,,,,,,,,,,,,,,,,,33719,0.028543727472424507
,,,20,,,,,,,,,,,,,,,,,,,,,,,,,,,,,33729,0.01802198961377144
,,,20,,,,,,,,,,,,,,,,,,,,,,,,,,,,,33739,0.13250209391117096
,,,20,,,,,,,,,,,,,,,,,,,,,,,,,,,,,33749,0.34661591053009033
,,,20,,,,,,,,,,,,,,,,,,,,,,,,,,,,,33759,0.17053546011447906
,,,20,,,,,,,,,,,,,,,,,,,,,,,,,,,,,33769,0.03952709957957268
,,,20,,,,,,,,,,,,,,,,,,,,,,,,,,,,,33779,0.09874316304922104
,,,20,,,,,,,,,,,,,,,,,,,,,,,,,,,,,33789,0.40982896089553833
,,,20,,,,,,,,,,,,,,,,,,,,,,,,,,,,,33799,0.065218485891819
,,,20,,,,,,,,,,,,,,,,,,,,,,,,,,,,,33809,0.3290361762046814
,,,20,,,,,,,,,,,,,,,,,,,,,,,,,,,,,33819,0.010037889704108238
,,,20,,,,,,,,,,,,,,,,,,,,,,,,,,,,,33829,0.007956689223647118
,,,20,,,,,,,,,,,,,,,,,,,,,,,,,,,,,33839,0.4351518452167511
,,,20,,,,,,,,,,,,,,,,,,,,,,,,,,,,,33849,0.06124526262283325
,,,20,,,,,,,,,,,,,,,,,,,,,,,,,,,,,33859,0.008354698307812214
,,,20,,,,,,,,,,,,,,,,,,,,,,,,,,,,,33869,0.037029918283224106
,,,20,,,,,,,,,,,,,,,,,,,,,,,,,,,,,33879,0.1409175992012024
,,,20,,,,,,,,,,,,,,,,,,,,,,,,,,,,,33889,0.06853677332401276
,,,20,,,,,,,,,,,,,,,,,,,,,,,,,,,,,33899,0.08863947540521622
,,,20,,,,,,,,,,,,,,,,,,,,,,,,,,,,,33909,0.010847697034478188
,,,20,,,,,,,,,,,,,,,,,,,,,,,,,,,,,33919,0.41290971636772156
,,,20,,,,,,,,,,,,,,,,,,,,,,,,,,,,,33929,0.012835045345127583
,,,20,,,,,,,,,,,,,,,,,,,,,,,,,,,,,33939,0.2491670548915863
,,,20,,,,,,,,,,,,,,,,,,,,,,,,,,,,,33949,0.01964656077325344
,,,20,,,,,,,,,,,,,,,,,,,,,,,,,,,,,33959,0.03271788731217384
,,,20,,,,,,,,,,,,,,,,,,,,,,,,,,,,,33969,0.009743260219693184
,,,20,,,,,,,,,,,,,,,,,,,,,,,,,,,,,33979,0.03358803689479828
,,,20,,,,,,,,,,,,,,,,,,,,,,,,,,,,,33989,0.8670796751976013
,,,20,,,,,,,,,,,,,,,,,,,,,,,,,,,,,33999,0.1112569198012352
,,,20,,,,,,,,,,,,,,,,,,,,,,,,,,,,,34009,0.3079894781112671
,,,20,,,,,,,,,,,,,,,,,,,,,,,,,,,,,34019,0.12825654447078705
,,,20,,,,,,,,,,,,,,,,,,,,,,,,,,,,,34029,0.3417327404022217
,,,20,,,,,,,,,,,,,,,,,,,,,,,,,,,,,34039,0.12653659284114838
,,,20,,,,,,,,,,,,,,,,,,,,,,,,,,,,,34049,0.24874210357666016
,,,20,,,,,,,,,,,,,,,,,,,,,,,,,,,,,34059,0.49222317337989807
,,,20,,,,,,,,,,,,,,,,,,,,,,,,,,,,,34069,0.021776502951979637
,,,20,,,,,,,,,,,,,,,,,,,,,,,,,,,,,34079,0.0033653154969215393
,,,20,,,,,,,,,,,,,,,,,,,,,,,,,,,,,34089,0.09391148388385773
,,,20,,,,,,,,,,,,,,,,,,,,,,,,,,,,,34099,0.005302039906382561
,,,20,,,,,,,,,,,,,,,,,,,,,,,,,,,,,34109,0.19325792789459229
,,,20,,,,,,,,,,,,,,,,,,,,,,,,,,,,,34119,0.016377385705709457
,,,20,,,,,,,,,,,,,,,,,,,,,,,,,,,,,34129,1.5183764696121216
,,,20,,,,,,,,,,,,,,,,,,,,,,,,,,,,,34139,0.07202602177858353
,,,20,,,,,,,,,,,,,,,,,,,,,,,,,,,,,34149,0.30736783146858215
,,,20,,,,,,,,,,,,,,,,,,,,,,,,,,,,,34159,0.008981330320239067
,,,20,,,,,,,,,,,,,,,,,,,,,,,,,,,,,34169,0.012512801215052605
,,,20,,,,,,,,,,,,,,,,,,,,,,,,,,,,,34179,0.2028387188911438
,,,20,,,,,,,,,,,,,,,,,,,,,,,,,,,,,34189,0.017542121931910515
,,,20,,,,,,,,,,,,,,,,,,,,,,,,,,,,,34199,0.004576087463647127
,,,20,,,,,,,,,,,,,,,,,,,,,,,,,,,,,34209,0.21037881076335907
,,,20,,,,,,,,,,,,,,,,,,,,,,,,,,,,,34219,0.4387453496456146
,,,20,,,,,,,,,,,,,,,,,,,,,,,,,,,,,34229,0.08323536813259125
,,,20,,,,,,,,,,,,,,,,,,,,,,,,,,,,,34239,0.17432370781898499
,,,20,,,,,,,,,,,,,,,,,,,,,,,,,,,,,34249,0.09068438410758972
,,,20,,,,,,,,,,,,,,,,,,,,,,,,,,,,,34259,0.014967715367674828
,,,20,,,,,,,,,,,,,,,,,,,,,,,,,,,,,34269,0.28987255692481995
,,,20,,,,,,,,,,,,,,,,,,,,,,,,,,,,,34279,0.7725696563720703
,,,20,,,,,,,,,,,,,,,,,,,,,,,,,,,,,34289,0.2787703275680542
,,,20,,,,,,,,,,,,,,,,,,,,,,,,,,,,,34299,0.033618535846471786
,,,20,,,,,,,,,,,,,,,,,,,,,,,,,,,,,34309,0.20397423207759857
,,,20,,,,,,,,,,,,,,,,,,,,,,,,,,,,,34319,0.6469873785972595
,,,20,,,,,,,,,,,,,,,,,,,,,,,,,,,,,34329,0.0035606794990599155
,,,20,,,,,,,,,,,,,,,,,,,,,,,,,,,,,34339,0.13767260313034058
,,,20,,,,,,,,,,,,,,,,,,,,,,,,,,,,,34349,0.21140554547309875
,,,20,,,,,,,,,,,,,,,,,,,,,,,,,,,,,34359,0.09767843782901764
,,,20,,,,,,,,,,,,,,,,,,,,,,,,,,,,,34369,0.007393027190119028
,,,20,,,,,,,,,,,,,,,,,,,,,,,,,,,,,34379,0.22173888981342316
,,,20,,,,,,,,,,,,,,,,,,,,,,,,,,,,,34389,0.002919216873124242
,,,20,,,,,,,,,,,,,,,,,,,,,,,,,,,,,34399,0.010692952200770378
,,,20,,,,,,,,,,,,,,,,,,,,,,,,,,,,,34409,0.285624235868454
,,,20,,,,,,,,,,,,,,,,,,,,,,,,,,,,,34419,0.026557693257927895
,,,20,,,,,,,,,,,,,,,,,,,,,,,,,,,,,34429,0.1062610000371933
,,,20,,,,,,,,,,,,,,,,,,,,,,,,,,,,,34439,0.10664930194616318
,,,20,,,,,,,,,,,,,,,,,,,,,,,,,,,,,34449,0.020366474986076355
,,,20,,,,,,,,,,,,,,,,,,,,,,,,,,,,,34459,0.024953369051218033
,,,20,,,,,,,,,,,,,,,,,,,,,,,,,,,,,34469,0.024952292442321777
,,,20,,,,,,,,,,,,,,,,,,,,,,,,,,,,,34479,0.01995304971933365
,,,20,,,,,,,,,,,,,,,,,,,,,,,,,,,,,34489,0.011272738687694073
,,,20,,,,,,,,,,,,,,,,,,,,,,,,,,,,,34499,0.4859141409397125
,,,20,,,,,,,,,,,,,,,,,,,,,,,,,,,,,34509,0.7759978771209717
,,,20,,,,,,,,,,,,,,,,,,,,,,,,,,,,,34519,0.02253316529095173
,,,20,,,,,,,,,,,,,,,,,,,,,,,,,,,,,34529,0.06505566835403442
,,,20,,,,,,,,,,,,,,,,,,,,,,,,,,,,,34539,0.6846489906311035
,,,20,,,,,,,,,,,,,,,,,,,,,,,,,,,,,34549,0.004298783838748932
,,,20,,,,,,,,,,,,,,,,,,,,,,,,,,,,,34559,0.023919664323329926
,,,20,,,,,,,,,,,,,,,,,,,,,,,,,,,,,34569,0.5614624619483948
,,,20,,,,,,,,,,,,,,,,,,,,,,,,,,,,,34579,0.049962785094976425
,,,20,,,,,,,,,,,,,,,,,,,,,,,,,,,,,34589,0.019002990797162056
,,,20,,,,,,,,,,,,,,,,,,,,,,,,,,,,,34599,0.12539967894554138
,,,20,,,,,,,,,,,,,,,,,,,,,,,,,,,,,34609,1.3518970012664795
,,,20,,,,,,,,,,,,,,,,,,,,,,,,,,,,,34619,0.015578128397464752
,,,20,,,,,,,,,,,,,,,,,,,,,,,,,,,,,34629,0.27968087792396545
,,,20,,,,,,,,,,,,,,,,,,,,,,,,,,,,,34639,0.008881241083145142
,,,20,,,,,,,,,,,,,,,,,,,,,,,,,,,,,34649,0.00622193468734622
,,,20,,,,,,,,,,,,,,,,,,,,,,,,,,,,,34659,0.47619321942329407
,,,20,,,,,,,,,,,,,,,,,,,,,,,,,,,,,34669,0.0541657954454422
,,,20,,,,,,,,,,,,,,,,,,,,,,,,,,,,,34679,0.024355614557862282
,,,20,,,,,,,,,,,,,,,,,,,,,,,,,,,,,34689,0.49232324957847595
,,,20,,,,,,,,,,,,,,,,,,,,,,,,,,,,,34699,1.051181674003601
,,,20,,,,,,,,,,,,,,,,,,,,,,,,,,,,,34709,0.0070955511182546616
,,,20,,,,,,,,,,,,,,,,,,,,,,,,,,,,,34719,0.14030396938323975
,,,20,,,,,,,,,,,,,,,,,,,,,,,,,,,,,34729,0.04394819587469101
,,,20,,,,,,,,,,,,,,,,,,,,,,,,,,,,,34739,0.010677474550902843
,,,20,,,,,,,,,,,,,,,,,,,,,,,,,,,,,34749,0.01860189065337181
,,,20,,,,,,,,,,,,,,,,,,,,,,,,,,,,,34759,0.017911788076162338
,,,20,,,,,,,,,,,,,,,,,,,,,,,,,,,,,34769,0.4685240089893341
,,,20,,,,,,,,,,,,,,,,,,,,,,,,,,,,,34779,0.028791649267077446
,,,20,,,,,,,,,,,,,,,,,,,,,,,,,,,,,34789,0.018249433487653732
,,,20,,,,,,,,,,,,,,,,,,,,,,,,,,,,,34799,0.040994614362716675
,,,20,,,,,,,,,,,,,,,,,,,,,,,,,,,,,34809,0.5393191576004028
,,,20,,,,,,,,,,,,,,,,,,,,,,,,,,,,,34819,0.11926043778657913
,,,20,,,,,,,,,,,,,,,,,,,,,,,,,,,,,34829,0.013778536580502987
,,,20,,,,,,,,,,,,,,,,,,,,,,,,,,,,,34839,0.040287815034389496
,,,20,,,,,,,,,,,,,,,,,,,,,,,,,,,,,34849,0.629270076751709
,,,20,,,,,,,,,,,,,,,,,,,,,,,,,,,,,34859,0.5680568218231201
,,,20,,,,,,,,,,,,,,,,,,,,,,,,,,,,,34869,0.10981212556362152
,,,20,,,,,,,,,,,,,,,,,,,,,,,,,,,,,34879,0.014249727129936218
,,,20,,,,,,,,,,,,,,,,,,,,,,,,,,,,,34889,0.11033346503973007
,,,20,,,,,,,,,,,,,,,,,,,,,,,,,,,,,34899,0.018873240798711777
,,,,4.090734059523017e-07,2.2916475246793973e-06,3.5256115764298415e-06,3.5256115764298415e-06,5.4240178098920635e-06,5.4240178098920635e-06,8.344642784449328e-06,8.344642784449328e-06,1.283791197607589e-05,1.283791197607589e-05,1.975063380934752e-05,4.090734059523017e-07,1.975063380934752e-05,3.0385590475919263e-05,3.0385590475919263e-05,4.674706227064502e-05,4.674706227064502e-05,7.191855733945387e-05,7.191855733945387e-05,7.191855733945387e-05,7.191855733945387e-05,6.293437014650794e-07,6.293437014650794e-07,9.682210791770454e-07,9.682210791770454e-07,1.4895708910416082e-06,1.4895708910416082e-06,2.2916475246793973e-06,34902,
,,,21,,,,,,,,,,,,,,,,,,,,,,,,,,,,,34909,0.1687282770872116
,,,21,,,,,,,,,,,,,,,,,,,,,,,,,,,,,34919,0.2865297794342041
,,,21,,,,,,,,,,,,,,,,,,,,,,,,,,,,,34929,0.01117366086691618
,,,21,,,,,,,,,,,,,,,,,,,,,,,,,,,,,34939,0.003247245214879513
,,,21,,,,,,,,,,,,,,,,,,,,,,,,,,,,,34949,0.07240425050258636
,,,21,,,,,,,,,,,,,,,,,,,,,,,,,,,,,34959,0.44462281465530396
,,,21,,,,,,,,,,,,,,,,,,,,,,,,,,,,,34969,0.051646750420331955
,,,21,,,,,,,,,,,,,,,,,,,,,,,,,,,,,34979,0.07695981115102768
,,,21,,,,,,,,,,,,,,,,,,,,,,,,,,,,,34989,0.1151750236749649
,,,21,,,,,,,,,,,,,,,,,,,,,,,,,,,,,34999,0.08533622324466705
,,,21,,,,,,,,,,,,,,,,,,,,,,,,,,,,,35009,0.01240981463342905
,,,21,,,,,,,,,,,,,,,,,,,,,,,,,,,,,35019,0.06017213687300682
,,,21,,,,,,,,,,,,,,,,,,,,,,,,,,,,,35029,0.30352073907852173
,,,21,,,,,,,,,,,,,,,,,,,,,,,,,,,,,35039,0.23854729533195496
,,,21,,,,,,,,,,,,,,,,,,,,,,,,,,,,,35049,0.003184367436915636
,,,21,,,,,,,,,,,,,,,,,,,,,,,,,,,,,35059,0.4016658067703247
,,,21,,,,,,,,,,,,,,,,,,,,,,,,,,,,,35069,0.30109551548957825
,,,21,,,,,,,,,,,,,,,,,,,,,,,,,,,,,35079,0.0014488064916804433
,,,21,,,,,,,,,,,,,,,,,,,,,,,,,,,,,35089,0.27186644077301025
,,,21,,,,,,,,,,,,,,,,,,,,,,,,,,,,,35099,0.05244172737002373
,,,21,,,,,,,,,,,,,,,,,,,,,,,,,,,,,35109,0.004818818531930447
,,,21,,,,,,,,,,,,,,,,,,,,,,,,,,,,,35119,0.07559682428836823
,,,21,,,,,,,,,,,,,,,,,,,,,,,,,,,,,35129,0.039712972939014435
,,,21,,,,,,,,,,,,,,,,,,,,,,,,,,,,,35139,0.04581369832158089
,,,21,,,,,,,,,,,,,,,,,,,,,,,,,,,,,35149,0.018436651676893234
,,,21,,,,,,,,,,,,,,,,,,,,,,,,,,,,,35159,0.3771110773086548
,,,21,,,,,,,,,,,,,,,,,,,,,,,,,,,,,35169,0.01997903175652027
,,,21,,,,,,,,,,,,,,,,,,,,,,,,,,,,,35179,0.21070115268230438
,,,21,,,,,,,,,,,,,,,,,,,,,,,,,,,,,35189,0.00573823181912303
,,,21,,,,,,,,,,,,,,,,,,,,,,,,,,,,,35199,0.01064762007445097
,,,21,,,,,,,,,,,,,,,,,,,,,,,,,,,,,35209,0.7541435956954956
,,,21,,,,,,,,,,,,,,,,,,,,,,,,,,,,,35219,0.1724306046962738
,,,21,,,,,,,,,,,,,,,,,,,,,,,,,,,,,35229,0.02718753181397915
,,,21,,,,,,,,,,,,,,,,,,,,,,,,,,,,,35239,0.010368719696998596
,,,21,,,,,,,,,,,,,,,,,,,,,,,,,,,,,35249,1.7540977001190186
,,,21,,,,,,,,,,,,,,,,,,,,,,,,,,,,,35259,0.25312677025794983
,,,21,,,,,,,,,,,,,,,,,,,,,,,,,,,,,35269,0.09321817010641098
,,,21,,,,,,,,,,,,,,,,,,,,,,,,,,,,,35279,0.0075663416646420956
,,,21,,,,,,,,,,,,,,,,,,,,,,,,,,,,,35289,0.8242615461349487
,,,21,,,,,,,,,,,,,,,,,,,,,,,,,,,,,35299,0.1979367434978485
,,,21,,,,,,,,,,,,,,,,,,,,,,,,,,,,,35309,0.03820245712995529
,,,21,,,,,,,,,,,,,,,,,,,,,,,,,,,,,35319,0.020647577941417694
,,,21,,,,,,,,,,,,,,,,,,,,,,,,,,,,,35329,0.9778183698654175
,,,21,,,,,,,,,,,,,,,,,,,,,,,,,,,,,35339,0.46390223503112793
,,,21,,,,,,,,,,,,,,,,,,,,,,,,,,,,,35349,0.36724361777305603
,,,21,,,,,,,,,,,,,,,,,,,,,,,,,,,,,35359,0.01994430646300316
,,,21,,,,,,,,,,,,,,,,,,,,,,,,,,,,,35369,0.3042522668838501
,,,21,,,,,,,,,,,,,,,,,,,,,,,,,,,,,35379,0.7207332253456116
,,,21,,,,,,,,,,,,,,,,,,,,,,,,,,,,,35389,0.02279938943684101
,,,21,,,,,,,,,,,,,,,,,,,,,,,,,,,,,35399,0.0752120092511177
,,,21,,,,,,,,,,,,,,,,,,,,,,,,,,,,,35409,0.013569501228630543
,,,21,,,,,,,,,,,,,,,,,,,,,,,,,,,,,35419,0.025453999638557434
,,,21,,,,,,,,,,,,,,,,,,,,,,,,,,,,,35429,0.5504395365715027
,,,21,,,,,,,,,,,,,,,,,,,,,,,,,,,,,35439,0.04651639237999916
,,,21,,,,,,,,,,,,,,,,,,,,,,,,,,,,,35449,0.03763558343052864
,,,21,,,,,,,,,,,,,,,,,,,,,,,,,,,,,35459,0.6622525453567505
,,,21,,,,,,,,,,,,,,,,,,,,,,,,,,,,,35469,0.034142348915338516
,,,21,,,,,,,,,,,,,,,,,,,,,,,,,,,,,35479,0.2990427017211914
,,,21,,,,,,,,,,,,,,,,,,,,,,,,,,,,,35489,0.03512577340006828
,,,21,,,,,,,,,,,,,,,,,,,,,,,,,,,,,35499,0.14055198431015015
,,,21,,,,,,,,,,,,,,,,,,,,,,,,,,,,,35509,0.05257716029882431
,,,21,,,,,,,,,,,,,,,,,,,,,,,,,,,,,35519,0.07949330657720566
,,,21,,,,,,,,,,,,,,,,,,,,,,,,,,,,,35529,0.27937567234039307
,,,21,,,,,,,,,,,,,,,,,,,,,,,,,,,,,35539,0.03030410408973694
,,,21,,,,,,,,,,,,,,,,,,,,,,,,,,,,,35549,0.11092826724052429
,,,21,,,,,,,,,,,,,,,,,,,,,,,,,,,,,35559,0.010976548306643963
,,,21,,,,,,,,,,,,,,,,,,,,,,,,,,,,,35569,0.014151828363537788
,,,21,,,,,,,,,,,,,,,,,,,,,,,,,,,,,35579,0.13668911159038544
,,,21,,,,,,,,,,,,,,,,,,,,,,,,,,,,,35589,0.015144070610404015
,,,21,,,,,,,,,,,,,,,,,,,,,,,,,,,,,35599,0.010718312114477158
,,,21,,,,,,,,,,,,,,,,,,,,,,,,,,,,,35609,0.2687377333641052
,,,21,,,,,,,,,,,,,,,,,,,,,,,,,,,,,35619,0.4154815375804901
,,,21,,,,,,,,,,,,,,,,,,,,,,,,,,,,,35629,0.006825145334005356
,,,21,,,,,,,,,,,,,,,,,,,,,,,,,,,,,35639,0.09731180965900421
,,,21,,,,,,,,,,,,,,,,,,,,,,,,,,,,,35649,0.015819359570741653
,,,21,,,,,,,,,,,,,,,,,,,,,,,,,,,,,35659,0.02503141760826111
,,,21,,,,,,,,,,,,,,,,,,,,,,,,,,,,,35669,0.006508540362119675
,,,21,,,,,,,,,,,,,,,,,,,,,,,,,,,,,35679,0.023244325071573257
,,,21,,,,,,,,,,,,,,,,,,,,,,,,,,,,,35689,0.005429243668913841
,,,21,,,,,,,,,,,,,,,,,,,,,,,,,,,,,35699,0.6812567710876465
,,,21,,,,,,,,,,,,,,,,,,,,,,,,,,,,,35709,0.0019134801113978028
,,,21,,,,,,,,,,,,,,,,,,,,,,,,,,,,,35719,0.041209347546100616
,,,21,,,,,,,,,,,,,,,,,,,,,,,,,,,,,35729,0.21793508529663086
,,,21,,,,,,,,,,,,,,,,,,,,,,,,,,,,,35739,0.09498827159404755
,,,21,,,,,,,,,,,,,,,,,,,,,,,,,,,,,35749,0.06743045151233673
,,,21,,,,,,,,,,,,,,,,,,,,,,,,,,,,,35759,0.047735124826431274
,,,21,,,,,,,,,,,,,,,,,,,,,,,,,,,,,35769,0.03530439734458923
,,,21,,,,,,,,,,,,,,,,,,,,,,,,,,,,,35779,0.12336055189371109
,,,21,,,,,,,,,,,,,,,,,,,,,,,,,,,,,35789,0.01203162781894207
,,,21,,,,,,,,,,,,,,,,,,,,,,,,,,,,,35799,0.4630701541900635
,,,21,,,,,,,,,,,,,,,,,,,,,,,,,,,,,35809,0.0038071845192462206
,,,21,,,,,,,,,,,,,,,,,,,,,,,,,,,,,35819,0.10447067767381668
,,,21,,,,,,,,,,,,,,,,,,,,,,,,,,,,,35829,0.20057691633701324
,,,21,,,,,,,,,,,,,,,,,,,,,,,,,,,,,35839,0.5711719393730164
,,,21,,,,,,,,,,,,,,,,,,,,,,,,,,,,,35849,0.04654315859079361
,,,21,,,,,,,,,,,,,,,,,,,,,,,,,,,,,35859,0.04409857466816902
,,,21,,,,,,,,,,,,,,,,,,,,,,,,,,,,,35869,0.009471592493355274
,,,21,,,,,,,,,,,,,,,,,,,,,,,,,,,,,35879,0.46234750747680664
,,,21,,,,,,,,,,,,,,,,,,,,,,,,,,,,,35889,0.017317531630396843
,,,21,,,,,,,,,,,,,,,,,,,,,,,,,,,,,35899,0.04411875456571579
,,,21,,,,,,,,,,,,,,,,,,,,,,,,,,,,,35909,1.7367517948150635
,,,21,,,,,,,,,,,,,,,,,,,,,,,,,,,,,35919,0.07284381240606308
,,,21,,,,,,,,,,,,,,,,,,,,,,,,,,,,,35929,0.19746021926403046
,,,21,,,,,,,,,,,,,,,,,,,,,,,,,,,,,35939,0.18659207224845886
,,,21,,,,,,,,,,,,,,,,,,,,,,,,,,,,,35949,0.1271582692861557
,,,21,,,,,,,,,,,,,,,,,,,,,,,,,,,,,35959,0.1910654455423355
,,,21,,,,,,,,,,,,,,,,,,,,,,,,,,,,,35969,0.019194599241018295
,,,21,,,,,,,,,,,,,,,,,,,,,,,,,,,,,35979,0.005252431146800518
,,,21,,,,,,,,,,,,,,,,,,,,,,,,,,,,,35989,0.020395752042531967
,,,21,,,,,,,,,,,,,,,,,,,,,,,,,,,,,35999,0.005458778236061335
,,,21,,,,,,,,,,,,,,,,,,,,,,,,,,,,,36009,0.4673148989677429
,,,21,,,,,,,,,,,,,,,,,,,,,,,,,,,,,36019,0.23400917649269104
,,,21,,,,,,,,,,,,,,,,,,,,,,,,,,,,,36029,0.04823555797338486
,,,21,,,,,,,,,,,,,,,,,,,,,,,,,,,,,36039,0.5803854465484619
,,,21,,,,,,,,,,,,,,,,,,,,,,,,,,,,,36049,0.03507174178957939
,,,21,,,,,,,,,,,,,,,,,,,,,,,,,,,,,36059,0.016174308955669403
,,,21,,,,,,,,,,,,,,,,,,,,,,,,,,,,,36069,0.0696047767996788
,,,21,,,,,,,,,,,,,,,,,,,,,,,,,,,,,36079,0.09142717719078064
,,,21,,,,,,,,,,,,,,,,,,,,,,,,,,,,,36089,0.003720332169905305
,,,21,,,,,,,,,,,,,,,,,,,,,,,,,,,,,36099,0.42284971475601196
,,,21,,,,,,,,,,,,,,,,,,,,,,,,,,,,,36109,0.007497721817344427
,,,21,,,,,,,,,,,,,,,,,,,,,,,,,,,,,36119,1.099049687385559
,,,21,,,,,,,,,,,,,,,,,,,,,,,,,,,,,36129,0.2532247304916382
,,,21,,,,,,,,,,,,,,,,,,,,,,,,,,,,,36139,0.0742458701133728
,,,21,,,,,,,,,,,,,,,,,,,,,,,,,,,,,36149,0.8729711174964905
,,,21,,,,,,,,,,,,,,,,,,,,,,,,,,,,,36159,0.015076023526489735
,,,21,,,,,,,,,,,,,,,,,,,,,,,,,,,,,36169,0.03386988490819931
,,,21,,,,,,,,,,,,,,,,,,,,,,,,,,,,,36179,0.21105287969112396
,,,21,,,,,,,,,,,,,,,,,,,,,,,,,,,,,36189,0.016616802662611008
,,,21,,,,,,,,,,,,,,,,,,,,,,,,,,,,,36199,0.02312934398651123
,,,21,,,,,,,,,,,,,,,,,,,,,,,,,,,,,36209,0.2481413632631302
,,,21,,,,,,,,,,,,,,,,,,,,,,,,,,,,,36219,0.4202519953250885
,,,21,,,,,,,,,,,,,,,,,,,,,,,,,,,,,36229,0.003986661322414875
,,,21,,,,,,,,,,,,,,,,,,,,,,,,,,,,,36239,0.11328115314245224
,,,21,,,,,,,,,,,,,,,,,,,,,,,,,,,,,36249,0.0050917742773890495
,,,21,,,,,,,,,,,,,,,,,,,,,,,,,,,,,36259,0.005385729484260082
,,,21,,,,,,,,,,,,,,,,,,,,,,,,,,,,,36269,0.09957657754421234
,,,21,,,,,,,,,,,,,,,,,,,,,,,,,,,,,36279,0.008385664783418179
,,,21,,,,,,,,,,,,,,,,,,,,,,,,,,,,,36289,0.10216094553470612
,,,21,,,,,,,,,,,,,,,,,,,,,,,,,,,,,36299,0.005583681166172028
,,,21,,,,,,,,,,,,,,,,,,,,,,,,,,,,,36309,0.0031915369909256697
,,,21,,,,,,,,,,,,,,,,,,,,,,,,,,,,,36319,0.046831704676151276
,,,21,,,,,,,,,,,,,,,,,,,,,,,,,,,,,36329,0.21627502143383026
,,,21,,,,,,,,,,,,,,,,,,,,,,,,,,,,,36339,0.027032865211367607
,,,21,,,,,,,,,,,,,,,,,,,,,,,,,,,,,36349,0.01103181578218937
,,,21,,,,,,,,,,,,,,,,,,,,,,,,,,,,,36359,0.1529538780450821
,,,21,,,,,,,,,,,,,,,,,,,,,,,,,,,,,36369,0.0055684191174805164
,,,21,,,,,,,,,,,,,,,,,,,,,,,,,,,,,36379,0.0105936573818326
,,,21,,,,,,,,,,,,,,,,,,,,,,,,,,,,,36389,0.19185982644557953
,,,21,,,,,,,,,,,,,,,,,,,,,,,,,,,,,36399,0.01286191213876009
,,,21,,,,,,,,,,,,,,,,,,,,,,,,,,,,,36409,0.020999537780880928
,,,21,,,,,,,,,,,,,,,,,,,,,,,,,,,,,36419,0.010812018066644669
,,,21,,,,,,,,,,,,,,,,,,,,,,,,,,,,,36429,0.42749327421188354
,,,21,,,,,,,,,,,,,,,,,,,,,,,,,,,,,36439,0.6630968451499939
,,,21,,,,,,,,,,,,,,,,,,,,,,,,,,,,,36449,0.036453429609537125
,,,21,,,,,,,,,,,,,,,,,,,,,,,,,,,,,36459,0.7222030758857727
,,,21,,,,,,,,,,,,,,,,,,,,,,,,,,,,,36469,0.15459641814231873
,,,21,,,,,,,,,,,,,,,,,,,,,,,,,,,,,36479,0.3646409213542938
,,,21,,,,,,,,,,,,,,,,,,,,,,,,,,,,,36489,0.01666482724249363
,,,21,,,,,,,,,,,,,,,,,,,,,,,,,,,,,36499,0.23170779645442963
,,,21,,,,,,,,,,,,,,,,,,,,,,,,,,,,,36509,0.044151823967695236
,,,21,,,,,,,,,,,,,,,,,,,,,,,,,,,,,36519,0.0638449564576149
,,,21,,,,,,,,,,,,,,,,,,,,,,,,,,,,,36529,0.1289232075214386
,,,21,,,,,,,,,,,,,,,,,,,,,,,,,,,,,36539,0.043378982692956924
,,,21,,,,,,,,,,,,,,,,,,,,,,,,,,,,,36549,0.17460571229457855
,,,21,,,,,,,,,,,,,,,,,,,,,,,,,,,,,36559,0.12900327146053314
,,,,3.909387380777291e-07,2.1900563037861647e-06,3.3693173904402533e-06,3.3693173904402533e-06,5.183565216061927e-06,5.183565216061927e-06,7.97471571701835e-06,7.97471571701835e-06,1.226879341079746e-05,1.226879341079746e-05,1.8875066785842246e-05,3.909387380777291e-07,1.8875066785842246e-05,2.9038564285911148e-05,2.9038564285911148e-05,4.4674714286017154e-05,4.4674714286017154e-05,6.873032967079561e-05,6.873032967079561e-05,6.873032967079561e-05,6.873032967079561e-05,6.014442124272754e-07,6.014442124272754e-07,9.252987883496547e-07,9.252987883496547e-07,1.423536597461007e-06,1.423536597461007e-06,2.1900563037861647e-06,36564,
,,,22,,,,,,,,,,,,,,,,,,,,,,,,,,,,,36569,0.006427681539207697
,,,22,,,,,,,,,,,,,,,,,,,,,,,,,,,,,36579,0.018564054742455482
,,,22,,,,,,,,,,,,,,,,,,,,,,,,,,,,,36589,0.23814243078231812
,,,22,,,,,,,,,,,,,,,,,,,,,,,,,,,,,36599,0.435489296913147
,,,22,,,,,,,,,,,,,,,,,,,,,,,,,,,,,36609,0.25029411911964417
,,,22,,,,,,,,,,,,,,,,,,,,,,,,,,,,,36619,0.04693707451224327
,,,22,,,,,,,,,,,,,,,,,,,,,,,,,,,,,36629,0.012244117446243763
,,,22,,,,,,,,,,,,,,,,,,,,,,,,,,,,,36639,0.5179474949836731
,,,22,,,,,,,,,,,,,,,,,,,,,,,,,,,,,36649,0.605664849281311
,,,22,,,,,,,,,,,,,,,,,,,,,,,,,,,,,36659,0.2958834171295166
,,,22,,,,,,,,,,,,,,,,,,,,,,,,,,,,,36669,0.1243518590927124
,,,22,,,,,,,,,,,,,,,,,,,,,,,,,,,,,36679,0.03130055591464043
,,,22,,,,,,,,,,,,,,,,,,,,,,,,,,,,,36689,0.0062280516140162945
,,,22,,,,,,,,,,,,,,,,,,,,,,,,,,,,,36699,0.16420139372348785
,,,22,,,,,,,,,,,,,,,,,,,,,,,,,,,,,36709,0.40007832646369934
,,,22,,,,,,,,,,,,,,,,,,,,,,,,,,,,,36719,0.01813191920518875
,,,22,,,,,,,,,,,,,,,,,,,,,,,,,,,,,36729,0.07248371094465256
,,,22,,,,,,,,,,,,,,,,,,,,,,,,,,,,,36739,0.22096867859363556
,,,22,,,,,,,,,,,,,,,,,,,,,,,,,,,,,36749,0.06413199752569199
,,,22,,,,,,,,,,,,,,,,,,,,,,,,,,,,,36759,0.02013176679611206
,,,22,,,,,,,,,,,,,,,,,,,,,,,,,,,,,36769,0.01123712956905365
,,,22,,,,,,,,,,,,,,,,,,,,,,,,,,,,,36779,0.014321637339890003
,,,22,,,,,,,,,,,,,,,,,,,,,,,,,,,,,36789,0.13295292854309082
,,,22,,,,,,,,,,,,,,,,,,,,,,,,,,,,,36799,0.003065497614443302
,,,22,,,,,,,,,,,,,,,,,,,,,,,,,,,,,36809,0.04436926916241646
,,,22,,,,,,,,,,,,,,,,,,,,,,,,,,,,,36819,0.015334011986851692
,,,22,,,,,,,,,,,,,,,,,,,,,,,,,,,,,36829,0.011446126736700535
,,,22,,,,,,,,,,,,,,,,,,,,,,,,,,,,,36839,0.007375539746135473
,,,22,,,,,,,,,,,,,,,,,,,,,,,,,,,,,36849,0.008389836177229881
,,,22,,,,,,,,,,,,,,,,,,,,,,,,,,,,,36859,0.6775304079055786
,,,22,,,,,,,,,,,,,,,,,,,,,,,,,,,,,36869,0.03139594569802284
,,,22,,,,,,,,,,,,,,,,,,,,,,,,,,,,,36879,0.2344261258840561
,,,22,,,,,,,,,,,,,,,,,,,,,,,,,,,,,36889,0.012988241389393806
,,,22,,,,,,,,,,,,,,,,,,,,,,,,,,,,,36899,0.003030560677871108
,,,22,,,,,,,,,,,,,,,,,,,,,,,,,,,,,36909,0.0022421949543058872
,,,22,,,,,,,,,,,,,,,,,,,,,,,,,,,,,36919,0.013431995175778866
,,,22,,,,,,,,,,,,,,,,,,,,,,,,,,,,,36929,0.2991236746311188
,,,22,,,,,,,,,,,,,,,,,,,,,,,,,,,,,36939,0.18319553136825562
,,,22,,,,,,,,,,,,,,,,,,,,,,,,,,,,,36949,0.17119570076465607
,,,22,,,,,,,,,,,,,,,,,,,,,,,,,,,,,36959,0.3168438971042633
,,,22,,,,,,,,,,,,,,,,,,,,,,,,,,,,,36969,0.06801190227270126
,,,22,,,,,,,,,,,,,,,,,,,,,,,,,,,,,36979,0.0091697433963418
,,,22,,,,,,,,,,,,,,,,,,,,,,,,,,,,,36989,0.001916385255753994
,,,22,,,,,,,,,,,,,,,,,,,,,,,,,,,,,36999,0.03014831431210041
,,,22,,,,,,,,,,,,,,,,,,,,,,,,,,,,,37009,0.10473065823316574
,,,22,,,,,,,,,,,,,,,,,,,,,,,,,,,,,37019,0.01516456063836813
,,,22,,,,,,,,,,,,,,,,,,,,,,,,,,,,,37029,0.29660093784332275
,,,22,,,,,,,,,,,,,,,,,,,,,,,,,,,,,37039,0.12927773594856262
,,,22,,,,,,,,,,,,,,,,,,,,,,,,,,,,,37049,0.010691681876778603
,,,22,,,,,,,,,,,,,,,,,,,,,,,,,,,,,37059,0.0028844133485108614
,,,22,,,,,,,,,,,,,,,,,,,,,,,,,,,,,37069,0.11461623013019562
,,,22,,,,,,,,,,,,,,,,,,,,,,,,,,,,,37079,0.03677902743220329
,,,22,,,,,,,,,,,,,,,,,,,,,,,,,,,,,37089,0.06202017888426781
,,,22,,,,,,,,,,,,,,,,,,,,,,,,,,,,,37099,0.6763792037963867
,,,22,,,,,,,,,,,,,,,,,,,,,,,,,,,,,37109,0.020746564492583275
,,,22,,,,,,,,,,,,,,,,,,,,,,,,,,,,,37119,0.04317028447985649
,,,22,,,,,,,,,,,,,,,,,,,,,,,,,,,,,37129,0.022142872214317322
,,,22,,,,,,,,,,,,,,,,,,,,,,,,,,,,,37139,0.015518298372626305
,,,22,,,,,,,,,,,,,,,,,,,,,,,,,,,,,37149,0.004728706553578377
,,,22,,,,,,,,,,,,,,,,,,,,,,,,,,,,,37159,0.02624593675136566
,,,22,,,,,,,,,,,,,,,,,,,,,,,,,,,,,37169,0.01040919404476881
,,,22,,,,,,,,,,,,,,,,,,,,,,,,,,,,,37179,0.22908757627010345
,,,22,,,,,,,,,,,,,,,,,,,,,,,,,,,,,37189,0.28555652499198914
,,,22,,,,,,,,,,,,,,,,,,,,,,,,,,,,,37199,0.0049951039254665375
,,,22,,,,,,,,,,,,,,,,,,,,,,,,,,,,,37209,0.039458323270082474
,,,22,,,,,,,,,,,,,,,,,,,,,,,,,,,,,37219,0.466038316488266
,,,22,,,,,,,,,,,,,,,,,,,,,,,,,,,,,37229,0.2384803146123886
,,,22,,,,,,,,,,,,,,,,,,,,,,,,,,,,,37239,0.020705023780465126
,,,22,,,,,,,,,,,,,,,,,,,,,,,,,,,,,37249,0.007114714477211237
,,,22,,,,,,,,,,,,,,,,,,,,,,,,,,,,,37259,0.16541551053524017
,,,22,,,,,,,,,,,,,,,,,,,,,,,,,,,,,37269,0.03377848118543625
,,,22,,,,,,,,,,,,,,,,,,,,,,,,,,,,,37279,0.006831374019384384
,,,22,,,,,,,,,,,,,,,,,,,,,,,,,,,,,37289,0.01210224162787199
,,,22,,,,,,,,,,,,,,,,,,,,,,,,,,,,,37299,0.8079217076301575
,,,22,,,,,,,,,,,,,,,,,,,,,,,,,,,,,37309,0.27315372228622437
,,,22,,,,,,,,,,,,,,,,,,,,,,,,,,,,,37319,0.1801474541425705
,,,22,,,,,,,,,,,,,,,,,,,,,,,,,,,,,37329,0.0019292704528197646
,,,22,,,,,,,,,,,,,,,,,,,,,,,,,,,,,37339,0.09720413386821747
,,,22,,,,,,,,,,,,,,,,,,,,,,,,,,,,,37349,0.13005182147026062
,,,22,,,,,,,,,,,,,,,,,,,,,,,,,,,,,37359,0.3181707262992859
,,,22,,,,,,,,,,,,,,,,,,,,,,,,,,,,,37369,0.20442073047161102
,,,22,,,,,,,,,,,,,,,,,,,,,,,,,,,,,37379,0.009282073006033897
,,,22,,,,,,,,,,,,,,,,,,,,,,,,,,,,,37389,0.4687676429748535
,,,22,,,,,,,,,,,,,,,,,,,,,,,,,,,,,37399,0.0938771441578865
,,,22,,,,,,,,,,,,,,,,,,,,,,,,,,,,,37409,0.06558908522129059
,,,22,,,,,,,,,,,,,,,,,,,,,,,,,,,,,37419,0.0291585773229599
,,,22,,,,,,,,,,,,,,,,,,,,,,,,,,,,,37429,0.17215663194656372
,,,22,,,,,,,,,,,,,,,,,,,,,,,,,,,,,37439,0.00633023539558053
,,,22,,,,,,,,,,,,,,,,,,,,,,,,,,,,,37449,0.007489381358027458
,,,22,,,,,,,,,,,,,,,,,,,,,,,,,,,,,37459,0.044162239879369736
,,,22,,,,,,,,,,,,,,,,,,,,,,,,,,,,,37469,0.0036757683847099543
,,,22,,,,,,,,,,,,,,,,,,,,,,,,,,,,,37479,0.004921759013086557
,,,22,,,,,,,,,,,,,,,,,,,,,,,,,,,,,37489,0.01342223584651947
,,,22,,,,,,,,,,,,,,,,,,,,,,,,,,,,,37499,0.25058266520500183
,,,22,,,,,,,,,,,,,,,,,,,,,,,,,,,,,37509,0.013512179255485535
,,,22,,,,,,,,,,,,,,,,,,,,,,,,,,,,,37519,0.18024319410324097
,,,22,,,,,,,,,,,,,,,,,,,,,,,,,,,,,37529,1.7840371131896973
,,,22,,,,,,,,,,,,,,,,,,,,,,,,,,,,,37539,0.20601965487003326
,,,22,,,,,,,,,,,,,,,,,,,,,,,,,,,,,37549,0.38015812635421753
,,,22,,,,,,,,,,,,,,,,,,,,,,,,,,,,,37559,0.018985269591212273
,,,22,,,,,,,,,,,,,,,,,,,,,,,,,,,,,37569,0.007452134042978287
,,,22,,,,,,,,,,,,,,,,,,,,,,,,,,,,,37579,0.7206127643585205
,,,22,,,,,,,,,,,,,,,,,,,,,,,,,,,,,37589,0.17683149874210358
,,,22,,,,,,,,,,,,,,,,,,,,,,,,,,,,,37599,0.7495461106300354
,,,22,,,,,,,,,,,,,,,,,,,,,,,,,,,,,37609,0.09664859622716904
,,,22,,,,,,,,,,,,,,,,,,,,,,,,,,,,,37619,0.027012599632143974
,,,22,,,,,,,,,,,,,,,,,,,,,,,,,,,,,37629,0.8996068835258484
,,,22,,,,,,,,,,,,,,,,,,,,,,,,,,,,,37639,0.016251636669039726
,,,22,,,,,,,,,,,,,,,,,,,,,,,,,,,,,37649,0.016698502004146576
,,,22,,,,,,,,,,,,,,,,,,,,,,,,,,,,,37659,0.003706923685967922
,,,22,,,,,,,,,,,,,,,,,,,,,,,,,,,,,37669,0.31922972202301025
,,,22,,,,,,,,,,,,,,,,,,,,,,,,,,,,,37679,0.03832847252488136
,,,22,,,,,,,,,,,,,,,,,,,,,,,,,,,,,37689,0.02653738111257553
,,,22,,,,,,,,,,,,,,,,,,,,,,,,,,,,,37699,0.08223184198141098
,,,22,,,,,,,,,,,,,,,,,,,,,,,,,,,,,37709,0.03866925090551376
,,,22,,,,,,,,,,,,,,,,,,,,,,,,,,,,,37719,0.04787814989686012
,,,22,,,,,,,,,,,,,,,,,,,,,,,,,,,,,37729,0.013499460183084011
,,,22,,,,,,,,,,,,,,,,,,,,,,,,,,,,,37739,0.5765877962112427
,,,22,,,,,,,,,,,,,,,,,,,,,,,,,,,,,37749,0.035261061042547226
,,,22,,,,,,,,,,,,,,,,,,,,,,,,,,,,,37759,1.1004923582077026
,,,22,,,,,,,,,,,,,,,,,,,,,,,,,,,,,37769,0.3365517854690552
,,,22,,,,,,,,,,,,,,,,,,,,,,,,,,,,,37779,0.02057306468486786
,,,22,,,,,,,,,,,,,,,,,,,,,,,,,,,,,37789,0.19898542761802673
,,,22,,,,,,,,,,,,,,,,,,,,,,,,,,,,,37799,0.1223682165145874
,,,22,,,,,,,,,,,,,,,,,,,,,,,,,,,,,37809,0.311805784702301
,,,22,,,,,,,,,,,,,,,,,,,,,,,,,,,,,37819,0.016626764088869095
,,,22,,,,,,,,,,,,,,,,,,,,,,,,,,,,,37829,0.8036826252937317
,,,22,,,,,,,,,,,,,,,,,,,,,,,,,,,,,37839,0.12903283536434174
,,,22,,,,,,,,,,,,,,,,,,,,,,,,,,,,,37849,0.09682174772024155
,,,22,,,,,,,,,,,,,,,,,,,,,,,,,,,,,37859,0.16895908117294312
,,,22,,,,,,,,,,,,,,,,,,,,,,,,,,,,,37869,0.01720569282770157
,,,22,,,,,,,,,,,,,,,,,,,,,,,,,,,,,37879,0.010274998843669891
,,,22,,,,,,,,,,,,,,,,,,,,,,,,,,,,,37889,0.05760558322072029
,,,22,,,,,,,,,,,,,,,,,,,,,,,,,,,,,37899,0.11442878842353821
,,,22,,,,,,,,,,,,,,,,,,,,,,,,,,,,,37909,0.10655350983142853
,,,22,,,,,,,,,,,,,,,,,,,,,,,,,,,,,37919,0.019954804331064224
,,,22,,,,,,,,,,,,,,,,,,,,,,,,,,,,,37929,0.1412702053785324
,,,22,,,,,,,,,,,,,,,,,,,,,,,,,,,,,37939,0.3717980980873108
,,,22,,,,,,,,,,,,,,,,,,,,,,,,,,,,,37949,0.013219955377280712
,,,22,,,,,,,,,,,,,,,,,,,,,,,,,,,,,37959,0.062007348984479904
,,,22,,,,,,,,,,,,,,,,,,,,,,,,,,,,,37969,0.09630949050188065
,,,22,,,,,,,,,,,,,,,,,,,,,,,,,,,,,37979,1.0020970106124878
,,,22,,,,,,,,,,,,,,,,,,,,,,,,,,,,,37989,0.005986673291772604
,,,22,,,,,,,,,,,,,,,,,,,,,,,,,,,,,37999,0.894514262676239
,,,22,,,,,,,,,,,,,,,,,,,,,,,,,,,,,38009,0.007954247295856476
,,,22,,,,,,,,,,,,,,,,,,,,,,,,,,,,,38019,0.010800957679748535
,,,22,,,,,,,,,,,,,,,,,,,,,,,,,,,,,38029,0.051759880036115646
,,,22,,,,,,,,,,,,,,,,,,,,,,,,,,,,,38039,0.18004123866558075
,,,22,,,,,,,,,,,,,,,,,,,,,,,,,,,,,38049,0.03448108583688736
,,,22,,,,,,,,,,,,,,,,,,,,,,,,,,,,,38059,0.047933947294950485
,,,22,,,,,,,,,,,,,,,,,,,,,,,,,,,,,38069,0.2410379946231842
,,,22,,,,,,,,,,,,,,,,,,,,,,,,,,,,,38079,0.5496184825897217
,,,22,,,,,,,,,,,,,,,,,,,,,,,,,,,,,38089,0.07730979472398758
,,,22,,,,,,,,,,,,,,,,,,,,,,,,,,,,,38099,0.08182833343744278
,,,22,,,,,,,,,,,,,,,,,,,,,,,,,,,,,38109,0.011529075913131237
,,,22,,,,,,,,,,,,,,,,,,,,,,,,,,,,,38119,0.791549563407898
,,,22,,,,,,,,,,,,,,,,,,,,,,,,,,,,,38129,0.008416937664151192
,,,22,,,,,,,,,,,,,,,,,,,,,,,,,,,,,38139,0.008836097083985806
,,,22,,,,,,,,,,,,,,,,,,,,,,,,,,,,,38149,0.01106968428939581
,,,22,,,,,,,,,,,,,,,,,,,,,,,,,,,,,38159,0.04928772151470184
,,,22,,,,,,,,,,,,,,,,,,,,,,,,,,,,,38169,0.1183256208896637
,,,22,,,,,,,,,,,,,,,,,,,,,,,,,,,,,38179,0.01864880509674549
,,,22,,,,,,,,,,,,,,,,,,,,,,,,,,,,,38189,0.13592477142810822
,,,22,,,,,,,,,,,,,,,,,,,,,,,,,,,,,38199,0.045851148664951324
,,,22,,,,,,,,,,,,,,,,,,,,,,,,,,,,,38209,0.0034862826578319073
,,,22,,,,,,,,,,,,,,,,,,,,,,,,,,,,,38219,0.5296126008033752
,,,,3.722850263882052e-07,2.0855573762162682e-06,3.208549809563489e-06,3.208549809563489e-06,4.936230476251522e-06,4.936230476251522e-06,7.594200732694648e-06,7.594200732694648e-06,1.168338574260715e-05,1.168338574260715e-05,1.7974439604011e-05,3.722850263882052e-07,1.7974439604011e-05,2.7652984006170768e-05,2.7652984006170768e-05,4.2543052317185797e-05,4.2543052317185797e-05,6.545084971874738e-05,6.545084971874738e-05,6.545084971874738e-05,6.545084971874738e-05,5.727461944433926e-07,5.727461944433926e-07,8.811479914513733e-07,8.811479914513733e-07,1.3556122945405742e-06,1.3556122945405742e-06,2.0855573762162682e-06,38226,
,,,23,,,,,,,,,,,,,,,,,,,,,,,,,,,,,38229,0.12109599262475967
,,,23,,,,,,,,,,,,,,,,,,,,,,,,,,,,,38239,0.3017745018005371
,,,23,,,,,,,,,,,,,,,,,,,,,,,,,,,,,38249,0.008218012750148773
,,,23,,,,,,,,,,,,,,,,,,,,,,,,,,,,,38259,0.014321980997920036
,,,23,,,,,,,,,,,,,,,,,,,,,,,,,,,,,38269,0.18960271775722504
,,,23,,,,,,,,,,,,,,,,,,,,,,,,,,,,,38279,0.15610873699188232
,,,23,,,,,,,,,,,,,,,,,,,,,,,,,,,,,38289,0.004479651805013418
,,,23,,,,,,,,,,,,,,,,,,,,,,,,,,,,,38299,0.2435341477394104
,,,23,,,,,,,,,,,,,,,,,,,,,,,,,,,,,38309,0.07660415023565292
,,,23,,,,,,,,,,,,,,,,,,,,,,,,,,,,,38319,0.07419043034315109
,,,23,,,,,,,,,,,,,,,,,,,,,,,,,,,,,38329,0.11869684606790543
,,,23,,,,,,,,,,,,,,,,,,,,,,,,,,,,,38339,0.13270524144172668
,,,23,,,,,,,,,,,,,,,,,,,,,,,,,,,,,38349,0.022425740957260132
,,,23,,,,,,,,,,,,,,,,,,,,,,,,,,,,,38359,0.579796552658081
,,,23,,,,,,,,,,,,,,,,,,,,,,,,,,,,,38369,0.11521058529615402
,,,23,,,,,,,,,,,,,,,,,,,,,,,,,,,,,38379,0.005491835065186024
,,,23,,,,,,,,,,,,,,,,,,,,,,,,,,,,,38389,0.15828391909599304
,,,23,,,,,,,,,,,,,,,,,,,,,,,,,,,,,38399,0.012112141586840153
,,,23,,,,,,,,,,,,,,,,,,,,,,,,,,,,,38409,0.13001085817813873
,,,23,,,,,,,,,,,,,,,,,,,,,,,,,,,,,38419,0.034446850419044495
,,,23,,,,,,,,,,,,,,,,,,,,,,,,,,,,,38429,0.54210364818573
,,,23,,,,,,,,,,,,,,,,,,,,,,,,,,,,,38439,0.011411949060857296
,,,23,,,,,,,,,,,,,,,,,,,,,,,,,,,,,38449,0.09942059218883514
,,,23,,,,,,,,,,,,,,,,,,,,,,,,,,,,,38459,0.21650345623493195
,,,23,,,,,,,,,,,,,,,,,,,,,,,,,,,,,38469,0.01624838262796402
,,,23,,,,,,,,,,,,,,,,,,,,,,,,,,,,,38479,0.1135018914937973
,,,23,,,,,,,,,,,,,,,,,,,,,,,,,,,,,38489,0.09016464650630951
,,,23,,,,,,,,,,,,,,,,,,,,,,,,,,,,,38499,0.02472316287457943
,,,23,,,,,,,,,,,,,,,,,,,,,,,,,,,,,38509,0.08643746376037598
,,,23,,,,,,,,,,,,,,,,,,,,,,,,,,,,,38519,0.05956012010574341
,,,23,,,,,,,,,,,,,,,,,,,,,,,,,,,,,38529,0.005558713339269161
,,,23,,,,,,,,,,,,,,,,,,,,,,,,,,,,,38539,0.005229707807302475
,,,23,,,,,,,,,,,,,,,,,,,,,,,,,,,,,38549,1.2687230110168457
,,,23,,,,,,,,,,,,,,,,,,,,,,,,,,,,,38559,0.024907927960157394
,,,23,,,,,,,,,,,,,,,,,,,,,,,,,,,,,38569,0.017081988975405693
,,,23,,,,,,,,,,,,,,,,,,,,,,,,,,,,,38579,0.004301485605537891
,,,23,,,,,,,,,,,,,,,,,,,,,,,,,,,,,38589,1.0672872066497803
,,,23,,,,,,,,,,,,,,,,,,,,,,,,,,,,,38599,0.03716396540403366
,,,23,,,,,,,,,,,,,,,,,,,,,,,,,,,,,38609,0.0982590988278389
,,,23,,,,,,,,,,,,,,,,,,,,,,,,,,,,,38619,0.16393429040908813
,,,23,,,,,,,,,,,,,,,,,,,,,,,,,,,,,38629,0.2042229175567627
,,,23,,,,,,,,,,,,,,,,,,,,,,,,,,,,,38639,0.033463895320892334
,,,23,,,,,,,,,,,,,,,,,,,,,,,,,,,,,38649,0.04683059826493263
,,,23,,,,,,,,,,,,,,,,,,,,,,,,,,,,,38659,0.366219699382782
,,,23,,,,,,,,,,,,,,,,,,,,,,,,,,,,,38669,0.4177389442920685
,,,23,,,,,,,,,,,,,,,,,,,,,,,,,,,,,38679,0.11423401534557343
,,,23,,,,,,,,,,,,,,,,,,,,,,,,,,,,,38689,0.007980486378073692
,,,23,,,,,,,,,,,,,,,,,,,,,,,,,,,,,38699,0.7886422872543335
,,,23,,,,,,,,,,,,,,,,,,,,,,,,,,,,,38709,0.6093990206718445
,,,23,,,,,,,,,,,,,,,,,,,,,,,,,,,,,38719,0.36980870366096497
,,,23,,,,,,,,,,,,,,,,,,,,,,,,,,,,,38729,0.09302511811256409
,,,23,,,,,,,,,,,,,,,,,,,,,,,,,,,,,38739,0.06094222888350487
,,,23,,,,,,,,,,,,,,,,,,,,,,,,,,,,,38749,0.22682306170463562
,,,23,,,,,,,,,,,,,,,,,,,,,,,,,,,,,38759,0.0435645617544651
,,,23,,,,,,,,,,,,,,,,,,,,,,,,,,,,,38769,0.2624644935131073
,,,23,,,,,,,,,,,,,,,,,,,,,,,,,,,,,38779,0.0046023898757994175
,,,23,,,,,,,,,,,,,,,,,,,,,,,,,,,,,38789,0.06290720403194427
,,,23,,,,,,,,,,,,,,,,,,,,,,,,,,,,,38799,0.006349506787955761
,,,23,,,,,,,,,,,,,,,,,,,,,,,,,,,,,38809,0.004936349578201771
,,,23,,,,,,,,,,,,,,,,,,,,,,,,,,,,,38819,0.00807860866189003
,,,23,,,,,,,,,,,,,,,,,,,,,,,,,,,,,38829,0.0362631231546402
,,,23,,,,,,,,,,,,,,,,,,,,,,,,,,,,,38839,0.2975422143936157
,,,23,,,,,,,,,,,,,,,,,,,,,,,,,,,,,38849,0.01816495880484581
,,,23,,,,,,,,,,,,,,,,,,,,,,,,,,,,,38859,0.011896422132849693
,,,23,,,,,,,,,,,,,,,,,,,,,,,,,,,,,38869,1.354045033454895
,,,23,,,,,,,,,,,,,,,,,,,,,,,,,,,,,38879,0.286529541015625
,,,23,,,,,,,,,,,,,,,,,,,,,,,,,,,,,38889,0.022185206413269043
,,,23,,,,,,,,,,,,,,,,,,,,,,,,,,,,,38899,0.005415491759777069
,,,23,,,,,,,,,,,,,,,,,,,,,,,,,,,,,38909,0.010702505707740784
,,,23,,,,,,,,,,,,,,,,,,,,,,,,,,,,,38919,0.024295782670378685
,,,23,,,,,,,,,,,,,,,,,,,,,,,,,,,,,38929,0.004204795695841312
,,,23,,,,,,,,,,,,,,,,,,,,,,,,,,,,,38939,0.07655863463878632
,,,23,,,,,,,,,,,,,,,,,,,,,,,,,,,,,38949,0.23076699674129486
,,,23,,,,,,,,,,,,,,,,,,,,,,,,,,,,,38959,0.0060691749677062035
,,,23,,,,,,,,,,,,,,,,,,,,,,,,,,,,,38969,0.030768567696213722
,,,23,,,,,,,,,,,,,,,,,,,,,,,,,,,,,38979,0.03146200627088547
,,,23,,,,,,,,,,,,,,,,,,,,,,,,,,,,,38989,0.0351959653198719
,,,23,,,,,,,,,,,,,,,,,,,,,,,,,,,,,38999,0.058136213570833206
,,,23,,,,,,,,,,,,,,,,,,,,,,,,,,,,,39009,0.15976224839687347
,,,23,,,,,,,,,,,,,,,,,,,,,,,,,,,,,39019,0.0028396539855748415
,,,23,,,,,,,,,,,,,,,,,,,,,,,,,,,,,39029,0.009010699577629566
,,,23,,,,,,,,,,,,,,,,,,,,,,,,,,,,,39039,1.8704545497894287
,,,23,,,,,,,,,,,,,,,,,,,,,,,,,,,,,39049,0.011251385323703289
,,,23,,,,,,,,,,,,,,,,,,,,,,,,,,,,,39059,0.4235425293445587
,,,23,,,,,,,,,,,,,,,,,,,,,,,,,,,,,39069,0.19952313601970673
,,,23,,,,,,,,,,,,,,,,,,,,,,,,,,,,,39079,0.2586684226989746
,,,23,,,,,,,,,,,,,,,,,,,,,,,,,,,,,39089,0.1764809787273407
,,,23,,,,,,,,,,,,,,,,,,,,,,,,,,,,,39099,0.03355080634355545
,,,23,,,,,,,,,,,,,,,,,,,,,,,,,,,,,39109,0.025850756093859673
,,,23,,,,,,,,,,,,,,,,,,,,,,,,,,,,,39119,0.21338330209255219
,,,23,,,,,,,,,,,,,,,,,,,,,,,,,,,,,39129,0.028815075755119324
,,,23,,,,,,,,,,,,,,,,,,,,,,,,,,,,,39139,0.008113001473248005
,,,23,,,,,,,,,,,,,,,,,,,,,,,,,,,,,39149,0.009922245517373085
,,,23,,,,,,,,,,,,,,,,,,,,,,,,,,,,,39159,0.05294487625360489
,,,23,,,,,,,,,,,,,,,,,,,,,,,,,,,,,39169,0.2944525182247162
,,,23,,,,,,,,,,,,,,,,,,,,,,,,,,,,,39179,0.20271992683410645
,,,23,,,,,,,,,,,,,,,,,,,,,,,,,,,,,39189,0.08596660196781158
,,,23,,,,,,,,,,,,,,,,,,,,,,,,,,,,,39199,0.41784390807151794
,,,23,,,,,,,,,,,,,,,,,,,,,,,,,,,,,39209,0.011819195933640003
,,,23,,,,,,,,,,,,,,,,,,,,,,,,,,,,,39219,0.03993513062596321
,,,23,,,,,,,,,,,,,,,,,,,,,,,,,,,,,39229,0.010097031481564045
,,,23,,,,,,,,,,,,,,,,,,,,,,,,,,,,,39239,0.37924912571907043
,,,23,,,,,,,,,,,,,,,,,,,,,,,,,,,,,39249,0.1082051545381546
,,,23,,,,,,,,,,,,,,,,,,,,,,,,,,,,,39259,0.0551532506942749
,,,23,,,,,,,,,,,,,,,,,,,,,,,,,,,,,39269,0.49828022718429565
,,,23,,,,,,,,,,,,,,,,,,,,,,,,,,,,,39279,0.2551807761192322
,,,23,,,,,,,,,,,,,,,,,,,,,,,,,,,,,39289,0.005462130066007376
,,,23,,,,,,,,,,,,,,,,,,,,,,,,,,,,,39299,0.1889897584915161
,,,23,,,,,,,,,,,,,,,,,,,,,,,,,,,,,39309,0.018114862963557243
,,,23,,,,,,,,,,,,,,,,,,,,,,,,,,,,,39319,0.015612993389368057
,,,23,,,,,,,,,,,,,,,,,,,,,,,,,,,,,39329,0.07408280670642853
,,,23,,,,,,,,,,,,,,,,,,,,,,,,,,,,,39339,1.9071621894836426
,,,23,,,,,,,,,,,,,,,,,,,,,,,,,,,,,39349,0.005540378857403994
,,,23,,,,,,,,,,,,,,,,,,,,,,,,,,,,,39359,0.08530712127685547
,,,23,,,,,,,,,,,,,,,,,,,,,,,,,,,,,39369,0.02620048262178898
,,,23,,,,,,,,,,,,,,,,,,,,,,,,,,,,,39379,0.2932678163051605
,,,23,,,,,,,,,,,,,,,,,,,,,,,,,,,,,39389,0.19186022877693176
,,,23,,,,,,,,,,,,,,,,,,,,,,,,,,,,,39399,0.003835921874269843
,,,23,,,,,,,,,,,,,,,,,,,,,,,,,,,,,39409,0.009853188879787922
,,,23,,,,,,,,,,,,,,,,,,,,,,,,,,,,,39419,0.5687381029129028
,,,23,,,,,,,,,,,,,,,,,,,,,,,,,,,,,39429,0.2701398432254791
,,,23,,,,,,,,,,,,,,,,,,,,,,,,,,,,,39439,0.005242934916168451
,,,23,,,,,,,,,,,,,,,,,,,,,,,,,,,,,39449,0.0048868535086512566
,,,23,,,,,,,,,,,,,,,,,,,,,,,,,,,,,39459,0.19928456842899323
,,,23,,,,,,,,,,,,,,,,,,,,,,,,,,,,,39469,0.0025074314326047897
,,,23,,,,,,,,,,,,,,,,,,,,,,,,,,,,,39479,0.028946679085493088
,,,23,,,,,,,,,,,,,,,,,,,,,,,,,,,,,39489,0.11876863241195679
,,,23,,,,,,,,,,,,,,,,,,,,,,,,,,,,,39499,0.034491341561079025
,,,23,,,,,,,,,,,,,,,,,,,,,,,,,,,,,39509,0.06763052195310593
,,,23,,,,,,,,,,,,,,,,,,,,,,,,,,,,,39519,0.05917076766490936
,,,23,,,,,,,,,,,,,,,,,,,,,,,,,,,,,39529,0.05171903222799301
,,,23,,,,,,,,,,,,,,,,,,,,,,,,,,,,,39539,0.060062311589717865
,,,23,,,,,,,,,,,,,,,,,,,,,,,,,,,,,39549,0.037897929549217224
,,,23,,,,,,,,,,,,,,,,,,,,,,,,,,,,,39559,0.011103685013949871
,,,23,,,,,,,,,,,,,,,,,,,,,,,,,,,,,39569,0.04494783654808998
,,,23,,,,,,,,,,,,,,,,,,,,,,,,,,,,,39579,0.38663408160209656
,,,23,,,,,,,,,,,,,,,,,,,,,,,,,,,,,39589,0.792264461517334
,,,23,,,,,,,,,,,,,,,,,,,,,,,,,,,,,39599,0.673826277256012
,,,23,,,,,,,,,,,,,,,,,,,,,,,,,,,,,39609,0.009101864881813526
,,,23,,,,,,,,,,,,,,,,,,,,,,,,,,,,,39619,0.027976779267191887
,,,23,,,,,,,,,,,,,,,,,,,,,,,,,,,,,39629,0.002554976148530841
,,,23,,,,,,,,,,,,,,,,,,,,,,,,,,,,,39639,0.009147976525127888
,,,23,,,,,,,,,,,,,,,,,,,,,,,,,,,,,39649,0.01280988659709692
,,,23,,,,,,,,,,,,,,,,,,,,,,,,,,,,,39659,0.19974535703659058
,,,23,,,,,,,,,,,,,,,,,,,,,,,,,,,,,39669,0.00806070864200592
,,,23,,,,,,,,,,,,,,,,,,,,,,,,,,,,,39679,0.09342309087514877
,,,23,,,,,,,,,,,,,,,,,,,,,,,,,,,,,39689,0.012007204815745354
,,,23,,,,,,,,,,,,,,,,,,,,,,,,,,,,,39699,0.08895062655210495
,,,23,,,,,,,,,,,,,,,,,,,,,,,,,,,,,39709,0.9386171102523804
,,,23,,,,,,,,,,,,,,,,,,,,,,,,,,,,,39719,0.010189227759838104
,,,23,,,,,,,,,,,,,,,,,,,,,,,,,,,,,39729,0.005257402081042528
,,,23,,,,,,,,,,,,,,,,,,,,,,,,,,,,,39739,0.034148912876844406
,,,23,,,,,,,,,,,,,,,,,,,,,,,,,,,,,39749,0.004914146848022938
,,,23,,,,,,,,,,,,,,,,,,,,,,,,,,,,,39759,0.19864565134048462
,,,23,,,,,,,,,,,,,,,,,,,,,,,,,,,,,39769,0.0044153062626719475
,,,23,,,,,,,,,,,,,,,,,,,,,,,,,,,,,39779,0.0502958744764328
,,,23,,,,,,,,,,,,,,,,,,,,,,,,,,,,,39789,0.07761366665363312
,,,23,,,,,,,,,,,,,,,,,,,,,,,,,,,,,39799,0.07603716850280762
,,,23,,,,,,,,,,,,,,,,,,,,,,,,,,,,,39809,0.16849660873413086
,,,23,,,,,,,,,,,,,,,,,,,,,,,,,,,,,39819,0.03341874107718468
,,,23,,,,,,,,,,,,,,,,,,,,,,,,,,,,,39829,0.007296462077647448
,,,23,,,,,,,,,,,,,,,,,,,,,,,,,,,,,39839,0.08884776383638382
,,,23,,,,,,,,,,,,,,,,,,,,,,,,,,,,,39849,0.007663769647479057
,,,23,,,,,,,,,,,,,,,,,,,,,,,,,,,,,39859,0.012913715094327927
,,,23,,,,,,,,,,,,,,,,,,,,,,,,,,,,,39869,0.0037193004973232746
,,,23,,,,,,,,,,,,,,,,,,,,,,,,,,,,,39879,0.13556787371635437
,,,,3.53203149892017e-07,1.978659850240633e-06,3.0440920772932807e-06,3.0440920772932807e-06,4.683218580451201e-06,4.683218580451201e-06,7.204951662232617e-06,7.204951662232617e-06,1.108454101881941e-05,1.108454101881941e-05,1.705314002895294e-05,3.53203149892017e-07,1.705314002895294e-05,2.623560004454298e-05,2.623560004454298e-05,4.03624616069892e-05,4.03624616069892e-05,6.209609477998338e-05,6.209609477998338e-05,6.209609477998338e-05,6.209609477998338e-05,5.433894613723337e-07,5.433894613723337e-07,8.359837867266674e-07,8.359837867266674e-07,1.2861289026564112e-06,1.2861289026564112e-06,1.978659850240633e-06,39888,
,,,24,,,,,,,,,,,,,,,,,,,,,,,,,,,,,39889,0.03877339884638786
,,,24,,,,,,,,,,,,,,,,,,,,,,,,,,,,,39899,0.2281942367553711
,,,24,,,,,,,,,,,,,,,,,,,,,,,,,,,,,39909,0.4199042320251465
,,,24,,,,,,,,,,,,,,,,,,,,,,,,,,,,,39919,0.18607266247272491
,,,24,,,,,,,,,,,,,,,,,,,,,,,,,,,,,39929,0.004200011026114225
,,,24,,,,,,,,,,,,,,,,,,,,,,,,,,,,,39939,0.025475503876805305
,,,24,,,,,,,,,,,,,,,,,,,,,,,,,,,,,39949,0.008311094716191292
,,,24,,,,,,,,,,,,,,,,,,,,,,,,,,,,,39959,0.5163282155990601
,,,24,,,,,,,,,,,,,,,,,,,,,,,,,,,,,39969,0.011084718629717827
,,,24,,,,,,,,,,,,,,,,,,,,,,,,,,,,,39979,0.003216907847672701
,,,24,,,,,,,,,,,,,,,,,,,,,,,,,,,,,39989,0.07001377642154694
,,,24,,,,,,,,,,,,,,,,,,,,,,,,,,,,,39999,0.2634071409702301
,,,24,,,,,,,,,,,,,,,,,,,,,,,,,,,,,40009,0.012625418603420258
,,,24,,,,,,,,,,,,,,,,,,,,,,,,,,,,,40019,0.05351696163415909
,,,24,,,,,,,,,,,,,,,,,,,,,,,,,,,,,40029,0.06297536939382553
,,,24,,,,,,,,,,,,,,,,,,,,,,,,,,,,,40039,0.012362383306026459
,,,24,,,,,,,,,,,,,,,,,,,,,,,,,,,,,40049,0.65016770362854
,,,24,,,,,,,,,,,,,,,,,,,,,,,,,,,,,40059,0.22973835468292236
,,,24,,,,,,,,,,,,,,,,,,,,,,,,,,,,,40069,0.2853618264198303
,,,24,,,,,,,,,,,,,,,,,,,,,,,,,,,,,40079,0.2418004274368286
,,,24,,,,,,,,,,,,,,,,,,,,,,,,,,,,,40089,0.11623597145080566
,,,24,,,,,,,,,,,,,,,,,,,,,,,,,,,,,40099,1.0346662998199463
,,,24,,,,,,,,,,,,,,,,,,,,,,,,,,,,,40109,0.0905148833990097
,,,24,,,,,,,,,,,,,,,,,,,,,,,,,,,,,40119,0.06072450429201126
,,,24,,,,,,,,,,,,,,,,,,,,,,,,,,,,,40129,0.12839500606060028
,,,24,,,,,,,,,,,,,,,,,,,,,,,,,,,,,40139,0.36466553807258606
,,,24,,,,,,,,,,,,,,,,,,,,,,,,,,,,,40149,0.003100091591477394
,,,24,,,,,,,,,,,,,,,,,,,,,,,,,,,,,40159,0.052755292505025864
,,,24,,,,,,,,,,,,,,,,,,,,,,,,,,,,,40169,0.10019911080598831
,,,24,,,,,,,,,,,,,,,,,,,,,,,,,,,,,40179,0.006799221038818359
,,,24,,,,,,,,,,,,,,,,,,,,,,,,,,,,,40189,0.15532100200653076
,,,24,,,,,,,,,,,,,,,,,,,,,,,,,,,,,40199,0.004040706902742386
,,,24,,,,,,,,,,,,,,,,,,,,,,,,,,,,,40209,0.32438698410987854
,,,24,,,,,,,,,,,,,,,,,,,,,,,,,,,,,40219,0.011809738352894783
,,,24,,,,,,,,,,,,,,,,,,,,,,,,,,,,,40229,0.006499364040791988
,,,24,,,,,,,,,,,,,,,,,,,,,,,,,,,,,40239,0.04590669646859169
,,,24,,,,,,,,,,,,,,,,,,,,,,,,,,,,,40249,0.0019102420192211866
,,,24,,,,,,,,,,,,,,,,,,,,,,,,,,,,,40259,0.010686862282454967
,,,24,,,,,,,,,,,,,,,,,,,,,,,,,,,,,40269,0.17241796851158142
,,,24,,,,,,,,,,,,,,,,,,,,,,,,,,,,,40279,0.0054888189770281315
,,,24,,,,,,,,,,,,,,,,,,,,,,,,,,,,,40289,0.003423993941396475
,,,24,,,,,,,,,,,,,,,,,,,,,,,,,,,,,40299,0.09944360703229904
,,,24,,,,,,,,,,,,,,,,,,,,,,,,,,,,,40309,0.00718275411054492
,,,24,,,,,,,,,,,,,,,,,,,,,,,,,,,,,40319,0.08511075377464294
,,,24,,,,,,,,,,,,,,,,,,,,,,,,,,,,,40329,0.03502904623746872
,,,24,,,,,,,,,,,,,,,,,,,,,,,,,,,,,40339,0.005068636499345303
,,,24,,,,,,,,,,,,,,,,,,,,,,,,,,,,,40349,0.044252511113882065
,,,24,,,,,,,,,,,,,,,,,,,,,,,,,,,,,40359,0.32921984791755676
,,,24,,,,,,,,,,,,,,,,,,,,,,,,,,,,,40369,0.29685279726982117
,,,24,,,,,,,,,,,,,,,,,,,,,,,,,,,,,40379,0.03151797875761986
,,,24,,,,,,,,,,,,,,,,,,,,,,,,,,,,,40389,0.46612462401390076
,,,24,,,,,,,,,,,,,,,,,,,,,,,,,,,,,40399,0.15007345378398895
,,,24,,,,,,,,,,,,,,,,,,,,,,,,,,,,,40409,0.006880445871502161
,,,24,,,,,,,,,,,,,,,,,,,,,,,,,,,,,40419,0.1561630219221115
,,,24,,,,,,,,,,,,,,,,,,,,,,,,,,,,,40429,0.09114256501197815
,,,24,,,,,,,,,,,,,,,,,,,,,,,,,,,,,40439,2.919253529398702e-05
,,,24,,,,,,,,,,,,,,,,,,,,,,,,,,,,,40449,0.004047974944114685
,,,24,,,,,,,,,,,,,,,,,,,,,,,,,,,,,40459,0.018282320350408554
,,,24,,,,,,,,,,,,,,,,,,,,,,,,,,,,,40469,0.17019148170948029
,,,24,,,,,,,,,,,,,,,,,,,,,,,,,,,,,40479,0.028170350939035416
,,,24,,,,,,,,,,,,,,,,,,,,,,,,,,,,,40489,0.16257955133914948
,,,24,,,,,,,,,,,,,,,,,,,,,,,,,,,,,40499,0.010173071175813675
,,,24,,,,,,,,,,,,,,,,,,,,,,,,,,,,,40509,0.010423922911286354
,,,24,,,,,,,,,,,,,,,,,,,,,,,,,,,,,40519,0.06938336789608002
,,,24,,,,,,,,,,,,,,,,,,,,,,,,,,,,,40529,0.07277331501245499
,,,24,,,,,,,,,,,,,,,,,,,,,,,,,,,,,40539,0.023304041475057602
,,,24,,,,,,,,,,,,,,,,,,,,,,,,,,,,,40549,0.9277491569519043
,,,24,,,,,,,,,,,,,,,,,,,,,,,,,,,,,40559,0.4437381327152252
,,,24,,,,,,,,,,,,,,,,,,,,,,,,,,,,,40569,0.021651167422533035
,,,24,,,,,,,,,,,,,,,,,,,,,,,,,,,,,40579,0.419391006231308
,,,24,,,,,,,,,,,,,,,,,,,,,,,,,,,,,40589,0.08913323283195496
,,,24,,,,,,,,,,,,,,,,,,,,,,,,,,,,,40599,0.3907478451728821
,,,24,,,,,,,,,,,,,,,,,,,,,,,,,,,,,40609,0.012129255570471287
,,,24,,,,,,,,,,,,,,,,,,,,,,,,,,,,,40619,0.003689775476232171
,,,24,,,,,,,,,,,,,,,,,,,,,,,,,,,,,40629,0.021811459213495255
,,,24,,,,,,,,,,,,,,,,,,,,,,,,,,,,,40639,0.012071842327713966
,,,24,,,,,,,,,,,,,,,,,,,,,,,,,,,,,40649,0.39058780670166016
,,,24,,,,,,,,,,,,,,,,,,,,,,,,,,,,,40659,0.17979715764522552
,,,24,,,,,,,,,,,,,,,,,,,,,,,,,,,,,40669,0.012369796633720398
,,,24,,,,,,,,,,,,,,,,,,,,,,,,,,,,,40679,0.023947298526763916
,,,24,,,,,,,,,,,,,,,,,,,,,,,,,,,,,40689,0.10125966370105743
,,,24,,,,,,,,,,,,,,,,,,,,,,,,,,,,,40699,0.05072452872991562
,,,24,,,,,,,,,,,,,,,,,,,,,,,,,,,,,40709,0.010308549739420414
,,,24,,,,,,,,,,,,,,,,,,,,,,,,,,,,,40719,0.034106358885765076
,,,24,,,,,,,,,,,,,,,,,,,,,,,,,,,,,40729,0.563529372215271
,,,24,,,,,,,,,,,,,,,,,,,,,,,,,,,,,40739,0.012975862249732018
,,,24,,,,,,,,,,,,,,,,,,,,,,,,,,,,,40749,0.1508461982011795
,,,24,,,,,,,,,,,,,,,,,,,,,,,,,,,,,40759,0.016957789659500122
,,,24,,,,,,,,,,,,,,,,,,,,,,,,,,,,,40769,0.033169232308864594
,,,24,,,,,,,,,,,,,,,,,,,,,,,,,,,,,40779,0.1988573670387268
,,,24,,,,,,,,,,,,,,,,,,,,,,,,,,,,,40789,0.011803269386291504
,,,24,,,,,,,,,,,,,,,,,,,,,,,,,,,,,40799,0.5400773882865906
,,,24,,,,,,,,,,,,,,,,,,,,,,,,,,,,,40809,0.5539647936820984
,,,24,,,,,,,,,,,,,,,,,,,,,,,,,,,,,40819,0.004386463202536106
,,,24,,,,,,,,,,,,,,,,,,,,,,,,,,,,,40829,0.03973892331123352
,,,24,,,,,,,,,,,,,,,,,,,,,,,,,,,,,40839,0.0986863449215889
,,,24,,,,,,,,,,,,,,,,,,,,,,,,,,,,,40849,0.0018852637149393559
,,,24,,,,,,,,,,,,,,,,,,,,,,,,,,,,,40859,0.3295908272266388
,,,24,,,,,,,,,,,,,,,,,,,,,,,,,,,,,40869,0.25853586196899414
,,,24,,,,,,,,,,,,,,,,,,,,,,,,,,,,,40879,0.003994346596300602
,,,24,,,,,,,,,,,,,,,,,,,,,,,,,,,,,40889,0.013785128481686115
,,,24,,,,,,,,,,,,,,,,,,,,,,,,,,,,,40899,0.11724886298179626
,,,24,,,,,,,,,,,,,,,,,,,,,,,,,,,,,40909,0.14565381407737732
,,,24,,,,,,,,,,,,,,,,,,,,,,,,,,,,,40919,0.11962871998548508
,,,24,,,,,,,,,,,,,,,,,,,,,,,,,,,,,40929,0.002336907433345914
,,,24,,,,,,,,,,,,,,,,,,,,,,,,,,,,,40939,0.03168666362762451
,,,24,,,,,,,,,,,,,,,,,,,,,,,,,,,,,40949,0.013784350827336311
,,,24,,,,,,,,,,,,,,,,,,,,,,,,,,,,,40959,0.04708264768123627
,,,24,,,,,,,,,,,,,,,,,,,,,,,,,,,,,40969,0.14847354590892792
,,,24,,,,,,,,,,,,,,,,,,,,,,,,,,,,,40979,0.0041975220665335655
,,,24,,,,,,,,,,,,,,,,,,,,,,,,,,,,,40989,0.006743173114955425
,,,24,,,,,,,,,,,,,,,,,,,,,,,,,,,,,40999,0.0319870300590992
,,,24,,,,,,,,,,,,,,,,,,,,,,,,,,,,,41009,0.070060133934021
,,,24,,,,,,,,,,,,,,,,,,,,,,,,,,,,,41019,0.04613438621163368
,,,24,,,,,,,,,,,,,,,,,,,,,,,,,,,,,41029,0.004108415450900793
,,,24,,,,,,,,,,,,,,,,,,,,,,,,,,,,,41039,0.11617987602949142
,,,24,,,,,,,,,,,,,,,,,,,,,,,,,,,,,41049,0.1745195835828781
,,,24,,,,,,,,,,,,,,,,,,,,,,,,,,,,,41059,0.013204952701926231
,,,24,,,,,,,,,,,,,,,,,,,,,,,,,,,,,41069,0.009162945672869682
,,,24,,,,,,,,,,,,,,,,,,,,,,,,,,,,,41079,0.12106288969516754
,,,24,,,,,,,,,,,,,,,,,,,,,,,,,,,,,41089,0.01170523650944233
,,,24,,,,,,,,,,,,,,,,,,,,,,,,,,,,,41099,0.006414363626390696
,,,24,,,,,,,,,,,,,,,,,,,,,,,,,,,,,41109,0.04539919272065163
,,,24,,,,,,,,,,,,,,,,,,,,,,,,,,,,,41119,0.06544815003871918
,,,24,,,,,,,,,,,,,,,,,,,,,,,,,,,,,41129,0.6518526673316956
,,,24,,,,,,,,,,,,,,,,,,,,,,,,,,,,,41139,0.6429177522659302
,,,24,,,,,,,,,,,,,,,,,,,,,,,,,,,,,41149,0.5538799166679382
,,,24,,,,,,,,,,,,,,,,,,,,,,,,,,,,,41159,0.0045532649382948875
,,,24,,,,,,,,,,,,,,,,,,,,,,,,,,,,,41169,0.027480369433760643
,,,24,,,,,,,,,,,,,,,,,,,,,,,,,,,,,41179,0.046678461134433746
,,,24,,,,,,,,,,,,,,,,,,,,,,,,,,,,,41189,0.15412098169326782
,,,24,,,,,,,,,,,,,,,,,,,,,,,,,,,,,41199,0.03545454517006874
,,,24,,,,,,,,,,,,,,,,,,,,,,,,,,,,,41209,0.619378387928009
,,,24,,,,,,,,,,,,,,,,,,,,,,,,,,,,,41219,0.004510362166911364
,,,24,,,,,,,,,,,,,,,,,,,,,,,,,,,,,41229,0.021160747855901718
,,,24,,,,,,,,,,,,,,,,,,,,,,,,,,,,,41239,1.5418716669082642
,,,24,,,,,,,,,,,,,,,,,,,,,,,,,,,,,41249,0.473080039024353
,,,24,,,,,,,,,,,,,,,,,,,,,,,,,,,,,41259,0.051053669303655624
,,,24,,,,,,,,,,,,,,,,,,,,,,,,,,,,,41269,0.4083833396434784
,,,24,,,,,,,,,,,,,,,,,,,,,,,,,,,,,41279,0.21866512298583984
,,,24,,,,,,,,,,,,,,,,,,,,,,,,,,,,,41289,0.1745821088552475
,,,24,,,,,,,,,,,,,,,,,,,,,,,,,,,,,41299,0.04896339401602745
,,,24,,,,,,,,,,,,,,,,,,,,,,,,,,,,,41309,0.11676085740327835
,,,24,,,,,,,,,,,,,,,,,,,,,,,,,,,,,41319,0.010297127068042755
,,,24,,,,,,,,,,,,,,,,,,,,,,,,,,,,,41329,0.0034373782109469175
,,,24,,,,,,,,,,,,,,,,,,,,,,,,,,,,,41339,0.030925186350941658
,,,24,,,,,,,,,,,,,,,,,,,,,,,,,,,,,41349,0.24833263456821442
,,,24,,,,,,,,,,,,,,,,,,,,,,,,,,,,,41359,0.8397597670555115
,,,24,,,,,,,,,,,,,,,,,,,,,,,,,,,,,41369,0.010046814568340778
,,,24,,,,,,,,,,,,,,,,,,,,,,,,,,,,,41379,0.10104359686374664
,,,24,,,,,,,,,,,,,,,,,,,,,,,,,,,,,41389,0.021902304142713547
,,,24,,,,,,,,,,,,,,,,,,,,,,,,,,,,,41399,0.06449582427740097
,,,24,,,,,,,,,,,,,,,,,,,,,,,,,,,,,41409,0.08710560202598572
,,,24,,,,,,,,,,,,,,,,,,,,,,,,,,,,,41419,0.3508360981941223
,,,24,,,,,,,,,,,,,,,,,,,,,,,,,,,,,41429,0.0736025869846344
,,,24,,,,,,,,,,,,,,,,,,,,,,,,,,,,,41439,0.006829519756138325
,,,24,,,,,,,,,,,,,,,,,,,,,,,,,,,,,41449,0.11719870567321777
,,,24,,,,,,,,,,,,,,,,,,,,,,,,,,,,,41459,0.3207414448261261
,,,24,,,,,,,,,,,,,,,,,,,,,,,,,,,,,41469,0.003644488053396344
,,,24,,,,,,,,,,,,,,,,,,,,,,,,,,,,,41479,0.6137622594833374
,,,24,,,,,,,,,,,,,,,,,,,,,,,,,,,,,41489,0.006489704363048077
,,,24,,,,,,,,,,,,,,,,,,,,,,,,,,,,,41499,0.11781880259513855
,,,24,,,,,,,,,,,,,,,,,,,,,,,,,,,,,41509,0.06708090007305145
,,,24,,,,,,,,,,,,,,,,,,,,,,,,,,,,,41519,0.48656177520751953
,,,24,,,,,,,,,,,,,,,,,,,,,,,,,,,,,41529,0.010868661105632782
,,,24,,,,,,,,,,,,,,,,,,,,,,,,,,,,,41539,0.013277371414005756
,,,24,,,,,,,,,,,,,,,,,,,,,,,,,,,,,41549,0.10789443552494049
0.8568608164787292,0.875,0.8394584059715271,24,,,,,,,,,,,,,,,,,,,,,,,,,,,,,41549,
,,,,3.3378607357335043e-07,1.8698845198605113e-06,2.876745415170017e-06,2.876745415170017e-06,4.425762177184641e-06,4.425762177184641e-06,6.808864887976371e-06,6.808864887976371e-06,1.0475176750732877e-05,1.0475176750732877e-05,1.6115656539589043e-05,3.3378607357335043e-07,1.6115656539589043e-05,2.479331775321391e-05,2.479331775321391e-05,3.814356577417525e-05,3.814356577417525e-05,5.868240888334653e-05,5.868240888334653e-05,5.868240888334653e-05,5.868240888334653e-05,5.135170362666929e-07,5.135170362666929e-07,7.90026209641066e-07,7.90026209641066e-07,1.2154249379093322e-06,1.2154249379093322e-06,1.8698845198605113e-06,41550,
,,,25,,,,,,,,,,,,,,,,,,,,,,,,,,,,,41559,0.002522038761526346
,,,25,,,,,,,,,,,,,,,,,,,,,,,,,,,,,41569,0.0036759537179023027
,,,25,,,,,,,,,,,,,,,,,,,,,,,,,,,,,41579,0.27045050263404846
,,,25,,,,,,,,,,,,,,,,,,,,,,,,,,,,,41589,0.8388836979866028
,,,25,,,,,,,,,,,,,,,,,,,,,,,,,,,,,41599,0.009896702133119106
,,,25,,,,,,,,,,,,,,,,,,,,,,,,,,,,,41609,1.405137300491333
,,,25,,,,,,,,,,,,,,,,,,,,,,,,,,,,,41619,0.09625346213579178
,,,25,,,,,,,,,,,,,,,,,,,,,,,,,,,,,41629,0.004524939693510532
,,,25,,,,,,,,,,,,,,,,,,,,,,,,,,,,,41639,0.048895277082920074
,,,25,,,,,,,,,,,,,,,,,,,,,,,,,,,,,41649,0.013420289382338524
,,,25,,,,,,,,,,,,,,,,,,,,,,,,,,,,,41659,0.02216315269470215
,,,25,,,,,,,,,,,,,,,,,,,,,,,,,,,,,41669,0.10769866406917572
,,,25,,,,,,,,,,,,,,,,,,,,,,,,,,,,,41679,0.21898046135902405
,,,25,,,,,,,,,,,,,,,,,,,,,,,,,,,,,41689,0.150601327419281
,,,25,,,,,,,,,,,,,,,,,,,,,,,,,,,,,41699,0.6322337985038757
,,,25,,,,,,,,,,,,,,,,,,,,,,,,,,,,,41709,0.04313954338431358
,,,25,,,,,,,,,,,,,,,,,,,,,,,,,,,,,41719,0.02186364121735096
,,,25,,,,,,,,,,,,,,,,,,,,,,,,,,,,,41729,0.009851193986833096
,,,25,,,,,,,,,,,,,,,,,,,,,,,,,,,,,41739,0.03629719093441963
,,,25,,,,,,,,,,,,,,,,,,,,,,,,,,,,,41749,0.055231254547834396
,,,25,,,,,,,,,,,,,,,,,,,,,,,,,,,,,41759,0.11033688485622406
,,,25,,,,,,,,,,,,,,,,,,,,,,,,,,,,,41769,0.1064843013882637
,,,25,,,,,,,,,,,,,,,,,,,,,,,,,,,,,41779,0.10331407934427261
,,,25,,,,,,,,,,,,,,,,,,,,,,,,,,,,,41789,0.021123291924595833
,,,25,,,,,,,,,,,,,,,,,,,,,,,,,,,,,41799,0.027111917734146118
,,,25,,,,,,,,,,,,,,,,,,,,,,,,,,,,,41809,0.04032936319708824
,,,25,,,,,,,,,,,,,,,,,,,,,,,,,,,,,41819,0.004074618685990572
,,,25,,,,,,,,,,,,,,,,,,,,,,,,,,,,,41829,0.006374216638505459
,,,25,,,,,,,,,,,,,,,,,,,,,,,,,,,,,41839,0.4497138261795044
,,,25,,,,,,,,,,,,,,,,,,,,,,,,,,,,,41849,0.06922347843647003
,,,25,,,,,,,,,,,,,,,,,,,,,,,,,,,,,41859,0.31854841113090515
,,,25,,,,,,,,,,,,,,,,,,,,,,,,,,,,,41869,0.11140411347150803
,,,25,,,,,,,,,,,,,,,,,,,,,,,,,,,,,41879,0.004849561490118504
,,,25,,,,,,,,,,,,,,,,,,,,,,,,,,,,,41889,0.0801580622792244
,,,25,,,,,,,,,,,,,,,,,,,,,,,,,,,,,41899,0.002567721763625741
,,,25,,,,,,,,,,,,,,,,,,,,,,,,,,,,,41909,0.10176420956850052
,,,25,,,,,,,,,,,,,,,,,,,,,,,,,,,,,41919,0.12277387082576752
,,,25,,,,,,,,,,,,,,,,,,,,,,,,,,,,,41929,0.0029223079327493906
,,,25,,,,,,,,,,,,,,,,,,,,,,,,,,,,,41939,0.020901726558804512
,,,25,,,,,,,,,,,,,,,,,,,,,,,,,,,,,41949,0.008760920725762844
,,,25,,,,,,,,,,,,,,,,,,,,,,,,,,,,,41959,0.09170835465192795
,,,25,,,,,,,,,,,,,,,,,,,,,,,,,,,,,41969,0.07194521278142929
,,,25,,,,,,,,,,,,,,,,,,,,,,,,,,,,,41979,0.48290708661079407
,,,25,,,,,,,,,,,,,,,,,,,,,,,,,,,,,41989,0.14149178564548492
,,,25,,,,,,,,,,,,,,,,,,,,,,,,,,,,,41999,0.0878525823354721
,,,25,,,,,,,,,,,,,,,,,,,,,,,,,,,,,42009,0.7798588871955872
,,,25,,,,,,,,,,,,,,,,,,,,,,,,,,,,,42019,0.011771414428949356
,,,25,,,,,,,,,,,,,,,,,,,,,,,,,,,,,42029,0.15220896899700165
,,,25,,,,,,,,,,,,,,,,,,,,,,,,,,,,,42039,0.02156255394220352
,,,25,,,,,,,,,,,,,,,,,,,,,,,,,,,,,42049,0.05551621690392494
,,,25,,,,,,,,,,,,,,,,,,,,,,,,,,,,,42059,0.016752423718571663
,,,25,,,,,,,,,,,,,,,,,,,,,,,,,,,,,42069,0.0801500529050827
,,,25,,,,,,,,,,,,,,,,,,,,,,,,,,,,,42079,0.0659620463848114
,,,25,,,,,,,,,,,,,,,,,,,,,,,,,,,,,42089,0.04890136420726776
,,,25,,,,,,,,,,,,,,,,,,,,,,,,,,,,,42099,0.009752023965120316
,,,25,,,,,,,,,,,,,,,,,,,,,,,,,,,,,42109,0.2023240625858307
,,,25,,,,,,,,,,,,,,,,,,,,,,,,,,,,,42119,0.09505993872880936
,,,25,,,,,,,,,,,,,,,,,,,,,,,,,,,,,42129,0.007820753380656242
,,,25,,,,,,,,,,,,,,,,,,,,,,,,,,,,,42139,0.020030949264764786
,,,25,,,,,,,,,,,,,,,,,,,,,,,,,,,,,42149,0.6354389190673828
,,,25,,,,,,,,,,,,,,,,,,,,,,,,,,,,,42159,0.04837975278496742
,,,25,,,,,,,,,,,,,,,,,,,,,,,,,,,,,42169,0.01352767925709486
,,,25,,,,,,,,,,,,,,,,,,,,,,,,,,,,,42179,0.9446368217468262
,,,25,,,,,,,,,,,,,,,,,,,,,,,,,,,,,42189,0.006590335629880428
,,,25,,,,,,,,,,,,,,,,,,,,,,,,,,,,,42199,0.04605226218700409
,,,25,,,,,,,,,,,,,,,,,,,,,,,,,,,,,42209,0.0023630063515156507
,,,25,,,,,,,,,,,,,,,,,,,,,,,,,,,,,42219,0.2704106569290161
,,,25,,,,,,,,,,,,,,,,,,,,,,,,,,,,,42229,0.01872902363538742
,,,25,,,,,,,,,,,,,,,,,,,,,,,,,,,,,42239,0.012858240865170956
,,,25,,,,,,,,,,,,,,,,,,,,,,,,,,,,,42249,0.12396480143070221
,,,25,,,,,,,,,,,,,,,,,,,,,,,,,,,,,42259,0.2136334776878357
,,,25,,,,,,,,,,,,,,,,,,,,,,,,,,,,,42269,0.08851602673530579
,,,25,,,,,,,,,,,,,,,,,,,,,,,,,,,,,42279,0.25000128149986267
,,,25,,,,,,,,,,,,,,,,,,,,,,,,,,,,,42289,0.09704097360372543
,,,25,,,,,,,,,,,,,,,,,,,,,,,,,,,,,42299,0.020513763651251793
,,,25,,,,,,,,,,,,,,,,,,,,,,,,,,,,,42309,0.005599592346698046
,,,25,,,,,,,,,,,,,,,,,,,,,,,,,,,,,42319,0.17241108417510986
,,,25,,,,,,,,,,,,,,,,,,,,,,,,,,,,,42329,0.02864770218729973
,,,25,,,,,,,,,,,,,,,,,,,,,,,,,,,,,42339,0.19857414066791534
,,,25,,,,,,,,,,,,,,,,,,,,,,,,,,,,,42349,0.002694469876587391
,,,25,,,,,,,,,,,,,,,,,,,,,,,,,,,,,42359,0.07363852113485336
,,,25,,,,,,,,,,,,,,,,,,,,,,,,,,,,,42369,0.021793626248836517
,,,25,,,,,,,,,,,,,,,,,,,,,,,,,,,,,42379,0.5659525394439697
,,,25,,,,,,,,,,,,,,,,,,,,,,,,,,,,,42389,0.04427532106637955
,,,25,,,,,,,,,,,,,,,,,,,,,,,,,,,,,42399,0.11964113265275955
,,,25,,,,,,,,,,,,,,,,,,,,,,,,,,,,,42409,0.011213866993784904
,,,25,,,,,,,,,,,,,,,,,,,,,,,,,,,,,42419,0.007118749897927046
,,,25,,,,,,,,,,,,,,,,,,,,,,,,,,,,,42429,0.026805231347680092
,,,25,,,,,,,,,,,,,,,,,,,,,,,,,,,,,42439,0.025018084794282913
,,,25,,,,,,,,,,,,,,,,,,,,,,,,,,,,,42449,0.007823750376701355
,,,25,,,,,,,,,,,,,,,,,,,,,,,,,,,,,42459,0.2218591719865799
,,,25,,,,,,,,,,,,,,,,,,,,,,,,,,,,,42469,0.20540188252925873
,,,25,,,,,,,,,,,,,,,,,,,,,,,,,,,,,42479,0.00782629381865263
,,,25,,,,,,,,,,,,,,,,,,,,,,,,,,,,,42489,0.0655907467007637
,,,25,,,,,,,,,,,,,,,,,,,,,,,,,,,,,42499,1.0628705024719238
,,,25,,,,,,,,,,,,,,,,,,,,,,,,,,,,,42509,0.16243980824947357
,,,25,,,,,,,,,,,,,,,,,,,,,,,,,,,,,42519,0.18059960007667542
,,,25,,,,,,,,,,,,,,,,,,,,,,,,,,,,,42529,0.09690569341182709
,,,25,,,,,,,,,,,,,,,,,,,,,,,,,,,,,42539,0.16907398402690887
,,,25,,,,,,,,,,,,,,,,,,,,,,,,,,,,,42549,0.11710895597934723
,,,25,,,,,,,,,,,,,,,,,,,,,,,,,,,,,42559,0.006625321228057146
,,,25,,,,,,,,,,,,,,,,,,,,,,,,,,,,,42569,0.5305438041687012
,,,25,,,,,,,,,,,,,,,,,,,,,,,,,,,,,42579,0.022870229557156563
,,,25,,,,,,,,,,,,,,,,,,,,,,,,,,,,,42589,0.05828648805618286
,,,25,,,,,,,,,,,,,,,,,,,,,,,,,,,,,42599,1.2090238332748413
,,,25,,,,,,,,,,,,,,,,,,,,,,,,,,,,,42609,0.13974088430404663
,,,25,,,,,,,,,,,,,,,,,,,,,,,,,,,,,42619,0.04966428875923157
,,,25,,,,,,,,,,,,,,,,,,,,,,,,,,,,,42629,0.019977698102593422
,,,25,,,,,,,,,,,,,,,,,,,,,,,,,,,,,42639,0.07326013594865799
,,,25,,,,,,,,,,,,,,,,,,,,,,,,,,,,,42649,0.0924968421459198
,,,25,,,,,,,,,,,,,,,,,,,,,,,,,,,,,42659,0.22203074395656586
,,,25,,,,,,,,,,,,,,,,,,,,,,,,,,,,,42669,0.0034417379647493362
,,,25,,,,,,,,,,,,,,,,,,,,,,,,,,,,,42679,0.5728261470794678
,,,25,,,,,,,,,,,,,,,,,,,,,,,,,,,,,42689,0.00967610813677311
,,,25,,,,,,,,,,,,,,,,,,,,,,,,,,,,,42699,0.11504625529050827
,,,25,,,,,,,,,,,,,,,,,,,,,,,,,,,,,42709,0.004818718880414963
,,,25,,,,,,,,,,,,,,,,,,,,,,,,,,,,,42719,0.6569947600364685
,,,25,,,,,,,,,,,,,,,,,,,,,,,,,,,,,42729,0.41643115878105164
,,,25,,,,,,,,,,,,,,,,,,,,,,,,,,,,,42739,0.008785901591181755
,,,25,,,,,,,,,,,,,,,,,,,,,,,,,,,,,42749,0.07336404174566269
,,,25,,,,,,,,,,,,,,,,,,,,,,,,,,,,,42759,0.8393893241882324
,,,25,,,,,,,,,,,,,,,,,,,,,,,,,,,,,42769,0.17881429195404053
,,,25,,,,,,,,,,,,,,,,,,,,,,,,,,,,,42779,0.006754768081009388
,,,25,,,,,,,,,,,,,,,,,,,,,,,,,,,,,42789,0.6834615468978882
,,,25,,,,,,,,,,,,,,,,,,,,,,,,,,,,,42799,0.014619220979511738
,,,25,,,,,,,,,,,,,,,,,,,,,,,,,,,,,42809,0.28290268778800964
,,,25,,,,,,,,,,,,,,,,,,,,,,,,,,,,,42819,0.060854360461235046
,,,25,,,,,,,,,,,,,,,,,,,,,,,,,,,,,42829,0.11509943008422852
,,,25,,,,,,,,,,,,,,,,,,,,,,,,,,,,,42839,0.006429899483919144
,,,25,,,,,,,,,,,,,,,,,,,,,,,,,,,,,42849,0.28217369318008423
,,,25,,,,,,,,,,,,,,,,,,,,,,,,,,,,,42859,0.005823721643537283
,,,25,,,,,,,,,,,,,,,,,,,,,,,,,,,,,42869,0.06374514102935791
,,,25,,,,,,,,,,,,,,,,,,,,,,,,,,,,,42879,0.058974821120500565
,,,25,,,,,,,,,,,,,,,,,,,,,,,,,,,,,42889,0.006899651605635881
,,,25,,,,,,,,,,,,,,,,,,,,,,,,,,,,,42899,0.029820753261446953
,,,25,,,,,,,,,,,,,,,,,,,,,,,,,,,,,42909,0.031931307166814804
,,,25,,,,,,,,,,,,,,,,,,,,,,,,,,,,,42919,0.006565891671925783
,,,25,,,,,,,,,,,,,,,,,,,,,,,,,,,,,42929,0.07136709988117218
,,,25,,,,,,,,,,,,,,,,,,,,,,,,,,,,,42939,0.059550605714321136
,,,25,,,,,,,,,,,,,,,,,,,,,,,,,,,,,42949,0.05255386233329773
,,,25,,,,,,,,,,,,,,,,,,,,,,,,,,,,,42959,0.05571431666612625
,,,25,,,,,,,,,,,,,,,,,,,,,,,,,,,,,42969,0.24170613288879395
,,,25,,,,,,,,,,,,,,,,,,,,,,,,,,,,,42979,0.016109513118863106
,,,25,,,,,,,,,,,,,,,,,,,,,,,,,,,,,42989,0.008341093547642231
,,,25,,,,,,,,,,,,,,,,,,,,,,,,,,,,,42999,0.04619843512773514
,,,25,,,,,,,,,,,,,,,,,,,,,,,,,,,,,43009,0.04371877387166023
,,,25,,,,,,,,,,,,,,,,,,,,,,,,,,,,,43019,0.27553078532218933
,,,25,,,,,,,,,,,,,,,,,,,,,,,,,,,,,43029,0.00675083277747035
,,,25,,,,,,,,,,,,,,,,,,,,,,,,,,,,,43039,0.021114353090524673
,,,25,,,,,,,,,,,,,,,,,,,,,,,,,,,,,43049,0.009910077787935734
,,,25,,,,,,,,,,,,,,,,,,,,,,,,,,,,,43059,0.005164376460015774
,,,25,,,,,,,,,,,,,,,,,,,,,,,,,,,,,43069,0.05532683804631233
,,,25,,,,,,,,,,,,,,,,,,,,,,,,,,,,,43079,0.013924633152782917
,,,25,,,,,,,,,,,,,,,,,,,,,,,,,,,,,43089,0.008103495463728905
,,,25,,,,,,,,,,,,,,,,,,,,,,,,,,,,,43099,0.5107982754707336
,,,25,,,,,,,,,,,,,,,,,,,,,,,,,,,,,43109,0.09278208017349243
,,,25,,,,,,,,,,,,,,,,,,,,,,,,,,,,,43119,0.07663428783416748
,,,25,,,,,,,,,,,,,,,,,,,,,,,,,,,,,43129,0.18175871670246124
,,,25,,,,,,,,,,,,,,,,,,,,,,,,,,,,,43139,0.05955659598112106
,,,25,,,,,,,,,,,,,,,,,,,,,,,,,,,,,43149,0.09615643322467804
,,,25,,,,,,,,,,,,,,,,,,,,,,,,,,,,,43159,0.10571237653493881
,,,25,,,,,,,,,,,,,,,,,,,,,,,,,,,,,43169,0.6242698431015015
,,,25,,,,,,,,,,,,,,,,,,,,,,,,,,,,,43179,0.020290670916438103
,,,25,,,,,,,,,,,,,,,,,,,,,,,,,,,,,43189,0.03121798485517502
,,,25,,,,,,,,,,,,,,,,,,,,,,,,,,,,,43199,0.20298901200294495
,,,25,,,,,,,,,,,,,,,,,,,,,,,,,,,,,43209,1.54167902469635
,,,,3.141283954762321e-07,1.7597613275514558e-06,2.707325119309932e-06,2.707325119309932e-06,4.165115568169125e-06,4.165115568169125e-06,6.407870104875578e-06,6.407870104875578e-06,9.85826169980858e-06,9.85826169980858e-06,1.516655646124397e-05,3.141283954762321e-07,1.516655646124397e-05,2.333316378652918e-05,2.333316378652918e-05,3.589717505619874e-05,3.589717505619874e-05,5.522642316338268e-05,5.522642316338268e-05,5.522642316338268e-05,5.522642316338268e-05,4.832744545788186e-07,4.832744545788186e-07,7.434991608904902e-07,7.434991608904902e-07,1.1438448629084463e-06,1.1438448629084463e-06,1.7597613275514558e-06,43212,
,,,26,,,,,,,,,,,,,,,,,,,,,,,,,,,,,43219,0.014860749244689941
,,,26,,,,,,,,,,,,,,,,,,,,,,,,,,,,,43229,0.05935778096318245
,,,26,,,,,,,,,,,,,,,,,,,,,,,,,,,,,43239,0.2847292125225067
,,,26,,,,,,,,,,,,,,,,,,,,,,,,,,,,,43249,0.007189474068582058
,,,26,,,,,,,,,,,,,,,,,,,,,,,,,,,,,43259,0.034983377903699875
,,,26,,,,,,,,,,,,,,,,,,,,,,,,,,,,,43269,0.07682491838932037
,,,26,,,,,,,,,,,,,,,,,,,,,,,,,,,,,43279,0.005126639269292355
,,,26,,,,,,,,,,,,,,,,,,,,,,,,,,,,,43289,0.3904464840888977
,,,26,,,,,,,,,,,,,,,,,,,,,,,,,,,,,43299,0.051076360046863556
,,,26,,,,,,,,,,,,,,,,,,,,,,,,,,,,,43309,0.21796086430549622
,,,26,,,,,,,,,,,,,,,,,,,,,,,,,,,,,43319,0.037275124341249466
,,,26,,,,,,,,,,,,,,,,,,,,,,,,,,,,,43329,0.0740189403295517
,,,26,,,,,,,,,,,,,,,,,,,,,,,,,,,,,43339,0.389319509267807
,,,26,,,,,,,,,,,,,,,,,,,,,,,,,,,,,43349,1.5581564903259277
,,,26,,,,,,,,,,,,,,,,,,,,,,,,,,,,,43359,0.038364846259355545
,,,26,,,,,,,,,,,,,,,,,,,,,,,,,,,,,43369,0.046313006430864334
,,,26,,,,,,,,,,,,,,,,,,,,,,,,,,,,,43379,0.0025629533920437098
,,,26,,,,,,,,,,,,,,,,,,,,,,,,,,,,,43389,0.09301513433456421
,,,26,,,,,,,,,,,,,,,,,,,,,,,,,,,,,43399,0.0932474136352539
,,,26,,,,,,,,,,,,,,,,,,,,,,,,,,,,,43409,0.31329113245010376
,,,26,,,,,,,,,,,,,,,,,,,,,,,,,,,,,43419,0.034598495811223984
,,,26,,,,,,,,,,,,,,,,,,,,,,,,,,,,,43429,0.006240372080355883
,,,26,,,,,,,,,,,,,,,,,,,,,,,,,,,,,43439,0.011438102461397648
,,,26,,,,,,,,,,,,,,,,,,,,,,,,,,,,,43449,0.24279624223709106
,,,26,,,,,,,,,,,,,,,,,,,,,,,,,,,,,43459,0.20231422781944275
,,,26,,,,,,,,,,,,,,,,,,,,,,,,,,,,,43469,0.09422293305397034
,,,26,,,,,,,,,,,,,,,,,,,,,,,,,,,,,43479,0.14509384334087372
,,,26,,,,,,,,,,,,,,,,,,,,,,,,,,,,,43489,1.908936619758606
,,,26,,,,,,,,,,,,,,,,,,,,,,,,,,,,,43499,0.12276361137628555
,,,26,,,,,,,,,,,,,,,,,,,,,,,,,,,,,43509,0.23534898459911346
,,,26,,,,,,,,,,,,,,,,,,,,,,,,,,,,,43519,0.012778638862073421
,,,26,,,,,,,,,,,,,,,,,,,,,,,,,,,,,43529,0.9948417544364929
,,,26,,,,,,,,,,,,,,,,,,,,,,,,,,,,,43539,0.01153463963419199
,,,26,,,,,,,,,,,,,,,,,,,,,,,,,,,,,43549,0.0043753390200436115
,,,26,,,,,,,,,,,,,,,,,,,,,,,,,,,,,43559,0.1142369955778122
,,,26,,,,,,,,,,,,,,,,,,,,,,,,,,,,,43569,0.011474578641355038
,,,26,,,,,,,,,,,,,,,,,,,,,,,,,,,,,43579,0.3254458010196686
,,,26,,,,,,,,,,,,,,,,,,,,,,,,,,,,,43589,0.06386137753725052
,,,26,,,,,,,,,,,,,,,,,,,,,,,,,,,,,43599,0.6526042222976685
,,,26,,,,,,,,,,,,,,,,,,,,,,,,,,,,,43609,0.017559166997671127
,,,26,,,,,,,,,,,,,,,,,,,,,,,,,,,,,43619,0.026321403682231903
,,,26,,,,,,,,,,,,,,,,,,,,,,,,,,,,,43629,0.08595529943704605
,,,26,,,,,,,,,,,,,,,,,,,,,,,,,,,,,43639,0.00933397188782692
,,,26,,,,,,,,,,,,,,,,,,,,,,,,,,,,,43649,0.2058533877134323
,,,26,,,,,,,,,,,,,,,,,,,,,,,,,,,,,43659,0.006423702463507652
,,,26,,,,,,,,,,,,,,,,,,,,,,,,,,,,,43669,0.27509382367134094
,,,26,,,,,,,,,,,,,,,,,,,,,,,,,,,,,43679,0.05051586776971817
,,,26,,,,,,,,,,,,,,,,,,,,,,,,,,,,,43689,0.1388106346130371
,,,26,,,,,,,,,,,,,,,,,,,,,,,,,,,,,43699,0.18872664868831635
,,,26,,,,,,,,,,,,,,,,,,,,,,,,,,,,,43709,0.1810699999332428
,,,26,,,,,,,,,,,,,,,,,,,,,,,,,,,,,43719,0.015560694970190525
,,,26,,,,,,,,,,,,,,,,,,,,,,,,,,,,,43729,0.06142216920852661
,,,26,,,,,,,,,,,,,,,,,,,,,,,,,,,,,43739,0.42589324712753296
,,,26,,,,,,,,,,,,,,,,,,,,,,,,,,,,,43749,0.00995290745049715
,,,26,,,,,,,,,,,,,,,,,,,,,,,,,,,,,43759,0.07688813656568527
,,,26,,,,,,,,,,,,,,,,,,,,,,,,,,,,,43769,0.0029914402402937412
,,,26,,,,,,,,,,,,,,,,,,,,,,,,,,,,,43779,0.15766634047031403
,,,26,,,,,,,,,,,,,,,,,,,,,,,,,,,,,43789,0.0029954419005662203
,,,26,,,,,,,,,,,,,,,,,,,,,,,,,,,,,43799,0.01461117621511221
,,,26,,,,,,,,,,,,,,,,,,,,,,,,,,,,,43809,0.7692365646362305
,,,26,,,,,,,,,,,,,,,,,,,,,,,,,,,,,43819,0.1679866462945938
,,,26,,,,,,,,,,,,,,,,,,,,,,,,,,,,,43829,0.09004819393157959
,,,26,,,,,,,,,,,,,,,,,,,,,,,,,,,,,43839,0.0055193291045725346
,,,26,,,,,,,,,,,,,,,,,,,,,,,,,,,,,43849,0.5728714466094971
,,,26,,,,,,,,,,,,,,,,,,,,,,,,,,,,,43859,0.0016639434034004807
,,,26,,,,,,,,,,,,,,,,,,,,,,,,,,,,,43869,0.03899139538407326
,,,26,,,,,,,,,,,,,,,,,,,,,,,,,,,,,43879,0.006342202425003052
,,,26,,,,,,,,,,,,,,,,,,,,,,,,,,,,,43889,0.0022350086364895105
,,,26,,,,,,,,,,,,,,,,,,,,,,,,,,,,,43899,0.05884106457233429
,,,26,,,,,,,,,,,,,,,,,,,,,,,,,,,,,43909,0.019562384113669395
,,,26,,,,,,,,,,,,,,,,,,,,,,,,,,,,,43919,0.00846371240913868
,,,26,,,,,,,,,,,,,,,,,,,,,,,,,,,,,43929,0.012385615147650242
,,,26,,,,,,,,,,,,,,,,,,,,,,,,,,,,,43939,0.15628045797348022
,,,26,,,,,,,,,,,,,,,,,,,,,,,,,,,,,43949,0.018495207652449608
,,,26,,,,,,,,,,,,,,,,,,,,,,,,,,,,,43959,0.09828387200832367
,,,26,,,,,,,,,,,,,,,,,,,,,,,,,,,,,43969,0.268963485956192
,,,26,,,,,,,,,,,,,,,,,,,,,,,,,,,,,43979,0.12940151989459991
,,,26,,,,,,,,,,,,,,,,,,,,,,,,,,,,,43989,0.12287241220474243
,,,26,,,,,,,,,,,,,,,,,,,,,,,,,,,,,43999,0.25011858344078064
,,,26,,,,,,,,,,,,,,,,,,,,,,,,,,,,,44009,0.1216072291135788
,,,26,,,,,,,,,,,,,,,,,,,,,,,,,,,,,44019,0.46991315484046936
,,,26,,,,,,,,,,,,,,,,,,,,,,,,,,,,,44029,0.09416110068559647
,,,26,,,,,,,,,,,,,,,,,,,,,,,,,,,,,44039,0.057547397911548615
,,,26,,,,,,,,,,,,,,,,,,,,,,,,,,,,,44049,0.08143918216228485
,,,26,,,,,,,,,,,,,,,,,,,,,,,,,,,,,44059,0.19334307312965393
,,,26,,,,,,,,,,,,,,,,,,,,,,,,,,,,,44069,0.266381174325943
,,,26,,,,,,,,,,,,,,,,,,,,,,,,,,,,,44079,0.021315306425094604
,,,26,,,,,,,,,,,,,,,,,,,,,,,,,,,,,44089,0.06344719231128693
,,,26,,,,,,,,,,,,,,,,,,,,,,,,,,,,,44099,0.057505905628204346
,,,26,,,,,,,,,,,,,,,,,,,,,,,,,,,,,44109,0.15215560793876648
,,,26,,,,,,,,,,,,,,,,,,,,,,,,,,,,,44119,0.19806209206581116
,,,26,,,,,,,,,,,,,,,,,,,,,,,,,,,,,44129,0.11024141311645508
,,,26,,,,,,,,,,,,,,,,,,,,,,,,,,,,,44139,0.002557481871917844
,,,26,,,,,,,,,,,,,,,,,,,,,,,,,,,,,44149,1.0294135808944702
,,,26,,,,,,,,,,,,,,,,,,,,,,,,,,,,,44159,0.04505221173167229
,,,26,,,,,,,,,,,,,,,,,,,,,,,,,,,,,44169,0.009307799860835075
,,,26,,,,,,,,,,,,,,,,,,,,,,,,,,,,,44179,0.008165935985744
,,,26,,,,,,,,,,,,,,,,,,,,,,,,,,,,,44189,0.3086801767349243
,,,26,,,,,,,,,,,,,,,,,,,,,,,,,,,,,44199,0.1058836504817009
,,,26,,,,,,,,,,,,,,,,,,,,,,,,,,,,,44209,0.18413561582565308
,,,26,,,,,,,,,,,,,,,,,,,,,,,,,,,,,44219,0.00142747163772583
,,,26,,,,,,,,,,,,,,,,,,,,,,,,,,,,,44229,0.0072096348740160465
,,,26,,,,,,,,,,,,,,,,,,,,,,,,,,,,,44239,0.007327922619879246
,,,26,,,,,,,,,,,,,,,,,,,,,,,,,,,,,44249,0.13245715200901031
,,,26,,,,,,,,,,,,,,,,,,,,,,,,,,,,,44259,0.2485378533601761
,,,26,,,,,,,,,,,,,,,,,,,,,,,,,,,,,44269,0.20922501385211945
,,,26,,,,,,,,,,,,,,,,,,,,,,,,,,,,,44279,0.029404472559690475
,,,26,,,,,,,,,,,,,,,,,,,,,,,,,,,,,44289,0.13954192399978638
,,,26,,,,,,,,,,,,,,,,,,,,,,,,,,,,,44299,0.1518488973379135
,,,26,,,,,,,,,,,,,,,,,,,,,,,,,,,,,44309,0.0047186496667563915
,,,26,,,,,,,,,,,,,,,,,,,,,,,,,,,,,44319,0.07293909788131714
,,,26,,,,,,,,,,,,,,,,,,,,,,,,,,,,,44329,0.010551017709076405
,,,26,,,,,,,,,,,,,,,,,,,,,,,,,,,,,44339,0.03555348515510559
,,,26,,,,,,,,,,,,,,,,,,,,,,,,,,,,,44349,0.004410968162119389
,,,26,,,,,,,,,,,,,,,,,,,,,,,,,,,,,44359,0.5645621418952942
,,,26,,,,,,,,,,,,,,,,,,,,,,,,,,,,,44369,0.029780510812997818
,,,26,,,,,,,,,,,,,,,,,,,,,,,,,,,,,44379,0.01859111711382866
,,,26,,,,,,,,,,,,,,,,,,,,,,,,,,,,,44389,0.002036820398643613
,,,26,,,,,,,,,,,,,,,,,,,,,,,,,,,,,44399,0.04741713032126427
,,,26,,,,,,,,,,,,,,,,,,,,,,,,,,,,,44409,0.02323601208627224
,,,26,,,,,,,,,,,,,,,,,,,,,,,,,,,,,44419,0.006519285961985588
,,,26,,,,,,,,,,,,,,,,,,,,,,,,,,,,,44429,0.018994415178894997
,,,26,,,,,,,,,,,,,,,,,,,,,,,,,,,,,44439,0.04735938459634781
,,,26,,,,,,,,,,,,,,,,,,,,,,,,,,,,,44449,1.0941691398620605
,,,26,,,,,,,,,,,,,,,,,,,,,,,,,,,,,44459,0.022862575948238373
,,,26,,,,,,,,,,,,,,,,,,,,,,,,,,,,,44469,0.466395765542984
,,,26,,,,,,,,,,,,,,,,,,,,,,,,,,,,,44479,0.028980594128370285
,,,26,,,,,,,,,,,,,,,,,,,,,,,,,,,,,44489,0.1766783595085144
,,,26,,,,,,,,,,,,,,,,,,,,,,,,,,,,,44499,0.10930092632770538
,,,26,,,,,,,,,,,,,,,,,,,,,,,,,,,,,44509,0.12065865844488144
,,,26,,,,,,,,,,,,,,,,,,,,,,,,,,,,,44519,0.3751552402973175
,,,26,,,,,,,,,,,,,,,,,,,,,,,,,,,,,44529,0.04528633505105972
,,,26,,,,,,,,,,,,,,,,,,,,,,,,,,,,,44539,0.08924601972103119
,,,26,,,,,,,,,,,,,,,,,,,,,,,,,,,,,44549,0.019970666617155075
,,,26,,,,,,,,,,,,,,,,,,,,,,,,,,,,,44559,0.006475043948739767
,,,26,,,,,,,,,,,,,,,,,,,,,,,,,,,,,44569,0.12705223262310028
,,,26,,,,,,,,,,,,,,,,,,,,,,,,,,,,,44579,0.00855859462171793
,,,26,,,,,,,,,,,,,,,,,,,,,,,,,,,,,44589,0.17089863121509552
,,,26,,,,,,,,,,,,,,,,,,,,,,,,,,,,,44599,0.13279873132705688
,,,26,,,,,,,,,,,,,,,,,,,,,,,,,,,,,44609,0.002374462317675352
,,,26,,,,,,,,,,,,,,,,,,,,,,,,,,,,,44619,0.050523072481155396
,,,26,,,,,,,,,,,,,,,,,,,,,,,,,,,,,44629,0.04052994027733803
,,,26,,,,,,,,,,,,,,,,,,,,,,,,,,,,,44639,0.004008155781775713
,,,26,,,,,,,,,,,,,,,,,,,,,,,,,,,,,44649,0.029210252687335014
,,,26,,,,,,,,,,,,,,,,,,,,,,,,,,,,,44659,0.14979751408100128
,,,26,,,,,,,,,,,,,,,,,,,,,,,,,,,,,44669,0.024464113637804985
,,,26,,,,,,,,,,,,,,,,,,,,,,,,,,,,,44679,0.017080912366509438
,,,26,,,,,,,,,,,,,,,,,,,,,,,,,,,,,44689,0.010016156360507011
,,,26,,,,,,,,,,,,,,,,,,,,,,,,,,,,,44699,0.7639597654342651
,,,26,,,,,,,,,,,,,,,,,,,,,,,,,,,,,44709,0.04170523211359978
,,,26,,,,,,,,,,,,,,,,,,,,,,,,,,,,,44719,0.023188503459095955
,,,26,,,,,,,,,,,,,,,,,,,,,,,,,,,,,44729,0.02676471881568432
,,,26,,,,,,,,,,,,,,,,,,,,,,,,,,,,,44739,0.05998716503381729
,,,26,,,,,,,,,,,,,,,,,,,,,,,,,,,,,44749,0.5101430416107178
,,,26,,,,,,,,,,,,,,,,,,,,,,,,,,,,,44759,0.033313218504190445
,,,26,,,,,,,,,,,,,,,,,,,,,,,,,,,,,44769,0.14506754279136658
,,,26,,,,,,,,,,,,,,,,,,,,,,,,,,,,,44779,0.6199144721031189
,,,26,,,,,,,,,,,,,,,,,,,,,,,,,,,,,44789,0.12170744687318802
,,,26,,,,,,,,,,,,,,,,,,,,,,,,,,,,,44799,0.08070184290409088
,,,26,,,,,,,,,,,,,,,,,,,,,,,,,,,,,44809,0.5442215204238892
,,,26,,,,,,,,,,,,,,,,,,,,,,,,,,,,,44819,0.010542148724198341
,,,26,,,,,,,,,,,,,,,,,,,,,,,,,,,,,44829,0.06435427069664001
,,,26,,,,,,,,,,,,,,,,,,,,,,,,,,,,,44839,0.008121305145323277
,,,26,,,,,,,,,,,,,,,,,,,,,,,,,,,,,44849,0.035810232162475586
,,,26,,,,,,,,,,,,,,,,,,,,,,,,,,,,,44859,0.00556132011115551
,,,26,,,,,,,,,,,,,,,,,,,,,,,,,,,,,44869,0.02894163690507412
,,,,2.943258858323685e-07,1.648826782436853e-06,2.5366565883643888e-06,2.5366565883643888e-06,3.902548597483675e-06,3.902548597483675e-06,6.003920919205654e-06,6.003920919205654e-06,9.236801414162544e-06,9.236801414162544e-06,1.4210463714096221e-05,2.943258858323685e-07,1.4210463714096221e-05,2.1862251867840337e-05,2.1862251867840337e-05,3.363423364283129e-05,3.363423364283129e-05,5.174497483512506e-05,5.174497483512506e-05,5.174497483512506e-05,5.174497483512506e-05,4.5280905512672074e-07,4.5280905512672074e-07,6.966293155795704e-07,6.966293155795704e-07,1.0717374085839545e-06,1.0717374085839545e-06,1.648826782436853e-06,44874,
,,,27,,,,,,,,,,,,,,,,,,,,,,,,,,,,,44879,0.10483104735612869
,,,27,,,,,,,,,,,,,,,,,,,,,,,,,,,,,44889,0.10671409964561462
,,,27,,,,,,,,,,,,,,,,,,,,,,,,,,,,,44899,0.1372668445110321
,,,27,,,,,,,,,,,,,,,,,,,,,,,,,,,,,44909,0.00138010922819376
,,,27,,,,,,,,,,,,,,,,,,,,,,,,,,,,,44919,0.11071207374334335
,,,27,,,,,,,,,,,,,,,,,,,,,,,,,,,,,44929,0.17487825453281403
,,,27,,,,,,,,,,,,,,,,,,,,,,,,,,,,,44939,0.4392372965812683
,,,27,,,,,,,,,,,,,,,,,,,,,,,,,,,,,44949,0.23326456546783447
,,,27,,,,,,,,,,,,,,,,,,,,,,,,,,,,,44959,0.010887008160352707
,,,27,,,,,,,,,,,,,,,,,,,,,,,,,,,,,44969,0.2680181562900543
,,,27,,,,,,,,,,,,,,,,,,,,,,,,,,,,,44979,0.3289528787136078
,,,27,,,,,,,,,,,,,,,,,,,,,,,,,,,,,44989,0.6788144707679749
,,,27,,,,,,,,,,,,,,,,,,,,,,,,,,,,,44999,0.1407855600118637
,,,27,,,,,,,,,,,,,,,,,,,,,,,,,,,,,45009,0.007982965558767319
,,,27,,,,,,,,,,,,,,,,,,,,,,,,,,,,,45019,0.013078529387712479
,,,27,,,,,,,,,,,,,,,,,,,,,,,,,,,,,45029,0.009279822930693626
,,,27,,,,,,,,,,,,,,,,,,,,,,,,,,,,,45039,0.12554632127285004
,,,27,,,,,,,,,,,,,,,,,,,,,,,,,,,,,45049,0.033711064606904984
,,,27,,,,,,,,,,,,,,,,,,,,,,,,,,,,,45059,0.17345432937145233
,,,27,,,,,,,,,,,,,,,,,,,,,,,,,,,,,45069,0.04507041722536087
,,,27,,,,,,,,,,,,,,,,,,,,,,,,,,,,,45079,0.008043602108955383
,,,27,,,,,,,,,,,,,,,,,,,,,,,,,,,,,45089,0.27342572808265686
,,,27,,,,,,,,,,,,,,,,,,,,,,,,,,,,,45099,0.0346066877245903
,,,27,,,,,,,,,,,,,,,,,,,,,,,,,,,,,45109,0.0024036159738898277
,,,27,,,,,,,,,,,,,,,,,,,,,,,,,,,,,45119,0.02097596786916256
,,,27,,,,,,,,,,,,,,,,,,,,,,,,,,,,,45129,0.60325688123703
,,,27,,,,,,,,,,,,,,,,,,,,,,,,,,,,,45139,0.0174055565148592
,,,27,,,,,,,,,,,,,,,,,,,,,,,,,,,,,45149,0.0035275251138955355
,,,27,,,,,,,,,,,,,,,,,,,,,,,,,,,,,45159,0.25040000677108765
,,,27,,,,,,,,,,,,,,,,,,,,,,,,,,,,,45169,0.010700595565140247
,,,27,,,,,,,,,,,,,,,,,,,,,,,,,,,,,45179,0.07493535429239273
,,,27,,,,,,,,,,,,,,,,,,,,,,,,,,,,,45189,0.20415398478507996
,,,27,,,,,,,,,,,,,,,,,,,,,,,,,,,,,45199,0.1397249698638916
,,,27,,,,,,,,,,,,,,,,,,,,,,,,,,,,,45209,0.7893026471138
,,,27,,,,,,,,,,,,,,,,,,,,,,,,,,,,,45219,0.06245974078774452
,,,27,,,,,,,,,,,,,,,,,,,,,,,,,,,,,45229,0.008488724939525127
,,,27,,,,,,,,,,,,,,,,,,,,,,,,,,,,,45239,0.02329067513346672
,,,27,,,,,,,,,,,,,,,,,,,,,,,,,,,,,45249,0.025388674810528755
,,,27,,,,,,,,,,,,,,,,,,,,,,,,,,,,,45259,0.0805535539984703
,,,27,,,,,,,,,,,,,,,,,,,,,,,,,,,,,45269,0.07358008623123169
,,,27,,,,,,,,,,,,,,,,,,,,,,,,,,,,,45279,0.004161953926086426
,,,27,,,,,,,,,,,,,,,,,,,,,,,,,,,,,45289,0.03208796679973602
,,,27,,,,,,,,,,,,,,,,,,,,,,,,,,,,,45299,0.19155332446098328
,,,27,,,,,,,,,,,,,,,,,,,,,,,,,,,,,45309,0.849415123462677
,,,27,,,,,,,,,,,,,,,,,,,,,,,,,,,,,45319,0.13878566026687622
,,,27,,,,,,,,,,,,,,,,,,,,,,,,,,,,,45329,0.0031869730446487665
,,,27,,,,,,,,,,,,,,,,,,,,,,,,,,,,,45339,0.44374823570251465
,,,27,,,,,,,,,,,,,,,,,,,,,,,,,,,,,45349,0.027235113084316254
,,,27,,,,,,,,,,,,,,,,,,,,,,,,,,,,,45359,0.0026763908099383116
,,,27,,,,,,,,,,,,,,,,,,,,,,,,,,,,,45369,0.001772989402525127
,,,27,,,,,,,,,,,,,,,,,,,,,,,,,,,,,45379,0.009093688800930977
,,,27,,,,,,,,,,,,,,,,,,,,,,,,,,,,,45389,0.47984811663627625
,,,27,,,,,,,,,,,,,,,,,,,,,,,,,,,,,45399,0.004365616012364626
,,,27,,,,,,,,,,,,,,,,,,,,,,,,,,,,,45409,0.06868884712457657
,,,27,,,,,,,,,,,,,,,,,,,,,,,,,,,,,45419,0.0036472089122980833
,,,27,,,,,,,,,,,,,,,,,,,,,,,,,,,,,45429,0.7325000762939453
,,,27,,,,,,,,,,,,,,,,,,,,,,,,,,,,,45439,0.548570990562439
,,,27,,,,,,,,,,,,,,,,,,,,,,,,,,,,,45449,0.15670756995677948
,,,27,,,,,,,,,,,,,,,,,,,,,,,,,,,,,45459,0.3018675446510315
,,,27,,,,,,,,,,,,,,,,,,,,,,,,,,,,,45469,0.15083938837051392
,,,27,,,,,,,,,,,,,,,,,,,,,,,,,,,,,45479,0.0861174613237381
,,,27,,,,,,,,,,,,,,,,,,,,,,,,,,,,,45489,0.04289959743618965
,,,27,,,,,,,,,,,,,,,,,,,,,,,,,,,,,45499,0.05283500254154205
,,,27,,,,,,,,,,,,,,,,,,,,,,,,,,,,,45509,0.6215559244155884
,,,27,,,,,,,,,,,,,,,,,,,,,,,,,,,,,45519,0.2159469723701477
,,,27,,,,,,,,,,,,,,,,,,,,,,,,,,,,,45529,0.03072824701666832
,,,27,,,,,,,,,,,,,,,,,,,,,,,,,,,,,45539,0.2693403661251068
,,,27,,,,,,,,,,,,,,,,,,,,,,,,,,,,,45549,0.23895016312599182
,,,27,,,,,,,,,,,,,,,,,,,,,,,,,,,,,45559,0.005801900755614042
,,,27,,,,,,,,,,,,,,,,,,,,,,,,,,,,,45569,0.150238037109375
,,,27,,,,,,,,,,,,,,,,,,,,,,,,,,,,,45579,0.1296904981136322
,,,27,,,,,,,,,,,,,,,,,,,,,,,,,,,,,45589,0.12638996541500092
,,,27,,,,,,,,,,,,,,,,,,,,,,,,,,,,,45599,0.006641085259616375
,,,27,,,,,,,,,,,,,,,,,,,,,,,,,,,,,45609,0.021660827100276947
,,,27,,,,,,,,,,,,,,,,,,,,,,,,,,,,,45619,0.0035728858783841133
,,,27,,,,,,,,,,,,,,,,,,,,,,,,,,,,,45629,0.0051372773014009
,,,27,,,,,,,,,,,,,,,,,,,,,,,,,,,,,45639,0.005076496861875057
,,,27,,,,,,,,,,,,,,,,,,,,,,,,,,,,,45649,0.00463058752939105
,,,27,,,,,,,,,,,,,,,,,,,,,,,,,,,,,45659,0.1314072459936142
,,,27,,,,,,,,,,,,,,,,,,,,,,,,,,,,,45669,0.11465971916913986
,,,27,,,,,,,,,,,,,,,,,,,,,,,,,,,,,45679,0.02028830349445343
,,,27,,,,,,,,,,,,,,,,,,,,,,,,,,,,,45689,0.0418110191822052
,,,27,,,,,,,,,,,,,,,,,,,,,,,,,,,,,45699,0.03521101921796799
,,,27,,,,,,,,,,,,,,,,,,,,,,,,,,,,,45709,0.5588315725326538
,,,27,,,,,,,,,,,,,,,,,,,,,,,,,,,,,45719,0.011602058075368404
,,,27,,,,,,,,,,,,,,,,,,,,,,,,,,,,,45729,0.004533519968390465
,,,27,,,,,,,,,,,,,,,,,,,,,,,,,,,,,45739,0.5791590809822083
,,,27,,,,,,,,,,,,,,,,,,,,,,,,,,,,,45749,0.03585176169872284
,,,27,,,,,,,,,,,,,,,,,,,,,,,,,,,,,45759,0.024708466604351997
,,,27,,,,,,,,,,,,,,,,,,,,,,,,,,,,,45769,0.03790196031332016
,,,27,,,,,,,,,,,,,,,,,,,,,,,,,,,,,45779,0.13416928052902222
,,,27,,,,,,,,,,,,,,,,,,,,,,,,,,,,,45789,0.22148612141609192
,,,27,,,,,,,,,,,,,,,,,,,,,,,,,,,,,45799,0.04072596877813339
,,,27,,,,,,,,,,,,,,,,,,,,,,,,,,,,,45809,0.0025673711206763983
,,,27,,,,,,,,,,,,,,,,,,,,,,,,,,,,,45819,0.16993162035942078
,,,27,,,,,,,,,,,,,,,,,,,,,,,,,,,,,45829,1.533945083618164
,,,27,,,,,,,,,,,,,,,,,,,,,,,,,,,,,45839,0.09246481209993362
,,,27,,,,,,,,,,,,,,,,,,,,,,,,,,,,,45849,0.006322952918708324
,,,27,,,,,,,,,,,,,,,,,,,,,,,,,,,,,45859,0.6413377523422241
,,,27,,,,,,,,,,,,,,,,,,,,,,,,,,,,,45869,0.036764632910490036
,,,27,,,,,,,,,,,,,,,,,,,,,,,,,,,,,45879,0.05258948728442192
,,,27,,,,,,,,,,,,,,,,,,,,,,,,,,,,,45889,0.001232293900102377
,,,27,,,,,,,,,,,,,,,,,,,,,,,,,,,,,45899,0.0691184401512146
,,,27,,,,,,,,,,,,,,,,,,,,,,,,,,,,,45909,0.005744635593146086
,,,27,,,,,,,,,,,,,,,,,,,,,,,,,,,,,45919,0.2554944157600403
,,,27,,,,,,,,,,,,,,,,,,,,,,,,,,,,,45929,0.3048200011253357
,,,27,,,,,,,,,,,,,,,,,,,,,,,,,,,,,45939,0.022685954347252846
,,,27,,,,,,,,,,,,,,,,,,,,,,,,,,,,,45949,0.0016320134745910764
,,,27,,,,,,,,,,,,,,,,,,,,,,,,,,,,,45959,0.14218544960021973
,,,27,,,,,,,,,,,,,,,,,,,,,,,,,,,,,45969,0.15589439868927002
,,,27,,,,,,,,,,,,,,,,,,,,,,,,,,,,,45979,0.0059606595896184444
,,,27,,,,,,,,,,,,,,,,,,,,,,,,,,,,,45989,0.03877805918455124
,,,27,,,,,,,,,,,,,,,,,,,,,,,,,,,,,45999,0.14342273771762848
,,,27,,,,,,,,,,,,,,,,,,,,,,,,,,,,,46009,0.5927609205245972
,,,27,,,,,,,,,,,,,,,,,,,,,,,,,,,,,46019,0.25577089190483093
,,,27,,,,,,,,,,,,,,,,,,,,,,,,,,,,,46029,0.0035004769451916218
,,,27,,,,,,,,,,,,,,,,,,,,,,,,,,,,,46039,0.0015147080412134528
,,,27,,,,,,,,,,,,,,,,,,,,,,,,,,,,,46049,0.006191876716911793
,,,27,,,,,,,,,,,,,,,,,,,,,,,,,,,,,46059,0.010880383662879467
,,,27,,,,,,,,,,,,,,,,,,,,,,,,,,,,,46069,0.039289746433496475
,,,27,,,,,,,,,,,,,,,,,,,,,,,,,,,,,46079,0.009406613186001778
,,,27,,,,,,,,,,,,,,,,,,,,,,,,,,,,,46089,0.03267160430550575
,,,27,,,,,,,,,,,,,,,,,,,,,,,,,,,,,46099,0.0486031211912632
,,,27,,,,,,,,,,,,,,,,,,,,,,,,,,,,,46109,0.005992835387587547
,,,27,,,,,,,,,,,,,,,,,,,,,,,,,,,,,46119,0.003932403866201639
,,,27,,,,,,,,,,,,,,,,,,,,,,,,,,,,,46129,1.1203324794769287
,,,27,,,,,,,,,,,,,,,,,,,,,,,,,,,,,46139,0.005873404443264008
,,,27,,,,,,,,,,,,,,,,,,,,,,,,,,,,,46149,0.023266570642590523
,,,27,,,,,,,,,,,,,,,,,,,,,,,,,,,,,46159,0.16097617149353027
,,,27,,,,,,,,,,,,,,,,,,,,,,,,,,,,,46169,0.0054672653786838055
,,,27,,,,,,,,,,,,,,,,,,,,,,,,,,,,,46179,0.26743754744529724
,,,27,,,,,,,,,,,,,,,,,,,,,,,,,,,,,46189,0.045102618634700775
,,,27,,,,,,,,,,,,,,,,,,,,,,,,,,,,,46199,0.1762203872203827
,,,27,,,,,,,,,,,,,,,,,,,,,,,,,,,,,46209,0.005823735613375902
,,,27,,,,,,,,,,,,,,,,,,,,,,,,,,,,,46219,0.029522858560085297
,,,27,,,,,,,,,,,,,,,,,,,,,,,,,,,,,46229,0.15091198682785034
,,,27,,,,,,,,,,,,,,,,,,,,,,,,,,,,,46239,0.13430753350257874
,,,27,,,,,,,,,,,,,,,,,,,,,,,,,,,,,46249,0.01626819558441639
,,,27,,,,,,,,,,,,,,,,,,,,,,,,,,,,,46259,0.21637029945850372
,,,27,,,,,,,,,,,,,,,,,,,,,,,,,,,,,46269,0.045065805315971375
,,,27,,,,,,,,,,,,,,,,,,,,,,,,,,,,,46279,0.2658320963382721
,,,27,,,,,,,,,,,,,,,,,,,,,,,,,,,,,46289,0.004972455091774464
,,,27,,,,,,,,,,,,,,,,,,,,,,,,,,,,,46299,0.0022040086332708597
,,,27,,,,,,,,,,,,,,,,,,,,,,,,,,,,,46309,0.002125140279531479
,,,27,,,,,,,,,,,,,,,,,,,,,,,,,,,,,46319,0.0743764266371727
,,,27,,,,,,,,,,,,,,,,,,,,,,,,,,,,,46329,0.47320064902305603
,,,27,,,,,,,,,,,,,,,,,,,,,,,,,,,,,46339,0.29355356097221375
,,,27,,,,,,,,,,,,,,,,,,,,,,,,,,,,,46349,0.030615348368883133
,,,27,,,,,,,,,,,,,,,,,,,,,,,,,,,,,46359,0.3630533516407013
,,,27,,,,,,,,,,,,,,,,,,,,,,,,,,,,,46369,0.0163763128221035
,,,27,,,,,,,,,,,,,,,,,,,,,,,,,,,,,46379,0.02021821029484272
,,,27,,,,,,,,,,,,,,,,,,,,,,,,,,,,,46389,0.08349087834358215
,,,27,,,,,,,,,,,,,,,,,,,,,,,,,,,,,46399,0.19722768664360046
,,,27,,,,,,,,,,,,,,,,,,,,,,,,,,,,,46409,0.7522805333137512
,,,27,,,,,,,,,,,,,,,,,,,,,,,,,,,,,46419,0.003914355766028166
,,,27,,,,,,,,,,,,,,,,,,,,,,,,,,,,,46429,0.05227292701601982
,,,27,,,,,,,,,,,,,,,,,,,,,,,,,,,,,46439,0.14821097254753113
,,,27,,,,,,,,,,,,,,,,,,,,,,,,,,,,,46449,0.4634656310081482
,,,27,,,,,,,,,,,,,,,,,,,,,,,,,,,,,46459,0.3140983581542969
,,,27,,,,,,,,,,,,,,,,,,,,,,,,,,,,,46469,0.053232014179229736
,,,27,,,,,,,,,,,,,,,,,,,,,,,,,,,,,46479,0.1491071879863739
,,,27,,,,,,,,,,,,,,,,,,,,,,,,,,,,,46489,0.026674773544073105
,,,27,,,,,,,,,,,,,,,,,,,,,,,,,,,,,46499,0.02413026988506317
,,,27,,,,,,,,,,,,,,,,,,,,,,,,,,,,,46509,0.13913705945014954
,,,27,,,,,,,,,,,,,,,,,,,,,,,,,,,,,46519,1.0303987264633179
,,,27,,,,,,,,,,,,,,,,,,,,,,,,,,,,,46529,0.044332269579172134
,,,,2.744750204782032e-07,1.537621346469399e-06,2.3655713022606135e-06,2.3655713022606135e-06,3.6393404650163284e-06,3.6393404650163284e-06,5.598985330794351e-06,5.598985330794351e-06,8.613823585837463e-06,8.613823585837463e-06,1.3252036285903789e-05,2.744750204782032e-07,1.3252036285903789e-05,2.0387748132159674e-05,2.0387748132159674e-05,3.136576635716873e-05,3.136576635716873e-05,4.825502516487497e-05,4.825502516487497e-05,4.825502516487497e-05,4.825502516487497e-05,4.222692622741587e-07,4.222692622741587e-07,6.496450188833211e-07,6.496450188833211e-07,9.994538752051094e-07,9.994538752051094e-07,1.537621346469399e-06,46536,
,,,28,,,,,,,,,,,,,,,,,,,,,,,,,,,,,46539,0.002838408574461937
,,,28,,,,,,,,,,,,,,,,,,,,,,,,,,,,,46549,0.0678526982665062
,,,28,,,,,,,,,,,,,,,,,,,,,,,,,,,,,46559,0.1358436942100525
,,,28,,,,,,,,,,,,,,,,,,,,,,,,,,,,,46569,0.06507962942123413
,,,28,,,,,,,,,,,,,,,,,,,,,,,,,,,,,46579,0.04207753762602806
,,,28,,,,,,,,,,,,,,,,,,,,,,,,,,,,,46589,0.01042110938578844
,,,28,,,,,,,,,,,,,,,,,,,,,,,,,,,,,46599,0.0028007603250443935
,,,28,,,,,,,,,,,,,,,,,,,,,,,,,,,,,46609,0.47273048758506775
,,,28,,,,,,,,,,,,,,,,,,,,,,,,,,,,,46619,0.002899032784625888
,,,28,,,,,,,,,,,,,,,,,,,,,,,,,,,,,46629,0.008586526848375797
,,,28,,,,,,,,,,,,,,,,,,,,,,,,,,,,,46639,0.4555061459541321
,,,28,,,,,,,,,,,,,,,,,,,,,,,,,,,,,46649,0.13957396149635315
,,,28,,,,,,,,,,,,,,,,,,,,,,,,,,,,,46659,0.423843115568161
,,,28,,,,,,,,,,,,,,,,,,,,,,,,,,,,,46669,0.003923892974853516
,,,28,,,,,,,,,,,,,,,,,,,,,,,,,,,,,46679,0.030386753380298615
,,,28,,,,,,,,,,,,,,,,,,,,,,,,,,,,,46689,0.18408337235450745
,,,28,,,,,,,,,,,,,,,,,,,,,,,,,,,,,46699,0.03690996766090393
,,,28,,,,,,,,,,,,,,,,,,,,,,,,,,,,,46709,0.04176068305969238
,,,28,,,,,,,,,,,,,,,,,,,,,,,,,,,,,46719,0.004499162081629038
,,,28,,,,,,,,,,,,,,,,,,,,,,,,,,,,,46729,0.0030018521938472986
,,,28,,,,,,,,,,,,,,,,,,,,,,,,,,,,,46739,0.0017685220809653401
,,,28,,,,,,,,,,,,,,,,,,,,,,,,,,,,,46749,0.006020321045070887
,,,28,,,,,,,,,,,,,,,,,,,,,,,,,,,,,46759,0.002714378060773015
,,,28,,,,,,,,,,,,,,,,,,,,,,,,,,,,,46769,0.0799456238746643
,,,28,,,,,,,,,,,,,,,,,,,,,,,,,,,,,46779,0.004081633873283863
,,,28,,,,,,,,,,,,,,,,,,,,,,,,,,,,,46789,0.03056924231350422
,,,28,,,,,,,,,,,,,,,,,,,,,,,,,,,,,46799,0.748607873916626
,,,28,,,,,,,,,,,,,,,,,,,,,,,,,,,,,46809,0.09195151180028915
,,,28,,,,,,,,,,,,,,,,,,,,,,,,,,,,,46819,0.22374866902828217
,,,28,,,,,,,,,,,,,,,,,,,,,,,,,,,,,46829,1.0832793712615967
,,,28,,,,,,,,,,,,,,,,,,,,,,,,,,,,,46839,0.5123633146286011
,,,28,,,,,,,,,,,,,,,,,,,,,,,,,,,,,46849,0.051604002714157104
,,,28,,,,,,,,,,,,,,,,,,,,,,,,,,,,,46859,0.03784977272152901
,,,28,,,,,,,,,,,,,,,,,,,,,,,,,,,,,46869,0.4368685185909271
,,,28,,,,,,,,,,,,,,,,,,,,,,,,,,,,,46879,0.004404362291097641
,,,28,,,,,,,,,,,,,,,,,,,,,,,,,,,,,46889,0.32854384183883667
,,,28,,,,,,,,,,,,,,,,,,,,,,,,,,,,,46899,0.10261018574237823
,,,28,,,,,,,,,,,,,,,,,,,,,,,,,,,,,46909,0.2739666998386383
,,,28,,,,,,,,,,,,,,,,,,,,,,,,,,,,,46919,0.011479005217552185
,,,28,,,,,,,,,,,,,,,,,,,,,,,,,,,,,46929,0.0032128961756825447
,,,28,,,,,,,,,,,,,,,,,,,,,,,,,,,,,46939,0.10032753646373749
,,,28,,,,,,,,,,,,,,,,,,,,,,,,,,,,,46949,0.030562521889805794
,,,28,,,,,,,,,,,,,,,,,,,,,,,,,,,,,46959,0.005837529432028532
,,,28,,,,,,,,,,,,,,,,,,,,,,,,,,,,,46969,0.0034427507780492306
,,,28,,,,,,,,,,,,,,,,,,,,,,,,,,,,,46979,0.022315625101327896
,,,28,,,,,,,,,,,,,,,,,,,,,,,,,,,,,46989,0.0024667740799486637
,,,28,,,,,,,,,,,,,,,,,,,,,,,,,,,,,46999,0.7398427128791809
,,,28,,,,,,,,,,,,,,,,,,,,,,,,,,,,,47009,0.05732319876551628
,,,28,,,,,,,,,,,,,,,,,,,,,,,,,,,,,47019,0.11700434237718582
,,,28,,,,,,,,,,,,,,,,,,,,,,,,,,,,,47029,0.13617289066314697
,,,28,,,,,,,,,,,,,,,,,,,,,,,,,,,,,47039,0.4265808165073395
,,,28,,,,,,,,,,,,,,,,,,,,,,,,,,,,,47049,0.00796792283654213
,,,28,,,,,,,,,,,,,,,,,,,,,,,,,,,,,47059,0.12064217031002045
,,,28,,,,,,,,,,,,,,,,,,,,,,,,,,,,,47069,0.06631937623023987
,,,28,,,,,,,,,,,,,,,,,,,,,,,,,,,,,47079,0.019862527027726173
,,,28,,,,,,,,,,,,,,,,,,,,,,,,,,,,,47089,0.35304781794548035
,,,28,,,,,,,,,,,,,,,,,,,,,,,,,,,,,47099,0.16158446669578552
,,,28,,,,,,,,,,,,,,,,,,,,,,,,,,,,,47109,0.10065381973981857
,,,28,,,,,,,,,,,,,,,,,,,,,,,,,,,,,47119,0.003916422836482525
,,,28,,,,,,,,,,,,,,,,,,,,,,,,,,,,,47129,0.040897779166698456
,,,28,,,,,,,,,,,,,,,,,,,,,,,,,,,,,47139,0.04827254265546799
,,,28,,,,,,,,,,,,,,,,,,,,,,,,,,,,,47149,0.008404986932873726
,,,28,,,,,,,,,,,,,,,,,,,,,,,,,,,,,47159,0.03157467395067215
,,,28,,,,,,,,,,,,,,,,,,,,,,,,,,,,,47169,0.1582583338022232
,,,28,,,,,,,,,,,,,,,,,,,,,,,,,,,,,47179,0.467128187417984
,,,28,,,,,,,,,,,,,,,,,,,,,,,,,,,,,47189,0.29669877886772156
,,,28,,,,,,,,,,,,,,,,,,,,,,,,,,,,,47199,0.027064485475420952
,,,28,,,,,,,,,,,,,,,,,,,,,,,,,,,,,47209,0.007742084097117186
,,,28,,,,,,,,,,,,,,,,,,,,,,,,,,,,,47219,0.0087144048884511
,,,28,,,,,,,,,,,,,,,,,,,,,,,,,,,,,47229,0.004258556291460991
,,,28,,,,,,,,,,,,,,,,,,,,,,,,,,,,,47239,0.05168050527572632
,,,28,,,,,,,,,,,,,,,,,,,,,,,,,,,,,47249,0.030662599951028824
,,,28,,,,,,,,,,,,,,,,,,,,,,,,,,,,,47259,0.012755513191223145
,,,28,,,,,,,,,,,,,,,,,,,,,,,,,,,,,47269,0.013605713844299316
,,,28,,,,,,,,,,,,,,,,,,,,,,,,,,,,,47279,0.5330024361610413
,,,28,,,,,,,,,,,,,,,,,,,,,,,,,,,,,47289,0.008387958630919456
,,,28,,,,,,,,,,,,,,,,,,,,,,,,,,,,,47299,0.13957709074020386
,,,28,,,,,,,,,,,,,,,,,,,,,,,,,,,,,47309,0.010676887817680836
,,,28,,,,,,,,,,,,,,,,,,,,,,,,,,,,,47319,0.005421556066721678
,,,28,,,,,,,,,,,,,,,,,,,,,,,,,,,,,47329,0.007159292697906494
,,,28,,,,,,,,,,,,,,,,,,,,,,,,,,,,,47339,0.01644209958612919
,,,28,,,,,,,,,,,,,,,,,,,,,,,,,,,,,47349,0.024633945897221565
,,,28,,,,,,,,,,,,,,,,,,,,,,,,,,,,,47359,0.01049074623733759
,,,28,,,,,,,,,,,,,,,,,,,,,,,,,,,,,47369,0.002791286213323474
,,,28,,,,,,,,,,,,,,,,,,,,,,,,,,,,,47379,0.0032285875640809536
,,,28,,,,,,,,,,,,,,,,,,,,,,,,,,,,,47389,0.1525956392288208
,,,28,,,,,,,,,,,,,,,,,,,,,,,,,,,,,47399,0.40018388628959656
,,,28,,,,,,,,,,,,,,,,,,,,,,,,,,,,,47409,0.0018588703824207187
,,,28,,,,,,,,,,,,,,,,,,,,,,,,,,,,,47419,0.2299293577671051
,,,28,,,,,,,,,,,,,,,,,,,,,,,,,,,,,47429,0.32432326674461365
,,,28,,,,,,,,,,,,,,,,,,,,,,,,,,,,,47439,0.4946596026420593
,,,28,,,,,,,,,,,,,,,,,,,,,,,,,,,,,47449,0.017306189984083176
,,,28,,,,,,,,,,,,,,,,,,,,,,,,,,,,,47459,0.3820909559726715
,,,28,,,,,,,,,,,,,,,,,,,,,,,,,,,,,47469,0.01383787952363491
,,,28,,,,,,,,,,,,,,,,,,,,,,,,,,,,,47479,0.09207384288311005
,,,28,,,,,,,,,,,,,,,,,,,,,,,,,,,,,47489,0.02468716911971569
,,,28,,,,,,,,,,,,,,,,,,,,,,,,,,,,,47499,0.07091064006090164
,,,28,,,,,,,,,,,,,,,,,,,,,,,,,,,,,47509,0.4877990782260895
,,,28,,,,,,,,,,,,,,,,,,,,,,,,,,,,,47519,0.004973634611815214
,,,28,,,,,,,,,,,,,,,,,,,,,,,,,,,,,47529,0.07245779782533646
,,,28,,,,,,,,,,,,,,,,,,,,,,,,,,,,,47539,0.004737006966024637
,,,28,,,,,,,,,,,,,,,,,,,,,,,,,,,,,47549,0.019324446097016335
,,,28,,,,,,,,,,,,,,,,,,,,,,,,,,,,,47559,0.9136963486671448
,,,28,,,,,,,,,,,,,,,,,,,,,,,,,,,,,47569,0.026698002591729164
,,,28,,,,,,,,,,,,,,,,,,,,,,,,,,,,,47579,0.5918087363243103
,,,28,,,,,,,,,,,,,,,,,,,,,,,,,,,,,47589,0.09788057208061218
,,,28,,,,,,,,,,,,,,,,,,,,,,,,,,,,,47599,0.0032680437434464693
,,,28,,,,,,,,,,,,,,,,,,,,,,,,,,,,,47609,0.03170843422412872
,,,28,,,,,,,,,,,,,,,,,,,,,,,,,,,,,47619,0.0036640733014792204
,,,28,,,,,,,,,,,,,,,,,,,,,,,,,,,,,47629,0.010539689101278782
,,,28,,,,,,,,,,,,,,,,,,,,,,,,,,,,,47639,0.00871194526553154
,,,28,,,,,,,,,,,,,,,,,,,,,,,,,,,,,47649,0.13460461795330048
,,,28,,,,,,,,,,,,,,,,,,,,,,,,,,,,,47659,0.0024338229559361935
,,,28,,,,,,,,,,,,,,,,,,,,,,,,,,,,,47669,0.11263404786586761
,,,28,,,,,,,,,,,,,,,,,,,,,,,,,,,,,47679,0.0070563629269599915
,,,28,,,,,,,,,,,,,,,,,,,,,,,,,,,,,47689,0.020625930279493332
,,,28,,,,,,,,,,,,,,,,,,,,,,,,,,,,,47699,0.09545047581195831
,,,28,,,,,,,,,,,,,,,,,,,,,,,,,,,,,47709,0.13908039033412933
,,,28,,,,,,,,,,,,,,,,,,,,,,,,,,,,,47719,0.1814882457256317
,,,28,,,,,,,,,,,,,,,,,,,,,,,,,,,,,47729,0.08738915622234344
,,,28,,,,,,,,,,,,,,,,,,,,,,,,,,,,,47739,0.12322832643985748
,,,28,,,,,,,,,,,,,,,,,,,,,,,,,,,,,47749,0.014384392648935318
,,,28,,,,,,,,,,,,,,,,,,,,,,,,,,,,,47759,0.1420120745897293
,,,28,,,,,,,,,,,,,,,,,,,,,,,,,,,,,47769,0.017361871898174286
,,,28,,,,,,,,,,,,,,,,,,,,,,,,,,,,,47779,0.037128716707229614
,,,28,,,,,,,,,,,,,,,,,,,,,,,,,,,,,47789,0.011579214595258236
,,,28,,,,,,,,,,,,,,,,,,,,,,,,,,,,,47799,0.05456620454788208
,,,28,,,,,,,,,,,,,,,,,,,,,,,,,,,,,47809,0.3851330876350403
,,,28,,,,,,,,,,,,,,,,,,,,,,,,,,,,,47819,0.4248122274875641
,,,28,,,,,,,,,,,,,,,,,,,,,,,,,,,,,47829,0.002371767535805702
,,,28,,,,,,,,,,,,,,,,,,,,,,,,,,,,,47839,0.011839242652058601
,,,28,,,,,,,,,,,,,,,,,,,,,,,,,,,,,47849,0.041302639991045
,,,28,,,,,,,,,,,,,,,,,,,,,,,,,,,,,47859,0.003511184360831976
,,,28,,,,,,,,,,,,,,,,,,,,,,,,,,,,,47869,0.07457578927278519
,,,28,,,,,,,,,,,,,,,,,,,,,,,,,,,,,47879,0.4829997718334198
,,,28,,,,,,,,,,,,,,,,,,,,,,,,,,,,,47889,0.03048769384622574
,,,28,,,,,,,,,,,,,,,,,,,,,,,,,,,,,47899,0.06849480420351028
,,,28,,,,,,,,,,,,,,,,,,,,,,,,,,,,,47909,0.001201482256874442
,,,28,,,,,,,,,,,,,,,,,,,,,,,,,,,,,47919,0.01912117190659046
,,,28,,,,,,,,,,,,,,,,,,,,,,,,,,,,,47929,0.21531207859516144
,,,28,,,,,,,,,,,,,,,,,,,,,,,,,,,,,47939,0.030919333919882774
,,,28,,,,,,,,,,,,,,,,,,,,,,,,,,,,,47949,0.005335633642971516
,,,28,,,,,,,,,,,,,,,,,,,,,,,,,,,,,47959,0.010262173600494862
,,,28,,,,,,,,,,,,,,,,,,,,,,,,,,,,,47969,0.008644799701869488
,,,28,,,,,,,,,,,,,,,,,,,,,,,,,,,,,47979,0.0031105338130146265
,,,28,,,,,,,,,,,,,,,,,,,,,,,,,,,,,47989,0.6560302376747131
,,,28,,,,,,,,,,,,,,,,,,,,,,,,,,,,,47999,0.032063309103250504
,,,28,,,,,,,,,,,,,,,,,,,,,,,,,,,,,48009,0.1749790608882904
,,,28,,,,,,,,,,,,,,,,,,,,,,,,,,,,,48019,0.019998975098133087
,,,28,,,,,,,,,,,,,,,,,,,,,,,,,,,,,48029,0.10955734550952911
,,,28,,,,,,,,,,,,,,,,,,,,,,,,,,,,,48039,0.034064363688230515
,,,28,,,,,,,,,,,,,,,,,,,,,,,,,,,,,48049,0.0033178292214870453
,,,28,,,,,,,,,,,,,,,,,,,,,,,,,,,,,48059,0.003971008583903313
,,,28,,,,,,,,,,,,,,,,,,,,,,,,,,,,,48069,0.10885075479745865
,,,28,,,,,,,,,,,,,,,,,,,,,,,,,,,,,48079,0.11058580875396729
,,,28,,,,,,,,,,,,,,,,,,,,,,,,,,,,,48089,0.03789224103093147
,,,28,,,,,,,,,,,,,,,,,,,,,,,,,,,,,48099,0.012648782692849636
,,,28,,,,,,,,,,,,,,,,,,,,,,,,,,,,,48109,0.08102990686893463
,,,28,,,,,,,,,,,,,,,,,,,,,,,,,,,,,48119,0.033602796494960785
,,,28,,,,,,,,,,,,,,,,,,,,,,,,,,,,,48129,0.06039198115468025
,,,28,,,,,,,,,,,,,,,,,,,,,,,,,,,,,48139,0.1054154708981514
,,,28,,,,,,,,,,,,,,,,,,,,,,,,,,,,,48149,1.0132615566253662
,,,28,,,,,,,,,,,,,,,,,,,,,,,,,,,,,48159,0.10005049407482147
,,,28,,,,,,,,,,,,,,,,,,,,,,,,,,,,,48169,0.0040623764507472515
,,,28,,,,,,,,,,,,,,,,,,,,,,,,,,,,,48179,0.008081166073679924
,,,28,,,,,,,,,,,,,,,,,,,,,,,,,,,,,48189,0.003533201524987817
,,,,2.5467251083433957e-07,1.4266868013547958e-06,2.1949027713150704e-06,2.1949027713150704e-06,3.376773494330877e-06,3.376773494330877e-06,5.195036145124426e-06,5.195036145124426e-06,7.992363300191425e-06,7.992363300191425e-06,1.2295943538756038e-05,2.5467251083433957e-07,1.2295943538756038e-05,1.8916836213470826e-05,1.8916836213470826e-05,2.9102824943801272e-05,2.9102824943801272e-05,4.477357683661734e-05,4.477357683661734e-05,4.477357683661734e-05,4.477357683661734e-05,3.9180386282206076e-07,3.9180386282206076e-07,6.027751735724013e-07,6.027751735724013e-07,9.273464208806172e-07,9.273464208806172e-07,1.4266868013547958e-06,48198,
,,,29,,,,,,,,,,,,,,,,,,,,,,,,,,,,,48199,0.05608212947845459
,,,29,,,,,,,,,,,,,,,,,,,,,,,,,,,,,48209,0.0016516691539436579
,,,29,,,,,,,,,,,,,,,,,,,,,,,,,,,,,48219,0.48585355281829834
,,,29,,,,,,,,,,,,,,,,,,,,,,,,,,,,,48229,0.08651818335056305
,,,29,,,,,,,,,,,,,,,,,,,,,,,,,,,,,48239,0.31160882115364075
,,,29,,,,,,,,,,,,,,,,,,,,,,,,,,,,,48249,0.03336367383599281
,,,29,,,,,,,,,,,,,,,,,,,,,,,,,,,,,48259,0.08123795688152313
,,,29,,,,,,,,,,,,,,,,,,,,,,,,,,,,,48269,1.0144225358963013
,,,29,,,,,,,,,,,,,,,,,,,,,,,,,,,,,48279,0.018746064975857735
,,,29,,,,,,,,,,,,,,,,,,,,,,,,,,,,,48289,0.22557146847248077
,,,29,,,,,,,,,,,,,,,,,,,,,,,,,,,,,48299,0.002785550896078348
,,,29,,,,,,,,,,,,,,,,,,,,,,,,,,,,,48309,0.005755509715527296
,,,29,,,,,,,,,,,,,,,,,,,,,,,,,,,,,48319,0.01774253323674202
,,,29,,,,,,,,,,,,,,,,,,,,,,,,,,,,,48329,0.01521097868680954
,,,29,,,,,,,,,,,,,,,,,,,,,,,,,,,,,48339,0.23687882721424103
,,,29,,,,,,,,,,,,,,,,,,,,,,,,,,,,,48349,0.004520543850958347
,,,29,,,,,,,,,,,,,,,,,,,,,,,,,,,,,48359,0.26391592621803284
,,,29,,,,,,,,,,,,,,,,,,,,,,,,,,,,,48369,0.007767749018967152
,,,29,,,,,,,,,,,,,,,,,,,,,,,,,,,,,48379,0.007854546420276165
,,,29,,,,,,,,,,,,,,,,,,,,,,,,,,,,,48389,0.02684265561401844
,,,29,,,,,,,,,,,,,,,,,,,,,,,,,,,,,48399,0.2240755707025528
,,,29,,,,,,,,,,,,,,,,,,,,,,,,,,,,,48409,0.025845659896731377
,,,29,,,,,,,,,,,,,,,,,,,,,,,,,,,,,48419,0.01616855338215828
,,,29,,,,,,,,,,,,,,,,,,,,,,,,,,,,,48429,0.11179756373167038
,,,29,,,,,,,,,,,,,,,,,,,,,,,,,,,,,48439,0.003646858036518097
,,,29,,,,,,,,,,,,,,,,,,,,,,,,,,,,,48449,0.026264600455760956
,,,29,,,,,,,,,,,,,,,,,,,,,,,,,,,,,48459,0.09448393434286118
,,,29,,,,,,,,,,,,,,,,,,,,,,,,,,,,,48469,0.10066147148609161
,,,29,,,,,,,,,,,,,,,,,,,,,,,,,,,,,48479,0.0623183473944664
,,,29,,,,,,,,,,,,,,,,,,,,,,,,,,,,,48489,0.003157899947836995
,,,29,,,,,,,,,,,,,,,,,,,,,,,,,,,,,48499,0.002512246137484908
,,,29,,,,,,,,,,,,,,,,,,,,,,,,,,,,,48509,0.0660572201013565
,,,29,,,,,,,,,,,,,,,,,,,,,,,,,,,,,48519,0.339264839887619
,,,29,,,,,,,,,,,,,,,,,,,,,,,,,,,,,48529,0.03895243629813194
,,,29,,,,,,,,,,,,,,,,,,,,,,,,,,,,,48539,0.025839362293481827
,,,29,,,,,,,,,,,,,,,,,,,,,,,,,,,,,48549,0.15834739804267883
,,,29,,,,,,,,,,,,,,,,,,,,,,,,,,,,,48559,0.1935519427061081
,,,29,,,,,,,,,,,,,,,,,,,,,,,,,,,,,48569,1.5026499032974243
,,,29,,,,,,,,,,,,,,,,,,,,,,,,,,,,,48579,0.4343118667602539
,,,29,,,,,,,,,,,,,,,,,,,,,,,,,,,,,48589,0.0027401947882026434
,,,29,,,,,,,,,,,,,,,,,,,,,,,,,,,,,48599,0.006433339323848486
,,,29,,,,,,,,,,,,,,,,,,,,,,,,,,,,,48609,0.029279537498950958
,,,29,,,,,,,,,,,,,,,,,,,,,,,,,,,,,48619,0.002639502054080367
,,,29,,,,,,,,,,,,,,,,,,,,,,,,,,,,,48629,0.010496817529201508
,,,29,,,,,,,,,,,,,,,,,,,,,,,,,,,,,48639,0.12025395780801773
,,,29,,,,,,,,,,,,,,,,,,,,,,,,,,,,,48649,0.008795350790023804
,,,29,,,,,,,,,,,,,,,,,,,,,,,,,,,,,48659,0.2808493375778198
,,,29,,,,,,,,,,,,,,,,,,,,,,,,,,,,,48669,0.09668082743883133
,,,29,,,,,,,,,,,,,,,,,,,,,,,,,,,,,48679,0.029908109456300735
,,,29,,,,,,,,,,,,,,,,,,,,,,,,,,,,,48689,0.2440309077501297
,,,29,,,,,,,,,,,,,,,,,,,,,,,,,,,,,48699,0.04838830232620239
,,,29,,,,,,,,,,,,,,,,,,,,,,,,,,,,,48709,0.17782241106033325
,,,29,,,,,,,,,,,,,,,,,,,,,,,,,,,,,48719,0.012596438638865948
,,,29,,,,,,,,,,,,,,,,,,,,,,,,,,,,,48729,0.738775372505188
,,,29,,,,,,,,,,,,,,,,,,,,,,,,,,,,,48739,0.5651673674583435
,,,29,,,,,,,,,,,,,,,,,,,,,,,,,,,,,48749,0.06423552334308624
,,,29,,,,,,,,,,,,,,,,,,,,,,,,,,,,,48759,0.03096725605428219
,,,29,,,,,,,,,,,,,,,,,,,,,,,,,,,,,48769,0.11269515752792358
,,,29,,,,,,,,,,,,,,,,,,,,,,,,,,,,,48779,0.01508465688675642
,,,29,,,,,,,,,,,,,,,,,,,,,,,,,,,,,48789,0.005493090953677893
,,,29,,,,,,,,,,,,,,,,,,,,,,,,,,,,,48799,0.02829641103744507
,,,29,,,,,,,,,,,,,,,,,,,,,,,,,,,,,48809,0.2474745810031891
,,,29,,,,,,,,,,,,,,,,,,,,,,,,,,,,,48819,0.0033392261248081923
,,,29,,,,,,,,,,,,,,,,,,,,,,,,,,,,,48829,0.010739777237176895
,,,29,,,,,,,,,,,,,,,,,,,,,,,,,,,,,48839,0.10907118767499924
,,,29,,,,,,,,,,,,,,,,,,,,,,,,,,,,,48849,0.4863421618938446
,,,29,,,,,,,,,,,,,,,,,,,,,,,,,,,,,48859,0.05900663882493973
,,,29,,,,,,,,,,,,,,,,,,,,,,,,,,,,,48869,0.5401651859283447
,,,29,,,,,,,,,,,,,,,,,,,,,,,,,,,,,48879,0.13139890134334564
,,,29,,,,,,,,,,,,,,,,,,,,,,,,,,,,,48889,0.006333000026643276
,,,29,,,,,,,,,,,,,,,,,,,,,,,,,,,,,48899,0.004769122693687677
,,,29,,,,,,,,,,,,,,,,,,,,,,,,,,,,,48909,0.15805719792842865
,,,29,,,,,,,,,,,,,,,,,,,,,,,,,,,,,48919,0.0021505430340766907
,,,29,,,,,,,,,,,,,,,,,,,,,,,,,,,,,48929,0.005130740813910961
,,,29,,,,,,,,,,,,,,,,,,,,,,,,,,,,,48939,0.001997163286432624
,,,29,,,,,,,,,,,,,,,,,,,,,,,,,,,,,48949,0.034916359931230545
,,,29,,,,,,,,,,,,,,,,,,,,,,,,,,,,,48959,0.0065298439003527164
,,,29,,,,,,,,,,,,,,,,,,,,,,,,,,,,,48969,0.018920717760920525
,,,29,,,,,,,,,,,,,,,,,,,,,,,,,,,,,48979,0.010372270829975605
,,,29,,,,,,,,,,,,,,,,,,,,,,,,,,,,,48989,0.17706607282161713
,,,29,,,,,,,,,,,,,,,,,,,,,,,,,,,,,48999,0.2072431445121765
,,,29,,,,,,,,,,,,,,,,,,,,,,,,,,,,,49009,0.01679951883852482
,,,29,,,,,,,,,,,,,,,,,,,,,,,,,,,,,49019,0.008074848912656307
,,,29,,,,,,,,,,,,,,,,,,,,,,,,,,,,,49029,0.11585727334022522
,,,29,,,,,,,,,,,,,,,,,,,,,,,,,,,,,49039,0.38304397463798523
,,,29,,,,,,,,,,,,,,,,,,,,,,,,,,,,,49049,0.002211674815043807
,,,29,,,,,,,,,,,,,,,,,,,,,,,,,,,,,49059,0.0023430283181369305
,,,29,,,,,,,,,,,,,,,,,,,,,,,,,,,,,49069,0.10756143927574158
,,,29,,,,,,,,,,,,,,,,,,,,,,,,,,,,,49079,0.0692923292517662
,,,29,,,,,,,,,,,,,,,,,,,,,,,,,,,,,49089,0.0007530133007094264
,,,29,,,,,,,,,,,,,,,,,,,,,,,,,,,,,49099,0.009363466873764992
,,,29,,,,,,,,,,,,,,,,,,,,,,,,,,,,,49109,0.079337477684021
,,,29,,,,,,,,,,,,,,,,,,,,,,,,,,,,,49119,0.2765207886695862
,,,29,,,,,,,,,,,,,,,,,,,,,,,,,,,,,49129,0.0760299563407898
,,,29,,,,,,,,,,,,,,,,,,,,,,,,,,,,,49139,0.017995072528719902
,,,29,,,,,,,,,,,,,,,,,,,,,,,,,,,,,49149,0.02368462085723877
,,,29,,,,,,,,,,,,,,,,,,,,,,,,,,,,,49159,0.252837210893631
,,,29,,,,,,,,,,,,,,,,,,,,,,,,,,,,,49169,0.44762158393859863
,,,29,,,,,,,,,,,,,,,,,,,,,,,,,,,,,49179,0.19439001381397247
,,,29,,,,,,,,,,,,,,,,,,,,,,,,,,,,,49189,0.006964406464248896
,,,29,,,,,,,,,,,,,,,,,,,,,,,,,,,,,49199,1.0318464040756226
,,,29,,,,,,,,,,,,,,,,,,,,,,,,,,,,,49209,0.005520616192370653
,,,29,,,,,,,,,,,,,,,,,,,,,,,,,,,,,49219,0.01431711483746767
,,,29,,,,,,,,,,,,,,,,,,,,,,,,,,,,,49229,0.0048245955258607864
,,,29,,,,,,,,,,,,,,,,,,,,,,,,,,,,,49239,0.01153293251991272
,,,29,,,,,,,,,,,,,,,,,,,,,,,,,,,,,49249,0.20452144742012024
,,,29,,,,,,,,,,,,,,,,,,,,,,,,,,,,,49259,0.00624713022261858
,,,29,,,,,,,,,,,,,,,,,,,,,,,,,,,,,49269,0.023527832701802254
,,,29,,,,,,,,,,,,,,,,,,,,,,,,,,,,,49279,0.0435003861784935
,,,29,,,,,,,,,,,,,,,,,,,,,,,,,,,,,49289,0.001545195234939456
,,,29,,,,,,,,,,,,,,,,,,,,,,,,,,,,,49299,0.0824185237288475
,,,29,,,,,,,,,,,,,,,,,,,,,,,,,,,,,49309,0.0004248987534083426
,,,29,,,,,,,,,,,,,,,,,,,,,,,,,,,,,49319,0.5948001146316528
,,,29,,,,,,,,,,,,,,,,,,,,,,,,,,,,,49329,0.03709907457232475
,,,29,,,,,,,,,,,,,,,,,,,,,,,,,,,,,49339,0.01393584068864584
,,,29,,,,,,,,,,,,,,,,,,,,,,,,,,,,,49349,0.4743013381958008
,,,29,,,,,,,,,,,,,,,,,,,,,,,,,,,,,49359,0.018801990896463394
,,,29,,,,,,,,,,,,,,,,,,,,,,,,,,,,,49369,0.01813182607293129
,,,29,,,,,,,,,,,,,,,,,,,,,,,,,,,,,49379,0.40836095809936523
,,,29,,,,,,,,,,,,,,,,,,,,,,,,,,,,,49389,0.11946702003479004
,,,29,,,,,,,,,,,,,,,,,,,,,,,,,,,,,49399,0.009691753424704075
,,,29,,,,,,,,,,,,,,,,,,,,,,,,,,,,,49409,0.027740687131881714
,,,29,,,,,,,,,,,,,,,,,,,,,,,,,,,,,49419,0.0034561632201075554
,,,29,,,,,,,,,,,,,,,,,,,,,,,,,,,,,49429,0.011262476444244385
,,,29,,,,,,,,,,,,,,,,,,,,,,,,,,,,,49439,0.003568475367501378
,,,29,,,,,,,,,,,,,,,,,,,,,,,,,,,,,49449,0.002857995918020606
,,,29,,,,,,,,,,,,,,,,,,,,,,,,,,,,,49459,0.08388997614383698
,,,29,,,,,,,,,,,,,,,,,,,,,,,,,,,,,49469,0.5796682238578796
,,,29,,,,,,,,,,,,,,,,,,,,,,,,,,,,,49479,0.5754889249801636
,,,29,,,,,,,,,,,,,,,,,,,,,,,,,,,,,49489,0.0020085303112864494
,,,29,,,,,,,,,,,,,,,,,,,,,,,,,,,,,49499,0.008799797855317593
,,,29,,,,,,,,,,,,,,,,,,,,,,,,,,,,,49509,0.06141212210059166
,,,29,,,,,,,,,,,,,,,,,,,,,,,,,,,,,49519,0.29129040241241455
,,,29,,,,,,,,,,,,,,,,,,,,,,,,,,,,,49529,1.0308703184127808
,,,29,,,,,,,,,,,,,,,,,,,,,,,,,,,,,49539,0.0031510076951235533
,,,29,,,,,,,,,,,,,,,,,,,,,,,,,,,,,49549,0.025457361713051796
,,,29,,,,,,,,,,,,,,,,,,,,,,,,,,,,,49559,0.07267694175243378
,,,29,,,,,,,,,,,,,,,,,,,,,,,,,,,,,49569,0.16077406704425812
,,,29,,,,,,,,,,,,,,,,,,,,,,,,,,,,,49579,0.04361773282289505
,,,29,,,,,,,,,,,,,,,,,,,,,,,,,,,,,49589,0.019607527181506157
,,,29,,,,,,,,,,,,,,,,,,,,,,,,,,,,,49599,0.01455201581120491
,,,29,,,,,,,,,,,,,,,,,,,,,,,,,,,,,49609,0.77687668800354
,,,29,,,,,,,,,,,,,,,,,,,,,,,,,,,,,49619,0.20847201347351074
,,,29,,,,,,,,,,,,,,,,,,,,,,,,,,,,,49629,0.036336787045001984
,,,29,,,,,,,,,,,,,,,,,,,,,,,,,,,,,49639,0.005967023782432079
,,,29,,,,,,,,,,,,,,,,,,,,,,,,,,,,,49649,0.04134216532111168
,,,29,,,,,,,,,,,,,,,,,,,,,,,,,,,,,49659,0.06360865384340286
,,,29,,,,,,,,,,,,,,,,,,,,,,,,,,,,,49669,0.0029758953023701906
,,,29,,,,,,,,,,,,,,,,,,,,,,,,,,,,,49679,0.005466619972139597
,,,29,,,,,,,,,,,,,,,,,,,,,,,,,,,,,49689,0.006482725962996483
,,,29,,,,,,,,,,,,,,,,,,,,,,,,,,,,,49699,0.3376159965991974
,,,29,,,,,,,,,,,,,,,,,,,,,,,,,,,,,49709,0.06085590645670891
,,,29,,,,,,,,,,,,,,,,,,,,,,,,,,,,,49719,0.06077403947710991
,,,29,,,,,,,,,,,,,,,,,,,,,,,,,,,,,49729,0.08427558839321136
,,,29,,,,,,,,,,,,,,,,,,,,,,,,,,,,,49739,0.025957003235816956
,,,29,,,,,,,,,,,,,,,,,,,,,,,,,,,,,49749,0.5176066160202026
,,,29,,,,,,,,,,,,,,,,,,,,,,,,,,,,,49759,0.008659162558615208
,,,29,,,,,,,,,,,,,,,,,,,,,,,,,,,,,49769,0.03576643392443657
,,,29,,,,,,,,,,,,,,,,,,,,,,,,,,,,,49779,0.01835448667407036
,,,29,,,,,,,,,,,,,,,,,,,,,,,,,,,,,49789,0.019201595336198807
,,,29,,,,,,,,,,,,,,,,,,,,,,,,,,,,,49799,0.4263651669025421
,,,29,,,,,,,,,,,,,,,,,,,,,,,,,,,,,49809,0.5012000799179077
,,,29,,,,,,,,,,,,,,,,,,,,,,,,,,,,,49819,0.013585814274847507
,,,29,,,,,,,,,,,,,,,,,,,,,,,,,,,,,49829,0.0039650374092161655
,,,29,,,,,,,,,,,,,,,,,,,,,,,,,,,,,49839,0.0452420674264431
,,,29,,,,,,,,,,,,,,,,,,,,,,,,,,,,,49849,0.12385404109954834
,,,29,,,,,,,,,,,,,,,,,,,,,,,,,,,,,49859,0.06893198192119598
0.8535402417182922,0.8560311198234558,0.8510638475418091,29,,,,,,,,,,,,,,,,,,,,,,,,,,,,,49859,
,,,,2.3501483273722123e-07,1.3165636090457405e-06,2.025482475454985e-06,2.025482475454985e-06,3.1161268853153615e-06,3.1161268853153615e-06,4.794041362023633e-06,4.794041362023633e-06,7.375448249267128e-06,7.375448249267128e-06,1.1346843460410964e-05,2.3501483273722123e-07,1.1346843460410964e-05,1.7456682246786098e-05,1.7456682246786098e-05,2.685643422582477e-05,2.685643422582477e-05,4.131759111665349e-05,4.131759111665349e-05,4.131759111665349e-05,4.131759111665349e-05,3.6156128113418643e-07,3.6156128113418643e-07,5.562481248218254e-07,5.562481248218254e-07,8.557663458797313e-07,8.557663458797313e-07,1.3165636090457405e-06,49860,
,,,30,,,,,,,,,,,,,,,,,,,,,,,,,,,,,49869,0.12145788967609406
,,,30,,,,,,,,,,,,,,,,,,,,,,,,,,,,,49879,0.0023828879930078983
,,,30,,,,,,,,,,,,,,,,,,,,,,,,,,,,,49889,0.021279344335198402
,,,30,,,,,,,,,,,,,,,,,,,,,,,,,,,,,49899,0.022949527949094772
,,,30,,,,,,,,,,,,,,,,,,,,,,,,,,,,,49909,0.2216024547815323
,,,30,,,,,,,,,,,,,,,,,,,,,,,,,,,,,49919,0.020688636228442192
,,,30,,,,,,,,,,,,,,,,,,,,,,,,,,,,,49929,0.14448626339435577
,,,30,,,,,,,,,,,,,,,,,,,,,,,,,,,,,49939,0.011652437970042229
,,,30,,,,,,,,,,,,,,,,,,,,,,,,,,,,,49949,0.28390997648239136
,,,30,,,,,,,,,,,,,,,,,,,,,,,,,,,,,49959,0.7307407259941101
,,,30,,,,,,,,,,,,,,,,,,,,,,,,,,,,,49969,0.003461519256234169
,,,30,,,,,,,,,,,,,,,,,,,,,,,,,,,,,49979,0.41168591380119324
,,,30,,,,,,,,,,,,,,,,,,,,,,,,,,,,,49989,0.04766382277011871
,,,30,,,,,,,,,,,,,,,,,,,,,,,,,,,,,49999,0.01672767661511898
,,,30,,,,,,,,,,,,,,,,,,,,,,,,,,,,,50009,1.1464180946350098
,,,30,,,,,,,,,,,,,,,,,,,,,,,,,,,,,50019,0.20407184958457947
,,,30,,,,,,,,,,,,,,,,,,,,,,,,,,,,,50029,0.11420400440692902
,,,30,,,,,,,,,,,,,,,,,,,,,,,,,,,,,50039,0.15248824656009674
,,,30,,,,,,,,,,,,,,,,,,,,,,,,,,,,,50049,0.006439140997827053
,,,30,,,,,,,,,,,,,,,,,,,,,,,,,,,,,50059,0.3343765437602997
,,,30,,,,,,,,,,,,,,,,,,,,,,,,,,,,,50069,0.14752784371376038
,,,30,,,,,,,,,,,,,,,,,,,,,,,,,,,,,50079,0.0017964631551876664
,,,30,,,,,,,,,,,,,,,,,,,,,,,,,,,,,50089,0.5113815665245056
,,,30,,,,,,,,,,,,,,,,,,,,,,,,,,,,,50099,0.03646429255604744
,,,30,,,,,,,,,,,,,,,,,,,,,,,,,,,,,50109,0.0034100597258657217
,,,30,,,,,,,,,,,,,,,,,,,,,,,,,,,,,50119,0.016716087237000465
,,,30,,,,,,,,,,,,,,,,,,,,,,,,,,,,,50129,0.1484690010547638
,,,30,,,,,,,,,,,,,,,,,,,,,,,,,,,,,50139,0.006512237247079611
,,,30,,,,,,,,,,,,,,,,,,,,,,,,,,,,,50149,0.2899245321750641
,,,30,,,,,,,,,,,,,,,,,,,,,,,,,,,,,50159,0.003035981208086014
,,,30,,,,,,,,,,,,,,,,,,,,,,,,,,,,,50169,0.018206458538770676
,,,30,,,,,,,,,,,,,,,,,,,,,,,,,,,,,50179,0.19078677892684937
,,,30,,,,,,,,,,,,,,,,,,,,,,,,,,,,,50189,0.20127516984939575
,,,30,,,,,,,,,,,,,,,,,,,,,,,,,,,,,50199,0.00788259319961071
,,,30,,,,,,,,,,,,,,,,,,,,,,,,,,,,,50209,0.5257623791694641
,,,30,,,,,,,,,,,,,,,,,,,,,,,,,,,,,50219,0.005590900778770447
,,,30,,,,,,,,,,,,,,,,,,,,,,,,,,,,,50229,0.14817151427268982
,,,30,,,,,,,,,,,,,,,,,,,,,,,,,,,,,50239,0.014387222006917
,,,30,,,,,,,,,,,,,,,,,,,,,,,,,,,,,50249,0.009209474548697472
,,,30,,,,,,,,,,,,,,,,,,,,,,,,,,,,,50259,0.21632437407970428
,,,30,,,,,,,,,,,,,,,,,,,,,,,,,,,,,50269,0.17119084298610687
,,,30,,,,,,,,,,,,,,,,,,,,,,,,,,,,,50279,0.17033277451992035
,,,30,,,,,,,,,,,,,,,,,,,,,,,,,,,,,50289,0.016686035320162773
,,,30,,,,,,,,,,,,,,,,,,,,,,,,,,,,,50299,0.24969567358493805
,,,30,,,,,,,,,,,,,,,,,,,,,,,,,,,,,50309,0.3791176676750183
,,,30,,,,,,,,,,,,,,,,,,,,,,,,,,,,,50319,0.019468270242214203
,,,30,,,,,,,,,,,,,,,,,,,,,,,,,,,,,50329,0.04989638924598694
,,,30,,,,,,,,,,,,,,,,,,,,,,,,,,,,,50339,0.3002988398075104
,,,30,,,,,,,,,,,,,,,,,,,,,,,,,,,,,50349,0.005036923568695784
,,,30,,,,,,,,,,,,,,,,,,,,,,,,,,,,,50359,0.10005471855401993
,,,30,,,,,,,,,,,,,,,,,,,,,,,,,,,,,50369,0.32505327463150024
,,,30,,,,,,,,,,,,,,,,,,,,,,,,,,,,,50379,0.028101716190576553
,,,30,,,,,,,,,,,,,,,,,,,,,,,,,,,,,50389,0.012770937755703926
,,,30,,,,,,,,,,,,,,,,,,,,,,,,,,,,,50399,0.11318513005971909
,,,30,,,,,,,,,,,,,,,,,,,,,,,,,,,,,50409,0.031089741736650467
,,,30,,,,,,,,,,,,,,,,,,,,,,,,,,,,,50419,0.02858237735927105
,,,30,,,,,,,,,,,,,,,,,,,,,,,,,,,,,50429,0.2799108326435089
,,,30,,,,,,,,,,,,,,,,,,,,,,,,,,,,,50439,0.05861031264066696
,,,30,,,,,,,,,,,,,,,,,,,,,,,,,,,,,50449,0.05703308805823326
,,,30,,,,,,,,,,,,,,,,,,,,,,,,,,,,,50459,0.002889219205826521
,,,30,,,,,,,,,,,,,,,,,,,,,,,,,,,,,50469,0.509002149105072
,,,30,,,,,,,,,,,,,,,,,,,,,,,,,,,,,50479,0.37013062834739685
,,,30,,,,,,,,,,,,,,,,,,,,,,,,,,,,,50489,0.1823619157075882
,,,30,,,,,,,,,,,,,,,,,,,,,,,,,,,,,50499,0.011602063663303852
,,,30,,,,,,,,,,,,,,,,,,,,,,,,,,,,,50509,0.003109534038230777
,,,30,,,,,,,,,,,,,,,,,,,,,,,,,,,,,50519,0.21755778789520264
,,,30,,,,,,,,,,,,,,,,,,,,,,,,,,,,,50529,0.011128218844532967
,,,30,,,,,,,,,,,,,,,,,,,,,,,,,,,,,50539,0.046581778675317764
,,,30,,,,,,,,,,,,,,,,,,,,,,,,,,,,,50549,0.023600265383720398
,,,30,,,,,,,,,,,,,,,,,,,,,,,,,,,,,50559,0.003983730915933847
,,,30,,,,,,,,,,,,,,,,,,,,,,,,,,,,,50569,0.014274540357291698
,,,30,,,,,,,,,,,,,,,,,,,,,,,,,,,,,50579,0.13589397072792053
,,,30,,,,,,,,,,,,,,,,,,,,,,,,,,,,,50589,0.026653794571757317
,,,30,,,,,,,,,,,,,,,,,,,,,,,,,,,,,50599,0.012837192043662071
,,,30,,,,,,,,,,,,,,,,,,,,,,,,,,,,,50609,0.05022501200437546
,,,30,,,,,,,,,,,,,,,,,,,,,,,,,,,,,50619,0.0012215832248330116
,,,30,,,,,,,,,,,,,,,,,,,,,,,,,,,,,50629,0.024599162861704826
,,,30,,,,,,,,,,,,,,,,,,,,,,,,,,,,,50639,0.005062753800302744
,,,30,,,,,,,,,,,,,,,,,,,,,,,,,,,,,50649,0.005716925952583551
,,,30,,,,,,,,,,,,,,,,,,,,,,,,,,,,,50659,0.0038465228863060474
,,,30,,,,,,,,,,,,,,,,,,,,,,,,,,,,,50669,0.058935198932886124
,,,30,,,,,,,,,,,,,,,,,,,,,,,,,,,,,50679,0.0035738861188292503
,,,30,,,,,,,,,,,,,,,,,,,,,,,,,,,,,50689,0.0026882588863372803
,,,30,,,,,,,,,,,,,,,,,,,,,,,,,,,,,50699,0.04342695325613022
,,,30,,,,,,,,,,,,,,,,,,,,,,,,,,,,,50709,0.015961196273565292
,,,30,,,,,,,,,,,,,,,,,,,,,,,,,,,,,50719,0.31046679615974426
,,,30,,,,,,,,,,,,,,,,,,,,,,,,,,,,,50729,0.2782633304595947
,,,30,,,,,,,,,,,,,,,,,,,,,,,,,,,,,50739,0.5381744503974915
,,,30,,,,,,,,,,,,,,,,,,,,,,,,,,,,,50749,0.20849332213401794
,,,30,,,,,,,,,,,,,,,,,,,,,,,,,,,,,50759,0.003637502435594797
,,,30,,,,,,,,,,,,,,,,,,,,,,,,,,,,,50769,0.061818551272153854
,,,30,,,,,,,,,,,,,,,,,,,,,,,,,,,,,50779,0.7800306081771851
,,,30,,,,,,,,,,,,,,,,,,,,,,,,,,,,,50789,0.5415018200874329
,,,30,,,,,,,,,,,,,,,,,,,,,,,,,,,,,50799,0.15472429990768433
,,,30,,,,,,,,,,,,,,,,,,,,,,,,,,,,,50809,0.03516256809234619
,,,30,,,,,,,,,,,,,,,,,,,,,,,,,,,,,50819,0.17067255079746246
,,,30,,,,,,,,,,,,,,,,,,,,,,,,,,,,,50829,0.018924346193671227
,,,30,,,,,,,,,,,,,,,,,,,,,,,,,,,,,50839,0.26664283871650696
,,,30,,,,,,,,,,,,,,,,,,,,,,,,,,,,,50849,0.0018483118619769812
,,,30,,,,,,,,,,,,,,,,,,,,,,,,,,,,,50859,0.004701241385191679
,,,30,,,,,,,,,,,,,,,,,,,,,,,,,,,,,50869,0.2769434452056885
,,,30,,,,,,,,,,,,,,,,,,,,,,,,,,,,,50879,0.1598699688911438
,,,30,,,,,,,,,,,,,,,,,,,,,,,,,,,,,50889,0.037399038672447205
,,,30,,,,,,,,,,,,,,,,,,,,,,,,,,,,,50899,0.10496027767658234
,,,30,,,,,,,,,,,,,,,,,,,,,,,,,,,,,50909,0.09059476107358932
,,,30,,,,,,,,,,,,,,,,,,,,,,,,,,,,,50919,0.026387833058834076
,,,30,,,,,,,,,,,,,,,,,,,,,,,,,,,,,50929,0.04049209877848625
,,,30,,,,,,,,,,,,,,,,,,,,,,,,,,,,,50939,0.11376839131116867
,,,30,,,,,,,,,,,,,,,,,,,,,,,,,,,,,50949,0.13719192147254944
,,,30,,,,,,,,,,,,,,,,,,,,,,,,,,,,,50959,0.0020037770736962557
,,,30,,,,,,,,,,,,,,,,,,,,,,,,,,,,,50969,0.004266616888344288
,,,30,,,,,,,,,,,,,,,,,,,,,,,,,,,,,50979,0.0030386594589799643
,,,30,,,,,,,,,,,,,,,,,,,,,,,,,,,,,50989,0.2614580988883972
,,,30,,,,,,,,,,,,,,,,,,,,,,,,,,,,,50999,0.067073293030262
,,,30,,,,,,,,,,,,,,,,,,,,,,,,,,,,,51009,0.17399483919143677
,,,30,,,,,,,,,,,,,,,,,,,,,,,,,,,,,51019,0.0014954693615436554
,,,30,,,,,,,,,,,,,,,,,,,,,,,,,,,,,51029,0.6364160776138306
,,,30,,,,,,,,,,,,,,,,,,,,,,,,,,,,,51039,0.07056012749671936
,,,30,,,,,,,,,,,,,,,,,,,,,,,,,,,,,51049,0.03636826202273369
,,,30,,,,,,,,,,,,,,,,,,,,,,,,,,,,,51059,0.23947016894817352
,,,30,,,,,,,,,,,,,,,,,,,,,,,,,,,,,51069,0.010958494618535042
,,,30,,,,,,,,,,,,,,,,,,,,,,,,,,,,,51079,0.13636000454425812
,,,30,,,,,,,,,,,,,,,,,,,,,,,,,,,,,51089,0.014456150121986866
,,,30,,,,,,,,,,,,,,,,,,,,,,,,,,,,,51099,0.2275984287261963
,,,30,,,,,,,,,,,,,,,,,,,,,,,,,,,,,51109,0.9009354114532471
,,,30,,,,,,,,,,,,,,,,,,,,,,,,,,,,,51119,0.05271344631910324
,,,30,,,,,,,,,,,,,,,,,,,,,,,,,,,,,51129,0.4063168168067932
,,,30,,,,,,,,,,,,,,,,,,,,,,,,,,,,,51139,0.04372440651059151
,,,30,,,,,,,,,,,,,,,,,,,,,,,,,,,,,51149,0.42367660999298096
,,,30,,,,,,,,,,,,,,,,,,,,,,,,,,,,,51159,0.8284849524497986
,,,30,,,,,,,,,,,,,,,,,,,,,,,,,,,,,51169,0.013985964469611645
,,,30,,,,,,,,,,,,,,,,,,,,,,,,,,,,,51179,0.022848831489682198
,,,30,,,,,,,,,,,,,,,,,,,,,,,,,,,,,51189,0.020282259210944176
,,,30,,,,,,,,,,,,,,,,,,,,,,,,,,,,,51199,0.2535415589809418
,,,30,,,,,,,,,,,,,,,,,,,,,,,,,,,,,51209,0.06025788560509682
,,,30,,,,,,,,,,,,,,,,,,,,,,,,,,,,,51219,0.009766432456672192
,,,30,,,,,,,,,,,,,,,,,,,,,,,,,,,,,51229,0.024559885263442993
,,,30,,,,,,,,,,,,,,,,,,,,,,,,,,,,,51239,0.05442507937550545
,,,30,,,,,,,,,,,,,,,,,,,,,,,,,,,,,51249,0.07022207230329514
,,,30,,,,,,,,,,,,,,,,,,,,,,,,,,,,,51259,0.004853514488786459
,,,30,,,,,,,,,,,,,,,,,,,,,,,,,,,,,51269,0.01562855765223503
,,,30,,,,,,,,,,,,,,,,,,,,,,,,,,,,,51279,0.00409099692478776
,,,30,,,,,,,,,,,,,,,,,,,,,,,,,,,,,51289,0.13614360988140106
,,,30,,,,,,,,,,,,,,,,,,,,,,,,,,,,,51299,0.1931236982345581
,,,30,,,,,,,,,,,,,,,,,,,,,,,,,,,,,51309,0.12754632532596588
,,,30,,,,,,,,,,,,,,,,,,,,,,,,,,,,,51319,0.00797213800251484
,,,30,,,,,,,,,,,,,,,,,,,,,,,,,,,,,51329,0.00283872545696795
,,,30,,,,,,,,,,,,,,,,,,,,,,,,,,,,,51339,0.008649616502225399
,,,30,,,,,,,,,,,,,,,,,,,,,,,,,,,,,51349,0.00898030772805214
,,,30,,,,,,,,,,,,,,,,,,,,,,,,,,,,,51359,0.03873516619205475
,,,30,,,,,,,,,,,,,,,,,,,,,,,,,,,,,51369,0.011310276575386524
,,,30,,,,,,,,,,,,,,,,,,,,,,,,,,,,,51379,0.19559115171432495
,,,30,,,,,,,,,,,,,,,,,,,,,,,,,,,,,51389,0.1260630041360855
,,,30,,,,,,,,,,,,,,,,,,,,,,,,,,,,,51399,0.008678882382810116
,,,30,,,,,,,,,,,,,,,,,,,,,,,,,,,,,51409,0.49993541836738586
,,,30,,,,,,,,,,,,,,,,,,,,,,,,,,,,,51419,0.0025062882341444492
,,,30,,,,,,,,,,,,,,,,,,,,,,,,,,,,,51429,0.00804818794131279
,,,30,,,,,,,,,,,,,,,,,,,,,,,,,,,,,51439,0.0026203524321317673
,,,30,,,,,,,,,,,,,,,,,,,,,,,,,,,,,51449,0.025168748572468758
,,,30,,,,,,,,,,,,,,,,,,,,,,,,,,,,,51459,0.20947453379631042
,,,30,,,,,,,,,,,,,,,,,,,,,,,,,,,,,51469,0.20238223671913147
,,,30,,,,,,,,,,,,,,,,,,,,,,,,,,,,,51479,1.2328568696975708
,,,30,,,,,,,,,,,,,,,,,,,,,,,,,,,,,51489,0.2324211597442627
,,,30,,,,,,,,,,,,,,,,,,,,,,,,,,,,,51499,0.35529109835624695
,,,30,,,,,,,,,,,,,,,,,,,,,,,,,,,,,51509,0.26166078448295593
,,,30,,,,,,,,,,,,,,,,,,,,,,,,,,,,,51519,0.0031425394117832184
,,,,2.155977564185546e-07,1.2077882786656185e-06,1.8581358133317206e-06,1.8581358133317206e-06,2.8586704820488007e-06,2.8586704820488007e-06,4.397954587767385e-06,4.397954587767385e-06,6.766083981180593e-06,6.766083981180593e-06,1.0409359971047065e-05,2.155977564185546e-07,1.0409359971047065e-05,1.6014399955457025e-05,1.6014399955457025e-05,2.4637538393010805e-05,2.4637538393010805e-05,3.790390522001662e-05,3.790390522001662e-05,3.790390522001662e-05,3.790390522001662e-05,3.3168885602854544e-07,3.3168885602854544e-07,5.102905477362238e-07,5.102905477362238e-07,7.850623811326521e-07,7.850623811326521e-07,1.2077882786656185e-06,51522,
,,,31,,,,,,,,,,,,,,,,,,,,,,,,,,,,,51529,0.4000168442726135
,,,31,,,,,,,,,,,,,,,,,,,,,,,,,,,,,51539,0.0015160196926444769
,,,31,,,,,,,,,,,,,,,,,,,,,,,,,,,,,51549,0.03455153852701187
,,,31,,,,,,,,,,,,,,,,,,,,,,,,,,,,,51559,0.018762245774269104
,,,31,,,,,,,,,,,,,,,,,,,,,,,,,,,,,51569,0.007083290722221136
,,,31,,,,,,,,,,,,,,,,,,,,,,,,,,,,,51579,0.004547862336039543
,,,31,,,,,,,,,,,,,,,,,,,,,,,,,,,,,51589,0.015522211790084839
,,,31,,,,,,,,,,,,,,,,,,,,,,,,,,,,,51599,0.016245974227786064
,,,31,,,,,,,,,,,,,,,,,,,,,,,,,,,,,51609,0.00606589624658227
,,,31,,,,,,,,,,,,,,,,,,,,,,,,,,,,,51619,0.0336221419274807
,,,31,,,,,,,,,,,,,,,,,,,,,,,,,,,,,51629,0.583985447883606
,,,31,,,,,,,,,,,,,,,,,,,,,,,,,,,,,51639,0.041393399238586426
,,,31,,,,,,,,,,,,,,,,,,,,,,,,,,,,,51649,0.004806941840797663
,,,31,,,,,,,,,,,,,,,,,,,,,,,,,,,,,51659,0.06706295162439346
,,,31,,,,,,,,,,,,,,,,,,,,,,,,,,,,,51669,0.05594240874052048
,,,31,,,,,,,,,,,,,,,,,,,,,,,,,,,,,51679,0.001552542787976563
,,,31,,,,,,,,,,,,,,,,,,,,,,,,,,,,,51689,0.02275332249701023
,,,31,,,,,,,,,,,,,,,,,,,,,,,,,,,,,51699,0.0004815678112208843
,,,31,,,,,,,,,,,,,,,,,,,,,,,,,,,,,51709,0.062202680855989456
,,,31,,,,,,,,,,,,,,,,,,,,,,,,,,,,,51719,0.5577081441879272
,,,31,,,,,,,,,,,,,,,,,,,,,,,,,,,,,51729,0.00155536737293005
,,,31,,,,,,,,,,,,,,,,,,,,,,,,,,,,,51739,0.004639192018657923
,,,31,,,,,,,,,,,,,,,,,,,,,,,,,,,,,51749,0.04148877412080765
,,,31,,,,,,,,,,,,,,,,,,,,,,,,,,,,,51759,0.059541307389736176
,,,31,,,,,,,,,,,,,,,,,,,,,,,,,,,,,51769,0.007836447097361088
,,,31,,,,,,,,,,,,,,,,,,,,,,,,,,,,,51779,0.429318368434906
,,,31,,,,,,,,,,,,,,,,,,,,,,,,,,,,,51789,0.004253925755620003
,,,31,,,,,,,,,,,,,,,,,,,,,,,,,,,,,51799,1.498824954032898
,,,31,,,,,,,,,,,,,,,,,,,,,,,,,,,,,51809,0.006965191103518009
,,,31,,,,,,,,,,,,,,,,,,,,,,,,,,,,,51819,0.001694398932158947
,,,31,,,,,,,,,,,,,,,,,,,,,,,,,,,,,51829,0.004467348102480173
,,,31,,,,,,,,,,,,,,,,,,,,,,,,,,,,,51839,0.015440383926033974
,,,31,,,,,,,,,,,,,,,,,,,,,,,,,,,,,51849,0.018822159618139267
,,,31,,,,,,,,,,,,,,,,,,,,,,,,,,,,,51859,0.04089857637882233
,,,31,,,,,,,,,,,,,,,,,,,,,,,,,,,,,51869,0.01259977649897337
,,,31,,,,,,,,,,,,,,,,,,,,,,,,,,,,,51879,0.02517847903072834
,,,31,,,,,,,,,,,,,,,,,,,,,,,,,,,,,51889,0.048888299614191055
,,,31,,,,,,,,,,,,,,,,,,,,,,,,,,,,,51899,0.03229058161377907
,,,31,,,,,,,,,,,,,,,,,,,,,,,,,,,,,51909,0.020385464653372765
,,,31,,,,,,,,,,,,,,,,,,,,,,,,,,,,,51919,0.21462735533714294
,,,31,,,,,,,,,,,,,,,,,,,,,,,,,,,,,51929,0.023423440754413605
,,,31,,,,,,,,,,,,,,,,,,,,,,,,,,,,,51939,0.023068886250257492
,,,31,,,,,,,,,,,,,,,,,,,,,,,,,,,,,51949,0.1206163763999939
,,,31,,,,,,,,,,,,,,,,,,,,,,,,,,,,,51959,0.04461255669593811
,,,31,,,,,,,,,,,,,,,,,,,,,,,,,,,,,51969,0.0326431542634964
,,,31,,,,,,,,,,,,,,,,,,,,,,,,,,,,,51979,0.019090251997113228
,,,31,,,,,,,,,,,,,,,,,,,,,,,,,,,,,51989,0.5489307641983032
,,,31,,,,,,,,,,,,,,,,,,,,,,,,,,,,,51999,0.06783236563205719
,,,31,,,,,,,,,,,,,,,,,,,,,,,,,,,,,52009,0.3559763431549072
,,,31,,,,,,,,,,,,,,,,,,,,,,,,,,,,,52019,0.004435205366462469
,,,31,,,,,,,,,,,,,,,,,,,,,,,,,,,,,52029,0.02030804008245468
,,,31,,,,,,,,,,,,,,,,,,,,,,,,,,,,,52039,0.02673972398042679
,,,31,,,,,,,,,,,,,,,,,,,,,,,,,,,,,52049,0.010821571573615074
,,,31,,,,,,,,,,,,,,,,,,,,,,,,,,,,,52059,0.015092738904058933
,,,31,,,,,,,,,,,,,,,,,,,,,,,,,,,,,52069,0.036763813346624374
,,,31,,,,,,,,,,,,,,,,,,,,,,,,,,,,,52079,0.01896010711789131
,,,31,,,,,,,,,,,,,,,,,,,,,,,,,,,,,52089,0.001992074539884925
,,,31,,,,,,,,,,,,,,,,,,,,,,,,,,,,,52099,0.8067004084587097
,,,31,,,,,,,,,,,,,,,,,,,,,,,,,,,,,52109,0.010293127968907356
,,,31,,,,,,,,,,,,,,,,,,,,,,,,,,,,,52119,0.029181083664298058
,,,31,,,,,,,,,,,,,,,,,,,,,,,,,,,,,52129,0.22745990753173828
,,,31,,,,,,,,,,,,,,,,,,,,,,,,,,,,,52139,0.0629173219203949
,,,31,,,,,,,,,,,,,,,,,,,,,,,,,,,,,52149,0.051273979246616364
,,,31,,,,,,,,,,,,,,,,,,,,,,,,,,,,,52159,0.09754663705825806
,,,31,,,,,,,,,,,,,,,,,,,,,,,,,,,,,52169,0.05547281354665756
,,,31,,,,,,,,,,,,,,,,,,,,,,,,,,,,,52179,0.028295692056417465
,,,31,,,,,,,,,,,,,,,,,,,,,,,,,,,,,52189,0.3030148446559906
,,,31,,,,,,,,,,,,,,,,,,,,,,,,,,,,,52199,0.04764571040868759
,,,31,,,,,,,,,,,,,,,,,,,,,,,,,,,,,52209,0.007207596208900213
,,,31,,,,,,,,,,,,,,,,,,,,,,,,,,,,,52219,0.018178584054112434
,,,31,,,,,,,,,,,,,,,,,,,,,,,,,,,,,52229,1.0409406423568726
,,,31,,,,,,,,,,,,,,,,,,,,,,,,,,,,,52239,0.01218801736831665
,,,31,,,,,,,,,,,,,,,,,,,,,,,,,,,,,52249,0.0050923265516757965
,,,31,,,,,,,,,,,,,,,,,,,,,,,,,,,,,52259,0.08210697770118713
,,,31,,,,,,,,,,,,,,,,,,,,,,,,,,,,,52269,0.004770930856466293
,,,31,,,,,,,,,,,,,,,,,,,,,,,,,,,,,52279,0.09328021109104156
,,,31,,,,,,,,,,,,,,,,,,,,,,,,,,,,,52289,0.1781967729330063
,,,31,,,,,,,,,,,,,,,,,,,,,,,,,,,,,52299,0.0446542389690876
,,,31,,,,,,,,,,,,,,,,,,,,,,,,,,,,,52309,0.629387378692627
,,,31,,,,,,,,,,,,,,,,,,,,,,,,,,,,,52319,0.3218340575695038
,,,31,,,,,,,,,,,,,,,,,,,,,,,,,,,,,52329,0.08530706912279129
,,,31,,,,,,,,,,,,,,,,,,,,,,,,,,,,,52339,0.3492535948753357
,,,31,,,,,,,,,,,,,,,,,,,,,,,,,,,,,52349,0.08302540332078934
,,,31,,,,,,,,,,,,,,,,,,,,,,,,,,,,,52359,0.008598647080361843
,,,31,,,,,,,,,,,,,,,,,,,,,,,,,,,,,52369,0.018920032307505608
,,,31,,,,,,,,,,,,,,,,,,,,,,,,,,,,,52379,0.42070358991622925
,,,31,,,,,,,,,,,,,,,,,,,,,,,,,,,,,52389,0.0052418820559978485
,,,31,,,,,,,,,,,,,,,,,,,,,,,,,,,,,52399,0.13081924617290497
,,,31,,,,,,,,,,,,,,,,,,,,,,,,,,,,,52409,0.5733739137649536
,,,31,,,,,,,,,,,,,,,,,,,,,,,,,,,,,52419,0.12073493003845215
,,,31,,,,,,,,,,,,,,,,,,,,,,,,,,,,,52429,0.003231063950806856
,,,31,,,,,,,,,,,,,,,,,,,,,,,,,,,,,52439,0.0064998529851436615
,,,31,,,,,,,,,,,,,,,,,,,,,,,,,,,,,52449,0.008111397735774517
,,,31,,,,,,,,,,,,,,,,,,,,,,,,,,,,,52459,0.007582463324069977
,,,31,,,,,,,,,,,,,,,,,,,,,,,,,,,,,52469,0.0024032453075051308
,,,31,,,,,,,,,,,,,,,,,,,,,,,,,,,,,52479,0.00598073098808527
,,,31,,,,,,,,,,,,,,,,,,,,,,,,,,,,,52489,0.0025670970790088177
,,,31,,,,,,,,,,,,,,,,,,,,,,,,,,,,,52499,0.09124042093753815
,,,31,,,,,,,,,,,,,,,,,,,,,,,,,,,,,52509,0.008270024321973324
,,,31,,,,,,,,,,,,,,,,,,,,,,,,,,,,,52519,0.007445842027664185
,,,31,,,,,,,,,,,,,,,,,,,,,,,,,,,,,52529,0.0030663872603327036
,,,31,,,,,,,,,,,,,,,,,,,,,,,,,,,,,52539,0.002443778794258833
,,,31,,,,,,,,,,,,,,,,,,,,,,,,,,,,,52549,0.07220244407653809
,,,31,,,,,,,,,,,,,,,,,,,,,,,,,,,,,52559,0.0068056960590183735
,,,31,,,,,,,,,,,,,,,,,,,,,,,,,,,,,52569,0.001742546446621418
,,,31,,,,,,,,,,,,,,,,,,,,,,,,,,,,,52579,0.03896187245845795
,,,31,,,,,,,,,,,,,,,,,,,,,,,,,,,,,52589,0.035570111125707626
,,,31,,,,,,,,,,,,,,,,,,,,,,,,,,,,,52599,0.0013389874948188663
,,,31,,,,,,,,,,,,,,,,,,,,,,,,,,,,,52609,0.002850075252354145
,,,31,,,,,,,,,,,,,,,,,,,,,,,,,,,,,52619,0.002160647651180625
,,,31,,,,,,,,,,,,,,,,,,,,,,,,,,,,,52629,0.05039336904883385
,,,31,,,,,,,,,,,,,,,,,,,,,,,,,,,,,52639,0.0030655732844024897
,,,31,,,,,,,,,,,,,,,,,,,,,,,,,,,,,52649,0.05821525678038597
,,,31,,,,,,,,,,,,,,,,,,,,,,,,,,,,,52659,0.003147043287754059
,,,31,,,,,,,,,,,,,,,,,,,,,,,,,,,,,52669,0.15361391007900238
,,,31,,,,,,,,,,,,,,,,,,,,,,,,,,,,,52679,0.0066755386069417
,,,31,,,,,,,,,,,,,,,,,,,,,,,,,,,,,52689,0.008433555252850056
,,,31,,,,,,,,,,,,,,,,,,,,,,,,,,,,,52699,0.0015004107262939215
,,,31,,,,,,,,,,,,,,,,,,,,,,,,,,,,,52709,0.013154281303286552
,,,31,,,,,,,,,,,,,,,,,,,,,,,,,,,,,52719,0.020153261721134186
,,,31,,,,,,,,,,,,,,,,,,,,,,,,,,,,,52729,0.002466656267642975
,,,31,,,,,,,,,,,,,,,,,,,,,,,,,,,,,52739,0.3262448012828827
,,,31,,,,,,,,,,,,,,,,,,,,,,,,,,,,,52749,0.0020955579821020365
,,,31,,,,,,,,,,,,,,,,,,,,,,,,,,,,,52759,0.005826525390148163
,,,31,,,,,,,,,,,,,,,,,,,,,,,,,,,,,52769,0.020429113879799843
,,,31,,,,,,,,,,,,,,,,,,,,,,,,,,,,,52779,0.09596449881792068
,,,31,,,,,,,,,,,,,,,,,,,,,,,,,,,,,52789,0.005748747382313013
,,,31,,,,,,,,,,,,,,,,,,,,,,,,,,,,,52799,0.0126814479008317
,,,31,,,,,,,,,,,,,,,,,,,,,,,,,,,,,52809,1.2480666637420654
,,,31,,,,,,,,,,,,,,,,,,,,,,,,,,,,,52819,0.12907814979553223
,,,31,,,,,,,,,,,,,,,,,,,,,,,,,,,,,52829,0.16108444333076477
,,,31,,,,,,,,,,,,,,,,,,,,,,,,,,,,,52839,0.4027872681617737
,,,31,,,,,,,,,,,,,,,,,,,,,,,,,,,,,52849,0.10408490151166916
,,,31,,,,,,,,,,,,,,,,,,,,,,,,,,,,,52859,0.0027535047847777605
,,,31,,,,,,,,,,,,,,,,,,,,,,,,,,,,,52869,0.38111981749534607
,,,31,,,,,,,,,,,,,,,,,,,,,,,,,,,,,52879,0.0012436333345249295
,,,31,,,,,,,,,,,,,,,,,,,,,,,,,,,,,52889,0.0027581406757235527
,,,31,,,,,,,,,,,,,,,,,,,,,,,,,,,,,52899,0.10810120403766632
,,,31,,,,,,,,,,,,,,,,,,,,,,,,,,,,,52909,0.18820999562740326
,,,31,,,,,,,,,,,,,,,,,,,,,,,,,,,,,52919,0.0008317532483488321
,,,31,,,,,,,,,,,,,,,,,,,,,,,,,,,,,52929,0.03018087148666382
,,,31,,,,,,,,,,,,,,,,,,,,,,,,,,,,,52939,0.023496774956583977
,,,31,,,,,,,,,,,,,,,,,,,,,,,,,,,,,52949,0.018163584172725677
,,,31,,,,,,,,,,,,,,,,,,,,,,,,,,,,,52959,0.08478064090013504
,,,31,,,,,,,,,,,,,,,,,,,,,,,,,,,,,52969,0.00480291061103344
,,,31,,,,,,,,,,,,,,,,,,,,,,,,,,,,,52979,0.009493174031376839
,,,31,,,,,,,,,,,,,,,,,,,,,,,,,,,,,52989,0.03292451426386833
,,,31,,,,,,,,,,,,,,,,,,,,,,,,,,,,,52999,0.00919803511351347
,,,31,,,,,,,,,,,,,,,,,,,,,,,,,,,,,53009,0.0034937800373882055
,,,31,,,,,,,,,,,,,,,,,,,,,,,,,,,,,53019,0.0020875688642263412
,,,31,,,,,,,,,,,,,,,,,,,,,,,,,,,,,53029,0.07791122049093246
,,,31,,,,,,,,,,,,,,,,,,,,,,,,,,,,,53039,0.26428428292274475
,,,31,,,,,,,,,,,,,,,,,,,,,,,,,,,,,53049,0.037868816405534744
,,,31,,,,,,,,,,,,,,,,,,,,,,,,,,,,,53059,0.01576644740998745
,,,31,,,,,,,,,,,,,,,,,,,,,,,,,,,,,53069,0.19458243250846863
,,,31,,,,,,,,,,,,,,,,,,,,,,,,,,,,,53079,0.13872069120407104
,,,31,,,,,,,,,,,,,,,,,,,,,,,,,,,,,53089,0.09797503054141998
,,,31,,,,,,,,,,,,,,,,,,,,,,,,,,,,,53099,0.003464943263679743
,,,31,,,,,,,,,,,,,,,,,,,,,,,,,,,,,53109,0.02219817414879799
,,,31,,,,,,,,,,,,,,,,,,,,,,,,,,,,,53119,0.5449655055999756
,,,31,,,,,,,,,,,,,,,,,,,,,,,,,,,,,53129,0.1348642110824585
,,,31,,,,,,,,,,,,,,,,,,,,,,,,,,,,,53139,0.020064136013388634
,,,31,,,,,,,,,,,,,,,,,,,,,,,,,,,,,53149,0.03526419401168823
,,,31,,,,,,,,,,,,,,,,,,,,,,,,,,,,,53159,0.02988658845424652
,,,31,,,,,,,,,,,,,,,,,,,,,,,,,,,,,53169,0.023511553183197975
,,,31,,,,,,,,,,,,,,,,,,,,,,,,,,,,,53179,0.006324938498437405
,,,,1.9651587992236636e-07,1.1008907526899833e-06,1.6936780810615128e-06,1.6936780810615128e-06,2.605658586248481e-06,2.605658586248481e-06,4.008705517305355e-06,4.008705517305355e-06,6.167239257392854e-06,6.167239257392854e-06,9.488060395989006e-06,1.9651587992236636e-07,9.488060395989006e-06,1.459701599382924e-05,1.459701599382924e-05,2.2456947682814215e-05,2.2456947682814215e-05,3.4549150281252636e-05,3.4549150281252636e-05,3.4549150281252636e-05,3.4549150281252636e-05,3.023321229574867e-07,3.023321229574867e-07,4.65126343011518e-07,4.65126343011518e-07,7.155789892484892e-07,7.155789892484892e-07,1.1008907526899833e-06,53184,
,,,32,,,,,,,,,,,,,,,,,,,,,,,,,,,,,53189,0.00225081923417747
,,,32,,,,,,,,,,,,,,,,,,,,,,,,,,,,,53199,0.043334074318408966
,,,32,,,,,,,,,,,,,,,,,,,,,,,,,,,,,53209,0.1065339669585228
,,,32,,,,,,,,,,,,,,,,,,,,,,,,,,,,,53219,0.0216290932148695
,,,32,,,,,,,,,,,,,,,,,,,,,,,,,,,,,53229,0.01769440807402134
,,,32,,,,,,,,,,,,,,,,,,,,,,,,,,,,,53239,0.0038769899401813745
,,,32,,,,,,,,,,,,,,,,,,,,,,,,,,,,,53249,0.02297554351389408
,,,32,,,,,,,,,,,,,,,,,,,,,,,,,,,,,53259,0.006910757627338171
,,,32,,,,,,,,,,,,,,,,,,,,,,,,,,,,,53269,0.00429746275767684
,,,32,,,,,,,,,,,,,,,,,,,,,,,,,,,,,53279,0.042639635503292084
,,,32,,,,,,,,,,,,,,,,,,,,,,,,,,,,,53289,0.045916181057691574
,,,32,,,,,,,,,,,,,,,,,,,,,,,,,,,,,53299,0.023303192108869553
,,,32,,,,,,,,,,,,,,,,,,,,,,,,,,,,,53309,0.0019224949646741152
,,,32,,,,,,,,,,,,,,,,,,,,,,,,,,,,,53319,0.34766343235969543
,,,32,,,,,,,,,,,,,,,,,,,,,,,,,,,,,53329,0.0063933152705430984
,,,32,,,,,,,,,,,,,,,,,,,,,,,,,,,,,53339,0.019325511530041695
,,,32,,,,,,,,,,,,,,,,,,,,,,,,,,,,,53349,0.00542700570076704
,,,32,,,,,,,,,,,,,,,,,,,,,,,,,,,,,53359,0.0710880383849144
,,,32,,,,,,,,,,,,,,,,,,,,,,,,,,,,,53369,0.02643817476928234
,,,32,,,,,,,,,,,,,,,,,,,,,,,,,,,,,53379,0.05366582050919533
,,,32,,,,,,,,,,,,,,,,,,,,,,,,,,,,,53389,0.04940425977110863
,,,32,,,,,,,,,,,,,,,,,,,,,,,,,,,,,53399,0.0015360169345512986
,,,32,,,,,,,,,,,,,,,,,,,,,,,,,,,,,53409,0.010412967763841152
,,,32,,,,,,,,,,,,,,,,,,,,,,,,,,,,,53419,0.0033449961338192225
,,,32,,,,,,,,,,,,,,,,,,,,,,,,,,,,,53429,0.15038661658763885
,,,32,,,,,,,,,,,,,,,,,,,,,,,,,,,,,53439,0.005539697129279375
,,,32,,,,,,,,,,,,,,,,,,,,,,,,,,,,,53449,0.0015992791159078479
,,,32,,,,,,,,,,,,,,,,,,,,,,,,,,,,,53459,0.003919051960110664
,,,32,,,,,,,,,,,,,,,,,,,,,,,,,,,,,53469,0.0902462899684906
,,,32,,,,,,,,,,,,,,,,,,,,,,,,,,,,,53479,0.16309754550457
,,,32,,,,,,,,,,,,,,,,,,,,,,,,,,,,,53489,0.02238583005964756
,,,32,,,,,,,,,,,,,,,,,,,,,,,,,,,,,53499,0.3023780584335327
,,,32,,,,,,,,,,,,,,,,,,,,,,,,,,,,,53509,0.004990054294466972
,,,32,,,,,,,,,,,,,,,,,,,,,,,,,,,,,53519,0.008906343020498753
,,,32,,,,,,,,,,,,,,,,,,,,,,,,,,,,,53529,0.13230210542678833
,,,32,,,,,,,,,,,,,,,,,,,,,,,,,,,,,53539,0.0020939414389431477
,,,32,,,,,,,,,,,,,,,,,,,,,,,,,,,,,53549,0.018787432461977005
,,,32,,,,,,,,,,,,,,,,,,,,,,,,,,,,,53559,0.1888355314731598
,,,32,,,,,,,,,,,,,,,,,,,,,,,,,,,,,53569,0.20448319613933563
,,,32,,,,,,,,,,,,,,,,,,,,,,,,,,,,,53579,0.5680353045463562
,,,32,,,,,,,,,,,,,,,,,,,,,,,,,,,,,53589,0.006530863232910633
,,,32,,,,,,,,,,,,,,,,,,,,,,,,,,,,,53599,0.002590375253930688
,,,32,,,,,,,,,,,,,,,,,,,,,,,,,,,,,53609,0.005483849905431271
,,,32,,,,,,,,,,,,,,,,,,,,,,,,,,,,,53619,0.01686914451420307
,,,32,,,,,,,,,,,,,,,,,,,,,,,,,,,,,53629,0.06165357679128647
,,,32,,,,,,,,,,,,,,,,,,,,,,,,,,,,,53639,0.49430739879608154
,,,32,,,,,,,,,,,,,,,,,,,,,,,,,,,,,53649,0.005278274416923523
,,,32,,,,,,,,,,,,,,,,,,,,,,,,,,,,,53659,0.004127491265535355
,,,32,,,,,,,,,,,,,,,,,,,,,,,,,,,,,53669,0.04180046543478966
,,,32,,,,,,,,,,,,,,,,,,,,,,,,,,,,,53679,0.4781382977962494
,,,32,,,,,,,,,,,,,,,,,,,,,,,,,,,,,53689,0.005635120905935764
,,,32,,,,,,,,,,,,,,,,,,,,,,,,,,,,,53699,0.03400000184774399
,,,32,,,,,,,,,,,,,,,,,,,,,,,,,,,,,53709,0.08571112900972366
,,,32,,,,,,,,,,,,,,,,,,,,,,,,,,,,,53719,0.002192935673519969
,,,32,,,,,,,,,,,,,,,,,,,,,,,,,,,,,53729,0.0037632992025464773
,,,32,,,,,,,,,,,,,,,,,,,,,,,,,,,,,53739,0.005834291223436594
,,,32,,,,,,,,,,,,,,,,,,,,,,,,,,,,,53749,0.1468428075313568
,,,32,,,,,,,,,,,,,,,,,,,,,,,,,,,,,53759,0.012441135011613369
,,,32,,,,,,,,,,,,,,,,,,,,,,,,,,,,,53769,0.008665965870022774
,,,32,,,,,,,,,,,,,,,,,,,,,,,,,,,,,53779,0.002120459685102105
,,,32,,,,,,,,,,,,,,,,,,,,,,,,,,,,,53789,0.006119365803897381
,,,32,,,,,,,,,,,,,,,,,,,,,,,,,,,,,53799,0.20904967188835144
,,,32,,,,,,,,,,,,,,,,,,,,,,,,,,,,,53809,0.046481698751449585
,,,32,,,,,,,,,,,,,,,,,,,,,,,,,,,,,53819,0.041496336460113525
,,,32,,,,,,,,,,,,,,,,,,,,,,,,,,,,,53829,0.003055557142943144
,,,32,,,,,,,,,,,,,,,,,,,,,,,,,,,,,53839,0.19247318804264069
,,,32,,,,,,,,,,,,,,,,,,,,,,,,,,,,,53849,0.014780429191887379
,,,32,,,,,,,,,,,,,,,,,,,,,,,,,,,,,53859,0.004397439304739237
,,,32,,,,,,,,,,,,,,,,,,,,,,,,,,,,,53869,0.005623435135930777
,,,32,,,,,,,,,,,,,,,,,,,,,,,,,,,,,53879,0.0020914259366691113
,,,32,,,,,,,,,,,,,,,,,,,,,,,,,,,,,53889,0.06386289745569229
,,,32,,,,,,,,,,,,,,,,,,,,,,,,,,,,,53899,0.005169577896595001
,,,32,,,,,,,,,,,,,,,,,,,,,,,,,,,,,53909,0.0027299991343170404
,,,32,,,,,,,,,,,,,,,,,,,,,,,,,,,,,53919,0.004100080579519272
,,,32,,,,,,,,,,,,,,,,,,,,,,,,,,,,,53929,0.002317347563803196
,,,32,,,,,,,,,,,,,,,,,,,,,,,,,,,,,53939,0.5645333528518677
,,,32,,,,,,,,,,,,,,,,,,,,,,,,,,,,,53949,0.02229001373052597
,,,32,,,,,,,,,,,,,,,,,,,,,,,,,,,,,53959,0.5751671195030212
,,,32,,,,,,,,,,,,,,,,,,,,,,,,,,,,,53969,0.008661198429763317
,,,32,,,,,,,,,,,,,,,,,,,,,,,,,,,,,53979,0.47731420397758484
,,,32,,,,,,,,,,,,,,,,,,,,,,,,,,,,,53989,0.034255750477313995
,,,32,,,,,,,,,,,,,,,,,,,,,,,,,,,,,53999,0.012997814454138279
,,,32,,,,,,,,,,,,,,,,,,,,,,,,,,,,,54009,0.01080795843154192
,,,32,,,,,,,,,,,,,,,,,,,,,,,,,,,,,54019,0.0673501268029213
,,,32,,,,,,,,,,,,,,,,,,,,,,,,,,,,,54029,0.0014817625051364303
,,,32,,,,,,,,,,,,,,,,,,,,,,,,,,,,,54039,0.05637639760971069
,,,32,,,,,,,,,,,,,,,,,,,,,,,,,,,,,54049,0.10319558531045914
,,,32,,,,,,,,,,,,,,,,,,,,,,,,,,,,,54059,0.015152976848185062
,,,32,,,,,,,,,,,,,,,,,,,,,,,,,,,,,54069,0.06254731118679047
,,,32,,,,,,,,,,,,,,,,,,,,,,,,,,,,,54079,0.0060035367496311665
,,,32,,,,,,,,,,,,,,,,,,,,,,,,,,,,,54089,0.41155150532722473
,,,32,,,,,,,,,,,,,,,,,,,,,,,,,,,,,54099,0.06522266566753387
,,,32,,,,,,,,,,,,,,,,,,,,,,,,,,,,,54109,0.033438995480537415
,,,32,,,,,,,,,,,,,,,,,,,,,,,,,,,,,54119,0.4323163330554962
,,,32,,,,,,,,,,,,,,,,,,,,,,,,,,,,,54129,0.005697817541658878
,,,32,,,,,,,,,,,,,,,,,,,,,,,,,,,,,54139,0.007266654167324305
,,,32,,,,,,,,,,,,,,,,,,,,,,,,,,,,,54149,0.5748606324195862
,,,32,,,,,,,,,,,,,,,,,,,,,,,,,,,,,54159,0.21978440880775452
,,,32,,,,,,,,,,,,,,,,,,,,,,,,,,,,,54169,0.4796537458896637
,,,32,,,,,,,,,,,,,,,,,,,,,,,,,,,,,54179,0.3789433240890503
,,,32,,,,,,,,,,,,,,,,,,,,,,,,,,,,,54189,0.05256767198443413
,,,32,,,,,,,,,,,,,,,,,,,,,,,,,,,,,54199,0.005819991696625948
,,,32,,,,,,,,,,,,,,,,,,,,,,,,,,,,,54209,0.026961907744407654
,,,32,,,,,,,,,,,,,,,,,,,,,,,,,,,,,54219,0.0009824041044339538
,,,32,,,,,,,,,,,,,,,,,,,,,,,,,,,,,54229,0.012022851034998894
,,,32,,,,,,,,,,,,,,,,,,,,,,,,,,,,,54239,0.006224500015377998
,,,32,,,,,,,,,,,,,,,,,,,,,,,,,,,,,54249,0.0030405994039028883
,,,32,,,,,,,,,,,,,,,,,,,,,,,,,,,,,54259,0.8559632897377014
,,,32,,,,,,,,,,,,,,,,,,,,,,,,,,,,,54269,0.006166169419884682
,,,32,,,,,,,,,,,,,,,,,,,,,,,,,,,,,54279,0.005356967449188232
,,,32,,,,,,,,,,,,,,,,,,,,,,,,,,,,,54289,0.32674750685691833
,,,32,,,,,,,,,,,,,,,,,,,,,,,,,,,,,54299,0.22738878428936005
,,,32,,,,,,,,,,,,,,,,,,,,,,,,,,,,,54309,0.011877643875777721
,,,32,,,,,,,,,,,,,,,,,,,,,,,,,,,,,54319,0.03344864770770073
,,,32,,,,,,,,,,,,,,,,,,,,,,,,,,,,,54329,0.051191546022892
,,,32,,,,,,,,,,,,,,,,,,,,,,,,,,,,,54339,0.007637785281985998
,,,32,,,,,,,,,,,,,,,,,,,,,,,,,,,,,54349,0.003955305553972721
,,,32,,,,,,,,,,,,,,,,,,,,,,,,,,,,,54359,0.2997052073478699
,,,32,,,,,,,,,,,,,,,,,,,,,,,,,,,,,54369,0.002692336216568947
,,,32,,,,,,,,,,,,,,,,,,,,,,,,,,,,,54379,0.0561772957444191
,,,32,,,,,,,,,,,,,,,,,,,,,,,,,,,,,54389,0.005433312617242336
,,,32,,,,,,,,,,,,,,,,,,,,,,,,,,,,,54399,0.008813133463263512
,,,32,,,,,,,,,,,,,,,,,,,,,,,,,,,,,54409,0.003758382750675082
,,,32,,,,,,,,,,,,,,,,,,,,,,,,,,,,,54419,0.0034426755737513304
,,,32,,,,,,,,,,,,,,,,,,,,,,,,,,,,,54429,0.03094315528869629
,,,32,,,,,,,,,,,,,,,,,,,,,,,,,,,,,54439,0.3192389905452728
,,,32,,,,,,,,,,,,,,,,,,,,,,,,,,,,,54449,0.010298902168869972
,,,32,,,,,,,,,,,,,,,,,,,,,,,,,,,,,54459,0.0016919542104005814
,,,32,,,,,,,,,,,,,,,,,,,,,,,,,,,,,54469,0.06819943338632584
,,,32,,,,,,,,,,,,,,,,,,,,,,,,,,,,,54479,0.560739278793335
,,,32,,,,,,,,,,,,,,,,,,,,,,,,,,,,,54489,0.6289559006690979
,,,32,,,,,,,,,,,,,,,,,,,,,,,,,,,,,54499,0.013339309953153133
,,,32,,,,,,,,,,,,,,,,,,,,,,,,,,,,,54509,0.05398837476968765
,,,32,,,,,,,,,,,,,,,,,,,,,,,,,,,,,54519,0.003045987570658326
,,,32,,,,,,,,,,,,,,,,,,,,,,,,,,,,,54529,0.15311981737613678
,,,32,,,,,,,,,,,,,,,,,,,,,,,,,,,,,54539,0.07427456974983215
,,,32,,,,,,,,,,,,,,,,,,,,,,,,,,,,,54549,0.00539600383490324
,,,32,,,,,,,,,,,,,,,,,,,,,,,,,,,,,54559,0.005851621273905039
,,,32,,,,,,,,,,,,,,,,,,,,,,,,,,,,,54569,0.11710422486066818
,,,32,,,,,,,,,,,,,,,,,,,,,,,,,,,,,54579,0.4365978538990021
,,,32,,,,,,,,,,,,,,,,,,,,,,,,,,,,,54589,0.027585210278630257
,,,32,,,,,,,,,,,,,,,,,,,,,,,,,,,,,54599,0.03299007937312126
,,,32,,,,,,,,,,,,,,,,,,,,,,,,,,,,,54609,0.3549628257751465
,,,32,,,,,,,,,,,,,,,,,,,,,,,,,,,,,54619,0.10561833530664444
,,,32,,,,,,,,,,,,,,,,,,,,,,,,,,,,,54629,1.3646457195281982
,,,32,,,,,,,,,,,,,,,,,,,,,,,,,,,,,54639,0.003980639390647411
,,,32,,,,,,,,,,,,,,,,,,,,,,,,,,,,,54649,0.24222621321678162
,,,32,,,,,,,,,,,,,,,,,,,,,,,,,,,,,54659,0.007239122409373522
,,,32,,,,,,,,,,,,,,,,,,,,,,,,,,,,,54669,0.04832683503627777
,,,32,,,,,,,,,,,,,,,,,,,,,,,,,,,,,54679,0.20996637642383575
,,,32,,,,,,,,,,,,,,,,,,,,,,,,,,,,,54689,0.011872579343616962
,,,32,,,,,,,,,,,,,,,,,,,,,,,,,,,,,54699,1.1264612674713135
,,,32,,,,,,,,,,,,,,,,,,,,,,,,,,,,,54709,0.11122988909482956
,,,32,,,,,,,,,,,,,,,,,,,,,,,,,,,,,54719,0.0164223350584507
,,,32,,,,,,,,,,,,,,,,,,,,,,,,,,,,,54729,0.04906521737575531
,,,32,,,,,,,,,,,,,,,,,,,,,,,,,,,,,54739,0.07203318178653717
,,,32,,,,,,,,,,,,,,,,,,,,,,,,,,,,,54749,0.02786591276526451
,,,32,,,,,,,,,,,,,,,,,,,,,,,,,,,,,54759,0.09892801195383072
,,,32,,,,,,,,,,,,,,,,,,,,,,,,,,,,,54769,1.7723851203918457
,,,32,,,,,,,,,,,,,,,,,,,,,,,,,,,,,54779,0.26548221707344055
,,,32,,,,,,,,,,,,,,,,,,,,,,,,,,,,,54789,0.018225114792585373
,,,32,,,,,,,,,,,,,,,,,,,,,,,,,,,,,54799,0.1791609674692154
,,,32,,,,,,,,,,,,,,,,,,,,,,,,,,,,,54809,0.2790793776512146
,,,32,,,,,,,,,,,,,,,,,,,,,,,,,,,,,54819,0.002429070184007287
,,,32,,,,,,,,,,,,,,,,,,,,,,,,,,,,,54829,0.003404809394851327
,,,32,,,,,,,,,,,,,,,,,,,,,,,,,,,,,54839,0.024144284427165985
,,,,1.778621682328425e-07,9.963918251200868e-07,1.5329105001847486e-06,1.5329105001847486e-06,2.3583238464380747e-06,2.3583238464380747e-06,3.6281905329816534e-06,3.6281905329816534e-06,5.581831589202543e-06,5.581831589202543e-06,8.587433214157758e-06,1.778621682328425e-07,8.587433214157758e-06,1.3211435714088859e-05,1.3211435714088859e-05,2.032528571398286e-05,2.032528571398286e-05,3.12696703292044e-05,3.12696703292044e-05,3.12696703292044e-05,3.12696703292044e-05,2.736341049736038e-07,2.736341049736038e-07,4.2097554611323665e-07,4.2097554611323665e-07,6.476546863280564e-07,6.476546863280564e-07,9.963918251200868e-07,54846,
,,,33,,,,,,,,,,,,,,,,,,,,,,,,,,,,,54849,0.014032694511115551
,,,33,,,,,,,,,,,,,,,,,,,,,,,,,,,,,54859,0.11339325457811356
,,,33,,,,,,,,,,,,,,,,,,,,,,,,,,,,,54869,0.002638694131746888
,,,33,,,,,,,,,,,,,,,,,,,,,,,,,,,,,54879,0.0688866525888443
,,,33,,,,,,,,,,,,,,,,,,,,,,,,,,,,,54889,0.01624767854809761
,,,33,,,,,,,,,,,,,,,,,,,,,,,,,,,,,54899,0.004693892784416676
,,,33,,,,,,,,,,,,,,,,,,,,,,,,,,,,,54909,0.004573465324938297
,,,33,,,,,,,,,,,,,,,,,,,,,,,,,,,,,54919,0.6262573599815369
,,,33,,,,,,,,,,,,,,,,,,,,,,,,,,,,,54929,0.008581755682826042
,,,33,,,,,,,,,,,,,,,,,,,,,,,,,,,,,54939,1.0525925159454346
,,,33,,,,,,,,,,,,,,,,,,,,,,,,,,,,,54949,0.02406608872115612
,,,33,,,,,,,,,,,,,,,,,,,,,,,,,,,,,54959,0.02394719049334526
,,,33,,,,,,,,,,,,,,,,,,,,,,,,,,,,,54969,0.009556706063449383
,,,33,,,,,,,,,,,,,,,,,,,,,,,,,,,,,54979,0.09050322324037552
,,,33,,,,,,,,,,,,,,,,,,,,,,,,,,,,,54989,0.0020650066435337067
,,,33,,,,,,,,,,,,,,,,,,,,,,,,,,,,,54999,0.24923382699489594
,,,33,,,,,,,,,,,,,,,,,,,,,,,,,,,,,55009,0.020026447251439095
,,,33,,,,,,,,,,,,,,,,,,,,,,,,,,,,,55019,0.010127676650881767
,,,33,,,,,,,,,,,,,,,,,,,,,,,,,,,,,55029,0.002793356776237488
,,,33,,,,,,,,,,,,,,,,,,,,,,,,,,,,,55039,0.0020604224409908056
,,,33,,,,,,,,,,,,,,,,,,,,,,,,,,,,,55049,0.3722105920314789
,,,33,,,,,,,,,,,,,,,,,,,,,,,,,,,,,55059,0.37054380774497986
,,,33,,,,,,,,,,,,,,,,,,,,,,,,,,,,,55069,0.06727894395589828
,,,33,,,,,,,,,,,,,,,,,,,,,,,,,,,,,55079,0.04221056401729584
,,,33,,,,,,,,,,,,,,,,,,,,,,,,,,,,,55089,0.23641346395015717
,,,33,,,,,,,,,,,,,,,,,,,,,,,,,,,,,55099,0.0031892163679003716
,,,33,,,,,,,,,,,,,,,,,,,,,,,,,,,,,55109,0.011326435022056103
,,,33,,,,,,,,,,,,,,,,,,,,,,,,,,,,,55119,0.40960246324539185
,,,33,,,,,,,,,,,,,,,,,,,,,,,,,,,,,55129,0.0008126767352223396
,,,33,,,,,,,,,,,,,,,,,,,,,,,,,,,,,55139,0.005075203720480204
,,,33,,,,,,,,,,,,,,,,,,,,,,,,,,,,,55149,0.003107021562755108
,,,33,,,,,,,,,,,,,,,,,,,,,,,,,,,,,55159,0.0018526179483160377
,,,33,,,,,,,,,,,,,,,,,,,,,,,,,,,,,55169,0.003015829250216484
,,,33,,,,,,,,,,,,,,,,,,,,,,,,,,,,,55179,0.05011071264743805
,,,33,,,,,,,,,,,,,,,,,,,,,,,,,,,,,55189,0.38851675391197205
,,,33,,,,,,,,,,,,,,,,,,,,,,,,,,,,,55199,0.002487687161192298
,,,33,,,,,,,,,,,,,,,,,,,,,,,,,,,,,55209,0.19246675074100494
,,,33,,,,,,,,,,,,,,,,,,,,,,,,,,,,,55219,0.04304273799061775
,,,33,,,,,,,,,,,,,,,,,,,,,,,,,,,,,55229,0.06610772758722305
,,,33,,,,,,,,,,,,,,,,,,,,,,,,,,,,,55239,0.0029565896838903427
,,,33,,,,,,,,,,,,,,,,,,,,,,,,,,,,,55249,0.0017452031606808305
,,,33,,,,,,,,,,,,,,,,,,,,,,,,,,,,,55259,0.29190000891685486
,,,33,,,,,,,,,,,,,,,,,,,,,,,,,,,,,55269,0.009391911327838898
,,,33,,,,,,,,,,,,,,,,,,,,,,,,,,,,,55279,0.010862573981285095
,,,33,,,,,,,,,,,,,,,,,,,,,,,,,,,,,55289,0.4158945083618164
,,,33,,,,,,,,,,,,,,,,,,,,,,,,,,,,,55299,0.39974021911621094
,,,33,,,,,,,,,,,,,,,,,,,,,,,,,,,,,55309,0.023229243233799934
,,,33,,,,,,,,,,,,,,,,,,,,,,,,,,,,,55319,0.13406206667423248
,,,33,,,,,,,,,,,,,,,,,,,,,,,,,,,,,55329,0.07024849951267242
,,,33,,,,,,,,,,,,,,,,,,,,,,,,,,,,,55339,0.2038678526878357
,,,33,,,,,,,,,,,,,,,,,,,,,,,,,,,,,55349,0.03929963707923889
,,,33,,,,,,,,,,,,,,,,,,,,,,,,,,,,,55359,0.005933701992034912
,,,33,,,,,,,,,,,,,,,,,,,,,,,,,,,,,55369,0.05644805729389191
,,,33,,,,,,,,,,,,,,,,,,,,,,,,,,,,,55379,0.1176319420337677
,,,33,,,,,,,,,,,,,,,,,,,,,,,,,,,,,55389,0.14435282349586487
,,,33,,,,,,,,,,,,,,,,,,,,,,,,,,,,,55399,0.02320334129035473
,,,33,,,,,,,,,,,,,,,,,,,,,,,,,,,,,55409,0.003053001593798399
,,,33,,,,,,,,,,,,,,,,,,,,,,,,,,,,,55419,0.002987129846587777
,,,33,,,,,,,,,,,,,,,,,,,,,,,,,,,,,55429,0.013980196788907051
,,,33,,,,,,,,,,,,,,,,,,,,,,,,,,,,,55439,0.09227651357650757
,,,33,,,,,,,,,,,,,,,,,,,,,,,,,,,,,55449,0.0033836746588349342
,,,33,,,,,,,,,,,,,,,,,,,,,,,,,,,,,55459,0.22530336678028107
,,,33,,,,,,,,,,,,,,,,,,,,,,,,,,,,,55469,0.0008454518392682076
,,,33,,,,,,,,,,,,,,,,,,,,,,,,,,,,,55479,0.02741963230073452
,,,33,,,,,,,,,,,,,,,,,,,,,,,,,,,,,55489,0.319282203912735
,,,33,,,,,,,,,,,,,,,,,,,,,,,,,,,,,55499,0.013695267960429192
,,,33,,,,,,,,,,,,,,,,,,,,,,,,,,,,,55509,0.0036071378272026777
,,,33,,,,,,,,,,,,,,,,,,,,,,,,,,,,,55519,0.00167458422947675
,,,33,,,,,,,,,,,,,,,,,,,,,,,,,,,,,55529,0.0035729098599404097
,,,33,,,,,,,,,,,,,,,,,,,,,,,,,,,,,55539,0.04242735728621483
,,,33,,,,,,,,,,,,,,,,,,,,,,,,,,,,,55549,0.595586359500885
,,,33,,,,,,,,,,,,,,,,,,,,,,,,,,,,,55559,0.16375035047531128
,,,33,,,,,,,,,,,,,,,,,,,,,,,,,,,,,55569,0.0025533228181302547
,,,33,,,,,,,,,,,,,,,,,,,,,,,,,,,,,55579,0.02926657348871231
,,,33,,,,,,,,,,,,,,,,,,,,,,,,,,,,,55589,0.004272266756743193
,,,33,,,,,,,,,,,,,,,,,,,,,,,,,,,,,55599,0.005586052779108286
,,,33,,,,,,,,,,,,,,,,,,,,,,,,,,,,,55609,0.0013238370884209871
,,,33,,,,,,,,,,,,,,,,,,,,,,,,,,,,,55619,0.012269514612853527
,,,33,,,,,,,,,,,,,,,,,,,,,,,,,,,,,55629,0.14112412929534912
,,,33,,,,,,,,,,,,,,,,,,,,,,,,,,,,,55639,0.20924001932144165
,,,33,,,,,,,,,,,,,,,,,,,,,,,,,,,,,55649,0.6096790432929993
,,,33,,,,,,,,,,,,,,,,,,,,,,,,,,,,,55659,0.04570690169930458
,,,33,,,,,,,,,,,,,,,,,,,,,,,,,,,,,55669,0.007633931003510952
,,,33,,,,,,,,,,,,,,,,,,,,,,,,,,,,,55679,0.004028322175145149
,,,33,,,,,,,,,,,,,,,,,,,,,,,,,,,,,55689,0.24496173858642578
,,,33,,,,,,,,,,,,,,,,,,,,,,,,,,,,,55699,0.0035604878794401884
,,,33,,,,,,,,,,,,,,,,,,,,,,,,,,,,,55709,0.14939194917678833
,,,33,,,,,,,,,,,,,,,,,,,,,,,,,,,,,55719,0.004134471993893385
,,,33,,,,,,,,,,,,,,,,,,,,,,,,,,,,,55729,0.028439100831747055
,,,33,,,,,,,,,,,,,,,,,,,,,,,,,,,,,55739,0.5991023182868958
,,,33,,,,,,,,,,,,,,,,,,,,,,,,,,,,,55749,0.010362452827394009
,,,33,,,,,,,,,,,,,,,,,,,,,,,,,,,,,55759,0.08745582401752472
,,,33,,,,,,,,,,,,,,,,,,,,,,,,,,,,,55769,0.022239739075303078
,,,33,,,,,,,,,,,,,,,,,,,,,,,,,,,,,55779,0.34924712777137756
,,,33,,,,,,,,,,,,,,,,,,,,,,,,,,,,,55789,0.07177828252315521
,,,33,,,,,,,,,,,,,,,,,,,,,,,,,,,,,55799,0.1723828762769699
,,,33,,,,,,,,,,,,,,,,,,,,,,,,,,,,,55809,0.05041117966175079
,,,33,,,,,,,,,,,,,,,,,,,,,,,,,,,,,55819,0.02675141766667366
,,,33,,,,,,,,,,,,,,,,,,,,,,,,,,,,,55829,0.02916444092988968
,,,33,,,,,,,,,,,,,,,,,,,,,,,,,,,,,55839,0.004391130991280079
,,,33,,,,,,,,,,,,,,,,,,,,,,,,,,,,,55849,0.004030662588775158
,,,33,,,,,,,,,,,,,,,,,,,,,,,,,,,,,55859,0.7260621786117554
,,,33,,,,,,,,,,,,,,,,,,,,,,,,,,,,,55869,0.0021034961100667715
,,,33,,,,,,,,,,,,,,,,,,,,,,,,,,,,,55879,0.049033042043447495
,,,33,,,,,,,,,,,,,,,,,,,,,,,,,,,,,55889,0.003799030790105462
,,,33,,,,,,,,,,,,,,,,,,,,,,,,,,,,,55899,0.0033782937098294497
,,,33,,,,,,,,,,,,,,,,,,,,,,,,,,,,,55909,0.007801931817084551
,,,33,,,,,,,,,,,,,,,,,,,,,,,,,,,,,55919,0.053938817232847214
,,,33,,,,,,,,,,,,,,,,,,,,,,,,,,,,,55929,0.5402724742889404
,,,33,,,,,,,,,,,,,,,,,,,,,,,,,,,,,55939,0.010601652786135674
,,,33,,,,,,,,,,,,,,,,,,,,,,,,,,,,,55949,0.0018129136878997087
,,,33,,,,,,,,,,,,,,,,,,,,,,,,,,,,,55959,0.012287960387766361
,,,33,,,,,,,,,,,,,,,,,,,,,,,,,,,,,55969,0.05815372243523598
,,,33,,,,,,,,,,,,,,,,,,,,,,,,,,,,,55979,0.0190469641238451
,,,33,,,,,,,,,,,,,,,,,,,,,,,,,,,,,55989,0.5576019287109375
,,,33,,,,,,,,,,,,,,,,,,,,,,,,,,,,,55999,0.3487550616264343
,,,33,,,,,,,,,,,,,,,,,,,,,,,,,,,,,56009,0.017201898619532585
,,,33,,,,,,,,,,,,,,,,,,,,,,,,,,,,,56019,0.12927362322807312
,,,33,,,,,,,,,,,,,,,,,,,,,,,,,,,,,56029,0.0852620005607605
,,,33,,,,,,,,,,,,,,,,,,,,,,,,,,,,,56039,0.13058561086654663
,,,33,,,,,,,,,,,,,,,,,,,,,,,,,,,,,56049,0.6137937903404236
,,,33,,,,,,,,,,,,,,,,,,,,,,,,,,,,,56059,0.002663356252014637
,,,33,,,,,,,,,,,,,,,,,,,,,,,,,,,,,56069,0.055357493460178375
,,,33,,,,,,,,,,,,,,,,,,,,,,,,,,,,,56079,0.005218932870775461
,,,33,,,,,,,,,,,,,,,,,,,,,,,,,,,,,56089,0.0012942985631525517
,,,33,,,,,,,,,,,,,,,,,,,,,,,,,,,,,56099,0.0038832351565361023
,,,33,,,,,,,,,,,,,,,,,,,,,,,,,,,,,56109,0.1899741142988205
,,,33,,,,,,,,,,,,,,,,,,,,,,,,,,,,,56119,0.26043885946273804
,,,33,,,,,,,,,,,,,,,,,,,,,,,,,,,,,56129,0.3569342792034149
,,,33,,,,,,,,,,,,,,,,,,,,,,,,,,,,,56139,0.38538387417793274
,,,33,,,,,,,,,,,,,,,,,,,,,,,,,,,,,56149,0.04839947074651718
,,,33,,,,,,,,,,,,,,,,,,,,,,,,,,,,,56159,0.004210638348013163
,,,33,,,,,,,,,,,,,,,,,,,,,,,,,,,,,56169,0.05992001295089722
,,,33,,,,,,,,,,,,,,,,,,,,,,,,,,,,,56179,0.0032081541139632463
,,,33,,,,,,,,,,,,,,,,,,,,,,,,,,,,,56189,0.011496448889374733
,,,33,,,,,,,,,,,,,,,,,,,,,,,,,,,,,56199,0.0688265711069107
,,,33,,,,,,,,,,,,,,,,,,,,,,,,,,,,,56209,0.01657635159790516
,,,33,,,,,,,,,,,,,,,,,,,,,,,,,,,,,56219,0.061777304857969284
,,,33,,,,,,,,,,,,,,,,,,,,,,,,,,,,,56229,0.846786618232727
,,,33,,,,,,,,,,,,,,,,,,,,,,,,,,,,,56239,0.08030452579259872
,,,33,,,,,,,,,,,,,,,,,,,,,,,,,,,,,56249,0.07094574719667435
,,,33,,,,,,,,,,,,,,,,,,,,,,,,,,,,,56259,0.0027511976659297943
,,,33,,,,,,,,,,,,,,,,,,,,,,,,,,,,,56269,0.0407671295106411
,,,33,,,,,,,,,,,,,,,,,,,,,,,,,,,,,56279,0.0031197345815598965
,,,33,,,,,,,,,,,,,,,,,,,,,,,,,,,,,56289,0.07534153014421463
,,,33,,,,,,,,,,,,,,,,,,,,,,,,,,,,,56299,0.8233015537261963
,,,33,,,,,,,,,,,,,,,,,,,,,,,,,,,,,56309,0.42078736424446106
,,,33,,,,,,,,,,,,,,,,,,,,,,,,,,,,,56319,0.029497554525732994
,,,33,,,,,,,,,,,,,,,,,,,,,,,,,,,,,56329,0.002055445220321417
,,,33,,,,,,,,,,,,,,,,,,,,,,,,,,,,,56339,0.019146054983139038
,,,33,,,,,,,,,,,,,,,,,,,,,,,,,,,,,56349,0.14225541055202484
,,,33,,,,,,,,,,,,,,,,,,,,,,,,,,,,,56359,0.012190645560622215
,,,33,,,,,,,,,,,,,,,,,,,,,,,,,,,,,56369,0.1094367504119873
,,,33,,,,,,,,,,,,,,,,,,,,,,,,,,,,,56379,0.0028188435826450586
,,,33,,,,,,,,,,,,,,,,,,,,,,,,,,,,,56389,0.0064015877433121204
,,,33,,,,,,,,,,,,,,,,,,,,,,,,,,,,,56399,0.125409334897995
,,,33,,,,,,,,,,,,,,,,,,,,,,,,,,,,,56409,1.3005917072296143
,,,33,,,,,,,,,,,,,,,,,,,,,,,,,,,,,56419,0.45392853021621704
,,,33,,,,,,,,,,,,,,,,,,,,,,,,,,,,,56429,0.05431458353996277
,,,33,,,,,,,,,,,,,,,,,,,,,,,,,,,,,56439,0.00241490569896996
,,,33,,,,,,,,,,,,,,,,,,,,,,,,,,,,,56449,0.13517449796199799
,,,33,,,,,,,,,,,,,,,,,,,,,,,,,,,,,56459,0.0046122451312839985
,,,33,,,,,,,,,,,,,,,,,,,,,,,,,,,,,56469,0.014779634773731232
,,,33,,,,,,,,,,,,,,,,,,,,,,,,,,,,,56479,0.03720991685986519
,,,33,,,,,,,,,,,,,,,,,,,,,,,,,,,,,56489,0.19712743163108826
,,,33,,,,,,,,,,,,,,,,,,,,,,,,,,,,,56499,0.01559046097099781
,,,,1.5972750035826984e-07,8.948006042268538e-07,1.3766163141951595e-06,1.3766163141951595e-06,2.1178712526079376e-06,2.1178712526079376e-06,3.258263465550673e-06,3.258263465550673e-06,5.012713023924113e-06,5.012713023924113e-06,7.71186619065248e-06,1.5972750035826984e-07,7.71186619065248e-06,1.1864409524080739e-05,1.1864409524080739e-05,1.8252937729354982e-05,1.8252937729354982e-05,2.8081442660546125e-05,2.8081442660546125e-05,2.8081442660546125e-05,2.8081442660546125e-05,2.457346159357997e-07,2.457346159357997e-07,3.7805325528584575e-07,3.7805325528584575e-07,5.816203927474549e-07,5.816203927474549e-07,8.948006042268538e-07,56508,
,,,34,,,,,,,,,,,,,,,,,,,,,,,,,,,,,56509,0.04145407676696777
,,,34,,,,,,,,,,,,,,,,,,,,,,,,,,,,,56519,0.004857670981436968
,,,34,,,,,,,,,,,,,,,,,,,,,,,,,,,,,56529,0.04487641155719757
,,,34,,,,,,,,,,,,,,,,,,,,,,,,,,,,,56539,0.004151794593781233
,,,34,,,,,,,,,,,,,,,,,,,,,,,,,,,,,56549,0.08746987581253052
,,,34,,,,,,,,,,,,,,,,,,,,,,,,,,,,,56559,0.06229618936777115
,,,34,,,,,,,,,,,,,,,,,,,,,,,,,,,,,56569,0.0073930989019572735
,,,34,,,,,,,,,,,,,,,,,,,,,,,,,,,,,56579,0.16917991638183594
,,,34,,,,,,,,,,,,,,,,,,,,,,,,,,,,,56589,0.041730914264917374
,,,34,,,,,,,,,,,,,,,,,,,,,,,,,,,,,56599,0.014681287109851837
,,,34,,,,,,,,,,,,,,,,,,,,,,,,,,,,,56609,0.8335105776786804
,,,34,,,,,,,,,,,,,,,,,,,,,,,,,,,,,56619,0.16426460444927216
,,,34,,,,,,,,,,,,,,,,,,,,,,,,,,,,,56629,0.021878400817513466
,,,34,,,,,,,,,,,,,,,,,,,,,,,,,,,,,56639,0.1611429899930954
,,,34,,,,,,,,,,,,,,,,,,,,,,,,,,,,,56649,0.345858633518219
,,,34,,,,,,,,,,,,,,,,,,,,,,,,,,,,,56659,0.729777991771698
,,,34,,,,,,,,,,,,,,,,,,,,,,,,,,,,,56669,0.002428812673315406
,,,34,,,,,,,,,,,,,,,,,,,,,,,,,,,,,56679,0.3450775742530823
,,,34,,,,,,,,,,,,,,,,,,,,,,,,,,,,,56689,0.0038985982537269592
,,,34,,,,,,,,,,,,,,,,,,,,,,,,,,,,,56699,0.045361485332250595
,,,34,,,,,,,,,,,,,,,,,,,,,,,,,,,,,56709,0.13579539954662323
,,,34,,,,,,,,,,,,,,,,,,,,,,,,,,,,,56719,0.36055660247802734
,,,34,,,,,,,,,,,,,,,,,,,,,,,,,,,,,56729,0.031008895486593246
,,,34,,,,,,,,,,,,,,,,,,,,,,,,,,,,,56739,0.01764764077961445
,,,34,,,,,,,,,,,,,,,,,,,,,,,,,,,,,56749,0.9529520869255066
,,,34,,,,,,,,,,,,,,,,,,,,,,,,,,,,,56759,0.003923818469047546
,,,34,,,,,,,,,,,,,,,,,,,,,,,,,,,,,56769,0.11049040406942368
,,,34,,,,,,,,,,,,,,,,,,,,,,,,,,,,,56779,0.1560094803571701
,,,34,,,,,,,,,,,,,,,,,,,,,,,,,,,,,56789,0.004204354714602232
,,,34,,,,,,,,,,,,,,,,,,,,,,,,,,,,,56799,0.01723955012857914
,,,34,,,,,,,,,,,,,,,,,,,,,,,,,,,,,56809,0.00443440955132246
,,,34,,,,,,,,,,,,,,,,,,,,,,,,,,,,,56819,0.00536693399772048
,,,34,,,,,,,,,,,,,,,,,,,,,,,,,,,,,56829,0.0044884104281663895
,,,34,,,,,,,,,,,,,,,,,,,,,,,,,,,,,56839,0.02102483995258808
,,,34,,,,,,,,,,,,,,,,,,,,,,,,,,,,,56849,0.06926833838224411
,,,34,,,,,,,,,,,,,,,,,,,,,,,,,,,,,56859,0.0068898797035217285
,,,34,,,,,,,,,,,,,,,,,,,,,,,,,,,,,56869,0.0012858546106144786
,,,34,,,,,,,,,,,,,,,,,,,,,,,,,,,,,56879,0.2327156364917755
,,,34,,,,,,,,,,,,,,,,,,,,,,,,,,,,,56889,0.00849086418747902
,,,34,,,,,,,,,,,,,,,,,,,,,,,,,,,,,56899,0.0244075246155262
,,,34,,,,,,,,,,,,,,,,,,,,,,,,,,,,,56909,0.010143812745809555
,,,34,,,,,,,,,,,,,,,,,,,,,,,,,,,,,56919,0.001488312496803701
,,,34,,,,,,,,,,,,,,,,,,,,,,,,,,,,,56929,0.00445950822904706
,,,34,,,,,,,,,,,,,,,,,,,,,,,,,,,,,56939,0.17041341960430145
,,,34,,,,,,,,,,,,,,,,,,,,,,,,,,,,,56949,0.4180632531642914
,,,34,,,,,,,,,,,,,,,,,,,,,,,,,,,,,56959,0.06871969997882843
,,,34,,,,,,,,,,,,,,,,,,,,,,,,,,,,,56969,0.11572392284870148
,,,34,,,,,,,,,,,,,,,,,,,,,,,,,,,,,56979,0.23107753694057465
,,,34,,,,,,,,,,,,,,,,,,,,,,,,,,,,,56989,0.05857539921998978
,,,34,,,,,,,,,,,,,,,,,,,,,,,,,,,,,56999,0.15345166623592377
,,,34,,,,,,,,,,,,,,,,,,,,,,,,,,,,,57009,0.20461106300354004
,,,34,,,,,,,,,,,,,,,,,,,,,,,,,,,,,57019,0.745784342288971
,,,34,,,,,,,,,,,,,,,,,,,,,,,,,,,,,57029,0.5120952129364014
,,,34,,,,,,,,,,,,,,,,,,,,,,,,,,,,,57039,0.33882057666778564
,,,34,,,,,,,,,,,,,,,,,,,,,,,,,,,,,57049,0.21578700840473175
,,,34,,,,,,,,,,,,,,,,,,,,,,,,,,,,,57059,0.04737436771392822
,,,34,,,,,,,,,,,,,,,,,,,,,,,,,,,,,57069,0.035173576325178146
,,,34,,,,,,,,,,,,,,,,,,,,,,,,,,,,,57079,0.03234439343214035
,,,34,,,,,,,,,,,,,,,,,,,,,,,,,,,,,57089,1.0320769548416138
,,,34,,,,,,,,,,,,,,,,,,,,,,,,,,,,,57099,0.0285638440400362
,,,34,,,,,,,,,,,,,,,,,,,,,,,,,,,,,57109,0.05867131054401398
,,,34,,,,,,,,,,,,,,,,,,,,,,,,,,,,,57119,0.0036075757816433907
,,,34,,,,,,,,,,,,,,,,,,,,,,,,,,,,,57129,0.011142497882246971
,,,34,,,,,,,,,,,,,,,,,,,,,,,,,,,,,57139,0.0826530009508133
,,,34,,,,,,,,,,,,,,,,,,,,,,,,,,,,,57149,0.0009214843739755452
,,,34,,,,,,,,,,,,,,,,,,,,,,,,,,,,,57159,0.024563224986195564
,,,34,,,,,,,,,,,,,,,,,,,,,,,,,,,,,57169,1.9600452184677124
,,,34,,,,,,,,,,,,,,,,,,,,,,,,,,,,,57179,0.006860026624053717
,,,34,,,,,,,,,,,,,,,,,,,,,,,,,,,,,57189,0.028647806495428085
,,,34,,,,,,,,,,,,,,,,,,,,,,,,,,,,,57199,0.3192884027957916
,,,34,,,,,,,,,,,,,,,,,,,,,,,,,,,,,57209,0.30741554498672485
,,,34,,,,,,,,,,,,,,,,,,,,,,,,,,,,,57219,0.013700234703719616
,,,34,,,,,,,,,,,,,,,,,,,,,,,,,,,,,57229,0.004012361168861389
,,,34,,,,,,,,,,,,,,,,,,,,,,,,,,,,,57239,0.023151922971010208
,,,34,,,,,,,,,,,,,,,,,,,,,,,,,,,,,57249,0.19920383393764496
,,,34,,,,,,,,,,,,,,,,,,,,,,,,,,,,,57259,0.0401887446641922
,,,34,,,,,,,,,,,,,,,,,,,,,,,,,,,,,57269,0.19663357734680176
,,,34,,,,,,,,,,,,,,,,,,,,,,,,,,,,,57279,0.00120103161316365
,,,34,,,,,,,,,,,,,,,,,,,,,,,,,,,,,57289,0.013631286099553108
,,,34,,,,,,,,,,,,,,,,,,,,,,,,,,,,,57299,0.0082728685811162
,,,34,,,,,,,,,,,,,,,,,,,,,,,,,,,,,57309,0.0024765259586274624
,,,34,,,,,,,,,,,,,,,,,,,,,,,,,,,,,57319,0.012618493288755417
,,,34,,,,,,,,,,,,,,,,,,,,,,,,,,,,,57329,0.043228715658187866
,,,34,,,,,,,,,,,,,,,,,,,,,,,,,,,,,57339,0.0065354350954294205
,,,34,,,,,,,,,,,,,,,,,,,,,,,,,,,,,57349,0.05100574716925621
,,,34,,,,,,,,,,,,,,,,,,,,,,,,,,,,,57359,0.04797499626874924
,,,34,,,,,,,,,,,,,,,,,,,,,,,,,,,,,57369,0.001896327012218535
,,,34,,,,,,,,,,,,,,,,,,,,,,,,,,,,,57379,0.018093449994921684
,,,34,,,,,,,,,,,,,,,,,,,,,,,,,,,,,57389,0.06433499604463577
,,,34,,,,,,,,,,,,,,,,,,,,,,,,,,,,,57399,0.001721012289635837
,,,34,,,,,,,,,,,,,,,,,,,,,,,,,,,,,57409,1.0740939378738403
,,,34,,,,,,,,,,,,,,,,,,,,,,,,,,,,,57419,0.4414230287075043
,,,34,,,,,,,,,,,,,,,,,,,,,,,,,,,,,57429,0.10484492778778076
,,,34,,,,,,,,,,,,,,,,,,,,,,,,,,,,,57439,0.0020165385212749243
,,,34,,,,,,,,,,,,,,,,,,,,,,,,,,,,,57449,0.012216603383421898
,,,34,,,,,,,,,,,,,,,,,,,,,,,,,,,,,57459,0.15627723932266235
,,,34,,,,,,,,,,,,,,,,,,,,,,,,,,,,,57469,0.2605030834674835
,,,34,,,,,,,,,,,,,,,,,,,,,,,,,,,,,57479,0.04229846969246864
,,,34,,,,,,,,,,,,,,,,,,,,,,,,,,,,,57489,0.06859363615512848
,,,34,,,,,,,,,,,,,,,,,,,,,,,,,,,,,57499,1.0372703075408936
,,,34,,,,,,,,,,,,,,,,,,,,,,,,,,,,,57509,0.0031620184890925884
,,,34,,,,,,,,,,,,,,,,,,,,,,,,,,,,,57519,0.003494810312986374
,,,34,,,,,,,,,,,,,,,,,,,,,,,,,,,,,57529,0.0021638020407408476
,,,34,,,,,,,,,,,,,,,,,,,,,,,,,,,,,57539,0.023783447220921516
,,,34,,,,,,,,,,,,,,,,,,,,,,,,,,,,,57549,0.2613891363143921
,,,34,,,,,,,,,,,,,,,,,,,,,,,,,,,,,57559,0.1449114829301834
,,,34,,,,,,,,,,,,,,,,,,,,,,,,,,,,,57569,0.008087282069027424
,,,34,,,,,,,,,,,,,,,,,,,,,,,,,,,,,57579,0.0030723793897777796
,,,34,,,,,,,,,,,,,,,,,,,,,,,,,,,,,57589,0.010335317812860012
,,,34,,,,,,,,,,,,,,,,,,,,,,,,,,,,,57599,0.01914403960108757
,,,34,,,,,,,,,,,,,,,,,,,,,,,,,,,,,57609,0.00547407940030098
,,,34,,,,,,,,,,,,,,,,,,,,,,,,,,,,,57619,0.0013243680587038398
,,,34,,,,,,,,,,,,,,,,,,,,,,,,,,,,,57629,0.07704450935125351
,,,34,,,,,,,,,,,,,,,,,,,,,,,,,,,,,57639,0.041779376566410065
,,,34,,,,,,,,,,,,,,,,,,,,,,,,,,,,,57649,0.0024506424088031054
,,,34,,,,,,,,,,,,,,,,,,,,,,,,,,,,,57659,0.0637434870004654
,,,34,,,,,,,,,,,,,,,,,,,,,,,,,,,,,57669,0.26097699999809265
,,,34,,,,,,,,,,,,,,,,,,,,,,,,,,,,,57679,0.00647759297862649
,,,34,,,,,,,,,,,,,,,,,,,,,,,,,,,,,57689,0.008386192843317986
,,,34,,,,,,,,,,,,,,,,,,,,,,,,,,,,,57699,0.0064860456623137
,,,34,,,,,,,,,,,,,,,,,,,,,,,,,,,,,57709,0.033755164593458176
,,,34,,,,,,,,,,,,,,,,,,,,,,,,,,,,,57719,0.10919377207756042
,,,34,,,,,,,,,,,,,,,,,,,,,,,,,,,,,57729,0.2857428789138794
,,,34,,,,,,,,,,,,,,,,,,,,,,,,,,,,,57739,0.008942186832427979
,,,34,,,,,,,,,,,,,,,,,,,,,,,,,,,,,57749,0.015443983487784863
,,,34,,,,,,,,,,,,,,,,,,,,,,,,,,,,,57759,0.6650916934013367
,,,34,,,,,,,,,,,,,,,,,,,,,,,,,,,,,57769,0.0010568180587142706
,,,34,,,,,,,,,,,,,,,,,,,,,,,,,,,,,57779,1.1259926557540894
,,,34,,,,,,,,,,,,,,,,,,,,,,,,,,,,,57789,0.011124173179268837
,,,34,,,,,,,,,,,,,,,,,,,,,,,,,,,,,57799,0.16690629720687866
,,,34,,,,,,,,,,,,,,,,,,,,,,,,,,,,,57809,0.023709692060947418
,,,34,,,,,,,,,,,,,,,,,,,,,,,,,,,,,57819,0.03263014182448387
,,,34,,,,,,,,,,,,,,,,,,,,,,,,,,,,,57829,0.002287948736920953
,,,34,,,,,,,,,,,,,,,,,,,,,,,,,,,,,57839,0.004299522843211889
,,,34,,,,,,,,,,,,,,,,,,,,,,,,,,,,,57849,0.027079692110419273
,,,34,,,,,,,,,,,,,,,,,,,,,,,,,,,,,57859,0.023004703223705292
,,,34,,,,,,,,,,,,,,,,,,,,,,,,,,,,,57869,1.4060322046279907
,,,34,,,,,,,,,,,,,,,,,,,,,,,,,,,,,57879,0.05170093849301338
,,,34,,,,,,,,,,,,,,,,,,,,,,,,,,,,,57889,0.00396310118958354
,,,34,,,,,,,,,,,,,,,,,,,,,,,,,,,,,57899,0.18304088711738586
,,,34,,,,,,,,,,,,,,,,,,,,,,,,,,,,,57909,0.005229242146015167
,,,34,,,,,,,,,,,,,,,,,,,,,,,,,,,,,57919,0.003160366090014577
,,,34,,,,,,,,,,,,,,,,,,,,,,,,,,,,,57929,0.0017964994767680764
,,,34,,,,,,,,,,,,,,,,,,,,,,,,,,,,,57939,0.061797820031642914
,,,34,,,,,,,,,,,,,,,,,,,,,,,,,,,,,57949,0.001664194162003696
,,,34,,,,,,,,,,,,,,,,,,,,,,,,,,,,,57959,0.5453309416770935
,,,34,,,,,,,,,,,,,,,,,,,,,,,,,,,,,57969,0.024608531966805458
,,,34,,,,,,,,,,,,,,,,,,,,,,,,,,,,,57979,0.004339371342211962
,,,34,,,,,,,,,,,,,,,,,,,,,,,,,,,,,57989,0.0014720724429935217
,,,34,,,,,,,,,,,,,,,,,,,,,,,,,,,,,57999,0.0023790174163877964
,,,34,,,,,,,,,,,,,,,,,,,,,,,,,,,,,58009,0.2753024697303772
,,,34,,,,,,,,,,,,,,,,,,,,,,,,,,,,,58019,0.40961533784866333
,,,34,,,,,,,,,,,,,,,,,,,,,,,,,,,,,58029,0.0026871459558606148
,,,34,,,,,,,,,,,,,,,,,,,,,,,,,,,,,58039,0.461769700050354
,,,34,,,,,,,,,,,,,,,,,,,,,,,,,,,,,58049,0.20256930589675903
,,,34,,,,,,,,,,,,,,,,,,,,,,,,,,,,,58059,0.018149344250559807
,,,34,,,,,,,,,,,,,,,,,,,,,,,,,,,,,58069,0.001985953189432621
,,,34,,,,,,,,,,,,,,,,,,,,,,,,,,,,,58079,0.014224196784198284
,,,34,,,,,,,,,,,,,,,,,,,,,,,,,,,,,58089,0.4978076219558716
,,,34,,,,,,,,,,,,,,,,,,,,,,,,,,,,,58099,0.07479840517044067
,,,34,,,,,,,,,,,,,,,,,,,,,,,,,,,,,58109,0.017195310443639755
,,,34,,,,,,,,,,,,,,,,,,,,,,,,,,,,,58119,0.6256656646728516
,,,34,,,,,,,,,,,,,,,,,,,,,,,,,,,,,58129,0.007249062415212393
,,,34,,,,,,,,,,,,,,,,,,,,,,,,,,,,,58139,0.04726971685886383
,,,34,,,,,,,,,,,,,,,,,,,,,,,,,,,,,58149,0.0008000354282557964
,,,34,,,,,,,,,,,,,,,,,,,,,,,,,,,,,58159,1.1258679628372192
,,,34,,,,,,,,,,,,,,,,,,,,,,,,,,,,,58169,0.05797106772661209
0.8319709300994873,0.784246563911438,0.8858800530433655,34,,,,,,,,,,,,,,,,,,,,,,,,,,,,,58169,
,,,,1.4220022657764295e-07,7.966120322265632e-07,1.225556972656251e-06,1.225556972656251e-06,1.8854722656250013e-06,1.8854722656250013e-06,2.900726562500002e-06,2.900726562500002e-06,4.4626562500000025e-06,4.4626562500000025e-06,6.865625000000004e-06,1.4220022657764295e-07,6.865625000000004e-06,1.0562500000000006e-05,1.0562500000000006e-05,1.625000000000001e-05,1.625000000000001e-05,2.500000000000001e-05,2.500000000000001e-05,2.500000000000001e-05,2.500000000000001e-05,2.187695793502199e-07,2.187695793502199e-07,3.3656858361572296e-07,3.3656858361572296e-07,5.17797820947266e-07,5.17797820947266e-07,7.966120322265632e-07,58170,
,,,35,,,,,,,,,,,,,,,,,,,,,,,,,,,,,58179,0.03809976950287819
,,,35,,,,,,,,,,,,,,,,,,,,,,,,,,,,,58189,0.09721296280622482
,,,35,,,,,,,,,,,,,,,,,,,,,,,,,,,,,58199,0.0037766185123473406
,,,35,,,,,,,,,,,,,,,,,,,,,,,,,,,,,58209,0.002767580561339855
,,,35,,,,,,,,,,,,,,,,,,,,,,,,,,,,,58219,0.0033527975901961327
,,,35,,,,,,,,,,,,,,,,,,,,,,,,,,,,,58229,0.12830553948879242
,,,35,,,,,,,,,,,,,,,,,,,,,,,,,,,,,58239,0.14441131055355072
,,,35,,,,,,,,,,,,,,,,,,,,,,,,,,,,,58249,0.00392855703830719
,,,35,,,,,,,,,,,,,,,,,,,,,,,,,,,,,58259,0.015039600431919098
,,,35,,,,,,,,,,,,,,,,,,,,,,,,,,,,,58269,0.008355099707841873
,,,35,,,,,,,,,,,,,,,,,,,,,,,,,,,,,58279,0.33477267622947693
,,,35,,,,,,,,,,,,,,,,,,,,,,,,,,,,,58289,0.007286590989679098
,,,35,,,,,,,,,,,,,,,,,,,,,,,,,,,,,58299,0.03010205551981926
,,,35,,,,,,,,,,,,,,,,,,,,,,,,,,,,,58309,0.26715967059135437
,,,35,,,,,,,,,,,,,,,,,,,,,,,,,,,,,58319,0.038334812968969345
,,,35,,,,,,,,,,,,,,,,,,,,,,,,,,,,,58329,0.163080632686615
,,,35,,,,,,,,,,,,,,,,,,,,,,,,,,,,,58339,0.0039696418680250645
,,,35,,,,,,,,,,,,,,,,,,,,,,,,,,,,,58349,0.00522377947345376
,,,35,,,,,,,,,,,,,,,,,,,,,,,,,,,,,58359,0.001413226593285799
,,,35,,,,,,,,,,,,,,,,,,,,,,,,,,,,,58369,0.003783509600907564
,,,35,,,,,,,,,,,,,,,,,,,,,,,,,,,,,58379,0.18030567467212677
,,,35,,,,,,,,,,,,,,,,,,,,,,,,,,,,,58389,0.643069863319397
,,,35,,,,,,,,,,,,,,,,,,,,,,,,,,,,,58399,0.5274311900138855
,,,35,,,,,,,,,,,,,,,,,,,,,,,,,,,,,58409,0.06760372221469879
,,,35,,,,,,,,,,,,,,,,,,,,,,,,,,,,,58419,0.20598037540912628
,,,35,,,,,,,,,,,,,,,,,,,,,,,,,,,,,58429,0.137876495718956
,,,35,,,,,,,,,,,,,,,,,,,,,,,,,,,,,58439,0.013036012649536133
,,,35,,,,,,,,,,,,,,,,,,,,,,,,,,,,,58449,0.002464137738570571
,,,35,,,,,,,,,,,,,,,,,,,,,,,,,,,,,58459,0.0029486934654414654
,,,35,,,,,,,,,,,,,,,,,,,,,,,,,,,,,58469,0.009637724608182907
,,,35,,,,,,,,,,,,,,,,,,,,,,,,,,,,,58479,0.23899732530117035
,,,35,,,,,,,,,,,,,,,,,,,,,,,,,,,,,58489,0.011665558442473412
,,,35,,,,,,,,,,,,,,,,,,,,,,,,,,,,,58499,0.2943211793899536
,,,35,,,,,,,,,,,,,,,,,,,,,,,,,,,,,58509,0.1262153536081314
,,,35,,,,,,,,,,,,,,,,,,,,,,,,,,,,,58519,0.14090946316719055
,,,35,,,,,,,,,,,,,,,,,,,,,,,,,,,,,58529,0.0050743515603244305
,,,35,,,,,,,,,,,,,,,,,,,,,,,,,,,,,58539,0.01005247887223959
,,,35,,,,,,,,,,,,,,,,,,,,,,,,,,,,,58549,0.012051613070070744
,,,35,,,,,,,,,,,,,,,,,,,,,,,,,,,,,58559,0.03851521015167236
,,,35,,,,,,,,,,,,,,,,,,,,,,,,,,,,,58569,0.10852467268705368
,,,35,,,,,,,,,,,,,,,,,,,,,,,,,,,,,58579,0.4087132215499878
,,,35,,,,,,,,,,,,,,,,,,,,,,,,,,,,,58589,0.0035351167898625135
,,,35,,,,,,,,,,,,,,,,,,,,,,,,,,,,,58599,0.0066014365293085575
,,,35,,,,,,,,,,,,,,,,,,,,,,,,,,,,,58609,0.006536364555358887
,,,35,,,,,,,,,,,,,,,,,,,,,,,,,,,,,58619,0.01372172124683857
,,,35,,,,,,,,,,,,,,,,,,,,,,,,,,,,,58629,0.16036982834339142
,,,35,,,,,,,,,,,,,,,,,,,,,,,,,,,,,58639,0.03894714266061783
,,,35,,,,,,,,,,,,,,,,,,,,,,,,,,,,,58649,0.018593652173876762
,,,35,,,,,,,,,,,,,,,,,,,,,,,,,,,,,58659,0.11592485755681992
,,,35,,,,,,,,,,,,,,,,,,,,,,,,,,,,,58669,0.004219287075102329
,,,35,,,,,,,,,,,,,,,,,,,,,,,,,,,,,58679,0.00288451393134892
,,,35,,,,,,,,,,,,,,,,,,,,,,,,,,,,,58689,0.006427535321563482
,,,35,,,,,,,,,,,,,,,,,,,,,,,,,,,,,58699,0.14183010160923004
,,,35,,,,,,,,,,,,,,,,,,,,,,,,,,,,,58709,0.0015039065619930625
,,,35,,,,,,,,,,,,,,,,,,,,,,,,,,,,,58719,0.0034349081106483936
,,,35,,,,,,,,,,,,,,,,,,,,,,,,,,,,,58729,0.04705902561545372
,,,35,,,,,,,,,,,,,,,,,,,,,,,,,,,,,58739,0.02077677473425865
,,,35,,,,,,,,,,,,,,,,,,,,,,,,,,,,,58749,0.6752340793609619
,,,35,,,,,,,,,,,,,,,,,,,,,,,,,,,,,58759,0.018181588500738144
,,,35,,,,,,,,,,,,,,,,,,,,,,,,,,,,,58769,0.1623704582452774
,,,35,,,,,,,,,,,,,,,,,,,,,,,,,,,,,58779,0.7034035921096802
,,,35,,,,,,,,,,,,,,,,,,,,,,,,,,,,,58789,0.009026535786688328
,,,35,,,,,,,,,,,,,,,,,,,,,,,,,,,,,58799,0.5144610404968262
,,,35,,,,,,,,,,,,,,,,,,,,,,,,,,,,,58809,0.06944985687732697
,,,35,,,,,,,,,,,,,,,,,,,,,,,,,,,,,58819,0.08748684823513031
,,,35,,,,,,,,,,,,,,,,,,,,,,,,,,,,,58829,0.004450943786650896
,,,35,,,,,,,,,,,,,,,,,,,,,,,,,,,,,58839,0.08299926668405533
,,,35,,,,,,,,,,,,,,,,,,,,,,,,,,,,,58849,0.7167870402336121
,,,35,,,,,,,,,,,,,,,,,,,,,,,,,,,,,58859,0.34251850843429565
,,,35,,,,,,,,,,,,,,,,,,,,,,,,,,,,,58869,0.3156765103340149
,,,35,,,,,,,,,,,,,,,,,,,,,,,,,,,,,58879,0.0855313315987587
,,,35,,,,,,,,,,,,,,,,,,,,,,,,,,,,,58889,0.011431497521698475
,,,35,,,,,,,,,,,,,,,,,,,,,,,,,,,,,58899,0.008118095807731152
,,,35,,,,,,,,,,,,,,,,,,,,,,,,,,,,,58909,0.02097112312912941
,,,35,,,,,,,,,,,,,,,,,,,,,,,,,,,,,58919,0.1720796823501587
,,,35,,,,,,,,,,,,,,,,,,,,,,,,,,,,,58929,0.0008393411990255117
,,,35,,,,,,,,,,,,,,,,,,,,,,,,,,,,,58939,0.3097425401210785
,,,35,,,,,,,,,,,,,,,,,,,,,,,,,,,,,58949,0.0022248639725148678
,,,35,,,,,,,,,,,,,,,,,,,,,,,,,,,,,58959,0.6266147494316101
,,,35,,,,,,,,,,,,,,,,,,,,,,,,,,,,,58969,0.003244256367906928
,,,35,,,,,,,,,,,,,,,,,,,,,,,,,,,,,58979,0.048672620207071304
,,,35,,,,,,,,,,,,,,,,,,,,,,,,,,,,,58989,0.06317504495382309
,,,35,,,,,,,,,,,,,,,,,,,,,,,,,,,,,58999,0.012978018261492252
,,,35,,,,,,,,,,,,,,,,,,,,,,,,,,,,,59009,0.0021665142849087715
,,,35,,,,,,,,,,,,,,,,,,,,,,,,,,,,,59019,0.02147720940411091
,,,35,,,,,,,,,,,,,,,,,,,,,,,,,,,,,59029,0.0019195936620235443
,,,35,,,,,,,,,,,,,,,,,,,,,,,,,,,,,59039,0.0549226775765419
,,,35,,,,,,,,,,,,,,,,,,,,,,,,,,,,,59049,0.0027989293448626995
,,,35,,,,,,,,,,,,,,,,,,,,,,,,,,,,,59059,0.023548925295472145
,,,35,,,,,,,,,,,,,,,,,,,,,,,,,,,,,59069,0.00339418719522655
,,,35,,,,,,,,,,,,,,,,,,,,,,,,,,,,,59079,0.004771414678543806
,,,35,,,,,,,,,,,,,,,,,,,,,,,,,,,,,59089,0.03567857667803764
,,,35,,,,,,,,,,,,,,,,,,,,,,,,,,,,,59099,0.0018944030161947012
,,,35,,,,,,,,,,,,,,,,,,,,,,,,,,,,,59109,0.01027268823236227
,,,35,,,,,,,,,,,,,,,,,,,,,,,,,,,,,59119,0.24740804731845856
,,,35,,,,,,,,,,,,,,,,,,,,,,,,,,,,,59129,0.017147498205304146
,,,35,,,,,,,,,,,,,,,,,,,,,,,,,,,,,59139,0.0036772913299500942
,,,35,,,,,,,,,,,,,,,,,,,,,,,,,,,,,59149,0.1652783751487732
,,,35,,,,,,,,,,,,,,,,,,,,,,,,,,,,,59159,0.004016544204205275
,,,35,,,,,,,,,,,,,,,,,,,,,,,,,,,,,59169,0.005827227607369423
,,,35,,,,,,,,,,,,,,,,,,,,,,,,,,,,,59179,0.0014007005374878645
,,,35,,,,,,,,,,,,,,,,,,,,,,,,,,,,,59189,0.0032254739198833704
,,,35,,,,,,,,,,,,,,,,,,,,,,,,,,,,,59199,0.00752937700599432
,,,35,,,,,,,,,,,,,,,,,,,,,,,,,,,,,59209,0.004592907149344683
,,,35,,,,,,,,,,,,,,,,,,,,,,,,,,,,,59219,0.044514771550893784
,,,35,,,,,,,,,,,,,,,,,,,,,,,,,,,,,59229,2.6927735805511475
,,,35,,,,,,,,,,,,,,,,,,,,,,,,,,,,,59239,0.0014907341683283448
,,,35,,,,,,,,,,,,,,,,,,,,,,,,,,,,,59249,0.05592947453260422
,,,35,,,,,,,,,,,,,,,,,,,,,,,,,,,,,59259,0.001843211823143065
,,,35,,,,,,,,,,,,,,,,,,,,,,,,,,,,,59269,0.12835215032100677
,,,35,,,,,,,,,,,,,,,,,,,,,,,,,,,,,59279,0.0027230752166360617
,,,35,,,,,,,,,,,,,,,,,,,,,,,,,,,,,59289,0.10528356581926346
,,,35,,,,,,,,,,,,,,,,,,,,,,,,,,,,,59299,0.0027444532606750727
,,,35,,,,,,,,,,,,,,,,,,,,,,,,,,,,,59309,0.08175474405288696
,,,35,,,,,,,,,,,,,,,,,,,,,,,,,,,,,59319,0.010915376245975494
,,,35,,,,,,,,,,,,,,,,,,,,,,,,,,,,,59329,0.03031044453382492
,,,35,,,,,,,,,,,,,,,,,,,,,,,,,,,,,59339,0.01518929935991764
,,,35,,,,,,,,,,,,,,,,,,,,,,,,,,,,,59349,0.0023738439194858074
,,,35,,,,,,,,,,,,,,,,,,,,,,,,,,,,,59359,0.010556786321103573
,,,35,,,,,,,,,,,,,,,,,,,,,,,,,,,,,59369,0.0021522820461541414
,,,35,,,,,,,,,,,,,,,,,,,,,,,,,,,,,59379,0.011052637360990047
,,,35,,,,,,,,,,,,,,,,,,,,,,,,,,,,,59389,0.005107301287353039
,,,35,,,,,,,,,,,,,,,,,,,,,,,,,,,,,59399,0.1189742237329483
,,,35,,,,,,,,,,,,,,,,,,,,,,,,,,,,,59409,0.0034287231974303722
,,,35,,,,,,,,,,,,,,,,,,,,,,,,,,,,,59419,0.007187698967754841
,,,35,,,,,,,,,,,,,,,,,,,,,,,,,,,,,59429,0.014973762445151806
,,,35,,,,,,,,,,,,,,,,,,,,,,,,,,,,,59439,0.017173144966363907
,,,35,,,,,,,,,,,,,,,,,,,,,,,,,,,,,59449,0.014114215970039368
,,,35,,,,,,,,,,,,,,,,,,,,,,,,,,,,,59459,0.06811287254095078
,,,35,,,,,,,,,,,,,,,,,,,,,,,,,,,,,59469,0.009256859309971333
,,,35,,,,,,,,,,,,,,,,,,,,,,,,,,,,,59479,0.0014578449772670865
,,,35,,,,,,,,,,,,,,,,,,,,,,,,,,,,,59489,0.9120441675186157
,,,35,,,,,,,,,,,,,,,,,,,,,,,,,,,,,59499,0.0038227650802582502
,,,35,,,,,,,,,,,,,,,,,,,,,,,,,,,,,59509,0.012279132381081581
,,,35,,,,,,,,,,,,,,,,,,,,,,,,,,,,,59519,0.1202954426407814
,,,35,,,,,,,,,,,,,,,,,,,,,,,,,,,,,59529,0.2044568806886673
,,,35,,,,,,,,,,,,,,,,,,,,,,,,,,,,,59539,0.0026876465417444706
,,,35,,,,,,,,,,,,,,,,,,,,,,,,,,,,,59549,0.3608507812023163
,,,35,,,,,,,,,,,,,,,,,,,,,,,,,,,,,59559,0.06805877387523651
,,,35,,,,,,,,,,,,,,,,,,,,,,,,,,,,,59569,0.0200344230979681
,,,35,,,,,,,,,,,,,,,,,,,,,,,,,,,,,59579,0.14073243737220764
,,,35,,,,,,,,,,,,,,,,,,,,,,,,,,,,,59589,0.004868222400546074
,,,35,,,,,,,,,,,,,,,,,,,,,,,,,,,,,59599,0.004159472417086363
,,,35,,,,,,,,,,,,,,,,,,,,,,,,,,,,,59609,0.14350877702236176
,,,35,,,,,,,,,,,,,,,,,,,,,,,,,,,,,59619,0.0271424800157547
,,,35,,,,,,,,,,,,,,,,,,,,,,,,,,,,,59629,0.06159508600831032
,,,35,,,,,,,,,,,,,,,,,,,,,,,,,,,,,59639,0.11431664973497391
,,,35,,,,,,,,,,,,,,,,,,,,,,,,,,,,,59649,0.0017965460428968072
,,,35,,,,,,,,,,,,,,,,,,,,,,,,,,,,,59659,0.023032044991850853
,,,35,,,,,,,,,,,,,,,,,,,,,,,,,,,,,59669,0.004825691692531109
,,,35,,,,,,,,,,,,,,,,,,,,,,,,,,,,,59679,0.002944562816992402
,,,35,,,,,,,,,,,,,,,,,,,,,,,,,,,,,59689,0.0619678869843483
,,,35,,,,,,,,,,,,,,,,,,,,,,,,,,,,,59699,0.03874946013092995
,,,35,,,,,,,,,,,,,,,,,,,,,,,,,,,,,59709,0.004653711337596178
,,,35,,,,,,,,,,,,,,,,,,,,,,,,,,,,,59719,0.5094072818756104
,,,35,,,,,,,,,,,,,,,,,,,,,,,,,,,,,59729,0.36533692479133606
,,,35,,,,,,,,,,,,,,,,,,,,,,,,,,,,,59739,0.030898118391633034
,,,35,,,,,,,,,,,,,,,,,,,,,,,,,,,,,59749,0.030522653833031654
,,,35,,,,,,,,,,,,,,,,,,,,,,,,,,,,,59759,0.315701961517334
,,,35,,,,,,,,,,,,,,,,,,,,,,,,,,,,,59769,0.003531531896442175
,,,35,,,,,,,,,,,,,,,,,,,,,,,,,,,,,59779,0.26499122381210327
,,,35,,,,,,,,,,,,,,,,,,,,,,,,,,,,,59789,0.003136193845421076
,,,35,,,,,,,,,,,,,,,,,,,,,,,,,,,,,59799,0.015678199008107185
,,,35,,,,,,,,,,,,,,,,,,,,,,,,,,,,,59809,0.012566914781928062
,,,35,,,,,,,,,,,,,,,,,,,,,,,,,,,,,59819,0.17371994256973267
,,,35,,,,,,,,,,,,,,,,,,,,,,,,,,,,,59829,0.0021404260769486427
,,,,1.2536573800698544e-07,7.023044739721183e-07,1.0804684214955663e-06,1.0804684214955663e-06,1.6622591099931791e-06,1.6622591099931791e-06,2.557321707681814e-06,2.557321707681814e-06,3.934341088741252e-06,3.934341088741252e-06,6.05283244421731e-06,1.2536573800698544e-07,6.05283244421731e-06,9.312049914180477e-06,9.312049914180477e-06,1.4326230637200735e-05,1.4326230637200735e-05,2.2040354826462668e-05,2.2040354826462668e-05,2.2040354826462668e-05,2.2040354826462668e-05,1.9287036616459296e-07,1.9287036616459296e-07,2.9672364025321997e-07,2.9672364025321997e-07,4.564979080818769e-07,4.564979080818769e-07,7.023044739721183e-07,59832,
,,,36,,,,,,,,,,,,,,,,,,,,,,,,,,,,,59839,0.09019450843334198
,,,36,,,,,,,,,,,,,,,,,,,,,,,,,,,,,59849,0.007414680905640125
,,,36,,,,,,,,,,,,,,,,,,,,,,,,,,,,,59859,0.5770928263664246
,,,36,,,,,,,,,,,,,,,,,,,,,,,,,,,,,59869,0.03893164172768593
,,,36,,,,,,,,,,,,,,,,,,,,,,,,,,,,,59879,0.08452421426773071
,,,36,,,,,,,,,,,,,,,,,,,,,,,,,,,,,59889,0.005102875642478466
,,,36,,,,,,,,,,,,,,,,,,,,,,,,,,,,,59899,0.002294030971825123
,,,36,,,,,,,,,,,,,,,,,,,,,,,,,,,,,59909,0.10131734609603882
,,,36,,,,,,,,,,,,,,,,,,,,,,,,,,,,,59919,0.02776017226278782
,,,36,,,,,,,,,,,,,,,,,,,,,,,,,,,,,59929,0.08986225724220276
,,,36,,,,,,,,,,,,,,,,,,,,,,,,,,,,,59939,0.02560599334537983
,,,36,,,,,,,,,,,,,,,,,,,,,,,,,,,,,59949,0.035049665719270706
,,,36,,,,,,,,,,,,,,,,,,,,,,,,,,,,,59959,0.2930488884449005
,,,36,,,,,,,,,,,,,,,,,,,,,,,,,,,,,59969,0.0017110606422647834
,,,36,,,,,,,,,,,,,,,,,,,,,,,,,,,,,59979,0.017525091767311096
,,,36,,,,,,,,,,,,,,,,,,,,,,,,,,,,,59989,0.41226211190223694
,,,36,,,,,,,,,,,,,,,,,,,,,,,,,,,,,59999,0.8064514398574829
,,,36,,,,,,,,,,,,,,,,,,,,,,,,,,,,,60009,0.0033970167860388756
,,,36,,,,,,,,,,,,,,,,,,,,,,,,,,,,,60019,0.0036334223113954067
,,,36,,,,,,,,,,,,,,,,,,,,,,,,,,,,,60029,0.05871112644672394
,,,36,,,,,,,,,,,,,,,,,,,,,,,,,,,,,60039,0.4967641830444336
,,,36,,,,,,,,,,,,,,,,,,,,,,,,,,,,,60049,0.014891086146235466
,,,36,,,,,,,,,,,,,,,,,,,,,,,,,,,,,60059,0.00886978954076767
,,,36,,,,,,,,,,,,,,,,,,,,,,,,,,,,,60069,0.014615480788052082
,,,36,,,,,,,,,,,,,,,,,,,,,,,,,,,,,60079,0.32167866826057434
,,,36,,,,,,,,,,,,,,,,,,,,,,,,,,,,,60089,0.02015751041471958
,,,36,,,,,,,,,,,,,,,,,,,,,,,,,,,,,60099,0.010476584546267986
,,,36,,,,,,,,,,,,,,,,,,,,,,,,,,,,,60109,0.008162465877830982
,,,36,,,,,,,,,,,,,,,,,,,,,,,,,,,,,60119,0.005466284230351448
,,,36,,,,,,,,,,,,,,,,,,,,,,,,,,,,,60129,0.062424834817647934
,,,36,,,,,,,,,,,,,,,,,,,,,,,,,,,,,60139,0.012164322659373283
,,,36,,,,,,,,,,,,,,,,,,,,,,,,,,,,,60149,0.003066357923671603
,,,36,,,,,,,,,,,,,,,,,,,,,,,,,,,,,60159,0.0065378532744944096
,,,36,,,,,,,,,,,,,,,,,,,,,,,,,,,,,60169,0.19282279908657074
,,,36,,,,,,,,,,,,,,,,,,,,,,,,,,,,,60179,0.0023417677730321884
,,,36,,,,,,,,,,,,,,,,,,,,,,,,,,,,,60189,0.03167468681931496
,,,36,,,,,,,,,,,,,,,,,,,,,,,,,,,,,60199,0.007861251011490822
,,,36,,,,,,,,,,,,,,,,,,,,,,,,,,,,,60209,0.0542009100317955
,,,36,,,,,,,,,,,,,,,,,,,,,,,,,,,,,60219,0.0016532461158931255
,,,36,,,,,,,,,,,,,,,,,,,,,,,,,,,,,60229,0.0056555792689323425
,,,36,,,,,,,,,,,,,,,,,,,,,,,,,,,,,60239,0.0031618380453437567
,,,36,,,,,,,,,,,,,,,,,,,,,,,,,,,,,60249,0.303186297416687
,,,36,,,,,,,,,,,,,,,,,,,,,,,,,,,,,60259,0.3615250587463379
,,,36,,,,,,,,,,,,,,,,,,,,,,,,,,,,,60269,0.0035418712068349123
,,,36,,,,,,,,,,,,,,,,,,,,,,,,,,,,,60279,0.6207940578460693
,,,36,,,,,,,,,,,,,,,,,,,,,,,,,,,,,60289,0.0016641846159473062
,,,36,,,,,,,,,,,,,,,,,,,,,,,,,,,,,60299,0.030296511948108673
,,,36,,,,,,,,,,,,,,,,,,,,,,,,,,,,,60309,0.004026453476399183
,,,36,,,,,,,,,,,,,,,,,,,,,,,,,,,,,60319,0.04711508750915527
,,,36,,,,,,,,,,,,,,,,,,,,,,,,,,,,,60329,0.22974303364753723
,,,36,,,,,,,,,,,,,,,,,,,,,,,,,,,,,60339,0.10947111994028091
,,,36,,,,,,,,,,,,,,,,,,,,,,,,,,,,,60349,0.06776485592126846
,,,36,,,,,,,,,,,,,,,,,,,,,,,,,,,,,60359,0.25449225306510925
,,,36,,,,,,,,,,,,,,,,,,,,,,,,,,,,,60369,0.20684796571731567
,,,36,,,,,,,,,,,,,,,,,,,,,,,,,,,,,60379,0.004541277419775724
,,,36,,,,,,,,,,,,,,,,,,,,,,,,,,,,,60389,0.3970148265361786
,,,36,,,,,,,,,,,,,,,,,,,,,,,,,,,,,60399,0.017523281276226044
,,,36,,,,,,,,,,,,,,,,,,,,,,,,,,,,,60409,0.001318288967013359
,,,36,,,,,,,,,,,,,,,,,,,,,,,,,,,,,60419,0.007097803521901369
,,,36,,,,,,,,,,,,,,,,,,,,,,,,,,,,,60429,1.0427837371826172
,,,36,,,,,,,,,,,,,,,,,,,,,,,,,,,,,60439,0.016434721648693085
,,,36,,,,,,,,,,,,,,,,,,,,,,,,,,,,,60449,0.008957753889262676
,,,36,,,,,,,,,,,,,,,,,,,,,,,,,,,,,60459,0.0253140889108181
,,,36,,,,,,,,,,,,,,,,,,,,,,,,,,,,,60469,0.003281804732978344
,,,36,,,,,,,,,,,,,,,,,,,,,,,,,,,,,60479,0.0019109018612653017
,,,36,,,,,,,,,,,,,,,,,,,,,,,,,,,,,60489,0.026097850874066353
,,,36,,,,,,,,,,,,,,,,,,,,,,,,,,,,,60499,0.012401501648128033
,,,36,,,,,,,,,,,,,,,,,,,,,,,,,,,,,60509,0.009066746570169926
,,,36,,,,,,,,,,,,,,,,,,,,,,,,,,,,,60519,0.08001650869846344
,,,36,,,,,,,,,,,,,,,,,,,,,,,,,,,,,60529,0.11624276638031006
,,,36,,,,,,,,,,,,,,,,,,,,,,,,,,,,,60539,0.0021988535299897194
,,,36,,,,,,,,,,,,,,,,,,,,,,,,,,,,,60549,0.1054801493883133
,,,36,,,,,,,,,,,,,,,,,,,,,,,,,,,,,60559,0.016786493360996246
,,,36,,,,,,,,,,,,,,,,,,,,,,,,,,,,,60569,0.035922665148973465
,,,36,,,,,,,,,,,,,,,,,,,,,,,,,,,,,60579,0.07157603651285172
,,,36,,,,,,,,,,,,,,,,,,,,,,,,,,,,,60589,0.007796929683536291
,,,36,,,,,,,,,,,,,,,,,,,,,,,,,,,,,60599,0.04531300440430641
,,,36,,,,,,,,,,,,,,,,,,,,,,,,,,,,,60609,0.028380881994962692
,,,36,,,,,,,,,,,,,,,,,,,,,,,,,,,,,60619,0.36209988594055176
,,,36,,,,,,,,,,,,,,,,,,,,,,,,,,,,,60629,0.0816410556435585
,,,36,,,,,,,,,,,,,,,,,,,,,,,,,,,,,60639,0.008901756256818771
,,,36,,,,,,,,,,,,,,,,,,,,,,,,,,,,,60649,0.0019930361304432154
,,,36,,,,,,,,,,,,,,,,,,,,,,,,,,,,,60659,0.009662176482379436
,,,36,,,,,,,,,,,,,,,,,,,,,,,,,,,,,60669,0.005039897747337818
,,,36,,,,,,,,,,,,,,,,,,,,,,,,,,,,,60679,0.00543904909864068
,,,36,,,,,,,,,,,,,,,,,,,,,,,,,,,,,60689,0.5901978611946106
,,,36,,,,,,,,,,,,,,,,,,,,,,,,,,,,,60699,0.022222021594643593
,,,36,,,,,,,,,,,,,,,,,,,,,,,,,,,,,60709,0.022505205124616623
,,,36,,,,,,,,,,,,,,,,,,,,,,,,,,,,,60719,0.05917517840862274
,,,36,,,,,,,,,,,,,,,,,,,,,,,,,,,,,60729,0.007568684872239828
,,,36,,,,,,,,,,,,,,,,,,,,,,,,,,,,,60739,0.000390713510569185
,,,36,,,,,,,,,,,,,,,,,,,,,,,,,,,,,60749,0.04913368821144104
,,,36,,,,,,,,,,,,,,,,,,,,,,,,,,,,,60759,0.0034334189258515835
,,,36,,,,,,,,,,,,,,,,,,,,,,,,,,,,,60769,0.060692641884088516
,,,36,,,,,,,,,,,,,,,,,,,,,,,,,,,,,60779,0.020069768652319908
,,,36,,,,,,,,,,,,,,,,,,,,,,,,,,,,,60789,0.12922200560569763
,,,36,,,,,,,,,,,,,,,,,,,,,,,,,,,,,60799,0.019292477518320084
,,,36,,,,,,,,,,,,,,,,,,,,,,,,,,,,,60809,0.03512956202030182
,,,36,,,,,,,,,,,,,,,,,,,,,,,,,,,,,60819,0.3261041045188904
,,,36,,,,,,,,,,,,,,,,,,,,,,,,,,,,,60829,0.009660273790359497
,,,36,,,,,,,,,,,,,,,,,,,,,,,,,,,,,60839,0.009342280216515064
,,,36,,,,,,,,,,,,,,,,,,,,,,,,,,,,,60849,0.0019537212792783976
,,,36,,,,,,,,,,,,,,,,,,,,,,,,,,,,,60859,0.003842352656647563
,,,36,,,,,,,,,,,,,,,,,,,,,,,,,,,,,60869,0.46801409125328064
,,,36,,,,,,,,,,,,,,,,,,,,,,,,,,,,,60879,0.07557111978530884
,,,36,,,,,,,,,,,,,,,,,,,,,,,,,,,,,60889,0.007132451981306076
,,,36,,,,,,,,,,,,,,,,,,,,,,,,,,,,,60899,0.008096348494291306
,,,36,,,,,,,,,,,,,,,,,,,,,,,,,,,,,60909,0.035354577004909515
,,,36,,,,,,,,,,,,,,,,,,,,,,,,,,,,,60919,0.07405558973550797
,,,36,,,,,,,,,,,,,,,,,,,,,,,,,,,,,60929,0.009425600059330463
,,,36,,,,,,,,,,,,,,,,,,,,,,,,,,,,,60939,0.06035343185067177
,,,36,,,,,,,,,,,,,,,,,,,,,,,,,,,,,60949,0.0017446676502004266
,,,36,,,,,,,,,,,,,,,,,,,,,,,,,,,,,60959,0.013886325061321259
,,,36,,,,,,,,,,,,,,,,,,,,,,,,,,,,,60969,0.07511302083730698
,,,36,,,,,,,,,,,,,,,,,,,,,,,,,,,,,60979,0.046730294823646545
,,,36,,,,,,,,,,,,,,,,,,,,,,,,,,,,,60989,0.03951161354780197
,,,36,,,,,,,,,,,,,,,,,,,,,,,,,,,,,60999,0.8958321809768677
,,,36,,,,,,,,,,,,,,,,,,,,,,,,,,,,,61009,0.06357941776514053
,,,36,,,,,,,,,,,,,,,,,,,,,,,,,,,,,61019,0.03935714811086655
,,,36,,,,,,,,,,,,,,,,,,,,,,,,,,,,,61029,0.03497972711920738
,,,36,,,,,,,,,,,,,,,,,,,,,,,,,,,,,61039,0.1247389018535614
,,,36,,,,,,,,,,,,,,,,,,,,,,,,,,,,,61049,1.0490971803665161
,,,36,,,,,,,,,,,,,,,,,,,,,,,,,,,,,61059,0.015771113336086273
,,,36,,,,,,,,,,,,,,,,,,,,,,,,,,,,,61069,0.003733694786205888
,,,36,,,,,,,,,,,,,,,,,,,,,,,,,,,,,61079,0.022708870470523834
,,,36,,,,,,,,,,,,,,,,,,,,,,,,,,,,,61089,0.2091360092163086
,,,36,,,,,,,,,,,,,,,,,,,,,,,,,,,,,61099,0.2754104733467102
,,,36,,,,,,,,,,,,,,,,,,,,,,,,,,,,,61109,0.017801254987716675
,,,36,,,,,,,,,,,,,,,,,,,,,,,,,,,,,61119,1.076402187347412
,,,36,,,,,,,,,,,,,,,,,,,,,,,,,,,,,61129,0.007439678534865379
,,,36,,,,,,,,,,,,,,,,,,,,,,,,,,,,,61139,0.1739700734615326
,,,36,,,,,,,,,,,,,,,,,,,,,,,,,,,,,61149,0.33190903067588806
,,,36,,,,,,,,,,,,,,,,,,,,,,,,,,,,,61159,0.7676167488098145
,,,36,,,,,,,,,,,,,,,,,,,,,,,,,,,,,61169,0.004235608037561178
,,,36,,,,,,,,,,,,,,,,,,,,,,,,,,,,,61179,0.005455204285681248
,,,36,,,,,,,,,,,,,,,,,,,,,,,,,,,,,61189,0.004127947613596916
,,,36,,,,,,,,,,,,,,,,,,,,,,,,,,,,,61199,0.9051949977874756
,,,36,,,,,,,,,,,,,,,,,,,,,,,,,,,,,61209,0.002902815816923976
,,,36,,,,,,,,,,,,,,,,,,,,,,,,,,,,,61219,0.0039938390254974365
,,,36,,,,,,,,,,,,,,,,,,,,,,,,,,,,,61229,0.0027728178538382053
,,,36,,,,,,,,,,,,,,,,,,,,,,,,,,,,,61239,0.03959516063332558
,,,36,,,,,,,,,,,,,,,,,,,,,,,,,,,,,61249,0.0016603086842224002
,,,36,,,,,,,,,,,,,,,,,,,,,,,,,,,,,61259,0.005103681236505508
,,,36,,,,,,,,,,,,,,,,,,,,,,,,,,,,,61269,0.0035026546102017164
,,,36,,,,,,,,,,,,,,,,,,,,,,,,,,,,,61279,0.29062214493751526
,,,36,,,,,,,,,,,,,,,,,,,,,,,,,,,,,61289,0.0024942003656178713
,,,36,,,,,,,,,,,,,,,,,,,,,,,,,,,,,61299,0.017247723415493965
,,,36,,,,,,,,,,,,,,,,,,,,,,,,,,,,,61309,0.2484758198261261
,,,36,,,,,,,,,,,,,,,,,,,,,,,,,,,,,61319,0.003123918315395713
,,,36,,,,,,,,,,,,,,,,,,,,,,,,,,,,,61329,0.4413640797138214
,,,36,,,,,,,,,,,,,,,,,,,,,,,,,,,,,61339,0.01877209171652794
,,,36,,,,,,,,,,,,,,,,,,,,,,,,,,,,,61349,0.005708430893719196
,,,36,,,,,,,,,,,,,,,,,,,,,,,,,,,,,61359,0.008444193750619888
,,,36,,,,,,,,,,,,,,,,,,,,,,,,,,,,,61369,0.06571885198354721
,,,36,,,,,,,,,,,,,,,,,,,,,,,,,,,,,61379,0.0031617097556591034
,,,36,,,,,,,,,,,,,,,,,,,,,,,,,,,,,61389,0.03985381871461868
,,,36,,,,,,,,,,,,,,,,,,,,,,,,,,,,,61399,0.005981510039418936
,,,36,,,,,,,,,,,,,,,,,,,,,,,,,,,,,61409,0.009716088883578777
,,,36,,,,,,,,,,,,,,,,,,,,,,,,,,,,,61419,0.004085187800228596
,,,36,,,,,,,,,,,,,,,,,,,,,,,,,,,,,61429,0.003107750788331032
,,,36,,,,,,,,,,,,,,,,,,,,,,,,,,,,,61439,0.23620882630348206
,,,36,,,,,,,,,,,,,,,,,,,,,,,,,,,,,61449,0.028836984187364578
,,,36,,,,,,,,,,,,,,,,,,,,,,,,,,,,,61459,0.0019650158938020468
,,,36,,,,,,,,,,,,,,,,,,,,,,,,,,,,,61469,0.05596329644322395
,,,36,,,,,,,,,,,,,,,,,,,,,,,,,,,,,61479,0.027580564841628075
,,,36,,,,,,,,,,,,,,,,,,,,,,,,,,,,,61489,0.015713782981038094
,,,,1.0930605058241677e-07,6.123373864075726e-07,9.420575175501116e-07,9.420575175501116e-07,1.4493192577694025e-06,1.4493192577694025e-06,2.22972193502985e-06,2.22972193502985e-06,3.430341438507461e-06,3.430341438507461e-06,5.277448366934555e-06,1.0930605058241677e-07,5.277448366934555e-06,8.11915133374547e-06,8.11915133374547e-06,1.2491002051916106e-05,1.2491002051916106e-05,1.9216926233717085e-05,1.9216926233717085e-05,1.9216926233717085e-05,1.9216926233717085e-05,1.681631547421796e-07,1.681631547421796e-07,2.587125457571994e-07,2.587125457571994e-07,3.980193011649222e-07,3.980193011649222e-07,6.123373864075726e-07,61494,
,,,37,,,,,,,,,,,,,,,,,,,,,,,,,,,,,61499,0.022001005709171295
,,,37,,,,,,,,,,,,,,,,,,,,,,,,,,,,,61509,0.20475947856903076
,,,37,,,,,,,,,,,,,,,,,,,,,,,,,,,,,61519,0.02028677985072136
,,,37,,,,,,,,,,,,,,,,,,,,,,,,,,,,,61529,0.013275347650051117
,,,37,,,,,,,,,,,,,,,,,,,,,,,,,,,,,61539,0.5188530683517456
,,,37,,,,,,,,,,,,,,,,,,,,,,,,,,,,,61549,0.06880510598421097
,,,37,,,,,,,,,,,,,,,,,,,,,,,,,,,,,61559,0.20313549041748047
,,,37,,,,,,,,,,,,,,,,,,,,,,,,,,,,,61569,0.002583777066320181
,,,37,,,,,,,,,,,,,,,,,,,,,,,,,,,,,61579,0.003924960736185312
,,,37,,,,,,,,,,,,,,,,,,,,,,,,,,,,,61589,0.475876122713089
,,,37,,,,,,,,,,,,,,,,,,,,,,,,,,,,,61599,0.07358897477388382
,,,37,,,,,,,,,,,,,,,,,,,,,,,,,,,,,61609,0.30965808033943176
,,,37,,,,,,,,,,,,,,,,,,,,,,,,,,,,,61619,0.02536901831626892
,,,37,,,,,,,,,,,,,,,,,,,,,,,,,,,,,61629,0.2405647486448288
,,,37,,,,,,,,,,,,,,,,,,,,,,,,,,,,,61639,0.3439185917377472
,,,37,,,,,,,,,,,,,,,,,,,,,,,,,,,,,61649,0.004295308142900467
,,,37,,,,,,,,,,,,,,,,,,,,,,,,,,,,,61659,0.09430581331253052
,,,37,,,,,,,,,,,,,,,,,,,,,,,,,,,,,61669,0.05231340974569321
,,,37,,,,,,,,,,,,,,,,,,,,,,,,,,,,,61679,0.010555245913565159
,,,37,,,,,,,,,,,,,,,,,,,,,,,,,,,,,61689,0.0008947106543928385
,,,37,,,,,,,,,,,,,,,,,,,,,,,,,,,,,61699,0.09262613952159882
,,,37,,,,,,,,,,,,,,,,,,,,,,,,,,,,,61709,0.008513716980814934
,,,37,,,,,,,,,,,,,,,,,,,,,,,,,,,,,61719,0.0021031370852142572
,,,37,,,,,,,,,,,,,,,,,,,,,,,,,,,,,61729,0.28065353631973267
,,,37,,,,,,,,,,,,,,,,,,,,,,,,,,,,,61739,0.0023653514217585325
,,,37,,,,,,,,,,,,,,,,,,,,,,,,,,,,,61749,0.009022652171552181
,,,37,,,,,,,,,,,,,,,,,,,,,,,,,,,,,61759,0.04659401252865791
,,,37,,,,,,,,,,,,,,,,,,,,,,,,,,,,,61769,0.013357572257518768
,,,37,,,,,,,,,,,,,,,,,,,,,,,,,,,,,61779,0.05112367868423462
,,,37,,,,,,,,,,,,,,,,,,,,,,,,,,,,,61789,0.2335582822561264
,,,37,,,,,,,,,,,,,,,,,,,,,,,,,,,,,61799,0.007464634720236063
,,,37,,,,,,,,,,,,,,,,,,,,,,,,,,,,,61809,0.024135617539286613
,,,37,,,,,,,,,,,,,,,,,,,,,,,,,,,,,61819,0.04885835573077202
,,,37,,,,,,,,,,,,,,,,,,,,,,,,,,,,,61829,0.006092550698667765
,,,37,,,,,,,,,,,,,,,,,,,,,,,,,,,,,61839,1.9252463579177856
,,,37,,,,,,,,,,,,,,,,,,,,,,,,,,,,,61849,0.03508481755852699
,,,37,,,,,,,,,,,,,,,,,,,,,,,,,,,,,61859,0.02081872709095478
,,,37,,,,,,,,,,,,,,,,,,,,,,,,,,,,,61869,0.004211133811622858
,,,37,,,,,,,,,,,,,,,,,,,,,,,,,,,,,61879,0.0028030644170939922
,,,37,,,,,,,,,,,,,,,,,,,,,,,,,,,,,61889,0.002174017019569874
,,,37,,,,,,,,,,,,,,,,,,,,,,,,,,,,,61899,0.005608024541288614
,,,37,,,,,,,,,,,,,,,,,,,,,,,,,,,,,61909,0.2748797833919525
,,,37,,,,,,,,,,,,,,,,,,,,,,,,,,,,,61919,0.017578035593032837
,,,37,,,,,,,,,,,,,,,,,,,,,,,,,,,,,61929,0.004567336291074753
,,,37,,,,,,,,,,,,,,,,,,,,,,,,,,,,,61939,0.24810315668582916
,,,37,,,,,,,,,,,,,,,,,,,,,,,,,,,,,61949,0.006684723310172558
,,,37,,,,,,,,,,,,,,,,,,,,,,,,,,,,,61959,0.2676645815372467
,,,37,,,,,,,,,,,,,,,,,,,,,,,,,,,,,61969,0.004515314474701881
,,,37,,,,,,,,,,,,,,,,,,,,,,,,,,,,,61979,0.06442849338054657
,,,37,,,,,,,,,,,,,,,,,,,,,,,,,,,,,61989,0.17199935019016266
,,,37,,,,,,,,,,,,,,,,,,,,,,,,,,,,,61999,0.10139419883489609
,,,37,,,,,,,,,,,,,,,,,,,,,,,,,,,,,62009,0.023622563108801842
,,,37,,,,,,,,,,,,,,,,,,,,,,,,,,,,,62019,0.0032879195641726255
,,,37,,,,,,,,,,,,,,,,,,,,,,,,,,,,,62029,0.010374180041253567
,,,37,,,,,,,,,,,,,,,,,,,,,,,,,,,,,62039,0.027239445596933365
,,,37,,,,,,,,,,,,,,,,,,,,,,,,,,,,,62049,0.4850235879421234
,,,37,,,,,,,,,,,,,,,,,,,,,,,,,,,,,62059,0.003931059967726469
,,,37,,,,,,,,,,,,,,,,,,,,,,,,,,,,,62069,0.0028309267945587635
,,,37,,,,,,,,,,,,,,,,,,,,,,,,,,,,,62079,0.011632008478045464
,,,37,,,,,,,,,,,,,,,,,,,,,,,,,,,,,62089,0.13810047507286072
,,,37,,,,,,,,,,,,,,,,,,,,,,,,,,,,,62099,0.093788281083107
,,,37,,,,,,,,,,,,,,,,,,,,,,,,,,,,,62109,0.0021912790834903717
,,,37,,,,,,,,,,,,,,,,,,,,,,,,,,,,,62119,0.008169209584593773
,,,37,,,,,,,,,,,,,,,,,,,,,,,,,,,,,62129,0.0673714205622673
,,,37,,,,,,,,,,,,,,,,,,,,,,,,,,,,,62139,0.00739643070846796
,,,37,,,,,,,,,,,,,,,,,,,,,,,,,,,,,62149,0.07549489289522171
,,,37,,,,,,,,,,,,,,,,,,,,,,,,,,,,,62159,0.008829173631966114
,,,37,,,,,,,,,,,,,,,,,,,,,,,,,,,,,62169,0.09502018988132477
,,,37,,,,,,,,,,,,,,,,,,,,,,,,,,,,,62179,0.0023766886442899704
,,,37,,,,,,,,,,,,,,,,,,,,,,,,,,,,,62189,0.002052043564617634
,,,37,,,,,,,,,,,,,,,,,,,,,,,,,,,,,62199,0.0032807979732751846
,,,37,,,,,,,,,,,,,,,,,,,,,,,,,,,,,62209,0.06902360916137695
,,,37,,,,,,,,,,,,,,,,,,,,,,,,,,,,,62219,0.0021202119532972574
,,,37,,,,,,,,,,,,,,,,,,,,,,,,,,,,,62229,0.14473658800125122
,,,37,,,,,,,,,,,,,,,,,,,,,,,,,,,,,62239,0.02291605807840824
,,,37,,,,,,,,,,,,,,,,,,,,,,,,,,,,,62249,0.12706845998764038
,,,37,,,,,,,,,,,,,,,,,,,,,,,,,,,,,62259,0.001732336706481874
,,,37,,,,,,,,,,,,,,,,,,,,,,,,,,,,,62269,0.0020124875009059906
,,,37,,,,,,,,,,,,,,,,,,,,,,,,,,,,,62279,0.017318107187747955
,,,37,,,,,,,,,,,,,,,,,,,,,,,,,,,,,62289,0.10124087333679199
,,,37,,,,,,,,,,,,,,,,,,,,,,,,,,,,,62299,0.20367145538330078
,,,37,,,,,,,,,,,,,,,,,,,,,,,,,,,,,62309,0.01831093616783619
,,,37,,,,,,,,,,,,,,,,,,,,,,,,,,,,,62319,0.00423235259950161
,,,37,,,,,,,,,,,,,,,,,,,,,,,,,,,,,62329,0.013499313034117222
,,,37,,,,,,,,,,,,,,,,,,,,,,,,,,,,,62339,0.01780792698264122
,,,37,,,,,,,,,,,,,,,,,,,,,,,,,,,,,62349,0.08441034704446793
,,,37,,,,,,,,,,,,,,,,,,,,,,,,,,,,,62359,0.01623624935746193
,,,37,,,,,,,,,,,,,,,,,,,,,,,,,,,,,62369,0.0014002708485350013
,,,37,,,,,,,,,,,,,,,,,,,,,,,,,,,,,62379,0.0026058799121528864
,,,37,,,,,,,,,,,,,,,,,,,,,,,,,,,,,62389,0.0019437363371253014
,,,37,,,,,,,,,,,,,,,,,,,,,,,,,,,,,62399,0.018989145755767822
,,,37,,,,,,,,,,,,,,,,,,,,,,,,,,,,,62409,0.31922680139541626
,,,37,,,,,,,,,,,,,,,,,,,,,,,,,,,,,62419,0.028750916942954063
,,,37,,,,,,,,,,,,,,,,,,,,,,,,,,,,,62429,0.7462902665138245
,,,37,,,,,,,,,,,,,,,,,,,,,,,,,,,,,62439,0.0015947294887155294
,,,37,,,,,,,,,,,,,,,,,,,,,,,,,,,,,62449,0.47061029076576233
,,,37,,,,,,,,,,,,,,,,,,,,,,,,,,,,,62459,0.11491739004850388
,,,37,,,,,,,,,,,,,,,,,,,,,,,,,,,,,62469,0.012190472334623337
,,,37,,,,,,,,,,,,,,,,,,,,,,,,,,,,,62479,0.0032236515544354916
,,,37,,,,,,,,,,,,,,,,,,,,,,,,,,,,,62489,0.11203115433454514
,,,37,,,,,,,,,,,,,,,,,,,,,,,,,,,,,62499,0.3749374449253082
,,,37,,,,,,,,,,,,,,,,,,,,,,,,,,,,,62509,0.002977638738229871
,,,37,,,,,,,,,,,,,,,,,,,,,,,,,,,,,62519,0.005641256924718618
,,,37,,,,,,,,,,,,,,,,,,,,,,,,,,,,,62529,0.003326334757730365
,,,37,,,,,,,,,,,,,,,,,,,,,,,,,,,,,62539,0.04810906946659088
,,,37,,,,,,,,,,,,,,,,,,,,,,,,,,,,,62549,0.03195802494883537
,,,37,,,,,,,,,,,,,,,,,,,,,,,,,,,,,62559,0.004268975462764502
,,,37,,,,,,,,,,,,,,,,,,,,,,,,,,,,,62569,0.048469461500644684
,,,37,,,,,,,,,,,,,,,,,,,,,,,,,,,,,62579,0.011199967935681343
,,,37,,,,,,,,,,,,,,,,,,,,,,,,,,,,,62589,0.04496075585484505
,,,37,,,,,,,,,,,,,,,,,,,,,,,,,,,,,62599,0.09182367473840714
,,,37,,,,,,,,,,,,,,,,,,,,,,,,,,,,,62609,0.057173795998096466
,,,37,,,,,,,,,,,,,,,,,,,,,,,,,,,,,62619,0.11938447505235672
,,,37,,,,,,,,,,,,,,,,,,,,,,,,,,,,,62629,0.0021695683244615793
,,,37,,,,,,,,,,,,,,,,,,,,,,,,,,,,,62639,0.008484425023198128
,,,37,,,,,,,,,,,,,,,,,,,,,,,,,,,,,62649,0.009830955415964127
,,,37,,,,,,,,,,,,,,,,,,,,,,,,,,,,,62659,0.0025356437545269728
,,,37,,,,,,,,,,,,,,,,,,,,,,,,,,,,,62669,0.4614903926849365
,,,37,,,,,,,,,,,,,,,,,,,,,,,,,,,,,62679,0.02437516674399376
,,,37,,,,,,,,,,,,,,,,,,,,,,,,,,,,,62689,0.25310054421424866
,,,37,,,,,,,,,,,,,,,,,,,,,,,,,,,,,62699,0.0023478998336941004
,,,37,,,,,,,,,,,,,,,,,,,,,,,,,,,,,62709,0.04784037545323372
,,,37,,,,,,,,,,,,,,,,,,,,,,,,,,,,,62719,0.004766625817865133
,,,37,,,,,,,,,,,,,,,,,,,,,,,,,,,,,62729,1.5518672466278076
,,,37,,,,,,,,,,,,,,,,,,,,,,,,,,,,,62739,0.036410119384527206
,,,37,,,,,,,,,,,,,,,,,,,,,,,,,,,,,62749,1.5235215425491333
,,,37,,,,,,,,,,,,,,,,,,,,,,,,,,,,,62759,0.0015528718940913677
,,,37,,,,,,,,,,,,,,,,,,,,,,,,,,,,,62769,0.011921150609850883
,,,37,,,,,,,,,,,,,,,,,,,,,,,,,,,,,62779,0.17625153064727783
,,,37,,,,,,,,,,,,,,,,,,,,,,,,,,,,,62789,0.0039032825734466314
,,,37,,,,,,,,,,,,,,,,,,,,,,,,,,,,,62799,0.012006429024040699
,,,37,,,,,,,,,,,,,,,,,,,,,,,,,,,,,62809,0.058420322835445404
,,,37,,,,,,,,,,,,,,,,,,,,,,,,,,,,,62819,0.04240934178233147
,,,37,,,,,,,,,,,,,,,,,,,,,,,,,,,,,62829,0.0024802577681839466
,,,37,,,,,,,,,,,,,,,,,,,,,,,,,,,,,62839,0.10574774444103241
,,,37,,,,,,,,,,,,,,,,,,,,,,,,,,,,,62849,0.10092199593782425
,,,37,,,,,,,,,,,,,,,,,,,,,,,,,,,,,62859,0.037232063710689545
,,,37,,,,,,,,,,,,,,,,,,,,,,,,,,,,,62869,0.0024996523279696703
,,,37,,,,,,,,,,,,,,,,,,,,,,,,,,,,,62879,0.3069591522216797
,,,37,,,,,,,,,,,,,,,,,,,,,,,,,,,,,62889,0.00400020694360137
,,,37,,,,,,,,,,,,,,,,,,,,,,,,,,,,,62899,0.4282086193561554
,,,37,,,,,,,,,,,,,,,,,,,,,,,,,,,,,62909,0.03010544180870056
,,,37,,,,,,,,,,,,,,,,,,,,,,,,,,,,,62919,0.055863481014966965
,,,37,,,,,,,,,,,,,,,,,,,,,,,,,,,,,62929,0.0033762671519070864
,,,37,,,,,,,,,,,,,,,,,,,,,,,,,,,,,62939,0.0017674507107585669
,,,37,,,,,,,,,,,,,,,,,,,,,,,,,,,,,62949,0.3846229314804077
,,,37,,,,,,,,,,,,,,,,,,,,,,,,,,,,,62959,0.01749342679977417
,,,37,,,,,,,,,,,,,,,,,,,,,,,,,,,,,62969,0.03625290095806122
,,,37,,,,,,,,,,,,,,,,,,,,,,,,,,,,,62979,0.0018636425957083702
,,,37,,,,,,,,,,,,,,,,,,,,,,,,,,,,,62989,0.00660680839791894
,,,37,,,,,,,,,,,,,,,,,,,,,,,,,,,,,62999,0.00371752236969769
,,,37,,,,,,,,,,,,,,,,,,,,,,,,,,,,,63009,0.05037210136651993
,,,37,,,,,,,,,,,,,,,,,,,,,,,,,,,,,63019,0.0816943570971489
,,,37,,,,,,,,,,,,,,,,,,,,,,,,,,,,,63029,0.002251705154776573
,,,37,,,,,,,,,,,,,,,,,,,,,,,,,,,,,63039,0.00858509261161089
,,,37,,,,,,,,,,,,,,,,,,,,,,,,,,,,,63049,0.00539808813482523
,,,37,,,,,,,,,,,,,,,,,,,,,,,,,,,,,63059,0.008678489364683628
,,,37,,,,,,,,,,,,,,,,,,,,,,,,,,,,,63069,0.04556209221482277
,,,37,,,,,,,,,,,,,,,,,,,,,,,,,,,,,63079,0.003486751113086939
,,,37,,,,,,,,,,,,,,,,,,,,,,,,,,,,,63089,0.10177461802959442
,,,37,,,,,,,,,,,,,,,,,,,,,,,,,,,,,63099,0.18127311766147614
,,,37,,,,,,,,,,,,,,,,,,,,,,,,,,,,,63109,0.5697060823440552
,,,37,,,,,,,,,,,,,,,,,,,,,,,,,,,,,63119,0.009700685739517212
,,,37,,,,,,,,,,,,,,,,,,,,,,,,,,,,,63129,0.05090845376253128
,,,37,,,,,,,,,,,,,,,,,,,,,,,,,,,,,63139,0.21626505255699158
,,,37,,,,,,,,,,,,,,,,,,,,,,,,,,,,,63149,0.13530266284942627
,,,,9.409940548675545e-08,5.271490801400816e-07,8.109985848308946e-07,8.109985848308946e-07,1.2476901305090686e-06,1.2476901305090686e-06,1.9195232777062595e-06,1.9195232777062595e-06,2.9531127349327065e-06,2.9531127349327065e-06,4.543250361434933e-06,9.409940548675545e-08,4.543250361434933e-06,6.989615940669127e-06,6.989615940669127e-06,1.075325529333712e-05,1.075325529333712e-05,1.6543469682057106e-05,1.6543469682057106e-05,1.6543469682057106e-05,1.6543469682057106e-05,1.447683161334699e-07,1.447683161334699e-07,2.2272048635918447e-07,2.2272048635918447e-07,3.42646902091053e-07,3.42646902091053e-07,5.271490801400816e-07,63156,
,,,38,,,,,,,,,,,,,,,,,,,,,,,,,,,,,63159,0.0066152410581707954
,,,38,,,,,,,,,,,,,,,,,,,,,,,,,,,,,63169,0.23528704047203064
,,,38,,,,,,,,,,,,,,,,,,,,,,,,,,,,,63179,0.004903217311948538
,,,38,,,,,,,,,,,,,,,,,,,,,,,,,,,,,63189,0.18064047396183014
,,,38,,,,,,,,,,,,,,,,,,,,,,,,,,,,,63199,0.0023001329973340034
,,,38,,,,,,,,,,,,,,,,,,,,,,,,,,,,,63209,0.004388686269521713
,,,38,,,,,,,,,,,,,,,,,,,,,,,,,,,,,63219,0.008819017559289932
,,,38,,,,,,,,,,,,,,,,,,,,,,,,,,,,,63229,0.0011156653054058552
,,,38,,,,,,,,,,,,,,,,,,,,,,,,,,,,,63239,0.070168137550354
,,,38,,,,,,,,,,,,,,,,,,,,,,,,,,,,,63249,0.01739072985947132
,,,38,,,,,,,,,,,,,,,,,,,,,,,,,,,,,63259,0.06042860820889473
,,,38,,,,,,,,,,,,,,,,,,,,,,,,,,,,,63269,0.0008588167256675661
,,,38,,,,,,,,,,,,,,,,,,,,,,,,,,,,,63279,0.09697315841913223
,,,38,,,,,,,,,,,,,,,,,,,,,,,,,,,,,63289,0.020184949040412903
,,,38,,,,,,,,,,,,,,,,,,,,,,,,,,,,,63299,0.05468177795410156
,,,38,,,,,,,,,,,,,,,,,,,,,,,,,,,,,63309,0.0025972872972488403
,,,38,,,,,,,,,,,,,,,,,,,,,,,,,,,,,63319,0.003353649051859975
,,,38,,,,,,,,,,,,,,,,,,,,,,,,,,,,,63329,0.008560864254832268
,,,38,,,,,,,,,,,,,,,,,,,,,,,,,,,,,63339,0.12956388294696808
,,,38,,,,,,,,,,,,,,,,,,,,,,,,,,,,,63349,0.035782597959041595
,,,38,,,,,,,,,,,,,,,,,,,,,,,,,,,,,63359,0.04197246581315994
,,,38,,,,,,,,,,,,,,,,,,,,,,,,,,,,,63369,0.007095749024301767
,,,38,,,,,,,,,,,,,,,,,,,,,,,,,,,,,63379,0.012424773536622524
,,,38,,,,,,,,,,,,,,,,,,,,,,,,,,,,,63389,0.004138033837080002
,,,38,,,,,,,,,,,,,,,,,,,,,,,,,,,,,63399,0.001538145705126226
,,,38,,,,,,,,,,,,,,,,,,,,,,,,,,,,,63409,0.001382895396091044
,,,38,,,,,,,,,,,,,,,,,,,,,,,,,,,,,63419,0.48758891224861145
,,,38,,,,,,,,,,,,,,,,,,,,,,,,,,,,,63429,0.23377656936645508
,,,38,,,,,,,,,,,,,,,,,,,,,,,,,,,,,63439,0.0023922589607536793
,,,38,,,,,,,,,,,,,,,,,,,,,,,,,,,,,63449,0.029878396540880203
,,,38,,,,,,,,,,,,,,,,,,,,,,,,,,,,,63459,0.01610666513442993
,,,38,,,,,,,,,,,,,,,,,,,,,,,,,,,,,63469,0.05061827972531319
,,,38,,,,,,,,,,,,,,,,,,,,,,,,,,,,,63479,0.009561948478221893
,,,38,,,,,,,,,,,,,,,,,,,,,,,,,,,,,63489,0.0016063954681158066
,,,38,,,,,,,,,,,,,,,,,,,,,,,,,,,,,63499,0.63502037525177
,,,38,,,,,,,,,,,,,,,,,,,,,,,,,,,,,63509,0.006704901810735464
,,,38,,,,,,,,,,,,,,,,,,,,,,,,,,,,,63519,0.023756489157676697
,,,38,,,,,,,,,,,,,,,,,,,,,,,,,,,,,63529,0.09342946112155914
,,,38,,,,,,,,,,,,,,,,,,,,,,,,,,,,,63539,0.03269163891673088
,,,38,,,,,,,,,,,,,,,,,,,,,,,,,,,,,63549,0.014626407995820045
,,,38,,,,,,,,,,,,,,,,,,,,,,,,,,,,,63559,0.0015690012369304895
,,,38,,,,,,,,,,,,,,,,,,,,,,,,,,,,,63569,0.3215111792087555
,,,38,,,,,,,,,,,,,,,,,,,,,,,,,,,,,63579,0.0029631974175572395
,,,38,,,,,,,,,,,,,,,,,,,,,,,,,,,,,63589,0.4167678952217102
,,,38,,,,,,,,,,,,,,,,,,,,,,,,,,,,,63599,0.0112265320494771
,,,38,,,,,,,,,,,,,,,,,,,,,,,,,,,,,63609,0.05007394030690193
,,,38,,,,,,,,,,,,,,,,,,,,,,,,,,,,,63619,0.002870014403015375
,,,38,,,,,,,,,,,,,,,,,,,,,,,,,,,,,63629,0.14998279511928558
,,,38,,,,,,,,,,,,,,,,,,,,,,,,,,,,,63639,0.2274078130722046
,,,38,,,,,,,,,,,,,,,,,,,,,,,,,,,,,63649,0.012938523665070534
,,,38,,,,,,,,,,,,,,,,,,,,,,,,,,,,,63659,0.006509664934128523
,,,38,,,,,,,,,,,,,,,,,,,,,,,,,,,,,63669,0.00543223088607192
,,,38,,,,,,,,,,,,,,,,,,,,,,,,,,,,,63679,0.01087841484695673
,,,38,,,,,,,,,,,,,,,,,,,,,,,,,,,,,63689,0.00558511121198535
,,,38,,,,,,,,,,,,,,,,,,,,,,,,,,,,,63699,0.024780582636594772
,,,38,,,,,,,,,,,,,,,,,,,,,,,,,,,,,63709,0.007349693216383457
,,,38,,,,,,,,,,,,,,,,,,,,,,,,,,,,,63719,0.00237274426035583
,,,38,,,,,,,,,,,,,,,,,,,,,,,,,,,,,63729,0.02315668947994709
,,,38,,,,,,,,,,,,,,,,,,,,,,,,,,,,,63739,0.058185070753097534
,,,38,,,,,,,,,,,,,,,,,,,,,,,,,,,,,63749,0.002419308992102742
,,,38,,,,,,,,,,,,,,,,,,,,,,,,,,,,,63759,0.14567582309246063
,,,38,,,,,,,,,,,,,,,,,,,,,,,,,,,,,63769,0.00666597206145525
,,,38,,,,,,,,,,,,,,,,,,,,,,,,,,,,,63779,0.007363542914390564
,,,38,,,,,,,,,,,,,,,,,,,,,,,,,,,,,63789,0.010713511146605015
,,,38,,,,,,,,,,,,,,,,,,,,,,,,,,,,,63799,0.00432640640065074
,,,38,,,,,,,,,,,,,,,,,,,,,,,,,,,,,63809,0.003915610257536173
,,,38,,,,,,,,,,,,,,,,,,,,,,,,,,,,,63819,0.0007058411138132215
,,,38,,,,,,,,,,,,,,,,,,,,,,,,,,,,,63829,0.18002860248088837
,,,38,,,,,,,,,,,,,,,,,,,,,,,,,,,,,63839,0.004177810624241829
,,,38,,,,,,,,,,,,,,,,,,,,,,,,,,,,,63849,0.16308501362800598
,,,38,,,,,,,,,,,,,,,,,,,,,,,,,,,,,63859,0.07458038628101349
,,,38,,,,,,,,,,,,,,,,,,,,,,,,,,,,,63869,0.028329258784651756
,,,38,,,,,,,,,,,,,,,,,,,,,,,,,,,,,63879,0.0016985529800876975
,,,38,,,,,,,,,,,,,,,,,,,,,,,,,,,,,63889,0.009403434582054615
,,,38,,,,,,,,,,,,,,,,,,,,,,,,,,,,,63899,0.2648318409919739
,,,38,,,,,,,,,,,,,,,,,,,,,,,,,,,,,63909,0.004651686176657677
,,,38,,,,,,,,,,,,,,,,,,,,,,,,,,,,,63919,0.002445756457746029
,,,38,,,,,,,,,,,,,,,,,,,,,,,,,,,,,63929,0.009595902636647224
,,,38,,,,,,,,,,,,,,,,,,,,,,,,,,,,,63939,0.01145061757415533
,,,38,,,,,,,,,,,,,,,,,,,,,,,,,,,,,63949,0.0019655723590403795
,,,38,,,,,,,,,,,,,,,,,,,,,,,,,,,,,63959,0.633625864982605
,,,38,,,,,,,,,,,,,,,,,,,,,,,,,,,,,63969,0.0035584531724452972
,,,38,,,,,,,,,,,,,,,,,,,,,,,,,,,,,63979,0.009278989396989346
,,,38,,,,,,,,,,,,,,,,,,,,,,,,,,,,,63989,0.29446443915367126
,,,38,,,,,,,,,,,,,,,,,,,,,,,,,,,,,63999,0.0029356873128563166
,,,38,,,,,,,,,,,,,,,,,,,,,,,,,,,,,64009,0.053455520421266556
,,,38,,,,,,,,,,,,,,,,,,,,,,,,,,,,,64019,0.0027493080124258995
,,,38,,,,,,,,,,,,,,,,,,,,,,,,,,,,,64029,0.26907941699028015
,,,38,,,,,,,,,,,,,,,,,,,,,,,,,,,,,64039,0.006351027172058821
,,,38,,,,,,,,,,,,,,,,,,,,,,,,,,,,,64049,0.012776542454957962
,,,38,,,,,,,,,,,,,,,,,,,,,,,,,,,,,64059,0.31627222895622253
,,,38,,,,,,,,,,,,,,,,,,,,,,,,,,,,,64069,0.0546564906835556
,,,38,,,,,,,,,,,,,,,,,,,,,,,,,,,,,64079,0.0604327954351902
,,,38,,,,,,,,,,,,,,,,,,,,,,,,,,,,,64089,0.003658102359622717
,,,38,,,,,,,,,,,,,,,,,,,,,,,,,,,,,64099,0.0023175396490842104
,,,38,,,,,,,,,,,,,,,,,,,,,,,,,,,,,64109,0.470876544713974
,,,38,,,,,,,,,,,,,,,,,,,,,,,,,,,,,64119,0.5351983904838562
,,,38,,,,,,,,,,,,,,,,,,,,,,,,,,,,,64129,0.8453736901283264
,,,38,,,,,,,,,,,,,,,,,,,,,,,,,,,,,64139,0.649488627910614
,,,38,,,,,,,,,,,,,,,,,,,,,,,,,,,,,64149,0.03407028317451477
,,,38,,,,,,,,,,,,,,,,,,,,,,,,,,,,,64159,0.20101553201675415
,,,38,,,,,,,,,,,,,,,,,,,,,,,,,,,,,64169,0.018585434183478355
,,,38,,,,,,,,,,,,,,,,,,,,,,,,,,,,,64179,0.4268220365047455
,,,38,,,,,,,,,,,,,,,,,,,,,,,,,,,,,64189,0.0019132053712382913
,,,38,,,,,,,,,,,,,,,,,,,,,,,,,,,,,64199,0.000563141773454845
,,,38,,,,,,,,,,,,,,,,,,,,,,,,,,,,,64209,0.17120960354804993
,,,38,,,,,,,,,,,,,,,,,,,,,,,,,,,,,64219,0.048156291246414185
,,,38,,,,,,,,,,,,,,,,,,,,,,,,,,,,,64229,0.025941038504242897
,,,38,,,,,,,,,,,,,,,,,,,,,,,,,,,,,64239,0.0014702115440741181
,,,38,,,,,,,,,,,,,,,,,,,,,,,,,,,,,64249,0.0421317033469677
,,,38,,,,,,,,,,,,,,,,,,,,,,,,,,,,,64259,0.5539369583129883
,,,38,,,,,,,,,,,,,,,,,,,,,,,,,,,,,64269,0.15885664522647858
,,,38,,,,,,,,,,,,,,,,,,,,,,,,,,,,,64279,0.04650899022817612
,,,38,,,,,,,,,,,,,,,,,,,,,,,,,,,,,64289,0.003894032910466194
,,,38,,,,,,,,,,,,,,,,,,,,,,,,,,,,,64299,0.14078952372074127
,,,38,,,,,,,,,,,,,,,,,,,,,,,,,,,,,64309,0.004460021387785673
,,,38,,,,,,,,,,,,,,,,,,,,,,,,,,,,,64319,1.2587101459503174
,,,38,,,,,,,,,,,,,,,,,,,,,,,,,,,,,64329,0.0037708559539169073
,,,38,,,,,,,,,,,,,,,,,,,,,,,,,,,,,64339,0.02994564175605774
,,,38,,,,,,,,,,,,,,,,,,,,,,,,,,,,,64349,0.03602105751633644
,,,38,,,,,,,,,,,,,,,,,,,,,,,,,,,,,64359,0.0026299322489649057
,,,38,,,,,,,,,,,,,,,,,,,,,,,,,,,,,64369,0.002832754049450159
,,,38,,,,,,,,,,,,,,,,,,,,,,,,,,,,,64379,0.04473360627889633
,,,38,,,,,,,,,,,,,,,,,,,,,,,,,,,,,64389,0.2542886435985565
,,,38,,,,,,,,,,,,,,,,,,,,,,,,,,,,,64399,0.0038194749504327774
,,,38,,,,,,,,,,,,,,,,,,,,,,,,,,,,,64409,0.004607177805155516
,,,38,,,,,,,,,,,,,,,,,,,,,,,,,,,,,64419,0.07328932732343674
,,,38,,,,,,,,,,,,,,,,,,,,,,,,,,,,,64429,0.007544275373220444
,,,38,,,,,,,,,,,,,,,,,,,,,,,,,,,,,64439,0.007220228668302298
,,,38,,,,,,,,,,,,,,,,,,,,,,,,,,,,,64449,0.0013627758016809821
,,,38,,,,,,,,,,,,,,,,,,,,,,,,,,,,,64459,0.0030150858219712973
,,,38,,,,,,,,,,,,,,,,,,,,,,,,,,,,,64469,0.005024475045502186
,,,38,,,,,,,,,,,,,,,,,,,,,,,,,,,,,64479,0.09733819216489792
,,,38,,,,,,,,,,,,,,,,,,,,,,,,,,,,,64489,0.23630408942699432
,,,38,,,,,,,,,,,,,,,,,,,,,,,,,,,,,64499,0.9313926696777344
,,,38,,,,,,,,,,,,,,,,,,,,,,,,,,,,,64509,0.16064009070396423
,,,38,,,,,,,,,,,,,,,,,,,,,,,,,,,,,64519,0.0034670461900532246
,,,38,,,,,,,,,,,,,,,,,,,,,,,,,,,,,64529,0.05056443810462952
,,,38,,,,,,,,,,,,,,,,,,,,,,,,,,,,,64539,0.002420330187305808
,,,38,,,,,,,,,,,,,,,,,,,,,,,,,,,,,64549,0.4472373425960541
,,,38,,,,,,,,,,,,,,,,,,,,,,,,,,,,,64559,0.0018443160224705935
,,,38,,,,,,,,,,,,,,,,,,,,,,,,,,,,,64569,0.049034252762794495
,,,38,,,,,,,,,,,,,,,,,,,,,,,,,,,,,64579,0.5695537328720093
,,,38,,,,,,,,,,,,,,,,,,,,,,,,,,,,,64589,0.011137495748698711
,,,38,,,,,,,,,,,,,,,,,,,,,,,,,,,,,64599,0.1358548104763031
,,,38,,,,,,,,,,,,,,,,,,,,,,,,,,,,,64609,0.007004822138696909
,,,38,,,,,,,,,,,,,,,,,,,,,,,,,,,,,64619,0.046823687851428986
,,,38,,,,,,,,,,,,,,,,,,,,,,,,,,,,,64629,0.253511518239975
,,,38,,,,,,,,,,,,,,,,,,,,,,,,,,,,,64639,0.01077116746455431
,,,38,,,,,,,,,,,,,,,,,,,,,,,,,,,,,64649,0.0028681952971965075
,,,38,,,,,,,,,,,,,,,,,,,,,,,,,,,,,64659,0.005992173682898283
,,,38,,,,,,,,,,,,,,,,,,,,,,,,,,,,,64669,0.006074655335396528
,,,38,,,,,,,,,,,,,,,,,,,,,,,,,,,,,64679,0.32048434019088745
,,,38,,,,,,,,,,,,,,,,,,,,,,,,,,,,,64689,0.01099037192761898
,,,38,,,,,,,,,,,,,,,,,,,,,,,,,,,,,64699,0.006293723359704018
,,,38,,,,,,,,,,,,,,,,,,,,,,,,,,,,,64709,1.1639662981033325
,,,38,,,,,,,,,,,,,,,,,,,,,,,,,,,,,64719,0.0030082266312092543
,,,38,,,,,,,,,,,,,,,,,,,,,,,,,,,,,64729,0.6471914649009705
,,,38,,,,,,,,,,,,,,,,,,,,,,,,,,,,,64739,0.21611890196800232
,,,38,,,,,,,,,,,,,,,,,,,,,,,,,,,,,64749,0.001793482806533575
,,,38,,,,,,,,,,,,,,,,,,,,,,,,,,,,,64759,0.00423884904012084
,,,38,,,,,,,,,,,,,,,,,,,,,,,,,,,,,64769,0.04019995778799057
,,,38,,,,,,,,,,,,,,,,,,,,,,,,,,,,,64779,0.004298207815736532
,,,38,,,,,,,,,,,,,,,,,,,,,,,,,,,,,64789,0.034210119396448135
,,,38,,,,,,,,,,,,,,,,,,,,,,,,,,,,,64799,0.3120229244232178
,,,38,,,,,,,,,,,,,,,,,,,,,,,,,,,,,64809,0.009381435811519623
,,,,7.981988796634066e-08,4.4715458403468026e-07,6.879301292841234e-07,6.879301292841234e-07,1.0583540450524976e-06,1.0583540450524976e-06,1.6282369923884576e-06,1.6282369923884576e-06,2.5049799882899347e-06,2.5049799882899347e-06,3.8538153665998995e-06,7.981988796634066e-08,3.8538153665998995e-06,5.928946717845999e-06,5.928946717845999e-06,9.121456488993845e-06,9.121456488993845e-06,1.4033009983067452e-05,1.4033009983067452e-05,1.4033009983067452e-05,1.4033009983067452e-05,1.2279982764052406e-07,1.2279982764052406e-07,1.8892281175465242e-07,1.8892281175465242e-07,2.906504796225422e-07,2.906504796225422e-07,4.4715458403468026e-07,64818,
,,,39,,,,,,,,,,,,,,,,,,,,,,,,,,,,,64819,0.11442708969116211
,,,39,,,,,,,,,,,,,,,,,,,,,,,,,,,,,64829,0.004289741162210703
,,,39,,,,,,,,,,,,,,,,,,,,,,,,,,,,,64839,0.018202196806669235
,,,39,,,,,,,,,,,,,,,,,,,,,,,,,,,,,64849,0.00978614017367363
,,,39,,,,,,,,,,,,,,,,,,,,,,,,,,,,,64859,0.0019036410376429558
,,,39,,,,,,,,,,,,,,,,,,,,,,,,,,,,,64869,0.5838232636451721
,,,39,,,,,,,,,,,,,,,,,,,,,,,,,,,,,64879,0.08395186066627502
,,,39,,,,,,,,,,,,,,,,,,,,,,,,,,,,,64889,0.0025768151972442865
,,,39,,,,,,,,,,,,,,,,,,,,,,,,,,,,,64899,0.006115219555795193
,,,39,,,,,,,,,,,,,,,,,,,,,,,,,,,,,64909,0.6778640151023865
,,,39,,,,,,,,,,,,,,,,,,,,,,,,,,,,,64919,0.0004892958677373827
,,,39,,,,,,,,,,,,,,,,,,,,,,,,,,,,,64929,0.4278907775878906
,,,39,,,,,,,,,,,,,,,,,,,,,,,,,,,,,64939,0.0076429047621786594
,,,39,,,,,,,,,,,,,,,,,,,,,,,,,,,,,64949,0.0026085064746439457
,,,39,,,,,,,,,,,,,,,,,,,,,,,,,,,,,64959,0.005758016835898161
,,,39,,,,,,,,,,,,,,,,,,,,,,,,,,,,,64969,0.027508534491062164
,,,39,,,,,,,,,,,,,,,,,,,,,,,,,,,,,64979,0.18488696217536926
,,,39,,,,,,,,,,,,,,,,,,,,,,,,,,,,,64989,0.0028652220498770475
,,,39,,,,,,,,,,,,,,,,,,,,,,,,,,,,,64999,0.02573717199265957
,,,39,,,,,,,,,,,,,,,,,,,,,,,,,,,,,65009,0.004658276680856943
,,,39,,,,,,,,,,,,,,,,,,,,,,,,,,,,,65019,0.0038181927520781755
,,,39,,,,,,,,,,,,,,,,,,,,,,,,,,,,,65029,0.03783709928393364
,,,39,,,,,,,,,,,,,,,,,,,,,,,,,,,,,65039,0.013541102409362793
,,,39,,,,,,,,,,,,,,,,,,,,,,,,,,,,,65049,0.0022799253929406404
,,,39,,,,,,,,,,,,,,,,,,,,,,,,,,,,,65059,0.3478893041610718
,,,39,,,,,,,,,,,,,,,,,,,,,,,,,,,,,65069,0.024232057854533195
,,,39,,,,,,,,,,,,,,,,,,,,,,,,,,,,,65079,0.07295577228069305
,,,39,,,,,,,,,,,,,,,,,,,,,,,,,,,,,65089,0.005905910860747099
,,,39,,,,,,,,,,,,,,,,,,,,,,,,,,,,,65099,0.011623339727520943
,,,39,,,,,,,,,,,,,,,,,,,,,,,,,,,,,65109,0.004062381573021412
,,,39,,,,,,,,,,,,,,,,,,,,,,,,,,,,,65119,0.003429783508181572
,,,39,,,,,,,,,,,,,,,,,,,,,,,,,,,,,65129,0.035749755799770355
,,,39,,,,,,,,,,,,,,,,,,,,,,,,,,,,,65139,0.02399086393415928
,,,39,,,,,,,,,,,,,,,,,,,,,,,,,,,,,65149,0.0031425210181623697
,,,39,,,,,,,,,,,,,,,,,,,,,,,,,,,,,65159,0.07042477279901505
,,,39,,,,,,,,,,,,,,,,,,,,,,,,,,,,,65169,0.026536408811807632
,,,39,,,,,,,,,,,,,,,,,,,,,,,,,,,,,65179,0.016439024358987808
,,,39,,,,,,,,,,,,,,,,,,,,,,,,,,,,,65189,0.29509758949279785
,,,39,,,,,,,,,,,,,,,,,,,,,,,,,,,,,65199,0.0439734123647213
,,,39,,,,,,,,,,,,,,,,,,,,,,,,,,,,,65209,0.0020758812315762043
,,,39,,,,,,,,,,,,,,,,,,,,,,,,,,,,,65219,0.0223782267421484
,,,39,,,,,,,,,,,,,,,,,,,,,,,,,,,,,65229,0.07576845586299896
,,,39,,,,,,,,,,,,,,,,,,,,,,,,,,,,,65239,0.6402448415756226
,,,39,,,,,,,,,,,,,,,,,,,,,,,,,,,,,65249,0.0017021580133587122
,,,39,,,,,,,,,,,,,,,,,,,,,,,,,,,,,65259,0.004358265548944473
,,,39,,,,,,,,,,,,,,,,,,,,,,,,,,,,,65269,0.06647337973117828
,,,39,,,,,,,,,,,,,,,,,,,,,,,,,,,,,65279,0.4741140902042389
,,,39,,,,,,,,,,,,,,,,,,,,,,,,,,,,,65289,0.03249441459774971
,,,39,,,,,,,,,,,,,,,,,,,,,,,,,,,,,65299,0.2724507749080658
,,,39,,,,,,,,,,,,,,,,,,,,,,,,,,,,,65309,0.006932789459824562
,,,39,,,,,,,,,,,,,,,,,,,,,,,,,,,,,65319,0.09782082587480545
,,,39,,,,,,,,,,,,,,,,,,,,,,,,,,,,,65329,0.0069327400997281075
,,,39,,,,,,,,,,,,,,,,,,,,,,,,,,,,,65339,0.00832581240683794
,,,39,,,,,,,,,,,,,,,,,,,,,,,,,,,,,65349,0.00499793142080307
,,,39,,,,,,,,,,,,,,,,,,,,,,,,,,,,,65359,0.0030996063724160194
,,,39,,,,,,,,,,,,,,,,,,,,,,,,,,,,,65369,0.10747746378183365
,,,39,,,,,,,,,,,,,,,,,,,,,,,,,,,,,65379,0.09088901430368423
,,,39,,,,,,,,,,,,,,,,,,,,,,,,,,,,,65389,0.0006540200556628406
,,,39,,,,,,,,,,,,,,,,,,,,,,,,,,,,,65399,0.03708050772547722
,,,39,,,,,,,,,,,,,,,,,,,,,,,,,,,,,65409,0.30943456292152405
,,,39,,,,,,,,,,,,,,,,,,,,,,,,,,,,,65419,0.08976659923791885
,,,39,,,,,,,,,,,,,,,,,,,,,,,,,,,,,65429,0.12201579660177231
,,,39,,,,,,,,,,,,,,,,,,,,,,,,,,,,,65439,0.2928427755832672
,,,39,,,,,,,,,,,,,,,,,,,,,,,,,,,,,65449,0.07366158813238144
,,,39,,,,,,,,,,,,,,,,,,,,,,,,,,,,,65459,0.5475569367408752
,,,39,,,,,,,,,,,,,,,,,,,,,,,,,,,,,65469,0.0028196258936077356
,,,39,,,,,,,,,,,,,,,,,,,,,,,,,,,,,65479,0.00388328917324543
,,,39,,,,,,,,,,,,,,,,,,,,,,,,,,,,,65489,0.0020673805847764015
,,,39,,,,,,,,,,,,,,,,,,,,,,,,,,,,,65499,0.5735081434249878
,,,39,,,,,,,,,,,,,,,,,,,,,,,,,,,,,65509,0.004846938885748386
,,,39,,,,,,,,,,,,,,,,,,,,,,,,,,,,,65519,0.07601805776357651
,,,39,,,,,,,,,,,,,,,,,,,,,,,,,,,,,65529,0.005055298563092947
,,,39,,,,,,,,,,,,,,,,,,,,,,,,,,,,,65539,0.003256996860727668
,,,39,,,,,,,,,,,,,,,,,,,,,,,,,,,,,65549,0.007310681045055389
,,,39,,,,,,,,,,,,,,,,,,,,,,,,,,,,,65559,0.027223145589232445
,,,39,,,,,,,,,,,,,,,,,,,,,,,,,,,,,65569,0.001964669907465577
,,,39,,,,,,,,,,,,,,,,,,,,,,,,,,,,,65579,0.0026591175701469183
,,,39,,,,,,,,,,,,,,,,,,,,,,,,,,,,,65589,0.002732489723712206
,,,39,,,,,,,,,,,,,,,,,,,,,,,,,,,,,65599,0.15350623428821564
,,,39,,,,,,,,,,,,,,,,,,,,,,,,,,,,,65609,0.0014518307289108634
,,,39,,,,,,,,,,,,,,,,,,,,,,,,,,,,,65619,0.03111582249403
,,,39,,,,,,,,,,,,,,,,,,,,,,,,,,,,,65629,0.0026396652683615685
,,,39,,,,,,,,,,,,,,,,,,,,,,,,,,,,,65639,0.02747494913637638
,,,39,,,,,,,,,,,,,,,,,,,,,,,,,,,,,65649,0.0019482310162857175
,,,39,,,,,,,,,,,,,,,,,,,,,,,,,,,,,65659,0.009987875819206238
,,,39,,,,,,,,,,,,,,,,,,,,,,,,,,,,,65669,0.06431742757558823
,,,39,,,,,,,,,,,,,,,,,,,,,,,,,,,,,65679,0.05333513021469116
,,,39,,,,,,,,,,,,,,,,,,,,,,,,,,,,,65689,0.05551659315824509
,,,39,,,,,,,,,,,,,,,,,,,,,,,,,,,,,65699,0.00788474828004837
,,,39,,,,,,,,,,,,,,,,,,,,,,,,,,,,,65709,0.6318774819374084
,,,39,,,,,,,,,,,,,,,,,,,,,,,,,,,,,65719,0.003183419117704034
,,,39,,,,,,,,,,,,,,,,,,,,,,,,,,,,,65729,0.013834450393915176
,,,39,,,,,,,,,,,,,,,,,,,,,,,,,,,,,65739,0.08278349786996841
,,,39,,,,,,,,,,,,,,,,,,,,,,,,,,,,,65749,0.0030832637567073107
,,,39,,,,,,,,,,,,,,,,,,,,,,,,,,,,,65759,0.009956873953342438
,,,39,,,,,,,,,,,,,,,,,,,,,,,,,,,,,65769,0.0038618051912635565
,,,39,,,,,,,,,,,,,,,,,,,,,,,,,,,,,65779,0.006796164438128471
,,,39,,,,,,,,,,,,,,,,,,,,,,,,,,,,,65789,0.0021035554818809032
,,,39,,,,,,,,,,,,,,,,,,,,,,,,,,,,,65799,0.18288826942443848
,,,39,,,,,,,,,,,,,,,,,,,,,,,,,,,,,65809,0.010386331006884575
,,,39,,,,,,,,,,,,,,,,,,,,,,,,,,,,,65819,0.0017944230930879712
,,,39,,,,,,,,,,,,,,,,,,,,,,,,,,,,,65829,0.0023587732575833797
,,,39,,,,,,,,,,,,,,,,,,,,,,,,,,,,,65839,0.003240161808207631
,,,39,,,,,,,,,,,,,,,,,,,,,,,,,,,,,65849,0.0024003118742257357
,,,39,,,,,,,,,,,,,,,,,,,,,,,,,,,,,65859,0.006939603481441736
,,,39,,,,,,,,,,,,,,,,,,,,,,,,,,,,,65869,0.23108500242233276
,,,39,,,,,,,,,,,,,,,,,,,,,,,,,,,,,65879,0.0836690366268158
,,,39,,,,,,,,,,,,,,,,,,,,,,,,,,,,,65889,0.0020117461681365967
,,,39,,,,,,,,,,,,,,,,,,,,,,,,,,,,,65899,0.16992217302322388
,,,39,,,,,,,,,,,,,,,,,,,,,,,,,,,,,65909,0.0033305964898318052
,,,39,,,,,,,,,,,,,,,,,,,,,,,,,,,,,65919,0.058526620268821716
,,,39,,,,,,,,,,,,,,,,,,,,,,,,,,,,,65929,0.20224887132644653
,,,39,,,,,,,,,,,,,,,,,,,,,,,,,,,,,65939,0.46212688088417053
,,,39,,,,,,,,,,,,,,,,,,,,,,,,,,,,,65949,0.030840644612908363
,,,39,,,,,,,,,,,,,,,,,,,,,,,,,,,,,65959,0.002900276565924287
,,,39,,,,,,,,,,,,,,,,,,,,,,,,,,,,,65969,0.005903054494410753
,,,39,,,,,,,,,,,,,,,,,,,,,,,,,,,,,65979,0.003147035837173462
,,,39,,,,,,,,,,,,,,,,,,,,,,,,,,,,,65989,0.043113309890031815
,,,39,,,,,,,,,,,,,,,,,,,,,,,,,,,,,65999,0.003535997122526169
,,,39,,,,,,,,,,,,,,,,,,,,,,,,,,,,,66009,0.006643442437052727
,,,39,,,,,,,,,,,,,,,,,,,,,,,,,,,,,66019,0.05153762549161911
,,,39,,,,,,,,,,,,,,,,,,,,,,,,,,,,,66029,0.0024615307338535786
,,,39,,,,,,,,,,,,,,,,,,,,,,,,,,,,,66039,0.0033825598657131195
,,,39,,,,,,,,,,,,,,,,,,,,,,,,,,,,,66049,0.013481426052749157
,,,39,,,,,,,,,,,,,,,,,,,,,,,,,,,,,66059,0.12965567409992218
,,,39,,,,,,,,,,,,,,,,,,,,,,,,,,,,,66069,0.010810235515236855
,,,39,,,,,,,,,,,,,,,,,,,,,,,,,,,,,66079,1.0942025184631348
,,,39,,,,,,,,,,,,,,,,,,,,,,,,,,,,,66089,0.002084563486278057
,,,39,,,,,,,,,,,,,,,,,,,,,,,,,,,,,66099,0.003087563905864954
,,,39,,,,,,,,,,,,,,,,,,,,,,,,,,,,,66109,0.004444509744644165
,,,39,,,,,,,,,,,,,,,,,,,,,,,,,,,,,66119,1.2420015335083008
,,,39,,,,,,,,,,,,,,,,,,,,,,,,,,,,,66129,0.00908968411386013
,,,39,,,,,,,,,,,,,,,,,,,,,,,,,,,,,66139,0.004802043549716473
,,,39,,,,,,,,,,,,,,,,,,,,,,,,,,,,,66149,0.3976289927959442
,,,39,,,,,,,,,,,,,,,,,,,,,,,,,,,,,66159,0.10675384849309921
,,,39,,,,,,,,,,,,,,,,,,,,,,,,,,,,,66169,0.006249666213989258
,,,39,,,,,,,,,,,,,,,,,,,,,,,,,,,,,66179,0.013123972341418266
,,,39,,,,,,,,,,,,,,,,,,,,,,,,,,,,,66189,0.0006216929177753627
,,,39,,,,,,,,,,,,,,,,,,,,,,,,,,,,,66199,0.4598211944103241
,,,39,,,,,,,,,,,,,,,,,,,,,,,,,,,,,66209,0.0022074102889746428
,,,39,,,,,,,,,,,,,,,,,,,,,,,,,,,,,66219,0.06228284910321236
,,,39,,,,,,,,,,,,,,,,,,,,,,,,,,,,,66229,0.007018837612122297
,,,39,,,,,,,,,,,,,,,,,,,,,,,,,,,,,66239,0.12696757912635803
,,,39,,,,,,,,,,,,,,,,,,,,,,,,,,,,,66249,0.040748581290245056
,,,39,,,,,,,,,,,,,,,,,,,,,,,,,,,,,66259,0.003444421337917447
,,,39,,,,,,,,,,,,,,,,,,,,,,,,,,,,,66269,0.036263611167669296
,,,39,,,,,,,,,,,,,,,,,,,,,,,,,,,,,66279,0.03557568043470383
,,,39,,,,,,,,,,,,,,,,,,,,,,,,,,,,,66289,0.0032301496248692274
,,,39,,,,,,,,,,,,,,,,,,,,,,,,,,,,,66299,0.004717704374343157
,,,39,,,,,,,,,,,,,,,,,,,,,,,,,,,,,66309,0.009746943600475788
,,,39,,,,,,,,,,,,,,,,,,,,,,,,,,,,,66319,0.006553052458912134
,,,39,,,,,,,,,,,,,,,,,,,,,,,,,,,,,66329,0.004966146778315306
,,,39,,,,,,,,,,,,,,,,,,,,,,,,,,,,,66339,0.0018418722320348024
,,,39,,,,,,,,,,,,,,,,,,,,,,,,,,,,,66349,0.017673907801508904
,,,39,,,,,,,,,,,,,,,,,,,,,,,,,,,,,66359,0.006379686761647463
,,,39,,,,,,,,,,,,,,,,,,,,,,,,,,,,,66369,0.5160568356513977
,,,39,,,,,,,,,,,,,,,,,,,,,,,,,,,,,66379,0.003903735429048538
,,,39,,,,,,,,,,,,,,,,,,,,,,,,,,,,,66389,0.01415228471159935
,,,39,,,,,,,,,,,,,,,,,,,,,,,,,,,,,66399,0.0029728857334703207
,,,39,,,,,,,,,,,,,,,,,,,,,,,,,,,,,66409,0.010457460768520832
,,,39,,,,,,,,,,,,,,,,,,,,,,,,,,,,,66419,0.002689447719603777
,,,39,,,,,,,,,,,,,,,,,,,,,,,,,,,,,66429,0.005754843354225159
,,,39,,,,,,,,,,,,,,,,,,,,,,,,,,,,,66439,0.041392285376787186
,,,39,,,,,,,,,,,,,,,,,,,,,,,,,,,,,66449,0.05995456874370575
,,,39,,,,,,,,,,,,,,,,,,,,,,,,,,,,,66459,0.0037674105260521173
,,,39,,,,,,,,,,,,,,,,,,,,,,,,,,,,,66469,0.14621929824352264
,,,39,,,,,,,,,,,,,,,,,,,,,,,,,,,,,66479,0.01610659435391426
0.8006992936134338,0.7304624915122986,0.8858800530433655,39,,,,,,,,,,,,,,,,,,,,,,,,,,,,,66479,
,,,,6.653706639515992e-08,3.727436232353765e-07,5.734517280544253e-07,5.734517280544253e-07,8.822334277760388e-07,8.822334277760388e-07,1.3572821965785213e-06,1.3572821965785213e-06,2.088126456274648e-06,2.088126456274648e-06,3.212502240422535e-06,6.653706639515992e-08,3.212502240422535e-06,4.942311139111592e-06,4.942311139111592e-06,7.603555598633219e-06,7.603555598633219e-06,1.1697777844051105e-05,1.1697777844051105e-05,1.1697777844051105e-05,1.1697777844051105e-05,1.0236471753101525e-07,1.0236471753101525e-07,1.5748418081694655e-07,1.5748418081694655e-07,2.4228335510299467e-07,2.4228335510299467e-07,3.727436232353765e-07,66480,
,,,40,,,,,,,,,,,,,,,,,,,,,,,,,,,,,66489,0.06788130104541779
,,,40,,,,,,,,,,,,,,,,,,,,,,,,,,,,,66499,0.0050274766981601715
,,,40,,,,,,,,,,,,,,,,,,,,,,,,,,,,,66509,0.003307527396827936
,,,40,,,,,,,,,,,,,,,,,,,,,,,,,,,,,66519,0.050349462777376175
,,,40,,,,,,,,,,,,,,,,,,,,,,,,,,,,,66529,0.015387182123959064
,,,40,,,,,,,,,,,,,,,,,,,,,,,,,,,,,66539,0.07573331147432327
,,,40,,,,,,,,,,,,,,,,,,,,,,,,,,,,,66549,0.003938195761293173
,,,40,,,,,,,,,,,,,,,,,,,,,,,,,,,,,66559,0.06464820355176926
,,,40,,,,,,,,,,,,,,,,,,,,,,,,,,,,,66569,0.01685139536857605
,,,40,,,,,,,,,,,,,,,,,,,,,,,,,,,,,66579,0.13541898131370544
,,,40,,,,,,,,,,,,,,,,,,,,,,,,,,,,,66589,0.2024959772825241
,,,40,,,,,,,,,,,,,,,,,,,,,,,,,,,,,66599,0.06786656379699707
,,,40,,,,,,,,,,,,,,,,,,,,,,,,,,,,,66609,0.05774689465761185
,,,40,,,,,,,,,,,,,,,,,,,,,,,,,,,,,66619,0.34857210516929626
,,,40,,,,,,,,,,,,,,,,,,,,,,,,,,,,,66629,0.012816770002245903
,,,40,,,,,,,,,,,,,,,,,,,,,,,,,,,,,66639,0.033796679228544235
,,,40,,,,,,,,,,,,,,,,,,,,,,,,,,,,,66649,0.018466349691152573
,,,40,,,,,,,,,,,,,,,,,,,,,,,,,,,,,66659,0.763110339641571
,,,40,,,,,,,,,,,,,,,,,,,,,,,,,,,,,66669,0.23032689094543457
,,,40,,,,,,,,,,,,,,,,,,,,,,,,,,,,,66679,0.015568641945719719
,,,40,,,,,,,,,,,,,,,,,,,,,,,,,,,,,66689,0.03914394602179527
,,,40,,,,,,,,,,,,,,,,,,,,,,,,,,,,,66699,0.8221422433853149
,,,40,,,,,,,,,,,,,,,,,,,,,,,,,,,,,66709,0.0053689186461269855
,,,40,,,,,,,,,,,,,,,,,,,,,,,,,,,,,66719,0.024891776964068413
,,,40,,,,,,,,,,,,,,,,,,,,,,,,,,,,,66729,0.06984525173902512
,,,40,,,,,,,,,,,,,,,,,,,,,,,,,,,,,66739,0.011389588937163353
,,,40,,,,,,,,,,,,,,,,,,,,,,,,,,,,,66749,0.022445179522037506
,,,40,,,,,,,,,,,,,,,,,,,,,,,,,,,,,66759,0.008333630859851837
,,,40,,,,,,,,,,,,,,,,,,,,,,,,,,,,,66769,0.006499917712062597
,,,40,,,,,,,,,,,,,,,,,,,,,,,,,,,,,66779,0.011715934611856937
,,,40,,,,,,,,,,,,,,,,,,,,,,,,,,,,,66789,0.01223301887512207
,,,40,,,,,,,,,,,,,,,,,,,,,,,,,,,,,66799,0.0011486513540148735
,,,40,,,,,,,,,,,,,,,,,,,,,,,,,,,,,66809,0.005016223061829805
,,,40,,,,,,,,,,,,,,,,,,,,,,,,,,,,,66819,0.018180647864937782
,,,40,,,,,,,,,,,,,,,,,,,,,,,,,,,,,66829,0.27256572246551514
,,,40,,,,,,,,,,,,,,,,,,,,,,,,,,,,,66839,0.0050242324359714985
,,,40,,,,,,,,,,,,,,,,,,,,,,,,,,,,,66849,0.05979008972644806
,,,40,,,,,,,,,,,,,,,,,,,,,,,,,,,,,66859,0.014104705303907394
,,,40,,,,,,,,,,,,,,,,,,,,,,,,,,,,,66869,0.006649152375757694
,,,40,,,,,,,,,,,,,,,,,,,,,,,,,,,,,66879,0.0018613089341670275
,,,40,,,,,,,,,,,,,,,,,,,,,,,,,,,,,66889,0.002735919551923871
,,,40,,,,,,,,,,,,,,,,,,,,,,,,,,,,,66899,0.013874860480427742
,,,40,,,,,,,,,,,,,,,,,,,,,,,,,,,,,66909,0.0035567148588597775
,,,40,,,,,,,,,,,,,,,,,,,,,,,,,,,,,66919,0.003980521112680435
,,,40,,,,,,,,,,,,,,,,,,,,,,,,,,,,,66929,0.13734328746795654
,,,40,,,,,,,,,,,,,,,,,,,,,,,,,,,,,66939,0.16803842782974243
,,,40,,,,,,,,,,,,,,,,,,,,,,,,,,,,,66949,0.001956260297447443
,,,40,,,,,,,,,,,,,,,,,,,,,,,,,,,,,66959,0.00577803747728467
,,,40,,,,,,,,,,,,,,,,,,,,,,,,,,,,,66969,0.004211634863168001
,,,40,,,,,,,,,,,,,,,,,,,,,,,,,,,,,66979,0.06292076408863068
,,,40,,,,,,,,,,,,,,,,,,,,,,,,,,,,,66989,0.0017223674803972244
,,,40,,,,,,,,,,,,,,,,,,,,,,,,,,,,,66999,0.05926751717925072
,,,40,,,,,,,,,,,,,,,,,,,,,,,,,,,,,67009,0.015005183406174183
,,,40,,,,,,,,,,,,,,,,,,,,,,,,,,,,,67019,0.19371049106121063
,,,40,,,,,,,,,,,,,,,,,,,,,,,,,,,,,67029,0.03369101136922836
,,,40,,,,,,,,,,,,,,,,,,,,,,,,,,,,,67039,0.01957167126238346
,,,40,,,,,,,,,,,,,,,,,,,,,,,,,,,,,67049,0.005717417225241661
,,,40,,,,,,,,,,,,,,,,,,,,,,,,,,,,,67059,0.002261935733258724
,,,40,,,,,,,,,,,,,,,,,,,,,,,,,,,,,67069,0.011763728223741055
,,,40,,,,,,,,,,,,,,,,,,,,,,,,,,,,,67079,0.004423092119395733
,,,40,,,,,,,,,,,,,,,,,,,,,,,,,,,,,67089,0.0036641147453337908
,,,40,,,,,,,,,,,,,,,,,,,,,,,,,,,,,67099,0.036515504121780396
,,,40,,,,,,,,,,,,,,,,,,,,,,,,,,,,,67109,0.0042504118755459785
,,,40,,,,,,,,,,,,,,,,,,,,,,,,,,,,,67119,0.3241313099861145
,,,40,,,,,,,,,,,,,,,,,,,,,,,,,,,,,67129,0.0024824198335409164
,,,40,,,,,,,,,,,,,,,,,,,,,,,,,,,,,67139,0.003324574325233698
,,,40,,,,,,,,,,,,,,,,,,,,,,,,,,,,,67149,0.2744690775871277
,,,40,,,,,,,,,,,,,,,,,,,,,,,,,,,,,67159,0.008043619804084301
,,,40,,,,,,,,,,,,,,,,,,,,,,,,,,,,,67169,0.20741163194179535
,,,40,,,,,,,,,,,,,,,,,,,,,,,,,,,,,67179,0.6586287617683411
,,,40,,,,,,,,,,,,,,,,,,,,,,,,,,,,,67189,0.005938723683357239
,,,40,,,,,,,,,,,,,,,,,,,,,,,,,,,,,67199,0.006754002068191767
,,,40,,,,,,,,,,,,,,,,,,,,,,,,,,,,,67209,0.025571346282958984
,,,40,,,,,,,,,,,,,,,,,,,,,,,,,,,,,67219,0.020260924473404884
,,,40,,,,,,,,,,,,,,,,,,,,,,,,,,,,,67229,0.0016361079178750515
,,,40,,,,,,,,,,,,,,,,,,,,,,,,,,,,,67239,0.011700225993990898
,,,40,,,,,,,,,,,,,,,,,,,,,,,,,,,,,67249,1.0375192165374756
,,,40,,,,,,,,,,,,,,,,,,,,,,,,,,,,,67259,1.0635179281234741
,,,40,,,,,,,,,,,,,,,,,,,,,,,,,,,,,67269,0.004659649915993214
,,,40,,,,,,,,,,,,,,,,,,,,,,,,,,,,,67279,0.00238456460647285
,,,40,,,,,,,,,,,,,,,,,,,,,,,,,,,,,67289,0.0021897833794355392
,,,40,,,,,,,,,,,,,,,,,,,,,,,,,,,,,67299,0.009552300907671452
,,,40,,,,,,,,,,,,,,,,,,,,,,,,,,,,,67309,0.010285422205924988
,,,40,,,,,,,,,,,,,,,,,,,,,,,,,,,,,67319,0.0016352615784853697
,,,40,,,,,,,,,,,,,,,,,,,,,,,,,,,,,67329,0.004252080339938402
,,,40,,,,,,,,,,,,,,,,,,,,,,,,,,,,,67339,0.007135534193366766
,,,40,,,,,,,,,,,,,,,,,,,,,,,,,,,,,67349,0.38519588112831116
,,,40,,,,,,,,,,,,,,,,,,,,,,,,,,,,,67359,0.001775003387592733
,,,40,,,,,,,,,,,,,,,,,,,,,,,,,,,,,67369,0.016690004616975784
,,,40,,,,,,,,,,,,,,,,,,,,,,,,,,,,,67379,0.006411528680473566
,,,40,,,,,,,,,,,,,,,,,,,,,,,,,,,,,67389,0.4030543863773346
,,,40,,,,,,,,,,,,,,,,,,,,,,,,,,,,,67399,0.024326523765921593
,,,40,,,,,,,,,,,,,,,,,,,,,,,,,,,,,67409,0.014997654594480991
,,,40,,,,,,,,,,,,,,,,,,,,,,,,,,,,,67419,0.1166195273399353
,,,40,,,,,,,,,,,,,,,,,,,,,,,,,,,,,67429,0.17267553508281708
,,,40,,,,,,,,,,,,,,,,,,,,,,,,,,,,,67439,0.0008447599830105901
,,,40,,,,,,,,,,,,,,,,,,,,,,,,,,,,,67449,0.0010641221888363361
,,,40,,,,,,,,,,,,,,,,,,,,,,,,,,,,,67459,0.5370420813560486
,,,40,,,,,,,,,,,,,,,,,,,,,,,,,,,,,67469,0.010957324877381325
,,,40,,,,,,,,,,,,,,,,,,,,,,,,,,,,,67479,0.003261957783252001
,,,40,,,,,,,,,,,,,,,,,,,,,,,,,,,,,67489,0.0018182852072641253
,,,40,,,,,,,,,,,,,,,,,,,,,,,,,,,,,67499,0.0037908528465777636
,,,40,,,,,,,,,,,,,,,,,,,,,,,,,,,,,67509,0.5646917223930359
,,,40,,,,,,,,,,,,,,,,,,,,,,,,,,,,,67519,0.0028882124461233616
,,,40,,,,,,,,,,,,,,,,,,,,,,,,,,,,,67529,0.0033316302578896284
,,,40,,,,,,,,,,,,,,,,,,,,,,,,,,,,,67539,0.000962285790592432
,,,40,,,,,,,,,,,,,,,,,,,,,,,,,,,,,67549,0.30477675795555115
,,,40,,,,,,,,,,,,,,,,,,,,,,,,,,,,,67559,0.025195816531777382
,,,40,,,,,,,,,,,,,,,,,,,,,,,,,,,,,67569,0.020373214036226273
,,,40,,,,,,,,,,,,,,,,,,,,,,,,,,,,,67579,0.2482670098543167
,,,40,,,,,,,,,,,,,,,,,,,,,,,,,,,,,67589,0.003763756016269326
,,,40,,,,,,,,,,,,,,,,,,,,,,,,,,,,,67599,0.000943782739341259
,,,40,,,,,,,,,,,,,,,,,,,,,,,,,,,,,67609,0.005288730375468731
,,,40,,,,,,,,,,,,,,,,,,,,,,,,,,,,,67619,0.015816163271665573
,,,40,,,,,,,,,,,,,,,,,,,,,,,,,,,,,67629,0.07781031727790833
,,,40,,,,,,,,,,,,,,,,,,,,,,,,,,,,,67639,0.20004254579544067
,,,40,,,,,,,,,,,,,,,,,,,,,,,,,,,,,67649,0.15939363837242126
,,,40,,,,,,,,,,,,,,,,,,,,,,,,,,,,,67659,0.5316404104232788
,,,40,,,,,,,,,,,,,,,,,,,,,,,,,,,,,67669,0.0018896459368988872
,,,40,,,,,,,,,,,,,,,,,,,,,,,,,,,,,67679,0.00287247565574944
,,,40,,,,,,,,,,,,,,,,,,,,,,,,,,,,,67689,0.001393728656694293
,,,40,,,,,,,,,,,,,,,,,,,,,,,,,,,,,67699,0.029137006029486656
,,,40,,,,,,,,,,,,,,,,,,,,,,,,,,,,,67709,0.007357173599302769
,,,40,,,,,,,,,,,,,,,,,,,,,,,,,,,,,67719,0.004865485243499279
,,,40,,,,,,,,,,,,,,,,,,,,,,,,,,,,,67729,0.0816296711564064
,,,40,,,,,,,,,,,,,,,,,,,,,,,,,,,,,67739,0.004070589784532785
,,,40,,,,,,,,,,,,,,,,,,,,,,,,,,,,,67749,0.013716413639485836
,,,40,,,,,,,,,,,,,,,,,,,,,,,,,,,,,67759,0.2476307600736618
,,,40,,,,,,,,,,,,,,,,,,,,,,,,,,,,,67769,0.0021678972989320755
,,,40,,,,,,,,,,,,,,,,,,,,,,,,,,,,,67779,0.0023044589906930923
,,,40,,,,,,,,,,,,,,,,,,,,,,,,,,,,,67789,0.0025080277118831873
,,,40,,,,,,,,,,,,,,,,,,,,,,,,,,,,,67799,0.0038073817268013954
,,,40,,,,,,,,,,,,,,,,,,,,,,,,,,,,,67809,0.0025162934325635433
,,,40,,,,,,,,,,,,,,,,,,,,,,,,,,,,,67819,0.013023577630519867
,,,40,,,,,,,,,,,,,,,,,,,,,,,,,,,,,67829,0.0026340060867369175
,,,40,,,,,,,,,,,,,,,,,,,,,,,,,,,,,67839,0.03268275782465935
,,,40,,,,,,,,,,,,,,,,,,,,,,,,,,,,,67849,0.0008529969491064548
,,,40,,,,,,,,,,,,,,,,,,,,,,,,,,,,,67859,0.002946104621514678
,,,40,,,,,,,,,,,,,,,,,,,,,,,,,,,,,67869,0.01084898505359888
,,,40,,,,,,,,,,,,,,,,,,,,,,,,,,,,,67879,0.25137999653816223
,,,40,,,,,,,,,,,,,,,,,,,,,,,,,,,,,67889,0.016475357115268707
,,,40,,,,,,,,,,,,,,,,,,,,,,,,,,,,,67899,0.0037879077717661858
,,,40,,,,,,,,,,,,,,,,,,,,,,,,,,,,,67909,0.005798530299216509
,,,40,,,,,,,,,,,,,,,,,,,,,,,,,,,,,67919,0.03716146573424339
,,,40,,,,,,,,,,,,,,,,,,,,,,,,,,,,,67929,0.005037003196775913
,,,40,,,,,,,,,,,,,,,,,,,,,,,,,,,,,67939,0.38395965099334717
,,,40,,,,,,,,,,,,,,,,,,,,,,,,,,,,,67949,0.001409349380992353
,,,40,,,,,,,,,,,,,,,,,,,,,,,,,,,,,67959,0.012190782465040684
,,,40,,,,,,,,,,,,,,,,,,,,,,,,,,,,,67969,0.014097332954406738
,,,40,,,,,,,,,,,,,,,,,,,,,,,,,,,,,67979,0.004356171004474163
,,,40,,,,,,,,,,,,,,,,,,,,,,,,,,,,,67989,0.0027820661198347807
,,,40,,,,,,,,,,,,,,,,,,,,,,,,,,,,,67999,0.0038722415920346975
,,,40,,,,,,,,,,,,,,,,,,,,,,,,,,,,,68009,0.0012876364635303617
,,,40,,,,,,,,,,,,,,,,,,,,,,,,,,,,,68019,0.0022337541449815035
,,,40,,,,,,,,,,,,,,,,,,,,,,,,,,,,,68029,0.0027780961245298386
,,,40,,,,,,,,,,,,,,,,,,,,,,,,,,,,,68039,0.11562033742666245
,,,40,,,,,,,,,,,,,,,,,,,,,,,,,,,,,68049,0.004500065930187702
,,,40,,,,,,,,,,,,,,,,,,,,,,,,,,,,,68059,0.0015406616730615497
,,,40,,,,,,,,,,,,,,,,,,,,,,,,,,,,,68069,0.000817056919913739
,,,40,,,,,,,,,,,,,,,,,,,,,,,,,,,,,68079,0.007760468404740095
,,,40,,,,,,,,,,,,,,,,,,,,,,,,,,,,,68089,0.04049021750688553
,,,40,,,,,,,,,,,,,,,,,,,,,,,,,,,,,68099,0.21661865711212158
,,,40,,,,,,,,,,,,,,,,,,,,,,,,,,,,,68109,0.0050957584753632545
,,,40,,,,,,,,,,,,,,,,,,,,,,,,,,,,,68119,0.04106258600950241
,,,40,,,,,,,,,,,,,,,,,,,,,,,,,,,,,68129,0.5169265270233154
,,,40,,,,,,,,,,,,,,,,,,,,,,,,,,,,,68139,0.004413173999637365
,,,,5.431565334472347e-08,3.0427872046342055e-07,4.6812110840526237e-07,4.6812110840526237e-07,7.201863206234804e-07,7.201863206234804e-07,1.1079789548053546e-06,1.1079789548053546e-06,1.704583007392853e-06,1.704583007392853e-06,2.622435395989005e-06,5.431565334472347e-08,2.622435395989005e-06,4.034515993829238e-06,4.034515993829238e-06,6.206947682814212e-06,6.206947682814212e-06,9.549150281252633e-06,9.549150281252633e-06,9.549150281252633e-06,9.549150281252633e-06,8.356254360726687e-08,8.356254360726687e-08,1.2855775939579518e-07,1.2855775939579518e-07,1.9778116830122336e-07,1.9778116830122336e-07,3.0427872046342055e-07,68142,
,,,41,,,,,,,,,,,,,,,,,,,,,,,,,,,,,68149,0.0023910882882773876
,,,41,,,,,,,,,,,,,,,,,,,,,,,,,,,,,68159,0.004719984717667103
,,,41,,,,,,,,,,,,,,,,,,,,,,,,,,,,,68169,0.2971154451370239
,,,41,,,,,,,,,,,,,,,,,,,,,,,,,,,,,68179,0.0027886999305337667
,,,41,,,,,,,,,,,,,,,,,,,,,,,,,,,,,68189,0.0058480822481215
,,,41,,,,,,,,,,,,,,,,,,,,,,,,,,,,,68199,0.05729450285434723
,,,41,,,,,,,,,,,,,,,,,,,,,,,,,,,,,68209,0.6286687254905701
,,,41,,,,,,,,,,,,,,,,,,,,,,,,,,,,,68219,0.038061533123254776
,,,41,,,,,,,,,,,,,,,,,,,,,,,,,,,,,68229,0.14422500133514404
,,,41,,,,,,,,,,,,,,,,,,,,,,,,,,,,,68239,0.007195279933512211
,,,41,,,,,,,,,,,,,,,,,,,,,,,,,,,,,68249,0.002632939023897052
,,,41,,,,,,,,,,,,,,,,,,,,,,,,,,,,,68259,0.0030277131590992212
,,,41,,,,,,,,,,,,,,,,,,,,,,,,,,,,,68269,0.22861404716968536
,,,41,,,,,,,,,,,,,,,,,,,,,,,,,,,,,68279,0.0025208096485584974
,,,41,,,,,,,,,,,,,,,,,,,,,,,,,,,,,68289,0.005227723624557257
,,,41,,,,,,,,,,,,,,,,,,,,,,,,,,,,,68299,0.46399807929992676
,,,41,,,,,,,,,,,,,,,,,,,,,,,,,,,,,68309,0.049272321164608
,,,41,,,,,,,,,,,,,,,,,,,,,,,,,,,,,68319,0.04869579151272774
,,,41,,,,,,,,,,,,,,,,,,,,,,,,,,,,,68329,0.1352369785308838
,,,41,,,,,,,,,,,,,,,,,,,,,,,,,,,,,68339,0.002938018413260579
,,,41,,,,,,,,,,,,,,,,,,,,,,,,,,,,,68349,0.15676143765449524
,,,41,,,,,,,,,,,,,,,,,,,,,,,,,,,,,68359,0.031061802059412003
,,,41,,,,,,,,,,,,,,,,,,,,,,,,,,,,,68369,0.44158849120140076
,,,41,,,,,,,,,,,,,,,,,,,,,,,,,,,,,68379,0.005470846313983202
,,,41,,,,,,,,,,,,,,,,,,,,,,,,,,,,,68389,0.012104933150112629
,,,41,,,,,,,,,,,,,,,,,,,,,,,,,,,,,68399,0.0026279198937118053
,,,41,,,,,,,,,,,,,,,,,,,,,,,,,,,,,68409,0.07745034992694855
,,,41,,,,,,,,,,,,,,,,,,,,,,,,,,,,,68419,0.005920884199440479
,,,41,,,,,,,,,,,,,,,,,,,,,,,,,,,,,68429,0.31796908378601074
,,,41,,,,,,,,,,,,,,,,,,,,,,,,,,,,,68439,0.09819719195365906
,,,41,,,,,,,,,,,,,,,,,,,,,,,,,,,,,68449,0.11680976301431656
,,,41,,,,,,,,,,,,,,,,,,,,,,,,,,,,,68459,0.4425707459449768
,,,41,,,,,,,,,,,,,,,,,,,,,,,,,,,,,68469,0.001973102567717433
,,,41,,,,,,,,,,,,,,,,,,,,,,,,,,,,,68479,0.563816487789154
,,,41,,,,,,,,,,,,,,,,,,,,,,,,,,,,,68489,0.0015253354795277119
,,,41,,,,,,,,,,,,,,,,,,,,,,,,,,,,,68499,0.004691707901656628
,,,41,,,,,,,,,,,,,,,,,,,,,,,,,,,,,68509,0.013184534385800362
,,,41,,,,,,,,,,,,,,,,,,,,,,,,,,,,,68519,0.0026273587718605995
,,,41,,,,,,,,,,,,,,,,,,,,,,,,,,,,,68529,0.0032238841522485018
,,,41,,,,,,,,,,,,,,,,,,,,,,,,,,,,,68539,0.0064723496325314045
,,,41,,,,,,,,,,,,,,,,,,,,,,,,,,,,,68549,0.001855407259427011
,,,41,,,,,,,,,,,,,,,,,,,,,,,,,,,,,68559,0.009298127144575119
,,,41,,,,,,,,,,,,,,,,,,,,,,,,,,,,,68569,0.002752582309767604
,,,41,,,,,,,,,,,,,,,,,,,,,,,,,,,,,68579,0.025552276521921158
,,,41,,,,,,,,,,,,,,,,,,,,,,,,,,,,,68589,0.0019148560240864754
,,,41,,,,,,,,,,,,,,,,,,,,,,,,,,,,,68599,0.004653333220630884
,,,41,,,,,,,,,,,,,,,,,,,,,,,,,,,,,68609,0.04529314115643501
,,,41,,,,,,,,,,,,,,,,,,,,,,,,,,,,,68619,0.0023881264496594667
,,,41,,,,,,,,,,,,,,,,,,,,,,,,,,,,,68629,0.3245723843574524
,,,41,,,,,,,,,,,,,,,,,,,,,,,,,,,,,68639,0.0031429175287485123
,,,41,,,,,,,,,,,,,,,,,,,,,,,,,,,,,68649,0.0021463886369019747
,,,41,,,,,,,,,,,,,,,,,,,,,,,,,,,,,68659,0.02954217791557312
,,,41,,,,,,,,,,,,,,,,,,,,,,,,,,,,,68669,0.0018125079805031419
,,,41,,,,,,,,,,,,,,,,,,,,,,,,,,,,,68679,0.0030903031583875418
,,,41,,,,,,,,,,,,,,,,,,,,,,,,,,,,,68689,0.7130839824676514
,,,41,,,,,,,,,,,,,,,,,,,,,,,,,,,,,68699,0.003926738165318966
,,,41,,,,,,,,,,,,,,,,,,,,,,,,,,,,,68709,0.8751011490821838
,,,41,,,,,,,,,,,,,,,,,,,,,,,,,,,,,68719,0.02234920673072338
,,,41,,,,,,,,,,,,,,,,,,,,,,,,,,,,,68729,0.05495826527476311
,,,41,,,,,,,,,,,,,,,,,,,,,,,,,,,,,68739,0.00835608970373869
,,,41,,,,,,,,,,,,,,,,,,,,,,,,,,,,,68749,0.044772401452064514
,,,41,,,,,,,,,,,,,,,,,,,,,,,,,,,,,68759,0.10401879251003265
,,,41,,,,,,,,,,,,,,,,,,,,,,,,,,,,,68769,0.07778007537126541
,,,41,,,,,,,,,,,,,,,,,,,,,,,,,,,,,68779,0.005108480341732502
,,,41,,,,,,,,,,,,,,,,,,,,,,,,,,,,,68789,0.4091048836708069
,,,41,,,,,,,,,,,,,,,,,,,,,,,,,,,,,68799,0.20107842981815338
,,,41,,,,,,,,,,,,,,,,,,,,,,,,,,,,,68809,0.002965302439406514
,,,41,,,,,,,,,,,,,,,,,,,,,,,,,,,,,68819,0.0023620452266186476
,,,41,,,,,,,,,,,,,,,,,,,,,,,,,,,,,68829,0.0006160995690152049
,,,41,,,,,,,,,,,,,,,,,,,,,,,,,,,,,68839,0.011706359684467316
,,,41,,,,,,,,,,,,,,,,,,,,,,,,,,,,,68849,0.15811868011951447
,,,41,,,,,,,,,,,,,,,,,,,,,,,,,,,,,68859,0.0037923159543424845
,,,41,,,,,,,,,,,,,,,,,,,,,,,,,,,,,68869,0.051480796188116074
,,,41,,,,,,,,,,,,,,,,,,,,,,,,,,,,,68879,0.029516804963350296
,,,41,,,,,,,,,,,,,,,,,,,,,,,,,,,,,68889,0.08935055881738663
,,,41,,,,,,,,,,,,,,,,,,,,,,,,,,,,,68899,0.009001391008496284
,,,41,,,,,,,,,,,,,,,,,,,,,,,,,,,,,68909,0.16049376130104065
,,,41,,,,,,,,,,,,,,,,,,,,,,,,,,,,,68919,0.6707949042320251
,,,41,,,,,,,,,,,,,,,,,,,,,,,,,,,,,68929,0.2731614410877228
,,,41,,,,,,,,,,,,,,,,,,,,,,,,,,,,,68939,0.10615105926990509
,,,41,,,,,,,,,,,,,,,,,,,,,,,,,,,,,68949,0.07464363425970078
,,,41,,,,,,,,,,,,,,,,,,,,,,,,,,,,,68959,0.006196086760610342
,,,41,,,,,,,,,,,,,,,,,,,,,,,,,,,,,68969,0.00207570125348866
,,,41,,,,,,,,,,,,,,,,,,,,,,,,,,,,,68979,0.003112132428213954
,,,41,,,,,,,,,,,,,,,,,,,,,,,,,,,,,68989,0.0059898411855101585
,,,41,,,,,,,,,,,,,,,,,,,,,,,,,,,,,68999,0.02056541107594967
,,,41,,,,,,,,,,,,,,,,,,,,,,,,,,,,,69009,0.0023600109852850437
,,,41,,,,,,,,,,,,,,,,,,,,,,,,,,,,,69019,0.0011805808171629906
,,,41,,,,,,,,,,,,,,,,,,,,,,,,,,,,,69029,0.015568690374493599
,,,41,,,,,,,,,,,,,,,,,,,,,,,,,,,,,69039,0.0018307414138689637
,,,41,,,,,,,,,,,,,,,,,,,,,,,,,,,,,69049,0.18146058917045593
,,,41,,,,,,,,,,,,,,,,,,,,,,,,,,,,,69059,0.009135497733950615
,,,41,,,,,,,,,,,,,,,,,,,,,,,,,,,,,69069,0.0013373962137848139
,,,41,,,,,,,,,,,,,,,,,,,,,,,,,,,,,69079,0.007197723723948002
,,,41,,,,,,,,,,,,,,,,,,,,,,,,,,,,,69089,0.005469577852636576
,,,41,,,,,,,,,,,,,,,,,,,,,,,,,,,,,69099,0.19457730650901794
,,,41,,,,,,,,,,,,,,,,,,,,,,,,,,,,,69109,0.0030271844007074833
,,,41,,,,,,,,,,,,,,,,,,,,,,,,,,,,,69119,0.06169278919696808
,,,41,,,,,,,,,,,,,,,,,,,,,,,,,,,,,69129,0.07492687553167343
,,,41,,,,,,,,,,,,,,,,,,,,,,,,,,,,,69139,0.0027765652630478144
,,,41,,,,,,,,,,,,,,,,,,,,,,,,,,,,,69149,0.03887632489204407
,,,41,,,,,,,,,,,,,,,,,,,,,,,,,,,,,69159,0.0016930990386754274
,,,41,,,,,,,,,,,,,,,,,,,,,,,,,,,,,69169,0.004401537124067545
,,,41,,,,,,,,,,,,,,,,,,,,,,,,,,,,,69179,0.001396365463733673
,,,41,,,,,,,,,,,,,,,,,,,,,,,,,,,,,69189,0.0008766729733906686
,,,41,,,,,,,,,,,,,,,,,,,,,,,,,,,,,69199,0.31571662425994873
,,,41,,,,,,,,,,,,,,,,,,,,,,,,,,,,,69209,0.011539223603904247
,,,41,,,,,,,,,,,,,,,,,,,,,,,,,,,,,69219,0.7114962339401245
,,,41,,,,,,,,,,,,,,,,,,,,,,,,,,,,,69229,0.2641497552394867
,,,41,,,,,,,,,,,,,,,,,,,,,,,,,,,,,69239,0.01248309388756752
,,,41,,,,,,,,,,,,,,,,,,,,,,,,,,,,,69249,0.00432429788634181
,,,41,,,,,,,,,,,,,,,,,,,,,,,,,,,,,69259,0.014147964306175709
,,,41,,,,,,,,,,,,,,,,,,,,,,,,,,,,,69269,0.022074934095144272
,,,41,,,,,,,,,,,,,,,,,,,,,,,,,,,,,69279,0.0025727152824401855
,,,41,,,,,,,,,,,,,,,,,,,,,,,,,,,,,69289,0.004823964089155197
,,,41,,,,,,,,,,,,,,,,,,,,,,,,,,,,,69299,0.012360857799649239
,,,41,,,,,,,,,,,,,,,,,,,,,,,,,,,,,69309,0.09856834262609482
,,,41,,,,,,,,,,,,,,,,,,,,,,,,,,,,,69319,0.027711300179362297
,,,41,,,,,,,,,,,,,,,,,,,,,,,,,,,,,69329,0.02187465690076351
,,,41,,,,,,,,,,,,,,,,,,,,,,,,,,,,,69339,0.11679041385650635
,,,41,,,,,,,,,,,,,,,,,,,,,,,,,,,,,69349,0.001157167600467801
,,,41,,,,,,,,,,,,,,,,,,,,,,,,,,,,,69359,0.009168488904833794
,,,41,,,,,,,,,,,,,,,,,,,,,,,,,,,,,69369,0.008272328414022923
,,,41,,,,,,,,,,,,,,,,,,,,,,,,,,,,,69379,0.0028458540327847004
,,,41,,,,,,,,,,,,,,,,,,,,,,,,,,,,,69389,0.005184488371014595
,,,41,,,,,,,,,,,,,,,,,,,,,,,,,,,,,69399,0.44377630949020386
,,,41,,,,,,,,,,,,,,,,,,,,,,,,,,,,,69409,0.0893137976527214
,,,41,,,,,,,,,,,,,,,,,,,,,,,,,,,,,69419,0.005022571887820959
,,,41,,,,,,,,,,,,,,,,,,,,,,,,,,,,,69429,0.005439074710011482
,,,41,,,,,,,,,,,,,,,,,,,,,,,,,,,,,69439,0.005624699406325817
,,,41,,,,,,,,,,,,,,,,,,,,,,,,,,,,,69449,0.027791304513812065
,,,41,,,,,,,,,,,,,,,,,,,,,,,,,,,,,69459,0.0019478315953165293
,,,41,,,,,,,,,,,,,,,,,,,,,,,,,,,,,69469,0.0009149375255219638
,,,41,,,,,,,,,,,,,,,,,,,,,,,,,,,,,69479,0.16805963218212128
,,,41,,,,,,,,,,,,,,,,,,,,,,,,,,,,,69489,0.0018769340822473168
,,,41,,,,,,,,,,,,,,,,,,,,,,,,,,,,,69499,0.24294623732566833
,,,41,,,,,,,,,,,,,,,,,,,,,,,,,,,,,69509,0.11165211349725723
,,,41,,,,,,,,,,,,,,,,,,,,,,,,,,,,,69519,0.006563196424394846
,,,41,,,,,,,,,,,,,,,,,,,,,,,,,,,,,69529,0.2961641848087311
,,,41,,,,,,,,,,,,,,,,,,,,,,,,,,,,,69539,0.005598228424787521
,,,41,,,,,,,,,,,,,,,,,,,,,,,,,,,,,69549,0.019344119355082512
,,,41,,,,,,,,,,,,,,,,,,,,,,,,,,,,,69559,0.020295238122344017
,,,41,,,,,,,,,,,,,,,,,,,,,,,,,,,,,69569,0.01581096276640892
,,,41,,,,,,,,,,,,,,,,,,,,,,,,,,,,,69579,0.0725182294845581
,,,41,,,,,,,,,,,,,,,,,,,,,,,,,,,,,69589,0.004427040461450815
,,,41,,,,,,,,,,,,,,,,,,,,,,,,,,,,,69599,0.0034271313343197107
,,,41,,,,,,,,,,,,,,,,,,,,,,,,,,,,,69609,0.0018673648592084646
,,,41,,,,,,,,,,,,,,,,,,,,,,,,,,,,,69619,0.3272910714149475
,,,41,,,,,,,,,,,,,,,,,,,,,,,,,,,,,69629,0.0870489701628685
,,,41,,,,,,,,,,,,,,,,,,,,,,,,,,,,,69639,0.036462582647800446
,,,41,,,,,,,,,,,,,,,,,,,,,,,,,,,,,69649,0.008433104492723942
,,,41,,,,,,,,,,,,,,,,,,,,,,,,,,,,,69659,0.06314139813184738
,,,41,,,,,,,,,,,,,,,,,,,,,,,,,,,,,69669,0.00782868079841137
,,,41,,,,,,,,,,,,,,,,,,,,,,,,,,,,,69679,0.0024025472812354565
,,,41,,,,,,,,,,,,,,,,,,,,,,,,,,,,,69689,0.0020772446878254414
,,,41,,,,,,,,,,,,,,,,,,,,,,,,,,,,,69699,0.03455328941345215
,,,41,,,,,,,,,,,,,,,,,,,,,,,,,,,,,69709,0.0054711527191102505
,,,41,,,,,,,,,,,,,,,,,,,,,,,,,,,,,69719,0.00214382610283792
,,,41,,,,,,,,,,,,,,,,,,,,,,,,,,,,,69729,0.001479727798141539
,,,41,,,,,,,,,,,,,,,,,,,,,,,,,,,,,69739,0.039527613669633865
,,,41,,,,,,,,,,,,,,,,,,,,,,,,,,,,,69749,0.26321566104888916
,,,41,,,,,,,,,,,,,,,,,,,,,,,,,,,,,69759,0.9648308157920837
,,,41,,,,,,,,,,,,,,,,,,,,,,,,,,,,,69769,0.0160855483263731
,,,41,,,,,,,,,,,,,,,,,,,,,,,,,,,,,69779,0.2773207128047943
,,,41,,,,,,,,,,,,,,,,,,,,,,,,,,,,,69789,0.3854930102825165
,,,41,,,,,,,,,,,,,,,,,,,,,,,,,,,,,69799,0.17414389550685883
,,,,4.321519031092087e-08,2.420934298430496e-07,3.724514305277685e-07,3.724514305277685e-07,5.730022008119516e-07,5.730022008119516e-07,8.815418474030023e-07,8.815418474030023e-07,1.3562182267738498e-06,1.3562182267738498e-06,2.0864895796520763e-06,4.321519031092087e-08,2.0864895796520763e-06,3.2099839686955018e-06,3.2099839686955018e-06,4.938436874916157e-06,4.938436874916157e-06,7.597595192178702e-06,7.597595192178702e-06,7.597595192178702e-06,7.597595192178702e-06,6.648490817064748e-08,6.648490817064748e-08,1.0228447410868844e-07,1.0228447410868844e-07,1.5736072939798221e-07,1.5736072939798221e-07,2.420934298430496e-07,69804,
,,,42,,,,,,,,,,,,,,,,,,,,,,,,,,,,,69809,1.1204030513763428
,,,42,,,,,,,,,,,,,,,,,,,,,,,,,,,,,69819,0.004222187213599682
,,,42,,,,,,,,,,,,,,,,,,,,,,,,,,,,,69829,0.07230887562036514
,,,42,,,,,,,,,,,,,,,,,,,,,,,,,,,,,69839,0.1816483587026596
,,,42,,,,,,,,,,,,,,,,,,,,,,,,,,,,,69849,0.2476491928100586
,,,42,,,,,,,,,,,,,,,,,,,,,,,,,,,,,69859,0.0028734393417835236
,,,42,,,,,,,,,,,,,,,,,,,,,,,,,,,,,69869,0.0531274750828743
,,,42,,,,,,,,,,,,,,,,,,,,,,,,,,,,,69879,0.04179708659648895
,,,42,,,,,,,,,,,,,,,,,,,,,,,,,,,,,69889,0.001493684365414083
,,,42,,,,,,,,,,,,,,,,,,,,,,,,,,,,,69899,0.002446853555738926
,,,42,,,,,,,,,,,,,,,,,,,,,,,,,,,,,69909,0.0031250566244125366
,,,42,,,,,,,,,,,,,,,,,,,,,,,,,,,,,69919,0.009884721599519253
,,,42,,,,,,,,,,,,,,,,,,,,,,,,,,,,,69929,0.01372646726667881
,,,42,,,,,,,,,,,,,,,,,,,,,,,,,,,,,69939,0.004428327549248934
,,,42,,,,,,,,,,,,,,,,,,,,,,,,,,,,,69949,0.3215521574020386
,,,42,,,,,,,,,,,,,,,,,,,,,,,,,,,,,69959,0.5724593997001648
,,,42,,,,,,,,,,,,,,,,,,,,,,,,,,,,,69969,0.012950606644153595
,,,42,,,,,,,,,,,,,,,,,,,,,,,,,,,,,69979,0.027915652841329575
,,,42,,,,,,,,,,,,,,,,,,,,,,,,,,,,,69989,0.011218988336622715
,,,42,,,,,,,,,,,,,,,,,,,,,,,,,,,,,69999,0.002567173447459936
,,,42,,,,,,,,,,,,,,,,,,,,,,,,,,,,,70009,0.10517781227827072
,,,42,,,,,,,,,,,,,,,,,,,,,,,,,,,,,70019,0.0020532640628516674
,,,42,,,,,,,,,,,,,,,,,,,,,,,,,,,,,70029,0.003130138386040926
,,,42,,,,,,,,,,,,,,,,,,,,,,,,,,,,,70039,0.00488731125369668
,,,42,,,,,,,,,,,,,,,,,,,,,,,,,,,,,70049,0.004900761879980564
,,,42,,,,,,,,,,,,,,,,,,,,,,,,,,,,,70059,0.8450037240982056
,,,42,,,,,,,,,,,,,,,,,,,,,,,,,,,,,70069,0.012122366577386856
,,,42,,,,,,,,,,,,,,,,,,,,,,,,,,,,,70079,0.002975829178467393
,,,42,,,,,,,,,,,,,,,,,,,,,,,,,,,,,70089,0.0013406904181465507
,,,42,,,,,,,,,,,,,,,,,,,,,,,,,,,,,70099,0.003475744975730777
,,,42,,,,,,,,,,,,,,,,,,,,,,,,,,,,,70109,0.0330146886408329
,,,42,,,,,,,,,,,,,,,,,,,,,,,,,,,,,70119,0.3630755841732025
,,,42,,,,,,,,,,,,,,,,,,,,,,,,,,,,,70129,0.0031410311348736286
,,,42,,,,,,,,,,,,,,,,,,,,,,,,,,,,,70139,0.006525406613945961
,,,42,,,,,,,,,,,,,,,,,,,,,,,,,,,,,70149,0.006250916048884392
,,,42,,,,,,,,,,,,,,,,,,,,,,,,,,,,,70159,0.11903753876686096
,,,42,,,,,,,,,,,,,,,,,,,,,,,,,,,,,70169,0.2704451084136963
,,,42,,,,,,,,,,,,,,,,,,,,,,,,,,,,,70179,0.008535288274288177
,,,42,,,,,,,,,,,,,,,,,,,,,,,,,,,,,70189,0.023831546306610107
,,,42,,,,,,,,,,,,,,,,,,,,,,,,,,,,,70199,0.00285225547850132
,,,42,,,,,,,,,,,,,,,,,,,,,,,,,,,,,70209,0.00934319943189621
,,,42,,,,,,,,,,,,,,,,,,,,,,,,,,,,,70219,0.004343369044363499
,,,42,,,,,,,,,,,,,,,,,,,,,,,,,,,,,70229,0.6292875409126282
,,,42,,,,,,,,,,,,,,,,,,,,,,,,,,,,,70239,0.0031136274337768555
,,,42,,,,,,,,,,,,,,,,,,,,,,,,,,,,,70249,0.017701270058751106
,,,42,,,,,,,,,,,,,,,,,,,,,,,,,,,,,70259,0.39341211318969727
,,,42,,,,,,,,,,,,,,,,,,,,,,,,,,,,,70269,0.08150412887334824
,,,42,,,,,,,,,,,,,,,,,,,,,,,,,,,,,70279,0.026352131739258766
,,,42,,,,,,,,,,,,,,,,,,,,,,,,,,,,,70289,0.0031809613574296236
,,,42,,,,,,,,,,,,,,,,,,,,,,,,,,,,,70299,0.007680367212742567
,,,42,,,,,,,,,,,,,,,,,,,,,,,,,,,,,70309,0.016534531489014626
,,,42,,,,,,,,,,,,,,,,,,,,,,,,,,,,,70319,0.00634705601260066
,,,42,,,,,,,,,,,,,,,,,,,,,,,,,,,,,70329,0.005177128594368696
,,,42,,,,,,,,,,,,,,,,,,,,,,,,,,,,,70339,0.006601093802601099
,,,42,,,,,,,,,,,,,,,,,,,,,,,,,,,,,70349,0.07666462659835815
,,,42,,,,,,,,,,,,,,,,,,,,,,,,,,,,,70359,0.17114801704883575
,,,42,,,,,,,,,,,,,,,,,,,,,,,,,,,,,70369,0.001282513840124011
,,,42,,,,,,,,,,,,,,,,,,,,,,,,,,,,,70379,0.01825602538883686
,,,42,,,,,,,,,,,,,,,,,,,,,,,,,,,,,70389,0.002935518743470311
,,,42,,,,,,,,,,,,,,,,,,,,,,,,,,,,,70399,0.006364018190652132
,,,42,,,,,,,,,,,,,,,,,,,,,,,,,,,,,70409,0.0024413105566054583
,,,42,,,,,,,,,,,,,,,,,,,,,,,,,,,,,70419,0.0008460610406473279
,,,42,,,,,,,,,,,,,,,,,,,,,,,,,,,,,70429,0.44743987917900085
,,,42,,,,,,,,,,,,,,,,,,,,,,,,,,,,,70439,0.002041518921032548
,,,42,,,,,,,,,,,,,,,,,,,,,,,,,,,,,70449,0.08142832666635513
,,,42,,,,,,,,,,,,,,,,,,,,,,,,,,,,,70459,0.5736939311027527
,,,42,,,,,,,,,,,,,,,,,,,,,,,,,,,,,70469,0.2585112750530243
,,,42,,,,,,,,,,,,,,,,,,,,,,,,,,,,,70479,0.040080517530441284
,,,42,,,,,,,,,,,,,,,,,,,,,,,,,,,,,70489,0.000663233280647546
,,,42,,,,,,,,,,,,,,,,,,,,,,,,,,,,,70499,0.0024077510461211205
,,,42,,,,,,,,,,,,,,,,,,,,,,,,,,,,,70509,0.005283157806843519
,,,42,,,,,,,,,,,,,,,,,,,,,,,,,,,,,70519,0.005036033224314451
,,,42,,,,,,,,,,,,,,,,,,,,,,,,,,,,,70529,0.004044852685183287
,,,42,,,,,,,,,,,,,,,,,,,,,,,,,,,,,70539,0.021208997815847397
,,,42,,,,,,,,,,,,,,,,,,,,,,,,,,,,,70549,0.0025080591440200806
,,,42,,,,,,,,,,,,,,,,,,,,,,,,,,,,,70559,0.003266047453507781
,,,42,,,,,,,,,,,,,,,,,,,,,,,,,,,,,70569,0.009423373267054558
,,,42,,,,,,,,,,,,,,,,,,,,,,,,,,,,,70579,0.0009175192681141198
,,,42,,,,,,,,,,,,,,,,,,,,,,,,,,,,,70589,0.014446030370891094
,,,42,,,,,,,,,,,,,,,,,,,,,,,,,,,,,70599,0.004494094289839268
,,,42,,,,,,,,,,,,,,,,,,,,,,,,,,,,,70609,0.0018453494412824512
,,,42,,,,,,,,,,,,,,,,,,,,,,,,,,,,,70619,0.003017623210325837
,,,42,,,,,,,,,,,,,,,,,,,,,,,,,,,,,70629,0.004432867281138897
,,,42,,,,,,,,,,,,,,,,,,,,,,,,,,,,,70639,0.01803007908165455
,,,42,,,,,,,,,,,,,,,,,,,,,,,,,,,,,70649,0.14446449279785156
,,,42,,,,,,,,,,,,,,,,,,,,,,,,,,,,,70659,0.004051967523992062
,,,42,,,,,,,,,,,,,,,,,,,,,,,,,,,,,70669,0.021303804591298103
,,,42,,,,,,,,,,,,,,,,,,,,,,,,,,,,,70679,0.0025282995775341988
,,,42,,,,,,,,,,,,,,,,,,,,,,,,,,,,,70689,0.24599741399288177
,,,42,,,,,,,,,,,,,,,,,,,,,,,,,,,,,70699,0.013657302595674992
,,,42,,,,,,,,,,,,,,,,,,,,,,,,,,,,,70709,0.0024376476649194956
,,,42,,,,,,,,,,,,,,,,,,,,,,,,,,,,,70719,0.013429483398795128
,,,42,,,,,,,,,,,,,,,,,,,,,,,,,,,,,70729,0.002645979868248105
,,,42,,,,,,,,,,,,,,,,,,,,,,,,,,,,,70739,0.004950316157191992
,,,42,,,,,,,,,,,,,,,,,,,,,,,,,,,,,70749,0.0066385758109390736
,,,42,,,,,,,,,,,,,,,,,,,,,,,,,,,,,70759,0.43950122594833374
,,,42,,,,,,,,,,,,,,,,,,,,,,,,,,,,,70769,0.09000144153833389
,,,42,,,,,,,,,,,,,,,,,,,,,,,,,,,,,70779,0.0024155855644494295
,,,42,,,,,,,,,,,,,,,,,,,,,,,,,,,,,70789,0.01677894964814186
,,,42,,,,,,,,,,,,,,,,,,,,,,,,,,,,,70799,0.010978558100759983
,,,42,,,,,,,,,,,,,,,,,,,,,,,,,,,,,70809,0.019490519538521767
,,,42,,,,,,,,,,,,,,,,,,,,,,,,,,,,,70819,0.27108120918273926
,,,42,,,,,,,,,,,,,,,,,,,,,,,,,,,,,70829,0.1911018043756485
,,,42,,,,,,,,,,,,,,,,,,,,,,,,,,,,,70839,0.007900668308138847
,,,42,,,,,,,,,,,,,,,,,,,,,,,,,,,,,70849,0.03421593829989433
,,,42,,,,,,,,,,,,,,,,,,,,,,,,,,,,,70859,0.3172389566898346
,,,42,,,,,,,,,,,,,,,,,,,,,,,,,,,,,70869,0.0021084824111312628
,,,42,,,,,,,,,,,,,,,,,,,,,,,,,,,,,70879,0.012377815321087837
,,,42,,,,,,,,,,,,,,,,,,,,,,,,,,,,,70889,0.008675521239638329
,,,42,,,,,,,,,,,,,,,,,,,,,,,,,,,,,70899,0.008764048106968403
,,,42,,,,,,,,,,,,,,,,,,,,,,,,,,,,,70909,0.008547148667275906
,,,42,,,,,,,,,,,,,,,,,,,,,,,,,,,,,70919,0.040855858474969864
,,,42,,,,,,,,,,,,,,,,,,,,,,,,,,,,,70929,0.011012396775186062
,,,42,,,,,,,,,,,,,,,,,,,,,,,,,,,,,70939,0.002600785344839096
,,,42,,,,,,,,,,,,,,,,,,,,,,,,,,,,,70949,0.004620557650923729
,,,42,,,,,,,,,,,,,,,,,,,,,,,,,,,,,70959,0.13938798010349274
,,,42,,,,,,,,,,,,,,,,,,,,,,,,,,,,,70969,0.629952073097229
,,,42,,,,,,,,,,,,,,,,,,,,,,,,,,,,,70979,0.014180968515574932
,,,42,,,,,,,,,,,,,,,,,,,,,,,,,,,,,70989,0.0018062964081764221
,,,42,,,,,,,,,,,,,,,,,,,,,,,,,,,,,70999,0.06714629381895065
,,,42,,,,,,,,,,,,,,,,,,,,,,,,,,,,,71009,0.1384352296590805
,,,42,,,,,,,,,,,,,,,,,,,,,,,,,,,,,71019,0.03182324394583702
,,,42,,,,,,,,,,,,,,,,,,,,,,,,,,,,,71029,0.003495751181617379
,,,42,,,,,,,,,,,,,,,,,,,,,,,,,,,,,71039,0.12723353505134583
,,,42,,,,,,,,,,,,,,,,,,,,,,,,,,,,,71049,0.0007642707787454128
,,,42,,,,,,,,,,,,,,,,,,,,,,,,,,,,,71059,0.0012840552954003215
,,,42,,,,,,,,,,,,,,,,,,,,,,,,,,,,,71069,0.0032111527398228645
,,,42,,,,,,,,,,,,,,,,,,,,,,,,,,,,,71079,0.005611289758235216
,,,42,,,,,,,,,,,,,,,,,,,,,,,,,,,,,71089,0.028380105271935463
,,,42,,,,,,,,,,,,,,,,,,,,,,,,,,,,,71099,0.004419458098709583
,,,42,,,,,,,,,,,,,,,,,,,,,,,,,,,,,71109,0.007534350734204054
,,,42,,,,,,,,,,,,,,,,,,,,,,,,,,,,,71119,0.0015926857013255358
,,,42,,,,,,,,,,,,,,,,,,,,,,,,,,,,,71129,0.0016436884179711342
,,,42,,,,,,,,,,,,,,,,,,,,,,,,,,,,,71139,0.9264972805976868
,,,42,,,,,,,,,,,,,,,,,,,,,,,,,,,,,71149,0.0023057314101606607
,,,42,,,,,,,,,,,,,,,,,,,,,,,,,,,,,71159,0.19524626433849335
,,,42,,,,,,,,,,,,,,,,,,,,,,,,,,,,,71169,0.0027748269494622946
,,,42,,,,,,,,,,,,,,,,,,,,,,,,,,,,,71179,0.0040772887878119946
,,,42,,,,,,,,,,,,,,,,,,,,,,,,,,,,,71189,0.001433945493772626
,,,42,,,,,,,,,,,,,,,,,,,,,,,,,,,,,71199,0.019836144521832466
,,,42,,,,,,,,,,,,,,,,,,,,,,,,,,,,,71209,1.0752825736999512
,,,42,,,,,,,,,,,,,,,,,,,,,,,,,,,,,71219,1.2833120822906494
,,,42,,,,,,,,,,,,,,,,,,,,,,,,,,,,,71229,0.0113134840503335
,,,42,,,,,,,,,,,,,,,,,,,,,,,,,,,,,71239,0.38086235523223877
,,,42,,,,,,,,,,,,,,,,,,,,,,,,,,,,,71249,0.004078606143593788
,,,42,,,,,,,,,,,,,,,,,,,,,,,,,,,,,71259,0.019418347626924515
,,,42,,,,,,,,,,,,,,,,,,,,,,,,,,,,,71269,0.028596116229891777
,,,42,,,,,,,,,,,,,,,,,,,,,,,,,,,,,71279,0.02614676021039486
,,,42,,,,,,,,,,,,,,,,,,,,,,,,,,,,,71289,0.0024024166632443666
,,,42,,,,,,,,,,,,,,,,,,,,,,,,,,,,,71299,0.005201288033276796
,,,42,,,,,,,,,,,,,,,,,,,,,,,,,,,,,71309,0.025390520691871643
,,,42,,,,,,,,,,,,,,,,,,,,,,,,,,,,,71319,0.004046515095978975
,,,42,,,,,,,,,,,,,,,,,,,,,,,,,,,,,71329,0.003321946132928133
,,,42,,,,,,,,,,,,,,,,,,,,,,,,,,,,,71339,0.0029097655788064003
,,,42,,,,,,,,,,,,,,,,,,,,,,,,,,,,,71349,0.0021568401716649532
,,,42,,,,,,,,,,,,,,,,,,,,,,,,,,,,,71359,0.011564837768673897
,,,42,,,,,,,,,,,,,,,,,,,,,,,,,,,,,71369,0.1290072649717331
,,,42,,,,,,,,,,,,,,,,,,,,,,,,,,,,,71379,0.15712758898735046
,,,42,,,,,,,,,,,,,,,,,,,,,,,,,,,,,71389,0.003529521869495511
,,,42,,,,,,,,,,,,,,,,,,,,,,,,,,,,,71399,0.26328590512275696
,,,42,,,,,,,,,,,,,,,,,,,,,,,,,,,,,71409,0.01843803934752941
,,,42,,,,,,,,,,,,,,,,,,,,,,,,,,,,,71419,0.045600730925798416
,,,42,,,,,,,,,,,,,,,,,,,,,,,,,,,,,71429,0.2867041528224945
,,,42,,,,,,,,,,,,,,,,,,,,,,,,,,,,,71439,0.00344010884873569
,,,42,,,,,,,,,,,,,,,,,,,,,,,,,,,,,71449,0.0011852208990603685
,,,42,,,,,,,,,,,,,,,,,,,,,,,,,,,,,71459,0.24779413640499115
,,,,3.3289757633838177e-08,1.8649071185932243e-07,2.869087874758806e-07,2.869087874758806e-07,4.4139813457827784e-07,4.4139813457827784e-07,6.790740531973505e-07,6.790740531973505e-07,1.0447293126113085e-06,1.0447293126113085e-06,1.607275865555859e-06,3.3289757633838177e-08,1.607275865555859e-06,2.4727321008551675e-06,2.4727321008551675e-06,3.8042032320848733e-06,3.8042032320848733e-06,5.852620357053651e-06,5.852620357053651e-06,5.852620357053651e-06,5.852620357053651e-06,5.121501174436641e-08,5.121501174436641e-08,7.879232576056372e-08,7.879232576056372e-08,1.2121896270855957e-07,1.2121896270855957e-07,1.8649071185932243e-07,71466,
,,,43,,,,,,,,,,,,,,,,,,,,,,,,,,,,,71469,0.010286079719662666
,,,43,,,,,,,,,,,,,,,,,,,,,,,,,,,,,71479,0.0014501389814540744
,,,43,,,,,,,,,,,,,,,,,,,,,,,,,,,,,71489,0.01023034006357193
,,,43,,,,,,,,,,,,,,,,,,,,,,,,,,,,,71499,0.03257822245359421
,,,43,,,,,,,,,,,,,,,,,,,,,,,,,,,,,71509,0.0029948654118925333
,,,43,,,,,,,,,,,,,,,,,,,,,,,,,,,,,71519,0.007888762280344963
,,,43,,,,,,,,,,,,,,,,,,,,,,,,,,,,,71529,0.13194291293621063
,,,43,,,,,,,,,,,,,,,,,,,,,,,,,,,,,71539,0.0012292899191379547
,,,43,,,,,,,,,,,,,,,,,,,,,,,,,,,,,71549,0.04157618060708046
,,,43,,,,,,,,,,,,,,,,,,,,,,,,,,,,,71559,0.008003802970051765
,,,43,,,,,,,,,,,,,,,,,,,,,,,,,,,,,71569,0.008086335845291615
,,,43,,,,,,,,,,,,,,,,,,,,,,,,,,,,,71579,0.0006788224563933909
,,,43,,,,,,,,,,,,,,,,,,,,,,,,,,,,,71589,1.2523105144500732
,,,43,,,,,,,,,,,,,,,,,,,,,,,,,,,,,71599,0.612745463848114
,,,43,,,,,,,,,,,,,,,,,,,,,,,,,,,,,71609,0.0824599489569664
,,,43,,,,,,,,,,,,,,,,,,,,,,,,,,,,,71619,0.013403728604316711
,,,43,,,,,,,,,,,,,,,,,,,,,,,,,,,,,71629,0.0219098050147295
,,,43,,,,,,,,,,,,,,,,,,,,,,,,,,,,,71639,0.0028659820090979338
,,,43,,,,,,,,,,,,,,,,,,,,,,,,,,,,,71649,0.5433008670806885
,,,43,,,,,,,,,,,,,,,,,,,,,,,,,,,,,71659,0.006534645799547434
,,,43,,,,,,,,,,,,,,,,,,,,,,,,,,,,,71669,1.351521372795105
,,,43,,,,,,,,,,,,,,,,,,,,,,,,,,,,,71679,0.002924425760284066
,,,43,,,,,,,,,,,,,,,,,,,,,,,,,,,,,71689,0.008948633447289467
,,,43,,,,,,,,,,,,,,,,,,,,,,,,,,,,,71699,0.002565281232818961
,,,43,,,,,,,,,,,,,,,,,,,,,,,,,,,,,71709,0.0016003253404051065
,,,43,,,,,,,,,,,,,,,,,,,,,,,,,,,,,71719,0.02140689082443714
,,,43,,,,,,,,,,,,,,,,,,,,,,,,,,,,,71729,0.0030886433087289333
,,,43,,,,,,,,,,,,,,,,,,,,,,,,,,,,,71739,0.5928906202316284
,,,43,,,,,,,,,,,,,,,,,,,,,,,,,,,,,71749,0.0017276471480727196
,,,43,,,,,,,,,,,,,,,,,,,,,,,,,,,,,71759,0.17944800853729248
,,,43,,,,,,,,,,,,,,,,,,,,,,,,,,,,,71769,0.008671088144183159
,,,43,,,,,,,,,,,,,,,,,,,,,,,,,,,,,71779,0.005808806978166103
,,,43,,,,,,,,,,,,,,,,,,,,,,,,,,,,,71789,0.004682497121393681
,,,43,,,,,,,,,,,,,,,,,,,,,,,,,,,,,71799,0.003284170525148511
,,,43,,,,,,,,,,,,,,,,,,,,,,,,,,,,,71809,0.006975060328841209
,,,43,,,,,,,,,,,,,,,,,,,,,,,,,,,,,71819,0.26515430212020874
,,,43,,,,,,,,,,,,,,,,,,,,,,,,,,,,,71829,0.0024412537459284067
,,,43,,,,,,,,,,,,,,,,,,,,,,,,,,,,,71839,0.019096560776233673
,,,43,,,,,,,,,,,,,,,,,,,,,,,,,,,,,71849,0.020797954872250557
,,,43,,,,,,,,,,,,,,,,,,,,,,,,,,,,,71859,0.09396534413099289
,,,43,,,,,,,,,,,,,,,,,,,,,,,,,,,,,71869,0.0015442069852724671
,,,43,,,,,,,,,,,,,,,,,,,,,,,,,,,,,71879,0.005990393925458193
,,,43,,,,,,,,,,,,,,,,,,,,,,,,,,,,,71889,0.22620852291584015
,,,43,,,,,,,,,,,,,,,,,,,,,,,,,,,,,71899,0.0030853543430566788
,,,43,,,,,,,,,,,,,,,,,,,,,,,,,,,,,71909,0.005495328921824694
,,,43,,,,,,,,,,,,,,,,,,,,,,,,,,,,,71919,0.10265346616506577
,,,43,,,,,,,,,,,,,,,,,,,,,,,,,,,,,71929,0.001172643038444221
,,,43,,,,,,,,,,,,,,,,,,,,,,,,,,,,,71939,0.017016714438796043
,,,43,,,,,,,,,,,,,,,,,,,,,,,,,,,,,71949,0.008850552141666412
,,,43,,,,,,,,,,,,,,,,,,,,,,,,,,,,,71959,0.004679539240896702
,,,43,,,,,,,,,,,,,,,,,,,,,,,,,,,,,71969,0.0015488889766857028
,,,43,,,,,,,,,,,,,,,,,,,,,,,,,,,,,71979,0.10880056023597717
,,,43,,,,,,,,,,,,,,,,,,,,,,,,,,,,,71989,0.0020003248937427998
,,,43,,,,,,,,,,,,,,,,,,,,,,,,,,,,,71999,0.01668211631476879
,,,43,,,,,,,,,,,,,,,,,,,,,,,,,,,,,72009,0.0009523234912194312
,,,43,,,,,,,,,,,,,,,,,,,,,,,,,,,,,72019,0.9225015044212341
,,,43,,,,,,,,,,,,,,,,,,,,,,,,,,,,,72029,0.004658096004277468
,,,43,,,,,,,,,,,,,,,,,,,,,,,,,,,,,72039,0.047234874218702316
,,,43,,,,,,,,,,,,,,,,,,,,,,,,,,,,,72049,0.021026648581027985
,,,43,,,,,,,,,,,,,,,,,,,,,,,,,,,,,72059,0.3717476427555084
,,,43,,,,,,,,,,,,,,,,,,,,,,,,,,,,,72069,0.0033766122069209814
,,,43,,,,,,,,,,,,,,,,,,,,,,,,,,,,,72079,0.0012216202449053526
,,,43,,,,,,,,,,,,,,,,,,,,,,,,,,,,,72089,0.03314219042658806
,,,43,,,,,,,,,,,,,,,,,,,,,,,,,,,,,72099,0.0021049310453236103
,,,43,,,,,,,,,,,,,,,,,,,,,,,,,,,,,72109,0.007054237648844719
,,,43,,,,,,,,,,,,,,,,,,,,,,,,,,,,,72119,0.0030334636103361845
,,,43,,,,,,,,,,,,,,,,,,,,,,,,,,,,,72129,0.004147544968873262
,,,43,,,,,,,,,,,,,,,,,,,,,,,,,,,,,72139,0.019538328051567078
,,,43,,,,,,,,,,,,,,,,,,,,,,,,,,,,,72149,0.004313208162784576
,,,43,,,,,,,,,,,,,,,,,,,,,,,,,,,,,72159,0.0017671693349257112
,,,43,,,,,,,,,,,,,,,,,,,,,,,,,,,,,72169,0.08555333316326141
,,,43,,,,,,,,,,,,,,,,,,,,,,,,,,,,,72179,0.02767791971564293
,,,43,,,,,,,,,,,,,,,,,,,,,,,,,,,,,72189,0.23433074355125427
,,,43,,,,,,,,,,,,,,,,,,,,,,,,,,,,,72199,0.004316980484873056
,,,43,,,,,,,,,,,,,,,,,,,,,,,,,,,,,72209,0.11929094791412354
,,,43,,,,,,,,,,,,,,,,,,,,,,,,,,,,,72219,0.018978552892804146
,,,43,,,,,,,,,,,,,,,,,,,,,,,,,,,,,72229,0.0015721365343779325
,,,43,,,,,,,,,,,,,,,,,,,,,,,,,,,,,72239,0.005264651030302048
,,,43,,,,,,,,,,,,,,,,,,,,,,,,,,,,,72249,0.14212334156036377
,,,43,,,,,,,,,,,,,,,,,,,,,,,,,,,,,72259,0.0026374603621661663
,,,43,,,,,,,,,,,,,,,,,,,,,,,,,,,,,72269,0.04838479682803154
,,,43,,,,,,,,,,,,,,,,,,,,,,,,,,,,,72279,0.0020295903086662292
,,,43,,,,,,,,,,,,,,,,,,,,,,,,,,,,,72289,0.008280675858259201
,,,43,,,,,,,,,,,,,,,,,,,,,,,,,,,,,72299,0.0028666267171502113
,,,43,,,,,,,,,,,,,,,,,,,,,,,,,,,,,72309,0.20465339720249176
,,,43,,,,,,,,,,,,,,,,,,,,,,,,,,,,,72319,0.1855577975511551
,,,43,,,,,,,,,,,,,,,,,,,,,,,,,,,,,72329,0.08267626166343689
,,,43,,,,,,,,,,,,,,,,,,,,,,,,,,,,,72339,0.0018573133274912834
,,,43,,,,,,,,,,,,,,,,,,,,,,,,,,,,,72349,0.00040036984137259424
,,,43,,,,,,,,,,,,,,,,,,,,,,,,,,,,,72359,0.001752147451043129
,,,43,,,,,,,,,,,,,,,,,,,,,,,,,,,,,72369,0.0019481973722577095
,,,43,,,,,,,,,,,,,,,,,,,,,,,,,,,,,72379,0.0031933607533574104
,,,43,,,,,,,,,,,,,,,,,,,,,,,,,,,,,72389,0.023511594161391258
,,,43,,,,,,,,,,,,,,,,,,,,,,,,,,,,,72399,0.004433849360793829
,,,43,,,,,,,,,,,,,,,,,,,,,,,,,,,,,72409,0.0054793101735413074
,,,43,,,,,,,,,,,,,,,,,,,,,,,,,,,,,72419,0.10589130222797394
,,,43,,,,,,,,,,,,,,,,,,,,,,,,,,,,,72429,0.2906323969364166
,,,43,,,,,,,,,,,,,,,,,,,,,,,,,,,,,72439,1.013843297958374
,,,43,,,,,,,,,,,,,,,,,,,,,,,,,,,,,72449,0.041213180869817734
,,,43,,,,,,,,,,,,,,,,,,,,,,,,,,,,,72459,0.004261537920683622
,,,43,,,,,,,,,,,,,,,,,,,,,,,,,,,,,72469,0.38264700770378113
,,,43,,,,,,,,,,,,,,,,,,,,,,,,,,,,,72479,0.0029622050933539867
,,,43,,,,,,,,,,,,,,,,,,,,,,,,,,,,,72489,0.0025708696339279413
,,,43,,,,,,,,,,,,,,,,,,,,,,,,,,,,,72499,0.042728111147880554
,,,43,,,,,,,,,,,,,,,,,,,,,,,,,,,,,72509,0.0034689793828874826
,,,43,,,,,,,,,,,,,,,,,,,,,,,,,,,,,72519,0.0025498594623059034
,,,43,,,,,,,,,,,,,,,,,,,,,,,,,,,,,72529,0.002367798238992691
,,,43,,,,,,,,,,,,,,,,,,,,,,,,,,,,,72539,0.006642068270593882
,,,43,,,,,,,,,,,,,,,,,,,,,,,,,,,,,72549,0.0034845229238271713
,,,43,,,,,,,,,,,,,,,,,,,,,,,,,,,,,72559,0.1855631023645401
,,,43,,,,,,,,,,,,,,,,,,,,,,,,,,,,,72569,0.0018330111633986235
,,,43,,,,,,,,,,,,,,,,,,,,,,,,,,,,,72579,0.016674768179655075
,,,43,,,,,,,,,,,,,,,,,,,,,,,,,,,,,72589,0.0018517253920435905
,,,43,,,,,,,,,,,,,,,,,,,,,,,,,,,,,72599,0.010153348557651043
,,,43,,,,,,,,,,,,,,,,,,,,,,,,,,,,,72609,0.003866472514346242
,,,43,,,,,,,,,,,,,,,,,,,,,,,,,,,,,72619,0.0027276629116386175
,,,43,,,,,,,,,,,,,,,,,,,,,,,,,,,,,72629,0.006082270760089159
,,,43,,,,,,,,,,,,,,,,,,,,,,,,,,,,,72639,0.0811830386519432
,,,43,,,,,,,,,,,,,,,,,,,,,,,,,,,,,72649,0.00262907100841403
,,,43,,,,,,,,,,,,,,,,,,,,,,,,,,,,,72659,0.002152256667613983
,,,43,,,,,,,,,,,,,,,,,,,,,,,,,,,,,72669,0.44706064462661743
,,,43,,,,,,,,,,,,,,,,,,,,,,,,,,,,,72679,0.002040415070950985
,,,43,,,,,,,,,,,,,,,,,,,,,,,,,,,,,72689,0.0021476198453456163
,,,43,,,,,,,,,,,,,,,,,,,,,,,,,,,,,72699,0.04338909313082695
,,,43,,,,,,,,,,,,,,,,,,,,,,,,,,,,,72709,0.008511350490152836
,,,43,,,,,,,,,,,,,,,,,,,,,,,,,,,,,72719,0.15093934535980225
,,,43,,,,,,,,,,,,,,,,,,,,,,,,,,,,,72729,0.0013025401858612895
,,,43,,,,,,,,,,,,,,,,,,,,,,,,,,,,,72739,0.1372809261083603
,,,43,,,,,,,,,,,,,,,,,,,,,,,,,,,,,72749,0.46102696657180786
,,,43,,,,,,,,,,,,,,,,,,,,,,,,,,,,,72759,0.13297782838344574
,,,43,,,,,,,,,,,,,,,,,,,,,,,,,,,,,72769,0.012880872003734112
,,,43,,,,,,,,,,,,,,,,,,,,,,,,,,,,,72779,0.35663753747940063
,,,43,,,,,,,,,,,,,,,,,,,,,,,,,,,,,72789,0.227126345038414
,,,43,,,,,,,,,,,,,,,,,,,,,,,,,,,,,72799,0.01247513759881258
,,,43,,,,,,,,,,,,,,,,,,,,,,,,,,,,,72809,0.02961168810725212
,,,43,,,,,,,,,,,,,,,,,,,,,,,,,,,,,72819,0.00230130716226995
,,,43,,,,,,,,,,,,,,,,,,,,,,,,,,,,,72829,0.0008978486876003444
,,,43,,,,,,,,,,,,,,,,,,,,,,,,,,,,,72839,0.04548047110438347
,,,43,,,,,,,,,,,,,,,,,,,,,,,,,,,,,72849,0.001002133241854608
,,,43,,,,,,,,,,,,,,,,,,,,,,,,,,,,,72859,0.05359382554888725
,,,43,,,,,,,,,,,,,,,,,,,,,,,,,,,,,72869,0.0037836546543985605
,,,43,,,,,,,,,,,,,,,,,,,,,,,,,,,,,72879,0.002973847324028611
,,,43,,,,,,,,,,,,,,,,,,,,,,,,,,,,,72889,0.001953278435394168
,,,43,,,,,,,,,,,,,,,,,,,,,,,,,,,,,72899,0.004001119174063206
,,,43,,,,,,,,,,,,,,,,,,,,,,,,,,,,,72909,0.006022612098604441
,,,43,,,,,,,,,,,,,,,,,,,,,,,,,,,,,72919,0.00149161322042346
,,,43,,,,,,,,,,,,,,,,,,,,,,,,,,,,,72929,0.009150887839496136
,,,43,,,,,,,,,,,,,,,,,,,,,,,,,,,,,72939,0.0021259645000100136
,,,43,,,,,,,,,,,,,,,,,,,,,,,,,,,,,72949,0.0004620013351086527
,,,43,,,,,,,,,,,,,,,,,,,,,,,,,,,,,72959,0.0021843283902853727
,,,43,,,,,,,,,,,,,,,,,,,,,,,,,,,,,72969,0.05673016980290413
,,,43,,,,,,,,,,,,,,,,,,,,,,,,,,,,,72979,0.0007847004453651607
,,,43,,,,,,,,,,,,,,,,,,,,,,,,,,,,,72989,0.016844384372234344
,,,43,,,,,,,,,,,,,,,,,,,,,,,,,,,,,72999,0.05705883353948593
,,,43,,,,,,,,,,,,,,,,,,,,,,,,,,,,,73009,0.0022887063678354025
,,,43,,,,,,,,,,,,,,,,,,,,,,,,,,,,,73019,0.006348030176013708
,,,43,,,,,,,,,,,,,,,,,,,,,,,,,,,,,73029,0.004455968737602234
,,,43,,,,,,,,,,,,,,,,,,,,,,,,,,,,,73039,0.0059319669380784035
,,,43,,,,,,,,,,,,,,,,,,,,,,,,,,,,,73049,1.252229928970337
,,,43,,,,,,,,,,,,,,,,,,,,,,,,,,,,,73059,0.005594028625637293
,,,43,,,,,,,,,,,,,,,,,,,,,,,,,,,,,73069,0.027795881032943726
,,,43,,,,,,,,,,,,,,,,,,,,,,,,,,,,,73079,0.012528851628303528
,,,43,,,,,,,,,,,,,,,,,,,,,,,,,,,,,73089,0.0045569343492388725
,,,43,,,,,,,,,,,,,,,,,,,,,,,,,,,,,73099,0.07210126519203186
,,,43,,,,,,,,,,,,,,,,,,,,,,,,,,,,,73109,0.0026245317421853542
,,,43,,,,,,,,,,,,,,,,,,,,,,,,,,,,,73119,0.003846127539873123
,,,,2.4587711023777133e-08,1.3774145736509018e-07,2.1190993440783103e-07,2.1190993440783103e-07,3.2601528370435543e-07,3.2601528370435543e-07,5.015619749297775e-07,5.015619749297775e-07,7.716338075842731e-07,7.716338075842731e-07,1.1871289347450355e-06,2.4587711023777133e-08,1.1871289347450355e-06,1.8263522073000546e-06,1.8263522073000546e-06,2.8097726266154687e-06,2.8097726266154687e-06,4.322727117869951e-06,4.322727117869951e-06,4.322727117869951e-06,4.322727117869951e-06,3.7827247728887886e-08,3.7827247728887886e-08,5.81957657367506e-08,5.81957657367506e-08,8.953194728730862e-08,8.953194728730862e-08,1.3774145736509018e-07,73128,
,,,44,,,,,,,,,,,,,,,,,,,,,,,,,,,,,73129,0.030458560213446617
,,,44,,,,,,,,,,,,,,,,,,,,,,,,,,,,,73139,0.004674112889915705
,,,44,,,,,,,,,,,,,,,,,,,,,,,,,,,,,73149,0.01634882390499115
,,,44,,,,,,,,,,,,,,,,,,,,,,,,,,,,,73159,0.11270228773355484
,,,44,,,,,,,,,,,,,,,,,,,,,,,,,,,,,73169,0.023440120741724968
,,,44,,,,,,,,,,,,,,,,,,,,,,,,,,,,,73179,0.010925506241619587
,,,44,,,,,,,,,,,,,,,,,,,,,,,,,,,,,73189,0.014502733014523983
,,,44,,,,,,,,,,,,,,,,,,,,,,,,,,,,,73199,0.06500162184238434
,,,44,,,,,,,,,,,,,,,,,,,,,,,,,,,,,73209,0.039457011967897415
,,,44,,,,,,,,,,,,,,,,,,,,,,,,,,,,,73219,0.027199089527130127
,,,44,,,,,,,,,,,,,,,,,,,,,,,,,,,,,73229,0.1292034387588501
,,,44,,,,,,,,,,,,,,,,,,,,,,,,,,,,,73239,0.4114646911621094
,,,44,,,,,,,,,,,,,,,,,,,,,,,,,,,,,73249,0.01209181733429432
,,,44,,,,,,,,,,,,,,,,,,,,,,,,,,,,,73259,0.021331360563635826
,,,44,,,,,,,,,,,,,,,,,,,,,,,,,,,,,73269,0.0020551616325974464
,,,44,,,,,,,,,,,,,,,,,,,,,,,,,,,,,73279,0.5551350116729736
,,,44,,,,,,,,,,,,,,,,,,,,,,,,,,,,,73289,0.005719952285289764
,,,44,,,,,,,,,,,,,,,,,,,,,,,,,,,,,73299,0.021861271932721138
,,,44,,,,,,,,,,,,,,,,,,,,,,,,,,,,,73309,0.00399876618757844
,,,44,,,,,,,,,,,,,,,,,,,,,,,,,,,,,73319,0.0024533101823180914
,,,44,,,,,,,,,,,,,,,,,,,,,,,,,,,,,73329,0.6969248652458191
,,,44,,,,,,,,,,,,,,,,,,,,,,,,,,,,,73339,0.39725053310394287
,,,44,,,,,,,,,,,,,,,,,,,,,,,,,,,,,73349,0.0032245293259620667
,,,44,,,,,,,,,,,,,,,,,,,,,,,,,,,,,73359,0.1913040727376938
,,,44,,,,,,,,,,,,,,,,,,,,,,,,,,,,,73369,0.003778129117563367
,,,44,,,,,,,,,,,,,,,,,,,,,,,,,,,,,73379,0.003479507751762867
,,,44,,,,,,,,,,,,,,,,,,,,,,,,,,,,,73389,1.3735604286193848
,,,44,,,,,,,,,,,,,,,,,,,,,,,,,,,,,73399,0.07898107916116714
,,,44,,,,,,,,,,,,,,,,,,,,,,,,,,,,,73409,0.003961281385272741
,,,44,,,,,,,,,,,,,,,,,,,,,,,,,,,,,73419,0.023796509951353073
,,,44,,,,,,,,,,,,,,,,,,,,,,,,,,,,,73429,0.010561561211943626
,,,44,,,,,,,,,,,,,,,,,,,,,,,,,,,,,73439,0.003376391716301441
,,,44,,,,,,,,,,,,,,,,,,,,,,,,,,,,,73449,0.0027597935404628515
,,,44,,,,,,,,,,,,,,,,,,,,,,,,,,,,,73459,0.0137475049123168
,,,44,,,,,,,,,,,,,,,,,,,,,,,,,,,,,73469,0.006036469247192144
,,,44,,,,,,,,,,,,,,,,,,,,,,,,,,,,,73479,0.05593709275126457
,,,44,,,,,,,,,,,,,,,,,,,,,,,,,,,,,73489,0.3470040261745453
,,,44,,,,,,,,,,,,,,,,,,,,,,,,,,,,,73499,0.06526155769824982
,,,44,,,,,,,,,,,,,,,,,,,,,,,,,,,,,73509,0.009043711237609386
,,,44,,,,,,,,,,,,,,,,,,,,,,,,,,,,,73519,0.06976886093616486
,,,44,,,,,,,,,,,,,,,,,,,,,,,,,,,,,73529,0.050378549844026566
,,,44,,,,,,,,,,,,,,,,,,,,,,,,,,,,,73539,0.3277350962162018
,,,44,,,,,,,,,,,,,,,,,,,,,,,,,,,,,73549,1.6969563961029053
,,,44,,,,,,,,,,,,,,,,,,,,,,,,,,,,,73559,0.005853649228811264
,,,44,,,,,,,,,,,,,,,,,,,,,,,,,,,,,73569,2.6891772747039795
,,,44,,,,,,,,,,,,,,,,,,,,,,,,,,,,,73579,0.2309563159942627
,,,44,,,,,,,,,,,,,,,,,,,,,,,,,,,,,73589,0.5371264815330505
,,,44,,,,,,,,,,,,,,,,,,,,,,,,,,,,,73599,0.09351755678653717
,,,44,,,,,,,,,,,,,,,,,,,,,,,,,,,,,73609,0.5983906984329224
,,,44,,,,,,,,,,,,,,,,,,,,,,,,,,,,,73619,0.0016420470783486962
,,,44,,,,,,,,,,,,,,,,,,,,,,,,,,,,,73629,0.004438899923115969
,,,44,,,,,,,,,,,,,,,,,,,,,,,,,,,,,73639,0.26187193393707275
,,,44,,,,,,,,,,,,,,,,,,,,,,,,,,,,,73649,0.024620654061436653
,,,44,,,,,,,,,,,,,,,,,,,,,,,,,,,,,73659,0.16888195276260376
,,,44,,,,,,,,,,,,,,,,,,,,,,,,,,,,,73669,0.004192046821117401
,,,44,,,,,,,,,,,,,,,,,,,,,,,,,,,,,73679,0.07580182701349258
,,,44,,,,,,,,,,,,,,,,,,,,,,,,,,,,,73689,0.005934269167482853
,,,44,,,,,,,,,,,,,,,,,,,,,,,,,,,,,73699,0.3211808502674103
,,,44,,,,,,,,,,,,,,,,,,,,,,,,,,,,,73709,0.0033972577657550573
,,,44,,,,,,,,,,,,,,,,,,,,,,,,,,,,,73719,0.0026063728146255016
,,,44,,,,,,,,,,,,,,,,,,,,,,,,,,,,,73729,0.6700659990310669
,,,44,,,,,,,,,,,,,,,,,,,,,,,,,,,,,73739,0.012890205718576908
,,,44,,,,,,,,,,,,,,,,,,,,,,,,,,,,,73749,0.002956835087388754
,,,44,,,,,,,,,,,,,,,,,,,,,,,,,,,,,73759,0.03380487486720085
,,,44,,,,,,,,,,,,,,,,,,,,,,,,,,,,,73769,0.025451214984059334
,,,44,,,,,,,,,,,,,,,,,,,,,,,,,,,,,73779,0.006754247937351465
,,,44,,,,,,,,,,,,,,,,,,,,,,,,,,,,,73789,0.0021472859662026167
,,,44,,,,,,,,,,,,,,,,,,,,,,,,,,,,,73799,0.10776856541633606
,,,44,,,,,,,,,,,,,,,,,,,,,,,,,,,,,73809,0.008005506359040737
,,,44,,,,,,,,,,,,,,,,,,,,,,,,,,,,,73819,0.866284966468811
,,,44,,,,,,,,,,,,,,,,,,,,,,,,,,,,,73829,0.0017523549031466246
,,,44,,,,,,,,,,,,,,,,,,,,,,,,,,,,,73839,0.0020783378276973963
,,,44,,,,,,,,,,,,,,,,,,,,,,,,,,,,,73849,0.8092209100723267
,,,44,,,,,,,,,,,,,,,,,,,,,,,,,,,,,73859,0.5606447458267212
,,,44,,,,,,,,,,,,,,,,,,,,,,,,,,,,,73869,0.03559786081314087
,,,44,,,,,,,,,,,,,,,,,,,,,,,,,,,,,73879,0.05563293769955635
,,,44,,,,,,,,,,,,,,,,,,,,,,,,,,,,,73889,0.6466503739356995
,,,44,,,,,,,,,,,,,,,,,,,,,,,,,,,,,73899,0.004312952980399132
,,,44,,,,,,,,,,,,,,,,,,,,,,,,,,,,,73909,0.007690769154578447
,,,44,,,,,,,,,,,,,,,,,,,,,,,,,,,,,73919,0.000878512451890856
,,,44,,,,,,,,,,,,,,,,,,,,,,,,,,,,,73929,0.0014823456294834614
,,,44,,,,,,,,,,,,,,,,,,,,,,,,,,,,,73939,0.0069096991792321205
,,,44,,,,,,,,,,,,,,,,,,,,,,,,,,,,,73949,0.003824319690465927
,,,44,,,,,,,,,,,,,,,,,,,,,,,,,,,,,73959,0.0022494292352348566
,,,44,,,,,,,,,,,,,,,,,,,,,,,,,,,,,73969,0.0013324340106919408
,,,44,,,,,,,,,,,,,,,,,,,,,,,,,,,,,73979,0.09889306873083115
,,,44,,,,,,,,,,,,,,,,,,,,,,,,,,,,,73989,0.0024697082117199898
,,,44,,,,,,,,,,,,,,,,,,,,,,,,,,,,,73999,0.00229220325127244
,,,44,,,,,,,,,,,,,,,,,,,,,,,,,,,,,74009,0.03145578131079674
,,,44,,,,,,,,,,,,,,,,,,,,,,,,,,,,,74019,0.0008398778736591339
,,,44,,,,,,,,,,,,,,,,,,,,,,,,,,,,,74029,0.0022095905151218176
,,,44,,,,,,,,,,,,,,,,,,,,,,,,,,,,,74039,0.009051332250237465
,,,44,,,,,,,,,,,,,,,,,,,,,,,,,,,,,74049,0.017005247995257378
,,,44,,,,,,,,,,,,,,,,,,,,,,,,,,,,,74059,0.02370091713964939
,,,44,,,,,,,,,,,,,,,,,,,,,,,,,,,,,74069,0.009766170755028725
,,,44,,,,,,,,,,,,,,,,,,,,,,,,,,,,,74079,0.08510614931583405
,,,44,,,,,,,,,,,,,,,,,,,,,,,,,,,,,74089,0.015239736065268517
,,,44,,,,,,,,,,,,,,,,,,,,,,,,,,,,,74099,0.8567414879798889
,,,44,,,,,,,,,,,,,,,,,,,,,,,,,,,,,74109,0.10559844970703125
,,,44,,,,,,,,,,,,,,,,,,,,,,,,,,,,,74119,0.007109190337359905
,,,44,,,,,,,,,,,,,,,,,,,,,,,,,,,,,74129,0.01590775139629841
,,,44,,,,,,,,,,,,,,,,,,,,,,,,,,,,,74139,0.04619593173265457
,,,44,,,,,,,,,,,,,,,,,,,,,,,,,,,,,74149,0.011127813719213009
,,,44,,,,,,,,,,,,,,,,,,,,,,,,,,,,,74159,0.008869720622897148
,,,44,,,,,,,,,,,,,,,,,,,,,,,,,,,,,74169,0.2522909939289093
,,,44,,,,,,,,,,,,,,,,,,,,,,,,,,,,,74179,0.00151750014629215
,,,44,,,,,,,,,,,,,,,,,,,,,,,,,,,,,74189,0.005205315072089434
,,,44,,,,,,,,,,,,,,,,,,,,,,,,,,,,,74199,0.0036552511155605316
,,,44,,,,,,,,,,,,,,,,,,,,,,,,,,,,,74209,0.0012893518432974815
,,,44,,,,,,,,,,,,,,,,,,,,,,,,,,,,,74219,0.0021249500568956137
,,,44,,,,,,,,,,,,,,,,,,,,,,,,,,,,,74229,0.0031267497688531876
,,,44,,,,,,,,,,,,,,,,,,,,,,,,,,,,,74239,0.002208099700510502
,,,44,,,,,,,,,,,,,,,,,,,,,,,,,,,,,74249,0.012250381521880627
,,,44,,,,,,,,,,,,,,,,,,,,,,,,,,,,,74259,0.0018026318866759539
,,,44,,,,,,,,,,,,,,,,,,,,,,,,,,,,,74269,0.003320682793855667
,,,44,,,,,,,,,,,,,,,,,,,,,,,,,,,,,74279,0.0008697350276634097
,,,44,,,,,,,,,,,,,,,,,,,,,,,,,,,,,74289,0.001849306863732636
,,,44,,,,,,,,,,,,,,,,,,,,,,,,,,,,,74299,0.1024177074432373
,,,44,,,,,,,,,,,,,,,,,,,,,,,,,,,,,74309,0.002849641488865018
,,,44,,,,,,,,,,,,,,,,,,,,,,,,,,,,,74319,0.1722424030303955
,,,44,,,,,,,,,,,,,,,,,,,,,,,,,,,,,74329,0.02585640363395214
,,,44,,,,,,,,,,,,,,,,,,,,,,,,,,,,,74339,0.004624160472303629
,,,44,,,,,,,,,,,,,,,,,,,,,,,,,,,,,74349,0.013121284544467926
,,,44,,,,,,,,,,,,,,,,,,,,,,,,,,,,,74359,0.005447310861200094
,,,44,,,,,,,,,,,,,,,,,,,,,,,,,,,,,74369,0.002479240298271179
,,,44,,,,,,,,,,,,,,,,,,,,,,,,,,,,,74379,0.0011834152974188328
,,,44,,,,,,,,,,,,,,,,,,,,,,,,,,,,,74389,0.0007704426534473896
,,,44,,,,,,,,,,,,,,,,,,,,,,,,,,,,,74399,0.23661541938781738
,,,44,,,,,,,,,,,,,,,,,,,,,,,,,,,,,74409,0.01610039547085762
,,,44,,,,,,,,,,,,,,,,,,,,,,,,,,,,,74419,0.0034122210927307606
,,,44,,,,,,,,,,,,,,,,,,,,,,,,,,,,,74429,0.005917055997997522
,,,44,,,,,,,,,,,,,,,,,,,,,,,,,,,,,74439,0.0016257454408332705
,,,44,,,,,,,,,,,,,,,,,,,,,,,,,,,,,74449,0.04889972135424614
,,,44,,,,,,,,,,,,,,,,,,,,,,,,,,,,,74459,0.0019221184775233269
,,,44,,,,,,,,,,,,,,,,,,,,,,,,,,,,,74469,0.002376751508563757
,,,44,,,,,,,,,,,,,,,,,,,,,,,,,,,,,74479,0.009231212548911572
,,,44,,,,,,,,,,,,,,,,,,,,,,,,,,,,,74489,0.0350024588406086
,,,44,,,,,,,,,,,,,,,,,,,,,,,,,,,,,74499,0.001528866239823401
,,,44,,,,,,,,,,,,,,,,,,,,,,,,,,,,,74509,0.2600260078907013
,,,44,,,,,,,,,,,,,,,,,,,,,,,,,,,,,74519,0.012132390402257442
,,,44,,,,,,,,,,,,,,,,,,,,,,,,,,,,,74529,0.008358669467270374
,,,44,,,,,,,,,,,,,,,,,,,,,,,,,,,,,74539,0.03442637622356415
,,,44,,,,,,,,,,,,,,,,,,,,,,,,,,,,,74549,0.0016314889071509242
,,,44,,,,,,,,,,,,,,,,,,,,,,,,,,,,,74559,0.1845388412475586
,,,44,,,,,,,,,,,,,,,,,,,,,,,,,,,,,74569,0.013560006394982338
,,,44,,,,,,,,,,,,,,,,,,,,,,,,,,,,,74579,0.004191803280264139
,,,44,,,,,,,,,,,,,,,,,,,,,,,,,,,,,74589,0.428725004196167
,,,44,,,,,,,,,,,,,,,,,,,,,,,,,,,,,74599,0.08808144181966782
,,,44,,,,,,,,,,,,,,,,,,,,,,,,,,,,,74609,0.006600677501410246
,,,44,,,,,,,,,,,,,,,,,,,,,,,,,,,,,74619,0.003028574865311384
,,,44,,,,,,,,,,,,,,,,,,,,,,,,,,,,,74629,0.0012492386158555746
,,,44,,,,,,,,,,,,,,,,,,,,,,,,,,,,,74639,0.0020985177252441645
,,,44,,,,,,,,,,,,,,,,,,,,,,,,,,,,,74649,0.005298394709825516
,,,44,,,,,,,,,,,,,,,,,,,,,,,,,,,,,74659,0.018910404294729233
,,,44,,,,,,,,,,,,,,,,,,,,,,,,,,,,,74669,0.28868210315704346
,,,44,,,,,,,,,,,,,,,,,,,,,,,,,,,,,74679,1.1472842693328857
,,,44,,,,,,,,,,,,,,,,,,,,,,,,,,,,,74689,0.0015638174954801798
,,,44,,,,,,,,,,,,,,,,,,,,,,,,,,,,,74699,0.3097139894962311
,,,44,,,,,,,,,,,,,,,,,,,,,,,,,,,,,74709,0.002168477512896061
,,,44,,,,,,,,,,,,,,,,,,,,,,,,,,,,,74719,0.030675850808620453
,,,44,,,,,,,,,,,,,,,,,,,,,,,,,,,,,74729,0.10193748027086258
,,,44,,,,,,,,,,,,,,,,,,,,,,,,,,,,,74739,0.07442289590835571
,,,44,,,,,,,,,,,,,,,,,,,,,,,,,,,,,74749,0.17648985981941223
,,,44,,,,,,,,,,,,,,,,,,,,,,,,,,,,,74759,0.004492002539336681
,,,44,,,,,,,,,,,,,,,,,,,,,,,,,,,,,74769,0.020321857184171677
,,,44,,,,,,,,,,,,,,,,,,,,,,,,,,,,,74779,0.10056306421756744
,,,44,,,,,,,,,,,,,,,,,,,,,,,,,,,,,74789,0.033867496997117996
0.7965812087059021,0.713629424571991,0.9013539552688599,44,,,,,,,,,,,,,,,,,,,,,,,,,,,,,74789,
