dev_f1,dev_precision,dev_recall,epoch,lr-AdamW/pg1,lr-AdamW/pg10,lr-AdamW/pg11,lr-AdamW/pg12,lr-AdamW/pg13,lr-AdamW/pg14,lr-AdamW/pg15,lr-AdamW/pg16,lr-AdamW/pg17,lr-AdamW/pg18,lr-AdamW/pg19,lr-AdamW/pg2,lr-AdamW/pg20,lr-AdamW/pg21,lr-AdamW/pg22,lr-AdamW/pg23,lr-AdamW/pg24,lr-AdamW/pg25,lr-AdamW/pg26,lr-AdamW/pg27,lr-AdamW/pg28,lr-AdamW/pg3,lr-AdamW/pg4,lr-AdamW/pg5,lr-AdamW/pg6,lr-AdamW/pg7,lr-AdamW/pg8,lr-AdamW/pg9,step,train_loss
,,,,1.1376018126211432e-07,6.372896257812503e-07,9.804455781250004e-07,9.804455781250004e-07,1.5083778125000004e-06,1.5083778125000004e-06,2.3205812500000007e-06,2.3205812500000007e-06,3.570125000000001e-06,3.570125000000001e-06,5.492500000000001e-06,1.1376018126211432e-07,5.492500000000001e-06,8.45e-06,8.45e-06,1.3000000000000003e-05,1.3000000000000003e-05,2e-05,2e-05,2e-05,2e-05,1.7501566348017586e-07,1.7501566348017586e-07,2.6925486689257825e-07,2.6925486689257825e-07,4.142382567578127e-07,4.142382567578127e-07,6.372896257812503e-07,0,
,,,0,,,,,,,,,,,,,,,,,,,,,,,,,,,,,9,14.37779426574707
,,,0,,,,,,,,,,,,,,,,,,,,,,,,,,,,,19,4.349305629730225
,,,0,,,,,,,,,,,,,,,,,,,,,,,,,,,,,29,4.210488796234131
,,,0,,,,,,,,,,,,,,,,,,,,,,,,,,,,,39,3.464200973510742
,,,0,,,,,,,,,,,,,,,,,,,,,,,,,,,,,49,3.143110990524292
,,,0,,,,,,,,,,,,,,,,,,,,,,,,,,,,,59,2.6670050621032715
,,,0,,,,,,,,,,,,,,,,,,,,,,,,,,,,,69,2.284931182861328
,,,0,,,,,,,,,,,,,,,,,,,,,,,,,,,,,79,2.4023845195770264
,,,0,,,,,,,,,,,,,,,,,,,,,,,,,,,,,89,2.505056381225586
,,,0,,,,,,,,,,,,,,,,,,,,,,,,,,,,,99,4.381656169891357
,,,0,,,,,,,,,,,,,,,,,,,,,,,,,,,,,109,2.8192999362945557
,,,0,,,,,,,,,,,,,,,,,,,,,,,,,,,,,119,1.24344801902771
,,,0,,,,,,,,,,,,,,,,,,,,,,,,,,,,,129,1.9248968362808228
,,,0,,,,,,,,,,,,,,,,,,,,,,,,,,,,,139,0.9016523957252502
,,,0,,,,,,,,,,,,,,,,,,,,,,,,,,,,,149,3.2018330097198486
,,,0,,,,,,,,,,,,,,,,,,,,,,,,,,,,,159,1.5270637273788452
,,,0,,,,,,,,,,,,,,,,,,,,,,,,,,,,,169,1.6929931640625
,,,0,,,,,,,,,,,,,,,,,,,,,,,,,,,,,179,0.9424118995666504
,,,0,,,,,,,,,,,,,,,,,,,,,,,,,,,,,189,1.0780878067016602
,,,0,,,,,,,,,,,,,,,,,,,,,,,,,,,,,199,1.4768304824829102
,,,0,,,,,,,,,,,,,,,,,,,,,,,,,,,,,209,0.9005624651908875
,,,0,,,,,,,,,,,,,,,,,,,,,,,,,,,,,219,1.2706283330917358
,,,0,,,,,,,,,,,,,,,,,,,,,,,,,,,,,229,1.1503382921218872
,,,0,,,,,,,,,,,,,,,,,,,,,,,,,,,,,239,0.6319425106048584
,,,0,,,,,,,,,,,,,,,,,,,,,,,,,,,,,249,1.0287144184112549
,,,0,,,,,,,,,,,,,,,,,,,,,,,,,,,,,259,0.7391494512557983
,,,0,,,,,,,,,,,,,,,,,,,,,,,,,,,,,269,0.10401687026023865
,,,0,,,,,,,,,,,,,,,,,,,,,,,,,,,,,279,1.4569342136383057
,,,0,,,,,,,,,,,,,,,,,,,,,,,,,,,,,289,0.4457437992095947
,,,0,,,,,,,,,,,,,,,,,,,,,,,,,,,,,299,0.2685304284095764
,,,0,,,,,,,,,,,,,,,,,,,,,,,,,,,,,309,0.46727991104125977
,,,0,,,,,,,,,,,,,,,,,,,,,,,,,,,,,319,0.5760216116905212
,,,0,,,,,,,,,,,,,,,,,,,,,,,,,,,,,329,5.897304058074951
,,,0,,,,,,,,,,,,,,,,,,,,,,,,,,,,,339,1.783748984336853
,,,0,,,,,,,,,,,,,,,,,,,,,,,,,,,,,349,0.20509715378284454
,,,0,,,,,,,,,,,,,,,,,,,,,,,,,,,,,359,0.657729983329773
,,,0,,,,,,,,,,,,,,,,,,,,,,,,,,,,,369,3.011692523956299
,,,0,,,,,,,,,,,,,,,,,,,,,,,,,,,,,379,0.6817052960395813
,,,0,,,,,,,,,,,,,,,,,,,,,,,,,,,,,389,2.105638265609741
,,,0,,,,,,,,,,,,,,,,,,,,,,,,,,,,,399,1.6247657537460327
,,,0,,,,,,,,,,,,,,,,,,,,,,,,,,,,,409,1.427335500717163
,,,0,,,,,,,,,,,,,,,,,,,,,,,,,,,,,419,0.23979142308235168
,,,0,,,,,,,,,,,,,,,,,,,,,,,,,,,,,429,1.176383137702942
,,,0,,,,,,,,,,,,,,,,,,,,,,,,,,,,,439,0.7535192966461182
,,,0,,,,,,,,,,,,,,,,,,,,,,,,,,,,,449,0.4061727225780487
,,,0,,,,,,,,,,,,,,,,,,,,,,,,,,,,,459,1.1016108989715576
,,,0,,,,,,,,,,,,,,,,,,,,,,,,,,,,,469,0.23881521821022034
,,,0,,,,,,,,,,,,,,,,,,,,,,,,,,,,,479,1.9679821729660034
,,,0,,,,,,,,,,,,,,,,,,,,,,,,,,,,,489,0.9896435737609863
,,,0,,,,,,,,,,,,,,,,,,,,,,,,,,,,,499,3.0056681632995605
,,,0,,,,,,,,,,,,,,,,,,,,,,,,,,,,,509,0.5329437255859375
,,,0,,,,,,,,,,,,,,,,,,,,,,,,,,,,,519,1.499129295349121
,,,0,,,,,,,,,,,,,,,,,,,,,,,,,,,,,529,0.6139306426048279
,,,0,,,,,,,,,,,,,,,,,,,,,,,,,,,,,539,1.0878249406814575
,,,0,,,,,,,,,,,,,,,,,,,,,,,,,,,,,549,0.5199999213218689
,,,0,,,,,,,,,,,,,,,,,,,,,,,,,,,,,559,1.052855134010315
,,,0,,,,,,,,,,,,,,,,,,,,,,,,,,,,,569,0.22105634212493896
,,,0,,,,,,,,,,,,,,,,,,,,,,,,,,,,,579,1.9120761156082153
,,,0,,,,,,,,,,,,,,,,,,,,,,,,,,,,,589,0.31872281432151794
,,,0,,,,,,,,,,,,,,,,,,,,,,,,,,,,,599,0.15358097851276398
,,,0,,,,,,,,,,,,,,,,,,,,,,,,,,,,,609,0.6047114729881287
,,,0,,,,,,,,,,,,,,,,,,,,,,,,,,,,,619,0.03355451673269272
,,,0,,,,,,,,,,,,,,,,,,,,,,,,,,,,,629,0.5142110586166382
,,,0,,,,,,,,,,,,,,,,,,,,,,,,,,,,,639,0.2199716866016388
,,,0,,,,,,,,,,,,,,,,,,,,,,,,,,,,,649,0.5665607452392578
,,,0,,,,,,,,,,,,,,,,,,,,,,,,,,,,,659,0.29004719853401184
,,,0,,,,,,,,,,,,,,,,,,,,,,,,,,,,,669,0.925401508808136
,,,0,,,,,,,,,,,,,,,,,,,,,,,,,,,,,679,1.6004828214645386
,,,0,,,,,,,,,,,,,,,,,,,,,,,,,,,,,689,0.25060921907424927
,,,0,,,,,,,,,,,,,,,,,,,,,,,,,,,,,699,0.6786931157112122
,,,,2.2752036252422864e-07,1.2745792515625007e-06,1.9608911562500008e-06,1.9608911562500008e-06,3.0167556250000008e-06,3.0167556250000008e-06,4.641162500000001e-06,4.641162500000001e-06,7.140250000000002e-06,7.140250000000002e-06,1.0985000000000002e-05,2.2752036252422864e-07,1.0985000000000002e-05,1.69e-05,1.69e-05,2.6000000000000005e-05,2.6000000000000005e-05,4e-05,4e-05,4e-05,4e-05,3.500313269603517e-07,3.500313269603517e-07,5.385097337851565e-07,5.385097337851565e-07,8.284765135156254e-07,8.284765135156254e-07,1.2745792515625007e-06,701,
,,,1,,,,,,,,,,,,,,,,,,,,,,,,,,,,,709,0.5246866345405579
,,,1,,,,,,,,,,,,,,,,,,,,,,,,,,,,,719,0.13021671772003174
,,,1,,,,,,,,,,,,,,,,,,,,,,,,,,,,,729,0.49394798278808594
,,,1,,,,,,,,,,,,,,,,,,,,,,,,,,,,,739,1.0580317974090576
,,,1,,,,,,,,,,,,,,,,,,,,,,,,,,,,,749,0.32022523880004883
,,,1,,,,,,,,,,,,,,,,,,,,,,,,,,,,,759,2.6541714668273926
,,,1,,,,,,,,,,,,,,,,,,,,,,,,,,,,,769,1.6276934146881104
,,,1,,,,,,,,,,,,,,,,,,,,,,,,,,,,,779,0.43499955534935
,,,1,,,,,,,,,,,,,,,,,,,,,,,,,,,,,789,2.952263355255127
,,,1,,,,,,,,,,,,,,,,,,,,,,,,,,,,,799,0.3510127663612366
,,,1,,,,,,,,,,,,,,,,,,,,,,,,,,,,,809,1.3498154878616333
,,,1,,,,,,,,,,,,,,,,,,,,,,,,,,,,,819,0.567215621471405
,,,1,,,,,,,,,,,,,,,,,,,,,,,,,,,,,829,0.4780084192752838
,,,1,,,,,,,,,,,,,,,,,,,,,,,,,,,,,839,1.3017383813858032
,,,1,,,,,,,,,,,,,,,,,,,,,,,,,,,,,849,0.13501864671707153
,,,1,,,,,,,,,,,,,,,,,,,,,,,,,,,,,859,0.3416081964969635
,,,1,,,,,,,,,,,,,,,,,,,,,,,,,,,,,869,0.8329161405563354
,,,1,,,,,,,,,,,,,,,,,,,,,,,,,,,,,879,1.910992980003357
,,,1,,,,,,,,,,,,,,,,,,,,,,,,,,,,,889,0.5746491551399231
,,,1,,,,,,,,,,,,,,,,,,,,,,,,,,,,,899,0.13461880385875702
,,,1,,,,,,,,,,,,,,,,,,,,,,,,,,,,,909,0.10318218171596527
,,,1,,,,,,,,,,,,,,,,,,,,,,,,,,,,,919,0.4599337577819824
,,,1,,,,,,,,,,,,,,,,,,,,,,,,,,,,,929,0.5489399433135986
,,,1,,,,,,,,,,,,,,,,,,,,,,,,,,,,,939,0.6298531889915466
,,,1,,,,,,,,,,,,,,,,,,,,,,,,,,,,,949,1.02928626537323
,,,1,,,,,,,,,,,,,,,,,,,,,,,,,,,,,959,0.45486539602279663
,,,1,,,,,,,,,,,,,,,,,,,,,,,,,,,,,969,0.1740056276321411
,,,1,,,,,,,,,,,,,,,,,,,,,,,,,,,,,979,0.4319845736026764
,,,1,,,,,,,,,,,,,,,,,,,,,,,,,,,,,989,3.090644598007202
,,,1,,,,,,,,,,,,,,,,,,,,,,,,,,,,,999,0.7427897453308105
,,,1,,,,,,,,,,,,,,,,,,,,,,,,,,,,,1009,0.14673686027526855
,,,1,,,,,,,,,,,,,,,,,,,,,,,,,,,,,1019,0.107541523873806
,,,1,,,,,,,,,,,,,,,,,,,,,,,,,,,,,1029,0.09034913778305054
,,,1,,,,,,,,,,,,,,,,,,,,,,,,,,,,,1039,0.5196995735168457
,,,1,,,,,,,,,,,,,,,,,,,,,,,,,,,,,1049,0.368582159280777
,,,1,,,,,,,,,,,,,,,,,,,,,,,,,,,,,1059,0.6921542286872864
,,,1,,,,,,,,,,,,,,,,,,,,,,,,,,,,,1069,0.29970163106918335
,,,1,,,,,,,,,,,,,,,,,,,,,,,,,,,,,1079,0.8833982348442078
,,,1,,,,,,,,,,,,,,,,,,,,,,,,,,,,,1089,0.21284787356853485
,,,1,,,,,,,,,,,,,,,,,,,,,,,,,,,,,1099,0.40403875708580017
,,,1,,,,,,,,,,,,,,,,,,,,,,,,,,,,,1109,1.3842958211898804
,,,1,,,,,,,,,,,,,,,,,,,,,,,,,,,,,1119,0.4579642415046692
,,,1,,,,,,,,,,,,,,,,,,,,,,,,,,,,,1129,1.0604497194290161
,,,1,,,,,,,,,,,,,,,,,,,,,,,,,,,,,1139,0.369658499956131
,,,1,,,,,,,,,,,,,,,,,,,,,,,,,,,,,1149,0.7418560981750488
,,,1,,,,,,,,,,,,,,,,,,,,,,,,,,,,,1159,0.12911495566368103
,,,1,,,,,,,,,,,,,,,,,,,,,,,,,,,,,1169,0.2160794585943222
,,,1,,,,,,,,,,,,,,,,,,,,,,,,,,,,,1179,0.4368550181388855
,,,1,,,,,,,,,,,,,,,,,,,,,,,,,,,,,1189,0.24937796592712402
,,,1,,,,,,,,,,,,,,,,,,,,,,,,,,,,,1199,0.2582590878009796
,,,1,,,,,,,,,,,,,,,,,,,,,,,,,,,,,1209,0.47326192259788513
,,,1,,,,,,,,,,,,,,,,,,,,,,,,,,,,,1219,0.5338663458824158
,,,1,,,,,,,,,,,,,,,,,,,,,,,,,,,,,1229,1.664070725440979
,,,1,,,,,,,,,,,,,,,,,,,,,,,,,,,,,1239,1.5738855600357056
,,,1,,,,,,,,,,,,,,,,,,,,,,,,,,,,,1249,0.4982338547706604
,,,1,,,,,,,,,,,,,,,,,,,,,,,,,,,,,1259,0.7255507707595825
,,,1,,,,,,,,,,,,,,,,,,,,,,,,,,,,,1269,1.8159053325653076
,,,1,,,,,,,,,,,,,,,,,,,,,,,,,,,,,1279,1.280276894569397
,,,1,,,,,,,,,,,,,,,,,,,,,,,,,,,,,1289,1.0685441493988037
,,,1,,,,,,,,,,,,,,,,,,,,,,,,,,,,,1299,0.09214364737272263
,,,1,,,,,,,,,,,,,,,,,,,,,,,,,,,,,1309,0.1403404325246811
,,,1,,,,,,,,,,,,,,,,,,,,,,,,,,,,,1319,0.3011643588542938
,,,1,,,,,,,,,,,,,,,,,,,,,,,,,,,,,1329,0.9338716268539429
,,,1,,,,,,,,,,,,,,,,,,,,,,,,,,,,,1339,0.38696959614753723
,,,1,,,,,,,,,,,,,,,,,,,,,,,,,,,,,1349,1.966611385345459
,,,1,,,,,,,,,,,,,,,,,,,,,,,,,,,,,1359,0.704390823841095
,,,1,,,,,,,,,,,,,,,,,,,,,,,,,,,,,1369,0.2838438153266907
,,,1,,,,,,,,,,,,,,,,,,,,,,,,,,,,,1379,0.14007911086082458
,,,1,,,,,,,,,,,,,,,,,,,,,,,,,,,,,1389,0.14818710088729858
,,,1,,,,,,,,,,,,,,,,,,,,,,,,,,,,,1399,2.707134246826172
,,,,3.4128054378634294e-07,1.911868877343751e-06,2.9413367343750007e-06,2.9413367343750007e-06,4.525133437500001e-06,4.525133437500001e-06,6.961743750000001e-06,6.961743750000001e-06,1.0710375000000002e-05,1.0710375000000002e-05,1.6477500000000003e-05,3.4128054378634294e-07,1.6477500000000003e-05,2.5350000000000003e-05,2.5350000000000003e-05,3.9000000000000006e-05,3.9000000000000006e-05,6e-05,6e-05,6e-05,6e-05,5.250469904405275e-07,5.250469904405275e-07,8.077646006777347e-07,8.077646006777347e-07,1.2427147702734379e-06,1.2427147702734379e-06,1.911868877343751e-06,1402,
,,,2,,,,,,,,,,,,,,,,,,,,,,,,,,,,,1409,0.08470030128955841
,,,2,,,,,,,,,,,,,,,,,,,,,,,,,,,,,1419,0.31005629897117615
,,,2,,,,,,,,,,,,,,,,,,,,,,,,,,,,,1429,1.1990092992782593
,,,2,,,,,,,,,,,,,,,,,,,,,,,,,,,,,1439,0.4885573983192444
,,,2,,,,,,,,,,,,,,,,,,,,,,,,,,,,,1449,0.15028294920921326
,,,2,,,,,,,,,,,,,,,,,,,,,,,,,,,,,1459,0.1425633430480957
,,,2,,,,,,,,,,,,,,,,,,,,,,,,,,,,,1469,0.26084938645362854
,,,2,,,,,,,,,,,,,,,,,,,,,,,,,,,,,1479,1.280836582183838
,,,2,,,,,,,,,,,,,,,,,,,,,,,,,,,,,1489,0.2335614114999771
,,,2,,,,,,,,,,,,,,,,,,,,,,,,,,,,,1499,0.31868594884872437
,,,2,,,,,,,,,,,,,,,,,,,,,,,,,,,,,1509,0.5743314027786255
,,,2,,,,,,,,,,,,,,,,,,,,,,,,,,,,,1519,0.06702248752117157
,,,2,,,,,,,,,,,,,,,,,,,,,,,,,,,,,1529,0.5707656145095825
,,,2,,,,,,,,,,,,,,,,,,,,,,,,,,,,,1539,0.3962135910987854
,,,2,,,,,,,,,,,,,,,,,,,,,,,,,,,,,1549,0.32796040177345276
,,,2,,,,,,,,,,,,,,,,,,,,,,,,,,,,,1559,0.1942318081855774
,,,2,,,,,,,,,,,,,,,,,,,,,,,,,,,,,1569,1.3270002603530884
,,,2,,,,,,,,,,,,,,,,,,,,,,,,,,,,,1579,0.1500283032655716
,,,2,,,,,,,,,,,,,,,,,,,,,,,,,,,,,1589,0.10880567878484726
,,,2,,,,,,,,,,,,,,,,,,,,,,,,,,,,,1599,0.2749977111816406
,,,2,,,,,,,,,,,,,,,,,,,,,,,,,,,,,1609,0.12192188203334808
,,,2,,,,,,,,,,,,,,,,,,,,,,,,,,,,,1619,0.06083987280726433
,,,2,,,,,,,,,,,,,,,,,,,,,,,,,,,,,1629,0.3045584261417389
,,,2,,,,,,,,,,,,,,,,,,,,,,,,,,,,,1639,1.0602740049362183
,,,2,,,,,,,,,,,,,,,,,,,,,,,,,,,,,1649,0.44107356667518616
,,,2,,,,,,,,,,,,,,,,,,,,,,,,,,,,,1659,0.28036096692085266
,,,2,,,,,,,,,,,,,,,,,,,,,,,,,,,,,1669,0.6633068919181824
,,,2,,,,,,,,,,,,,,,,,,,,,,,,,,,,,1679,1.272876262664795
,,,2,,,,,,,,,,,,,,,,,,,,,,,,,,,,,1689,0.3573165833950043
,,,2,,,,,,,,,,,,,,,,,,,,,,,,,,,,,1699,0.70192551612854
,,,2,,,,,,,,,,,,,,,,,,,,,,,,,,,,,1709,0.15055179595947266
,,,2,,,,,,,,,,,,,,,,,,,,,,,,,,,,,1719,0.16627012193202972
,,,2,,,,,,,,,,,,,,,,,,,,,,,,,,,,,1729,3.208447217941284
,,,2,,,,,,,,,,,,,,,,,,,,,,,,,,,,,1739,1.35212242603302
,,,2,,,,,,,,,,,,,,,,,,,,,,,,,,,,,1749,0.6846933364868164
,,,2,,,,,,,,,,,,,,,,,,,,,,,,,,,,,1759,0.04625023528933525
,,,2,,,,,,,,,,,,,,,,,,,,,,,,,,,,,1769,0.4506286680698395
,,,2,,,,,,,,,,,,,,,,,,,,,,,,,,,,,1779,0.06575529277324677
,,,2,,,,,,,,,,,,,,,,,,,,,,,,,,,,,1789,0.5117941498756409
,,,2,,,,,,,,,,,,,,,,,,,,,,,,,,,,,1799,0.4322723150253296
,,,2,,,,,,,,,,,,,,,,,,,,,,,,,,,,,1809,0.9777643084526062
,,,2,,,,,,,,,,,,,,,,,,,,,,,,,,,,,1819,1.163440227508545
,,,2,,,,,,,,,,,,,,,,,,,,,,,,,,,,,1829,0.2815488874912262
,,,2,,,,,,,,,,,,,,,,,,,,,,,,,,,,,1839,0.279776394367218
,,,2,,,,,,,,,,,,,,,,,,,,,,,,,,,,,1849,0.951094925403595
,,,2,,,,,,,,,,,,,,,,,,,,,,,,,,,,,1859,0.5363305807113647
,,,2,,,,,,,,,,,,,,,,,,,,,,,,,,,,,1869,0.2591767907142639
,,,2,,,,,,,,,,,,,,,,,,,,,,,,,,,,,1879,0.30501416325569153
,,,2,,,,,,,,,,,,,,,,,,,,,,,,,,,,,1889,0.15794260799884796
,,,2,,,,,,,,,,,,,,,,,,,,,,,,,,,,,1899,0.7611817717552185
,,,2,,,,,,,,,,,,,,,,,,,,,,,,,,,,,1909,0.688393235206604
,,,2,,,,,,,,,,,,,,,,,,,,,,,,,,,,,1919,0.2935904562473297
,,,2,,,,,,,,,,,,,,,,,,,,,,,,,,,,,1929,2.2604920864105225
,,,2,,,,,,,,,,,,,,,,,,,,,,,,,,,,,1939,0.49074164032936096
,,,2,,,,,,,,,,,,,,,,,,,,,,,,,,,,,1949,0.14576880633831024
,,,2,,,,,,,,,,,,,,,,,,,,,,,,,,,,,1959,0.09417224675416946
,,,2,,,,,,,,,,,,,,,,,,,,,,,,,,,,,1969,0.3945179879665375
,,,2,,,,,,,,,,,,,,,,,,,,,,,,,,,,,1979,0.6793181896209717
,,,2,,,,,,,,,,,,,,,,,,,,,,,,,,,,,1989,0.12210766971111298
,,,2,,,,,,,,,,,,,,,,,,,,,,,,,,,,,1999,0.3618670105934143
,,,2,,,,,,,,,,,,,,,,,,,,,,,,,,,,,2009,0.32620057463645935
,,,2,,,,,,,,,,,,,,,,,,,,,,,,,,,,,2019,0.07581586390733719
,,,2,,,,,,,,,,,,,,,,,,,,,,,,,,,,,2029,0.1531122922897339
,,,2,,,,,,,,,,,,,,,,,,,,,,,,,,,,,2039,0.6982125043869019
,,,2,,,,,,,,,,,,,,,,,,,,,,,,,,,,,2049,0.02802121266722679
,,,2,,,,,,,,,,,,,,,,,,,,,,,,,,,,,2059,1.2907439470291138
,,,2,,,,,,,,,,,,,,,,,,,,,,,,,,,,,2069,0.143328458070755
,,,2,,,,,,,,,,,,,,,,,,,,,,,,,,,,,2079,0.05995937064290047
,,,2,,,,,,,,,,,,,,,,,,,,,,,,,,,,,2089,0.19932158291339874
,,,2,,,,,,,,,,,,,,,,,,,,,,,,,,,,,2099,0.11315426975488663
,,,,4.550407250484573e-07,2.5491585031250013e-06,3.9217823125000015e-06,3.9217823125000015e-06,6.0335112500000015e-06,6.0335112500000015e-06,9.282325000000003e-06,9.282325000000003e-06,1.4280500000000003e-05,1.4280500000000003e-05,2.1970000000000005e-05,4.550407250484573e-07,2.1970000000000005e-05,3.38e-05,3.38e-05,5.200000000000001e-05,5.200000000000001e-05,8e-05,8e-05,8e-05,8e-05,7.000626539207035e-07,7.000626539207035e-07,1.077019467570313e-06,1.077019467570313e-06,1.6569530270312508e-06,1.6569530270312508e-06,2.5491585031250013e-06,2103,
,,,3,,,,,,,,,,,,,,,,,,,,,,,,,,,,,2109,0.08025898784399033
,,,3,,,,,,,,,,,,,,,,,,,,,,,,,,,,,2119,0.4386540949344635
,,,3,,,,,,,,,,,,,,,,,,,,,,,,,,,,,2129,0.6415622234344482
,,,3,,,,,,,,,,,,,,,,,,,,,,,,,,,,,2139,0.8233660459518433
,,,3,,,,,,,,,,,,,,,,,,,,,,,,,,,,,2149,1.5863351821899414
,,,3,,,,,,,,,,,,,,,,,,,,,,,,,,,,,2159,0.3383401036262512
,,,3,,,,,,,,,,,,,,,,,,,,,,,,,,,,,2169,1.07331383228302
,,,3,,,,,,,,,,,,,,,,,,,,,,,,,,,,,2179,0.4600926339626312
,,,3,,,,,,,,,,,,,,,,,,,,,,,,,,,,,2189,0.06601349264383316
,,,3,,,,,,,,,,,,,,,,,,,,,,,,,,,,,2199,1.1855882406234741
,,,3,,,,,,,,,,,,,,,,,,,,,,,,,,,,,2209,0.046668265014886856
,,,3,,,,,,,,,,,,,,,,,,,,,,,,,,,,,2219,0.640296459197998
,,,3,,,,,,,,,,,,,,,,,,,,,,,,,,,,,2229,0.09282200783491135
,,,3,,,,,,,,,,,,,,,,,,,,,,,,,,,,,2239,0.26561248302459717
,,,3,,,,,,,,,,,,,,,,,,,,,,,,,,,,,2249,0.20611543953418732
,,,3,,,,,,,,,,,,,,,,,,,,,,,,,,,,,2259,0.18903514742851257
,,,3,,,,,,,,,,,,,,,,,,,,,,,,,,,,,2269,0.6400282382965088
,,,3,,,,,,,,,,,,,,,,,,,,,,,,,,,,,2279,0.7010216116905212
,,,3,,,,,,,,,,,,,,,,,,,,,,,,,,,,,2289,0.09950403869152069
,,,3,,,,,,,,,,,,,,,,,,,,,,,,,,,,,2299,0.21462564170360565
,,,3,,,,,,,,,,,,,,,,,,,,,,,,,,,,,2309,0.1840556263923645
,,,3,,,,,,,,,,,,,,,,,,,,,,,,,,,,,2319,0.04463658109307289
,,,3,,,,,,,,,,,,,,,,,,,,,,,,,,,,,2329,0.16682127118110657
,,,3,,,,,,,,,,,,,,,,,,,,,,,,,,,,,2339,1.5933154821395874
,,,3,,,,,,,,,,,,,,,,,,,,,,,,,,,,,2349,3.1948118209838867
,,,3,,,,,,,,,,,,,,,,,,,,,,,,,,,,,2359,0.5574105381965637
,,,3,,,,,,,,,,,,,,,,,,,,,,,,,,,,,2369,0.5425367951393127
,,,3,,,,,,,,,,,,,,,,,,,,,,,,,,,,,2379,1.1508170366287231
,,,3,,,,,,,,,,,,,,,,,,,,,,,,,,,,,2389,0.18473678827285767
,,,3,,,,,,,,,,,,,,,,,,,,,,,,,,,,,2399,0.033608630299568176
,,,3,,,,,,,,,,,,,,,,,,,,,,,,,,,,,2409,0.8138979077339172
,,,3,,,,,,,,,,,,,,,,,,,,,,,,,,,,,2419,0.05677506700158119
,,,3,,,,,,,,,,,,,,,,,,,,,,,,,,,,,2429,0.05113158002495766
,,,3,,,,,,,,,,,,,,,,,,,,,,,,,,,,,2439,0.3720042109489441
,,,3,,,,,,,,,,,,,,,,,,,,,,,,,,,,,2449,0.06366273015737534
,,,3,,,,,,,,,,,,,,,,,,,,,,,,,,,,,2459,0.06265979260206223
,,,3,,,,,,,,,,,,,,,,,,,,,,,,,,,,,2469,0.07613855600357056
,,,3,,,,,,,,,,,,,,,,,,,,,,,,,,,,,2479,0.5986323952674866
,,,3,,,,,,,,,,,,,,,,,,,,,,,,,,,,,2489,0.2636127173900604
,,,3,,,,,,,,,,,,,,,,,,,,,,,,,,,,,2499,1.0887268781661987
,,,3,,,,,,,,,,,,,,,,,,,,,,,,,,,,,2509,0.07522300630807877
,,,3,,,,,,,,,,,,,,,,,,,,,,,,,,,,,2519,0.15358266234397888
,,,3,,,,,,,,,,,,,,,,,,,,,,,,,,,,,2529,0.11999108642339706
,,,3,,,,,,,,,,,,,,,,,,,,,,,,,,,,,2539,0.02495802938938141
,,,3,,,,,,,,,,,,,,,,,,,,,,,,,,,,,2549,1.1637238264083862
,,,3,,,,,,,,,,,,,,,,,,,,,,,,,,,,,2559,0.3353549540042877
,,,3,,,,,,,,,,,,,,,,,,,,,,,,,,,,,2569,0.1342986822128296
,,,3,,,,,,,,,,,,,,,,,,,,,,,,,,,,,2579,0.20821022987365723
,,,3,,,,,,,,,,,,,,,,,,,,,,,,,,,,,2589,0.0403057225048542
,,,3,,,,,,,,,,,,,,,,,,,,,,,,,,,,,2599,0.18591488897800446
,,,3,,,,,,,,,,,,,,,,,,,,,,,,,,,,,2609,1.047760248184204
,,,3,,,,,,,,,,,,,,,,,,,,,,,,,,,,,2619,0.24638868868350983
,,,3,,,,,,,,,,,,,,,,,,,,,,,,,,,,,2629,0.3408394455909729
,,,3,,,,,,,,,,,,,,,,,,,,,,,,,,,,,2639,0.023177161812782288
,,,3,,,,,,,,,,,,,,,,,,,,,,,,,,,,,2649,0.7526899576187134
,,,3,,,,,,,,,,,,,,,,,,,,,,,,,,,,,2659,0.4000367522239685
,,,3,,,,,,,,,,,,,,,,,,,,,,,,,,,,,2669,0.2622365951538086
,,,3,,,,,,,,,,,,,,,,,,,,,,,,,,,,,2679,0.8302761912345886
,,,3,,,,,,,,,,,,,,,,,,,,,,,,,,,,,2689,0.06727270781993866
,,,3,,,,,,,,,,,,,,,,,,,,,,,,,,,,,2699,0.09017924219369888
,,,3,,,,,,,,,,,,,,,,,,,,,,,,,,,,,2709,0.1328357756137848
,,,3,,,,,,,,,,,,,,,,,,,,,,,,,,,,,2719,0.07011938840150833
,,,3,,,,,,,,,,,,,,,,,,,,,,,,,,,,,2729,1.2807679176330566
,,,3,,,,,,,,,,,,,,,,,,,,,,,,,,,,,2739,0.9848097562789917
,,,3,,,,,,,,,,,,,,,,,,,,,,,,,,,,,2749,0.4842202067375183
,,,3,,,,,,,,,,,,,,,,,,,,,,,,,,,,,2759,0.03706193342804909
,,,3,,,,,,,,,,,,,,,,,,,,,,,,,,,,,2769,0.3057169020175934
,,,3,,,,,,,,,,,,,,,,,,,,,,,,,,,,,2779,0.03340654447674751
,,,3,,,,,,,,,,,,,,,,,,,,,,,,,,,,,2789,1.4810972213745117
,,,3,,,,,,,,,,,,,,,,,,,,,,,,,,,,,2799,0.865436315536499
,,,,5.688009063105716e-07,3.1864481289062513e-06,4.9022278906250015e-06,4.9022278906250015e-06,7.541889062500002e-06,7.541889062500002e-06,1.1602906250000002e-05,1.1602906250000002e-05,1.7850625000000003e-05,1.7850625000000003e-05,2.7462500000000003e-05,5.688009063105716e-07,2.7462500000000003e-05,4.2250000000000004e-05,4.2250000000000004e-05,6.500000000000001e-05,6.500000000000001e-05,0.0001,0.0001,0.0001,0.0001,8.750783174008792e-07,8.750783174008792e-07,1.3462743344628912e-06,1.3462743344628912e-06,2.0711912837890633e-06,2.0711912837890633e-06,3.1864481289062513e-06,2804,
,,,4,,,,,,,,,,,,,,,,,,,,,,,,,,,,,2809,0.11334109306335449
,,,4,,,,,,,,,,,,,,,,,,,,,,,,,,,,,2819,0.23710037767887115
,,,4,,,,,,,,,,,,,,,,,,,,,,,,,,,,,2829,0.41475844383239746
,,,4,,,,,,,,,,,,,,,,,,,,,,,,,,,,,2839,0.3882331848144531
,,,4,,,,,,,,,,,,,,,,,,,,,,,,,,,,,2849,0.10122374445199966
,,,4,,,,,,,,,,,,,,,,,,,,,,,,,,,,,2859,0.17841753363609314
,,,4,,,,,,,,,,,,,,,,,,,,,,,,,,,,,2869,0.3540860116481781
,,,4,,,,,,,,,,,,,,,,,,,,,,,,,,,,,2879,0.49021634459495544
,,,4,,,,,,,,,,,,,,,,,,,,,,,,,,,,,2889,0.21509942412376404
,,,4,,,,,,,,,,,,,,,,,,,,,,,,,,,,,2899,0.11742880940437317
,,,4,,,,,,,,,,,,,,,,,,,,,,,,,,,,,2909,1.1445765495300293
,,,4,,,,,,,,,,,,,,,,,,,,,,,,,,,,,2919,0.09964833408594131
,,,4,,,,,,,,,,,,,,,,,,,,,,,,,,,,,2929,0.08348734676837921
,,,4,,,,,,,,,,,,,,,,,,,,,,,,,,,,,2939,0.023094136267900467
,,,4,,,,,,,,,,,,,,,,,,,,,,,,,,,,,2949,0.08726774901151657
,,,4,,,,,,,,,,,,,,,,,,,,,,,,,,,,,2959,0.2612539529800415
,,,4,,,,,,,,,,,,,,,,,,,,,,,,,,,,,2969,0.9002336859703064
,,,4,,,,,,,,,,,,,,,,,,,,,,,,,,,,,2979,0.050433963537216187
,,,4,,,,,,,,,,,,,,,,,,,,,,,,,,,,,2989,0.14046990871429443
,,,4,,,,,,,,,,,,,,,,,,,,,,,,,,,,,2999,0.023918986320495605
,,,4,,,,,,,,,,,,,,,,,,,,,,,,,,,,,3009,0.197522833943367
,,,4,,,,,,,,,,,,,,,,,,,,,,,,,,,,,3019,0.372314989566803
,,,4,,,,,,,,,,,,,,,,,,,,,,,,,,,,,3029,0.5158084034919739
,,,4,,,,,,,,,,,,,,,,,,,,,,,,,,,,,3039,0.04067479074001312
,,,4,,,,,,,,,,,,,,,,,,,,,,,,,,,,,3049,0.66020667552948
,,,4,,,,,,,,,,,,,,,,,,,,,,,,,,,,,3059,0.8251447677612305
,,,4,,,,,,,,,,,,,,,,,,,,,,,,,,,,,3069,0.5654674768447876
,,,4,,,,,,,,,,,,,,,,,,,,,,,,,,,,,3079,0.061065901070833206
,,,4,,,,,,,,,,,,,,,,,,,,,,,,,,,,,3089,0.27328795194625854
,,,4,,,,,,,,,,,,,,,,,,,,,,,,,,,,,3099,1.1156803369522095
,,,4,,,,,,,,,,,,,,,,,,,,,,,,,,,,,3109,0.2294689118862152
,,,4,,,,,,,,,,,,,,,,,,,,,,,,,,,,,3119,0.1101178228855133
,,,4,,,,,,,,,,,,,,,,,,,,,,,,,,,,,3129,1.028078317642212
,,,4,,,,,,,,,,,,,,,,,,,,,,,,,,,,,3139,0.548344075679779
,,,4,,,,,,,,,,,,,,,,,,,,,,,,,,,,,3149,0.17084628343582153
,,,4,,,,,,,,,,,,,,,,,,,,,,,,,,,,,3159,0.2529098689556122
,,,4,,,,,,,,,,,,,,,,,,,,,,,,,,,,,3169,0.13656026124954224
,,,4,,,,,,,,,,,,,,,,,,,,,,,,,,,,,3179,0.055189717561006546
,,,4,,,,,,,,,,,,,,,,,,,,,,,,,,,,,3189,0.09813641756772995
,,,4,,,,,,,,,,,,,,,,,,,,,,,,,,,,,3199,0.1824866384267807
,,,4,,,,,,,,,,,,,,,,,,,,,,,,,,,,,3209,0.040079548954963684
,,,4,,,,,,,,,,,,,,,,,,,,,,,,,,,,,3219,0.263215035200119
,,,4,,,,,,,,,,,,,,,,,,,,,,,,,,,,,3229,0.030482735484838486
,,,4,,,,,,,,,,,,,,,,,,,,,,,,,,,,,3239,0.011432244442403316
,,,4,,,,,,,,,,,,,,,,,,,,,,,,,,,,,3249,0.7822290062904358
,,,4,,,,,,,,,,,,,,,,,,,,,,,,,,,,,3259,0.07300025969743729
,,,4,,,,,,,,,,,,,,,,,,,,,,,,,,,,,3269,1.5177676677703857
,,,4,,,,,,,,,,,,,,,,,,,,,,,,,,,,,3279,0.4235854148864746
,,,4,,,,,,,,,,,,,,,,,,,,,,,,,,,,,3289,0.11239782720804214
,,,4,,,,,,,,,,,,,,,,,,,,,,,,,,,,,3299,0.3229895234107971
,,,4,,,,,,,,,,,,,,,,,,,,,,,,,,,,,3309,0.8878137469291687
,,,4,,,,,,,,,,,,,,,,,,,,,,,,,,,,,3319,0.21323563158512115
,,,4,,,,,,,,,,,,,,,,,,,,,,,,,,,,,3329,0.04248189553618431
,,,4,,,,,,,,,,,,,,,,,,,,,,,,,,,,,3339,0.10929117351770401
,,,4,,,,,,,,,,,,,,,,,,,,,,,,,,,,,3349,0.3785039484500885
,,,4,,,,,,,,,,,,,,,,,,,,,,,,,,,,,3359,0.9565513134002686
,,,4,,,,,,,,,,,,,,,,,,,,,,,,,,,,,3369,0.18205071985721588
,,,4,,,,,,,,,,,,,,,,,,,,,,,,,,,,,3379,0.09935235977172852
,,,4,,,,,,,,,,,,,,,,,,,,,,,,,,,,,3389,0.15818022191524506
,,,4,,,,,,,,,,,,,,,,,,,,,,,,,,,,,3399,0.4360670745372772
,,,4,,,,,,,,,,,,,,,,,,,,,,,,,,,,,3409,0.21648110449314117
,,,4,,,,,,,,,,,,,,,,,,,,,,,,,,,,,3419,0.8037437200546265
,,,4,,,,,,,,,,,,,,,,,,,,,,,,,,,,,3429,0.3955440819263458
,,,4,,,,,,,,,,,,,,,,,,,,,,,,,,,,,3439,0.5169137716293335
,,,4,,,,,,,,,,,,,,,,,,,,,,,,,,,,,3449,0.5145396590232849
,,,4,,,,,,,,,,,,,,,,,,,,,,,,,,,,,3459,0.13842196762561798
,,,4,,,,,,,,,,,,,,,,,,,,,,,,,,,,,3469,0.04305335134267807
,,,4,,,,,,,,,,,,,,,,,,,,,,,,,,,,,3479,0.035997577011585236
,,,4,,,,,,,,,,,,,,,,,,,,,,,,,,,,,3489,0.05847904086112976
,,,4,,,,,,,,,,,,,,,,,,,,,,,,,,,,,3499,3.4325437545776367
0.833734929561615,0.8357487916946411,0.8317307829856873,4,,,,,,,,,,,,,,,,,,,,,,,,,,,,,3504,
,,,,5.688009063105716e-07,3.1864481289062513e-06,4.9022278906250015e-06,4.9022278906250015e-06,7.541889062500002e-06,7.541889062500002e-06,1.1602906250000002e-05,1.1602906250000002e-05,1.7850625000000003e-05,1.7850625000000003e-05,2.7462500000000003e-05,5.688009063105716e-07,2.7462500000000003e-05,4.2250000000000004e-05,4.2250000000000004e-05,6.500000000000001e-05,6.500000000000001e-05,0.0001,0.0001,0.0001,0.0001,8.750783174008792e-07,8.750783174008792e-07,1.3462743344628912e-06,1.3462743344628912e-06,2.0711912837890633e-06,2.0711912837890633e-06,3.1864481289062513e-06,3505,
,,,5,,,,,,,,,,,,,,,,,,,,,,,,,,,,,3509,0.008123903535306454
,,,5,,,,,,,,,,,,,,,,,,,,,,,,,,,,,3519,0.5104727149009705
,,,5,,,,,,,,,,,,,,,,,,,,,,,,,,,,,3529,0.10285373777151108
,,,5,,,,,,,,,,,,,,,,,,,,,,,,,,,,,3539,0.5759384036064148
,,,5,,,,,,,,,,,,,,,,,,,,,,,,,,,,,3549,1.023719072341919
,,,5,,,,,,,,,,,,,,,,,,,,,,,,,,,,,3559,0.7092751264572144
,,,5,,,,,,,,,,,,,,,,,,,,,,,,,,,,,3569,0.5652710795402527
,,,5,,,,,,,,,,,,,,,,,,,,,,,,,,,,,3579,0.047012701630592346
,,,5,,,,,,,,,,,,,,,,,,,,,,,,,,,,,3589,0.21321193873882294
,,,5,,,,,,,,,,,,,,,,,,,,,,,,,,,,,3599,0.12753412127494812
,,,5,,,,,,,,,,,,,,,,,,,,,,,,,,,,,3609,0.2392279952764511
,,,5,,,,,,,,,,,,,,,,,,,,,,,,,,,,,3619,0.560164213180542
,,,5,,,,,,,,,,,,,,,,,,,,,,,,,,,,,3629,0.24270007014274597
,,,5,,,,,,,,,,,,,,,,,,,,,,,,,,,,,3639,0.5896714925765991
,,,5,,,,,,,,,,,,,,,,,,,,,,,,,,,,,3649,0.2528250813484192
,,,5,,,,,,,,,,,,,,,,,,,,,,,,,,,,,3659,0.952692449092865
,,,5,,,,,,,,,,,,,,,,,,,,,,,,,,,,,3669,0.1143682673573494
,,,5,,,,,,,,,,,,,,,,,,,,,,,,,,,,,3679,0.014778722077608109
,,,5,,,,,,,,,,,,,,,,,,,,,,,,,,,,,3689,0.21713115274906158
,,,5,,,,,,,,,,,,,,,,,,,,,,,,,,,,,3699,0.4401685297489166
,,,5,,,,,,,,,,,,,,,,,,,,,,,,,,,,,3709,0.3388746976852417
,,,5,,,,,,,,,,,,,,,,,,,,,,,,,,,,,3719,0.23001925647258759
,,,5,,,,,,,,,,,,,,,,,,,,,,,,,,,,,3729,0.21685075759887695
,,,5,,,,,,,,,,,,,,,,,,,,,,,,,,,,,3739,0.506831705570221
,,,5,,,,,,,,,,,,,,,,,,,,,,,,,,,,,3749,1.2406564950942993
,,,5,,,,,,,,,,,,,,,,,,,,,,,,,,,,,3759,0.5274041891098022
,,,5,,,,,,,,,,,,,,,,,,,,,,,,,,,,,3769,0.383705735206604
,,,5,,,,,,,,,,,,,,,,,,,,,,,,,,,,,3779,0.06301198154687881
,,,5,,,,,,,,,,,,,,,,,,,,,,,,,,,,,3789,1.2735580205917358
,,,5,,,,,,,,,,,,,,,,,,,,,,,,,,,,,3799,0.3003585934638977
,,,5,,,,,,,,,,,,,,,,,,,,,,,,,,,,,3809,0.9686755537986755
,,,5,,,,,,,,,,,,,,,,,,,,,,,,,,,,,3819,0.3492555618286133
,,,5,,,,,,,,,,,,,,,,,,,,,,,,,,,,,3829,0.37051644921302795
,,,5,,,,,,,,,,,,,,,,,,,,,,,,,,,,,3839,0.553374171257019
,,,5,,,,,,,,,,,,,,,,,,,,,,,,,,,,,3849,0.21859955787658691
,,,5,,,,,,,,,,,,,,,,,,,,,,,,,,,,,3859,0.34238308668136597
,,,5,,,,,,,,,,,,,,,,,,,,,,,,,,,,,3869,0.710826575756073
,,,5,,,,,,,,,,,,,,,,,,,,,,,,,,,,,3879,0.09681769460439682
,,,5,,,,,,,,,,,,,,,,,,,,,,,,,,,,,3889,0.384807825088501
,,,5,,,,,,,,,,,,,,,,,,,,,,,,,,,,,3899,0.10407090932130814
,,,5,,,,,,,,,,,,,,,,,,,,,,,,,,,,,3909,0.2795775532722473
,,,5,,,,,,,,,,,,,,,,,,,,,,,,,,,,,3919,0.036434683948755264
,,,5,,,,,,,,,,,,,,,,,,,,,,,,,,,,,3929,0.024317102506756783
,,,5,,,,,,,,,,,,,,,,,,,,,,,,,,,,,3939,0.3732791244983673
,,,5,,,,,,,,,,,,,,,,,,,,,,,,,,,,,3949,0.6675801873207092
,,,5,,,,,,,,,,,,,,,,,,,,,,,,,,,,,3959,0.06638497114181519
,,,5,,,,,,,,,,,,,,,,,,,,,,,,,,,,,3969,0.27369800209999084
,,,5,,,,,,,,,,,,,,,,,,,,,,,,,,,,,3979,0.1006603091955185
,,,5,,,,,,,,,,,,,,,,,,,,,,,,,,,,,3989,0.8300588726997375
,,,5,,,,,,,,,,,,,,,,,,,,,,,,,,,,,3999,0.028157420456409454
,,,5,,,,,,,,,,,,,,,,,,,,,,,,,,,,,4009,0.13270016014575958
,,,5,,,,,,,,,,,,,,,,,,,,,,,,,,,,,4019,0.024062464013695717
,,,5,,,,,,,,,,,,,,,,,,,,,,,,,,,,,4029,1.896626591682434
,,,5,,,,,,,,,,,,,,,,,,,,,,,,,,,,,4039,0.0494564063847065
,,,5,,,,,,,,,,,,,,,,,,,,,,,,,,,,,4049,0.03990807384252548
,,,5,,,,,,,,,,,,,,,,,,,,,,,,,,,,,4059,0.02965785190463066
,,,5,,,,,,,,,,,,,,,,,,,,,,,,,,,,,4069,0.3748301565647125
,,,5,,,,,,,,,,,,,,,,,,,,,,,,,,,,,4079,2.3865222930908203
,,,5,,,,,,,,,,,,,,,,,,,,,,,,,,,,,4089,0.097995325922966
,,,5,,,,,,,,,,,,,,,,,,,,,,,,,,,,,4099,0.17155204713344574
,,,5,,,,,,,,,,,,,,,,,,,,,,,,,,,,,4109,0.03964126482605934
,,,5,,,,,,,,,,,,,,,,,,,,,,,,,,,,,4119,1.26364004611969
,,,5,,,,,,,,,,,,,,,,,,,,,,,,,,,,,4129,0.014600597321987152
,,,5,,,,,,,,,,,,,,,,,,,,,,,,,,,,,4139,1.7730289697647095
,,,5,,,,,,,,,,,,,,,,,,,,,,,,,,,,,4149,0.655956506729126
,,,5,,,,,,,,,,,,,,,,,,,,,,,,,,,,,4159,0.21567364037036896
,,,5,,,,,,,,,,,,,,,,,,,,,,,,,,,,,4169,0.12226764112710953
,,,5,,,,,,,,,,,,,,,,,,,,,,,,,,,,,4179,0.32617413997650146
,,,5,,,,,,,,,,,,,,,,,,,,,,,,,,,,,4189,0.033357713371515274
,,,5,,,,,,,,,,,,,,,,,,,,,,,,,,,,,4199,0.32395780086517334
,,,,5.68108121100602e-07,3.182567115160405e-06,4.896257100246776e-06,4.896257100246776e-06,7.532703231148886e-06,7.532703231148886e-06,1.1588774201767516e-05,1.1588774201767516e-05,1.782888338733464e-05,1.782888338733464e-05,2.7429051365130215e-05,5.68108121100602e-07,2.7429051365130215e-05,4.219854056173879e-05,4.219854056173879e-05,6.492083163344429e-05,6.492083163344429e-05,9.987820251299122e-05,9.987820251299122e-05,9.987820251299122e-05,9.987820251299122e-05,8.740124940009261e-07,8.740124940009261e-07,1.344634606155271e-06,1.344634606155271e-06,2.068668624854263e-06,2.068668624854263e-06,3.182567115160405e-06,4206,
,,,6,,,,,,,,,,,,,,,,,,,,,,,,,,,,,4209,0.03458787128329277
,,,6,,,,,,,,,,,,,,,,,,,,,,,,,,,,,4219,0.04514530301094055
,,,6,,,,,,,,,,,,,,,,,,,,,,,,,,,,,4229,0.1570352464914322
,,,6,,,,,,,,,,,,,,,,,,,,,,,,,,,,,4239,0.014683776535093784
,,,6,,,,,,,,,,,,,,,,,,,,,,,,,,,,,4249,0.010582870803773403
,,,6,,,,,,,,,,,,,,,,,,,,,,,,,,,,,4259,0.6415432691574097
,,,6,,,,,,,,,,,,,,,,,,,,,,,,,,,,,4269,0.04319281131029129
,,,6,,,,,,,,,,,,,,,,,,,,,,,,,,,,,4279,0.04442940279841423
,,,6,,,,,,,,,,,,,,,,,,,,,,,,,,,,,4289,0.1870519518852234
,,,6,,,,,,,,,,,,,,,,,,,,,,,,,,,,,4299,0.0744139701128006
,,,6,,,,,,,,,,,,,,,,,,,,,,,,,,,,,4309,0.6660985946655273
,,,6,,,,,,,,,,,,,,,,,,,,,,,,,,,,,4319,0.3845423460006714
,,,6,,,,,,,,,,,,,,,,,,,,,,,,,,,,,4329,0.7162309288978577
,,,6,,,,,,,,,,,,,,,,,,,,,,,,,,,,,4339,0.038470249623060226
,,,6,,,,,,,,,,,,,,,,,,,,,,,,,,,,,4349,0.18410909175872803
,,,6,,,,,,,,,,,,,,,,,,,,,,,,,,,,,4359,0.5821797251701355
,,,6,,,,,,,,,,,,,,,,,,,,,,,,,,,,,4369,0.09285923093557358
,,,6,,,,,,,,,,,,,,,,,,,,,,,,,,,,,4379,0.2954581081867218
,,,6,,,,,,,,,,,,,,,,,,,,,,,,,,,,,4389,0.044095247983932495
,,,6,,,,,,,,,,,,,,,,,,,,,,,,,,,,,4399,0.044119514524936676
,,,6,,,,,,,,,,,,,,,,,,,,,,,,,,,,,4409,0.013042859733104706
,,,6,,,,,,,,,,,,,,,,,,,,,,,,,,,,,4419,0.03047158196568489
,,,6,,,,,,,,,,,,,,,,,,,,,,,,,,,,,4429,0.053710948675870895
,,,6,,,,,,,,,,,,,,,,,,,,,,,,,,,,,4439,0.42589473724365234
,,,6,,,,,,,,,,,,,,,,,,,,,,,,,,,,,4449,0.025413425639271736
,,,6,,,,,,,,,,,,,,,,,,,,,,,,,,,,,4459,0.007697444409132004
,,,6,,,,,,,,,,,,,,,,,,,,,,,,,,,,,4469,0.15701323747634888
,,,6,,,,,,,,,,,,,,,,,,,,,,,,,,,,,4479,0.06976870447397232
,,,6,,,,,,,,,,,,,,,,,,,,,,,,,,,,,4489,0.25554922223091125
,,,6,,,,,,,,,,,,,,,,,,,,,,,,,,,,,4499,0.06017984449863434
,,,6,,,,,,,,,,,,,,,,,,,,,,,,,,,,,4509,1.8044288158416748
,,,6,,,,,,,,,,,,,,,,,,,,,,,,,,,,,4519,0.034899041056632996
,,,6,,,,,,,,,,,,,,,,,,,,,,,,,,,,,4529,1.1696768999099731
,,,6,,,,,,,,,,,,,,,,,,,,,,,,,,,,,4539,0.2261989563703537
,,,6,,,,,,,,,,,,,,,,,,,,,,,,,,,,,4549,0.1094200611114502
,,,6,,,,,,,,,,,,,,,,,,,,,,,,,,,,,4559,0.0596267506480217
,,,6,,,,,,,,,,,,,,,,,,,,,,,,,,,,,4569,0.8536296486854553
,,,6,,,,,,,,,,,,,,,,,,,,,,,,,,,,,4579,0.8075399398803711
,,,6,,,,,,,,,,,,,,,,,,,,,,,,,,,,,4589,0.19167320430278778
,,,6,,,,,,,,,,,,,,,,,,,,,,,,,,,,,4599,0.19029289484024048
,,,6,,,,,,,,,,,,,,,,,,,,,,,,,,,,,4609,0.01291795913130045
,,,6,,,,,,,,,,,,,,,,,,,,,,,,,,,,,4619,0.07164740562438965
,,,6,,,,,,,,,,,,,,,,,,,,,,,,,,,,,4629,0.07048390805721283
,,,6,,,,,,,,,,,,,,,,,,,,,,,,,,,,,4639,1.0123608112335205
,,,6,,,,,,,,,,,,,,,,,,,,,,,,,,,,,4649,0.15106859803199768
,,,6,,,,,,,,,,,,,,,,,,,,,,,,,,,,,4659,0.018057892099022865
,,,6,,,,,,,,,,,,,,,,,,,,,,,,,,,,,4669,0.014642435126006603
,,,6,,,,,,,,,,,,,,,,,,,,,,,,,,,,,4679,0.6350250840187073
,,,6,,,,,,,,,,,,,,,,,,,,,,,,,,,,,4689,0.017514608800411224
,,,6,,,,,,,,,,,,,,,,,,,,,,,,,,,,,4699,0.8647430539131165
,,,6,,,,,,,,,,,,,,,,,,,,,,,,,,,,,4709,0.029237229377031326
,,,6,,,,,,,,,,,,,,,,,,,,,,,,,,,,,4719,0.1080654039978981
,,,6,,,,,,,,,,,,,,,,,,,,,,,,,,,,,4729,0.010749569162726402
,,,6,,,,,,,,,,,,,,,,,,,,,,,,,,,,,4739,0.08253505080938339
,,,6,,,,,,,,,,,,,,,,,,,,,,,,,,,,,4749,1.017899990081787
,,,6,,,,,,,,,,,,,,,,,,,,,,,,,,,,,4759,2.0706496238708496
,,,6,,,,,,,,,,,,,,,,,,,,,,,,,,,,,4769,0.01334428321570158
,,,6,,,,,,,,,,,,,,,,,,,,,,,,,,,,,4779,0.056209929287433624
,,,6,,,,,,,,,,,,,,,,,,,,,,,,,,,,,4789,0.04238146170973778
,,,6,,,,,,,,,,,,,,,,,,,,,,,,,,,,,4799,0.16199840605258942
,,,6,,,,,,,,,,,,,,,,,,,,,,,,,,,,,4809,0.36638572812080383
,,,6,,,,,,,,,,,,,,,,,,,,,,,,,,,,,4819,0.027753246948122978
,,,6,,,,,,,,,,,,,,,,,,,,,,,,,,,,,4829,0.42862391471862793
,,,6,,,,,,,,,,,,,,,,,,,,,,,,,,,,,4839,0.14397232234477997
,,,6,,,,,,,,,,,,,,,,,,,,,,,,,,,,,4849,0.5066584944725037
,,,6,,,,,,,,,,,,,,,,,,,,,,,,,,,,,4859,0.4295423626899719
,,,6,,,,,,,,,,,,,,,,,,,,,,,,,,,,,4869,0.05737662687897682
,,,6,,,,,,,,,,,,,,,,,,,,,,,,,,,,,4879,0.03675532341003418
,,,6,,,,,,,,,,,,,,,,,,,,,,,,,,,,,4889,0.23541666567325592
,,,6,,,,,,,,,,,,,,,,,,,,,,,,,,,,,4899,0.010856891050934792
,,,,5.660331406505981e-07,3.1709429818317177e-06,4.878373818202642e-06,4.878373818202642e-06,7.505190489542526e-06,7.505190489542526e-06,1.15464469069885e-05,1.15464469069885e-05,1.7763764472290002e-05,1.7763764472290002e-05,2.732886841890769e-05,5.660331406505981e-07,2.732886841890769e-05,4.204441295216568e-05,4.204441295216568e-05,6.468371223410105e-05,6.468371223410105e-05,9.951340343707852e-05,9.951340343707852e-05,9.951340343707852e-05,9.951340343707852e-05,8.708202163855354e-07,8.708202163855354e-07,1.3397234098239006e-06,1.3397234098239006e-06,2.0611129381906165e-06,2.0611129381906165e-06,3.1709429818317177e-06,4907,
,,,7,,,,,,,,,,,,,,,,,,,,,,,,,,,,,4909,0.003514296608045697
,,,7,,,,,,,,,,,,,,,,,,,,,,,,,,,,,4919,0.17848540842533112
,,,7,,,,,,,,,,,,,,,,,,,,,,,,,,,,,4929,0.5309923887252808
,,,7,,,,,,,,,,,,,,,,,,,,,,,,,,,,,4939,0.043108291923999786
,,,7,,,,,,,,,,,,,,,,,,,,,,,,,,,,,4949,0.2351888120174408
,,,7,,,,,,,,,,,,,,,,,,,,,,,,,,,,,4959,0.2597416043281555
,,,7,,,,,,,,,,,,,,,,,,,,,,,,,,,,,4969,0.33389657735824585
,,,7,,,,,,,,,,,,,,,,,,,,,,,,,,,,,4979,0.697749137878418
,,,7,,,,,,,,,,,,,,,,,,,,,,,,,,,,,4989,0.4447857439517975
,,,7,,,,,,,,,,,,,,,,,,,,,,,,,,,,,4999,0.06560730189085007
,,,7,,,,,,,,,,,,,,,,,,,,,,,,,,,,,5009,0.04553987830877304
,,,7,,,,,,,,,,,,,,,,,,,,,,,,,,,,,5019,0.7061351537704468
,,,7,,,,,,,,,,,,,,,,,,,,,,,,,,,,,5029,0.6730344891548157
,,,7,,,,,,,,,,,,,,,,,,,,,,,,,,,,,5039,0.009866200387477875
,,,7,,,,,,,,,,,,,,,,,,,,,,,,,,,,,5049,0.020228317007422447
,,,7,,,,,,,,,,,,,,,,,,,,,,,,,,,,,5059,2.4548044204711914
,,,7,,,,,,,,,,,,,,,,,,,,,,,,,,,,,5069,0.06802316755056381
,,,7,,,,,,,,,,,,,,,,,,,,,,,,,,,,,5079,0.18590426445007324
,,,7,,,,,,,,,,,,,,,,,,,,,,,,,,,,,5089,0.05952740088105202
,,,7,,,,,,,,,,,,,,,,,,,,,,,,,,,,,5099,0.0791451632976532
,,,7,,,,,,,,,,,,,,,,,,,,,,,,,,,,,5109,0.4942551553249359
,,,7,,,,,,,,,,,,,,,,,,,,,,,,,,,,,5119,0.08051133900880814
,,,7,,,,,,,,,,,,,,,,,,,,,,,,,,,,,5129,0.12779518961906433
,,,7,,,,,,,,,,,,,,,,,,,,,,,,,,,,,5139,0.20248307287693024
,,,7,,,,,,,,,,,,,,,,,,,,,,,,,,,,,5149,0.054126009345054626
,,,7,,,,,,,,,,,,,,,,,,,,,,,,,,,,,5159,0.11488163471221924
,,,7,,,,,,,,,,,,,,,,,,,,,,,,,,,,,5169,0.506507396697998
,,,7,,,,,,,,,,,,,,,,,,,,,,,,,,,,,5179,0.27446460723876953
,,,7,,,,,,,,,,,,,,,,,,,,,,,,,,,,,5189,0.4906640946865082
,,,7,,,,,,,,,,,,,,,,,,,,,,,,,,,,,5199,0.4294114410877228
,,,7,,,,,,,,,,,,,,,,,,,,,,,,,,,,,5209,0.4054955244064331
,,,7,,,,,,,,,,,,,,,,,,,,,,,,,,,,,5219,0.09962059557437897
,,,7,,,,,,,,,,,,,,,,,,,,,,,,,,,,,5229,0.03686974197626114
,,,7,,,,,,,,,,,,,,,,,,,,,,,,,,,,,5239,0.1300123631954193
,,,7,,,,,,,,,,,,,,,,,,,,,,,,,,,,,5249,0.008823209442198277
,,,7,,,,,,,,,,,,,,,,,,,,,,,,,,,,,5259,0.6326056718826294
,,,7,,,,,,,,,,,,,,,,,,,,,,,,,,,,,5269,0.004888556897640228
,,,7,,,,,,,,,,,,,,,,,,,,,,,,,,,,,5279,1.2431763410568237
,,,7,,,,,,,,,,,,,,,,,,,,,,,,,,,,,5289,0.2002755105495453
,,,7,,,,,,,,,,,,,,,,,,,,,,,,,,,,,5299,0.2669714391231537
,,,7,,,,,,,,,,,,,,,,,,,,,,,,,,,,,5309,0.10443118959665298
,,,7,,,,,,,,,,,,,,,,,,,,,,,,,,,,,5319,0.09170625358819962
,,,7,,,,,,,,,,,,,,,,,,,,,,,,,,,,,5329,0.569177508354187
,,,7,,,,,,,,,,,,,,,,,,,,,,,,,,,,,5339,0.07566526532173157
,,,7,,,,,,,,,,,,,,,,,,,,,,,,,,,,,5349,0.463360458612442
,,,7,,,,,,,,,,,,,,,,,,,,,,,,,,,,,5359,0.7749359607696533
,,,7,,,,,,,,,,,,,,,,,,,,,,,,,,,,,5369,0.04212954640388489
,,,7,,,,,,,,,,,,,,,,,,,,,,,,,,,,,5379,0.0022977085318416357
,,,7,,,,,,,,,,,,,,,,,,,,,,,,,,,,,5389,0.03443866968154907
,,,7,,,,,,,,,,,,,,,,,,,,,,,,,,,,,5399,0.006848370656371117
,,,7,,,,,,,,,,,,,,,,,,,,,,,,,,,,,5409,1.6476587057113647
,,,7,,,,,,,,,,,,,,,,,,,,,,,,,,,,,5419,0.0023562749847769737
,,,7,,,,,,,,,,,,,,,,,,,,,,,,,,,,,5429,2.1282167434692383
,,,7,,,,,,,,,,,,,,,,,,,,,,,,,,,,,5439,0.7096049189567566
,,,7,,,,,,,,,,,,,,,,,,,,,,,,,,,,,5449,0.0538630448281765
,,,7,,,,,,,,,,,,,,,,,,,,,,,,,,,,,5459,0.01329786702990532
,,,7,,,,,,,,,,,,,,,,,,,,,,,,,,,,,5469,0.6260915398597717
,,,7,,,,,,,,,,,,,,,,,,,,,,,,,,,,,5479,0.07123375684022903
,,,7,,,,,,,,,,,,,,,,,,,,,,,,,,,,,5489,0.022535152733325958
,,,7,,,,,,,,,,,,,,,,,,,,,,,,,,,,,5499,0.1474444717168808
,,,7,,,,,,,,,,,,,,,,,,,,,,,,,,,,,5509,0.0358445979654789
,,,7,,,,,,,,,,,,,,,,,,,,,,,,,,,,,5519,0.0384448766708374
,,,7,,,,,,,,,,,,,,,,,,,,,,,,,,,,,5529,0.1033334955573082
,,,7,,,,,,,,,,,,,,,,,,,,,,,,,,,,,5539,0.4291045367717743
,,,7,,,,,,,,,,,,,,,,,,,,,,,,,,,,,5549,0.7187350988388062
,,,7,,,,,,,,,,,,,,,,,,,,,,,,,,,,,5559,0.21746742725372314
,,,7,,,,,,,,,,,,,,,,,,,,,,,,,,,,,5569,0.015664640814065933
,,,7,,,,,,,,,,,,,,,,,,,,,,,,,,,,,5579,0.3416230380535126
,,,7,,,,,,,,,,,,,,,,,,,,,,,,,,,,,5589,1.15935480594635
,,,7,,,,,,,,,,,,,,,,,,,,,,,,,,,,,5599,0.5224919319152832
,,,,5.625860740567357e-07,3.1516323605293127e-06,4.8486651700450955e-06,4.8486651700450955e-06,7.459484876992455e-06,7.459484876992455e-06,1.1476130579988391e-05,1.1476130579988391e-05,1.765558550767445e-05,1.765558550767445e-05,2.7162439242576073e-05,5.625860740567357e-07,2.7162439242576073e-05,4.178836806550165e-05,4.178836806550165e-05,6.428979702384869e-05,6.428979702384869e-05,9.890738003669029e-05,9.890738003669029e-05,9.890738003669029e-05,9.890738003669029e-05,8.655170370103625e-07,8.655170370103625e-07,1.3315646723236346e-06,1.3315646723236346e-06,2.048561034344053e-06,2.048561034344053e-06,3.1516323605293127e-06,5608,
,,,8,,,,,,,,,,,,,,,,,,,,,,,,,,,,,5609,0.32827824354171753
,,,8,,,,,,,,,,,,,,,,,,,,,,,,,,,,,5619,0.9432849287986755
,,,8,,,,,,,,,,,,,,,,,,,,,,,,,,,,,5629,0.18340453505516052
,,,8,,,,,,,,,,,,,,,,,,,,,,,,,,,,,5639,0.17031338810920715
,,,8,,,,,,,,,,,,,,,,,,,,,,,,,,,,,5649,0.21638968586921692
,,,8,,,,,,,,,,,,,,,,,,,,,,,,,,,,,5659,0.010371710173785686
,,,8,,,,,,,,,,,,,,,,,,,,,,,,,,,,,5669,0.24648097157478333
,,,8,,,,,,,,,,,,,,,,,,,,,,,,,,,,,5679,0.009883775375783443
,,,8,,,,,,,,,,,,,,,,,,,,,,,,,,,,,5689,0.048779480159282684
,,,8,,,,,,,,,,,,,,,,,,,,,,,,,,,,,5699,0.00872041005641222
,,,8,,,,,,,,,,,,,,,,,,,,,,,,,,,,,5709,0.035546135157346725
,,,8,,,,,,,,,,,,,,,,,,,,,,,,,,,,,5719,0.21911123394966125
,,,8,,,,,,,,,,,,,,,,,,,,,,,,,,,,,5729,0.7830798625946045
,,,8,,,,,,,,,,,,,,,,,,,,,,,,,,,,,5739,0.002993691712617874
,,,8,,,,,,,,,,,,,,,,,,,,,,,,,,,,,5749,0.008932969532907009
,,,8,,,,,,,,,,,,,,,,,,,,,,,,,,,,,5759,0.028318386524915695
,,,8,,,,,,,,,,,,,,,,,,,,,,,,,,,,,5769,0.059212006628513336
,,,8,,,,,,,,,,,,,,,,,,,,,,,,,,,,,5779,0.0911143571138382
,,,8,,,,,,,,,,,,,,,,,,,,,,,,,,,,,5789,0.01270332932472229
,,,8,,,,,,,,,,,,,,,,,,,,,,,,,,,,,5799,0.01882758177816868
,,,8,,,,,,,,,,,,,,,,,,,,,,,,,,,,,5809,0.028956273570656776
,,,8,,,,,,,,,,,,,,,,,,,,,,,,,,,,,5819,0.7183172106742859
,,,8,,,,,,,,,,,,,,,,,,,,,,,,,,,,,5829,0.15717150270938873
,,,8,,,,,,,,,,,,,,,,,,,,,,,,,,,,,5839,0.39846745133399963
,,,8,,,,,,,,,,,,,,,,,,,,,,,,,,,,,5849,0.016474975273013115
,,,8,,,,,,,,,,,,,,,,,,,,,,,,,,,,,5859,0.05634452775120735
,,,8,,,,,,,,,,,,,,,,,,,,,,,,,,,,,5869,0.016307948157191277
,,,8,,,,,,,,,,,,,,,,,,,,,,,,,,,,,5879,0.24196229875087738
,,,8,,,,,,,,,,,,,,,,,,,,,,,,,,,,,5889,0.8013699650764465
,,,8,,,,,,,,,,,,,,,,,,,,,,,,,,,,,5899,0.026266442611813545
,,,8,,,,,,,,,,,,,,,,,,,,,,,,,,,,,5909,0.07261768728494644
,,,8,,,,,,,,,,,,,,,,,,,,,,,,,,,,,5919,0.12724168598651886
,,,8,,,,,,,,,,,,,,,,,,,,,,,,,,,,,5929,0.2840847373008728
,,,8,,,,,,,,,,,,,,,,,,,,,,,,,,,,,5939,0.49234724044799805
,,,8,,,,,,,,,,,,,,,,,,,,,,,,,,,,,5949,0.03944598138332367
,,,8,,,,,,,,,,,,,,,,,,,,,,,,,,,,,5959,0.03811858221888542
,,,8,,,,,,,,,,,,,,,,,,,,,,,,,,,,,5969,0.08481954783201218
,,,8,,,,,,,,,,,,,,,,,,,,,,,,,,,,,5979,0.04951413720846176
,,,8,,,,,,,,,,,,,,,,,,,,,,,,,,,,,5989,0.01590622030198574
,,,8,,,,,,,,,,,,,,,,,,,,,,,,,,,,,5999,0.026678118854761124
,,,8,,,,,,,,,,,,,,,,,,,,,,,,,,,,,6009,1.2710283994674683
,,,8,,,,,,,,,,,,,,,,,,,,,,,,,,,,,6019,0.06431980431079865
,,,8,,,,,,,,,,,,,,,,,,,,,,,,,,,,,6029,0.01949477195739746
,,,8,,,,,,,,,,,,,,,,,,,,,,,,,,,,,6039,1.2798837423324585
,,,8,,,,,,,,,,,,,,,,,,,,,,,,,,,,,6049,0.8383017778396606
,,,8,,,,,,,,,,,,,,,,,,,,,,,,,,,,,6059,0.34906527400016785
,,,8,,,,,,,,,,,,,,,,,,,,,,,,,,,,,6069,0.024273229762911797
,,,8,,,,,,,,,,,,,,,,,,,,,,,,,,,,,6079,0.45950716733932495
,,,8,,,,,,,,,,,,,,,,,,,,,,,,,,,,,6089,0.01822696253657341
,,,8,,,,,,,,,,,,,,,,,,,,,,,,,,,,,6099,0.06658466160297394
,,,8,,,,,,,,,,,,,,,,,,,,,,,,,,,,,6109,0.05586513131856918
,,,8,,,,,,,,,,,,,,,,,,,,,,,,,,,,,6119,0.061773430556058884
,,,8,,,,,,,,,,,,,,,,,,,,,,,,,,,,,6129,0.8254863619804382
,,,8,,,,,,,,,,,,,,,,,,,,,,,,,,,,,6139,0.08877835422754288
,,,8,,,,,,,,,,,,,,,,,,,,,,,,,,,,,6149,0.05450364947319031
,,,8,,,,,,,,,,,,,,,,,,,,,,,,,,,,,6159,0.006375482305884361
,,,8,,,,,,,,,,,,,,,,,,,,,,,,,,,,,6169,1.9142935276031494
,,,8,,,,,,,,,,,,,,,,,,,,,,,,,,,,,6179,0.1373923122882843
,,,8,,,,,,,,,,,,,,,,,,,,,,,,,,,,,6189,0.2797687351703644
,,,8,,,,,,,,,,,,,,,,,,,,,,,,,,,,,6199,0.9394125938415527
,,,8,,,,,,,,,,,,,,,,,,,,,,,,,,,,,6209,0.2139110267162323
,,,8,,,,,,,,,,,,,,,,,,,,,,,,,,,,,6219,0.051792941987514496
,,,8,,,,,,,,,,,,,,,,,,,,,,,,,,,,,6229,0.29226917028427124
,,,8,,,,,,,,,,,,,,,,,,,,,,,,,,,,,6239,0.09733054041862488
,,,8,,,,,,,,,,,,,,,,,,,,,,,,,,,,,6249,0.4653400182723999
,,,8,,,,,,,,,,,,,,,,,,,,,,,,,,,,,6259,0.08946141600608826
,,,8,,,,,,,,,,,,,,,,,,,,,,,,,,,,,6269,0.21009454131126404
,,,8,,,,,,,,,,,,,,,,,,,,,,,,,,,,,6279,0.05772104114294052
,,,8,,,,,,,,,,,,,,,,,,,,,,,,,,,,,6289,0.04663519933819771
,,,8,,,,,,,,,,,,,,,,,,,,,,,,,,,,,6299,0.05565933138132095
,,,,5.577837150809623e-07,3.1247293306590787e-06,4.807275893321659e-06,4.807275893321659e-06,7.395809066648706e-06,7.395809066648706e-06,1.1378167794844163e-05,1.1378167794844163e-05,1.750487353052948e-05,1.750487353052948e-05,2.6930574662353044e-05,5.577837150809623e-07,2.6930574662353044e-05,4.143165332669699e-05,4.143165332669699e-05,6.374100511799537e-05,6.374100511799537e-05,9.806308479691595e-05,9.806308479691595e-05,9.806308479691595e-05,9.806308479691595e-05,8.581287924322494e-07,8.581287924322494e-07,1.3201981422034608e-06,1.3201981422034608e-06,2.031074064928401e-06,2.031074064928401e-06,3.1247293306590787e-06,6309,
,,,9,,,,,,,,,,,,,,,,,,,,,,,,,,,,,6309,0.013886711560189724
,,,9,,,,,,,,,,,,,,,,,,,,,,,,,,,,,6319,0.06869731843471527
,,,9,,,,,,,,,,,,,,,,,,,,,,,,,,,,,6329,0.05378030613064766
,,,9,,,,,,,,,,,,,,,,,,,,,,,,,,,,,6339,0.020433546975255013
,,,9,,,,,,,,,,,,,,,,,,,,,,,,,,,,,6349,0.9017192721366882
,,,9,,,,,,,,,,,,,,,,,,,,,,,,,,,,,6359,0.2895832657814026
,,,9,,,,,,,,,,,,,,,,,,,,,,,,,,,,,6369,0.0077468473464250565
,,,9,,,,,,,,,,,,,,,,,,,,,,,,,,,,,6379,0.12708015739917755
,,,9,,,,,,,,,,,,,,,,,,,,,,,,,,,,,6389,0.010615075007081032
,,,9,,,,,,,,,,,,,,,,,,,,,,,,,,,,,6399,0.06299780309200287
,,,9,,,,,,,,,,,,,,,,,,,,,,,,,,,,,6409,0.05169683322310448
,,,9,,,,,,,,,,,,,,,,,,,,,,,,,,,,,6419,0.4169557988643646
,,,9,,,,,,,,,,,,,,,,,,,,,,,,,,,,,6429,0.01883533038198948
,,,9,,,,,,,,,,,,,,,,,,,,,,,,,,,,,6439,0.17953747510910034
,,,9,,,,,,,,,,,,,,,,,,,,,,,,,,,,,6449,0.026778604835271835
,,,9,,,,,,,,,,,,,,,,,,,,,,,,,,,,,6459,0.22501987218856812
,,,9,,,,,,,,,,,,,,,,,,,,,,,,,,,,,6469,0.06842657178640366
,,,9,,,,,,,,,,,,,,,,,,,,,,,,,,,,,6479,0.18319293856620789
,,,9,,,,,,,,,,,,,,,,,,,,,,,,,,,,,6489,0.06030012294650078
,,,9,,,,,,,,,,,,,,,,,,,,,,,,,,,,,6499,0.0953797996044159
,,,9,,,,,,,,,,,,,,,,,,,,,,,,,,,,,6509,0.013677111826837063
,,,9,,,,,,,,,,,,,,,,,,,,,,,,,,,,,6519,0.11551201343536377
,,,9,,,,,,,,,,,,,,,,,,,,,,,,,,,,,6529,0.05229666829109192
,,,9,,,,,,,,,,,,,,,,,,,,,,,,,,,,,6539,0.020504111424088478
,,,9,,,,,,,,,,,,,,,,,,,,,,,,,,,,,6549,0.03195613995194435
,,,9,,,,,,,,,,,,,,,,,,,,,,,,,,,,,6559,0.013670925982296467
,,,9,,,,,,,,,,,,,,,,,,,,,,,,,,,,,6569,0.008910609409213066
,,,9,,,,,,,,,,,,,,,,,,,,,,,,,,,,,6579,0.013881400227546692
,,,9,,,,,,,,,,,,,,,,,,,,,,,,,,,,,6589,0.007647750433534384
,,,9,,,,,,,,,,,,,,,,,,,,,,,,,,,,,6599,0.03311191126704216
,,,9,,,,,,,,,,,,,,,,,,,,,,,,,,,,,6609,0.012989744544029236
,,,9,,,,,,,,,,,,,,,,,,,,,,,,,,,,,6619,1.4019545316696167
,,,9,,,,,,,,,,,,,,,,,,,,,,,,,,,,,6629,0.25863218307495117
,,,9,,,,,,,,,,,,,,,,,,,,,,,,,,,,,6639,0.025866255164146423
,,,9,,,,,,,,,,,,,,,,,,,,,,,,,,,,,6649,0.09035270661115646
,,,9,,,,,,,,,,,,,,,,,,,,,,,,,,,,,6659,0.11150532960891724
,,,9,,,,,,,,,,,,,,,,,,,,,,,,,,,,,6669,0.03095162846148014
,,,9,,,,,,,,,,,,,,,,,,,,,,,,,,,,,6679,0.28320440649986267
,,,9,,,,,,,,,,,,,,,,,,,,,,,,,,,,,6689,0.12173174321651459
,,,9,,,,,,,,,,,,,,,,,,,,,,,,,,,,,6699,0.058700066059827805
,,,9,,,,,,,,,,,,,,,,,,,,,,,,,,,,,6709,0.3620583415031433
,,,9,,,,,,,,,,,,,,,,,,,,,,,,,,,,,6719,0.09460064023733139
,,,9,,,,,,,,,,,,,,,,,,,,,,,,,,,,,6729,0.29738321900367737
,,,9,,,,,,,,,,,,,,,,,,,,,,,,,,,,,6739,0.0882931724190712
,,,9,,,,,,,,,,,,,,,,,,,,,,,,,,,,,6749,0.005876121576875448
,,,9,,,,,,,,,,,,,,,,,,,,,,,,,,,,,6759,0.020268697291612625
,,,9,,,,,,,,,,,,,,,,,,,,,,,,,,,,,6769,0.07972162216901779
,,,9,,,,,,,,,,,,,,,,,,,,,,,,,,,,,6779,0.16973403096199036
,,,9,,,,,,,,,,,,,,,,,,,,,,,,,,,,,6789,0.08777908235788345
,,,9,,,,,,,,,,,,,,,,,,,,,,,,,,,,,6799,0.026861930266022682
,,,9,,,,,,,,,,,,,,,,,,,,,,,,,,,,,6809,0.14868661761283875
,,,9,,,,,,,,,,,,,,,,,,,,,,,,,,,,,6819,0.005112525075674057
,,,9,,,,,,,,,,,,,,,,,,,,,,,,,,,,,6829,0.10356578975915909
,,,9,,,,,,,,,,,,,,,,,,,,,,,,,,,,,6839,0.6259136199951172
,,,9,,,,,,,,,,,,,,,,,,,,,,,,,,,,,6849,0.022904997691512108
,,,9,,,,,,,,,,,,,,,,,,,,,,,,,,,,,6859,0.06252633780241013
,,,9,,,,,,,,,,,,,,,,,,,,,,,,,,,,,6869,0.0599183663725853
,,,9,,,,,,,,,,,,,,,,,,,,,,,,,,,,,6879,0.05847334489226341
,,,9,,,,,,,,,,,,,,,,,,,,,,,,,,,,,6889,2.381913900375366
,,,9,,,,,,,,,,,,,,,,,,,,,,,,,,,,,6899,0.2553342878818512
,,,9,,,,,,,,,,,,,,,,,,,,,,,,,,,,,6909,0.06260718405246735
,,,9,,,,,,,,,,,,,,,,,,,,,,,,,,,,,6919,0.2828064262866974
,,,9,,,,,,,,,,,,,,,,,,,,,,,,,,,,,6929,0.13788267970085144
,,,9,,,,,,,,,,,,,,,,,,,,,,,,,,,,,6939,0.040325649082660675
,,,9,,,,,,,,,,,,,,,,,,,,,,,,,,,,,6949,0.040208738297224045
,,,9,,,,,,,,,,,,,,,,,,,,,,,,,,,,,6959,0.550108015537262
,,,9,,,,,,,,,,,,,,,,,,,,,,,,,,,,,6969,0.008271937258541584
,,,9,,,,,,,,,,,,,,,,,,,,,,,,,,,,,6979,0.04496007040143013
,,,9,,,,,,,,,,,,,,,,,,,,,,,,,,,,,6989,0.25925275683403015
,,,9,,,,,,,,,,,,,,,,,,,,,,,,,,,,,6999,1.3148030042648315
,,,9,,,,,,,,,,,,,,,,,,,,,,,,,,,,,7009,1.0289629697799683
0.8316831588745117,0.8571428656578064,0.807692289352417,9,,,,,,,,,,,,,,,,,,,,,,,,,,,,,7009,
,,,,5.516494603334762e-07,3.0903649610782603e-06,4.7544076324280925e-06,4.7544076324280925e-06,7.314473280658603e-06,7.314473280658603e-06,1.125303581639785e-05,1.125303581639785e-05,1.7312362794458232e-05,1.7312362794458232e-05,2.663440429916651e-05,5.516494603334762e-07,2.663440429916651e-05,4.097600661410232e-05,4.097600661410232e-05,6.304001017554203e-05,6.304001017554203e-05,9.698463103929542e-05,9.698463103929542e-05,9.698463103929542e-05,9.698463103929542e-05,8.486914774361172e-07,8.486914774361172e-07,1.3056791960555651e-06,1.3056791960555651e-06,2.0087372247008692e-06,2.0087372247008692e-06,3.0903649610782603e-06,7010,
,,,10,,,,,,,,,,,,,,,,,,,,,,,,,,,,,7019,0.057277243584394455
,,,10,,,,,,,,,,,,,,,,,,,,,,,,,,,,,7029,0.2672317624092102
,,,10,,,,,,,,,,,,,,,,,,,,,,,,,,,,,7039,0.03180327266454697
,,,10,,,,,,,,,,,,,,,,,,,,,,,,,,,,,7049,0.1286400705575943
,,,10,,,,,,,,,,,,,,,,,,,,,,,,,,,,,7059,0.0032499763183295727
,,,10,,,,,,,,,,,,,,,,,,,,,,,,,,,,,7069,0.021809343248605728
,,,10,,,,,,,,,,,,,,,,,,,,,,,,,,,,,7079,0.00359681760892272
,,,10,,,,,,,,,,,,,,,,,,,,,,,,,,,,,7089,0.025684794411063194
,,,10,,,,,,,,,,,,,,,,,,,,,,,,,,,,,7099,0.42641544342041016
,,,10,,,,,,,,,,,,,,,,,,,,,,,,,,,,,7109,0.13073097169399261
,,,10,,,,,,,,,,,,,,,,,,,,,,,,,,,,,7119,1.1858043670654297
,,,10,,,,,,,,,,,,,,,,,,,,,,,,,,,,,7129,0.5045499801635742
,,,10,,,,,,,,,,,,,,,,,,,,,,,,,,,,,7139,0.8168044090270996
,,,10,,,,,,,,,,,,,,,,,,,,,,,,,,,,,7149,0.017409326508641243
,,,10,,,,,,,,,,,,,,,,,,,,,,,,,,,,,7159,0.2634129226207733
,,,10,,,,,,,,,,,,,,,,,,,,,,,,,,,,,7169,0.08418601006269455
,,,10,,,,,,,,,,,,,,,,,,,,,,,,,,,,,7179,0.005442793946713209
,,,10,,,,,,,,,,,,,,,,,,,,,,,,,,,,,7189,0.41314196586608887
,,,10,,,,,,,,,,,,,,,,,,,,,,,,,,,,,7199,0.017700282856822014
,,,10,,,,,,,,,,,,,,,,,,,,,,,,,,,,,7209,0.051365211606025696
,,,10,,,,,,,,,,,,,,,,,,,,,,,,,,,,,7219,0.014127659611403942
,,,10,,,,,,,,,,,,,,,,,,,,,,,,,,,,,7229,0.014529414474964142
,,,10,,,,,,,,,,,,,,,,,,,,,,,,,,,,,7239,0.02853001467883587
,,,10,,,,,,,,,,,,,,,,,,,,,,,,,,,,,7249,0.18746493756771088
,,,10,,,,,,,,,,,,,,,,,,,,,,,,,,,,,7259,0.07893990725278854
,,,10,,,,,,,,,,,,,,,,,,,,,,,,,,,,,7269,0.06735990196466446
,,,10,,,,,,,,,,,,,,,,,,,,,,,,,,,,,7279,0.3569517135620117
,,,10,,,,,,,,,,,,,,,,,,,,,,,,,,,,,7289,0.008935799822211266
,,,10,,,,,,,,,,,,,,,,,,,,,,,,,,,,,7299,0.16251808404922485
,,,10,,,,,,,,,,,,,,,,,,,,,,,,,,,,,7309,0.007575971074402332
,,,10,,,,,,,,,,,,,,,,,,,,,,,,,,,,,7319,0.3883295953273773
,,,10,,,,,,,,,,,,,,,,,,,,,,,,,,,,,7329,0.022279011085629463
,,,10,,,,,,,,,,,,,,,,,,,,,,,,,,,,,7339,0.9998894929885864
,,,10,,,,,,,,,,,,,,,,,,,,,,,,,,,,,7349,0.22497861087322235
,,,10,,,,,,,,,,,,,,,,,,,,,,,,,,,,,7359,0.04818340390920639
,,,10,,,,,,,,,,,,,,,,,,,,,,,,,,,,,7369,0.024441411718726158
,,,10,,,,,,,,,,,,,,,,,,,,,,,,,,,,,7379,0.6944924592971802
,,,10,,,,,,,,,,,,,,,,,,,,,,,,,,,,,7389,0.003810260444879532
,,,10,,,,,,,,,,,,,,,,,,,,,,,,,,,,,7399,0.01417310070246458
,,,10,,,,,,,,,,,,,,,,,,,,,,,,,,,,,7409,0.02012150175869465
,,,10,,,,,,,,,,,,,,,,,,,,,,,,,,,,,7419,2.430698871612549
,,,10,,,,,,,,,,,,,,,,,,,,,,,,,,,,,7429,0.023296663537621498
,,,10,,,,,,,,,,,,,,,,,,,,,,,,,,,,,7439,0.5786908268928528
,,,10,,,,,,,,,,,,,,,,,,,,,,,,,,,,,7449,0.0011573059018701315
,,,10,,,,,,,,,,,,,,,,,,,,,,,,,,,,,7459,0.015004697255790234
,,,10,,,,,,,,,,,,,,,,,,,,,,,,,,,,,7469,0.02228853479027748
,,,10,,,,,,,,,,,,,,,,,,,,,,,,,,,,,7479,0.02100665122270584
,,,10,,,,,,,,,,,,,,,,,,,,,,,,,,,,,7489,1.5164921283721924
,,,10,,,,,,,,,,,,,,,,,,,,,,,,,,,,,7499,0.046502385288476944
,,,10,,,,,,,,,,,,,,,,,,,,,,,,,,,,,7509,0.23435024917125702
,,,10,,,,,,,,,,,,,,,,,,,,,,,,,,,,,7519,0.28088581562042236
,,,10,,,,,,,,,,,,,,,,,,,,,,,,,,,,,7529,0.332282155752182
,,,10,,,,,,,,,,,,,,,,,,,,,,,,,,,,,7539,0.23272621631622314
,,,10,,,,,,,,,,,,,,,,,,,,,,,,,,,,,7549,0.019354695454239845
,,,10,,,,,,,,,,,,,,,,,,,,,,,,,,,,,7559,0.05684507638216019
,,,10,,,,,,,,,,,,,,,,,,,,,,,,,,,,,7569,0.02021639235317707
,,,10,,,,,,,,,,,,,,,,,,,,,,,,,,,,,7579,0.27592602372169495
,,,10,,,,,,,,,,,,,,,,,,,,,,,,,,,,,7589,0.010646257549524307
,,,10,,,,,,,,,,,,,,,,,,,,,,,,,,,,,7599,0.19271695613861084
,,,10,,,,,,,,,,,,,,,,,,,,,,,,,,,,,7609,0.008906529285013676
,,,10,,,,,,,,,,,,,,,,,,,,,,,,,,,,,7619,0.027484435588121414
,,,10,,,,,,,,,,,,,,,,,,,,,,,,,,,,,7629,0.014129556715488434
,,,10,,,,,,,,,,,,,,,,,,,,,,,,,,,,,7639,0.09189894050359726
,,,10,,,,,,,,,,,,,,,,,,,,,,,,,,,,,7649,0.16177411377429962
,,,10,,,,,,,,,,,,,,,,,,,,,,,,,,,,,7659,0.38423672318458557
,,,10,,,,,,,,,,,,,,,,,,,,,,,,,,,,,7669,0.11914410442113876
,,,10,,,,,,,,,,,,,,,,,,,,,,,,,,,,,7679,0.34691908955574036
,,,10,,,,,,,,,,,,,,,,,,,,,,,,,,,,,7689,0.05842483043670654
,,,10,,,,,,,,,,,,,,,,,,,,,,,,,,,,,7699,0.014848923310637474
,,,10,,,,,,,,,,,,,,,,,,,,,,,,,,,,,7709,0.00565533759072423
,,,,5.442131952867944e-07,3.0487066715411608e-06,4.69031795621717e-06,4.69031795621717e-06,7.215873778795645e-06,7.215873778795645e-06,1.1101344275070223e-05,1.1101344275070223e-05,1.7078991192415727e-05,1.7078991192415727e-05,2.6275371065254964e-05,5.442131952867944e-07,2.6275371065254964e-05,4.042364779269994e-05,4.042364779269994e-05,6.219022737338454e-05,6.219022737338454e-05,9.567727288213005e-05,9.567727288213005e-05,9.567727288213005e-05,9.567727288213005e-05,8.372510696719912e-07,8.372510696719912e-07,1.2880785687261406e-06,1.2880785687261406e-06,1.9816593365017543e-06,1.9816593365017543e-06,3.0487066715411608e-06,7711,
,,,11,,,,,,,,,,,,,,,,,,,,,,,,,,,,,7719,0.01886591501533985
,,,11,,,,,,,,,,,,,,,,,,,,,,,,,,,,,7729,0.04848622530698776
,,,11,,,,,,,,,,,,,,,,,,,,,,,,,,,,,7739,0.00515221431851387
,,,11,,,,,,,,,,,,,,,,,,,,,,,,,,,,,7749,0.08369748294353485
,,,11,,,,,,,,,,,,,,,,,,,,,,,,,,,,,7759,0.043946992605924606
,,,11,,,,,,,,,,,,,,,,,,,,,,,,,,,,,7769,0.11685499548912048
,,,11,,,,,,,,,,,,,,,,,,,,,,,,,,,,,7779,0.689315676689148
,,,11,,,,,,,,,,,,,,,,,,,,,,,,,,,,,7789,0.033200450241565704
,,,11,,,,,,,,,,,,,,,,,,,,,,,,,,,,,7799,0.05710887908935547
,,,11,,,,,,,,,,,,,,,,,,,,,,,,,,,,,7809,0.20465978980064392
,,,11,,,,,,,,,,,,,,,,,,,,,,,,,,,,,7819,0.013001722283661366
,,,11,,,,,,,,,,,,,,,,,,,,,,,,,,,,,7829,0.32305413484573364
,,,11,,,,,,,,,,,,,,,,,,,,,,,,,,,,,7839,0.8305827975273132
,,,11,,,,,,,,,,,,,,,,,,,,,,,,,,,,,7849,0.046422798186540604
,,,11,,,,,,,,,,,,,,,,,,,,,,,,,,,,,7859,0.00627860426902771
,,,11,,,,,,,,,,,,,,,,,,,,,,,,,,,,,7869,0.024662116542458534
,,,11,,,,,,,,,,,,,,,,,,,,,,,,,,,,,7879,0.02883509360253811
,,,11,,,,,,,,,,,,,,,,,,,,,,,,,,,,,7889,0.9811172485351562
,,,11,,,,,,,,,,,,,,,,,,,,,,,,,,,,,7899,0.19463135302066803
,,,11,,,,,,,,,,,,,,,,,,,,,,,,,,,,,7909,0.030628861859440804
,,,11,,,,,,,,,,,,,,,,,,,,,,,,,,,,,7919,0.0003459764993749559
,,,11,,,,,,,,,,,,,,,,,,,,,,,,,,,,,7929,0.018970230594277382
,,,11,,,,,,,,,,,,,,,,,,,,,,,,,,,,,7939,0.3463555872440338
,,,11,,,,,,,,,,,,,,,,,,,,,,,,,,,,,7949,0.05901825428009033
,,,11,,,,,,,,,,,,,,,,,,,,,,,,,,,,,7959,0.04296623542904854
,,,11,,,,,,,,,,,,,,,,,,,,,,,,,,,,,7969,0.05584569275379181
,,,11,,,,,,,,,,,,,,,,,,,,,,,,,,,,,7979,0.07762546837329865
,,,11,,,,,,,,,,,,,,,,,,,,,,,,,,,,,7989,0.19444815814495087
,,,11,,,,,,,,,,,,,,,,,,,,,,,,,,,,,7999,0.07733003050088882
,,,11,,,,,,,,,,,,,,,,,,,,,,,,,,,,,8009,0.6988043189048767
,,,11,,,,,,,,,,,,,,,,,,,,,,,,,,,,,8019,0.23405010998249054
,,,11,,,,,,,,,,,,,,,,,,,,,,,,,,,,,8029,0.9574079513549805
,,,11,,,,,,,,,,,,,,,,,,,,,,,,,,,,,8039,0.19524089992046356
,,,11,,,,,,,,,,,,,,,,,,,,,,,,,,,,,8049,0.3621578812599182
,,,11,,,,,,,,,,,,,,,,,,,,,,,,,,,,,8059,0.09269891679286957
,,,11,,,,,,,,,,,,,,,,,,,,,,,,,,,,,8069,0.014424771070480347
,,,11,,,,,,,,,,,,,,,,,,,,,,,,,,,,,8079,0.005115890875458717
,,,11,,,,,,,,,,,,,,,,,,,,,,,,,,,,,8089,0.08285550773143768
,,,11,,,,,,,,,,,,,,,,,,,,,,,,,,,,,8099,0.0032026830594986677
,,,11,,,,,,,,,,,,,,,,,,,,,,,,,,,,,8109,0.005293671973049641
,,,11,,,,,,,,,,,,,,,,,,,,,,,,,,,,,8119,0.11497309058904648
,,,11,,,,,,,,,,,,,,,,,,,,,,,,,,,,,8129,0.027091866359114647
,,,11,,,,,,,,,,,,,,,,,,,,,,,,,,,,,8139,0.029113341122865677
,,,11,,,,,,,,,,,,,,,,,,,,,,,,,,,,,8149,0.07932348549365997
,,,11,,,,,,,,,,,,,,,,,,,,,,,,,,,,,8159,0.02119932509958744
,,,11,,,,,,,,,,,,,,,,,,,,,,,,,,,,,8169,0.030694374814629555
,,,11,,,,,,,,,,,,,,,,,,,,,,,,,,,,,8179,0.029035696759819984
,,,11,,,,,,,,,,,,,,,,,,,,,,,,,,,,,8189,0.012406139634549618
,,,11,,,,,,,,,,,,,,,,,,,,,,,,,,,,,8199,0.08411242812871933
,,,11,,,,,,,,,,,,,,,,,,,,,,,,,,,,,8209,0.04492872208356857
,,,11,,,,,,,,,,,,,,,,,,,,,,,,,,,,,8219,1.0698858499526978
,,,11,,,,,,,,,,,,,,,,,,,,,,,,,,,,,8229,0.19853432476520538
,,,11,,,,,,,,,,,,,,,,,,,,,,,,,,,,,8239,0.0021577542647719383
,,,11,,,,,,,,,,,,,,,,,,,,,,,,,,,,,8249,0.7558361291885376
,,,11,,,,,,,,,,,,,,,,,,,,,,,,,,,,,8259,0.32838645577430725
,,,11,,,,,,,,,,,,,,,,,,,,,,,,,,,,,8269,0.005983340088278055
,,,11,,,,,,,,,,,,,,,,,,,,,,,,,,,,,8279,0.003877850016579032
,,,11,,,,,,,,,,,,,,,,,,,,,,,,,,,,,8289,0.009249710477888584
,,,11,,,,,,,,,,,,,,,,,,,,,,,,,,,,,8299,0.016302673146128654
,,,11,,,,,,,,,,,,,,,,,,,,,,,,,,,,,8309,0.14248071610927582
,,,11,,,,,,,,,,,,,,,,,,,,,,,,,,,,,8319,0.05326041579246521
,,,11,,,,,,,,,,,,,,,,,,,,,,,,,,,,,8329,0.021616842597723007
,,,11,,,,,,,,,,,,,,,,,,,,,,,,,,,,,8339,0.2370922565460205
,,,11,,,,,,,,,,,,,,,,,,,,,,,,,,,,,8349,0.32297083735466003
,,,11,,,,,,,,,,,,,,,,,,,,,,,,,,,,,8359,0.046449244022369385
,,,11,,,,,,,,,,,,,,,,,,,,,,,,,,,,,8369,0.08989884704351425
,,,11,,,,,,,,,,,,,,,,,,,,,,,,,,,,,8379,0.021904602646827698
,,,11,,,,,,,,,,,,,,,,,,,,,,,,,,,,,8389,0.002219658810645342
,,,11,,,,,,,,,,,,,,,,,,,,,,,,,,,,,8399,0.002212740480899811
,,,11,,,,,,,,,,,,,,,,,,,,,,,,,,,,,8409,0.04166252538561821
,,,,5.355111486767334e-07,2.999957417046929e-06,4.615319103149121e-06,4.615319103149121e-06,7.100490927921724e-06,7.100490927921724e-06,1.0923832196802652e-05,1.0923832196802652e-05,1.6805895687388695e-05,1.6805895687388695e-05,2.5855224134444144e-05,5.355111486767334e-07,2.5855224134444144e-05,3.977726789914484e-05,3.977726789914484e-05,6.119579676791514e-05,6.119579676791514e-05,9.414737964294636e-05,9.414737964294636e-05,9.414737964294636e-05,9.414737964294636e-05,8.238633056565128e-07,8.238633056565128e-07,1.2674820087023274e-06,1.2674820087023274e-06,1.9499723210805035e-06,1.9499723210805035e-06,2.999957417046929e-06,8412,
,,,12,,,,,,,,,,,,,,,,,,,,,,,,,,,,,8419,0.06599904596805573
,,,12,,,,,,,,,,,,,,,,,,,,,,,,,,,,,8429,0.618182361125946
,,,12,,,,,,,,,,,,,,,,,,,,,,,,,,,,,8439,0.00363525259308517
,,,12,,,,,,,,,,,,,,,,,,,,,,,,,,,,,8449,0.08006876707077026
,,,12,,,,,,,,,,,,,,,,,,,,,,,,,,,,,8459,0.5997026562690735
,,,12,,,,,,,,,,,,,,,,,,,,,,,,,,,,,8469,0.03203119337558746
,,,12,,,,,,,,,,,,,,,,,,,,,,,,,,,,,8479,0.005207312759011984
,,,12,,,,,,,,,,,,,,,,,,,,,,,,,,,,,8489,0.041119448840618134
,,,12,,,,,,,,,,,,,,,,,,,,,,,,,,,,,8499,0.13810749351978302
,,,12,,,,,,,,,,,,,,,,,,,,,,,,,,,,,8509,0.012584595009684563
,,,12,,,,,,,,,,,,,,,,,,,,,,,,,,,,,8519,0.7698169350624084
,,,12,,,,,,,,,,,,,,,,,,,,,,,,,,,,,8529,0.0027024089358747005
,,,12,,,,,,,,,,,,,,,,,,,,,,,,,,,,,8539,0.34706592559814453
,,,12,,,,,,,,,,,,,,,,,,,,,,,,,,,,,8549,0.17369848489761353
,,,12,,,,,,,,,,,,,,,,,,,,,,,,,,,,,8559,0.07281363755464554
,,,12,,,,,,,,,,,,,,,,,,,,,,,,,,,,,8569,0.02899300307035446
,,,12,,,,,,,,,,,,,,,,,,,,,,,,,,,,,8579,0.004986303858458996
,,,12,,,,,,,,,,,,,,,,,,,,,,,,,,,,,8589,0.014422891661524773
,,,12,,,,,,,,,,,,,,,,,,,,,,,,,,,,,8599,0.006312838289886713
,,,12,,,,,,,,,,,,,,,,,,,,,,,,,,,,,8609,0.035320647060871124
,,,12,,,,,,,,,,,,,,,,,,,,,,,,,,,,,8619,0.015401183627545834
,,,12,,,,,,,,,,,,,,,,,,,,,,,,,,,,,8629,0.12637771666049957
,,,12,,,,,,,,,,,,,,,,,,,,,,,,,,,,,8639,0.060337163507938385
,,,12,,,,,,,,,,,,,,,,,,,,,,,,,,,,,8649,0.09168274700641632
,,,12,,,,,,,,,,,,,,,,,,,,,,,,,,,,,8659,0.25339365005493164
,,,12,,,,,,,,,,,,,,,,,,,,,,,,,,,,,8669,0.014913705177605152
,,,12,,,,,,,,,,,,,,,,,,,,,,,,,,,,,8679,1.0740677118301392
,,,12,,,,,,,,,,,,,,,,,,,,,,,,,,,,,8689,0.2094484567642212
,,,12,,,,,,,,,,,,,,,,,,,,,,,,,,,,,8699,0.021878689527511597
,,,12,,,,,,,,,,,,,,,,,,,,,,,,,,,,,8709,0.040162939578294754
,,,12,,,,,,,,,,,,,,,,,,,,,,,,,,,,,8719,0.9056591987609863
,,,12,,,,,,,,,,,,,,,,,,,,,,,,,,,,,8729,0.9598302245140076
,,,12,,,,,,,,,,,,,,,,,,,,,,,,,,,,,8739,0.018366383388638496
,,,12,,,,,,,,,,,,,,,,,,,,,,,,,,,,,8749,0.03556273505091667
,,,12,,,,,,,,,,,,,,,,,,,,,,,,,,,,,8759,0.16559003293514252
,,,12,,,,,,,,,,,,,,,,,,,,,,,,,,,,,8769,0.03740305453538895
,,,12,,,,,,,,,,,,,,,,,,,,,,,,,,,,,8779,0.025622423738241196
,,,12,,,,,,,,,,,,,,,,,,,,,,,,,,,,,8789,0.014806072227656841
,,,12,,,,,,,,,,,,,,,,,,,,,,,,,,,,,8799,0.005186682567000389
,,,12,,,,,,,,,,,,,,,,,,,,,,,,,,,,,8809,0.017134541645646095
,,,12,,,,,,,,,,,,,,,,,,,,,,,,,,,,,8819,0.09297977387905121
,,,12,,,,,,,,,,,,,,,,,,,,,,,,,,,,,8829,0.044461190700531006
,,,12,,,,,,,,,,,,,,,,,,,,,,,,,,,,,8839,0.007280279416590929
,,,12,,,,,,,,,,,,,,,,,,,,,,,,,,,,,8849,0.06474859267473221
,,,12,,,,,,,,,,,,,,,,,,,,,,,,,,,,,8859,0.04307993873953819
,,,12,,,,,,,,,,,,,,,,,,,,,,,,,,,,,8869,0.015763230621814728
,,,12,,,,,,,,,,,,,,,,,,,,,,,,,,,,,8879,1.1333816051483154
,,,12,,,,,,,,,,,,,,,,,,,,,,,,,,,,,8889,0.10404922813177109
,,,12,,,,,,,,,,,,,,,,,,,,,,,,,,,,,8899,0.0038955032359808683
,,,12,,,,,,,,,,,,,,,,,,,,,,,,,,,,,8909,0.005658896639943123
,,,12,,,,,,,,,,,,,,,,,,,,,,,,,,,,,8919,0.047755949199199677
,,,12,,,,,,,,,,,,,,,,,,,,,,,,,,,,,8929,0.00978937093168497
,,,12,,,,,,,,,,,,,,,,,,,,,,,,,,,,,8939,0.007115233689546585
,,,12,,,,,,,,,,,,,,,,,,,,,,,,,,,,,8949,0.008040009997785091
,,,12,,,,,,,,,,,,,,,,,,,,,,,,,,,,,8959,0.058763325214385986
,,,12,,,,,,,,,,,,,,,,,,,,,,,,,,,,,8969,0.029096025973558426
,,,12,,,,,,,,,,,,,,,,,,,,,,,,,,,,,8979,0.018336426466703415
,,,12,,,,,,,,,,,,,,,,,,,,,,,,,,,,,8989,0.026915395632386208
,,,12,,,,,,,,,,,,,,,,,,,,,,,,,,,,,8999,0.01094479113817215
,,,12,,,,,,,,,,,,,,,,,,,,,,,,,,,,,9009,0.5971857309341431
,,,12,,,,,,,,,,,,,,,,,,,,,,,,,,,,,9019,0.4050076901912689
,,,12,,,,,,,,,,,,,,,,,,,,,,,,,,,,,9029,0.025484969839453697
,,,12,,,,,,,,,,,,,,,,,,,,,,,,,,,,,9039,0.11716589331626892
,,,12,,,,,,,,,,,,,,,,,,,,,,,,,,,,,9049,0.028474682942032814
,,,12,,,,,,,,,,,,,,,,,,,,,,,,,,,,,9059,0.033845335245132446
,,,12,,,,,,,,,,,,,,,,,,,,,,,,,,,,,9069,0.08529495447874069
,,,12,,,,,,,,,,,,,,,,,,,,,,,,,,,,,9079,0.02840585447847843
,,,12,,,,,,,,,,,,,,,,,,,,,,,,,,,,,9089,0.9362225532531738
,,,12,,,,,,,,,,,,,,,,,,,,,,,,,,,,,9099,0.010359966196119785
,,,12,,,,,,,,,,,,,,,,,,,,,,,,,,,,,9109,1.2309412956237793
,,,,5.255857159996507e-07,2.9443546990632016e-06,4.529776460097233e-06,4.529776460097233e-06,6.96888686168805e-06,6.96888686168805e-06,1.0721364402597e-05,1.0721364402597e-05,1.649440677322615e-05,1.649440677322615e-05,2.5376010420347926e-05,5.255857159996507e-07,2.5376010420347926e-05,3.90400160313045e-05,3.90400160313045e-05,6.006156312508385e-05,6.006156312508385e-05,9.24024048078213e-05,9.24024048078213e-05,9.24024048078213e-05,9.24024048078213e-05,8.085934092302317e-07,8.085934092302317e-07,1.2439898603542026e-06,1.2439898603542026e-06,1.913830554391081e-06,1.913830554391081e-06,2.9443546990632016e-06,9113,
,,,13,,,,,,,,,,,,,,,,,,,,,,,,,,,,,9119,0.0649813711643219
,,,13,,,,,,,,,,,,,,,,,,,,,,,,,,,,,9129,0.017684699967503548
,,,13,,,,,,,,,,,,,,,,,,,,,,,,,,,,,9139,0.009628531523048878
,,,13,,,,,,,,,,,,,,,,,,,,,,,,,,,,,9149,0.14911170303821564
,,,13,,,,,,,,,,,,,,,,,,,,,,,,,,,,,9159,0.0127478688955307
,,,13,,,,,,,,,,,,,,,,,,,,,,,,,,,,,9169,0.3377995193004608
,,,13,,,,,,,,,,,,,,,,,,,,,,,,,,,,,9179,0.22817711532115936
,,,13,,,,,,,,,,,,,,,,,,,,,,,,,,,,,9189,0.09345144033432007
,,,13,,,,,,,,,,,,,,,,,,,,,,,,,,,,,9199,0.010447654873132706
,,,13,,,,,,,,,,,,,,,,,,,,,,,,,,,,,9209,0.002643991494551301
,,,13,,,,,,,,,,,,,,,,,,,,,,,,,,,,,9219,0.024502312764525414
,,,13,,,,,,,,,,,,,,,,,,,,,,,,,,,,,9229,0.7145723104476929
,,,13,,,,,,,,,,,,,,,,,,,,,,,,,,,,,9239,0.07641725242137909
,,,13,,,,,,,,,,,,,,,,,,,,,,,,,,,,,9249,0.006116981152445078
,,,13,,,,,,,,,,,,,,,,,,,,,,,,,,,,,9259,0.0736619085073471
,,,13,,,,,,,,,,,,,,,,,,,,,,,,,,,,,9269,0.010023960843682289
,,,13,,,,,,,,,,,,,,,,,,,,,,,,,,,,,9279,0.0021296159829944372
,,,13,,,,,,,,,,,,,,,,,,,,,,,,,,,,,9289,0.011421635746955872
,,,13,,,,,,,,,,,,,,,,,,,,,,,,,,,,,9299,0.09395265579223633
,,,13,,,,,,,,,,,,,,,,,,,,,,,,,,,,,9309,0.3772575259208679
,,,13,,,,,,,,,,,,,,,,,,,,,,,,,,,,,9319,0.04030873626470566
,,,13,,,,,,,,,,,,,,,,,,,,,,,,,,,,,9329,0.04404938220977783
,,,13,,,,,,,,,,,,,,,,,,,,,,,,,,,,,9339,0.014047217555344105
,,,13,,,,,,,,,,,,,,,,,,,,,,,,,,,,,9349,0.08927101641893387
,,,13,,,,,,,,,,,,,,,,,,,,,,,,,,,,,9359,0.16476742923259735
,,,13,,,,,,,,,,,,,,,,,,,,,,,,,,,,,9369,0.2258911430835724
,,,13,,,,,,,,,,,,,,,,,,,,,,,,,,,,,9379,0.4896339476108551
,,,13,,,,,,,,,,,,,,,,,,,,,,,,,,,,,9389,0.0033011918421834707
,,,13,,,,,,,,,,,,,,,,,,,,,,,,,,,,,9399,0.003248494118452072
,,,13,,,,,,,,,,,,,,,,,,,,,,,,,,,,,9409,0.050283003598451614
,,,13,,,,,,,,,,,,,,,,,,,,,,,,,,,,,9419,0.07835990935564041
,,,13,,,,,,,,,,,,,,,,,,,,,,,,,,,,,9429,0.012850316241383553
,,,13,,,,,,,,,,,,,,,,,,,,,,,,,,,,,9439,0.1297742873430252
,,,13,,,,,,,,,,,,,,,,,,,,,,,,,,,,,9449,0.11565942317247391
,,,13,,,,,,,,,,,,,,,,,,,,,,,,,,,,,9459,0.1439547836780548
,,,13,,,,,,,,,,,,,,,,,,,,,,,,,,,,,9469,0.08930493891239166
,,,13,,,,,,,,,,,,,,,,,,,,,,,,,,,,,9479,0.04334845021367073
,,,13,,,,,,,,,,,,,,,,,,,,,,,,,,,,,9489,0.06085773929953575
,,,13,,,,,,,,,,,,,,,,,,,,,,,,,,,,,9499,0.4227587580680847
,,,13,,,,,,,,,,,,,,,,,,,,,,,,,,,,,9509,0.018585562705993652
,,,13,,,,,,,,,,,,,,,,,,,,,,,,,,,,,9519,0.0012447242625057697
,,,13,,,,,,,,,,,,,,,,,,,,,,,,,,,,,9529,2.335209608078003
,,,13,,,,,,,,,,,,,,,,,,,,,,,,,,,,,9539,0.19861556589603424
,,,13,,,,,,,,,,,,,,,,,,,,,,,,,,,,,9549,0.027150655165314674
,,,13,,,,,,,,,,,,,,,,,,,,,,,,,,,,,9559,0.016128404065966606
,,,13,,,,,,,,,,,,,,,,,,,,,,,,,,,,,9569,0.034499842673540115
,,,13,,,,,,,,,,,,,,,,,,,,,,,,,,,,,9579,0.016047880053520203
,,,13,,,,,,,,,,,,,,,,,,,,,,,,,,,,,9589,0.03513630852103233
,,,13,,,,,,,,,,,,,,,,,,,,,,,,,,,,,9599,0.004228919744491577
,,,13,,,,,,,,,,,,,,,,,,,,,,,,,,,,,9609,0.011886772699654102
,,,13,,,,,,,,,,,,,,,,,,,,,,,,,,,,,9619,0.029450757429003716
,,,13,,,,,,,,,,,,,,,,,,,,,,,,,,,,,9629,0.48468610644340515
,,,13,,,,,,,,,,,,,,,,,,,,,,,,,,,,,9639,0.003015717724338174
,,,13,,,,,,,,,,,,,,,,,,,,,,,,,,,,,9649,0.010425915010273457
,,,13,,,,,,,,,,,,,,,,,,,,,,,,,,,,,9659,0.00947806891053915
,,,13,,,,,,,,,,,,,,,,,,,,,,,,,,,,,9669,0.07099136710166931
,,,13,,,,,,,,,,,,,,,,,,,,,,,,,,,,,9679,0.07700186967849731
,,,13,,,,,,,,,,,,,,,,,,,,,,,,,,,,,9689,0.523118793964386
,,,13,,,,,,,,,,,,,,,,,,,,,,,,,,,,,9699,0.013110333122313023
,,,13,,,,,,,,,,,,,,,,,,,,,,,,,,,,,9709,0.008123497478663921
,,,13,,,,,,,,,,,,,,,,,,,,,,,,,,,,,9719,0.010374898090958595
,,,13,,,,,,,,,,,,,,,,,,,,,,,,,,,,,9729,0.01432445365935564
,,,13,,,,,,,,,,,,,,,,,,,,,,,,,,,,,9739,0.4555143415927887
,,,13,,,,,,,,,,,,,,,,,,,,,,,,,,,,,9749,0.5803706049919128
,,,13,,,,,,,,,,,,,,,,,,,,,,,,,,,,,9759,0.16828496754169464
,,,13,,,,,,,,,,,,,,,,,,,,,,,,,,,,,9769,0.3525267541408539
,,,13,,,,,,,,,,,,,,,,,,,,,,,,,,,,,9779,0.1868368536233902
,,,13,,,,,,,,,,,,,,,,,,,,,,,,,,,,,9789,0.11217792332172394
,,,13,,,,,,,,,,,,,,,,,,,,,,,,,,,,,9799,0.020325250923633575
,,,13,,,,,,,,,,,,,,,,,,,,,,,,,,,,,9809,0.00349678797647357
,,,,5.144852529658481e-07,2.882169408442831e-06,4.43410678221974e-06,4.43410678221974e-06,6.8217027418765215e-06,6.8217027418765215e-06,1.0494927295194649e-05,1.0494927295194649e-05,1.614604199260715e-05,1.614604199260715e-05,2.4840064604011e-05,5.144852529658481e-07,2.4840064604011e-05,3.821548400617077e-05,3.821548400617077e-05,5.87930523171858e-05,5.87930523171858e-05,9.045084971874738e-05,9.045084971874738e-05,9.045084971874738e-05,9.045084971874738e-05,7.915157737936124e-07,7.915157737936124e-07,1.2177165750670961e-06,1.2177165750670961e-06,1.87341011548784e-06,1.87341011548784e-06,2.882169408442831e-06,9814,
,,,14,,,,,,,,,,,,,,,,,,,,,,,,,,,,,9819,0.006688891444355249
,,,14,,,,,,,,,,,,,,,,,,,,,,,,,,,,,9829,0.07866359502077103
,,,14,,,,,,,,,,,,,,,,,,,,,,,,,,,,,9839,0.04781682416796684
,,,14,,,,,,,,,,,,,,,,,,,,,,,,,,,,,9849,0.02530401386320591
,,,14,,,,,,,,,,,,,,,,,,,,,,,,,,,,,9859,0.017575815320014954
,,,14,,,,,,,,,,,,,,,,,,,,,,,,,,,,,9869,0.04134352505207062
,,,14,,,,,,,,,,,,,,,,,,,,,,,,,,,,,9879,0.009186768904328346
,,,14,,,,,,,,,,,,,,,,,,,,,,,,,,,,,9889,0.02755723148584366
,,,14,,,,,,,,,,,,,,,,,,,,,,,,,,,,,9899,0.01104575116187334
,,,14,,,,,,,,,,,,,,,,,,,,,,,,,,,,,9909,0.004700129386037588
,,,14,,,,,,,,,,,,,,,,,,,,,,,,,,,,,9919,0.03672250360250473
,,,14,,,,,,,,,,,,,,,,,,,,,,,,,,,,,9929,0.11756910383701324
,,,14,,,,,,,,,,,,,,,,,,,,,,,,,,,,,9939,0.027974553406238556
,,,14,,,,,,,,,,,,,,,,,,,,,,,,,,,,,9949,0.02788941003382206
,,,14,,,,,,,,,,,,,,,,,,,,,,,,,,,,,9959,0.003065304597839713
,,,14,,,,,,,,,,,,,,,,,,,,,,,,,,,,,9969,0.2192883938550949
,,,14,,,,,,,,,,,,,,,,,,,,,,,,,,,,,9979,0.2250692993402481
,,,14,,,,,,,,,,,,,,,,,,,,,,,,,,,,,9989,1.1225048303604126
,,,14,,,,,,,,,,,,,,,,,,,,,,,,,,,,,9999,0.3950313329696655
,,,14,,,,,,,,,,,,,,,,,,,,,,,,,,,,,10009,0.032234616577625275
,,,14,,,,,,,,,,,,,,,,,,,,,,,,,,,,,10019,0.46314388513565063
,,,14,,,,,,,,,,,,,,,,,,,,,,,,,,,,,10029,0.013894622214138508
,,,14,,,,,,,,,,,,,,,,,,,,,,,,,,,,,10039,0.18102850019931793
,,,14,,,,,,,,,,,,,,,,,,,,,,,,,,,,,10049,0.025874748826026917
,,,14,,,,,,,,,,,,,,,,,,,,,,,,,,,,,10059,0.013541160151362419
,,,14,,,,,,,,,,,,,,,,,,,,,,,,,,,,,10069,0.023827381432056427
,,,14,,,,,,,,,,,,,,,,,,,,,,,,,,,,,10079,0.05821773037314415
,,,14,,,,,,,,,,,,,,,,,,,,,,,,,,,,,10089,0.007991085760295391
,,,14,,,,,,,,,,,,,,,,,,,,,,,,,,,,,10099,0.007182834669947624
,,,14,,,,,,,,,,,,,,,,,,,,,,,,,,,,,10109,0.18540515005588531
,,,14,,,,,,,,,,,,,,,,,,,,,,,,,,,,,10119,0.07388238608837128
,,,14,,,,,,,,,,,,,,,,,,,,,,,,,,,,,10129,0.00875128898769617
,,,14,,,,,,,,,,,,,,,,,,,,,,,,,,,,,10139,0.0026376654859632254
,,,14,,,,,,,,,,,,,,,,,,,,,,,,,,,,,10149,0.2100236415863037
,,,14,,,,,,,,,,,,,,,,,,,,,,,,,,,,,10159,2.7513675689697266
,,,14,,,,,,,,,,,,,,,,,,,,,,,,,,,,,10169,0.003973194397985935
,,,14,,,,,,,,,,,,,,,,,,,,,,,,,,,,,10179,0.01570887677371502
,,,14,,,,,,,,,,,,,,,,,,,,,,,,,,,,,10189,0.0535355769097805
,,,14,,,,,,,,,,,,,,,,,,,,,,,,,,,,,10199,0.019316766411066055
,,,14,,,,,,,,,,,,,,,,,,,,,,,,,,,,,10209,0.003849044907838106
,,,14,,,,,,,,,,,,,,,,,,,,,,,,,,,,,10219,0.8128566145896912
,,,14,,,,,,,,,,,,,,,,,,,,,,,,,,,,,10229,0.009280036203563213
,,,14,,,,,,,,,,,,,,,,,,,,,,,,,,,,,10239,1.781569242477417
,,,14,,,,,,,,,,,,,,,,,,,,,,,,,,,,,10249,0.07988400012254715
,,,14,,,,,,,,,,,,,,,,,,,,,,,,,,,,,10259,0.440478652715683
,,,14,,,,,,,,,,,,,,,,,,,,,,,,,,,,,10269,0.01987849548459053
,,,14,,,,,,,,,,,,,,,,,,,,,,,,,,,,,10279,0.015327299945056438
,,,14,,,,,,,,,,,,,,,,,,,,,,,,,,,,,10289,0.008490287698805332
,,,14,,,,,,,,,,,,,,,,,,,,,,,,,,,,,10299,0.5840241312980652
,,,14,,,,,,,,,,,,,,,,,,,,,,,,,,,,,10309,0.14505307376384735
,,,14,,,,,,,,,,,,,,,,,,,,,,,,,,,,,10319,0.025906110182404518
,,,14,,,,,,,,,,,,,,,,,,,,,,,,,,,,,10329,0.6298384666442871
,,,14,,,,,,,,,,,,,,,,,,,,,,,,,,,,,10339,0.06381876766681671
,,,14,,,,,,,,,,,,,,,,,,,,,,,,,,,,,10349,0.0022609601728618145
,,,14,,,,,,,,,,,,,,,,,,,,,,,,,,,,,10359,0.004765668883919716
,,,14,,,,,,,,,,,,,,,,,,,,,,,,,,,,,10369,0.07383102178573608
,,,14,,,,,,,,,,,,,,,,,,,,,,,,,,,,,10379,0.00495071429759264
,,,14,,,,,,,,,,,,,,,,,,,,,,,,,,,,,10389,0.17003732919692993
,,,14,,,,,,,,,,,,,,,,,,,,,,,,,,,,,10399,0.044354625046253204
,,,14,,,,,,,,,,,,,,,,,,,,,,,,,,,,,10409,0.21614804863929749
,,,14,,,,,,,,,,,,,,,,,,,,,,,,,,,,,10419,0.005135205574333668
,,,14,,,,,,,,,,,,,,,,,,,,,,,,,,,,,10429,0.017760582268238068
,,,14,,,,,,,,,,,,,,,,,,,,,,,,,,,,,10439,0.3854287564754486
,,,14,,,,,,,,,,,,,,,,,,,,,,,,,,,,,10449,0.00591396214440465
,,,14,,,,,,,,,,,,,,,,,,,,,,,,,,,,,10459,0.20989151298999786
,,,14,,,,,,,,,,,,,,,,,,,,,,,,,,,,,10469,0.08604434132575989
,,,14,,,,,,,,,,,,,,,,,,,,,,,,,,,,,10479,0.014171233400702477
,,,14,,,,,,,,,,,,,,,,,,,,,,,,,,,,,10489,0.008363056927919388
,,,14,,,,,,,,,,,,,,,,,,,,,,,,,,,,,10499,0.010999266058206558
,,,14,,,,,,,,,,,,,,,,,,,,,,,,,,,,,10509,0.10439930111169815
0.8141745924949646,0.8836773037910461,0.754807710647583,14,,,,,,,,,,,,,,,,,,,,,,,,,,,,,10514,
,,,,5.022638399154116e-07,2.813704505670875e-06,4.328776162570576e-06,4.328776162570576e-06,6.659655634723963e-06,6.659655634723963e-06,1.0245624053421482e-05,1.0245624053421482e-05,1.5762498543725355e-05,1.5762498543725355e-05,2.4249997759577468e-05,5.022638399154116e-07,2.4249997759577468e-05,3.730768886088841e-05,3.730768886088841e-05,5.739644440136679e-05,5.739644440136679e-05,8.83022221559489e-05,8.83022221559489e-05,8.83022221559489e-05,8.83022221559489e-05,7.72713599869864e-07,7.72713599869864e-07,1.1887901536459447e-06,1.1887901536459447e-06,1.8289079286860687e-06,1.8289079286860687e-06,2.813704505670875e-06,10515,
,,,15,,,,,,,,,,,,,,,,,,,,,,,,,,,,,10519,0.017420031130313873
,,,15,,,,,,,,,,,,,,,,,,,,,,,,,,,,,10529,0.008795909583568573
,,,15,,,,,,,,,,,,,,,,,,,,,,,,,,,,,10539,0.01361638680100441
,,,15,,,,,,,,,,,,,,,,,,,,,,,,,,,,,10549,0.012508781626820564
,,,15,,,,,,,,,,,,,,,,,,,,,,,,,,,,,10559,0.004350761417299509
,,,15,,,,,,,,,,,,,,,,,,,,,,,,,,,,,10569,0.05591515824198723
,,,15,,,,,,,,,,,,,,,,,,,,,,,,,,,,,10579,0.0032988698221743107
,,,15,,,,,,,,,,,,,,,,,,,,,,,,,,,,,10589,0.9123846888542175
,,,15,,,,,,,,,,,,,,,,,,,,,,,,,,,,,10599,0.0166536383330822
,,,15,,,,,,,,,,,,,,,,,,,,,,,,,,,,,10609,0.5186751484870911
,,,15,,,,,,,,,,,,,,,,,,,,,,,,,,,,,10619,0.00348104746080935
,,,15,,,,,,,,,,,,,,,,,,,,,,,,,,,,,10629,0.006037912331521511
,,,15,,,,,,,,,,,,,,,,,,,,,,,,,,,,,10639,0.0010846813675016165
,,,15,,,,,,,,,,,,,,,,,,,,,,,,,,,,,10649,0.05192382633686066
,,,15,,,,,,,,,,,,,,,,,,,,,,,,,,,,,10659,0.7650344967842102
,,,15,,,,,,,,,,,,,,,,,,,,,,,,,,,,,10669,0.07144061475992203
,,,15,,,,,,,,,,,,,,,,,,,,,,,,,,,,,10679,0.039043158292770386
,,,15,,,,,,,,,,,,,,,,,,,,,,,,,,,,,10689,0.10253328084945679
,,,15,,,,,,,,,,,,,,,,,,,,,,,,,,,,,10699,0.004679635167121887
,,,15,,,,,,,,,,,,,,,,,,,,,,,,,,,,,10709,0.09035240858793259
,,,15,,,,,,,,,,,,,,,,,,,,,,,,,,,,,10719,0.88228440284729
,,,15,,,,,,,,,,,,,,,,,,,,,,,,,,,,,10729,0.00858129933476448
,,,15,,,,,,,,,,,,,,,,,,,,,,,,,,,,,10739,0.10148783028125763
,,,15,,,,,,,,,,,,,,,,,,,,,,,,,,,,,10749,1.1166774034500122
,,,15,,,,,,,,,,,,,,,,,,,,,,,,,,,,,10759,0.24153150618076324
,,,15,,,,,,,,,,,,,,,,,,,,,,,,,,,,,10769,0.008640932850539684
,,,15,,,,,,,,,,,,,,,,,,,,,,,,,,,,,10779,0.004049475304782391
,,,15,,,,,,,,,,,,,,,,,,,,,,,,,,,,,10789,0.5501806735992432
,,,15,,,,,,,,,,,,,,,,,,,,,,,,,,,,,10799,0.008596373721957207
,,,15,,,,,,,,,,,,,,,,,,,,,,,,,,,,,10809,0.012409484013915062
,,,15,,,,,,,,,,,,,,,,,,,,,,,,,,,,,10819,0.03776007518172264
,,,15,,,,,,,,,,,,,,,,,,,,,,,,,,,,,10829,0.010381879284977913
,,,15,,,,,,,,,,,,,,,,,,,,,,,,,,,,,10839,0.0038237881381064653
,,,15,,,,,,,,,,,,,,,,,,,,,,,,,,,,,10849,0.07791447639465332
,,,15,,,,,,,,,,,,,,,,,,,,,,,,,,,,,10859,0.004090174566954374
,,,15,,,,,,,,,,,,,,,,,,,,,,,,,,,,,10869,0.08886780589818954
,,,15,,,,,,,,,,,,,,,,,,,,,,,,,,,,,10879,0.061339329928159714
,,,15,,,,,,,,,,,,,,,,,,,,,,,,,,,,,10889,0.16392070055007935
,,,15,,,,,,,,,,,,,,,,,,,,,,,,,,,,,10899,0.09070485830307007
,,,15,,,,,,,,,,,,,,,,,,,,,,,,,,,,,10909,0.06020071730017662
,,,15,,,,,,,,,,,,,,,,,,,,,,,,,,,,,10919,0.10589538514614105
,,,15,,,,,,,,,,,,,,,,,,,,,,,,,,,,,10929,0.8718974590301514
,,,15,,,,,,,,,,,,,,,,,,,,,,,,,,,,,10939,0.01059646625071764
,,,15,,,,,,,,,,,,,,,,,,,,,,,,,,,,,10949,0.24341070652008057
,,,15,,,,,,,,,,,,,,,,,,,,,,,,,,,,,10959,0.008844791911542416
,,,15,,,,,,,,,,,,,,,,,,,,,,,,,,,,,10969,0.5317637324333191
,,,15,,,,,,,,,,,,,,,,,,,,,,,,,,,,,10979,0.02602226659655571
,,,15,,,,,,,,,,,,,,,,,,,,,,,,,,,,,10989,0.0021886543836444616
,,,15,,,,,,,,,,,,,,,,,,,,,,,,,,,,,10999,0.0072392188012599945
,,,15,,,,,,,,,,,,,,,,,,,,,,,,,,,,,11009,0.08859231323003769
,,,15,,,,,,,,,,,,,,,,,,,,,,,,,,,,,11019,0.003622172400355339
,,,15,,,,,,,,,,,,,,,,,,,,,,,,,,,,,11029,0.02243279293179512
,,,15,,,,,,,,,,,,,,,,,,,,,,,,,,,,,11039,0.004778701812028885
,,,15,,,,,,,,,,,,,,,,,,,,,,,,,,,,,11049,0.07198219001293182
,,,15,,,,,,,,,,,,,,,,,,,,,,,,,,,,,11059,0.018285436555743217
,,,15,,,,,,,,,,,,,,,,,,,,,,,,,,,,,11069,0.0032581763807684183
,,,15,,,,,,,,,,,,,,,,,,,,,,,,,,,,,11079,0.007100659888237715
,,,15,,,,,,,,,,,,,,,,,,,,,,,,,,,,,11089,0.004602661356329918
,,,15,,,,,,,,,,,,,,,,,,,,,,,,,,,,,11099,0.004866011906415224
,,,15,,,,,,,,,,,,,,,,,,,,,,,,,,,,,11109,0.08875154703855515
,,,15,,,,,,,,,,,,,,,,,,,,,,,,,,,,,11119,0.006507418118417263
,,,15,,,,,,,,,,,,,,,,,,,,,,,,,,,,,11129,0.0037483088672161102
,,,15,,,,,,,,,,,,,,,,,,,,,,,,,,,,,11139,0.006334094796329737
,,,15,,,,,,,,,,,,,,,,,,,,,,,,,,,,,11149,0.0033776620402932167
,,,15,,,,,,,,,,,,,,,,,,,,,,,,,,,,,11159,0.010656127706170082
,,,15,,,,,,,,,,,,,,,,,,,,,,,,,,,,,11169,0.013126373291015625
,,,15,,,,,,,,,,,,,,,,,,,,,,,,,,,,,11179,0.47379985451698303
,,,15,,,,,,,,,,,,,,,,,,,,,,,,,,,,,11189,0.031880900263786316
,,,15,,,,,,,,,,,,,,,,,,,,,,,,,,,,,11199,0.010265514254570007
,,,15,,,,,,,,,,,,,,,,,,,,,,,,,,,,,11209,0.09128429740667343
,,,,4.88981018344231e-07,2.739293544871571e-06,4.2142977613408785e-06,4.2142977613408785e-06,6.4835350174475046e-06,6.4835350174475046e-06,9.974669257611545e-06,9.974669257611545e-06,1.534564501171007e-05,1.534564501171007e-05,2.3608684633400107e-05,4.88981018344231e-07,2.3608684633400107e-05,3.6321053282154005e-05,3.6321053282154005e-05,5.587854351100617e-05,5.587854351100617e-05,8.596699001693255e-05,8.596699001693255e-05,8.596699001693255e-05,8.596699001693255e-05,7.522784897603552e-07,7.522784897603552e-07,1.1573515227082388e-06,1.1573515227082388e-06,1.7805408041665213e-06,1.7805408041665213e-06,2.739293544871571e-06,11216,
,,,16,,,,,,,,,,,,,,,,,,,,,,,,,,,,,11219,0.0054182675667107105
,,,16,,,,,,,,,,,,,,,,,,,,,,,,,,,,,11229,0.18004991114139557
,,,16,,,,,,,,,,,,,,,,,,,,,,,,,,,,,11239,0.02624850533902645
,,,16,,,,,,,,,,,,,,,,,,,,,,,,,,,,,11249,2.1224253177642822
,,,16,,,,,,,,,,,,,,,,,,,,,,,,,,,,,11259,0.01091680210083723
,,,16,,,,,,,,,,,,,,,,,,,,,,,,,,,,,11269,0.00812931265681982
,,,16,,,,,,,,,,,,,,,,,,,,,,,,,,,,,11279,0.11549156904220581
,,,16,,,,,,,,,,,,,,,,,,,,,,,,,,,,,11289,0.0281514935195446
,,,16,,,,,,,,,,,,,,,,,,,,,,,,,,,,,11299,0.41325730085372925
,,,16,,,,,,,,,,,,,,,,,,,,,,,,,,,,,11309,0.08339746296405792
,,,16,,,,,,,,,,,,,,,,,,,,,,,,,,,,,11319,0.08323720842599869
,,,16,,,,,,,,,,,,,,,,,,,,,,,,,,,,,11329,0.18029212951660156
,,,16,,,,,,,,,,,,,,,,,,,,,,,,,,,,,11339,0.4849063456058502
,,,16,,,,,,,,,,,,,,,,,,,,,,,,,,,,,11349,0.034891389310359955
,,,16,,,,,,,,,,,,,,,,,,,,,,,,,,,,,11359,0.6529167890548706
,,,16,,,,,,,,,,,,,,,,,,,,,,,,,,,,,11369,0.013097423128783703
,,,16,,,,,,,,,,,,,,,,,,,,,,,,,,,,,11379,0.3539852499961853
,,,16,,,,,,,,,,,,,,,,,,,,,,,,,,,,,11389,0.020536642521619797
,,,16,,,,,,,,,,,,,,,,,,,,,,,,,,,,,11399,0.004755557980388403
,,,16,,,,,,,,,,,,,,,,,,,,,,,,,,,,,11409,0.03620442748069763
,,,16,,,,,,,,,,,,,,,,,,,,,,,,,,,,,11419,0.27232733368873596
,,,16,,,,,,,,,,,,,,,,,,,,,,,,,,,,,11429,0.00274781696498394
,,,16,,,,,,,,,,,,,,,,,,,,,,,,,,,,,11439,0.09036341309547424
,,,16,,,,,,,,,,,,,,,,,,,,,,,,,,,,,11449,0.03281952068209648
,,,16,,,,,,,,,,,,,,,,,,,,,,,,,,,,,11459,0.009152614511549473
,,,16,,,,,,,,,,,,,,,,,,,,,,,,,,,,,11469,0.011568218469619751
,,,16,,,,,,,,,,,,,,,,,,,,,,,,,,,,,11479,0.05682094395160675
,,,16,,,,,,,,,,,,,,,,,,,,,,,,,,,,,11489,0.006574934348464012
,,,16,,,,,,,,,,,,,,,,,,,,,,,,,,,,,11499,0.009896132163703442
,,,16,,,,,,,,,,,,,,,,,,,,,,,,,,,,,11509,0.8964154720306396
,,,16,,,,,,,,,,,,,,,,,,,,,,,,,,,,,11519,0.005015618167817593
,,,16,,,,,,,,,,,,,,,,,,,,,,,,,,,,,11529,0.6410057544708252
,,,16,,,,,,,,,,,,,,,,,,,,,,,,,,,,,11539,0.2762383222579956
,,,16,,,,,,,,,,,,,,,,,,,,,,,,,,,,,11549,0.0037166038528084755
,,,16,,,,,,,,,,,,,,,,,,,,,,,,,,,,,11559,0.010900778695940971
,,,16,,,,,,,,,,,,,,,,,,,,,,,,,,,,,11569,0.49059638381004333
,,,16,,,,,,,,,,,,,,,,,,,,,,,,,,,,,11579,0.004677979275584221
,,,16,,,,,,,,,,,,,,,,,,,,,,,,,,,,,11589,0.012767667882144451
,,,16,,,,,,,,,,,,,,,,,,,,,,,,,,,,,11599,0.22022667527198792
,,,16,,,,,,,,,,,,,,,,,,,,,,,,,,,,,11609,0.06519985944032669
,,,16,,,,,,,,,,,,,,,,,,,,,,,,,,,,,11619,0.011165480129420757
,,,16,,,,,,,,,,,,,,,,,,,,,,,,,,,,,11629,0.016915101557970047
,,,16,,,,,,,,,,,,,,,,,,,,,,,,,,,,,11639,0.0002846173010766506
,,,16,,,,,,,,,,,,,,,,,,,,,,,,,,,,,11649,0.022959884256124496
,,,16,,,,,,,,,,,,,,,,,,,,,,,,,,,,,11659,0.005894956644624472
,,,16,,,,,,,,,,,,,,,,,,,,,,,,,,,,,11669,0.06832637637853622
,,,16,,,,,,,,,,,,,,,,,,,,,,,,,,,,,11679,0.07686242461204529
,,,16,,,,,,,,,,,,,,,,,,,,,,,,,,,,,11689,0.0003026617632713169
,,,16,,,,,,,,,,,,,,,,,,,,,,,,,,,,,11699,0.41583892703056335
,,,16,,,,,,,,,,,,,,,,,,,,,,,,,,,,,11709,0.030301591381430626
,,,16,,,,,,,,,,,,,,,,,,,,,,,,,,,,,11719,0.009284515865147114
,,,16,,,,,,,,,,,,,,,,,,,,,,,,,,,,,11729,0.0066126263700425625
,,,16,,,,,,,,,,,,,,,,,,,,,,,,,,,,,11739,0.14399303495883942
,,,16,,,,,,,,,,,,,,,,,,,,,,,,,,,,,11749,0.0031926408410072327
,,,16,,,,,,,,,,,,,,,,,,,,,,,,,,,,,11759,0.0018497270066291094
,,,16,,,,,,,,,,,,,,,,,,,,,,,,,,,,,11769,0.0016319886781275272
,,,16,,,,,,,,,,,,,,,,,,,,,,,,,,,,,11779,0.012865486554801464
,,,16,,,,,,,,,,,,,,,,,,,,,,,,,,,,,11789,0.38840624690055847
,,,16,,,,,,,,,,,,,,,,,,,,,,,,,,,,,11799,0.0011256259167566895
,,,16,,,,,,,,,,,,,,,,,,,,,,,,,,,,,11809,0.090664342045784
,,,16,,,,,,,,,,,,,,,,,,,,,,,,,,,,,11819,0.6780380010604858
,,,16,,,,,,,,,,,,,,,,,,,,,,,,,,,,,11829,0.00597413582727313
,,,16,,,,,,,,,,,,,,,,,,,,,,,,,,,,,11839,0.2500433027744293
,,,16,,,,,,,,,,,,,,,,,,,,,,,,,,,,,11849,0.15999628603458405
,,,16,,,,,,,,,,,,,,,,,,,,,,,,,,,,,11859,0.08188077062368393
,,,16,,,,,,,,,,,,,,,,,,,,,,,,,,,,,11869,0.009541108272969723
,,,16,,,,,,,,,,,,,,,,,,,,,,,,,,,,,11879,0.028223944827914238
,,,16,,,,,,,,,,,,,,,,,,,,,,,,,,,,,11889,0.006116252858191729
,,,16,,,,,,,,,,,,,,,,,,,,,,,,,,,,,11899,0.010344410315155983
,,,16,,,,,,,,,,,,,,,,,,,,,,,,,,,,,11909,0.07205609232187271
,,,,4.747015008238162e-07,2.65929904876617e-06,4.091229305794108e-06,4.091229305794108e-06,6.294198931990935e-06,6.294198931990935e-06,9.683382972293745e-06,9.683382972293745e-06,1.48975122650673e-05,1.48975122650673e-05,2.2919249638565074e-05,4.747015008238162e-07,2.2919249638565074e-05,3.5260384059330885e-05,3.5260384059330885e-05,5.42467447066629e-05,5.42467447066629e-05,8.345653031794292e-05,8.345653031794292e-05,8.345653031794292e-05,8.345653031794292e-05,7.303100012674094e-07,7.303100012674094e-07,1.123553848103707e-06,1.123553848103707e-06,1.7285443816980106e-06,1.7285443816980106e-06,2.65929904876617e-06,11917,
,,,17,,,,,,,,,,,,,,,,,,,,,,,,,,,,,11919,0.5134881138801575
,,,17,,,,,,,,,,,,,,,,,,,,,,,,,,,,,11929,0.0017666950589045882
,,,17,,,,,,,,,,,,,,,,,,,,,,,,,,,,,11939,0.009232212789356709
,,,17,,,,,,,,,,,,,,,,,,,,,,,,,,,,,11949,0.02637927234172821
,,,17,,,,,,,,,,,,,,,,,,,,,,,,,,,,,11959,0.036709096282720566
,,,17,,,,,,,,,,,,,,,,,,,,,,,,,,,,,11969,0.004430464003235102
,,,17,,,,,,,,,,,,,,,,,,,,,,,,,,,,,11979,0.03947873413562775
,,,17,,,,,,,,,,,,,,,,,,,,,,,,,,,,,11989,0.6079789400100708
,,,17,,,,,,,,,,,,,,,,,,,,,,,,,,,,,11999,0.007543795742094517
,,,17,,,,,,,,,,,,,,,,,,,,,,,,,,,,,12009,0.06583519279956818
,,,17,,,,,,,,,,,,,,,,,,,,,,,,,,,,,12019,0.0024071549996733665
,,,17,,,,,,,,,,,,,,,,,,,,,,,,,,,,,12029,0.002315340330824256
,,,17,,,,,,,,,,,,,,,,,,,,,,,,,,,,,12039,0.0849112793803215
,,,17,,,,,,,,,,,,,,,,,,,,,,,,,,,,,12049,0.0037716992665082216
,,,17,,,,,,,,,,,,,,,,,,,,,,,,,,,,,12059,1.3283984661102295
,,,17,,,,,,,,,,,,,,,,,,,,,,,,,,,,,12069,0.006648025009781122
,,,17,,,,,,,,,,,,,,,,,,,,,,,,,,,,,12079,0.008206523023545742
,,,17,,,,,,,,,,,,,,,,,,,,,,,,,,,,,12089,0.020168486982584
,,,17,,,,,,,,,,,,,,,,,,,,,,,,,,,,,12099,0.1439107358455658
,,,17,,,,,,,,,,,,,,,,,,,,,,,,,,,,,12109,0.06539353728294373
,,,17,,,,,,,,,,,,,,,,,,,,,,,,,,,,,12119,0.008165419101715088
,,,17,,,,,,,,,,,,,,,,,,,,,,,,,,,,,12129,0.00757930101826787
,,,17,,,,,,,,,,,,,,,,,,,,,,,,,,,,,12139,0.02317955531179905
,,,17,,,,,,,,,,,,,,,,,,,,,,,,,,,,,12149,0.009694467298686504
,,,17,,,,,,,,,,,,,,,,,,,,,,,,,,,,,12159,0.25398534536361694
,,,17,,,,,,,,,,,,,,,,,,,,,,,,,,,,,12169,0.05570976808667183
,,,17,,,,,,,,,,,,,,,,,,,,,,,,,,,,,12179,0.06197042763233185
,,,17,,,,,,,,,,,,,,,,,,,,,,,,,,,,,12189,0.09078239649534225
,,,17,,,,,,,,,,,,,,,,,,,,,,,,,,,,,12199,0.04107121005654335
,,,17,,,,,,,,,,,,,,,,,,,,,,,,,,,,,12209,0.10690447688102722
,,,17,,,,,,,,,,,,,,,,,,,,,,,,,,,,,12219,0.023243125528097153
,,,17,,,,,,,,,,,,,,,,,,,,,,,,,,,,,12229,0.0015805310104042292
,,,17,,,,,,,,,,,,,,,,,,,,,,,,,,,,,12239,0.026067007333040237
,,,17,,,,,,,,,,,,,,,,,,,,,,,,,,,,,12249,0.29719215631484985
,,,17,,,,,,,,,,,,,,,,,,,,,,,,,,,,,12259,0.006329317577183247
,,,17,,,,,,,,,,,,,,,,,,,,,,,,,,,,,12269,0.01010158285498619
,,,17,,,,,,,,,,,,,,,,,,,,,,,,,,,,,12279,0.004930736497044563
,,,17,,,,,,,,,,,,,,,,,,,,,,,,,,,,,12289,0.0046351319178938866
,,,17,,,,,,,,,,,,,,,,,,,,,,,,,,,,,12299,0.018991844728589058
,,,17,,,,,,,,,,,,,,,,,,,,,,,,,,,,,12309,0.13738220930099487
,,,17,,,,,,,,,,,,,,,,,,,,,,,,,,,,,12319,0.013126756064593792
,,,17,,,,,,,,,,,,,,,,,,,,,,,,,,,,,12329,0.00648972624912858
,,,17,,,,,,,,,,,,,,,,,,,,,,,,,,,,,12339,0.00010860002657864243
,,,17,,,,,,,,,,,,,,,,,,,,,,,,,,,,,12349,0.006184341851621866
,,,17,,,,,,,,,,,,,,,,,,,,,,,,,,,,,12359,0.023156514391303062
,,,17,,,,,,,,,,,,,,,,,,,,,,,,,,,,,12369,0.016300974413752556
,,,17,,,,,,,,,,,,,,,,,,,,,,,,,,,,,12379,0.02982105128467083
,,,17,,,,,,,,,,,,,,,,,,,,,,,,,,,,,12389,0.021911591291427612
,,,17,,,,,,,,,,,,,,,,,,,,,,,,,,,,,12399,0.013442368246614933
,,,17,,,,,,,,,,,,,,,,,,,,,,,,,,,,,12409,0.011240343563258648
,,,17,,,,,,,,,,,,,,,,,,,,,,,,,,,,,12419,0.0381750725209713
,,,17,,,,,,,,,,,,,,,,,,,,,,,,,,,,,12429,0.004790398757904768
,,,17,,,,,,,,,,,,,,,,,,,,,,,,,,,,,12439,0.09119876474142075
,,,17,,,,,,,,,,,,,,,,,,,,,,,,,,,,,12449,0.0033944363240152597
,,,17,,,,,,,,,,,,,,,,,,,,,,,,,,,,,12459,0.0008748765103518963
,,,17,,,,,,,,,,,,,,,,,,,,,,,,,,,,,12469,0.043835677206516266
,,,17,,,,,,,,,,,,,,,,,,,,,,,,,,,,,12479,0.10703492164611816
,,,17,,,,,,,,,,,,,,,,,,,,,,,,,,,,,12489,0.2109375298023224
,,,17,,,,,,,,,,,,,,,,,,,,,,,,,,,,,12499,0.030485372990369797
,,,17,,,,,,,,,,,,,,,,,,,,,,,,,,,,,12509,0.023197615519165993
,,,17,,,,,,,,,,,,,,,,,,,,,,,,,,,,,12519,0.00336514157243073
,,,17,,,,,,,,,,,,,,,,,,,,,,,,,,,,,12529,0.001350661739706993
,,,17,,,,,,,,,,,,,,,,,,,,,,,,,,,,,12539,1.4450457096099854
,,,17,,,,,,,,,,,,,,,,,,,,,,,,,,,,,12549,0.0016031023114919662
,,,17,,,,,,,,,,,,,,,,,,,,,,,,,,,,,12559,0.4039261043071747
,,,17,,,,,,,,,,,,,,,,,,,,,,,,,,,,,12569,0.004282383248209953
,,,17,,,,,,,,,,,,,,,,,,,,,,,,,,,,,12579,0.01303117722272873
,,,17,,,,,,,,,,,,,,,,,,,,,,,,,,,,,12589,0.007334839552640915
,,,17,,,,,,,,,,,,,,,,,,,,,,,,,,,,,12599,0.004320744425058365
,,,17,,,,,,,,,,,,,,,,,,,,,,,,,,,,,12609,0.005194459110498428
,,,,4.5949485572815476e-07,2.5741107424986786e-06,3.960170373074889e-06,3.960170373074889e-06,6.092569804730599e-06,6.092569804730599e-06,9.373184314970152e-06,9.373184314970152e-06,1.4420283561492542e-05,1.4420283561492542e-05,2.2185051633065447e-05,4.5949485572815476e-07,2.2185051633065447e-05,3.4130848666254534e-05,3.4130848666254534e-05,5.2508997948083897e-05,5.2508997948083897e-05,8.07830737662829e-05,8.07830737662829e-05,8.07830737662829e-05,8.07830737662829e-05,7.069151626586995e-07,7.069151626586995e-07,1.0875617887056918e-06,1.0875617887056918e-06,1.673171982624141e-06,1.673171982624141e-06,2.5741107424986786e-06,12618,
,,,18,,,,,,,,,,,,,,,,,,,,,,,,,,,,,12619,0.029966099187731743
,,,18,,,,,,,,,,,,,,,,,,,,,,,,,,,,,12629,0.733206033706665
,,,18,,,,,,,,,,,,,,,,,,,,,,,,,,,,,12639,0.011998306959867477
,,,18,,,,,,,,,,,,,,,,,,,,,,,,,,,,,12649,0.011174931190907955
,,,18,,,,,,,,,,,,,,,,,,,,,,,,,,,,,12659,0.004388283938169479
,,,18,,,,,,,,,,,,,,,,,,,,,,,,,,,,,12669,0.006689214613288641
,,,18,,,,,,,,,,,,,,,,,,,,,,,,,,,,,12679,0.42278340458869934
,,,18,,,,,,,,,,,,,,,,,,,,,,,,,,,,,12689,0.004289885051548481
,,,18,,,,,,,,,,,,,,,,,,,,,,,,,,,,,12699,0.02277616783976555
,,,18,,,,,,,,,,,,,,,,,,,,,,,,,,,,,12709,0.0335896797478199
,,,18,,,,,,,,,,,,,,,,,,,,,,,,,,,,,12719,0.35494139790534973
,,,18,,,,,,,,,,,,,,,,,,,,,,,,,,,,,12729,0.006353796925395727
,,,18,,,,,,,,,,,,,,,,,,,,,,,,,,,,,12739,0.024937400594353676
,,,18,,,,,,,,,,,,,,,,,,,,,,,,,,,,,12749,0.004568911623209715
,,,18,,,,,,,,,,,,,,,,,,,,,,,,,,,,,12759,0.5430747270584106
,,,18,,,,,,,,,,,,,,,,,,,,,,,,,,,,,12769,0.003799681318923831
,,,18,,,,,,,,,,,,,,,,,,,,,,,,,,,,,12779,0.002595828380435705
,,,18,,,,,,,,,,,,,,,,,,,,,,,,,,,,,12789,0.014182779006659985
,,,18,,,,,,,,,,,,,,,,,,,,,,,,,,,,,12799,0.012776908464729786
,,,18,,,,,,,,,,,,,,,,,,,,,,,,,,,,,12809,0.009878856129944324
,,,18,,,,,,,,,,,,,,,,,,,,,,,,,,,,,12819,0.003961353097110987
,,,18,,,,,,,,,,,,,,,,,,,,,,,,,,,,,12829,0.02076500840485096
,,,18,,,,,,,,,,,,,,,,,,,,,,,,,,,,,12839,0.01307009719312191
,,,18,,,,,,,,,,,,,,,,,,,,,,,,,,,,,12849,0.1788817048072815
,,,18,,,,,,,,,,,,,,,,,,,,,,,,,,,,,12859,0.030855869874358177
,,,18,,,,,,,,,,,,,,,,,,,,,,,,,,,,,12869,0.07914119213819504
,,,18,,,,,,,,,,,,,,,,,,,,,,,,,,,,,12879,0.016415899619460106
,,,18,,,,,,,,,,,,,,,,,,,,,,,,,,,,,12889,0.00683279475197196
,,,18,,,,,,,,,,,,,,,,,,,,,,,,,,,,,12899,0.016490355134010315
,,,18,,,,,,,,,,,,,,,,,,,,,,,,,,,,,12909,0.18901559710502625
,,,18,,,,,,,,,,,,,,,,,,,,,,,,,,,,,12919,0.07788348197937012
,,,18,,,,,,,,,,,,,,,,,,,,,,,,,,,,,12929,0.003864350263029337
,,,18,,,,,,,,,,,,,,,,,,,,,,,,,,,,,12939,0.006456686649471521
,,,18,,,,,,,,,,,,,,,,,,,,,,,,,,,,,12949,0.009929914027452469
,,,18,,,,,,,,,,,,,,,,,,,,,,,,,,,,,12959,0.01250078622251749
,,,18,,,,,,,,,,,,,,,,,,,,,,,,,,,,,12969,0.9776861667633057
,,,18,,,,,,,,,,,,,,,,,,,,,,,,,,,,,12979,0.029430348426103592
,,,18,,,,,,,,,,,,,,,,,,,,,,,,,,,,,12989,0.004411984235048294
,,,18,,,,,,,,,,,,,,,,,,,,,,,,,,,,,12999,0.011164792813360691
,,,18,,,,,,,,,,,,,,,,,,,,,,,,,,,,,13009,0.008582469075918198
,,,18,,,,,,,,,,,,,,,,,,,,,,,,,,,,,13019,0.0035225446335971355
,,,18,,,,,,,,,,,,,,,,,,,,,,,,,,,,,13029,0.6815566420555115
,,,18,,,,,,,,,,,,,,,,,,,,,,,,,,,,,13039,0.7370933890342712
,,,18,,,,,,,,,,,,,,,,,,,,,,,,,,,,,13049,0.09846396744251251
,,,18,,,,,,,,,,,,,,,,,,,,,,,,,,,,,13059,0.013020960614085197
,,,18,,,,,,,,,,,,,,,,,,,,,,,,,,,,,13069,0.03371681272983551
,,,18,,,,,,,,,,,,,,,,,,,,,,,,,,,,,13079,0.07972361892461777
,,,18,,,,,,,,,,,,,,,,,,,,,,,,,,,,,13089,0.0070985667407512665
,,,18,,,,,,,,,,,,,,,,,,,,,,,,,,,,,13099,0.003942939918488264
,,,18,,,,,,,,,,,,,,,,,,,,,,,,,,,,,13109,0.004522393457591534
,,,18,,,,,,,,,,,,,,,,,,,,,,,,,,,,,13119,0.20721980929374695
,,,18,,,,,,,,,,,,,,,,,,,,,,,,,,,,,13129,0.029667524620890617
,,,18,,,,,,,,,,,,,,,,,,,,,,,,,,,,,13139,0.03511577472090721
,,,18,,,,,,,,,,,,,,,,,,,,,,,,,,,,,13149,0.04062263295054436
,,,18,,,,,,,,,,,,,,,,,,,,,,,,,,,,,13159,0.014788742177188396
,,,18,,,,,,,,,,,,,,,,,,,,,,,,,,,,,13169,0.4483811855316162
,,,18,,,,,,,,,,,,,,,,,,,,,,,,,,,,,13179,0.09197776764631271
,,,18,,,,,,,,,,,,,,,,,,,,,,,,,,,,,13189,0.08053366094827652
,,,18,,,,,,,,,,,,,,,,,,,,,,,,,,,,,13199,2.9093375205993652
,,,18,,,,,,,,,,,,,,,,,,,,,,,,,,,,,13209,0.0036283626686781645
,,,18,,,,,,,,,,,,,,,,,,,,,,,,,,,,,13219,0.007616137154400349
,,,18,,,,,,,,,,,,,,,,,,,,,,,,,,,,,13229,0.011592386290431023
,,,18,,,,,,,,,,,,,,,,,,,,,,,,,,,,,13239,0.002894036937505007
,,,18,,,,,,,,,,,,,,,,,,,,,,,,,,,,,13249,0.08520793914794922
,,,18,,,,,,,,,,,,,,,,,,,,,,,,,,,,,13259,0.013563107699155807
,,,18,,,,,,,,,,,,,,,,,,,,,,,,,,,,,13269,0.03381722420454025
,,,18,,,,,,,,,,,,,,,,,,,,,,,,,,,,,13279,0.010617364197969437
,,,18,,,,,,,,,,,,,,,,,,,,,,,,,,,,,13289,0.028558380901813507
,,,18,,,,,,,,,,,,,,,,,,,,,,,,,,,,,13299,1.0537090301513672
,,,18,,,,,,,,,,,,,,,,,,,,,,,,,,,,,13309,0.12577027082443237
,,,,4.4343516830358614e-07,2.484143654934133e-06,3.821759469129435e-06,3.821759469129435e-06,5.879629952506824e-06,5.879629952506824e-06,9.045584542318189e-06,9.045584542318189e-06,1.3916283911258752e-05,1.3916283911258752e-05,2.1409667555782694e-05,4.4343516830358614e-07,2.1409667555782694e-05,3.293795008581953e-05,3.293795008581953e-05,5.067376936279928e-05,5.067376936279928e-05,7.795964517353735e-05,7.795964517353735e-05,7.795964517353735e-05,7.795964517353735e-05,6.822079512362862e-07,6.822079512362862e-07,1.0495506942096713e-06,1.0495506942096713e-06,1.6146933757071865e-06,1.6146933757071865e-06,2.484143654934133e-06,13319,
,,,19,,,,,,,,,,,,,,,,,,,,,,,,,,,,,13319,0.0401139110326767
,,,19,,,,,,,,,,,,,,,,,,,,,,,,,,,,,13329,0.010178795084357262
,,,19,,,,,,,,,,,,,,,,,,,,,,,,,,,,,13339,0.013610721565783024
,,,19,,,,,,,,,,,,,,,,,,,,,,,,,,,,,13349,0.006370633840560913
,,,19,,,,,,,,,,,,,,,,,,,,,,,,,,,,,13359,0.011085920967161655
,,,19,,,,,,,,,,,,,,,,,,,,,,,,,,,,,13369,0.26833853125572205
,,,19,,,,,,,,,,,,,,,,,,,,,,,,,,,,,13379,0.0032692416571080685
,,,19,,,,,,,,,,,,,,,,,,,,,,,,,,,,,13389,0.013609233312308788
,,,19,,,,,,,,,,,,,,,,,,,,,,,,,,,,,13399,0.028149204328656197
,,,19,,,,,,,,,,,,,,,,,,,,,,,,,,,,,13409,0.08657141774892807
,,,19,,,,,,,,,,,,,,,,,,,,,,,,,,,,,13419,1.2572916746139526
,,,19,,,,,,,,,,,,,,,,,,,,,,,,,,,,,13429,0.03894670307636261
,,,19,,,,,,,,,,,,,,,,,,,,,,,,,,,,,13439,0.03349893167614937
,,,19,,,,,,,,,,,,,,,,,,,,,,,,,,,,,13449,0.029565682634711266
,,,19,,,,,,,,,,,,,,,,,,,,,,,,,,,,,13459,0.0019059069454669952
,,,19,,,,,,,,,,,,,,,,,,,,,,,,,,,,,13469,0.13447660207748413
,,,19,,,,,,,,,,,,,,,,,,,,,,,,,,,,,13479,0.007595835719257593
,,,19,,,,,,,,,,,,,,,,,,,,,,,,,,,,,13489,0.024672577157616615
,,,19,,,,,,,,,,,,,,,,,,,,,,,,,,,,,13499,0.009969793260097504
,,,19,,,,,,,,,,,,,,,,,,,,,,,,,,,,,13509,0.0012751307804137468
,,,19,,,,,,,,,,,,,,,,,,,,,,,,,,,,,13519,0.002403183374553919
,,,19,,,,,,,,,,,,,,,,,,,,,,,,,,,,,13529,0.12125987559556961
,,,19,,,,,,,,,,,,,,,,,,,,,,,,,,,,,13539,0.007095578126609325
,,,19,,,,,,,,,,,,,,,,,,,,,,,,,,,,,13549,0.01749417372047901
,,,19,,,,,,,,,,,,,,,,,,,,,,,,,,,,,13559,0.42450791597366333
,,,19,,,,,,,,,,,,,,,,,,,,,,,,,,,,,13569,0.04390273243188858
,,,19,,,,,,,,,,,,,,,,,,,,,,,,,,,,,13579,0.1637897938489914
,,,19,,,,,,,,,,,,,,,,,,,,,,,,,,,,,13589,0.006843603681772947
,,,19,,,,,,,,,,,,,,,,,,,,,,,,,,,,,13599,0.0205129012465477
,,,19,,,,,,,,,,,,,,,,,,,,,,,,,,,,,13609,0.003656382905319333
,,,19,,,,,,,,,,,,,,,,,,,,,,,,,,,,,13619,0.10512080043554306
,,,19,,,,,,,,,,,,,,,,,,,,,,,,,,,,,13629,0.004394768737256527
,,,19,,,,,,,,,,,,,,,,,,,,,,,,,,,,,13639,0.004459638614207506
,,,19,,,,,,,,,,,,,,,,,,,,,,,,,,,,,13649,0.10352194309234619
,,,19,,,,,,,,,,,,,,,,,,,,,,,,,,,,,13659,0.014569343999028206
,,,19,,,,,,,,,,,,,,,,,,,,,,,,,,,,,13669,0.0024754805490374565
,,,19,,,,,,,,,,,,,,,,,,,,,,,,,,,,,13679,0.013984297402203083
,,,19,,,,,,,,,,,,,,,,,,,,,,,,,,,,,13689,0.025533556938171387
,,,19,,,,,,,,,,,,,,,,,,,,,,,,,,,,,13699,0.004601082298904657
,,,19,,,,,,,,,,,,,,,,,,,,,,,,,,,,,13709,0.0030687234830111265
,,,19,,,,,,,,,,,,,,,,,,,,,,,,,,,,,13719,0.012132474221289158
,,,19,,,,,,,,,,,,,,,,,,,,,,,,,,,,,13729,2.0946977138519287
,,,19,,,,,,,,,,,,,,,,,,,,,,,,,,,,,13739,0.11949360370635986
,,,19,,,,,,,,,,,,,,,,,,,,,,,,,,,,,13749,0.010138175450265408
,,,19,,,,,,,,,,,,,,,,,,,,,,,,,,,,,13759,0.09091871976852417
,,,19,,,,,,,,,,,,,,,,,,,,,,,,,,,,,13769,0.0017065228894352913
,,,19,,,,,,,,,,,,,,,,,,,,,,,,,,,,,13779,2.0604145526885986
,,,19,,,,,,,,,,,,,,,,,,,,,,,,,,,,,13789,0.38089436292648315
,,,19,,,,,,,,,,,,,,,,,,,,,,,,,,,,,13799,0.006668886635452509
,,,19,,,,,,,,,,,,,,,,,,,,,,,,,,,,,13809,0.004705942701548338
,,,19,,,,,,,,,,,,,,,,,,,,,,,,,,,,,13819,0.003237001597881317
,,,19,,,,,,,,,,,,,,,,,,,,,,,,,,,,,13829,0.00017446109268348664
,,,19,,,,,,,,,,,,,,,,,,,,,,,,,,,,,13839,0.14610518515110016
,,,19,,,,,,,,,,,,,,,,,,,,,,,,,,,,,13849,0.004071171395480633
,,,19,,,,,,,,,,,,,,,,,,,,,,,,,,,,,13859,0.05427131801843643
,,,19,,,,,,,,,,,,,,,,,,,,,,,,,,,,,13869,0.04442590847611427
,,,19,,,,,,,,,,,,,,,,,,,,,,,,,,,,,13879,0.009024369530379772
,,,19,,,,,,,,,,,,,,,,,,,,,,,,,,,,,13889,0.09338986128568649
,,,19,,,,,,,,,,,,,,,,,,,,,,,,,,,,,13899,0.07405368238687515
,,,19,,,,,,,,,,,,,,,,,,,,,,,,,,,,,13909,0.006334849167615175
,,,19,,,,,,,,,,,,,,,,,,,,,,,,,,,,,13919,0.013141808100044727
,,,19,,,,,,,,,,,,,,,,,,,,,,,,,,,,,13929,0.01357673667371273
,,,19,,,,,,,,,,,,,,,,,,,,,,,,,,,,,13939,0.0017880124505609274
,,,19,,,,,,,,,,,,,,,,,,,,,,,,,,,,,13949,0.02333325892686844
,,,19,,,,,,,,,,,,,,,,,,,,,,,,,,,,,13959,0.051548153162002563
,,,19,,,,,,,,,,,,,,,,,,,,,,,,,,,,,13969,0.014768153429031372
,,,19,,,,,,,,,,,,,,,,,,,,,,,,,,,,,13979,0.012041754089295864
,,,19,,,,,,,,,,,,,,,,,,,,,,,,,,,,,13989,0.040124304592609406
,,,19,,,,,,,,,,,,,,,,,,,,,,,,,,,,,13999,0.008921436965465546
,,,19,,,,,,,,,,,,,,,,,,,,,,,,,,,,,14009,0.03672312572598457
,,,19,,,,,,,,,,,,,,,,,,,,,,,,,,,,,14019,0.027903810143470764
0.7989822030067444,0.8486486673355103,0.754807710647583,19,,,,,,,,,,,,,,,,,,,,,,,,,,,,,14019,
,,,,4.266006797329287e-07,2.3898360966796885e-06,3.676670917968751e-06,3.676670917968751e-06,5.656416796875001e-06,5.656416796875001e-06,8.702179687500003e-06,8.702179687500003e-06,1.3387968750000002e-05,1.3387968750000002e-05,2.0596875000000004e-05,4.266006797329287e-07,2.0596875000000004e-05,3.1687500000000005e-05,3.1687500000000005e-05,4.8750000000000006e-05,4.8750000000000006e-05,7.500000000000001e-05,7.500000000000001e-05,7.500000000000001e-05,7.500000000000001e-05,6.563087380506595e-07,6.563087380506595e-07,1.0097057508471684e-06,1.0097057508471684e-06,1.5533934628417975e-06,1.5533934628417975e-06,2.3898360966796885e-06,14020,
,,,20,,,,,,,,,,,,,,,,,,,,,,,,,,,,,14029,0.04868217930197716
,,,20,,,,,,,,,,,,,,,,,,,,,,,,,,,,,14039,0.11869681626558304
,,,20,,,,,,,,,,,,,,,,,,,,,,,,,,,,,14049,0.02031177468597889
,,,20,,,,,,,,,,,,,,,,,,,,,,,,,,,,,14059,0.0033630426041781902
,,,20,,,,,,,,,,,,,,,,,,,,,,,,,,,,,14069,0.00257503311149776
,,,20,,,,,,,,,,,,,,,,,,,,,,,,,,,,,14079,0.01399173028767109
,,,20,,,,,,,,,,,,,,,,,,,,,,,,,,,,,14089,0.031242072582244873
,,,20,,,,,,,,,,,,,,,,,,,,,,,,,,,,,14099,0.025686010718345642
,,,20,,,,,,,,,,,,,,,,,,,,,,,,,,,,,14109,0.009634091518819332
,,,20,,,,,,,,,,,,,,,,,,,,,,,,,,,,,14119,0.0029709881637245417
,,,20,,,,,,,,,,,,,,,,,,,,,,,,,,,,,14129,0.07836707681417465
,,,20,,,,,,,,,,,,,,,,,,,,,,,,,,,,,14139,0.01891138218343258
,,,20,,,,,,,,,,,,,,,,,,,,,,,,,,,,,14149,0.001987920142710209
,,,20,,,,,,,,,,,,,,,,,,,,,,,,,,,,,14159,0.3014439046382904
,,,20,,,,,,,,,,,,,,,,,,,,,,,,,,,,,14169,0.09938599914312363
,,,20,,,,,,,,,,,,,,,,,,,,,,,,,,,,,14179,0.0052531263791024685
,,,20,,,,,,,,,,,,,,,,,,,,,,,,,,,,,14189,0.00612475723028183
,,,20,,,,,,,,,,,,,,,,,,,,,,,,,,,,,14199,0.09288926422595978
,,,20,,,,,,,,,,,,,,,,,,,,,,,,,,,,,14209,0.03775178641080856
,,,20,,,,,,,,,,,,,,,,,,,,,,,,,,,,,14219,0.006358969025313854
,,,20,,,,,,,,,,,,,,,,,,,,,,,,,,,,,14229,0.016685742884874344
,,,20,,,,,,,,,,,,,,,,,,,,,,,,,,,,,14239,0.0011541338171809912
,,,20,,,,,,,,,,,,,,,,,,,,,,,,,,,,,14249,0.047872211784124374
,,,20,,,,,,,,,,,,,,,,,,,,,,,,,,,,,14259,0.13777591288089752
,,,20,,,,,,,,,,,,,,,,,,,,,,,,,,,,,14269,0.007817629724740982
,,,20,,,,,,,,,,,,,,,,,,,,,,,,,,,,,14279,0.03393964841961861
,,,20,,,,,,,,,,,,,,,,,,,,,,,,,,,,,14289,0.05723407119512558
,,,20,,,,,,,,,,,,,,,,,,,,,,,,,,,,,14299,0.017070449888706207
,,,20,,,,,,,,,,,,,,,,,,,,,,,,,,,,,14309,0.02131238393485546
,,,20,,,,,,,,,,,,,,,,,,,,,,,,,,,,,14319,0.009626215323805809
,,,20,,,,,,,,,,,,,,,,,,,,,,,,,,,,,14329,0.29588285088539124
,,,20,,,,,,,,,,,,,,,,,,,,,,,,,,,,,14339,0.007970461621880531
,,,20,,,,,,,,,,,,,,,,,,,,,,,,,,,,,14349,0.04631493613123894
,,,20,,,,,,,,,,,,,,,,,,,,,,,,,,,,,14359,0.010622236877679825
,,,20,,,,,,,,,,,,,,,,,,,,,,,,,,,,,14369,0.0899122953414917
,,,20,,,,,,,,,,,,,,,,,,,,,,,,,,,,,14379,0.0037674088962376118
,,,20,,,,,,,,,,,,,,,,,,,,,,,,,,,,,14389,0.05927013233304024
,,,20,,,,,,,,,,,,,,,,,,,,,,,,,,,,,14399,0.20454567670822144
,,,20,,,,,,,,,,,,,,,,,,,,,,,,,,,,,14409,0.06319470703601837
,,,20,,,,,,,,,,,,,,,,,,,,,,,,,,,,,14419,0.009654165245592594
,,,20,,,,,,,,,,,,,,,,,,,,,,,,,,,,,14429,0.08914735168218613
,,,20,,,,,,,,,,,,,,,,,,,,,,,,,,,,,14439,0.3284415602684021
,,,20,,,,,,,,,,,,,,,,,,,,,,,,,,,,,14449,0.0016450402326881886
,,,20,,,,,,,,,,,,,,,,,,,,,,,,,,,,,14459,0.06292068213224411
,,,20,,,,,,,,,,,,,,,,,,,,,,,,,,,,,14469,0.004723397549241781
,,,20,,,,,,,,,,,,,,,,,,,,,,,,,,,,,14479,0.030539626255631447
,,,20,,,,,,,,,,,,,,,,,,,,,,,,,,,,,14489,0.006623726803809404
,,,20,,,,,,,,,,,,,,,,,,,,,,,,,,,,,14499,0.9976925849914551
,,,20,,,,,,,,,,,,,,,,,,,,,,,,,,,,,14509,0.006023104768246412
,,,20,,,,,,,,,,,,,,,,,,,,,,,,,,,,,14519,0.05623470991849899
,,,20,,,,,,,,,,,,,,,,,,,,,,,,,,,,,14529,0.0042382231913506985
,,,20,,,,,,,,,,,,,,,,,,,,,,,,,,,,,14539,0.327321857213974
,,,20,,,,,,,,,,,,,,,,,,,,,,,,,,,,,14549,0.002402740763500333
,,,20,,,,,,,,,,,,,,,,,,,,,,,,,,,,,14559,0.021198032423853874
,,,20,,,,,,,,,,,,,,,,,,,,,,,,,,,,,14569,0.0028034630231559277
,,,20,,,,,,,,,,,,,,,,,,,,,,,,,,,,,14579,0.6895027756690979
,,,20,,,,,,,,,,,,,,,,,,,,,,,,,,,,,14589,0.006725164595991373
,,,20,,,,,,,,,,,,,,,,,,,,,,,,,,,,,14599,0.007856269367039204
,,,20,,,,,,,,,,,,,,,,,,,,,,,,,,,,,14609,0.013953758403658867
,,,20,,,,,,,,,,,,,,,,,,,,,,,,,,,,,14619,0.0025076118763536215
,,,20,,,,,,,,,,,,,,,,,,,,,,,,,,,,,14629,0.0021674842573702335
,,,20,,,,,,,,,,,,,,,,,,,,,,,,,,,,,14639,0.014745143242180347
,,,20,,,,,,,,,,,,,,,,,,,,,,,,,,,,,14649,0.018568076193332672
,,,20,,,,,,,,,,,,,,,,,,,,,,,,,,,,,14659,0.9860440492630005
,,,20,,,,,,,,,,,,,,,,,,,,,,,,,,,,,14669,0.008812102489173412
,,,20,,,,,,,,,,,,,,,,,,,,,,,,,,,,,14679,0.41903406381607056
,,,20,,,,,,,,,,,,,,,,,,,,,,,,,,,,,14689,0.005965410266071558
,,,20,,,,,,,,,,,,,,,,,,,,,,,,,,,,,14699,0.002545085269957781
,,,20,,,,,,,,,,,,,,,,,,,,,,,,,,,,,14709,0.007456304971128702
,,,20,,,,,,,,,,,,,,,,,,,,,,,,,,,,,14719,0.06418893486261368
,,,,4.090734059523017e-07,2.2916475246793973e-06,3.5256115764298415e-06,3.5256115764298415e-06,5.4240178098920635e-06,5.4240178098920635e-06,8.344642784449328e-06,8.344642784449328e-06,1.283791197607589e-05,1.283791197607589e-05,1.975063380934752e-05,4.090734059523017e-07,1.975063380934752e-05,3.0385590475919263e-05,3.0385590475919263e-05,4.674706227064502e-05,4.674706227064502e-05,7.191855733945387e-05,7.191855733945387e-05,7.191855733945387e-05,7.191855733945387e-05,6.293437014650794e-07,6.293437014650794e-07,9.682210791770454e-07,9.682210791770454e-07,1.4895708910416082e-06,1.4895708910416082e-06,2.2916475246793973e-06,14721,
,,,21,,,,,,,,,,,,,,,,,,,,,,,,,,,,,14729,0.009305407293140888
,,,21,,,,,,,,,,,,,,,,,,,,,,,,,,,,,14739,0.007004721090197563
,,,21,,,,,,,,,,,,,,,,,,,,,,,,,,,,,14749,0.008879192173480988
,,,21,,,,,,,,,,,,,,,,,,,,,,,,,,,,,14759,0.0018970492528751493
,,,21,,,,,,,,,,,,,,,,,,,,,,,,,,,,,14769,0.03196591138839722
,,,21,,,,,,,,,,,,,,,,,,,,,,,,,,,,,14779,0.009824411943554878
,,,21,,,,,,,,,,,,,,,,,,,,,,,,,,,,,14789,0.02034199982881546
,,,21,,,,,,,,,,,,,,,,,,,,,,,,,,,,,14799,0.0073020062409341335
,,,21,,,,,,,,,,,,,,,,,,,,,,,,,,,,,14809,0.057187844067811966
,,,21,,,,,,,,,,,,,,,,,,,,,,,,,,,,,14819,0.00236129155382514
,,,21,,,,,,,,,,,,,,,,,,,,,,,,,,,,,14829,0.009907404892146587
,,,21,,,,,,,,,,,,,,,,,,,,,,,,,,,,,14839,0.00691814161837101
,,,21,,,,,,,,,,,,,,,,,,,,,,,,,,,,,14849,0.04273786023259163
,,,21,,,,,,,,,,,,,,,,,,,,,,,,,,,,,14859,0.0026249235961586237
,,,21,,,,,,,,,,,,,,,,,,,,,,,,,,,,,14869,0.007090190425515175
,,,21,,,,,,,,,,,,,,,,,,,,,,,,,,,,,14879,0.03150401636958122
,,,21,,,,,,,,,,,,,,,,,,,,,,,,,,,,,14889,0.004529471974819899
,,,21,,,,,,,,,,,,,,,,,,,,,,,,,,,,,14899,0.10875457525253296
,,,21,,,,,,,,,,,,,,,,,,,,,,,,,,,,,14909,0.2398597002029419
,,,21,,,,,,,,,,,,,,,,,,,,,,,,,,,,,14919,0.001055574626661837
,,,21,,,,,,,,,,,,,,,,,,,,,,,,,,,,,14929,0.013659658841788769
,,,21,,,,,,,,,,,,,,,,,,,,,,,,,,,,,14939,0.017016557976603508
,,,21,,,,,,,,,,,,,,,,,,,,,,,,,,,,,14949,0.0032657987903803587
,,,21,,,,,,,,,,,,,,,,,,,,,,,,,,,,,14959,0.0022908600512892008
,,,21,,,,,,,,,,,,,,,,,,,,,,,,,,,,,14969,0.0024100274313241243
,,,21,,,,,,,,,,,,,,,,,,,,,,,,,,,,,14979,0.014540466479957104
,,,21,,,,,,,,,,,,,,,,,,,,,,,,,,,,,14989,0.005199230741709471
,,,21,,,,,,,,,,,,,,,,,,,,,,,,,,,,,14999,0.06286001950502396
,,,21,,,,,,,,,,,,,,,,,,,,,,,,,,,,,15009,0.1490146964788437
,,,21,,,,,,,,,,,,,,,,,,,,,,,,,,,,,15019,0.02057792618870735
,,,21,,,,,,,,,,,,,,,,,,,,,,,,,,,,,15029,0.04435605928301811
,,,21,,,,,,,,,,,,,,,,,,,,,,,,,,,,,15039,0.0033009948674589396
,,,21,,,,,,,,,,,,,,,,,,,,,,,,,,,,,15049,0.005351893603801727
,,,21,,,,,,,,,,,,,,,,,,,,,,,,,,,,,15059,1.2733067274093628
,,,21,,,,,,,,,,,,,,,,,,,,,,,,,,,,,15069,0.04873743653297424
,,,21,,,,,,,,,,,,,,,,,,,,,,,,,,,,,15079,0.1804651916027069
,,,21,,,,,,,,,,,,,,,,,,,,,,,,,,,,,15089,0.013162841089069843
,,,21,,,,,,,,,,,,,,,,,,,,,,,,,,,,,15099,0.004067666362971067
,,,21,,,,,,,,,,,,,,,,,,,,,,,,,,,,,15109,0.0009757103398442268
,,,21,,,,,,,,,,,,,,,,,,,,,,,,,,,,,15119,0.0027279332280158997
,,,21,,,,,,,,,,,,,,,,,,,,,,,,,,,,,15129,0.0034984557423740625
,,,21,,,,,,,,,,,,,,,,,,,,,,,,,,,,,15139,0.023275071755051613
,,,21,,,,,,,,,,,,,,,,,,,,,,,,,,,,,15149,0.05519784614443779
,,,21,,,,,,,,,,,,,,,,,,,,,,,,,,,,,15159,0.42659950256347656
,,,21,,,,,,,,,,,,,,,,,,,,,,,,,,,,,15169,0.0066118622198700905
,,,21,,,,,,,,,,,,,,,,,,,,,,,,,,,,,15179,0.07731098681688309
,,,21,,,,,,,,,,,,,,,,,,,,,,,,,,,,,15189,0.0020040571689605713
,,,21,,,,,,,,,,,,,,,,,,,,,,,,,,,,,15199,0.021353891119360924
,,,21,,,,,,,,,,,,,,,,,,,,,,,,,,,,,15209,0.002561748493462801
,,,21,,,,,,,,,,,,,,,,,,,,,,,,,,,,,15219,0.47185540199279785
,,,21,,,,,,,,,,,,,,,,,,,,,,,,,,,,,15229,0.0032071280293166637
,,,21,,,,,,,,,,,,,,,,,,,,,,,,,,,,,15239,0.006033014506101608
,,,21,,,,,,,,,,,,,,,,,,,,,,,,,,,,,15249,0.02372092381119728
,,,21,,,,,,,,,,,,,,,,,,,,,,,,,,,,,15259,2.411184549331665
,,,21,,,,,,,,,,,,,,,,,,,,,,,,,,,,,15269,0.026151053607463837
,,,21,,,,,,,,,,,,,,,,,,,,,,,,,,,,,15279,0.1439402997493744
,,,21,,,,,,,,,,,,,,,,,,,,,,,,,,,,,15289,0.21521584689617157
,,,21,,,,,,,,,,,,,,,,,,,,,,,,,,,,,15299,0.11848694086074829
,,,21,,,,,,,,,,,,,,,,,,,,,,,,,,,,,15309,0.006732186768203974
,,,21,,,,,,,,,,,,,,,,,,,,,,,,,,,,,15319,0.0025805325713008642
,,,21,,,,,,,,,,,,,,,,,,,,,,,,,,,,,15329,1.7500598430633545
,,,21,,,,,,,,,,,,,,,,,,,,,,,,,,,,,15339,0.0011652091052383184
,,,21,,,,,,,,,,,,,,,,,,,,,,,,,,,,,15349,0.00545177748426795
,,,21,,,,,,,,,,,,,,,,,,,,,,,,,,,,,15359,0.6338032484054565
,,,21,,,,,,,,,,,,,,,,,,,,,,,,,,,,,15369,0.2923387587070465
,,,21,,,,,,,,,,,,,,,,,,,,,,,,,,,,,15379,0.11500293016433716
,,,21,,,,,,,,,,,,,,,,,,,,,,,,,,,,,15389,0.006639705505222082
,,,21,,,,,,,,,,,,,,,,,,,,,,,,,,,,,15399,0.06097939983010292
,,,21,,,,,,,,,,,,,,,,,,,,,,,,,,,,,15409,0.020775798708200455
,,,21,,,,,,,,,,,,,,,,,,,,,,,,,,,,,15419,0.013433809392154217
,,,,3.909387380777291e-07,2.1900563037861647e-06,3.3693173904402533e-06,3.3693173904402533e-06,5.183565216061927e-06,5.183565216061927e-06,7.97471571701835e-06,7.97471571701835e-06,1.226879341079746e-05,1.226879341079746e-05,1.8875066785842246e-05,3.909387380777291e-07,1.8875066785842246e-05,2.9038564285911148e-05,2.9038564285911148e-05,4.4674714286017154e-05,4.4674714286017154e-05,6.873032967079561e-05,6.873032967079561e-05,6.873032967079561e-05,6.873032967079561e-05,6.014442124272754e-07,6.014442124272754e-07,9.252987883496547e-07,9.252987883496547e-07,1.423536597461007e-06,1.423536597461007e-06,2.1900563037861647e-06,15422,
,,,22,,,,,,,,,,,,,,,,,,,,,,,,,,,,,15429,0.01081992406398058
,,,22,,,,,,,,,,,,,,,,,,,,,,,,,,,,,15439,0.5358011722564697
,,,22,,,,,,,,,,,,,,,,,,,,,,,,,,,,,15449,0.0009655249305069447
,,,22,,,,,,,,,,,,,,,,,,,,,,,,,,,,,15459,0.10121463239192963
,,,22,,,,,,,,,,,,,,,,,,,,,,,,,,,,,15469,0.007093134801834822
,,,22,,,,,,,,,,,,,,,,,,,,,,,,,,,,,15479,0.008267730474472046
,,,22,,,,,,,,,,,,,,,,,,,,,,,,,,,,,15489,0.0051591298542916775
,,,22,,,,,,,,,,,,,,,,,,,,,,,,,,,,,15499,0.6604166626930237
,,,22,,,,,,,,,,,,,,,,,,,,,,,,,,,,,15509,0.0012378784595057368
,,,22,,,,,,,,,,,,,,,,,,,,,,,,,,,,,15519,0.02633688785135746
,,,22,,,,,,,,,,,,,,,,,,,,,,,,,,,,,15529,0.018532171845436096
,,,22,,,,,,,,,,,,,,,,,,,,,,,,,,,,,15539,0.010385258123278618
,,,22,,,,,,,,,,,,,,,,,,,,,,,,,,,,,15549,0.0022864514030516148
,,,22,,,,,,,,,,,,,,,,,,,,,,,,,,,,,15559,0.07952553778886795
,,,22,,,,,,,,,,,,,,,,,,,,,,,,,,,,,15569,0.0013143541291356087
,,,22,,,,,,,,,,,,,,,,,,,,,,,,,,,,,15579,0.011325078085064888
,,,22,,,,,,,,,,,,,,,,,,,,,,,,,,,,,15589,0.01759304292500019
,,,22,,,,,,,,,,,,,,,,,,,,,,,,,,,,,15599,0.23644746840000153
,,,22,,,,,,,,,,,,,,,,,,,,,,,,,,,,,15609,0.0045336587354540825
,,,22,,,,,,,,,,,,,,,,,,,,,,,,,,,,,15619,0.005012218840420246
,,,22,,,,,,,,,,,,,,,,,,,,,,,,,,,,,15629,0.003474688855931163
,,,22,,,,,,,,,,,,,,,,,,,,,,,,,,,,,15639,0.015584046021103859
,,,22,,,,,,,,,,,,,,,,,,,,,,,,,,,,,15649,0.00021417374955490232
,,,22,,,,,,,,,,,,,,,,,,,,,,,,,,,,,15659,0.00835737306624651
,,,22,,,,,,,,,,,,,,,,,,,,,,,,,,,,,15669,0.004369893576949835
,,,22,,,,,,,,,,,,,,,,,,,,,,,,,,,,,15679,0.9842053651809692
,,,22,,,,,,,,,,,,,,,,,,,,,,,,,,,,,15689,0.035730600357055664
,,,22,,,,,,,,,,,,,,,,,,,,,,,,,,,,,15699,0.004228279925882816
,,,22,,,,,,,,,,,,,,,,,,,,,,,,,,,,,15709,0.008233879692852497
,,,22,,,,,,,,,,,,,,,,,,,,,,,,,,,,,15719,0.311949759721756
,,,22,,,,,,,,,,,,,,,,,,,,,,,,,,,,,15729,0.003015360329300165
,,,22,,,,,,,,,,,,,,,,,,,,,,,,,,,,,15739,0.0014935217332094908
,,,22,,,,,,,,,,,,,,,,,,,,,,,,,,,,,15749,0.8290162682533264
,,,22,,,,,,,,,,,,,,,,,,,,,,,,,,,,,15759,0.018736137077212334
,,,22,,,,,,,,,,,,,,,,,,,,,,,,,,,,,15769,0.18262097239494324
,,,22,,,,,,,,,,,,,,,,,,,,,,,,,,,,,15779,0.7194703817367554
,,,22,,,,,,,,,,,,,,,,,,,,,,,,,,,,,15789,0.10359136015176773
,,,22,,,,,,,,,,,,,,,,,,,,,,,,,,,,,15799,0.1353711187839508
,,,22,,,,,,,,,,,,,,,,,,,,,,,,,,,,,15809,0.9783540368080139
,,,22,,,,,,,,,,,,,,,,,,,,,,,,,,,,,15819,0.020907795056700706
,,,22,,,,,,,,,,,,,,,,,,,,,,,,,,,,,15829,0.016964739188551903
,,,22,,,,,,,,,,,,,,,,,,,,,,,,,,,,,15839,0.014615749940276146
,,,22,,,,,,,,,,,,,,,,,,,,,,,,,,,,,15849,0.0038946240674704313
,,,22,,,,,,,,,,,,,,,,,,,,,,,,,,,,,15859,0.27941808104515076
,,,22,,,,,,,,,,,,,,,,,,,,,,,,,,,,,15869,0.005596548318862915
,,,22,,,,,,,,,,,,,,,,,,,,,,,,,,,,,15879,0.04327981546521187
,,,22,,,,,,,,,,,,,,,,,,,,,,,,,,,,,15889,0.0564134381711483
,,,22,,,,,,,,,,,,,,,,,,,,,,,,,,,,,15899,0.005449733696877956
,,,22,,,,,,,,,,,,,,,,,,,,,,,,,,,,,15909,0.01243885513395071
,,,22,,,,,,,,,,,,,,,,,,,,,,,,,,,,,15919,0.011838815174996853
,,,22,,,,,,,,,,,,,,,,,,,,,,,,,,,,,15929,0.0033239813055843115
,,,22,,,,,,,,,,,,,,,,,,,,,,,,,,,,,15939,0.009605161845684052
,,,22,,,,,,,,,,,,,,,,,,,,,,,,,,,,,15949,0.00276923063211143
,,,22,,,,,,,,,,,,,,,,,,,,,,,,,,,,,15959,0.012146377004683018
,,,22,,,,,,,,,,,,,,,,,,,,,,,,,,,,,15969,0.02801736630499363
,,,22,,,,,,,,,,,,,,,,,,,,,,,,,,,,,15979,0.024579962715506554
,,,22,,,,,,,,,,,,,,,,,,,,,,,,,,,,,15989,0.0014895782805979252
,,,22,,,,,,,,,,,,,,,,,,,,,,,,,,,,,15999,0.005047362297773361
,,,22,,,,,,,,,,,,,,,,,,,,,,,,,,,,,16009,0.007364794611930847
,,,22,,,,,,,,,,,,,,,,,,,,,,,,,,,,,16019,0.0038077901117503643
,,,22,,,,,,,,,,,,,,,,,,,,,,,,,,,,,16029,0.002685217186808586
,,,22,,,,,,,,,,,,,,,,,,,,,,,,,,,,,16039,0.8934705257415771
,,,22,,,,,,,,,,,,,,,,,,,,,,,,,,,,,16049,0.007191081065684557
,,,22,,,,,,,,,,,,,,,,,,,,,,,,,,,,,16059,0.12980584800243378
,,,22,,,,,,,,,,,,,,,,,,,,,,,,,,,,,16069,0.002148597501218319
,,,22,,,,,,,,,,,,,,,,,,,,,,,,,,,,,16079,3.345965623855591
,,,22,,,,,,,,,,,,,,,,,,,,,,,,,,,,,16089,0.005030868109315634
,,,22,,,,,,,,,,,,,,,,,,,,,,,,,,,,,16099,0.0026291674003005028
,,,22,,,,,,,,,,,,,,,,,,,,,,,,,,,,,16109,0.009707317687571049
,,,22,,,,,,,,,,,,,,,,,,,,,,,,,,,,,16119,0.032492078840732574
,,,,3.722850263882052e-07,2.0855573762162682e-06,3.208549809563489e-06,3.208549809563489e-06,4.936230476251522e-06,4.936230476251522e-06,7.594200732694648e-06,7.594200732694648e-06,1.168338574260715e-05,1.168338574260715e-05,1.7974439604011e-05,3.722850263882052e-07,1.7974439604011e-05,2.7652984006170768e-05,2.7652984006170768e-05,4.2543052317185797e-05,4.2543052317185797e-05,6.545084971874738e-05,6.545084971874738e-05,6.545084971874738e-05,6.545084971874738e-05,5.727461944433926e-07,5.727461944433926e-07,8.811479914513733e-07,8.811479914513733e-07,1.3556122945405742e-06,1.3556122945405742e-06,2.0855573762162682e-06,16123,
,,,23,,,,,,,,,,,,,,,,,,,,,,,,,,,,,16129,0.057617273181676865
,,,23,,,,,,,,,,,,,,,,,,,,,,,,,,,,,16139,0.0006295354687608778
,,,23,,,,,,,,,,,,,,,,,,,,,,,,,,,,,16149,0.0009077514405362308
,,,23,,,,,,,,,,,,,,,,,,,,,,,,,,,,,16159,0.010845148004591465
,,,23,,,,,,,,,,,,,,,,,,,,,,,,,,,,,16169,0.003993435297161341
,,,23,,,,,,,,,,,,,,,,,,,,,,,,,,,,,16179,0.03695736825466156
,,,23,,,,,,,,,,,,,,,,,,,,,,,,,,,,,16189,0.02162703312933445
,,,23,,,,,,,,,,,,,,,,,,,,,,,,,,,,,16199,0.26104313135147095
,,,23,,,,,,,,,,,,,,,,,,,,,,,,,,,,,16209,0.003557249205186963
,,,23,,,,,,,,,,,,,,,,,,,,,,,,,,,,,16219,0.013420060276985168
,,,23,,,,,,,,,,,,,,,,,,,,,,,,,,,,,16229,0.008417192846536636
,,,23,,,,,,,,,,,,,,,,,,,,,,,,,,,,,16239,0.00961387436836958
,,,23,,,,,,,,,,,,,,,,,,,,,,,,,,,,,16249,0.003400213783606887
,,,23,,,,,,,,,,,,,,,,,,,,,,,,,,,,,16259,1.6983921527862549
,,,23,,,,,,,,,,,,,,,,,,,,,,,,,,,,,16269,0.0027423540595918894
,,,23,,,,,,,,,,,,,,,,,,,,,,,,,,,,,16279,0.020939210429787636
,,,23,,,,,,,,,,,,,,,,,,,,,,,,,,,,,16289,0.037876930087804794
,,,23,,,,,,,,,,,,,,,,,,,,,,,,,,,,,16299,0.03369537368416786
,,,23,,,,,,,,,,,,,,,,,,,,,,,,,,,,,16309,0.004812038037925959
,,,23,,,,,,,,,,,,,,,,,,,,,,,,,,,,,16319,0.0030707863625139
,,,23,,,,,,,,,,,,,,,,,,,,,,,,,,,,,16329,0.03726336732506752
,,,23,,,,,,,,,,,,,,,,,,,,,,,,,,,,,16339,0.7255870699882507
,,,23,,,,,,,,,,,,,,,,,,,,,,,,,,,,,16349,1.7041715383529663
,,,23,,,,,,,,,,,,,,,,,,,,,,,,,,,,,16359,0.006510019768029451
,,,23,,,,,,,,,,,,,,,,,,,,,,,,,,,,,16369,0.0011189441429451108
,,,23,,,,,,,,,,,,,,,,,,,,,,,,,,,,,16379,0.0001825283543439582
,,,23,,,,,,,,,,,,,,,,,,,,,,,,,,,,,16389,0.001884769182652235
,,,23,,,,,,,,,,,,,,,,,,,,,,,,,,,,,16399,0.23117654025554657
,,,23,,,,,,,,,,,,,,,,,,,,,,,,,,,,,16409,0.18022871017456055
,,,23,,,,,,,,,,,,,,,,,,,,,,,,,,,,,16419,0.015365582890808582
,,,23,,,,,,,,,,,,,,,,,,,,,,,,,,,,,16429,1.0274003744125366
,,,23,,,,,,,,,,,,,,,,,,,,,,,,,,,,,16439,0.0014399881474673748
,,,23,,,,,,,,,,,,,,,,,,,,,,,,,,,,,16449,0.01031217910349369
,,,23,,,,,,,,,,,,,,,,,,,,,,,,,,,,,16459,0.006713777780532837
,,,23,,,,,,,,,,,,,,,,,,,,,,,,,,,,,16469,0.007682065013796091
,,,23,,,,,,,,,,,,,,,,,,,,,,,,,,,,,16479,0.00833149254322052
,,,23,,,,,,,,,,,,,,,,,,,,,,,,,,,,,16489,0.4674704968929291
,,,23,,,,,,,,,,,,,,,,,,,,,,,,,,,,,16499,0.004526087082922459
,,,23,,,,,,,,,,,,,,,,,,,,,,,,,,,,,16509,0.0026394661981612444
,,,23,,,,,,,,,,,,,,,,,,,,,,,,,,,,,16519,0.0063688624650239944
,,,23,,,,,,,,,,,,,,,,,,,,,,,,,,,,,16529,0.004217994399368763
,,,23,,,,,,,,,,,,,,,,,,,,,,,,,,,,,16539,0.0019674513023346663
,,,23,,,,,,,,,,,,,,,,,,,,,,,,,,,,,16549,0.004752160981297493
,,,23,,,,,,,,,,,,,,,,,,,,,,,,,,,,,16559,1.4270946979522705
,,,23,,,,,,,,,,,,,,,,,,,,,,,,,,,,,16569,0.013087974861264229
,,,23,,,,,,,,,,,,,,,,,,,,,,,,,,,,,16579,0.26499515771865845
,,,23,,,,,,,,,,,,,,,,,,,,,,,,,,,,,16589,0.00013056084571871907
,,,23,,,,,,,,,,,,,,,,,,,,,,,,,,,,,16599,0.728447675704956
,,,23,,,,,,,,,,,,,,,,,,,,,,,,,,,,,16609,0.38413456082344055
,,,23,,,,,,,,,,,,,,,,,,,,,,,,,,,,,16619,0.006827443838119507
,,,23,,,,,,,,,,,,,,,,,,,,,,,,,,,,,16629,0.1601673662662506
,,,23,,,,,,,,,,,,,,,,,,,,,,,,,,,,,16639,0.0020322396885603666
,,,23,,,,,,,,,,,,,,,,,,,,,,,,,,,,,16649,0.010264115408062935
,,,23,,,,,,,,,,,,,,,,,,,,,,,,,,,,,16659,0.03583911433815956
,,,23,,,,,,,,,,,,,,,,,,,,,,,,,,,,,16669,0.004132931120693684
,,,23,,,,,,,,,,,,,,,,,,,,,,,,,,,,,16679,0.051781050860881805
,,,23,,,,,,,,,,,,,,,,,,,,,,,,,,,,,16689,0.004941081628203392
,,,23,,,,,,,,,,,,,,,,,,,,,,,,,,,,,16699,0.0129487169906497
,,,23,,,,,,,,,,,,,,,,,,,,,,,,,,,,,16709,0.01218495238572359
,,,23,,,,,,,,,,,,,,,,,,,,,,,,,,,,,16719,0.0015491904923692346
,,,23,,,,,,,,,,,,,,,,,,,,,,,,,,,,,16729,3.8092002868652344
,,,23,,,,,,,,,,,,,,,,,,,,,,,,,,,,,16739,0.0024153338745236397
,,,23,,,,,,,,,,,,,,,,,,,,,,,,,,,,,16749,0.09257051348686218
,,,23,,,,,,,,,,,,,,,,,,,,,,,,,,,,,16759,0.23620615899562836
,,,23,,,,,,,,,,,,,,,,,,,,,,,,,,,,,16769,0.0023393346928060055
,,,23,,,,,,,,,,,,,,,,,,,,,,,,,,,,,16779,0.0032024967949837446
,,,23,,,,,,,,,,,,,,,,,,,,,,,,,,,,,16789,0.03345304727554321
,,,23,,,,,,,,,,,,,,,,,,,,,,,,,,,,,16799,0.007157273590564728
,,,23,,,,,,,,,,,,,,,,,,,,,,,,,,,,,16809,0.0020841998048126698
,,,23,,,,,,,,,,,,,,,,,,,,,,,,,,,,,16819,0.0022510557901114225
,,,,3.53203149892017e-07,1.978659850240633e-06,3.0440920772932807e-06,3.0440920772932807e-06,4.683218580451201e-06,4.683218580451201e-06,7.204951662232617e-06,7.204951662232617e-06,1.108454101881941e-05,1.108454101881941e-05,1.705314002895294e-05,3.53203149892017e-07,1.705314002895294e-05,2.623560004454298e-05,2.623560004454298e-05,4.03624616069892e-05,4.03624616069892e-05,6.209609477998338e-05,6.209609477998338e-05,6.209609477998338e-05,6.209609477998338e-05,5.433894613723337e-07,5.433894613723337e-07,8.359837867266674e-07,8.359837867266674e-07,1.2861289026564112e-06,1.2861289026564112e-06,1.978659850240633e-06,16824,
,,,24,,,,,,,,,,,,,,,,,,,,,,,,,,,,,16829,0.015287133865058422
,,,24,,,,,,,,,,,,,,,,,,,,,,,,,,,,,16839,1.3483097553253174
,,,24,,,,,,,,,,,,,,,,,,,,,,,,,,,,,16849,0.10342958569526672
,,,24,,,,,,,,,,,,,,,,,,,,,,,,,,,,,16859,1.2430682182312012
,,,24,,,,,,,,,,,,,,,,,,,,,,,,,,,,,16869,0.008509453386068344
,,,24,,,,,,,,,,,,,,,,,,,,,,,,,,,,,16879,0.001700868015177548
,,,24,,,,,,,,,,,,,,,,,,,,,,,,,,,,,16889,0.014916818588972092
,,,24,,,,,,,,,,,,,,,,,,,,,,,,,,,,,16899,0.0036017003003507853
,,,24,,,,,,,,,,,,,,,,,,,,,,,,,,,,,16909,0.013629849068820477
,,,24,,,,,,,,,,,,,,,,,,,,,,,,,,,,,16919,0.39250293374061584
,,,24,,,,,,,,,,,,,,,,,,,,,,,,,,,,,16929,0.023122638463974
,,,24,,,,,,,,,,,,,,,,,,,,,,,,,,,,,16939,0.005811294540762901
,,,24,,,,,,,,,,,,,,,,,,,,,,,,,,,,,16949,0.004131154622882605
,,,24,,,,,,,,,,,,,,,,,,,,,,,,,,,,,16959,0.013147701509296894
,,,24,,,,,,,,,,,,,,,,,,,,,,,,,,,,,16969,0.04341473802924156
,,,24,,,,,,,,,,,,,,,,,,,,,,,,,,,,,16979,0.0017455404158681631
,,,24,,,,,,,,,,,,,,,,,,,,,,,,,,,,,16989,0.6317183375358582
,,,24,,,,,,,,,,,,,,,,,,,,,,,,,,,,,16999,0.004025227390229702
,,,24,,,,,,,,,,,,,,,,,,,,,,,,,,,,,17009,0.002680667210370302
,,,24,,,,,,,,,,,,,,,,,,,,,,,,,,,,,17019,0.10862163454294205
,,,24,,,,,,,,,,,,,,,,,,,,,,,,,,,,,17029,0.002399323508143425
,,,24,,,,,,,,,,,,,,,,,,,,,,,,,,,,,17039,0.431156724691391
,,,24,,,,,,,,,,,,,,,,,,,,,,,,,,,,,17049,0.004683539271354675
,,,24,,,,,,,,,,,,,,,,,,,,,,,,,,,,,17059,0.005558138247579336
,,,24,,,,,,,,,,,,,,,,,,,,,,,,,,,,,17069,0.002883397275581956
,,,24,,,,,,,,,,,,,,,,,,,,,,,,,,,,,17079,0.0032860804349184036
,,,24,,,,,,,,,,,,,,,,,,,,,,,,,,,,,17089,0.007136843167245388
,,,24,,,,,,,,,,,,,,,,,,,,,,,,,,,,,17099,0.008334074169397354
,,,24,,,,,,,,,,,,,,,,,,,,,,,,,,,,,17109,1.1682798862457275
,,,24,,,,,,,,,,,,,,,,,,,,,,,,,,,,,17119,0.029834317043423653
,,,24,,,,,,,,,,,,,,,,,,,,,,,,,,,,,17129,0.0014653783291578293
,,,24,,,,,,,,,,,,,,,,,,,,,,,,,,,,,17139,0.0014230581000447273
,,,24,,,,,,,,,,,,,,,,,,,,,,,,,,,,,17149,0.12858815491199493
,,,24,,,,,,,,,,,,,,,,,,,,,,,,,,,,,17159,0.022166548296809196
,,,24,,,,,,,,,,,,,,,,,,,,,,,,,,,,,17169,0.0032638399861752987
,,,24,,,,,,,,,,,,,,,,,,,,,,,,,,,,,17179,0.4795060157775879
,,,24,,,,,,,,,,,,,,,,,,,,,,,,,,,,,17189,0.007510710507631302
,,,24,,,,,,,,,,,,,,,,,,,,,,,,,,,,,17199,0.013593606650829315
,,,24,,,,,,,,,,,,,,,,,,,,,,,,,,,,,17209,0.011771539226174355
,,,24,,,,,,,,,,,,,,,,,,,,,,,,,,,,,17219,0.041706833988428116
,,,24,,,,,,,,,,,,,,,,,,,,,,,,,,,,,17229,0.14985287189483643
,,,24,,,,,,,,,,,,,,,,,,,,,,,,,,,,,17239,0.0039015195798128843
,,,24,,,,,,,,,,,,,,,,,,,,,,,,,,,,,17249,0.005397244356572628
,,,24,,,,,,,,,,,,,,,,,,,,,,,,,,,,,17259,0.07949140667915344
,,,24,,,,,,,,,,,,,,,,,,,,,,,,,,,,,17269,0.006360506173223257
,,,24,,,,,,,,,,,,,,,,,,,,,,,,,,,,,17279,0.27696868777275085
,,,24,,,,,,,,,,,,,,,,,,,,,,,,,,,,,17289,0.017071163281798363
,,,24,,,,,,,,,,,,,,,,,,,,,,,,,,,,,17299,0.060264747589826584
,,,24,,,,,,,,,,,,,,,,,,,,,,,,,,,,,17309,0.0015045561594888568
,,,24,,,,,,,,,,,,,,,,,,,,,,,,,,,,,17319,0.01346268318593502
,,,24,,,,,,,,,,,,,,,,,,,,,,,,,,,,,17329,0.021139750257134438
,,,24,,,,,,,,,,,,,,,,,,,,,,,,,,,,,17339,0.011593667790293694
,,,24,,,,,,,,,,,,,,,,,,,,,,,,,,,,,17349,0.01341874897480011
,,,24,,,,,,,,,,,,,,,,,,,,,,,,,,,,,17359,0.05790069326758385
,,,24,,,,,,,,,,,,,,,,,,,,,,,,,,,,,17369,0.5219185948371887
,,,24,,,,,,,,,,,,,,,,,,,,,,,,,,,,,17379,0.0025686766020953655
,,,24,,,,,,,,,,,,,,,,,,,,,,,,,,,,,17389,0.09999886900186539
,,,24,,,,,,,,,,,,,,,,,,,,,,,,,,,,,17399,0.0634785145521164
,,,24,,,,,,,,,,,,,,,,,,,,,,,,,,,,,17409,0.01514185406267643
,,,24,,,,,,,,,,,,,,,,,,,,,,,,,,,,,17419,0.006898034363985062
,,,24,,,,,,,,,,,,,,,,,,,,,,,,,,,,,17429,0.524800181388855
,,,24,,,,,,,,,,,,,,,,,,,,,,,,,,,,,17439,0.02824794314801693
,,,24,,,,,,,,,,,,,,,,,,,,,,,,,,,,,17449,0.08336395025253296
,,,24,,,,,,,,,,,,,,,,,,,,,,,,,,,,,17459,0.39758482575416565
,,,24,,,,,,,,,,,,,,,,,,,,,,,,,,,,,17469,0.0012851932551711798
,,,24,,,,,,,,,,,,,,,,,,,,,,,,,,,,,17479,0.0014257344882935286
,,,24,,,,,,,,,,,,,,,,,,,,,,,,,,,,,17489,1.1555322408676147
,,,24,,,,,,,,,,,,,,,,,,,,,,,,,,,,,17499,0.41251689195632935
,,,24,,,,,,,,,,,,,,,,,,,,,,,,,,,,,17509,0.002564083319157362
,,,24,,,,,,,,,,,,,,,,,,,,,,,,,,,,,17519,0.001943172188475728
0.8170731663703918,0.8950381875038147,0.7516025900840759,24,,,,,,,,,,,,,,,,,,,,,,,,,,,,,17524,
