dev_f1,dev_precision,dev_recall,epoch,lr-AdamW/pg1,lr-AdamW/pg10,lr-AdamW/pg11,lr-AdamW/pg12,lr-AdamW/pg13,lr-AdamW/pg14,lr-AdamW/pg15,lr-AdamW/pg16,lr-AdamW/pg17,lr-AdamW/pg18,lr-AdamW/pg19,lr-AdamW/pg2,lr-AdamW/pg20,lr-AdamW/pg21,lr-AdamW/pg22,lr-AdamW/pg23,lr-AdamW/pg24,lr-AdamW/pg25,lr-AdamW/pg26,lr-AdamW/pg27,lr-AdamW/pg28,lr-AdamW/pg3,lr-AdamW/pg4,lr-AdamW/pg5,lr-AdamW/pg6,lr-AdamW/pg7,lr-AdamW/pg8,lr-AdamW/pg9,step,train_loss
,,,,1.1376018126211432e-07,6.372896257812503e-07,9.804455781250004e-07,9.804455781250004e-07,1.5083778125000004e-06,1.5083778125000004e-06,2.3205812500000007e-06,2.3205812500000007e-06,3.570125000000001e-06,3.570125000000001e-06,5.492500000000001e-06,1.1376018126211432e-07,5.492500000000001e-06,8.45e-06,8.45e-06,1.3000000000000003e-05,1.3000000000000003e-05,2e-05,2e-05,2e-05,2e-05,1.7501566348017586e-07,1.7501566348017586e-07,2.6925486689257825e-07,2.6925486689257825e-07,4.142382567578127e-07,4.142382567578127e-07,6.372896257812503e-07,0,
,,,0,,,,,,,,,,,,,,,,,,,,,,,,,,,,,9,4.67320442199707
,,,0,,,,,,,,,,,,,,,,,,,,,,,,,,,,,19,3.8058929443359375
,,,0,,,,,,,,,,,,,,,,,,,,,,,,,,,,,29,3.2095108032226562
,,,0,,,,,,,,,,,,,,,,,,,,,,,,,,,,,39,2.0634796619415283
,,,0,,,,,,,,,,,,,,,,,,,,,,,,,,,,,49,1.3181307315826416
,,,0,,,,,,,,,,,,,,,,,,,,,,,,,,,,,59,1.1973932981491089
,,,0,,,,,,,,,,,,,,,,,,,,,,,,,,,,,69,1.3190990686416626
,,,0,,,,,,,,,,,,,,,,,,,,,,,,,,,,,79,0.7224389314651489
,,,0,,,,,,,,,,,,,,,,,,,,,,,,,,,,,89,1.070522427558899
,,,0,,,,,,,,,,,,,,,,,,,,,,,,,,,,,99,0.8379524350166321
,,,0,,,,,,,,,,,,,,,,,,,,,,,,,,,,,109,1.904963493347168
,,,0,,,,,,,,,,,,,,,,,,,,,,,,,,,,,119,0.8170874118804932
,,,0,,,,,,,,,,,,,,,,,,,,,,,,,,,,,129,0.3765872120857239
,,,0,,,,,,,,,,,,,,,,,,,,,,,,,,,,,139,0.3490273952484131
,,,0,,,,,,,,,,,,,,,,,,,,,,,,,,,,,149,0.2642476260662079
,,,0,,,,,,,,,,,,,,,,,,,,,,,,,,,,,159,0.7563973069190979
,,,0,,,,,,,,,,,,,,,,,,,,,,,,,,,,,169,0.41307729482650757
,,,0,,,,,,,,,,,,,,,,,,,,,,,,,,,,,179,0.157502681016922
,,,0,,,,,,,,,,,,,,,,,,,,,,,,,,,,,189,0.1635122150182724
,,,0,,,,,,,,,,,,,,,,,,,,,,,,,,,,,199,0.08725929260253906
,,,0,,,,,,,,,,,,,,,,,,,,,,,,,,,,,209,1.770957112312317
,,,0,,,,,,,,,,,,,,,,,,,,,,,,,,,,,219,0.49875035881996155
,,,0,,,,,,,,,,,,,,,,,,,,,,,,,,,,,229,0.06932798027992249
,,,0,,,,,,,,,,,,,,,,,,,,,,,,,,,,,239,0.45994243025779724
,,,0,,,,,,,,,,,,,,,,,,,,,,,,,,,,,249,0.5964400172233582
,,,0,,,,,,,,,,,,,,,,,,,,,,,,,,,,,259,0.0514548122882843
,,,0,,,,,,,,,,,,,,,,,,,,,,,,,,,,,269,0.153309628367424
,,,0,,,,,,,,,,,,,,,,,,,,,,,,,,,,,279,0.70326828956604
,,,0,,,,,,,,,,,,,,,,,,,,,,,,,,,,,289,0.0519990473985672
,,,0,,,,,,,,,,,,,,,,,,,,,,,,,,,,,299,0.09923803806304932
,,,0,,,,,,,,,,,,,,,,,,,,,,,,,,,,,309,0.7987866997718811
,,,0,,,,,,,,,,,,,,,,,,,,,,,,,,,,,319,0.3597991168498993
,,,0,,,,,,,,,,,,,,,,,,,,,,,,,,,,,329,0.05688844248652458
,,,0,,,,,,,,,,,,,,,,,,,,,,,,,,,,,339,0.38226398825645447
,,,0,,,,,,,,,,,,,,,,,,,,,,,,,,,,,349,0.20207655429840088
,,,0,,,,,,,,,,,,,,,,,,,,,,,,,,,,,359,0.13740144670009613
,,,0,,,,,,,,,,,,,,,,,,,,,,,,,,,,,369,0.11554846912622452
,,,0,,,,,,,,,,,,,,,,,,,,,,,,,,,,,379,0.7161678075790405
,,,0,,,,,,,,,,,,,,,,,,,,,,,,,,,,,389,0.3249093294143677
,,,0,,,,,,,,,,,,,,,,,,,,,,,,,,,,,399,1.9536221027374268
,,,0,,,,,,,,,,,,,,,,,,,,,,,,,,,,,409,0.3250930607318878
,,,0,,,,,,,,,,,,,,,,,,,,,,,,,,,,,419,0.10804639011621475
,,,0,,,,,,,,,,,,,,,,,,,,,,,,,,,,,429,0.5285978317260742
,,,0,,,,,,,,,,,,,,,,,,,,,,,,,,,,,439,0.06878772377967834
,,,0,,,,,,,,,,,,,,,,,,,,,,,,,,,,,449,0.2844774127006531
,,,0,,,,,,,,,,,,,,,,,,,,,,,,,,,,,459,0.2725025415420532
,,,0,,,,,,,,,,,,,,,,,,,,,,,,,,,,,469,0.30041933059692383
,,,0,,,,,,,,,,,,,,,,,,,,,,,,,,,,,479,1.3716161251068115
,,,0,,,,,,,,,,,,,,,,,,,,,,,,,,,,,489,0.2497812956571579
,,,0,,,,,,,,,,,,,,,,,,,,,,,,,,,,,499,0.5680919289588928
,,,0,,,,,,,,,,,,,,,,,,,,,,,,,,,,,509,0.016747193410992622
,,,0,,,,,,,,,,,,,,,,,,,,,,,,,,,,,519,0.138755664229393
,,,0,,,,,,,,,,,,,,,,,,,,,,,,,,,,,529,0.31128761172294617
,,,0,,,,,,,,,,,,,,,,,,,,,,,,,,,,,539,0.5186493396759033
,,,0,,,,,,,,,,,,,,,,,,,,,,,,,,,,,549,0.1412346214056015
,,,0,,,,,,,,,,,,,,,,,,,,,,,,,,,,,559,0.48096534609794617
,,,0,,,,,,,,,,,,,,,,,,,,,,,,,,,,,569,0.33075985312461853
,,,0,,,,,,,,,,,,,,,,,,,,,,,,,,,,,579,0.20441028475761414
,,,0,,,,,,,,,,,,,,,,,,,,,,,,,,,,,589,0.15902453660964966
,,,0,,,,,,,,,,,,,,,,,,,,,,,,,,,,,599,0.11755256354808807
,,,0,,,,,,,,,,,,,,,,,,,,,,,,,,,,,609,0.30026495456695557
,,,0,,,,,,,,,,,,,,,,,,,,,,,,,,,,,619,0.6331098675727844
,,,0,,,,,,,,,,,,,,,,,,,,,,,,,,,,,629,0.6545948386192322
,,,0,,,,,,,,,,,,,,,,,,,,,,,,,,,,,639,0.335282564163208
,,,0,,,,,,,,,,,,,,,,,,,,,,,,,,,,,649,2.0379114151000977
,,,0,,,,,,,,,,,,,,,,,,,,,,,,,,,,,659,0.24876266717910767
,,,0,,,,,,,,,,,,,,,,,,,,,,,,,,,,,669,0.07331051677465439
,,,0,,,,,,,,,,,,,,,,,,,,,,,,,,,,,679,1.088867425918579
,,,0,,,,,,,,,,,,,,,,,,,,,,,,,,,,,689,0.1334070861339569
,,,0,,,,,,,,,,,,,,,,,,,,,,,,,,,,,699,0.354459285736084
,,,0,,,,,,,,,,,,,,,,,,,,,,,,,,,,,709,0.1063668355345726
,,,0,,,,,,,,,,,,,,,,,,,,,,,,,,,,,719,0.6069574356079102
,,,0,,,,,,,,,,,,,,,,,,,,,,,,,,,,,729,0.1768169105052948
,,,0,,,,,,,,,,,,,,,,,,,,,,,,,,,,,739,0.11501288414001465
,,,0,,,,,,,,,,,,,,,,,,,,,,,,,,,,,749,0.059590160846710205
,,,0,,,,,,,,,,,,,,,,,,,,,,,,,,,,,759,0.7156235575675964
,,,0,,,,,,,,,,,,,,,,,,,,,,,,,,,,,769,1.0211153030395508
,,,0,,,,,,,,,,,,,,,,,,,,,,,,,,,,,779,0.6096898317337036
,,,0,,,,,,,,,,,,,,,,,,,,,,,,,,,,,789,0.1975988745689392
,,,0,,,,,,,,,,,,,,,,,,,,,,,,,,,,,799,0.27118590474128723
,,,0,,,,,,,,,,,,,,,,,,,,,,,,,,,,,809,0.04088784009218216
,,,0,,,,,,,,,,,,,,,,,,,,,,,,,,,,,819,0.34290722012519836
,,,0,,,,,,,,,,,,,,,,,,,,,,,,,,,,,829,0.637184739112854
,,,0,,,,,,,,,,,,,,,,,,,,,,,,,,,,,839,0.13220323622226715
,,,0,,,,,,,,,,,,,,,,,,,,,,,,,,,,,849,0.07140859216451645
,,,0,,,,,,,,,,,,,,,,,,,,,,,,,,,,,859,0.5196475982666016
,,,0,,,,,,,,,,,,,,,,,,,,,,,,,,,,,869,0.07253450900316238
,,,0,,,,,,,,,,,,,,,,,,,,,,,,,,,,,879,0.10895997285842896
,,,0,,,,,,,,,,,,,,,,,,,,,,,,,,,,,889,0.019993340596556664
,,,0,,,,,,,,,,,,,,,,,,,,,,,,,,,,,899,0.1985623836517334
,,,0,,,,,,,,,,,,,,,,,,,,,,,,,,,,,909,0.08106400817632675
,,,0,,,,,,,,,,,,,,,,,,,,,,,,,,,,,919,0.4916001856327057
,,,0,,,,,,,,,,,,,,,,,,,,,,,,,,,,,929,0.44043517112731934
,,,0,,,,,,,,,,,,,,,,,,,,,,,,,,,,,939,0.5404912829399109
,,,0,,,,,,,,,,,,,,,,,,,,,,,,,,,,,949,0.3490893840789795
,,,0,,,,,,,,,,,,,,,,,,,,,,,,,,,,,959,0.09992371499538422
,,,0,,,,,,,,,,,,,,,,,,,,,,,,,,,,,969,0.1853678971529007
,,,0,,,,,,,,,,,,,,,,,,,,,,,,,,,,,979,0.17280276119709015
,,,0,,,,,,,,,,,,,,,,,,,,,,,,,,,,,989,0.9757034182548523
,,,0,,,,,,,,,,,,,,,,,,,,,,,,,,,,,999,0.18598206341266632
,,,0,,,,,,,,,,,,,,,,,,,,,,,,,,,,,1009,0.16881579160690308
,,,0,,,,,,,,,,,,,,,,,,,,,,,,,,,,,1019,0.018858443945646286
,,,0,,,,,,,,,,,,,,,,,,,,,,,,,,,,,1029,2.9205071926116943
,,,0,,,,,,,,,,,,,,,,,,,,,,,,,,,,,1039,0.4499186873435974
,,,0,,,,,,,,,,,,,,,,,,,,,,,,,,,,,1049,0.1584329754114151
,,,0,,,,,,,,,,,,,,,,,,,,,,,,,,,,,1059,1.5071505308151245
,,,0,,,,,,,,,,,,,,,,,,,,,,,,,,,,,1069,0.054970189929008484
,,,0,,,,,,,,,,,,,,,,,,,,,,,,,,,,,1079,0.2050769031047821
,,,0,,,,,,,,,,,,,,,,,,,,,,,,,,,,,1089,0.19406938552856445
,,,0,,,,,,,,,,,,,,,,,,,,,,,,,,,,,1099,0.9779375195503235
,,,0,,,,,,,,,,,,,,,,,,,,,,,,,,,,,1109,0.036227334290742874
,,,0,,,,,,,,,,,,,,,,,,,,,,,,,,,,,1119,0.18238171935081482
,,,0,,,,,,,,,,,,,,,,,,,,,,,,,,,,,1129,0.14806008338928223
,,,0,,,,,,,,,,,,,,,,,,,,,,,,,,,,,1139,0.2535790801048279
,,,0,,,,,,,,,,,,,,,,,,,,,,,,,,,,,1149,0.07887417823076248
,,,0,,,,,,,,,,,,,,,,,,,,,,,,,,,,,1159,0.23484814167022705
,,,0,,,,,,,,,,,,,,,,,,,,,,,,,,,,,1169,2.043154239654541
,,,0,,,,,,,,,,,,,,,,,,,,,,,,,,,,,1179,0.5030317306518555
,,,0,,,,,,,,,,,,,,,,,,,,,,,,,,,,,1189,0.08284738659858704
,,,0,,,,,,,,,,,,,,,,,,,,,,,,,,,,,1199,0.3433911204338074
,,,0,,,,,,,,,,,,,,,,,,,,,,,,,,,,,1209,0.1699332594871521
,,,0,,,,,,,,,,,,,,,,,,,,,,,,,,,,,1219,0.12822942435741425
,,,0,,,,,,,,,,,,,,,,,,,,,,,,,,,,,1229,0.16623425483703613
,,,0,,,,,,,,,,,,,,,,,,,,,,,,,,,,,1239,0.03732641786336899
,,,0,,,,,,,,,,,,,,,,,,,,,,,,,,,,,1249,0.10247372835874557
,,,0,,,,,,,,,,,,,,,,,,,,,,,,,,,,,1259,0.03918606787919998
,,,0,,,,,,,,,,,,,,,,,,,,,,,,,,,,,1269,1.4818205833435059
,,,0,,,,,,,,,,,,,,,,,,,,,,,,,,,,,1279,0.0526895709335804
,,,0,,,,,,,,,,,,,,,,,,,,,,,,,,,,,1289,0.33198249340057373
,,,0,,,,,,,,,,,,,,,,,,,,,,,,,,,,,1299,0.31883013248443604
,,,0,,,,,,,,,,,,,,,,,,,,,,,,,,,,,1309,0.15549108386039734
,,,0,,,,,,,,,,,,,,,,,,,,,,,,,,,,,1319,0.0769675150513649
,,,0,,,,,,,,,,,,,,,,,,,,,,,,,,,,,1329,0.039576493203639984
,,,0,,,,,,,,,,,,,,,,,,,,,,,,,,,,,1339,0.10048993676900864
,,,0,,,,,,,,,,,,,,,,,,,,,,,,,,,,,1349,0.5861175656318665
,,,0,,,,,,,,,,,,,,,,,,,,,,,,,,,,,1359,0.36419370770454407
,,,0,,,,,,,,,,,,,,,,,,,,,,,,,,,,,1369,0.016743231564760208
,,,0,,,,,,,,,,,,,,,,,,,,,,,,,,,,,1379,0.15031717717647552
,,,0,,,,,,,,,,,,,,,,,,,,,,,,,,,,,1389,0.012508274056017399
,,,0,,,,,,,,,,,,,,,,,,,,,,,,,,,,,1399,0.5016236305236816
,,,0,,,,,,,,,,,,,,,,,,,,,,,,,,,,,1409,0.035711996257305145
,,,0,,,,,,,,,,,,,,,,,,,,,,,,,,,,,1419,0.13031068444252014
,,,0,,,,,,,,,,,,,,,,,,,,,,,,,,,,,1429,0.3372557759284973
,,,0,,,,,,,,,,,,,,,,,,,,,,,,,,,,,1439,0.20138788223266602
,,,0,,,,,,,,,,,,,,,,,,,,,,,,,,,,,1449,0.028136873617768288
,,,0,,,,,,,,,,,,,,,,,,,,,,,,,,,,,1459,0.06583711504936218
,,,0,,,,,,,,,,,,,,,,,,,,,,,,,,,,,1469,0.09712383151054382
,,,0,,,,,,,,,,,,,,,,,,,,,,,,,,,,,1479,2.2072389125823975
,,,0,,,,,,,,,,,,,,,,,,,,,,,,,,,,,1489,0.47660714387893677
,,,0,,,,,,,,,,,,,,,,,,,,,,,,,,,,,1499,0.10798831284046173
,,,0,,,,,,,,,,,,,,,,,,,,,,,,,,,,,1509,0.33108657598495483
,,,0,,,,,,,,,,,,,,,,,,,,,,,,,,,,,1519,0.04205961152911186
,,,0,,,,,,,,,,,,,,,,,,,,,,,,,,,,,1529,0.45830631256103516
,,,0,,,,,,,,,,,,,,,,,,,,,,,,,,,,,1539,0.1959073394536972
,,,0,,,,,,,,,,,,,,,,,,,,,,,,,,,,,1549,0.7389095425605774
,,,0,,,,,,,,,,,,,,,,,,,,,,,,,,,,,1559,0.12475696951150894
,,,0,,,,,,,,,,,,,,,,,,,,,,,,,,,,,1569,0.283639132976532
,,,0,,,,,,,,,,,,,,,,,,,,,,,,,,,,,1579,0.05458475649356842
,,,0,,,,,,,,,,,,,,,,,,,,,,,,,,,,,1589,0.03335915133357048
,,,0,,,,,,,,,,,,,,,,,,,,,,,,,,,,,1599,0.09343606978654861
,,,0,,,,,,,,,,,,,,,,,,,,,,,,,,,,,1609,0.08053188025951385
,,,0,,,,,,,,,,,,,,,,,,,,,,,,,,,,,1619,0.4271780848503113
,,,0,,,,,,,,,,,,,,,,,,,,,,,,,,,,,1629,0.2888367772102356
,,,0,,,,,,,,,,,,,,,,,,,,,,,,,,,,,1639,0.6481567025184631
,,,0,,,,,,,,,,,,,,,,,,,,,,,,,,,,,1649,0.04261358454823494
,,,0,,,,,,,,,,,,,,,,,,,,,,,,,,,,,1659,0.157478466629982
,,,,2.2752036252422864e-07,1.2745792515625007e-06,1.9608911562500008e-06,1.9608911562500008e-06,3.0167556250000008e-06,3.0167556250000008e-06,4.641162500000001e-06,4.641162500000001e-06,7.140250000000002e-06,7.140250000000002e-06,1.0985000000000002e-05,2.2752036252422864e-07,1.0985000000000002e-05,1.69e-05,1.69e-05,2.6000000000000005e-05,2.6000000000000005e-05,4e-05,4e-05,4e-05,4e-05,3.500313269603517e-07,3.500313269603517e-07,5.385097337851565e-07,5.385097337851565e-07,8.284765135156254e-07,8.284765135156254e-07,1.2745792515625007e-06,1662,
,,,1,,,,,,,,,,,,,,,,,,,,,,,,,,,,,1669,0.23964747786521912
,,,1,,,,,,,,,,,,,,,,,,,,,,,,,,,,,1679,0.016534700989723206
,,,1,,,,,,,,,,,,,,,,,,,,,,,,,,,,,1689,0.05179808661341667
,,,1,,,,,,,,,,,,,,,,,,,,,,,,,,,,,1699,0.20659604668617249
,,,1,,,,,,,,,,,,,,,,,,,,,,,,,,,,,1709,0.14932796359062195
,,,1,,,,,,,,,,,,,,,,,,,,,,,,,,,,,1719,0.06773526966571808
,,,1,,,,,,,,,,,,,,,,,,,,,,,,,,,,,1729,0.050560712814331055
,,,1,,,,,,,,,,,,,,,,,,,,,,,,,,,,,1739,0.07218243181705475
,,,1,,,,,,,,,,,,,,,,,,,,,,,,,,,,,1749,0.02687452919781208
,,,1,,,,,,,,,,,,,,,,,,,,,,,,,,,,,1759,1.049915075302124
,,,1,,,,,,,,,,,,,,,,,,,,,,,,,,,,,1769,0.3194078803062439
,,,1,,,,,,,,,,,,,,,,,,,,,,,,,,,,,1779,0.8984329700469971
,,,1,,,,,,,,,,,,,,,,,,,,,,,,,,,,,1789,0.8970159292221069
,,,1,,,,,,,,,,,,,,,,,,,,,,,,,,,,,1799,0.0676414743065834
,,,1,,,,,,,,,,,,,,,,,,,,,,,,,,,,,1809,0.03340241312980652
,,,1,,,,,,,,,,,,,,,,,,,,,,,,,,,,,1819,0.07984858006238937
,,,1,,,,,,,,,,,,,,,,,,,,,,,,,,,,,1829,0.20151817798614502
,,,1,,,,,,,,,,,,,,,,,,,,,,,,,,,,,1839,0.49930253624916077
,,,1,,,,,,,,,,,,,,,,,,,,,,,,,,,,,1849,0.3348183035850525
,,,1,,,,,,,,,,,,,,,,,,,,,,,,,,,,,1859,0.10505762696266174
,,,1,,,,,,,,,,,,,,,,,,,,,,,,,,,,,1869,0.3514259159564972
,,,1,,,,,,,,,,,,,,,,,,,,,,,,,,,,,1879,0.8995286226272583
,,,1,,,,,,,,,,,,,,,,,,,,,,,,,,,,,1889,0.5818642377853394
,,,1,,,,,,,,,,,,,,,,,,,,,,,,,,,,,1899,0.4271729588508606
,,,1,,,,,,,,,,,,,,,,,,,,,,,,,,,,,1909,0.01643894799053669
,,,1,,,,,,,,,,,,,,,,,,,,,,,,,,,,,1919,0.4502556324005127
,,,1,,,,,,,,,,,,,,,,,,,,,,,,,,,,,1929,0.1426529586315155
,,,1,,,,,,,,,,,,,,,,,,,,,,,,,,,,,1939,0.26520735025405884
,,,1,,,,,,,,,,,,,,,,,,,,,,,,,,,,,1949,0.38228243589401245
,,,1,,,,,,,,,,,,,,,,,,,,,,,,,,,,,1959,0.4685933291912079
,,,1,,,,,,,,,,,,,,,,,,,,,,,,,,,,,1969,0.023784484714269638
,,,1,,,,,,,,,,,,,,,,,,,,,,,,,,,,,1979,0.151004821062088
,,,1,,,,,,,,,,,,,,,,,,,,,,,,,,,,,1989,0.021649539470672607
,,,1,,,,,,,,,,,,,,,,,,,,,,,,,,,,,1999,0.13716591894626617
,,,1,,,,,,,,,,,,,,,,,,,,,,,,,,,,,2009,0.04981154948472977
,,,1,,,,,,,,,,,,,,,,,,,,,,,,,,,,,2019,0.03424619883298874
,,,1,,,,,,,,,,,,,,,,,,,,,,,,,,,,,2029,0.17690762877464294
,,,1,,,,,,,,,,,,,,,,,,,,,,,,,,,,,2039,0.3660913109779358
,,,1,,,,,,,,,,,,,,,,,,,,,,,,,,,,,2049,0.14179189503192902
,,,1,,,,,,,,,,,,,,,,,,,,,,,,,,,,,2059,0.47518390417099
,,,1,,,,,,,,,,,,,,,,,,,,,,,,,,,,,2069,0.7462332248687744
,,,1,,,,,,,,,,,,,,,,,,,,,,,,,,,,,2079,0.06121033430099487
,,,1,,,,,,,,,,,,,,,,,,,,,,,,,,,,,2089,0.02390848845243454
,,,1,,,,,,,,,,,,,,,,,,,,,,,,,,,,,2099,0.4493952989578247
,,,1,,,,,,,,,,,,,,,,,,,,,,,,,,,,,2109,0.18464356660842896
,,,1,,,,,,,,,,,,,,,,,,,,,,,,,,,,,2119,0.4960613250732422
,,,1,,,,,,,,,,,,,,,,,,,,,,,,,,,,,2129,0.0833488330245018
,,,1,,,,,,,,,,,,,,,,,,,,,,,,,,,,,2139,0.1848987638950348
,,,1,,,,,,,,,,,,,,,,,,,,,,,,,,,,,2149,0.07111047208309174
,,,1,,,,,,,,,,,,,,,,,,,,,,,,,,,,,2159,0.0939093679189682
,,,1,,,,,,,,,,,,,,,,,,,,,,,,,,,,,2169,0.04831909015774727
,,,1,,,,,,,,,,,,,,,,,,,,,,,,,,,,,2179,0.07849913090467453
,,,1,,,,,,,,,,,,,,,,,,,,,,,,,,,,,2189,0.10263986140489578
,,,1,,,,,,,,,,,,,,,,,,,,,,,,,,,,,2199,0.43542754650115967
,,,1,,,,,,,,,,,,,,,,,,,,,,,,,,,,,2209,0.13732197880744934
,,,1,,,,,,,,,,,,,,,,,,,,,,,,,,,,,2219,1.4472596645355225
,,,1,,,,,,,,,,,,,,,,,,,,,,,,,,,,,2229,0.4325045645236969
,,,1,,,,,,,,,,,,,,,,,,,,,,,,,,,,,2239,0.0251562912017107
,,,1,,,,,,,,,,,,,,,,,,,,,,,,,,,,,2249,0.42706871032714844
,,,1,,,,,,,,,,,,,,,,,,,,,,,,,,,,,2259,0.04580926522612572
,,,1,,,,,,,,,,,,,,,,,,,,,,,,,,,,,2269,0.1156175509095192
,,,1,,,,,,,,,,,,,,,,,,,,,,,,,,,,,2279,0.12622779607772827
,,,1,,,,,,,,,,,,,,,,,,,,,,,,,,,,,2289,0.051573872566223145
,,,1,,,,,,,,,,,,,,,,,,,,,,,,,,,,,2299,0.05710858106613159
,,,1,,,,,,,,,,,,,,,,,,,,,,,,,,,,,2309,0.023802753537893295
,,,1,,,,,,,,,,,,,,,,,,,,,,,,,,,,,2319,0.29993847012519836
,,,1,,,,,,,,,,,,,,,,,,,,,,,,,,,,,2329,0.163504496216774
,,,1,,,,,,,,,,,,,,,,,,,,,,,,,,,,,2339,0.27964720129966736
,,,1,,,,,,,,,,,,,,,,,,,,,,,,,,,,,2349,0.1774730533361435
,,,1,,,,,,,,,,,,,,,,,,,,,,,,,,,,,2359,0.682671070098877
,,,1,,,,,,,,,,,,,,,,,,,,,,,,,,,,,2369,0.281765878200531
,,,1,,,,,,,,,,,,,,,,,,,,,,,,,,,,,2379,0.046140074729919434
,,,1,,,,,,,,,,,,,,,,,,,,,,,,,,,,,2389,0.16784071922302246
,,,1,,,,,,,,,,,,,,,,,,,,,,,,,,,,,2399,0.2268657237291336
,,,1,,,,,,,,,,,,,,,,,,,,,,,,,,,,,2409,0.1656005084514618
,,,1,,,,,,,,,,,,,,,,,,,,,,,,,,,,,2419,0.3929829001426697
,,,1,,,,,,,,,,,,,,,,,,,,,,,,,,,,,2429,0.24897031486034393
,,,1,,,,,,,,,,,,,,,,,,,,,,,,,,,,,2439,0.09116746485233307
,,,1,,,,,,,,,,,,,,,,,,,,,,,,,,,,,2449,0.26377806067466736
,,,1,,,,,,,,,,,,,,,,,,,,,,,,,,,,,2459,0.5364886522293091
,,,1,,,,,,,,,,,,,,,,,,,,,,,,,,,,,2469,0.07978741079568863
,,,1,,,,,,,,,,,,,,,,,,,,,,,,,,,,,2479,0.18379801511764526
,,,1,,,,,,,,,,,,,,,,,,,,,,,,,,,,,2489,0.3841545879840851
,,,1,,,,,,,,,,,,,,,,,,,,,,,,,,,,,2499,0.8235047459602356
,,,1,,,,,,,,,,,,,,,,,,,,,,,,,,,,,2509,0.05883125960826874
,,,1,,,,,,,,,,,,,,,,,,,,,,,,,,,,,2519,0.15529903769493103
,,,1,,,,,,,,,,,,,,,,,,,,,,,,,,,,,2529,0.13162438571453094
,,,1,,,,,,,,,,,,,,,,,,,,,,,,,,,,,2539,0.20570825040340424
,,,1,,,,,,,,,,,,,,,,,,,,,,,,,,,,,2549,0.6209294199943542
,,,1,,,,,,,,,,,,,,,,,,,,,,,,,,,,,2559,0.13021349906921387
,,,1,,,,,,,,,,,,,,,,,,,,,,,,,,,,,2569,0.154396191239357
,,,1,,,,,,,,,,,,,,,,,,,,,,,,,,,,,2579,0.19736944139003754
,,,1,,,,,,,,,,,,,,,,,,,,,,,,,,,,,2589,0.2362743467092514
,,,1,,,,,,,,,,,,,,,,,,,,,,,,,,,,,2599,0.30744799971580505
,,,1,,,,,,,,,,,,,,,,,,,,,,,,,,,,,2609,0.16011212766170502
,,,1,,,,,,,,,,,,,,,,,,,,,,,,,,,,,2619,0.28636035323143005
,,,1,,,,,,,,,,,,,,,,,,,,,,,,,,,,,2629,0.47094783186912537
,,,1,,,,,,,,,,,,,,,,,,,,,,,,,,,,,2639,0.029144326224923134
,,,1,,,,,,,,,,,,,,,,,,,,,,,,,,,,,2649,0.2746433615684509
,,,1,,,,,,,,,,,,,,,,,,,,,,,,,,,,,2659,0.01066169235855341
,,,1,,,,,,,,,,,,,,,,,,,,,,,,,,,,,2669,0.373475581407547
,,,1,,,,,,,,,,,,,,,,,,,,,,,,,,,,,2679,0.0153295136988163
,,,1,,,,,,,,,,,,,,,,,,,,,,,,,,,,,2689,0.21725289523601532
,,,1,,,,,,,,,,,,,,,,,,,,,,,,,,,,,2699,0.15794789791107178
,,,1,,,,,,,,,,,,,,,,,,,,,,,,,,,,,2709,0.24280990660190582
,,,1,,,,,,,,,,,,,,,,,,,,,,,,,,,,,2719,0.02053689770400524
,,,1,,,,,,,,,,,,,,,,,,,,,,,,,,,,,2729,0.05513682961463928
,,,1,,,,,,,,,,,,,,,,,,,,,,,,,,,,,2739,0.013411007821559906
,,,1,,,,,,,,,,,,,,,,,,,,,,,,,,,,,2749,0.009370666928589344
,,,1,,,,,,,,,,,,,,,,,,,,,,,,,,,,,2759,0.04676490277051926
,,,1,,,,,,,,,,,,,,,,,,,,,,,,,,,,,2769,0.3060466945171356
,,,1,,,,,,,,,,,,,,,,,,,,,,,,,,,,,2779,0.028502248227596283
,,,1,,,,,,,,,,,,,,,,,,,,,,,,,,,,,2789,0.2749282121658325
,,,1,,,,,,,,,,,,,,,,,,,,,,,,,,,,,2799,0.03905031085014343
,,,1,,,,,,,,,,,,,,,,,,,,,,,,,,,,,2809,0.0465141199529171
,,,1,,,,,,,,,,,,,,,,,,,,,,,,,,,,,2819,0.41021278500556946
,,,1,,,,,,,,,,,,,,,,,,,,,,,,,,,,,2829,0.43922948837280273
,,,1,,,,,,,,,,,,,,,,,,,,,,,,,,,,,2839,0.16766172647476196
,,,1,,,,,,,,,,,,,,,,,,,,,,,,,,,,,2849,0.18513615429401398
,,,1,,,,,,,,,,,,,,,,,,,,,,,,,,,,,2859,0.019079485908150673
,,,1,,,,,,,,,,,,,,,,,,,,,,,,,,,,,2869,0.11628562957048416
,,,1,,,,,,,,,,,,,,,,,,,,,,,,,,,,,2879,0.007350411266088486
,,,1,,,,,,,,,,,,,,,,,,,,,,,,,,,,,2889,0.15763555467128754
,,,1,,,,,,,,,,,,,,,,,,,,,,,,,,,,,2899,0.029200976714491844
,,,1,,,,,,,,,,,,,,,,,,,,,,,,,,,,,2909,0.05475376918911934
,,,1,,,,,,,,,,,,,,,,,,,,,,,,,,,,,2919,0.11941380798816681
,,,1,,,,,,,,,,,,,,,,,,,,,,,,,,,,,2929,0.047404881566762924
,,,1,,,,,,,,,,,,,,,,,,,,,,,,,,,,,2939,0.11784815788269043
,,,1,,,,,,,,,,,,,,,,,,,,,,,,,,,,,2949,0.27009645104408264
,,,1,,,,,,,,,,,,,,,,,,,,,,,,,,,,,2959,0.17761920392513275
,,,1,,,,,,,,,,,,,,,,,,,,,,,,,,,,,2969,0.3482746481895447
,,,1,,,,,,,,,,,,,,,,,,,,,,,,,,,,,2979,0.4863625764846802
,,,1,,,,,,,,,,,,,,,,,,,,,,,,,,,,,2989,0.04004183039069176
,,,1,,,,,,,,,,,,,,,,,,,,,,,,,,,,,2999,0.5169326066970825
,,,1,,,,,,,,,,,,,,,,,,,,,,,,,,,,,3009,0.12929469347000122
,,,1,,,,,,,,,,,,,,,,,,,,,,,,,,,,,3019,0.3599441349506378
,,,1,,,,,,,,,,,,,,,,,,,,,,,,,,,,,3029,0.23075377941131592
,,,1,,,,,,,,,,,,,,,,,,,,,,,,,,,,,3039,0.13514991104602814
,,,1,,,,,,,,,,,,,,,,,,,,,,,,,,,,,3049,0.21923764050006866
,,,1,,,,,,,,,,,,,,,,,,,,,,,,,,,,,3059,0.08701956272125244
,,,1,,,,,,,,,,,,,,,,,,,,,,,,,,,,,3069,0.041353095322847366
,,,1,,,,,,,,,,,,,,,,,,,,,,,,,,,,,3079,0.012233417481184006
,,,1,,,,,,,,,,,,,,,,,,,,,,,,,,,,,3089,0.009676579385995865
,,,1,,,,,,,,,,,,,,,,,,,,,,,,,,,,,3099,0.4620908796787262
,,,1,,,,,,,,,,,,,,,,,,,,,,,,,,,,,3109,0.031923774629831314
,,,1,,,,,,,,,,,,,,,,,,,,,,,,,,,,,3119,0.03622683510184288
,,,1,,,,,,,,,,,,,,,,,,,,,,,,,,,,,3129,0.1632305383682251
,,,1,,,,,,,,,,,,,,,,,,,,,,,,,,,,,3139,0.19580474495887756
,,,1,,,,,,,,,,,,,,,,,,,,,,,,,,,,,3149,0.1553950309753418
,,,1,,,,,,,,,,,,,,,,,,,,,,,,,,,,,3159,0.031793925911188126
,,,1,,,,,,,,,,,,,,,,,,,,,,,,,,,,,3169,0.049944501370191574
,,,1,,,,,,,,,,,,,,,,,,,,,,,,,,,,,3179,0.2211494743824005
,,,1,,,,,,,,,,,,,,,,,,,,,,,,,,,,,3189,0.5284583568572998
,,,1,,,,,,,,,,,,,,,,,,,,,,,,,,,,,3199,0.0066841677762568
,,,1,,,,,,,,,,,,,,,,,,,,,,,,,,,,,3209,0.32728248834609985
,,,1,,,,,,,,,,,,,,,,,,,,,,,,,,,,,3219,0.1643410474061966
,,,1,,,,,,,,,,,,,,,,,,,,,,,,,,,,,3229,0.11081644892692566
,,,1,,,,,,,,,,,,,,,,,,,,,,,,,,,,,3239,0.03572224825620651
,,,1,,,,,,,,,,,,,,,,,,,,,,,,,,,,,3249,0.04166918620467186
,,,1,,,,,,,,,,,,,,,,,,,,,,,,,,,,,3259,0.28621113300323486
,,,1,,,,,,,,,,,,,,,,,,,,,,,,,,,,,3269,0.04926594719290733
,,,1,,,,,,,,,,,,,,,,,,,,,,,,,,,,,3279,0.3775484561920166
,,,1,,,,,,,,,,,,,,,,,,,,,,,,,,,,,3289,0.09723646193742752
,,,1,,,,,,,,,,,,,,,,,,,,,,,,,,,,,3299,0.003852065186947584
,,,1,,,,,,,,,,,,,,,,,,,,,,,,,,,,,3309,0.7760380506515503
,,,1,,,,,,,,,,,,,,,,,,,,,,,,,,,,,3319,0.017916908487677574
,,,,3.4128054378634294e-07,1.911868877343751e-06,2.9413367343750007e-06,2.9413367343750007e-06,4.525133437500001e-06,4.525133437500001e-06,6.961743750000001e-06,6.961743750000001e-06,1.0710375000000002e-05,1.0710375000000002e-05,1.6477500000000003e-05,3.4128054378634294e-07,1.6477500000000003e-05,2.5350000000000003e-05,2.5350000000000003e-05,3.9000000000000006e-05,3.9000000000000006e-05,6e-05,6e-05,6e-05,6e-05,5.250469904405275e-07,5.250469904405275e-07,8.077646006777347e-07,8.077646006777347e-07,1.2427147702734379e-06,1.2427147702734379e-06,1.911868877343751e-06,3324,
,,,2,,,,,,,,,,,,,,,,,,,,,,,,,,,,,3329,0.01170762162655592
,,,2,,,,,,,,,,,,,,,,,,,,,,,,,,,,,3339,0.02763829007744789
,,,2,,,,,,,,,,,,,,,,,,,,,,,,,,,,,3349,0.06496302038431168
,,,2,,,,,,,,,,,,,,,,,,,,,,,,,,,,,3359,0.562081515789032
,,,2,,,,,,,,,,,,,,,,,,,,,,,,,,,,,3369,0.06670432537794113
,,,2,,,,,,,,,,,,,,,,,,,,,,,,,,,,,3379,0.11121947318315506
,,,2,,,,,,,,,,,,,,,,,,,,,,,,,,,,,3389,0.006953149102628231
,,,2,,,,,,,,,,,,,,,,,,,,,,,,,,,,,3399,0.008546548895537853
,,,2,,,,,,,,,,,,,,,,,,,,,,,,,,,,,3409,0.29908281564712524
,,,2,,,,,,,,,,,,,,,,,,,,,,,,,,,,,3419,0.005207296926528215
,,,2,,,,,,,,,,,,,,,,,,,,,,,,,,,,,3429,0.6655521392822266
,,,2,,,,,,,,,,,,,,,,,,,,,,,,,,,,,3439,0.018800683319568634
,,,2,,,,,,,,,,,,,,,,,,,,,,,,,,,,,3449,0.05854293704032898
,,,2,,,,,,,,,,,,,,,,,,,,,,,,,,,,,3459,0.16295091807842255
,,,2,,,,,,,,,,,,,,,,,,,,,,,,,,,,,3469,0.07003520429134369
,,,2,,,,,,,,,,,,,,,,,,,,,,,,,,,,,3479,0.12507294118404388
,,,2,,,,,,,,,,,,,,,,,,,,,,,,,,,,,3489,0.049967534840106964
,,,2,,,,,,,,,,,,,,,,,,,,,,,,,,,,,3499,0.4167630076408386
,,,2,,,,,,,,,,,,,,,,,,,,,,,,,,,,,3509,0.06071943789720535
,,,2,,,,,,,,,,,,,,,,,,,,,,,,,,,,,3519,0.16675163805484772
,,,2,,,,,,,,,,,,,,,,,,,,,,,,,,,,,3529,0.4928772449493408
,,,2,,,,,,,,,,,,,,,,,,,,,,,,,,,,,3539,0.059415146708488464
,,,2,,,,,,,,,,,,,,,,,,,,,,,,,,,,,3549,0.028224484995007515
,,,2,,,,,,,,,,,,,,,,,,,,,,,,,,,,,3559,0.0498899482190609
,,,2,,,,,,,,,,,,,,,,,,,,,,,,,,,,,3569,0.03402451053261757
,,,2,,,,,,,,,,,,,,,,,,,,,,,,,,,,,3579,0.013725263997912407
,,,2,,,,,,,,,,,,,,,,,,,,,,,,,,,,,3589,0.13791237771511078
,,,2,,,,,,,,,,,,,,,,,,,,,,,,,,,,,3599,0.04699837043881416
,,,2,,,,,,,,,,,,,,,,,,,,,,,,,,,,,3609,0.04789334908127785
,,,2,,,,,,,,,,,,,,,,,,,,,,,,,,,,,3619,0.2083265483379364
,,,2,,,,,,,,,,,,,,,,,,,,,,,,,,,,,3629,0.020151294767856598
,,,2,,,,,,,,,,,,,,,,,,,,,,,,,,,,,3639,0.1262715458869934
,,,2,,,,,,,,,,,,,,,,,,,,,,,,,,,,,3649,0.03255051374435425
,,,2,,,,,,,,,,,,,,,,,,,,,,,,,,,,,3659,0.025469137355685234
,,,2,,,,,,,,,,,,,,,,,,,,,,,,,,,,,3669,0.32335951924324036
,,,2,,,,,,,,,,,,,,,,,,,,,,,,,,,,,3679,0.9115919470787048
,,,2,,,,,,,,,,,,,,,,,,,,,,,,,,,,,3689,0.8570824861526489
,,,2,,,,,,,,,,,,,,,,,,,,,,,,,,,,,3699,0.05536544322967529
,,,2,,,,,,,,,,,,,,,,,,,,,,,,,,,,,3709,0.02557256817817688
,,,2,,,,,,,,,,,,,,,,,,,,,,,,,,,,,3719,0.03583797067403793
,,,2,,,,,,,,,,,,,,,,,,,,,,,,,,,,,3729,0.15799227356910706
,,,2,,,,,,,,,,,,,,,,,,,,,,,,,,,,,3739,0.0465577058494091
,,,2,,,,,,,,,,,,,,,,,,,,,,,,,,,,,3749,0.4132166802883148
,,,2,,,,,,,,,,,,,,,,,,,,,,,,,,,,,3759,0.08082788437604904
,,,2,,,,,,,,,,,,,,,,,,,,,,,,,,,,,3769,0.03442298248410225
,,,2,,,,,,,,,,,,,,,,,,,,,,,,,,,,,3779,0.10925143957138062
,,,2,,,,,,,,,,,,,,,,,,,,,,,,,,,,,3789,0.2010878175497055
,,,2,,,,,,,,,,,,,,,,,,,,,,,,,,,,,3799,0.2447047233581543
,,,2,,,,,,,,,,,,,,,,,,,,,,,,,,,,,3809,0.025503454729914665
,,,2,,,,,,,,,,,,,,,,,,,,,,,,,,,,,3819,0.35220983624458313
,,,2,,,,,,,,,,,,,,,,,,,,,,,,,,,,,3829,0.01865541562438011
,,,2,,,,,,,,,,,,,,,,,,,,,,,,,,,,,3839,0.09094971418380737
,,,2,,,,,,,,,,,,,,,,,,,,,,,,,,,,,3849,0.005861417390406132
,,,2,,,,,,,,,,,,,,,,,,,,,,,,,,,,,3859,0.602202832698822
,,,2,,,,,,,,,,,,,,,,,,,,,,,,,,,,,3869,0.08632754534482956
,,,2,,,,,,,,,,,,,,,,,,,,,,,,,,,,,3879,0.23077180981636047
,,,2,,,,,,,,,,,,,,,,,,,,,,,,,,,,,3889,1.0024548768997192
,,,2,,,,,,,,,,,,,,,,,,,,,,,,,,,,,3899,0.8144051432609558
,,,2,,,,,,,,,,,,,,,,,,,,,,,,,,,,,3909,0.04682449251413345
,,,2,,,,,,,,,,,,,,,,,,,,,,,,,,,,,3919,0.1194724440574646
,,,2,,,,,,,,,,,,,,,,,,,,,,,,,,,,,3929,0.008594506420195103
,,,2,,,,,,,,,,,,,,,,,,,,,,,,,,,,,3939,0.0354987233877182
,,,2,,,,,,,,,,,,,,,,,,,,,,,,,,,,,3949,0.02351248636841774
,,,2,,,,,,,,,,,,,,,,,,,,,,,,,,,,,3959,0.21844883263111115
,,,2,,,,,,,,,,,,,,,,,,,,,,,,,,,,,3969,0.056943733245134354
,,,2,,,,,,,,,,,,,,,,,,,,,,,,,,,,,3979,0.014217372983694077
,,,2,,,,,,,,,,,,,,,,,,,,,,,,,,,,,3989,0.03869655355811119
,,,2,,,,,,,,,,,,,,,,,,,,,,,,,,,,,3999,0.009092727676033974
,,,2,,,,,,,,,,,,,,,,,,,,,,,,,,,,,4009,0.12725266814231873
,,,2,,,,,,,,,,,,,,,,,,,,,,,,,,,,,4019,0.2024737000465393
,,,2,,,,,,,,,,,,,,,,,,,,,,,,,,,,,4029,0.34010639786720276
,,,2,,,,,,,,,,,,,,,,,,,,,,,,,,,,,4039,0.07591328769922256
,,,2,,,,,,,,,,,,,,,,,,,,,,,,,,,,,4049,0.06485942751169205
,,,2,,,,,,,,,,,,,,,,,,,,,,,,,,,,,4059,0.17630556225776672
,,,2,,,,,,,,,,,,,,,,,,,,,,,,,,,,,4069,0.33532440662384033
,,,2,,,,,,,,,,,,,,,,,,,,,,,,,,,,,4079,0.10050055384635925
,,,2,,,,,,,,,,,,,,,,,,,,,,,,,,,,,4089,0.010824508033692837
,,,2,,,,,,,,,,,,,,,,,,,,,,,,,,,,,4099,0.1597425639629364
,,,2,,,,,,,,,,,,,,,,,,,,,,,,,,,,,4109,0.20675577223300934
,,,2,,,,,,,,,,,,,,,,,,,,,,,,,,,,,4119,0.2841498553752899
,,,2,,,,,,,,,,,,,,,,,,,,,,,,,,,,,4129,0.35698696970939636
,,,2,,,,,,,,,,,,,,,,,,,,,,,,,,,,,4139,0.2381524294614792
,,,2,,,,,,,,,,,,,,,,,,,,,,,,,,,,,4149,0.23574410378932953
,,,2,,,,,,,,,,,,,,,,,,,,,,,,,,,,,4159,0.006490249186754227
,,,2,,,,,,,,,,,,,,,,,,,,,,,,,,,,,4169,0.009619379416108131
,,,2,,,,,,,,,,,,,,,,,,,,,,,,,,,,,4179,0.05355221405625343
,,,2,,,,,,,,,,,,,,,,,,,,,,,,,,,,,4189,0.02004316635429859
,,,2,,,,,,,,,,,,,,,,,,,,,,,,,,,,,4199,0.22300143539905548
,,,2,,,,,,,,,,,,,,,,,,,,,,,,,,,,,4209,0.09980564564466476
,,,2,,,,,,,,,,,,,,,,,,,,,,,,,,,,,4219,0.16837404668331146
,,,2,,,,,,,,,,,,,,,,,,,,,,,,,,,,,4229,0.013357897289097309
,,,2,,,,,,,,,,,,,,,,,,,,,,,,,,,,,4239,0.07068178802728653
,,,2,,,,,,,,,,,,,,,,,,,,,,,,,,,,,4249,0.8618060946464539
,,,2,,,,,,,,,,,,,,,,,,,,,,,,,,,,,4259,0.09498567134141922
,,,2,,,,,,,,,,,,,,,,,,,,,,,,,,,,,4269,0.9071273803710938
,,,2,,,,,,,,,,,,,,,,,,,,,,,,,,,,,4279,0.047917552292346954
,,,2,,,,,,,,,,,,,,,,,,,,,,,,,,,,,4289,0.22208577394485474
,,,2,,,,,,,,,,,,,,,,,,,,,,,,,,,,,4299,0.042813740670681
,,,2,,,,,,,,,,,,,,,,,,,,,,,,,,,,,4309,0.24206288158893585
,,,2,,,,,,,,,,,,,,,,,,,,,,,,,,,,,4319,0.185979425907135
,,,2,,,,,,,,,,,,,,,,,,,,,,,,,,,,,4329,0.34598308801651
,,,2,,,,,,,,,,,,,,,,,,,,,,,,,,,,,4339,0.0687999352812767
,,,2,,,,,,,,,,,,,,,,,,,,,,,,,,,,,4349,0.18609903752803802
,,,2,,,,,,,,,,,,,,,,,,,,,,,,,,,,,4359,1.0547140836715698
,,,2,,,,,,,,,,,,,,,,,,,,,,,,,,,,,4369,0.02181299589574337
,,,2,,,,,,,,,,,,,,,,,,,,,,,,,,,,,4379,0.11548838764429092
,,,2,,,,,,,,,,,,,,,,,,,,,,,,,,,,,4389,0.06247717887163162
,,,2,,,,,,,,,,,,,,,,,,,,,,,,,,,,,4399,0.05992799997329712
,,,2,,,,,,,,,,,,,,,,,,,,,,,,,,,,,4409,0.02268880233168602
,,,2,,,,,,,,,,,,,,,,,,,,,,,,,,,,,4419,2.0155370235443115
,,,2,,,,,,,,,,,,,,,,,,,,,,,,,,,,,4429,0.365945428609848
,,,2,,,,,,,,,,,,,,,,,,,,,,,,,,,,,4439,0.009327961131930351
,,,2,,,,,,,,,,,,,,,,,,,,,,,,,,,,,4449,0.15551264584064484
,,,2,,,,,,,,,,,,,,,,,,,,,,,,,,,,,4459,0.4413619935512543
,,,2,,,,,,,,,,,,,,,,,,,,,,,,,,,,,4469,0.025134369730949402
,,,2,,,,,,,,,,,,,,,,,,,,,,,,,,,,,4479,0.06479809433221817
,,,2,,,,,,,,,,,,,,,,,,,,,,,,,,,,,4489,0.02903539314866066
,,,2,,,,,,,,,,,,,,,,,,,,,,,,,,,,,4499,0.10364343225955963
,,,2,,,,,,,,,,,,,,,,,,,,,,,,,,,,,4509,0.2693004608154297
,,,2,,,,,,,,,,,,,,,,,,,,,,,,,,,,,4519,0.12318634986877441
,,,2,,,,,,,,,,,,,,,,,,,,,,,,,,,,,4529,0.053371183574199677
,,,2,,,,,,,,,,,,,,,,,,,,,,,,,,,,,4539,1.1516938209533691
,,,2,,,,,,,,,,,,,,,,,,,,,,,,,,,,,4549,0.20806655287742615
,,,2,,,,,,,,,,,,,,,,,,,,,,,,,,,,,4559,0.04582441225647926
,,,2,,,,,,,,,,,,,,,,,,,,,,,,,,,,,4569,0.19483450055122375
,,,2,,,,,,,,,,,,,,,,,,,,,,,,,,,,,4579,0.3660688102245331
,,,2,,,,,,,,,,,,,,,,,,,,,,,,,,,,,4589,0.07310323417186737
,,,2,,,,,,,,,,,,,,,,,,,,,,,,,,,,,4599,0.012035512365400791
,,,2,,,,,,,,,,,,,,,,,,,,,,,,,,,,,4609,0.06464231014251709
,,,2,,,,,,,,,,,,,,,,,,,,,,,,,,,,,4619,0.0560997910797596
,,,2,,,,,,,,,,,,,,,,,,,,,,,,,,,,,4629,0.024335404857993126
,,,2,,,,,,,,,,,,,,,,,,,,,,,,,,,,,4639,0.03773333877325058
,,,2,,,,,,,,,,,,,,,,,,,,,,,,,,,,,4649,0.25586462020874023
,,,2,,,,,,,,,,,,,,,,,,,,,,,,,,,,,4659,0.01644427515566349
,,,2,,,,,,,,,,,,,,,,,,,,,,,,,,,,,4669,0.5149055123329163
,,,2,,,,,,,,,,,,,,,,,,,,,,,,,,,,,4679,0.16866233944892883
,,,2,,,,,,,,,,,,,,,,,,,,,,,,,,,,,4689,0.5017831921577454
,,,2,,,,,,,,,,,,,,,,,,,,,,,,,,,,,4699,0.12891307473182678
,,,2,,,,,,,,,,,,,,,,,,,,,,,,,,,,,4709,0.9460874795913696
,,,2,,,,,,,,,,,,,,,,,,,,,,,,,,,,,4719,0.13517218828201294
,,,2,,,,,,,,,,,,,,,,,,,,,,,,,,,,,4729,0.2853933572769165
,,,2,,,,,,,,,,,,,,,,,,,,,,,,,,,,,4739,0.044530246406793594
,,,2,,,,,,,,,,,,,,,,,,,,,,,,,,,,,4749,0.19195082783699036
,,,2,,,,,,,,,,,,,,,,,,,,,,,,,,,,,4759,0.2056320756673813
,,,2,,,,,,,,,,,,,,,,,,,,,,,,,,,,,4769,0.03836173564195633
,,,2,,,,,,,,,,,,,,,,,,,,,,,,,,,,,4779,0.0921398475766182
,,,2,,,,,,,,,,,,,,,,,,,,,,,,,,,,,4789,0.016569623723626137
,,,2,,,,,,,,,,,,,,,,,,,,,,,,,,,,,4799,0.06581946462392807
,,,2,,,,,,,,,,,,,,,,,,,,,,,,,,,,,4809,0.28163033723831177
,,,2,,,,,,,,,,,,,,,,,,,,,,,,,,,,,4819,0.1126808151602745
,,,2,,,,,,,,,,,,,,,,,,,,,,,,,,,,,4829,0.11298409104347229
,,,2,,,,,,,,,,,,,,,,,,,,,,,,,,,,,4839,0.41922932863235474
,,,2,,,,,,,,,,,,,,,,,,,,,,,,,,,,,4849,0.022495882585644722
,,,2,,,,,,,,,,,,,,,,,,,,,,,,,,,,,4859,0.020114200189709663
,,,2,,,,,,,,,,,,,,,,,,,,,,,,,,,,,4869,0.013344313018023968
,,,2,,,,,,,,,,,,,,,,,,,,,,,,,,,,,4879,0.11913370341062546
,,,2,,,,,,,,,,,,,,,,,,,,,,,,,,,,,4889,0.14042983949184418
,,,2,,,,,,,,,,,,,,,,,,,,,,,,,,,,,4899,0.013163365423679352
,,,2,,,,,,,,,,,,,,,,,,,,,,,,,,,,,4909,0.05808797851204872
,,,2,,,,,,,,,,,,,,,,,,,,,,,,,,,,,4919,0.102105051279068
,,,2,,,,,,,,,,,,,,,,,,,,,,,,,,,,,4929,0.10480834543704987
,,,2,,,,,,,,,,,,,,,,,,,,,,,,,,,,,4939,0.07906658202409744
,,,2,,,,,,,,,,,,,,,,,,,,,,,,,,,,,4949,0.1300182342529297
,,,2,,,,,,,,,,,,,,,,,,,,,,,,,,,,,4959,0.0861724317073822
,,,2,,,,,,,,,,,,,,,,,,,,,,,,,,,,,4969,0.4490179419517517
,,,2,,,,,,,,,,,,,,,,,,,,,,,,,,,,,4979,0.09318744391202927
,,,,4.550407250484573e-07,2.5491585031250013e-06,3.9217823125000015e-06,3.9217823125000015e-06,6.0335112500000015e-06,6.0335112500000015e-06,9.282325000000003e-06,9.282325000000003e-06,1.4280500000000003e-05,1.4280500000000003e-05,2.1970000000000005e-05,4.550407250484573e-07,2.1970000000000005e-05,3.38e-05,3.38e-05,5.200000000000001e-05,5.200000000000001e-05,8e-05,8e-05,8e-05,8e-05,7.000626539207035e-07,7.000626539207035e-07,1.077019467570313e-06,1.077019467570313e-06,1.6569530270312508e-06,1.6569530270312508e-06,2.5491585031250013e-06,4986,
,,,3,,,,,,,,,,,,,,,,,,,,,,,,,,,,,4989,0.40029826760292053
,,,3,,,,,,,,,,,,,,,,,,,,,,,,,,,,,4999,0.2650793492794037
,,,3,,,,,,,,,,,,,,,,,,,,,,,,,,,,,5009,0.60027676820755
,,,3,,,,,,,,,,,,,,,,,,,,,,,,,,,,,5019,0.007386825513094664
,,,3,,,,,,,,,,,,,,,,,,,,,,,,,,,,,5029,0.0033686435781419277
,,,3,,,,,,,,,,,,,,,,,,,,,,,,,,,,,5039,0.00981023721396923
,,,3,,,,,,,,,,,,,,,,,,,,,,,,,,,,,5049,0.20263688266277313
,,,3,,,,,,,,,,,,,,,,,,,,,,,,,,,,,5059,0.05508189648389816
,,,3,,,,,,,,,,,,,,,,,,,,,,,,,,,,,5069,0.0752524808049202
,,,3,,,,,,,,,,,,,,,,,,,,,,,,,,,,,5079,0.13822978734970093
,,,3,,,,,,,,,,,,,,,,,,,,,,,,,,,,,5089,0.025199443101882935
,,,3,,,,,,,,,,,,,,,,,,,,,,,,,,,,,5099,0.8594639301300049
,,,3,,,,,,,,,,,,,,,,,,,,,,,,,,,,,5109,0.021020183339715004
,,,3,,,,,,,,,,,,,,,,,,,,,,,,,,,,,5119,0.1502372771501541
,,,3,,,,,,,,,,,,,,,,,,,,,,,,,,,,,5129,0.11587577313184738
,,,3,,,,,,,,,,,,,,,,,,,,,,,,,,,,,5139,0.11596241593360901
,,,3,,,,,,,,,,,,,,,,,,,,,,,,,,,,,5149,0.08169418573379517
,,,3,,,,,,,,,,,,,,,,,,,,,,,,,,,,,5159,0.2721877694129944
,,,3,,,,,,,,,,,,,,,,,,,,,,,,,,,,,5169,0.13395032286643982
,,,3,,,,,,,,,,,,,,,,,,,,,,,,,,,,,5179,0.07460302859544754
,,,3,,,,,,,,,,,,,,,,,,,,,,,,,,,,,5189,0.8921387791633606
,,,3,,,,,,,,,,,,,,,,,,,,,,,,,,,,,5199,0.1217329129576683
,,,3,,,,,,,,,,,,,,,,,,,,,,,,,,,,,5209,0.17091014981269836
,,,3,,,,,,,,,,,,,,,,,,,,,,,,,,,,,5219,0.5046241879463196
,,,3,,,,,,,,,,,,,,,,,,,,,,,,,,,,,5229,0.929023265838623
,,,3,,,,,,,,,,,,,,,,,,,,,,,,,,,,,5239,0.11642765998840332
,,,3,,,,,,,,,,,,,,,,,,,,,,,,,,,,,5249,0.31257081031799316
,,,3,,,,,,,,,,,,,,,,,,,,,,,,,,,,,5259,0.015410812571644783
,,,3,,,,,,,,,,,,,,,,,,,,,,,,,,,,,5269,0.07399746030569077
,,,3,,,,,,,,,,,,,,,,,,,,,,,,,,,,,5279,0.09861090779304504
,,,3,,,,,,,,,,,,,,,,,,,,,,,,,,,,,5289,0.42116835713386536
,,,3,,,,,,,,,,,,,,,,,,,,,,,,,,,,,5299,0.022584162652492523
,,,3,,,,,,,,,,,,,,,,,,,,,,,,,,,,,5309,0.26564210653305054
,,,3,,,,,,,,,,,,,,,,,,,,,,,,,,,,,5319,0.6837592720985413
,,,3,,,,,,,,,,,,,,,,,,,,,,,,,,,,,5329,0.34218186140060425
,,,3,,,,,,,,,,,,,,,,,,,,,,,,,,,,,5339,0.10354035347700119
,,,3,,,,,,,,,,,,,,,,,,,,,,,,,,,,,5349,0.04795495420694351
,,,3,,,,,,,,,,,,,,,,,,,,,,,,,,,,,5359,0.289968878030777
,,,3,,,,,,,,,,,,,,,,,,,,,,,,,,,,,5369,0.5412803888320923
,,,3,,,,,,,,,,,,,,,,,,,,,,,,,,,,,5379,1.3953630924224854
,,,3,,,,,,,,,,,,,,,,,,,,,,,,,,,,,5389,0.2978692650794983
,,,3,,,,,,,,,,,,,,,,,,,,,,,,,,,,,5399,0.013761729933321476
,,,3,,,,,,,,,,,,,,,,,,,,,,,,,,,,,5409,0.013978398405015469
,,,3,,,,,,,,,,,,,,,,,,,,,,,,,,,,,5419,0.09885572642087936
,,,3,,,,,,,,,,,,,,,,,,,,,,,,,,,,,5429,0.04062464088201523
,,,3,,,,,,,,,,,,,,,,,,,,,,,,,,,,,5439,0.04460206627845764
,,,3,,,,,,,,,,,,,,,,,,,,,,,,,,,,,5449,0.4204302132129669
,,,3,,,,,,,,,,,,,,,,,,,,,,,,,,,,,5459,0.13837496936321259
,,,3,,,,,,,,,,,,,,,,,,,,,,,,,,,,,5469,0.14414635300636292
,,,3,,,,,,,,,,,,,,,,,,,,,,,,,,,,,5479,0.21126745641231537
,,,3,,,,,,,,,,,,,,,,,,,,,,,,,,,,,5489,0.41263070702552795
,,,3,,,,,,,,,,,,,,,,,,,,,,,,,,,,,5499,0.377032607793808
,,,3,,,,,,,,,,,,,,,,,,,,,,,,,,,,,5509,0.012254126369953156
,,,3,,,,,,,,,,,,,,,,,,,,,,,,,,,,,5519,0.3133579194545746
,,,3,,,,,,,,,,,,,,,,,,,,,,,,,,,,,5529,0.4464973509311676
,,,3,,,,,,,,,,,,,,,,,,,,,,,,,,,,,5539,0.040013957768678665
,,,3,,,,,,,,,,,,,,,,,,,,,,,,,,,,,5549,1.0862289667129517
,,,3,,,,,,,,,,,,,,,,,,,,,,,,,,,,,5559,0.10791013389825821
,,,3,,,,,,,,,,,,,,,,,,,,,,,,,,,,,5569,0.18775305151939392
,,,3,,,,,,,,,,,,,,,,,,,,,,,,,,,,,5579,0.1498396396636963
,,,3,,,,,,,,,,,,,,,,,,,,,,,,,,,,,5589,0.04144671931862831
,,,3,,,,,,,,,,,,,,,,,,,,,,,,,,,,,5599,0.16472645103931427
,,,3,,,,,,,,,,,,,,,,,,,,,,,,,,,,,5609,0.13305409252643585
,,,3,,,,,,,,,,,,,,,,,,,,,,,,,,,,,5619,0.13853877782821655
,,,3,,,,,,,,,,,,,,,,,,,,,,,,,,,,,5629,0.18875372409820557
,,,3,,,,,,,,,,,,,,,,,,,,,,,,,,,,,5639,0.005704060196876526
,,,3,,,,,,,,,,,,,,,,,,,,,,,,,,,,,5649,0.05724896863102913
,,,3,,,,,,,,,,,,,,,,,,,,,,,,,,,,,5659,0.07167200744152069
,,,3,,,,,,,,,,,,,,,,,,,,,,,,,,,,,5669,0.029544945806264877
,,,3,,,,,,,,,,,,,,,,,,,,,,,,,,,,,5679,0.006217542570084333
,,,3,,,,,,,,,,,,,,,,,,,,,,,,,,,,,5689,0.23834098875522614
,,,3,,,,,,,,,,,,,,,,,,,,,,,,,,,,,5699,0.16474677622318268
,,,3,,,,,,,,,,,,,,,,,,,,,,,,,,,,,5709,0.7522739768028259
,,,3,,,,,,,,,,,,,,,,,,,,,,,,,,,,,5719,1.3495731353759766
,,,3,,,,,,,,,,,,,,,,,,,,,,,,,,,,,5729,0.22852206230163574
,,,3,,,,,,,,,,,,,,,,,,,,,,,,,,,,,5739,0.5876438617706299
,,,3,,,,,,,,,,,,,,,,,,,,,,,,,,,,,5749,0.015448563732206821
,,,3,,,,,,,,,,,,,,,,,,,,,,,,,,,,,5759,0.9523428678512573
,,,3,,,,,,,,,,,,,,,,,,,,,,,,,,,,,5769,0.7881574034690857
,,,3,,,,,,,,,,,,,,,,,,,,,,,,,,,,,5779,0.12176751345396042
,,,3,,,,,,,,,,,,,,,,,,,,,,,,,,,,,5789,0.0481489896774292
,,,3,,,,,,,,,,,,,,,,,,,,,,,,,,,,,5799,0.1692839413881302
,,,3,,,,,,,,,,,,,,,,,,,,,,,,,,,,,5809,0.004211250692605972
,,,3,,,,,,,,,,,,,,,,,,,,,,,,,,,,,5819,0.7601978778839111
,,,3,,,,,,,,,,,,,,,,,,,,,,,,,,,,,5829,0.013985052704811096
,,,3,,,,,,,,,,,,,,,,,,,,,,,,,,,,,5839,0.05157838389277458
,,,3,,,,,,,,,,,,,,,,,,,,,,,,,,,,,5849,0.031449370086193085
,,,3,,,,,,,,,,,,,,,,,,,,,,,,,,,,,5859,0.006976612377911806
,,,3,,,,,,,,,,,,,,,,,,,,,,,,,,,,,5869,0.1839275062084198
,,,3,,,,,,,,,,,,,,,,,,,,,,,,,,,,,5879,0.33866074681282043
,,,3,,,,,,,,,,,,,,,,,,,,,,,,,,,,,5889,0.08420956134796143
,,,3,,,,,,,,,,,,,,,,,,,,,,,,,,,,,5899,0.16818435490131378
,,,3,,,,,,,,,,,,,,,,,,,,,,,,,,,,,5909,0.024026792496442795
,,,3,,,,,,,,,,,,,,,,,,,,,,,,,,,,,5919,0.5864802598953247
,,,3,,,,,,,,,,,,,,,,,,,,,,,,,,,,,5929,0.037767570465803146
,,,3,,,,,,,,,,,,,,,,,,,,,,,,,,,,,5939,0.18102188408374786
,,,3,,,,,,,,,,,,,,,,,,,,,,,,,,,,,5949,0.02721356973052025
,,,3,,,,,,,,,,,,,,,,,,,,,,,,,,,,,5959,0.5363911390304565
,,,3,,,,,,,,,,,,,,,,,,,,,,,,,,,,,5969,0.009187723509967327
,,,3,,,,,,,,,,,,,,,,,,,,,,,,,,,,,5979,0.053018249571323395
,,,3,,,,,,,,,,,,,,,,,,,,,,,,,,,,,5989,0.08098919689655304
,,,3,,,,,,,,,,,,,,,,,,,,,,,,,,,,,5999,0.16230328381061554
,,,3,,,,,,,,,,,,,,,,,,,,,,,,,,,,,6009,0.04910345748066902
,,,3,,,,,,,,,,,,,,,,,,,,,,,,,,,,,6019,0.36578169465065
,,,3,,,,,,,,,,,,,,,,,,,,,,,,,,,,,6029,0.2078309953212738
,,,3,,,,,,,,,,,,,,,,,,,,,,,,,,,,,6039,0.02044490911066532
,,,3,,,,,,,,,,,,,,,,,,,,,,,,,,,,,6049,1.7642625570297241
,,,3,,,,,,,,,,,,,,,,,,,,,,,,,,,,,6059,0.02248203009366989
,,,3,,,,,,,,,,,,,,,,,,,,,,,,,,,,,6069,0.22862417995929718
,,,3,,,,,,,,,,,,,,,,,,,,,,,,,,,,,6079,0.3183799386024475
,,,3,,,,,,,,,,,,,,,,,,,,,,,,,,,,,6089,0.11120619624853134
,,,3,,,,,,,,,,,,,,,,,,,,,,,,,,,,,6099,0.31420600414276123
,,,3,,,,,,,,,,,,,,,,,,,,,,,,,,,,,6109,0.5535315871238708
,,,3,,,,,,,,,,,,,,,,,,,,,,,,,,,,,6119,0.3611348569393158
,,,3,,,,,,,,,,,,,,,,,,,,,,,,,,,,,6129,0.042236149311065674
,,,3,,,,,,,,,,,,,,,,,,,,,,,,,,,,,6139,0.10606882721185684
,,,3,,,,,,,,,,,,,,,,,,,,,,,,,,,,,6149,0.05783158168196678
,,,3,,,,,,,,,,,,,,,,,,,,,,,,,,,,,6159,0.04899100586771965
,,,3,,,,,,,,,,,,,,,,,,,,,,,,,,,,,6169,0.23834075033664703
,,,3,,,,,,,,,,,,,,,,,,,,,,,,,,,,,6179,0.024046586826443672
,,,3,,,,,,,,,,,,,,,,,,,,,,,,,,,,,6189,0.40019264817237854
,,,3,,,,,,,,,,,,,,,,,,,,,,,,,,,,,6199,0.149497851729393
,,,3,,,,,,,,,,,,,,,,,,,,,,,,,,,,,6209,0.4122438132762909
,,,3,,,,,,,,,,,,,,,,,,,,,,,,,,,,,6219,0.21010874211788177
,,,3,,,,,,,,,,,,,,,,,,,,,,,,,,,,,6229,0.9830082654953003
,,,3,,,,,,,,,,,,,,,,,,,,,,,,,,,,,6239,0.37026500701904297
,,,3,,,,,,,,,,,,,,,,,,,,,,,,,,,,,6249,0.22613494098186493
,,,3,,,,,,,,,,,,,,,,,,,,,,,,,,,,,6259,0.06401146203279495
,,,3,,,,,,,,,,,,,,,,,,,,,,,,,,,,,6269,0.0037923678755760193
,,,3,,,,,,,,,,,,,,,,,,,,,,,,,,,,,6279,0.09040617942810059
,,,3,,,,,,,,,,,,,,,,,,,,,,,,,,,,,6289,0.06255362182855606
,,,3,,,,,,,,,,,,,,,,,,,,,,,,,,,,,6299,0.39906367659568787
,,,3,,,,,,,,,,,,,,,,,,,,,,,,,,,,,6309,0.009102345444262028
,,,3,,,,,,,,,,,,,,,,,,,,,,,,,,,,,6319,1.1192859411239624
,,,3,,,,,,,,,,,,,,,,,,,,,,,,,,,,,6329,0.8480873703956604
,,,3,,,,,,,,,,,,,,,,,,,,,,,,,,,,,6339,0.06930465996265411
,,,3,,,,,,,,,,,,,,,,,,,,,,,,,,,,,6349,0.09079960733652115
,,,3,,,,,,,,,,,,,,,,,,,,,,,,,,,,,6359,0.10190532356500626
,,,3,,,,,,,,,,,,,,,,,,,,,,,,,,,,,6369,0.02494698390364647
,,,3,,,,,,,,,,,,,,,,,,,,,,,,,,,,,6379,0.21322929859161377
,,,3,,,,,,,,,,,,,,,,,,,,,,,,,,,,,6389,0.016651149839162827
,,,3,,,,,,,,,,,,,,,,,,,,,,,,,,,,,6399,0.28092485666275024
,,,3,,,,,,,,,,,,,,,,,,,,,,,,,,,,,6409,0.04874645546078682
,,,3,,,,,,,,,,,,,,,,,,,,,,,,,,,,,6419,0.0028928096871823072
,,,3,,,,,,,,,,,,,,,,,,,,,,,,,,,,,6429,0.005621108692139387
,,,3,,,,,,,,,,,,,,,,,,,,,,,,,,,,,6439,0.038926057517528534
,,,3,,,,,,,,,,,,,,,,,,,,,,,,,,,,,6449,0.12501369416713715
,,,3,,,,,,,,,,,,,,,,,,,,,,,,,,,,,6459,0.027174489572644234
,,,3,,,,,,,,,,,,,,,,,,,,,,,,,,,,,6469,0.2761496603488922
,,,3,,,,,,,,,,,,,,,,,,,,,,,,,,,,,6479,0.16290321946144104
,,,3,,,,,,,,,,,,,,,,,,,,,,,,,,,,,6489,0.4415174126625061
,,,3,,,,,,,,,,,,,,,,,,,,,,,,,,,,,6499,0.0332459919154644
,,,3,,,,,,,,,,,,,,,,,,,,,,,,,,,,,6509,0.031380195170640945
,,,3,,,,,,,,,,,,,,,,,,,,,,,,,,,,,6519,0.45236819982528687
,,,3,,,,,,,,,,,,,,,,,,,,,,,,,,,,,6529,0.3825063407421112
,,,3,,,,,,,,,,,,,,,,,,,,,,,,,,,,,6539,0.004527898505330086
,,,3,,,,,,,,,,,,,,,,,,,,,,,,,,,,,6549,0.025814758613705635
,,,3,,,,,,,,,,,,,,,,,,,,,,,,,,,,,6559,1.0222349166870117
,,,3,,,,,,,,,,,,,,,,,,,,,,,,,,,,,6569,0.007946856319904327
,,,3,,,,,,,,,,,,,,,,,,,,,,,,,,,,,6579,0.027622973546385765
,,,3,,,,,,,,,,,,,,,,,,,,,,,,,,,,,6589,0.004683936480432749
,,,3,,,,,,,,,,,,,,,,,,,,,,,,,,,,,6599,0.10777778923511505
,,,3,,,,,,,,,,,,,,,,,,,,,,,,,,,,,6609,0.10902287065982819
,,,3,,,,,,,,,,,,,,,,,,,,,,,,,,,,,6619,0.49599865078926086
,,,3,,,,,,,,,,,,,,,,,,,,,,,,,,,,,6629,0.07243527472019196
,,,3,,,,,,,,,,,,,,,,,,,,,,,,,,,,,6639,0.6973667740821838
,,,,5.688009063105716e-07,3.1864481289062513e-06,4.9022278906250015e-06,4.9022278906250015e-06,7.541889062500002e-06,7.541889062500002e-06,1.1602906250000002e-05,1.1602906250000002e-05,1.7850625000000003e-05,1.7850625000000003e-05,2.7462500000000003e-05,5.688009063105716e-07,2.7462500000000003e-05,4.2250000000000004e-05,4.2250000000000004e-05,6.500000000000001e-05,6.500000000000001e-05,0.0001,0.0001,0.0001,0.0001,8.750783174008792e-07,8.750783174008792e-07,1.3462743344628912e-06,1.3462743344628912e-06,2.0711912837890633e-06,2.0711912837890633e-06,3.1864481289062513e-06,6648,
,,,4,,,,,,,,,,,,,,,,,,,,,,,,,,,,,6649,0.02070293389260769
,,,4,,,,,,,,,,,,,,,,,,,,,,,,,,,,,6659,0.019875621423125267
,,,4,,,,,,,,,,,,,,,,,,,,,,,,,,,,,6669,0.11935557425022125
,,,4,,,,,,,,,,,,,,,,,,,,,,,,,,,,,6679,0.008554074913263321
,,,4,,,,,,,,,,,,,,,,,,,,,,,,,,,,,6689,0.19883595407009125
,,,4,,,,,,,,,,,,,,,,,,,,,,,,,,,,,6699,0.3205585777759552
,,,4,,,,,,,,,,,,,,,,,,,,,,,,,,,,,6709,0.1488567292690277
,,,4,,,,,,,,,,,,,,,,,,,,,,,,,,,,,6719,0.050798334181308746
,,,4,,,,,,,,,,,,,,,,,,,,,,,,,,,,,6729,0.026459865272045135
,,,4,,,,,,,,,,,,,,,,,,,,,,,,,,,,,6739,0.11313937604427338
,,,4,,,,,,,,,,,,,,,,,,,,,,,,,,,,,6749,0.046787213534116745
,,,4,,,,,,,,,,,,,,,,,,,,,,,,,,,,,6759,0.017847180366516113
,,,4,,,,,,,,,,,,,,,,,,,,,,,,,,,,,6769,0.05845069885253906
,,,4,,,,,,,,,,,,,,,,,,,,,,,,,,,,,6779,0.146784707903862
,,,4,,,,,,,,,,,,,,,,,,,,,,,,,,,,,6789,0.2555153965950012
,,,4,,,,,,,,,,,,,,,,,,,,,,,,,,,,,6799,0.4143146276473999
,,,4,,,,,,,,,,,,,,,,,,,,,,,,,,,,,6809,0.17074084281921387
,,,4,,,,,,,,,,,,,,,,,,,,,,,,,,,,,6819,0.022472094744443893
,,,4,,,,,,,,,,,,,,,,,,,,,,,,,,,,,6829,1.0593879222869873
,,,4,,,,,,,,,,,,,,,,,,,,,,,,,,,,,6839,0.04141296446323395
,,,4,,,,,,,,,,,,,,,,,,,,,,,,,,,,,6849,0.005038784816861153
,,,4,,,,,,,,,,,,,,,,,,,,,,,,,,,,,6859,0.29454588890075684
,,,4,,,,,,,,,,,,,,,,,,,,,,,,,,,,,6869,0.30723947286605835
,,,4,,,,,,,,,,,,,,,,,,,,,,,,,,,,,6879,0.027492541819810867
,,,4,,,,,,,,,,,,,,,,,,,,,,,,,,,,,6889,0.008567052893340588
,,,4,,,,,,,,,,,,,,,,,,,,,,,,,,,,,6899,0.44156816601753235
,,,4,,,,,,,,,,,,,,,,,,,,,,,,,,,,,6909,0.012857470661401749
,,,4,,,,,,,,,,,,,,,,,,,,,,,,,,,,,6919,0.04479529336094856
,,,4,,,,,,,,,,,,,,,,,,,,,,,,,,,,,6929,0.21767964959144592
,,,4,,,,,,,,,,,,,,,,,,,,,,,,,,,,,6939,0.3721862733364105
,,,4,,,,,,,,,,,,,,,,,,,,,,,,,,,,,6949,0.5876451134681702
,,,4,,,,,,,,,,,,,,,,,,,,,,,,,,,,,6959,0.017804745584726334
,,,4,,,,,,,,,,,,,,,,,,,,,,,,,,,,,6969,0.36695173382759094
,,,4,,,,,,,,,,,,,,,,,,,,,,,,,,,,,6979,0.29498428106307983
,,,4,,,,,,,,,,,,,,,,,,,,,,,,,,,,,6989,0.009288088418543339
,,,4,,,,,,,,,,,,,,,,,,,,,,,,,,,,,6999,0.032508864998817444
,,,4,,,,,,,,,,,,,,,,,,,,,,,,,,,,,7009,0.08984242379665375
,,,4,,,,,,,,,,,,,,,,,,,,,,,,,,,,,7019,0.1042836606502533
,,,4,,,,,,,,,,,,,,,,,,,,,,,,,,,,,7029,0.8187732696533203
,,,4,,,,,,,,,,,,,,,,,,,,,,,,,,,,,7039,0.034973952919244766
,,,4,,,,,,,,,,,,,,,,,,,,,,,,,,,,,7049,0.08965228497982025
,,,4,,,,,,,,,,,,,,,,,,,,,,,,,,,,,7059,0.5263235569000244
,,,4,,,,,,,,,,,,,,,,,,,,,,,,,,,,,7069,0.6259695887565613
,,,4,,,,,,,,,,,,,,,,,,,,,,,,,,,,,7079,0.03879924491047859
,,,4,,,,,,,,,,,,,,,,,,,,,,,,,,,,,7089,0.010004943236708641
,,,4,,,,,,,,,,,,,,,,,,,,,,,,,,,,,7099,0.008326972834765911
,,,4,,,,,,,,,,,,,,,,,,,,,,,,,,,,,7109,0.015279299579560757
,,,4,,,,,,,,,,,,,,,,,,,,,,,,,,,,,7119,0.43623077869415283
,,,4,,,,,,,,,,,,,,,,,,,,,,,,,,,,,7129,0.07684178650379181
,,,4,,,,,,,,,,,,,,,,,,,,,,,,,,,,,7139,0.07800623029470444
,,,4,,,,,,,,,,,,,,,,,,,,,,,,,,,,,7149,0.3501381576061249
,,,4,,,,,,,,,,,,,,,,,,,,,,,,,,,,,7159,0.46720966696739197
,,,4,,,,,,,,,,,,,,,,,,,,,,,,,,,,,7169,0.009329074062407017
,,,4,,,,,,,,,,,,,,,,,,,,,,,,,,,,,7179,0.013381492346525192
,,,4,,,,,,,,,,,,,,,,,,,,,,,,,,,,,7189,0.180829718708992
,,,4,,,,,,,,,,,,,,,,,,,,,,,,,,,,,7199,0.1846628487110138
,,,4,,,,,,,,,,,,,,,,,,,,,,,,,,,,,7209,0.7084081768989563
,,,4,,,,,,,,,,,,,,,,,,,,,,,,,,,,,7219,0.5567392706871033
,,,4,,,,,,,,,,,,,,,,,,,,,,,,,,,,,7229,0.0382157601416111
,,,4,,,,,,,,,,,,,,,,,,,,,,,,,,,,,7239,0.09530961513519287
,,,4,,,,,,,,,,,,,,,,,,,,,,,,,,,,,7249,0.030329369008541107
,,,4,,,,,,,,,,,,,,,,,,,,,,,,,,,,,7259,0.11857231706380844
,,,4,,,,,,,,,,,,,,,,,,,,,,,,,,,,,7269,0.26354655623435974
,,,4,,,,,,,,,,,,,,,,,,,,,,,,,,,,,7279,0.03607010841369629
,,,4,,,,,,,,,,,,,,,,,,,,,,,,,,,,,7289,0.2891165018081665
,,,4,,,,,,,,,,,,,,,,,,,,,,,,,,,,,7299,0.00846490915864706
,,,4,,,,,,,,,,,,,,,,,,,,,,,,,,,,,7309,0.0109856640920043
,,,4,,,,,,,,,,,,,,,,,,,,,,,,,,,,,7319,0.1071501225233078
,,,4,,,,,,,,,,,,,,,,,,,,,,,,,,,,,7329,0.14859403669834137
,,,4,,,,,,,,,,,,,,,,,,,,,,,,,,,,,7339,0.005174486432224512
,,,4,,,,,,,,,,,,,,,,,,,,,,,,,,,,,7349,0.2412176877260208
,,,4,,,,,,,,,,,,,,,,,,,,,,,,,,,,,7359,0.1333523839712143
,,,4,,,,,,,,,,,,,,,,,,,,,,,,,,,,,7369,0.2862524390220642
,,,4,,,,,,,,,,,,,,,,,,,,,,,,,,,,,7379,0.08045361936092377
,,,4,,,,,,,,,,,,,,,,,,,,,,,,,,,,,7389,0.006531748920679092
,,,4,,,,,,,,,,,,,,,,,,,,,,,,,,,,,7399,0.40707287192344666
,,,4,,,,,,,,,,,,,,,,,,,,,,,,,,,,,7409,0.1812233179807663
,,,4,,,,,,,,,,,,,,,,,,,,,,,,,,,,,7419,0.12369648367166519
,,,4,,,,,,,,,,,,,,,,,,,,,,,,,,,,,7429,0.019652165472507477
,,,4,,,,,,,,,,,,,,,,,,,,,,,,,,,,,7439,0.007558848243206739
,,,4,,,,,,,,,,,,,,,,,,,,,,,,,,,,,7449,0.03298921883106232
,,,4,,,,,,,,,,,,,,,,,,,,,,,,,,,,,7459,0.16491031646728516
,,,4,,,,,,,,,,,,,,,,,,,,,,,,,,,,,7469,0.11938416957855225
,,,4,,,,,,,,,,,,,,,,,,,,,,,,,,,,,7479,0.37220364809036255
,,,4,,,,,,,,,,,,,,,,,,,,,,,,,,,,,7489,0.10923384130001068
,,,4,,,,,,,,,,,,,,,,,,,,,,,,,,,,,7499,0.019679835066199303
,,,4,,,,,,,,,,,,,,,,,,,,,,,,,,,,,7509,0.41478416323661804
,,,4,,,,,,,,,,,,,,,,,,,,,,,,,,,,,7519,0.5149607062339783
,,,4,,,,,,,,,,,,,,,,,,,,,,,,,,,,,7529,0.007862512022256851
,,,4,,,,,,,,,,,,,,,,,,,,,,,,,,,,,7539,0.07640804350376129
,,,4,,,,,,,,,,,,,,,,,,,,,,,,,,,,,7549,0.11339730769395828
,,,4,,,,,,,,,,,,,,,,,,,,,,,,,,,,,7559,0.007259304169565439
,,,4,,,,,,,,,,,,,,,,,,,,,,,,,,,,,7569,0.2526611387729645
,,,4,,,,,,,,,,,,,,,,,,,,,,,,,,,,,7579,0.00967223010957241
,,,4,,,,,,,,,,,,,,,,,,,,,,,,,,,,,7589,0.0061051626689732075
,,,4,,,,,,,,,,,,,,,,,,,,,,,,,,,,,7599,0.4103345274925232
,,,4,,,,,,,,,,,,,,,,,,,,,,,,,,,,,7609,0.07210191339254379
,,,4,,,,,,,,,,,,,,,,,,,,,,,,,,,,,7619,0.6396356225013733
,,,4,,,,,,,,,,,,,,,,,,,,,,,,,,,,,7629,0.005253777839243412
,,,4,,,,,,,,,,,,,,,,,,,,,,,,,,,,,7639,0.1030331701040268
,,,4,,,,,,,,,,,,,,,,,,,,,,,,,,,,,7649,0.04316304624080658
,,,4,,,,,,,,,,,,,,,,,,,,,,,,,,,,,7659,0.09394559264183044
,,,4,,,,,,,,,,,,,,,,,,,,,,,,,,,,,7669,0.26412492990493774
,,,4,,,,,,,,,,,,,,,,,,,,,,,,,,,,,7679,0.03944972902536392
,,,4,,,,,,,,,,,,,,,,,,,,,,,,,,,,,7689,0.053784482181072235
,,,4,,,,,,,,,,,,,,,,,,,,,,,,,,,,,7699,0.38674497604370117
,,,4,,,,,,,,,,,,,,,,,,,,,,,,,,,,,7709,0.7682992219924927
,,,4,,,,,,,,,,,,,,,,,,,,,,,,,,,,,7719,0.0792120173573494
,,,4,,,,,,,,,,,,,,,,,,,,,,,,,,,,,7729,0.2464911788702011
,,,4,,,,,,,,,,,,,,,,,,,,,,,,,,,,,7739,0.03095478191971779
,,,4,,,,,,,,,,,,,,,,,,,,,,,,,,,,,7749,0.7564710974693298
,,,4,,,,,,,,,,,,,,,,,,,,,,,,,,,,,7759,0.004580670967698097
,,,4,,,,,,,,,,,,,,,,,,,,,,,,,,,,,7769,0.7414146661758423
,,,4,,,,,,,,,,,,,,,,,,,,,,,,,,,,,7779,0.9781073927879333
,,,4,,,,,,,,,,,,,,,,,,,,,,,,,,,,,7789,0.29648929834365845
,,,4,,,,,,,,,,,,,,,,,,,,,,,,,,,,,7799,0.039254747331142426
,,,4,,,,,,,,,,,,,,,,,,,,,,,,,,,,,7809,0.07778526842594147
,,,4,,,,,,,,,,,,,,,,,,,,,,,,,,,,,7819,0.14663028717041016
,,,4,,,,,,,,,,,,,,,,,,,,,,,,,,,,,7829,0.032230280339717865
,,,4,,,,,,,,,,,,,,,,,,,,,,,,,,,,,7839,0.10535677522420883
,,,4,,,,,,,,,,,,,,,,,,,,,,,,,,,,,7849,0.34612563252449036
,,,4,,,,,,,,,,,,,,,,,,,,,,,,,,,,,7859,0.028712961822748184
,,,4,,,,,,,,,,,,,,,,,,,,,,,,,,,,,7869,0.02990967407822609
,,,4,,,,,,,,,,,,,,,,,,,,,,,,,,,,,7879,0.3869100511074066
,,,4,,,,,,,,,,,,,,,,,,,,,,,,,,,,,7889,0.0723351389169693
,,,4,,,,,,,,,,,,,,,,,,,,,,,,,,,,,7899,0.1251184493303299
,,,4,,,,,,,,,,,,,,,,,,,,,,,,,,,,,7909,0.0877772718667984
,,,4,,,,,,,,,,,,,,,,,,,,,,,,,,,,,7919,0.28188809752464294
,,,4,,,,,,,,,,,,,,,,,,,,,,,,,,,,,7929,0.14184144139289856
,,,4,,,,,,,,,,,,,,,,,,,,,,,,,,,,,7939,1.3606380224227905
,,,4,,,,,,,,,,,,,,,,,,,,,,,,,,,,,7949,0.034909069538116455
,,,4,,,,,,,,,,,,,,,,,,,,,,,,,,,,,7959,0.004890144802629948
,,,4,,,,,,,,,,,,,,,,,,,,,,,,,,,,,7969,0.545628011226654
,,,4,,,,,,,,,,,,,,,,,,,,,,,,,,,,,7979,0.08849456161260605
,,,4,,,,,,,,,,,,,,,,,,,,,,,,,,,,,7989,0.03780631721019745
,,,4,,,,,,,,,,,,,,,,,,,,,,,,,,,,,7999,0.6734442114830017
,,,4,,,,,,,,,,,,,,,,,,,,,,,,,,,,,8009,0.007997680455446243
,,,4,,,,,,,,,,,,,,,,,,,,,,,,,,,,,8019,0.03225154057145119
,,,4,,,,,,,,,,,,,,,,,,,,,,,,,,,,,8029,0.18997502326965332
,,,4,,,,,,,,,,,,,,,,,,,,,,,,,,,,,8039,0.13638681173324585
,,,4,,,,,,,,,,,,,,,,,,,,,,,,,,,,,8049,0.024708323180675507
,,,4,,,,,,,,,,,,,,,,,,,,,,,,,,,,,8059,0.233773872256279
,,,4,,,,,,,,,,,,,,,,,,,,,,,,,,,,,8069,0.06373639404773712
,,,4,,,,,,,,,,,,,,,,,,,,,,,,,,,,,8079,0.03602965921163559
,,,4,,,,,,,,,,,,,,,,,,,,,,,,,,,,,8089,0.1183549165725708
,,,4,,,,,,,,,,,,,,,,,,,,,,,,,,,,,8099,0.017462851479649544
,,,4,,,,,,,,,,,,,,,,,,,,,,,,,,,,,8109,0.0690535455942154
,,,4,,,,,,,,,,,,,,,,,,,,,,,,,,,,,8119,0.6183868050575256
,,,4,,,,,,,,,,,,,,,,,,,,,,,,,,,,,8129,0.20482830703258514
,,,4,,,,,,,,,,,,,,,,,,,,,,,,,,,,,8139,0.07405414432287216
,,,4,,,,,,,,,,,,,,,,,,,,,,,,,,,,,8149,0.172455295920372
,,,4,,,,,,,,,,,,,,,,,,,,,,,,,,,,,8159,0.010323070921003819
,,,4,,,,,,,,,,,,,,,,,,,,,,,,,,,,,8169,0.9025894403457642
,,,4,,,,,,,,,,,,,,,,,,,,,,,,,,,,,8179,0.013144715689122677
,,,4,,,,,,,,,,,,,,,,,,,,,,,,,,,,,8189,0.1103711724281311
,,,4,,,,,,,,,,,,,,,,,,,,,,,,,,,,,8199,0.09070680290460587
,,,4,,,,,,,,,,,,,,,,,,,,,,,,,,,,,8209,0.05021141096949577
,,,4,,,,,,,,,,,,,,,,,,,,,,,,,,,,,8219,0.6001530289649963
,,,4,,,,,,,,,,,,,,,,,,,,,,,,,,,,,8229,0.011773667298257351
,,,4,,,,,,,,,,,,,,,,,,,,,,,,,,,,,8239,0.08101452142000198
,,,4,,,,,,,,,,,,,,,,,,,,,,,,,,,,,8249,1.0756782293319702
,,,4,,,,,,,,,,,,,,,,,,,,,,,,,,,,,8259,0.03391476720571518
,,,4,,,,,,,,,,,,,,,,,,,,,,,,,,,,,8269,0.27968713641166687
,,,4,,,,,,,,,,,,,,,,,,,,,,,,,,,,,8279,0.026862330734729767
,,,4,,,,,,,,,,,,,,,,,,,,,,,,,,,,,8289,0.7129446864128113
,,,4,,,,,,,,,,,,,,,,,,,,,,,,,,,,,8299,0.018002133816480637
,,,4,,,,,,,,,,,,,,,,,,,,,,,,,,,,,8309,0.008387724868953228
0.8623676896095276,0.8582375645637512,0.8665376901626587,4,,,,,,,,,,,,,,,,,,,,,,,,,,,,,8309,
,,,,5.688009063105716e-07,3.1864481289062513e-06,4.9022278906250015e-06,4.9022278906250015e-06,7.541889062500002e-06,7.541889062500002e-06,1.1602906250000002e-05,1.1602906250000002e-05,1.7850625000000003e-05,1.7850625000000003e-05,2.7462500000000003e-05,5.688009063105716e-07,2.7462500000000003e-05,4.2250000000000004e-05,4.2250000000000004e-05,6.500000000000001e-05,6.500000000000001e-05,0.0001,0.0001,0.0001,0.0001,8.750783174008792e-07,8.750783174008792e-07,1.3462743344628912e-06,1.3462743344628912e-06,2.0711912837890633e-06,2.0711912837890633e-06,3.1864481289062513e-06,8310,
,,,5,,,,,,,,,,,,,,,,,,,,,,,,,,,,,8319,0.17716149985790253
,,,5,,,,,,,,,,,,,,,,,,,,,,,,,,,,,8329,0.017273858189582825
,,,5,,,,,,,,,,,,,,,,,,,,,,,,,,,,,8339,0.1963851898908615
,,,5,,,,,,,,,,,,,,,,,,,,,,,,,,,,,8349,0.5673931837081909
,,,5,,,,,,,,,,,,,,,,,,,,,,,,,,,,,8359,0.11192858219146729
,,,5,,,,,,,,,,,,,,,,,,,,,,,,,,,,,8369,0.5712018013000488
,,,5,,,,,,,,,,,,,,,,,,,,,,,,,,,,,8379,0.025455450639128685
,,,5,,,,,,,,,,,,,,,,,,,,,,,,,,,,,8389,0.05698079615831375
,,,5,,,,,,,,,,,,,,,,,,,,,,,,,,,,,8399,0.008526263758540154
,,,5,,,,,,,,,,,,,,,,,,,,,,,,,,,,,8409,0.039368730038404465
,,,5,,,,,,,,,,,,,,,,,,,,,,,,,,,,,8419,0.00668421620503068
,,,5,,,,,,,,,,,,,,,,,,,,,,,,,,,,,8429,0.1890658438205719
,,,5,,,,,,,,,,,,,,,,,,,,,,,,,,,,,8439,0.04173979535698891
,,,5,,,,,,,,,,,,,,,,,,,,,,,,,,,,,8449,0.025097288191318512
,,,5,,,,,,,,,,,,,,,,,,,,,,,,,,,,,8459,0.005482564214617014
,,,5,,,,,,,,,,,,,,,,,,,,,,,,,,,,,8469,0.01515064388513565
,,,5,,,,,,,,,,,,,,,,,,,,,,,,,,,,,8479,0.010644895024597645
,,,5,,,,,,,,,,,,,,,,,,,,,,,,,,,,,8489,0.004426354076713324
,,,5,,,,,,,,,,,,,,,,,,,,,,,,,,,,,8499,0.004828690551221371
,,,5,,,,,,,,,,,,,,,,,,,,,,,,,,,,,8509,0.28431791067123413
,,,5,,,,,,,,,,,,,,,,,,,,,,,,,,,,,8519,0.07500606775283813
,,,5,,,,,,,,,,,,,,,,,,,,,,,,,,,,,8529,0.038378067314624786
,,,5,,,,,,,,,,,,,,,,,,,,,,,,,,,,,8539,0.49455758929252625
,,,5,,,,,,,,,,,,,,,,,,,,,,,,,,,,,8549,0.2672196626663208
,,,5,,,,,,,,,,,,,,,,,,,,,,,,,,,,,8559,0.038780272006988525
,,,5,,,,,,,,,,,,,,,,,,,,,,,,,,,,,8569,0.6059258580207825
,,,5,,,,,,,,,,,,,,,,,,,,,,,,,,,,,8579,0.019692545756697655
,,,5,,,,,,,,,,,,,,,,,,,,,,,,,,,,,8589,0.2612324059009552
,,,5,,,,,,,,,,,,,,,,,,,,,,,,,,,,,8599,0.16817820072174072
,,,5,,,,,,,,,,,,,,,,,,,,,,,,,,,,,8609,0.007403768133372068
,,,5,,,,,,,,,,,,,,,,,,,,,,,,,,,,,8619,0.012154863215982914
,,,5,,,,,,,,,,,,,,,,,,,,,,,,,,,,,8629,0.02924320474267006
,,,5,,,,,,,,,,,,,,,,,,,,,,,,,,,,,8639,0.41418665647506714
,,,5,,,,,,,,,,,,,,,,,,,,,,,,,,,,,8649,0.22115518152713776
,,,5,,,,,,,,,,,,,,,,,,,,,,,,,,,,,8659,0.34324735403060913
,,,5,,,,,,,,,,,,,,,,,,,,,,,,,,,,,8669,0.44895702600479126
,,,5,,,,,,,,,,,,,,,,,,,,,,,,,,,,,8679,0.037435874342918396
,,,5,,,,,,,,,,,,,,,,,,,,,,,,,,,,,8689,0.02287784032523632
,,,5,,,,,,,,,,,,,,,,,,,,,,,,,,,,,8699,0.315020889043808
,,,5,,,,,,,,,,,,,,,,,,,,,,,,,,,,,8709,0.0166619960218668
,,,5,,,,,,,,,,,,,,,,,,,,,,,,,,,,,8719,0.20188646018505096
,,,5,,,,,,,,,,,,,,,,,,,,,,,,,,,,,8729,0.08296939730644226
,,,5,,,,,,,,,,,,,,,,,,,,,,,,,,,,,8739,0.006226076278835535
,,,5,,,,,,,,,,,,,,,,,,,,,,,,,,,,,8749,0.1555473953485489
,,,5,,,,,,,,,,,,,,,,,,,,,,,,,,,,,8759,0.7216977477073669
,,,5,,,,,,,,,,,,,,,,,,,,,,,,,,,,,8769,0.31184864044189453
,,,5,,,,,,,,,,,,,,,,,,,,,,,,,,,,,8779,0.05723748356103897
,,,5,,,,,,,,,,,,,,,,,,,,,,,,,,,,,8789,0.36651554703712463
,,,5,,,,,,,,,,,,,,,,,,,,,,,,,,,,,8799,0.01362491026520729
,,,5,,,,,,,,,,,,,,,,,,,,,,,,,,,,,8809,0.0115151796489954
,,,5,,,,,,,,,,,,,,,,,,,,,,,,,,,,,8819,1.1675777435302734
,,,5,,,,,,,,,,,,,,,,,,,,,,,,,,,,,8829,0.310926228761673
,,,5,,,,,,,,,,,,,,,,,,,,,,,,,,,,,8839,0.04197642579674721
,,,5,,,,,,,,,,,,,,,,,,,,,,,,,,,,,8849,0.048154037445783615
,,,5,,,,,,,,,,,,,,,,,,,,,,,,,,,,,8859,0.018364792689681053
,,,5,,,,,,,,,,,,,,,,,,,,,,,,,,,,,8869,0.007504972163587809
,,,5,,,,,,,,,,,,,,,,,,,,,,,,,,,,,8879,0.0036336183547973633
,,,5,,,,,,,,,,,,,,,,,,,,,,,,,,,,,8889,0.3206205368041992
,,,5,,,,,,,,,,,,,,,,,,,,,,,,,,,,,8899,0.009230737574398518
,,,5,,,,,,,,,,,,,,,,,,,,,,,,,,,,,8909,0.14951519668102264
,,,5,,,,,,,,,,,,,,,,,,,,,,,,,,,,,8919,2.170614242553711
,,,5,,,,,,,,,,,,,,,,,,,,,,,,,,,,,8929,0.2719081938266754
,,,5,,,,,,,,,,,,,,,,,,,,,,,,,,,,,8939,0.7932474613189697
,,,5,,,,,,,,,,,,,,,,,,,,,,,,,,,,,8949,0.04189347103238106
,,,5,,,,,,,,,,,,,,,,,,,,,,,,,,,,,8959,0.12234222888946533
,,,5,,,,,,,,,,,,,,,,,,,,,,,,,,,,,8969,0.09591693431138992
,,,5,,,,,,,,,,,,,,,,,,,,,,,,,,,,,8979,0.26796290278434753
,,,5,,,,,,,,,,,,,,,,,,,,,,,,,,,,,8989,0.11387000977993011
,,,5,,,,,,,,,,,,,,,,,,,,,,,,,,,,,8999,0.7968779802322388
,,,5,,,,,,,,,,,,,,,,,,,,,,,,,,,,,9009,0.7322667837142944
,,,5,,,,,,,,,,,,,,,,,,,,,,,,,,,,,9019,0.4525635242462158
,,,5,,,,,,,,,,,,,,,,,,,,,,,,,,,,,9029,0.03158409148454666
,,,5,,,,,,,,,,,,,,,,,,,,,,,,,,,,,9039,0.15469947457313538
,,,5,,,,,,,,,,,,,,,,,,,,,,,,,,,,,9049,0.12318718433380127
,,,5,,,,,,,,,,,,,,,,,,,,,,,,,,,,,9059,0.009300521574914455
,,,5,,,,,,,,,,,,,,,,,,,,,,,,,,,,,9069,0.05372487008571625
,,,5,,,,,,,,,,,,,,,,,,,,,,,,,,,,,9079,0.003986408468335867
,,,5,,,,,,,,,,,,,,,,,,,,,,,,,,,,,9089,0.004918514285236597
,,,5,,,,,,,,,,,,,,,,,,,,,,,,,,,,,9099,0.3566795289516449
,,,5,,,,,,,,,,,,,,,,,,,,,,,,,,,,,9109,0.6849518418312073
,,,5,,,,,,,,,,,,,,,,,,,,,,,,,,,,,9119,0.047939788550138474
,,,5,,,,,,,,,,,,,,,,,,,,,,,,,,,,,9129,0.0351213663816452
,,,5,,,,,,,,,,,,,,,,,,,,,,,,,,,,,9139,0.029051361605525017
,,,5,,,,,,,,,,,,,,,,,,,,,,,,,,,,,9149,0.303986519575119
,,,5,,,,,,,,,,,,,,,,,,,,,,,,,,,,,9159,0.8480654954910278
,,,5,,,,,,,,,,,,,,,,,,,,,,,,,,,,,9169,0.36460450291633606
,,,5,,,,,,,,,,,,,,,,,,,,,,,,,,,,,9179,0.1181461364030838
,,,5,,,,,,,,,,,,,,,,,,,,,,,,,,,,,9189,0.09685838222503662
,,,5,,,,,,,,,,,,,,,,,,,,,,,,,,,,,9199,0.3341372311115265
,,,5,,,,,,,,,,,,,,,,,,,,,,,,,,,,,9209,0.012351280078291893
,,,5,,,,,,,,,,,,,,,,,,,,,,,,,,,,,9219,0.7892804145812988
,,,5,,,,,,,,,,,,,,,,,,,,,,,,,,,,,9229,0.09098679572343826
,,,5,,,,,,,,,,,,,,,,,,,,,,,,,,,,,9239,0.07015441358089447
,,,5,,,,,,,,,,,,,,,,,,,,,,,,,,,,,9249,0.026939572766423225
,,,5,,,,,,,,,,,,,,,,,,,,,,,,,,,,,9259,0.17683829367160797
,,,5,,,,,,,,,,,,,,,,,,,,,,,,,,,,,9269,0.18632569909095764
,,,5,,,,,,,,,,,,,,,,,,,,,,,,,,,,,9279,0.01023118570446968
,,,5,,,,,,,,,,,,,,,,,,,,,,,,,,,,,9289,0.1415398120880127
,,,5,,,,,,,,,,,,,,,,,,,,,,,,,,,,,9299,0.009885416366159916
,,,5,,,,,,,,,,,,,,,,,,,,,,,,,,,,,9309,0.002021174179390073
,,,5,,,,,,,,,,,,,,,,,,,,,,,,,,,,,9319,0.041226498782634735
,,,5,,,,,,,,,,,,,,,,,,,,,,,,,,,,,9329,0.023893987759947777
,,,5,,,,,,,,,,,,,,,,,,,,,,,,,,,,,9339,0.4423269033432007
,,,5,,,,,,,,,,,,,,,,,,,,,,,,,,,,,9349,0.33914390206336975
,,,5,,,,,,,,,,,,,,,,,,,,,,,,,,,,,9359,0.01795320399105549
,,,5,,,,,,,,,,,,,,,,,,,,,,,,,,,,,9369,1.0712076425552368
,,,5,,,,,,,,,,,,,,,,,,,,,,,,,,,,,9379,0.5288119912147522
,,,5,,,,,,,,,,,,,,,,,,,,,,,,,,,,,9389,0.7267228960990906
,,,5,,,,,,,,,,,,,,,,,,,,,,,,,,,,,9399,0.9335202574729919
,,,5,,,,,,,,,,,,,,,,,,,,,,,,,,,,,9409,0.2685059607028961
,,,5,,,,,,,,,,,,,,,,,,,,,,,,,,,,,9419,0.12550091743469238
,,,5,,,,,,,,,,,,,,,,,,,,,,,,,,,,,9429,0.17767223715782166
,,,5,,,,,,,,,,,,,,,,,,,,,,,,,,,,,9439,1.0579912662506104
,,,5,,,,,,,,,,,,,,,,,,,,,,,,,,,,,9449,0.4422941505908966
,,,5,,,,,,,,,,,,,,,,,,,,,,,,,,,,,9459,0.020751573145389557
,,,5,,,,,,,,,,,,,,,,,,,,,,,,,,,,,9469,0.24671071767807007
,,,5,,,,,,,,,,,,,,,,,,,,,,,,,,,,,9479,0.11591994017362595
,,,5,,,,,,,,,,,,,,,,,,,,,,,,,,,,,9489,0.06558721512556076
,,,5,,,,,,,,,,,,,,,,,,,,,,,,,,,,,9499,0.47939440608024597
,,,5,,,,,,,,,,,,,,,,,,,,,,,,,,,,,9509,0.07370930165052414
,,,5,,,,,,,,,,,,,,,,,,,,,,,,,,,,,9519,0.2958427667617798
,,,5,,,,,,,,,,,,,,,,,,,,,,,,,,,,,9529,0.06691545248031616
,,,5,,,,,,,,,,,,,,,,,,,,,,,,,,,,,9539,0.09314490109682083
,,,5,,,,,,,,,,,,,,,,,,,,,,,,,,,,,9549,0.5620543956756592
,,,5,,,,,,,,,,,,,,,,,,,,,,,,,,,,,9559,0.5187528133392334
,,,5,,,,,,,,,,,,,,,,,,,,,,,,,,,,,9569,0.41003191471099854
,,,5,,,,,,,,,,,,,,,,,,,,,,,,,,,,,9579,0.7271878123283386
,,,5,,,,,,,,,,,,,,,,,,,,,,,,,,,,,9589,0.0212407149374485
,,,5,,,,,,,,,,,,,,,,,,,,,,,,,,,,,9599,0.004782519303262234
,,,5,,,,,,,,,,,,,,,,,,,,,,,,,,,,,9609,0.20316201448440552
,,,5,,,,,,,,,,,,,,,,,,,,,,,,,,,,,9619,0.333982914686203
,,,5,,,,,,,,,,,,,,,,,,,,,,,,,,,,,9629,0.20708805322647095
,,,5,,,,,,,,,,,,,,,,,,,,,,,,,,,,,9639,0.03815527632832527
,,,5,,,,,,,,,,,,,,,,,,,,,,,,,,,,,9649,0.005272536538541317
,,,5,,,,,,,,,,,,,,,,,,,,,,,,,,,,,9659,0.013019662350416183
,,,5,,,,,,,,,,,,,,,,,,,,,,,,,,,,,9669,0.0058302381075918674
,,,5,,,,,,,,,,,,,,,,,,,,,,,,,,,,,9679,0.07356685400009155
,,,5,,,,,,,,,,,,,,,,,,,,,,,,,,,,,9689,0.08179981261491776
,,,5,,,,,,,,,,,,,,,,,,,,,,,,,,,,,9699,0.030819807201623917
,,,5,,,,,,,,,,,,,,,,,,,,,,,,,,,,,9709,0.37205806374549866
,,,5,,,,,,,,,,,,,,,,,,,,,,,,,,,,,9719,0.614833652973175
,,,5,,,,,,,,,,,,,,,,,,,,,,,,,,,,,9729,0.8175711035728455
,,,5,,,,,,,,,,,,,,,,,,,,,,,,,,,,,9739,0.3004190921783447
,,,5,,,,,,,,,,,,,,,,,,,,,,,,,,,,,9749,0.9702402949333191
,,,5,,,,,,,,,,,,,,,,,,,,,,,,,,,,,9759,0.5219805836677551
,,,5,,,,,,,,,,,,,,,,,,,,,,,,,,,,,9769,0.056434135884046555
,,,5,,,,,,,,,,,,,,,,,,,,,,,,,,,,,9779,0.2762743830680847
,,,5,,,,,,,,,,,,,,,,,,,,,,,,,,,,,9789,0.027549345046281815
,,,5,,,,,,,,,,,,,,,,,,,,,,,,,,,,,9799,0.005445290356874466
,,,5,,,,,,,,,,,,,,,,,,,,,,,,,,,,,9809,0.08337981253862381
,,,5,,,,,,,,,,,,,,,,,,,,,,,,,,,,,9819,0.006786443293094635
,,,5,,,,,,,,,,,,,,,,,,,,,,,,,,,,,9829,0.09223035722970963
,,,5,,,,,,,,,,,,,,,,,,,,,,,,,,,,,9839,0.004518443718552589
,,,5,,,,,,,,,,,,,,,,,,,,,,,,,,,,,9849,1.6117762327194214
,,,5,,,,,,,,,,,,,,,,,,,,,,,,,,,,,9859,0.0019063104409724474
,,,5,,,,,,,,,,,,,,,,,,,,,,,,,,,,,9869,0.14839209616184235
,,,5,,,,,,,,,,,,,,,,,,,,,,,,,,,,,9879,0.35698792338371277
,,,5,,,,,,,,,,,,,,,,,,,,,,,,,,,,,9889,0.009179665707051754
,,,5,,,,,,,,,,,,,,,,,,,,,,,,,,,,,9899,0.05592922493815422
,,,5,,,,,,,,,,,,,,,,,,,,,,,,,,,,,9909,0.6846910715103149
,,,5,,,,,,,,,,,,,,,,,,,,,,,,,,,,,9919,0.032649245113134384
,,,5,,,,,,,,,,,,,,,,,,,,,,,,,,,,,9929,0.011244467459619045
,,,5,,,,,,,,,,,,,,,,,,,,,,,,,,,,,9939,0.559486985206604
,,,5,,,,,,,,,,,,,,,,,,,,,,,,,,,,,9949,0.003396594664081931
,,,5,,,,,,,,,,,,,,,,,,,,,,,,,,,,,9959,0.5174320936203003
,,,5,,,,,,,,,,,,,,,,,,,,,,,,,,,,,9969,0.17584362626075745
,,,,5.68108121100602e-07,3.182567115160405e-06,4.896257100246776e-06,4.896257100246776e-06,7.532703231148886e-06,7.532703231148886e-06,1.1588774201767516e-05,1.1588774201767516e-05,1.782888338733464e-05,1.782888338733464e-05,2.7429051365130215e-05,5.68108121100602e-07,2.7429051365130215e-05,4.219854056173879e-05,4.219854056173879e-05,6.492083163344429e-05,6.492083163344429e-05,9.987820251299122e-05,9.987820251299122e-05,9.987820251299122e-05,9.987820251299122e-05,8.740124940009261e-07,8.740124940009261e-07,1.344634606155271e-06,1.344634606155271e-06,2.068668624854263e-06,2.068668624854263e-06,3.182567115160405e-06,9972,
,,,6,,,,,,,,,,,,,,,,,,,,,,,,,,,,,9979,0.027867015451192856
,,,6,,,,,,,,,,,,,,,,,,,,,,,,,,,,,9989,0.2263544648885727
,,,6,,,,,,,,,,,,,,,,,,,,,,,,,,,,,9999,0.016650879755616188
,,,6,,,,,,,,,,,,,,,,,,,,,,,,,,,,,10009,0.2216668725013733
,,,6,,,,,,,,,,,,,,,,,,,,,,,,,,,,,10019,0.06146038696169853
,,,6,,,,,,,,,,,,,,,,,,,,,,,,,,,,,10029,0.006165082100778818
,,,6,,,,,,,,,,,,,,,,,,,,,,,,,,,,,10039,0.29027506709098816
,,,6,,,,,,,,,,,,,,,,,,,,,,,,,,,,,10049,0.08936259895563126
,,,6,,,,,,,,,,,,,,,,,,,,,,,,,,,,,10059,0.21946805715560913
,,,6,,,,,,,,,,,,,,,,,,,,,,,,,,,,,10069,0.017551477998495102
,,,6,,,,,,,,,,,,,,,,,,,,,,,,,,,,,10079,0.002772265812382102
,,,6,,,,,,,,,,,,,,,,,,,,,,,,,,,,,10089,0.012558383867144585
,,,6,,,,,,,,,,,,,,,,,,,,,,,,,,,,,10099,0.04838057979941368
,,,6,,,,,,,,,,,,,,,,,,,,,,,,,,,,,10109,0.1788119524717331
,,,6,,,,,,,,,,,,,,,,,,,,,,,,,,,,,10119,0.012724461033940315
,,,6,,,,,,,,,,,,,,,,,,,,,,,,,,,,,10129,0.2868044078350067
,,,6,,,,,,,,,,,,,,,,,,,,,,,,,,,,,10139,0.023466184735298157
,,,6,,,,,,,,,,,,,,,,,,,,,,,,,,,,,10149,0.10644330829381943
,,,6,,,,,,,,,,,,,,,,,,,,,,,,,,,,,10159,0.47155871987342834
,,,6,,,,,,,,,,,,,,,,,,,,,,,,,,,,,10169,0.7160658836364746
,,,6,,,,,,,,,,,,,,,,,,,,,,,,,,,,,10179,0.012556377798318863
,,,6,,,,,,,,,,,,,,,,,,,,,,,,,,,,,10189,0.04720466583967209
,,,6,,,,,,,,,,,,,,,,,,,,,,,,,,,,,10199,0.26828068494796753
,,,6,,,,,,,,,,,,,,,,,,,,,,,,,,,,,10209,0.021168027073144913
,,,6,,,,,,,,,,,,,,,,,,,,,,,,,,,,,10219,0.055583152920007706
,,,6,,,,,,,,,,,,,,,,,,,,,,,,,,,,,10229,0.18034599721431732
,,,6,,,,,,,,,,,,,,,,,,,,,,,,,,,,,10239,0.4655230939388275
,,,6,,,,,,,,,,,,,,,,,,,,,,,,,,,,,10249,0.26551130414009094
,,,6,,,,,,,,,,,,,,,,,,,,,,,,,,,,,10259,0.0038471061270684004
,,,6,,,,,,,,,,,,,,,,,,,,,,,,,,,,,10269,0.2938075661659241
,,,6,,,,,,,,,,,,,,,,,,,,,,,,,,,,,10279,0.4481477737426758
,,,6,,,,,,,,,,,,,,,,,,,,,,,,,,,,,10289,0.12228448688983917
,,,6,,,,,,,,,,,,,,,,,,,,,,,,,,,,,10299,0.9655664563179016
,,,6,,,,,,,,,,,,,,,,,,,,,,,,,,,,,10309,1.2037872076034546
,,,6,,,,,,,,,,,,,,,,,,,,,,,,,,,,,10319,0.2570136487483978
,,,6,,,,,,,,,,,,,,,,,,,,,,,,,,,,,10329,0.09713844954967499
,,,6,,,,,,,,,,,,,,,,,,,,,,,,,,,,,10339,0.12587031722068787
,,,6,,,,,,,,,,,,,,,,,,,,,,,,,,,,,10349,0.08369003981351852
,,,6,,,,,,,,,,,,,,,,,,,,,,,,,,,,,10359,0.011563590727746487
,,,6,,,,,,,,,,,,,,,,,,,,,,,,,,,,,10369,0.14794878661632538
,,,6,,,,,,,,,,,,,,,,,,,,,,,,,,,,,10379,0.2446259707212448
,,,6,,,,,,,,,,,,,,,,,,,,,,,,,,,,,10389,0.008573941886425018
,,,6,,,,,,,,,,,,,,,,,,,,,,,,,,,,,10399,0.010488422587513924
,,,6,,,,,,,,,,,,,,,,,,,,,,,,,,,,,10409,0.413711279630661
,,,6,,,,,,,,,,,,,,,,,,,,,,,,,,,,,10419,0.011411967687308788
,,,6,,,,,,,,,,,,,,,,,,,,,,,,,,,,,10429,0.0767492800951004
,,,6,,,,,,,,,,,,,,,,,,,,,,,,,,,,,10439,0.004034156911075115
,,,6,,,,,,,,,,,,,,,,,,,,,,,,,,,,,10449,0.5805378556251526
,,,6,,,,,,,,,,,,,,,,,,,,,,,,,,,,,10459,0.4458560347557068
,,,6,,,,,,,,,,,,,,,,,,,,,,,,,,,,,10469,0.013755008578300476
,,,6,,,,,,,,,,,,,,,,,,,,,,,,,,,,,10479,0.03276633471250534
,,,6,,,,,,,,,,,,,,,,,,,,,,,,,,,,,10489,0.009504111483693123
,,,6,,,,,,,,,,,,,,,,,,,,,,,,,,,,,10499,0.1396191418170929
,,,6,,,,,,,,,,,,,,,,,,,,,,,,,,,,,10509,0.010887793265283108
,,,6,,,,,,,,,,,,,,,,,,,,,,,,,,,,,10519,0.588088870048523
,,,6,,,,,,,,,,,,,,,,,,,,,,,,,,,,,10529,0.05698167160153389
,,,6,,,,,,,,,,,,,,,,,,,,,,,,,,,,,10539,0.009542097337543964
,,,6,,,,,,,,,,,,,,,,,,,,,,,,,,,,,10549,0.5152724385261536
,,,6,,,,,,,,,,,,,,,,,,,,,,,,,,,,,10559,0.04915628582239151
,,,6,,,,,,,,,,,,,,,,,,,,,,,,,,,,,10569,0.10677196830511093
,,,6,,,,,,,,,,,,,,,,,,,,,,,,,,,,,10579,0.010977314785122871
,,,6,,,,,,,,,,,,,,,,,,,,,,,,,,,,,10589,0.037768930196762085
,,,6,,,,,,,,,,,,,,,,,,,,,,,,,,,,,10599,0.017414258792996407
,,,6,,,,,,,,,,,,,,,,,,,,,,,,,,,,,10609,0.02836577035486698
,,,6,,,,,,,,,,,,,,,,,,,,,,,,,,,,,10619,0.2659870386123657
,,,6,,,,,,,,,,,,,,,,,,,,,,,,,,,,,10629,0.02425372041761875
,,,6,,,,,,,,,,,,,,,,,,,,,,,,,,,,,10639,0.07887450605630875
,,,6,,,,,,,,,,,,,,,,,,,,,,,,,,,,,10649,0.020471932366490364
,,,6,,,,,,,,,,,,,,,,,,,,,,,,,,,,,10659,1.063460350036621
,,,6,,,,,,,,,,,,,,,,,,,,,,,,,,,,,10669,0.035077400505542755
,,,6,,,,,,,,,,,,,,,,,,,,,,,,,,,,,10679,0.17148353159427643
,,,6,,,,,,,,,,,,,,,,,,,,,,,,,,,,,10689,0.012672732584178448
,,,6,,,,,,,,,,,,,,,,,,,,,,,,,,,,,10699,0.5045991539955139
,,,6,,,,,,,,,,,,,,,,,,,,,,,,,,,,,10709,0.13077154755592346
,,,6,,,,,,,,,,,,,,,,,,,,,,,,,,,,,10719,0.07964802533388138
,,,6,,,,,,,,,,,,,,,,,,,,,,,,,,,,,10729,0.007236350327730179
,,,6,,,,,,,,,,,,,,,,,,,,,,,,,,,,,10739,0.3046088218688965
,,,6,,,,,,,,,,,,,,,,,,,,,,,,,,,,,10749,0.06215042248368263
,,,6,,,,,,,,,,,,,,,,,,,,,,,,,,,,,10759,0.006176263093948364
,,,6,,,,,,,,,,,,,,,,,,,,,,,,,,,,,10769,0.4465799033641815
,,,6,,,,,,,,,,,,,,,,,,,,,,,,,,,,,10779,0.2168731689453125
,,,6,,,,,,,,,,,,,,,,,,,,,,,,,,,,,10789,0.15935018658638
,,,6,,,,,,,,,,,,,,,,,,,,,,,,,,,,,10799,0.03910078480839729
,,,6,,,,,,,,,,,,,,,,,,,,,,,,,,,,,10809,0.016702815890312195
,,,6,,,,,,,,,,,,,,,,,,,,,,,,,,,,,10819,0.024030257016420364
,,,6,,,,,,,,,,,,,,,,,,,,,,,,,,,,,10829,0.4389905035495758
,,,6,,,,,,,,,,,,,,,,,,,,,,,,,,,,,10839,0.19387447834014893
,,,6,,,,,,,,,,,,,,,,,,,,,,,,,,,,,10849,0.0051481472328305244
,,,6,,,,,,,,,,,,,,,,,,,,,,,,,,,,,10859,0.007448398042470217
,,,6,,,,,,,,,,,,,,,,,,,,,,,,,,,,,10869,0.007549973204731941
,,,6,,,,,,,,,,,,,,,,,,,,,,,,,,,,,10879,0.10110142827033997
,,,6,,,,,,,,,,,,,,,,,,,,,,,,,,,,,10889,0.005699509289115667
,,,6,,,,,,,,,,,,,,,,,,,,,,,,,,,,,10899,0.8659471869468689
,,,6,,,,,,,,,,,,,,,,,,,,,,,,,,,,,10909,0.40340670943260193
,,,6,,,,,,,,,,,,,,,,,,,,,,,,,,,,,10919,0.017427170649170876
,,,6,,,,,,,,,,,,,,,,,,,,,,,,,,,,,10929,0.05860374495387077
,,,6,,,,,,,,,,,,,,,,,,,,,,,,,,,,,10939,0.27357518672943115
,,,6,,,,,,,,,,,,,,,,,,,,,,,,,,,,,10949,0.19102290272712708
,,,6,,,,,,,,,,,,,,,,,,,,,,,,,,,,,10959,0.21863201260566711
,,,6,,,,,,,,,,,,,,,,,,,,,,,,,,,,,10969,0.1396847367286682
,,,6,,,,,,,,,,,,,,,,,,,,,,,,,,,,,10979,1.3714219331741333
,,,6,,,,,,,,,,,,,,,,,,,,,,,,,,,,,10989,0.07322007417678833
,,,6,,,,,,,,,,,,,,,,,,,,,,,,,,,,,10999,0.00979271437972784
,,,6,,,,,,,,,,,,,,,,,,,,,,,,,,,,,11009,0.032932426780462265
,,,6,,,,,,,,,,,,,,,,,,,,,,,,,,,,,11019,0.14171788096427917
,,,6,,,,,,,,,,,,,,,,,,,,,,,,,,,,,11029,0.010092059150338173
,,,6,,,,,,,,,,,,,,,,,,,,,,,,,,,,,11039,0.011184051632881165
,,,6,,,,,,,,,,,,,,,,,,,,,,,,,,,,,11049,0.22009322047233582
,,,6,,,,,,,,,,,,,,,,,,,,,,,,,,,,,11059,0.018399914726614952
,,,6,,,,,,,,,,,,,,,,,,,,,,,,,,,,,11069,1.920593023300171
,,,6,,,,,,,,,,,,,,,,,,,,,,,,,,,,,11079,0.14059944450855255
,,,6,,,,,,,,,,,,,,,,,,,,,,,,,,,,,11089,0.017799673601984978
,,,6,,,,,,,,,,,,,,,,,,,,,,,,,,,,,11099,0.0026325855869799852
,,,6,,,,,,,,,,,,,,,,,,,,,,,,,,,,,11109,0.18763284385204315
,,,6,,,,,,,,,,,,,,,,,,,,,,,,,,,,,11119,0.016115626320242882
,,,6,,,,,,,,,,,,,,,,,,,,,,,,,,,,,11129,0.005410986486822367
,,,6,,,,,,,,,,,,,,,,,,,,,,,,,,,,,11139,0.13953882455825806
,,,6,,,,,,,,,,,,,,,,,,,,,,,,,,,,,11149,0.02160908468067646
,,,6,,,,,,,,,,,,,,,,,,,,,,,,,,,,,11159,0.15141640603542328
,,,6,,,,,,,,,,,,,,,,,,,,,,,,,,,,,11169,0.21643438935279846
,,,6,,,,,,,,,,,,,,,,,,,,,,,,,,,,,11179,0.01596541330218315
,,,6,,,,,,,,,,,,,,,,,,,,,,,,,,,,,11189,0.22304977476596832
,,,6,,,,,,,,,,,,,,,,,,,,,,,,,,,,,11199,0.01336730644106865
,,,6,,,,,,,,,,,,,,,,,,,,,,,,,,,,,11209,0.0496615506708622
,,,6,,,,,,,,,,,,,,,,,,,,,,,,,,,,,11219,0.006564206909388304
,,,6,,,,,,,,,,,,,,,,,,,,,,,,,,,,,11229,0.007001341320574284
,,,6,,,,,,,,,,,,,,,,,,,,,,,,,,,,,11239,0.2891665995121002
,,,6,,,,,,,,,,,,,,,,,,,,,,,,,,,,,11249,0.007454602047801018
,,,6,,,,,,,,,,,,,,,,,,,,,,,,,,,,,11259,0.970149040222168
,,,6,,,,,,,,,,,,,,,,,,,,,,,,,,,,,11269,0.6332308053970337
,,,6,,,,,,,,,,,,,,,,,,,,,,,,,,,,,11279,0.017819976434111595
,,,6,,,,,,,,,,,,,,,,,,,,,,,,,,,,,11289,0.008810959756374359
,,,6,,,,,,,,,,,,,,,,,,,,,,,,,,,,,11299,0.5024916529655457
,,,6,,,,,,,,,,,,,,,,,,,,,,,,,,,,,11309,0.02642042003571987
,,,6,,,,,,,,,,,,,,,,,,,,,,,,,,,,,11319,0.06837518513202667
,,,6,,,,,,,,,,,,,,,,,,,,,,,,,,,,,11329,0.0024605237413197756
,,,6,,,,,,,,,,,,,,,,,,,,,,,,,,,,,11339,0.016525723040103912
,,,6,,,,,,,,,,,,,,,,,,,,,,,,,,,,,11349,0.008129525929689407
,,,6,,,,,,,,,,,,,,,,,,,,,,,,,,,,,11359,0.006538693327456713
,,,6,,,,,,,,,,,,,,,,,,,,,,,,,,,,,11369,0.006613361183553934
,,,6,,,,,,,,,,,,,,,,,,,,,,,,,,,,,11379,0.011003968305885792
,,,6,,,,,,,,,,,,,,,,,,,,,,,,,,,,,11389,0.069472536444664
,,,6,,,,,,,,,,,,,,,,,,,,,,,,,,,,,11399,0.0310845784842968
,,,6,,,,,,,,,,,,,,,,,,,,,,,,,,,,,11409,0.014282703399658203
,,,6,,,,,,,,,,,,,,,,,,,,,,,,,,,,,11419,0.018215788528323174
,,,6,,,,,,,,,,,,,,,,,,,,,,,,,,,,,11429,0.30487874150276184
,,,6,,,,,,,,,,,,,,,,,,,,,,,,,,,,,11439,0.27494922280311584
,,,6,,,,,,,,,,,,,,,,,,,,,,,,,,,,,11449,0.008533287793397903
,,,6,,,,,,,,,,,,,,,,,,,,,,,,,,,,,11459,0.02017226070165634
,,,6,,,,,,,,,,,,,,,,,,,,,,,,,,,,,11469,0.18135029077529907
,,,6,,,,,,,,,,,,,,,,,,,,,,,,,,,,,11479,0.11977249383926392
,,,6,,,,,,,,,,,,,,,,,,,,,,,,,,,,,11489,0.015874801203608513
,,,6,,,,,,,,,,,,,,,,,,,,,,,,,,,,,11499,0.04978680983185768
,,,6,,,,,,,,,,,,,,,,,,,,,,,,,,,,,11509,0.25269559025764465
,,,6,,,,,,,,,,,,,,,,,,,,,,,,,,,,,11519,0.5195669531822205
,,,6,,,,,,,,,,,,,,,,,,,,,,,,,,,,,11529,0.013402853161096573
,,,6,,,,,,,,,,,,,,,,,,,,,,,,,,,,,11539,0.8356137871742249
,,,6,,,,,,,,,,,,,,,,,,,,,,,,,,,,,11549,0.5017445683479309
,,,6,,,,,,,,,,,,,,,,,,,,,,,,,,,,,11559,0.036204881966114044
,,,6,,,,,,,,,,,,,,,,,,,,,,,,,,,,,11569,0.0081693259999156
,,,6,,,,,,,,,,,,,,,,,,,,,,,,,,,,,11579,0.4047395884990692
,,,6,,,,,,,,,,,,,,,,,,,,,,,,,,,,,11589,0.21303683519363403
,,,6,,,,,,,,,,,,,,,,,,,,,,,,,,,,,11599,0.04044492542743683
,,,6,,,,,,,,,,,,,,,,,,,,,,,,,,,,,11609,0.27632787823677063
,,,6,,,,,,,,,,,,,,,,,,,,,,,,,,,,,11619,0.01484838966280222
,,,6,,,,,,,,,,,,,,,,,,,,,,,,,,,,,11629,0.2763206362724304
,,,,5.660331406505981e-07,3.1709429818317177e-06,4.878373818202642e-06,4.878373818202642e-06,7.505190489542526e-06,7.505190489542526e-06,1.15464469069885e-05,1.15464469069885e-05,1.7763764472290002e-05,1.7763764472290002e-05,2.732886841890769e-05,5.660331406505981e-07,2.732886841890769e-05,4.204441295216568e-05,4.204441295216568e-05,6.468371223410105e-05,6.468371223410105e-05,9.951340343707852e-05,9.951340343707852e-05,9.951340343707852e-05,9.951340343707852e-05,8.708202163855354e-07,8.708202163855354e-07,1.3397234098239006e-06,1.3397234098239006e-06,2.0611129381906165e-06,2.0611129381906165e-06,3.1709429818317177e-06,11634,
,,,7,,,,,,,,,,,,,,,,,,,,,,,,,,,,,11639,0.03359559178352356
,,,7,,,,,,,,,,,,,,,,,,,,,,,,,,,,,11649,0.055223796516656876
,,,7,,,,,,,,,,,,,,,,,,,,,,,,,,,,,11659,0.008223985321819782
,,,7,,,,,,,,,,,,,,,,,,,,,,,,,,,,,11669,0.008859130553901196
,,,7,,,,,,,,,,,,,,,,,,,,,,,,,,,,,11679,0.008824250660836697
,,,7,,,,,,,,,,,,,,,,,,,,,,,,,,,,,11689,0.33720269799232483
,,,7,,,,,,,,,,,,,,,,,,,,,,,,,,,,,11699,0.25117990374565125
,,,7,,,,,,,,,,,,,,,,,,,,,,,,,,,,,11709,0.3547407388687134
,,,7,,,,,,,,,,,,,,,,,,,,,,,,,,,,,11719,0.07761238515377045
,,,7,,,,,,,,,,,,,,,,,,,,,,,,,,,,,11729,0.21379739046096802
,,,7,,,,,,,,,,,,,,,,,,,,,,,,,,,,,11739,0.01969260163605213
,,,7,,,,,,,,,,,,,,,,,,,,,,,,,,,,,11749,0.17530983686447144
,,,7,,,,,,,,,,,,,,,,,,,,,,,,,,,,,11759,0.38972628116607666
,,,7,,,,,,,,,,,,,,,,,,,,,,,,,,,,,11769,2.795743703842163
,,,7,,,,,,,,,,,,,,,,,,,,,,,,,,,,,11779,0.008852378465235233
,,,7,,,,,,,,,,,,,,,,,,,,,,,,,,,,,11789,0.16425177454948425
,,,7,,,,,,,,,,,,,,,,,,,,,,,,,,,,,11799,0.04784099757671356
,,,7,,,,,,,,,,,,,,,,,,,,,,,,,,,,,11809,0.11235031485557556
,,,7,,,,,,,,,,,,,,,,,,,,,,,,,,,,,11819,0.008547487668693066
,,,7,,,,,,,,,,,,,,,,,,,,,,,,,,,,,11829,0.43348801136016846
,,,7,,,,,,,,,,,,,,,,,,,,,,,,,,,,,11839,0.26273488998413086
,,,7,,,,,,,,,,,,,,,,,,,,,,,,,,,,,11849,0.012371237389743328
,,,7,,,,,,,,,,,,,,,,,,,,,,,,,,,,,11859,0.1941584348678589
,,,7,,,,,,,,,,,,,,,,,,,,,,,,,,,,,11869,0.34374871850013733
,,,7,,,,,,,,,,,,,,,,,,,,,,,,,,,,,11879,0.024474626407027245
,,,7,,,,,,,,,,,,,,,,,,,,,,,,,,,,,11889,0.03181978687644005
,,,7,,,,,,,,,,,,,,,,,,,,,,,,,,,,,11899,0.028653884306550026
,,,7,,,,,,,,,,,,,,,,,,,,,,,,,,,,,11909,0.01362523902207613
,,,7,,,,,,,,,,,,,,,,,,,,,,,,,,,,,11919,0.2054958939552307
,,,7,,,,,,,,,,,,,,,,,,,,,,,,,,,,,11929,0.05891111493110657
,,,7,,,,,,,,,,,,,,,,,,,,,,,,,,,,,11939,0.2088068574666977
,,,7,,,,,,,,,,,,,,,,,,,,,,,,,,,,,11949,0.0697944238781929
,,,7,,,,,,,,,,,,,,,,,,,,,,,,,,,,,11959,0.045742981135845184
,,,7,,,,,,,,,,,,,,,,,,,,,,,,,,,,,11969,0.09045140445232391
,,,7,,,,,,,,,,,,,,,,,,,,,,,,,,,,,11979,0.013742337003350258
,,,7,,,,,,,,,,,,,,,,,,,,,,,,,,,,,11989,0.006662806961685419
,,,7,,,,,,,,,,,,,,,,,,,,,,,,,,,,,11999,0.014083472080528736
,,,7,,,,,,,,,,,,,,,,,,,,,,,,,,,,,12009,0.03842134773731232
,,,7,,,,,,,,,,,,,,,,,,,,,,,,,,,,,12019,0.0738571286201477
,,,7,,,,,,,,,,,,,,,,,,,,,,,,,,,,,12029,0.07710994780063629
,,,7,,,,,,,,,,,,,,,,,,,,,,,,,,,,,12039,0.16890163719654083
,,,7,,,,,,,,,,,,,,,,,,,,,,,,,,,,,12049,0.01332662720233202
,,,7,,,,,,,,,,,,,,,,,,,,,,,,,,,,,12059,0.8707448244094849
,,,7,,,,,,,,,,,,,,,,,,,,,,,,,,,,,12069,0.9560754895210266
,,,7,,,,,,,,,,,,,,,,,,,,,,,,,,,,,12079,0.008849346078932285
,,,7,,,,,,,,,,,,,,,,,,,,,,,,,,,,,12089,0.0348644033074379
,,,7,,,,,,,,,,,,,,,,,,,,,,,,,,,,,12099,0.47728148102760315
,,,7,,,,,,,,,,,,,,,,,,,,,,,,,,,,,12109,0.17042945325374603
,,,7,,,,,,,,,,,,,,,,,,,,,,,,,,,,,12119,0.048188596963882446
,,,7,,,,,,,,,,,,,,,,,,,,,,,,,,,,,12129,0.14183981716632843
,,,7,,,,,,,,,,,,,,,,,,,,,,,,,,,,,12139,0.01537482999265194
,,,7,,,,,,,,,,,,,,,,,,,,,,,,,,,,,12149,0.04454148933291435
,,,7,,,,,,,,,,,,,,,,,,,,,,,,,,,,,12159,0.013062279671430588
,,,7,,,,,,,,,,,,,,,,,,,,,,,,,,,,,12169,0.008487328886985779
,,,7,,,,,,,,,,,,,,,,,,,,,,,,,,,,,12179,0.00520288897678256
,,,7,,,,,,,,,,,,,,,,,,,,,,,,,,,,,12189,0.002941600978374481
,,,7,,,,,,,,,,,,,,,,,,,,,,,,,,,,,12199,0.11567515879869461
,,,7,,,,,,,,,,,,,,,,,,,,,,,,,,,,,12209,0.3135586380958557
,,,7,,,,,,,,,,,,,,,,,,,,,,,,,,,,,12219,0.08179333806037903
,,,7,,,,,,,,,,,,,,,,,,,,,,,,,,,,,12229,0.28091973066329956
,,,7,,,,,,,,,,,,,,,,,,,,,,,,,,,,,12239,0.105815589427948
,,,7,,,,,,,,,,,,,,,,,,,,,,,,,,,,,12249,0.025508219376206398
,,,7,,,,,,,,,,,,,,,,,,,,,,,,,,,,,12259,0.1779007613658905
,,,7,,,,,,,,,,,,,,,,,,,,,,,,,,,,,12269,0.41669803857803345
,,,7,,,,,,,,,,,,,,,,,,,,,,,,,,,,,12279,0.1270519495010376
,,,7,,,,,,,,,,,,,,,,,,,,,,,,,,,,,12289,0.2089000940322876
,,,7,,,,,,,,,,,,,,,,,,,,,,,,,,,,,12299,2.037397623062134
,,,7,,,,,,,,,,,,,,,,,,,,,,,,,,,,,12309,0.5594272017478943
,,,7,,,,,,,,,,,,,,,,,,,,,,,,,,,,,12319,0.005804492626339197
,,,7,,,,,,,,,,,,,,,,,,,,,,,,,,,,,12329,0.012692849151790142
,,,7,,,,,,,,,,,,,,,,,,,,,,,,,,,,,12339,0.1076558381319046
,,,7,,,,,,,,,,,,,,,,,,,,,,,,,,,,,12349,0.009832286275923252
,,,7,,,,,,,,,,,,,,,,,,,,,,,,,,,,,12359,0.1494176834821701
,,,7,,,,,,,,,,,,,,,,,,,,,,,,,,,,,12369,0.010800314135849476
,,,7,,,,,,,,,,,,,,,,,,,,,,,,,,,,,12379,0.16328607499599457
,,,7,,,,,,,,,,,,,,,,,,,,,,,,,,,,,12389,0.09387767314910889
,,,7,,,,,,,,,,,,,,,,,,,,,,,,,,,,,12399,0.10437360405921936
,,,7,,,,,,,,,,,,,,,,,,,,,,,,,,,,,12409,0.16449163854122162
,,,7,,,,,,,,,,,,,,,,,,,,,,,,,,,,,12419,0.21120716631412506
,,,7,,,,,,,,,,,,,,,,,,,,,,,,,,,,,12429,0.01030847616493702
,,,7,,,,,,,,,,,,,,,,,,,,,,,,,,,,,12439,0.03489134460687637
,,,7,,,,,,,,,,,,,,,,,,,,,,,,,,,,,12449,0.4229586124420166
,,,7,,,,,,,,,,,,,,,,,,,,,,,,,,,,,12459,0.015918584540486336
,,,7,,,,,,,,,,,,,,,,,,,,,,,,,,,,,12469,0.0032700172159820795
,,,7,,,,,,,,,,,,,,,,,,,,,,,,,,,,,12479,0.05275570601224899
,,,7,,,,,,,,,,,,,,,,,,,,,,,,,,,,,12489,0.044030290096998215
,,,7,,,,,,,,,,,,,,,,,,,,,,,,,,,,,12499,0.05437595024704933
,,,7,,,,,,,,,,,,,,,,,,,,,,,,,,,,,12509,0.332171767950058
,,,7,,,,,,,,,,,,,,,,,,,,,,,,,,,,,12519,0.06650877743959427
,,,7,,,,,,,,,,,,,,,,,,,,,,,,,,,,,12529,0.27650123834609985
,,,7,,,,,,,,,,,,,,,,,,,,,,,,,,,,,12539,0.004525282420217991
,,,7,,,,,,,,,,,,,,,,,,,,,,,,,,,,,12549,0.531457245349884
,,,7,,,,,,,,,,,,,,,,,,,,,,,,,,,,,12559,0.0339115634560585
,,,7,,,,,,,,,,,,,,,,,,,,,,,,,,,,,12569,0.012693019583821297
,,,7,,,,,,,,,,,,,,,,,,,,,,,,,,,,,12579,0.02276604250073433
,,,7,,,,,,,,,,,,,,,,,,,,,,,,,,,,,12589,0.019692223519086838
,,,7,,,,,,,,,,,,,,,,,,,,,,,,,,,,,12599,0.023340415209531784
,,,7,,,,,,,,,,,,,,,,,,,,,,,,,,,,,12609,0.01591033861041069
,,,7,,,,,,,,,,,,,,,,,,,,,,,,,,,,,12619,0.10386186838150024
,,,7,,,,,,,,,,,,,,,,,,,,,,,,,,,,,12629,0.1493442952632904
,,,7,,,,,,,,,,,,,,,,,,,,,,,,,,,,,12639,0.010287899523973465
,,,7,,,,,,,,,,,,,,,,,,,,,,,,,,,,,12649,0.0035054367035627365
,,,7,,,,,,,,,,,,,,,,,,,,,,,,,,,,,12659,0.12614044547080994
,,,7,,,,,,,,,,,,,,,,,,,,,,,,,,,,,12669,0.009021414443850517
,,,7,,,,,,,,,,,,,,,,,,,,,,,,,,,,,12679,0.004572458565235138
,,,7,,,,,,,,,,,,,,,,,,,,,,,,,,,,,12689,0.029161818325519562
,,,7,,,,,,,,,,,,,,,,,,,,,,,,,,,,,12699,0.6236887574195862
,,,7,,,,,,,,,,,,,,,,,,,,,,,,,,,,,12709,0.07916612923145294
,,,7,,,,,,,,,,,,,,,,,,,,,,,,,,,,,12719,0.02007184363901615
,,,7,,,,,,,,,,,,,,,,,,,,,,,,,,,,,12729,0.021205805242061615
,,,7,,,,,,,,,,,,,,,,,,,,,,,,,,,,,12739,0.03565023094415665
,,,7,,,,,,,,,,,,,,,,,,,,,,,,,,,,,12749,0.38428428769111633
,,,7,,,,,,,,,,,,,,,,,,,,,,,,,,,,,12759,0.0075691984966397285
,,,7,,,,,,,,,,,,,,,,,,,,,,,,,,,,,12769,0.020573286339640617
,,,7,,,,,,,,,,,,,,,,,,,,,,,,,,,,,12779,0.1382826566696167
,,,7,,,,,,,,,,,,,,,,,,,,,,,,,,,,,12789,0.006873181089758873
,,,7,,,,,,,,,,,,,,,,,,,,,,,,,,,,,12799,0.26070889830589294
,,,7,,,,,,,,,,,,,,,,,,,,,,,,,,,,,12809,0.6141605377197266
,,,7,,,,,,,,,,,,,,,,,,,,,,,,,,,,,12819,0.026391884312033653
,,,7,,,,,,,,,,,,,,,,,,,,,,,,,,,,,12829,0.008142955601215363
,,,7,,,,,,,,,,,,,,,,,,,,,,,,,,,,,12839,0.036939412355422974
,,,7,,,,,,,,,,,,,,,,,,,,,,,,,,,,,12849,0.36880549788475037
,,,7,,,,,,,,,,,,,,,,,,,,,,,,,,,,,12859,0.03620660677552223
,,,7,,,,,,,,,,,,,,,,,,,,,,,,,,,,,12869,0.02078317478299141
,,,7,,,,,,,,,,,,,,,,,,,,,,,,,,,,,12879,0.02402922511100769
,,,7,,,,,,,,,,,,,,,,,,,,,,,,,,,,,12889,0.18700410425662994
,,,7,,,,,,,,,,,,,,,,,,,,,,,,,,,,,12899,0.05104075372219086
,,,7,,,,,,,,,,,,,,,,,,,,,,,,,,,,,12909,0.11449045687913895
,,,7,,,,,,,,,,,,,,,,,,,,,,,,,,,,,12919,0.09203881025314331
,,,7,,,,,,,,,,,,,,,,,,,,,,,,,,,,,12929,0.5468317866325378
,,,7,,,,,,,,,,,,,,,,,,,,,,,,,,,,,12939,0.020600413903594017
,,,7,,,,,,,,,,,,,,,,,,,,,,,,,,,,,12949,0.11672936379909515
,,,7,,,,,,,,,,,,,,,,,,,,,,,,,,,,,12959,0.07321833819150925
,,,7,,,,,,,,,,,,,,,,,,,,,,,,,,,,,12969,0.049622874706983566
,,,7,,,,,,,,,,,,,,,,,,,,,,,,,,,,,12979,0.20929943025112152
,,,7,,,,,,,,,,,,,,,,,,,,,,,,,,,,,12989,0.002285931259393692
,,,7,,,,,,,,,,,,,,,,,,,,,,,,,,,,,12999,0.01041397638618946
,,,7,,,,,,,,,,,,,,,,,,,,,,,,,,,,,13009,0.6266612410545349
,,,7,,,,,,,,,,,,,,,,,,,,,,,,,,,,,13019,0.12518857419490814
,,,7,,,,,,,,,,,,,,,,,,,,,,,,,,,,,13029,0.12355013191699982
,,,7,,,,,,,,,,,,,,,,,,,,,,,,,,,,,13039,0.21171537041664124
,,,7,,,,,,,,,,,,,,,,,,,,,,,,,,,,,13049,0.008396720513701439
,,,7,,,,,,,,,,,,,,,,,,,,,,,,,,,,,13059,0.0845891535282135
,,,7,,,,,,,,,,,,,,,,,,,,,,,,,,,,,13069,0.25730374455451965
,,,7,,,,,,,,,,,,,,,,,,,,,,,,,,,,,13079,0.007628175429999828
,,,7,,,,,,,,,,,,,,,,,,,,,,,,,,,,,13089,0.0421738363802433
,,,7,,,,,,,,,,,,,,,,,,,,,,,,,,,,,13099,0.02148137055337429
,,,7,,,,,,,,,,,,,,,,,,,,,,,,,,,,,13109,0.03047730214893818
,,,7,,,,,,,,,,,,,,,,,,,,,,,,,,,,,13119,0.006247563287615776
,,,7,,,,,,,,,,,,,,,,,,,,,,,,,,,,,13129,0.03836330398917198
,,,7,,,,,,,,,,,,,,,,,,,,,,,,,,,,,13139,0.002624539425596595
,,,7,,,,,,,,,,,,,,,,,,,,,,,,,,,,,13149,0.06457158178091049
,,,7,,,,,,,,,,,,,,,,,,,,,,,,,,,,,13159,0.01014010515064001
,,,7,,,,,,,,,,,,,,,,,,,,,,,,,,,,,13169,0.11680970340967178
,,,7,,,,,,,,,,,,,,,,,,,,,,,,,,,,,13179,0.006959325168281794
,,,7,,,,,,,,,,,,,,,,,,,,,,,,,,,,,13189,0.0030692971777170897
,,,7,,,,,,,,,,,,,,,,,,,,,,,,,,,,,13199,0.0046277171932160854
,,,7,,,,,,,,,,,,,,,,,,,,,,,,,,,,,13209,0.0976320281624794
,,,7,,,,,,,,,,,,,,,,,,,,,,,,,,,,,13219,0.005553994327783585
,,,7,,,,,,,,,,,,,,,,,,,,,,,,,,,,,13229,0.0014272799016907811
,,,7,,,,,,,,,,,,,,,,,,,,,,,,,,,,,13239,0.13736672699451447
,,,7,,,,,,,,,,,,,,,,,,,,,,,,,,,,,13249,1.106945514678955
,,,7,,,,,,,,,,,,,,,,,,,,,,,,,,,,,13259,0.2666383981704712
,,,7,,,,,,,,,,,,,,,,,,,,,,,,,,,,,13269,0.00829726830124855
,,,7,,,,,,,,,,,,,,,,,,,,,,,,,,,,,13279,0.009012808091938496
,,,7,,,,,,,,,,,,,,,,,,,,,,,,,,,,,13289,0.418173223733902
,,,,5.625860740567357e-07,3.1516323605293127e-06,4.8486651700450955e-06,4.8486651700450955e-06,7.459484876992455e-06,7.459484876992455e-06,1.1476130579988391e-05,1.1476130579988391e-05,1.765558550767445e-05,1.765558550767445e-05,2.7162439242576073e-05,5.625860740567357e-07,2.7162439242576073e-05,4.178836806550165e-05,4.178836806550165e-05,6.428979702384869e-05,6.428979702384869e-05,9.890738003669029e-05,9.890738003669029e-05,9.890738003669029e-05,9.890738003669029e-05,8.655170370103625e-07,8.655170370103625e-07,1.3315646723236346e-06,1.3315646723236346e-06,2.048561034344053e-06,2.048561034344053e-06,3.1516323605293127e-06,13296,
,,,8,,,,,,,,,,,,,,,,,,,,,,,,,,,,,13299,0.14898310601711273
,,,8,,,,,,,,,,,,,,,,,,,,,,,,,,,,,13309,0.06825186312198639
,,,8,,,,,,,,,,,,,,,,,,,,,,,,,,,,,13319,0.0826999619603157
,,,8,,,,,,,,,,,,,,,,,,,,,,,,,,,,,13329,0.008093249052762985
,,,8,,,,,,,,,,,,,,,,,,,,,,,,,,,,,13339,0.1259610801935196
,,,8,,,,,,,,,,,,,,,,,,,,,,,,,,,,,13349,0.027393260970711708
,,,8,,,,,,,,,,,,,,,,,,,,,,,,,,,,,13359,0.38689982891082764
,,,8,,,,,,,,,,,,,,,,,,,,,,,,,,,,,13369,0.3162361979484558
,,,8,,,,,,,,,,,,,,,,,,,,,,,,,,,,,13379,0.026384958997368813
,,,8,,,,,,,,,,,,,,,,,,,,,,,,,,,,,13389,0.10446596145629883
,,,8,,,,,,,,,,,,,,,,,,,,,,,,,,,,,13399,0.008870263583958149
,,,8,,,,,,,,,,,,,,,,,,,,,,,,,,,,,13409,0.005499258637428284
,,,8,,,,,,,,,,,,,,,,,,,,,,,,,,,,,13419,0.002613956807181239
,,,8,,,,,,,,,,,,,,,,,,,,,,,,,,,,,13429,0.22115150094032288
,,,8,,,,,,,,,,,,,,,,,,,,,,,,,,,,,13439,0.029699452221393585
,,,8,,,,,,,,,,,,,,,,,,,,,,,,,,,,,13449,0.18686825037002563
,,,8,,,,,,,,,,,,,,,,,,,,,,,,,,,,,13459,0.0823025330901146
,,,8,,,,,,,,,,,,,,,,,,,,,,,,,,,,,13469,0.004615341778844595
,,,8,,,,,,,,,,,,,,,,,,,,,,,,,,,,,13479,0.005994516424834728
,,,8,,,,,,,,,,,,,,,,,,,,,,,,,,,,,13489,0.017377039417624474
,,,8,,,,,,,,,,,,,,,,,,,,,,,,,,,,,13499,0.044703952968120575
,,,8,,,,,,,,,,,,,,,,,,,,,,,,,,,,,13509,0.266124427318573
,,,8,,,,,,,,,,,,,,,,,,,,,,,,,,,,,13519,0.017989059910178185
,,,8,,,,,,,,,,,,,,,,,,,,,,,,,,,,,13529,0.027308426797389984
,,,8,,,,,,,,,,,,,,,,,,,,,,,,,,,,,13539,0.018564829602837563
,,,8,,,,,,,,,,,,,,,,,,,,,,,,,,,,,13549,0.2323916256427765
,,,8,,,,,,,,,,,,,,,,,,,,,,,,,,,,,13559,0.0024221334606409073
,,,8,,,,,,,,,,,,,,,,,,,,,,,,,,,,,13569,0.026168400421738625
,,,8,,,,,,,,,,,,,,,,,,,,,,,,,,,,,13579,0.06354343891143799
,,,8,,,,,,,,,,,,,,,,,,,,,,,,,,,,,13589,0.012505674734711647
,,,8,,,,,,,,,,,,,,,,,,,,,,,,,,,,,13599,0.06061355397105217
,,,8,,,,,,,,,,,,,,,,,,,,,,,,,,,,,13609,0.04933362826704979
,,,8,,,,,,,,,,,,,,,,,,,,,,,,,,,,,13619,0.013528002426028252
,,,8,,,,,,,,,,,,,,,,,,,,,,,,,,,,,13629,0.03468378633260727
,,,8,,,,,,,,,,,,,,,,,,,,,,,,,,,,,13639,0.008250769227743149
,,,8,,,,,,,,,,,,,,,,,,,,,,,,,,,,,13649,0.013255591504275799
,,,8,,,,,,,,,,,,,,,,,,,,,,,,,,,,,13659,0.04073668643832207
,,,8,,,,,,,,,,,,,,,,,,,,,,,,,,,,,13669,0.15241877734661102
,,,8,,,,,,,,,,,,,,,,,,,,,,,,,,,,,13679,0.17699886858463287
,,,8,,,,,,,,,,,,,,,,,,,,,,,,,,,,,13689,0.1622110903263092
,,,8,,,,,,,,,,,,,,,,,,,,,,,,,,,,,13699,0.01611788012087345
,,,8,,,,,,,,,,,,,,,,,,,,,,,,,,,,,13709,0.08756054192781448
,,,8,,,,,,,,,,,,,,,,,,,,,,,,,,,,,13719,0.032257985323667526
,,,8,,,,,,,,,,,,,,,,,,,,,,,,,,,,,13729,0.10810557007789612
,,,8,,,,,,,,,,,,,,,,,,,,,,,,,,,,,13739,0.014699488878250122
,,,8,,,,,,,,,,,,,,,,,,,,,,,,,,,,,13749,0.025512557476758957
,,,8,,,,,,,,,,,,,,,,,,,,,,,,,,,,,13759,0.06541706621646881
,,,8,,,,,,,,,,,,,,,,,,,,,,,,,,,,,13769,0.008474094793200493
,,,8,,,,,,,,,,,,,,,,,,,,,,,,,,,,,13779,0.13351279497146606
,,,8,,,,,,,,,,,,,,,,,,,,,,,,,,,,,13789,0.036595359444618225
,,,8,,,,,,,,,,,,,,,,,,,,,,,,,,,,,13799,0.00342038762755692
,,,8,,,,,,,,,,,,,,,,,,,,,,,,,,,,,13809,0.27977171540260315
,,,8,,,,,,,,,,,,,,,,,,,,,,,,,,,,,13819,0.012520059011876583
,,,8,,,,,,,,,,,,,,,,,,,,,,,,,,,,,13829,0.21002814173698425
,,,8,,,,,,,,,,,,,,,,,,,,,,,,,,,,,13839,0.2243504524230957
,,,8,,,,,,,,,,,,,,,,,,,,,,,,,,,,,13849,0.551195502281189
,,,8,,,,,,,,,,,,,,,,,,,,,,,,,,,,,13859,0.013936102390289307
,,,8,,,,,,,,,,,,,,,,,,,,,,,,,,,,,13869,1.3159797191619873
,,,8,,,,,,,,,,,,,,,,,,,,,,,,,,,,,13879,0.1357022225856781
,,,8,,,,,,,,,,,,,,,,,,,,,,,,,,,,,13889,0.27360525727272034
,,,8,,,,,,,,,,,,,,,,,,,,,,,,,,,,,13899,0.046353530138731
,,,8,,,,,,,,,,,,,,,,,,,,,,,,,,,,,13909,0.23080502450466156
,,,8,,,,,,,,,,,,,,,,,,,,,,,,,,,,,13919,0.03727585822343826
,,,8,,,,,,,,,,,,,,,,,,,,,,,,,,,,,13929,0.12384983152151108
,,,8,,,,,,,,,,,,,,,,,,,,,,,,,,,,,13939,0.008029986172914505
,,,8,,,,,,,,,,,,,,,,,,,,,,,,,,,,,13949,0.005133708007633686
,,,8,,,,,,,,,,,,,,,,,,,,,,,,,,,,,13959,0.539543092250824
,,,8,,,,,,,,,,,,,,,,,,,,,,,,,,,,,13969,0.07750091701745987
,,,8,,,,,,,,,,,,,,,,,,,,,,,,,,,,,13979,0.2533296048641205
,,,8,,,,,,,,,,,,,,,,,,,,,,,,,,,,,13989,0.30613601207733154
,,,8,,,,,,,,,,,,,,,,,,,,,,,,,,,,,13999,0.018048632889986038
,,,8,,,,,,,,,,,,,,,,,,,,,,,,,,,,,14009,0.9368136525154114
,,,8,,,,,,,,,,,,,,,,,,,,,,,,,,,,,14019,0.2150067389011383
,,,8,,,,,,,,,,,,,,,,,,,,,,,,,,,,,14029,0.013055417686700821
,,,8,,,,,,,,,,,,,,,,,,,,,,,,,,,,,14039,0.9211956262588501
,,,8,,,,,,,,,,,,,,,,,,,,,,,,,,,,,14049,0.0075156232342123985
,,,8,,,,,,,,,,,,,,,,,,,,,,,,,,,,,14059,0.07757830619812012
,,,8,,,,,,,,,,,,,,,,,,,,,,,,,,,,,14069,0.17986208200454712
,,,8,,,,,,,,,,,,,,,,,,,,,,,,,,,,,14079,0.6798549294471741
,,,8,,,,,,,,,,,,,,,,,,,,,,,,,,,,,14089,0.002374763134866953
,,,8,,,,,,,,,,,,,,,,,,,,,,,,,,,,,14099,0.025517543777823448
,,,8,,,,,,,,,,,,,,,,,,,,,,,,,,,,,14109,0.6922100186347961
,,,8,,,,,,,,,,,,,,,,,,,,,,,,,,,,,14119,0.0075548868626356125
,,,8,,,,,,,,,,,,,,,,,,,,,,,,,,,,,14129,0.027617093175649643
,,,8,,,,,,,,,,,,,,,,,,,,,,,,,,,,,14139,0.06214442104101181
,,,8,,,,,,,,,,,,,,,,,,,,,,,,,,,,,14149,0.5425441861152649
,,,8,,,,,,,,,,,,,,,,,,,,,,,,,,,,,14159,0.008234160020947456
,,,8,,,,,,,,,,,,,,,,,,,,,,,,,,,,,14169,0.679888129234314
,,,8,,,,,,,,,,,,,,,,,,,,,,,,,,,,,14179,0.0034849606454372406
,,,8,,,,,,,,,,,,,,,,,,,,,,,,,,,,,14189,0.009578784927725792
,,,8,,,,,,,,,,,,,,,,,,,,,,,,,,,,,14199,0.805388331413269
,,,8,,,,,,,,,,,,,,,,,,,,,,,,,,,,,14209,0.027714403346180916
,,,8,,,,,,,,,,,,,,,,,,,,,,,,,,,,,14219,0.03571898490190506
,,,8,,,,,,,,,,,,,,,,,,,,,,,,,,,,,14229,0.011375799775123596
,,,8,,,,,,,,,,,,,,,,,,,,,,,,,,,,,14239,0.2600957751274109
,,,8,,,,,,,,,,,,,,,,,,,,,,,,,,,,,14249,0.48621052503585815
,,,8,,,,,,,,,,,,,,,,,,,,,,,,,,,,,14259,0.034673865884542465
,,,8,,,,,,,,,,,,,,,,,,,,,,,,,,,,,14269,0.02246597409248352
,,,8,,,,,,,,,,,,,,,,,,,,,,,,,,,,,14279,0.06984500586986542
,,,8,,,,,,,,,,,,,,,,,,,,,,,,,,,,,14289,0.034353550523519516
,,,8,,,,,,,,,,,,,,,,,,,,,,,,,,,,,14299,0.01534582395106554
,,,8,,,,,,,,,,,,,,,,,,,,,,,,,,,,,14309,0.42212867736816406
,,,8,,,,,,,,,,,,,,,,,,,,,,,,,,,,,14319,0.06754016876220703
,,,8,,,,,,,,,,,,,,,,,,,,,,,,,,,,,14329,0.02016535773873329
,,,8,,,,,,,,,,,,,,,,,,,,,,,,,,,,,14339,0.2973378598690033
,,,8,,,,,,,,,,,,,,,,,,,,,,,,,,,,,14349,0.6999828815460205
,,,8,,,,,,,,,,,,,,,,,,,,,,,,,,,,,14359,0.12643234431743622
,,,8,,,,,,,,,,,,,,,,,,,,,,,,,,,,,14369,0.07478368282318115
,,,8,,,,,,,,,,,,,,,,,,,,,,,,,,,,,14379,0.007990450598299503
,,,8,,,,,,,,,,,,,,,,,,,,,,,,,,,,,14389,0.007415329106152058
,,,8,,,,,,,,,,,,,,,,,,,,,,,,,,,,,14399,0.0622468926012516
,,,8,,,,,,,,,,,,,,,,,,,,,,,,,,,,,14409,0.026718759909272194
,,,8,,,,,,,,,,,,,,,,,,,,,,,,,,,,,14419,0.0035457126796245575
,,,8,,,,,,,,,,,,,,,,,,,,,,,,,,,,,14429,0.8384624123573303
,,,8,,,,,,,,,,,,,,,,,,,,,,,,,,,,,14439,0.0036169923841953278
,,,8,,,,,,,,,,,,,,,,,,,,,,,,,,,,,14449,0.05022577941417694
,,,8,,,,,,,,,,,,,,,,,,,,,,,,,,,,,14459,0.13739359378814697
,,,8,,,,,,,,,,,,,,,,,,,,,,,,,,,,,14469,0.4028286635875702
,,,8,,,,,,,,,,,,,,,,,,,,,,,,,,,,,14479,0.01508351881057024
,,,8,,,,,,,,,,,,,,,,,,,,,,,,,,,,,14489,0.0060989935882389545
,,,8,,,,,,,,,,,,,,,,,,,,,,,,,,,,,14499,0.002675289288163185
,,,8,,,,,,,,,,,,,,,,,,,,,,,,,,,,,14509,0.06354013830423355
,,,8,,,,,,,,,,,,,,,,,,,,,,,,,,,,,14519,0.5829024314880371
,,,8,,,,,,,,,,,,,,,,,,,,,,,,,,,,,14529,0.0015802677953615785
,,,8,,,,,,,,,,,,,,,,,,,,,,,,,,,,,14539,0.41587820649147034
,,,8,,,,,,,,,,,,,,,,,,,,,,,,,,,,,14549,0.15043310821056366
,,,8,,,,,,,,,,,,,,,,,,,,,,,,,,,,,14559,0.3178711235523224
,,,8,,,,,,,,,,,,,,,,,,,,,,,,,,,,,14569,0.07140271365642548
,,,8,,,,,,,,,,,,,,,,,,,,,,,,,,,,,14579,0.03380671143531799
,,,8,,,,,,,,,,,,,,,,,,,,,,,,,,,,,14589,0.14147771894931793
,,,8,,,,,,,,,,,,,,,,,,,,,,,,,,,,,14599,0.10424929112195969
,,,8,,,,,,,,,,,,,,,,,,,,,,,,,,,,,14609,0.046545639634132385
,,,8,,,,,,,,,,,,,,,,,,,,,,,,,,,,,14619,0.005500681698322296
,,,8,,,,,,,,,,,,,,,,,,,,,,,,,,,,,14629,0.6749876141548157
,,,8,,,,,,,,,,,,,,,,,,,,,,,,,,,,,14639,0.0060111843049526215
,,,8,,,,,,,,,,,,,,,,,,,,,,,,,,,,,14649,0.1411699801683426
,,,8,,,,,,,,,,,,,,,,,,,,,,,,,,,,,14659,1.0812361240386963
,,,8,,,,,,,,,,,,,,,,,,,,,,,,,,,,,14669,0.05654187127947807
,,,8,,,,,,,,,,,,,,,,,,,,,,,,,,,,,14679,0.029231106862425804
,,,8,,,,,,,,,,,,,,,,,,,,,,,,,,,,,14689,0.01162595022469759
,,,8,,,,,,,,,,,,,,,,,,,,,,,,,,,,,14699,0.011181574314832687
,,,8,,,,,,,,,,,,,,,,,,,,,,,,,,,,,14709,0.0037138797342777252
,,,8,,,,,,,,,,,,,,,,,,,,,,,,,,,,,14719,1.6205601692199707
,,,8,,,,,,,,,,,,,,,,,,,,,,,,,,,,,14729,0.010878195986151695
,,,8,,,,,,,,,,,,,,,,,,,,,,,,,,,,,14739,0.004416525363922119
,,,8,,,,,,,,,,,,,,,,,,,,,,,,,,,,,14749,0.004747532773762941
,,,8,,,,,,,,,,,,,,,,,,,,,,,,,,,,,14759,0.004392421804368496
,,,8,,,,,,,,,,,,,,,,,,,,,,,,,,,,,14769,0.006111463997513056
,,,8,,,,,,,,,,,,,,,,,,,,,,,,,,,,,14779,0.37051498889923096
,,,8,,,,,,,,,,,,,,,,,,,,,,,,,,,,,14789,0.19834858179092407
,,,8,,,,,,,,,,,,,,,,,,,,,,,,,,,,,14799,0.0044265976175665855
,,,8,,,,,,,,,,,,,,,,,,,,,,,,,,,,,14809,0.01401689276099205
,,,8,,,,,,,,,,,,,,,,,,,,,,,,,,,,,14819,0.0032712880056351423
,,,8,,,,,,,,,,,,,,,,,,,,,,,,,,,,,14829,0.03738448768854141
,,,8,,,,,,,,,,,,,,,,,,,,,,,,,,,,,14839,0.02351425774395466
,,,8,,,,,,,,,,,,,,,,,,,,,,,,,,,,,14849,0.0036077306140214205
,,,8,,,,,,,,,,,,,,,,,,,,,,,,,,,,,14859,0.1430727243423462
,,,8,,,,,,,,,,,,,,,,,,,,,,,,,,,,,14869,0.04214712232351303
,,,8,,,,,,,,,,,,,,,,,,,,,,,,,,,,,14879,0.036632977426052094
,,,8,,,,,,,,,,,,,,,,,,,,,,,,,,,,,14889,0.0043823737651109695
,,,8,,,,,,,,,,,,,,,,,,,,,,,,,,,,,14899,0.032608289271593094
,,,8,,,,,,,,,,,,,,,,,,,,,,,,,,,,,14909,0.05542903393507004
,,,8,,,,,,,,,,,,,,,,,,,,,,,,,,,,,14919,0.22908012568950653
,,,8,,,,,,,,,,,,,,,,,,,,,,,,,,,,,14929,0.0034222067333757877
,,,8,,,,,,,,,,,,,,,,,,,,,,,,,,,,,14939,0.004242953844368458
,,,8,,,,,,,,,,,,,,,,,,,,,,,,,,,,,14949,0.05322277918457985
,,,,5.577837150809623e-07,3.1247293306590787e-06,4.807275893321659e-06,4.807275893321659e-06,7.395809066648706e-06,7.395809066648706e-06,1.1378167794844163e-05,1.1378167794844163e-05,1.750487353052948e-05,1.750487353052948e-05,2.6930574662353044e-05,5.577837150809623e-07,2.6930574662353044e-05,4.143165332669699e-05,4.143165332669699e-05,6.374100511799537e-05,6.374100511799537e-05,9.806308479691595e-05,9.806308479691595e-05,9.806308479691595e-05,9.806308479691595e-05,8.581287924322494e-07,8.581287924322494e-07,1.3201981422034608e-06,1.3201981422034608e-06,2.031074064928401e-06,2.031074064928401e-06,3.1247293306590787e-06,14958,
,,,9,,,,,,,,,,,,,,,,,,,,,,,,,,,,,14959,0.3469115197658539
,,,9,,,,,,,,,,,,,,,,,,,,,,,,,,,,,14969,0.0035402013454586267
,,,9,,,,,,,,,,,,,,,,,,,,,,,,,,,,,14979,0.026013625785708427
,,,9,,,,,,,,,,,,,,,,,,,,,,,,,,,,,14989,0.051438819617033005
,,,9,,,,,,,,,,,,,,,,,,,,,,,,,,,,,14999,0.07536818832159042
,,,9,,,,,,,,,,,,,,,,,,,,,,,,,,,,,15009,0.4405286908149719
,,,9,,,,,,,,,,,,,,,,,,,,,,,,,,,,,15019,0.029995165765285492
,,,9,,,,,,,,,,,,,,,,,,,,,,,,,,,,,15029,0.054490506649017334
,,,9,,,,,,,,,,,,,,,,,,,,,,,,,,,,,15039,0.730713963508606
,,,9,,,,,,,,,,,,,,,,,,,,,,,,,,,,,15049,0.013332662172615528
,,,9,,,,,,,,,,,,,,,,,,,,,,,,,,,,,15059,0.08117351680994034
,,,9,,,,,,,,,,,,,,,,,,,,,,,,,,,,,15069,0.025126423686742783
,,,9,,,,,,,,,,,,,,,,,,,,,,,,,,,,,15079,0.005904323421418667
,,,9,,,,,,,,,,,,,,,,,,,,,,,,,,,,,15089,0.8531123399734497
,,,9,,,,,,,,,,,,,,,,,,,,,,,,,,,,,15099,0.021628109738230705
,,,9,,,,,,,,,,,,,,,,,,,,,,,,,,,,,15109,0.22674749791622162
,,,9,,,,,,,,,,,,,,,,,,,,,,,,,,,,,15119,0.004119788762181997
,,,9,,,,,,,,,,,,,,,,,,,,,,,,,,,,,15129,0.10358180850744247
,,,9,,,,,,,,,,,,,,,,,,,,,,,,,,,,,15139,0.46952712535858154
,,,9,,,,,,,,,,,,,,,,,,,,,,,,,,,,,15149,0.08288627117872238
,,,9,,,,,,,,,,,,,,,,,,,,,,,,,,,,,15159,0.011813048273324966
,,,9,,,,,,,,,,,,,,,,,,,,,,,,,,,,,15169,0.07047510147094727
,,,9,,,,,,,,,,,,,,,,,,,,,,,,,,,,,15179,0.0038392150308936834
,,,9,,,,,,,,,,,,,,,,,,,,,,,,,,,,,15189,0.9918462634086609
,,,9,,,,,,,,,,,,,,,,,,,,,,,,,,,,,15199,0.030986720696091652
,,,9,,,,,,,,,,,,,,,,,,,,,,,,,,,,,15209,0.01151234470307827
,,,9,,,,,,,,,,,,,,,,,,,,,,,,,,,,,15219,0.09010535478591919
,,,9,,,,,,,,,,,,,,,,,,,,,,,,,,,,,15229,0.010570296086370945
,,,9,,,,,,,,,,,,,,,,,,,,,,,,,,,,,15239,0.022836878895759583
,,,9,,,,,,,,,,,,,,,,,,,,,,,,,,,,,15249,1.0001901388168335
,,,9,,,,,,,,,,,,,,,,,,,,,,,,,,,,,15259,0.011562143452465534
,,,9,,,,,,,,,,,,,,,,,,,,,,,,,,,,,15269,0.013797366060316563
,,,9,,,,,,,,,,,,,,,,,,,,,,,,,,,,,15279,0.051572032272815704
,,,9,,,,,,,,,,,,,,,,,,,,,,,,,,,,,15289,0.04524869844317436
,,,9,,,,,,,,,,,,,,,,,,,,,,,,,,,,,15299,0.024592237547039986
,,,9,,,,,,,,,,,,,,,,,,,,,,,,,,,,,15309,0.06542663276195526
,,,9,,,,,,,,,,,,,,,,,,,,,,,,,,,,,15319,0.06968256086111069
,,,9,,,,,,,,,,,,,,,,,,,,,,,,,,,,,15329,0.0037175617180764675
,,,9,,,,,,,,,,,,,,,,,,,,,,,,,,,,,15339,0.007639829069375992
,,,9,,,,,,,,,,,,,,,,,,,,,,,,,,,,,15349,0.010270056314766407
,,,9,,,,,,,,,,,,,,,,,,,,,,,,,,,,,15359,0.025251418352127075
,,,9,,,,,,,,,,,,,,,,,,,,,,,,,,,,,15369,0.0015837366227060556
,,,9,,,,,,,,,,,,,,,,,,,,,,,,,,,,,15379,0.3305143415927887
,,,9,,,,,,,,,,,,,,,,,,,,,,,,,,,,,15389,0.04518100991845131
,,,9,,,,,,,,,,,,,,,,,,,,,,,,,,,,,15399,0.05010410025715828
,,,9,,,,,,,,,,,,,,,,,,,,,,,,,,,,,15409,0.16115963459014893
,,,9,,,,,,,,,,,,,,,,,,,,,,,,,,,,,15419,0.012109589762985706
,,,9,,,,,,,,,,,,,,,,,,,,,,,,,,,,,15429,0.02036108262836933
,,,9,,,,,,,,,,,,,,,,,,,,,,,,,,,,,15439,0.03998371586203575
,,,9,,,,,,,,,,,,,,,,,,,,,,,,,,,,,15449,0.015724482014775276
,,,9,,,,,,,,,,,,,,,,,,,,,,,,,,,,,15459,0.051672518253326416
,,,9,,,,,,,,,,,,,,,,,,,,,,,,,,,,,15469,0.21737252175807953
,,,9,,,,,,,,,,,,,,,,,,,,,,,,,,,,,15479,0.6748942732810974
,,,9,,,,,,,,,,,,,,,,,,,,,,,,,,,,,15489,0.02971964329481125
,,,9,,,,,,,,,,,,,,,,,,,,,,,,,,,,,15499,0.003430390264838934
,,,9,,,,,,,,,,,,,,,,,,,,,,,,,,,,,15509,0.0036057666875422
,,,9,,,,,,,,,,,,,,,,,,,,,,,,,,,,,15519,0.020693998783826828
,,,9,,,,,,,,,,,,,,,,,,,,,,,,,,,,,15529,0.2139178067445755
,,,9,,,,,,,,,,,,,,,,,,,,,,,,,,,,,15539,0.013487858697772026
,,,9,,,,,,,,,,,,,,,,,,,,,,,,,,,,,15549,0.035849105566740036
,,,9,,,,,,,,,,,,,,,,,,,,,,,,,,,,,15559,0.010056950151920319
,,,9,,,,,,,,,,,,,,,,,,,,,,,,,,,,,15569,0.015777895227074623
,,,9,,,,,,,,,,,,,,,,,,,,,,,,,,,,,15579,0.11485335230827332
,,,9,,,,,,,,,,,,,,,,,,,,,,,,,,,,,15589,0.06817324459552765
,,,9,,,,,,,,,,,,,,,,,,,,,,,,,,,,,15599,0.056806255131959915
,,,9,,,,,,,,,,,,,,,,,,,,,,,,,,,,,15609,0.01199561357498169
,,,9,,,,,,,,,,,,,,,,,,,,,,,,,,,,,15619,0.5776894092559814
,,,9,,,,,,,,,,,,,,,,,,,,,,,,,,,,,15629,0.05825348198413849
,,,9,,,,,,,,,,,,,,,,,,,,,,,,,,,,,15639,0.05367957428097725
,,,9,,,,,,,,,,,,,,,,,,,,,,,,,,,,,15649,0.002865862799808383
,,,9,,,,,,,,,,,,,,,,,,,,,,,,,,,,,15659,0.8101529479026794
,,,9,,,,,,,,,,,,,,,,,,,,,,,,,,,,,15669,0.004449836909770966
,,,9,,,,,,,,,,,,,,,,,,,,,,,,,,,,,15679,0.05628282204270363
,,,9,,,,,,,,,,,,,,,,,,,,,,,,,,,,,15689,0.2705022394657135
,,,9,,,,,,,,,,,,,,,,,,,,,,,,,,,,,15699,0.004565281793475151
,,,9,,,,,,,,,,,,,,,,,,,,,,,,,,,,,15709,0.008694419637322426
,,,9,,,,,,,,,,,,,,,,,,,,,,,,,,,,,15719,0.0015442342264577746
,,,9,,,,,,,,,,,,,,,,,,,,,,,,,,,,,15729,0.0046868231147527695
,,,9,,,,,,,,,,,,,,,,,,,,,,,,,,,,,15739,0.0153258191421628
,,,9,,,,,,,,,,,,,,,,,,,,,,,,,,,,,15749,0.6564436554908752
,,,9,,,,,,,,,,,,,,,,,,,,,,,,,,,,,15759,0.15922215580940247
,,,9,,,,,,,,,,,,,,,,,,,,,,,,,,,,,15769,0.05861412733793259
,,,9,,,,,,,,,,,,,,,,,,,,,,,,,,,,,15779,0.002797274850308895
,,,9,,,,,,,,,,,,,,,,,,,,,,,,,,,,,15789,0.11028850078582764
,,,9,,,,,,,,,,,,,,,,,,,,,,,,,,,,,15799,0.10211546719074249
,,,9,,,,,,,,,,,,,,,,,,,,,,,,,,,,,15809,0.42905622720718384
,,,9,,,,,,,,,,,,,,,,,,,,,,,,,,,,,15819,0.026784542948007584
,,,9,,,,,,,,,,,,,,,,,,,,,,,,,,,,,15829,0.02263243868947029
,,,9,,,,,,,,,,,,,,,,,,,,,,,,,,,,,15839,0.008234990760684013
,,,9,,,,,,,,,,,,,,,,,,,,,,,,,,,,,15849,0.3507285714149475
,,,9,,,,,,,,,,,,,,,,,,,,,,,,,,,,,15859,0.004148887936025858
,,,9,,,,,,,,,,,,,,,,,,,,,,,,,,,,,15869,0.007450967561453581
,,,9,,,,,,,,,,,,,,,,,,,,,,,,,,,,,15879,0.0018069233046844602
,,,9,,,,,,,,,,,,,,,,,,,,,,,,,,,,,15889,0.7141935229301453
,,,9,,,,,,,,,,,,,,,,,,,,,,,,,,,,,15899,0.026874490082263947
,,,9,,,,,,,,,,,,,,,,,,,,,,,,,,,,,15909,0.004841226618736982
,,,9,,,,,,,,,,,,,,,,,,,,,,,,,,,,,15919,0.018948838114738464
,,,9,,,,,,,,,,,,,,,,,,,,,,,,,,,,,15929,0.1648913323879242
,,,9,,,,,,,,,,,,,,,,,,,,,,,,,,,,,15939,0.027490494772791862
,,,9,,,,,,,,,,,,,,,,,,,,,,,,,,,,,15949,0.024946346879005432
,,,9,,,,,,,,,,,,,,,,,,,,,,,,,,,,,15959,0.0022743812296539545
,,,9,,,,,,,,,,,,,,,,,,,,,,,,,,,,,15969,0.018620507791638374
,,,9,,,,,,,,,,,,,,,,,,,,,,,,,,,,,15979,1.626641869544983
,,,9,,,,,,,,,,,,,,,,,,,,,,,,,,,,,15989,0.1374673843383789
,,,9,,,,,,,,,,,,,,,,,,,,,,,,,,,,,15999,0.059085629880428314
,,,9,,,,,,,,,,,,,,,,,,,,,,,,,,,,,16009,0.07858547568321228
,,,9,,,,,,,,,,,,,,,,,,,,,,,,,,,,,16019,0.03905629366636276
,,,9,,,,,,,,,,,,,,,,,,,,,,,,,,,,,16029,1.0418345928192139
,,,9,,,,,,,,,,,,,,,,,,,,,,,,,,,,,16039,0.006666269153356552
,,,9,,,,,,,,,,,,,,,,,,,,,,,,,,,,,16049,0.07115867733955383
,,,9,,,,,,,,,,,,,,,,,,,,,,,,,,,,,16059,0.09170479327440262
,,,9,,,,,,,,,,,,,,,,,,,,,,,,,,,,,16069,0.14855457842350006
,,,9,,,,,,,,,,,,,,,,,,,,,,,,,,,,,16079,0.10762402415275574
,,,9,,,,,,,,,,,,,,,,,,,,,,,,,,,,,16089,0.004475601948797703
,,,9,,,,,,,,,,,,,,,,,,,,,,,,,,,,,16099,0.011557478457689285
,,,9,,,,,,,,,,,,,,,,,,,,,,,,,,,,,16109,0.0033855908550322056
,,,9,,,,,,,,,,,,,,,,,,,,,,,,,,,,,16119,0.034835971891880035
,,,9,,,,,,,,,,,,,,,,,,,,,,,,,,,,,16129,0.18618126213550568
,,,9,,,,,,,,,,,,,,,,,,,,,,,,,,,,,16139,0.03569969907402992
,,,9,,,,,,,,,,,,,,,,,,,,,,,,,,,,,16149,0.39981716871261597
,,,9,,,,,,,,,,,,,,,,,,,,,,,,,,,,,16159,0.0018654209561645985
,,,9,,,,,,,,,,,,,,,,,,,,,,,,,,,,,16169,0.21562360227108002
,,,9,,,,,,,,,,,,,,,,,,,,,,,,,,,,,16179,0.16476736962795258
,,,9,,,,,,,,,,,,,,,,,,,,,,,,,,,,,16189,0.04433877021074295
,,,9,,,,,,,,,,,,,,,,,,,,,,,,,,,,,16199,0.4273719787597656
,,,9,,,,,,,,,,,,,,,,,,,,,,,,,,,,,16209,0.09222190827131271
,,,9,,,,,,,,,,,,,,,,,,,,,,,,,,,,,16219,0.007945594377815723
,,,9,,,,,,,,,,,,,,,,,,,,,,,,,,,,,16229,0.00495161022990942
,,,9,,,,,,,,,,,,,,,,,,,,,,,,,,,,,16239,0.03485827520489693
,,,9,,,,,,,,,,,,,,,,,,,,,,,,,,,,,16249,0.010186892002820969
,,,9,,,,,,,,,,,,,,,,,,,,,,,,,,,,,16259,0.07813717424869537
,,,9,,,,,,,,,,,,,,,,,,,,,,,,,,,,,16269,0.11937876790761948
,,,9,,,,,,,,,,,,,,,,,,,,,,,,,,,,,16279,0.025341110303997993
,,,9,,,,,,,,,,,,,,,,,,,,,,,,,,,,,16289,0.004369023256003857
,,,9,,,,,,,,,,,,,,,,,,,,,,,,,,,,,16299,0.059924136847257614
,,,9,,,,,,,,,,,,,,,,,,,,,,,,,,,,,16309,0.06979203969240189
,,,9,,,,,,,,,,,,,,,,,,,,,,,,,,,,,16319,0.6899968385696411
,,,9,,,,,,,,,,,,,,,,,,,,,,,,,,,,,16329,0.0355837382376194
,,,9,,,,,,,,,,,,,,,,,,,,,,,,,,,,,16339,0.11069270223379135
,,,9,,,,,,,,,,,,,,,,,,,,,,,,,,,,,16349,0.11180228739976883
,,,9,,,,,,,,,,,,,,,,,,,,,,,,,,,,,16359,0.010446247644722462
,,,9,,,,,,,,,,,,,,,,,,,,,,,,,,,,,16369,0.4742777645587921
,,,9,,,,,,,,,,,,,,,,,,,,,,,,,,,,,16379,0.10210245102643967
,,,9,,,,,,,,,,,,,,,,,,,,,,,,,,,,,16389,0.01059150043874979
,,,9,,,,,,,,,,,,,,,,,,,,,,,,,,,,,16399,0.023022793233394623
,,,9,,,,,,,,,,,,,,,,,,,,,,,,,,,,,16409,0.357626736164093
,,,9,,,,,,,,,,,,,,,,,,,,,,,,,,,,,16419,0.041943032294511795
,,,9,,,,,,,,,,,,,,,,,,,,,,,,,,,,,16429,0.06344307214021683
,,,9,,,,,,,,,,,,,,,,,,,,,,,,,,,,,16439,0.0034277637023478746
,,,9,,,,,,,,,,,,,,,,,,,,,,,,,,,,,16449,0.033321309834718704
,,,9,,,,,,,,,,,,,,,,,,,,,,,,,,,,,16459,0.002488827332854271
,,,9,,,,,,,,,,,,,,,,,,,,,,,,,,,,,16469,0.7830928564071655
,,,9,,,,,,,,,,,,,,,,,,,,,,,,,,,,,16479,0.7499532103538513
,,,9,,,,,,,,,,,,,,,,,,,,,,,,,,,,,16489,0.42735740542411804
,,,9,,,,,,,,,,,,,,,,,,,,,,,,,,,,,16499,0.021251648664474487
,,,9,,,,,,,,,,,,,,,,,,,,,,,,,,,,,16509,0.02897331677377224
,,,9,,,,,,,,,,,,,,,,,,,,,,,,,,,,,16519,0.002442049328237772
,,,9,,,,,,,,,,,,,,,,,,,,,,,,,,,,,16529,0.006399046629667282
,,,9,,,,,,,,,,,,,,,,,,,,,,,,,,,,,16539,0.6102956533432007
,,,9,,,,,,,,,,,,,,,,,,,,,,,,,,,,,16549,0.4535853862762451
,,,9,,,,,,,,,,,,,,,,,,,,,,,,,,,,,16559,0.0017346905078738928
,,,9,,,,,,,,,,,,,,,,,,,,,,,,,,,,,16569,0.02572547271847725
,,,9,,,,,,,,,,,,,,,,,,,,,,,,,,,,,16579,0.01548056397587061
,,,9,,,,,,,,,,,,,,,,,,,,,,,,,,,,,16589,0.10434387624263763
,,,9,,,,,,,,,,,,,,,,,,,,,,,,,,,,,16599,0.013663193210959435
,,,9,,,,,,,,,,,,,,,,,,,,,,,,,,,,,16609,0.004606314934790134
,,,9,,,,,,,,,,,,,,,,,,,,,,,,,,,,,16619,0.5335714817047119
0.841796875,0.8500986099243164,0.8336557149887085,9,,,,,,,,,,,,,,,,,,,,,,,,,,,,,16619,
,,,,5.516494603334762e-07,3.0903649610782603e-06,4.7544076324280925e-06,4.7544076324280925e-06,7.314473280658603e-06,7.314473280658603e-06,1.125303581639785e-05,1.125303581639785e-05,1.7312362794458232e-05,1.7312362794458232e-05,2.663440429916651e-05,5.516494603334762e-07,2.663440429916651e-05,4.097600661410232e-05,4.097600661410232e-05,6.304001017554203e-05,6.304001017554203e-05,9.698463103929542e-05,9.698463103929542e-05,9.698463103929542e-05,9.698463103929542e-05,8.486914774361172e-07,8.486914774361172e-07,1.3056791960555651e-06,1.3056791960555651e-06,2.0087372247008692e-06,2.0087372247008692e-06,3.0903649610782603e-06,16620,
,,,10,,,,,,,,,,,,,,,,,,,,,,,,,,,,,16629,0.022330844774842262
,,,10,,,,,,,,,,,,,,,,,,,,,,,,,,,,,16639,0.15298804640769958
,,,10,,,,,,,,,,,,,,,,,,,,,,,,,,,,,16649,0.014532819390296936
,,,10,,,,,,,,,,,,,,,,,,,,,,,,,,,,,16659,0.006817873101681471
,,,10,,,,,,,,,,,,,,,,,,,,,,,,,,,,,16669,0.0040882364846765995
,,,10,,,,,,,,,,,,,,,,,,,,,,,,,,,,,16679,0.006877151783555746
,,,10,,,,,,,,,,,,,,,,,,,,,,,,,,,,,16689,0.03512607514858246
,,,10,,,,,,,,,,,,,,,,,,,,,,,,,,,,,16699,0.0013673081994056702
,,,10,,,,,,,,,,,,,,,,,,,,,,,,,,,,,16709,0.026944704353809357
,,,10,,,,,,,,,,,,,,,,,,,,,,,,,,,,,16719,0.0028228668961673975
,,,10,,,,,,,,,,,,,,,,,,,,,,,,,,,,,16729,0.0020949766039848328
,,,10,,,,,,,,,,,,,,,,,,,,,,,,,,,,,16739,0.011521556414663792
,,,10,,,,,,,,,,,,,,,,,,,,,,,,,,,,,16749,0.004788005258888006
,,,10,,,,,,,,,,,,,,,,,,,,,,,,,,,,,16759,0.02038830891251564
,,,10,,,,,,,,,,,,,,,,,,,,,,,,,,,,,16769,0.01145164668560028
,,,10,,,,,,,,,,,,,,,,,,,,,,,,,,,,,16779,0.021703381091356277
,,,10,,,,,,,,,,,,,,,,,,,,,,,,,,,,,16789,0.007142224349081516
,,,10,,,,,,,,,,,,,,,,,,,,,,,,,,,,,16799,0.006621562875807285
,,,10,,,,,,,,,,,,,,,,,,,,,,,,,,,,,16809,0.0024832028429955244
,,,10,,,,,,,,,,,,,,,,,,,,,,,,,,,,,16819,0.014900164678692818
,,,10,,,,,,,,,,,,,,,,,,,,,,,,,,,,,16829,0.007681127171963453
,,,10,,,,,,,,,,,,,,,,,,,,,,,,,,,,,16839,0.09873683005571365
,,,10,,,,,,,,,,,,,,,,,,,,,,,,,,,,,16849,0.4908623993396759
,,,10,,,,,,,,,,,,,,,,,,,,,,,,,,,,,16859,0.010007699951529503
,,,10,,,,,,,,,,,,,,,,,,,,,,,,,,,,,16869,0.07042350620031357
,,,10,,,,,,,,,,,,,,,,,,,,,,,,,,,,,16879,0.002671104157343507
,,,10,,,,,,,,,,,,,,,,,,,,,,,,,,,,,16889,0.0044086952693760395
,,,10,,,,,,,,,,,,,,,,,,,,,,,,,,,,,16899,0.05538135766983032
,,,10,,,,,,,,,,,,,,,,,,,,,,,,,,,,,16909,0.018516208976507187
,,,10,,,,,,,,,,,,,,,,,,,,,,,,,,,,,16919,0.011588545516133308
,,,10,,,,,,,,,,,,,,,,,,,,,,,,,,,,,16929,0.11408628523349762
,,,10,,,,,,,,,,,,,,,,,,,,,,,,,,,,,16939,0.003989127464592457
,,,10,,,,,,,,,,,,,,,,,,,,,,,,,,,,,16949,0.12138383835554123
,,,10,,,,,,,,,,,,,,,,,,,,,,,,,,,,,16959,0.008511190302670002
,,,10,,,,,,,,,,,,,,,,,,,,,,,,,,,,,16969,0.014978251419961452
,,,10,,,,,,,,,,,,,,,,,,,,,,,,,,,,,16979,0.007985024712979794
,,,10,,,,,,,,,,,,,,,,,,,,,,,,,,,,,16989,0.2546529471874237
,,,10,,,,,,,,,,,,,,,,,,,,,,,,,,,,,16999,0.001189222326502204
,,,10,,,,,,,,,,,,,,,,,,,,,,,,,,,,,17009,0.9041897654533386
,,,10,,,,,,,,,,,,,,,,,,,,,,,,,,,,,17019,0.10525760799646378
,,,10,,,,,,,,,,,,,,,,,,,,,,,,,,,,,17029,0.3776995539665222
,,,10,,,,,,,,,,,,,,,,,,,,,,,,,,,,,17039,0.0029153041541576385
,,,10,,,,,,,,,,,,,,,,,,,,,,,,,,,,,17049,0.020908968523144722
,,,10,,,,,,,,,,,,,,,,,,,,,,,,,,,,,17059,0.8857389092445374
,,,10,,,,,,,,,,,,,,,,,,,,,,,,,,,,,17069,0.003335272427648306
,,,10,,,,,,,,,,,,,,,,,,,,,,,,,,,,,17079,0.01258857548236847
,,,10,,,,,,,,,,,,,,,,,,,,,,,,,,,,,17089,0.21295922994613647
,,,10,,,,,,,,,,,,,,,,,,,,,,,,,,,,,17099,0.019915293902158737
,,,10,,,,,,,,,,,,,,,,,,,,,,,,,,,,,17109,0.07876569032669067
,,,10,,,,,,,,,,,,,,,,,,,,,,,,,,,,,17119,0.039741236716508865
,,,10,,,,,,,,,,,,,,,,,,,,,,,,,,,,,17129,0.0055263591930270195
,,,10,,,,,,,,,,,,,,,,,,,,,,,,,,,,,17139,0.0009469908545725048
,,,10,,,,,,,,,,,,,,,,,,,,,,,,,,,,,17149,0.0017439458752050996
,,,10,,,,,,,,,,,,,,,,,,,,,,,,,,,,,17159,0.003987998701632023
,,,10,,,,,,,,,,,,,,,,,,,,,,,,,,,,,17169,0.03606574982404709
,,,10,,,,,,,,,,,,,,,,,,,,,,,,,,,,,17179,0.003226637374609709
,,,10,,,,,,,,,,,,,,,,,,,,,,,,,,,,,17189,0.044522810727357864
,,,10,,,,,,,,,,,,,,,,,,,,,,,,,,,,,17199,0.00403239019215107
,,,10,,,,,,,,,,,,,,,,,,,,,,,,,,,,,17209,0.02886926755309105
,,,10,,,,,,,,,,,,,,,,,,,,,,,,,,,,,17219,0.007941525429487228
,,,10,,,,,,,,,,,,,,,,,,,,,,,,,,,,,17229,0.14008398354053497
,,,10,,,,,,,,,,,,,,,,,,,,,,,,,,,,,17239,0.11452607065439224
,,,10,,,,,,,,,,,,,,,,,,,,,,,,,,,,,17249,0.0025587875861674547
,,,10,,,,,,,,,,,,,,,,,,,,,,,,,,,,,17259,0.006514541804790497
,,,10,,,,,,,,,,,,,,,,,,,,,,,,,,,,,17269,0.02861827053129673
,,,10,,,,,,,,,,,,,,,,,,,,,,,,,,,,,17279,0.006393937859684229
,,,10,,,,,,,,,,,,,,,,,,,,,,,,,,,,,17289,0.3244142532348633
,,,10,,,,,,,,,,,,,,,,,,,,,,,,,,,,,17299,0.015385190956294537
,,,10,,,,,,,,,,,,,,,,,,,,,,,,,,,,,17309,0.09260682016611099
,,,10,,,,,,,,,,,,,,,,,,,,,,,,,,,,,17319,0.09380805492401123
,,,10,,,,,,,,,,,,,,,,,,,,,,,,,,,,,17329,0.37519633769989014
,,,10,,,,,,,,,,,,,,,,,,,,,,,,,,,,,17339,0.052060797810554504
,,,10,,,,,,,,,,,,,,,,,,,,,,,,,,,,,17349,0.02529369853436947
,,,10,,,,,,,,,,,,,,,,,,,,,,,,,,,,,17359,0.007161174435168505
,,,10,,,,,,,,,,,,,,,,,,,,,,,,,,,,,17369,0.4556070864200592
,,,10,,,,,,,,,,,,,,,,,,,,,,,,,,,,,17379,0.5047990679740906
,,,10,,,,,,,,,,,,,,,,,,,,,,,,,,,,,17389,0.019663043320178986
,,,10,,,,,,,,,,,,,,,,,,,,,,,,,,,,,17399,0.011870542541146278
,,,10,,,,,,,,,,,,,,,,,,,,,,,,,,,,,17409,0.004715646617114544
,,,10,,,,,,,,,,,,,,,,,,,,,,,,,,,,,17419,0.35184454917907715
,,,10,,,,,,,,,,,,,,,,,,,,,,,,,,,,,17429,0.30907654762268066
,,,10,,,,,,,,,,,,,,,,,,,,,,,,,,,,,17439,0.0041298833675682545
,,,10,,,,,,,,,,,,,,,,,,,,,,,,,,,,,17449,0.0034667239524424076
,,,10,,,,,,,,,,,,,,,,,,,,,,,,,,,,,17459,0.004418499767780304
,,,10,,,,,,,,,,,,,,,,,,,,,,,,,,,,,17469,0.46005600690841675
,,,10,,,,,,,,,,,,,,,,,,,,,,,,,,,,,17479,0.3045099377632141
,,,10,,,,,,,,,,,,,,,,,,,,,,,,,,,,,17489,0.0015529103111475706
,,,10,,,,,,,,,,,,,,,,,,,,,,,,,,,,,17499,0.0010932155419141054
,,,10,,,,,,,,,,,,,,,,,,,,,,,,,,,,,17509,0.10711076110601425
,,,10,,,,,,,,,,,,,,,,,,,,,,,,,,,,,17519,0.008852597326040268
,,,10,,,,,,,,,,,,,,,,,,,,,,,,,,,,,17529,0.036121103912591934
,,,10,,,,,,,,,,,,,,,,,,,,,,,,,,,,,17539,0.0072378134354949
,,,10,,,,,,,,,,,,,,,,,,,,,,,,,,,,,17549,0.028993824496865273
,,,10,,,,,,,,,,,,,,,,,,,,,,,,,,,,,17559,0.006415389943867922
,,,10,,,,,,,,,,,,,,,,,,,,,,,,,,,,,17569,0.00739631149917841
,,,10,,,,,,,,,,,,,,,,,,,,,,,,,,,,,17579,0.025815879926085472
,,,10,,,,,,,,,,,,,,,,,,,,,,,,,,,,,17589,0.039145100861787796
,,,10,,,,,,,,,,,,,,,,,,,,,,,,,,,,,17599,0.3490743339061737
,,,10,,,,,,,,,,,,,,,,,,,,,,,,,,,,,17609,0.15512537956237793
,,,10,,,,,,,,,,,,,,,,,,,,,,,,,,,,,17619,0.006556039210408926
,,,10,,,,,,,,,,,,,,,,,,,,,,,,,,,,,17629,0.2003423124551773
,,,10,,,,,,,,,,,,,,,,,,,,,,,,,,,,,17639,0.06576234847307205
,,,10,,,,,,,,,,,,,,,,,,,,,,,,,,,,,17649,0.008115822449326515
,,,10,,,,,,,,,,,,,,,,,,,,,,,,,,,,,17659,0.12829679250717163
,,,10,,,,,,,,,,,,,,,,,,,,,,,,,,,,,17669,0.21015897393226624
,,,10,,,,,,,,,,,,,,,,,,,,,,,,,,,,,17679,0.004385394509881735
,,,10,,,,,,,,,,,,,,,,,,,,,,,,,,,,,17689,0.9492794871330261
,,,10,,,,,,,,,,,,,,,,,,,,,,,,,,,,,17699,0.3548421263694763
,,,10,,,,,,,,,,,,,,,,,,,,,,,,,,,,,17709,0.009246463887393475
,,,10,,,,,,,,,,,,,,,,,,,,,,,,,,,,,17719,0.0053274864330887794
,,,10,,,,,,,,,,,,,,,,,,,,,,,,,,,,,17729,0.7249543070793152
,,,10,,,,,,,,,,,,,,,,,,,,,,,,,,,,,17739,0.004698255565017462
,,,10,,,,,,,,,,,,,,,,,,,,,,,,,,,,,17749,0.01624167524278164
,,,10,,,,,,,,,,,,,,,,,,,,,,,,,,,,,17759,0.0021143227349966764
,,,10,,,,,,,,,,,,,,,,,,,,,,,,,,,,,17769,0.036497753113508224
,,,10,,,,,,,,,,,,,,,,,,,,,,,,,,,,,17779,0.039149392396211624
,,,10,,,,,,,,,,,,,,,,,,,,,,,,,,,,,17789,0.03960747271776199
,,,10,,,,,,,,,,,,,,,,,,,,,,,,,,,,,17799,0.11932782083749771
,,,10,,,,,,,,,,,,,,,,,,,,,,,,,,,,,17809,0.014890122227370739
,,,10,,,,,,,,,,,,,,,,,,,,,,,,,,,,,17819,0.017819896340370178
,,,10,,,,,,,,,,,,,,,,,,,,,,,,,,,,,17829,0.005604248493909836
,,,10,,,,,,,,,,,,,,,,,,,,,,,,,,,,,17839,0.24157673120498657
,,,10,,,,,,,,,,,,,,,,,,,,,,,,,,,,,17849,0.031842220574617386
,,,10,,,,,,,,,,,,,,,,,,,,,,,,,,,,,17859,0.0047645545564591885
,,,10,,,,,,,,,,,,,,,,,,,,,,,,,,,,,17869,0.0032070649322122335
,,,10,,,,,,,,,,,,,,,,,,,,,,,,,,,,,17879,0.00557992048561573
,,,10,,,,,,,,,,,,,,,,,,,,,,,,,,,,,17889,0.7021095752716064
,,,10,,,,,,,,,,,,,,,,,,,,,,,,,,,,,17899,0.007555354852229357
,,,10,,,,,,,,,,,,,,,,,,,,,,,,,,,,,17909,0.10033721476793289
,,,10,,,,,,,,,,,,,,,,,,,,,,,,,,,,,17919,0.032410092651844025
,,,10,,,,,,,,,,,,,,,,,,,,,,,,,,,,,17929,0.015566574409604073
,,,10,,,,,,,,,,,,,,,,,,,,,,,,,,,,,17939,0.03078722395002842
,,,10,,,,,,,,,,,,,,,,,,,,,,,,,,,,,17949,0.002030428498983383
,,,10,,,,,,,,,,,,,,,,,,,,,,,,,,,,,17959,0.5356111526489258
,,,10,,,,,,,,,,,,,,,,,,,,,,,,,,,,,17969,0.17151346802711487
,,,10,,,,,,,,,,,,,,,,,,,,,,,,,,,,,17979,0.18238669633865356
,,,10,,,,,,,,,,,,,,,,,,,,,,,,,,,,,17989,0.003687596181407571
,,,10,,,,,,,,,,,,,,,,,,,,,,,,,,,,,17999,0.0058536529541015625
,,,10,,,,,,,,,,,,,,,,,,,,,,,,,,,,,18009,0.00817133579403162
,,,10,,,,,,,,,,,,,,,,,,,,,,,,,,,,,18019,0.0020858815405517817
,,,10,,,,,,,,,,,,,,,,,,,,,,,,,,,,,18029,0.8131827712059021
,,,10,,,,,,,,,,,,,,,,,,,,,,,,,,,,,18039,0.09770341962575912
,,,10,,,,,,,,,,,,,,,,,,,,,,,,,,,,,18049,0.008010078221559525
,,,10,,,,,,,,,,,,,,,,,,,,,,,,,,,,,18059,0.04242805764079094
,,,10,,,,,,,,,,,,,,,,,,,,,,,,,,,,,18069,0.15433786809444427
,,,10,,,,,,,,,,,,,,,,,,,,,,,,,,,,,18079,0.02228502370417118
,,,10,,,,,,,,,,,,,,,,,,,,,,,,,,,,,18089,0.00530779454857111
,,,10,,,,,,,,,,,,,,,,,,,,,,,,,,,,,18099,0.007665334269404411
,,,10,,,,,,,,,,,,,,,,,,,,,,,,,,,,,18109,0.00621965853497386
,,,10,,,,,,,,,,,,,,,,,,,,,,,,,,,,,18119,0.0032108756713569164
,,,10,,,,,,,,,,,,,,,,,,,,,,,,,,,,,18129,0.015701310709118843
,,,10,,,,,,,,,,,,,,,,,,,,,,,,,,,,,18139,0.004309958778321743
,,,10,,,,,,,,,,,,,,,,,,,,,,,,,,,,,18149,0.025762757286429405
,,,10,,,,,,,,,,,,,,,,,,,,,,,,,,,,,18159,0.03717236593365669
,,,10,,,,,,,,,,,,,,,,,,,,,,,,,,,,,18169,0.19774651527404785
,,,10,,,,,,,,,,,,,,,,,,,,,,,,,,,,,18179,0.6089244484901428
,,,10,,,,,,,,,,,,,,,,,,,,,,,,,,,,,18189,0.020680876448750496
,,,10,,,,,,,,,,,,,,,,,,,,,,,,,,,,,18199,0.04259273037314415
,,,10,,,,,,,,,,,,,,,,,,,,,,,,,,,,,18209,0.010357178747653961
,,,10,,,,,,,,,,,,,,,,,,,,,,,,,,,,,18219,0.01573314517736435
,,,10,,,,,,,,,,,,,,,,,,,,,,,,,,,,,18229,0.00696773873642087
,,,10,,,,,,,,,,,,,,,,,,,,,,,,,,,,,18239,0.1959216296672821
,,,10,,,,,,,,,,,,,,,,,,,,,,,,,,,,,18249,0.5282527208328247
,,,10,,,,,,,,,,,,,,,,,,,,,,,,,,,,,18259,0.12413877248764038
,,,10,,,,,,,,,,,,,,,,,,,,,,,,,,,,,18269,0.0032791222911328077
,,,10,,,,,,,,,,,,,,,,,,,,,,,,,,,,,18279,0.003963063005357981
,,,,5.442131952867944e-07,3.0487066715411608e-06,4.69031795621717e-06,4.69031795621717e-06,7.215873778795645e-06,7.215873778795645e-06,1.1101344275070223e-05,1.1101344275070223e-05,1.7078991192415727e-05,1.7078991192415727e-05,2.6275371065254964e-05,5.442131952867944e-07,2.6275371065254964e-05,4.042364779269994e-05,4.042364779269994e-05,6.219022737338454e-05,6.219022737338454e-05,9.567727288213005e-05,9.567727288213005e-05,9.567727288213005e-05,9.567727288213005e-05,8.372510696719912e-07,8.372510696719912e-07,1.2880785687261406e-06,1.2880785687261406e-06,1.9816593365017543e-06,1.9816593365017543e-06,3.0487066715411608e-06,18282,
,,,11,,,,,,,,,,,,,,,,,,,,,,,,,,,,,18289,0.051981326192617416
,,,11,,,,,,,,,,,,,,,,,,,,,,,,,,,,,18299,0.012783977203071117
,,,11,,,,,,,,,,,,,,,,,,,,,,,,,,,,,18309,0.07227999716997147
,,,11,,,,,,,,,,,,,,,,,,,,,,,,,,,,,18319,0.008801240473985672
,,,11,,,,,,,,,,,,,,,,,,,,,,,,,,,,,18329,0.044232625514268875
,,,11,,,,,,,,,,,,,,,,,,,,,,,,,,,,,18339,0.16769231855869293
,,,11,,,,,,,,,,,,,,,,,,,,,,,,,,,,,18349,0.019710494205355644
,,,11,,,,,,,,,,,,,,,,,,,,,,,,,,,,,18359,0.30910640954971313
,,,11,,,,,,,,,,,,,,,,,,,,,,,,,,,,,18369,0.5927900075912476
,,,11,,,,,,,,,,,,,,,,,,,,,,,,,,,,,18379,0.2820431590080261
,,,11,,,,,,,,,,,,,,,,,,,,,,,,,,,,,18389,0.01458070520311594
,,,11,,,,,,,,,,,,,,,,,,,,,,,,,,,,,18399,0.03737787529826164
,,,11,,,,,,,,,,,,,,,,,,,,,,,,,,,,,18409,0.00785105861723423
,,,11,,,,,,,,,,,,,,,,,,,,,,,,,,,,,18419,0.0034343134611845016
,,,11,,,,,,,,,,,,,,,,,,,,,,,,,,,,,18429,0.5418532490730286
,,,11,,,,,,,,,,,,,,,,,,,,,,,,,,,,,18439,0.012295089662075043
,,,11,,,,,,,,,,,,,,,,,,,,,,,,,,,,,18449,0.021942466497421265
,,,11,,,,,,,,,,,,,,,,,,,,,,,,,,,,,18459,0.028957176953554153
,,,11,,,,,,,,,,,,,,,,,,,,,,,,,,,,,18469,0.1649753749370575
,,,11,,,,,,,,,,,,,,,,,,,,,,,,,,,,,18479,0.005675384774804115
,,,11,,,,,,,,,,,,,,,,,,,,,,,,,,,,,18489,0.016147956252098083
,,,11,,,,,,,,,,,,,,,,,,,,,,,,,,,,,18499,0.002446170663461089
,,,11,,,,,,,,,,,,,,,,,,,,,,,,,,,,,18509,0.004112869966775179
,,,11,,,,,,,,,,,,,,,,,,,,,,,,,,,,,18519,0.027940720319747925
,,,11,,,,,,,,,,,,,,,,,,,,,,,,,,,,,18529,0.012523498386144638
,,,11,,,,,,,,,,,,,,,,,,,,,,,,,,,,,18539,0.003033662447705865
,,,11,,,,,,,,,,,,,,,,,,,,,,,,,,,,,18549,0.003793012583628297
,,,11,,,,,,,,,,,,,,,,,,,,,,,,,,,,,18559,0.0013314191019162536
,,,11,,,,,,,,,,,,,,,,,,,,,,,,,,,,,18569,0.7338626384735107
,,,11,,,,,,,,,,,,,,,,,,,,,,,,,,,,,18579,0.002599767642095685
,,,11,,,,,,,,,,,,,,,,,,,,,,,,,,,,,18589,0.0041360012255609035
,,,11,,,,,,,,,,,,,,,,,,,,,,,,,,,,,18599,0.00440362049266696
,,,11,,,,,,,,,,,,,,,,,,,,,,,,,,,,,18609,0.0037270626053214073
,,,11,,,,,,,,,,,,,,,,,,,,,,,,,,,,,18619,0.00493629602715373
,,,11,,,,,,,,,,,,,,,,,,,,,,,,,,,,,18629,0.0423138290643692
,,,11,,,,,,,,,,,,,,,,,,,,,,,,,,,,,18639,0.004978470969945192
,,,11,,,,,,,,,,,,,,,,,,,,,,,,,,,,,18649,0.0071768490597605705
,,,11,,,,,,,,,,,,,,,,,,,,,,,,,,,,,18659,0.005609358660876751
,,,11,,,,,,,,,,,,,,,,,,,,,,,,,,,,,18669,0.006840416230261326
,,,11,,,,,,,,,,,,,,,,,,,,,,,,,,,,,18679,0.008248270489275455
,,,11,,,,,,,,,,,,,,,,,,,,,,,,,,,,,18689,0.004057503771036863
,,,11,,,,,,,,,,,,,,,,,,,,,,,,,,,,,18699,0.06295683979988098
,,,11,,,,,,,,,,,,,,,,,,,,,,,,,,,,,18709,0.0045754206366837025
,,,11,,,,,,,,,,,,,,,,,,,,,,,,,,,,,18719,0.005659344606101513
,,,11,,,,,,,,,,,,,,,,,,,,,,,,,,,,,18729,0.009051491506397724
,,,11,,,,,,,,,,,,,,,,,,,,,,,,,,,,,18739,0.008792356587946415
,,,11,,,,,,,,,,,,,,,,,,,,,,,,,,,,,18749,0.08128879964351654
,,,11,,,,,,,,,,,,,,,,,,,,,,,,,,,,,18759,0.004664484411478043
,,,11,,,,,,,,,,,,,,,,,,,,,,,,,,,,,18769,0.046735137701034546
,,,11,,,,,,,,,,,,,,,,,,,,,,,,,,,,,18779,0.015070173889398575
,,,11,,,,,,,,,,,,,,,,,,,,,,,,,,,,,18789,0.025262797251343727
,,,11,,,,,,,,,,,,,,,,,,,,,,,,,,,,,18799,0.3404235243797302
,,,11,,,,,,,,,,,,,,,,,,,,,,,,,,,,,18809,0.03823043778538704
,,,11,,,,,,,,,,,,,,,,,,,,,,,,,,,,,18819,0.0025107907131314278
,,,11,,,,,,,,,,,,,,,,,,,,,,,,,,,,,18829,0.03810708597302437
,,,11,,,,,,,,,,,,,,,,,,,,,,,,,,,,,18839,0.0724773183465004
,,,11,,,,,,,,,,,,,,,,,,,,,,,,,,,,,18849,0.006474846042692661
,,,11,,,,,,,,,,,,,,,,,,,,,,,,,,,,,18859,0.0019890470430254936
,,,11,,,,,,,,,,,,,,,,,,,,,,,,,,,,,18869,0.018422847613692284
,,,11,,,,,,,,,,,,,,,,,,,,,,,,,,,,,18879,0.007826412096619606
,,,11,,,,,,,,,,,,,,,,,,,,,,,,,,,,,18889,0.05431576445698738
,,,11,,,,,,,,,,,,,,,,,,,,,,,,,,,,,18899,0.001573269604705274
,,,11,,,,,,,,,,,,,,,,,,,,,,,,,,,,,18909,0.002190980361774564
,,,11,,,,,,,,,,,,,,,,,,,,,,,,,,,,,18919,0.1218862533569336
,,,11,,,,,,,,,,,,,,,,,,,,,,,,,,,,,18929,0.053779974579811096
,,,11,,,,,,,,,,,,,,,,,,,,,,,,,,,,,18939,0.005128742661327124
,,,11,,,,,,,,,,,,,,,,,,,,,,,,,,,,,18949,0.04432201012969017
,,,11,,,,,,,,,,,,,,,,,,,,,,,,,,,,,18959,0.003937132190912962
,,,11,,,,,,,,,,,,,,,,,,,,,,,,,,,,,18969,0.00316400034353137
,,,11,,,,,,,,,,,,,,,,,,,,,,,,,,,,,18979,0.1480846256017685
,,,11,,,,,,,,,,,,,,,,,,,,,,,,,,,,,18989,0.004723772872239351
,,,11,,,,,,,,,,,,,,,,,,,,,,,,,,,,,18999,0.00600863341242075
,,,11,,,,,,,,,,,,,,,,,,,,,,,,,,,,,19009,0.01430585514754057
,,,11,,,,,,,,,,,,,,,,,,,,,,,,,,,,,19019,0.007091960404068232
,,,11,,,,,,,,,,,,,,,,,,,,,,,,,,,,,19029,0.0048450143076479435
,,,11,,,,,,,,,,,,,,,,,,,,,,,,,,,,,19039,0.17439520359039307
,,,11,,,,,,,,,,,,,,,,,,,,,,,,,,,,,19049,3.5378079414367676
,,,11,,,,,,,,,,,,,,,,,,,,,,,,,,,,,19059,0.17538492381572723
,,,11,,,,,,,,,,,,,,,,,,,,,,,,,,,,,19069,0.874002993106842
,,,11,,,,,,,,,,,,,,,,,,,,,,,,,,,,,19079,0.0036032944917678833
,,,11,,,,,,,,,,,,,,,,,,,,,,,,,,,,,19089,0.027197394520044327
,,,11,,,,,,,,,,,,,,,,,,,,,,,,,,,,,19099,0.07861239463090897
,,,11,,,,,,,,,,,,,,,,,,,,,,,,,,,,,19109,0.1031922921538353
,,,11,,,,,,,,,,,,,,,,,,,,,,,,,,,,,19119,0.0023461421951651573
,,,11,,,,,,,,,,,,,,,,,,,,,,,,,,,,,19129,0.062087029218673706
,,,11,,,,,,,,,,,,,,,,,,,,,,,,,,,,,19139,0.489076167345047
,,,11,,,,,,,,,,,,,,,,,,,,,,,,,,,,,19149,0.0379946231842041
,,,11,,,,,,,,,,,,,,,,,,,,,,,,,,,,,19159,0.02814955823123455
,,,11,,,,,,,,,,,,,,,,,,,,,,,,,,,,,19169,0.1871342808008194
,,,11,,,,,,,,,,,,,,,,,,,,,,,,,,,,,19179,0.09413205087184906
,,,11,,,,,,,,,,,,,,,,,,,,,,,,,,,,,19189,0.012296600267291069
,,,11,,,,,,,,,,,,,,,,,,,,,,,,,,,,,19199,0.006172500550746918
,,,11,,,,,,,,,,,,,,,,,,,,,,,,,,,,,19209,0.20721252262592316
,,,11,,,,,,,,,,,,,,,,,,,,,,,,,,,,,19219,0.001498438068665564
,,,11,,,,,,,,,,,,,,,,,,,,,,,,,,,,,19229,0.011856867000460625
,,,11,,,,,,,,,,,,,,,,,,,,,,,,,,,,,19239,0.0642707571387291
,,,11,,,,,,,,,,,,,,,,,,,,,,,,,,,,,19249,0.045752931386232376
,,,11,,,,,,,,,,,,,,,,,,,,,,,,,,,,,19259,0.11690942943096161
,,,11,,,,,,,,,,,,,,,,,,,,,,,,,,,,,19269,0.0031022403854876757
,,,11,,,,,,,,,,,,,,,,,,,,,,,,,,,,,19279,0.008128012530505657
,,,11,,,,,,,,,,,,,,,,,,,,,,,,,,,,,19289,1.0329906940460205
,,,11,,,,,,,,,,,,,,,,,,,,,,,,,,,,,19299,0.037600599229335785
,,,11,,,,,,,,,,,,,,,,,,,,,,,,,,,,,19309,0.0033237733878195286
,,,11,,,,,,,,,,,,,,,,,,,,,,,,,,,,,19319,0.002044574124738574
,,,11,,,,,,,,,,,,,,,,,,,,,,,,,,,,,19329,0.10196682065725327
,,,11,,,,,,,,,,,,,,,,,,,,,,,,,,,,,19339,0.020639250054955482
,,,11,,,,,,,,,,,,,,,,,,,,,,,,,,,,,19349,0.035559654235839844
,,,11,,,,,,,,,,,,,,,,,,,,,,,,,,,,,19359,0.012979035265743732
,,,11,,,,,,,,,,,,,,,,,,,,,,,,,,,,,19369,0.01236222218722105
,,,11,,,,,,,,,,,,,,,,,,,,,,,,,,,,,19379,0.002022827509790659
,,,11,,,,,,,,,,,,,,,,,,,,,,,,,,,,,19389,0.3499245047569275
,,,11,,,,,,,,,,,,,,,,,,,,,,,,,,,,,19399,0.05562210828065872
,,,11,,,,,,,,,,,,,,,,,,,,,,,,,,,,,19409,0.04722787067294121
,,,11,,,,,,,,,,,,,,,,,,,,,,,,,,,,,19419,0.03936797380447388
,,,11,,,,,,,,,,,,,,,,,,,,,,,,,,,,,19429,0.05455198511481285
,,,11,,,,,,,,,,,,,,,,,,,,,,,,,,,,,19439,0.013796485029160976
,,,11,,,,,,,,,,,,,,,,,,,,,,,,,,,,,19449,0.02410651184618473
,,,11,,,,,,,,,,,,,,,,,,,,,,,,,,,,,19459,0.004403967410326004
,,,11,,,,,,,,,,,,,,,,,,,,,,,,,,,,,19469,0.009233619086444378
,,,11,,,,,,,,,,,,,,,,,,,,,,,,,,,,,19479,0.28141748905181885
,,,11,,,,,,,,,,,,,,,,,,,,,,,,,,,,,19489,0.010744567960500717
,,,11,,,,,,,,,,,,,,,,,,,,,,,,,,,,,19499,0.022799748927354813
,,,11,,,,,,,,,,,,,,,,,,,,,,,,,,,,,19509,0.00405702693387866
,,,11,,,,,,,,,,,,,,,,,,,,,,,,,,,,,19519,0.005236479453742504
,,,11,,,,,,,,,,,,,,,,,,,,,,,,,,,,,19529,0.03685932606458664
,,,11,,,,,,,,,,,,,,,,,,,,,,,,,,,,,19539,1.2508755922317505
,,,11,,,,,,,,,,,,,,,,,,,,,,,,,,,,,19549,0.04746256396174431
,,,11,,,,,,,,,,,,,,,,,,,,,,,,,,,,,19559,0.39299872517585754
,,,11,,,,,,,,,,,,,,,,,,,,,,,,,,,,,19569,0.40864256024360657
,,,11,,,,,,,,,,,,,,,,,,,,,,,,,,,,,19579,0.020936748012900352
,,,11,,,,,,,,,,,,,,,,,,,,,,,,,,,,,19589,0.0030880579724907875
,,,11,,,,,,,,,,,,,,,,,,,,,,,,,,,,,19599,0.15862959623336792
,,,11,,,,,,,,,,,,,,,,,,,,,,,,,,,,,19609,0.7559113502502441
,,,11,,,,,,,,,,,,,,,,,,,,,,,,,,,,,19619,0.11026362329721451
,,,11,,,,,,,,,,,,,,,,,,,,,,,,,,,,,19629,0.003979104105383158
,,,11,,,,,,,,,,,,,,,,,,,,,,,,,,,,,19639,0.010729669593274593
,,,11,,,,,,,,,,,,,,,,,,,,,,,,,,,,,19649,0.22587019205093384
,,,11,,,,,,,,,,,,,,,,,,,,,,,,,,,,,19659,0.012916406616568565
,,,11,,,,,,,,,,,,,,,,,,,,,,,,,,,,,19669,0.10264740884304047
,,,11,,,,,,,,,,,,,,,,,,,,,,,,,,,,,19679,0.0013960057403892279
,,,11,,,,,,,,,,,,,,,,,,,,,,,,,,,,,19689,0.03710442781448364
,,,11,,,,,,,,,,,,,,,,,,,,,,,,,,,,,19699,0.0024329079315066338
,,,11,,,,,,,,,,,,,,,,,,,,,,,,,,,,,19709,0.10479956865310669
,,,11,,,,,,,,,,,,,,,,,,,,,,,,,,,,,19719,1.1836622953414917
,,,11,,,,,,,,,,,,,,,,,,,,,,,,,,,,,19729,0.0035091761965304613
,,,11,,,,,,,,,,,,,,,,,,,,,,,,,,,,,19739,0.7938918471336365
,,,11,,,,,,,,,,,,,,,,,,,,,,,,,,,,,19749,0.08040560781955719
,,,11,,,,,,,,,,,,,,,,,,,,,,,,,,,,,19759,0.3581082224845886
,,,11,,,,,,,,,,,,,,,,,,,,,,,,,,,,,19769,0.003455851227045059
,,,11,,,,,,,,,,,,,,,,,,,,,,,,,,,,,19779,0.9101781845092773
,,,11,,,,,,,,,,,,,,,,,,,,,,,,,,,,,19789,0.009626171551644802
,,,11,,,,,,,,,,,,,,,,,,,,,,,,,,,,,19799,0.3385333716869354
,,,11,,,,,,,,,,,,,,,,,,,,,,,,,,,,,19809,0.0106239328160882
,,,11,,,,,,,,,,,,,,,,,,,,,,,,,,,,,19819,0.0033627322409301996
,,,11,,,,,,,,,,,,,,,,,,,,,,,,,,,,,19829,0.024140240624547005
,,,11,,,,,,,,,,,,,,,,,,,,,,,,,,,,,19839,0.12327513098716736
,,,11,,,,,,,,,,,,,,,,,,,,,,,,,,,,,19849,0.003205230925232172
,,,11,,,,,,,,,,,,,,,,,,,,,,,,,,,,,19859,0.31311219930648804
,,,11,,,,,,,,,,,,,,,,,,,,,,,,,,,,,19869,0.029892640188336372
,,,11,,,,,,,,,,,,,,,,,,,,,,,,,,,,,19879,0.0021167269442230463
,,,11,,,,,,,,,,,,,,,,,,,,,,,,,,,,,19889,0.01887800358235836
,,,11,,,,,,,,,,,,,,,,,,,,,,,,,,,,,19899,0.007641527336090803
,,,11,,,,,,,,,,,,,,,,,,,,,,,,,,,,,19909,0.03923458606004715
,,,11,,,,,,,,,,,,,,,,,,,,,,,,,,,,,19919,0.7646088004112244
,,,11,,,,,,,,,,,,,,,,,,,,,,,,,,,,,19929,0.023466411978006363
,,,11,,,,,,,,,,,,,,,,,,,,,,,,,,,,,19939,0.002004255075007677
,,,,5.355111486767334e-07,2.999957417046929e-06,4.615319103149121e-06,4.615319103149121e-06,7.100490927921724e-06,7.100490927921724e-06,1.0923832196802652e-05,1.0923832196802652e-05,1.6805895687388695e-05,1.6805895687388695e-05,2.5855224134444144e-05,5.355111486767334e-07,2.5855224134444144e-05,3.977726789914484e-05,3.977726789914484e-05,6.119579676791514e-05,6.119579676791514e-05,9.414737964294636e-05,9.414737964294636e-05,9.414737964294636e-05,9.414737964294636e-05,8.238633056565128e-07,8.238633056565128e-07,1.2674820087023274e-06,1.2674820087023274e-06,1.9499723210805035e-06,1.9499723210805035e-06,2.999957417046929e-06,19944,
,,,12,,,,,,,,,,,,,,,,,,,,,,,,,,,,,19949,0.002122987061738968
,,,12,,,,,,,,,,,,,,,,,,,,,,,,,,,,,19959,0.003864506958052516
,,,12,,,,,,,,,,,,,,,,,,,,,,,,,,,,,19969,0.6058420538902283
,,,12,,,,,,,,,,,,,,,,,,,,,,,,,,,,,19979,0.01240843441337347
,,,12,,,,,,,,,,,,,,,,,,,,,,,,,,,,,19989,0.02497881092131138
,,,12,,,,,,,,,,,,,,,,,,,,,,,,,,,,,19999,0.016476592049002647
,,,12,,,,,,,,,,,,,,,,,,,,,,,,,,,,,20009,0.006408710032701492
,,,12,,,,,,,,,,,,,,,,,,,,,,,,,,,,,20019,0.2574116885662079
,,,12,,,,,,,,,,,,,,,,,,,,,,,,,,,,,20029,0.009578865021467209
,,,12,,,,,,,,,,,,,,,,,,,,,,,,,,,,,20039,0.0018150054384022951
,,,12,,,,,,,,,,,,,,,,,,,,,,,,,,,,,20049,0.037339549511671066
,,,12,,,,,,,,,,,,,,,,,,,,,,,,,,,,,20059,0.001289700623601675
,,,12,,,,,,,,,,,,,,,,,,,,,,,,,,,,,20069,0.08013682812452316
,,,12,,,,,,,,,,,,,,,,,,,,,,,,,,,,,20079,0.002473816741257906
,,,12,,,,,,,,,,,,,,,,,,,,,,,,,,,,,20089,0.17795401811599731
,,,12,,,,,,,,,,,,,,,,,,,,,,,,,,,,,20099,0.37208637595176697
,,,12,,,,,,,,,,,,,,,,,,,,,,,,,,,,,20109,0.48131799697875977
,,,12,,,,,,,,,,,,,,,,,,,,,,,,,,,,,20119,0.007684108801186085
,,,12,,,,,,,,,,,,,,,,,,,,,,,,,,,,,20129,0.009818308055400848
,,,12,,,,,,,,,,,,,,,,,,,,,,,,,,,,,20139,0.007448217365890741
,,,12,,,,,,,,,,,,,,,,,,,,,,,,,,,,,20149,0.03771612048149109
,,,12,,,,,,,,,,,,,,,,,,,,,,,,,,,,,20159,0.00426702992990613
,,,12,,,,,,,,,,,,,,,,,,,,,,,,,,,,,20169,0.006455828435719013
,,,12,,,,,,,,,,,,,,,,,,,,,,,,,,,,,20179,1.4130538702011108
,,,12,,,,,,,,,,,,,,,,,,,,,,,,,,,,,20189,0.0022870530374348164
,,,12,,,,,,,,,,,,,,,,,,,,,,,,,,,,,20199,0.0018439213745296001
,,,12,,,,,,,,,,,,,,,,,,,,,,,,,,,,,20209,0.3637672960758209
,,,12,,,,,,,,,,,,,,,,,,,,,,,,,,,,,20219,0.007855492644011974
,,,12,,,,,,,,,,,,,,,,,,,,,,,,,,,,,20229,0.18519896268844604
,,,12,,,,,,,,,,,,,,,,,,,,,,,,,,,,,20239,0.0012255606707185507
,,,12,,,,,,,,,,,,,,,,,,,,,,,,,,,,,20249,0.07877440005540848
,,,12,,,,,,,,,,,,,,,,,,,,,,,,,,,,,20259,0.0718228742480278
,,,12,,,,,,,,,,,,,,,,,,,,,,,,,,,,,20269,0.01672411896288395
,,,12,,,,,,,,,,,,,,,,,,,,,,,,,,,,,20279,1.029060959815979
,,,12,,,,,,,,,,,,,,,,,,,,,,,,,,,,,20289,0.003046730300411582
,,,12,,,,,,,,,,,,,,,,,,,,,,,,,,,,,20299,0.5131872892379761
,,,12,,,,,,,,,,,,,,,,,,,,,,,,,,,,,20309,0.020805777981877327
,,,12,,,,,,,,,,,,,,,,,,,,,,,,,,,,,20319,0.01085933018475771
,,,12,,,,,,,,,,,,,,,,,,,,,,,,,,,,,20329,0.003950308542698622
,,,12,,,,,,,,,,,,,,,,,,,,,,,,,,,,,20339,0.0046253507025539875
,,,12,,,,,,,,,,,,,,,,,,,,,,,,,,,,,20349,0.5594397187232971
,,,12,,,,,,,,,,,,,,,,,,,,,,,,,,,,,20359,0.004664343781769276
,,,12,,,,,,,,,,,,,,,,,,,,,,,,,,,,,20369,0.11325215548276901
,,,12,,,,,,,,,,,,,,,,,,,,,,,,,,,,,20379,0.009855604730546474
,,,12,,,,,,,,,,,,,,,,,,,,,,,,,,,,,20389,0.003714225022122264
,,,12,,,,,,,,,,,,,,,,,,,,,,,,,,,,,20399,0.05409269407391548
,,,12,,,,,,,,,,,,,,,,,,,,,,,,,,,,,20409,0.6846892237663269
,,,12,,,,,,,,,,,,,,,,,,,,,,,,,,,,,20419,0.011792028322815895
,,,12,,,,,,,,,,,,,,,,,,,,,,,,,,,,,20429,0.036404214799404144
,,,12,,,,,,,,,,,,,,,,,,,,,,,,,,,,,20439,0.016332751139998436
,,,12,,,,,,,,,,,,,,,,,,,,,,,,,,,,,20449,0.0032099075615406036
,,,12,,,,,,,,,,,,,,,,,,,,,,,,,,,,,20459,0.03159485384821892
,,,12,,,,,,,,,,,,,,,,,,,,,,,,,,,,,20469,0.0071148439310491085
,,,12,,,,,,,,,,,,,,,,,,,,,,,,,,,,,20479,0.018557816743850708
,,,12,,,,,,,,,,,,,,,,,,,,,,,,,,,,,20489,0.003034044988453388
,,,12,,,,,,,,,,,,,,,,,,,,,,,,,,,,,20499,0.027546843513846397
,,,12,,,,,,,,,,,,,,,,,,,,,,,,,,,,,20509,0.060866326093673706
,,,12,,,,,,,,,,,,,,,,,,,,,,,,,,,,,20519,0.04528197646141052
,,,12,,,,,,,,,,,,,,,,,,,,,,,,,,,,,20529,0.004660430364310741
,,,12,,,,,,,,,,,,,,,,,,,,,,,,,,,,,20539,0.07156245410442352
,,,12,,,,,,,,,,,,,,,,,,,,,,,,,,,,,20549,0.01083025336265564
,,,12,,,,,,,,,,,,,,,,,,,,,,,,,,,,,20559,0.06236675754189491
,,,12,,,,,,,,,,,,,,,,,,,,,,,,,,,,,20569,0.24278253316879272
,,,12,,,,,,,,,,,,,,,,,,,,,,,,,,,,,20579,0.008994373492896557
,,,12,,,,,,,,,,,,,,,,,,,,,,,,,,,,,20589,0.015991127118468285
,,,12,,,,,,,,,,,,,,,,,,,,,,,,,,,,,20599,0.8902934789657593
,,,12,,,,,,,,,,,,,,,,,,,,,,,,,,,,,20609,0.11685029417276382
,,,12,,,,,,,,,,,,,,,,,,,,,,,,,,,,,20619,0.010236484929919243
,,,12,,,,,,,,,,,,,,,,,,,,,,,,,,,,,20629,0.024292370304465294
,,,12,,,,,,,,,,,,,,,,,,,,,,,,,,,,,20639,0.0035298452712595463
,,,12,,,,,,,,,,,,,,,,,,,,,,,,,,,,,20649,0.3289785087108612
,,,12,,,,,,,,,,,,,,,,,,,,,,,,,,,,,20659,0.006346777081489563
,,,12,,,,,,,,,,,,,,,,,,,,,,,,,,,,,20669,0.004248007666319609
,,,12,,,,,,,,,,,,,,,,,,,,,,,,,,,,,20679,0.024255050346255302
,,,12,,,,,,,,,,,,,,,,,,,,,,,,,,,,,20689,0.2368178367614746
,,,12,,,,,,,,,,,,,,,,,,,,,,,,,,,,,20699,0.02697056159377098
,,,12,,,,,,,,,,,,,,,,,,,,,,,,,,,,,20709,0.007550839334726334
,,,12,,,,,,,,,,,,,,,,,,,,,,,,,,,,,20719,0.007573647890239954
,,,12,,,,,,,,,,,,,,,,,,,,,,,,,,,,,20729,1.0562082529067993
,,,12,,,,,,,,,,,,,,,,,,,,,,,,,,,,,20739,0.018672270700335503
,,,12,,,,,,,,,,,,,,,,,,,,,,,,,,,,,20749,0.002831729594618082
,,,12,,,,,,,,,,,,,,,,,,,,,,,,,,,,,20759,0.022036267444491386
,,,12,,,,,,,,,,,,,,,,,,,,,,,,,,,,,20769,0.003100418020039797
,,,12,,,,,,,,,,,,,,,,,,,,,,,,,,,,,20779,0.371614009141922
,,,12,,,,,,,,,,,,,,,,,,,,,,,,,,,,,20789,0.008389179594814777
,,,12,,,,,,,,,,,,,,,,,,,,,,,,,,,,,20799,0.04922634735703468
,,,12,,,,,,,,,,,,,,,,,,,,,,,,,,,,,20809,0.1373152732849121
,,,12,,,,,,,,,,,,,,,,,,,,,,,,,,,,,20819,0.018575934693217278
,,,12,,,,,,,,,,,,,,,,,,,,,,,,,,,,,20829,0.011340416967868805
,,,12,,,,,,,,,,,,,,,,,,,,,,,,,,,,,20839,0.004940117709338665
,,,12,,,,,,,,,,,,,,,,,,,,,,,,,,,,,20849,0.004861918278038502
,,,12,,,,,,,,,,,,,,,,,,,,,,,,,,,,,20859,0.006184111814945936
,,,12,,,,,,,,,,,,,,,,,,,,,,,,,,,,,20869,0.00259728473611176
,,,12,,,,,,,,,,,,,,,,,,,,,,,,,,,,,20879,0.5678266286849976
,,,12,,,,,,,,,,,,,,,,,,,,,,,,,,,,,20889,0.5962377190589905
,,,12,,,,,,,,,,,,,,,,,,,,,,,,,,,,,20899,0.005855302792042494
,,,12,,,,,,,,,,,,,,,,,,,,,,,,,,,,,20909,0.009565680287778378
,,,12,,,,,,,,,,,,,,,,,,,,,,,,,,,,,20919,0.007934178225696087
,,,12,,,,,,,,,,,,,,,,,,,,,,,,,,,,,20929,0.021931607276201248
,,,12,,,,,,,,,,,,,,,,,,,,,,,,,,,,,20939,0.003409968689084053
,,,12,,,,,,,,,,,,,,,,,,,,,,,,,,,,,20949,0.002548913238570094
,,,12,,,,,,,,,,,,,,,,,,,,,,,,,,,,,20959,0.40048614144325256
,,,12,,,,,,,,,,,,,,,,,,,,,,,,,,,,,20969,0.018134403973817825
,,,12,,,,,,,,,,,,,,,,,,,,,,,,,,,,,20979,0.005123582668602467
,,,12,,,,,,,,,,,,,,,,,,,,,,,,,,,,,20989,0.005548656918108463
,,,12,,,,,,,,,,,,,,,,,,,,,,,,,,,,,20999,0.004489508457481861
,,,12,,,,,,,,,,,,,,,,,,,,,,,,,,,,,21009,0.7231812477111816
,,,12,,,,,,,,,,,,,,,,,,,,,,,,,,,,,21019,0.015398102812469006
,,,12,,,,,,,,,,,,,,,,,,,,,,,,,,,,,21029,0.026107732206583023
,,,12,,,,,,,,,,,,,,,,,,,,,,,,,,,,,21039,0.028780164197087288
,,,12,,,,,,,,,,,,,,,,,,,,,,,,,,,,,21049,0.007089759223163128
,,,12,,,,,,,,,,,,,,,,,,,,,,,,,,,,,21059,0.008915564976632595
,,,12,,,,,,,,,,,,,,,,,,,,,,,,,,,,,21069,0.994361400604248
,,,12,,,,,,,,,,,,,,,,,,,,,,,,,,,,,21079,0.001250067725777626
,,,12,,,,,,,,,,,,,,,,,,,,,,,,,,,,,21089,0.08231967687606812
,,,12,,,,,,,,,,,,,,,,,,,,,,,,,,,,,21099,0.016230404376983643
,,,12,,,,,,,,,,,,,,,,,,,,,,,,,,,,,21109,1.053510308265686
,,,12,,,,,,,,,,,,,,,,,,,,,,,,,,,,,21119,0.6540876626968384
,,,12,,,,,,,,,,,,,,,,,,,,,,,,,,,,,21129,0.00606068130582571
,,,12,,,,,,,,,,,,,,,,,,,,,,,,,,,,,21139,0.0010227960301563144
,,,12,,,,,,,,,,,,,,,,,,,,,,,,,,,,,21149,0.009788410738110542
,,,12,,,,,,,,,,,,,,,,,,,,,,,,,,,,,21159,0.026370352134108543
,,,12,,,,,,,,,,,,,,,,,,,,,,,,,,,,,21169,0.0019022373016923666
,,,12,,,,,,,,,,,,,,,,,,,,,,,,,,,,,21179,0.7188035845756531
,,,12,,,,,,,,,,,,,,,,,,,,,,,,,,,,,21189,0.006019012536853552
,,,12,,,,,,,,,,,,,,,,,,,,,,,,,,,,,21199,0.0064650787971913815
,,,12,,,,,,,,,,,,,,,,,,,,,,,,,,,,,21209,0.06619135290384293
,,,12,,,,,,,,,,,,,,,,,,,,,,,,,,,,,21219,0.23685961961746216
,,,12,,,,,,,,,,,,,,,,,,,,,,,,,,,,,21229,0.012123769149184227
,,,12,,,,,,,,,,,,,,,,,,,,,,,,,,,,,21239,0.03197190538048744
,,,12,,,,,,,,,,,,,,,,,,,,,,,,,,,,,21249,0.005049850791692734
,,,12,,,,,,,,,,,,,,,,,,,,,,,,,,,,,21259,0.008736609481275082
,,,12,,,,,,,,,,,,,,,,,,,,,,,,,,,,,21269,0.00792735442519188
,,,12,,,,,,,,,,,,,,,,,,,,,,,,,,,,,21279,0.010653926990926266
,,,12,,,,,,,,,,,,,,,,,,,,,,,,,,,,,21289,0.005567112937569618
,,,12,,,,,,,,,,,,,,,,,,,,,,,,,,,,,21299,0.01626325026154518
,,,12,,,,,,,,,,,,,,,,,,,,,,,,,,,,,21309,0.004453831817954779
,,,12,,,,,,,,,,,,,,,,,,,,,,,,,,,,,21319,0.008646608330309391
,,,12,,,,,,,,,,,,,,,,,,,,,,,,,,,,,21329,0.23318126797676086
,,,12,,,,,,,,,,,,,,,,,,,,,,,,,,,,,21339,0.3156321048736572
,,,12,,,,,,,,,,,,,,,,,,,,,,,,,,,,,21349,0.4374907314777374
,,,12,,,,,,,,,,,,,,,,,,,,,,,,,,,,,21359,0.021608738228678703
,,,12,,,,,,,,,,,,,,,,,,,,,,,,,,,,,21369,0.0035009272396564484
,,,12,,,,,,,,,,,,,,,,,,,,,,,,,,,,,21379,0.019399510696530342
,,,12,,,,,,,,,,,,,,,,,,,,,,,,,,,,,21389,0.45072731375694275
,,,12,,,,,,,,,,,,,,,,,,,,,,,,,,,,,21399,0.011252873577177525
,,,12,,,,,,,,,,,,,,,,,,,,,,,,,,,,,21409,0.0030896347016096115
,,,12,,,,,,,,,,,,,,,,,,,,,,,,,,,,,21419,0.10754462331533432
,,,12,,,,,,,,,,,,,,,,,,,,,,,,,,,,,21429,0.010648161172866821
,,,12,,,,,,,,,,,,,,,,,,,,,,,,,,,,,21439,0.0041290223598480225
,,,12,,,,,,,,,,,,,,,,,,,,,,,,,,,,,21449,0.08553282916545868
,,,12,,,,,,,,,,,,,,,,,,,,,,,,,,,,,21459,0.00198745378293097
,,,12,,,,,,,,,,,,,,,,,,,,,,,,,,,,,21469,0.231143057346344
,,,12,,,,,,,,,,,,,,,,,,,,,,,,,,,,,21479,0.0061377570964396
,,,12,,,,,,,,,,,,,,,,,,,,,,,,,,,,,21489,0.5336538553237915
,,,12,,,,,,,,,,,,,,,,,,,,,,,,,,,,,21499,0.15235579013824463
,,,12,,,,,,,,,,,,,,,,,,,,,,,,,,,,,21509,0.003967427182942629
,,,12,,,,,,,,,,,,,,,,,,,,,,,,,,,,,21519,0.008747104555368423
,,,12,,,,,,,,,,,,,,,,,,,,,,,,,,,,,21529,0.06364366412162781
,,,12,,,,,,,,,,,,,,,,,,,,,,,,,,,,,21539,0.0031507033854722977
,,,12,,,,,,,,,,,,,,,,,,,,,,,,,,,,,21549,0.00505274860188365
,,,12,,,,,,,,,,,,,,,,,,,,,,,,,,,,,21559,0.003856995142996311
,,,12,,,,,,,,,,,,,,,,,,,,,,,,,,,,,21569,0.031215183436870575
,,,12,,,,,,,,,,,,,,,,,,,,,,,,,,,,,21579,0.3941144645214081
,,,12,,,,,,,,,,,,,,,,,,,,,,,,,,,,,21589,0.015778042376041412
,,,12,,,,,,,,,,,,,,,,,,,,,,,,,,,,,21599,0.0017853546887636185
,,,,5.255857159996507e-07,2.9443546990632016e-06,4.529776460097233e-06,4.529776460097233e-06,6.96888686168805e-06,6.96888686168805e-06,1.0721364402597e-05,1.0721364402597e-05,1.649440677322615e-05,1.649440677322615e-05,2.5376010420347926e-05,5.255857159996507e-07,2.5376010420347926e-05,3.90400160313045e-05,3.90400160313045e-05,6.006156312508385e-05,6.006156312508385e-05,9.24024048078213e-05,9.24024048078213e-05,9.24024048078213e-05,9.24024048078213e-05,8.085934092302317e-07,8.085934092302317e-07,1.2439898603542026e-06,1.2439898603542026e-06,1.913830554391081e-06,1.913830554391081e-06,2.9443546990632016e-06,21606,
,,,13,,,,,,,,,,,,,,,,,,,,,,,,,,,,,21609,0.0011714340653270483
,,,13,,,,,,,,,,,,,,,,,,,,,,,,,,,,,21619,0.0025683962740004063
,,,13,,,,,,,,,,,,,,,,,,,,,,,,,,,,,21629,0.1035192683339119
,,,13,,,,,,,,,,,,,,,,,,,,,,,,,,,,,21639,0.00587428780272603
,,,13,,,,,,,,,,,,,,,,,,,,,,,,,,,,,21649,0.006059418898075819
,,,13,,,,,,,,,,,,,,,,,,,,,,,,,,,,,21659,0.018745988607406616
,,,13,,,,,,,,,,,,,,,,,,,,,,,,,,,,,21669,0.009291470050811768
,,,13,,,,,,,,,,,,,,,,,,,,,,,,,,,,,21679,0.0017494282219558954
,,,13,,,,,,,,,,,,,,,,,,,,,,,,,,,,,21689,0.0010979362996295094
,,,13,,,,,,,,,,,,,,,,,,,,,,,,,,,,,21699,0.004476247821003199
,,,13,,,,,,,,,,,,,,,,,,,,,,,,,,,,,21709,0.08596847206354141
,,,13,,,,,,,,,,,,,,,,,,,,,,,,,,,,,21719,0.0026814350858330727
,,,13,,,,,,,,,,,,,,,,,,,,,,,,,,,,,21729,0.052755337208509445
,,,13,,,,,,,,,,,,,,,,,,,,,,,,,,,,,21739,0.0032583295833319426
,,,13,,,,,,,,,,,,,,,,,,,,,,,,,,,,,21749,0.003773663192987442
,,,13,,,,,,,,,,,,,,,,,,,,,,,,,,,,,21759,0.023964600637555122
,,,13,,,,,,,,,,,,,,,,,,,,,,,,,,,,,21769,0.36814847588539124
,,,13,,,,,,,,,,,,,,,,,,,,,,,,,,,,,21779,0.021016081795096397
,,,13,,,,,,,,,,,,,,,,,,,,,,,,,,,,,21789,0.009599576704204082
,,,13,,,,,,,,,,,,,,,,,,,,,,,,,,,,,21799,0.025363750755786896
,,,13,,,,,,,,,,,,,,,,,,,,,,,,,,,,,21809,0.006500239484012127
,,,13,,,,,,,,,,,,,,,,,,,,,,,,,,,,,21819,0.020549854263663292
,,,13,,,,,,,,,,,,,,,,,,,,,,,,,,,,,21829,0.08072306960821152
,,,13,,,,,,,,,,,,,,,,,,,,,,,,,,,,,21839,0.01148503553122282
,,,13,,,,,,,,,,,,,,,,,,,,,,,,,,,,,21849,0.26651737093925476
,,,13,,,,,,,,,,,,,,,,,,,,,,,,,,,,,21859,0.006749837193638086
,,,13,,,,,,,,,,,,,,,,,,,,,,,,,,,,,21869,0.08239611238241196
,,,13,,,,,,,,,,,,,,,,,,,,,,,,,,,,,21879,0.30840495228767395
,,,13,,,,,,,,,,,,,,,,,,,,,,,,,,,,,21889,0.0029708887450397015
,,,13,,,,,,,,,,,,,,,,,,,,,,,,,,,,,21899,0.03138809651136398
,,,13,,,,,,,,,,,,,,,,,,,,,,,,,,,,,21909,0.0009983280906453729
,,,13,,,,,,,,,,,,,,,,,,,,,,,,,,,,,21919,0.22940173745155334
,,,13,,,,,,,,,,,,,,,,,,,,,,,,,,,,,21929,0.5732895731925964
,,,13,,,,,,,,,,,,,,,,,,,,,,,,,,,,,21939,0.023726116865873337
,,,13,,,,,,,,,,,,,,,,,,,,,,,,,,,,,21949,0.0033017396926879883
,,,13,,,,,,,,,,,,,,,,,,,,,,,,,,,,,21959,0.013751938939094543
,,,13,,,,,,,,,,,,,,,,,,,,,,,,,,,,,21969,0.02276534214615822
,,,13,,,,,,,,,,,,,,,,,,,,,,,,,,,,,21979,0.04922552779316902
,,,13,,,,,,,,,,,,,,,,,,,,,,,,,,,,,21989,0.023836912587285042
,,,13,,,,,,,,,,,,,,,,,,,,,,,,,,,,,21999,0.03272608295083046
,,,13,,,,,,,,,,,,,,,,,,,,,,,,,,,,,22009,0.010564750991761684
,,,13,,,,,,,,,,,,,,,,,,,,,,,,,,,,,22019,0.009021627716720104
,,,13,,,,,,,,,,,,,,,,,,,,,,,,,,,,,22029,0.0030224258080124855
,,,13,,,,,,,,,,,,,,,,,,,,,,,,,,,,,22039,0.2424703985452652
,,,13,,,,,,,,,,,,,,,,,,,,,,,,,,,,,22049,0.0415835902094841
,,,13,,,,,,,,,,,,,,,,,,,,,,,,,,,,,22059,0.05409190431237221
,,,13,,,,,,,,,,,,,,,,,,,,,,,,,,,,,22069,0.02723938785493374
,,,13,,,,,,,,,,,,,,,,,,,,,,,,,,,,,22079,0.05278551205992699
,,,13,,,,,,,,,,,,,,,,,,,,,,,,,,,,,22089,0.005618699826300144
,,,13,,,,,,,,,,,,,,,,,,,,,,,,,,,,,22099,0.0006685311091132462
,,,13,,,,,,,,,,,,,,,,,,,,,,,,,,,,,22109,0.006051604636013508
,,,13,,,,,,,,,,,,,,,,,,,,,,,,,,,,,22119,0.061374787241220474
,,,13,,,,,,,,,,,,,,,,,,,,,,,,,,,,,22129,0.017491664737462997
,,,13,,,,,,,,,,,,,,,,,,,,,,,,,,,,,22139,0.02036260813474655
,,,13,,,,,,,,,,,,,,,,,,,,,,,,,,,,,22149,0.006102458108216524
,,,13,,,,,,,,,,,,,,,,,,,,,,,,,,,,,22159,0.005075865425169468
,,,13,,,,,,,,,,,,,,,,,,,,,,,,,,,,,22169,0.0022035245783627033
,,,13,,,,,,,,,,,,,,,,,,,,,,,,,,,,,22179,0.02891082502901554
,,,13,,,,,,,,,,,,,,,,,,,,,,,,,,,,,22189,0.580807626247406
,,,13,,,,,,,,,,,,,,,,,,,,,,,,,,,,,22199,0.009765125811100006
,,,13,,,,,,,,,,,,,,,,,,,,,,,,,,,,,22209,0.17275424301624298
,,,13,,,,,,,,,,,,,,,,,,,,,,,,,,,,,22219,0.10404609888792038
,,,13,,,,,,,,,,,,,,,,,,,,,,,,,,,,,22229,0.008224316872656345
,,,13,,,,,,,,,,,,,,,,,,,,,,,,,,,,,22239,0.07605843991041183
,,,13,,,,,,,,,,,,,,,,,,,,,,,,,,,,,22249,0.0748651772737503
,,,13,,,,,,,,,,,,,,,,,,,,,,,,,,,,,22259,0.00957286823540926
,,,13,,,,,,,,,,,,,,,,,,,,,,,,,,,,,22269,0.002781747607514262
,,,13,,,,,,,,,,,,,,,,,,,,,,,,,,,,,22279,1.753349781036377
,,,13,,,,,,,,,,,,,,,,,,,,,,,,,,,,,22289,0.8132734298706055
,,,13,,,,,,,,,,,,,,,,,,,,,,,,,,,,,22299,0.0044360654428601265
,,,13,,,,,,,,,,,,,,,,,,,,,,,,,,,,,22309,0.0034865334164351225
,,,13,,,,,,,,,,,,,,,,,,,,,,,,,,,,,22319,0.002888338640332222
,,,13,,,,,,,,,,,,,,,,,,,,,,,,,,,,,22329,0.07637786865234375
,,,13,,,,,,,,,,,,,,,,,,,,,,,,,,,,,22339,0.00501483678817749
,,,13,,,,,,,,,,,,,,,,,,,,,,,,,,,,,22349,0.0015964817721396685
,,,13,,,,,,,,,,,,,,,,,,,,,,,,,,,,,22359,0.03772228583693504
,,,13,,,,,,,,,,,,,,,,,,,,,,,,,,,,,22369,0.019799882546067238
,,,13,,,,,,,,,,,,,,,,,,,,,,,,,,,,,22379,0.05443141981959343
,,,13,,,,,,,,,,,,,,,,,,,,,,,,,,,,,22389,0.0018840581178665161
,,,13,,,,,,,,,,,,,,,,,,,,,,,,,,,,,22399,0.003335443325340748
,,,13,,,,,,,,,,,,,,,,,,,,,,,,,,,,,22409,0.005835218355059624
,,,13,,,,,,,,,,,,,,,,,,,,,,,,,,,,,22419,0.08085611462593079
,,,13,,,,,,,,,,,,,,,,,,,,,,,,,,,,,22429,0.003770875744521618
,,,13,,,,,,,,,,,,,,,,,,,,,,,,,,,,,22439,0.019611798226833344
,,,13,,,,,,,,,,,,,,,,,,,,,,,,,,,,,22449,0.09394901245832443
,,,13,,,,,,,,,,,,,,,,,,,,,,,,,,,,,22459,0.0028437175787985325
,,,13,,,,,,,,,,,,,,,,,,,,,,,,,,,,,22469,0.0038279953878372908
,,,13,,,,,,,,,,,,,,,,,,,,,,,,,,,,,22479,0.07608574628829956
,,,13,,,,,,,,,,,,,,,,,,,,,,,,,,,,,22489,0.9347096681594849
,,,13,,,,,,,,,,,,,,,,,,,,,,,,,,,,,22499,1.0643547773361206
,,,13,,,,,,,,,,,,,,,,,,,,,,,,,,,,,22509,0.04358012229204178
,,,13,,,,,,,,,,,,,,,,,,,,,,,,,,,,,22519,0.004637983627617359
,,,13,,,,,,,,,,,,,,,,,,,,,,,,,,,,,22529,0.006205890327692032
,,,13,,,,,,,,,,,,,,,,,,,,,,,,,,,,,22539,0.003489720169454813
,,,13,,,,,,,,,,,,,,,,,,,,,,,,,,,,,22549,0.01645628921687603
,,,13,,,,,,,,,,,,,,,,,,,,,,,,,,,,,22559,0.05164165422320366
,,,13,,,,,,,,,,,,,,,,,,,,,,,,,,,,,22569,0.004204893950372934
,,,13,,,,,,,,,,,,,,,,,,,,,,,,,,,,,22579,0.0038140490651130676
,,,13,,,,,,,,,,,,,,,,,,,,,,,,,,,,,22589,0.16624844074249268
,,,13,,,,,,,,,,,,,,,,,,,,,,,,,,,,,22599,0.00855350773781538
,,,13,,,,,,,,,,,,,,,,,,,,,,,,,,,,,22609,0.020277954638004303
,,,13,,,,,,,,,,,,,,,,,,,,,,,,,,,,,22619,0.08487264066934586
,,,13,,,,,,,,,,,,,,,,,,,,,,,,,,,,,22629,0.005496131721884012
,,,13,,,,,,,,,,,,,,,,,,,,,,,,,,,,,22639,0.5036130547523499
,,,13,,,,,,,,,,,,,,,,,,,,,,,,,,,,,22649,0.6038583517074585
,,,13,,,,,,,,,,,,,,,,,,,,,,,,,,,,,22659,0.02271653339266777
,,,13,,,,,,,,,,,,,,,,,,,,,,,,,,,,,22669,0.011237453669309616
,,,13,,,,,,,,,,,,,,,,,,,,,,,,,,,,,22679,0.00660376250743866
,,,13,,,,,,,,,,,,,,,,,,,,,,,,,,,,,22689,0.016515612602233887
,,,13,,,,,,,,,,,,,,,,,,,,,,,,,,,,,22699,0.029852518811821938
,,,13,,,,,,,,,,,,,,,,,,,,,,,,,,,,,22709,0.017423715442419052
,,,13,,,,,,,,,,,,,,,,,,,,,,,,,,,,,22719,0.01706075482070446
,,,13,,,,,,,,,,,,,,,,,,,,,,,,,,,,,22729,0.008281135931611061
,,,13,,,,,,,,,,,,,,,,,,,,,,,,,,,,,22739,0.01074189692735672
,,,13,,,,,,,,,,,,,,,,,,,,,,,,,,,,,22749,0.005896689370274544
,,,13,,,,,,,,,,,,,,,,,,,,,,,,,,,,,22759,0.005597793497145176
,,,13,,,,,,,,,,,,,,,,,,,,,,,,,,,,,22769,0.1363040953874588
,,,13,,,,,,,,,,,,,,,,,,,,,,,,,,,,,22779,0.0020954872015863657
,,,13,,,,,,,,,,,,,,,,,,,,,,,,,,,,,22789,0.46509161591529846
,,,13,,,,,,,,,,,,,,,,,,,,,,,,,,,,,22799,0.0017743593780323863
,,,13,,,,,,,,,,,,,,,,,,,,,,,,,,,,,22809,0.7475199103355408
,,,13,,,,,,,,,,,,,,,,,,,,,,,,,,,,,22819,0.052323274314403534
,,,13,,,,,,,,,,,,,,,,,,,,,,,,,,,,,22829,0.0024281747173517942
,,,13,,,,,,,,,,,,,,,,,,,,,,,,,,,,,22839,0.012545954436063766
,,,13,,,,,,,,,,,,,,,,,,,,,,,,,,,,,22849,0.00240902416408062
,,,13,,,,,,,,,,,,,,,,,,,,,,,,,,,,,22859,0.7729442715644836
,,,13,,,,,,,,,,,,,,,,,,,,,,,,,,,,,22869,0.060016099363565445
,,,13,,,,,,,,,,,,,,,,,,,,,,,,,,,,,22879,0.0726047232747078
,,,13,,,,,,,,,,,,,,,,,,,,,,,,,,,,,22889,0.0009739910601638258
,,,13,,,,,,,,,,,,,,,,,,,,,,,,,,,,,22899,0.014539120718836784
,,,13,,,,,,,,,,,,,,,,,,,,,,,,,,,,,22909,0.10820633918046951
,,,13,,,,,,,,,,,,,,,,,,,,,,,,,,,,,22919,0.730259895324707
,,,13,,,,,,,,,,,,,,,,,,,,,,,,,,,,,22929,0.011281459592282772
,,,13,,,,,,,,,,,,,,,,,,,,,,,,,,,,,22939,0.03298552706837654
,,,13,,,,,,,,,,,,,,,,,,,,,,,,,,,,,22949,0.00929237436503172
,,,13,,,,,,,,,,,,,,,,,,,,,,,,,,,,,22959,0.001644223928451538
,,,13,,,,,,,,,,,,,,,,,,,,,,,,,,,,,22969,0.003174127545207739
,,,13,,,,,,,,,,,,,,,,,,,,,,,,,,,,,22979,0.10722307115793228
,,,13,,,,,,,,,,,,,,,,,,,,,,,,,,,,,22989,0.007015117909759283
,,,13,,,,,,,,,,,,,,,,,,,,,,,,,,,,,22999,0.01345154270529747
,,,13,,,,,,,,,,,,,,,,,,,,,,,,,,,,,23009,0.005635085050016642
,,,13,,,,,,,,,,,,,,,,,,,,,,,,,,,,,23019,0.011073148809373379
,,,13,,,,,,,,,,,,,,,,,,,,,,,,,,,,,23029,0.006788039114326239
,,,13,,,,,,,,,,,,,,,,,,,,,,,,,,,,,23039,0.004781425464898348
,,,13,,,,,,,,,,,,,,,,,,,,,,,,,,,,,23049,0.10040212422609329
,,,13,,,,,,,,,,,,,,,,,,,,,,,,,,,,,23059,0.04859966039657593
,,,13,,,,,,,,,,,,,,,,,,,,,,,,,,,,,23069,0.505678653717041
,,,13,,,,,,,,,,,,,,,,,,,,,,,,,,,,,23079,0.013884920626878738
,,,13,,,,,,,,,,,,,,,,,,,,,,,,,,,,,23089,0.07726796716451645
,,,13,,,,,,,,,,,,,,,,,,,,,,,,,,,,,23099,0.004670115187764168
,,,13,,,,,,,,,,,,,,,,,,,,,,,,,,,,,23109,0.0021684591192752123
,,,13,,,,,,,,,,,,,,,,,,,,,,,,,,,,,23119,0.01449454203248024
,,,13,,,,,,,,,,,,,,,,,,,,,,,,,,,,,23129,0.00390734663233161
,,,13,,,,,,,,,,,,,,,,,,,,,,,,,,,,,23139,0.011041882447898388
,,,13,,,,,,,,,,,,,,,,,,,,,,,,,,,,,23149,0.03886711969971657
,,,13,,,,,,,,,,,,,,,,,,,,,,,,,,,,,23159,0.17313826084136963
,,,13,,,,,,,,,,,,,,,,,,,,,,,,,,,,,23169,0.013382673263549805
,,,13,,,,,,,,,,,,,,,,,,,,,,,,,,,,,23179,0.3051949441432953
,,,13,,,,,,,,,,,,,,,,,,,,,,,,,,,,,23189,0.018851544708013535
,,,13,,,,,,,,,,,,,,,,,,,,,,,,,,,,,23199,0.7581779360771179
,,,13,,,,,,,,,,,,,,,,,,,,,,,,,,,,,23209,0.006003240589052439
,,,13,,,,,,,,,,,,,,,,,,,,,,,,,,,,,23219,0.056880682706832886
,,,13,,,,,,,,,,,,,,,,,,,,,,,,,,,,,23229,0.3516446650028229
,,,13,,,,,,,,,,,,,,,,,,,,,,,,,,,,,23239,0.0073832254856824875
,,,13,,,,,,,,,,,,,,,,,,,,,,,,,,,,,23249,0.21184463798999786
,,,13,,,,,,,,,,,,,,,,,,,,,,,,,,,,,23259,0.48478421568870544
,,,,5.144852529658481e-07,2.882169408442831e-06,4.43410678221974e-06,4.43410678221974e-06,6.8217027418765215e-06,6.8217027418765215e-06,1.0494927295194649e-05,1.0494927295194649e-05,1.614604199260715e-05,1.614604199260715e-05,2.4840064604011e-05,5.144852529658481e-07,2.4840064604011e-05,3.821548400617077e-05,3.821548400617077e-05,5.87930523171858e-05,5.87930523171858e-05,9.045084971874738e-05,9.045084971874738e-05,9.045084971874738e-05,9.045084971874738e-05,7.915157737936124e-07,7.915157737936124e-07,1.2177165750670961e-06,1.2177165750670961e-06,1.87341011548784e-06,1.87341011548784e-06,2.882169408442831e-06,23268,
,,,14,,,,,,,,,,,,,,,,,,,,,,,,,,,,,23269,0.2351250946521759
,,,14,,,,,,,,,,,,,,,,,,,,,,,,,,,,,23279,0.002970603760331869
,,,14,,,,,,,,,,,,,,,,,,,,,,,,,,,,,23289,0.0024911812506616116
,,,14,,,,,,,,,,,,,,,,,,,,,,,,,,,,,23299,0.010000760667026043
,,,14,,,,,,,,,,,,,,,,,,,,,,,,,,,,,23309,0.02418058179318905
,,,14,,,,,,,,,,,,,,,,,,,,,,,,,,,,,23319,0.005992578808218241
,,,14,,,,,,,,,,,,,,,,,,,,,,,,,,,,,23329,0.5280289053916931
,,,14,,,,,,,,,,,,,,,,,,,,,,,,,,,,,23339,0.06055325269699097
,,,14,,,,,,,,,,,,,,,,,,,,,,,,,,,,,23349,0.014996709302067757
,,,14,,,,,,,,,,,,,,,,,,,,,,,,,,,,,23359,0.032348375767469406
,,,14,,,,,,,,,,,,,,,,,,,,,,,,,,,,,23369,0.003246922744438052
,,,14,,,,,,,,,,,,,,,,,,,,,,,,,,,,,23379,0.009100904688239098
,,,14,,,,,,,,,,,,,,,,,,,,,,,,,,,,,23389,0.008071784861385822
,,,14,,,,,,,,,,,,,,,,,,,,,,,,,,,,,23399,0.0028310087509453297
,,,14,,,,,,,,,,,,,,,,,,,,,,,,,,,,,23409,0.0075284941121935844
,,,14,,,,,,,,,,,,,,,,,,,,,,,,,,,,,23419,0.0039963992312550545
,,,14,,,,,,,,,,,,,,,,,,,,,,,,,,,,,23429,0.0020488486625254154
,,,14,,,,,,,,,,,,,,,,,,,,,,,,,,,,,23439,0.004659479949623346
,,,14,,,,,,,,,,,,,,,,,,,,,,,,,,,,,23449,0.013096668757498264
,,,14,,,,,,,,,,,,,,,,,,,,,,,,,,,,,23459,0.011877676472067833
,,,14,,,,,,,,,,,,,,,,,,,,,,,,,,,,,23469,0.05273653566837311
,,,14,,,,,,,,,,,,,,,,,,,,,,,,,,,,,23479,0.022997742518782616
,,,14,,,,,,,,,,,,,,,,,,,,,,,,,,,,,23489,0.0010485314996913075
,,,14,,,,,,,,,,,,,,,,,,,,,,,,,,,,,23499,0.14310601353645325
,,,14,,,,,,,,,,,,,,,,,,,,,,,,,,,,,23509,0.001971406163647771
,,,14,,,,,,,,,,,,,,,,,,,,,,,,,,,,,23519,0.6230829358100891
,,,14,,,,,,,,,,,,,,,,,,,,,,,,,,,,,23529,0.001720248255878687
,,,14,,,,,,,,,,,,,,,,,,,,,,,,,,,,,23539,0.0030328489374369383
,,,14,,,,,,,,,,,,,,,,,,,,,,,,,,,,,23549,0.9868670701980591
,,,14,,,,,,,,,,,,,,,,,,,,,,,,,,,,,23559,0.004048123024404049
,,,14,,,,,,,,,,,,,,,,,,,,,,,,,,,,,23569,1.1766328811645508
,,,14,,,,,,,,,,,,,,,,,,,,,,,,,,,,,23579,0.0028067990206182003
,,,14,,,,,,,,,,,,,,,,,,,,,,,,,,,,,23589,0.0036565959453582764
,,,14,,,,,,,,,,,,,,,,,,,,,,,,,,,,,23599,0.07502493262290955
,,,14,,,,,,,,,,,,,,,,,,,,,,,,,,,,,23609,0.02507805824279785
,,,14,,,,,,,,,,,,,,,,,,,,,,,,,,,,,23619,0.003016912378370762
,,,14,,,,,,,,,,,,,,,,,,,,,,,,,,,,,23629,0.003964008763432503
,,,14,,,,,,,,,,,,,,,,,,,,,,,,,,,,,23639,0.00470693176612258
,,,14,,,,,,,,,,,,,,,,,,,,,,,,,,,,,23649,0.002973588416352868
,,,14,,,,,,,,,,,,,,,,,,,,,,,,,,,,,23659,0.01145660225301981
,,,14,,,,,,,,,,,,,,,,,,,,,,,,,,,,,23669,0.019753679633140564
,,,14,,,,,,,,,,,,,,,,,,,,,,,,,,,,,23679,0.01617596298456192
,,,14,,,,,,,,,,,,,,,,,,,,,,,,,,,,,23689,0.19533231854438782
,,,14,,,,,,,,,,,,,,,,,,,,,,,,,,,,,23699,0.013814671896398067
,,,14,,,,,,,,,,,,,,,,,,,,,,,,,,,,,23709,0.0018018310656771064
,,,14,,,,,,,,,,,,,,,,,,,,,,,,,,,,,23719,0.01201809011399746
,,,14,,,,,,,,,,,,,,,,,,,,,,,,,,,,,23729,0.31254062056541443
,,,14,,,,,,,,,,,,,,,,,,,,,,,,,,,,,23739,0.021817341446876526
,,,14,,,,,,,,,,,,,,,,,,,,,,,,,,,,,23749,0.005893124733120203
,,,14,,,,,,,,,,,,,,,,,,,,,,,,,,,,,23759,0.005556444171816111
,,,14,,,,,,,,,,,,,,,,,,,,,,,,,,,,,23769,0.4261302947998047
,,,14,,,,,,,,,,,,,,,,,,,,,,,,,,,,,23779,0.09692614525556564
,,,14,,,,,,,,,,,,,,,,,,,,,,,,,,,,,23789,0.553024411201477
,,,14,,,,,,,,,,,,,,,,,,,,,,,,,,,,,23799,0.003668966004624963
,,,14,,,,,,,,,,,,,,,,,,,,,,,,,,,,,23809,0.0038045872934162617
,,,14,,,,,,,,,,,,,,,,,,,,,,,,,,,,,23819,0.012532579712569714
,,,14,,,,,,,,,,,,,,,,,,,,,,,,,,,,,23829,0.05507420375943184
,,,14,,,,,,,,,,,,,,,,,,,,,,,,,,,,,23839,0.018482794985175133
,,,14,,,,,,,,,,,,,,,,,,,,,,,,,,,,,23849,0.004203459247946739
,,,14,,,,,,,,,,,,,,,,,,,,,,,,,,,,,23859,0.004594722762703896
,,,14,,,,,,,,,,,,,,,,,,,,,,,,,,,,,23869,0.028637956827878952
,,,14,,,,,,,,,,,,,,,,,,,,,,,,,,,,,23879,0.013366936706006527
,,,14,,,,,,,,,,,,,,,,,,,,,,,,,,,,,23889,0.00671762228012085
,,,14,,,,,,,,,,,,,,,,,,,,,,,,,,,,,23899,0.008370494470000267
,,,14,,,,,,,,,,,,,,,,,,,,,,,,,,,,,23909,0.033494189381599426
,,,14,,,,,,,,,,,,,,,,,,,,,,,,,,,,,23919,0.003229353576898575
,,,14,,,,,,,,,,,,,,,,,,,,,,,,,,,,,23929,0.019380738958716393
,,,14,,,,,,,,,,,,,,,,,,,,,,,,,,,,,23939,0.09956837445497513
,,,14,,,,,,,,,,,,,,,,,,,,,,,,,,,,,23949,0.0023171217180788517
,,,14,,,,,,,,,,,,,,,,,,,,,,,,,,,,,23959,0.0015711563173681498
,,,14,,,,,,,,,,,,,,,,,,,,,,,,,,,,,23969,0.0427827425301075
,,,14,,,,,,,,,,,,,,,,,,,,,,,,,,,,,23979,0.0018386940937489271
,,,14,,,,,,,,,,,,,,,,,,,,,,,,,,,,,23989,0.012370077893137932
,,,14,,,,,,,,,,,,,,,,,,,,,,,,,,,,,23999,0.01412601862102747
,,,14,,,,,,,,,,,,,,,,,,,,,,,,,,,,,24009,0.03063037246465683
,,,14,,,,,,,,,,,,,,,,,,,,,,,,,,,,,24019,0.0034360596910119057
,,,14,,,,,,,,,,,,,,,,,,,,,,,,,,,,,24029,0.004193293862044811
,,,14,,,,,,,,,,,,,,,,,,,,,,,,,,,,,24039,0.08291912078857422
,,,14,,,,,,,,,,,,,,,,,,,,,,,,,,,,,24049,0.007473231293261051
,,,14,,,,,,,,,,,,,,,,,,,,,,,,,,,,,24059,0.018804719671607018
,,,14,,,,,,,,,,,,,,,,,,,,,,,,,,,,,24069,0.004893996752798557
,,,14,,,,,,,,,,,,,,,,,,,,,,,,,,,,,24079,0.0018567695515230298
,,,14,,,,,,,,,,,,,,,,,,,,,,,,,,,,,24089,0.0016777185956016183
,,,14,,,,,,,,,,,,,,,,,,,,,,,,,,,,,24099,0.314159631729126
,,,14,,,,,,,,,,,,,,,,,,,,,,,,,,,,,24109,0.006675084121525288
,,,14,,,,,,,,,,,,,,,,,,,,,,,,,,,,,24119,0.006195020861923695
,,,14,,,,,,,,,,,,,,,,,,,,,,,,,,,,,24129,0.01841965690255165
,,,14,,,,,,,,,,,,,,,,,,,,,,,,,,,,,24139,0.002540284302085638
,,,14,,,,,,,,,,,,,,,,,,,,,,,,,,,,,24149,0.05282079055905342
,,,14,,,,,,,,,,,,,,,,,,,,,,,,,,,,,24159,0.015621255151927471
,,,14,,,,,,,,,,,,,,,,,,,,,,,,,,,,,24169,0.024206487461924553
,,,14,,,,,,,,,,,,,,,,,,,,,,,,,,,,,24179,0.006955683697015047
,,,14,,,,,,,,,,,,,,,,,,,,,,,,,,,,,24189,0.018383866176009178
,,,14,,,,,,,,,,,,,,,,,,,,,,,,,,,,,24199,0.003325649071484804
,,,14,,,,,,,,,,,,,,,,,,,,,,,,,,,,,24209,0.006332263350486755
,,,14,,,,,,,,,,,,,,,,,,,,,,,,,,,,,24219,0.005099256988614798
,,,14,,,,,,,,,,,,,,,,,,,,,,,,,,,,,24229,0.0025876995641738176
,,,14,,,,,,,,,,,,,,,,,,,,,,,,,,,,,24239,0.0027884086593985558
,,,14,,,,,,,,,,,,,,,,,,,,,,,,,,,,,24249,0.002328262198716402
,,,14,,,,,,,,,,,,,,,,,,,,,,,,,,,,,24259,0.004788941703736782
,,,14,,,,,,,,,,,,,,,,,,,,,,,,,,,,,24269,0.15598444640636444
,,,14,,,,,,,,,,,,,,,,,,,,,,,,,,,,,24279,0.002099185949191451
,,,14,,,,,,,,,,,,,,,,,,,,,,,,,,,,,24289,0.0027807364240288734
,,,14,,,,,,,,,,,,,,,,,,,,,,,,,,,,,24299,0.0038590780459344387
,,,14,,,,,,,,,,,,,,,,,,,,,,,,,,,,,24309,0.8686857223510742
,,,14,,,,,,,,,,,,,,,,,,,,,,,,,,,,,24319,0.00545261986553669
,,,14,,,,,,,,,,,,,,,,,,,,,,,,,,,,,24329,0.01510838232934475
,,,14,,,,,,,,,,,,,,,,,,,,,,,,,,,,,24339,0.0015967943472787738
,,,14,,,,,,,,,,,,,,,,,,,,,,,,,,,,,24349,0.46809881925582886
,,,14,,,,,,,,,,,,,,,,,,,,,,,,,,,,,24359,0.0021987820509821177
,,,14,,,,,,,,,,,,,,,,,,,,,,,,,,,,,24369,0.018303370103240013
,,,14,,,,,,,,,,,,,,,,,,,,,,,,,,,,,24379,0.015582812018692493
,,,14,,,,,,,,,,,,,,,,,,,,,,,,,,,,,24389,0.2734041213989258
,,,14,,,,,,,,,,,,,,,,,,,,,,,,,,,,,24399,0.0020840701181441545
,,,14,,,,,,,,,,,,,,,,,,,,,,,,,,,,,24409,0.010102208703756332
,,,14,,,,,,,,,,,,,,,,,,,,,,,,,,,,,24419,0.0027592009864747524
,,,14,,,,,,,,,,,,,,,,,,,,,,,,,,,,,24429,0.0030832523480057716
,,,14,,,,,,,,,,,,,,,,,,,,,,,,,,,,,24439,0.004224733915179968
,,,14,,,,,,,,,,,,,,,,,,,,,,,,,,,,,24449,0.001762475585564971
,,,14,,,,,,,,,,,,,,,,,,,,,,,,,,,,,24459,0.002746901474893093
,,,14,,,,,,,,,,,,,,,,,,,,,,,,,,,,,24469,0.0061627402901649475
,,,14,,,,,,,,,,,,,,,,,,,,,,,,,,,,,24479,0.765257716178894
,,,14,,,,,,,,,,,,,,,,,,,,,,,,,,,,,24489,0.0026385511737316847
,,,14,,,,,,,,,,,,,,,,,,,,,,,,,,,,,24499,0.002880557905882597
,,,14,,,,,,,,,,,,,,,,,,,,,,,,,,,,,24509,0.002352598588913679
,,,14,,,,,,,,,,,,,,,,,,,,,,,,,,,,,24519,0.0412694551050663
,,,14,,,,,,,,,,,,,,,,,,,,,,,,,,,,,24529,0.02722325176000595
,,,14,,,,,,,,,,,,,,,,,,,,,,,,,,,,,24539,0.0020772835705429316
,,,14,,,,,,,,,,,,,,,,,,,,,,,,,,,,,24549,0.004546705167740583
,,,14,,,,,,,,,,,,,,,,,,,,,,,,,,,,,24559,0.003256073221564293
,,,14,,,,,,,,,,,,,,,,,,,,,,,,,,,,,24569,0.04195026680827141
,,,14,,,,,,,,,,,,,,,,,,,,,,,,,,,,,24579,0.30365365743637085
,,,14,,,,,,,,,,,,,,,,,,,,,,,,,,,,,24589,0.004945144988596439
,,,14,,,,,,,,,,,,,,,,,,,,,,,,,,,,,24599,0.01041895616799593
,,,14,,,,,,,,,,,,,,,,,,,,,,,,,,,,,24609,0.9145437479019165
,,,14,,,,,,,,,,,,,,,,,,,,,,,,,,,,,24619,0.0021272574085742235
,,,14,,,,,,,,,,,,,,,,,,,,,,,,,,,,,24629,0.0537671260535717
,,,14,,,,,,,,,,,,,,,,,,,,,,,,,,,,,24639,1.7665226459503174
,,,14,,,,,,,,,,,,,,,,,,,,,,,,,,,,,24649,0.17192873358726501
,,,14,,,,,,,,,,,,,,,,,,,,,,,,,,,,,24659,0.05788923799991608
,,,14,,,,,,,,,,,,,,,,,,,,,,,,,,,,,24669,0.05616123974323273
,,,14,,,,,,,,,,,,,,,,,,,,,,,,,,,,,24679,0.14679591357707977
,,,14,,,,,,,,,,,,,,,,,,,,,,,,,,,,,24689,0.11083809286355972
,,,14,,,,,,,,,,,,,,,,,,,,,,,,,,,,,24699,0.7752662897109985
,,,14,,,,,,,,,,,,,,,,,,,,,,,,,,,,,24709,0.06997814774513245
,,,14,,,,,,,,,,,,,,,,,,,,,,,,,,,,,24719,0.007253390736877918
,,,14,,,,,,,,,,,,,,,,,,,,,,,,,,,,,24729,0.0006894213729538023
,,,14,,,,,,,,,,,,,,,,,,,,,,,,,,,,,24739,0.004407584201544523
,,,14,,,,,,,,,,,,,,,,,,,,,,,,,,,,,24749,0.4454103112220764
,,,14,,,,,,,,,,,,,,,,,,,,,,,,,,,,,24759,0.14284074306488037
,,,14,,,,,,,,,,,,,,,,,,,,,,,,,,,,,24769,0.0032671508379280567
,,,14,,,,,,,,,,,,,,,,,,,,,,,,,,,,,24779,0.002151374937966466
,,,14,,,,,,,,,,,,,,,,,,,,,,,,,,,,,24789,0.29810935258865356
,,,14,,,,,,,,,,,,,,,,,,,,,,,,,,,,,24799,0.0018978060688823462
,,,14,,,,,,,,,,,,,,,,,,,,,,,,,,,,,24809,0.0060439459048211575
,,,14,,,,,,,,,,,,,,,,,,,,,,,,,,,,,24819,0.011882961727678776
,,,14,,,,,,,,,,,,,,,,,,,,,,,,,,,,,24829,0.28356292843818665
,,,14,,,,,,,,,,,,,,,,,,,,,,,,,,,,,24839,0.004655602388083935
,,,14,,,,,,,,,,,,,,,,,,,,,,,,,,,,,24849,0.015150460414588451
,,,14,,,,,,,,,,,,,,,,,,,,,,,,,,,,,24859,0.002811407670378685
,,,14,,,,,,,,,,,,,,,,,,,,,,,,,,,,,24869,0.01029317919164896
,,,14,,,,,,,,,,,,,,,,,,,,,,,,,,,,,24879,0.018359072506427765
,,,14,,,,,,,,,,,,,,,,,,,,,,,,,,,,,24889,0.7555368542671204
,,,14,,,,,,,,,,,,,,,,,,,,,,,,,,,,,24899,0.0054394896142184734
,,,14,,,,,,,,,,,,,,,,,,,,,,,,,,,,,24909,0.017475120723247528
,,,14,,,,,,,,,,,,,,,,,,,,,,,,,,,,,24919,0.00678168423473835
,,,14,,,,,,,,,,,,,,,,,,,,,,,,,,,,,24929,0.002046649344265461
0.8466603755950928,0.8241758346557617,0.8704062104225159,14,,,,,,,,,,,,,,,,,,,,,,,,,,,,,24929,
,,,,5.022638399154116e-07,2.813704505670875e-06,4.328776162570576e-06,4.328776162570576e-06,6.659655634723963e-06,6.659655634723963e-06,1.0245624053421482e-05,1.0245624053421482e-05,1.5762498543725355e-05,1.5762498543725355e-05,2.4249997759577468e-05,5.022638399154116e-07,2.4249997759577468e-05,3.730768886088841e-05,3.730768886088841e-05,5.739644440136679e-05,5.739644440136679e-05,8.83022221559489e-05,8.83022221559489e-05,8.83022221559489e-05,8.83022221559489e-05,7.72713599869864e-07,7.72713599869864e-07,1.1887901536459447e-06,1.1887901536459447e-06,1.8289079286860687e-06,1.8289079286860687e-06,2.813704505670875e-06,24930,
,,,15,,,,,,,,,,,,,,,,,,,,,,,,,,,,,24939,0.5922046303749084
,,,15,,,,,,,,,,,,,,,,,,,,,,,,,,,,,24949,0.0059272716753184795
,,,15,,,,,,,,,,,,,,,,,,,,,,,,,,,,,24959,0.0022607927676290274
,,,15,,,,,,,,,,,,,,,,,,,,,,,,,,,,,24969,0.3925631046295166
,,,15,,,,,,,,,,,,,,,,,,,,,,,,,,,,,24979,0.0025816226843744516
,,,15,,,,,,,,,,,,,,,,,,,,,,,,,,,,,24989,0.0045022545382380486
,,,15,,,,,,,,,,,,,,,,,,,,,,,,,,,,,24999,0.01167887169867754
,,,15,,,,,,,,,,,,,,,,,,,,,,,,,,,,,25009,0.09618515521287918
,,,15,,,,,,,,,,,,,,,,,,,,,,,,,,,,,25019,0.002480671741068363
,,,15,,,,,,,,,,,,,,,,,,,,,,,,,,,,,25029,0.09984910488128662
,,,15,,,,,,,,,,,,,,,,,,,,,,,,,,,,,25039,0.1936507225036621
,,,15,,,,,,,,,,,,,,,,,,,,,,,,,,,,,25049,0.0018214191077277064
,,,15,,,,,,,,,,,,,,,,,,,,,,,,,,,,,25059,0.0037791018839925528
,,,15,,,,,,,,,,,,,,,,,,,,,,,,,,,,,25069,0.0034570936113595963
,,,15,,,,,,,,,,,,,,,,,,,,,,,,,,,,,25079,0.017239322885870934
,,,15,,,,,,,,,,,,,,,,,,,,,,,,,,,,,25089,0.006247865967452526
,,,15,,,,,,,,,,,,,,,,,,,,,,,,,,,,,25099,0.008130619302392006
,,,15,,,,,,,,,,,,,,,,,,,,,,,,,,,,,25109,0.010228101164102554
,,,15,,,,,,,,,,,,,,,,,,,,,,,,,,,,,25119,0.0006063187611289322
,,,15,,,,,,,,,,,,,,,,,,,,,,,,,,,,,25129,0.0007012243731878698
,,,15,,,,,,,,,,,,,,,,,,,,,,,,,,,,,25139,0.01578555814921856
,,,15,,,,,,,,,,,,,,,,,,,,,,,,,,,,,25149,0.019400952383875847
,,,15,,,,,,,,,,,,,,,,,,,,,,,,,,,,,25159,0.0046095778234303
,,,15,,,,,,,,,,,,,,,,,,,,,,,,,,,,,25169,0.04773027077317238
,,,15,,,,,,,,,,,,,,,,,,,,,,,,,,,,,25179,0.00446931691840291
,,,15,,,,,,,,,,,,,,,,,,,,,,,,,,,,,25189,0.009946881793439388
,,,15,,,,,,,,,,,,,,,,,,,,,,,,,,,,,25199,0.0029171910136938095
,,,15,,,,,,,,,,,,,,,,,,,,,,,,,,,,,25209,0.009014147333800793
,,,15,,,,,,,,,,,,,,,,,,,,,,,,,,,,,25219,0.010005547665059566
,,,15,,,,,,,,,,,,,,,,,,,,,,,,,,,,,25229,0.07657504826784134
,,,15,,,,,,,,,,,,,,,,,,,,,,,,,,,,,25239,0.0023148488253355026
,,,15,,,,,,,,,,,,,,,,,,,,,,,,,,,,,25249,0.11156048625707626
,,,15,,,,,,,,,,,,,,,,,,,,,,,,,,,,,25259,0.009497356601059437
,,,15,,,,,,,,,,,,,,,,,,,,,,,,,,,,,25269,0.024454887956380844
,,,15,,,,,,,,,,,,,,,,,,,,,,,,,,,,,25279,0.10112433135509491
,,,15,,,,,,,,,,,,,,,,,,,,,,,,,,,,,25289,0.011807320639491081
,,,15,,,,,,,,,,,,,,,,,,,,,,,,,,,,,25299,0.025340599939227104
,,,15,,,,,,,,,,,,,,,,,,,,,,,,,,,,,25309,0.002070790156722069
,,,15,,,,,,,,,,,,,,,,,,,,,,,,,,,,,25319,0.1208244189620018
,,,15,,,,,,,,,,,,,,,,,,,,,,,,,,,,,25329,0.0029641699511557817
,,,15,,,,,,,,,,,,,,,,,,,,,,,,,,,,,25339,0.002462814562022686
,,,15,,,,,,,,,,,,,,,,,,,,,,,,,,,,,25349,0.3561576008796692
,,,15,,,,,,,,,,,,,,,,,,,,,,,,,,,,,25359,0.31241053342819214
,,,15,,,,,,,,,,,,,,,,,,,,,,,,,,,,,25369,0.02294892817735672
,,,15,,,,,,,,,,,,,,,,,,,,,,,,,,,,,25379,0.008937152102589607
,,,15,,,,,,,,,,,,,,,,,,,,,,,,,,,,,25389,0.0014961588894948363
,,,15,,,,,,,,,,,,,,,,,,,,,,,,,,,,,25399,0.0019696648232638836
,,,15,,,,,,,,,,,,,,,,,,,,,,,,,,,,,25409,0.09029329568147659
,,,15,,,,,,,,,,,,,,,,,,,,,,,,,,,,,25419,0.015374205075204372
,,,15,,,,,,,,,,,,,,,,,,,,,,,,,,,,,25429,0.02416646108031273
,,,15,,,,,,,,,,,,,,,,,,,,,,,,,,,,,25439,0.0028549362905323505
,,,15,,,,,,,,,,,,,,,,,,,,,,,,,,,,,25449,0.07461665570735931
,,,15,,,,,,,,,,,,,,,,,,,,,,,,,,,,,25459,0.0058883680030703545
,,,15,,,,,,,,,,,,,,,,,,,,,,,,,,,,,25469,0.24723497033119202
,,,15,,,,,,,,,,,,,,,,,,,,,,,,,,,,,25479,0.007272998336702585
,,,15,,,,,,,,,,,,,,,,,,,,,,,,,,,,,25489,0.006424321793019772
,,,15,,,,,,,,,,,,,,,,,,,,,,,,,,,,,25499,0.003411986632272601
,,,15,,,,,,,,,,,,,,,,,,,,,,,,,,,,,25509,0.0215495266020298
,,,15,,,,,,,,,,,,,,,,,,,,,,,,,,,,,25519,1.175892949104309
,,,15,,,,,,,,,,,,,,,,,,,,,,,,,,,,,25529,0.07336103171110153
,,,15,,,,,,,,,,,,,,,,,,,,,,,,,,,,,25539,0.01796272210776806
,,,15,,,,,,,,,,,,,,,,,,,,,,,,,,,,,25549,1.5049173831939697
,,,15,,,,,,,,,,,,,,,,,,,,,,,,,,,,,25559,0.001054565655067563
,,,15,,,,,,,,,,,,,,,,,,,,,,,,,,,,,25569,0.004044988192617893
,,,15,,,,,,,,,,,,,,,,,,,,,,,,,,,,,25579,0.06975030153989792
,,,15,,,,,,,,,,,,,,,,,,,,,,,,,,,,,25589,0.011490348726511002
,,,15,,,,,,,,,,,,,,,,,,,,,,,,,,,,,25599,0.0031631621532142162
,,,15,,,,,,,,,,,,,,,,,,,,,,,,,,,,,25609,0.13048583269119263
,,,15,,,,,,,,,,,,,,,,,,,,,,,,,,,,,25619,0.0022801330778747797
,,,15,,,,,,,,,,,,,,,,,,,,,,,,,,,,,25629,0.0031185890547931194
,,,15,,,,,,,,,,,,,,,,,,,,,,,,,,,,,25639,0.02621319331228733
,,,15,,,,,,,,,,,,,,,,,,,,,,,,,,,,,25649,0.008441850543022156
,,,15,,,,,,,,,,,,,,,,,,,,,,,,,,,,,25659,0.0014144363813102245
,,,15,,,,,,,,,,,,,,,,,,,,,,,,,,,,,25669,0.019268173724412918
,,,15,,,,,,,,,,,,,,,,,,,,,,,,,,,,,25679,0.008910301141440868
,,,15,,,,,,,,,,,,,,,,,,,,,,,,,,,,,25689,0.03704781085252762
,,,15,,,,,,,,,,,,,,,,,,,,,,,,,,,,,25699,0.14704254269599915
,,,15,,,,,,,,,,,,,,,,,,,,,,,,,,,,,25709,0.14307072758674622
,,,15,,,,,,,,,,,,,,,,,,,,,,,,,,,,,25719,0.002086055465042591
,,,15,,,,,,,,,,,,,,,,,,,,,,,,,,,,,25729,0.0018988547381013632
,,,15,,,,,,,,,,,,,,,,,,,,,,,,,,,,,25739,0.003840086283162236
,,,15,,,,,,,,,,,,,,,,,,,,,,,,,,,,,25749,0.0013788944343104959
,,,15,,,,,,,,,,,,,,,,,,,,,,,,,,,,,25759,0.0075714318081736565
,,,15,,,,,,,,,,,,,,,,,,,,,,,,,,,,,25769,0.02216333895921707
,,,15,,,,,,,,,,,,,,,,,,,,,,,,,,,,,25779,0.004634025972336531
,,,15,,,,,,,,,,,,,,,,,,,,,,,,,,,,,25789,0.17367379367351532
,,,15,,,,,,,,,,,,,,,,,,,,,,,,,,,,,25799,0.010574647225439548
,,,15,,,,,,,,,,,,,,,,,,,,,,,,,,,,,25809,0.00533662224188447
,,,15,,,,,,,,,,,,,,,,,,,,,,,,,,,,,25819,0.0017378174234181643
,,,15,,,,,,,,,,,,,,,,,,,,,,,,,,,,,25829,0.0035380637273192406
,,,15,,,,,,,,,,,,,,,,,,,,,,,,,,,,,25839,0.03325781598687172
,,,15,,,,,,,,,,,,,,,,,,,,,,,,,,,,,25849,0.014108163304626942
,,,15,,,,,,,,,,,,,,,,,,,,,,,,,,,,,25859,0.006123594474047422
,,,15,,,,,,,,,,,,,,,,,,,,,,,,,,,,,25869,0.006943040061742067
,,,15,,,,,,,,,,,,,,,,,,,,,,,,,,,,,25879,0.002622454660013318
,,,15,,,,,,,,,,,,,,,,,,,,,,,,,,,,,25889,0.04057607799768448
,,,15,,,,,,,,,,,,,,,,,,,,,,,,,,,,,25899,0.0006794062210246921
,,,15,,,,,,,,,,,,,,,,,,,,,,,,,,,,,25909,0.0013811913086101413
,,,15,,,,,,,,,,,,,,,,,,,,,,,,,,,,,25919,0.0034501305781304836
,,,15,,,,,,,,,,,,,,,,,,,,,,,,,,,,,25929,0.0014021528186276555
,,,15,,,,,,,,,,,,,,,,,,,,,,,,,,,,,25939,0.002667768159881234
,,,15,,,,,,,,,,,,,,,,,,,,,,,,,,,,,25949,0.16607531905174255
,,,15,,,,,,,,,,,,,,,,,,,,,,,,,,,,,25959,0.3761971592903137
,,,15,,,,,,,,,,,,,,,,,,,,,,,,,,,,,25969,0.021751796826720238
,,,15,,,,,,,,,,,,,,,,,,,,,,,,,,,,,25979,0.004774464759975672
,,,15,,,,,,,,,,,,,,,,,,,,,,,,,,,,,25989,0.0020025395788252354
,,,15,,,,,,,,,,,,,,,,,,,,,,,,,,,,,25999,0.3487032949924469
,,,15,,,,,,,,,,,,,,,,,,,,,,,,,,,,,26009,0.0038122208788990974
,,,15,,,,,,,,,,,,,,,,,,,,,,,,,,,,,26019,0.0040741050615906715
,,,15,,,,,,,,,,,,,,,,,,,,,,,,,,,,,26029,0.006800836883485317
,,,15,,,,,,,,,,,,,,,,,,,,,,,,,,,,,26039,0.0034409905783832073
,,,15,,,,,,,,,,,,,,,,,,,,,,,,,,,,,26049,0.0033822760451585054
,,,15,,,,,,,,,,,,,,,,,,,,,,,,,,,,,26059,0.0049625905230641365
,,,15,,,,,,,,,,,,,,,,,,,,,,,,,,,,,26069,0.10308867692947388
,,,15,,,,,,,,,,,,,,,,,,,,,,,,,,,,,26079,0.02213224768638611
,,,15,,,,,,,,,,,,,,,,,,,,,,,,,,,,,26089,0.11324584484100342
,,,15,,,,,,,,,,,,,,,,,,,,,,,,,,,,,26099,0.017620986327528954
,,,15,,,,,,,,,,,,,,,,,,,,,,,,,,,,,26109,0.007793959695845842
,,,15,,,,,,,,,,,,,,,,,,,,,,,,,,,,,26119,0.021074114367365837
,,,15,,,,,,,,,,,,,,,,,,,,,,,,,,,,,26129,0.0021360337268561125
,,,15,,,,,,,,,,,,,,,,,,,,,,,,,,,,,26139,0.002973570255562663
,,,15,,,,,,,,,,,,,,,,,,,,,,,,,,,,,26149,0.8888123035430908
,,,15,,,,,,,,,,,,,,,,,,,,,,,,,,,,,26159,0.0027895616367459297
,,,15,,,,,,,,,,,,,,,,,,,,,,,,,,,,,26169,0.00168504542671144
,,,15,,,,,,,,,,,,,,,,,,,,,,,,,,,,,26179,0.0019973369780927896
,,,15,,,,,,,,,,,,,,,,,,,,,,,,,,,,,26189,0.013586158864200115
,,,15,,,,,,,,,,,,,,,,,,,,,,,,,,,,,26199,0.039780694991350174
,,,15,,,,,,,,,,,,,,,,,,,,,,,,,,,,,26209,0.20649297535419464
,,,15,,,,,,,,,,,,,,,,,,,,,,,,,,,,,26219,0.1483980119228363
,,,15,,,,,,,,,,,,,,,,,,,,,,,,,,,,,26229,0.022361641749739647
,,,15,,,,,,,,,,,,,,,,,,,,,,,,,,,,,26239,0.002248217584565282
,,,15,,,,,,,,,,,,,,,,,,,,,,,,,,,,,26249,0.003901650430634618
,,,15,,,,,,,,,,,,,,,,,,,,,,,,,,,,,26259,0.0015067077474668622
,,,15,,,,,,,,,,,,,,,,,,,,,,,,,,,,,26269,0.07269513607025146
,,,15,,,,,,,,,,,,,,,,,,,,,,,,,,,,,26279,0.01826014742255211
,,,15,,,,,,,,,,,,,,,,,,,,,,,,,,,,,26289,0.007134838495403528
,,,15,,,,,,,,,,,,,,,,,,,,,,,,,,,,,26299,0.0039775678887963295
,,,15,,,,,,,,,,,,,,,,,,,,,,,,,,,,,26309,0.002648014109581709
,,,15,,,,,,,,,,,,,,,,,,,,,,,,,,,,,26319,0.5594068765640259
,,,15,,,,,,,,,,,,,,,,,,,,,,,,,,,,,26329,0.002045350382104516
,,,15,,,,,,,,,,,,,,,,,,,,,,,,,,,,,26339,0.08689305931329727
,,,15,,,,,,,,,,,,,,,,,,,,,,,,,,,,,26349,0.04148850217461586
,,,15,,,,,,,,,,,,,,,,,,,,,,,,,,,,,26359,0.024652153253555298
,,,15,,,,,,,,,,,,,,,,,,,,,,,,,,,,,26369,0.003624060656875372
,,,15,,,,,,,,,,,,,,,,,,,,,,,,,,,,,26379,0.0030209810938686132
,,,15,,,,,,,,,,,,,,,,,,,,,,,,,,,,,26389,0.012365077622234821
,,,15,,,,,,,,,,,,,,,,,,,,,,,,,,,,,26399,0.1719106286764145
,,,15,,,,,,,,,,,,,,,,,,,,,,,,,,,,,26409,0.013862278312444687
,,,15,,,,,,,,,,,,,,,,,,,,,,,,,,,,,26419,0.010487571358680725
,,,15,,,,,,,,,,,,,,,,,,,,,,,,,,,,,26429,0.0017100278055295348
,,,15,,,,,,,,,,,,,,,,,,,,,,,,,,,,,26439,0.010439991019666195
,,,15,,,,,,,,,,,,,,,,,,,,,,,,,,,,,26449,0.08157489448785782
,,,15,,,,,,,,,,,,,,,,,,,,,,,,,,,,,26459,0.00391202000901103
,,,15,,,,,,,,,,,,,,,,,,,,,,,,,,,,,26469,0.3132357597351074
,,,15,,,,,,,,,,,,,,,,,,,,,,,,,,,,,26479,0.004072056617587805
,,,15,,,,,,,,,,,,,,,,,,,,,,,,,,,,,26489,0.0016645017312839627
,,,15,,,,,,,,,,,,,,,,,,,,,,,,,,,,,26499,0.017324093729257584
,,,15,,,,,,,,,,,,,,,,,,,,,,,,,,,,,26509,0.009531529620289803
,,,15,,,,,,,,,,,,,,,,,,,,,,,,,,,,,26519,0.11082228273153305
,,,15,,,,,,,,,,,,,,,,,,,,,,,,,,,,,26529,0.01525077410042286
,,,15,,,,,,,,,,,,,,,,,,,,,,,,,,,,,26539,0.002238396555185318
,,,15,,,,,,,,,,,,,,,,,,,,,,,,,,,,,26549,0.0013999325456097722
,,,15,,,,,,,,,,,,,,,,,,,,,,,,,,,,,26559,0.007945815101265907
,,,15,,,,,,,,,,,,,,,,,,,,,,,,,,,,,26569,0.15924935042858124
,,,15,,,,,,,,,,,,,,,,,,,,,,,,,,,,,26579,0.0014498574892058969
,,,15,,,,,,,,,,,,,,,,,,,,,,,,,,,,,26589,0.2764561176300049
,,,,4.88981018344231e-07,2.739293544871571e-06,4.2142977613408785e-06,4.2142977613408785e-06,6.4835350174475046e-06,6.4835350174475046e-06,9.974669257611545e-06,9.974669257611545e-06,1.534564501171007e-05,1.534564501171007e-05,2.3608684633400107e-05,4.88981018344231e-07,2.3608684633400107e-05,3.6321053282154005e-05,3.6321053282154005e-05,5.587854351100617e-05,5.587854351100617e-05,8.596699001693255e-05,8.596699001693255e-05,8.596699001693255e-05,8.596699001693255e-05,7.522784897603552e-07,7.522784897603552e-07,1.1573515227082388e-06,1.1573515227082388e-06,1.7805408041665213e-06,1.7805408041665213e-06,2.739293544871571e-06,26592,
,,,16,,,,,,,,,,,,,,,,,,,,,,,,,,,,,26599,0.002290863310918212
,,,16,,,,,,,,,,,,,,,,,,,,,,,,,,,,,26609,0.024526605382561684
,,,16,,,,,,,,,,,,,,,,,,,,,,,,,,,,,26619,0.010204708203673363
,,,16,,,,,,,,,,,,,,,,,,,,,,,,,,,,,26629,0.0022118333727121353
,,,16,,,,,,,,,,,,,,,,,,,,,,,,,,,,,26639,0.0050060641951859
,,,16,,,,,,,,,,,,,,,,,,,,,,,,,,,,,26649,0.7441742420196533
,,,16,,,,,,,,,,,,,,,,,,,,,,,,,,,,,26659,1.1515663862228394
,,,16,,,,,,,,,,,,,,,,,,,,,,,,,,,,,26669,0.005233444273471832
,,,16,,,,,,,,,,,,,,,,,,,,,,,,,,,,,26679,0.14131316542625427
,,,16,,,,,,,,,,,,,,,,,,,,,,,,,,,,,26689,0.002395631978288293
,,,16,,,,,,,,,,,,,,,,,,,,,,,,,,,,,26699,0.0030555131379514933
,,,16,,,,,,,,,,,,,,,,,,,,,,,,,,,,,26709,0.002340863924473524
,,,16,,,,,,,,,,,,,,,,,,,,,,,,,,,,,26719,0.002110577654093504
,,,16,,,,,,,,,,,,,,,,,,,,,,,,,,,,,26729,0.07200291007757187
,,,16,,,,,,,,,,,,,,,,,,,,,,,,,,,,,26739,0.004806581884622574
,,,16,,,,,,,,,,,,,,,,,,,,,,,,,,,,,26749,0.00129122834187001
,,,16,,,,,,,,,,,,,,,,,,,,,,,,,,,,,26759,0.02896241284906864
,,,16,,,,,,,,,,,,,,,,,,,,,,,,,,,,,26769,0.0016632808838039637
,,,16,,,,,,,,,,,,,,,,,,,,,,,,,,,,,26779,0.0038904801476746798
,,,16,,,,,,,,,,,,,,,,,,,,,,,,,,,,,26789,0.01148033607751131
,,,16,,,,,,,,,,,,,,,,,,,,,,,,,,,,,26799,0.004556291736662388
,,,16,,,,,,,,,,,,,,,,,,,,,,,,,,,,,26809,0.009016301482915878
,,,16,,,,,,,,,,,,,,,,,,,,,,,,,,,,,26819,0.0062909540720283985
,,,16,,,,,,,,,,,,,,,,,,,,,,,,,,,,,26829,0.06881300359964371
,,,16,,,,,,,,,,,,,,,,,,,,,,,,,,,,,26839,0.08867716789245605
,,,16,,,,,,,,,,,,,,,,,,,,,,,,,,,,,26849,0.004206472542136908
,,,16,,,,,,,,,,,,,,,,,,,,,,,,,,,,,26859,0.017571277916431427
,,,16,,,,,,,,,,,,,,,,,,,,,,,,,,,,,26869,1.5483812093734741
,,,16,,,,,,,,,,,,,,,,,,,,,,,,,,,,,26879,0.01447758637368679
,,,16,,,,,,,,,,,,,,,,,,,,,,,,,,,,,26889,0.015084169805049896
,,,16,,,,,,,,,,,,,,,,,,,,,,,,,,,,,26899,0.003520280821248889
,,,16,,,,,,,,,,,,,,,,,,,,,,,,,,,,,26909,0.09298857301473618
,,,16,,,,,,,,,,,,,,,,,,,,,,,,,,,,,26919,0.035355258733034134
,,,16,,,,,,,,,,,,,,,,,,,,,,,,,,,,,26929,0.010622907429933548
,,,16,,,,,,,,,,,,,,,,,,,,,,,,,,,,,26939,0.0031844694167375565
,,,16,,,,,,,,,,,,,,,,,,,,,,,,,,,,,26949,0.028450479730963707
,,,16,,,,,,,,,,,,,,,,,,,,,,,,,,,,,26959,0.0016507600666955113
,,,16,,,,,,,,,,,,,,,,,,,,,,,,,,,,,26969,0.011324165388941765
,,,16,,,,,,,,,,,,,,,,,,,,,,,,,,,,,26979,0.00727697042748332
,,,16,,,,,,,,,,,,,,,,,,,,,,,,,,,,,26989,0.010469837114214897
,,,16,,,,,,,,,,,,,,,,,,,,,,,,,,,,,26999,0.5047023892402649
,,,16,,,,,,,,,,,,,,,,,,,,,,,,,,,,,27009,0.006554979365319014
,,,16,,,,,,,,,,,,,,,,,,,,,,,,,,,,,27019,0.037779588252305984
,,,16,,,,,,,,,,,,,,,,,,,,,,,,,,,,,27029,0.0013273919466882944
,,,16,,,,,,,,,,,,,,,,,,,,,,,,,,,,,27039,0.0025829444639384747
,,,16,,,,,,,,,,,,,,,,,,,,,,,,,,,,,27049,0.015906482934951782
,,,16,,,,,,,,,,,,,,,,,,,,,,,,,,,,,27059,0.26866474747657776
,,,16,,,,,,,,,,,,,,,,,,,,,,,,,,,,,27069,0.17184078693389893
,,,16,,,,,,,,,,,,,,,,,,,,,,,,,,,,,27079,0.005646305158734322
,,,16,,,,,,,,,,,,,,,,,,,,,,,,,,,,,27089,0.01079979632049799
,,,16,,,,,,,,,,,,,,,,,,,,,,,,,,,,,27099,0.001928068115375936
,,,16,,,,,,,,,,,,,,,,,,,,,,,,,,,,,27109,0.0023682769387960434
,,,16,,,,,,,,,,,,,,,,,,,,,,,,,,,,,27119,0.12981803715229034
,,,16,,,,,,,,,,,,,,,,,,,,,,,,,,,,,27129,0.002358269179239869
,,,16,,,,,,,,,,,,,,,,,,,,,,,,,,,,,27139,0.06339216977357864
,,,16,,,,,,,,,,,,,,,,,,,,,,,,,,,,,27149,0.0047653792425990105
,,,16,,,,,,,,,,,,,,,,,,,,,,,,,,,,,27159,0.019458571448922157
,,,16,,,,,,,,,,,,,,,,,,,,,,,,,,,,,27169,0.0022467165254056454
,,,16,,,,,,,,,,,,,,,,,,,,,,,,,,,,,27179,0.0035600841511040926
,,,16,,,,,,,,,,,,,,,,,,,,,,,,,,,,,27189,0.02846251055598259
,,,16,,,,,,,,,,,,,,,,,,,,,,,,,,,,,27199,0.1345127671957016
,,,16,,,,,,,,,,,,,,,,,,,,,,,,,,,,,27209,0.5653140544891357
,,,16,,,,,,,,,,,,,,,,,,,,,,,,,,,,,27219,0.0026760557666420937
,,,16,,,,,,,,,,,,,,,,,,,,,,,,,,,,,27229,0.0021590176038444042
,,,16,,,,,,,,,,,,,,,,,,,,,,,,,,,,,27239,0.06029517576098442
,,,16,,,,,,,,,,,,,,,,,,,,,,,,,,,,,27249,0.005846717860549688
,,,16,,,,,,,,,,,,,,,,,,,,,,,,,,,,,27259,0.002421426819637418
,,,16,,,,,,,,,,,,,,,,,,,,,,,,,,,,,27269,0.04239712655544281
,,,16,,,,,,,,,,,,,,,,,,,,,,,,,,,,,27279,0.0492481105029583
,,,16,,,,,,,,,,,,,,,,,,,,,,,,,,,,,27289,0.0334286093711853
,,,16,,,,,,,,,,,,,,,,,,,,,,,,,,,,,27299,0.021684909239411354
,,,16,,,,,,,,,,,,,,,,,,,,,,,,,,,,,27309,0.0030585152562707663
,,,16,,,,,,,,,,,,,,,,,,,,,,,,,,,,,27319,0.0029764745850116014
,,,16,,,,,,,,,,,,,,,,,,,,,,,,,,,,,27329,0.002417617477476597
,,,16,,,,,,,,,,,,,,,,,,,,,,,,,,,,,27339,0.3454151153564453
,,,16,,,,,,,,,,,,,,,,,,,,,,,,,,,,,27349,0.018445637077093124
,,,16,,,,,,,,,,,,,,,,,,,,,,,,,,,,,27359,0.0028289994224905968
,,,16,,,,,,,,,,,,,,,,,,,,,,,,,,,,,27369,0.01003931649029255
,,,16,,,,,,,,,,,,,,,,,,,,,,,,,,,,,27379,0.006009113974869251
,,,16,,,,,,,,,,,,,,,,,,,,,,,,,,,,,27389,0.7011836767196655
,,,16,,,,,,,,,,,,,,,,,,,,,,,,,,,,,27399,0.025527924299240112
,,,16,,,,,,,,,,,,,,,,,,,,,,,,,,,,,27409,0.0016331139486283064
,,,16,,,,,,,,,,,,,,,,,,,,,,,,,,,,,27419,0.004547185264527798
,,,16,,,,,,,,,,,,,,,,,,,,,,,,,,,,,27429,0.0028971033170819283
,,,16,,,,,,,,,,,,,,,,,,,,,,,,,,,,,27439,0.00215558847412467
,,,16,,,,,,,,,,,,,,,,,,,,,,,,,,,,,27449,0.0023341337218880653
,,,16,,,,,,,,,,,,,,,,,,,,,,,,,,,,,27459,0.002253349870443344
,,,16,,,,,,,,,,,,,,,,,,,,,,,,,,,,,27469,0.004415572155267
,,,16,,,,,,,,,,,,,,,,,,,,,,,,,,,,,27479,0.00343507737852633
,,,16,,,,,,,,,,,,,,,,,,,,,,,,,,,,,27489,0.05209992825984955
,,,16,,,,,,,,,,,,,,,,,,,,,,,,,,,,,27499,0.009581286460161209
,,,16,,,,,,,,,,,,,,,,,,,,,,,,,,,,,27509,0.6597039699554443
,,,16,,,,,,,,,,,,,,,,,,,,,,,,,,,,,27519,0.002157464623451233
,,,16,,,,,,,,,,,,,,,,,,,,,,,,,,,,,27529,0.003981071524322033
,,,16,,,,,,,,,,,,,,,,,,,,,,,,,,,,,27539,0.005066521465778351
,,,16,,,,,,,,,,,,,,,,,,,,,,,,,,,,,27549,0.03752688691020012
,,,16,,,,,,,,,,,,,,,,,,,,,,,,,,,,,27559,0.11377023160457611
,,,16,,,,,,,,,,,,,,,,,,,,,,,,,,,,,27569,0.17455561459064484
,,,16,,,,,,,,,,,,,,,,,,,,,,,,,,,,,27579,0.007827319204807281
,,,16,,,,,,,,,,,,,,,,,,,,,,,,,,,,,27589,0.0016939613269641995
,,,16,,,,,,,,,,,,,,,,,,,,,,,,,,,,,27599,0.002844178816303611
,,,16,,,,,,,,,,,,,,,,,,,,,,,,,,,,,27609,0.005878282245248556
,,,16,,,,,,,,,,,,,,,,,,,,,,,,,,,,,27619,0.007411228492856026
,,,16,,,,,,,,,,,,,,,,,,,,,,,,,,,,,27629,0.01803371123969555
,,,16,,,,,,,,,,,,,,,,,,,,,,,,,,,,,27639,0.002420989330857992
,,,16,,,,,,,,,,,,,,,,,,,,,,,,,,,,,27649,0.005276900250464678
,,,16,,,,,,,,,,,,,,,,,,,,,,,,,,,,,27659,0.0040688225999474525
,,,16,,,,,,,,,,,,,,,,,,,,,,,,,,,,,27669,0.002472660969942808
,,,16,,,,,,,,,,,,,,,,,,,,,,,,,,,,,27679,0.0005142113659530878
,,,16,,,,,,,,,,,,,,,,,,,,,,,,,,,,,27689,0.0033837754745036364
,,,16,,,,,,,,,,,,,,,,,,,,,,,,,,,,,27699,0.007686025463044643
,,,16,,,,,,,,,,,,,,,,,,,,,,,,,,,,,27709,0.028616584837436676
,,,16,,,,,,,,,,,,,,,,,,,,,,,,,,,,,27719,0.0026216094847768545
,,,16,,,,,,,,,,,,,,,,,,,,,,,,,,,,,27729,0.0027475091628730297
,,,16,,,,,,,,,,,,,,,,,,,,,,,,,,,,,27739,0.005480836145579815
,,,16,,,,,,,,,,,,,,,,,,,,,,,,,,,,,27749,0.007342113181948662
,,,16,,,,,,,,,,,,,,,,,,,,,,,,,,,,,27759,0.002464608522132039
,,,16,,,,,,,,,,,,,,,,,,,,,,,,,,,,,27769,0.009792136959731579
,,,16,,,,,,,,,,,,,,,,,,,,,,,,,,,,,27779,0.006998666562139988
,,,16,,,,,,,,,,,,,,,,,,,,,,,,,,,,,27789,0.002454160712659359
,,,16,,,,,,,,,,,,,,,,,,,,,,,,,,,,,27799,0.019755367189645767
,,,16,,,,,,,,,,,,,,,,,,,,,,,,,,,,,27809,0.013738652691245079
,,,16,,,,,,,,,,,,,,,,,,,,,,,,,,,,,27819,0.006052816286683083
,,,16,,,,,,,,,,,,,,,,,,,,,,,,,,,,,27829,0.4590540826320648
,,,16,,,,,,,,,,,,,,,,,,,,,,,,,,,,,27839,0.3486435115337372
,,,16,,,,,,,,,,,,,,,,,,,,,,,,,,,,,27849,0.001624558586627245
,,,16,,,,,,,,,,,,,,,,,,,,,,,,,,,,,27859,0.09473142772912979
,,,16,,,,,,,,,,,,,,,,,,,,,,,,,,,,,27869,0.4537700116634369
,,,16,,,,,,,,,,,,,,,,,,,,,,,,,,,,,27879,0.00961939338594675
,,,16,,,,,,,,,,,,,,,,,,,,,,,,,,,,,27889,0.04880872741341591
,,,16,,,,,,,,,,,,,,,,,,,,,,,,,,,,,27899,0.0021474880632013083
,,,16,,,,,,,,,,,,,,,,,,,,,,,,,,,,,27909,0.006432088557630777
,,,16,,,,,,,,,,,,,,,,,,,,,,,,,,,,,27919,0.07675567269325256
,,,16,,,,,,,,,,,,,,,,,,,,,,,,,,,,,27929,0.0018285338301211596
,,,16,,,,,,,,,,,,,,,,,,,,,,,,,,,,,27939,0.0036443653516471386
,,,16,,,,,,,,,,,,,,,,,,,,,,,,,,,,,27949,0.03194697946310043
,,,16,,,,,,,,,,,,,,,,,,,,,,,,,,,,,27959,0.0021497970446944237
,,,16,,,,,,,,,,,,,,,,,,,,,,,,,,,,,27969,0.6088325381278992
,,,16,,,,,,,,,,,,,,,,,,,,,,,,,,,,,27979,0.0036811314057558775
,,,16,,,,,,,,,,,,,,,,,,,,,,,,,,,,,27989,1.4127475023269653
,,,16,,,,,,,,,,,,,,,,,,,,,,,,,,,,,27999,0.019841428846120834
,,,16,,,,,,,,,,,,,,,,,,,,,,,,,,,,,28009,0.0295023862272501
,,,16,,,,,,,,,,,,,,,,,,,,,,,,,,,,,28019,0.005025464575737715
,,,16,,,,,,,,,,,,,,,,,,,,,,,,,,,,,28029,0.01763194613158703
,,,16,,,,,,,,,,,,,,,,,,,,,,,,,,,,,28039,0.0013984690885990858
,,,16,,,,,,,,,,,,,,,,,,,,,,,,,,,,,28049,0.06103944033384323
,,,16,,,,,,,,,,,,,,,,,,,,,,,,,,,,,28059,0.0018563022604212165
,,,16,,,,,,,,,,,,,,,,,,,,,,,,,,,,,28069,0.9319161176681519
,,,16,,,,,,,,,,,,,,,,,,,,,,,,,,,,,28079,0.016689054667949677
,,,16,,,,,,,,,,,,,,,,,,,,,,,,,,,,,28089,0.1830252856016159
,,,16,,,,,,,,,,,,,,,,,,,,,,,,,,,,,28099,0.002370667178183794
,,,16,,,,,,,,,,,,,,,,,,,,,,,,,,,,,28109,0.04894161969423294
,,,16,,,,,,,,,,,,,,,,,,,,,,,,,,,,,28119,0.02309127151966095
,,,16,,,,,,,,,,,,,,,,,,,,,,,,,,,,,28129,0.13390393555164337
,,,16,,,,,,,,,,,,,,,,,,,,,,,,,,,,,28139,0.004091958049684763
,,,16,,,,,,,,,,,,,,,,,,,,,,,,,,,,,28149,0.6718029379844666
,,,16,,,,,,,,,,,,,,,,,,,,,,,,,,,,,28159,0.5701078772544861
,,,16,,,,,,,,,,,,,,,,,,,,,,,,,,,,,28169,0.006282114423811436
,,,16,,,,,,,,,,,,,,,,,,,,,,,,,,,,,28179,0.002633384894579649
,,,16,,,,,,,,,,,,,,,,,,,,,,,,,,,,,28189,0.023933960124850273
,,,16,,,,,,,,,,,,,,,,,,,,,,,,,,,,,28199,0.00242053996771574
,,,16,,,,,,,,,,,,,,,,,,,,,,,,,,,,,28209,0.030676746740937233
,,,16,,,,,,,,,,,,,,,,,,,,,,,,,,,,,28219,0.44774267077445984
,,,16,,,,,,,,,,,,,,,,,,,,,,,,,,,,,28229,0.0018459565471857786
,,,16,,,,,,,,,,,,,,,,,,,,,,,,,,,,,28239,0.004775878041982651
,,,16,,,,,,,,,,,,,,,,,,,,,,,,,,,,,28249,0.004436857532709837
,,,,4.747015008238162e-07,2.65929904876617e-06,4.091229305794108e-06,4.091229305794108e-06,6.294198931990935e-06,6.294198931990935e-06,9.683382972293745e-06,9.683382972293745e-06,1.48975122650673e-05,1.48975122650673e-05,2.2919249638565074e-05,4.747015008238162e-07,2.2919249638565074e-05,3.5260384059330885e-05,3.5260384059330885e-05,5.42467447066629e-05,5.42467447066629e-05,8.345653031794292e-05,8.345653031794292e-05,8.345653031794292e-05,8.345653031794292e-05,7.303100012674094e-07,7.303100012674094e-07,1.123553848103707e-06,1.123553848103707e-06,1.7285443816980106e-06,1.7285443816980106e-06,2.65929904876617e-06,28254,
,,,17,,,,,,,,,,,,,,,,,,,,,,,,,,,,,28259,0.012052860110998154
,,,17,,,,,,,,,,,,,,,,,,,,,,,,,,,,,28269,0.0025649098679423332
,,,17,,,,,,,,,,,,,,,,,,,,,,,,,,,,,28279,0.18567179143428802
,,,17,,,,,,,,,,,,,,,,,,,,,,,,,,,,,28289,1.5601098537445068
,,,17,,,,,,,,,,,,,,,,,,,,,,,,,,,,,28299,0.1397988647222519
,,,17,,,,,,,,,,,,,,,,,,,,,,,,,,,,,28309,0.004249464720487595
,,,17,,,,,,,,,,,,,,,,,,,,,,,,,,,,,28319,2.7213151454925537
,,,17,,,,,,,,,,,,,,,,,,,,,,,,,,,,,28329,0.013255001045763493
,,,17,,,,,,,,,,,,,,,,,,,,,,,,,,,,,28339,0.0033917883411049843
,,,17,,,,,,,,,,,,,,,,,,,,,,,,,,,,,28349,0.005650896113365889
,,,17,,,,,,,,,,,,,,,,,,,,,,,,,,,,,28359,0.004117480479180813
,,,17,,,,,,,,,,,,,,,,,,,,,,,,,,,,,28369,0.3494805097579956
,,,17,,,,,,,,,,,,,,,,,,,,,,,,,,,,,28379,0.19571374356746674
,,,17,,,,,,,,,,,,,,,,,,,,,,,,,,,,,28389,0.002798790344968438
,,,17,,,,,,,,,,,,,,,,,,,,,,,,,,,,,28399,0.5545451641082764
,,,17,,,,,,,,,,,,,,,,,,,,,,,,,,,,,28409,0.5336267948150635
,,,17,,,,,,,,,,,,,,,,,,,,,,,,,,,,,28419,0.002317796228453517
,,,17,,,,,,,,,,,,,,,,,,,,,,,,,,,,,28429,0.3542015552520752
,,,17,,,,,,,,,,,,,,,,,,,,,,,,,,,,,28439,0.0063157156109809875
,,,17,,,,,,,,,,,,,,,,,,,,,,,,,,,,,28449,0.019304314628243446
,,,17,,,,,,,,,,,,,,,,,,,,,,,,,,,,,28459,0.00458487868309021
,,,17,,,,,,,,,,,,,,,,,,,,,,,,,,,,,28469,0.012243866920471191
,,,17,,,,,,,,,,,,,,,,,,,,,,,,,,,,,28479,0.005454296711832285
,,,17,,,,,,,,,,,,,,,,,,,,,,,,,,,,,28489,1.5076570510864258
,,,17,,,,,,,,,,,,,,,,,,,,,,,,,,,,,28499,0.0019395771669223905
,,,17,,,,,,,,,,,,,,,,,,,,,,,,,,,,,28509,0.4260643720626831
,,,17,,,,,,,,,,,,,,,,,,,,,,,,,,,,,28519,0.01154575776308775
,,,17,,,,,,,,,,,,,,,,,,,,,,,,,,,,,28529,0.03464583307504654
,,,17,,,,,,,,,,,,,,,,,,,,,,,,,,,,,28539,0.004129359964281321
,,,17,,,,,,,,,,,,,,,,,,,,,,,,,,,,,28549,0.003944293595850468
,,,17,,,,,,,,,,,,,,,,,,,,,,,,,,,,,28559,0.21623793244361877
,,,17,,,,,,,,,,,,,,,,,,,,,,,,,,,,,28569,0.0015568321105092764
,,,17,,,,,,,,,,,,,,,,,,,,,,,,,,,,,28579,0.0208091102540493
,,,17,,,,,,,,,,,,,,,,,,,,,,,,,,,,,28589,0.0028419597074389458
,,,17,,,,,,,,,,,,,,,,,,,,,,,,,,,,,28599,0.005447882227599621
,,,17,,,,,,,,,,,,,,,,,,,,,,,,,,,,,28609,0.0020528824534267187
,,,17,,,,,,,,,,,,,,,,,,,,,,,,,,,,,28619,0.00858492311090231
,,,17,,,,,,,,,,,,,,,,,,,,,,,,,,,,,28629,0.01531930547207594
,,,17,,,,,,,,,,,,,,,,,,,,,,,,,,,,,28639,0.029711991548538208
,,,17,,,,,,,,,,,,,,,,,,,,,,,,,,,,,28649,0.8416633605957031
,,,17,,,,,,,,,,,,,,,,,,,,,,,,,,,,,28659,0.6977505683898926
,,,17,,,,,,,,,,,,,,,,,,,,,,,,,,,,,28669,0.014508302323520184
,,,17,,,,,,,,,,,,,,,,,,,,,,,,,,,,,28679,0.003827195381745696
,,,17,,,,,,,,,,,,,,,,,,,,,,,,,,,,,28689,0.012769248336553574
,,,17,,,,,,,,,,,,,,,,,,,,,,,,,,,,,28699,0.008552400395274162
,,,17,,,,,,,,,,,,,,,,,,,,,,,,,,,,,28709,0.006918216589838266
,,,17,,,,,,,,,,,,,,,,,,,,,,,,,,,,,28719,0.09517709165811539
,,,17,,,,,,,,,,,,,,,,,,,,,,,,,,,,,28729,0.019700003787875175
,,,17,,,,,,,,,,,,,,,,,,,,,,,,,,,,,28739,0.007615877315402031
,,,17,,,,,,,,,,,,,,,,,,,,,,,,,,,,,28749,0.2622092664241791
,,,17,,,,,,,,,,,,,,,,,,,,,,,,,,,,,28759,0.0022754711098968983
,,,17,,,,,,,,,,,,,,,,,,,,,,,,,,,,,28769,0.001154104364104569
,,,17,,,,,,,,,,,,,,,,,,,,,,,,,,,,,28779,0.08167213201522827
,,,17,,,,,,,,,,,,,,,,,,,,,,,,,,,,,28789,0.010695870965719223
,,,17,,,,,,,,,,,,,,,,,,,,,,,,,,,,,28799,0.002380284946411848
,,,17,,,,,,,,,,,,,,,,,,,,,,,,,,,,,28809,0.034266117960214615
,,,17,,,,,,,,,,,,,,,,,,,,,,,,,,,,,28819,0.26820018887519836
,,,17,,,,,,,,,,,,,,,,,,,,,,,,,,,,,28829,0.0043791308999061584
,,,17,,,,,,,,,,,,,,,,,,,,,,,,,,,,,28839,0.003596640657633543
,,,17,,,,,,,,,,,,,,,,,,,,,,,,,,,,,28849,0.03294048830866814
,,,17,,,,,,,,,,,,,,,,,,,,,,,,,,,,,28859,0.005119974259287119
,,,17,,,,,,,,,,,,,,,,,,,,,,,,,,,,,28869,0.006056702230125666
,,,17,,,,,,,,,,,,,,,,,,,,,,,,,,,,,28879,0.0016457574674859643
,,,17,,,,,,,,,,,,,,,,,,,,,,,,,,,,,28889,0.0027558747678995132
,,,17,,,,,,,,,,,,,,,,,,,,,,,,,,,,,28899,0.005489281378686428
,,,17,,,,,,,,,,,,,,,,,,,,,,,,,,,,,28909,0.003847872605547309
,,,17,,,,,,,,,,,,,,,,,,,,,,,,,,,,,28919,0.004431683104485273
,,,17,,,,,,,,,,,,,,,,,,,,,,,,,,,,,28929,0.05535194277763367
,,,17,,,,,,,,,,,,,,,,,,,,,,,,,,,,,28939,0.0025132461450994015
,,,17,,,,,,,,,,,,,,,,,,,,,,,,,,,,,28949,0.003143130801618099
,,,17,,,,,,,,,,,,,,,,,,,,,,,,,,,,,28959,0.06245765462517738
,,,17,,,,,,,,,,,,,,,,,,,,,,,,,,,,,28969,0.25139161944389343
,,,17,,,,,,,,,,,,,,,,,,,,,,,,,,,,,28979,0.164380744099617
,,,17,,,,,,,,,,,,,,,,,,,,,,,,,,,,,28989,0.003169729607179761
,,,17,,,,,,,,,,,,,,,,,,,,,,,,,,,,,28999,0.0007090429426170886
,,,17,,,,,,,,,,,,,,,,,,,,,,,,,,,,,29009,0.0020850885193794966
,,,17,,,,,,,,,,,,,,,,,,,,,,,,,,,,,29019,0.04624591022729874
,,,17,,,,,,,,,,,,,,,,,,,,,,,,,,,,,29029,0.008814149536192417
,,,17,,,,,,,,,,,,,,,,,,,,,,,,,,,,,29039,0.032151177525520325
,,,17,,,,,,,,,,,,,,,,,,,,,,,,,,,,,29049,0.03876451030373573
,,,17,,,,,,,,,,,,,,,,,,,,,,,,,,,,,29059,0.001859077950939536
,,,17,,,,,,,,,,,,,,,,,,,,,,,,,,,,,29069,0.0035296576097607613
,,,17,,,,,,,,,,,,,,,,,,,,,,,,,,,,,29079,0.020773062482476234
,,,17,,,,,,,,,,,,,,,,,,,,,,,,,,,,,29089,0.005297940690070391
,,,17,,,,,,,,,,,,,,,,,,,,,,,,,,,,,29099,0.005349746439605951
,,,17,,,,,,,,,,,,,,,,,,,,,,,,,,,,,29109,0.0024214060977101326
,,,17,,,,,,,,,,,,,,,,,,,,,,,,,,,,,29119,0.0018542943289503455
,,,17,,,,,,,,,,,,,,,,,,,,,,,,,,,,,29129,0.0009695070330053568
,,,17,,,,,,,,,,,,,,,,,,,,,,,,,,,,,29139,0.021238883957266808
,,,17,,,,,,,,,,,,,,,,,,,,,,,,,,,,,29149,0.009408693760633469
,,,17,,,,,,,,,,,,,,,,,,,,,,,,,,,,,29159,0.0017148373881354928
,,,17,,,,,,,,,,,,,,,,,,,,,,,,,,,,,29169,0.009462278336286545
,,,17,,,,,,,,,,,,,,,,,,,,,,,,,,,,,29179,0.002765418030321598
,,,17,,,,,,,,,,,,,,,,,,,,,,,,,,,,,29189,0.008118905127048492
,,,17,,,,,,,,,,,,,,,,,,,,,,,,,,,,,29199,0.011211331002414227
,,,17,,,,,,,,,,,,,,,,,,,,,,,,,,,,,29209,0.5485267043113708
,,,17,,,,,,,,,,,,,,,,,,,,,,,,,,,,,29219,0.0045049311593174934
,,,17,,,,,,,,,,,,,,,,,,,,,,,,,,,,,29229,0.0027207189705222845
,,,17,,,,,,,,,,,,,,,,,,,,,,,,,,,,,29239,0.006264277268201113
,,,17,,,,,,,,,,,,,,,,,,,,,,,,,,,,,29249,0.0035272776149213314
,,,17,,,,,,,,,,,,,,,,,,,,,,,,,,,,,29259,0.7276127934455872
,,,17,,,,,,,,,,,,,,,,,,,,,,,,,,,,,29269,0.0016788390930742025
,,,17,,,,,,,,,,,,,,,,,,,,,,,,,,,,,29279,0.005658160895109177
,,,17,,,,,,,,,,,,,,,,,,,,,,,,,,,,,29289,0.0019930792041122913
,,,17,,,,,,,,,,,,,,,,,,,,,,,,,,,,,29299,0.002411258639767766
,,,17,,,,,,,,,,,,,,,,,,,,,,,,,,,,,29309,0.0023386457469314337
,,,17,,,,,,,,,,,,,,,,,,,,,,,,,,,,,29319,0.1430881917476654
,,,17,,,,,,,,,,,,,,,,,,,,,,,,,,,,,29329,0.0018537342548370361
,,,17,,,,,,,,,,,,,,,,,,,,,,,,,,,,,29339,0.003496928606182337
,,,17,,,,,,,,,,,,,,,,,,,,,,,,,,,,,29349,0.002920872997492552
,,,17,,,,,,,,,,,,,,,,,,,,,,,,,,,,,29359,0.010830714367330074
,,,17,,,,,,,,,,,,,,,,,,,,,,,,,,,,,29369,0.004295740742236376
,,,17,,,,,,,,,,,,,,,,,,,,,,,,,,,,,29379,0.012879019603133202
,,,17,,,,,,,,,,,,,,,,,,,,,,,,,,,,,29389,0.004108531400561333
,,,17,,,,,,,,,,,,,,,,,,,,,,,,,,,,,29399,0.0022753982339054346
,,,17,,,,,,,,,,,,,,,,,,,,,,,,,,,,,29409,0.0034169794525951147
,,,17,,,,,,,,,,,,,,,,,,,,,,,,,,,,,29419,0.0017277994193136692
,,,17,,,,,,,,,,,,,,,,,,,,,,,,,,,,,29429,0.08996929228305817
,,,17,,,,,,,,,,,,,,,,,,,,,,,,,,,,,29439,0.06093565374612808
,,,17,,,,,,,,,,,,,,,,,,,,,,,,,,,,,29449,0.007485115900635719
,,,17,,,,,,,,,,,,,,,,,,,,,,,,,,,,,29459,0.011683274991810322
,,,17,,,,,,,,,,,,,,,,,,,,,,,,,,,,,29469,0.08162965625524521
,,,17,,,,,,,,,,,,,,,,,,,,,,,,,,,,,29479,0.28999975323677063
,,,17,,,,,,,,,,,,,,,,,,,,,,,,,,,,,29489,0.0025161774829030037
,,,17,,,,,,,,,,,,,,,,,,,,,,,,,,,,,29499,0.011752559803426266
,,,17,,,,,,,,,,,,,,,,,,,,,,,,,,,,,29509,0.003426993964239955
,,,17,,,,,,,,,,,,,,,,,,,,,,,,,,,,,29519,0.004158662166446447
,,,17,,,,,,,,,,,,,,,,,,,,,,,,,,,,,29529,0.02712065726518631
,,,17,,,,,,,,,,,,,,,,,,,,,,,,,,,,,29539,0.15296350419521332
,,,17,,,,,,,,,,,,,,,,,,,,,,,,,,,,,29549,1.0020036697387695
,,,17,,,,,,,,,,,,,,,,,,,,,,,,,,,,,29559,0.0021374209318310022
,,,17,,,,,,,,,,,,,,,,,,,,,,,,,,,,,29569,0.13459832966327667
,,,17,,,,,,,,,,,,,,,,,,,,,,,,,,,,,29579,0.03290633112192154
,,,17,,,,,,,,,,,,,,,,,,,,,,,,,,,,,29589,0.007739173248410225
,,,17,,,,,,,,,,,,,,,,,,,,,,,,,,,,,29599,0.0025455940049141645
,,,17,,,,,,,,,,,,,,,,,,,,,,,,,,,,,29609,0.011949668638408184
,,,17,,,,,,,,,,,,,,,,,,,,,,,,,,,,,29619,0.0013728878693655133
,,,17,,,,,,,,,,,,,,,,,,,,,,,,,,,,,29629,0.007399657275527716
,,,17,,,,,,,,,,,,,,,,,,,,,,,,,,,,,29639,0.01450972817838192
,,,17,,,,,,,,,,,,,,,,,,,,,,,,,,,,,29649,0.004340314771980047
,,,17,,,,,,,,,,,,,,,,,,,,,,,,,,,,,29659,0.002980956109240651
,,,17,,,,,,,,,,,,,,,,,,,,,,,,,,,,,29669,0.01192567776888609
,,,17,,,,,,,,,,,,,,,,,,,,,,,,,,,,,29679,0.0009551646653562784
,,,17,,,,,,,,,,,,,,,,,,,,,,,,,,,,,29689,0.49241575598716736
,,,17,,,,,,,,,,,,,,,,,,,,,,,,,,,,,29699,0.002744611818343401
,,,17,,,,,,,,,,,,,,,,,,,,,,,,,,,,,29709,0.009098179638385773
,,,17,,,,,,,,,,,,,,,,,,,,,,,,,,,,,29719,0.001745637971907854
,,,17,,,,,,,,,,,,,,,,,,,,,,,,,,,,,29729,0.0014414087636396289
,,,17,,,,,,,,,,,,,,,,,,,,,,,,,,,,,29739,0.0019322673324495554
,,,17,,,,,,,,,,,,,,,,,,,,,,,,,,,,,29749,0.16565534472465515
,,,17,,,,,,,,,,,,,,,,,,,,,,,,,,,,,29759,0.0042580231092870235
,,,17,,,,,,,,,,,,,,,,,,,,,,,,,,,,,29769,0.9618341326713562
,,,17,,,,,,,,,,,,,,,,,,,,,,,,,,,,,29779,0.017665881663560867
,,,17,,,,,,,,,,,,,,,,,,,,,,,,,,,,,29789,0.014111589640378952
,,,17,,,,,,,,,,,,,,,,,,,,,,,,,,,,,29799,0.2395574301481247
,,,17,,,,,,,,,,,,,,,,,,,,,,,,,,,,,29809,0.016016963869333267
,,,17,,,,,,,,,,,,,,,,,,,,,,,,,,,,,29819,0.3364296853542328
,,,17,,,,,,,,,,,,,,,,,,,,,,,,,,,,,29829,0.00457965862005949
,,,17,,,,,,,,,,,,,,,,,,,,,,,,,,,,,29839,0.2381778508424759
,,,17,,,,,,,,,,,,,,,,,,,,,,,,,,,,,29849,0.5095710158348083
,,,17,,,,,,,,,,,,,,,,,,,,,,,,,,,,,29859,0.0022433744743466377
,,,17,,,,,,,,,,,,,,,,,,,,,,,,,,,,,29869,0.005100692622363567
,,,17,,,,,,,,,,,,,,,,,,,,,,,,,,,,,29879,0.08110928535461426
,,,17,,,,,,,,,,,,,,,,,,,,,,,,,,,,,29889,0.524569034576416
,,,17,,,,,,,,,,,,,,,,,,,,,,,,,,,,,29899,0.00790379848331213
,,,17,,,,,,,,,,,,,,,,,,,,,,,,,,,,,29909,0.002966976258903742
,,,,4.5949485572815476e-07,2.5741107424986786e-06,3.960170373074889e-06,3.960170373074889e-06,6.092569804730599e-06,6.092569804730599e-06,9.373184314970152e-06,9.373184314970152e-06,1.4420283561492542e-05,1.4420283561492542e-05,2.2185051633065447e-05,4.5949485572815476e-07,2.2185051633065447e-05,3.4130848666254534e-05,3.4130848666254534e-05,5.2508997948083897e-05,5.2508997948083897e-05,8.07830737662829e-05,8.07830737662829e-05,8.07830737662829e-05,8.07830737662829e-05,7.069151626586995e-07,7.069151626586995e-07,1.0875617887056918e-06,1.0875617887056918e-06,1.673171982624141e-06,1.673171982624141e-06,2.5741107424986786e-06,29916,
,,,18,,,,,,,,,,,,,,,,,,,,,,,,,,,,,29919,0.0029151607304811478
,,,18,,,,,,,,,,,,,,,,,,,,,,,,,,,,,29929,0.000878845457918942
,,,18,,,,,,,,,,,,,,,,,,,,,,,,,,,,,29939,0.05322970077395439
,,,18,,,,,,,,,,,,,,,,,,,,,,,,,,,,,29949,0.10029608011245728
,,,18,,,,,,,,,,,,,,,,,,,,,,,,,,,,,29959,0.2529524266719818
,,,18,,,,,,,,,,,,,,,,,,,,,,,,,,,,,29969,0.014832290820777416
,,,18,,,,,,,,,,,,,,,,,,,,,,,,,,,,,29979,0.4122379422187805
,,,18,,,,,,,,,,,,,,,,,,,,,,,,,,,,,29989,0.14578254520893097
,,,18,,,,,,,,,,,,,,,,,,,,,,,,,,,,,29999,0.004338935948908329
,,,18,,,,,,,,,,,,,,,,,,,,,,,,,,,,,30009,0.0013707428006455302
,,,18,,,,,,,,,,,,,,,,,,,,,,,,,,,,,30019,0.28377965092658997
,,,18,,,,,,,,,,,,,,,,,,,,,,,,,,,,,30029,0.13588768243789673
,,,18,,,,,,,,,,,,,,,,,,,,,,,,,,,,,30039,0.019050326198339462
,,,18,,,,,,,,,,,,,,,,,,,,,,,,,,,,,30049,0.07096382975578308
,,,18,,,,,,,,,,,,,,,,,,,,,,,,,,,,,30059,0.2053106278181076
,,,18,,,,,,,,,,,,,,,,,,,,,,,,,,,,,30069,0.010786776430904865
,,,18,,,,,,,,,,,,,,,,,,,,,,,,,,,,,30079,0.005957182962447405
,,,18,,,,,,,,,,,,,,,,,,,,,,,,,,,,,30089,0.0552540123462677
,,,18,,,,,,,,,,,,,,,,,,,,,,,,,,,,,30099,0.025925368070602417
,,,18,,,,,,,,,,,,,,,,,,,,,,,,,,,,,30109,0.03649146854877472
,,,18,,,,,,,,,,,,,,,,,,,,,,,,,,,,,30119,0.0037187549751251936
,,,18,,,,,,,,,,,,,,,,,,,,,,,,,,,,,30129,0.025657683610916138
,,,18,,,,,,,,,,,,,,,,,,,,,,,,,,,,,30139,0.00857968907803297
,,,18,,,,,,,,,,,,,,,,,,,,,,,,,,,,,30149,0.0018551823450252414
,,,18,,,,,,,,,,,,,,,,,,,,,,,,,,,,,30159,0.44327691197395325
,,,18,,,,,,,,,,,,,,,,,,,,,,,,,,,,,30169,0.012318301014602184
,,,18,,,,,,,,,,,,,,,,,,,,,,,,,,,,,30179,0.004277805797755718
,,,18,,,,,,,,,,,,,,,,,,,,,,,,,,,,,30189,0.009522102773189545
,,,18,,,,,,,,,,,,,,,,,,,,,,,,,,,,,30199,0.0040610251016914845
,,,18,,,,,,,,,,,,,,,,,,,,,,,,,,,,,30209,0.04971280321478844
,,,18,,,,,,,,,,,,,,,,,,,,,,,,,,,,,30219,0.018635975196957588
,,,18,,,,,,,,,,,,,,,,,,,,,,,,,,,,,30229,0.0056833489798009396
,,,18,,,,,,,,,,,,,,,,,,,,,,,,,,,,,30239,0.0029260010924190283
,,,18,,,,,,,,,,,,,,,,,,,,,,,,,,,,,30249,0.0030403961427509785
,,,18,,,,,,,,,,,,,,,,,,,,,,,,,,,,,30259,0.01863497495651245
,,,18,,,,,,,,,,,,,,,,,,,,,,,,,,,,,30269,0.0020513341296464205
,,,18,,,,,,,,,,,,,,,,,,,,,,,,,,,,,30279,0.11681915819644928
,,,18,,,,,,,,,,,,,,,,,,,,,,,,,,,,,30289,0.0011875792406499386
,,,18,,,,,,,,,,,,,,,,,,,,,,,,,,,,,30299,0.01445654034614563
,,,18,,,,,,,,,,,,,,,,,,,,,,,,,,,,,30309,0.015841346234083176
,,,18,,,,,,,,,,,,,,,,,,,,,,,,,,,,,30319,0.003211695235222578
,,,18,,,,,,,,,,,,,,,,,,,,,,,,,,,,,30329,0.004023686982691288
,,,18,,,,,,,,,,,,,,,,,,,,,,,,,,,,,30339,0.0008666271460242569
,,,18,,,,,,,,,,,,,,,,,,,,,,,,,,,,,30349,0.0030453098006546497
,,,18,,,,,,,,,,,,,,,,,,,,,,,,,,,,,30359,0.4143175482749939
,,,18,,,,,,,,,,,,,,,,,,,,,,,,,,,,,30369,0.0016218393575400114
,,,18,,,,,,,,,,,,,,,,,,,,,,,,,,,,,30379,0.007065574172884226
,,,18,,,,,,,,,,,,,,,,,,,,,,,,,,,,,30389,0.5232394337654114
,,,18,,,,,,,,,,,,,,,,,,,,,,,,,,,,,30399,0.49466368556022644
,,,18,,,,,,,,,,,,,,,,,,,,,,,,,,,,,30409,0.08328874409198761
,,,18,,,,,,,,,,,,,,,,,,,,,,,,,,,,,30419,0.07323744148015976
,,,18,,,,,,,,,,,,,,,,,,,,,,,,,,,,,30429,0.002440179930999875
,,,18,,,,,,,,,,,,,,,,,,,,,,,,,,,,,30439,0.007286908570677042
,,,18,,,,,,,,,,,,,,,,,,,,,,,,,,,,,30449,0.005286480765789747
,,,18,,,,,,,,,,,,,,,,,,,,,,,,,,,,,30459,0.007783457636833191
,,,18,,,,,,,,,,,,,,,,,,,,,,,,,,,,,30469,0.03146284446120262
,,,18,,,,,,,,,,,,,,,,,,,,,,,,,,,,,30479,0.00821512658149004
,,,18,,,,,,,,,,,,,,,,,,,,,,,,,,,,,30489,0.5818143486976624
,,,18,,,,,,,,,,,,,,,,,,,,,,,,,,,,,30499,0.03977086395025253
,,,18,,,,,,,,,,,,,,,,,,,,,,,,,,,,,30509,0.3878170847892761
,,,18,,,,,,,,,,,,,,,,,,,,,,,,,,,,,30519,0.0013880300102755427
,,,18,,,,,,,,,,,,,,,,,,,,,,,,,,,,,30529,0.00305458577349782
,,,18,,,,,,,,,,,,,,,,,,,,,,,,,,,,,30539,0.0071348403580486774
,,,18,,,,,,,,,,,,,,,,,,,,,,,,,,,,,30549,0.12351332604885101
,,,18,,,,,,,,,,,,,,,,,,,,,,,,,,,,,30559,0.019949903711676598
,,,18,,,,,,,,,,,,,,,,,,,,,,,,,,,,,30569,0.7905403971672058
,,,18,,,,,,,,,,,,,,,,,,,,,,,,,,,,,30579,0.006878869142383337
,,,18,,,,,,,,,,,,,,,,,,,,,,,,,,,,,30589,0.08736642450094223
,,,18,,,,,,,,,,,,,,,,,,,,,,,,,,,,,30599,0.0058857761323452
,,,18,,,,,,,,,,,,,,,,,,,,,,,,,,,,,30609,0.0029314528219401836
,,,18,,,,,,,,,,,,,,,,,,,,,,,,,,,,,30619,0.002313433913514018
,,,18,,,,,,,,,,,,,,,,,,,,,,,,,,,,,30629,0.07029446959495544
,,,18,,,,,,,,,,,,,,,,,,,,,,,,,,,,,30639,0.203141450881958
,,,18,,,,,,,,,,,,,,,,,,,,,,,,,,,,,30649,0.0029859028290957212
,,,18,,,,,,,,,,,,,,,,,,,,,,,,,,,,,30659,0.003627823432907462
,,,18,,,,,,,,,,,,,,,,,,,,,,,,,,,,,30669,0.00712567800655961
,,,18,,,,,,,,,,,,,,,,,,,,,,,,,,,,,30679,0.004697461612522602
,,,18,,,,,,,,,,,,,,,,,,,,,,,,,,,,,30689,0.0036037627141922712
,,,18,,,,,,,,,,,,,,,,,,,,,,,,,,,,,30699,0.004015583544969559
,,,18,,,,,,,,,,,,,,,,,,,,,,,,,,,,,30709,0.007575330790132284
,,,18,,,,,,,,,,,,,,,,,,,,,,,,,,,,,30719,0.002474495442584157
,,,18,,,,,,,,,,,,,,,,,,,,,,,,,,,,,30729,0.013793285936117172
,,,18,,,,,,,,,,,,,,,,,,,,,,,,,,,,,30739,0.008599004708230495
,,,18,,,,,,,,,,,,,,,,,,,,,,,,,,,,,30749,0.005263015627861023
,,,18,,,,,,,,,,,,,,,,,,,,,,,,,,,,,30759,0.0024420085828751326
,,,18,,,,,,,,,,,,,,,,,,,,,,,,,,,,,30769,0.0042624929919838905
,,,18,,,,,,,,,,,,,,,,,,,,,,,,,,,,,30779,0.004622862208634615
,,,18,,,,,,,,,,,,,,,,,,,,,,,,,,,,,30789,0.24959306418895721
,,,18,,,,,,,,,,,,,,,,,,,,,,,,,,,,,30799,0.04663247987627983
,,,18,,,,,,,,,,,,,,,,,,,,,,,,,,,,,30809,0.013311712071299553
,,,18,,,,,,,,,,,,,,,,,,,,,,,,,,,,,30819,0.002365570282563567
,,,18,,,,,,,,,,,,,,,,,,,,,,,,,,,,,30829,0.3474269211292267
,,,18,,,,,,,,,,,,,,,,,,,,,,,,,,,,,30839,0.10793126374483109
,,,18,,,,,,,,,,,,,,,,,,,,,,,,,,,,,30849,0.0023035502526909113
,,,18,,,,,,,,,,,,,,,,,,,,,,,,,,,,,30859,0.0036856892984360456
,,,18,,,,,,,,,,,,,,,,,,,,,,,,,,,,,30869,0.05373136326670647
,,,18,,,,,,,,,,,,,,,,,,,,,,,,,,,,,30879,0.007335759699344635
,,,18,,,,,,,,,,,,,,,,,,,,,,,,,,,,,30889,0.10489971190690994
,,,18,,,,,,,,,,,,,,,,,,,,,,,,,,,,,30899,0.0042661866173148155
,,,18,,,,,,,,,,,,,,,,,,,,,,,,,,,,,30909,0.012332682497799397
,,,18,,,,,,,,,,,,,,,,,,,,,,,,,,,,,30919,0.060003526508808136
,,,18,,,,,,,,,,,,,,,,,,,,,,,,,,,,,30929,0.03705199435353279
,,,18,,,,,,,,,,,,,,,,,,,,,,,,,,,,,30939,0.013377522118389606
,,,18,,,,,,,,,,,,,,,,,,,,,,,,,,,,,30949,0.002793696476146579
,,,18,,,,,,,,,,,,,,,,,,,,,,,,,,,,,30959,0.0026538928505033255
,,,18,,,,,,,,,,,,,,,,,,,,,,,,,,,,,30969,0.011183264665305614
,,,18,,,,,,,,,,,,,,,,,,,,,,,,,,,,,30979,0.005850193090736866
,,,18,,,,,,,,,,,,,,,,,,,,,,,,,,,,,30989,0.0023706306237727404
,,,18,,,,,,,,,,,,,,,,,,,,,,,,,,,,,30999,0.3967573940753937
,,,18,,,,,,,,,,,,,,,,,,,,,,,,,,,,,31009,0.02758060395717621
,,,18,,,,,,,,,,,,,,,,,,,,,,,,,,,,,31019,0.0761955976486206
,,,18,,,,,,,,,,,,,,,,,,,,,,,,,,,,,31029,0.0013477870961651206
,,,18,,,,,,,,,,,,,,,,,,,,,,,,,,,,,31039,0.0028611202724277973
,,,18,,,,,,,,,,,,,,,,,,,,,,,,,,,,,31049,0.004381917417049408
,,,18,,,,,,,,,,,,,,,,,,,,,,,,,,,,,31059,0.0023638373240828514
,,,18,,,,,,,,,,,,,,,,,,,,,,,,,,,,,31069,0.013492025434970856
,,,18,,,,,,,,,,,,,,,,,,,,,,,,,,,,,31079,0.02283627539873123
,,,18,,,,,,,,,,,,,,,,,,,,,,,,,,,,,31089,0.5767744779586792
,,,18,,,,,,,,,,,,,,,,,,,,,,,,,,,,,31099,0.7352632880210876
,,,18,,,,,,,,,,,,,,,,,,,,,,,,,,,,,31109,0.03901270404458046
,,,18,,,,,,,,,,,,,,,,,,,,,,,,,,,,,31119,0.0022259950637817383
,,,18,,,,,,,,,,,,,,,,,,,,,,,,,,,,,31129,0.0023023553658276796
,,,18,,,,,,,,,,,,,,,,,,,,,,,,,,,,,31139,0.17035357654094696
,,,18,,,,,,,,,,,,,,,,,,,,,,,,,,,,,31149,0.4292411208152771
,,,18,,,,,,,,,,,,,,,,,,,,,,,,,,,,,31159,0.012429147958755493
,,,18,,,,,,,,,,,,,,,,,,,,,,,,,,,,,31169,0.00679874187335372
,,,18,,,,,,,,,,,,,,,,,,,,,,,,,,,,,31179,0.0017890604212880135
,,,18,,,,,,,,,,,,,,,,,,,,,,,,,,,,,31189,0.7087228894233704
,,,18,,,,,,,,,,,,,,,,,,,,,,,,,,,,,31199,0.06352804601192474
,,,18,,,,,,,,,,,,,,,,,,,,,,,,,,,,,31209,0.01703336276113987
,,,18,,,,,,,,,,,,,,,,,,,,,,,,,,,,,31219,0.004500032402575016
,,,18,,,,,,,,,,,,,,,,,,,,,,,,,,,,,31229,0.166232630610466
,,,18,,,,,,,,,,,,,,,,,,,,,,,,,,,,,31239,0.0016441798070445657
,,,18,,,,,,,,,,,,,,,,,,,,,,,,,,,,,31249,0.01364047545939684
,,,18,,,,,,,,,,,,,,,,,,,,,,,,,,,,,31259,0.007282914128154516
,,,18,,,,,,,,,,,,,,,,,,,,,,,,,,,,,31269,0.01667737402021885
,,,18,,,,,,,,,,,,,,,,,,,,,,,,,,,,,31279,0.49646875262260437
,,,18,,,,,,,,,,,,,,,,,,,,,,,,,,,,,31289,0.0019035059958696365
,,,18,,,,,,,,,,,,,,,,,,,,,,,,,,,,,31299,1.190597414970398
,,,18,,,,,,,,,,,,,,,,,,,,,,,,,,,,,31309,0.0005024035344831645
,,,18,,,,,,,,,,,,,,,,,,,,,,,,,,,,,31319,0.050655167549848557
,,,18,,,,,,,,,,,,,,,,,,,,,,,,,,,,,31329,0.43861478567123413
,,,18,,,,,,,,,,,,,,,,,,,,,,,,,,,,,31339,0.00835263542830944
,,,18,,,,,,,,,,,,,,,,,,,,,,,,,,,,,31349,0.0069347163662314415
,,,18,,,,,,,,,,,,,,,,,,,,,,,,,,,,,31359,0.00275942450389266
,,,18,,,,,,,,,,,,,,,,,,,,,,,,,,,,,31369,0.008959638886153698
,,,18,,,,,,,,,,,,,,,,,,,,,,,,,,,,,31379,0.007209275849163532
,,,18,,,,,,,,,,,,,,,,,,,,,,,,,,,,,31389,0.0010163733968511224
,,,18,,,,,,,,,,,,,,,,,,,,,,,,,,,,,31399,0.0015116456197574735
,,,18,,,,,,,,,,,,,,,,,,,,,,,,,,,,,31409,0.004003097303211689
,,,18,,,,,,,,,,,,,,,,,,,,,,,,,,,,,31419,0.0026906761340796947
,,,18,,,,,,,,,,,,,,,,,,,,,,,,,,,,,31429,0.00964533630758524
,,,18,,,,,,,,,,,,,,,,,,,,,,,,,,,,,31439,0.0017949072644114494
,,,18,,,,,,,,,,,,,,,,,,,,,,,,,,,,,31449,0.39133119583129883
,,,18,,,,,,,,,,,,,,,,,,,,,,,,,,,,,31459,0.012438124977052212
,,,18,,,,,,,,,,,,,,,,,,,,,,,,,,,,,31469,0.007029298227280378
,,,18,,,,,,,,,,,,,,,,,,,,,,,,,,,,,31479,0.030642693862318993
,,,18,,,,,,,,,,,,,,,,,,,,,,,,,,,,,31489,0.19217664003372192
,,,18,,,,,,,,,,,,,,,,,,,,,,,,,,,,,31499,0.023206092417240143
,,,18,,,,,,,,,,,,,,,,,,,,,,,,,,,,,31509,0.0020297004375606775
,,,18,,,,,,,,,,,,,,,,,,,,,,,,,,,,,31519,0.004478354938328266
,,,18,,,,,,,,,,,,,,,,,,,,,,,,,,,,,31529,0.0033057681284844875
,,,18,,,,,,,,,,,,,,,,,,,,,,,,,,,,,31539,0.007890896871685982
,,,18,,,,,,,,,,,,,,,,,,,,,,,,,,,,,31549,0.018016213551163673
,,,18,,,,,,,,,,,,,,,,,,,,,,,,,,,,,31559,0.0019346852786839008
,,,18,,,,,,,,,,,,,,,,,,,,,,,,,,,,,31569,0.019437670707702637
,,,,4.4343516830358614e-07,2.484143654934133e-06,3.821759469129435e-06,3.821759469129435e-06,5.879629952506824e-06,5.879629952506824e-06,9.045584542318189e-06,9.045584542318189e-06,1.3916283911258752e-05,1.3916283911258752e-05,2.1409667555782694e-05,4.4343516830358614e-07,2.1409667555782694e-05,3.293795008581953e-05,3.293795008581953e-05,5.067376936279928e-05,5.067376936279928e-05,7.795964517353735e-05,7.795964517353735e-05,7.795964517353735e-05,7.795964517353735e-05,6.822079512362862e-07,6.822079512362862e-07,1.0495506942096713e-06,1.0495506942096713e-06,1.6146933757071865e-06,1.6146933757071865e-06,2.484143654934133e-06,31578,
,,,19,,,,,,,,,,,,,,,,,,,,,,,,,,,,,31579,0.01368177030235529
,,,19,,,,,,,,,,,,,,,,,,,,,,,,,,,,,31589,0.720725953578949
,,,19,,,,,,,,,,,,,,,,,,,,,,,,,,,,,31599,0.09426672756671906
,,,19,,,,,,,,,,,,,,,,,,,,,,,,,,,,,31609,0.0068173534236848354
,,,19,,,,,,,,,,,,,,,,,,,,,,,,,,,,,31619,0.002398268086835742
,,,19,,,,,,,,,,,,,,,,,,,,,,,,,,,,,31629,0.0016198975499719381
,,,19,,,,,,,,,,,,,,,,,,,,,,,,,,,,,31639,0.9699276685714722
,,,19,,,,,,,,,,,,,,,,,,,,,,,,,,,,,31649,0.06510791927576065
,,,19,,,,,,,,,,,,,,,,,,,,,,,,,,,,,31659,0.0029031867161393166
,,,19,,,,,,,,,,,,,,,,,,,,,,,,,,,,,31669,0.0017919996753335
,,,19,,,,,,,,,,,,,,,,,,,,,,,,,,,,,31679,0.0036713075824081898
,,,19,,,,,,,,,,,,,,,,,,,,,,,,,,,,,31689,0.002770655555650592
,,,19,,,,,,,,,,,,,,,,,,,,,,,,,,,,,31699,0.0016652533086016774
,,,19,,,,,,,,,,,,,,,,,,,,,,,,,,,,,31709,0.2985198199748993
,,,19,,,,,,,,,,,,,,,,,,,,,,,,,,,,,31719,0.0015210199635475874
,,,19,,,,,,,,,,,,,,,,,,,,,,,,,,,,,31729,0.012703347951173782
,,,19,,,,,,,,,,,,,,,,,,,,,,,,,,,,,31739,0.28379249572753906
,,,19,,,,,,,,,,,,,,,,,,,,,,,,,,,,,31749,0.019236931577324867
,,,19,,,,,,,,,,,,,,,,,,,,,,,,,,,,,31759,0.16461621224880219
,,,19,,,,,,,,,,,,,,,,,,,,,,,,,,,,,31769,0.028569098562002182
,,,19,,,,,,,,,,,,,,,,,,,,,,,,,,,,,31779,0.015816310420632362
,,,19,,,,,,,,,,,,,,,,,,,,,,,,,,,,,31789,0.021155836060643196
,,,19,,,,,,,,,,,,,,,,,,,,,,,,,,,,,31799,0.006510899402201176
,,,19,,,,,,,,,,,,,,,,,,,,,,,,,,,,,31809,0.014004680328071117
,,,19,,,,,,,,,,,,,,,,,,,,,,,,,,,,,31819,0.8640515208244324
,,,19,,,,,,,,,,,,,,,,,,,,,,,,,,,,,31829,0.004847025964409113
,,,19,,,,,,,,,,,,,,,,,,,,,,,,,,,,,31839,0.001153329387307167
,,,19,,,,,,,,,,,,,,,,,,,,,,,,,,,,,31849,0.0277505274862051
,,,19,,,,,,,,,,,,,,,,,,,,,,,,,,,,,31859,0.6396483778953552
,,,19,,,,,,,,,,,,,,,,,,,,,,,,,,,,,31869,0.018232403323054314
,,,19,,,,,,,,,,,,,,,,,,,,,,,,,,,,,31879,0.002071656286716461
,,,19,,,,,,,,,,,,,,,,,,,,,,,,,,,,,31889,0.002671551890671253
,,,19,,,,,,,,,,,,,,,,,,,,,,,,,,,,,31899,0.012136390432715416
,,,19,,,,,,,,,,,,,,,,,,,,,,,,,,,,,31909,0.002379832323640585
,,,19,,,,,,,,,,,,,,,,,,,,,,,,,,,,,31919,0.010983538813889027
,,,19,,,,,,,,,,,,,,,,,,,,,,,,,,,,,31929,0.00273364270105958
,,,19,,,,,,,,,,,,,,,,,,,,,,,,,,,,,31939,0.031881850212812424
,,,19,,,,,,,,,,,,,,,,,,,,,,,,,,,,,31949,0.007702955510467291
,,,19,,,,,,,,,,,,,,,,,,,,,,,,,,,,,31959,0.0038984972052276134
,,,19,,,,,,,,,,,,,,,,,,,,,,,,,,,,,31969,0.0010239407420158386
,,,19,,,,,,,,,,,,,,,,,,,,,,,,,,,,,31979,0.18178562819957733
,,,19,,,,,,,,,,,,,,,,,,,,,,,,,,,,,31989,0.001607910729944706
,,,19,,,,,,,,,,,,,,,,,,,,,,,,,,,,,31999,0.004805406089872122
,,,19,,,,,,,,,,,,,,,,,,,,,,,,,,,,,32009,0.002943054772913456
,,,19,,,,,,,,,,,,,,,,,,,,,,,,,,,,,32019,0.010437426157295704
,,,19,,,,,,,,,,,,,,,,,,,,,,,,,,,,,32029,0.0019098687916994095
,,,19,,,,,,,,,,,,,,,,,,,,,,,,,,,,,32039,0.0016842106124386191
,,,19,,,,,,,,,,,,,,,,,,,,,,,,,,,,,32049,0.546766996383667
,,,19,,,,,,,,,,,,,,,,,,,,,,,,,,,,,32059,0.7751234173774719
,,,19,,,,,,,,,,,,,,,,,,,,,,,,,,,,,32069,0.002880155574530363
,,,19,,,,,,,,,,,,,,,,,,,,,,,,,,,,,32079,0.004577248822897673
,,,19,,,,,,,,,,,,,,,,,,,,,,,,,,,,,32089,0.00543578015640378
,,,19,,,,,,,,,,,,,,,,,,,,,,,,,,,,,32099,0.7187535166740417
,,,19,,,,,,,,,,,,,,,,,,,,,,,,,,,,,32109,0.0024374499917030334
,,,19,,,,,,,,,,,,,,,,,,,,,,,,,,,,,32119,0.023211874067783356
,,,19,,,,,,,,,,,,,,,,,,,,,,,,,,,,,32129,0.007167359348386526
,,,19,,,,,,,,,,,,,,,,,,,,,,,,,,,,,32139,0.20672765374183655
,,,19,,,,,,,,,,,,,,,,,,,,,,,,,,,,,32149,0.015594348311424255
,,,19,,,,,,,,,,,,,,,,,,,,,,,,,,,,,32159,0.0023026415146887302
,,,19,,,,,,,,,,,,,,,,,,,,,,,,,,,,,32169,0.003994261845946312
,,,19,,,,,,,,,,,,,,,,,,,,,,,,,,,,,32179,0.003164187539368868
,,,19,,,,,,,,,,,,,,,,,,,,,,,,,,,,,32189,0.020665854215621948
,,,19,,,,,,,,,,,,,,,,,,,,,,,,,,,,,32199,1.414589762687683
,,,19,,,,,,,,,,,,,,,,,,,,,,,,,,,,,32209,0.005276391748338938
,,,19,,,,,,,,,,,,,,,,,,,,,,,,,,,,,32219,0.0026225275360047817
,,,19,,,,,,,,,,,,,,,,,,,,,,,,,,,,,32229,0.0014488917076960206
,,,19,,,,,,,,,,,,,,,,,,,,,,,,,,,,,32239,0.11300811171531677
,,,19,,,,,,,,,,,,,,,,,,,,,,,,,,,,,32249,0.0015508297365158796
,,,19,,,,,,,,,,,,,,,,,,,,,,,,,,,,,32259,0.004369717091321945
,,,19,,,,,,,,,,,,,,,,,,,,,,,,,,,,,32269,0.0023603211157023907
,,,19,,,,,,,,,,,,,,,,,,,,,,,,,,,,,32279,0.004357089754194021
,,,19,,,,,,,,,,,,,,,,,,,,,,,,,,,,,32289,0.173929363489151
,,,19,,,,,,,,,,,,,,,,,,,,,,,,,,,,,32299,0.025187309831380844
,,,19,,,,,,,,,,,,,,,,,,,,,,,,,,,,,32309,0.005064366851001978
,,,19,,,,,,,,,,,,,,,,,,,,,,,,,,,,,32319,0.00280765607021749
,,,19,,,,,,,,,,,,,,,,,,,,,,,,,,,,,32329,0.0035019677598029375
,,,19,,,,,,,,,,,,,,,,,,,,,,,,,,,,,32339,0.00792544987052679
,,,19,,,,,,,,,,,,,,,,,,,,,,,,,,,,,32349,2.129875898361206
,,,19,,,,,,,,,,,,,,,,,,,,,,,,,,,,,32359,0.0043259900994598866
,,,19,,,,,,,,,,,,,,,,,,,,,,,,,,,,,32369,0.08449683338403702
,,,19,,,,,,,,,,,,,,,,,,,,,,,,,,,,,32379,0.3818146586418152
,,,19,,,,,,,,,,,,,,,,,,,,,,,,,,,,,32389,0.01671118475496769
,,,19,,,,,,,,,,,,,,,,,,,,,,,,,,,,,32399,0.004165430087596178
,,,19,,,,,,,,,,,,,,,,,,,,,,,,,,,,,32409,0.03216955438256264
,,,19,,,,,,,,,,,,,,,,,,,,,,,,,,,,,32419,0.0013984432443976402
,,,19,,,,,,,,,,,,,,,,,,,,,,,,,,,,,32429,0.000882215506862849
,,,19,,,,,,,,,,,,,,,,,,,,,,,,,,,,,32439,0.002170402090996504
,,,19,,,,,,,,,,,,,,,,,,,,,,,,,,,,,32449,1.1433132886886597
,,,19,,,,,,,,,,,,,,,,,,,,,,,,,,,,,32459,0.0023822111543267965
,,,19,,,,,,,,,,,,,,,,,,,,,,,,,,,,,32469,0.0036812450271099806
,,,19,,,,,,,,,,,,,,,,,,,,,,,,,,,,,32479,0.0038236042018979788
,,,19,,,,,,,,,,,,,,,,,,,,,,,,,,,,,32489,0.0023410103749483824
,,,19,,,,,,,,,,,,,,,,,,,,,,,,,,,,,32499,0.0016877938760444522
,,,19,,,,,,,,,,,,,,,,,,,,,,,,,,,,,32509,0.0045088110491633415
,,,19,,,,,,,,,,,,,,,,,,,,,,,,,,,,,32519,0.008984665386378765
,,,19,,,,,,,,,,,,,,,,,,,,,,,,,,,,,32529,0.08399736881256104
,,,19,,,,,,,,,,,,,,,,,,,,,,,,,,,,,32539,0.3329351544380188
,,,19,,,,,,,,,,,,,,,,,,,,,,,,,,,,,32549,0.0005991149810142815
,,,19,,,,,,,,,,,,,,,,,,,,,,,,,,,,,32559,0.002438298426568508
,,,19,,,,,,,,,,,,,,,,,,,,,,,,,,,,,32569,0.0033966470509767532
,,,19,,,,,,,,,,,,,,,,,,,,,,,,,,,,,32579,0.003187331138178706
,,,19,,,,,,,,,,,,,,,,,,,,,,,,,,,,,32589,0.001796109601855278
,,,19,,,,,,,,,,,,,,,,,,,,,,,,,,,,,32599,0.03537395969033241
,,,19,,,,,,,,,,,,,,,,,,,,,,,,,,,,,32609,0.03257634490728378
,,,19,,,,,,,,,,,,,,,,,,,,,,,,,,,,,32619,0.021953752264380455
,,,19,,,,,,,,,,,,,,,,,,,,,,,,,,,,,32629,0.0019314568489789963
,,,19,,,,,,,,,,,,,,,,,,,,,,,,,,,,,32639,0.0033937450498342514
,,,19,,,,,,,,,,,,,,,,,,,,,,,,,,,,,32649,0.0053216093219816685
,,,19,,,,,,,,,,,,,,,,,,,,,,,,,,,,,32659,0.015047547407448292
,,,19,,,,,,,,,,,,,,,,,,,,,,,,,,,,,32669,0.003634723136201501
,,,19,,,,,,,,,,,,,,,,,,,,,,,,,,,,,32679,0.024497583508491516
,,,19,,,,,,,,,,,,,,,,,,,,,,,,,,,,,32689,0.005149558652192354
,,,19,,,,,,,,,,,,,,,,,,,,,,,,,,,,,32699,0.0009346227161586285
,,,19,,,,,,,,,,,,,,,,,,,,,,,,,,,,,32709,0.0034963078796863556
,,,19,,,,,,,,,,,,,,,,,,,,,,,,,,,,,32719,0.006411474198102951
,,,19,,,,,,,,,,,,,,,,,,,,,,,,,,,,,32729,0.0012012397637590766
,,,19,,,,,,,,,,,,,,,,,,,,,,,,,,,,,32739,0.002378462813794613
,,,19,,,,,,,,,,,,,,,,,,,,,,,,,,,,,32749,0.011457822285592556
,,,19,,,,,,,,,,,,,,,,,,,,,,,,,,,,,32759,0.021389802917838097
,,,19,,,,,,,,,,,,,,,,,,,,,,,,,,,,,32769,0.006575452629476786
,,,19,,,,,,,,,,,,,,,,,,,,,,,,,,,,,32779,0.8938872814178467
,,,19,,,,,,,,,,,,,,,,,,,,,,,,,,,,,32789,0.001428979798220098
,,,19,,,,,,,,,,,,,,,,,,,,,,,,,,,,,32799,0.0034430951345711946
,,,19,,,,,,,,,,,,,,,,,,,,,,,,,,,,,32809,0.000716575828846544
,,,19,,,,,,,,,,,,,,,,,,,,,,,,,,,,,32819,0.7129927277565002
,,,19,,,,,,,,,,,,,,,,,,,,,,,,,,,,,32829,0.0020783748477697372
,,,19,,,,,,,,,,,,,,,,,,,,,,,,,,,,,32839,0.6930773258209229
,,,19,,,,,,,,,,,,,,,,,,,,,,,,,,,,,32849,0.0035898920614272356
,,,19,,,,,,,,,,,,,,,,,,,,,,,,,,,,,32859,0.07454070448875427
,,,19,,,,,,,,,,,,,,,,,,,,,,,,,,,,,32869,0.0028802596498280764
,,,19,,,,,,,,,,,,,,,,,,,,,,,,,,,,,32879,0.006107497029006481
,,,19,,,,,,,,,,,,,,,,,,,,,,,,,,,,,32889,0.014286655932664871
,,,19,,,,,,,,,,,,,,,,,,,,,,,,,,,,,32899,0.01187488529831171
,,,19,,,,,,,,,,,,,,,,,,,,,,,,,,,,,32909,0.005676375702023506
,,,19,,,,,,,,,,,,,,,,,,,,,,,,,,,,,32919,0.006036827340722084
,,,19,,,,,,,,,,,,,,,,,,,,,,,,,,,,,32929,0.09270558506250381
,,,19,,,,,,,,,,,,,,,,,,,,,,,,,,,,,32939,0.023126840591430664
,,,19,,,,,,,,,,,,,,,,,,,,,,,,,,,,,32949,0.002435897011309862
,,,19,,,,,,,,,,,,,,,,,,,,,,,,,,,,,32959,0.028661226853728294
,,,19,,,,,,,,,,,,,,,,,,,,,,,,,,,,,32969,0.001423397334292531
,,,19,,,,,,,,,,,,,,,,,,,,,,,,,,,,,32979,0.004095555283129215
,,,19,,,,,,,,,,,,,,,,,,,,,,,,,,,,,32989,0.0028824994806200266
,,,19,,,,,,,,,,,,,,,,,,,,,,,,,,,,,32999,0.02502254769206047
,,,19,,,,,,,,,,,,,,,,,,,,,,,,,,,,,33009,0.003753866069018841
,,,19,,,,,,,,,,,,,,,,,,,,,,,,,,,,,33019,0.042056772857904434
,,,19,,,,,,,,,,,,,,,,,,,,,,,,,,,,,33029,0.024082761257886887
,,,19,,,,,,,,,,,,,,,,,,,,,,,,,,,,,33039,0.002256254432722926
,,,19,,,,,,,,,,,,,,,,,,,,,,,,,,,,,33049,0.0017612258670851588
,,,19,,,,,,,,,,,,,,,,,,,,,,,,,,,,,33059,0.004396514035761356
,,,19,,,,,,,,,,,,,,,,,,,,,,,,,,,,,33069,0.0032881279475986958
,,,19,,,,,,,,,,,,,,,,,,,,,,,,,,,,,33079,0.054505325853824615
,,,19,,,,,,,,,,,,,,,,,,,,,,,,,,,,,33089,1.2099673748016357
,,,19,,,,,,,,,,,,,,,,,,,,,,,,,,,,,33099,0.007235336117446423
,,,19,,,,,,,,,,,,,,,,,,,,,,,,,,,,,33109,0.005030551925301552
,,,19,,,,,,,,,,,,,,,,,,,,,,,,,,,,,33119,0.003863787977024913
,,,19,,,,,,,,,,,,,,,,,,,,,,,,,,,,,33129,0.007499104831367731
,,,19,,,,,,,,,,,,,,,,,,,,,,,,,,,,,33139,0.00189334771130234
,,,19,,,,,,,,,,,,,,,,,,,,,,,,,,,,,33149,0.0027591136749833822
,,,19,,,,,,,,,,,,,,,,,,,,,,,,,,,,,33159,0.16927726566791534
,,,19,,,,,,,,,,,,,,,,,,,,,,,,,,,,,33169,0.054364774376153946
,,,19,,,,,,,,,,,,,,,,,,,,,,,,,,,,,33179,0.00660349428653717
,,,19,,,,,,,,,,,,,,,,,,,,,,,,,,,,,33189,0.002690413035452366
,,,19,,,,,,,,,,,,,,,,,,,,,,,,,,,,,33199,0.0020983919966965914
,,,19,,,,,,,,,,,,,,,,,,,,,,,,,,,,,33209,0.013152153231203556
,,,19,,,,,,,,,,,,,,,,,,,,,,,,,,,,,33219,0.030497660860419273
,,,19,,,,,,,,,,,,,,,,,,,,,,,,,,,,,33229,0.5347450375556946
,,,19,,,,,,,,,,,,,,,,,,,,,,,,,,,,,33239,0.4129554033279419
0.839596688747406,0.7979093790054321,0.8858800530433655,19,,,,,,,,,,,,,,,,,,,,,,,,,,,,,33239,
,,,,4.266006797329287e-07,2.3898360966796885e-06,3.676670917968751e-06,3.676670917968751e-06,5.656416796875001e-06,5.656416796875001e-06,8.702179687500003e-06,8.702179687500003e-06,1.3387968750000002e-05,1.3387968750000002e-05,2.0596875000000004e-05,4.266006797329287e-07,2.0596875000000004e-05,3.1687500000000005e-05,3.1687500000000005e-05,4.8750000000000006e-05,4.8750000000000006e-05,7.500000000000001e-05,7.500000000000001e-05,7.500000000000001e-05,7.500000000000001e-05,6.563087380506595e-07,6.563087380506595e-07,1.0097057508471684e-06,1.0097057508471684e-06,1.5533934628417975e-06,1.5533934628417975e-06,2.3898360966796885e-06,33240,
,,,20,,,,,,,,,,,,,,,,,,,,,,,,,,,,,33249,0.0451374426484108
,,,20,,,,,,,,,,,,,,,,,,,,,,,,,,,,,33259,0.002669199137017131
,,,20,,,,,,,,,,,,,,,,,,,,,,,,,,,,,33269,0.040150053799152374
,,,20,,,,,,,,,,,,,,,,,,,,,,,,,,,,,33279,0.007476060651242733
,,,20,,,,,,,,,,,,,,,,,,,,,,,,,,,,,33289,0.018578071147203445
,,,20,,,,,,,,,,,,,,,,,,,,,,,,,,,,,33299,0.0018799707759171724
,,,20,,,,,,,,,,,,,,,,,,,,,,,,,,,,,33309,0.020454732701182365
,,,20,,,,,,,,,,,,,,,,,,,,,,,,,,,,,33319,0.005835922434926033
,,,20,,,,,,,,,,,,,,,,,,,,,,,,,,,,,33329,0.006031461991369724
,,,20,,,,,,,,,,,,,,,,,,,,,,,,,,,,,33339,0.0033907892648130655
,,,20,,,,,,,,,,,,,,,,,,,,,,,,,,,,,33349,0.0055296458303928375
,,,20,,,,,,,,,,,,,,,,,,,,,,,,,,,,,33359,0.0013936834875494242
,,,20,,,,,,,,,,,,,,,,,,,,,,,,,,,,,33369,0.002756812609732151
,,,20,,,,,,,,,,,,,,,,,,,,,,,,,,,,,33379,0.008870687335729599
,,,20,,,,,,,,,,,,,,,,,,,,,,,,,,,,,33389,1.092716097831726
,,,20,,,,,,,,,,,,,,,,,,,,,,,,,,,,,33399,0.2801002264022827
,,,20,,,,,,,,,,,,,,,,,,,,,,,,,,,,,33409,0.31794118881225586
,,,20,,,,,,,,,,,,,,,,,,,,,,,,,,,,,33419,0.0029832583386451006
,,,20,,,,,,,,,,,,,,,,,,,,,,,,,,,,,33429,0.0023454325273633003
,,,20,,,,,,,,,,,,,,,,,,,,,,,,,,,,,33439,0.09680605679750443
,,,20,,,,,,,,,,,,,,,,,,,,,,,,,,,,,33449,0.1132882833480835
,,,20,,,,,,,,,,,,,,,,,,,,,,,,,,,,,33459,0.23850497603416443
,,,20,,,,,,,,,,,,,,,,,,,,,,,,,,,,,33469,0.05146301910281181
,,,20,,,,,,,,,,,,,,,,,,,,,,,,,,,,,33479,0.006616641767323017
,,,20,,,,,,,,,,,,,,,,,,,,,,,,,,,,,33489,0.0007709582569077611
,,,20,,,,,,,,,,,,,,,,,,,,,,,,,,,,,33499,0.00930954609066248
,,,20,,,,,,,,,,,,,,,,,,,,,,,,,,,,,33509,0.03527475893497467
,,,20,,,,,,,,,,,,,,,,,,,,,,,,,,,,,33519,0.0019789363723248243
,,,20,,,,,,,,,,,,,,,,,,,,,,,,,,,,,33529,0.15304987132549286
,,,20,,,,,,,,,,,,,,,,,,,,,,,,,,,,,33539,0.0014144181041046977
,,,20,,,,,,,,,,,,,,,,,,,,,,,,,,,,,33549,0.25613972544670105
,,,20,,,,,,,,,,,,,,,,,,,,,,,,,,,,,33559,0.004812260624021292
,,,20,,,,,,,,,,,,,,,,,,,,,,,,,,,,,33569,0.004540827590972185
,,,20,,,,,,,,,,,,,,,,,,,,,,,,,,,,,33579,0.005170817021280527
,,,20,,,,,,,,,,,,,,,,,,,,,,,,,,,,,33589,0.6252269148826599
,,,20,,,,,,,,,,,,,,,,,,,,,,,,,,,,,33599,0.001631312770769
,,,20,,,,,,,,,,,,,,,,,,,,,,,,,,,,,33609,0.0025140715297311544
,,,20,,,,,,,,,,,,,,,,,,,,,,,,,,,,,33619,0.0016023346688598394
,,,20,,,,,,,,,,,,,,,,,,,,,,,,,,,,,33629,0.22622980177402496
,,,20,,,,,,,,,,,,,,,,,,,,,,,,,,,,,33639,0.0012077674036845565
,,,20,,,,,,,,,,,,,,,,,,,,,,,,,,,,,33649,0.004394614137709141
,,,20,,,,,,,,,,,,,,,,,,,,,,,,,,,,,33659,0.005915708374232054
,,,20,,,,,,,,,,,,,,,,,,,,,,,,,,,,,33669,0.014405612833797932
,,,20,,,,,,,,,,,,,,,,,,,,,,,,,,,,,33679,0.018325909972190857
,,,20,,,,,,,,,,,,,,,,,,,,,,,,,,,,,33689,0.0022178504150360823
,,,20,,,,,,,,,,,,,,,,,,,,,,,,,,,,,33699,0.008138123899698257
,,,20,,,,,,,,,,,,,,,,,,,,,,,,,,,,,33709,0.0011520496336743236
,,,20,,,,,,,,,,,,,,,,,,,,,,,,,,,,,33719,0.39950981736183167
,,,20,,,,,,,,,,,,,,,,,,,,,,,,,,,,,33729,0.005067858379334211
,,,20,,,,,,,,,,,,,,,,,,,,,,,,,,,,,33739,0.007466889452189207
,,,20,,,,,,,,,,,,,,,,,,,,,,,,,,,,,33749,0.002842998830601573
,,,20,,,,,,,,,,,,,,,,,,,,,,,,,,,,,33759,0.1632300168275833
,,,20,,,,,,,,,,,,,,,,,,,,,,,,,,,,,33769,0.017211968079209328
,,,20,,,,,,,,,,,,,,,,,,,,,,,,,,,,,33779,0.011313987895846367
,,,20,,,,,,,,,,,,,,,,,,,,,,,,,,,,,33789,0.2924594283103943
,,,20,,,,,,,,,,,,,,,,,,,,,,,,,,,,,33799,0.04581432044506073
,,,20,,,,,,,,,,,,,,,,,,,,,,,,,,,,,33809,0.020201362669467926
,,,20,,,,,,,,,,,,,,,,,,,,,,,,,,,,,33819,0.0021106938365846872
,,,20,,,,,,,,,,,,,,,,,,,,,,,,,,,,,33829,0.0022805521730333567
,,,20,,,,,,,,,,,,,,,,,,,,,,,,,,,,,33839,0.1521327942609787
,,,20,,,,,,,,,,,,,,,,,,,,,,,,,,,,,33849,0.003753603668883443
,,,20,,,,,,,,,,,,,,,,,,,,,,,,,,,,,33859,0.003317656461149454
,,,20,,,,,,,,,,,,,,,,,,,,,,,,,,,,,33869,0.10615291446447372
,,,20,,,,,,,,,,,,,,,,,,,,,,,,,,,,,33879,0.0034812369849532843
,,,20,,,,,,,,,,,,,,,,,,,,,,,,,,,,,33889,0.03315398097038269
,,,20,,,,,,,,,,,,,,,,,,,,,,,,,,,,,33899,0.17017124593257904
,,,20,,,,,,,,,,,,,,,,,,,,,,,,,,,,,33909,0.004555941093713045
,,,20,,,,,,,,,,,,,,,,,,,,,,,,,,,,,33919,0.44835883378982544
,,,20,,,,,,,,,,,,,,,,,,,,,,,,,,,,,33929,0.004583767149597406
,,,20,,,,,,,,,,,,,,,,,,,,,,,,,,,,,33939,0.05539971590042114
,,,20,,,,,,,,,,,,,,,,,,,,,,,,,,,,,33949,0.0025504599325358868
,,,20,,,,,,,,,,,,,,,,,,,,,,,,,,,,,33959,0.015579700469970703
,,,20,,,,,,,,,,,,,,,,,,,,,,,,,,,,,33969,0.002244548872113228
,,,20,,,,,,,,,,,,,,,,,,,,,,,,,,,,,33979,0.004502130206674337
,,,20,,,,,,,,,,,,,,,,,,,,,,,,,,,,,33989,0.0013867736561223865
,,,20,,,,,,,,,,,,,,,,,,,,,,,,,,,,,33999,0.002630232833325863
,,,20,,,,,,,,,,,,,,,,,,,,,,,,,,,,,34009,0.0020620806608349085
,,,20,,,,,,,,,,,,,,,,,,,,,,,,,,,,,34019,0.008435268886387348
,,,20,,,,,,,,,,,,,,,,,,,,,,,,,,,,,34029,0.09629911929368973
,,,20,,,,,,,,,,,,,,,,,,,,,,,,,,,,,34039,0.0041998447850346565
,,,20,,,,,,,,,,,,,,,,,,,,,,,,,,,,,34049,0.005176098085939884
,,,20,,,,,,,,,,,,,,,,,,,,,,,,,,,,,34059,0.055681854486465454
,,,20,,,,,,,,,,,,,,,,,,,,,,,,,,,,,34069,0.006174533627927303
,,,20,,,,,,,,,,,,,,,,,,,,,,,,,,,,,34079,0.000983897945843637
,,,20,,,,,,,,,,,,,,,,,,,,,,,,,,,,,34089,0.02869109809398651
,,,20,,,,,,,,,,,,,,,,,,,,,,,,,,,,,34099,0.0014275015564635396
,,,20,,,,,,,,,,,,,,,,,,,,,,,,,,,,,34109,0.028488606214523315
,,,20,,,,,,,,,,,,,,,,,,,,,,,,,,,,,34119,0.002821962349116802
,,,20,,,,,,,,,,,,,,,,,,,,,,,,,,,,,34129,0.6125546097755432
,,,20,,,,,,,,,,,,,,,,,,,,,,,,,,,,,34139,0.009315558709204197
,,,20,,,,,,,,,,,,,,,,,,,,,,,,,,,,,34149,0.5017153024673462
,,,20,,,,,,,,,,,,,,,,,,,,,,,,,,,,,34159,0.0022915066219866276
,,,20,,,,,,,,,,,,,,,,,,,,,,,,,,,,,34169,0.007008794229477644
,,,20,,,,,,,,,,,,,,,,,,,,,,,,,,,,,34179,0.004759753122925758
,,,20,,,,,,,,,,,,,,,,,,,,,,,,,,,,,34189,0.002766341669484973
,,,20,,,,,,,,,,,,,,,,,,,,,,,,,,,,,34199,0.003838618751615286
,,,20,,,,,,,,,,,,,,,,,,,,,,,,,,,,,34209,0.012563039548695087
,,,20,,,,,,,,,,,,,,,,,,,,,,,,,,,,,34219,0.07481124252080917
,,,20,,,,,,,,,,,,,,,,,,,,,,,,,,,,,34229,0.005888896994292736
,,,20,,,,,,,,,,,,,,,,,,,,,,,,,,,,,34239,0.1082652285695076
,,,20,,,,,,,,,,,,,,,,,,,,,,,,,,,,,34249,0.0035792882554233074
,,,20,,,,,,,,,,,,,,,,,,,,,,,,,,,,,34259,0.002120068296790123
,,,20,,,,,,,,,,,,,,,,,,,,,,,,,,,,,34269,0.00589423393830657
,,,20,,,,,,,,,,,,,,,,,,,,,,,,,,,,,34279,1.3750206232070923
,,,20,,,,,,,,,,,,,,,,,,,,,,,,,,,,,34289,0.0016114730387926102
,,,20,,,,,,,,,,,,,,,,,,,,,,,,,,,,,34299,0.0013241568813100457
,,,20,,,,,,,,,,,,,,,,,,,,,,,,,,,,,34309,0.12172988057136536
,,,20,,,,,,,,,,,,,,,,,,,,,,,,,,,,,34319,0.07188403606414795
,,,20,,,,,,,,,,,,,,,,,,,,,,,,,,,,,34329,0.002256551058962941
,,,20,,,,,,,,,,,,,,,,,,,,,,,,,,,,,34339,0.0066828653216362
,,,20,,,,,,,,,,,,,,,,,,,,,,,,,,,,,34349,0.01890242099761963
,,,20,,,,,,,,,,,,,,,,,,,,,,,,,,,,,34359,0.10384056717157364
,,,20,,,,,,,,,,,,,,,,,,,,,,,,,,,,,34369,0.0015253262827172875
,,,20,,,,,,,,,,,,,,,,,,,,,,,,,,,,,34379,0.00287521630525589
,,,20,,,,,,,,,,,,,,,,,,,,,,,,,,,,,34389,0.00218167994171381
,,,20,,,,,,,,,,,,,,,,,,,,,,,,,,,,,34399,0.0013802123721688986
,,,20,,,,,,,,,,,,,,,,,,,,,,,,,,,,,34409,0.0017199257854372263
,,,20,,,,,,,,,,,,,,,,,,,,,,,,,,,,,34419,0.0024408819153904915
,,,20,,,,,,,,,,,,,,,,,,,,,,,,,,,,,34429,0.004387266468256712
,,,20,,,,,,,,,,,,,,,,,,,,,,,,,,,,,34439,0.0036099546123296022
,,,20,,,,,,,,,,,,,,,,,,,,,,,,,,,,,34449,0.003338230773806572
,,,20,,,,,,,,,,,,,,,,,,,,,,,,,,,,,34459,0.014753867872059345
,,,20,,,,,,,,,,,,,,,,,,,,,,,,,,,,,34469,0.014711599797010422
,,,20,,,,,,,,,,,,,,,,,,,,,,,,,,,,,34479,0.0015050541842356324
,,,20,,,,,,,,,,,,,,,,,,,,,,,,,,,,,34489,0.005319851450622082
,,,20,,,,,,,,,,,,,,,,,,,,,,,,,,,,,34499,0.06901753693819046
,,,20,,,,,,,,,,,,,,,,,,,,,,,,,,,,,34509,0.002111125737428665
,,,20,,,,,,,,,,,,,,,,,,,,,,,,,,,,,34519,0.001087551238015294
,,,20,,,,,,,,,,,,,,,,,,,,,,,,,,,,,34529,0.0027961689047515392
,,,20,,,,,,,,,,,,,,,,,,,,,,,,,,,,,34539,0.0021621070336550474
,,,20,,,,,,,,,,,,,,,,,,,,,,,,,,,,,34549,0.0008713362039998174
,,,20,,,,,,,,,,,,,,,,,,,,,,,,,,,,,34559,0.004842797294259071
,,,20,,,,,,,,,,,,,,,,,,,,,,,,,,,,,34569,0.005918743088841438
,,,20,,,,,,,,,,,,,,,,,,,,,,,,,,,,,34579,0.002260920125991106
,,,20,,,,,,,,,,,,,,,,,,,,,,,,,,,,,34589,0.0010796928545460105
,,,20,,,,,,,,,,,,,,,,,,,,,,,,,,,,,34599,0.003877107286825776
,,,20,,,,,,,,,,,,,,,,,,,,,,,,,,,,,34609,0.617835283279419
,,,20,,,,,,,,,,,,,,,,,,,,,,,,,,,,,34619,0.0033907375764101744
,,,20,,,,,,,,,,,,,,,,,,,,,,,,,,,,,34629,0.00825029332190752
,,,20,,,,,,,,,,,,,,,,,,,,,,,,,,,,,34639,0.0029159572441130877
,,,20,,,,,,,,,,,,,,,,,,,,,,,,,,,,,34649,0.0018337611109018326
,,,20,,,,,,,,,,,,,,,,,,,,,,,,,,,,,34659,0.011515398509800434
,,,20,,,,,,,,,,,,,,,,,,,,,,,,,,,,,34669,0.00788968801498413
,,,20,,,,,,,,,,,,,,,,,,,,,,,,,,,,,34679,0.003172837430611253
,,,20,,,,,,,,,,,,,,,,,,,,,,,,,,,,,34689,0.19288921356201172
,,,20,,,,,,,,,,,,,,,,,,,,,,,,,,,,,34699,0.007761819288134575
,,,20,,,,,,,,,,,,,,,,,,,,,,,,,,,,,34709,0.0071306307800114155
,,,20,,,,,,,,,,,,,,,,,,,,,,,,,,,,,34719,0.0024054176174104214
,,,20,,,,,,,,,,,,,,,,,,,,,,,,,,,,,34729,0.42860308289527893
,,,20,,,,,,,,,,,,,,,,,,,,,,,,,,,,,34739,0.0022819903679192066
,,,20,,,,,,,,,,,,,,,,,,,,,,,,,,,,,34749,0.004026776645332575
,,,20,,,,,,,,,,,,,,,,,,,,,,,,,,,,,34759,0.0119180241599679
,,,20,,,,,,,,,,,,,,,,,,,,,,,,,,,,,34769,0.13718460500240326
,,,20,,,,,,,,,,,,,,,,,,,,,,,,,,,,,34779,0.0010940456995740533
,,,20,,,,,,,,,,,,,,,,,,,,,,,,,,,,,34789,0.0007280028075911105
,,,20,,,,,,,,,,,,,,,,,,,,,,,,,,,,,34799,0.0063669197261333466
,,,20,,,,,,,,,,,,,,,,,,,,,,,,,,,,,34809,1.296930193901062
,,,20,,,,,,,,,,,,,,,,,,,,,,,,,,,,,34819,0.0022399062290787697
,,,20,,,,,,,,,,,,,,,,,,,,,,,,,,,,,34829,0.0015616975724697113
,,,20,,,,,,,,,,,,,,,,,,,,,,,,,,,,,34839,0.03622948378324509
,,,20,,,,,,,,,,,,,,,,,,,,,,,,,,,,,34849,0.0018680233042687178
,,,20,,,,,,,,,,,,,,,,,,,,,,,,,,,,,34859,0.40601876378059387
,,,20,,,,,,,,,,,,,,,,,,,,,,,,,,,,,34869,0.0017662635073065758
,,,20,,,,,,,,,,,,,,,,,,,,,,,,,,,,,34879,0.004544832743704319
,,,20,,,,,,,,,,,,,,,,,,,,,,,,,,,,,34889,0.4067150354385376
,,,20,,,,,,,,,,,,,,,,,,,,,,,,,,,,,34899,0.004663529340177774
,,,,4.090734059523017e-07,2.2916475246793973e-06,3.5256115764298415e-06,3.5256115764298415e-06,5.4240178098920635e-06,5.4240178098920635e-06,8.344642784449328e-06,8.344642784449328e-06,1.283791197607589e-05,1.283791197607589e-05,1.975063380934752e-05,4.090734059523017e-07,1.975063380934752e-05,3.0385590475919263e-05,3.0385590475919263e-05,4.674706227064502e-05,4.674706227064502e-05,7.191855733945387e-05,7.191855733945387e-05,7.191855733945387e-05,7.191855733945387e-05,6.293437014650794e-07,6.293437014650794e-07,9.682210791770454e-07,9.682210791770454e-07,1.4895708910416082e-06,1.4895708910416082e-06,2.2916475246793973e-06,34902,
,,,21,,,,,,,,,,,,,,,,,,,,,,,,,,,,,34909,0.018029460683465004
,,,21,,,,,,,,,,,,,,,,,,,,,,,,,,,,,34919,0.00550079857930541
,,,21,,,,,,,,,,,,,,,,,,,,,,,,,,,,,34929,0.0007077012560330331
,,,21,,,,,,,,,,,,,,,,,,,,,,,,,,,,,34939,0.0018283291719853878
,,,21,,,,,,,,,,,,,,,,,,,,,,,,,,,,,34949,0.009267766028642654
,,,21,,,,,,,,,,,,,,,,,,,,,,,,,,,,,34959,0.004089042544364929
,,,21,,,,,,,,,,,,,,,,,,,,,,,,,,,,,34969,0.0035164128057658672
,,,21,,,,,,,,,,,,,,,,,,,,,,,,,,,,,34979,0.0523717999458313
,,,21,,,,,,,,,,,,,,,,,,,,,,,,,,,,,34989,0.0611746571958065
,,,21,,,,,,,,,,,,,,,,,,,,,,,,,,,,,34999,0.018040593713521957
,,,21,,,,,,,,,,,,,,,,,,,,,,,,,,,,,35009,0.0013677472015842795
,,,21,,,,,,,,,,,,,,,,,,,,,,,,,,,,,35019,0.002796937245875597
,,,21,,,,,,,,,,,,,,,,,,,,,,,,,,,,,35029,0.0022908244282007217
,,,21,,,,,,,,,,,,,,,,,,,,,,,,,,,,,35039,0.004952685441821814
,,,21,,,,,,,,,,,,,,,,,,,,,,,,,,,,,35049,0.0019510119454935193
,,,21,,,,,,,,,,,,,,,,,,,,,,,,,,,,,35059,0.0037664559204131365
,,,21,,,,,,,,,,,,,,,,,,,,,,,,,,,,,35069,0.13239870965480804
,,,21,,,,,,,,,,,,,,,,,,,,,,,,,,,,,35079,0.0015141824260354042
,,,21,,,,,,,,,,,,,,,,,,,,,,,,,,,,,35089,0.007376315072178841
,,,21,,,,,,,,,,,,,,,,,,,,,,,,,,,,,35099,0.001732350210659206
,,,21,,,,,,,,,,,,,,,,,,,,,,,,,,,,,35109,0.0006683188257738948
,,,21,,,,,,,,,,,,,,,,,,,,,,,,,,,,,35119,0.0012036942644044757
,,,21,,,,,,,,,,,,,,,,,,,,,,,,,,,,,35129,0.004314371384680271
,,,21,,,,,,,,,,,,,,,,,,,,,,,,,,,,,35139,0.005003438331186771
,,,21,,,,,,,,,,,,,,,,,,,,,,,,,,,,,35149,0.0056333988904953
,,,21,,,,,,,,,,,,,,,,,,,,,,,,,,,,,35159,0.48245611786842346
,,,21,,,,,,,,,,,,,,,,,,,,,,,,,,,,,35169,0.00189524469897151
,,,21,,,,,,,,,,,,,,,,,,,,,,,,,,,,,35179,0.009719884023070335
,,,21,,,,,,,,,,,,,,,,,,,,,,,,,,,,,35189,0.002274505328387022
,,,21,,,,,,,,,,,,,,,,,,,,,,,,,,,,,35199,0.0022656023502349854
,,,21,,,,,,,,,,,,,,,,,,,,,,,,,,,,,35209,0.19738809764385223
,,,21,,,,,,,,,,,,,,,,,,,,,,,,,,,,,35219,0.3548746109008789
,,,21,,,,,,,,,,,,,,,,,,,,,,,,,,,,,35229,0.0013807875802740455
,,,21,,,,,,,,,,,,,,,,,,,,,,,,,,,,,35239,0.001586402882821858
,,,21,,,,,,,,,,,,,,,,,,,,,,,,,,,,,35249,0.801272988319397
,,,21,,,,,,,,,,,,,,,,,,,,,,,,,,,,,35259,0.006541724782437086
,,,21,,,,,,,,,,,,,,,,,,,,,,,,,,,,,35269,0.06748522073030472
,,,21,,,,,,,,,,,,,,,,,,,,,,,,,,,,,35279,0.002395096467807889
,,,21,,,,,,,,,,,,,,,,,,,,,,,,,,,,,35289,0.032341957092285156
,,,21,,,,,,,,,,,,,,,,,,,,,,,,,,,,,35299,0.18422140181064606
,,,21,,,,,,,,,,,,,,,,,,,,,,,,,,,,,35309,0.011475078761577606
,,,21,,,,,,,,,,,,,,,,,,,,,,,,,,,,,35319,0.007832766510546207
,,,21,,,,,,,,,,,,,,,,,,,,,,,,,,,,,35329,0.05666583403944969
,,,21,,,,,,,,,,,,,,,,,,,,,,,,,,,,,35339,0.008214950561523438
,,,21,,,,,,,,,,,,,,,,,,,,,,,,,,,,,35349,0.0023595388047397137
,,,21,,,,,,,,,,,,,,,,,,,,,,,,,,,,,35359,0.0020435068290680647
,,,21,,,,,,,,,,,,,,,,,,,,,,,,,,,,,35369,0.0052804527804255486
,,,21,,,,,,,,,,,,,,,,,,,,,,,,,,,,,35379,0.5968058705329895
,,,21,,,,,,,,,,,,,,,,,,,,,,,,,,,,,35389,0.003069950034841895
,,,21,,,,,,,,,,,,,,,,,,,,,,,,,,,,,35399,0.0025549267884343863
,,,21,,,,,,,,,,,,,,,,,,,,,,,,,,,,,35409,0.0020015574991703033
,,,21,,,,,,,,,,,,,,,,,,,,,,,,,,,,,35419,0.002145256381481886
,,,21,,,,,,,,,,,,,,,,,,,,,,,,,,,,,35429,0.9353036880493164
,,,21,,,,,,,,,,,,,,,,,,,,,,,,,,,,,35439,0.0046757361851632595
,,,21,,,,,,,,,,,,,,,,,,,,,,,,,,,,,35449,0.004714308772236109
,,,21,,,,,,,,,,,,,,,,,,,,,,,,,,,,,35459,0.5411233901977539
,,,21,,,,,,,,,,,,,,,,,,,,,,,,,,,,,35469,0.022393081337213516
,,,21,,,,,,,,,,,,,,,,,,,,,,,,,,,,,35479,0.009886059910058975
,,,21,,,,,,,,,,,,,,,,,,,,,,,,,,,,,35489,0.004324182402342558
,,,21,,,,,,,,,,,,,,,,,,,,,,,,,,,,,35499,0.00160297064576298
,,,21,,,,,,,,,,,,,,,,,,,,,,,,,,,,,35509,0.0028748875483870506
,,,21,,,,,,,,,,,,,,,,,,,,,,,,,,,,,35519,0.001966860145330429
,,,21,,,,,,,,,,,,,,,,,,,,,,,,,,,,,35529,1.1310194730758667
,,,21,,,,,,,,,,,,,,,,,,,,,,,,,,,,,35539,0.007882732897996902
,,,21,,,,,,,,,,,,,,,,,,,,,,,,,,,,,35549,0.006416564807295799
,,,21,,,,,,,,,,,,,,,,,,,,,,,,,,,,,35559,0.001256096875295043
,,,21,,,,,,,,,,,,,,,,,,,,,,,,,,,,,35569,0.023776456713676453
,,,21,,,,,,,,,,,,,,,,,,,,,,,,,,,,,35579,0.001338368165306747
,,,21,,,,,,,,,,,,,,,,,,,,,,,,,,,,,35589,0.0014448667643591762
,,,21,,,,,,,,,,,,,,,,,,,,,,,,,,,,,35599,0.0015081409364938736
,,,21,,,,,,,,,,,,,,,,,,,,,,,,,,,,,35609,0.041139762848615646
,,,21,,,,,,,,,,,,,,,,,,,,,,,,,,,,,35619,0.0017518562963232398
,,,21,,,,,,,,,,,,,,,,,,,,,,,,,,,,,35629,0.0015102106845006347
,,,21,,,,,,,,,,,,,,,,,,,,,,,,,,,,,35639,0.002820794004946947
,,,21,,,,,,,,,,,,,,,,,,,,,,,,,,,,,35649,0.011700664646923542
,,,21,,,,,,,,,,,,,,,,,,,,,,,,,,,,,35659,0.0023551606573164463
,,,21,,,,,,,,,,,,,,,,,,,,,,,,,,,,,35669,0.002516295062378049
,,,21,,,,,,,,,,,,,,,,,,,,,,,,,,,,,35679,0.0011031456524506211
,,,21,,,,,,,,,,,,,,,,,,,,,,,,,,,,,35689,0.0036225623916834593
,,,21,,,,,,,,,,,,,,,,,,,,,,,,,,,,,35699,0.0008701003971509635
,,,21,,,,,,,,,,,,,,,,,,,,,,,,,,,,,35709,0.0010082675144076347
,,,21,,,,,,,,,,,,,,,,,,,,,,,,,,,,,35719,0.2516172528266907
,,,21,,,,,,,,,,,,,,,,,,,,,,,,,,,,,35729,0.04355723038315773
,,,21,,,,,,,,,,,,,,,,,,,,,,,,,,,,,35739,0.0014375869650393724
,,,21,,,,,,,,,,,,,,,,,,,,,,,,,,,,,35749,0.00170100387185812
,,,21,,,,,,,,,,,,,,,,,,,,,,,,,,,,,35759,0.0014194493414834142
,,,21,,,,,,,,,,,,,,,,,,,,,,,,,,,,,35769,0.008751626126468182
,,,21,,,,,,,,,,,,,,,,,,,,,,,,,,,,,35779,0.0010538494680076838
,,,21,,,,,,,,,,,,,,,,,,,,,,,,,,,,,35789,0.001586366444826126
,,,21,,,,,,,,,,,,,,,,,,,,,,,,,,,,,35799,0.00711818877607584
,,,21,,,,,,,,,,,,,,,,,,,,,,,,,,,,,35809,0.0011609134962782264
,,,21,,,,,,,,,,,,,,,,,,,,,,,,,,,,,35819,0.009699089452624321
,,,21,,,,,,,,,,,,,,,,,,,,,,,,,,,,,35829,0.16374129056930542
,,,21,,,,,,,,,,,,,,,,,,,,,,,,,,,,,35839,0.8460645079612732
,,,21,,,,,,,,,,,,,,,,,,,,,,,,,,,,,35849,0.0027886182069778442
,,,21,,,,,,,,,,,,,,,,,,,,,,,,,,,,,35859,0.006482983473688364
,,,21,,,,,,,,,,,,,,,,,,,,,,,,,,,,,35869,0.014136185869574547
,,,21,,,,,,,,,,,,,,,,,,,,,,,,,,,,,35879,0.1190112754702568
,,,21,,,,,,,,,,,,,,,,,,,,,,,,,,,,,35889,0.014402292668819427
,,,21,,,,,,,,,,,,,,,,,,,,,,,,,,,,,35899,0.0035252361558377743
,,,21,,,,,,,,,,,,,,,,,,,,,,,,,,,,,35909,0.7953919172286987
,,,21,,,,,,,,,,,,,,,,,,,,,,,,,,,,,35919,0.08676394820213318
,,,21,,,,,,,,,,,,,,,,,,,,,,,,,,,,,35929,0.03448259085416794
,,,21,,,,,,,,,,,,,,,,,,,,,,,,,,,,,35939,0.21428076922893524
,,,21,,,,,,,,,,,,,,,,,,,,,,,,,,,,,35949,0.6280945539474487
,,,21,,,,,,,,,,,,,,,,,,,,,,,,,,,,,35959,0.37726837396621704
,,,21,,,,,,,,,,,,,,,,,,,,,,,,,,,,,35969,0.006630381103605032
,,,21,,,,,,,,,,,,,,,,,,,,,,,,,,,,,35979,0.011754537001252174
,,,21,,,,,,,,,,,,,,,,,,,,,,,,,,,,,35989,0.002359329257160425
,,,21,,,,,,,,,,,,,,,,,,,,,,,,,,,,,35999,0.017233967781066895
,,,21,,,,,,,,,,,,,,,,,,,,,,,,,,,,,36009,0.007899424061179161
,,,21,,,,,,,,,,,,,,,,,,,,,,,,,,,,,36019,0.012183316051959991
,,,21,,,,,,,,,,,,,,,,,,,,,,,,,,,,,36029,0.027484944090247154
,,,21,,,,,,,,,,,,,,,,,,,,,,,,,,,,,36039,0.0007176310173235834
,,,21,,,,,,,,,,,,,,,,,,,,,,,,,,,,,36049,0.10294022411108017
,,,21,,,,,,,,,,,,,,,,,,,,,,,,,,,,,36059,0.002811805345118046
,,,21,,,,,,,,,,,,,,,,,,,,,,,,,,,,,36069,0.005369329359382391
,,,21,,,,,,,,,,,,,,,,,,,,,,,,,,,,,36079,0.009640615433454514
,,,21,,,,,,,,,,,,,,,,,,,,,,,,,,,,,36089,0.002537595573812723
,,,21,,,,,,,,,,,,,,,,,,,,,,,,,,,,,36099,0.014275132678449154
,,,21,,,,,,,,,,,,,,,,,,,,,,,,,,,,,36109,0.0035512999165803194
,,,21,,,,,,,,,,,,,,,,,,,,,,,,,,,,,36119,0.2681857645511627
,,,21,,,,,,,,,,,,,,,,,,,,,,,,,,,,,36129,0.12792113423347473
,,,21,,,,,,,,,,,,,,,,,,,,,,,,,,,,,36139,0.001597765483893454
,,,21,,,,,,,,,,,,,,,,,,,,,,,,,,,,,36149,0.0011079602409154177
,,,21,,,,,,,,,,,,,,,,,,,,,,,,,,,,,36159,0.01285743247717619
,,,21,,,,,,,,,,,,,,,,,,,,,,,,,,,,,36169,0.001811918686144054
,,,21,,,,,,,,,,,,,,,,,,,,,,,,,,,,,36179,0.0012539568124338984
,,,21,,,,,,,,,,,,,,,,,,,,,,,,,,,,,36189,0.00845122430473566
,,,21,,,,,,,,,,,,,,,,,,,,,,,,,,,,,36199,0.0029796655289828777
,,,21,,,,,,,,,,,,,,,,,,,,,,,,,,,,,36209,0.012946314178407192
,,,21,,,,,,,,,,,,,,,,,,,,,,,,,,,,,36219,0.5605564117431641
,,,21,,,,,,,,,,,,,,,,,,,,,,,,,,,,,36229,0.0017353732837364078
,,,21,,,,,,,,,,,,,,,,,,,,,,,,,,,,,36239,0.004879307001829147
,,,21,,,,,,,,,,,,,,,,,,,,,,,,,,,,,36249,0.0015855291858315468
,,,21,,,,,,,,,,,,,,,,,,,,,,,,,,,,,36259,0.0014783088117837906
,,,21,,,,,,,,,,,,,,,,,,,,,,,,,,,,,36269,0.0006559014436788857
,,,21,,,,,,,,,,,,,,,,,,,,,,,,,,,,,36279,0.0016242233105003834
,,,21,,,,,,,,,,,,,,,,,,,,,,,,,,,,,36289,0.002725186524912715
,,,21,,,,,,,,,,,,,,,,,,,,,,,,,,,,,36299,0.0014855451881885529
,,,21,,,,,,,,,,,,,,,,,,,,,,,,,,,,,36309,0.001107661984860897
,,,21,,,,,,,,,,,,,,,,,,,,,,,,,,,,,36319,0.004719223361462355
,,,21,,,,,,,,,,,,,,,,,,,,,,,,,,,,,36329,0.0033941268920898438
,,,21,,,,,,,,,,,,,,,,,,,,,,,,,,,,,36339,0.0029274423141032457
,,,21,,,,,,,,,,,,,,,,,,,,,,,,,,,,,36349,0.004524565301835537
,,,21,,,,,,,,,,,,,,,,,,,,,,,,,,,,,36359,0.10788872092962265
,,,21,,,,,,,,,,,,,,,,,,,,,,,,,,,,,36369,0.003413971746340394
,,,21,,,,,,,,,,,,,,,,,,,,,,,,,,,,,36379,0.0014398314524441957
,,,21,,,,,,,,,,,,,,,,,,,,,,,,,,,,,36389,0.00582861015573144
,,,21,,,,,,,,,,,,,,,,,,,,,,,,,,,,,36399,0.0015605331864207983
,,,21,,,,,,,,,,,,,,,,,,,,,,,,,,,,,36409,0.005146014038473368
,,,21,,,,,,,,,,,,,,,,,,,,,,,,,,,,,36419,0.01360328122973442
,,,21,,,,,,,,,,,,,,,,,,,,,,,,,,,,,36429,0.004979521036148071
,,,21,,,,,,,,,,,,,,,,,,,,,,,,,,,,,36439,0.0015181214548647404
,,,21,,,,,,,,,,,,,,,,,,,,,,,,,,,,,36449,0.008906520903110504
,,,21,,,,,,,,,,,,,,,,,,,,,,,,,,,,,36459,0.0018765282584354281
,,,21,,,,,,,,,,,,,,,,,,,,,,,,,,,,,36469,0.002570497337728739
,,,21,,,,,,,,,,,,,,,,,,,,,,,,,,,,,36479,0.7516734004020691
,,,21,,,,,,,,,,,,,,,,,,,,,,,,,,,,,36489,0.001599389361217618
,,,21,,,,,,,,,,,,,,,,,,,,,,,,,,,,,36499,0.001353133819065988
,,,21,,,,,,,,,,,,,,,,,,,,,,,,,,,,,36509,0.07325337827205658
,,,21,,,,,,,,,,,,,,,,,,,,,,,,,,,,,36519,0.06544369459152222
,,,21,,,,,,,,,,,,,,,,,,,,,,,,,,,,,36529,0.006064921617507935
,,,21,,,,,,,,,,,,,,,,,,,,,,,,,,,,,36539,0.02098766155540943
,,,21,,,,,,,,,,,,,,,,,,,,,,,,,,,,,36549,0.011761666275560856
,,,21,,,,,,,,,,,,,,,,,,,,,,,,,,,,,36559,0.01677226833999157
,,,,3.909387380777291e-07,2.1900563037861647e-06,3.3693173904402533e-06,3.3693173904402533e-06,5.183565216061927e-06,5.183565216061927e-06,7.97471571701835e-06,7.97471571701835e-06,1.226879341079746e-05,1.226879341079746e-05,1.8875066785842246e-05,3.909387380777291e-07,1.8875066785842246e-05,2.9038564285911148e-05,2.9038564285911148e-05,4.4674714286017154e-05,4.4674714286017154e-05,6.873032967079561e-05,6.873032967079561e-05,6.873032967079561e-05,6.873032967079561e-05,6.014442124272754e-07,6.014442124272754e-07,9.252987883496547e-07,9.252987883496547e-07,1.423536597461007e-06,1.423536597461007e-06,2.1900563037861647e-06,36564,
,,,22,,,,,,,,,,,,,,,,,,,,,,,,,,,,,36569,0.004886386450380087
,,,22,,,,,,,,,,,,,,,,,,,,,,,,,,,,,36579,0.001314704422838986
,,,22,,,,,,,,,,,,,,,,,,,,,,,,,,,,,36589,0.0018450850620865822
,,,22,,,,,,,,,,,,,,,,,,,,,,,,,,,,,36599,0.030405240133404732
,,,22,,,,,,,,,,,,,,,,,,,,,,,,,,,,,36609,0.017514647915959358
,,,22,,,,,,,,,,,,,,,,,,,,,,,,,,,,,36619,0.0020760376937687397
,,,22,,,,,,,,,,,,,,,,,,,,,,,,,,,,,36629,0.0018635679734870791
,,,22,,,,,,,,,,,,,,,,,,,,,,,,,,,,,36639,0.04037213698029518
,,,22,,,,,,,,,,,,,,,,,,,,,,,,,,,,,36649,0.10590694099664688
,,,22,,,,,,,,,,,,,,,,,,,,,,,,,,,,,36659,0.47364693880081177
,,,22,,,,,,,,,,,,,,,,,,,,,,,,,,,,,36669,0.169416144490242
,,,22,,,,,,,,,,,,,,,,,,,,,,,,,,,,,36679,0.0015010932693257928
,,,22,,,,,,,,,,,,,,,,,,,,,,,,,,,,,36689,0.0011547115864232183
,,,22,,,,,,,,,,,,,,,,,,,,,,,,,,,,,36699,0.007597955409437418
,,,22,,,,,,,,,,,,,,,,,,,,,,,,,,,,,36709,0.0023362005595117807
,,,22,,,,,,,,,,,,,,,,,,,,,,,,,,,,,36719,0.001783933723345399
,,,22,,,,,,,,,,,,,,,,,,,,,,,,,,,,,36729,0.007946539670228958
,,,22,,,,,,,,,,,,,,,,,,,,,,,,,,,,,36739,0.02483929507434368
,,,22,,,,,,,,,,,,,,,,,,,,,,,,,,,,,36749,0.012511024251580238
,,,22,,,,,,,,,,,,,,,,,,,,,,,,,,,,,36759,0.0030618926975876093
,,,22,,,,,,,,,,,,,,,,,,,,,,,,,,,,,36769,0.05587878078222275
,,,22,,,,,,,,,,,,,,,,,,,,,,,,,,,,,36779,0.002191967563703656
,,,22,,,,,,,,,,,,,,,,,,,,,,,,,,,,,36789,0.06800158321857452
,,,22,,,,,,,,,,,,,,,,,,,,,,,,,,,,,36799,0.0013671120395883918
,,,22,,,,,,,,,,,,,,,,,,,,,,,,,,,,,36809,0.0024370753671973944
,,,22,,,,,,,,,,,,,,,,,,,,,,,,,,,,,36819,0.0017169343773275614
,,,22,,,,,,,,,,,,,,,,,,,,,,,,,,,,,36829,0.005799929145723581
,,,22,,,,,,,,,,,,,,,,,,,,,,,,,,,,,36839,0.0015557639999315143
,,,22,,,,,,,,,,,,,,,,,,,,,,,,,,,,,36849,0.01114229578524828
,,,22,,,,,,,,,,,,,,,,,,,,,,,,,,,,,36859,0.016057481989264488
,,,22,,,,,,,,,,,,,,,,,,,,,,,,,,,,,36869,0.0010479505872353911
,,,22,,,,,,,,,,,,,,,,,,,,,,,,,,,,,36879,0.0023274635896086693
,,,22,,,,,,,,,,,,,,,,,,,,,,,,,,,,,36889,0.033106639981269836
,,,22,,,,,,,,,,,,,,,,,,,,,,,,,,,,,36899,0.001336264074780047
,,,22,,,,,,,,,,,,,,,,,,,,,,,,,,,,,36909,0.0009365279111079872
,,,22,,,,,,,,,,,,,,,,,,,,,,,,,,,,,36919,0.001562798279337585
,,,22,,,,,,,,,,,,,,,,,,,,,,,,,,,,,36929,0.06351343542337418
,,,22,,,,,,,,,,,,,,,,,,,,,,,,,,,,,36939,0.0032938914373517036
,,,22,,,,,,,,,,,,,,,,,,,,,,,,,,,,,36949,0.0014607785269618034
,,,22,,,,,,,,,,,,,,,,,,,,,,,,,,,,,36959,0.026017265394330025
,,,22,,,,,,,,,,,,,,,,,,,,,,,,,,,,,36969,0.0008117251563817263
,,,22,,,,,,,,,,,,,,,,,,,,,,,,,,,,,36979,0.005792716518044472
,,,22,,,,,,,,,,,,,,,,,,,,,,,,,,,,,36989,0.001681988243944943
,,,22,,,,,,,,,,,,,,,,,,,,,,,,,,,,,36999,0.0027001022826880217
,,,22,,,,,,,,,,,,,,,,,,,,,,,,,,,,,37009,0.20817145705223083
,,,22,,,,,,,,,,,,,,,,,,,,,,,,,,,,,37019,0.0013960275100544095
,,,22,,,,,,,,,,,,,,,,,,,,,,,,,,,,,37029,0.2145148664712906
,,,22,,,,,,,,,,,,,,,,,,,,,,,,,,,,,37039,0.0014289430109784007
,,,22,,,,,,,,,,,,,,,,,,,,,,,,,,,,,37049,0.03523910790681839
,,,22,,,,,,,,,,,,,,,,,,,,,,,,,,,,,37059,0.0015823452267795801
,,,22,,,,,,,,,,,,,,,,,,,,,,,,,,,,,37069,0.00588970398530364
,,,22,,,,,,,,,,,,,,,,,,,,,,,,,,,,,37079,0.04764655977487564
,,,22,,,,,,,,,,,,,,,,,,,,,,,,,,,,,37089,0.0034296936355531216
,,,22,,,,,,,,,,,,,,,,,,,,,,,,,,,,,37099,0.7668013572692871
,,,22,,,,,,,,,,,,,,,,,,,,,,,,,,,,,37109,0.0023217920679599047
,,,22,,,,,,,,,,,,,,,,,,,,,,,,,,,,,37119,0.006942721549421549
,,,22,,,,,,,,,,,,,,,,,,,,,,,,,,,,,37129,0.0019948193803429604
,,,22,,,,,,,,,,,,,,,,,,,,,,,,,,,,,37139,0.026037555187940598
,,,22,,,,,,,,,,,,,,,,,,,,,,,,,,,,,37149,0.002171700820326805
,,,22,,,,,,,,,,,,,,,,,,,,,,,,,,,,,37159,0.0026489528827369213
,,,22,,,,,,,,,,,,,,,,,,,,,,,,,,,,,37169,0.003511808579787612
,,,22,,,,,,,,,,,,,,,,,,,,,,,,,,,,,37179,0.7021298408508301
,,,22,,,,,,,,,,,,,,,,,,,,,,,,,,,,,37189,0.007799813058227301
,,,22,,,,,,,,,,,,,,,,,,,,,,,,,,,,,37199,0.0009243667591363192
,,,22,,,,,,,,,,,,,,,,,,,,,,,,,,,,,37209,0.007353660184890032
,,,22,,,,,,,,,,,,,,,,,,,,,,,,,,,,,37219,0.0014974181540310383
,,,22,,,,,,,,,,,,,,,,,,,,,,,,,,,,,37229,0.005285846535116434
,,,22,,,,,,,,,,,,,,,,,,,,,,,,,,,,,37239,0.027011901140213013
,,,22,,,,,,,,,,,,,,,,,,,,,,,,,,,,,37249,0.0016421896871179342
,,,22,,,,,,,,,,,,,,,,,,,,,,,,,,,,,37259,0.003386435564607382
,,,22,,,,,,,,,,,,,,,,,,,,,,,,,,,,,37269,0.0017614193493500352
,,,22,,,,,,,,,,,,,,,,,,,,,,,,,,,,,37279,0.0019825133495032787
,,,22,,,,,,,,,,,,,,,,,,,,,,,,,,,,,37289,0.0020834775641560555
,,,22,,,,,,,,,,,,,,,,,,,,,,,,,,,,,37299,0.4926745891571045
,,,22,,,,,,,,,,,,,,,,,,,,,,,,,,,,,37309,0.0754551813006401
,,,22,,,,,,,,,,,,,,,,,,,,,,,,,,,,,37319,0.18693852424621582
,,,22,,,,,,,,,,,,,,,,,,,,,,,,,,,,,37329,0.0013748920755460858
,,,22,,,,,,,,,,,,,,,,,,,,,,,,,,,,,37339,0.04048796743154526
,,,22,,,,,,,,,,,,,,,,,,,,,,,,,,,,,37349,0.004407576750963926
,,,22,,,,,,,,,,,,,,,,,,,,,,,,,,,,,37359,0.00302651128731668
,,,22,,,,,,,,,,,,,,,,,,,,,,,,,,,,,37369,0.024182993918657303
,,,22,,,,,,,,,,,,,,,,,,,,,,,,,,,,,37379,0.0026060184463858604
,,,22,,,,,,,,,,,,,,,,,,,,,,,,,,,,,37389,0.001363776857033372
,,,22,,,,,,,,,,,,,,,,,,,,,,,,,,,,,37399,0.0007679691188968718
,,,22,,,,,,,,,,,,,,,,,,,,,,,,,,,,,37409,0.0027187925297766924
,,,22,,,,,,,,,,,,,,,,,,,,,,,,,,,,,37419,0.00382560258731246
,,,22,,,,,,,,,,,,,,,,,,,,,,,,,,,,,37429,0.013190549798309803
,,,22,,,,,,,,,,,,,,,,,,,,,,,,,,,,,37439,0.00333020999096334
,,,22,,,,,,,,,,,,,,,,,,,,,,,,,,,,,37449,0.0012534665875136852
,,,22,,,,,,,,,,,,,,,,,,,,,,,,,,,,,37459,0.0027704420499503613
,,,22,,,,,,,,,,,,,,,,,,,,,,,,,,,,,37469,0.0005838958895765245
,,,22,,,,,,,,,,,,,,,,,,,,,,,,,,,,,37479,0.0012660917127504945
,,,22,,,,,,,,,,,,,,,,,,,,,,,,,,,,,37489,0.11975616961717606
,,,22,,,,,,,,,,,,,,,,,,,,,,,,,,,,,37499,0.09842606633901596
,,,22,,,,,,,,,,,,,,,,,,,,,,,,,,,,,37509,0.04561455547809601
,,,22,,,,,,,,,,,,,,,,,,,,,,,,,,,,,37519,0.002301528351381421
,,,22,,,,,,,,,,,,,,,,,,,,,,,,,,,,,37529,1.4422582387924194
,,,22,,,,,,,,,,,,,,,,,,,,,,,,,,,,,37539,0.2438197135925293
,,,22,,,,,,,,,,,,,,,,,,,,,,,,,,,,,37549,0.029685864225029945
,,,22,,,,,,,,,,,,,,,,,,,,,,,,,,,,,37559,0.006039511412382126
,,,22,,,,,,,,,,,,,,,,,,,,,,,,,,,,,37569,0.0036949696950614452
,,,22,,,,,,,,,,,,,,,,,,,,,,,,,,,,,37579,0.8504816889762878
,,,22,,,,,,,,,,,,,,,,,,,,,,,,,,,,,37589,0.005465695634484291
,,,22,,,,,,,,,,,,,,,,,,,,,,,,,,,,,37599,1.4899022579193115
,,,22,,,,,,,,,,,,,,,,,,,,,,,,,,,,,37609,0.0018941033631563187
,,,22,,,,,,,,,,,,,,,,,,,,,,,,,,,,,37619,0.027870194986462593
,,,22,,,,,,,,,,,,,,,,,,,,,,,,,,,,,37629,0.020566845312714577
,,,22,,,,,,,,,,,,,,,,,,,,,,,,,,,,,37639,0.003095062915235758
,,,22,,,,,,,,,,,,,,,,,,,,,,,,,,,,,37649,0.0019475119188427925
,,,22,,,,,,,,,,,,,,,,,,,,,,,,,,,,,37659,0.01396042201668024
,,,22,,,,,,,,,,,,,,,,,,,,,,,,,,,,,37669,0.4906277060508728
,,,22,,,,,,,,,,,,,,,,,,,,,,,,,,,,,37679,0.0009766989387571812
,,,22,,,,,,,,,,,,,,,,,,,,,,,,,,,,,37689,0.027267687022686005
,,,22,,,,,,,,,,,,,,,,,,,,,,,,,,,,,37699,0.0014373618178069592
,,,22,,,,,,,,,,,,,,,,,,,,,,,,,,,,,37709,0.00862336065620184
,,,22,,,,,,,,,,,,,,,,,,,,,,,,,,,,,37719,0.004638101905584335
,,,22,,,,,,,,,,,,,,,,,,,,,,,,,,,,,37729,0.002993612317368388
,,,22,,,,,,,,,,,,,,,,,,,,,,,,,,,,,37739,0.012108254246413708
,,,22,,,,,,,,,,,,,,,,,,,,,,,,,,,,,37749,0.019980110228061676
,,,22,,,,,,,,,,,,,,,,,,,,,,,,,,,,,37759,0.004840679466724396
,,,22,,,,,,,,,,,,,,,,,,,,,,,,,,,,,37769,0.0044120741076767445
,,,22,,,,,,,,,,,,,,,,,,,,,,,,,,,,,37779,0.014571152627468109
,,,22,,,,,,,,,,,,,,,,,,,,,,,,,,,,,37789,0.0023556628730148077
,,,22,,,,,,,,,,,,,,,,,,,,,,,,,,,,,37799,0.0019013658165931702
,,,22,,,,,,,,,,,,,,,,,,,,,,,,,,,,,37809,0.00268080597743392
,,,22,,,,,,,,,,,,,,,,,,,,,,,,,,,,,37819,0.001049524755217135
,,,22,,,,,,,,,,,,,,,,,,,,,,,,,,,,,37829,1.011881709098816
,,,22,,,,,,,,,,,,,,,,,,,,,,,,,,,,,37839,0.0013588713482022285
,,,22,,,,,,,,,,,,,,,,,,,,,,,,,,,,,37849,0.3774767816066742
,,,22,,,,,,,,,,,,,,,,,,,,,,,,,,,,,37859,0.001291113207116723
,,,22,,,,,,,,,,,,,,,,,,,,,,,,,,,,,37869,0.006907290313392878
,,,22,,,,,,,,,,,,,,,,,,,,,,,,,,,,,37879,0.0016242520650848746
,,,22,,,,,,,,,,,,,,,,,,,,,,,,,,,,,37889,0.0009334255009889603
,,,22,,,,,,,,,,,,,,,,,,,,,,,,,,,,,37899,0.0023717114236205816
,,,22,,,,,,,,,,,,,,,,,,,,,,,,,,,,,37909,0.3978370428085327
,,,22,,,,,,,,,,,,,,,,,,,,,,,,,,,,,37919,0.0015520041342824697
,,,22,,,,,,,,,,,,,,,,,,,,,,,,,,,,,37929,0.0017124224686995149
,,,22,,,,,,,,,,,,,,,,,,,,,,,,,,,,,37939,0.17561215162277222
,,,22,,,,,,,,,,,,,,,,,,,,,,,,,,,,,37949,0.037483882158994675
,,,22,,,,,,,,,,,,,,,,,,,,,,,,,,,,,37959,0.003631654428318143
,,,22,,,,,,,,,,,,,,,,,,,,,,,,,,,,,37969,0.005493420176208019
,,,22,,,,,,,,,,,,,,,,,,,,,,,,,,,,,37979,0.0014875282067805529
,,,22,,,,,,,,,,,,,,,,,,,,,,,,,,,,,37989,0.005071504972875118
,,,22,,,,,,,,,,,,,,,,,,,,,,,,,,,,,37999,0.29072171449661255
,,,22,,,,,,,,,,,,,,,,,,,,,,,,,,,,,38009,0.015482515096664429
,,,22,,,,,,,,,,,,,,,,,,,,,,,,,,,,,38019,0.005238234531134367
,,,22,,,,,,,,,,,,,,,,,,,,,,,,,,,,,38029,0.008785927668213844
,,,22,,,,,,,,,,,,,,,,,,,,,,,,,,,,,38039,0.0027857727836817503
,,,22,,,,,,,,,,,,,,,,,,,,,,,,,,,,,38049,0.08151333779096603
,,,22,,,,,,,,,,,,,,,,,,,,,,,,,,,,,38059,0.002001202665269375
,,,22,,,,,,,,,,,,,,,,,,,,,,,,,,,,,38069,0.0006781319971196353
,,,22,,,,,,,,,,,,,,,,,,,,,,,,,,,,,38079,0.0835915207862854
,,,22,,,,,,,,,,,,,,,,,,,,,,,,,,,,,38089,0.011895397678017616
,,,22,,,,,,,,,,,,,,,,,,,,,,,,,,,,,38099,0.00237259641289711
,,,22,,,,,,,,,,,,,,,,,,,,,,,,,,,,,38109,0.0035778493620455265
,,,22,,,,,,,,,,,,,,,,,,,,,,,,,,,,,38119,0.2732756435871124
,,,22,,,,,,,,,,,,,,,,,,,,,,,,,,,,,38129,0.0020685442723333836
,,,22,,,,,,,,,,,,,,,,,,,,,,,,,,,,,38139,0.004218239337205887
,,,22,,,,,,,,,,,,,,,,,,,,,,,,,,,,,38149,0.001732902484945953
,,,22,,,,,,,,,,,,,,,,,,,,,,,,,,,,,38159,0.04798711836338043
,,,22,,,,,,,,,,,,,,,,,,,,,,,,,,,,,38169,0.051523786038160324
,,,22,,,,,,,,,,,,,,,,,,,,,,,,,,,,,38179,0.013027154840528965
,,,22,,,,,,,,,,,,,,,,,,,,,,,,,,,,,38189,0.008924485184252262
,,,22,,,,,,,,,,,,,,,,,,,,,,,,,,,,,38199,0.005636151414364576
,,,22,,,,,,,,,,,,,,,,,,,,,,,,,,,,,38209,0.0015438126865774393
,,,22,,,,,,,,,,,,,,,,,,,,,,,,,,,,,38219,0.0030791107565164566
,,,,3.722850263882052e-07,2.0855573762162682e-06,3.208549809563489e-06,3.208549809563489e-06,4.936230476251522e-06,4.936230476251522e-06,7.594200732694648e-06,7.594200732694648e-06,1.168338574260715e-05,1.168338574260715e-05,1.7974439604011e-05,3.722850263882052e-07,1.7974439604011e-05,2.7652984006170768e-05,2.7652984006170768e-05,4.2543052317185797e-05,4.2543052317185797e-05,6.545084971874738e-05,6.545084971874738e-05,6.545084971874738e-05,6.545084971874738e-05,5.727461944433926e-07,5.727461944433926e-07,8.811479914513733e-07,8.811479914513733e-07,1.3556122945405742e-06,1.3556122945405742e-06,2.0855573762162682e-06,38226,
,,,23,,,,,,,,,,,,,,,,,,,,,,,,,,,,,38229,0.0019055232405662537
,,,23,,,,,,,,,,,,,,,,,,,,,,,,,,,,,38239,0.06393180787563324
,,,23,,,,,,,,,,,,,,,,,,,,,,,,,,,,,38249,0.002252383856102824
,,,23,,,,,,,,,,,,,,,,,,,,,,,,,,,,,38259,0.005220125429332256
,,,23,,,,,,,,,,,,,,,,,,,,,,,,,,,,,38269,0.0018007700564339757
,,,23,,,,,,,,,,,,,,,,,,,,,,,,,,,,,38279,0.15512792766094208
,,,23,,,,,,,,,,,,,,,,,,,,,,,,,,,,,38289,0.0017201475566253066
,,,23,,,,,,,,,,,,,,,,,,,,,,,,,,,,,38299,0.0031379791907966137
,,,23,,,,,,,,,,,,,,,,,,,,,,,,,,,,,38309,0.0067888470366597176
,,,23,,,,,,,,,,,,,,,,,,,,,,,,,,,,,38319,0.003812492359429598
,,,23,,,,,,,,,,,,,,,,,,,,,,,,,,,,,38329,0.0015667626867070794
,,,23,,,,,,,,,,,,,,,,,,,,,,,,,,,,,38339,0.043032288551330566
,,,23,,,,,,,,,,,,,,,,,,,,,,,,,,,,,38349,0.001417309045791626
,,,23,,,,,,,,,,,,,,,,,,,,,,,,,,,,,38359,0.002518700435757637
,,,23,,,,,,,,,,,,,,,,,,,,,,,,,,,,,38369,0.0020534528885036707
,,,23,,,,,,,,,,,,,,,,,,,,,,,,,,,,,38379,0.03224550560116768
,,,23,,,,,,,,,,,,,,,,,,,,,,,,,,,,,38389,0.03628704696893692
,,,23,,,,,,,,,,,,,,,,,,,,,,,,,,,,,38399,0.0018574526766315103
,,,23,,,,,,,,,,,,,,,,,,,,,,,,,,,,,38409,0.005358538590371609
,,,23,,,,,,,,,,,,,,,,,,,,,,,,,,,,,38419,0.25912824273109436
,,,23,,,,,,,,,,,,,,,,,,,,,,,,,,,,,38429,0.0031255418434739113
,,,23,,,,,,,,,,,,,,,,,,,,,,,,,,,,,38439,0.002801084890961647
,,,23,,,,,,,,,,,,,,,,,,,,,,,,,,,,,38449,0.024209385737776756
,,,23,,,,,,,,,,,,,,,,,,,,,,,,,,,,,38459,0.0022394931875169277
,,,23,,,,,,,,,,,,,,,,,,,,,,,,,,,,,38469,0.006154598202556372
,,,23,,,,,,,,,,,,,,,,,,,,,,,,,,,,,38479,0.008095813915133476
,,,23,,,,,,,,,,,,,,,,,,,,,,,,,,,,,38489,0.004243004601448774
,,,23,,,,,,,,,,,,,,,,,,,,,,,,,,,,,38499,0.003758154809474945
,,,23,,,,,,,,,,,,,,,,,,,,,,,,,,,,,38509,0.005167610011994839
,,,23,,,,,,,,,,,,,,,,,,,,,,,,,,,,,38519,0.006025221198797226
,,,23,,,,,,,,,,,,,,,,,,,,,,,,,,,,,38529,0.0015296649653464556
,,,23,,,,,,,,,,,,,,,,,,,,,,,,,,,,,38539,0.00203189835883677
,,,23,,,,,,,,,,,,,,,,,,,,,,,,,,,,,38549,0.006082534324377775
,,,23,,,,,,,,,,,,,,,,,,,,,,,,,,,,,38559,0.001691275741904974
,,,23,,,,,,,,,,,,,,,,,,,,,,,,,,,,,38569,0.0008391067385673523
,,,23,,,,,,,,,,,,,,,,,,,,,,,,,,,,,38579,0.000737783033400774
,,,23,,,,,,,,,,,,,,,,,,,,,,,,,,,,,38589,0.17233476042747498
,,,23,,,,,,,,,,,,,,,,,,,,,,,,,,,,,38599,0.007611132692545652
,,,23,,,,,,,,,,,,,,,,,,,,,,,,,,,,,38609,0.001601144322194159
,,,23,,,,,,,,,,,,,,,,,,,,,,,,,,,,,38619,0.01306611206382513
,,,23,,,,,,,,,,,,,,,,,,,,,,,,,,,,,38629,0.0026247601490467787
,,,23,,,,,,,,,,,,,,,,,,,,,,,,,,,,,38639,0.11215385794639587
,,,23,,,,,,,,,,,,,,,,,,,,,,,,,,,,,38649,0.0008998551638796926
,,,23,,,,,,,,,,,,,,,,,,,,,,,,,,,,,38659,0.0023715083952993155
,,,23,,,,,,,,,,,,,,,,,,,,,,,,,,,,,38669,0.0026403823867440224
,,,23,,,,,,,,,,,,,,,,,,,,,,,,,,,,,38679,0.0803680345416069
,,,23,,,,,,,,,,,,,,,,,,,,,,,,,,,,,38689,0.0034127074759453535
,,,23,,,,,,,,,,,,,,,,,,,,,,,,,,,,,38699,0.3405476212501526
,,,23,,,,,,,,,,,,,,,,,,,,,,,,,,,,,38709,0.005332931410521269
,,,23,,,,,,,,,,,,,,,,,,,,,,,,,,,,,38719,0.031956013292074203
,,,23,,,,,,,,,,,,,,,,,,,,,,,,,,,,,38729,0.2445380687713623
,,,23,,,,,,,,,,,,,,,,,,,,,,,,,,,,,38739,0.011705555021762848
,,,23,,,,,,,,,,,,,,,,,,,,,,,,,,,,,38749,0.9344395995140076
,,,23,,,,,,,,,,,,,,,,,,,,,,,,,,,,,38759,0.0028007174842059612
,,,23,,,,,,,,,,,,,,,,,,,,,,,,,,,,,38769,0.003457946004346013
,,,23,,,,,,,,,,,,,,,,,,,,,,,,,,,,,38779,0.0020623398013412952
,,,23,,,,,,,,,,,,,,,,,,,,,,,,,,,,,38789,0.008334372192621231
,,,23,,,,,,,,,,,,,,,,,,,,,,,,,,,,,38799,0.003321855328977108
,,,23,,,,,,,,,,,,,,,,,,,,,,,,,,,,,38809,0.00263642193749547
,,,23,,,,,,,,,,,,,,,,,,,,,,,,,,,,,38819,0.005588226951658726
,,,23,,,,,,,,,,,,,,,,,,,,,,,,,,,,,38829,0.0030846945010125637
,,,23,,,,,,,,,,,,,,,,,,,,,,,,,,,,,38839,0.0020685968920588493
,,,23,,,,,,,,,,,,,,,,,,,,,,,,,,,,,38849,0.00187865539919585
,,,23,,,,,,,,,,,,,,,,,,,,,,,,,,,,,38859,0.006161981262266636
,,,23,,,,,,,,,,,,,,,,,,,,,,,,,,,,,38869,0.0005198006401769817
,,,23,,,,,,,,,,,,,,,,,,,,,,,,,,,,,38879,0.019506439566612244
,,,23,,,,,,,,,,,,,,,,,,,,,,,,,,,,,38889,0.0017064429121091962
,,,23,,,,,,,,,,,,,,,,,,,,,,,,,,,,,38899,0.0017033872427418828
,,,23,,,,,,,,,,,,,,,,,,,,,,,,,,,,,38909,0.002714006695896387
,,,23,,,,,,,,,,,,,,,,,,,,,,,,,,,,,38919,0.0032980814576148987
,,,23,,,,,,,,,,,,,,,,,,,,,,,,,,,,,38929,0.0022452978882938623
,,,23,,,,,,,,,,,,,,,,,,,,,,,,,,,,,38939,0.05618458613753319
,,,23,,,,,,,,,,,,,,,,,,,,,,,,,,,,,38949,0.01440782193094492
,,,23,,,,,,,,,,,,,,,,,,,,,,,,,,,,,38959,0.0013259357074275613
,,,23,,,,,,,,,,,,,,,,,,,,,,,,,,,,,38969,0.0030582956969738007
,,,23,,,,,,,,,,,,,,,,,,,,,,,,,,,,,38979,0.0016953531885519624
,,,23,,,,,,,,,,,,,,,,,,,,,,,,,,,,,38989,0.0008305914234369993
,,,23,,,,,,,,,,,,,,,,,,,,,,,,,,,,,38999,0.02027646265923977
,,,23,,,,,,,,,,,,,,,,,,,,,,,,,,,,,39009,0.11364272981882095
,,,23,,,,,,,,,,,,,,,,,,,,,,,,,,,,,39019,0.0024822710547596216
,,,23,,,,,,,,,,,,,,,,,,,,,,,,,,,,,39029,0.002080927835777402
,,,23,,,,,,,,,,,,,,,,,,,,,,,,,,,,,39039,0.3518981337547302
,,,23,,,,,,,,,,,,,,,,,,,,,,,,,,,,,39049,0.005261254496872425
,,,23,,,,,,,,,,,,,,,,,,,,,,,,,,,,,39059,0.11926236003637314
,,,23,,,,,,,,,,,,,,,,,,,,,,,,,,,,,39069,0.006079123821109533
,,,23,,,,,,,,,,,,,,,,,,,,,,,,,,,,,39079,0.37791410088539124
,,,23,,,,,,,,,,,,,,,,,,,,,,,,,,,,,39089,0.004598564468324184
,,,23,,,,,,,,,,,,,,,,,,,,,,,,,,,,,39099,0.0050160884857177734
,,,23,,,,,,,,,,,,,,,,,,,,,,,,,,,,,39109,0.0034633250907063484
,,,23,,,,,,,,,,,,,,,,,,,,,,,,,,,,,39119,0.01721780188381672
,,,23,,,,,,,,,,,,,,,,,,,,,,,,,,,,,39129,0.028896497562527657
,,,23,,,,,,,,,,,,,,,,,,,,,,,,,,,,,39139,0.0012880174908787012
,,,23,,,,,,,,,,,,,,,,,,,,,,,,,,,,,39149,0.0011941369157284498
,,,23,,,,,,,,,,,,,,,,,,,,,,,,,,,,,39159,0.0035650001373142004
,,,23,,,,,,,,,,,,,,,,,,,,,,,,,,,,,39169,0.012503859587013721
,,,23,,,,,,,,,,,,,,,,,,,,,,,,,,,,,39179,0.0034898880403488874
,,,23,,,,,,,,,,,,,,,,,,,,,,,,,,,,,39189,0.0029626970645040274
,,,23,,,,,,,,,,,,,,,,,,,,,,,,,,,,,39199,0.18265767395496368
,,,23,,,,,,,,,,,,,,,,,,,,,,,,,,,,,39209,0.0022301236167550087
,,,23,,,,,,,,,,,,,,,,,,,,,,,,,,,,,39219,0.010192736983299255
,,,23,,,,,,,,,,,,,,,,,,,,,,,,,,,,,39229,0.0018961759051308036
,,,23,,,,,,,,,,,,,,,,,,,,,,,,,,,,,39239,0.011850516311824322
,,,23,,,,,,,,,,,,,,,,,,,,,,,,,,,,,39249,0.002073245821520686
,,,23,,,,,,,,,,,,,,,,,,,,,,,,,,,,,39259,0.010762954130768776
,,,23,,,,,,,,,,,,,,,,,,,,,,,,,,,,,39269,0.36755043268203735
,,,23,,,,,,,,,,,,,,,,,,,,,,,,,,,,,39279,0.032702017575502396
,,,23,,,,,,,,,,,,,,,,,,,,,,,,,,,,,39289,0.0024698402266949415
,,,23,,,,,,,,,,,,,,,,,,,,,,,,,,,,,39299,0.002593015553429723
,,,23,,,,,,,,,,,,,,,,,,,,,,,,,,,,,39309,0.0008480898686684668
,,,23,,,,,,,,,,,,,,,,,,,,,,,,,,,,,39319,0.0035991088952869177
,,,23,,,,,,,,,,,,,,,,,,,,,,,,,,,,,39329,0.0015660577919334173
,,,23,,,,,,,,,,,,,,,,,,,,,,,,,,,,,39339,2.9651806354522705
,,,23,,,,,,,,,,,,,,,,,,,,,,,,,,,,,39349,0.005610023159533739
,,,23,,,,,,,,,,,,,,,,,,,,,,,,,,,,,39359,0.01572992093861103
,,,23,,,,,,,,,,,,,,,,,,,,,,,,,,,,,39369,0.0019901751074939966
,,,23,,,,,,,,,,,,,,,,,,,,,,,,,,,,,39379,0.021785279735922813
,,,23,,,,,,,,,,,,,,,,,,,,,,,,,,,,,39389,0.003324845340102911
,,,23,,,,,,,,,,,,,,,,,,,,,,,,,,,,,39399,0.002739114686846733
,,,23,,,,,,,,,,,,,,,,,,,,,,,,,,,,,39409,0.008417217992246151
,,,23,,,,,,,,,,,,,,,,,,,,,,,,,,,,,39419,0.004270768724381924
,,,23,,,,,,,,,,,,,,,,,,,,,,,,,,,,,39429,0.03327389806509018
,,,23,,,,,,,,,,,,,,,,,,,,,,,,,,,,,39439,0.1576661765575409
,,,23,,,,,,,,,,,,,,,,,,,,,,,,,,,,,39449,0.0010423968778923154
,,,23,,,,,,,,,,,,,,,,,,,,,,,,,,,,,39459,0.0013127372367307544
,,,23,,,,,,,,,,,,,,,,,,,,,,,,,,,,,39469,0.001650413847528398
,,,23,,,,,,,,,,,,,,,,,,,,,,,,,,,,,39479,0.0018202632199972868
,,,23,,,,,,,,,,,,,,,,,,,,,,,,,,,,,39489,0.0012417720863595605
,,,23,,,,,,,,,,,,,,,,,,,,,,,,,,,,,39499,0.003936180379241705
,,,23,,,,,,,,,,,,,,,,,,,,,,,,,,,,,39509,0.0010208931053057313
,,,23,,,,,,,,,,,,,,,,,,,,,,,,,,,,,39519,0.004194777924567461
,,,23,,,,,,,,,,,,,,,,,,,,,,,,,,,,,39529,0.003026994178071618
,,,23,,,,,,,,,,,,,,,,,,,,,,,,,,,,,39539,0.007230342831462622
,,,23,,,,,,,,,,,,,,,,,,,,,,,,,,,,,39549,0.0011732466518878937
,,,23,,,,,,,,,,,,,,,,,,,,,,,,,,,,,39559,0.03217910975217819
,,,23,,,,,,,,,,,,,,,,,,,,,,,,,,,,,39569,0.000953073613345623
,,,23,,,,,,,,,,,,,,,,,,,,,,,,,,,,,39579,0.0037720254622399807
,,,23,,,,,,,,,,,,,,,,,,,,,,,,,,,,,39589,0.31551599502563477
,,,23,,,,,,,,,,,,,,,,,,,,,,,,,,,,,39599,0.15965880453586578
,,,23,,,,,,,,,,,,,,,,,,,,,,,,,,,,,39609,0.0009927453938871622
,,,23,,,,,,,,,,,,,,,,,,,,,,,,,,,,,39619,0.002480805618688464
,,,23,,,,,,,,,,,,,,,,,,,,,,,,,,,,,39629,0.004432967863976955
,,,23,,,,,,,,,,,,,,,,,,,,,,,,,,,,,39639,0.0016179446829482913
,,,23,,,,,,,,,,,,,,,,,,,,,,,,,,,,,39649,0.0031364390160888433
,,,23,,,,,,,,,,,,,,,,,,,,,,,,,,,,,39659,0.025544406846165657
,,,23,,,,,,,,,,,,,,,,,,,,,,,,,,,,,39669,0.0031382974702864885
,,,23,,,,,,,,,,,,,,,,,,,,,,,,,,,,,39679,0.10166002064943314
,,,23,,,,,,,,,,,,,,,,,,,,,,,,,,,,,39689,0.001115906867198646
,,,23,,,,,,,,,,,,,,,,,,,,,,,,,,,,,39699,0.12920472025871277
,,,23,,,,,,,,,,,,,,,,,,,,,,,,,,,,,39709,0.5306055545806885
,,,23,,,,,,,,,,,,,,,,,,,,,,,,,,,,,39719,0.0069727771915495396
,,,23,,,,,,,,,,,,,,,,,,,,,,,,,,,,,39729,0.00490963039919734
,,,23,,,,,,,,,,,,,,,,,,,,,,,,,,,,,39739,0.005882825702428818
,,,23,,,,,,,,,,,,,,,,,,,,,,,,,,,,,39749,0.0017793037695810199
,,,23,,,,,,,,,,,,,,,,,,,,,,,,,,,,,39759,0.0040262737311422825
,,,23,,,,,,,,,,,,,,,,,,,,,,,,,,,,,39769,0.002820853143930435
,,,23,,,,,,,,,,,,,,,,,,,,,,,,,,,,,39779,0.001878925017081201
,,,23,,,,,,,,,,,,,,,,,,,,,,,,,,,,,39789,0.21534529328346252
,,,23,,,,,,,,,,,,,,,,,,,,,,,,,,,,,39799,0.01419356744736433
,,,23,,,,,,,,,,,,,,,,,,,,,,,,,,,,,39809,0.00798095017671585
,,,23,,,,,,,,,,,,,,,,,,,,,,,,,,,,,39819,0.7136553525924683
,,,23,,,,,,,,,,,,,,,,,,,,,,,,,,,,,39829,0.0015850375639274716
,,,23,,,,,,,,,,,,,,,,,,,,,,,,,,,,,39839,0.03534415736794472
,,,23,,,,,,,,,,,,,,,,,,,,,,,,,,,,,39849,0.002562673995271325
,,,23,,,,,,,,,,,,,,,,,,,,,,,,,,,,,39859,0.013563676737248898
,,,23,,,,,,,,,,,,,,,,,,,,,,,,,,,,,39869,0.0024904459714889526
,,,23,,,,,,,,,,,,,,,,,,,,,,,,,,,,,39879,0.001322783064097166
,,,,3.53203149892017e-07,1.978659850240633e-06,3.0440920772932807e-06,3.0440920772932807e-06,4.683218580451201e-06,4.683218580451201e-06,7.204951662232617e-06,7.204951662232617e-06,1.108454101881941e-05,1.108454101881941e-05,1.705314002895294e-05,3.53203149892017e-07,1.705314002895294e-05,2.623560004454298e-05,2.623560004454298e-05,4.03624616069892e-05,4.03624616069892e-05,6.209609477998338e-05,6.209609477998338e-05,6.209609477998338e-05,6.209609477998338e-05,5.433894613723337e-07,5.433894613723337e-07,8.359837867266674e-07,8.359837867266674e-07,1.2861289026564112e-06,1.2861289026564112e-06,1.978659850240633e-06,39888,
,,,24,,,,,,,,,,,,,,,,,,,,,,,,,,,,,39889,0.002137524774298072
,,,24,,,,,,,,,,,,,,,,,,,,,,,,,,,,,39899,0.031564366072416306
,,,24,,,,,,,,,,,,,,,,,,,,,,,,,,,,,39909,0.0019918358884751797
,,,24,,,,,,,,,,,,,,,,,,,,,,,,,,,,,39919,0.0015599168837070465
,,,24,,,,,,,,,,,,,,,,,,,,,,,,,,,,,39929,0.008494008332490921
,,,24,,,,,,,,,,,,,,,,,,,,,,,,,,,,,39939,0.0014084161957725883
,,,24,,,,,,,,,,,,,,,,,,,,,,,,,,,,,39949,0.003814938711002469
,,,24,,,,,,,,,,,,,,,,,,,,,,,,,,,,,39959,0.2054089903831482
,,,24,,,,,,,,,,,,,,,,,,,,,,,,,,,,,39969,0.0026814022567123175
,,,24,,,,,,,,,,,,,,,,,,,,,,,,,,,,,39979,0.0012943015899509192
,,,24,,,,,,,,,,,,,,,,,,,,,,,,,,,,,39989,0.0034741114359349012
,,,24,,,,,,,,,,,,,,,,,,,,,,,,,,,,,39999,0.13411839306354523
,,,24,,,,,,,,,,,,,,,,,,,,,,,,,,,,,40009,0.004972520284354687
,,,24,,,,,,,,,,,,,,,,,,,,,,,,,,,,,40019,0.01894216053187847
,,,24,,,,,,,,,,,,,,,,,,,,,,,,,,,,,40029,0.03863499313592911
,,,24,,,,,,,,,,,,,,,,,,,,,,,,,,,,,40039,0.017476798966526985
,,,24,,,,,,,,,,,,,,,,,,,,,,,,,,,,,40049,0.0022596316412091255
,,,24,,,,,,,,,,,,,,,,,,,,,,,,,,,,,40059,0.0021559526212513447
,,,24,,,,,,,,,,,,,,,,,,,,,,,,,,,,,40069,0.007752794306725264
,,,24,,,,,,,,,,,,,,,,,,,,,,,,,,,,,40079,0.09191220253705978
,,,24,,,,,,,,,,,,,,,,,,,,,,,,,,,,,40089,0.001956156687811017
,,,24,,,,,,,,,,,,,,,,,,,,,,,,,,,,,40099,0.1830323338508606
,,,24,,,,,,,,,,,,,,,,,,,,,,,,,,,,,40109,0.032866448163986206
,,,24,,,,,,,,,,,,,,,,,,,,,,,,,,,,,40119,0.0014668606454506516
,,,24,,,,,,,,,,,,,,,,,,,,,,,,,,,,,40129,0.015832625329494476
,,,24,,,,,,,,,,,,,,,,,,,,,,,,,,,,,40139,0.028539398685097694
,,,24,,,,,,,,,,,,,,,,,,,,,,,,,,,,,40149,0.0024650460109114647
,,,24,,,,,,,,,,,,,,,,,,,,,,,,,,,,,40159,0.004006576724350452
,,,24,,,,,,,,,,,,,,,,,,,,,,,,,,,,,40169,0.006857472471892834
,,,24,,,,,,,,,,,,,,,,,,,,,,,,,,,,,40179,0.0008241923642344773
,,,24,,,,,,,,,,,,,,,,,,,,,,,,,,,,,40189,0.024446412920951843
,,,24,,,,,,,,,,,,,,,,,,,,,,,,,,,,,40199,0.0014043133705854416
,,,24,,,,,,,,,,,,,,,,,,,,,,,,,,,,,40209,0.0039909835904836655
,,,24,,,,,,,,,,,,,,,,,,,,,,,,,,,,,40219,0.0028190426528453827
,,,24,,,,,,,,,,,,,,,,,,,,,,,,,,,,,40229,0.006034566089510918
,,,24,,,,,,,,,,,,,,,,,,,,,,,,,,,,,40239,0.002576172351837158
,,,24,,,,,,,,,,,,,,,,,,,,,,,,,,,,,40249,0.0007801642059348524
,,,24,,,,,,,,,,,,,,,,,,,,,,,,,,,,,40259,0.0034686222206801176
,,,24,,,,,,,,,,,,,,,,,,,,,,,,,,,,,40269,0.002087585162371397
,,,24,,,,,,,,,,,,,,,,,,,,,,,,,,,,,40279,0.0009928046492859721
,,,24,,,,,,,,,,,,,,,,,,,,,,,,,,,,,40289,0.0019929390400648117
,,,24,,,,,,,,,,,,,,,,,,,,,,,,,,,,,40299,0.0011142704170197248
,,,24,,,,,,,,,,,,,,,,,,,,,,,,,,,,,40309,0.0026867135893553495
,,,24,,,,,,,,,,,,,,,,,,,,,,,,,,,,,40319,0.010041420347988605
,,,24,,,,,,,,,,,,,,,,,,,,,,,,,,,,,40329,0.0021590013056993484
,,,24,,,,,,,,,,,,,,,,,,,,,,,,,,,,,40339,0.0018457694677636027
,,,24,,,,,,,,,,,,,,,,,,,,,,,,,,,,,40349,0.0012138055171817541
,,,24,,,,,,,,,,,,,,,,,,,,,,,,,,,,,40359,0.0012664259411394596
,,,24,,,,,,,,,,,,,,,,,,,,,,,,,,,,,40369,0.48209527134895325
,,,24,,,,,,,,,,,,,,,,,,,,,,,,,,,,,40379,0.0053871977142989635
,,,24,,,,,,,,,,,,,,,,,,,,,,,,,,,,,40389,0.17469945549964905
,,,24,,,,,,,,,,,,,,,,,,,,,,,,,,,,,40399,0.002387436106801033
,,,24,,,,,,,,,,,,,,,,,,,,,,,,,,,,,40409,0.0017999415285885334
,,,24,,,,,,,,,,,,,,,,,,,,,,,,,,,,,40419,0.008183025754988194
,,,24,,,,,,,,,,,,,,,,,,,,,,,,,,,,,40429,0.28309279680252075
,,,24,,,,,,,,,,,,,,,,,,,,,,,,,,,,,40439,9.750713070388883e-05
,,,24,,,,,,,,,,,,,,,,,,,,,,,,,,,,,40449,0.0005839781370013952
,,,24,,,,,,,,,,,,,,,,,,,,,,,,,,,,,40459,0.005271922796964645
,,,24,,,,,,,,,,,,,,,,,,,,,,,,,,,,,40469,0.01142838317900896
,,,24,,,,,,,,,,,,,,,,,,,,,,,,,,,,,40479,0.002962869592010975
,,,24,,,,,,,,,,,,,,,,,,,,,,,,,,,,,40489,0.001097254455089569
,,,24,,,,,,,,,,,,,,,,,,,,,,,,,,,,,40499,0.0030241392087191343
,,,24,,,,,,,,,,,,,,,,,,,,,,,,,,,,,40509,0.0035883113741874695
,,,24,,,,,,,,,,,,,,,,,,,,,,,,,,,,,40519,0.03590960055589676
,,,24,,,,,,,,,,,,,,,,,,,,,,,,,,,,,40529,0.0022133719176054
,,,24,,,,,,,,,,,,,,,,,,,,,,,,,,,,,40539,0.0018377040978521109
,,,24,,,,,,,,,,,,,,,,,,,,,,,,,,,,,40549,0.006755325943231583
,,,24,,,,,,,,,,,,,,,,,,,,,,,,,,,,,40559,0.0014705738285556436
,,,24,,,,,,,,,,,,,,,,,,,,,,,,,,,,,40569,0.006498326547443867
,,,24,,,,,,,,,,,,,,,,,,,,,,,,,,,,,40579,0.0021917771082371473
,,,24,,,,,,,,,,,,,,,,,,,,,,,,,,,,,40589,0.005161618813872337
,,,24,,,,,,,,,,,,,,,,,,,,,,,,,,,,,40599,0.0026083828415721655
,,,24,,,,,,,,,,,,,,,,,,,,,,,,,,,,,40609,0.002613301621749997
,,,24,,,,,,,,,,,,,,,,,,,,,,,,,,,,,40619,0.0031489094253629446
,,,24,,,,,,,,,,,,,,,,,,,,,,,,,,,,,40629,0.003588690422475338
,,,24,,,,,,,,,,,,,,,,,,,,,,,,,,,,,40639,0.0018042491283267736
,,,24,,,,,,,,,,,,,,,,,,,,,,,,,,,,,40649,0.003485162975266576
,,,24,,,,,,,,,,,,,,,,,,,,,,,,,,,,,40659,0.037713147699832916
,,,24,,,,,,,,,,,,,,,,,,,,,,,,,,,,,40669,0.00413502287119627
,,,24,,,,,,,,,,,,,,,,,,,,,,,,,,,,,40679,0.015363426879048347
,,,24,,,,,,,,,,,,,,,,,,,,,,,,,,,,,40689,0.14263759553432465
,,,24,,,,,,,,,,,,,,,,,,,,,,,,,,,,,40699,0.003442387795075774
,,,24,,,,,,,,,,,,,,,,,,,,,,,,,,,,,40709,0.006979010999202728
,,,24,,,,,,,,,,,,,,,,,,,,,,,,,,,,,40719,0.0007903781370259821
,,,24,,,,,,,,,,,,,,,,,,,,,,,,,,,,,40729,0.001921643503010273
,,,24,,,,,,,,,,,,,,,,,,,,,,,,,,,,,40739,0.046499088406562805
,,,24,,,,,,,,,,,,,,,,,,,,,,,,,,,,,40749,0.19599072635173798
,,,24,,,,,,,,,,,,,,,,,,,,,,,,,,,,,40759,0.19030214846134186
,,,24,,,,,,,,,,,,,,,,,,,,,,,,,,,,,40769,0.007241709623485804
,,,24,,,,,,,,,,,,,,,,,,,,,,,,,,,,,40779,0.0019361544400453568
,,,24,,,,,,,,,,,,,,,,,,,,,,,,,,,,,40789,0.002142935758456588
,,,24,,,,,,,,,,,,,,,,,,,,,,,,,,,,,40799,0.14952099323272705
,,,24,,,,,,,,,,,,,,,,,,,,,,,,,,,,,40809,0.07926814258098602
,,,24,,,,,,,,,,,,,,,,,,,,,,,,,,,,,40819,0.0012930883094668388
,,,24,,,,,,,,,,,,,,,,,,,,,,,,,,,,,40829,0.007804871071130037
,,,24,,,,,,,,,,,,,,,,,,,,,,,,,,,,,40839,0.0029906220734119415
,,,24,,,,,,,,,,,,,,,,,,,,,,,,,,,,,40849,0.0022717732936143875
,,,24,,,,,,,,,,,,,,,,,,,,,,,,,,,,,40859,0.011185746639966965
,,,24,,,,,,,,,,,,,,,,,,,,,,,,,,,,,40869,0.15857556462287903
,,,24,,,,,,,,,,,,,,,,,,,,,,,,,,,,,40879,0.002182397525757551
,,,24,,,,,,,,,,,,,,,,,,,,,,,,,,,,,40889,0.000628208857960999
,,,24,,,,,,,,,,,,,,,,,,,,,,,,,,,,,40899,0.004758879076689482
,,,24,,,,,,,,,,,,,,,,,,,,,,,,,,,,,40909,0.07500690966844559
,,,24,,,,,,,,,,,,,,,,,,,,,,,,,,,,,40919,0.08536327630281448
,,,24,,,,,,,,,,,,,,,,,,,,,,,,,,,,,40929,0.001352489460259676
,,,24,,,,,,,,,,,,,,,,,,,,,,,,,,,,,40939,0.011904706247150898
,,,24,,,,,,,,,,,,,,,,,,,,,,,,,,,,,40949,0.000603567692451179
,,,24,,,,,,,,,,,,,,,,,,,,,,,,,,,,,40959,0.0010783304460346699
,,,24,,,,,,,,,,,,,,,,,,,,,,,,,,,,,40969,0.02848568558692932
,,,24,,,,,,,,,,,,,,,,,,,,,,,,,,,,,40979,0.0021859167609363794
,,,24,,,,,,,,,,,,,,,,,,,,,,,,,,,,,40989,0.002655047457665205
,,,24,,,,,,,,,,,,,,,,,,,,,,,,,,,,,40999,0.0037505619693547487
,,,24,,,,,,,,,,,,,,,,,,,,,,,,,,,,,41009,0.0009178907494060695
,,,24,,,,,,,,,,,,,,,,,,,,,,,,,,,,,41019,0.001902711228467524
,,,24,,,,,,,,,,,,,,,,,,,,,,,,,,,,,41029,0.0009575271396897733
,,,24,,,,,,,,,,,,,,,,,,,,,,,,,,,,,41039,0.31082987785339355
,,,24,,,,,,,,,,,,,,,,,,,,,,,,,,,,,41049,0.003068615449592471
,,,24,,,,,,,,,,,,,,,,,,,,,,,,,,,,,41059,0.11679500341415405
,,,24,,,,,,,,,,,,,,,,,,,,,,,,,,,,,41069,0.0008871575118973851
,,,24,,,,,,,,,,,,,,,,,,,,,,,,,,,,,41079,0.001956831431016326
,,,24,,,,,,,,,,,,,,,,,,,,,,,,,,,,,41089,0.008639771491289139
,,,24,,,,,,,,,,,,,,,,,,,,,,,,,,,,,41099,0.0026642668526619673
,,,24,,,,,,,,,,,,,,,,,,,,,,,,,,,,,41109,0.0025750291533768177
,,,24,,,,,,,,,,,,,,,,,,,,,,,,,,,,,41119,0.0031100462656468153
,,,24,,,,,,,,,,,,,,,,,,,,,,,,,,,,,41129,0.0017709223320707679
,,,24,,,,,,,,,,,,,,,,,,,,,,,,,,,,,41139,0.1427277773618698
,,,24,,,,,,,,,,,,,,,,,,,,,,,,,,,,,41149,0.373256117105484
,,,24,,,,,,,,,,,,,,,,,,,,,,,,,,,,,41159,0.0018199870828539133
,,,24,,,,,,,,,,,,,,,,,,,,,,,,,,,,,41169,0.00217357836663723
,,,24,,,,,,,,,,,,,,,,,,,,,,,,,,,,,41179,0.004071570932865143
,,,24,,,,,,,,,,,,,,,,,,,,,,,,,,,,,41189,0.0010831162799149752
,,,24,,,,,,,,,,,,,,,,,,,,,,,,,,,,,41199,0.0018010978819802403
,,,24,,,,,,,,,,,,,,,,,,,,,,,,,,,,,41209,0.0013422371121123433
,,,24,,,,,,,,,,,,,,,,,,,,,,,,,,,,,41219,0.006849604193121195
,,,24,,,,,,,,,,,,,,,,,,,,,,,,,,,,,41229,0.0027665509842336178
,,,24,,,,,,,,,,,,,,,,,,,,,,,,,,,,,41239,0.902481734752655
,,,24,,,,,,,,,,,,,,,,,,,,,,,,,,,,,41249,0.008701100945472717
,,,24,,,,,,,,,,,,,,,,,,,,,,,,,,,,,41259,0.119984932243824
,,,24,,,,,,,,,,,,,,,,,,,,,,,,,,,,,41269,0.022108960896730423
,,,24,,,,,,,,,,,,,,,,,,,,,,,,,,,,,41279,0.0011443396797403693
,,,24,,,,,,,,,,,,,,,,,,,,,,,,,,,,,41289,0.00043434984399937093
,,,24,,,,,,,,,,,,,,,,,,,,,,,,,,,,,41299,0.0014906440628692508
,,,24,,,,,,,,,,,,,,,,,,,,,,,,,,,,,41309,0.002907734364271164
,,,24,,,,,,,,,,,,,,,,,,,,,,,,,,,,,41319,0.002351023256778717
,,,24,,,,,,,,,,,,,,,,,,,,,,,,,,,,,41329,0.0007915188907645643
,,,24,,,,,,,,,,,,,,,,,,,,,,,,,,,,,41339,0.00133037893101573
,,,24,,,,,,,,,,,,,,,,,,,,,,,,,,,,,41349,0.027249285951256752
,,,24,,,,,,,,,,,,,,,,,,,,,,,,,,,,,41359,0.02319171465933323
,,,24,,,,,,,,,,,,,,,,,,,,,,,,,,,,,41369,0.002687363652512431
,,,24,,,,,,,,,,,,,,,,,,,,,,,,,,,,,41379,0.0014329591067507863
,,,24,,,,,,,,,,,,,,,,,,,,,,,,,,,,,41389,0.0007754369871690869
,,,24,,,,,,,,,,,,,,,,,,,,,,,,,,,,,41399,0.003596707945689559
,,,24,,,,,,,,,,,,,,,,,,,,,,,,,,,,,41409,0.07758213579654694
,,,24,,,,,,,,,,,,,,,,,,,,,,,,,,,,,41419,0.002667580498382449
,,,24,,,,,,,,,,,,,,,,,,,,,,,,,,,,,41429,0.004092654213309288
,,,24,,,,,,,,,,,,,,,,,,,,,,,,,,,,,41439,0.007880458608269691
,,,24,,,,,,,,,,,,,,,,,,,,,,,,,,,,,41449,0.10124345868825912
,,,24,,,,,,,,,,,,,,,,,,,,,,,,,,,,,41459,0.05530823394656181
,,,24,,,,,,,,,,,,,,,,,,,,,,,,,,,,,41469,0.0029849931597709656
,,,24,,,,,,,,,,,,,,,,,,,,,,,,,,,,,41479,0.002113198395818472
,,,24,,,,,,,,,,,,,,,,,,,,,,,,,,,,,41489,0.003103055292740464
,,,24,,,,,,,,,,,,,,,,,,,,,,,,,,,,,41499,0.023756559938192368
,,,24,,,,,,,,,,,,,,,,,,,,,,,,,,,,,41509,0.003065040335059166
,,,24,,,,,,,,,,,,,,,,,,,,,,,,,,,,,41519,0.00698060030117631
,,,24,,,,,,,,,,,,,,,,,,,,,,,,,,,,,41529,0.00345902843400836
,,,24,,,,,,,,,,,,,,,,,,,,,,,,,,,,,41539,0.001864665187895298
,,,24,,,,,,,,,,,,,,,,,,,,,,,,,,,,,41549,0.02360996976494789
0.8396143913269043,0.7676281929016113,0.9264990091323853,24,,,,,,,,,,,,,,,,,,,,,,,,,,,,,41549,
