dev_f1,dev_precision,dev_recall,epoch,lr-AdamW/pg1,lr-AdamW/pg10,lr-AdamW/pg11,lr-AdamW/pg12,lr-AdamW/pg13,lr-AdamW/pg14,lr-AdamW/pg15,lr-AdamW/pg16,lr-AdamW/pg17,lr-AdamW/pg18,lr-AdamW/pg19,lr-AdamW/pg2,lr-AdamW/pg20,lr-AdamW/pg21,lr-AdamW/pg22,lr-AdamW/pg23,lr-AdamW/pg24,lr-AdamW/pg25,lr-AdamW/pg26,lr-AdamW/pg27,lr-AdamW/pg28,lr-AdamW/pg3,lr-AdamW/pg4,lr-AdamW/pg5,lr-AdamW/pg6,lr-AdamW/pg7,lr-AdamW/pg8,lr-AdamW/pg9,step,train_loss
,,,,1.1376018126211432e-07,6.372896257812503e-07,9.804455781250004e-07,9.804455781250004e-07,1.5083778125000004e-06,1.5083778125000004e-06,2.3205812500000007e-06,2.3205812500000007e-06,3.570125000000001e-06,3.570125000000001e-06,5.492500000000001e-06,1.1376018126211432e-07,5.492500000000001e-06,8.45e-06,8.45e-06,1.3000000000000003e-05,1.3000000000000003e-05,2e-05,2e-05,2e-05,2e-05,1.7501566348017586e-07,1.7501566348017586e-07,2.6925486689257825e-07,2.6925486689257825e-07,4.142382567578127e-07,4.142382567578127e-07,6.372896257812503e-07,0,
,,,0,,,,,,,,,,,,,,,,,,,,,,,,,,,,,9,6.1571502685546875
,,,0,,,,,,,,,,,,,,,,,,,,,,,,,,,,,19,4.782910346984863
,,,0,,,,,,,,,,,,,,,,,,,,,,,,,,,,,29,4.636420726776123
,,,0,,,,,,,,,,,,,,,,,,,,,,,,,,,,,39,4.101373195648193
,,,0,,,,,,,,,,,,,,,,,,,,,,,,,,,,,49,4.267904281616211
,,,0,,,,,,,,,,,,,,,,,,,,,,,,,,,,,59,4.057037830352783
,,,0,,,,,,,,,,,,,,,,,,,,,,,,,,,,,69,4.72698450088501
,,,0,,,,,,,,,,,,,,,,,,,,,,,,,,,,,79,3.5843610763549805
,,,0,,,,,,,,,,,,,,,,,,,,,,,,,,,,,89,4.136892318725586
,,,0,,,,,,,,,,,,,,,,,,,,,,,,,,,,,99,4.292351722717285
,,,0,,,,,,,,,,,,,,,,,,,,,,,,,,,,,109,5.221304893493652
,,,0,,,,,,,,,,,,,,,,,,,,,,,,,,,,,119,4.039667129516602
,,,0,,,,,,,,,,,,,,,,,,,,,,,,,,,,,129,4.0519938468933105
,,,0,,,,,,,,,,,,,,,,,,,,,,,,,,,,,139,3.930184841156006
,,,0,,,,,,,,,,,,,,,,,,,,,,,,,,,,,149,3.876619338989258
,,,0,,,,,,,,,,,,,,,,,,,,,,,,,,,,,159,3.4892418384552
,,,0,,,,,,,,,,,,,,,,,,,,,,,,,,,,,169,3.754530429840088
,,,0,,,,,,,,,,,,,,,,,,,,,,,,,,,,,179,3.787358045578003
,,,0,,,,,,,,,,,,,,,,,,,,,,,,,,,,,189,3.754312753677368
,,,0,,,,,,,,,,,,,,,,,,,,,,,,,,,,,199,4.499959945678711
,,,0,,,,,,,,,,,,,,,,,,,,,,,,,,,,,209,3.3757553100585938
,,,0,,,,,,,,,,,,,,,,,,,,,,,,,,,,,219,3.878082036972046
,,,0,,,,,,,,,,,,,,,,,,,,,,,,,,,,,229,4.02290678024292
,,,0,,,,,,,,,,,,,,,,,,,,,,,,,,,,,239,3.4097747802734375
,,,0,,,,,,,,,,,,,,,,,,,,,,,,,,,,,249,3.7417376041412354
,,,0,,,,,,,,,,,,,,,,,,,,,,,,,,,,,259,3.126049280166626
,,,0,,,,,,,,,,,,,,,,,,,,,,,,,,,,,269,4.111700534820557
,,,0,,,,,,,,,,,,,,,,,,,,,,,,,,,,,279,3.4881389141082764
,,,0,,,,,,,,,,,,,,,,,,,,,,,,,,,,,289,3.0376760959625244
,,,0,,,,,,,,,,,,,,,,,,,,,,,,,,,,,299,3.1380393505096436
,,,0,,,,,,,,,,,,,,,,,,,,,,,,,,,,,309,3.672405242919922
,,,0,,,,,,,,,,,,,,,,,,,,,,,,,,,,,319,3.1922619342803955
,,,0,,,,,,,,,,,,,,,,,,,,,,,,,,,,,329,3.798257827758789
,,,0,,,,,,,,,,,,,,,,,,,,,,,,,,,,,339,3.6913137435913086
,,,0,,,,,,,,,,,,,,,,,,,,,,,,,,,,,349,3.126492738723755
,,,0,,,,,,,,,,,,,,,,,,,,,,,,,,,,,359,3.1762759685516357
,,,0,,,,,,,,,,,,,,,,,,,,,,,,,,,,,369,3.0774269104003906
,,,0,,,,,,,,,,,,,,,,,,,,,,,,,,,,,379,2.5774857997894287
,,,0,,,,,,,,,,,,,,,,,,,,,,,,,,,,,389,2.7714335918426514
,,,0,,,,,,,,,,,,,,,,,,,,,,,,,,,,,399,3.9333393573760986
,,,0,,,,,,,,,,,,,,,,,,,,,,,,,,,,,409,2.6051278114318848
,,,0,,,,,,,,,,,,,,,,,,,,,,,,,,,,,419,2.59896183013916
,,,0,,,,,,,,,,,,,,,,,,,,,,,,,,,,,429,3.559150218963623
,,,0,,,,,,,,,,,,,,,,,,,,,,,,,,,,,439,2.402956008911133
,,,0,,,,,,,,,,,,,,,,,,,,,,,,,,,,,449,2.6411616802215576
,,,0,,,,,,,,,,,,,,,,,,,,,,,,,,,,,459,3.5885891914367676
,,,0,,,,,,,,,,,,,,,,,,,,,,,,,,,,,469,2.4960386753082275
,,,0,,,,,,,,,,,,,,,,,,,,,,,,,,,,,479,1.9739201068878174
,,,0,,,,,,,,,,,,,,,,,,,,,,,,,,,,,489,2.451547861099243
,,,0,,,,,,,,,,,,,,,,,,,,,,,,,,,,,499,3.0839157104492188
,,,0,,,,,,,,,,,,,,,,,,,,,,,,,,,,,509,3.217702865600586
,,,0,,,,,,,,,,,,,,,,,,,,,,,,,,,,,519,3.421436309814453
,,,0,,,,,,,,,,,,,,,,,,,,,,,,,,,,,529,3.8778038024902344
,,,0,,,,,,,,,,,,,,,,,,,,,,,,,,,,,539,2.816263437271118
,,,0,,,,,,,,,,,,,,,,,,,,,,,,,,,,,549,1.9870117902755737
,,,0,,,,,,,,,,,,,,,,,,,,,,,,,,,,,559,2.3138387203216553
,,,0,,,,,,,,,,,,,,,,,,,,,,,,,,,,,569,2.3053722381591797
,,,0,,,,,,,,,,,,,,,,,,,,,,,,,,,,,579,1.6133079528808594
,,,0,,,,,,,,,,,,,,,,,,,,,,,,,,,,,589,1.9664100408554077
,,,0,,,,,,,,,,,,,,,,,,,,,,,,,,,,,599,1.4700947999954224
,,,0,,,,,,,,,,,,,,,,,,,,,,,,,,,,,609,1.677151083946228
,,,0,,,,,,,,,,,,,,,,,,,,,,,,,,,,,619,1.211427927017212
,,,0,,,,,,,,,,,,,,,,,,,,,,,,,,,,,629,1.8912709951400757
,,,0,,,,,,,,,,,,,,,,,,,,,,,,,,,,,639,2.625337600708008
,,,0,,,,,,,,,,,,,,,,,,,,,,,,,,,,,649,1.7312811613082886
,,,0,,,,,,,,,,,,,,,,,,,,,,,,,,,,,659,3.7655467987060547
,,,0,,,,,,,,,,,,,,,,,,,,,,,,,,,,,669,2.584968328475952
,,,0,,,,,,,,,,,,,,,,,,,,,,,,,,,,,679,2.0256857872009277
,,,0,,,,,,,,,,,,,,,,,,,,,,,,,,,,,689,1.5277273654937744
,,,0,,,,,,,,,,,,,,,,,,,,,,,,,,,,,699,1.3129891157150269
,,,,2.2752036252422864e-07,1.2745792515625007e-06,1.9608911562500008e-06,1.9608911562500008e-06,3.0167556250000008e-06,3.0167556250000008e-06,4.641162500000001e-06,4.641162500000001e-06,7.140250000000002e-06,7.140250000000002e-06,1.0985000000000002e-05,2.2752036252422864e-07,1.0985000000000002e-05,1.69e-05,1.69e-05,2.6000000000000005e-05,2.6000000000000005e-05,4e-05,4e-05,4e-05,4e-05,3.500313269603517e-07,3.500313269603517e-07,5.385097337851565e-07,5.385097337851565e-07,8.284765135156254e-07,8.284765135156254e-07,1.2745792515625007e-06,701,
,,,1,,,,,,,,,,,,,,,,,,,,,,,,,,,,,709,1.478968858718872
,,,1,,,,,,,,,,,,,,,,,,,,,,,,,,,,,719,1.4966075420379639
,,,1,,,,,,,,,,,,,,,,,,,,,,,,,,,,,729,2.5345652103424072
,,,1,,,,,,,,,,,,,,,,,,,,,,,,,,,,,739,1.7967772483825684
,,,1,,,,,,,,,,,,,,,,,,,,,,,,,,,,,749,1.4542182683944702
,,,1,,,,,,,,,,,,,,,,,,,,,,,,,,,,,759,3.003453016281128
,,,1,,,,,,,,,,,,,,,,,,,,,,,,,,,,,769,3.0086004734039307
,,,1,,,,,,,,,,,,,,,,,,,,,,,,,,,,,779,1.872159719467163
,,,1,,,,,,,,,,,,,,,,,,,,,,,,,,,,,789,2.122016429901123
,,,1,,,,,,,,,,,,,,,,,,,,,,,,,,,,,799,1.5479223728179932
,,,1,,,,,,,,,,,,,,,,,,,,,,,,,,,,,809,1.9336516857147217
,,,1,,,,,,,,,,,,,,,,,,,,,,,,,,,,,819,1.0946322679519653
,,,1,,,,,,,,,,,,,,,,,,,,,,,,,,,,,829,2.1080310344696045
,,,1,,,,,,,,,,,,,,,,,,,,,,,,,,,,,839,2.0983569622039795
,,,1,,,,,,,,,,,,,,,,,,,,,,,,,,,,,849,1.7045478820800781
,,,1,,,,,,,,,,,,,,,,,,,,,,,,,,,,,859,0.9933999180793762
,,,1,,,,,,,,,,,,,,,,,,,,,,,,,,,,,869,1.7572479248046875
,,,1,,,,,,,,,,,,,,,,,,,,,,,,,,,,,879,2.7305028438568115
,,,1,,,,,,,,,,,,,,,,,,,,,,,,,,,,,889,2.5180552005767822
,,,1,,,,,,,,,,,,,,,,,,,,,,,,,,,,,899,0.9025231599807739
,,,1,,,,,,,,,,,,,,,,,,,,,,,,,,,,,909,1.9241795539855957
,,,1,,,,,,,,,,,,,,,,,,,,,,,,,,,,,919,1.7740103006362915
,,,1,,,,,,,,,,,,,,,,,,,,,,,,,,,,,929,2.6520638465881348
,,,1,,,,,,,,,,,,,,,,,,,,,,,,,,,,,939,1.3205865621566772
,,,1,,,,,,,,,,,,,,,,,,,,,,,,,,,,,949,2.178048849105835
,,,1,,,,,,,,,,,,,,,,,,,,,,,,,,,,,959,1.4003013372421265
,,,1,,,,,,,,,,,,,,,,,,,,,,,,,,,,,969,1.8131277561187744
,,,1,,,,,,,,,,,,,,,,,,,,,,,,,,,,,979,2.575951337814331
,,,1,,,,,,,,,,,,,,,,,,,,,,,,,,,,,989,2.7564170360565186
,,,1,,,,,,,,,,,,,,,,,,,,,,,,,,,,,999,0.8089661002159119
,,,1,,,,,,,,,,,,,,,,,,,,,,,,,,,,,1009,1.8112306594848633
,,,1,,,,,,,,,,,,,,,,,,,,,,,,,,,,,1019,2.50494384765625
,,,1,,,,,,,,,,,,,,,,,,,,,,,,,,,,,1029,1.1734269857406616
,,,1,,,,,,,,,,,,,,,,,,,,,,,,,,,,,1039,2.1396706104278564
,,,1,,,,,,,,,,,,,,,,,,,,,,,,,,,,,1049,0.8455382585525513
,,,1,,,,,,,,,,,,,,,,,,,,,,,,,,,,,1059,1.8226450681686401
,,,1,,,,,,,,,,,,,,,,,,,,,,,,,,,,,1069,2.9169087409973145
,,,1,,,,,,,,,,,,,,,,,,,,,,,,,,,,,1079,1.6874279975891113
,,,1,,,,,,,,,,,,,,,,,,,,,,,,,,,,,1089,0.5268269181251526
,,,1,,,,,,,,,,,,,,,,,,,,,,,,,,,,,1099,2.2182252407073975
,,,1,,,,,,,,,,,,,,,,,,,,,,,,,,,,,1109,0.9987223744392395
,,,1,,,,,,,,,,,,,,,,,,,,,,,,,,,,,1119,1.2444852590560913
,,,1,,,,,,,,,,,,,,,,,,,,,,,,,,,,,1129,2.28753399848938
,,,1,,,,,,,,,,,,,,,,,,,,,,,,,,,,,1139,1.1266690492630005
,,,1,,,,,,,,,,,,,,,,,,,,,,,,,,,,,1149,0.9569628834724426
,,,1,,,,,,,,,,,,,,,,,,,,,,,,,,,,,1159,1.7750674486160278
,,,1,,,,,,,,,,,,,,,,,,,,,,,,,,,,,1169,1.7854211330413818
,,,1,,,,,,,,,,,,,,,,,,,,,,,,,,,,,1179,1.619649887084961
,,,1,,,,,,,,,,,,,,,,,,,,,,,,,,,,,1189,1.0249723196029663
,,,1,,,,,,,,,,,,,,,,,,,,,,,,,,,,,1199,1.0802191495895386
,,,1,,,,,,,,,,,,,,,,,,,,,,,,,,,,,1209,0.6142544150352478
,,,1,,,,,,,,,,,,,,,,,,,,,,,,,,,,,1219,0.6972208023071289
,,,1,,,,,,,,,,,,,,,,,,,,,,,,,,,,,1229,2.192002534866333
,,,1,,,,,,,,,,,,,,,,,,,,,,,,,,,,,1239,1.3494001626968384
,,,1,,,,,,,,,,,,,,,,,,,,,,,,,,,,,1249,1.2306395769119263
,,,1,,,,,,,,,,,,,,,,,,,,,,,,,,,,,1259,1.644690752029419
,,,1,,,,,,,,,,,,,,,,,,,,,,,,,,,,,1269,1.19448721408844
,,,1,,,,,,,,,,,,,,,,,,,,,,,,,,,,,1279,1.6510175466537476
,,,1,,,,,,,,,,,,,,,,,,,,,,,,,,,,,1289,1.6483039855957031
,,,1,,,,,,,,,,,,,,,,,,,,,,,,,,,,,1299,0.7858395576477051
,,,1,,,,,,,,,,,,,,,,,,,,,,,,,,,,,1309,1.0220171213150024
,,,1,,,,,,,,,,,,,,,,,,,,,,,,,,,,,1319,2.0202388763427734
,,,1,,,,,,,,,,,,,,,,,,,,,,,,,,,,,1329,0.9595186114311218
,,,1,,,,,,,,,,,,,,,,,,,,,,,,,,,,,1339,2.2512359619140625
,,,1,,,,,,,,,,,,,,,,,,,,,,,,,,,,,1349,1.9019427299499512
,,,1,,,,,,,,,,,,,,,,,,,,,,,,,,,,,1359,1.41513991355896
,,,1,,,,,,,,,,,,,,,,,,,,,,,,,,,,,1369,1.6727843284606934
,,,1,,,,,,,,,,,,,,,,,,,,,,,,,,,,,1379,1.5329409837722778
,,,1,,,,,,,,,,,,,,,,,,,,,,,,,,,,,1389,0.4858549237251282
,,,1,,,,,,,,,,,,,,,,,,,,,,,,,,,,,1399,2.109560489654541
,,,,3.4128054378634294e-07,1.911868877343751e-06,2.9413367343750007e-06,2.9413367343750007e-06,4.525133437500001e-06,4.525133437500001e-06,6.961743750000001e-06,6.961743750000001e-06,1.0710375000000002e-05,1.0710375000000002e-05,1.6477500000000003e-05,3.4128054378634294e-07,1.6477500000000003e-05,2.5350000000000003e-05,2.5350000000000003e-05,3.9000000000000006e-05,3.9000000000000006e-05,6e-05,6e-05,6e-05,6e-05,5.250469904405275e-07,5.250469904405275e-07,8.077646006777347e-07,8.077646006777347e-07,1.2427147702734379e-06,1.2427147702734379e-06,1.911868877343751e-06,1402,
,,,2,,,,,,,,,,,,,,,,,,,,,,,,,,,,,1409,1.4286479949951172
,,,2,,,,,,,,,,,,,,,,,,,,,,,,,,,,,1419,1.1921995878219604
,,,2,,,,,,,,,,,,,,,,,,,,,,,,,,,,,1429,1.480517029762268
,,,2,,,,,,,,,,,,,,,,,,,,,,,,,,,,,1439,1.1780370473861694
,,,2,,,,,,,,,,,,,,,,,,,,,,,,,,,,,1449,1.573974609375
,,,2,,,,,,,,,,,,,,,,,,,,,,,,,,,,,1459,1.5758368968963623
,,,2,,,,,,,,,,,,,,,,,,,,,,,,,,,,,1469,1.4775828123092651
,,,2,,,,,,,,,,,,,,,,,,,,,,,,,,,,,1479,2.087975263595581
,,,2,,,,,,,,,,,,,,,,,,,,,,,,,,,,,1489,0.45836958289146423
,,,2,,,,,,,,,,,,,,,,,,,,,,,,,,,,,1499,0.9596697688102722
,,,2,,,,,,,,,,,,,,,,,,,,,,,,,,,,,1509,1.3276447057724
,,,2,,,,,,,,,,,,,,,,,,,,,,,,,,,,,1519,1.0324251651763916
,,,2,,,,,,,,,,,,,,,,,,,,,,,,,,,,,1529,1.3988382816314697
,,,2,,,,,,,,,,,,,,,,,,,,,,,,,,,,,1539,0.652041494846344
,,,2,,,,,,,,,,,,,,,,,,,,,,,,,,,,,1549,1.4869179725646973
,,,2,,,,,,,,,,,,,,,,,,,,,,,,,,,,,1559,1.4892277717590332
,,,2,,,,,,,,,,,,,,,,,,,,,,,,,,,,,1569,1.6076157093048096
,,,2,,,,,,,,,,,,,,,,,,,,,,,,,,,,,1579,1.9294058084487915
,,,2,,,,,,,,,,,,,,,,,,,,,,,,,,,,,1589,1.0457366704940796
,,,2,,,,,,,,,,,,,,,,,,,,,,,,,,,,,1599,0.4485974609851837
,,,2,,,,,,,,,,,,,,,,,,,,,,,,,,,,,1609,7.351162910461426
,,,2,,,,,,,,,,,,,,,,,,,,,,,,,,,,,1619,1.0291006565093994
,,,2,,,,,,,,,,,,,,,,,,,,,,,,,,,,,1629,2.029276132583618
,,,2,,,,,,,,,,,,,,,,,,,,,,,,,,,,,1639,0.8899283409118652
,,,2,,,,,,,,,,,,,,,,,,,,,,,,,,,,,1649,1.2288182973861694
,,,2,,,,,,,,,,,,,,,,,,,,,,,,,,,,,1659,0.9683035016059875
,,,2,,,,,,,,,,,,,,,,,,,,,,,,,,,,,1669,0.9248061180114746
,,,2,,,,,,,,,,,,,,,,,,,,,,,,,,,,,1679,1.92118239402771
,,,2,,,,,,,,,,,,,,,,,,,,,,,,,,,,,1689,1.0299264192581177
,,,2,,,,,,,,,,,,,,,,,,,,,,,,,,,,,1699,2.5713794231414795
,,,2,,,,,,,,,,,,,,,,,,,,,,,,,,,,,1709,1.3523459434509277
,,,2,,,,,,,,,,,,,,,,,,,,,,,,,,,,,1719,1.725592851638794
,,,2,,,,,,,,,,,,,,,,,,,,,,,,,,,,,1729,1.7525444030761719
,,,2,,,,,,,,,,,,,,,,,,,,,,,,,,,,,1739,2.230126142501831
,,,2,,,,,,,,,,,,,,,,,,,,,,,,,,,,,1749,1.7095993757247925
,,,2,,,,,,,,,,,,,,,,,,,,,,,,,,,,,1759,1.128456711769104
,,,2,,,,,,,,,,,,,,,,,,,,,,,,,,,,,1769,1.6156654357910156
,,,2,,,,,,,,,,,,,,,,,,,,,,,,,,,,,1779,0.617832362651825
,,,2,,,,,,,,,,,,,,,,,,,,,,,,,,,,,1789,1.0306596755981445
,,,2,,,,,,,,,,,,,,,,,,,,,,,,,,,,,1799,1.834877610206604
,,,2,,,,,,,,,,,,,,,,,,,,,,,,,,,,,1809,1.7042490243911743
,,,2,,,,,,,,,,,,,,,,,,,,,,,,,,,,,1819,1.0582420825958252
,,,2,,,,,,,,,,,,,,,,,,,,,,,,,,,,,1829,1.602044939994812
,,,2,,,,,,,,,,,,,,,,,,,,,,,,,,,,,1839,1.5362787246704102
,,,2,,,,,,,,,,,,,,,,,,,,,,,,,,,,,1849,1.0993843078613281
,,,2,,,,,,,,,,,,,,,,,,,,,,,,,,,,,1859,1.5776563882827759
,,,2,,,,,,,,,,,,,,,,,,,,,,,,,,,,,1869,0.3653297424316406
,,,2,,,,,,,,,,,,,,,,,,,,,,,,,,,,,1879,1.2871448993682861
,,,2,,,,,,,,,,,,,,,,,,,,,,,,,,,,,1889,1.1474018096923828
,,,2,,,,,,,,,,,,,,,,,,,,,,,,,,,,,1899,1.436370849609375
,,,2,,,,,,,,,,,,,,,,,,,,,,,,,,,,,1909,0.7812688946723938
,,,2,,,,,,,,,,,,,,,,,,,,,,,,,,,,,1919,1.9193419218063354
,,,2,,,,,,,,,,,,,,,,,,,,,,,,,,,,,1929,0.8265184760093689
,,,2,,,,,,,,,,,,,,,,,,,,,,,,,,,,,1939,1.0138332843780518
,,,2,,,,,,,,,,,,,,,,,,,,,,,,,,,,,1949,1.766471266746521
,,,2,,,,,,,,,,,,,,,,,,,,,,,,,,,,,1959,1.138654351234436
,,,2,,,,,,,,,,,,,,,,,,,,,,,,,,,,,1969,1.018373966217041
,,,2,,,,,,,,,,,,,,,,,,,,,,,,,,,,,1979,2.479280471801758
,,,2,,,,,,,,,,,,,,,,,,,,,,,,,,,,,1989,1.447204828262329
,,,2,,,,,,,,,,,,,,,,,,,,,,,,,,,,,1999,1.9220077991485596
,,,2,,,,,,,,,,,,,,,,,,,,,,,,,,,,,2009,2.1303560733795166
,,,2,,,,,,,,,,,,,,,,,,,,,,,,,,,,,2019,0.7473072409629822
,,,2,,,,,,,,,,,,,,,,,,,,,,,,,,,,,2029,1.0644197463989258
,,,2,,,,,,,,,,,,,,,,,,,,,,,,,,,,,2039,1.2846171855926514
,,,2,,,,,,,,,,,,,,,,,,,,,,,,,,,,,2049,1.1660170555114746
,,,2,,,,,,,,,,,,,,,,,,,,,,,,,,,,,2059,0.8112400770187378
,,,2,,,,,,,,,,,,,,,,,,,,,,,,,,,,,2069,1.0725700855255127
,,,2,,,,,,,,,,,,,,,,,,,,,,,,,,,,,2079,1.3095866441726685
,,,2,,,,,,,,,,,,,,,,,,,,,,,,,,,,,2089,1.1944866180419922
,,,2,,,,,,,,,,,,,,,,,,,,,,,,,,,,,2099,0.5764985680580139
,,,,4.550407250484573e-07,2.5491585031250013e-06,3.9217823125000015e-06,3.9217823125000015e-06,6.0335112500000015e-06,6.0335112500000015e-06,9.282325000000003e-06,9.282325000000003e-06,1.4280500000000003e-05,1.4280500000000003e-05,2.1970000000000005e-05,4.550407250484573e-07,2.1970000000000005e-05,3.38e-05,3.38e-05,5.200000000000001e-05,5.200000000000001e-05,8e-05,8e-05,8e-05,8e-05,7.000626539207035e-07,7.000626539207035e-07,1.077019467570313e-06,1.077019467570313e-06,1.6569530270312508e-06,1.6569530270312508e-06,2.5491585031250013e-06,2103,
,,,3,,,,,,,,,,,,,,,,,,,,,,,,,,,,,2109,1.338215947151184
,,,3,,,,,,,,,,,,,,,,,,,,,,,,,,,,,2119,1.0185773372650146
,,,3,,,,,,,,,,,,,,,,,,,,,,,,,,,,,2129,1.5134297609329224
,,,3,,,,,,,,,,,,,,,,,,,,,,,,,,,,,2139,1.9421262741088867
,,,3,,,,,,,,,,,,,,,,,,,,,,,,,,,,,2149,3.220409393310547
,,,3,,,,,,,,,,,,,,,,,,,,,,,,,,,,,2159,1.2428797483444214
,,,3,,,,,,,,,,,,,,,,,,,,,,,,,,,,,2169,2.3239123821258545
,,,3,,,,,,,,,,,,,,,,,,,,,,,,,,,,,2179,0.9048913717269897
,,,3,,,,,,,,,,,,,,,,,,,,,,,,,,,,,2189,0.8983283042907715
,,,3,,,,,,,,,,,,,,,,,,,,,,,,,,,,,2199,1.482951045036316
,,,3,,,,,,,,,,,,,,,,,,,,,,,,,,,,,2209,0.9593955874443054
,,,3,,,,,,,,,,,,,,,,,,,,,,,,,,,,,2219,0.5335294604301453
,,,3,,,,,,,,,,,,,,,,,,,,,,,,,,,,,2229,1.7246829271316528
,,,3,,,,,,,,,,,,,,,,,,,,,,,,,,,,,2239,0.6343812942504883
,,,3,,,,,,,,,,,,,,,,,,,,,,,,,,,,,2249,0.7661634087562561
,,,3,,,,,,,,,,,,,,,,,,,,,,,,,,,,,2259,0.46631717681884766
,,,3,,,,,,,,,,,,,,,,,,,,,,,,,,,,,2269,2.3224802017211914
,,,3,,,,,,,,,,,,,,,,,,,,,,,,,,,,,2279,0.9075772166252136
,,,3,,,,,,,,,,,,,,,,,,,,,,,,,,,,,2289,0.6452022790908813
,,,3,,,,,,,,,,,,,,,,,,,,,,,,,,,,,2299,1.6458171606063843
,,,3,,,,,,,,,,,,,,,,,,,,,,,,,,,,,2309,1.0797876119613647
,,,3,,,,,,,,,,,,,,,,,,,,,,,,,,,,,2319,0.6811415553092957
,,,3,,,,,,,,,,,,,,,,,,,,,,,,,,,,,2329,1.4454212188720703
,,,3,,,,,,,,,,,,,,,,,,,,,,,,,,,,,2339,2.519516944885254
,,,3,,,,,,,,,,,,,,,,,,,,,,,,,,,,,2349,1.1577422618865967
,,,3,,,,,,,,,,,,,,,,,,,,,,,,,,,,,2359,0.8075340986251831
,,,3,,,,,,,,,,,,,,,,,,,,,,,,,,,,,2369,0.8628839254379272
,,,3,,,,,,,,,,,,,,,,,,,,,,,,,,,,,2379,0.958780825138092
,,,3,,,,,,,,,,,,,,,,,,,,,,,,,,,,,2389,0.7339988946914673
,,,3,,,,,,,,,,,,,,,,,,,,,,,,,,,,,2399,0.6242725253105164
,,,3,,,,,,,,,,,,,,,,,,,,,,,,,,,,,2409,1.2722954750061035
,,,3,,,,,,,,,,,,,,,,,,,,,,,,,,,,,2419,1.6292792558670044
,,,3,,,,,,,,,,,,,,,,,,,,,,,,,,,,,2429,0.6729764938354492
,,,3,,,,,,,,,,,,,,,,,,,,,,,,,,,,,2439,1.6012264490127563
,,,3,,,,,,,,,,,,,,,,,,,,,,,,,,,,,2449,1.2026526927947998
,,,3,,,,,,,,,,,,,,,,,,,,,,,,,,,,,2459,1.710160255432129
,,,3,,,,,,,,,,,,,,,,,,,,,,,,,,,,,2469,0.9915258288383484
,,,3,,,,,,,,,,,,,,,,,,,,,,,,,,,,,2479,1.1931580305099487
,,,3,,,,,,,,,,,,,,,,,,,,,,,,,,,,,2489,0.8393712639808655
,,,3,,,,,,,,,,,,,,,,,,,,,,,,,,,,,2499,2.242595911026001
,,,3,,,,,,,,,,,,,,,,,,,,,,,,,,,,,2509,1.4515634775161743
,,,3,,,,,,,,,,,,,,,,,,,,,,,,,,,,,2519,0.861737072467804
,,,3,,,,,,,,,,,,,,,,,,,,,,,,,,,,,2529,1.2139533758163452
,,,3,,,,,,,,,,,,,,,,,,,,,,,,,,,,,2539,1.9916317462921143
,,,3,,,,,,,,,,,,,,,,,,,,,,,,,,,,,2549,1.3588149547576904
,,,3,,,,,,,,,,,,,,,,,,,,,,,,,,,,,2559,1.4883413314819336
,,,3,,,,,,,,,,,,,,,,,,,,,,,,,,,,,2569,0.672264575958252
,,,3,,,,,,,,,,,,,,,,,,,,,,,,,,,,,2579,0.5991856455802917
,,,3,,,,,,,,,,,,,,,,,,,,,,,,,,,,,2589,0.8095066547393799
,,,3,,,,,,,,,,,,,,,,,,,,,,,,,,,,,2599,1.2105209827423096
,,,3,,,,,,,,,,,,,,,,,,,,,,,,,,,,,2609,0.9663412570953369
,,,3,,,,,,,,,,,,,,,,,,,,,,,,,,,,,2619,0.7224022746086121
,,,3,,,,,,,,,,,,,,,,,,,,,,,,,,,,,2629,0.4643864631652832
,,,3,,,,,,,,,,,,,,,,,,,,,,,,,,,,,2639,0.6109304428100586
,,,3,,,,,,,,,,,,,,,,,,,,,,,,,,,,,2649,0.5557164549827576
,,,3,,,,,,,,,,,,,,,,,,,,,,,,,,,,,2659,0.7040240168571472
,,,3,,,,,,,,,,,,,,,,,,,,,,,,,,,,,2669,1.333270788192749
,,,3,,,,,,,,,,,,,,,,,,,,,,,,,,,,,2679,0.8747260570526123
,,,3,,,,,,,,,,,,,,,,,,,,,,,,,,,,,2689,1.2783159017562866
,,,3,,,,,,,,,,,,,,,,,,,,,,,,,,,,,2699,1.3354125022888184
,,,3,,,,,,,,,,,,,,,,,,,,,,,,,,,,,2709,1.4905815124511719
,,,3,,,,,,,,,,,,,,,,,,,,,,,,,,,,,2719,1.193003535270691
,,,3,,,,,,,,,,,,,,,,,,,,,,,,,,,,,2729,0.41693440079689026
,,,3,,,,,,,,,,,,,,,,,,,,,,,,,,,,,2739,0.42985162138938904
,,,3,,,,,,,,,,,,,,,,,,,,,,,,,,,,,2749,1.0124238729476929
,,,3,,,,,,,,,,,,,,,,,,,,,,,,,,,,,2759,1.8050546646118164
,,,3,,,,,,,,,,,,,,,,,,,,,,,,,,,,,2769,0.7797321677207947
,,,3,,,,,,,,,,,,,,,,,,,,,,,,,,,,,2779,1.100436806678772
,,,3,,,,,,,,,,,,,,,,,,,,,,,,,,,,,2789,0.7170218229293823
,,,3,,,,,,,,,,,,,,,,,,,,,,,,,,,,,2799,1.2889645099639893
,,,,5.688009063105716e-07,3.1864481289062513e-06,4.9022278906250015e-06,4.9022278906250015e-06,7.541889062500002e-06,7.541889062500002e-06,1.1602906250000002e-05,1.1602906250000002e-05,1.7850625000000003e-05,1.7850625000000003e-05,2.7462500000000003e-05,5.688009063105716e-07,2.7462500000000003e-05,4.2250000000000004e-05,4.2250000000000004e-05,6.500000000000001e-05,6.500000000000001e-05,0.0001,0.0001,0.0001,0.0001,8.750783174008792e-07,8.750783174008792e-07,1.3462743344628912e-06,1.3462743344628912e-06,2.0711912837890633e-06,2.0711912837890633e-06,3.1864481289062513e-06,2804,
,,,4,,,,,,,,,,,,,,,,,,,,,,,,,,,,,2809,1.3362964391708374
,,,4,,,,,,,,,,,,,,,,,,,,,,,,,,,,,2819,0.7924786806106567
,,,4,,,,,,,,,,,,,,,,,,,,,,,,,,,,,2829,0.48363715410232544
,,,4,,,,,,,,,,,,,,,,,,,,,,,,,,,,,2839,1.365267276763916
,,,4,,,,,,,,,,,,,,,,,,,,,,,,,,,,,2849,0.376406192779541
,,,4,,,,,,,,,,,,,,,,,,,,,,,,,,,,,2859,1.8886481523513794
,,,4,,,,,,,,,,,,,,,,,,,,,,,,,,,,,2869,0.679343581199646
,,,4,,,,,,,,,,,,,,,,,,,,,,,,,,,,,2879,0.8129180073738098
,,,4,,,,,,,,,,,,,,,,,,,,,,,,,,,,,2889,2.1798689365386963
,,,4,,,,,,,,,,,,,,,,,,,,,,,,,,,,,2899,1.6427141427993774
,,,4,,,,,,,,,,,,,,,,,,,,,,,,,,,,,2909,1.03435480594635
,,,4,,,,,,,,,,,,,,,,,,,,,,,,,,,,,2919,1.021911859512329
,,,4,,,,,,,,,,,,,,,,,,,,,,,,,,,,,2929,1.801755428314209
,,,4,,,,,,,,,,,,,,,,,,,,,,,,,,,,,2939,1.450020670890808
,,,4,,,,,,,,,,,,,,,,,,,,,,,,,,,,,2949,2.1692874431610107
,,,4,,,,,,,,,,,,,,,,,,,,,,,,,,,,,2959,1.2588225603103638
,,,4,,,,,,,,,,,,,,,,,,,,,,,,,,,,,2969,1.2726588249206543
,,,4,,,,,,,,,,,,,,,,,,,,,,,,,,,,,2979,1.0953019857406616
,,,4,,,,,,,,,,,,,,,,,,,,,,,,,,,,,2989,0.7807453870773315
,,,4,,,,,,,,,,,,,,,,,,,,,,,,,,,,,2999,0.20438392460346222
,,,4,,,,,,,,,,,,,,,,,,,,,,,,,,,,,3009,0.484322190284729
,,,4,,,,,,,,,,,,,,,,,,,,,,,,,,,,,3019,1.417992115020752
,,,4,,,,,,,,,,,,,,,,,,,,,,,,,,,,,3029,0.7097223997116089
,,,4,,,,,,,,,,,,,,,,,,,,,,,,,,,,,3039,2.364617347717285
,,,4,,,,,,,,,,,,,,,,,,,,,,,,,,,,,3049,0.8363035321235657
,,,4,,,,,,,,,,,,,,,,,,,,,,,,,,,,,3059,1.2667473554611206
,,,4,,,,,,,,,,,,,,,,,,,,,,,,,,,,,3069,1.2331665754318237
,,,4,,,,,,,,,,,,,,,,,,,,,,,,,,,,,3079,0.7205864787101746
,,,4,,,,,,,,,,,,,,,,,,,,,,,,,,,,,3089,0.9474342465400696
,,,4,,,,,,,,,,,,,,,,,,,,,,,,,,,,,3099,0.9263316988945007
,,,4,,,,,,,,,,,,,,,,,,,,,,,,,,,,,3109,0.8049745559692383
,,,4,,,,,,,,,,,,,,,,,,,,,,,,,,,,,3119,0.5305938720703125
,,,4,,,,,,,,,,,,,,,,,,,,,,,,,,,,,3129,0.36545372009277344
,,,4,,,,,,,,,,,,,,,,,,,,,,,,,,,,,3139,0.8047170639038086
,,,4,,,,,,,,,,,,,,,,,,,,,,,,,,,,,3149,1.509285807609558
,,,4,,,,,,,,,,,,,,,,,,,,,,,,,,,,,3159,0.8176360726356506
,,,4,,,,,,,,,,,,,,,,,,,,,,,,,,,,,3169,1.0083445310592651
,,,4,,,,,,,,,,,,,,,,,,,,,,,,,,,,,3179,0.3719572126865387
,,,4,,,,,,,,,,,,,,,,,,,,,,,,,,,,,3189,1.1753060817718506
,,,4,,,,,,,,,,,,,,,,,,,,,,,,,,,,,3199,0.4564734399318695
,,,4,,,,,,,,,,,,,,,,,,,,,,,,,,,,,3209,1.8287125825881958
,,,4,,,,,,,,,,,,,,,,,,,,,,,,,,,,,3219,0.7281621694564819
,,,4,,,,,,,,,,,,,,,,,,,,,,,,,,,,,3229,0.5932073593139648
,,,4,,,,,,,,,,,,,,,,,,,,,,,,,,,,,3239,3.894458055496216
,,,4,,,,,,,,,,,,,,,,,,,,,,,,,,,,,3249,0.9023345112800598
,,,4,,,,,,,,,,,,,,,,,,,,,,,,,,,,,3259,0.2356805056333542
,,,4,,,,,,,,,,,,,,,,,,,,,,,,,,,,,3269,1.594341516494751
,,,4,,,,,,,,,,,,,,,,,,,,,,,,,,,,,3279,1.2074856758117676
,,,4,,,,,,,,,,,,,,,,,,,,,,,,,,,,,3289,1.8930658102035522
,,,4,,,,,,,,,,,,,,,,,,,,,,,,,,,,,3299,1.2875237464904785
,,,4,,,,,,,,,,,,,,,,,,,,,,,,,,,,,3309,0.8340338468551636
,,,4,,,,,,,,,,,,,,,,,,,,,,,,,,,,,3319,0.48888111114501953
,,,4,,,,,,,,,,,,,,,,,,,,,,,,,,,,,3329,0.468679815530777
,,,4,,,,,,,,,,,,,,,,,,,,,,,,,,,,,3339,0.580480694770813
,,,4,,,,,,,,,,,,,,,,,,,,,,,,,,,,,3349,1.4695502519607544
,,,4,,,,,,,,,,,,,,,,,,,,,,,,,,,,,3359,0.5208380818367004
,,,4,,,,,,,,,,,,,,,,,,,,,,,,,,,,,3369,1.1856770515441895
,,,4,,,,,,,,,,,,,,,,,,,,,,,,,,,,,3379,0.687253475189209
,,,4,,,,,,,,,,,,,,,,,,,,,,,,,,,,,3389,1.0453537702560425
,,,4,,,,,,,,,,,,,,,,,,,,,,,,,,,,,3399,0.5395042896270752
,,,4,,,,,,,,,,,,,,,,,,,,,,,,,,,,,3409,0.7678072452545166
,,,4,,,,,,,,,,,,,,,,,,,,,,,,,,,,,3419,0.7291456460952759
,,,4,,,,,,,,,,,,,,,,,,,,,,,,,,,,,3429,0.37944725155830383
,,,4,,,,,,,,,,,,,,,,,,,,,,,,,,,,,3439,0.5685362219810486
,,,4,,,,,,,,,,,,,,,,,,,,,,,,,,,,,3449,0.5811620950698853
,,,4,,,,,,,,,,,,,,,,,,,,,,,,,,,,,3459,1.7127926349639893
,,,4,,,,,,,,,,,,,,,,,,,,,,,,,,,,,3469,0.33199241757392883
,,,4,,,,,,,,,,,,,,,,,,,,,,,,,,,,,3479,0.33343401551246643
,,,4,,,,,,,,,,,,,,,,,,,,,,,,,,,,,3489,2.266232490539551
,,,4,,,,,,,,,,,,,,,,,,,,,,,,,,,,,3499,1.2111448049545288
0.6721991896629333,0.7248322367668152,0.6266924738883972,4,,,,,,,,,,,,,,,,,,,,,,,,,,,,,3504,
,,,,5.688009063105716e-07,3.1864481289062513e-06,4.9022278906250015e-06,4.9022278906250015e-06,7.541889062500002e-06,7.541889062500002e-06,1.1602906250000002e-05,1.1602906250000002e-05,1.7850625000000003e-05,1.7850625000000003e-05,2.7462500000000003e-05,5.688009063105716e-07,2.7462500000000003e-05,4.2250000000000004e-05,4.2250000000000004e-05,6.500000000000001e-05,6.500000000000001e-05,0.0001,0.0001,0.0001,0.0001,8.750783174008792e-07,8.750783174008792e-07,1.3462743344628912e-06,1.3462743344628912e-06,2.0711912837890633e-06,2.0711912837890633e-06,3.1864481289062513e-06,3505,
,,,5,,,,,,,,,,,,,,,,,,,,,,,,,,,,,3509,1.1782026290893555
,,,5,,,,,,,,,,,,,,,,,,,,,,,,,,,,,3519,0.7636455297470093
,,,5,,,,,,,,,,,,,,,,,,,,,,,,,,,,,3529,1.6758677959442139
,,,5,,,,,,,,,,,,,,,,,,,,,,,,,,,,,3539,1.6675336360931396
,,,5,,,,,,,,,,,,,,,,,,,,,,,,,,,,,3549,1.2393723726272583
,,,5,,,,,,,,,,,,,,,,,,,,,,,,,,,,,3559,0.44298338890075684
,,,5,,,,,,,,,,,,,,,,,,,,,,,,,,,,,3569,0.6848455667495728
,,,5,,,,,,,,,,,,,,,,,,,,,,,,,,,,,3579,0.9198136329650879
,,,5,,,,,,,,,,,,,,,,,,,,,,,,,,,,,3589,0.3476862907409668
,,,5,,,,,,,,,,,,,,,,,,,,,,,,,,,,,3599,0.24493223428726196
,,,5,,,,,,,,,,,,,,,,,,,,,,,,,,,,,3609,1.6736640930175781
,,,5,,,,,,,,,,,,,,,,,,,,,,,,,,,,,3619,1.4815798997879028
,,,5,,,,,,,,,,,,,,,,,,,,,,,,,,,,,3629,0.7792013883590698
,,,5,,,,,,,,,,,,,,,,,,,,,,,,,,,,,3639,0.7416660785675049
,,,5,,,,,,,,,,,,,,,,,,,,,,,,,,,,,3649,1.0389620065689087
,,,5,,,,,,,,,,,,,,,,,,,,,,,,,,,,,3659,0.4543892741203308
,,,5,,,,,,,,,,,,,,,,,,,,,,,,,,,,,3669,0.8015372157096863
,,,5,,,,,,,,,,,,,,,,,,,,,,,,,,,,,3679,1.151634693145752
,,,5,,,,,,,,,,,,,,,,,,,,,,,,,,,,,3689,1.1772364377975464
,,,5,,,,,,,,,,,,,,,,,,,,,,,,,,,,,3699,0.7108100056648254
,,,5,,,,,,,,,,,,,,,,,,,,,,,,,,,,,3709,1.4593679904937744
,,,5,,,,,,,,,,,,,,,,,,,,,,,,,,,,,3719,1.1281651258468628
,,,5,,,,,,,,,,,,,,,,,,,,,,,,,,,,,3729,0.9715795516967773
,,,5,,,,,,,,,,,,,,,,,,,,,,,,,,,,,3739,1.795538067817688
,,,5,,,,,,,,,,,,,,,,,,,,,,,,,,,,,3749,0.5373206734657288
,,,5,,,,,,,,,,,,,,,,,,,,,,,,,,,,,3759,0.6453560590744019
,,,5,,,,,,,,,,,,,,,,,,,,,,,,,,,,,3769,1.733941674232483
,,,5,,,,,,,,,,,,,,,,,,,,,,,,,,,,,3779,0.21938441693782806
,,,5,,,,,,,,,,,,,,,,,,,,,,,,,,,,,3789,1.5717045068740845
,,,5,,,,,,,,,,,,,,,,,,,,,,,,,,,,,3799,0.8389021754264832
,,,5,,,,,,,,,,,,,,,,,,,,,,,,,,,,,3809,0.3936886787414551
,,,5,,,,,,,,,,,,,,,,,,,,,,,,,,,,,3819,0.8447411060333252
,,,5,,,,,,,,,,,,,,,,,,,,,,,,,,,,,3829,0.5472908616065979
,,,5,,,,,,,,,,,,,,,,,,,,,,,,,,,,,3839,0.9483721256256104
,,,5,,,,,,,,,,,,,,,,,,,,,,,,,,,,,3849,0.4188872277736664
,,,5,,,,,,,,,,,,,,,,,,,,,,,,,,,,,3859,0.6160550713539124
,,,5,,,,,,,,,,,,,,,,,,,,,,,,,,,,,3869,0.8684346079826355
,,,5,,,,,,,,,,,,,,,,,,,,,,,,,,,,,3879,0.8063954710960388
,,,5,,,,,,,,,,,,,,,,,,,,,,,,,,,,,3889,2.048367977142334
,,,5,,,,,,,,,,,,,,,,,,,,,,,,,,,,,3899,1.3283886909484863
,,,5,,,,,,,,,,,,,,,,,,,,,,,,,,,,,3909,0.8564461469650269
,,,5,,,,,,,,,,,,,,,,,,,,,,,,,,,,,3919,1.4296720027923584
,,,5,,,,,,,,,,,,,,,,,,,,,,,,,,,,,3929,0.7574223875999451
,,,5,,,,,,,,,,,,,,,,,,,,,,,,,,,,,3939,0.40323129296302795
,,,5,,,,,,,,,,,,,,,,,,,,,,,,,,,,,3949,0.8959163427352905
,,,5,,,,,,,,,,,,,,,,,,,,,,,,,,,,,3959,1.0776517391204834
,,,5,,,,,,,,,,,,,,,,,,,,,,,,,,,,,3969,1.3220188617706299
,,,5,,,,,,,,,,,,,,,,,,,,,,,,,,,,,3979,1.1602338552474976
,,,5,,,,,,,,,,,,,,,,,,,,,,,,,,,,,3989,0.9612530469894409
,,,5,,,,,,,,,,,,,,,,,,,,,,,,,,,,,3999,1.062464714050293
,,,5,,,,,,,,,,,,,,,,,,,,,,,,,,,,,4009,1.951446533203125
,,,5,,,,,,,,,,,,,,,,,,,,,,,,,,,,,4019,1.8418892621994019
,,,5,,,,,,,,,,,,,,,,,,,,,,,,,,,,,4029,2.6549243927001953
,,,5,,,,,,,,,,,,,,,,,,,,,,,,,,,,,4039,1.5683571100234985
,,,5,,,,,,,,,,,,,,,,,,,,,,,,,,,,,4049,0.5889775156974792
,,,5,,,,,,,,,,,,,,,,,,,,,,,,,,,,,4059,2.0690619945526123
,,,5,,,,,,,,,,,,,,,,,,,,,,,,,,,,,4069,1.6155120134353638
,,,5,,,,,,,,,,,,,,,,,,,,,,,,,,,,,4079,0.3619270324707031
,,,5,,,,,,,,,,,,,,,,,,,,,,,,,,,,,4089,0.9068649411201477
,,,5,,,,,,,,,,,,,,,,,,,,,,,,,,,,,4099,0.6962719559669495
,,,5,,,,,,,,,,,,,,,,,,,,,,,,,,,,,4109,0.7390740513801575
,,,5,,,,,,,,,,,,,,,,,,,,,,,,,,,,,4119,1.6629810333251953
,,,5,,,,,,,,,,,,,,,,,,,,,,,,,,,,,4129,0.867484986782074
,,,5,,,,,,,,,,,,,,,,,,,,,,,,,,,,,4139,0.5960816144943237
,,,5,,,,,,,,,,,,,,,,,,,,,,,,,,,,,4149,0.9233691692352295
,,,5,,,,,,,,,,,,,,,,,,,,,,,,,,,,,4159,1.227388620376587
,,,5,,,,,,,,,,,,,,,,,,,,,,,,,,,,,4169,0.43001458048820496
,,,5,,,,,,,,,,,,,,,,,,,,,,,,,,,,,4179,1.06484055519104
,,,5,,,,,,,,,,,,,,,,,,,,,,,,,,,,,4189,1.1223931312561035
,,,5,,,,,,,,,,,,,,,,,,,,,,,,,,,,,4199,0.7883409857749939
,,,,5.68108121100602e-07,3.182567115160405e-06,4.896257100246776e-06,4.896257100246776e-06,7.532703231148886e-06,7.532703231148886e-06,1.1588774201767516e-05,1.1588774201767516e-05,1.782888338733464e-05,1.782888338733464e-05,2.7429051365130215e-05,5.68108121100602e-07,2.7429051365130215e-05,4.219854056173879e-05,4.219854056173879e-05,6.492083163344429e-05,6.492083163344429e-05,9.987820251299122e-05,9.987820251299122e-05,9.987820251299122e-05,9.987820251299122e-05,8.740124940009261e-07,8.740124940009261e-07,1.344634606155271e-06,1.344634606155271e-06,2.068668624854263e-06,2.068668624854263e-06,3.182567115160405e-06,4206,
,,,6,,,,,,,,,,,,,,,,,,,,,,,,,,,,,4209,0.712967038154602
,,,6,,,,,,,,,,,,,,,,,,,,,,,,,,,,,4219,0.8137503266334534
,,,6,,,,,,,,,,,,,,,,,,,,,,,,,,,,,4229,0.2698127329349518
,,,6,,,,,,,,,,,,,,,,,,,,,,,,,,,,,4239,0.30798742175102234
,,,6,,,,,,,,,,,,,,,,,,,,,,,,,,,,,4249,0.6794822216033936
,,,6,,,,,,,,,,,,,,,,,,,,,,,,,,,,,4259,0.3407493233680725
,,,6,,,,,,,,,,,,,,,,,,,,,,,,,,,,,4269,1.0088908672332764
,,,6,,,,,,,,,,,,,,,,,,,,,,,,,,,,,4279,0.5551638603210449
,,,6,,,,,,,,,,,,,,,,,,,,,,,,,,,,,4289,0.18426144123077393
,,,6,,,,,,,,,,,,,,,,,,,,,,,,,,,,,4299,0.29291611909866333
,,,6,,,,,,,,,,,,,,,,,,,,,,,,,,,,,4309,0.6800106763839722
,,,6,,,,,,,,,,,,,,,,,,,,,,,,,,,,,4319,0.6970114707946777
,,,6,,,,,,,,,,,,,,,,,,,,,,,,,,,,,4329,2.3304009437561035
,,,6,,,,,,,,,,,,,,,,,,,,,,,,,,,,,4339,0.6064481139183044
,,,6,,,,,,,,,,,,,,,,,,,,,,,,,,,,,4349,0.7342451214790344
,,,6,,,,,,,,,,,,,,,,,,,,,,,,,,,,,4359,1.1089833974838257
,,,6,,,,,,,,,,,,,,,,,,,,,,,,,,,,,4369,0.40658530592918396
,,,6,,,,,,,,,,,,,,,,,,,,,,,,,,,,,4379,0.16706086695194244
,,,6,,,,,,,,,,,,,,,,,,,,,,,,,,,,,4389,0.3076188564300537
,,,6,,,,,,,,,,,,,,,,,,,,,,,,,,,,,4399,1.1614179611206055
,,,6,,,,,,,,,,,,,,,,,,,,,,,,,,,,,4409,0.8813612461090088
,,,6,,,,,,,,,,,,,,,,,,,,,,,,,,,,,4419,0.6720210909843445
,,,6,,,,,,,,,,,,,,,,,,,,,,,,,,,,,4429,0.6675102114677429
,,,6,,,,,,,,,,,,,,,,,,,,,,,,,,,,,4439,1.048728108406067
,,,6,,,,,,,,,,,,,,,,,,,,,,,,,,,,,4449,0.6420044302940369
,,,6,,,,,,,,,,,,,,,,,,,,,,,,,,,,,4459,0.4989739656448364
,,,6,,,,,,,,,,,,,,,,,,,,,,,,,,,,,4469,0.6356891989707947
,,,6,,,,,,,,,,,,,,,,,,,,,,,,,,,,,4479,0.8241222500801086
,,,6,,,,,,,,,,,,,,,,,,,,,,,,,,,,,4489,0.3361351788043976
,,,6,,,,,,,,,,,,,,,,,,,,,,,,,,,,,4499,0.7553970813751221
,,,6,,,,,,,,,,,,,,,,,,,,,,,,,,,,,4509,2.3168694972991943
,,,6,,,,,,,,,,,,,,,,,,,,,,,,,,,,,4519,0.7373394966125488
,,,6,,,,,,,,,,,,,,,,,,,,,,,,,,,,,4529,0.38631319999694824
,,,6,,,,,,,,,,,,,,,,,,,,,,,,,,,,,4539,0.5578882098197937
,,,6,,,,,,,,,,,,,,,,,,,,,,,,,,,,,4549,0.4872829020023346
,,,6,,,,,,,,,,,,,,,,,,,,,,,,,,,,,4559,0.6445339918136597
,,,6,,,,,,,,,,,,,,,,,,,,,,,,,,,,,4569,1.316420078277588
,,,6,,,,,,,,,,,,,,,,,,,,,,,,,,,,,4579,1.7131608724594116
,,,6,,,,,,,,,,,,,,,,,,,,,,,,,,,,,4589,0.16945604979991913
,,,6,,,,,,,,,,,,,,,,,,,,,,,,,,,,,4599,1.4024266004562378
,,,6,,,,,,,,,,,,,,,,,,,,,,,,,,,,,4609,0.16199445724487305
,,,6,,,,,,,,,,,,,,,,,,,,,,,,,,,,,4619,0.8599973917007446
,,,6,,,,,,,,,,,,,,,,,,,,,,,,,,,,,4629,1.3940705060958862
,,,6,,,,,,,,,,,,,,,,,,,,,,,,,,,,,4639,0.6883757710456848
,,,6,,,,,,,,,,,,,,,,,,,,,,,,,,,,,4649,1.386411428451538
,,,6,,,,,,,,,,,,,,,,,,,,,,,,,,,,,4659,1.5056778192520142
,,,6,,,,,,,,,,,,,,,,,,,,,,,,,,,,,4669,0.34790870547294617
,,,6,,,,,,,,,,,,,,,,,,,,,,,,,,,,,4679,0.25239890813827515
,,,6,,,,,,,,,,,,,,,,,,,,,,,,,,,,,4689,1.2610278129577637
,,,6,,,,,,,,,,,,,,,,,,,,,,,,,,,,,4699,0.5083043575286865
,,,6,,,,,,,,,,,,,,,,,,,,,,,,,,,,,4709,0.6701491475105286
,,,6,,,,,,,,,,,,,,,,,,,,,,,,,,,,,4719,0.7679271697998047
,,,6,,,,,,,,,,,,,,,,,,,,,,,,,,,,,4729,0.5743265151977539
,,,6,,,,,,,,,,,,,,,,,,,,,,,,,,,,,4739,0.3789327144622803
,,,6,,,,,,,,,,,,,,,,,,,,,,,,,,,,,4749,2.175729274749756
,,,6,,,,,,,,,,,,,,,,,,,,,,,,,,,,,4759,0.7033857703208923
,,,6,,,,,,,,,,,,,,,,,,,,,,,,,,,,,4769,0.1806228756904602
,,,6,,,,,,,,,,,,,,,,,,,,,,,,,,,,,4779,0.38656938076019287
,,,6,,,,,,,,,,,,,,,,,,,,,,,,,,,,,4789,0.6303070783615112
,,,6,,,,,,,,,,,,,,,,,,,,,,,,,,,,,4799,0.901064932346344
,,,6,,,,,,,,,,,,,,,,,,,,,,,,,,,,,4809,1.970300316810608
,,,6,,,,,,,,,,,,,,,,,,,,,,,,,,,,,4819,0.46709102392196655
,,,6,,,,,,,,,,,,,,,,,,,,,,,,,,,,,4829,0.43753400444984436
,,,6,,,,,,,,,,,,,,,,,,,,,,,,,,,,,4839,1.21354079246521
,,,6,,,,,,,,,,,,,,,,,,,,,,,,,,,,,4849,0.3979516625404358
,,,6,,,,,,,,,,,,,,,,,,,,,,,,,,,,,4859,0.9861992597579956
,,,6,,,,,,,,,,,,,,,,,,,,,,,,,,,,,4869,2.058891534805298
,,,6,,,,,,,,,,,,,,,,,,,,,,,,,,,,,4879,2.2769103050231934
,,,6,,,,,,,,,,,,,,,,,,,,,,,,,,,,,4889,0.5412666201591492
,,,6,,,,,,,,,,,,,,,,,,,,,,,,,,,,,4899,0.4567585587501526
,,,,5.660331406505981e-07,3.1709429818317177e-06,4.878373818202642e-06,4.878373818202642e-06,7.505190489542526e-06,7.505190489542526e-06,1.15464469069885e-05,1.15464469069885e-05,1.7763764472290002e-05,1.7763764472290002e-05,2.732886841890769e-05,5.660331406505981e-07,2.732886841890769e-05,4.204441295216568e-05,4.204441295216568e-05,6.468371223410105e-05,6.468371223410105e-05,9.951340343707852e-05,9.951340343707852e-05,9.951340343707852e-05,9.951340343707852e-05,8.708202163855354e-07,8.708202163855354e-07,1.3397234098239006e-06,1.3397234098239006e-06,2.0611129381906165e-06,2.0611129381906165e-06,3.1709429818317177e-06,4907,
,,,7,,,,,,,,,,,,,,,,,,,,,,,,,,,,,4909,1.3940047025680542
,,,7,,,,,,,,,,,,,,,,,,,,,,,,,,,,,4919,0.3074585795402527
,,,7,,,,,,,,,,,,,,,,,,,,,,,,,,,,,4929,0.5829511880874634
,,,7,,,,,,,,,,,,,,,,,,,,,,,,,,,,,4939,0.6189572215080261
,,,7,,,,,,,,,,,,,,,,,,,,,,,,,,,,,4949,1.0889900922775269
,,,7,,,,,,,,,,,,,,,,,,,,,,,,,,,,,4959,0.8854374885559082
,,,7,,,,,,,,,,,,,,,,,,,,,,,,,,,,,4969,0.28980326652526855
,,,7,,,,,,,,,,,,,,,,,,,,,,,,,,,,,4979,0.5511573553085327
,,,7,,,,,,,,,,,,,,,,,,,,,,,,,,,,,4989,0.47373083233833313
,,,7,,,,,,,,,,,,,,,,,,,,,,,,,,,,,4999,1.6859229803085327
,,,7,,,,,,,,,,,,,,,,,,,,,,,,,,,,,5009,0.4745224416255951
,,,7,,,,,,,,,,,,,,,,,,,,,,,,,,,,,5019,1.8712730407714844
,,,7,,,,,,,,,,,,,,,,,,,,,,,,,,,,,5029,0.4509236812591553
,,,7,,,,,,,,,,,,,,,,,,,,,,,,,,,,,5039,0.44237279891967773
,,,7,,,,,,,,,,,,,,,,,,,,,,,,,,,,,5049,0.36093980073928833
,,,7,,,,,,,,,,,,,,,,,,,,,,,,,,,,,5059,1.4666025638580322
,,,7,,,,,,,,,,,,,,,,,,,,,,,,,,,,,5069,0.9451295733451843
,,,7,,,,,,,,,,,,,,,,,,,,,,,,,,,,,5079,0.9304560422897339
,,,7,,,,,,,,,,,,,,,,,,,,,,,,,,,,,5089,0.4345538914203644
,,,7,,,,,,,,,,,,,,,,,,,,,,,,,,,,,5099,1.5629545450210571
,,,7,,,,,,,,,,,,,,,,,,,,,,,,,,,,,5109,0.499594509601593
,,,7,,,,,,,,,,,,,,,,,,,,,,,,,,,,,5119,0.7534515261650085
,,,7,,,,,,,,,,,,,,,,,,,,,,,,,,,,,5129,1.078361988067627
,,,7,,,,,,,,,,,,,,,,,,,,,,,,,,,,,5139,1.6112970113754272
,,,7,,,,,,,,,,,,,,,,,,,,,,,,,,,,,5149,0.44802960753440857
,,,7,,,,,,,,,,,,,,,,,,,,,,,,,,,,,5159,1.4330711364746094
,,,7,,,,,,,,,,,,,,,,,,,,,,,,,,,,,5169,0.6000586152076721
,,,7,,,,,,,,,,,,,,,,,,,,,,,,,,,,,5179,0.3708043694496155
,,,7,,,,,,,,,,,,,,,,,,,,,,,,,,,,,5189,0.5524477362632751
,,,7,,,,,,,,,,,,,,,,,,,,,,,,,,,,,5199,0.8990160226821899
,,,7,,,,,,,,,,,,,,,,,,,,,,,,,,,,,5209,0.6037148237228394
,,,7,,,,,,,,,,,,,,,,,,,,,,,,,,,,,5219,0.24128587543964386
,,,7,,,,,,,,,,,,,,,,,,,,,,,,,,,,,5229,0.6142586469650269
,,,7,,,,,,,,,,,,,,,,,,,,,,,,,,,,,5239,0.31879669427871704
,,,7,,,,,,,,,,,,,,,,,,,,,,,,,,,,,5249,0.30880001187324524
,,,7,,,,,,,,,,,,,,,,,,,,,,,,,,,,,5259,0.580570638179779
,,,7,,,,,,,,,,,,,,,,,,,,,,,,,,,,,5269,0.3241662383079529
,,,7,,,,,,,,,,,,,,,,,,,,,,,,,,,,,5279,1.4282245635986328
,,,7,,,,,,,,,,,,,,,,,,,,,,,,,,,,,5289,0.4707642197608948
,,,7,,,,,,,,,,,,,,,,,,,,,,,,,,,,,5299,1.2231191396713257
,,,7,,,,,,,,,,,,,,,,,,,,,,,,,,,,,5309,1.7129416465759277
,,,7,,,,,,,,,,,,,,,,,,,,,,,,,,,,,5319,0.5892637968063354
,,,7,,,,,,,,,,,,,,,,,,,,,,,,,,,,,5329,0.336688756942749
,,,7,,,,,,,,,,,,,,,,,,,,,,,,,,,,,5339,0.6999434232711792
,,,7,,,,,,,,,,,,,,,,,,,,,,,,,,,,,5349,1.3949260711669922
,,,7,,,,,,,,,,,,,,,,,,,,,,,,,,,,,5359,0.5212782621383667
,,,7,,,,,,,,,,,,,,,,,,,,,,,,,,,,,5369,0.5600103139877319
,,,7,,,,,,,,,,,,,,,,,,,,,,,,,,,,,5379,0.33463022112846375
,,,7,,,,,,,,,,,,,,,,,,,,,,,,,,,,,5389,0.8688409924507141
,,,7,,,,,,,,,,,,,,,,,,,,,,,,,,,,,5399,0.8891656994819641
,,,7,,,,,,,,,,,,,,,,,,,,,,,,,,,,,5409,0.765076220035553
,,,7,,,,,,,,,,,,,,,,,,,,,,,,,,,,,5419,0.6975836753845215
,,,7,,,,,,,,,,,,,,,,,,,,,,,,,,,,,5429,0.7913806438446045
,,,7,,,,,,,,,,,,,,,,,,,,,,,,,,,,,5439,0.5151470899581909
,,,7,,,,,,,,,,,,,,,,,,,,,,,,,,,,,5449,0.5282003879547119
,,,7,,,,,,,,,,,,,,,,,,,,,,,,,,,,,5459,0.26938772201538086
,,,7,,,,,,,,,,,,,,,,,,,,,,,,,,,,,5469,1.0999406576156616
,,,7,,,,,,,,,,,,,,,,,,,,,,,,,,,,,5479,0.2463056445121765
,,,7,,,,,,,,,,,,,,,,,,,,,,,,,,,,,5489,0.3345634639263153
,,,7,,,,,,,,,,,,,,,,,,,,,,,,,,,,,5499,0.6810709834098816
,,,7,,,,,,,,,,,,,,,,,,,,,,,,,,,,,5509,0.5644298791885376
,,,7,,,,,,,,,,,,,,,,,,,,,,,,,,,,,5519,0.6658729910850525
,,,7,,,,,,,,,,,,,,,,,,,,,,,,,,,,,5529,0.4471181035041809
,,,7,,,,,,,,,,,,,,,,,,,,,,,,,,,,,5539,1.5731379985809326
,,,7,,,,,,,,,,,,,,,,,,,,,,,,,,,,,5549,1.1860710382461548
,,,7,,,,,,,,,,,,,,,,,,,,,,,,,,,,,5559,0.2351747304201126
,,,7,,,,,,,,,,,,,,,,,,,,,,,,,,,,,5569,0.29596659541130066
,,,7,,,,,,,,,,,,,,,,,,,,,,,,,,,,,5579,1.054580569267273
,,,7,,,,,,,,,,,,,,,,,,,,,,,,,,,,,5589,1.4006662368774414
,,,7,,,,,,,,,,,,,,,,,,,,,,,,,,,,,5599,1.1387931108474731
,,,,5.625860740567357e-07,3.1516323605293127e-06,4.8486651700450955e-06,4.8486651700450955e-06,7.459484876992455e-06,7.459484876992455e-06,1.1476130579988391e-05,1.1476130579988391e-05,1.765558550767445e-05,1.765558550767445e-05,2.7162439242576073e-05,5.625860740567357e-07,2.7162439242576073e-05,4.178836806550165e-05,4.178836806550165e-05,6.428979702384869e-05,6.428979702384869e-05,9.890738003669029e-05,9.890738003669029e-05,9.890738003669029e-05,9.890738003669029e-05,8.655170370103625e-07,8.655170370103625e-07,1.3315646723236346e-06,1.3315646723236346e-06,2.048561034344053e-06,2.048561034344053e-06,3.1516323605293127e-06,5608,
,,,8,,,,,,,,,,,,,,,,,,,,,,,,,,,,,5609,1.2323343753814697
,,,8,,,,,,,,,,,,,,,,,,,,,,,,,,,,,5619,1.6096092462539673
,,,8,,,,,,,,,,,,,,,,,,,,,,,,,,,,,5629,0.2590780556201935
,,,8,,,,,,,,,,,,,,,,,,,,,,,,,,,,,5639,0.1682296097278595
,,,8,,,,,,,,,,,,,,,,,,,,,,,,,,,,,5649,0.2658703029155731
,,,8,,,,,,,,,,,,,,,,,,,,,,,,,,,,,5659,0.40004199743270874
,,,8,,,,,,,,,,,,,,,,,,,,,,,,,,,,,5669,0.8857841491699219
,,,8,,,,,,,,,,,,,,,,,,,,,,,,,,,,,5679,0.2908206880092621
,,,8,,,,,,,,,,,,,,,,,,,,,,,,,,,,,5689,1.0809195041656494
,,,8,,,,,,,,,,,,,,,,,,,,,,,,,,,,,5699,0.11797677725553513
,,,8,,,,,,,,,,,,,,,,,,,,,,,,,,,,,5709,0.5090504288673401
,,,8,,,,,,,,,,,,,,,,,,,,,,,,,,,,,5719,1.1146875619888306
,,,8,,,,,,,,,,,,,,,,,,,,,,,,,,,,,5729,1.7510277032852173
,,,8,,,,,,,,,,,,,,,,,,,,,,,,,,,,,5739,0.5558222532272339
,,,8,,,,,,,,,,,,,,,,,,,,,,,,,,,,,5749,0.5003458261489868
,,,8,,,,,,,,,,,,,,,,,,,,,,,,,,,,,5759,0.2789473533630371
,,,8,,,,,,,,,,,,,,,,,,,,,,,,,,,,,5769,0.09038379788398743
,,,8,,,,,,,,,,,,,,,,,,,,,,,,,,,,,5779,0.45167288184165955
,,,8,,,,,,,,,,,,,,,,,,,,,,,,,,,,,5789,0.583204448223114
,,,8,,,,,,,,,,,,,,,,,,,,,,,,,,,,,5799,0.6418718695640564
,,,8,,,,,,,,,,,,,,,,,,,,,,,,,,,,,5809,0.6163240075111389
,,,8,,,,,,,,,,,,,,,,,,,,,,,,,,,,,5819,1.4304389953613281
,,,8,,,,,,,,,,,,,,,,,,,,,,,,,,,,,5829,0.5626129508018494
,,,8,,,,,,,,,,,,,,,,,,,,,,,,,,,,,5839,0.5403298735618591
,,,8,,,,,,,,,,,,,,,,,,,,,,,,,,,,,5849,0.5005506277084351
,,,8,,,,,,,,,,,,,,,,,,,,,,,,,,,,,5859,1.342981219291687
,,,8,,,,,,,,,,,,,,,,,,,,,,,,,,,,,5869,0.14176079630851746
,,,8,,,,,,,,,,,,,,,,,,,,,,,,,,,,,5879,0.6511916518211365
,,,8,,,,,,,,,,,,,,,,,,,,,,,,,,,,,5889,1.6209914684295654
,,,8,,,,,,,,,,,,,,,,,,,,,,,,,,,,,5899,0.6109412312507629
,,,8,,,,,,,,,,,,,,,,,,,,,,,,,,,,,5909,0.4839443266391754
,,,8,,,,,,,,,,,,,,,,,,,,,,,,,,,,,5919,0.6546118259429932
,,,8,,,,,,,,,,,,,,,,,,,,,,,,,,,,,5929,0.2157977819442749
,,,8,,,,,,,,,,,,,,,,,,,,,,,,,,,,,5939,0.17614775896072388
,,,8,,,,,,,,,,,,,,,,,,,,,,,,,,,,,5949,0.3951534330844879
,,,8,,,,,,,,,,,,,,,,,,,,,,,,,,,,,5959,0.13797423243522644
,,,8,,,,,,,,,,,,,,,,,,,,,,,,,,,,,5969,0.6652265191078186
,,,8,,,,,,,,,,,,,,,,,,,,,,,,,,,,,5979,0.7012918591499329
,,,8,,,,,,,,,,,,,,,,,,,,,,,,,,,,,5989,0.9530956149101257
,,,8,,,,,,,,,,,,,,,,,,,,,,,,,,,,,5999,0.44357872009277344
,,,8,,,,,,,,,,,,,,,,,,,,,,,,,,,,,6009,1.9650322198867798
,,,8,,,,,,,,,,,,,,,,,,,,,,,,,,,,,6019,0.20043031871318817
,,,8,,,,,,,,,,,,,,,,,,,,,,,,,,,,,6029,0.5479216575622559
,,,8,,,,,,,,,,,,,,,,,,,,,,,,,,,,,6039,1.555741548538208
,,,8,,,,,,,,,,,,,,,,,,,,,,,,,,,,,6049,1.30930495262146
,,,8,,,,,,,,,,,,,,,,,,,,,,,,,,,,,6059,0.9316291213035583
,,,8,,,,,,,,,,,,,,,,,,,,,,,,,,,,,6069,1.5509134531021118
,,,8,,,,,,,,,,,,,,,,,,,,,,,,,,,,,6079,0.8059722781181335
,,,8,,,,,,,,,,,,,,,,,,,,,,,,,,,,,6089,0.2904621362686157
,,,8,,,,,,,,,,,,,,,,,,,,,,,,,,,,,6099,1.4544897079467773
,,,8,,,,,,,,,,,,,,,,,,,,,,,,,,,,,6109,0.4853723347187042
,,,8,,,,,,,,,,,,,,,,,,,,,,,,,,,,,6119,0.38789623975753784
,,,8,,,,,,,,,,,,,,,,,,,,,,,,,,,,,6129,0.5157843828201294
,,,8,,,,,,,,,,,,,,,,,,,,,,,,,,,,,6139,0.07514810562133789
,,,8,,,,,,,,,,,,,,,,,,,,,,,,,,,,,6149,0.973176896572113
,,,8,,,,,,,,,,,,,,,,,,,,,,,,,,,,,6159,0.15591269731521606
,,,8,,,,,,,,,,,,,,,,,,,,,,,,,,,,,6169,1.7923123836517334
,,,8,,,,,,,,,,,,,,,,,,,,,,,,,,,,,6179,0.3951129615306854
,,,8,,,,,,,,,,,,,,,,,,,,,,,,,,,,,6189,1.3473150730133057
,,,8,,,,,,,,,,,,,,,,,,,,,,,,,,,,,6199,1.398961067199707
,,,8,,,,,,,,,,,,,,,,,,,,,,,,,,,,,6209,0.6436240077018738
,,,8,,,,,,,,,,,,,,,,,,,,,,,,,,,,,6219,1.2834553718566895
,,,8,,,,,,,,,,,,,,,,,,,,,,,,,,,,,6229,0.7517468333244324
,,,8,,,,,,,,,,,,,,,,,,,,,,,,,,,,,6239,1.0336005687713623
,,,8,,,,,,,,,,,,,,,,,,,,,,,,,,,,,6249,0.594794750213623
,,,8,,,,,,,,,,,,,,,,,,,,,,,,,,,,,6259,1.1214475631713867
,,,8,,,,,,,,,,,,,,,,,,,,,,,,,,,,,6269,0.6236643195152283
,,,8,,,,,,,,,,,,,,,,,,,,,,,,,,,,,6279,1.0268810987472534
,,,8,,,,,,,,,,,,,,,,,,,,,,,,,,,,,6289,0.6202227473258972
,,,8,,,,,,,,,,,,,,,,,,,,,,,,,,,,,6299,0.300228089094162
,,,,5.577837150809623e-07,3.1247293306590787e-06,4.807275893321659e-06,4.807275893321659e-06,7.395809066648706e-06,7.395809066648706e-06,1.1378167794844163e-05,1.1378167794844163e-05,1.750487353052948e-05,1.750487353052948e-05,2.6930574662353044e-05,5.577837150809623e-07,2.6930574662353044e-05,4.143165332669699e-05,4.143165332669699e-05,6.374100511799537e-05,6.374100511799537e-05,9.806308479691595e-05,9.806308479691595e-05,9.806308479691595e-05,9.806308479691595e-05,8.581287924322494e-07,8.581287924322494e-07,1.3201981422034608e-06,1.3201981422034608e-06,2.031074064928401e-06,2.031074064928401e-06,3.1247293306590787e-06,6309,
,,,9,,,,,,,,,,,,,,,,,,,,,,,,,,,,,6309,0.3110266923904419
,,,9,,,,,,,,,,,,,,,,,,,,,,,,,,,,,6319,0.6523119211196899
,,,9,,,,,,,,,,,,,,,,,,,,,,,,,,,,,6329,1.9945623874664307
,,,9,,,,,,,,,,,,,,,,,,,,,,,,,,,,,6339,0.35587701201438904
,,,9,,,,,,,,,,,,,,,,,,,,,,,,,,,,,6349,0.8615314960479736
,,,9,,,,,,,,,,,,,,,,,,,,,,,,,,,,,6359,1.318366289138794
,,,9,,,,,,,,,,,,,,,,,,,,,,,,,,,,,6369,0.3030546307563782
,,,9,,,,,,,,,,,,,,,,,,,,,,,,,,,,,6379,0.7426784038543701
,,,9,,,,,,,,,,,,,,,,,,,,,,,,,,,,,6389,1.5423834323883057
,,,9,,,,,,,,,,,,,,,,,,,,,,,,,,,,,6399,2.1844351291656494
,,,9,,,,,,,,,,,,,,,,,,,,,,,,,,,,,6409,1.6512340307235718
,,,9,,,,,,,,,,,,,,,,,,,,,,,,,,,,,6419,0.42347508668899536
,,,9,,,,,,,,,,,,,,,,,,,,,,,,,,,,,6429,0.3539137840270996
,,,9,,,,,,,,,,,,,,,,,,,,,,,,,,,,,6439,0.24162657558918
,,,9,,,,,,,,,,,,,,,,,,,,,,,,,,,,,6449,0.5087850093841553
,,,9,,,,,,,,,,,,,,,,,,,,,,,,,,,,,6459,0.4184611439704895
,,,9,,,,,,,,,,,,,,,,,,,,,,,,,,,,,6469,0.23045559227466583
,,,9,,,,,,,,,,,,,,,,,,,,,,,,,,,,,6479,0.19766637682914734
,,,9,,,,,,,,,,,,,,,,,,,,,,,,,,,,,6489,1.3315248489379883
,,,9,,,,,,,,,,,,,,,,,,,,,,,,,,,,,6499,0.4453490078449249
,,,9,,,,,,,,,,,,,,,,,,,,,,,,,,,,,6509,0.26994067430496216
,,,9,,,,,,,,,,,,,,,,,,,,,,,,,,,,,6519,0.6457663774490356
,,,9,,,,,,,,,,,,,,,,,,,,,,,,,,,,,6529,0.4487631022930145
,,,9,,,,,,,,,,,,,,,,,,,,,,,,,,,,,6539,1.7044073343276978
,,,9,,,,,,,,,,,,,,,,,,,,,,,,,,,,,6549,0.18856190145015717
,,,9,,,,,,,,,,,,,,,,,,,,,,,,,,,,,6559,1.2007460594177246
,,,9,,,,,,,,,,,,,,,,,,,,,,,,,,,,,6569,0.39427483081817627
,,,9,,,,,,,,,,,,,,,,,,,,,,,,,,,,,6579,0.6729853749275208
,,,9,,,,,,,,,,,,,,,,,,,,,,,,,,,,,6589,1.0031262636184692
,,,9,,,,,,,,,,,,,,,,,,,,,,,,,,,,,6599,0.9420183897018433
,,,9,,,,,,,,,,,,,,,,,,,,,,,,,,,,,6609,0.7375763654708862
,,,9,,,,,,,,,,,,,,,,,,,,,,,,,,,,,6619,2.43886661529541
,,,9,,,,,,,,,,,,,,,,,,,,,,,,,,,,,6629,1.3710136413574219
,,,9,,,,,,,,,,,,,,,,,,,,,,,,,,,,,6639,0.19349539279937744
,,,9,,,,,,,,,,,,,,,,,,,,,,,,,,,,,6649,0.518324613571167
,,,9,,,,,,,,,,,,,,,,,,,,,,,,,,,,,6659,1.351906418800354
,,,9,,,,,,,,,,,,,,,,,,,,,,,,,,,,,6669,0.1978742480278015
,,,9,,,,,,,,,,,,,,,,,,,,,,,,,,,,,6679,0.11114608496427536
,,,9,,,,,,,,,,,,,,,,,,,,,,,,,,,,,6689,0.6923291683197021
,,,9,,,,,,,,,,,,,,,,,,,,,,,,,,,,,6699,0.656536877155304
,,,9,,,,,,,,,,,,,,,,,,,,,,,,,,,,,6709,1.0982577800750732
,,,9,,,,,,,,,,,,,,,,,,,,,,,,,,,,,6719,0.8440166711807251
,,,9,,,,,,,,,,,,,,,,,,,,,,,,,,,,,6729,0.20359107851982117
,,,9,,,,,,,,,,,,,,,,,,,,,,,,,,,,,6739,0.7994412183761597
,,,9,,,,,,,,,,,,,,,,,,,,,,,,,,,,,6749,0.5945037603378296
,,,9,,,,,,,,,,,,,,,,,,,,,,,,,,,,,6759,0.7530243992805481
,,,9,,,,,,,,,,,,,,,,,,,,,,,,,,,,,6769,0.7146784663200378
,,,9,,,,,,,,,,,,,,,,,,,,,,,,,,,,,6779,0.43082118034362793
,,,9,,,,,,,,,,,,,,,,,,,,,,,,,,,,,6789,0.4719450771808624
,,,9,,,,,,,,,,,,,,,,,,,,,,,,,,,,,6799,1.3827797174453735
,,,9,,,,,,,,,,,,,,,,,,,,,,,,,,,,,6809,0.7808265686035156
,,,9,,,,,,,,,,,,,,,,,,,,,,,,,,,,,6819,1.0915076732635498
,,,9,,,,,,,,,,,,,,,,,,,,,,,,,,,,,6829,2.0784225463867188
,,,9,,,,,,,,,,,,,,,,,,,,,,,,,,,,,6839,0.8678481578826904
,,,9,,,,,,,,,,,,,,,,,,,,,,,,,,,,,6849,0.21369057893753052
,,,9,,,,,,,,,,,,,,,,,,,,,,,,,,,,,6859,0.2786826193332672
,,,9,,,,,,,,,,,,,,,,,,,,,,,,,,,,,6869,0.2547249495983124
,,,9,,,,,,,,,,,,,,,,,,,,,,,,,,,,,6879,0.2974841296672821
,,,9,,,,,,,,,,,,,,,,,,,,,,,,,,,,,6889,0.8295801877975464
,,,9,,,,,,,,,,,,,,,,,,,,,,,,,,,,,6899,1.5568917989730835
,,,9,,,,,,,,,,,,,,,,,,,,,,,,,,,,,6909,0.3590167164802551
,,,9,,,,,,,,,,,,,,,,,,,,,,,,,,,,,6919,0.8770102262496948
,,,9,,,,,,,,,,,,,,,,,,,,,,,,,,,,,6929,0.4598335027694702
,,,9,,,,,,,,,,,,,,,,,,,,,,,,,,,,,6939,0.18686337769031525
,,,9,,,,,,,,,,,,,,,,,,,,,,,,,,,,,6949,1.157212495803833
,,,9,,,,,,,,,,,,,,,,,,,,,,,,,,,,,6959,1.1726137399673462
,,,9,,,,,,,,,,,,,,,,,,,,,,,,,,,,,6969,1.0486780405044556
,,,9,,,,,,,,,,,,,,,,,,,,,,,,,,,,,6979,0.61231529712677
,,,9,,,,,,,,,,,,,,,,,,,,,,,,,,,,,6989,0.20448552072048187
,,,9,,,,,,,,,,,,,,,,,,,,,,,,,,,,,6999,0.7464615702629089
,,,9,,,,,,,,,,,,,,,,,,,,,,,,,,,,,7009,1.0997523069381714
0.6809338331222534,0.6849315166473389,0.676982581615448,9,,,,,,,,,,,,,,,,,,,,,,,,,,,,,7009,
,,,,5.516494603334762e-07,3.0903649610782603e-06,4.7544076324280925e-06,4.7544076324280925e-06,7.314473280658603e-06,7.314473280658603e-06,1.125303581639785e-05,1.125303581639785e-05,1.7312362794458232e-05,1.7312362794458232e-05,2.663440429916651e-05,5.516494603334762e-07,2.663440429916651e-05,4.097600661410232e-05,4.097600661410232e-05,6.304001017554203e-05,6.304001017554203e-05,9.698463103929542e-05,9.698463103929542e-05,9.698463103929542e-05,9.698463103929542e-05,8.486914774361172e-07,8.486914774361172e-07,1.3056791960555651e-06,1.3056791960555651e-06,2.0087372247008692e-06,2.0087372247008692e-06,3.0903649610782603e-06,7010,
,,,10,,,,,,,,,,,,,,,,,,,,,,,,,,,,,7019,0.5057420134544373
,,,10,,,,,,,,,,,,,,,,,,,,,,,,,,,,,7029,0.2517038583755493
,,,10,,,,,,,,,,,,,,,,,,,,,,,,,,,,,7039,0.4081425964832306
,,,10,,,,,,,,,,,,,,,,,,,,,,,,,,,,,7049,0.4272915720939636
,,,10,,,,,,,,,,,,,,,,,,,,,,,,,,,,,7059,0.49317899346351624
,,,10,,,,,,,,,,,,,,,,,,,,,,,,,,,,,7069,0.9703803658485413
,,,10,,,,,,,,,,,,,,,,,,,,,,,,,,,,,7079,0.7550966739654541
,,,10,,,,,,,,,,,,,,,,,,,,,,,,,,,,,7089,0.30501601099967957
,,,10,,,,,,,,,,,,,,,,,,,,,,,,,,,,,7099,0.46073052287101746
,,,10,,,,,,,,,,,,,,,,,,,,,,,,,,,,,7109,0.6345539093017578
,,,10,,,,,,,,,,,,,,,,,,,,,,,,,,,,,7119,1.6447478532791138
,,,10,,,,,,,,,,,,,,,,,,,,,,,,,,,,,7129,0.05177999660372734
,,,10,,,,,,,,,,,,,,,,,,,,,,,,,,,,,7139,0.5819545388221741
,,,10,,,,,,,,,,,,,,,,,,,,,,,,,,,,,7149,0.6543718576431274
,,,10,,,,,,,,,,,,,,,,,,,,,,,,,,,,,7159,0.9041121006011963
,,,10,,,,,,,,,,,,,,,,,,,,,,,,,,,,,7169,0.43805253505706787
,,,10,,,,,,,,,,,,,,,,,,,,,,,,,,,,,7179,0.3098852038383484
,,,10,,,,,,,,,,,,,,,,,,,,,,,,,,,,,7189,0.4237959086894989
,,,10,,,,,,,,,,,,,,,,,,,,,,,,,,,,,7199,0.6291190385818481
,,,10,,,,,,,,,,,,,,,,,,,,,,,,,,,,,7209,0.3332456648349762
,,,10,,,,,,,,,,,,,,,,,,,,,,,,,,,,,7219,0.6589630842208862
,,,10,,,,,,,,,,,,,,,,,,,,,,,,,,,,,7229,0.8051191568374634
,,,10,,,,,,,,,,,,,,,,,,,,,,,,,,,,,7239,0.07900326699018478
,,,10,,,,,,,,,,,,,,,,,,,,,,,,,,,,,7249,0.28550827503204346
,,,10,,,,,,,,,,,,,,,,,,,,,,,,,,,,,7259,0.21163247525691986
,,,10,,,,,,,,,,,,,,,,,,,,,,,,,,,,,7269,0.23165157437324524
,,,10,,,,,,,,,,,,,,,,,,,,,,,,,,,,,7279,0.6517914533615112
,,,10,,,,,,,,,,,,,,,,,,,,,,,,,,,,,7289,0.47398969531059265
,,,10,,,,,,,,,,,,,,,,,,,,,,,,,,,,,7299,0.5412177443504333
,,,10,,,,,,,,,,,,,,,,,,,,,,,,,,,,,7309,0.26948854327201843
,,,10,,,,,,,,,,,,,,,,,,,,,,,,,,,,,7319,0.42327478528022766
,,,10,,,,,,,,,,,,,,,,,,,,,,,,,,,,,7329,0.3398512899875641
,,,10,,,,,,,,,,,,,,,,,,,,,,,,,,,,,7339,0.9523729681968689
,,,10,,,,,,,,,,,,,,,,,,,,,,,,,,,,,7349,0.13605770468711853
,,,10,,,,,,,,,,,,,,,,,,,,,,,,,,,,,7359,0.5452623963356018
,,,10,,,,,,,,,,,,,,,,,,,,,,,,,,,,,7369,0.45062413811683655
,,,10,,,,,,,,,,,,,,,,,,,,,,,,,,,,,7379,0.7230416536331177
,,,10,,,,,,,,,,,,,,,,,,,,,,,,,,,,,7389,0.12566757202148438
,,,10,,,,,,,,,,,,,,,,,,,,,,,,,,,,,7399,0.8060001134872437
,,,10,,,,,,,,,,,,,,,,,,,,,,,,,,,,,7409,0.9823533892631531
,,,10,,,,,,,,,,,,,,,,,,,,,,,,,,,,,7419,0.48671954870224
,,,10,,,,,,,,,,,,,,,,,,,,,,,,,,,,,7429,0.3391000032424927
,,,10,,,,,,,,,,,,,,,,,,,,,,,,,,,,,7439,0.27888092398643494
,,,10,,,,,,,,,,,,,,,,,,,,,,,,,,,,,7449,0.9417662620544434
,,,10,,,,,,,,,,,,,,,,,,,,,,,,,,,,,7459,0.429605633020401
,,,10,,,,,,,,,,,,,,,,,,,,,,,,,,,,,7469,0.761246383190155
,,,10,,,,,,,,,,,,,,,,,,,,,,,,,,,,,7479,0.8176104426383972
,,,10,,,,,,,,,,,,,,,,,,,,,,,,,,,,,7489,1.0943429470062256
,,,10,,,,,,,,,,,,,,,,,,,,,,,,,,,,,7499,0.5804715156555176
,,,10,,,,,,,,,,,,,,,,,,,,,,,,,,,,,7509,0.4883135259151459
,,,10,,,,,,,,,,,,,,,,,,,,,,,,,,,,,7519,0.22648033499717712
,,,10,,,,,,,,,,,,,,,,,,,,,,,,,,,,,7529,1.1637089252471924
,,,10,,,,,,,,,,,,,,,,,,,,,,,,,,,,,7539,0.4465067684650421
,,,10,,,,,,,,,,,,,,,,,,,,,,,,,,,,,7549,0.2752268314361572
,,,10,,,,,,,,,,,,,,,,,,,,,,,,,,,,,7559,0.45328637957572937
,,,10,,,,,,,,,,,,,,,,,,,,,,,,,,,,,7569,0.6989763975143433
,,,10,,,,,,,,,,,,,,,,,,,,,,,,,,,,,7579,0.205927774310112
,,,10,,,,,,,,,,,,,,,,,,,,,,,,,,,,,7589,0.21279241144657135
,,,10,,,,,,,,,,,,,,,,,,,,,,,,,,,,,7599,0.39306607842445374
,,,10,,,,,,,,,,,,,,,,,,,,,,,,,,,,,7609,0.49930983781814575
,,,10,,,,,,,,,,,,,,,,,,,,,,,,,,,,,7619,0.30263251066207886
,,,10,,,,,,,,,,,,,,,,,,,,,,,,,,,,,7629,0.7172825932502747
,,,10,,,,,,,,,,,,,,,,,,,,,,,,,,,,,7639,0.4004825949668884
,,,10,,,,,,,,,,,,,,,,,,,,,,,,,,,,,7649,0.9454002380371094
,,,10,,,,,,,,,,,,,,,,,,,,,,,,,,,,,7659,0.9601176381111145
,,,10,,,,,,,,,,,,,,,,,,,,,,,,,,,,,7669,0.7970982789993286
,,,10,,,,,,,,,,,,,,,,,,,,,,,,,,,,,7679,2.375476121902466
,,,10,,,,,,,,,,,,,,,,,,,,,,,,,,,,,7689,0.599173903465271
,,,10,,,,,,,,,,,,,,,,,,,,,,,,,,,,,7699,0.23819959163665771
,,,10,,,,,,,,,,,,,,,,,,,,,,,,,,,,,7709,0.4273531138896942
,,,,5.442131952867944e-07,3.0487066715411608e-06,4.69031795621717e-06,4.69031795621717e-06,7.215873778795645e-06,7.215873778795645e-06,1.1101344275070223e-05,1.1101344275070223e-05,1.7078991192415727e-05,1.7078991192415727e-05,2.6275371065254964e-05,5.442131952867944e-07,2.6275371065254964e-05,4.042364779269994e-05,4.042364779269994e-05,6.219022737338454e-05,6.219022737338454e-05,9.567727288213005e-05,9.567727288213005e-05,9.567727288213005e-05,9.567727288213005e-05,8.372510696719912e-07,8.372510696719912e-07,1.2880785687261406e-06,1.2880785687261406e-06,1.9816593365017543e-06,1.9816593365017543e-06,3.0487066715411608e-06,7711,
,,,11,,,,,,,,,,,,,,,,,,,,,,,,,,,,,7719,0.6877337694168091
,,,11,,,,,,,,,,,,,,,,,,,,,,,,,,,,,7729,1.2619549036026
,,,11,,,,,,,,,,,,,,,,,,,,,,,,,,,,,7739,0.5021181106567383
,,,11,,,,,,,,,,,,,,,,,,,,,,,,,,,,,7749,0.3200933039188385
,,,11,,,,,,,,,,,,,,,,,,,,,,,,,,,,,7759,0.617071807384491
,,,11,,,,,,,,,,,,,,,,,,,,,,,,,,,,,7769,0.35226765275001526
,,,11,,,,,,,,,,,,,,,,,,,,,,,,,,,,,7779,1.0723772048950195
,,,11,,,,,,,,,,,,,,,,,,,,,,,,,,,,,7789,0.6744629740715027
,,,11,,,,,,,,,,,,,,,,,,,,,,,,,,,,,7799,0.5415590405464172
,,,11,,,,,,,,,,,,,,,,,,,,,,,,,,,,,7809,1.2782937288284302
,,,11,,,,,,,,,,,,,,,,,,,,,,,,,,,,,7819,0.5854412317276001
,,,11,,,,,,,,,,,,,,,,,,,,,,,,,,,,,7829,0.6262120008468628
,,,11,,,,,,,,,,,,,,,,,,,,,,,,,,,,,7839,0.9750949144363403
,,,11,,,,,,,,,,,,,,,,,,,,,,,,,,,,,7849,0.13483618199825287
,,,11,,,,,,,,,,,,,,,,,,,,,,,,,,,,,7859,0.40763556957244873
,,,11,,,,,,,,,,,,,,,,,,,,,,,,,,,,,7869,0.225617915391922
,,,11,,,,,,,,,,,,,,,,,,,,,,,,,,,,,7879,0.7540012001991272
,,,11,,,,,,,,,,,,,,,,,,,,,,,,,,,,,7889,0.2597777843475342
,,,11,,,,,,,,,,,,,,,,,,,,,,,,,,,,,7899,0.45316562056541443
,,,11,,,,,,,,,,,,,,,,,,,,,,,,,,,,,7909,0.617908775806427
,,,11,,,,,,,,,,,,,,,,,,,,,,,,,,,,,7919,0.678325355052948
,,,11,,,,,,,,,,,,,,,,,,,,,,,,,,,,,7929,0.3494178354740143
,,,11,,,,,,,,,,,,,,,,,,,,,,,,,,,,,7939,0.9464095830917358
,,,11,,,,,,,,,,,,,,,,,,,,,,,,,,,,,7949,0.5791804194450378
,,,11,,,,,,,,,,,,,,,,,,,,,,,,,,,,,7959,0.19343304634094238
,,,11,,,,,,,,,,,,,,,,,,,,,,,,,,,,,7969,0.6807019710540771
,,,11,,,,,,,,,,,,,,,,,,,,,,,,,,,,,7979,0.49974504113197327
,,,11,,,,,,,,,,,,,,,,,,,,,,,,,,,,,7989,0.3437013030052185
,,,11,,,,,,,,,,,,,,,,,,,,,,,,,,,,,7999,0.22144974768161774
,,,11,,,,,,,,,,,,,,,,,,,,,,,,,,,,,8009,2.9479589462280273
,,,11,,,,,,,,,,,,,,,,,,,,,,,,,,,,,8019,1.0783162117004395
,,,11,,,,,,,,,,,,,,,,,,,,,,,,,,,,,8029,1.1478883028030396
,,,11,,,,,,,,,,,,,,,,,,,,,,,,,,,,,8039,0.5763049721717834
,,,11,,,,,,,,,,,,,,,,,,,,,,,,,,,,,8049,0.44408541917800903
,,,11,,,,,,,,,,,,,,,,,,,,,,,,,,,,,8059,0.6545835733413696
,,,11,,,,,,,,,,,,,,,,,,,,,,,,,,,,,8069,0.1216801106929779
,,,11,,,,,,,,,,,,,,,,,,,,,,,,,,,,,8079,0.2706659138202667
,,,11,,,,,,,,,,,,,,,,,,,,,,,,,,,,,8089,1.194696307182312
,,,11,,,,,,,,,,,,,,,,,,,,,,,,,,,,,8099,1.010185718536377
,,,11,,,,,,,,,,,,,,,,,,,,,,,,,,,,,8109,0.701589047908783
,,,11,,,,,,,,,,,,,,,,,,,,,,,,,,,,,8119,0.17087948322296143
,,,11,,,,,,,,,,,,,,,,,,,,,,,,,,,,,8129,0.08797715604305267
,,,11,,,,,,,,,,,,,,,,,,,,,,,,,,,,,8139,0.134855717420578
,,,11,,,,,,,,,,,,,,,,,,,,,,,,,,,,,8149,1.0684292316436768
,,,11,,,,,,,,,,,,,,,,,,,,,,,,,,,,,8159,0.9512629508972168
,,,11,,,,,,,,,,,,,,,,,,,,,,,,,,,,,8169,1.0366435050964355
,,,11,,,,,,,,,,,,,,,,,,,,,,,,,,,,,8179,0.6599093675613403
,,,11,,,,,,,,,,,,,,,,,,,,,,,,,,,,,8189,0.5165172815322876
,,,11,,,,,,,,,,,,,,,,,,,,,,,,,,,,,8199,0.6206685304641724
,,,11,,,,,,,,,,,,,,,,,,,,,,,,,,,,,8209,0.11738332360982895
,,,11,,,,,,,,,,,,,,,,,,,,,,,,,,,,,8219,0.27100223302841187
,,,11,,,,,,,,,,,,,,,,,,,,,,,,,,,,,8229,0.7914049625396729
,,,11,,,,,,,,,,,,,,,,,,,,,,,,,,,,,8239,0.7188955545425415
,,,11,,,,,,,,,,,,,,,,,,,,,,,,,,,,,8249,1.6204805374145508
,,,11,,,,,,,,,,,,,,,,,,,,,,,,,,,,,8259,0.5202571749687195
,,,11,,,,,,,,,,,,,,,,,,,,,,,,,,,,,8269,0.4332565367221832
,,,11,,,,,,,,,,,,,,,,,,,,,,,,,,,,,8279,0.306058794260025
,,,11,,,,,,,,,,,,,,,,,,,,,,,,,,,,,8289,0.6919003129005432
,,,11,,,,,,,,,,,,,,,,,,,,,,,,,,,,,8299,0.5715726017951965
,,,11,,,,,,,,,,,,,,,,,,,,,,,,,,,,,8309,0.8395915627479553
,,,11,,,,,,,,,,,,,,,,,,,,,,,,,,,,,8319,0.21408957242965698
,,,11,,,,,,,,,,,,,,,,,,,,,,,,,,,,,8329,0.29615017771720886
,,,11,,,,,,,,,,,,,,,,,,,,,,,,,,,,,8339,0.43114399909973145
,,,11,,,,,,,,,,,,,,,,,,,,,,,,,,,,,8349,1.039609432220459
,,,11,,,,,,,,,,,,,,,,,,,,,,,,,,,,,8359,0.9424373507499695
,,,11,,,,,,,,,,,,,,,,,,,,,,,,,,,,,8369,0.605314314365387
,,,11,,,,,,,,,,,,,,,,,,,,,,,,,,,,,8379,0.7407208681106567
,,,11,,,,,,,,,,,,,,,,,,,,,,,,,,,,,8389,0.840681254863739
,,,11,,,,,,,,,,,,,,,,,,,,,,,,,,,,,8399,0.1879854053258896
,,,11,,,,,,,,,,,,,,,,,,,,,,,,,,,,,8409,0.2248215228319168
,,,,5.355111486767334e-07,2.999957417046929e-06,4.615319103149121e-06,4.615319103149121e-06,7.100490927921724e-06,7.100490927921724e-06,1.0923832196802652e-05,1.0923832196802652e-05,1.6805895687388695e-05,1.6805895687388695e-05,2.5855224134444144e-05,5.355111486767334e-07,2.5855224134444144e-05,3.977726789914484e-05,3.977726789914484e-05,6.119579676791514e-05,6.119579676791514e-05,9.414737964294636e-05,9.414737964294636e-05,9.414737964294636e-05,9.414737964294636e-05,8.238633056565128e-07,8.238633056565128e-07,1.2674820087023274e-06,1.2674820087023274e-06,1.9499723210805035e-06,1.9499723210805035e-06,2.999957417046929e-06,8412,
,,,12,,,,,,,,,,,,,,,,,,,,,,,,,,,,,8419,0.39504361152648926
,,,12,,,,,,,,,,,,,,,,,,,,,,,,,,,,,8429,0.9281437993049622
,,,12,,,,,,,,,,,,,,,,,,,,,,,,,,,,,8439,0.07203635573387146
,,,12,,,,,,,,,,,,,,,,,,,,,,,,,,,,,8449,0.8817870020866394
,,,12,,,,,,,,,,,,,,,,,,,,,,,,,,,,,8459,1.0784066915512085
,,,12,,,,,,,,,,,,,,,,,,,,,,,,,,,,,8469,1.2980016469955444
,,,12,,,,,,,,,,,,,,,,,,,,,,,,,,,,,8479,0.5802767872810364
,,,12,,,,,,,,,,,,,,,,,,,,,,,,,,,,,8489,1.0067670345306396
,,,12,,,,,,,,,,,,,,,,,,,,,,,,,,,,,8499,1.8868530988693237
,,,12,,,,,,,,,,,,,,,,,,,,,,,,,,,,,8509,0.7915431261062622
,,,12,,,,,,,,,,,,,,,,,,,,,,,,,,,,,8519,0.76304692029953
,,,12,,,,,,,,,,,,,,,,,,,,,,,,,,,,,8529,0.491661012172699
,,,12,,,,,,,,,,,,,,,,,,,,,,,,,,,,,8539,0.8046276569366455
,,,12,,,,,,,,,,,,,,,,,,,,,,,,,,,,,8549,0.4301173985004425
,,,12,,,,,,,,,,,,,,,,,,,,,,,,,,,,,8559,1.1893936395645142
,,,12,,,,,,,,,,,,,,,,,,,,,,,,,,,,,8569,1.2353589534759521
,,,12,,,,,,,,,,,,,,,,,,,,,,,,,,,,,8579,0.061887722462415695
,,,12,,,,,,,,,,,,,,,,,,,,,,,,,,,,,8589,0.4563654661178589
,,,12,,,,,,,,,,,,,,,,,,,,,,,,,,,,,8599,0.526870608329773
,,,12,,,,,,,,,,,,,,,,,,,,,,,,,,,,,8609,1.0176665782928467
,,,12,,,,,,,,,,,,,,,,,,,,,,,,,,,,,8619,0.29718080163002014
,,,12,,,,,,,,,,,,,,,,,,,,,,,,,,,,,8629,0.39547428488731384
,,,12,,,,,,,,,,,,,,,,,,,,,,,,,,,,,8639,0.24089385569095612
,,,12,,,,,,,,,,,,,,,,,,,,,,,,,,,,,8649,0.40881916880607605
,,,12,,,,,,,,,,,,,,,,,,,,,,,,,,,,,8659,0.8877954483032227
,,,12,,,,,,,,,,,,,,,,,,,,,,,,,,,,,8669,0.33124440908432007
,,,12,,,,,,,,,,,,,,,,,,,,,,,,,,,,,8679,0.34709277749061584
,,,12,,,,,,,,,,,,,,,,,,,,,,,,,,,,,8689,0.1822952777147293
,,,12,,,,,,,,,,,,,,,,,,,,,,,,,,,,,8699,0.438018262386322
,,,12,,,,,,,,,,,,,,,,,,,,,,,,,,,,,8709,1.4145488739013672
,,,12,,,,,,,,,,,,,,,,,,,,,,,,,,,,,8719,0.22519448399543762
,,,12,,,,,,,,,,,,,,,,,,,,,,,,,,,,,8729,0.5322205424308777
,,,12,,,,,,,,,,,,,,,,,,,,,,,,,,,,,8739,1.272469401359558
,,,12,,,,,,,,,,,,,,,,,,,,,,,,,,,,,8749,0.27856120467185974
,,,12,,,,,,,,,,,,,,,,,,,,,,,,,,,,,8759,0.13530679047107697
,,,12,,,,,,,,,,,,,,,,,,,,,,,,,,,,,8769,0.5255556106567383
,,,12,,,,,,,,,,,,,,,,,,,,,,,,,,,,,8779,0.4212125539779663
,,,12,,,,,,,,,,,,,,,,,,,,,,,,,,,,,8789,0.09582686424255371
,,,12,,,,,,,,,,,,,,,,,,,,,,,,,,,,,8799,0.09981998801231384
,,,12,,,,,,,,,,,,,,,,,,,,,,,,,,,,,8809,0.1636987030506134
,,,12,,,,,,,,,,,,,,,,,,,,,,,,,,,,,8819,0.6685279011726379
,,,12,,,,,,,,,,,,,,,,,,,,,,,,,,,,,8829,0.3594904839992523
,,,12,,,,,,,,,,,,,,,,,,,,,,,,,,,,,8839,0.22869659960269928
,,,12,,,,,,,,,,,,,,,,,,,,,,,,,,,,,8849,0.5045424699783325
,,,12,,,,,,,,,,,,,,,,,,,,,,,,,,,,,8859,0.31935691833496094
,,,12,,,,,,,,,,,,,,,,,,,,,,,,,,,,,8869,0.49990835785865784
,,,12,,,,,,,,,,,,,,,,,,,,,,,,,,,,,8879,1.8589693307876587
,,,12,,,,,,,,,,,,,,,,,,,,,,,,,,,,,8889,1.5259281396865845
,,,12,,,,,,,,,,,,,,,,,,,,,,,,,,,,,8899,0.24582883715629578
,,,12,,,,,,,,,,,,,,,,,,,,,,,,,,,,,8909,0.3457035422325134
,,,12,,,,,,,,,,,,,,,,,,,,,,,,,,,,,8919,0.7032610177993774
,,,12,,,,,,,,,,,,,,,,,,,,,,,,,,,,,8929,0.3582814633846283
,,,12,,,,,,,,,,,,,,,,,,,,,,,,,,,,,8939,0.6964787244796753
,,,12,,,,,,,,,,,,,,,,,,,,,,,,,,,,,8949,0.5545076131820679
,,,12,,,,,,,,,,,,,,,,,,,,,,,,,,,,,8959,0.6190693378448486
,,,12,,,,,,,,,,,,,,,,,,,,,,,,,,,,,8969,0.42664048075675964
,,,12,,,,,,,,,,,,,,,,,,,,,,,,,,,,,8979,0.5662468671798706
,,,12,,,,,,,,,,,,,,,,,,,,,,,,,,,,,8989,0.12906311452388763
,,,12,,,,,,,,,,,,,,,,,,,,,,,,,,,,,8999,1.2026723623275757
,,,12,,,,,,,,,,,,,,,,,,,,,,,,,,,,,9009,0.29700565338134766
,,,12,,,,,,,,,,,,,,,,,,,,,,,,,,,,,9019,0.5198735594749451
,,,12,,,,,,,,,,,,,,,,,,,,,,,,,,,,,9029,0.3367478847503662
,,,12,,,,,,,,,,,,,,,,,,,,,,,,,,,,,9039,0.4621715545654297
,,,12,,,,,,,,,,,,,,,,,,,,,,,,,,,,,9049,0.18284328281879425
,,,12,,,,,,,,,,,,,,,,,,,,,,,,,,,,,9059,0.4181252419948578
,,,12,,,,,,,,,,,,,,,,,,,,,,,,,,,,,9069,1.0416122674942017
,,,12,,,,,,,,,,,,,,,,,,,,,,,,,,,,,9079,0.593455970287323
,,,12,,,,,,,,,,,,,,,,,,,,,,,,,,,,,9089,0.9660061597824097
,,,12,,,,,,,,,,,,,,,,,,,,,,,,,,,,,9099,0.9181877970695496
,,,12,,,,,,,,,,,,,,,,,,,,,,,,,,,,,9109,0.5070139169692993
,,,,5.255857159996507e-07,2.9443546990632016e-06,4.529776460097233e-06,4.529776460097233e-06,6.96888686168805e-06,6.96888686168805e-06,1.0721364402597e-05,1.0721364402597e-05,1.649440677322615e-05,1.649440677322615e-05,2.5376010420347926e-05,5.255857159996507e-07,2.5376010420347926e-05,3.90400160313045e-05,3.90400160313045e-05,6.006156312508385e-05,6.006156312508385e-05,9.24024048078213e-05,9.24024048078213e-05,9.24024048078213e-05,9.24024048078213e-05,8.085934092302317e-07,8.085934092302317e-07,1.2439898603542026e-06,1.2439898603542026e-06,1.913830554391081e-06,1.913830554391081e-06,2.9443546990632016e-06,9113,
,,,13,,,,,,,,,,,,,,,,,,,,,,,,,,,,,9119,1.9729316234588623
,,,13,,,,,,,,,,,,,,,,,,,,,,,,,,,,,9129,0.3239106833934784
,,,13,,,,,,,,,,,,,,,,,,,,,,,,,,,,,9139,0.15826456248760223
,,,13,,,,,,,,,,,,,,,,,,,,,,,,,,,,,9149,0.2163608968257904
,,,13,,,,,,,,,,,,,,,,,,,,,,,,,,,,,9159,1.093893051147461
,,,13,,,,,,,,,,,,,,,,,,,,,,,,,,,,,9169,0.8094569444656372
,,,13,,,,,,,,,,,,,,,,,,,,,,,,,,,,,9179,0.7431169748306274
,,,13,,,,,,,,,,,,,,,,,,,,,,,,,,,,,9189,0.6699513792991638
,,,13,,,,,,,,,,,,,,,,,,,,,,,,,,,,,9199,0.14913326501846313
,,,13,,,,,,,,,,,,,,,,,,,,,,,,,,,,,9209,0.11444446444511414
,,,13,,,,,,,,,,,,,,,,,,,,,,,,,,,,,9219,0.3535866141319275
,,,13,,,,,,,,,,,,,,,,,,,,,,,,,,,,,9229,0.15408474206924438
,,,13,,,,,,,,,,,,,,,,,,,,,,,,,,,,,9239,0.8946061730384827
,,,13,,,,,,,,,,,,,,,,,,,,,,,,,,,,,9249,0.19605882465839386
,,,13,,,,,,,,,,,,,,,,,,,,,,,,,,,,,9259,0.5184170007705688
,,,13,,,,,,,,,,,,,,,,,,,,,,,,,,,,,9269,0.2233913242816925
,,,13,,,,,,,,,,,,,,,,,,,,,,,,,,,,,9279,1.389106035232544
,,,13,,,,,,,,,,,,,,,,,,,,,,,,,,,,,9289,0.57098788022995
,,,13,,,,,,,,,,,,,,,,,,,,,,,,,,,,,9299,1.2439543008804321
,,,13,,,,,,,,,,,,,,,,,,,,,,,,,,,,,9309,0.14686444401741028
,,,13,,,,,,,,,,,,,,,,,,,,,,,,,,,,,9319,0.48529988527297974
,,,13,,,,,,,,,,,,,,,,,,,,,,,,,,,,,9329,1.1467854976654053
,,,13,,,,,,,,,,,,,,,,,,,,,,,,,,,,,9339,0.17114637792110443
,,,13,,,,,,,,,,,,,,,,,,,,,,,,,,,,,9349,0.3621785640716553
,,,13,,,,,,,,,,,,,,,,,,,,,,,,,,,,,9359,0.3326578140258789
,,,13,,,,,,,,,,,,,,,,,,,,,,,,,,,,,9369,0.44078993797302246
,,,13,,,,,,,,,,,,,,,,,,,,,,,,,,,,,9379,1.07804536819458
,,,13,,,,,,,,,,,,,,,,,,,,,,,,,,,,,9389,0.1528480499982834
,,,13,,,,,,,,,,,,,,,,,,,,,,,,,,,,,9399,0.8045122623443604
,,,13,,,,,,,,,,,,,,,,,,,,,,,,,,,,,9409,1.0999494791030884
,,,13,,,,,,,,,,,,,,,,,,,,,,,,,,,,,9419,0.6100301742553711
,,,13,,,,,,,,,,,,,,,,,,,,,,,,,,,,,9429,0.5083251595497131
,,,13,,,,,,,,,,,,,,,,,,,,,,,,,,,,,9439,0.521704912185669
,,,13,,,,,,,,,,,,,,,,,,,,,,,,,,,,,9449,0.7692816257476807
,,,13,,,,,,,,,,,,,,,,,,,,,,,,,,,,,9459,1.2356747388839722
,,,13,,,,,,,,,,,,,,,,,,,,,,,,,,,,,9469,0.6951051354408264
,,,13,,,,,,,,,,,,,,,,,,,,,,,,,,,,,9479,0.2540503442287445
,,,13,,,,,,,,,,,,,,,,,,,,,,,,,,,,,9489,2.612767219543457
,,,13,,,,,,,,,,,,,,,,,,,,,,,,,,,,,9499,0.5088610053062439
,,,13,,,,,,,,,,,,,,,,,,,,,,,,,,,,,9509,0.15335340797901154
,,,13,,,,,,,,,,,,,,,,,,,,,,,,,,,,,9519,0.07010875642299652
,,,13,,,,,,,,,,,,,,,,,,,,,,,,,,,,,9529,0.6461390256881714
,,,13,,,,,,,,,,,,,,,,,,,,,,,,,,,,,9539,0.3760588765144348
,,,13,,,,,,,,,,,,,,,,,,,,,,,,,,,,,9549,0.4494786560535431
,,,13,,,,,,,,,,,,,,,,,,,,,,,,,,,,,9559,0.294033408164978
,,,13,,,,,,,,,,,,,,,,,,,,,,,,,,,,,9569,0.17457199096679688
,,,13,,,,,,,,,,,,,,,,,,,,,,,,,,,,,9579,0.5663702487945557
,,,13,,,,,,,,,,,,,,,,,,,,,,,,,,,,,9589,1.2878122329711914
,,,13,,,,,,,,,,,,,,,,,,,,,,,,,,,,,9599,0.17792637646198273
,,,13,,,,,,,,,,,,,,,,,,,,,,,,,,,,,9609,0.15601851046085358
,,,13,,,,,,,,,,,,,,,,,,,,,,,,,,,,,9619,0.12938843667507172
,,,13,,,,,,,,,,,,,,,,,,,,,,,,,,,,,9629,1.1809509992599487
,,,13,,,,,,,,,,,,,,,,,,,,,,,,,,,,,9639,1.9207961559295654
,,,13,,,,,,,,,,,,,,,,,,,,,,,,,,,,,9649,0.22545230388641357
,,,13,,,,,,,,,,,,,,,,,,,,,,,,,,,,,9659,0.5974434614181519
,,,13,,,,,,,,,,,,,,,,,,,,,,,,,,,,,9669,0.4747985601425171
,,,13,,,,,,,,,,,,,,,,,,,,,,,,,,,,,9679,0.09777966141700745
,,,13,,,,,,,,,,,,,,,,,,,,,,,,,,,,,9689,0.17575617134571075
,,,13,,,,,,,,,,,,,,,,,,,,,,,,,,,,,9699,0.581498384475708
,,,13,,,,,,,,,,,,,,,,,,,,,,,,,,,,,9709,0.4893753230571747
,,,13,,,,,,,,,,,,,,,,,,,,,,,,,,,,,9719,0.28963959217071533
,,,13,,,,,,,,,,,,,,,,,,,,,,,,,,,,,9729,0.2541162669658661
,,,13,,,,,,,,,,,,,,,,,,,,,,,,,,,,,9739,0.6467586159706116
,,,13,,,,,,,,,,,,,,,,,,,,,,,,,,,,,9749,0.8758517503738403
,,,13,,,,,,,,,,,,,,,,,,,,,,,,,,,,,9759,0.43126294016838074
,,,13,,,,,,,,,,,,,,,,,,,,,,,,,,,,,9769,0.4237174987792969
,,,13,,,,,,,,,,,,,,,,,,,,,,,,,,,,,9779,0.3655144274234772
,,,13,,,,,,,,,,,,,,,,,,,,,,,,,,,,,9789,0.9317736029624939
,,,13,,,,,,,,,,,,,,,,,,,,,,,,,,,,,9799,0.9454702734947205
,,,13,,,,,,,,,,,,,,,,,,,,,,,,,,,,,9809,1.5170683860778809
,,,,5.144852529658481e-07,2.882169408442831e-06,4.43410678221974e-06,4.43410678221974e-06,6.8217027418765215e-06,6.8217027418765215e-06,1.0494927295194649e-05,1.0494927295194649e-05,1.614604199260715e-05,1.614604199260715e-05,2.4840064604011e-05,5.144852529658481e-07,2.4840064604011e-05,3.821548400617077e-05,3.821548400617077e-05,5.87930523171858e-05,5.87930523171858e-05,9.045084971874738e-05,9.045084971874738e-05,9.045084971874738e-05,9.045084971874738e-05,7.915157737936124e-07,7.915157737936124e-07,1.2177165750670961e-06,1.2177165750670961e-06,1.87341011548784e-06,1.87341011548784e-06,2.882169408442831e-06,9814,
,,,14,,,,,,,,,,,,,,,,,,,,,,,,,,,,,9819,1.0692358016967773
,,,14,,,,,,,,,,,,,,,,,,,,,,,,,,,,,9829,1.5624698400497437
,,,14,,,,,,,,,,,,,,,,,,,,,,,,,,,,,9839,1.0867692232131958
,,,14,,,,,,,,,,,,,,,,,,,,,,,,,,,,,9849,0.10327417403459549
,,,14,,,,,,,,,,,,,,,,,,,,,,,,,,,,,9859,0.17700083553791046
,,,14,,,,,,,,,,,,,,,,,,,,,,,,,,,,,9869,0.1533779352903366
,,,14,,,,,,,,,,,,,,,,,,,,,,,,,,,,,9879,0.5435736179351807
,,,14,,,,,,,,,,,,,,,,,,,,,,,,,,,,,9889,0.26747503876686096
,,,14,,,,,,,,,,,,,,,,,,,,,,,,,,,,,9899,0.26562827825546265
,,,14,,,,,,,,,,,,,,,,,,,,,,,,,,,,,9909,0.13055528700351715
,,,14,,,,,,,,,,,,,,,,,,,,,,,,,,,,,9919,0.12890563905239105
,,,14,,,,,,,,,,,,,,,,,,,,,,,,,,,,,9929,0.7609484791755676
,,,14,,,,,,,,,,,,,,,,,,,,,,,,,,,,,9939,0.5735256671905518
,,,14,,,,,,,,,,,,,,,,,,,,,,,,,,,,,9949,0.4966951906681061
,,,14,,,,,,,,,,,,,,,,,,,,,,,,,,,,,9959,0.1751844733953476
,,,14,,,,,,,,,,,,,,,,,,,,,,,,,,,,,9969,0.11396588385105133
,,,14,,,,,,,,,,,,,,,,,,,,,,,,,,,,,9979,0.7014216184616089
,,,14,,,,,,,,,,,,,,,,,,,,,,,,,,,,,9989,1.4999384880065918
,,,14,,,,,,,,,,,,,,,,,,,,,,,,,,,,,9999,0.6052786707878113
,,,14,,,,,,,,,,,,,,,,,,,,,,,,,,,,,10009,0.16059215366840363
,,,14,,,,,,,,,,,,,,,,,,,,,,,,,,,,,10019,0.24933630228042603
,,,14,,,,,,,,,,,,,,,,,,,,,,,,,,,,,10029,0.5221557021141052
,,,14,,,,,,,,,,,,,,,,,,,,,,,,,,,,,10039,0.6668442487716675
,,,14,,,,,,,,,,,,,,,,,,,,,,,,,,,,,10049,1.0743705034255981
,,,14,,,,,,,,,,,,,,,,,,,,,,,,,,,,,10059,0.2842465043067932
,,,14,,,,,,,,,,,,,,,,,,,,,,,,,,,,,10069,0.22853846848011017
,,,14,,,,,,,,,,,,,,,,,,,,,,,,,,,,,10079,0.08736191689968109
,,,14,,,,,,,,,,,,,,,,,,,,,,,,,,,,,10089,0.8797127604484558
,,,14,,,,,,,,,,,,,,,,,,,,,,,,,,,,,10099,0.15061995387077332
,,,14,,,,,,,,,,,,,,,,,,,,,,,,,,,,,10109,2.0582082271575928
,,,14,,,,,,,,,,,,,,,,,,,,,,,,,,,,,10119,0.3015252351760864
,,,14,,,,,,,,,,,,,,,,,,,,,,,,,,,,,10129,0.7792176008224487
,,,14,,,,,,,,,,,,,,,,,,,,,,,,,,,,,10139,0.37517356872558594
,,,14,,,,,,,,,,,,,,,,,,,,,,,,,,,,,10149,0.6269502639770508
,,,14,,,,,,,,,,,,,,,,,,,,,,,,,,,,,10159,0.6479743123054504
,,,14,,,,,,,,,,,,,,,,,,,,,,,,,,,,,10169,0.35146135091781616
,,,14,,,,,,,,,,,,,,,,,,,,,,,,,,,,,10179,0.6333682537078857
,,,14,,,,,,,,,,,,,,,,,,,,,,,,,,,,,10189,0.1476801335811615
,,,14,,,,,,,,,,,,,,,,,,,,,,,,,,,,,10199,0.18229083716869354
,,,14,,,,,,,,,,,,,,,,,,,,,,,,,,,,,10209,1.0697333812713623
,,,14,,,,,,,,,,,,,,,,,,,,,,,,,,,,,10219,1.6161377429962158
,,,14,,,,,,,,,,,,,,,,,,,,,,,,,,,,,10229,0.611318826675415
,,,14,,,,,,,,,,,,,,,,,,,,,,,,,,,,,10239,0.21523278951644897
,,,14,,,,,,,,,,,,,,,,,,,,,,,,,,,,,10249,0.4015672504901886
,,,14,,,,,,,,,,,,,,,,,,,,,,,,,,,,,10259,0.6295585632324219
,,,14,,,,,,,,,,,,,,,,,,,,,,,,,,,,,10269,0.19411160051822662
,,,14,,,,,,,,,,,,,,,,,,,,,,,,,,,,,10279,0.31213006377220154
,,,14,,,,,,,,,,,,,,,,,,,,,,,,,,,,,10289,0.8777725100517273
,,,14,,,,,,,,,,,,,,,,,,,,,,,,,,,,,10299,1.130691647529602
,,,14,,,,,,,,,,,,,,,,,,,,,,,,,,,,,10309,0.5505292415618896
,,,14,,,,,,,,,,,,,,,,,,,,,,,,,,,,,10319,0.9919466376304626
,,,14,,,,,,,,,,,,,,,,,,,,,,,,,,,,,10329,1.084868311882019
,,,14,,,,,,,,,,,,,,,,,,,,,,,,,,,,,10339,0.7072657942771912
,,,14,,,,,,,,,,,,,,,,,,,,,,,,,,,,,10349,0.7749738693237305
,,,14,,,,,,,,,,,,,,,,,,,,,,,,,,,,,10359,0.08313211053609848
,,,14,,,,,,,,,,,,,,,,,,,,,,,,,,,,,10369,0.6860182285308838
,,,14,,,,,,,,,,,,,,,,,,,,,,,,,,,,,10379,1.0033187866210938
,,,14,,,,,,,,,,,,,,,,,,,,,,,,,,,,,10389,0.5961248874664307
,,,14,,,,,,,,,,,,,,,,,,,,,,,,,,,,,10399,0.7744104862213135
,,,14,,,,,,,,,,,,,,,,,,,,,,,,,,,,,10409,0.9773632287979126
,,,14,,,,,,,,,,,,,,,,,,,,,,,,,,,,,10419,0.9871840476989746
,,,14,,,,,,,,,,,,,,,,,,,,,,,,,,,,,10429,0.2931879162788391
,,,14,,,,,,,,,,,,,,,,,,,,,,,,,,,,,10439,0.16406583786010742
,,,14,,,,,,,,,,,,,,,,,,,,,,,,,,,,,10449,0.37827539443969727
,,,14,,,,,,,,,,,,,,,,,,,,,,,,,,,,,10459,0.2873828113079071
,,,14,,,,,,,,,,,,,,,,,,,,,,,,,,,,,10469,0.5056439638137817
,,,14,,,,,,,,,,,,,,,,,,,,,,,,,,,,,10479,0.4751960039138794
,,,14,,,,,,,,,,,,,,,,,,,,,,,,,,,,,10489,0.15480218827724457
,,,14,,,,,,,,,,,,,,,,,,,,,,,,,,,,,10499,0.19200608134269714
,,,14,,,,,,,,,,,,,,,,,,,,,,,,,,,,,10509,0.23082251846790314
0.7163323760032654,0.7075471878051758,0.7253385186195374,14,,,,,,,,,,,,,,,,,,,,,,,,,,,,,10514,
,,,,5.022638399154116e-07,2.813704505670875e-06,4.328776162570576e-06,4.328776162570576e-06,6.659655634723963e-06,6.659655634723963e-06,1.0245624053421482e-05,1.0245624053421482e-05,1.5762498543725355e-05,1.5762498543725355e-05,2.4249997759577468e-05,5.022638399154116e-07,2.4249997759577468e-05,3.730768886088841e-05,3.730768886088841e-05,5.739644440136679e-05,5.739644440136679e-05,8.83022221559489e-05,8.83022221559489e-05,8.83022221559489e-05,8.83022221559489e-05,7.72713599869864e-07,7.72713599869864e-07,1.1887901536459447e-06,1.1887901536459447e-06,1.8289079286860687e-06,1.8289079286860687e-06,2.813704505670875e-06,10515,
,,,15,,,,,,,,,,,,,,,,,,,,,,,,,,,,,10519,0.2780420482158661
,,,15,,,,,,,,,,,,,,,,,,,,,,,,,,,,,10529,0.23916758596897125
,,,15,,,,,,,,,,,,,,,,,,,,,,,,,,,,,10539,0.17680573463439941
,,,15,,,,,,,,,,,,,,,,,,,,,,,,,,,,,10549,0.11885544657707214
,,,15,,,,,,,,,,,,,,,,,,,,,,,,,,,,,10559,0.21473629772663116
,,,15,,,,,,,,,,,,,,,,,,,,,,,,,,,,,10569,0.5489546656608582
,,,15,,,,,,,,,,,,,,,,,,,,,,,,,,,,,10579,0.06397945433855057
,,,15,,,,,,,,,,,,,,,,,,,,,,,,,,,,,10589,2.1170449256896973
,,,15,,,,,,,,,,,,,,,,,,,,,,,,,,,,,10599,0.8116865158081055
,,,15,,,,,,,,,,,,,,,,,,,,,,,,,,,,,10609,0.4404732584953308
,,,15,,,,,,,,,,,,,,,,,,,,,,,,,,,,,10619,1.086487889289856
,,,15,,,,,,,,,,,,,,,,,,,,,,,,,,,,,10629,0.5386134386062622
,,,15,,,,,,,,,,,,,,,,,,,,,,,,,,,,,10639,0.05256284028291702
,,,15,,,,,,,,,,,,,,,,,,,,,,,,,,,,,10649,0.13113613426685333
,,,15,,,,,,,,,,,,,,,,,,,,,,,,,,,,,10659,0.40650367736816406
,,,15,,,,,,,,,,,,,,,,,,,,,,,,,,,,,10669,0.8594805598258972
,,,15,,,,,,,,,,,,,,,,,,,,,,,,,,,,,10679,0.4130019545555115
,,,15,,,,,,,,,,,,,,,,,,,,,,,,,,,,,10689,0.46620216965675354
,,,15,,,,,,,,,,,,,,,,,,,,,,,,,,,,,10699,0.18683631718158722
,,,15,,,,,,,,,,,,,,,,,,,,,,,,,,,,,10709,1.300528883934021
,,,15,,,,,,,,,,,,,,,,,,,,,,,,,,,,,10719,0.44033417105674744
,,,15,,,,,,,,,,,,,,,,,,,,,,,,,,,,,10729,0.5531253218650818
,,,15,,,,,,,,,,,,,,,,,,,,,,,,,,,,,10739,0.6769682168960571
,,,15,,,,,,,,,,,,,,,,,,,,,,,,,,,,,10749,0.5818424224853516
,,,15,,,,,,,,,,,,,,,,,,,,,,,,,,,,,10759,0.19082435965538025
,,,15,,,,,,,,,,,,,,,,,,,,,,,,,,,,,10769,0.8678573966026306
,,,15,,,,,,,,,,,,,,,,,,,,,,,,,,,,,10779,0.39902082085609436
,,,15,,,,,,,,,,,,,,,,,,,,,,,,,,,,,10789,0.47899675369262695
,,,15,,,,,,,,,,,,,,,,,,,,,,,,,,,,,10799,0.05823789909482002
,,,15,,,,,,,,,,,,,,,,,,,,,,,,,,,,,10809,0.20402348041534424
,,,15,,,,,,,,,,,,,,,,,,,,,,,,,,,,,10819,0.18633238971233368
,,,15,,,,,,,,,,,,,,,,,,,,,,,,,,,,,10829,0.9168300628662109
,,,15,,,,,,,,,,,,,,,,,,,,,,,,,,,,,10839,0.19090259075164795
,,,15,,,,,,,,,,,,,,,,,,,,,,,,,,,,,10849,0.3675503432750702
,,,15,,,,,,,,,,,,,,,,,,,,,,,,,,,,,10859,0.8054141998291016
,,,15,,,,,,,,,,,,,,,,,,,,,,,,,,,,,10869,0.2603228986263275
,,,15,,,,,,,,,,,,,,,,,,,,,,,,,,,,,10879,0.3138329088687897
,,,15,,,,,,,,,,,,,,,,,,,,,,,,,,,,,10889,0.34959402680397034
,,,15,,,,,,,,,,,,,,,,,,,,,,,,,,,,,10899,0.3191695511341095
,,,15,,,,,,,,,,,,,,,,,,,,,,,,,,,,,10909,0.0952083095908165
,,,15,,,,,,,,,,,,,,,,,,,,,,,,,,,,,10919,0.6010518074035645
,,,15,,,,,,,,,,,,,,,,,,,,,,,,,,,,,10929,0.5199357867240906
,,,15,,,,,,,,,,,,,,,,,,,,,,,,,,,,,10939,0.07604105025529861
,,,15,,,,,,,,,,,,,,,,,,,,,,,,,,,,,10949,0.38258716464042664
,,,15,,,,,,,,,,,,,,,,,,,,,,,,,,,,,10959,0.30745184421539307
,,,15,,,,,,,,,,,,,,,,,,,,,,,,,,,,,10969,0.31029313802719116
,,,15,,,,,,,,,,,,,,,,,,,,,,,,,,,,,10979,0.15731918811798096
,,,15,,,,,,,,,,,,,,,,,,,,,,,,,,,,,10989,0.02663283981382847
,,,15,,,,,,,,,,,,,,,,,,,,,,,,,,,,,10999,0.7579172849655151
,,,15,,,,,,,,,,,,,,,,,,,,,,,,,,,,,11009,0.4204508066177368
,,,15,,,,,,,,,,,,,,,,,,,,,,,,,,,,,11019,0.22783486545085907
,,,15,,,,,,,,,,,,,,,,,,,,,,,,,,,,,11029,0.39754047989845276
,,,15,,,,,,,,,,,,,,,,,,,,,,,,,,,,,11039,0.8949961066246033
,,,15,,,,,,,,,,,,,,,,,,,,,,,,,,,,,11049,0.7538318634033203
,,,15,,,,,,,,,,,,,,,,,,,,,,,,,,,,,11059,0.5308286547660828
,,,15,,,,,,,,,,,,,,,,,,,,,,,,,,,,,11069,0.6102096438407898
,,,15,,,,,,,,,,,,,,,,,,,,,,,,,,,,,11079,0.13910430669784546
,,,15,,,,,,,,,,,,,,,,,,,,,,,,,,,,,11089,0.7076471447944641
,,,15,,,,,,,,,,,,,,,,,,,,,,,,,,,,,11099,0.8024719953536987
,,,15,,,,,,,,,,,,,,,,,,,,,,,,,,,,,11109,0.1699761599302292
,,,15,,,,,,,,,,,,,,,,,,,,,,,,,,,,,11119,0.08734244108200073
,,,15,,,,,,,,,,,,,,,,,,,,,,,,,,,,,11129,0.06765636056661606
,,,15,,,,,,,,,,,,,,,,,,,,,,,,,,,,,11139,0.07472226768732071
,,,15,,,,,,,,,,,,,,,,,,,,,,,,,,,,,11149,0.7197659611701965
,,,15,,,,,,,,,,,,,,,,,,,,,,,,,,,,,11159,0.6672551035881042
,,,15,,,,,,,,,,,,,,,,,,,,,,,,,,,,,11169,0.6400034427642822
,,,15,,,,,,,,,,,,,,,,,,,,,,,,,,,,,11179,1.309098482131958
,,,15,,,,,,,,,,,,,,,,,,,,,,,,,,,,,11189,0.42746061086654663
,,,15,,,,,,,,,,,,,,,,,,,,,,,,,,,,,11199,0.3600672483444214
,,,15,,,,,,,,,,,,,,,,,,,,,,,,,,,,,11209,0.9596767425537109
,,,,4.88981018344231e-07,2.739293544871571e-06,4.2142977613408785e-06,4.2142977613408785e-06,6.4835350174475046e-06,6.4835350174475046e-06,9.974669257611545e-06,9.974669257611545e-06,1.534564501171007e-05,1.534564501171007e-05,2.3608684633400107e-05,4.88981018344231e-07,2.3608684633400107e-05,3.6321053282154005e-05,3.6321053282154005e-05,5.587854351100617e-05,5.587854351100617e-05,8.596699001693255e-05,8.596699001693255e-05,8.596699001693255e-05,8.596699001693255e-05,7.522784897603552e-07,7.522784897603552e-07,1.1573515227082388e-06,1.1573515227082388e-06,1.7805408041665213e-06,1.7805408041665213e-06,2.739293544871571e-06,11216,
,,,16,,,,,,,,,,,,,,,,,,,,,,,,,,,,,11219,0.783318817615509
,,,16,,,,,,,,,,,,,,,,,,,,,,,,,,,,,11229,0.09347701817750931
,,,16,,,,,,,,,,,,,,,,,,,,,,,,,,,,,11239,0.23309865593910217
,,,16,,,,,,,,,,,,,,,,,,,,,,,,,,,,,11249,3.2333462238311768
,,,16,,,,,,,,,,,,,,,,,,,,,,,,,,,,,11259,0.2926972210407257
,,,16,,,,,,,,,,,,,,,,,,,,,,,,,,,,,11269,0.22281081974506378
,,,16,,,,,,,,,,,,,,,,,,,,,,,,,,,,,11279,0.22601081430912018
,,,16,,,,,,,,,,,,,,,,,,,,,,,,,,,,,11289,0.25865399837493896
,,,16,,,,,,,,,,,,,,,,,,,,,,,,,,,,,11299,0.14849360287189484
,,,16,,,,,,,,,,,,,,,,,,,,,,,,,,,,,11309,0.3332231640815735
,,,16,,,,,,,,,,,,,,,,,,,,,,,,,,,,,11319,0.14858415722846985
,,,16,,,,,,,,,,,,,,,,,,,,,,,,,,,,,11329,0.40528151392936707
,,,16,,,,,,,,,,,,,,,,,,,,,,,,,,,,,11339,0.5990365147590637
,,,16,,,,,,,,,,,,,,,,,,,,,,,,,,,,,11349,0.3089657425880432
,,,16,,,,,,,,,,,,,,,,,,,,,,,,,,,,,11359,0.5901880264282227
,,,16,,,,,,,,,,,,,,,,,,,,,,,,,,,,,11369,1.014041543006897
,,,16,,,,,,,,,,,,,,,,,,,,,,,,,,,,,11379,0.8094385862350464
,,,16,,,,,,,,,,,,,,,,,,,,,,,,,,,,,11389,0.529994547367096
,,,16,,,,,,,,,,,,,,,,,,,,,,,,,,,,,11399,0.17989860475063324
,,,16,,,,,,,,,,,,,,,,,,,,,,,,,,,,,11409,0.38360294699668884
,,,16,,,,,,,,,,,,,,,,,,,,,,,,,,,,,11419,0.46249061822891235
,,,16,,,,,,,,,,,,,,,,,,,,,,,,,,,,,11429,0.2469552457332611
,,,16,,,,,,,,,,,,,,,,,,,,,,,,,,,,,11439,0.5068251490592957
,,,16,,,,,,,,,,,,,,,,,,,,,,,,,,,,,11449,0.20481006801128387
,,,16,,,,,,,,,,,,,,,,,,,,,,,,,,,,,11459,0.1262955516576767
,,,16,,,,,,,,,,,,,,,,,,,,,,,,,,,,,11469,0.5537945628166199
,,,16,,,,,,,,,,,,,,,,,,,,,,,,,,,,,11479,0.4839586615562439
,,,16,,,,,,,,,,,,,,,,,,,,,,,,,,,,,11489,0.35809382796287537
,,,16,,,,,,,,,,,,,,,,,,,,,,,,,,,,,11499,0.2526650130748749
,,,16,,,,,,,,,,,,,,,,,,,,,,,,,,,,,11509,0.7036111950874329
,,,16,,,,,,,,,,,,,,,,,,,,,,,,,,,,,11519,0.3081222176551819
,,,16,,,,,,,,,,,,,,,,,,,,,,,,,,,,,11529,0.2882126271724701
,,,16,,,,,,,,,,,,,,,,,,,,,,,,,,,,,11539,0.20918665826320648
,,,16,,,,,,,,,,,,,,,,,,,,,,,,,,,,,11549,0.350475013256073
,,,16,,,,,,,,,,,,,,,,,,,,,,,,,,,,,11559,1.4342896938323975
,,,16,,,,,,,,,,,,,,,,,,,,,,,,,,,,,11569,0.13853995501995087
,,,16,,,,,,,,,,,,,,,,,,,,,,,,,,,,,11579,0.3063196539878845
,,,16,,,,,,,,,,,,,,,,,,,,,,,,,,,,,11589,0.32213732600212097
,,,16,,,,,,,,,,,,,,,,,,,,,,,,,,,,,11599,0.36371177434921265
,,,16,,,,,,,,,,,,,,,,,,,,,,,,,,,,,11609,0.4110708236694336
,,,16,,,,,,,,,,,,,,,,,,,,,,,,,,,,,11619,0.7555747628211975
,,,16,,,,,,,,,,,,,,,,,,,,,,,,,,,,,11629,0.09353142976760864
,,,16,,,,,,,,,,,,,,,,,,,,,,,,,,,,,11639,0.20362000167369843
,,,16,,,,,,,,,,,,,,,,,,,,,,,,,,,,,11649,0.11467728018760681
,,,16,,,,,,,,,,,,,,,,,,,,,,,,,,,,,11659,0.13992618024349213
,,,16,,,,,,,,,,,,,,,,,,,,,,,,,,,,,11669,0.7174307703971863
,,,16,,,,,,,,,,,,,,,,,,,,,,,,,,,,,11679,0.1895478218793869
,,,16,,,,,,,,,,,,,,,,,,,,,,,,,,,,,11689,0.6895663142204285
,,,16,,,,,,,,,,,,,,,,,,,,,,,,,,,,,11699,0.21479935944080353
,,,16,,,,,,,,,,,,,,,,,,,,,,,,,,,,,11709,0.5015448331832886
,,,16,,,,,,,,,,,,,,,,,,,,,,,,,,,,,11719,0.2863362431526184
,,,16,,,,,,,,,,,,,,,,,,,,,,,,,,,,,11729,0.19938671588897705
,,,16,,,,,,,,,,,,,,,,,,,,,,,,,,,,,11739,0.7468174695968628
,,,16,,,,,,,,,,,,,,,,,,,,,,,,,,,,,11749,0.30983442068099976
,,,16,,,,,,,,,,,,,,,,,,,,,,,,,,,,,11759,1.047475814819336
,,,16,,,,,,,,,,,,,,,,,,,,,,,,,,,,,11769,0.3264869451522827
,,,16,,,,,,,,,,,,,,,,,,,,,,,,,,,,,11779,0.1426691710948944
,,,16,,,,,,,,,,,,,,,,,,,,,,,,,,,,,11789,0.19231200218200684
,,,16,,,,,,,,,,,,,,,,,,,,,,,,,,,,,11799,0.462749183177948
,,,16,,,,,,,,,,,,,,,,,,,,,,,,,,,,,11809,0.6140397787094116
,,,16,,,,,,,,,,,,,,,,,,,,,,,,,,,,,11819,0.8908552527427673
,,,16,,,,,,,,,,,,,,,,,,,,,,,,,,,,,11829,0.022242119535803795
,,,16,,,,,,,,,,,,,,,,,,,,,,,,,,,,,11839,0.43972301483154297
,,,16,,,,,,,,,,,,,,,,,,,,,,,,,,,,,11849,0.9495049715042114
,,,16,,,,,,,,,,,,,,,,,,,,,,,,,,,,,11859,1.9981735944747925
,,,16,,,,,,,,,,,,,,,,,,,,,,,,,,,,,11869,1.0457301139831543
,,,16,,,,,,,,,,,,,,,,,,,,,,,,,,,,,11879,0.33280715346336365
,,,16,,,,,,,,,,,,,,,,,,,,,,,,,,,,,11889,0.1921357959508896
,,,16,,,,,,,,,,,,,,,,,,,,,,,,,,,,,11899,0.6778494715690613
,,,16,,,,,,,,,,,,,,,,,,,,,,,,,,,,,11909,0.12372808158397675
,,,,4.747015008238162e-07,2.65929904876617e-06,4.091229305794108e-06,4.091229305794108e-06,6.294198931990935e-06,6.294198931990935e-06,9.683382972293745e-06,9.683382972293745e-06,1.48975122650673e-05,1.48975122650673e-05,2.2919249638565074e-05,4.747015008238162e-07,2.2919249638565074e-05,3.5260384059330885e-05,3.5260384059330885e-05,5.42467447066629e-05,5.42467447066629e-05,8.345653031794292e-05,8.345653031794292e-05,8.345653031794292e-05,8.345653031794292e-05,7.303100012674094e-07,7.303100012674094e-07,1.123553848103707e-06,1.123553848103707e-06,1.7285443816980106e-06,1.7285443816980106e-06,2.65929904876617e-06,11917,
,,,17,,,,,,,,,,,,,,,,,,,,,,,,,,,,,11919,0.46803373098373413
,,,17,,,,,,,,,,,,,,,,,,,,,,,,,,,,,11929,0.0639040544629097
,,,17,,,,,,,,,,,,,,,,,,,,,,,,,,,,,11939,0.5396372079849243
,,,17,,,,,,,,,,,,,,,,,,,,,,,,,,,,,11949,0.08020489662885666
,,,17,,,,,,,,,,,,,,,,,,,,,,,,,,,,,11959,0.10498235374689102
,,,17,,,,,,,,,,,,,,,,,,,,,,,,,,,,,11969,0.7168600559234619
,,,17,,,,,,,,,,,,,,,,,,,,,,,,,,,,,11979,0.24520400166511536
,,,17,,,,,,,,,,,,,,,,,,,,,,,,,,,,,11989,0.12735092639923096
,,,17,,,,,,,,,,,,,,,,,,,,,,,,,,,,,11999,1.091417908668518
,,,17,,,,,,,,,,,,,,,,,,,,,,,,,,,,,12009,0.2177889496088028
,,,17,,,,,,,,,,,,,,,,,,,,,,,,,,,,,12019,0.08635319024324417
,,,17,,,,,,,,,,,,,,,,,,,,,,,,,,,,,12029,0.4471782147884369
,,,17,,,,,,,,,,,,,,,,,,,,,,,,,,,,,12039,0.8753184080123901
,,,17,,,,,,,,,,,,,,,,,,,,,,,,,,,,,12049,0.12850072979927063
,,,17,,,,,,,,,,,,,,,,,,,,,,,,,,,,,12059,0.10359013080596924
,,,17,,,,,,,,,,,,,,,,,,,,,,,,,,,,,12069,0.29815834760665894
,,,17,,,,,,,,,,,,,,,,,,,,,,,,,,,,,12079,1.052815318107605
,,,17,,,,,,,,,,,,,,,,,,,,,,,,,,,,,12089,0.15509295463562012
,,,17,,,,,,,,,,,,,,,,,,,,,,,,,,,,,12099,0.7363678216934204
,,,17,,,,,,,,,,,,,,,,,,,,,,,,,,,,,12109,0.39729419350624084
,,,17,,,,,,,,,,,,,,,,,,,,,,,,,,,,,12119,0.5682147145271301
,,,17,,,,,,,,,,,,,,,,,,,,,,,,,,,,,12129,0.5268596410751343
,,,17,,,,,,,,,,,,,,,,,,,,,,,,,,,,,12139,0.7242574095726013
,,,17,,,,,,,,,,,,,,,,,,,,,,,,,,,,,12149,0.1807723194360733
,,,17,,,,,,,,,,,,,,,,,,,,,,,,,,,,,12159,0.3425922989845276
,,,17,,,,,,,,,,,,,,,,,,,,,,,,,,,,,12169,0.3700675964355469
,,,17,,,,,,,,,,,,,,,,,,,,,,,,,,,,,12179,2.7487032413482666
,,,17,,,,,,,,,,,,,,,,,,,,,,,,,,,,,12189,0.5309878587722778
,,,17,,,,,,,,,,,,,,,,,,,,,,,,,,,,,12199,0.026090964674949646
,,,17,,,,,,,,,,,,,,,,,,,,,,,,,,,,,12209,0.22312843799591064
,,,17,,,,,,,,,,,,,,,,,,,,,,,,,,,,,12219,1.034366488456726
,,,17,,,,,,,,,,,,,,,,,,,,,,,,,,,,,12229,0.4907156229019165
,,,17,,,,,,,,,,,,,,,,,,,,,,,,,,,,,12239,0.4954536557197571
,,,17,,,,,,,,,,,,,,,,,,,,,,,,,,,,,12249,0.48781195282936096
,,,17,,,,,,,,,,,,,,,,,,,,,,,,,,,,,12259,0.653477668762207
,,,17,,,,,,,,,,,,,,,,,,,,,,,,,,,,,12269,0.26933443546295166
,,,17,,,,,,,,,,,,,,,,,,,,,,,,,,,,,12279,0.42254212498664856
,,,17,,,,,,,,,,,,,,,,,,,,,,,,,,,,,12289,0.48432883620262146
,,,17,,,,,,,,,,,,,,,,,,,,,,,,,,,,,12299,0.19909606873989105
,,,17,,,,,,,,,,,,,,,,,,,,,,,,,,,,,12309,0.717844545841217
,,,17,,,,,,,,,,,,,,,,,,,,,,,,,,,,,12319,0.355808287858963
,,,17,,,,,,,,,,,,,,,,,,,,,,,,,,,,,12329,0.2239057570695877
,,,17,,,,,,,,,,,,,,,,,,,,,,,,,,,,,12339,0.3637089133262634
,,,17,,,,,,,,,,,,,,,,,,,,,,,,,,,,,12349,0.37082651257514954
,,,17,,,,,,,,,,,,,,,,,,,,,,,,,,,,,12359,0.05696980282664299
,,,17,,,,,,,,,,,,,,,,,,,,,,,,,,,,,12369,0.512146532535553
,,,17,,,,,,,,,,,,,,,,,,,,,,,,,,,,,12379,0.12363994121551514
,,,17,,,,,,,,,,,,,,,,,,,,,,,,,,,,,12389,0.8848292231559753
,,,17,,,,,,,,,,,,,,,,,,,,,,,,,,,,,12399,0.8942613005638123
,,,17,,,,,,,,,,,,,,,,,,,,,,,,,,,,,12409,0.2039264291524887
,,,17,,,,,,,,,,,,,,,,,,,,,,,,,,,,,12419,0.3907698392868042
,,,17,,,,,,,,,,,,,,,,,,,,,,,,,,,,,12429,0.09613696485757828
,,,17,,,,,,,,,,,,,,,,,,,,,,,,,,,,,12439,0.0823102742433548
,,,17,,,,,,,,,,,,,,,,,,,,,,,,,,,,,12449,1.1847951412200928
,,,17,,,,,,,,,,,,,,,,,,,,,,,,,,,,,12459,0.7428885102272034
,,,17,,,,,,,,,,,,,,,,,,,,,,,,,,,,,12469,2.0677218437194824
,,,17,,,,,,,,,,,,,,,,,,,,,,,,,,,,,12479,0.33555978536605835
,,,17,,,,,,,,,,,,,,,,,,,,,,,,,,,,,12489,1.7553842067718506
,,,17,,,,,,,,,,,,,,,,,,,,,,,,,,,,,12499,0.3050181567668915
,,,17,,,,,,,,,,,,,,,,,,,,,,,,,,,,,12509,0.6702805757522583
,,,17,,,,,,,,,,,,,,,,,,,,,,,,,,,,,12519,0.2503918409347534
,,,17,,,,,,,,,,,,,,,,,,,,,,,,,,,,,12529,1.5934960842132568
,,,17,,,,,,,,,,,,,,,,,,,,,,,,,,,,,12539,0.19192524254322052
,,,17,,,,,,,,,,,,,,,,,,,,,,,,,,,,,12549,0.5049681067466736
,,,17,,,,,,,,,,,,,,,,,,,,,,,,,,,,,12559,0.8681073188781738
,,,17,,,,,,,,,,,,,,,,,,,,,,,,,,,,,12569,0.34098753333091736
,,,17,,,,,,,,,,,,,,,,,,,,,,,,,,,,,12579,0.3375806510448456
,,,17,,,,,,,,,,,,,,,,,,,,,,,,,,,,,12589,0.3278445303440094
,,,17,,,,,,,,,,,,,,,,,,,,,,,,,,,,,12599,0.9725896716117859
,,,17,,,,,,,,,,,,,,,,,,,,,,,,,,,,,12609,0.9267844557762146
,,,,4.5949485572815476e-07,2.5741107424986786e-06,3.960170373074889e-06,3.960170373074889e-06,6.092569804730599e-06,6.092569804730599e-06,9.373184314970152e-06,9.373184314970152e-06,1.4420283561492542e-05,1.4420283561492542e-05,2.2185051633065447e-05,4.5949485572815476e-07,2.2185051633065447e-05,3.4130848666254534e-05,3.4130848666254534e-05,5.2508997948083897e-05,5.2508997948083897e-05,8.07830737662829e-05,8.07830737662829e-05,8.07830737662829e-05,8.07830737662829e-05,7.069151626586995e-07,7.069151626586995e-07,1.0875617887056918e-06,1.0875617887056918e-06,1.673171982624141e-06,1.673171982624141e-06,2.5741107424986786e-06,12618,
,,,18,,,,,,,,,,,,,,,,,,,,,,,,,,,,,12619,0.10266805440187454
,,,18,,,,,,,,,,,,,,,,,,,,,,,,,,,,,12629,0.8427246809005737
,,,18,,,,,,,,,,,,,,,,,,,,,,,,,,,,,12639,0.19039350748062134
,,,18,,,,,,,,,,,,,,,,,,,,,,,,,,,,,12649,0.6345616579055786
,,,18,,,,,,,,,,,,,,,,,,,,,,,,,,,,,12659,0.152943953871727
,,,18,,,,,,,,,,,,,,,,,,,,,,,,,,,,,12669,0.2204856127500534
,,,18,,,,,,,,,,,,,,,,,,,,,,,,,,,,,12679,0.20052865147590637
,,,18,,,,,,,,,,,,,,,,,,,,,,,,,,,,,12689,0.10619763284921646
,,,18,,,,,,,,,,,,,,,,,,,,,,,,,,,,,12699,1.5782462358474731
,,,18,,,,,,,,,,,,,,,,,,,,,,,,,,,,,12709,0.18692074716091156
,,,18,,,,,,,,,,,,,,,,,,,,,,,,,,,,,12719,0.5550295114517212
,,,18,,,,,,,,,,,,,,,,,,,,,,,,,,,,,12729,0.038128335028886795
,,,18,,,,,,,,,,,,,,,,,,,,,,,,,,,,,12739,0.31819868087768555
,,,18,,,,,,,,,,,,,,,,,,,,,,,,,,,,,12749,0.07153567671775818
,,,18,,,,,,,,,,,,,,,,,,,,,,,,,,,,,12759,0.5553572773933411
,,,18,,,,,,,,,,,,,,,,,,,,,,,,,,,,,12769,0.2495420277118683
,,,18,,,,,,,,,,,,,,,,,,,,,,,,,,,,,12779,0.08769343048334122
,,,18,,,,,,,,,,,,,,,,,,,,,,,,,,,,,12789,0.12938754260540009
,,,18,,,,,,,,,,,,,,,,,,,,,,,,,,,,,12799,0.3694274127483368
,,,18,,,,,,,,,,,,,,,,,,,,,,,,,,,,,12809,0.20152580738067627
,,,18,,,,,,,,,,,,,,,,,,,,,,,,,,,,,12819,0.3902507424354553
,,,18,,,,,,,,,,,,,,,,,,,,,,,,,,,,,12829,0.5829123854637146
,,,18,,,,,,,,,,,,,,,,,,,,,,,,,,,,,12839,0.3673243522644043
,,,18,,,,,,,,,,,,,,,,,,,,,,,,,,,,,12849,0.5970980525016785
,,,18,,,,,,,,,,,,,,,,,,,,,,,,,,,,,12859,1.815106749534607
,,,18,,,,,,,,,,,,,,,,,,,,,,,,,,,,,12869,0.051681533455848694
,,,18,,,,,,,,,,,,,,,,,,,,,,,,,,,,,12879,2.220020294189453
,,,18,,,,,,,,,,,,,,,,,,,,,,,,,,,,,12889,0.23026643693447113
,,,18,,,,,,,,,,,,,,,,,,,,,,,,,,,,,12899,0.9134108424186707
,,,18,,,,,,,,,,,,,,,,,,,,,,,,,,,,,12909,0.5522621870040894
,,,18,,,,,,,,,,,,,,,,,,,,,,,,,,,,,12919,0.25850269198417664
,,,18,,,,,,,,,,,,,,,,,,,,,,,,,,,,,12929,0.5751596689224243
,,,18,,,,,,,,,,,,,,,,,,,,,,,,,,,,,12939,0.6299066543579102
,,,18,,,,,,,,,,,,,,,,,,,,,,,,,,,,,12949,0.9559286236763
,,,18,,,,,,,,,,,,,,,,,,,,,,,,,,,,,12959,0.30036476254463196
,,,18,,,,,,,,,,,,,,,,,,,,,,,,,,,,,12969,0.10370117425918579
,,,18,,,,,,,,,,,,,,,,,,,,,,,,,,,,,12979,0.493074893951416
,,,18,,,,,,,,,,,,,,,,,,,,,,,,,,,,,12989,0.3271420896053314
,,,18,,,,,,,,,,,,,,,,,,,,,,,,,,,,,12999,0.16038648784160614
,,,18,,,,,,,,,,,,,,,,,,,,,,,,,,,,,13009,0.7214364409446716
,,,18,,,,,,,,,,,,,,,,,,,,,,,,,,,,,13019,0.5677244067192078
,,,18,,,,,,,,,,,,,,,,,,,,,,,,,,,,,13029,0.8293302655220032
,,,18,,,,,,,,,,,,,,,,,,,,,,,,,,,,,13039,0.5817314982414246
,,,18,,,,,,,,,,,,,,,,,,,,,,,,,,,,,13049,0.20971301198005676
,,,18,,,,,,,,,,,,,,,,,,,,,,,,,,,,,13059,0.08330070227384567
,,,18,,,,,,,,,,,,,,,,,,,,,,,,,,,,,13069,1.0719538927078247
,,,18,,,,,,,,,,,,,,,,,,,,,,,,,,,,,13079,1.184227705001831
,,,18,,,,,,,,,,,,,,,,,,,,,,,,,,,,,13089,1.035187005996704
,,,18,,,,,,,,,,,,,,,,,,,,,,,,,,,,,13099,0.49775686860084534
,,,18,,,,,,,,,,,,,,,,,,,,,,,,,,,,,13109,0.19578580558300018
,,,18,,,,,,,,,,,,,,,,,,,,,,,,,,,,,13119,0.8595218658447266
,,,18,,,,,,,,,,,,,,,,,,,,,,,,,,,,,13129,0.10984974354505539
,,,18,,,,,,,,,,,,,,,,,,,,,,,,,,,,,13139,0.8303276300430298
,,,18,,,,,,,,,,,,,,,,,,,,,,,,,,,,,13149,0.6308837532997131
,,,18,,,,,,,,,,,,,,,,,,,,,,,,,,,,,13159,0.04680054634809494
,,,18,,,,,,,,,,,,,,,,,,,,,,,,,,,,,13169,0.12157783657312393
,,,18,,,,,,,,,,,,,,,,,,,,,,,,,,,,,13179,0.4609205424785614
,,,18,,,,,,,,,,,,,,,,,,,,,,,,,,,,,13189,0.07054902613162994
,,,18,,,,,,,,,,,,,,,,,,,,,,,,,,,,,13199,2.685692548751831
,,,18,,,,,,,,,,,,,,,,,,,,,,,,,,,,,13209,0.2277374267578125
,,,18,,,,,,,,,,,,,,,,,,,,,,,,,,,,,13219,0.21188636124134064
,,,18,,,,,,,,,,,,,,,,,,,,,,,,,,,,,13229,0.5117616057395935
,,,18,,,,,,,,,,,,,,,,,,,,,,,,,,,,,13239,0.9385890960693359
,,,18,,,,,,,,,,,,,,,,,,,,,,,,,,,,,13249,0.32842329144477844
,,,18,,,,,,,,,,,,,,,,,,,,,,,,,,,,,13259,0.2884272038936615
,,,18,,,,,,,,,,,,,,,,,,,,,,,,,,,,,13269,0.4559244215488434
,,,18,,,,,,,,,,,,,,,,,,,,,,,,,,,,,13279,0.13973140716552734
,,,18,,,,,,,,,,,,,,,,,,,,,,,,,,,,,13289,0.2245103269815445
,,,18,,,,,,,,,,,,,,,,,,,,,,,,,,,,,13299,0.30131006240844727
,,,18,,,,,,,,,,,,,,,,,,,,,,,,,,,,,13309,0.4585319757461548
,,,,4.4343516830358614e-07,2.484143654934133e-06,3.821759469129435e-06,3.821759469129435e-06,5.879629952506824e-06,5.879629952506824e-06,9.045584542318189e-06,9.045584542318189e-06,1.3916283911258752e-05,1.3916283911258752e-05,2.1409667555782694e-05,4.4343516830358614e-07,2.1409667555782694e-05,3.293795008581953e-05,3.293795008581953e-05,5.067376936279928e-05,5.067376936279928e-05,7.795964517353735e-05,7.795964517353735e-05,7.795964517353735e-05,7.795964517353735e-05,6.822079512362862e-07,6.822079512362862e-07,1.0495506942096713e-06,1.0495506942096713e-06,1.6146933757071865e-06,1.6146933757071865e-06,2.484143654934133e-06,13319,
,,,19,,,,,,,,,,,,,,,,,,,,,,,,,,,,,13319,0.3033943176269531
,,,19,,,,,,,,,,,,,,,,,,,,,,,,,,,,,13329,0.20146851241588593
,,,19,,,,,,,,,,,,,,,,,,,,,,,,,,,,,13339,0.5175255537033081
,,,19,,,,,,,,,,,,,,,,,,,,,,,,,,,,,13349,0.3196631968021393
,,,19,,,,,,,,,,,,,,,,,,,,,,,,,,,,,13359,0.5776820182800293
,,,19,,,,,,,,,,,,,,,,,,,,,,,,,,,,,13369,0.14914199709892273
,,,19,,,,,,,,,,,,,,,,,,,,,,,,,,,,,13379,0.9904868006706238
,,,19,,,,,,,,,,,,,,,,,,,,,,,,,,,,,13389,0.9186620712280273
,,,19,,,,,,,,,,,,,,,,,,,,,,,,,,,,,13399,0.3750332295894623
,,,19,,,,,,,,,,,,,,,,,,,,,,,,,,,,,13409,1.4434988498687744
,,,19,,,,,,,,,,,,,,,,,,,,,,,,,,,,,13419,0.17994807660579681
,,,19,,,,,,,,,,,,,,,,,,,,,,,,,,,,,13429,0.4258478283882141
,,,19,,,,,,,,,,,,,,,,,,,,,,,,,,,,,13439,0.3490108251571655
,,,19,,,,,,,,,,,,,,,,,,,,,,,,,,,,,13449,0.17999789118766785
,,,19,,,,,,,,,,,,,,,,,,,,,,,,,,,,,13459,0.9124007225036621
,,,19,,,,,,,,,,,,,,,,,,,,,,,,,,,,,13469,0.3910621404647827
,,,19,,,,,,,,,,,,,,,,,,,,,,,,,,,,,13479,0.13678860664367676
,,,19,,,,,,,,,,,,,,,,,,,,,,,,,,,,,13489,0.34495437145233154
,,,19,,,,,,,,,,,,,,,,,,,,,,,,,,,,,13499,0.07824981212615967
,,,19,,,,,,,,,,,,,,,,,,,,,,,,,,,,,13509,0.8659577965736389
,,,19,,,,,,,,,,,,,,,,,,,,,,,,,,,,,13519,0.3661792576313019
,,,19,,,,,,,,,,,,,,,,,,,,,,,,,,,,,13529,0.3221696615219116
,,,19,,,,,,,,,,,,,,,,,,,,,,,,,,,,,13539,0.4228077232837677
,,,19,,,,,,,,,,,,,,,,,,,,,,,,,,,,,13549,0.7024685740470886
,,,19,,,,,,,,,,,,,,,,,,,,,,,,,,,,,13559,0.6584838032722473
,,,19,,,,,,,,,,,,,,,,,,,,,,,,,,,,,13569,0.4782595634460449
,,,19,,,,,,,,,,,,,,,,,,,,,,,,,,,,,13579,0.09584854543209076
,,,19,,,,,,,,,,,,,,,,,,,,,,,,,,,,,13589,0.3815658688545227
,,,19,,,,,,,,,,,,,,,,,,,,,,,,,,,,,13599,0.7297058701515198
,,,19,,,,,,,,,,,,,,,,,,,,,,,,,,,,,13609,0.029586629942059517
,,,19,,,,,,,,,,,,,,,,,,,,,,,,,,,,,13619,0.15096689760684967
,,,19,,,,,,,,,,,,,,,,,,,,,,,,,,,,,13629,2.429287910461426
,,,19,,,,,,,,,,,,,,,,,,,,,,,,,,,,,13639,0.24655453860759735
,,,19,,,,,,,,,,,,,,,,,,,,,,,,,,,,,13649,0.2728697657585144
,,,19,,,,,,,,,,,,,,,,,,,,,,,,,,,,,13659,0.6620849370956421
,,,19,,,,,,,,,,,,,,,,,,,,,,,,,,,,,13669,0.11063017696142197
,,,19,,,,,,,,,,,,,,,,,,,,,,,,,,,,,13679,0.07679498940706253
,,,19,,,,,,,,,,,,,,,,,,,,,,,,,,,,,13689,0.5988003611564636
,,,19,,,,,,,,,,,,,,,,,,,,,,,,,,,,,13699,0.4072342813014984
,,,19,,,,,,,,,,,,,,,,,,,,,,,,,,,,,13709,0.5103984475135803
,,,19,,,,,,,,,,,,,,,,,,,,,,,,,,,,,13719,0.5176690816879272
,,,19,,,,,,,,,,,,,,,,,,,,,,,,,,,,,13729,0.1127505674958229
,,,19,,,,,,,,,,,,,,,,,,,,,,,,,,,,,13739,0.12802018225193024
,,,19,,,,,,,,,,,,,,,,,,,,,,,,,,,,,13749,1.1702004671096802
,,,19,,,,,,,,,,,,,,,,,,,,,,,,,,,,,13759,0.0902356281876564
,,,19,,,,,,,,,,,,,,,,,,,,,,,,,,,,,13769,0.0939101055264473
,,,19,,,,,,,,,,,,,,,,,,,,,,,,,,,,,13779,0.9088374972343445
,,,19,,,,,,,,,,,,,,,,,,,,,,,,,,,,,13789,1.1313862800598145
,,,19,,,,,,,,,,,,,,,,,,,,,,,,,,,,,13799,0.4430995583534241
,,,19,,,,,,,,,,,,,,,,,,,,,,,,,,,,,13809,0.2725221514701843
,,,19,,,,,,,,,,,,,,,,,,,,,,,,,,,,,13819,0.12497025728225708
,,,19,,,,,,,,,,,,,,,,,,,,,,,,,,,,,13829,0.2545574903488159
,,,19,,,,,,,,,,,,,,,,,,,,,,,,,,,,,13839,0.368732213973999
,,,19,,,,,,,,,,,,,,,,,,,,,,,,,,,,,13849,0.07568687200546265
,,,19,,,,,,,,,,,,,,,,,,,,,,,,,,,,,13859,0.28815779089927673
,,,19,,,,,,,,,,,,,,,,,,,,,,,,,,,,,13869,0.3444533348083496
,,,19,,,,,,,,,,,,,,,,,,,,,,,,,,,,,13879,0.48195865750312805
,,,19,,,,,,,,,,,,,,,,,,,,,,,,,,,,,13889,1.701027750968933
,,,19,,,,,,,,,,,,,,,,,,,,,,,,,,,,,13899,0.3282262980937958
,,,19,,,,,,,,,,,,,,,,,,,,,,,,,,,,,13909,0.07618571817874908
,,,19,,,,,,,,,,,,,,,,,,,,,,,,,,,,,13919,0.19739049673080444
,,,19,,,,,,,,,,,,,,,,,,,,,,,,,,,,,13929,0.10852422565221786
,,,19,,,,,,,,,,,,,,,,,,,,,,,,,,,,,13939,0.12133227288722992
,,,19,,,,,,,,,,,,,,,,,,,,,,,,,,,,,13949,1.0923553705215454
,,,19,,,,,,,,,,,,,,,,,,,,,,,,,,,,,13959,0.1309323012828827
,,,19,,,,,,,,,,,,,,,,,,,,,,,,,,,,,13969,0.32317256927490234
,,,19,,,,,,,,,,,,,,,,,,,,,,,,,,,,,13979,0.1027756929397583
,,,19,,,,,,,,,,,,,,,,,,,,,,,,,,,,,13989,1.27207350730896
,,,19,,,,,,,,,,,,,,,,,,,,,,,,,,,,,13999,0.6883994936943054
,,,19,,,,,,,,,,,,,,,,,,,,,,,,,,,,,14009,0.7181310653686523
,,,19,,,,,,,,,,,,,,,,,,,,,,,,,,,,,14019,0.9732544422149658
0.7599999904632568,0.7867494821548462,0.7350096702575684,19,,,,,,,,,,,,,,,,,,,,,,,,,,,,,14019,
,,,,4.266006797329287e-07,2.3898360966796885e-06,3.676670917968751e-06,3.676670917968751e-06,5.656416796875001e-06,5.656416796875001e-06,8.702179687500003e-06,8.702179687500003e-06,1.3387968750000002e-05,1.3387968750000002e-05,2.0596875000000004e-05,4.266006797329287e-07,2.0596875000000004e-05,3.1687500000000005e-05,3.1687500000000005e-05,4.8750000000000006e-05,4.8750000000000006e-05,7.500000000000001e-05,7.500000000000001e-05,7.500000000000001e-05,7.500000000000001e-05,6.563087380506595e-07,6.563087380506595e-07,1.0097057508471684e-06,1.0097057508471684e-06,1.5533934628417975e-06,1.5533934628417975e-06,2.3898360966796885e-06,14020,
,,,20,,,,,,,,,,,,,,,,,,,,,,,,,,,,,14029,0.14705416560173035
,,,20,,,,,,,,,,,,,,,,,,,,,,,,,,,,,14039,0.2894293963909149
,,,20,,,,,,,,,,,,,,,,,,,,,,,,,,,,,14049,0.329073965549469
,,,20,,,,,,,,,,,,,,,,,,,,,,,,,,,,,14059,0.513834536075592
,,,20,,,,,,,,,,,,,,,,,,,,,,,,,,,,,14069,0.4153275191783905
,,,20,,,,,,,,,,,,,,,,,,,,,,,,,,,,,14079,0.09786316752433777
,,,20,,,,,,,,,,,,,,,,,,,,,,,,,,,,,14089,0.11187069863080978
,,,20,,,,,,,,,,,,,,,,,,,,,,,,,,,,,14099,0.044279251247644424
,,,20,,,,,,,,,,,,,,,,,,,,,,,,,,,,,14109,0.21674227714538574
,,,20,,,,,,,,,,,,,,,,,,,,,,,,,,,,,14119,0.6692126393318176
,,,20,,,,,,,,,,,,,,,,,,,,,,,,,,,,,14129,0.4720521569252014
,,,20,,,,,,,,,,,,,,,,,,,,,,,,,,,,,14139,0.3316880464553833
,,,20,,,,,,,,,,,,,,,,,,,,,,,,,,,,,14149,0.12091165781021118
,,,20,,,,,,,,,,,,,,,,,,,,,,,,,,,,,14159,0.20491832494735718
,,,20,,,,,,,,,,,,,,,,,,,,,,,,,,,,,14169,0.715848445892334
,,,20,,,,,,,,,,,,,,,,,,,,,,,,,,,,,14179,0.19728155434131622
,,,20,,,,,,,,,,,,,,,,,,,,,,,,,,,,,14189,0.02021266333758831
,,,20,,,,,,,,,,,,,,,,,,,,,,,,,,,,,14199,0.3864452540874481
,,,20,,,,,,,,,,,,,,,,,,,,,,,,,,,,,14209,0.4389418959617615
,,,20,,,,,,,,,,,,,,,,,,,,,,,,,,,,,14219,0.3122764229774475
,,,20,,,,,,,,,,,,,,,,,,,,,,,,,,,,,14229,0.15491324663162231
,,,20,,,,,,,,,,,,,,,,,,,,,,,,,,,,,14239,0.6903018951416016
,,,20,,,,,,,,,,,,,,,,,,,,,,,,,,,,,14249,0.23283667862415314
,,,20,,,,,,,,,,,,,,,,,,,,,,,,,,,,,14259,0.23055219650268555
,,,20,,,,,,,,,,,,,,,,,,,,,,,,,,,,,14269,0.3554793894290924
,,,20,,,,,,,,,,,,,,,,,,,,,,,,,,,,,14279,0.13262073695659637
,,,20,,,,,,,,,,,,,,,,,,,,,,,,,,,,,14289,0.9682028889656067
,,,20,,,,,,,,,,,,,,,,,,,,,,,,,,,,,14299,0.16491465270519257
,,,20,,,,,,,,,,,,,,,,,,,,,,,,,,,,,14309,0.7809851765632629
,,,20,,,,,,,,,,,,,,,,,,,,,,,,,,,,,14319,0.6495793461799622
,,,20,,,,,,,,,,,,,,,,,,,,,,,,,,,,,14329,0.23566913604736328
,,,20,,,,,,,,,,,,,,,,,,,,,,,,,,,,,14339,0.14464272558689117
,,,20,,,,,,,,,,,,,,,,,,,,,,,,,,,,,14349,0.5336839556694031
,,,20,,,,,,,,,,,,,,,,,,,,,,,,,,,,,14359,0.07294449955224991
,,,20,,,,,,,,,,,,,,,,,,,,,,,,,,,,,14369,0.32804641127586365
,,,20,,,,,,,,,,,,,,,,,,,,,,,,,,,,,14379,0.4864594042301178
,,,20,,,,,,,,,,,,,,,,,,,,,,,,,,,,,14389,0.1765095442533493
,,,20,,,,,,,,,,,,,,,,,,,,,,,,,,,,,14399,0.24472559988498688
,,,20,,,,,,,,,,,,,,,,,,,,,,,,,,,,,14409,0.48301446437835693
,,,20,,,,,,,,,,,,,,,,,,,,,,,,,,,,,14419,0.05388180539011955
,,,20,,,,,,,,,,,,,,,,,,,,,,,,,,,,,14429,0.49911782145500183
,,,20,,,,,,,,,,,,,,,,,,,,,,,,,,,,,14439,0.906060516834259
,,,20,,,,,,,,,,,,,,,,,,,,,,,,,,,,,14449,0.8003780245780945
,,,20,,,,,,,,,,,,,,,,,,,,,,,,,,,,,14459,0.41230595111846924
,,,20,,,,,,,,,,,,,,,,,,,,,,,,,,,,,14469,0.11381210386753082
,,,20,,,,,,,,,,,,,,,,,,,,,,,,,,,,,14479,0.7938632965087891
,,,20,,,,,,,,,,,,,,,,,,,,,,,,,,,,,14489,0.5390830039978027
,,,20,,,,,,,,,,,,,,,,,,,,,,,,,,,,,14499,0.10129211097955704
,,,20,,,,,,,,,,,,,,,,,,,,,,,,,,,,,14509,0.07799508422613144
,,,20,,,,,,,,,,,,,,,,,,,,,,,,,,,,,14519,0.6638796329498291
,,,20,,,,,,,,,,,,,,,,,,,,,,,,,,,,,14529,0.3834320902824402
,,,20,,,,,,,,,,,,,,,,,,,,,,,,,,,,,14539,0.10044372081756592
,,,20,,,,,,,,,,,,,,,,,,,,,,,,,,,,,14549,0.07284596562385559
,,,20,,,,,,,,,,,,,,,,,,,,,,,,,,,,,14559,0.07837711274623871
,,,20,,,,,,,,,,,,,,,,,,,,,,,,,,,,,14569,0.806912899017334
,,,20,,,,,,,,,,,,,,,,,,,,,,,,,,,,,14579,0.22561362385749817
,,,20,,,,,,,,,,,,,,,,,,,,,,,,,,,,,14589,0.2340417355298996
,,,20,,,,,,,,,,,,,,,,,,,,,,,,,,,,,14599,0.16261757910251617
,,,20,,,,,,,,,,,,,,,,,,,,,,,,,,,,,14609,1.5863463878631592
,,,20,,,,,,,,,,,,,,,,,,,,,,,,,,,,,14619,0.07739439606666565
,,,20,,,,,,,,,,,,,,,,,,,,,,,,,,,,,14629,0.6866719126701355
,,,20,,,,,,,,,,,,,,,,,,,,,,,,,,,,,14639,0.6066471934318542
,,,20,,,,,,,,,,,,,,,,,,,,,,,,,,,,,14649,0.10011415928602219
,,,20,,,,,,,,,,,,,,,,,,,,,,,,,,,,,14659,1.1702631711959839
,,,20,,,,,,,,,,,,,,,,,,,,,,,,,,,,,14669,0.09877531975507736
,,,20,,,,,,,,,,,,,,,,,,,,,,,,,,,,,14679,1.5278711318969727
,,,20,,,,,,,,,,,,,,,,,,,,,,,,,,,,,14689,0.14737267792224884
,,,20,,,,,,,,,,,,,,,,,,,,,,,,,,,,,14699,0.1428961157798767
,,,20,,,,,,,,,,,,,,,,,,,,,,,,,,,,,14709,0.6623889207839966
,,,20,,,,,,,,,,,,,,,,,,,,,,,,,,,,,14719,0.5828115344047546
,,,,4.090734059523017e-07,2.2916475246793973e-06,3.5256115764298415e-06,3.5256115764298415e-06,5.4240178098920635e-06,5.4240178098920635e-06,8.344642784449328e-06,8.344642784449328e-06,1.283791197607589e-05,1.283791197607589e-05,1.975063380934752e-05,4.090734059523017e-07,1.975063380934752e-05,3.0385590475919263e-05,3.0385590475919263e-05,4.674706227064502e-05,4.674706227064502e-05,7.191855733945387e-05,7.191855733945387e-05,7.191855733945387e-05,7.191855733945387e-05,6.293437014650794e-07,6.293437014650794e-07,9.682210791770454e-07,9.682210791770454e-07,1.4895708910416082e-06,1.4895708910416082e-06,2.2916475246793973e-06,14721,
,,,21,,,,,,,,,,,,,,,,,,,,,,,,,,,,,14729,0.1654486358165741
,,,21,,,,,,,,,,,,,,,,,,,,,,,,,,,,,14739,0.22151878476142883
,,,21,,,,,,,,,,,,,,,,,,,,,,,,,,,,,14749,0.6754734516143799
,,,21,,,,,,,,,,,,,,,,,,,,,,,,,,,,,14759,0.06969381123781204
,,,21,,,,,,,,,,,,,,,,,,,,,,,,,,,,,14769,0.030539818108081818
,,,21,,,,,,,,,,,,,,,,,,,,,,,,,,,,,14779,0.24616612493991852
,,,21,,,,,,,,,,,,,,,,,,,,,,,,,,,,,14789,0.28871476650238037
,,,21,,,,,,,,,,,,,,,,,,,,,,,,,,,,,14799,0.605731725692749
,,,21,,,,,,,,,,,,,,,,,,,,,,,,,,,,,14809,0.10159610956907272
,,,21,,,,,,,,,,,,,,,,,,,,,,,,,,,,,14819,0.0760006383061409
,,,21,,,,,,,,,,,,,,,,,,,,,,,,,,,,,14829,0.4054810106754303
,,,21,,,,,,,,,,,,,,,,,,,,,,,,,,,,,14839,0.15378306806087494
,,,21,,,,,,,,,,,,,,,,,,,,,,,,,,,,,14849,0.4952535629272461
,,,21,,,,,,,,,,,,,,,,,,,,,,,,,,,,,14859,0.2744796872138977
,,,21,,,,,,,,,,,,,,,,,,,,,,,,,,,,,14869,0.09478286653757095
,,,21,,,,,,,,,,,,,,,,,,,,,,,,,,,,,14879,0.20073916018009186
,,,21,,,,,,,,,,,,,,,,,,,,,,,,,,,,,14889,0.40022748708724976
,,,21,,,,,,,,,,,,,,,,,,,,,,,,,,,,,14899,0.12479715049266815
,,,21,,,,,,,,,,,,,,,,,,,,,,,,,,,,,14909,0.0524570494890213
,,,21,,,,,,,,,,,,,,,,,,,,,,,,,,,,,14919,0.10526121407747269
,,,21,,,,,,,,,,,,,,,,,,,,,,,,,,,,,14929,0.03639857470989227
,,,21,,,,,,,,,,,,,,,,,,,,,,,,,,,,,14939,0.6667978763580322
,,,21,,,,,,,,,,,,,,,,,,,,,,,,,,,,,14949,0.6443657279014587
,,,21,,,,,,,,,,,,,,,,,,,,,,,,,,,,,14959,0.264351487159729
,,,21,,,,,,,,,,,,,,,,,,,,,,,,,,,,,14969,0.2710866928100586
,,,21,,,,,,,,,,,,,,,,,,,,,,,,,,,,,14979,1.2101037502288818
,,,21,,,,,,,,,,,,,,,,,,,,,,,,,,,,,14989,0.38476794958114624
,,,21,,,,,,,,,,,,,,,,,,,,,,,,,,,,,14999,1.6524543762207031
,,,21,,,,,,,,,,,,,,,,,,,,,,,,,,,,,15009,0.5136397480964661
,,,21,,,,,,,,,,,,,,,,,,,,,,,,,,,,,15019,0.8002315163612366
,,,21,,,,,,,,,,,,,,,,,,,,,,,,,,,,,15029,0.3076825439929962
,,,21,,,,,,,,,,,,,,,,,,,,,,,,,,,,,15039,0.8955464959144592
,,,21,,,,,,,,,,,,,,,,,,,,,,,,,,,,,15049,0.2571520507335663
,,,21,,,,,,,,,,,,,,,,,,,,,,,,,,,,,15059,0.40229904651641846
,,,21,,,,,,,,,,,,,,,,,,,,,,,,,,,,,15069,0.10555301606655121
,,,21,,,,,,,,,,,,,,,,,,,,,,,,,,,,,15079,0.588339626789093
,,,21,,,,,,,,,,,,,,,,,,,,,,,,,,,,,15089,0.15826889872550964
,,,21,,,,,,,,,,,,,,,,,,,,,,,,,,,,,15099,0.4169187545776367
,,,21,,,,,,,,,,,,,,,,,,,,,,,,,,,,,15109,0.23198993504047394
,,,21,,,,,,,,,,,,,,,,,,,,,,,,,,,,,15119,0.3852129876613617
,,,21,,,,,,,,,,,,,,,,,,,,,,,,,,,,,15129,0.26339635252952576
,,,21,,,,,,,,,,,,,,,,,,,,,,,,,,,,,15139,0.061644867062568665
,,,21,,,,,,,,,,,,,,,,,,,,,,,,,,,,,15149,0.33642810583114624
,,,21,,,,,,,,,,,,,,,,,,,,,,,,,,,,,15159,0.5027480721473694
,,,21,,,,,,,,,,,,,,,,,,,,,,,,,,,,,15169,0.07387740910053253
,,,21,,,,,,,,,,,,,,,,,,,,,,,,,,,,,15179,0.5238341689109802
,,,21,,,,,,,,,,,,,,,,,,,,,,,,,,,,,15189,0.06158684566617012
,,,21,,,,,,,,,,,,,,,,,,,,,,,,,,,,,15199,1.3394371271133423
,,,21,,,,,,,,,,,,,,,,,,,,,,,,,,,,,15209,0.09400352090597153
,,,21,,,,,,,,,,,,,,,,,,,,,,,,,,,,,15219,0.17027491331100464
,,,21,,,,,,,,,,,,,,,,,,,,,,,,,,,,,15229,0.14802071452140808
,,,21,,,,,,,,,,,,,,,,,,,,,,,,,,,,,15239,0.5580670237541199
,,,21,,,,,,,,,,,,,,,,,,,,,,,,,,,,,15249,0.4828201234340668
,,,21,,,,,,,,,,,,,,,,,,,,,,,,,,,,,15259,0.5784227252006531
,,,21,,,,,,,,,,,,,,,,,,,,,,,,,,,,,15269,0.28906598687171936
,,,21,,,,,,,,,,,,,,,,,,,,,,,,,,,,,15279,0.1475008875131607
,,,21,,,,,,,,,,,,,,,,,,,,,,,,,,,,,15289,0.9110599756240845
,,,21,,,,,,,,,,,,,,,,,,,,,,,,,,,,,15299,0.19981874525547028
,,,21,,,,,,,,,,,,,,,,,,,,,,,,,,,,,15309,1.353176236152649
,,,21,,,,,,,,,,,,,,,,,,,,,,,,,,,,,15319,0.03118828870356083
,,,21,,,,,,,,,,,,,,,,,,,,,,,,,,,,,15329,0.2766505479812622
,,,21,,,,,,,,,,,,,,,,,,,,,,,,,,,,,15339,0.5864576101303101
,,,21,,,,,,,,,,,,,,,,,,,,,,,,,,,,,15349,1.4457979202270508
,,,21,,,,,,,,,,,,,,,,,,,,,,,,,,,,,15359,0.37653371691703796
,,,21,,,,,,,,,,,,,,,,,,,,,,,,,,,,,15369,0.24142663180828094
,,,21,,,,,,,,,,,,,,,,,,,,,,,,,,,,,15379,0.20521613955497742
,,,21,,,,,,,,,,,,,,,,,,,,,,,,,,,,,15389,0.6092137694358826
,,,21,,,,,,,,,,,,,,,,,,,,,,,,,,,,,15399,0.8145408630371094
,,,21,,,,,,,,,,,,,,,,,,,,,,,,,,,,,15409,0.2872275412082672
,,,21,,,,,,,,,,,,,,,,,,,,,,,,,,,,,15419,1.432903528213501
,,,,3.909387380777291e-07,2.1900563037861647e-06,3.3693173904402533e-06,3.3693173904402533e-06,5.183565216061927e-06,5.183565216061927e-06,7.97471571701835e-06,7.97471571701835e-06,1.226879341079746e-05,1.226879341079746e-05,1.8875066785842246e-05,3.909387380777291e-07,1.8875066785842246e-05,2.9038564285911148e-05,2.9038564285911148e-05,4.4674714286017154e-05,4.4674714286017154e-05,6.873032967079561e-05,6.873032967079561e-05,6.873032967079561e-05,6.873032967079561e-05,6.014442124272754e-07,6.014442124272754e-07,9.252987883496547e-07,9.252987883496547e-07,1.423536597461007e-06,1.423536597461007e-06,2.1900563037861647e-06,15422,
,,,22,,,,,,,,,,,,,,,,,,,,,,,,,,,,,15429,0.1638418287038803
,,,22,,,,,,,,,,,,,,,,,,,,,,,,,,,,,15439,0.8853364586830139
,,,22,,,,,,,,,,,,,,,,,,,,,,,,,,,,,15449,0.47070688009262085
,,,22,,,,,,,,,,,,,,,,,,,,,,,,,,,,,15459,0.5395824313163757
,,,22,,,,,,,,,,,,,,,,,,,,,,,,,,,,,15469,0.42403921484947205
,,,22,,,,,,,,,,,,,,,,,,,,,,,,,,,,,15479,0.12884704768657684
,,,22,,,,,,,,,,,,,,,,,,,,,,,,,,,,,15489,0.04116374999284744
,,,22,,,,,,,,,,,,,,,,,,,,,,,,,,,,,15499,1.1038780212402344
,,,22,,,,,,,,,,,,,,,,,,,,,,,,,,,,,15509,0.18667005002498627
,,,22,,,,,,,,,,,,,,,,,,,,,,,,,,,,,15519,1.3855321407318115
,,,22,,,,,,,,,,,,,,,,,,,,,,,,,,,,,15529,0.08391019701957703
,,,22,,,,,,,,,,,,,,,,,,,,,,,,,,,,,15539,0.17989219725131989
,,,22,,,,,,,,,,,,,,,,,,,,,,,,,,,,,15549,0.5913465023040771
,,,22,,,,,,,,,,,,,,,,,,,,,,,,,,,,,15559,0.056980788707733154
,,,22,,,,,,,,,,,,,,,,,,,,,,,,,,,,,15569,1.3414897918701172
,,,22,,,,,,,,,,,,,,,,,,,,,,,,,,,,,15579,0.6305539608001709
,,,22,,,,,,,,,,,,,,,,,,,,,,,,,,,,,15589,0.2385639101266861
,,,22,,,,,,,,,,,,,,,,,,,,,,,,,,,,,15599,1.071568489074707
,,,22,,,,,,,,,,,,,,,,,,,,,,,,,,,,,15609,0.429104745388031
,,,22,,,,,,,,,,,,,,,,,,,,,,,,,,,,,15619,0.29486986994743347
,,,22,,,,,,,,,,,,,,,,,,,,,,,,,,,,,15629,0.05939829349517822
,,,22,,,,,,,,,,,,,,,,,,,,,,,,,,,,,15639,0.07405661791563034
,,,22,,,,,,,,,,,,,,,,,,,,,,,,,,,,,15649,2.461547374725342
,,,22,,,,,,,,,,,,,,,,,,,,,,,,,,,,,15659,0.4900968372821808
,,,22,,,,,,,,,,,,,,,,,,,,,,,,,,,,,15669,0.35230764746665955
,,,22,,,,,,,,,,,,,,,,,,,,,,,,,,,,,15679,0.39687204360961914
,,,22,,,,,,,,,,,,,,,,,,,,,,,,,,,,,15689,0.10098999738693237
,,,22,,,,,,,,,,,,,,,,,,,,,,,,,,,,,15699,0.18537594377994537
,,,22,,,,,,,,,,,,,,,,,,,,,,,,,,,,,15709,0.08577440679073334
,,,22,,,,,,,,,,,,,,,,,,,,,,,,,,,,,15719,0.1773558408021927
,,,22,,,,,,,,,,,,,,,,,,,,,,,,,,,,,15729,0.032933998852968216
,,,22,,,,,,,,,,,,,,,,,,,,,,,,,,,,,15739,0.07070909440517426
,,,22,,,,,,,,,,,,,,,,,,,,,,,,,,,,,15749,1.1419039964675903
,,,22,,,,,,,,,,,,,,,,,,,,,,,,,,,,,15759,0.23679856956005096
,,,22,,,,,,,,,,,,,,,,,,,,,,,,,,,,,15769,0.11590267717838287
,,,22,,,,,,,,,,,,,,,,,,,,,,,,,,,,,15779,0.6918280720710754
,,,22,,,,,,,,,,,,,,,,,,,,,,,,,,,,,15789,0.28457704186439514
,,,22,,,,,,,,,,,,,,,,,,,,,,,,,,,,,15799,0.5590952634811401
,,,22,,,,,,,,,,,,,,,,,,,,,,,,,,,,,15809,0.5316922664642334
,,,22,,,,,,,,,,,,,,,,,,,,,,,,,,,,,15819,0.09064888954162598
,,,22,,,,,,,,,,,,,,,,,,,,,,,,,,,,,15829,0.33862438797950745
,,,22,,,,,,,,,,,,,,,,,,,,,,,,,,,,,15839,0.13625191152095795
,,,22,,,,,,,,,,,,,,,,,,,,,,,,,,,,,15849,0.04969627410173416
,,,22,,,,,,,,,,,,,,,,,,,,,,,,,,,,,15859,1.2251368761062622
,,,22,,,,,,,,,,,,,,,,,,,,,,,,,,,,,15869,0.6242351531982422
,,,22,,,,,,,,,,,,,,,,,,,,,,,,,,,,,15879,0.7240742444992065
,,,22,,,,,,,,,,,,,,,,,,,,,,,,,,,,,15889,1.5081599950790405
,,,22,,,,,,,,,,,,,,,,,,,,,,,,,,,,,15899,0.017954165115952492
,,,22,,,,,,,,,,,,,,,,,,,,,,,,,,,,,15909,0.38608869910240173
,,,22,,,,,,,,,,,,,,,,,,,,,,,,,,,,,15919,0.3063565492630005
,,,22,,,,,,,,,,,,,,,,,,,,,,,,,,,,,15929,0.5772870779037476
,,,22,,,,,,,,,,,,,,,,,,,,,,,,,,,,,15939,0.5870794057846069
,,,22,,,,,,,,,,,,,,,,,,,,,,,,,,,,,15949,0.10142731666564941
,,,22,,,,,,,,,,,,,,,,,,,,,,,,,,,,,15959,0.15884728729724884
,,,22,,,,,,,,,,,,,,,,,,,,,,,,,,,,,15969,0.24463172256946564
,,,22,,,,,,,,,,,,,,,,,,,,,,,,,,,,,15979,0.036492493003606796
,,,22,,,,,,,,,,,,,,,,,,,,,,,,,,,,,15989,0.01583660952746868
,,,22,,,,,,,,,,,,,,,,,,,,,,,,,,,,,15999,1.4897695779800415
,,,22,,,,,,,,,,,,,,,,,,,,,,,,,,,,,16009,0.1506296694278717
,,,22,,,,,,,,,,,,,,,,,,,,,,,,,,,,,16019,0.3963882625102997
,,,22,,,,,,,,,,,,,,,,,,,,,,,,,,,,,16029,1.3437535762786865
,,,22,,,,,,,,,,,,,,,,,,,,,,,,,,,,,16039,0.9245548844337463
,,,22,,,,,,,,,,,,,,,,,,,,,,,,,,,,,16049,0.06127265468239784
,,,22,,,,,,,,,,,,,,,,,,,,,,,,,,,,,16059,0.13106553256511688
,,,22,,,,,,,,,,,,,,,,,,,,,,,,,,,,,16069,0.09212987869977951
,,,22,,,,,,,,,,,,,,,,,,,,,,,,,,,,,16079,0.13439728319644928
,,,22,,,,,,,,,,,,,,,,,,,,,,,,,,,,,16089,0.05702218785881996
,,,22,,,,,,,,,,,,,,,,,,,,,,,,,,,,,16099,0.14207251369953156
,,,22,,,,,,,,,,,,,,,,,,,,,,,,,,,,,16109,0.5509973168373108
,,,22,,,,,,,,,,,,,,,,,,,,,,,,,,,,,16119,0.21755404770374298
,,,,3.722850263882052e-07,2.0855573762162682e-06,3.208549809563489e-06,3.208549809563489e-06,4.936230476251522e-06,4.936230476251522e-06,7.594200732694648e-06,7.594200732694648e-06,1.168338574260715e-05,1.168338574260715e-05,1.7974439604011e-05,3.722850263882052e-07,1.7974439604011e-05,2.7652984006170768e-05,2.7652984006170768e-05,4.2543052317185797e-05,4.2543052317185797e-05,6.545084971874738e-05,6.545084971874738e-05,6.545084971874738e-05,6.545084971874738e-05,5.727461944433926e-07,5.727461944433926e-07,8.811479914513733e-07,8.811479914513733e-07,1.3556122945405742e-06,1.3556122945405742e-06,2.0855573762162682e-06,16123,
,,,23,,,,,,,,,,,,,,,,,,,,,,,,,,,,,16129,0.38394713401794434
,,,23,,,,,,,,,,,,,,,,,,,,,,,,,,,,,16139,0.05112934112548828
,,,23,,,,,,,,,,,,,,,,,,,,,,,,,,,,,16149,0.02952997386455536
,,,23,,,,,,,,,,,,,,,,,,,,,,,,,,,,,16159,0.6832515597343445
,,,23,,,,,,,,,,,,,,,,,,,,,,,,,,,,,16169,0.14977547526359558
,,,23,,,,,,,,,,,,,,,,,,,,,,,,,,,,,16179,1.2727521657943726
,,,23,,,,,,,,,,,,,,,,,,,,,,,,,,,,,16189,0.2994253933429718
,,,23,,,,,,,,,,,,,,,,,,,,,,,,,,,,,16199,1.4498181343078613
,,,23,,,,,,,,,,,,,,,,,,,,,,,,,,,,,16209,0.25449037551879883
,,,23,,,,,,,,,,,,,,,,,,,,,,,,,,,,,16219,0.13647234439849854
,,,23,,,,,,,,,,,,,,,,,,,,,,,,,,,,,16229,0.026038123294711113
,,,23,,,,,,,,,,,,,,,,,,,,,,,,,,,,,16239,0.2697809040546417
,,,23,,,,,,,,,,,,,,,,,,,,,,,,,,,,,16249,0.20171542465686798
,,,23,,,,,,,,,,,,,,,,,,,,,,,,,,,,,16259,0.6371598839759827
,,,23,,,,,,,,,,,,,,,,,,,,,,,,,,,,,16269,0.17650456726551056
,,,23,,,,,,,,,,,,,,,,,,,,,,,,,,,,,16279,0.1451333910226822
,,,23,,,,,,,,,,,,,,,,,,,,,,,,,,,,,16289,0.1696387082338333
,,,23,,,,,,,,,,,,,,,,,,,,,,,,,,,,,16299,0.5941163301467896
,,,23,,,,,,,,,,,,,,,,,,,,,,,,,,,,,16309,0.08263231813907623
,,,23,,,,,,,,,,,,,,,,,,,,,,,,,,,,,16319,0.05951370671391487
,,,23,,,,,,,,,,,,,,,,,,,,,,,,,,,,,16329,0.1523991823196411
,,,23,,,,,,,,,,,,,,,,,,,,,,,,,,,,,16339,0.21266552805900574
,,,23,,,,,,,,,,,,,,,,,,,,,,,,,,,,,16349,1.0777723789215088
,,,23,,,,,,,,,,,,,,,,,,,,,,,,,,,,,16359,0.561855673789978
,,,23,,,,,,,,,,,,,,,,,,,,,,,,,,,,,16369,0.011265557259321213
,,,23,,,,,,,,,,,,,,,,,,,,,,,,,,,,,16379,0.11073768883943558
,,,23,,,,,,,,,,,,,,,,,,,,,,,,,,,,,16389,0.059679679572582245
,,,23,,,,,,,,,,,,,,,,,,,,,,,,,,,,,16399,0.6416481733322144
,,,23,,,,,,,,,,,,,,,,,,,,,,,,,,,,,16409,0.8655652403831482
,,,23,,,,,,,,,,,,,,,,,,,,,,,,,,,,,16419,1.3534389734268188
,,,23,,,,,,,,,,,,,,,,,,,,,,,,,,,,,16429,0.10401077568531036
,,,23,,,,,,,,,,,,,,,,,,,,,,,,,,,,,16439,0.02600184641778469
,,,23,,,,,,,,,,,,,,,,,,,,,,,,,,,,,16449,0.06578091531991959
,,,23,,,,,,,,,,,,,,,,,,,,,,,,,,,,,16459,0.022295363247394562
,,,23,,,,,,,,,,,,,,,,,,,,,,,,,,,,,16469,0.301495224237442
,,,23,,,,,,,,,,,,,,,,,,,,,,,,,,,,,16479,0.031889304518699646
,,,23,,,,,,,,,,,,,,,,,,,,,,,,,,,,,16489,0.044230177998542786
,,,23,,,,,,,,,,,,,,,,,,,,,,,,,,,,,16499,0.7453850507736206
,,,23,,,,,,,,,,,,,,,,,,,,,,,,,,,,,16509,0.5353800058364868
,,,23,,,,,,,,,,,,,,,,,,,,,,,,,,,,,16519,0.04122969135642052
,,,23,,,,,,,,,,,,,,,,,,,,,,,,,,,,,16529,0.041657816618680954
,,,23,,,,,,,,,,,,,,,,,,,,,,,,,,,,,16539,0.0828765481710434
,,,23,,,,,,,,,,,,,,,,,,,,,,,,,,,,,16549,1.4558042287826538
,,,23,,,,,,,,,,,,,,,,,,,,,,,,,,,,,16559,1.305972695350647
,,,23,,,,,,,,,,,,,,,,,,,,,,,,,,,,,16569,0.027167215943336487
,,,23,,,,,,,,,,,,,,,,,,,,,,,,,,,,,16579,0.5976634621620178
,,,23,,,,,,,,,,,,,,,,,,,,,,,,,,,,,16589,0.10491769760847092
,,,23,,,,,,,,,,,,,,,,,,,,,,,,,,,,,16599,0.11539192497730255
,,,23,,,,,,,,,,,,,,,,,,,,,,,,,,,,,16609,0.557633638381958
,,,23,,,,,,,,,,,,,,,,,,,,,,,,,,,,,16619,0.3174372613430023
,,,23,,,,,,,,,,,,,,,,,,,,,,,,,,,,,16629,0.31124088168144226
,,,23,,,,,,,,,,,,,,,,,,,,,,,,,,,,,16639,0.07110174745321274
,,,23,,,,,,,,,,,,,,,,,,,,,,,,,,,,,16649,0.527710497379303
,,,23,,,,,,,,,,,,,,,,,,,,,,,,,,,,,16659,0.20235460996627808
,,,23,,,,,,,,,,,,,,,,,,,,,,,,,,,,,16669,0.19927436113357544
,,,23,,,,,,,,,,,,,,,,,,,,,,,,,,,,,16679,0.0771898403763771
,,,23,,,,,,,,,,,,,,,,,,,,,,,,,,,,,16689,1.273051381111145
,,,23,,,,,,,,,,,,,,,,,,,,,,,,,,,,,16699,0.03772938996553421
,,,23,,,,,,,,,,,,,,,,,,,,,,,,,,,,,16709,0.7706897258758545
,,,23,,,,,,,,,,,,,,,,,,,,,,,,,,,,,16719,0.0990757942199707
,,,23,,,,,,,,,,,,,,,,,,,,,,,,,,,,,16729,0.7511889934539795
,,,23,,,,,,,,,,,,,,,,,,,,,,,,,,,,,16739,0.7081074118614197
,,,23,,,,,,,,,,,,,,,,,,,,,,,,,,,,,16749,0.06845254451036453
,,,23,,,,,,,,,,,,,,,,,,,,,,,,,,,,,16759,0.05684240907430649
,,,23,,,,,,,,,,,,,,,,,,,,,,,,,,,,,16769,0.1179107278585434
,,,23,,,,,,,,,,,,,,,,,,,,,,,,,,,,,16779,0.16574159264564514
,,,23,,,,,,,,,,,,,,,,,,,,,,,,,,,,,16789,0.06726103276014328
,,,23,,,,,,,,,,,,,,,,,,,,,,,,,,,,,16799,0.025094108656048775
,,,23,,,,,,,,,,,,,,,,,,,,,,,,,,,,,16809,0.08339069783687592
,,,23,,,,,,,,,,,,,,,,,,,,,,,,,,,,,16819,0.09948547184467316
,,,,3.53203149892017e-07,1.978659850240633e-06,3.0440920772932807e-06,3.0440920772932807e-06,4.683218580451201e-06,4.683218580451201e-06,7.204951662232617e-06,7.204951662232617e-06,1.108454101881941e-05,1.108454101881941e-05,1.705314002895294e-05,3.53203149892017e-07,1.705314002895294e-05,2.623560004454298e-05,2.623560004454298e-05,4.03624616069892e-05,4.03624616069892e-05,6.209609477998338e-05,6.209609477998338e-05,6.209609477998338e-05,6.209609477998338e-05,5.433894613723337e-07,5.433894613723337e-07,8.359837867266674e-07,8.359837867266674e-07,1.2861289026564112e-06,1.2861289026564112e-06,1.978659850240633e-06,16824,
,,,24,,,,,,,,,,,,,,,,,,,,,,,,,,,,,16829,0.04906117543578148
,,,24,,,,,,,,,,,,,,,,,,,,,,,,,,,,,16839,0.8745987415313721
,,,24,,,,,,,,,,,,,,,,,,,,,,,,,,,,,16849,0.2210804522037506
,,,24,,,,,,,,,,,,,,,,,,,,,,,,,,,,,16859,0.7290788292884827
,,,24,,,,,,,,,,,,,,,,,,,,,,,,,,,,,16869,0.3716340661048889
,,,24,,,,,,,,,,,,,,,,,,,,,,,,,,,,,16879,0.08427124470472336
,,,24,,,,,,,,,,,,,,,,,,,,,,,,,,,,,16889,0.15881457924842834
,,,24,,,,,,,,,,,,,,,,,,,,,,,,,,,,,16899,0.07006515562534332
,,,24,,,,,,,,,,,,,,,,,,,,,,,,,,,,,16909,0.4828500747680664
,,,24,,,,,,,,,,,,,,,,,,,,,,,,,,,,,16919,0.9512508511543274
,,,24,,,,,,,,,,,,,,,,,,,,,,,,,,,,,16929,0.10171260684728622
,,,24,,,,,,,,,,,,,,,,,,,,,,,,,,,,,16939,0.2996566891670227
,,,24,,,,,,,,,,,,,,,,,,,,,,,,,,,,,16949,0.8213052749633789
,,,24,,,,,,,,,,,,,,,,,,,,,,,,,,,,,16959,0.4466340243816376
,,,24,,,,,,,,,,,,,,,,,,,,,,,,,,,,,16969,0.03238224983215332
,,,24,,,,,,,,,,,,,,,,,,,,,,,,,,,,,16979,0.15446533262729645
,,,24,,,,,,,,,,,,,,,,,,,,,,,,,,,,,16989,0.7952985763549805
,,,24,,,,,,,,,,,,,,,,,,,,,,,,,,,,,16999,0.08969121426343918
,,,24,,,,,,,,,,,,,,,,,,,,,,,,,,,,,17009,0.8058915138244629
,,,24,,,,,,,,,,,,,,,,,,,,,,,,,,,,,17019,0.01888716034591198
,,,24,,,,,,,,,,,,,,,,,,,,,,,,,,,,,17029,0.05078277736902237
,,,24,,,,,,,,,,,,,,,,,,,,,,,,,,,,,17039,0.7034531831741333
,,,24,,,,,,,,,,,,,,,,,,,,,,,,,,,,,17049,0.8229397535324097
,,,24,,,,,,,,,,,,,,,,,,,,,,,,,,,,,17059,0.38688892126083374
,,,24,,,,,,,,,,,,,,,,,,,,,,,,,,,,,17069,0.16777396202087402
,,,24,,,,,,,,,,,,,,,,,,,,,,,,,,,,,17079,0.033024862408638
,,,24,,,,,,,,,,,,,,,,,,,,,,,,,,,,,17089,0.2281293123960495
,,,24,,,,,,,,,,,,,,,,,,,,,,,,,,,,,17099,1.7553983926773071
,,,24,,,,,,,,,,,,,,,,,,,,,,,,,,,,,17109,0.03973536193370819
,,,24,,,,,,,,,,,,,,,,,,,,,,,,,,,,,17119,0.06436442583799362
,,,24,,,,,,,,,,,,,,,,,,,,,,,,,,,,,17129,0.16659680008888245
,,,24,,,,,,,,,,,,,,,,,,,,,,,,,,,,,17139,0.24022457003593445
,,,24,,,,,,,,,,,,,,,,,,,,,,,,,,,,,17149,0.4225322902202606
,,,24,,,,,,,,,,,,,,,,,,,,,,,,,,,,,17159,0.43121564388275146
,,,24,,,,,,,,,,,,,,,,,,,,,,,,,,,,,17169,0.13079166412353516
,,,24,,,,,,,,,,,,,,,,,,,,,,,,,,,,,17179,0.08103425800800323
,,,24,,,,,,,,,,,,,,,,,,,,,,,,,,,,,17189,0.2053748369216919
,,,24,,,,,,,,,,,,,,,,,,,,,,,,,,,,,17199,0.34188637137413025
,,,24,,,,,,,,,,,,,,,,,,,,,,,,,,,,,17209,0.3064030408859253
,,,24,,,,,,,,,,,,,,,,,,,,,,,,,,,,,17219,0.3779728412628174
,,,24,,,,,,,,,,,,,,,,,,,,,,,,,,,,,17229,0.7209974527359009
,,,24,,,,,,,,,,,,,,,,,,,,,,,,,,,,,17239,0.4209193289279938
,,,24,,,,,,,,,,,,,,,,,,,,,,,,,,,,,17249,0.18686366081237793
,,,24,,,,,,,,,,,,,,,,,,,,,,,,,,,,,17259,0.39435696601867676
,,,24,,,,,,,,,,,,,,,,,,,,,,,,,,,,,17269,0.3774604797363281
,,,24,,,,,,,,,,,,,,,,,,,,,,,,,,,,,17279,0.5336437225341797
,,,24,,,,,,,,,,,,,,,,,,,,,,,,,,,,,17289,0.03200535476207733
,,,24,,,,,,,,,,,,,,,,,,,,,,,,,,,,,17299,0.1627848744392395
,,,24,,,,,,,,,,,,,,,,,,,,,,,,,,,,,17309,0.30646970868110657
,,,24,,,,,,,,,,,,,,,,,,,,,,,,,,,,,17319,0.0752038061618805
,,,24,,,,,,,,,,,,,,,,,,,,,,,,,,,,,17329,0.6739978790283203
,,,24,,,,,,,,,,,,,,,,,,,,,,,,,,,,,17339,0.10767601430416107
,,,24,,,,,,,,,,,,,,,,,,,,,,,,,,,,,17349,0.36887460947036743
,,,24,,,,,,,,,,,,,,,,,,,,,,,,,,,,,17359,0.07779637724161148
,,,24,,,,,,,,,,,,,,,,,,,,,,,,,,,,,17369,0.6643877625465393
,,,24,,,,,,,,,,,,,,,,,,,,,,,,,,,,,17379,0.4003831446170807
,,,24,,,,,,,,,,,,,,,,,,,,,,,,,,,,,17389,0.1492065042257309
,,,24,,,,,,,,,,,,,,,,,,,,,,,,,,,,,17399,0.5510700345039368
,,,24,,,,,,,,,,,,,,,,,,,,,,,,,,,,,17409,0.9788671135902405
,,,24,,,,,,,,,,,,,,,,,,,,,,,,,,,,,17419,0.54045569896698
,,,24,,,,,,,,,,,,,,,,,,,,,,,,,,,,,17429,0.7877954840660095
,,,24,,,,,,,,,,,,,,,,,,,,,,,,,,,,,17439,0.5729701519012451
,,,24,,,,,,,,,,,,,,,,,,,,,,,,,,,,,17449,0.2411089837551117
,,,24,,,,,,,,,,,,,,,,,,,,,,,,,,,,,17459,0.07952562719583511
,,,24,,,,,,,,,,,,,,,,,,,,,,,,,,,,,17469,0.3672880530357361
,,,24,,,,,,,,,,,,,,,,,,,,,,,,,,,,,17479,0.15732213854789734
,,,24,,,,,,,,,,,,,,,,,,,,,,,,,,,,,17489,0.4529987573623657
,,,24,,,,,,,,,,,,,,,,,,,,,,,,,,,,,17499,1.5277998447418213
,,,24,,,,,,,,,,,,,,,,,,,,,,,,,,,,,17509,0.28303080797195435
,,,24,,,,,,,,,,,,,,,,,,,,,,,,,,,,,17519,0.5667200088500977
0.7906103134155273,0.7682482004165649,0.8143133521080017,24,,,,,,,,,,,,,,,,,,,,,,,,,,,,,17524,
,,,,3.3378607357335043e-07,1.8698845198605113e-06,2.876745415170017e-06,2.876745415170017e-06,4.425762177184641e-06,4.425762177184641e-06,6.808864887976371e-06,6.808864887976371e-06,1.0475176750732877e-05,1.0475176750732877e-05,1.6115656539589043e-05,3.3378607357335043e-07,1.6115656539589043e-05,2.479331775321391e-05,2.479331775321391e-05,3.814356577417525e-05,3.814356577417525e-05,5.868240888334653e-05,5.868240888334653e-05,5.868240888334653e-05,5.868240888334653e-05,5.135170362666929e-07,5.135170362666929e-07,7.90026209641066e-07,7.90026209641066e-07,1.2154249379093322e-06,1.2154249379093322e-06,1.8698845198605113e-06,17525,
,,,25,,,,,,,,,,,,,,,,,,,,,,,,,,,,,17529,0.34396275877952576
,,,25,,,,,,,,,,,,,,,,,,,,,,,,,,,,,17539,0.7612461447715759
,,,25,,,,,,,,,,,,,,,,,,,,,,,,,,,,,17549,0.1422516405582428
,,,25,,,,,,,,,,,,,,,,,,,,,,,,,,,,,17559,0.8953350782394409
,,,25,,,,,,,,,,,,,,,,,,,,,,,,,,,,,17569,0.1327202469110489
,,,25,,,,,,,,,,,,,,,,,,,,,,,,,,,,,17579,0.019586818292737007
,,,25,,,,,,,,,,,,,,,,,,,,,,,,,,,,,17589,0.08185667544603348
,,,25,,,,,,,,,,,,,,,,,,,,,,,,,,,,,17599,0.4924207925796509
,,,25,,,,,,,,,,,,,,,,,,,,,,,,,,,,,17609,0.6367207765579224
,,,25,,,,,,,,,,,,,,,,,,,,,,,,,,,,,17619,0.323420912027359
,,,25,,,,,,,,,,,,,,,,,,,,,,,,,,,,,17629,0.07423145323991776
,,,25,,,,,,,,,,,,,,,,,,,,,,,,,,,,,17639,0.5394390225410461
,,,25,,,,,,,,,,,,,,,,,,,,,,,,,,,,,17649,0.1538521647453308
,,,25,,,,,,,,,,,,,,,,,,,,,,,,,,,,,17659,0.4243983328342438
,,,25,,,,,,,,,,,,,,,,,,,,,,,,,,,,,17669,1.0679477453231812
,,,25,,,,,,,,,,,,,,,,,,,,,,,,,,,,,17679,0.8770305514335632
,,,25,,,,,,,,,,,,,,,,,,,,,,,,,,,,,17689,0.44981634616851807
,,,25,,,,,,,,,,,,,,,,,,,,,,,,,,,,,17699,0.06572210788726807
,,,25,,,,,,,,,,,,,,,,,,,,,,,,,,,,,17709,0.06315987557172775
,,,25,,,,,,,,,,,,,,,,,,,,,,,,,,,,,17719,0.1567409187555313
,,,25,,,,,,,,,,,,,,,,,,,,,,,,,,,,,17729,0.23814815282821655
,,,25,,,,,,,,,,,,,,,,,,,,,,,,,,,,,17739,0.7806007862091064
,,,25,,,,,,,,,,,,,,,,,,,,,,,,,,,,,17749,0.3643310070037842
,,,25,,,,,,,,,,,,,,,,,,,,,,,,,,,,,17759,0.06483998149633408
,,,25,,,,,,,,,,,,,,,,,,,,,,,,,,,,,17769,0.06026563048362732
,,,25,,,,,,,,,,,,,,,,,,,,,,,,,,,,,17779,0.34746745228767395
,,,25,,,,,,,,,,,,,,,,,,,,,,,,,,,,,17789,0.0771820917725563
,,,25,,,,,,,,,,,,,,,,,,,,,,,,,,,,,17799,0.11409406363964081
,,,25,,,,,,,,,,,,,,,,,,,,,,,,,,,,,17809,0.028975054621696472
,,,25,,,,,,,,,,,,,,,,,,,,,,,,,,,,,17819,0.0430295392870903
,,,25,,,,,,,,,,,,,,,,,,,,,,,,,,,,,17829,0.038415905088186264
,,,25,,,,,,,,,,,,,,,,,,,,,,,,,,,,,17839,0.1643809676170349
,,,25,,,,,,,,,,,,,,,,,,,,,,,,,,,,,17849,0.019747819751501083
,,,25,,,,,,,,,,,,,,,,,,,,,,,,,,,,,17859,0.04966849088668823
,,,25,,,,,,,,,,,,,,,,,,,,,,,,,,,,,17869,0.039749450981616974
,,,25,,,,,,,,,,,,,,,,,,,,,,,,,,,,,17879,0.3318997025489807
,,,25,,,,,,,,,,,,,,,,,,,,,,,,,,,,,17889,0.1109713688492775
,,,25,,,,,,,,,,,,,,,,,,,,,,,,,,,,,17899,0.07223653048276901
,,,25,,,,,,,,,,,,,,,,,,,,,,,,,,,,,17909,0.3632754981517792
,,,25,,,,,,,,,,,,,,,,,,,,,,,,,,,,,17919,0.2452019900083542
,,,25,,,,,,,,,,,,,,,,,,,,,,,,,,,,,17929,0.4276931583881378
,,,25,,,,,,,,,,,,,,,,,,,,,,,,,,,,,17939,0.1477111279964447
,,,25,,,,,,,,,,,,,,,,,,,,,,,,,,,,,17949,0.11630993336439133
,,,25,,,,,,,,,,,,,,,,,,,,,,,,,,,,,17959,0.8688880801200867
,,,25,,,,,,,,,,,,,,,,,,,,,,,,,,,,,17969,0.9078252911567688
,,,25,,,,,,,,,,,,,,,,,,,,,,,,,,,,,17979,0.5591989159584045
,,,25,,,,,,,,,,,,,,,,,,,,,,,,,,,,,17989,0.11588360369205475
,,,25,,,,,,,,,,,,,,,,,,,,,,,,,,,,,17999,0.44288119673728943
,,,25,,,,,,,,,,,,,,,,,,,,,,,,,,,,,18009,0.04568266123533249
,,,25,,,,,,,,,,,,,,,,,,,,,,,,,,,,,18019,0.40930065512657166
,,,25,,,,,,,,,,,,,,,,,,,,,,,,,,,,,18029,0.5703369975090027
,,,25,,,,,,,,,,,,,,,,,,,,,,,,,,,,,18039,0.14601430296897888
,,,25,,,,,,,,,,,,,,,,,,,,,,,,,,,,,18049,0.3209230601787567
,,,25,,,,,,,,,,,,,,,,,,,,,,,,,,,,,18059,0.5427866578102112
,,,25,,,,,,,,,,,,,,,,,,,,,,,,,,,,,18069,0.887215256690979
,,,25,,,,,,,,,,,,,,,,,,,,,,,,,,,,,18079,0.12038502097129822
,,,25,,,,,,,,,,,,,,,,,,,,,,,,,,,,,18089,0.037776339799165726
,,,25,,,,,,,,,,,,,,,,,,,,,,,,,,,,,18099,0.39092525839805603
,,,25,,,,,,,,,,,,,,,,,,,,,,,,,,,,,18109,0.13300727307796478
,,,25,,,,,,,,,,,,,,,,,,,,,,,,,,,,,18119,0.0634046196937561
,,,25,,,,,,,,,,,,,,,,,,,,,,,,,,,,,18129,1.0850610733032227
,,,25,,,,,,,,,,,,,,,,,,,,,,,,,,,,,18139,0.44891348481178284
,,,25,,,,,,,,,,,,,,,,,,,,,,,,,,,,,18149,0.10195517539978027
,,,25,,,,,,,,,,,,,,,,,,,,,,,,,,,,,18159,0.17472025752067566
,,,25,,,,,,,,,,,,,,,,,,,,,,,,,,,,,18169,0.1694379448890686
,,,25,,,,,,,,,,,,,,,,,,,,,,,,,,,,,18179,0.11871457099914551
,,,25,,,,,,,,,,,,,,,,,,,,,,,,,,,,,18189,0.09810598939657211
,,,25,,,,,,,,,,,,,,,,,,,,,,,,,,,,,18199,0.9825116991996765
,,,25,,,,,,,,,,,,,,,,,,,,,,,,,,,,,18209,0.6092636585235596
,,,25,,,,,,,,,,,,,,,,,,,,,,,,,,,,,18219,0.3182682394981384
,,,,3.141283954762321e-07,1.7597613275514558e-06,2.707325119309932e-06,2.707325119309932e-06,4.165115568169125e-06,4.165115568169125e-06,6.407870104875578e-06,6.407870104875578e-06,9.85826169980858e-06,9.85826169980858e-06,1.516655646124397e-05,3.141283954762321e-07,1.516655646124397e-05,2.333316378652918e-05,2.333316378652918e-05,3.589717505619874e-05,3.589717505619874e-05,5.522642316338268e-05,5.522642316338268e-05,5.522642316338268e-05,5.522642316338268e-05,4.832744545788186e-07,4.832744545788186e-07,7.434991608904902e-07,7.434991608904902e-07,1.1438448629084463e-06,1.1438448629084463e-06,1.7597613275514558e-06,18226,
,,,26,,,,,,,,,,,,,,,,,,,,,,,,,,,,,18229,1.2111238241195679
,,,26,,,,,,,,,,,,,,,,,,,,,,,,,,,,,18239,0.9302492141723633
,,,26,,,,,,,,,,,,,,,,,,,,,,,,,,,,,18249,0.06312553584575653
,,,26,,,,,,,,,,,,,,,,,,,,,,,,,,,,,18259,0.18907888233661652
,,,26,,,,,,,,,,,,,,,,,,,,,,,,,,,,,18269,0.022918803617358208
,,,26,,,,,,,,,,,,,,,,,,,,,,,,,,,,,18279,0.12838569283485413
,,,26,,,,,,,,,,,,,,,,,,,,,,,,,,,,,18289,0.1346733719110489
,,,26,,,,,,,,,,,,,,,,,,,,,,,,,,,,,18299,0.5688960552215576
,,,26,,,,,,,,,,,,,,,,,,,,,,,,,,,,,18309,0.6420753002166748
,,,26,,,,,,,,,,,,,,,,,,,,,,,,,,,,,18319,0.45653608441352844
,,,26,,,,,,,,,,,,,,,,,,,,,,,,,,,,,18329,0.2897788882255554
,,,26,,,,,,,,,,,,,,,,,,,,,,,,,,,,,18339,0.019243845716118813
,,,26,,,,,,,,,,,,,,,,,,,,,,,,,,,,,18349,0.02372756600379944
,,,26,,,,,,,,,,,,,,,,,,,,,,,,,,,,,18359,0.38287022709846497
,,,26,,,,,,,,,,,,,,,,,,,,,,,,,,,,,18369,0.8569218516349792
,,,26,,,,,,,,,,,,,,,,,,,,,,,,,,,,,18379,0.10498616844415665
,,,26,,,,,,,,,,,,,,,,,,,,,,,,,,,,,18389,0.3165019154548645
,,,26,,,,,,,,,,,,,,,,,,,,,,,,,,,,,18399,1.7831134796142578
,,,26,,,,,,,,,,,,,,,,,,,,,,,,,,,,,18409,0.802656352519989
,,,26,,,,,,,,,,,,,,,,,,,,,,,,,,,,,18419,0.2634637653827667
,,,26,,,,,,,,,,,,,,,,,,,,,,,,,,,,,18429,0.2764643132686615
,,,26,,,,,,,,,,,,,,,,,,,,,,,,,,,,,18439,1.281282901763916
,,,26,,,,,,,,,,,,,,,,,,,,,,,,,,,,,18449,0.1842317134141922
,,,26,,,,,,,,,,,,,,,,,,,,,,,,,,,,,18459,0.06012946739792824
,,,26,,,,,,,,,,,,,,,,,,,,,,,,,,,,,18469,0.41991567611694336
,,,26,,,,,,,,,,,,,,,,,,,,,,,,,,,,,18479,0.34860220551490784
,,,26,,,,,,,,,,,,,,,,,,,,,,,,,,,,,18489,0.30613839626312256
,,,26,,,,,,,,,,,,,,,,,,,,,,,,,,,,,18499,0.5334103107452393
,,,26,,,,,,,,,,,,,,,,,,,,,,,,,,,,,18509,0.2534722089767456
,,,26,,,,,,,,,,,,,,,,,,,,,,,,,,,,,18519,0.023911161348223686
,,,26,,,,,,,,,,,,,,,,,,,,,,,,,,,,,18529,0.11113612353801727
,,,26,,,,,,,,,,,,,,,,,,,,,,,,,,,,,18539,0.11259232461452484
,,,26,,,,,,,,,,,,,,,,,,,,,,,,,,,,,18549,0.0867370218038559
,,,26,,,,,,,,,,,,,,,,,,,,,,,,,,,,,18559,0.1856910139322281
,,,26,,,,,,,,,,,,,,,,,,,,,,,,,,,,,18569,0.5580456852912903
,,,26,,,,,,,,,,,,,,,,,,,,,,,,,,,,,18579,0.06560106575489044
,,,26,,,,,,,,,,,,,,,,,,,,,,,,,,,,,18589,0.026154179126024246
,,,26,,,,,,,,,,,,,,,,,,,,,,,,,,,,,18599,0.3007228374481201
,,,26,,,,,,,,,,,,,,,,,,,,,,,,,,,,,18609,0.10464006662368774
,,,26,,,,,,,,,,,,,,,,,,,,,,,,,,,,,18619,0.7206462025642395
,,,26,,,,,,,,,,,,,,,,,,,,,,,,,,,,,18629,0.9280124306678772
,,,26,,,,,,,,,,,,,,,,,,,,,,,,,,,,,18639,0.460859090089798
,,,26,,,,,,,,,,,,,,,,,,,,,,,,,,,,,18649,0.12254887819290161
,,,26,,,,,,,,,,,,,,,,,,,,,,,,,,,,,18659,0.23823435604572296
,,,26,,,,,,,,,,,,,,,,,,,,,,,,,,,,,18669,0.3565034568309784
,,,26,,,,,,,,,,,,,,,,,,,,,,,,,,,,,18679,0.2441248893737793
,,,26,,,,,,,,,,,,,,,,,,,,,,,,,,,,,18689,0.04218792915344238
,,,26,,,,,,,,,,,,,,,,,,,,,,,,,,,,,18699,0.08315228670835495
,,,26,,,,,,,,,,,,,,,,,,,,,,,,,,,,,18709,0.06314681470394135
,,,26,,,,,,,,,,,,,,,,,,,,,,,,,,,,,18719,0.10637129098176956
,,,26,,,,,,,,,,,,,,,,,,,,,,,,,,,,,18729,0.4232778549194336
,,,26,,,,,,,,,,,,,,,,,,,,,,,,,,,,,18739,0.045837242156267166
,,,26,,,,,,,,,,,,,,,,,,,,,,,,,,,,,18749,1.0288947820663452
,,,26,,,,,,,,,,,,,,,,,,,,,,,,,,,,,18759,0.37309449911117554
,,,26,,,,,,,,,,,,,,,,,,,,,,,,,,,,,18769,0.5381174683570862
,,,26,,,,,,,,,,,,,,,,,,,,,,,,,,,,,18779,0.5491373538970947
,,,26,,,,,,,,,,,,,,,,,,,,,,,,,,,,,18789,0.5057650208473206
,,,26,,,,,,,,,,,,,,,,,,,,,,,,,,,,,18799,0.974780261516571
,,,26,,,,,,,,,,,,,,,,,,,,,,,,,,,,,18809,0.26718154549598694
,,,26,,,,,,,,,,,,,,,,,,,,,,,,,,,,,18819,0.9257332682609558
,,,26,,,,,,,,,,,,,,,,,,,,,,,,,,,,,18829,1.2850679159164429
,,,26,,,,,,,,,,,,,,,,,,,,,,,,,,,,,18839,0.07557164132595062
,,,26,,,,,,,,,,,,,,,,,,,,,,,,,,,,,18849,0.019586628302931786
,,,26,,,,,,,,,,,,,,,,,,,,,,,,,,,,,18859,0.6492820978164673
,,,26,,,,,,,,,,,,,,,,,,,,,,,,,,,,,18869,0.048532355576753616
,,,26,,,,,,,,,,,,,,,,,,,,,,,,,,,,,18879,0.5307068824768066
,,,26,,,,,,,,,,,,,,,,,,,,,,,,,,,,,18889,0.644936203956604
,,,26,,,,,,,,,,,,,,,,,,,,,,,,,,,,,18899,1.5401808023452759
,,,26,,,,,,,,,,,,,,,,,,,,,,,,,,,,,18909,0.2621745467185974
,,,26,,,,,,,,,,,,,,,,,,,,,,,,,,,,,18919,0.09652779996395111
,,,,2.943258858323685e-07,1.648826782436853e-06,2.5366565883643888e-06,2.5366565883643888e-06,3.902548597483675e-06,3.902548597483675e-06,6.003920919205654e-06,6.003920919205654e-06,9.236801414162544e-06,9.236801414162544e-06,1.4210463714096221e-05,2.943258858323685e-07,1.4210463714096221e-05,2.1862251867840337e-05,2.1862251867840337e-05,3.363423364283129e-05,3.363423364283129e-05,5.174497483512506e-05,5.174497483512506e-05,5.174497483512506e-05,5.174497483512506e-05,4.5280905512672074e-07,4.5280905512672074e-07,6.966293155795704e-07,6.966293155795704e-07,1.0717374085839545e-06,1.0717374085839545e-06,1.648826782436853e-06,18927,
,,,27,,,,,,,,,,,,,,,,,,,,,,,,,,,,,18929,0.24124296009540558
,,,27,,,,,,,,,,,,,,,,,,,,,,,,,,,,,18939,0.3914451599121094
,,,27,,,,,,,,,,,,,,,,,,,,,,,,,,,,,18949,0.4794808030128479
,,,27,,,,,,,,,,,,,,,,,,,,,,,,,,,,,18959,0.14433160424232483
,,,27,,,,,,,,,,,,,,,,,,,,,,,,,,,,,18969,0.10590685904026031
,,,27,,,,,,,,,,,,,,,,,,,,,,,,,,,,,18979,0.2861481010913849
,,,27,,,,,,,,,,,,,,,,,,,,,,,,,,,,,18989,0.10917741805315018
,,,27,,,,,,,,,,,,,,,,,,,,,,,,,,,,,18999,0.20633387565612793
,,,27,,,,,,,,,,,,,,,,,,,,,,,,,,,,,19009,0.10221706330776215
,,,27,,,,,,,,,,,,,,,,,,,,,,,,,,,,,19019,0.01764044538140297
,,,27,,,,,,,,,,,,,,,,,,,,,,,,,,,,,19029,0.6274769306182861
,,,27,,,,,,,,,,,,,,,,,,,,,,,,,,,,,19039,0.36823707818984985
,,,27,,,,,,,,,,,,,,,,,,,,,,,,,,,,,19049,0.02253599278628826
,,,27,,,,,,,,,,,,,,,,,,,,,,,,,,,,,19059,0.37065500020980835
,,,27,,,,,,,,,,,,,,,,,,,,,,,,,,,,,19069,0.14235861599445343
,,,27,,,,,,,,,,,,,,,,,,,,,,,,,,,,,19079,0.06647082418203354
,,,27,,,,,,,,,,,,,,,,,,,,,,,,,,,,,19089,0.2680874466896057
,,,27,,,,,,,,,,,,,,,,,,,,,,,,,,,,,19099,0.6082339286804199
,,,27,,,,,,,,,,,,,,,,,,,,,,,,,,,,,19109,0.5238931179046631
,,,27,,,,,,,,,,,,,,,,,,,,,,,,,,,,,19119,0.8403787016868591
,,,27,,,,,,,,,,,,,,,,,,,,,,,,,,,,,19129,0.11073628067970276
,,,27,,,,,,,,,,,,,,,,,,,,,,,,,,,,,19139,0.1862761676311493
,,,27,,,,,,,,,,,,,,,,,,,,,,,,,,,,,19149,0.027564452961087227
,,,27,,,,,,,,,,,,,,,,,,,,,,,,,,,,,19159,0.3687315583229065
,,,27,,,,,,,,,,,,,,,,,,,,,,,,,,,,,19169,0.02046898379921913
,,,27,,,,,,,,,,,,,,,,,,,,,,,,,,,,,19179,0.05160671845078468
,,,27,,,,,,,,,,,,,,,,,,,,,,,,,,,,,19189,0.4613403379917145
,,,27,,,,,,,,,,,,,,,,,,,,,,,,,,,,,19199,0.3530571758747101
,,,27,,,,,,,,,,,,,,,,,,,,,,,,,,,,,19209,0.07935910671949387
,,,27,,,,,,,,,,,,,,,,,,,,,,,,,,,,,19219,0.4757319986820221
,,,27,,,,,,,,,,,,,,,,,,,,,,,,,,,,,19229,0.17738103866577148
,,,27,,,,,,,,,,,,,,,,,,,,,,,,,,,,,19239,0.24389134347438812
,,,27,,,,,,,,,,,,,,,,,,,,,,,,,,,,,19249,0.3933427929878235
,,,27,,,,,,,,,,,,,,,,,,,,,,,,,,,,,19259,0.25723814964294434
,,,27,,,,,,,,,,,,,,,,,,,,,,,,,,,,,19269,0.03996020555496216
,,,27,,,,,,,,,,,,,,,,,,,,,,,,,,,,,19279,0.19634635746479034
,,,27,,,,,,,,,,,,,,,,,,,,,,,,,,,,,19289,0.3895704448223114
,,,27,,,,,,,,,,,,,,,,,,,,,,,,,,,,,19299,0.289363831281662
,,,27,,,,,,,,,,,,,,,,,,,,,,,,,,,,,19309,0.9474000930786133
,,,27,,,,,,,,,,,,,,,,,,,,,,,,,,,,,19319,0.22688455879688263
,,,27,,,,,,,,,,,,,,,,,,,,,,,,,,,,,19329,0.29251253604888916
,,,27,,,,,,,,,,,,,,,,,,,,,,,,,,,,,19339,0.17555440962314606
,,,27,,,,,,,,,,,,,,,,,,,,,,,,,,,,,19349,0.40964558720588684
,,,27,,,,,,,,,,,,,,,,,,,,,,,,,,,,,19359,0.2320399135351181
,,,27,,,,,,,,,,,,,,,,,,,,,,,,,,,,,19369,0.45125365257263184
,,,27,,,,,,,,,,,,,,,,,,,,,,,,,,,,,19379,0.03424078971147537
,,,27,,,,,,,,,,,,,,,,,,,,,,,,,,,,,19389,0.08690837770700455
,,,27,,,,,,,,,,,,,,,,,,,,,,,,,,,,,19399,0.11871261149644852
,,,27,,,,,,,,,,,,,,,,,,,,,,,,,,,,,19409,0.02491667866706848
,,,27,,,,,,,,,,,,,,,,,,,,,,,,,,,,,19419,0.10858501493930817
,,,27,,,,,,,,,,,,,,,,,,,,,,,,,,,,,19429,0.5741798877716064
,,,27,,,,,,,,,,,,,,,,,,,,,,,,,,,,,19439,0.2158002108335495
,,,27,,,,,,,,,,,,,,,,,,,,,,,,,,,,,19449,0.296708881855011
,,,27,,,,,,,,,,,,,,,,,,,,,,,,,,,,,19459,0.08828439563512802
,,,27,,,,,,,,,,,,,,,,,,,,,,,,,,,,,19469,0.21567748486995697
,,,27,,,,,,,,,,,,,,,,,,,,,,,,,,,,,19479,0.12814979255199432
,,,27,,,,,,,,,,,,,,,,,,,,,,,,,,,,,19489,0.2361259162425995
,,,27,,,,,,,,,,,,,,,,,,,,,,,,,,,,,19499,0.6446115970611572
,,,27,,,,,,,,,,,,,,,,,,,,,,,,,,,,,19509,0.6086744666099548
,,,27,,,,,,,,,,,,,,,,,,,,,,,,,,,,,19519,0.8645334243774414
,,,27,,,,,,,,,,,,,,,,,,,,,,,,,,,,,19529,0.3420393764972687
,,,27,,,,,,,,,,,,,,,,,,,,,,,,,,,,,19539,0.3470165431499481
,,,27,,,,,,,,,,,,,,,,,,,,,,,,,,,,,19549,0.6702946424484253
,,,27,,,,,,,,,,,,,,,,,,,,,,,,,,,,,19559,0.5357382893562317
,,,27,,,,,,,,,,,,,,,,,,,,,,,,,,,,,19569,0.29560378193855286
,,,27,,,,,,,,,,,,,,,,,,,,,,,,,,,,,19579,0.09316439926624298
,,,27,,,,,,,,,,,,,,,,,,,,,,,,,,,,,19589,0.03891214355826378
,,,27,,,,,,,,,,,,,,,,,,,,,,,,,,,,,19599,0.05877752602100372
,,,27,,,,,,,,,,,,,,,,,,,,,,,,,,,,,19609,0.4099271297454834
,,,27,,,,,,,,,,,,,,,,,,,,,,,,,,,,,19619,0.06907951086759567
,,,,2.744750204782032e-07,1.537621346469399e-06,2.3655713022606135e-06,2.3655713022606135e-06,3.6393404650163284e-06,3.6393404650163284e-06,5.598985330794351e-06,5.598985330794351e-06,8.613823585837463e-06,8.613823585837463e-06,1.3252036285903789e-05,2.744750204782032e-07,1.3252036285903789e-05,2.0387748132159674e-05,2.0387748132159674e-05,3.136576635716873e-05,3.136576635716873e-05,4.825502516487497e-05,4.825502516487497e-05,4.825502516487497e-05,4.825502516487497e-05,4.222692622741587e-07,4.222692622741587e-07,6.496450188833211e-07,6.496450188833211e-07,9.994538752051094e-07,9.994538752051094e-07,1.537621346469399e-06,19628,
,,,28,,,,,,,,,,,,,,,,,,,,,,,,,,,,,19629,0.10417090356349945
,,,28,,,,,,,,,,,,,,,,,,,,,,,,,,,,,19639,0.08590403199195862
,,,28,,,,,,,,,,,,,,,,,,,,,,,,,,,,,19649,0.9293832182884216
,,,28,,,,,,,,,,,,,,,,,,,,,,,,,,,,,19659,1.3393996953964233
,,,28,,,,,,,,,,,,,,,,,,,,,,,,,,,,,19669,0.7697575688362122
,,,28,,,,,,,,,,,,,,,,,,,,,,,,,,,,,19679,0.89677494764328
,,,28,,,,,,,,,,,,,,,,,,,,,,,,,,,,,19689,1.0542418956756592
,,,28,,,,,,,,,,,,,,,,,,,,,,,,,,,,,19699,0.08990101516246796
,,,28,,,,,,,,,,,,,,,,,,,,,,,,,,,,,19709,0.1593029797077179
,,,28,,,,,,,,,,,,,,,,,,,,,,,,,,,,,19719,0.0880630686879158
,,,28,,,,,,,,,,,,,,,,,,,,,,,,,,,,,19729,0.1903117448091507
,,,28,,,,,,,,,,,,,,,,,,,,,,,,,,,,,19739,0.9044045209884644
,,,28,,,,,,,,,,,,,,,,,,,,,,,,,,,,,19749,0.6106545329093933
,,,28,,,,,,,,,,,,,,,,,,,,,,,,,,,,,19759,0.11197880655527115
,,,28,,,,,,,,,,,,,,,,,,,,,,,,,,,,,19769,0.3750185966491699
,,,28,,,,,,,,,,,,,,,,,,,,,,,,,,,,,19779,1.236680030822754
,,,28,,,,,,,,,,,,,,,,,,,,,,,,,,,,,19789,0.20250384509563446
,,,28,,,,,,,,,,,,,,,,,,,,,,,,,,,,,19799,0.4009828567504883
,,,28,,,,,,,,,,,,,,,,,,,,,,,,,,,,,19809,0.22157920897006989
,,,28,,,,,,,,,,,,,,,,,,,,,,,,,,,,,19819,0.043325360864400864
,,,28,,,,,,,,,,,,,,,,,,,,,,,,,,,,,19829,0.49316054582595825
,,,28,,,,,,,,,,,,,,,,,,,,,,,,,,,,,19839,0.6746378540992737
,,,28,,,,,,,,,,,,,,,,,,,,,,,,,,,,,19849,0.7181334495544434
,,,28,,,,,,,,,,,,,,,,,,,,,,,,,,,,,19859,0.31221330165863037
,,,28,,,,,,,,,,,,,,,,,,,,,,,,,,,,,19869,0.2543335556983948
,,,28,,,,,,,,,,,,,,,,,,,,,,,,,,,,,19879,0.035258106887340546
,,,28,,,,,,,,,,,,,,,,,,,,,,,,,,,,,19889,0.16667969524860382
,,,28,,,,,,,,,,,,,,,,,,,,,,,,,,,,,19899,0.0627334713935852
,,,28,,,,,,,,,,,,,,,,,,,,,,,,,,,,,19909,0.18197311460971832
,,,28,,,,,,,,,,,,,,,,,,,,,,,,,,,,,19919,0.5063779354095459
,,,28,,,,,,,,,,,,,,,,,,,,,,,,,,,,,19929,0.09066427499055862
,,,28,,,,,,,,,,,,,,,,,,,,,,,,,,,,,19939,0.7216537594795227
,,,28,,,,,,,,,,,,,,,,,,,,,,,,,,,,,19949,0.0943593680858612
,,,28,,,,,,,,,,,,,,,,,,,,,,,,,,,,,19959,0.3822175860404968
,,,28,,,,,,,,,,,,,,,,,,,,,,,,,,,,,19969,0.11984618008136749
,,,28,,,,,,,,,,,,,,,,,,,,,,,,,,,,,19979,0.05581481382250786
,,,28,,,,,,,,,,,,,,,,,,,,,,,,,,,,,19989,0.49414804577827454
,,,28,,,,,,,,,,,,,,,,,,,,,,,,,,,,,19999,0.7143934965133667
,,,28,,,,,,,,,,,,,,,,,,,,,,,,,,,,,20009,0.48720675706863403
,,,28,,,,,,,,,,,,,,,,,,,,,,,,,,,,,20019,0.8938151597976685
,,,28,,,,,,,,,,,,,,,,,,,,,,,,,,,,,20029,0.08927226066589355
,,,28,,,,,,,,,,,,,,,,,,,,,,,,,,,,,20039,0.027674293145537376
,,,28,,,,,,,,,,,,,,,,,,,,,,,,,,,,,20049,0.14580358564853668
,,,28,,,,,,,,,,,,,,,,,,,,,,,,,,,,,20059,0.10702258348464966
,,,28,,,,,,,,,,,,,,,,,,,,,,,,,,,,,20069,0.48845046758651733
,,,28,,,,,,,,,,,,,,,,,,,,,,,,,,,,,20079,0.019259285181760788
,,,28,,,,,,,,,,,,,,,,,,,,,,,,,,,,,20089,0.4783959686756134
,,,28,,,,,,,,,,,,,,,,,,,,,,,,,,,,,20099,1.4485008716583252
,,,28,,,,,,,,,,,,,,,,,,,,,,,,,,,,,20109,0.6244656443595886
,,,28,,,,,,,,,,,,,,,,,,,,,,,,,,,,,20119,0.11052453517913818
,,,28,,,,,,,,,,,,,,,,,,,,,,,,,,,,,20129,0.08900684118270874
,,,28,,,,,,,,,,,,,,,,,,,,,,,,,,,,,20139,0.04321452975273132
,,,28,,,,,,,,,,,,,,,,,,,,,,,,,,,,,20149,0.5931649208068848
,,,28,,,,,,,,,,,,,,,,,,,,,,,,,,,,,20159,0.0772821381688118
,,,28,,,,,,,,,,,,,,,,,,,,,,,,,,,,,20169,0.1802397221326828
,,,28,,,,,,,,,,,,,,,,,,,,,,,,,,,,,20179,0.039795391261577606
,,,28,,,,,,,,,,,,,,,,,,,,,,,,,,,,,20189,0.06815338879823685
,,,28,,,,,,,,,,,,,,,,,,,,,,,,,,,,,20199,0.03831028938293457
,,,28,,,,,,,,,,,,,,,,,,,,,,,,,,,,,20209,0.2955675721168518
,,,28,,,,,,,,,,,,,,,,,,,,,,,,,,,,,20219,0.06339578330516815
,,,28,,,,,,,,,,,,,,,,,,,,,,,,,,,,,20229,0.164826899766922
,,,28,,,,,,,,,,,,,,,,,,,,,,,,,,,,,20239,0.9138028621673584
,,,28,,,,,,,,,,,,,,,,,,,,,,,,,,,,,20249,0.10697448253631592
,,,28,,,,,,,,,,,,,,,,,,,,,,,,,,,,,20259,0.7271890044212341
,,,28,,,,,,,,,,,,,,,,,,,,,,,,,,,,,20269,0.05455252528190613
,,,28,,,,,,,,,,,,,,,,,,,,,,,,,,,,,20279,0.1044103354215622
,,,28,,,,,,,,,,,,,,,,,,,,,,,,,,,,,20289,0.27971869707107544
,,,28,,,,,,,,,,,,,,,,,,,,,,,,,,,,,20299,0.6022605299949646
,,,28,,,,,,,,,,,,,,,,,,,,,,,,,,,,,20309,0.4793590009212494
,,,28,,,,,,,,,,,,,,,,,,,,,,,,,,,,,20319,0.05047059431672096
,,,,2.5467251083433957e-07,1.4266868013547958e-06,2.1949027713150704e-06,2.1949027713150704e-06,3.376773494330877e-06,3.376773494330877e-06,5.195036145124426e-06,5.195036145124426e-06,7.992363300191425e-06,7.992363300191425e-06,1.2295943538756038e-05,2.5467251083433957e-07,1.2295943538756038e-05,1.8916836213470826e-05,1.8916836213470826e-05,2.9102824943801272e-05,2.9102824943801272e-05,4.477357683661734e-05,4.477357683661734e-05,4.477357683661734e-05,4.477357683661734e-05,3.9180386282206076e-07,3.9180386282206076e-07,6.027751735724013e-07,6.027751735724013e-07,9.273464208806172e-07,9.273464208806172e-07,1.4266868013547958e-06,20329,
,,,29,,,,,,,,,,,,,,,,,,,,,,,,,,,,,20329,0.7364402413368225
,,,29,,,,,,,,,,,,,,,,,,,,,,,,,,,,,20339,0.49249768257141113
,,,29,,,,,,,,,,,,,,,,,,,,,,,,,,,,,20349,0.5246905088424683
,,,29,,,,,,,,,,,,,,,,,,,,,,,,,,,,,20359,0.29253336787223816
,,,29,,,,,,,,,,,,,,,,,,,,,,,,,,,,,20369,0.5442330837249756
,,,29,,,,,,,,,,,,,,,,,,,,,,,,,,,,,20379,0.8471066355705261
,,,29,,,,,,,,,,,,,,,,,,,,,,,,,,,,,20389,0.08550211042165756
,,,29,,,,,,,,,,,,,,,,,,,,,,,,,,,,,20399,0.6799947023391724
,,,29,,,,,,,,,,,,,,,,,,,,,,,,,,,,,20409,0.04993485286831856
,,,29,,,,,,,,,,,,,,,,,,,,,,,,,,,,,20419,0.12188950926065445
,,,29,,,,,,,,,,,,,,,,,,,,,,,,,,,,,20429,0.40808141231536865
,,,29,,,,,,,,,,,,,,,,,,,,,,,,,,,,,20439,0.07578383386135101
,,,29,,,,,,,,,,,,,,,,,,,,,,,,,,,,,20449,0.012060265988111496
,,,29,,,,,,,,,,,,,,,,,,,,,,,,,,,,,20459,0.045369841158390045
,,,29,,,,,,,,,,,,,,,,,,,,,,,,,,,,,20469,0.5534346103668213
,,,29,,,,,,,,,,,,,,,,,,,,,,,,,,,,,20479,0.07848986238241196
,,,29,,,,,,,,,,,,,,,,,,,,,,,,,,,,,20489,0.13185745477676392
,,,29,,,,,,,,,,,,,,,,,,,,,,,,,,,,,20499,0.26425570249557495
,,,29,,,,,,,,,,,,,,,,,,,,,,,,,,,,,20509,0.4065445363521576
,,,29,,,,,,,,,,,,,,,,,,,,,,,,,,,,,20519,0.1946181058883667
,,,29,,,,,,,,,,,,,,,,,,,,,,,,,,,,,20529,0.017045505344867706
,,,29,,,,,,,,,,,,,,,,,,,,,,,,,,,,,20539,0.08526193350553513
,,,29,,,,,,,,,,,,,,,,,,,,,,,,,,,,,20549,0.9925447702407837
,,,29,,,,,,,,,,,,,,,,,,,,,,,,,,,,,20559,0.6084839701652527
,,,29,,,,,,,,,,,,,,,,,,,,,,,,,,,,,20569,0.16964037716388702
,,,29,,,,,,,,,,,,,,,,,,,,,,,,,,,,,20579,0.025957316160202026
,,,29,,,,,,,,,,,,,,,,,,,,,,,,,,,,,20589,0.1321636587381363
,,,29,,,,,,,,,,,,,,,,,,,,,,,,,,,,,20599,0.0619966983795166
,,,29,,,,,,,,,,,,,,,,,,,,,,,,,,,,,20609,0.3315117359161377
,,,29,,,,,,,,,,,,,,,,,,,,,,,,,,,,,20619,0.29253166913986206
,,,29,,,,,,,,,,,,,,,,,,,,,,,,,,,,,20629,0.011810404248535633
,,,29,,,,,,,,,,,,,,,,,,,,,,,,,,,,,20639,1.2838274240493774
,,,29,,,,,,,,,,,,,,,,,,,,,,,,,,,,,20649,0.5572452545166016
,,,29,,,,,,,,,,,,,,,,,,,,,,,,,,,,,20659,0.039259035140275955
,,,29,,,,,,,,,,,,,,,,,,,,,,,,,,,,,20669,0.33787497878074646
,,,29,,,,,,,,,,,,,,,,,,,,,,,,,,,,,20679,0.9814834594726562
,,,29,,,,,,,,,,,,,,,,,,,,,,,,,,,,,20689,0.7095590233802795
,,,29,,,,,,,,,,,,,,,,,,,,,,,,,,,,,20699,0.0688757672905922
,,,29,,,,,,,,,,,,,,,,,,,,,,,,,,,,,20709,0.2102620154619217
,,,29,,,,,,,,,,,,,,,,,,,,,,,,,,,,,20719,0.01304619014263153
,,,29,,,,,,,,,,,,,,,,,,,,,,,,,,,,,20729,0.016214119270443916
,,,29,,,,,,,,,,,,,,,,,,,,,,,,,,,,,20739,0.2690030038356781
,,,29,,,,,,,,,,,,,,,,,,,,,,,,,,,,,20749,0.054566968232393265
,,,29,,,,,,,,,,,,,,,,,,,,,,,,,,,,,20759,0.3248918354511261
,,,29,,,,,,,,,,,,,,,,,,,,,,,,,,,,,20769,0.06974778324365616
,,,29,,,,,,,,,,,,,,,,,,,,,,,,,,,,,20779,0.01573275774717331
,,,29,,,,,,,,,,,,,,,,,,,,,,,,,,,,,20789,0.5176318287849426
,,,29,,,,,,,,,,,,,,,,,,,,,,,,,,,,,20799,0.2835109531879425
,,,29,,,,,,,,,,,,,,,,,,,,,,,,,,,,,20809,0.07760386914014816
,,,29,,,,,,,,,,,,,,,,,,,,,,,,,,,,,20819,0.6598906517028809
,,,29,,,,,,,,,,,,,,,,,,,,,,,,,,,,,20829,1.4284411668777466
,,,29,,,,,,,,,,,,,,,,,,,,,,,,,,,,,20839,0.07447326183319092
,,,29,,,,,,,,,,,,,,,,,,,,,,,,,,,,,20849,0.05458122119307518
,,,29,,,,,,,,,,,,,,,,,,,,,,,,,,,,,20859,0.6300258040428162
,,,29,,,,,,,,,,,,,,,,,,,,,,,,,,,,,20869,0.34927502274513245
,,,29,,,,,,,,,,,,,,,,,,,,,,,,,,,,,20879,0.012886568903923035
,,,29,,,,,,,,,,,,,,,,,,,,,,,,,,,,,20889,1.6818076372146606
,,,29,,,,,,,,,,,,,,,,,,,,,,,,,,,,,20899,0.7358415722846985
,,,29,,,,,,,,,,,,,,,,,,,,,,,,,,,,,20909,0.06218603625893593
,,,29,,,,,,,,,,,,,,,,,,,,,,,,,,,,,20919,0.34158357977867126
,,,29,,,,,,,,,,,,,,,,,,,,,,,,,,,,,20929,0.2148497998714447
,,,29,,,,,,,,,,,,,,,,,,,,,,,,,,,,,20939,0.0988292545080185
,,,29,,,,,,,,,,,,,,,,,,,,,,,,,,,,,20949,0.2298961728811264
,,,29,,,,,,,,,,,,,,,,,,,,,,,,,,,,,20959,0.05388034135103226
,,,29,,,,,,,,,,,,,,,,,,,,,,,,,,,,,20969,0.5353357791900635
,,,29,,,,,,,,,,,,,,,,,,,,,,,,,,,,,20979,0.21937057375907898
,,,29,,,,,,,,,,,,,,,,,,,,,,,,,,,,,20989,0.07031728327274323
,,,29,,,,,,,,,,,,,,,,,,,,,,,,,,,,,20999,0.20184478163719177
,,,29,,,,,,,,,,,,,,,,,,,,,,,,,,,,,21009,0.16083920001983643
,,,29,,,,,,,,,,,,,,,,,,,,,,,,,,,,,21019,0.017846353352069855
,,,29,,,,,,,,,,,,,,,,,,,,,,,,,,,,,21029,0.25844013690948486
0.7992047667503357,0.8220859169960022,0.7775628566741943,29,,,,,,,,,,,,,,,,,,,,,,,,,,,,,21029,
,,,,2.3501483273722123e-07,1.3165636090457405e-06,2.025482475454985e-06,2.025482475454985e-06,3.1161268853153615e-06,3.1161268853153615e-06,4.794041362023633e-06,4.794041362023633e-06,7.375448249267128e-06,7.375448249267128e-06,1.1346843460410964e-05,2.3501483273722123e-07,1.1346843460410964e-05,1.7456682246786098e-05,1.7456682246786098e-05,2.685643422582477e-05,2.685643422582477e-05,4.131759111665349e-05,4.131759111665349e-05,4.131759111665349e-05,4.131759111665349e-05,3.6156128113418643e-07,3.6156128113418643e-07,5.562481248218254e-07,5.562481248218254e-07,8.557663458797313e-07,8.557663458797313e-07,1.3165636090457405e-06,21030,
,,,30,,,,,,,,,,,,,,,,,,,,,,,,,,,,,21039,0.42896634340286255
,,,30,,,,,,,,,,,,,,,,,,,,,,,,,,,,,21049,0.1935926079750061
,,,30,,,,,,,,,,,,,,,,,,,,,,,,,,,,,21059,0.171361044049263
,,,30,,,,,,,,,,,,,,,,,,,,,,,,,,,,,21069,0.21185295283794403
,,,30,,,,,,,,,,,,,,,,,,,,,,,,,,,,,21079,0.023032858967781067
,,,30,,,,,,,,,,,,,,,,,,,,,,,,,,,,,21089,0.43354567885398865
,,,30,,,,,,,,,,,,,,,,,,,,,,,,,,,,,21099,0.04047354683279991
,,,30,,,,,,,,,,,,,,,,,,,,,,,,,,,,,21109,0.020208140835165977
,,,30,,,,,,,,,,,,,,,,,,,,,,,,,,,,,21119,0.020220976322889328
,,,30,,,,,,,,,,,,,,,,,,,,,,,,,,,,,21129,0.10826567560434341
,,,30,,,,,,,,,,,,,,,,,,,,,,,,,,,,,21139,0.8082458972930908
,,,30,,,,,,,,,,,,,,,,,,,,,,,,,,,,,21149,0.21502657234668732
,,,30,,,,,,,,,,,,,,,,,,,,,,,,,,,,,21159,1.3853036165237427
,,,30,,,,,,,,,,,,,,,,,,,,,,,,,,,,,21169,0.18755482137203217
,,,30,,,,,,,,,,,,,,,,,,,,,,,,,,,,,21179,0.13194477558135986
,,,30,,,,,,,,,,,,,,,,,,,,,,,,,,,,,21189,0.8974068760871887
,,,30,,,,,,,,,,,,,,,,,,,,,,,,,,,,,21199,0.5632559657096863
,,,30,,,,,,,,,,,,,,,,,,,,,,,,,,,,,21209,0.04103613644838333
,,,30,,,,,,,,,,,,,,,,,,,,,,,,,,,,,21219,0.7405459880828857
,,,30,,,,,,,,,,,,,,,,,,,,,,,,,,,,,21229,0.5561699271202087
,,,30,,,,,,,,,,,,,,,,,,,,,,,,,,,,,21239,0.5493711829185486
,,,30,,,,,,,,,,,,,,,,,,,,,,,,,,,,,21249,0.8194403648376465
,,,30,,,,,,,,,,,,,,,,,,,,,,,,,,,,,21259,0.10061690211296082
,,,30,,,,,,,,,,,,,,,,,,,,,,,,,,,,,21269,0.8176709413528442
,,,30,,,,,,,,,,,,,,,,,,,,,,,,,,,,,21279,0.16662591695785522
,,,30,,,,,,,,,,,,,,,,,,,,,,,,,,,,,21289,0.05269089341163635
,,,30,,,,,,,,,,,,,,,,,,,,,,,,,,,,,21299,0.09917682409286499
,,,30,,,,,,,,,,,,,,,,,,,,,,,,,,,,,21309,0.07993581891059875
,,,30,,,,,,,,,,,,,,,,,,,,,,,,,,,,,21319,0.250923216342926
,,,30,,,,,,,,,,,,,,,,,,,,,,,,,,,,,21329,0.05867556482553482
,,,30,,,,,,,,,,,,,,,,,,,,,,,,,,,,,21339,0.20992246270179749
,,,30,,,,,,,,,,,,,,,,,,,,,,,,,,,,,21349,0.31485363841056824
,,,30,,,,,,,,,,,,,,,,,,,,,,,,,,,,,21359,0.17622363567352295
,,,30,,,,,,,,,,,,,,,,,,,,,,,,,,,,,21369,0.3087150454521179
,,,30,,,,,,,,,,,,,,,,,,,,,,,,,,,,,21379,0.5087427496910095
,,,30,,,,,,,,,,,,,,,,,,,,,,,,,,,,,21389,0.06430356949567795
,,,30,,,,,,,,,,,,,,,,,,,,,,,,,,,,,21399,0.23727189004421234
,,,30,,,,,,,,,,,,,,,,,,,,,,,,,,,,,21409,0.041905779391527176
,,,30,,,,,,,,,,,,,,,,,,,,,,,,,,,,,21419,0.19903448224067688
,,,30,,,,,,,,,,,,,,,,,,,,,,,,,,,,,21429,0.2929094731807709
,,,30,,,,,,,,,,,,,,,,,,,,,,,,,,,,,21439,0.07848991453647614
,,,30,,,,,,,,,,,,,,,,,,,,,,,,,,,,,21449,0.1901296079158783
,,,30,,,,,,,,,,,,,,,,,,,,,,,,,,,,,21459,0.02342282049357891
,,,30,,,,,,,,,,,,,,,,,,,,,,,,,,,,,21469,0.31032487750053406
,,,30,,,,,,,,,,,,,,,,,,,,,,,,,,,,,21479,0.0438859649002552
,,,30,,,,,,,,,,,,,,,,,,,,,,,,,,,,,21489,0.12417550384998322
,,,30,,,,,,,,,,,,,,,,,,,,,,,,,,,,,21499,0.012902640737593174
,,,30,,,,,,,,,,,,,,,,,,,,,,,,,,,,,21509,0.07290400564670563
,,,30,,,,,,,,,,,,,,,,,,,,,,,,,,,,,21519,0.3404844403266907
,,,30,,,,,,,,,,,,,,,,,,,,,,,,,,,,,21529,0.2366119921207428
,,,30,,,,,,,,,,,,,,,,,,,,,,,,,,,,,21539,0.13555404543876648
,,,30,,,,,,,,,,,,,,,,,,,,,,,,,,,,,21549,0.0801110714673996
,,,30,,,,,,,,,,,,,,,,,,,,,,,,,,,,,21559,0.092513307929039
,,,30,,,,,,,,,,,,,,,,,,,,,,,,,,,,,21569,0.14944380521774292
,,,30,,,,,,,,,,,,,,,,,,,,,,,,,,,,,21579,0.7172613143920898
,,,30,,,,,,,,,,,,,,,,,,,,,,,,,,,,,21589,0.26444241404533386
,,,30,,,,,,,,,,,,,,,,,,,,,,,,,,,,,21599,0.03995077684521675
,,,30,,,,,,,,,,,,,,,,,,,,,,,,,,,,,21609,0.4571320116519928
,,,30,,,,,,,,,,,,,,,,,,,,,,,,,,,,,21619,0.0982067883014679
,,,30,,,,,,,,,,,,,,,,,,,,,,,,,,,,,21629,0.05809612572193146
,,,30,,,,,,,,,,,,,,,,,,,,,,,,,,,,,21639,0.06109115853905678
,,,30,,,,,,,,,,,,,,,,,,,,,,,,,,,,,21649,1.3522711992263794
,,,30,,,,,,,,,,,,,,,,,,,,,,,,,,,,,21659,0.1579325944185257
,,,30,,,,,,,,,,,,,,,,,,,,,,,,,,,,,21669,0.3640061616897583
,,,30,,,,,,,,,,,,,,,,,,,,,,,,,,,,,21679,0.019206702709197998
,,,30,,,,,,,,,,,,,,,,,,,,,,,,,,,,,21689,1.0140118598937988
,,,30,,,,,,,,,,,,,,,,,,,,,,,,,,,,,21699,0.6521074175834656
,,,30,,,,,,,,,,,,,,,,,,,,,,,,,,,,,21709,0.29438915848731995
,,,30,,,,,,,,,,,,,,,,,,,,,,,,,,,,,21719,0.2777155041694641
,,,30,,,,,,,,,,,,,,,,,,,,,,,,,,,,,21729,0.5600132346153259
,,,,2.155977564185546e-07,1.2077882786656185e-06,1.8581358133317206e-06,1.8581358133317206e-06,2.8586704820488007e-06,2.8586704820488007e-06,4.397954587767385e-06,4.397954587767385e-06,6.766083981180593e-06,6.766083981180593e-06,1.0409359971047065e-05,2.155977564185546e-07,1.0409359971047065e-05,1.6014399955457025e-05,1.6014399955457025e-05,2.4637538393010805e-05,2.4637538393010805e-05,3.790390522001662e-05,3.790390522001662e-05,3.790390522001662e-05,3.790390522001662e-05,3.3168885602854544e-07,3.3168885602854544e-07,5.102905477362238e-07,5.102905477362238e-07,7.850623811326521e-07,7.850623811326521e-07,1.2077882786656185e-06,21731,
,,,31,,,,,,,,,,,,,,,,,,,,,,,,,,,,,21739,0.3463898003101349
,,,31,,,,,,,,,,,,,,,,,,,,,,,,,,,,,21749,0.07709924131631851
,,,31,,,,,,,,,,,,,,,,,,,,,,,,,,,,,21759,0.06863518804311752
,,,31,,,,,,,,,,,,,,,,,,,,,,,,,,,,,21769,0.030756697058677673
,,,31,,,,,,,,,,,,,,,,,,,,,,,,,,,,,21779,0.028924966230988503
,,,31,,,,,,,,,,,,,,,,,,,,,,,,,,,,,21789,0.021915949881076813
,,,31,,,,,,,,,,,,,,,,,,,,,,,,,,,,,21799,0.05853980779647827
,,,31,,,,,,,,,,,,,,,,,,,,,,,,,,,,,21809,0.49171608686447144
,,,31,,,,,,,,,,,,,,,,,,,,,,,,,,,,,21819,0.3469742238521576
,,,31,,,,,,,,,,,,,,,,,,,,,,,,,,,,,21829,0.1694192886352539
,,,31,,,,,,,,,,,,,,,,,,,,,,,,,,,,,21839,0.055451102554798126
,,,31,,,,,,,,,,,,,,,,,,,,,,,,,,,,,21849,0.283704549074173
,,,31,,,,,,,,,,,,,,,,,,,,,,,,,,,,,21859,0.11850392818450928
,,,31,,,,,,,,,,,,,,,,,,,,,,,,,,,,,21869,0.06626974046230316
,,,31,,,,,,,,,,,,,,,,,,,,,,,,,,,,,21879,0.31831520795822144
,,,31,,,,,,,,,,,,,,,,,,,,,,,,,,,,,21889,0.033981360495090485
,,,31,,,,,,,,,,,,,,,,,,,,,,,,,,,,,21899,0.5030389428138733
,,,31,,,,,,,,,,,,,,,,,,,,,,,,,,,,,21909,0.3963456153869629
,,,31,,,,,,,,,,,,,,,,,,,,,,,,,,,,,21919,0.30472254753112793
,,,31,,,,,,,,,,,,,,,,,,,,,,,,,,,,,21929,0.06285024434328079
,,,31,,,,,,,,,,,,,,,,,,,,,,,,,,,,,21939,0.15168969333171844
,,,31,,,,,,,,,,,,,,,,,,,,,,,,,,,,,21949,0.16420821845531464
,,,31,,,,,,,,,,,,,,,,,,,,,,,,,,,,,21959,0.07032846659421921
,,,31,,,,,,,,,,,,,,,,,,,,,,,,,,,,,21969,0.0419568233191967
,,,31,,,,,,,,,,,,,,,,,,,,,,,,,,,,,21979,0.6874108910560608
,,,31,,,,,,,,,,,,,,,,,,,,,,,,,,,,,21989,0.1044398844242096
,,,31,,,,,,,,,,,,,,,,,,,,,,,,,,,,,21999,0.3932230472564697
,,,31,,,,,,,,,,,,,,,,,,,,,,,,,,,,,22009,0.39498239755630493
,,,31,,,,,,,,,,,,,,,,,,,,,,,,,,,,,22019,0.48564374446868896
,,,31,,,,,,,,,,,,,,,,,,,,,,,,,,,,,22029,0.06471819430589676
,,,31,,,,,,,,,,,,,,,,,,,,,,,,,,,,,22039,0.025676680728793144
,,,31,,,,,,,,,,,,,,,,,,,,,,,,,,,,,22049,0.030779404565691948
,,,31,,,,,,,,,,,,,,,,,,,,,,,,,,,,,22059,0.023740563541650772
,,,31,,,,,,,,,,,,,,,,,,,,,,,,,,,,,22069,0.24404820799827576
,,,31,,,,,,,,,,,,,,,,,,,,,,,,,,,,,22079,0.05949781835079193
,,,31,,,,,,,,,,,,,,,,,,,,,,,,,,,,,22089,0.09123461693525314
,,,31,,,,,,,,,,,,,,,,,,,,,,,,,,,,,22099,1.087774395942688
,,,31,,,,,,,,,,,,,,,,,,,,,,,,,,,,,22109,0.31387466192245483
,,,31,,,,,,,,,,,,,,,,,,,,,,,,,,,,,22119,1.1398571729660034
,,,31,,,,,,,,,,,,,,,,,,,,,,,,,,,,,22129,0.04115736857056618
,,,31,,,,,,,,,,,,,,,,,,,,,,,,,,,,,22139,0.48387759923934937
,,,31,,,,,,,,,,,,,,,,,,,,,,,,,,,,,22149,0.128874734044075
,,,31,,,,,,,,,,,,,,,,,,,,,,,,,,,,,22159,0.1671859323978424
,,,31,,,,,,,,,,,,,,,,,,,,,,,,,,,,,22169,0.028718015179038048
,,,31,,,,,,,,,,,,,,,,,,,,,,,,,,,,,22179,0.04121401533484459
,,,31,,,,,,,,,,,,,,,,,,,,,,,,,,,,,22189,0.11234170943498611
,,,31,,,,,,,,,,,,,,,,,,,,,,,,,,,,,22199,0.03785793110728264
,,,31,,,,,,,,,,,,,,,,,,,,,,,,,,,,,22209,0.26058682799339294
,,,31,,,,,,,,,,,,,,,,,,,,,,,,,,,,,22219,0.11087490618228912
,,,31,,,,,,,,,,,,,,,,,,,,,,,,,,,,,22229,0.6752512454986572
,,,31,,,,,,,,,,,,,,,,,,,,,,,,,,,,,22239,0.11694192886352539
,,,31,,,,,,,,,,,,,,,,,,,,,,,,,,,,,22249,0.010739022865891457
,,,31,,,,,,,,,,,,,,,,,,,,,,,,,,,,,22259,0.4337276220321655
,,,31,,,,,,,,,,,,,,,,,,,,,,,,,,,,,22269,0.08840745687484741
,,,31,,,,,,,,,,,,,,,,,,,,,,,,,,,,,22279,0.025379858911037445
,,,31,,,,,,,,,,,,,,,,,,,,,,,,,,,,,22289,0.202713742852211
,,,31,,,,,,,,,,,,,,,,,,,,,,,,,,,,,22299,0.39658522605895996
,,,31,,,,,,,,,,,,,,,,,,,,,,,,,,,,,22309,0.33955588936805725
,,,31,,,,,,,,,,,,,,,,,,,,,,,,,,,,,22319,0.2724337577819824
,,,31,,,,,,,,,,,,,,,,,,,,,,,,,,,,,22329,0.9153294563293457
,,,31,,,,,,,,,,,,,,,,,,,,,,,,,,,,,22339,0.32800567150115967
,,,31,,,,,,,,,,,,,,,,,,,,,,,,,,,,,22349,0.21397633850574493
,,,31,,,,,,,,,,,,,,,,,,,,,,,,,,,,,22359,0.15672923624515533
,,,31,,,,,,,,,,,,,,,,,,,,,,,,,,,,,22369,0.09418468177318573
,,,31,,,,,,,,,,,,,,,,,,,,,,,,,,,,,22379,0.015175646170973778
,,,31,,,,,,,,,,,,,,,,,,,,,,,,,,,,,22389,0.8923169374465942
,,,31,,,,,,,,,,,,,,,,,,,,,,,,,,,,,22399,0.25037068128585815
,,,31,,,,,,,,,,,,,,,,,,,,,,,,,,,,,22409,0.26146984100341797
,,,31,,,,,,,,,,,,,,,,,,,,,,,,,,,,,22419,0.3234213590621948
,,,31,,,,,,,,,,,,,,,,,,,,,,,,,,,,,22429,0.4445328116416931
,,,,1.9651587992236636e-07,1.1008907526899833e-06,1.6936780810615128e-06,1.6936780810615128e-06,2.605658586248481e-06,2.605658586248481e-06,4.008705517305355e-06,4.008705517305355e-06,6.167239257392854e-06,6.167239257392854e-06,9.488060395989006e-06,1.9651587992236636e-07,9.488060395989006e-06,1.459701599382924e-05,1.459701599382924e-05,2.2456947682814215e-05,2.2456947682814215e-05,3.4549150281252636e-05,3.4549150281252636e-05,3.4549150281252636e-05,3.4549150281252636e-05,3.023321229574867e-07,3.023321229574867e-07,4.65126343011518e-07,4.65126343011518e-07,7.155789892484892e-07,7.155789892484892e-07,1.1008907526899833e-06,22432,
,,,32,,,,,,,,,,,,,,,,,,,,,,,,,,,,,22439,0.311336487531662
,,,32,,,,,,,,,,,,,,,,,,,,,,,,,,,,,22449,0.6431494951248169
,,,32,,,,,,,,,,,,,,,,,,,,,,,,,,,,,22459,0.3313961327075958
,,,32,,,,,,,,,,,,,,,,,,,,,,,,,,,,,22469,0.15208332240581512
,,,32,,,,,,,,,,,,,,,,,,,,,,,,,,,,,22479,0.7601983547210693
,,,32,,,,,,,,,,,,,,,,,,,,,,,,,,,,,22489,0.015911610797047615
,,,32,,,,,,,,,,,,,,,,,,,,,,,,,,,,,22499,0.7969509959220886
,,,32,,,,,,,,,,,,,,,,,,,,,,,,,,,,,22509,0.17334644496440887
,,,32,,,,,,,,,,,,,,,,,,,,,,,,,,,,,22519,0.37277063727378845
,,,32,,,,,,,,,,,,,,,,,,,,,,,,,,,,,22529,0.349757581949234
,,,32,,,,,,,,,,,,,,,,,,,,,,,,,,,,,22539,0.08816506713628769
,,,32,,,,,,,,,,,,,,,,,,,,,,,,,,,,,22549,0.11025571078062057
,,,32,,,,,,,,,,,,,,,,,,,,,,,,,,,,,22559,0.16795934736728668
,,,32,,,,,,,,,,,,,,,,,,,,,,,,,,,,,22569,0.8043951988220215
,,,32,,,,,,,,,,,,,,,,,,,,,,,,,,,,,22579,0.2008112221956253
,,,32,,,,,,,,,,,,,,,,,,,,,,,,,,,,,22589,0.019826479256153107
,,,32,,,,,,,,,,,,,,,,,,,,,,,,,,,,,22599,1.2874618768692017
,,,32,,,,,,,,,,,,,,,,,,,,,,,,,,,,,22609,0.43867576122283936
,,,32,,,,,,,,,,,,,,,,,,,,,,,,,,,,,22619,0.01827564649283886
,,,32,,,,,,,,,,,,,,,,,,,,,,,,,,,,,22629,0.042596060782670975
,,,32,,,,,,,,,,,,,,,,,,,,,,,,,,,,,22639,0.7190937399864197
,,,32,,,,,,,,,,,,,,,,,,,,,,,,,,,,,22649,0.48602938652038574
,,,32,,,,,,,,,,,,,,,,,,,,,,,,,,,,,22659,0.026807863265275955
,,,32,,,,,,,,,,,,,,,,,,,,,,,,,,,,,22669,0.21640394628047943
,,,32,,,,,,,,,,,,,,,,,,,,,,,,,,,,,22679,0.22016485035419464
,,,32,,,,,,,,,,,,,,,,,,,,,,,,,,,,,22689,0.09577866643667221
,,,32,,,,,,,,,,,,,,,,,,,,,,,,,,,,,22699,0.17893220484256744
,,,32,,,,,,,,,,,,,,,,,,,,,,,,,,,,,22709,0.040378935635089874
,,,32,,,,,,,,,,,,,,,,,,,,,,,,,,,,,22719,0.05908454209566116
,,,32,,,,,,,,,,,,,,,,,,,,,,,,,,,,,22729,0.11994446814060211
,,,32,,,,,,,,,,,,,,,,,,,,,,,,,,,,,22739,0.09123606979846954
,,,32,,,,,,,,,,,,,,,,,,,,,,,,,,,,,22749,0.39168524742126465
,,,32,,,,,,,,,,,,,,,,,,,,,,,,,,,,,22759,0.032232072204351425
,,,32,,,,,,,,,,,,,,,,,,,,,,,,,,,,,22769,0.9327269792556763
,,,32,,,,,,,,,,,,,,,,,,,,,,,,,,,,,22779,1.2169644832611084
,,,32,,,,,,,,,,,,,,,,,,,,,,,,,,,,,22789,0.026955051347613335
,,,32,,,,,,,,,,,,,,,,,,,,,,,,,,,,,22799,0.019840680062770844
,,,32,,,,,,,,,,,,,,,,,,,,,,,,,,,,,22809,0.12048941850662231
,,,32,,,,,,,,,,,,,,,,,,,,,,,,,,,,,22819,0.008594242855906487
,,,32,,,,,,,,,,,,,,,,,,,,,,,,,,,,,22829,0.07355432212352753
,,,32,,,,,,,,,,,,,,,,,,,,,,,,,,,,,22839,0.036407873034477234
,,,32,,,,,,,,,,,,,,,,,,,,,,,,,,,,,22849,0.03891120105981827
,,,32,,,,,,,,,,,,,,,,,,,,,,,,,,,,,22859,0.20169399678707123
,,,32,,,,,,,,,,,,,,,,,,,,,,,,,,,,,22869,0.19612747430801392
,,,32,,,,,,,,,,,,,,,,,,,,,,,,,,,,,22879,0.27999186515808105
,,,32,,,,,,,,,,,,,,,,,,,,,,,,,,,,,22889,0.6577634811401367
,,,32,,,,,,,,,,,,,,,,,,,,,,,,,,,,,22899,0.07797373086214066
,,,32,,,,,,,,,,,,,,,,,,,,,,,,,,,,,22909,0.12517252564430237
,,,32,,,,,,,,,,,,,,,,,,,,,,,,,,,,,22919,0.050767265260219574
,,,32,,,,,,,,,,,,,,,,,,,,,,,,,,,,,22929,0.12327223271131516
,,,32,,,,,,,,,,,,,,,,,,,,,,,,,,,,,22939,0.016816118732094765
,,,32,,,,,,,,,,,,,,,,,,,,,,,,,,,,,22949,0.020392578095197678
,,,32,,,,,,,,,,,,,,,,,,,,,,,,,,,,,22959,0.16667838394641876
,,,32,,,,,,,,,,,,,,,,,,,,,,,,,,,,,22969,0.1750468760728836
,,,32,,,,,,,,,,,,,,,,,,,,,,,,,,,,,22979,0.5525834560394287
,,,32,,,,,,,,,,,,,,,,,,,,,,,,,,,,,22989,0.013349661603569984
,,,32,,,,,,,,,,,,,,,,,,,,,,,,,,,,,22999,0.488812655210495
,,,32,,,,,,,,,,,,,,,,,,,,,,,,,,,,,23009,0.07894577085971832
,,,32,,,,,,,,,,,,,,,,,,,,,,,,,,,,,23019,0.45726388692855835
,,,32,,,,,,,,,,,,,,,,,,,,,,,,,,,,,23029,0.6495809555053711
,,,32,,,,,,,,,,,,,,,,,,,,,,,,,,,,,23039,1.063971996307373
,,,32,,,,,,,,,,,,,,,,,,,,,,,,,,,,,23049,0.07840735465288162
,,,32,,,,,,,,,,,,,,,,,,,,,,,,,,,,,23059,0.16221952438354492
,,,32,,,,,,,,,,,,,,,,,,,,,,,,,,,,,23069,0.20307928323745728
,,,32,,,,,,,,,,,,,,,,,,,,,,,,,,,,,23079,0.06819134950637817
,,,32,,,,,,,,,,,,,,,,,,,,,,,,,,,,,23089,0.44788646697998047
,,,32,,,,,,,,,,,,,,,,,,,,,,,,,,,,,23099,0.021981200203299522
,,,32,,,,,,,,,,,,,,,,,,,,,,,,,,,,,23109,1.341491937637329
,,,32,,,,,,,,,,,,,,,,,,,,,,,,,,,,,23119,0.03190338611602783
,,,32,,,,,,,,,,,,,,,,,,,,,,,,,,,,,23129,0.0372217558324337
,,,,1.778621682328425e-07,9.963918251200868e-07,1.5329105001847486e-06,1.5329105001847486e-06,2.3583238464380747e-06,2.3583238464380747e-06,3.6281905329816534e-06,3.6281905329816534e-06,5.581831589202543e-06,5.581831589202543e-06,8.587433214157758e-06,1.778621682328425e-07,8.587433214157758e-06,1.3211435714088859e-05,1.3211435714088859e-05,2.032528571398286e-05,2.032528571398286e-05,3.12696703292044e-05,3.12696703292044e-05,3.12696703292044e-05,3.12696703292044e-05,2.736341049736038e-07,2.736341049736038e-07,4.2097554611323665e-07,4.2097554611323665e-07,6.476546863280564e-07,6.476546863280564e-07,9.963918251200868e-07,23133,
,,,33,,,,,,,,,,,,,,,,,,,,,,,,,,,,,23139,0.7995664477348328
,,,33,,,,,,,,,,,,,,,,,,,,,,,,,,,,,23149,0.038936395198106766
,,,33,,,,,,,,,,,,,,,,,,,,,,,,,,,,,23159,0.11026689410209656
,,,33,,,,,,,,,,,,,,,,,,,,,,,,,,,,,23169,0.3058794438838959
,,,33,,,,,,,,,,,,,,,,,,,,,,,,,,,,,23179,0.7382842302322388
,,,33,,,,,,,,,,,,,,,,,,,,,,,,,,,,,23189,0.053663868457078934
,,,33,,,,,,,,,,,,,,,,,,,,,,,,,,,,,23199,0.7080200910568237
,,,33,,,,,,,,,,,,,,,,,,,,,,,,,,,,,23209,0.05017795041203499
,,,33,,,,,,,,,,,,,,,,,,,,,,,,,,,,,23219,0.10452719777822495
,,,33,,,,,,,,,,,,,,,,,,,,,,,,,,,,,23229,0.023877393454313278
,,,33,,,,,,,,,,,,,,,,,,,,,,,,,,,,,23239,0.2265893965959549
,,,33,,,,,,,,,,,,,,,,,,,,,,,,,,,,,23249,0.6855220198631287
,,,33,,,,,,,,,,,,,,,,,,,,,,,,,,,,,23259,0.04462635517120361
,,,33,,,,,,,,,,,,,,,,,,,,,,,,,,,,,23269,0.1408131867647171
,,,33,,,,,,,,,,,,,,,,,,,,,,,,,,,,,23279,0.03003218024969101
,,,33,,,,,,,,,,,,,,,,,,,,,,,,,,,,,23289,0.25551360845565796
,,,33,,,,,,,,,,,,,,,,,,,,,,,,,,,,,23299,0.03384564816951752
,,,33,,,,,,,,,,,,,,,,,,,,,,,,,,,,,23309,0.5902132391929626
,,,33,,,,,,,,,,,,,,,,,,,,,,,,,,,,,23319,0.3479330539703369
,,,33,,,,,,,,,,,,,,,,,,,,,,,,,,,,,23329,0.36651846766471863
,,,33,,,,,,,,,,,,,,,,,,,,,,,,,,,,,23339,1.2235115766525269
,,,33,,,,,,,,,,,,,,,,,,,,,,,,,,,,,23349,0.7193042039871216
,,,33,,,,,,,,,,,,,,,,,,,,,,,,,,,,,23359,0.6834466457366943
,,,33,,,,,,,,,,,,,,,,,,,,,,,,,,,,,23369,0.17017033696174622
,,,33,,,,,,,,,,,,,,,,,,,,,,,,,,,,,23379,0.4192996919155121
,,,33,,,,,,,,,,,,,,,,,,,,,,,,,,,,,23389,0.7777775526046753
,,,33,,,,,,,,,,,,,,,,,,,,,,,,,,,,,23399,1.03728187084198
,,,33,,,,,,,,,,,,,,,,,,,,,,,,,,,,,23409,0.14041078090667725
,,,33,,,,,,,,,,,,,,,,,,,,,,,,,,,,,23419,0.3040366470813751
,,,33,,,,,,,,,,,,,,,,,,,,,,,,,,,,,23429,0.027062496170401573
,,,33,,,,,,,,,,,,,,,,,,,,,,,,,,,,,23439,0.13061147928237915
,,,33,,,,,,,,,,,,,,,,,,,,,,,,,,,,,23449,0.3170837163925171
,,,33,,,,,,,,,,,,,,,,,,,,,,,,,,,,,23459,0.20941835641860962
,,,33,,,,,,,,,,,,,,,,,,,,,,,,,,,,,23469,0.023986738175153732
,,,33,,,,,,,,,,,,,,,,,,,,,,,,,,,,,23479,0.255902498960495
,,,33,,,,,,,,,,,,,,,,,,,,,,,,,,,,,23489,0.1283021718263626
,,,33,,,,,,,,,,,,,,,,,,,,,,,,,,,,,23499,0.0319245308637619
,,,33,,,,,,,,,,,,,,,,,,,,,,,,,,,,,23509,0.26288697123527527
,,,33,,,,,,,,,,,,,,,,,,,,,,,,,,,,,23519,0.02593531273305416
,,,33,,,,,,,,,,,,,,,,,,,,,,,,,,,,,23529,0.05056207627058029
,,,33,,,,,,,,,,,,,,,,,,,,,,,,,,,,,23539,0.20224614441394806
,,,33,,,,,,,,,,,,,,,,,,,,,,,,,,,,,23549,0.7081989645957947
,,,33,,,,,,,,,,,,,,,,,,,,,,,,,,,,,23559,0.021753031760454178
,,,33,,,,,,,,,,,,,,,,,,,,,,,,,,,,,23569,0.9461714029312134
,,,33,,,,,,,,,,,,,,,,,,,,,,,,,,,,,23579,0.04240437224507332
,,,33,,,,,,,,,,,,,,,,,,,,,,,,,,,,,23589,0.16468112170696259
,,,33,,,,,,,,,,,,,,,,,,,,,,,,,,,,,23599,0.6585372686386108
,,,33,,,,,,,,,,,,,,,,,,,,,,,,,,,,,23609,0.23453672230243683
,,,33,,,,,,,,,,,,,,,,,,,,,,,,,,,,,23619,0.9259594082832336
,,,33,,,,,,,,,,,,,,,,,,,,,,,,,,,,,23629,0.5709741115570068
,,,33,,,,,,,,,,,,,,,,,,,,,,,,,,,,,23639,0.5064429044723511
,,,33,,,,,,,,,,,,,,,,,,,,,,,,,,,,,23649,0.38096368312835693
,,,33,,,,,,,,,,,,,,,,,,,,,,,,,,,,,23659,0.10079821944236755
,,,33,,,,,,,,,,,,,,,,,,,,,,,,,,,,,23669,0.018713632598519325
,,,33,,,,,,,,,,,,,,,,,,,,,,,,,,,,,23679,0.053369853645563126
,,,33,,,,,,,,,,,,,,,,,,,,,,,,,,,,,23689,0.28145140409469604
,,,33,,,,,,,,,,,,,,,,,,,,,,,,,,,,,23699,0.2797578275203705
,,,33,,,,,,,,,,,,,,,,,,,,,,,,,,,,,23709,0.02477911487221718
,,,33,,,,,,,,,,,,,,,,,,,,,,,,,,,,,23719,0.5125094056129456
,,,33,,,,,,,,,,,,,,,,,,,,,,,,,,,,,23729,0.027956029400229454
,,,33,,,,,,,,,,,,,,,,,,,,,,,,,,,,,23739,0.13205796480178833
,,,33,,,,,,,,,,,,,,,,,,,,,,,,,,,,,23749,0.9232532978057861
,,,33,,,,,,,,,,,,,,,,,,,,,,,,,,,,,23759,0.16090919077396393
,,,33,,,,,,,,,,,,,,,,,,,,,,,,,,,,,23769,0.19398550689220428
,,,33,,,,,,,,,,,,,,,,,,,,,,,,,,,,,23779,0.03329410031437874
,,,33,,,,,,,,,,,,,,,,,,,,,,,,,,,,,23789,0.20215268433094025
,,,33,,,,,,,,,,,,,,,,,,,,,,,,,,,,,23799,0.05408763885498047
,,,33,,,,,,,,,,,,,,,,,,,,,,,,,,,,,23809,0.9519405364990234
,,,33,,,,,,,,,,,,,,,,,,,,,,,,,,,,,23819,0.09350765496492386
,,,33,,,,,,,,,,,,,,,,,,,,,,,,,,,,,23829,0.22988756000995636
,,,,1.5972750035826984e-07,8.948006042268538e-07,1.3766163141951595e-06,1.3766163141951595e-06,2.1178712526079376e-06,2.1178712526079376e-06,3.258263465550673e-06,3.258263465550673e-06,5.012713023924113e-06,5.012713023924113e-06,7.71186619065248e-06,1.5972750035826984e-07,7.71186619065248e-06,1.1864409524080739e-05,1.1864409524080739e-05,1.8252937729354982e-05,1.8252937729354982e-05,2.8081442660546125e-05,2.8081442660546125e-05,2.8081442660546125e-05,2.8081442660546125e-05,2.457346159357997e-07,2.457346159357997e-07,3.7805325528584575e-07,3.7805325528584575e-07,5.816203927474549e-07,5.816203927474549e-07,8.948006042268538e-07,23834,
,,,34,,,,,,,,,,,,,,,,,,,,,,,,,,,,,23839,0.1557512730360031
,,,34,,,,,,,,,,,,,,,,,,,,,,,,,,,,,23849,0.3617330491542816
,,,34,,,,,,,,,,,,,,,,,,,,,,,,,,,,,23859,1.6595237255096436
,,,34,,,,,,,,,,,,,,,,,,,,,,,,,,,,,23869,0.09637676179409027
,,,34,,,,,,,,,,,,,,,,,,,,,,,,,,,,,23879,0.012868836522102356
,,,34,,,,,,,,,,,,,,,,,,,,,,,,,,,,,23889,0.5722723007202148
,,,34,,,,,,,,,,,,,,,,,,,,,,,,,,,,,23899,0.5231627821922302
,,,34,,,,,,,,,,,,,,,,,,,,,,,,,,,,,23909,0.1366027444601059
,,,34,,,,,,,,,,,,,,,,,,,,,,,,,,,,,23919,2.2909157276153564
,,,34,,,,,,,,,,,,,,,,,,,,,,,,,,,,,23929,0.5531882047653198
,,,34,,,,,,,,,,,,,,,,,,,,,,,,,,,,,23939,0.6028813123703003
,,,34,,,,,,,,,,,,,,,,,,,,,,,,,,,,,23949,0.1611981987953186
,,,34,,,,,,,,,,,,,,,,,,,,,,,,,,,,,23959,0.4409971237182617
,,,34,,,,,,,,,,,,,,,,,,,,,,,,,,,,,23969,0.1608797162771225
,,,34,,,,,,,,,,,,,,,,,,,,,,,,,,,,,23979,0.1777813881635666
,,,34,,,,,,,,,,,,,,,,,,,,,,,,,,,,,23989,0.1023285984992981
,,,34,,,,,,,,,,,,,,,,,,,,,,,,,,,,,23999,0.0493389293551445
,,,34,,,,,,,,,,,,,,,,,,,,,,,,,,,,,24009,0.1182841882109642
,,,34,,,,,,,,,,,,,,,,,,,,,,,,,,,,,24019,0.179642453789711
,,,34,,,,,,,,,,,,,,,,,,,,,,,,,,,,,24029,0.18839119374752045
,,,34,,,,,,,,,,,,,,,,,,,,,,,,,,,,,24039,0.024249514564871788
,,,34,,,,,,,,,,,,,,,,,,,,,,,,,,,,,24049,0.03681786730885506
,,,34,,,,,,,,,,,,,,,,,,,,,,,,,,,,,24059,0.0662412941455841
,,,34,,,,,,,,,,,,,,,,,,,,,,,,,,,,,24069,1.0556447505950928
,,,34,,,,,,,,,,,,,,,,,,,,,,,,,,,,,24079,0.2364984005689621
,,,34,,,,,,,,,,,,,,,,,,,,,,,,,,,,,24089,0.09100739657878876
,,,34,,,,,,,,,,,,,,,,,,,,,,,,,,,,,24099,0.08465619385242462
,,,34,,,,,,,,,,,,,,,,,,,,,,,,,,,,,24109,0.023680631071329117
,,,34,,,,,,,,,,,,,,,,,,,,,,,,,,,,,24119,0.02912958338856697
,,,34,,,,,,,,,,,,,,,,,,,,,,,,,,,,,24129,0.3113529086112976
,,,34,,,,,,,,,,,,,,,,,,,,,,,,,,,,,24139,0.2985803484916687
,,,34,,,,,,,,,,,,,,,,,,,,,,,,,,,,,24149,0.38823339343070984
,,,34,,,,,,,,,,,,,,,,,,,,,,,,,,,,,24159,0.009773860685527325
,,,34,,,,,,,,,,,,,,,,,,,,,,,,,,,,,24169,0.248634934425354
,,,34,,,,,,,,,,,,,,,,,,,,,,,,,,,,,24179,0.055554941296577454
,,,34,,,,,,,,,,,,,,,,,,,,,,,,,,,,,24189,0.13808049261569977
,,,34,,,,,,,,,,,,,,,,,,,,,,,,,,,,,24199,0.043474406003952026
,,,34,,,,,,,,,,,,,,,,,,,,,,,,,,,,,24209,0.008321310393512249
,,,34,,,,,,,,,,,,,,,,,,,,,,,,,,,,,24219,0.4188503921031952
,,,34,,,,,,,,,,,,,,,,,,,,,,,,,,,,,24229,0.19475191831588745
,,,34,,,,,,,,,,,,,,,,,,,,,,,,,,,,,24239,0.35559067130088806
,,,34,,,,,,,,,,,,,,,,,,,,,,,,,,,,,24249,0.31294479966163635
,,,34,,,,,,,,,,,,,,,,,,,,,,,,,,,,,24259,0.059489719569683075
,,,34,,,,,,,,,,,,,,,,,,,,,,,,,,,,,24269,0.09770116209983826
,,,34,,,,,,,,,,,,,,,,,,,,,,,,,,,,,24279,0.015108438208699226
,,,34,,,,,,,,,,,,,,,,,,,,,,,,,,,,,24289,0.7861536741256714
,,,34,,,,,,,,,,,,,,,,,,,,,,,,,,,,,24299,0.016783319413661957
,,,34,,,,,,,,,,,,,,,,,,,,,,,,,,,,,24309,0.7275158762931824
,,,34,,,,,,,,,,,,,,,,,,,,,,,,,,,,,24319,1.3140305280685425
,,,34,,,,,,,,,,,,,,,,,,,,,,,,,,,,,24329,0.7354286313056946
,,,34,,,,,,,,,,,,,,,,,,,,,,,,,,,,,24339,1.1934274435043335
,,,34,,,,,,,,,,,,,,,,,,,,,,,,,,,,,24349,0.7846381068229675
,,,34,,,,,,,,,,,,,,,,,,,,,,,,,,,,,24359,0.06821782886981964
,,,34,,,,,,,,,,,,,,,,,,,,,,,,,,,,,24369,0.029609641060233116
,,,34,,,,,,,,,,,,,,,,,,,,,,,,,,,,,24379,0.13966971635818481
,,,34,,,,,,,,,,,,,,,,,,,,,,,,,,,,,24389,0.05378289893269539
,,,34,,,,,,,,,,,,,,,,,,,,,,,,,,,,,24399,0.43341684341430664
,,,34,,,,,,,,,,,,,,,,,,,,,,,,,,,,,24409,0.02151806466281414
,,,34,,,,,,,,,,,,,,,,,,,,,,,,,,,,,24419,0.13654445111751556
,,,34,,,,,,,,,,,,,,,,,,,,,,,,,,,,,24429,0.07508913427591324
,,,34,,,,,,,,,,,,,,,,,,,,,,,,,,,,,24439,0.021673956885933876
,,,34,,,,,,,,,,,,,,,,,,,,,,,,,,,,,24449,0.09372469037771225
,,,34,,,,,,,,,,,,,,,,,,,,,,,,,,,,,24459,0.8820197582244873
,,,34,,,,,,,,,,,,,,,,,,,,,,,,,,,,,24469,0.29812145233154297
,,,34,,,,,,,,,,,,,,,,,,,,,,,,,,,,,24479,0.018642304465174675
,,,34,,,,,,,,,,,,,,,,,,,,,,,,,,,,,24489,0.08445220440626144
,,,34,,,,,,,,,,,,,,,,,,,,,,,,,,,,,24499,0.629034161567688
,,,34,,,,,,,,,,,,,,,,,,,,,,,,,,,,,24509,0.9665129780769348
,,,34,,,,,,,,,,,,,,,,,,,,,,,,,,,,,24519,0.7352281212806702
,,,34,,,,,,,,,,,,,,,,,,,,,,,,,,,,,24529,0.010412872768938541
0.7983951568603516,0.8291666507720947,0.7698259353637695,34,,,,,,,,,,,,,,,,,,,,,,,,,,,,,24534,
,,,,1.4220022657764295e-07,7.966120322265632e-07,1.225556972656251e-06,1.225556972656251e-06,1.8854722656250013e-06,1.8854722656250013e-06,2.900726562500002e-06,2.900726562500002e-06,4.4626562500000025e-06,4.4626562500000025e-06,6.865625000000004e-06,1.4220022657764295e-07,6.865625000000004e-06,1.0562500000000006e-05,1.0562500000000006e-05,1.625000000000001e-05,1.625000000000001e-05,2.500000000000001e-05,2.500000000000001e-05,2.500000000000001e-05,2.500000000000001e-05,2.187695793502199e-07,2.187695793502199e-07,3.3656858361572296e-07,3.3656858361572296e-07,5.17797820947266e-07,5.17797820947266e-07,7.966120322265632e-07,24535,
,,,35,,,,,,,,,,,,,,,,,,,,,,,,,,,,,24539,0.012226522900164127
,,,35,,,,,,,,,,,,,,,,,,,,,,,,,,,,,24549,0.4852612018585205
,,,35,,,,,,,,,,,,,,,,,,,,,,,,,,,,,24559,0.11497599631547928
,,,35,,,,,,,,,,,,,,,,,,,,,,,,,,,,,24569,0.2838152050971985
,,,35,,,,,,,,,,,,,,,,,,,,,,,,,,,,,24579,0.8619174957275391
,,,35,,,,,,,,,,,,,,,,,,,,,,,,,,,,,24589,0.37347617745399475
,,,35,,,,,,,,,,,,,,,,,,,,,,,,,,,,,24599,0.19444358348846436
,,,35,,,,,,,,,,,,,,,,,,,,,,,,,,,,,24609,0.03432656079530716
,,,35,,,,,,,,,,,,,,,,,,,,,,,,,,,,,24619,0.4214947819709778
,,,35,,,,,,,,,,,,,,,,,,,,,,,,,,,,,24629,0.1484774500131607
,,,35,,,,,,,,,,,,,,,,,,,,,,,,,,,,,24639,0.659048318862915
,,,35,,,,,,,,,,,,,,,,,,,,,,,,,,,,,24649,0.011476011946797371
,,,35,,,,,,,,,,,,,,,,,,,,,,,,,,,,,24659,0.027561476454138756
,,,35,,,,,,,,,,,,,,,,,,,,,,,,,,,,,24669,0.18875455856323242
,,,35,,,,,,,,,,,,,,,,,,,,,,,,,,,,,24679,0.10261845588684082
,,,35,,,,,,,,,,,,,,,,,,,,,,,,,,,,,24689,0.3496595621109009
,,,35,,,,,,,,,,,,,,,,,,,,,,,,,,,,,24699,0.05451251193881035
,,,35,,,,,,,,,,,,,,,,,,,,,,,,,,,,,24709,0.4564363360404968
,,,35,,,,,,,,,,,,,,,,,,,,,,,,,,,,,24719,0.2667417824268341
,,,35,,,,,,,,,,,,,,,,,,,,,,,,,,,,,24729,0.1772986203432083
,,,35,,,,,,,,,,,,,,,,,,,,,,,,,,,,,24739,0.25093114376068115
,,,35,,,,,,,,,,,,,,,,,,,,,,,,,,,,,24749,0.4649512469768524
,,,35,,,,,,,,,,,,,,,,,,,,,,,,,,,,,24759,0.50972980260849
,,,35,,,,,,,,,,,,,,,,,,,,,,,,,,,,,24769,1.0185068845748901
,,,35,,,,,,,,,,,,,,,,,,,,,,,,,,,,,24779,0.13813099265098572
,,,35,,,,,,,,,,,,,,,,,,,,,,,,,,,,,24789,0.895999014377594
,,,35,,,,,,,,,,,,,,,,,,,,,,,,,,,,,24799,0.08004312962293625
,,,35,,,,,,,,,,,,,,,,,,,,,,,,,,,,,24809,0.1534120738506317
,,,35,,,,,,,,,,,,,,,,,,,,,,,,,,,,,24819,0.0247888695448637
,,,35,,,,,,,,,,,,,,,,,,,,,,,,,,,,,24829,0.051279980689287186
,,,35,,,,,,,,,,,,,,,,,,,,,,,,,,,,,24839,0.023872913792729378
,,,35,,,,,,,,,,,,,,,,,,,,,,,,,,,,,24849,0.00721577787771821
,,,35,,,,,,,,,,,,,,,,,,,,,,,,,,,,,24859,0.05020560324192047
,,,35,,,,,,,,,,,,,,,,,,,,,,,,,,,,,24869,0.09108811616897583
,,,35,,,,,,,,,,,,,,,,,,,,,,,,,,,,,24879,0.07805930078029633
,,,35,,,,,,,,,,,,,,,,,,,,,,,,,,,,,24889,0.08612141758203506
,,,35,,,,,,,,,,,,,,,,,,,,,,,,,,,,,24899,0.3106698989868164
,,,35,,,,,,,,,,,,,,,,,,,,,,,,,,,,,24909,0.26237180829048157
,,,35,,,,,,,,,,,,,,,,,,,,,,,,,,,,,24919,0.031439680606126785
,,,35,,,,,,,,,,,,,,,,,,,,,,,,,,,,,24929,0.06632556021213531
,,,35,,,,,,,,,,,,,,,,,,,,,,,,,,,,,24939,0.05029963329434395
,,,35,,,,,,,,,,,,,,,,,,,,,,,,,,,,,24949,0.03242208808660507
,,,35,,,,,,,,,,,,,,,,,,,,,,,,,,,,,24959,0.9607232809066772
,,,35,,,,,,,,,,,,,,,,,,,,,,,,,,,,,24969,0.007829716429114342
,,,35,,,,,,,,,,,,,,,,,,,,,,,,,,,,,24979,0.12131093442440033
,,,35,,,,,,,,,,,,,,,,,,,,,,,,,,,,,24989,0.4056152403354645
,,,35,,,,,,,,,,,,,,,,,,,,,,,,,,,,,24999,0.05242805555462837
,,,35,,,,,,,,,,,,,,,,,,,,,,,,,,,,,25009,0.10091676563024521
,,,35,,,,,,,,,,,,,,,,,,,,,,,,,,,,,25019,0.4171002209186554
,,,35,,,,,,,,,,,,,,,,,,,,,,,,,,,,,25029,0.0891226977109909
,,,35,,,,,,,,,,,,,,,,,,,,,,,,,,,,,25039,0.016414733603596687
,,,35,,,,,,,,,,,,,,,,,,,,,,,,,,,,,25049,0.4497913420200348
,,,35,,,,,,,,,,,,,,,,,,,,,,,,,,,,,25059,0.07171741873025894
,,,35,,,,,,,,,,,,,,,,,,,,,,,,,,,,,25069,0.2064891755580902
,,,35,,,,,,,,,,,,,,,,,,,,,,,,,,,,,25079,0.06956013292074203
,,,35,,,,,,,,,,,,,,,,,,,,,,,,,,,,,25089,0.3127117156982422
,,,35,,,,,,,,,,,,,,,,,,,,,,,,,,,,,25099,0.22053059935569763
,,,35,,,,,,,,,,,,,,,,,,,,,,,,,,,,,25109,0.2690652310848236
,,,35,,,,,,,,,,,,,,,,,,,,,,,,,,,,,25119,0.04607627913355827
,,,35,,,,,,,,,,,,,,,,,,,,,,,,,,,,,25129,0.019645603373646736
,,,35,,,,,,,,,,,,,,,,,,,,,,,,,,,,,25139,0.010477409698069096
,,,35,,,,,,,,,,,,,,,,,,,,,,,,,,,,,25149,0.8952603340148926
,,,35,,,,,,,,,,,,,,,,,,,,,,,,,,,,,25159,0.2788360118865967
,,,35,,,,,,,,,,,,,,,,,,,,,,,,,,,,,25169,0.1672051101922989
,,,35,,,,,,,,,,,,,,,,,,,,,,,,,,,,,25179,0.35359567403793335
,,,35,,,,,,,,,,,,,,,,,,,,,,,,,,,,,25189,0.1518787443637848
,,,35,,,,,,,,,,,,,,,,,,,,,,,,,,,,,25199,0.30479153990745544
,,,35,,,,,,,,,,,,,,,,,,,,,,,,,,,,,25209,0.02668200433254242
,,,35,,,,,,,,,,,,,,,,,,,,,,,,,,,,,25219,0.11702819168567657
,,,35,,,,,,,,,,,,,,,,,,,,,,,,,,,,,25229,1.349517583847046
,,,,1.2536573800698544e-07,7.023044739721183e-07,1.0804684214955663e-06,1.0804684214955663e-06,1.6622591099931791e-06,1.6622591099931791e-06,2.557321707681814e-06,2.557321707681814e-06,3.934341088741252e-06,3.934341088741252e-06,6.05283244421731e-06,1.2536573800698544e-07,6.05283244421731e-06,9.312049914180477e-06,9.312049914180477e-06,1.4326230637200735e-05,1.4326230637200735e-05,2.2040354826462668e-05,2.2040354826462668e-05,2.2040354826462668e-05,2.2040354826462668e-05,1.9287036616459296e-07,1.9287036616459296e-07,2.9672364025321997e-07,2.9672364025321997e-07,4.564979080818769e-07,4.564979080818769e-07,7.023044739721183e-07,25236,
,,,36,,,,,,,,,,,,,,,,,,,,,,,,,,,,,25239,0.00925540179014206
,,,36,,,,,,,,,,,,,,,,,,,,,,,,,,,,,25249,0.14976154267787933
,,,36,,,,,,,,,,,,,,,,,,,,,,,,,,,,,25259,0.12444475293159485
,,,36,,,,,,,,,,,,,,,,,,,,,,,,,,,,,25269,0.013577458448708057
,,,36,,,,,,,,,,,,,,,,,,,,,,,,,,,,,25279,0.11182966083288193
,,,36,,,,,,,,,,,,,,,,,,,,,,,,,,,,,25289,0.1862451583147049
,,,36,,,,,,,,,,,,,,,,,,,,,,,,,,,,,25299,0.0691172331571579
,,,36,,,,,,,,,,,,,,,,,,,,,,,,,,,,,25309,0.5437893867492676
,,,36,,,,,,,,,,,,,,,,,,,,,,,,,,,,,25319,0.049894269555807114
,,,36,,,,,,,,,,,,,,,,,,,,,,,,,,,,,25329,0.3991221487522125
,,,36,,,,,,,,,,,,,,,,,,,,,,,,,,,,,25339,0.5990474820137024
,,,36,,,,,,,,,,,,,,,,,,,,,,,,,,,,,25349,0.45338815450668335
,,,36,,,,,,,,,,,,,,,,,,,,,,,,,,,,,25359,0.06545163691043854
,,,36,,,,,,,,,,,,,,,,,,,,,,,,,,,,,25369,0.8195747137069702
,,,36,,,,,,,,,,,,,,,,,,,,,,,,,,,,,25379,0.017659327015280724
,,,36,,,,,,,,,,,,,,,,,,,,,,,,,,,,,25389,0.07371437549591064
,,,36,,,,,,,,,,,,,,,,,,,,,,,,,,,,,25399,0.6271414756774902
,,,36,,,,,,,,,,,,,,,,,,,,,,,,,,,,,25409,0.017884867265820503
,,,36,,,,,,,,,,,,,,,,,,,,,,,,,,,,,25419,0.021914958953857422
,,,36,,,,,,,,,,,,,,,,,,,,,,,,,,,,,25429,0.18359406292438507
,,,36,,,,,,,,,,,,,,,,,,,,,,,,,,,,,25439,0.44305330514907837
,,,36,,,,,,,,,,,,,,,,,,,,,,,,,,,,,25449,1.2558261156082153
,,,36,,,,,,,,,,,,,,,,,,,,,,,,,,,,,25459,0.09002328664064407
,,,36,,,,,,,,,,,,,,,,,,,,,,,,,,,,,25469,0.10791154950857162
,,,36,,,,,,,,,,,,,,,,,,,,,,,,,,,,,25479,1.5081599950790405
,,,36,,,,,,,,,,,,,,,,,,,,,,,,,,,,,25489,0.11101365089416504
,,,36,,,,,,,,,,,,,,,,,,,,,,,,,,,,,25499,0.251170814037323
,,,36,,,,,,,,,,,,,,,,,,,,,,,,,,,,,25509,0.07928586006164551
,,,36,,,,,,,,,,,,,,,,,,,,,,,,,,,,,25519,0.24516114592552185
,,,36,,,,,,,,,,,,,,,,,,,,,,,,,,,,,25529,0.1736854463815689
,,,36,,,,,,,,,,,,,,,,,,,,,,,,,,,,,25539,0.20399627089500427
,,,36,,,,,,,,,,,,,,,,,,,,,,,,,,,,,25549,0.32445913553237915
,,,36,,,,,,,,,,,,,,,,,,,,,,,,,,,,,25559,0.05879579111933708
,,,36,,,,,,,,,,,,,,,,,,,,,,,,,,,,,25569,0.03227750211954117
,,,36,,,,,,,,,,,,,,,,,,,,,,,,,,,,,25579,0.0896575078368187
,,,36,,,,,,,,,,,,,,,,,,,,,,,,,,,,,25589,0.04445839300751686
,,,36,,,,,,,,,,,,,,,,,,,,,,,,,,,,,25599,0.13857881724834442
,,,36,,,,,,,,,,,,,,,,,,,,,,,,,,,,,25609,0.17403896152973175
,,,36,,,,,,,,,,,,,,,,,,,,,,,,,,,,,25619,0.03393387049436569
,,,36,,,,,,,,,,,,,,,,,,,,,,,,,,,,,25629,0.4971406161785126
,,,36,,,,,,,,,,,,,,,,,,,,,,,,,,,,,25639,0.02475372701883316
,,,36,,,,,,,,,,,,,,,,,,,,,,,,,,,,,25649,0.06314805150032043
,,,36,,,,,,,,,,,,,,,,,,,,,,,,,,,,,25659,0.08839496970176697
,,,36,,,,,,,,,,,,,,,,,,,,,,,,,,,,,25669,1.0709729194641113
,,,36,,,,,,,,,,,,,,,,,,,,,,,,,,,,,25679,0.05942177027463913
,,,36,,,,,,,,,,,,,,,,,,,,,,,,,,,,,25689,0.008612041361629963
,,,36,,,,,,,,,,,,,,,,,,,,,,,,,,,,,25699,0.3493289053440094
,,,36,,,,,,,,,,,,,,,,,,,,,,,,,,,,,25709,0.06179932877421379
,,,36,,,,,,,,,,,,,,,,,,,,,,,,,,,,,25719,0.07240398228168488
,,,36,,,,,,,,,,,,,,,,,,,,,,,,,,,,,25729,0.09932103008031845
,,,36,,,,,,,,,,,,,,,,,,,,,,,,,,,,,25739,0.5569456219673157
,,,36,,,,,,,,,,,,,,,,,,,,,,,,,,,,,25749,0.5772311091423035
,,,36,,,,,,,,,,,,,,,,,,,,,,,,,,,,,25759,0.021103326231241226
,,,36,,,,,,,,,,,,,,,,,,,,,,,,,,,,,25769,0.08896926790475845
,,,36,,,,,,,,,,,,,,,,,,,,,,,,,,,,,25779,0.03106144443154335
,,,36,,,,,,,,,,,,,,,,,,,,,,,,,,,,,25789,0.04664725065231323
,,,36,,,,,,,,,,,,,,,,,,,,,,,,,,,,,25799,0.010356398299336433
,,,36,,,,,,,,,,,,,,,,,,,,,,,,,,,,,25809,0.3759746849536896
,,,36,,,,,,,,,,,,,,,,,,,,,,,,,,,,,25819,0.06504858285188675
,,,36,,,,,,,,,,,,,,,,,,,,,,,,,,,,,25829,1.0993653535842896
,,,36,,,,,,,,,,,,,,,,,,,,,,,,,,,,,25839,0.030161483213305473
,,,36,,,,,,,,,,,,,,,,,,,,,,,,,,,,,25849,0.5425369143486023
,,,36,,,,,,,,,,,,,,,,,,,,,,,,,,,,,25859,0.01912197843194008
,,,36,,,,,,,,,,,,,,,,,,,,,,,,,,,,,25869,0.5132847428321838
,,,36,,,,,,,,,,,,,,,,,,,,,,,,,,,,,25879,0.31318873167037964
,,,36,,,,,,,,,,,,,,,,,,,,,,,,,,,,,25889,0.027137532830238342
,,,36,,,,,,,,,,,,,,,,,,,,,,,,,,,,,25899,0.05673108249902725
,,,36,,,,,,,,,,,,,,,,,,,,,,,,,,,,,25909,0.04952649027109146
,,,36,,,,,,,,,,,,,,,,,,,,,,,,,,,,,25919,0.023686040192842484
,,,36,,,,,,,,,,,,,,,,,,,,,,,,,,,,,25929,0.021192943677306175
,,,,1.0930605058241677e-07,6.123373864075726e-07,9.420575175501116e-07,9.420575175501116e-07,1.4493192577694025e-06,1.4493192577694025e-06,2.22972193502985e-06,2.22972193502985e-06,3.430341438507461e-06,3.430341438507461e-06,5.277448366934555e-06,1.0930605058241677e-07,5.277448366934555e-06,8.11915133374547e-06,8.11915133374547e-06,1.2491002051916106e-05,1.2491002051916106e-05,1.9216926233717085e-05,1.9216926233717085e-05,1.9216926233717085e-05,1.9216926233717085e-05,1.681631547421796e-07,1.681631547421796e-07,2.587125457571994e-07,2.587125457571994e-07,3.980193011649222e-07,3.980193011649222e-07,6.123373864075726e-07,25937,
,,,37,,,,,,,,,,,,,,,,,,,,,,,,,,,,,25939,0.0653727725148201
,,,37,,,,,,,,,,,,,,,,,,,,,,,,,,,,,25949,0.7172607183456421
,,,37,,,,,,,,,,,,,,,,,,,,,,,,,,,,,25959,0.18708689510822296
,,,37,,,,,,,,,,,,,,,,,,,,,,,,,,,,,25969,0.03775656595826149
,,,37,,,,,,,,,,,,,,,,,,,,,,,,,,,,,25979,0.16219910979270935
,,,37,,,,,,,,,,,,,,,,,,,,,,,,,,,,,25989,0.5530133843421936
,,,37,,,,,,,,,,,,,,,,,,,,,,,,,,,,,25999,0.5460976362228394
,,,37,,,,,,,,,,,,,,,,,,,,,,,,,,,,,26009,0.012252062559127808
,,,37,,,,,,,,,,,,,,,,,,,,,,,,,,,,,26019,0.3493804335594177
,,,37,,,,,,,,,,,,,,,,,,,,,,,,,,,,,26029,0.01924397051334381
,,,37,,,,,,,,,,,,,,,,,,,,,,,,,,,,,26039,0.026481321081519127
,,,37,,,,,,,,,,,,,,,,,,,,,,,,,,,,,26049,0.08101334422826767
,,,37,,,,,,,,,,,,,,,,,,,,,,,,,,,,,26059,0.10850119590759277
,,,37,,,,,,,,,,,,,,,,,,,,,,,,,,,,,26069,0.06335105746984482
,,,37,,,,,,,,,,,,,,,,,,,,,,,,,,,,,26079,0.19114427268505096
,,,37,,,,,,,,,,,,,,,,,,,,,,,,,,,,,26089,0.09990768879652023
,,,37,,,,,,,,,,,,,,,,,,,,,,,,,,,,,26099,0.0716371089220047
,,,37,,,,,,,,,,,,,,,,,,,,,,,,,,,,,26109,0.44071877002716064
,,,37,,,,,,,,,,,,,,,,,,,,,,,,,,,,,26119,0.45374569296836853
,,,37,,,,,,,,,,,,,,,,,,,,,,,,,,,,,26129,0.048572443425655365
,,,37,,,,,,,,,,,,,,,,,,,,,,,,,,,,,26139,0.014424544759094715
,,,37,,,,,,,,,,,,,,,,,,,,,,,,,,,,,26149,0.08180070668458939
,,,37,,,,,,,,,,,,,,,,,,,,,,,,,,,,,26159,0.6320106983184814
,,,37,,,,,,,,,,,,,,,,,,,,,,,,,,,,,26169,0.025878073647618294
,,,37,,,,,,,,,,,,,,,,,,,,,,,,,,,,,26179,0.9359334111213684
,,,37,,,,,,,,,,,,,,,,,,,,,,,,,,,,,26189,0.0046427128836512566
,,,37,,,,,,,,,,,,,,,,,,,,,,,,,,,,,26199,0.0835859403014183
,,,37,,,,,,,,,,,,,,,,,,,,,,,,,,,,,26209,0.06067095324397087
,,,37,,,,,,,,,,,,,,,,,,,,,,,,,,,,,26219,0.48313337564468384
,,,37,,,,,,,,,,,,,,,,,,,,,,,,,,,,,26229,0.5155086517333984
,,,37,,,,,,,,,,,,,,,,,,,,,,,,,,,,,26239,0.1477126181125641
,,,37,,,,,,,,,,,,,,,,,,,,,,,,,,,,,26249,0.06190161406993866
,,,37,,,,,,,,,,,,,,,,,,,,,,,,,,,,,26259,0.02225087769329548
,,,37,,,,,,,,,,,,,,,,,,,,,,,,,,,,,26269,0.23148608207702637
,,,37,,,,,,,,,,,,,,,,,,,,,,,,,,,,,26279,0.013095359317958355
,,,37,,,,,,,,,,,,,,,,,,,,,,,,,,,,,26289,0.06376195698976517
,,,37,,,,,,,,,,,,,,,,,,,,,,,,,,,,,26299,0.09277026355266571
,,,37,,,,,,,,,,,,,,,,,,,,,,,,,,,,,26309,0.12715758383274078
,,,37,,,,,,,,,,,,,,,,,,,,,,,,,,,,,26319,0.021787945181131363
,,,37,,,,,,,,,,,,,,,,,,,,,,,,,,,,,26329,0.08657336980104446
,,,37,,,,,,,,,,,,,,,,,,,,,,,,,,,,,26339,0.09546206146478653
,,,37,,,,,,,,,,,,,,,,,,,,,,,,,,,,,26349,0.02551630698144436
,,,37,,,,,,,,,,,,,,,,,,,,,,,,,,,,,26359,0.2038535177707672
,,,37,,,,,,,,,,,,,,,,,,,,,,,,,,,,,26369,0.023690620437264442
,,,37,,,,,,,,,,,,,,,,,,,,,,,,,,,,,26379,0.3938506245613098
,,,37,,,,,,,,,,,,,,,,,,,,,,,,,,,,,26389,1.0693206787109375
,,,37,,,,,,,,,,,,,,,,,,,,,,,,,,,,,26399,0.03459025174379349
,,,37,,,,,,,,,,,,,,,,,,,,,,,,,,,,,26409,0.02517993561923504
,,,37,,,,,,,,,,,,,,,,,,,,,,,,,,,,,26419,0.9204877614974976
,,,37,,,,,,,,,,,,,,,,,,,,,,,,,,,,,26429,0.7773345708847046
,,,37,,,,,,,,,,,,,,,,,,,,,,,,,,,,,26439,0.07986915856599808
,,,37,,,,,,,,,,,,,,,,,,,,,,,,,,,,,26449,2.03167462348938
,,,37,,,,,,,,,,,,,,,,,,,,,,,,,,,,,26459,0.15672370791435242
,,,37,,,,,,,,,,,,,,,,,,,,,,,,,,,,,26469,0.06501834094524384
,,,37,,,,,,,,,,,,,,,,,,,,,,,,,,,,,26479,0.1332554817199707
,,,37,,,,,,,,,,,,,,,,,,,,,,,,,,,,,26489,0.29316654801368713
,,,37,,,,,,,,,,,,,,,,,,,,,,,,,,,,,26499,0.38870176672935486
,,,37,,,,,,,,,,,,,,,,,,,,,,,,,,,,,26509,0.00990212056785822
,,,37,,,,,,,,,,,,,,,,,,,,,,,,,,,,,26519,0.011370937339961529
,,,37,,,,,,,,,,,,,,,,,,,,,,,,,,,,,26529,0.3373829424381256
,,,37,,,,,,,,,,,,,,,,,,,,,,,,,,,,,26539,0.5065776705741882
,,,37,,,,,,,,,,,,,,,,,,,,,,,,,,,,,26549,1.8828539848327637
,,,37,,,,,,,,,,,,,,,,,,,,,,,,,,,,,26559,0.041116852313280106
,,,37,,,,,,,,,,,,,,,,,,,,,,,,,,,,,26569,0.4925456941127777
,,,37,,,,,,,,,,,,,,,,,,,,,,,,,,,,,26579,0.045512910932302475
,,,37,,,,,,,,,,,,,,,,,,,,,,,,,,,,,26589,0.035838473588228226
,,,37,,,,,,,,,,,,,,,,,,,,,,,,,,,,,26599,0.1647178679704666
,,,37,,,,,,,,,,,,,,,,,,,,,,,,,,,,,26609,0.5822932720184326
,,,37,,,,,,,,,,,,,,,,,,,,,,,,,,,,,26619,0.18978431820869446
,,,37,,,,,,,,,,,,,,,,,,,,,,,,,,,,,26629,0.09726361930370331
,,,,9.409940548675545e-08,5.271490801400816e-07,8.109985848308946e-07,8.109985848308946e-07,1.2476901305090686e-06,1.2476901305090686e-06,1.9195232777062595e-06,1.9195232777062595e-06,2.9531127349327065e-06,2.9531127349327065e-06,4.543250361434933e-06,9.409940548675545e-08,4.543250361434933e-06,6.989615940669127e-06,6.989615940669127e-06,1.075325529333712e-05,1.075325529333712e-05,1.6543469682057106e-05,1.6543469682057106e-05,1.6543469682057106e-05,1.6543469682057106e-05,1.447683161334699e-07,1.447683161334699e-07,2.2272048635918447e-07,2.2272048635918447e-07,3.42646902091053e-07,3.42646902091053e-07,5.271490801400816e-07,26638,
,,,38,,,,,,,,,,,,,,,,,,,,,,,,,,,,,26639,0.17506995797157288
,,,38,,,,,,,,,,,,,,,,,,,,,,,,,,,,,26649,0.06468088924884796
,,,38,,,,,,,,,,,,,,,,,,,,,,,,,,,,,26659,0.030217573046684265
,,,38,,,,,,,,,,,,,,,,,,,,,,,,,,,,,26669,0.01670331507921219
,,,38,,,,,,,,,,,,,,,,,,,,,,,,,,,,,26679,0.11451418697834015
,,,38,,,,,,,,,,,,,,,,,,,,,,,,,,,,,26689,0.005855579860508442
,,,38,,,,,,,,,,,,,,,,,,,,,,,,,,,,,26699,0.01525978185236454
,,,38,,,,,,,,,,,,,,,,,,,,,,,,,,,,,26709,0.030740290880203247
,,,38,,,,,,,,,,,,,,,,,,,,,,,,,,,,,26719,0.6176144480705261
,,,38,,,,,,,,,,,,,,,,,,,,,,,,,,,,,26729,0.2241286337375641
,,,38,,,,,,,,,,,,,,,,,,,,,,,,,,,,,26739,0.1949133723974228
,,,38,,,,,,,,,,,,,,,,,,,,,,,,,,,,,26749,0.046028077602386475
,,,38,,,,,,,,,,,,,,,,,,,,,,,,,,,,,26759,0.25643524527549744
,,,38,,,,,,,,,,,,,,,,,,,,,,,,,,,,,26769,1.5191197395324707
,,,38,,,,,,,,,,,,,,,,,,,,,,,,,,,,,26779,0.4954685866832733
,,,38,,,,,,,,,,,,,,,,,,,,,,,,,,,,,26789,0.02379905991256237
,,,38,,,,,,,,,,,,,,,,,,,,,,,,,,,,,26799,0.10889635980129242
,,,38,,,,,,,,,,,,,,,,,,,,,,,,,,,,,26809,0.0883377268910408
,,,38,,,,,,,,,,,,,,,,,,,,,,,,,,,,,26819,0.7553215622901917
,,,38,,,,,,,,,,,,,,,,,,,,,,,,,,,,,26829,0.23283132910728455
,,,38,,,,,,,,,,,,,,,,,,,,,,,,,,,,,26839,0.19670234620571136
,,,38,,,,,,,,,,,,,,,,,,,,,,,,,,,,,26849,0.29632067680358887
,,,38,,,,,,,,,,,,,,,,,,,,,,,,,,,,,26859,0.01348349079489708
,,,38,,,,,,,,,,,,,,,,,,,,,,,,,,,,,26869,0.01932438276708126
,,,38,,,,,,,,,,,,,,,,,,,,,,,,,,,,,26879,0.017788849771022797
,,,38,,,,,,,,,,,,,,,,,,,,,,,,,,,,,26889,0.5728612542152405
,,,38,,,,,,,,,,,,,,,,,,,,,,,,,,,,,26899,0.028527991846203804
,,,38,,,,,,,,,,,,,,,,,,,,,,,,,,,,,26909,0.2524367868900299
,,,38,,,,,,,,,,,,,,,,,,,,,,,,,,,,,26919,0.30970725417137146
,,,38,,,,,,,,,,,,,,,,,,,,,,,,,,,,,26929,0.4582371115684509
,,,38,,,,,,,,,,,,,,,,,,,,,,,,,,,,,26939,0.7205278277397156
,,,38,,,,,,,,,,,,,,,,,,,,,,,,,,,,,26949,0.011765019968152046
,,,38,,,,,,,,,,,,,,,,,,,,,,,,,,,,,26959,0.012921362183988094
,,,38,,,,,,,,,,,,,,,,,,,,,,,,,,,,,26969,0.003237641416490078
,,,38,,,,,,,,,,,,,,,,,,,,,,,,,,,,,26979,0.04645463451743126
,,,38,,,,,,,,,,,,,,,,,,,,,,,,,,,,,26989,0.6092032194137573
,,,38,,,,,,,,,,,,,,,,,,,,,,,,,,,,,26999,1.3589704036712646
,,,38,,,,,,,,,,,,,,,,,,,,,,,,,,,,,27009,0.09341374039649963
,,,38,,,,,,,,,,,,,,,,,,,,,,,,,,,,,27019,0.04202207922935486
,,,38,,,,,,,,,,,,,,,,,,,,,,,,,,,,,27029,0.0800320953130722
,,,38,,,,,,,,,,,,,,,,,,,,,,,,,,,,,27039,0.3027068078517914
,,,38,,,,,,,,,,,,,,,,,,,,,,,,,,,,,27049,0.9854980111122131
,,,38,,,,,,,,,,,,,,,,,,,,,,,,,,,,,27059,0.15130598843097687
,,,38,,,,,,,,,,,,,,,,,,,,,,,,,,,,,27069,0.06271988153457642
,,,38,,,,,,,,,,,,,,,,,,,,,,,,,,,,,27079,0.2869512438774109
,,,38,,,,,,,,,,,,,,,,,,,,,,,,,,,,,27089,0.08951212465763092
,,,38,,,,,,,,,,,,,,,,,,,,,,,,,,,,,27099,0.01316425483673811
,,,38,,,,,,,,,,,,,,,,,,,,,,,,,,,,,27109,0.018248779699206352
,,,38,,,,,,,,,,,,,,,,,,,,,,,,,,,,,27119,0.040894776582717896
,,,38,,,,,,,,,,,,,,,,,,,,,,,,,,,,,27129,0.038657478988170624
,,,38,,,,,,,,,,,,,,,,,,,,,,,,,,,,,27139,0.18624459207057953
,,,38,,,,,,,,,,,,,,,,,,,,,,,,,,,,,27149,0.6012195944786072
,,,38,,,,,,,,,,,,,,,,,,,,,,,,,,,,,27159,0.8493187427520752
,,,38,,,,,,,,,,,,,,,,,,,,,,,,,,,,,27169,0.31129178404808044
,,,38,,,,,,,,,,,,,,,,,,,,,,,,,,,,,27179,0.76456218957901
,,,38,,,,,,,,,,,,,,,,,,,,,,,,,,,,,27189,1.243717908859253
,,,38,,,,,,,,,,,,,,,,,,,,,,,,,,,,,27199,0.011540141887962818
,,,38,,,,,,,,,,,,,,,,,,,,,,,,,,,,,27209,0.060730934143066406
,,,38,,,,,,,,,,,,,,,,,,,,,,,,,,,,,27219,0.1290808767080307
,,,38,,,,,,,,,,,,,,,,,,,,,,,,,,,,,27229,0.06250568479299545
,,,38,,,,,,,,,,,,,,,,,,,,,,,,,,,,,27239,0.07894936949014664
,,,38,,,,,,,,,,,,,,,,,,,,,,,,,,,,,27249,0.6433826684951782
,,,38,,,,,,,,,,,,,,,,,,,,,,,,,,,,,27259,0.09715801477432251
,,,38,,,,,,,,,,,,,,,,,,,,,,,,,,,,,27269,1.43773353099823
,,,38,,,,,,,,,,,,,,,,,,,,,,,,,,,,,27279,0.01201361883431673
,,,38,,,,,,,,,,,,,,,,,,,,,,,,,,,,,27289,0.17497164011001587
,,,38,,,,,,,,,,,,,,,,,,,,,,,,,,,,,27299,0.12155216187238693
,,,38,,,,,,,,,,,,,,,,,,,,,,,,,,,,,27309,0.10290256887674332
,,,38,,,,,,,,,,,,,,,,,,,,,,,,,,,,,27319,0.06854104995727539
,,,38,,,,,,,,,,,,,,,,,,,,,,,,,,,,,27329,0.669322669506073
,,,,7.981988796634066e-08,4.4715458403468026e-07,6.879301292841234e-07,6.879301292841234e-07,1.0583540450524976e-06,1.0583540450524976e-06,1.6282369923884576e-06,1.6282369923884576e-06,2.5049799882899347e-06,2.5049799882899347e-06,3.8538153665998995e-06,7.981988796634066e-08,3.8538153665998995e-06,5.928946717845999e-06,5.928946717845999e-06,9.121456488993845e-06,9.121456488993845e-06,1.4033009983067452e-05,1.4033009983067452e-05,1.4033009983067452e-05,1.4033009983067452e-05,1.2279982764052406e-07,1.2279982764052406e-07,1.8892281175465242e-07,1.8892281175465242e-07,2.906504796225422e-07,2.906504796225422e-07,4.4715458403468026e-07,27339,
,,,39,,,,,,,,,,,,,,,,,,,,,,,,,,,,,27339,0.013791626319289207
,,,39,,,,,,,,,,,,,,,,,,,,,,,,,,,,,27349,0.0217522494494915
,,,39,,,,,,,,,,,,,,,,,,,,,,,,,,,,,27359,0.027829360216856003
,,,39,,,,,,,,,,,,,,,,,,,,,,,,,,,,,27369,0.19659686088562012
,,,39,,,,,,,,,,,,,,,,,,,,,,,,,,,,,27379,0.4953790605068207
,,,39,,,,,,,,,,,,,,,,,,,,,,,,,,,,,27389,0.010490164160728455
,,,39,,,,,,,,,,,,,,,,,,,,,,,,,,,,,27399,0.12809520959854126
,,,39,,,,,,,,,,,,,,,,,,,,,,,,,,,,,27409,0.3504332900047302
,,,39,,,,,,,,,,,,,,,,,,,,,,,,,,,,,27419,0.755698025226593
,,,39,,,,,,,,,,,,,,,,,,,,,,,,,,,,,27429,0.7020450830459595
,,,39,,,,,,,,,,,,,,,,,,,,,,,,,,,,,27439,0.7614659070968628
,,,39,,,,,,,,,,,,,,,,,,,,,,,,,,,,,27449,0.1524299681186676
,,,39,,,,,,,,,,,,,,,,,,,,,,,,,,,,,27459,0.37271422147750854
,,,39,,,,,,,,,,,,,,,,,,,,,,,,,,,,,27469,0.019653189927339554
,,,39,,,,,,,,,,,,,,,,,,,,,,,,,,,,,27479,0.048944469541311264
,,,39,,,,,,,,,,,,,,,,,,,,,,,,,,,,,27489,0.018526572734117508
,,,39,,,,,,,,,,,,,,,,,,,,,,,,,,,,,27499,0.20971281826496124
,,,39,,,,,,,,,,,,,,,,,,,,,,,,,,,,,27509,0.24365217983722687
,,,39,,,,,,,,,,,,,,,,,,,,,,,,,,,,,27519,0.10450519621372223
,,,39,,,,,,,,,,,,,,,,,,,,,,,,,,,,,27529,0.016748998314142227
,,,39,,,,,,,,,,,,,,,,,,,,,,,,,,,,,27539,1.7720277309417725
,,,39,,,,,,,,,,,,,,,,,,,,,,,,,,,,,27549,0.023693811148405075
,,,39,,,,,,,,,,,,,,,,,,,,,,,,,,,,,27559,0.5986374616622925
,,,39,,,,,,,,,,,,,,,,,,,,,,,,,,,,,27569,0.09658896923065186
,,,39,,,,,,,,,,,,,,,,,,,,,,,,,,,,,27579,0.11628708988428116
,,,39,,,,,,,,,,,,,,,,,,,,,,,,,,,,,27589,0.8692839741706848
,,,39,,,,,,,,,,,,,,,,,,,,,,,,,,,,,27599,0.9662229418754578
,,,39,,,,,,,,,,,,,,,,,,,,,,,,,,,,,27609,1.1475439071655273
,,,39,,,,,,,,,,,,,,,,,,,,,,,,,,,,,27619,0.04035237431526184
,,,39,,,,,,,,,,,,,,,,,,,,,,,,,,,,,27629,0.16200529038906097
,,,39,,,,,,,,,,,,,,,,,,,,,,,,,,,,,27639,1.5264909267425537
,,,39,,,,,,,,,,,,,,,,,,,,,,,,,,,,,27649,0.5796878337860107
,,,39,,,,,,,,,,,,,,,,,,,,,,,,,,,,,27659,0.2205408811569214
,,,39,,,,,,,,,,,,,,,,,,,,,,,,,,,,,27669,0.028567839413881302
,,,39,,,,,,,,,,,,,,,,,,,,,,,,,,,,,27679,0.005903919693082571
,,,39,,,,,,,,,,,,,,,,,,,,,,,,,,,,,27689,0.2305656373500824
,,,39,,,,,,,,,,,,,,,,,,,,,,,,,,,,,27699,0.013484996743500233
,,,39,,,,,,,,,,,,,,,,,,,,,,,,,,,,,27709,0.08167706429958344
,,,39,,,,,,,,,,,,,,,,,,,,,,,,,,,,,27719,0.12110631167888641
,,,39,,,,,,,,,,,,,,,,,,,,,,,,,,,,,27729,0.006603904068470001
,,,39,,,,,,,,,,,,,,,,,,,,,,,,,,,,,27739,0.014101091772317886
,,,39,,,,,,,,,,,,,,,,,,,,,,,,,,,,,27749,0.13021700084209442
,,,39,,,,,,,,,,,,,,,,,,,,,,,,,,,,,27759,0.14503297209739685
,,,39,,,,,,,,,,,,,,,,,,,,,,,,,,,,,27769,0.1091959998011589
,,,39,,,,,,,,,,,,,,,,,,,,,,,,,,,,,27779,0.07872660458087921
,,,39,,,,,,,,,,,,,,,,,,,,,,,,,,,,,27789,0.4160870611667633
,,,39,,,,,,,,,,,,,,,,,,,,,,,,,,,,,27799,0.012970417737960815
,,,39,,,,,,,,,,,,,,,,,,,,,,,,,,,,,27809,0.21542704105377197
,,,39,,,,,,,,,,,,,,,,,,,,,,,,,,,,,27819,0.11760525405406952
,,,39,,,,,,,,,,,,,,,,,,,,,,,,,,,,,27829,0.0882946252822876
,,,39,,,,,,,,,,,,,,,,,,,,,,,,,,,,,27839,0.018871651962399483
,,,39,,,,,,,,,,,,,,,,,,,,,,,,,,,,,27849,0.6147171854972839
,,,39,,,,,,,,,,,,,,,,,,,,,,,,,,,,,27859,0.0035617495886981487
,,,39,,,,,,,,,,,,,,,,,,,,,,,,,,,,,27869,0.14303942024707794
,,,39,,,,,,,,,,,,,,,,,,,,,,,,,,,,,27879,0.39528876543045044
,,,39,,,,,,,,,,,,,,,,,,,,,,,,,,,,,27889,0.09015091508626938
,,,39,,,,,,,,,,,,,,,,,,,,,,,,,,,,,27899,0.13365678489208221
,,,39,,,,,,,,,,,,,,,,,,,,,,,,,,,,,27909,0.24833743274211884
,,,39,,,,,,,,,,,,,,,,,,,,,,,,,,,,,27919,0.444988489151001
,,,39,,,,,,,,,,,,,,,,,,,,,,,,,,,,,27929,0.29934388399124146
,,,39,,,,,,,,,,,,,,,,,,,,,,,,,,,,,27939,0.015292207710444927
,,,39,,,,,,,,,,,,,,,,,,,,,,,,,,,,,27949,0.24216200411319733
,,,39,,,,,,,,,,,,,,,,,,,,,,,,,,,,,27959,0.10078616440296173
,,,39,,,,,,,,,,,,,,,,,,,,,,,,,,,,,27969,0.04468632861971855
,,,39,,,,,,,,,,,,,,,,,,,,,,,,,,,,,27979,0.6142075657844543
,,,39,,,,,,,,,,,,,,,,,,,,,,,,,,,,,27989,0.13035793602466583
,,,39,,,,,,,,,,,,,,,,,,,,,,,,,,,,,27999,0.22126391530036926
,,,39,,,,,,,,,,,,,,,,,,,,,,,,,,,,,28009,0.4500390291213989
,,,39,,,,,,,,,,,,,,,,,,,,,,,,,,,,,28019,0.06805465370416641
,,,39,,,,,,,,,,,,,,,,,,,,,,,,,,,,,28029,0.0300698634237051
,,,39,,,,,,,,,,,,,,,,,,,,,,,,,,,,,28039,0.006282704416662455
0.7980295419692993,0.8132529854774475,0.7833655476570129,39,,,,,,,,,,,,,,,,,,,,,,,,,,,,,28039,
,,,,6.653706639515992e-08,3.727436232353765e-07,5.734517280544253e-07,5.734517280544253e-07,8.822334277760388e-07,8.822334277760388e-07,1.3572821965785213e-06,1.3572821965785213e-06,2.088126456274648e-06,2.088126456274648e-06,3.212502240422535e-06,6.653706639515992e-08,3.212502240422535e-06,4.942311139111592e-06,4.942311139111592e-06,7.603555598633219e-06,7.603555598633219e-06,1.1697777844051105e-05,1.1697777844051105e-05,1.1697777844051105e-05,1.1697777844051105e-05,1.0236471753101525e-07,1.0236471753101525e-07,1.5748418081694655e-07,1.5748418081694655e-07,2.4228335510299467e-07,2.4228335510299467e-07,3.727436232353765e-07,28040,
,,,40,,,,,,,,,,,,,,,,,,,,,,,,,,,,,28049,0.4654232859611511
,,,40,,,,,,,,,,,,,,,,,,,,,,,,,,,,,28059,0.024723755195736885
,,,40,,,,,,,,,,,,,,,,,,,,,,,,,,,,,28069,0.02843574807047844
,,,40,,,,,,,,,,,,,,,,,,,,,,,,,,,,,28079,0.11214575916528702
,,,40,,,,,,,,,,,,,,,,,,,,,,,,,,,,,28089,0.5729435086250305
,,,40,,,,,,,,,,,,,,,,,,,,,,,,,,,,,28099,0.3570232093334198
,,,40,,,,,,,,,,,,,,,,,,,,,,,,,,,,,28109,0.5332745909690857
,,,40,,,,,,,,,,,,,,,,,,,,,,,,,,,,,28119,0.008868186734616756
,,,40,,,,,,,,,,,,,,,,,,,,,,,,,,,,,28129,0.10786566883325577
,,,40,,,,,,,,,,,,,,,,,,,,,,,,,,,,,28139,0.11591168493032455
,,,40,,,,,,,,,,,,,,,,,,,,,,,,,,,,,28149,0.1110934466123581
,,,40,,,,,,,,,,,,,,,,,,,,,,,,,,,,,28159,0.47679847478866577
,,,40,,,,,,,,,,,,,,,,,,,,,,,,,,,,,28169,0.2962217330932617
,,,40,,,,,,,,,,,,,,,,,,,,,,,,,,,,,28179,0.63023841381073
,,,40,,,,,,,,,,,,,,,,,,,,,,,,,,,,,28189,0.05361972376704216
,,,40,,,,,,,,,,,,,,,,,,,,,,,,,,,,,28199,1.1313012838363647
,,,40,,,,,,,,,,,,,,,,,,,,,,,,,,,,,28209,0.3472377359867096
,,,40,,,,,,,,,,,,,,,,,,,,,,,,,,,,,28219,0.01922975294291973
,,,40,,,,,,,,,,,,,,,,,,,,,,,,,,,,,28229,0.1393435001373291
,,,40,,,,,,,,,,,,,,,,,,,,,,,,,,,,,28239,0.14781852066516876
,,,40,,,,,,,,,,,,,,,,,,,,,,,,,,,,,28249,0.009228470735251904
,,,40,,,,,,,,,,,,,,,,,,,,,,,,,,,,,28259,0.3396589457988739
,,,40,,,,,,,,,,,,,,,,,,,,,,,,,,,,,28269,0.17689861357212067
,,,40,,,,,,,,,,,,,,,,,,,,,,,,,,,,,28279,0.022220879793167114
,,,40,,,,,,,,,,,,,,,,,,,,,,,,,,,,,28289,0.05223868414759636
,,,40,,,,,,,,,,,,,,,,,,,,,,,,,,,,,28299,0.5247887372970581
,,,40,,,,,,,,,,,,,,,,,,,,,,,,,,,,,28309,0.15351152420043945
,,,40,,,,,,,,,,,,,,,,,,,,,,,,,,,,,28319,0.06289803236722946
,,,40,,,,,,,,,,,,,,,,,,,,,,,,,,,,,28329,0.07521838694810867
,,,40,,,,,,,,,,,,,,,,,,,,,,,,,,,,,28339,0.1484639197587967
,,,40,,,,,,,,,,,,,,,,,,,,,,,,,,,,,28349,0.01647927425801754
,,,40,,,,,,,,,,,,,,,,,,,,,,,,,,,,,28359,0.10903158783912659
,,,40,,,,,,,,,,,,,,,,,,,,,,,,,,,,,28369,0.04637772589921951
,,,40,,,,,,,,,,,,,,,,,,,,,,,,,,,,,28379,1.005200982093811
,,,40,,,,,,,,,,,,,,,,,,,,,,,,,,,,,28389,0.058688558638095856
,,,40,,,,,,,,,,,,,,,,,,,,,,,,,,,,,28399,0.040200915187597275
,,,40,,,,,,,,,,,,,,,,,,,,,,,,,,,,,28409,0.07280362397432327
,,,40,,,,,,,,,,,,,,,,,,,,,,,,,,,,,28419,0.12054935842752457
,,,40,,,,,,,,,,,,,,,,,,,,,,,,,,,,,28429,0.3550073206424713
,,,40,,,,,,,,,,,,,,,,,,,,,,,,,,,,,28439,0.33107617497444153
,,,40,,,,,,,,,,,,,,,,,,,,,,,,,,,,,28449,0.35143348574638367
,,,40,,,,,,,,,,,,,,,,,,,,,,,,,,,,,28459,0.47271788120269775
,,,40,,,,,,,,,,,,,,,,,,,,,,,,,,,,,28469,0.10235645622015
,,,40,,,,,,,,,,,,,,,,,,,,,,,,,,,,,28479,0.016368886455893517
,,,40,,,,,,,,,,,,,,,,,,,,,,,,,,,,,28489,0.734830915927887
,,,40,,,,,,,,,,,,,,,,,,,,,,,,,,,,,28499,0.13339434564113617
,,,40,,,,,,,,,,,,,,,,,,,,,,,,,,,,,28509,0.06314889341592789
,,,40,,,,,,,,,,,,,,,,,,,,,,,,,,,,,28519,0.19433511793613434
,,,40,,,,,,,,,,,,,,,,,,,,,,,,,,,,,28529,0.09446445852518082
,,,40,,,,,,,,,,,,,,,,,,,,,,,,,,,,,28539,0.4656310975551605
,,,40,,,,,,,,,,,,,,,,,,,,,,,,,,,,,28549,0.04231927543878555
,,,40,,,,,,,,,,,,,,,,,,,,,,,,,,,,,28559,0.016327470541000366
,,,40,,,,,,,,,,,,,,,,,,,,,,,,,,,,,28569,0.07488397508859634
,,,40,,,,,,,,,,,,,,,,,,,,,,,,,,,,,28579,0.8793084025382996
,,,40,,,,,,,,,,,,,,,,,,,,,,,,,,,,,28589,0.030004240572452545
,,,40,,,,,,,,,,,,,,,,,,,,,,,,,,,,,28599,0.09327322989702225
,,,40,,,,,,,,,,,,,,,,,,,,,,,,,,,,,28609,0.014034722000360489
,,,40,,,,,,,,,,,,,,,,,,,,,,,,,,,,,28619,0.06185462325811386
,,,40,,,,,,,,,,,,,,,,,,,,,,,,,,,,,28629,1.4553674459457397
,,,40,,,,,,,,,,,,,,,,,,,,,,,,,,,,,28639,0.18858283758163452
,,,40,,,,,,,,,,,,,,,,,,,,,,,,,,,,,28649,0.02078041434288025
,,,40,,,,,,,,,,,,,,,,,,,,,,,,,,,,,28659,0.2091459333896637
,,,40,,,,,,,,,,,,,,,,,,,,,,,,,,,,,28669,0.006783507764339447
,,,40,,,,,,,,,,,,,,,,,,,,,,,,,,,,,28679,0.020102575421333313
,,,40,,,,,,,,,,,,,,,,,,,,,,,,,,,,,28689,0.011361708864569664
,,,40,,,,,,,,,,,,,,,,,,,,,,,,,,,,,28699,0.6479077935218811
,,,40,,,,,,,,,,,,,,,,,,,,,,,,,,,,,28709,0.05892683193087578
,,,40,,,,,,,,,,,,,,,,,,,,,,,,,,,,,28719,0.6225869059562683
,,,40,,,,,,,,,,,,,,,,,,,,,,,,,,,,,28729,0.03003588132560253
,,,40,,,,,,,,,,,,,,,,,,,,,,,,,,,,,28739,0.22589285671710968
,,,,5.431565334472347e-08,3.0427872046342055e-07,4.6812110840526237e-07,4.6812110840526237e-07,7.201863206234804e-07,7.201863206234804e-07,1.1079789548053546e-06,1.1079789548053546e-06,1.704583007392853e-06,1.704583007392853e-06,2.622435395989005e-06,5.431565334472347e-08,2.622435395989005e-06,4.034515993829238e-06,4.034515993829238e-06,6.206947682814212e-06,6.206947682814212e-06,9.549150281252633e-06,9.549150281252633e-06,9.549150281252633e-06,9.549150281252633e-06,8.356254360726687e-08,8.356254360726687e-08,1.2855775939579518e-07,1.2855775939579518e-07,1.9778116830122336e-07,1.9778116830122336e-07,3.0427872046342055e-07,28741,
,,,41,,,,,,,,,,,,,,,,,,,,,,,,,,,,,28749,0.02722254768013954
,,,41,,,,,,,,,,,,,,,,,,,,,,,,,,,,,28759,0.4036034345626831
,,,41,,,,,,,,,,,,,,,,,,,,,,,,,,,,,28769,0.2896128296852112
,,,41,,,,,,,,,,,,,,,,,,,,,,,,,,,,,28779,0.010999967344105244
,,,41,,,,,,,,,,,,,,,,,,,,,,,,,,,,,28789,0.07187052071094513
,,,41,,,,,,,,,,,,,,,,,,,,,,,,,,,,,28799,0.12934845685958862
,,,41,,,,,,,,,,,,,,,,,,,,,,,,,,,,,28809,0.02761361002922058
,,,41,,,,,,,,,,,,,,,,,,,,,,,,,,,,,28819,0.35432669520378113
,,,41,,,,,,,,,,,,,,,,,,,,,,,,,,,,,28829,0.36470669507980347
,,,41,,,,,,,,,,,,,,,,,,,,,,,,,,,,,28839,0.05212917923927307
,,,41,,,,,,,,,,,,,,,,,,,,,,,,,,,,,28849,0.2227606326341629
,,,41,,,,,,,,,,,,,,,,,,,,,,,,,,,,,28859,0.09264154732227325
,,,41,,,,,,,,,,,,,,,,,,,,,,,,,,,,,28869,0.008753979578614235
,,,41,,,,,,,,,,,,,,,,,,,,,,,,,,,,,28879,0.636902928352356
,,,41,,,,,,,,,,,,,,,,,,,,,,,,,,,,,28889,0.14796313643455505
,,,41,,,,,,,,,,,,,,,,,,,,,,,,,,,,,28899,0.024455202743411064
,,,41,,,,,,,,,,,,,,,,,,,,,,,,,,,,,28909,0.04571200907230377
,,,41,,,,,,,,,,,,,,,,,,,,,,,,,,,,,28919,0.054021403193473816
,,,41,,,,,,,,,,,,,,,,,,,,,,,,,,,,,28929,0.015875212848186493
,,,41,,,,,,,,,,,,,,,,,,,,,,,,,,,,,28939,1.310319185256958
,,,41,,,,,,,,,,,,,,,,,,,,,,,,,,,,,28949,0.3879615366458893
,,,41,,,,,,,,,,,,,,,,,,,,,,,,,,,,,28959,0.04792158305644989
,,,41,,,,,,,,,,,,,,,,,,,,,,,,,,,,,28969,0.042043156921863556
,,,41,,,,,,,,,,,,,,,,,,,,,,,,,,,,,28979,0.5157795548439026
,,,41,,,,,,,,,,,,,,,,,,,,,,,,,,,,,28989,0.21313656866550446
,,,41,,,,,,,,,,,,,,,,,,,,,,,,,,,,,28999,0.05879596248269081
,,,41,,,,,,,,,,,,,,,,,,,,,,,,,,,,,29009,0.04466044157743454
,,,41,,,,,,,,,,,,,,,,,,,,,,,,,,,,,29019,0.02282062917947769
,,,41,,,,,,,,,,,,,,,,,,,,,,,,,,,,,29029,0.06722214818000793
,,,41,,,,,,,,,,,,,,,,,,,,,,,,,,,,,29039,0.9152031540870667
,,,41,,,,,,,,,,,,,,,,,,,,,,,,,,,,,29049,0.07222951948642731
,,,41,,,,,,,,,,,,,,,,,,,,,,,,,,,,,29059,0.05842113494873047
,,,41,,,,,,,,,,,,,,,,,,,,,,,,,,,,,29069,0.15571482479572296
,,,41,,,,,,,,,,,,,,,,,,,,,,,,,,,,,29079,0.346035897731781
,,,41,,,,,,,,,,,,,,,,,,,,,,,,,,,,,29089,0.024793855845928192
,,,41,,,,,,,,,,,,,,,,,,,,,,,,,,,,,29099,0.0295560359954834
,,,41,,,,,,,,,,,,,,,,,,,,,,,,,,,,,29109,0.1822924166917801
,,,41,,,,,,,,,,,,,,,,,,,,,,,,,,,,,29119,0.22385257482528687
,,,41,,,,,,,,,,,,,,,,,,,,,,,,,,,,,29129,0.27416184544563293
,,,41,,,,,,,,,,,,,,,,,,,,,,,,,,,,,29139,0.051161132752895355
,,,41,,,,,,,,,,,,,,,,,,,,,,,,,,,,,29149,0.0893838182091713
,,,41,,,,,,,,,,,,,,,,,,,,,,,,,,,,,29159,0.022673005238175392
,,,41,,,,,,,,,,,,,,,,,,,,,,,,,,,,,29169,0.1310482621192932
,,,41,,,,,,,,,,,,,,,,,,,,,,,,,,,,,29179,0.05257175490260124
,,,41,,,,,,,,,,,,,,,,,,,,,,,,,,,,,29189,0.010866345837712288
,,,41,,,,,,,,,,,,,,,,,,,,,,,,,,,,,29199,0.02667207084596157
,,,41,,,,,,,,,,,,,,,,,,,,,,,,,,,,,29209,0.29369649291038513
,,,41,,,,,,,,,,,,,,,,,,,,,,,,,,,,,29219,0.025305863469839096
,,,41,,,,,,,,,,,,,,,,,,,,,,,,,,,,,29229,0.013821631669998169
,,,41,,,,,,,,,,,,,,,,,,,,,,,,,,,,,29239,0.05461457744240761
,,,41,,,,,,,,,,,,,,,,,,,,,,,,,,,,,29249,0.148065984249115
,,,41,,,,,,,,,,,,,,,,,,,,,,,,,,,,,29259,0.2758042514324188
,,,41,,,,,,,,,,,,,,,,,,,,,,,,,,,,,29269,0.05148869380354881
,,,41,,,,,,,,,,,,,,,,,,,,,,,,,,,,,29279,0.015178831294178963
,,,41,,,,,,,,,,,,,,,,,,,,,,,,,,,,,29289,0.0047797150909900665
,,,41,,,,,,,,,,,,,,,,,,,,,,,,,,,,,29299,0.43701544404029846
,,,41,,,,,,,,,,,,,,,,,,,,,,,,,,,,,29309,0.12495139241218567
,,,41,,,,,,,,,,,,,,,,,,,,,,,,,,,,,29319,0.054259177297353745
,,,41,,,,,,,,,,,,,,,,,,,,,,,,,,,,,29329,0.6051707863807678
,,,41,,,,,,,,,,,,,,,,,,,,,,,,,,,,,29339,0.00730478297919035
,,,41,,,,,,,,,,,,,,,,,,,,,,,,,,,,,29349,0.06254418939352036
,,,41,,,,,,,,,,,,,,,,,,,,,,,,,,,,,29359,0.06930522620677948
,,,41,,,,,,,,,,,,,,,,,,,,,,,,,,,,,29369,0.18838602304458618
,,,41,,,,,,,,,,,,,,,,,,,,,,,,,,,,,29379,0.0934251919388771
,,,41,,,,,,,,,,,,,,,,,,,,,,,,,,,,,29389,0.03752732649445534
,,,41,,,,,,,,,,,,,,,,,,,,,,,,,,,,,29399,0.26742029190063477
,,,41,,,,,,,,,,,,,,,,,,,,,,,,,,,,,29409,0.016419444233179092
,,,41,,,,,,,,,,,,,,,,,,,,,,,,,,,,,29419,0.08259902149438858
,,,41,,,,,,,,,,,,,,,,,,,,,,,,,,,,,29429,0.06703613698482513
,,,41,,,,,,,,,,,,,,,,,,,,,,,,,,,,,29439,0.29704412817955017
,,,,4.321519031092087e-08,2.420934298430496e-07,3.724514305277685e-07,3.724514305277685e-07,5.730022008119516e-07,5.730022008119516e-07,8.815418474030023e-07,8.815418474030023e-07,1.3562182267738498e-06,1.3562182267738498e-06,2.0864895796520763e-06,4.321519031092087e-08,2.0864895796520763e-06,3.2099839686955018e-06,3.2099839686955018e-06,4.938436874916157e-06,4.938436874916157e-06,7.597595192178702e-06,7.597595192178702e-06,7.597595192178702e-06,7.597595192178702e-06,6.648490817064748e-08,6.648490817064748e-08,1.0228447410868844e-07,1.0228447410868844e-07,1.5736072939798221e-07,1.5736072939798221e-07,2.420934298430496e-07,29442,
,,,42,,,,,,,,,,,,,,,,,,,,,,,,,,,,,29449,0.09848320484161377
,,,42,,,,,,,,,,,,,,,,,,,,,,,,,,,,,29459,0.7706841826438904
,,,42,,,,,,,,,,,,,,,,,,,,,,,,,,,,,29469,0.07352177053689957
,,,42,,,,,,,,,,,,,,,,,,,,,,,,,,,,,29479,0.10296425223350525
,,,42,,,,,,,,,,,,,,,,,,,,,,,,,,,,,29489,0.38757625222206116
,,,42,,,,,,,,,,,,,,,,,,,,,,,,,,,,,29499,0.43281981348991394
,,,42,,,,,,,,,,,,,,,,,,,,,,,,,,,,,29509,0.14358705282211304
,,,42,,,,,,,,,,,,,,,,,,,,,,,,,,,,,29519,0.10790648311376572
,,,42,,,,,,,,,,,,,,,,,,,,,,,,,,,,,29529,0.02827361784875393
,,,42,,,,,,,,,,,,,,,,,,,,,,,,,,,,,29539,0.020496701821684837
,,,42,,,,,,,,,,,,,,,,,,,,,,,,,,,,,29549,0.12297555059194565
,,,42,,,,,,,,,,,,,,,,,,,,,,,,,,,,,29559,0.06743209064006805
,,,42,,,,,,,,,,,,,,,,,,,,,,,,,,,,,29569,0.2734154760837555
,,,42,,,,,,,,,,,,,,,,,,,,,,,,,,,,,29579,0.215493842959404
,,,42,,,,,,,,,,,,,,,,,,,,,,,,,,,,,29589,1.1112862825393677
,,,42,,,,,,,,,,,,,,,,,,,,,,,,,,,,,29599,0.19281700253486633
,,,42,,,,,,,,,,,,,,,,,,,,,,,,,,,,,29609,0.033173151314258575
,,,42,,,,,,,,,,,,,,,,,,,,,,,,,,,,,29619,0.06696217507123947
,,,42,,,,,,,,,,,,,,,,,,,,,,,,,,,,,29629,0.23396900296211243
,,,42,,,,,,,,,,,,,,,,,,,,,,,,,,,,,29639,0.11078036576509476
,,,42,,,,,,,,,,,,,,,,,,,,,,,,,,,,,29649,0.019867874681949615
,,,42,,,,,,,,,,,,,,,,,,,,,,,,,,,,,29659,0.03022892214357853
,,,42,,,,,,,,,,,,,,,,,,,,,,,,,,,,,29669,0.4929364025592804
,,,42,,,,,,,,,,,,,,,,,,,,,,,,,,,,,29679,0.048512622714042664
,,,42,,,,,,,,,,,,,,,,,,,,,,,,,,,,,29689,0.17802643775939941
,,,42,,,,,,,,,,,,,,,,,,,,,,,,,,,,,29699,0.012656327337026596
,,,42,,,,,,,,,,,,,,,,,,,,,,,,,,,,,29709,0.30221128463745117
,,,42,,,,,,,,,,,,,,,,,,,,,,,,,,,,,29719,0.08769088983535767
,,,42,,,,,,,,,,,,,,,,,,,,,,,,,,,,,29729,0.4778127372264862
,,,42,,,,,,,,,,,,,,,,,,,,,,,,,,,,,29739,1.5081266164779663
,,,42,,,,,,,,,,,,,,,,,,,,,,,,,,,,,29749,0.10109683871269226
,,,42,,,,,,,,,,,,,,,,,,,,,,,,,,,,,29759,0.010852618142962456
,,,42,,,,,,,,,,,,,,,,,,,,,,,,,,,,,29769,0.006559428293257952
,,,42,,,,,,,,,,,,,,,,,,,,,,,,,,,,,29779,0.034364670515060425
,,,42,,,,,,,,,,,,,,,,,,,,,,,,,,,,,29789,0.09692366421222687
,,,42,,,,,,,,,,,,,,,,,,,,,,,,,,,,,29799,0.008459682576358318
,,,42,,,,,,,,,,,,,,,,,,,,,,,,,,,,,29809,0.03158363327383995
,,,42,,,,,,,,,,,,,,,,,,,,,,,,,,,,,29819,0.13507217168807983
,,,42,,,,,,,,,,,,,,,,,,,,,,,,,,,,,29829,0.18173876404762268
,,,42,,,,,,,,,,,,,,,,,,,,,,,,,,,,,29839,0.244398832321167
,,,42,,,,,,,,,,,,,,,,,,,,,,,,,,,,,29849,0.07932640612125397
,,,42,,,,,,,,,,,,,,,,,,,,,,,,,,,,,29859,0.12784774601459503
,,,42,,,,,,,,,,,,,,,,,,,,,,,,,,,,,29869,0.030685577541589737
,,,42,,,,,,,,,,,,,,,,,,,,,,,,,,,,,29879,0.0068635642528533936
,,,42,,,,,,,,,,,,,,,,,,,,,,,,,,,,,29889,0.05327726900577545
,,,42,,,,,,,,,,,,,,,,,,,,,,,,,,,,,29899,0.30744999647140503
,,,42,,,,,,,,,,,,,,,,,,,,,,,,,,,,,29909,0.032985832542181015
,,,42,,,,,,,,,,,,,,,,,,,,,,,,,,,,,29919,0.2051752209663391
,,,42,,,,,,,,,,,,,,,,,,,,,,,,,,,,,29929,0.6232333183288574
,,,42,,,,,,,,,,,,,,,,,,,,,,,,,,,,,29939,0.007396787870675325
,,,42,,,,,,,,,,,,,,,,,,,,,,,,,,,,,29949,0.04159139469265938
,,,42,,,,,,,,,,,,,,,,,,,,,,,,,,,,,29959,0.021636011078953743
,,,42,,,,,,,,,,,,,,,,,,,,,,,,,,,,,29969,0.007495772559195757
,,,42,,,,,,,,,,,,,,,,,,,,,,,,,,,,,29979,0.08126503974199295
,,,42,,,,,,,,,,,,,,,,,,,,,,,,,,,,,29989,0.015396332368254662
,,,42,,,,,,,,,,,,,,,,,,,,,,,,,,,,,29999,0.027101509273052216
,,,42,,,,,,,,,,,,,,,,,,,,,,,,,,,,,30009,0.03148464858531952
,,,42,,,,,,,,,,,,,,,,,,,,,,,,,,,,,30019,0.03173524886369705
,,,42,,,,,,,,,,,,,,,,,,,,,,,,,,,,,30029,0.010200642049312592
,,,42,,,,,,,,,,,,,,,,,,,,,,,,,,,,,30039,0.012536867521703243
,,,42,,,,,,,,,,,,,,,,,,,,,,,,,,,,,30049,0.039904482662677765
,,,42,,,,,,,,,,,,,,,,,,,,,,,,,,,,,30059,0.2695828080177307
,,,42,,,,,,,,,,,,,,,,,,,,,,,,,,,,,30069,0.02918807975947857
,,,42,,,,,,,,,,,,,,,,,,,,,,,,,,,,,30079,0.18077565729618073
,,,42,,,,,,,,,,,,,,,,,,,,,,,,,,,,,30089,0.031218796968460083
,,,42,,,,,,,,,,,,,,,,,,,,,,,,,,,,,30099,0.09292597323656082
,,,42,,,,,,,,,,,,,,,,,,,,,,,,,,,,,30109,0.6808274984359741
,,,42,,,,,,,,,,,,,,,,,,,,,,,,,,,,,30119,0.3168591260910034
,,,42,,,,,,,,,,,,,,,,,,,,,,,,,,,,,30129,0.8712152242660522
,,,42,,,,,,,,,,,,,,,,,,,,,,,,,,,,,30139,0.2796350121498108
,,,,3.3289757633838177e-08,1.8649071185932243e-07,2.869087874758806e-07,2.869087874758806e-07,4.4139813457827784e-07,4.4139813457827784e-07,6.790740531973505e-07,6.790740531973505e-07,1.0447293126113085e-06,1.0447293126113085e-06,1.607275865555859e-06,3.3289757633838177e-08,1.607275865555859e-06,2.4727321008551675e-06,2.4727321008551675e-06,3.8042032320848733e-06,3.8042032320848733e-06,5.852620357053651e-06,5.852620357053651e-06,5.852620357053651e-06,5.852620357053651e-06,5.121501174436641e-08,5.121501174436641e-08,7.879232576056372e-08,7.879232576056372e-08,1.2121896270855957e-07,1.2121896270855957e-07,1.8649071185932243e-07,30143,
,,,43,,,,,,,,,,,,,,,,,,,,,,,,,,,,,30149,0.014846215955913067
,,,43,,,,,,,,,,,,,,,,,,,,,,,,,,,,,30159,0.36916616559028625
,,,43,,,,,,,,,,,,,,,,,,,,,,,,,,,,,30169,0.12752339243888855
,,,43,,,,,,,,,,,,,,,,,,,,,,,,,,,,,30179,0.008726025000214577
,,,43,,,,,,,,,,,,,,,,,,,,,,,,,,,,,30189,0.5473848581314087
,,,43,,,,,,,,,,,,,,,,,,,,,,,,,,,,,30199,0.09401465952396393
,,,43,,,,,,,,,,,,,,,,,,,,,,,,,,,,,30209,0.04577400162816048
,,,43,,,,,,,,,,,,,,,,,,,,,,,,,,,,,30219,0.31384071707725525
,,,43,,,,,,,,,,,,,,,,,,,,,,,,,,,,,30229,0.01988484151661396
,,,43,,,,,,,,,,,,,,,,,,,,,,,,,,,,,30239,0.8286046385765076
,,,43,,,,,,,,,,,,,,,,,,,,,,,,,,,,,30249,0.08827435970306396
,,,43,,,,,,,,,,,,,,,,,,,,,,,,,,,,,30259,0.01641744375228882
,,,43,,,,,,,,,,,,,,,,,,,,,,,,,,,,,30269,0.007113253232091665
,,,43,,,,,,,,,,,,,,,,,,,,,,,,,,,,,30279,0.0066321613267064095
,,,43,,,,,,,,,,,,,,,,,,,,,,,,,,,,,30289,0.06482817232608795
,,,43,,,,,,,,,,,,,,,,,,,,,,,,,,,,,30299,0.9139952063560486
,,,43,,,,,,,,,,,,,,,,,,,,,,,,,,,,,30309,0.08420402556657791
,,,43,,,,,,,,,,,,,,,,,,,,,,,,,,,,,30319,0.4135446548461914
,,,43,,,,,,,,,,,,,,,,,,,,,,,,,,,,,30329,0.006332999095320702
,,,43,,,,,,,,,,,,,,,,,,,,,,,,,,,,,30339,0.035335756838321686
,,,43,,,,,,,,,,,,,,,,,,,,,,,,,,,,,30349,1.0179997682571411
,,,43,,,,,,,,,,,,,,,,,,,,,,,,,,,,,30359,0.5140300393104553
,,,43,,,,,,,,,,,,,,,,,,,,,,,,,,,,,30369,0.24051184952259064
,,,43,,,,,,,,,,,,,,,,,,,,,,,,,,,,,30379,0.12880195677280426
,,,43,,,,,,,,,,,,,,,,,,,,,,,,,,,,,30389,0.1451219618320465
,,,43,,,,,,,,,,,,,,,,,,,,,,,,,,,,,30399,0.020094014704227448
,,,43,,,,,,,,,,,,,,,,,,,,,,,,,,,,,30409,0.41644421219825745
,,,43,,,,,,,,,,,,,,,,,,,,,,,,,,,,,30419,0.21844841539859772
,,,43,,,,,,,,,,,,,,,,,,,,,,,,,,,,,30429,0.5894923806190491
,,,43,,,,,,,,,,,,,,,,,,,,,,,,,,,,,30439,0.34063175320625305
,,,43,,,,,,,,,,,,,,,,,,,,,,,,,,,,,30449,0.1238381415605545
,,,43,,,,,,,,,,,,,,,,,,,,,,,,,,,,,30459,0.04050358757376671
,,,43,,,,,,,,,,,,,,,,,,,,,,,,,,,,,30469,0.6380496025085449
,,,43,,,,,,,,,,,,,,,,,,,,,,,,,,,,,30479,0.1764296442270279
,,,43,,,,,,,,,,,,,,,,,,,,,,,,,,,,,30489,0.390046626329422
,,,43,,,,,,,,,,,,,,,,,,,,,,,,,,,,,30499,0.041568174958229065
,,,43,,,,,,,,,,,,,,,,,,,,,,,,,,,,,30509,0.13873505592346191
,,,43,,,,,,,,,,,,,,,,,,,,,,,,,,,,,30519,0.2336898297071457
,,,43,,,,,,,,,,,,,,,,,,,,,,,,,,,,,30529,0.08817485719919205
,,,43,,,,,,,,,,,,,,,,,,,,,,,,,,,,,30539,0.01003622729331255
,,,43,,,,,,,,,,,,,,,,,,,,,,,,,,,,,30549,0.1316266804933548
,,,43,,,,,,,,,,,,,,,,,,,,,,,,,,,,,30559,0.5605509281158447
,,,43,,,,,,,,,,,,,,,,,,,,,,,,,,,,,30569,0.013921396806836128
,,,43,,,,,,,,,,,,,,,,,,,,,,,,,,,,,30579,0.019695064052939415
,,,43,,,,,,,,,,,,,,,,,,,,,,,,,,,,,30589,0.015292882919311523
,,,43,,,,,,,,,,,,,,,,,,,,,,,,,,,,,30599,0.049932777881622314
,,,43,,,,,,,,,,,,,,,,,,,,,,,,,,,,,30609,0.2642192840576172
,,,43,,,,,,,,,,,,,,,,,,,,,,,,,,,,,30619,0.0690826028585434
,,,43,,,,,,,,,,,,,,,,,,,,,,,,,,,,,30629,0.12094663828611374
,,,43,,,,,,,,,,,,,,,,,,,,,,,,,,,,,30639,0.15209552645683289
,,,43,,,,,,,,,,,,,,,,,,,,,,,,,,,,,30649,0.05862331762909889
,,,43,,,,,,,,,,,,,,,,,,,,,,,,,,,,,30659,0.3132752776145935
,,,43,,,,,,,,,,,,,,,,,,,,,,,,,,,,,30669,0.007523850537836552
,,,43,,,,,,,,,,,,,,,,,,,,,,,,,,,,,30679,0.11382514238357544
,,,43,,,,,,,,,,,,,,,,,,,,,,,,,,,,,30689,0.02055606059730053
,,,43,,,,,,,,,,,,,,,,,,,,,,,,,,,,,30699,0.08318701386451721
,,,43,,,,,,,,,,,,,,,,,,,,,,,,,,,,,30709,0.013364880345761776
,,,43,,,,,,,,,,,,,,,,,,,,,,,,,,,,,30719,0.033613044768571854
,,,43,,,,,,,,,,,,,,,,,,,,,,,,,,,,,30729,0.03371039032936096
,,,43,,,,,,,,,,,,,,,,,,,,,,,,,,,,,30739,0.17978417873382568
,,,43,,,,,,,,,,,,,,,,,,,,,,,,,,,,,30749,0.0102273253723979
,,,43,,,,,,,,,,,,,,,,,,,,,,,,,,,,,30759,0.08146786689758301
,,,43,,,,,,,,,,,,,,,,,,,,,,,,,,,,,30769,0.16009017825126648
,,,43,,,,,,,,,,,,,,,,,,,,,,,,,,,,,30779,0.15085135400295258
,,,43,,,,,,,,,,,,,,,,,,,,,,,,,,,,,30789,0.5808131694793701
,,,43,,,,,,,,,,,,,,,,,,,,,,,,,,,,,30799,0.012743701227009296
,,,43,,,,,,,,,,,,,,,,,,,,,,,,,,,,,30809,0.031550537794828415
,,,43,,,,,,,,,,,,,,,,,,,,,,,,,,,,,30819,0.014361967332661152
,,,43,,,,,,,,,,,,,,,,,,,,,,,,,,,,,30829,0.4327350854873657
,,,43,,,,,,,,,,,,,,,,,,,,,,,,,,,,,30839,0.1198149248957634
,,,,2.4587711023777133e-08,1.3774145736509018e-07,2.1190993440783103e-07,2.1190993440783103e-07,3.2601528370435543e-07,3.2601528370435543e-07,5.015619749297775e-07,5.015619749297775e-07,7.716338075842731e-07,7.716338075842731e-07,1.1871289347450355e-06,2.4587711023777133e-08,1.1871289347450355e-06,1.8263522073000546e-06,1.8263522073000546e-06,2.8097726266154687e-06,2.8097726266154687e-06,4.322727117869951e-06,4.322727117869951e-06,4.322727117869951e-06,4.322727117869951e-06,3.7827247728887886e-08,3.7827247728887886e-08,5.81957657367506e-08,5.81957657367506e-08,8.953194728730862e-08,8.953194728730862e-08,1.3774145736509018e-07,30844,
,,,44,,,,,,,,,,,,,,,,,,,,,,,,,,,,,30849,0.012418833561241627
,,,44,,,,,,,,,,,,,,,,,,,,,,,,,,,,,30859,0.28249841928482056
,,,44,,,,,,,,,,,,,,,,,,,,,,,,,,,,,30869,0.04344037175178528
,,,44,,,,,,,,,,,,,,,,,,,,,,,,,,,,,30879,0.02688283659517765
,,,44,,,,,,,,,,,,,,,,,,,,,,,,,,,,,30889,0.26535555720329285
,,,44,,,,,,,,,,,,,,,,,,,,,,,,,,,,,30899,0.005869094282388687
,,,44,,,,,,,,,,,,,,,,,,,,,,,,,,,,,30909,0.6260919570922852
,,,44,,,,,,,,,,,,,,,,,,,,,,,,,,,,,30919,0.01826915517449379
,,,44,,,,,,,,,,,,,,,,,,,,,,,,,,,,,30929,0.4602060616016388
,,,44,,,,,,,,,,,,,,,,,,,,,,,,,,,,,30939,0.014262775890529156
,,,44,,,,,,,,,,,,,,,,,,,,,,,,,,,,,30949,0.3386477530002594
,,,44,,,,,,,,,,,,,,,,,,,,,,,,,,,,,30959,0.03106343001127243
,,,44,,,,,,,,,,,,,,,,,,,,,,,,,,,,,30969,0.019162006676197052
,,,44,,,,,,,,,,,,,,,,,,,,,,,,,,,,,30979,0.2047300487756729
,,,44,,,,,,,,,,,,,,,,,,,,,,,,,,,,,30989,0.013804770074784756
,,,44,,,,,,,,,,,,,,,,,,,,,,,,,,,,,30999,0.007842570543289185
,,,44,,,,,,,,,,,,,,,,,,,,,,,,,,,,,31009,0.14480845630168915
,,,44,,,,,,,,,,,,,,,,,,,,,,,,,,,,,31019,0.044417355209589005
,,,44,,,,,,,,,,,,,,,,,,,,,,,,,,,,,31029,0.007685557007789612
,,,44,,,,,,,,,,,,,,,,,,,,,,,,,,,,,31039,0.5679189562797546
,,,44,,,,,,,,,,,,,,,,,,,,,,,,,,,,,31049,0.03525721654295921
,,,44,,,,,,,,,,,,,,,,,,,,,,,,,,,,,31059,0.04524998739361763
,,,44,,,,,,,,,,,,,,,,,,,,,,,,,,,,,31069,0.35393089056015015
,,,44,,,,,,,,,,,,,,,,,,,,,,,,,,,,,31079,0.02255738526582718
,,,44,,,,,,,,,,,,,,,,,,,,,,,,,,,,,31089,0.36405640840530396
,,,44,,,,,,,,,,,,,,,,,,,,,,,,,,,,,31099,0.007019404321908951
,,,44,,,,,,,,,,,,,,,,,,,,,,,,,,,,,31109,0.12370330840349197
,,,44,,,,,,,,,,,,,,,,,,,,,,,,,,,,,31119,0.07336477190256119
,,,44,,,,,,,,,,,,,,,,,,,,,,,,,,,,,31129,0.1256732940673828
,,,44,,,,,,,,,,,,,,,,,,,,,,,,,,,,,31139,0.003986133728176355
,,,44,,,,,,,,,,,,,,,,,,,,,,,,,,,,,31149,0.012293881736695766
,,,44,,,,,,,,,,,,,,,,,,,,,,,,,,,,,31159,0.04353178292512894
,,,44,,,,,,,,,,,,,,,,,,,,,,,,,,,,,31169,0.013541506603360176
,,,44,,,,,,,,,,,,,,,,,,,,,,,,,,,,,31179,1.5298027992248535
,,,44,,,,,,,,,,,,,,,,,,,,,,,,,,,,,31189,0.016665102913975716
,,,44,,,,,,,,,,,,,,,,,,,,,,,,,,,,,31199,1.0132335424423218
,,,44,,,,,,,,,,,,,,,,,,,,,,,,,,,,,31209,0.3955235183238983
,,,44,,,,,,,,,,,,,,,,,,,,,,,,,,,,,31219,0.01462025847285986
,,,44,,,,,,,,,,,,,,,,,,,,,,,,,,,,,31229,0.6077529191970825
,,,44,,,,,,,,,,,,,,,,,,,,,,,,,,,,,31239,0.11832984536886215
,,,44,,,,,,,,,,,,,,,,,,,,,,,,,,,,,31249,0.11075812578201294
,,,44,,,,,,,,,,,,,,,,,,,,,,,,,,,,,31259,0.06803397834300995
,,,44,,,,,,,,,,,,,,,,,,,,,,,,,,,,,31269,2.006446361541748
,,,44,,,,,,,,,,,,,,,,,,,,,,,,,,,,,31279,0.009562132880091667
,,,44,,,,,,,,,,,,,,,,,,,,,,,,,,,,,31289,0.676322877407074
,,,44,,,,,,,,,,,,,,,,,,,,,,,,,,,,,31299,0.24032063782215118
,,,44,,,,,,,,,,,,,,,,,,,,,,,,,,,,,31309,0.024579187855124474
,,,44,,,,,,,,,,,,,,,,,,,,,,,,,,,,,31319,0.02590586058795452
,,,44,,,,,,,,,,,,,,,,,,,,,,,,,,,,,31329,0.07186324894428253
,,,44,,,,,,,,,,,,,,,,,,,,,,,,,,,,,31339,0.2788117825984955
,,,44,,,,,,,,,,,,,,,,,,,,,,,,,,,,,31349,0.011209738440811634
,,,44,,,,,,,,,,,,,,,,,,,,,,,,,,,,,31359,0.3036479651927948
,,,44,,,,,,,,,,,,,,,,,,,,,,,,,,,,,31369,0.055362287908792496
,,,44,,,,,,,,,,,,,,,,,,,,,,,,,,,,,31379,0.027606045827269554
,,,44,,,,,,,,,,,,,,,,,,,,,,,,,,,,,31389,0.02831404097378254
,,,44,,,,,,,,,,,,,,,,,,,,,,,,,,,,,31399,0.013020622543990612
,,,44,,,,,,,,,,,,,,,,,,,,,,,,,,,,,31409,0.6394006609916687
,,,44,,,,,,,,,,,,,,,,,,,,,,,,,,,,,31419,0.020789451897144318
,,,44,,,,,,,,,,,,,,,,,,,,,,,,,,,,,31429,0.19894477725028992
,,,44,,,,,,,,,,,,,,,,,,,,,,,,,,,,,31439,0.2689496874809265
,,,44,,,,,,,,,,,,,,,,,,,,,,,,,,,,,31449,0.059138644486665726
,,,44,,,,,,,,,,,,,,,,,,,,,,,,,,,,,31459,0.1338224560022354
,,,44,,,,,,,,,,,,,,,,,,,,,,,,,,,,,31469,0.42959997057914734
,,,44,,,,,,,,,,,,,,,,,,,,,,,,,,,,,31479,0.030850309878587723
,,,44,,,,,,,,,,,,,,,,,,,,,,,,,,,,,31489,0.03447114676237106
,,,44,,,,,,,,,,,,,,,,,,,,,,,,,,,,,31499,0.7015157341957092
,,,44,,,,,,,,,,,,,,,,,,,,,,,,,,,,,31509,0.29311156272888184
,,,44,,,,,,,,,,,,,,,,,,,,,,,,,,,,,31519,0.2948794960975647
,,,44,,,,,,,,,,,,,,,,,,,,,,,,,,,,,31529,0.20853392779827118
,,,44,,,,,,,,,,,,,,,,,,,,,,,,,,,,,31539,0.25615280866622925
0.7952755689620972,0.8096192479133606,0.7814313173294067,44,,,,,,,,,,,,,,,,,,,,,,,,,,,,,31544,
,,,,1.7151445977095338e-08,9.60831678279911e-08,1.4782025819690937e-07,1.4782025819690937e-07,2.2741578184139902e-07,2.2741578184139902e-07,3.498704336021523e-07,3.498704336021523e-07,5.382622055417728e-07,5.382622055417728e-07,8.280957008334965e-07,1.7151445977095338e-08,8.280957008334965e-07,1.2739933858976868e-06,1.2739933858976868e-06,1.95998982445798e-06,1.95998982445798e-06,3.0153689607045845e-06,3.0153689607045845e-06,3.0153689607045845e-06,3.0153689607045845e-06,2.6386839964762055e-08,2.6386839964762055e-08,4.059513840732624e-08,4.059513840732624e-08,6.245405908819421e-08,6.245405908819421e-08,9.60831678279911e-08,31545,
,,,45,,,,,,,,,,,,,,,,,,,,,,,,,,,,,31549,0.009704179130494595
,,,45,,,,,,,,,,,,,,,,,,,,,,,,,,,,,31559,0.014088138937950134
,,,45,,,,,,,,,,,,,,,,,,,,,,,,,,,,,31569,0.27142542600631714
,,,45,,,,,,,,,,,,,,,,,,,,,,,,,,,,,31579,0.23314519226551056
,,,45,,,,,,,,,,,,,,,,,,,,,,,,,,,,,31589,0.1841326653957367
,,,45,,,,,,,,,,,,,,,,,,,,,,,,,,,,,31599,0.008764437399804592
,,,45,,,,,,,,,,,,,,,,,,,,,,,,,,,,,31609,0.39826780557632446
,,,45,,,,,,,,,,,,,,,,,,,,,,,,,,,,,31619,0.48373934626579285
,,,45,,,,,,,,,,,,,,,,,,,,,,,,,,,,,31629,0.05415233597159386
,,,45,,,,,,,,,,,,,,,,,,,,,,,,,,,,,31639,0.13474446535110474
,,,45,,,,,,,,,,,,,,,,,,,,,,,,,,,,,31649,0.16879510879516602
,,,45,,,,,,,,,,,,,,,,,,,,,,,,,,,,,31659,0.7967200875282288
,,,45,,,,,,,,,,,,,,,,,,,,,,,,,,,,,31669,0.023930152878165245
,,,45,,,,,,,,,,,,,,,,,,,,,,,,,,,,,31679,0.9660234451293945
,,,45,,,,,,,,,,,,,,,,,,,,,,,,,,,,,31689,0.016514280810952187
,,,45,,,,,,,,,,,,,,,,,,,,,,,,,,,,,31699,0.021412650123238564
,,,45,,,,,,,,,,,,,,,,,,,,,,,,,,,,,31709,0.3467380702495575
,,,45,,,,,,,,,,,,,,,,,,,,,,,,,,,,,31719,0.11119907349348068
,,,45,,,,,,,,,,,,,,,,,,,,,,,,,,,,,31729,0.07513710111379623
,,,45,,,,,,,,,,,,,,,,,,,,,,,,,,,,,31739,0.1328766793012619
,,,45,,,,,,,,,,,,,,,,,,,,,,,,,,,,,31749,0.1720663458108902
,,,45,,,,,,,,,,,,,,,,,,,,,,,,,,,,,31759,0.006610428914427757
,,,45,,,,,,,,,,,,,,,,,,,,,,,,,,,,,31769,1.7759809494018555
,,,45,,,,,,,,,,,,,,,,,,,,,,,,,,,,,31779,0.046265073120594025
,,,45,,,,,,,,,,,,,,,,,,,,,,,,,,,,,31789,0.3475419580936432
,,,45,,,,,,,,,,,,,,,,,,,,,,,,,,,,,31799,0.019030632451176643
,,,45,,,,,,,,,,,,,,,,,,,,,,,,,,,,,31809,0.016962826251983643
,,,45,,,,,,,,,,,,,,,,,,,,,,,,,,,,,31819,0.36736348271369934
,,,45,,,,,,,,,,,,,,,,,,,,,,,,,,,,,31829,0.23925812542438507
,,,45,,,,,,,,,,,,,,,,,,,,,,,,,,,,,31839,0.6423173546791077
,,,45,,,,,,,,,,,,,,,,,,,,,,,,,,,,,31849,0.07104074209928513
,,,45,,,,,,,,,,,,,,,,,,,,,,,,,,,,,31859,0.14969372749328613
,,,45,,,,,,,,,,,,,,,,,,,,,,,,,,,,,31869,0.11104962229728699
,,,45,,,,,,,,,,,,,,,,,,,,,,,,,,,,,31879,0.03335519880056381
,,,45,,,,,,,,,,,,,,,,,,,,,,,,,,,,,31889,0.7878272533416748
,,,45,,,,,,,,,,,,,,,,,,,,,,,,,,,,,31899,0.7080615162849426
,,,45,,,,,,,,,,,,,,,,,,,,,,,,,,,,,31909,0.0176628939807415
,,,45,,,,,,,,,,,,,,,,,,,,,,,,,,,,,31919,0.016081741079688072
,,,45,,,,,,,,,,,,,,,,,,,,,,,,,,,,,31929,0.4057609736919403
,,,45,,,,,,,,,,,,,,,,,,,,,,,,,,,,,31939,1.251382827758789
,,,45,,,,,,,,,,,,,,,,,,,,,,,,,,,,,31949,0.12659521400928497
,,,45,,,,,,,,,,,,,,,,,,,,,,,,,,,,,31959,0.07328411936759949
,,,45,,,,,,,,,,,,,,,,,,,,,,,,,,,,,31969,0.18695802986621857
,,,45,,,,,,,,,,,,,,,,,,,,,,,,,,,,,31979,0.3211258053779602
,,,45,,,,,,,,,,,,,,,,,,,,,,,,,,,,,31989,0.008549069985747337
,,,45,,,,,,,,,,,,,,,,,,,,,,,,,,,,,31999,0.6524632573127747
,,,45,,,,,,,,,,,,,,,,,,,,,,,,,,,,,32009,1.0430761575698853
,,,45,,,,,,,,,,,,,,,,,,,,,,,,,,,,,32019,0.37910452485084534
,,,45,,,,,,,,,,,,,,,,,,,,,,,,,,,,,32029,0.37929633259773254
,,,45,,,,,,,,,,,,,,,,,,,,,,,,,,,,,32039,0.10127758234739304
,,,45,,,,,,,,,,,,,,,,,,,,,,,,,,,,,32049,0.0652526244521141
,,,45,,,,,,,,,,,,,,,,,,,,,,,,,,,,,32059,0.15068773925304413
,,,45,,,,,,,,,,,,,,,,,,,,,,,,,,,,,32069,0.12474294751882553
,,,45,,,,,,,,,,,,,,,,,,,,,,,,,,,,,32079,0.3810565769672394
,,,45,,,,,,,,,,,,,,,,,,,,,,,,,,,,,32089,0.053914252668619156
,,,45,,,,,,,,,,,,,,,,,,,,,,,,,,,,,32099,0.00888803880661726
,,,45,,,,,,,,,,,,,,,,,,,,,,,,,,,,,32109,0.8812732100486755
,,,45,,,,,,,,,,,,,,,,,,,,,,,,,,,,,32119,0.6750693917274475
,,,45,,,,,,,,,,,,,,,,,,,,,,,,,,,,,32129,0.8410822749137878
,,,45,,,,,,,,,,,,,,,,,,,,,,,,,,,,,32139,0.010078879073262215
,,,45,,,,,,,,,,,,,,,,,,,,,,,,,,,,,32149,0.2567409574985504
,,,45,,,,,,,,,,,,,,,,,,,,,,,,,,,,,32159,0.9035751223564148
,,,45,,,,,,,,,,,,,,,,,,,,,,,,,,,,,32169,0.7844899892807007
,,,45,,,,,,,,,,,,,,,,,,,,,,,,,,,,,32179,0.028742432594299316
,,,45,,,,,,,,,,,,,,,,,,,,,,,,,,,,,32189,0.0520407110452652
,,,45,,,,,,,,,,,,,,,,,,,,,,,,,,,,,32199,0.30721691250801086
,,,45,,,,,,,,,,,,,,,,,,,,,,,,,,,,,32209,0.9984505772590637
,,,45,,,,,,,,,,,,,,,,,,,,,,,,,,,,,32219,0.08728799968957901
,,,45,,,,,,,,,,,,,,,,,,,,,,,,,,,,,32229,0.35649868845939636
,,,45,,,,,,,,,,,,,,,,,,,,,,,,,,,,,32239,0.008499599993228912
,,,,1.1017191229609355e-08,6.17187982471726e-08,9.495199730334245e-08,9.495199730334245e-08,1.4607999585129607e-07,1.4607999585129607e-07,2.2473845515584008e-07,2.2473845515584008e-07,3.457514694705232e-07,3.457514694705232e-07,5.319253376469587e-07,1.1017191229609355e-08,5.319253376469587e-07,8.183466733030134e-07,8.183466733030134e-07,1.258994882004636e-06,1.258994882004636e-06,1.9369152030840556e-06,1.9369152030840556e-06,1.9369152030840556e-06,1.9369152030840556e-06,1.6949524968629775e-08,1.6949524968629775e-08,2.6076192259430422e-08,2.6076192259430422e-08,4.011721886066219e-08,4.011721886066219e-08,6.17187982471726e-08,32246,
,,,46,,,,,,,,,,,,,,,,,,,,,,,,,,,,,32249,0.16887064278125763
,,,46,,,,,,,,,,,,,,,,,,,,,,,,,,,,,32259,0.038830675184726715
,,,46,,,,,,,,,,,,,,,,,,,,,,,,,,,,,32269,0.2578392028808594
,,,46,,,,,,,,,,,,,,,,,,,,,,,,,,,,,32279,0.15972544252872467
,,,46,,,,,,,,,,,,,,,,,,,,,,,,,,,,,32289,0.40187904238700867
,,,46,,,,,,,,,,,,,,,,,,,,,,,,,,,,,32299,0.4439995586872101
,,,46,,,,,,,,,,,,,,,,,,,,,,,,,,,,,32309,0.0049958969466388226
,,,46,,,,,,,,,,,,,,,,,,,,,,,,,,,,,32319,0.14899267256259918
,,,46,,,,,,,,,,,,,,,,,,,,,,,,,,,,,32329,0.15957118570804596
,,,46,,,,,,,,,,,,,,,,,,,,,,,,,,,,,32339,0.04096680134534836
,,,46,,,,,,,,,,,,,,,,,,,,,,,,,,,,,32349,0.018511272966861725
,,,46,,,,,,,,,,,,,,,,,,,,,,,,,,,,,32359,0.08568083494901657
,,,46,,,,,,,,,,,,,,,,,,,,,,,,,,,,,32369,0.38092467188835144
,,,46,,,,,,,,,,,,,,,,,,,,,,,,,,,,,32379,0.008880211971700191
,,,46,,,,,,,,,,,,,,,,,,,,,,,,,,,,,32389,0.4957607686519623
,,,46,,,,,,,,,,,,,,,,,,,,,,,,,,,,,32399,0.23144082725048065
,,,46,,,,,,,,,,,,,,,,,,,,,,,,,,,,,32409,0.14304523169994354
,,,46,,,,,,,,,,,,,,,,,,,,,,,,,,,,,32419,0.006799355149269104
,,,46,,,,,,,,,,,,,,,,,,,,,,,,,,,,,32429,0.12491163611412048
,,,46,,,,,,,,,,,,,,,,,,,,,,,,,,,,,32439,0.008823113515973091
,,,46,,,,,,,,,,,,,,,,,,,,,,,,,,,,,32449,0.7842460870742798
,,,46,,,,,,,,,,,,,,,,,,,,,,,,,,,,,32459,0.3214552104473114
,,,46,,,,,,,,,,,,,,,,,,,,,,,,,,,,,32469,0.5259274840354919
,,,46,,,,,,,,,,,,,,,,,,,,,,,,,,,,,32479,0.13963373005390167
,,,46,,,,,,,,,,,,,,,,,,,,,,,,,,,,,32489,0.014388962648808956
,,,46,,,,,,,,,,,,,,,,,,,,,,,,,,,,,32499,0.014238933101296425
,,,46,,,,,,,,,,,,,,,,,,,,,,,,,,,,,32509,0.446355402469635
,,,46,,,,,,,,,,,,,,,,,,,,,,,,,,,,,32519,0.04689557105302811
,,,46,,,,,,,,,,,,,,,,,,,,,,,,,,,,,32529,0.03934956341981888
,,,46,,,,,,,,,,,,,,,,,,,,,,,,,,,,,32539,0.7144269943237305
,,,46,,,,,,,,,,,,,,,,,,,,,,,,,,,,,32549,0.07064257562160492
,,,46,,,,,,,,,,,,,,,,,,,,,,,,,,,,,32559,0.00774772185832262
,,,46,,,,,,,,,,,,,,,,,,,,,,,,,,,,,32569,0.08596423268318176
,,,46,,,,,,,,,,,,,,,,,,,,,,,,,,,,,32579,0.012156113050878048
,,,46,,,,,,,,,,,,,,,,,,,,,,,,,,,,,32589,0.5986771583557129
,,,46,,,,,,,,,,,,,,,,,,,,,,,,,,,,,32599,0.05763819441199303
,,,46,,,,,,,,,,,,,,,,,,,,,,,,,,,,,32609,0.020655978471040726
,,,46,,,,,,,,,,,,,,,,,,,,,,,,,,,,,32619,0.011268559843301773
,,,46,,,,,,,,,,,,,,,,,,,,,,,,,,,,,32629,0.17240917682647705
,,,46,,,,,,,,,,,,,,,,,,,,,,,,,,,,,32639,0.018484098836779594
,,,46,,,,,,,,,,,,,,,,,,,,,,,,,,,,,32649,0.13057245314121246
,,,46,,,,,,,,,,,,,,,,,,,,,,,,,,,,,32659,0.04030678793787956
,,,46,,,,,,,,,,,,,,,,,,,,,,,,,,,,,32669,0.1782582551240921
,,,46,,,,,,,,,,,,,,,,,,,,,,,,,,,,,32679,0.4663306772708893
,,,46,,,,,,,,,,,,,,,,,,,,,,,,,,,,,32689,0.044285815209150314
,,,46,,,,,,,,,,,,,,,,,,,,,,,,,,,,,32699,0.9624967575073242
,,,46,,,,,,,,,,,,,,,,,,,,,,,,,,,,,32709,0.3729895353317261
,,,46,,,,,,,,,,,,,,,,,,,,,,,,,,,,,32719,0.43498221039772034
,,,46,,,,,,,,,,,,,,,,,,,,,,,,,,,,,32729,0.9256057739257812
,,,46,,,,,,,,,,,,,,,,,,,,,,,,,,,,,32739,0.17047594487667084
,,,46,,,,,,,,,,,,,,,,,,,,,,,,,,,,,32749,0.3519364297389984
,,,46,,,,,,,,,,,,,,,,,,,,,,,,,,,,,32759,0.018848111853003502
,,,46,,,,,,,,,,,,,,,,,,,,,,,,,,,,,32769,0.21060025691986084
,,,46,,,,,,,,,,,,,,,,,,,,,,,,,,,,,32779,0.014355023391544819
,,,46,,,,,,,,,,,,,,,,,,,,,,,,,,,,,32789,0.010554736480116844
,,,46,,,,,,,,,,,,,,,,,,,,,,,,,,,,,32799,0.08479684591293335
,,,46,,,,,,,,,,,,,,,,,,,,,,,,,,,,,32809,1.3263518810272217
,,,46,,,,,,,,,,,,,,,,,,,,,,,,,,,,,32819,0.020421890541911125
,,,46,,,,,,,,,,,,,,,,,,,,,,,,,,,,,32829,1.240988850593567
,,,46,,,,,,,,,,,,,,,,,,,,,,,,,,,,,32839,0.0554705485701561
,,,46,,,,,,,,,,,,,,,,,,,,,,,,,,,,,32849,0.06265967339277267
,,,46,,,,,,,,,,,,,,,,,,,,,,,,,,,,,32859,0.02587062679231167
,,,46,,,,,,,,,,,,,,,,,,,,,,,,,,,,,32869,0.37683022022247314
,,,46,,,,,,,,,,,,,,,,,,,,,,,,,,,,,32879,0.11431671679019928
,,,46,,,,,,,,,,,,,,,,,,,,,,,,,,,,,32889,0.08070310205221176
,,,46,,,,,,,,,,,,,,,,,,,,,,,,,,,,,32899,0.45240870118141174
,,,46,,,,,,,,,,,,,,,,,,,,,,,,,,,,,32909,0.23310746252536774
,,,46,,,,,,,,,,,,,,,,,,,,,,,,,,,,,32919,0.018476324155926704
,,,46,,,,,,,,,,,,,,,,,,,,,,,,,,,,,32929,0.020121874287724495
,,,46,,,,,,,,,,,,,,,,,,,,,,,,,,,,,32939,0.2195190191268921
,,,,6.214832253835897e-09,3.48157683769386e-08,5.3562720579905535e-08,5.3562720579905535e-08,8.240418550754697e-08,8.240418550754697e-08,1.2677567001161072e-07,1.2677567001161072e-07,1.9503949232555496e-07,1.9503949232555496e-07,3.0006075742393067e-07,6.214832253835897e-09,3.0006075742393067e-07,4.6163193449835486e-07,4.6163193449835486e-07,7.102029761513152e-07,7.102029761513152e-07,1.0926199633097157e-06,1.0926199633097157e-06,1.0926199633097157e-06,1.0926199633097157e-06,9.561280390516763e-09,9.561280390516763e-09,1.470966213925656e-08,1.470966213925656e-08,2.2630249445010088e-08,2.2630249445010088e-08,3.48157683769386e-08,32947,
,,,47,,,,,,,,,,,,,,,,,,,,,,,,,,,,,32949,0.3686770796775818
,,,47,,,,,,,,,,,,,,,,,,,,,,,,,,,,,32959,0.020968036726117134
,,,47,,,,,,,,,,,,,,,,,,,,,,,,,,,,,32969,0.2738402187824249
,,,47,,,,,,,,,,,,,,,,,,,,,,,,,,,,,32979,0.16209611296653748
,,,47,,,,,,,,,,,,,,,,,,,,,,,,,,,,,32989,0.32536959648132324
,,,47,,,,,,,,,,,,,,,,,,,,,,,,,,,,,32999,0.006539050489664078
,,,47,,,,,,,,,,,,,,,,,,,,,,,,,,,,,33009,0.18971271812915802
,,,47,,,,,,,,,,,,,,,,,,,,,,,,,,,,,33019,0.020956896245479584
,,,47,,,,,,,,,,,,,,,,,,,,,,,,,,,,,33029,0.011424294672906399
,,,47,,,,,,,,,,,,,,,,,,,,,,,,,,,,,33039,0.019796166568994522
,,,47,,,,,,,,,,,,,,,,,,,,,,,,,,,,,33049,0.00591252651065588
,,,47,,,,,,,,,,,,,,,,,,,,,,,,,,,,,33059,0.015663474798202515
,,,47,,,,,,,,,,,,,,,,,,,,,,,,,,,,,33069,0.38370057940483093
,,,47,,,,,,,,,,,,,,,,,,,,,,,,,,,,,33079,0.9143206477165222
,,,47,,,,,,,,,,,,,,,,,,,,,,,,,,,,,33089,0.5729599595069885
,,,47,,,,,,,,,,,,,,,,,,,,,,,,,,,,,33099,0.27639761567115784
,,,47,,,,,,,,,,,,,,,,,,,,,,,,,,,,,33109,0.03701639175415039
,,,47,,,,,,,,,,,,,,,,,,,,,,,,,,,,,33119,0.1678990125656128
,,,47,,,,,,,,,,,,,,,,,,,,,,,,,,,,,33129,0.15399488806724548
,,,47,,,,,,,,,,,,,,,,,,,,,,,,,,,,,33139,0.40668895840644836
,,,47,,,,,,,,,,,,,,,,,,,,,,,,,,,,,33149,0.038682855665683746
,,,47,,,,,,,,,,,,,,,,,,,,,,,,,,,,,33159,0.6292463541030884
,,,47,,,,,,,,,,,,,,,,,,,,,,,,,,,,,33169,0.01197971124202013
,,,47,,,,,,,,,,,,,,,,,,,,,,,,,,,,,33179,0.017512496560811996
,,,47,,,,,,,,,,,,,,,,,,,,,,,,,,,,,33189,0.05735623463988304
,,,47,,,,,,,,,,,,,,,,,,,,,,,,,,,,,33199,1.586917519569397
,,,47,,,,,,,,,,,,,,,,,,,,,,,,,,,,,33209,0.008079247549176216
,,,47,,,,,,,,,,,,,,,,,,,,,,,,,,,,,33219,0.021928729489445686
,,,47,,,,,,,,,,,,,,,,,,,,,,,,,,,,,33229,0.4156814515590668
,,,47,,,,,,,,,,,,,,,,,,,,,,,,,,,,,33239,0.03483017906546593
,,,47,,,,,,,,,,,,,,,,,,,,,,,,,,,,,33249,0.011110208928585052
,,,47,,,,,,,,,,,,,,,,,,,,,,,,,,,,,33259,0.02672664448618889
,,,47,,,,,,,,,,,,,,,,,,,,,,,,,,,,,33269,0.09728309512138367
,,,47,,,,,,,,,,,,,,,,,,,,,,,,,,,,,33279,0.12552808225154877
,,,47,,,,,,,,,,,,,,,,,,,,,,,,,,,,,33289,0.029386593028903008
,,,47,,,,,,,,,,,,,,,,,,,,,,,,,,,,,33299,0.0490122027695179
,,,47,,,,,,,,,,,,,,,,,,,,,,,,,,,,,33309,1.2291570901870728
,,,47,,,,,,,,,,,,,,,,,,,,,,,,,,,,,33319,0.014864806085824966
,,,47,,,,,,,,,,,,,,,,,,,,,,,,,,,,,33329,0.11075699329376221
,,,47,,,,,,,,,,,,,,,,,,,,,,,,,,,,,33339,0.007565864361822605
,,,47,,,,,,,,,,,,,,,,,,,,,,,,,,,,,33349,0.5221667885780334
,,,47,,,,,,,,,,,,,,,,,,,,,,,,,,,,,33359,0.07498957216739655
,,,47,,,,,,,,,,,,,,,,,,,,,,,,,,,,,33369,0.5851452946662903
,,,47,,,,,,,,,,,,,,,,,,,,,,,,,,,,,33379,0.013845730572938919
,,,47,,,,,,,,,,,,,,,,,,,,,,,,,,,,,33389,0.5770770311355591
,,,47,,,,,,,,,,,,,,,,,,,,,,,,,,,,,33399,0.04172831401228905
,,,47,,,,,,,,,,,,,,,,,,,,,,,,,,,,,33409,0.496985524892807
,,,47,,,,,,,,,,,,,,,,,,,,,,,,,,,,,33419,0.03215640038251877
,,,47,,,,,,,,,,,,,,,,,,,,,,,,,,,,,33429,0.08444363623857498
,,,47,,,,,,,,,,,,,,,,,,,,,,,,,,,,,33439,0.3165721893310547
,,,47,,,,,,,,,,,,,,,,,,,,,,,,,,,,,33449,0.7724920511245728
,,,47,,,,,,,,,,,,,,,,,,,,,,,,,,,,,33459,0.054662011563777924
,,,47,,,,,,,,,,,,,,,,,,,,,,,,,,,,,33469,1.3846375942230225
,,,47,,,,,,,,,,,,,,,,,,,,,,,,,,,,,33479,0.33281654119491577
,,,47,,,,,,,,,,,,,,,,,,,,,,,,,,,,,33489,0.011168149299919605
,,,47,,,,,,,,,,,,,,,,,,,,,,,,,,,,,33499,0.03290344029664993
,,,47,,,,,,,,,,,,,,,,,,,,,,,,,,,,,33509,0.11026255786418915
,,,47,,,,,,,,,,,,,,,,,,,,,,,,,,,,,33519,0.06800222396850586
,,,47,,,,,,,,,,,,,,,,,,,,,,,,,,,,,33529,0.3815835416316986
,,,47,,,,,,,,,,,,,,,,,,,,,,,,,,,,,33539,0.08035655319690704
,,,47,,,,,,,,,,,,,,,,,,,,,,,,,,,,,33549,0.9773634076118469
,,,47,,,,,,,,,,,,,,,,,,,,,,,,,,,,,33559,0.01839376986026764
,,,47,,,,,,,,,,,,,,,,,,,,,,,,,,,,,33569,0.005269233137369156
,,,47,,,,,,,,,,,,,,,,,,,,,,,,,,,,,33579,0.03566032275557518
,,,47,,,,,,,,,,,,,,,,,,,,,,,,,,,,,33589,0.17292705178260803
,,,47,,,,,,,,,,,,,,,,,,,,,,,,,,,,,33599,0.028929784893989563
,,,47,,,,,,,,,,,,,,,,,,,,,,,,,,,,,33609,0.18548449873924255
,,,47,,,,,,,,,,,,,,,,,,,,,,,,,,,,,33619,0.25141575932502747
,,,47,,,,,,,,,,,,,,,,,,,,,,,,,,,,,33629,0.08262093365192413
,,,47,,,,,,,,,,,,,,,,,,,,,,,,,,,,,33639,0.7028339505195618
,,,,2.7677656599734797e-09,1.550514707453369e-08,2.385407242235952e-08,2.385407242235952e-08,3.669857295747618e-08,3.669857295747618e-08,5.645934301150182e-08,5.645934301150182e-08,8.68605277100028e-08,8.68605277100028e-08,1.3363158109231198e-07,2.7677656599734797e-09,1.3363158109231198e-07,2.0558704783432611e-07,2.0558704783432611e-07,3.162877658989633e-07,3.162877658989633e-07,4.865965629214819e-07,4.865965629214819e-07,4.865965629214819e-07,4.865965629214819e-07,4.258101015343814e-09,4.258101015343814e-09,6.550924638990484e-09,6.550924638990484e-09,1.0078345598446898e-08,1.0078345598446898e-08,1.550514707453369e-08,33648,
,,,48,,,,,,,,,,,,,,,,,,,,,,,,,,,,,33649,0.44467535614967346
,,,48,,,,,,,,,,,,,,,,,,,,,,,,,,,,,33659,0.03744403272867203
,,,48,,,,,,,,,,,,,,,,,,,,,,,,,,,,,33669,0.051283854991197586
,,,48,,,,,,,,,,,,,,,,,,,,,,,,,,,,,33679,0.968104898929596
,,,48,,,,,,,,,,,,,,,,,,,,,,,,,,,,,33689,0.7791005373001099
,,,48,,,,,,,,,,,,,,,,,,,,,,,,,,,,,33699,0.7424806952476501
,,,48,,,,,,,,,,,,,,,,,,,,,,,,,,,,,33709,0.48472437262535095
,,,48,,,,,,,,,,,,,,,,,,,,,,,,,,,,,33719,0.02218770794570446
,,,48,,,,,,,,,,,,,,,,,,,,,,,,,,,,,33729,0.2560829222202301
,,,48,,,,,,,,,,,,,,,,,,,,,,,,,,,,,33739,0.009362902492284775
,,,48,,,,,,,,,,,,,,,,,,,,,,,,,,,,,33749,1.5393894910812378
,,,48,,,,,,,,,,,,,,,,,,,,,,,,,,,,,33759,0.028627999126911163
,,,48,,,,,,,,,,,,,,,,,,,,,,,,,,,,,33769,0.061628326773643494
,,,48,,,,,,,,,,,,,,,,,,,,,,,,,,,,,33779,0.5142046809196472
,,,48,,,,,,,,,,,,,,,,,,,,,,,,,,,,,33789,0.2562751770019531
,,,48,,,,,,,,,,,,,,,,,,,,,,,,,,,,,33799,0.4131397306919098
,,,48,,,,,,,,,,,,,,,,,,,,,,,,,,,,,33809,0.008877838961780071
,,,48,,,,,,,,,,,,,,,,,,,,,,,,,,,,,33819,0.20203615725040436
,,,48,,,,,,,,,,,,,,,,,,,,,,,,,,,,,33829,0.04723862558603287
,,,48,,,,,,,,,,,,,,,,,,,,,,,,,,,,,33839,0.6581160426139832
,,,48,,,,,,,,,,,,,,,,,,,,,,,,,,,,,33849,0.24238240718841553
,,,48,,,,,,,,,,,,,,,,,,,,,,,,,,,,,33859,0.09073276072740555
,,,48,,,,,,,,,,,,,,,,,,,,,,,,,,,,,33869,0.024242941290140152
,,,48,,,,,,,,,,,,,,,,,,,,,,,,,,,,,33879,0.4214286804199219
,,,48,,,,,,,,,,,,,,,,,,,,,,,,,,,,,33889,0.5099688768386841
,,,48,,,,,,,,,,,,,,,,,,,,,,,,,,,,,33899,0.22358830273151398
,,,48,,,,,,,,,,,,,,,,,,,,,,,,,,,,,33909,0.012179017998278141
,,,48,,,,,,,,,,,,,,,,,,,,,,,,,,,,,33919,0.13509567081928253
,,,48,,,,,,,,,,,,,,,,,,,,,,,,,,,,,33929,0.005154729355126619
,,,48,,,,,,,,,,,,,,,,,,,,,,,,,,,,,33939,0.9555352926254272
,,,48,,,,,,,,,,,,,,,,,,,,,,,,,,,,,33949,0.29588231444358826
,,,48,,,,,,,,,,,,,,,,,,,,,,,,,,,,,33959,0.08281286805868149
,,,48,,,,,,,,,,,,,,,,,,,,,,,,,,,,,33969,0.02532048337161541
,,,48,,,,,,,,,,,,,,,,,,,,,,,,,,,,,33979,0.19073498249053955
,,,48,,,,,,,,,,,,,,,,,,,,,,,,,,,,,33989,0.009300113655626774
,,,48,,,,,,,,,,,,,,,,,,,,,,,,,,,,,33999,0.16191904246807098
,,,48,,,,,,,,,,,,,,,,,,,,,,,,,,,,,34009,0.30189207196235657
,,,48,,,,,,,,,,,,,,,,,,,,,,,,,,,,,34019,0.013193848542869091
,,,48,,,,,,,,,,,,,,,,,,,,,,,,,,,,,34029,0.17373350262641907
,,,48,,,,,,,,,,,,,,,,,,,,,,,,,,,,,34039,0.09017328917980194
,,,48,,,,,,,,,,,,,,,,,,,,,,,,,,,,,34049,0.017107833176851273
,,,48,,,,,,,,,,,,,,,,,,,,,,,,,,,,,34059,0.11722666025161743
,,,48,,,,,,,,,,,,,,,,,,,,,,,,,,,,,34069,0.01158209703862667
,,,48,,,,,,,,,,,,,,,,,,,,,,,,,,,,,34079,0.057077910751104355
,,,48,,,,,,,,,,,,,,,,,,,,,,,,,,,,,34089,0.005019368603825569
,,,48,,,,,,,,,,,,,,,,,,,,,,,,,,,,,34099,0.7499245405197144
,,,48,,,,,,,,,,,,,,,,,,,,,,,,,,,,,34109,0.09227648377418518
,,,48,,,,,,,,,,,,,,,,,,,,,,,,,,,,,34119,0.012296672910451889
,,,48,,,,,,,,,,,,,,,,,,,,,,,,,,,,,34129,0.2667061984539032
,,,48,,,,,,,,,,,,,,,,,,,,,,,,,,,,,34139,0.013953165151178837
,,,48,,,,,,,,,,,,,,,,,,,,,,,,,,,,,34149,0.023698512464761734
,,,48,,,,,,,,,,,,,,,,,,,,,,,,,,,,,34159,1.6039175987243652
,,,48,,,,,,,,,,,,,,,,,,,,,,,,,,,,,34169,0.008306805044412613
,,,48,,,,,,,,,,,,,,,,,,,,,,,,,,,,,34179,0.028280679136514664
,,,48,,,,,,,,,,,,,,,,,,,,,,,,,,,,,34189,0.054750457406044006
,,,48,,,,,,,,,,,,,,,,,,,,,,,,,,,,,34199,1.1230127811431885
,,,48,,,,,,,,,,,,,,,,,,,,,,,,,,,,,34209,0.010675561614334583
,,,48,,,,,,,,,,,,,,,,,,,,,,,,,,,,,34219,0.05601642653346062
,,,48,,,,,,,,,,,,,,,,,,,,,,,,,,,,,34229,0.029514512047171593
,,,48,,,,,,,,,,,,,,,,,,,,,,,,,,,,,34239,0.014350072480738163
,,,48,,,,,,,,,,,,,,,,,,,,,,,,,,,,,34249,0.01148545928299427
,,,48,,,,,,,,,,,,,,,,,,,,,,,,,,,,,34259,0.0708174780011177
,,,48,,,,,,,,,,,,,,,,,,,,,,,,,,,,,34269,0.06443122029304504
,,,48,,,,,,,,,,,,,,,,,,,,,,,,,,,,,34279,0.026822969317436218
,,,48,,,,,,,,,,,,,,,,,,,,,,,,,,,,,34289,0.12149488180875778
,,,48,,,,,,,,,,,,,,,,,,,,,,,,,,,,,34299,0.6649660468101501
,,,48,,,,,,,,,,,,,,,,,,,,,,,,,,,,,34309,0.030894089490175247
,,,48,,,,,,,,,,,,,,,,,,,,,,,,,,,,,34319,0.004551767837256193
,,,48,,,,,,,,,,,,,,,,,,,,,,,,,,,,,34329,0.12052855640649796
,,,48,,,,,,,,,,,,,,,,,,,,,,,,,,,,,34339,0.0035488768480718136
,,,,6.927852099694989e-10,3.881013745846427e-09,5.970790378225272e-09,5.970790378225272e-09,9.185831351115802e-09,9.185831351115802e-09,1.413204823248585e-08,1.413204823248585e-08,2.1741612665362845e-08,2.1741612665362845e-08,3.344863486978899e-08,6.927852099694989e-10,3.344863486978899e-08,5.145943826121383e-08,5.145943826121383e-08,7.916836655571358e-08,7.916836655571358e-08,1.2179748700879012e-07,1.2179748700879012e-07,1.2179748700879012e-07,1.2179748700879012e-07,1.065823399953075e-09,1.065823399953075e-09,1.6397283076201156e-09,1.6397283076201156e-09,2.5226589348001775e-09,2.5226589348001775e-09,3.881013745846427e-09,34349,
,,,49,,,,,,,,,,,,,,,,,,,,,,,,,,,,,34349,0.0072550103068351746
,,,49,,,,,,,,,,,,,,,,,,,,,,,,,,,,,34359,0.012824827805161476
,,,49,,,,,,,,,,,,,,,,,,,,,,,,,,,,,34369,0.5945653915405273
,,,49,,,,,,,,,,,,,,,,,,,,,,,,,,,,,34379,0.18045219779014587
,,,49,,,,,,,,,,,,,,,,,,,,,,,,,,,,,34389,0.5907067656517029
,,,49,,,,,,,,,,,,,,,,,,,,,,,,,,,,,34399,0.02252054400742054
,,,49,,,,,,,,,,,,,,,,,,,,,,,,,,,,,34409,0.0779147669672966
,,,49,,,,,,,,,,,,,,,,,,,,,,,,,,,,,34419,1.751251220703125
,,,49,,,,,,,,,,,,,,,,,,,,,,,,,,,,,34429,0.5100874900817871
,,,49,,,,,,,,,,,,,,,,,,,,,,,,,,,,,34439,0.677302360534668
,,,49,,,,,,,,,,,,,,,,,,,,,,,,,,,,,34449,0.27955809235572815
,,,49,,,,,,,,,,,,,,,,,,,,,,,,,,,,,34459,0.012872443534433842
,,,49,,,,,,,,,,,,,,,,,,,,,,,,,,,,,34469,0.005755492020398378
,,,49,,,,,,,,,,,,,,,,,,,,,,,,,,,,,34479,0.7200506329536438
,,,49,,,,,,,,,,,,,,,,,,,,,,,,,,,,,34489,0.019857902079820633
,,,49,,,,,,,,,,,,,,,,,,,,,,,,,,,,,34499,0.33805155754089355
,,,49,,,,,,,,,,,,,,,,,,,,,,,,,,,,,34509,0.01605098694562912
,,,49,,,,,,,,,,,,,,,,,,,,,,,,,,,,,34519,0.20115049183368683
,,,49,,,,,,,,,,,,,,,,,,,,,,,,,,,,,34529,0.4011971652507782
,,,49,,,,,,,,,,,,,,,,,,,,,,,,,,,,,34539,0.07455068081617355
,,,49,,,,,,,,,,,,,,,,,,,,,,,,,,,,,34549,0.01777247153222561
,,,49,,,,,,,,,,,,,,,,,,,,,,,,,,,,,34559,0.014018474146723747
,,,49,,,,,,,,,,,,,,,,,,,,,,,,,,,,,34569,0.24857835471630096
,,,49,,,,,,,,,,,,,,,,,,,,,,,,,,,,,34579,0.14793574810028076
,,,49,,,,,,,,,,,,,,,,,,,,,,,,,,,,,34589,0.008547013625502586
,,,49,,,,,,,,,,,,,,,,,,,,,,,,,,,,,34599,0.019510367885231972
,,,49,,,,,,,,,,,,,,,,,,,,,,,,,,,,,34609,0.01505972072482109
,,,49,,,,,,,,,,,,,,,,,,,,,,,,,,,,,34619,0.11904957890510559
,,,49,,,,,,,,,,,,,,,,,,,,,,,,,,,,,34629,0.2073488086462021
,,,49,,,,,,,,,,,,,,,,,,,,,,,,,,,,,34639,0.30733156204223633
,,,49,,,,,,,,,,,,,,,,,,,,,,,,,,,,,34649,0.7091693878173828
,,,49,,,,,,,,,,,,,,,,,,,,,,,,,,,,,34659,0.06773549318313599
,,,49,,,,,,,,,,,,,,,,,,,,,,,,,,,,,34669,0.011169131845235825
,,,49,,,,,,,,,,,,,,,,,,,,,,,,,,,,,34679,0.012737425044178963
,,,49,,,,,,,,,,,,,,,,,,,,,,,,,,,,,34689,0.21520651876926422
,,,49,,,,,,,,,,,,,,,,,,,,,,,,,,,,,34699,0.11589731276035309
,,,49,,,,,,,,,,,,,,,,,,,,,,,,,,,,,34709,0.06261713057756424
,,,49,,,,,,,,,,,,,,,,,,,,,,,,,,,,,34719,0.4069853723049164
,,,49,,,,,,,,,,,,,,,,,,,,,,,,,,,,,34729,0.30224841833114624
,,,49,,,,,,,,,,,,,,,,,,,,,,,,,,,,,34739,0.007223998196423054
,,,49,,,,,,,,,,,,,,,,,,,,,,,,,,,,,34749,0.4910274147987366
,,,49,,,,,,,,,,,,,,,,,,,,,,,,,,,,,34759,0.011617539450526237
,,,49,,,,,,,,,,,,,,,,,,,,,,,,,,,,,34769,0.44803959131240845
,,,49,,,,,,,,,,,,,,,,,,,,,,,,,,,,,34779,0.37305429577827454
,,,49,,,,,,,,,,,,,,,,,,,,,,,,,,,,,34789,0.31616130471229553
,,,49,,,,,,,,,,,,,,,,,,,,,,,,,,,,,34799,0.04044162854552269
,,,49,,,,,,,,,,,,,,,,,,,,,,,,,,,,,34809,0.4892616271972656
,,,49,,,,,,,,,,,,,,,,,,,,,,,,,,,,,34819,0.01393892988562584
,,,49,,,,,,,,,,,,,,,,,,,,,,,,,,,,,34829,1.240764856338501
,,,49,,,,,,,,,,,,,,,,,,,,,,,,,,,,,34839,0.17622025310993195
,,,49,,,,,,,,,,,,,,,,,,,,,,,,,,,,,34849,0.18253467977046967
,,,49,,,,,,,,,,,,,,,,,,,,,,,,,,,,,34859,0.19894535839557648
,,,49,,,,,,,,,,,,,,,,,,,,,,,,,,,,,34869,0.11050469428300858
,,,49,,,,,,,,,,,,,,,,,,,,,,,,,,,,,34879,0.4415540397167206
,,,49,,,,,,,,,,,,,,,,,,,,,,,,,,,,,34889,0.13670116662979126
,,,49,,,,,,,,,,,,,,,,,,,,,,,,,,,,,34899,0.033909693360328674
,,,49,,,,,,,,,,,,,,,,,,,,,,,,,,,,,34909,0.005561400204896927
,,,49,,,,,,,,,,,,,,,,,,,,,,,,,,,,,34919,0.19513171911239624
,,,49,,,,,,,,,,,,,,,,,,,,,,,,,,,,,34929,1.359919786453247
,,,49,,,,,,,,,,,,,,,,,,,,,,,,,,,,,34939,0.22306382656097412
,,,49,,,,,,,,,,,,,,,,,,,,,,,,,,,,,34949,0.5115371942520142
,,,49,,,,,,,,,,,,,,,,,,,,,,,,,,,,,34959,0.025646882131695747
,,,49,,,,,,,,,,,,,,,,,,,,,,,,,,,,,34969,0.021542610600590706
,,,49,,,,,,,,,,,,,,,,,,,,,,,,,,,,,34979,0.21210703253746033
,,,49,,,,,,,,,,,,,,,,,,,,,,,,,,,,,34989,0.004009590949863195
,,,49,,,,,,,,,,,,,,,,,,,,,,,,,,,,,34999,0.15596693754196167
,,,49,,,,,,,,,,,,,,,,,,,,,,,,,,,,,35009,0.011692197062075138
,,,49,,,,,,,,,,,,,,,,,,,,,,,,,,,,,35019,0.03771929070353508
,,,49,,,,,,,,,,,,,,,,,,,,,,,,,,,,,35029,0.029553737491369247
,,,49,,,,,,,,,,,,,,,,,,,,,,,,,,,,,35039,0.9425677061080933
,,,49,,,,,,,,,,,,,,,,,,,,,,,,,,,,,35049,0.016955731436610222
0.7947761416435242,0.7675675749778748,0.8239845037460327,49,,,,,,,,,,,,,,,,,,,,,,,,,,,,,35049,
