dev_f1,dev_precision,dev_recall,epoch,lr-AdamW/pg1,lr-AdamW/pg10,lr-AdamW/pg11,lr-AdamW/pg12,lr-AdamW/pg13,lr-AdamW/pg14,lr-AdamW/pg15,lr-AdamW/pg16,lr-AdamW/pg17,lr-AdamW/pg18,lr-AdamW/pg19,lr-AdamW/pg2,lr-AdamW/pg20,lr-AdamW/pg21,lr-AdamW/pg22,lr-AdamW/pg23,lr-AdamW/pg24,lr-AdamW/pg25,lr-AdamW/pg26,lr-AdamW/pg27,lr-AdamW/pg28,lr-AdamW/pg3,lr-AdamW/pg4,lr-AdamW/pg5,lr-AdamW/pg6,lr-AdamW/pg7,lr-AdamW/pg8,lr-AdamW/pg9,step,train_loss
,,,,1.1376018126211432e-07,6.372896257812503e-07,9.804455781250004e-07,9.804455781250004e-07,1.5083778125000004e-06,1.5083778125000004e-06,2.3205812500000007e-06,2.3205812500000007e-06,3.570125000000001e-06,3.570125000000001e-06,5.492500000000001e-06,1.1376018126211432e-07,5.492500000000001e-06,8.45e-06,8.45e-06,1.3000000000000003e-05,1.3000000000000003e-05,2e-05,2e-05,2e-05,2e-05,1.7501566348017586e-07,1.7501566348017586e-07,2.6925486689257825e-07,2.6925486689257825e-07,4.142382567578127e-07,4.142382567578127e-07,6.372896257812503e-07,0,
,,,0,,,,,,,,,,,,,,,,,,,,,,,,,,,,,9,95.36582946777344
,,,0,,,,,,,,,,,,,,,,,,,,,,,,,,,,,19,4.19045877456665
,,,0,,,,,,,,,,,,,,,,,,,,,,,,,,,,,29,2.645928382873535
,,,0,,,,,,,,,,,,,,,,,,,,,,,,,,,,,39,2.025531530380249
,,,0,,,,,,,,,,,,,,,,,,,,,,,,,,,,,49,1.4586989879608154
,,,0,,,,,,,,,,,,,,,,,,,,,,,,,,,,,59,1.1754496097564697
,,,0,,,,,,,,,,,,,,,,,,,,,,,,,,,,,69,0.7360162734985352
,,,0,,,,,,,,,,,,,,,,,,,,,,,,,,,,,79,1.0436586141586304
,,,0,,,,,,,,,,,,,,,,,,,,,,,,,,,,,89,0.9193792939186096
,,,0,,,,,,,,,,,,,,,,,,,,,,,,,,,,,99,1.2668163776397705
,,,0,,,,,,,,,,,,,,,,,,,,,,,,,,,,,109,0.809734582901001
,,,0,,,,,,,,,,,,,,,,,,,,,,,,,,,,,119,0.6811336278915405
,,,0,,,,,,,,,,,,,,,,,,,,,,,,,,,,,129,0.4545794725418091
,,,0,,,,,,,,,,,,,,,,,,,,,,,,,,,,,139,0.3202710449695587
,,,0,,,,,,,,,,,,,,,,,,,,,,,,,,,,,149,0.6283372044563293
,,,0,,,,,,,,,,,,,,,,,,,,,,,,,,,,,159,0.5864543318748474
,,,0,,,,,,,,,,,,,,,,,,,,,,,,,,,,,169,0.3339237570762634
,,,0,,,,,,,,,,,,,,,,,,,,,,,,,,,,,179,0.9365147352218628
,,,0,,,,,,,,,,,,,,,,,,,,,,,,,,,,,189,0.5327832698822021
,,,0,,,,,,,,,,,,,,,,,,,,,,,,,,,,,199,0.6394170522689819
,,,0,,,,,,,,,,,,,,,,,,,,,,,,,,,,,209,1.017594575881958
,,,0,,,,,,,,,,,,,,,,,,,,,,,,,,,,,219,0.2786612808704376
,,,0,,,,,,,,,,,,,,,,,,,,,,,,,,,,,229,1.8448381423950195
,,,0,,,,,,,,,,,,,,,,,,,,,,,,,,,,,239,0.31156453490257263
,,,0,,,,,,,,,,,,,,,,,,,,,,,,,,,,,249,0.34689366817474365
,,,0,,,,,,,,,,,,,,,,,,,,,,,,,,,,,259,0.16705821454524994
,,,0,,,,,,,,,,,,,,,,,,,,,,,,,,,,,269,0.208485409617424
,,,0,,,,,,,,,,,,,,,,,,,,,,,,,,,,,279,0.5371465086936951
,,,0,,,,,,,,,,,,,,,,,,,,,,,,,,,,,289,0.34779495000839233
,,,0,,,,,,,,,,,,,,,,,,,,,,,,,,,,,299,0.20549321174621582
,,,0,,,,,,,,,,,,,,,,,,,,,,,,,,,,,309,0.546117901802063
,,,0,,,,,,,,,,,,,,,,,,,,,,,,,,,,,319,0.4400313198566437
,,,0,,,,,,,,,,,,,,,,,,,,,,,,,,,,,329,0.7674421668052673
,,,0,,,,,,,,,,,,,,,,,,,,,,,,,,,,,339,0.20629644393920898
,,,0,,,,,,,,,,,,,,,,,,,,,,,,,,,,,349,0.3029967248439789
,,,0,,,,,,,,,,,,,,,,,,,,,,,,,,,,,359,0.4699077010154724
,,,0,,,,,,,,,,,,,,,,,,,,,,,,,,,,,369,0.32072803378105164
,,,0,,,,,,,,,,,,,,,,,,,,,,,,,,,,,379,0.4149385392665863
,,,0,,,,,,,,,,,,,,,,,,,,,,,,,,,,,389,0.8498777151107788
,,,0,,,,,,,,,,,,,,,,,,,,,,,,,,,,,399,0.41621893644332886
,,,0,,,,,,,,,,,,,,,,,,,,,,,,,,,,,409,0.5567922592163086
,,,0,,,,,,,,,,,,,,,,,,,,,,,,,,,,,419,0.3520646095275879
,,,0,,,,,,,,,,,,,,,,,,,,,,,,,,,,,429,0.42337659001350403
,,,0,,,,,,,,,,,,,,,,,,,,,,,,,,,,,439,0.14564311504364014
,,,0,,,,,,,,,,,,,,,,,,,,,,,,,,,,,449,1.0081150531768799
,,,0,,,,,,,,,,,,,,,,,,,,,,,,,,,,,459,0.36246296763420105
,,,0,,,,,,,,,,,,,,,,,,,,,,,,,,,,,469,0.14652852714061737
,,,0,,,,,,,,,,,,,,,,,,,,,,,,,,,,,479,0.9444147348403931
,,,0,,,,,,,,,,,,,,,,,,,,,,,,,,,,,489,0.44649434089660645
,,,0,,,,,,,,,,,,,,,,,,,,,,,,,,,,,499,0.7422817349433899
,,,0,,,,,,,,,,,,,,,,,,,,,,,,,,,,,509,0.24006086587905884
,,,0,,,,,,,,,,,,,,,,,,,,,,,,,,,,,519,1.1870944499969482
,,,0,,,,,,,,,,,,,,,,,,,,,,,,,,,,,529,0.17313486337661743
,,,0,,,,,,,,,,,,,,,,,,,,,,,,,,,,,539,0.12423218041658401
,,,0,,,,,,,,,,,,,,,,,,,,,,,,,,,,,549,0.3487192392349243
,,,0,,,,,,,,,,,,,,,,,,,,,,,,,,,,,559,0.07588522136211395
,,,0,,,,,,,,,,,,,,,,,,,,,,,,,,,,,569,0.2959936559200287
,,,0,,,,,,,,,,,,,,,,,,,,,,,,,,,,,579,1.0287362337112427
,,,0,,,,,,,,,,,,,,,,,,,,,,,,,,,,,589,1.0354427099227905
,,,0,,,,,,,,,,,,,,,,,,,,,,,,,,,,,599,0.44035595655441284
,,,0,,,,,,,,,,,,,,,,,,,,,,,,,,,,,609,0.07964495569467545
,,,0,,,,,,,,,,,,,,,,,,,,,,,,,,,,,619,0.09085647016763687
,,,0,,,,,,,,,,,,,,,,,,,,,,,,,,,,,629,0.06895607709884644
,,,0,,,,,,,,,,,,,,,,,,,,,,,,,,,,,639,0.1666959524154663
,,,0,,,,,,,,,,,,,,,,,,,,,,,,,,,,,649,0.38408806920051575
,,,0,,,,,,,,,,,,,,,,,,,,,,,,,,,,,659,1.4055336713790894
,,,0,,,,,,,,,,,,,,,,,,,,,,,,,,,,,669,0.4543623626232147
,,,0,,,,,,,,,,,,,,,,,,,,,,,,,,,,,679,0.2606348395347595
,,,0,,,,,,,,,,,,,,,,,,,,,,,,,,,,,689,0.2261233925819397
,,,0,,,,,,,,,,,,,,,,,,,,,,,,,,,,,699,0.32227233052253723
,,,,2.2752036252422864e-07,1.2745792515625007e-06,1.9608911562500008e-06,1.9608911562500008e-06,3.0167556250000008e-06,3.0167556250000008e-06,4.641162500000001e-06,4.641162500000001e-06,7.140250000000002e-06,7.140250000000002e-06,1.0985000000000002e-05,2.2752036252422864e-07,1.0985000000000002e-05,1.69e-05,1.69e-05,2.6000000000000005e-05,2.6000000000000005e-05,4e-05,4e-05,4e-05,4e-05,3.500313269603517e-07,3.500313269603517e-07,5.385097337851565e-07,5.385097337851565e-07,8.284765135156254e-07,8.284765135156254e-07,1.2745792515625007e-06,701,
,,,1,,,,,,,,,,,,,,,,,,,,,,,,,,,,,709,0.1433788239955902
,,,1,,,,,,,,,,,,,,,,,,,,,,,,,,,,,719,0.3588738441467285
,,,1,,,,,,,,,,,,,,,,,,,,,,,,,,,,,729,0.3779996931552887
,,,1,,,,,,,,,,,,,,,,,,,,,,,,,,,,,739,1.042004942893982
,,,1,,,,,,,,,,,,,,,,,,,,,,,,,,,,,749,0.10982992500066757
,,,1,,,,,,,,,,,,,,,,,,,,,,,,,,,,,759,0.25223514437675476
,,,1,,,,,,,,,,,,,,,,,,,,,,,,,,,,,769,1.3311882019042969
,,,1,,,,,,,,,,,,,,,,,,,,,,,,,,,,,779,0.3206028938293457
,,,1,,,,,,,,,,,,,,,,,,,,,,,,,,,,,789,0.8854882717132568
,,,1,,,,,,,,,,,,,,,,,,,,,,,,,,,,,799,0.14032815396785736
,,,1,,,,,,,,,,,,,,,,,,,,,,,,,,,,,809,0.9525113105773926
,,,1,,,,,,,,,,,,,,,,,,,,,,,,,,,,,819,0.20028981566429138
,,,1,,,,,,,,,,,,,,,,,,,,,,,,,,,,,829,0.2760438621044159
,,,1,,,,,,,,,,,,,,,,,,,,,,,,,,,,,839,0.789242684841156
,,,1,,,,,,,,,,,,,,,,,,,,,,,,,,,,,849,0.22777998447418213
,,,1,,,,,,,,,,,,,,,,,,,,,,,,,,,,,859,0.19847828149795532
,,,1,,,,,,,,,,,,,,,,,,,,,,,,,,,,,869,1.2471619844436646
,,,1,,,,,,,,,,,,,,,,,,,,,,,,,,,,,879,1.2949228286743164
,,,1,,,,,,,,,,,,,,,,,,,,,,,,,,,,,889,0.610973596572876
,,,1,,,,,,,,,,,,,,,,,,,,,,,,,,,,,899,0.32158976793289185
,,,1,,,,,,,,,,,,,,,,,,,,,,,,,,,,,909,0.8565654754638672
,,,1,,,,,,,,,,,,,,,,,,,,,,,,,,,,,919,0.24309521913528442
,,,1,,,,,,,,,,,,,,,,,,,,,,,,,,,,,929,0.20170842111110687
,,,1,,,,,,,,,,,,,,,,,,,,,,,,,,,,,939,0.6324478983879089
,,,1,,,,,,,,,,,,,,,,,,,,,,,,,,,,,949,0.29700762033462524
,,,1,,,,,,,,,,,,,,,,,,,,,,,,,,,,,959,0.06725988537073135
,,,1,,,,,,,,,,,,,,,,,,,,,,,,,,,,,969,0.2379893958568573
,,,1,,,,,,,,,,,,,,,,,,,,,,,,,,,,,979,0.12708689272403717
,,,1,,,,,,,,,,,,,,,,,,,,,,,,,,,,,989,0.5376302003860474
,,,1,,,,,,,,,,,,,,,,,,,,,,,,,,,,,999,0.3002258837223053
,,,1,,,,,,,,,,,,,,,,,,,,,,,,,,,,,1009,0.08320728689432144
,,,1,,,,,,,,,,,,,,,,,,,,,,,,,,,,,1019,0.7461488842964172
,,,1,,,,,,,,,,,,,,,,,,,,,,,,,,,,,1029,0.22613675892353058
,,,1,,,,,,,,,,,,,,,,,,,,,,,,,,,,,1039,0.16831012070178986
,,,1,,,,,,,,,,,,,,,,,,,,,,,,,,,,,1049,0.054718729108572006
,,,1,,,,,,,,,,,,,,,,,,,,,,,,,,,,,1059,0.13384336233139038
,,,1,,,,,,,,,,,,,,,,,,,,,,,,,,,,,1069,0.05913843587040901
,,,1,,,,,,,,,,,,,,,,,,,,,,,,,,,,,1079,0.09206119179725647
,,,1,,,,,,,,,,,,,,,,,,,,,,,,,,,,,1089,0.04439673572778702
,,,1,,,,,,,,,,,,,,,,,,,,,,,,,,,,,1099,0.5703967213630676
,,,1,,,,,,,,,,,,,,,,,,,,,,,,,,,,,1109,0.4032303988933563
,,,1,,,,,,,,,,,,,,,,,,,,,,,,,,,,,1119,0.4585980772972107
,,,1,,,,,,,,,,,,,,,,,,,,,,,,,,,,,1129,0.08859774470329285
,,,1,,,,,,,,,,,,,,,,,,,,,,,,,,,,,1139,0.25010108947753906
,,,1,,,,,,,,,,,,,,,,,,,,,,,,,,,,,1149,0.1310359388589859
,,,1,,,,,,,,,,,,,,,,,,,,,,,,,,,,,1159,0.08477135747671127
,,,1,,,,,,,,,,,,,,,,,,,,,,,,,,,,,1169,0.041979338973760605
,,,1,,,,,,,,,,,,,,,,,,,,,,,,,,,,,1179,0.22914592921733856
,,,1,,,,,,,,,,,,,,,,,,,,,,,,,,,,,1189,0.029965411871671677
,,,1,,,,,,,,,,,,,,,,,,,,,,,,,,,,,1199,0.23916050791740417
,,,1,,,,,,,,,,,,,,,,,,,,,,,,,,,,,1209,0.3360306918621063
,,,1,,,,,,,,,,,,,,,,,,,,,,,,,,,,,1219,0.13159745931625366
,,,1,,,,,,,,,,,,,,,,,,,,,,,,,,,,,1229,0.46880194544792175
,,,1,,,,,,,,,,,,,,,,,,,,,,,,,,,,,1239,0.736096978187561
,,,1,,,,,,,,,,,,,,,,,,,,,,,,,,,,,1249,0.46000272035598755
,,,1,,,,,,,,,,,,,,,,,,,,,,,,,,,,,1259,0.10323759913444519
,,,1,,,,,,,,,,,,,,,,,,,,,,,,,,,,,1269,0.09344080835580826
,,,1,,,,,,,,,,,,,,,,,,,,,,,,,,,,,1279,0.2637024521827698
,,,1,,,,,,,,,,,,,,,,,,,,,,,,,,,,,1289,0.8338249325752258
,,,1,,,,,,,,,,,,,,,,,,,,,,,,,,,,,1299,0.03961041197180748
,,,1,,,,,,,,,,,,,,,,,,,,,,,,,,,,,1309,0.15143010020256042
,,,1,,,,,,,,,,,,,,,,,,,,,,,,,,,,,1319,0.22811266779899597
,,,1,,,,,,,,,,,,,,,,,,,,,,,,,,,,,1329,0.2031531035900116
,,,1,,,,,,,,,,,,,,,,,,,,,,,,,,,,,1339,0.04627590999007225
,,,1,,,,,,,,,,,,,,,,,,,,,,,,,,,,,1349,0.4079497158527374
,,,1,,,,,,,,,,,,,,,,,,,,,,,,,,,,,1359,0.13415081799030304
,,,1,,,,,,,,,,,,,,,,,,,,,,,,,,,,,1369,0.20489563047885895
,,,1,,,,,,,,,,,,,,,,,,,,,,,,,,,,,1379,0.05420271307229996
,,,1,,,,,,,,,,,,,,,,,,,,,,,,,,,,,1389,0.1741817742586136
,,,1,,,,,,,,,,,,,,,,,,,,,,,,,,,,,1399,0.06343930214643478
,,,,3.4128054378634294e-07,1.911868877343751e-06,2.9413367343750007e-06,2.9413367343750007e-06,4.525133437500001e-06,4.525133437500001e-06,6.961743750000001e-06,6.961743750000001e-06,1.0710375000000002e-05,1.0710375000000002e-05,1.6477500000000003e-05,3.4128054378634294e-07,1.6477500000000003e-05,2.5350000000000003e-05,2.5350000000000003e-05,3.9000000000000006e-05,3.9000000000000006e-05,6e-05,6e-05,6e-05,6e-05,5.250469904405275e-07,5.250469904405275e-07,8.077646006777347e-07,8.077646006777347e-07,1.2427147702734379e-06,1.2427147702734379e-06,1.911868877343751e-06,1402,
,,,2,,,,,,,,,,,,,,,,,,,,,,,,,,,,,1409,0.1039348691701889
,,,2,,,,,,,,,,,,,,,,,,,,,,,,,,,,,1419,0.07160390168428421
,,,2,,,,,,,,,,,,,,,,,,,,,,,,,,,,,1429,0.4483855366706848
,,,2,,,,,,,,,,,,,,,,,,,,,,,,,,,,,1439,0.3582642078399658
,,,2,,,,,,,,,,,,,,,,,,,,,,,,,,,,,1449,0.49085748195648193
,,,2,,,,,,,,,,,,,,,,,,,,,,,,,,,,,1459,0.02428383380174637
,,,2,,,,,,,,,,,,,,,,,,,,,,,,,,,,,1469,0.19695571064949036
,,,2,,,,,,,,,,,,,,,,,,,,,,,,,,,,,1479,0.12399820238351822
,,,2,,,,,,,,,,,,,,,,,,,,,,,,,,,,,1489,0.024278808385133743
,,,2,,,,,,,,,,,,,,,,,,,,,,,,,,,,,1499,0.14469829201698303
,,,2,,,,,,,,,,,,,,,,,,,,,,,,,,,,,1509,0.08628663420677185
,,,2,,,,,,,,,,,,,,,,,,,,,,,,,,,,,1519,0.5316888689994812
,,,2,,,,,,,,,,,,,,,,,,,,,,,,,,,,,1529,0.02371235191822052
,,,2,,,,,,,,,,,,,,,,,,,,,,,,,,,,,1539,0.03243684023618698
,,,2,,,,,,,,,,,,,,,,,,,,,,,,,,,,,1549,0.3518531620502472
,,,2,,,,,,,,,,,,,,,,,,,,,,,,,,,,,1559,0.10431929677724838
,,,2,,,,,,,,,,,,,,,,,,,,,,,,,,,,,1569,0.6204715371131897
,,,2,,,,,,,,,,,,,,,,,,,,,,,,,,,,,1579,0.4625522494316101
,,,2,,,,,,,,,,,,,,,,,,,,,,,,,,,,,1589,0.020525475963950157
,,,2,,,,,,,,,,,,,,,,,,,,,,,,,,,,,1599,0.14922747015953064
,,,2,,,,,,,,,,,,,,,,,,,,,,,,,,,,,1609,1.011397361755371
,,,2,,,,,,,,,,,,,,,,,,,,,,,,,,,,,1619,0.5743979811668396
,,,2,,,,,,,,,,,,,,,,,,,,,,,,,,,,,1629,0.06353378295898438
,,,2,,,,,,,,,,,,,,,,,,,,,,,,,,,,,1639,0.0319816991686821
,,,2,,,,,,,,,,,,,,,,,,,,,,,,,,,,,1649,0.1960763931274414
,,,2,,,,,,,,,,,,,,,,,,,,,,,,,,,,,1659,0.24185043573379517
,,,2,,,,,,,,,,,,,,,,,,,,,,,,,,,,,1669,0.3078974783420563
,,,2,,,,,,,,,,,,,,,,,,,,,,,,,,,,,1679,0.6663161516189575
,,,2,,,,,,,,,,,,,,,,,,,,,,,,,,,,,1689,0.08276549726724625
,,,2,,,,,,,,,,,,,,,,,,,,,,,,,,,,,1699,0.7262623906135559
,,,2,,,,,,,,,,,,,,,,,,,,,,,,,,,,,1709,0.35990050435066223
,,,2,,,,,,,,,,,,,,,,,,,,,,,,,,,,,1719,0.08347053825855255
,,,2,,,,,,,,,,,,,,,,,,,,,,,,,,,,,1729,0.05965530872344971
,,,2,,,,,,,,,,,,,,,,,,,,,,,,,,,,,1739,0.04587862640619278
,,,2,,,,,,,,,,,,,,,,,,,,,,,,,,,,,1749,0.03356476500630379
,,,2,,,,,,,,,,,,,,,,,,,,,,,,,,,,,1759,0.16754789650440216
,,,2,,,,,,,,,,,,,,,,,,,,,,,,,,,,,1769,0.8542011976242065
,,,2,,,,,,,,,,,,,,,,,,,,,,,,,,,,,1779,0.1984734982252121
,,,2,,,,,,,,,,,,,,,,,,,,,,,,,,,,,1789,0.02023453265428543
,,,2,,,,,,,,,,,,,,,,,,,,,,,,,,,,,1799,0.10255613178014755
,,,2,,,,,,,,,,,,,,,,,,,,,,,,,,,,,1809,0.9186597466468811
,,,2,,,,,,,,,,,,,,,,,,,,,,,,,,,,,1819,0.44021955132484436
,,,2,,,,,,,,,,,,,,,,,,,,,,,,,,,,,1829,0.07159218192100525
,,,2,,,,,,,,,,,,,,,,,,,,,,,,,,,,,1839,0.4257718324661255
,,,2,,,,,,,,,,,,,,,,,,,,,,,,,,,,,1849,0.18325448036193848
,,,2,,,,,,,,,,,,,,,,,,,,,,,,,,,,,1859,0.051632340997457504
,,,2,,,,,,,,,,,,,,,,,,,,,,,,,,,,,1869,0.06189034506678581
,,,2,,,,,,,,,,,,,,,,,,,,,,,,,,,,,1879,0.024457944557070732
,,,2,,,,,,,,,,,,,,,,,,,,,,,,,,,,,1889,0.479433536529541
,,,2,,,,,,,,,,,,,,,,,,,,,,,,,,,,,1899,0.4031867980957031
,,,2,,,,,,,,,,,,,,,,,,,,,,,,,,,,,1909,0.01470974925905466
,,,2,,,,,,,,,,,,,,,,,,,,,,,,,,,,,1919,0.7010598182678223
,,,2,,,,,,,,,,,,,,,,,,,,,,,,,,,,,1929,0.5635448694229126
,,,2,,,,,,,,,,,,,,,,,,,,,,,,,,,,,1939,0.17030252516269684
,,,2,,,,,,,,,,,,,,,,,,,,,,,,,,,,,1949,0.1297539472579956
,,,2,,,,,,,,,,,,,,,,,,,,,,,,,,,,,1959,0.11817894130945206
,,,2,,,,,,,,,,,,,,,,,,,,,,,,,,,,,1969,0.3028513193130493
,,,2,,,,,,,,,,,,,,,,,,,,,,,,,,,,,1979,0.5211293697357178
,,,2,,,,,,,,,,,,,,,,,,,,,,,,,,,,,1989,0.06942480057477951
,,,2,,,,,,,,,,,,,,,,,,,,,,,,,,,,,1999,0.3499920070171356
,,,2,,,,,,,,,,,,,,,,,,,,,,,,,,,,,2009,0.3873102366924286
,,,2,,,,,,,,,,,,,,,,,,,,,,,,,,,,,2019,0.7033734321594238
,,,2,,,,,,,,,,,,,,,,,,,,,,,,,,,,,2029,0.02175913192331791
,,,2,,,,,,,,,,,,,,,,,,,,,,,,,,,,,2039,0.22578120231628418
,,,2,,,,,,,,,,,,,,,,,,,,,,,,,,,,,2049,0.07212670892477036
,,,2,,,,,,,,,,,,,,,,,,,,,,,,,,,,,2059,0.016878966242074966
,,,2,,,,,,,,,,,,,,,,,,,,,,,,,,,,,2069,0.9249579906463623
,,,2,,,,,,,,,,,,,,,,,,,,,,,,,,,,,2079,0.07736563682556152
,,,2,,,,,,,,,,,,,,,,,,,,,,,,,,,,,2089,0.0034234351478517056
,,,2,,,,,,,,,,,,,,,,,,,,,,,,,,,,,2099,0.07892730832099915
,,,,4.550407250484573e-07,2.5491585031250013e-06,3.9217823125000015e-06,3.9217823125000015e-06,6.0335112500000015e-06,6.0335112500000015e-06,9.282325000000003e-06,9.282325000000003e-06,1.4280500000000003e-05,1.4280500000000003e-05,2.1970000000000005e-05,4.550407250484573e-07,2.1970000000000005e-05,3.38e-05,3.38e-05,5.200000000000001e-05,5.200000000000001e-05,8e-05,8e-05,8e-05,8e-05,7.000626539207035e-07,7.000626539207035e-07,1.077019467570313e-06,1.077019467570313e-06,1.6569530270312508e-06,1.6569530270312508e-06,2.5491585031250013e-06,2103,
,,,3,,,,,,,,,,,,,,,,,,,,,,,,,,,,,2109,0.02941168285906315
,,,3,,,,,,,,,,,,,,,,,,,,,,,,,,,,,2119,0.059789206832647324
,,,3,,,,,,,,,,,,,,,,,,,,,,,,,,,,,2129,0.2309909611940384
,,,3,,,,,,,,,,,,,,,,,,,,,,,,,,,,,2139,0.13562481105327606
,,,3,,,,,,,,,,,,,,,,,,,,,,,,,,,,,2149,0.5932167768478394
,,,3,,,,,,,,,,,,,,,,,,,,,,,,,,,,,2159,0.08953789621591568
,,,3,,,,,,,,,,,,,,,,,,,,,,,,,,,,,2169,0.20349477231502533
,,,3,,,,,,,,,,,,,,,,,,,,,,,,,,,,,2179,1.1875907182693481
,,,3,,,,,,,,,,,,,,,,,,,,,,,,,,,,,2189,0.05361159145832062
,,,3,,,,,,,,,,,,,,,,,,,,,,,,,,,,,2199,0.13274730741977692
,,,3,,,,,,,,,,,,,,,,,,,,,,,,,,,,,2209,0.027506431564688683
,,,3,,,,,,,,,,,,,,,,,,,,,,,,,,,,,2219,0.38487058877944946
,,,3,,,,,,,,,,,,,,,,,,,,,,,,,,,,,2229,0.3531801402568817
,,,3,,,,,,,,,,,,,,,,,,,,,,,,,,,,,2239,0.5835515260696411
,,,3,,,,,,,,,,,,,,,,,,,,,,,,,,,,,2249,0.1702653020620346
,,,3,,,,,,,,,,,,,,,,,,,,,,,,,,,,,2259,0.02666592225432396
,,,3,,,,,,,,,,,,,,,,,,,,,,,,,,,,,2269,0.15498463809490204
,,,3,,,,,,,,,,,,,,,,,,,,,,,,,,,,,2279,0.7833458185195923
,,,3,,,,,,,,,,,,,,,,,,,,,,,,,,,,,2289,0.19075211882591248
,,,3,,,,,,,,,,,,,,,,,,,,,,,,,,,,,2299,0.030972355976700783
,,,3,,,,,,,,,,,,,,,,,,,,,,,,,,,,,2309,0.07376468926668167
,,,3,,,,,,,,,,,,,,,,,,,,,,,,,,,,,2319,0.006020283792167902
,,,3,,,,,,,,,,,,,,,,,,,,,,,,,,,,,2329,0.037470415234565735
,,,3,,,,,,,,,,,,,,,,,,,,,,,,,,,,,2339,0.462657630443573
,,,3,,,,,,,,,,,,,,,,,,,,,,,,,,,,,2349,0.18030719459056854
,,,3,,,,,,,,,,,,,,,,,,,,,,,,,,,,,2359,0.08823567628860474
,,,3,,,,,,,,,,,,,,,,,,,,,,,,,,,,,2369,0.15908488631248474
,,,3,,,,,,,,,,,,,,,,,,,,,,,,,,,,,2379,0.18092206120491028
,,,3,,,,,,,,,,,,,,,,,,,,,,,,,,,,,2389,0.24103577435016632
,,,3,,,,,,,,,,,,,,,,,,,,,,,,,,,,,2399,0.07910926640033722
,,,3,,,,,,,,,,,,,,,,,,,,,,,,,,,,,2409,0.20663292706012726
,,,3,,,,,,,,,,,,,,,,,,,,,,,,,,,,,2419,0.032261837273836136
,,,3,,,,,,,,,,,,,,,,,,,,,,,,,,,,,2429,0.004799257963895798
,,,3,,,,,,,,,,,,,,,,,,,,,,,,,,,,,2439,0.06121121719479561
,,,3,,,,,,,,,,,,,,,,,,,,,,,,,,,,,2449,0.025028865784406662
,,,3,,,,,,,,,,,,,,,,,,,,,,,,,,,,,2459,0.07350914925336838
,,,3,,,,,,,,,,,,,,,,,,,,,,,,,,,,,2469,0.05522849038243294
,,,3,,,,,,,,,,,,,,,,,,,,,,,,,,,,,2479,0.05085717886686325
,,,3,,,,,,,,,,,,,,,,,,,,,,,,,,,,,2489,0.014707406051456928
,,,3,,,,,,,,,,,,,,,,,,,,,,,,,,,,,2499,0.2438526302576065
,,,3,,,,,,,,,,,,,,,,,,,,,,,,,,,,,2509,1.2700332403182983
,,,3,,,,,,,,,,,,,,,,,,,,,,,,,,,,,2519,0.017561865970492363
,,,3,,,,,,,,,,,,,,,,,,,,,,,,,,,,,2529,0.25232669711112976
,,,3,,,,,,,,,,,,,,,,,,,,,,,,,,,,,2539,0.024644531309604645
,,,3,,,,,,,,,,,,,,,,,,,,,,,,,,,,,2549,0.9583750367164612
,,,3,,,,,,,,,,,,,,,,,,,,,,,,,,,,,2559,0.8174295425415039
,,,3,,,,,,,,,,,,,,,,,,,,,,,,,,,,,2569,0.21994654834270477
,,,3,,,,,,,,,,,,,,,,,,,,,,,,,,,,,2579,0.15075041353702545
,,,3,,,,,,,,,,,,,,,,,,,,,,,,,,,,,2589,0.010771185159683228
,,,3,,,,,,,,,,,,,,,,,,,,,,,,,,,,,2599,0.39921844005584717
,,,3,,,,,,,,,,,,,,,,,,,,,,,,,,,,,2609,0.6134637594223022
,,,3,,,,,,,,,,,,,,,,,,,,,,,,,,,,,2619,0.2824300527572632
,,,3,,,,,,,,,,,,,,,,,,,,,,,,,,,,,2629,0.17038843035697937
,,,3,,,,,,,,,,,,,,,,,,,,,,,,,,,,,2639,0.6975990533828735
,,,3,,,,,,,,,,,,,,,,,,,,,,,,,,,,,2649,0.04551178216934204
,,,3,,,,,,,,,,,,,,,,,,,,,,,,,,,,,2659,0.03089861012995243
,,,3,,,,,,,,,,,,,,,,,,,,,,,,,,,,,2669,0.017073268070816994
,,,3,,,,,,,,,,,,,,,,,,,,,,,,,,,,,2679,0.2735695540904999
,,,3,,,,,,,,,,,,,,,,,,,,,,,,,,,,,2689,0.3492569029331207
,,,3,,,,,,,,,,,,,,,,,,,,,,,,,,,,,2699,0.009578632190823555
,,,3,,,,,,,,,,,,,,,,,,,,,,,,,,,,,2709,0.057711463421583176
,,,3,,,,,,,,,,,,,,,,,,,,,,,,,,,,,2719,0.1265612095594406
,,,3,,,,,,,,,,,,,,,,,,,,,,,,,,,,,2729,0.006183332297950983
,,,3,,,,,,,,,,,,,,,,,,,,,,,,,,,,,2739,0.8180379271507263
,,,3,,,,,,,,,,,,,,,,,,,,,,,,,,,,,2749,0.44407185912132263
,,,3,,,,,,,,,,,,,,,,,,,,,,,,,,,,,2759,0.17237801849842072
,,,3,,,,,,,,,,,,,,,,,,,,,,,,,,,,,2769,0.010340478271245956
,,,3,,,,,,,,,,,,,,,,,,,,,,,,,,,,,2779,0.04919268190860748
,,,3,,,,,,,,,,,,,,,,,,,,,,,,,,,,,2789,0.06973755359649658
,,,3,,,,,,,,,,,,,,,,,,,,,,,,,,,,,2799,0.16173851490020752
,,,,5.688009063105716e-07,3.1864481289062513e-06,4.9022278906250015e-06,4.9022278906250015e-06,7.541889062500002e-06,7.541889062500002e-06,1.1602906250000002e-05,1.1602906250000002e-05,1.7850625000000003e-05,1.7850625000000003e-05,2.7462500000000003e-05,5.688009063105716e-07,2.7462500000000003e-05,4.2250000000000004e-05,4.2250000000000004e-05,6.500000000000001e-05,6.500000000000001e-05,0.0001,0.0001,0.0001,0.0001,8.750783174008792e-07,8.750783174008792e-07,1.3462743344628912e-06,1.3462743344628912e-06,2.0711912837890633e-06,2.0711912837890633e-06,3.1864481289062513e-06,2804,
,,,4,,,,,,,,,,,,,,,,,,,,,,,,,,,,,2809,0.014718578197062016
,,,4,,,,,,,,,,,,,,,,,,,,,,,,,,,,,2819,0.059277962893247604
,,,4,,,,,,,,,,,,,,,,,,,,,,,,,,,,,2829,0.01129427831619978
,,,4,,,,,,,,,,,,,,,,,,,,,,,,,,,,,2839,0.3006711006164551
,,,4,,,,,,,,,,,,,,,,,,,,,,,,,,,,,2849,0.019798139110207558
,,,4,,,,,,,,,,,,,,,,,,,,,,,,,,,,,2859,0.25609418749809265
,,,4,,,,,,,,,,,,,,,,,,,,,,,,,,,,,2869,0.1356087177991867
,,,4,,,,,,,,,,,,,,,,,,,,,,,,,,,,,2879,0.5605221390724182
,,,4,,,,,,,,,,,,,,,,,,,,,,,,,,,,,2889,0.32222506403923035
,,,4,,,,,,,,,,,,,,,,,,,,,,,,,,,,,2899,0.023349065333604813
,,,4,,,,,,,,,,,,,,,,,,,,,,,,,,,,,2909,0.8957991600036621
,,,4,,,,,,,,,,,,,,,,,,,,,,,,,,,,,2919,0.044238366186618805
,,,4,,,,,,,,,,,,,,,,,,,,,,,,,,,,,2929,0.09190435707569122
,,,4,,,,,,,,,,,,,,,,,,,,,,,,,,,,,2939,0.037441786378622055
,,,4,,,,,,,,,,,,,,,,,,,,,,,,,,,,,2949,0.8491138219833374
,,,4,,,,,,,,,,,,,,,,,,,,,,,,,,,,,2959,0.23602652549743652
,,,4,,,,,,,,,,,,,,,,,,,,,,,,,,,,,2969,0.25997865200042725
,,,4,,,,,,,,,,,,,,,,,,,,,,,,,,,,,2979,0.02011958695948124
,,,4,,,,,,,,,,,,,,,,,,,,,,,,,,,,,2989,0.03092273510992527
,,,4,,,,,,,,,,,,,,,,,,,,,,,,,,,,,2999,0.033250294625759125
,,,4,,,,,,,,,,,,,,,,,,,,,,,,,,,,,3009,0.19882458448410034
,,,4,,,,,,,,,,,,,,,,,,,,,,,,,,,,,3019,0.03809349611401558
,,,4,,,,,,,,,,,,,,,,,,,,,,,,,,,,,3029,0.39332470297813416
,,,4,,,,,,,,,,,,,,,,,,,,,,,,,,,,,3039,0.089053213596344
,,,4,,,,,,,,,,,,,,,,,,,,,,,,,,,,,3049,0.027550730854272842
,,,4,,,,,,,,,,,,,,,,,,,,,,,,,,,,,3059,0.3629274368286133
,,,4,,,,,,,,,,,,,,,,,,,,,,,,,,,,,3069,0.05101346597075462
,,,4,,,,,,,,,,,,,,,,,,,,,,,,,,,,,3079,0.00916072353720665
,,,4,,,,,,,,,,,,,,,,,,,,,,,,,,,,,3089,0.08262458443641663
,,,4,,,,,,,,,,,,,,,,,,,,,,,,,,,,,3099,0.47639864683151245
,,,4,,,,,,,,,,,,,,,,,,,,,,,,,,,,,3109,0.40910035371780396
,,,4,,,,,,,,,,,,,,,,,,,,,,,,,,,,,3119,0.30046769976615906
,,,4,,,,,,,,,,,,,,,,,,,,,,,,,,,,,3129,0.1686467081308365
,,,4,,,,,,,,,,,,,,,,,,,,,,,,,,,,,3139,0.03209122270345688
,,,4,,,,,,,,,,,,,,,,,,,,,,,,,,,,,3149,0.09732214361429214
,,,4,,,,,,,,,,,,,,,,,,,,,,,,,,,,,3159,0.01565367728471756
,,,4,,,,,,,,,,,,,,,,,,,,,,,,,,,,,3169,0.08067924529314041
,,,4,,,,,,,,,,,,,,,,,,,,,,,,,,,,,3179,0.01124303974211216
,,,4,,,,,,,,,,,,,,,,,,,,,,,,,,,,,3189,0.1356060951948166
,,,4,,,,,,,,,,,,,,,,,,,,,,,,,,,,,3199,0.005306903272867203
,,,4,,,,,,,,,,,,,,,,,,,,,,,,,,,,,3209,0.24039238691329956
,,,4,,,,,,,,,,,,,,,,,,,,,,,,,,,,,3219,0.028411870822310448
,,,4,,,,,,,,,,,,,,,,,,,,,,,,,,,,,3229,0.00840964075177908
,,,4,,,,,,,,,,,,,,,,,,,,,,,,,,,,,3239,0.012074166908860207
,,,4,,,,,,,,,,,,,,,,,,,,,,,,,,,,,3249,0.04656403511762619
,,,4,,,,,,,,,,,,,,,,,,,,,,,,,,,,,3259,0.1337270587682724
,,,4,,,,,,,,,,,,,,,,,,,,,,,,,,,,,3269,0.09978766739368439
,,,4,,,,,,,,,,,,,,,,,,,,,,,,,,,,,3279,0.0339515395462513
,,,4,,,,,,,,,,,,,,,,,,,,,,,,,,,,,3289,0.08529215306043625
,,,4,,,,,,,,,,,,,,,,,,,,,,,,,,,,,3299,0.3167852461338043
,,,4,,,,,,,,,,,,,,,,,,,,,,,,,,,,,3309,0.3985053300857544
,,,4,,,,,,,,,,,,,,,,,,,,,,,,,,,,,3319,0.010822528973221779
,,,4,,,,,,,,,,,,,,,,,,,,,,,,,,,,,3329,0.022743234410881996
,,,4,,,,,,,,,,,,,,,,,,,,,,,,,,,,,3339,0.03242112696170807
,,,4,,,,,,,,,,,,,,,,,,,,,,,,,,,,,3349,0.008574563078582287
,,,4,,,,,,,,,,,,,,,,,,,,,,,,,,,,,3359,0.06451673805713654
,,,4,,,,,,,,,,,,,,,,,,,,,,,,,,,,,3369,0.04409131780266762
,,,4,,,,,,,,,,,,,,,,,,,,,,,,,,,,,3379,0.048651013523340225
,,,4,,,,,,,,,,,,,,,,,,,,,,,,,,,,,3389,0.029727226123213768
,,,4,,,,,,,,,,,,,,,,,,,,,,,,,,,,,3399,0.25661441683769226
,,,4,,,,,,,,,,,,,,,,,,,,,,,,,,,,,3409,0.10193407535552979
,,,4,,,,,,,,,,,,,,,,,,,,,,,,,,,,,3419,0.861642599105835
,,,4,,,,,,,,,,,,,,,,,,,,,,,,,,,,,3429,0.0355595164000988
,,,4,,,,,,,,,,,,,,,,,,,,,,,,,,,,,3439,0.5898274779319763
,,,4,,,,,,,,,,,,,,,,,,,,,,,,,,,,,3449,0.06641961634159088
,,,4,,,,,,,,,,,,,,,,,,,,,,,,,,,,,3459,0.05097914859652519
,,,4,,,,,,,,,,,,,,,,,,,,,,,,,,,,,3469,0.037196025252342224
,,,4,,,,,,,,,,,,,,,,,,,,,,,,,,,,,3479,0.16233572363853455
,,,4,,,,,,,,,,,,,,,,,,,,,,,,,,,,,3489,0.09644696116447449
,,,4,,,,,,,,,,,,,,,,,,,,,,,,,,,,,3499,1.1064187288284302
0.856447696685791,0.866995096206665,0.8461538553237915,4,,,,,,,,,,,,,,,,,,,,,,,,,,,,,3504,
,,,,5.688009063105716e-07,3.1864481289062513e-06,4.9022278906250015e-06,4.9022278906250015e-06,7.541889062500002e-06,7.541889062500002e-06,1.1602906250000002e-05,1.1602906250000002e-05,1.7850625000000003e-05,1.7850625000000003e-05,2.7462500000000003e-05,5.688009063105716e-07,2.7462500000000003e-05,4.2250000000000004e-05,4.2250000000000004e-05,6.500000000000001e-05,6.500000000000001e-05,0.0001,0.0001,0.0001,0.0001,8.750783174008792e-07,8.750783174008792e-07,1.3462743344628912e-06,1.3462743344628912e-06,2.0711912837890633e-06,2.0711912837890633e-06,3.1864481289062513e-06,3505,
,,,5,,,,,,,,,,,,,,,,,,,,,,,,,,,,,3509,0.31923332810401917
,,,5,,,,,,,,,,,,,,,,,,,,,,,,,,,,,3519,0.9246304631233215
,,,5,,,,,,,,,,,,,,,,,,,,,,,,,,,,,3529,0.04582608863711357
,,,5,,,,,,,,,,,,,,,,,,,,,,,,,,,,,3539,0.6842071413993835
,,,5,,,,,,,,,,,,,,,,,,,,,,,,,,,,,3549,0.10300789028406143
,,,5,,,,,,,,,,,,,,,,,,,,,,,,,,,,,3559,0.009928400628268719
,,,5,,,,,,,,,,,,,,,,,,,,,,,,,,,,,3569,0.0331985205411911
,,,5,,,,,,,,,,,,,,,,,,,,,,,,,,,,,3579,0.03703180328011513
,,,5,,,,,,,,,,,,,,,,,,,,,,,,,,,,,3589,0.04699801653623581
,,,5,,,,,,,,,,,,,,,,,,,,,,,,,,,,,3599,0.04560945928096771
,,,5,,,,,,,,,,,,,,,,,,,,,,,,,,,,,3609,0.19189834594726562
,,,5,,,,,,,,,,,,,,,,,,,,,,,,,,,,,3619,0.03803795203566551
,,,5,,,,,,,,,,,,,,,,,,,,,,,,,,,,,3629,0.028512444347143173
,,,5,,,,,,,,,,,,,,,,,,,,,,,,,,,,,3639,0.011153795756399632
,,,5,,,,,,,,,,,,,,,,,,,,,,,,,,,,,3649,0.19204440712928772
,,,5,,,,,,,,,,,,,,,,,,,,,,,,,,,,,3659,0.041242484003305435
,,,5,,,,,,,,,,,,,,,,,,,,,,,,,,,,,3669,0.0070618330501019955
,,,5,,,,,,,,,,,,,,,,,,,,,,,,,,,,,3679,0.006874577142298222
,,,5,,,,,,,,,,,,,,,,,,,,,,,,,,,,,3689,0.0194255243986845
,,,5,,,,,,,,,,,,,,,,,,,,,,,,,,,,,3699,0.06689579039812088
,,,5,,,,,,,,,,,,,,,,,,,,,,,,,,,,,3709,0.06718191504478455
,,,5,,,,,,,,,,,,,,,,,,,,,,,,,,,,,3719,0.32504287362098694
,,,5,,,,,,,,,,,,,,,,,,,,,,,,,,,,,3729,0.09147650748491287
,,,5,,,,,,,,,,,,,,,,,,,,,,,,,,,,,3739,0.3044070899486542
,,,5,,,,,,,,,,,,,,,,,,,,,,,,,,,,,3749,0.046810757368803024
,,,5,,,,,,,,,,,,,,,,,,,,,,,,,,,,,3759,0.061633359640836716
,,,5,,,,,,,,,,,,,,,,,,,,,,,,,,,,,3769,0.3208419978618622
,,,5,,,,,,,,,,,,,,,,,,,,,,,,,,,,,3779,0.14570418000221252
,,,5,,,,,,,,,,,,,,,,,,,,,,,,,,,,,3789,0.017368394881486893
,,,5,,,,,,,,,,,,,,,,,,,,,,,,,,,,,3799,0.3399696350097656
,,,5,,,,,,,,,,,,,,,,,,,,,,,,,,,,,3809,0.027447527274489403
,,,5,,,,,,,,,,,,,,,,,,,,,,,,,,,,,3819,0.2287953644990921
,,,5,,,,,,,,,,,,,,,,,,,,,,,,,,,,,3829,0.03242495656013489
,,,5,,,,,,,,,,,,,,,,,,,,,,,,,,,,,3839,0.006852411199361086
,,,5,,,,,,,,,,,,,,,,,,,,,,,,,,,,,3849,0.035461682826280594
,,,5,,,,,,,,,,,,,,,,,,,,,,,,,,,,,3859,0.3983118534088135
,,,5,,,,,,,,,,,,,,,,,,,,,,,,,,,,,3869,0.13865187764167786
,,,5,,,,,,,,,,,,,,,,,,,,,,,,,,,,,3879,0.017449919134378433
,,,5,,,,,,,,,,,,,,,,,,,,,,,,,,,,,3889,0.18086528778076172
,,,5,,,,,,,,,,,,,,,,,,,,,,,,,,,,,3899,0.009148478507995605
,,,5,,,,,,,,,,,,,,,,,,,,,,,,,,,,,3909,0.14536446332931519
,,,5,,,,,,,,,,,,,,,,,,,,,,,,,,,,,3919,0.012969114817678928
,,,5,,,,,,,,,,,,,,,,,,,,,,,,,,,,,3929,0.039775747805833817
,,,5,,,,,,,,,,,,,,,,,,,,,,,,,,,,,3939,0.2357253134250641
,,,5,,,,,,,,,,,,,,,,,,,,,,,,,,,,,3949,0.06628312915563583
,,,5,,,,,,,,,,,,,,,,,,,,,,,,,,,,,3959,0.07667254656553268
,,,5,,,,,,,,,,,,,,,,,,,,,,,,,,,,,3969,0.36612391471862793
,,,5,,,,,,,,,,,,,,,,,,,,,,,,,,,,,3979,0.02723134122788906
,,,5,,,,,,,,,,,,,,,,,,,,,,,,,,,,,3989,0.09330794960260391
,,,5,,,,,,,,,,,,,,,,,,,,,,,,,,,,,3999,0.10567610710859299
,,,5,,,,,,,,,,,,,,,,,,,,,,,,,,,,,4009,0.5429813265800476
,,,5,,,,,,,,,,,,,,,,,,,,,,,,,,,,,4019,0.6978580951690674
,,,5,,,,,,,,,,,,,,,,,,,,,,,,,,,,,4029,1.988784909248352
,,,5,,,,,,,,,,,,,,,,,,,,,,,,,,,,,4039,0.02793140709400177
,,,5,,,,,,,,,,,,,,,,,,,,,,,,,,,,,4049,0.024310261011123657
,,,5,,,,,,,,,,,,,,,,,,,,,,,,,,,,,4059,0.24303334951400757
,,,5,,,,,,,,,,,,,,,,,,,,,,,,,,,,,4069,0.15349526703357697
,,,5,,,,,,,,,,,,,,,,,,,,,,,,,,,,,4079,1.6443337202072144
,,,5,,,,,,,,,,,,,,,,,,,,,,,,,,,,,4089,0.0381123311817646
,,,5,,,,,,,,,,,,,,,,,,,,,,,,,,,,,4099,0.016002893447875977
,,,5,,,,,,,,,,,,,,,,,,,,,,,,,,,,,4109,0.006818862631917
,,,5,,,,,,,,,,,,,,,,,,,,,,,,,,,,,4119,0.03216839209198952
,,,5,,,,,,,,,,,,,,,,,,,,,,,,,,,,,4129,0.02172565460205078
,,,5,,,,,,,,,,,,,,,,,,,,,,,,,,,,,4139,0.09089384227991104
,,,5,,,,,,,,,,,,,,,,,,,,,,,,,,,,,4149,0.015006564557552338
,,,5,,,,,,,,,,,,,,,,,,,,,,,,,,,,,4159,0.09536450356245041
,,,5,,,,,,,,,,,,,,,,,,,,,,,,,,,,,4169,0.07838891446590424
,,,5,,,,,,,,,,,,,,,,,,,,,,,,,,,,,4179,0.010889180935919285
,,,5,,,,,,,,,,,,,,,,,,,,,,,,,,,,,4189,0.020117036998271942
,,,5,,,,,,,,,,,,,,,,,,,,,,,,,,,,,4199,0.05703301727771759
,,,,5.68108121100602e-07,3.182567115160405e-06,4.896257100246776e-06,4.896257100246776e-06,7.532703231148886e-06,7.532703231148886e-06,1.1588774201767516e-05,1.1588774201767516e-05,1.782888338733464e-05,1.782888338733464e-05,2.7429051365130215e-05,5.68108121100602e-07,2.7429051365130215e-05,4.219854056173879e-05,4.219854056173879e-05,6.492083163344429e-05,6.492083163344429e-05,9.987820251299122e-05,9.987820251299122e-05,9.987820251299122e-05,9.987820251299122e-05,8.740124940009261e-07,8.740124940009261e-07,1.344634606155271e-06,1.344634606155271e-06,2.068668624854263e-06,2.068668624854263e-06,3.182567115160405e-06,4206,
,,,6,,,,,,,,,,,,,,,,,,,,,,,,,,,,,4209,0.006744422949850559
,,,6,,,,,,,,,,,,,,,,,,,,,,,,,,,,,4219,0.006924619898200035
,,,6,,,,,,,,,,,,,,,,,,,,,,,,,,,,,4229,0.00954052060842514
,,,6,,,,,,,,,,,,,,,,,,,,,,,,,,,,,4239,0.0023908501025289297
,,,6,,,,,,,,,,,,,,,,,,,,,,,,,,,,,4249,0.006057764869183302
,,,6,,,,,,,,,,,,,,,,,,,,,,,,,,,,,4259,0.006732581183314323
,,,6,,,,,,,,,,,,,,,,,,,,,,,,,,,,,4269,0.10189377516508102
,,,6,,,,,,,,,,,,,,,,,,,,,,,,,,,,,4279,0.0047562201507389545
,,,6,,,,,,,,,,,,,,,,,,,,,,,,,,,,,4289,0.04852629452943802
,,,6,,,,,,,,,,,,,,,,,,,,,,,,,,,,,4299,0.016045471653342247
,,,6,,,,,,,,,,,,,,,,,,,,,,,,,,,,,4309,0.054470084607601166
,,,6,,,,,,,,,,,,,,,,,,,,,,,,,,,,,4319,0.1391277313232422
,,,6,,,,,,,,,,,,,,,,,,,,,,,,,,,,,4329,0.3032790720462799
,,,6,,,,,,,,,,,,,,,,,,,,,,,,,,,,,4339,0.0914631113409996
,,,6,,,,,,,,,,,,,,,,,,,,,,,,,,,,,4349,0.0141708729788661
,,,6,,,,,,,,,,,,,,,,,,,,,,,,,,,,,4359,0.011927404440939426
,,,6,,,,,,,,,,,,,,,,,,,,,,,,,,,,,4369,0.02302190475165844
,,,6,,,,,,,,,,,,,,,,,,,,,,,,,,,,,4379,0.02507801540195942
,,,6,,,,,,,,,,,,,,,,,,,,,,,,,,,,,4389,0.01846441626548767
,,,6,,,,,,,,,,,,,,,,,,,,,,,,,,,,,4399,0.05305880308151245
,,,6,,,,,,,,,,,,,,,,,,,,,,,,,,,,,4409,0.008977426216006279
,,,6,,,,,,,,,,,,,,,,,,,,,,,,,,,,,4419,0.004845877643674612
,,,6,,,,,,,,,,,,,,,,,,,,,,,,,,,,,4429,0.03174484148621559
,,,6,,,,,,,,,,,,,,,,,,,,,,,,,,,,,4439,0.5527117252349854
,,,6,,,,,,,,,,,,,,,,,,,,,,,,,,,,,4449,0.047429051250219345
,,,6,,,,,,,,,,,,,,,,,,,,,,,,,,,,,4459,0.014213651418685913
,,,6,,,,,,,,,,,,,,,,,,,,,,,,,,,,,4469,0.07151955366134644
,,,6,,,,,,,,,,,,,,,,,,,,,,,,,,,,,4479,0.1415783166885376
,,,6,,,,,,,,,,,,,,,,,,,,,,,,,,,,,4489,0.005627402104437351
,,,6,,,,,,,,,,,,,,,,,,,,,,,,,,,,,4499,0.012828681617975235
,,,6,,,,,,,,,,,,,,,,,,,,,,,,,,,,,4509,0.4354940950870514
,,,6,,,,,,,,,,,,,,,,,,,,,,,,,,,,,4519,0.0164111889898777
,,,6,,,,,,,,,,,,,,,,,,,,,,,,,,,,,4529,0.3095209002494812
,,,6,,,,,,,,,,,,,,,,,,,,,,,,,,,,,4539,0.011612917296588421
,,,6,,,,,,,,,,,,,,,,,,,,,,,,,,,,,4549,0.1449877768754959
,,,6,,,,,,,,,,,,,,,,,,,,,,,,,,,,,4559,0.25947847962379456
,,,6,,,,,,,,,,,,,,,,,,,,,,,,,,,,,4569,0.08574916422367096
,,,6,,,,,,,,,,,,,,,,,,,,,,,,,,,,,4579,0.6958884000778198
,,,6,,,,,,,,,,,,,,,,,,,,,,,,,,,,,4589,0.6710202097892761
,,,6,,,,,,,,,,,,,,,,,,,,,,,,,,,,,4599,0.12640145421028137
,,,6,,,,,,,,,,,,,,,,,,,,,,,,,,,,,4609,0.002582110231742263
,,,6,,,,,,,,,,,,,,,,,,,,,,,,,,,,,4619,0.3003692626953125
,,,6,,,,,,,,,,,,,,,,,,,,,,,,,,,,,4629,0.1669045090675354
,,,6,,,,,,,,,,,,,,,,,,,,,,,,,,,,,4639,0.4574679136276245
,,,6,,,,,,,,,,,,,,,,,,,,,,,,,,,,,4649,0.5034651756286621
,,,6,,,,,,,,,,,,,,,,,,,,,,,,,,,,,4659,0.008758523501455784
,,,6,,,,,,,,,,,,,,,,,,,,,,,,,,,,,4669,0.11128479242324829
,,,6,,,,,,,,,,,,,,,,,,,,,,,,,,,,,4679,0.004909670911729336
,,,6,,,,,,,,,,,,,,,,,,,,,,,,,,,,,4689,0.1495893895626068
,,,6,,,,,,,,,,,,,,,,,,,,,,,,,,,,,4699,0.1597425937652588
,,,6,,,,,,,,,,,,,,,,,,,,,,,,,,,,,4709,0.02696702815592289
,,,6,,,,,,,,,,,,,,,,,,,,,,,,,,,,,4719,0.004959942772984505
,,,6,,,,,,,,,,,,,,,,,,,,,,,,,,,,,4729,0.34643518924713135
,,,6,,,,,,,,,,,,,,,,,,,,,,,,,,,,,4739,0.02613750286400318
,,,6,,,,,,,,,,,,,,,,,,,,,,,,,,,,,4749,0.21650634706020355
,,,6,,,,,,,,,,,,,,,,,,,,,,,,,,,,,4759,0.4822380244731903
,,,6,,,,,,,,,,,,,,,,,,,,,,,,,,,,,4769,0.010289687663316727
,,,6,,,,,,,,,,,,,,,,,,,,,,,,,,,,,4779,0.012516284361481667
,,,6,,,,,,,,,,,,,,,,,,,,,,,,,,,,,4789,0.03264067694544792
,,,6,,,,,,,,,,,,,,,,,,,,,,,,,,,,,4799,0.024429714307188988
,,,6,,,,,,,,,,,,,,,,,,,,,,,,,,,,,4809,0.06435785442590714
,,,6,,,,,,,,,,,,,,,,,,,,,,,,,,,,,4819,0.13732922077178955
,,,6,,,,,,,,,,,,,,,,,,,,,,,,,,,,,4829,0.050850849598646164
,,,6,,,,,,,,,,,,,,,,,,,,,,,,,,,,,4839,0.1576455533504486
,,,6,,,,,,,,,,,,,,,,,,,,,,,,,,,,,4849,0.04184137284755707
,,,6,,,,,,,,,,,,,,,,,,,,,,,,,,,,,4859,0.01856885850429535
,,,6,,,,,,,,,,,,,,,,,,,,,,,,,,,,,4869,0.0016000553732737899
,,,6,,,,,,,,,,,,,,,,,,,,,,,,,,,,,4879,0.008115100674331188
,,,6,,,,,,,,,,,,,,,,,,,,,,,,,,,,,4889,0.006921848747879267
,,,6,,,,,,,,,,,,,,,,,,,,,,,,,,,,,4899,0.006305654998868704
,,,,5.660331406505981e-07,3.1709429818317177e-06,4.878373818202642e-06,4.878373818202642e-06,7.505190489542526e-06,7.505190489542526e-06,1.15464469069885e-05,1.15464469069885e-05,1.7763764472290002e-05,1.7763764472290002e-05,2.732886841890769e-05,5.660331406505981e-07,2.732886841890769e-05,4.204441295216568e-05,4.204441295216568e-05,6.468371223410105e-05,6.468371223410105e-05,9.951340343707852e-05,9.951340343707852e-05,9.951340343707852e-05,9.951340343707852e-05,8.708202163855354e-07,8.708202163855354e-07,1.3397234098239006e-06,1.3397234098239006e-06,2.0611129381906165e-06,2.0611129381906165e-06,3.1709429818317177e-06,4907,
,,,7,,,,,,,,,,,,,,,,,,,,,,,,,,,,,4909,0.0230291485786438
,,,7,,,,,,,,,,,,,,,,,,,,,,,,,,,,,4919,0.30344271659851074
,,,7,,,,,,,,,,,,,,,,,,,,,,,,,,,,,4929,0.01073111779987812
,,,7,,,,,,,,,,,,,,,,,,,,,,,,,,,,,4939,0.0018096253043040633
,,,7,,,,,,,,,,,,,,,,,,,,,,,,,,,,,4949,0.04284264147281647
,,,7,,,,,,,,,,,,,,,,,,,,,,,,,,,,,4959,0.041232090443372726
,,,7,,,,,,,,,,,,,,,,,,,,,,,,,,,,,4969,0.43230631947517395
,,,7,,,,,,,,,,,,,,,,,,,,,,,,,,,,,4979,0.6981202960014343
,,,7,,,,,,,,,,,,,,,,,,,,,,,,,,,,,4989,0.022332563996315002
,,,7,,,,,,,,,,,,,,,,,,,,,,,,,,,,,4999,0.007716002408415079
,,,7,,,,,,,,,,,,,,,,,,,,,,,,,,,,,5009,0.008845907635986805
,,,7,,,,,,,,,,,,,,,,,,,,,,,,,,,,,5019,0.006408936344087124
,,,7,,,,,,,,,,,,,,,,,,,,,,,,,,,,,5029,0.6978247761726379
,,,7,,,,,,,,,,,,,,,,,,,,,,,,,,,,,5039,0.018628017976880074
,,,7,,,,,,,,,,,,,,,,,,,,,,,,,,,,,5049,0.05895552784204483
,,,7,,,,,,,,,,,,,,,,,,,,,,,,,,,,,5059,0.13121412694454193
,,,7,,,,,,,,,,,,,,,,,,,,,,,,,,,,,5069,0.0968271866440773
,,,7,,,,,,,,,,,,,,,,,,,,,,,,,,,,,5079,0.023737983778119087
,,,7,,,,,,,,,,,,,,,,,,,,,,,,,,,,,5089,0.03929528594017029
,,,7,,,,,,,,,,,,,,,,,,,,,,,,,,,,,5099,0.05761516094207764
,,,7,,,,,,,,,,,,,,,,,,,,,,,,,,,,,5109,0.1962747424840927
,,,7,,,,,,,,,,,,,,,,,,,,,,,,,,,,,5119,0.16016381978988647
,,,7,,,,,,,,,,,,,,,,,,,,,,,,,,,,,5129,0.0881396010518074
,,,7,,,,,,,,,,,,,,,,,,,,,,,,,,,,,5139,0.15343277156352997
,,,7,,,,,,,,,,,,,,,,,,,,,,,,,,,,,5149,0.01620600000023842
,,,7,,,,,,,,,,,,,,,,,,,,,,,,,,,,,5159,0.10379863530397415
,,,7,,,,,,,,,,,,,,,,,,,,,,,,,,,,,5169,0.0980125218629837
,,,7,,,,,,,,,,,,,,,,,,,,,,,,,,,,,5179,0.008307726122438908
,,,7,,,,,,,,,,,,,,,,,,,,,,,,,,,,,5189,0.011791828088462353
,,,7,,,,,,,,,,,,,,,,,,,,,,,,,,,,,5199,0.019688457250595093
,,,7,,,,,,,,,,,,,,,,,,,,,,,,,,,,,5209,0.314293771982193
,,,7,,,,,,,,,,,,,,,,,,,,,,,,,,,,,5219,0.3661153316497803
,,,7,,,,,,,,,,,,,,,,,,,,,,,,,,,,,5229,0.021169569343328476
,,,7,,,,,,,,,,,,,,,,,,,,,,,,,,,,,5239,0.6139410138130188
,,,7,,,,,,,,,,,,,,,,,,,,,,,,,,,,,5249,1.0647650957107544
,,,7,,,,,,,,,,,,,,,,,,,,,,,,,,,,,5259,0.44472405314445496
,,,7,,,,,,,,,,,,,,,,,,,,,,,,,,,,,5269,0.05668143182992935
,,,7,,,,,,,,,,,,,,,,,,,,,,,,,,,,,5279,0.05157078057527542
,,,7,,,,,,,,,,,,,,,,,,,,,,,,,,,,,5289,0.03507380560040474
,,,7,,,,,,,,,,,,,,,,,,,,,,,,,,,,,5299,0.01617245003581047
,,,7,,,,,,,,,,,,,,,,,,,,,,,,,,,,,5309,0.4414927065372467
,,,7,,,,,,,,,,,,,,,,,,,,,,,,,,,,,5319,0.005747878924012184
,,,7,,,,,,,,,,,,,,,,,,,,,,,,,,,,,5329,0.5369405746459961
,,,7,,,,,,,,,,,,,,,,,,,,,,,,,,,,,5339,0.014970551244914532
,,,7,,,,,,,,,,,,,,,,,,,,,,,,,,,,,5349,0.3917687237262726
,,,7,,,,,,,,,,,,,,,,,,,,,,,,,,,,,5359,0.4971536099910736
,,,7,,,,,,,,,,,,,,,,,,,,,,,,,,,,,5369,0.010695002973079681
,,,7,,,,,,,,,,,,,,,,,,,,,,,,,,,,,5379,0.0029246790800243616
,,,7,,,,,,,,,,,,,,,,,,,,,,,,,,,,,5389,0.07074806839227676
,,,7,,,,,,,,,,,,,,,,,,,,,,,,,,,,,5399,0.07189472764730453
,,,7,,,,,,,,,,,,,,,,,,,,,,,,,,,,,5409,1.8081904649734497
,,,7,,,,,,,,,,,,,,,,,,,,,,,,,,,,,5419,2.5418457984924316
,,,7,,,,,,,,,,,,,,,,,,,,,,,,,,,,,5429,0.006119396071881056
,,,7,,,,,,,,,,,,,,,,,,,,,,,,,,,,,5439,0.22142143547534943
,,,7,,,,,,,,,,,,,,,,,,,,,,,,,,,,,5449,0.15079805254936218
,,,7,,,,,,,,,,,,,,,,,,,,,,,,,,,,,5459,0.018135009333491325
,,,7,,,,,,,,,,,,,,,,,,,,,,,,,,,,,5469,0.10146103799343109
,,,7,,,,,,,,,,,,,,,,,,,,,,,,,,,,,5479,0.006353595294058323
,,,7,,,,,,,,,,,,,,,,,,,,,,,,,,,,,5489,0.016213783994317055
,,,7,,,,,,,,,,,,,,,,,,,,,,,,,,,,,5499,0.19210734963417053
,,,7,,,,,,,,,,,,,,,,,,,,,,,,,,,,,5509,0.002938140882179141
,,,7,,,,,,,,,,,,,,,,,,,,,,,,,,,,,5519,0.005439197178930044
,,,7,,,,,,,,,,,,,,,,,,,,,,,,,,,,,5529,0.0026185589376837015
,,,7,,,,,,,,,,,,,,,,,,,,,,,,,,,,,5539,0.03862660005688667
,,,7,,,,,,,,,,,,,,,,,,,,,,,,,,,,,5549,2.493025541305542
,,,7,,,,,,,,,,,,,,,,,,,,,,,,,,,,,5559,0.024087293073534966
,,,7,,,,,,,,,,,,,,,,,,,,,,,,,,,,,5569,0.37090879678726196
,,,7,,,,,,,,,,,,,,,,,,,,,,,,,,,,,5579,0.09955406188964844
,,,7,,,,,,,,,,,,,,,,,,,,,,,,,,,,,5589,0.23083703219890594
,,,7,,,,,,,,,,,,,,,,,,,,,,,,,,,,,5599,0.037054404616355896
,,,,5.625860740567357e-07,3.1516323605293127e-06,4.8486651700450955e-06,4.8486651700450955e-06,7.459484876992455e-06,7.459484876992455e-06,1.1476130579988391e-05,1.1476130579988391e-05,1.765558550767445e-05,1.765558550767445e-05,2.7162439242576073e-05,5.625860740567357e-07,2.7162439242576073e-05,4.178836806550165e-05,4.178836806550165e-05,6.428979702384869e-05,6.428979702384869e-05,9.890738003669029e-05,9.890738003669029e-05,9.890738003669029e-05,9.890738003669029e-05,8.655170370103625e-07,8.655170370103625e-07,1.3315646723236346e-06,1.3315646723236346e-06,2.048561034344053e-06,2.048561034344053e-06,3.1516323605293127e-06,5608,
,,,8,,,,,,,,,,,,,,,,,,,,,,,,,,,,,5609,0.02109837904572487
,,,8,,,,,,,,,,,,,,,,,,,,,,,,,,,,,5619,0.1990438550710678
,,,8,,,,,,,,,,,,,,,,,,,,,,,,,,,,,5629,0.0025204287376254797
,,,8,,,,,,,,,,,,,,,,,,,,,,,,,,,,,5639,0.13798435032367706
,,,8,,,,,,,,,,,,,,,,,,,,,,,,,,,,,5649,0.046728964895009995
,,,8,,,,,,,,,,,,,,,,,,,,,,,,,,,,,5659,0.004224471747875214
,,,8,,,,,,,,,,,,,,,,,,,,,,,,,,,,,5669,0.01335259061306715
,,,8,,,,,,,,,,,,,,,,,,,,,,,,,,,,,5679,0.00531772943213582
,,,8,,,,,,,,,,,,,,,,,,,,,,,,,,,,,5689,0.0037033152766525745
,,,8,,,,,,,,,,,,,,,,,,,,,,,,,,,,,5699,0.002483178861439228
,,,8,,,,,,,,,,,,,,,,,,,,,,,,,,,,,5709,0.05486814305186272
,,,8,,,,,,,,,,,,,,,,,,,,,,,,,,,,,5719,0.02012152038514614
,,,8,,,,,,,,,,,,,,,,,,,,,,,,,,,,,5729,0.049380283802747726
,,,8,,,,,,,,,,,,,,,,,,,,,,,,,,,,,5739,0.132607564330101
,,,8,,,,,,,,,,,,,,,,,,,,,,,,,,,,,5749,0.003896411508321762
,,,8,,,,,,,,,,,,,,,,,,,,,,,,,,,,,5759,0.004479933530092239
,,,8,,,,,,,,,,,,,,,,,,,,,,,,,,,,,5769,0.0707518607378006
,,,8,,,,,,,,,,,,,,,,,,,,,,,,,,,,,5779,0.006559435278177261
,,,8,,,,,,,,,,,,,,,,,,,,,,,,,,,,,5789,0.03642846643924713
,,,8,,,,,,,,,,,,,,,,,,,,,,,,,,,,,5799,0.016650712117552757
,,,8,,,,,,,,,,,,,,,,,,,,,,,,,,,,,5809,0.0059666805900633335
,,,8,,,,,,,,,,,,,,,,,,,,,,,,,,,,,5819,0.0051858071237802505
,,,8,,,,,,,,,,,,,,,,,,,,,,,,,,,,,5829,0.011693408712744713
,,,8,,,,,,,,,,,,,,,,,,,,,,,,,,,,,5839,0.6683151125907898
,,,8,,,,,,,,,,,,,,,,,,,,,,,,,,,,,5849,0.017813147976994514
,,,8,,,,,,,,,,,,,,,,,,,,,,,,,,,,,5859,0.0027244898956269026
,,,8,,,,,,,,,,,,,,,,,,,,,,,,,,,,,5869,0.6498551964759827
,,,8,,,,,,,,,,,,,,,,,,,,,,,,,,,,,5879,0.07921217381954193
,,,8,,,,,,,,,,,,,,,,,,,,,,,,,,,,,5889,0.008349227719008923
,,,8,,,,,,,,,,,,,,,,,,,,,,,,,,,,,5899,0.002386585110798478
,,,8,,,,,,,,,,,,,,,,,,,,,,,,,,,,,5909,0.008047737181186676
,,,8,,,,,,,,,,,,,,,,,,,,,,,,,,,,,5919,0.005349971354007721
,,,8,,,,,,,,,,,,,,,,,,,,,,,,,,,,,5929,0.018242595717310905
,,,8,,,,,,,,,,,,,,,,,,,,,,,,,,,,,5939,0.005753457546234131
,,,8,,,,,,,,,,,,,,,,,,,,,,,,,,,,,5949,0.06591840088367462
,,,8,,,,,,,,,,,,,,,,,,,,,,,,,,,,,5959,0.005050546023994684
,,,8,,,,,,,,,,,,,,,,,,,,,,,,,,,,,5969,0.0029159928672015667
,,,8,,,,,,,,,,,,,,,,,,,,,,,,,,,,,5979,0.06813495606184006
,,,8,,,,,,,,,,,,,,,,,,,,,,,,,,,,,5989,0.10828440636396408
,,,8,,,,,,,,,,,,,,,,,,,,,,,,,,,,,5999,0.1299874186515808
,,,8,,,,,,,,,,,,,,,,,,,,,,,,,,,,,6009,0.04092030972242355
,,,8,,,,,,,,,,,,,,,,,,,,,,,,,,,,,6019,0.01899544522166252
,,,8,,,,,,,,,,,,,,,,,,,,,,,,,,,,,6029,0.0217451024800539
,,,8,,,,,,,,,,,,,,,,,,,,,,,,,,,,,6039,0.7510771751403809
,,,8,,,,,,,,,,,,,,,,,,,,,,,,,,,,,6049,0.04974164441227913
,,,8,,,,,,,,,,,,,,,,,,,,,,,,,,,,,6059,0.008900007233023643
,,,8,,,,,,,,,,,,,,,,,,,,,,,,,,,,,6069,0.015850773081183434
,,,8,,,,,,,,,,,,,,,,,,,,,,,,,,,,,6079,0.012825441546738148
,,,8,,,,,,,,,,,,,,,,,,,,,,,,,,,,,6089,0.04590301960706711
,,,8,,,,,,,,,,,,,,,,,,,,,,,,,,,,,6099,0.02762162685394287
,,,8,,,,,,,,,,,,,,,,,,,,,,,,,,,,,6109,0.06988818198442459
,,,8,,,,,,,,,,,,,,,,,,,,,,,,,,,,,6119,0.012554414570331573
,,,8,,,,,,,,,,,,,,,,,,,,,,,,,,,,,6129,0.16085149347782135
,,,8,,,,,,,,,,,,,,,,,,,,,,,,,,,,,6139,0.025451909750699997
,,,8,,,,,,,,,,,,,,,,,,,,,,,,,,,,,6149,0.01713828556239605
,,,8,,,,,,,,,,,,,,,,,,,,,,,,,,,,,6159,0.0071926419623196125
,,,8,,,,,,,,,,,,,,,,,,,,,,,,,,,,,6169,0.05764002352952957
,,,8,,,,,,,,,,,,,,,,,,,,,,,,,,,,,6179,0.010662145912647247
,,,8,,,,,,,,,,,,,,,,,,,,,,,,,,,,,6189,0.22000278532505035
,,,8,,,,,,,,,,,,,,,,,,,,,,,,,,,,,6199,0.0538320392370224
,,,8,,,,,,,,,,,,,,,,,,,,,,,,,,,,,6209,0.5073956251144409
,,,8,,,,,,,,,,,,,,,,,,,,,,,,,,,,,6219,0.18468524515628815
,,,8,,,,,,,,,,,,,,,,,,,,,,,,,,,,,6229,0.023084111511707306
,,,8,,,,,,,,,,,,,,,,,,,,,,,,,,,,,6239,0.00744220893830061
,,,8,,,,,,,,,,,,,,,,,,,,,,,,,,,,,6249,0.010773162357509136
,,,8,,,,,,,,,,,,,,,,,,,,,,,,,,,,,6259,0.0024883022997528315
,,,8,,,,,,,,,,,,,,,,,,,,,,,,,,,,,6269,0.5502217411994934
,,,8,,,,,,,,,,,,,,,,,,,,,,,,,,,,,6279,0.06509342044591904
,,,8,,,,,,,,,,,,,,,,,,,,,,,,,,,,,6289,0.18568767607212067
,,,8,,,,,,,,,,,,,,,,,,,,,,,,,,,,,6299,0.007462969981133938
,,,,5.577837150809623e-07,3.1247293306590787e-06,4.807275893321659e-06,4.807275893321659e-06,7.395809066648706e-06,7.395809066648706e-06,1.1378167794844163e-05,1.1378167794844163e-05,1.750487353052948e-05,1.750487353052948e-05,2.6930574662353044e-05,5.577837150809623e-07,2.6930574662353044e-05,4.143165332669699e-05,4.143165332669699e-05,6.374100511799537e-05,6.374100511799537e-05,9.806308479691595e-05,9.806308479691595e-05,9.806308479691595e-05,9.806308479691595e-05,8.581287924322494e-07,8.581287924322494e-07,1.3201981422034608e-06,1.3201981422034608e-06,2.031074064928401e-06,2.031074064928401e-06,3.1247293306590787e-06,6309,
,,,9,,,,,,,,,,,,,,,,,,,,,,,,,,,,,6309,0.006137472111731768
,,,9,,,,,,,,,,,,,,,,,,,,,,,,,,,,,6319,0.01131507195532322
,,,9,,,,,,,,,,,,,,,,,,,,,,,,,,,,,6329,0.0021084125619381666
,,,9,,,,,,,,,,,,,,,,,,,,,,,,,,,,,6339,0.1483267992734909
,,,9,,,,,,,,,,,,,,,,,,,,,,,,,,,,,6349,0.03317563608288765
,,,9,,,,,,,,,,,,,,,,,,,,,,,,,,,,,6359,0.2775575816631317
,,,9,,,,,,,,,,,,,,,,,,,,,,,,,,,,,6369,0.04889382794499397
,,,9,,,,,,,,,,,,,,,,,,,,,,,,,,,,,6379,0.6299537420272827
,,,9,,,,,,,,,,,,,,,,,,,,,,,,,,,,,6389,0.014763754792511463
,,,9,,,,,,,,,,,,,,,,,,,,,,,,,,,,,6399,0.009997147135436535
,,,9,,,,,,,,,,,,,,,,,,,,,,,,,,,,,6409,0.1297546923160553
,,,9,,,,,,,,,,,,,,,,,,,,,,,,,,,,,6419,0.07680931687355042
,,,9,,,,,,,,,,,,,,,,,,,,,,,,,,,,,6429,0.004490510560572147
,,,9,,,,,,,,,,,,,,,,,,,,,,,,,,,,,6439,0.05464962124824524
,,,9,,,,,,,,,,,,,,,,,,,,,,,,,,,,,6449,0.02849617786705494
,,,9,,,,,,,,,,,,,,,,,,,,,,,,,,,,,6459,0.014360958710312843
,,,9,,,,,,,,,,,,,,,,,,,,,,,,,,,,,6469,0.029093286022543907
,,,9,,,,,,,,,,,,,,,,,,,,,,,,,,,,,6479,0.040066659450531006
,,,9,,,,,,,,,,,,,,,,,,,,,,,,,,,,,6489,0.21672601997852325
,,,9,,,,,,,,,,,,,,,,,,,,,,,,,,,,,6499,0.11300933361053467
,,,9,,,,,,,,,,,,,,,,,,,,,,,,,,,,,6509,0.0014380437787622213
,,,9,,,,,,,,,,,,,,,,,,,,,,,,,,,,,6519,0.004095667973160744
,,,9,,,,,,,,,,,,,,,,,,,,,,,,,,,,,6529,0.006439786404371262
,,,9,,,,,,,,,,,,,,,,,,,,,,,,,,,,,6539,0.4216976463794708
,,,9,,,,,,,,,,,,,,,,,,,,,,,,,,,,,6549,0.0033077686093747616
,,,9,,,,,,,,,,,,,,,,,,,,,,,,,,,,,6559,0.05352354794740677
,,,9,,,,,,,,,,,,,,,,,,,,,,,,,,,,,6569,0.14128611981868744
,,,9,,,,,,,,,,,,,,,,,,,,,,,,,,,,,6579,0.07481466978788376
,,,9,,,,,,,,,,,,,,,,,,,,,,,,,,,,,6589,0.01316753402352333
,,,9,,,,,,,,,,,,,,,,,,,,,,,,,,,,,6599,0.09494800865650177
,,,9,,,,,,,,,,,,,,,,,,,,,,,,,,,,,6609,0.0037170194555073977
,,,9,,,,,,,,,,,,,,,,,,,,,,,,,,,,,6619,0.19673293828964233
,,,9,,,,,,,,,,,,,,,,,,,,,,,,,,,,,6629,0.07166490703821182
,,,9,,,,,,,,,,,,,,,,,,,,,,,,,,,,,6639,0.09019304066896439
,,,9,,,,,,,,,,,,,,,,,,,,,,,,,,,,,6649,0.23774641752243042
,,,9,,,,,,,,,,,,,,,,,,,,,,,,,,,,,6659,0.0032661715522408485
,,,9,,,,,,,,,,,,,,,,,,,,,,,,,,,,,6669,0.02715504728257656
,,,9,,,,,,,,,,,,,,,,,,,,,,,,,,,,,6679,0.009006364271044731
,,,9,,,,,,,,,,,,,,,,,,,,,,,,,,,,,6689,0.005205731373280287
,,,9,,,,,,,,,,,,,,,,,,,,,,,,,,,,,6699,0.035541336983442307
,,,9,,,,,,,,,,,,,,,,,,,,,,,,,,,,,6709,0.11088071018457413
,,,9,,,,,,,,,,,,,,,,,,,,,,,,,,,,,6719,0.10319606959819794
,,,9,,,,,,,,,,,,,,,,,,,,,,,,,,,,,6729,0.06075700744986534
,,,9,,,,,,,,,,,,,,,,,,,,,,,,,,,,,6739,0.05087418109178543
,,,9,,,,,,,,,,,,,,,,,,,,,,,,,,,,,6749,0.025926969945430756
,,,9,,,,,,,,,,,,,,,,,,,,,,,,,,,,,6759,0.014610887505114079
,,,9,,,,,,,,,,,,,,,,,,,,,,,,,,,,,6769,0.15958362817764282
,,,9,,,,,,,,,,,,,,,,,,,,,,,,,,,,,6779,0.0026118215173482895
,,,9,,,,,,,,,,,,,,,,,,,,,,,,,,,,,6789,0.01762319542467594
,,,9,,,,,,,,,,,,,,,,,,,,,,,,,,,,,6799,0.018964001908898354
,,,9,,,,,,,,,,,,,,,,,,,,,,,,,,,,,6809,0.07253485172986984
,,,9,,,,,,,,,,,,,,,,,,,,,,,,,,,,,6819,0.010805039666593075
,,,9,,,,,,,,,,,,,,,,,,,,,,,,,,,,,6829,0.18015813827514648
,,,9,,,,,,,,,,,,,,,,,,,,,,,,,,,,,6839,0.013991723768413067
,,,9,,,,,,,,,,,,,,,,,,,,,,,,,,,,,6849,0.0022956591565161943
,,,9,,,,,,,,,,,,,,,,,,,,,,,,,,,,,6859,0.0028322143480181694
,,,9,,,,,,,,,,,,,,,,,,,,,,,,,,,,,6869,0.011667267419397831
,,,9,,,,,,,,,,,,,,,,,,,,,,,,,,,,,6879,0.007143170107156038
,,,9,,,,,,,,,,,,,,,,,,,,,,,,,,,,,6889,1.1810476779937744
,,,9,,,,,,,,,,,,,,,,,,,,,,,,,,,,,6899,0.1162213608622551
,,,9,,,,,,,,,,,,,,,,,,,,,,,,,,,,,6909,0.01539655402302742
,,,9,,,,,,,,,,,,,,,,,,,,,,,,,,,,,6919,0.18689145147800446
,,,9,,,,,,,,,,,,,,,,,,,,,,,,,,,,,6929,0.02278650552034378
,,,9,,,,,,,,,,,,,,,,,,,,,,,,,,,,,6939,0.0017415942857041955
,,,9,,,,,,,,,,,,,,,,,,,,,,,,,,,,,6949,0.021939964964985847
,,,9,,,,,,,,,,,,,,,,,,,,,,,,,,,,,6959,0.014595012180507183
,,,9,,,,,,,,,,,,,,,,,,,,,,,,,,,,,6969,2.3609423637390137
,,,9,,,,,,,,,,,,,,,,,,,,,,,,,,,,,6979,0.01580940932035446
,,,9,,,,,,,,,,,,,,,,,,,,,,,,,,,,,6989,0.0076190815307199955
,,,9,,,,,,,,,,,,,,,,,,,,,,,,,,,,,6999,0.01458029542118311
,,,9,,,,,,,,,,,,,,,,,,,,,,,,,,,,,7009,0.06664163619279861
0.8726163506507874,0.8326055407524109,0.9166666865348816,9,,,,,,,,,,,,,,,,,,,,,,,,,,,,,7009,
,,,,5.516494603334762e-07,3.0903649610782603e-06,4.7544076324280925e-06,4.7544076324280925e-06,7.314473280658603e-06,7.314473280658603e-06,1.125303581639785e-05,1.125303581639785e-05,1.7312362794458232e-05,1.7312362794458232e-05,2.663440429916651e-05,5.516494603334762e-07,2.663440429916651e-05,4.097600661410232e-05,4.097600661410232e-05,6.304001017554203e-05,6.304001017554203e-05,9.698463103929542e-05,9.698463103929542e-05,9.698463103929542e-05,9.698463103929542e-05,8.486914774361172e-07,8.486914774361172e-07,1.3056791960555651e-06,1.3056791960555651e-06,2.0087372247008692e-06,2.0087372247008692e-06,3.0903649610782603e-06,7010,
,,,10,,,,,,,,,,,,,,,,,,,,,,,,,,,,,7019,0.7086591124534607
,,,10,,,,,,,,,,,,,,,,,,,,,,,,,,,,,7029,0.06342293322086334
,,,10,,,,,,,,,,,,,,,,,,,,,,,,,,,,,7039,0.0036826967261731625
,,,10,,,,,,,,,,,,,,,,,,,,,,,,,,,,,7049,0.2174961417913437
,,,10,,,,,,,,,,,,,,,,,,,,,,,,,,,,,7059,0.0035556545481085777
,,,10,,,,,,,,,,,,,,,,,,,,,,,,,,,,,7069,0.002582024084404111
,,,10,,,,,,,,,,,,,,,,,,,,,,,,,,,,,7079,0.006601659115403891
,,,10,,,,,,,,,,,,,,,,,,,,,,,,,,,,,7089,0.029369764029979706
,,,10,,,,,,,,,,,,,,,,,,,,,,,,,,,,,7099,0.06373663991689682
,,,10,,,,,,,,,,,,,,,,,,,,,,,,,,,,,7109,0.030124617740511894
,,,10,,,,,,,,,,,,,,,,,,,,,,,,,,,,,7119,0.13396966457366943
,,,10,,,,,,,,,,,,,,,,,,,,,,,,,,,,,7129,0.0777595192193985
,,,10,,,,,,,,,,,,,,,,,,,,,,,,,,,,,7139,0.471302330493927
,,,10,,,,,,,,,,,,,,,,,,,,,,,,,,,,,7149,0.09489024430513382
,,,10,,,,,,,,,,,,,,,,,,,,,,,,,,,,,7159,0.006915938574820757
,,,10,,,,,,,,,,,,,,,,,,,,,,,,,,,,,7169,0.003179623046889901
,,,10,,,,,,,,,,,,,,,,,,,,,,,,,,,,,7179,0.003543122438713908
,,,10,,,,,,,,,,,,,,,,,,,,,,,,,,,,,7189,0.2385466992855072
,,,10,,,,,,,,,,,,,,,,,,,,,,,,,,,,,7199,0.008474099449813366
,,,10,,,,,,,,,,,,,,,,,,,,,,,,,,,,,7209,0.0030594400595873594
,,,10,,,,,,,,,,,,,,,,,,,,,,,,,,,,,7219,0.006760152522474527
,,,10,,,,,,,,,,,,,,,,,,,,,,,,,,,,,7229,0.01968107745051384
,,,10,,,,,,,,,,,,,,,,,,,,,,,,,,,,,7239,0.008629858493804932
,,,10,,,,,,,,,,,,,,,,,,,,,,,,,,,,,7249,0.03865683823823929
,,,10,,,,,,,,,,,,,,,,,,,,,,,,,,,,,7259,0.0019594551995396614
,,,10,,,,,,,,,,,,,,,,,,,,,,,,,,,,,7269,0.02780471183359623
,,,10,,,,,,,,,,,,,,,,,,,,,,,,,,,,,7279,0.01630851812660694
,,,10,,,,,,,,,,,,,,,,,,,,,,,,,,,,,7289,0.005639886483550072
,,,10,,,,,,,,,,,,,,,,,,,,,,,,,,,,,7299,0.011128071695566177
,,,10,,,,,,,,,,,,,,,,,,,,,,,,,,,,,7309,0.003869173116981983
,,,10,,,,,,,,,,,,,,,,,,,,,,,,,,,,,7319,0.005930555518716574
,,,10,,,,,,,,,,,,,,,,,,,,,,,,,,,,,7329,0.01653878577053547
,,,10,,,,,,,,,,,,,,,,,,,,,,,,,,,,,7339,0.025796622037887573
,,,10,,,,,,,,,,,,,,,,,,,,,,,,,,,,,7349,0.0026907571591436863
,,,10,,,,,,,,,,,,,,,,,,,,,,,,,,,,,7359,0.008105508051812649
,,,10,,,,,,,,,,,,,,,,,,,,,,,,,,,,,7369,0.002202069852501154
,,,10,,,,,,,,,,,,,,,,,,,,,,,,,,,,,7379,0.6177575588226318
,,,10,,,,,,,,,,,,,,,,,,,,,,,,,,,,,7389,0.006497249007225037
,,,10,,,,,,,,,,,,,,,,,,,,,,,,,,,,,7399,0.15775556862354279
,,,10,,,,,,,,,,,,,,,,,,,,,,,,,,,,,7409,0.06795772165060043
,,,10,,,,,,,,,,,,,,,,,,,,,,,,,,,,,7419,0.008530554361641407
,,,10,,,,,,,,,,,,,,,,,,,,,,,,,,,,,7429,0.0781235471367836
,,,10,,,,,,,,,,,,,,,,,,,,,,,,,,,,,7439,0.022531658411026
,,,10,,,,,,,,,,,,,,,,,,,,,,,,,,,,,7449,0.04903267323970795
,,,10,,,,,,,,,,,,,,,,,,,,,,,,,,,,,7459,0.03925329074263573
,,,10,,,,,,,,,,,,,,,,,,,,,,,,,,,,,7469,0.15420500934123993
,,,10,,,,,,,,,,,,,,,,,,,,,,,,,,,,,7479,1.650125503540039
,,,10,,,,,,,,,,,,,,,,,,,,,,,,,,,,,7489,0.0352887399494648
,,,10,,,,,,,,,,,,,,,,,,,,,,,,,,,,,7499,0.6611376404762268
,,,10,,,,,,,,,,,,,,,,,,,,,,,,,,,,,7509,0.10940708965063095
,,,10,,,,,,,,,,,,,,,,,,,,,,,,,,,,,7519,0.1733233630657196
,,,10,,,,,,,,,,,,,,,,,,,,,,,,,,,,,7529,0.10689343512058258
,,,10,,,,,,,,,,,,,,,,,,,,,,,,,,,,,7539,0.006531192921102047
,,,10,,,,,,,,,,,,,,,,,,,,,,,,,,,,,7549,0.010412708856165409
,,,10,,,,,,,,,,,,,,,,,,,,,,,,,,,,,7559,0.005740086082369089
,,,10,,,,,,,,,,,,,,,,,,,,,,,,,,,,,7569,0.035315532237291336
,,,10,,,,,,,,,,,,,,,,,,,,,,,,,,,,,7579,0.0699983686208725
,,,10,,,,,,,,,,,,,,,,,,,,,,,,,,,,,7589,0.006716520991176367
,,,10,,,,,,,,,,,,,,,,,,,,,,,,,,,,,7599,0.12279833853244781
,,,10,,,,,,,,,,,,,,,,,,,,,,,,,,,,,7609,0.006211342755705118
,,,10,,,,,,,,,,,,,,,,,,,,,,,,,,,,,7619,0.034105632454156876
,,,10,,,,,,,,,,,,,,,,,,,,,,,,,,,,,7629,0.02829962782561779
,,,10,,,,,,,,,,,,,,,,,,,,,,,,,,,,,7639,0.013963954523205757
,,,10,,,,,,,,,,,,,,,,,,,,,,,,,,,,,7649,0.4892960786819458
,,,10,,,,,,,,,,,,,,,,,,,,,,,,,,,,,7659,0.21574507653713226
,,,10,,,,,,,,,,,,,,,,,,,,,,,,,,,,,7669,0.008835316635668278
,,,10,,,,,,,,,,,,,,,,,,,,,,,,,,,,,7679,0.0182847548276186
,,,10,,,,,,,,,,,,,,,,,,,,,,,,,,,,,7689,0.006308307405561209
,,,10,,,,,,,,,,,,,,,,,,,,,,,,,,,,,7699,0.005147266201674938
,,,10,,,,,,,,,,,,,,,,,,,,,,,,,,,,,7709,0.006435621064156294
,,,,5.442131952867944e-07,3.0487066715411608e-06,4.69031795621717e-06,4.69031795621717e-06,7.215873778795645e-06,7.215873778795645e-06,1.1101344275070223e-05,1.1101344275070223e-05,1.7078991192415727e-05,1.7078991192415727e-05,2.6275371065254964e-05,5.442131952867944e-07,2.6275371065254964e-05,4.042364779269994e-05,4.042364779269994e-05,6.219022737338454e-05,6.219022737338454e-05,9.567727288213005e-05,9.567727288213005e-05,9.567727288213005e-05,9.567727288213005e-05,8.372510696719912e-07,8.372510696719912e-07,1.2880785687261406e-06,1.2880785687261406e-06,1.9816593365017543e-06,1.9816593365017543e-06,3.0487066715411608e-06,7711,
,,,11,,,,,,,,,,,,,,,,,,,,,,,,,,,,,7719,0.0036210177931934595
,,,11,,,,,,,,,,,,,,,,,,,,,,,,,,,,,7729,0.22509238123893738
,,,11,,,,,,,,,,,,,,,,,,,,,,,,,,,,,7739,0.2452102154493332
,,,11,,,,,,,,,,,,,,,,,,,,,,,,,,,,,7749,0.009870195761322975
,,,11,,,,,,,,,,,,,,,,,,,,,,,,,,,,,7759,0.013093252666294575
,,,11,,,,,,,,,,,,,,,,,,,,,,,,,,,,,7769,0.014416906982660294
,,,11,,,,,,,,,,,,,,,,,,,,,,,,,,,,,7779,0.00499268202111125
,,,11,,,,,,,,,,,,,,,,,,,,,,,,,,,,,7789,0.001767164678312838
,,,11,,,,,,,,,,,,,,,,,,,,,,,,,,,,,7799,0.04918414354324341
,,,11,,,,,,,,,,,,,,,,,,,,,,,,,,,,,7809,0.031773652881383896
,,,11,,,,,,,,,,,,,,,,,,,,,,,,,,,,,7819,0.0032582320272922516
,,,11,,,,,,,,,,,,,,,,,,,,,,,,,,,,,7829,0.021147040650248528
,,,11,,,,,,,,,,,,,,,,,,,,,,,,,,,,,7839,0.3562082350254059
,,,11,,,,,,,,,,,,,,,,,,,,,,,,,,,,,7849,0.0037032379768788815
,,,11,,,,,,,,,,,,,,,,,,,,,,,,,,,,,7859,0.02670901082456112
,,,11,,,,,,,,,,,,,,,,,,,,,,,,,,,,,7869,0.00488803256303072
,,,11,,,,,,,,,,,,,,,,,,,,,,,,,,,,,7879,0.013604795560240746
,,,11,,,,,,,,,,,,,,,,,,,,,,,,,,,,,7889,0.4210144281387329
,,,11,,,,,,,,,,,,,,,,,,,,,,,,,,,,,7899,0.012230644933879375
,,,11,,,,,,,,,,,,,,,,,,,,,,,,,,,,,7909,0.023005865514278412
,,,11,,,,,,,,,,,,,,,,,,,,,,,,,,,,,7919,0.0595664381980896
,,,11,,,,,,,,,,,,,,,,,,,,,,,,,,,,,7929,0.00856828223913908
,,,11,,,,,,,,,,,,,,,,,,,,,,,,,,,,,7939,0.128862664103508
,,,11,,,,,,,,,,,,,,,,,,,,,,,,,,,,,7949,0.1455487459897995
,,,11,,,,,,,,,,,,,,,,,,,,,,,,,,,,,7959,0.0025594334583729506
,,,11,,,,,,,,,,,,,,,,,,,,,,,,,,,,,7969,0.007481157314032316
,,,11,,,,,,,,,,,,,,,,,,,,,,,,,,,,,7979,0.09850770235061646
,,,11,,,,,,,,,,,,,,,,,,,,,,,,,,,,,7989,0.011756528168916702
,,,11,,,,,,,,,,,,,,,,,,,,,,,,,,,,,7999,0.1257648766040802
,,,11,,,,,,,,,,,,,,,,,,,,,,,,,,,,,8009,1.0914626121520996
,,,11,,,,,,,,,,,,,,,,,,,,,,,,,,,,,8019,0.07122769206762314
,,,11,,,,,,,,,,,,,,,,,,,,,,,,,,,,,8029,0.02770880050957203
,,,11,,,,,,,,,,,,,,,,,,,,,,,,,,,,,8039,0.014749790541827679
,,,11,,,,,,,,,,,,,,,,,,,,,,,,,,,,,8049,0.007671421393752098
,,,11,,,,,,,,,,,,,,,,,,,,,,,,,,,,,8059,0.008958152495324612
,,,11,,,,,,,,,,,,,,,,,,,,,,,,,,,,,8069,0.005400601774454117
,,,11,,,,,,,,,,,,,,,,,,,,,,,,,,,,,8079,0.0033375585917383432
,,,11,,,,,,,,,,,,,,,,,,,,,,,,,,,,,8089,0.009135210886597633
,,,11,,,,,,,,,,,,,,,,,,,,,,,,,,,,,8099,0.0054075103253126144
,,,11,,,,,,,,,,,,,,,,,,,,,,,,,,,,,8109,0.08054745197296143
,,,11,,,,,,,,,,,,,,,,,,,,,,,,,,,,,8119,0.11862283200025558
,,,11,,,,,,,,,,,,,,,,,,,,,,,,,,,,,8129,0.011344606988132
,,,11,,,,,,,,,,,,,,,,,,,,,,,,,,,,,8139,0.002821808448061347
,,,11,,,,,,,,,,,,,,,,,,,,,,,,,,,,,8149,0.10893820971250534
,,,11,,,,,,,,,,,,,,,,,,,,,,,,,,,,,8159,0.06838609278202057
,,,11,,,,,,,,,,,,,,,,,,,,,,,,,,,,,8169,0.050410814583301544
,,,11,,,,,,,,,,,,,,,,,,,,,,,,,,,,,8179,0.5683647394180298
,,,11,,,,,,,,,,,,,,,,,,,,,,,,,,,,,8189,0.00495764147490263
,,,11,,,,,,,,,,,,,,,,,,,,,,,,,,,,,8199,0.09081777930259705
,,,11,,,,,,,,,,,,,,,,,,,,,,,,,,,,,8209,0.00893695279955864
,,,11,,,,,,,,,,,,,,,,,,,,,,,,,,,,,8219,0.003284381702542305
,,,11,,,,,,,,,,,,,,,,,,,,,,,,,,,,,8229,0.060894906520843506
,,,11,,,,,,,,,,,,,,,,,,,,,,,,,,,,,8239,0.0032214547973126173
,,,11,,,,,,,,,,,,,,,,,,,,,,,,,,,,,8249,0.48084551095962524
,,,11,,,,,,,,,,,,,,,,,,,,,,,,,,,,,8259,0.0153290880843997
,,,11,,,,,,,,,,,,,,,,,,,,,,,,,,,,,8269,0.005462740547955036
,,,11,,,,,,,,,,,,,,,,,,,,,,,,,,,,,8279,0.0020416525658220053
,,,11,,,,,,,,,,,,,,,,,,,,,,,,,,,,,8289,0.17874616384506226
,,,11,,,,,,,,,,,,,,,,,,,,,,,,,,,,,8299,0.1046370193362236
,,,11,,,,,,,,,,,,,,,,,,,,,,,,,,,,,8309,0.18734747171401978
,,,11,,,,,,,,,,,,,,,,,,,,,,,,,,,,,8319,0.008770721033215523
,,,11,,,,,,,,,,,,,,,,,,,,,,,,,,,,,8329,0.031344469636678696
,,,11,,,,,,,,,,,,,,,,,,,,,,,,,,,,,8339,0.42688092589378357
,,,11,,,,,,,,,,,,,,,,,,,,,,,,,,,,,8349,0.023834558203816414
,,,11,,,,,,,,,,,,,,,,,,,,,,,,,,,,,8359,0.006766221020370722
,,,11,,,,,,,,,,,,,,,,,,,,,,,,,,,,,8369,0.010614658705890179
,,,11,,,,,,,,,,,,,,,,,,,,,,,,,,,,,8379,0.005345323123037815
,,,11,,,,,,,,,,,,,,,,,,,,,,,,,,,,,8389,0.0015371061163023114
,,,11,,,,,,,,,,,,,,,,,,,,,,,,,,,,,8399,0.14662231504917145
,,,11,,,,,,,,,,,,,,,,,,,,,,,,,,,,,8409,0.1707979440689087
,,,,5.355111486767334e-07,2.999957417046929e-06,4.615319103149121e-06,4.615319103149121e-06,7.100490927921724e-06,7.100490927921724e-06,1.0923832196802652e-05,1.0923832196802652e-05,1.6805895687388695e-05,1.6805895687388695e-05,2.5855224134444144e-05,5.355111486767334e-07,2.5855224134444144e-05,3.977726789914484e-05,3.977726789914484e-05,6.119579676791514e-05,6.119579676791514e-05,9.414737964294636e-05,9.414737964294636e-05,9.414737964294636e-05,9.414737964294636e-05,8.238633056565128e-07,8.238633056565128e-07,1.2674820087023274e-06,1.2674820087023274e-06,1.9499723210805035e-06,1.9499723210805035e-06,2.999957417046929e-06,8412,
,,,12,,,,,,,,,,,,,,,,,,,,,,,,,,,,,8419,0.005137539003044367
,,,12,,,,,,,,,,,,,,,,,,,,,,,,,,,,,8429,0.010900354944169521
,,,12,,,,,,,,,,,,,,,,,,,,,,,,,,,,,8439,0.0058091483078897
,,,12,,,,,,,,,,,,,,,,,,,,,,,,,,,,,8449,0.0026949753519147635
,,,12,,,,,,,,,,,,,,,,,,,,,,,,,,,,,8459,0.09176371991634369
,,,12,,,,,,,,,,,,,,,,,,,,,,,,,,,,,8469,0.009045547805726528
,,,12,,,,,,,,,,,,,,,,,,,,,,,,,,,,,8479,0.0031324680894613266
,,,12,,,,,,,,,,,,,,,,,,,,,,,,,,,,,8489,0.003714685793966055
,,,12,,,,,,,,,,,,,,,,,,,,,,,,,,,,,8499,0.022179609164595604
,,,12,,,,,,,,,,,,,,,,,,,,,,,,,,,,,8509,0.019361328333616257
,,,12,,,,,,,,,,,,,,,,,,,,,,,,,,,,,8519,0.05317874252796173
,,,12,,,,,,,,,,,,,,,,,,,,,,,,,,,,,8529,0.28711867332458496
,,,12,,,,,,,,,,,,,,,,,,,,,,,,,,,,,8539,0.1279640942811966
,,,12,,,,,,,,,,,,,,,,,,,,,,,,,,,,,8549,0.0013224100694060326
,,,12,,,,,,,,,,,,,,,,,,,,,,,,,,,,,8559,0.07977429032325745
,,,12,,,,,,,,,,,,,,,,,,,,,,,,,,,,,8569,0.010994446463882923
,,,12,,,,,,,,,,,,,,,,,,,,,,,,,,,,,8579,0.03129003569483757
,,,12,,,,,,,,,,,,,,,,,,,,,,,,,,,,,8589,0.010788063518702984
,,,12,,,,,,,,,,,,,,,,,,,,,,,,,,,,,8599,0.012428651563823223
,,,12,,,,,,,,,,,,,,,,,,,,,,,,,,,,,8609,0.07681658118963242
,,,12,,,,,,,,,,,,,,,,,,,,,,,,,,,,,8619,0.0029573196079581976
,,,12,,,,,,,,,,,,,,,,,,,,,,,,,,,,,8629,0.00778934545814991
,,,12,,,,,,,,,,,,,,,,,,,,,,,,,,,,,8639,0.004999428987503052
,,,12,,,,,,,,,,,,,,,,,,,,,,,,,,,,,8649,0.004005745053291321
,,,12,,,,,,,,,,,,,,,,,,,,,,,,,,,,,8659,0.1305018812417984
,,,12,,,,,,,,,,,,,,,,,,,,,,,,,,,,,8669,0.10067855566740036
,,,12,,,,,,,,,,,,,,,,,,,,,,,,,,,,,8679,0.009626079350709915
,,,12,,,,,,,,,,,,,,,,,,,,,,,,,,,,,8689,0.13503043353557587
,,,12,,,,,,,,,,,,,,,,,,,,,,,,,,,,,8699,0.18570415675640106
,,,12,,,,,,,,,,,,,,,,,,,,,,,,,,,,,8709,0.0035212747752666473
,,,12,,,,,,,,,,,,,,,,,,,,,,,,,,,,,8719,0.06257481873035431
,,,12,,,,,,,,,,,,,,,,,,,,,,,,,,,,,8729,0.010553129948675632
,,,12,,,,,,,,,,,,,,,,,,,,,,,,,,,,,8739,0.0051697236485779285
,,,12,,,,,,,,,,,,,,,,,,,,,,,,,,,,,8749,0.0067273532040417194
,,,12,,,,,,,,,,,,,,,,,,,,,,,,,,,,,8759,0.0027474709786474705
,,,12,,,,,,,,,,,,,,,,,,,,,,,,,,,,,8769,0.002580788219347596
,,,12,,,,,,,,,,,,,,,,,,,,,,,,,,,,,8779,0.017099691554903984
,,,12,,,,,,,,,,,,,,,,,,,,,,,,,,,,,8789,0.002328280359506607
,,,12,,,,,,,,,,,,,,,,,,,,,,,,,,,,,8799,0.01056070439517498
,,,12,,,,,,,,,,,,,,,,,,,,,,,,,,,,,8809,0.008340572938323021
,,,12,,,,,,,,,,,,,,,,,,,,,,,,,,,,,8819,0.0276896134018898
,,,12,,,,,,,,,,,,,,,,,,,,,,,,,,,,,8829,0.01833770051598549
,,,12,,,,,,,,,,,,,,,,,,,,,,,,,,,,,8839,0.010397651232779026
,,,12,,,,,,,,,,,,,,,,,,,,,,,,,,,,,8849,0.02487465739250183
,,,12,,,,,,,,,,,,,,,,,,,,,,,,,,,,,8859,0.01059888955205679
,,,12,,,,,,,,,,,,,,,,,,,,,,,,,,,,,8869,0.006603946443647146
,,,12,,,,,,,,,,,,,,,,,,,,,,,,,,,,,8879,0.11470978707075119
,,,12,,,,,,,,,,,,,,,,,,,,,,,,,,,,,8889,0.006649527698755264
,,,12,,,,,,,,,,,,,,,,,,,,,,,,,,,,,8899,0.0029908407013863325
,,,12,,,,,,,,,,,,,,,,,,,,,,,,,,,,,8909,0.000565210182685405
,,,12,,,,,,,,,,,,,,,,,,,,,,,,,,,,,8919,0.01507898885756731
,,,12,,,,,,,,,,,,,,,,,,,,,,,,,,,,,8929,0.006246323697268963
,,,12,,,,,,,,,,,,,,,,,,,,,,,,,,,,,8939,0.0022936512250453234
,,,12,,,,,,,,,,,,,,,,,,,,,,,,,,,,,8949,0.04076699912548065
,,,12,,,,,,,,,,,,,,,,,,,,,,,,,,,,,8959,0.0036684684455394745
,,,12,,,,,,,,,,,,,,,,,,,,,,,,,,,,,8969,0.6913668513298035
,,,12,,,,,,,,,,,,,,,,,,,,,,,,,,,,,8979,0.5199279189109802
,,,12,,,,,,,,,,,,,,,,,,,,,,,,,,,,,8989,0.0028615279588848352
,,,12,,,,,,,,,,,,,,,,,,,,,,,,,,,,,8999,0.005981136113405228
,,,12,,,,,,,,,,,,,,,,,,,,,,,,,,,,,9009,0.048482950776815414
,,,12,,,,,,,,,,,,,,,,,,,,,,,,,,,,,9019,0.022476626560091972
,,,12,,,,,,,,,,,,,,,,,,,,,,,,,,,,,9029,0.006600810214877129
,,,12,,,,,,,,,,,,,,,,,,,,,,,,,,,,,9039,0.014814257621765137
,,,12,,,,,,,,,,,,,,,,,,,,,,,,,,,,,9049,0.0044633024372160435
,,,12,,,,,,,,,,,,,,,,,,,,,,,,,,,,,9059,0.04545465484261513
,,,12,,,,,,,,,,,,,,,,,,,,,,,,,,,,,9069,0.005693976767361164
,,,12,,,,,,,,,,,,,,,,,,,,,,,,,,,,,9079,0.3062976002693176
,,,12,,,,,,,,,,,,,,,,,,,,,,,,,,,,,9089,0.057895246893167496
,,,12,,,,,,,,,,,,,,,,,,,,,,,,,,,,,9099,0.06399974972009659
,,,12,,,,,,,,,,,,,,,,,,,,,,,,,,,,,9109,0.2790968716144562
,,,,5.255857159996507e-07,2.9443546990632016e-06,4.529776460097233e-06,4.529776460097233e-06,6.96888686168805e-06,6.96888686168805e-06,1.0721364402597e-05,1.0721364402597e-05,1.649440677322615e-05,1.649440677322615e-05,2.5376010420347926e-05,5.255857159996507e-07,2.5376010420347926e-05,3.90400160313045e-05,3.90400160313045e-05,6.006156312508385e-05,6.006156312508385e-05,9.24024048078213e-05,9.24024048078213e-05,9.24024048078213e-05,9.24024048078213e-05,8.085934092302317e-07,8.085934092302317e-07,1.2439898603542026e-06,1.2439898603542026e-06,1.913830554391081e-06,1.913830554391081e-06,2.9443546990632016e-06,9113,
,,,13,,,,,,,,,,,,,,,,,,,,,,,,,,,,,9119,0.004672161303460598
,,,13,,,,,,,,,,,,,,,,,,,,,,,,,,,,,9129,0.021887214854359627
,,,13,,,,,,,,,,,,,,,,,,,,,,,,,,,,,9139,0.0015091378008946776
,,,13,,,,,,,,,,,,,,,,,,,,,,,,,,,,,9149,0.03353618085384369
,,,13,,,,,,,,,,,,,,,,,,,,,,,,,,,,,9159,0.011174365878105164
,,,13,,,,,,,,,,,,,,,,,,,,,,,,,,,,,9169,0.015288975089788437
,,,13,,,,,,,,,,,,,,,,,,,,,,,,,,,,,9179,0.015228108502924442
,,,13,,,,,,,,,,,,,,,,,,,,,,,,,,,,,9189,0.022433118894696236
,,,13,,,,,,,,,,,,,,,,,,,,,,,,,,,,,9199,0.007682730443775654
,,,13,,,,,,,,,,,,,,,,,,,,,,,,,,,,,9209,0.004190181847661734
,,,13,,,,,,,,,,,,,,,,,,,,,,,,,,,,,9219,0.002925363602116704
,,,13,,,,,,,,,,,,,,,,,,,,,,,,,,,,,9229,0.0163393747061491
,,,13,,,,,,,,,,,,,,,,,,,,,,,,,,,,,9239,0.015483821742236614
,,,13,,,,,,,,,,,,,,,,,,,,,,,,,,,,,9249,0.030404364690184593
,,,13,,,,,,,,,,,,,,,,,,,,,,,,,,,,,9259,0.029737452045083046
,,,13,,,,,,,,,,,,,,,,,,,,,,,,,,,,,9269,0.005019780248403549
,,,13,,,,,,,,,,,,,,,,,,,,,,,,,,,,,9279,0.10642391443252563
,,,13,,,,,,,,,,,,,,,,,,,,,,,,,,,,,9289,0.003658704925328493
,,,13,,,,,,,,,,,,,,,,,,,,,,,,,,,,,9299,0.01499798521399498
,,,13,,,,,,,,,,,,,,,,,,,,,,,,,,,,,9309,0.5681962966918945
,,,13,,,,,,,,,,,,,,,,,,,,,,,,,,,,,9319,0.014237137511372566
,,,13,,,,,,,,,,,,,,,,,,,,,,,,,,,,,9329,0.003161999862641096
,,,13,,,,,,,,,,,,,,,,,,,,,,,,,,,,,9339,0.007910012267529964
,,,13,,,,,,,,,,,,,,,,,,,,,,,,,,,,,9349,0.0031104322988539934
,,,13,,,,,,,,,,,,,,,,,,,,,,,,,,,,,9359,0.00772462785243988
,,,13,,,,,,,,,,,,,,,,,,,,,,,,,,,,,9369,0.0022378861904144287
,,,13,,,,,,,,,,,,,,,,,,,,,,,,,,,,,9379,0.1821562498807907
,,,13,,,,,,,,,,,,,,,,,,,,,,,,,,,,,9389,0.004059648606926203
,,,13,,,,,,,,,,,,,,,,,,,,,,,,,,,,,9399,0.008349472656846046
,,,13,,,,,,,,,,,,,,,,,,,,,,,,,,,,,9409,0.001998261781409383
,,,13,,,,,,,,,,,,,,,,,,,,,,,,,,,,,9419,0.0028130279388278723
,,,13,,,,,,,,,,,,,,,,,,,,,,,,,,,,,9429,0.018727583810687065
,,,13,,,,,,,,,,,,,,,,,,,,,,,,,,,,,9439,0.030986087396740913
,,,13,,,,,,,,,,,,,,,,,,,,,,,,,,,,,9449,0.0037666731514036655
,,,13,,,,,,,,,,,,,,,,,,,,,,,,,,,,,9459,0.45914316177368164
,,,13,,,,,,,,,,,,,,,,,,,,,,,,,,,,,9469,0.0038779170718044043
,,,13,,,,,,,,,,,,,,,,,,,,,,,,,,,,,9479,0.003569643944501877
,,,13,,,,,,,,,,,,,,,,,,,,,,,,,,,,,9489,0.0015145560028031468
,,,13,,,,,,,,,,,,,,,,,,,,,,,,,,,,,9499,0.5382401347160339
,,,13,,,,,,,,,,,,,,,,,,,,,,,,,,,,,9509,0.46404537558555603
,,,13,,,,,,,,,,,,,,,,,,,,,,,,,,,,,9519,0.044319845736026764
,,,13,,,,,,,,,,,,,,,,,,,,,,,,,,,,,9529,0.0789223462343216
,,,13,,,,,,,,,,,,,,,,,,,,,,,,,,,,,9539,0.02059917524456978
,,,13,,,,,,,,,,,,,,,,,,,,,,,,,,,,,9549,0.051189668476581573
,,,13,,,,,,,,,,,,,,,,,,,,,,,,,,,,,9559,0.0034312938805669546
,,,13,,,,,,,,,,,,,,,,,,,,,,,,,,,,,9569,0.0016971880104392767
,,,13,,,,,,,,,,,,,,,,,,,,,,,,,,,,,9579,0.002757137408480048
,,,13,,,,,,,,,,,,,,,,,,,,,,,,,,,,,9589,0.019734948873519897
,,,13,,,,,,,,,,,,,,,,,,,,,,,,,,,,,9599,0.0038973339833319187
,,,13,,,,,,,,,,,,,,,,,,,,,,,,,,,,,9609,0.013479231856763363
,,,13,,,,,,,,,,,,,,,,,,,,,,,,,,,,,9619,0.001284519792534411
,,,13,,,,,,,,,,,,,,,,,,,,,,,,,,,,,9629,0.009054680354893208
,,,13,,,,,,,,,,,,,,,,,,,,,,,,,,,,,9639,0.06186845153570175
,,,13,,,,,,,,,,,,,,,,,,,,,,,,,,,,,9649,0.01076002698391676
,,,13,,,,,,,,,,,,,,,,,,,,,,,,,,,,,9659,0.013892503455281258
,,,13,,,,,,,,,,,,,,,,,,,,,,,,,,,,,9669,0.6162353754043579
,,,13,,,,,,,,,,,,,,,,,,,,,,,,,,,,,9679,0.002510795369744301
,,,13,,,,,,,,,,,,,,,,,,,,,,,,,,,,,9689,0.04879758134484291
,,,13,,,,,,,,,,,,,,,,,,,,,,,,,,,,,9699,0.033591825515031815
,,,13,,,,,,,,,,,,,,,,,,,,,,,,,,,,,9709,0.013240746222436428
,,,13,,,,,,,,,,,,,,,,,,,,,,,,,,,,,9719,0.002321204636245966
,,,13,,,,,,,,,,,,,,,,,,,,,,,,,,,,,9729,0.0050170342437922955
,,,13,,,,,,,,,,,,,,,,,,,,,,,,,,,,,9739,0.16809000074863434
,,,13,,,,,,,,,,,,,,,,,,,,,,,,,,,,,9749,0.0552842952311039
,,,13,,,,,,,,,,,,,,,,,,,,,,,,,,,,,9759,0.013791969045996666
,,,13,,,,,,,,,,,,,,,,,,,,,,,,,,,,,9769,0.005461054854094982
,,,13,,,,,,,,,,,,,,,,,,,,,,,,,,,,,9779,0.006989988032728434
,,,13,,,,,,,,,,,,,,,,,,,,,,,,,,,,,9789,0.006584136746823788
,,,13,,,,,,,,,,,,,,,,,,,,,,,,,,,,,9799,0.005482172127813101
,,,13,,,,,,,,,,,,,,,,,,,,,,,,,,,,,9809,0.02897229790687561
,,,,5.144852529658481e-07,2.882169408442831e-06,4.43410678221974e-06,4.43410678221974e-06,6.8217027418765215e-06,6.8217027418765215e-06,1.0494927295194649e-05,1.0494927295194649e-05,1.614604199260715e-05,1.614604199260715e-05,2.4840064604011e-05,5.144852529658481e-07,2.4840064604011e-05,3.821548400617077e-05,3.821548400617077e-05,5.87930523171858e-05,5.87930523171858e-05,9.045084971874738e-05,9.045084971874738e-05,9.045084971874738e-05,9.045084971874738e-05,7.915157737936124e-07,7.915157737936124e-07,1.2177165750670961e-06,1.2177165750670961e-06,1.87341011548784e-06,1.87341011548784e-06,2.882169408442831e-06,9814,
,,,14,,,,,,,,,,,,,,,,,,,,,,,,,,,,,9819,0.011150776408612728
,,,14,,,,,,,,,,,,,,,,,,,,,,,,,,,,,9829,0.006679142825305462
,,,14,,,,,,,,,,,,,,,,,,,,,,,,,,,,,9839,0.003159986576065421
,,,14,,,,,,,,,,,,,,,,,,,,,,,,,,,,,9849,0.003943449817597866
,,,14,,,,,,,,,,,,,,,,,,,,,,,,,,,,,9859,0.11615635454654694
,,,14,,,,,,,,,,,,,,,,,,,,,,,,,,,,,9869,0.01627662032842636
,,,14,,,,,,,,,,,,,,,,,,,,,,,,,,,,,9879,0.004492281004786491
,,,14,,,,,,,,,,,,,,,,,,,,,,,,,,,,,9889,0.01010884903371334
,,,14,,,,,,,,,,,,,,,,,,,,,,,,,,,,,9899,0.02200452610850334
,,,14,,,,,,,,,,,,,,,,,,,,,,,,,,,,,9909,0.01049505453556776
,,,14,,,,,,,,,,,,,,,,,,,,,,,,,,,,,9919,0.005632014013826847
,,,14,,,,,,,,,,,,,,,,,,,,,,,,,,,,,9929,0.035067688673734665
,,,14,,,,,,,,,,,,,,,,,,,,,,,,,,,,,9939,0.039649225771427155
,,,14,,,,,,,,,,,,,,,,,,,,,,,,,,,,,9949,0.0689830631017685
,,,14,,,,,,,,,,,,,,,,,,,,,,,,,,,,,9959,0.036429498344659805
,,,14,,,,,,,,,,,,,,,,,,,,,,,,,,,,,9969,0.023041479289531708
,,,14,,,,,,,,,,,,,,,,,,,,,,,,,,,,,9979,0.23187385499477386
,,,14,,,,,,,,,,,,,,,,,,,,,,,,,,,,,9989,0.232720285654068
,,,14,,,,,,,,,,,,,,,,,,,,,,,,,,,,,9999,0.021733107045292854
,,,14,,,,,,,,,,,,,,,,,,,,,,,,,,,,,10009,0.005892959423363209
,,,14,,,,,,,,,,,,,,,,,,,,,,,,,,,,,10019,0.014778603799641132
,,,14,,,,,,,,,,,,,,,,,,,,,,,,,,,,,10029,0.11127495765686035
,,,14,,,,,,,,,,,,,,,,,,,,,,,,,,,,,10039,0.38921043276786804
,,,14,,,,,,,,,,,,,,,,,,,,,,,,,,,,,10049,0.008761178702116013
,,,14,,,,,,,,,,,,,,,,,,,,,,,,,,,,,10059,0.007845365442335606
,,,14,,,,,,,,,,,,,,,,,,,,,,,,,,,,,10069,0.002025841735303402
,,,14,,,,,,,,,,,,,,,,,,,,,,,,,,,,,10079,0.14784842729568481
,,,14,,,,,,,,,,,,,,,,,,,,,,,,,,,,,10089,0.050316181033849716
,,,14,,,,,,,,,,,,,,,,,,,,,,,,,,,,,10099,0.0024490503128618
,,,14,,,,,,,,,,,,,,,,,,,,,,,,,,,,,10109,0.109829381108284
,,,14,,,,,,,,,,,,,,,,,,,,,,,,,,,,,10119,0.009448190219700336
,,,14,,,,,,,,,,,,,,,,,,,,,,,,,,,,,10129,0.003343554912135005
,,,14,,,,,,,,,,,,,,,,,,,,,,,,,,,,,10139,0.0063384659588336945
,,,14,,,,,,,,,,,,,,,,,,,,,,,,,,,,,10149,0.22794905304908752
,,,14,,,,,,,,,,,,,,,,,,,,,,,,,,,,,10159,0.0037872237153351307
,,,14,,,,,,,,,,,,,,,,,,,,,,,,,,,,,10169,0.00610421784222126
,,,14,,,,,,,,,,,,,,,,,,,,,,,,,,,,,10179,0.015045931562781334
,,,14,,,,,,,,,,,,,,,,,,,,,,,,,,,,,10189,0.03617078438401222
,,,14,,,,,,,,,,,,,,,,,,,,,,,,,,,,,10199,0.0019297897815704346
,,,14,,,,,,,,,,,,,,,,,,,,,,,,,,,,,10209,0.002374169183894992
,,,14,,,,,,,,,,,,,,,,,,,,,,,,,,,,,10219,0.004608556162565947
,,,14,,,,,,,,,,,,,,,,,,,,,,,,,,,,,10229,0.0130537711083889
,,,14,,,,,,,,,,,,,,,,,,,,,,,,,,,,,10239,0.003982228692620993
,,,14,,,,,,,,,,,,,,,,,,,,,,,,,,,,,10249,0.01900661736726761
,,,14,,,,,,,,,,,,,,,,,,,,,,,,,,,,,10259,0.06601571291685104
,,,14,,,,,,,,,,,,,,,,,,,,,,,,,,,,,10269,0.0034902291372418404
,,,14,,,,,,,,,,,,,,,,,,,,,,,,,,,,,10279,0.009116160683333874
,,,14,,,,,,,,,,,,,,,,,,,,,,,,,,,,,10289,0.039730899035930634
,,,14,,,,,,,,,,,,,,,,,,,,,,,,,,,,,10299,0.003452496137470007
,,,14,,,,,,,,,,,,,,,,,,,,,,,,,,,,,10309,0.22156904637813568
,,,14,,,,,,,,,,,,,,,,,,,,,,,,,,,,,10319,0.03843028470873833
,,,14,,,,,,,,,,,,,,,,,,,,,,,,,,,,,10329,0.45562267303466797
,,,14,,,,,,,,,,,,,,,,,,,,,,,,,,,,,10339,0.39089637994766235
,,,14,,,,,,,,,,,,,,,,,,,,,,,,,,,,,10349,0.007479974068701267
,,,14,,,,,,,,,,,,,,,,,,,,,,,,,,,,,10359,0.056869905441999435
,,,14,,,,,,,,,,,,,,,,,,,,,,,,,,,,,10369,0.03784715384244919
,,,14,,,,,,,,,,,,,,,,,,,,,,,,,,,,,10379,0.008067491464316845
,,,14,,,,,,,,,,,,,,,,,,,,,,,,,,,,,10389,0.02352204918861389
,,,14,,,,,,,,,,,,,,,,,,,,,,,,,,,,,10399,0.02446906641125679
,,,14,,,,,,,,,,,,,,,,,,,,,,,,,,,,,10409,0.0029808166436851025
,,,14,,,,,,,,,,,,,,,,,,,,,,,,,,,,,10419,0.031154977157711983
,,,14,,,,,,,,,,,,,,,,,,,,,,,,,,,,,10429,0.0036265593953430653
,,,14,,,,,,,,,,,,,,,,,,,,,,,,,,,,,10439,0.005163925234228373
,,,14,,,,,,,,,,,,,,,,,,,,,,,,,,,,,10449,0.19356638193130493
,,,14,,,,,,,,,,,,,,,,,,,,,,,,,,,,,10459,0.006318350322544575
,,,14,,,,,,,,,,,,,,,,,,,,,,,,,,,,,10469,0.006486957892775536
,,,14,,,,,,,,,,,,,,,,,,,,,,,,,,,,,10479,0.7283913493156433
,,,14,,,,,,,,,,,,,,,,,,,,,,,,,,,,,10489,0.0734083354473114
,,,14,,,,,,,,,,,,,,,,,,,,,,,,,,,,,10499,0.003600934287533164
,,,14,,,,,,,,,,,,,,,,,,,,,,,,,,,,,10509,0.24049830436706543
0.8619313836097717,0.8585055470466614,0.8653846383094788,14,,,,,,,,,,,,,,,,,,,,,,,,,,,,,10514,
,,,,5.022638399154116e-07,2.813704505670875e-06,4.328776162570576e-06,4.328776162570576e-06,6.659655634723963e-06,6.659655634723963e-06,1.0245624053421482e-05,1.0245624053421482e-05,1.5762498543725355e-05,1.5762498543725355e-05,2.4249997759577468e-05,5.022638399154116e-07,2.4249997759577468e-05,3.730768886088841e-05,3.730768886088841e-05,5.739644440136679e-05,5.739644440136679e-05,8.83022221559489e-05,8.83022221559489e-05,8.83022221559489e-05,8.83022221559489e-05,7.72713599869864e-07,7.72713599869864e-07,1.1887901536459447e-06,1.1887901536459447e-06,1.8289079286860687e-06,1.8289079286860687e-06,2.813704505670875e-06,10515,
,,,15,,,,,,,,,,,,,,,,,,,,,,,,,,,,,10519,0.010866465047001839
,,,15,,,,,,,,,,,,,,,,,,,,,,,,,,,,,10529,0.06897539645433426
,,,15,,,,,,,,,,,,,,,,,,,,,,,,,,,,,10539,0.01555242296308279
,,,15,,,,,,,,,,,,,,,,,,,,,,,,,,,,,10549,0.5634243488311768
,,,15,,,,,,,,,,,,,,,,,,,,,,,,,,,,,10559,0.005680752452462912
,,,15,,,,,,,,,,,,,,,,,,,,,,,,,,,,,10569,0.08048056811094284
,,,15,,,,,,,,,,,,,,,,,,,,,,,,,,,,,10579,0.00166700582485646
,,,15,,,,,,,,,,,,,,,,,,,,,,,,,,,,,10589,0.024724751710891724
,,,15,,,,,,,,,,,,,,,,,,,,,,,,,,,,,10599,0.019830456003546715
,,,15,,,,,,,,,,,,,,,,,,,,,,,,,,,,,10609,0.008000312373042107
,,,15,,,,,,,,,,,,,,,,,,,,,,,,,,,,,10619,0.050728775560855865
,,,15,,,,,,,,,,,,,,,,,,,,,,,,,,,,,10629,0.0020616333931684494
,,,15,,,,,,,,,,,,,,,,,,,,,,,,,,,,,10639,0.04642557352781296
,,,15,,,,,,,,,,,,,,,,,,,,,,,,,,,,,10649,0.01609893888235092
,,,15,,,,,,,,,,,,,,,,,,,,,,,,,,,,,10659,0.23363839089870453
,,,15,,,,,,,,,,,,,,,,,,,,,,,,,,,,,10669,0.014705313369631767
,,,15,,,,,,,,,,,,,,,,,,,,,,,,,,,,,10679,0.0032197542022913694
,,,15,,,,,,,,,,,,,,,,,,,,,,,,,,,,,10689,0.10455735772848129
,,,15,,,,,,,,,,,,,,,,,,,,,,,,,,,,,10699,0.0024963906034827232
,,,15,,,,,,,,,,,,,,,,,,,,,,,,,,,,,10709,0.0024376166984438896
,,,15,,,,,,,,,,,,,,,,,,,,,,,,,,,,,10719,0.03520207479596138
,,,15,,,,,,,,,,,,,,,,,,,,,,,,,,,,,10729,0.014651444740593433
,,,15,,,,,,,,,,,,,,,,,,,,,,,,,,,,,10739,0.003220384242013097
,,,15,,,,,,,,,,,,,,,,,,,,,,,,,,,,,10749,0.002318799262866378
,,,15,,,,,,,,,,,,,,,,,,,,,,,,,,,,,10759,0.002190743573009968
,,,15,,,,,,,,,,,,,,,,,,,,,,,,,,,,,10769,0.005227297078818083
,,,15,,,,,,,,,,,,,,,,,,,,,,,,,,,,,10779,0.002313664648681879
,,,15,,,,,,,,,,,,,,,,,,,,,,,,,,,,,10789,0.2991618812084198
,,,15,,,,,,,,,,,,,,,,,,,,,,,,,,,,,10799,0.0026405451353639364
,,,15,,,,,,,,,,,,,,,,,,,,,,,,,,,,,10809,0.0033572702668607235
,,,15,,,,,,,,,,,,,,,,,,,,,,,,,,,,,10819,0.0016772175440564752
,,,15,,,,,,,,,,,,,,,,,,,,,,,,,,,,,10829,0.0017754335422068834
,,,15,,,,,,,,,,,,,,,,,,,,,,,,,,,,,10839,0.006956479512155056
,,,15,,,,,,,,,,,,,,,,,,,,,,,,,,,,,10849,0.004913996439427137
,,,15,,,,,,,,,,,,,,,,,,,,,,,,,,,,,10859,0.0015205186791718006
,,,15,,,,,,,,,,,,,,,,,,,,,,,,,,,,,10869,0.008405155502259731
,,,15,,,,,,,,,,,,,,,,,,,,,,,,,,,,,10879,0.0024781955871731043
,,,15,,,,,,,,,,,,,,,,,,,,,,,,,,,,,10889,0.020669501274824142
,,,15,,,,,,,,,,,,,,,,,,,,,,,,,,,,,10899,0.0022871217224746943
,,,15,,,,,,,,,,,,,,,,,,,,,,,,,,,,,10909,0.007077913265675306
,,,15,,,,,,,,,,,,,,,,,,,,,,,,,,,,,10919,0.004466132260859013
,,,15,,,,,,,,,,,,,,,,,,,,,,,,,,,,,10929,0.026803649961948395
,,,15,,,,,,,,,,,,,,,,,,,,,,,,,,,,,10939,0.0024452826473861933
,,,15,,,,,,,,,,,,,,,,,,,,,,,,,,,,,10949,0.1274619996547699
,,,15,,,,,,,,,,,,,,,,,,,,,,,,,,,,,10959,0.04598953202366829
,,,15,,,,,,,,,,,,,,,,,,,,,,,,,,,,,10969,0.0012947025243192911
,,,15,,,,,,,,,,,,,,,,,,,,,,,,,,,,,10979,0.0019089945126324892
,,,15,,,,,,,,,,,,,,,,,,,,,,,,,,,,,10989,0.0591946505010128
,,,15,,,,,,,,,,,,,,,,,,,,,,,,,,,,,10999,0.009452139027416706
,,,15,,,,,,,,,,,,,,,,,,,,,,,,,,,,,11009,0.005222075153142214
,,,15,,,,,,,,,,,,,,,,,,,,,,,,,,,,,11019,0.5525803565979004
,,,15,,,,,,,,,,,,,,,,,,,,,,,,,,,,,11029,0.0013006688095629215
,,,15,,,,,,,,,,,,,,,,,,,,,,,,,,,,,11039,0.0017691031098365784
,,,15,,,,,,,,,,,,,,,,,,,,,,,,,,,,,11049,0.022513598203659058
,,,15,,,,,,,,,,,,,,,,,,,,,,,,,,,,,11059,1.308462381362915
,,,15,,,,,,,,,,,,,,,,,,,,,,,,,,,,,11069,0.001440185122191906
,,,15,,,,,,,,,,,,,,,,,,,,,,,,,,,,,11079,0.020541047677397728
,,,15,,,,,,,,,,,,,,,,,,,,,,,,,,,,,11089,0.25438594818115234
,,,15,,,,,,,,,,,,,,,,,,,,,,,,,,,,,11099,0.0032171078491955996
,,,15,,,,,,,,,,,,,,,,,,,,,,,,,,,,,11109,0.007662697695195675
,,,15,,,,,,,,,,,,,,,,,,,,,,,,,,,,,11119,0.009309266693890095
,,,15,,,,,,,,,,,,,,,,,,,,,,,,,,,,,11129,0.003284048056229949
,,,15,,,,,,,,,,,,,,,,,,,,,,,,,,,,,11139,0.12504751980304718
,,,15,,,,,,,,,,,,,,,,,,,,,,,,,,,,,11149,0.001872569671832025
,,,15,,,,,,,,,,,,,,,,,,,,,,,,,,,,,11159,0.007651016116142273
,,,15,,,,,,,,,,,,,,,,,,,,,,,,,,,,,11169,0.01844226010143757
,,,15,,,,,,,,,,,,,,,,,,,,,,,,,,,,,11179,0.06511011719703674
,,,15,,,,,,,,,,,,,,,,,,,,,,,,,,,,,11189,0.0026118007954210043
,,,15,,,,,,,,,,,,,,,,,,,,,,,,,,,,,11199,0.006182461977005005
,,,15,,,,,,,,,,,,,,,,,,,,,,,,,,,,,11209,0.02139776200056076
,,,,4.88981018344231e-07,2.739293544871571e-06,4.2142977613408785e-06,4.2142977613408785e-06,6.4835350174475046e-06,6.4835350174475046e-06,9.974669257611545e-06,9.974669257611545e-06,1.534564501171007e-05,1.534564501171007e-05,2.3608684633400107e-05,4.88981018344231e-07,2.3608684633400107e-05,3.6321053282154005e-05,3.6321053282154005e-05,5.587854351100617e-05,5.587854351100617e-05,8.596699001693255e-05,8.596699001693255e-05,8.596699001693255e-05,8.596699001693255e-05,7.522784897603552e-07,7.522784897603552e-07,1.1573515227082388e-06,1.1573515227082388e-06,1.7805408041665213e-06,1.7805408041665213e-06,2.739293544871571e-06,11216,
,,,16,,,,,,,,,,,,,,,,,,,,,,,,,,,,,11219,0.007136493921279907
,,,16,,,,,,,,,,,,,,,,,,,,,,,,,,,,,11229,0.03156465291976929
,,,16,,,,,,,,,,,,,,,,,,,,,,,,,,,,,11239,0.0038658673875033855
,,,16,,,,,,,,,,,,,,,,,,,,,,,,,,,,,11249,0.054749198257923126
,,,16,,,,,,,,,,,,,,,,,,,,,,,,,,,,,11259,0.12056779116392136
,,,16,,,,,,,,,,,,,,,,,,,,,,,,,,,,,11269,0.030954789370298386
,,,16,,,,,,,,,,,,,,,,,,,,,,,,,,,,,11279,0.0022981201764196157
,,,16,,,,,,,,,,,,,,,,,,,,,,,,,,,,,11289,0.014801152050495148
,,,16,,,,,,,,,,,,,,,,,,,,,,,,,,,,,11299,0.0027778944931924343
,,,16,,,,,,,,,,,,,,,,,,,,,,,,,,,,,11309,0.007382763084024191
,,,16,,,,,,,,,,,,,,,,,,,,,,,,,,,,,11319,0.2166365087032318
,,,16,,,,,,,,,,,,,,,,,,,,,,,,,,,,,11329,0.017395416274666786
,,,16,,,,,,,,,,,,,,,,,,,,,,,,,,,,,11339,0.004807441495358944
,,,16,,,,,,,,,,,,,,,,,,,,,,,,,,,,,11349,0.0021178293973207474
,,,16,,,,,,,,,,,,,,,,,,,,,,,,,,,,,11359,0.019553441554307938
,,,16,,,,,,,,,,,,,,,,,,,,,,,,,,,,,11369,0.014661211520433426
,,,16,,,,,,,,,,,,,,,,,,,,,,,,,,,,,11379,0.012365872971713543
,,,16,,,,,,,,,,,,,,,,,,,,,,,,,,,,,11389,0.003357858629897237
,,,16,,,,,,,,,,,,,,,,,,,,,,,,,,,,,11399,0.0033390074968338013
,,,16,,,,,,,,,,,,,,,,,,,,,,,,,,,,,11409,0.036450739949941635
,,,16,,,,,,,,,,,,,,,,,,,,,,,,,,,,,11419,0.017720447853207588
,,,16,,,,,,,,,,,,,,,,,,,,,,,,,,,,,11429,0.15448828041553497
,,,16,,,,,,,,,,,,,,,,,,,,,,,,,,,,,11439,0.0602555014193058
,,,16,,,,,,,,,,,,,,,,,,,,,,,,,,,,,11449,0.05387280508875847
,,,16,,,,,,,,,,,,,,,,,,,,,,,,,,,,,11459,0.004973674658685923
,,,16,,,,,,,,,,,,,,,,,,,,,,,,,,,,,11469,0.02251853235065937
,,,16,,,,,,,,,,,,,,,,,,,,,,,,,,,,,11479,0.051365926861763
,,,16,,,,,,,,,,,,,,,,,,,,,,,,,,,,,11489,0.004391644150018692
,,,16,,,,,,,,,,,,,,,,,,,,,,,,,,,,,11499,0.003021201118826866
,,,16,,,,,,,,,,,,,,,,,,,,,,,,,,,,,11509,0.0390179306268692
,,,16,,,,,,,,,,,,,,,,,,,,,,,,,,,,,11519,0.02147797867655754
,,,16,,,,,,,,,,,,,,,,,,,,,,,,,,,,,11529,0.014037727378308773
,,,16,,,,,,,,,,,,,,,,,,,,,,,,,,,,,11539,1.4034838676452637
,,,16,,,,,,,,,,,,,,,,,,,,,,,,,,,,,11549,0.002971535548567772
,,,16,,,,,,,,,,,,,,,,,,,,,,,,,,,,,11559,0.05378185585141182
,,,16,,,,,,,,,,,,,,,,,,,,,,,,,,,,,11569,0.0115658612921834
,,,16,,,,,,,,,,,,,,,,,,,,,,,,,,,,,11579,0.0062415748834609985
,,,16,,,,,,,,,,,,,,,,,,,,,,,,,,,,,11589,0.0015329901361837983
,,,16,,,,,,,,,,,,,,,,,,,,,,,,,,,,,11599,0.007580004632472992
,,,16,,,,,,,,,,,,,,,,,,,,,,,,,,,,,11609,0.0025023180060088634
,,,16,,,,,,,,,,,,,,,,,,,,,,,,,,,,,11619,0.04233965277671814
,,,16,,,,,,,,,,,,,,,,,,,,,,,,,,,,,11629,0.01083641778677702
,,,16,,,,,,,,,,,,,,,,,,,,,,,,,,,,,11639,0.0025226050056517124
,,,16,,,,,,,,,,,,,,,,,,,,,,,,,,,,,11649,0.00553669361397624
,,,16,,,,,,,,,,,,,,,,,,,,,,,,,,,,,11659,0.15019291639328003
,,,16,,,,,,,,,,,,,,,,,,,,,,,,,,,,,11669,0.0028109941631555557
,,,16,,,,,,,,,,,,,,,,,,,,,,,,,,,,,11679,0.9761562943458557
,,,16,,,,,,,,,,,,,,,,,,,,,,,,,,,,,11689,0.006632966920733452
,,,16,,,,,,,,,,,,,,,,,,,,,,,,,,,,,11699,0.020297091454267502
,,,16,,,,,,,,,,,,,,,,,,,,,,,,,,,,,11709,0.002580009400844574
,,,16,,,,,,,,,,,,,,,,,,,,,,,,,,,,,11719,0.0015768526354804635
,,,16,,,,,,,,,,,,,,,,,,,,,,,,,,,,,11729,0.003232658840715885
,,,16,,,,,,,,,,,,,,,,,,,,,,,,,,,,,11739,0.001944768475368619
,,,16,,,,,,,,,,,,,,,,,,,,,,,,,,,,,11749,0.03340434283018112
,,,16,,,,,,,,,,,,,,,,,,,,,,,,,,,,,11759,0.009029055945575237
,,,16,,,,,,,,,,,,,,,,,,,,,,,,,,,,,11769,0.0033284917008131742
,,,16,,,,,,,,,,,,,,,,,,,,,,,,,,,,,11779,0.004008824471384287
,,,16,,,,,,,,,,,,,,,,,,,,,,,,,,,,,11789,0.015139875933527946
,,,16,,,,,,,,,,,,,,,,,,,,,,,,,,,,,11799,0.01086259912699461
,,,16,,,,,,,,,,,,,,,,,,,,,,,,,,,,,11809,0.16227999329566956
,,,16,,,,,,,,,,,,,,,,,,,,,,,,,,,,,11819,0.1932218223810196
,,,16,,,,,,,,,,,,,,,,,,,,,,,,,,,,,11829,1.011094331741333
,,,16,,,,,,,,,,,,,,,,,,,,,,,,,,,,,11839,0.08562435954809189
,,,16,,,,,,,,,,,,,,,,,,,,,,,,,,,,,11849,0.2617075443267822
,,,16,,,,,,,,,,,,,,,,,,,,,,,,,,,,,11859,0.10043416172266006
,,,16,,,,,,,,,,,,,,,,,,,,,,,,,,,,,11869,0.0035377617459744215
,,,16,,,,,,,,,,,,,,,,,,,,,,,,,,,,,11879,0.001337951049208641
,,,16,,,,,,,,,,,,,,,,,,,,,,,,,,,,,11889,0.005356321576982737
,,,16,,,,,,,,,,,,,,,,,,,,,,,,,,,,,11899,0.2878139317035675
,,,16,,,,,,,,,,,,,,,,,,,,,,,,,,,,,11909,0.0026848118286579847
,,,,4.747015008238162e-07,2.65929904876617e-06,4.091229305794108e-06,4.091229305794108e-06,6.294198931990935e-06,6.294198931990935e-06,9.683382972293745e-06,9.683382972293745e-06,1.48975122650673e-05,1.48975122650673e-05,2.2919249638565074e-05,4.747015008238162e-07,2.2919249638565074e-05,3.5260384059330885e-05,3.5260384059330885e-05,5.42467447066629e-05,5.42467447066629e-05,8.345653031794292e-05,8.345653031794292e-05,8.345653031794292e-05,8.345653031794292e-05,7.303100012674094e-07,7.303100012674094e-07,1.123553848103707e-06,1.123553848103707e-06,1.7285443816980106e-06,1.7285443816980106e-06,2.65929904876617e-06,11917,
,,,17,,,,,,,,,,,,,,,,,,,,,,,,,,,,,11919,0.00653805723413825
,,,17,,,,,,,,,,,,,,,,,,,,,,,,,,,,,11929,0.08457591384649277
,,,17,,,,,,,,,,,,,,,,,,,,,,,,,,,,,11939,0.0017987398896366358
,,,17,,,,,,,,,,,,,,,,,,,,,,,,,,,,,11949,0.0023204502649605274
,,,17,,,,,,,,,,,,,,,,,,,,,,,,,,,,,11959,0.008025530725717545
,,,17,,,,,,,,,,,,,,,,,,,,,,,,,,,,,11969,0.003075094660744071
,,,17,,,,,,,,,,,,,,,,,,,,,,,,,,,,,11979,0.00389974401332438
,,,17,,,,,,,,,,,,,,,,,,,,,,,,,,,,,11989,0.19805938005447388
,,,17,,,,,,,,,,,,,,,,,,,,,,,,,,,,,11999,0.08889675885438919
,,,17,,,,,,,,,,,,,,,,,,,,,,,,,,,,,12009,0.00752823892980814
,,,17,,,,,,,,,,,,,,,,,,,,,,,,,,,,,12019,0.0023430499713867903
,,,17,,,,,,,,,,,,,,,,,,,,,,,,,,,,,12029,0.0020953125786036253
,,,17,,,,,,,,,,,,,,,,,,,,,,,,,,,,,12039,0.08397583663463593
,,,17,,,,,,,,,,,,,,,,,,,,,,,,,,,,,12049,0.002047218382358551
,,,17,,,,,,,,,,,,,,,,,,,,,,,,,,,,,12059,0.002563608344644308
,,,17,,,,,,,,,,,,,,,,,,,,,,,,,,,,,12069,0.007145419251173735
,,,17,,,,,,,,,,,,,,,,,,,,,,,,,,,,,12079,0.0029735739808529615
,,,17,,,,,,,,,,,,,,,,,,,,,,,,,,,,,12089,0.0013974641915410757
,,,17,,,,,,,,,,,,,,,,,,,,,,,,,,,,,12099,0.2351607233285904
,,,17,,,,,,,,,,,,,,,,,,,,,,,,,,,,,12109,0.0030002358835190535
,,,17,,,,,,,,,,,,,,,,,,,,,,,,,,,,,12119,0.002788989571854472
,,,17,,,,,,,,,,,,,,,,,,,,,,,,,,,,,12129,0.0022562991362065077
,,,17,,,,,,,,,,,,,,,,,,,,,,,,,,,,,12139,0.009980936534702778
,,,17,,,,,,,,,,,,,,,,,,,,,,,,,,,,,12149,0.2720962166786194
,,,17,,,,,,,,,,,,,,,,,,,,,,,,,,,,,12159,0.01231200061738491
,,,17,,,,,,,,,,,,,,,,,,,,,,,,,,,,,12169,0.004520393442362547
,,,17,,,,,,,,,,,,,,,,,,,,,,,,,,,,,12179,0.0025512706488370895
,,,17,,,,,,,,,,,,,,,,,,,,,,,,,,,,,12189,0.07622543722391129
,,,17,,,,,,,,,,,,,,,,,,,,,,,,,,,,,12199,0.002754311775788665
,,,17,,,,,,,,,,,,,,,,,,,,,,,,,,,,,12209,0.6406765580177307
,,,17,,,,,,,,,,,,,,,,,,,,,,,,,,,,,12219,0.02651160955429077
,,,17,,,,,,,,,,,,,,,,,,,,,,,,,,,,,12229,0.0032626045867800713
,,,17,,,,,,,,,,,,,,,,,,,,,,,,,,,,,12239,0.7306505441665649
,,,17,,,,,,,,,,,,,,,,,,,,,,,,,,,,,12249,0.005748668685555458
,,,17,,,,,,,,,,,,,,,,,,,,,,,,,,,,,12259,0.019445862621068954
,,,17,,,,,,,,,,,,,,,,,,,,,,,,,,,,,12269,0.005144244991242886
,,,17,,,,,,,,,,,,,,,,,,,,,,,,,,,,,12279,0.00325766671448946
,,,17,,,,,,,,,,,,,,,,,,,,,,,,,,,,,12289,0.00814914796501398
,,,17,,,,,,,,,,,,,,,,,,,,,,,,,,,,,12299,0.001732705975882709
,,,17,,,,,,,,,,,,,,,,,,,,,,,,,,,,,12309,0.0027137489523738623
,,,17,,,,,,,,,,,,,,,,,,,,,,,,,,,,,12319,0.010647808201611042
,,,17,,,,,,,,,,,,,,,,,,,,,,,,,,,,,12329,0.007999405264854431
,,,17,,,,,,,,,,,,,,,,,,,,,,,,,,,,,12339,0.0489090271294117
,,,17,,,,,,,,,,,,,,,,,,,,,,,,,,,,,12349,0.034930381923913956
,,,17,,,,,,,,,,,,,,,,,,,,,,,,,,,,,12359,0.0050440384075045586
,,,17,,,,,,,,,,,,,,,,,,,,,,,,,,,,,12369,0.008053949102759361
,,,17,,,,,,,,,,,,,,,,,,,,,,,,,,,,,12379,0.002150181448087096
,,,17,,,,,,,,,,,,,,,,,,,,,,,,,,,,,12389,0.006196640431880951
,,,17,,,,,,,,,,,,,,,,,,,,,,,,,,,,,12399,0.26964080333709717
,,,17,,,,,,,,,,,,,,,,,,,,,,,,,,,,,12409,0.40034785866737366
,,,17,,,,,,,,,,,,,,,,,,,,,,,,,,,,,12419,0.3761337101459503
,,,17,,,,,,,,,,,,,,,,,,,,,,,,,,,,,12429,0.02104332484304905
,,,17,,,,,,,,,,,,,,,,,,,,,,,,,,,,,12439,0.001363342278636992
,,,17,,,,,,,,,,,,,,,,,,,,,,,,,,,,,12449,0.005215634126216173
,,,17,,,,,,,,,,,,,,,,,,,,,,,,,,,,,12459,0.0024334308691322803
,,,17,,,,,,,,,,,,,,,,,,,,,,,,,,,,,12469,0.9402744174003601
,,,17,,,,,,,,,,,,,,,,,,,,,,,,,,,,,12479,0.1664193719625473
,,,17,,,,,,,,,,,,,,,,,,,,,,,,,,,,,12489,0.0034881862811744213
,,,17,,,,,,,,,,,,,,,,,,,,,,,,,,,,,12499,0.00429630558937788
,,,17,,,,,,,,,,,,,,,,,,,,,,,,,,,,,12509,0.02224017307162285
,,,17,,,,,,,,,,,,,,,,,,,,,,,,,,,,,12519,0.00542482128366828
,,,17,,,,,,,,,,,,,,,,,,,,,,,,,,,,,12529,0.0038959532976150513
,,,17,,,,,,,,,,,,,,,,,,,,,,,,,,,,,12539,0.004213185515254736
,,,17,,,,,,,,,,,,,,,,,,,,,,,,,,,,,12549,0.003343023359775543
,,,17,,,,,,,,,,,,,,,,,,,,,,,,,,,,,12559,0.040001560002565384
,,,17,,,,,,,,,,,,,,,,,,,,,,,,,,,,,12569,0.004819914698600769
,,,17,,,,,,,,,,,,,,,,,,,,,,,,,,,,,12579,0.005790085531771183
,,,17,,,,,,,,,,,,,,,,,,,,,,,,,,,,,12589,0.0035901404917240143
,,,17,,,,,,,,,,,,,,,,,,,,,,,,,,,,,12599,0.004212521947920322
,,,17,,,,,,,,,,,,,,,,,,,,,,,,,,,,,12609,0.011776242405176163
,,,,4.5949485572815476e-07,2.5741107424986786e-06,3.960170373074889e-06,3.960170373074889e-06,6.092569804730599e-06,6.092569804730599e-06,9.373184314970152e-06,9.373184314970152e-06,1.4420283561492542e-05,1.4420283561492542e-05,2.2185051633065447e-05,4.5949485572815476e-07,2.2185051633065447e-05,3.4130848666254534e-05,3.4130848666254534e-05,5.2508997948083897e-05,5.2508997948083897e-05,8.07830737662829e-05,8.07830737662829e-05,8.07830737662829e-05,8.07830737662829e-05,7.069151626586995e-07,7.069151626586995e-07,1.0875617887056918e-06,1.0875617887056918e-06,1.673171982624141e-06,1.673171982624141e-06,2.5741107424986786e-06,12618,
,,,18,,,,,,,,,,,,,,,,,,,,,,,,,,,,,12619,0.021604035049676895
,,,18,,,,,,,,,,,,,,,,,,,,,,,,,,,,,12629,0.007134404964745045
,,,18,,,,,,,,,,,,,,,,,,,,,,,,,,,,,12639,0.006637322250753641
,,,18,,,,,,,,,,,,,,,,,,,,,,,,,,,,,12649,0.005744049791246653
,,,18,,,,,,,,,,,,,,,,,,,,,,,,,,,,,12659,0.0027458034455776215
,,,18,,,,,,,,,,,,,,,,,,,,,,,,,,,,,12669,0.003868232248350978
,,,18,,,,,,,,,,,,,,,,,,,,,,,,,,,,,12679,0.2915838658809662
,,,18,,,,,,,,,,,,,,,,,,,,,,,,,,,,,12689,0.0013688772451132536
,,,18,,,,,,,,,,,,,,,,,,,,,,,,,,,,,12699,0.0017315720906481147
,,,18,,,,,,,,,,,,,,,,,,,,,,,,,,,,,12709,0.0037993923760950565
,,,18,,,,,,,,,,,,,,,,,,,,,,,,,,,,,12719,0.0020155650563538074
,,,18,,,,,,,,,,,,,,,,,,,,,,,,,,,,,12729,0.002957521937787533
,,,18,,,,,,,,,,,,,,,,,,,,,,,,,,,,,12739,0.004806241486221552
,,,18,,,,,,,,,,,,,,,,,,,,,,,,,,,,,12749,0.0013745534233748913
,,,18,,,,,,,,,,,,,,,,,,,,,,,,,,,,,12759,0.003431743010878563
,,,18,,,,,,,,,,,,,,,,,,,,,,,,,,,,,12769,0.005050038918852806
,,,18,,,,,,,,,,,,,,,,,,,,,,,,,,,,,12779,0.0666346475481987
,,,18,,,,,,,,,,,,,,,,,,,,,,,,,,,,,12789,0.0021803597919642925
,,,18,,,,,,,,,,,,,,,,,,,,,,,,,,,,,12799,0.005870330147445202
,,,18,,,,,,,,,,,,,,,,,,,,,,,,,,,,,12809,0.0033183128107339144
,,,18,,,,,,,,,,,,,,,,,,,,,,,,,,,,,12819,0.27466148138046265
,,,18,,,,,,,,,,,,,,,,,,,,,,,,,,,,,12829,0.04722626879811287
,,,18,,,,,,,,,,,,,,,,,,,,,,,,,,,,,12839,0.0025365175679326057
,,,18,,,,,,,,,,,,,,,,,,,,,,,,,,,,,12849,0.012387705966830254
,,,18,,,,,,,,,,,,,,,,,,,,,,,,,,,,,12859,0.005192597862333059
,,,18,,,,,,,,,,,,,,,,,,,,,,,,,,,,,12869,0.7393283247947693
,,,18,,,,,,,,,,,,,,,,,,,,,,,,,,,,,12879,0.013673171401023865
,,,18,,,,,,,,,,,,,,,,,,,,,,,,,,,,,12889,0.08520592749118805
,,,18,,,,,,,,,,,,,,,,,,,,,,,,,,,,,12899,0.03663402423262596
,,,18,,,,,,,,,,,,,,,,,,,,,,,,,,,,,12909,0.04293177276849747
,,,18,,,,,,,,,,,,,,,,,,,,,,,,,,,,,12919,0.27360567450523376
,,,18,,,,,,,,,,,,,,,,,,,,,,,,,,,,,12929,0.012073884718120098
,,,18,,,,,,,,,,,,,,,,,,,,,,,,,,,,,12939,1.068541169166565
,,,18,,,,,,,,,,,,,,,,,,,,,,,,,,,,,12949,0.017162151634693146
,,,18,,,,,,,,,,,,,,,,,,,,,,,,,,,,,12959,0.005626066587865353
,,,18,,,,,,,,,,,,,,,,,,,,,,,,,,,,,12969,0.003575097769498825
,,,18,,,,,,,,,,,,,,,,,,,,,,,,,,,,,12979,0.0875973030924797
,,,18,,,,,,,,,,,,,,,,,,,,,,,,,,,,,12989,0.0064034913666546345
,,,18,,,,,,,,,,,,,,,,,,,,,,,,,,,,,12999,0.026416178792715073
,,,18,,,,,,,,,,,,,,,,,,,,,,,,,,,,,13009,0.0012779816752299666
,,,18,,,,,,,,,,,,,,,,,,,,,,,,,,,,,13019,0.004635781515389681
,,,18,,,,,,,,,,,,,,,,,,,,,,,,,,,,,13029,1.15972101688385
,,,18,,,,,,,,,,,,,,,,,,,,,,,,,,,,,13039,0.08541872352361679
,,,18,,,,,,,,,,,,,,,,,,,,,,,,,,,,,13049,0.1987653523683548
,,,18,,,,,,,,,,,,,,,,,,,,,,,,,,,,,13059,0.23285846412181854
,,,18,,,,,,,,,,,,,,,,,,,,,,,,,,,,,13069,0.002811737824231386
,,,18,,,,,,,,,,,,,,,,,,,,,,,,,,,,,13079,0.511003315448761
,,,18,,,,,,,,,,,,,,,,,,,,,,,,,,,,,13089,0.3920872211456299
,,,18,,,,,,,,,,,,,,,,,,,,,,,,,,,,,13099,0.6075063347816467
,,,18,,,,,,,,,,,,,,,,,,,,,,,,,,,,,13109,0.0014887087745591998
,,,18,,,,,,,,,,,,,,,,,,,,,,,,,,,,,13119,0.04851295426487923
,,,18,,,,,,,,,,,,,,,,,,,,,,,,,,,,,13129,0.004164354410022497
,,,18,,,,,,,,,,,,,,,,,,,,,,,,,,,,,13139,0.02708517760038376
,,,18,,,,,,,,,,,,,,,,,,,,,,,,,,,,,13149,0.039166584610939026
,,,18,,,,,,,,,,,,,,,,,,,,,,,,,,,,,13159,0.011605308391153812
,,,18,,,,,,,,,,,,,,,,,,,,,,,,,,,,,13169,0.030802026391029358
,,,18,,,,,,,,,,,,,,,,,,,,,,,,,,,,,13179,0.007214412093162537
,,,18,,,,,,,,,,,,,,,,,,,,,,,,,,,,,13189,0.0029156694654375315
,,,18,,,,,,,,,,,,,,,,,,,,,,,,,,,,,13199,0.0027678837068378925
,,,18,,,,,,,,,,,,,,,,,,,,,,,,,,,,,13209,0.0020675829146057367
,,,18,,,,,,,,,,,,,,,,,,,,,,,,,,,,,13219,0.001553416601382196
,,,18,,,,,,,,,,,,,,,,,,,,,,,,,,,,,13229,0.009986696764826775
,,,18,,,,,,,,,,,,,,,,,,,,,,,,,,,,,13239,0.002427901141345501
,,,18,,,,,,,,,,,,,,,,,,,,,,,,,,,,,13249,0.0036671210546046495
,,,18,,,,,,,,,,,,,,,,,,,,,,,,,,,,,13259,0.005615201313048601
,,,18,,,,,,,,,,,,,,,,,,,,,,,,,,,,,13269,0.0017070960020646453
,,,18,,,,,,,,,,,,,,,,,,,,,,,,,,,,,13279,0.002350417897105217
,,,18,,,,,,,,,,,,,,,,,,,,,,,,,,,,,13289,0.003844212042167783
,,,18,,,,,,,,,,,,,,,,,,,,,,,,,,,,,13299,0.47616976499557495
,,,18,,,,,,,,,,,,,,,,,,,,,,,,,,,,,13309,0.0014734863070771098
,,,,4.4343516830358614e-07,2.484143654934133e-06,3.821759469129435e-06,3.821759469129435e-06,5.879629952506824e-06,5.879629952506824e-06,9.045584542318189e-06,9.045584542318189e-06,1.3916283911258752e-05,1.3916283911258752e-05,2.1409667555782694e-05,4.4343516830358614e-07,2.1409667555782694e-05,3.293795008581953e-05,3.293795008581953e-05,5.067376936279928e-05,5.067376936279928e-05,7.795964517353735e-05,7.795964517353735e-05,7.795964517353735e-05,7.795964517353735e-05,6.822079512362862e-07,6.822079512362862e-07,1.0495506942096713e-06,1.0495506942096713e-06,1.6146933757071865e-06,1.6146933757071865e-06,2.484143654934133e-06,13319,
,,,19,,,,,,,,,,,,,,,,,,,,,,,,,,,,,13319,0.005885872058570385
,,,19,,,,,,,,,,,,,,,,,,,,,,,,,,,,,13329,0.004757116083055735
,,,19,,,,,,,,,,,,,,,,,,,,,,,,,,,,,13339,0.7778170108795166
,,,19,,,,,,,,,,,,,,,,,,,,,,,,,,,,,13349,0.01054496131837368
,,,19,,,,,,,,,,,,,,,,,,,,,,,,,,,,,13359,0.010141153819859028
,,,19,,,,,,,,,,,,,,,,,,,,,,,,,,,,,13369,0.0805574432015419
,,,19,,,,,,,,,,,,,,,,,,,,,,,,,,,,,13379,0.055212244391441345
,,,19,,,,,,,,,,,,,,,,,,,,,,,,,,,,,13389,0.0020603120792657137
,,,19,,,,,,,,,,,,,,,,,,,,,,,,,,,,,13399,0.01690129190683365
,,,19,,,,,,,,,,,,,,,,,,,,,,,,,,,,,13409,0.0017458745278418064
,,,19,,,,,,,,,,,,,,,,,,,,,,,,,,,,,13419,0.005054406821727753
,,,19,,,,,,,,,,,,,,,,,,,,,,,,,,,,,13429,0.002238695742562413
,,,19,,,,,,,,,,,,,,,,,,,,,,,,,,,,,13439,0.0205036923289299
,,,19,,,,,,,,,,,,,,,,,,,,,,,,,,,,,13449,0.0268990620970726
,,,19,,,,,,,,,,,,,,,,,,,,,,,,,,,,,13459,0.0037103365175426006
,,,19,,,,,,,,,,,,,,,,,,,,,,,,,,,,,13469,0.15429216623306274
,,,19,,,,,,,,,,,,,,,,,,,,,,,,,,,,,13479,0.002114861737936735
,,,19,,,,,,,,,,,,,,,,,,,,,,,,,,,,,13489,0.10031134635210037
,,,19,,,,,,,,,,,,,,,,,,,,,,,,,,,,,13499,0.0009554739226587117
,,,19,,,,,,,,,,,,,,,,,,,,,,,,,,,,,13509,0.0008508094470016658
,,,19,,,,,,,,,,,,,,,,,,,,,,,,,,,,,13519,0.050703682005405426
,,,19,,,,,,,,,,,,,,,,,,,,,,,,,,,,,13529,0.0036538178101181984
,,,19,,,,,,,,,,,,,,,,,,,,,,,,,,,,,13539,0.2148667424917221
,,,19,,,,,,,,,,,,,,,,,,,,,,,,,,,,,13549,0.0029672617092728615
,,,19,,,,,,,,,,,,,,,,,,,,,,,,,,,,,13559,0.004510014317929745
,,,19,,,,,,,,,,,,,,,,,,,,,,,,,,,,,13569,0.001854611560702324
,,,19,,,,,,,,,,,,,,,,,,,,,,,,,,,,,13579,0.004605249967426062
,,,19,,,,,,,,,,,,,,,,,,,,,,,,,,,,,13589,0.026657238602638245
,,,19,,,,,,,,,,,,,,,,,,,,,,,,,,,,,13599,0.18182925879955292
,,,19,,,,,,,,,,,,,,,,,,,,,,,,,,,,,13609,0.09966526180505753
,,,19,,,,,,,,,,,,,,,,,,,,,,,,,,,,,13619,0.22554010152816772
,,,19,,,,,,,,,,,,,,,,,,,,,,,,,,,,,13629,0.03720711171627045
,,,19,,,,,,,,,,,,,,,,,,,,,,,,,,,,,13639,0.0024737927597016096
,,,19,,,,,,,,,,,,,,,,,,,,,,,,,,,,,13649,0.008814437314867973
,,,19,,,,,,,,,,,,,,,,,,,,,,,,,,,,,13659,0.003148870775476098
,,,19,,,,,,,,,,,,,,,,,,,,,,,,,,,,,13669,0.002800367772579193
,,,19,,,,,,,,,,,,,,,,,,,,,,,,,,,,,13679,0.0022071273997426033
,,,19,,,,,,,,,,,,,,,,,,,,,,,,,,,,,13689,0.0013738205889239907
,,,19,,,,,,,,,,,,,,,,,,,,,,,,,,,,,13699,0.001867669285275042
,,,19,,,,,,,,,,,,,,,,,,,,,,,,,,,,,13709,0.0007607683655805886
,,,19,,,,,,,,,,,,,,,,,,,,,,,,,,,,,13719,0.0013356056297197938
,,,19,,,,,,,,,,,,,,,,,,,,,,,,,,,,,13729,0.0028522475622594357
,,,19,,,,,,,,,,,,,,,,,,,,,,,,,,,,,13739,0.004608097020536661
,,,19,,,,,,,,,,,,,,,,,,,,,,,,,,,,,13749,0.1545209139585495
,,,19,,,,,,,,,,,,,,,,,,,,,,,,,,,,,13759,0.0028474179562181234
,,,19,,,,,,,,,,,,,,,,,,,,,,,,,,,,,13769,0.0015575973084196448
,,,19,,,,,,,,,,,,,,,,,,,,,,,,,,,,,13779,1.752784013748169
,,,19,,,,,,,,,,,,,,,,,,,,,,,,,,,,,13789,0.003472217358648777
,,,19,,,,,,,,,,,,,,,,,,,,,,,,,,,,,13799,0.005517346318811178
,,,19,,,,,,,,,,,,,,,,,,,,,,,,,,,,,13809,0.003235108684748411
,,,19,,,,,,,,,,,,,,,,,,,,,,,,,,,,,13819,0.005278332624584436
,,,19,,,,,,,,,,,,,,,,,,,,,,,,,,,,,13829,0.008398283272981644
,,,19,,,,,,,,,,,,,,,,,,,,,,,,,,,,,13839,0.0041716257110238075
,,,19,,,,,,,,,,,,,,,,,,,,,,,,,,,,,13849,0.00292343832552433
,,,19,,,,,,,,,,,,,,,,,,,,,,,,,,,,,13859,0.0017464838456362486
,,,19,,,,,,,,,,,,,,,,,,,,,,,,,,,,,13869,0.6320940852165222
,,,19,,,,,,,,,,,,,,,,,,,,,,,,,,,,,13879,0.0064627015963196754
,,,19,,,,,,,,,,,,,,,,,,,,,,,,,,,,,13889,0.09623970091342926
,,,19,,,,,,,,,,,,,,,,,,,,,,,,,,,,,13899,0.04439737647771835
,,,19,,,,,,,,,,,,,,,,,,,,,,,,,,,,,13909,0.0007803720072843134
,,,19,,,,,,,,,,,,,,,,,,,,,,,,,,,,,13919,0.012325108051300049
,,,19,,,,,,,,,,,,,,,,,,,,,,,,,,,,,13929,0.005707578267902136
,,,19,,,,,,,,,,,,,,,,,,,,,,,,,,,,,13939,0.017875386402010918
,,,19,,,,,,,,,,,,,,,,,,,,,,,,,,,,,13949,0.01725180819630623
,,,19,,,,,,,,,,,,,,,,,,,,,,,,,,,,,13959,0.0077569372951984406
,,,19,,,,,,,,,,,,,,,,,,,,,,,,,,,,,13969,0.31626197695732117
,,,19,,,,,,,,,,,,,,,,,,,,,,,,,,,,,13979,0.0070511274971067905
,,,19,,,,,,,,,,,,,,,,,,,,,,,,,,,,,13989,0.01841944083571434
,,,19,,,,,,,,,,,,,,,,,,,,,,,,,,,,,13999,0.00486712297424674
,,,19,,,,,,,,,,,,,,,,,,,,,,,,,,,,,14009,0.008501643314957619
,,,19,,,,,,,,,,,,,,,,,,,,,,,,,,,,,14019,0.002524361712858081
0.8739232420921326,0.8545176386833191,0.8942307829856873,19,,,,,,,,,,,,,,,,,,,,,,,,,,,,,14019,
,,,,4.266006797329287e-07,2.3898360966796885e-06,3.676670917968751e-06,3.676670917968751e-06,5.656416796875001e-06,5.656416796875001e-06,8.702179687500003e-06,8.702179687500003e-06,1.3387968750000002e-05,1.3387968750000002e-05,2.0596875000000004e-05,4.266006797329287e-07,2.0596875000000004e-05,3.1687500000000005e-05,3.1687500000000005e-05,4.8750000000000006e-05,4.8750000000000006e-05,7.500000000000001e-05,7.500000000000001e-05,7.500000000000001e-05,7.500000000000001e-05,6.563087380506595e-07,6.563087380506595e-07,1.0097057508471684e-06,1.0097057508471684e-06,1.5533934628417975e-06,1.5533934628417975e-06,2.3898360966796885e-06,14020,
,,,20,,,,,,,,,,,,,,,,,,,,,,,,,,,,,14029,0.00584959052503109
,,,20,,,,,,,,,,,,,,,,,,,,,,,,,,,,,14039,0.003274792106822133
,,,20,,,,,,,,,,,,,,,,,,,,,,,,,,,,,14049,0.199097141623497
,,,20,,,,,,,,,,,,,,,,,,,,,,,,,,,,,14059,0.0009658854105509818
,,,20,,,,,,,,,,,,,,,,,,,,,,,,,,,,,14069,0.2503800690174103
,,,20,,,,,,,,,,,,,,,,,,,,,,,,,,,,,14079,0.0012851471547037363
,,,20,,,,,,,,,,,,,,,,,,,,,,,,,,,,,14089,0.005414588842540979
,,,20,,,,,,,,,,,,,,,,,,,,,,,,,,,,,14099,0.07585062831640244
,,,20,,,,,,,,,,,,,,,,,,,,,,,,,,,,,14109,0.014431695453822613
,,,20,,,,,,,,,,,,,,,,,,,,,,,,,,,,,14119,0.0011483682319521904
,,,20,,,,,,,,,,,,,,,,,,,,,,,,,,,,,14129,0.0027164483908563852
,,,20,,,,,,,,,,,,,,,,,,,,,,,,,,,,,14139,0.011776842176914215
,,,20,,,,,,,,,,,,,,,,,,,,,,,,,,,,,14149,0.005491336341947317
,,,20,,,,,,,,,,,,,,,,,,,,,,,,,,,,,14159,0.004483213182538748
,,,20,,,,,,,,,,,,,,,,,,,,,,,,,,,,,14169,0.10455496609210968
,,,20,,,,,,,,,,,,,,,,,,,,,,,,,,,,,14179,0.002796132816001773
,,,20,,,,,,,,,,,,,,,,,,,,,,,,,,,,,14189,0.0014947024174034595
,,,20,,,,,,,,,,,,,,,,,,,,,,,,,,,,,14199,0.002139307791367173
,,,20,,,,,,,,,,,,,,,,,,,,,,,,,,,,,14209,0.31271037459373474
,,,20,,,,,,,,,,,,,,,,,,,,,,,,,,,,,14219,0.004005598835647106
,,,20,,,,,,,,,,,,,,,,,,,,,,,,,,,,,14229,0.8391676545143127
,,,20,,,,,,,,,,,,,,,,,,,,,,,,,,,,,14239,0.005544159561395645
,,,20,,,,,,,,,,,,,,,,,,,,,,,,,,,,,14249,0.047932423651218414
,,,20,,,,,,,,,,,,,,,,,,,,,,,,,,,,,14259,0.09007077664136887
,,,20,,,,,,,,,,,,,,,,,,,,,,,,,,,,,14269,0.004445257596671581
,,,20,,,,,,,,,,,,,,,,,,,,,,,,,,,,,14279,0.04447656124830246
,,,20,,,,,,,,,,,,,,,,,,,,,,,,,,,,,14289,0.023014886304736137
,,,20,,,,,,,,,,,,,,,,,,,,,,,,,,,,,14299,0.006358340382575989
,,,20,,,,,,,,,,,,,,,,,,,,,,,,,,,,,14309,0.004016335587948561
,,,20,,,,,,,,,,,,,,,,,,,,,,,,,,,,,14319,0.003597180126234889
,,,20,,,,,,,,,,,,,,,,,,,,,,,,,,,,,14329,0.1510126292705536
,,,20,,,,,,,,,,,,,,,,,,,,,,,,,,,,,14339,0.012408755719661713
,,,20,,,,,,,,,,,,,,,,,,,,,,,,,,,,,14349,0.0050410376861691475
,,,20,,,,,,,,,,,,,,,,,,,,,,,,,,,,,14359,0.0009828356560319662
,,,20,,,,,,,,,,,,,,,,,,,,,,,,,,,,,14369,0.0021072945091873407
,,,20,,,,,,,,,,,,,,,,,,,,,,,,,,,,,14379,0.05610187351703644
,,,20,,,,,,,,,,,,,,,,,,,,,,,,,,,,,14389,0.0006743539124727249
,,,20,,,,,,,,,,,,,,,,,,,,,,,,,,,,,14399,0.05062083154916763
,,,20,,,,,,,,,,,,,,,,,,,,,,,,,,,,,14409,0.03710503131151199
,,,20,,,,,,,,,,,,,,,,,,,,,,,,,,,,,14419,0.004811693914234638
,,,20,,,,,,,,,,,,,,,,,,,,,,,,,,,,,14429,0.0014333125436678529
,,,20,,,,,,,,,,,,,,,,,,,,,,,,,,,,,14439,0.0082217613235116
,,,20,,,,,,,,,,,,,,,,,,,,,,,,,,,,,14449,0.033356115221977234
,,,20,,,,,,,,,,,,,,,,,,,,,,,,,,,,,14459,0.009801743552088737
,,,20,,,,,,,,,,,,,,,,,,,,,,,,,,,,,14469,0.008222359232604504
,,,20,,,,,,,,,,,,,,,,,,,,,,,,,,,,,14479,0.0018630916019901633
,,,20,,,,,,,,,,,,,,,,,,,,,,,,,,,,,14489,0.005987535696476698
,,,20,,,,,,,,,,,,,,,,,,,,,,,,,,,,,14499,0.002153528155758977
,,,20,,,,,,,,,,,,,,,,,,,,,,,,,,,,,14509,0.002636329736560583
,,,20,,,,,,,,,,,,,,,,,,,,,,,,,,,,,14519,0.00330562237650156
,,,20,,,,,,,,,,,,,,,,,,,,,,,,,,,,,14529,0.0046556792221963406
,,,20,,,,,,,,,,,,,,,,,,,,,,,,,,,,,14539,0.019587529823184013
,,,20,,,,,,,,,,,,,,,,,,,,,,,,,,,,,14549,0.0018574576824903488
,,,20,,,,,,,,,,,,,,,,,,,,,,,,,,,,,14559,0.01017380878329277
,,,20,,,,,,,,,,,,,,,,,,,,,,,,,,,,,14569,0.008347105234861374
,,,20,,,,,,,,,,,,,,,,,,,,,,,,,,,,,14579,0.0053768884390592575
,,,20,,,,,,,,,,,,,,,,,,,,,,,,,,,,,14589,0.0014576433459296823
,,,20,,,,,,,,,,,,,,,,,,,,,,,,,,,,,14599,0.0009310674504376948
,,,20,,,,,,,,,,,,,,,,,,,,,,,,,,,,,14609,0.07412387430667877
,,,20,,,,,,,,,,,,,,,,,,,,,,,,,,,,,14619,0.0016388279618695378
,,,20,,,,,,,,,,,,,,,,,,,,,,,,,,,,,14629,0.0055644577369093895
,,,20,,,,,,,,,,,,,,,,,,,,,,,,,,,,,14639,0.0022156494669616222
,,,20,,,,,,,,,,,,,,,,,,,,,,,,,,,,,14649,0.11244723200798035
,,,20,,,,,,,,,,,,,,,,,,,,,,,,,,,,,14659,0.0031379172578454018
,,,20,,,,,,,,,,,,,,,,,,,,,,,,,,,,,14669,0.001341760391369462
,,,20,,,,,,,,,,,,,,,,,,,,,,,,,,,,,14679,0.004979020915925503
,,,20,,,,,,,,,,,,,,,,,,,,,,,,,,,,,14689,0.002005238551646471
,,,20,,,,,,,,,,,,,,,,,,,,,,,,,,,,,14699,0.006609154865145683
,,,20,,,,,,,,,,,,,,,,,,,,,,,,,,,,,14709,0.0020813746377825737
,,,20,,,,,,,,,,,,,,,,,,,,,,,,,,,,,14719,0.047550227493047714
,,,,4.090734059523017e-07,2.2916475246793973e-06,3.5256115764298415e-06,3.5256115764298415e-06,5.4240178098920635e-06,5.4240178098920635e-06,8.344642784449328e-06,8.344642784449328e-06,1.283791197607589e-05,1.283791197607589e-05,1.975063380934752e-05,4.090734059523017e-07,1.975063380934752e-05,3.0385590475919263e-05,3.0385590475919263e-05,4.674706227064502e-05,4.674706227064502e-05,7.191855733945387e-05,7.191855733945387e-05,7.191855733945387e-05,7.191855733945387e-05,6.293437014650794e-07,6.293437014650794e-07,9.682210791770454e-07,9.682210791770454e-07,1.4895708910416082e-06,1.4895708910416082e-06,2.2916475246793973e-06,14721,
,,,21,,,,,,,,,,,,,,,,,,,,,,,,,,,,,14729,0.010503344237804413
,,,21,,,,,,,,,,,,,,,,,,,,,,,,,,,,,14739,0.003127016592770815
,,,21,,,,,,,,,,,,,,,,,,,,,,,,,,,,,14749,0.02752283215522766
,,,21,,,,,,,,,,,,,,,,,,,,,,,,,,,,,14759,0.0016717992257326841
,,,21,,,,,,,,,,,,,,,,,,,,,,,,,,,,,14769,0.0006656950572505593
,,,21,,,,,,,,,,,,,,,,,,,,,,,,,,,,,14779,0.0019438436720520258
,,,21,,,,,,,,,,,,,,,,,,,,,,,,,,,,,14789,0.0015740875387564301
,,,21,,,,,,,,,,,,,,,,,,,,,,,,,,,,,14799,0.0522841177880764
,,,21,,,,,,,,,,,,,,,,,,,,,,,,,,,,,14809,0.001081419992260635
,,,21,,,,,,,,,,,,,,,,,,,,,,,,,,,,,14819,0.009418967179954052
,,,21,,,,,,,,,,,,,,,,,,,,,,,,,,,,,14829,0.002497247187420726
,,,21,,,,,,,,,,,,,,,,,,,,,,,,,,,,,14839,0.3085997700691223
,,,21,,,,,,,,,,,,,,,,,,,,,,,,,,,,,14849,0.00635128328576684
,,,21,,,,,,,,,,,,,,,,,,,,,,,,,,,,,14859,0.026696769520640373
,,,21,,,,,,,,,,,,,,,,,,,,,,,,,,,,,14869,0.006129884161055088
,,,21,,,,,,,,,,,,,,,,,,,,,,,,,,,,,14879,0.002040193183347583
,,,21,,,,,,,,,,,,,,,,,,,,,,,,,,,,,14889,0.0024508475326001644
,,,21,,,,,,,,,,,,,,,,,,,,,,,,,,,,,14899,0.03266581892967224
,,,21,,,,,,,,,,,,,,,,,,,,,,,,,,,,,14909,0.0071651265025138855
,,,21,,,,,,,,,,,,,,,,,,,,,,,,,,,,,14919,0.0010223512072116137
,,,21,,,,,,,,,,,,,,,,,,,,,,,,,,,,,14929,0.0016085251700133085
,,,21,,,,,,,,,,,,,,,,,,,,,,,,,,,,,14939,0.0027970182709395885
,,,21,,,,,,,,,,,,,,,,,,,,,,,,,,,,,14949,0.004082157276570797
,,,21,,,,,,,,,,,,,,,,,,,,,,,,,,,,,14959,0.05661017820239067
,,,21,,,,,,,,,,,,,,,,,,,,,,,,,,,,,14969,0.2678314447402954
,,,21,,,,,,,,,,,,,,,,,,,,,,,,,,,,,14979,0.0032707119826227427
,,,21,,,,,,,,,,,,,,,,,,,,,,,,,,,,,14989,0.004903770051896572
,,,21,,,,,,,,,,,,,,,,,,,,,,,,,,,,,14999,0.033524930477142334
,,,21,,,,,,,,,,,,,,,,,,,,,,,,,,,,,15009,0.0008195520495064557
,,,21,,,,,,,,,,,,,,,,,,,,,,,,,,,,,15019,0.001768317655660212
,,,21,,,,,,,,,,,,,,,,,,,,,,,,,,,,,15029,0.03036789782345295
,,,21,,,,,,,,,,,,,,,,,,,,,,,,,,,,,15039,0.0013854468706995249
,,,21,,,,,,,,,,,,,,,,,,,,,,,,,,,,,15049,0.003006247105076909
,,,21,,,,,,,,,,,,,,,,,,,,,,,,,,,,,15059,0.43311068415641785
,,,21,,,,,,,,,,,,,,,,,,,,,,,,,,,,,15069,0.02378886006772518
,,,21,,,,,,,,,,,,,,,,,,,,,,,,,,,,,15079,0.0018798448145389557
,,,21,,,,,,,,,,,,,,,,,,,,,,,,,,,,,15089,0.003471647622063756
,,,21,,,,,,,,,,,,,,,,,,,,,,,,,,,,,15099,0.03748900443315506
,,,21,,,,,,,,,,,,,,,,,,,,,,,,,,,,,15109,0.003891345579177141
,,,21,,,,,,,,,,,,,,,,,,,,,,,,,,,,,15119,0.0008388700080104172
,,,21,,,,,,,,,,,,,,,,,,,,,,,,,,,,,15129,0.000788085802923888
,,,21,,,,,,,,,,,,,,,,,,,,,,,,,,,,,15139,0.008295074105262756
,,,21,,,,,,,,,,,,,,,,,,,,,,,,,,,,,15149,0.026329847052693367
,,,21,,,,,,,,,,,,,,,,,,,,,,,,,,,,,15159,0.044183433055877686
,,,21,,,,,,,,,,,,,,,,,,,,,,,,,,,,,15169,0.00390671007335186
,,,21,,,,,,,,,,,,,,,,,,,,,,,,,,,,,15179,0.25486573576927185
,,,21,,,,,,,,,,,,,,,,,,,,,,,,,,,,,15189,0.0035206458996981382
,,,21,,,,,,,,,,,,,,,,,,,,,,,,,,,,,15199,0.0068594622425735
,,,21,,,,,,,,,,,,,,,,,,,,,,,,,,,,,15209,0.02833050861954689
,,,21,,,,,,,,,,,,,,,,,,,,,,,,,,,,,15219,0.005935898050665855
,,,21,,,,,,,,,,,,,,,,,,,,,,,,,,,,,15229,0.003945004660636187
,,,21,,,,,,,,,,,,,,,,,,,,,,,,,,,,,15239,0.0030657127499580383
,,,21,,,,,,,,,,,,,,,,,,,,,,,,,,,,,15249,0.007175409235060215
,,,21,,,,,,,,,,,,,,,,,,,,,,,,,,,,,15259,0.013152538798749447
,,,21,,,,,,,,,,,,,,,,,,,,,,,,,,,,,15269,0.010957501828670502
,,,21,,,,,,,,,,,,,,,,,,,,,,,,,,,,,15279,0.0045388792641460896
,,,21,,,,,,,,,,,,,,,,,,,,,,,,,,,,,15289,0.0027683470398187637
,,,21,,,,,,,,,,,,,,,,,,,,,,,,,,,,,15299,0.003986006136983633
,,,21,,,,,,,,,,,,,,,,,,,,,,,,,,,,,15309,0.0028557986952364445
,,,21,,,,,,,,,,,,,,,,,,,,,,,,,,,,,15319,0.002119266428053379
,,,21,,,,,,,,,,,,,,,,,,,,,,,,,,,,,15329,0.5830438733100891
,,,21,,,,,,,,,,,,,,,,,,,,,,,,,,,,,15339,0.0015113097615540028
,,,21,,,,,,,,,,,,,,,,,,,,,,,,,,,,,15349,0.071479432284832
,,,21,,,,,,,,,,,,,,,,,,,,,,,,,,,,,15359,0.009184222668409348
,,,21,,,,,,,,,,,,,,,,,,,,,,,,,,,,,15369,0.0012226816033944488
,,,21,,,,,,,,,,,,,,,,,,,,,,,,,,,,,15379,0.0020139242988079786
,,,21,,,,,,,,,,,,,,,,,,,,,,,,,,,,,15389,0.0015570811228826642
,,,21,,,,,,,,,,,,,,,,,,,,,,,,,,,,,15399,0.008045635186135769
,,,21,,,,,,,,,,,,,,,,,,,,,,,,,,,,,15409,0.000730651430785656
,,,21,,,,,,,,,,,,,,,,,,,,,,,,,,,,,15419,0.0034045283682644367
,,,,3.909387380777291e-07,2.1900563037861647e-06,3.3693173904402533e-06,3.3693173904402533e-06,5.183565216061927e-06,5.183565216061927e-06,7.97471571701835e-06,7.97471571701835e-06,1.226879341079746e-05,1.226879341079746e-05,1.8875066785842246e-05,3.909387380777291e-07,1.8875066785842246e-05,2.9038564285911148e-05,2.9038564285911148e-05,4.4674714286017154e-05,4.4674714286017154e-05,6.873032967079561e-05,6.873032967079561e-05,6.873032967079561e-05,6.873032967079561e-05,6.014442124272754e-07,6.014442124272754e-07,9.252987883496547e-07,9.252987883496547e-07,1.423536597461007e-06,1.423536597461007e-06,2.1900563037861647e-06,15422,
,,,22,,,,,,,,,,,,,,,,,,,,,,,,,,,,,15429,0.8538035154342651
,,,22,,,,,,,,,,,,,,,,,,,,,,,,,,,,,15439,0.0047569540329277515
,,,22,,,,,,,,,,,,,,,,,,,,,,,,,,,,,15449,0.0015571569092571735
,,,22,,,,,,,,,,,,,,,,,,,,,,,,,,,,,15459,0.004346860572695732
,,,22,,,,,,,,,,,,,,,,,,,,,,,,,,,,,15469,0.038942448794841766
,,,22,,,,,,,,,,,,,,,,,,,,,,,,,,,,,15479,0.003688645316287875
,,,22,,,,,,,,,,,,,,,,,,,,,,,,,,,,,15489,0.002259375061839819
,,,22,,,,,,,,,,,,,,,,,,,,,,,,,,,,,15499,0.002508587436750531
,,,22,,,,,,,,,,,,,,,,,,,,,,,,,,,,,15509,0.0007802015752531588
,,,22,,,,,,,,,,,,,,,,,,,,,,,,,,,,,15519,0.015037991106510162
,,,22,,,,,,,,,,,,,,,,,,,,,,,,,,,,,15529,0.007502121385186911
,,,22,,,,,,,,,,,,,,,,,,,,,,,,,,,,,15539,0.0026802383363246918
,,,22,,,,,,,,,,,,,,,,,,,,,,,,,,,,,15549,0.008680429309606552
,,,22,,,,,,,,,,,,,,,,,,,,,,,,,,,,,15559,0.009172946214675903
,,,22,,,,,,,,,,,,,,,,,,,,,,,,,,,,,15569,0.13553890585899353
,,,22,,,,,,,,,,,,,,,,,,,,,,,,,,,,,15579,0.00462157279253006
,,,22,,,,,,,,,,,,,,,,,,,,,,,,,,,,,15589,0.00519586680456996
,,,22,,,,,,,,,,,,,,,,,,,,,,,,,,,,,15599,0.0023703419137746096
,,,22,,,,,,,,,,,,,,,,,,,,,,,,,,,,,15609,0.003916086629033089
,,,22,,,,,,,,,,,,,,,,,,,,,,,,,,,,,15619,0.009710890240967274
,,,22,,,,,,,,,,,,,,,,,,,,,,,,,,,,,15629,0.0029830026905983686
,,,22,,,,,,,,,,,,,,,,,,,,,,,,,,,,,15639,0.002322874963283539
,,,22,,,,,,,,,,,,,,,,,,,,,,,,,,,,,15649,0.005016788374632597
,,,22,,,,,,,,,,,,,,,,,,,,,,,,,,,,,15659,0.03610803559422493
,,,22,,,,,,,,,,,,,,,,,,,,,,,,,,,,,15669,0.0012966193025931716
,,,22,,,,,,,,,,,,,,,,,,,,,,,,,,,,,15679,0.15385651588439941
,,,22,,,,,,,,,,,,,,,,,,,,,,,,,,,,,15689,0.11518753319978714
,,,22,,,,,,,,,,,,,,,,,,,,,,,,,,,,,15699,0.19416621327400208
,,,22,,,,,,,,,,,,,,,,,,,,,,,,,,,,,15709,0.004459715448319912
,,,22,,,,,,,,,,,,,,,,,,,,,,,,,,,,,15719,0.0023512537591159344
,,,22,,,,,,,,,,,,,,,,,,,,,,,,,,,,,15729,0.0012312146136537194
,,,22,,,,,,,,,,,,,,,,,,,,,,,,,,,,,15739,0.0013596747303381562
,,,22,,,,,,,,,,,,,,,,,,,,,,,,,,,,,15749,0.0023809210397303104
,,,22,,,,,,,,,,,,,,,,,,,,,,,,,,,,,15759,0.001686015399172902
,,,22,,,,,,,,,,,,,,,,,,,,,,,,,,,,,15769,0.00623802375048399
,,,22,,,,,,,,,,,,,,,,,,,,,,,,,,,,,15779,0.11868683993816376
,,,22,,,,,,,,,,,,,,,,,,,,,,,,,,,,,15789,0.0020790875423699617
,,,22,,,,,,,,,,,,,,,,,,,,,,,,,,,,,15799,0.002626860747113824
,,,22,,,,,,,,,,,,,,,,,,,,,,,,,,,,,15809,0.003243156708776951
,,,22,,,,,,,,,,,,,,,,,,,,,,,,,,,,,15819,0.007629969157278538
,,,22,,,,,,,,,,,,,,,,,,,,,,,,,,,,,15829,0.0024900042917579412
,,,22,,,,,,,,,,,,,,,,,,,,,,,,,,,,,15839,0.008592012338340282
,,,22,,,,,,,,,,,,,,,,,,,,,,,,,,,,,15849,0.002449867781251669
,,,22,,,,,,,,,,,,,,,,,,,,,,,,,,,,,15859,0.15287186205387115
,,,22,,,,,,,,,,,,,,,,,,,,,,,,,,,,,15869,0.03565935418009758
,,,22,,,,,,,,,,,,,,,,,,,,,,,,,,,,,15879,0.0027607802767306566
,,,22,,,,,,,,,,,,,,,,,,,,,,,,,,,,,15889,0.0026835917960852385
,,,22,,,,,,,,,,,,,,,,,,,,,,,,,,,,,15899,0.07652609050273895
,,,22,,,,,,,,,,,,,,,,,,,,,,,,,,,,,15909,0.4432753920555115
,,,22,,,,,,,,,,,,,,,,,,,,,,,,,,,,,15919,0.004606825299561024
,,,22,,,,,,,,,,,,,,,,,,,,,,,,,,,,,15929,0.003317452035844326
,,,22,,,,,,,,,,,,,,,,,,,,,,,,,,,,,15939,0.0013023081701248884
,,,22,,,,,,,,,,,,,,,,,,,,,,,,,,,,,15949,0.0016084349481388927
,,,22,,,,,,,,,,,,,,,,,,,,,,,,,,,,,15959,0.0019863087218254805
,,,22,,,,,,,,,,,,,,,,,,,,,,,,,,,,,15969,0.033601392060518265
,,,22,,,,,,,,,,,,,,,,,,,,,,,,,,,,,15979,0.0017763306386768818
,,,22,,,,,,,,,,,,,,,,,,,,,,,,,,,,,15989,0.0009188739932142198
,,,22,,,,,,,,,,,,,,,,,,,,,,,,,,,,,15999,0.01175769791007042
,,,22,,,,,,,,,,,,,,,,,,,,,,,,,,,,,16009,0.003800035919994116
,,,22,,,,,,,,,,,,,,,,,,,,,,,,,,,,,16019,0.0016316554974764585
,,,22,,,,,,,,,,,,,,,,,,,,,,,,,,,,,16029,0.05664992332458496
,,,22,,,,,,,,,,,,,,,,,,,,,,,,,,,,,16039,0.0026011578738689423
,,,22,,,,,,,,,,,,,,,,,,,,,,,,,,,,,16049,0.0018200593767687678
,,,22,,,,,,,,,,,,,,,,,,,,,,,,,,,,,16059,0.2316586822271347
,,,22,,,,,,,,,,,,,,,,,,,,,,,,,,,,,16069,0.0026734601706266403
,,,22,,,,,,,,,,,,,,,,,,,,,,,,,,,,,16079,0.038040757179260254
,,,22,,,,,,,,,,,,,,,,,,,,,,,,,,,,,16089,0.022844599559903145
,,,22,,,,,,,,,,,,,,,,,,,,,,,,,,,,,16099,0.002558728912845254
,,,22,,,,,,,,,,,,,,,,,,,,,,,,,,,,,16109,0.008132275193929672
,,,22,,,,,,,,,,,,,,,,,,,,,,,,,,,,,16119,0.006166144739836454
,,,,3.722850263882052e-07,2.0855573762162682e-06,3.208549809563489e-06,3.208549809563489e-06,4.936230476251522e-06,4.936230476251522e-06,7.594200732694648e-06,7.594200732694648e-06,1.168338574260715e-05,1.168338574260715e-05,1.7974439604011e-05,3.722850263882052e-07,1.7974439604011e-05,2.7652984006170768e-05,2.7652984006170768e-05,4.2543052317185797e-05,4.2543052317185797e-05,6.545084971874738e-05,6.545084971874738e-05,6.545084971874738e-05,6.545084971874738e-05,5.727461944433926e-07,5.727461944433926e-07,8.811479914513733e-07,8.811479914513733e-07,1.3556122945405742e-06,1.3556122945405742e-06,2.0855573762162682e-06,16123,
,,,23,,,,,,,,,,,,,,,,,,,,,,,,,,,,,16129,0.003910250496119261
,,,23,,,,,,,,,,,,,,,,,,,,,,,,,,,,,16139,0.005557915195822716
,,,23,,,,,,,,,,,,,,,,,,,,,,,,,,,,,16149,0.0020582221914082766
,,,23,,,,,,,,,,,,,,,,,,,,,,,,,,,,,16159,0.006019131746143103
,,,23,,,,,,,,,,,,,,,,,,,,,,,,,,,,,16169,0.010279790498316288
,,,23,,,,,,,,,,,,,,,,,,,,,,,,,,,,,16179,0.006106172222644091
,,,23,,,,,,,,,,,,,,,,,,,,,,,,,,,,,16189,0.20825980603694916
,,,23,,,,,,,,,,,,,,,,,,,,,,,,,,,,,16199,0.0027490428183227777
,,,23,,,,,,,,,,,,,,,,,,,,,,,,,,,,,16209,0.0011591590009629726
,,,23,,,,,,,,,,,,,,,,,,,,,,,,,,,,,16219,0.0015165036311373115
,,,23,,,,,,,,,,,,,,,,,,,,,,,,,,,,,16229,0.059193868190050125
,,,23,,,,,,,,,,,,,,,,,,,,,,,,,,,,,16239,0.016653094440698624
,,,23,,,,,,,,,,,,,,,,,,,,,,,,,,,,,16249,0.22583693265914917
,,,23,,,,,,,,,,,,,,,,,,,,,,,,,,,,,16259,0.005011620931327343
,,,23,,,,,,,,,,,,,,,,,,,,,,,,,,,,,16269,0.0009925197809934616
,,,23,,,,,,,,,,,,,,,,,,,,,,,,,,,,,16279,0.0010946292895823717
,,,23,,,,,,,,,,,,,,,,,,,,,,,,,,,,,16289,0.001674354774877429
,,,23,,,,,,,,,,,,,,,,,,,,,,,,,,,,,16299,0.0023308033123612404
,,,23,,,,,,,,,,,,,,,,,,,,,,,,,,,,,16309,0.00252110930159688
,,,23,,,,,,,,,,,,,,,,,,,,,,,,,,,,,16319,0.0020726837683469057
,,,23,,,,,,,,,,,,,,,,,,,,,,,,,,,,,16329,0.015430280938744545
,,,23,,,,,,,,,,,,,,,,,,,,,,,,,,,,,16339,0.0022945294622331858
,,,23,,,,,,,,,,,,,,,,,,,,,,,,,,,,,16349,0.0026880318764597178
,,,23,,,,,,,,,,,,,,,,,,,,,,,,,,,,,16359,0.02944176085293293
,,,23,,,,,,,,,,,,,,,,,,,,,,,,,,,,,16369,0.0012780883116647601
,,,23,,,,,,,,,,,,,,,,,,,,,,,,,,,,,16379,0.0055517032742500305
,,,23,,,,,,,,,,,,,,,,,,,,,,,,,,,,,16389,0.009448251686990261
,,,23,,,,,,,,,,,,,,,,,,,,,,,,,,,,,16399,0.0033828704617917538
,,,23,,,,,,,,,,,,,,,,,,,,,,,,,,,,,16409,0.009084319695830345
,,,23,,,,,,,,,,,,,,,,,,,,,,,,,,,,,16419,0.0187913216650486
,,,23,,,,,,,,,,,,,,,,,,,,,,,,,,,,,16429,0.0028849951922893524
,,,23,,,,,,,,,,,,,,,,,,,,,,,,,,,,,16439,0.07029030472040176
,,,23,,,,,,,,,,,,,,,,,,,,,,,,,,,,,16449,0.0014353514416143298
,,,23,,,,,,,,,,,,,,,,,,,,,,,,,,,,,16459,0.001283397781662643
,,,23,,,,,,,,,,,,,,,,,,,,,,,,,,,,,16469,0.014074933715164661
,,,23,,,,,,,,,,,,,,,,,,,,,,,,,,,,,16479,0.01066579483449459
,,,23,,,,,,,,,,,,,,,,,,,,,,,,,,,,,16489,0.0020321852061897516
,,,23,,,,,,,,,,,,,,,,,,,,,,,,,,,,,16499,0.0018282211385667324
,,,23,,,,,,,,,,,,,,,,,,,,,,,,,,,,,16509,0.00138385861646384
,,,23,,,,,,,,,,,,,,,,,,,,,,,,,,,,,16519,0.0009885308099910617
,,,23,,,,,,,,,,,,,,,,,,,,,,,,,,,,,16529,0.003513880306854844
,,,23,,,,,,,,,,,,,,,,,,,,,,,,,,,,,16539,0.0009919616859406233
,,,23,,,,,,,,,,,,,,,,,,,,,,,,,,,,,16549,0.39671364426612854
,,,23,,,,,,,,,,,,,,,,,,,,,,,,,,,,,16559,0.0010744669707491994
,,,23,,,,,,,,,,,,,,,,,,,,,,,,,,,,,16569,0.0027959956787526608
,,,23,,,,,,,,,,,,,,,,,,,,,,,,,,,,,16579,0.1487874686717987
,,,23,,,,,,,,,,,,,,,,,,,,,,,,,,,,,16589,0.002872066805139184
,,,23,,,,,,,,,,,,,,,,,,,,,,,,,,,,,16599,0.003213082207366824
,,,23,,,,,,,,,,,,,,,,,,,,,,,,,,,,,16609,0.036179546266794205
,,,23,,,,,,,,,,,,,,,,,,,,,,,,,,,,,16619,0.0029096934013068676
,,,23,,,,,,,,,,,,,,,,,,,,,,,,,,,,,16629,0.11435066163539886
,,,23,,,,,,,,,,,,,,,,,,,,,,,,,,,,,16639,0.0006302346009761095
,,,23,,,,,,,,,,,,,,,,,,,,,,,,,,,,,16649,0.001989539712667465
,,,23,,,,,,,,,,,,,,,,,,,,,,,,,,,,,16659,0.0031882841140031815
,,,23,,,,,,,,,,,,,,,,,,,,,,,,,,,,,16669,0.0019279054831713438
,,,23,,,,,,,,,,,,,,,,,,,,,,,,,,,,,16679,0.0013600066304206848
,,,23,,,,,,,,,,,,,,,,,,,,,,,,,,,,,16689,0.0012072185054421425
,,,23,,,,,,,,,,,,,,,,,,,,,,,,,,,,,16699,0.0030723109375685453
,,,23,,,,,,,,,,,,,,,,,,,,,,,,,,,,,16709,1.7783722877502441
,,,23,,,,,,,,,,,,,,,,,,,,,,,,,,,,,16719,0.10453187674283981
,,,23,,,,,,,,,,,,,,,,,,,,,,,,,,,,,16729,1.438215732574463
,,,23,,,,,,,,,,,,,,,,,,,,,,,,,,,,,16739,0.016367502510547638
,,,23,,,,,,,,,,,,,,,,,,,,,,,,,,,,,16749,0.00139685592148453
,,,23,,,,,,,,,,,,,,,,,,,,,,,,,,,,,16759,0.0021157008595764637
,,,23,,,,,,,,,,,,,,,,,,,,,,,,,,,,,16769,0.012162638828158379
,,,23,,,,,,,,,,,,,,,,,,,,,,,,,,,,,16779,0.001200783415697515
,,,23,,,,,,,,,,,,,,,,,,,,,,,,,,,,,16789,0.005666006822139025
,,,23,,,,,,,,,,,,,,,,,,,,,,,,,,,,,16799,0.028797203674912453
,,,23,,,,,,,,,,,,,,,,,,,,,,,,,,,,,16809,0.0014253087574616075
,,,23,,,,,,,,,,,,,,,,,,,,,,,,,,,,,16819,0.00853052083402872
,,,,3.53203149892017e-07,1.978659850240633e-06,3.0440920772932807e-06,3.0440920772932807e-06,4.683218580451201e-06,4.683218580451201e-06,7.204951662232617e-06,7.204951662232617e-06,1.108454101881941e-05,1.108454101881941e-05,1.705314002895294e-05,3.53203149892017e-07,1.705314002895294e-05,2.623560004454298e-05,2.623560004454298e-05,4.03624616069892e-05,4.03624616069892e-05,6.209609477998338e-05,6.209609477998338e-05,6.209609477998338e-05,6.209609477998338e-05,5.433894613723337e-07,5.433894613723337e-07,8.359837867266674e-07,8.359837867266674e-07,1.2861289026564112e-06,1.2861289026564112e-06,1.978659850240633e-06,16824,
,,,24,,,,,,,,,,,,,,,,,,,,,,,,,,,,,16829,0.002216745400801301
,,,24,,,,,,,,,,,,,,,,,,,,,,,,,,,,,16839,0.421416699886322
,,,24,,,,,,,,,,,,,,,,,,,,,,,,,,,,,16849,1.7512911558151245
,,,24,,,,,,,,,,,,,,,,,,,,,,,,,,,,,16859,0.002516980515792966
,,,24,,,,,,,,,,,,,,,,,,,,,,,,,,,,,16869,0.014859447255730629
,,,24,,,,,,,,,,,,,,,,,,,,,,,,,,,,,16879,0.012214788235723972
,,,24,,,,,,,,,,,,,,,,,,,,,,,,,,,,,16889,0.006328662391752005
,,,24,,,,,,,,,,,,,,,,,,,,,,,,,,,,,16899,0.002655327320098877
,,,24,,,,,,,,,,,,,,,,,,,,,,,,,,,,,16909,0.179388627409935
,,,24,,,,,,,,,,,,,,,,,,,,,,,,,,,,,16919,0.000995945418253541
,,,24,,,,,,,,,,,,,,,,,,,,,,,,,,,,,16929,0.12194857746362686
,,,24,,,,,,,,,,,,,,,,,,,,,,,,,,,,,16939,0.0013948669657111168
,,,24,,,,,,,,,,,,,,,,,,,,,,,,,,,,,16949,0.005342511925846338
,,,24,,,,,,,,,,,,,,,,,,,,,,,,,,,,,16959,0.0017073091585189104
,,,24,,,,,,,,,,,,,,,,,,,,,,,,,,,,,16969,0.01344124786555767
,,,24,,,,,,,,,,,,,,,,,,,,,,,,,,,,,16979,0.011652105487883091
,,,24,,,,,,,,,,,,,,,,,,,,,,,,,,,,,16989,0.004667183849960566
,,,24,,,,,,,,,,,,,,,,,,,,,,,,,,,,,16999,0.004504825454205275
,,,24,,,,,,,,,,,,,,,,,,,,,,,,,,,,,17009,0.009463912807404995
,,,24,,,,,,,,,,,,,,,,,,,,,,,,,,,,,17019,0.018107060343027115
,,,24,,,,,,,,,,,,,,,,,,,,,,,,,,,,,17029,0.0011628507636487484
,,,24,,,,,,,,,,,,,,,,,,,,,,,,,,,,,17039,0.07413513958454132
,,,24,,,,,,,,,,,,,,,,,,,,,,,,,,,,,17049,0.002104092389345169
,,,24,,,,,,,,,,,,,,,,,,,,,,,,,,,,,17059,0.3311358690261841
,,,24,,,,,,,,,,,,,,,,,,,,,,,,,,,,,17069,0.015720579773187637
,,,24,,,,,,,,,,,,,,,,,,,,,,,,,,,,,17079,0.0015022344887256622
,,,24,,,,,,,,,,,,,,,,,,,,,,,,,,,,,17089,0.013857612386345863
,,,24,,,,,,,,,,,,,,,,,,,,,,,,,,,,,17099,0.15832069516181946
,,,24,,,,,,,,,,,,,,,,,,,,,,,,,,,,,17109,0.0007813327247276902
,,,24,,,,,,,,,,,,,,,,,,,,,,,,,,,,,17119,0.0016794588882476091
,,,24,,,,,,,,,,,,,,,,,,,,,,,,,,,,,17129,0.002015674253925681
,,,24,,,,,,,,,,,,,,,,,,,,,,,,,,,,,17139,0.004381424281746149
,,,24,,,,,,,,,,,,,,,,,,,,,,,,,,,,,17149,0.047533050179481506
,,,24,,,,,,,,,,,,,,,,,,,,,,,,,,,,,17159,0.001814956427551806
,,,24,,,,,,,,,,,,,,,,,,,,,,,,,,,,,17169,0.002033008961006999
,,,24,,,,,,,,,,,,,,,,,,,,,,,,,,,,,17179,0.007104890421032906
,,,24,,,,,,,,,,,,,,,,,,,,,,,,,,,,,17189,0.0012576731387525797
,,,24,,,,,,,,,,,,,,,,,,,,,,,,,,,,,17199,0.014937031082808971
,,,24,,,,,,,,,,,,,,,,,,,,,,,,,,,,,17209,0.0014497311785817146
,,,24,,,,,,,,,,,,,,,,,,,,,,,,,,,,,17219,0.0017727615777403116
,,,24,,,,,,,,,,,,,,,,,,,,,,,,,,,,,17229,0.001646550721488893
,,,24,,,,,,,,,,,,,,,,,,,,,,,,,,,,,17239,0.12985870242118835
,,,24,,,,,,,,,,,,,,,,,,,,,,,,,,,,,17249,0.0013942192308604717
,,,24,,,,,,,,,,,,,,,,,,,,,,,,,,,,,17259,0.0017428795108571649
,,,24,,,,,,,,,,,,,,,,,,,,,,,,,,,,,17269,0.41897496581077576
,,,24,,,,,,,,,,,,,,,,,,,,,,,,,,,,,17279,0.010106184519827366
,,,24,,,,,,,,,,,,,,,,,,,,,,,,,,,,,17289,0.0026469286531209946
,,,24,,,,,,,,,,,,,,,,,,,,,,,,,,,,,17299,0.0011784195667132735
,,,24,,,,,,,,,,,,,,,,,,,,,,,,,,,,,17309,0.005275622475892305
,,,24,,,,,,,,,,,,,,,,,,,,,,,,,,,,,17319,0.0017179733840748668
,,,24,,,,,,,,,,,,,,,,,,,,,,,,,,,,,17329,0.03127444162964821
,,,24,,,,,,,,,,,,,,,,,,,,,,,,,,,,,17339,0.0065602390095591545
,,,24,,,,,,,,,,,,,,,,,,,,,,,,,,,,,17349,0.0022808972280472517
,,,24,,,,,,,,,,,,,,,,,,,,,,,,,,,,,17359,0.0016469937982037663
,,,24,,,,,,,,,,,,,,,,,,,,,,,,,,,,,17369,0.004228781443089247
,,,24,,,,,,,,,,,,,,,,,,,,,,,,,,,,,17379,0.03233255818486214
,,,24,,,,,,,,,,,,,,,,,,,,,,,,,,,,,17389,0.004895131569355726
,,,24,,,,,,,,,,,,,,,,,,,,,,,,,,,,,17399,0.25465822219848633
,,,24,,,,,,,,,,,,,,,,,,,,,,,,,,,,,17409,0.0012656699400395155
,,,24,,,,,,,,,,,,,,,,,,,,,,,,,,,,,17419,0.002579671097919345
,,,24,,,,,,,,,,,,,,,,,,,,,,,,,,,,,17429,0.007574679329991341
,,,24,,,,,,,,,,,,,,,,,,,,,,,,,,,,,17439,0.0017983863363042474
,,,24,,,,,,,,,,,,,,,,,,,,,,,,,,,,,17449,0.0717332735657692
,,,24,,,,,,,,,,,,,,,,,,,,,,,,,,,,,17459,0.007344797253608704
,,,24,,,,,,,,,,,,,,,,,,,,,,,,,,,,,17469,0.0013583117397502065
,,,24,,,,,,,,,,,,,,,,,,,,,,,,,,,,,17479,0.001627536490559578
,,,24,,,,,,,,,,,,,,,,,,,,,,,,,,,,,17489,0.00515303760766983
,,,24,,,,,,,,,,,,,,,,,,,,,,,,,,,,,17499,0.0008100413251668215
,,,24,,,,,,,,,,,,,,,,,,,,,,,,,,,,,17509,0.00349574931897223
,,,24,,,,,,,,,,,,,,,,,,,,,,,,,,,,,17519,0.0016825010534375906
0.8766233921051025,0.8881579041481018,0.8653846383094788,24,,,,,,,,,,,,,,,,,,,,,,,,,,,,,17524,
,,,,3.3378607357335043e-07,1.8698845198605113e-06,2.876745415170017e-06,2.876745415170017e-06,4.425762177184641e-06,4.425762177184641e-06,6.808864887976371e-06,6.808864887976371e-06,1.0475176750732877e-05,1.0475176750732877e-05,1.6115656539589043e-05,3.3378607357335043e-07,1.6115656539589043e-05,2.479331775321391e-05,2.479331775321391e-05,3.814356577417525e-05,3.814356577417525e-05,5.868240888334653e-05,5.868240888334653e-05,5.868240888334653e-05,5.868240888334653e-05,5.135170362666929e-07,5.135170362666929e-07,7.90026209641066e-07,7.90026209641066e-07,1.2154249379093322e-06,1.2154249379093322e-06,1.8698845198605113e-06,17525,
,,,25,,,,,,,,,,,,,,,,,,,,,,,,,,,,,17529,0.01708494871854782
,,,25,,,,,,,,,,,,,,,,,,,,,,,,,,,,,17539,0.0024949044454842806
,,,25,,,,,,,,,,,,,,,,,,,,,,,,,,,,,17549,0.0029856879264116287
,,,25,,,,,,,,,,,,,,,,,,,,,,,,,,,,,17559,0.027388282120227814
,,,25,,,,,,,,,,,,,,,,,,,,,,,,,,,,,17569,0.015944860875606537
,,,25,,,,,,,,,,,,,,,,,,,,,,,,,,,,,17579,0.0029122589621692896
,,,25,,,,,,,,,,,,,,,,,,,,,,,,,,,,,17589,0.002645534696057439
,,,25,,,,,,,,,,,,,,,,,,,,,,,,,,,,,17599,0.001168403192423284
,,,25,,,,,,,,,,,,,,,,,,,,,,,,,,,,,17609,0.11950184404850006
,,,25,,,,,,,,,,,,,,,,,,,,,,,,,,,,,17619,0.003310796106234193
,,,25,,,,,,,,,,,,,,,,,,,,,,,,,,,,,17629,0.002116082701832056
,,,25,,,,,,,,,,,,,,,,,,,,,,,,,,,,,17639,0.07518777996301651
,,,25,,,,,,,,,,,,,,,,,,,,,,,,,,,,,17649,0.00918705202639103
,,,25,,,,,,,,,,,,,,,,,,,,,,,,,,,,,17659,0.0014929389581084251
,,,25,,,,,,,,,,,,,,,,,,,,,,,,,,,,,17669,0.0011140655260533094
,,,25,,,,,,,,,,,,,,,,,,,,,,,,,,,,,17679,0.0015172552084550261
,,,25,,,,,,,,,,,,,,,,,,,,,,,,,,,,,17689,0.0464705228805542
,,,25,,,,,,,,,,,,,,,,,,,,,,,,,,,,,17699,0.0042865159921348095
,,,25,,,,,,,,,,,,,,,,,,,,,,,,,,,,,17709,0.00264273164793849
,,,25,,,,,,,,,,,,,,,,,,,,,,,,,,,,,17719,0.10030476748943329
,,,25,,,,,,,,,,,,,,,,,,,,,,,,,,,,,17729,0.0020038359798491
,,,25,,,,,,,,,,,,,,,,,,,,,,,,,,,,,17739,0.0010336623527109623
,,,25,,,,,,,,,,,,,,,,,,,,,,,,,,,,,17749,0.002210907870903611
,,,25,,,,,,,,,,,,,,,,,,,,,,,,,,,,,17759,0.002543716225773096
,,,25,,,,,,,,,,,,,,,,,,,,,,,,,,,,,17769,0.0020553648937493563
,,,25,,,,,,,,,,,,,,,,,,,,,,,,,,,,,17779,0.0030618056189268827
,,,25,,,,,,,,,,,,,,,,,,,,,,,,,,,,,17789,0.008076075464487076
,,,25,,,,,,,,,,,,,,,,,,,,,,,,,,,,,17799,0.0016763275489211082
,,,25,,,,,,,,,,,,,,,,,,,,,,,,,,,,,17809,0.27530258893966675
,,,25,,,,,,,,,,,,,,,,,,,,,,,,,,,,,17819,0.0005505471490323544
,,,25,,,,,,,,,,,,,,,,,,,,,,,,,,,,,17829,0.0007436441956087947
,,,25,,,,,,,,,,,,,,,,,,,,,,,,,,,,,17839,0.0019354299874976277
,,,25,,,,,,,,,,,,,,,,,,,,,,,,,,,,,17849,0.0020242270547896624
,,,25,,,,,,,,,,,,,,,,,,,,,,,,,,,,,17859,0.0008334009326063097
,,,25,,,,,,,,,,,,,,,,,,,,,,,,,,,,,17869,0.0008027005824260414
,,,25,,,,,,,,,,,,,,,,,,,,,,,,,,,,,17879,0.004499516915529966
,,,25,,,,,,,,,,,,,,,,,,,,,,,,,,,,,17889,0.0018263707170262933
,,,25,,,,,,,,,,,,,,,,,,,,,,,,,,,,,17899,0.0009100415627472103
,,,25,,,,,,,,,,,,,,,,,,,,,,,,,,,,,17909,0.0007607187144458294
,,,25,,,,,,,,,,,,,,,,,,,,,,,,,,,,,17919,0.1975211650133133
,,,25,,,,,,,,,,,,,,,,,,,,,,,,,,,,,17929,0.002524986630305648
,,,25,,,,,,,,,,,,,,,,,,,,,,,,,,,,,17939,0.707371175289154
,,,25,,,,,,,,,,,,,,,,,,,,,,,,,,,,,17949,0.0011530239135026932
,,,25,,,,,,,,,,,,,,,,,,,,,,,,,,,,,17959,0.00427158223465085
,,,25,,,,,,,,,,,,,,,,,,,,,,,,,,,,,17969,0.002311369637027383
,,,25,,,,,,,,,,,,,,,,,,,,,,,,,,,,,17979,0.0011828204151242971
,,,25,,,,,,,,,,,,,,,,,,,,,,,,,,,,,17989,0.001090062316507101
,,,25,,,,,,,,,,,,,,,,,,,,,,,,,,,,,17999,0.05018944293260574
,,,25,,,,,,,,,,,,,,,,,,,,,,,,,,,,,18009,0.0163955669850111
,,,25,,,,,,,,,,,,,,,,,,,,,,,,,,,,,18019,0.0008916647057048976
,,,25,,,,,,,,,,,,,,,,,,,,,,,,,,,,,18029,0.009728476405143738
,,,25,,,,,,,,,,,,,,,,,,,,,,,,,,,,,18039,0.002199959009885788
,,,25,,,,,,,,,,,,,,,,,,,,,,,,,,,,,18049,0.34549784660339355
,,,25,,,,,,,,,,,,,,,,,,,,,,,,,,,,,18059,0.002986235311254859
,,,25,,,,,,,,,,,,,,,,,,,,,,,,,,,,,18069,0.007106940262019634
,,,25,,,,,,,,,,,,,,,,,,,,,,,,,,,,,18079,0.0025083511136472225
,,,25,,,,,,,,,,,,,,,,,,,,,,,,,,,,,18089,0.0007957963389344513
,,,25,,,,,,,,,,,,,,,,,,,,,,,,,,,,,18099,0.0011138069676235318
,,,25,,,,,,,,,,,,,,,,,,,,,,,,,,,,,18109,0.03900275006890297
,,,25,,,,,,,,,,,,,,,,,,,,,,,,,,,,,18119,0.001584392273798585
,,,25,,,,,,,,,,,,,,,,,,,,,,,,,,,,,18129,0.004009075928479433
,,,25,,,,,,,,,,,,,,,,,,,,,,,,,,,,,18139,0.0015568314120173454
,,,25,,,,,,,,,,,,,,,,,,,,,,,,,,,,,18149,0.0016197416698560119
,,,25,,,,,,,,,,,,,,,,,,,,,,,,,,,,,18159,0.0012212003348395228
,,,25,,,,,,,,,,,,,,,,,,,,,,,,,,,,,18169,0.0024692127481102943
,,,25,,,,,,,,,,,,,,,,,,,,,,,,,,,,,18179,0.006044334731996059
,,,25,,,,,,,,,,,,,,,,,,,,,,,,,,,,,18189,0.002046681009232998
,,,25,,,,,,,,,,,,,,,,,,,,,,,,,,,,,18199,0.004814520012587309
,,,25,,,,,,,,,,,,,,,,,,,,,,,,,,,,,18209,0.0011756403837352991
,,,25,,,,,,,,,,,,,,,,,,,,,,,,,,,,,18219,0.0015726881101727486
,,,,3.141283954762321e-07,1.7597613275514558e-06,2.707325119309932e-06,2.707325119309932e-06,4.165115568169125e-06,4.165115568169125e-06,6.407870104875578e-06,6.407870104875578e-06,9.85826169980858e-06,9.85826169980858e-06,1.516655646124397e-05,3.141283954762321e-07,1.516655646124397e-05,2.333316378652918e-05,2.333316378652918e-05,3.589717505619874e-05,3.589717505619874e-05,5.522642316338268e-05,5.522642316338268e-05,5.522642316338268e-05,5.522642316338268e-05,4.832744545788186e-07,4.832744545788186e-07,7.434991608904902e-07,7.434991608904902e-07,1.1438448629084463e-06,1.1438448629084463e-06,1.7597613275514558e-06,18226,
,,,26,,,,,,,,,,,,,,,,,,,,,,,,,,,,,18229,0.17702390253543854
,,,26,,,,,,,,,,,,,,,,,,,,,,,,,,,,,18239,0.3571219742298126
,,,26,,,,,,,,,,,,,,,,,,,,,,,,,,,,,18249,0.0009046163177117705
,,,26,,,,,,,,,,,,,,,,,,,,,,,,,,,,,18259,0.0019569138530641794
,,,26,,,,,,,,,,,,,,,,,,,,,,,,,,,,,18269,0.002677394775673747
,,,26,,,,,,,,,,,,,,,,,,,,,,,,,,,,,18279,0.07051799446344376
,,,26,,,,,,,,,,,,,,,,,,,,,,,,,,,,,18289,0.0032691024243831635
,,,26,,,,,,,,,,,,,,,,,,,,,,,,,,,,,18299,0.26832115650177
,,,26,,,,,,,,,,,,,,,,,,,,,,,,,,,,,18309,0.0008285351796075702
,,,26,,,,,,,,,,,,,,,,,,,,,,,,,,,,,18319,0.0012694938341155648
,,,26,,,,,,,,,,,,,,,,,,,,,,,,,,,,,18329,0.0021373347844928503
,,,26,,,,,,,,,,,,,,,,,,,,,,,,,,,,,18339,0.0318913571536541
,,,26,,,,,,,,,,,,,,,,,,,,,,,,,,,,,18349,0.0030654461588710546
,,,26,,,,,,,,,,,,,,,,,,,,,,,,,,,,,18359,0.0018694150494411588
,,,26,,,,,,,,,,,,,,,,,,,,,,,,,,,,,18369,0.0027556619606912136
,,,26,,,,,,,,,,,,,,,,,,,,,,,,,,,,,18379,0.0036223323550075293
,,,26,,,,,,,,,,,,,,,,,,,,,,,,,,,,,18389,0.009780741296708584
,,,26,,,,,,,,,,,,,,,,,,,,,,,,,,,,,18399,0.0034475778229534626
,,,26,,,,,,,,,,,,,,,,,,,,,,,,,,,,,18409,0.09806293249130249
,,,26,,,,,,,,,,,,,,,,,,,,,,,,,,,,,18419,0.015202646143734455
,,,26,,,,,,,,,,,,,,,,,,,,,,,,,,,,,18429,0.001902710529975593
,,,26,,,,,,,,,,,,,,,,,,,,,,,,,,,,,18439,0.003743900218978524
,,,26,,,,,,,,,,,,,,,,,,,,,,,,,,,,,18449,0.010636391118168831
,,,26,,,,,,,,,,,,,,,,,,,,,,,,,,,,,18459,0.03329220786690712
,,,26,,,,,,,,,,,,,,,,,,,,,,,,,,,,,18469,0.017705459147691727
,,,26,,,,,,,,,,,,,,,,,,,,,,,,,,,,,18479,0.0028876366559416056
,,,26,,,,,,,,,,,,,,,,,,,,,,,,,,,,,18489,0.0014316386077553034
,,,26,,,,,,,,,,,,,,,,,,,,,,,,,,,,,18499,0.001219375990331173
,,,26,,,,,,,,,,,,,,,,,,,,,,,,,,,,,18509,0.010216884315013885
,,,26,,,,,,,,,,,,,,,,,,,,,,,,,,,,,18519,0.0015892382944002748
,,,26,,,,,,,,,,,,,,,,,,,,,,,,,,,,,18529,0.001604099990800023
,,,26,,,,,,,,,,,,,,,,,,,,,,,,,,,,,18539,0.012644510716199875
,,,26,,,,,,,,,,,,,,,,,,,,,,,,,,,,,18549,0.008409897796809673
,,,26,,,,,,,,,,,,,,,,,,,,,,,,,,,,,18559,0.0026084233541041613
,,,26,,,,,,,,,,,,,,,,,,,,,,,,,,,,,18569,0.008298912085592747
,,,26,,,,,,,,,,,,,,,,,,,,,,,,,,,,,18579,0.037860896438360214
,,,26,,,,,,,,,,,,,,,,,,,,,,,,,,,,,18589,0.009576433338224888
,,,26,,,,,,,,,,,,,,,,,,,,,,,,,,,,,18599,0.0008356094476766884
,,,26,,,,,,,,,,,,,,,,,,,,,,,,,,,,,18609,0.005253368988633156
,,,26,,,,,,,,,,,,,,,,,,,,,,,,,,,,,18619,0.006969090551137924
,,,26,,,,,,,,,,,,,,,,,,,,,,,,,,,,,18629,0.029106400907039642
,,,26,,,,,,,,,,,,,,,,,,,,,,,,,,,,,18639,0.03908131271600723
,,,26,,,,,,,,,,,,,,,,,,,,,,,,,,,,,18649,0.0012856393586844206
,,,26,,,,,,,,,,,,,,,,,,,,,,,,,,,,,18659,0.0016136220656335354
,,,26,,,,,,,,,,,,,,,,,,,,,,,,,,,,,18669,0.0031516144517809153
,,,26,,,,,,,,,,,,,,,,,,,,,,,,,,,,,18679,0.0015309780137613416
,,,26,,,,,,,,,,,,,,,,,,,,,,,,,,,,,18689,0.00804681796580553
,,,26,,,,,,,,,,,,,,,,,,,,,,,,,,,,,18699,0.0009400974377058446
,,,26,,,,,,,,,,,,,,,,,,,,,,,,,,,,,18709,0.003900788025930524
,,,26,,,,,,,,,,,,,,,,,,,,,,,,,,,,,18719,0.0019808311481028795
,,,26,,,,,,,,,,,,,,,,,,,,,,,,,,,,,18729,0.036291833966970444
,,,26,,,,,,,,,,,,,,,,,,,,,,,,,,,,,18739,0.0017361508216708899
,,,26,,,,,,,,,,,,,,,,,,,,,,,,,,,,,18749,0.020468242466449738
,,,26,,,,,,,,,,,,,,,,,,,,,,,,,,,,,18759,0.18107561767101288
,,,26,,,,,,,,,,,,,,,,,,,,,,,,,,,,,18769,0.0017291693948209286
,,,26,,,,,,,,,,,,,,,,,,,,,,,,,,,,,18779,0.002279464853927493
,,,26,,,,,,,,,,,,,,,,,,,,,,,,,,,,,18789,0.24640107154846191
,,,26,,,,,,,,,,,,,,,,,,,,,,,,,,,,,18799,0.004505425691604614
,,,26,,,,,,,,,,,,,,,,,,,,,,,,,,,,,18809,0.0015278109349310398
,,,26,,,,,,,,,,,,,,,,,,,,,,,,,,,,,18819,0.00726758548989892
,,,26,,,,,,,,,,,,,,,,,,,,,,,,,,,,,18829,0.044255565851926804
,,,26,,,,,,,,,,,,,,,,,,,,,,,,,,,,,18839,0.050116319209337234
,,,26,,,,,,,,,,,,,,,,,,,,,,,,,,,,,18849,0.001305376528762281
,,,26,,,,,,,,,,,,,,,,,,,,,,,,,,,,,18859,0.004686630796641111
,,,26,,,,,,,,,,,,,,,,,,,,,,,,,,,,,18869,0.0016680773114785552
,,,26,,,,,,,,,,,,,,,,,,,,,,,,,,,,,18879,0.0021153211127966642
,,,26,,,,,,,,,,,,,,,,,,,,,,,,,,,,,18889,0.0019157261122018099
,,,26,,,,,,,,,,,,,,,,,,,,,,,,,,,,,18899,0.012348315678536892
,,,26,,,,,,,,,,,,,,,,,,,,,,,,,,,,,18909,0.0031769978813827038
,,,26,,,,,,,,,,,,,,,,,,,,,,,,,,,,,18919,0.013134186156094074
,,,,2.943258858323685e-07,1.648826782436853e-06,2.5366565883643888e-06,2.5366565883643888e-06,3.902548597483675e-06,3.902548597483675e-06,6.003920919205654e-06,6.003920919205654e-06,9.236801414162544e-06,9.236801414162544e-06,1.4210463714096221e-05,2.943258858323685e-07,1.4210463714096221e-05,2.1862251867840337e-05,2.1862251867840337e-05,3.363423364283129e-05,3.363423364283129e-05,5.174497483512506e-05,5.174497483512506e-05,5.174497483512506e-05,5.174497483512506e-05,4.5280905512672074e-07,4.5280905512672074e-07,6.966293155795704e-07,6.966293155795704e-07,1.0717374085839545e-06,1.0717374085839545e-06,1.648826782436853e-06,18927,
,,,27,,,,,,,,,,,,,,,,,,,,,,,,,,,,,18929,0.008594577200710773
,,,27,,,,,,,,,,,,,,,,,,,,,,,,,,,,,18939,0.0023517960216850042
,,,27,,,,,,,,,,,,,,,,,,,,,,,,,,,,,18949,0.0035923097748309374
,,,27,,,,,,,,,,,,,,,,,,,,,,,,,,,,,18959,0.0067541529424488544
,,,27,,,,,,,,,,,,,,,,,,,,,,,,,,,,,18969,0.0014029205776751041
,,,27,,,,,,,,,,,,,,,,,,,,,,,,,,,,,18979,0.002753730397671461
,,,27,,,,,,,,,,,,,,,,,,,,,,,,,,,,,18989,0.003529458539560437
,,,27,,,,,,,,,,,,,,,,,,,,,,,,,,,,,18999,0.0756773129105568
,,,27,,,,,,,,,,,,,,,,,,,,,,,,,,,,,19009,0.002632799791172147
,,,27,,,,,,,,,,,,,,,,,,,,,,,,,,,,,19019,0.002365004736930132
,,,27,,,,,,,,,,,,,,,,,,,,,,,,,,,,,19029,0.10585851967334747
,,,27,,,,,,,,,,,,,,,,,,,,,,,,,,,,,19039,0.001985686831176281
,,,27,,,,,,,,,,,,,,,,,,,,,,,,,,,,,19049,0.006004789378494024
,,,27,,,,,,,,,,,,,,,,,,,,,,,,,,,,,19059,0.0064959838055074215
,,,27,,,,,,,,,,,,,,,,,,,,,,,,,,,,,19069,0.005130796227604151
,,,27,,,,,,,,,,,,,,,,,,,,,,,,,,,,,19079,0.003527188440784812
,,,27,,,,,,,,,,,,,,,,,,,,,,,,,,,,,19089,0.0006231438019312918
,,,27,,,,,,,,,,,,,,,,,,,,,,,,,,,,,19099,0.0012571059633046389
,,,27,,,,,,,,,,,,,,,,,,,,,,,,,,,,,19109,0.004922840278595686
,,,27,,,,,,,,,,,,,,,,,,,,,,,,,,,,,19119,0.0010356659768149257
,,,27,,,,,,,,,,,,,,,,,,,,,,,,,,,,,19129,1.2223848104476929
,,,27,,,,,,,,,,,,,,,,,,,,,,,,,,,,,19139,0.0056129866279661655
,,,27,,,,,,,,,,,,,,,,,,,,,,,,,,,,,19149,0.06941196322441101
,,,27,,,,,,,,,,,,,,,,,,,,,,,,,,,,,19159,0.001529686152935028
,,,27,,,,,,,,,,,,,,,,,,,,,,,,,,,,,19169,0.0016504237428307533
,,,27,,,,,,,,,,,,,,,,,,,,,,,,,,,,,19179,0.0011230007512494922
,,,27,,,,,,,,,,,,,,,,,,,,,,,,,,,,,19189,0.003115664701908827
,,,27,,,,,,,,,,,,,,,,,,,,,,,,,,,,,19199,0.0017599482089281082
,,,27,,,,,,,,,,,,,,,,,,,,,,,,,,,,,19209,0.0012548144441097975
,,,27,,,,,,,,,,,,,,,,,,,,,,,,,,,,,19219,0.0019116448238492012
,,,27,,,,,,,,,,,,,,,,,,,,,,,,,,,,,19229,0.0015613505383953452
,,,27,,,,,,,,,,,,,,,,,,,,,,,,,,,,,19239,0.09368571639060974
,,,27,,,,,,,,,,,,,,,,,,,,,,,,,,,,,19249,0.003641416085883975
,,,27,,,,,,,,,,,,,,,,,,,,,,,,,,,,,19259,0.0019791785161942244
,,,27,,,,,,,,,,,,,,,,,,,,,,,,,,,,,19269,0.0010818149894475937
,,,27,,,,,,,,,,,,,,,,,,,,,,,,,,,,,19279,0.002671501599252224
,,,27,,,,,,,,,,,,,,,,,,,,,,,,,,,,,19289,0.001731055323034525
,,,27,,,,,,,,,,,,,,,,,,,,,,,,,,,,,19299,0.011389010585844517
,,,27,,,,,,,,,,,,,,,,,,,,,,,,,,,,,19309,0.1137746274471283
,,,27,,,,,,,,,,,,,,,,,,,,,,,,,,,,,19319,0.0023852696176618338
,,,27,,,,,,,,,,,,,,,,,,,,,,,,,,,,,19329,0.024684755131602287
,,,27,,,,,,,,,,,,,,,,,,,,,,,,,,,,,19339,0.0032576469238847494
,,,27,,,,,,,,,,,,,,,,,,,,,,,,,,,,,19349,0.0015768613666296005
,,,27,,,,,,,,,,,,,,,,,,,,,,,,,,,,,19359,0.0014989444753155112
,,,27,,,,,,,,,,,,,,,,,,,,,,,,,,,,,19369,0.001866494189016521
,,,27,,,,,,,,,,,,,,,,,,,,,,,,,,,,,19379,0.0005546133033931255
,,,27,,,,,,,,,,,,,,,,,,,,,,,,,,,,,19389,0.0018146069487556815
,,,27,,,,,,,,,,,,,,,,,,,,,,,,,,,,,19399,1.0353658199310303
,,,27,,,,,,,,,,,,,,,,,,,,,,,,,,,,,19409,0.002590865595266223
,,,27,,,,,,,,,,,,,,,,,,,,,,,,,,,,,19419,0.006884242873638868
,,,27,,,,,,,,,,,,,,,,,,,,,,,,,,,,,19429,0.005814650095999241
,,,27,,,,,,,,,,,,,,,,,,,,,,,,,,,,,19439,0.030400730669498444
,,,27,,,,,,,,,,,,,,,,,,,,,,,,,,,,,19449,0.0015563513152301311
,,,27,,,,,,,,,,,,,,,,,,,,,,,,,,,,,19459,0.0022497025784105062
,,,27,,,,,,,,,,,,,,,,,,,,,,,,,,,,,19469,0.004194425418972969
,,,27,,,,,,,,,,,,,,,,,,,,,,,,,,,,,19479,0.000936224649194628
,,,27,,,,,,,,,,,,,,,,,,,,,,,,,,,,,19489,0.002188669750466943
,,,27,,,,,,,,,,,,,,,,,,,,,,,,,,,,,19499,0.00033316967892460525
,,,27,,,,,,,,,,,,,,,,,,,,,,,,,,,,,19509,0.01697790063917637
,,,27,,,,,,,,,,,,,,,,,,,,,,,,,,,,,19519,0.016890015453100204
,,,27,,,,,,,,,,,,,,,,,,,,,,,,,,,,,19529,0.001859255600720644
,,,27,,,,,,,,,,,,,,,,,,,,,,,,,,,,,19539,0.001454418059438467
,,,27,,,,,,,,,,,,,,,,,,,,,,,,,,,,,19549,0.5510292649269104
,,,27,,,,,,,,,,,,,,,,,,,,,,,,,,,,,19559,0.0025747427716851234
,,,27,,,,,,,,,,,,,,,,,,,,,,,,,,,,,19569,0.0018740239320322871
,,,27,,,,,,,,,,,,,,,,,,,,,,,,,,,,,19579,0.0017848452553153038
,,,27,,,,,,,,,,,,,,,,,,,,,,,,,,,,,19589,0.008266926743090153
,,,27,,,,,,,,,,,,,,,,,,,,,,,,,,,,,19599,0.1348380595445633
,,,27,,,,,,,,,,,,,,,,,,,,,,,,,,,,,19609,0.8738983869552612
,,,27,,,,,,,,,,,,,,,,,,,,,,,,,,,,,19619,0.0016640778630971909
,,,,2.744750204782032e-07,1.537621346469399e-06,2.3655713022606135e-06,2.3655713022606135e-06,3.6393404650163284e-06,3.6393404650163284e-06,5.598985330794351e-06,5.598985330794351e-06,8.613823585837463e-06,8.613823585837463e-06,1.3252036285903789e-05,2.744750204782032e-07,1.3252036285903789e-05,2.0387748132159674e-05,2.0387748132159674e-05,3.136576635716873e-05,3.136576635716873e-05,4.825502516487497e-05,4.825502516487497e-05,4.825502516487497e-05,4.825502516487497e-05,4.222692622741587e-07,4.222692622741587e-07,6.496450188833211e-07,6.496450188833211e-07,9.994538752051094e-07,9.994538752051094e-07,1.537621346469399e-06,19628,
,,,28,,,,,,,,,,,,,,,,,,,,,,,,,,,,,19629,0.002084395382553339
,,,28,,,,,,,,,,,,,,,,,,,,,,,,,,,,,19639,0.018593940883874893
,,,28,,,,,,,,,,,,,,,,,,,,,,,,,,,,,19649,0.002962496830150485
,,,28,,,,,,,,,,,,,,,,,,,,,,,,,,,,,19659,0.7606519460678101
,,,28,,,,,,,,,,,,,,,,,,,,,,,,,,,,,19669,0.001006222446449101
,,,28,,,,,,,,,,,,,,,,,,,,,,,,,,,,,19679,0.0012532412074506283
,,,28,,,,,,,,,,,,,,,,,,,,,,,,,,,,,19689,0.013418559916317463
,,,28,,,,,,,,,,,,,,,,,,,,,,,,,,,,,19699,0.0713258758187294
,,,28,,,,,,,,,,,,,,,,,,,,,,,,,,,,,19709,0.23230969905853271
,,,28,,,,,,,,,,,,,,,,,,,,,,,,,,,,,19719,0.0019692927598953247
,,,28,,,,,,,,,,,,,,,,,,,,,,,,,,,,,19729,0.00244934787042439
,,,28,,,,,,,,,,,,,,,,,,,,,,,,,,,,,19739,0.002505606273189187
,,,28,,,,,,,,,,,,,,,,,,,,,,,,,,,,,19749,0.014335584826767445
,,,28,,,,,,,,,,,,,,,,,,,,,,,,,,,,,19759,0.02379935048520565
,,,28,,,,,,,,,,,,,,,,,,,,,,,,,,,,,19769,0.0017780282068997622
,,,28,,,,,,,,,,,,,,,,,,,,,,,,,,,,,19779,0.003244491061195731
,,,28,,,,,,,,,,,,,,,,,,,,,,,,,,,,,19789,0.17298810184001923
,,,28,,,,,,,,,,,,,,,,,,,,,,,,,,,,,19799,0.0016425300855189562
,,,28,,,,,,,,,,,,,,,,,,,,,,,,,,,,,19809,0.002931707538664341
,,,28,,,,,,,,,,,,,,,,,,,,,,,,,,,,,19819,0.023564757779240608
,,,28,,,,,,,,,,,,,,,,,,,,,,,,,,,,,19829,0.0018796180374920368
,,,28,,,,,,,,,,,,,,,,,,,,,,,,,,,,,19839,0.0034608920104801655
,,,28,,,,,,,,,,,,,,,,,,,,,,,,,,,,,19849,0.001545857754535973
,,,28,,,,,,,,,,,,,,,,,,,,,,,,,,,,,19859,0.004890707321465015
,,,28,,,,,,,,,,,,,,,,,,,,,,,,,,,,,19869,0.0009203068329952657
,,,28,,,,,,,,,,,,,,,,,,,,,,,,,,,,,19879,0.007645212113857269
,,,28,,,,,,,,,,,,,,,,,,,,,,,,,,,,,19889,0.002259675646200776
,,,28,,,,,,,,,,,,,,,,,,,,,,,,,,,,,19899,0.0007449378608725965
,,,28,,,,,,,,,,,,,,,,,,,,,,,,,,,,,19909,0.05029711499810219
,,,28,,,,,,,,,,,,,,,,,,,,,,,,,,,,,19919,0.06378878653049469
,,,28,,,,,,,,,,,,,,,,,,,,,,,,,,,,,19929,0.00259389728307724
,,,28,,,,,,,,,,,,,,,,,,,,,,,,,,,,,19939,0.0015052590752020478
,,,28,,,,,,,,,,,,,,,,,,,,,,,,,,,,,19949,0.001522862003184855
,,,28,,,,,,,,,,,,,,,,,,,,,,,,,,,,,19959,0.12468631565570831
,,,28,,,,,,,,,,,,,,,,,,,,,,,,,,,,,19969,0.0013753975508734584
,,,28,,,,,,,,,,,,,,,,,,,,,,,,,,,,,19979,0.0008696639561094344
,,,28,,,,,,,,,,,,,,,,,,,,,,,,,,,,,19989,0.0016750916838645935
,,,28,,,,,,,,,,,,,,,,,,,,,,,,,,,,,19999,0.02263922058045864
,,,28,,,,,,,,,,,,,,,,,,,,,,,,,,,,,20009,0.007612020708620548
,,,28,,,,,,,,,,,,,,,,,,,,,,,,,,,,,20019,0.000587334914598614
,,,28,,,,,,,,,,,,,,,,,,,,,,,,,,,,,20029,0.02228601649403572
,,,28,,,,,,,,,,,,,,,,,,,,,,,,,,,,,20039,0.0026121868286281824
,,,28,,,,,,,,,,,,,,,,,,,,,,,,,,,,,20049,0.02060619369149208
,,,28,,,,,,,,,,,,,,,,,,,,,,,,,,,,,20059,0.000974157708697021
,,,28,,,,,,,,,,,,,,,,,,,,,,,,,,,,,20069,0.0013166693970561028
,,,28,,,,,,,,,,,,,,,,,,,,,,,,,,,,,20079,0.0011575085809454322
,,,28,,,,,,,,,,,,,,,,,,,,,,,,,,,,,20089,0.006684622727334499
,,,28,,,,,,,,,,,,,,,,,,,,,,,,,,,,,20099,0.0009088180959224701
,,,28,,,,,,,,,,,,,,,,,,,,,,,,,,,,,20109,0.005213008262217045
,,,28,,,,,,,,,,,,,,,,,,,,,,,,,,,,,20119,0.0009029594948515296
,,,28,,,,,,,,,,,,,,,,,,,,,,,,,,,,,20129,0.0007624552235938609
,,,28,,,,,,,,,,,,,,,,,,,,,,,,,,,,,20139,0.004773285239934921
,,,28,,,,,,,,,,,,,,,,,,,,,,,,,,,,,20149,0.14021749794483185
,,,28,,,,,,,,,,,,,,,,,,,,,,,,,,,,,20159,0.0019315741956233978
,,,28,,,,,,,,,,,,,,,,,,,,,,,,,,,,,20169,0.0018618361791595817
,,,28,,,,,,,,,,,,,,,,,,,,,,,,,,,,,20179,0.025474319234490395
,,,28,,,,,,,,,,,,,,,,,,,,,,,,,,,,,20189,0.0014826467959210277
,,,28,,,,,,,,,,,,,,,,,,,,,,,,,,,,,20199,0.001854418427683413
,,,28,,,,,,,,,,,,,,,,,,,,,,,,,,,,,20209,0.002363835461437702
,,,28,,,,,,,,,,,,,,,,,,,,,,,,,,,,,20219,0.0017963404534384608
,,,28,,,,,,,,,,,,,,,,,,,,,,,,,,,,,20229,0.08206675201654434
,,,28,,,,,,,,,,,,,,,,,,,,,,,,,,,,,20239,0.010943240486085415
,,,28,,,,,,,,,,,,,,,,,,,,,,,,,,,,,20249,0.40716448426246643
,,,28,,,,,,,,,,,,,,,,,,,,,,,,,,,,,20259,0.010167260654270649
,,,28,,,,,,,,,,,,,,,,,,,,,,,,,,,,,20269,0.004129927605390549
,,,28,,,,,,,,,,,,,,,,,,,,,,,,,,,,,20279,0.001700296183116734
,,,28,,,,,,,,,,,,,,,,,,,,,,,,,,,,,20289,0.0012252104934304953
,,,28,,,,,,,,,,,,,,,,,,,,,,,,,,,,,20299,0.0011669532395899296
,,,28,,,,,,,,,,,,,,,,,,,,,,,,,,,,,20309,0.0011342914076521993
,,,28,,,,,,,,,,,,,,,,,,,,,,,,,,,,,20319,0.0017495029605925083
,,,,2.5467251083433957e-07,1.4266868013547958e-06,2.1949027713150704e-06,2.1949027713150704e-06,3.376773494330877e-06,3.376773494330877e-06,5.195036145124426e-06,5.195036145124426e-06,7.992363300191425e-06,7.992363300191425e-06,1.2295943538756038e-05,2.5467251083433957e-07,1.2295943538756038e-05,1.8916836213470826e-05,1.8916836213470826e-05,2.9102824943801272e-05,2.9102824943801272e-05,4.477357683661734e-05,4.477357683661734e-05,4.477357683661734e-05,4.477357683661734e-05,3.9180386282206076e-07,3.9180386282206076e-07,6.027751735724013e-07,6.027751735724013e-07,9.273464208806172e-07,9.273464208806172e-07,1.4266868013547958e-06,20329,
,,,29,,,,,,,,,,,,,,,,,,,,,,,,,,,,,20329,0.0019907618407160044
,,,29,,,,,,,,,,,,,,,,,,,,,,,,,,,,,20339,0.007550312206149101
,,,29,,,,,,,,,,,,,,,,,,,,,,,,,,,,,20349,0.2710370123386383
,,,29,,,,,,,,,,,,,,,,,,,,,,,,,,,,,20359,0.0008702495833858848
,,,29,,,,,,,,,,,,,,,,,,,,,,,,,,,,,20369,0.0020625528413802385
,,,29,,,,,,,,,,,,,,,,,,,,,,,,,,,,,20379,0.00404197396710515
,,,29,,,,,,,,,,,,,,,,,,,,,,,,,,,,,20389,0.0019242390990257263
,,,29,,,,,,,,,,,,,,,,,,,,,,,,,,,,,20399,0.005689258221536875
,,,29,,,,,,,,,,,,,,,,,,,,,,,,,,,,,20409,0.002852763282135129
,,,29,,,,,,,,,,,,,,,,,,,,,,,,,,,,,20419,0.03863512724637985
,,,29,,,,,,,,,,,,,,,,,,,,,,,,,,,,,20429,0.17417965829372406
,,,29,,,,,,,,,,,,,,,,,,,,,,,,,,,,,20439,0.0013147114077582955
,,,29,,,,,,,,,,,,,,,,,,,,,,,,,,,,,20449,0.0010932388249784708
,,,29,,,,,,,,,,,,,,,,,,,,,,,,,,,,,20459,0.0035857106558978558
,,,29,,,,,,,,,,,,,,,,,,,,,,,,,,,,,20469,0.8694151639938354
,,,29,,,,,,,,,,,,,,,,,,,,,,,,,,,,,20479,0.002557095605880022
,,,29,,,,,,,,,,,,,,,,,,,,,,,,,,,,,20489,0.0029577049426734447
,,,29,,,,,,,,,,,,,,,,,,,,,,,,,,,,,20499,0.002130109816789627
,,,29,,,,,,,,,,,,,,,,,,,,,,,,,,,,,20509,0.004123923368752003
,,,29,,,,,,,,,,,,,,,,,,,,,,,,,,,,,20519,0.0015791601035743952
,,,29,,,,,,,,,,,,,,,,,,,,,,,,,,,,,20529,0.0021622581407427788
,,,29,,,,,,,,,,,,,,,,,,,,,,,,,,,,,20539,0.0008825694094412029
,,,29,,,,,,,,,,,,,,,,,,,,,,,,,,,,,20549,0.001786713721230626
,,,29,,,,,,,,,,,,,,,,,,,,,,,,,,,,,20559,0.03874192014336586
,,,29,,,,,,,,,,,,,,,,,,,,,,,,,,,,,20569,0.16197533905506134
,,,29,,,,,,,,,,,,,,,,,,,,,,,,,,,,,20579,0.0009063982870429754
,,,29,,,,,,,,,,,,,,,,,,,,,,,,,,,,,20589,0.03704735264182091
,,,29,,,,,,,,,,,,,,,,,,,,,,,,,,,,,20599,0.0020935332868248224
,,,29,,,,,,,,,,,,,,,,,,,,,,,,,,,,,20609,0.0008761177305132151
,,,29,,,,,,,,,,,,,,,,,,,,,,,,,,,,,20619,0.001980564324185252
,,,29,,,,,,,,,,,,,,,,,,,,,,,,,,,,,20629,0.0017342278733849525
,,,29,,,,,,,,,,,,,,,,,,,,,,,,,,,,,20639,0.0010112716117873788
,,,29,,,,,,,,,,,,,,,,,,,,,,,,,,,,,20649,0.4487960636615753
,,,29,,,,,,,,,,,,,,,,,,,,,,,,,,,,,20659,0.00035515095805749297
,,,29,,,,,,,,,,,,,,,,,,,,,,,,,,,,,20669,0.12390034645795822
,,,29,,,,,,,,,,,,,,,,,,,,,,,,,,,,,20679,0.0869583711028099
,,,29,,,,,,,,,,,,,,,,,,,,,,,,,,,,,20689,0.051645901054143906
,,,29,,,,,,,,,,,,,,,,,,,,,,,,,,,,,20699,0.001106897252611816
,,,29,,,,,,,,,,,,,,,,,,,,,,,,,,,,,20709,0.002559840911999345
,,,29,,,,,,,,,,,,,,,,,,,,,,,,,,,,,20719,0.0006095611024647951
,,,29,,,,,,,,,,,,,,,,,,,,,,,,,,,,,20729,0.000912236690055579
,,,29,,,,,,,,,,,,,,,,,,,,,,,,,,,,,20739,0.02245710790157318
,,,29,,,,,,,,,,,,,,,,,,,,,,,,,,,,,20749,0.007929811254143715
,,,29,,,,,,,,,,,,,,,,,,,,,,,,,,,,,20759,0.0031364853493869305
,,,29,,,,,,,,,,,,,,,,,,,,,,,,,,,,,20769,0.0011474249185994267
,,,29,,,,,,,,,,,,,,,,,,,,,,,,,,,,,20779,0.002669733250513673
,,,29,,,,,,,,,,,,,,,,,,,,,,,,,,,,,20789,0.017808519303798676
,,,29,,,,,,,,,,,,,,,,,,,,,,,,,,,,,20799,0.002233675215393305
,,,29,,,,,,,,,,,,,,,,,,,,,,,,,,,,,20809,0.0037357048131525517
,,,29,,,,,,,,,,,,,,,,,,,,,,,,,,,,,20819,0.001405305345542729
,,,29,,,,,,,,,,,,,,,,,,,,,,,,,,,,,20829,0.23463855683803558
,,,29,,,,,,,,,,,,,,,,,,,,,,,,,,,,,20839,0.0016946867108345032
,,,29,,,,,,,,,,,,,,,,,,,,,,,,,,,,,20849,0.003187093185260892
,,,29,,,,,,,,,,,,,,,,,,,,,,,,,,,,,20859,0.0381619893014431
,,,29,,,,,,,,,,,,,,,,,,,,,,,,,,,,,20869,0.0010856036096811295
,,,29,,,,,,,,,,,,,,,,,,,,,,,,,,,,,20879,0.001325187156908214
,,,29,,,,,,,,,,,,,,,,,,,,,,,,,,,,,20889,0.09586348384618759
,,,29,,,,,,,,,,,,,,,,,,,,,,,,,,,,,20899,0.01791655272245407
,,,29,,,,,,,,,,,,,,,,,,,,,,,,,,,,,20909,0.005845080595463514
,,,29,,,,,,,,,,,,,,,,,,,,,,,,,,,,,20919,0.0010926449904218316
,,,29,,,,,,,,,,,,,,,,,,,,,,,,,,,,,20929,0.0014199998695403337
,,,29,,,,,,,,,,,,,,,,,,,,,,,,,,,,,20939,0.0019437915179878473
,,,29,,,,,,,,,,,,,,,,,,,,,,,,,,,,,20949,0.00125304632820189
,,,29,,,,,,,,,,,,,,,,,,,,,,,,,,,,,20959,0.0010030143894255161
,,,29,,,,,,,,,,,,,,,,,,,,,,,,,,,,,20969,0.0013280496932566166
,,,29,,,,,,,,,,,,,,,,,,,,,,,,,,,,,20979,0.9088066816329956
,,,29,,,,,,,,,,,,,,,,,,,,,,,,,,,,,20989,0.04289689287543297
,,,29,,,,,,,,,,,,,,,,,,,,,,,,,,,,,20999,0.007719502318650484
,,,29,,,,,,,,,,,,,,,,,,,,,,,,,,,,,21009,0.0976385697722435
,,,29,,,,,,,,,,,,,,,,,,,,,,,,,,,,,21019,0.0009507699869573116
,,,29,,,,,,,,,,,,,,,,,,,,,,,,,,,,,21029,0.0009134283754974604
0.8736177086830139,0.8613707423210144,0.8862179517745972,29,,,,,,,,,,,,,,,,,,,,,,,,,,,,,21029,
,,,,2.3501483273722123e-07,1.3165636090457405e-06,2.025482475454985e-06,2.025482475454985e-06,3.1161268853153615e-06,3.1161268853153615e-06,4.794041362023633e-06,4.794041362023633e-06,7.375448249267128e-06,7.375448249267128e-06,1.1346843460410964e-05,2.3501483273722123e-07,1.1346843460410964e-05,1.7456682246786098e-05,1.7456682246786098e-05,2.685643422582477e-05,2.685643422582477e-05,4.131759111665349e-05,4.131759111665349e-05,4.131759111665349e-05,4.131759111665349e-05,3.6156128113418643e-07,3.6156128113418643e-07,5.562481248218254e-07,5.562481248218254e-07,8.557663458797313e-07,8.557663458797313e-07,1.3165636090457405e-06,21030,
,,,30,,,,,,,,,,,,,,,,,,,,,,,,,,,,,21039,0.0024861812125891447
,,,30,,,,,,,,,,,,,,,,,,,,,,,,,,,,,21049,0.001990316668525338
,,,30,,,,,,,,,,,,,,,,,,,,,,,,,,,,,21059,0.0012211321154609323
,,,30,,,,,,,,,,,,,,,,,,,,,,,,,,,,,21069,0.0011300508631393313
,,,30,,,,,,,,,,,,,,,,,,,,,,,,,,,,,21079,0.00363599369302392
,,,30,,,,,,,,,,,,,,,,,,,,,,,,,,,,,21089,0.001271423534490168
,,,30,,,,,,,,,,,,,,,,,,,,,,,,,,,,,21099,0.0024769578594714403
,,,30,,,,,,,,,,,,,,,,,,,,,,,,,,,,,21109,0.0026115640066564083
,,,30,,,,,,,,,,,,,,,,,,,,,,,,,,,,,21119,1.1161216497421265
,,,30,,,,,,,,,,,,,,,,,,,,,,,,,,,,,21129,0.0016212891787290573
,,,30,,,,,,,,,,,,,,,,,,,,,,,,,,,,,21139,0.0009456747211515903
,,,30,,,,,,,,,,,,,,,,,,,,,,,,,,,,,21149,0.018774433061480522
,,,30,,,,,,,,,,,,,,,,,,,,,,,,,,,,,21159,0.003843232523649931
,,,30,,,,,,,,,,,,,,,,,,,,,,,,,,,,,21169,0.007942257449030876
,,,30,,,,,,,,,,,,,,,,,,,,,,,,,,,,,21179,0.003132809419184923
,,,30,,,,,,,,,,,,,,,,,,,,,,,,,,,,,21189,0.191238671541214
,,,30,,,,,,,,,,,,,,,,,,,,,,,,,,,,,21199,0.0012659499188885093
,,,30,,,,,,,,,,,,,,,,,,,,,,,,,,,,,21209,0.0016914918087422848
,,,30,,,,,,,,,,,,,,,,,,,,,,,,,,,,,21219,0.021089136600494385
,,,30,,,,,,,,,,,,,,,,,,,,,,,,,,,,,21229,0.7436155676841736
,,,30,,,,,,,,,,,,,,,,,,,,,,,,,,,,,21239,0.0018429348710924387
,,,30,,,,,,,,,,,,,,,,,,,,,,,,,,,,,21249,0.0011840861989185214
,,,30,,,,,,,,,,,,,,,,,,,,,,,,,,,,,21259,0.006415906362235546
,,,30,,,,,,,,,,,,,,,,,,,,,,,,,,,,,21269,0.02597559057176113
,,,30,,,,,,,,,,,,,,,,,,,,,,,,,,,,,21279,0.0011351455468684435
,,,30,,,,,,,,,,,,,,,,,,,,,,,,,,,,,21289,0.0011138247791677713
,,,30,,,,,,,,,,,,,,,,,,,,,,,,,,,,,21299,0.009524069726467133
,,,30,,,,,,,,,,,,,,,,,,,,,,,,,,,,,21309,0.0015784065471962094
,,,30,,,,,,,,,,,,,,,,,,,,,,,,,,,,,21319,0.0018738833023235202
,,,30,,,,,,,,,,,,,,,,,,,,,,,,,,,,,21329,0.0016772456001490355
,,,30,,,,,,,,,,,,,,,,,,,,,,,,,,,,,21339,0.007704117801040411
,,,30,,,,,,,,,,,,,,,,,,,,,,,,,,,,,21349,0.0007178797386586666
,,,30,,,,,,,,,,,,,,,,,,,,,,,,,,,,,21359,0.3462240695953369
,,,30,,,,,,,,,,,,,,,,,,,,,,,,,,,,,21369,0.07740868628025055
,,,30,,,,,,,,,,,,,,,,,,,,,,,,,,,,,21379,0.001184635329991579
,,,30,,,,,,,,,,,,,,,,,,,,,,,,,,,,,21389,0.0013363608159124851
,,,30,,,,,,,,,,,,,,,,,,,,,,,,,,,,,21399,0.002234481740742922
,,,30,,,,,,,,,,,,,,,,,,,,,,,,,,,,,21409,0.0008640667074359953
,,,30,,,,,,,,,,,,,,,,,,,,,,,,,,,,,21419,0.001923497300595045
,,,30,,,,,,,,,,,,,,,,,,,,,,,,,,,,,21429,0.004065939225256443
,,,30,,,,,,,,,,,,,,,,,,,,,,,,,,,,,21439,0.01383719127625227
,,,30,,,,,,,,,,,,,,,,,,,,,,,,,,,,,21449,0.001500578597187996
,,,30,,,,,,,,,,,,,,,,,,,,,,,,,,,,,21459,0.0004994693445041776
,,,30,,,,,,,,,,,,,,,,,,,,,,,,,,,,,21469,0.004533049184828997
,,,30,,,,,,,,,,,,,,,,,,,,,,,,,,,,,21479,0.02544746734201908
,,,30,,,,,,,,,,,,,,,,,,,,,,,,,,,,,21489,0.0017124764854088426
,,,30,,,,,,,,,,,,,,,,,,,,,,,,,,,,,21499,0.03876560181379318
,,,30,,,,,,,,,,,,,,,,,,,,,,,,,,,,,21509,0.0012755532516166568
,,,30,,,,,,,,,,,,,,,,,,,,,,,,,,,,,21519,0.3229920268058777
,,,30,,,,,,,,,,,,,,,,,,,,,,,,,,,,,21529,0.0007386476499959826
,,,30,,,,,,,,,,,,,,,,,,,,,,,,,,,,,21539,0.0013687966857105494
,,,30,,,,,,,,,,,,,,,,,,,,,,,,,,,,,21549,0.04672256112098694
,,,30,,,,,,,,,,,,,,,,,,,,,,,,,,,,,21559,0.0008282462367787957
,,,30,,,,,,,,,,,,,,,,,,,,,,,,,,,,,21569,0.0008421968668699265
,,,30,,,,,,,,,,,,,,,,,,,,,,,,,,,,,21579,0.0822574645280838
,,,30,,,,,,,,,,,,,,,,,,,,,,,,,,,,,21589,0.0035298301372677088
,,,30,,,,,,,,,,,,,,,,,,,,,,,,,,,,,21599,0.001114372513256967
,,,30,,,,,,,,,,,,,,,,,,,,,,,,,,,,,21609,0.0013345977058634162
,,,30,,,,,,,,,,,,,,,,,,,,,,,,,,,,,21619,0.0676758885383606
,,,30,,,,,,,,,,,,,,,,,,,,,,,,,,,,,21629,0.0012947401264682412
,,,30,,,,,,,,,,,,,,,,,,,,,,,,,,,,,21639,0.0017347517423331738
,,,30,,,,,,,,,,,,,,,,,,,,,,,,,,,,,21649,0.0018979005981236696
,,,30,,,,,,,,,,,,,,,,,,,,,,,,,,,,,21659,0.0009885778417810798
,,,30,,,,,,,,,,,,,,,,,,,,,,,,,,,,,21669,0.017214620485901833
,,,30,,,,,,,,,,,,,,,,,,,,,,,,,,,,,21679,0.003232999937608838
,,,30,,,,,,,,,,,,,,,,,,,,,,,,,,,,,21689,0.004717794246971607
,,,30,,,,,,,,,,,,,,,,,,,,,,,,,,,,,21699,0.0036226019728928804
,,,30,,,,,,,,,,,,,,,,,,,,,,,,,,,,,21709,0.005882036406546831
,,,30,,,,,,,,,,,,,,,,,,,,,,,,,,,,,21719,0.0009112250409089029
,,,30,,,,,,,,,,,,,,,,,,,,,,,,,,,,,21729,0.001968284137547016
,,,,2.155977564185546e-07,1.2077882786656185e-06,1.8581358133317206e-06,1.8581358133317206e-06,2.8586704820488007e-06,2.8586704820488007e-06,4.397954587767385e-06,4.397954587767385e-06,6.766083981180593e-06,6.766083981180593e-06,1.0409359971047065e-05,2.155977564185546e-07,1.0409359971047065e-05,1.6014399955457025e-05,1.6014399955457025e-05,2.4637538393010805e-05,2.4637538393010805e-05,3.790390522001662e-05,3.790390522001662e-05,3.790390522001662e-05,3.790390522001662e-05,3.3168885602854544e-07,3.3168885602854544e-07,5.102905477362238e-07,5.102905477362238e-07,7.850623811326521e-07,7.850623811326521e-07,1.2077882786656185e-06,21731,
,,,31,,,,,,,,,,,,,,,,,,,,,,,,,,,,,21739,0.002271130681037903
,,,31,,,,,,,,,,,,,,,,,,,,,,,,,,,,,21749,0.005309561267495155
,,,31,,,,,,,,,,,,,,,,,,,,,,,,,,,,,21759,0.0025182839017361403
,,,31,,,,,,,,,,,,,,,,,,,,,,,,,,,,,21769,0.0013303174637258053
,,,31,,,,,,,,,,,,,,,,,,,,,,,,,,,,,21779,0.000864802859723568
,,,31,,,,,,,,,,,,,,,,,,,,,,,,,,,,,21789,0.19839675724506378
,,,31,,,,,,,,,,,,,,,,,,,,,,,,,,,,,21799,0.0010631154291331768
,,,31,,,,,,,,,,,,,,,,,,,,,,,,,,,,,21809,0.024555644020438194
,,,31,,,,,,,,,,,,,,,,,,,,,,,,,,,,,21819,0.0007738110143691301
,,,31,,,,,,,,,,,,,,,,,,,,,,,,,,,,,21829,0.0004957772325724363
,,,31,,,,,,,,,,,,,,,,,,,,,,,,,,,,,21839,0.00029898915090598166
,,,31,,,,,,,,,,,,,,,,,,,,,,,,,,,,,21849,0.005565559025853872
,,,31,,,,,,,,,,,,,,,,,,,,,,,,,,,,,21859,0.0010456687305122614
,,,31,,,,,,,,,,,,,,,,,,,,,,,,,,,,,21869,0.0023450686130672693
,,,31,,,,,,,,,,,,,,,,,,,,,,,,,,,,,21879,0.009869394823908806
,,,31,,,,,,,,,,,,,,,,,,,,,,,,,,,,,21889,0.006327749229967594
,,,31,,,,,,,,,,,,,,,,,,,,,,,,,,,,,21899,0.0032184466253966093
,,,31,,,,,,,,,,,,,,,,,,,,,,,,,,,,,21909,0.08738132566213608
,,,31,,,,,,,,,,,,,,,,,,,,,,,,,,,,,21919,0.002076433738693595
,,,31,,,,,,,,,,,,,,,,,,,,,,,,,,,,,21929,0.002667923690751195
,,,31,,,,,,,,,,,,,,,,,,,,,,,,,,,,,21939,0.0637739896774292
,,,31,,,,,,,,,,,,,,,,,,,,,,,,,,,,,21949,0.0014491155743598938
,,,31,,,,,,,,,,,,,,,,,,,,,,,,,,,,,21959,0.0021660788916051388
,,,31,,,,,,,,,,,,,,,,,,,,,,,,,,,,,21969,0.004365939646959305
,,,31,,,,,,,,,,,,,,,,,,,,,,,,,,,,,21979,0.021324291825294495
,,,31,,,,,,,,,,,,,,,,,,,,,,,,,,,,,21989,0.0007489955169148743
,,,31,,,,,,,,,,,,,,,,,,,,,,,,,,,,,21999,0.021773286163806915
,,,31,,,,,,,,,,,,,,,,,,,,,,,,,,,,,22009,0.0024047212209552526
,,,31,,,,,,,,,,,,,,,,,,,,,,,,,,,,,22019,0.001559283584356308
,,,31,,,,,,,,,,,,,,,,,,,,,,,,,,,,,22029,0.0022392722312361
,,,31,,,,,,,,,,,,,,,,,,,,,,,,,,,,,22039,0.0010909229749813676
,,,31,,,,,,,,,,,,,,,,,,,,,,,,,,,,,22049,0.0014497220981866121
,,,31,,,,,,,,,,,,,,,,,,,,,,,,,,,,,22059,0.001293672132305801
,,,31,,,,,,,,,,,,,,,,,,,,,,,,,,,,,22069,0.0006671909941360354
,,,31,,,,,,,,,,,,,,,,,,,,,,,,,,,,,22079,0.00457747234031558
,,,31,,,,,,,,,,,,,,,,,,,,,,,,,,,,,22089,0.005529182497411966
,,,31,,,,,,,,,,,,,,,,,,,,,,,,,,,,,22099,0.0013419485185295343
,,,31,,,,,,,,,,,,,,,,,,,,,,,,,,,,,22109,0.022340193390846252
,,,31,,,,,,,,,,,,,,,,,,,,,,,,,,,,,22119,0.0005160061991773546
,,,31,,,,,,,,,,,,,,,,,,,,,,,,,,,,,22129,0.001164894551038742
,,,31,,,,,,,,,,,,,,,,,,,,,,,,,,,,,22139,0.006909623742103577
,,,31,,,,,,,,,,,,,,,,,,,,,,,,,,,,,22149,0.0019005347276106477
,,,31,,,,,,,,,,,,,,,,,,,,,,,,,,,,,22159,0.0006273167673498392
,,,31,,,,,,,,,,,,,,,,,,,,,,,,,,,,,22169,0.0003679560904856771
,,,31,,,,,,,,,,,,,,,,,,,,,,,,,,,,,22179,0.0029926933348178864
,,,31,,,,,,,,,,,,,,,,,,,,,,,,,,,,,22189,0.0006114393472671509
,,,31,,,,,,,,,,,,,,,,,,,,,,,,,,,,,22199,0.0019248226890340447
,,,31,,,,,,,,,,,,,,,,,,,,,,,,,,,,,22209,0.14929823577404022
,,,31,,,,,,,,,,,,,,,,,,,,,,,,,,,,,22219,0.0011783991940319538
,,,31,,,,,,,,,,,,,,,,,,,,,,,,,,,,,22229,0.001063222181983292
,,,31,,,,,,,,,,,,,,,,,,,,,,,,,,,,,22239,0.050805941224098206
,,,31,,,,,,,,,,,,,,,,,,,,,,,,,,,,,22249,0.000762034032959491
,,,31,,,,,,,,,,,,,,,,,,,,,,,,,,,,,22259,0.002323152730241418
,,,31,,,,,,,,,,,,,,,,,,,,,,,,,,,,,22269,0.0003963408526033163
,,,31,,,,,,,,,,,,,,,,,,,,,,,,,,,,,22279,0.0026665080804377794
,,,31,,,,,,,,,,,,,,,,,,,,,,,,,,,,,22289,0.0007477930630557239
,,,31,,,,,,,,,,,,,,,,,,,,,,,,,,,,,22299,0.0014771530404686928
,,,31,,,,,,,,,,,,,,,,,,,,,,,,,,,,,22309,0.4882183074951172
,,,31,,,,,,,,,,,,,,,,,,,,,,,,,,,,,22319,1.0420606136322021
,,,31,,,,,,,,,,,,,,,,,,,,,,,,,,,,,22329,0.0012001171708106995
,,,31,,,,,,,,,,,,,,,,,,,,,,,,,,,,,22339,0.0008793964516371489
,,,31,,,,,,,,,,,,,,,,,,,,,,,,,,,,,22349,0.000361891055945307
,,,31,,,,,,,,,,,,,,,,,,,,,,,,,,,,,22359,0.022749269381165504
,,,31,,,,,,,,,,,,,,,,,,,,,,,,,,,,,22369,0.000951697351410985
,,,31,,,,,,,,,,,,,,,,,,,,,,,,,,,,,22379,0.0028874811250716448
,,,31,,,,,,,,,,,,,,,,,,,,,,,,,,,,,22389,0.32031333446502686
,,,31,,,,,,,,,,,,,,,,,,,,,,,,,,,,,22399,0.0023942289408296347
,,,31,,,,,,,,,,,,,,,,,,,,,,,,,,,,,22409,0.0012883362360298634
,,,31,,,,,,,,,,,,,,,,,,,,,,,,,,,,,22419,0.0015178014291450381
,,,31,,,,,,,,,,,,,,,,,,,,,,,,,,,,,22429,0.002932892180979252
,,,,1.9651587992236636e-07,1.1008907526899833e-06,1.6936780810615128e-06,1.6936780810615128e-06,2.605658586248481e-06,2.605658586248481e-06,4.008705517305355e-06,4.008705517305355e-06,6.167239257392854e-06,6.167239257392854e-06,9.488060395989006e-06,1.9651587992236636e-07,9.488060395989006e-06,1.459701599382924e-05,1.459701599382924e-05,2.2456947682814215e-05,2.2456947682814215e-05,3.4549150281252636e-05,3.4549150281252636e-05,3.4549150281252636e-05,3.4549150281252636e-05,3.023321229574867e-07,3.023321229574867e-07,4.65126343011518e-07,4.65126343011518e-07,7.155789892484892e-07,7.155789892484892e-07,1.1008907526899833e-06,22432,
,,,32,,,,,,,,,,,,,,,,,,,,,,,,,,,,,22439,0.0013756555272266269
,,,32,,,,,,,,,,,,,,,,,,,,,,,,,,,,,22449,0.004416151903569698
,,,32,,,,,,,,,,,,,,,,,,,,,,,,,,,,,22459,0.0018083266913890839
,,,32,,,,,,,,,,,,,,,,,,,,,,,,,,,,,22469,0.05011243745684624
,,,32,,,,,,,,,,,,,,,,,,,,,,,,,,,,,22479,0.0022135754115879536
,,,32,,,,,,,,,,,,,,,,,,,,,,,,,,,,,22489,0.360900342464447
,,,32,,,,,,,,,,,,,,,,,,,,,,,,,,,,,22499,0.005944345146417618
,,,32,,,,,,,,,,,,,,,,,,,,,,,,,,,,,22509,0.0007768431096337736
,,,32,,,,,,,,,,,,,,,,,,,,,,,,,,,,,22519,0.0006335312500596046
,,,32,,,,,,,,,,,,,,,,,,,,,,,,,,,,,22529,0.2206604778766632
,,,32,,,,,,,,,,,,,,,,,,,,,,,,,,,,,22539,0.0013189155142754316
,,,32,,,,,,,,,,,,,,,,,,,,,,,,,,,,,22549,0.19426973164081573
,,,32,,,,,,,,,,,,,,,,,,,,,,,,,,,,,22559,0.0017692592227831483
,,,32,,,,,,,,,,,,,,,,,,,,,,,,,,,,,22569,0.001609599101357162
,,,32,,,,,,,,,,,,,,,,,,,,,,,,,,,,,22579,0.010040652006864548
,,,32,,,,,,,,,,,,,,,,,,,,,,,,,,,,,22589,0.0030854486394673586
,,,32,,,,,,,,,,,,,,,,,,,,,,,,,,,,,22599,0.9360539317131042
,,,32,,,,,,,,,,,,,,,,,,,,,,,,,,,,,22609,0.0023926023859530687
,,,32,,,,,,,,,,,,,,,,,,,,,,,,,,,,,22619,0.0058654965832829475
,,,32,,,,,,,,,,,,,,,,,,,,,,,,,,,,,22629,0.0011982143623754382
,,,32,,,,,,,,,,,,,,,,,,,,,,,,,,,,,22639,0.00602553877979517
,,,32,,,,,,,,,,,,,,,,,,,,,,,,,,,,,22649,0.03657117858529091
,,,32,,,,,,,,,,,,,,,,,,,,,,,,,,,,,22659,0.0010306097101420164
,,,32,,,,,,,,,,,,,,,,,,,,,,,,,,,,,22669,0.0005360602517612278
,,,32,,,,,,,,,,,,,,,,,,,,,,,,,,,,,22679,0.0014029784360900521
,,,32,,,,,,,,,,,,,,,,,,,,,,,,,,,,,22689,0.0016070156125351787
,,,32,,,,,,,,,,,,,,,,,,,,,,,,,,,,,22699,0.0009156732703559101
,,,32,,,,,,,,,,,,,,,,,,,,,,,,,,,,,22709,0.0012386441230773926
,,,32,,,,,,,,,,,,,,,,,,,,,,,,,,,,,22719,0.0025132261216640472
,,,32,,,,,,,,,,,,,,,,,,,,,,,,,,,,,22729,0.0010121812811121345
,,,32,,,,,,,,,,,,,,,,,,,,,,,,,,,,,22739,0.007406259886920452
,,,32,,,,,,,,,,,,,,,,,,,,,,,,,,,,,22749,0.0025388917420059443
,,,32,,,,,,,,,,,,,,,,,,,,,,,,,,,,,22759,0.0016827225917950273
,,,32,,,,,,,,,,,,,,,,,,,,,,,,,,,,,22769,0.0020528698805719614
,,,32,,,,,,,,,,,,,,,,,,,,,,,,,,,,,22779,0.014953022822737694
,,,32,,,,,,,,,,,,,,,,,,,,,,,,,,,,,22789,0.0012579220347106457
,,,32,,,,,,,,,,,,,,,,,,,,,,,,,,,,,22799,0.0006945113418623805
,,,32,,,,,,,,,,,,,,,,,,,,,,,,,,,,,22809,0.006953610572963953
,,,32,,,,,,,,,,,,,,,,,,,,,,,,,,,,,22819,0.0011109169572591782
,,,32,,,,,,,,,,,,,,,,,,,,,,,,,,,,,22829,0.000875525176525116
,,,32,,,,,,,,,,,,,,,,,,,,,,,,,,,,,22839,0.0015604597283527255
,,,32,,,,,,,,,,,,,,,,,,,,,,,,,,,,,22849,0.0012869982747361064
,,,32,,,,,,,,,,,,,,,,,,,,,,,,,,,,,22859,0.0010037937900051475
,,,32,,,,,,,,,,,,,,,,,,,,,,,,,,,,,22869,0.0011369890999048948
,,,32,,,,,,,,,,,,,,,,,,,,,,,,,,,,,22879,0.051039379090070724
,,,32,,,,,,,,,,,,,,,,,,,,,,,,,,,,,22889,0.2669309973716736
,,,32,,,,,,,,,,,,,,,,,,,,,,,,,,,,,22899,0.0011172306258231401
,,,32,,,,,,,,,,,,,,,,,,,,,,,,,,,,,22909,0.0021944469772279263
,,,32,,,,,,,,,,,,,,,,,,,,,,,,,,,,,22919,0.0006244721589609981
,,,32,,,,,,,,,,,,,,,,,,,,,,,,,,,,,22929,0.001743166008964181
,,,32,,,,,,,,,,,,,,,,,,,,,,,,,,,,,22939,0.0006376976380124688
,,,32,,,,,,,,,,,,,,,,,,,,,,,,,,,,,22949,0.014424487948417664
,,,32,,,,,,,,,,,,,,,,,,,,,,,,,,,,,22959,0.0008605736074969172
,,,32,,,,,,,,,,,,,,,,,,,,,,,,,,,,,22969,0.0023243334144353867
,,,32,,,,,,,,,,,,,,,,,,,,,,,,,,,,,22979,0.009924440644681454
,,,32,,,,,,,,,,,,,,,,,,,,,,,,,,,,,22989,0.00198636157438159
,,,32,,,,,,,,,,,,,,,,,,,,,,,,,,,,,22999,0.0011813587043434381
,,,32,,,,,,,,,,,,,,,,,,,,,,,,,,,,,23009,0.002390067558735609
,,,32,,,,,,,,,,,,,,,,,,,,,,,,,,,,,23019,0.018344873562455177
,,,32,,,,,,,,,,,,,,,,,,,,,,,,,,,,,23029,0.001254645874723792
,,,32,,,,,,,,,,,,,,,,,,,,,,,,,,,,,23039,0.0007913144654594362
,,,32,,,,,,,,,,,,,,,,,,,,,,,,,,,,,23049,0.003177559468895197
,,,32,,,,,,,,,,,,,,,,,,,,,,,,,,,,,23059,0.14174309372901917
,,,32,,,,,,,,,,,,,,,,,,,,,,,,,,,,,23069,0.0014988399343565106
,,,32,,,,,,,,,,,,,,,,,,,,,,,,,,,,,23079,0.007470075041055679
,,,32,,,,,,,,,,,,,,,,,,,,,,,,,,,,,23089,0.0012912640813738108
,,,32,,,,,,,,,,,,,,,,,,,,,,,,,,,,,23099,0.0009234441095031798
,,,32,,,,,,,,,,,,,,,,,,,,,,,,,,,,,23109,0.0008281118934974074
,,,32,,,,,,,,,,,,,,,,,,,,,,,,,,,,,23119,0.0010403059422969818
,,,32,,,,,,,,,,,,,,,,,,,,,,,,,,,,,23129,0.0017223696922883391
,,,,1.778621682328425e-07,9.963918251200868e-07,1.5329105001847486e-06,1.5329105001847486e-06,2.3583238464380747e-06,2.3583238464380747e-06,3.6281905329816534e-06,3.6281905329816534e-06,5.581831589202543e-06,5.581831589202543e-06,8.587433214157758e-06,1.778621682328425e-07,8.587433214157758e-06,1.3211435714088859e-05,1.3211435714088859e-05,2.032528571398286e-05,2.032528571398286e-05,3.12696703292044e-05,3.12696703292044e-05,3.12696703292044e-05,3.12696703292044e-05,2.736341049736038e-07,2.736341049736038e-07,4.2097554611323665e-07,4.2097554611323665e-07,6.476546863280564e-07,6.476546863280564e-07,9.963918251200868e-07,23133,
,,,33,,,,,,,,,,,,,,,,,,,,,,,,,,,,,23139,0.00106533314101398
,,,33,,,,,,,,,,,,,,,,,,,,,,,,,,,,,23149,0.001863903715275228
,,,33,,,,,,,,,,,,,,,,,,,,,,,,,,,,,23159,0.0012745221611112356
,,,33,,,,,,,,,,,,,,,,,,,,,,,,,,,,,23169,0.0034942582715302706
,,,33,,,,,,,,,,,,,,,,,,,,,,,,,,,,,23179,0.0026975248474627733
,,,33,,,,,,,,,,,,,,,,,,,,,,,,,,,,,23189,0.0010256135137751698
,,,33,,,,,,,,,,,,,,,,,,,,,,,,,,,,,23199,0.000918011530302465
,,,33,,,,,,,,,,,,,,,,,,,,,,,,,,,,,23209,0.003301189746707678
,,,33,,,,,,,,,,,,,,,,,,,,,,,,,,,,,23219,0.001442891196347773
,,,33,,,,,,,,,,,,,,,,,,,,,,,,,,,,,23229,0.0007211095653474331
,,,33,,,,,,,,,,,,,,,,,,,,,,,,,,,,,23239,0.0045881508849561214
,,,33,,,,,,,,,,,,,,,,,,,,,,,,,,,,,23249,0.12981681525707245
,,,33,,,,,,,,,,,,,,,,,,,,,,,,,,,,,23259,0.0007149339653551579
,,,33,,,,,,,,,,,,,,,,,,,,,,,,,,,,,23269,0.0015879170969128609
,,,33,,,,,,,,,,,,,,,,,,,,,,,,,,,,,23279,0.0006599308107979596
,,,33,,,,,,,,,,,,,,,,,,,,,,,,,,,,,23289,0.0016410652315244079
,,,33,,,,,,,,,,,,,,,,,,,,,,,,,,,,,23299,0.00044419942423701286
,,,33,,,,,,,,,,,,,,,,,,,,,,,,,,,,,23309,0.004347931127995253
,,,33,,,,,,,,,,,,,,,,,,,,,,,,,,,,,23319,0.0009759151143953204
,,,33,,,,,,,,,,,,,,,,,,,,,,,,,,,,,23329,0.006324063055217266
,,,33,,,,,,,,,,,,,,,,,,,,,,,,,,,,,23339,0.0015196379972621799
,,,33,,,,,,,,,,,,,,,,,,,,,,,,,,,,,23349,0.0007768692448735237
,,,33,,,,,,,,,,,,,,,,,,,,,,,,,,,,,23359,0.004230765625834465
,,,33,,,,,,,,,,,,,,,,,,,,,,,,,,,,,23369,0.0012449970236048102
,,,33,,,,,,,,,,,,,,,,,,,,,,,,,,,,,23379,0.003280750708654523
,,,33,,,,,,,,,,,,,,,,,,,,,,,,,,,,,23389,0.0033382598776370287
,,,33,,,,,,,,,,,,,,,,,,,,,,,,,,,,,23399,0.0012646184768527746
,,,33,,,,,,,,,,,,,,,,,,,,,,,,,,,,,23409,0.07919377088546753
,,,33,,,,,,,,,,,,,,,,,,,,,,,,,,,,,23419,0.0025147786363959312
,,,33,,,,,,,,,,,,,,,,,,,,,,,,,,,,,23429,0.0011922294506803155
,,,33,,,,,,,,,,,,,,,,,,,,,,,,,,,,,23439,0.01373633835464716
,,,33,,,,,,,,,,,,,,,,,,,,,,,,,,,,,23449,0.0011711581610143185
,,,33,,,,,,,,,,,,,,,,,,,,,,,,,,,,,23459,0.001483336091041565
,,,33,,,,,,,,,,,,,,,,,,,,,,,,,,,,,23469,0.013236084952950478
,,,33,,,,,,,,,,,,,,,,,,,,,,,,,,,,,23479,0.005482707172632217
,,,33,,,,,,,,,,,,,,,,,,,,,,,,,,,,,23489,0.20427465438842773
,,,33,,,,,,,,,,,,,,,,,,,,,,,,,,,,,23499,0.0012640131171792746
,,,33,,,,,,,,,,,,,,,,,,,,,,,,,,,,,23509,0.02823500521481037
,,,33,,,,,,,,,,,,,,,,,,,,,,,,,,,,,23519,0.0011228242656216025
,,,33,,,,,,,,,,,,,,,,,,,,,,,,,,,,,23529,0.0016996371559798717
,,,33,,,,,,,,,,,,,,,,,,,,,,,,,,,,,23539,0.0020493667107075453
,,,33,,,,,,,,,,,,,,,,,,,,,,,,,,,,,23549,0.0019852216355502605
,,,33,,,,,,,,,,,,,,,,,,,,,,,,,,,,,23559,0.00370001676492393
,,,33,,,,,,,,,,,,,,,,,,,,,,,,,,,,,23569,0.002153880661353469
,,,33,,,,,,,,,,,,,,,,,,,,,,,,,,,,,23579,0.0032883642707020044
,,,33,,,,,,,,,,,,,,,,,,,,,,,,,,,,,23589,0.0007044345256872475
,,,33,,,,,,,,,,,,,,,,,,,,,,,,,,,,,23599,0.0005924017168581486
,,,33,,,,,,,,,,,,,,,,,,,,,,,,,,,,,23609,0.0014549525221809745
,,,33,,,,,,,,,,,,,,,,,,,,,,,,,,,,,23619,0.1895579993724823
,,,33,,,,,,,,,,,,,,,,,,,,,,,,,,,,,23629,0.0008812632877379656
,,,33,,,,,,,,,,,,,,,,,,,,,,,,,,,,,23639,0.38980478048324585
,,,33,,,,,,,,,,,,,,,,,,,,,,,,,,,,,23649,0.0011985196033492684
,,,33,,,,,,,,,,,,,,,,,,,,,,,,,,,,,23659,0.0004830951802432537
,,,33,,,,,,,,,,,,,,,,,,,,,,,,,,,,,23669,0.00048742431681603193
,,,33,,,,,,,,,,,,,,,,,,,,,,,,,,,,,23679,0.0008753358852118254
,,,33,,,,,,,,,,,,,,,,,,,,,,,,,,,,,23689,0.0016029521357268095
,,,33,,,,,,,,,,,,,,,,,,,,,,,,,,,,,23699,0.0005814838223159313
,,,33,,,,,,,,,,,,,,,,,,,,,,,,,,,,,23709,0.0028864864725619555
,,,33,,,,,,,,,,,,,,,,,,,,,,,,,,,,,23719,0.01097223348915577
,,,33,,,,,,,,,,,,,,,,,,,,,,,,,,,,,23729,0.0039185890927910805
,,,33,,,,,,,,,,,,,,,,,,,,,,,,,,,,,23739,0.0029228872153908014
,,,33,,,,,,,,,,,,,,,,,,,,,,,,,,,,,23749,0.0010632778285071254
,,,33,,,,,,,,,,,,,,,,,,,,,,,,,,,,,23759,0.0004605913127306849
,,,33,,,,,,,,,,,,,,,,,,,,,,,,,,,,,23769,0.0010186007712036371
,,,33,,,,,,,,,,,,,,,,,,,,,,,,,,,,,23779,0.0008252874831669033
,,,33,,,,,,,,,,,,,,,,,,,,,,,,,,,,,23789,0.001533422851935029
,,,33,,,,,,,,,,,,,,,,,,,,,,,,,,,,,23799,0.0006708993460051715
,,,33,,,,,,,,,,,,,,,,,,,,,,,,,,,,,23809,0.00844382680952549
,,,33,,,,,,,,,,,,,,,,,,,,,,,,,,,,,23819,0.001226811553351581
,,,33,,,,,,,,,,,,,,,,,,,,,,,,,,,,,23829,0.038436029106378555
,,,,1.5972750035826984e-07,8.948006042268538e-07,1.3766163141951595e-06,1.3766163141951595e-06,2.1178712526079376e-06,2.1178712526079376e-06,3.258263465550673e-06,3.258263465550673e-06,5.012713023924113e-06,5.012713023924113e-06,7.71186619065248e-06,1.5972750035826984e-07,7.71186619065248e-06,1.1864409524080739e-05,1.1864409524080739e-05,1.8252937729354982e-05,1.8252937729354982e-05,2.8081442660546125e-05,2.8081442660546125e-05,2.8081442660546125e-05,2.8081442660546125e-05,2.457346159357997e-07,2.457346159357997e-07,3.7805325528584575e-07,3.7805325528584575e-07,5.816203927474549e-07,5.816203927474549e-07,8.948006042268538e-07,23834,
,,,34,,,,,,,,,,,,,,,,,,,,,,,,,,,,,23839,0.08010027557611465
,,,34,,,,,,,,,,,,,,,,,,,,,,,,,,,,,23849,0.0023822004441171885
,,,34,,,,,,,,,,,,,,,,,,,,,,,,,,,,,23859,1.7312744855880737
,,,34,,,,,,,,,,,,,,,,,,,,,,,,,,,,,23869,0.0010311249643564224
,,,34,,,,,,,,,,,,,,,,,,,,,,,,,,,,,23879,0.0014489685418084264
,,,34,,,,,,,,,,,,,,,,,,,,,,,,,,,,,23889,0.0011955813970416784
,,,34,,,,,,,,,,,,,,,,,,,,,,,,,,,,,23899,0.0027857129462063313
,,,34,,,,,,,,,,,,,,,,,,,,,,,,,,,,,23909,0.0020245343912392855
,,,34,,,,,,,,,,,,,,,,,,,,,,,,,,,,,23919,0.0024783723056316376
,,,34,,,,,,,,,,,,,,,,,,,,,,,,,,,,,23929,0.0015500575536862016
,,,34,,,,,,,,,,,,,,,,,,,,,,,,,,,,,23939,0.04997218772768974
,,,34,,,,,,,,,,,,,,,,,,,,,,,,,,,,,23949,0.0830756276845932
,,,34,,,,,,,,,,,,,,,,,,,,,,,,,,,,,23959,0.0022022549528628588
,,,34,,,,,,,,,,,,,,,,,,,,,,,,,,,,,23969,0.0017498611705377698
,,,34,,,,,,,,,,,,,,,,,,,,,,,,,,,,,23979,0.0017420953372493386
,,,34,,,,,,,,,,,,,,,,,,,,,,,,,,,,,23989,0.0004361329192761332
,,,34,,,,,,,,,,,,,,,,,,,,,,,,,,,,,23999,0.05864614248275757
,,,34,,,,,,,,,,,,,,,,,,,,,,,,,,,,,24009,0.018909092992544174
,,,34,,,,,,,,,,,,,,,,,,,,,,,,,,,,,24019,0.037060149013996124
,,,34,,,,,,,,,,,,,,,,,,,,,,,,,,,,,24029,0.0015927432104945183
,,,34,,,,,,,,,,,,,,,,,,,,,,,,,,,,,24039,0.0004265146271791309
,,,34,,,,,,,,,,,,,,,,,,,,,,,,,,,,,24049,0.0015672746812924743
,,,34,,,,,,,,,,,,,,,,,,,,,,,,,,,,,24059,0.0010745682520791888
,,,34,,,,,,,,,,,,,,,,,,,,,,,,,,,,,24069,0.0005957771791145205
,,,34,,,,,,,,,,,,,,,,,,,,,,,,,,,,,24079,0.014767522923648357
,,,34,,,,,,,,,,,,,,,,,,,,,,,,,,,,,24089,0.0011701134499162436
,,,34,,,,,,,,,,,,,,,,,,,,,,,,,,,,,24099,0.016342658549547195
,,,34,,,,,,,,,,,,,,,,,,,,,,,,,,,,,24109,0.0015265633119270205
,,,34,,,,,,,,,,,,,,,,,,,,,,,,,,,,,24119,0.002450508764013648
,,,34,,,,,,,,,,,,,,,,,,,,,,,,,,,,,24129,0.0015677264891564846
,,,34,,,,,,,,,,,,,,,,,,,,,,,,,,,,,24139,0.0003938691224902868
,,,34,,,,,,,,,,,,,,,,,,,,,,,,,,,,,24149,0.000882485939655453
,,,34,,,,,,,,,,,,,,,,,,,,,,,,,,,,,24159,0.001052135368809104
,,,34,,,,,,,,,,,,,,,,,,,,,,,,,,,,,24169,0.0014570218045264482
,,,34,,,,,,,,,,,,,,,,,,,,,,,,,,,,,24179,0.02548673003911972
,,,34,,,,,,,,,,,,,,,,,,,,,,,,,,,,,24189,0.001401464338414371
,,,34,,,,,,,,,,,,,,,,,,,,,,,,,,,,,24199,0.001934140338562429
,,,34,,,,,,,,,,,,,,,,,,,,,,,,,,,,,24209,0.23602347075939178
,,,34,,,,,,,,,,,,,,,,,,,,,,,,,,,,,24219,0.0015819701366126537
,,,34,,,,,,,,,,,,,,,,,,,,,,,,,,,,,24229,0.006850262172520161
,,,34,,,,,,,,,,,,,,,,,,,,,,,,,,,,,24239,0.010537425056099892
,,,34,,,,,,,,,,,,,,,,,,,,,,,,,,,,,24249,0.0022261820267885923
,,,34,,,,,,,,,,,,,,,,,,,,,,,,,,,,,24259,0.0013869904214516282
,,,34,,,,,,,,,,,,,,,,,,,,,,,,,,,,,24269,0.001338724629022181
,,,34,,,,,,,,,,,,,,,,,,,,,,,,,,,,,24279,0.0008274224819615483
,,,34,,,,,,,,,,,,,,,,,,,,,,,,,,,,,24289,0.0020374052692204714
,,,34,,,,,,,,,,,,,,,,,,,,,,,,,,,,,24299,0.001455246121622622
,,,34,,,,,,,,,,,,,,,,,,,,,,,,,,,,,24309,0.02055938169360161
,,,34,,,,,,,,,,,,,,,,,,,,,,,,,,,,,24319,0.0027209119871258736
,,,34,,,,,,,,,,,,,,,,,,,,,,,,,,,,,24329,0.0008432496688328683
,,,34,,,,,,,,,,,,,,,,,,,,,,,,,,,,,24339,0.0017065360443666577
,,,34,,,,,,,,,,,,,,,,,,,,,,,,,,,,,24349,0.40577661991119385
,,,34,,,,,,,,,,,,,,,,,,,,,,,,,,,,,24359,0.000687092135194689
,,,34,,,,,,,,,,,,,,,,,,,,,,,,,,,,,24369,0.0036121925804764032
,,,34,,,,,,,,,,,,,,,,,,,,,,,,,,,,,24379,0.0006174263544380665
,,,34,,,,,,,,,,,,,,,,,,,,,,,,,,,,,24389,0.001751970499753952
,,,34,,,,,,,,,,,,,,,,,,,,,,,,,,,,,24399,0.0006339807878248394
,,,34,,,,,,,,,,,,,,,,,,,,,,,,,,,,,24409,0.0007250889320857823
,,,34,,,,,,,,,,,,,,,,,,,,,,,,,,,,,24419,0.0010082853259518743
,,,34,,,,,,,,,,,,,,,,,,,,,,,,,,,,,24429,0.0019919865299016237
,,,34,,,,,,,,,,,,,,,,,,,,,,,,,,,,,24439,0.05940946191549301
,,,34,,,,,,,,,,,,,,,,,,,,,,,,,,,,,24449,0.0018094454426318407
,,,34,,,,,,,,,,,,,,,,,,,,,,,,,,,,,24459,0.000602428219281137
,,,34,,,,,,,,,,,,,,,,,,,,,,,,,,,,,24469,0.001213598414324224
,,,34,,,,,,,,,,,,,,,,,,,,,,,,,,,,,24479,0.013432844541966915
,,,34,,,,,,,,,,,,,,,,,,,,,,,,,,,,,24489,0.0052210562862455845
,,,34,,,,,,,,,,,,,,,,,,,,,,,,,,,,,24499,0.0006535825086757541
,,,34,,,,,,,,,,,,,,,,,,,,,,,,,,,,,24509,0.0016165312845259905
,,,34,,,,,,,,,,,,,,,,,,,,,,,,,,,,,24519,0.003458938794210553
,,,34,,,,,,,,,,,,,,,,,,,,,,,,,,,,,24529,0.0015976943541318178
0.8715083599090576,0.8680444955825806,0.875,34,,,,,,,,,,,,,,,,,,,,,,,,,,,,,24534,
,,,,1.4220022657764295e-07,7.966120322265632e-07,1.225556972656251e-06,1.225556972656251e-06,1.8854722656250013e-06,1.8854722656250013e-06,2.900726562500002e-06,2.900726562500002e-06,4.4626562500000025e-06,4.4626562500000025e-06,6.865625000000004e-06,1.4220022657764295e-07,6.865625000000004e-06,1.0562500000000006e-05,1.0562500000000006e-05,1.625000000000001e-05,1.625000000000001e-05,2.500000000000001e-05,2.500000000000001e-05,2.500000000000001e-05,2.500000000000001e-05,2.187695793502199e-07,2.187695793502199e-07,3.3656858361572296e-07,3.3656858361572296e-07,5.17797820947266e-07,5.17797820947266e-07,7.966120322265632e-07,24535,
,,,35,,,,,,,,,,,,,,,,,,,,,,,,,,,,,24539,0.0013961708173155785
,,,35,,,,,,,,,,,,,,,,,,,,,,,,,,,,,24549,0.0003674735489767045
,,,35,,,,,,,,,,,,,,,,,,,,,,,,,,,,,24559,0.00044654501834884286
,,,35,,,,,,,,,,,,,,,,,,,,,,,,,,,,,24569,0.001349390484392643
,,,35,,,,,,,,,,,,,,,,,,,,,,,,,,,,,24579,0.0010511426953598857
,,,35,,,,,,,,,,,,,,,,,,,,,,,,,,,,,24589,0.07203008979558945
,,,35,,,,,,,,,,,,,,,,,,,,,,,,,,,,,24599,0.004164398647844791
,,,35,,,,,,,,,,,,,,,,,,,,,,,,,,,,,24609,0.006924943067133427
,,,35,,,,,,,,,,,,,,,,,,,,,,,,,,,,,24619,0.00304626626893878
,,,35,,,,,,,,,,,,,,,,,,,,,,,,,,,,,24629,0.21669988334178925
,,,35,,,,,,,,,,,,,,,,,,,,,,,,,,,,,24639,0.0015018050326034427
,,,35,,,,,,,,,,,,,,,,,,,,,,,,,,,,,24649,0.0007567965658381581
,,,35,,,,,,,,,,,,,,,,,,,,,,,,,,,,,24659,0.0005438968073576689
,,,35,,,,,,,,,,,,,,,,,,,,,,,,,,,,,24669,0.0009837382240220904
,,,35,,,,,,,,,,,,,,,,,,,,,,,,,,,,,24679,0.001547333667986095
,,,35,,,,,,,,,,,,,,,,,,,,,,,,,,,,,24689,0.0026001136284321547
,,,35,,,,,,,,,,,,,,,,,,,,,,,,,,,,,24699,0.00142817257437855
,,,35,,,,,,,,,,,,,,,,,,,,,,,,,,,,,24709,0.002034650184214115
,,,35,,,,,,,,,,,,,,,,,,,,,,,,,,,,,24719,0.0008686127839609981
,,,35,,,,,,,,,,,,,,,,,,,,,,,,,,,,,24729,0.06218312308192253
,,,35,,,,,,,,,,,,,,,,,,,,,,,,,,,,,24739,0.0005736575112678111
,,,35,,,,,,,,,,,,,,,,,,,,,,,,,,,,,24749,0.0033911350183188915
,,,35,,,,,,,,,,,,,,,,,,,,,,,,,,,,,24759,0.009878577664494514
,,,35,,,,,,,,,,,,,,,,,,,,,,,,,,,,,24769,0.0022623746190220118
,,,35,,,,,,,,,,,,,,,,,,,,,,,,,,,,,24779,0.0012025380274280906
,,,35,,,,,,,,,,,,,,,,,,,,,,,,,,,,,24789,0.0038588012102991343
,,,35,,,,,,,,,,,,,,,,,,,,,,,,,,,,,24799,0.0007777613354846835
,,,35,,,,,,,,,,,,,,,,,,,,,,,,,,,,,24809,0.00047883245861157775
,,,35,,,,,,,,,,,,,,,,,,,,,,,,,,,,,24819,0.0006804046570323408
,,,35,,,,,,,,,,,,,,,,,,,,,,,,,,,,,24829,0.0005527886096388102
,,,35,,,,,,,,,,,,,,,,,,,,,,,,,,,,,24839,0.0009917604038491845
,,,35,,,,,,,,,,,,,,,,,,,,,,,,,,,,,24849,0.0003572730638552457
,,,35,,,,,,,,,,,,,,,,,,,,,,,,,,,,,24859,0.004964329767972231
,,,35,,,,,,,,,,,,,,,,,,,,,,,,,,,,,24869,0.001083111623302102
,,,35,,,,,,,,,,,,,,,,,,,,,,,,,,,,,24879,0.027524910867214203
,,,35,,,,,,,,,,,,,,,,,,,,,,,,,,,,,24889,0.05206627398729324
,,,35,,,,,,,,,,,,,,,,,,,,,,,,,,,,,24899,0.0007822558400221169
,,,35,,,,,,,,,,,,,,,,,,,,,,,,,,,,,24909,0.00039356230990961194
,,,35,,,,,,,,,,,,,,,,,,,,,,,,,,,,,24919,0.0011649690568447113
,,,35,,,,,,,,,,,,,,,,,,,,,,,,,,,,,24929,0.0005642771138809621
,,,35,,,,,,,,,,,,,,,,,,,,,,,,,,,,,24939,0.0005294768488965929
,,,35,,,,,,,,,,,,,,,,,,,,,,,,,,,,,24949,0.0030271229334175587
,,,35,,,,,,,,,,,,,,,,,,,,,,,,,,,,,24959,0.00497091468423605
,,,35,,,,,,,,,,,,,,,,,,,,,,,,,,,,,24969,0.000688122003339231
,,,35,,,,,,,,,,,,,,,,,,,,,,,,,,,,,24979,0.0005602912278845906
,,,35,,,,,,,,,,,,,,,,,,,,,,,,,,,,,24989,0.09529130160808563
,,,35,,,,,,,,,,,,,,,,,,,,,,,,,,,,,24999,0.0005334462039172649
,,,35,,,,,,,,,,,,,,,,,,,,,,,,,,,,,25009,0.003140135435387492
,,,35,,,,,,,,,,,,,,,,,,,,,,,,,,,,,25019,0.0015188466059044003
,,,35,,,,,,,,,,,,,,,,,,,,,,,,,,,,,25029,0.001362836454063654
,,,35,,,,,,,,,,,,,,,,,,,,,,,,,,,,,25039,0.000599283492192626
,,,35,,,,,,,,,,,,,,,,,,,,,,,,,,,,,25049,0.0011200894368812442
,,,35,,,,,,,,,,,,,,,,,,,,,,,,,,,,,25059,0.000834521371871233
,,,35,,,,,,,,,,,,,,,,,,,,,,,,,,,,,25069,0.0024535381235182285
,,,35,,,,,,,,,,,,,,,,,,,,,,,,,,,,,25079,0.0008460290846414864
,,,35,,,,,,,,,,,,,,,,,,,,,,,,,,,,,25089,0.006804969627410173
,,,35,,,,,,,,,,,,,,,,,,,,,,,,,,,,,25099,0.0195674579590559
,,,35,,,,,,,,,,,,,,,,,,,,,,,,,,,,,25109,0.0008847518474794924
,,,35,,,,,,,,,,,,,,,,,,,,,,,,,,,,,25119,0.0016688188770785928
,,,35,,,,,,,,,,,,,,,,,,,,,,,,,,,,,25129,0.0017475152853876352
,,,35,,,,,,,,,,,,,,,,,,,,,,,,,,,,,25139,0.0017188922502100468
,,,35,,,,,,,,,,,,,,,,,,,,,,,,,,,,,25149,0.0016693344805389643
,,,35,,,,,,,,,,,,,,,,,,,,,,,,,,,,,25159,0.0008429610752500594
,,,35,,,,,,,,,,,,,,,,,,,,,,,,,,,,,25169,0.0008382490486837924
,,,35,,,,,,,,,,,,,,,,,,,,,,,,,,,,,25179,0.010725496336817741
,,,35,,,,,,,,,,,,,,,,,,,,,,,,,,,,,25189,0.0008583154412917793
,,,35,,,,,,,,,,,,,,,,,,,,,,,,,,,,,25199,0.002058073179796338
,,,35,,,,,,,,,,,,,,,,,,,,,,,,,,,,,25209,0.004038217011839151
,,,35,,,,,,,,,,,,,,,,,,,,,,,,,,,,,25219,0.004762578289955854
,,,35,,,,,,,,,,,,,,,,,,,,,,,,,,,,,25229,0.0008559444104321301
,,,,1.2536573800698544e-07,7.023044739721183e-07,1.0804684214955663e-06,1.0804684214955663e-06,1.6622591099931791e-06,1.6622591099931791e-06,2.557321707681814e-06,2.557321707681814e-06,3.934341088741252e-06,3.934341088741252e-06,6.05283244421731e-06,1.2536573800698544e-07,6.05283244421731e-06,9.312049914180477e-06,9.312049914180477e-06,1.4326230637200735e-05,1.4326230637200735e-05,2.2040354826462668e-05,2.2040354826462668e-05,2.2040354826462668e-05,2.2040354826462668e-05,1.9287036616459296e-07,1.9287036616459296e-07,2.9672364025321997e-07,2.9672364025321997e-07,4.564979080818769e-07,4.564979080818769e-07,7.023044739721183e-07,25236,
,,,36,,,,,,,,,,,,,,,,,,,,,,,,,,,,,25239,0.01437261514365673
,,,36,,,,,,,,,,,,,,,,,,,,,,,,,,,,,25249,0.0009464739705435932
,,,36,,,,,,,,,,,,,,,,,,,,,,,,,,,,,25259,0.002118464792147279
,,,36,,,,,,,,,,,,,,,,,,,,,,,,,,,,,25269,0.008972586132586002
,,,36,,,,,,,,,,,,,,,,,,,,,,,,,,,,,25279,0.0035764211788773537
,,,36,,,,,,,,,,,,,,,,,,,,,,,,,,,,,25289,0.0029820797499269247
,,,36,,,,,,,,,,,,,,,,,,,,,,,,,,,,,25299,0.0013632660266011953
,,,36,,,,,,,,,,,,,,,,,,,,,,,,,,,,,25309,0.002486740704625845
,,,36,,,,,,,,,,,,,,,,,,,,,,,,,,,,,25319,0.3774290084838867
,,,36,,,,,,,,,,,,,,,,,,,,,,,,,,,,,25329,0.010643190704286098
,,,36,,,,,,,,,,,,,,,,,,,,,,,,,,,,,25339,0.0006865929462946951
,,,36,,,,,,,,,,,,,,,,,,,,,,,,,,,,,25349,0.001497106277383864
,,,36,,,,,,,,,,,,,,,,,,,,,,,,,,,,,25359,0.0011480292305350304
,,,36,,,,,,,,,,,,,,,,,,,,,,,,,,,,,25369,0.0019917981699109077
,,,36,,,,,,,,,,,,,,,,,,,,,,,,,,,,,25379,0.002650262787938118
,,,36,,,,,,,,,,,,,,,,,,,,,,,,,,,,,25389,0.00321207195520401
,,,36,,,,,,,,,,,,,,,,,,,,,,,,,,,,,25399,0.014086306095123291
,,,36,,,,,,,,,,,,,,,,,,,,,,,,,,,,,25409,0.0011265475768595934
,,,36,,,,,,,,,,,,,,,,,,,,,,,,,,,,,25419,0.0011240170570090413
,,,36,,,,,,,,,,,,,,,,,,,,,,,,,,,,,25429,0.0010458322940394282
,,,36,,,,,,,,,,,,,,,,,,,,,,,,,,,,,25439,0.0019032671116292477
,,,36,,,,,,,,,,,,,,,,,,,,,,,,,,,,,25449,0.013113366439938545
,,,36,,,,,,,,,,,,,,,,,,,,,,,,,,,,,25459,0.001487444736994803
,,,36,,,,,,,,,,,,,,,,,,,,,,,,,,,,,25469,0.0002644338528625667
,,,36,,,,,,,,,,,,,,,,,,,,,,,,,,,,,25479,0.0007240770501084626
,,,36,,,,,,,,,,,,,,,,,,,,,,,,,,,,,25489,0.0010381925385445356
,,,36,,,,,,,,,,,,,,,,,,,,,,,,,,,,,25499,0.006037598941475153
,,,36,,,,,,,,,,,,,,,,,,,,,,,,,,,,,25509,0.0004364511405583471
,,,36,,,,,,,,,,,,,,,,,,,,,,,,,,,,,25519,0.0022734336089342833
,,,36,,,,,,,,,,,,,,,,,,,,,,,,,,,,,25529,0.0018346726428717375
,,,36,,,,,,,,,,,,,,,,,,,,,,,,,,,,,25539,0.0006688826833851635
,,,36,,,,,,,,,,,,,,,,,,,,,,,,,,,,,25549,0.0004899530904367566
,,,36,,,,,,,,,,,,,,,,,,,,,,,,,,,,,25559,0.00301039288751781
,,,36,,,,,,,,,,,,,,,,,,,,,,,,,,,,,25569,0.004181731026619673
,,,36,,,,,,,,,,,,,,,,,,,,,,,,,,,,,25579,0.0010308665223419666
,,,36,,,,,,,,,,,,,,,,,,,,,,,,,,,,,25589,0.00952837709337473
,,,36,,,,,,,,,,,,,,,,,,,,,,,,,,,,,25599,0.009320118464529514
,,,36,,,,,,,,,,,,,,,,,,,,,,,,,,,,,25609,0.000849298492539674
,,,36,,,,,,,,,,,,,,,,,,,,,,,,,,,,,25619,0.0009603569633327425
,,,36,,,,,,,,,,,,,,,,,,,,,,,,,,,,,25629,0.0010650524636730552
,,,36,,,,,,,,,,,,,,,,,,,,,,,,,,,,,25639,0.004154495429247618
,,,36,,,,,,,,,,,,,,,,,,,,,,,,,,,,,25649,0.0005959293921478093
,,,36,,,,,,,,,,,,,,,,,,,,,,,,,,,,,25659,0.30058085918426514
,,,36,,,,,,,,,,,,,,,,,,,,,,,,,,,,,25669,0.0010616639629006386
,,,36,,,,,,,,,,,,,,,,,,,,,,,,,,,,,25679,0.0007794868433848023
,,,36,,,,,,,,,,,,,,,,,,,,,,,,,,,,,25689,0.016364803537726402
,,,36,,,,,,,,,,,,,,,,,,,,,,,,,,,,,25699,0.0019096798496320844
,,,36,,,,,,,,,,,,,,,,,,,,,,,,,,,,,25709,0.0007901182398200035
,,,36,,,,,,,,,,,,,,,,,,,,,,,,,,,,,25719,0.001251355977728963
,,,36,,,,,,,,,,,,,,,,,,,,,,,,,,,,,25729,0.38895076513290405
,,,36,,,,,,,,,,,,,,,,,,,,,,,,,,,,,25739,0.001807595370337367
,,,36,,,,,,,,,,,,,,,,,,,,,,,,,,,,,25749,0.0010909268166869879
,,,36,,,,,,,,,,,,,,,,,,,,,,,,,,,,,25759,0.0007305829203687608
,,,36,,,,,,,,,,,,,,,,,,,,,,,,,,,,,25769,0.0009269333095289767
,,,36,,,,,,,,,,,,,,,,,,,,,,,,,,,,,25779,0.0004140530654694885
,,,36,,,,,,,,,,,,,,,,,,,,,,,,,,,,,25789,0.10210102796554565
,,,36,,,,,,,,,,,,,,,,,,,,,,,,,,,,,25799,0.0036019759718328714
,,,36,,,,,,,,,,,,,,,,,,,,,,,,,,,,,25809,0.0014067759038880467
,,,36,,,,,,,,,,,,,,,,,,,,,,,,,,,,,25819,0.0006363586289808154
,,,36,,,,,,,,,,,,,,,,,,,,,,,,,,,,,25829,0.0012257287744432688
,,,36,,,,,,,,,,,,,,,,,,,,,,,,,,,,,25839,0.002434919122606516
,,,36,,,,,,,,,,,,,,,,,,,,,,,,,,,,,25849,0.027048485353589058
,,,36,,,,,,,,,,,,,,,,,,,,,,,,,,,,,25859,0.0010355028789490461
,,,36,,,,,,,,,,,,,,,,,,,,,,,,,,,,,25869,0.0006585265509784222
,,,36,,,,,,,,,,,,,,,,,,,,,,,,,,,,,25879,0.0013234899379312992
,,,36,,,,,,,,,,,,,,,,,,,,,,,,,,,,,25889,0.00335412984713912
,,,36,,,,,,,,,,,,,,,,,,,,,,,,,,,,,25899,0.00038512825267389417
,,,36,,,,,,,,,,,,,,,,,,,,,,,,,,,,,25909,0.00858959648758173
,,,36,,,,,,,,,,,,,,,,,,,,,,,,,,,,,25919,0.0008150039939209819
,,,36,,,,,,,,,,,,,,,,,,,,,,,,,,,,,25929,0.0010668396716937423
,,,,1.0930605058241677e-07,6.123373864075726e-07,9.420575175501116e-07,9.420575175501116e-07,1.4493192577694025e-06,1.4493192577694025e-06,2.22972193502985e-06,2.22972193502985e-06,3.430341438507461e-06,3.430341438507461e-06,5.277448366934555e-06,1.0930605058241677e-07,5.277448366934555e-06,8.11915133374547e-06,8.11915133374547e-06,1.2491002051916106e-05,1.2491002051916106e-05,1.9216926233717085e-05,1.9216926233717085e-05,1.9216926233717085e-05,1.9216926233717085e-05,1.681631547421796e-07,1.681631547421796e-07,2.587125457571994e-07,2.587125457571994e-07,3.980193011649222e-07,3.980193011649222e-07,6.123373864075726e-07,25937,
,,,37,,,,,,,,,,,,,,,,,,,,,,,,,,,,,25939,0.000956524396315217
,,,37,,,,,,,,,,,,,,,,,,,,,,,,,,,,,25949,0.001531147281639278
,,,37,,,,,,,,,,,,,,,,,,,,,,,,,,,,,25959,0.00414790166541934
,,,37,,,,,,,,,,,,,,,,,,,,,,,,,,,,,25969,0.4384249746799469
,,,37,,,,,,,,,,,,,,,,,,,,,,,,,,,,,25979,0.0004588573647197336
,,,37,,,,,,,,,,,,,,,,,,,,,,,,,,,,,25989,0.0006251035956665874
,,,37,,,,,,,,,,,,,,,,,,,,,,,,,,,,,25999,0.0005374991451390088
,,,37,,,,,,,,,,,,,,,,,,,,,,,,,,,,,26009,0.0009653870947659016
,,,37,,,,,,,,,,,,,,,,,,,,,,,,,,,,,26019,0.000563954352401197
,,,37,,,,,,,,,,,,,,,,,,,,,,,,,,,,,26029,0.0012805578298866749
,,,37,,,,,,,,,,,,,,,,,,,,,,,,,,,,,26039,0.001467279507778585
,,,37,,,,,,,,,,,,,,,,,,,,,,,,,,,,,26049,0.00232105515897274
,,,37,,,,,,,,,,,,,,,,,,,,,,,,,,,,,26059,0.34856104850769043
,,,37,,,,,,,,,,,,,,,,,,,,,,,,,,,,,26069,0.0012479405850172043
,,,37,,,,,,,,,,,,,,,,,,,,,,,,,,,,,26079,0.0015405172016471624
,,,37,,,,,,,,,,,,,,,,,,,,,,,,,,,,,26089,0.00206247391179204
,,,37,,,,,,,,,,,,,,,,,,,,,,,,,,,,,26099,0.0022315983660519123
,,,37,,,,,,,,,,,,,,,,,,,,,,,,,,,,,26109,0.0010936447652056813
,,,37,,,,,,,,,,,,,,,,,,,,,,,,,,,,,26119,0.00069518230156973
,,,37,,,,,,,,,,,,,,,,,,,,,,,,,,,,,26129,0.0004929644055664539
,,,37,,,,,,,,,,,,,,,,,,,,,,,,,,,,,26139,0.0009588798275217414
,,,37,,,,,,,,,,,,,,,,,,,,,,,,,,,,,26149,0.0012620617635548115
,,,37,,,,,,,,,,,,,,,,,,,,,,,,,,,,,26159,0.03541651368141174
,,,37,,,,,,,,,,,,,,,,,,,,,,,,,,,,,26169,0.0013070569839328527
,,,37,,,,,,,,,,,,,,,,,,,,,,,,,,,,,26179,0.002164580160751939
,,,37,,,,,,,,,,,,,,,,,,,,,,,,,,,,,26189,0.08683615177869797
,,,37,,,,,,,,,,,,,,,,,,,,,,,,,,,,,26199,0.0009909988148137927
,,,37,,,,,,,,,,,,,,,,,,,,,,,,,,,,,26209,0.0004611176555044949
,,,37,,,,,,,,,,,,,,,,,,,,,,,,,,,,,26219,0.00048688918468542397
,,,37,,,,,,,,,,,,,,,,,,,,,,,,,,,,,26229,0.0002891083713620901
,,,37,,,,,,,,,,,,,,,,,,,,,,,,,,,,,26239,0.0012527154758572578
,,,37,,,,,,,,,,,,,,,,,,,,,,,,,,,,,26249,0.0009884038008749485
,,,37,,,,,,,,,,,,,,,,,,,,,,,,,,,,,26259,0.16173073649406433
,,,37,,,,,,,,,,,,,,,,,,,,,,,,,,,,,26269,0.004784818738698959
,,,37,,,,,,,,,,,,,,,,,,,,,,,,,,,,,26279,0.0007099925423972309
,,,37,,,,,,,,,,,,,,,,,,,,,,,,,,,,,26289,0.004538798239082098
,,,37,,,,,,,,,,,,,,,,,,,,,,,,,,,,,26299,0.0004916807520203292
,,,37,,,,,,,,,,,,,,,,,,,,,,,,,,,,,26309,0.0009619583724997938
,,,37,,,,,,,,,,,,,,,,,,,,,,,,,,,,,26319,0.001974583137780428
,,,37,,,,,,,,,,,,,,,,,,,,,,,,,,,,,26329,0.0014847718412056565
,,,37,,,,,,,,,,,,,,,,,,,,,,,,,,,,,26339,0.0019489573314785957
,,,37,,,,,,,,,,,,,,,,,,,,,,,,,,,,,26349,0.0012107841903343797
,,,37,,,,,,,,,,,,,,,,,,,,,,,,,,,,,26359,0.001204825472086668
,,,37,,,,,,,,,,,,,,,,,,,,,,,,,,,,,26369,0.0011364464880898595
,,,37,,,,,,,,,,,,,,,,,,,,,,,,,,,,,26379,0.001167374779470265
,,,37,,,,,,,,,,,,,,,,,,,,,,,,,,,,,26389,0.1441505253314972
,,,37,,,,,,,,,,,,,,,,,,,,,,,,,,,,,26399,0.0016448640963062644
,,,37,,,,,,,,,,,,,,,,,,,,,,,,,,,,,26409,0.0016488463152199984
,,,37,,,,,,,,,,,,,,,,,,,,,,,,,,,,,26419,0.00040316861122846603
,,,37,,,,,,,,,,,,,,,,,,,,,,,,,,,,,26429,1.2829173803329468
,,,37,,,,,,,,,,,,,,,,,,,,,,,,,,,,,26439,0.0005388597492128611
,,,37,,,,,,,,,,,,,,,,,,,,,,,,,,,,,26449,0.0009411557693965733
,,,37,,,,,,,,,,,,,,,,,,,,,,,,,,,,,26459,0.0016128120478242636
,,,37,,,,,,,,,,,,,,,,,,,,,,,,,,,,,26469,0.0012990098912268877
,,,37,,,,,,,,,,,,,,,,,,,,,,,,,,,,,26479,0.0010165295097976923
,,,37,,,,,,,,,,,,,,,,,,,,,,,,,,,,,26489,0.0010722135193645954
,,,37,,,,,,,,,,,,,,,,,,,,,,,,,,,,,26499,0.0020289872772991657
,,,37,,,,,,,,,,,,,,,,,,,,,,,,,,,,,26509,0.0013156174682080746
,,,37,,,,,,,,,,,,,,,,,,,,,,,,,,,,,26519,0.0004274873062968254
,,,37,,,,,,,,,,,,,,,,,,,,,,,,,,,,,26529,0.00320963142439723
,,,37,,,,,,,,,,,,,,,,,,,,,,,,,,,,,26539,0.02610538899898529
,,,37,,,,,,,,,,,,,,,,,,,,,,,,,,,,,26549,0.49201807379722595
,,,37,,,,,,,,,,,,,,,,,,,,,,,,,,,,,26559,0.0017007350688800216
,,,37,,,,,,,,,,,,,,,,,,,,,,,,,,,,,26569,0.004636732861399651
,,,37,,,,,,,,,,,,,,,,,,,,,,,,,,,,,26579,0.0006541923503391445
,,,37,,,,,,,,,,,,,,,,,,,,,,,,,,,,,26589,0.0010734985116869211
,,,37,,,,,,,,,,,,,,,,,,,,,,,,,,,,,26599,0.00232820026576519
,,,37,,,,,,,,,,,,,,,,,,,,,,,,,,,,,26609,0.00215375074185431
,,,37,,,,,,,,,,,,,,,,,,,,,,,,,,,,,26619,0.0024067889899015427
,,,37,,,,,,,,,,,,,,,,,,,,,,,,,,,,,26629,0.007535591255873442
,,,,9.409940548675545e-08,5.271490801400816e-07,8.109985848308946e-07,8.109985848308946e-07,1.2476901305090686e-06,1.2476901305090686e-06,1.9195232777062595e-06,1.9195232777062595e-06,2.9531127349327065e-06,2.9531127349327065e-06,4.543250361434933e-06,9.409940548675545e-08,4.543250361434933e-06,6.989615940669127e-06,6.989615940669127e-06,1.075325529333712e-05,1.075325529333712e-05,1.6543469682057106e-05,1.6543469682057106e-05,1.6543469682057106e-05,1.6543469682057106e-05,1.447683161334699e-07,1.447683161334699e-07,2.2272048635918447e-07,2.2272048635918447e-07,3.42646902091053e-07,3.42646902091053e-07,5.271490801400816e-07,26638,
,,,38,,,,,,,,,,,,,,,,,,,,,,,,,,,,,26639,0.001818566583096981
,,,38,,,,,,,,,,,,,,,,,,,,,,,,,,,,,26649,0.0007638048264198005
,,,38,,,,,,,,,,,,,,,,,,,,,,,,,,,,,26659,0.2619974911212921
,,,38,,,,,,,,,,,,,,,,,,,,,,,,,,,,,26669,0.0007408330566249788
,,,38,,,,,,,,,,,,,,,,,,,,,,,,,,,,,26679,0.00043801721767522395
,,,38,,,,,,,,,,,,,,,,,,,,,,,,,,,,,26689,0.0003758335078600794
,,,38,,,,,,,,,,,,,,,,,,,,,,,,,,,,,26699,0.001030494342558086
,,,38,,,,,,,,,,,,,,,,,,,,,,,,,,,,,26709,0.0019077627221122384
,,,38,,,,,,,,,,,,,,,,,,,,,,,,,,,,,26719,0.0010882674250751734
,,,38,,,,,,,,,,,,,,,,,,,,,,,,,,,,,26729,0.0014172446681186557
,,,38,,,,,,,,,,,,,,,,,,,,,,,,,,,,,26739,0.0026692019309848547
,,,38,,,,,,,,,,,,,,,,,,,,,,,,,,,,,26749,0.0012154396390542388
,,,38,,,,,,,,,,,,,,,,,,,,,,,,,,,,,26759,0.0009116389555856586
,,,38,,,,,,,,,,,,,,,,,,,,,,,,,,,,,26769,0.00030990628874860704
,,,38,,,,,,,,,,,,,,,,,,,,,,,,,,,,,26779,0.0013418407179415226
,,,38,,,,,,,,,,,,,,,,,,,,,,,,,,,,,26789,0.0017213287064805627
,,,38,,,,,,,,,,,,,,,,,,,,,,,,,,,,,26799,0.0005375579930841923
,,,38,,,,,,,,,,,,,,,,,,,,,,,,,,,,,26809,0.0009576543816365302
,,,38,,,,,,,,,,,,,,,,,,,,,,,,,,,,,26819,0.0011240257881581783
,,,38,,,,,,,,,,,,,,,,,,,,,,,,,,,,,26829,0.0015082824975252151
,,,38,,,,,,,,,,,,,,,,,,,,,,,,,,,,,26839,0.0009519324521534145
,,,38,,,,,,,,,,,,,,,,,,,,,,,,,,,,,26849,0.0009039986180141568
,,,38,,,,,,,,,,,,,,,,,,,,,,,,,,,,,26859,0.012220416218042374
,,,38,,,,,,,,,,,,,,,,,,,,,,,,,,,,,26869,0.00040890960372053087
,,,38,,,,,,,,,,,,,,,,,,,,,,,,,,,,,26879,0.006142671685665846
,,,38,,,,,,,,,,,,,,,,,,,,,,,,,,,,,26889,0.015462592244148254
,,,38,,,,,,,,,,,,,,,,,,,,,,,,,,,,,26899,0.0008189142099581659
,,,38,,,,,,,,,,,,,,,,,,,,,,,,,,,,,26909,0.0009586708038114011
,,,38,,,,,,,,,,,,,,,,,,,,,,,,,,,,,26919,0.0005661138566210866
,,,38,,,,,,,,,,,,,,,,,,,,,,,,,,,,,26929,0.0005309681873768568
,,,38,,,,,,,,,,,,,,,,,,,,,,,,,,,,,26939,0.0006272065220400691
,,,38,,,,,,,,,,,,,,,,,,,,,,,,,,,,,26949,0.0008511565392836928
,,,38,,,,,,,,,,,,,,,,,,,,,,,,,,,,,26959,0.00027648653485812247
,,,38,,,,,,,,,,,,,,,,,,,,,,,,,,,,,26969,0.0006220268551260233
,,,38,,,,,,,,,,,,,,,,,,,,,,,,,,,,,26979,0.0011196195846423507
,,,38,,,,,,,,,,,,,,,,,,,,,,,,,,,,,26989,0.000666837499011308
,,,38,,,,,,,,,,,,,,,,,,,,,,,,,,,,,26999,0.0009912775130942464
,,,38,,,,,,,,,,,,,,,,,,,,,,,,,,,,,27009,0.004409853368997574
,,,38,,,,,,,,,,,,,,,,,,,,,,,,,,,,,27019,0.0013926018727943301
,,,38,,,,,,,,,,,,,,,,,,,,,,,,,,,,,27029,0.0007517476915381849
,,,38,,,,,,,,,,,,,,,,,,,,,,,,,,,,,27039,0.0010772948153316975
,,,38,,,,,,,,,,,,,,,,,,,,,,,,,,,,,27049,0.0008277858141809702
,,,38,,,,,,,,,,,,,,,,,,,,,,,,,,,,,27059,0.0007789874216541648
,,,38,,,,,,,,,,,,,,,,,,,,,,,,,,,,,27069,0.001148605952039361
,,,38,,,,,,,,,,,,,,,,,,,,,,,,,,,,,27079,0.0009410975035279989
,,,38,,,,,,,,,,,,,,,,,,,,,,,,,,,,,27089,0.0017215709667652845
,,,38,,,,,,,,,,,,,,,,,,,,,,,,,,,,,27099,0.001649429090321064
,,,38,,,,,,,,,,,,,,,,,,,,,,,,,,,,,27109,0.00120192626491189
,,,38,,,,,,,,,,,,,,,,,,,,,,,,,,,,,27119,0.0010095183970406651
,,,38,,,,,,,,,,,,,,,,,,,,,,,,,,,,,27129,0.000299860374070704
,,,38,,,,,,,,,,,,,,,,,,,,,,,,,,,,,27139,0.001353678060695529
,,,38,,,,,,,,,,,,,,,,,,,,,,,,,,,,,27149,0.5269624590873718
,,,38,,,,,,,,,,,,,,,,,,,,,,,,,,,,,27159,0.0033500841818749905
,,,38,,,,,,,,,,,,,,,,,,,,,,,,,,,,,27169,0.0007659562397748232
,,,38,,,,,,,,,,,,,,,,,,,,,,,,,,,,,27179,0.0008063868153840303
,,,38,,,,,,,,,,,,,,,,,,,,,,,,,,,,,27189,0.0007451953715644777
,,,38,,,,,,,,,,,,,,,,,,,,,,,,,,,,,27199,0.0010032224236056209
,,,38,,,,,,,,,,,,,,,,,,,,,,,,,,,,,27209,0.0012548373779281974
,,,38,,,,,,,,,,,,,,,,,,,,,,,,,,,,,27219,0.005886199418455362
,,,38,,,,,,,,,,,,,,,,,,,,,,,,,,,,,27229,0.0023389107082039118
,,,38,,,,,,,,,,,,,,,,,,,,,,,,,,,,,27239,0.0016438942402601242
,,,38,,,,,,,,,,,,,,,,,,,,,,,,,,,,,27249,0.0008055074722506106
,,,38,,,,,,,,,,,,,,,,,,,,,,,,,,,,,27259,0.002885562600567937
,,,38,,,,,,,,,,,,,,,,,,,,,,,,,,,,,27269,0.002727641724050045
,,,38,,,,,,,,,,,,,,,,,,,,,,,,,,,,,27279,0.0008430861635133624
,,,38,,,,,,,,,,,,,,,,,,,,,,,,,,,,,27289,0.0018105660565197468
,,,38,,,,,,,,,,,,,,,,,,,,,,,,,,,,,27299,0.0018271676963195205
,,,38,,,,,,,,,,,,,,,,,,,,,,,,,,,,,27309,0.0006244097603484988
,,,38,,,,,,,,,,,,,,,,,,,,,,,,,,,,,27319,0.0009227085392922163
,,,38,,,,,,,,,,,,,,,,,,,,,,,,,,,,,27329,0.017457038164138794
,,,,7.981988796634066e-08,4.4715458403468026e-07,6.879301292841234e-07,6.879301292841234e-07,1.0583540450524976e-06,1.0583540450524976e-06,1.6282369923884576e-06,1.6282369923884576e-06,2.5049799882899347e-06,2.5049799882899347e-06,3.8538153665998995e-06,7.981988796634066e-08,3.8538153665998995e-06,5.928946717845999e-06,5.928946717845999e-06,9.121456488993845e-06,9.121456488993845e-06,1.4033009983067452e-05,1.4033009983067452e-05,1.4033009983067452e-05,1.4033009983067452e-05,1.2279982764052406e-07,1.2279982764052406e-07,1.8892281175465242e-07,1.8892281175465242e-07,2.906504796225422e-07,2.906504796225422e-07,4.4715458403468026e-07,27339,
,,,39,,,,,,,,,,,,,,,,,,,,,,,,,,,,,27339,0.0028188200667500496
,,,39,,,,,,,,,,,,,,,,,,,,,,,,,,,,,27349,0.001727225724607706
,,,39,,,,,,,,,,,,,,,,,,,,,,,,,,,,,27359,0.0010528161656111479
,,,39,,,,,,,,,,,,,,,,,,,,,,,,,,,,,27369,0.003215957432985306
,,,39,,,,,,,,,,,,,,,,,,,,,,,,,,,,,27379,0.007090575061738491
,,,39,,,,,,,,,,,,,,,,,,,,,,,,,,,,,27389,0.001612758613191545
,,,39,,,,,,,,,,,,,,,,,,,,,,,,,,,,,27399,0.014353257603943348
,,,39,,,,,,,,,,,,,,,,,,,,,,,,,,,,,27409,0.0027159051969647408
,,,39,,,,,,,,,,,,,,,,,,,,,,,,,,,,,27419,0.0005898199742659926
,,,39,,,,,,,,,,,,,,,,,,,,,,,,,,,,,27429,0.33873555064201355
,,,39,,,,,,,,,,,,,,,,,,,,,,,,,,,,,27439,0.14244511723518372
,,,39,,,,,,,,,,,,,,,,,,,,,,,,,,,,,27449,0.17390114068984985
,,,39,,,,,,,,,,,,,,,,,,,,,,,,,,,,,27459,0.002233510371297598
,,,39,,,,,,,,,,,,,,,,,,,,,,,,,,,,,27469,0.0007452658610418439
,,,39,,,,,,,,,,,,,,,,,,,,,,,,,,,,,27479,0.0009048621286638081
,,,39,,,,,,,,,,,,,,,,,,,,,,,,,,,,,27489,0.0003062975301872939
,,,39,,,,,,,,,,,,,,,,,,,,,,,,,,,,,27499,0.000754421460442245
,,,39,,,,,,,,,,,,,,,,,,,,,,,,,,,,,27509,0.0015940811717882752
,,,39,,,,,,,,,,,,,,,,,,,,,,,,,,,,,27519,0.0009644340607337654
,,,39,,,,,,,,,,,,,,,,,,,,,,,,,,,,,27529,0.004233838990330696
,,,39,,,,,,,,,,,,,,,,,,,,,,,,,,,,,27539,0.00375590892508626
,,,39,,,,,,,,,,,,,,,,,,,,,,,,,,,,,27549,0.0011438162764534354
,,,39,,,,,,,,,,,,,,,,,,,,,,,,,,,,,27559,0.0006399996927939355
,,,39,,,,,,,,,,,,,,,,,,,,,,,,,,,,,27569,0.005547236651182175
,,,39,,,,,,,,,,,,,,,,,,,,,,,,,,,,,27579,0.0018191843992099166
,,,39,,,,,,,,,,,,,,,,,,,,,,,,,,,,,27589,0.0017434628680348396
,,,39,,,,,,,,,,,,,,,,,,,,,,,,,,,,,27599,0.0007783441105857491
,,,39,,,,,,,,,,,,,,,,,,,,,,,,,,,,,27609,0.0035039589274674654
,,,39,,,,,,,,,,,,,,,,,,,,,,,,,,,,,27619,0.0025700819678604603
,,,39,,,,,,,,,,,,,,,,,,,,,,,,,,,,,27629,0.0013387291692197323
,,,39,,,,,,,,,,,,,,,,,,,,,,,,,,,,,27639,0.00032431998988613486
,,,39,,,,,,,,,,,,,,,,,,,,,,,,,,,,,27649,0.01641475036740303
,,,39,,,,,,,,,,,,,,,,,,,,,,,,,,,,,27659,0.0013321316801011562
,,,39,,,,,,,,,,,,,,,,,,,,,,,,,,,,,27669,0.060424789786338806
,,,39,,,,,,,,,,,,,,,,,,,,,,,,,,,,,27679,0.0006286782445386052
,,,39,,,,,,,,,,,,,,,,,,,,,,,,,,,,,27689,0.006425846833735704
,,,39,,,,,,,,,,,,,,,,,,,,,,,,,,,,,27699,0.003823725739493966
,,,39,,,,,,,,,,,,,,,,,,,,,,,,,,,,,27709,0.007819509133696556
,,,39,,,,,,,,,,,,,,,,,,,,,,,,,,,,,27719,0.002329018199816346
,,,39,,,,,,,,,,,,,,,,,,,,,,,,,,,,,27729,0.047755274921655655
,,,39,,,,,,,,,,,,,,,,,,,,,,,,,,,,,27739,0.0008284197538159788
,,,39,,,,,,,,,,,,,,,,,,,,,,,,,,,,,27749,0.0009979682508856058
,,,39,,,,,,,,,,,,,,,,,,,,,,,,,,,,,27759,0.0007068812847137451
,,,39,,,,,,,,,,,,,,,,,,,,,,,,,,,,,27769,0.001866940874606371
,,,39,,,,,,,,,,,,,,,,,,,,,,,,,,,,,27779,0.00183090940117836
,,,39,,,,,,,,,,,,,,,,,,,,,,,,,,,,,27789,0.04133300110697746
,,,39,,,,,,,,,,,,,,,,,,,,,,,,,,,,,27799,0.0104593550786376
,,,39,,,,,,,,,,,,,,,,,,,,,,,,,,,,,27809,0.000503037590533495
,,,39,,,,,,,,,,,,,,,,,,,,,,,,,,,,,27819,0.010870653204619884
,,,39,,,,,,,,,,,,,,,,,,,,,,,,,,,,,27829,0.0013869511894881725
,,,39,,,,,,,,,,,,,,,,,,,,,,,,,,,,,27839,0.0019838905427604914
,,,39,,,,,,,,,,,,,,,,,,,,,,,,,,,,,27849,0.0015778564848005772
,,,39,,,,,,,,,,,,,,,,,,,,,,,,,,,,,27859,0.0008043906418606639
,,,39,,,,,,,,,,,,,,,,,,,,,,,,,,,,,27869,0.0013662084238603711
,,,39,,,,,,,,,,,,,,,,,,,,,,,,,,,,,27879,0.000811276026070118
,,,39,,,,,,,,,,,,,,,,,,,,,,,,,,,,,27889,0.004242375958710909
,,,39,,,,,,,,,,,,,,,,,,,,,,,,,,,,,27899,0.0007377815200015903
,,,39,,,,,,,,,,,,,,,,,,,,,,,,,,,,,27909,0.000483435345813632
,,,39,,,,,,,,,,,,,,,,,,,,,,,,,,,,,27919,0.0008638695580884814
,,,39,,,,,,,,,,,,,,,,,,,,,,,,,,,,,27929,0.0004155171918682754
,,,39,,,,,,,,,,,,,,,,,,,,,,,,,,,,,27939,0.0005852397880516946
,,,39,,,,,,,,,,,,,,,,,,,,,,,,,,,,,27949,0.0020471629686653614
,,,39,,,,,,,,,,,,,,,,,,,,,,,,,,,,,27959,0.0013744841562584043
,,,39,,,,,,,,,,,,,,,,,,,,,,,,,,,,,27969,0.0015625739470124245
,,,39,,,,,,,,,,,,,,,,,,,,,,,,,,,,,27979,0.0017590272473171353
,,,39,,,,,,,,,,,,,,,,,,,,,,,,,,,,,27989,0.0038659009151160717
,,,39,,,,,,,,,,,,,,,,,,,,,,,,,,,,,27999,0.017171520739793777
,,,39,,,,,,,,,,,,,,,,,,,,,,,,,,,,,28009,0.06324588507413864
,,,39,,,,,,,,,,,,,,,,,,,,,,,,,,,,,28019,0.001203637570142746
,,,39,,,,,,,,,,,,,,,,,,,,,,,,,,,,,28029,0.0005975945969112217
,,,39,,,,,,,,,,,,,,,,,,,,,,,,,,,,,28039,0.00039208735688589513
0.873909592628479,0.8649921417236328,0.8830128312110901,39,,,,,,,,,,,,,,,,,,,,,,,,,,,,,28039,
,,,,6.653706639515992e-08,3.727436232353765e-07,5.734517280544253e-07,5.734517280544253e-07,8.822334277760388e-07,8.822334277760388e-07,1.3572821965785213e-06,1.3572821965785213e-06,2.088126456274648e-06,2.088126456274648e-06,3.212502240422535e-06,6.653706639515992e-08,3.212502240422535e-06,4.942311139111592e-06,4.942311139111592e-06,7.603555598633219e-06,7.603555598633219e-06,1.1697777844051105e-05,1.1697777844051105e-05,1.1697777844051105e-05,1.1697777844051105e-05,1.0236471753101525e-07,1.0236471753101525e-07,1.5748418081694655e-07,1.5748418081694655e-07,2.4228335510299467e-07,2.4228335510299467e-07,3.727436232353765e-07,28040,
,,,40,,,,,,,,,,,,,,,,,,,,,,,,,,,,,28049,0.001164365909062326
,,,40,,,,,,,,,,,,,,,,,,,,,,,,,,,,,28059,0.0015805002767592669
,,,40,,,,,,,,,,,,,,,,,,,,,,,,,,,,,28069,0.0013872364070266485
,,,40,,,,,,,,,,,,,,,,,,,,,,,,,,,,,28079,0.0006578642060048878
,,,40,,,,,,,,,,,,,,,,,,,,,,,,,,,,,28089,0.01876215822994709
,,,40,,,,,,,,,,,,,,,,,,,,,,,,,,,,,28099,0.0004752294044010341
,,,40,,,,,,,,,,,,,,,,,,,,,,,,,,,,,28109,0.0009856180986389518
,,,40,,,,,,,,,,,,,,,,,,,,,,,,,,,,,28119,0.013080907054245472
,,,40,,,,,,,,,,,,,,,,,,,,,,,,,,,,,28129,0.0005828326684422791
,,,40,,,,,,,,,,,,,,,,,,,,,,,,,,,,,28139,0.002464084420353174
,,,40,,,,,,,,,,,,,,,,,,,,,,,,,,,,,28149,0.0014380073407664895
,,,40,,,,,,,,,,,,,,,,,,,,,,,,,,,,,28159,0.0043301149271428585
,,,40,,,,,,,,,,,,,,,,,,,,,,,,,,,,,28169,0.0031775368843227625
,,,40,,,,,,,,,,,,,,,,,,,,,,,,,,,,,28179,0.0008530744817107916
,,,40,,,,,,,,,,,,,,,,,,,,,,,,,,,,,28189,0.002175099914893508
,,,40,,,,,,,,,,,,,,,,,,,,,,,,,,,,,28199,0.0015398727264255285
,,,40,,,,,,,,,,,,,,,,,,,,,,,,,,,,,28209,0.0009298364748246968
,,,40,,,,,,,,,,,,,,,,,,,,,,,,,,,,,28219,0.012224256061017513
,,,40,,,,,,,,,,,,,,,,,,,,,,,,,,,,,28229,0.0008192856912501156
,,,40,,,,,,,,,,,,,,,,,,,,,,,,,,,,,28239,0.0004908228875137866
,,,40,,,,,,,,,,,,,,,,,,,,,,,,,,,,,28249,0.0008778749033808708
,,,40,,,,,,,,,,,,,,,,,,,,,,,,,,,,,28259,0.00431786896660924
,,,40,,,,,,,,,,,,,,,,,,,,,,,,,,,,,28269,0.00927276723086834
,,,40,,,,,,,,,,,,,,,,,,,,,,,,,,,,,28279,0.0022752590011805296
,,,40,,,,,,,,,,,,,,,,,,,,,,,,,,,,,28289,0.0005413886974565685
,,,40,,,,,,,,,,,,,,,,,,,,,,,,,,,,,28299,0.002542268019169569
,,,40,,,,,,,,,,,,,,,,,,,,,,,,,,,,,28309,0.0004469460982363671
,,,40,,,,,,,,,,,,,,,,,,,,,,,,,,,,,28319,0.001805979060009122
,,,40,,,,,,,,,,,,,,,,,,,,,,,,,,,,,28329,0.0005327836261130869
,,,40,,,,,,,,,,,,,,,,,,,,,,,,,,,,,28339,0.0006152571295388043
,,,40,,,,,,,,,,,,,,,,,,,,,,,,,,,,,28349,0.001220812788233161
,,,40,,,,,,,,,,,,,,,,,,,,,,,,,,,,,28359,0.002126582432538271
,,,40,,,,,,,,,,,,,,,,,,,,,,,,,,,,,28369,0.0017382694641128182
,,,40,,,,,,,,,,,,,,,,,,,,,,,,,,,,,28379,0.0035663852468132973
,,,40,,,,,,,,,,,,,,,,,,,,,,,,,,,,,28389,0.0009421766153536737
,,,40,,,,,,,,,,,,,,,,,,,,,,,,,,,,,28399,0.006762828212231398
,,,40,,,,,,,,,,,,,,,,,,,,,,,,,,,,,28409,0.0032567880116403103
,,,40,,,,,,,,,,,,,,,,,,,,,,,,,,,,,28419,0.0017642672173678875
,,,40,,,,,,,,,,,,,,,,,,,,,,,,,,,,,28429,0.0011016910430043936
,,,40,,,,,,,,,,,,,,,,,,,,,,,,,,,,,28439,0.0014333067229017615
,,,40,,,,,,,,,,,,,,,,,,,,,,,,,,,,,28449,0.0009376890957355499
,,,40,,,,,,,,,,,,,,,,,,,,,,,,,,,,,28459,0.0008528133039362729
,,,40,,,,,,,,,,,,,,,,,,,,,,,,,,,,,28469,0.0007408644305542111
,,,40,,,,,,,,,,,,,,,,,,,,,,,,,,,,,28479,0.0011744278017431498
,,,40,,,,,,,,,,,,,,,,,,,,,,,,,,,,,28489,0.0004916248144581914
,,,40,,,,,,,,,,,,,,,,,,,,,,,,,,,,,28499,0.295500785112381
,,,40,,,,,,,,,,,,,,,,,,,,,,,,,,,,,28509,0.0010241655400022864
,,,40,,,,,,,,,,,,,,,,,,,,,,,,,,,,,28519,0.00147784105502069
,,,40,,,,,,,,,,,,,,,,,,,,,,,,,,,,,28529,0.0014498273376375437
,,,40,,,,,,,,,,,,,,,,,,,,,,,,,,,,,28539,0.004178381524980068
,,,40,,,,,,,,,,,,,,,,,,,,,,,,,,,,,28549,0.0014791099820286036
,,,40,,,,,,,,,,,,,,,,,,,,,,,,,,,,,28559,0.026597345247864723
,,,40,,,,,,,,,,,,,,,,,,,,,,,,,,,,,28569,0.0009205533424392343
,,,40,,,,,,,,,,,,,,,,,,,,,,,,,,,,,28579,0.002229520585387945
,,,40,,,,,,,,,,,,,,,,,,,,,,,,,,,,,28589,0.0012575645232573152
,,,40,,,,,,,,,,,,,,,,,,,,,,,,,,,,,28599,0.0009716436034068465
,,,40,,,,,,,,,,,,,,,,,,,,,,,,,,,,,28609,0.000760600552894175
,,,40,,,,,,,,,,,,,,,,,,,,,,,,,,,,,28619,0.0006583806243725121
,,,40,,,,,,,,,,,,,,,,,,,,,,,,,,,,,28629,0.0006558148306794465
,,,40,,,,,,,,,,,,,,,,,,,,,,,,,,,,,28639,0.007341016083955765
,,,40,,,,,,,,,,,,,,,,,,,,,,,,,,,,,28649,0.0009017508709803224
,,,40,,,,,,,,,,,,,,,,,,,,,,,,,,,,,28659,0.0009449956123717129
,,,40,,,,,,,,,,,,,,,,,,,,,,,,,,,,,28669,0.0031330918427556753
,,,40,,,,,,,,,,,,,,,,,,,,,,,,,,,,,28679,0.0024204824585467577
,,,40,,,,,,,,,,,,,,,,,,,,,,,,,,,,,28689,0.0040578958578407764
,,,40,,,,,,,,,,,,,,,,,,,,,,,,,,,,,28699,0.005212520249187946
,,,40,,,,,,,,,,,,,,,,,,,,,,,,,,,,,28709,0.000991570996120572
,,,40,,,,,,,,,,,,,,,,,,,,,,,,,,,,,28719,0.0008033639751374722
,,,40,,,,,,,,,,,,,,,,,,,,,,,,,,,,,28729,0.08131097257137299
,,,40,,,,,,,,,,,,,,,,,,,,,,,,,,,,,28739,0.0011036823270842433
,,,,5.431565334472347e-08,3.0427872046342055e-07,4.6812110840526237e-07,4.6812110840526237e-07,7.201863206234804e-07,7.201863206234804e-07,1.1079789548053546e-06,1.1079789548053546e-06,1.704583007392853e-06,1.704583007392853e-06,2.622435395989005e-06,5.431565334472347e-08,2.622435395989005e-06,4.034515993829238e-06,4.034515993829238e-06,6.206947682814212e-06,6.206947682814212e-06,9.549150281252633e-06,9.549150281252633e-06,9.549150281252633e-06,9.549150281252633e-06,8.356254360726687e-08,8.356254360726687e-08,1.2855775939579518e-07,1.2855775939579518e-07,1.9778116830122336e-07,1.9778116830122336e-07,3.0427872046342055e-07,28741,
,,,41,,,,,,,,,,,,,,,,,,,,,,,,,,,,,28749,0.001110605662688613
,,,41,,,,,,,,,,,,,,,,,,,,,,,,,,,,,28759,0.0004939468344673514
,,,41,,,,,,,,,,,,,,,,,,,,,,,,,,,,,28769,0.00925065390765667
,,,41,,,,,,,,,,,,,,,,,,,,,,,,,,,,,28779,0.0004017702303826809
,,,41,,,,,,,,,,,,,,,,,,,,,,,,,,,,,28789,0.25014007091522217
,,,41,,,,,,,,,,,,,,,,,,,,,,,,,,,,,28799,0.000620111299213022
,,,41,,,,,,,,,,,,,,,,,,,,,,,,,,,,,28809,0.0013031696435064077
,,,41,,,,,,,,,,,,,,,,,,,,,,,,,,,,,28819,0.0010866338852792978
,,,41,,,,,,,,,,,,,,,,,,,,,,,,,,,,,28829,0.0010478494223207235
,,,41,,,,,,,,,,,,,,,,,,,,,,,,,,,,,28839,0.0005879965028725564
,,,41,,,,,,,,,,,,,,,,,,,,,,,,,,,,,28849,0.0010733911767601967
,,,41,,,,,,,,,,,,,,,,,,,,,,,,,,,,,28859,0.0010291192447766662
,,,41,,,,,,,,,,,,,,,,,,,,,,,,,,,,,28869,0.0014042494585737586
,,,41,,,,,,,,,,,,,,,,,,,,,,,,,,,,,28879,0.024322958663105965
,,,41,,,,,,,,,,,,,,,,,,,,,,,,,,,,,28889,0.0014268580125644803
,,,41,,,,,,,,,,,,,,,,,,,,,,,,,,,,,28899,0.0010765091283246875
,,,41,,,,,,,,,,,,,,,,,,,,,,,,,,,,,28909,0.007663917727768421
,,,41,,,,,,,,,,,,,,,,,,,,,,,,,,,,,28919,0.0005800090730190277
,,,41,,,,,,,,,,,,,,,,,,,,,,,,,,,,,28929,0.000862256099935621
,,,41,,,,,,,,,,,,,,,,,,,,,,,,,,,,,28939,0.0008648072252981365
,,,41,,,,,,,,,,,,,,,,,,,,,,,,,,,,,28949,0.0010259893024340272
,,,41,,,,,,,,,,,,,,,,,,,,,,,,,,,,,28959,0.0005527701578103006
,,,41,,,,,,,,,,,,,,,,,,,,,,,,,,,,,28969,0.000672605587169528
,,,41,,,,,,,,,,,,,,,,,,,,,,,,,,,,,28979,0.0015859580598771572
,,,41,,,,,,,,,,,,,,,,,,,,,,,,,,,,,28989,0.000754253298509866
,,,41,,,,,,,,,,,,,,,,,,,,,,,,,,,,,28999,1.1106303930282593
,,,41,,,,,,,,,,,,,,,,,,,,,,,,,,,,,29009,0.0019010377582162619
,,,41,,,,,,,,,,,,,,,,,,,,,,,,,,,,,29019,0.00048359428183175623
,,,41,,,,,,,,,,,,,,,,,,,,,,,,,,,,,29029,0.07766066491603851
,,,41,,,,,,,,,,,,,,,,,,,,,,,,,,,,,29039,0.001032356172800064
,,,41,,,,,,,,,,,,,,,,,,,,,,,,,,,,,29049,0.0009324538987129927
,,,41,,,,,,,,,,,,,,,,,,,,,,,,,,,,,29059,0.0007088627899065614
,,,41,,,,,,,,,,,,,,,,,,,,,,,,,,,,,29069,0.0006229135324247181
,,,41,,,,,,,,,,,,,,,,,,,,,,,,,,,,,29079,0.0004327025671955198
,,,41,,,,,,,,,,,,,,,,,,,,,,,,,,,,,29089,0.0004154990892857313
,,,41,,,,,,,,,,,,,,,,,,,,,,,,,,,,,29099,0.0005870323511771858
,,,41,,,,,,,,,,,,,,,,,,,,,,,,,,,,,29109,0.00040770237683318555
,,,41,,,,,,,,,,,,,,,,,,,,,,,,,,,,,29119,0.0012596611632034183
,,,41,,,,,,,,,,,,,,,,,,,,,,,,,,,,,29129,0.0012091193348169327
,,,41,,,,,,,,,,,,,,,,,,,,,,,,,,,,,29139,0.000463940086774528
,,,41,,,,,,,,,,,,,,,,,,,,,,,,,,,,,29149,0.6388847827911377
,,,41,,,,,,,,,,,,,,,,,,,,,,,,,,,,,29159,0.0009857069235295057
,,,41,,,,,,,,,,,,,,,,,,,,,,,,,,,,,29169,0.00045645120553672314
,,,41,,,,,,,,,,,,,,,,,,,,,,,,,,,,,29179,0.0021826408337801695
,,,41,,,,,,,,,,,,,,,,,,,,,,,,,,,,,29189,0.000860209169331938
,,,41,,,,,,,,,,,,,,,,,,,,,,,,,,,,,29199,0.0011189314536750317
,,,41,,,,,,,,,,,,,,,,,,,,,,,,,,,,,29209,0.0017774220323190093
,,,41,,,,,,,,,,,,,,,,,,,,,,,,,,,,,29219,0.0006197447655722499
,,,41,,,,,,,,,,,,,,,,,,,,,,,,,,,,,29229,0.0005638379952870309
,,,41,,,,,,,,,,,,,,,,,,,,,,,,,,,,,29239,0.0023432045709341764
,,,41,,,,,,,,,,,,,,,,,,,,,,,,,,,,,29249,0.0008446328574791551
,,,41,,,,,,,,,,,,,,,,,,,,,,,,,,,,,29259,0.04441891238093376
,,,41,,,,,,,,,,,,,,,,,,,,,,,,,,,,,29269,0.23560082912445068
,,,41,,,,,,,,,,,,,,,,,,,,,,,,,,,,,29279,0.004865638446062803
,,,41,,,,,,,,,,,,,,,,,,,,,,,,,,,,,29289,0.029600152745842934
,,,41,,,,,,,,,,,,,,,,,,,,,,,,,,,,,29299,1.312951922416687
,,,41,,,,,,,,,,,,,,,,,,,,,,,,,,,,,29309,0.0006591871497221291
,,,41,,,,,,,,,,,,,,,,,,,,,,,,,,,,,29319,0.0004503162926994264
,,,41,,,,,,,,,,,,,,,,,,,,,,,,,,,,,29329,0.0745692029595375
,,,41,,,,,,,,,,,,,,,,,,,,,,,,,,,,,29339,0.0009204932721331716
,,,41,,,,,,,,,,,,,,,,,,,,,,,,,,,,,29349,0.000689476088155061
,,,41,,,,,,,,,,,,,,,,,,,,,,,,,,,,,29359,0.0008169789216481149
,,,41,,,,,,,,,,,,,,,,,,,,,,,,,,,,,29369,0.027770448476076126
,,,41,,,,,,,,,,,,,,,,,,,,,,,,,,,,,29379,0.002837342908605933
,,,41,,,,,,,,,,,,,,,,,,,,,,,,,,,,,29389,0.0007571500609628856
,,,41,,,,,,,,,,,,,,,,,,,,,,,,,,,,,29399,0.0006322491681203246
,,,41,,,,,,,,,,,,,,,,,,,,,,,,,,,,,29409,0.02398388460278511
,,,41,,,,,,,,,,,,,,,,,,,,,,,,,,,,,29419,0.0006411133799701929
,,,41,,,,,,,,,,,,,,,,,,,,,,,,,,,,,29429,0.0004814936255570501
,,,41,,,,,,,,,,,,,,,,,,,,,,,,,,,,,29439,0.0035072078462690115
,,,,4.321519031092087e-08,2.420934298430496e-07,3.724514305277685e-07,3.724514305277685e-07,5.730022008119516e-07,5.730022008119516e-07,8.815418474030023e-07,8.815418474030023e-07,1.3562182267738498e-06,1.3562182267738498e-06,2.0864895796520763e-06,4.321519031092087e-08,2.0864895796520763e-06,3.2099839686955018e-06,3.2099839686955018e-06,4.938436874916157e-06,4.938436874916157e-06,7.597595192178702e-06,7.597595192178702e-06,7.597595192178702e-06,7.597595192178702e-06,6.648490817064748e-08,6.648490817064748e-08,1.0228447410868844e-07,1.0228447410868844e-07,1.5736072939798221e-07,1.5736072939798221e-07,2.420934298430496e-07,29442,
,,,42,,,,,,,,,,,,,,,,,,,,,,,,,,,,,29449,0.0006051110685802996
,,,42,,,,,,,,,,,,,,,,,,,,,,,,,,,,,29459,0.002110653556883335
,,,42,,,,,,,,,,,,,,,,,,,,,,,,,,,,,29469,0.0034461193718016148
,,,42,,,,,,,,,,,,,,,,,,,,,,,,,,,,,29479,0.0005943142459727824
,,,42,,,,,,,,,,,,,,,,,,,,,,,,,,,,,29489,0.002213513944298029
,,,42,,,,,,,,,,,,,,,,,,,,,,,,,,,,,29499,0.0008670311653986573
,,,42,,,,,,,,,,,,,,,,,,,,,,,,,,,,,29509,0.0005731535493396223
,,,42,,,,,,,,,,,,,,,,,,,,,,,,,,,,,29519,0.0011431454913690686
,,,42,,,,,,,,,,,,,,,,,,,,,,,,,,,,,29529,0.0014242806937545538
,,,42,,,,,,,,,,,,,,,,,,,,,,,,,,,,,29539,0.0017399511998519301
,,,42,,,,,,,,,,,,,,,,,,,,,,,,,,,,,29549,0.0014289674581959844
,,,42,,,,,,,,,,,,,,,,,,,,,,,,,,,,,29559,0.0015511177480220795
,,,42,,,,,,,,,,,,,,,,,,,,,,,,,,,,,29569,0.002325339475646615
,,,42,,,,,,,,,,,,,,,,,,,,,,,,,,,,,29579,0.0009206932736560702
,,,42,,,,,,,,,,,,,,,,,,,,,,,,,,,,,29589,0.0010858169989660382
,,,42,,,,,,,,,,,,,,,,,,,,,,,,,,,,,29599,0.0011511527700349689
,,,42,,,,,,,,,,,,,,,,,,,,,,,,,,,,,29609,0.0006438939017243683
,,,42,,,,,,,,,,,,,,,,,,,,,,,,,,,,,29619,0.004541573114693165
,,,42,,,,,,,,,,,,,,,,,,,,,,,,,,,,,29629,0.008437017910182476
,,,42,,,,,,,,,,,,,,,,,,,,,,,,,,,,,29639,0.0012981303734704852
,,,42,,,,,,,,,,,,,,,,,,,,,,,,,,,,,29649,0.0005249457899481058
,,,42,,,,,,,,,,,,,,,,,,,,,,,,,,,,,29659,0.001573110930621624
,,,42,,,,,,,,,,,,,,,,,,,,,,,,,,,,,29669,0.0019415828865021467
,,,42,,,,,,,,,,,,,,,,,,,,,,,,,,,,,29679,0.0372057668864727
,,,42,,,,,,,,,,,,,,,,,,,,,,,,,,,,,29689,0.0018101632595062256
,,,42,,,,,,,,,,,,,,,,,,,,,,,,,,,,,29699,0.001430366886779666
,,,42,,,,,,,,,,,,,,,,,,,,,,,,,,,,,29709,0.0007383449701592326
,,,42,,,,,,,,,,,,,,,,,,,,,,,,,,,,,29719,0.0015924270264804363
,,,42,,,,,,,,,,,,,,,,,,,,,,,,,,,,,29729,0.000622865161858499
,,,42,,,,,,,,,,,,,,,,,,,,,,,,,,,,,29739,0.0012619523331522942
,,,42,,,,,,,,,,,,,,,,,,,,,,,,,,,,,29749,0.003490945091471076
,,,42,,,,,,,,,,,,,,,,,,,,,,,,,,,,,29759,0.0008665175409987569
,,,42,,,,,,,,,,,,,,,,,,,,,,,,,,,,,29769,0.000945096486248076
,,,42,,,,,,,,,,,,,,,,,,,,,,,,,,,,,29779,0.13416148722171783
,,,42,,,,,,,,,,,,,,,,,,,,,,,,,,,,,29789,0.00041759092709980905
,,,42,,,,,,,,,,,,,,,,,,,,,,,,,,,,,29799,0.0025927231181412935
,,,42,,,,,,,,,,,,,,,,,,,,,,,,,,,,,29809,0.0014918750384822488
,,,42,,,,,,,,,,,,,,,,,,,,,,,,,,,,,29819,0.0007617602241225541
,,,42,,,,,,,,,,,,,,,,,,,,,,,,,,,,,29829,0.0034340745769441128
,,,42,,,,,,,,,,,,,,,,,,,,,,,,,,,,,29839,0.00335237686522305
,,,42,,,,,,,,,,,,,,,,,,,,,,,,,,,,,29849,0.012705552391707897
,,,42,,,,,,,,,,,,,,,,,,,,,,,,,,,,,29859,0.006978179328143597
,,,42,,,,,,,,,,,,,,,,,,,,,,,,,,,,,29869,0.001287320046685636
,,,42,,,,,,,,,,,,,,,,,,,,,,,,,,,,,29879,0.000613052339758724
,,,42,,,,,,,,,,,,,,,,,,,,,,,,,,,,,29889,0.0014663150068372488
,,,42,,,,,,,,,,,,,,,,,,,,,,,,,,,,,29899,0.0014704586938023567
,,,42,,,,,,,,,,,,,,,,,,,,,,,,,,,,,29909,0.0007327701896429062
,,,42,,,,,,,,,,,,,,,,,,,,,,,,,,,,,29919,0.002598216524347663
,,,42,,,,,,,,,,,,,,,,,,,,,,,,,,,,,29929,0.0835728645324707
,,,42,,,,,,,,,,,,,,,,,,,,,,,,,,,,,29939,0.00038446139660663903
,,,42,,,,,,,,,,,,,,,,,,,,,,,,,,,,,29949,0.0013584105763584375
,,,42,,,,,,,,,,,,,,,,,,,,,,,,,,,,,29959,0.0010388193186372519
,,,42,,,,,,,,,,,,,,,,,,,,,,,,,,,,,29969,0.0004360682796686888
,,,42,,,,,,,,,,,,,,,,,,,,,,,,,,,,,29979,0.8579466342926025
,,,42,,,,,,,,,,,,,,,,,,,,,,,,,,,,,29989,0.0005455890204757452
,,,42,,,,,,,,,,,,,,,,,,,,,,,,,,,,,29999,0.06582994759082794
,,,42,,,,,,,,,,,,,,,,,,,,,,,,,,,,,30009,0.0004884543013758957
,,,42,,,,,,,,,,,,,,,,,,,,,,,,,,,,,30019,0.0015933100366964936
,,,42,,,,,,,,,,,,,,,,,,,,,,,,,,,,,30029,0.000723514414858073
,,,42,,,,,,,,,,,,,,,,,,,,,,,,,,,,,30039,0.0008673554402776062
,,,42,,,,,,,,,,,,,,,,,,,,,,,,,,,,,30049,0.0011547302128747106
,,,42,,,,,,,,,,,,,,,,,,,,,,,,,,,,,30059,0.0005748576368205249
,,,42,,,,,,,,,,,,,,,,,,,,,,,,,,,,,30069,0.003424575552344322
,,,42,,,,,,,,,,,,,,,,,,,,,,,,,,,,,30079,0.052563149482011795
,,,42,,,,,,,,,,,,,,,,,,,,,,,,,,,,,30089,0.001388744916766882
,,,42,,,,,,,,,,,,,,,,,,,,,,,,,,,,,30099,0.001556150265969336
,,,42,,,,,,,,,,,,,,,,,,,,,,,,,,,,,30109,0.005007438361644745
,,,42,,,,,,,,,,,,,,,,,,,,,,,,,,,,,30119,0.0009866731707006693
,,,42,,,,,,,,,,,,,,,,,,,,,,,,,,,,,30129,0.0026751356199383736
,,,42,,,,,,,,,,,,,,,,,,,,,,,,,,,,,30139,0.0019185510464012623
,,,,3.3289757633838177e-08,1.8649071185932243e-07,2.869087874758806e-07,2.869087874758806e-07,4.4139813457827784e-07,4.4139813457827784e-07,6.790740531973505e-07,6.790740531973505e-07,1.0447293126113085e-06,1.0447293126113085e-06,1.607275865555859e-06,3.3289757633838177e-08,1.607275865555859e-06,2.4727321008551675e-06,2.4727321008551675e-06,3.8042032320848733e-06,3.8042032320848733e-06,5.852620357053651e-06,5.852620357053651e-06,5.852620357053651e-06,5.852620357053651e-06,5.121501174436641e-08,5.121501174436641e-08,7.879232576056372e-08,7.879232576056372e-08,1.2121896270855957e-07,1.2121896270855957e-07,1.8649071185932243e-07,30143,
,,,43,,,,,,,,,,,,,,,,,,,,,,,,,,,,,30149,0.003067396581172943
,,,43,,,,,,,,,,,,,,,,,,,,,,,,,,,,,30159,0.00204056641086936
,,,43,,,,,,,,,,,,,,,,,,,,,,,,,,,,,30169,0.0006109135574661195
,,,43,,,,,,,,,,,,,,,,,,,,,,,,,,,,,30179,0.0008942045969888568
,,,43,,,,,,,,,,,,,,,,,,,,,,,,,,,,,30189,0.0011147370096296072
,,,43,,,,,,,,,,,,,,,,,,,,,,,,,,,,,30199,0.0010871588019654155
,,,43,,,,,,,,,,,,,,,,,,,,,,,,,,,,,30209,0.00023587755276821554
,,,43,,,,,,,,,,,,,,,,,,,,,,,,,,,,,30219,0.001214477582834661
,,,43,,,,,,,,,,,,,,,,,,,,,,,,,,,,,30229,0.002726510399952531
,,,43,,,,,,,,,,,,,,,,,,,,,,,,,,,,,30239,0.0004512475279625505
,,,43,,,,,,,,,,,,,,,,,,,,,,,,,,,,,30249,0.16632859408855438
,,,43,,,,,,,,,,,,,,,,,,,,,,,,,,,,,30259,0.0012474401155486703
,,,43,,,,,,,,,,,,,,,,,,,,,,,,,,,,,30269,0.0031052506528794765
,,,43,,,,,,,,,,,,,,,,,,,,,,,,,,,,,30279,0.15624956786632538
,,,43,,,,,,,,,,,,,,,,,,,,,,,,,,,,,30289,0.03221335634589195
,,,43,,,,,,,,,,,,,,,,,,,,,,,,,,,,,30299,0.0031579977367073298
,,,43,,,,,,,,,,,,,,,,,,,,,,,,,,,,,30309,0.005891929846256971
,,,43,,,,,,,,,,,,,,,,,,,,,,,,,,,,,30319,0.003363450989127159
,,,43,,,,,,,,,,,,,,,,,,,,,,,,,,,,,30329,0.0005641788593493402
,,,43,,,,,,,,,,,,,,,,,,,,,,,,,,,,,30339,0.000814923900179565
,,,43,,,,,,,,,,,,,,,,,,,,,,,,,,,,,30349,0.0013721827417612076
,,,43,,,,,,,,,,,,,,,,,,,,,,,,,,,,,30359,0.5485152006149292
,,,43,,,,,,,,,,,,,,,,,,,,,,,,,,,,,30369,0.0014352661091834307
,,,43,,,,,,,,,,,,,,,,,,,,,,,,,,,,,30379,0.0012607662938535213
,,,43,,,,,,,,,,,,,,,,,,,,,,,,,,,,,30389,0.0014797486364841461
,,,43,,,,,,,,,,,,,,,,,,,,,,,,,,,,,30399,0.0009388268808834255
,,,43,,,,,,,,,,,,,,,,,,,,,,,,,,,,,30409,0.0009625780512578785
,,,43,,,,,,,,,,,,,,,,,,,,,,,,,,,,,30419,0.0027847590390592813
,,,43,,,,,,,,,,,,,,,,,,,,,,,,,,,,,30429,0.000950970861595124
,,,43,,,,,,,,,,,,,,,,,,,,,,,,,,,,,30439,0.0007490548305213451
,,,43,,,,,,,,,,,,,,,,,,,,,,,,,,,,,30449,0.04100959375500679
,,,43,,,,,,,,,,,,,,,,,,,,,,,,,,,,,30459,0.21959686279296875
,,,43,,,,,,,,,,,,,,,,,,,,,,,,,,,,,30469,0.0006644945242442191
,,,43,,,,,,,,,,,,,,,,,,,,,,,,,,,,,30479,0.007130262441933155
,,,43,,,,,,,,,,,,,,,,,,,,,,,,,,,,,30489,0.001203256077133119
,,,43,,,,,,,,,,,,,,,,,,,,,,,,,,,,,30499,0.0017591267824172974
,,,43,,,,,,,,,,,,,,,,,,,,,,,,,,,,,30509,0.0008436975185759366
,,,43,,,,,,,,,,,,,,,,,,,,,,,,,,,,,30519,0.0015539120649918914
,,,43,,,,,,,,,,,,,,,,,,,,,,,,,,,,,30529,0.0006328151794150472
,,,43,,,,,,,,,,,,,,,,,,,,,,,,,,,,,30539,0.0007237166864797473
,,,43,,,,,,,,,,,,,,,,,,,,,,,,,,,,,30549,0.0012728653382509947
,,,43,,,,,,,,,,,,,,,,,,,,,,,,,,,,,30559,0.0010569902369752526
,,,43,,,,,,,,,,,,,,,,,,,,,,,,,,,,,30569,0.0010323601309210062
,,,43,,,,,,,,,,,,,,,,,,,,,,,,,,,,,30579,0.002637305064126849
,,,43,,,,,,,,,,,,,,,,,,,,,,,,,,,,,30589,0.000790234247688204
,,,43,,,,,,,,,,,,,,,,,,,,,,,,,,,,,30599,0.001560901291668415
,,,43,,,,,,,,,,,,,,,,,,,,,,,,,,,,,30609,0.0011657718569040298
,,,43,,,,,,,,,,,,,,,,,,,,,,,,,,,,,30619,0.0011779218912124634
,,,43,,,,,,,,,,,,,,,,,,,,,,,,,,,,,30629,0.0015615001320838928
,,,43,,,,,,,,,,,,,,,,,,,,,,,,,,,,,30639,0.0010573923354968429
,,,43,,,,,,,,,,,,,,,,,,,,,,,,,,,,,30649,0.002762195188552141
,,,43,,,,,,,,,,,,,,,,,,,,,,,,,,,,,30659,0.0006424733437597752
,,,43,,,,,,,,,,,,,,,,,,,,,,,,,,,,,30669,0.0007770878728479147
,,,43,,,,,,,,,,,,,,,,,,,,,,,,,,,,,30679,0.0007896609604358673
,,,43,,,,,,,,,,,,,,,,,,,,,,,,,,,,,30689,0.00095799018163234
,,,43,,,,,,,,,,,,,,,,,,,,,,,,,,,,,30699,0.0006826227763667703
,,,43,,,,,,,,,,,,,,,,,,,,,,,,,,,,,30709,0.0038742765318602324
,,,43,,,,,,,,,,,,,,,,,,,,,,,,,,,,,30719,0.0004043940862175077
,,,43,,,,,,,,,,,,,,,,,,,,,,,,,,,,,30729,0.0012429188936948776
,,,43,,,,,,,,,,,,,,,,,,,,,,,,,,,,,30739,0.13890792429447174
,,,43,,,,,,,,,,,,,,,,,,,,,,,,,,,,,30749,0.0009018005803227425
,,,43,,,,,,,,,,,,,,,,,,,,,,,,,,,,,30759,0.0009860906284302473
,,,43,,,,,,,,,,,,,,,,,,,,,,,,,,,,,30769,0.0005696654552593827
,,,43,,,,,,,,,,,,,,,,,,,,,,,,,,,,,30779,0.0009521838510408998
,,,43,,,,,,,,,,,,,,,,,,,,,,,,,,,,,30789,0.0008512323838658631
,,,43,,,,,,,,,,,,,,,,,,,,,,,,,,,,,30799,0.0015597244491800666
,,,43,,,,,,,,,,,,,,,,,,,,,,,,,,,,,30809,0.001962335081771016
,,,43,,,,,,,,,,,,,,,,,,,,,,,,,,,,,30819,0.0010440027108415961
,,,43,,,,,,,,,,,,,,,,,,,,,,,,,,,,,30829,0.002791840583086014
,,,43,,,,,,,,,,,,,,,,,,,,,,,,,,,,,30839,0.0021893035154789686
,,,,2.4587711023777133e-08,1.3774145736509018e-07,2.1190993440783103e-07,2.1190993440783103e-07,3.2601528370435543e-07,3.2601528370435543e-07,5.015619749297775e-07,5.015619749297775e-07,7.716338075842731e-07,7.716338075842731e-07,1.1871289347450355e-06,2.4587711023777133e-08,1.1871289347450355e-06,1.8263522073000546e-06,1.8263522073000546e-06,2.8097726266154687e-06,2.8097726266154687e-06,4.322727117869951e-06,4.322727117869951e-06,4.322727117869951e-06,4.322727117869951e-06,3.7827247728887886e-08,3.7827247728887886e-08,5.81957657367506e-08,5.81957657367506e-08,8.953194728730862e-08,8.953194728730862e-08,1.3774145736509018e-07,30844,
,,,44,,,,,,,,,,,,,,,,,,,,,,,,,,,,,30849,0.0009843610459938645
,,,44,,,,,,,,,,,,,,,,,,,,,,,,,,,,,30859,0.0013979609357193112
,,,44,,,,,,,,,,,,,,,,,,,,,,,,,,,,,30869,0.0008231456158682704
,,,44,,,,,,,,,,,,,,,,,,,,,,,,,,,,,30879,0.0017410690197721124
,,,44,,,,,,,,,,,,,,,,,,,,,,,,,,,,,30889,0.0010594712803140283
,,,44,,,,,,,,,,,,,,,,,,,,,,,,,,,,,30899,0.0012278815265744925
,,,44,,,,,,,,,,,,,,,,,,,,,,,,,,,,,30909,0.0012018083361908793
,,,44,,,,,,,,,,,,,,,,,,,,,,,,,,,,,30919,0.0008607277413830161
,,,44,,,,,,,,,,,,,,,,,,,,,,,,,,,,,30929,0.5730732083320618
,,,44,,,,,,,,,,,,,,,,,,,,,,,,,,,,,30939,0.0006503913318738341
,,,44,,,,,,,,,,,,,,,,,,,,,,,,,,,,,30949,0.0023194404784590006
,,,44,,,,,,,,,,,,,,,,,,,,,,,,,,,,,30959,0.0012234762543812394
,,,44,,,,,,,,,,,,,,,,,,,,,,,,,,,,,30969,0.0021200552582740784
,,,44,,,,,,,,,,,,,,,,,,,,,,,,,,,,,30979,0.0009794736979529262
,,,44,,,,,,,,,,,,,,,,,,,,,,,,,,,,,30989,0.00045764530659653246
,,,44,,,,,,,,,,,,,,,,,,,,,,,,,,,,,30999,0.0006190697895362973
,,,44,,,,,,,,,,,,,,,,,,,,,,,,,,,,,31009,0.8393638134002686
,,,44,,,,,,,,,,,,,,,,,,,,,,,,,,,,,31019,0.0007801135070621967
,,,44,,,,,,,,,,,,,,,,,,,,,,,,,,,,,31029,0.001920128706842661
,,,44,,,,,,,,,,,,,,,,,,,,,,,,,,,,,31039,0.004716399125754833
,,,44,,,,,,,,,,,,,,,,,,,,,,,,,,,,,31049,0.0008053338970057666
,,,44,,,,,,,,,,,,,,,,,,,,,,,,,,,,,31059,0.0019303153967484832
,,,44,,,,,,,,,,,,,,,,,,,,,,,,,,,,,31069,0.001740583567880094
,,,44,,,,,,,,,,,,,,,,,,,,,,,,,,,,,31079,0.0014467239379882812
,,,44,,,,,,,,,,,,,,,,,,,,,,,,,,,,,31089,0.46505939960479736
,,,44,,,,,,,,,,,,,,,,,,,,,,,,,,,,,31099,0.0014236203860491514
,,,44,,,,,,,,,,,,,,,,,,,,,,,,,,,,,31109,0.0025323103182017803
,,,44,,,,,,,,,,,,,,,,,,,,,,,,,,,,,31119,0.14412306249141693
,,,44,,,,,,,,,,,,,,,,,,,,,,,,,,,,,31129,0.0003930464736185968
,,,44,,,,,,,,,,,,,,,,,,,,,,,,,,,,,31139,0.000774282671045512
,,,44,,,,,,,,,,,,,,,,,,,,,,,,,,,,,31149,0.00033730248105712235
,,,44,,,,,,,,,,,,,,,,,,,,,,,,,,,,,31159,0.02039611153304577
,,,44,,,,,,,,,,,,,,,,,,,,,,,,,,,,,31169,0.018372047692537308
,,,44,,,,,,,,,,,,,,,,,,,,,,,,,,,,,31179,0.0015235098544508219
,,,44,,,,,,,,,,,,,,,,,,,,,,,,,,,,,31189,0.008309902623295784
,,,44,,,,,,,,,,,,,,,,,,,,,,,,,,,,,31199,0.009494198486208916
,,,44,,,,,,,,,,,,,,,,,,,,,,,,,,,,,31209,0.005916300229728222
,,,44,,,,,,,,,,,,,,,,,,,,,,,,,,,,,31219,0.43840235471725464
,,,44,,,,,,,,,,,,,,,,,,,,,,,,,,,,,31229,0.10302895307540894
,,,44,,,,,,,,,,,,,,,,,,,,,,,,,,,,,31239,0.001189357484690845
,,,44,,,,,,,,,,,,,,,,,,,,,,,,,,,,,31249,0.001479251659475267
,,,44,,,,,,,,,,,,,,,,,,,,,,,,,,,,,31259,0.0004587393195834011
,,,44,,,,,,,,,,,,,,,,,,,,,,,,,,,,,31269,0.007061989977955818
,,,44,,,,,,,,,,,,,,,,,,,,,,,,,,,,,31279,0.002452441491186619
,,,44,,,,,,,,,,,,,,,,,,,,,,,,,,,,,31289,0.0006535289576277137
,,,44,,,,,,,,,,,,,,,,,,,,,,,,,,,,,31299,0.0008644498302601278
,,,44,,,,,,,,,,,,,,,,,,,,,,,,,,,,,31309,0.002132014837116003
,,,44,,,,,,,,,,,,,,,,,,,,,,,,,,,,,31319,0.0015430357307195663
,,,44,,,,,,,,,,,,,,,,,,,,,,,,,,,,,31329,0.06256861984729767
,,,44,,,,,,,,,,,,,,,,,,,,,,,,,,,,,31339,0.0005013465415686369
,,,44,,,,,,,,,,,,,,,,,,,,,,,,,,,,,31349,0.0009622909128665924
,,,44,,,,,,,,,,,,,,,,,,,,,,,,,,,,,31359,0.004975836258381605
,,,44,,,,,,,,,,,,,,,,,,,,,,,,,,,,,31369,0.002339271130040288
,,,44,,,,,,,,,,,,,,,,,,,,,,,,,,,,,31379,0.01413057278841734
,,,44,,,,,,,,,,,,,,,,,,,,,,,,,,,,,31389,0.0007412456907331944
,,,44,,,,,,,,,,,,,,,,,,,,,,,,,,,,,31399,0.0011414315085858107
,,,44,,,,,,,,,,,,,,,,,,,,,,,,,,,,,31409,0.0013096798211336136
,,,44,,,,,,,,,,,,,,,,,,,,,,,,,,,,,31419,0.0007911670836620033
,,,44,,,,,,,,,,,,,,,,,,,,,,,,,,,,,31429,0.0015499776927754283
,,,44,,,,,,,,,,,,,,,,,,,,,,,,,,,,,31439,0.0012225861428305507
,,,44,,,,,,,,,,,,,,,,,,,,,,,,,,,,,31449,0.051173947751522064
,,,44,,,,,,,,,,,,,,,,,,,,,,,,,,,,,31459,0.002612343756482005
,,,44,,,,,,,,,,,,,,,,,,,,,,,,,,,,,31469,0.0012991080293431878
,,,44,,,,,,,,,,,,,,,,,,,,,,,,,,,,,31479,0.0008138407138176262
,,,44,,,,,,,,,,,,,,,,,,,,,,,,,,,,,31489,0.0005918591632507741
,,,44,,,,,,,,,,,,,,,,,,,,,,,,,,,,,31499,0.002581105101853609
,,,44,,,,,,,,,,,,,,,,,,,,,,,,,,,,,31509,0.0024391980841755867
,,,44,,,,,,,,,,,,,,,,,,,,,,,,,,,,,31519,0.0017697896109893918
,,,44,,,,,,,,,,,,,,,,,,,,,,,,,,,,,31529,0.000664351275190711
,,,44,,,,,,,,,,,,,,,,,,,,,,,,,,,,,31539,0.008936245925724506
0.8730800151824951,0.8809135556221008,0.8653846383094788,44,,,,,,,,,,,,,,,,,,,,,,,,,,,,,31544,
