dev_f1,dev_precision,dev_recall,epoch,lr-AdamW/pg1,lr-AdamW/pg10,lr-AdamW/pg11,lr-AdamW/pg12,lr-AdamW/pg13,lr-AdamW/pg14,lr-AdamW/pg15,lr-AdamW/pg16,lr-AdamW/pg17,lr-AdamW/pg18,lr-AdamW/pg19,lr-AdamW/pg2,lr-AdamW/pg20,lr-AdamW/pg21,lr-AdamW/pg22,lr-AdamW/pg23,lr-AdamW/pg24,lr-AdamW/pg25,lr-AdamW/pg26,lr-AdamW/pg27,lr-AdamW/pg28,lr-AdamW/pg3,lr-AdamW/pg4,lr-AdamW/pg5,lr-AdamW/pg6,lr-AdamW/pg7,lr-AdamW/pg8,lr-AdamW/pg9,step,train_loss
,,,20,,,,,,,,,,,,,,,,,,,,,,,,,,,,,67859,0.009084324352443218
,,,20,,,,,,,,,,,,,,,,,,,,,,,,,,,,,67869,0.22309169173240662
,,,20,,,,,,,,,,,,,,,,,,,,,,,,,,,,,67879,0.03784319758415222
,,,20,,,,,,,,,,,,,,,,,,,,,,,,,,,,,67889,0.006996917072683573
,,,20,,,,,,,,,,,,,,,,,,,,,,,,,,,,,67899,0.4449648857116699
,,,20,,,,,,,,,,,,,,,,,,,,,,,,,,,,,67909,0.6076449751853943
,,,20,,,,,,,,,,,,,,,,,,,,,,,,,,,,,67919,0.4814688265323639
,,,20,,,,,,,,,,,,,,,,,,,,,,,,,,,,,67929,0.09806536138057709
,,,20,,,,,,,,,,,,,,,,,,,,,,,,,,,,,67939,0.03710193559527397
,,,20,,,,,,,,,,,,,,,,,,,,,,,,,,,,,67949,0.49454230070114136
,,,20,,,,,,,,,,,,,,,,,,,,,,,,,,,,,67959,0.3000357449054718
,,,20,,,,,,,,,,,,,,,,,,,,,,,,,,,,,67969,0.021463951095938683
,,,20,,,,,,,,,,,,,,,,,,,,,,,,,,,,,67979,0.27305716276168823
,,,20,,,,,,,,,,,,,,,,,,,,,,,,,,,,,67989,0.7268477082252502
,,,20,,,,,,,,,,,,,,,,,,,,,,,,,,,,,67999,0.02356310375034809
,,,20,,,,,,,,,,,,,,,,,,,,,,,,,,,,,68009,0.08221839368343353
,,,20,,,,,,,,,,,,,,,,,,,,,,,,,,,,,68019,0.009048166684806347
,,,20,,,,,,,,,,,,,,,,,,,,,,,,,,,,,68029,0.43124398589134216
,,,20,,,,,,,,,,,,,,,,,,,,,,,,,,,,,68039,0.2011837661266327
,,,20,,,,,,,,,,,,,,,,,,,,,,,,,,,,,68049,0.44905105233192444
,,,20,,,,,,,,,,,,,,,,,,,,,,,,,,,,,68059,0.024180952459573746
,,,20,,,,,,,,,,,,,,,,,,,,,,,,,,,,,68069,0.827678382396698
,,,20,,,,,,,,,,,,,,,,,,,,,,,,,,,,,68079,0.15422600507736206
,,,20,,,,,,,,,,,,,,,,,,,,,,,,,,,,,68089,0.21893705427646637
,,,20,,,,,,,,,,,,,,,,,,,,,,,,,,,,,68099,0.05513568967580795
,,,20,,,,,,,,,,,,,,,,,,,,,,,,,,,,,68109,0.14761106669902802
,,,20,,,,,,,,,,,,,,,,,,,,,,,,,,,,,68119,0.46362563967704773
,,,20,,,,,,,,,,,,,,,,,,,,,,,,,,,,,68129,0.6934070587158203
,,,20,,,,,,,,,,,,,,,,,,,,,,,,,,,,,68139,0.013201890513300896
,,,20,,,,,,,,,,,,,,,,,,,,,,,,,,,,,68149,0.7797109484672546
,,,20,,,,,,,,,,,,,,,,,,,,,,,,,,,,,68159,0.6169859170913696
,,,20,,,,,,,,,,,,,,,,,,,,,,,,,,,,,68169,0.4271819591522217
,,,20,,,,,,,,,,,,,,,,,,,,,,,,,,,,,68179,0.4194490909576416
,,,20,,,,,,,,,,,,,,,,,,,,,,,,,,,,,68189,0.1410984992980957
,,,20,,,,,,,,,,,,,,,,,,,,,,,,,,,,,68199,1.4476323127746582
,,,20,,,,,,,,,,,,,,,,,,,,,,,,,,,,,68209,0.019598543643951416
,,,20,,,,,,,,,,,,,,,,,,,,,,,,,,,,,68219,0.04244374856352806
,,,20,,,,,,,,,,,,,,,,,,,,,,,,,,,,,68229,0.5373309254646301
,,,20,,,,,,,,,,,,,,,,,,,,,,,,,,,,,68239,0.6067055463790894
,,,20,,,,,,,,,,,,,,,,,,,,,,,,,,,,,68249,0.19402769207954407
,,,20,,,,,,,,,,,,,,,,,,,,,,,,,,,,,68259,0.011287077330052853
,,,20,,,,,,,,,,,,,,,,,,,,,,,,,,,,,68269,0.016075855121016502
,,,20,,,,,,,,,,,,,,,,,,,,,,,,,,,,,68279,0.2373528778553009
,,,20,,,,,,,,,,,,,,,,,,,,,,,,,,,,,68289,0.23425979912281036
,,,20,,,,,,,,,,,,,,,,,,,,,,,,,,,,,68299,0.0571756586432457
,,,20,,,,,,,,,,,,,,,,,,,,,,,,,,,,,68309,1.0646708011627197
,,,20,,,,,,,,,,,,,,,,,,,,,,,,,,,,,68319,0.07084041088819504
,,,20,,,,,,,,,,,,,,,,,,,,,,,,,,,,,68329,0.09941855818033218
,,,20,,,,,,,,,,,,,,,,,,,,,,,,,,,,,68339,0.47267934679985046
,,,20,,,,,,,,,,,,,,,,,,,,,,,,,,,,,68349,0.007696778979152441
,,,20,,,,,,,,,,,,,,,,,,,,,,,,,,,,,68359,0.27836546301841736
,,,20,,,,,,,,,,,,,,,,,,,,,,,,,,,,,68369,0.5727344155311584
,,,20,,,,,,,,,,,,,,,,,,,,,,,,,,,,,68379,0.7898147702217102
,,,20,,,,,,,,,,,,,,,,,,,,,,,,,,,,,68389,0.1495501697063446
,,,20,,,,,,,,,,,,,,,,,,,,,,,,,,,,,68399,0.07896360754966736
,,,20,,,,,,,,,,,,,,,,,,,,,,,,,,,,,68409,0.039047665894031525
,,,20,,,,,,,,,,,,,,,,,,,,,,,,,,,,,68419,0.36494308710098267
,,,20,,,,,,,,,,,,,,,,,,,,,,,,,,,,,68429,0.21402330696582794
,,,20,,,,,,,,,,,,,,,,,,,,,,,,,,,,,68439,0.04342292994260788
,,,20,,,,,,,,,,,,,,,,,,,,,,,,,,,,,68449,0.017407499253749847
,,,20,,,,,,,,,,,,,,,,,,,,,,,,,,,,,68459,0.17656120657920837
,,,20,,,,,,,,,,,,,,,,,,,,,,,,,,,,,68469,0.023088553920388222
,,,20,,,,,,,,,,,,,,,,,,,,,,,,,,,,,68479,0.01651795394718647
,,,20,,,,,,,,,,,,,,,,,,,,,,,,,,,,,68489,0.5765995383262634
,,,20,,,,,,,,,,,,,,,,,,,,,,,,,,,,,68499,0.33103975653648376
,,,20,,,,,,,,,,,,,,,,,,,,,,,,,,,,,68509,0.2058623731136322
,,,20,,,,,,,,,,,,,,,,,,,,,,,,,,,,,68519,0.09947946667671204
,,,20,,,,,,,,,,,,,,,,,,,,,,,,,,,,,68529,0.38196197152137756
,,,20,,,,,,,,,,,,,,,,,,,,,,,,,,,,,68539,0.46410661935806274
,,,20,,,,,,,,,,,,,,,,,,,,,,,,,,,,,68549,0.17948855459690094
,,,20,,,,,,,,,,,,,,,,,,,,,,,,,,,,,68559,0.5209770202636719
,,,20,,,,,,,,,,,,,,,,,,,,,,,,,,,,,68569,0.08295546472072601
,,,20,,,,,,,,,,,,,,,,,,,,,,,,,,,,,68579,0.05182935297489166
,,,20,,,,,,,,,,,,,,,,,,,,,,,,,,,,,68589,0.2297697514295578
,,,20,,,,,,,,,,,,,,,,,,,,,,,,,,,,,68599,0.022874709218740463
,,,20,,,,,,,,,,,,,,,,,,,,,,,,,,,,,68609,0.4494168162345886
,,,20,,,,,,,,,,,,,,,,,,,,,,,,,,,,,68619,0.05459241569042206
,,,20,,,,,,,,,,,,,,,,,,,,,,,,,,,,,68629,0.303605854511261
,,,20,,,,,,,,,,,,,,,,,,,,,,,,,,,,,68639,0.1978762149810791
,,,20,,,,,,,,,,,,,,,,,,,,,,,,,,,,,68649,0.029139524325728416
,,,20,,,,,,,,,,,,,,,,,,,,,,,,,,,,,68659,1.5407942533493042
,,,20,,,,,,,,,,,,,,,,,,,,,,,,,,,,,68669,0.042904436588287354
,,,20,,,,,,,,,,,,,,,,,,,,,,,,,,,,,68679,0.17199213802814484
,,,20,,,,,,,,,,,,,,,,,,,,,,,,,,,,,68689,0.027110064402222633
,,,20,,,,,,,,,,,,,,,,,,,,,,,,,,,,,68699,0.0379985049366951
,,,20,,,,,,,,,,,,,,,,,,,,,,,,,,,,,68709,0.12055478245019913
,,,20,,,,,,,,,,,,,,,,,,,,,,,,,,,,,68719,0.016509782522916794
,,,20,,,,,,,,,,,,,,,,,,,,,,,,,,,,,68729,0.03813571855425835
,,,20,,,,,,,,,,,,,,,,,,,,,,,,,,,,,68739,0.07925263047218323
,,,20,,,,,,,,,,,,,,,,,,,,,,,,,,,,,68749,0.194113627076149
,,,20,,,,,,,,,,,,,,,,,,,,,,,,,,,,,68759,0.2973114550113678
,,,20,,,,,,,,,,,,,,,,,,,,,,,,,,,,,68769,0.3870188891887665
,,,20,,,,,,,,,,,,,,,,,,,,,,,,,,,,,68779,0.1543385237455368
,,,20,,,,,,,,,,,,,,,,,,,,,,,,,,,,,68789,0.8499459028244019
,,,20,,,,,,,,,,,,,,,,,,,,,,,,,,,,,68799,0.06303110718727112
,,,20,,,,,,,,,,,,,,,,,,,,,,,,,,,,,68809,0.5052402019500732
,,,20,,,,,,,,,,,,,,,,,,,,,,,,,,,,,68819,0.039477404206991196
,,,20,,,,,,,,,,,,,,,,,,,,,,,,,,,,,68829,0.03729673847556114
,,,20,,,,,,,,,,,,,,,,,,,,,,,,,,,,,68839,0.35460561513900757
,,,20,,,,,,,,,,,,,,,,,,,,,,,,,,,,,68849,0.683989405632019
,,,20,,,,,,,,,,,,,,,,,,,,,,,,,,,,,68859,0.09486314654350281
,,,20,,,,,,,,,,,,,,,,,,,,,,,,,,,,,68869,0.1409212350845337
,,,20,,,,,,,,,,,,,,,,,,,,,,,,,,,,,68879,0.30783209204673767
,,,20,,,,,,,,,,,,,,,,,,,,,,,,,,,,,68889,0.24735002219676971
,,,20,,,,,,,,,,,,,,,,,,,,,,,,,,,,,68899,0.1646503210067749
,,,20,,,,,,,,,,,,,,,,,,,,,,,,,,,,,68909,0.023335667327046394
,,,20,,,,,,,,,,,,,,,,,,,,,,,,,,,,,68919,0.07959187030792236
,,,20,,,,,,,,,,,,,,,,,,,,,,,,,,,,,68929,0.6203916668891907
,,,20,,,,,,,,,,,,,,,,,,,,,,,,,,,,,68939,0.16010527312755585
,,,20,,,,,,,,,,,,,,,,,,,,,,,,,,,,,68949,0.07631238549947739
,,,20,,,,,,,,,,,,,,,,,,,,,,,,,,,,,68959,0.023232292383909225
,,,20,,,,,,,,,,,,,,,,,,,,,,,,,,,,,68969,0.5625314712524414
,,,20,,,,,,,,,,,,,,,,,,,,,,,,,,,,,68979,0.7571304440498352
,,,20,,,,,,,,,,,,,,,,,,,,,,,,,,,,,68989,0.11687467992305756
,,,20,,,,,,,,,,,,,,,,,,,,,,,,,,,,,68999,0.2751236855983734
,,,20,,,,,,,,,,,,,,,,,,,,,,,,,,,,,69009,0.6206786632537842
,,,20,,,,,,,,,,,,,,,,,,,,,,,,,,,,,69019,0.27294713258743286
,,,20,,,,,,,,,,,,,,,,,,,,,,,,,,,,,69029,0.05354928597807884
,,,20,,,,,,,,,,,,,,,,,,,,,,,,,,,,,69039,0.3972424864768982
,,,20,,,,,,,,,,,,,,,,,,,,,,,,,,,,,69049,0.12923738360404968
,,,20,,,,,,,,,,,,,,,,,,,,,,,,,,,,,69059,0.0834774523973465
,,,20,,,,,,,,,,,,,,,,,,,,,,,,,,,,,69069,0.12104979157447815
,,,20,,,,,,,,,,,,,,,,,,,,,,,,,,,,,69079,0.10413782298564911
,,,20,,,,,,,,,,,,,,,,,,,,,,,,,,,,,69089,0.0753326565027237
,,,20,,,,,,,,,,,,,,,,,,,,,,,,,,,,,69099,0.3522895872592926
,,,20,,,,,,,,,,,,,,,,,,,,,,,,,,,,,69109,0.11783076077699661
,,,20,,,,,,,,,,,,,,,,,,,,,,,,,,,,,69119,0.31721511483192444
,,,20,,,,,,,,,,,,,,,,,,,,,,,,,,,,,69129,0.02296784706413746
,,,20,,,,,,,,,,,,,,,,,,,,,,,,,,,,,69139,0.09767758101224899
,,,20,,,,,,,,,,,,,,,,,,,,,,,,,,,,,69149,0.37544870376586914
,,,20,,,,,,,,,,,,,,,,,,,,,,,,,,,,,69159,0.2056325376033783
,,,20,,,,,,,,,,,,,,,,,,,,,,,,,,,,,69169,0.5483924150466919
,,,20,,,,,,,,,,,,,,,,,,,,,,,,,,,,,69179,0.014791268855333328
,,,20,,,,,,,,,,,,,,,,,,,,,,,,,,,,,69189,0.5849116444587708
,,,20,,,,,,,,,,,,,,,,,,,,,,,,,,,,,69199,0.19790814816951752
,,,20,,,,,,,,,,,,,,,,,,,,,,,,,,,,,69209,0.05135778337717056
,,,20,,,,,,,,,,,,,,,,,,,,,,,,,,,,,69219,0.17721162736415863
,,,20,,,,,,,,,,,,,,,,,,,,,,,,,,,,,69229,0.05630035325884819
,,,20,,,,,,,,,,,,,,,,,,,,,,,,,,,,,69239,0.03980186581611633
,,,20,,,,,,,,,,,,,,,,,,,,,,,,,,,,,69249,0.3209594488143921
,,,20,,,,,,,,,,,,,,,,,,,,,,,,,,,,,69259,0.8313523530960083
,,,20,,,,,,,,,,,,,,,,,,,,,,,,,,,,,69269,0.03359231725335121
,,,20,,,,,,,,,,,,,,,,,,,,,,,,,,,,,69279,0.35611286759376526
,,,20,,,,,,,,,,,,,,,,,,,,,,,,,,,,,69289,0.7118284702301025
,,,20,,,,,,,,,,,,,,,,,,,,,,,,,,,,,69299,0.015601830556988716
,,,20,,,,,,,,,,,,,,,,,,,,,,,,,,,,,69309,0.041221506893634796
,,,20,,,,,,,,,,,,,,,,,,,,,,,,,,,,,69319,0.08308828622102737
,,,20,,,,,,,,,,,,,,,,,,,,,,,,,,,,,69329,0.008943242020905018
,,,20,,,,,,,,,,,,,,,,,,,,,,,,,,,,,69339,0.21602733433246613
,,,20,,,,,,,,,,,,,,,,,,,,,,,,,,,,,69349,0.01458671409636736
,,,20,,,,,,,,,,,,,,,,,,,,,,,,,,,,,69359,0.23425279557704926
,,,20,,,,,,,,,,,,,,,,,,,,,,,,,,,,,69369,0.9031111598014832
,,,20,,,,,,,,,,,,,,,,,,,,,,,,,,,,,69379,0.01800362765789032
,,,20,,,,,,,,,,,,,,,,,,,,,,,,,,,,,69389,0.03864109516143799
,,,20,,,,,,,,,,,,,,,,,,,,,,,,,,,,,69399,0.013257523998618126
,,,20,,,,,,,,,,,,,,,,,,,,,,,,,,,,,69409,0.06160060316324234
,,,20,,,,,,,,,,,,,,,,,,,,,,,,,,,,,69419,0.2847103476524353
,,,20,,,,,,,,,,,,,,,,,,,,,,,,,,,,,69429,0.020799508318305016
,,,20,,,,,,,,,,,,,,,,,,,,,,,,,,,,,69439,0.03061613254249096
,,,20,,,,,,,,,,,,,,,,,,,,,,,,,,,,,69449,0.533203125
,,,20,,,,,,,,,,,,,,,,,,,,,,,,,,,,,69459,0.11457674950361252
,,,20,,,,,,,,,,,,,,,,,,,,,,,,,,,,,69469,0.20565001666545868
,,,20,,,,,,,,,,,,,,,,,,,,,,,,,,,,,69479,0.01756334863603115
,,,20,,,,,,,,,,,,,,,,,,,,,,,,,,,,,69489,0.06051543727517128
,,,20,,,,,,,,,,,,,,,,,,,,,,,,,,,,,69499,0.024031292647123337
,,,20,,,,,,,,,,,,,,,,,,,,,,,,,,,,,69509,0.0374162383377552
,,,,4.090734059523017e-07,2.2916475246793973e-06,3.5256115764298415e-06,3.5256115764298415e-06,5.4240178098920635e-06,5.4240178098920635e-06,8.344642784449328e-06,8.344642784449328e-06,1.283791197607589e-05,1.283791197607589e-05,1.975063380934752e-05,4.090734059523017e-07,1.975063380934752e-05,3.0385590475919263e-05,3.0385590475919263e-05,4.674706227064502e-05,4.674706227064502e-05,7.191855733945387e-05,7.191855733945387e-05,7.191855733945387e-05,7.191855733945387e-05,6.293437014650794e-07,6.293437014650794e-07,9.682210791770454e-07,9.682210791770454e-07,1.4895708910416082e-06,1.4895708910416082e-06,2.2916475246793973e-06,69511,
,,,21,,,,,,,,,,,,,,,,,,,,,,,,,,,,,69519,0.0074904561042785645
,,,21,,,,,,,,,,,,,,,,,,,,,,,,,,,,,69529,0.07029567658901215
,,,21,,,,,,,,,,,,,,,,,,,,,,,,,,,,,69539,0.06219397112727165
,,,21,,,,,,,,,,,,,,,,,,,,,,,,,,,,,69549,0.4750988781452179
,,,21,,,,,,,,,,,,,,,,,,,,,,,,,,,,,69559,0.3392702341079712
,,,21,,,,,,,,,,,,,,,,,,,,,,,,,,,,,69569,0.102366141974926
,,,21,,,,,,,,,,,,,,,,,,,,,,,,,,,,,69579,0.16973628103733063
,,,21,,,,,,,,,,,,,,,,,,,,,,,,,,,,,69589,0.20315128564834595
,,,21,,,,,,,,,,,,,,,,,,,,,,,,,,,,,69599,0.11908157169818878
,,,21,,,,,,,,,,,,,,,,,,,,,,,,,,,,,69609,0.3691852390766144
,,,21,,,,,,,,,,,,,,,,,,,,,,,,,,,,,69619,0.04678746685385704
,,,21,,,,,,,,,,,,,,,,,,,,,,,,,,,,,69629,0.05810382217168808
,,,21,,,,,,,,,,,,,,,,,,,,,,,,,,,,,69639,0.1386488378047943
,,,21,,,,,,,,,,,,,,,,,,,,,,,,,,,,,69649,1.0532790422439575
,,,21,,,,,,,,,,,,,,,,,,,,,,,,,,,,,69659,0.03900177404284477
,,,21,,,,,,,,,,,,,,,,,,,,,,,,,,,,,69669,0.28718048334121704
,,,21,,,,,,,,,,,,,,,,,,,,,,,,,,,,,69679,0.1052766963839531
,,,21,,,,,,,,,,,,,,,,,,,,,,,,,,,,,69689,0.2666926383972168
,,,21,,,,,,,,,,,,,,,,,,,,,,,,,,,,,69699,1.1088335514068604
,,,21,,,,,,,,,,,,,,,,,,,,,,,,,,,,,69709,0.039511241018772125
,,,21,,,,,,,,,,,,,,,,,,,,,,,,,,,,,69719,0.11951068788766861
,,,21,,,,,,,,,,,,,,,,,,,,,,,,,,,,,69729,0.400343656539917
,,,21,,,,,,,,,,,,,,,,,,,,,,,,,,,,,69739,0.17300765216350555
,,,21,,,,,,,,,,,,,,,,,,,,,,,,,,,,,69749,0.6112080812454224
,,,21,,,,,,,,,,,,,,,,,,,,,,,,,,,,,69759,0.029054120182991028
,,,21,,,,,,,,,,,,,,,,,,,,,,,,,,,,,69769,0.7451009750366211
,,,21,,,,,,,,,,,,,,,,,,,,,,,,,,,,,69779,0.0594526045024395
,,,21,,,,,,,,,,,,,,,,,,,,,,,,,,,,,69789,0.43766817450523376
,,,21,,,,,,,,,,,,,,,,,,,,,,,,,,,,,69799,0.6125498414039612
,,,21,,,,,,,,,,,,,,,,,,,,,,,,,,,,,69809,0.12216895073652267
,,,21,,,,,,,,,,,,,,,,,,,,,,,,,,,,,69819,0.4454987347126007
,,,21,,,,,,,,,,,,,,,,,,,,,,,,,,,,,69829,0.7860766053199768
,,,21,,,,,,,,,,,,,,,,,,,,,,,,,,,,,69839,0.22187750041484833
,,,21,,,,,,,,,,,,,,,,,,,,,,,,,,,,,69849,0.05631212517619133
,,,21,,,,,,,,,,,,,,,,,,,,,,,,,,,,,69859,0.14738960564136505
,,,21,,,,,,,,,,,,,,,,,,,,,,,,,,,,,69869,0.05983899533748627
,,,21,,,,,,,,,,,,,,,,,,,,,,,,,,,,,69879,0.10209439694881439
,,,21,,,,,,,,,,,,,,,,,,,,,,,,,,,,,69889,0.2803114056587219
,,,21,,,,,,,,,,,,,,,,,,,,,,,,,,,,,69899,0.016273681074380875
,,,21,,,,,,,,,,,,,,,,,,,,,,,,,,,,,69909,0.04053352400660515
,,,21,,,,,,,,,,,,,,,,,,,,,,,,,,,,,69919,0.036897655576467514
,,,21,,,,,,,,,,,,,,,,,,,,,,,,,,,,,69929,0.39451825618743896
,,,21,,,,,,,,,,,,,,,,,,,,,,,,,,,,,69939,0.13991063833236694
,,,21,,,,,,,,,,,,,,,,,,,,,,,,,,,,,69949,0.31032881140708923
,,,21,,,,,,,,,,,,,,,,,,,,,,,,,,,,,69959,0.24807704985141754
,,,21,,,,,,,,,,,,,,,,,,,,,,,,,,,,,69969,0.6695334315299988
,,,21,,,,,,,,,,,,,,,,,,,,,,,,,,,,,69979,0.017024479806423187
,,,21,,,,,,,,,,,,,,,,,,,,,,,,,,,,,69989,0.3922778367996216
,,,21,,,,,,,,,,,,,,,,,,,,,,,,,,,,,69999,0.09956707805395126
,,,21,,,,,,,,,,,,,,,,,,,,,,,,,,,,,70009,0.6613417863845825
,,,21,,,,,,,,,,,,,,,,,,,,,,,,,,,,,70019,1.0978310108184814
,,,21,,,,,,,,,,,,,,,,,,,,,,,,,,,,,70029,0.06965894997119904
,,,21,,,,,,,,,,,,,,,,,,,,,,,,,,,,,70039,0.38653820753097534
,,,21,,,,,,,,,,,,,,,,,,,,,,,,,,,,,70049,0.09362967312335968
,,,21,,,,,,,,,,,,,,,,,,,,,,,,,,,,,70059,0.7754083275794983
,,,21,,,,,,,,,,,,,,,,,,,,,,,,,,,,,70069,0.0710524395108223
,,,21,,,,,,,,,,,,,,,,,,,,,,,,,,,,,70079,0.20859751105308533
,,,21,,,,,,,,,,,,,,,,,,,,,,,,,,,,,70089,0.3954871594905853
,,,21,,,,,,,,,,,,,,,,,,,,,,,,,,,,,70099,0.03241059556603432
,,,21,,,,,,,,,,,,,,,,,,,,,,,,,,,,,70109,0.6084157228469849
,,,21,,,,,,,,,,,,,,,,,,,,,,,,,,,,,70119,0.08909805864095688
,,,21,,,,,,,,,,,,,,,,,,,,,,,,,,,,,70129,0.03573865815997124
,,,21,,,,,,,,,,,,,,,,,,,,,,,,,,,,,70139,0.026811420917510986
,,,21,,,,,,,,,,,,,,,,,,,,,,,,,,,,,70149,0.4359064996242523
,,,21,,,,,,,,,,,,,,,,,,,,,,,,,,,,,70159,0.46361440420150757
,,,21,,,,,,,,,,,,,,,,,,,,,,,,,,,,,70169,0.7244628667831421
,,,21,,,,,,,,,,,,,,,,,,,,,,,,,,,,,70179,0.011668579652905464
,,,21,,,,,,,,,,,,,,,,,,,,,,,,,,,,,70189,0.08185907453298569
,,,21,,,,,,,,,,,,,,,,,,,,,,,,,,,,,70199,0.0709940567612648
,,,21,,,,,,,,,,,,,,,,,,,,,,,,,,,,,70209,0.4506053626537323
,,,21,,,,,,,,,,,,,,,,,,,,,,,,,,,,,70219,0.7643629312515259
,,,21,,,,,,,,,,,,,,,,,,,,,,,,,,,,,70229,0.37142425775527954
,,,21,,,,,,,,,,,,,,,,,,,,,,,,,,,,,70239,0.3385975658893585
,,,21,,,,,,,,,,,,,,,,,,,,,,,,,,,,,70249,0.12574945390224457
,,,21,,,,,,,,,,,,,,,,,,,,,,,,,,,,,70259,0.13789358735084534
,,,21,,,,,,,,,,,,,,,,,,,,,,,,,,,,,70269,0.05346446856856346
,,,21,,,,,,,,,,,,,,,,,,,,,,,,,,,,,70279,0.07537400722503662
,,,21,,,,,,,,,,,,,,,,,,,,,,,,,,,,,70289,0.08988157659769058
,,,21,,,,,,,,,,,,,,,,,,,,,,,,,,,,,70299,0.2508639693260193
,,,21,,,,,,,,,,,,,,,,,,,,,,,,,,,,,70309,0.011243682354688644
,,,21,,,,,,,,,,,,,,,,,,,,,,,,,,,,,70319,0.03132220730185509
,,,21,,,,,,,,,,,,,,,,,,,,,,,,,,,,,70329,0.03341679275035858
,,,21,,,,,,,,,,,,,,,,,,,,,,,,,,,,,70339,0.025855833664536476
,,,21,,,,,,,,,,,,,,,,,,,,,,,,,,,,,70349,0.0054785460233688354
,,,21,,,,,,,,,,,,,,,,,,,,,,,,,,,,,70359,0.002877680351957679
,,,21,,,,,,,,,,,,,,,,,,,,,,,,,,,,,70369,0.6923691630363464
,,,21,,,,,,,,,,,,,,,,,,,,,,,,,,,,,70379,0.6640864014625549
,,,21,,,,,,,,,,,,,,,,,,,,,,,,,,,,,70389,0.36359336972236633
,,,21,,,,,,,,,,,,,,,,,,,,,,,,,,,,,70399,0.024164697155356407
,,,21,,,,,,,,,,,,,,,,,,,,,,,,,,,,,70409,0.4247128367424011
,,,21,,,,,,,,,,,,,,,,,,,,,,,,,,,,,70419,0.059213846921920776
,,,21,,,,,,,,,,,,,,,,,,,,,,,,,,,,,70429,0.015590697526931763
,,,21,,,,,,,,,,,,,,,,,,,,,,,,,,,,,70439,0.19856126606464386
,,,21,,,,,,,,,,,,,,,,,,,,,,,,,,,,,70449,0.37627696990966797
,,,21,,,,,,,,,,,,,,,,,,,,,,,,,,,,,70459,0.010588791221380234
,,,21,,,,,,,,,,,,,,,,,,,,,,,,,,,,,70469,0.047300662845373154
,,,21,,,,,,,,,,,,,,,,,,,,,,,,,,,,,70479,0.2181262969970703
,,,21,,,,,,,,,,,,,,,,,,,,,,,,,,,,,70489,0.06231022626161575
,,,21,,,,,,,,,,,,,,,,,,,,,,,,,,,,,70499,0.7185884118080139
,,,21,,,,,,,,,,,,,,,,,,,,,,,,,,,,,70509,0.22140972316265106
,,,21,,,,,,,,,,,,,,,,,,,,,,,,,,,,,70519,0.9010983109474182
,,,21,,,,,,,,,,,,,,,,,,,,,,,,,,,,,70529,0.03680156543850899
,,,21,,,,,,,,,,,,,,,,,,,,,,,,,,,,,70539,0.19380752742290497
,,,21,,,,,,,,,,,,,,,,,,,,,,,,,,,,,70549,0.028246082365512848
,,,21,,,,,,,,,,,,,,,,,,,,,,,,,,,,,70559,0.055634625256061554
,,,21,,,,,,,,,,,,,,,,,,,,,,,,,,,,,70569,0.01688183844089508
,,,21,,,,,,,,,,,,,,,,,,,,,,,,,,,,,70579,0.016604028642177582
,,,21,,,,,,,,,,,,,,,,,,,,,,,,,,,,,70589,0.043523598462343216
,,,21,,,,,,,,,,,,,,,,,,,,,,,,,,,,,70599,0.13185463845729828
,,,21,,,,,,,,,,,,,,,,,,,,,,,,,,,,,70609,0.12480054050683975
,,,21,,,,,,,,,,,,,,,,,,,,,,,,,,,,,70619,0.21557483077049255
,,,21,,,,,,,,,,,,,,,,,,,,,,,,,,,,,70629,0.15337902307510376
,,,21,,,,,,,,,,,,,,,,,,,,,,,,,,,,,70639,0.5164539217948914
,,,21,,,,,,,,,,,,,,,,,,,,,,,,,,,,,70649,0.9834036827087402
,,,21,,,,,,,,,,,,,,,,,,,,,,,,,,,,,70659,0.10763702541589737
,,,21,,,,,,,,,,,,,,,,,,,,,,,,,,,,,70669,0.07173173129558563
,,,21,,,,,,,,,,,,,,,,,,,,,,,,,,,,,70679,0.012630701996386051
,,,21,,,,,,,,,,,,,,,,,,,,,,,,,,,,,70689,0.30231669545173645
,,,21,,,,,,,,,,,,,,,,,,,,,,,,,,,,,70699,0.05260544642806053
,,,21,,,,,,,,,,,,,,,,,,,,,,,,,,,,,70709,0.15399551391601562
,,,21,,,,,,,,,,,,,,,,,,,,,,,,,,,,,70719,0.09402719885110855
,,,21,,,,,,,,,,,,,,,,,,,,,,,,,,,,,70729,0.0656399130821228
,,,21,,,,,,,,,,,,,,,,,,,,,,,,,,,,,70739,0.3483627736568451
,,,21,,,,,,,,,,,,,,,,,,,,,,,,,,,,,70749,0.5913761258125305
,,,21,,,,,,,,,,,,,,,,,,,,,,,,,,,,,70759,0.029898205772042274
,,,21,,,,,,,,,,,,,,,,,,,,,,,,,,,,,70769,0.45178157091140747
,,,21,,,,,,,,,,,,,,,,,,,,,,,,,,,,,70779,0.050635579973459244
,,,21,,,,,,,,,,,,,,,,,,,,,,,,,,,,,70789,0.03865525871515274
,,,21,,,,,,,,,,,,,,,,,,,,,,,,,,,,,70799,0.013358471915125847
,,,21,,,,,,,,,,,,,,,,,,,,,,,,,,,,,70809,1.4670847654342651
,,,21,,,,,,,,,,,,,,,,,,,,,,,,,,,,,70819,0.03631914407014847
,,,21,,,,,,,,,,,,,,,,,,,,,,,,,,,,,70829,0.22588367760181427
,,,21,,,,,,,,,,,,,,,,,,,,,,,,,,,,,70839,0.0581090934574604
,,,21,,,,,,,,,,,,,,,,,,,,,,,,,,,,,70849,0.018375856801867485
,,,21,,,,,,,,,,,,,,,,,,,,,,,,,,,,,70859,1.1133519411087036
,,,21,,,,,,,,,,,,,,,,,,,,,,,,,,,,,70869,0.03523964062333107
,,,21,,,,,,,,,,,,,,,,,,,,,,,,,,,,,70879,0.05941622704267502
,,,21,,,,,,,,,,,,,,,,,,,,,,,,,,,,,70889,0.10360169410705566
,,,21,,,,,,,,,,,,,,,,,,,,,,,,,,,,,70899,0.2533588707447052
,,,21,,,,,,,,,,,,,,,,,,,,,,,,,,,,,70909,0.33181101083755493
,,,21,,,,,,,,,,,,,,,,,,,,,,,,,,,,,70919,0.4699452817440033
,,,21,,,,,,,,,,,,,,,,,,,,,,,,,,,,,70929,0.23274268209934235
,,,21,,,,,,,,,,,,,,,,,,,,,,,,,,,,,70939,0.18570850789546967
,,,21,,,,,,,,,,,,,,,,,,,,,,,,,,,,,70949,0.31838253140449524
,,,21,,,,,,,,,,,,,,,,,,,,,,,,,,,,,70959,0.02717578038573265
,,,21,,,,,,,,,,,,,,,,,,,,,,,,,,,,,70969,0.1667361557483673
,,,21,,,,,,,,,,,,,,,,,,,,,,,,,,,,,70979,0.22757741808891296
,,,21,,,,,,,,,,,,,,,,,,,,,,,,,,,,,70989,0.21056580543518066
,,,21,,,,,,,,,,,,,,,,,,,,,,,,,,,,,70999,0.02704644575715065
,,,21,,,,,,,,,,,,,,,,,,,,,,,,,,,,,71009,0.03083983063697815
,,,21,,,,,,,,,,,,,,,,,,,,,,,,,,,,,71019,0.024728883057832718
,,,21,,,,,,,,,,,,,,,,,,,,,,,,,,,,,71029,0.18662160634994507
,,,21,,,,,,,,,,,,,,,,,,,,,,,,,,,,,71039,0.008335313759744167
,,,21,,,,,,,,,,,,,,,,,,,,,,,,,,,,,71049,0.16580966114997864
,,,21,,,,,,,,,,,,,,,,,,,,,,,,,,,,,71059,0.09872083365917206
,,,21,,,,,,,,,,,,,,,,,,,,,,,,,,,,,71069,0.059779830276966095
,,,21,,,,,,,,,,,,,,,,,,,,,,,,,,,,,71079,0.20239891111850739
,,,21,,,,,,,,,,,,,,,,,,,,,,,,,,,,,71089,0.25714150071144104
,,,21,,,,,,,,,,,,,,,,,,,,,,,,,,,,,71099,0.006733347661793232
,,,21,,,,,,,,,,,,,,,,,,,,,,,,,,,,,71109,0.015426777303218842
,,,21,,,,,,,,,,,,,,,,,,,,,,,,,,,,,71119,0.11304283142089844
,,,21,,,,,,,,,,,,,,,,,,,,,,,,,,,,,71129,0.6239520907402039
,,,21,,,,,,,,,,,,,,,,,,,,,,,,,,,,,71139,0.5074610114097595
,,,21,,,,,,,,,,,,,,,,,,,,,,,,,,,,,71149,1.1572492122650146
,,,21,,,,,,,,,,,,,,,,,,,,,,,,,,,,,71159,0.030633646994829178
,,,21,,,,,,,,,,,,,,,,,,,,,,,,,,,,,71169,0.07106805592775345
,,,21,,,,,,,,,,,,,,,,,,,,,,,,,,,,,71179,0.0425955206155777
,,,21,,,,,,,,,,,,,,,,,,,,,,,,,,,,,71189,0.4117729365825653
,,,21,,,,,,,,,,,,,,,,,,,,,,,,,,,,,71199,0.35404378175735474
,,,21,,,,,,,,,,,,,,,,,,,,,,,,,,,,,71209,0.07078193128108978
,,,21,,,,,,,,,,,,,,,,,,,,,,,,,,,,,71219,0.02536855824291706
,,,21,,,,,,,,,,,,,,,,,,,,,,,,,,,,,71229,0.07188326120376587
,,,21,,,,,,,,,,,,,,,,,,,,,,,,,,,,,71239,0.45587843656539917
,,,21,,,,,,,,,,,,,,,,,,,,,,,,,,,,,71249,0.08964333683252335
,,,21,,,,,,,,,,,,,,,,,,,,,,,,,,,,,71259,0.7521814107894897
,,,21,,,,,,,,,,,,,,,,,,,,,,,,,,,,,71269,0.4993576407432556
,,,21,,,,,,,,,,,,,,,,,,,,,,,,,,,,,71279,0.3275853991508484
,,,21,,,,,,,,,,,,,,,,,,,,,,,,,,,,,71289,0.020144125446677208
,,,21,,,,,,,,,,,,,,,,,,,,,,,,,,,,,71299,0.06478957086801529
,,,21,,,,,,,,,,,,,,,,,,,,,,,,,,,,,71309,0.014770767651498318
,,,21,,,,,,,,,,,,,,,,,,,,,,,,,,,,,71319,0.09713755548000336
,,,21,,,,,,,,,,,,,,,,,,,,,,,,,,,,,71329,0.8814752697944641
,,,21,,,,,,,,,,,,,,,,,,,,,,,,,,,,,71339,0.11943943053483963
,,,21,,,,,,,,,,,,,,,,,,,,,,,,,,,,,71349,0.16285401582717896
,,,21,,,,,,,,,,,,,,,,,,,,,,,,,,,,,71359,0.2660253643989563
,,,21,,,,,,,,,,,,,,,,,,,,,,,,,,,,,71369,0.5093902349472046
,,,21,,,,,,,,,,,,,,,,,,,,,,,,,,,,,71379,0.2840519845485687
,,,21,,,,,,,,,,,,,,,,,,,,,,,,,,,,,71389,0.42524680495262146
,,,21,,,,,,,,,,,,,,,,,,,,,,,,,,,,,71399,0.1455400437116623
,,,21,,,,,,,,,,,,,,,,,,,,,,,,,,,,,71409,0.015956740826368332
,,,21,,,,,,,,,,,,,,,,,,,,,,,,,,,,,71419,0.2808239758014679
,,,21,,,,,,,,,,,,,,,,,,,,,,,,,,,,,71429,0.12943296134471893
,,,21,,,,,,,,,,,,,,,,,,,,,,,,,,,,,71439,0.032248079776763916
,,,21,,,,,,,,,,,,,,,,,,,,,,,,,,,,,71449,0.17495036125183105
,,,21,,,,,,,,,,,,,,,,,,,,,,,,,,,,,71459,0.4104338586330414
,,,21,,,,,,,,,,,,,,,,,,,,,,,,,,,,,71469,0.46229881048202515
,,,21,,,,,,,,,,,,,,,,,,,,,,,,,,,,,71479,0.32977214455604553
,,,21,,,,,,,,,,,,,,,,,,,,,,,,,,,,,71489,0.7058046460151672
,,,21,,,,,,,,,,,,,,,,,,,,,,,,,,,,,71499,0.018272288143634796
,,,21,,,,,,,,,,,,,,,,,,,,,,,,,,,,,71509,0.15646213293075562
,,,21,,,,,,,,,,,,,,,,,,,,,,,,,,,,,71519,0.010990182869136333
,,,21,,,,,,,,,,,,,,,,,,,,,,,,,,,,,71529,0.08914675563573837
,,,21,,,,,,,,,,,,,,,,,,,,,,,,,,,,,71539,0.3348403871059418
,,,21,,,,,,,,,,,,,,,,,,,,,,,,,,,,,71549,0.023684006184339523
,,,21,,,,,,,,,,,,,,,,,,,,,,,,,,,,,71559,0.06609354168176651
,,,21,,,,,,,,,,,,,,,,,,,,,,,,,,,,,71569,0.07629932463169098
,,,21,,,,,,,,,,,,,,,,,,,,,,,,,,,,,71579,0.8531862497329712
,,,21,,,,,,,,,,,,,,,,,,,,,,,,,,,,,71589,0.03783901035785675
,,,21,,,,,,,,,,,,,,,,,,,,,,,,,,,,,71599,0.0441284105181694
,,,21,,,,,,,,,,,,,,,,,,,,,,,,,,,,,71609,0.08430198580026627
,,,21,,,,,,,,,,,,,,,,,,,,,,,,,,,,,71619,0.08463653177022934
,,,21,,,,,,,,,,,,,,,,,,,,,,,,,,,,,71629,0.0416690967977047
,,,21,,,,,,,,,,,,,,,,,,,,,,,,,,,,,71639,0.017255539074540138
,,,21,,,,,,,,,,,,,,,,,,,,,,,,,,,,,71649,0.21160390973091125
,,,21,,,,,,,,,,,,,,,,,,,,,,,,,,,,,71659,0.24196337163448334
,,,21,,,,,,,,,,,,,,,,,,,,,,,,,,,,,71669,0.029535414651036263
,,,21,,,,,,,,,,,,,,,,,,,,,,,,,,,,,71679,0.21559284627437592
,,,21,,,,,,,,,,,,,,,,,,,,,,,,,,,,,71689,0.06309952586889267
,,,21,,,,,,,,,,,,,,,,,,,,,,,,,,,,,71699,0.2943696975708008
,,,21,,,,,,,,,,,,,,,,,,,,,,,,,,,,,71709,0.03624798730015755
,,,21,,,,,,,,,,,,,,,,,,,,,,,,,,,,,71719,0.05198622867465019
,,,21,,,,,,,,,,,,,,,,,,,,,,,,,,,,,71729,0.24327093362808228
,,,21,,,,,,,,,,,,,,,,,,,,,,,,,,,,,71739,0.10894894599914551
,,,21,,,,,,,,,,,,,,,,,,,,,,,,,,,,,71749,0.2843773663043976
,,,21,,,,,,,,,,,,,,,,,,,,,,,,,,,,,71759,0.08122026920318604
,,,21,,,,,,,,,,,,,,,,,,,,,,,,,,,,,71769,0.1630597561597824
,,,21,,,,,,,,,,,,,,,,,,,,,,,,,,,,,71779,0.12598679959774017
,,,21,,,,,,,,,,,,,,,,,,,,,,,,,,,,,71789,0.08694839477539062
,,,21,,,,,,,,,,,,,,,,,,,,,,,,,,,,,71799,0.02141636051237583
,,,21,,,,,,,,,,,,,,,,,,,,,,,,,,,,,71809,0.33775243163108826
,,,21,,,,,,,,,,,,,,,,,,,,,,,,,,,,,71819,0.1819579154253006
,,,21,,,,,,,,,,,,,,,,,,,,,,,,,,,,,71829,0.05042683333158493
,,,21,,,,,,,,,,,,,,,,,,,,,,,,,,,,,71839,0.005048810504376888
,,,21,,,,,,,,,,,,,,,,,,,,,,,,,,,,,71849,0.2930469214916229
,,,21,,,,,,,,,,,,,,,,,,,,,,,,,,,,,71859,0.08830081671476364
,,,21,,,,,,,,,,,,,,,,,,,,,,,,,,,,,71869,0.0455460362136364
,,,21,,,,,,,,,,,,,,,,,,,,,,,,,,,,,71879,0.0730699971318245
,,,21,,,,,,,,,,,,,,,,,,,,,,,,,,,,,71889,0.12585781514644623
,,,21,,,,,,,,,,,,,,,,,,,,,,,,,,,,,71899,0.10127982497215271
,,,21,,,,,,,,,,,,,,,,,,,,,,,,,,,,,71909,0.5498855710029602
,,,21,,,,,,,,,,,,,,,,,,,,,,,,,,,,,71919,0.08677938580513
,,,21,,,,,,,,,,,,,,,,,,,,,,,,,,,,,71929,0.04697371646761894
,,,21,,,,,,,,,,,,,,,,,,,,,,,,,,,,,71939,0.11571258306503296
,,,21,,,,,,,,,,,,,,,,,,,,,,,,,,,,,71949,0.36485642194747925
,,,21,,,,,,,,,,,,,,,,,,,,,,,,,,,,,71959,1.6030604839324951
,,,21,,,,,,,,,,,,,,,,,,,,,,,,,,,,,71969,0.05280536413192749
,,,21,,,,,,,,,,,,,,,,,,,,,,,,,,,,,71979,0.2977011799812317
,,,21,,,,,,,,,,,,,,,,,,,,,,,,,,,,,71989,0.02875428833067417
,,,21,,,,,,,,,,,,,,,,,,,,,,,,,,,,,71999,0.061008524149656296
,,,21,,,,,,,,,,,,,,,,,,,,,,,,,,,,,72009,0.19943417608737946
,,,21,,,,,,,,,,,,,,,,,,,,,,,,,,,,,72019,1.8271231651306152
,,,21,,,,,,,,,,,,,,,,,,,,,,,,,,,,,72029,0.05564691498875618
,,,21,,,,,,,,,,,,,,,,,,,,,,,,,,,,,72039,0.3346509039402008
,,,21,,,,,,,,,,,,,,,,,,,,,,,,,,,,,72049,0.214901864528656
,,,21,,,,,,,,,,,,,,,,,,,,,,,,,,,,,72059,0.03615361079573631
,,,21,,,,,,,,,,,,,,,,,,,,,,,,,,,,,72069,0.021679498255252838
,,,21,,,,,,,,,,,,,,,,,,,,,,,,,,,,,72079,0.20949554443359375
,,,21,,,,,,,,,,,,,,,,,,,,,,,,,,,,,72089,0.012846499681472778
,,,21,,,,,,,,,,,,,,,,,,,,,,,,,,,,,72099,0.23714245855808258
,,,21,,,,,,,,,,,,,,,,,,,,,,,,,,,,,72109,0.024442099034786224
,,,21,,,,,,,,,,,,,,,,,,,,,,,,,,,,,72119,0.0287600290030241
,,,21,,,,,,,,,,,,,,,,,,,,,,,,,,,,,72129,0.5908347368240356
,,,21,,,,,,,,,,,,,,,,,,,,,,,,,,,,,72139,0.9693109393119812
,,,21,,,,,,,,,,,,,,,,,,,,,,,,,,,,,72149,0.09175972640514374
,,,21,,,,,,,,,,,,,,,,,,,,,,,,,,,,,72159,0.825806736946106
,,,21,,,,,,,,,,,,,,,,,,,,,,,,,,,,,72169,0.30763041973114014
,,,21,,,,,,,,,,,,,,,,,,,,,,,,,,,,,72179,1.0232810974121094
,,,21,,,,,,,,,,,,,,,,,,,,,,,,,,,,,72189,0.7889464497566223
,,,21,,,,,,,,,,,,,,,,,,,,,,,,,,,,,72199,0.12374873459339142
,,,21,,,,,,,,,,,,,,,,,,,,,,,,,,,,,72209,0.18492163717746735
,,,21,,,,,,,,,,,,,,,,,,,,,,,,,,,,,72219,0.07455380260944366
,,,21,,,,,,,,,,,,,,,,,,,,,,,,,,,,,72229,0.21939006447792053
,,,21,,,,,,,,,,,,,,,,,,,,,,,,,,,,,72239,0.36423459649086
,,,21,,,,,,,,,,,,,,,,,,,,,,,,,,,,,72249,0.00693661579862237
,,,21,,,,,,,,,,,,,,,,,,,,,,,,,,,,,72259,0.016341784968972206
,,,21,,,,,,,,,,,,,,,,,,,,,,,,,,,,,72269,0.12724439799785614
,,,21,,,,,,,,,,,,,,,,,,,,,,,,,,,,,72279,0.33913755416870117
,,,21,,,,,,,,,,,,,,,,,,,,,,,,,,,,,72289,0.25569015741348267
,,,21,,,,,,,,,,,,,,,,,,,,,,,,,,,,,72299,0.4428423047065735
,,,21,,,,,,,,,,,,,,,,,,,,,,,,,,,,,72309,0.02596934139728546
,,,21,,,,,,,,,,,,,,,,,,,,,,,,,,,,,72319,0.09604698419570923
,,,21,,,,,,,,,,,,,,,,,,,,,,,,,,,,,72329,0.11080636084079742
,,,21,,,,,,,,,,,,,,,,,,,,,,,,,,,,,72339,0.6463963389396667
,,,21,,,,,,,,,,,,,,,,,,,,,,,,,,,,,72349,0.9806190133094788
,,,21,,,,,,,,,,,,,,,,,,,,,,,,,,,,,72359,0.01906714215874672
,,,21,,,,,,,,,,,,,,,,,,,,,,,,,,,,,72369,0.1312459409236908
,,,21,,,,,,,,,,,,,,,,,,,,,,,,,,,,,72379,0.19060689210891724
,,,21,,,,,,,,,,,,,,,,,,,,,,,,,,,,,72389,0.056125663220882416
,,,21,,,,,,,,,,,,,,,,,,,,,,,,,,,,,72399,1.3061962127685547
,,,21,,,,,,,,,,,,,,,,,,,,,,,,,,,,,72409,0.02470804750919342
,,,21,,,,,,,,,,,,,,,,,,,,,,,,,,,,,72419,0.04899539053440094
,,,21,,,,,,,,,,,,,,,,,,,,,,,,,,,,,72429,0.17011068761348724
,,,21,,,,,,,,,,,,,,,,,,,,,,,,,,,,,72439,0.02638234756886959
,,,21,,,,,,,,,,,,,,,,,,,,,,,,,,,,,72449,0.4964413642883301
,,,21,,,,,,,,,,,,,,,,,,,,,,,,,,,,,72459,0.05416589602828026
,,,21,,,,,,,,,,,,,,,,,,,,,,,,,,,,,72469,0.33279746770858765
,,,21,,,,,,,,,,,,,,,,,,,,,,,,,,,,,72479,0.20096911489963531
,,,21,,,,,,,,,,,,,,,,,,,,,,,,,,,,,72489,0.013195961713790894
,,,21,,,,,,,,,,,,,,,,,,,,,,,,,,,,,72499,1.0190385580062866
,,,21,,,,,,,,,,,,,,,,,,,,,,,,,,,,,72509,0.21999132633209229
,,,21,,,,,,,,,,,,,,,,,,,,,,,,,,,,,72519,0.12588803470134735
,,,21,,,,,,,,,,,,,,,,,,,,,,,,,,,,,72529,0.13762207329273224
,,,21,,,,,,,,,,,,,,,,,,,,,,,,,,,,,72539,0.32452160120010376
,,,21,,,,,,,,,,,,,,,,,,,,,,,,,,,,,72549,0.1864800900220871
,,,21,,,,,,,,,,,,,,,,,,,,,,,,,,,,,72559,0.26926276087760925
,,,21,,,,,,,,,,,,,,,,,,,,,,,,,,,,,72569,0.005876543466001749
,,,21,,,,,,,,,,,,,,,,,,,,,,,,,,,,,72579,0.9600338339805603
,,,21,,,,,,,,,,,,,,,,,,,,,,,,,,,,,72589,0.9345686435699463
,,,21,,,,,,,,,,,,,,,,,,,,,,,,,,,,,72599,0.1353178173303604
,,,21,,,,,,,,,,,,,,,,,,,,,,,,,,,,,72609,0.06771991401910782
,,,21,,,,,,,,,,,,,,,,,,,,,,,,,,,,,72619,0.5501817464828491
,,,21,,,,,,,,,,,,,,,,,,,,,,,,,,,,,72629,0.2767513692378998
,,,21,,,,,,,,,,,,,,,,,,,,,,,,,,,,,72639,0.012877891771495342
,,,21,,,,,,,,,,,,,,,,,,,,,,,,,,,,,72649,0.44113972783088684
,,,21,,,,,,,,,,,,,,,,,,,,,,,,,,,,,72659,0.24479730427265167
,,,21,,,,,,,,,,,,,,,,,,,,,,,,,,,,,72669,0.2841315269470215
,,,21,,,,,,,,,,,,,,,,,,,,,,,,,,,,,72679,0.04449936002492905
,,,21,,,,,,,,,,,,,,,,,,,,,,,,,,,,,72689,0.6005446314811707
,,,21,,,,,,,,,,,,,,,,,,,,,,,,,,,,,72699,0.974425196647644
,,,21,,,,,,,,,,,,,,,,,,,,,,,,,,,,,72709,0.9662599563598633
,,,21,,,,,,,,,,,,,,,,,,,,,,,,,,,,,72719,0.0685303583741188
,,,21,,,,,,,,,,,,,,,,,,,,,,,,,,,,,72729,0.00903906300663948
,,,21,,,,,,,,,,,,,,,,,,,,,,,,,,,,,72739,1.010087490081787
,,,21,,,,,,,,,,,,,,,,,,,,,,,,,,,,,72749,0.08174291253089905
,,,21,,,,,,,,,,,,,,,,,,,,,,,,,,,,,72759,0.4846072494983673
,,,21,,,,,,,,,,,,,,,,,,,,,,,,,,,,,72769,0.11325983703136444
,,,21,,,,,,,,,,,,,,,,,,,,,,,,,,,,,72779,0.0759507417678833
,,,21,,,,,,,,,,,,,,,,,,,,,,,,,,,,,72789,0.22706037759780884
,,,21,,,,,,,,,,,,,,,,,,,,,,,,,,,,,72799,0.13495106995105743
,,,21,,,,,,,,,,,,,,,,,,,,,,,,,,,,,72809,0.27170631289482117
,,,21,,,,,,,,,,,,,,,,,,,,,,,,,,,,,72819,0.04650527983903885
,,,,3.909387380777291e-07,2.1900563037861647e-06,3.3693173904402533e-06,3.3693173904402533e-06,5.183565216061927e-06,5.183565216061927e-06,7.97471571701835e-06,7.97471571701835e-06,1.226879341079746e-05,1.226879341079746e-05,1.8875066785842246e-05,3.909387380777291e-07,1.8875066785842246e-05,2.9038564285911148e-05,2.9038564285911148e-05,4.4674714286017154e-05,4.4674714286017154e-05,6.873032967079561e-05,6.873032967079561e-05,6.873032967079561e-05,6.873032967079561e-05,6.014442124272754e-07,6.014442124272754e-07,9.252987883496547e-07,9.252987883496547e-07,1.423536597461007e-06,1.423536597461007e-06,2.1900563037861647e-06,72821,
,,,22,,,,,,,,,,,,,,,,,,,,,,,,,,,,,72829,0.19166098535060883
,,,22,,,,,,,,,,,,,,,,,,,,,,,,,,,,,72839,0.06242881342768669
,,,22,,,,,,,,,,,,,,,,,,,,,,,,,,,,,72849,0.5172766447067261
,,,22,,,,,,,,,,,,,,,,,,,,,,,,,,,,,72859,0.2662571668624878
,,,22,,,,,,,,,,,,,,,,,,,,,,,,,,,,,72869,0.17262960970401764
,,,22,,,,,,,,,,,,,,,,,,,,,,,,,,,,,72879,0.2141774445772171
,,,22,,,,,,,,,,,,,,,,,,,,,,,,,,,,,72889,0.008182779885828495
,,,22,,,,,,,,,,,,,,,,,,,,,,,,,,,,,72899,0.042460497468709946
,,,22,,,,,,,,,,,,,,,,,,,,,,,,,,,,,72909,0.3041377067565918
,,,22,,,,,,,,,,,,,,,,,,,,,,,,,,,,,72919,0.4347141683101654
,,,22,,,,,,,,,,,,,,,,,,,,,,,,,,,,,72929,0.39797306060791016
,,,22,,,,,,,,,,,,,,,,,,,,,,,,,,,,,72939,0.021832142025232315
,,,22,,,,,,,,,,,,,,,,,,,,,,,,,,,,,72949,0.08403221517801285
,,,22,,,,,,,,,,,,,,,,,,,,,,,,,,,,,72959,0.09356573224067688
,,,22,,,,,,,,,,,,,,,,,,,,,,,,,,,,,72969,0.7506548762321472
,,,22,,,,,,,,,,,,,,,,,,,,,,,,,,,,,72979,0.11159144341945648
,,,22,,,,,,,,,,,,,,,,,,,,,,,,,,,,,72989,0.8765761852264404
,,,22,,,,,,,,,,,,,,,,,,,,,,,,,,,,,72999,0.04451390355825424
,,,22,,,,,,,,,,,,,,,,,,,,,,,,,,,,,73009,0.06047981232404709
,,,22,,,,,,,,,,,,,,,,,,,,,,,,,,,,,73019,0.09832165390253067
,,,22,,,,,,,,,,,,,,,,,,,,,,,,,,,,,73029,0.010537317022681236
,,,22,,,,,,,,,,,,,,,,,,,,,,,,,,,,,73039,0.18434910476207733
,,,22,,,,,,,,,,,,,,,,,,,,,,,,,,,,,73049,0.8094353675842285
,,,22,,,,,,,,,,,,,,,,,,,,,,,,,,,,,73059,0.08446282893419266
,,,22,,,,,,,,,,,,,,,,,,,,,,,,,,,,,73069,0.22116966545581818
,,,22,,,,,,,,,,,,,,,,,,,,,,,,,,,,,73079,0.004861162975430489
,,,22,,,,,,,,,,,,,,,,,,,,,,,,,,,,,73089,0.3776370584964752
,,,22,,,,,,,,,,,,,,,,,,,,,,,,,,,,,73099,0.013162143528461456
,,,22,,,,,,,,,,,,,,,,,,,,,,,,,,,,,73109,1.0444453954696655
,,,22,,,,,,,,,,,,,,,,,,,,,,,,,,,,,73119,0.38591843843460083
,,,22,,,,,,,,,,,,,,,,,,,,,,,,,,,,,73129,0.07462737709283829
,,,22,,,,,,,,,,,,,,,,,,,,,,,,,,,,,73139,0.05529088154435158
,,,22,,,,,,,,,,,,,,,,,,,,,,,,,,,,,73149,0.5985295176506042
,,,22,,,,,,,,,,,,,,,,,,,,,,,,,,,,,73159,0.46369853615760803
,,,22,,,,,,,,,,,,,,,,,,,,,,,,,,,,,73169,0.01118024718016386
,,,22,,,,,,,,,,,,,,,,,,,,,,,,,,,,,73179,0.21207869052886963
,,,22,,,,,,,,,,,,,,,,,,,,,,,,,,,,,73189,0.0412362664937973
,,,22,,,,,,,,,,,,,,,,,,,,,,,,,,,,,73199,0.0659242495894432
,,,22,,,,,,,,,,,,,,,,,,,,,,,,,,,,,73209,0.02747059054672718
,,,22,,,,,,,,,,,,,,,,,,,,,,,,,,,,,73219,0.5180798172950745
,,,22,,,,,,,,,,,,,,,,,,,,,,,,,,,,,73229,0.420086532831192
,,,22,,,,,,,,,,,,,,,,,,,,,,,,,,,,,73239,0.06285220384597778
,,,22,,,,,,,,,,,,,,,,,,,,,,,,,,,,,73249,0.09908217936754227
,,,22,,,,,,,,,,,,,,,,,,,,,,,,,,,,,73259,0.2660985291004181
,,,22,,,,,,,,,,,,,,,,,,,,,,,,,,,,,73269,0.14008532464504242
,,,22,,,,,,,,,,,,,,,,,,,,,,,,,,,,,73279,0.025186162441968918
,,,22,,,,,,,,,,,,,,,,,,,,,,,,,,,,,73289,0.05311642214655876
,,,22,,,,,,,,,,,,,,,,,,,,,,,,,,,,,73299,0.09531095623970032
,,,22,,,,,,,,,,,,,,,,,,,,,,,,,,,,,73309,0.22521303594112396
,,,22,,,,,,,,,,,,,,,,,,,,,,,,,,,,,73319,0.19403618574142456
,,,22,,,,,,,,,,,,,,,,,,,,,,,,,,,,,73329,0.23540690541267395
,,,22,,,,,,,,,,,,,,,,,,,,,,,,,,,,,73339,0.21686065196990967
,,,22,,,,,,,,,,,,,,,,,,,,,,,,,,,,,73349,0.019021503627300262
,,,22,,,,,,,,,,,,,,,,,,,,,,,,,,,,,73359,0.07417324930429459
,,,22,,,,,,,,,,,,,,,,,,,,,,,,,,,,,73369,0.40317925810813904
,,,22,,,,,,,,,,,,,,,,,,,,,,,,,,,,,73379,0.0271438118070364
,,,22,,,,,,,,,,,,,,,,,,,,,,,,,,,,,73389,0.22311528027057648
,,,22,,,,,,,,,,,,,,,,,,,,,,,,,,,,,73399,0.060228943824768066
,,,22,,,,,,,,,,,,,,,,,,,,,,,,,,,,,73409,0.12858115136623383
,,,22,,,,,,,,,,,,,,,,,,,,,,,,,,,,,73419,0.01863800548017025
,,,22,,,,,,,,,,,,,,,,,,,,,,,,,,,,,73429,0.01652475818991661
,,,22,,,,,,,,,,,,,,,,,,,,,,,,,,,,,73439,0.3835531175136566
,,,22,,,,,,,,,,,,,,,,,,,,,,,,,,,,,73449,0.4093760550022125
,,,22,,,,,,,,,,,,,,,,,,,,,,,,,,,,,73459,0.015461762435734272
,,,22,,,,,,,,,,,,,,,,,,,,,,,,,,,,,73469,0.014022691175341606
,,,22,,,,,,,,,,,,,,,,,,,,,,,,,,,,,73479,0.6001977920532227
,,,22,,,,,,,,,,,,,,,,,,,,,,,,,,,,,73489,0.4115230143070221
,,,22,,,,,,,,,,,,,,,,,,,,,,,,,,,,,73499,0.19835500419139862
,,,22,,,,,,,,,,,,,,,,,,,,,,,,,,,,,73509,0.0952073484659195
,,,22,,,,,,,,,,,,,,,,,,,,,,,,,,,,,73519,0.37540170550346375
,,,22,,,,,,,,,,,,,,,,,,,,,,,,,,,,,73529,0.3188451826572418
,,,22,,,,,,,,,,,,,,,,,,,,,,,,,,,,,73539,0.5513560771942139
,,,22,,,,,,,,,,,,,,,,,,,,,,,,,,,,,73549,0.34160569310188293
,,,22,,,,,,,,,,,,,,,,,,,,,,,,,,,,,73559,0.09126266092061996
,,,22,,,,,,,,,,,,,,,,,,,,,,,,,,,,,73569,0.0397987961769104
,,,22,,,,,,,,,,,,,,,,,,,,,,,,,,,,,73579,0.024269454181194305
,,,22,,,,,,,,,,,,,,,,,,,,,,,,,,,,,73589,0.4772409200668335
,,,22,,,,,,,,,,,,,,,,,,,,,,,,,,,,,73599,0.017113016918301582
,,,22,,,,,,,,,,,,,,,,,,,,,,,,,,,,,73609,0.6386719346046448
,,,22,,,,,,,,,,,,,,,,,,,,,,,,,,,,,73619,0.21047350764274597
,,,22,,,,,,,,,,,,,,,,,,,,,,,,,,,,,73629,0.03856978937983513
,,,22,,,,,,,,,,,,,,,,,,,,,,,,,,,,,73639,0.3662172555923462
,,,22,,,,,,,,,,,,,,,,,,,,,,,,,,,,,73649,0.06858603656291962
,,,22,,,,,,,,,,,,,,,,,,,,,,,,,,,,,73659,0.010159934870898724
,,,22,,,,,,,,,,,,,,,,,,,,,,,,,,,,,73669,0.02172078937292099
,,,22,,,,,,,,,,,,,,,,,,,,,,,,,,,,,73679,0.22607406973838806
,,,22,,,,,,,,,,,,,,,,,,,,,,,,,,,,,73689,0.24076737463474274
,,,22,,,,,,,,,,,,,,,,,,,,,,,,,,,,,73699,0.23993054032325745
,,,22,,,,,,,,,,,,,,,,,,,,,,,,,,,,,73709,0.199816033244133
,,,22,,,,,,,,,,,,,,,,,,,,,,,,,,,,,73719,0.05289612337946892
,,,22,,,,,,,,,,,,,,,,,,,,,,,,,,,,,73729,0.37785008549690247
,,,22,,,,,,,,,,,,,,,,,,,,,,,,,,,,,73739,0.07307201623916626
,,,22,,,,,,,,,,,,,,,,,,,,,,,,,,,,,73749,0.09075556695461273
,,,22,,,,,,,,,,,,,,,,,,,,,,,,,,,,,73759,0.05584300309419632
,,,22,,,,,,,,,,,,,,,,,,,,,,,,,,,,,73769,0.1535765826702118
,,,22,,,,,,,,,,,,,,,,,,,,,,,,,,,,,73779,0.6697197556495667
,,,22,,,,,,,,,,,,,,,,,,,,,,,,,,,,,73789,0.08056896179914474
,,,22,,,,,,,,,,,,,,,,,,,,,,,,,,,,,73799,0.14969183504581451
,,,22,,,,,,,,,,,,,,,,,,,,,,,,,,,,,73809,0.048426125198602676
,,,22,,,,,,,,,,,,,,,,,,,,,,,,,,,,,73819,0.46261587738990784
,,,22,,,,,,,,,,,,,,,,,,,,,,,,,,,,,73829,0.40723079442977905
,,,22,,,,,,,,,,,,,,,,,,,,,,,,,,,,,73839,0.3420102000236511
,,,22,,,,,,,,,,,,,,,,,,,,,,,,,,,,,73849,0.019893193617463112
,,,22,,,,,,,,,,,,,,,,,,,,,,,,,,,,,73859,0.2763001620769501
,,,22,,,,,,,,,,,,,,,,,,,,,,,,,,,,,73869,0.48849189281463623
,,,22,,,,,,,,,,,,,,,,,,,,,,,,,,,,,73879,0.028306739404797554
,,,22,,,,,,,,,,,,,,,,,,,,,,,,,,,,,73889,0.1673109233379364
,,,22,,,,,,,,,,,,,,,,,,,,,,,,,,,,,73899,0.023839693516492844
,,,22,,,,,,,,,,,,,,,,,,,,,,,,,,,,,73909,1.392449975013733
,,,22,,,,,,,,,,,,,,,,,,,,,,,,,,,,,73919,0.39400824904441833
,,,22,,,,,,,,,,,,,,,,,,,,,,,,,,,,,73929,0.5884755253791809
,,,22,,,,,,,,,,,,,,,,,,,,,,,,,,,,,73939,0.030223190784454346
,,,22,,,,,,,,,,,,,,,,,,,,,,,,,,,,,73949,0.32150185108184814
,,,22,,,,,,,,,,,,,,,,,,,,,,,,,,,,,73959,0.051618751138448715
,,,22,,,,,,,,,,,,,,,,,,,,,,,,,,,,,73969,0.021262211725115776
,,,22,,,,,,,,,,,,,,,,,,,,,,,,,,,,,73979,0.013910206034779549
,,,22,,,,,,,,,,,,,,,,,,,,,,,,,,,,,73989,0.6469058394432068
,,,22,,,,,,,,,,,,,,,,,,,,,,,,,,,,,73999,0.07147594541311264
,,,22,,,,,,,,,,,,,,,,,,,,,,,,,,,,,74009,0.02178066037595272
,,,22,,,,,,,,,,,,,,,,,,,,,,,,,,,,,74019,0.011477167718112469
,,,22,,,,,,,,,,,,,,,,,,,,,,,,,,,,,74029,0.1512274146080017
,,,22,,,,,,,,,,,,,,,,,,,,,,,,,,,,,74039,0.3792916238307953
,,,22,,,,,,,,,,,,,,,,,,,,,,,,,,,,,74049,0.1797439455986023
,,,22,,,,,,,,,,,,,,,,,,,,,,,,,,,,,74059,0.004136750008910894
,,,22,,,,,,,,,,,,,,,,,,,,,,,,,,,,,74069,0.1378372311592102
,,,22,,,,,,,,,,,,,,,,,,,,,,,,,,,,,74079,0.027605891227722168
,,,22,,,,,,,,,,,,,,,,,,,,,,,,,,,,,74089,0.5154694318771362
,,,22,,,,,,,,,,,,,,,,,,,,,,,,,,,,,74099,0.011664082296192646
,,,22,,,,,,,,,,,,,,,,,,,,,,,,,,,,,74109,0.10313456505537033
,,,22,,,,,,,,,,,,,,,,,,,,,,,,,,,,,74119,0.2923330068588257
,,,22,,,,,,,,,,,,,,,,,,,,,,,,,,,,,74129,0.05667535215616226
,,,22,,,,,,,,,,,,,,,,,,,,,,,,,,,,,74139,1.4752970933914185
,,,22,,,,,,,,,,,,,,,,,,,,,,,,,,,,,74149,0.11008346825838089
,,,22,,,,,,,,,,,,,,,,,,,,,,,,,,,,,74159,0.48925137519836426
,,,22,,,,,,,,,,,,,,,,,,,,,,,,,,,,,74169,0.23097528517246246
,,,22,,,,,,,,,,,,,,,,,,,,,,,,,,,,,74179,0.09279618412256241
,,,22,,,,,,,,,,,,,,,,,,,,,,,,,,,,,74189,0.10418717563152313
,,,22,,,,,,,,,,,,,,,,,,,,,,,,,,,,,74199,0.0157991424202919
,,,22,,,,,,,,,,,,,,,,,,,,,,,,,,,,,74209,0.052955251187086105
,,,22,,,,,,,,,,,,,,,,,,,,,,,,,,,,,74219,0.27306851744651794
,,,22,,,,,,,,,,,,,,,,,,,,,,,,,,,,,74229,0.5905764102935791
,,,22,,,,,,,,,,,,,,,,,,,,,,,,,,,,,74239,0.03447171300649643
,,,22,,,,,,,,,,,,,,,,,,,,,,,,,,,,,74249,0.34329327940940857
,,,22,,,,,,,,,,,,,,,,,,,,,,,,,,,,,74259,0.004948378074914217
,,,22,,,,,,,,,,,,,,,,,,,,,,,,,,,,,74269,0.2621684968471527
,,,22,,,,,,,,,,,,,,,,,,,,,,,,,,,,,74279,0.3114873468875885
,,,22,,,,,,,,,,,,,,,,,,,,,,,,,,,,,74289,1.0226439237594604
,,,22,,,,,,,,,,,,,,,,,,,,,,,,,,,,,74299,0.17691676318645477
,,,22,,,,,,,,,,,,,,,,,,,,,,,,,,,,,74309,0.3283497989177704
,,,22,,,,,,,,,,,,,,,,,,,,,,,,,,,,,74319,0.01745201088488102
,,,22,,,,,,,,,,,,,,,,,,,,,,,,,,,,,74329,0.10260920226573944
,,,22,,,,,,,,,,,,,,,,,,,,,,,,,,,,,74339,0.9305135607719421
,,,22,,,,,,,,,,,,,,,,,,,,,,,,,,,,,74349,0.1888142228126526
,,,22,,,,,,,,,,,,,,,,,,,,,,,,,,,,,74359,0.9562669992446899
,,,22,,,,,,,,,,,,,,,,,,,,,,,,,,,,,74369,0.1724717915058136
,,,22,,,,,,,,,,,,,,,,,,,,,,,,,,,,,74379,0.08922954648733139
,,,22,,,,,,,,,,,,,,,,,,,,,,,,,,,,,74389,0.2365158498287201
,,,22,,,,,,,,,,,,,,,,,,,,,,,,,,,,,74399,0.05321865528821945
,,,22,,,,,,,,,,,,,,,,,,,,,,,,,,,,,74409,0.02101980708539486
,,,22,,,,,,,,,,,,,,,,,,,,,,,,,,,,,74419,0.4208548963069916
,,,22,,,,,,,,,,,,,,,,,,,,,,,,,,,,,74429,0.02428891509771347
,,,22,,,,,,,,,,,,,,,,,,,,,,,,,,,,,74439,0.016171332448720932
,,,22,,,,,,,,,,,,,,,,,,,,,,,,,,,,,74449,0.02185339853167534
,,,22,,,,,,,,,,,,,,,,,,,,,,,,,,,,,74459,0.0484372116625309
,,,22,,,,,,,,,,,,,,,,,,,,,,,,,,,,,74469,0.02583702839910984
,,,22,,,,,,,,,,,,,,,,,,,,,,,,,,,,,74479,0.08657657355070114
,,,22,,,,,,,,,,,,,,,,,,,,,,,,,,,,,74489,0.005352492444217205
,,,22,,,,,,,,,,,,,,,,,,,,,,,,,,,,,74499,0.49665260314941406
,,,22,,,,,,,,,,,,,,,,,,,,,,,,,,,,,74509,0.3481540083885193
,,,22,,,,,,,,,,,,,,,,,,,,,,,,,,,,,74519,0.5105006098747253
,,,22,,,,,,,,,,,,,,,,,,,,,,,,,,,,,74529,0.32863155007362366
,,,22,,,,,,,,,,,,,,,,,,,,,,,,,,,,,74539,0.11262147128582001
,,,22,,,,,,,,,,,,,,,,,,,,,,,,,,,,,74549,0.48322242498397827
,,,22,,,,,,,,,,,,,,,,,,,,,,,,,,,,,74559,0.008164037950336933
,,,22,,,,,,,,,,,,,,,,,,,,,,,,,,,,,74569,0.030697738751769066
,,,22,,,,,,,,,,,,,,,,,,,,,,,,,,,,,74579,0.043840326368808746
,,,22,,,,,,,,,,,,,,,,,,,,,,,,,,,,,74589,0.607683539390564
,,,22,,,,,,,,,,,,,,,,,,,,,,,,,,,,,74599,0.2274688333272934
,,,22,,,,,,,,,,,,,,,,,,,,,,,,,,,,,74609,0.2734512388706207
,,,22,,,,,,,,,,,,,,,,,,,,,,,,,,,,,74619,0.8256127834320068
,,,22,,,,,,,,,,,,,,,,,,,,,,,,,,,,,74629,0.5850669145584106
,,,22,,,,,,,,,,,,,,,,,,,,,,,,,,,,,74639,0.6636148691177368
,,,22,,,,,,,,,,,,,,,,,,,,,,,,,,,,,74649,0.018518073484301567
,,,22,,,,,,,,,,,,,,,,,,,,,,,,,,,,,74659,0.9667046070098877
,,,22,,,,,,,,,,,,,,,,,,,,,,,,,,,,,74669,0.03752971440553665
,,,22,,,,,,,,,,,,,,,,,,,,,,,,,,,,,74679,0.15788067877292633
,,,22,,,,,,,,,,,,,,,,,,,,,,,,,,,,,74689,0.017408499494194984
,,,22,,,,,,,,,,,,,,,,,,,,,,,,,,,,,74699,0.3285258114337921
,,,22,,,,,,,,,,,,,,,,,,,,,,,,,,,,,74709,0.026480605825781822
,,,22,,,,,,,,,,,,,,,,,,,,,,,,,,,,,74719,0.03185642510652542
,,,22,,,,,,,,,,,,,,,,,,,,,,,,,,,,,74729,0.3333732783794403
,,,22,,,,,,,,,,,,,,,,,,,,,,,,,,,,,74739,0.019365889951586723
,,,22,,,,,,,,,,,,,,,,,,,,,,,,,,,,,74749,0.07711633294820786
,,,22,,,,,,,,,,,,,,,,,,,,,,,,,,,,,74759,1.0202319622039795
,,,22,,,,,,,,,,,,,,,,,,,,,,,,,,,,,74769,0.03356426581740379
,,,22,,,,,,,,,,,,,,,,,,,,,,,,,,,,,74779,0.2414587289094925
,,,22,,,,,,,,,,,,,,,,,,,,,,,,,,,,,74789,0.1739325076341629
,,,22,,,,,,,,,,,,,,,,,,,,,,,,,,,,,74799,0.6354050040245056
,,,22,,,,,,,,,,,,,,,,,,,,,,,,,,,,,74809,0.2749527394771576
,,,22,,,,,,,,,,,,,,,,,,,,,,,,,,,,,74819,0.06831718236207962
,,,22,,,,,,,,,,,,,,,,,,,,,,,,,,,,,74829,0.33318036794662476
,,,22,,,,,,,,,,,,,,,,,,,,,,,,,,,,,74839,0.1013224795460701
,,,22,,,,,,,,,,,,,,,,,,,,,,,,,,,,,74849,0.12762148678302765
,,,22,,,,,,,,,,,,,,,,,,,,,,,,,,,,,74859,0.032561108469963074
,,,22,,,,,,,,,,,,,,,,,,,,,,,,,,,,,74869,0.007034492213279009
,,,22,,,,,,,,,,,,,,,,,,,,,,,,,,,,,74879,0.3896212577819824
,,,22,,,,,,,,,,,,,,,,,,,,,,,,,,,,,74889,0.33690232038497925
,,,22,,,,,,,,,,,,,,,,,,,,,,,,,,,,,74899,0.03475022315979004
,,,22,,,,,,,,,,,,,,,,,,,,,,,,,,,,,74909,0.06498260796070099
,,,22,,,,,,,,,,,,,,,,,,,,,,,,,,,,,74919,0.012833441607654095
,,,22,,,,,,,,,,,,,,,,,,,,,,,,,,,,,74929,0.07012380659580231
,,,22,,,,,,,,,,,,,,,,,,,,,,,,,,,,,74939,1.9836580753326416
,,,22,,,,,,,,,,,,,,,,,,,,,,,,,,,,,74949,0.15054580569267273
,,,22,,,,,,,,,,,,,,,,,,,,,,,,,,,,,74959,0.010721947997808456
,,,22,,,,,,,,,,,,,,,,,,,,,,,,,,,,,74969,0.2706524729728699
,,,22,,,,,,,,,,,,,,,,,,,,,,,,,,,,,74979,0.0827270895242691
,,,22,,,,,,,,,,,,,,,,,,,,,,,,,,,,,74989,0.006384153384715319
,,,22,,,,,,,,,,,,,,,,,,,,,,,,,,,,,74999,0.03136942908167839
,,,22,,,,,,,,,,,,,,,,,,,,,,,,,,,,,75009,0.0410907119512558
,,,22,,,,,,,,,,,,,,,,,,,,,,,,,,,,,75019,0.25242501497268677
,,,22,,,,,,,,,,,,,,,,,,,,,,,,,,,,,75029,0.03392740339040756
,,,22,,,,,,,,,,,,,,,,,,,,,,,,,,,,,75039,0.2983348071575165
,,,22,,,,,,,,,,,,,,,,,,,,,,,,,,,,,75049,0.19276739656925201
,,,22,,,,,,,,,,,,,,,,,,,,,,,,,,,,,75059,0.046836964786052704
,,,22,,,,,,,,,,,,,,,,,,,,,,,,,,,,,75069,0.049374572932720184
,,,22,,,,,,,,,,,,,,,,,,,,,,,,,,,,,75079,0.6624475121498108
,,,22,,,,,,,,,,,,,,,,,,,,,,,,,,,,,75089,0.16826693713665009
,,,22,,,,,,,,,,,,,,,,,,,,,,,,,,,,,75099,0.15474744141101837
,,,22,,,,,,,,,,,,,,,,,,,,,,,,,,,,,75109,0.007032550871372223
,,,22,,,,,,,,,,,,,,,,,,,,,,,,,,,,,75119,0.025678977370262146
,,,22,,,,,,,,,,,,,,,,,,,,,,,,,,,,,75129,0.22439514100551605
,,,22,,,,,,,,,,,,,,,,,,,,,,,,,,,,,75139,0.3864864110946655
,,,22,,,,,,,,,,,,,,,,,,,,,,,,,,,,,75149,0.18719379603862762
,,,22,,,,,,,,,,,,,,,,,,,,,,,,,,,,,75159,0.09750121831893921
,,,22,,,,,,,,,,,,,,,,,,,,,,,,,,,,,75169,0.15787552297115326
,,,22,,,,,,,,,,,,,,,,,,,,,,,,,,,,,75179,0.06805827468633652
,,,22,,,,,,,,,,,,,,,,,,,,,,,,,,,,,75189,0.0313396118581295
,,,22,,,,,,,,,,,,,,,,,,,,,,,,,,,,,75199,0.12093639373779297
,,,22,,,,,,,,,,,,,,,,,,,,,,,,,,,,,75209,0.5082757472991943
,,,22,,,,,,,,,,,,,,,,,,,,,,,,,,,,,75219,0.06242429465055466
,,,22,,,,,,,,,,,,,,,,,,,,,,,,,,,,,75229,0.19599996507167816
,,,22,,,,,,,,,,,,,,,,,,,,,,,,,,,,,75239,0.7108196020126343
,,,22,,,,,,,,,,,,,,,,,,,,,,,,,,,,,75249,0.32605424523353577
,,,22,,,,,,,,,,,,,,,,,,,,,,,,,,,,,75259,0.6189904808998108
,,,22,,,,,,,,,,,,,,,,,,,,,,,,,,,,,75269,0.35162514448165894
,,,22,,,,,,,,,,,,,,,,,,,,,,,,,,,,,75279,0.009115834720432758
,,,22,,,,,,,,,,,,,,,,,,,,,,,,,,,,,75289,0.258561909198761
,,,22,,,,,,,,,,,,,,,,,,,,,,,,,,,,,75299,0.04706505313515663
,,,22,,,,,,,,,,,,,,,,,,,,,,,,,,,,,75309,1.0044676065444946
,,,22,,,,,,,,,,,,,,,,,,,,,,,,,,,,,75319,0.12296169251203537
,,,22,,,,,,,,,,,,,,,,,,,,,,,,,,,,,75329,0.0393703393638134
,,,22,,,,,,,,,,,,,,,,,,,,,,,,,,,,,75339,0.01698041893541813
,,,22,,,,,,,,,,,,,,,,,,,,,,,,,,,,,75349,0.0034092881251126528
,,,22,,,,,,,,,,,,,,,,,,,,,,,,,,,,,75359,0.5042710900306702
,,,22,,,,,,,,,,,,,,,,,,,,,,,,,,,,,75369,0.7168270349502563
,,,22,,,,,,,,,,,,,,,,,,,,,,,,,,,,,75379,0.2815125584602356
,,,22,,,,,,,,,,,,,,,,,,,,,,,,,,,,,75389,0.8375357985496521
,,,22,,,,,,,,,,,,,,,,,,,,,,,,,,,,,75399,0.14142389595508575
,,,22,,,,,,,,,,,,,,,,,,,,,,,,,,,,,75409,0.33063042163848877
,,,22,,,,,,,,,,,,,,,,,,,,,,,,,,,,,75419,0.08725742995738983
,,,22,,,,,,,,,,,,,,,,,,,,,,,,,,,,,75429,0.07315003871917725
,,,22,,,,,,,,,,,,,,,,,,,,,,,,,,,,,75439,0.5618448257446289
,,,22,,,,,,,,,,,,,,,,,,,,,,,,,,,,,75449,0.16698488593101501
,,,22,,,,,,,,,,,,,,,,,,,,,,,,,,,,,75459,0.09909365326166153
,,,22,,,,,,,,,,,,,,,,,,,,,,,,,,,,,75469,0.006196334958076477
,,,22,,,,,,,,,,,,,,,,,,,,,,,,,,,,,75479,0.053258053958415985
,,,22,,,,,,,,,,,,,,,,,,,,,,,,,,,,,75489,0.1626104861497879
,,,22,,,,,,,,,,,,,,,,,,,,,,,,,,,,,75499,0.165912464261055
,,,22,,,,,,,,,,,,,,,,,,,,,,,,,,,,,75509,0.05186283588409424
,,,22,,,,,,,,,,,,,,,,,,,,,,,,,,,,,75519,0.13778415322303772
,,,22,,,,,,,,,,,,,,,,,,,,,,,,,,,,,75529,0.10228771716356277
,,,22,,,,,,,,,,,,,,,,,,,,,,,,,,,,,75539,0.020552240312099457
,,,22,,,,,,,,,,,,,,,,,,,,,,,,,,,,,75549,0.36945798993110657
,,,22,,,,,,,,,,,,,,,,,,,,,,,,,,,,,75559,0.08252603560686111
,,,22,,,,,,,,,,,,,,,,,,,,,,,,,,,,,75569,0.028180480003356934
,,,22,,,,,,,,,,,,,,,,,,,,,,,,,,,,,75579,0.21775488555431366
,,,22,,,,,,,,,,,,,,,,,,,,,,,,,,,,,75589,0.10564100742340088
,,,22,,,,,,,,,,,,,,,,,,,,,,,,,,,,,75599,0.07630447298288345
,,,22,,,,,,,,,,,,,,,,,,,,,,,,,,,,,75609,0.14401373267173767
,,,22,,,,,,,,,,,,,,,,,,,,,,,,,,,,,75619,0.26880064606666565
,,,22,,,,,,,,,,,,,,,,,,,,,,,,,,,,,75629,0.17129501700401306
,,,22,,,,,,,,,,,,,,,,,,,,,,,,,,,,,75639,0.030728479847311974
,,,22,,,,,,,,,,,,,,,,,,,,,,,,,,,,,75649,0.5372253656387329
,,,22,,,,,,,,,,,,,,,,,,,,,,,,,,,,,75659,0.17506666481494904
,,,22,,,,,,,,,,,,,,,,,,,,,,,,,,,,,75669,0.017232442274689674
,,,22,,,,,,,,,,,,,,,,,,,,,,,,,,,,,75679,0.35337257385253906
,,,22,,,,,,,,,,,,,,,,,,,,,,,,,,,,,75689,0.040779128670692444
,,,22,,,,,,,,,,,,,,,,,,,,,,,,,,,,,75699,0.2584361135959625
,,,22,,,,,,,,,,,,,,,,,,,,,,,,,,,,,75709,0.3428185284137726
,,,22,,,,,,,,,,,,,,,,,,,,,,,,,,,,,75719,0.22437676787376404
,,,22,,,,,,,,,,,,,,,,,,,,,,,,,,,,,75729,0.4917835295200348
,,,22,,,,,,,,,,,,,,,,,,,,,,,,,,,,,75739,0.5526791214942932
,,,22,,,,,,,,,,,,,,,,,,,,,,,,,,,,,75749,0.11593536287546158
,,,22,,,,,,,,,,,,,,,,,,,,,,,,,,,,,75759,0.09079261124134064
,,,22,,,,,,,,,,,,,,,,,,,,,,,,,,,,,75769,0.0661383718252182
,,,22,,,,,,,,,,,,,,,,,,,,,,,,,,,,,75779,0.5639927387237549
,,,22,,,,,,,,,,,,,,,,,,,,,,,,,,,,,75789,0.04393546283245087
,,,22,,,,,,,,,,,,,,,,,,,,,,,,,,,,,75799,0.09279952198266983
,,,22,,,,,,,,,,,,,,,,,,,,,,,,,,,,,75809,0.19183501601219177
,,,22,,,,,,,,,,,,,,,,,,,,,,,,,,,,,75819,0.25859251618385315
,,,22,,,,,,,,,,,,,,,,,,,,,,,,,,,,,75829,0.08931757509708405
,,,22,,,,,,,,,,,,,,,,,,,,,,,,,,,,,75839,0.03310398384928703
,,,22,,,,,,,,,,,,,,,,,,,,,,,,,,,,,75849,0.0797317698597908
,,,22,,,,,,,,,,,,,,,,,,,,,,,,,,,,,75859,0.05848737061023712
,,,22,,,,,,,,,,,,,,,,,,,,,,,,,,,,,75869,0.3761002719402313
,,,22,,,,,,,,,,,,,,,,,,,,,,,,,,,,,75879,0.06931809335947037
,,,22,,,,,,,,,,,,,,,,,,,,,,,,,,,,,75889,0.41222241520881653
,,,22,,,,,,,,,,,,,,,,,,,,,,,,,,,,,75899,0.1639908403158188
,,,22,,,,,,,,,,,,,,,,,,,,,,,,,,,,,75909,1.1110544204711914
,,,22,,,,,,,,,,,,,,,,,,,,,,,,,,,,,75919,0.5749915242195129
,,,22,,,,,,,,,,,,,,,,,,,,,,,,,,,,,75929,0.07127641886472702
,,,22,,,,,,,,,,,,,,,,,,,,,,,,,,,,,75939,0.18208716809749603
,,,22,,,,,,,,,,,,,,,,,,,,,,,,,,,,,75949,0.014832396991550922
,,,22,,,,,,,,,,,,,,,,,,,,,,,,,,,,,75959,0.5809540748596191
,,,22,,,,,,,,,,,,,,,,,,,,,,,,,,,,,75969,0.006476126611232758
,,,22,,,,,,,,,,,,,,,,,,,,,,,,,,,,,75979,0.4590473175048828
,,,22,,,,,,,,,,,,,,,,,,,,,,,,,,,,,75989,0.04919213056564331
,,,22,,,,,,,,,,,,,,,,,,,,,,,,,,,,,75999,0.25201722979545593
,,,22,,,,,,,,,,,,,,,,,,,,,,,,,,,,,76009,0.052129294723272324
,,,22,,,,,,,,,,,,,,,,,,,,,,,,,,,,,76019,0.08297362923622131
,,,22,,,,,,,,,,,,,,,,,,,,,,,,,,,,,76029,0.19269178807735443
,,,22,,,,,,,,,,,,,,,,,,,,,,,,,,,,,76039,0.27155905961990356
,,,22,,,,,,,,,,,,,,,,,,,,,,,,,,,,,76049,0.13534094393253326
,,,22,,,,,,,,,,,,,,,,,,,,,,,,,,,,,76059,0.012151890434324741
,,,22,,,,,,,,,,,,,,,,,,,,,,,,,,,,,76069,0.5391753911972046
,,,22,,,,,,,,,,,,,,,,,,,,,,,,,,,,,76079,0.14000573754310608
,,,22,,,,,,,,,,,,,,,,,,,,,,,,,,,,,76089,0.8685410022735596
,,,22,,,,,,,,,,,,,,,,,,,,,,,,,,,,,76099,0.21948635578155518
,,,22,,,,,,,,,,,,,,,,,,,,,,,,,,,,,76109,0.7318681478500366
,,,22,,,,,,,,,,,,,,,,,,,,,,,,,,,,,76119,0.012623847462236881
,,,22,,,,,,,,,,,,,,,,,,,,,,,,,,,,,76129,0.04967813193798065
,,,,3.722850263882052e-07,2.0855573762162682e-06,3.208549809563489e-06,3.208549809563489e-06,4.936230476251522e-06,4.936230476251522e-06,7.594200732694648e-06,7.594200732694648e-06,1.168338574260715e-05,1.168338574260715e-05,1.7974439604011e-05,3.722850263882052e-07,1.7974439604011e-05,2.7652984006170768e-05,2.7652984006170768e-05,4.2543052317185797e-05,4.2543052317185797e-05,6.545084971874738e-05,6.545084971874738e-05,6.545084971874738e-05,6.545084971874738e-05,5.727461944433926e-07,5.727461944433926e-07,8.811479914513733e-07,8.811479914513733e-07,1.3556122945405742e-06,1.3556122945405742e-06,2.0855573762162682e-06,76131,
,,,23,,,,,,,,,,,,,,,,,,,,,,,,,,,,,76139,0.06724351644515991
,,,23,,,,,,,,,,,,,,,,,,,,,,,,,,,,,76149,0.1400427222251892
,,,23,,,,,,,,,,,,,,,,,,,,,,,,,,,,,76159,0.02779686450958252
,,,23,,,,,,,,,,,,,,,,,,,,,,,,,,,,,76169,0.008036377839744091
,,,23,,,,,,,,,,,,,,,,,,,,,,,,,,,,,76179,0.3946336805820465
,,,23,,,,,,,,,,,,,,,,,,,,,,,,,,,,,76189,0.46180665493011475
,,,23,,,,,,,,,,,,,,,,,,,,,,,,,,,,,76199,0.06528560072183609
,,,23,,,,,,,,,,,,,,,,,,,,,,,,,,,,,76209,0.13199971616268158
,,,23,,,,,,,,,,,,,,,,,,,,,,,,,,,,,76219,0.05607603117823601
,,,23,,,,,,,,,,,,,,,,,,,,,,,,,,,,,76229,0.23251444101333618
,,,23,,,,,,,,,,,,,,,,,,,,,,,,,,,,,76239,0.07224319875240326
,,,23,,,,,,,,,,,,,,,,,,,,,,,,,,,,,76249,0.2142762690782547
,,,23,,,,,,,,,,,,,,,,,,,,,,,,,,,,,76259,1.0769195556640625
,,,23,,,,,,,,,,,,,,,,,,,,,,,,,,,,,76269,0.013310682959854603
,,,23,,,,,,,,,,,,,,,,,,,,,,,,,,,,,76279,0.09911396354436874
,,,23,,,,,,,,,,,,,,,,,,,,,,,,,,,,,76289,0.0072820307686924934
,,,23,,,,,,,,,,,,,,,,,,,,,,,,,,,,,76299,0.6099534034729004
,,,23,,,,,,,,,,,,,,,,,,,,,,,,,,,,,76309,0.7048866748809814
,,,23,,,,,,,,,,,,,,,,,,,,,,,,,,,,,76319,0.06128132343292236
,,,23,,,,,,,,,,,,,,,,,,,,,,,,,,,,,76329,0.035322174429893494
,,,23,,,,,,,,,,,,,,,,,,,,,,,,,,,,,76339,0.4052883982658386
,,,23,,,,,,,,,,,,,,,,,,,,,,,,,,,,,76349,0.007973491214215755
,,,23,,,,,,,,,,,,,,,,,,,,,,,,,,,,,76359,0.3765779435634613
,,,23,,,,,,,,,,,,,,,,,,,,,,,,,,,,,76369,0.38807541131973267
,,,23,,,,,,,,,,,,,,,,,,,,,,,,,,,,,76379,0.7161133885383606
,,,23,,,,,,,,,,,,,,,,,,,,,,,,,,,,,76389,0.5404394268989563
,,,23,,,,,,,,,,,,,,,,,,,,,,,,,,,,,76399,0.14204856753349304
,,,23,,,,,,,,,,,,,,,,,,,,,,,,,,,,,76409,0.041292477399110794
,,,23,,,,,,,,,,,,,,,,,,,,,,,,,,,,,76419,0.05875684693455696
,,,23,,,,,,,,,,,,,,,,,,,,,,,,,,,,,76429,0.038204535841941833
,,,23,,,,,,,,,,,,,,,,,,,,,,,,,,,,,76439,0.6684666872024536
,,,23,,,,,,,,,,,,,,,,,,,,,,,,,,,,,76449,0.13102854788303375
,,,23,,,,,,,,,,,,,,,,,,,,,,,,,,,,,76459,0.5617777705192566
,,,23,,,,,,,,,,,,,,,,,,,,,,,,,,,,,76469,0.189082071185112
,,,23,,,,,,,,,,,,,,,,,,,,,,,,,,,,,76479,0.11518202722072601
,,,23,,,,,,,,,,,,,,,,,,,,,,,,,,,,,76489,0.57342129945755
,,,23,,,,,,,,,,,,,,,,,,,,,,,,,,,,,76499,0.2858273684978485
,,,23,,,,,,,,,,,,,,,,,,,,,,,,,,,,,76509,0.03745276853442192
,,,23,,,,,,,,,,,,,,,,,,,,,,,,,,,,,76519,0.5557772517204285
,,,23,,,,,,,,,,,,,,,,,,,,,,,,,,,,,76529,0.13006903231143951
,,,23,,,,,,,,,,,,,,,,,,,,,,,,,,,,,76539,0.7326807379722595
,,,23,,,,,,,,,,,,,,,,,,,,,,,,,,,,,76549,0.24037207663059235
,,,23,,,,,,,,,,,,,,,,,,,,,,,,,,,,,76559,0.025334205478429794
,,,23,,,,,,,,,,,,,,,,,,,,,,,,,,,,,76569,0.0626315325498581
,,,23,,,,,,,,,,,,,,,,,,,,,,,,,,,,,76579,0.5526849031448364
,,,23,,,,,,,,,,,,,,,,,,,,,,,,,,,,,76589,0.313830703496933
,,,23,,,,,,,,,,,,,,,,,,,,,,,,,,,,,76599,0.04053010046482086
,,,23,,,,,,,,,,,,,,,,,,,,,,,,,,,,,76609,0.0810096263885498
,,,23,,,,,,,,,,,,,,,,,,,,,,,,,,,,,76619,0.01363593339920044
,,,23,,,,,,,,,,,,,,,,,,,,,,,,,,,,,76629,0.008601006120443344
,,,23,,,,,,,,,,,,,,,,,,,,,,,,,,,,,76639,0.4700823426246643
,,,23,,,,,,,,,,,,,,,,,,,,,,,,,,,,,76649,0.5503060221672058
,,,23,,,,,,,,,,,,,,,,,,,,,,,,,,,,,76659,0.6508985161781311
,,,23,,,,,,,,,,,,,,,,,,,,,,,,,,,,,76669,0.032886017113924026
,,,23,,,,,,,,,,,,,,,,,,,,,,,,,,,,,76679,0.046741146594285965
,,,23,,,,,,,,,,,,,,,,,,,,,,,,,,,,,76689,0.006880304776132107
,,,23,,,,,,,,,,,,,,,,,,,,,,,,,,,,,76699,0.45924127101898193
,,,23,,,,,,,,,,,,,,,,,,,,,,,,,,,,,76709,0.01918376237154007
,,,23,,,,,,,,,,,,,,,,,,,,,,,,,,,,,76719,0.008260716684162617
,,,23,,,,,,,,,,,,,,,,,,,,,,,,,,,,,76729,0.10674650967121124
,,,23,,,,,,,,,,,,,,,,,,,,,,,,,,,,,76739,0.9300455451011658
,,,23,,,,,,,,,,,,,,,,,,,,,,,,,,,,,76749,0.055405568331480026
,,,23,,,,,,,,,,,,,,,,,,,,,,,,,,,,,76759,0.4011805057525635
,,,23,,,,,,,,,,,,,,,,,,,,,,,,,,,,,76769,0.17644217610359192
,,,23,,,,,,,,,,,,,,,,,,,,,,,,,,,,,76779,0.04875734820961952
,,,23,,,,,,,,,,,,,,,,,,,,,,,,,,,,,76789,0.4412638545036316
,,,23,,,,,,,,,,,,,,,,,,,,,,,,,,,,,76799,0.17716509103775024
,,,23,,,,,,,,,,,,,,,,,,,,,,,,,,,,,76809,0.4556373953819275
,,,23,,,,,,,,,,,,,,,,,,,,,,,,,,,,,76819,0.5561161637306213
,,,23,,,,,,,,,,,,,,,,,,,,,,,,,,,,,76829,0.13615579903125763
,,,23,,,,,,,,,,,,,,,,,,,,,,,,,,,,,76839,0.4400465190410614
,,,23,,,,,,,,,,,,,,,,,,,,,,,,,,,,,76849,0.2611987292766571
,,,23,,,,,,,,,,,,,,,,,,,,,,,,,,,,,76859,0.05972335860133171
,,,23,,,,,,,,,,,,,,,,,,,,,,,,,,,,,76869,0.03666473180055618
,,,23,,,,,,,,,,,,,,,,,,,,,,,,,,,,,76879,0.0011309118708595634
,,,23,,,,,,,,,,,,,,,,,,,,,,,,,,,,,76889,0.792259931564331
,,,23,,,,,,,,,,,,,,,,,,,,,,,,,,,,,76899,0.09705031663179398
,,,23,,,,,,,,,,,,,,,,,,,,,,,,,,,,,76909,0.03594483807682991
,,,23,,,,,,,,,,,,,,,,,,,,,,,,,,,,,76919,0.15065735578536987
,,,23,,,,,,,,,,,,,,,,,,,,,,,,,,,,,76929,0.16872496902942657
,,,23,,,,,,,,,,,,,,,,,,,,,,,,,,,,,76939,0.76492840051651
,,,23,,,,,,,,,,,,,,,,,,,,,,,,,,,,,76949,0.031240146607160568
,,,23,,,,,,,,,,,,,,,,,,,,,,,,,,,,,76959,0.180600106716156
,,,23,,,,,,,,,,,,,,,,,,,,,,,,,,,,,76969,0.0984397903084755
,,,23,,,,,,,,,,,,,,,,,,,,,,,,,,,,,76979,0.3706565201282501
,,,23,,,,,,,,,,,,,,,,,,,,,,,,,,,,,76989,0.11838352680206299
,,,23,,,,,,,,,,,,,,,,,,,,,,,,,,,,,76999,0.04428238049149513
,,,23,,,,,,,,,,,,,,,,,,,,,,,,,,,,,77009,0.7407860159873962
,,,23,,,,,,,,,,,,,,,,,,,,,,,,,,,,,77019,0.015359007753431797
,,,23,,,,,,,,,,,,,,,,,,,,,,,,,,,,,77029,0.009994628839194775
,,,23,,,,,,,,,,,,,,,,,,,,,,,,,,,,,77039,0.03931025415658951
,,,23,,,,,,,,,,,,,,,,,,,,,,,,,,,,,77049,1.0812158584594727
,,,23,,,,,,,,,,,,,,,,,,,,,,,,,,,,,77059,0.013813820667564869
,,,23,,,,,,,,,,,,,,,,,,,,,,,,,,,,,77069,0.33878403902053833
,,,23,,,,,,,,,,,,,,,,,,,,,,,,,,,,,77079,0.8353090286254883
,,,23,,,,,,,,,,,,,,,,,,,,,,,,,,,,,77089,0.39153119921684265
,,,23,,,,,,,,,,,,,,,,,,,,,,,,,,,,,77099,0.5119466185569763
,,,23,,,,,,,,,,,,,,,,,,,,,,,,,,,,,77109,0.10938529670238495
,,,23,,,,,,,,,,,,,,,,,,,,,,,,,,,,,77119,0.32210180163383484
,,,23,,,,,,,,,,,,,,,,,,,,,,,,,,,,,77129,0.011645916849374771
,,,23,,,,,,,,,,,,,,,,,,,,,,,,,,,,,77139,0.28669628500938416
,,,23,,,,,,,,,,,,,,,,,,,,,,,,,,,,,77149,0.7347422242164612
,,,23,,,,,,,,,,,,,,,,,,,,,,,,,,,,,77159,0.5757395625114441
,,,23,,,,,,,,,,,,,,,,,,,,,,,,,,,,,77169,0.02054606005549431
,,,23,,,,,,,,,,,,,,,,,,,,,,,,,,,,,77179,0.23219726979732513
,,,23,,,,,,,,,,,,,,,,,,,,,,,,,,,,,77189,0.05516219139099121
,,,23,,,,,,,,,,,,,,,,,,,,,,,,,,,,,77199,0.039692819118499756
,,,23,,,,,,,,,,,,,,,,,,,,,,,,,,,,,77209,0.08189145475625992
,,,23,,,,,,,,,,,,,,,,,,,,,,,,,,,,,77219,0.14183391630649567
,,,23,,,,,,,,,,,,,,,,,,,,,,,,,,,,,77229,0.023082323372364044
,,,23,,,,,,,,,,,,,,,,,,,,,,,,,,,,,77239,0.01747850514948368
,,,23,,,,,,,,,,,,,,,,,,,,,,,,,,,,,77249,0.8342075347900391
,,,23,,,,,,,,,,,,,,,,,,,,,,,,,,,,,77259,0.13968537747859955
,,,23,,,,,,,,,,,,,,,,,,,,,,,,,,,,,77269,0.09064827114343643
,,,23,,,,,,,,,,,,,,,,,,,,,,,,,,,,,77279,0.48464155197143555
,,,23,,,,,,,,,,,,,,,,,,,,,,,,,,,,,77289,0.6242570877075195
,,,23,,,,,,,,,,,,,,,,,,,,,,,,,,,,,77299,0.0076604424975812435
,,,23,,,,,,,,,,,,,,,,,,,,,,,,,,,,,77309,0.06771080195903778
,,,23,,,,,,,,,,,,,,,,,,,,,,,,,,,,,77319,0.1005382314324379
,,,23,,,,,,,,,,,,,,,,,,,,,,,,,,,,,77329,0.05024416372179985
,,,23,,,,,,,,,,,,,,,,,,,,,,,,,,,,,77339,0.3946743309497833
,,,23,,,,,,,,,,,,,,,,,,,,,,,,,,,,,77349,0.05754043534398079
,,,23,,,,,,,,,,,,,,,,,,,,,,,,,,,,,77359,0.3793209493160248
,,,23,,,,,,,,,,,,,,,,,,,,,,,,,,,,,77369,0.008194200694561005
,,,23,,,,,,,,,,,,,,,,,,,,,,,,,,,,,77379,0.2077626734972
,,,23,,,,,,,,,,,,,,,,,,,,,,,,,,,,,77389,0.07869260758161545
,,,23,,,,,,,,,,,,,,,,,,,,,,,,,,,,,77399,0.4737926721572876
,,,23,,,,,,,,,,,,,,,,,,,,,,,,,,,,,77409,0.02770516276359558
,,,23,,,,,,,,,,,,,,,,,,,,,,,,,,,,,77419,0.22107575833797455
,,,23,,,,,,,,,,,,,,,,,,,,,,,,,,,,,77429,0.03737306967377663
,,,23,,,,,,,,,,,,,,,,,,,,,,,,,,,,,77439,0.05441410839557648
,,,23,,,,,,,,,,,,,,,,,,,,,,,,,,,,,77449,0.011447851546108723
,,,23,,,,,,,,,,,,,,,,,,,,,,,,,,,,,77459,0.15128642320632935
,,,23,,,,,,,,,,,,,,,,,,,,,,,,,,,,,77469,0.025227366015315056
,,,23,,,,,,,,,,,,,,,,,,,,,,,,,,,,,77479,0.39759212732315063
,,,23,,,,,,,,,,,,,,,,,,,,,,,,,,,,,77489,0.02015204168856144
,,,23,,,,,,,,,,,,,,,,,,,,,,,,,,,,,77499,0.11832220107316971
,,,23,,,,,,,,,,,,,,,,,,,,,,,,,,,,,77509,0.21392077207565308
,,,23,,,,,,,,,,,,,,,,,,,,,,,,,,,,,77519,0.039623238146305084
,,,23,,,,,,,,,,,,,,,,,,,,,,,,,,,,,77529,0.4562561511993408
,,,23,,,,,,,,,,,,,,,,,,,,,,,,,,,,,77539,0.20328372716903687
,,,23,,,,,,,,,,,,,,,,,,,,,,,,,,,,,77549,0.023177264258265495
,,,23,,,,,,,,,,,,,,,,,,,,,,,,,,,,,77559,0.05905726179480553
,,,23,,,,,,,,,,,,,,,,,,,,,,,,,,,,,77569,0.17404930293560028
,,,23,,,,,,,,,,,,,,,,,,,,,,,,,,,,,77579,0.33158791065216064
,,,23,,,,,,,,,,,,,,,,,,,,,,,,,,,,,77589,0.18399591743946075
,,,23,,,,,,,,,,,,,,,,,,,,,,,,,,,,,77599,0.6720573306083679
,,,23,,,,,,,,,,,,,,,,,,,,,,,,,,,,,77609,0.19731350243091583
,,,23,,,,,,,,,,,,,,,,,,,,,,,,,,,,,77619,0.2428399622440338
,,,23,,,,,,,,,,,,,,,,,,,,,,,,,,,,,77629,0.09856679290533066
,,,23,,,,,,,,,,,,,,,,,,,,,,,,,,,,,77639,0.015895197167992592
,,,23,,,,,,,,,,,,,,,,,,,,,,,,,,,,,77649,0.046655070036649704
,,,23,,,,,,,,,,,,,,,,,,,,,,,,,,,,,77659,0.8866071701049805
,,,23,,,,,,,,,,,,,,,,,,,,,,,,,,,,,77669,0.6304675936698914
,,,23,,,,,,,,,,,,,,,,,,,,,,,,,,,,,77679,0.09297163039445877
,,,23,,,,,,,,,,,,,,,,,,,,,,,,,,,,,77689,0.11191608011722565
,,,23,,,,,,,,,,,,,,,,,,,,,,,,,,,,,77699,0.14824393391609192
,,,23,,,,,,,,,,,,,,,,,,,,,,,,,,,,,77709,0.48329728841781616
,,,23,,,,,,,,,,,,,,,,,,,,,,,,,,,,,77719,0.3721494972705841
,,,23,,,,,,,,,,,,,,,,,,,,,,,,,,,,,77729,0.13817261159420013
,,,23,,,,,,,,,,,,,,,,,,,,,,,,,,,,,77739,0.4409078061580658
,,,23,,,,,,,,,,,,,,,,,,,,,,,,,,,,,77749,0.24338044226169586
,,,23,,,,,,,,,,,,,,,,,,,,,,,,,,,,,77759,0.021643085405230522
,,,23,,,,,,,,,,,,,,,,,,,,,,,,,,,,,77769,0.21881411969661713
,,,23,,,,,,,,,,,,,,,,,,,,,,,,,,,,,77779,0.045022133737802505
,,,23,,,,,,,,,,,,,,,,,,,,,,,,,,,,,77789,0.13067306578159332
,,,23,,,,,,,,,,,,,,,,,,,,,,,,,,,,,77799,0.20853380858898163
,,,23,,,,,,,,,,,,,,,,,,,,,,,,,,,,,77809,0.08255809545516968
,,,23,,,,,,,,,,,,,,,,,,,,,,,,,,,,,77819,0.032569192349910736
,,,23,,,,,,,,,,,,,,,,,,,,,,,,,,,,,77829,0.04350736364722252
,,,23,,,,,,,,,,,,,,,,,,,,,,,,,,,,,77839,0.14642593264579773
,,,23,,,,,,,,,,,,,,,,,,,,,,,,,,,,,77849,0.006349211558699608
,,,23,,,,,,,,,,,,,,,,,,,,,,,,,,,,,77859,0.37678804993629456
,,,23,,,,,,,,,,,,,,,,,,,,,,,,,,,,,77869,0.15164941549301147
,,,23,,,,,,,,,,,,,,,,,,,,,,,,,,,,,77879,0.1009637638926506
,,,23,,,,,,,,,,,,,,,,,,,,,,,,,,,,,77889,0.012717974372208118
,,,23,,,,,,,,,,,,,,,,,,,,,,,,,,,,,77899,0.08144854009151459
,,,23,,,,,,,,,,,,,,,,,,,,,,,,,,,,,77909,0.7625382542610168
,,,23,,,,,,,,,,,,,,,,,,,,,,,,,,,,,77919,0.046790044754743576
,,,23,,,,,,,,,,,,,,,,,,,,,,,,,,,,,77929,0.013917398639023304
,,,23,,,,,,,,,,,,,,,,,,,,,,,,,,,,,77939,0.19331929087638855
,,,23,,,,,,,,,,,,,,,,,,,,,,,,,,,,,77949,0.04637111723423004
,,,23,,,,,,,,,,,,,,,,,,,,,,,,,,,,,77959,0.23581981658935547
,,,23,,,,,,,,,,,,,,,,,,,,,,,,,,,,,77969,0.0833485946059227
,,,23,,,,,,,,,,,,,,,,,,,,,,,,,,,,,77979,0.5083414316177368
,,,23,,,,,,,,,,,,,,,,,,,,,,,,,,,,,77989,0.19191977381706238
,,,23,,,,,,,,,,,,,,,,,,,,,,,,,,,,,77999,0.07614011317491531
,,,23,,,,,,,,,,,,,,,,,,,,,,,,,,,,,78009,0.08762812614440918
,,,23,,,,,,,,,,,,,,,,,,,,,,,,,,,,,78019,0.04573385789990425
,,,23,,,,,,,,,,,,,,,,,,,,,,,,,,,,,78029,0.011338677257299423
,,,23,,,,,,,,,,,,,,,,,,,,,,,,,,,,,78039,0.13040228188037872
,,,23,,,,,,,,,,,,,,,,,,,,,,,,,,,,,78049,0.326325923204422
,,,23,,,,,,,,,,,,,,,,,,,,,,,,,,,,,78059,0.24279193580150604
,,,23,,,,,,,,,,,,,,,,,,,,,,,,,,,,,78069,0.012315795756876469
,,,23,,,,,,,,,,,,,,,,,,,,,,,,,,,,,78079,0.17529594898223877
,,,23,,,,,,,,,,,,,,,,,,,,,,,,,,,,,78089,0.0741666629910469
,,,23,,,,,,,,,,,,,,,,,,,,,,,,,,,,,78099,0.6277986168861389
,,,23,,,,,,,,,,,,,,,,,,,,,,,,,,,,,78109,0.5747877359390259
,,,23,,,,,,,,,,,,,,,,,,,,,,,,,,,,,78119,0.4588184356689453
,,,23,,,,,,,,,,,,,,,,,,,,,,,,,,,,,78129,0.04007241502404213
,,,23,,,,,,,,,,,,,,,,,,,,,,,,,,,,,78139,0.5052371621131897
,,,23,,,,,,,,,,,,,,,,,,,,,,,,,,,,,78149,0.32237568497657776
,,,23,,,,,,,,,,,,,,,,,,,,,,,,,,,,,78159,0.1101175844669342
,,,23,,,,,,,,,,,,,,,,,,,,,,,,,,,,,78169,0.06914829462766647
,,,23,,,,,,,,,,,,,,,,,,,,,,,,,,,,,78179,0.02843058668076992
,,,23,,,,,,,,,,,,,,,,,,,,,,,,,,,,,78189,0.3545079827308655
,,,23,,,,,,,,,,,,,,,,,,,,,,,,,,,,,78199,0.031383004039525986
,,,23,,,,,,,,,,,,,,,,,,,,,,,,,,,,,78209,0.019011901691555977
,,,23,,,,,,,,,,,,,,,,,,,,,,,,,,,,,78219,0.4792098104953766
,,,23,,,,,,,,,,,,,,,,,,,,,,,,,,,,,78229,0.05602110177278519
,,,23,,,,,,,,,,,,,,,,,,,,,,,,,,,,,78239,0.2832576632499695
,,,23,,,,,,,,,,,,,,,,,,,,,,,,,,,,,78249,0.6203919649124146
,,,23,,,,,,,,,,,,,,,,,,,,,,,,,,,,,78259,0.3227294981479645
,,,23,,,,,,,,,,,,,,,,,,,,,,,,,,,,,78269,0.07494577020406723
,,,23,,,,,,,,,,,,,,,,,,,,,,,,,,,,,78279,0.21444743871688843
,,,23,,,,,,,,,,,,,,,,,,,,,,,,,,,,,78289,0.04231473058462143
,,,23,,,,,,,,,,,,,,,,,,,,,,,,,,,,,78299,0.2099682241678238
,,,23,,,,,,,,,,,,,,,,,,,,,,,,,,,,,78309,0.20315703749656677
,,,23,,,,,,,,,,,,,,,,,,,,,,,,,,,,,78319,0.1677514761686325
,,,23,,,,,,,,,,,,,,,,,,,,,,,,,,,,,78329,0.05410255864262581
,,,23,,,,,,,,,,,,,,,,,,,,,,,,,,,,,78339,0.14586696028709412
,,,23,,,,,,,,,,,,,,,,,,,,,,,,,,,,,78349,0.1710594743490219
,,,23,,,,,,,,,,,,,,,,,,,,,,,,,,,,,78359,0.6330294013023376
,,,23,,,,,,,,,,,,,,,,,,,,,,,,,,,,,78369,0.07877828925848007
,,,23,,,,,,,,,,,,,,,,,,,,,,,,,,,,,78379,0.04364008083939552
,,,23,,,,,,,,,,,,,,,,,,,,,,,,,,,,,78389,0.22609320282936096
,,,23,,,,,,,,,,,,,,,,,,,,,,,,,,,,,78399,0.07796923816204071
,,,23,,,,,,,,,,,,,,,,,,,,,,,,,,,,,78409,0.36791008710861206
,,,23,,,,,,,,,,,,,,,,,,,,,,,,,,,,,78419,0.015842048451304436
,,,23,,,,,,,,,,,,,,,,,,,,,,,,,,,,,78429,0.3090986907482147
,,,23,,,,,,,,,,,,,,,,,,,,,,,,,,,,,78439,0.5443220138549805
,,,23,,,,,,,,,,,,,,,,,,,,,,,,,,,,,78449,0.0835607647895813
,,,23,,,,,,,,,,,,,,,,,,,,,,,,,,,,,78459,0.007789128925651312
,,,23,,,,,,,,,,,,,,,,,,,,,,,,,,,,,78469,0.0659249946475029
,,,23,,,,,,,,,,,,,,,,,,,,,,,,,,,,,78479,0.5098772644996643
,,,23,,,,,,,,,,,,,,,,,,,,,,,,,,,,,78489,0.007567746099084616
,,,23,,,,,,,,,,,,,,,,,,,,,,,,,,,,,78499,0.05909706652164459
,,,23,,,,,,,,,,,,,,,,,,,,,,,,,,,,,78509,0.057759273797273636
,,,23,,,,,,,,,,,,,,,,,,,,,,,,,,,,,78519,0.26418501138687134
,,,23,,,,,,,,,,,,,,,,,,,,,,,,,,,,,78529,0.28213244676589966
,,,23,,,,,,,,,,,,,,,,,,,,,,,,,,,,,78539,0.027672842144966125
,,,23,,,,,,,,,,,,,,,,,,,,,,,,,,,,,78549,0.21045871078968048
,,,23,,,,,,,,,,,,,,,,,,,,,,,,,,,,,78559,0.08620031177997589
,,,23,,,,,,,,,,,,,,,,,,,,,,,,,,,,,78569,0.023721864446997643
,,,23,,,,,,,,,,,,,,,,,,,,,,,,,,,,,78579,1.312911033630371
,,,23,,,,,,,,,,,,,,,,,,,,,,,,,,,,,78589,0.33967381715774536
,,,23,,,,,,,,,,,,,,,,,,,,,,,,,,,,,78599,0.13802970945835114
,,,23,,,,,,,,,,,,,,,,,,,,,,,,,,,,,78609,0.10170814394950867
,,,23,,,,,,,,,,,,,,,,,,,,,,,,,,,,,78619,0.013193873688578606
,,,23,,,,,,,,,,,,,,,,,,,,,,,,,,,,,78629,0.021601902320981026
,,,23,,,,,,,,,,,,,,,,,,,,,,,,,,,,,78639,0.16786232590675354
,,,23,,,,,,,,,,,,,,,,,,,,,,,,,,,,,78649,0.3063603937625885
,,,23,,,,,,,,,,,,,,,,,,,,,,,,,,,,,78659,0.31151315569877625
,,,23,,,,,,,,,,,,,,,,,,,,,,,,,,,,,78669,0.9278005361557007
,,,23,,,,,,,,,,,,,,,,,,,,,,,,,,,,,78679,0.019948357716202736
,,,23,,,,,,,,,,,,,,,,,,,,,,,,,,,,,78689,0.017654668539762497
,,,23,,,,,,,,,,,,,,,,,,,,,,,,,,,,,78699,0.17762738466262817
,,,23,,,,,,,,,,,,,,,,,,,,,,,,,,,,,78709,0.565731942653656
,,,23,,,,,,,,,,,,,,,,,,,,,,,,,,,,,78719,0.19305698573589325
,,,23,,,,,,,,,,,,,,,,,,,,,,,,,,,,,78729,0.011093772016465664
,,,23,,,,,,,,,,,,,,,,,,,,,,,,,,,,,78739,0.015409142710268497
,,,23,,,,,,,,,,,,,,,,,,,,,,,,,,,,,78749,0.601413905620575
,,,23,,,,,,,,,,,,,,,,,,,,,,,,,,,,,78759,0.037695713341236115
,,,23,,,,,,,,,,,,,,,,,,,,,,,,,,,,,78769,0.18929684162139893
,,,23,,,,,,,,,,,,,,,,,,,,,,,,,,,,,78779,0.040070079267024994
,,,23,,,,,,,,,,,,,,,,,,,,,,,,,,,,,78789,0.00895568449050188
,,,23,,,,,,,,,,,,,,,,,,,,,,,,,,,,,78799,0.015372729860246181
,,,23,,,,,,,,,,,,,,,,,,,,,,,,,,,,,78809,0.26200374960899353
,,,23,,,,,,,,,,,,,,,,,,,,,,,,,,,,,78819,0.029020527377724648
,,,23,,,,,,,,,,,,,,,,,,,,,,,,,,,,,78829,0.025196274742484093
,,,23,,,,,,,,,,,,,,,,,,,,,,,,,,,,,78839,1.1870285272598267
,,,23,,,,,,,,,,,,,,,,,,,,,,,,,,,,,78849,0.01549388188868761
,,,23,,,,,,,,,,,,,,,,,,,,,,,,,,,,,78859,0.1381063163280487
,,,23,,,,,,,,,,,,,,,,,,,,,,,,,,,,,78869,0.03708992153406143
,,,23,,,,,,,,,,,,,,,,,,,,,,,,,,,,,78879,0.08406151086091995
,,,23,,,,,,,,,,,,,,,,,,,,,,,,,,,,,78889,0.004423174541443586
,,,23,,,,,,,,,,,,,,,,,,,,,,,,,,,,,78899,0.012070593424141407
,,,23,,,,,,,,,,,,,,,,,,,,,,,,,,,,,78909,0.20768684148788452
,,,23,,,,,,,,,,,,,,,,,,,,,,,,,,,,,78919,0.39647117257118225
,,,23,,,,,,,,,,,,,,,,,,,,,,,,,,,,,78929,0.04517972469329834
,,,23,,,,,,,,,,,,,,,,,,,,,,,,,,,,,78939,1.1291917562484741
,,,23,,,,,,,,,,,,,,,,,,,,,,,,,,,,,78949,0.15374234318733215
,,,23,,,,,,,,,,,,,,,,,,,,,,,,,,,,,78959,0.3576729893684387
,,,23,,,,,,,,,,,,,,,,,,,,,,,,,,,,,78969,0.013273919932544231
,,,23,,,,,,,,,,,,,,,,,,,,,,,,,,,,,78979,0.31659990549087524
,,,23,,,,,,,,,,,,,,,,,,,,,,,,,,,,,78989,0.13440947234630585
,,,23,,,,,,,,,,,,,,,,,,,,,,,,,,,,,78999,0.055387191474437714
,,,23,,,,,,,,,,,,,,,,,,,,,,,,,,,,,79009,0.003838151227682829
,,,23,,,,,,,,,,,,,,,,,,,,,,,,,,,,,79019,0.2725476026535034
,,,23,,,,,,,,,,,,,,,,,,,,,,,,,,,,,79029,0.14839237928390503
,,,23,,,,,,,,,,,,,,,,,,,,,,,,,,,,,79039,0.08182118088006973
,,,23,,,,,,,,,,,,,,,,,,,,,,,,,,,,,79049,0.08028484880924225
,,,23,,,,,,,,,,,,,,,,,,,,,,,,,,,,,79059,0.4554005563259125
,,,23,,,,,,,,,,,,,,,,,,,,,,,,,,,,,79069,0.2281857281923294
,,,23,,,,,,,,,,,,,,,,,,,,,,,,,,,,,79079,0.8883468508720398
,,,23,,,,,,,,,,,,,,,,,,,,,,,,,,,,,79089,0.07427117973566055
,,,23,,,,,,,,,,,,,,,,,,,,,,,,,,,,,79099,0.32102474570274353
,,,23,,,,,,,,,,,,,,,,,,,,,,,,,,,,,79109,0.049944180995225906
,,,23,,,,,,,,,,,,,,,,,,,,,,,,,,,,,79119,0.00746185053139925
,,,23,,,,,,,,,,,,,,,,,,,,,,,,,,,,,79129,0.0989777073264122
,,,23,,,,,,,,,,,,,,,,,,,,,,,,,,,,,79139,0.04167873039841652
,,,23,,,,,,,,,,,,,,,,,,,,,,,,,,,,,79149,0.15134212374687195
,,,23,,,,,,,,,,,,,,,,,,,,,,,,,,,,,79159,0.03463832661509514
,,,23,,,,,,,,,,,,,,,,,,,,,,,,,,,,,79169,0.1336597204208374
,,,23,,,,,,,,,,,,,,,,,,,,,,,,,,,,,79179,0.022319220006465912
,,,23,,,,,,,,,,,,,,,,,,,,,,,,,,,,,79189,0.13452547788619995
,,,23,,,,,,,,,,,,,,,,,,,,,,,,,,,,,79199,0.025505628436803818
,,,23,,,,,,,,,,,,,,,,,,,,,,,,,,,,,79209,0.33535507321357727
,,,23,,,,,,,,,,,,,,,,,,,,,,,,,,,,,79219,0.3284890949726105
,,,23,,,,,,,,,,,,,,,,,,,,,,,,,,,,,79229,0.011402594856917858
,,,23,,,,,,,,,,,,,,,,,,,,,,,,,,,,,79239,0.16374404728412628
,,,23,,,,,,,,,,,,,,,,,,,,,,,,,,,,,79249,0.1561509072780609
,,,23,,,,,,,,,,,,,,,,,,,,,,,,,,,,,79259,0.3245779871940613
,,,23,,,,,,,,,,,,,,,,,,,,,,,,,,,,,79269,0.9867252111434937
,,,23,,,,,,,,,,,,,,,,,,,,,,,,,,,,,79279,0.047645095735788345
,,,23,,,,,,,,,,,,,,,,,,,,,,,,,,,,,79289,0.0353890135884285
,,,23,,,,,,,,,,,,,,,,,,,,,,,,,,,,,79299,0.011941771022975445
,,,23,,,,,,,,,,,,,,,,,,,,,,,,,,,,,79309,0.16720721125602722
,,,23,,,,,,,,,,,,,,,,,,,,,,,,,,,,,79319,0.1692129373550415
,,,23,,,,,,,,,,,,,,,,,,,,,,,,,,,,,79329,0.09765356779098511
,,,23,,,,,,,,,,,,,,,,,,,,,,,,,,,,,79339,0.09056738018989563
,,,23,,,,,,,,,,,,,,,,,,,,,,,,,,,,,79349,0.02391820214688778
,,,23,,,,,,,,,,,,,,,,,,,,,,,,,,,,,79359,0.3888280987739563
,,,23,,,,,,,,,,,,,,,,,,,,,,,,,,,,,79369,0.14500148594379425
,,,23,,,,,,,,,,,,,,,,,,,,,,,,,,,,,79379,0.33923348784446716
,,,23,,,,,,,,,,,,,,,,,,,,,,,,,,,,,79389,0.5235457420349121
,,,23,,,,,,,,,,,,,,,,,,,,,,,,,,,,,79399,0.0672401413321495
,,,23,,,,,,,,,,,,,,,,,,,,,,,,,,,,,79409,0.05579713359475136
,,,23,,,,,,,,,,,,,,,,,,,,,,,,,,,,,79419,0.038433097302913666
,,,23,,,,,,,,,,,,,,,,,,,,,,,,,,,,,79429,0.005117889028042555
,,,23,,,,,,,,,,,,,,,,,,,,,,,,,,,,,79439,0.516183614730835
,,,,3.53203149892017e-07,1.978659850240633e-06,3.0440920772932807e-06,3.0440920772932807e-06,4.683218580451201e-06,4.683218580451201e-06,7.204951662232617e-06,7.204951662232617e-06,1.108454101881941e-05,1.108454101881941e-05,1.705314002895294e-05,3.53203149892017e-07,1.705314002895294e-05,2.623560004454298e-05,2.623560004454298e-05,4.03624616069892e-05,4.03624616069892e-05,6.209609477998338e-05,6.209609477998338e-05,6.209609477998338e-05,6.209609477998338e-05,5.433894613723337e-07,5.433894613723337e-07,8.359837867266674e-07,8.359837867266674e-07,1.2861289026564112e-06,1.2861289026564112e-06,1.978659850240633e-06,79441,
,,,24,,,,,,,,,,,,,,,,,,,,,,,,,,,,,79449,0.02107638493180275
,,,24,,,,,,,,,,,,,,,,,,,,,,,,,,,,,79459,0.08033442497253418
,,,24,,,,,,,,,,,,,,,,,,,,,,,,,,,,,79469,0.7486925721168518
,,,24,,,,,,,,,,,,,,,,,,,,,,,,,,,,,79479,0.0414135716855526
,,,24,,,,,,,,,,,,,,,,,,,,,,,,,,,,,79489,0.15870974957942963
,,,24,,,,,,,,,,,,,,,,,,,,,,,,,,,,,79499,0.6652891039848328
,,,24,,,,,,,,,,,,,,,,,,,,,,,,,,,,,79509,0.34895059466362
,,,24,,,,,,,,,,,,,,,,,,,,,,,,,,,,,79519,0.27048614621162415
,,,24,,,,,,,,,,,,,,,,,,,,,,,,,,,,,79529,0.04888065531849861
,,,24,,,,,,,,,,,,,,,,,,,,,,,,,,,,,79539,0.7169341444969177
,,,24,,,,,,,,,,,,,,,,,,,,,,,,,,,,,79549,0.051499150693416595
,,,24,,,,,,,,,,,,,,,,,,,,,,,,,,,,,79559,0.04627770185470581
,,,24,,,,,,,,,,,,,,,,,,,,,,,,,,,,,79569,0.025224627926945686
,,,24,,,,,,,,,,,,,,,,,,,,,,,,,,,,,79579,0.004421583376824856
,,,24,,,,,,,,,,,,,,,,,,,,,,,,,,,,,79589,0.5499826073646545
,,,24,,,,,,,,,,,,,,,,,,,,,,,,,,,,,79599,0.33796408772468567
,,,24,,,,,,,,,,,,,,,,,,,,,,,,,,,,,79609,0.15732307732105255
,,,24,,,,,,,,,,,,,,,,,,,,,,,,,,,,,79619,0.02026539109647274
,,,24,,,,,,,,,,,,,,,,,,,,,,,,,,,,,79629,0.03768978640437126
,,,24,,,,,,,,,,,,,,,,,,,,,,,,,,,,,79639,1.2324304580688477
,,,24,,,,,,,,,,,,,,,,,,,,,,,,,,,,,79649,0.016985947266221046
,,,24,,,,,,,,,,,,,,,,,,,,,,,,,,,,,79659,0.13977447152137756
,,,24,,,,,,,,,,,,,,,,,,,,,,,,,,,,,79669,0.12035378068685532
,,,24,,,,,,,,,,,,,,,,,,,,,,,,,,,,,79679,0.06740491837263107
,,,24,,,,,,,,,,,,,,,,,,,,,,,,,,,,,79689,0.040771353989839554
,,,24,,,,,,,,,,,,,,,,,,,,,,,,,,,,,79699,0.030806437134742737
,,,24,,,,,,,,,,,,,,,,,,,,,,,,,,,,,79709,0.02954261563718319
,,,24,,,,,,,,,,,,,,,,,,,,,,,,,,,,,79719,0.03726835548877716
,,,24,,,,,,,,,,,,,,,,,,,,,,,,,,,,,79729,0.029887305572628975
,,,24,,,,,,,,,,,,,,,,,,,,,,,,,,,,,79739,0.04278485104441643
,,,24,,,,,,,,,,,,,,,,,,,,,,,,,,,,,79749,0.036580443382263184
,,,24,,,,,,,,,,,,,,,,,,,,,,,,,,,,,79759,0.03807772696018219
,,,24,,,,,,,,,,,,,,,,,,,,,,,,,,,,,79769,0.10069452226161957
,,,24,,,,,,,,,,,,,,,,,,,,,,,,,,,,,79779,0.05947720259428024
,,,24,,,,,,,,,,,,,,,,,,,,,,,,,,,,,79789,0.08772418648004532
,,,24,,,,,,,,,,,,,,,,,,,,,,,,,,,,,79799,0.36238235235214233
,,,24,,,,,,,,,,,,,,,,,,,,,,,,,,,,,79809,0.05933011323213577
,,,24,,,,,,,,,,,,,,,,,,,,,,,,,,,,,79819,0.48759421706199646
,,,24,,,,,,,,,,,,,,,,,,,,,,,,,,,,,79829,0.1039215624332428
,,,24,,,,,,,,,,,,,,,,,,,,,,,,,,,,,79839,0.09772520512342453
,,,24,,,,,,,,,,,,,,,,,,,,,,,,,,,,,79849,0.3694991171360016
,,,24,,,,,,,,,,,,,,,,,,,,,,,,,,,,,79859,0.09654087573289871
,,,24,,,,,,,,,,,,,,,,,,,,,,,,,,,,,79869,0.011600174941122532
,,,24,,,,,,,,,,,,,,,,,,,,,,,,,,,,,79879,0.021648012101650238
,,,24,,,,,,,,,,,,,,,,,,,,,,,,,,,,,79889,0.12206407636404037
,,,24,,,,,,,,,,,,,,,,,,,,,,,,,,,,,79899,0.31404608488082886
,,,24,,,,,,,,,,,,,,,,,,,,,,,,,,,,,79909,0.8849102258682251
,,,24,,,,,,,,,,,,,,,,,,,,,,,,,,,,,79919,0.009274031035602093
,,,24,,,,,,,,,,,,,,,,,,,,,,,,,,,,,79929,0.2871573567390442
,,,24,,,,,,,,,,,,,,,,,,,,,,,,,,,,,79939,0.1011723130941391
,,,24,,,,,,,,,,,,,,,,,,,,,,,,,,,,,79949,0.6348021626472473
,,,24,,,,,,,,,,,,,,,,,,,,,,,,,,,,,79959,0.010621342808008194
,,,24,,,,,,,,,,,,,,,,,,,,,,,,,,,,,79969,0.0840192586183548
,,,24,,,,,,,,,,,,,,,,,,,,,,,,,,,,,79979,0.30363529920578003
,,,24,,,,,,,,,,,,,,,,,,,,,,,,,,,,,79989,0.7357527017593384
,,,24,,,,,,,,,,,,,,,,,,,,,,,,,,,,,79999,0.6077067255973816
,,,24,,,,,,,,,,,,,,,,,,,,,,,,,,,,,80009,0.024769563227891922
,,,24,,,,,,,,,,,,,,,,,,,,,,,,,,,,,80019,0.22609207034111023
,,,24,,,,,,,,,,,,,,,,,,,,,,,,,,,,,80029,0.5069581866264343
,,,24,,,,,,,,,,,,,,,,,,,,,,,,,,,,,80039,0.13303549587726593
,,,24,,,,,,,,,,,,,,,,,,,,,,,,,,,,,80049,0.31898295879364014
,,,24,,,,,,,,,,,,,,,,,,,,,,,,,,,,,80059,0.19198760390281677
,,,24,,,,,,,,,,,,,,,,,,,,,,,,,,,,,80069,0.015568920411169529
,,,24,,,,,,,,,,,,,,,,,,,,,,,,,,,,,80079,0.546031653881073
,,,24,,,,,,,,,,,,,,,,,,,,,,,,,,,,,80089,0.3297833204269409
,,,24,,,,,,,,,,,,,,,,,,,,,,,,,,,,,80099,0.1114748865365982
,,,24,,,,,,,,,,,,,,,,,,,,,,,,,,,,,80109,0.1291794329881668
,,,24,,,,,,,,,,,,,,,,,,,,,,,,,,,,,80119,0.028187695890665054
,,,24,,,,,,,,,,,,,,,,,,,,,,,,,,,,,80129,0.006506403908133507
,,,24,,,,,,,,,,,,,,,,,,,,,,,,,,,,,80139,0.004711898043751717
,,,24,,,,,,,,,,,,,,,,,,,,,,,,,,,,,80149,0.5437177419662476
,,,24,,,,,,,,,,,,,,,,,,,,,,,,,,,,,80159,0.07947499305009842
,,,24,,,,,,,,,,,,,,,,,,,,,,,,,,,,,80169,0.05328952148556709
,,,24,,,,,,,,,,,,,,,,,,,,,,,,,,,,,80179,0.12007186561822891
,,,24,,,,,,,,,,,,,,,,,,,,,,,,,,,,,80189,0.03687368333339691
,,,24,,,,,,,,,,,,,,,,,,,,,,,,,,,,,80199,0.0653938427567482
,,,24,,,,,,,,,,,,,,,,,,,,,,,,,,,,,80209,0.1832476407289505
,,,24,,,,,,,,,,,,,,,,,,,,,,,,,,,,,80219,0.0553305558860302
,,,24,,,,,,,,,,,,,,,,,,,,,,,,,,,,,80229,0.08108104020357132
,,,24,,,,,,,,,,,,,,,,,,,,,,,,,,,,,80239,0.6236855387687683
,,,24,,,,,,,,,,,,,,,,,,,,,,,,,,,,,80249,0.7004703879356384
,,,24,,,,,,,,,,,,,,,,,,,,,,,,,,,,,80259,1.1465431451797485
,,,24,,,,,,,,,,,,,,,,,,,,,,,,,,,,,80269,0.030274957418441772
,,,24,,,,,,,,,,,,,,,,,,,,,,,,,,,,,80279,0.08259760588407516
,,,24,,,,,,,,,,,,,,,,,,,,,,,,,,,,,80289,0.027176031842827797
,,,24,,,,,,,,,,,,,,,,,,,,,,,,,,,,,80299,0.005658581852912903
,,,24,,,,,,,,,,,,,,,,,,,,,,,,,,,,,80309,0.0035700052976608276
,,,24,,,,,,,,,,,,,,,,,,,,,,,,,,,,,80319,0.08827695995569229
,,,24,,,,,,,,,,,,,,,,,,,,,,,,,,,,,80329,0.06751588732004166
,,,24,,,,,,,,,,,,,,,,,,,,,,,,,,,,,80339,0.03414542227983475
,,,24,,,,,,,,,,,,,,,,,,,,,,,,,,,,,80349,0.6634486317634583
,,,24,,,,,,,,,,,,,,,,,,,,,,,,,,,,,80359,0.0979650542140007
,,,24,,,,,,,,,,,,,,,,,,,,,,,,,,,,,80369,0.3066542148590088
,,,24,,,,,,,,,,,,,,,,,,,,,,,,,,,,,80379,0.2600543797016144
,,,24,,,,,,,,,,,,,,,,,,,,,,,,,,,,,80389,0.11871646344661713
,,,24,,,,,,,,,,,,,,,,,,,,,,,,,,,,,80399,0.15898723900318146
,,,24,,,,,,,,,,,,,,,,,,,,,,,,,,,,,80409,0.017322426661849022
,,,24,,,,,,,,,,,,,,,,,,,,,,,,,,,,,80419,0.03523634746670723
,,,24,,,,,,,,,,,,,,,,,,,,,,,,,,,,,80429,0.06416086852550507
,,,24,,,,,,,,,,,,,,,,,,,,,,,,,,,,,80439,0.4276011288166046
,,,24,,,,,,,,,,,,,,,,,,,,,,,,,,,,,80449,0.42368102073669434
,,,24,,,,,,,,,,,,,,,,,,,,,,,,,,,,,80459,0.07467398047447205
,,,24,,,,,,,,,,,,,,,,,,,,,,,,,,,,,80469,0.6656591296195984
,,,24,,,,,,,,,,,,,,,,,,,,,,,,,,,,,80479,0.05188633129000664
,,,24,,,,,,,,,,,,,,,,,,,,,,,,,,,,,80489,0.5428348779678345
,,,24,,,,,,,,,,,,,,,,,,,,,,,,,,,,,80499,0.07674272358417511
,,,24,,,,,,,,,,,,,,,,,,,,,,,,,,,,,80509,0.16168169677257538
,,,24,,,,,,,,,,,,,,,,,,,,,,,,,,,,,80519,0.2844619154930115
,,,24,,,,,,,,,,,,,,,,,,,,,,,,,,,,,80529,0.19770970940589905
,,,24,,,,,,,,,,,,,,,,,,,,,,,,,,,,,80539,0.07633516192436218
,,,24,,,,,,,,,,,,,,,,,,,,,,,,,,,,,80549,0.051821861416101456
,,,24,,,,,,,,,,,,,,,,,,,,,,,,,,,,,80559,0.047254689037799835
,,,24,,,,,,,,,,,,,,,,,,,,,,,,,,,,,80569,0.1347237527370453
,,,24,,,,,,,,,,,,,,,,,,,,,,,,,,,,,80579,0.4242115914821625
,,,24,,,,,,,,,,,,,,,,,,,,,,,,,,,,,80589,0.19488878548145294
,,,24,,,,,,,,,,,,,,,,,,,,,,,,,,,,,80599,0.46771880984306335
,,,24,,,,,,,,,,,,,,,,,,,,,,,,,,,,,80609,0.058962903916835785
,,,24,,,,,,,,,,,,,,,,,,,,,,,,,,,,,80619,0.03988001123070717
,,,24,,,,,,,,,,,,,,,,,,,,,,,,,,,,,80629,0.1781834363937378
,,,24,,,,,,,,,,,,,,,,,,,,,,,,,,,,,80639,0.009976590983569622
,,,24,,,,,,,,,,,,,,,,,,,,,,,,,,,,,80649,0.6675547361373901
,,,24,,,,,,,,,,,,,,,,,,,,,,,,,,,,,80659,0.8570196628570557
,,,24,,,,,,,,,,,,,,,,,,,,,,,,,,,,,80669,0.1592128425836563
,,,24,,,,,,,,,,,,,,,,,,,,,,,,,,,,,80679,0.04246072843670845
,,,24,,,,,,,,,,,,,,,,,,,,,,,,,,,,,80689,0.03774022310972214
,,,24,,,,,,,,,,,,,,,,,,,,,,,,,,,,,80699,0.027188977226614952
,,,24,,,,,,,,,,,,,,,,,,,,,,,,,,,,,80709,0.08986815810203552
,,,24,,,,,,,,,,,,,,,,,,,,,,,,,,,,,80719,0.02053231932222843
,,,24,,,,,,,,,,,,,,,,,,,,,,,,,,,,,80729,0.14225713908672333
,,,24,,,,,,,,,,,,,,,,,,,,,,,,,,,,,80739,0.19848254323005676
,,,24,,,,,,,,,,,,,,,,,,,,,,,,,,,,,80749,0.4271455705165863
,,,24,,,,,,,,,,,,,,,,,,,,,,,,,,,,,80759,0.16777431964874268
,,,24,,,,,,,,,,,,,,,,,,,,,,,,,,,,,80769,0.30672383308410645
,,,24,,,,,,,,,,,,,,,,,,,,,,,,,,,,,80779,0.5056431889533997
,,,24,,,,,,,,,,,,,,,,,,,,,,,,,,,,,80789,0.007548184134066105
,,,24,,,,,,,,,,,,,,,,,,,,,,,,,,,,,80799,1.276190161705017
,,,24,,,,,,,,,,,,,,,,,,,,,,,,,,,,,80809,0.027637239545583725
,,,24,,,,,,,,,,,,,,,,,,,,,,,,,,,,,80819,0.26344338059425354
,,,24,,,,,,,,,,,,,,,,,,,,,,,,,,,,,80829,0.012719000689685345
,,,24,,,,,,,,,,,,,,,,,,,,,,,,,,,,,80839,0.29095765948295593
,,,24,,,,,,,,,,,,,,,,,,,,,,,,,,,,,80849,0.05521656945347786
,,,24,,,,,,,,,,,,,,,,,,,,,,,,,,,,,80859,0.4354223906993866
,,,24,,,,,,,,,,,,,,,,,,,,,,,,,,,,,80869,0.345915824174881
,,,24,,,,,,,,,,,,,,,,,,,,,,,,,,,,,80879,0.05097796395421028
,,,24,,,,,,,,,,,,,,,,,,,,,,,,,,,,,80889,0.1131063774228096
,,,24,,,,,,,,,,,,,,,,,,,,,,,,,,,,,80899,0.01960907317698002
,,,24,,,,,,,,,,,,,,,,,,,,,,,,,,,,,80909,0.3678777515888214
,,,24,,,,,,,,,,,,,,,,,,,,,,,,,,,,,80919,0.33054450154304504
,,,24,,,,,,,,,,,,,,,,,,,,,,,,,,,,,80929,0.12612174451351166
,,,24,,,,,,,,,,,,,,,,,,,,,,,,,,,,,80939,0.034800395369529724
,,,24,,,,,,,,,,,,,,,,,,,,,,,,,,,,,80949,0.20547813177108765
,,,24,,,,,,,,,,,,,,,,,,,,,,,,,,,,,80959,0.02309979498386383
,,,24,,,,,,,,,,,,,,,,,,,,,,,,,,,,,80969,0.030549252405762672
,,,24,,,,,,,,,,,,,,,,,,,,,,,,,,,,,80979,1.583511233329773
,,,24,,,,,,,,,,,,,,,,,,,,,,,,,,,,,80989,0.14469698071479797
,,,24,,,,,,,,,,,,,,,,,,,,,,,,,,,,,80999,0.32366442680358887
,,,24,,,,,,,,,,,,,,,,,,,,,,,,,,,,,81009,0.33446887135505676
,,,24,,,,,,,,,,,,,,,,,,,,,,,,,,,,,81019,0.06504549086093903
,,,24,,,,,,,,,,,,,,,,,,,,,,,,,,,,,81029,0.16749708354473114
,,,24,,,,,,,,,,,,,,,,,,,,,,,,,,,,,81039,0.17049142718315125
,,,24,,,,,,,,,,,,,,,,,,,,,,,,,,,,,81049,0.030456112697720528
,,,24,,,,,,,,,,,,,,,,,,,,,,,,,,,,,81059,0.4189797639846802
,,,24,,,,,,,,,,,,,,,,,,,,,,,,,,,,,81069,0.07242682576179504
,,,24,,,,,,,,,,,,,,,,,,,,,,,,,,,,,81079,0.1800169199705124
,,,24,,,,,,,,,,,,,,,,,,,,,,,,,,,,,81089,0.0866876170039177
,,,24,,,,,,,,,,,,,,,,,,,,,,,,,,,,,81099,0.8340892195701599
,,,24,,,,,,,,,,,,,,,,,,,,,,,,,,,,,81109,0.006849209312349558
,,,24,,,,,,,,,,,,,,,,,,,,,,,,,,,,,81119,0.04109844192862511
,,,24,,,,,,,,,,,,,,,,,,,,,,,,,,,,,81129,0.07867893576622009
,,,24,,,,,,,,,,,,,,,,,,,,,,,,,,,,,81139,0.015424485318362713
,,,24,,,,,,,,,,,,,,,,,,,,,,,,,,,,,81149,0.06117960810661316
,,,24,,,,,,,,,,,,,,,,,,,,,,,,,,,,,81159,0.007240963634103537
,,,24,,,,,,,,,,,,,,,,,,,,,,,,,,,,,81169,0.15097320079803467
,,,24,,,,,,,,,,,,,,,,,,,,,,,,,,,,,81179,0.06014409288764
,,,24,,,,,,,,,,,,,,,,,,,,,,,,,,,,,81189,0.13895872235298157
,,,24,,,,,,,,,,,,,,,,,,,,,,,,,,,,,81199,0.05700569227337837
,,,24,,,,,,,,,,,,,,,,,,,,,,,,,,,,,81209,0.06849247962236404
,,,24,,,,,,,,,,,,,,,,,,,,,,,,,,,,,81219,0.05065930634737015
,,,24,,,,,,,,,,,,,,,,,,,,,,,,,,,,,81229,0.02320433035492897
,,,24,,,,,,,,,,,,,,,,,,,,,,,,,,,,,81239,0.054988086223602295
,,,24,,,,,,,,,,,,,,,,,,,,,,,,,,,,,81249,0.0430484414100647
,,,24,,,,,,,,,,,,,,,,,,,,,,,,,,,,,81259,0.027010612189769745
,,,24,,,,,,,,,,,,,,,,,,,,,,,,,,,,,81269,0.28102320432662964
,,,24,,,,,,,,,,,,,,,,,,,,,,,,,,,,,81279,0.200351744890213
,,,24,,,,,,,,,,,,,,,,,,,,,,,,,,,,,81289,0.02995326742529869
,,,24,,,,,,,,,,,,,,,,,,,,,,,,,,,,,81299,0.40058183670043945
,,,24,,,,,,,,,,,,,,,,,,,,,,,,,,,,,81309,0.04676783084869385
,,,24,,,,,,,,,,,,,,,,,,,,,,,,,,,,,81319,0.04743494465947151
,,,24,,,,,,,,,,,,,,,,,,,,,,,,,,,,,81329,0.03649207577109337
,,,24,,,,,,,,,,,,,,,,,,,,,,,,,,,,,81339,0.07645881921052933
,,,24,,,,,,,,,,,,,,,,,,,,,,,,,,,,,81349,0.10519862174987793
,,,24,,,,,,,,,,,,,,,,,,,,,,,,,,,,,81359,0.06544091552495956
,,,24,,,,,,,,,,,,,,,,,,,,,,,,,,,,,81369,0.014208629727363586
,,,24,,,,,,,,,,,,,,,,,,,,,,,,,,,,,81379,0.8704984784126282
,,,24,,,,,,,,,,,,,,,,,,,,,,,,,,,,,81389,1.1226787567138672
,,,24,,,,,,,,,,,,,,,,,,,,,,,,,,,,,81399,1.530435562133789
,,,24,,,,,,,,,,,,,,,,,,,,,,,,,,,,,81409,0.9814934730529785
,,,24,,,,,,,,,,,,,,,,,,,,,,,,,,,,,81419,0.1571311503648758
,,,24,,,,,,,,,,,,,,,,,,,,,,,,,,,,,81429,0.01414567418396473
,,,24,,,,,,,,,,,,,,,,,,,,,,,,,,,,,81439,0.16570793092250824
,,,24,,,,,,,,,,,,,,,,,,,,,,,,,,,,,81449,0.2994510531425476
,,,24,,,,,,,,,,,,,,,,,,,,,,,,,,,,,81459,0.011806468479335308
,,,24,,,,,,,,,,,,,,,,,,,,,,,,,,,,,81469,0.06133607402443886
,,,24,,,,,,,,,,,,,,,,,,,,,,,,,,,,,81479,0.5392415523529053
,,,24,,,,,,,,,,,,,,,,,,,,,,,,,,,,,81489,0.01993514783680439
,,,24,,,,,,,,,,,,,,,,,,,,,,,,,,,,,81499,0.859492301940918
,,,24,,,,,,,,,,,,,,,,,,,,,,,,,,,,,81509,0.08310119807720184
,,,24,,,,,,,,,,,,,,,,,,,,,,,,,,,,,81519,1.028240442276001
,,,24,,,,,,,,,,,,,,,,,,,,,,,,,,,,,81529,0.010849324986338615
,,,24,,,,,,,,,,,,,,,,,,,,,,,,,,,,,81539,0.157695934176445
,,,24,,,,,,,,,,,,,,,,,,,,,,,,,,,,,81549,0.22578628361225128
,,,24,,,,,,,,,,,,,,,,,,,,,,,,,,,,,81559,0.013642075471580029
,,,24,,,,,,,,,,,,,,,,,,,,,,,,,,,,,81569,0.9026594161987305
,,,24,,,,,,,,,,,,,,,,,,,,,,,,,,,,,81579,1.6464110612869263
,,,24,,,,,,,,,,,,,,,,,,,,,,,,,,,,,81589,0.45992374420166016
,,,24,,,,,,,,,,,,,,,,,,,,,,,,,,,,,81599,0.029429014772176743
,,,24,,,,,,,,,,,,,,,,,,,,,,,,,,,,,81609,0.03999428078532219
,,,24,,,,,,,,,,,,,,,,,,,,,,,,,,,,,81619,0.741305947303772
,,,24,,,,,,,,,,,,,,,,,,,,,,,,,,,,,81629,0.2987323999404907
,,,24,,,,,,,,,,,,,,,,,,,,,,,,,,,,,81639,0.6012117266654968
,,,24,,,,,,,,,,,,,,,,,,,,,,,,,,,,,81649,0.06412152945995331
,,,24,,,,,,,,,,,,,,,,,,,,,,,,,,,,,81659,0.10555148124694824
,,,24,,,,,,,,,,,,,,,,,,,,,,,,,,,,,81669,0.03869101032614708
,,,24,,,,,,,,,,,,,,,,,,,,,,,,,,,,,81679,0.02452212944626808
,,,24,,,,,,,,,,,,,,,,,,,,,,,,,,,,,81689,0.0200359970331192
,,,24,,,,,,,,,,,,,,,,,,,,,,,,,,,,,81699,0.38332808017730713
,,,24,,,,,,,,,,,,,,,,,,,,,,,,,,,,,81709,0.4895711839199066
,,,24,,,,,,,,,,,,,,,,,,,,,,,,,,,,,81719,0.25324371457099915
,,,24,,,,,,,,,,,,,,,,,,,,,,,,,,,,,81729,0.495696097612381
,,,24,,,,,,,,,,,,,,,,,,,,,,,,,,,,,81739,0.023538365960121155
,,,24,,,,,,,,,,,,,,,,,,,,,,,,,,,,,81749,0.18793505430221558
,,,24,,,,,,,,,,,,,,,,,,,,,,,,,,,,,81759,0.10978721082210541
,,,24,,,,,,,,,,,,,,,,,,,,,,,,,,,,,81769,0.02541625313460827
,,,24,,,,,,,,,,,,,,,,,,,,,,,,,,,,,81779,0.02474926970899105
,,,24,,,,,,,,,,,,,,,,,,,,,,,,,,,,,81789,0.849778950214386
,,,24,,,,,,,,,,,,,,,,,,,,,,,,,,,,,81799,0.07556536048650742
,,,24,,,,,,,,,,,,,,,,,,,,,,,,,,,,,81809,0.12621048092842102
,,,24,,,,,,,,,,,,,,,,,,,,,,,,,,,,,81819,0.020706474781036377
,,,24,,,,,,,,,,,,,,,,,,,,,,,,,,,,,81829,0.1188749372959137
,,,24,,,,,,,,,,,,,,,,,,,,,,,,,,,,,81839,0.38800132274627686
,,,24,,,,,,,,,,,,,,,,,,,,,,,,,,,,,81849,0.032453183084726334
,,,24,,,,,,,,,,,,,,,,,,,,,,,,,,,,,81859,0.03507249429821968
,,,24,,,,,,,,,,,,,,,,,,,,,,,,,,,,,81869,0.019188301637768745
,,,24,,,,,,,,,,,,,,,,,,,,,,,,,,,,,81879,0.29067495465278625
,,,24,,,,,,,,,,,,,,,,,,,,,,,,,,,,,81889,0.26867935061454773
,,,24,,,,,,,,,,,,,,,,,,,,,,,,,,,,,81899,0.1990812122821808
,,,24,,,,,,,,,,,,,,,,,,,,,,,,,,,,,81909,0.33096909523010254
,,,24,,,,,,,,,,,,,,,,,,,,,,,,,,,,,81919,0.07401689141988754
,,,24,,,,,,,,,,,,,,,,,,,,,,,,,,,,,81929,0.12795238196849823
,,,24,,,,,,,,,,,,,,,,,,,,,,,,,,,,,81939,0.028423849493265152
,,,24,,,,,,,,,,,,,,,,,,,,,,,,,,,,,81949,0.8025490045547485
,,,24,,,,,,,,,,,,,,,,,,,,,,,,,,,,,81959,0.05081167072057724
,,,24,,,,,,,,,,,,,,,,,,,,,,,,,,,,,81969,0.29075345396995544
,,,24,,,,,,,,,,,,,,,,,,,,,,,,,,,,,81979,0.20665310323238373
,,,24,,,,,,,,,,,,,,,,,,,,,,,,,,,,,81989,0.6848118901252747
,,,24,,,,,,,,,,,,,,,,,,,,,,,,,,,,,81999,0.1447906792163849
,,,24,,,,,,,,,,,,,,,,,,,,,,,,,,,,,82009,0.051425568759441376
,,,24,,,,,,,,,,,,,,,,,,,,,,,,,,,,,82019,0.11006748676300049
,,,24,,,,,,,,,,,,,,,,,,,,,,,,,,,,,82029,0.48271551728248596
,,,24,,,,,,,,,,,,,,,,,,,,,,,,,,,,,82039,0.31582415103912354
,,,24,,,,,,,,,,,,,,,,,,,,,,,,,,,,,82049,0.029388653114438057
,,,24,,,,,,,,,,,,,,,,,,,,,,,,,,,,,82059,0.1057463064789772
,,,24,,,,,,,,,,,,,,,,,,,,,,,,,,,,,82069,0.06832744926214218
,,,24,,,,,,,,,,,,,,,,,,,,,,,,,,,,,82079,0.9853977560997009
,,,24,,,,,,,,,,,,,,,,,,,,,,,,,,,,,82089,0.013269785791635513
,,,24,,,,,,,,,,,,,,,,,,,,,,,,,,,,,82099,0.2012016922235489
,,,24,,,,,,,,,,,,,,,,,,,,,,,,,,,,,82109,0.43559136986732483
,,,24,,,,,,,,,,,,,,,,,,,,,,,,,,,,,82119,0.5602509379386902
,,,24,,,,,,,,,,,,,,,,,,,,,,,,,,,,,82129,0.05530913546681404
,,,24,,,,,,,,,,,,,,,,,,,,,,,,,,,,,82139,0.1606733351945877
,,,24,,,,,,,,,,,,,,,,,,,,,,,,,,,,,82149,0.018117520958185196
,,,24,,,,,,,,,,,,,,,,,,,,,,,,,,,,,82159,0.09155666828155518
,,,24,,,,,,,,,,,,,,,,,,,,,,,,,,,,,82169,0.04170229285955429
,,,24,,,,,,,,,,,,,,,,,,,,,,,,,,,,,82179,0.040386177599430084
,,,24,,,,,,,,,,,,,,,,,,,,,,,,,,,,,82189,0.03986393287777901
,,,24,,,,,,,,,,,,,,,,,,,,,,,,,,,,,82199,0.19337767362594604
,,,24,,,,,,,,,,,,,,,,,,,,,,,,,,,,,82209,0.6092603802680969
,,,24,,,,,,,,,,,,,,,,,,,,,,,,,,,,,82219,0.04758026450872421
,,,24,,,,,,,,,,,,,,,,,,,,,,,,,,,,,82229,0.09545493125915527
,,,24,,,,,,,,,,,,,,,,,,,,,,,,,,,,,82239,0.06618387997150421
,,,24,,,,,,,,,,,,,,,,,,,,,,,,,,,,,82249,0.7683488130569458
,,,24,,,,,,,,,,,,,,,,,,,,,,,,,,,,,82259,0.009015214629471302
,,,24,,,,,,,,,,,,,,,,,,,,,,,,,,,,,82269,0.5501030683517456
,,,24,,,,,,,,,,,,,,,,,,,,,,,,,,,,,82279,0.038294341415166855
,,,24,,,,,,,,,,,,,,,,,,,,,,,,,,,,,82289,0.03977680206298828
,,,24,,,,,,,,,,,,,,,,,,,,,,,,,,,,,82299,0.3569258749485016
,,,24,,,,,,,,,,,,,,,,,,,,,,,,,,,,,82309,0.05117328464984894
,,,24,,,,,,,,,,,,,,,,,,,,,,,,,,,,,82319,0.040573764592409134
,,,24,,,,,,,,,,,,,,,,,,,,,,,,,,,,,82329,0.0240156427025795
,,,24,,,,,,,,,,,,,,,,,,,,,,,,,,,,,82339,0.25086385011672974
,,,24,,,,,,,,,,,,,,,,,,,,,,,,,,,,,82349,1.220655918121338
,,,24,,,,,,,,,,,,,,,,,,,,,,,,,,,,,82359,0.06275761127471924
,,,24,,,,,,,,,,,,,,,,,,,,,,,,,,,,,82369,0.2709144651889801
,,,24,,,,,,,,,,,,,,,,,,,,,,,,,,,,,82379,0.017896709963679314
,,,24,,,,,,,,,,,,,,,,,,,,,,,,,,,,,82389,1.0358983278274536
,,,24,,,,,,,,,,,,,,,,,,,,,,,,,,,,,82399,1.92547607421875
,,,24,,,,,,,,,,,,,,,,,,,,,,,,,,,,,82409,0.14836718142032623
,,,24,,,,,,,,,,,,,,,,,,,,,,,,,,,,,82419,1.687089204788208
,,,24,,,,,,,,,,,,,,,,,,,,,,,,,,,,,82429,0.594909131526947
,,,24,,,,,,,,,,,,,,,,,,,,,,,,,,,,,82439,0.18598532676696777
,,,24,,,,,,,,,,,,,,,,,,,,,,,,,,,,,82449,0.10594375431537628
,,,24,,,,,,,,,,,,,,,,,,,,,,,,,,,,,82459,0.07310109585523605
,,,24,,,,,,,,,,,,,,,,,,,,,,,,,,,,,82469,0.4243810176849365
,,,24,,,,,,,,,,,,,,,,,,,,,,,,,,,,,82479,0.07859428226947784
,,,24,,,,,,,,,,,,,,,,,,,,,,,,,,,,,82489,0.01364860963076353
,,,24,,,,,,,,,,,,,,,,,,,,,,,,,,,,,82499,0.004127133172005415
,,,24,,,,,,,,,,,,,,,,,,,,,,,,,,,,,82509,0.006785114761441946
,,,24,,,,,,,,,,,,,,,,,,,,,,,,,,,,,82519,0.21573427319526672
,,,24,,,,,,,,,,,,,,,,,,,,,,,,,,,,,82529,0.023911040276288986
,,,24,,,,,,,,,,,,,,,,,,,,,,,,,,,,,82539,0.057780154049396515
,,,24,,,,,,,,,,,,,,,,,,,,,,,,,,,,,82549,0.043810974806547165
,,,24,,,,,,,,,,,,,,,,,,,,,,,,,,,,,82559,0.220168799161911
,,,24,,,,,,,,,,,,,,,,,,,,,,,,,,,,,82569,0.3697555661201477
,,,24,,,,,,,,,,,,,,,,,,,,,,,,,,,,,82579,0.35216569900512695
,,,24,,,,,,,,,,,,,,,,,,,,,,,,,,,,,82589,0.6587544083595276
,,,24,,,,,,,,,,,,,,,,,,,,,,,,,,,,,82599,0.01782063953578472
,,,24,,,,,,,,,,,,,,,,,,,,,,,,,,,,,82609,0.03551822155714035
,,,24,,,,,,,,,,,,,,,,,,,,,,,,,,,,,82619,0.30647385120391846
,,,24,,,,,,,,,,,,,,,,,,,,,,,,,,,,,82629,0.123737633228302
,,,24,,,,,,,,,,,,,,,,,,,,,,,,,,,,,82639,0.03549586236476898
,,,24,,,,,,,,,,,,,,,,,,,,,,,,,,,,,82649,0.0621538870036602
,,,24,,,,,,,,,,,,,,,,,,,,,,,,,,,,,82659,0.12033069878816605
,,,24,,,,,,,,,,,,,,,,,,,,,,,,,,,,,82669,0.024172145873308182
,,,24,,,,,,,,,,,,,,,,,,,,,,,,,,,,,82679,0.041801296174526215
,,,24,,,,,,,,,,,,,,,,,,,,,,,,,,,,,82689,0.37916335463523865
,,,24,,,,,,,,,,,,,,,,,,,,,,,,,,,,,82699,0.11002283543348312
,,,24,,,,,,,,,,,,,,,,,,,,,,,,,,,,,82709,0.018936555832624435
,,,24,,,,,,,,,,,,,,,,,,,,,,,,,,,,,82719,0.26870396733283997
,,,24,,,,,,,,,,,,,,,,,,,,,,,,,,,,,82729,0.013193395920097828
,,,24,,,,,,,,,,,,,,,,,,,,,,,,,,,,,82739,0.16748838126659393
,,,24,,,,,,,,,,,,,,,,,,,,,,,,,,,,,82749,1.0683523416519165
0.8381502628326416,0.834932804107666,0.8413926362991333,24,,,,,,,,,,,,,,,,,,,,,,,,,,,,,82750,
,,,,3.3378607357335043e-07,1.8698845198605113e-06,2.876745415170017e-06,2.876745415170017e-06,4.425762177184641e-06,4.425762177184641e-06,6.808864887976371e-06,6.808864887976371e-06,1.0475176750732877e-05,1.0475176750732877e-05,1.6115656539589043e-05,3.3378607357335043e-07,1.6115656539589043e-05,2.479331775321391e-05,2.479331775321391e-05,3.814356577417525e-05,3.814356577417525e-05,5.868240888334653e-05,5.868240888334653e-05,5.868240888334653e-05,5.868240888334653e-05,5.135170362666929e-07,5.135170362666929e-07,7.90026209641066e-07,7.90026209641066e-07,1.2154249379093322e-06,1.2154249379093322e-06,1.8698845198605113e-06,82751,
,,,25,,,,,,,,,,,,,,,,,,,,,,,,,,,,,82759,0.5389592051506042
,,,25,,,,,,,,,,,,,,,,,,,,,,,,,,,,,82769,0.03323572501540184
,,,25,,,,,,,,,,,,,,,,,,,,,,,,,,,,,82779,0.12139187753200531
,,,25,,,,,,,,,,,,,,,,,,,,,,,,,,,,,82789,0.2768801152706146
,,,25,,,,,,,,,,,,,,,,,,,,,,,,,,,,,82799,0.4320495128631592
,,,25,,,,,,,,,,,,,,,,,,,,,,,,,,,,,82809,0.10784699022769928
,,,25,,,,,,,,,,,,,,,,,,,,,,,,,,,,,82819,1.013576865196228
,,,25,,,,,,,,,,,,,,,,,,,,,,,,,,,,,82829,0.009363610297441483
,,,25,,,,,,,,,,,,,,,,,,,,,,,,,,,,,82839,0.35497838258743286
,,,25,,,,,,,,,,,,,,,,,,,,,,,,,,,,,82849,0.289651483297348
,,,25,,,,,,,,,,,,,,,,,,,,,,,,,,,,,82859,0.11767539381980896
,,,25,,,,,,,,,,,,,,,,,,,,,,,,,,,,,82869,0.04997926950454712
,,,25,,,,,,,,,,,,,,,,,,,,,,,,,,,,,82879,0.16407547891139984
,,,25,,,,,,,,,,,,,,,,,,,,,,,,,,,,,82889,0.019356977194547653
,,,25,,,,,,,,,,,,,,,,,,,,,,,,,,,,,82899,0.0396726056933403
,,,25,,,,,,,,,,,,,,,,,,,,,,,,,,,,,82909,0.20121066272258759
,,,25,,,,,,,,,,,,,,,,,,,,,,,,,,,,,82919,0.14027714729309082
,,,25,,,,,,,,,,,,,,,,,,,,,,,,,,,,,82929,0.012231368571519852
,,,25,,,,,,,,,,,,,,,,,,,,,,,,,,,,,82939,0.13504546880722046
,,,25,,,,,,,,,,,,,,,,,,,,,,,,,,,,,82949,0.022021062672138214
,,,25,,,,,,,,,,,,,,,,,,,,,,,,,,,,,82959,0.41500693559646606
,,,25,,,,,,,,,,,,,,,,,,,,,,,,,,,,,82969,0.03201137110590935
,,,25,,,,,,,,,,,,,,,,,,,,,,,,,,,,,82979,0.583674967288971
,,,25,,,,,,,,,,,,,,,,,,,,,,,,,,,,,82989,0.15246915817260742
,,,25,,,,,,,,,,,,,,,,,,,,,,,,,,,,,82999,0.4879043400287628
,,,25,,,,,,,,,,,,,,,,,,,,,,,,,,,,,83009,0.758173942565918
,,,25,,,,,,,,,,,,,,,,,,,,,,,,,,,,,83019,0.024659324437379837
,,,25,,,,,,,,,,,,,,,,,,,,,,,,,,,,,83029,0.2513468861579895
,,,25,,,,,,,,,,,,,,,,,,,,,,,,,,,,,83039,0.017078576609492302
,,,25,,,,,,,,,,,,,,,,,,,,,,,,,,,,,83049,0.03466745838522911
,,,25,,,,,,,,,,,,,,,,,,,,,,,,,,,,,83059,0.012138478457927704
,,,25,,,,,,,,,,,,,,,,,,,,,,,,,,,,,83069,0.006792512256652117
,,,25,,,,,,,,,,,,,,,,,,,,,,,,,,,,,83079,0.05999961495399475
,,,25,,,,,,,,,,,,,,,,,,,,,,,,,,,,,83089,0.21633879840373993
,,,25,,,,,,,,,,,,,,,,,,,,,,,,,,,,,83099,0.24739016592502594
,,,25,,,,,,,,,,,,,,,,,,,,,,,,,,,,,83109,0.05228465422987938
,,,25,,,,,,,,,,,,,,,,,,,,,,,,,,,,,83119,0.14730356633663177
,,,25,,,,,,,,,,,,,,,,,,,,,,,,,,,,,83129,0.5406397581100464
,,,25,,,,,,,,,,,,,,,,,,,,,,,,,,,,,83139,0.026463208720088005
,,,25,,,,,,,,,,,,,,,,,,,,,,,,,,,,,83149,0.7459176182746887
,,,25,,,,,,,,,,,,,,,,,,,,,,,,,,,,,83159,0.1033385843038559
,,,25,,,,,,,,,,,,,,,,,,,,,,,,,,,,,83169,0.35487136244773865
,,,25,,,,,,,,,,,,,,,,,,,,,,,,,,,,,83179,0.08528954535722733
,,,25,,,,,,,,,,,,,,,,,,,,,,,,,,,,,83189,0.0467631071805954
,,,25,,,,,,,,,,,,,,,,,,,,,,,,,,,,,83199,0.0419122651219368
,,,25,,,,,,,,,,,,,,,,,,,,,,,,,,,,,83209,0.7617775797843933
,,,25,,,,,,,,,,,,,,,,,,,,,,,,,,,,,83219,0.2739197015762329
,,,25,,,,,,,,,,,,,,,,,,,,,,,,,,,,,83229,0.3401753306388855
,,,25,,,,,,,,,,,,,,,,,,,,,,,,,,,,,83239,0.03671623021364212
,,,25,,,,,,,,,,,,,,,,,,,,,,,,,,,,,83249,0.21391981840133667
,,,25,,,,,,,,,,,,,,,,,,,,,,,,,,,,,83259,0.20985402166843414
,,,25,,,,,,,,,,,,,,,,,,,,,,,,,,,,,83269,0.038086455315351486
,,,25,,,,,,,,,,,,,,,,,,,,,,,,,,,,,83279,0.2129553258419037
,,,25,,,,,,,,,,,,,,,,,,,,,,,,,,,,,83289,0.6517667174339294
,,,25,,,,,,,,,,,,,,,,,,,,,,,,,,,,,83299,0.5261484980583191
,,,25,,,,,,,,,,,,,,,,,,,,,,,,,,,,,83309,0.17764127254486084
,,,25,,,,,,,,,,,,,,,,,,,,,,,,,,,,,83319,0.1875753104686737
,,,25,,,,,,,,,,,,,,,,,,,,,,,,,,,,,83329,0.26654520630836487
,,,25,,,,,,,,,,,,,,,,,,,,,,,,,,,,,83339,0.19455064833164215
,,,25,,,,,,,,,,,,,,,,,,,,,,,,,,,,,83349,0.005571015179157257
,,,25,,,,,,,,,,,,,,,,,,,,,,,,,,,,,83359,0.061447739601135254
,,,25,,,,,,,,,,,,,,,,,,,,,,,,,,,,,83369,0.4739205539226532
,,,25,,,,,,,,,,,,,,,,,,,,,,,,,,,,,83379,0.19215069711208344
,,,25,,,,,,,,,,,,,,,,,,,,,,,,,,,,,83389,0.9377904534339905
,,,25,,,,,,,,,,,,,,,,,,,,,,,,,,,,,83399,0.05278894677758217
,,,25,,,,,,,,,,,,,,,,,,,,,,,,,,,,,83409,0.3704642951488495
,,,25,,,,,,,,,,,,,,,,,,,,,,,,,,,,,83419,0.026108579710125923
,,,25,,,,,,,,,,,,,,,,,,,,,,,,,,,,,83429,0.9307608008384705
,,,25,,,,,,,,,,,,,,,,,,,,,,,,,,,,,83439,0.48912474513053894
,,,25,,,,,,,,,,,,,,,,,,,,,,,,,,,,,83449,0.32841527462005615
,,,25,,,,,,,,,,,,,,,,,,,,,,,,,,,,,83459,0.0064200423657894135
,,,25,,,,,,,,,,,,,,,,,,,,,,,,,,,,,83469,0.5770725011825562
,,,25,,,,,,,,,,,,,,,,,,,,,,,,,,,,,83479,0.2201235592365265
,,,25,,,,,,,,,,,,,,,,,,,,,,,,,,,,,83489,0.012212994508445263
,,,25,,,,,,,,,,,,,,,,,,,,,,,,,,,,,83499,0.3315005600452423
,,,25,,,,,,,,,,,,,,,,,,,,,,,,,,,,,83509,0.4353850781917572
,,,25,,,,,,,,,,,,,,,,,,,,,,,,,,,,,83519,0.9442260265350342
,,,25,,,,,,,,,,,,,,,,,,,,,,,,,,,,,83529,0.023470161482691765
,,,25,,,,,,,,,,,,,,,,,,,,,,,,,,,,,83539,0.08768337219953537
,,,25,,,,,,,,,,,,,,,,,,,,,,,,,,,,,83549,0.20529727637767792
,,,25,,,,,,,,,,,,,,,,,,,,,,,,,,,,,83559,0.34317439794540405
,,,25,,,,,,,,,,,,,,,,,,,,,,,,,,,,,83569,0.18558891117572784
,,,25,,,,,,,,,,,,,,,,,,,,,,,,,,,,,83579,0.2858941853046417
,,,25,,,,,,,,,,,,,,,,,,,,,,,,,,,,,83589,0.03675936907529831
,,,25,,,,,,,,,,,,,,,,,,,,,,,,,,,,,83599,0.32816147804260254
,,,25,,,,,,,,,,,,,,,,,,,,,,,,,,,,,83609,0.28456443548202515
,,,25,,,,,,,,,,,,,,,,,,,,,,,,,,,,,83619,0.40100032091140747
,,,25,,,,,,,,,,,,,,,,,,,,,,,,,,,,,83629,0.010525007732212543
,,,25,,,,,,,,,,,,,,,,,,,,,,,,,,,,,83639,0.03200337663292885
,,,25,,,,,,,,,,,,,,,,,,,,,,,,,,,,,83649,0.6750876903533936
,,,25,,,,,,,,,,,,,,,,,,,,,,,,,,,,,83659,0.33831751346588135
,,,25,,,,,,,,,,,,,,,,,,,,,,,,,,,,,83669,0.010298741981387138
,,,25,,,,,,,,,,,,,,,,,,,,,,,,,,,,,83679,0.3435131907463074
,,,25,,,,,,,,,,,,,,,,,,,,,,,,,,,,,83689,0.03537925332784653
,,,25,,,,,,,,,,,,,,,,,,,,,,,,,,,,,83699,0.8707632422447205
,,,25,,,,,,,,,,,,,,,,,,,,,,,,,,,,,83709,1.177908182144165
,,,25,,,,,,,,,,,,,,,,,,,,,,,,,,,,,83719,0.04303881525993347
,,,25,,,,,,,,,,,,,,,,,,,,,,,,,,,,,83729,0.29451313614845276
,,,25,,,,,,,,,,,,,,,,,,,,,,,,,,,,,83739,0.01778624765574932
,,,25,,,,,,,,,,,,,,,,,,,,,,,,,,,,,83749,0.020099258050322533
,,,25,,,,,,,,,,,,,,,,,,,,,,,,,,,,,83759,0.12043239176273346
,,,25,,,,,,,,,,,,,,,,,,,,,,,,,,,,,83769,0.8802595138549805
,,,25,,,,,,,,,,,,,,,,,,,,,,,,,,,,,83779,0.5220447182655334
,,,25,,,,,,,,,,,,,,,,,,,,,,,,,,,,,83789,0.006848528981208801
,,,25,,,,,,,,,,,,,,,,,,,,,,,,,,,,,83799,0.6485061049461365
,,,25,,,,,,,,,,,,,,,,,,,,,,,,,,,,,83809,0.9122422337532043
,,,25,,,,,,,,,,,,,,,,,,,,,,,,,,,,,83819,0.014672903344035149
,,,25,,,,,,,,,,,,,,,,,,,,,,,,,,,,,83829,0.035168036818504333
,,,25,,,,,,,,,,,,,,,,,,,,,,,,,,,,,83839,0.09851046651601791
,,,25,,,,,,,,,,,,,,,,,,,,,,,,,,,,,83849,0.13303765654563904
,,,25,,,,,,,,,,,,,,,,,,,,,,,,,,,,,83859,0.33466362953186035
,,,25,,,,,,,,,,,,,,,,,,,,,,,,,,,,,83869,0.20065589249134064
,,,25,,,,,,,,,,,,,,,,,,,,,,,,,,,,,83879,0.09842831641435623
,,,25,,,,,,,,,,,,,,,,,,,,,,,,,,,,,83889,0.11556380987167358
,,,25,,,,,,,,,,,,,,,,,,,,,,,,,,,,,83899,0.1670641154050827
,,,25,,,,,,,,,,,,,,,,,,,,,,,,,,,,,83909,0.08744016289710999
,,,25,,,,,,,,,,,,,,,,,,,,,,,,,,,,,83919,0.06748313456773758
,,,25,,,,,,,,,,,,,,,,,,,,,,,,,,,,,83929,0.11594447493553162
,,,25,,,,,,,,,,,,,,,,,,,,,,,,,,,,,83939,0.02028297260403633
,,,25,,,,,,,,,,,,,,,,,,,,,,,,,,,,,83949,0.041294295340776443
,,,25,,,,,,,,,,,,,,,,,,,,,,,,,,,,,83959,0.013081188313663006
,,,25,,,,,,,,,,,,,,,,,,,,,,,,,,,,,83969,0.011118941940367222
,,,25,,,,,,,,,,,,,,,,,,,,,,,,,,,,,83979,0.2095445841550827
,,,25,,,,,,,,,,,,,,,,,,,,,,,,,,,,,83989,0.010685877874493599
,,,25,,,,,,,,,,,,,,,,,,,,,,,,,,,,,83999,0.06281585991382599
,,,25,,,,,,,,,,,,,,,,,,,,,,,,,,,,,84009,0.20157413184642792
,,,25,,,,,,,,,,,,,,,,,,,,,,,,,,,,,84019,0.008764594793319702
,,,25,,,,,,,,,,,,,,,,,,,,,,,,,,,,,84029,0.10772518068552017
,,,25,,,,,,,,,,,,,,,,,,,,,,,,,,,,,84039,0.026095187291502953
,,,25,,,,,,,,,,,,,,,,,,,,,,,,,,,,,84049,0.07656031101942062
,,,25,,,,,,,,,,,,,,,,,,,,,,,,,,,,,84059,0.0355791337788105
,,,25,,,,,,,,,,,,,,,,,,,,,,,,,,,,,84069,0.2214314192533493
,,,25,,,,,,,,,,,,,,,,,,,,,,,,,,,,,84079,0.5219451189041138
,,,25,,,,,,,,,,,,,,,,,,,,,,,,,,,,,84089,0.5830016732215881
,,,25,,,,,,,,,,,,,,,,,,,,,,,,,,,,,84099,0.2141796350479126
,,,25,,,,,,,,,,,,,,,,,,,,,,,,,,,,,84109,0.3212357461452484
,,,25,,,,,,,,,,,,,,,,,,,,,,,,,,,,,84119,0.1871877759695053
,,,25,,,,,,,,,,,,,,,,,,,,,,,,,,,,,84129,0.008419283665716648
,,,25,,,,,,,,,,,,,,,,,,,,,,,,,,,,,84139,0.010978304781019688
,,,25,,,,,,,,,,,,,,,,,,,,,,,,,,,,,84149,0.003906711935997009
,,,25,,,,,,,,,,,,,,,,,,,,,,,,,,,,,84159,0.14247293770313263
,,,25,,,,,,,,,,,,,,,,,,,,,,,,,,,,,84169,0.025198860093951225
,,,25,,,,,,,,,,,,,,,,,,,,,,,,,,,,,84179,0.4994063377380371
,,,25,,,,,,,,,,,,,,,,,,,,,,,,,,,,,84189,0.48699501156806946
,,,25,,,,,,,,,,,,,,,,,,,,,,,,,,,,,84199,1.328359842300415
,,,25,,,,,,,,,,,,,,,,,,,,,,,,,,,,,84209,0.46913066506385803
,,,25,,,,,,,,,,,,,,,,,,,,,,,,,,,,,84219,0.23662933707237244
,,,25,,,,,,,,,,,,,,,,,,,,,,,,,,,,,84229,0.16269323229789734
,,,25,,,,,,,,,,,,,,,,,,,,,,,,,,,,,84239,0.12078902870416641
,,,25,,,,,,,,,,,,,,,,,,,,,,,,,,,,,84249,0.0850263312458992
,,,25,,,,,,,,,,,,,,,,,,,,,,,,,,,,,84259,0.10864808410406113
,,,25,,,,,,,,,,,,,,,,,,,,,,,,,,,,,84269,0.012526758015155792
,,,25,,,,,,,,,,,,,,,,,,,,,,,,,,,,,84279,0.006798474583774805
,,,25,,,,,,,,,,,,,,,,,,,,,,,,,,,,,84289,0.004965771920979023
,,,25,,,,,,,,,,,,,,,,,,,,,,,,,,,,,84299,0.07600878924131393
,,,25,,,,,,,,,,,,,,,,,,,,,,,,,,,,,84309,0.018252631649374962
,,,25,,,,,,,,,,,,,,,,,,,,,,,,,,,,,84319,0.7059594392776489
,,,25,,,,,,,,,,,,,,,,,,,,,,,,,,,,,84329,0.028330795466899872
,,,25,,,,,,,,,,,,,,,,,,,,,,,,,,,,,84339,0.015881428495049477
,,,25,,,,,,,,,,,,,,,,,,,,,,,,,,,,,84349,0.694335401058197
,,,25,,,,,,,,,,,,,,,,,,,,,,,,,,,,,84359,0.07786142826080322
,,,25,,,,,,,,,,,,,,,,,,,,,,,,,,,,,84369,0.18753474950790405
,,,25,,,,,,,,,,,,,,,,,,,,,,,,,,,,,84379,0.08421456813812256
,,,25,,,,,,,,,,,,,,,,,,,,,,,,,,,,,84389,0.41376274824142456
,,,25,,,,,,,,,,,,,,,,,,,,,,,,,,,,,84399,0.19459643959999084
,,,25,,,,,,,,,,,,,,,,,,,,,,,,,,,,,84409,0.3046101927757263
,,,25,,,,,,,,,,,,,,,,,,,,,,,,,,,,,84419,0.005913196597248316
,,,25,,,,,,,,,,,,,,,,,,,,,,,,,,,,,84429,0.028904331848025322
,,,25,,,,,,,,,,,,,,,,,,,,,,,,,,,,,84439,0.02046767994761467
,,,25,,,,,,,,,,,,,,,,,,,,,,,,,,,,,84449,0.8154862523078918
,,,25,,,,,,,,,,,,,,,,,,,,,,,,,,,,,84459,0.020345166325569153
,,,25,,,,,,,,,,,,,,,,,,,,,,,,,,,,,84469,0.02242353931069374
,,,25,,,,,,,,,,,,,,,,,,,,,,,,,,,,,84479,0.017119210213422775
,,,25,,,,,,,,,,,,,,,,,,,,,,,,,,,,,84489,0.793525218963623
,,,25,,,,,,,,,,,,,,,,,,,,,,,,,,,,,84499,0.01707468181848526
,,,25,,,,,,,,,,,,,,,,,,,,,,,,,,,,,84509,0.4415721297264099
,,,25,,,,,,,,,,,,,,,,,,,,,,,,,,,,,84519,0.6893776059150696
,,,25,,,,,,,,,,,,,,,,,,,,,,,,,,,,,84529,0.1393827497959137
,,,25,,,,,,,,,,,,,,,,,,,,,,,,,,,,,84539,0.49713805317878723
,,,25,,,,,,,,,,,,,,,,,,,,,,,,,,,,,84549,0.046495404094457626
,,,25,,,,,,,,,,,,,,,,,,,,,,,,,,,,,84559,0.05921807512640953
,,,25,,,,,,,,,,,,,,,,,,,,,,,,,,,,,84569,0.21053706109523773
,,,25,,,,,,,,,,,,,,,,,,,,,,,,,,,,,84579,0.9838686585426331
,,,25,,,,,,,,,,,,,,,,,,,,,,,,,,,,,84589,0.024481739848852158
,,,25,,,,,,,,,,,,,,,,,,,,,,,,,,,,,84599,0.46753743290901184
,,,25,,,,,,,,,,,,,,,,,,,,,,,,,,,,,84609,0.08967196941375732
,,,25,,,,,,,,,,,,,,,,,,,,,,,,,,,,,84619,0.5333670377731323
,,,25,,,,,,,,,,,,,,,,,,,,,,,,,,,,,84629,0.06310275942087173
,,,25,,,,,,,,,,,,,,,,,,,,,,,,,,,,,84639,0.05000796914100647
,,,25,,,,,,,,,,,,,,,,,,,,,,,,,,,,,84649,0.019069857895374298
,,,25,,,,,,,,,,,,,,,,,,,,,,,,,,,,,84659,0.016664009541273117
,,,25,,,,,,,,,,,,,,,,,,,,,,,,,,,,,84669,0.07285642623901367
,,,25,,,,,,,,,,,,,,,,,,,,,,,,,,,,,84679,0.057165902107954025
,,,25,,,,,,,,,,,,,,,,,,,,,,,,,,,,,84689,0.11277242749929428
,,,25,,,,,,,,,,,,,,,,,,,,,,,,,,,,,84699,0.173996701836586
,,,25,,,,,,,,,,,,,,,,,,,,,,,,,,,,,84709,0.25583434104919434
,,,25,,,,,,,,,,,,,,,,,,,,,,,,,,,,,84719,0.09957164525985718
,,,25,,,,,,,,,,,,,,,,,,,,,,,,,,,,,84729,0.3019898533821106
,,,25,,,,,,,,,,,,,,,,,,,,,,,,,,,,,84739,0.17280623316764832
,,,25,,,,,,,,,,,,,,,,,,,,,,,,,,,,,84749,0.10244289040565491
,,,25,,,,,,,,,,,,,,,,,,,,,,,,,,,,,84759,0.046776916831731796
,,,25,,,,,,,,,,,,,,,,,,,,,,,,,,,,,84769,0.25443175435066223
,,,25,,,,,,,,,,,,,,,,,,,,,,,,,,,,,84779,1.0707073211669922
,,,25,,,,,,,,,,,,,,,,,,,,,,,,,,,,,84789,0.4660865068435669
,,,25,,,,,,,,,,,,,,,,,,,,,,,,,,,,,84799,0.38381990790367126
,,,25,,,,,,,,,,,,,,,,,,,,,,,,,,,,,84809,0.05066734552383423
,,,25,,,,,,,,,,,,,,,,,,,,,,,,,,,,,84819,0.9869304895401001
,,,25,,,,,,,,,,,,,,,,,,,,,,,,,,,,,84829,0.012979374267160892
,,,25,,,,,,,,,,,,,,,,,,,,,,,,,,,,,84839,0.06351573020219803
,,,25,,,,,,,,,,,,,,,,,,,,,,,,,,,,,84849,0.27378636598587036
,,,25,,,,,,,,,,,,,,,,,,,,,,,,,,,,,84859,0.5183506608009338
,,,25,,,,,,,,,,,,,,,,,,,,,,,,,,,,,84869,0.007701930124312639
,,,25,,,,,,,,,,,,,,,,,,,,,,,,,,,,,84879,0.07810845971107483
,,,25,,,,,,,,,,,,,,,,,,,,,,,,,,,,,84889,0.018361417576670647
,,,25,,,,,,,,,,,,,,,,,,,,,,,,,,,,,84899,0.015910867601633072
,,,25,,,,,,,,,,,,,,,,,,,,,,,,,,,,,84909,0.20791436731815338
,,,25,,,,,,,,,,,,,,,,,,,,,,,,,,,,,84919,0.4804458022117615
,,,25,,,,,,,,,,,,,,,,,,,,,,,,,,,,,84929,0.3846222758293152
,,,25,,,,,,,,,,,,,,,,,,,,,,,,,,,,,84939,0.1299777626991272
,,,25,,,,,,,,,,,,,,,,,,,,,,,,,,,,,84949,0.20086166262626648
,,,25,,,,,,,,,,,,,,,,,,,,,,,,,,,,,84959,0.12961581349372864
,,,25,,,,,,,,,,,,,,,,,,,,,,,,,,,,,84969,0.6034127473831177
,,,25,,,,,,,,,,,,,,,,,,,,,,,,,,,,,84979,0.18887214362621307
,,,25,,,,,,,,,,,,,,,,,,,,,,,,,,,,,84989,0.06008489429950714
,,,25,,,,,,,,,,,,,,,,,,,,,,,,,,,,,84999,0.06626929342746735
,,,25,,,,,,,,,,,,,,,,,,,,,,,,,,,,,85009,0.013515911065042019
,,,25,,,,,,,,,,,,,,,,,,,,,,,,,,,,,85019,1.4867278337478638
,,,25,,,,,,,,,,,,,,,,,,,,,,,,,,,,,85029,0.21338358521461487
,,,25,,,,,,,,,,,,,,,,,,,,,,,,,,,,,85039,0.5421981811523438
,,,25,,,,,,,,,,,,,,,,,,,,,,,,,,,,,85049,0.3958721160888672
,,,25,,,,,,,,,,,,,,,,,,,,,,,,,,,,,85059,0.5616800785064697
,,,25,,,,,,,,,,,,,,,,,,,,,,,,,,,,,85069,0.30413001775741577
,,,25,,,,,,,,,,,,,,,,,,,,,,,,,,,,,85079,0.05689731612801552
,,,25,,,,,,,,,,,,,,,,,,,,,,,,,,,,,85089,0.03197377175092697
,,,25,,,,,,,,,,,,,,,,,,,,,,,,,,,,,85099,0.9040678143501282
,,,25,,,,,,,,,,,,,,,,,,,,,,,,,,,,,85109,0.12848089635372162
,,,25,,,,,,,,,,,,,,,,,,,,,,,,,,,,,85119,0.022740814834833145
,,,25,,,,,,,,,,,,,,,,,,,,,,,,,,,,,85129,0.03405572474002838
,,,25,,,,,,,,,,,,,,,,,,,,,,,,,,,,,85139,0.013761663809418678
,,,25,,,,,,,,,,,,,,,,,,,,,,,,,,,,,85149,0.3210664987564087
,,,25,,,,,,,,,,,,,,,,,,,,,,,,,,,,,85159,0.012406086549162865
,,,25,,,,,,,,,,,,,,,,,,,,,,,,,,,,,85169,0.04992016404867172
,,,25,,,,,,,,,,,,,,,,,,,,,,,,,,,,,85179,0.07983953505754471
,,,25,,,,,,,,,,,,,,,,,,,,,,,,,,,,,85189,0.45747265219688416
,,,25,,,,,,,,,,,,,,,,,,,,,,,,,,,,,85199,0.16377878189086914
,,,25,,,,,,,,,,,,,,,,,,,,,,,,,,,,,85209,0.26022520661354065
,,,25,,,,,,,,,,,,,,,,,,,,,,,,,,,,,85219,0.08100798726081848
,,,25,,,,,,,,,,,,,,,,,,,,,,,,,,,,,85229,0.4247225522994995
,,,25,,,,,,,,,,,,,,,,,,,,,,,,,,,,,85239,0.021759958937764168
,,,25,,,,,,,,,,,,,,,,,,,,,,,,,,,,,85249,0.18728066980838776
,,,25,,,,,,,,,,,,,,,,,,,,,,,,,,,,,85259,0.3822486102581024
,,,25,,,,,,,,,,,,,,,,,,,,,,,,,,,,,85269,0.03329279273748398
,,,25,,,,,,,,,,,,,,,,,,,,,,,,,,,,,85279,0.1218227967619896
,,,25,,,,,,,,,,,,,,,,,,,,,,,,,,,,,85289,0.680182695388794
,,,25,,,,,,,,,,,,,,,,,,,,,,,,,,,,,85299,0.13660572469234467
,,,25,,,,,,,,,,,,,,,,,,,,,,,,,,,,,85309,0.05807790532708168
,,,25,,,,,,,,,,,,,,,,,,,,,,,,,,,,,85319,0.04549883306026459
,,,25,,,,,,,,,,,,,,,,,,,,,,,,,,,,,85329,0.04513411596417427
,,,25,,,,,,,,,,,,,,,,,,,,,,,,,,,,,85339,0.4994073808193207
,,,25,,,,,,,,,,,,,,,,,,,,,,,,,,,,,85349,0.12169364839792252
,,,25,,,,,,,,,,,,,,,,,,,,,,,,,,,,,85359,0.4162668287754059
,,,25,,,,,,,,,,,,,,,,,,,,,,,,,,,,,85369,0.058197278529405594
,,,25,,,,,,,,,,,,,,,,,,,,,,,,,,,,,85379,1.3503257036209106
,,,25,,,,,,,,,,,,,,,,,,,,,,,,,,,,,85389,0.061792194843292236
,,,25,,,,,,,,,,,,,,,,,,,,,,,,,,,,,85399,0.1493261158466339
,,,25,,,,,,,,,,,,,,,,,,,,,,,,,,,,,85409,0.6819976568222046
,,,25,,,,,,,,,,,,,,,,,,,,,,,,,,,,,85419,0.16529472172260284
,,,25,,,,,,,,,,,,,,,,,,,,,,,,,,,,,85429,0.036548223346471786
,,,25,,,,,,,,,,,,,,,,,,,,,,,,,,,,,85439,0.2737066149711609
,,,25,,,,,,,,,,,,,,,,,,,,,,,,,,,,,85449,0.07606947422027588
,,,25,,,,,,,,,,,,,,,,,,,,,,,,,,,,,85459,0.04954681545495987
,,,25,,,,,,,,,,,,,,,,,,,,,,,,,,,,,85469,0.029594292864203453
,,,25,,,,,,,,,,,,,,,,,,,,,,,,,,,,,85479,0.020130667835474014
,,,25,,,,,,,,,,,,,,,,,,,,,,,,,,,,,85489,0.7569040656089783
,,,25,,,,,,,,,,,,,,,,,,,,,,,,,,,,,85499,0.011265669949352741
,,,25,,,,,,,,,,,,,,,,,,,,,,,,,,,,,85509,0.13217754662036896
,,,25,,,,,,,,,,,,,,,,,,,,,,,,,,,,,85519,0.449364572763443
,,,25,,,,,,,,,,,,,,,,,,,,,,,,,,,,,85529,0.026396755129098892
,,,25,,,,,,,,,,,,,,,,,,,,,,,,,,,,,85539,0.8368588089942932
,,,25,,,,,,,,,,,,,,,,,,,,,,,,,,,,,85549,0.35007670521736145
,,,25,,,,,,,,,,,,,,,,,,,,,,,,,,,,,85559,0.08198631554841995
,,,25,,,,,,,,,,,,,,,,,,,,,,,,,,,,,85569,0.0513676218688488
,,,25,,,,,,,,,,,,,,,,,,,,,,,,,,,,,85579,0.5745112299919128
,,,25,,,,,,,,,,,,,,,,,,,,,,,,,,,,,85589,0.01152911875396967
,,,25,,,,,,,,,,,,,,,,,,,,,,,,,,,,,85599,0.005386700388044119
,,,25,,,,,,,,,,,,,,,,,,,,,,,,,,,,,85609,0.025962835177779198
,,,25,,,,,,,,,,,,,,,,,,,,,,,,,,,,,85619,0.3651736080646515
,,,25,,,,,,,,,,,,,,,,,,,,,,,,,,,,,85629,0.04091501981019974
,,,25,,,,,,,,,,,,,,,,,,,,,,,,,,,,,85639,0.22280541062355042
,,,25,,,,,,,,,,,,,,,,,,,,,,,,,,,,,85649,0.07895845174789429
,,,25,,,,,,,,,,,,,,,,,,,,,,,,,,,,,85659,0.029049765318632126
,,,25,,,,,,,,,,,,,,,,,,,,,,,,,,,,,85669,0.2632942795753479
,,,25,,,,,,,,,,,,,,,,,,,,,,,,,,,,,85679,0.014060154557228088
,,,25,,,,,,,,,,,,,,,,,,,,,,,,,,,,,85689,0.014643417671322823
,,,25,,,,,,,,,,,,,,,,,,,,,,,,,,,,,85699,0.08733943104743958
,,,25,,,,,,,,,,,,,,,,,,,,,,,,,,,,,85709,0.1130898967385292
,,,25,,,,,,,,,,,,,,,,,,,,,,,,,,,,,85719,0.0848163515329361
,,,25,,,,,,,,,,,,,,,,,,,,,,,,,,,,,85729,0.2449977844953537
,,,25,,,,,,,,,,,,,,,,,,,,,,,,,,,,,85739,0.5199800133705139
,,,25,,,,,,,,,,,,,,,,,,,,,,,,,,,,,85749,0.5578685402870178
,,,25,,,,,,,,,,,,,,,,,,,,,,,,,,,,,85759,0.9111442565917969
,,,25,,,,,,,,,,,,,,,,,,,,,,,,,,,,,85769,0.04912563040852547
,,,25,,,,,,,,,,,,,,,,,,,,,,,,,,,,,85779,0.30582112073898315
,,,25,,,,,,,,,,,,,,,,,,,,,,,,,,,,,85789,0.15876388549804688
,,,25,,,,,,,,,,,,,,,,,,,,,,,,,,,,,85799,0.06778305768966675
,,,25,,,,,,,,,,,,,,,,,,,,,,,,,,,,,85809,0.23694798350334167
,,,25,,,,,,,,,,,,,,,,,,,,,,,,,,,,,85819,0.07325655221939087
,,,25,,,,,,,,,,,,,,,,,,,,,,,,,,,,,85829,0.22811518609523773
,,,25,,,,,,,,,,,,,,,,,,,,,,,,,,,,,85839,0.011713443323969841
,,,25,,,,,,,,,,,,,,,,,,,,,,,,,,,,,85849,0.40989789366722107
,,,25,,,,,,,,,,,,,,,,,,,,,,,,,,,,,85859,0.11191607266664505
,,,25,,,,,,,,,,,,,,,,,,,,,,,,,,,,,85869,0.3546963036060333
,,,25,,,,,,,,,,,,,,,,,,,,,,,,,,,,,85879,0.30522969365119934
,,,25,,,,,,,,,,,,,,,,,,,,,,,,,,,,,85889,0.17732949554920197
,,,25,,,,,,,,,,,,,,,,,,,,,,,,,,,,,85899,0.10182733088731766
,,,25,,,,,,,,,,,,,,,,,,,,,,,,,,,,,85909,0.005146389827132225
,,,25,,,,,,,,,,,,,,,,,,,,,,,,,,,,,85919,2.1501331329345703
,,,25,,,,,,,,,,,,,,,,,,,,,,,,,,,,,85929,0.20636433362960815
,,,25,,,,,,,,,,,,,,,,,,,,,,,,,,,,,85939,0.05259035900235176
,,,25,,,,,,,,,,,,,,,,,,,,,,,,,,,,,85949,0.23386318981647491
,,,25,,,,,,,,,,,,,,,,,,,,,,,,,,,,,85959,0.013700328767299652
,,,25,,,,,,,,,,,,,,,,,,,,,,,,,,,,,85969,0.013832812197506428
,,,25,,,,,,,,,,,,,,,,,,,,,,,,,,,,,85979,0.0931694433093071
,,,25,,,,,,,,,,,,,,,,,,,,,,,,,,,,,85989,0.02194064110517502
,,,25,,,,,,,,,,,,,,,,,,,,,,,,,,,,,85999,0.05945383757352829
,,,25,,,,,,,,,,,,,,,,,,,,,,,,,,,,,86009,0.05586562678217888
,,,25,,,,,,,,,,,,,,,,,,,,,,,,,,,,,86019,0.1672346442937851
,,,25,,,,,,,,,,,,,,,,,,,,,,,,,,,,,86029,0.18425355851650238
,,,25,,,,,,,,,,,,,,,,,,,,,,,,,,,,,86039,1.4139235019683838
,,,25,,,,,,,,,,,,,,,,,,,,,,,,,,,,,86049,0.012607346288859844
,,,25,,,,,,,,,,,,,,,,,,,,,,,,,,,,,86059,0.00379657419398427
,,,,3.141283954762321e-07,1.7597613275514558e-06,2.707325119309932e-06,2.707325119309932e-06,4.165115568169125e-06,4.165115568169125e-06,6.407870104875578e-06,6.407870104875578e-06,9.85826169980858e-06,9.85826169980858e-06,1.516655646124397e-05,3.141283954762321e-07,1.516655646124397e-05,2.333316378652918e-05,2.333316378652918e-05,3.589717505619874e-05,3.589717505619874e-05,5.522642316338268e-05,5.522642316338268e-05,5.522642316338268e-05,5.522642316338268e-05,4.832744545788186e-07,4.832744545788186e-07,7.434991608904902e-07,7.434991608904902e-07,1.1438448629084463e-06,1.1438448629084463e-06,1.7597613275514558e-06,86061,
,,,26,,,,,,,,,,,,,,,,,,,,,,,,,,,,,86069,0.03563687577843666
,,,26,,,,,,,,,,,,,,,,,,,,,,,,,,,,,86079,1.0692955255508423
,,,26,,,,,,,,,,,,,,,,,,,,,,,,,,,,,86089,0.026831161230802536
,,,26,,,,,,,,,,,,,,,,,,,,,,,,,,,,,86099,0.043120354413986206
,,,26,,,,,,,,,,,,,,,,,,,,,,,,,,,,,86109,0.019679438322782516
,,,26,,,,,,,,,,,,,,,,,,,,,,,,,,,,,86119,0.015263479202985764
,,,26,,,,,,,,,,,,,,,,,,,,,,,,,,,,,86129,0.017130941152572632
,,,26,,,,,,,,,,,,,,,,,,,,,,,,,,,,,86139,0.21010883152484894
,,,26,,,,,,,,,,,,,,,,,,,,,,,,,,,,,86149,0.21890418231487274
,,,26,,,,,,,,,,,,,,,,,,,,,,,,,,,,,86159,0.017990687862038612
,,,26,,,,,,,,,,,,,,,,,,,,,,,,,,,,,86169,0.08060423284769058
,,,26,,,,,,,,,,,,,,,,,,,,,,,,,,,,,86179,0.6582866311073303
,,,26,,,,,,,,,,,,,,,,,,,,,,,,,,,,,86189,0.1845489889383316
,,,26,,,,,,,,,,,,,,,,,,,,,,,,,,,,,86199,0.6052045226097107
,,,26,,,,,,,,,,,,,,,,,,,,,,,,,,,,,86209,0.06871911138296127
,,,26,,,,,,,,,,,,,,,,,,,,,,,,,,,,,86219,0.3755755126476288
,,,26,,,,,,,,,,,,,,,,,,,,,,,,,,,,,86229,0.026838593184947968
,,,26,,,,,,,,,,,,,,,,,,,,,,,,,,,,,86239,0.030483921989798546
,,,26,,,,,,,,,,,,,,,,,,,,,,,,,,,,,86249,0.023046918213367462
,,,26,,,,,,,,,,,,,,,,,,,,,,,,,,,,,86259,0.05261944606900215
,,,26,,,,,,,,,,,,,,,,,,,,,,,,,,,,,86269,0.37783533334732056
,,,26,,,,,,,,,,,,,,,,,,,,,,,,,,,,,86279,0.5630923509597778
,,,26,,,,,,,,,,,,,,,,,,,,,,,,,,,,,86289,0.16069969534873962
,,,26,,,,,,,,,,,,,,,,,,,,,,,,,,,,,86299,0.03440110757946968
,,,26,,,,,,,,,,,,,,,,,,,,,,,,,,,,,86309,1.2253183126449585
,,,26,,,,,,,,,,,,,,,,,,,,,,,,,,,,,86319,0.3898710310459137
,,,26,,,,,,,,,,,,,,,,,,,,,,,,,,,,,86329,0.16011764109134674
,,,26,,,,,,,,,,,,,,,,,,,,,,,,,,,,,86339,0.3407246470451355
,,,26,,,,,,,,,,,,,,,,,,,,,,,,,,,,,86349,0.12540598213672638
,,,26,,,,,,,,,,,,,,,,,,,,,,,,,,,,,86359,0.06681428849697113
,,,26,,,,,,,,,,,,,,,,,,,,,,,,,,,,,86369,0.01666315644979477
,,,26,,,,,,,,,,,,,,,,,,,,,,,,,,,,,86379,0.009917929768562317
,,,26,,,,,,,,,,,,,,,,,,,,,,,,,,,,,86389,0.19233718514442444
,,,26,,,,,,,,,,,,,,,,,,,,,,,,,,,,,86399,0.012668806128203869
,,,26,,,,,,,,,,,,,,,,,,,,,,,,,,,,,86409,0.11793654412031174
,,,26,,,,,,,,,,,,,,,,,,,,,,,,,,,,,86419,0.010255432687699795
,,,26,,,,,,,,,,,,,,,,,,,,,,,,,,,,,86429,0.024866754189133644
,,,26,,,,,,,,,,,,,,,,,,,,,,,,,,,,,86439,0.022639738395810127
,,,26,,,,,,,,,,,,,,,,,,,,,,,,,,,,,86449,0.5337623953819275
,,,26,,,,,,,,,,,,,,,,,,,,,,,,,,,,,86459,0.5001872777938843
,,,26,,,,,,,,,,,,,,,,,,,,,,,,,,,,,86469,0.007267977576702833
,,,26,,,,,,,,,,,,,,,,,,,,,,,,,,,,,86479,0.03853743523359299
,,,26,,,,,,,,,,,,,,,,,,,,,,,,,,,,,86489,0.028732968494296074
,,,26,,,,,,,,,,,,,,,,,,,,,,,,,,,,,86499,0.2508796155452728
,,,26,,,,,,,,,,,,,,,,,,,,,,,,,,,,,86509,0.5228784680366516
,,,26,,,,,,,,,,,,,,,,,,,,,,,,,,,,,86519,0.09544835239648819
,,,26,,,,,,,,,,,,,,,,,,,,,,,,,,,,,86529,0.05741323530673981
,,,26,,,,,,,,,,,,,,,,,,,,,,,,,,,,,86539,0.020170876756310463
,,,26,,,,,,,,,,,,,,,,,,,,,,,,,,,,,86549,0.21751877665519714
,,,26,,,,,,,,,,,,,,,,,,,,,,,,,,,,,86559,0.00980236753821373
,,,26,,,,,,,,,,,,,,,,,,,,,,,,,,,,,86569,0.44431793689727783
,,,26,,,,,,,,,,,,,,,,,,,,,,,,,,,,,86579,0.45774316787719727
,,,26,,,,,,,,,,,,,,,,,,,,,,,,,,,,,86589,0.0750906765460968
,,,26,,,,,,,,,,,,,,,,,,,,,,,,,,,,,86599,0.01832798309624195
,,,26,,,,,,,,,,,,,,,,,,,,,,,,,,,,,86609,0.03229563310742378
,,,26,,,,,,,,,,,,,,,,,,,,,,,,,,,,,86619,0.004774296190589666
,,,26,,,,,,,,,,,,,,,,,,,,,,,,,,,,,86629,0.3052729666233063
,,,26,,,,,,,,,,,,,,,,,,,,,,,,,,,,,86639,0.011654173955321312
,,,26,,,,,,,,,,,,,,,,,,,,,,,,,,,,,86649,0.39816269278526306
,,,26,,,,,,,,,,,,,,,,,,,,,,,,,,,,,86659,0.15792852640151978
,,,26,,,,,,,,,,,,,,,,,,,,,,,,,,,,,86669,0.01196612510830164
,,,26,,,,,,,,,,,,,,,,,,,,,,,,,,,,,86679,0.03830685093998909
,,,26,,,,,,,,,,,,,,,,,,,,,,,,,,,,,86689,0.06515723466873169
,,,26,,,,,,,,,,,,,,,,,,,,,,,,,,,,,86699,0.007739630062133074
,,,26,,,,,,,,,,,,,,,,,,,,,,,,,,,,,86709,0.4089282155036926
,,,26,,,,,,,,,,,,,,,,,,,,,,,,,,,,,86719,0.06371993571519852
,,,26,,,,,,,,,,,,,,,,,,,,,,,,,,,,,86729,0.43307241797447205
,,,26,,,,,,,,,,,,,,,,,,,,,,,,,,,,,86739,0.7701714634895325
,,,26,,,,,,,,,,,,,,,,,,,,,,,,,,,,,86749,0.04650645703077316
,,,26,,,,,,,,,,,,,,,,,,,,,,,,,,,,,86759,0.5767144560813904
,,,26,,,,,,,,,,,,,,,,,,,,,,,,,,,,,86769,0.154436394572258
,,,26,,,,,,,,,,,,,,,,,,,,,,,,,,,,,86779,0.030319856479763985
,,,26,,,,,,,,,,,,,,,,,,,,,,,,,,,,,86789,0.2203804850578308
,,,26,,,,,,,,,,,,,,,,,,,,,,,,,,,,,86799,0.09730445593595505
,,,26,,,,,,,,,,,,,,,,,,,,,,,,,,,,,86809,0.06712543219327927
,,,26,,,,,,,,,,,,,,,,,,,,,,,,,,,,,86819,0.40788188576698303
,,,26,,,,,,,,,,,,,,,,,,,,,,,,,,,,,86829,0.05216032639145851
,,,26,,,,,,,,,,,,,,,,,,,,,,,,,,,,,86839,0.03312361612915993
,,,26,,,,,,,,,,,,,,,,,,,,,,,,,,,,,86849,0.03190172463655472
,,,26,,,,,,,,,,,,,,,,,,,,,,,,,,,,,86859,0.039374470710754395
,,,26,,,,,,,,,,,,,,,,,,,,,,,,,,,,,86869,0.03564909100532532
,,,26,,,,,,,,,,,,,,,,,,,,,,,,,,,,,86879,0.052678871899843216
,,,26,,,,,,,,,,,,,,,,,,,,,,,,,,,,,86889,0.2160239815711975
,,,26,,,,,,,,,,,,,,,,,,,,,,,,,,,,,86899,0.5475286841392517
,,,26,,,,,,,,,,,,,,,,,,,,,,,,,,,,,86909,0.03099578619003296
,,,26,,,,,,,,,,,,,,,,,,,,,,,,,,,,,86919,0.3546854853630066
,,,26,,,,,,,,,,,,,,,,,,,,,,,,,,,,,86929,0.01311263907700777
,,,26,,,,,,,,,,,,,,,,,,,,,,,,,,,,,86939,0.04738837108016014
,,,26,,,,,,,,,,,,,,,,,,,,,,,,,,,,,86949,0.16731564700603485
,,,26,,,,,,,,,,,,,,,,,,,,,,,,,,,,,86959,0.969896674156189
,,,26,,,,,,,,,,,,,,,,,,,,,,,,,,,,,86969,0.14982745051383972
,,,26,,,,,,,,,,,,,,,,,,,,,,,,,,,,,86979,0.16547870635986328
,,,26,,,,,,,,,,,,,,,,,,,,,,,,,,,,,86989,0.022615496069192886
,,,26,,,,,,,,,,,,,,,,,,,,,,,,,,,,,86999,0.05436866357922554
,,,26,,,,,,,,,,,,,,,,,,,,,,,,,,,,,87009,3.0857362747192383
,,,26,,,,,,,,,,,,,,,,,,,,,,,,,,,,,87019,0.042111799120903015
,,,26,,,,,,,,,,,,,,,,,,,,,,,,,,,,,87029,0.0065789977088570595
,,,26,,,,,,,,,,,,,,,,,,,,,,,,,,,,,87039,0.3519801199436188
,,,26,,,,,,,,,,,,,,,,,,,,,,,,,,,,,87049,0.11976905912160873
,,,26,,,,,,,,,,,,,,,,,,,,,,,,,,,,,87059,0.10081017762422562
,,,26,,,,,,,,,,,,,,,,,,,,,,,,,,,,,87069,0.035069532692432404
,,,26,,,,,,,,,,,,,,,,,,,,,,,,,,,,,87079,0.025157615542411804
,,,26,,,,,,,,,,,,,,,,,,,,,,,,,,,,,87089,0.4704458713531494
,,,26,,,,,,,,,,,,,,,,,,,,,,,,,,,,,87099,0.9299968481063843
,,,26,,,,,,,,,,,,,,,,,,,,,,,,,,,,,87109,0.007827086374163628
,,,26,,,,,,,,,,,,,,,,,,,,,,,,,,,,,87119,0.21472960710525513
,,,26,,,,,,,,,,,,,,,,,,,,,,,,,,,,,87129,0.03389750421047211
,,,26,,,,,,,,,,,,,,,,,,,,,,,,,,,,,87139,0.004724069964140654
,,,26,,,,,,,,,,,,,,,,,,,,,,,,,,,,,87149,0.7207984328269958
,,,26,,,,,,,,,,,,,,,,,,,,,,,,,,,,,87159,0.04473511502146721
,,,26,,,,,,,,,,,,,,,,,,,,,,,,,,,,,87169,0.1051500216126442
,,,26,,,,,,,,,,,,,,,,,,,,,,,,,,,,,87179,0.19501493871212006
,,,26,,,,,,,,,,,,,,,,,,,,,,,,,,,,,87189,0.12016905844211578
,,,26,,,,,,,,,,,,,,,,,,,,,,,,,,,,,87199,0.0622573085129261
,,,26,,,,,,,,,,,,,,,,,,,,,,,,,,,,,87209,0.005491669289767742
,,,26,,,,,,,,,,,,,,,,,,,,,,,,,,,,,87219,0.015829430893063545
,,,26,,,,,,,,,,,,,,,,,,,,,,,,,,,,,87229,0.37993383407592773
,,,26,,,,,,,,,,,,,,,,,,,,,,,,,,,,,87239,0.23781152069568634
,,,26,,,,,,,,,,,,,,,,,,,,,,,,,,,,,87249,0.42731234431266785
,,,26,,,,,,,,,,,,,,,,,,,,,,,,,,,,,87259,0.021357499063014984
,,,26,,,,,,,,,,,,,,,,,,,,,,,,,,,,,87269,0.052483201026916504
,,,26,,,,,,,,,,,,,,,,,,,,,,,,,,,,,87279,0.046749651432037354
,,,26,,,,,,,,,,,,,,,,,,,,,,,,,,,,,87289,0.020926617085933685
,,,26,,,,,,,,,,,,,,,,,,,,,,,,,,,,,87299,1.0342576503753662
,,,26,,,,,,,,,,,,,,,,,,,,,,,,,,,,,87309,0.010814802721142769
,,,26,,,,,,,,,,,,,,,,,,,,,,,,,,,,,87319,0.10017011314630508
,,,26,,,,,,,,,,,,,,,,,,,,,,,,,,,,,87329,0.013153452426195145
,,,26,,,,,,,,,,,,,,,,,,,,,,,,,,,,,87339,0.04849742725491524
,,,26,,,,,,,,,,,,,,,,,,,,,,,,,,,,,87349,0.1620425134897232
,,,26,,,,,,,,,,,,,,,,,,,,,,,,,,,,,87359,1.1377900838851929
,,,26,,,,,,,,,,,,,,,,,,,,,,,,,,,,,87369,0.025457995012402534
,,,26,,,,,,,,,,,,,,,,,,,,,,,,,,,,,87379,0.3672022521495819
,,,26,,,,,,,,,,,,,,,,,,,,,,,,,,,,,87389,0.012640142813324928
,,,26,,,,,,,,,,,,,,,,,,,,,,,,,,,,,87399,0.1998244673013687
,,,26,,,,,,,,,,,,,,,,,,,,,,,,,,,,,87409,0.0396595373749733
,,,26,,,,,,,,,,,,,,,,,,,,,,,,,,,,,87419,0.6830295920372009
,,,26,,,,,,,,,,,,,,,,,,,,,,,,,,,,,87429,0.20902183651924133
,,,26,,,,,,,,,,,,,,,,,,,,,,,,,,,,,87439,0.3252693712711334
,,,26,,,,,,,,,,,,,,,,,,,,,,,,,,,,,87449,0.14945794641971588
,,,26,,,,,,,,,,,,,,,,,,,,,,,,,,,,,87459,0.18418294191360474
,,,26,,,,,,,,,,,,,,,,,,,,,,,,,,,,,87469,0.11989487707614899
,,,26,,,,,,,,,,,,,,,,,,,,,,,,,,,,,87479,0.02083183266222477
,,,26,,,,,,,,,,,,,,,,,,,,,,,,,,,,,87489,0.033460862934589386
,,,26,,,,,,,,,,,,,,,,,,,,,,,,,,,,,87499,0.0503133162856102
,,,26,,,,,,,,,,,,,,,,,,,,,,,,,,,,,87509,0.0896039679646492
,,,26,,,,,,,,,,,,,,,,,,,,,,,,,,,,,87519,0.329103946685791
,,,26,,,,,,,,,,,,,,,,,,,,,,,,,,,,,87529,0.09754224121570587
,,,26,,,,,,,,,,,,,,,,,,,,,,,,,,,,,87539,0.4096151888370514
,,,26,,,,,,,,,,,,,,,,,,,,,,,,,,,,,87549,0.1333211064338684
,,,26,,,,,,,,,,,,,,,,,,,,,,,,,,,,,87559,0.08045873045921326
,,,26,,,,,,,,,,,,,,,,,,,,,,,,,,,,,87569,0.1877773106098175
,,,26,,,,,,,,,,,,,,,,,,,,,,,,,,,,,87579,0.21971653401851654
,,,26,,,,,,,,,,,,,,,,,,,,,,,,,,,,,87589,0.00517007103189826
,,,26,,,,,,,,,,,,,,,,,,,,,,,,,,,,,87599,0.3958635628223419
,,,26,,,,,,,,,,,,,,,,,,,,,,,,,,,,,87609,0.1473623663187027
,,,26,,,,,,,,,,,,,,,,,,,,,,,,,,,,,87619,0.05544858053326607
,,,26,,,,,,,,,,,,,,,,,,,,,,,,,,,,,87629,0.040437597781419754
,,,26,,,,,,,,,,,,,,,,,,,,,,,,,,,,,87639,0.007886257953941822
,,,26,,,,,,,,,,,,,,,,,,,,,,,,,,,,,87649,0.302269846200943
,,,26,,,,,,,,,,,,,,,,,,,,,,,,,,,,,87659,0.5317833423614502
,,,26,,,,,,,,,,,,,,,,,,,,,,,,,,,,,87669,0.05804804712533951
,,,26,,,,,,,,,,,,,,,,,,,,,,,,,,,,,87679,0.19159632921218872
,,,26,,,,,,,,,,,,,,,,,,,,,,,,,,,,,87689,0.1335793286561966
,,,26,,,,,,,,,,,,,,,,,,,,,,,,,,,,,87699,0.02883911319077015
,,,26,,,,,,,,,,,,,,,,,,,,,,,,,,,,,87709,0.10077368468046188
,,,26,,,,,,,,,,,,,,,,,,,,,,,,,,,,,87719,0.41648268699645996
,,,26,,,,,,,,,,,,,,,,,,,,,,,,,,,,,87729,0.22592000663280487
,,,26,,,,,,,,,,,,,,,,,,,,,,,,,,,,,87739,0.03308651223778725
,,,26,,,,,,,,,,,,,,,,,,,,,,,,,,,,,87749,0.03831019625067711
,,,26,,,,,,,,,,,,,,,,,,,,,,,,,,,,,87759,0.23286743462085724
,,,26,,,,,,,,,,,,,,,,,,,,,,,,,,,,,87769,0.2058573067188263
,,,26,,,,,,,,,,,,,,,,,,,,,,,,,,,,,87779,0.30302754044532776
,,,26,,,,,,,,,,,,,,,,,,,,,,,,,,,,,87789,0.059573519974946976
,,,26,,,,,,,,,,,,,,,,,,,,,,,,,,,,,87799,0.19332543015480042
,,,26,,,,,,,,,,,,,,,,,,,,,,,,,,,,,87809,0.0547146275639534
,,,26,,,,,,,,,,,,,,,,,,,,,,,,,,,,,87819,0.008798778057098389
,,,26,,,,,,,,,,,,,,,,,,,,,,,,,,,,,87829,0.6747949719429016
,,,26,,,,,,,,,,,,,,,,,,,,,,,,,,,,,87839,0.018225204199552536
,,,26,,,,,,,,,,,,,,,,,,,,,,,,,,,,,87849,0.10630865395069122
,,,26,,,,,,,,,,,,,,,,,,,,,,,,,,,,,87859,0.01918637566268444
,,,26,,,,,,,,,,,,,,,,,,,,,,,,,,,,,87869,0.045085497200489044
,,,26,,,,,,,,,,,,,,,,,,,,,,,,,,,,,87879,0.009718192741274834
,,,26,,,,,,,,,,,,,,,,,,,,,,,,,,,,,87889,0.25354626774787903
,,,26,,,,,,,,,,,,,,,,,,,,,,,,,,,,,87899,0.042737867683172226
,,,26,,,,,,,,,,,,,,,,,,,,,,,,,,,,,87909,0.05753954499959946
,,,26,,,,,,,,,,,,,,,,,,,,,,,,,,,,,87919,0.04005234315991402
,,,26,,,,,,,,,,,,,,,,,,,,,,,,,,,,,87929,0.916216254234314
,,,26,,,,,,,,,,,,,,,,,,,,,,,,,,,,,87939,0.008830582723021507
,,,26,,,,,,,,,,,,,,,,,,,,,,,,,,,,,87949,0.04830174520611763
,,,26,,,,,,,,,,,,,,,,,,,,,,,,,,,,,87959,0.24079130589962006
,,,26,,,,,,,,,,,,,,,,,,,,,,,,,,,,,87969,0.10427942126989365
,,,26,,,,,,,,,,,,,,,,,,,,,,,,,,,,,87979,0.47314003109931946
,,,26,,,,,,,,,,,,,,,,,,,,,,,,,,,,,87989,0.014674655161798
,,,26,,,,,,,,,,,,,,,,,,,,,,,,,,,,,87999,0.20661981403827667
,,,26,,,,,,,,,,,,,,,,,,,,,,,,,,,,,88009,0.23381483554840088
,,,26,,,,,,,,,,,,,,,,,,,,,,,,,,,,,88019,0.38502633571624756
,,,26,,,,,,,,,,,,,,,,,,,,,,,,,,,,,88029,0.2879176735877991
,,,26,,,,,,,,,,,,,,,,,,,,,,,,,,,,,88039,0.003282601712271571
,,,26,,,,,,,,,,,,,,,,,,,,,,,,,,,,,88049,0.006404934450984001
,,,26,,,,,,,,,,,,,,,,,,,,,,,,,,,,,88059,0.2592780292034149
,,,26,,,,,,,,,,,,,,,,,,,,,,,,,,,,,88069,0.29444852471351624
,,,26,,,,,,,,,,,,,,,,,,,,,,,,,,,,,88079,0.5564550757408142
,,,26,,,,,,,,,,,,,,,,,,,,,,,,,,,,,88089,0.14382341504096985
,,,26,,,,,,,,,,,,,,,,,,,,,,,,,,,,,88099,0.2960609793663025
,,,26,,,,,,,,,,,,,,,,,,,,,,,,,,,,,88109,0.07512535154819489
,,,26,,,,,,,,,,,,,,,,,,,,,,,,,,,,,88119,0.3181891143321991
,,,26,,,,,,,,,,,,,,,,,,,,,,,,,,,,,88129,0.04271377623081207
,,,26,,,,,,,,,,,,,,,,,,,,,,,,,,,,,88139,0.14310911297798157
,,,26,,,,,,,,,,,,,,,,,,,,,,,,,,,,,88149,0.28497546911239624
,,,26,,,,,,,,,,,,,,,,,,,,,,,,,,,,,88159,0.18844467401504517
,,,26,,,,,,,,,,,,,,,,,,,,,,,,,,,,,88169,0.004972828086465597
,,,26,,,,,,,,,,,,,,,,,,,,,,,,,,,,,88179,0.0475676991045475
,,,26,,,,,,,,,,,,,,,,,,,,,,,,,,,,,88189,0.007091084960848093
,,,26,,,,,,,,,,,,,,,,,,,,,,,,,,,,,88199,0.3658563494682312
,,,26,,,,,,,,,,,,,,,,,,,,,,,,,,,,,88209,1.2473342418670654
,,,26,,,,,,,,,,,,,,,,,,,,,,,,,,,,,88219,0.2883932292461395
,,,26,,,,,,,,,,,,,,,,,,,,,,,,,,,,,88229,0.12481889128684998
,,,26,,,,,,,,,,,,,,,,,,,,,,,,,,,,,88239,1.4743547439575195
,,,26,,,,,,,,,,,,,,,,,,,,,,,,,,,,,88249,0.00789620541036129
,,,26,,,,,,,,,,,,,,,,,,,,,,,,,,,,,88259,0.15744070708751678
,,,26,,,,,,,,,,,,,,,,,,,,,,,,,,,,,88269,0.06271091848611832
,,,26,,,,,,,,,,,,,,,,,,,,,,,,,,,,,88279,0.007148491684347391
,,,26,,,,,,,,,,,,,,,,,,,,,,,,,,,,,88289,0.03451845794916153
,,,26,,,,,,,,,,,,,,,,,,,,,,,,,,,,,88299,0.012967392802238464
,,,26,,,,,,,,,,,,,,,,,,,,,,,,,,,,,88309,0.004908208269625902
,,,26,,,,,,,,,,,,,,,,,,,,,,,,,,,,,88319,0.4824135899543762
,,,26,,,,,,,,,,,,,,,,,,,,,,,,,,,,,88329,0.0074395230039954185
,,,26,,,,,,,,,,,,,,,,,,,,,,,,,,,,,88339,0.14985015988349915
,,,26,,,,,,,,,,,,,,,,,,,,,,,,,,,,,88349,0.013836602680385113
,,,26,,,,,,,,,,,,,,,,,,,,,,,,,,,,,88359,0.02056838758289814
,,,26,,,,,,,,,,,,,,,,,,,,,,,,,,,,,88369,0.3778645396232605
,,,26,,,,,,,,,,,,,,,,,,,,,,,,,,,,,88379,0.17767199873924255
,,,26,,,,,,,,,,,,,,,,,,,,,,,,,,,,,88389,0.30775389075279236
,,,26,,,,,,,,,,,,,,,,,,,,,,,,,,,,,88399,0.5341752767562866
,,,26,,,,,,,,,,,,,,,,,,,,,,,,,,,,,88409,0.027853628620505333
,,,26,,,,,,,,,,,,,,,,,,,,,,,,,,,,,88419,0.14817488193511963
,,,26,,,,,,,,,,,,,,,,,,,,,,,,,,,,,88429,0.08840541541576385
,,,26,,,,,,,,,,,,,,,,,,,,,,,,,,,,,88439,0.18088123202323914
,,,26,,,,,,,,,,,,,,,,,,,,,,,,,,,,,88449,0.009189140051603317
,,,26,,,,,,,,,,,,,,,,,,,,,,,,,,,,,88459,0.26421859860420227
,,,26,,,,,,,,,,,,,,,,,,,,,,,,,,,,,88469,0.2186102718114853
,,,26,,,,,,,,,,,,,,,,,,,,,,,,,,,,,88479,0.06202840805053711
,,,26,,,,,,,,,,,,,,,,,,,,,,,,,,,,,88489,0.06319615244865417
,,,26,,,,,,,,,,,,,,,,,,,,,,,,,,,,,88499,0.13509541749954224
,,,26,,,,,,,,,,,,,,,,,,,,,,,,,,,,,88509,0.10360325872898102
,,,26,,,,,,,,,,,,,,,,,,,,,,,,,,,,,88519,0.11405420303344727
,,,26,,,,,,,,,,,,,,,,,,,,,,,,,,,,,88529,0.0611565038561821
,,,26,,,,,,,,,,,,,,,,,,,,,,,,,,,,,88539,0.05951441451907158
,,,26,,,,,,,,,,,,,,,,,,,,,,,,,,,,,88549,1.0568114519119263
,,,26,,,,,,,,,,,,,,,,,,,,,,,,,,,,,88559,0.6837841272354126
,,,26,,,,,,,,,,,,,,,,,,,,,,,,,,,,,88569,0.5056343078613281
,,,26,,,,,,,,,,,,,,,,,,,,,,,,,,,,,88579,0.11402007937431335
,,,26,,,,,,,,,,,,,,,,,,,,,,,,,,,,,88589,0.007539819926023483
,,,26,,,,,,,,,,,,,,,,,,,,,,,,,,,,,88599,0.010708962567150593
,,,26,,,,,,,,,,,,,,,,,,,,,,,,,,,,,88609,0.6404474973678589
,,,26,,,,,,,,,,,,,,,,,,,,,,,,,,,,,88619,0.32655853033065796
,,,26,,,,,,,,,,,,,,,,,,,,,,,,,,,,,88629,0.9043746590614319
,,,26,,,,,,,,,,,,,,,,,,,,,,,,,,,,,88639,0.5835293531417847
,,,26,,,,,,,,,,,,,,,,,,,,,,,,,,,,,88649,0.02039109170436859
,,,26,,,,,,,,,,,,,,,,,,,,,,,,,,,,,88659,1.5349011421203613
,,,26,,,,,,,,,,,,,,,,,,,,,,,,,,,,,88669,0.01940247416496277
,,,26,,,,,,,,,,,,,,,,,,,,,,,,,,,,,88679,0.03192431107163429
,,,26,,,,,,,,,,,,,,,,,,,,,,,,,,,,,88689,0.10755930095911026
,,,26,,,,,,,,,,,,,,,,,,,,,,,,,,,,,88699,0.03223718702793121
,,,26,,,,,,,,,,,,,,,,,,,,,,,,,,,,,88709,1.2856028079986572
,,,26,,,,,,,,,,,,,,,,,,,,,,,,,,,,,88719,0.03173920884728432
,,,26,,,,,,,,,,,,,,,,,,,,,,,,,,,,,88729,0.4227144718170166
,,,26,,,,,,,,,,,,,,,,,,,,,,,,,,,,,88739,0.4426235556602478
,,,26,,,,,,,,,,,,,,,,,,,,,,,,,,,,,88749,1.1357356309890747
,,,26,,,,,,,,,,,,,,,,,,,,,,,,,,,,,88759,0.4006752073764801
,,,26,,,,,,,,,,,,,,,,,,,,,,,,,,,,,88769,0.48557186126708984
,,,26,,,,,,,,,,,,,,,,,,,,,,,,,,,,,88779,0.12308137863874435
,,,26,,,,,,,,,,,,,,,,,,,,,,,,,,,,,88789,0.044950149953365326
,,,26,,,,,,,,,,,,,,,,,,,,,,,,,,,,,88799,0.3967418372631073
,,,26,,,,,,,,,,,,,,,,,,,,,,,,,,,,,88809,0.014281660318374634
,,,26,,,,,,,,,,,,,,,,,,,,,,,,,,,,,88819,0.0032685399055480957
,,,26,,,,,,,,,,,,,,,,,,,,,,,,,,,,,88829,0.10687480121850967
,,,26,,,,,,,,,,,,,,,,,,,,,,,,,,,,,88839,0.03841101750731468
,,,26,,,,,,,,,,,,,,,,,,,,,,,,,,,,,88849,0.023703884333372116
,,,26,,,,,,,,,,,,,,,,,,,,,,,,,,,,,88859,0.353816419839859
,,,26,,,,,,,,,,,,,,,,,,,,,,,,,,,,,88869,0.749071478843689
,,,26,,,,,,,,,,,,,,,,,,,,,,,,,,,,,88879,0.3496505916118622
,,,26,,,,,,,,,,,,,,,,,,,,,,,,,,,,,88889,0.008357399143278599
,,,26,,,,,,,,,,,,,,,,,,,,,,,,,,,,,88899,0.013665382750332355
,,,26,,,,,,,,,,,,,,,,,,,,,,,,,,,,,88909,0.1518770158290863
,,,26,,,,,,,,,,,,,,,,,,,,,,,,,,,,,88919,0.18406520783901215
,,,26,,,,,,,,,,,,,,,,,,,,,,,,,,,,,88929,0.04748456925153732
,,,26,,,,,,,,,,,,,,,,,,,,,,,,,,,,,88939,0.02750050649046898
,,,26,,,,,,,,,,,,,,,,,,,,,,,,,,,,,88949,0.025422796607017517
,,,26,,,,,,,,,,,,,,,,,,,,,,,,,,,,,88959,0.01630367711186409
,,,26,,,,,,,,,,,,,,,,,,,,,,,,,,,,,88969,0.007770112250000238
,,,26,,,,,,,,,,,,,,,,,,,,,,,,,,,,,88979,0.006271141115576029
,,,26,,,,,,,,,,,,,,,,,,,,,,,,,,,,,88989,0.3629840910434723
,,,26,,,,,,,,,,,,,,,,,,,,,,,,,,,,,88999,0.010440275073051453
,,,26,,,,,,,,,,,,,,,,,,,,,,,,,,,,,89009,0.2281438261270523
,,,26,,,,,,,,,,,,,,,,,,,,,,,,,,,,,89019,0.044832903891801834
,,,26,,,,,,,,,,,,,,,,,,,,,,,,,,,,,89029,0.34419679641723633
,,,26,,,,,,,,,,,,,,,,,,,,,,,,,,,,,89039,0.028037630021572113
,,,26,,,,,,,,,,,,,,,,,,,,,,,,,,,,,89049,0.15864336490631104
,,,26,,,,,,,,,,,,,,,,,,,,,,,,,,,,,89059,0.43245866894721985
,,,26,,,,,,,,,,,,,,,,,,,,,,,,,,,,,89069,0.008124719373881817
,,,26,,,,,,,,,,,,,,,,,,,,,,,,,,,,,89079,0.8665713667869568
,,,26,,,,,,,,,,,,,,,,,,,,,,,,,,,,,89089,0.17123538255691528
,,,26,,,,,,,,,,,,,,,,,,,,,,,,,,,,,89099,0.022686023265123367
,,,26,,,,,,,,,,,,,,,,,,,,,,,,,,,,,89109,0.00956018827855587
,,,26,,,,,,,,,,,,,,,,,,,,,,,,,,,,,89119,0.3266211152076721
,,,26,,,,,,,,,,,,,,,,,,,,,,,,,,,,,89129,0.03520992025732994
,,,26,,,,,,,,,,,,,,,,,,,,,,,,,,,,,89139,0.08748556673526764
,,,26,,,,,,,,,,,,,,,,,,,,,,,,,,,,,89149,0.07646411657333374
,,,26,,,,,,,,,,,,,,,,,,,,,,,,,,,,,89159,0.004545457661151886
,,,26,,,,,,,,,,,,,,,,,,,,,,,,,,,,,89169,0.01879921182990074
,,,26,,,,,,,,,,,,,,,,,,,,,,,,,,,,,89179,0.570904552936554
,,,26,,,,,,,,,,,,,,,,,,,,,,,,,,,,,89189,0.08139723539352417
,,,26,,,,,,,,,,,,,,,,,,,,,,,,,,,,,89199,0.03587710112333298
,,,26,,,,,,,,,,,,,,,,,,,,,,,,,,,,,89209,0.019602732732892036
,,,26,,,,,,,,,,,,,,,,,,,,,,,,,,,,,89219,0.03383113071322441
,,,26,,,,,,,,,,,,,,,,,,,,,,,,,,,,,89229,0.18232448399066925
,,,26,,,,,,,,,,,,,,,,,,,,,,,,,,,,,89239,0.048697520047426224
,,,26,,,,,,,,,,,,,,,,,,,,,,,,,,,,,89249,0.33571857213974
,,,26,,,,,,,,,,,,,,,,,,,,,,,,,,,,,89259,0.00838041864335537
,,,26,,,,,,,,,,,,,,,,,,,,,,,,,,,,,89269,0.09693394601345062
,,,26,,,,,,,,,,,,,,,,,,,,,,,,,,,,,89279,0.0044309827499091625
,,,26,,,,,,,,,,,,,,,,,,,,,,,,,,,,,89289,0.014599579386413097
,,,26,,,,,,,,,,,,,,,,,,,,,,,,,,,,,89299,0.035541314631700516
,,,26,,,,,,,,,,,,,,,,,,,,,,,,,,,,,89309,0.10780743509531021
,,,26,,,,,,,,,,,,,,,,,,,,,,,,,,,,,89319,0.09275335818529129
,,,26,,,,,,,,,,,,,,,,,,,,,,,,,,,,,89329,0.013284618966281414
,,,26,,,,,,,,,,,,,,,,,,,,,,,,,,,,,89339,0.24547739326953888
,,,26,,,,,,,,,,,,,,,,,,,,,,,,,,,,,89349,0.08449875563383102
,,,26,,,,,,,,,,,,,,,,,,,,,,,,,,,,,89359,0.5108802318572998
,,,26,,,,,,,,,,,,,,,,,,,,,,,,,,,,,89369,0.08872281759977341
,,,,2.943258858323685e-07,1.648826782436853e-06,2.5366565883643888e-06,2.5366565883643888e-06,3.902548597483675e-06,3.902548597483675e-06,6.003920919205654e-06,6.003920919205654e-06,9.236801414162544e-06,9.236801414162544e-06,1.4210463714096221e-05,2.943258858323685e-07,1.4210463714096221e-05,2.1862251867840337e-05,2.1862251867840337e-05,3.363423364283129e-05,3.363423364283129e-05,5.174497483512506e-05,5.174497483512506e-05,5.174497483512506e-05,5.174497483512506e-05,4.5280905512672074e-07,4.5280905512672074e-07,6.966293155795704e-07,6.966293155795704e-07,1.0717374085839545e-06,1.0717374085839545e-06,1.648826782436853e-06,89371,
,,,27,,,,,,,,,,,,,,,,,,,,,,,,,,,,,89379,0.04346883296966553
,,,27,,,,,,,,,,,,,,,,,,,,,,,,,,,,,89389,0.46292927861213684
,,,27,,,,,,,,,,,,,,,,,,,,,,,,,,,,,89399,0.05335063114762306
,,,27,,,,,,,,,,,,,,,,,,,,,,,,,,,,,89409,1.2647541761398315
,,,27,,,,,,,,,,,,,,,,,,,,,,,,,,,,,89419,0.058317866176366806
,,,27,,,,,,,,,,,,,,,,,,,,,,,,,,,,,89429,0.06836777180433273
,,,27,,,,,,,,,,,,,,,,,,,,,,,,,,,,,89439,0.6247978210449219
,,,27,,,,,,,,,,,,,,,,,,,,,,,,,,,,,89449,0.31049659848213196
,,,27,,,,,,,,,,,,,,,,,,,,,,,,,,,,,89459,0.07354339212179184
,,,27,,,,,,,,,,,,,,,,,,,,,,,,,,,,,89469,0.1912207156419754
,,,27,,,,,,,,,,,,,,,,,,,,,,,,,,,,,89479,0.5600836277008057
,,,27,,,,,,,,,,,,,,,,,,,,,,,,,,,,,89489,0.07350770384073257
,,,27,,,,,,,,,,,,,,,,,,,,,,,,,,,,,89499,0.04853465035557747
,,,27,,,,,,,,,,,,,,,,,,,,,,,,,,,,,89509,0.011025593616068363
,,,27,,,,,,,,,,,,,,,,,,,,,,,,,,,,,89519,0.08295787125825882
,,,27,,,,,,,,,,,,,,,,,,,,,,,,,,,,,89529,0.009085481986403465
,,,27,,,,,,,,,,,,,,,,,,,,,,,,,,,,,89539,0.1500536948442459
,,,27,,,,,,,,,,,,,,,,,,,,,,,,,,,,,89549,0.1186567023396492
,,,27,,,,,,,,,,,,,,,,,,,,,,,,,,,,,89559,0.12229011952877045
,,,27,,,,,,,,,,,,,,,,,,,,,,,,,,,,,89569,0.20575624704360962
,,,27,,,,,,,,,,,,,,,,,,,,,,,,,,,,,89579,0.027475660666823387
,,,27,,,,,,,,,,,,,,,,,,,,,,,,,,,,,89589,0.016211364418268204
,,,27,,,,,,,,,,,,,,,,,,,,,,,,,,,,,89599,0.008946692571043968
,,,27,,,,,,,,,,,,,,,,,,,,,,,,,,,,,89609,0.1931612640619278
,,,27,,,,,,,,,,,,,,,,,,,,,,,,,,,,,89619,0.24887563288211823
,,,27,,,,,,,,,,,,,,,,,,,,,,,,,,,,,89629,0.3094807267189026
,,,27,,,,,,,,,,,,,,,,,,,,,,,,,,,,,89639,0.2600674033164978
,,,27,,,,,,,,,,,,,,,,,,,,,,,,,,,,,89649,0.3948337435722351
,,,27,,,,,,,,,,,,,,,,,,,,,,,,,,,,,89659,0.042501550167798996
,,,27,,,,,,,,,,,,,,,,,,,,,,,,,,,,,89669,0.05773128196597099
,,,27,,,,,,,,,,,,,,,,,,,,,,,,,,,,,89679,0.013772821985185146
,,,27,,,,,,,,,,,,,,,,,,,,,,,,,,,,,89689,0.02618378773331642
,,,27,,,,,,,,,,,,,,,,,,,,,,,,,,,,,89699,0.3083900511264801
,,,27,,,,,,,,,,,,,,,,,,,,,,,,,,,,,89709,0.13843156397342682
,,,27,,,,,,,,,,,,,,,,,,,,,,,,,,,,,89719,0.3160495162010193
,,,27,,,,,,,,,,,,,,,,,,,,,,,,,,,,,89729,0.0325419045984745
,,,27,,,,,,,,,,,,,,,,,,,,,,,,,,,,,89739,1.1438908576965332
,,,27,,,,,,,,,,,,,,,,,,,,,,,,,,,,,89749,0.09017955511808395
,,,27,,,,,,,,,,,,,,,,,,,,,,,,,,,,,89759,0.08555044233798981
,,,27,,,,,,,,,,,,,,,,,,,,,,,,,,,,,89769,0.13704869151115417
,,,27,,,,,,,,,,,,,,,,,,,,,,,,,,,,,89779,0.1744428128004074
,,,27,,,,,,,,,,,,,,,,,,,,,,,,,,,,,89789,0.31414031982421875
,,,27,,,,,,,,,,,,,,,,,,,,,,,,,,,,,89799,0.022090891376137733
,,,27,,,,,,,,,,,,,,,,,,,,,,,,,,,,,89809,0.8787856698036194
,,,27,,,,,,,,,,,,,,,,,,,,,,,,,,,,,89819,0.09662378579378128
,,,27,,,,,,,,,,,,,,,,,,,,,,,,,,,,,89829,0.017678406089544296
,,,27,,,,,,,,,,,,,,,,,,,,,,,,,,,,,89839,0.0926237553358078
,,,27,,,,,,,,,,,,,,,,,,,,,,,,,,,,,89849,2.417806386947632
,,,27,,,,,,,,,,,,,,,,,,,,,,,,,,,,,89859,0.06862127780914307
,,,27,,,,,,,,,,,,,,,,,,,,,,,,,,,,,89869,0.5870280861854553
,,,27,,,,,,,,,,,,,,,,,,,,,,,,,,,,,89879,0.010424698702991009
,,,27,,,,,,,,,,,,,,,,,,,,,,,,,,,,,89889,0.04206301271915436
,,,27,,,,,,,,,,,,,,,,,,,,,,,,,,,,,89899,0.026242174208164215
,,,27,,,,,,,,,,,,,,,,,,,,,,,,,,,,,89909,0.13906219601631165
,,,27,,,,,,,,,,,,,,,,,,,,,,,,,,,,,89919,0.008911057375371456
,,,27,,,,,,,,,,,,,,,,,,,,,,,,,,,,,89929,0.05450902506709099
,,,27,,,,,,,,,,,,,,,,,,,,,,,,,,,,,89939,0.4709189534187317
,,,27,,,,,,,,,,,,,,,,,,,,,,,,,,,,,89949,0.055179137736558914
,,,27,,,,,,,,,,,,,,,,,,,,,,,,,,,,,89959,0.8108464479446411
,,,27,,,,,,,,,,,,,,,,,,,,,,,,,,,,,89969,0.08978082239627838
,,,27,,,,,,,,,,,,,,,,,,,,,,,,,,,,,89979,0.8776524066925049
,,,27,,,,,,,,,,,,,,,,,,,,,,,,,,,,,89989,0.06794184446334839
,,,27,,,,,,,,,,,,,,,,,,,,,,,,,,,,,89999,0.35113444924354553
,,,27,,,,,,,,,,,,,,,,,,,,,,,,,,,,,90009,0.0035833294969052076
,,,27,,,,,,,,,,,,,,,,,,,,,,,,,,,,,90019,0.2650574743747711
,,,27,,,,,,,,,,,,,,,,,,,,,,,,,,,,,90029,0.5624788999557495
,,,27,,,,,,,,,,,,,,,,,,,,,,,,,,,,,90039,0.01854640245437622
,,,27,,,,,,,,,,,,,,,,,,,,,,,,,,,,,90049,0.38066887855529785
,,,27,,,,,,,,,,,,,,,,,,,,,,,,,,,,,90059,0.7277905344963074
,,,27,,,,,,,,,,,,,,,,,,,,,,,,,,,,,90069,0.3813108503818512
,,,27,,,,,,,,,,,,,,,,,,,,,,,,,,,,,90079,0.7728408575057983
,,,27,,,,,,,,,,,,,,,,,,,,,,,,,,,,,90089,0.05351894721388817
,,,27,,,,,,,,,,,,,,,,,,,,,,,,,,,,,90099,0.07611864060163498
,,,27,,,,,,,,,,,,,,,,,,,,,,,,,,,,,90109,0.012951877899467945
,,,27,,,,,,,,,,,,,,,,,,,,,,,,,,,,,90119,0.04414505884051323
,,,27,,,,,,,,,,,,,,,,,,,,,,,,,,,,,90129,0.12888388335704803
,,,27,,,,,,,,,,,,,,,,,,,,,,,,,,,,,90139,0.006040378473699093
,,,27,,,,,,,,,,,,,,,,,,,,,,,,,,,,,90149,0.01228332333266735
,,,27,,,,,,,,,,,,,,,,,,,,,,,,,,,,,90159,0.13647577166557312
,,,27,,,,,,,,,,,,,,,,,,,,,,,,,,,,,90169,0.007544775493443012
,,,27,,,,,,,,,,,,,,,,,,,,,,,,,,,,,90179,0.9316539764404297
,,,27,,,,,,,,,,,,,,,,,,,,,,,,,,,,,90189,0.014482324942946434
,,,27,,,,,,,,,,,,,,,,,,,,,,,,,,,,,90199,0.14709138870239258
,,,27,,,,,,,,,,,,,,,,,,,,,,,,,,,,,90209,0.00508161773905158
,,,27,,,,,,,,,,,,,,,,,,,,,,,,,,,,,90219,0.030512847006320953
,,,27,,,,,,,,,,,,,,,,,,,,,,,,,,,,,90229,0.12776444852352142
,,,27,,,,,,,,,,,,,,,,,,,,,,,,,,,,,90239,0.4822579026222229
,,,27,,,,,,,,,,,,,,,,,,,,,,,,,,,,,90249,0.2037673443555832
,,,27,,,,,,,,,,,,,,,,,,,,,,,,,,,,,90259,0.01171517837792635
,,,27,,,,,,,,,,,,,,,,,,,,,,,,,,,,,90269,0.577189028263092
,,,27,,,,,,,,,,,,,,,,,,,,,,,,,,,,,90279,0.3214719295501709
,,,27,,,,,,,,,,,,,,,,,,,,,,,,,,,,,90289,0.08667249232530594
,,,27,,,,,,,,,,,,,,,,,,,,,,,,,,,,,90299,0.2709557116031647
,,,27,,,,,,,,,,,,,,,,,,,,,,,,,,,,,90309,0.31178542971611023
,,,27,,,,,,,,,,,,,,,,,,,,,,,,,,,,,90319,0.4487461745738983
,,,27,,,,,,,,,,,,,,,,,,,,,,,,,,,,,90329,0.04152827337384224
,,,27,,,,,,,,,,,,,,,,,,,,,,,,,,,,,90339,0.3496256470680237
,,,27,,,,,,,,,,,,,,,,,,,,,,,,,,,,,90349,0.33552300930023193
,,,27,,,,,,,,,,,,,,,,,,,,,,,,,,,,,90359,0.021144960075616837
,,,27,,,,,,,,,,,,,,,,,,,,,,,,,,,,,90369,0.12185376137495041
,,,27,,,,,,,,,,,,,,,,,,,,,,,,,,,,,90379,0.007725867908447981
,,,27,,,,,,,,,,,,,,,,,,,,,,,,,,,,,90389,0.19784089922904968
,,,27,,,,,,,,,,,,,,,,,,,,,,,,,,,,,90399,0.08406540751457214
,,,27,,,,,,,,,,,,,,,,,,,,,,,,,,,,,90409,0.04490707069635391
,,,27,,,,,,,,,,,,,,,,,,,,,,,,,,,,,90419,0.009281441569328308
,,,27,,,,,,,,,,,,,,,,,,,,,,,,,,,,,90429,0.466112345457077
,,,27,,,,,,,,,,,,,,,,,,,,,,,,,,,,,90439,0.13635782897472382
,,,27,,,,,,,,,,,,,,,,,,,,,,,,,,,,,90449,0.033435795456171036
,,,27,,,,,,,,,,,,,,,,,,,,,,,,,,,,,90459,0.046445660293102264
,,,27,,,,,,,,,,,,,,,,,,,,,,,,,,,,,90469,0.0071866814978420734
,,,27,,,,,,,,,,,,,,,,,,,,,,,,,,,,,90479,0.007574188057333231
,,,27,,,,,,,,,,,,,,,,,,,,,,,,,,,,,90489,0.7850223183631897
,,,27,,,,,,,,,,,,,,,,,,,,,,,,,,,,,90499,0.016283899545669556
,,,27,,,,,,,,,,,,,,,,,,,,,,,,,,,,,90509,0.2652605473995209
,,,27,,,,,,,,,,,,,,,,,,,,,,,,,,,,,90519,0.08195257186889648
,,,27,,,,,,,,,,,,,,,,,,,,,,,,,,,,,90529,0.34316012263298035
,,,27,,,,,,,,,,,,,,,,,,,,,,,,,,,,,90539,0.4862167239189148
,,,27,,,,,,,,,,,,,,,,,,,,,,,,,,,,,90549,0.04791346564888954
,,,27,,,,,,,,,,,,,,,,,,,,,,,,,,,,,90559,0.011116289533674717
,,,27,,,,,,,,,,,,,,,,,,,,,,,,,,,,,90569,0.1359938085079193
,,,27,,,,,,,,,,,,,,,,,,,,,,,,,,,,,90579,0.17491988837718964
,,,27,,,,,,,,,,,,,,,,,,,,,,,,,,,,,90589,0.38657474517822266
,,,27,,,,,,,,,,,,,,,,,,,,,,,,,,,,,90599,0.01626017689704895
,,,27,,,,,,,,,,,,,,,,,,,,,,,,,,,,,90609,0.5337068438529968
,,,27,,,,,,,,,,,,,,,,,,,,,,,,,,,,,90619,0.004736241884529591
,,,27,,,,,,,,,,,,,,,,,,,,,,,,,,,,,90629,0.051757510751485825
,,,27,,,,,,,,,,,,,,,,,,,,,,,,,,,,,90639,0.010695415548980236
,,,27,,,,,,,,,,,,,,,,,,,,,,,,,,,,,90649,0.36102044582366943
,,,27,,,,,,,,,,,,,,,,,,,,,,,,,,,,,90659,0.033680178225040436
,,,27,,,,,,,,,,,,,,,,,,,,,,,,,,,,,90669,0.009353593923151493
,,,27,,,,,,,,,,,,,,,,,,,,,,,,,,,,,90679,0.025711318477988243
,,,27,,,,,,,,,,,,,,,,,,,,,,,,,,,,,90689,0.08250170201063156
,,,27,,,,,,,,,,,,,,,,,,,,,,,,,,,,,90699,0.00840665027499199
,,,27,,,,,,,,,,,,,,,,,,,,,,,,,,,,,90709,0.0707874521613121
,,,27,,,,,,,,,,,,,,,,,,,,,,,,,,,,,90719,0.36497801542282104
,,,27,,,,,,,,,,,,,,,,,,,,,,,,,,,,,90729,0.01175933238118887
,,,27,,,,,,,,,,,,,,,,,,,,,,,,,,,,,90739,0.05352087318897247
,,,27,,,,,,,,,,,,,,,,,,,,,,,,,,,,,90749,0.061969488859176636
,,,27,,,,,,,,,,,,,,,,,,,,,,,,,,,,,90759,0.07150105386972427
,,,27,,,,,,,,,,,,,,,,,,,,,,,,,,,,,90769,0.08449722826480865
,,,27,,,,,,,,,,,,,,,,,,,,,,,,,,,,,90779,0.046957891434431076
,,,27,,,,,,,,,,,,,,,,,,,,,,,,,,,,,90789,0.10875281691551208
,,,27,,,,,,,,,,,,,,,,,,,,,,,,,,,,,90799,0.14844495058059692
,,,27,,,,,,,,,,,,,,,,,,,,,,,,,,,,,90809,0.10365112125873566
,,,27,,,,,,,,,,,,,,,,,,,,,,,,,,,,,90819,0.006319490727037191
,,,27,,,,,,,,,,,,,,,,,,,,,,,,,,,,,90829,0.0031021132599562407
,,,27,,,,,,,,,,,,,,,,,,,,,,,,,,,,,90839,0.13765357434749603
,,,27,,,,,,,,,,,,,,,,,,,,,,,,,,,,,90849,0.17528630793094635
,,,27,,,,,,,,,,,,,,,,,,,,,,,,,,,,,90859,0.22346912324428558
,,,27,,,,,,,,,,,,,,,,,,,,,,,,,,,,,90869,0.25146791338920593
,,,27,,,,,,,,,,,,,,,,,,,,,,,,,,,,,90879,0.051641542464494705
,,,27,,,,,,,,,,,,,,,,,,,,,,,,,,,,,90889,0.003421755274757743
,,,27,,,,,,,,,,,,,,,,,,,,,,,,,,,,,90899,0.015518766827881336
,,,27,,,,,,,,,,,,,,,,,,,,,,,,,,,,,90909,0.6861608624458313
,,,27,,,,,,,,,,,,,,,,,,,,,,,,,,,,,90919,0.7692619562149048
,,,27,,,,,,,,,,,,,,,,,,,,,,,,,,,,,90929,0.014395943842828274
,,,27,,,,,,,,,,,,,,,,,,,,,,,,,,,,,90939,0.5215868949890137
,,,27,,,,,,,,,,,,,,,,,,,,,,,,,,,,,90949,0.45637309551239014
,,,27,,,,,,,,,,,,,,,,,,,,,,,,,,,,,90959,0.07906436920166016
,,,27,,,,,,,,,,,,,,,,,,,,,,,,,,,,,90969,0.34402090311050415
,,,27,,,,,,,,,,,,,,,,,,,,,,,,,,,,,90979,0.10627662390470505
,,,27,,,,,,,,,,,,,,,,,,,,,,,,,,,,,90989,0.029666215181350708
,,,27,,,,,,,,,,,,,,,,,,,,,,,,,,,,,90999,1.286454439163208
,,,27,,,,,,,,,,,,,,,,,,,,,,,,,,,,,91009,0.2789541780948639
,,,27,,,,,,,,,,,,,,,,,,,,,,,,,,,,,91019,1.0683437585830688
,,,27,,,,,,,,,,,,,,,,,,,,,,,,,,,,,91029,0.02244432456791401
,,,27,,,,,,,,,,,,,,,,,,,,,,,,,,,,,91039,0.07936659455299377
,,,27,,,,,,,,,,,,,,,,,,,,,,,,,,,,,91049,0.1301240175962448
,,,27,,,,,,,,,,,,,,,,,,,,,,,,,,,,,91059,0.014688604511320591
,,,27,,,,,,,,,,,,,,,,,,,,,,,,,,,,,91069,0.007219450548291206
,,,27,,,,,,,,,,,,,,,,,,,,,,,,,,,,,91079,0.01579216495156288
,,,27,,,,,,,,,,,,,,,,,,,,,,,,,,,,,91089,0.032449111342430115
,,,27,,,,,,,,,,,,,,,,,,,,,,,,,,,,,91099,0.22255320847034454
,,,27,,,,,,,,,,,,,,,,,,,,,,,,,,,,,91109,0.041396696120500565
,,,27,,,,,,,,,,,,,,,,,,,,,,,,,,,,,91119,0.2622147798538208
,,,27,,,,,,,,,,,,,,,,,,,,,,,,,,,,,91129,0.06445221602916718
,,,27,,,,,,,,,,,,,,,,,,,,,,,,,,,,,91139,1.329385757446289
,,,27,,,,,,,,,,,,,,,,,,,,,,,,,,,,,91149,0.19632260501384735
,,,27,,,,,,,,,,,,,,,,,,,,,,,,,,,,,91159,0.1877346783876419
,,,27,,,,,,,,,,,,,,,,,,,,,,,,,,,,,91169,0.015087508596479893
,,,27,,,,,,,,,,,,,,,,,,,,,,,,,,,,,91179,0.3531847894191742
,,,27,,,,,,,,,,,,,,,,,,,,,,,,,,,,,91189,0.18982313573360443
,,,27,,,,,,,,,,,,,,,,,,,,,,,,,,,,,91199,0.3631789982318878
,,,27,,,,,,,,,,,,,,,,,,,,,,,,,,,,,91209,0.1670960634946823
,,,27,,,,,,,,,,,,,,,,,,,,,,,,,,,,,91219,0.2912386655807495
,,,27,,,,,,,,,,,,,,,,,,,,,,,,,,,,,91229,0.04140537977218628
,,,27,,,,,,,,,,,,,,,,,,,,,,,,,,,,,91239,0.02197853848338127
,,,27,,,,,,,,,,,,,,,,,,,,,,,,,,,,,91249,0.7536691427230835
,,,27,,,,,,,,,,,,,,,,,,,,,,,,,,,,,91259,0.07809522747993469
,,,27,,,,,,,,,,,,,,,,,,,,,,,,,,,,,91269,0.020181728526949883
,,,27,,,,,,,,,,,,,,,,,,,,,,,,,,,,,91279,0.012817135080695152
,,,27,,,,,,,,,,,,,,,,,,,,,,,,,,,,,91289,0.5086295008659363
,,,27,,,,,,,,,,,,,,,,,,,,,,,,,,,,,91299,0.0925336480140686
,,,27,,,,,,,,,,,,,,,,,,,,,,,,,,,,,91309,0.006584573071449995
,,,27,,,,,,,,,,,,,,,,,,,,,,,,,,,,,91319,0.008785011246800423
,,,27,,,,,,,,,,,,,,,,,,,,,,,,,,,,,91329,0.11184333264827728
,,,27,,,,,,,,,,,,,,,,,,,,,,,,,,,,,91339,0.13403326272964478
,,,27,,,,,,,,,,,,,,,,,,,,,,,,,,,,,91349,0.0317046232521534
,,,27,,,,,,,,,,,,,,,,,,,,,,,,,,,,,91359,0.029530255123972893
,,,27,,,,,,,,,,,,,,,,,,,,,,,,,,,,,91369,0.01737379841506481
,,,27,,,,,,,,,,,,,,,,,,,,,,,,,,,,,91379,1.223751187324524
,,,27,,,,,,,,,,,,,,,,,,,,,,,,,,,,,91389,0.06759212911128998
,,,27,,,,,,,,,,,,,,,,,,,,,,,,,,,,,91399,0.3188137412071228
,,,27,,,,,,,,,,,,,,,,,,,,,,,,,,,,,91409,0.14803361892700195
,,,27,,,,,,,,,,,,,,,,,,,,,,,,,,,,,91419,1.178379774093628
,,,27,,,,,,,,,,,,,,,,,,,,,,,,,,,,,91429,0.2633199691772461
,,,27,,,,,,,,,,,,,,,,,,,,,,,,,,,,,91439,0.04880176857113838
,,,27,,,,,,,,,,,,,,,,,,,,,,,,,,,,,91449,0.2055545300245285
,,,27,,,,,,,,,,,,,,,,,,,,,,,,,,,,,91459,0.4470176696777344
,,,27,,,,,,,,,,,,,,,,,,,,,,,,,,,,,91469,0.23078306019306183
,,,27,,,,,,,,,,,,,,,,,,,,,,,,,,,,,91479,0.25271251797676086
,,,27,,,,,,,,,,,,,,,,,,,,,,,,,,,,,91489,0.1030038446187973
,,,27,,,,,,,,,,,,,,,,,,,,,,,,,,,,,91499,0.011126739904284477
,,,27,,,,,,,,,,,,,,,,,,,,,,,,,,,,,91509,0.48619088530540466
,,,27,,,,,,,,,,,,,,,,,,,,,,,,,,,,,91519,0.05738802254199982
,,,27,,,,,,,,,,,,,,,,,,,,,,,,,,,,,91529,0.010426430962979794
,,,27,,,,,,,,,,,,,,,,,,,,,,,,,,,,,91539,0.01882762648165226
,,,27,,,,,,,,,,,,,,,,,,,,,,,,,,,,,91549,0.3523649573326111
,,,27,,,,,,,,,,,,,,,,,,,,,,,,,,,,,91559,0.058845918625593185
,,,27,,,,,,,,,,,,,,,,,,,,,,,,,,,,,91569,0.01860695518553257
,,,27,,,,,,,,,,,,,,,,,,,,,,,,,,,,,91579,0.01067910436540842
,,,27,,,,,,,,,,,,,,,,,,,,,,,,,,,,,91589,0.0668274536728859
,,,27,,,,,,,,,,,,,,,,,,,,,,,,,,,,,91599,0.8928702473640442
,,,27,,,,,,,,,,,,,,,,,,,,,,,,,,,,,91609,0.020120928063988686
,,,27,,,,,,,,,,,,,,,,,,,,,,,,,,,,,91619,0.02081906422972679
,,,27,,,,,,,,,,,,,,,,,,,,,,,,,,,,,91629,0.09819620847702026
,,,27,,,,,,,,,,,,,,,,,,,,,,,,,,,,,91639,0.5031344890594482
,,,27,,,,,,,,,,,,,,,,,,,,,,,,,,,,,91649,0.05032799765467644
,,,27,,,,,,,,,,,,,,,,,,,,,,,,,,,,,91659,0.03685786575078964
,,,27,,,,,,,,,,,,,,,,,,,,,,,,,,,,,91669,0.02844376303255558
,,,27,,,,,,,,,,,,,,,,,,,,,,,,,,,,,91679,0.05903833732008934
,,,27,,,,,,,,,,,,,,,,,,,,,,,,,,,,,91689,0.25896042585372925
,,,27,,,,,,,,,,,,,,,,,,,,,,,,,,,,,91699,0.39878049492836
,,,27,,,,,,,,,,,,,,,,,,,,,,,,,,,,,91709,0.12407100200653076
,,,27,,,,,,,,,,,,,,,,,,,,,,,,,,,,,91719,0.5345712304115295
,,,27,,,,,,,,,,,,,,,,,,,,,,,,,,,,,91729,0.39284181594848633
,,,27,,,,,,,,,,,,,,,,,,,,,,,,,,,,,91739,0.10283948481082916
,,,27,,,,,,,,,,,,,,,,,,,,,,,,,,,,,91749,0.006199441384524107
,,,27,,,,,,,,,,,,,,,,,,,,,,,,,,,,,91759,0.0345054492354393
,,,27,,,,,,,,,,,,,,,,,,,,,,,,,,,,,91769,0.46949243545532227
,,,27,,,,,,,,,,,,,,,,,,,,,,,,,,,,,91779,0.09627031534910202
,,,27,,,,,,,,,,,,,,,,,,,,,,,,,,,,,91789,0.07042653113603592
,,,27,,,,,,,,,,,,,,,,,,,,,,,,,,,,,91799,0.01811755821108818
,,,27,,,,,,,,,,,,,,,,,,,,,,,,,,,,,91809,0.605518639087677
,,,27,,,,,,,,,,,,,,,,,,,,,,,,,,,,,91819,0.02051595225930214
,,,27,,,,,,,,,,,,,,,,,,,,,,,,,,,,,91829,0.23149922490119934
,,,27,,,,,,,,,,,,,,,,,,,,,,,,,,,,,91839,0.047283802181482315
,,,27,,,,,,,,,,,,,,,,,,,,,,,,,,,,,91849,0.010560255497694016
,,,27,,,,,,,,,,,,,,,,,,,,,,,,,,,,,91859,1.4428520202636719
,,,27,,,,,,,,,,,,,,,,,,,,,,,,,,,,,91869,1.0564812421798706
,,,27,,,,,,,,,,,,,,,,,,,,,,,,,,,,,91879,0.019253289327025414
,,,27,,,,,,,,,,,,,,,,,,,,,,,,,,,,,91889,0.016490524634718895
,,,27,,,,,,,,,,,,,,,,,,,,,,,,,,,,,91899,0.06416092813014984
,,,27,,,,,,,,,,,,,,,,,,,,,,,,,,,,,91909,0.006188131868839264
,,,27,,,,,,,,,,,,,,,,,,,,,,,,,,,,,91919,0.06264033168554306
,,,27,,,,,,,,,,,,,,,,,,,,,,,,,,,,,91929,0.05369136855006218
,,,27,,,,,,,,,,,,,,,,,,,,,,,,,,,,,91939,0.031811878085136414
,,,27,,,,,,,,,,,,,,,,,,,,,,,,,,,,,91949,0.20271515846252441
,,,27,,,,,,,,,,,,,,,,,,,,,,,,,,,,,91959,0.09403473138809204
,,,27,,,,,,,,,,,,,,,,,,,,,,,,,,,,,91969,0.06008303165435791
,,,27,,,,,,,,,,,,,,,,,,,,,,,,,,,,,91979,0.23928335309028625
,,,27,,,,,,,,,,,,,,,,,,,,,,,,,,,,,91989,0.022682735696434975
,,,27,,,,,,,,,,,,,,,,,,,,,,,,,,,,,91999,0.2853456139564514
,,,27,,,,,,,,,,,,,,,,,,,,,,,,,,,,,92009,0.03331733122467995
,,,27,,,,,,,,,,,,,,,,,,,,,,,,,,,,,92019,0.06589505076408386
,,,27,,,,,,,,,,,,,,,,,,,,,,,,,,,,,92029,0.19262780249118805
,,,27,,,,,,,,,,,,,,,,,,,,,,,,,,,,,92039,0.004545056726783514
,,,27,,,,,,,,,,,,,,,,,,,,,,,,,,,,,92049,0.01440286636352539
,,,27,,,,,,,,,,,,,,,,,,,,,,,,,,,,,92059,0.180769681930542
,,,27,,,,,,,,,,,,,,,,,,,,,,,,,,,,,92069,0.20162469148635864
,,,27,,,,,,,,,,,,,,,,,,,,,,,,,,,,,92079,0.00803656131029129
,,,27,,,,,,,,,,,,,,,,,,,,,,,,,,,,,92089,0.15818709135055542
,,,27,,,,,,,,,,,,,,,,,,,,,,,,,,,,,92099,0.116344153881073
,,,27,,,,,,,,,,,,,,,,,,,,,,,,,,,,,92109,0.2515527009963989
,,,27,,,,,,,,,,,,,,,,,,,,,,,,,,,,,92119,0.1498650461435318
,,,27,,,,,,,,,,,,,,,,,,,,,,,,,,,,,92129,0.28949815034866333
,,,27,,,,,,,,,,,,,,,,,,,,,,,,,,,,,92139,0.004216404631733894
,,,27,,,,,,,,,,,,,,,,,,,,,,,,,,,,,92149,0.8138821721076965
,,,27,,,,,,,,,,,,,,,,,,,,,,,,,,,,,92159,0.13934099674224854
,,,27,,,,,,,,,,,,,,,,,,,,,,,,,,,,,92169,0.07777722924947739
,,,27,,,,,,,,,,,,,,,,,,,,,,,,,,,,,92179,0.26394525170326233
,,,27,,,,,,,,,,,,,,,,,,,,,,,,,,,,,92189,0.6517218947410583
,,,27,,,,,,,,,,,,,,,,,,,,,,,,,,,,,92199,0.4002739191055298
,,,27,,,,,,,,,,,,,,,,,,,,,,,,,,,,,92209,0.45491114258766174
,,,27,,,,,,,,,,,,,,,,,,,,,,,,,,,,,92219,0.034384824335575104
,,,27,,,,,,,,,,,,,,,,,,,,,,,,,,,,,92229,0.14533935487270355
,,,27,,,,,,,,,,,,,,,,,,,,,,,,,,,,,92239,0.005914924666285515
,,,27,,,,,,,,,,,,,,,,,,,,,,,,,,,,,92249,0.05662457272410393
,,,27,,,,,,,,,,,,,,,,,,,,,,,,,,,,,92259,0.4821551442146301
,,,27,,,,,,,,,,,,,,,,,,,,,,,,,,,,,92269,0.12410008907318115
,,,27,,,,,,,,,,,,,,,,,,,,,,,,,,,,,92279,0.10709278285503387
,,,27,,,,,,,,,,,,,,,,,,,,,,,,,,,,,92289,0.25837382674217224
,,,27,,,,,,,,,,,,,,,,,,,,,,,,,,,,,92299,0.009227405302226543
,,,27,,,,,,,,,,,,,,,,,,,,,,,,,,,,,92309,0.06296311318874359
,,,27,,,,,,,,,,,,,,,,,,,,,,,,,,,,,92319,0.0066991765052080154
,,,27,,,,,,,,,,,,,,,,,,,,,,,,,,,,,92329,0.1982756406068802
,,,27,,,,,,,,,,,,,,,,,,,,,,,,,,,,,92339,0.09029746055603027
,,,27,,,,,,,,,,,,,,,,,,,,,,,,,,,,,92349,0.02475053071975708
,,,27,,,,,,,,,,,,,,,,,,,,,,,,,,,,,92359,0.12360525131225586
,,,27,,,,,,,,,,,,,,,,,,,,,,,,,,,,,92369,0.016872020438313484
,,,27,,,,,,,,,,,,,,,,,,,,,,,,,,,,,92379,0.0035158488899469376
,,,27,,,,,,,,,,,,,,,,,,,,,,,,,,,,,92389,0.05264369398355484
,,,27,,,,,,,,,,,,,,,,,,,,,,,,,,,,,92399,0.013041874393820763
,,,27,,,,,,,,,,,,,,,,,,,,,,,,,,,,,92409,0.022089824080467224
,,,27,,,,,,,,,,,,,,,,,,,,,,,,,,,,,92419,0.022108273580670357
,,,27,,,,,,,,,,,,,,,,,,,,,,,,,,,,,92429,0.013800379820168018
,,,27,,,,,,,,,,,,,,,,,,,,,,,,,,,,,92439,0.10673588514328003
,,,27,,,,,,,,,,,,,,,,,,,,,,,,,,,,,92449,0.33723393082618713
,,,27,,,,,,,,,,,,,,,,,,,,,,,,,,,,,92459,0.011785462498664856
,,,27,,,,,,,,,,,,,,,,,,,,,,,,,,,,,92469,0.0052312221378088
,,,27,,,,,,,,,,,,,,,,,,,,,,,,,,,,,92479,0.004869440104812384
,,,27,,,,,,,,,,,,,,,,,,,,,,,,,,,,,92489,0.06888554245233536
,,,27,,,,,,,,,,,,,,,,,,,,,,,,,,,,,92499,0.3362557590007782
,,,27,,,,,,,,,,,,,,,,,,,,,,,,,,,,,92509,0.01902875490486622
,,,27,,,,,,,,,,,,,,,,,,,,,,,,,,,,,92519,0.6148927211761475
,,,27,,,,,,,,,,,,,,,,,,,,,,,,,,,,,92529,0.00826953910291195
,,,27,,,,,,,,,,,,,,,,,,,,,,,,,,,,,92539,0.15604901313781738
,,,27,,,,,,,,,,,,,,,,,,,,,,,,,,,,,92549,0.36931368708610535
,,,27,,,,,,,,,,,,,,,,,,,,,,,,,,,,,92559,0.010569466277956963
,,,27,,,,,,,,,,,,,,,,,,,,,,,,,,,,,92569,0.04738275706768036
,,,27,,,,,,,,,,,,,,,,,,,,,,,,,,,,,92579,0.4970860481262207
,,,27,,,,,,,,,,,,,,,,,,,,,,,,,,,,,92589,0.16336390376091003
,,,27,,,,,,,,,,,,,,,,,,,,,,,,,,,,,92599,0.1611756533384323
,,,27,,,,,,,,,,,,,,,,,,,,,,,,,,,,,92609,2.055488109588623
,,,27,,,,,,,,,,,,,,,,,,,,,,,,,,,,,92619,0.009226629510521889
,,,27,,,,,,,,,,,,,,,,,,,,,,,,,,,,,92629,0.8295888900756836
,,,27,,,,,,,,,,,,,,,,,,,,,,,,,,,,,92639,0.012005666270852089
,,,27,,,,,,,,,,,,,,,,,,,,,,,,,,,,,92649,0.44485121965408325
,,,27,,,,,,,,,,,,,,,,,,,,,,,,,,,,,92659,0.6493269801139832
,,,27,,,,,,,,,,,,,,,,,,,,,,,,,,,,,92669,0.19947944581508636
,,,27,,,,,,,,,,,,,,,,,,,,,,,,,,,,,92679,1.653283715248108
,,,,2.744750204782032e-07,1.537621346469399e-06,2.3655713022606135e-06,2.3655713022606135e-06,3.6393404650163284e-06,3.6393404650163284e-06,5.598985330794351e-06,5.598985330794351e-06,8.613823585837463e-06,8.613823585837463e-06,1.3252036285903789e-05,2.744750204782032e-07,1.3252036285903789e-05,2.0387748132159674e-05,2.0387748132159674e-05,3.136576635716873e-05,3.136576635716873e-05,4.825502516487497e-05,4.825502516487497e-05,4.825502516487497e-05,4.825502516487497e-05,4.222692622741587e-07,4.222692622741587e-07,6.496450188833211e-07,6.496450188833211e-07,9.994538752051094e-07,9.994538752051094e-07,1.537621346469399e-06,92681,
,,,28,,,,,,,,,,,,,,,,,,,,,,,,,,,,,92689,0.010928151197731495
,,,28,,,,,,,,,,,,,,,,,,,,,,,,,,,,,92699,0.01145959459245205
,,,28,,,,,,,,,,,,,,,,,,,,,,,,,,,,,92709,0.06298475712537766
,,,28,,,,,,,,,,,,,,,,,,,,,,,,,,,,,92719,0.5826874375343323
,,,28,,,,,,,,,,,,,,,,,,,,,,,,,,,,,92729,0.3678910434246063
,,,28,,,,,,,,,,,,,,,,,,,,,,,,,,,,,92739,0.13325932621955872
,,,28,,,,,,,,,,,,,,,,,,,,,,,,,,,,,92749,0.011824925430119038
,,,28,,,,,,,,,,,,,,,,,,,,,,,,,,,,,92759,0.4739469587802887
,,,28,,,,,,,,,,,,,,,,,,,,,,,,,,,,,92769,0.006368506699800491
,,,28,,,,,,,,,,,,,,,,,,,,,,,,,,,,,92779,0.021930476650595665
,,,28,,,,,,,,,,,,,,,,,,,,,,,,,,,,,92789,0.16822850704193115
,,,28,,,,,,,,,,,,,,,,,,,,,,,,,,,,,92799,0.2821374833583832
,,,28,,,,,,,,,,,,,,,,,,,,,,,,,,,,,92809,0.643158495426178
,,,28,,,,,,,,,,,,,,,,,,,,,,,,,,,,,92819,0.06549417227506638
,,,28,,,,,,,,,,,,,,,,,,,,,,,,,,,,,92829,0.0396091490983963
,,,28,,,,,,,,,,,,,,,,,,,,,,,,,,,,,92839,0.1197969913482666
,,,28,,,,,,,,,,,,,,,,,,,,,,,,,,,,,92849,0.43638336658477783
,,,28,,,,,,,,,,,,,,,,,,,,,,,,,,,,,92859,0.21870647370815277
,,,28,,,,,,,,,,,,,,,,,,,,,,,,,,,,,92869,0.04396278038620949
,,,28,,,,,,,,,,,,,,,,,,,,,,,,,,,,,92879,0.009279514662921429
,,,28,,,,,,,,,,,,,,,,,,,,,,,,,,,,,92889,0.1959294229745865
,,,28,,,,,,,,,,,,,,,,,,,,,,,,,,,,,92899,0.026961123570799828
,,,28,,,,,,,,,,,,,,,,,,,,,,,,,,,,,92909,0.49151715636253357
,,,28,,,,,,,,,,,,,,,,,,,,,,,,,,,,,92919,0.20321786403656006
,,,28,,,,,,,,,,,,,,,,,,,,,,,,,,,,,92929,2.267885684967041
,,,28,,,,,,,,,,,,,,,,,,,,,,,,,,,,,92939,0.011290237307548523
,,,28,,,,,,,,,,,,,,,,,,,,,,,,,,,,,92949,0.014281154610216618
,,,28,,,,,,,,,,,,,,,,,,,,,,,,,,,,,92959,0.13369514048099518
,,,28,,,,,,,,,,,,,,,,,,,,,,,,,,,,,92969,0.06780140846967697
,,,28,,,,,,,,,,,,,,,,,,,,,,,,,,,,,92979,0.6153796911239624
,,,28,,,,,,,,,,,,,,,,,,,,,,,,,,,,,92989,0.024104665964841843
,,,28,,,,,,,,,,,,,,,,,,,,,,,,,,,,,92999,0.03681764379143715
,,,28,,,,,,,,,,,,,,,,,,,,,,,,,,,,,93009,0.00925532728433609
,,,28,,,,,,,,,,,,,,,,,,,,,,,,,,,,,93019,0.006541235372424126
,,,28,,,,,,,,,,,,,,,,,,,,,,,,,,,,,93029,0.06653135269880295
,,,28,,,,,,,,,,,,,,,,,,,,,,,,,,,,,93039,0.2864401042461395
,,,28,,,,,,,,,,,,,,,,,,,,,,,,,,,,,93049,0.38687244057655334
,,,28,,,,,,,,,,,,,,,,,,,,,,,,,,,,,93059,0.016602912917733192
,,,28,,,,,,,,,,,,,,,,,,,,,,,,,,,,,93069,0.1483958512544632
,,,28,,,,,,,,,,,,,,,,,,,,,,,,,,,,,93079,0.009726832620799541
,,,28,,,,,,,,,,,,,,,,,,,,,,,,,,,,,93089,0.05147746950387955
,,,28,,,,,,,,,,,,,,,,,,,,,,,,,,,,,93099,0.016150057315826416
,,,28,,,,,,,,,,,,,,,,,,,,,,,,,,,,,93109,0.12674817442893982
,,,28,,,,,,,,,,,,,,,,,,,,,,,,,,,,,93119,0.24037639796733856
,,,28,,,,,,,,,,,,,,,,,,,,,,,,,,,,,93129,0.13195081055164337
,,,28,,,,,,,,,,,,,,,,,,,,,,,,,,,,,93139,0.1577257364988327
,,,28,,,,,,,,,,,,,,,,,,,,,,,,,,,,,93149,0.051145877689123154
,,,28,,,,,,,,,,,,,,,,,,,,,,,,,,,,,93159,0.0616481713950634
,,,28,,,,,,,,,,,,,,,,,,,,,,,,,,,,,93169,0.3047862946987152
,,,28,,,,,,,,,,,,,,,,,,,,,,,,,,,,,93179,0.08714067935943604
,,,28,,,,,,,,,,,,,,,,,,,,,,,,,,,,,93189,0.002704411745071411
,,,28,,,,,,,,,,,,,,,,,,,,,,,,,,,,,93199,0.42803916335105896
,,,28,,,,,,,,,,,,,,,,,,,,,,,,,,,,,93209,0.24817605316638947
,,,28,,,,,,,,,,,,,,,,,,,,,,,,,,,,,93219,0.02511467970907688
,,,28,,,,,,,,,,,,,,,,,,,,,,,,,,,,,93229,0.032343339174985886
,,,28,,,,,,,,,,,,,,,,,,,,,,,,,,,,,93239,0.17525596916675568
,,,28,,,,,,,,,,,,,,,,,,,,,,,,,,,,,93249,0.8064299821853638
,,,28,,,,,,,,,,,,,,,,,,,,,,,,,,,,,93259,0.2905270457267761
,,,28,,,,,,,,,,,,,,,,,,,,,,,,,,,,,93269,0.05096609145402908
,,,28,,,,,,,,,,,,,,,,,,,,,,,,,,,,,93279,0.02827116847038269
,,,28,,,,,,,,,,,,,,,,,,,,,,,,,,,,,93289,0.7061405181884766
,,,28,,,,,,,,,,,,,,,,,,,,,,,,,,,,,93299,0.5328143835067749
,,,28,,,,,,,,,,,,,,,,,,,,,,,,,,,,,93309,0.014534211717545986
,,,28,,,,,,,,,,,,,,,,,,,,,,,,,,,,,93319,0.18529893457889557
,,,28,,,,,,,,,,,,,,,,,,,,,,,,,,,,,93329,0.03288731724023819
,,,28,,,,,,,,,,,,,,,,,,,,,,,,,,,,,93339,0.022333435714244843
,,,28,,,,,,,,,,,,,,,,,,,,,,,,,,,,,93349,0.19386622309684753
,,,28,,,,,,,,,,,,,,,,,,,,,,,,,,,,,93359,0.016915785148739815
,,,28,,,,,,,,,,,,,,,,,,,,,,,,,,,,,93369,0.11459217220544815
,,,28,,,,,,,,,,,,,,,,,,,,,,,,,,,,,93379,0.04200546815991402
,,,28,,,,,,,,,,,,,,,,,,,,,,,,,,,,,93389,0.03794223070144653
,,,28,,,,,,,,,,,,,,,,,,,,,,,,,,,,,93399,0.03220457583665848
,,,28,,,,,,,,,,,,,,,,,,,,,,,,,,,,,93409,0.023238498717546463
,,,28,,,,,,,,,,,,,,,,,,,,,,,,,,,,,93419,0.10496347397565842
,,,28,,,,,,,,,,,,,,,,,,,,,,,,,,,,,93429,0.47611862421035767
,,,28,,,,,,,,,,,,,,,,,,,,,,,,,,,,,93439,1.2078980207443237
,,,28,,,,,,,,,,,,,,,,,,,,,,,,,,,,,93449,0.8009909391403198
,,,28,,,,,,,,,,,,,,,,,,,,,,,,,,,,,93459,0.04799249768257141
,,,28,,,,,,,,,,,,,,,,,,,,,,,,,,,,,93469,0.3251693844795227
,,,28,,,,,,,,,,,,,,,,,,,,,,,,,,,,,93479,0.18988442420959473
,,,28,,,,,,,,,,,,,,,,,,,,,,,,,,,,,93489,0.5881451964378357
,,,28,,,,,,,,,,,,,,,,,,,,,,,,,,,,,93499,0.27502501010894775
,,,28,,,,,,,,,,,,,,,,,,,,,,,,,,,,,93509,0.005852704867720604
,,,28,,,,,,,,,,,,,,,,,,,,,,,,,,,,,93519,0.138383686542511
,,,28,,,,,,,,,,,,,,,,,,,,,,,,,,,,,93529,0.724786639213562
,,,28,,,,,,,,,,,,,,,,,,,,,,,,,,,,,93539,0.09615272283554077
,,,28,,,,,,,,,,,,,,,,,,,,,,,,,,,,,93549,0.0920996144413948
,,,28,,,,,,,,,,,,,,,,,,,,,,,,,,,,,93559,0.13004492223262787
,,,28,,,,,,,,,,,,,,,,,,,,,,,,,,,,,93569,0.021750718355178833
,,,28,,,,,,,,,,,,,,,,,,,,,,,,,,,,,93579,1.6582181453704834
,,,28,,,,,,,,,,,,,,,,,,,,,,,,,,,,,93589,0.009797761216759682
,,,28,,,,,,,,,,,,,,,,,,,,,,,,,,,,,93599,0.022313473746180534
,,,28,,,,,,,,,,,,,,,,,,,,,,,,,,,,,93609,0.0315885990858078
,,,28,,,,,,,,,,,,,,,,,,,,,,,,,,,,,93619,0.37767940759658813
,,,28,,,,,,,,,,,,,,,,,,,,,,,,,,,,,93629,0.5405550599098206
,,,28,,,,,,,,,,,,,,,,,,,,,,,,,,,,,93639,0.01438190322369337
,,,28,,,,,,,,,,,,,,,,,,,,,,,,,,,,,93649,0.06029659882187843
,,,28,,,,,,,,,,,,,,,,,,,,,,,,,,,,,93659,0.40619900822639465
,,,28,,,,,,,,,,,,,,,,,,,,,,,,,,,,,93669,0.025231217965483665
,,,28,,,,,,,,,,,,,,,,,,,,,,,,,,,,,93679,0.04282626509666443
,,,28,,,,,,,,,,,,,,,,,,,,,,,,,,,,,93689,0.5318343639373779
,,,28,,,,,,,,,,,,,,,,,,,,,,,,,,,,,93699,0.02493550255894661
,,,28,,,,,,,,,,,,,,,,,,,,,,,,,,,,,93709,0.020959027111530304
,,,28,,,,,,,,,,,,,,,,,,,,,,,,,,,,,93719,0.2678588032722473
,,,28,,,,,,,,,,,,,,,,,,,,,,,,,,,,,93729,0.041665516793727875
,,,28,,,,,,,,,,,,,,,,,,,,,,,,,,,,,93739,0.363545686006546
,,,28,,,,,,,,,,,,,,,,,,,,,,,,,,,,,93749,0.7128304839134216
,,,28,,,,,,,,,,,,,,,,,,,,,,,,,,,,,93759,0.028637349605560303
,,,28,,,,,,,,,,,,,,,,,,,,,,,,,,,,,93769,0.3177641034126282
,,,28,,,,,,,,,,,,,,,,,,,,,,,,,,,,,93779,0.1334301382303238
,,,28,,,,,,,,,,,,,,,,,,,,,,,,,,,,,93789,0.17690059542655945
,,,28,,,,,,,,,,,,,,,,,,,,,,,,,,,,,93799,0.3779675364494324
,,,28,,,,,,,,,,,,,,,,,,,,,,,,,,,,,93809,0.04905857890844345
,,,28,,,,,,,,,,,,,,,,,,,,,,,,,,,,,93819,0.18307256698608398
,,,28,,,,,,,,,,,,,,,,,,,,,,,,,,,,,93829,0.07433328032493591
,,,28,,,,,,,,,,,,,,,,,,,,,,,,,,,,,93839,0.4295995235443115
,,,28,,,,,,,,,,,,,,,,,,,,,,,,,,,,,93849,0.005011469591408968
,,,28,,,,,,,,,,,,,,,,,,,,,,,,,,,,,93859,0.011913235299289227
,,,28,,,,,,,,,,,,,,,,,,,,,,,,,,,,,93869,0.0045789266005158424
,,,28,,,,,,,,,,,,,,,,,,,,,,,,,,,,,93879,0.4246244430541992
,,,28,,,,,,,,,,,,,,,,,,,,,,,,,,,,,93889,0.01186599861830473
,,,28,,,,,,,,,,,,,,,,,,,,,,,,,,,,,93899,0.3183951675891876
,,,28,,,,,,,,,,,,,,,,,,,,,,,,,,,,,93909,0.1290997564792633
,,,28,,,,,,,,,,,,,,,,,,,,,,,,,,,,,93919,0.06297741085290909
,,,28,,,,,,,,,,,,,,,,,,,,,,,,,,,,,93929,0.02455832064151764
,,,28,,,,,,,,,,,,,,,,,,,,,,,,,,,,,93939,1.6329368352890015
,,,28,,,,,,,,,,,,,,,,,,,,,,,,,,,,,93949,0.020095761865377426
,,,28,,,,,,,,,,,,,,,,,,,,,,,,,,,,,93959,0.003506261156871915
,,,28,,,,,,,,,,,,,,,,,,,,,,,,,,,,,93969,0.018857646733522415
,,,28,,,,,,,,,,,,,,,,,,,,,,,,,,,,,93979,0.03059834986925125
,,,28,,,,,,,,,,,,,,,,,,,,,,,,,,,,,93989,0.8197424411773682
,,,28,,,,,,,,,,,,,,,,,,,,,,,,,,,,,93999,0.037375226616859436
,,,28,,,,,,,,,,,,,,,,,,,,,,,,,,,,,94009,0.3407629728317261
,,,28,,,,,,,,,,,,,,,,,,,,,,,,,,,,,94019,0.031694959849119186
,,,28,,,,,,,,,,,,,,,,,,,,,,,,,,,,,94029,0.13757766783237457
,,,28,,,,,,,,,,,,,,,,,,,,,,,,,,,,,94039,0.40492382645606995
,,,28,,,,,,,,,,,,,,,,,,,,,,,,,,,,,94049,0.009632786735892296
,,,28,,,,,,,,,,,,,,,,,,,,,,,,,,,,,94059,0.3056993782520294
,,,28,,,,,,,,,,,,,,,,,,,,,,,,,,,,,94069,0.02413945458829403
,,,28,,,,,,,,,,,,,,,,,,,,,,,,,,,,,94079,0.28910738229751587
,,,28,,,,,,,,,,,,,,,,,,,,,,,,,,,,,94089,0.17700737714767456
,,,28,,,,,,,,,,,,,,,,,,,,,,,,,,,,,94099,0.006656100042164326
,,,28,,,,,,,,,,,,,,,,,,,,,,,,,,,,,94109,0.17150337994098663
,,,28,,,,,,,,,,,,,,,,,,,,,,,,,,,,,94119,0.31415608525276184
,,,28,,,,,,,,,,,,,,,,,,,,,,,,,,,,,94129,0.8857576847076416
,,,28,,,,,,,,,,,,,,,,,,,,,,,,,,,,,94139,0.16191276907920837
,,,28,,,,,,,,,,,,,,,,,,,,,,,,,,,,,94149,0.20127134025096893
,,,28,,,,,,,,,,,,,,,,,,,,,,,,,,,,,94159,0.11647013574838638
,,,28,,,,,,,,,,,,,,,,,,,,,,,,,,,,,94169,0.03284239023923874
,,,28,,,,,,,,,,,,,,,,,,,,,,,,,,,,,94179,0.057543545961380005
,,,28,,,,,,,,,,,,,,,,,,,,,,,,,,,,,94189,0.18932844698429108
,,,28,,,,,,,,,,,,,,,,,,,,,,,,,,,,,94199,0.9884872436523438
,,,28,,,,,,,,,,,,,,,,,,,,,,,,,,,,,94209,0.19838151335716248
,,,28,,,,,,,,,,,,,,,,,,,,,,,,,,,,,94219,0.003639770671725273
,,,28,,,,,,,,,,,,,,,,,,,,,,,,,,,,,94229,0.5366486310958862
,,,28,,,,,,,,,,,,,,,,,,,,,,,,,,,,,94239,0.029937898740172386
,,,28,,,,,,,,,,,,,,,,,,,,,,,,,,,,,94249,0.003829638008028269
,,,28,,,,,,,,,,,,,,,,,,,,,,,,,,,,,94259,0.07937458902597427
,,,28,,,,,,,,,,,,,,,,,,,,,,,,,,,,,94269,0.19643236696720123
,,,28,,,,,,,,,,,,,,,,,,,,,,,,,,,,,94279,0.29786697030067444
,,,28,,,,,,,,,,,,,,,,,,,,,,,,,,,,,94289,0.8378145098686218
,,,28,,,,,,,,,,,,,,,,,,,,,,,,,,,,,94299,0.008939243853092194
,,,28,,,,,,,,,,,,,,,,,,,,,,,,,,,,,94309,0.3025367558002472
,,,28,,,,,,,,,,,,,,,,,,,,,,,,,,,,,94319,0.4420749247074127
,,,28,,,,,,,,,,,,,,,,,,,,,,,,,,,,,94329,0.02138255536556244
,,,28,,,,,,,,,,,,,,,,,,,,,,,,,,,,,94339,0.045898761600255966
,,,28,,,,,,,,,,,,,,,,,,,,,,,,,,,,,94349,0.19396895170211792
,,,28,,,,,,,,,,,,,,,,,,,,,,,,,,,,,94359,0.04670128971338272
,,,28,,,,,,,,,,,,,,,,,,,,,,,,,,,,,94369,0.007314885500818491
,,,28,,,,,,,,,,,,,,,,,,,,,,,,,,,,,94379,0.008743014186620712
,,,28,,,,,,,,,,,,,,,,,,,,,,,,,,,,,94389,0.37258031964302063
,,,28,,,,,,,,,,,,,,,,,,,,,,,,,,,,,94399,0.22211749851703644
,,,28,,,,,,,,,,,,,,,,,,,,,,,,,,,,,94409,0.33440306782722473
,,,28,,,,,,,,,,,,,,,,,,,,,,,,,,,,,94419,0.1482876092195511
,,,28,,,,,,,,,,,,,,,,,,,,,,,,,,,,,94429,0.3007710576057434
,,,28,,,,,,,,,,,,,,,,,,,,,,,,,,,,,94439,0.015780029818415642
,,,28,,,,,,,,,,,,,,,,,,,,,,,,,,,,,94449,0.21897479891777039
,,,28,,,,,,,,,,,,,,,,,,,,,,,,,,,,,94459,0.09359320998191833
,,,28,,,,,,,,,,,,,,,,,,,,,,,,,,,,,94469,0.1093512549996376
,,,28,,,,,,,,,,,,,,,,,,,,,,,,,,,,,94479,0.07415308058261871
,,,28,,,,,,,,,,,,,,,,,,,,,,,,,,,,,94489,0.00830883253365755
,,,28,,,,,,,,,,,,,,,,,,,,,,,,,,,,,94499,0.06608662009239197
,,,28,,,,,,,,,,,,,,,,,,,,,,,,,,,,,94509,0.01658065989613533
,,,28,,,,,,,,,,,,,,,,,,,,,,,,,,,,,94519,0.012791265733540058
,,,28,,,,,,,,,,,,,,,,,,,,,,,,,,,,,94529,0.5153002142906189
,,,28,,,,,,,,,,,,,,,,,,,,,,,,,,,,,94539,0.009261819534003735
,,,28,,,,,,,,,,,,,,,,,,,,,,,,,,,,,94549,0.020451148971915245
,,,28,,,,,,,,,,,,,,,,,,,,,,,,,,,,,94559,0.31570541858673096
,,,28,,,,,,,,,,,,,,,,,,,,,,,,,,,,,94569,0.43528175354003906
,,,28,,,,,,,,,,,,,,,,,,,,,,,,,,,,,94579,0.011428572237491608
,,,28,,,,,,,,,,,,,,,,,,,,,,,,,,,,,94589,0.005840624682605267
,,,28,,,,,,,,,,,,,,,,,,,,,,,,,,,,,94599,0.10059215128421783
,,,28,,,,,,,,,,,,,,,,,,,,,,,,,,,,,94609,0.24964383244514465
,,,28,,,,,,,,,,,,,,,,,,,,,,,,,,,,,94619,0.7297754883766174
,,,28,,,,,,,,,,,,,,,,,,,,,,,,,,,,,94629,0.03667698800563812
,,,28,,,,,,,,,,,,,,,,,,,,,,,,,,,,,94639,0.09509739279747009
,,,28,,,,,,,,,,,,,,,,,,,,,,,,,,,,,94649,0.004055638797581196
,,,28,,,,,,,,,,,,,,,,,,,,,,,,,,,,,94659,0.07627356797456741
,,,28,,,,,,,,,,,,,,,,,,,,,,,,,,,,,94669,0.8758426904678345
,,,28,,,,,,,,,,,,,,,,,,,,,,,,,,,,,94679,0.3277512192726135
,,,28,,,,,,,,,,,,,,,,,,,,,,,,,,,,,94689,0.6204897165298462
,,,28,,,,,,,,,,,,,,,,,,,,,,,,,,,,,94699,0.014976542443037033
,,,28,,,,,,,,,,,,,,,,,,,,,,,,,,,,,94709,0.2815377712249756
,,,28,,,,,,,,,,,,,,,,,,,,,,,,,,,,,94719,0.0695154219865799
,,,28,,,,,,,,,,,,,,,,,,,,,,,,,,,,,94729,0.2882782518863678
,,,28,,,,,,,,,,,,,,,,,,,,,,,,,,,,,94739,0.02026752196252346
,,,28,,,,,,,,,,,,,,,,,,,,,,,,,,,,,94749,0.6274272799491882
,,,28,,,,,,,,,,,,,,,,,,,,,,,,,,,,,94759,0.08215492218732834
,,,28,,,,,,,,,,,,,,,,,,,,,,,,,,,,,94769,0.04131757467985153
,,,28,,,,,,,,,,,,,,,,,,,,,,,,,,,,,94779,0.008338035084307194
,,,28,,,,,,,,,,,,,,,,,,,,,,,,,,,,,94789,0.08327208459377289
,,,28,,,,,,,,,,,,,,,,,,,,,,,,,,,,,94799,0.0058523500338196754
,,,28,,,,,,,,,,,,,,,,,,,,,,,,,,,,,94809,0.010067743249237537
,,,28,,,,,,,,,,,,,,,,,,,,,,,,,,,,,94819,0.6649436354637146
,,,28,,,,,,,,,,,,,,,,,,,,,,,,,,,,,94829,0.18019838631153107
,,,28,,,,,,,,,,,,,,,,,,,,,,,,,,,,,94839,0.03662524372339249
,,,28,,,,,,,,,,,,,,,,,,,,,,,,,,,,,94849,0.02615983784198761
,,,28,,,,,,,,,,,,,,,,,,,,,,,,,,,,,94859,0.014406993985176086
,,,28,,,,,,,,,,,,,,,,,,,,,,,,,,,,,94869,0.008879421278834343
,,,28,,,,,,,,,,,,,,,,,,,,,,,,,,,,,94879,0.030319036915898323
,,,28,,,,,,,,,,,,,,,,,,,,,,,,,,,,,94889,0.006261661648750305
,,,28,,,,,,,,,,,,,,,,,,,,,,,,,,,,,94899,0.06575652211904526
,,,28,,,,,,,,,,,,,,,,,,,,,,,,,,,,,94909,0.11994382739067078
,,,28,,,,,,,,,,,,,,,,,,,,,,,,,,,,,94919,0.5545249581336975
,,,28,,,,,,,,,,,,,,,,,,,,,,,,,,,,,94929,0.14659057557582855
,,,28,,,,,,,,,,,,,,,,,,,,,,,,,,,,,94939,0.10516540706157684
,,,28,,,,,,,,,,,,,,,,,,,,,,,,,,,,,94949,0.0028159604407846928
,,,28,,,,,,,,,,,,,,,,,,,,,,,,,,,,,94959,0.0037384156603366137
,,,28,,,,,,,,,,,,,,,,,,,,,,,,,,,,,94969,0.045230455696582794
,,,28,,,,,,,,,,,,,,,,,,,,,,,,,,,,,94979,0.28549665212631226
,,,28,,,,,,,,,,,,,,,,,,,,,,,,,,,,,94989,0.12342092394828796
,,,28,,,,,,,,,,,,,,,,,,,,,,,,,,,,,94999,0.09823791682720184
,,,28,,,,,,,,,,,,,,,,,,,,,,,,,,,,,95009,0.39285892248153687
,,,28,,,,,,,,,,,,,,,,,,,,,,,,,,,,,95019,0.028703520074486732
,,,28,,,,,,,,,,,,,,,,,,,,,,,,,,,,,95029,0.07798086851835251
,,,28,,,,,,,,,,,,,,,,,,,,,,,,,,,,,95039,0.004014190286397934
,,,28,,,,,,,,,,,,,,,,,,,,,,,,,,,,,95049,0.004360337741672993
,,,28,,,,,,,,,,,,,,,,,,,,,,,,,,,,,95059,0.006688275374472141
,,,28,,,,,,,,,,,,,,,,,,,,,,,,,,,,,95069,0.11652179807424545
,,,28,,,,,,,,,,,,,,,,,,,,,,,,,,,,,95079,0.0040924763306975365
,,,28,,,,,,,,,,,,,,,,,,,,,,,,,,,,,95089,1.3671832084655762
,,,28,,,,,,,,,,,,,,,,,,,,,,,,,,,,,95099,0.07954367995262146
,,,28,,,,,,,,,,,,,,,,,,,,,,,,,,,,,95109,0.010216346010565758
,,,28,,,,,,,,,,,,,,,,,,,,,,,,,,,,,95119,0.6182756423950195
,,,28,,,,,,,,,,,,,,,,,,,,,,,,,,,,,95129,0.12892921268939972
,,,28,,,,,,,,,,,,,,,,,,,,,,,,,,,,,95139,0.006886304821819067
,,,28,,,,,,,,,,,,,,,,,,,,,,,,,,,,,95149,0.019192099571228027
,,,28,,,,,,,,,,,,,,,,,,,,,,,,,,,,,95159,0.19174115359783173
,,,28,,,,,,,,,,,,,,,,,,,,,,,,,,,,,95169,0.4473443627357483
,,,28,,,,,,,,,,,,,,,,,,,,,,,,,,,,,95179,0.1543334424495697
,,,28,,,,,,,,,,,,,,,,,,,,,,,,,,,,,95189,0.2548035681247711
,,,28,,,,,,,,,,,,,,,,,,,,,,,,,,,,,95199,0.05884181335568428
,,,28,,,,,,,,,,,,,,,,,,,,,,,,,,,,,95209,0.1517982929944992
,,,28,,,,,,,,,,,,,,,,,,,,,,,,,,,,,95219,0.005663394927978516
,,,28,,,,,,,,,,,,,,,,,,,,,,,,,,,,,95229,0.050784479826688766
,,,28,,,,,,,,,,,,,,,,,,,,,,,,,,,,,95239,0.2618941366672516
,,,28,,,,,,,,,,,,,,,,,,,,,,,,,,,,,95249,0.035049501806497574
,,,28,,,,,,,,,,,,,,,,,,,,,,,,,,,,,95259,0.6136094331741333
,,,28,,,,,,,,,,,,,,,,,,,,,,,,,,,,,95269,0.4505794644355774
,,,28,,,,,,,,,,,,,,,,,,,,,,,,,,,,,95279,0.00253221089951694
,,,28,,,,,,,,,,,,,,,,,,,,,,,,,,,,,95289,1.070812702178955
,,,28,,,,,,,,,,,,,,,,,,,,,,,,,,,,,95299,0.42256200313568115
,,,28,,,,,,,,,,,,,,,,,,,,,,,,,,,,,95309,0.20997421443462372
,,,28,,,,,,,,,,,,,,,,,,,,,,,,,,,,,95319,0.1624356061220169
,,,28,,,,,,,,,,,,,,,,,,,,,,,,,,,,,95329,0.11699974536895752
,,,28,,,,,,,,,,,,,,,,,,,,,,,,,,,,,95339,0.1745041161775589
,,,28,,,,,,,,,,,,,,,,,,,,,,,,,,,,,95349,0.2887493073940277
,,,28,,,,,,,,,,,,,,,,,,,,,,,,,,,,,95359,0.04826764389872551
,,,28,,,,,,,,,,,,,,,,,,,,,,,,,,,,,95369,0.7139641046524048
,,,28,,,,,,,,,,,,,,,,,,,,,,,,,,,,,95379,0.6302452087402344
,,,28,,,,,,,,,,,,,,,,,,,,,,,,,,,,,95389,0.3850724399089813
,,,28,,,,,,,,,,,,,,,,,,,,,,,,,,,,,95399,1.9363785982131958
,,,28,,,,,,,,,,,,,,,,,,,,,,,,,,,,,95409,0.024436067789793015
,,,28,,,,,,,,,,,,,,,,,,,,,,,,,,,,,95419,0.014703712426126003
,,,28,,,,,,,,,,,,,,,,,,,,,,,,,,,,,95429,0.07840120792388916
,,,28,,,,,,,,,,,,,,,,,,,,,,,,,,,,,95439,0.007792336400598288
,,,28,,,,,,,,,,,,,,,,,,,,,,,,,,,,,95449,0.03465257212519646
,,,28,,,,,,,,,,,,,,,,,,,,,,,,,,,,,95459,1.0820866823196411
,,,28,,,,,,,,,,,,,,,,,,,,,,,,,,,,,95469,0.020378194749355316
,,,28,,,,,,,,,,,,,,,,,,,,,,,,,,,,,95479,0.22512546181678772
,,,28,,,,,,,,,,,,,,,,,,,,,,,,,,,,,95489,0.008465592749416828
,,,28,,,,,,,,,,,,,,,,,,,,,,,,,,,,,95499,0.4776356518268585
,,,28,,,,,,,,,,,,,,,,,,,,,,,,,,,,,95509,1.067495346069336
,,,28,,,,,,,,,,,,,,,,,,,,,,,,,,,,,95519,0.16661962866783142
,,,28,,,,,,,,,,,,,,,,,,,,,,,,,,,,,95529,0.016731077805161476
,,,28,,,,,,,,,,,,,,,,,,,,,,,,,,,,,95539,0.011684747412800789
,,,28,,,,,,,,,,,,,,,,,,,,,,,,,,,,,95549,0.2968115508556366
,,,28,,,,,,,,,,,,,,,,,,,,,,,,,,,,,95559,0.042006317526102066
,,,28,,,,,,,,,,,,,,,,,,,,,,,,,,,,,95569,0.5023031830787659
,,,28,,,,,,,,,,,,,,,,,,,,,,,,,,,,,95579,0.5210140347480774
,,,28,,,,,,,,,,,,,,,,,,,,,,,,,,,,,95589,0.5905573964118958
,,,28,,,,,,,,,,,,,,,,,,,,,,,,,,,,,95599,0.6371933221817017
,,,28,,,,,,,,,,,,,,,,,,,,,,,,,,,,,95609,0.2512059211730957
,,,28,,,,,,,,,,,,,,,,,,,,,,,,,,,,,95619,0.02447686530649662
,,,28,,,,,,,,,,,,,,,,,,,,,,,,,,,,,95629,0.04440363869071007
,,,28,,,,,,,,,,,,,,,,,,,,,,,,,,,,,95639,0.533899188041687
,,,28,,,,,,,,,,,,,,,,,,,,,,,,,,,,,95649,0.8677929043769836
,,,28,,,,,,,,,,,,,,,,,,,,,,,,,,,,,95659,0.09447726607322693
,,,28,,,,,,,,,,,,,,,,,,,,,,,,,,,,,95669,0.07882639020681381
,,,28,,,,,,,,,,,,,,,,,,,,,,,,,,,,,95679,0.01636737398803234
,,,28,,,,,,,,,,,,,,,,,,,,,,,,,,,,,95689,0.015272409655153751
,,,28,,,,,,,,,,,,,,,,,,,,,,,,,,,,,95699,0.30809327960014343
,,,28,,,,,,,,,,,,,,,,,,,,,,,,,,,,,95709,0.1666812300682068
,,,28,,,,,,,,,,,,,,,,,,,,,,,,,,,,,95719,0.10311592370271683
,,,28,,,,,,,,,,,,,,,,,,,,,,,,,,,,,95729,0.42746374011039734
,,,28,,,,,,,,,,,,,,,,,,,,,,,,,,,,,95739,0.10080484300851822
,,,28,,,,,,,,,,,,,,,,,,,,,,,,,,,,,95749,0.05212927982211113
,,,28,,,,,,,,,,,,,,,,,,,,,,,,,,,,,95759,0.3163436949253082
,,,28,,,,,,,,,,,,,,,,,,,,,,,,,,,,,95769,0.012428682297468185
,,,28,,,,,,,,,,,,,,,,,,,,,,,,,,,,,95779,0.0981462374329567
,,,28,,,,,,,,,,,,,,,,,,,,,,,,,,,,,95789,0.14403413236141205
,,,28,,,,,,,,,,,,,,,,,,,,,,,,,,,,,95799,0.12681005895137787
,,,28,,,,,,,,,,,,,,,,,,,,,,,,,,,,,95809,0.12325724214315414
,,,28,,,,,,,,,,,,,,,,,,,,,,,,,,,,,95819,0.14539384841918945
,,,28,,,,,,,,,,,,,,,,,,,,,,,,,,,,,95829,0.04010448977351189
,,,28,,,,,,,,,,,,,,,,,,,,,,,,,,,,,95839,0.18000435829162598
,,,28,,,,,,,,,,,,,,,,,,,,,,,,,,,,,95849,0.7567431926727295
,,,28,,,,,,,,,,,,,,,,,,,,,,,,,,,,,95859,0.15375199913978577
,,,28,,,,,,,,,,,,,,,,,,,,,,,,,,,,,95869,0.0029891047161072493
,,,28,,,,,,,,,,,,,,,,,,,,,,,,,,,,,95879,0.5731311440467834
,,,28,,,,,,,,,,,,,,,,,,,,,,,,,,,,,95889,0.013361373916268349
,,,28,,,,,,,,,,,,,,,,,,,,,,,,,,,,,95899,0.28839659690856934
,,,28,,,,,,,,,,,,,,,,,,,,,,,,,,,,,95909,0.02566562034189701
,,,28,,,,,,,,,,,,,,,,,,,,,,,,,,,,,95919,0.007569925859570503
,,,28,,,,,,,,,,,,,,,,,,,,,,,,,,,,,95929,0.014929824508726597
,,,28,,,,,,,,,,,,,,,,,,,,,,,,,,,,,95939,0.1139707937836647
,,,28,,,,,,,,,,,,,,,,,,,,,,,,,,,,,95949,0.015379252843558788
,,,28,,,,,,,,,,,,,,,,,,,,,,,,,,,,,95959,0.2042444944381714
,,,28,,,,,,,,,,,,,,,,,,,,,,,,,,,,,95969,0.10195497423410416
,,,28,,,,,,,,,,,,,,,,,,,,,,,,,,,,,95979,0.2383752316236496
,,,28,,,,,,,,,,,,,,,,,,,,,,,,,,,,,95989,0.08669745177030563
,,,,2.5467251083433957e-07,1.4266868013547958e-06,2.1949027713150704e-06,2.1949027713150704e-06,3.376773494330877e-06,3.376773494330877e-06,5.195036145124426e-06,5.195036145124426e-06,7.992363300191425e-06,7.992363300191425e-06,1.2295943538756038e-05,2.5467251083433957e-07,1.2295943538756038e-05,1.8916836213470826e-05,1.8916836213470826e-05,2.9102824943801272e-05,2.9102824943801272e-05,4.477357683661734e-05,4.477357683661734e-05,4.477357683661734e-05,4.477357683661734e-05,3.9180386282206076e-07,3.9180386282206076e-07,6.027751735724013e-07,6.027751735724013e-07,9.273464208806172e-07,9.273464208806172e-07,1.4266868013547958e-06,95991,
,,,29,,,,,,,,,,,,,,,,,,,,,,,,,,,,,95999,0.183205708861351
,,,29,,,,,,,,,,,,,,,,,,,,,,,,,,,,,96009,0.33245977759361267
,,,29,,,,,,,,,,,,,,,,,,,,,,,,,,,,,96019,0.0176103375852108
,,,29,,,,,,,,,,,,,,,,,,,,,,,,,,,,,96029,0.014396678656339645
,,,29,,,,,,,,,,,,,,,,,,,,,,,,,,,,,96039,0.6709829568862915
,,,29,,,,,,,,,,,,,,,,,,,,,,,,,,,,,96049,0.026344984769821167
,,,29,,,,,,,,,,,,,,,,,,,,,,,,,,,,,96059,0.01692148484289646
,,,29,,,,,,,,,,,,,,,,,,,,,,,,,,,,,96069,0.007752660196274519
,,,29,,,,,,,,,,,,,,,,,,,,,,,,,,,,,96079,0.18978628516197205
,,,29,,,,,,,,,,,,,,,,,,,,,,,,,,,,,96089,0.01918291300535202
,,,29,,,,,,,,,,,,,,,,,,,,,,,,,,,,,96099,0.006390727125108242
,,,29,,,,,,,,,,,,,,,,,,,,,,,,,,,,,96109,0.035078875720500946
,,,29,,,,,,,,,,,,,,,,,,,,,,,,,,,,,96119,0.005458884406834841
,,,29,,,,,,,,,,,,,,,,,,,,,,,,,,,,,96129,0.1383441984653473
,,,29,,,,,,,,,,,,,,,,,,,,,,,,,,,,,96139,0.024154450744390488
,,,29,,,,,,,,,,,,,,,,,,,,,,,,,,,,,96149,0.05723557248711586
,,,29,,,,,,,,,,,,,,,,,,,,,,,,,,,,,96159,0.028276680037379265
,,,29,,,,,,,,,,,,,,,,,,,,,,,,,,,,,96169,0.01473457645624876
,,,29,,,,,,,,,,,,,,,,,,,,,,,,,,,,,96179,0.012615831568837166
,,,29,,,,,,,,,,,,,,,,,,,,,,,,,,,,,96189,0.11822862923145294
,,,29,,,,,,,,,,,,,,,,,,,,,,,,,,,,,96199,0.026770226657390594
,,,29,,,,,,,,,,,,,,,,,,,,,,,,,,,,,96209,0.04699292778968811
,,,29,,,,,,,,,,,,,,,,,,,,,,,,,,,,,96219,0.6019360423088074
,,,29,,,,,,,,,,,,,,,,,,,,,,,,,,,,,96229,0.03654603660106659
,,,29,,,,,,,,,,,,,,,,,,,,,,,,,,,,,96239,0.14162062108516693
,,,29,,,,,,,,,,,,,,,,,,,,,,,,,,,,,96249,0.046516578644514084
,,,29,,,,,,,,,,,,,,,,,,,,,,,,,,,,,96259,0.1608896106481552
,,,29,,,,,,,,,,,,,,,,,,,,,,,,,,,,,96269,0.18812990188598633
,,,29,,,,,,,,,,,,,,,,,,,,,,,,,,,,,96279,0.15084557235240936
,,,29,,,,,,,,,,,,,,,,,,,,,,,,,,,,,96289,0.0052914926782250404
,,,29,,,,,,,,,,,,,,,,,,,,,,,,,,,,,96299,0.3476230800151825
,,,29,,,,,,,,,,,,,,,,,,,,,,,,,,,,,96309,0.008921223692595959
,,,29,,,,,,,,,,,,,,,,,,,,,,,,,,,,,96319,0.18948902189731598
,,,29,,,,,,,,,,,,,,,,,,,,,,,,,,,,,96329,0.017658356577157974
,,,29,,,,,,,,,,,,,,,,,,,,,,,,,,,,,96339,0.0836830586194992
,,,29,,,,,,,,,,,,,,,,,,,,,,,,,,,,,96349,0.4393032491207123
,,,29,,,,,,,,,,,,,,,,,,,,,,,,,,,,,96359,0.1625153124332428
,,,29,,,,,,,,,,,,,,,,,,,,,,,,,,,,,96369,0.10372839123010635
,,,29,,,,,,,,,,,,,,,,,,,,,,,,,,,,,96379,0.03320365399122238
,,,29,,,,,,,,,,,,,,,,,,,,,,,,,,,,,96389,0.028488656505942345
,,,29,,,,,,,,,,,,,,,,,,,,,,,,,,,,,96399,0.35230588912963867
,,,29,,,,,,,,,,,,,,,,,,,,,,,,,,,,,96409,0.06583146750926971
,,,29,,,,,,,,,,,,,,,,,,,,,,,,,,,,,96419,0.8852965831756592
,,,29,,,,,,,,,,,,,,,,,,,,,,,,,,,,,96429,0.10547507554292679
,,,29,,,,,,,,,,,,,,,,,,,,,,,,,,,,,96439,0.02878926508128643
,,,29,,,,,,,,,,,,,,,,,,,,,,,,,,,,,96449,0.008294609375298023
,,,29,,,,,,,,,,,,,,,,,,,,,,,,,,,,,96459,0.4623756408691406
,,,29,,,,,,,,,,,,,,,,,,,,,,,,,,,,,96469,0.12627921998500824
,,,29,,,,,,,,,,,,,,,,,,,,,,,,,,,,,96479,0.07232730090618134
,,,29,,,,,,,,,,,,,,,,,,,,,,,,,,,,,96489,0.7851526141166687
,,,29,,,,,,,,,,,,,,,,,,,,,,,,,,,,,96499,0.024233756586909294
,,,29,,,,,,,,,,,,,,,,,,,,,,,,,,,,,96509,0.05711224302649498
,,,29,,,,,,,,,,,,,,,,,,,,,,,,,,,,,96519,0.06387784332036972
,,,29,,,,,,,,,,,,,,,,,,,,,,,,,,,,,96529,0.025631172582507133
,,,29,,,,,,,,,,,,,,,,,,,,,,,,,,,,,96539,0.20213641226291656
,,,29,,,,,,,,,,,,,,,,,,,,,,,,,,,,,96549,0.11564863473176956
,,,29,,,,,,,,,,,,,,,,,,,,,,,,,,,,,96559,0.0662347674369812
,,,29,,,,,,,,,,,,,,,,,,,,,,,,,,,,,96569,0.3647403120994568
,,,29,,,,,,,,,,,,,,,,,,,,,,,,,,,,,96579,0.047612398862838745
,,,29,,,,,,,,,,,,,,,,,,,,,,,,,,,,,96589,0.6778224110603333
,,,29,,,,,,,,,,,,,,,,,,,,,,,,,,,,,96599,0.15029625594615936
,,,29,,,,,,,,,,,,,,,,,,,,,,,,,,,,,96609,0.07799797505140305
,,,29,,,,,,,,,,,,,,,,,,,,,,,,,,,,,96619,0.07436894625425339
,,,29,,,,,,,,,,,,,,,,,,,,,,,,,,,,,96629,0.03525214269757271
,,,29,,,,,,,,,,,,,,,,,,,,,,,,,,,,,96639,0.10688126087188721
,,,29,,,,,,,,,,,,,,,,,,,,,,,,,,,,,96649,0.025873921811580658
,,,29,,,,,,,,,,,,,,,,,,,,,,,,,,,,,96659,0.40804821252822876
,,,29,,,,,,,,,,,,,,,,,,,,,,,,,,,,,96669,0.18817785382270813
,,,29,,,,,,,,,,,,,,,,,,,,,,,,,,,,,96679,0.19414418935775757
,,,29,,,,,,,,,,,,,,,,,,,,,,,,,,,,,96689,0.03021247312426567
,,,29,,,,,,,,,,,,,,,,,,,,,,,,,,,,,96699,0.004981816280633211
,,,29,,,,,,,,,,,,,,,,,,,,,,,,,,,,,96709,0.0545642152428627
,,,29,,,,,,,,,,,,,,,,,,,,,,,,,,,,,96719,0.008899649605154991
,,,29,,,,,,,,,,,,,,,,,,,,,,,,,,,,,96729,0.9786952137947083
,,,29,,,,,,,,,,,,,,,,,,,,,,,,,,,,,96739,0.2064753621816635
,,,29,,,,,,,,,,,,,,,,,,,,,,,,,,,,,96749,0.039654817432165146
,,,29,,,,,,,,,,,,,,,,,,,,,,,,,,,,,96759,0.011586829088628292
,,,29,,,,,,,,,,,,,,,,,,,,,,,,,,,,,96769,0.008214748464524746
,,,29,,,,,,,,,,,,,,,,,,,,,,,,,,,,,96779,0.020286450162529945
,,,29,,,,,,,,,,,,,,,,,,,,,,,,,,,,,96789,0.5523003339767456
,,,29,,,,,,,,,,,,,,,,,,,,,,,,,,,,,96799,0.321905255317688
,,,29,,,,,,,,,,,,,,,,,,,,,,,,,,,,,96809,0.2081204652786255
,,,29,,,,,,,,,,,,,,,,,,,,,,,,,,,,,96819,0.0068040452897548676
,,,29,,,,,,,,,,,,,,,,,,,,,,,,,,,,,96829,0.1560235470533371
,,,29,,,,,,,,,,,,,,,,,,,,,,,,,,,,,96839,0.05021878704428673
,,,29,,,,,,,,,,,,,,,,,,,,,,,,,,,,,96849,0.14230147004127502
,,,29,,,,,,,,,,,,,,,,,,,,,,,,,,,,,96859,0.14633536338806152
,,,29,,,,,,,,,,,,,,,,,,,,,,,,,,,,,96869,0.0313044935464859
,,,29,,,,,,,,,,,,,,,,,,,,,,,,,,,,,96879,0.15411315858364105
,,,29,,,,,,,,,,,,,,,,,,,,,,,,,,,,,96889,0.02608805149793625
,,,29,,,,,,,,,,,,,,,,,,,,,,,,,,,,,96899,0.24605195224285126
,,,29,,,,,,,,,,,,,,,,,,,,,,,,,,,,,96909,0.0847858414053917
,,,29,,,,,,,,,,,,,,,,,,,,,,,,,,,,,96919,0.49302247166633606
,,,29,,,,,,,,,,,,,,,,,,,,,,,,,,,,,96929,0.053820934146642685
,,,29,,,,,,,,,,,,,,,,,,,,,,,,,,,,,96939,0.5838180780410767
,,,29,,,,,,,,,,,,,,,,,,,,,,,,,,,,,96949,0.11754161864519119
,,,29,,,,,,,,,,,,,,,,,,,,,,,,,,,,,96959,0.08753662556409836
,,,29,,,,,,,,,,,,,,,,,,,,,,,,,,,,,96969,0.1725219190120697
,,,29,,,,,,,,,,,,,,,,,,,,,,,,,,,,,96979,0.09361021965742111
,,,29,,,,,,,,,,,,,,,,,,,,,,,,,,,,,96989,0.009777923114597797
,,,29,,,,,,,,,,,,,,,,,,,,,,,,,,,,,96999,0.022578604519367218
,,,29,,,,,,,,,,,,,,,,,,,,,,,,,,,,,97009,0.06394224613904953
,,,29,,,,,,,,,,,,,,,,,,,,,,,,,,,,,97019,0.008769850246608257
,,,29,,,,,,,,,,,,,,,,,,,,,,,,,,,,,97029,0.017107093706727028
,,,29,,,,,,,,,,,,,,,,,,,,,,,,,,,,,97039,0.0073814415372908115
,,,29,,,,,,,,,,,,,,,,,,,,,,,,,,,,,97049,0.4878622591495514
,,,29,,,,,,,,,,,,,,,,,,,,,,,,,,,,,97059,0.009216206148266792
,,,29,,,,,,,,,,,,,,,,,,,,,,,,,,,,,97069,0.01205447781831026
,,,29,,,,,,,,,,,,,,,,,,,,,,,,,,,,,97079,0.009860504418611526
,,,29,,,,,,,,,,,,,,,,,,,,,,,,,,,,,97089,0.20561128854751587
,,,29,,,,,,,,,,,,,,,,,,,,,,,,,,,,,97099,0.29546159505844116
,,,29,,,,,,,,,,,,,,,,,,,,,,,,,,,,,97109,1.070900797843933
,,,29,,,,,,,,,,,,,,,,,,,,,,,,,,,,,97119,0.8811425566673279
,,,29,,,,,,,,,,,,,,,,,,,,,,,,,,,,,97129,0.026294242590665817
,,,29,,,,,,,,,,,,,,,,,,,,,,,,,,,,,97139,0.035335347056388855
,,,29,,,,,,,,,,,,,,,,,,,,,,,,,,,,,97149,0.05077176168560982
,,,29,,,,,,,,,,,,,,,,,,,,,,,,,,,,,97159,0.18266873061656952
,,,29,,,,,,,,,,,,,,,,,,,,,,,,,,,,,97169,0.43010208010673523
,,,29,,,,,,,,,,,,,,,,,,,,,,,,,,,,,97179,0.008617906831204891
,,,29,,,,,,,,,,,,,,,,,,,,,,,,,,,,,97189,0.029929231852293015
,,,29,,,,,,,,,,,,,,,,,,,,,,,,,,,,,97199,0.008449765853583813
,,,29,,,,,,,,,,,,,,,,,,,,,,,,,,,,,97209,1.41899573802948
,,,29,,,,,,,,,,,,,,,,,,,,,,,,,,,,,97219,0.061225637793540955
,,,29,,,,,,,,,,,,,,,,,,,,,,,,,,,,,97229,0.17893697321414948
,,,29,,,,,,,,,,,,,,,,,,,,,,,,,,,,,97239,0.10234507918357849
,,,29,,,,,,,,,,,,,,,,,,,,,,,,,,,,,97249,0.03194786235690117
,,,29,,,,,,,,,,,,,,,,,,,,,,,,,,,,,97259,0.006624496541917324
,,,29,,,,,,,,,,,,,,,,,,,,,,,,,,,,,97269,0.018397128209471703
,,,29,,,,,,,,,,,,,,,,,,,,,,,,,,,,,97279,0.09601516276597977
,,,29,,,,,,,,,,,,,,,,,,,,,,,,,,,,,97289,0.03383511304855347
,,,29,,,,,,,,,,,,,,,,,,,,,,,,,,,,,97299,0.14428631961345673
,,,29,,,,,,,,,,,,,,,,,,,,,,,,,,,,,97309,0.004958027508109808
,,,29,,,,,,,,,,,,,,,,,,,,,,,,,,,,,97319,0.03816477581858635
,,,29,,,,,,,,,,,,,,,,,,,,,,,,,,,,,97329,0.11092203855514526
,,,29,,,,,,,,,,,,,,,,,,,,,,,,,,,,,97339,0.023929325863718987
,,,29,,,,,,,,,,,,,,,,,,,,,,,,,,,,,97349,0.0769130066037178
,,,29,,,,,,,,,,,,,,,,,,,,,,,,,,,,,97359,0.4148697257041931
,,,29,,,,,,,,,,,,,,,,,,,,,,,,,,,,,97369,0.09731905907392502
,,,29,,,,,,,,,,,,,,,,,,,,,,,,,,,,,97379,0.029361138120293617
,,,29,,,,,,,,,,,,,,,,,,,,,,,,,,,,,97389,0.005544345825910568
,,,29,,,,,,,,,,,,,,,,,,,,,,,,,,,,,97399,0.00450892886146903
,,,29,,,,,,,,,,,,,,,,,,,,,,,,,,,,,97409,0.004267093725502491
,,,29,,,,,,,,,,,,,,,,,,,,,,,,,,,,,97419,0.0050346083007752895
,,,29,,,,,,,,,,,,,,,,,,,,,,,,,,,,,97429,0.054901331663131714
,,,29,,,,,,,,,,,,,,,,,,,,,,,,,,,,,97439,0.03224644437432289
,,,29,,,,,,,,,,,,,,,,,,,,,,,,,,,,,97449,0.03408321365714073
,,,29,,,,,,,,,,,,,,,,,,,,,,,,,,,,,97459,0.03906533494591713
,,,29,,,,,,,,,,,,,,,,,,,,,,,,,,,,,97469,0.08564445376396179
,,,29,,,,,,,,,,,,,,,,,,,,,,,,,,,,,97479,0.16950196027755737
,,,29,,,,,,,,,,,,,,,,,,,,,,,,,,,,,97489,0.057106588035821915
,,,29,,,,,,,,,,,,,,,,,,,,,,,,,,,,,97499,0.011684857308864594
,,,29,,,,,,,,,,,,,,,,,,,,,,,,,,,,,97509,0.4409051537513733
,,,29,,,,,,,,,,,,,,,,,,,,,,,,,,,,,97519,0.0851316750049591
,,,29,,,,,,,,,,,,,,,,,,,,,,,,,,,,,97529,0.20492671430110931
,,,29,,,,,,,,,,,,,,,,,,,,,,,,,,,,,97539,2.005491256713867
,,,29,,,,,,,,,,,,,,,,,,,,,,,,,,,,,97549,0.009808759205043316
,,,29,,,,,,,,,,,,,,,,,,,,,,,,,,,,,97559,0.7756282091140747
,,,29,,,,,,,,,,,,,,,,,,,,,,,,,,,,,97569,0.0032157772220671177
,,,29,,,,,,,,,,,,,,,,,,,,,,,,,,,,,97579,0.002885556546971202
,,,29,,,,,,,,,,,,,,,,,,,,,,,,,,,,,97589,0.13906057178974152
,,,29,,,,,,,,,,,,,,,,,,,,,,,,,,,,,97599,0.6774335503578186
,,,29,,,,,,,,,,,,,,,,,,,,,,,,,,,,,97609,0.22129198908805847
,,,29,,,,,,,,,,,,,,,,,,,,,,,,,,,,,97619,0.016567567363381386
,,,29,,,,,,,,,,,,,,,,,,,,,,,,,,,,,97629,0.014360377565026283
,,,29,,,,,,,,,,,,,,,,,,,,,,,,,,,,,97639,0.004610363859683275
,,,29,,,,,,,,,,,,,,,,,,,,,,,,,,,,,97649,0.1300700455904007
,,,29,,,,,,,,,,,,,,,,,,,,,,,,,,,,,97659,0.0684138610959053
,,,29,,,,,,,,,,,,,,,,,,,,,,,,,,,,,97669,0.007818514481186867
,,,29,,,,,,,,,,,,,,,,,,,,,,,,,,,,,97679,0.10528573393821716
,,,29,,,,,,,,,,,,,,,,,,,,,,,,,,,,,97689,0.17506155371665955
,,,29,,,,,,,,,,,,,,,,,,,,,,,,,,,,,97699,0.28737249970436096
,,,29,,,,,,,,,,,,,,,,,,,,,,,,,,,,,97709,0.005331411957740784
,,,29,,,,,,,,,,,,,,,,,,,,,,,,,,,,,97719,0.031478576362133026
,,,29,,,,,,,,,,,,,,,,,,,,,,,,,,,,,97729,0.2991075813770294
,,,29,,,,,,,,,,,,,,,,,,,,,,,,,,,,,97739,0.035635728389024734
,,,29,,,,,,,,,,,,,,,,,,,,,,,,,,,,,97749,0.3167420029640198
,,,29,,,,,,,,,,,,,,,,,,,,,,,,,,,,,97759,0.33464306592941284
,,,29,,,,,,,,,,,,,,,,,,,,,,,,,,,,,97769,0.20510169863700867
,,,29,,,,,,,,,,,,,,,,,,,,,,,,,,,,,97779,0.01951420120894909
,,,29,,,,,,,,,,,,,,,,,,,,,,,,,,,,,97789,0.09281261265277863
,,,29,,,,,,,,,,,,,,,,,,,,,,,,,,,,,97799,0.003660770133137703
,,,29,,,,,,,,,,,,,,,,,,,,,,,,,,,,,97809,0.0037241328973323107
,,,29,,,,,,,,,,,,,,,,,,,,,,,,,,,,,97819,0.28727760910987854
,,,29,,,,,,,,,,,,,,,,,,,,,,,,,,,,,97829,0.20786352455615997
,,,29,,,,,,,,,,,,,,,,,,,,,,,,,,,,,97839,0.5757664442062378
,,,29,,,,,,,,,,,,,,,,,,,,,,,,,,,,,97849,0.3822443187236786
,,,29,,,,,,,,,,,,,,,,,,,,,,,,,,,,,97859,0.5309084057807922
,,,29,,,,,,,,,,,,,,,,,,,,,,,,,,,,,97869,0.011661306023597717
,,,29,,,,,,,,,,,,,,,,,,,,,,,,,,,,,97879,0.002891252050176263
,,,29,,,,,,,,,,,,,,,,,,,,,,,,,,,,,97889,1.020756483078003
,,,29,,,,,,,,,,,,,,,,,,,,,,,,,,,,,97899,0.005391333717852831
,,,29,,,,,,,,,,,,,,,,,,,,,,,,,,,,,97909,0.2516842186450958
,,,29,,,,,,,,,,,,,,,,,,,,,,,,,,,,,97919,0.005225174129009247
,,,29,,,,,,,,,,,,,,,,,,,,,,,,,,,,,97929,0.011028112843632698
,,,29,,,,,,,,,,,,,,,,,,,,,,,,,,,,,97939,0.06573370844125748
,,,29,,,,,,,,,,,,,,,,,,,,,,,,,,,,,97949,0.012043684720993042
,,,29,,,,,,,,,,,,,,,,,,,,,,,,,,,,,97959,0.4477599561214447
,,,29,,,,,,,,,,,,,,,,,,,,,,,,,,,,,97969,0.00911778025329113
,,,29,,,,,,,,,,,,,,,,,,,,,,,,,,,,,97979,0.32878151535987854
,,,29,,,,,,,,,,,,,,,,,,,,,,,,,,,,,97989,0.006423807702958584
,,,29,,,,,,,,,,,,,,,,,,,,,,,,,,,,,97999,0.07805346697568893
,,,29,,,,,,,,,,,,,,,,,,,,,,,,,,,,,98009,0.2519569396972656
,,,29,,,,,,,,,,,,,,,,,,,,,,,,,,,,,98019,0.5720711350440979
,,,29,,,,,,,,,,,,,,,,,,,,,,,,,,,,,98029,0.22846607863903046
,,,29,,,,,,,,,,,,,,,,,,,,,,,,,,,,,98039,0.1112641990184784
,,,29,,,,,,,,,,,,,,,,,,,,,,,,,,,,,98049,0.010220693424344063
,,,29,,,,,,,,,,,,,,,,,,,,,,,,,,,,,98059,0.05208196863532066
,,,29,,,,,,,,,,,,,,,,,,,,,,,,,,,,,98069,0.0947631448507309
,,,29,,,,,,,,,,,,,,,,,,,,,,,,,,,,,98079,0.02858731709420681
,,,29,,,,,,,,,,,,,,,,,,,,,,,,,,,,,98089,0.04613139480352402
,,,29,,,,,,,,,,,,,,,,,,,,,,,,,,,,,98099,0.1980564296245575
,,,29,,,,,,,,,,,,,,,,,,,,,,,,,,,,,98109,0.24844197928905487
,,,29,,,,,,,,,,,,,,,,,,,,,,,,,,,,,98119,0.10316073894500732
,,,29,,,,,,,,,,,,,,,,,,,,,,,,,,,,,98129,0.09542742371559143
,,,29,,,,,,,,,,,,,,,,,,,,,,,,,,,,,98139,0.009145466610789299
,,,29,,,,,,,,,,,,,,,,,,,,,,,,,,,,,98149,0.10965404659509659
,,,29,,,,,,,,,,,,,,,,,,,,,,,,,,,,,98159,0.1943764090538025
,,,29,,,,,,,,,,,,,,,,,,,,,,,,,,,,,98169,0.06599708646535873
,,,29,,,,,,,,,,,,,,,,,,,,,,,,,,,,,98179,0.5351148247718811
,,,29,,,,,,,,,,,,,,,,,,,,,,,,,,,,,98189,0.8256160616874695
,,,29,,,,,,,,,,,,,,,,,,,,,,,,,,,,,98199,0.19429278373718262
,,,29,,,,,,,,,,,,,,,,,,,,,,,,,,,,,98209,0.041191499680280685
,,,29,,,,,,,,,,,,,,,,,,,,,,,,,,,,,98219,0.005828316323459148
,,,29,,,,,,,,,,,,,,,,,,,,,,,,,,,,,98229,0.007400482892990112
,,,29,,,,,,,,,,,,,,,,,,,,,,,,,,,,,98239,0.5660362243652344
,,,29,,,,,,,,,,,,,,,,,,,,,,,,,,,,,98249,0.1066189780831337
,,,29,,,,,,,,,,,,,,,,,,,,,,,,,,,,,98259,0.01607458107173443
,,,29,,,,,,,,,,,,,,,,,,,,,,,,,,,,,98269,0.022843414917588234
,,,29,,,,,,,,,,,,,,,,,,,,,,,,,,,,,98279,0.020119186490774155
,,,29,,,,,,,,,,,,,,,,,,,,,,,,,,,,,98289,0.7399688959121704
,,,29,,,,,,,,,,,,,,,,,,,,,,,,,,,,,98299,0.45177194476127625
,,,29,,,,,,,,,,,,,,,,,,,,,,,,,,,,,98309,0.03835894539952278
,,,29,,,,,,,,,,,,,,,,,,,,,,,,,,,,,98319,0.2986811101436615
,,,29,,,,,,,,,,,,,,,,,,,,,,,,,,,,,98329,0.04189703240990639
,,,29,,,,,,,,,,,,,,,,,,,,,,,,,,,,,98339,0.25533077120780945
,,,29,,,,,,,,,,,,,,,,,,,,,,,,,,,,,98349,0.07453859597444534
,,,29,,,,,,,,,,,,,,,,,,,,,,,,,,,,,98359,0.7208245992660522
,,,29,,,,,,,,,,,,,,,,,,,,,,,,,,,,,98369,0.08888103067874908
,,,29,,,,,,,,,,,,,,,,,,,,,,,,,,,,,98379,0.012659330852329731
,,,29,,,,,,,,,,,,,,,,,,,,,,,,,,,,,98389,0.13163022696971893
,,,29,,,,,,,,,,,,,,,,,,,,,,,,,,,,,98399,0.016354383900761604
,,,29,,,,,,,,,,,,,,,,,,,,,,,,,,,,,98409,0.2743030786514282
,,,29,,,,,,,,,,,,,,,,,,,,,,,,,,,,,98419,0.0060859667137265205
,,,29,,,,,,,,,,,,,,,,,,,,,,,,,,,,,98429,0.3903244435787201
,,,29,,,,,,,,,,,,,,,,,,,,,,,,,,,,,98439,0.06464384496212006
,,,29,,,,,,,,,,,,,,,,,,,,,,,,,,,,,98449,0.006641228683292866
,,,29,,,,,,,,,,,,,,,,,,,,,,,,,,,,,98459,0.02729078195989132
,,,29,,,,,,,,,,,,,,,,,,,,,,,,,,,,,98469,0.006383833475410938
,,,29,,,,,,,,,,,,,,,,,,,,,,,,,,,,,98479,0.0053888950496912
,,,29,,,,,,,,,,,,,,,,,,,,,,,,,,,,,98489,1.0239335298538208
,,,29,,,,,,,,,,,,,,,,,,,,,,,,,,,,,98499,0.003978256601840258
,,,29,,,,,,,,,,,,,,,,,,,,,,,,,,,,,98509,0.01597951166331768
,,,29,,,,,,,,,,,,,,,,,,,,,,,,,,,,,98519,1.1464259624481201
,,,29,,,,,,,,,,,,,,,,,,,,,,,,,,,,,98529,0.033282168209552765
,,,29,,,,,,,,,,,,,,,,,,,,,,,,,,,,,98539,0.04297291859984398
,,,29,,,,,,,,,,,,,,,,,,,,,,,,,,,,,98549,0.8286985158920288
,,,29,,,,,,,,,,,,,,,,,,,,,,,,,,,,,98559,0.0711512565612793
,,,29,,,,,,,,,,,,,,,,,,,,,,,,,,,,,98569,0.17906801402568817
,,,29,,,,,,,,,,,,,,,,,,,,,,,,,,,,,98579,0.008711956441402435
,,,29,,,,,,,,,,,,,,,,,,,,,,,,,,,,,98589,0.16644558310508728
,,,29,,,,,,,,,,,,,,,,,,,,,,,,,,,,,98599,0.01662551611661911
,,,29,,,,,,,,,,,,,,,,,,,,,,,,,,,,,98609,0.34492620825767517
,,,29,,,,,,,,,,,,,,,,,,,,,,,,,,,,,98619,0.27558839321136475
,,,29,,,,,,,,,,,,,,,,,,,,,,,,,,,,,98629,0.4152674973011017
,,,29,,,,,,,,,,,,,,,,,,,,,,,,,,,,,98639,0.4246947169303894
,,,29,,,,,,,,,,,,,,,,,,,,,,,,,,,,,98649,0.2803060710430145
,,,29,,,,,,,,,,,,,,,,,,,,,,,,,,,,,98659,0.6438235640525818
,,,29,,,,,,,,,,,,,,,,,,,,,,,,,,,,,98669,0.4815942943096161
,,,29,,,,,,,,,,,,,,,,,,,,,,,,,,,,,98679,0.03651336953043938
,,,29,,,,,,,,,,,,,,,,,,,,,,,,,,,,,98689,0.02394685707986355
,,,29,,,,,,,,,,,,,,,,,,,,,,,,,,,,,98699,0.25039389729499817
,,,29,,,,,,,,,,,,,,,,,,,,,,,,,,,,,98709,0.009475733153522015
,,,29,,,,,,,,,,,,,,,,,,,,,,,,,,,,,98719,0.24799089133739471
,,,29,,,,,,,,,,,,,,,,,,,,,,,,,,,,,98729,0.05716453865170479
,,,29,,,,,,,,,,,,,,,,,,,,,,,,,,,,,98739,0.1517466902732849
,,,29,,,,,,,,,,,,,,,,,,,,,,,,,,,,,98749,1.0306626558303833
,,,29,,,,,,,,,,,,,,,,,,,,,,,,,,,,,98759,0.2387414574623108
,,,29,,,,,,,,,,,,,,,,,,,,,,,,,,,,,98769,0.6681048274040222
,,,29,,,,,,,,,,,,,,,,,,,,,,,,,,,,,98779,0.03919981047511101
,,,29,,,,,,,,,,,,,,,,,,,,,,,,,,,,,98789,0.02105903811752796
,,,29,,,,,,,,,,,,,,,,,,,,,,,,,,,,,98799,0.2088494747877121
,,,29,,,,,,,,,,,,,,,,,,,,,,,,,,,,,98809,0.2514660954475403
,,,29,,,,,,,,,,,,,,,,,,,,,,,,,,,,,98819,0.004485896322876215
,,,29,,,,,,,,,,,,,,,,,,,,,,,,,,,,,98829,0.07841063290834427
,,,29,,,,,,,,,,,,,,,,,,,,,,,,,,,,,98839,0.06047990545630455
,,,29,,,,,,,,,,,,,,,,,,,,,,,,,,,,,98849,0.010237396694719791
,,,29,,,,,,,,,,,,,,,,,,,,,,,,,,,,,98859,0.02373199351131916
,,,29,,,,,,,,,,,,,,,,,,,,,,,,,,,,,98869,0.07283955812454224
,,,29,,,,,,,,,,,,,,,,,,,,,,,,,,,,,98879,0.4229978024959564
,,,29,,,,,,,,,,,,,,,,,,,,,,,,,,,,,98889,0.4522942006587982
,,,29,,,,,,,,,,,,,,,,,,,,,,,,,,,,,98899,0.1411052793264389
,,,29,,,,,,,,,,,,,,,,,,,,,,,,,,,,,98909,0.37250202894210815
,,,29,,,,,,,,,,,,,,,,,,,,,,,,,,,,,98919,0.05181511864066124
,,,29,,,,,,,,,,,,,,,,,,,,,,,,,,,,,98929,0.0031635251361876726
,,,29,,,,,,,,,,,,,,,,,,,,,,,,,,,,,98939,0.011231920681893826
,,,29,,,,,,,,,,,,,,,,,,,,,,,,,,,,,98949,0.36083415150642395
,,,29,,,,,,,,,,,,,,,,,,,,,,,,,,,,,98959,0.2785416841506958
,,,29,,,,,,,,,,,,,,,,,,,,,,,,,,,,,98969,0.9808889627456665
,,,29,,,,,,,,,,,,,,,,,,,,,,,,,,,,,98979,0.007802832871675491
,,,29,,,,,,,,,,,,,,,,,,,,,,,,,,,,,98989,0.0637773647904396
,,,29,,,,,,,,,,,,,,,,,,,,,,,,,,,,,98999,0.11503785848617554
,,,29,,,,,,,,,,,,,,,,,,,,,,,,,,,,,99009,0.004732114262878895
,,,29,,,,,,,,,,,,,,,,,,,,,,,,,,,,,99019,0.37777698040008545
,,,29,,,,,,,,,,,,,,,,,,,,,,,,,,,,,99029,0.24680037796497345
,,,29,,,,,,,,,,,,,,,,,,,,,,,,,,,,,99039,0.3423713743686676
,,,29,,,,,,,,,,,,,,,,,,,,,,,,,,,,,99049,1.4752253293991089
,,,29,,,,,,,,,,,,,,,,,,,,,,,,,,,,,99059,0.10278292745351791
,,,29,,,,,,,,,,,,,,,,,,,,,,,,,,,,,99069,0.0288391076028347
,,,29,,,,,,,,,,,,,,,,,,,,,,,,,,,,,99079,0.6188281774520874
,,,29,,,,,,,,,,,,,,,,,,,,,,,,,,,,,99089,0.03148394450545311
,,,29,,,,,,,,,,,,,,,,,,,,,,,,,,,,,99099,0.39712706208229065
,,,29,,,,,,,,,,,,,,,,,,,,,,,,,,,,,99109,0.003337241243571043
,,,29,,,,,,,,,,,,,,,,,,,,,,,,,,,,,99119,0.01975926198065281
,,,29,,,,,,,,,,,,,,,,,,,,,,,,,,,,,99129,0.18413472175598145
,,,29,,,,,,,,,,,,,,,,,,,,,,,,,,,,,99139,0.38800060749053955
,,,29,,,,,,,,,,,,,,,,,,,,,,,,,,,,,99149,0.06091182306408882
,,,29,,,,,,,,,,,,,,,,,,,,,,,,,,,,,99159,0.021347666159272194
,,,29,,,,,,,,,,,,,,,,,,,,,,,,,,,,,99169,0.34419572353363037
,,,29,,,,,,,,,,,,,,,,,,,,,,,,,,,,,99179,0.004781650844961405
,,,29,,,,,,,,,,,,,,,,,,,,,,,,,,,,,99189,0.0326770655810833
,,,29,,,,,,,,,,,,,,,,,,,,,,,,,,,,,99199,0.010135105811059475
,,,29,,,,,,,,,,,,,,,,,,,,,,,,,,,,,99209,0.024639341980218887
,,,29,,,,,,,,,,,,,,,,,,,,,,,,,,,,,99219,0.0069040292873978615
,,,29,,,,,,,,,,,,,,,,,,,,,,,,,,,,,99229,0.024728262796998024
,,,29,,,,,,,,,,,,,,,,,,,,,,,,,,,,,99239,0.4368341863155365
,,,29,,,,,,,,,,,,,,,,,,,,,,,,,,,,,99249,0.03379256650805473
,,,29,,,,,,,,,,,,,,,,,,,,,,,,,,,,,99259,0.007915052585303783
,,,29,,,,,,,,,,,,,,,,,,,,,,,,,,,,,99269,0.7225373387336731
,,,29,,,,,,,,,,,,,,,,,,,,,,,,,,,,,99279,0.12101781368255615
,,,29,,,,,,,,,,,,,,,,,,,,,,,,,,,,,99289,0.008645489811897278
,,,29,,,,,,,,,,,,,,,,,,,,,,,,,,,,,99299,0.11679231375455856
0.8444444537162781,0.8436293601989746,0.8452610969543457,29,,,,,,,,,,,,,,,,,,,,,,,,,,,,,99300,
,,,,2.3501483273722123e-07,1.3165636090457405e-06,2.025482475454985e-06,2.025482475454985e-06,3.1161268853153615e-06,3.1161268853153615e-06,4.794041362023633e-06,4.794041362023633e-06,7.375448249267128e-06,7.375448249267128e-06,1.1346843460410964e-05,2.3501483273722123e-07,1.1346843460410964e-05,1.7456682246786098e-05,1.7456682246786098e-05,2.685643422582477e-05,2.685643422582477e-05,4.131759111665349e-05,4.131759111665349e-05,4.131759111665349e-05,4.131759111665349e-05,3.6156128113418643e-07,3.6156128113418643e-07,5.562481248218254e-07,5.562481248218254e-07,8.557663458797313e-07,8.557663458797313e-07,1.3165636090457405e-06,99301,
,,,30,,,,,,,,,,,,,,,,,,,,,,,,,,,,,99309,0.01865306869149208
,,,30,,,,,,,,,,,,,,,,,,,,,,,,,,,,,99319,0.04377453029155731
,,,30,,,,,,,,,,,,,,,,,,,,,,,,,,,,,99329,0.0545695424079895
,,,30,,,,,,,,,,,,,,,,,,,,,,,,,,,,,99339,0.34212344884872437
,,,30,,,,,,,,,,,,,,,,,,,,,,,,,,,,,99349,0.014710267074406147
,,,30,,,,,,,,,,,,,,,,,,,,,,,,,,,,,99359,0.2810772657394409
,,,30,,,,,,,,,,,,,,,,,,,,,,,,,,,,,99369,0.019099052995443344
,,,30,,,,,,,,,,,,,,,,,,,,,,,,,,,,,99379,0.029277469962835312
,,,30,,,,,,,,,,,,,,,,,,,,,,,,,,,,,99389,0.2897050976753235
,,,30,,,,,,,,,,,,,,,,,,,,,,,,,,,,,99399,0.03483878821134567
,,,30,,,,,,,,,,,,,,,,,,,,,,,,,,,,,99409,0.027426432818174362
,,,30,,,,,,,,,,,,,,,,,,,,,,,,,,,,,99419,0.3971700370311737
,,,30,,,,,,,,,,,,,,,,,,,,,,,,,,,,,99429,0.0022619939409196377
,,,30,,,,,,,,,,,,,,,,,,,,,,,,,,,,,99439,0.007967690005898476
,,,30,,,,,,,,,,,,,,,,,,,,,,,,,,,,,99449,0.009205755777657032
,,,30,,,,,,,,,,,,,,,,,,,,,,,,,,,,,99459,0.10240814089775085
,,,30,,,,,,,,,,,,,,,,,,,,,,,,,,,,,99469,0.47771507501602173
,,,30,,,,,,,,,,,,,,,,,,,,,,,,,,,,,99479,0.04191562905907631
,,,30,,,,,,,,,,,,,,,,,,,,,,,,,,,,,99489,0.0111143309623003
,,,30,,,,,,,,,,,,,,,,,,,,,,,,,,,,,99499,0.010729724541306496
,,,30,,,,,,,,,,,,,,,,,,,,,,,,,,,,,99509,0.46365976333618164
,,,30,,,,,,,,,,,,,,,,,,,,,,,,,,,,,99519,0.013226278126239777
,,,30,,,,,,,,,,,,,,,,,,,,,,,,,,,,,99529,0.23831550776958466
,,,30,,,,,,,,,,,,,,,,,,,,,,,,,,,,,99539,0.07203157246112823
,,,30,,,,,,,,,,,,,,,,,,,,,,,,,,,,,99549,0.8055729269981384
,,,30,,,,,,,,,,,,,,,,,,,,,,,,,,,,,99559,0.014535939320921898
,,,30,,,,,,,,,,,,,,,,,,,,,,,,,,,,,99569,0.1560099571943283
,,,30,,,,,,,,,,,,,,,,,,,,,,,,,,,,,99579,0.32681432366371155
,,,30,,,,,,,,,,,,,,,,,,,,,,,,,,,,,99589,0.014172210358083248
,,,30,,,,,,,,,,,,,,,,,,,,,,,,,,,,,99599,0.023794110864400864
,,,30,,,,,,,,,,,,,,,,,,,,,,,,,,,,,99609,0.07636289298534393
,,,30,,,,,,,,,,,,,,,,,,,,,,,,,,,,,99619,0.018778767436742783
,,,30,,,,,,,,,,,,,,,,,,,,,,,,,,,,,99629,0.06215202808380127
,,,30,,,,,,,,,,,,,,,,,,,,,,,,,,,,,99639,0.12837211787700653
,,,30,,,,,,,,,,,,,,,,,,,,,,,,,,,,,99649,0.5651770830154419
,,,30,,,,,,,,,,,,,,,,,,,,,,,,,,,,,99659,0.05830031633377075
,,,30,,,,,,,,,,,,,,,,,,,,,,,,,,,,,99669,0.22137996554374695
,,,30,,,,,,,,,,,,,,,,,,,,,,,,,,,,,99679,0.014547361060976982
,,,30,,,,,,,,,,,,,,,,,,,,,,,,,,,,,99689,1.2290197610855103
,,,30,,,,,,,,,,,,,,,,,,,,,,,,,,,,,99699,0.020304322242736816
,,,30,,,,,,,,,,,,,,,,,,,,,,,,,,,,,99709,0.1695575714111328
,,,30,,,,,,,,,,,,,,,,,,,,,,,,,,,,,99719,0.005654586013406515
,,,30,,,,,,,,,,,,,,,,,,,,,,,,,,,,,99729,0.049635130912065506
,,,30,,,,,,,,,,,,,,,,,,,,,,,,,,,,,99739,0.012002618052065372
,,,30,,,,,,,,,,,,,,,,,,,,,,,,,,,,,99749,0.007532124873250723
,,,30,,,,,,,,,,,,,,,,,,,,,,,,,,,,,99759,0.904265284538269
,,,30,,,,,,,,,,,,,,,,,,,,,,,,,,,,,99769,0.02228541113436222
,,,30,,,,,,,,,,,,,,,,,,,,,,,,,,,,,99779,0.07205825299024582
,,,30,,,,,,,,,,,,,,,,,,,,,,,,,,,,,99789,0.36699792742729187
,,,30,,,,,,,,,,,,,,,,,,,,,,,,,,,,,99799,0.0063095553778111935
,,,30,,,,,,,,,,,,,,,,,,,,,,,,,,,,,99809,0.050850093364715576
,,,30,,,,,,,,,,,,,,,,,,,,,,,,,,,,,99819,0.012409311719238758
,,,30,,,,,,,,,,,,,,,,,,,,,,,,,,,,,99829,0.3602590262889862
,,,30,,,,,,,,,,,,,,,,,,,,,,,,,,,,,99839,0.004841983783990145
,,,30,,,,,,,,,,,,,,,,,,,,,,,,,,,,,99849,0.2662936747074127
,,,30,,,,,,,,,,,,,,,,,,,,,,,,,,,,,99859,0.06751186400651932
,,,30,,,,,,,,,,,,,,,,,,,,,,,,,,,,,99869,0.011274570599198341
,,,30,,,,,,,,,,,,,,,,,,,,,,,,,,,,,99879,0.0579010434448719
,,,30,,,,,,,,,,,,,,,,,,,,,,,,,,,,,99889,0.013955055736005306
,,,30,,,,,,,,,,,,,,,,,,,,,,,,,,,,,99899,0.5552424192428589
,,,30,,,,,,,,,,,,,,,,,,,,,,,,,,,,,99909,1.0889675617218018
,,,30,,,,,,,,,,,,,,,,,,,,,,,,,,,,,99919,0.22697341442108154
,,,30,,,,,,,,,,,,,,,,,,,,,,,,,,,,,99929,0.0057153827510774136
,,,30,,,,,,,,,,,,,,,,,,,,,,,,,,,,,99939,0.02171589806675911
,,,30,,,,,,,,,,,,,,,,,,,,,,,,,,,,,99949,0.20950499176979065
,,,30,,,,,,,,,,,,,,,,,,,,,,,,,,,,,99959,0.026153692975640297
,,,30,,,,,,,,,,,,,,,,,,,,,,,,,,,,,99969,0.00856020487844944
,,,30,,,,,,,,,,,,,,,,,,,,,,,,,,,,,99979,0.5666658282279968
,,,30,,,,,,,,,,,,,,,,,,,,,,,,,,,,,99989,0.47825875878334045
,,,30,,,,,,,,,,,,,,,,,,,,,,,,,,,,,99999,0.053103819489479065
,,,30,,,,,,,,,,,,,,,,,,,,,,,,,,,,,100009,0.6541987657546997
,,,30,,,,,,,,,,,,,,,,,,,,,,,,,,,,,100019,0.07399584352970123
,,,30,,,,,,,,,,,,,,,,,,,,,,,,,,,,,100029,0.04607134312391281
,,,30,,,,,,,,,,,,,,,,,,,,,,,,,,,,,100039,1.6183574199676514
,,,30,,,,,,,,,,,,,,,,,,,,,,,,,,,,,100049,0.009169925935566425
,,,30,,,,,,,,,,,,,,,,,,,,,,,,,,,,,100059,0.059219084680080414
,,,30,,,,,,,,,,,,,,,,,,,,,,,,,,,,,100069,0.3203760087490082
,,,30,,,,,,,,,,,,,,,,,,,,,,,,,,,,,100079,0.0811881273984909
,,,30,,,,,,,,,,,,,,,,,,,,,,,,,,,,,100089,0.00734662264585495
,,,30,,,,,,,,,,,,,,,,,,,,,,,,,,,,,100099,0.011613305658102036
,,,30,,,,,,,,,,,,,,,,,,,,,,,,,,,,,100109,0.588749885559082
,,,30,,,,,,,,,,,,,,,,,,,,,,,,,,,,,100119,0.024202721193432808
,,,30,,,,,,,,,,,,,,,,,,,,,,,,,,,,,100129,0.002168879611417651
,,,30,,,,,,,,,,,,,,,,,,,,,,,,,,,,,100139,0.023390622809529305
,,,30,,,,,,,,,,,,,,,,,,,,,,,,,,,,,100149,0.01019735261797905
,,,30,,,,,,,,,,,,,,,,,,,,,,,,,,,,,100159,0.012967820279300213
,,,30,,,,,,,,,,,,,,,,,,,,,,,,,,,,,100169,0.10580246895551682
,,,30,,,,,,,,,,,,,,,,,,,,,,,,,,,,,100179,0.45287877321243286
,,,30,,,,,,,,,,,,,,,,,,,,,,,,,,,,,100189,0.010511371307075024
,,,30,,,,,,,,,,,,,,,,,,,,,,,,,,,,,100199,0.08363965898752213
,,,30,,,,,,,,,,,,,,,,,,,,,,,,,,,,,100209,0.004563521593809128
,,,30,,,,,,,,,,,,,,,,,,,,,,,,,,,,,100219,0.005454785656183958
,,,30,,,,,,,,,,,,,,,,,,,,,,,,,,,,,100229,0.26903417706489563
,,,30,,,,,,,,,,,,,,,,,,,,,,,,,,,,,100239,0.4015165865421295
,,,30,,,,,,,,,,,,,,,,,,,,,,,,,,,,,100249,0.059648942202329636
,,,30,,,,,,,,,,,,,,,,,,,,,,,,,,,,,100259,0.03392426297068596
,,,30,,,,,,,,,,,,,,,,,,,,,,,,,,,,,100269,0.004860265180468559
,,,30,,,,,,,,,,,,,,,,,,,,,,,,,,,,,100279,0.15654316544532776
,,,30,,,,,,,,,,,,,,,,,,,,,,,,,,,,,100289,0.10928745567798615
,,,30,,,,,,,,,,,,,,,,,,,,,,,,,,,,,100299,0.06332013756036758
,,,30,,,,,,,,,,,,,,,,,,,,,,,,,,,,,100309,0.058246318250894547
,,,30,,,,,,,,,,,,,,,,,,,,,,,,,,,,,100319,0.23534531891345978
,,,30,,,,,,,,,,,,,,,,,,,,,,,,,,,,,100329,0.011670704931020737
,,,30,,,,,,,,,,,,,,,,,,,,,,,,,,,,,100339,0.02717655338346958
,,,30,,,,,,,,,,,,,,,,,,,,,,,,,,,,,100349,0.25337857007980347
,,,30,,,,,,,,,,,,,,,,,,,,,,,,,,,,,100359,0.05833282321691513
,,,30,,,,,,,,,,,,,,,,,,,,,,,,,,,,,100369,0.09449229389429092
,,,30,,,,,,,,,,,,,,,,,,,,,,,,,,,,,100379,0.2088175266981125
,,,30,,,,,,,,,,,,,,,,,,,,,,,,,,,,,100389,0.07880774885416031
,,,30,,,,,,,,,,,,,,,,,,,,,,,,,,,,,100399,0.016573477536439896
,,,30,,,,,,,,,,,,,,,,,,,,,,,,,,,,,100409,0.009848710149526596
,,,30,,,,,,,,,,,,,,,,,,,,,,,,,,,,,100419,0.45866042375564575
,,,30,,,,,,,,,,,,,,,,,,,,,,,,,,,,,100429,0.04011031612753868
,,,30,,,,,,,,,,,,,,,,,,,,,,,,,,,,,100439,0.010140408761799335
,,,30,,,,,,,,,,,,,,,,,,,,,,,,,,,,,100449,0.004339114762842655
,,,30,,,,,,,,,,,,,,,,,,,,,,,,,,,,,100459,0.08961747586727142
,,,30,,,,,,,,,,,,,,,,,,,,,,,,,,,,,100469,0.038290247321128845
,,,30,,,,,,,,,,,,,,,,,,,,,,,,,,,,,100479,0.7505582571029663
,,,30,,,,,,,,,,,,,,,,,,,,,,,,,,,,,100489,0.006268653087317944
,,,30,,,,,,,,,,,,,,,,,,,,,,,,,,,,,100499,0.01888452097773552
,,,30,,,,,,,,,,,,,,,,,,,,,,,,,,,,,100509,0.0071521662175655365
,,,30,,,,,,,,,,,,,,,,,,,,,,,,,,,,,100519,0.045153968036174774
,,,30,,,,,,,,,,,,,,,,,,,,,,,,,,,,,100529,0.10676294565200806
,,,30,,,,,,,,,,,,,,,,,,,,,,,,,,,,,100539,0.030220165848731995
,,,30,,,,,,,,,,,,,,,,,,,,,,,,,,,,,100549,0.3384014964103699
,,,30,,,,,,,,,,,,,,,,,,,,,,,,,,,,,100559,0.4019877314567566
,,,30,,,,,,,,,,,,,,,,,,,,,,,,,,,,,100569,0.006829589139670134
,,,30,,,,,,,,,,,,,,,,,,,,,,,,,,,,,100579,1.445077657699585
,,,30,,,,,,,,,,,,,,,,,,,,,,,,,,,,,100589,0.2993312478065491
,,,30,,,,,,,,,,,,,,,,,,,,,,,,,,,,,100599,0.00291852536611259
,,,30,,,,,,,,,,,,,,,,,,,,,,,,,,,,,100609,0.003005135804414749
,,,30,,,,,,,,,,,,,,,,,,,,,,,,,,,,,100619,0.039161406457424164
,,,30,,,,,,,,,,,,,,,,,,,,,,,,,,,,,100629,0.15118396282196045
,,,30,,,,,,,,,,,,,,,,,,,,,,,,,,,,,100639,0.04551401361823082
,,,30,,,,,,,,,,,,,,,,,,,,,,,,,,,,,100649,0.06422170996665955
,,,30,,,,,,,,,,,,,,,,,,,,,,,,,,,,,100659,0.009292020462453365
,,,30,,,,,,,,,,,,,,,,,,,,,,,,,,,,,100669,0.015367022715508938
,,,30,,,,,,,,,,,,,,,,,,,,,,,,,,,,,100679,0.018471907824277878
,,,30,,,,,,,,,,,,,,,,,,,,,,,,,,,,,100689,0.02947091870009899
,,,30,,,,,,,,,,,,,,,,,,,,,,,,,,,,,100699,0.012357466854155064
,,,30,,,,,,,,,,,,,,,,,,,,,,,,,,,,,100709,0.1302170604467392
,,,30,,,,,,,,,,,,,,,,,,,,,,,,,,,,,100719,0.0900755226612091
,,,30,,,,,,,,,,,,,,,,,,,,,,,,,,,,,100729,0.03799593076109886
,,,30,,,,,,,,,,,,,,,,,,,,,,,,,,,,,100739,0.38384026288986206
,,,30,,,,,,,,,,,,,,,,,,,,,,,,,,,,,100749,0.007959483191370964
,,,30,,,,,,,,,,,,,,,,,,,,,,,,,,,,,100759,0.053187936544418335
,,,30,,,,,,,,,,,,,,,,,,,,,,,,,,,,,100769,0.5309035778045654
,,,30,,,,,,,,,,,,,,,,,,,,,,,,,,,,,100779,0.41563495993614197
,,,30,,,,,,,,,,,,,,,,,,,,,,,,,,,,,100789,0.04743636026978493
,,,30,,,,,,,,,,,,,,,,,,,,,,,,,,,,,100799,0.23276644945144653
,,,30,,,,,,,,,,,,,,,,,,,,,,,,,,,,,100809,1.3791512250900269
,,,30,,,,,,,,,,,,,,,,,,,,,,,,,,,,,100819,0.12344566732645035
,,,30,,,,,,,,,,,,,,,,,,,,,,,,,,,,,100829,0.34103116393089294
,,,30,,,,,,,,,,,,,,,,,,,,,,,,,,,,,100839,0.0585508868098259
,,,30,,,,,,,,,,,,,,,,,,,,,,,,,,,,,100849,0.008976512588560581
,,,30,,,,,,,,,,,,,,,,,,,,,,,,,,,,,100859,0.18742318451404572
,,,30,,,,,,,,,,,,,,,,,,,,,,,,,,,,,100869,0.189627543091774
,,,30,,,,,,,,,,,,,,,,,,,,,,,,,,,,,100879,0.1993108093738556
,,,30,,,,,,,,,,,,,,,,,,,,,,,,,,,,,100889,0.06965059041976929
,,,30,,,,,,,,,,,,,,,,,,,,,,,,,,,,,100899,0.004900563508272171
,,,30,,,,,,,,,,,,,,,,,,,,,,,,,,,,,100909,0.0021899559069424868
,,,30,,,,,,,,,,,,,,,,,,,,,,,,,,,,,100919,0.029252074658870697
,,,30,,,,,,,,,,,,,,,,,,,,,,,,,,,,,100929,0.4190557599067688
,,,30,,,,,,,,,,,,,,,,,,,,,,,,,,,,,100939,0.3138033151626587
,,,30,,,,,,,,,,,,,,,,,,,,,,,,,,,,,100949,0.02353653684258461
,,,30,,,,,,,,,,,,,,,,,,,,,,,,,,,,,100959,0.1425681859254837
,,,30,,,,,,,,,,,,,,,,,,,,,,,,,,,,,100969,0.12303857505321503
,,,30,,,,,,,,,,,,,,,,,,,,,,,,,,,,,100979,0.10231119394302368
,,,30,,,,,,,,,,,,,,,,,,,,,,,,,,,,,100989,0.043905407190322876
,,,30,,,,,,,,,,,,,,,,,,,,,,,,,,,,,100999,0.25247547030448914
,,,30,,,,,,,,,,,,,,,,,,,,,,,,,,,,,101009,0.13130299746990204
,,,30,,,,,,,,,,,,,,,,,,,,,,,,,,,,,101019,0.014775730669498444
,,,30,,,,,,,,,,,,,,,,,,,,,,,,,,,,,101029,0.22593005001544952
,,,30,,,,,,,,,,,,,,,,,,,,,,,,,,,,,101039,0.1586635559797287
,,,30,,,,,,,,,,,,,,,,,,,,,,,,,,,,,101049,0.005782910156995058
,,,30,,,,,,,,,,,,,,,,,,,,,,,,,,,,,101059,0.010455652140080929
,,,30,,,,,,,,,,,,,,,,,,,,,,,,,,,,,101069,0.8026166558265686
,,,30,,,,,,,,,,,,,,,,,,,,,,,,,,,,,101079,0.0657668486237526
,,,30,,,,,,,,,,,,,,,,,,,,,,,,,,,,,101089,0.01807345636188984
,,,30,,,,,,,,,,,,,,,,,,,,,,,,,,,,,101099,0.010508427396416664
,,,30,,,,,,,,,,,,,,,,,,,,,,,,,,,,,101109,0.7475392818450928
,,,30,,,,,,,,,,,,,,,,,,,,,,,,,,,,,101119,0.2008701115846634
,,,30,,,,,,,,,,,,,,,,,,,,,,,,,,,,,101129,0.23442617058753967
,,,30,,,,,,,,,,,,,,,,,,,,,,,,,,,,,101139,0.15702448785305023
,,,30,,,,,,,,,,,,,,,,,,,,,,,,,,,,,101149,0.3161231577396393
,,,30,,,,,,,,,,,,,,,,,,,,,,,,,,,,,101159,0.03722303360700607
,,,30,,,,,,,,,,,,,,,,,,,,,,,,,,,,,101169,0.008564833551645279
,,,30,,,,,,,,,,,,,,,,,,,,,,,,,,,,,101179,0.018246866762638092
,,,30,,,,,,,,,,,,,,,,,,,,,,,,,,,,,101189,0.39734697341918945
,,,30,,,,,,,,,,,,,,,,,,,,,,,,,,,,,101199,0.12957781553268433
,,,30,,,,,,,,,,,,,,,,,,,,,,,,,,,,,101209,0.10417665541172028
,,,30,,,,,,,,,,,,,,,,,,,,,,,,,,,,,101219,0.04983522742986679
,,,30,,,,,,,,,,,,,,,,,,,,,,,,,,,,,101229,0.4592362344264984
,,,30,,,,,,,,,,,,,,,,,,,,,,,,,,,,,101239,0.13535891473293304
,,,30,,,,,,,,,,,,,,,,,,,,,,,,,,,,,101249,0.6919881105422974
,,,30,,,,,,,,,,,,,,,,,,,,,,,,,,,,,101259,0.012375318445265293
,,,30,,,,,,,,,,,,,,,,,,,,,,,,,,,,,101269,0.4007347822189331
,,,30,,,,,,,,,,,,,,,,,,,,,,,,,,,,,101279,0.09091208875179291
,,,30,,,,,,,,,,,,,,,,,,,,,,,,,,,,,101289,0.1511894017457962
,,,30,,,,,,,,,,,,,,,,,,,,,,,,,,,,,101299,0.013359756208956242
,,,30,,,,,,,,,,,,,,,,,,,,,,,,,,,,,101309,0.3826795816421509
,,,30,,,,,,,,,,,,,,,,,,,,,,,,,,,,,101319,0.3080589771270752
,,,30,,,,,,,,,,,,,,,,,,,,,,,,,,,,,101329,0.009534438140690327
,,,30,,,,,,,,,,,,,,,,,,,,,,,,,,,,,101339,0.10937948524951935
,,,30,,,,,,,,,,,,,,,,,,,,,,,,,,,,,101349,0.20699334144592285
,,,30,,,,,,,,,,,,,,,,,,,,,,,,,,,,,101359,0.1363326460123062
,,,30,,,,,,,,,,,,,,,,,,,,,,,,,,,,,101369,0.6330815553665161
,,,30,,,,,,,,,,,,,,,,,,,,,,,,,,,,,101379,0.007672715000808239
,,,30,,,,,,,,,,,,,,,,,,,,,,,,,,,,,101389,0.4271085858345032
,,,30,,,,,,,,,,,,,,,,,,,,,,,,,,,,,101399,0.010534539818763733
,,,30,,,,,,,,,,,,,,,,,,,,,,,,,,,,,101409,0.1726812869310379
,,,30,,,,,,,,,,,,,,,,,,,,,,,,,,,,,101419,0.4991402328014374
,,,30,,,,,,,,,,,,,,,,,,,,,,,,,,,,,101429,0.008186771534383297
,,,30,,,,,,,,,,,,,,,,,,,,,,,,,,,,,101439,0.04168480634689331
,,,30,,,,,,,,,,,,,,,,,,,,,,,,,,,,,101449,0.023802530020475388
,,,30,,,,,,,,,,,,,,,,,,,,,,,,,,,,,101459,0.012326504103839397
,,,30,,,,,,,,,,,,,,,,,,,,,,,,,,,,,101469,0.36925366520881653
,,,30,,,,,,,,,,,,,,,,,,,,,,,,,,,,,101479,0.16329653561115265
,,,30,,,,,,,,,,,,,,,,,,,,,,,,,,,,,101489,0.030345600098371506
,,,30,,,,,,,,,,,,,,,,,,,,,,,,,,,,,101499,0.005537282209843397
,,,30,,,,,,,,,,,,,,,,,,,,,,,,,,,,,101509,0.4152529835700989
,,,30,,,,,,,,,,,,,,,,,,,,,,,,,,,,,101519,0.053310710936784744
,,,30,,,,,,,,,,,,,,,,,,,,,,,,,,,,,101529,0.009424533694982529
,,,30,,,,,,,,,,,,,,,,,,,,,,,,,,,,,101539,0.6662511825561523
,,,30,,,,,,,,,,,,,,,,,,,,,,,,,,,,,101549,0.19277499616146088
,,,30,,,,,,,,,,,,,,,,,,,,,,,,,,,,,101559,0.1892370730638504
,,,30,,,,,,,,,,,,,,,,,,,,,,,,,,,,,101569,0.3218802511692047
,,,30,,,,,,,,,,,,,,,,,,,,,,,,,,,,,101579,0.8284343481063843
,,,30,,,,,,,,,,,,,,,,,,,,,,,,,,,,,101589,0.06517771631479263
,,,30,,,,,,,,,,,,,,,,,,,,,,,,,,,,,101599,0.009166021831333637
,,,30,,,,,,,,,,,,,,,,,,,,,,,,,,,,,101609,0.2687261700630188
,,,30,,,,,,,,,,,,,,,,,,,,,,,,,,,,,101619,0.21174322068691254
,,,30,,,,,,,,,,,,,,,,,,,,,,,,,,,,,101629,0.007546977140009403
,,,30,,,,,,,,,,,,,,,,,,,,,,,,,,,,,101639,0.025414947420358658
,,,30,,,,,,,,,,,,,,,,,,,,,,,,,,,,,101649,0.1828375607728958
,,,30,,,,,,,,,,,,,,,,,,,,,,,,,,,,,101659,0.05450347065925598
,,,30,,,,,,,,,,,,,,,,,,,,,,,,,,,,,101669,0.3421490490436554
,,,30,,,,,,,,,,,,,,,,,,,,,,,,,,,,,101679,0.42018017172813416
,,,30,,,,,,,,,,,,,,,,,,,,,,,,,,,,,101689,0.23566825687885284
,,,30,,,,,,,,,,,,,,,,,,,,,,,,,,,,,101699,0.04624282196164131
,,,30,,,,,,,,,,,,,,,,,,,,,,,,,,,,,101709,0.014550997875630856
,,,30,,,,,,,,,,,,,,,,,,,,,,,,,,,,,101719,0.005459066946059465
,,,30,,,,,,,,,,,,,,,,,,,,,,,,,,,,,101729,0.02762039378285408
,,,30,,,,,,,,,,,,,,,,,,,,,,,,,,,,,101739,0.006789450533688068
,,,30,,,,,,,,,,,,,,,,,,,,,,,,,,,,,101749,0.24522043764591217
,,,30,,,,,,,,,,,,,,,,,,,,,,,,,,,,,101759,0.009713227860629559
,,,30,,,,,,,,,,,,,,,,,,,,,,,,,,,,,101769,0.0032197516411542892
,,,30,,,,,,,,,,,,,,,,,,,,,,,,,,,,,101779,0.009837123565375805
,,,30,,,,,,,,,,,,,,,,,,,,,,,,,,,,,101789,0.497662216424942
,,,30,,,,,,,,,,,,,,,,,,,,,,,,,,,,,101799,0.003101587761193514
,,,30,,,,,,,,,,,,,,,,,,,,,,,,,,,,,101809,0.03872665390372276
,,,30,,,,,,,,,,,,,,,,,,,,,,,,,,,,,101819,0.015330533497035503
,,,30,,,,,,,,,,,,,,,,,,,,,,,,,,,,,101829,0.034310195595026016
,,,30,,,,,,,,,,,,,,,,,,,,,,,,,,,,,101839,0.05935884639620781
,,,30,,,,,,,,,,,,,,,,,,,,,,,,,,,,,101849,0.014366391114890575
,,,30,,,,,,,,,,,,,,,,,,,,,,,,,,,,,101859,0.2369467169046402
,,,30,,,,,,,,,,,,,,,,,,,,,,,,,,,,,101869,1.1643918752670288
,,,30,,,,,,,,,,,,,,,,,,,,,,,,,,,,,101879,0.025464074686169624
,,,30,,,,,,,,,,,,,,,,,,,,,,,,,,,,,101889,0.06690069288015366
,,,30,,,,,,,,,,,,,,,,,,,,,,,,,,,,,101899,0.011891362257301807
,,,30,,,,,,,,,,,,,,,,,,,,,,,,,,,,,101909,0.25817662477493286
,,,30,,,,,,,,,,,,,,,,,,,,,,,,,,,,,101919,0.04646097123622894
,,,30,,,,,,,,,,,,,,,,,,,,,,,,,,,,,101929,0.024418771266937256
,,,30,,,,,,,,,,,,,,,,,,,,,,,,,,,,,101939,0.02620878256857395
,,,30,,,,,,,,,,,,,,,,,,,,,,,,,,,,,101949,0.1713050901889801
,,,30,,,,,,,,,,,,,,,,,,,,,,,,,,,,,101959,0.021632565185427666
,,,30,,,,,,,,,,,,,,,,,,,,,,,,,,,,,101969,0.006274714134633541
,,,30,,,,,,,,,,,,,,,,,,,,,,,,,,,,,101979,0.3967372179031372
,,,30,,,,,,,,,,,,,,,,,,,,,,,,,,,,,101989,0.09062838554382324
,,,30,,,,,,,,,,,,,,,,,,,,,,,,,,,,,101999,0.03883150964975357
,,,30,,,,,,,,,,,,,,,,,,,,,,,,,,,,,102009,0.03443027660250664
,,,30,,,,,,,,,,,,,,,,,,,,,,,,,,,,,102019,0.006659767124801874
,,,30,,,,,,,,,,,,,,,,,,,,,,,,,,,,,102029,0.30358293652534485
,,,30,,,,,,,,,,,,,,,,,,,,,,,,,,,,,102039,0.003472611540928483
,,,30,,,,,,,,,,,,,,,,,,,,,,,,,,,,,102049,0.04654574394226074
,,,30,,,,,,,,,,,,,,,,,,,,,,,,,,,,,102059,0.008499081246554852
,,,30,,,,,,,,,,,,,,,,,,,,,,,,,,,,,102069,0.011688565835356712
,,,30,,,,,,,,,,,,,,,,,,,,,,,,,,,,,102079,0.06379429250955582
,,,30,,,,,,,,,,,,,,,,,,,,,,,,,,,,,102089,0.021180415526032448
,,,30,,,,,,,,,,,,,,,,,,,,,,,,,,,,,102099,0.2659587264060974
,,,30,,,,,,,,,,,,,,,,,,,,,,,,,,,,,102109,0.0031743624713271856
,,,30,,,,,,,,,,,,,,,,,,,,,,,,,,,,,102119,0.2044254094362259
,,,30,,,,,,,,,,,,,,,,,,,,,,,,,,,,,102129,0.39207491278648376
,,,30,,,,,,,,,,,,,,,,,,,,,,,,,,,,,102139,0.028911130502820015
,,,30,,,,,,,,,,,,,,,,,,,,,,,,,,,,,102149,0.03509190306067467
,,,30,,,,,,,,,,,,,,,,,,,,,,,,,,,,,102159,0.31782275438308716
,,,30,,,,,,,,,,,,,,,,,,,,,,,,,,,,,102169,0.049260642379522324
,,,30,,,,,,,,,,,,,,,,,,,,,,,,,,,,,102179,0.9158458709716797
,,,30,,,,,,,,,,,,,,,,,,,,,,,,,,,,,102189,0.025105386972427368
,,,30,,,,,,,,,,,,,,,,,,,,,,,,,,,,,102199,1.0665644407272339
,,,30,,,,,,,,,,,,,,,,,,,,,,,,,,,,,102209,0.03245417773723602
,,,30,,,,,,,,,,,,,,,,,,,,,,,,,,,,,102219,0.813885509967804
,,,30,,,,,,,,,,,,,,,,,,,,,,,,,,,,,102229,0.11782660335302353
,,,30,,,,,,,,,,,,,,,,,,,,,,,,,,,,,102239,0.3381628394126892
,,,30,,,,,,,,,,,,,,,,,,,,,,,,,,,,,102249,0.004136367235332727
,,,30,,,,,,,,,,,,,,,,,,,,,,,,,,,,,102259,0.03105839714407921
,,,30,,,,,,,,,,,,,,,,,,,,,,,,,,,,,102269,0.1673964560031891
,,,30,,,,,,,,,,,,,,,,,,,,,,,,,,,,,102279,0.010811341926455498
,,,30,,,,,,,,,,,,,,,,,,,,,,,,,,,,,102289,0.19895736873149872
,,,30,,,,,,,,,,,,,,,,,,,,,,,,,,,,,102299,0.3020959794521332
,,,30,,,,,,,,,,,,,,,,,,,,,,,,,,,,,102309,0.015184315852820873
,,,30,,,,,,,,,,,,,,,,,,,,,,,,,,,,,102319,0.15128254890441895
,,,30,,,,,,,,,,,,,,,,,,,,,,,,,,,,,102329,0.007492049131542444
,,,30,,,,,,,,,,,,,,,,,,,,,,,,,,,,,102339,0.011933707632124424
,,,30,,,,,,,,,,,,,,,,,,,,,,,,,,,,,102349,0.06126731261610985
,,,30,,,,,,,,,,,,,,,,,,,,,,,,,,,,,102359,0.38763177394866943
,,,30,,,,,,,,,,,,,,,,,,,,,,,,,,,,,102369,0.4559207260608673
,,,30,,,,,,,,,,,,,,,,,,,,,,,,,,,,,102379,0.020959319546818733
,,,30,,,,,,,,,,,,,,,,,,,,,,,,,,,,,102389,0.3462596833705902
,,,30,,,,,,,,,,,,,,,,,,,,,,,,,,,,,102399,0.6312687397003174
,,,30,,,,,,,,,,,,,,,,,,,,,,,,,,,,,102409,0.5348273515701294
,,,30,,,,,,,,,,,,,,,,,,,,,,,,,,,,,102419,0.008914750069379807
,,,30,,,,,,,,,,,,,,,,,,,,,,,,,,,,,102429,0.00778155168518424
,,,30,,,,,,,,,,,,,,,,,,,,,,,,,,,,,102439,0.07271156460046768
,,,30,,,,,,,,,,,,,,,,,,,,,,,,,,,,,102449,0.05006676912307739
,,,30,,,,,,,,,,,,,,,,,,,,,,,,,,,,,102459,0.153997540473938
,,,30,,,,,,,,,,,,,,,,,,,,,,,,,,,,,102469,0.0074300444684922695
,,,30,,,,,,,,,,,,,,,,,,,,,,,,,,,,,102479,0.24842974543571472
,,,30,,,,,,,,,,,,,,,,,,,,,,,,,,,,,102489,0.036147959530353546
,,,30,,,,,,,,,,,,,,,,,,,,,,,,,,,,,102499,0.015124550089240074
,,,30,,,,,,,,,,,,,,,,,,,,,,,,,,,,,102509,0.049450118094682693
,,,30,,,,,,,,,,,,,,,,,,,,,,,,,,,,,102519,0.2590218782424927
,,,30,,,,,,,,,,,,,,,,,,,,,,,,,,,,,102529,0.08838943392038345
,,,30,,,,,,,,,,,,,,,,,,,,,,,,,,,,,102539,0.03305475041270256
,,,30,,,,,,,,,,,,,,,,,,,,,,,,,,,,,102549,0.024739515036344528
,,,30,,,,,,,,,,,,,,,,,,,,,,,,,,,,,102559,0.08754633367061615
,,,30,,,,,,,,,,,,,,,,,,,,,,,,,,,,,102569,0.044159822165966034
,,,30,,,,,,,,,,,,,,,,,,,,,,,,,,,,,102579,0.10346850752830505
,,,30,,,,,,,,,,,,,,,,,,,,,,,,,,,,,102589,0.0615202896296978
,,,30,,,,,,,,,,,,,,,,,,,,,,,,,,,,,102599,0.6589677333831787
,,,30,,,,,,,,,,,,,,,,,,,,,,,,,,,,,102609,0.08823126554489136
,,,,2.155977564185546e-07,1.2077882786656185e-06,1.8581358133317206e-06,1.8581358133317206e-06,2.8586704820488007e-06,2.8586704820488007e-06,4.397954587767385e-06,4.397954587767385e-06,6.766083981180593e-06,6.766083981180593e-06,1.0409359971047065e-05,2.155977564185546e-07,1.0409359971047065e-05,1.6014399955457025e-05,1.6014399955457025e-05,2.4637538393010805e-05,2.4637538393010805e-05,3.790390522001662e-05,3.790390522001662e-05,3.790390522001662e-05,3.790390522001662e-05,3.3168885602854544e-07,3.3168885602854544e-07,5.102905477362238e-07,5.102905477362238e-07,7.850623811326521e-07,7.850623811326521e-07,1.2077882786656185e-06,102611,
,,,31,,,,,,,,,,,,,,,,,,,,,,,,,,,,,102619,0.3091348111629486
,,,31,,,,,,,,,,,,,,,,,,,,,,,,,,,,,102629,0.8443459868431091
,,,31,,,,,,,,,,,,,,,,,,,,,,,,,,,,,102639,0.7622073888778687
,,,31,,,,,,,,,,,,,,,,,,,,,,,,,,,,,102649,0.024289684370160103
,,,31,,,,,,,,,,,,,,,,,,,,,,,,,,,,,102659,0.7467440366744995
,,,31,,,,,,,,,,,,,,,,,,,,,,,,,,,,,102669,0.0798092782497406
,,,31,,,,,,,,,,,,,,,,,,,,,,,,,,,,,102679,0.014047634787857533
,,,31,,,,,,,,,,,,,,,,,,,,,,,,,,,,,102689,0.94629967212677
,,,31,,,,,,,,,,,,,,,,,,,,,,,,,,,,,102699,0.0240760650485754
,,,31,,,,,,,,,,,,,,,,,,,,,,,,,,,,,102709,0.5292757153511047
,,,31,,,,,,,,,,,,,,,,,,,,,,,,,,,,,102719,1.319665789604187
,,,31,,,,,,,,,,,,,,,,,,,,,,,,,,,,,102729,0.43657687306404114
,,,31,,,,,,,,,,,,,,,,,,,,,,,,,,,,,102739,0.07142207026481628
,,,31,,,,,,,,,,,,,,,,,,,,,,,,,,,,,102749,0.25879377126693726
,,,31,,,,,,,,,,,,,,,,,,,,,,,,,,,,,102759,0.0230924841016531
,,,31,,,,,,,,,,,,,,,,,,,,,,,,,,,,,102769,1.001523494720459
,,,31,,,,,,,,,,,,,,,,,,,,,,,,,,,,,102779,0.025301162153482437
,,,31,,,,,,,,,,,,,,,,,,,,,,,,,,,,,102789,0.013494150713086128
,,,31,,,,,,,,,,,,,,,,,,,,,,,,,,,,,102799,0.5752567648887634
,,,31,,,,,,,,,,,,,,,,,,,,,,,,,,,,,102809,0.10708785057067871
,,,31,,,,,,,,,,,,,,,,,,,,,,,,,,,,,102819,0.443231999874115
,,,31,,,,,,,,,,,,,,,,,,,,,,,,,,,,,102829,0.02949407882988453
,,,31,,,,,,,,,,,,,,,,,,,,,,,,,,,,,102839,0.007226488087326288
,,,31,,,,,,,,,,,,,,,,,,,,,,,,,,,,,102849,1.3741849660873413
,,,31,,,,,,,,,,,,,,,,,,,,,,,,,,,,,102859,0.005897977389395237
,,,31,,,,,,,,,,,,,,,,,,,,,,,,,,,,,102869,0.9896876811981201
,,,31,,,,,,,,,,,,,,,,,,,,,,,,,,,,,102879,0.014971637167036533
,,,31,,,,,,,,,,,,,,,,,,,,,,,,,,,,,102889,0.3706386685371399
,,,31,,,,,,,,,,,,,,,,,,,,,,,,,,,,,102899,0.16593776643276215
,,,31,,,,,,,,,,,,,,,,,,,,,,,,,,,,,102909,0.17096708714962006
,,,31,,,,,,,,,,,,,,,,,,,,,,,,,,,,,102919,0.004217773675918579
,,,31,,,,,,,,,,,,,,,,,,,,,,,,,,,,,102929,0.01723870262503624
,,,31,,,,,,,,,,,,,,,,,,,,,,,,,,,,,102939,0.12195072323083878
,,,31,,,,,,,,,,,,,,,,,,,,,,,,,,,,,102949,0.011568725109100342
,,,31,,,,,,,,,,,,,,,,,,,,,,,,,,,,,102959,0.037024401128292084
,,,31,,,,,,,,,,,,,,,,,,,,,,,,,,,,,102969,0.27216261625289917
,,,31,,,,,,,,,,,,,,,,,,,,,,,,,,,,,102979,0.8008074760437012
,,,31,,,,,,,,,,,,,,,,,,,,,,,,,,,,,102989,0.4630536735057831
,,,31,,,,,,,,,,,,,,,,,,,,,,,,,,,,,102999,0.031149229034781456
,,,31,,,,,,,,,,,,,,,,,,,,,,,,,,,,,103009,0.009720077738165855
,,,31,,,,,,,,,,,,,,,,,,,,,,,,,,,,,103019,0.022035706788301468
,,,31,,,,,,,,,,,,,,,,,,,,,,,,,,,,,103029,0.18263010680675507
,,,31,,,,,,,,,,,,,,,,,,,,,,,,,,,,,103039,0.0051170457154512405
,,,31,,,,,,,,,,,,,,,,,,,,,,,,,,,,,103049,0.6225243210792542
,,,31,,,,,,,,,,,,,,,,,,,,,,,,,,,,,103059,0.07277964055538177
,,,31,,,,,,,,,,,,,,,,,,,,,,,,,,,,,103069,0.009460408240556717
,,,31,,,,,,,,,,,,,,,,,,,,,,,,,,,,,103079,0.025631319731473923
,,,31,,,,,,,,,,,,,,,,,,,,,,,,,,,,,103089,0.004460463300347328
,,,31,,,,,,,,,,,,,,,,,,,,,,,,,,,,,103099,0.22831986844539642
,,,31,,,,,,,,,,,,,,,,,,,,,,,,,,,,,103109,0.2836975157260895
,,,31,,,,,,,,,,,,,,,,,,,,,,,,,,,,,103119,0.010074509307742119
,,,31,,,,,,,,,,,,,,,,,,,,,,,,,,,,,103129,0.40243738889694214
,,,31,,,,,,,,,,,,,,,,,,,,,,,,,,,,,103139,0.09627629816532135
,,,31,,,,,,,,,,,,,,,,,,,,,,,,,,,,,103149,0.013611450791358948
,,,31,,,,,,,,,,,,,,,,,,,,,,,,,,,,,103159,0.23420047760009766
,,,31,,,,,,,,,,,,,,,,,,,,,,,,,,,,,103169,0.1076149269938469
,,,31,,,,,,,,,,,,,,,,,,,,,,,,,,,,,103179,0.5618074536323547
,,,31,,,,,,,,,,,,,,,,,,,,,,,,,,,,,103189,0.0038501496892422438
,,,31,,,,,,,,,,,,,,,,,,,,,,,,,,,,,103199,0.0032316383440047503
,,,31,,,,,,,,,,,,,,,,,,,,,,,,,,,,,103209,0.07700199633836746
,,,31,,,,,,,,,,,,,,,,,,,,,,,,,,,,,103219,0.11882339417934418
,,,31,,,,,,,,,,,,,,,,,,,,,,,,,,,,,103229,0.0035775720607489347
,,,31,,,,,,,,,,,,,,,,,,,,,,,,,,,,,103239,1.0013635158538818
,,,31,,,,,,,,,,,,,,,,,,,,,,,,,,,,,103249,0.27938809990882874
,,,31,,,,,,,,,,,,,,,,,,,,,,,,,,,,,103259,0.39712604880332947
,,,31,,,,,,,,,,,,,,,,,,,,,,,,,,,,,103269,0.019346056506037712
,,,31,,,,,,,,,,,,,,,,,,,,,,,,,,,,,103279,0.13325253129005432
,,,31,,,,,,,,,,,,,,,,,,,,,,,,,,,,,103289,0.5534828305244446
,,,31,,,,,,,,,,,,,,,,,,,,,,,,,,,,,103299,0.006236087530851364
,,,31,,,,,,,,,,,,,,,,,,,,,,,,,,,,,103309,0.0018411834025755525
,,,31,,,,,,,,,,,,,,,,,,,,,,,,,,,,,103319,0.42459797859191895
,,,31,,,,,,,,,,,,,,,,,,,,,,,,,,,,,103329,0.024273373186588287
,,,31,,,,,,,,,,,,,,,,,,,,,,,,,,,,,103339,0.030832601711153984
,,,31,,,,,,,,,,,,,,,,,,,,,,,,,,,,,103349,0.2544810175895691
,,,31,,,,,,,,,,,,,,,,,,,,,,,,,,,,,103359,0.12060157209634781
,,,31,,,,,,,,,,,,,,,,,,,,,,,,,,,,,103369,0.00848193746060133
,,,31,,,,,,,,,,,,,,,,,,,,,,,,,,,,,103379,0.35428208112716675
,,,31,,,,,,,,,,,,,,,,,,,,,,,,,,,,,103389,0.005627593491226435
,,,31,,,,,,,,,,,,,,,,,,,,,,,,,,,,,103399,0.005394610110670328
,,,31,,,,,,,,,,,,,,,,,,,,,,,,,,,,,103409,0.40455710887908936
,,,31,,,,,,,,,,,,,,,,,,,,,,,,,,,,,103419,0.15674921870231628
,,,31,,,,,,,,,,,,,,,,,,,,,,,,,,,,,103429,0.024842368438839912
,,,31,,,,,,,,,,,,,,,,,,,,,,,,,,,,,103439,0.004120275378227234
,,,31,,,,,,,,,,,,,,,,,,,,,,,,,,,,,103449,0.06189877912402153
,,,31,,,,,,,,,,,,,,,,,,,,,,,,,,,,,103459,0.16718392074108124
,,,31,,,,,,,,,,,,,,,,,,,,,,,,,,,,,103469,0.9511329531669617
,,,31,,,,,,,,,,,,,,,,,,,,,,,,,,,,,103479,0.0875931978225708
,,,31,,,,,,,,,,,,,,,,,,,,,,,,,,,,,103489,0.004246595781296492
,,,31,,,,,,,,,,,,,,,,,,,,,,,,,,,,,103499,0.060399431735277176
,,,31,,,,,,,,,,,,,,,,,,,,,,,,,,,,,103509,0.024582192301750183
,,,31,,,,,,,,,,,,,,,,,,,,,,,,,,,,,103519,0.0498066172003746
,,,31,,,,,,,,,,,,,,,,,,,,,,,,,,,,,103529,0.016987919807434082
,,,31,,,,,,,,,,,,,,,,,,,,,,,,,,,,,103539,0.16002324223518372
,,,31,,,,,,,,,,,,,,,,,,,,,,,,,,,,,103549,0.48595619201660156
,,,31,,,,,,,,,,,,,,,,,,,,,,,,,,,,,103559,0.023167286068201065
,,,31,,,,,,,,,,,,,,,,,,,,,,,,,,,,,103569,0.006581032648682594
,,,31,,,,,,,,,,,,,,,,,,,,,,,,,,,,,103579,0.07655288279056549
,,,31,,,,,,,,,,,,,,,,,,,,,,,,,,,,,103589,0.18962807953357697
,,,31,,,,,,,,,,,,,,,,,,,,,,,,,,,,,103599,0.08480770140886307
,,,31,,,,,,,,,,,,,,,,,,,,,,,,,,,,,103609,0.030867043882608414
,,,31,,,,,,,,,,,,,,,,,,,,,,,,,,,,,103619,1.0084999799728394
,,,31,,,,,,,,,,,,,,,,,,,,,,,,,,,,,103629,0.23764409124851227
,,,31,,,,,,,,,,,,,,,,,,,,,,,,,,,,,103639,0.002249612007290125
,,,31,,,,,,,,,,,,,,,,,,,,,,,,,,,,,103649,0.00733037618920207
,,,31,,,,,,,,,,,,,,,,,,,,,,,,,,,,,103659,0.22551840543746948
,,,31,,,,,,,,,,,,,,,,,,,,,,,,,,,,,103669,0.04788992926478386
,,,31,,,,,,,,,,,,,,,,,,,,,,,,,,,,,103679,0.037274446338415146
,,,31,,,,,,,,,,,,,,,,,,,,,,,,,,,,,103689,0.6385494470596313
,,,31,,,,,,,,,,,,,,,,,,,,,,,,,,,,,103699,0.29834285378456116
,,,31,,,,,,,,,,,,,,,,,,,,,,,,,,,,,103709,0.5265957117080688
,,,31,,,,,,,,,,,,,,,,,,,,,,,,,,,,,103719,0.009774982929229736
,,,31,,,,,,,,,,,,,,,,,,,,,,,,,,,,,103729,0.1792399287223816
,,,31,,,,,,,,,,,,,,,,,,,,,,,,,,,,,103739,0.09186536073684692
,,,31,,,,,,,,,,,,,,,,,,,,,,,,,,,,,103749,0.18992872536182404
,,,31,,,,,,,,,,,,,,,,,,,,,,,,,,,,,103759,0.12552398443222046
,,,31,,,,,,,,,,,,,,,,,,,,,,,,,,,,,103769,0.025475816801190376
,,,31,,,,,,,,,,,,,,,,,,,,,,,,,,,,,103779,0.02821238897740841
,,,31,,,,,,,,,,,,,,,,,,,,,,,,,,,,,103789,0.8661937713623047
,,,31,,,,,,,,,,,,,,,,,,,,,,,,,,,,,103799,0.5842342972755432
,,,31,,,,,,,,,,,,,,,,,,,,,,,,,,,,,103809,0.05515861138701439
,,,31,,,,,,,,,,,,,,,,,,,,,,,,,,,,,103819,0.006339189596474171
,,,31,,,,,,,,,,,,,,,,,,,,,,,,,,,,,103829,0.020164478570222855
,,,31,,,,,,,,,,,,,,,,,,,,,,,,,,,,,103839,0.012327497825026512
,,,31,,,,,,,,,,,,,,,,,,,,,,,,,,,,,103849,0.10244020074605942
,,,31,,,,,,,,,,,,,,,,,,,,,,,,,,,,,103859,0.02220417745411396
,,,31,,,,,,,,,,,,,,,,,,,,,,,,,,,,,103869,0.6441627144813538
,,,31,,,,,,,,,,,,,,,,,,,,,,,,,,,,,103879,0.010764619335532188
,,,31,,,,,,,,,,,,,,,,,,,,,,,,,,,,,103889,0.01972443237900734
,,,31,,,,,,,,,,,,,,,,,,,,,,,,,,,,,103899,0.14757917821407318
,,,31,,,,,,,,,,,,,,,,,,,,,,,,,,,,,103909,1.4189573526382446
,,,31,,,,,,,,,,,,,,,,,,,,,,,,,,,,,103919,0.08171568810939789
,,,31,,,,,,,,,,,,,,,,,,,,,,,,,,,,,103929,0.015103484503924847
,,,31,,,,,,,,,,,,,,,,,,,,,,,,,,,,,103939,0.24201887845993042
,,,31,,,,,,,,,,,,,,,,,,,,,,,,,,,,,103949,0.03276190906763077
,,,31,,,,,,,,,,,,,,,,,,,,,,,,,,,,,103959,0.04505184292793274
,,,31,,,,,,,,,,,,,,,,,,,,,,,,,,,,,103969,0.20372238755226135
,,,31,,,,,,,,,,,,,,,,,,,,,,,,,,,,,103979,0.16239120066165924
,,,31,,,,,,,,,,,,,,,,,,,,,,,,,,,,,103989,0.16421639919281006
,,,31,,,,,,,,,,,,,,,,,,,,,,,,,,,,,103999,0.1289290189743042
,,,31,,,,,,,,,,,,,,,,,,,,,,,,,,,,,104009,0.013086865656077862
,,,31,,,,,,,,,,,,,,,,,,,,,,,,,,,,,104019,0.8211702108383179
,,,31,,,,,,,,,,,,,,,,,,,,,,,,,,,,,104029,0.11128069460391998
,,,31,,,,,,,,,,,,,,,,,,,,,,,,,,,,,104039,0.06574635952711105
,,,31,,,,,,,,,,,,,,,,,,,,,,,,,,,,,104049,0.3630293607711792
,,,31,,,,,,,,,,,,,,,,,,,,,,,,,,,,,104059,0.0936729907989502
,,,31,,,,,,,,,,,,,,,,,,,,,,,,,,,,,104069,0.7637141346931458
,,,31,,,,,,,,,,,,,,,,,,,,,,,,,,,,,104079,0.05416987091302872
,,,31,,,,,,,,,,,,,,,,,,,,,,,,,,,,,104089,0.35401102900505066
,,,31,,,,,,,,,,,,,,,,,,,,,,,,,,,,,104099,0.03442135453224182
,,,31,,,,,,,,,,,,,,,,,,,,,,,,,,,,,104109,0.029812047258019447
,,,31,,,,,,,,,,,,,,,,,,,,,,,,,,,,,104119,0.05195608735084534
,,,31,,,,,,,,,,,,,,,,,,,,,,,,,,,,,104129,0.03270578011870384
,,,31,,,,,,,,,,,,,,,,,,,,,,,,,,,,,104139,0.003105379641056061
,,,31,,,,,,,,,,,,,,,,,,,,,,,,,,,,,104149,0.12615491449832916
,,,31,,,,,,,,,,,,,,,,,,,,,,,,,,,,,104159,0.24811144173145294
,,,31,,,,,,,,,,,,,,,,,,,,,,,,,,,,,104169,0.028362583369016647
,,,31,,,,,,,,,,,,,,,,,,,,,,,,,,,,,104179,0.06681529432535172
,,,31,,,,,,,,,,,,,,,,,,,,,,,,,,,,,104189,0.0834355279803276
,,,31,,,,,,,,,,,,,,,,,,,,,,,,,,,,,104199,0.05635451152920723
,,,31,,,,,,,,,,,,,,,,,,,,,,,,,,,,,104209,0.0063124182634055614
,,,31,,,,,,,,,,,,,,,,,,,,,,,,,,,,,104219,0.04301487281918526
,,,31,,,,,,,,,,,,,,,,,,,,,,,,,,,,,104229,0.005864566657692194
,,,31,,,,,,,,,,,,,,,,,,,,,,,,,,,,,104239,0.08845894038677216
,,,31,,,,,,,,,,,,,,,,,,,,,,,,,,,,,104249,0.012806253507733345
,,,31,,,,,,,,,,,,,,,,,,,,,,,,,,,,,104259,0.049242205917835236
,,,31,,,,,,,,,,,,,,,,,,,,,,,,,,,,,104269,0.06258640438318253
,,,31,,,,,,,,,,,,,,,,,,,,,,,,,,,,,104279,0.0913272500038147
,,,31,,,,,,,,,,,,,,,,,,,,,,,,,,,,,104289,0.02060404233634472
,,,31,,,,,,,,,,,,,,,,,,,,,,,,,,,,,104299,0.11863341182470322
,,,31,,,,,,,,,,,,,,,,,,,,,,,,,,,,,104309,0.06860366463661194
,,,31,,,,,,,,,,,,,,,,,,,,,,,,,,,,,104319,0.4457937180995941
,,,31,,,,,,,,,,,,,,,,,,,,,,,,,,,,,104329,0.05094146355986595
,,,31,,,,,,,,,,,,,,,,,,,,,,,,,,,,,104339,0.014339922927320004
,,,31,,,,,,,,,,,,,,,,,,,,,,,,,,,,,104349,0.025808757171034813
,,,31,,,,,,,,,,,,,,,,,,,,,,,,,,,,,104359,2.459556818008423
,,,31,,,,,,,,,,,,,,,,,,,,,,,,,,,,,104369,0.8590021133422852
,,,31,,,,,,,,,,,,,,,,,,,,,,,,,,,,,104379,0.23333168029785156
,,,31,,,,,,,,,,,,,,,,,,,,,,,,,,,,,104389,0.5382450819015503
,,,31,,,,,,,,,,,,,,,,,,,,,,,,,,,,,104399,0.05587634816765785
,,,31,,,,,,,,,,,,,,,,,,,,,,,,,,,,,104409,0.030098188668489456
,,,31,,,,,,,,,,,,,,,,,,,,,,,,,,,,,104419,0.22315919399261475
,,,31,,,,,,,,,,,,,,,,,,,,,,,,,,,,,104429,0.041676849126815796
,,,31,,,,,,,,,,,,,,,,,,,,,,,,,,,,,104439,0.034308191388845444
,,,31,,,,,,,,,,,,,,,,,,,,,,,,,,,,,104449,0.11604417115449905
,,,31,,,,,,,,,,,,,,,,,,,,,,,,,,,,,104459,0.18928539752960205
,,,31,,,,,,,,,,,,,,,,,,,,,,,,,,,,,104469,0.06325577199459076
,,,31,,,,,,,,,,,,,,,,,,,,,,,,,,,,,104479,0.7857668995857239
,,,31,,,,,,,,,,,,,,,,,,,,,,,,,,,,,104489,0.8499096632003784
,,,31,,,,,,,,,,,,,,,,,,,,,,,,,,,,,104499,0.00817421916872263
,,,31,,,,,,,,,,,,,,,,,,,,,,,,,,,,,104509,0.005258956458419561
,,,31,,,,,,,,,,,,,,,,,,,,,,,,,,,,,104519,0.8777332305908203
,,,31,,,,,,,,,,,,,,,,,,,,,,,,,,,,,104529,0.010220334865152836
,,,31,,,,,,,,,,,,,,,,,,,,,,,,,,,,,104539,0.21335771679878235
,,,31,,,,,,,,,,,,,,,,,,,,,,,,,,,,,104549,0.005479236599057913
,,,31,,,,,,,,,,,,,,,,,,,,,,,,,,,,,104559,0.09872893989086151
,,,31,,,,,,,,,,,,,,,,,,,,,,,,,,,,,104569,0.0046408511698246
,,,31,,,,,,,,,,,,,,,,,,,,,,,,,,,,,104579,0.07345256209373474
,,,31,,,,,,,,,,,,,,,,,,,,,,,,,,,,,104589,0.06123390793800354
,,,31,,,,,,,,,,,,,,,,,,,,,,,,,,,,,104599,0.008101842366158962
,,,31,,,,,,,,,,,,,,,,,,,,,,,,,,,,,104609,2.002600908279419
,,,31,,,,,,,,,,,,,,,,,,,,,,,,,,,,,104619,0.08310170471668243
,,,31,,,,,,,,,,,,,,,,,,,,,,,,,,,,,104629,0.026386603713035583
,,,31,,,,,,,,,,,,,,,,,,,,,,,,,,,,,104639,0.21369841694831848
,,,31,,,,,,,,,,,,,,,,,,,,,,,,,,,,,104649,0.320010781288147
,,,31,,,,,,,,,,,,,,,,,,,,,,,,,,,,,104659,0.6712039709091187
,,,31,,,,,,,,,,,,,,,,,,,,,,,,,,,,,104669,0.10225546360015869
,,,31,,,,,,,,,,,,,,,,,,,,,,,,,,,,,104679,0.08692778646945953
,,,31,,,,,,,,,,,,,,,,,,,,,,,,,,,,,104689,0.19582848250865936
,,,31,,,,,,,,,,,,,,,,,,,,,,,,,,,,,104699,0.04000725597143173
,,,31,,,,,,,,,,,,,,,,,,,,,,,,,,,,,104709,0.005676841363310814
,,,31,,,,,,,,,,,,,,,,,,,,,,,,,,,,,104719,0.00993951503187418
,,,31,,,,,,,,,,,,,,,,,,,,,,,,,,,,,104729,0.007355580106377602
,,,31,,,,,,,,,,,,,,,,,,,,,,,,,,,,,104739,0.059603456407785416
,,,31,,,,,,,,,,,,,,,,,,,,,,,,,,,,,104749,0.2285066395998001
,,,31,,,,,,,,,,,,,,,,,,,,,,,,,,,,,104759,0.009184490889310837
,,,31,,,,,,,,,,,,,,,,,,,,,,,,,,,,,104769,0.0029523465782403946
,,,31,,,,,,,,,,,,,,,,,,,,,,,,,,,,,104779,0.060362961143255234
,,,31,,,,,,,,,,,,,,,,,,,,,,,,,,,,,104789,0.007506711408495903
,,,31,,,,,,,,,,,,,,,,,,,,,,,,,,,,,104799,0.024992885068058968
,,,31,,,,,,,,,,,,,,,,,,,,,,,,,,,,,104809,0.008538985624909401
,,,31,,,,,,,,,,,,,,,,,,,,,,,,,,,,,104819,0.0033953285310417414
,,,31,,,,,,,,,,,,,,,,,,,,,,,,,,,,,104829,0.3688172996044159
,,,31,,,,,,,,,,,,,,,,,,,,,,,,,,,,,104839,0.029744334518909454
,,,31,,,,,,,,,,,,,,,,,,,,,,,,,,,,,104849,0.1670195311307907
,,,31,,,,,,,,,,,,,,,,,,,,,,,,,,,,,104859,0.22349661588668823
,,,31,,,,,,,,,,,,,,,,,,,,,,,,,,,,,104869,0.16677531599998474
,,,31,,,,,,,,,,,,,,,,,,,,,,,,,,,,,104879,0.011429901234805584
,,,31,,,,,,,,,,,,,,,,,,,,,,,,,,,,,104889,0.004349822644144297
,,,31,,,,,,,,,,,,,,,,,,,,,,,,,,,,,104899,0.01981477066874504
,,,31,,,,,,,,,,,,,,,,,,,,,,,,,,,,,104909,0.0636603981256485
,,,31,,,,,,,,,,,,,,,,,,,,,,,,,,,,,104919,0.030278485268354416
,,,31,,,,,,,,,,,,,,,,,,,,,,,,,,,,,104929,0.00992949865758419
,,,31,,,,,,,,,,,,,,,,,,,,,,,,,,,,,104939,0.055026400834321976
,,,31,,,,,,,,,,,,,,,,,,,,,,,,,,,,,104949,0.016642779111862183
,,,31,,,,,,,,,,,,,,,,,,,,,,,,,,,,,104959,0.02028435841202736
,,,31,,,,,,,,,,,,,,,,,,,,,,,,,,,,,104969,0.7720328569412231
,,,31,,,,,,,,,,,,,,,,,,,,,,,,,,,,,104979,0.013061490841209888
,,,31,,,,,,,,,,,,,,,,,,,,,,,,,,,,,104989,0.004604902118444443
,,,31,,,,,,,,,,,,,,,,,,,,,,,,,,,,,104999,0.028934398666024208
,,,31,,,,,,,,,,,,,,,,,,,,,,,,,,,,,105009,0.3952299654483795
,,,31,,,,,,,,,,,,,,,,,,,,,,,,,,,,,105019,0.6327435970306396
,,,31,,,,,,,,,,,,,,,,,,,,,,,,,,,,,105029,0.0034584584645926952
,,,31,,,,,,,,,,,,,,,,,,,,,,,,,,,,,105039,0.009898015297949314
,,,31,,,,,,,,,,,,,,,,,,,,,,,,,,,,,105049,0.0016958601772785187
,,,31,,,,,,,,,,,,,,,,,,,,,,,,,,,,,105059,0.15842889249324799
,,,31,,,,,,,,,,,,,,,,,,,,,,,,,,,,,105069,0.24268974363803864
,,,31,,,,,,,,,,,,,,,,,,,,,,,,,,,,,105079,0.009390955790877342
,,,31,,,,,,,,,,,,,,,,,,,,,,,,,,,,,105089,0.5499036312103271
,,,31,,,,,,,,,,,,,,,,,,,,,,,,,,,,,105099,0.11679067462682724
,,,31,,,,,,,,,,,,,,,,,,,,,,,,,,,,,105109,0.09817647933959961
,,,31,,,,,,,,,,,,,,,,,,,,,,,,,,,,,105119,0.004286509472876787
,,,31,,,,,,,,,,,,,,,,,,,,,,,,,,,,,105129,0.07651370018720627
,,,31,,,,,,,,,,,,,,,,,,,,,,,,,,,,,105139,0.040028974413871765
,,,31,,,,,,,,,,,,,,,,,,,,,,,,,,,,,105149,0.004150536842644215
,,,31,,,,,,,,,,,,,,,,,,,,,,,,,,,,,105159,0.3620869517326355
,,,31,,,,,,,,,,,,,,,,,,,,,,,,,,,,,105169,0.1155739575624466
,,,31,,,,,,,,,,,,,,,,,,,,,,,,,,,,,105179,0.21895582973957062
,,,31,,,,,,,,,,,,,,,,,,,,,,,,,,,,,105189,0.018139615654945374
,,,31,,,,,,,,,,,,,,,,,,,,,,,,,,,,,105199,0.3325868844985962
,,,31,,,,,,,,,,,,,,,,,,,,,,,,,,,,,105209,1.0365211963653564
,,,31,,,,,,,,,,,,,,,,,,,,,,,,,,,,,105219,0.03423156589269638
,,,31,,,,,,,,,,,,,,,,,,,,,,,,,,,,,105229,0.02916617877781391
,,,31,,,,,,,,,,,,,,,,,,,,,,,,,,,,,105239,0.004858213476836681
,,,31,,,,,,,,,,,,,,,,,,,,,,,,,,,,,105249,0.003575195325538516
,,,31,,,,,,,,,,,,,,,,,,,,,,,,,,,,,105259,0.20417070388793945
,,,31,,,,,,,,,,,,,,,,,,,,,,,,,,,,,105269,0.3068774342536926
,,,31,,,,,,,,,,,,,,,,,,,,,,,,,,,,,105279,0.8999366760253906
,,,31,,,,,,,,,,,,,,,,,,,,,,,,,,,,,105289,0.015036089345812798
,,,31,,,,,,,,,,,,,,,,,,,,,,,,,,,,,105299,0.015942828729748726
,,,31,,,,,,,,,,,,,,,,,,,,,,,,,,,,,105309,0.13939140737056732
,,,31,,,,,,,,,,,,,,,,,,,,,,,,,,,,,105319,0.08736808598041534
,,,31,,,,,,,,,,,,,,,,,,,,,,,,,,,,,105329,0.23615126311779022
,,,31,,,,,,,,,,,,,,,,,,,,,,,,,,,,,105339,0.012723611667752266
,,,31,,,,,,,,,,,,,,,,,,,,,,,,,,,,,105349,0.8236939311027527
,,,31,,,,,,,,,,,,,,,,,,,,,,,,,,,,,105359,0.054468147456645966
,,,31,,,,,,,,,,,,,,,,,,,,,,,,,,,,,105369,0.18240757286548615
,,,31,,,,,,,,,,,,,,,,,,,,,,,,,,,,,105379,0.01815093867480755
,,,31,,,,,,,,,,,,,,,,,,,,,,,,,,,,,105389,0.1094384491443634
,,,31,,,,,,,,,,,,,,,,,,,,,,,,,,,,,105399,0.8158599734306335
,,,31,,,,,,,,,,,,,,,,,,,,,,,,,,,,,105409,0.68021559715271
,,,31,,,,,,,,,,,,,,,,,,,,,,,,,,,,,105419,0.010463242419064045
,,,31,,,,,,,,,,,,,,,,,,,,,,,,,,,,,105429,0.03331040218472481
,,,31,,,,,,,,,,,,,,,,,,,,,,,,,,,,,105439,0.15146681666374207
,,,31,,,,,,,,,,,,,,,,,,,,,,,,,,,,,105449,0.003723658388480544
,,,31,,,,,,,,,,,,,,,,,,,,,,,,,,,,,105459,0.008705349639058113
,,,31,,,,,,,,,,,,,,,,,,,,,,,,,,,,,105469,0.5206586122512817
,,,31,,,,,,,,,,,,,,,,,,,,,,,,,,,,,105479,0.01876065321266651
,,,31,,,,,,,,,,,,,,,,,,,,,,,,,,,,,105489,0.33416661620140076
,,,31,,,,,,,,,,,,,,,,,,,,,,,,,,,,,105499,0.05966953933238983
,,,31,,,,,,,,,,,,,,,,,,,,,,,,,,,,,105509,1.0476356744766235
,,,31,,,,,,,,,,,,,,,,,,,,,,,,,,,,,105519,0.42805078625679016
,,,31,,,,,,,,,,,,,,,,,,,,,,,,,,,,,105529,0.002863240195438266
,,,31,,,,,,,,,,,,,,,,,,,,,,,,,,,,,105539,0.00637185201048851
,,,31,,,,,,,,,,,,,,,,,,,,,,,,,,,,,105549,0.060640715062618256
,,,31,,,,,,,,,,,,,,,,,,,,,,,,,,,,,105559,0.011439884081482887
,,,31,,,,,,,,,,,,,,,,,,,,,,,,,,,,,105569,0.007780000567436218
,,,31,,,,,,,,,,,,,,,,,,,,,,,,,,,,,105579,0.011968669481575489
,,,31,,,,,,,,,,,,,,,,,,,,,,,,,,,,,105589,0.009573670104146004
,,,31,,,,,,,,,,,,,,,,,,,,,,,,,,,,,105599,0.7435731887817383
,,,31,,,,,,,,,,,,,,,,,,,,,,,,,,,,,105609,0.2974480986595154
,,,31,,,,,,,,,,,,,,,,,,,,,,,,,,,,,105619,0.052891600877046585
,,,31,,,,,,,,,,,,,,,,,,,,,,,,,,,,,105629,0.008635327219963074
,,,31,,,,,,,,,,,,,,,,,,,,,,,,,,,,,105639,0.0373239740729332
,,,31,,,,,,,,,,,,,,,,,,,,,,,,,,,,,105649,0.07329777628183365
,,,31,,,,,,,,,,,,,,,,,,,,,,,,,,,,,105659,0.2585478127002716
,,,31,,,,,,,,,,,,,,,,,,,,,,,,,,,,,105669,0.029476318508386612
,,,31,,,,,,,,,,,,,,,,,,,,,,,,,,,,,105679,0.218587264418602
,,,31,,,,,,,,,,,,,,,,,,,,,,,,,,,,,105689,0.1962192952632904
,,,31,,,,,,,,,,,,,,,,,,,,,,,,,,,,,105699,0.035156045109033585
,,,31,,,,,,,,,,,,,,,,,,,,,,,,,,,,,105709,0.46361732482910156
,,,31,,,,,,,,,,,,,,,,,,,,,,,,,,,,,105719,0.6483411192893982
,,,31,,,,,,,,,,,,,,,,,,,,,,,,,,,,,105729,0.011979639530181885
,,,31,,,,,,,,,,,,,,,,,,,,,,,,,,,,,105739,0.17791762948036194
,,,31,,,,,,,,,,,,,,,,,,,,,,,,,,,,,105749,0.015152724459767342
,,,31,,,,,,,,,,,,,,,,,,,,,,,,,,,,,105759,0.12593334913253784
,,,31,,,,,,,,,,,,,,,,,,,,,,,,,,,,,105769,0.02594514936208725
,,,31,,,,,,,,,,,,,,,,,,,,,,,,,,,,,105779,0.8032621145248413
,,,31,,,,,,,,,,,,,,,,,,,,,,,,,,,,,105789,0.09976933151483536
,,,31,,,,,,,,,,,,,,,,,,,,,,,,,,,,,105799,0.3091852366924286
,,,31,,,,,,,,,,,,,,,,,,,,,,,,,,,,,105809,0.07052870094776154
,,,31,,,,,,,,,,,,,,,,,,,,,,,,,,,,,105819,0.07586639374494553
,,,31,,,,,,,,,,,,,,,,,,,,,,,,,,,,,105829,0.9287466406822205
,,,31,,,,,,,,,,,,,,,,,,,,,,,,,,,,,105839,0.008813176304101944
,,,31,,,,,,,,,,,,,,,,,,,,,,,,,,,,,105849,1.53142249584198
,,,31,,,,,,,,,,,,,,,,,,,,,,,,,,,,,105859,0.0032141467090696096
,,,31,,,,,,,,,,,,,,,,,,,,,,,,,,,,,105869,0.049434904009103775
,,,31,,,,,,,,,,,,,,,,,,,,,,,,,,,,,105879,0.008800805546343327
,,,31,,,,,,,,,,,,,,,,,,,,,,,,,,,,,105889,0.09900104999542236
,,,31,,,,,,,,,,,,,,,,,,,,,,,,,,,,,105899,0.14722029864788055
,,,31,,,,,,,,,,,,,,,,,,,,,,,,,,,,,105909,0.027263864874839783
,,,31,,,,,,,,,,,,,,,,,,,,,,,,,,,,,105919,0.04294145852327347
,,,,1.9651587992236636e-07,1.1008907526899833e-06,1.6936780810615128e-06,1.6936780810615128e-06,2.605658586248481e-06,2.605658586248481e-06,4.008705517305355e-06,4.008705517305355e-06,6.167239257392854e-06,6.167239257392854e-06,9.488060395989006e-06,1.9651587992236636e-07,9.488060395989006e-06,1.459701599382924e-05,1.459701599382924e-05,2.2456947682814215e-05,2.2456947682814215e-05,3.4549150281252636e-05,3.4549150281252636e-05,3.4549150281252636e-05,3.4549150281252636e-05,3.023321229574867e-07,3.023321229574867e-07,4.65126343011518e-07,4.65126343011518e-07,7.155789892484892e-07,7.155789892484892e-07,1.1008907526899833e-06,105921,
,,,32,,,,,,,,,,,,,,,,,,,,,,,,,,,,,105929,0.014648149721324444
,,,32,,,,,,,,,,,,,,,,,,,,,,,,,,,,,105939,0.25004908442497253
,,,32,,,,,,,,,,,,,,,,,,,,,,,,,,,,,105949,0.033822957426309586
,,,32,,,,,,,,,,,,,,,,,,,,,,,,,,,,,105959,0.009272160939872265
,,,32,,,,,,,,,,,,,,,,,,,,,,,,,,,,,105969,0.021114688366651535
,,,32,,,,,,,,,,,,,,,,,,,,,,,,,,,,,105979,0.20416371524333954
,,,32,,,,,,,,,,,,,,,,,,,,,,,,,,,,,105989,0.03439019247889519
,,,32,,,,,,,,,,,,,,,,,,,,,,,,,,,,,105999,0.058760371059179306
,,,32,,,,,,,,,,,,,,,,,,,,,,,,,,,,,106009,0.05343233048915863
,,,32,,,,,,,,,,,,,,,,,,,,,,,,,,,,,106019,0.9472216367721558
,,,32,,,,,,,,,,,,,,,,,,,,,,,,,,,,,106029,0.007230290677398443
,,,32,,,,,,,,,,,,,,,,,,,,,,,,,,,,,106039,0.013772523030638695
,,,32,,,,,,,,,,,,,,,,,,,,,,,,,,,,,106049,0.4128572344779968
,,,32,,,,,,,,,,,,,,,,,,,,,,,,,,,,,106059,0.14483165740966797
,,,32,,,,,,,,,,,,,,,,,,,,,,,,,,,,,106069,0.3107611835002899
,,,32,,,,,,,,,,,,,,,,,,,,,,,,,,,,,106079,0.013713214546442032
,,,32,,,,,,,,,,,,,,,,,,,,,,,,,,,,,106089,0.06289945542812347
,,,32,,,,,,,,,,,,,,,,,,,,,,,,,,,,,106099,0.022763006389141083
,,,32,,,,,,,,,,,,,,,,,,,,,,,,,,,,,106109,0.17891639471054077
,,,32,,,,,,,,,,,,,,,,,,,,,,,,,,,,,106119,0.40455353260040283
,,,32,,,,,,,,,,,,,,,,,,,,,,,,,,,,,106129,0.09240631014108658
,,,32,,,,,,,,,,,,,,,,,,,,,,,,,,,,,106139,1.1560711860656738
,,,32,,,,,,,,,,,,,,,,,,,,,,,,,,,,,106149,0.3659164309501648
,,,32,,,,,,,,,,,,,,,,,,,,,,,,,,,,,106159,0.03562133014202118
,,,32,,,,,,,,,,,,,,,,,,,,,,,,,,,,,106169,0.17021292448043823
,,,32,,,,,,,,,,,,,,,,,,,,,,,,,,,,,106179,0.0022445532958954573
,,,32,,,,,,,,,,,,,,,,,,,,,,,,,,,,,106189,0.6084920763969421
,,,32,,,,,,,,,,,,,,,,,,,,,,,,,,,,,106199,0.010344887152314186
,,,32,,,,,,,,,,,,,,,,,,,,,,,,,,,,,106209,0.93339604139328
,,,32,,,,,,,,,,,,,,,,,,,,,,,,,,,,,106219,0.1631736010313034
,,,32,,,,,,,,,,,,,,,,,,,,,,,,,,,,,106229,0.1991773396730423
,,,32,,,,,,,,,,,,,,,,,,,,,,,,,,,,,106239,0.07750270515680313
,,,32,,,,,,,,,,,,,,,,,,,,,,,,,,,,,106249,0.12866747379302979
,,,32,,,,,,,,,,,,,,,,,,,,,,,,,,,,,106259,0.0050008101388812065
,,,32,,,,,,,,,,,,,,,,,,,,,,,,,,,,,106269,0.0045137410052120686
,,,32,,,,,,,,,,,,,,,,,,,,,,,,,,,,,106279,0.06907044351100922
,,,32,,,,,,,,,,,,,,,,,,,,,,,,,,,,,106289,0.07964374125003815
,,,32,,,,,,,,,,,,,,,,,,,,,,,,,,,,,106299,0.008825725875794888
,,,32,,,,,,,,,,,,,,,,,,,,,,,,,,,,,106309,0.006958480924367905
,,,32,,,,,,,,,,,,,,,,,,,,,,,,,,,,,106319,0.01515512727200985
,,,32,,,,,,,,,,,,,,,,,,,,,,,,,,,,,106329,0.3447585105895996
,,,32,,,,,,,,,,,,,,,,,,,,,,,,,,,,,106339,0.450666606426239
,,,32,,,,,,,,,,,,,,,,,,,,,,,,,,,,,106349,0.1741170585155487
,,,32,,,,,,,,,,,,,,,,,,,,,,,,,,,,,106359,0.3909279406070709
,,,32,,,,,,,,,,,,,,,,,,,,,,,,,,,,,106369,0.27691349387168884
,,,32,,,,,,,,,,,,,,,,,,,,,,,,,,,,,106379,0.6072455048561096
,,,32,,,,,,,,,,,,,,,,,,,,,,,,,,,,,106389,0.12347525358200073
,,,32,,,,,,,,,,,,,,,,,,,,,,,,,,,,,106399,0.07373024523258209
,,,32,,,,,,,,,,,,,,,,,,,,,,,,,,,,,106409,0.02161252498626709
,,,32,,,,,,,,,,,,,,,,,,,,,,,,,,,,,106419,0.0042650881223380566
,,,32,,,,,,,,,,,,,,,,,,,,,,,,,,,,,106429,0.038644734770059586
,,,32,,,,,,,,,,,,,,,,,,,,,,,,,,,,,106439,0.13601665198802948
,,,32,,,,,,,,,,,,,,,,,,,,,,,,,,,,,106449,0.09027108550071716
,,,32,,,,,,,,,,,,,,,,,,,,,,,,,,,,,106459,0.08090241253376007
,,,32,,,,,,,,,,,,,,,,,,,,,,,,,,,,,106469,0.07809378206729889
,,,32,,,,,,,,,,,,,,,,,,,,,,,,,,,,,106479,0.004633473698049784
,,,32,,,,,,,,,,,,,,,,,,,,,,,,,,,,,106489,0.03591027483344078
,,,32,,,,,,,,,,,,,,,,,,,,,,,,,,,,,106499,0.3314640522003174
,,,32,,,,,,,,,,,,,,,,,,,,,,,,,,,,,106509,0.010154863819479942
,,,32,,,,,,,,,,,,,,,,,,,,,,,,,,,,,106519,0.015248646959662437
,,,32,,,,,,,,,,,,,,,,,,,,,,,,,,,,,106529,0.28950977325439453
,,,32,,,,,,,,,,,,,,,,,,,,,,,,,,,,,106539,0.9213414192199707
,,,32,,,,,,,,,,,,,,,,,,,,,,,,,,,,,106549,0.782967209815979
,,,32,,,,,,,,,,,,,,,,,,,,,,,,,,,,,106559,0.019759291782975197
,,,32,,,,,,,,,,,,,,,,,,,,,,,,,,,,,106569,0.01997576281428337
,,,32,,,,,,,,,,,,,,,,,,,,,,,,,,,,,106579,0.017337074503302574
,,,32,,,,,,,,,,,,,,,,,,,,,,,,,,,,,106589,0.8816078901290894
,,,32,,,,,,,,,,,,,,,,,,,,,,,,,,,,,106599,0.006928559392690659
,,,32,,,,,,,,,,,,,,,,,,,,,,,,,,,,,106609,0.038775935769081116
,,,32,,,,,,,,,,,,,,,,,,,,,,,,,,,,,106619,0.7734178900718689
,,,32,,,,,,,,,,,,,,,,,,,,,,,,,,,,,106629,0.1274295300245285
,,,32,,,,,,,,,,,,,,,,,,,,,,,,,,,,,106639,0.034133151173591614
,,,32,,,,,,,,,,,,,,,,,,,,,,,,,,,,,106649,0.4153556823730469
,,,32,,,,,,,,,,,,,,,,,,,,,,,,,,,,,106659,0.00665505975484848
,,,32,,,,,,,,,,,,,,,,,,,,,,,,,,,,,106669,0.004037321545183659
,,,32,,,,,,,,,,,,,,,,,,,,,,,,,,,,,106679,0.011618646793067455
,,,32,,,,,,,,,,,,,,,,,,,,,,,,,,,,,106689,0.0035500172525644302
,,,32,,,,,,,,,,,,,,,,,,,,,,,,,,,,,106699,0.033148352056741714
,,,32,,,,,,,,,,,,,,,,,,,,,,,,,,,,,106709,0.6283623576164246
,,,32,,,,,,,,,,,,,,,,,,,,,,,,,,,,,106719,0.005875869188457727
,,,32,,,,,,,,,,,,,,,,,,,,,,,,,,,,,106729,0.06034829467535019
,,,32,,,,,,,,,,,,,,,,,,,,,,,,,,,,,106739,0.036147914826869965
,,,32,,,,,,,,,,,,,,,,,,,,,,,,,,,,,106749,0.0031718157697468996
,,,32,,,,,,,,,,,,,,,,,,,,,,,,,,,,,106759,0.5904216766357422
,,,32,,,,,,,,,,,,,,,,,,,,,,,,,,,,,106769,0.7022523283958435
,,,32,,,,,,,,,,,,,,,,,,,,,,,,,,,,,106779,0.008693675510585308
,,,32,,,,,,,,,,,,,,,,,,,,,,,,,,,,,106789,0.9745402932167053
,,,32,,,,,,,,,,,,,,,,,,,,,,,,,,,,,106799,0.5285934805870056
,,,32,,,,,,,,,,,,,,,,,,,,,,,,,,,,,106809,0.09855896234512329
,,,32,,,,,,,,,,,,,,,,,,,,,,,,,,,,,106819,0.0035746032372117043
,,,32,,,,,,,,,,,,,,,,,,,,,,,,,,,,,106829,0.027088817209005356
,,,32,,,,,,,,,,,,,,,,,,,,,,,,,,,,,106839,0.06652567535638809
,,,32,,,,,,,,,,,,,,,,,,,,,,,,,,,,,106849,0.4509980380535126
,,,32,,,,,,,,,,,,,,,,,,,,,,,,,,,,,106859,0.006001228000968695
,,,32,,,,,,,,,,,,,,,,,,,,,,,,,,,,,106869,0.7721543312072754
,,,32,,,,,,,,,,,,,,,,,,,,,,,,,,,,,106879,0.02168886922299862
,,,32,,,,,,,,,,,,,,,,,,,,,,,,,,,,,106889,0.639337420463562
,,,32,,,,,,,,,,,,,,,,,,,,,,,,,,,,,106899,0.04325241595506668
,,,32,,,,,,,,,,,,,,,,,,,,,,,,,,,,,106909,0.008194695226848125
,,,32,,,,,,,,,,,,,,,,,,,,,,,,,,,,,106919,0.24857068061828613
,,,32,,,,,,,,,,,,,,,,,,,,,,,,,,,,,106929,0.053748782724142075
,,,32,,,,,,,,,,,,,,,,,,,,,,,,,,,,,106939,0.2806909382343292
,,,32,,,,,,,,,,,,,,,,,,,,,,,,,,,,,106949,0.8106379508972168
,,,32,,,,,,,,,,,,,,,,,,,,,,,,,,,,,106959,0.039568934589624405
,,,32,,,,,,,,,,,,,,,,,,,,,,,,,,,,,106969,0.012983161024749279
,,,32,,,,,,,,,,,,,,,,,,,,,,,,,,,,,106979,0.026990249752998352
,,,32,,,,,,,,,,,,,,,,,,,,,,,,,,,,,106989,0.08098102360963821
,,,32,,,,,,,,,,,,,,,,,,,,,,,,,,,,,106999,0.008504296652972698
,,,32,,,,,,,,,,,,,,,,,,,,,,,,,,,,,107009,0.004760281182825565
,,,32,,,,,,,,,,,,,,,,,,,,,,,,,,,,,107019,0.017240893095731735
,,,32,,,,,,,,,,,,,,,,,,,,,,,,,,,,,107029,0.03942539915442467
,,,32,,,,,,,,,,,,,,,,,,,,,,,,,,,,,107039,0.6088889241218567
,,,32,,,,,,,,,,,,,,,,,,,,,,,,,,,,,107049,0.1479053944349289
,,,32,,,,,,,,,,,,,,,,,,,,,,,,,,,,,107059,0.10712554305791855
,,,32,,,,,,,,,,,,,,,,,,,,,,,,,,,,,107069,0.04691405966877937
,,,32,,,,,,,,,,,,,,,,,,,,,,,,,,,,,107079,0.024986356496810913
,,,32,,,,,,,,,,,,,,,,,,,,,,,,,,,,,107089,0.35536783933639526
,,,32,,,,,,,,,,,,,,,,,,,,,,,,,,,,,107099,0.24372391402721405
,,,32,,,,,,,,,,,,,,,,,,,,,,,,,,,,,107109,0.23837801814079285
,,,32,,,,,,,,,,,,,,,,,,,,,,,,,,,,,107119,0.023367129266262054
,,,32,,,,,,,,,,,,,,,,,,,,,,,,,,,,,107129,0.013380110263824463
,,,32,,,,,,,,,,,,,,,,,,,,,,,,,,,,,107139,0.17872299253940582
,,,32,,,,,,,,,,,,,,,,,,,,,,,,,,,,,107149,0.02935471199452877
,,,32,,,,,,,,,,,,,,,,,,,,,,,,,,,,,107159,0.21419470012187958
,,,32,,,,,,,,,,,,,,,,,,,,,,,,,,,,,107169,0.013334139250218868
,,,32,,,,,,,,,,,,,,,,,,,,,,,,,,,,,107179,0.2445615977048874
,,,32,,,,,,,,,,,,,,,,,,,,,,,,,,,,,107189,0.056529320776462555
,,,32,,,,,,,,,,,,,,,,,,,,,,,,,,,,,107199,0.4601868689060211
,,,32,,,,,,,,,,,,,,,,,,,,,,,,,,,,,107209,0.006291116587817669
,,,32,,,,,,,,,,,,,,,,,,,,,,,,,,,,,107219,0.10860663652420044
,,,32,,,,,,,,,,,,,,,,,,,,,,,,,,,,,107229,0.2605014741420746
,,,32,,,,,,,,,,,,,,,,,,,,,,,,,,,,,107239,0.02927793376147747
,,,32,,,,,,,,,,,,,,,,,,,,,,,,,,,,,107249,0.008088307455182076
,,,32,,,,,,,,,,,,,,,,,,,,,,,,,,,,,107259,0.006844141520559788
,,,32,,,,,,,,,,,,,,,,,,,,,,,,,,,,,107269,0.09889411926269531
,,,32,,,,,,,,,,,,,,,,,,,,,,,,,,,,,107279,0.004034761805087328
,,,32,,,,,,,,,,,,,,,,,,,,,,,,,,,,,107289,0.11433082073926926
,,,32,,,,,,,,,,,,,,,,,,,,,,,,,,,,,107299,0.07799363136291504
,,,32,,,,,,,,,,,,,,,,,,,,,,,,,,,,,107309,0.013969873078167439
,,,32,,,,,,,,,,,,,,,,,,,,,,,,,,,,,107319,0.09710775315761566
,,,32,,,,,,,,,,,,,,,,,,,,,,,,,,,,,107329,0.4045565128326416
,,,32,,,,,,,,,,,,,,,,,,,,,,,,,,,,,107339,0.18292684853076935
,,,32,,,,,,,,,,,,,,,,,,,,,,,,,,,,,107349,0.05826132744550705
,,,32,,,,,,,,,,,,,,,,,,,,,,,,,,,,,107359,0.018047690391540527
,,,32,,,,,,,,,,,,,,,,,,,,,,,,,,,,,107369,0.03847169876098633
,,,32,,,,,,,,,,,,,,,,,,,,,,,,,,,,,107379,0.9801080822944641
,,,32,,,,,,,,,,,,,,,,,,,,,,,,,,,,,107389,0.07011054456233978
,,,32,,,,,,,,,,,,,,,,,,,,,,,,,,,,,107399,0.00559979397803545
,,,32,,,,,,,,,,,,,,,,,,,,,,,,,,,,,107409,0.1301368772983551
,,,32,,,,,,,,,,,,,,,,,,,,,,,,,,,,,107419,0.027414601296186447
,,,32,,,,,,,,,,,,,,,,,,,,,,,,,,,,,107429,0.0707210972905159
,,,32,,,,,,,,,,,,,,,,,,,,,,,,,,,,,107439,0.005109358113259077
,,,32,,,,,,,,,,,,,,,,,,,,,,,,,,,,,107449,0.7636021375656128
,,,32,,,,,,,,,,,,,,,,,,,,,,,,,,,,,107459,0.07067673653364182
,,,32,,,,,,,,,,,,,,,,,,,,,,,,,,,,,107469,0.018095970153808594
,,,32,,,,,,,,,,,,,,,,,,,,,,,,,,,,,107479,0.041232600808143616
,,,32,,,,,,,,,,,,,,,,,,,,,,,,,,,,,107489,0.15333516895771027
,,,32,,,,,,,,,,,,,,,,,,,,,,,,,,,,,107499,0.009984784759581089
,,,32,,,,,,,,,,,,,,,,,,,,,,,,,,,,,107509,0.04627164825797081
,,,32,,,,,,,,,,,,,,,,,,,,,,,,,,,,,107519,0.0802692323923111
,,,32,,,,,,,,,,,,,,,,,,,,,,,,,,,,,107529,0.07214338332414627
,,,32,,,,,,,,,,,,,,,,,,,,,,,,,,,,,107539,0.7447588443756104
,,,32,,,,,,,,,,,,,,,,,,,,,,,,,,,,,107549,0.06545364111661911
,,,32,,,,,,,,,,,,,,,,,,,,,,,,,,,,,107559,0.01049478817731142
,,,32,,,,,,,,,,,,,,,,,,,,,,,,,,,,,107569,0.0823323130607605
,,,32,,,,,,,,,,,,,,,,,,,,,,,,,,,,,107579,0.0067877210676670074
,,,32,,,,,,,,,,,,,,,,,,,,,,,,,,,,,107589,0.02750706858932972
,,,32,,,,,,,,,,,,,,,,,,,,,,,,,,,,,107599,0.5918353199958801
,,,32,,,,,,,,,,,,,,,,,,,,,,,,,,,,,107609,0.29754838347435
,,,32,,,,,,,,,,,,,,,,,,,,,,,,,,,,,107619,0.018797731027007103
,,,32,,,,,,,,,,,,,,,,,,,,,,,,,,,,,107629,0.08167840540409088
,,,32,,,,,,,,,,,,,,,,,,,,,,,,,,,,,107639,0.4460988938808441
,,,32,,,,,,,,,,,,,,,,,,,,,,,,,,,,,107649,0.020064985379576683
,,,32,,,,,,,,,,,,,,,,,,,,,,,,,,,,,107659,0.18881294131278992
,,,32,,,,,,,,,,,,,,,,,,,,,,,,,,,,,107669,0.10420799255371094
,,,32,,,,,,,,,,,,,,,,,,,,,,,,,,,,,107679,0.32905885577201843
,,,32,,,,,,,,,,,,,,,,,,,,,,,,,,,,,107689,0.4074167311191559
,,,32,,,,,,,,,,,,,,,,,,,,,,,,,,,,,107699,0.0032162938732653856
,,,32,,,,,,,,,,,,,,,,,,,,,,,,,,,,,107709,0.0803631916642189
,,,32,,,,,,,,,,,,,,,,,,,,,,,,,,,,,107719,0.0757392942905426
,,,32,,,,,,,,,,,,,,,,,,,,,,,,,,,,,107729,0.020823178812861443
,,,32,,,,,,,,,,,,,,,,,,,,,,,,,,,,,107739,0.011967733502388
,,,32,,,,,,,,,,,,,,,,,,,,,,,,,,,,,107749,0.0148365693166852
,,,32,,,,,,,,,,,,,,,,,,,,,,,,,,,,,107759,0.01303683128207922
,,,32,,,,,,,,,,,,,,,,,,,,,,,,,,,,,107769,0.12011493742465973
,,,32,,,,,,,,,,,,,,,,,,,,,,,,,,,,,107779,0.25324195623397827
,,,32,,,,,,,,,,,,,,,,,,,,,,,,,,,,,107789,0.3677467107772827
,,,32,,,,,,,,,,,,,,,,,,,,,,,,,,,,,107799,0.03994029387831688
,,,32,,,,,,,,,,,,,,,,,,,,,,,,,,,,,107809,0.1885647177696228
,,,32,,,,,,,,,,,,,,,,,,,,,,,,,,,,,107819,0.03828074038028717
,,,32,,,,,,,,,,,,,,,,,,,,,,,,,,,,,107829,0.1165727749466896
,,,32,,,,,,,,,,,,,,,,,,,,,,,,,,,,,107839,0.008347777649760246
,,,32,,,,,,,,,,,,,,,,,,,,,,,,,,,,,107849,0.5848675966262817
,,,32,,,,,,,,,,,,,,,,,,,,,,,,,,,,,107859,0.012457838281989098
,,,32,,,,,,,,,,,,,,,,,,,,,,,,,,,,,107869,1.5047858953475952
,,,32,,,,,,,,,,,,,,,,,,,,,,,,,,,,,107879,0.2242051213979721
,,,32,,,,,,,,,,,,,,,,,,,,,,,,,,,,,107889,0.06508610397577286
,,,32,,,,,,,,,,,,,,,,,,,,,,,,,,,,,107899,0.025575486943125725
,,,32,,,,,,,,,,,,,,,,,,,,,,,,,,,,,107909,0.0685456320643425
,,,32,,,,,,,,,,,,,,,,,,,,,,,,,,,,,107919,0.05310310795903206
,,,32,,,,,,,,,,,,,,,,,,,,,,,,,,,,,107929,0.4843837320804596
,,,32,,,,,,,,,,,,,,,,,,,,,,,,,,,,,107939,0.048272304236888885
,,,32,,,,,,,,,,,,,,,,,,,,,,,,,,,,,107949,0.149088516831398
,,,32,,,,,,,,,,,,,,,,,,,,,,,,,,,,,107959,0.4101780354976654
,,,32,,,,,,,,,,,,,,,,,,,,,,,,,,,,,107969,0.010209685191512108
,,,32,,,,,,,,,,,,,,,,,,,,,,,,,,,,,107979,0.6561062932014465
,,,32,,,,,,,,,,,,,,,,,,,,,,,,,,,,,107989,0.22009898722171783
,,,32,,,,,,,,,,,,,,,,,,,,,,,,,,,,,107999,0.011369425803422928
,,,32,,,,,,,,,,,,,,,,,,,,,,,,,,,,,108009,0.03588028624653816
,,,32,,,,,,,,,,,,,,,,,,,,,,,,,,,,,108019,0.02516469918191433
,,,32,,,,,,,,,,,,,,,,,,,,,,,,,,,,,108029,0.2781839370727539
,,,32,,,,,,,,,,,,,,,,,,,,,,,,,,,,,108039,0.07638277113437653
,,,32,,,,,,,,,,,,,,,,,,,,,,,,,,,,,108049,0.01317684818059206
,,,32,,,,,,,,,,,,,,,,,,,,,,,,,,,,,108059,0.1810189038515091
,,,32,,,,,,,,,,,,,,,,,,,,,,,,,,,,,108069,0.010067278519272804
,,,32,,,,,,,,,,,,,,,,,,,,,,,,,,,,,108079,0.31316420435905457
,,,32,,,,,,,,,,,,,,,,,,,,,,,,,,,,,108089,0.2200055569410324
,,,32,,,,,,,,,,,,,,,,,,,,,,,,,,,,,108099,0.48638179898262024
,,,32,,,,,,,,,,,,,,,,,,,,,,,,,,,,,108109,0.03568609431385994
,,,32,,,,,,,,,,,,,,,,,,,,,,,,,,,,,108119,0.11234144121408463
,,,32,,,,,,,,,,,,,,,,,,,,,,,,,,,,,108129,0.0084921196103096
,,,32,,,,,,,,,,,,,,,,,,,,,,,,,,,,,108139,0.020640572533011436
,,,32,,,,,,,,,,,,,,,,,,,,,,,,,,,,,108149,0.011683681979775429
,,,32,,,,,,,,,,,,,,,,,,,,,,,,,,,,,108159,0.7608546614646912
,,,32,,,,,,,,,,,,,,,,,,,,,,,,,,,,,108169,0.022039618343114853
,,,32,,,,,,,,,,,,,,,,,,,,,,,,,,,,,108179,0.006606990937143564
,,,32,,,,,,,,,,,,,,,,,,,,,,,,,,,,,108189,0.45159196853637695
,,,32,,,,,,,,,,,,,,,,,,,,,,,,,,,,,108199,0.04907374829053879
,,,32,,,,,,,,,,,,,,,,,,,,,,,,,,,,,108209,0.18325360119342804
,,,32,,,,,,,,,,,,,,,,,,,,,,,,,,,,,108219,0.005075433291494846
,,,32,,,,,,,,,,,,,,,,,,,,,,,,,,,,,108229,0.030790111050009727
,,,32,,,,,,,,,,,,,,,,,,,,,,,,,,,,,108239,0.4017046093940735
,,,32,,,,,,,,,,,,,,,,,,,,,,,,,,,,,108249,0.11214584857225418
,,,32,,,,,,,,,,,,,,,,,,,,,,,,,,,,,108259,0.01953243277966976
,,,32,,,,,,,,,,,,,,,,,,,,,,,,,,,,,108269,0.791620671749115
,,,32,,,,,,,,,,,,,,,,,,,,,,,,,,,,,108279,0.020673122256994247
,,,32,,,,,,,,,,,,,,,,,,,,,,,,,,,,,108289,0.13686034083366394
,,,32,,,,,,,,,,,,,,,,,,,,,,,,,,,,,108299,0.005956051405519247
,,,32,,,,,,,,,,,,,,,,,,,,,,,,,,,,,108309,0.28551656007766724
,,,32,,,,,,,,,,,,,,,,,,,,,,,,,,,,,108319,0.29030731320381165
,,,32,,,,,,,,,,,,,,,,,,,,,,,,,,,,,108329,0.020539013668894768
,,,32,,,,,,,,,,,,,,,,,,,,,,,,,,,,,108339,0.13912340998649597
,,,32,,,,,,,,,,,,,,,,,,,,,,,,,,,,,108349,0.051198530942201614
,,,32,,,,,,,,,,,,,,,,,,,,,,,,,,,,,108359,0.2854505479335785
,,,32,,,,,,,,,,,,,,,,,,,,,,,,,,,,,108369,0.0970398336648941
,,,32,,,,,,,,,,,,,,,,,,,,,,,,,,,,,108379,0.18218718469142914
,,,32,,,,,,,,,,,,,,,,,,,,,,,,,,,,,108389,0.014170982874929905
,,,32,,,,,,,,,,,,,,,,,,,,,,,,,,,,,108399,0.03759175166487694
,,,32,,,,,,,,,,,,,,,,,,,,,,,,,,,,,108409,0.0074781556613743305
,,,32,,,,,,,,,,,,,,,,,,,,,,,,,,,,,108419,0.022640032693743706
,,,32,,,,,,,,,,,,,,,,,,,,,,,,,,,,,108429,0.049869515001773834
,,,32,,,,,,,,,,,,,,,,,,,,,,,,,,,,,108439,0.1100209429860115
,,,32,,,,,,,,,,,,,,,,,,,,,,,,,,,,,108449,0.01155882328748703
,,,32,,,,,,,,,,,,,,,,,,,,,,,,,,,,,108459,0.040646377950906754
,,,32,,,,,,,,,,,,,,,,,,,,,,,,,,,,,108469,0.6494579315185547
,,,32,,,,,,,,,,,,,,,,,,,,,,,,,,,,,108479,0.036024242639541626
,,,32,,,,,,,,,,,,,,,,,,,,,,,,,,,,,108489,0.018941225484013557
,,,32,,,,,,,,,,,,,,,,,,,,,,,,,,,,,108499,0.0034363761078566313
,,,32,,,,,,,,,,,,,,,,,,,,,,,,,,,,,108509,0.07156755775213242
,,,32,,,,,,,,,,,,,,,,,,,,,,,,,,,,,108519,0.26337355375289917
,,,32,,,,,,,,,,,,,,,,,,,,,,,,,,,,,108529,0.033258646726608276
,,,32,,,,,,,,,,,,,,,,,,,,,,,,,,,,,108539,0.1335868090391159
,,,32,,,,,,,,,,,,,,,,,,,,,,,,,,,,,108549,0.36234959959983826
,,,32,,,,,,,,,,,,,,,,,,,,,,,,,,,,,108559,0.08791391551494598
,,,32,,,,,,,,,,,,,,,,,,,,,,,,,,,,,108569,0.5916662812232971
,,,32,,,,,,,,,,,,,,,,,,,,,,,,,,,,,108579,0.17319145798683167
,,,32,,,,,,,,,,,,,,,,,,,,,,,,,,,,,108589,0.9727497100830078
,,,32,,,,,,,,,,,,,,,,,,,,,,,,,,,,,108599,0.2929048538208008
,,,32,,,,,,,,,,,,,,,,,,,,,,,,,,,,,108609,0.05675111711025238
,,,32,,,,,,,,,,,,,,,,,,,,,,,,,,,,,108619,0.021913206204771996
,,,32,,,,,,,,,,,,,,,,,,,,,,,,,,,,,108629,0.030719034373760223
,,,32,,,,,,,,,,,,,,,,,,,,,,,,,,,,,108639,0.3797612190246582
,,,32,,,,,,,,,,,,,,,,,,,,,,,,,,,,,108649,0.16354914009571075
,,,32,,,,,,,,,,,,,,,,,,,,,,,,,,,,,108659,0.14362822473049164
,,,32,,,,,,,,,,,,,,,,,,,,,,,,,,,,,108669,0.4410203993320465
,,,32,,,,,,,,,,,,,,,,,,,,,,,,,,,,,108679,0.005554291885346174
,,,32,,,,,,,,,,,,,,,,,,,,,,,,,,,,,108689,0.019563769921660423
,,,32,,,,,,,,,,,,,,,,,,,,,,,,,,,,,108699,0.10296448320150375
,,,32,,,,,,,,,,,,,,,,,,,,,,,,,,,,,108709,0.006134401075541973
,,,32,,,,,,,,,,,,,,,,,,,,,,,,,,,,,108719,0.006412560120224953
,,,32,,,,,,,,,,,,,,,,,,,,,,,,,,,,,108729,0.08316206932067871
,,,32,,,,,,,,,,,,,,,,,,,,,,,,,,,,,108739,0.10649308562278748
,,,32,,,,,,,,,,,,,,,,,,,,,,,,,,,,,108749,0.10249719768762589
,,,32,,,,,,,,,,,,,,,,,,,,,,,,,,,,,108759,0.4694223999977112
,,,32,,,,,,,,,,,,,,,,,,,,,,,,,,,,,108769,0.1247878447175026
,,,32,,,,,,,,,,,,,,,,,,,,,,,,,,,,,108779,0.05344505235552788
,,,32,,,,,,,,,,,,,,,,,,,,,,,,,,,,,108789,0.21633605659008026
,,,32,,,,,,,,,,,,,,,,,,,,,,,,,,,,,108799,0.006306986324489117
,,,32,,,,,,,,,,,,,,,,,,,,,,,,,,,,,108809,0.4365064203739166
,,,32,,,,,,,,,,,,,,,,,,,,,,,,,,,,,108819,0.6217648983001709
,,,32,,,,,,,,,,,,,,,,,,,,,,,,,,,,,108829,0.026251789182424545
,,,32,,,,,,,,,,,,,,,,,,,,,,,,,,,,,108839,0.10157234221696854
,,,32,,,,,,,,,,,,,,,,,,,,,,,,,,,,,108849,0.07038417458534241
,,,32,,,,,,,,,,,,,,,,,,,,,,,,,,,,,108859,0.014917253516614437
,,,32,,,,,,,,,,,,,,,,,,,,,,,,,,,,,108869,0.04866992309689522
,,,32,,,,,,,,,,,,,,,,,,,,,,,,,,,,,108879,0.0747433751821518
,,,32,,,,,,,,,,,,,,,,,,,,,,,,,,,,,108889,0.014402195811271667
,,,32,,,,,,,,,,,,,,,,,,,,,,,,,,,,,108899,0.27240288257598877
,,,32,,,,,,,,,,,,,,,,,,,,,,,,,,,,,108909,0.03622334823012352
,,,32,,,,,,,,,,,,,,,,,,,,,,,,,,,,,108919,0.005065291188657284
,,,32,,,,,,,,,,,,,,,,,,,,,,,,,,,,,108929,0.008341426029801369
,,,32,,,,,,,,,,,,,,,,,,,,,,,,,,,,,108939,0.10426823049783707
,,,32,,,,,,,,,,,,,,,,,,,,,,,,,,,,,108949,0.4414939880371094
,,,32,,,,,,,,,,,,,,,,,,,,,,,,,,,,,108959,0.00556294247508049
,,,32,,,,,,,,,,,,,,,,,,,,,,,,,,,,,108969,0.026724180206656456
,,,32,,,,,,,,,,,,,,,,,,,,,,,,,,,,,108979,0.17093662917613983
,,,32,,,,,,,,,,,,,,,,,,,,,,,,,,,,,108989,0.09652143716812134
,,,32,,,,,,,,,,,,,,,,,,,,,,,,,,,,,108999,0.005766598507761955
,,,32,,,,,,,,,,,,,,,,,,,,,,,,,,,,,109009,0.8011515140533447
,,,32,,,,,,,,,,,,,,,,,,,,,,,,,,,,,109019,0.010426032356917858
,,,32,,,,,,,,,,,,,,,,,,,,,,,,,,,,,109029,1.116018533706665
,,,32,,,,,,,,,,,,,,,,,,,,,,,,,,,,,109039,0.19313333928585052
,,,32,,,,,,,,,,,,,,,,,,,,,,,,,,,,,109049,0.1904737949371338
,,,32,,,,,,,,,,,,,,,,,,,,,,,,,,,,,109059,0.3588172197341919
,,,32,,,,,,,,,,,,,,,,,,,,,,,,,,,,,109069,0.014322472736239433
,,,32,,,,,,,,,,,,,,,,,,,,,,,,,,,,,109079,0.0050809490494430065
,,,32,,,,,,,,,,,,,,,,,,,,,,,,,,,,,109089,0.015156772918999195
,,,32,,,,,,,,,,,,,,,,,,,,,,,,,,,,,109099,0.007618805393576622
,,,32,,,,,,,,,,,,,,,,,,,,,,,,,,,,,109109,0.25982752442359924
,,,32,,,,,,,,,,,,,,,,,,,,,,,,,,,,,109119,0.3655409812927246
,,,32,,,,,,,,,,,,,,,,,,,,,,,,,,,,,109129,0.006979355122894049
,,,32,,,,,,,,,,,,,,,,,,,,,,,,,,,,,109139,0.09292325377464294
,,,32,,,,,,,,,,,,,,,,,,,,,,,,,,,,,109149,0.03147357702255249
,,,32,,,,,,,,,,,,,,,,,,,,,,,,,,,,,109159,0.7127730846405029
,,,32,,,,,,,,,,,,,,,,,,,,,,,,,,,,,109169,0.01538832113146782
,,,32,,,,,,,,,,,,,,,,,,,,,,,,,,,,,109179,0.015326282940804958
,,,32,,,,,,,,,,,,,,,,,,,,,,,,,,,,,109189,0.014260749332606792
,,,32,,,,,,,,,,,,,,,,,,,,,,,,,,,,,109199,0.004397003911435604
,,,32,,,,,,,,,,,,,,,,,,,,,,,,,,,,,109209,0.02100113034248352
,,,32,,,,,,,,,,,,,,,,,,,,,,,,,,,,,109219,0.3298499882221222
,,,32,,,,,,,,,,,,,,,,,,,,,,,,,,,,,109229,0.008134719915688038
,,,,1.778621682328425e-07,9.963918251200868e-07,1.5329105001847486e-06,1.5329105001847486e-06,2.3583238464380747e-06,2.3583238464380747e-06,3.6281905329816534e-06,3.6281905329816534e-06,5.581831589202543e-06,5.581831589202543e-06,8.587433214157758e-06,1.778621682328425e-07,8.587433214157758e-06,1.3211435714088859e-05,1.3211435714088859e-05,2.032528571398286e-05,2.032528571398286e-05,3.12696703292044e-05,3.12696703292044e-05,3.12696703292044e-05,3.12696703292044e-05,2.736341049736038e-07,2.736341049736038e-07,4.2097554611323665e-07,4.2097554611323665e-07,6.476546863280564e-07,6.476546863280564e-07,9.963918251200868e-07,109231,
,,,33,,,,,,,,,,,,,,,,,,,,,,,,,,,,,109239,0.27711570262908936
,,,33,,,,,,,,,,,,,,,,,,,,,,,,,,,,,109249,0.1689259558916092
,,,33,,,,,,,,,,,,,,,,,,,,,,,,,,,,,109259,0.4139888286590576
,,,33,,,,,,,,,,,,,,,,,,,,,,,,,,,,,109269,0.6261961460113525
,,,33,,,,,,,,,,,,,,,,,,,,,,,,,,,,,109279,0.19535164535045624
,,,33,,,,,,,,,,,,,,,,,,,,,,,,,,,,,109289,0.002778499387204647
,,,33,,,,,,,,,,,,,,,,,,,,,,,,,,,,,109299,0.13096193969249725
,,,33,,,,,,,,,,,,,,,,,,,,,,,,,,,,,109309,1.7653331756591797
,,,33,,,,,,,,,,,,,,,,,,,,,,,,,,,,,109319,0.1950739622116089
,,,33,,,,,,,,,,,,,,,,,,,,,,,,,,,,,109329,0.004828574601560831
,,,33,,,,,,,,,,,,,,,,,,,,,,,,,,,,,109339,0.007644485682249069
,,,33,,,,,,,,,,,,,,,,,,,,,,,,,,,,,109349,0.09181690961122513
,,,33,,,,,,,,,,,,,,,,,,,,,,,,,,,,,109359,0.22908644378185272
,,,33,,,,,,,,,,,,,,,,,,,,,,,,,,,,,109369,0.0043331328779459
,,,33,,,,,,,,,,,,,,,,,,,,,,,,,,,,,109379,0.023028451949357986
,,,33,,,,,,,,,,,,,,,,,,,,,,,,,,,,,109389,0.010097449645400047
,,,33,,,,,,,,,,,,,,,,,,,,,,,,,,,,,109399,0.0059374538250267506
,,,33,,,,,,,,,,,,,,,,,,,,,,,,,,,,,109409,0.595335066318512
,,,33,,,,,,,,,,,,,,,,,,,,,,,,,,,,,109419,0.643173336982727
,,,33,,,,,,,,,,,,,,,,,,,,,,,,,,,,,109429,1.0205612182617188
,,,33,,,,,,,,,,,,,,,,,,,,,,,,,,,,,109439,0.2746237516403198
,,,33,,,,,,,,,,,,,,,,,,,,,,,,,,,,,109449,0.12055373191833496
,,,33,,,,,,,,,,,,,,,,,,,,,,,,,,,,,109459,0.031223362311720848
,,,33,,,,,,,,,,,,,,,,,,,,,,,,,,,,,109469,0.16409550607204437
,,,33,,,,,,,,,,,,,,,,,,,,,,,,,,,,,109479,0.019242199137806892
,,,33,,,,,,,,,,,,,,,,,,,,,,,,,,,,,109489,0.006560726556926966
,,,33,,,,,,,,,,,,,,,,,,,,,,,,,,,,,109499,0.0022892423439770937
,,,33,,,,,,,,,,,,,,,,,,,,,,,,,,,,,109509,0.027506962418556213
,,,33,,,,,,,,,,,,,,,,,,,,,,,,,,,,,109519,0.1205197125673294
,,,33,,,,,,,,,,,,,,,,,,,,,,,,,,,,,109529,0.04308248683810234
,,,33,,,,,,,,,,,,,,,,,,,,,,,,,,,,,109539,0.009137516841292381
,,,33,,,,,,,,,,,,,,,,,,,,,,,,,,,,,109549,0.1187698096036911
,,,33,,,,,,,,,,,,,,,,,,,,,,,,,,,,,109559,0.14831256866455078
,,,33,,,,,,,,,,,,,,,,,,,,,,,,,,,,,109569,0.14313147962093353
,,,33,,,,,,,,,,,,,,,,,,,,,,,,,,,,,109579,0.030318794772028923
,,,33,,,,,,,,,,,,,,,,,,,,,,,,,,,,,109589,0.038270968943834305
,,,33,,,,,,,,,,,,,,,,,,,,,,,,,,,,,109599,0.005945884622633457
,,,33,,,,,,,,,,,,,,,,,,,,,,,,,,,,,109609,0.23295918107032776
,,,33,,,,,,,,,,,,,,,,,,,,,,,,,,,,,109619,0.37345924973487854
,,,33,,,,,,,,,,,,,,,,,,,,,,,,,,,,,109629,0.2132488638162613
,,,33,,,,,,,,,,,,,,,,,,,,,,,,,,,,,109639,0.17217005789279938
,,,33,,,,,,,,,,,,,,,,,,,,,,,,,,,,,109649,0.8081343770027161
,,,33,,,,,,,,,,,,,,,,,,,,,,,,,,,,,109659,0.20003320276737213
,,,33,,,,,,,,,,,,,,,,,,,,,,,,,,,,,109669,0.03848940134048462
,,,33,,,,,,,,,,,,,,,,,,,,,,,,,,,,,109679,0.03228026628494263
,,,33,,,,,,,,,,,,,,,,,,,,,,,,,,,,,109689,0.015941698104143143
,,,33,,,,,,,,,,,,,,,,,,,,,,,,,,,,,109699,0.1139686331152916
,,,33,,,,,,,,,,,,,,,,,,,,,,,,,,,,,109709,0.04320056736469269
,,,33,,,,,,,,,,,,,,,,,,,,,,,,,,,,,109719,0.007528240326792002
,,,33,,,,,,,,,,,,,,,,,,,,,,,,,,,,,109729,1.2895162105560303
,,,33,,,,,,,,,,,,,,,,,,,,,,,,,,,,,109739,0.005020061042159796
,,,33,,,,,,,,,,,,,,,,,,,,,,,,,,,,,109749,0.008554925210773945
,,,33,,,,,,,,,,,,,,,,,,,,,,,,,,,,,109759,0.007097849156707525
,,,33,,,,,,,,,,,,,,,,,,,,,,,,,,,,,109769,0.17568768560886383
,,,33,,,,,,,,,,,,,,,,,,,,,,,,,,,,,109779,0.094630166888237
,,,33,,,,,,,,,,,,,,,,,,,,,,,,,,,,,109789,0.5199416279792786
,,,33,,,,,,,,,,,,,,,,,,,,,,,,,,,,,109799,0.3751644194126129
,,,33,,,,,,,,,,,,,,,,,,,,,,,,,,,,,109809,0.2116164118051529
,,,33,,,,,,,,,,,,,,,,,,,,,,,,,,,,,109819,0.06237046420574188
,,,33,,,,,,,,,,,,,,,,,,,,,,,,,,,,,109829,0.06069416180253029
,,,33,,,,,,,,,,,,,,,,,,,,,,,,,,,,,109839,0.005869684275239706
,,,33,,,,,,,,,,,,,,,,,,,,,,,,,,,,,109849,0.016186853870749474
,,,33,,,,,,,,,,,,,,,,,,,,,,,,,,,,,109859,0.027386128902435303
,,,33,,,,,,,,,,,,,,,,,,,,,,,,,,,,,109869,0.4084499776363373
,,,33,,,,,,,,,,,,,,,,,,,,,,,,,,,,,109879,0.2593284547328949
,,,33,,,,,,,,,,,,,,,,,,,,,,,,,,,,,109889,0.038724686950445175
,,,33,,,,,,,,,,,,,,,,,,,,,,,,,,,,,109899,0.12497387081384659
,,,33,,,,,,,,,,,,,,,,,,,,,,,,,,,,,109909,0.15086370706558228
,,,33,,,,,,,,,,,,,,,,,,,,,,,,,,,,,109919,0.08821994811296463
,,,33,,,,,,,,,,,,,,,,,,,,,,,,,,,,,109929,0.01367536187171936
,,,33,,,,,,,,,,,,,,,,,,,,,,,,,,,,,109939,0.0050619072280824184
,,,33,,,,,,,,,,,,,,,,,,,,,,,,,,,,,109949,0.09638896584510803
,,,33,,,,,,,,,,,,,,,,,,,,,,,,,,,,,109959,0.005555831827223301
,,,33,,,,,,,,,,,,,,,,,,,,,,,,,,,,,109969,0.007447953801602125
,,,33,,,,,,,,,,,,,,,,,,,,,,,,,,,,,109979,0.04807160794734955
,,,33,,,,,,,,,,,,,,,,,,,,,,,,,,,,,109989,0.013248434290289879
,,,33,,,,,,,,,,,,,,,,,,,,,,,,,,,,,109999,0.43109700083732605
,,,33,,,,,,,,,,,,,,,,,,,,,,,,,,,,,110009,0.33439117670059204
,,,33,,,,,,,,,,,,,,,,,,,,,,,,,,,,,110019,0.2770954668521881
,,,33,,,,,,,,,,,,,,,,,,,,,,,,,,,,,110029,0.5691782236099243
,,,33,,,,,,,,,,,,,,,,,,,,,,,,,,,,,110039,0.9248586297035217
,,,33,,,,,,,,,,,,,,,,,,,,,,,,,,,,,110049,0.014166544191539288
,,,33,,,,,,,,,,,,,,,,,,,,,,,,,,,,,110059,0.006252224091440439
,,,33,,,,,,,,,,,,,,,,,,,,,,,,,,,,,110069,0.004316288977861404
,,,33,,,,,,,,,,,,,,,,,,,,,,,,,,,,,110079,0.0023939365055412054
,,,33,,,,,,,,,,,,,,,,,,,,,,,,,,,,,110089,0.015956541523337364
,,,33,,,,,,,,,,,,,,,,,,,,,,,,,,,,,110099,0.14752952754497528
,,,33,,,,,,,,,,,,,,,,,,,,,,,,,,,,,110109,0.08107265830039978
,,,33,,,,,,,,,,,,,,,,,,,,,,,,,,,,,110119,0.03138795122504234
,,,33,,,,,,,,,,,,,,,,,,,,,,,,,,,,,110129,0.2503354251384735
,,,33,,,,,,,,,,,,,,,,,,,,,,,,,,,,,110139,0.1005588173866272
,,,33,,,,,,,,,,,,,,,,,,,,,,,,,,,,,110149,0.32593849301338196
,,,33,,,,,,,,,,,,,,,,,,,,,,,,,,,,,110159,0.007782174274325371
,,,33,,,,,,,,,,,,,,,,,,,,,,,,,,,,,110169,0.05802398547530174
,,,33,,,,,,,,,,,,,,,,,,,,,,,,,,,,,110179,0.003236038377508521
,,,33,,,,,,,,,,,,,,,,,,,,,,,,,,,,,110189,0.3549591600894928
,,,33,,,,,,,,,,,,,,,,,,,,,,,,,,,,,110199,0.039066530764102936
,,,33,,,,,,,,,,,,,,,,,,,,,,,,,,,,,110209,0.5764694213867188
,,,33,,,,,,,,,,,,,,,,,,,,,,,,,,,,,110219,0.009941311553120613
,,,33,,,,,,,,,,,,,,,,,,,,,,,,,,,,,110229,0.5111607909202576
,,,33,,,,,,,,,,,,,,,,,,,,,,,,,,,,,110239,0.022367237135767937
,,,33,,,,,,,,,,,,,,,,,,,,,,,,,,,,,110249,0.30764997005462646
,,,33,,,,,,,,,,,,,,,,,,,,,,,,,,,,,110259,0.22063492238521576
,,,33,,,,,,,,,,,,,,,,,,,,,,,,,,,,,110269,0.3169265389442444
,,,33,,,,,,,,,,,,,,,,,,,,,,,,,,,,,110279,0.9260611534118652
,,,33,,,,,,,,,,,,,,,,,,,,,,,,,,,,,110289,0.4449329376220703
,,,33,,,,,,,,,,,,,,,,,,,,,,,,,,,,,110299,0.37747859954833984
,,,33,,,,,,,,,,,,,,,,,,,,,,,,,,,,,110309,0.012756949290633202
,,,33,,,,,,,,,,,,,,,,,,,,,,,,,,,,,110319,0.02349027246236801
,,,33,,,,,,,,,,,,,,,,,,,,,,,,,,,,,110329,0.14996172487735748
,,,33,,,,,,,,,,,,,,,,,,,,,,,,,,,,,110339,0.06658916920423508
,,,33,,,,,,,,,,,,,,,,,,,,,,,,,,,,,110349,0.4666047990322113
,,,33,,,,,,,,,,,,,,,,,,,,,,,,,,,,,110359,0.10412706434726715
,,,33,,,,,,,,,,,,,,,,,,,,,,,,,,,,,110369,0.436682790517807
,,,33,,,,,,,,,,,,,,,,,,,,,,,,,,,,,110379,0.35781756043434143
,,,33,,,,,,,,,,,,,,,,,,,,,,,,,,,,,110389,0.21065552532672882
,,,33,,,,,,,,,,,,,,,,,,,,,,,,,,,,,110399,0.334842324256897
,,,33,,,,,,,,,,,,,,,,,,,,,,,,,,,,,110409,0.004053058102726936
,,,33,,,,,,,,,,,,,,,,,,,,,,,,,,,,,110419,0.022725913673639297
,,,33,,,,,,,,,,,,,,,,,,,,,,,,,,,,,110429,0.4495765268802643
,,,33,,,,,,,,,,,,,,,,,,,,,,,,,,,,,110439,0.42303651571273804
,,,33,,,,,,,,,,,,,,,,,,,,,,,,,,,,,110449,0.05426403135061264
,,,33,,,,,,,,,,,,,,,,,,,,,,,,,,,,,110459,0.02122276835143566
,,,33,,,,,,,,,,,,,,,,,,,,,,,,,,,,,110469,0.32500386238098145
,,,33,,,,,,,,,,,,,,,,,,,,,,,,,,,,,110479,0.25485342741012573
,,,33,,,,,,,,,,,,,,,,,,,,,,,,,,,,,110489,0.30359190702438354
,,,33,,,,,,,,,,,,,,,,,,,,,,,,,,,,,110499,1.1877691745758057
,,,33,,,,,,,,,,,,,,,,,,,,,,,,,,,,,110509,0.32209017872810364
,,,33,,,,,,,,,,,,,,,,,,,,,,,,,,,,,110519,0.5661627054214478
,,,33,,,,,,,,,,,,,,,,,,,,,,,,,,,,,110529,0.011681650765240192
,,,33,,,,,,,,,,,,,,,,,,,,,,,,,,,,,110539,0.8188989758491516
,,,33,,,,,,,,,,,,,,,,,,,,,,,,,,,,,110549,0.4197038412094116
,,,33,,,,,,,,,,,,,,,,,,,,,,,,,,,,,110559,0.26382002234458923
,,,33,,,,,,,,,,,,,,,,,,,,,,,,,,,,,110569,0.010898570530116558
,,,33,,,,,,,,,,,,,,,,,,,,,,,,,,,,,110579,0.1169109046459198
,,,33,,,,,,,,,,,,,,,,,,,,,,,,,,,,,110589,0.03253185749053955
,,,33,,,,,,,,,,,,,,,,,,,,,,,,,,,,,110599,0.3958878517150879
,,,33,,,,,,,,,,,,,,,,,,,,,,,,,,,,,110609,0.008665276691317558
,,,33,,,,,,,,,,,,,,,,,,,,,,,,,,,,,110619,0.1963241994380951
,,,33,,,,,,,,,,,,,,,,,,,,,,,,,,,,,110629,0.019627785310149193
,,,33,,,,,,,,,,,,,,,,,,,,,,,,,,,,,110639,0.7594457864761353
,,,33,,,,,,,,,,,,,,,,,,,,,,,,,,,,,110649,0.01659553311765194
,,,33,,,,,,,,,,,,,,,,,,,,,,,,,,,,,110659,0.009268260560929775
,,,33,,,,,,,,,,,,,,,,,,,,,,,,,,,,,110669,0.004311744123697281
,,,33,,,,,,,,,,,,,,,,,,,,,,,,,,,,,110679,0.010570027865469456
,,,33,,,,,,,,,,,,,,,,,,,,,,,,,,,,,110689,0.007998742163181305
,,,33,,,,,,,,,,,,,,,,,,,,,,,,,,,,,110699,0.18165691196918488
,,,33,,,,,,,,,,,,,,,,,,,,,,,,,,,,,110709,0.02293465845286846
,,,33,,,,,,,,,,,,,,,,,,,,,,,,,,,,,110719,0.020532429218292236
,,,33,,,,,,,,,,,,,,,,,,,,,,,,,,,,,110729,0.01643950119614601
,,,33,,,,,,,,,,,,,,,,,,,,,,,,,,,,,110739,0.009076613001525402
,,,33,,,,,,,,,,,,,,,,,,,,,,,,,,,,,110749,0.5957913398742676
,,,33,,,,,,,,,,,,,,,,,,,,,,,,,,,,,110759,0.4563365876674652
,,,33,,,,,,,,,,,,,,,,,,,,,,,,,,,,,110769,0.006139474920928478
,,,33,,,,,,,,,,,,,,,,,,,,,,,,,,,,,110779,0.22447022795677185
,,,33,,,,,,,,,,,,,,,,,,,,,,,,,,,,,110789,0.04846268892288208
,,,33,,,,,,,,,,,,,,,,,,,,,,,,,,,,,110799,0.004102795850485563
,,,33,,,,,,,,,,,,,,,,,,,,,,,,,,,,,110809,0.049612779170274734
,,,33,,,,,,,,,,,,,,,,,,,,,,,,,,,,,110819,0.009588141925632954
,,,33,,,,,,,,,,,,,,,,,,,,,,,,,,,,,110829,0.002623615087941289
,,,33,,,,,,,,,,,,,,,,,,,,,,,,,,,,,110839,0.013822759501636028
,,,33,,,,,,,,,,,,,,,,,,,,,,,,,,,,,110849,0.2595166563987732
,,,33,,,,,,,,,,,,,,,,,,,,,,,,,,,,,110859,0.021811366081237793
,,,33,,,,,,,,,,,,,,,,,,,,,,,,,,,,,110869,0.0056853401474654675
,,,33,,,,,,,,,,,,,,,,,,,,,,,,,,,,,110879,0.09623364359140396
,,,33,,,,,,,,,,,,,,,,,,,,,,,,,,,,,110889,0.030231015756726265
,,,33,,,,,,,,,,,,,,,,,,,,,,,,,,,,,110899,0.016599375754594803
,,,33,,,,,,,,,,,,,,,,,,,,,,,,,,,,,110909,0.5075377821922302
,,,33,,,,,,,,,,,,,,,,,,,,,,,,,,,,,110919,0.006945720408111811
,,,33,,,,,,,,,,,,,,,,,,,,,,,,,,,,,110929,0.013722159899771214
,,,33,,,,,,,,,,,,,,,,,,,,,,,,,,,,,110939,0.8296291828155518
,,,33,,,,,,,,,,,,,,,,,,,,,,,,,,,,,110949,0.003630193183198571
,,,33,,,,,,,,,,,,,,,,,,,,,,,,,,,,,110959,0.03558450564742088
,,,33,,,,,,,,,,,,,,,,,,,,,,,,,,,,,110969,0.02791939117014408
,,,33,,,,,,,,,,,,,,,,,,,,,,,,,,,,,110979,0.015545832924544811
,,,33,,,,,,,,,,,,,,,,,,,,,,,,,,,,,110989,0.09025923907756805
,,,33,,,,,,,,,,,,,,,,,,,,,,,,,,,,,110999,0.04939466714859009
,,,33,,,,,,,,,,,,,,,,,,,,,,,,,,,,,111009,0.0033417372032999992
,,,33,,,,,,,,,,,,,,,,,,,,,,,,,,,,,111019,0.003315142123028636
,,,33,,,,,,,,,,,,,,,,,,,,,,,,,,,,,111029,0.06382470577955246
,,,33,,,,,,,,,,,,,,,,,,,,,,,,,,,,,111039,0.009042296558618546
,,,33,,,,,,,,,,,,,,,,,,,,,,,,,,,,,111049,0.019924871623516083
,,,33,,,,,,,,,,,,,,,,,,,,,,,,,,,,,111059,0.009051141329109669
,,,33,,,,,,,,,,,,,,,,,,,,,,,,,,,,,111069,0.011830788105726242
,,,33,,,,,,,,,,,,,,,,,,,,,,,,,,,,,111079,1.2403453588485718
,,,33,,,,,,,,,,,,,,,,,,,,,,,,,,,,,111089,0.19546562433242798
,,,33,,,,,,,,,,,,,,,,,,,,,,,,,,,,,111099,0.6191132664680481
,,,33,,,,,,,,,,,,,,,,,,,,,,,,,,,,,111109,0.10927487909793854
,,,33,,,,,,,,,,,,,,,,,,,,,,,,,,,,,111119,0.007546492386609316
,,,33,,,,,,,,,,,,,,,,,,,,,,,,,,,,,111129,0.1422261893749237
,,,33,,,,,,,,,,,,,,,,,,,,,,,,,,,,,111139,0.0141823785379529
,,,33,,,,,,,,,,,,,,,,,,,,,,,,,,,,,111149,0.4970693290233612
,,,33,,,,,,,,,,,,,,,,,,,,,,,,,,,,,111159,0.007905389182269573
,,,33,,,,,,,,,,,,,,,,,,,,,,,,,,,,,111169,0.21371455490589142
,,,33,,,,,,,,,,,,,,,,,,,,,,,,,,,,,111179,0.0665993019938469
,,,33,,,,,,,,,,,,,,,,,,,,,,,,,,,,,111189,0.25711897015571594
,,,33,,,,,,,,,,,,,,,,,,,,,,,,,,,,,111199,0.01333131454885006
,,,33,,,,,,,,,,,,,,,,,,,,,,,,,,,,,111209,0.008929918520152569
,,,33,,,,,,,,,,,,,,,,,,,,,,,,,,,,,111219,0.183023601770401
,,,33,,,,,,,,,,,,,,,,,,,,,,,,,,,,,111229,0.09285065531730652
,,,33,,,,,,,,,,,,,,,,,,,,,,,,,,,,,111239,0.0065157911740243435
,,,33,,,,,,,,,,,,,,,,,,,,,,,,,,,,,111249,0.21489889919757843
,,,33,,,,,,,,,,,,,,,,,,,,,,,,,,,,,111259,0.9310596585273743
,,,33,,,,,,,,,,,,,,,,,,,,,,,,,,,,,111269,0.00610395660623908
,,,33,,,,,,,,,,,,,,,,,,,,,,,,,,,,,111279,0.009322946891188622
,,,33,,,,,,,,,,,,,,,,,,,,,,,,,,,,,111289,0.024758705869317055
,,,33,,,,,,,,,,,,,,,,,,,,,,,,,,,,,111299,0.6538735032081604
,,,33,,,,,,,,,,,,,,,,,,,,,,,,,,,,,111309,0.14472061395645142
,,,33,,,,,,,,,,,,,,,,,,,,,,,,,,,,,111319,0.02959716133773327
,,,33,,,,,,,,,,,,,,,,,,,,,,,,,,,,,111329,0.17576256394386292
,,,33,,,,,,,,,,,,,,,,,,,,,,,,,,,,,111339,0.03264506906270981
,,,33,,,,,,,,,,,,,,,,,,,,,,,,,,,,,111349,0.0066048395819962025
,,,33,,,,,,,,,,,,,,,,,,,,,,,,,,,,,111359,0.003703552531078458
,,,33,,,,,,,,,,,,,,,,,,,,,,,,,,,,,111369,0.03058779239654541
,,,33,,,,,,,,,,,,,,,,,,,,,,,,,,,,,111379,0.008636647835373878
,,,33,,,,,,,,,,,,,,,,,,,,,,,,,,,,,111389,0.0169396810233593
,,,33,,,,,,,,,,,,,,,,,,,,,,,,,,,,,111399,0.8791276812553406
,,,33,,,,,,,,,,,,,,,,,,,,,,,,,,,,,111409,0.0034982331562787294
,,,33,,,,,,,,,,,,,,,,,,,,,,,,,,,,,111419,0.3394174873828888
,,,33,,,,,,,,,,,,,,,,,,,,,,,,,,,,,111429,0.1298636496067047
,,,33,,,,,,,,,,,,,,,,,,,,,,,,,,,,,111439,0.36173397302627563
,,,33,,,,,,,,,,,,,,,,,,,,,,,,,,,,,111449,0.19943609833717346
,,,33,,,,,,,,,,,,,,,,,,,,,,,,,,,,,111459,0.04423702135682106
,,,33,,,,,,,,,,,,,,,,,,,,,,,,,,,,,111469,0.24646319448947906
,,,33,,,,,,,,,,,,,,,,,,,,,,,,,,,,,111479,0.01308586448431015
,,,33,,,,,,,,,,,,,,,,,,,,,,,,,,,,,111489,0.08610347658395767
,,,33,,,,,,,,,,,,,,,,,,,,,,,,,,,,,111499,0.01553274691104889
,,,33,,,,,,,,,,,,,,,,,,,,,,,,,,,,,111509,0.2084280252456665
,,,33,,,,,,,,,,,,,,,,,,,,,,,,,,,,,111519,0.07656057924032211
,,,33,,,,,,,,,,,,,,,,,,,,,,,,,,,,,111529,0.02995634265244007
,,,33,,,,,,,,,,,,,,,,,,,,,,,,,,,,,111539,0.05583418533205986
,,,33,,,,,,,,,,,,,,,,,,,,,,,,,,,,,111549,0.01111199427396059
,,,33,,,,,,,,,,,,,,,,,,,,,,,,,,,,,111559,0.039060067385435104
,,,33,,,,,,,,,,,,,,,,,,,,,,,,,,,,,111569,0.19560936093330383
,,,33,,,,,,,,,,,,,,,,,,,,,,,,,,,,,111579,0.2276189774274826
,,,33,,,,,,,,,,,,,,,,,,,,,,,,,,,,,111589,0.020836561918258667
,,,33,,,,,,,,,,,,,,,,,,,,,,,,,,,,,111599,0.006245785392820835
,,,33,,,,,,,,,,,,,,,,,,,,,,,,,,,,,111609,0.02324754372239113
,,,33,,,,,,,,,,,,,,,,,,,,,,,,,,,,,111619,0.0032436437904834747
,,,33,,,,,,,,,,,,,,,,,,,,,,,,,,,,,111629,0.014505702070891857
,,,33,,,,,,,,,,,,,,,,,,,,,,,,,,,,,111639,0.013486145995557308
,,,33,,,,,,,,,,,,,,,,,,,,,,,,,,,,,111649,0.019602250307798386
,,,33,,,,,,,,,,,,,,,,,,,,,,,,,,,,,111659,0.023147553205490112
,,,33,,,,,,,,,,,,,,,,,,,,,,,,,,,,,111669,0.09246290475130081
,,,33,,,,,,,,,,,,,,,,,,,,,,,,,,,,,111679,0.209471195936203
,,,33,,,,,,,,,,,,,,,,,,,,,,,,,,,,,111689,0.36420243978500366
,,,33,,,,,,,,,,,,,,,,,,,,,,,,,,,,,111699,0.010847344994544983
,,,33,,,,,,,,,,,,,,,,,,,,,,,,,,,,,111709,0.05324544757604599
,,,33,,,,,,,,,,,,,,,,,,,,,,,,,,,,,111719,0.35584473609924316
,,,33,,,,,,,,,,,,,,,,,,,,,,,,,,,,,111729,0.6385116577148438
,,,33,,,,,,,,,,,,,,,,,,,,,,,,,,,,,111739,0.21817293763160706
,,,33,,,,,,,,,,,,,,,,,,,,,,,,,,,,,111749,0.026655053719878197
,,,33,,,,,,,,,,,,,,,,,,,,,,,,,,,,,111759,0.0053076609037816525
,,,33,,,,,,,,,,,,,,,,,,,,,,,,,,,,,111769,0.0048818765208125114
,,,33,,,,,,,,,,,,,,,,,,,,,,,,,,,,,111779,0.06392786651849747
,,,33,,,,,,,,,,,,,,,,,,,,,,,,,,,,,111789,0.0037711821496486664
,,,33,,,,,,,,,,,,,,,,,,,,,,,,,,,,,111799,0.16090434789657593
,,,33,,,,,,,,,,,,,,,,,,,,,,,,,,,,,111809,0.20840604603290558
,,,33,,,,,,,,,,,,,,,,,,,,,,,,,,,,,111819,0.00909243430942297
,,,33,,,,,,,,,,,,,,,,,,,,,,,,,,,,,111829,0.866272509098053
,,,33,,,,,,,,,,,,,,,,,,,,,,,,,,,,,111839,0.1900065839290619
,,,33,,,,,,,,,,,,,,,,,,,,,,,,,,,,,111849,0.004914687015116215
,,,33,,,,,,,,,,,,,,,,,,,,,,,,,,,,,111859,0.30134934186935425
,,,33,,,,,,,,,,,,,,,,,,,,,,,,,,,,,111869,0.24106833338737488
,,,33,,,,,,,,,,,,,,,,,,,,,,,,,,,,,111879,0.013905907049775124
,,,33,,,,,,,,,,,,,,,,,,,,,,,,,,,,,111889,1.6825311183929443
,,,33,,,,,,,,,,,,,,,,,,,,,,,,,,,,,111899,0.31813642382621765
,,,33,,,,,,,,,,,,,,,,,,,,,,,,,,,,,111909,0.051581524312496185
,,,33,,,,,,,,,,,,,,,,,,,,,,,,,,,,,111919,0.34905770421028137
,,,33,,,,,,,,,,,,,,,,,,,,,,,,,,,,,111929,0.9688094854354858
,,,33,,,,,,,,,,,,,,,,,,,,,,,,,,,,,111939,0.005168324802070856
,,,33,,,,,,,,,,,,,,,,,,,,,,,,,,,,,111949,0.6281228065490723
,,,33,,,,,,,,,,,,,,,,,,,,,,,,,,,,,111959,0.055286895483732224
,,,33,,,,,,,,,,,,,,,,,,,,,,,,,,,,,111969,0.13394279778003693
,,,33,,,,,,,,,,,,,,,,,,,,,,,,,,,,,111979,0.14013060927391052
,,,33,,,,,,,,,,,,,,,,,,,,,,,,,,,,,111989,0.1163959950208664
,,,33,,,,,,,,,,,,,,,,,,,,,,,,,,,,,111999,0.008909725584089756
,,,33,,,,,,,,,,,,,,,,,,,,,,,,,,,,,112009,0.44330525398254395
,,,33,,,,,,,,,,,,,,,,,,,,,,,,,,,,,112019,0.46004676818847656
,,,33,,,,,,,,,,,,,,,,,,,,,,,,,,,,,112029,0.4009847640991211
,,,33,,,,,,,,,,,,,,,,,,,,,,,,,,,,,112039,0.0481945239007473
,,,33,,,,,,,,,,,,,,,,,,,,,,,,,,,,,112049,0.4621902108192444
,,,33,,,,,,,,,,,,,,,,,,,,,,,,,,,,,112059,0.008189516142010689
,,,33,,,,,,,,,,,,,,,,,,,,,,,,,,,,,112069,0.004490923136472702
,,,33,,,,,,,,,,,,,,,,,,,,,,,,,,,,,112079,0.5097342729568481
,,,33,,,,,,,,,,,,,,,,,,,,,,,,,,,,,112089,0.15767383575439453
,,,33,,,,,,,,,,,,,,,,,,,,,,,,,,,,,112099,0.2794117331504822
,,,33,,,,,,,,,,,,,,,,,,,,,,,,,,,,,112109,0.03718583658337593
,,,33,,,,,,,,,,,,,,,,,,,,,,,,,,,,,112119,0.5303580164909363
,,,33,,,,,,,,,,,,,,,,,,,,,,,,,,,,,112129,0.03520442172884941
,,,33,,,,,,,,,,,,,,,,,,,,,,,,,,,,,112139,0.0035765867214649916
,,,33,,,,,,,,,,,,,,,,,,,,,,,,,,,,,112149,0.18350335955619812
,,,33,,,,,,,,,,,,,,,,,,,,,,,,,,,,,112159,0.052157022058963776
,,,33,,,,,,,,,,,,,,,,,,,,,,,,,,,,,112169,0.030456358566880226
,,,33,,,,,,,,,,,,,,,,,,,,,,,,,,,,,112179,0.006956287659704685
,,,33,,,,,,,,,,,,,,,,,,,,,,,,,,,,,112189,0.006549926474690437
,,,33,,,,,,,,,,,,,,,,,,,,,,,,,,,,,112199,0.396080881357193
,,,33,,,,,,,,,,,,,,,,,,,,,,,,,,,,,112209,0.078712597489357
,,,33,,,,,,,,,,,,,,,,,,,,,,,,,,,,,112219,0.04693329334259033
,,,33,,,,,,,,,,,,,,,,,,,,,,,,,,,,,112229,0.013942650519311428
,,,33,,,,,,,,,,,,,,,,,,,,,,,,,,,,,112239,0.011392366141080856
,,,33,,,,,,,,,,,,,,,,,,,,,,,,,,,,,112249,0.00838577188551426
,,,33,,,,,,,,,,,,,,,,,,,,,,,,,,,,,112259,0.0035651330836117268
,,,33,,,,,,,,,,,,,,,,,,,,,,,,,,,,,112269,0.007066498044878244
,,,33,,,,,,,,,,,,,,,,,,,,,,,,,,,,,112279,0.0836227610707283
,,,33,,,,,,,,,,,,,,,,,,,,,,,,,,,,,112289,0.21793602406978607
,,,33,,,,,,,,,,,,,,,,,,,,,,,,,,,,,112299,0.20834100246429443
,,,33,,,,,,,,,,,,,,,,,,,,,,,,,,,,,112309,0.0885724127292633
,,,33,,,,,,,,,,,,,,,,,,,,,,,,,,,,,112319,0.010893628001213074
,,,33,,,,,,,,,,,,,,,,,,,,,,,,,,,,,112329,0.02306285686790943
,,,33,,,,,,,,,,,,,,,,,,,,,,,,,,,,,112339,0.5142156481742859
,,,33,,,,,,,,,,,,,,,,,,,,,,,,,,,,,112349,0.548407256603241
,,,33,,,,,,,,,,,,,,,,,,,,,,,,,,,,,112359,0.1916830688714981
,,,33,,,,,,,,,,,,,,,,,,,,,,,,,,,,,112369,0.36708489060401917
,,,33,,,,,,,,,,,,,,,,,,,,,,,,,,,,,112379,0.04997144639492035
,,,33,,,,,,,,,,,,,,,,,,,,,,,,,,,,,112389,0.27322766184806824
,,,33,,,,,,,,,,,,,,,,,,,,,,,,,,,,,112399,0.033120982348918915
,,,33,,,,,,,,,,,,,,,,,,,,,,,,,,,,,112409,0.08926975727081299
,,,33,,,,,,,,,,,,,,,,,,,,,,,,,,,,,112419,0.30194780230522156
,,,33,,,,,,,,,,,,,,,,,,,,,,,,,,,,,112429,0.11696527898311615
,,,33,,,,,,,,,,,,,,,,,,,,,,,,,,,,,112439,0.008066363632678986
,,,33,,,,,,,,,,,,,,,,,,,,,,,,,,,,,112449,0.46228957176208496
,,,33,,,,,,,,,,,,,,,,,,,,,,,,,,,,,112459,0.03194359317421913
,,,33,,,,,,,,,,,,,,,,,,,,,,,,,,,,,112469,0.07264485955238342
,,,33,,,,,,,,,,,,,,,,,,,,,,,,,,,,,112479,0.004867961164563894
,,,33,,,,,,,,,,,,,,,,,,,,,,,,,,,,,112489,0.0123992208391428
,,,33,,,,,,,,,,,,,,,,,,,,,,,,,,,,,112499,0.011327286250889301
,,,33,,,,,,,,,,,,,,,,,,,,,,,,,,,,,112509,0.4568016529083252
,,,33,,,,,,,,,,,,,,,,,,,,,,,,,,,,,112519,0.059065863490104675
,,,33,,,,,,,,,,,,,,,,,,,,,,,,,,,,,112529,0.03918960317969322
,,,33,,,,,,,,,,,,,,,,,,,,,,,,,,,,,112539,0.1277560293674469
,,,,1.5972750035826984e-07,8.948006042268538e-07,1.3766163141951595e-06,1.3766163141951595e-06,2.1178712526079376e-06,2.1178712526079376e-06,3.258263465550673e-06,3.258263465550673e-06,5.012713023924113e-06,5.012713023924113e-06,7.71186619065248e-06,1.5972750035826984e-07,7.71186619065248e-06,1.1864409524080739e-05,1.1864409524080739e-05,1.8252937729354982e-05,1.8252937729354982e-05,2.8081442660546125e-05,2.8081442660546125e-05,2.8081442660546125e-05,2.8081442660546125e-05,2.457346159357997e-07,2.457346159357997e-07,3.7805325528584575e-07,3.7805325528584575e-07,5.816203927474549e-07,5.816203927474549e-07,8.948006042268538e-07,112541,
,,,34,,,,,,,,,,,,,,,,,,,,,,,,,,,,,112549,0.007539493031799793
,,,34,,,,,,,,,,,,,,,,,,,,,,,,,,,,,112559,0.6896704435348511
,,,34,,,,,,,,,,,,,,,,,,,,,,,,,,,,,112569,0.31079986691474915
,,,34,,,,,,,,,,,,,,,,,,,,,,,,,,,,,112579,0.9056354761123657
,,,34,,,,,,,,,,,,,,,,,,,,,,,,,,,,,112589,0.8828268051147461
,,,34,,,,,,,,,,,,,,,,,,,,,,,,,,,,,112599,0.12295901775360107
,,,34,,,,,,,,,,,,,,,,,,,,,,,,,,,,,112609,0.013340368866920471
,,,34,,,,,,,,,,,,,,,,,,,,,,,,,,,,,112619,0.02170669473707676
,,,34,,,,,,,,,,,,,,,,,,,,,,,,,,,,,112629,0.02457379177212715
,,,34,,,,,,,,,,,,,,,,,,,,,,,,,,,,,112639,0.0452839694917202
,,,34,,,,,,,,,,,,,,,,,,,,,,,,,,,,,112649,0.41805315017700195
,,,34,,,,,,,,,,,,,,,,,,,,,,,,,,,,,112659,0.24899747967720032
,,,34,,,,,,,,,,,,,,,,,,,,,,,,,,,,,112669,0.034120846539735794
,,,34,,,,,,,,,,,,,,,,,,,,,,,,,,,,,112679,0.04699571058154106
,,,34,,,,,,,,,,,,,,,,,,,,,,,,,,,,,112689,0.06546660512685776
,,,34,,,,,,,,,,,,,,,,,,,,,,,,,,,,,112699,0.319864958524704
,,,34,,,,,,,,,,,,,,,,,,,,,,,,,,,,,112709,0.00909858476370573
,,,34,,,,,,,,,,,,,,,,,,,,,,,,,,,,,112719,0.06995183974504471
,,,34,,,,,,,,,,,,,,,,,,,,,,,,,,,,,112729,0.388195276260376
,,,34,,,,,,,,,,,,,,,,,,,,,,,,,,,,,112739,0.2938205599784851
,,,34,,,,,,,,,,,,,,,,,,,,,,,,,,,,,112749,0.4100022315979004
,,,34,,,,,,,,,,,,,,,,,,,,,,,,,,,,,112759,0.033760879188776016
,,,34,,,,,,,,,,,,,,,,,,,,,,,,,,,,,112769,1.0386346578598022
,,,34,,,,,,,,,,,,,,,,,,,,,,,,,,,,,112779,0.02746206521987915
,,,34,,,,,,,,,,,,,,,,,,,,,,,,,,,,,112789,0.009213786572217941
,,,34,,,,,,,,,,,,,,,,,,,,,,,,,,,,,112799,0.0408211424946785
,,,34,,,,,,,,,,,,,,,,,,,,,,,,,,,,,112809,0.22019578516483307
,,,34,,,,,,,,,,,,,,,,,,,,,,,,,,,,,112819,0.23413392901420593
,,,34,,,,,,,,,,,,,,,,,,,,,,,,,,,,,112829,0.023714350536465645
,,,34,,,,,,,,,,,,,,,,,,,,,,,,,,,,,112839,0.2200096696615219
,,,34,,,,,,,,,,,,,,,,,,,,,,,,,,,,,112849,0.39013752341270447
,,,34,,,,,,,,,,,,,,,,,,,,,,,,,,,,,112859,0.007352920714765787
,,,34,,,,,,,,,,,,,,,,,,,,,,,,,,,,,112869,0.3852523863315582
,,,34,,,,,,,,,,,,,,,,,,,,,,,,,,,,,112879,0.04216599091887474
,,,34,,,,,,,,,,,,,,,,,,,,,,,,,,,,,112889,0.012159894220530987
,,,34,,,,,,,,,,,,,,,,,,,,,,,,,,,,,112899,0.02601611241698265
,,,34,,,,,,,,,,,,,,,,,,,,,,,,,,,,,112909,0.1286720186471939
,,,34,,,,,,,,,,,,,,,,,,,,,,,,,,,,,112919,0.2233656793832779
,,,34,,,,,,,,,,,,,,,,,,,,,,,,,,,,,112929,0.2926740050315857
,,,34,,,,,,,,,,,,,,,,,,,,,,,,,,,,,112939,0.17726187407970428
,,,34,,,,,,,,,,,,,,,,,,,,,,,,,,,,,112949,0.010420815087854862
,,,34,,,,,,,,,,,,,,,,,,,,,,,,,,,,,112959,0.029716022312641144
,,,34,,,,,,,,,,,,,,,,,,,,,,,,,,,,,112969,0.026097126305103302
,,,34,,,,,,,,,,,,,,,,,,,,,,,,,,,,,112979,0.05073787271976471
,,,34,,,,,,,,,,,,,,,,,,,,,,,,,,,,,112989,0.026055971160531044
,,,34,,,,,,,,,,,,,,,,,,,,,,,,,,,,,112999,0.02439909800887108
,,,34,,,,,,,,,,,,,,,,,,,,,,,,,,,,,113009,0.09338222444057465
,,,34,,,,,,,,,,,,,,,,,,,,,,,,,,,,,113019,0.00964844599366188
,,,34,,,,,,,,,,,,,,,,,,,,,,,,,,,,,113029,0.030671309679746628
,,,34,,,,,,,,,,,,,,,,,,,,,,,,,,,,,113039,0.48894211649894714
,,,34,,,,,,,,,,,,,,,,,,,,,,,,,,,,,113049,0.053606562316417694
,,,34,,,,,,,,,,,,,,,,,,,,,,,,,,,,,113059,0.4002382159233093
,,,34,,,,,,,,,,,,,,,,,,,,,,,,,,,,,113069,0.04033122956752777
,,,34,,,,,,,,,,,,,,,,,,,,,,,,,,,,,113079,0.4430243670940399
,,,34,,,,,,,,,,,,,,,,,,,,,,,,,,,,,113089,0.005908688064664602
,,,34,,,,,,,,,,,,,,,,,,,,,,,,,,,,,113099,0.26953452825546265
,,,34,,,,,,,,,,,,,,,,,,,,,,,,,,,,,113109,0.015419143252074718
,,,34,,,,,,,,,,,,,,,,,,,,,,,,,,,,,113119,0.023961525410413742
,,,34,,,,,,,,,,,,,,,,,,,,,,,,,,,,,113129,0.018278634175658226
,,,34,,,,,,,,,,,,,,,,,,,,,,,,,,,,,113139,0.5233947038650513
,,,34,,,,,,,,,,,,,,,,,,,,,,,,,,,,,113149,0.005055868532508612
,,,34,,,,,,,,,,,,,,,,,,,,,,,,,,,,,113159,0.12956641614437103
,,,34,,,,,,,,,,,,,,,,,,,,,,,,,,,,,113169,0.26751217246055603
,,,34,,,,,,,,,,,,,,,,,,,,,,,,,,,,,113179,0.004025849048048258
,,,34,,,,,,,,,,,,,,,,,,,,,,,,,,,,,113189,0.4482696056365967
,,,34,,,,,,,,,,,,,,,,,,,,,,,,,,,,,113199,0.04968082532286644
,,,34,,,,,,,,,,,,,,,,,,,,,,,,,,,,,113209,0.1528129130601883
,,,34,,,,,,,,,,,,,,,,,,,,,,,,,,,,,113219,0.02216733805835247
,,,34,,,,,,,,,,,,,,,,,,,,,,,,,,,,,113229,0.008656869642436504
,,,34,,,,,,,,,,,,,,,,,,,,,,,,,,,,,113239,0.20190322399139404
,,,34,,,,,,,,,,,,,,,,,,,,,,,,,,,,,113249,0.4546508491039276
,,,34,,,,,,,,,,,,,,,,,,,,,,,,,,,,,113259,0.018125856295228004
,,,34,,,,,,,,,,,,,,,,,,,,,,,,,,,,,113269,0.3975919783115387
,,,34,,,,,,,,,,,,,,,,,,,,,,,,,,,,,113279,0.006843053735792637
,,,34,,,,,,,,,,,,,,,,,,,,,,,,,,,,,113289,0.0035123974084854126
,,,34,,,,,,,,,,,,,,,,,,,,,,,,,,,,,113299,0.01098543033003807
,,,34,,,,,,,,,,,,,,,,,,,,,,,,,,,,,113309,0.11763521283864975
,,,34,,,,,,,,,,,,,,,,,,,,,,,,,,,,,113319,0.013463213108479977
,,,34,,,,,,,,,,,,,,,,,,,,,,,,,,,,,113329,0.016636095941066742
,,,34,,,,,,,,,,,,,,,,,,,,,,,,,,,,,113339,0.023799926042556763
,,,34,,,,,,,,,,,,,,,,,,,,,,,,,,,,,113349,0.5879278182983398
,,,34,,,,,,,,,,,,,,,,,,,,,,,,,,,,,113359,0.016207465901970863
,,,34,,,,,,,,,,,,,,,,,,,,,,,,,,,,,113369,0.6051005125045776
,,,34,,,,,,,,,,,,,,,,,,,,,,,,,,,,,113379,0.49859684705734253
,,,34,,,,,,,,,,,,,,,,,,,,,,,,,,,,,113389,0.02177025005221367
,,,34,,,,,,,,,,,,,,,,,,,,,,,,,,,,,113399,0.1971479058265686
,,,34,,,,,,,,,,,,,,,,,,,,,,,,,,,,,113409,0.4700881540775299
,,,34,,,,,,,,,,,,,,,,,,,,,,,,,,,,,113419,0.04574296623468399
,,,34,,,,,,,,,,,,,,,,,,,,,,,,,,,,,113429,0.01767251268029213
,,,34,,,,,,,,,,,,,,,,,,,,,,,,,,,,,113439,0.09622719138860703
,,,34,,,,,,,,,,,,,,,,,,,,,,,,,,,,,113449,0.004821134265512228
,,,34,,,,,,,,,,,,,,,,,,,,,,,,,,,,,113459,0.003418268170207739
,,,34,,,,,,,,,,,,,,,,,,,,,,,,,,,,,113469,0.033473946154117584
,,,34,,,,,,,,,,,,,,,,,,,,,,,,,,,,,113479,0.05692619830369949
,,,34,,,,,,,,,,,,,,,,,,,,,,,,,,,,,113489,0.0051065469160676
,,,34,,,,,,,,,,,,,,,,,,,,,,,,,,,,,113499,0.6973155736923218
,,,34,,,,,,,,,,,,,,,,,,,,,,,,,,,,,113509,0.06365508586168289
,,,34,,,,,,,,,,,,,,,,,,,,,,,,,,,,,113519,0.014101698994636536
,,,34,,,,,,,,,,,,,,,,,,,,,,,,,,,,,113529,0.10976523160934448
,,,34,,,,,,,,,,,,,,,,,,,,,,,,,,,,,113539,0.014415978454053402
,,,34,,,,,,,,,,,,,,,,,,,,,,,,,,,,,113549,0.004508164245635271
,,,34,,,,,,,,,,,,,,,,,,,,,,,,,,,,,113559,0.005827946588397026
,,,34,,,,,,,,,,,,,,,,,,,,,,,,,,,,,113569,0.25570085644721985
,,,34,,,,,,,,,,,,,,,,,,,,,,,,,,,,,113579,0.07111041247844696
,,,34,,,,,,,,,,,,,,,,,,,,,,,,,,,,,113589,0.021835582330822945
,,,34,,,,,,,,,,,,,,,,,,,,,,,,,,,,,113599,0.010834249667823315
,,,34,,,,,,,,,,,,,,,,,,,,,,,,,,,,,113609,0.474541038274765
,,,34,,,,,,,,,,,,,,,,,,,,,,,,,,,,,113619,0.02205311879515648
,,,34,,,,,,,,,,,,,,,,,,,,,,,,,,,,,113629,0.005738362204283476
,,,34,,,,,,,,,,,,,,,,,,,,,,,,,,,,,113639,0.1616300791501999
,,,34,,,,,,,,,,,,,,,,,,,,,,,,,,,,,113649,0.017834294587373734
,,,34,,,,,,,,,,,,,,,,,,,,,,,,,,,,,113659,0.29697534441947937
,,,34,,,,,,,,,,,,,,,,,,,,,,,,,,,,,113669,0.44465839862823486
,,,34,,,,,,,,,,,,,,,,,,,,,,,,,,,,,113679,0.11993439495563507
,,,34,,,,,,,,,,,,,,,,,,,,,,,,,,,,,113689,0.014477003365755081
,,,34,,,,,,,,,,,,,,,,,,,,,,,,,,,,,113699,0.004421922843903303
,,,34,,,,,,,,,,,,,,,,,,,,,,,,,,,,,113709,0.031967565417289734
,,,34,,,,,,,,,,,,,,,,,,,,,,,,,,,,,113719,0.06259315460920334
,,,34,,,,,,,,,,,,,,,,,,,,,,,,,,,,,113729,0.10296773910522461
,,,34,,,,,,,,,,,,,,,,,,,,,,,,,,,,,113739,0.006460253149271011
,,,34,,,,,,,,,,,,,,,,,,,,,,,,,,,,,113749,0.009679090231657028
,,,34,,,,,,,,,,,,,,,,,,,,,,,,,,,,,113759,1.1953489780426025
,,,34,,,,,,,,,,,,,,,,,,,,,,,,,,,,,113769,0.12965764105319977
,,,34,,,,,,,,,,,,,,,,,,,,,,,,,,,,,113779,0.5515196919441223
,,,34,,,,,,,,,,,,,,,,,,,,,,,,,,,,,113789,0.004996148869395256
,,,34,,,,,,,,,,,,,,,,,,,,,,,,,,,,,113799,0.19317318499088287
,,,34,,,,,,,,,,,,,,,,,,,,,,,,,,,,,113809,0.16757120192050934
,,,34,,,,,,,,,,,,,,,,,,,,,,,,,,,,,113819,0.002582140499725938
,,,34,,,,,,,,,,,,,,,,,,,,,,,,,,,,,113829,0.6128286719322205
,,,34,,,,,,,,,,,,,,,,,,,,,,,,,,,,,113839,0.2099495381116867
,,,34,,,,,,,,,,,,,,,,,,,,,,,,,,,,,113849,0.42005354166030884
,,,34,,,,,,,,,,,,,,,,,,,,,,,,,,,,,113859,0.005070834420621395
,,,34,,,,,,,,,,,,,,,,,,,,,,,,,,,,,113869,0.02874356508255005
,,,34,,,,,,,,,,,,,,,,,,,,,,,,,,,,,113879,0.0027103282045572996
,,,34,,,,,,,,,,,,,,,,,,,,,,,,,,,,,113889,0.11884086579084396
,,,34,,,,,,,,,,,,,,,,,,,,,,,,,,,,,113899,0.07775487750768661
,,,34,,,,,,,,,,,,,,,,,,,,,,,,,,,,,113909,0.05746785178780556
,,,34,,,,,,,,,,,,,,,,,,,,,,,,,,,,,113919,0.02854662761092186
,,,34,,,,,,,,,,,,,,,,,,,,,,,,,,,,,113929,0.014441229403018951
,,,34,,,,,,,,,,,,,,,,,,,,,,,,,,,,,113939,0.0021191847044974566
,,,34,,,,,,,,,,,,,,,,,,,,,,,,,,,,,113949,0.01466323621571064
,,,34,,,,,,,,,,,,,,,,,,,,,,,,,,,,,113959,0.40986567735671997
,,,34,,,,,,,,,,,,,,,,,,,,,,,,,,,,,113969,0.07952669262886047
,,,34,,,,,,,,,,,,,,,,,,,,,,,,,,,,,113979,0.3806154429912567
,,,34,,,,,,,,,,,,,,,,,,,,,,,,,,,,,113989,0.0036100586876273155
,,,34,,,,,,,,,,,,,,,,,,,,,,,,,,,,,113999,0.038211774080991745
,,,34,,,,,,,,,,,,,,,,,,,,,,,,,,,,,114009,0.0381506010890007
,,,34,,,,,,,,,,,,,,,,,,,,,,,,,,,,,114019,0.18395905196666718
,,,34,,,,,,,,,,,,,,,,,,,,,,,,,,,,,114029,0.20809884369373322
,,,34,,,,,,,,,,,,,,,,,,,,,,,,,,,,,114039,0.0040259589441120625
,,,34,,,,,,,,,,,,,,,,,,,,,,,,,,,,,114049,0.008309423923492432
,,,34,,,,,,,,,,,,,,,,,,,,,,,,,,,,,114059,0.7789088487625122
,,,34,,,,,,,,,,,,,,,,,,,,,,,,,,,,,114069,0.35524049401283264
,,,34,,,,,,,,,,,,,,,,,,,,,,,,,,,,,114079,0.1553865522146225
,,,34,,,,,,,,,,,,,,,,,,,,,,,,,,,,,114089,0.721656084060669
,,,34,,,,,,,,,,,,,,,,,,,,,,,,,,,,,114099,0.5844237804412842
,,,34,,,,,,,,,,,,,,,,,,,,,,,,,,,,,114109,0.0243019238114357
,,,34,,,,,,,,,,,,,,,,,,,,,,,,,,,,,114119,1.0815294981002808
,,,34,,,,,,,,,,,,,,,,,,,,,,,,,,,,,114129,0.007226309739053249
,,,34,,,,,,,,,,,,,,,,,,,,,,,,,,,,,114139,0.00565836438909173
,,,34,,,,,,,,,,,,,,,,,,,,,,,,,,,,,114149,0.020575908944010735
,,,34,,,,,,,,,,,,,,,,,,,,,,,,,,,,,114159,0.004218552727252245
,,,34,,,,,,,,,,,,,,,,,,,,,,,,,,,,,114169,0.01152779720723629
,,,34,,,,,,,,,,,,,,,,,,,,,,,,,,,,,114179,0.2737530469894409
,,,34,,,,,,,,,,,,,,,,,,,,,,,,,,,,,114189,0.03722209855914116
,,,34,,,,,,,,,,,,,,,,,,,,,,,,,,,,,114199,0.034228477627038956
,,,34,,,,,,,,,,,,,,,,,,,,,,,,,,,,,114209,0.0482325404882431
,,,34,,,,,,,,,,,,,,,,,,,,,,,,,,,,,114219,0.005725953262299299
,,,34,,,,,,,,,,,,,,,,,,,,,,,,,,,,,114229,0.020655600354075432
,,,34,,,,,,,,,,,,,,,,,,,,,,,,,,,,,114239,0.01352760847657919
,,,34,,,,,,,,,,,,,,,,,,,,,,,,,,,,,114249,0.08947284519672394
,,,34,,,,,,,,,,,,,,,,,,,,,,,,,,,,,114259,0.020379843190312386
,,,34,,,,,,,,,,,,,,,,,,,,,,,,,,,,,114269,0.0037047837395220995
,,,34,,,,,,,,,,,,,,,,,,,,,,,,,,,,,114279,0.006407466717064381
,,,34,,,,,,,,,,,,,,,,,,,,,,,,,,,,,114289,0.0038970361929386854
,,,34,,,,,,,,,,,,,,,,,,,,,,,,,,,,,114299,0.0037939301691949368
,,,34,,,,,,,,,,,,,,,,,,,,,,,,,,,,,114309,0.011882169172167778
,,,34,,,,,,,,,,,,,,,,,,,,,,,,,,,,,114319,0.4798610806465149
,,,34,,,,,,,,,,,,,,,,,,,,,,,,,,,,,114329,0.008315909653902054
,,,34,,,,,,,,,,,,,,,,,,,,,,,,,,,,,114339,0.006453509908169508
,,,34,,,,,,,,,,,,,,,,,,,,,,,,,,,,,114349,0.21633301675319672
,,,34,,,,,,,,,,,,,,,,,,,,,,,,,,,,,114359,0.011370235122740269
,,,34,,,,,,,,,,,,,,,,,,,,,,,,,,,,,114369,0.03128674253821373
,,,34,,,,,,,,,,,,,,,,,,,,,,,,,,,,,114379,0.22656306624412537
,,,34,,,,,,,,,,,,,,,,,,,,,,,,,,,,,114389,0.008734148927032948
,,,34,,,,,,,,,,,,,,,,,,,,,,,,,,,,,114399,2.0347366333007812
,,,34,,,,,,,,,,,,,,,,,,,,,,,,,,,,,114409,0.01851154863834381
,,,34,,,,,,,,,,,,,,,,,,,,,,,,,,,,,114419,0.05133118852972984
,,,34,,,,,,,,,,,,,,,,,,,,,,,,,,,,,114429,0.005259878933429718
,,,34,,,,,,,,,,,,,,,,,,,,,,,,,,,,,114439,0.0011245226487517357
,,,34,,,,,,,,,,,,,,,,,,,,,,,,,,,,,114449,0.22830109298229218
,,,34,,,,,,,,,,,,,,,,,,,,,,,,,,,,,114459,0.026013299822807312
,,,34,,,,,,,,,,,,,,,,,,,,,,,,,,,,,114469,0.01208113506436348
,,,34,,,,,,,,,,,,,,,,,,,,,,,,,,,,,114479,0.13751555979251862
,,,34,,,,,,,,,,,,,,,,,,,,,,,,,,,,,114489,0.3105618357658386
,,,34,,,,,,,,,,,,,,,,,,,,,,,,,,,,,114499,0.08738390356302261
,,,34,,,,,,,,,,,,,,,,,,,,,,,,,,,,,114509,0.004406189080327749
,,,34,,,,,,,,,,,,,,,,,,,,,,,,,,,,,114519,0.34887388348579407
,,,34,,,,,,,,,,,,,,,,,,,,,,,,,,,,,114529,0.018354268744587898
,,,34,,,,,,,,,,,,,,,,,,,,,,,,,,,,,114539,0.5526983737945557
,,,34,,,,,,,,,,,,,,,,,,,,,,,,,,,,,114549,0.07901464402675629
,,,34,,,,,,,,,,,,,,,,,,,,,,,,,,,,,114559,0.07679871469736099
,,,34,,,,,,,,,,,,,,,,,,,,,,,,,,,,,114569,0.8869539499282837
,,,34,,,,,,,,,,,,,,,,,,,,,,,,,,,,,114579,0.23840844631195068
,,,34,,,,,,,,,,,,,,,,,,,,,,,,,,,,,114589,0.08189234137535095
,,,34,,,,,,,,,,,,,,,,,,,,,,,,,,,,,114599,0.027694569900631905
,,,34,,,,,,,,,,,,,,,,,,,,,,,,,,,,,114609,0.05582045763731003
,,,34,,,,,,,,,,,,,,,,,,,,,,,,,,,,,114619,0.04800741374492645
,,,34,,,,,,,,,,,,,,,,,,,,,,,,,,,,,114629,0.0037346065510064363
,,,34,,,,,,,,,,,,,,,,,,,,,,,,,,,,,114639,0.6107329726219177
,,,34,,,,,,,,,,,,,,,,,,,,,,,,,,,,,114649,0.09750310331583023
,,,34,,,,,,,,,,,,,,,,,,,,,,,,,,,,,114659,0.016979476436972618
,,,34,,,,,,,,,,,,,,,,,,,,,,,,,,,,,114669,0.00403915299102664
,,,34,,,,,,,,,,,,,,,,,,,,,,,,,,,,,114679,0.15357381105422974
,,,34,,,,,,,,,,,,,,,,,,,,,,,,,,,,,114689,0.0117112435400486
,,,34,,,,,,,,,,,,,,,,,,,,,,,,,,,,,114699,0.07265009731054306
,,,34,,,,,,,,,,,,,,,,,,,,,,,,,,,,,114709,0.02278122864663601
,,,34,,,,,,,,,,,,,,,,,,,,,,,,,,,,,114719,0.0037152518052607775
,,,34,,,,,,,,,,,,,,,,,,,,,,,,,,,,,114729,0.00967468786984682
,,,34,,,,,,,,,,,,,,,,,,,,,,,,,,,,,114739,0.46254685521125793
,,,34,,,,,,,,,,,,,,,,,,,,,,,,,,,,,114749,0.006301827263087034
,,,34,,,,,,,,,,,,,,,,,,,,,,,,,,,,,114759,0.3617950677871704
,,,34,,,,,,,,,,,,,,,,,,,,,,,,,,,,,114769,0.14710871875286102
,,,34,,,,,,,,,,,,,,,,,,,,,,,,,,,,,114779,0.004327981732785702
,,,34,,,,,,,,,,,,,,,,,,,,,,,,,,,,,114789,0.003134648548439145
,,,34,,,,,,,,,,,,,,,,,,,,,,,,,,,,,114799,0.1023673340678215
,,,34,,,,,,,,,,,,,,,,,,,,,,,,,,,,,114809,0.15533258020877838
,,,34,,,,,,,,,,,,,,,,,,,,,,,,,,,,,114819,1.5055636167526245
,,,34,,,,,,,,,,,,,,,,,,,,,,,,,,,,,114829,0.019241580739617348
,,,34,,,,,,,,,,,,,,,,,,,,,,,,,,,,,114839,0.021623240783810616
,,,34,,,,,,,,,,,,,,,,,,,,,,,,,,,,,114849,0.01199510507285595
,,,34,,,,,,,,,,,,,,,,,,,,,,,,,,,,,114859,0.3176361620426178
,,,34,,,,,,,,,,,,,,,,,,,,,,,,,,,,,114869,0.017052531242370605
,,,34,,,,,,,,,,,,,,,,,,,,,,,,,,,,,114879,0.1997562199831009
,,,34,,,,,,,,,,,,,,,,,,,,,,,,,,,,,114889,0.0070390840992331505
,,,34,,,,,,,,,,,,,,,,,,,,,,,,,,,,,114899,0.14436183869838715
,,,34,,,,,,,,,,,,,,,,,,,,,,,,,,,,,114909,0.004383796360343695
,,,34,,,,,,,,,,,,,,,,,,,,,,,,,,,,,114919,0.1366448849439621
,,,34,,,,,,,,,,,,,,,,,,,,,,,,,,,,,114929,0.06572657078504562
,,,34,,,,,,,,,,,,,,,,,,,,,,,,,,,,,114939,0.48846864700317383
,,,34,,,,,,,,,,,,,,,,,,,,,,,,,,,,,114949,0.006073283962905407
,,,34,,,,,,,,,,,,,,,,,,,,,,,,,,,,,114959,0.37721046805381775
,,,34,,,,,,,,,,,,,,,,,,,,,,,,,,,,,114969,0.4003167152404785
,,,34,,,,,,,,,,,,,,,,,,,,,,,,,,,,,114979,0.22479571402072906
,,,34,,,,,,,,,,,,,,,,,,,,,,,,,,,,,114989,0.5673990845680237
,,,34,,,,,,,,,,,,,,,,,,,,,,,,,,,,,114999,0.010320121422410011
,,,34,,,,,,,,,,,,,,,,,,,,,,,,,,,,,115009,0.003301542019471526
,,,34,,,,,,,,,,,,,,,,,,,,,,,,,,,,,115019,0.46162939071655273
,,,34,,,,,,,,,,,,,,,,,,,,,,,,,,,,,115029,0.13868573307991028
,,,34,,,,,,,,,,,,,,,,,,,,,,,,,,,,,115039,0.00399534497410059
,,,34,,,,,,,,,,,,,,,,,,,,,,,,,,,,,115049,0.08526254445314407
,,,34,,,,,,,,,,,,,,,,,,,,,,,,,,,,,115059,0.5462103486061096
,,,34,,,,,,,,,,,,,,,,,,,,,,,,,,,,,115069,0.003954722546041012
,,,34,,,,,,,,,,,,,,,,,,,,,,,,,,,,,115079,0.1620381623506546
,,,34,,,,,,,,,,,,,,,,,,,,,,,,,,,,,115089,0.04144793003797531
,,,34,,,,,,,,,,,,,,,,,,,,,,,,,,,,,115099,0.05819430947303772
,,,34,,,,,,,,,,,,,,,,,,,,,,,,,,,,,115109,0.044384509325027466
,,,34,,,,,,,,,,,,,,,,,,,,,,,,,,,,,115119,0.006419909652322531
,,,34,,,,,,,,,,,,,,,,,,,,,,,,,,,,,115129,0.004735732916742563
,,,34,,,,,,,,,,,,,,,,,,,,,,,,,,,,,115139,0.4434362053871155
,,,34,,,,,,,,,,,,,,,,,,,,,,,,,,,,,115149,0.007204752881079912
,,,34,,,,,,,,,,,,,,,,,,,,,,,,,,,,,115159,0.005218145437538624
,,,34,,,,,,,,,,,,,,,,,,,,,,,,,,,,,115169,0.007938516326248646
,,,34,,,,,,,,,,,,,,,,,,,,,,,,,,,,,115179,0.048715222626924515
,,,34,,,,,,,,,,,,,,,,,,,,,,,,,,,,,115189,0.21111975610256195
,,,34,,,,,,,,,,,,,,,,,,,,,,,,,,,,,115199,0.007523105479776859
,,,34,,,,,,,,,,,,,,,,,,,,,,,,,,,,,115209,0.06128893792629242
,,,34,,,,,,,,,,,,,,,,,,,,,,,,,,,,,115219,0.02596576325595379
,,,34,,,,,,,,,,,,,,,,,,,,,,,,,,,,,115229,0.23685362935066223
,,,34,,,,,,,,,,,,,,,,,,,,,,,,,,,,,115239,0.005319579504430294
,,,34,,,,,,,,,,,,,,,,,,,,,,,,,,,,,115249,0.004861215595155954
,,,34,,,,,,,,,,,,,,,,,,,,,,,,,,,,,115259,0.18970488011837006
,,,34,,,,,,,,,,,,,,,,,,,,,,,,,,,,,115269,0.3034500479698181
,,,34,,,,,,,,,,,,,,,,,,,,,,,,,,,,,115279,0.06376397609710693
,,,34,,,,,,,,,,,,,,,,,,,,,,,,,,,,,115289,0.0025781113654375076
,,,34,,,,,,,,,,,,,,,,,,,,,,,,,,,,,115299,0.008210187777876854
,,,34,,,,,,,,,,,,,,,,,,,,,,,,,,,,,115309,0.10899766534566879
,,,34,,,,,,,,,,,,,,,,,,,,,,,,,,,,,115319,0.0021859812550246716
,,,34,,,,,,,,,,,,,,,,,,,,,,,,,,,,,115329,0.02630791626870632
,,,34,,,,,,,,,,,,,,,,,,,,,,,,,,,,,115339,0.027326157316565514
,,,34,,,,,,,,,,,,,,,,,,,,,,,,,,,,,115349,0.1345057338476181
,,,34,,,,,,,,,,,,,,,,,,,,,,,,,,,,,115359,0.002106383675709367
,,,34,,,,,,,,,,,,,,,,,,,,,,,,,,,,,115369,0.07723288238048553
,,,34,,,,,,,,,,,,,,,,,,,,,,,,,,,,,115379,0.07848218083381653
,,,34,,,,,,,,,,,,,,,,,,,,,,,,,,,,,115389,0.008258147165179253
,,,34,,,,,,,,,,,,,,,,,,,,,,,,,,,,,115399,0.04547775536775589
,,,34,,,,,,,,,,,,,,,,,,,,,,,,,,,,,115409,0.39806365966796875
,,,34,,,,,,,,,,,,,,,,,,,,,,,,,,,,,115419,0.10423878580331802
,,,34,,,,,,,,,,,,,,,,,,,,,,,,,,,,,115429,0.006885210517793894
,,,34,,,,,,,,,,,,,,,,,,,,,,,,,,,,,115439,0.11320628225803375
,,,34,,,,,,,,,,,,,,,,,,,,,,,,,,,,,115449,0.18008393049240112
,,,34,,,,,,,,,,,,,,,,,,,,,,,,,,,,,115459,0.008422698825597763
,,,34,,,,,,,,,,,,,,,,,,,,,,,,,,,,,115469,0.0904911607503891
,,,34,,,,,,,,,,,,,,,,,,,,,,,,,,,,,115479,0.01056607998907566
,,,34,,,,,,,,,,,,,,,,,,,,,,,,,,,,,115489,0.031502507627010345
,,,34,,,,,,,,,,,,,,,,,,,,,,,,,,,,,115499,0.206161230802536
,,,34,,,,,,,,,,,,,,,,,,,,,,,,,,,,,115509,0.10546310245990753
,,,34,,,,,,,,,,,,,,,,,,,,,,,,,,,,,115519,0.5028893947601318
,,,34,,,,,,,,,,,,,,,,,,,,,,,,,,,,,115529,0.3895975351333618
,,,34,,,,,,,,,,,,,,,,,,,,,,,,,,,,,115539,0.012711122632026672
,,,34,,,,,,,,,,,,,,,,,,,,,,,,,,,,,115549,0.030549293383955956
,,,34,,,,,,,,,,,,,,,,,,,,,,,,,,,,,115559,0.33746102452278137
,,,34,,,,,,,,,,,,,,,,,,,,,,,,,,,,,115569,0.023447686806321144
,,,34,,,,,,,,,,,,,,,,,,,,,,,,,,,,,115579,0.013988683931529522
,,,34,,,,,,,,,,,,,,,,,,,,,,,,,,,,,115589,0.010186908766627312
,,,34,,,,,,,,,,,,,,,,,,,,,,,,,,,,,115599,0.056075919419527054
,,,34,,,,,,,,,,,,,,,,,,,,,,,,,,,,,115609,0.004189814906567335
,,,34,,,,,,,,,,,,,,,,,,,,,,,,,,,,,115619,0.018236475065350533
,,,34,,,,,,,,,,,,,,,,,,,,,,,,,,,,,115629,0.01312665082514286
,,,34,,,,,,,,,,,,,,,,,,,,,,,,,,,,,115639,0.02536485530436039
,,,34,,,,,,,,,,,,,,,,,,,,,,,,,,,,,115649,0.03574427589774132
,,,34,,,,,,,,,,,,,,,,,,,,,,,,,,,,,115659,0.5002314448356628
,,,34,,,,,,,,,,,,,,,,,,,,,,,,,,,,,115669,0.07127286493778229
,,,34,,,,,,,,,,,,,,,,,,,,,,,,,,,,,115679,2.3956573009490967
,,,34,,,,,,,,,,,,,,,,,,,,,,,,,,,,,115689,0.027670910581946373
,,,34,,,,,,,,,,,,,,,,,,,,,,,,,,,,,115699,0.012327062897384167
,,,34,,,,,,,,,,,,,,,,,,,,,,,,,,,,,115709,0.05381293222308159
,,,34,,,,,,,,,,,,,,,,,,,,,,,,,,,,,115719,0.005918600596487522
,,,34,,,,,,,,,,,,,,,,,,,,,,,,,,,,,115729,0.9152640700340271
,,,34,,,,,,,,,,,,,,,,,,,,,,,,,,,,,115739,0.005978898145258427
,,,34,,,,,,,,,,,,,,,,,,,,,,,,,,,,,115749,0.064193956553936
,,,34,,,,,,,,,,,,,,,,,,,,,,,,,,,,,115759,0.01826087385416031
,,,34,,,,,,,,,,,,,,,,,,,,,,,,,,,,,115769,0.013042514212429523
,,,34,,,,,,,,,,,,,,,,,,,,,,,,,,,,,115779,0.045010242611169815
,,,34,,,,,,,,,,,,,,,,,,,,,,,,,,,,,115789,0.3601543605327606
,,,34,,,,,,,,,,,,,,,,,,,,,,,,,,,,,115799,0.19602984189987183
,,,34,,,,,,,,,,,,,,,,,,,,,,,,,,,,,115809,0.05361611023545265
,,,34,,,,,,,,,,,,,,,,,,,,,,,,,,,,,115819,0.11350693553686142
,,,34,,,,,,,,,,,,,,,,,,,,,,,,,,,,,115829,0.7421183586120605
,,,34,,,,,,,,,,,,,,,,,,,,,,,,,,,,,115839,0.41625985503196716
,,,34,,,,,,,,,,,,,,,,,,,,,,,,,,,,,115849,0.06962554901838303
0.86412513256073,0.8735178112983704,0.8549323081970215,34,,,,,,,,,,,,,,,,,,,,,,,,,,,,,115850,
,,,,1.4220022657764295e-07,7.966120322265632e-07,1.225556972656251e-06,1.225556972656251e-06,1.8854722656250013e-06,1.8854722656250013e-06,2.900726562500002e-06,2.900726562500002e-06,4.4626562500000025e-06,4.4626562500000025e-06,6.865625000000004e-06,1.4220022657764295e-07,6.865625000000004e-06,1.0562500000000006e-05,1.0562500000000006e-05,1.625000000000001e-05,1.625000000000001e-05,2.500000000000001e-05,2.500000000000001e-05,2.500000000000001e-05,2.500000000000001e-05,2.187695793502199e-07,2.187695793502199e-07,3.3656858361572296e-07,3.3656858361572296e-07,5.17797820947266e-07,5.17797820947266e-07,7.966120322265632e-07,115851,
,,,35,,,,,,,,,,,,,,,,,,,,,,,,,,,,,115859,0.05624057725071907
,,,35,,,,,,,,,,,,,,,,,,,,,,,,,,,,,115869,0.11140983551740646
,,,35,,,,,,,,,,,,,,,,,,,,,,,,,,,,,115879,0.07218683511018753
,,,35,,,,,,,,,,,,,,,,,,,,,,,,,,,,,115889,0.08998657763004303
,,,35,,,,,,,,,,,,,,,,,,,,,,,,,,,,,115899,0.01815565675497055
,,,35,,,,,,,,,,,,,,,,,,,,,,,,,,,,,115909,0.006047999020665884
,,,35,,,,,,,,,,,,,,,,,,,,,,,,,,,,,115919,0.5175365209579468
,,,35,,,,,,,,,,,,,,,,,,,,,,,,,,,,,115929,0.8353966474533081
,,,35,,,,,,,,,,,,,,,,,,,,,,,,,,,,,115939,1.103787899017334
,,,35,,,,,,,,,,,,,,,,,,,,,,,,,,,,,115949,0.010758809745311737
,,,35,,,,,,,,,,,,,,,,,,,,,,,,,,,,,115959,0.004067867528647184
,,,35,,,,,,,,,,,,,,,,,,,,,,,,,,,,,115969,0.054194312542676926
,,,35,,,,,,,,,,,,,,,,,,,,,,,,,,,,,115979,0.8146699070930481
,,,35,,,,,,,,,,,,,,,,,,,,,,,,,,,,,115989,0.008278090506792068
,,,35,,,,,,,,,,,,,,,,,,,,,,,,,,,,,115999,0.1326676309108734
,,,35,,,,,,,,,,,,,,,,,,,,,,,,,,,,,116009,0.16710522770881653
,,,35,,,,,,,,,,,,,,,,,,,,,,,,,,,,,116019,0.07519757747650146
,,,35,,,,,,,,,,,,,,,,,,,,,,,,,,,,,116029,0.5352508425712585
,,,35,,,,,,,,,,,,,,,,,,,,,,,,,,,,,116039,0.03427198901772499
,,,35,,,,,,,,,,,,,,,,,,,,,,,,,,,,,116049,0.012926260009407997
,,,35,,,,,,,,,,,,,,,,,,,,,,,,,,,,,116059,0.01222843024879694
,,,35,,,,,,,,,,,,,,,,,,,,,,,,,,,,,116069,0.21842169761657715
,,,35,,,,,,,,,,,,,,,,,,,,,,,,,,,,,116079,0.014519850723445415
,,,35,,,,,,,,,,,,,,,,,,,,,,,,,,,,,116089,0.6826158761978149
,,,35,,,,,,,,,,,,,,,,,,,,,,,,,,,,,116099,0.020907005295157433
,,,35,,,,,,,,,,,,,,,,,,,,,,,,,,,,,116109,0.011530081741511822
,,,35,,,,,,,,,,,,,,,,,,,,,,,,,,,,,116119,0.0021243568044155836
,,,35,,,,,,,,,,,,,,,,,,,,,,,,,,,,,116129,0.2139659821987152
,,,35,,,,,,,,,,,,,,,,,,,,,,,,,,,,,116139,0.08370155841112137
,,,35,,,,,,,,,,,,,,,,,,,,,,,,,,,,,116149,0.5267293453216553
,,,35,,,,,,,,,,,,,,,,,,,,,,,,,,,,,116159,0.08253811299800873
,,,35,,,,,,,,,,,,,,,,,,,,,,,,,,,,,116169,0.008358829654753208
,,,35,,,,,,,,,,,,,,,,,,,,,,,,,,,,,116179,0.061219196766614914
,,,35,,,,,,,,,,,,,,,,,,,,,,,,,,,,,116189,0.19996754825115204
,,,35,,,,,,,,,,,,,,,,,,,,,,,,,,,,,116199,0.008808189071714878
,,,35,,,,,,,,,,,,,,,,,,,,,,,,,,,,,116209,0.007688106968998909
,,,35,,,,,,,,,,,,,,,,,,,,,,,,,,,,,116219,0.004232942126691341
,,,35,,,,,,,,,,,,,,,,,,,,,,,,,,,,,116229,0.43390652537345886
,,,35,,,,,,,,,,,,,,,,,,,,,,,,,,,,,116239,0.7802816033363342
,,,35,,,,,,,,,,,,,,,,,,,,,,,,,,,,,116249,0.0979112908244133
,,,35,,,,,,,,,,,,,,,,,,,,,,,,,,,,,116259,0.020916355773806572
,,,35,,,,,,,,,,,,,,,,,,,,,,,,,,,,,116269,0.37976887822151184
,,,35,,,,,,,,,,,,,,,,,,,,,,,,,,,,,116279,0.12251365929841995
,,,35,,,,,,,,,,,,,,,,,,,,,,,,,,,,,116289,0.012669187970459461
,,,35,,,,,,,,,,,,,,,,,,,,,,,,,,,,,116299,0.09474913775920868
,,,35,,,,,,,,,,,,,,,,,,,,,,,,,,,,,116309,0.011049166321754456
,,,35,,,,,,,,,,,,,,,,,,,,,,,,,,,,,116319,0.0862160176038742
,,,35,,,,,,,,,,,,,,,,,,,,,,,,,,,,,116329,0.008657786063849926
,,,35,,,,,,,,,,,,,,,,,,,,,,,,,,,,,116339,0.4362988770008087
,,,35,,,,,,,,,,,,,,,,,,,,,,,,,,,,,116349,0.0395367294549942
,,,35,,,,,,,,,,,,,,,,,,,,,,,,,,,,,116359,0.4851696789264679
,,,35,,,,,,,,,,,,,,,,,,,,,,,,,,,,,116369,0.003990726545453072
,,,35,,,,,,,,,,,,,,,,,,,,,,,,,,,,,116379,0.013146372511982918
,,,35,,,,,,,,,,,,,,,,,,,,,,,,,,,,,116389,0.7391703128814697
,,,35,,,,,,,,,,,,,,,,,,,,,,,,,,,,,116399,0.04569576308131218
,,,35,,,,,,,,,,,,,,,,,,,,,,,,,,,,,116409,0.02602642960846424
,,,35,,,,,,,,,,,,,,,,,,,,,,,,,,,,,116419,0.06770237535238266
,,,35,,,,,,,,,,,,,,,,,,,,,,,,,,,,,116429,0.02992950566112995
,,,35,,,,,,,,,,,,,,,,,,,,,,,,,,,,,116439,0.18616780638694763
,,,35,,,,,,,,,,,,,,,,,,,,,,,,,,,,,116449,0.0017765798838809133
,,,35,,,,,,,,,,,,,,,,,,,,,,,,,,,,,116459,0.16183732450008392
,,,35,,,,,,,,,,,,,,,,,,,,,,,,,,,,,116469,0.005308631341904402
,,,35,,,,,,,,,,,,,,,,,,,,,,,,,,,,,116479,0.24087397754192352
,,,35,,,,,,,,,,,,,,,,,,,,,,,,,,,,,116489,0.007001662161201239
,,,35,,,,,,,,,,,,,,,,,,,,,,,,,,,,,116499,0.03358614444732666
,,,35,,,,,,,,,,,,,,,,,,,,,,,,,,,,,116509,0.0075506228022277355
,,,35,,,,,,,,,,,,,,,,,,,,,,,,,,,,,116519,0.05912267416715622
,,,35,,,,,,,,,,,,,,,,,,,,,,,,,,,,,116529,0.18584993481636047
,,,35,,,,,,,,,,,,,,,,,,,,,,,,,,,,,116539,0.005832324270159006
,,,35,,,,,,,,,,,,,,,,,,,,,,,,,,,,,116549,0.11170003563165665
,,,35,,,,,,,,,,,,,,,,,,,,,,,,,,,,,116559,0.23510712385177612
,,,35,,,,,,,,,,,,,,,,,,,,,,,,,,,,,116569,0.05002525448799133
,,,35,,,,,,,,,,,,,,,,,,,,,,,,,,,,,116579,0.015182102099061012
,,,35,,,,,,,,,,,,,,,,,,,,,,,,,,,,,116589,0.38866981863975525
,,,35,,,,,,,,,,,,,,,,,,,,,,,,,,,,,116599,0.2712286412715912
,,,35,,,,,,,,,,,,,,,,,,,,,,,,,,,,,116609,0.6168084144592285
,,,35,,,,,,,,,,,,,,,,,,,,,,,,,,,,,116619,0.029572436586022377
,,,35,,,,,,,,,,,,,,,,,,,,,,,,,,,,,116629,0.10579696297645569
,,,35,,,,,,,,,,,,,,,,,,,,,,,,,,,,,116639,0.5066142082214355
,,,35,,,,,,,,,,,,,,,,,,,,,,,,,,,,,116649,0.16510510444641113
,,,35,,,,,,,,,,,,,,,,,,,,,,,,,,,,,116659,0.005335609428584576
,,,35,,,,,,,,,,,,,,,,,,,,,,,,,,,,,116669,1.0178015232086182
,,,35,,,,,,,,,,,,,,,,,,,,,,,,,,,,,116679,0.4303230345249176
,,,35,,,,,,,,,,,,,,,,,,,,,,,,,,,,,116689,0.0586349219083786
,,,35,,,,,,,,,,,,,,,,,,,,,,,,,,,,,116699,0.06405330449342728
,,,35,,,,,,,,,,,,,,,,,,,,,,,,,,,,,116709,0.06788872927427292
,,,35,,,,,,,,,,,,,,,,,,,,,,,,,,,,,116719,0.01721731573343277
,,,35,,,,,,,,,,,,,,,,,,,,,,,,,,,,,116729,0.03965449705719948
,,,35,,,,,,,,,,,,,,,,,,,,,,,,,,,,,116739,0.0019430245738476515
,,,35,,,,,,,,,,,,,,,,,,,,,,,,,,,,,116749,0.5493494272232056
,,,35,,,,,,,,,,,,,,,,,,,,,,,,,,,,,116759,0.2571621239185333
,,,35,,,,,,,,,,,,,,,,,,,,,,,,,,,,,116769,1.2930840253829956
,,,35,,,,,,,,,,,,,,,,,,,,,,,,,,,,,116779,0.7562048435211182
,,,35,,,,,,,,,,,,,,,,,,,,,,,,,,,,,116789,0.027232641354203224
,,,35,,,,,,,,,,,,,,,,,,,,,,,,,,,,,116799,0.9107930660247803
,,,35,,,,,,,,,,,,,,,,,,,,,,,,,,,,,116809,0.009358278475701809
,,,35,,,,,,,,,,,,,,,,,,,,,,,,,,,,,116819,0.0781950056552887
,,,35,,,,,,,,,,,,,,,,,,,,,,,,,,,,,116829,0.6979802250862122
,,,35,,,,,,,,,,,,,,,,,,,,,,,,,,,,,116839,1.016842007637024
,,,35,,,,,,,,,,,,,,,,,,,,,,,,,,,,,116849,0.9528719186782837
,,,35,,,,,,,,,,,,,,,,,,,,,,,,,,,,,116859,0.21267759799957275
,,,35,,,,,,,,,,,,,,,,,,,,,,,,,,,,,116869,0.4385709762573242
,,,35,,,,,,,,,,,,,,,,,,,,,,,,,,,,,116879,0.23240409791469574
,,,35,,,,,,,,,,,,,,,,,,,,,,,,,,,,,116889,0.19594387710094452
,,,35,,,,,,,,,,,,,,,,,,,,,,,,,,,,,116899,0.2820288836956024
,,,35,,,,,,,,,,,,,,,,,,,,,,,,,,,,,116909,0.6158080101013184
,,,35,,,,,,,,,,,,,,,,,,,,,,,,,,,,,116919,0.005497293546795845
,,,35,,,,,,,,,,,,,,,,,,,,,,,,,,,,,116929,0.021128341555595398
,,,35,,,,,,,,,,,,,,,,,,,,,,,,,,,,,116939,0.08245313912630081
,,,35,,,,,,,,,,,,,,,,,,,,,,,,,,,,,116949,0.031945839524269104
,,,35,,,,,,,,,,,,,,,,,,,,,,,,,,,,,116959,0.04302746802568436
,,,35,,,,,,,,,,,,,,,,,,,,,,,,,,,,,116969,0.03696092218160629
,,,35,,,,,,,,,,,,,,,,,,,,,,,,,,,,,116979,0.022240590304136276
,,,35,,,,,,,,,,,,,,,,,,,,,,,,,,,,,116989,0.04268066957592964
,,,35,,,,,,,,,,,,,,,,,,,,,,,,,,,,,116999,0.01534006092697382
,,,35,,,,,,,,,,,,,,,,,,,,,,,,,,,,,117009,0.06956030428409576
,,,35,,,,,,,,,,,,,,,,,,,,,,,,,,,,,117019,0.27787238359451294
,,,35,,,,,,,,,,,,,,,,,,,,,,,,,,,,,117029,0.647967517375946
,,,35,,,,,,,,,,,,,,,,,,,,,,,,,,,,,117039,0.2531164586544037
,,,35,,,,,,,,,,,,,,,,,,,,,,,,,,,,,117049,0.002592443022876978
,,,35,,,,,,,,,,,,,,,,,,,,,,,,,,,,,117059,0.008271780796349049
,,,35,,,,,,,,,,,,,,,,,,,,,,,,,,,,,117069,0.2877197861671448
,,,35,,,,,,,,,,,,,,,,,,,,,,,,,,,,,117079,0.4133363366127014
,,,35,,,,,,,,,,,,,,,,,,,,,,,,,,,,,117089,0.0073346639983356
,,,35,,,,,,,,,,,,,,,,,,,,,,,,,,,,,117099,0.5568302869796753
,,,35,,,,,,,,,,,,,,,,,,,,,,,,,,,,,117109,0.23668953776359558
,,,35,,,,,,,,,,,,,,,,,,,,,,,,,,,,,117119,0.009374560788273811
,,,35,,,,,,,,,,,,,,,,,,,,,,,,,,,,,117129,0.10050150752067566
,,,35,,,,,,,,,,,,,,,,,,,,,,,,,,,,,117139,0.031403977423906326
,,,35,,,,,,,,,,,,,,,,,,,,,,,,,,,,,117149,0.02053561806678772
,,,35,,,,,,,,,,,,,,,,,,,,,,,,,,,,,117159,0.027205854654312134
,,,35,,,,,,,,,,,,,,,,,,,,,,,,,,,,,117169,0.20359985530376434
,,,35,,,,,,,,,,,,,,,,,,,,,,,,,,,,,117179,0.04171619936823845
,,,35,,,,,,,,,,,,,,,,,,,,,,,,,,,,,117189,0.011289482936263084
,,,35,,,,,,,,,,,,,,,,,,,,,,,,,,,,,117199,0.8141503930091858
,,,35,,,,,,,,,,,,,,,,,,,,,,,,,,,,,117209,0.017589526250958443
,,,35,,,,,,,,,,,,,,,,,,,,,,,,,,,,,117219,0.4886282980442047
,,,35,,,,,,,,,,,,,,,,,,,,,,,,,,,,,117229,0.5525563955307007
,,,35,,,,,,,,,,,,,,,,,,,,,,,,,,,,,117239,0.016448115929961205
,,,35,,,,,,,,,,,,,,,,,,,,,,,,,,,,,117249,0.4999949336051941
,,,35,,,,,,,,,,,,,,,,,,,,,,,,,,,,,117259,0.01597519777715206
,,,35,,,,,,,,,,,,,,,,,,,,,,,,,,,,,117269,0.2238810956478119
,,,35,,,,,,,,,,,,,,,,,,,,,,,,,,,,,117279,0.67206871509552
,,,35,,,,,,,,,,,,,,,,,,,,,,,,,,,,,117289,0.07851267606019974
,,,35,,,,,,,,,,,,,,,,,,,,,,,,,,,,,117299,0.004908961709588766
,,,35,,,,,,,,,,,,,,,,,,,,,,,,,,,,,117309,0.6541584730148315
,,,35,,,,,,,,,,,,,,,,,,,,,,,,,,,,,117319,0.11051790416240692
,,,35,,,,,,,,,,,,,,,,,,,,,,,,,,,,,117329,0.016050148755311966
,,,35,,,,,,,,,,,,,,,,,,,,,,,,,,,,,117339,0.019640756770968437
,,,35,,,,,,,,,,,,,,,,,,,,,,,,,,,,,117349,0.1288081854581833
,,,35,,,,,,,,,,,,,,,,,,,,,,,,,,,,,117359,0.3446221351623535
,,,35,,,,,,,,,,,,,,,,,,,,,,,,,,,,,117369,0.005863948259502649
,,,35,,,,,,,,,,,,,,,,,,,,,,,,,,,,,117379,0.0020111813209950924
,,,35,,,,,,,,,,,,,,,,,,,,,,,,,,,,,117389,0.1836826205253601
,,,35,,,,,,,,,,,,,,,,,,,,,,,,,,,,,117399,0.7468947172164917
,,,35,,,,,,,,,,,,,,,,,,,,,,,,,,,,,117409,0.03411286324262619
,,,35,,,,,,,,,,,,,,,,,,,,,,,,,,,,,117419,0.1545449048280716
,,,35,,,,,,,,,,,,,,,,,,,,,,,,,,,,,117429,0.010817745700478554
,,,35,,,,,,,,,,,,,,,,,,,,,,,,,,,,,117439,0.028086433187127113
,,,35,,,,,,,,,,,,,,,,,,,,,,,,,,,,,117449,0.1889861673116684
,,,35,,,,,,,,,,,,,,,,,,,,,,,,,,,,,117459,0.0279438104480505
,,,35,,,,,,,,,,,,,,,,,,,,,,,,,,,,,117469,0.3066268861293793
,,,35,,,,,,,,,,,,,,,,,,,,,,,,,,,,,117479,1.156001329421997
,,,35,,,,,,,,,,,,,,,,,,,,,,,,,,,,,117489,0.028240451589226723
,,,35,,,,,,,,,,,,,,,,,,,,,,,,,,,,,117499,0.05844329670071602
,,,35,,,,,,,,,,,,,,,,,,,,,,,,,,,,,117509,1.3584439754486084
,,,35,,,,,,,,,,,,,,,,,,,,,,,,,,,,,117519,0.30006396770477295
,,,35,,,,,,,,,,,,,,,,,,,,,,,,,,,,,117529,0.11660271137952805
,,,35,,,,,,,,,,,,,,,,,,,,,,,,,,,,,117539,0.18991167843341827
,,,35,,,,,,,,,,,,,,,,,,,,,,,,,,,,,117549,0.519189715385437
,,,35,,,,,,,,,,,,,,,,,,,,,,,,,,,,,117559,0.06061886250972748
,,,35,,,,,,,,,,,,,,,,,,,,,,,,,,,,,117569,0.05494364723563194
,,,35,,,,,,,,,,,,,,,,,,,,,,,,,,,,,117579,0.1952633559703827
,,,35,,,,,,,,,,,,,,,,,,,,,,,,,,,,,117589,0.5140670537948608
,,,35,,,,,,,,,,,,,,,,,,,,,,,,,,,,,117599,0.10853961110115051
,,,35,,,,,,,,,,,,,,,,,,,,,,,,,,,,,117609,0.03030496835708618
,,,35,,,,,,,,,,,,,,,,,,,,,,,,,,,,,117619,0.06734839081764221
,,,35,,,,,,,,,,,,,,,,,,,,,,,,,,,,,117629,0.0333843007683754
,,,35,,,,,,,,,,,,,,,,,,,,,,,,,,,,,117639,0.3260267972946167
,,,35,,,,,,,,,,,,,,,,,,,,,,,,,,,,,117649,0.008049925789237022
,,,35,,,,,,,,,,,,,,,,,,,,,,,,,,,,,117659,0.5672729015350342
,,,35,,,,,,,,,,,,,,,,,,,,,,,,,,,,,117669,0.015482156537473202
,,,35,,,,,,,,,,,,,,,,,,,,,,,,,,,,,117679,0.009173153899610043
,,,35,,,,,,,,,,,,,,,,,,,,,,,,,,,,,117689,0.03850841149687767
,,,35,,,,,,,,,,,,,,,,,,,,,,,,,,,,,117699,0.005055568180978298
,,,35,,,,,,,,,,,,,,,,,,,,,,,,,,,,,117709,0.039573680609464645
,,,35,,,,,,,,,,,,,,,,,,,,,,,,,,,,,117719,0.01283368468284607
,,,35,,,,,,,,,,,,,,,,,,,,,,,,,,,,,117729,0.3279806673526764
,,,35,,,,,,,,,,,,,,,,,,,,,,,,,,,,,117739,0.028181811794638634
,,,35,,,,,,,,,,,,,,,,,,,,,,,,,,,,,117749,0.3534759283065796
,,,35,,,,,,,,,,,,,,,,,,,,,,,,,,,,,117759,0.0038267518393695354
,,,35,,,,,,,,,,,,,,,,,,,,,,,,,,,,,117769,0.029202481731772423
,,,35,,,,,,,,,,,,,,,,,,,,,,,,,,,,,117779,0.005694672465324402
,,,35,,,,,,,,,,,,,,,,,,,,,,,,,,,,,117789,0.039784736931324005
,,,35,,,,,,,,,,,,,,,,,,,,,,,,,,,,,117799,0.03862234950065613
,,,35,,,,,,,,,,,,,,,,,,,,,,,,,,,,,117809,0.018200162798166275
,,,35,,,,,,,,,,,,,,,,,,,,,,,,,,,,,117819,0.034133441746234894
,,,35,,,,,,,,,,,,,,,,,,,,,,,,,,,,,117829,0.008411185815930367
,,,35,,,,,,,,,,,,,,,,,,,,,,,,,,,,,117839,0.43716904520988464
,,,35,,,,,,,,,,,,,,,,,,,,,,,,,,,,,117849,0.009441578760743141
,,,35,,,,,,,,,,,,,,,,,,,,,,,,,,,,,117859,0.0190263818949461
,,,35,,,,,,,,,,,,,,,,,,,,,,,,,,,,,117869,0.02602935954928398
,,,35,,,,,,,,,,,,,,,,,,,,,,,,,,,,,117879,0.01001235656440258
,,,35,,,,,,,,,,,,,,,,,,,,,,,,,,,,,117889,0.07893187552690506
,,,35,,,,,,,,,,,,,,,,,,,,,,,,,,,,,117899,0.008435295894742012
,,,35,,,,,,,,,,,,,,,,,,,,,,,,,,,,,117909,0.4080105125904083
,,,35,,,,,,,,,,,,,,,,,,,,,,,,,,,,,117919,2.2600090503692627
,,,35,,,,,,,,,,,,,,,,,,,,,,,,,,,,,117929,0.007571112830191851
,,,35,,,,,,,,,,,,,,,,,,,,,,,,,,,,,117939,0.021080458536744118
,,,35,,,,,,,,,,,,,,,,,,,,,,,,,,,,,117949,0.2609853744506836
,,,35,,,,,,,,,,,,,,,,,,,,,,,,,,,,,117959,0.0575496144592762
,,,35,,,,,,,,,,,,,,,,,,,,,,,,,,,,,117969,0.044768400490283966
,,,35,,,,,,,,,,,,,,,,,,,,,,,,,,,,,117979,0.025240931659936905
,,,35,,,,,,,,,,,,,,,,,,,,,,,,,,,,,117989,0.013097665272653103
,,,35,,,,,,,,,,,,,,,,,,,,,,,,,,,,,117999,0.019705940037965775
,,,35,,,,,,,,,,,,,,,,,,,,,,,,,,,,,118009,0.1662224531173706
,,,35,,,,,,,,,,,,,,,,,,,,,,,,,,,,,118019,0.1338055431842804
,,,35,,,,,,,,,,,,,,,,,,,,,,,,,,,,,118029,0.5235880017280579
,,,35,,,,,,,,,,,,,,,,,,,,,,,,,,,,,118039,0.3800482749938965
,,,35,,,,,,,,,,,,,,,,,,,,,,,,,,,,,118049,0.005927931983023882
,,,35,,,,,,,,,,,,,,,,,,,,,,,,,,,,,118059,0.14475658535957336
,,,35,,,,,,,,,,,,,,,,,,,,,,,,,,,,,118069,0.04580510035157204
,,,35,,,,,,,,,,,,,,,,,,,,,,,,,,,,,118079,0.004221698269248009
,,,35,,,,,,,,,,,,,,,,,,,,,,,,,,,,,118089,0.20199434459209442
,,,35,,,,,,,,,,,,,,,,,,,,,,,,,,,,,118099,0.0051787798292934895
,,,35,,,,,,,,,,,,,,,,,,,,,,,,,,,,,118109,0.056587472558021545
,,,35,,,,,,,,,,,,,,,,,,,,,,,,,,,,,118119,1.2349332571029663
,,,35,,,,,,,,,,,,,,,,,,,,,,,,,,,,,118129,0.0041694180108606815
,,,35,,,,,,,,,,,,,,,,,,,,,,,,,,,,,118139,0.17980946600437164
,,,35,,,,,,,,,,,,,,,,,,,,,,,,,,,,,118149,0.4637746810913086
,,,35,,,,,,,,,,,,,,,,,,,,,,,,,,,,,118159,0.28854119777679443
,,,35,,,,,,,,,,,,,,,,,,,,,,,,,,,,,118169,0.05054803565144539
,,,35,,,,,,,,,,,,,,,,,,,,,,,,,,,,,118179,0.042343560606241226
,,,35,,,,,,,,,,,,,,,,,,,,,,,,,,,,,118189,0.03149380907416344
,,,35,,,,,,,,,,,,,,,,,,,,,,,,,,,,,118199,0.30309009552001953
,,,35,,,,,,,,,,,,,,,,,,,,,,,,,,,,,118209,0.5166976451873779
,,,35,,,,,,,,,,,,,,,,,,,,,,,,,,,,,118219,0.1432788074016571
,,,35,,,,,,,,,,,,,,,,,,,,,,,,,,,,,118229,0.003908935468643904
,,,35,,,,,,,,,,,,,,,,,,,,,,,,,,,,,118239,0.4114474654197693
,,,35,,,,,,,,,,,,,,,,,,,,,,,,,,,,,118249,0.05468863621354103
,,,35,,,,,,,,,,,,,,,,,,,,,,,,,,,,,118259,0.19778920710086823
,,,35,,,,,,,,,,,,,,,,,,,,,,,,,,,,,118269,0.6771827936172485
,,,35,,,,,,,,,,,,,,,,,,,,,,,,,,,,,118279,0.012362400069832802
,,,35,,,,,,,,,,,,,,,,,,,,,,,,,,,,,118289,0.014901429414749146
,,,35,,,,,,,,,,,,,,,,,,,,,,,,,,,,,118299,0.00357968732714653
,,,35,,,,,,,,,,,,,,,,,,,,,,,,,,,,,118309,0.05206993222236633
,,,35,,,,,,,,,,,,,,,,,,,,,,,,,,,,,118319,0.10773805528879166
,,,35,,,,,,,,,,,,,,,,,,,,,,,,,,,,,118329,0.04956929013133049
,,,35,,,,,,,,,,,,,,,,,,,,,,,,,,,,,118339,0.25888791680336
,,,35,,,,,,,,,,,,,,,,,,,,,,,,,,,,,118349,0.009958507493138313
,,,35,,,,,,,,,,,,,,,,,,,,,,,,,,,,,118359,0.004738889168947935
,,,35,,,,,,,,,,,,,,,,,,,,,,,,,,,,,118369,0.01655169576406479
,,,35,,,,,,,,,,,,,,,,,,,,,,,,,,,,,118379,0.09805197268724442
,,,35,,,,,,,,,,,,,,,,,,,,,,,,,,,,,118389,0.05240156874060631
,,,35,,,,,,,,,,,,,,,,,,,,,,,,,,,,,118399,0.18345534801483154
,,,35,,,,,,,,,,,,,,,,,,,,,,,,,,,,,118409,0.003504993161186576
,,,35,,,,,,,,,,,,,,,,,,,,,,,,,,,,,118419,0.06466753035783768
,,,35,,,,,,,,,,,,,,,,,,,,,,,,,,,,,118429,0.1015629917383194
,,,35,,,,,,,,,,,,,,,,,,,,,,,,,,,,,118439,0.02259541116654873
,,,35,,,,,,,,,,,,,,,,,,,,,,,,,,,,,118449,0.0326436348259449
,,,35,,,,,,,,,,,,,,,,,,,,,,,,,,,,,118459,0.004588070325553417
,,,35,,,,,,,,,,,,,,,,,,,,,,,,,,,,,118469,0.007371263578534126
,,,35,,,,,,,,,,,,,,,,,,,,,,,,,,,,,118479,0.07039304822683334
,,,35,,,,,,,,,,,,,,,,,,,,,,,,,,,,,118489,0.010060043074190617
,,,35,,,,,,,,,,,,,,,,,,,,,,,,,,,,,118499,0.012043836526572704
,,,35,,,,,,,,,,,,,,,,,,,,,,,,,,,,,118509,0.0030328005086630583
,,,35,,,,,,,,,,,,,,,,,,,,,,,,,,,,,118519,0.0830259844660759
,,,35,,,,,,,,,,,,,,,,,,,,,,,,,,,,,118529,0.013074886053800583
,,,35,,,,,,,,,,,,,,,,,,,,,,,,,,,,,118539,0.6317493319511414
,,,35,,,,,,,,,,,,,,,,,,,,,,,,,,,,,118549,0.10091532766819
,,,35,,,,,,,,,,,,,,,,,,,,,,,,,,,,,118559,0.6172689199447632
,,,35,,,,,,,,,,,,,,,,,,,,,,,,,,,,,118569,0.008025041781365871
,,,35,,,,,,,,,,,,,,,,,,,,,,,,,,,,,118579,0.015327218919992447
,,,35,,,,,,,,,,,,,,,,,,,,,,,,,,,,,118589,0.10130705684423447
,,,35,,,,,,,,,,,,,,,,,,,,,,,,,,,,,118599,0.3352603614330292
,,,35,,,,,,,,,,,,,,,,,,,,,,,,,,,,,118609,0.18794812262058258
,,,35,,,,,,,,,,,,,,,,,,,,,,,,,,,,,118619,0.05220278725028038
,,,35,,,,,,,,,,,,,,,,,,,,,,,,,,,,,118629,0.009708059020340443
,,,35,,,,,,,,,,,,,,,,,,,,,,,,,,,,,118639,0.004567151889204979
,,,35,,,,,,,,,,,,,,,,,,,,,,,,,,,,,118649,0.39066120982170105
,,,35,,,,,,,,,,,,,,,,,,,,,,,,,,,,,118659,0.004592348355799913
,,,35,,,,,,,,,,,,,,,,,,,,,,,,,,,,,118669,0.0665411651134491
,,,35,,,,,,,,,,,,,,,,,,,,,,,,,,,,,118679,0.54969722032547
,,,35,,,,,,,,,,,,,,,,,,,,,,,,,,,,,118689,0.006930207367986441
,,,35,,,,,,,,,,,,,,,,,,,,,,,,,,,,,118699,0.8295539617538452
,,,35,,,,,,,,,,,,,,,,,,,,,,,,,,,,,118709,0.06881225854158401
,,,35,,,,,,,,,,,,,,,,,,,,,,,,,,,,,118719,0.1780158281326294
,,,35,,,,,,,,,,,,,,,,,,,,,,,,,,,,,118729,0.1926226019859314
,,,35,,,,,,,,,,,,,,,,,,,,,,,,,,,,,118739,0.012426409870386124
,,,35,,,,,,,,,,,,,,,,,,,,,,,,,,,,,118749,0.013861684128642082
,,,35,,,,,,,,,,,,,,,,,,,,,,,,,,,,,118759,0.16052184998989105
,,,35,,,,,,,,,,,,,,,,,,,,,,,,,,,,,118769,0.008342182263731956
,,,35,,,,,,,,,,,,,,,,,,,,,,,,,,,,,118779,0.41778019070625305
,,,35,,,,,,,,,,,,,,,,,,,,,,,,,,,,,118789,0.051895759999752045
,,,35,,,,,,,,,,,,,,,,,,,,,,,,,,,,,118799,0.027206113561987877
,,,35,,,,,,,,,,,,,,,,,,,,,,,,,,,,,118809,0.016664421185851097
,,,35,,,,,,,,,,,,,,,,,,,,,,,,,,,,,118819,0.008770767599344254
,,,35,,,,,,,,,,,,,,,,,,,,,,,,,,,,,118829,0.3468378484249115
,,,35,,,,,,,,,,,,,,,,,,,,,,,,,,,,,118839,0.08188731223344803
,,,35,,,,,,,,,,,,,,,,,,,,,,,,,,,,,118849,0.013623323291540146
,,,35,,,,,,,,,,,,,,,,,,,,,,,,,,,,,118859,0.10321923345327377
,,,35,,,,,,,,,,,,,,,,,,,,,,,,,,,,,118869,0.28827688097953796
,,,35,,,,,,,,,,,,,,,,,,,,,,,,,,,,,118879,0.11349299550056458
,,,35,,,,,,,,,,,,,,,,,,,,,,,,,,,,,118889,0.005287179257720709
,,,35,,,,,,,,,,,,,,,,,,,,,,,,,,,,,118899,0.19078519940376282
,,,35,,,,,,,,,,,,,,,,,,,,,,,,,,,,,118909,0.3268330693244934
,,,35,,,,,,,,,,,,,,,,,,,,,,,,,,,,,118919,0.004478168208152056
,,,35,,,,,,,,,,,,,,,,,,,,,,,,,,,,,118929,0.19643372297286987
,,,35,,,,,,,,,,,,,,,,,,,,,,,,,,,,,118939,0.035705212503671646
,,,35,,,,,,,,,,,,,,,,,,,,,,,,,,,,,118949,0.14816175401210785
,,,35,,,,,,,,,,,,,,,,,,,,,,,,,,,,,118959,0.008187512867152691
,,,35,,,,,,,,,,,,,,,,,,,,,,,,,,,,,118969,0.06877109408378601
,,,35,,,,,,,,,,,,,,,,,,,,,,,,,,,,,118979,0.05709761008620262
,,,35,,,,,,,,,,,,,,,,,,,,,,,,,,,,,118989,0.30051901936531067
,,,35,,,,,,,,,,,,,,,,,,,,,,,,,,,,,118999,0.025193030014634132
,,,35,,,,,,,,,,,,,,,,,,,,,,,,,,,,,119009,0.013778537511825562
,,,35,,,,,,,,,,,,,,,,,,,,,,,,,,,,,119019,0.46265456080436707
,,,35,,,,,,,,,,,,,,,,,,,,,,,,,,,,,119029,0.009884600527584553
,,,35,,,,,,,,,,,,,,,,,,,,,,,,,,,,,119039,0.09388308972120285
,,,35,,,,,,,,,,,,,,,,,,,,,,,,,,,,,119049,0.06969592720270157
,,,35,,,,,,,,,,,,,,,,,,,,,,,,,,,,,119059,0.33818456530570984
,,,35,,,,,,,,,,,,,,,,,,,,,,,,,,,,,119069,0.06929203122854233
,,,35,,,,,,,,,,,,,,,,,,,,,,,,,,,,,119079,0.37262803316116333
,,,35,,,,,,,,,,,,,,,,,,,,,,,,,,,,,119089,0.05334940925240517
,,,35,,,,,,,,,,,,,,,,,,,,,,,,,,,,,119099,0.00447522196918726
,,,35,,,,,,,,,,,,,,,,,,,,,,,,,,,,,119109,0.04974547028541565
,,,35,,,,,,,,,,,,,,,,,,,,,,,,,,,,,119119,0.40037256479263306
,,,35,,,,,,,,,,,,,,,,,,,,,,,,,,,,,119129,0.30476516485214233
,,,35,,,,,,,,,,,,,,,,,,,,,,,,,,,,,119139,0.003936882130801678
,,,35,,,,,,,,,,,,,,,,,,,,,,,,,,,,,119149,0.013658787123858929
,,,35,,,,,,,,,,,,,,,,,,,,,,,,,,,,,119159,0.1441788375377655
,,,,1.2536573800698544e-07,7.023044739721183e-07,1.0804684214955663e-06,1.0804684214955663e-06,1.6622591099931791e-06,1.6622591099931791e-06,2.557321707681814e-06,2.557321707681814e-06,3.934341088741252e-06,3.934341088741252e-06,6.05283244421731e-06,1.2536573800698544e-07,6.05283244421731e-06,9.312049914180477e-06,9.312049914180477e-06,1.4326230637200735e-05,1.4326230637200735e-05,2.2040354826462668e-05,2.2040354826462668e-05,2.2040354826462668e-05,2.2040354826462668e-05,1.9287036616459296e-07,1.9287036616459296e-07,2.9672364025321997e-07,2.9672364025321997e-07,4.564979080818769e-07,4.564979080818769e-07,7.023044739721183e-07,119161,
,,,36,,,,,,,,,,,,,,,,,,,,,,,,,,,,,119169,0.08471062034368515
,,,36,,,,,,,,,,,,,,,,,,,,,,,,,,,,,119179,0.11532366275787354
,,,36,,,,,,,,,,,,,,,,,,,,,,,,,,,,,119189,0.07446762174367905
,,,36,,,,,,,,,,,,,,,,,,,,,,,,,,,,,119199,0.7525980472564697
,,,36,,,,,,,,,,,,,,,,,,,,,,,,,,,,,119209,0.004320978187024593
,,,36,,,,,,,,,,,,,,,,,,,,,,,,,,,,,119219,0.4914330244064331
,,,36,,,,,,,,,,,,,,,,,,,,,,,,,,,,,119229,0.003927459008991718
,,,36,,,,,,,,,,,,,,,,,,,,,,,,,,,,,119239,0.22004839777946472
,,,36,,,,,,,,,,,,,,,,,,,,,,,,,,,,,119249,0.4000288248062134
,,,36,,,,,,,,,,,,,,,,,,,,,,,,,,,,,119259,0.5393781065940857
,,,36,,,,,,,,,,,,,,,,,,,,,,,,,,,,,119269,0.006965592969208956
,,,36,,,,,,,,,,,,,,,,,,,,,,,,,,,,,119279,0.017547108232975006
,,,36,,,,,,,,,,,,,,,,,,,,,,,,,,,,,119289,0.015893535688519478
,,,36,,,,,,,,,,,,,,,,,,,,,,,,,,,,,119299,0.0072664907202124596
,,,36,,,,,,,,,,,,,,,,,,,,,,,,,,,,,119309,0.03970402851700783
,,,36,,,,,,,,,,,,,,,,,,,,,,,,,,,,,119319,0.2655099332332611
,,,36,,,,,,,,,,,,,,,,,,,,,,,,,,,,,119329,0.08383145928382874
,,,36,,,,,,,,,,,,,,,,,,,,,,,,,,,,,119339,0.043984442949295044
,,,36,,,,,,,,,,,,,,,,,,,,,,,,,,,,,119349,0.5430861711502075
,,,36,,,,,,,,,,,,,,,,,,,,,,,,,,,,,119359,0.018204819411039352
,,,36,,,,,,,,,,,,,,,,,,,,,,,,,,,,,119369,0.09987394511699677
,,,36,,,,,,,,,,,,,,,,,,,,,,,,,,,,,119379,0.527357280254364
,,,36,,,,,,,,,,,,,,,,,,,,,,,,,,,,,119389,0.002510063350200653
,,,36,,,,,,,,,,,,,,,,,,,,,,,,,,,,,119399,0.028975242748856544
,,,36,,,,,,,,,,,,,,,,,,,,,,,,,,,,,119409,0.025280803442001343
,,,36,,,,,,,,,,,,,,,,,,,,,,,,,,,,,119419,0.012399950996041298
,,,36,,,,,,,,,,,,,,,,,,,,,,,,,,,,,119429,0.07273639738559723
,,,36,,,,,,,,,,,,,,,,,,,,,,,,,,,,,119439,0.10007268935441971
,,,36,,,,,,,,,,,,,,,,,,,,,,,,,,,,,119449,0.24023090302944183
,,,36,,,,,,,,,,,,,,,,,,,,,,,,,,,,,119459,0.007172574754804373
,,,36,,,,,,,,,,,,,,,,,,,,,,,,,,,,,119469,0.07902701199054718
,,,36,,,,,,,,,,,,,,,,,,,,,,,,,,,,,119479,0.20259711146354675
,,,36,,,,,,,,,,,,,,,,,,,,,,,,,,,,,119489,0.16647665202617645
,,,36,,,,,,,,,,,,,,,,,,,,,,,,,,,,,119499,0.0031223732512444258
,,,36,,,,,,,,,,,,,,,,,,,,,,,,,,,,,119509,0.10028215497732162
,,,36,,,,,,,,,,,,,,,,,,,,,,,,,,,,,119519,0.7479366064071655
,,,36,,,,,,,,,,,,,,,,,,,,,,,,,,,,,119529,0.02564442716538906
,,,36,,,,,,,,,,,,,,,,,,,,,,,,,,,,,119539,0.0051910048350691795
,,,36,,,,,,,,,,,,,,,,,,,,,,,,,,,,,119549,0.31269288063049316
,,,36,,,,,,,,,,,,,,,,,,,,,,,,,,,,,119559,0.04271358251571655
,,,36,,,,,,,,,,,,,,,,,,,,,,,,,,,,,119569,0.007965252734720707
,,,36,,,,,,,,,,,,,,,,,,,,,,,,,,,,,119579,0.01120666041970253
,,,36,,,,,,,,,,,,,,,,,,,,,,,,,,,,,119589,0.002068424830213189
,,,36,,,,,,,,,,,,,,,,,,,,,,,,,,,,,119599,0.006761261261999607
,,,36,,,,,,,,,,,,,,,,,,,,,,,,,,,,,119609,0.04019981995224953
,,,36,,,,,,,,,,,,,,,,,,,,,,,,,,,,,119619,0.16051587462425232
,,,36,,,,,,,,,,,,,,,,,,,,,,,,,,,,,119629,0.03875252977013588
,,,36,,,,,,,,,,,,,,,,,,,,,,,,,,,,,119639,0.038024526089429855
,,,36,,,,,,,,,,,,,,,,,,,,,,,,,,,,,119649,0.18169322609901428
,,,36,,,,,,,,,,,,,,,,,,,,,,,,,,,,,119659,0.058875810354948044
,,,36,,,,,,,,,,,,,,,,,,,,,,,,,,,,,119669,0.0037588882260024548
,,,36,,,,,,,,,,,,,,,,,,,,,,,,,,,,,119679,0.0027904545422643423
,,,36,,,,,,,,,,,,,,,,,,,,,,,,,,,,,119689,0.20921792089939117
,,,36,,,,,,,,,,,,,,,,,,,,,,,,,,,,,119699,0.03825409337878227
,,,36,,,,,,,,,,,,,,,,,,,,,,,,,,,,,119709,0.30314213037490845
,,,36,,,,,,,,,,,,,,,,,,,,,,,,,,,,,119719,0.14658044278621674
,,,36,,,,,,,,,,,,,,,,,,,,,,,,,,,,,119729,0.005363816395401955
,,,36,,,,,,,,,,,,,,,,,,,,,,,,,,,,,119739,0.005552130285650492
,,,36,,,,,,,,,,,,,,,,,,,,,,,,,,,,,119749,0.009292982518672943
,,,36,,,,,,,,,,,,,,,,,,,,,,,,,,,,,119759,0.11843450367450714
,,,36,,,,,,,,,,,,,,,,,,,,,,,,,,,,,119769,0.023135144263505936
,,,36,,,,,,,,,,,,,,,,,,,,,,,,,,,,,119779,0.05983327701687813
,,,36,,,,,,,,,,,,,,,,,,,,,,,,,,,,,119789,0.057700105011463165
,,,36,,,,,,,,,,,,,,,,,,,,,,,,,,,,,119799,0.006297786720097065
,,,36,,,,,,,,,,,,,,,,,,,,,,,,,,,,,119809,0.04299544915556908
,,,36,,,,,,,,,,,,,,,,,,,,,,,,,,,,,119819,0.14635995030403137
,,,36,,,,,,,,,,,,,,,,,,,,,,,,,,,,,119829,0.6994569897651672
,,,36,,,,,,,,,,,,,,,,,,,,,,,,,,,,,119839,0.008510056883096695
,,,36,,,,,,,,,,,,,,,,,,,,,,,,,,,,,119849,0.006602175999432802
,,,36,,,,,,,,,,,,,,,,,,,,,,,,,,,,,119859,0.3773791193962097
,,,36,,,,,,,,,,,,,,,,,,,,,,,,,,,,,119869,0.025978151708841324
,,,36,,,,,,,,,,,,,,,,,,,,,,,,,,,,,119879,0.011532941833138466
,,,36,,,,,,,,,,,,,,,,,,,,,,,,,,,,,119889,0.3064146041870117
,,,36,,,,,,,,,,,,,,,,,,,,,,,,,,,,,119899,0.03766447678208351
,,,36,,,,,,,,,,,,,,,,,,,,,,,,,,,,,119909,0.06753727048635483
,,,36,,,,,,,,,,,,,,,,,,,,,,,,,,,,,119919,0.011167986318469048
,,,36,,,,,,,,,,,,,,,,,,,,,,,,,,,,,119929,0.19523249566555023
,,,36,,,,,,,,,,,,,,,,,,,,,,,,,,,,,119939,0.7662689685821533
,,,36,,,,,,,,,,,,,,,,,,,,,,,,,,,,,119949,0.13595114648342133
,,,36,,,,,,,,,,,,,,,,,,,,,,,,,,,,,119959,0.006980285048484802
,,,36,,,,,,,,,,,,,,,,,,,,,,,,,,,,,119969,0.26367777585983276
,,,36,,,,,,,,,,,,,,,,,,,,,,,,,,,,,119979,0.028211727738380432
,,,36,,,,,,,,,,,,,,,,,,,,,,,,,,,,,119989,0.590605616569519
,,,36,,,,,,,,,,,,,,,,,,,,,,,,,,,,,119999,0.0034100436605513096
,,,36,,,,,,,,,,,,,,,,,,,,,,,,,,,,,120009,0.01256093941628933
,,,36,,,,,,,,,,,,,,,,,,,,,,,,,,,,,120019,0.275905042886734
,,,36,,,,,,,,,,,,,,,,,,,,,,,,,,,,,120029,0.027902008965611458
,,,36,,,,,,,,,,,,,,,,,,,,,,,,,,,,,120039,0.21436840295791626
,,,36,,,,,,,,,,,,,,,,,,,,,,,,,,,,,120049,0.4359797537326813
,,,36,,,,,,,,,,,,,,,,,,,,,,,,,,,,,120059,0.0041754585690796375
,,,36,,,,,,,,,,,,,,,,,,,,,,,,,,,,,120069,0.5605450868606567
,,,36,,,,,,,,,,,,,,,,,,,,,,,,,,,,,120079,0.05560779944062233
,,,36,,,,,,,,,,,,,,,,,,,,,,,,,,,,,120089,0.3298519551753998
,,,36,,,,,,,,,,,,,,,,,,,,,,,,,,,,,120099,0.008252761326730251
,,,36,,,,,,,,,,,,,,,,,,,,,,,,,,,,,120109,0.8048885464668274
,,,36,,,,,,,,,,,,,,,,,,,,,,,,,,,,,120119,0.009702842682600021
,,,36,,,,,,,,,,,,,,,,,,,,,,,,,,,,,120129,0.07060862332582474
,,,36,,,,,,,,,,,,,,,,,,,,,,,,,,,,,120139,0.275218665599823
,,,36,,,,,,,,,,,,,,,,,,,,,,,,,,,,,120149,0.379141241312027
,,,36,,,,,,,,,,,,,,,,,,,,,,,,,,,,,120159,0.007775702979415655
,,,36,,,,,,,,,,,,,,,,,,,,,,,,,,,,,120169,0.7966556549072266
,,,36,,,,,,,,,,,,,,,,,,,,,,,,,,,,,120179,0.011506479233503342
,,,36,,,,,,,,,,,,,,,,,,,,,,,,,,,,,120189,0.024737641215324402
,,,36,,,,,,,,,,,,,,,,,,,,,,,,,,,,,120199,0.35986849665641785
,,,36,,,,,,,,,,,,,,,,,,,,,,,,,,,,,120209,0.023520061746239662
,,,36,,,,,,,,,,,,,,,,,,,,,,,,,,,,,120219,0.03595941141247749
,,,36,,,,,,,,,,,,,,,,,,,,,,,,,,,,,120229,0.21393398940563202
,,,36,,,,,,,,,,,,,,,,,,,,,,,,,,,,,120239,0.03592195734381676
,,,36,,,,,,,,,,,,,,,,,,,,,,,,,,,,,120249,0.037168554961681366
,,,36,,,,,,,,,,,,,,,,,,,,,,,,,,,,,120259,0.0030267101246863604
,,,36,,,,,,,,,,,,,,,,,,,,,,,,,,,,,120269,0.12316060066223145
,,,36,,,,,,,,,,,,,,,,,,,,,,,,,,,,,120279,0.2115698605775833
,,,36,,,,,,,,,,,,,,,,,,,,,,,,,,,,,120289,0.23058049380779266
,,,36,,,,,,,,,,,,,,,,,,,,,,,,,,,,,120299,0.0019268322503194213
,,,36,,,,,,,,,,,,,,,,,,,,,,,,,,,,,120309,0.008891796693205833
,,,36,,,,,,,,,,,,,,,,,,,,,,,,,,,,,120319,0.5384326577186584
,,,36,,,,,,,,,,,,,,,,,,,,,,,,,,,,,120329,0.004637134727090597
,,,36,,,,,,,,,,,,,,,,,,,,,,,,,,,,,120339,0.037231579422950745
,,,36,,,,,,,,,,,,,,,,,,,,,,,,,,,,,120349,0.004973692819476128
,,,36,,,,,,,,,,,,,,,,,,,,,,,,,,,,,120359,0.45280733704566956
,,,36,,,,,,,,,,,,,,,,,,,,,,,,,,,,,120369,0.026410166174173355
,,,36,,,,,,,,,,,,,,,,,,,,,,,,,,,,,120379,0.016038713976740837
,,,36,,,,,,,,,,,,,,,,,,,,,,,,,,,,,120389,0.003541400423273444
,,,36,,,,,,,,,,,,,,,,,,,,,,,,,,,,,120399,0.7837982773780823
,,,36,,,,,,,,,,,,,,,,,,,,,,,,,,,,,120409,0.07065193355083466
,,,36,,,,,,,,,,,,,,,,,,,,,,,,,,,,,120419,0.007759191561490297
,,,36,,,,,,,,,,,,,,,,,,,,,,,,,,,,,120429,0.09895724058151245
,,,36,,,,,,,,,,,,,,,,,,,,,,,,,,,,,120439,0.002215081825852394
,,,36,,,,,,,,,,,,,,,,,,,,,,,,,,,,,120449,0.006381540093570948
,,,36,,,,,,,,,,,,,,,,,,,,,,,,,,,,,120459,0.013751350343227386
,,,36,,,,,,,,,,,,,,,,,,,,,,,,,,,,,120469,0.0525374636054039
,,,36,,,,,,,,,,,,,,,,,,,,,,,,,,,,,120479,0.16307009756565094
,,,36,,,,,,,,,,,,,,,,,,,,,,,,,,,,,120489,0.10271430760622025
,,,36,,,,,,,,,,,,,,,,,,,,,,,,,,,,,120499,0.02270015887916088
,,,36,,,,,,,,,,,,,,,,,,,,,,,,,,,,,120509,1.4054629802703857
,,,36,,,,,,,,,,,,,,,,,,,,,,,,,,,,,120519,0.01496625691652298
,,,36,,,,,,,,,,,,,,,,,,,,,,,,,,,,,120529,0.2260679304599762
,,,36,,,,,,,,,,,,,,,,,,,,,,,,,,,,,120539,0.8137115836143494
,,,36,,,,,,,,,,,,,,,,,,,,,,,,,,,,,120549,0.02210266701877117
,,,36,,,,,,,,,,,,,,,,,,,,,,,,,,,,,120559,0.017215093597769737
,,,36,,,,,,,,,,,,,,,,,,,,,,,,,,,,,120569,0.0025470424443483353
,,,36,,,,,,,,,,,,,,,,,,,,,,,,,,,,,120579,0.5206981301307678
,,,36,,,,,,,,,,,,,,,,,,,,,,,,,,,,,120589,0.0017655675765126944
,,,36,,,,,,,,,,,,,,,,,,,,,,,,,,,,,120599,0.06816218048334122
,,,36,,,,,,,,,,,,,,,,,,,,,,,,,,,,,120609,0.05133689567446709
,,,36,,,,,,,,,,,,,,,,,,,,,,,,,,,,,120619,0.029384518042206764
,,,36,,,,,,,,,,,,,,,,,,,,,,,,,,,,,120629,0.05781744793057442
,,,36,,,,,,,,,,,,,,,,,,,,,,,,,,,,,120639,0.016820408403873444
,,,36,,,,,,,,,,,,,,,,,,,,,,,,,,,,,120649,0.0356069914996624
,,,36,,,,,,,,,,,,,,,,,,,,,,,,,,,,,120659,0.01835901290178299
,,,36,,,,,,,,,,,,,,,,,,,,,,,,,,,,,120669,1.1998755931854248
,,,36,,,,,,,,,,,,,,,,,,,,,,,,,,,,,120679,0.021639883518218994
,,,36,,,,,,,,,,,,,,,,,,,,,,,,,,,,,120689,0.003875243477523327
,,,36,,,,,,,,,,,,,,,,,,,,,,,,,,,,,120699,0.3843693137168884
,,,36,,,,,,,,,,,,,,,,,,,,,,,,,,,,,120709,0.003427684074267745
,,,36,,,,,,,,,,,,,,,,,,,,,,,,,,,,,120719,0.011599707417190075
,,,36,,,,,,,,,,,,,,,,,,,,,,,,,,,,,120729,0.009105338715016842
,,,36,,,,,,,,,,,,,,,,,,,,,,,,,,,,,120739,0.5561406016349792
,,,36,,,,,,,,,,,,,,,,,,,,,,,,,,,,,120749,0.3949911296367645
,,,36,,,,,,,,,,,,,,,,,,,,,,,,,,,,,120759,0.00994942244142294
,,,36,,,,,,,,,,,,,,,,,,,,,,,,,,,,,120769,0.033879250288009644
,,,36,,,,,,,,,,,,,,,,,,,,,,,,,,,,,120779,0.0017207557102665305
,,,36,,,,,,,,,,,,,,,,,,,,,,,,,,,,,120789,0.17118853330612183
,,,36,,,,,,,,,,,,,,,,,,,,,,,,,,,,,120799,0.10295989364385605
,,,36,,,,,,,,,,,,,,,,,,,,,,,,,,,,,120809,0.009144417941570282
,,,36,,,,,,,,,,,,,,,,,,,,,,,,,,,,,120819,0.009293647482991219
,,,36,,,,,,,,,,,,,,,,,,,,,,,,,,,,,120829,0.027270756661891937
,,,36,,,,,,,,,,,,,,,,,,,,,,,,,,,,,120839,0.09714356064796448
,,,36,,,,,,,,,,,,,,,,,,,,,,,,,,,,,120849,0.009755700826644897
,,,36,,,,,,,,,,,,,,,,,,,,,,,,,,,,,120859,0.024775853380560875
,,,36,,,,,,,,,,,,,,,,,,,,,,,,,,,,,120869,0.46219128370285034
,,,36,,,,,,,,,,,,,,,,,,,,,,,,,,,,,120879,0.3052048981189728
,,,36,,,,,,,,,,,,,,,,,,,,,,,,,,,,,120889,0.0668400377035141
,,,36,,,,,,,,,,,,,,,,,,,,,,,,,,,,,120899,0.8045293688774109
,,,36,,,,,,,,,,,,,,,,,,,,,,,,,,,,,120909,0.01681390404701233
,,,36,,,,,,,,,,,,,,,,,,,,,,,,,,,,,120919,0.005745696369558573
,,,36,,,,,,,,,,,,,,,,,,,,,,,,,,,,,120929,0.011034730821847916
,,,36,,,,,,,,,,,,,,,,,,,,,,,,,,,,,120939,0.16078534722328186
,,,36,,,,,,,,,,,,,,,,,,,,,,,,,,,,,120949,0.047385912388563156
,,,36,,,,,,,,,,,,,,,,,,,,,,,,,,,,,120959,0.021643662825226784
,,,36,,,,,,,,,,,,,,,,,,,,,,,,,,,,,120969,0.005564122460782528
,,,36,,,,,,,,,,,,,,,,,,,,,,,,,,,,,120979,0.003791274270042777
,,,36,,,,,,,,,,,,,,,,,,,,,,,,,,,,,120989,0.4568743109703064
,,,36,,,,,,,,,,,,,,,,,,,,,,,,,,,,,120999,0.0229763425886631
,,,36,,,,,,,,,,,,,,,,,,,,,,,,,,,,,121009,0.019341865554451942
,,,36,,,,,,,,,,,,,,,,,,,,,,,,,,,,,121019,0.40683823823928833
,,,36,,,,,,,,,,,,,,,,,,,,,,,,,,,,,121029,0.35754817724227905
,,,36,,,,,,,,,,,,,,,,,,,,,,,,,,,,,121039,0.002478221198543906
,,,36,,,,,,,,,,,,,,,,,,,,,,,,,,,,,121049,0.025778038427233696
,,,36,,,,,,,,,,,,,,,,,,,,,,,,,,,,,121059,0.004266087431460619
,,,36,,,,,,,,,,,,,,,,,,,,,,,,,,,,,121069,0.032941147685050964
,,,36,,,,,,,,,,,,,,,,,,,,,,,,,,,,,121079,0.018534526228904724
,,,36,,,,,,,,,,,,,,,,,,,,,,,,,,,,,121089,0.0716034397482872
,,,36,,,,,,,,,,,,,,,,,,,,,,,,,,,,,121099,0.431930273771286
,,,36,,,,,,,,,,,,,,,,,,,,,,,,,,,,,121109,0.013303707353770733
,,,36,,,,,,,,,,,,,,,,,,,,,,,,,,,,,121119,0.012953354977071285
,,,36,,,,,,,,,,,,,,,,,,,,,,,,,,,,,121129,0.14686331152915955
,,,36,,,,,,,,,,,,,,,,,,,,,,,,,,,,,121139,0.01592475175857544
,,,36,,,,,,,,,,,,,,,,,,,,,,,,,,,,,121149,1.2082329988479614
,,,36,,,,,,,,,,,,,,,,,,,,,,,,,,,,,121159,0.007122363895177841
,,,36,,,,,,,,,,,,,,,,,,,,,,,,,,,,,121169,0.026426324620842934
,,,36,,,,,,,,,,,,,,,,,,,,,,,,,,,,,121179,0.019488636404275894
,,,36,,,,,,,,,,,,,,,,,,,,,,,,,,,,,121189,0.002244858769699931
,,,36,,,,,,,,,,,,,,,,,,,,,,,,,,,,,121199,0.10952707380056381
,,,36,,,,,,,,,,,,,,,,,,,,,,,,,,,,,121209,0.14296716451644897
,,,36,,,,,,,,,,,,,,,,,,,,,,,,,,,,,121219,1.175767421722412
,,,36,,,,,,,,,,,,,,,,,,,,,,,,,,,,,121229,0.011123818345367908
,,,36,,,,,,,,,,,,,,,,,,,,,,,,,,,,,121239,0.016671139746904373
,,,36,,,,,,,,,,,,,,,,,,,,,,,,,,,,,121249,0.04249483346939087
,,,36,,,,,,,,,,,,,,,,,,,,,,,,,,,,,121259,0.14158432185649872
,,,36,,,,,,,,,,,,,,,,,,,,,,,,,,,,,121269,0.0438399575650692
,,,36,,,,,,,,,,,,,,,,,,,,,,,,,,,,,121279,0.00685293460264802
,,,36,,,,,,,,,,,,,,,,,,,,,,,,,,,,,121289,0.0037445516791194677
,,,36,,,,,,,,,,,,,,,,,,,,,,,,,,,,,121299,0.020634764805436134
,,,36,,,,,,,,,,,,,,,,,,,,,,,,,,,,,121309,0.015898795798420906
,,,36,,,,,,,,,,,,,,,,,,,,,,,,,,,,,121319,0.024489130824804306
,,,36,,,,,,,,,,,,,,,,,,,,,,,,,,,,,121329,0.43864262104034424
,,,36,,,,,,,,,,,,,,,,,,,,,,,,,,,,,121339,0.3312956392765045
,,,36,,,,,,,,,,,,,,,,,,,,,,,,,,,,,121349,0.052010584622621536
,,,36,,,,,,,,,,,,,,,,,,,,,,,,,,,,,121359,0.08288897573947906
,,,36,,,,,,,,,,,,,,,,,,,,,,,,,,,,,121369,0.008489880710840225
,,,36,,,,,,,,,,,,,,,,,,,,,,,,,,,,,121379,0.1906130015850067
,,,36,,,,,,,,,,,,,,,,,,,,,,,,,,,,,121389,0.05712750926613808
,,,36,,,,,,,,,,,,,,,,,,,,,,,,,,,,,121399,0.29532933235168457
,,,36,,,,,,,,,,,,,,,,,,,,,,,,,,,,,121409,0.0211293026804924
,,,36,,,,,,,,,,,,,,,,,,,,,,,,,,,,,121419,0.31368979811668396
,,,36,,,,,,,,,,,,,,,,,,,,,,,,,,,,,121429,0.34412887692451477
,,,36,,,,,,,,,,,,,,,,,,,,,,,,,,,,,121439,0.0060348231345415115
,,,36,,,,,,,,,,,,,,,,,,,,,,,,,,,,,121449,0.8493896722793579
,,,36,,,,,,,,,,,,,,,,,,,,,,,,,,,,,121459,0.08328758180141449
,,,36,,,,,,,,,,,,,,,,,,,,,,,,,,,,,121469,0.7077488899230957
,,,36,,,,,,,,,,,,,,,,,,,,,,,,,,,,,121479,0.03834237903356552
,,,36,,,,,,,,,,,,,,,,,,,,,,,,,,,,,121489,0.00398488761857152
,,,36,,,,,,,,,,,,,,,,,,,,,,,,,,,,,121499,0.01616283878684044
,,,36,,,,,,,,,,,,,,,,,,,,,,,,,,,,,121509,0.016059258952736855
,,,36,,,,,,,,,,,,,,,,,,,,,,,,,,,,,121519,0.9572846293449402
,,,36,,,,,,,,,,,,,,,,,,,,,,,,,,,,,121529,0.5415288805961609
,,,36,,,,,,,,,,,,,,,,,,,,,,,,,,,,,121539,0.01169520616531372
,,,36,,,,,,,,,,,,,,,,,,,,,,,,,,,,,121549,0.010176771320402622
,,,36,,,,,,,,,,,,,,,,,,,,,,,,,,,,,121559,0.11330751329660416
,,,36,,,,,,,,,,,,,,,,,,,,,,,,,,,,,121569,0.19045980274677277
,,,36,,,,,,,,,,,,,,,,,,,,,,,,,,,,,121579,0.021001094952225685
,,,36,,,,,,,,,,,,,,,,,,,,,,,,,,,,,121589,0.6920512318611145
,,,36,,,,,,,,,,,,,,,,,,,,,,,,,,,,,121599,0.014395046979188919
,,,36,,,,,,,,,,,,,,,,,,,,,,,,,,,,,121609,0.0491684190928936
,,,36,,,,,,,,,,,,,,,,,,,,,,,,,,,,,121619,0.21860310435295105
,,,36,,,,,,,,,,,,,,,,,,,,,,,,,,,,,121629,0.7285016775131226
,,,36,,,,,,,,,,,,,,,,,,,,,,,,,,,,,121639,0.12224270403385162
,,,36,,,,,,,,,,,,,,,,,,,,,,,,,,,,,121649,0.0029160629492253065
,,,36,,,,,,,,,,,,,,,,,,,,,,,,,,,,,121659,0.3876301348209381
,,,36,,,,,,,,,,,,,,,,,,,,,,,,,,,,,121669,0.20277869701385498
,,,36,,,,,,,,,,,,,,,,,,,,,,,,,,,,,121679,0.037065234035253525
,,,36,,,,,,,,,,,,,,,,,,,,,,,,,,,,,121689,0.01925160363316536
,,,36,,,,,,,,,,,,,,,,,,,,,,,,,,,,,121699,0.025647109374403954
,,,36,,,,,,,,,,,,,,,,,,,,,,,,,,,,,121709,0.006294375751167536
,,,36,,,,,,,,,,,,,,,,,,,,,,,,,,,,,121719,0.18671441078186035
,,,36,,,,,,,,,,,,,,,,,,,,,,,,,,,,,121729,0.08059582114219666
,,,36,,,,,,,,,,,,,,,,,,,,,,,,,,,,,121739,0.002393103204667568
,,,36,,,,,,,,,,,,,,,,,,,,,,,,,,,,,121749,0.05322835594415665
,,,36,,,,,,,,,,,,,,,,,,,,,,,,,,,,,121759,0.2859549820423126
,,,36,,,,,,,,,,,,,,,,,,,,,,,,,,,,,121769,0.5379737019538879
,,,36,,,,,,,,,,,,,,,,,,,,,,,,,,,,,121779,0.010589606128633022
,,,36,,,,,,,,,,,,,,,,,,,,,,,,,,,,,121789,0.37361377477645874
,,,36,,,,,,,,,,,,,,,,,,,,,,,,,,,,,121799,0.009756053797900677
,,,36,,,,,,,,,,,,,,,,,,,,,,,,,,,,,121809,0.0051760016940534115
,,,36,,,,,,,,,,,,,,,,,,,,,,,,,,,,,121819,0.38784292340278625
,,,36,,,,,,,,,,,,,,,,,,,,,,,,,,,,,121829,0.014825561083853245
,,,36,,,,,,,,,,,,,,,,,,,,,,,,,,,,,121839,0.006680468562990427
,,,36,,,,,,,,,,,,,,,,,,,,,,,,,,,,,121849,0.006595144513994455
,,,36,,,,,,,,,,,,,,,,,,,,,,,,,,,,,121859,0.021999642252922058
,,,36,,,,,,,,,,,,,,,,,,,,,,,,,,,,,121869,0.11867576837539673
,,,36,,,,,,,,,,,,,,,,,,,,,,,,,,,,,121879,0.03858582302927971
,,,36,,,,,,,,,,,,,,,,,,,,,,,,,,,,,121889,0.01583259366452694
,,,36,,,,,,,,,,,,,,,,,,,,,,,,,,,,,121899,0.339010089635849
,,,36,,,,,,,,,,,,,,,,,,,,,,,,,,,,,121909,0.005519690923392773
,,,36,,,,,,,,,,,,,,,,,,,,,,,,,,,,,121919,0.011659793555736542
,,,36,,,,,,,,,,,,,,,,,,,,,,,,,,,,,121929,0.3335101902484894
,,,36,,,,,,,,,,,,,,,,,,,,,,,,,,,,,121939,0.0022006623912602663
,,,36,,,,,,,,,,,,,,,,,,,,,,,,,,,,,121949,0.003488206071779132
,,,36,,,,,,,,,,,,,,,,,,,,,,,,,,,,,121959,0.0641033798456192
,,,36,,,,,,,,,,,,,,,,,,,,,,,,,,,,,121969,0.003440805245190859
,,,36,,,,,,,,,,,,,,,,,,,,,,,,,,,,,121979,0.023064445704221725
,,,36,,,,,,,,,,,,,,,,,,,,,,,,,,,,,121989,0.4146260917186737
,,,36,,,,,,,,,,,,,,,,,,,,,,,,,,,,,121999,0.074945829808712
,,,36,,,,,,,,,,,,,,,,,,,,,,,,,,,,,122009,0.07696802914142609
,,,36,,,,,,,,,,,,,,,,,,,,,,,,,,,,,122019,2.068547248840332
,,,36,,,,,,,,,,,,,,,,,,,,,,,,,,,,,122029,0.2489689737558365
,,,36,,,,,,,,,,,,,,,,,,,,,,,,,,,,,122039,0.00635394686833024
,,,36,,,,,,,,,,,,,,,,,,,,,,,,,,,,,122049,0.08701563626527786
,,,36,,,,,,,,,,,,,,,,,,,,,,,,,,,,,122059,0.07241609692573547
,,,36,,,,,,,,,,,,,,,,,,,,,,,,,,,,,122069,0.011827266775071621
,,,36,,,,,,,,,,,,,,,,,,,,,,,,,,,,,122079,0.21918469667434692
,,,36,,,,,,,,,,,,,,,,,,,,,,,,,,,,,122089,0.7320166230201721
,,,36,,,,,,,,,,,,,,,,,,,,,,,,,,,,,122099,0.003260351251810789
,,,36,,,,,,,,,,,,,,,,,,,,,,,,,,,,,122109,0.009009560570120811
,,,36,,,,,,,,,,,,,,,,,,,,,,,,,,,,,122119,0.017841815948486328
,,,36,,,,,,,,,,,,,,,,,,,,,,,,,,,,,122129,0.02349456399679184
,,,36,,,,,,,,,,,,,,,,,,,,,,,,,,,,,122139,1.5235834121704102
,,,36,,,,,,,,,,,,,,,,,,,,,,,,,,,,,122149,0.21974819898605347
,,,36,,,,,,,,,,,,,,,,,,,,,,,,,,,,,122159,0.010531874373555183
,,,36,,,,,,,,,,,,,,,,,,,,,,,,,,,,,122169,0.0032416917383670807
,,,36,,,,,,,,,,,,,,,,,,,,,,,,,,,,,122179,0.1487751603126526
,,,36,,,,,,,,,,,,,,,,,,,,,,,,,,,,,122189,0.015206786803901196
,,,36,,,,,,,,,,,,,,,,,,,,,,,,,,,,,122199,0.10133881121873856
,,,36,,,,,,,,,,,,,,,,,,,,,,,,,,,,,122209,0.02302468754351139
,,,36,,,,,,,,,,,,,,,,,,,,,,,,,,,,,122219,0.05345403775572777
,,,36,,,,,,,,,,,,,,,,,,,,,,,,,,,,,122229,0.05898265168070793
,,,36,,,,,,,,,,,,,,,,,,,,,,,,,,,,,122239,0.3889707028865814
,,,36,,,,,,,,,,,,,,,,,,,,,,,,,,,,,122249,0.0063256858848035336
,,,36,,,,,,,,,,,,,,,,,,,,,,,,,,,,,122259,0.007436534855514765
,,,36,,,,,,,,,,,,,,,,,,,,,,,,,,,,,122269,0.07694725692272186
,,,36,,,,,,,,,,,,,,,,,,,,,,,,,,,,,122279,0.22164905071258545
,,,36,,,,,,,,,,,,,,,,,,,,,,,,,,,,,122289,0.011308398097753525
,,,36,,,,,,,,,,,,,,,,,,,,,,,,,,,,,122299,0.06840431690216064
,,,36,,,,,,,,,,,,,,,,,,,,,,,,,,,,,122309,0.0992610901594162
,,,36,,,,,,,,,,,,,,,,,,,,,,,,,,,,,122319,0.28095027804374695
,,,36,,,,,,,,,,,,,,,,,,,,,,,,,,,,,122329,0.6921350955963135
,,,36,,,,,,,,,,,,,,,,,,,,,,,,,,,,,122339,0.254393070936203
,,,36,,,,,,,,,,,,,,,,,,,,,,,,,,,,,122349,0.012541618198156357
,,,36,,,,,,,,,,,,,,,,,,,,,,,,,,,,,122359,0.012402288615703583
,,,36,,,,,,,,,,,,,,,,,,,,,,,,,,,,,122369,0.08334586024284363
,,,36,,,,,,,,,,,,,,,,,,,,,,,,,,,,,122379,0.09054965525865555
,,,36,,,,,,,,,,,,,,,,,,,,,,,,,,,,,122389,0.4527539014816284
,,,36,,,,,,,,,,,,,,,,,,,,,,,,,,,,,122399,0.33584678173065186
,,,36,,,,,,,,,,,,,,,,,,,,,,,,,,,,,122409,0.17766763269901276
,,,36,,,,,,,,,,,,,,,,,,,,,,,,,,,,,122419,0.7161821722984314
,,,36,,,,,,,,,,,,,,,,,,,,,,,,,,,,,122429,0.018056286498904228
,,,36,,,,,,,,,,,,,,,,,,,,,,,,,,,,,122439,0.5131369233131409
,,,36,,,,,,,,,,,,,,,,,,,,,,,,,,,,,122449,0.06425289064645767
,,,36,,,,,,,,,,,,,,,,,,,,,,,,,,,,,122459,0.28176993131637573
,,,36,,,,,,,,,,,,,,,,,,,,,,,,,,,,,122469,0.008268402889370918
,,,,1.0930605058241677e-07,6.123373864075726e-07,9.420575175501116e-07,9.420575175501116e-07,1.4493192577694025e-06,1.4493192577694025e-06,2.22972193502985e-06,2.22972193502985e-06,3.430341438507461e-06,3.430341438507461e-06,5.277448366934555e-06,1.0930605058241677e-07,5.277448366934555e-06,8.11915133374547e-06,8.11915133374547e-06,1.2491002051916106e-05,1.2491002051916106e-05,1.9216926233717085e-05,1.9216926233717085e-05,1.9216926233717085e-05,1.9216926233717085e-05,1.681631547421796e-07,1.681631547421796e-07,2.587125457571994e-07,2.587125457571994e-07,3.980193011649222e-07,3.980193011649222e-07,6.123373864075726e-07,122471,
,,,37,,,,,,,,,,,,,,,,,,,,,,,,,,,,,122479,0.1853429526090622
,,,37,,,,,,,,,,,,,,,,,,,,,,,,,,,,,122489,0.20052166283130646
,,,37,,,,,,,,,,,,,,,,,,,,,,,,,,,,,122499,0.8070497512817383
,,,37,,,,,,,,,,,,,,,,,,,,,,,,,,,,,122509,0.007120856549590826
,,,37,,,,,,,,,,,,,,,,,,,,,,,,,,,,,122519,0.014696524478495121
,,,37,,,,,,,,,,,,,,,,,,,,,,,,,,,,,122529,0.011963652446866035
,,,37,,,,,,,,,,,,,,,,,,,,,,,,,,,,,122539,1.6672464609146118
,,,37,,,,,,,,,,,,,,,,,,,,,,,,,,,,,122549,0.004027624614536762
,,,37,,,,,,,,,,,,,,,,,,,,,,,,,,,,,122559,0.18202076852321625
,,,37,,,,,,,,,,,,,,,,,,,,,,,,,,,,,122569,0.1398829221725464
,,,37,,,,,,,,,,,,,,,,,,,,,,,,,,,,,122579,0.01414802297949791
,,,37,,,,,,,,,,,,,,,,,,,,,,,,,,,,,122589,0.002508103847503662
,,,37,,,,,,,,,,,,,,,,,,,,,,,,,,,,,122599,0.16329516470432281
,,,37,,,,,,,,,,,,,,,,,,,,,,,,,,,,,122609,0.048036251217126846
,,,37,,,,,,,,,,,,,,,,,,,,,,,,,,,,,122619,0.10754923522472382
,,,37,,,,,,,,,,,,,,,,,,,,,,,,,,,,,122629,0.5462868213653564
,,,37,,,,,,,,,,,,,,,,,,,,,,,,,,,,,122639,0.41310057044029236
,,,37,,,,,,,,,,,,,,,,,,,,,,,,,,,,,122649,0.021716510877013206
,,,37,,,,,,,,,,,,,,,,,,,,,,,,,,,,,122659,0.20663848519325256
,,,37,,,,,,,,,,,,,,,,,,,,,,,,,,,,,122669,0.29983967542648315
,,,37,,,,,,,,,,,,,,,,,,,,,,,,,,,,,122679,0.08897706121206284
,,,37,,,,,,,,,,,,,,,,,,,,,,,,,,,,,122689,0.8442638516426086
,,,37,,,,,,,,,,,,,,,,,,,,,,,,,,,,,122699,0.32197776436805725
,,,37,,,,,,,,,,,,,,,,,,,,,,,,,,,,,122709,0.018403109163045883
,,,37,,,,,,,,,,,,,,,,,,,,,,,,,,,,,122719,0.40586164593696594
,,,37,,,,,,,,,,,,,,,,,,,,,,,,,,,,,122729,0.013764417730271816
,,,37,,,,,,,,,,,,,,,,,,,,,,,,,,,,,122739,0.32071810960769653
,,,37,,,,,,,,,,,,,,,,,,,,,,,,,,,,,122749,0.07669568806886673
,,,37,,,,,,,,,,,,,,,,,,,,,,,,,,,,,122759,0.009288592264056206
,,,37,,,,,,,,,,,,,,,,,,,,,,,,,,,,,122769,0.001594570348970592
,,,37,,,,,,,,,,,,,,,,,,,,,,,,,,,,,122779,0.009348755702376366
,,,37,,,,,,,,,,,,,,,,,,,,,,,,,,,,,122789,0.05916549265384674
,,,37,,,,,,,,,,,,,,,,,,,,,,,,,,,,,122799,0.3591681718826294
,,,37,,,,,,,,,,,,,,,,,,,,,,,,,,,,,122809,0.026735302060842514
,,,37,,,,,,,,,,,,,,,,,,,,,,,,,,,,,122819,0.560938835144043
,,,37,,,,,,,,,,,,,,,,,,,,,,,,,,,,,122829,0.00461606727913022
,,,37,,,,,,,,,,,,,,,,,,,,,,,,,,,,,122839,0.14196418225765228
,,,37,,,,,,,,,,,,,,,,,,,,,,,,,,,,,122849,0.05331522971391678
,,,37,,,,,,,,,,,,,,,,,,,,,,,,,,,,,122859,0.41073766350746155
,,,37,,,,,,,,,,,,,,,,,,,,,,,,,,,,,122869,0.30435848236083984
,,,37,,,,,,,,,,,,,,,,,,,,,,,,,,,,,122879,0.2883874475955963
,,,37,,,,,,,,,,,,,,,,,,,,,,,,,,,,,122889,0.01817900873720646
,,,37,,,,,,,,,,,,,,,,,,,,,,,,,,,,,122899,0.024294499307870865
,,,37,,,,,,,,,,,,,,,,,,,,,,,,,,,,,122909,0.2607180178165436
,,,37,,,,,,,,,,,,,,,,,,,,,,,,,,,,,122919,0.007740316446870565
,,,37,,,,,,,,,,,,,,,,,,,,,,,,,,,,,122929,0.009328522719442844
,,,37,,,,,,,,,,,,,,,,,,,,,,,,,,,,,122939,0.008055480197072029
,,,37,,,,,,,,,,,,,,,,,,,,,,,,,,,,,122949,0.027739809826016426
,,,37,,,,,,,,,,,,,,,,,,,,,,,,,,,,,122959,0.49790841341018677
,,,37,,,,,,,,,,,,,,,,,,,,,,,,,,,,,122969,0.0213951226323843
,,,37,,,,,,,,,,,,,,,,,,,,,,,,,,,,,122979,0.16956837475299835
,,,37,,,,,,,,,,,,,,,,,,,,,,,,,,,,,122989,0.636249303817749
,,,37,,,,,,,,,,,,,,,,,,,,,,,,,,,,,122999,0.07962656766176224
,,,37,,,,,,,,,,,,,,,,,,,,,,,,,,,,,123009,0.02195863425731659
,,,37,,,,,,,,,,,,,,,,,,,,,,,,,,,,,123019,0.04483427852392197
,,,37,,,,,,,,,,,,,,,,,,,,,,,,,,,,,123029,0.006386985536664724
,,,37,,,,,,,,,,,,,,,,,,,,,,,,,,,,,123039,0.11407411098480225
,,,37,,,,,,,,,,,,,,,,,,,,,,,,,,,,,123049,0.004802365321666002
,,,37,,,,,,,,,,,,,,,,,,,,,,,,,,,,,123059,0.2629149556159973
,,,37,,,,,,,,,,,,,,,,,,,,,,,,,,,,,123069,0.011109048500657082
,,,37,,,,,,,,,,,,,,,,,,,,,,,,,,,,,123079,0.04665915668010712
,,,37,,,,,,,,,,,,,,,,,,,,,,,,,,,,,123089,0.025475548580288887
,,,37,,,,,,,,,,,,,,,,,,,,,,,,,,,,,123099,0.040927451103925705
,,,37,,,,,,,,,,,,,,,,,,,,,,,,,,,,,123109,0.016173608601093292
,,,37,,,,,,,,,,,,,,,,,,,,,,,,,,,,,123119,0.012792511843144894
,,,37,,,,,,,,,,,,,,,,,,,,,,,,,,,,,123129,0.07128510624170303
,,,37,,,,,,,,,,,,,,,,,,,,,,,,,,,,,123139,0.0193315576761961
,,,37,,,,,,,,,,,,,,,,,,,,,,,,,,,,,123149,0.0078272121027112
,,,37,,,,,,,,,,,,,,,,,,,,,,,,,,,,,123159,0.005406084004789591
,,,37,,,,,,,,,,,,,,,,,,,,,,,,,,,,,123169,0.113319031894207
,,,37,,,,,,,,,,,,,,,,,,,,,,,,,,,,,123179,0.14087672531604767
,,,37,,,,,,,,,,,,,,,,,,,,,,,,,,,,,123189,0.2634536623954773
,,,37,,,,,,,,,,,,,,,,,,,,,,,,,,,,,123199,0.02390640787780285
,,,37,,,,,,,,,,,,,,,,,,,,,,,,,,,,,123209,0.30767887830734253
,,,37,,,,,,,,,,,,,,,,,,,,,,,,,,,,,123219,0.9368735551834106
,,,37,,,,,,,,,,,,,,,,,,,,,,,,,,,,,123229,0.018315576016902924
,,,37,,,,,,,,,,,,,,,,,,,,,,,,,,,,,123239,0.003955683205276728
,,,37,,,,,,,,,,,,,,,,,,,,,,,,,,,,,123249,0.006416053511202335
,,,37,,,,,,,,,,,,,,,,,,,,,,,,,,,,,123259,0.02590923011302948
,,,37,,,,,,,,,,,,,,,,,,,,,,,,,,,,,123269,0.826006293296814
,,,37,,,,,,,,,,,,,,,,,,,,,,,,,,,,,123279,0.16956719756126404
,,,37,,,,,,,,,,,,,,,,,,,,,,,,,,,,,123289,0.1802653968334198
,,,37,,,,,,,,,,,,,,,,,,,,,,,,,,,,,123299,0.13914421200752258
,,,37,,,,,,,,,,,,,,,,,,,,,,,,,,,,,123309,0.0045906188897788525
,,,37,,,,,,,,,,,,,,,,,,,,,,,,,,,,,123319,0.620326042175293
,,,37,,,,,,,,,,,,,,,,,,,,,,,,,,,,,123329,0.46058139204978943
,,,37,,,,,,,,,,,,,,,,,,,,,,,,,,,,,123339,0.003258052747696638
,,,37,,,,,,,,,,,,,,,,,,,,,,,,,,,,,123349,0.15959987044334412
,,,37,,,,,,,,,,,,,,,,,,,,,,,,,,,,,123359,0.0019443435594439507
,,,37,,,,,,,,,,,,,,,,,,,,,,,,,,,,,123369,1.5528634786605835
,,,37,,,,,,,,,,,,,,,,,,,,,,,,,,,,,123379,0.049834463745355606
,,,37,,,,,,,,,,,,,,,,,,,,,,,,,,,,,123389,0.38560229539871216
,,,37,,,,,,,,,,,,,,,,,,,,,,,,,,,,,123399,0.061415571719408035
,,,37,,,,,,,,,,,,,,,,,,,,,,,,,,,,,123409,0.0637969896197319
,,,37,,,,,,,,,,,,,,,,,,,,,,,,,,,,,123419,0.7620449662208557
,,,37,,,,,,,,,,,,,,,,,,,,,,,,,,,,,123429,0.04427816718816757
,,,37,,,,,,,,,,,,,,,,,,,,,,,,,,,,,123439,0.0076624490320682526
,,,37,,,,,,,,,,,,,,,,,,,,,,,,,,,,,123449,0.051743827760219574
,,,37,,,,,,,,,,,,,,,,,,,,,,,,,,,,,123459,0.03485186770558357
,,,37,,,,,,,,,,,,,,,,,,,,,,,,,,,,,123469,0.012772761285305023
,,,37,,,,,,,,,,,,,,,,,,,,,,,,,,,,,123479,0.004524550400674343
,,,37,,,,,,,,,,,,,,,,,,,,,,,,,,,,,123489,0.0014780840137973428
,,,37,,,,,,,,,,,,,,,,,,,,,,,,,,,,,123499,0.011989239603281021
,,,37,,,,,,,,,,,,,,,,,,,,,,,,,,,,,123509,0.05363105982542038
,,,37,,,,,,,,,,,,,,,,,,,,,,,,,,,,,123519,0.12238413095474243
,,,37,,,,,,,,,,,,,,,,,,,,,,,,,,,,,123529,0.5555246472358704
,,,37,,,,,,,,,,,,,,,,,,,,,,,,,,,,,123539,0.03375694528222084
,,,37,,,,,,,,,,,,,,,,,,,,,,,,,,,,,123549,0.0104260528460145
,,,37,,,,,,,,,,,,,,,,,,,,,,,,,,,,,123559,0.02483672834932804
,,,37,,,,,,,,,,,,,,,,,,,,,,,,,,,,,123569,0.0023433987516909838
,,,37,,,,,,,,,,,,,,,,,,,,,,,,,,,,,123579,0.6428666114807129
,,,37,,,,,,,,,,,,,,,,,,,,,,,,,,,,,123589,0.17055948078632355
,,,37,,,,,,,,,,,,,,,,,,,,,,,,,,,,,123599,0.024407170712947845
,,,37,,,,,,,,,,,,,,,,,,,,,,,,,,,,,123609,0.619079053401947
,,,37,,,,,,,,,,,,,,,,,,,,,,,,,,,,,123619,0.0026281268801540136
,,,37,,,,,,,,,,,,,,,,,,,,,,,,,,,,,123629,0.5868732333183289
,,,37,,,,,,,,,,,,,,,,,,,,,,,,,,,,,123639,0.0368080772459507
,,,37,,,,,,,,,,,,,,,,,,,,,,,,,,,,,123649,0.00676849577575922
,,,37,,,,,,,,,,,,,,,,,,,,,,,,,,,,,123659,0.256081759929657
,,,37,,,,,,,,,,,,,,,,,,,,,,,,,,,,,123669,0.012615139596164227
,,,37,,,,,,,,,,,,,,,,,,,,,,,,,,,,,123679,0.023540416732430458
,,,37,,,,,,,,,,,,,,,,,,,,,,,,,,,,,123689,0.0013007376110181212
,,,37,,,,,,,,,,,,,,,,,,,,,,,,,,,,,123699,0.13384053111076355
,,,37,,,,,,,,,,,,,,,,,,,,,,,,,,,,,123709,0.0034778653644025326
,,,37,,,,,,,,,,,,,,,,,,,,,,,,,,,,,123719,0.41921886801719666
,,,37,,,,,,,,,,,,,,,,,,,,,,,,,,,,,123729,0.007822337560355663
,,,37,,,,,,,,,,,,,,,,,,,,,,,,,,,,,123739,0.05977887660264969
,,,37,,,,,,,,,,,,,,,,,,,,,,,,,,,,,123749,0.15162381529808044
,,,37,,,,,,,,,,,,,,,,,,,,,,,,,,,,,123759,0.5575371980667114
,,,37,,,,,,,,,,,,,,,,,,,,,,,,,,,,,123769,0.042099229991436005
,,,37,,,,,,,,,,,,,,,,,,,,,,,,,,,,,123779,0.005057516507804394
,,,37,,,,,,,,,,,,,,,,,,,,,,,,,,,,,123789,0.4263859689235687
,,,37,,,,,,,,,,,,,,,,,,,,,,,,,,,,,123799,1.5962177515029907
,,,37,,,,,,,,,,,,,,,,,,,,,,,,,,,,,123809,0.12955287098884583
,,,37,,,,,,,,,,,,,,,,,,,,,,,,,,,,,123819,0.010636672377586365
,,,37,,,,,,,,,,,,,,,,,,,,,,,,,,,,,123829,0.15169180929660797
,,,37,,,,,,,,,,,,,,,,,,,,,,,,,,,,,123839,0.5115727186203003
,,,37,,,,,,,,,,,,,,,,,,,,,,,,,,,,,123849,0.24953791499137878
,,,37,,,,,,,,,,,,,,,,,,,,,,,,,,,,,123859,0.6531361937522888
,,,37,,,,,,,,,,,,,,,,,,,,,,,,,,,,,123869,0.27724185585975647
,,,37,,,,,,,,,,,,,,,,,,,,,,,,,,,,,123879,0.10210468620061874
,,,37,,,,,,,,,,,,,,,,,,,,,,,,,,,,,123889,2.4280307292938232
,,,37,,,,,,,,,,,,,,,,,,,,,,,,,,,,,123899,0.009946971200406551
,,,37,,,,,,,,,,,,,,,,,,,,,,,,,,,,,123909,0.03581244498491287
,,,37,,,,,,,,,,,,,,,,,,,,,,,,,,,,,123919,0.8013738393783569
,,,37,,,,,,,,,,,,,,,,,,,,,,,,,,,,,123929,0.01271512545645237
,,,37,,,,,,,,,,,,,,,,,,,,,,,,,,,,,123939,0.13641813397407532
,,,37,,,,,,,,,,,,,,,,,,,,,,,,,,,,,123949,0.015881936997175217
,,,37,,,,,,,,,,,,,,,,,,,,,,,,,,,,,123959,0.01255577802658081
,,,37,,,,,,,,,,,,,,,,,,,,,,,,,,,,,123969,0.09186957031488419
,,,37,,,,,,,,,,,,,,,,,,,,,,,,,,,,,123979,0.03126486763358116
,,,37,,,,,,,,,,,,,,,,,,,,,,,,,,,,,123989,0.05041581764817238
,,,37,,,,,,,,,,,,,,,,,,,,,,,,,,,,,123999,0.9399625062942505
,,,37,,,,,,,,,,,,,,,,,,,,,,,,,,,,,124009,0.01328580267727375
,,,37,,,,,,,,,,,,,,,,,,,,,,,,,,,,,124019,0.13119731843471527
,,,37,,,,,,,,,,,,,,,,,,,,,,,,,,,,,124029,0.00657964963465929
,,,37,,,,,,,,,,,,,,,,,,,,,,,,,,,,,124039,0.2144104689359665
,,,37,,,,,,,,,,,,,,,,,,,,,,,,,,,,,124049,0.3497510254383087
,,,37,,,,,,,,,,,,,,,,,,,,,,,,,,,,,124059,0.018662121146917343
,,,37,,,,,,,,,,,,,,,,,,,,,,,,,,,,,124069,0.009446052834391594
,,,37,,,,,,,,,,,,,,,,,,,,,,,,,,,,,124079,0.08007125556468964
,,,37,,,,,,,,,,,,,,,,,,,,,,,,,,,,,124089,0.026523496955633163
,,,37,,,,,,,,,,,,,,,,,,,,,,,,,,,,,124099,0.6794275045394897
,,,37,,,,,,,,,,,,,,,,,,,,,,,,,,,,,124109,0.005977081600576639
,,,37,,,,,,,,,,,,,,,,,,,,,,,,,,,,,124119,0.004985546227544546
,,,37,,,,,,,,,,,,,,,,,,,,,,,,,,,,,124129,0.0456707663834095
,,,37,,,,,,,,,,,,,,,,,,,,,,,,,,,,,124139,0.0036047769244760275
,,,37,,,,,,,,,,,,,,,,,,,,,,,,,,,,,124149,0.0816260427236557
,,,37,,,,,,,,,,,,,,,,,,,,,,,,,,,,,124159,0.37565097212791443
,,,37,,,,,,,,,,,,,,,,,,,,,,,,,,,,,124169,0.3877300024032593
,,,37,,,,,,,,,,,,,,,,,,,,,,,,,,,,,124179,0.3820422887802124
,,,37,,,,,,,,,,,,,,,,,,,,,,,,,,,,,124189,0.020625952631235123
,,,37,,,,,,,,,,,,,,,,,,,,,,,,,,,,,124199,0.30822616815567017
,,,37,,,,,,,,,,,,,,,,,,,,,,,,,,,,,124209,0.034320734441280365
,,,37,,,,,,,,,,,,,,,,,,,,,,,,,,,,,124219,0.15386974811553955
,,,37,,,,,,,,,,,,,,,,,,,,,,,,,,,,,124229,0.17865507304668427
,,,37,,,,,,,,,,,,,,,,,,,,,,,,,,,,,124239,0.004281462635844946
,,,37,,,,,,,,,,,,,,,,,,,,,,,,,,,,,124249,0.3822818696498871
,,,37,,,,,,,,,,,,,,,,,,,,,,,,,,,,,124259,0.09498284012079239
,,,37,,,,,,,,,,,,,,,,,,,,,,,,,,,,,124269,0.011136796325445175
,,,37,,,,,,,,,,,,,,,,,,,,,,,,,,,,,124279,0.009693408384919167
,,,37,,,,,,,,,,,,,,,,,,,,,,,,,,,,,124289,0.02537423186004162
,,,37,,,,,,,,,,,,,,,,,,,,,,,,,,,,,124299,0.4121038019657135
,,,37,,,,,,,,,,,,,,,,,,,,,,,,,,,,,124309,0.012197589501738548
,,,37,,,,,,,,,,,,,,,,,,,,,,,,,,,,,124319,0.0038025034591555595
,,,37,,,,,,,,,,,,,,,,,,,,,,,,,,,,,124329,0.020927313715219498
,,,37,,,,,,,,,,,,,,,,,,,,,,,,,,,,,124339,0.2813572883605957
,,,37,,,,,,,,,,,,,,,,,,,,,,,,,,,,,124349,0.1431739777326584
,,,37,,,,,,,,,,,,,,,,,,,,,,,,,,,,,124359,0.31212952733039856
,,,37,,,,,,,,,,,,,,,,,,,,,,,,,,,,,124369,0.011067262850701809
,,,37,,,,,,,,,,,,,,,,,,,,,,,,,,,,,124379,0.005041866097599268
,,,37,,,,,,,,,,,,,,,,,,,,,,,,,,,,,124389,0.0045574200339615345
,,,37,,,,,,,,,,,,,,,,,,,,,,,,,,,,,124399,0.004706183914095163
,,,37,,,,,,,,,,,,,,,,,,,,,,,,,,,,,124409,0.039047207683324814
,,,37,,,,,,,,,,,,,,,,,,,,,,,,,,,,,124419,0.6546024680137634
,,,37,,,,,,,,,,,,,,,,,,,,,,,,,,,,,124429,0.048236072063446045
,,,37,,,,,,,,,,,,,,,,,,,,,,,,,,,,,124439,0.033044859766960144
,,,37,,,,,,,,,,,,,,,,,,,,,,,,,,,,,124449,0.0565229095518589
,,,37,,,,,,,,,,,,,,,,,,,,,,,,,,,,,124459,0.016618719324469566
,,,37,,,,,,,,,,,,,,,,,,,,,,,,,,,,,124469,0.34369030594825745
,,,37,,,,,,,,,,,,,,,,,,,,,,,,,,,,,124479,0.22947102785110474
,,,37,,,,,,,,,,,,,,,,,,,,,,,,,,,,,124489,0.011372010223567486
,,,37,,,,,,,,,,,,,,,,,,,,,,,,,,,,,124499,0.0070808581076562405
,,,37,,,,,,,,,,,,,,,,,,,,,,,,,,,,,124509,0.07127093523740768
,,,37,,,,,,,,,,,,,,,,,,,,,,,,,,,,,124519,0.010722965933382511
,,,37,,,,,,,,,,,,,,,,,,,,,,,,,,,,,124529,0.060648512095212936
,,,37,,,,,,,,,,,,,,,,,,,,,,,,,,,,,124539,0.007144346833229065
,,,37,,,,,,,,,,,,,,,,,,,,,,,,,,,,,124549,0.005800294689834118
,,,37,,,,,,,,,,,,,,,,,,,,,,,,,,,,,124559,0.2986941635608673
,,,37,,,,,,,,,,,,,,,,,,,,,,,,,,,,,124569,0.006930694915354252
,,,37,,,,,,,,,,,,,,,,,,,,,,,,,,,,,124579,0.0027754262555390596
,,,37,,,,,,,,,,,,,,,,,,,,,,,,,,,,,124589,0.061843421310186386
,,,37,,,,,,,,,,,,,,,,,,,,,,,,,,,,,124599,0.0031633651815354824
,,,37,,,,,,,,,,,,,,,,,,,,,,,,,,,,,124609,0.017770318314433098
,,,37,,,,,,,,,,,,,,,,,,,,,,,,,,,,,124619,0.055875420570373535
,,,37,,,,,,,,,,,,,,,,,,,,,,,,,,,,,124629,0.31202393770217896
,,,37,,,,,,,,,,,,,,,,,,,,,,,,,,,,,124639,0.07970251888036728
,,,37,,,,,,,,,,,,,,,,,,,,,,,,,,,,,124649,0.12805332243442535
,,,37,,,,,,,,,,,,,,,,,,,,,,,,,,,,,124659,0.08180934935808182
,,,37,,,,,,,,,,,,,,,,,,,,,,,,,,,,,124669,0.11403806507587433
,,,37,,,,,,,,,,,,,,,,,,,,,,,,,,,,,124679,0.019258107990026474
,,,37,,,,,,,,,,,,,,,,,,,,,,,,,,,,,124689,0.0050979191437363625
,,,37,,,,,,,,,,,,,,,,,,,,,,,,,,,,,124699,0.7449914216995239
,,,37,,,,,,,,,,,,,,,,,,,,,,,,,,,,,124709,0.02430032193660736
,,,37,,,,,,,,,,,,,,,,,,,,,,,,,,,,,124719,0.003674200503155589
,,,37,,,,,,,,,,,,,,,,,,,,,,,,,,,,,124729,0.05527443811297417
,,,37,,,,,,,,,,,,,,,,,,,,,,,,,,,,,124739,0.2403680980205536
,,,37,,,,,,,,,,,,,,,,,,,,,,,,,,,,,124749,0.6598867177963257
,,,37,,,,,,,,,,,,,,,,,,,,,,,,,,,,,124759,0.1392759382724762
,,,37,,,,,,,,,,,,,,,,,,,,,,,,,,,,,124769,0.21483764052391052
,,,37,,,,,,,,,,,,,,,,,,,,,,,,,,,,,124779,0.005894070025533438
,,,37,,,,,,,,,,,,,,,,,,,,,,,,,,,,,124789,0.004142800346016884
,,,37,,,,,,,,,,,,,,,,,,,,,,,,,,,,,124799,0.08873504400253296
,,,37,,,,,,,,,,,,,,,,,,,,,,,,,,,,,124809,0.19562140107154846
,,,37,,,,,,,,,,,,,,,,,,,,,,,,,,,,,124819,0.015906015411019325
,,,37,,,,,,,,,,,,,,,,,,,,,,,,,,,,,124829,0.010568903759121895
,,,37,,,,,,,,,,,,,,,,,,,,,,,,,,,,,124839,0.011732290498912334
,,,37,,,,,,,,,,,,,,,,,,,,,,,,,,,,,124849,0.8378692269325256
,,,37,,,,,,,,,,,,,,,,,,,,,,,,,,,,,124859,0.17295558750629425
,,,37,,,,,,,,,,,,,,,,,,,,,,,,,,,,,124869,0.25054997205734253
,,,37,,,,,,,,,,,,,,,,,,,,,,,,,,,,,124879,0.029814809560775757
,,,37,,,,,,,,,,,,,,,,,,,,,,,,,,,,,124889,0.0063131204806268215
,,,37,,,,,,,,,,,,,,,,,,,,,,,,,,,,,124899,0.3537619113922119
,,,37,,,,,,,,,,,,,,,,,,,,,,,,,,,,,124909,0.7696386575698853
,,,37,,,,,,,,,,,,,,,,,,,,,,,,,,,,,124919,0.6463479399681091
,,,37,,,,,,,,,,,,,,,,,,,,,,,,,,,,,124929,0.02149943634867668
,,,37,,,,,,,,,,,,,,,,,,,,,,,,,,,,,124939,0.5447514057159424
,,,37,,,,,,,,,,,,,,,,,,,,,,,,,,,,,124949,0.00594706553965807
,,,37,,,,,,,,,,,,,,,,,,,,,,,,,,,,,124959,0.010381092317402363
,,,37,,,,,,,,,,,,,,,,,,,,,,,,,,,,,124969,0.16017380356788635
,,,37,,,,,,,,,,,,,,,,,,,,,,,,,,,,,124979,0.005048850551247597
,,,37,,,,,,,,,,,,,,,,,,,,,,,,,,,,,124989,0.02828528918325901
,,,37,,,,,,,,,,,,,,,,,,,,,,,,,,,,,124999,0.7426897883415222
,,,37,,,,,,,,,,,,,,,,,,,,,,,,,,,,,125009,0.08953732252120972
,,,37,,,,,,,,,,,,,,,,,,,,,,,,,,,,,125019,0.028008010238409042
,,,37,,,,,,,,,,,,,,,,,,,,,,,,,,,,,125029,0.013232415542006493
,,,37,,,,,,,,,,,,,,,,,,,,,,,,,,,,,125039,0.09459364414215088
,,,37,,,,,,,,,,,,,,,,,,,,,,,,,,,,,125049,0.014056944288313389
,,,37,,,,,,,,,,,,,,,,,,,,,,,,,,,,,125059,0.029240138828754425
,,,37,,,,,,,,,,,,,,,,,,,,,,,,,,,,,125069,0.0030365372076630592
,,,37,,,,,,,,,,,,,,,,,,,,,,,,,,,,,125079,0.006603487767279148
,,,37,,,,,,,,,,,,,,,,,,,,,,,,,,,,,125089,0.0035925619304180145
,,,37,,,,,,,,,,,,,,,,,,,,,,,,,,,,,125099,0.005523908417671919
,,,37,,,,,,,,,,,,,,,,,,,,,,,,,,,,,125109,0.0529521182179451
,,,37,,,,,,,,,,,,,,,,,,,,,,,,,,,,,125119,0.004810623824596405
,,,37,,,,,,,,,,,,,,,,,,,,,,,,,,,,,125129,0.01819942332804203
,,,37,,,,,,,,,,,,,,,,,,,,,,,,,,,,,125139,0.058033157140016556
,,,37,,,,,,,,,,,,,,,,,,,,,,,,,,,,,125149,0.008801311254501343
,,,37,,,,,,,,,,,,,,,,,,,,,,,,,,,,,125159,0.008941548876464367
,,,37,,,,,,,,,,,,,,,,,,,,,,,,,,,,,125169,0.006514074746519327
,,,37,,,,,,,,,,,,,,,,,,,,,,,,,,,,,125179,0.2233361452817917
,,,37,,,,,,,,,,,,,,,,,,,,,,,,,,,,,125189,0.012924347072839737
,,,37,,,,,,,,,,,,,,,,,,,,,,,,,,,,,125199,0.16770170629024506
,,,37,,,,,,,,,,,,,,,,,,,,,,,,,,,,,125209,0.0078096091747283936
,,,37,,,,,,,,,,,,,,,,,,,,,,,,,,,,,125219,0.022955792024731636
,,,37,,,,,,,,,,,,,,,,,,,,,,,,,,,,,125229,0.03478259965777397
,,,37,,,,,,,,,,,,,,,,,,,,,,,,,,,,,125239,0.019923135638237
,,,37,,,,,,,,,,,,,,,,,,,,,,,,,,,,,125249,0.02990671433508396
,,,37,,,,,,,,,,,,,,,,,,,,,,,,,,,,,125259,0.12680235505104065
,,,37,,,,,,,,,,,,,,,,,,,,,,,,,,,,,125269,0.01290564239025116
,,,37,,,,,,,,,,,,,,,,,,,,,,,,,,,,,125279,0.02389840967953205
,,,37,,,,,,,,,,,,,,,,,,,,,,,,,,,,,125289,0.2098579704761505
,,,37,,,,,,,,,,,,,,,,,,,,,,,,,,,,,125299,0.004918969236314297
,,,37,,,,,,,,,,,,,,,,,,,,,,,,,,,,,125309,0.011653164401650429
,,,37,,,,,,,,,,,,,,,,,,,,,,,,,,,,,125319,0.041591186076402664
,,,37,,,,,,,,,,,,,,,,,,,,,,,,,,,,,125329,0.015875427052378654
,,,37,,,,,,,,,,,,,,,,,,,,,,,,,,,,,125339,0.07516195625066757
,,,37,,,,,,,,,,,,,,,,,,,,,,,,,,,,,125349,0.3485855758190155
,,,37,,,,,,,,,,,,,,,,,,,,,,,,,,,,,125359,0.015128723345696926
,,,37,,,,,,,,,,,,,,,,,,,,,,,,,,,,,125369,0.0037230835296213627
,,,37,,,,,,,,,,,,,,,,,,,,,,,,,,,,,125379,0.015466283075511456
,,,37,,,,,,,,,,,,,,,,,,,,,,,,,,,,,125389,0.005391332786530256
,,,37,,,,,,,,,,,,,,,,,,,,,,,,,,,,,125399,0.007836350239813328
,,,37,,,,,,,,,,,,,,,,,,,,,,,,,,,,,125409,0.14735384285449982
,,,37,,,,,,,,,,,,,,,,,,,,,,,,,,,,,125419,0.004170452244579792
,,,37,,,,,,,,,,,,,,,,,,,,,,,,,,,,,125429,0.13477976620197296
,,,37,,,,,,,,,,,,,,,,,,,,,,,,,,,,,125439,0.005390286445617676
,,,37,,,,,,,,,,,,,,,,,,,,,,,,,,,,,125449,1.0476537942886353
,,,37,,,,,,,,,,,,,,,,,,,,,,,,,,,,,125459,0.07105731964111328
,,,37,,,,,,,,,,,,,,,,,,,,,,,,,,,,,125469,0.29503950476646423
,,,37,,,,,,,,,,,,,,,,,,,,,,,,,,,,,125479,0.02115267887711525
,,,37,,,,,,,,,,,,,,,,,,,,,,,,,,,,,125489,0.028917644172906876
,,,37,,,,,,,,,,,,,,,,,,,,,,,,,,,,,125499,0.007874400354921818
,,,37,,,,,,,,,,,,,,,,,,,,,,,,,,,,,125509,0.11297059804201126
,,,37,,,,,,,,,,,,,,,,,,,,,,,,,,,,,125519,0.009498288854956627
,,,37,,,,,,,,,,,,,,,,,,,,,,,,,,,,,125529,0.7510262727737427
,,,37,,,,,,,,,,,,,,,,,,,,,,,,,,,,,125539,0.005079534836113453
,,,37,,,,,,,,,,,,,,,,,,,,,,,,,,,,,125549,0.08070627599954605
,,,37,,,,,,,,,,,,,,,,,,,,,,,,,,,,,125559,0.007016086019575596
,,,37,,,,,,,,,,,,,,,,,,,,,,,,,,,,,125569,0.09760434180498123
,,,37,,,,,,,,,,,,,,,,,,,,,,,,,,,,,125579,0.002785820048302412
,,,37,,,,,,,,,,,,,,,,,,,,,,,,,,,,,125589,0.004809919744729996
,,,37,,,,,,,,,,,,,,,,,,,,,,,,,,,,,125599,0.3576052784919739
,,,37,,,,,,,,,,,,,,,,,,,,,,,,,,,,,125609,0.008987821638584137
,,,37,,,,,,,,,,,,,,,,,,,,,,,,,,,,,125619,0.0062650348991155624
,,,37,,,,,,,,,,,,,,,,,,,,,,,,,,,,,125629,0.03970129415392876
,,,37,,,,,,,,,,,,,,,,,,,,,,,,,,,,,125639,0.4161469042301178
,,,37,,,,,,,,,,,,,,,,,,,,,,,,,,,,,125649,0.08328065276145935
,,,37,,,,,,,,,,,,,,,,,,,,,,,,,,,,,125659,0.01583751291036606
,,,37,,,,,,,,,,,,,,,,,,,,,,,,,,,,,125669,0.4910534918308258
,,,37,,,,,,,,,,,,,,,,,,,,,,,,,,,,,125679,0.09988933801651001
,,,37,,,,,,,,,,,,,,,,,,,,,,,,,,,,,125689,0.35947373509407043
,,,37,,,,,,,,,,,,,,,,,,,,,,,,,,,,,125699,0.04411216825246811
,,,37,,,,,,,,,,,,,,,,,,,,,,,,,,,,,125709,0.0044443910010159016
,,,37,,,,,,,,,,,,,,,,,,,,,,,,,,,,,125719,0.11380703747272491
,,,37,,,,,,,,,,,,,,,,,,,,,,,,,,,,,125729,0.511287271976471
,,,37,,,,,,,,,,,,,,,,,,,,,,,,,,,,,125739,0.15191678702831268
,,,37,,,,,,,,,,,,,,,,,,,,,,,,,,,,,125749,0.018728839233517647
,,,37,,,,,,,,,,,,,,,,,,,,,,,,,,,,,125759,0.035327233374118805
,,,37,,,,,,,,,,,,,,,,,,,,,,,,,,,,,125769,0.02326742745935917
,,,37,,,,,,,,,,,,,,,,,,,,,,,,,,,,,125779,0.006109328009188175
,,,,9.409940548675545e-08,5.271490801400816e-07,8.109985848308946e-07,8.109985848308946e-07,1.2476901305090686e-06,1.2476901305090686e-06,1.9195232777062595e-06,1.9195232777062595e-06,2.9531127349327065e-06,2.9531127349327065e-06,4.543250361434933e-06,9.409940548675545e-08,4.543250361434933e-06,6.989615940669127e-06,6.989615940669127e-06,1.075325529333712e-05,1.075325529333712e-05,1.6543469682057106e-05,1.6543469682057106e-05,1.6543469682057106e-05,1.6543469682057106e-05,1.447683161334699e-07,1.447683161334699e-07,2.2272048635918447e-07,2.2272048635918447e-07,3.42646902091053e-07,3.42646902091053e-07,5.271490801400816e-07,125781,
,,,38,,,,,,,,,,,,,,,,,,,,,,,,,,,,,125789,0.0022008935920894146
,,,38,,,,,,,,,,,,,,,,,,,,,,,,,,,,,125799,0.03529294580221176
,,,38,,,,,,,,,,,,,,,,,,,,,,,,,,,,,125809,0.004698507487773895
,,,38,,,,,,,,,,,,,,,,,,,,,,,,,,,,,125819,0.010400976985692978
,,,38,,,,,,,,,,,,,,,,,,,,,,,,,,,,,125829,0.47669878602027893
,,,38,,,,,,,,,,,,,,,,,,,,,,,,,,,,,125839,0.05354815348982811
,,,38,,,,,,,,,,,,,,,,,,,,,,,,,,,,,125849,0.011224765330553055
,,,38,,,,,,,,,,,,,,,,,,,,,,,,,,,,,125859,0.09078117460012436
,,,38,,,,,,,,,,,,,,,,,,,,,,,,,,,,,125869,0.048505913466215134
,,,38,,,,,,,,,,,,,,,,,,,,,,,,,,,,,125879,0.187800794839859
,,,38,,,,,,,,,,,,,,,,,,,,,,,,,,,,,125889,0.11445596069097519
,,,38,,,,,,,,,,,,,,,,,,,,,,,,,,,,,125899,0.05653446540236473
,,,38,,,,,,,,,,,,,,,,,,,,,,,,,,,,,125909,0.011240151710808277
,,,38,,,,,,,,,,,,,,,,,,,,,,,,,,,,,125919,0.061824895441532135
,,,38,,,,,,,,,,,,,,,,,,,,,,,,,,,,,125929,0.4593914747238159
,,,38,,,,,,,,,,,,,,,,,,,,,,,,,,,,,125939,0.007853432558476925
,,,38,,,,,,,,,,,,,,,,,,,,,,,,,,,,,125949,0.7566609382629395
,,,38,,,,,,,,,,,,,,,,,,,,,,,,,,,,,125959,0.48138073086738586
,,,38,,,,,,,,,,,,,,,,,,,,,,,,,,,,,125969,0.3851013481616974
,,,38,,,,,,,,,,,,,,,,,,,,,,,,,,,,,125979,0.0033119081053882837
,,,38,,,,,,,,,,,,,,,,,,,,,,,,,,,,,125989,0.577178955078125
,,,38,,,,,,,,,,,,,,,,,,,,,,,,,,,,,125999,0.1439058482646942
,,,38,,,,,,,,,,,,,,,,,,,,,,,,,,,,,126009,0.0021995652932673693
,,,38,,,,,,,,,,,,,,,,,,,,,,,,,,,,,126019,0.049066975712776184
,,,38,,,,,,,,,,,,,,,,,,,,,,,,,,,,,126029,0.5555996894836426
,,,38,,,,,,,,,,,,,,,,,,,,,,,,,,,,,126039,0.03125559538602829
,,,38,,,,,,,,,,,,,,,,,,,,,,,,,,,,,126049,0.5454175472259521
,,,38,,,,,,,,,,,,,,,,,,,,,,,,,,,,,126059,0.028322970494627953
,,,38,,,,,,,,,,,,,,,,,,,,,,,,,,,,,126069,0.0036385064013302326
,,,38,,,,,,,,,,,,,,,,,,,,,,,,,,,,,126079,0.026913145557045937
,,,38,,,,,,,,,,,,,,,,,,,,,,,,,,,,,126089,0.030110232532024384
,,,38,,,,,,,,,,,,,,,,,,,,,,,,,,,,,126099,1.2964550256729126
,,,38,,,,,,,,,,,,,,,,,,,,,,,,,,,,,126109,0.32377713918685913
,,,38,,,,,,,,,,,,,,,,,,,,,,,,,,,,,126119,0.26954638957977295
,,,38,,,,,,,,,,,,,,,,,,,,,,,,,,,,,126129,0.008121783845126629
,,,38,,,,,,,,,,,,,,,,,,,,,,,,,,,,,126139,0.0722511038184166
,,,38,,,,,,,,,,,,,,,,,,,,,,,,,,,,,126149,0.02190537191927433
,,,38,,,,,,,,,,,,,,,,,,,,,,,,,,,,,126159,0.976427435874939
,,,38,,,,,,,,,,,,,,,,,,,,,,,,,,,,,126169,0.018993046134710312
,,,38,,,,,,,,,,,,,,,,,,,,,,,,,,,,,126179,0.012535631656646729
,,,38,,,,,,,,,,,,,,,,,,,,,,,,,,,,,126189,0.013857850804924965
,,,38,,,,,,,,,,,,,,,,,,,,,,,,,,,,,126199,0.08214264363050461
,,,38,,,,,,,,,,,,,,,,,,,,,,,,,,,,,126209,0.4390656054019928
,,,38,,,,,,,,,,,,,,,,,,,,,,,,,,,,,126219,0.8418792486190796
,,,38,,,,,,,,,,,,,,,,,,,,,,,,,,,,,126229,0.002035968005657196
,,,38,,,,,,,,,,,,,,,,,,,,,,,,,,,,,126239,0.017199166119098663
,,,38,,,,,,,,,,,,,,,,,,,,,,,,,,,,,126249,0.17943508923053741
,,,38,,,,,,,,,,,,,,,,,,,,,,,,,,,,,126259,0.01388254389166832
,,,38,,,,,,,,,,,,,,,,,,,,,,,,,,,,,126269,0.0016713641816750169
,,,38,,,,,,,,,,,,,,,,,,,,,,,,,,,,,126279,0.012207858264446259
,,,38,,,,,,,,,,,,,,,,,,,,,,,,,,,,,126289,0.07700569927692413
,,,38,,,,,,,,,,,,,,,,,,,,,,,,,,,,,126299,0.09266555309295654
,,,38,,,,,,,,,,,,,,,,,,,,,,,,,,,,,126309,0.006378027610480785
,,,38,,,,,,,,,,,,,,,,,,,,,,,,,,,,,126319,0.08612854033708572
,,,38,,,,,,,,,,,,,,,,,,,,,,,,,,,,,126329,0.006834554951637983
,,,38,,,,,,,,,,,,,,,,,,,,,,,,,,,,,126339,0.010564140044152737
,,,38,,,,,,,,,,,,,,,,,,,,,,,,,,,,,126349,0.0043893661350011826
,,,38,,,,,,,,,,,,,,,,,,,,,,,,,,,,,126359,0.05799416825175285
,,,38,,,,,,,,,,,,,,,,,,,,,,,,,,,,,126369,0.00453707342967391
,,,38,,,,,,,,,,,,,,,,,,,,,,,,,,,,,126379,0.039492662996053696
,,,38,,,,,,,,,,,,,,,,,,,,,,,,,,,,,126389,0.12920404970645905
,,,38,,,,,,,,,,,,,,,,,,,,,,,,,,,,,126399,0.33119186758995056
,,,38,,,,,,,,,,,,,,,,,,,,,,,,,,,,,126409,0.0031441915780305862
,,,38,,,,,,,,,,,,,,,,,,,,,,,,,,,,,126419,0.014809769578278065
,,,38,,,,,,,,,,,,,,,,,,,,,,,,,,,,,126429,0.6356906890869141
,,,38,,,,,,,,,,,,,,,,,,,,,,,,,,,,,126439,0.0072701782919466496
,,,38,,,,,,,,,,,,,,,,,,,,,,,,,,,,,126449,0.18452446162700653
,,,38,,,,,,,,,,,,,,,,,,,,,,,,,,,,,126459,0.0911271944642067
,,,38,,,,,,,,,,,,,,,,,,,,,,,,,,,,,126469,0.03460784628987312
,,,38,,,,,,,,,,,,,,,,,,,,,,,,,,,,,126479,0.019668376073241234
,,,38,,,,,,,,,,,,,,,,,,,,,,,,,,,,,126489,0.18286487460136414
,,,38,,,,,,,,,,,,,,,,,,,,,,,,,,,,,126499,0.5045828819274902
,,,38,,,,,,,,,,,,,,,,,,,,,,,,,,,,,126509,0.004296652507036924
,,,38,,,,,,,,,,,,,,,,,,,,,,,,,,,,,126519,0.6339969038963318
,,,38,,,,,,,,,,,,,,,,,,,,,,,,,,,,,126529,0.02957938052713871
,,,38,,,,,,,,,,,,,,,,,,,,,,,,,,,,,126539,0.05966688320040703
,,,38,,,,,,,,,,,,,,,,,,,,,,,,,,,,,126549,0.7936174869537354
,,,38,,,,,,,,,,,,,,,,,,,,,,,,,,,,,126559,0.2546423375606537
,,,38,,,,,,,,,,,,,,,,,,,,,,,,,,,,,126569,0.005178974475711584
,,,38,,,,,,,,,,,,,,,,,,,,,,,,,,,,,126579,0.0597432516515255
,,,38,,,,,,,,,,,,,,,,,,,,,,,,,,,,,126589,0.0075741917826235294
,,,38,,,,,,,,,,,,,,,,,,,,,,,,,,,,,126599,0.005231316201388836
,,,38,,,,,,,,,,,,,,,,,,,,,,,,,,,,,126609,0.7088028192520142
,,,38,,,,,,,,,,,,,,,,,,,,,,,,,,,,,126619,0.2229694128036499
,,,38,,,,,,,,,,,,,,,,,,,,,,,,,,,,,126629,0.049028582870960236
,,,38,,,,,,,,,,,,,,,,,,,,,,,,,,,,,126639,0.0023421926889568567
,,,38,,,,,,,,,,,,,,,,,,,,,,,,,,,,,126649,0.3103480041027069
,,,38,,,,,,,,,,,,,,,,,,,,,,,,,,,,,126659,0.011195357888936996
,,,38,,,,,,,,,,,,,,,,,,,,,,,,,,,,,126669,0.026915153488516808
,,,38,,,,,,,,,,,,,,,,,,,,,,,,,,,,,126679,0.0029296705033630133
,,,38,,,,,,,,,,,,,,,,,,,,,,,,,,,,,126689,0.00373927247710526
,,,38,,,,,,,,,,,,,,,,,,,,,,,,,,,,,126699,0.3193821310997009
,,,38,,,,,,,,,,,,,,,,,,,,,,,,,,,,,126709,0.09865909814834595
,,,38,,,,,,,,,,,,,,,,,,,,,,,,,,,,,126719,0.010167817585170269
,,,38,,,,,,,,,,,,,,,,,,,,,,,,,,,,,126729,0.06193749979138374
,,,38,,,,,,,,,,,,,,,,,,,,,,,,,,,,,126739,0.11338163167238235
,,,38,,,,,,,,,,,,,,,,,,,,,,,,,,,,,126749,0.4374373257160187
,,,38,,,,,,,,,,,,,,,,,,,,,,,,,,,,,126759,0.1734641045331955
,,,38,,,,,,,,,,,,,,,,,,,,,,,,,,,,,126769,0.007643416058272123
,,,38,,,,,,,,,,,,,,,,,,,,,,,,,,,,,126779,0.37809884548187256
,,,38,,,,,,,,,,,,,,,,,,,,,,,,,,,,,126789,0.3943854868412018
,,,38,,,,,,,,,,,,,,,,,,,,,,,,,,,,,126799,0.06172049045562744
,,,38,,,,,,,,,,,,,,,,,,,,,,,,,,,,,126809,0.035254523158073425
,,,38,,,,,,,,,,,,,,,,,,,,,,,,,,,,,126819,0.007657251320779324
,,,38,,,,,,,,,,,,,,,,,,,,,,,,,,,,,126829,0.06613340973854065
,,,38,,,,,,,,,,,,,,,,,,,,,,,,,,,,,126839,0.627433180809021
,,,38,,,,,,,,,,,,,,,,,,,,,,,,,,,,,126849,0.019655883312225342
,,,38,,,,,,,,,,,,,,,,,,,,,,,,,,,,,126859,0.00259177153930068
,,,38,,,,,,,,,,,,,,,,,,,,,,,,,,,,,126869,0.013860281556844711
,,,38,,,,,,,,,,,,,,,,,,,,,,,,,,,,,126879,0.018318304792046547
,,,38,,,,,,,,,,,,,,,,,,,,,,,,,,,,,126889,0.008465267717838287
,,,38,,,,,,,,,,,,,,,,,,,,,,,,,,,,,126899,0.44509077072143555
,,,38,,,,,,,,,,,,,,,,,,,,,,,,,,,,,126909,0.27502283453941345
,,,38,,,,,,,,,,,,,,,,,,,,,,,,,,,,,126919,0.26271140575408936
,,,38,,,,,,,,,,,,,,,,,,,,,,,,,,,,,126929,0.010585381649434566
,,,38,,,,,,,,,,,,,,,,,,,,,,,,,,,,,126939,0.003671919694170356
,,,38,,,,,,,,,,,,,,,,,,,,,,,,,,,,,126949,1.8986905813217163
,,,38,,,,,,,,,,,,,,,,,,,,,,,,,,,,,126959,0.1922355443239212
,,,38,,,,,,,,,,,,,,,,,,,,,,,,,,,,,126969,0.014052629470825195
,,,38,,,,,,,,,,,,,,,,,,,,,,,,,,,,,126979,0.005896341521292925
,,,38,,,,,,,,,,,,,,,,,,,,,,,,,,,,,126989,0.19071295857429504
,,,38,,,,,,,,,,,,,,,,,,,,,,,,,,,,,126999,0.04474247992038727
,,,38,,,,,,,,,,,,,,,,,,,,,,,,,,,,,127009,0.9076383709907532
,,,38,,,,,,,,,,,,,,,,,,,,,,,,,,,,,127019,0.002362657804042101
,,,38,,,,,,,,,,,,,,,,,,,,,,,,,,,,,127029,0.5688932538032532
,,,38,,,,,,,,,,,,,,,,,,,,,,,,,,,,,127039,0.006174023728817701
,,,38,,,,,,,,,,,,,,,,,,,,,,,,,,,,,127049,0.41102445125579834
,,,38,,,,,,,,,,,,,,,,,,,,,,,,,,,,,127059,0.22155489027500153
,,,38,,,,,,,,,,,,,,,,,,,,,,,,,,,,,127069,0.010108710266649723
,,,38,,,,,,,,,,,,,,,,,,,,,,,,,,,,,127079,0.14385007321834564
,,,38,,,,,,,,,,,,,,,,,,,,,,,,,,,,,127089,0.053461041301488876
,,,38,,,,,,,,,,,,,,,,,,,,,,,,,,,,,127099,0.010573145002126694
,,,38,,,,,,,,,,,,,,,,,,,,,,,,,,,,,127109,0.05561581999063492
,,,38,,,,,,,,,,,,,,,,,,,,,,,,,,,,,127119,0.005124078597873449
,,,38,,,,,,,,,,,,,,,,,,,,,,,,,,,,,127129,0.1277533918619156
,,,38,,,,,,,,,,,,,,,,,,,,,,,,,,,,,127139,0.42027077078819275
,,,38,,,,,,,,,,,,,,,,,,,,,,,,,,,,,127149,0.16946233808994293
,,,38,,,,,,,,,,,,,,,,,,,,,,,,,,,,,127159,0.022480107843875885
,,,38,,,,,,,,,,,,,,,,,,,,,,,,,,,,,127169,0.02881353721022606
,,,38,,,,,,,,,,,,,,,,,,,,,,,,,,,,,127179,0.04001113027334213
,,,38,,,,,,,,,,,,,,,,,,,,,,,,,,,,,127189,0.2194768488407135
,,,38,,,,,,,,,,,,,,,,,,,,,,,,,,,,,127199,0.03199230507016182
,,,38,,,,,,,,,,,,,,,,,,,,,,,,,,,,,127209,0.17999069392681122
,,,38,,,,,,,,,,,,,,,,,,,,,,,,,,,,,127219,0.010158861055970192
,,,38,,,,,,,,,,,,,,,,,,,,,,,,,,,,,127229,0.009952113032341003
,,,38,,,,,,,,,,,,,,,,,,,,,,,,,,,,,127239,0.1876731514930725
,,,38,,,,,,,,,,,,,,,,,,,,,,,,,,,,,127249,0.0038769314996898174
,,,38,,,,,,,,,,,,,,,,,,,,,,,,,,,,,127259,0.01249122153967619
,,,38,,,,,,,,,,,,,,,,,,,,,,,,,,,,,127269,0.023292748257517815
,,,38,,,,,,,,,,,,,,,,,,,,,,,,,,,,,127279,0.5076530575752258
,,,38,,,,,,,,,,,,,,,,,,,,,,,,,,,,,127289,0.008473196998238564
,,,38,,,,,,,,,,,,,,,,,,,,,,,,,,,,,127299,0.004765589255839586
,,,38,,,,,,,,,,,,,,,,,,,,,,,,,,,,,127309,0.055300384759902954
,,,38,,,,,,,,,,,,,,,,,,,,,,,,,,,,,127319,0.300525426864624
,,,38,,,,,,,,,,,,,,,,,,,,,,,,,,,,,127329,0.058405689895153046
,,,38,,,,,,,,,,,,,,,,,,,,,,,,,,,,,127339,0.002245028503239155
,,,38,,,,,,,,,,,,,,,,,,,,,,,,,,,,,127349,0.013013011775910854
,,,38,,,,,,,,,,,,,,,,,,,,,,,,,,,,,127359,0.004796065855771303
,,,38,,,,,,,,,,,,,,,,,,,,,,,,,,,,,127369,0.2612262964248657
,,,38,,,,,,,,,,,,,,,,,,,,,,,,,,,,,127379,0.014249678701162338
,,,38,,,,,,,,,,,,,,,,,,,,,,,,,,,,,127389,0.012051280587911606
,,,38,,,,,,,,,,,,,,,,,,,,,,,,,,,,,127399,0.18496395647525787
,,,38,,,,,,,,,,,,,,,,,,,,,,,,,,,,,127409,0.01170483697205782
,,,38,,,,,,,,,,,,,,,,,,,,,,,,,,,,,127419,0.01730877161026001
,,,38,,,,,,,,,,,,,,,,,,,,,,,,,,,,,127429,0.008950522169470787
,,,38,,,,,,,,,,,,,,,,,,,,,,,,,,,,,127439,0.008940774016082287
,,,38,,,,,,,,,,,,,,,,,,,,,,,,,,,,,127449,0.4065660238265991
,,,38,,,,,,,,,,,,,,,,,,,,,,,,,,,,,127459,0.004005617927759886
,,,38,,,,,,,,,,,,,,,,,,,,,,,,,,,,,127469,0.01822870410978794
,,,38,,,,,,,,,,,,,,,,,,,,,,,,,,,,,127479,0.058229174464941025
,,,38,,,,,,,,,,,,,,,,,,,,,,,,,,,,,127489,0.25051864981651306
,,,38,,,,,,,,,,,,,,,,,,,,,,,,,,,,,127499,0.3188844621181488
,,,38,,,,,,,,,,,,,,,,,,,,,,,,,,,,,127509,0.030446117743849754
,,,38,,,,,,,,,,,,,,,,,,,,,,,,,,,,,127519,0.18779578804969788
,,,38,,,,,,,,,,,,,,,,,,,,,,,,,,,,,127529,0.005599360913038254
,,,38,,,,,,,,,,,,,,,,,,,,,,,,,,,,,127539,0.5187489986419678
,,,38,,,,,,,,,,,,,,,,,,,,,,,,,,,,,127549,0.004935917444527149
,,,38,,,,,,,,,,,,,,,,,,,,,,,,,,,,,127559,0.0024714984465390444
,,,38,,,,,,,,,,,,,,,,,,,,,,,,,,,,,127569,0.007845823653042316
,,,38,,,,,,,,,,,,,,,,,,,,,,,,,,,,,127579,0.6051562428474426
,,,38,,,,,,,,,,,,,,,,,,,,,,,,,,,,,127589,0.005708880722522736
,,,38,,,,,,,,,,,,,,,,,,,,,,,,,,,,,127599,0.16246120631694794
,,,38,,,,,,,,,,,,,,,,,,,,,,,,,,,,,127609,0.010584991425275803
,,,38,,,,,,,,,,,,,,,,,,,,,,,,,,,,,127619,0.014669452793896198
,,,38,,,,,,,,,,,,,,,,,,,,,,,,,,,,,127629,0.10789591819047928
,,,38,,,,,,,,,,,,,,,,,,,,,,,,,,,,,127639,0.5223506689071655
,,,38,,,,,,,,,,,,,,,,,,,,,,,,,,,,,127649,0.03993804380297661
,,,38,,,,,,,,,,,,,,,,,,,,,,,,,,,,,127659,0.0037889431696385145
,,,38,,,,,,,,,,,,,,,,,,,,,,,,,,,,,127669,0.007154853083193302
,,,38,,,,,,,,,,,,,,,,,,,,,,,,,,,,,127679,0.02722306363284588
,,,38,,,,,,,,,,,,,,,,,,,,,,,,,,,,,127689,0.025475813075900078
,,,38,,,,,,,,,,,,,,,,,,,,,,,,,,,,,127699,0.09233473986387253
,,,38,,,,,,,,,,,,,,,,,,,,,,,,,,,,,127709,2.481537342071533
,,,38,,,,,,,,,,,,,,,,,,,,,,,,,,,,,127719,0.0036911428906023502
,,,38,,,,,,,,,,,,,,,,,,,,,,,,,,,,,127729,0.0031679151579737663
,,,38,,,,,,,,,,,,,,,,,,,,,,,,,,,,,127739,0.008804001845419407
,,,38,,,,,,,,,,,,,,,,,,,,,,,,,,,,,127749,0.005646054167300463
,,,38,,,,,,,,,,,,,,,,,,,,,,,,,,,,,127759,0.09560143947601318
,,,38,,,,,,,,,,,,,,,,,,,,,,,,,,,,,127769,0.8498231172561646
,,,38,,,,,,,,,,,,,,,,,,,,,,,,,,,,,127779,0.4463227689266205
,,,38,,,,,,,,,,,,,,,,,,,,,,,,,,,,,127789,0.0058906227350234985
,,,38,,,,,,,,,,,,,,,,,,,,,,,,,,,,,127799,0.41678744554519653
,,,38,,,,,,,,,,,,,,,,,,,,,,,,,,,,,127809,0.21820245683193207
,,,38,,,,,,,,,,,,,,,,,,,,,,,,,,,,,127819,0.004334666766226292
,,,38,,,,,,,,,,,,,,,,,,,,,,,,,,,,,127829,0.21801570057868958
,,,38,,,,,,,,,,,,,,,,,,,,,,,,,,,,,127839,0.003692441852763295
,,,38,,,,,,,,,,,,,,,,,,,,,,,,,,,,,127849,0.9940897226333618
,,,38,,,,,,,,,,,,,,,,,,,,,,,,,,,,,127859,0.002540482208132744
,,,38,,,,,,,,,,,,,,,,,,,,,,,,,,,,,127869,0.03507043048739433
,,,38,,,,,,,,,,,,,,,,,,,,,,,,,,,,,127879,0.002501192269846797
,,,38,,,,,,,,,,,,,,,,,,,,,,,,,,,,,127889,0.4491282105445862
,,,38,,,,,,,,,,,,,,,,,,,,,,,,,,,,,127899,0.0037833168171346188
,,,38,,,,,,,,,,,,,,,,,,,,,,,,,,,,,127909,0.004208018537610769
,,,38,,,,,,,,,,,,,,,,,,,,,,,,,,,,,127919,0.021639447659254074
,,,38,,,,,,,,,,,,,,,,,,,,,,,,,,,,,127929,0.36533114314079285
,,,38,,,,,,,,,,,,,,,,,,,,,,,,,,,,,127939,0.015047150664031506
,,,38,,,,,,,,,,,,,,,,,,,,,,,,,,,,,127949,0.004701834172010422
,,,38,,,,,,,,,,,,,,,,,,,,,,,,,,,,,127959,0.0062472280114889145
,,,38,,,,,,,,,,,,,,,,,,,,,,,,,,,,,127969,0.5400566458702087
,,,38,,,,,,,,,,,,,,,,,,,,,,,,,,,,,127979,0.12377801537513733
,,,38,,,,,,,,,,,,,,,,,,,,,,,,,,,,,127989,0.01806669495999813
,,,38,,,,,,,,,,,,,,,,,,,,,,,,,,,,,127999,0.21370267868041992
,,,38,,,,,,,,,,,,,,,,,,,,,,,,,,,,,128009,0.5948367118835449
,,,38,,,,,,,,,,,,,,,,,,,,,,,,,,,,,128019,0.01000963244587183
,,,38,,,,,,,,,,,,,,,,,,,,,,,,,,,,,128029,0.00761555228382349
,,,38,,,,,,,,,,,,,,,,,,,,,,,,,,,,,128039,0.43900221586227417
,,,38,,,,,,,,,,,,,,,,,,,,,,,,,,,,,128049,0.07174088060855865
,,,38,,,,,,,,,,,,,,,,,,,,,,,,,,,,,128059,0.005254252813756466
,,,38,,,,,,,,,,,,,,,,,,,,,,,,,,,,,128069,0.007163458503782749
,,,38,,,,,,,,,,,,,,,,,,,,,,,,,,,,,128079,0.08534081280231476
,,,38,,,,,,,,,,,,,,,,,,,,,,,,,,,,,128089,0.026777993887662888
,,,38,,,,,,,,,,,,,,,,,,,,,,,,,,,,,128099,0.021275073289871216
,,,38,,,,,,,,,,,,,,,,,,,,,,,,,,,,,128109,0.01815011538565159
,,,38,,,,,,,,,,,,,,,,,,,,,,,,,,,,,128119,0.3104029893875122
,,,38,,,,,,,,,,,,,,,,,,,,,,,,,,,,,128129,0.05062518268823624
,,,38,,,,,,,,,,,,,,,,,,,,,,,,,,,,,128139,0.010902843438088894
,,,38,,,,,,,,,,,,,,,,,,,,,,,,,,,,,128149,0.006099318619817495
,,,38,,,,,,,,,,,,,,,,,,,,,,,,,,,,,128159,0.19454507529735565
,,,38,,,,,,,,,,,,,,,,,,,,,,,,,,,,,128169,0.21925778687000275
,,,38,,,,,,,,,,,,,,,,,,,,,,,,,,,,,128179,0.681106448173523
,,,38,,,,,,,,,,,,,,,,,,,,,,,,,,,,,128189,0.1636573076248169
,,,38,,,,,,,,,,,,,,,,,,,,,,,,,,,,,128199,0.016387879848480225
,,,38,,,,,,,,,,,,,,,,,,,,,,,,,,,,,128209,0.058368951082229614
,,,38,,,,,,,,,,,,,,,,,,,,,,,,,,,,,128219,0.013218363747000694
,,,38,,,,,,,,,,,,,,,,,,,,,,,,,,,,,128229,0.2346719354391098
,,,38,,,,,,,,,,,,,,,,,,,,,,,,,,,,,128239,0.053526297211647034
,,,38,,,,,,,,,,,,,,,,,,,,,,,,,,,,,128249,0.7004345655441284
,,,38,,,,,,,,,,,,,,,,,,,,,,,,,,,,,128259,0.030774705111980438
,,,38,,,,,,,,,,,,,,,,,,,,,,,,,,,,,128269,0.8511829376220703
,,,38,,,,,,,,,,,,,,,,,,,,,,,,,,,,,128279,0.003748422721400857
,,,38,,,,,,,,,,,,,,,,,,,,,,,,,,,,,128289,0.0625588521361351
,,,38,,,,,,,,,,,,,,,,,,,,,,,,,,,,,128299,1.311623215675354
,,,38,,,,,,,,,,,,,,,,,,,,,,,,,,,,,128309,0.013788486830890179
,,,38,,,,,,,,,,,,,,,,,,,,,,,,,,,,,128319,0.6333935260772705
,,,38,,,,,,,,,,,,,,,,,,,,,,,,,,,,,128329,0.25023898482322693
,,,38,,,,,,,,,,,,,,,,,,,,,,,,,,,,,128339,0.06169023737311363
,,,38,,,,,,,,,,,,,,,,,,,,,,,,,,,,,128349,0.018450051546096802
,,,38,,,,,,,,,,,,,,,,,,,,,,,,,,,,,128359,0.46749669313430786
,,,38,,,,,,,,,,,,,,,,,,,,,,,,,,,,,128369,0.21010266244411469
,,,38,,,,,,,,,,,,,,,,,,,,,,,,,,,,,128379,0.28086212277412415
,,,38,,,,,,,,,,,,,,,,,,,,,,,,,,,,,128389,0.016299137845635414
,,,38,,,,,,,,,,,,,,,,,,,,,,,,,,,,,128399,0.009426545351743698
,,,38,,,,,,,,,,,,,,,,,,,,,,,,,,,,,128409,0.020916346460580826
,,,38,,,,,,,,,,,,,,,,,,,,,,,,,,,,,128419,0.30499470233917236
,,,38,,,,,,,,,,,,,,,,,,,,,,,,,,,,,128429,0.3395651876926422
,,,38,,,,,,,,,,,,,,,,,,,,,,,,,,,,,128439,0.05829323083162308
,,,38,,,,,,,,,,,,,,,,,,,,,,,,,,,,,128449,0.1534109115600586
,,,38,,,,,,,,,,,,,,,,,,,,,,,,,,,,,128459,0.006068714894354343
,,,38,,,,,,,,,,,,,,,,,,,,,,,,,,,,,128469,0.08094675838947296
,,,38,,,,,,,,,,,,,,,,,,,,,,,,,,,,,128479,0.2702239453792572
,,,38,,,,,,,,,,,,,,,,,,,,,,,,,,,,,128489,0.3029324412345886
,,,38,,,,,,,,,,,,,,,,,,,,,,,,,,,,,128499,0.14086352288722992
,,,38,,,,,,,,,,,,,,,,,,,,,,,,,,,,,128509,0.0038511771708726883
,,,38,,,,,,,,,,,,,,,,,,,,,,,,,,,,,128519,0.0036639058962464333
,,,38,,,,,,,,,,,,,,,,,,,,,,,,,,,,,128529,0.07438782602548599
,,,38,,,,,,,,,,,,,,,,,,,,,,,,,,,,,128539,0.26968908309936523
,,,38,,,,,,,,,,,,,,,,,,,,,,,,,,,,,128549,0.0057084341533482075
,,,38,,,,,,,,,,,,,,,,,,,,,,,,,,,,,128559,0.1382410228252411
,,,38,,,,,,,,,,,,,,,,,,,,,,,,,,,,,128569,0.03786759078502655
,,,38,,,,,,,,,,,,,,,,,,,,,,,,,,,,,128579,0.00802023895084858
,,,38,,,,,,,,,,,,,,,,,,,,,,,,,,,,,128589,0.7783277630805969
,,,38,,,,,,,,,,,,,,,,,,,,,,,,,,,,,128599,0.48241934180259705
,,,38,,,,,,,,,,,,,,,,,,,,,,,,,,,,,128609,0.09796584397554398
,,,38,,,,,,,,,,,,,,,,,,,,,,,,,,,,,128619,0.2636805474758148
,,,38,,,,,,,,,,,,,,,,,,,,,,,,,,,,,128629,0.03192153945565224
,,,38,,,,,,,,,,,,,,,,,,,,,,,,,,,,,128639,0.022085150703787804
,,,38,,,,,,,,,,,,,,,,,,,,,,,,,,,,,128649,0.10654478520154953
,,,38,,,,,,,,,,,,,,,,,,,,,,,,,,,,,128659,0.00882119219750166
,,,38,,,,,,,,,,,,,,,,,,,,,,,,,,,,,128669,0.010048815049231052
,,,38,,,,,,,,,,,,,,,,,,,,,,,,,,,,,128679,0.01826144941151142
,,,38,,,,,,,,,,,,,,,,,,,,,,,,,,,,,128689,0.7565189599990845
,,,38,,,,,,,,,,,,,,,,,,,,,,,,,,,,,128699,0.22659055888652802
,,,38,,,,,,,,,,,,,,,,,,,,,,,,,,,,,128709,0.021269015967845917
,,,38,,,,,,,,,,,,,,,,,,,,,,,,,,,,,128719,0.360153466463089
,,,38,,,,,,,,,,,,,,,,,,,,,,,,,,,,,128729,0.016211261972784996
,,,38,,,,,,,,,,,,,,,,,,,,,,,,,,,,,128739,0.03302277997136116
,,,38,,,,,,,,,,,,,,,,,,,,,,,,,,,,,128749,0.022843606770038605
,,,38,,,,,,,,,,,,,,,,,,,,,,,,,,,,,128759,0.006062170024961233
,,,38,,,,,,,,,,,,,,,,,,,,,,,,,,,,,128769,0.5316974520683289
,,,38,,,,,,,,,,,,,,,,,,,,,,,,,,,,,128779,0.2620684802532196
,,,38,,,,,,,,,,,,,,,,,,,,,,,,,,,,,128789,0.07339160144329071
,,,38,,,,,,,,,,,,,,,,,,,,,,,,,,,,,128799,0.1436578929424286
,,,38,,,,,,,,,,,,,,,,,,,,,,,,,,,,,128809,0.0020366183016449213
,,,38,,,,,,,,,,,,,,,,,,,,,,,,,,,,,128819,0.24030853807926178
,,,38,,,,,,,,,,,,,,,,,,,,,,,,,,,,,128829,0.0030263052321970463
,,,38,,,,,,,,,,,,,,,,,,,,,,,,,,,,,128839,0.05871955305337906
,,,38,,,,,,,,,,,,,,,,,,,,,,,,,,,,,128849,0.48853084444999695
,,,38,,,,,,,,,,,,,,,,,,,,,,,,,,,,,128859,0.00729699432849884
,,,38,,,,,,,,,,,,,,,,,,,,,,,,,,,,,128869,0.08195734769105911
,,,38,,,,,,,,,,,,,,,,,,,,,,,,,,,,,128879,0.48940199613571167
,,,38,,,,,,,,,,,,,,,,,,,,,,,,,,,,,128889,0.004155408125370741
,,,38,,,,,,,,,,,,,,,,,,,,,,,,,,,,,128899,0.34735479950904846
,,,38,,,,,,,,,,,,,,,,,,,,,,,,,,,,,128909,0.0022682901471853256
,,,38,,,,,,,,,,,,,,,,,,,,,,,,,,,,,128919,0.004763822536915541
,,,38,,,,,,,,,,,,,,,,,,,,,,,,,,,,,128929,0.08504121005535126
,,,38,,,,,,,,,,,,,,,,,,,,,,,,,,,,,128939,0.012677819468080997
,,,38,,,,,,,,,,,,,,,,,,,,,,,,,,,,,128949,0.3452777862548828
,,,38,,,,,,,,,,,,,,,,,,,,,,,,,,,,,128959,0.18336345255374908
,,,38,,,,,,,,,,,,,,,,,,,,,,,,,,,,,128969,0.41697514057159424
,,,38,,,,,,,,,,,,,,,,,,,,,,,,,,,,,128979,0.5702029466629028
,,,38,,,,,,,,,,,,,,,,,,,,,,,,,,,,,128989,0.2819744944572449
,,,38,,,,,,,,,,,,,,,,,,,,,,,,,,,,,128999,0.0446229912340641
,,,38,,,,,,,,,,,,,,,,,,,,,,,,,,,,,129009,0.9096221923828125
,,,38,,,,,,,,,,,,,,,,,,,,,,,,,,,,,129019,0.18166689574718475
,,,38,,,,,,,,,,,,,,,,,,,,,,,,,,,,,129029,0.05148047208786011
,,,38,,,,,,,,,,,,,,,,,,,,,,,,,,,,,129039,0.6475723385810852
,,,38,,,,,,,,,,,,,,,,,,,,,,,,,,,,,129049,0.24067646265029907
,,,38,,,,,,,,,,,,,,,,,,,,,,,,,,,,,129059,0.2265782654285431
,,,38,,,,,,,,,,,,,,,,,,,,,,,,,,,,,129069,0.04875999689102173
,,,38,,,,,,,,,,,,,,,,,,,,,,,,,,,,,129079,0.025747373700141907
,,,38,,,,,,,,,,,,,,,,,,,,,,,,,,,,,129089,1.0021525621414185
,,,,7.981988796634066e-08,4.4715458403468026e-07,6.879301292841234e-07,6.879301292841234e-07,1.0583540450524976e-06,1.0583540450524976e-06,1.6282369923884576e-06,1.6282369923884576e-06,2.5049799882899347e-06,2.5049799882899347e-06,3.8538153665998995e-06,7.981988796634066e-08,3.8538153665998995e-06,5.928946717845999e-06,5.928946717845999e-06,9.121456488993845e-06,9.121456488993845e-06,1.4033009983067452e-05,1.4033009983067452e-05,1.4033009983067452e-05,1.4033009983067452e-05,1.2279982764052406e-07,1.2279982764052406e-07,1.8892281175465242e-07,1.8892281175465242e-07,2.906504796225422e-07,2.906504796225422e-07,4.4715458403468026e-07,129091,
,,,39,,,,,,,,,,,,,,,,,,,,,,,,,,,,,129099,0.004290246870368719
,,,39,,,,,,,,,,,,,,,,,,,,,,,,,,,,,129109,0.16570337116718292
,,,39,,,,,,,,,,,,,,,,,,,,,,,,,,,,,129119,0.0021092589013278484
,,,39,,,,,,,,,,,,,,,,,,,,,,,,,,,,,129129,0.028345424681901932
,,,39,,,,,,,,,,,,,,,,,,,,,,,,,,,,,129139,0.004388819914311171
,,,39,,,,,,,,,,,,,,,,,,,,,,,,,,,,,129149,0.0038527220021933317
,,,39,,,,,,,,,,,,,,,,,,,,,,,,,,,,,129159,0.15607208013534546
,,,39,,,,,,,,,,,,,,,,,,,,,,,,,,,,,129169,0.0032603908330202103
,,,39,,,,,,,,,,,,,,,,,,,,,,,,,,,,,129179,0.3619420528411865
,,,39,,,,,,,,,,,,,,,,,,,,,,,,,,,,,129189,0.003765916218981147
,,,39,,,,,,,,,,,,,,,,,,,,,,,,,,,,,129199,0.5636335611343384
,,,39,,,,,,,,,,,,,,,,,,,,,,,,,,,,,129209,0.0021583642810583115
,,,39,,,,,,,,,,,,,,,,,,,,,,,,,,,,,129219,0.021970439702272415
,,,39,,,,,,,,,,,,,,,,,,,,,,,,,,,,,129229,0.27772220969200134
,,,39,,,,,,,,,,,,,,,,,,,,,,,,,,,,,129239,0.2256627231836319
,,,39,,,,,,,,,,,,,,,,,,,,,,,,,,,,,129249,0.006511390209197998
,,,39,,,,,,,,,,,,,,,,,,,,,,,,,,,,,129259,0.021118314936757088
,,,39,,,,,,,,,,,,,,,,,,,,,,,,,,,,,129269,0.004006142728030682
,,,39,,,,,,,,,,,,,,,,,,,,,,,,,,,,,129279,0.0031557404436171055
,,,39,,,,,,,,,,,,,,,,,,,,,,,,,,,,,129289,0.008009711280465126
,,,39,,,,,,,,,,,,,,,,,,,,,,,,,,,,,129299,0.00625942787155509
,,,39,,,,,,,,,,,,,,,,,,,,,,,,,,,,,129309,0.006933127995580435
,,,39,,,,,,,,,,,,,,,,,,,,,,,,,,,,,129319,0.0014805924147367477
,,,39,,,,,,,,,,,,,,,,,,,,,,,,,,,,,129329,0.05581933259963989
,,,39,,,,,,,,,,,,,,,,,,,,,,,,,,,,,129339,0.01962532289326191
,,,39,,,,,,,,,,,,,,,,,,,,,,,,,,,,,129349,0.18398089706897736
,,,39,,,,,,,,,,,,,,,,,,,,,,,,,,,,,129359,0.0035436577163636684
,,,39,,,,,,,,,,,,,,,,,,,,,,,,,,,,,129369,0.26708921790122986
,,,39,,,,,,,,,,,,,,,,,,,,,,,,,,,,,129379,0.022551333531737328
,,,39,,,,,,,,,,,,,,,,,,,,,,,,,,,,,129389,0.07142160087823868
,,,39,,,,,,,,,,,,,,,,,,,,,,,,,,,,,129399,0.16142326593399048
,,,39,,,,,,,,,,,,,,,,,,,,,,,,,,,,,129409,0.23617978394031525
,,,39,,,,,,,,,,,,,,,,,,,,,,,,,,,,,129419,0.49779537320137024
,,,39,,,,,,,,,,,,,,,,,,,,,,,,,,,,,129429,0.3427654504776001
,,,39,,,,,,,,,,,,,,,,,,,,,,,,,,,,,129439,0.3308689594268799
,,,39,,,,,,,,,,,,,,,,,,,,,,,,,,,,,129449,0.0016641890397295356
,,,39,,,,,,,,,,,,,,,,,,,,,,,,,,,,,129459,0.02599799446761608
,,,39,,,,,,,,,,,,,,,,,,,,,,,,,,,,,129469,0.3024853467941284
,,,39,,,,,,,,,,,,,,,,,,,,,,,,,,,,,129479,0.009525498375296593
,,,39,,,,,,,,,,,,,,,,,,,,,,,,,,,,,129489,0.012027873657643795
,,,39,,,,,,,,,,,,,,,,,,,,,,,,,,,,,129499,0.047488756477832794
,,,39,,,,,,,,,,,,,,,,,,,,,,,,,,,,,129509,0.0027838966343551874
,,,39,,,,,,,,,,,,,,,,,,,,,,,,,,,,,129519,0.013768271543085575
,,,39,,,,,,,,,,,,,,,,,,,,,,,,,,,,,129529,0.36513885855674744
,,,39,,,,,,,,,,,,,,,,,,,,,,,,,,,,,129539,0.18072299659252167
,,,39,,,,,,,,,,,,,,,,,,,,,,,,,,,,,129549,0.05648627132177353
,,,39,,,,,,,,,,,,,,,,,,,,,,,,,,,,,129559,0.21764837205410004
,,,39,,,,,,,,,,,,,,,,,,,,,,,,,,,,,129569,0.006969872396439314
,,,39,,,,,,,,,,,,,,,,,,,,,,,,,,,,,129579,0.43151330947875977
,,,39,,,,,,,,,,,,,,,,,,,,,,,,,,,,,129589,0.6809563636779785
,,,39,,,,,,,,,,,,,,,,,,,,,,,,,,,,,129599,0.5053969621658325
,,,39,,,,,,,,,,,,,,,,,,,,,,,,,,,,,129609,0.03717968985438347
,,,39,,,,,,,,,,,,,,,,,,,,,,,,,,,,,129619,0.10258632898330688
,,,39,,,,,,,,,,,,,,,,,,,,,,,,,,,,,129629,0.03535647690296173
,,,39,,,,,,,,,,,,,,,,,,,,,,,,,,,,,129639,0.08440788835287094
,,,39,,,,,,,,,,,,,,,,,,,,,,,,,,,,,129649,1.0773242712020874
,,,39,,,,,,,,,,,,,,,,,,,,,,,,,,,,,129659,0.005099305417388678
,,,39,,,,,,,,,,,,,,,,,,,,,,,,,,,,,129669,0.19724376499652863
,,,39,,,,,,,,,,,,,,,,,,,,,,,,,,,,,129679,0.007207595743238926
,,,39,,,,,,,,,,,,,,,,,,,,,,,,,,,,,129689,0.06946473568677902
,,,39,,,,,,,,,,,,,,,,,,,,,,,,,,,,,129699,0.010755245573818684
,,,39,,,,,,,,,,,,,,,,,,,,,,,,,,,,,129709,0.3330146074295044
,,,39,,,,,,,,,,,,,,,,,,,,,,,,,,,,,129719,0.04083714634180069
,,,39,,,,,,,,,,,,,,,,,,,,,,,,,,,,,129729,0.5123468041419983
,,,39,,,,,,,,,,,,,,,,,,,,,,,,,,,,,129739,0.42713770270347595
,,,39,,,,,,,,,,,,,,,,,,,,,,,,,,,,,129749,0.20328237116336823
,,,39,,,,,,,,,,,,,,,,,,,,,,,,,,,,,129759,0.015517479740083218
,,,39,,,,,,,,,,,,,,,,,,,,,,,,,,,,,129769,0.0034796788822859526
,,,39,,,,,,,,,,,,,,,,,,,,,,,,,,,,,129779,0.03111218474805355
,,,39,,,,,,,,,,,,,,,,,,,,,,,,,,,,,129789,0.7750169038772583
,,,39,,,,,,,,,,,,,,,,,,,,,,,,,,,,,129799,0.18212902545928955
,,,39,,,,,,,,,,,,,,,,,,,,,,,,,,,,,129809,0.0023832626175135374
,,,39,,,,,,,,,,,,,,,,,,,,,,,,,,,,,129819,0.04674109071493149
,,,39,,,,,,,,,,,,,,,,,,,,,,,,,,,,,129829,0.0031170090660452843
,,,39,,,,,,,,,,,,,,,,,,,,,,,,,,,,,129839,0.0034692648332566023
,,,39,,,,,,,,,,,,,,,,,,,,,,,,,,,,,129849,0.4670380651950836
,,,39,,,,,,,,,,,,,,,,,,,,,,,,,,,,,129859,0.04347291961312294
,,,39,,,,,,,,,,,,,,,,,,,,,,,,,,,,,129869,0.32926684617996216
,,,39,,,,,,,,,,,,,,,,,,,,,,,,,,,,,129879,0.23208670318126678
,,,39,,,,,,,,,,,,,,,,,,,,,,,,,,,,,129889,0.0019562169909477234
,,,39,,,,,,,,,,,,,,,,,,,,,,,,,,,,,129899,0.2452208399772644
,,,39,,,,,,,,,,,,,,,,,,,,,,,,,,,,,129909,0.13729996979236603
,,,39,,,,,,,,,,,,,,,,,,,,,,,,,,,,,129919,0.8369439244270325
,,,39,,,,,,,,,,,,,,,,,,,,,,,,,,,,,129929,0.19067835807800293
,,,39,,,,,,,,,,,,,,,,,,,,,,,,,,,,,129939,0.018190676346421242
,,,39,,,,,,,,,,,,,,,,,,,,,,,,,,,,,129949,0.17378661036491394
,,,39,,,,,,,,,,,,,,,,,,,,,,,,,,,,,129959,0.021752838045358658
,,,39,,,,,,,,,,,,,,,,,,,,,,,,,,,,,129969,0.03711774945259094
,,,39,,,,,,,,,,,,,,,,,,,,,,,,,,,,,129979,0.1823834627866745
,,,39,,,,,,,,,,,,,,,,,,,,,,,,,,,,,129989,0.04779121279716492
,,,39,,,,,,,,,,,,,,,,,,,,,,,,,,,,,129999,0.3273501992225647
,,,39,,,,,,,,,,,,,,,,,,,,,,,,,,,,,130009,0.11410132795572281
,,,39,,,,,,,,,,,,,,,,,,,,,,,,,,,,,130019,0.023595696315169334
,,,39,,,,,,,,,,,,,,,,,,,,,,,,,,,,,130029,0.0011029400629922748
,,,39,,,,,,,,,,,,,,,,,,,,,,,,,,,,,130039,0.03028138354420662
,,,39,,,,,,,,,,,,,,,,,,,,,,,,,,,,,130049,0.20305080711841583
,,,39,,,,,,,,,,,,,,,,,,,,,,,,,,,,,130059,1.0818939208984375
,,,39,,,,,,,,,,,,,,,,,,,,,,,,,,,,,130069,0.06487388163805008
,,,39,,,,,,,,,,,,,,,,,,,,,,,,,,,,,130079,0.08745939284563065
,,,39,,,,,,,,,,,,,,,,,,,,,,,,,,,,,130089,0.45571044087409973
,,,39,,,,,,,,,,,,,,,,,,,,,,,,,,,,,130099,0.011791831813752651
,,,39,,,,,,,,,,,,,,,,,,,,,,,,,,,,,130109,0.4306965470314026
,,,39,,,,,,,,,,,,,,,,,,,,,,,,,,,,,130119,0.3787279725074768
,,,39,,,,,,,,,,,,,,,,,,,,,,,,,,,,,130129,0.36467066407203674
,,,39,,,,,,,,,,,,,,,,,,,,,,,,,,,,,130139,0.30337655544281006
,,,39,,,,,,,,,,,,,,,,,,,,,,,,,,,,,130149,0.049779221415519714
,,,39,,,,,,,,,,,,,,,,,,,,,,,,,,,,,130159,0.34749990701675415
,,,39,,,,,,,,,,,,,,,,,,,,,,,,,,,,,130169,0.016899455338716507
,,,39,,,,,,,,,,,,,,,,,,,,,,,,,,,,,130179,0.12313061207532883
,,,39,,,,,,,,,,,,,,,,,,,,,,,,,,,,,130189,0.014438273385167122
,,,39,,,,,,,,,,,,,,,,,,,,,,,,,,,,,130199,0.895839273929596
,,,39,,,,,,,,,,,,,,,,,,,,,,,,,,,,,130209,0.015751764178276062
,,,39,,,,,,,,,,,,,,,,,,,,,,,,,,,,,130219,0.3217228949069977
,,,39,,,,,,,,,,,,,,,,,,,,,,,,,,,,,130229,0.009948295541107655
,,,39,,,,,,,,,,,,,,,,,,,,,,,,,,,,,130239,0.007486528716981411
,,,39,,,,,,,,,,,,,,,,,,,,,,,,,,,,,130249,0.16706272959709167
,,,39,,,,,,,,,,,,,,,,,,,,,,,,,,,,,130259,0.004414777737110853
,,,39,,,,,,,,,,,,,,,,,,,,,,,,,,,,,130269,0.002646649954840541
,,,39,,,,,,,,,,,,,,,,,,,,,,,,,,,,,130279,0.023133063688874245
,,,39,,,,,,,,,,,,,,,,,,,,,,,,,,,,,130289,0.00712954206392169
,,,39,,,,,,,,,,,,,,,,,,,,,,,,,,,,,130299,0.0031494107097387314
,,,39,,,,,,,,,,,,,,,,,,,,,,,,,,,,,130309,0.5877938866615295
,,,39,,,,,,,,,,,,,,,,,,,,,,,,,,,,,130319,0.007311274763196707
,,,39,,,,,,,,,,,,,,,,,,,,,,,,,,,,,130329,0.0028301000129431486
,,,39,,,,,,,,,,,,,,,,,,,,,,,,,,,,,130339,0.015251047909259796
,,,39,,,,,,,,,,,,,,,,,,,,,,,,,,,,,130349,0.1675693243741989
,,,39,,,,,,,,,,,,,,,,,,,,,,,,,,,,,130359,0.016512950882315636
,,,39,,,,,,,,,,,,,,,,,,,,,,,,,,,,,130369,0.03485633060336113
,,,39,,,,,,,,,,,,,,,,,,,,,,,,,,,,,130379,0.34201347827911377
,,,39,,,,,,,,,,,,,,,,,,,,,,,,,,,,,130389,0.09279415756464005
,,,39,,,,,,,,,,,,,,,,,,,,,,,,,,,,,130399,0.018724076449871063
,,,39,,,,,,,,,,,,,,,,,,,,,,,,,,,,,130409,0.002950325608253479
,,,39,,,,,,,,,,,,,,,,,,,,,,,,,,,,,130419,0.3320563733577728
,,,39,,,,,,,,,,,,,,,,,,,,,,,,,,,,,130429,0.0076436991803348064
,,,39,,,,,,,,,,,,,,,,,,,,,,,,,,,,,130439,0.2102569341659546
,,,39,,,,,,,,,,,,,,,,,,,,,,,,,,,,,130449,0.005452004261314869
,,,39,,,,,,,,,,,,,,,,,,,,,,,,,,,,,130459,0.11223249137401581
,,,39,,,,,,,,,,,,,,,,,,,,,,,,,,,,,130469,0.09155116975307465
,,,39,,,,,,,,,,,,,,,,,,,,,,,,,,,,,130479,0.006174188572913408
,,,39,,,,,,,,,,,,,,,,,,,,,,,,,,,,,130489,0.026244185864925385
,,,39,,,,,,,,,,,,,,,,,,,,,,,,,,,,,130499,1.0394296646118164
,,,39,,,,,,,,,,,,,,,,,,,,,,,,,,,,,130509,0.05617733672261238
,,,39,,,,,,,,,,,,,,,,,,,,,,,,,,,,,130519,0.04619763791561127
,,,39,,,,,,,,,,,,,,,,,,,,,,,,,,,,,130529,0.01121573243290186
,,,39,,,,,,,,,,,,,,,,,,,,,,,,,,,,,130539,0.005391402635723352
,,,39,,,,,,,,,,,,,,,,,,,,,,,,,,,,,130549,0.06315020471811295
,,,39,,,,,,,,,,,,,,,,,,,,,,,,,,,,,130559,0.156012624502182
,,,39,,,,,,,,,,,,,,,,,,,,,,,,,,,,,130569,0.0037895936984568834
,,,39,,,,,,,,,,,,,,,,,,,,,,,,,,,,,130579,0.11023173481225967
,,,39,,,,,,,,,,,,,,,,,,,,,,,,,,,,,130589,0.007247418165206909
,,,39,,,,,,,,,,,,,,,,,,,,,,,,,,,,,130599,0.4993988871574402
,,,39,,,,,,,,,,,,,,,,,,,,,,,,,,,,,130609,0.05487803369760513
,,,39,,,,,,,,,,,,,,,,,,,,,,,,,,,,,130619,0.005536039359867573
,,,39,,,,,,,,,,,,,,,,,,,,,,,,,,,,,130629,0.16485407948493958
,,,39,,,,,,,,,,,,,,,,,,,,,,,,,,,,,130639,0.21799901127815247
,,,39,,,,,,,,,,,,,,,,,,,,,,,,,,,,,130649,0.007910728454589844
,,,39,,,,,,,,,,,,,,,,,,,,,,,,,,,,,130659,0.005978829693049192
,,,39,,,,,,,,,,,,,,,,,,,,,,,,,,,,,130669,0.012215019203722477
,,,39,,,,,,,,,,,,,,,,,,,,,,,,,,,,,130679,0.0067930519580841064
,,,39,,,,,,,,,,,,,,,,,,,,,,,,,,,,,130689,0.01657453551888466
,,,39,,,,,,,,,,,,,,,,,,,,,,,,,,,,,130699,0.23051144182682037
,,,39,,,,,,,,,,,,,,,,,,,,,,,,,,,,,130709,0.00494339969009161
,,,39,,,,,,,,,,,,,,,,,,,,,,,,,,,,,130719,0.02309718169271946
,,,39,,,,,,,,,,,,,,,,,,,,,,,,,,,,,130729,0.3501703143119812
,,,39,,,,,,,,,,,,,,,,,,,,,,,,,,,,,130739,0.0033954738173633814
,,,39,,,,,,,,,,,,,,,,,,,,,,,,,,,,,130749,0.027357371523976326
,,,39,,,,,,,,,,,,,,,,,,,,,,,,,,,,,130759,0.16189460456371307
,,,39,,,,,,,,,,,,,,,,,,,,,,,,,,,,,130769,0.0058676619082689285
,,,39,,,,,,,,,,,,,,,,,,,,,,,,,,,,,130779,0.02104458585381508
,,,39,,,,,,,,,,,,,,,,,,,,,,,,,,,,,130789,0.0036478564143180847
,,,39,,,,,,,,,,,,,,,,,,,,,,,,,,,,,130799,0.016777116805315018
,,,39,,,,,,,,,,,,,,,,,,,,,,,,,,,,,130809,0.02248157560825348
,,,39,,,,,,,,,,,,,,,,,,,,,,,,,,,,,130819,0.029180245473980904
,,,39,,,,,,,,,,,,,,,,,,,,,,,,,,,,,130829,0.2468596249818802
,,,39,,,,,,,,,,,,,,,,,,,,,,,,,,,,,130839,0.012469321489334106
,,,39,,,,,,,,,,,,,,,,,,,,,,,,,,,,,130849,0.015924053266644478
,,,39,,,,,,,,,,,,,,,,,,,,,,,,,,,,,130859,0.023182757198810577
,,,39,,,,,,,,,,,,,,,,,,,,,,,,,,,,,130869,0.0191208403557539
,,,39,,,,,,,,,,,,,,,,,,,,,,,,,,,,,130879,0.14227135479450226
,,,39,,,,,,,,,,,,,,,,,,,,,,,,,,,,,130889,0.0439305417239666
,,,39,,,,,,,,,,,,,,,,,,,,,,,,,,,,,130899,0.022274259477853775
,,,39,,,,,,,,,,,,,,,,,,,,,,,,,,,,,130909,0.051372725516557693
,,,39,,,,,,,,,,,,,,,,,,,,,,,,,,,,,130919,0.010625796392560005
,,,39,,,,,,,,,,,,,,,,,,,,,,,,,,,,,130929,0.027927584946155548
,,,39,,,,,,,,,,,,,,,,,,,,,,,,,,,,,130939,0.02902546152472496
,,,39,,,,,,,,,,,,,,,,,,,,,,,,,,,,,130949,0.5537548661231995
,,,39,,,,,,,,,,,,,,,,,,,,,,,,,,,,,130959,0.005540532059967518
,,,39,,,,,,,,,,,,,,,,,,,,,,,,,,,,,130969,0.019512807950377464
,,,39,,,,,,,,,,,,,,,,,,,,,,,,,,,,,130979,0.006043802015483379
,,,39,,,,,,,,,,,,,,,,,,,,,,,,,,,,,130989,0.014138485305011272
,,,39,,,,,,,,,,,,,,,,,,,,,,,,,,,,,130999,0.16378769278526306
,,,39,,,,,,,,,,,,,,,,,,,,,,,,,,,,,131009,0.0023244298063218594
,,,39,,,,,,,,,,,,,,,,,,,,,,,,,,,,,131019,0.0047204322181642056
,,,39,,,,,,,,,,,,,,,,,,,,,,,,,,,,,131029,0.8783350586891174
,,,39,,,,,,,,,,,,,,,,,,,,,,,,,,,,,131039,0.7944337129592896
,,,39,,,,,,,,,,,,,,,,,,,,,,,,,,,,,131049,0.003171887481585145
,,,39,,,,,,,,,,,,,,,,,,,,,,,,,,,,,131059,0.0038266696501523256
,,,39,,,,,,,,,,,,,,,,,,,,,,,,,,,,,131069,0.004557235166430473
,,,39,,,,,,,,,,,,,,,,,,,,,,,,,,,,,131079,0.2632006108760834
,,,39,,,,,,,,,,,,,,,,,,,,,,,,,,,,,131089,0.006573528051376343
,,,39,,,,,,,,,,,,,,,,,,,,,,,,,,,,,131099,0.6215596795082092
,,,39,,,,,,,,,,,,,,,,,,,,,,,,,,,,,131109,0.010814898647367954
,,,39,,,,,,,,,,,,,,,,,,,,,,,,,,,,,131119,0.005788873415440321
,,,39,,,,,,,,,,,,,,,,,,,,,,,,,,,,,131129,0.1332801878452301
,,,39,,,,,,,,,,,,,,,,,,,,,,,,,,,,,131139,0.019100859761238098
,,,39,,,,,,,,,,,,,,,,,,,,,,,,,,,,,131149,0.10038785636425018
,,,39,,,,,,,,,,,,,,,,,,,,,,,,,,,,,131159,0.00445270212367177
,,,39,,,,,,,,,,,,,,,,,,,,,,,,,,,,,131169,0.005805864930152893
,,,39,,,,,,,,,,,,,,,,,,,,,,,,,,,,,131179,0.0076548089273273945
,,,39,,,,,,,,,,,,,,,,,,,,,,,,,,,,,131189,0.23006677627563477
,,,39,,,,,,,,,,,,,,,,,,,,,,,,,,,,,131199,0.11080162227153778
,,,39,,,,,,,,,,,,,,,,,,,,,,,,,,,,,131209,0.3332260549068451
,,,39,,,,,,,,,,,,,,,,,,,,,,,,,,,,,131219,0.010947677306830883
,,,39,,,,,,,,,,,,,,,,,,,,,,,,,,,,,131229,0.10166634619235992
,,,39,,,,,,,,,,,,,,,,,,,,,,,,,,,,,131239,0.04027754068374634
,,,39,,,,,,,,,,,,,,,,,,,,,,,,,,,,,131249,0.002053436590358615
,,,39,,,,,,,,,,,,,,,,,,,,,,,,,,,,,131259,0.0024354872293770313
,,,39,,,,,,,,,,,,,,,,,,,,,,,,,,,,,131269,1.4023990631103516
,,,39,,,,,,,,,,,,,,,,,,,,,,,,,,,,,131279,0.013354208320379257
,,,39,,,,,,,,,,,,,,,,,,,,,,,,,,,,,131289,0.018580960109829903
,,,39,,,,,,,,,,,,,,,,,,,,,,,,,,,,,131299,0.13101692497730255
,,,39,,,,,,,,,,,,,,,,,,,,,,,,,,,,,131309,0.00251517235301435
,,,39,,,,,,,,,,,,,,,,,,,,,,,,,,,,,131319,0.16465330123901367
,,,39,,,,,,,,,,,,,,,,,,,,,,,,,,,,,131329,0.45039257407188416
,,,39,,,,,,,,,,,,,,,,,,,,,,,,,,,,,131339,0.02496342547237873
,,,39,,,,,,,,,,,,,,,,,,,,,,,,,,,,,131349,0.053353916853666306
,,,39,,,,,,,,,,,,,,,,,,,,,,,,,,,,,131359,0.008437401615083218
,,,39,,,,,,,,,,,,,,,,,,,,,,,,,,,,,131369,0.06360635906457901
,,,39,,,,,,,,,,,,,,,,,,,,,,,,,,,,,131379,0.13060666620731354
,,,39,,,,,,,,,,,,,,,,,,,,,,,,,,,,,131389,0.09441499412059784
,,,39,,,,,,,,,,,,,,,,,,,,,,,,,,,,,131399,0.6544886827468872
,,,39,,,,,,,,,,,,,,,,,,,,,,,,,,,,,131409,0.07816261053085327
,,,39,,,,,,,,,,,,,,,,,,,,,,,,,,,,,131419,0.009130873717367649
,,,39,,,,,,,,,,,,,,,,,,,,,,,,,,,,,131429,0.18637683987617493
,,,39,,,,,,,,,,,,,,,,,,,,,,,,,,,,,131439,0.3369549512863159
,,,39,,,,,,,,,,,,,,,,,,,,,,,,,,,,,131449,0.005965727381408215
,,,39,,,,,,,,,,,,,,,,,,,,,,,,,,,,,131459,0.008800615556538105
,,,39,,,,,,,,,,,,,,,,,,,,,,,,,,,,,131469,0.10454108566045761
,,,39,,,,,,,,,,,,,,,,,,,,,,,,,,,,,131479,0.6008175015449524
,,,39,,,,,,,,,,,,,,,,,,,,,,,,,,,,,131489,0.2845139801502228
,,,39,,,,,,,,,,,,,,,,,,,,,,,,,,,,,131499,0.2592419981956482
,,,39,,,,,,,,,,,,,,,,,,,,,,,,,,,,,131509,0.006461404729634523
,,,39,,,,,,,,,,,,,,,,,,,,,,,,,,,,,131519,0.3049767315387726
,,,39,,,,,,,,,,,,,,,,,,,,,,,,,,,,,131529,0.019240185618400574
,,,39,,,,,,,,,,,,,,,,,,,,,,,,,,,,,131539,0.15093153715133667
,,,39,,,,,,,,,,,,,,,,,,,,,,,,,,,,,131549,0.1583503782749176
,,,39,,,,,,,,,,,,,,,,,,,,,,,,,,,,,131559,0.45761027932167053
,,,39,,,,,,,,,,,,,,,,,,,,,,,,,,,,,131569,0.005788832437247038
,,,39,,,,,,,,,,,,,,,,,,,,,,,,,,,,,131579,0.0046793678775429726
,,,39,,,,,,,,,,,,,,,,,,,,,,,,,,,,,131589,0.0789874941110611
,,,39,,,,,,,,,,,,,,,,,,,,,,,,,,,,,131599,0.5229511260986328
,,,39,,,,,,,,,,,,,,,,,,,,,,,,,,,,,131609,0.06497359275817871
,,,39,,,,,,,,,,,,,,,,,,,,,,,,,,,,,131619,0.09294252842664719
,,,39,,,,,,,,,,,,,,,,,,,,,,,,,,,,,131629,0.15239757299423218
,,,39,,,,,,,,,,,,,,,,,,,,,,,,,,,,,131639,0.6118919849395752
,,,39,,,,,,,,,,,,,,,,,,,,,,,,,,,,,131649,0.002575433347374201
,,,39,,,,,,,,,,,,,,,,,,,,,,,,,,,,,131659,0.06800715625286102
,,,39,,,,,,,,,,,,,,,,,,,,,,,,,,,,,131669,0.010697830468416214
,,,39,,,,,,,,,,,,,,,,,,,,,,,,,,,,,131679,0.13867785036563873
,,,39,,,,,,,,,,,,,,,,,,,,,,,,,,,,,131689,0.005833252798765898
,,,39,,,,,,,,,,,,,,,,,,,,,,,,,,,,,131699,0.021305155009031296
,,,39,,,,,,,,,,,,,,,,,,,,,,,,,,,,,131709,0.02375108376145363
,,,39,,,,,,,,,,,,,,,,,,,,,,,,,,,,,131719,0.011538425460457802
,,,39,,,,,,,,,,,,,,,,,,,,,,,,,,,,,131729,0.024030115455389023
,,,39,,,,,,,,,,,,,,,,,,,,,,,,,,,,,131739,0.028028490021824837
,,,39,,,,,,,,,,,,,,,,,,,,,,,,,,,,,131749,0.6943159699440002
,,,39,,,,,,,,,,,,,,,,,,,,,,,,,,,,,131759,0.003882796037942171
,,,39,,,,,,,,,,,,,,,,,,,,,,,,,,,,,131769,0.01880389265716076
,,,39,,,,,,,,,,,,,,,,,,,,,,,,,,,,,131779,0.22998762130737305
,,,39,,,,,,,,,,,,,,,,,,,,,,,,,,,,,131789,0.010553909465670586
,,,39,,,,,,,,,,,,,,,,,,,,,,,,,,,,,131799,1.0730316638946533
,,,39,,,,,,,,,,,,,,,,,,,,,,,,,,,,,131809,0.4216403067111969
,,,39,,,,,,,,,,,,,,,,,,,,,,,,,,,,,131819,0.004194782581180334
,,,39,,,,,,,,,,,,,,,,,,,,,,,,,,,,,131829,0.013600182719528675
,,,39,,,,,,,,,,,,,,,,,,,,,,,,,,,,,131839,0.24582260847091675
,,,39,,,,,,,,,,,,,,,,,,,,,,,,,,,,,131849,0.004279742948710918
,,,39,,,,,,,,,,,,,,,,,,,,,,,,,,,,,131859,0.019640667364001274
,,,39,,,,,,,,,,,,,,,,,,,,,,,,,,,,,131869,0.004494539462029934
,,,39,,,,,,,,,,,,,,,,,,,,,,,,,,,,,131879,0.4873409569263458
,,,39,,,,,,,,,,,,,,,,,,,,,,,,,,,,,131889,0.07735613733530045
,,,39,,,,,,,,,,,,,,,,,,,,,,,,,,,,,131899,0.005938100162893534
,,,39,,,,,,,,,,,,,,,,,,,,,,,,,,,,,131909,0.006445876322686672
,,,39,,,,,,,,,,,,,,,,,,,,,,,,,,,,,131919,0.752226710319519
,,,39,,,,,,,,,,,,,,,,,,,,,,,,,,,,,131929,0.283745139837265
,,,39,,,,,,,,,,,,,,,,,,,,,,,,,,,,,131939,0.005739408079534769
,,,39,,,,,,,,,,,,,,,,,,,,,,,,,,,,,131949,0.002772240899503231
,,,39,,,,,,,,,,,,,,,,,,,,,,,,,,,,,131959,0.006261392496526241
,,,39,,,,,,,,,,,,,,,,,,,,,,,,,,,,,131969,0.008775966241955757
,,,39,,,,,,,,,,,,,,,,,,,,,,,,,,,,,131979,0.27464759349823
,,,39,,,,,,,,,,,,,,,,,,,,,,,,,,,,,131989,0.03189903870224953
,,,39,,,,,,,,,,,,,,,,,,,,,,,,,,,,,131999,0.9581325650215149
,,,39,,,,,,,,,,,,,,,,,,,,,,,,,,,,,132009,0.015408466570079327
,,,39,,,,,,,,,,,,,,,,,,,,,,,,,,,,,132019,0.02437262237071991
,,,39,,,,,,,,,,,,,,,,,,,,,,,,,,,,,132029,0.004716441035270691
,,,39,,,,,,,,,,,,,,,,,,,,,,,,,,,,,132039,0.11408787965774536
,,,39,,,,,,,,,,,,,,,,,,,,,,,,,,,,,132049,0.3507125675678253
,,,39,,,,,,,,,,,,,,,,,,,,,,,,,,,,,132059,0.0380074605345726
,,,39,,,,,,,,,,,,,,,,,,,,,,,,,,,,,132069,0.006939330603927374
,,,39,,,,,,,,,,,,,,,,,,,,,,,,,,,,,132079,0.016207460314035416
,,,39,,,,,,,,,,,,,,,,,,,,,,,,,,,,,132089,0.024810515344142914
,,,39,,,,,,,,,,,,,,,,,,,,,,,,,,,,,132099,0.08331464976072311
,,,39,,,,,,,,,,,,,,,,,,,,,,,,,,,,,132109,0.05939954146742821
,,,39,,,,,,,,,,,,,,,,,,,,,,,,,,,,,132119,0.06920824199914932
,,,39,,,,,,,,,,,,,,,,,,,,,,,,,,,,,132129,0.08091980963945389
,,,39,,,,,,,,,,,,,,,,,,,,,,,,,,,,,132139,0.00145333306863904
,,,39,,,,,,,,,,,,,,,,,,,,,,,,,,,,,132149,0.02275509387254715
,,,39,,,,,,,,,,,,,,,,,,,,,,,,,,,,,132159,0.4799175560474396
,,,39,,,,,,,,,,,,,,,,,,,,,,,,,,,,,132169,0.47700998187065125
,,,39,,,,,,,,,,,,,,,,,,,,,,,,,,,,,132179,0.5192177295684814
,,,39,,,,,,,,,,,,,,,,,,,,,,,,,,,,,132189,0.03860682249069214
,,,39,,,,,,,,,,,,,,,,,,,,,,,,,,,,,132199,0.2436431348323822
,,,39,,,,,,,,,,,,,,,,,,,,,,,,,,,,,132209,0.007963957265019417
,,,39,,,,,,,,,,,,,,,,,,,,,,,,,,,,,132219,0.02037689834833145
,,,39,,,,,,,,,,,,,,,,,,,,,,,,,,,,,132229,0.040034111589193344
,,,39,,,,,,,,,,,,,,,,,,,,,,,,,,,,,132239,0.405741423368454
,,,39,,,,,,,,,,,,,,,,,,,,,,,,,,,,,132249,0.3171240985393524
,,,39,,,,,,,,,,,,,,,,,,,,,,,,,,,,,132259,0.0030477948021143675
,,,39,,,,,,,,,,,,,,,,,,,,,,,,,,,,,132269,0.004249065648764372
,,,39,,,,,,,,,,,,,,,,,,,,,,,,,,,,,132279,0.015624124556779861
,,,39,,,,,,,,,,,,,,,,,,,,,,,,,,,,,132289,0.026624610647559166
,,,39,,,,,,,,,,,,,,,,,,,,,,,,,,,,,132299,0.0444493442773819
,,,39,,,,,,,,,,,,,,,,,,,,,,,,,,,,,132309,0.30642756819725037
,,,39,,,,,,,,,,,,,,,,,,,,,,,,,,,,,132319,0.3117770850658417
,,,39,,,,,,,,,,,,,,,,,,,,,,,,,,,,,132329,0.19059811532497406
,,,39,,,,,,,,,,,,,,,,,,,,,,,,,,,,,132339,0.021562865003943443
,,,39,,,,,,,,,,,,,,,,,,,,,,,,,,,,,132349,0.12856890261173248
,,,39,,,,,,,,,,,,,,,,,,,,,,,,,,,,,132359,0.0034908493980765343
,,,39,,,,,,,,,,,,,,,,,,,,,,,,,,,,,132369,0.01011526957154274
,,,39,,,,,,,,,,,,,,,,,,,,,,,,,,,,,132379,0.7168745398521423
,,,39,,,,,,,,,,,,,,,,,,,,,,,,,,,,,132389,0.01734432950615883
,,,39,,,,,,,,,,,,,,,,,,,,,,,,,,,,,132399,0.05676010251045227
0.87109375,0.8796843886375427,0.8626692295074463,39,,,,,,,,,,,,,,,,,,,,,,,,,,,,,132400,
,,,,6.653706639515992e-08,3.727436232353765e-07,5.734517280544253e-07,5.734517280544253e-07,8.822334277760388e-07,8.822334277760388e-07,1.3572821965785213e-06,1.3572821965785213e-06,2.088126456274648e-06,2.088126456274648e-06,3.212502240422535e-06,6.653706639515992e-08,3.212502240422535e-06,4.942311139111592e-06,4.942311139111592e-06,7.603555598633219e-06,7.603555598633219e-06,1.1697777844051105e-05,1.1697777844051105e-05,1.1697777844051105e-05,1.1697777844051105e-05,1.0236471753101525e-07,1.0236471753101525e-07,1.5748418081694655e-07,1.5748418081694655e-07,2.4228335510299467e-07,2.4228335510299467e-07,3.727436232353765e-07,132401,
,,,40,,,,,,,,,,,,,,,,,,,,,,,,,,,,,132409,0.9599527716636658
,,,40,,,,,,,,,,,,,,,,,,,,,,,,,,,,,132419,0.4691108763217926
,,,40,,,,,,,,,,,,,,,,,,,,,,,,,,,,,132429,0.04781380295753479
,,,40,,,,,,,,,,,,,,,,,,,,,,,,,,,,,132439,0.04346698522567749
,,,40,,,,,,,,,,,,,,,,,,,,,,,,,,,,,132449,0.03520340844988823
,,,40,,,,,,,,,,,,,,,,,,,,,,,,,,,,,132459,0.6330040693283081
,,,40,,,,,,,,,,,,,,,,,,,,,,,,,,,,,132469,0.05499992519617081
,,,40,,,,,,,,,,,,,,,,,,,,,,,,,,,,,132479,0.18154701590538025
,,,40,,,,,,,,,,,,,,,,,,,,,,,,,,,,,132489,0.004809931386262178
,,,40,,,,,,,,,,,,,,,,,,,,,,,,,,,,,132499,0.09676715731620789
,,,40,,,,,,,,,,,,,,,,,,,,,,,,,,,,,132509,0.011757572181522846
,,,40,,,,,,,,,,,,,,,,,,,,,,,,,,,,,132519,0.012029347009956837
,,,40,,,,,,,,,,,,,,,,,,,,,,,,,,,,,132529,0.015872206538915634
,,,40,,,,,,,,,,,,,,,,,,,,,,,,,,,,,132539,0.6812270879745483
,,,40,,,,,,,,,,,,,,,,,,,,,,,,,,,,,132549,0.2590901553630829
,,,40,,,,,,,,,,,,,,,,,,,,,,,,,,,,,132559,0.06576681137084961
,,,40,,,,,,,,,,,,,,,,,,,,,,,,,,,,,132569,0.46009698510169983
,,,40,,,,,,,,,,,,,,,,,,,,,,,,,,,,,132579,0.15862388908863068
,,,40,,,,,,,,,,,,,,,,,,,,,,,,,,,,,132589,0.0021253416780382395
,,,40,,,,,,,,,,,,,,,,,,,,,,,,,,,,,132599,0.25401508808135986
,,,40,,,,,,,,,,,,,,,,,,,,,,,,,,,,,132609,0.02959795482456684
,,,40,,,,,,,,,,,,,,,,,,,,,,,,,,,,,132619,0.00794428214430809
,,,40,,,,,,,,,,,,,,,,,,,,,,,,,,,,,132629,0.07585521042346954
,,,40,,,,,,,,,,,,,,,,,,,,,,,,,,,,,132639,0.302692174911499
,,,40,,,,,,,,,,,,,,,,,,,,,,,,,,,,,132649,0.006694470997899771
,,,40,,,,,,,,,,,,,,,,,,,,,,,,,,,,,132659,0.01168050616979599
,,,40,,,,,,,,,,,,,,,,,,,,,,,,,,,,,132669,0.9239251017570496
,,,40,,,,,,,,,,,,,,,,,,,,,,,,,,,,,132679,0.12404627352952957
,,,40,,,,,,,,,,,,,,,,,,,,,,,,,,,,,132689,0.023023230955004692
,,,40,,,,,,,,,,,,,,,,,,,,,,,,,,,,,132699,0.014410527423024178
,,,40,,,,,,,,,,,,,,,,,,,,,,,,,,,,,132709,0.48754239082336426
,,,40,,,,,,,,,,,,,,,,,,,,,,,,,,,,,132719,0.027365533635020256
,,,40,,,,,,,,,,,,,,,,,,,,,,,,,,,,,132729,0.08932878822088242
,,,40,,,,,,,,,,,,,,,,,,,,,,,,,,,,,132739,0.008109064772725105
,,,40,,,,,,,,,,,,,,,,,,,,,,,,,,,,,132749,0.004183243960142136
,,,40,,,,,,,,,,,,,,,,,,,,,,,,,,,,,132759,0.05435239151120186
,,,40,,,,,,,,,,,,,,,,,,,,,,,,,,,,,132769,0.20316115021705627
,,,40,,,,,,,,,,,,,,,,,,,,,,,,,,,,,132779,0.027187209576368332
,,,40,,,,,,,,,,,,,,,,,,,,,,,,,,,,,132789,0.006267080549150705
,,,40,,,,,,,,,,,,,,,,,,,,,,,,,,,,,132799,0.004912452306598425
,,,40,,,,,,,,,,,,,,,,,,,,,,,,,,,,,132809,0.0890529528260231
,,,40,,,,,,,,,,,,,,,,,,,,,,,,,,,,,132819,0.004454731475561857
,,,40,,,,,,,,,,,,,,,,,,,,,,,,,,,,,132829,0.05943605676293373
,,,40,,,,,,,,,,,,,,,,,,,,,,,,,,,,,132839,0.011295865289866924
,,,40,,,,,,,,,,,,,,,,,,,,,,,,,,,,,132849,0.18639713525772095
,,,40,,,,,,,,,,,,,,,,,,,,,,,,,,,,,132859,0.015594538301229477
,,,40,,,,,,,,,,,,,,,,,,,,,,,,,,,,,132869,0.7481337189674377
,,,40,,,,,,,,,,,,,,,,,,,,,,,,,,,,,132879,0.0021509549114853144
,,,40,,,,,,,,,,,,,,,,,,,,,,,,,,,,,132889,0.030713863670825958
,,,40,,,,,,,,,,,,,,,,,,,,,,,,,,,,,132899,0.05759655311703682
,,,40,,,,,,,,,,,,,,,,,,,,,,,,,,,,,132909,0.00501488009467721
,,,40,,,,,,,,,,,,,,,,,,,,,,,,,,,,,132919,0.008944757282733917
,,,40,,,,,,,,,,,,,,,,,,,,,,,,,,,,,132929,0.43714532256126404
,,,40,,,,,,,,,,,,,,,,,,,,,,,,,,,,,132939,0.024882368743419647
,,,40,,,,,,,,,,,,,,,,,,,,,,,,,,,,,132949,0.13546666502952576
,,,40,,,,,,,,,,,,,,,,,,,,,,,,,,,,,132959,0.03470771014690399
,,,40,,,,,,,,,,,,,,,,,,,,,,,,,,,,,132969,0.5126345753669739
,,,40,,,,,,,,,,,,,,,,,,,,,,,,,,,,,132979,0.0018149887910112739
,,,40,,,,,,,,,,,,,,,,,,,,,,,,,,,,,132989,0.0038334119599312544
,,,40,,,,,,,,,,,,,,,,,,,,,,,,,,,,,132999,0.059504974633455276
,,,40,,,,,,,,,,,,,,,,,,,,,,,,,,,,,133009,0.03390084207057953
,,,40,,,,,,,,,,,,,,,,,,,,,,,,,,,,,133019,0.009629626758396626
,,,40,,,,,,,,,,,,,,,,,,,,,,,,,,,,,133029,0.03791235014796257
,,,40,,,,,,,,,,,,,,,,,,,,,,,,,,,,,133039,0.002024307381361723
,,,40,,,,,,,,,,,,,,,,,,,,,,,,,,,,,133049,0.005791098345071077
,,,40,,,,,,,,,,,,,,,,,,,,,,,,,,,,,133059,0.02292243018746376
,,,40,,,,,,,,,,,,,,,,,,,,,,,,,,,,,133069,0.015040273778140545
,,,40,,,,,,,,,,,,,,,,,,,,,,,,,,,,,133079,0.010798785835504532
,,,40,,,,,,,,,,,,,,,,,,,,,,,,,,,,,133089,0.009893017821013927
,,,40,,,,,,,,,,,,,,,,,,,,,,,,,,,,,133099,0.5232296586036682
,,,40,,,,,,,,,,,,,,,,,,,,,,,,,,,,,133109,0.7064542174339294
,,,40,,,,,,,,,,,,,,,,,,,,,,,,,,,,,133119,0.09927860647439957
,,,40,,,,,,,,,,,,,,,,,,,,,,,,,,,,,133129,0.02332283742725849
,,,40,,,,,,,,,,,,,,,,,,,,,,,,,,,,,133139,0.008632870391011238
,,,40,,,,,,,,,,,,,,,,,,,,,,,,,,,,,133149,0.002271582605317235
,,,40,,,,,,,,,,,,,,,,,,,,,,,,,,,,,133159,0.26383891701698303
,,,40,,,,,,,,,,,,,,,,,,,,,,,,,,,,,133169,0.13673417270183563
,,,40,,,,,,,,,,,,,,,,,,,,,,,,,,,,,133179,0.138963520526886
,,,40,,,,,,,,,,,,,,,,,,,,,,,,,,,,,133189,0.05798404663801193
,,,40,,,,,,,,,,,,,,,,,,,,,,,,,,,,,133199,0.011176799423992634
,,,40,,,,,,,,,,,,,,,,,,,,,,,,,,,,,133209,0.022063087671995163
,,,40,,,,,,,,,,,,,,,,,,,,,,,,,,,,,133219,0.08666469156742096
,,,40,,,,,,,,,,,,,,,,,,,,,,,,,,,,,133229,0.026664743199944496
,,,40,,,,,,,,,,,,,,,,,,,,,,,,,,,,,133239,0.005499015096575022
,,,40,,,,,,,,,,,,,,,,,,,,,,,,,,,,,133249,0.39554473757743835
,,,40,,,,,,,,,,,,,,,,,,,,,,,,,,,,,133259,0.0038988282904028893
,,,40,,,,,,,,,,,,,,,,,,,,,,,,,,,,,133269,0.007290144916623831
,,,40,,,,,,,,,,,,,,,,,,,,,,,,,,,,,133279,0.5864217281341553
,,,40,,,,,,,,,,,,,,,,,,,,,,,,,,,,,133289,0.05658409744501114
,,,40,,,,,,,,,,,,,,,,,,,,,,,,,,,,,133299,0.0068412283435463905
,,,40,,,,,,,,,,,,,,,,,,,,,,,,,,,,,133309,0.3677615821361542
,,,40,,,,,,,,,,,,,,,,,,,,,,,,,,,,,133319,0.03168187662959099
,,,40,,,,,,,,,,,,,,,,,,,,,,,,,,,,,133329,0.018137652426958084
,,,40,,,,,,,,,,,,,,,,,,,,,,,,,,,,,133339,0.006002156063914299
,,,40,,,,,,,,,,,,,,,,,,,,,,,,,,,,,133349,0.15441884100437164
,,,40,,,,,,,,,,,,,,,,,,,,,,,,,,,,,133359,0.0071518756449222565
,,,40,,,,,,,,,,,,,,,,,,,,,,,,,,,,,133369,0.008350065909326077
,,,40,,,,,,,,,,,,,,,,,,,,,,,,,,,,,133379,1.400929570198059
,,,40,,,,,,,,,,,,,,,,,,,,,,,,,,,,,133389,0.005146217066794634
,,,40,,,,,,,,,,,,,,,,,,,,,,,,,,,,,133399,0.292793869972229
,,,40,,,,,,,,,,,,,,,,,,,,,,,,,,,,,133409,0.18631228804588318
,,,40,,,,,,,,,,,,,,,,,,,,,,,,,,,,,133419,0.1967204064130783
,,,40,,,,,,,,,,,,,,,,,,,,,,,,,,,,,133429,0.1455710083246231
,,,40,,,,,,,,,,,,,,,,,,,,,,,,,,,,,133439,0.06361252069473267
,,,40,,,,,,,,,,,,,,,,,,,,,,,,,,,,,133449,0.025907885283231735
,,,40,,,,,,,,,,,,,,,,,,,,,,,,,,,,,133459,0.006933389697223902
,,,40,,,,,,,,,,,,,,,,,,,,,,,,,,,,,133469,1.4974870681762695
,,,40,,,,,,,,,,,,,,,,,,,,,,,,,,,,,133479,0.004508809186518192
,,,40,,,,,,,,,,,,,,,,,,,,,,,,,,,,,133489,0.01991063356399536
,,,40,,,,,,,,,,,,,,,,,,,,,,,,,,,,,133499,0.07800213247537613
,,,40,,,,,,,,,,,,,,,,,,,,,,,,,,,,,133509,1.0059727430343628
,,,40,,,,,,,,,,,,,,,,,,,,,,,,,,,,,133519,0.035079024732112885
,,,40,,,,,,,,,,,,,,,,,,,,,,,,,,,,,133529,0.016330480575561523
,,,40,,,,,,,,,,,,,,,,,,,,,,,,,,,,,133539,0.09285027533769608
,,,40,,,,,,,,,,,,,,,,,,,,,,,,,,,,,133549,0.0022200695239007473
,,,40,,,,,,,,,,,,,,,,,,,,,,,,,,,,,133559,0.00563496258109808
,,,40,,,,,,,,,,,,,,,,,,,,,,,,,,,,,133569,0.006305624730885029
,,,40,,,,,,,,,,,,,,,,,,,,,,,,,,,,,133579,0.005395217332988977
,,,40,,,,,,,,,,,,,,,,,,,,,,,,,,,,,133589,0.028860604390501976
,,,40,,,,,,,,,,,,,,,,,,,,,,,,,,,,,133599,0.6222798824310303
,,,40,,,,,,,,,,,,,,,,,,,,,,,,,,,,,133609,0.5821686387062073
,,,40,,,,,,,,,,,,,,,,,,,,,,,,,,,,,133619,0.11524875462055206
,,,40,,,,,,,,,,,,,,,,,,,,,,,,,,,,,133629,0.0032369743566960096
,,,40,,,,,,,,,,,,,,,,,,,,,,,,,,,,,133639,0.18885299563407898
,,,40,,,,,,,,,,,,,,,,,,,,,,,,,,,,,133649,0.004214575048536062
,,,40,,,,,,,,,,,,,,,,,,,,,,,,,,,,,133659,0.005195039790123701
,,,40,,,,,,,,,,,,,,,,,,,,,,,,,,,,,133669,1.3814340829849243
,,,40,,,,,,,,,,,,,,,,,,,,,,,,,,,,,133679,0.31268274784088135
,,,40,,,,,,,,,,,,,,,,,,,,,,,,,,,,,133689,0.8052351474761963
,,,40,,,,,,,,,,,,,,,,,,,,,,,,,,,,,133699,0.028280850499868393
,,,40,,,,,,,,,,,,,,,,,,,,,,,,,,,,,133709,0.006610312964767218
,,,40,,,,,,,,,,,,,,,,,,,,,,,,,,,,,133719,0.5122073888778687
,,,40,,,,,,,,,,,,,,,,,,,,,,,,,,,,,133729,0.002050887793302536
,,,40,,,,,,,,,,,,,,,,,,,,,,,,,,,,,133739,0.010570919141173363
,,,40,,,,,,,,,,,,,,,,,,,,,,,,,,,,,133749,0.006572965066879988
,,,40,,,,,,,,,,,,,,,,,,,,,,,,,,,,,133759,0.44375208020210266
,,,40,,,,,,,,,,,,,,,,,,,,,,,,,,,,,133769,0.17736536264419556
,,,40,,,,,,,,,,,,,,,,,,,,,,,,,,,,,133779,1.563555359840393
,,,40,,,,,,,,,,,,,,,,,,,,,,,,,,,,,133789,0.010576107539236546
,,,40,,,,,,,,,,,,,,,,,,,,,,,,,,,,,133799,0.03113136626780033
,,,40,,,,,,,,,,,,,,,,,,,,,,,,,,,,,133809,0.4883973300457001
,,,40,,,,,,,,,,,,,,,,,,,,,,,,,,,,,133819,0.11150018125772476
,,,40,,,,,,,,,,,,,,,,,,,,,,,,,,,,,133829,0.15679624676704407
,,,40,,,,,,,,,,,,,,,,,,,,,,,,,,,,,133839,0.010240104049444199
,,,40,,,,,,,,,,,,,,,,,,,,,,,,,,,,,133849,0.0008241335162892938
,,,40,,,,,,,,,,,,,,,,,,,,,,,,,,,,,133859,0.4897364377975464
,,,40,,,,,,,,,,,,,,,,,,,,,,,,,,,,,133869,0.004168743267655373
,,,40,,,,,,,,,,,,,,,,,,,,,,,,,,,,,133879,0.006062486208975315
,,,40,,,,,,,,,,,,,,,,,,,,,,,,,,,,,133889,0.0021703599486500025
,,,40,,,,,,,,,,,,,,,,,,,,,,,,,,,,,133899,0.0028705336153507233
,,,40,,,,,,,,,,,,,,,,,,,,,,,,,,,,,133909,0.048049118369817734
,,,40,,,,,,,,,,,,,,,,,,,,,,,,,,,,,133919,0.04442988336086273
,,,40,,,,,,,,,,,,,,,,,,,,,,,,,,,,,133929,0.2872142493724823
,,,40,,,,,,,,,,,,,,,,,,,,,,,,,,,,,133939,0.5973584055900574
,,,40,,,,,,,,,,,,,,,,,,,,,,,,,,,,,133949,0.006944974418729544
,,,40,,,,,,,,,,,,,,,,,,,,,,,,,,,,,133959,0.007692116778343916
,,,40,,,,,,,,,,,,,,,,,,,,,,,,,,,,,133969,0.002075386233627796
,,,40,,,,,,,,,,,,,,,,,,,,,,,,,,,,,133979,0.026294805109500885
,,,40,,,,,,,,,,,,,,,,,,,,,,,,,,,,,133989,0.4229985177516937
,,,40,,,,,,,,,,,,,,,,,,,,,,,,,,,,,133999,0.002958165016025305
,,,40,,,,,,,,,,,,,,,,,,,,,,,,,,,,,134009,0.016291117295622826
,,,40,,,,,,,,,,,,,,,,,,,,,,,,,,,,,134019,0.00608109449967742
,,,40,,,,,,,,,,,,,,,,,,,,,,,,,,,,,134029,0.3991409242153168
,,,40,,,,,,,,,,,,,,,,,,,,,,,,,,,,,134039,0.002844534581527114
,,,40,,,,,,,,,,,,,,,,,,,,,,,,,,,,,134049,0.003317154012620449
,,,40,,,,,,,,,,,,,,,,,,,,,,,,,,,,,134059,0.7069023847579956
,,,40,,,,,,,,,,,,,,,,,,,,,,,,,,,,,134069,0.02469056472182274
,,,40,,,,,,,,,,,,,,,,,,,,,,,,,,,,,134079,0.15101240575313568
,,,40,,,,,,,,,,,,,,,,,,,,,,,,,,,,,134089,0.03862225264310837
,,,40,,,,,,,,,,,,,,,,,,,,,,,,,,,,,134099,0.03871637582778931
,,,40,,,,,,,,,,,,,,,,,,,,,,,,,,,,,134109,0.008524710312485695
,,,40,,,,,,,,,,,,,,,,,,,,,,,,,,,,,134119,0.219071164727211
,,,40,,,,,,,,,,,,,,,,,,,,,,,,,,,,,134129,0.011320182122290134
,,,40,,,,,,,,,,,,,,,,,,,,,,,,,,,,,134139,0.21139155328273773
,,,40,,,,,,,,,,,,,,,,,,,,,,,,,,,,,134149,0.028897754848003387
,,,40,,,,,,,,,,,,,,,,,,,,,,,,,,,,,134159,0.03737930580973625
,,,40,,,,,,,,,,,,,,,,,,,,,,,,,,,,,134169,0.003937494475394487
,,,40,,,,,,,,,,,,,,,,,,,,,,,,,,,,,134179,0.008251482620835304
,,,40,,,,,,,,,,,,,,,,,,,,,,,,,,,,,134189,0.013138764537870884
,,,40,,,,,,,,,,,,,,,,,,,,,,,,,,,,,134199,0.47740045189857483
,,,40,,,,,,,,,,,,,,,,,,,,,,,,,,,,,134209,0.1490275114774704
,,,40,,,,,,,,,,,,,,,,,,,,,,,,,,,,,134219,0.11730538308620453
,,,40,,,,,,,,,,,,,,,,,,,,,,,,,,,,,134229,0.036667753010988235
,,,40,,,,,,,,,,,,,,,,,,,,,,,,,,,,,134239,0.00557430787011981
,,,40,,,,,,,,,,,,,,,,,,,,,,,,,,,,,134249,0.3125397861003876
,,,40,,,,,,,,,,,,,,,,,,,,,,,,,,,,,134259,0.03481893986463547
,,,40,,,,,,,,,,,,,,,,,,,,,,,,,,,,,134269,0.4619785249233246
,,,40,,,,,,,,,,,,,,,,,,,,,,,,,,,,,134279,0.019540131092071533
,,,40,,,,,,,,,,,,,,,,,,,,,,,,,,,,,134289,0.03848276287317276
,,,40,,,,,,,,,,,,,,,,,,,,,,,,,,,,,134299,0.012568920850753784
,,,40,,,,,,,,,,,,,,,,,,,,,,,,,,,,,134309,0.005261573940515518
,,,40,,,,,,,,,,,,,,,,,,,,,,,,,,,,,134319,1.0206429958343506
,,,40,,,,,,,,,,,,,,,,,,,,,,,,,,,,,134329,0.14634597301483154
,,,40,,,,,,,,,,,,,,,,,,,,,,,,,,,,,134339,0.009740913286805153
,,,40,,,,,,,,,,,,,,,,,,,,,,,,,,,,,134349,0.006258809473365545
,,,40,,,,,,,,,,,,,,,,,,,,,,,,,,,,,134359,0.0664234533905983
,,,40,,,,,,,,,,,,,,,,,,,,,,,,,,,,,134369,0.004384664818644524
,,,40,,,,,,,,,,,,,,,,,,,,,,,,,,,,,134379,0.17079375684261322
,,,40,,,,,,,,,,,,,,,,,,,,,,,,,,,,,134389,0.7860724329948425
,,,40,,,,,,,,,,,,,,,,,,,,,,,,,,,,,134399,0.040046487003564835
,,,40,,,,,,,,,,,,,,,,,,,,,,,,,,,,,134409,0.02156093157827854
,,,40,,,,,,,,,,,,,,,,,,,,,,,,,,,,,134419,0.40641048550605774
,,,40,,,,,,,,,,,,,,,,,,,,,,,,,,,,,134429,0.062413692474365234
,,,40,,,,,,,,,,,,,,,,,,,,,,,,,,,,,134439,0.13921061158180237
,,,40,,,,,,,,,,,,,,,,,,,,,,,,,,,,,134449,0.18321140110492706
,,,40,,,,,,,,,,,,,,,,,,,,,,,,,,,,,134459,0.0028575684409588575
,,,40,,,,,,,,,,,,,,,,,,,,,,,,,,,,,134469,0.0065461378544569016
,,,40,,,,,,,,,,,,,,,,,,,,,,,,,,,,,134479,0.06620804965496063
,,,40,,,,,,,,,,,,,,,,,,,,,,,,,,,,,134489,0.297085702419281
,,,40,,,,,,,,,,,,,,,,,,,,,,,,,,,,,134499,0.0265605878084898
,,,40,,,,,,,,,,,,,,,,,,,,,,,,,,,,,134509,0.0024439189583063126
,,,40,,,,,,,,,,,,,,,,,,,,,,,,,,,,,134519,0.008191117085516453
,,,40,,,,,,,,,,,,,,,,,,,,,,,,,,,,,134529,0.05234237387776375
,,,40,,,,,,,,,,,,,,,,,,,,,,,,,,,,,134539,0.31195321679115295
,,,40,,,,,,,,,,,,,,,,,,,,,,,,,,,,,134549,0.005394170060753822
,,,40,,,,,,,,,,,,,,,,,,,,,,,,,,,,,134559,0.05249800533056259
,,,40,,,,,,,,,,,,,,,,,,,,,,,,,,,,,134569,0.42702165246009827
,,,40,,,,,,,,,,,,,,,,,,,,,,,,,,,,,134579,0.14669671654701233
,,,40,,,,,,,,,,,,,,,,,,,,,,,,,,,,,134589,0.017285138368606567
,,,40,,,,,,,,,,,,,,,,,,,,,,,,,,,,,134599,0.13938133418560028
,,,40,,,,,,,,,,,,,,,,,,,,,,,,,,,,,134609,0.11562898010015488
,,,40,,,,,,,,,,,,,,,,,,,,,,,,,,,,,134619,0.02917768619954586
,,,40,,,,,,,,,,,,,,,,,,,,,,,,,,,,,134629,0.00414668396115303
,,,40,,,,,,,,,,,,,,,,,,,,,,,,,,,,,134639,0.23461759090423584
,,,40,,,,,,,,,,,,,,,,,,,,,,,,,,,,,134649,0.010461109690368176
,,,40,,,,,,,,,,,,,,,,,,,,,,,,,,,,,134659,0.2400442510843277
,,,40,,,,,,,,,,,,,,,,,,,,,,,,,,,,,134669,0.03387138992547989
,,,40,,,,,,,,,,,,,,,,,,,,,,,,,,,,,134679,0.2805466949939728
,,,40,,,,,,,,,,,,,,,,,,,,,,,,,,,,,134689,0.23047494888305664
,,,40,,,,,,,,,,,,,,,,,,,,,,,,,,,,,134699,0.04570550099015236
,,,40,,,,,,,,,,,,,,,,,,,,,,,,,,,,,134709,0.06352056562900543
,,,40,,,,,,,,,,,,,,,,,,,,,,,,,,,,,134719,0.2407596856355667
,,,40,,,,,,,,,,,,,,,,,,,,,,,,,,,,,134729,0.018352916464209557
,,,40,,,,,,,,,,,,,,,,,,,,,,,,,,,,,134739,0.0026784182991832495
,,,40,,,,,,,,,,,,,,,,,,,,,,,,,,,,,134749,0.008345200680196285
,,,40,,,,,,,,,,,,,,,,,,,,,,,,,,,,,134759,0.04030274599790573
,,,40,,,,,,,,,,,,,,,,,,,,,,,,,,,,,134769,0.27575159072875977
,,,40,,,,,,,,,,,,,,,,,,,,,,,,,,,,,134779,0.025818679481744766
,,,40,,,,,,,,,,,,,,,,,,,,,,,,,,,,,134789,0.10318636149168015
,,,40,,,,,,,,,,,,,,,,,,,,,,,,,,,,,134799,0.5603288412094116
,,,40,,,,,,,,,,,,,,,,,,,,,,,,,,,,,134809,0.2146134078502655
,,,40,,,,,,,,,,,,,,,,,,,,,,,,,,,,,134819,0.002584005007520318
,,,40,,,,,,,,,,,,,,,,,,,,,,,,,,,,,134829,0.541641116142273
,,,40,,,,,,,,,,,,,,,,,,,,,,,,,,,,,134839,0.32367923855781555
,,,40,,,,,,,,,,,,,,,,,,,,,,,,,,,,,134849,0.015821147710084915
,,,40,,,,,,,,,,,,,,,,,,,,,,,,,,,,,134859,0.4888167381286621
,,,40,,,,,,,,,,,,,,,,,,,,,,,,,,,,,134869,0.008409298956394196
,,,40,,,,,,,,,,,,,,,,,,,,,,,,,,,,,134879,1.7753080129623413
,,,40,,,,,,,,,,,,,,,,,,,,,,,,,,,,,134889,0.02382955700159073
,,,40,,,,,,,,,,,,,,,,,,,,,,,,,,,,,134899,0.041176486760377884
,,,40,,,,,,,,,,,,,,,,,,,,,,,,,,,,,134909,0.004015963524580002
,,,40,,,,,,,,,,,,,,,,,,,,,,,,,,,,,134919,0.062392767518758774
,,,40,,,,,,,,,,,,,,,,,,,,,,,,,,,,,134929,0.03873366490006447
,,,40,,,,,,,,,,,,,,,,,,,,,,,,,,,,,134939,0.06982659548521042
,,,40,,,,,,,,,,,,,,,,,,,,,,,,,,,,,134949,0.024382805451750755
,,,40,,,,,,,,,,,,,,,,,,,,,,,,,,,,,134959,0.09325544536113739
,,,40,,,,,,,,,,,,,,,,,,,,,,,,,,,,,134969,0.3116358518600464
,,,40,,,,,,,,,,,,,,,,,,,,,,,,,,,,,134979,0.005587870255112648
,,,40,,,,,,,,,,,,,,,,,,,,,,,,,,,,,134989,0.006384211126714945
,,,40,,,,,,,,,,,,,,,,,,,,,,,,,,,,,134999,0.009356326423585415
,,,40,,,,,,,,,,,,,,,,,,,,,,,,,,,,,135009,0.013121788389980793
,,,40,,,,,,,,,,,,,,,,,,,,,,,,,,,,,135019,0.009694605134427547
,,,40,,,,,,,,,,,,,,,,,,,,,,,,,,,,,135029,0.45488688349723816
,,,40,,,,,,,,,,,,,,,,,,,,,,,,,,,,,135039,0.06570164859294891
,,,40,,,,,,,,,,,,,,,,,,,,,,,,,,,,,135049,0.07797493785619736
,,,40,,,,,,,,,,,,,,,,,,,,,,,,,,,,,135059,0.06687363237142563
,,,40,,,,,,,,,,,,,,,,,,,,,,,,,,,,,135069,1.0160986185073853
,,,40,,,,,,,,,,,,,,,,,,,,,,,,,,,,,135079,0.5363055467605591
,,,40,,,,,,,,,,,,,,,,,,,,,,,,,,,,,135089,0.32889166474342346
,,,40,,,,,,,,,,,,,,,,,,,,,,,,,,,,,135099,0.006127623375505209
,,,40,,,,,,,,,,,,,,,,,,,,,,,,,,,,,135109,0.32352009415626526
,,,40,,,,,,,,,,,,,,,,,,,,,,,,,,,,,135119,0.008621739223599434
,,,40,,,,,,,,,,,,,,,,,,,,,,,,,,,,,135129,0.006234522443264723
,,,40,,,,,,,,,,,,,,,,,,,,,,,,,,,,,135139,0.0023541864939033985
,,,40,,,,,,,,,,,,,,,,,,,,,,,,,,,,,135149,0.010388292372226715
,,,40,,,,,,,,,,,,,,,,,,,,,,,,,,,,,135159,0.09617173671722412
,,,40,,,,,,,,,,,,,,,,,,,,,,,,,,,,,135169,0.4048197865486145
,,,40,,,,,,,,,,,,,,,,,,,,,,,,,,,,,135179,0.17075394093990326
,,,40,,,,,,,,,,,,,,,,,,,,,,,,,,,,,135189,0.002893266035243869
,,,40,,,,,,,,,,,,,,,,,,,,,,,,,,,,,135199,0.2691071927547455
,,,40,,,,,,,,,,,,,,,,,,,,,,,,,,,,,135209,0.009359201416373253
,,,40,,,,,,,,,,,,,,,,,,,,,,,,,,,,,135219,0.9926030039787292
,,,40,,,,,,,,,,,,,,,,,,,,,,,,,,,,,135229,0.08864042907953262
,,,40,,,,,,,,,,,,,,,,,,,,,,,,,,,,,135239,0.013245071284472942
,,,40,,,,,,,,,,,,,,,,,,,,,,,,,,,,,135249,0.04528982937335968
,,,40,,,,,,,,,,,,,,,,,,,,,,,,,,,,,135259,0.005591833498328924
,,,40,,,,,,,,,,,,,,,,,,,,,,,,,,,,,135269,0.2628551423549652
,,,40,,,,,,,,,,,,,,,,,,,,,,,,,,,,,135279,0.004535193555057049
,,,40,,,,,,,,,,,,,,,,,,,,,,,,,,,,,135289,0.004096466116607189
,,,40,,,,,,,,,,,,,,,,,,,,,,,,,,,,,135299,0.6610330939292908
,,,40,,,,,,,,,,,,,,,,,,,,,,,,,,,,,135309,0.06740354746580124
,,,40,,,,,,,,,,,,,,,,,,,,,,,,,,,,,135319,0.019659945741295815
,,,40,,,,,,,,,,,,,,,,,,,,,,,,,,,,,135329,0.07518094033002853
,,,40,,,,,,,,,,,,,,,,,,,,,,,,,,,,,135339,0.0874839723110199
,,,40,,,,,,,,,,,,,,,,,,,,,,,,,,,,,135349,0.029178908094763756
,,,40,,,,,,,,,,,,,,,,,,,,,,,,,,,,,135359,0.018532458692789078
,,,40,,,,,,,,,,,,,,,,,,,,,,,,,,,,,135369,0.0295433197170496
,,,40,,,,,,,,,,,,,,,,,,,,,,,,,,,,,135379,0.2692830264568329
,,,40,,,,,,,,,,,,,,,,,,,,,,,,,,,,,135389,0.007208541966974735
,,,40,,,,,,,,,,,,,,,,,,,,,,,,,,,,,135399,0.0019091404974460602
,,,40,,,,,,,,,,,,,,,,,,,,,,,,,,,,,135409,0.013485569506883621
,,,40,,,,,,,,,,,,,,,,,,,,,,,,,,,,,135419,0.11124718189239502
,,,40,,,,,,,,,,,,,,,,,,,,,,,,,,,,,135429,0.17379653453826904
,,,40,,,,,,,,,,,,,,,,,,,,,,,,,,,,,135439,0.007557634264230728
,,,40,,,,,,,,,,,,,,,,,,,,,,,,,,,,,135449,0.04593728855252266
,,,40,,,,,,,,,,,,,,,,,,,,,,,,,,,,,135459,0.005905326921492815
,,,40,,,,,,,,,,,,,,,,,,,,,,,,,,,,,135469,0.648291289806366
,,,40,,,,,,,,,,,,,,,,,,,,,,,,,,,,,135479,0.005033503752201796
,,,40,,,,,,,,,,,,,,,,,,,,,,,,,,,,,135489,0.062026966363191605
,,,40,,,,,,,,,,,,,,,,,,,,,,,,,,,,,135499,0.16339519619941711
,,,40,,,,,,,,,,,,,,,,,,,,,,,,,,,,,135509,0.18790225684642792
,,,40,,,,,,,,,,,,,,,,,,,,,,,,,,,,,135519,0.004481468349695206
,,,40,,,,,,,,,,,,,,,,,,,,,,,,,,,,,135529,0.005987148731946945
,,,40,,,,,,,,,,,,,,,,,,,,,,,,,,,,,135539,0.03720322996377945
,,,40,,,,,,,,,,,,,,,,,,,,,,,,,,,,,135549,0.6127585172653198
,,,40,,,,,,,,,,,,,,,,,,,,,,,,,,,,,135559,0.018824122846126556
,,,40,,,,,,,,,,,,,,,,,,,,,,,,,,,,,135569,0.006081331521272659
,,,40,,,,,,,,,,,,,,,,,,,,,,,,,,,,,135579,0.00221831607632339
,,,40,,,,,,,,,,,,,,,,,,,,,,,,,,,,,135589,0.008129150606691837
,,,40,,,,,,,,,,,,,,,,,,,,,,,,,,,,,135599,0.24901267886161804
,,,40,,,,,,,,,,,,,,,,,,,,,,,,,,,,,135609,0.05315959081053734
,,,40,,,,,,,,,,,,,,,,,,,,,,,,,,,,,135619,0.020612750202417374
,,,40,,,,,,,,,,,,,,,,,,,,,,,,,,,,,135629,0.0036563340108841658
,,,40,,,,,,,,,,,,,,,,,,,,,,,,,,,,,135639,0.07109340280294418
,,,40,,,,,,,,,,,,,,,,,,,,,,,,,,,,,135649,0.003135908395051956
,,,40,,,,,,,,,,,,,,,,,,,,,,,,,,,,,135659,0.3351767361164093
,,,40,,,,,,,,,,,,,,,,,,,,,,,,,,,,,135669,0.009494906291365623
,,,40,,,,,,,,,,,,,,,,,,,,,,,,,,,,,135679,0.047147829085588455
,,,40,,,,,,,,,,,,,,,,,,,,,,,,,,,,,135689,0.3022557199001312
,,,40,,,,,,,,,,,,,,,,,,,,,,,,,,,,,135699,0.009645482525229454
,,,40,,,,,,,,,,,,,,,,,,,,,,,,,,,,,135709,0.32348448038101196
,,,,5.431565334472347e-08,3.0427872046342055e-07,4.6812110840526237e-07,4.6812110840526237e-07,7.201863206234804e-07,7.201863206234804e-07,1.1079789548053546e-06,1.1079789548053546e-06,1.704583007392853e-06,1.704583007392853e-06,2.622435395989005e-06,5.431565334472347e-08,2.622435395989005e-06,4.034515993829238e-06,4.034515993829238e-06,6.206947682814212e-06,6.206947682814212e-06,9.549150281252633e-06,9.549150281252633e-06,9.549150281252633e-06,9.549150281252633e-06,8.356254360726687e-08,8.356254360726687e-08,1.2855775939579518e-07,1.2855775939579518e-07,1.9778116830122336e-07,1.9778116830122336e-07,3.0427872046342055e-07,135711,
,,,41,,,,,,,,,,,,,,,,,,,,,,,,,,,,,135719,0.007635114714503288
,,,41,,,,,,,,,,,,,,,,,,,,,,,,,,,,,135729,0.04789275303483009
,,,41,,,,,,,,,,,,,,,,,,,,,,,,,,,,,135739,0.3330947160720825
,,,41,,,,,,,,,,,,,,,,,,,,,,,,,,,,,135749,0.03379395604133606
,,,41,,,,,,,,,,,,,,,,,,,,,,,,,,,,,135759,0.00848996639251709
,,,41,,,,,,,,,,,,,,,,,,,,,,,,,,,,,135769,0.006806293968111277
,,,41,,,,,,,,,,,,,,,,,,,,,,,,,,,,,135779,0.010576735250651836
,,,41,,,,,,,,,,,,,,,,,,,,,,,,,,,,,135789,0.056287169456481934
,,,41,,,,,,,,,,,,,,,,,,,,,,,,,,,,,135799,0.08184006810188293
,,,41,,,,,,,,,,,,,,,,,,,,,,,,,,,,,135809,1.571218490600586
,,,41,,,,,,,,,,,,,,,,,,,,,,,,,,,,,135819,0.0035193876828998327
,,,41,,,,,,,,,,,,,,,,,,,,,,,,,,,,,135829,0.005162786692380905
,,,41,,,,,,,,,,,,,,,,,,,,,,,,,,,,,135839,0.027454782277345657
,,,41,,,,,,,,,,,,,,,,,,,,,,,,,,,,,135849,0.005326284095644951
,,,41,,,,,,,,,,,,,,,,,,,,,,,,,,,,,135859,0.05725128576159477
,,,41,,,,,,,,,,,,,,,,,,,,,,,,,,,,,135869,0.002822358161211014
,,,41,,,,,,,,,,,,,,,,,,,,,,,,,,,,,135879,0.9873056411743164
,,,41,,,,,,,,,,,,,,,,,,,,,,,,,,,,,135889,0.002900548744946718
,,,41,,,,,,,,,,,,,,,,,,,,,,,,,,,,,135899,0.11271319538354874
,,,41,,,,,,,,,,,,,,,,,,,,,,,,,,,,,135909,0.015436508692800999
,,,41,,,,,,,,,,,,,,,,,,,,,,,,,,,,,135919,0.008295270614326
,,,41,,,,,,,,,,,,,,,,,,,,,,,,,,,,,135929,0.028631022199988365
,,,41,,,,,,,,,,,,,,,,,,,,,,,,,,,,,135939,0.18036383390426636
,,,41,,,,,,,,,,,,,,,,,,,,,,,,,,,,,135949,0.08676812797784805
,,,41,,,,,,,,,,,,,,,,,,,,,,,,,,,,,135959,0.037310075014829636
,,,41,,,,,,,,,,,,,,,,,,,,,,,,,,,,,135969,0.27731525897979736
,,,41,,,,,,,,,,,,,,,,,,,,,,,,,,,,,135979,0.07891178876161575
,,,41,,,,,,,,,,,,,,,,,,,,,,,,,,,,,135989,0.04323090240359306
,,,41,,,,,,,,,,,,,,,,,,,,,,,,,,,,,135999,0.013710295781493187
,,,41,,,,,,,,,,,,,,,,,,,,,,,,,,,,,136009,0.3040297031402588
,,,41,,,,,,,,,,,,,,,,,,,,,,,,,,,,,136019,0.0041502234525978565
,,,41,,,,,,,,,,,,,,,,,,,,,,,,,,,,,136029,0.024935631081461906
,,,41,,,,,,,,,,,,,,,,,,,,,,,,,,,,,136039,0.004475146532058716
,,,41,,,,,,,,,,,,,,,,,,,,,,,,,,,,,136049,0.0027874570805579424
,,,41,,,,,,,,,,,,,,,,,,,,,,,,,,,,,136059,0.5331765413284302
,,,41,,,,,,,,,,,,,,,,,,,,,,,,,,,,,136069,0.07908090204000473
,,,41,,,,,,,,,,,,,,,,,,,,,,,,,,,,,136079,0.0054252916015684605
,,,41,,,,,,,,,,,,,,,,,,,,,,,,,,,,,136089,0.048902492970228195
,,,41,,,,,,,,,,,,,,,,,,,,,,,,,,,,,136099,0.006141980644315481
,,,41,,,,,,,,,,,,,,,,,,,,,,,,,,,,,136109,0.014696475118398666
,,,41,,,,,,,,,,,,,,,,,,,,,,,,,,,,,136119,0.03990381956100464
,,,41,,,,,,,,,,,,,,,,,,,,,,,,,,,,,136129,0.004459346644580364
,,,41,,,,,,,,,,,,,,,,,,,,,,,,,,,,,136139,1.1015583276748657
,,,41,,,,,,,,,,,,,,,,,,,,,,,,,,,,,136149,0.0032987205777317286
,,,41,,,,,,,,,,,,,,,,,,,,,,,,,,,,,136159,0.8642516136169434
,,,41,,,,,,,,,,,,,,,,,,,,,,,,,,,,,136169,0.01760954223573208
,,,41,,,,,,,,,,,,,,,,,,,,,,,,,,,,,136179,0.024375069886446
,,,41,,,,,,,,,,,,,,,,,,,,,,,,,,,,,136189,0.00422009639441967
,,,41,,,,,,,,,,,,,,,,,,,,,,,,,,,,,136199,0.024013565853238106
,,,41,,,,,,,,,,,,,,,,,,,,,,,,,,,,,136209,1.6630219221115112
,,,41,,,,,,,,,,,,,,,,,,,,,,,,,,,,,136219,0.016709845513105392
,,,41,,,,,,,,,,,,,,,,,,,,,,,,,,,,,136229,0.1878882646560669
,,,41,,,,,,,,,,,,,,,,,,,,,,,,,,,,,136239,0.25725799798965454
,,,41,,,,,,,,,,,,,,,,,,,,,,,,,,,,,136249,0.04797502979636192
,,,41,,,,,,,,,,,,,,,,,,,,,,,,,,,,,136259,0.002616464626044035
,,,41,,,,,,,,,,,,,,,,,,,,,,,,,,,,,136269,0.3184176981449127
,,,41,,,,,,,,,,,,,,,,,,,,,,,,,,,,,136279,0.03288618102669716
,,,41,,,,,,,,,,,,,,,,,,,,,,,,,,,,,136289,0.47797691822052
,,,41,,,,,,,,,,,,,,,,,,,,,,,,,,,,,136299,0.002945323707535863
,,,41,,,,,,,,,,,,,,,,,,,,,,,,,,,,,136309,0.00477391155436635
,,,41,,,,,,,,,,,,,,,,,,,,,,,,,,,,,136319,0.27869346737861633
,,,41,,,,,,,,,,,,,,,,,,,,,,,,,,,,,136329,0.0019370013615116477
,,,41,,,,,,,,,,,,,,,,,,,,,,,,,,,,,136339,1.4337035417556763
,,,41,,,,,,,,,,,,,,,,,,,,,,,,,,,,,136349,0.1444072276353836
,,,41,,,,,,,,,,,,,,,,,,,,,,,,,,,,,136359,0.13992184400558472
,,,41,,,,,,,,,,,,,,,,,,,,,,,,,,,,,136369,0.03158925846219063
,,,41,,,,,,,,,,,,,,,,,,,,,,,,,,,,,136379,0.03362547233700752
,,,41,,,,,,,,,,,,,,,,,,,,,,,,,,,,,136389,0.0046312324702739716
,,,41,,,,,,,,,,,,,,,,,,,,,,,,,,,,,136399,0.006247757468372583
,,,41,,,,,,,,,,,,,,,,,,,,,,,,,,,,,136409,0.2720678150653839
,,,41,,,,,,,,,,,,,,,,,,,,,,,,,,,,,136419,0.004684852436184883
,,,41,,,,,,,,,,,,,,,,,,,,,,,,,,,,,136429,0.9595775604248047
,,,41,,,,,,,,,,,,,,,,,,,,,,,,,,,,,136439,0.0070218234322965145
,,,41,,,,,,,,,,,,,,,,,,,,,,,,,,,,,136449,0.09562951326370239
,,,41,,,,,,,,,,,,,,,,,,,,,,,,,,,,,136459,0.004271991550922394
,,,41,,,,,,,,,,,,,,,,,,,,,,,,,,,,,136469,0.8156188726425171
,,,41,,,,,,,,,,,,,,,,,,,,,,,,,,,,,136479,0.0077709779143333435
,,,41,,,,,,,,,,,,,,,,,,,,,,,,,,,,,136489,0.005341114941984415
,,,41,,,,,,,,,,,,,,,,,,,,,,,,,,,,,136499,0.008040334098041058
,,,41,,,,,,,,,,,,,,,,,,,,,,,,,,,,,136509,0.04319721832871437
,,,41,,,,,,,,,,,,,,,,,,,,,,,,,,,,,136519,0.27562782168388367
,,,41,,,,,,,,,,,,,,,,,,,,,,,,,,,,,136529,0.0038641709834337234
,,,41,,,,,,,,,,,,,,,,,,,,,,,,,,,,,136539,0.2644062638282776
,,,41,,,,,,,,,,,,,,,,,,,,,,,,,,,,,136549,0.38177749514579773
,,,41,,,,,,,,,,,,,,,,,,,,,,,,,,,,,136559,0.4582759737968445
,,,41,,,,,,,,,,,,,,,,,,,,,,,,,,,,,136569,0.017061570659279823
,,,41,,,,,,,,,,,,,,,,,,,,,,,,,,,,,136579,0.13318046927452087
,,,41,,,,,,,,,,,,,,,,,,,,,,,,,,,,,136589,0.16130010783672333
,,,41,,,,,,,,,,,,,,,,,,,,,,,,,,,,,136599,0.008982120081782341
,,,41,,,,,,,,,,,,,,,,,,,,,,,,,,,,,136609,0.04037988558411598
,,,41,,,,,,,,,,,,,,,,,,,,,,,,,,,,,136619,0.025645051151514053
,,,41,,,,,,,,,,,,,,,,,,,,,,,,,,,,,136629,0.04021967947483063
,,,41,,,,,,,,,,,,,,,,,,,,,,,,,,,,,136639,0.012443802319467068
,,,41,,,,,,,,,,,,,,,,,,,,,,,,,,,,,136649,0.0021509770303964615
,,,41,,,,,,,,,,,,,,,,,,,,,,,,,,,,,136659,0.6073137521743774
,,,41,,,,,,,,,,,,,,,,,,,,,,,,,,,,,136669,0.1799086481332779
,,,41,,,,,,,,,,,,,,,,,,,,,,,,,,,,,136679,0.025333451107144356
,,,41,,,,,,,,,,,,,,,,,,,,,,,,,,,,,136689,0.22872623801231384
,,,41,,,,,,,,,,,,,,,,,,,,,,,,,,,,,136699,0.0049045798368752
,,,41,,,,,,,,,,,,,,,,,,,,,,,,,,,,,136709,0.018792880699038506
,,,41,,,,,,,,,,,,,,,,,,,,,,,,,,,,,136719,0.004488523118197918
,,,41,,,,,,,,,,,,,,,,,,,,,,,,,,,,,136729,0.03072553500533104
,,,41,,,,,,,,,,,,,,,,,,,,,,,,,,,,,136739,0.010192706249654293
,,,41,,,,,,,,,,,,,,,,,,,,,,,,,,,,,136749,0.6518576741218567
,,,41,,,,,,,,,,,,,,,,,,,,,,,,,,,,,136759,0.09974578022956848
,,,41,,,,,,,,,,,,,,,,,,,,,,,,,,,,,136769,0.010761535726487637
,,,41,,,,,,,,,,,,,,,,,,,,,,,,,,,,,136779,0.08708810061216354
,,,41,,,,,,,,,,,,,,,,,,,,,,,,,,,,,136789,0.0498661994934082
,,,41,,,,,,,,,,,,,,,,,,,,,,,,,,,,,136799,0.03033997304737568
,,,41,,,,,,,,,,,,,,,,,,,,,,,,,,,,,136809,0.001342943636700511
,,,41,,,,,,,,,,,,,,,,,,,,,,,,,,,,,136819,0.05175410956144333
,,,41,,,,,,,,,,,,,,,,,,,,,,,,,,,,,136829,0.25870051980018616
,,,41,,,,,,,,,,,,,,,,,,,,,,,,,,,,,136839,0.1211366206407547
,,,41,,,,,,,,,,,,,,,,,,,,,,,,,,,,,136849,0.003868190571665764
,,,41,,,,,,,,,,,,,,,,,,,,,,,,,,,,,136859,0.30867600440979004
,,,41,,,,,,,,,,,,,,,,,,,,,,,,,,,,,136869,0.07719143480062485
,,,41,,,,,,,,,,,,,,,,,,,,,,,,,,,,,136879,0.2909497022628784
,,,41,,,,,,,,,,,,,,,,,,,,,,,,,,,,,136889,0.4087945222854614
,,,41,,,,,,,,,,,,,,,,,,,,,,,,,,,,,136899,0.0709565281867981
,,,41,,,,,,,,,,,,,,,,,,,,,,,,,,,,,136909,0.7059786915779114
,,,41,,,,,,,,,,,,,,,,,,,,,,,,,,,,,136919,0.01095743477344513
,,,41,,,,,,,,,,,,,,,,,,,,,,,,,,,,,136929,0.020565668120980263
,,,41,,,,,,,,,,,,,,,,,,,,,,,,,,,,,136939,0.02322731353342533
,,,41,,,,,,,,,,,,,,,,,,,,,,,,,,,,,136949,0.03473583981394768
,,,41,,,,,,,,,,,,,,,,,,,,,,,,,,,,,136959,0.00158253638073802
,,,41,,,,,,,,,,,,,,,,,,,,,,,,,,,,,136969,0.10048247873783112
,,,41,,,,,,,,,,,,,,,,,,,,,,,,,,,,,136979,0.03748248890042305
,,,41,,,,,,,,,,,,,,,,,,,,,,,,,,,,,136989,0.25393661856651306
,,,41,,,,,,,,,,,,,,,,,,,,,,,,,,,,,136999,0.005764322821050882
,,,41,,,,,,,,,,,,,,,,,,,,,,,,,,,,,137009,0.21009021997451782
,,,41,,,,,,,,,,,,,,,,,,,,,,,,,,,,,137019,0.002508137607946992
,,,41,,,,,,,,,,,,,,,,,,,,,,,,,,,,,137029,0.04028943181037903
,,,41,,,,,,,,,,,,,,,,,,,,,,,,,,,,,137039,0.006697007454931736
,,,41,,,,,,,,,,,,,,,,,,,,,,,,,,,,,137049,0.29370173811912537
,,,41,,,,,,,,,,,,,,,,,,,,,,,,,,,,,137059,0.724431574344635
,,,41,,,,,,,,,,,,,,,,,,,,,,,,,,,,,137069,0.011276992037892342
,,,41,,,,,,,,,,,,,,,,,,,,,,,,,,,,,137079,0.00560980848968029
,,,41,,,,,,,,,,,,,,,,,,,,,,,,,,,,,137089,0.07629259675741196
,,,41,,,,,,,,,,,,,,,,,,,,,,,,,,,,,137099,0.09767308086156845
,,,41,,,,,,,,,,,,,,,,,,,,,,,,,,,,,137109,0.02703605405986309
,,,41,,,,,,,,,,,,,,,,,,,,,,,,,,,,,137119,0.553982675075531
,,,41,,,,,,,,,,,,,,,,,,,,,,,,,,,,,137129,0.056851524859666824
,,,41,,,,,,,,,,,,,,,,,,,,,,,,,,,,,137139,0.15674372017383575
,,,41,,,,,,,,,,,,,,,,,,,,,,,,,,,,,137149,0.5166724324226379
,,,41,,,,,,,,,,,,,,,,,,,,,,,,,,,,,137159,0.31630125641822815
,,,41,,,,,,,,,,,,,,,,,,,,,,,,,,,,,137169,0.017187505960464478
,,,41,,,,,,,,,,,,,,,,,,,,,,,,,,,,,137179,0.003767740912735462
,,,41,,,,,,,,,,,,,,,,,,,,,,,,,,,,,137189,0.8577434420585632
,,,41,,,,,,,,,,,,,,,,,,,,,,,,,,,,,137199,0.004678911529481411
,,,41,,,,,,,,,,,,,,,,,,,,,,,,,,,,,137209,0.10940299928188324
,,,41,,,,,,,,,,,,,,,,,,,,,,,,,,,,,137219,0.030391346663236618
,,,41,,,,,,,,,,,,,,,,,,,,,,,,,,,,,137229,0.21159210801124573
,,,41,,,,,,,,,,,,,,,,,,,,,,,,,,,,,137239,0.010340344160795212
,,,41,,,,,,,,,,,,,,,,,,,,,,,,,,,,,137249,0.008091297931969166
,,,41,,,,,,,,,,,,,,,,,,,,,,,,,,,,,137259,0.002458888804540038
,,,41,,,,,,,,,,,,,,,,,,,,,,,,,,,,,137269,0.15752846002578735
,,,41,,,,,,,,,,,,,,,,,,,,,,,,,,,,,137279,0.18968650698661804
,,,41,,,,,,,,,,,,,,,,,,,,,,,,,,,,,137289,0.004369062837213278
,,,41,,,,,,,,,,,,,,,,,,,,,,,,,,,,,137299,0.010141389444470406
,,,41,,,,,,,,,,,,,,,,,,,,,,,,,,,,,137309,0.04084817320108414
,,,41,,,,,,,,,,,,,,,,,,,,,,,,,,,,,137319,0.007899771444499493
,,,41,,,,,,,,,,,,,,,,,,,,,,,,,,,,,137329,0.00662764348089695
,,,41,,,,,,,,,,,,,,,,,,,,,,,,,,,,,137339,0.9325078129768372
,,,41,,,,,,,,,,,,,,,,,,,,,,,,,,,,,137349,0.008549528196454048
,,,41,,,,,,,,,,,,,,,,,,,,,,,,,,,,,137359,0.3456164300441742
,,,41,,,,,,,,,,,,,,,,,,,,,,,,,,,,,137369,0.1692659854888916
,,,41,,,,,,,,,,,,,,,,,,,,,,,,,,,,,137379,0.009614846669137478
,,,41,,,,,,,,,,,,,,,,,,,,,,,,,,,,,137389,0.01319923810660839
,,,41,,,,,,,,,,,,,,,,,,,,,,,,,,,,,137399,0.003138731699436903
,,,41,,,,,,,,,,,,,,,,,,,,,,,,,,,,,137409,0.08063360303640366
,,,41,,,,,,,,,,,,,,,,,,,,,,,,,,,,,137419,0.007804225664585829
,,,41,,,,,,,,,,,,,,,,,,,,,,,,,,,,,137429,0.00483626127243042
,,,41,,,,,,,,,,,,,,,,,,,,,,,,,,,,,137439,0.050938405096530914
,,,41,,,,,,,,,,,,,,,,,,,,,,,,,,,,,137449,0.00399750005453825
,,,41,,,,,,,,,,,,,,,,,,,,,,,,,,,,,137459,0.560144305229187
,,,41,,,,,,,,,,,,,,,,,,,,,,,,,,,,,137469,0.1938091516494751
,,,41,,,,,,,,,,,,,,,,,,,,,,,,,,,,,137479,0.01958537846803665
,,,41,,,,,,,,,,,,,,,,,,,,,,,,,,,,,137489,0.026579851284623146
,,,41,,,,,,,,,,,,,,,,,,,,,,,,,,,,,137499,0.005965724587440491
,,,41,,,,,,,,,,,,,,,,,,,,,,,,,,,,,137509,0.004703718703240156
,,,41,,,,,,,,,,,,,,,,,,,,,,,,,,,,,137519,0.0052281697280704975
,,,41,,,,,,,,,,,,,,,,,,,,,,,,,,,,,137529,0.00869439635425806
,,,41,,,,,,,,,,,,,,,,,,,,,,,,,,,,,137539,1.2185946702957153
,,,41,,,,,,,,,,,,,,,,,,,,,,,,,,,,,137549,0.38256171345710754
,,,41,,,,,,,,,,,,,,,,,,,,,,,,,,,,,137559,0.8188267946243286
,,,41,,,,,,,,,,,,,,,,,,,,,,,,,,,,,137569,0.07395842671394348
,,,41,,,,,,,,,,,,,,,,,,,,,,,,,,,,,137579,0.30176034569740295
,,,41,,,,,,,,,,,,,,,,,,,,,,,,,,,,,137589,0.003451582742854953
,,,41,,,,,,,,,,,,,,,,,,,,,,,,,,,,,137599,0.027241576462984085
,,,41,,,,,,,,,,,,,,,,,,,,,,,,,,,,,137609,0.0034488278906792402
,,,41,,,,,,,,,,,,,,,,,,,,,,,,,,,,,137619,0.009117994457483292
,,,41,,,,,,,,,,,,,,,,,,,,,,,,,,,,,137629,0.17329460382461548
,,,41,,,,,,,,,,,,,,,,,,,,,,,,,,,,,137639,0.7535470128059387
,,,41,,,,,,,,,,,,,,,,,,,,,,,,,,,,,137649,0.010719019919633865
,,,41,,,,,,,,,,,,,,,,,,,,,,,,,,,,,137659,0.742363452911377
,,,41,,,,,,,,,,,,,,,,,,,,,,,,,,,,,137669,0.003567236242815852
,,,41,,,,,,,,,,,,,,,,,,,,,,,,,,,,,137679,0.4301075041294098
,,,41,,,,,,,,,,,,,,,,,,,,,,,,,,,,,137689,0.15643848478794098
,,,41,,,,,,,,,,,,,,,,,,,,,,,,,,,,,137699,0.555614709854126
,,,41,,,,,,,,,,,,,,,,,,,,,,,,,,,,,137709,0.023177139461040497
,,,41,,,,,,,,,,,,,,,,,,,,,,,,,,,,,137719,0.008121568709611893
,,,41,,,,,,,,,,,,,,,,,,,,,,,,,,,,,137729,1.346082329750061
,,,41,,,,,,,,,,,,,,,,,,,,,,,,,,,,,137739,0.007195706479251385
,,,41,,,,,,,,,,,,,,,,,,,,,,,,,,,,,137749,0.0041660950519144535
,,,41,,,,,,,,,,,,,,,,,,,,,,,,,,,,,137759,0.047081250697374344
,,,41,,,,,,,,,,,,,,,,,,,,,,,,,,,,,137769,0.008307606913149357
,,,41,,,,,,,,,,,,,,,,,,,,,,,,,,,,,137779,0.1497562676668167
,,,41,,,,,,,,,,,,,,,,,,,,,,,,,,,,,137789,0.19427716732025146
,,,41,,,,,,,,,,,,,,,,,,,,,,,,,,,,,137799,0.10951336473226547
,,,41,,,,,,,,,,,,,,,,,,,,,,,,,,,,,137809,0.005511668976396322
,,,41,,,,,,,,,,,,,,,,,,,,,,,,,,,,,137819,0.09901375323534012
,,,41,,,,,,,,,,,,,,,,,,,,,,,,,,,,,137829,0.001473085954785347
,,,41,,,,,,,,,,,,,,,,,,,,,,,,,,,,,137839,0.8126500844955444
,,,41,,,,,,,,,,,,,,,,,,,,,,,,,,,,,137849,0.01569441333413124
,,,41,,,,,,,,,,,,,,,,,,,,,,,,,,,,,137859,0.4195381700992584
,,,41,,,,,,,,,,,,,,,,,,,,,,,,,,,,,137869,0.04666320979595184
,,,41,,,,,,,,,,,,,,,,,,,,,,,,,,,,,137879,0.2030550092458725
,,,41,,,,,,,,,,,,,,,,,,,,,,,,,,,,,137889,0.021383697167038918
,,,41,,,,,,,,,,,,,,,,,,,,,,,,,,,,,137899,0.283542275428772
,,,41,,,,,,,,,,,,,,,,,,,,,,,,,,,,,137909,0.310278981924057
,,,41,,,,,,,,,,,,,,,,,,,,,,,,,,,,,137919,0.012631339952349663
,,,41,,,,,,,,,,,,,,,,,,,,,,,,,,,,,137929,0.0033011219929903746
,,,41,,,,,,,,,,,,,,,,,,,,,,,,,,,,,137939,0.004417537711560726
,,,41,,,,,,,,,,,,,,,,,,,,,,,,,,,,,137949,0.006508059799671173
,,,41,,,,,,,,,,,,,,,,,,,,,,,,,,,,,137959,0.0020144053269177675
,,,41,,,,,,,,,,,,,,,,,,,,,,,,,,,,,137969,0.020632853731513023
,,,41,,,,,,,,,,,,,,,,,,,,,,,,,,,,,137979,0.053982049226760864
,,,41,,,,,,,,,,,,,,,,,,,,,,,,,,,,,137989,0.08790255337953568
,,,41,,,,,,,,,,,,,,,,,,,,,,,,,,,,,137999,0.0580490306019783
,,,41,,,,,,,,,,,,,,,,,,,,,,,,,,,,,138009,0.004277161788195372
,,,41,,,,,,,,,,,,,,,,,,,,,,,,,,,,,138019,0.1919707953929901
,,,41,,,,,,,,,,,,,,,,,,,,,,,,,,,,,138029,0.23912641406059265
,,,41,,,,,,,,,,,,,,,,,,,,,,,,,,,,,138039,0.008816023357212543
,,,41,,,,,,,,,,,,,,,,,,,,,,,,,,,,,138049,0.013195273466408253
,,,41,,,,,,,,,,,,,,,,,,,,,,,,,,,,,138059,0.6888737082481384
,,,41,,,,,,,,,,,,,,,,,,,,,,,,,,,,,138069,0.004945117514580488
,,,41,,,,,,,,,,,,,,,,,,,,,,,,,,,,,138079,0.012253000400960445
,,,41,,,,,,,,,,,,,,,,,,,,,,,,,,,,,138089,0.24773821234703064
,,,41,,,,,,,,,,,,,,,,,,,,,,,,,,,,,138099,0.387871116399765
,,,41,,,,,,,,,,,,,,,,,,,,,,,,,,,,,138109,0.010703769512474537
,,,41,,,,,,,,,,,,,,,,,,,,,,,,,,,,,138119,0.8142865896224976
,,,41,,,,,,,,,,,,,,,,,,,,,,,,,,,,,138129,0.4001447260379791
,,,41,,,,,,,,,,,,,,,,,,,,,,,,,,,,,138139,0.004840608686208725
,,,41,,,,,,,,,,,,,,,,,,,,,,,,,,,,,138149,0.7088834643363953
,,,41,,,,,,,,,,,,,,,,,,,,,,,,,,,,,138159,0.007936826907098293
,,,41,,,,,,,,,,,,,,,,,,,,,,,,,,,,,138169,0.2582416236400604
,,,41,,,,,,,,,,,,,,,,,,,,,,,,,,,,,138179,0.007701837457716465
,,,41,,,,,,,,,,,,,,,,,,,,,,,,,,,,,138189,0.007017921656370163
,,,41,,,,,,,,,,,,,,,,,,,,,,,,,,,,,138199,0.011551449075341225
,,,41,,,,,,,,,,,,,,,,,,,,,,,,,,,,,138209,0.8373419642448425
,,,41,,,,,,,,,,,,,,,,,,,,,,,,,,,,,138219,0.01356737781316042
,,,41,,,,,,,,,,,,,,,,,,,,,,,,,,,,,138229,0.0006292096804827452
,,,41,,,,,,,,,,,,,,,,,,,,,,,,,,,,,138239,0.04147425666451454
,,,41,,,,,,,,,,,,,,,,,,,,,,,,,,,,,138249,0.005204795394092798
,,,41,,,,,,,,,,,,,,,,,,,,,,,,,,,,,138259,0.0020806079264730215
,,,41,,,,,,,,,,,,,,,,,,,,,,,,,,,,,138269,0.3979521095752716
,,,41,,,,,,,,,,,,,,,,,,,,,,,,,,,,,138279,0.12965182960033417
,,,41,,,,,,,,,,,,,,,,,,,,,,,,,,,,,138289,0.795315682888031
,,,41,,,,,,,,,,,,,,,,,,,,,,,,,,,,,138299,0.0801442489027977
,,,41,,,,,,,,,,,,,,,,,,,,,,,,,,,,,138309,0.00629222858697176
,,,41,,,,,,,,,,,,,,,,,,,,,,,,,,,,,138319,0.07482308894395828
,,,41,,,,,,,,,,,,,,,,,,,,,,,,,,,,,138329,0.011309763416647911
,,,41,,,,,,,,,,,,,,,,,,,,,,,,,,,,,138339,0.004819265566766262
,,,41,,,,,,,,,,,,,,,,,,,,,,,,,,,,,138349,0.06756013631820679
,,,41,,,,,,,,,,,,,,,,,,,,,,,,,,,,,138359,0.008036217652261257
,,,41,,,,,,,,,,,,,,,,,,,,,,,,,,,,,138369,0.103120356798172
,,,41,,,,,,,,,,,,,,,,,,,,,,,,,,,,,138379,0.8087379336357117
,,,41,,,,,,,,,,,,,,,,,,,,,,,,,,,,,138389,0.06852293014526367
,,,41,,,,,,,,,,,,,,,,,,,,,,,,,,,,,138399,0.00723164901137352
,,,41,,,,,,,,,,,,,,,,,,,,,,,,,,,,,138409,0.4865560233592987
,,,41,,,,,,,,,,,,,,,,,,,,,,,,,,,,,138419,0.013884156942367554
,,,41,,,,,,,,,,,,,,,,,,,,,,,,,,,,,138429,0.2704181671142578
,,,41,,,,,,,,,,,,,,,,,,,,,,,,,,,,,138439,0.003343632211908698
,,,41,,,,,,,,,,,,,,,,,,,,,,,,,,,,,138449,0.020191121846437454
,,,41,,,,,,,,,,,,,,,,,,,,,,,,,,,,,138459,0.4791244566440582
,,,41,,,,,,,,,,,,,,,,,,,,,,,,,,,,,138469,0.18286395072937012
,,,41,,,,,,,,,,,,,,,,,,,,,,,,,,,,,138479,0.06156265735626221
,,,41,,,,,,,,,,,,,,,,,,,,,,,,,,,,,138489,0.23627106845378876
,,,41,,,,,,,,,,,,,,,,,,,,,,,,,,,,,138499,0.038658950477838516
,,,41,,,,,,,,,,,,,,,,,,,,,,,,,,,,,138509,0.06215471029281616
,,,41,,,,,,,,,,,,,,,,,,,,,,,,,,,,,138519,0.026491856202483177
,,,41,,,,,,,,,,,,,,,,,,,,,,,,,,,,,138529,0.03210980445146561
,,,41,,,,,,,,,,,,,,,,,,,,,,,,,,,,,138539,0.022086717188358307
,,,41,,,,,,,,,,,,,,,,,,,,,,,,,,,,,138549,0.002538417698815465
,,,41,,,,,,,,,,,,,,,,,,,,,,,,,,,,,138559,0.02236095815896988
,,,41,,,,,,,,,,,,,,,,,,,,,,,,,,,,,138569,0.47214362025260925
,,,41,,,,,,,,,,,,,,,,,,,,,,,,,,,,,138579,0.046380143612623215
,,,41,,,,,,,,,,,,,,,,,,,,,,,,,,,,,138589,0.0009102733456529677
,,,41,,,,,,,,,,,,,,,,,,,,,,,,,,,,,138599,0.00458329264074564
,,,41,,,,,,,,,,,,,,,,,,,,,,,,,,,,,138609,0.008641498163342476
,,,41,,,,,,,,,,,,,,,,,,,,,,,,,,,,,138619,0.03505782037973404
,,,41,,,,,,,,,,,,,,,,,,,,,,,,,,,,,138629,0.018171409144997597
,,,41,,,,,,,,,,,,,,,,,,,,,,,,,,,,,138639,0.01958368346095085
,,,41,,,,,,,,,,,,,,,,,,,,,,,,,,,,,138649,0.2691284120082855
,,,41,,,,,,,,,,,,,,,,,,,,,,,,,,,,,138659,0.009321538731455803
,,,41,,,,,,,,,,,,,,,,,,,,,,,,,,,,,138669,0.006853824481368065
,,,41,,,,,,,,,,,,,,,,,,,,,,,,,,,,,138679,0.8479587435722351
,,,41,,,,,,,,,,,,,,,,,,,,,,,,,,,,,138689,0.909193217754364
,,,41,,,,,,,,,,,,,,,,,,,,,,,,,,,,,138699,0.0036280446220189333
,,,41,,,,,,,,,,,,,,,,,,,,,,,,,,,,,138709,0.003693901002407074
,,,41,,,,,,,,,,,,,,,,,,,,,,,,,,,,,138719,0.031236348673701286
,,,41,,,,,,,,,,,,,,,,,,,,,,,,,,,,,138729,0.016718799248337746
,,,41,,,,,,,,,,,,,,,,,,,,,,,,,,,,,138739,0.049011070281267166
,,,41,,,,,,,,,,,,,,,,,,,,,,,,,,,,,138749,0.027781648561358452
,,,41,,,,,,,,,,,,,,,,,,,,,,,,,,,,,138759,0.13279788196086884
,,,41,,,,,,,,,,,,,,,,,,,,,,,,,,,,,138769,0.10997436940670013
,,,41,,,,,,,,,,,,,,,,,,,,,,,,,,,,,138779,0.017257055267691612
,,,41,,,,,,,,,,,,,,,,,,,,,,,,,,,,,138789,0.04657620191574097
,,,41,,,,,,,,,,,,,,,,,,,,,,,,,,,,,138799,0.002920102095231414
,,,41,,,,,,,,,,,,,,,,,,,,,,,,,,,,,138809,0.007851101458072662
,,,41,,,,,,,,,,,,,,,,,,,,,,,,,,,,,138819,0.004799913614988327
,,,41,,,,,,,,,,,,,,,,,,,,,,,,,,,,,138829,0.0018500442383810878
,,,41,,,,,,,,,,,,,,,,,,,,,,,,,,,,,138839,0.004449788480997086
,,,41,,,,,,,,,,,,,,,,,,,,,,,,,,,,,138849,0.0054009114392101765
,,,41,,,,,,,,,,,,,,,,,,,,,,,,,,,,,138859,0.0030593806877732277
,,,41,,,,,,,,,,,,,,,,,,,,,,,,,,,,,138869,0.007395165506750345
,,,41,,,,,,,,,,,,,,,,,,,,,,,,,,,,,138879,0.0038459240458905697
,,,41,,,,,,,,,,,,,,,,,,,,,,,,,,,,,138889,0.47096744179725647
,,,41,,,,,,,,,,,,,,,,,,,,,,,,,,,,,138899,0.002182080876082182
,,,41,,,,,,,,,,,,,,,,,,,,,,,,,,,,,138909,0.9924949407577515
,,,41,,,,,,,,,,,,,,,,,,,,,,,,,,,,,138919,0.0267073642462492
,,,41,,,,,,,,,,,,,,,,,,,,,,,,,,,,,138929,0.002971471520140767
,,,41,,,,,,,,,,,,,,,,,,,,,,,,,,,,,138939,0.00426630862057209
,,,41,,,,,,,,,,,,,,,,,,,,,,,,,,,,,138949,0.028333142399787903
,,,41,,,,,,,,,,,,,,,,,,,,,,,,,,,,,138959,0.00389983132481575
,,,41,,,,,,,,,,,,,,,,,,,,,,,,,,,,,138969,0.512165904045105
,,,41,,,,,,,,,,,,,,,,,,,,,,,,,,,,,138979,0.006365413311868906
,,,41,,,,,,,,,,,,,,,,,,,,,,,,,,,,,138989,0.1316792517900467
,,,41,,,,,,,,,,,,,,,,,,,,,,,,,,,,,138999,0.0045487829484045506
,,,41,,,,,,,,,,,,,,,,,,,,,,,,,,,,,139009,0.8525113463401794
,,,41,,,,,,,,,,,,,,,,,,,,,,,,,,,,,139019,0.00380501477047801
,,,,4.321519031092087e-08,2.420934298430496e-07,3.724514305277685e-07,3.724514305277685e-07,5.730022008119516e-07,5.730022008119516e-07,8.815418474030023e-07,8.815418474030023e-07,1.3562182267738498e-06,1.3562182267738498e-06,2.0864895796520763e-06,4.321519031092087e-08,2.0864895796520763e-06,3.2099839686955018e-06,3.2099839686955018e-06,4.938436874916157e-06,4.938436874916157e-06,7.597595192178702e-06,7.597595192178702e-06,7.597595192178702e-06,7.597595192178702e-06,6.648490817064748e-08,6.648490817064748e-08,1.0228447410868844e-07,1.0228447410868844e-07,1.5736072939798221e-07,1.5736072939798221e-07,2.420934298430496e-07,139021,
,,,42,,,,,,,,,,,,,,,,,,,,,,,,,,,,,139029,0.4257626235485077
,,,42,,,,,,,,,,,,,,,,,,,,,,,,,,,,,139039,0.05262809246778488
,,,42,,,,,,,,,,,,,,,,,,,,,,,,,,,,,139049,0.012628747150301933
,,,42,,,,,,,,,,,,,,,,,,,,,,,,,,,,,139059,0.003220575861632824
,,,42,,,,,,,,,,,,,,,,,,,,,,,,,,,,,139069,0.25404611229896545
,,,42,,,,,,,,,,,,,,,,,,,,,,,,,,,,,139079,0.7656659483909607
,,,42,,,,,,,,,,,,,,,,,,,,,,,,,,,,,139089,0.005732332821935415
,,,42,,,,,,,,,,,,,,,,,,,,,,,,,,,,,139099,0.9507158398628235
,,,42,,,,,,,,,,,,,,,,,,,,,,,,,,,,,139109,0.036041803658008575
,,,42,,,,,,,,,,,,,,,,,,,,,,,,,,,,,139119,0.0026785831432789564
,,,42,,,,,,,,,,,,,,,,,,,,,,,,,,,,,139129,0.018369069322943687
,,,42,,,,,,,,,,,,,,,,,,,,,,,,,,,,,139139,0.005181032232940197
,,,42,,,,,,,,,,,,,,,,,,,,,,,,,,,,,139149,0.03645014762878418
,,,42,,,,,,,,,,,,,,,,,,,,,,,,,,,,,139159,0.012196804396808147
,,,42,,,,,,,,,,,,,,,,,,,,,,,,,,,,,139169,0.0027856340166181326
,,,42,,,,,,,,,,,,,,,,,,,,,,,,,,,,,139179,0.45543020963668823
,,,42,,,,,,,,,,,,,,,,,,,,,,,,,,,,,139189,0.06656135618686676
,,,42,,,,,,,,,,,,,,,,,,,,,,,,,,,,,139199,0.0050136009231209755
,,,42,,,,,,,,,,,,,,,,,,,,,,,,,,,,,139209,0.010963895358145237
,,,42,,,,,,,,,,,,,,,,,,,,,,,,,,,,,139219,0.24530597031116486
,,,42,,,,,,,,,,,,,,,,,,,,,,,,,,,,,139229,0.0041525159031152725
,,,42,,,,,,,,,,,,,,,,,,,,,,,,,,,,,139239,0.2218330055475235
,,,42,,,,,,,,,,,,,,,,,,,,,,,,,,,,,139249,0.023884348571300507
,,,42,,,,,,,,,,,,,,,,,,,,,,,,,,,,,139259,0.11509916931390762
,,,42,,,,,,,,,,,,,,,,,,,,,,,,,,,,,139269,0.3629140257835388
,,,42,,,,,,,,,,,,,,,,,,,,,,,,,,,,,139279,0.0019216188229620457
,,,42,,,,,,,,,,,,,,,,,,,,,,,,,,,,,139289,0.13753947615623474
,,,42,,,,,,,,,,,,,,,,,,,,,,,,,,,,,139299,0.010737061500549316
,,,42,,,,,,,,,,,,,,,,,,,,,,,,,,,,,139309,0.060322631150484085
,,,42,,,,,,,,,,,,,,,,,,,,,,,,,,,,,139319,0.07999715954065323
,,,42,,,,,,,,,,,,,,,,,,,,,,,,,,,,,139329,0.024886054918169975
,,,42,,,,,,,,,,,,,,,,,,,,,,,,,,,,,139339,0.31072714924812317
,,,42,,,,,,,,,,,,,,,,,,,,,,,,,,,,,139349,0.17643867433071136
,,,42,,,,,,,,,,,,,,,,,,,,,,,,,,,,,139359,0.009824123233556747
,,,42,,,,,,,,,,,,,,,,,,,,,,,,,,,,,139369,0.010630795732140541
,,,42,,,,,,,,,,,,,,,,,,,,,,,,,,,,,139379,0.23253647983074188
,,,42,,,,,,,,,,,,,,,,,,,,,,,,,,,,,139389,0.046088628470897675
,,,42,,,,,,,,,,,,,,,,,,,,,,,,,,,,,139399,0.009216751903295517
,,,42,,,,,,,,,,,,,,,,,,,,,,,,,,,,,139409,0.1485947221517563
,,,42,,,,,,,,,,,,,,,,,,,,,,,,,,,,,139419,0.4780677258968353
,,,42,,,,,,,,,,,,,,,,,,,,,,,,,,,,,139429,0.03162411227822304
,,,42,,,,,,,,,,,,,,,,,,,,,,,,,,,,,139439,0.027434170246124268
,,,42,,,,,,,,,,,,,,,,,,,,,,,,,,,,,139449,0.23983149230480194
,,,42,,,,,,,,,,,,,,,,,,,,,,,,,,,,,139459,0.02023126743733883
,,,42,,,,,,,,,,,,,,,,,,,,,,,,,,,,,139469,0.0028644022531807423
,,,42,,,,,,,,,,,,,,,,,,,,,,,,,,,,,139479,0.11501240730285645
,,,42,,,,,,,,,,,,,,,,,,,,,,,,,,,,,139489,0.18773508071899414
,,,42,,,,,,,,,,,,,,,,,,,,,,,,,,,,,139499,0.7915166020393372
,,,42,,,,,,,,,,,,,,,,,,,,,,,,,,,,,139509,0.006646288093179464
,,,42,,,,,,,,,,,,,,,,,,,,,,,,,,,,,139519,0.39428243041038513
,,,42,,,,,,,,,,,,,,,,,,,,,,,,,,,,,139529,0.0018279948271811008
,,,42,,,,,,,,,,,,,,,,,,,,,,,,,,,,,139539,0.005005326587706804
,,,42,,,,,,,,,,,,,,,,,,,,,,,,,,,,,139549,0.3362530767917633
,,,42,,,,,,,,,,,,,,,,,,,,,,,,,,,,,139559,0.03693719953298569
,,,42,,,,,,,,,,,,,,,,,,,,,,,,,,,,,139569,0.004620485473424196
,,,42,,,,,,,,,,,,,,,,,,,,,,,,,,,,,139579,0.06637156009674072
,,,42,,,,,,,,,,,,,,,,,,,,,,,,,,,,,139589,0.02384284883737564
,,,42,,,,,,,,,,,,,,,,,,,,,,,,,,,,,139599,0.010090211406350136
,,,42,,,,,,,,,,,,,,,,,,,,,,,,,,,,,139609,0.0035881001967936754
,,,42,,,,,,,,,,,,,,,,,,,,,,,,,,,,,139619,0.003318078350275755
,,,42,,,,,,,,,,,,,,,,,,,,,,,,,,,,,139629,0.004103975370526314
,,,42,,,,,,,,,,,,,,,,,,,,,,,,,,,,,139639,0.22355425357818604
,,,42,,,,,,,,,,,,,,,,,,,,,,,,,,,,,139649,0.40193986892700195
,,,42,,,,,,,,,,,,,,,,,,,,,,,,,,,,,139659,0.04196566343307495
,,,42,,,,,,,,,,,,,,,,,,,,,,,,,,,,,139669,0.002763443859294057
,,,42,,,,,,,,,,,,,,,,,,,,,,,,,,,,,139679,0.003488615620881319
,,,42,,,,,,,,,,,,,,,,,,,,,,,,,,,,,139689,0.0626385509967804
,,,42,,,,,,,,,,,,,,,,,,,,,,,,,,,,,139699,0.008274639025330544
,,,42,,,,,,,,,,,,,,,,,,,,,,,,,,,,,139709,0.2153930366039276
,,,42,,,,,,,,,,,,,,,,,,,,,,,,,,,,,139719,0.3393774926662445
,,,42,,,,,,,,,,,,,,,,,,,,,,,,,,,,,139729,0.024772707372903824
,,,42,,,,,,,,,,,,,,,,,,,,,,,,,,,,,139739,0.18181343376636505
,,,42,,,,,,,,,,,,,,,,,,,,,,,,,,,,,139749,0.07531336694955826
,,,42,,,,,,,,,,,,,,,,,,,,,,,,,,,,,139759,0.0012957325670868158
,,,42,,,,,,,,,,,,,,,,,,,,,,,,,,,,,139769,0.26741889119148254
,,,42,,,,,,,,,,,,,,,,,,,,,,,,,,,,,139779,0.19339846074581146
,,,42,,,,,,,,,,,,,,,,,,,,,,,,,,,,,139789,0.04850993677973747
,,,42,,,,,,,,,,,,,,,,,,,,,,,,,,,,,139799,0.21967211365699768
,,,42,,,,,,,,,,,,,,,,,,,,,,,,,,,,,139809,0.10240864008665085
,,,42,,,,,,,,,,,,,,,,,,,,,,,,,,,,,139819,0.07430454343557358
,,,42,,,,,,,,,,,,,,,,,,,,,,,,,,,,,139829,0.020138991996645927
,,,42,,,,,,,,,,,,,,,,,,,,,,,,,,,,,139839,0.00744517520070076
,,,42,,,,,,,,,,,,,,,,,,,,,,,,,,,,,139849,0.08847133070230484
,,,42,,,,,,,,,,,,,,,,,,,,,,,,,,,,,139859,0.030681541189551353
,,,42,,,,,,,,,,,,,,,,,,,,,,,,,,,,,139869,0.0033683006186038256
,,,42,,,,,,,,,,,,,,,,,,,,,,,,,,,,,139879,0.4127204418182373
,,,42,,,,,,,,,,,,,,,,,,,,,,,,,,,,,139889,0.037048280239105225
,,,42,,,,,,,,,,,,,,,,,,,,,,,,,,,,,139899,0.10035592317581177
,,,42,,,,,,,,,,,,,,,,,,,,,,,,,,,,,139909,0.22354674339294434
,,,42,,,,,,,,,,,,,,,,,,,,,,,,,,,,,139919,0.47434890270233154
,,,42,,,,,,,,,,,,,,,,,,,,,,,,,,,,,139929,0.0645696222782135
,,,42,,,,,,,,,,,,,,,,,,,,,,,,,,,,,139939,0.165675088763237
,,,42,,,,,,,,,,,,,,,,,,,,,,,,,,,,,139949,0.028330501168966293
,,,42,,,,,,,,,,,,,,,,,,,,,,,,,,,,,139959,0.2625073194503784
,,,42,,,,,,,,,,,,,,,,,,,,,,,,,,,,,139969,0.01820664294064045
,,,42,,,,,,,,,,,,,,,,,,,,,,,,,,,,,139979,0.010535423643887043
,,,42,,,,,,,,,,,,,,,,,,,,,,,,,,,,,139989,0.007951268926262856
,,,42,,,,,,,,,,,,,,,,,,,,,,,,,,,,,139999,0.4656457006931305
,,,42,,,,,,,,,,,,,,,,,,,,,,,,,,,,,140009,0.33216679096221924
,,,42,,,,,,,,,,,,,,,,,,,,,,,,,,,,,140019,0.013495836406946182
,,,42,,,,,,,,,,,,,,,,,,,,,,,,,,,,,140029,0.24590417742729187
,,,42,,,,,,,,,,,,,,,,,,,,,,,,,,,,,140039,0.004822152201086283
,,,42,,,,,,,,,,,,,,,,,,,,,,,,,,,,,140049,0.018313907086849213
,,,42,,,,,,,,,,,,,,,,,,,,,,,,,,,,,140059,0.006944493390619755
,,,42,,,,,,,,,,,,,,,,,,,,,,,,,,,,,140069,0.04650925472378731
,,,42,,,,,,,,,,,,,,,,,,,,,,,,,,,,,140079,0.011981332674622536
,,,42,,,,,,,,,,,,,,,,,,,,,,,,,,,,,140089,0.01065555214881897
,,,42,,,,,,,,,,,,,,,,,,,,,,,,,,,,,140099,0.11781516671180725
,,,42,,,,,,,,,,,,,,,,,,,,,,,,,,,,,140109,0.017320405691862106
,,,42,,,,,,,,,,,,,,,,,,,,,,,,,,,,,140119,0.012825378216803074
,,,42,,,,,,,,,,,,,,,,,,,,,,,,,,,,,140129,0.036438338458538055
,,,42,,,,,,,,,,,,,,,,,,,,,,,,,,,,,140139,0.37757188081741333
,,,42,,,,,,,,,,,,,,,,,,,,,,,,,,,,,140149,0.013781514018774033
,,,42,,,,,,,,,,,,,,,,,,,,,,,,,,,,,140159,0.003088695928454399
,,,42,,,,,,,,,,,,,,,,,,,,,,,,,,,,,140169,0.0036049485206604004
,,,42,,,,,,,,,,,,,,,,,,,,,,,,,,,,,140179,0.08405018597841263
,,,42,,,,,,,,,,,,,,,,,,,,,,,,,,,,,140189,0.0036255645100027323
,,,42,,,,,,,,,,,,,,,,,,,,,,,,,,,,,140199,0.2566528618335724
,,,42,,,,,,,,,,,,,,,,,,,,,,,,,,,,,140209,0.008013633079826832
,,,42,,,,,,,,,,,,,,,,,,,,,,,,,,,,,140219,0.010104280896484852
,,,42,,,,,,,,,,,,,,,,,,,,,,,,,,,,,140229,0.012299605645239353
,,,42,,,,,,,,,,,,,,,,,,,,,,,,,,,,,140239,0.07961000502109528
,,,42,,,,,,,,,,,,,,,,,,,,,,,,,,,,,140249,0.8799005746841431
,,,42,,,,,,,,,,,,,,,,,,,,,,,,,,,,,140259,0.17593610286712646
,,,42,,,,,,,,,,,,,,,,,,,,,,,,,,,,,140269,0.028903981670737267
,,,42,,,,,,,,,,,,,,,,,,,,,,,,,,,,,140279,1.612078309059143
,,,42,,,,,,,,,,,,,,,,,,,,,,,,,,,,,140289,0.39575180411338806
,,,42,,,,,,,,,,,,,,,,,,,,,,,,,,,,,140299,0.029209192842245102
,,,42,,,,,,,,,,,,,,,,,,,,,,,,,,,,,140309,0.013651336543262005
,,,42,,,,,,,,,,,,,,,,,,,,,,,,,,,,,140319,0.014719926752150059
,,,42,,,,,,,,,,,,,,,,,,,,,,,,,,,,,140329,0.297148197889328
,,,42,,,,,,,,,,,,,,,,,,,,,,,,,,,,,140339,0.060186225920915604
,,,42,,,,,,,,,,,,,,,,,,,,,,,,,,,,,140349,0.006958287209272385
,,,42,,,,,,,,,,,,,,,,,,,,,,,,,,,,,140359,0.00594888161867857
,,,42,,,,,,,,,,,,,,,,,,,,,,,,,,,,,140369,0.15821658074855804
,,,42,,,,,,,,,,,,,,,,,,,,,,,,,,,,,140379,0.03270794078707695
,,,42,,,,,,,,,,,,,,,,,,,,,,,,,,,,,140389,0.03916493430733681
,,,42,,,,,,,,,,,,,,,,,,,,,,,,,,,,,140399,0.004238876048475504
,,,42,,,,,,,,,,,,,,,,,,,,,,,,,,,,,140409,0.4661077558994293
,,,42,,,,,,,,,,,,,,,,,,,,,,,,,,,,,140419,0.5350730419158936
,,,42,,,,,,,,,,,,,,,,,,,,,,,,,,,,,140429,0.3439323604106903
,,,42,,,,,,,,,,,,,,,,,,,,,,,,,,,,,140439,0.6325116157531738
,,,42,,,,,,,,,,,,,,,,,,,,,,,,,,,,,140449,0.21129204332828522
,,,42,,,,,,,,,,,,,,,,,,,,,,,,,,,,,140459,0.23198814690113068
,,,42,,,,,,,,,,,,,,,,,,,,,,,,,,,,,140469,0.3612312972545624
,,,42,,,,,,,,,,,,,,,,,,,,,,,,,,,,,140479,0.3159739077091217
,,,42,,,,,,,,,,,,,,,,,,,,,,,,,,,,,140489,0.025221675634384155
,,,42,,,,,,,,,,,,,,,,,,,,,,,,,,,,,140499,0.23145440220832825
,,,42,,,,,,,,,,,,,,,,,,,,,,,,,,,,,140509,0.583087146282196
,,,42,,,,,,,,,,,,,,,,,,,,,,,,,,,,,140519,0.01463246624916792
,,,42,,,,,,,,,,,,,,,,,,,,,,,,,,,,,140529,0.013421080075204372
,,,42,,,,,,,,,,,,,,,,,,,,,,,,,,,,,140539,0.19664540886878967
,,,42,,,,,,,,,,,,,,,,,,,,,,,,,,,,,140549,0.22340553998947144
,,,42,,,,,,,,,,,,,,,,,,,,,,,,,,,,,140559,0.11702115833759308
,,,42,,,,,,,,,,,,,,,,,,,,,,,,,,,,,140569,0.45308929681777954
,,,42,,,,,,,,,,,,,,,,,,,,,,,,,,,,,140579,0.1606098711490631
,,,42,,,,,,,,,,,,,,,,,,,,,,,,,,,,,140589,0.008458823896944523
,,,42,,,,,,,,,,,,,,,,,,,,,,,,,,,,,140599,0.5051118731498718
,,,42,,,,,,,,,,,,,,,,,,,,,,,,,,,,,140609,0.024452555924654007
,,,42,,,,,,,,,,,,,,,,,,,,,,,,,,,,,140619,0.10998973250389099
,,,42,,,,,,,,,,,,,,,,,,,,,,,,,,,,,140629,0.015417694114148617
,,,42,,,,,,,,,,,,,,,,,,,,,,,,,,,,,140639,0.022521574050188065
,,,42,,,,,,,,,,,,,,,,,,,,,,,,,,,,,140649,0.03472524508833885
,,,42,,,,,,,,,,,,,,,,,,,,,,,,,,,,,140659,0.006383220199495554
,,,42,,,,,,,,,,,,,,,,,,,,,,,,,,,,,140669,0.008944815956056118
,,,42,,,,,,,,,,,,,,,,,,,,,,,,,,,,,140679,0.5465255379676819
,,,42,,,,,,,,,,,,,,,,,,,,,,,,,,,,,140689,0.09486769884824753
,,,42,,,,,,,,,,,,,,,,,,,,,,,,,,,,,140699,0.03931780532002449
,,,42,,,,,,,,,,,,,,,,,,,,,,,,,,,,,140709,0.14325803518295288
,,,42,,,,,,,,,,,,,,,,,,,,,,,,,,,,,140719,0.004237491171807051
,,,42,,,,,,,,,,,,,,,,,,,,,,,,,,,,,140729,0.06215275824069977
,,,42,,,,,,,,,,,,,,,,,,,,,,,,,,,,,140739,0.11090514063835144
,,,42,,,,,,,,,,,,,,,,,,,,,,,,,,,,,140749,0.22441744804382324
,,,42,,,,,,,,,,,,,,,,,,,,,,,,,,,,,140759,0.0031102814245969057
,,,42,,,,,,,,,,,,,,,,,,,,,,,,,,,,,140769,0.12146972119808197
,,,42,,,,,,,,,,,,,,,,,,,,,,,,,,,,,140779,0.0025790443178266287
,,,42,,,,,,,,,,,,,,,,,,,,,,,,,,,,,140789,0.34112194180488586
,,,42,,,,,,,,,,,,,,,,,,,,,,,,,,,,,140799,0.059835560619831085
,,,42,,,,,,,,,,,,,,,,,,,,,,,,,,,,,140809,0.28039494156837463
,,,42,,,,,,,,,,,,,,,,,,,,,,,,,,,,,140819,0.3481079339981079
,,,42,,,,,,,,,,,,,,,,,,,,,,,,,,,,,140829,0.009477898478507996
,,,42,,,,,,,,,,,,,,,,,,,,,,,,,,,,,140839,0.07538768649101257
,,,42,,,,,,,,,,,,,,,,,,,,,,,,,,,,,140849,0.051341962069272995
,,,42,,,,,,,,,,,,,,,,,,,,,,,,,,,,,140859,0.00716050248593092
,,,42,,,,,,,,,,,,,,,,,,,,,,,,,,,,,140869,0.01456944178789854
,,,42,,,,,,,,,,,,,,,,,,,,,,,,,,,,,140879,0.2826768755912781
,,,42,,,,,,,,,,,,,,,,,,,,,,,,,,,,,140889,0.015045903623104095
,,,42,,,,,,,,,,,,,,,,,,,,,,,,,,,,,140899,0.0750848576426506
,,,42,,,,,,,,,,,,,,,,,,,,,,,,,,,,,140909,0.43625321984291077
,,,42,,,,,,,,,,,,,,,,,,,,,,,,,,,,,140919,1.4675604104995728
,,,42,,,,,,,,,,,,,,,,,,,,,,,,,,,,,140929,0.6423705220222473
,,,42,,,,,,,,,,,,,,,,,,,,,,,,,,,,,140939,0.23193559050559998
,,,42,,,,,,,,,,,,,,,,,,,,,,,,,,,,,140949,0.02573315054178238
,,,42,,,,,,,,,,,,,,,,,,,,,,,,,,,,,140959,0.00296835508197546
,,,42,,,,,,,,,,,,,,,,,,,,,,,,,,,,,140969,0.5842404365539551
,,,42,,,,,,,,,,,,,,,,,,,,,,,,,,,,,140979,0.022340988740324974
,,,42,,,,,,,,,,,,,,,,,,,,,,,,,,,,,140989,0.006180196069180965
,,,42,,,,,,,,,,,,,,,,,,,,,,,,,,,,,140999,0.2573107182979584
,,,42,,,,,,,,,,,,,,,,,,,,,,,,,,,,,141009,0.23900339007377625
,,,42,,,,,,,,,,,,,,,,,,,,,,,,,,,,,141019,0.003056219080463052
,,,42,,,,,,,,,,,,,,,,,,,,,,,,,,,,,141029,0.003386804834008217
,,,42,,,,,,,,,,,,,,,,,,,,,,,,,,,,,141039,0.008468734100461006
,,,42,,,,,,,,,,,,,,,,,,,,,,,,,,,,,141049,0.04423627629876137
,,,42,,,,,,,,,,,,,,,,,,,,,,,,,,,,,141059,0.6060342192649841
,,,42,,,,,,,,,,,,,,,,,,,,,,,,,,,,,141069,0.0022143591195344925
,,,42,,,,,,,,,,,,,,,,,,,,,,,,,,,,,141079,0.007588457781821489
,,,42,,,,,,,,,,,,,,,,,,,,,,,,,,,,,141089,0.00498224189504981
,,,42,,,,,,,,,,,,,,,,,,,,,,,,,,,,,141099,0.016736553981900215
,,,42,,,,,,,,,,,,,,,,,,,,,,,,,,,,,141109,0.09444928169250488
,,,42,,,,,,,,,,,,,,,,,,,,,,,,,,,,,141119,0.0028858482837677
,,,42,,,,,,,,,,,,,,,,,,,,,,,,,,,,,141129,0.0033468068577349186
,,,42,,,,,,,,,,,,,,,,,,,,,,,,,,,,,141139,0.014982687309384346
,,,42,,,,,,,,,,,,,,,,,,,,,,,,,,,,,141149,0.03588219732046127
,,,42,,,,,,,,,,,,,,,,,,,,,,,,,,,,,141159,0.002867499366402626
,,,42,,,,,,,,,,,,,,,,,,,,,,,,,,,,,141169,0.23317232728004456
,,,42,,,,,,,,,,,,,,,,,,,,,,,,,,,,,141179,0.010984539985656738
,,,42,,,,,,,,,,,,,,,,,,,,,,,,,,,,,141189,0.3225155770778656
,,,42,,,,,,,,,,,,,,,,,,,,,,,,,,,,,141199,0.0019690992776304483
,,,42,,,,,,,,,,,,,,,,,,,,,,,,,,,,,141209,0.33232659101486206
,,,42,,,,,,,,,,,,,,,,,,,,,,,,,,,,,141219,0.13934825360774994
,,,42,,,,,,,,,,,,,,,,,,,,,,,,,,,,,141229,0.041484057903289795
,,,42,,,,,,,,,,,,,,,,,,,,,,,,,,,,,141239,0.010506330989301205
,,,42,,,,,,,,,,,,,,,,,,,,,,,,,,,,,141249,0.013836693949997425
,,,42,,,,,,,,,,,,,,,,,,,,,,,,,,,,,141259,0.004019028507173061
,,,42,,,,,,,,,,,,,,,,,,,,,,,,,,,,,141269,0.02430221252143383
,,,42,,,,,,,,,,,,,,,,,,,,,,,,,,,,,141279,0.16729310154914856
,,,42,,,,,,,,,,,,,,,,,,,,,,,,,,,,,141289,0.14036181569099426
,,,42,,,,,,,,,,,,,,,,,,,,,,,,,,,,,141299,0.039247334003448486
,,,42,,,,,,,,,,,,,,,,,,,,,,,,,,,,,141309,0.0052594770677387714
,,,42,,,,,,,,,,,,,,,,,,,,,,,,,,,,,141319,0.07931802421808243
,,,42,,,,,,,,,,,,,,,,,,,,,,,,,,,,,141329,0.3751235902309418
,,,42,,,,,,,,,,,,,,,,,,,,,,,,,,,,,141339,0.25074079632759094
,,,42,,,,,,,,,,,,,,,,,,,,,,,,,,,,,141349,0.2650558650493622
,,,42,,,,,,,,,,,,,,,,,,,,,,,,,,,,,141359,0.003070784965530038
,,,42,,,,,,,,,,,,,,,,,,,,,,,,,,,,,141369,0.03740052878856659
,,,42,,,,,,,,,,,,,,,,,,,,,,,,,,,,,141379,0.08462714403867722
,,,42,,,,,,,,,,,,,,,,,,,,,,,,,,,,,141389,0.020780548453330994
,,,42,,,,,,,,,,,,,,,,,,,,,,,,,,,,,141399,0.006559339817613363
,,,42,,,,,,,,,,,,,,,,,,,,,,,,,,,,,141409,0.02633325196802616
,,,42,,,,,,,,,,,,,,,,,,,,,,,,,,,,,141419,0.34555068612098694
,,,42,,,,,,,,,,,,,,,,,,,,,,,,,,,,,141429,0.7433919310569763
,,,42,,,,,,,,,,,,,,,,,,,,,,,,,,,,,141439,0.2726310193538666
,,,42,,,,,,,,,,,,,,,,,,,,,,,,,,,,,141449,0.02272300235927105
,,,42,,,,,,,,,,,,,,,,,,,,,,,,,,,,,141459,0.5715693235397339
,,,42,,,,,,,,,,,,,,,,,,,,,,,,,,,,,141469,0.003523716237396002
,,,42,,,,,,,,,,,,,,,,,,,,,,,,,,,,,141479,0.1404789537191391
,,,42,,,,,,,,,,,,,,,,,,,,,,,,,,,,,141489,0.5769131779670715
,,,42,,,,,,,,,,,,,,,,,,,,,,,,,,,,,141499,0.0030204840004444122
,,,42,,,,,,,,,,,,,,,,,,,,,,,,,,,,,141509,0.5434980392456055
,,,42,,,,,,,,,,,,,,,,,,,,,,,,,,,,,141519,0.14242230355739594
,,,42,,,,,,,,,,,,,,,,,,,,,,,,,,,,,141529,0.28927376866340637
,,,42,,,,,,,,,,,,,,,,,,,,,,,,,,,,,141539,0.006915414240211248
,,,42,,,,,,,,,,,,,,,,,,,,,,,,,,,,,141549,0.037179019302129745
,,,42,,,,,,,,,,,,,,,,,,,,,,,,,,,,,141559,0.019239801913499832
,,,42,,,,,,,,,,,,,,,,,,,,,,,,,,,,,141569,0.0009460496949031949
,,,42,,,,,,,,,,,,,,,,,,,,,,,,,,,,,141579,0.0021925661712884903
,,,42,,,,,,,,,,,,,,,,,,,,,,,,,,,,,141589,0.6716431379318237
,,,42,,,,,,,,,,,,,,,,,,,,,,,,,,,,,141599,0.0064803678542375565
,,,42,,,,,,,,,,,,,,,,,,,,,,,,,,,,,141609,0.482870489358902
,,,42,,,,,,,,,,,,,,,,,,,,,,,,,,,,,141619,0.003516348311677575
,,,42,,,,,,,,,,,,,,,,,,,,,,,,,,,,,141629,0.13729780912399292
,,,42,,,,,,,,,,,,,,,,,,,,,,,,,,,,,141639,0.008171605877578259
,,,42,,,,,,,,,,,,,,,,,,,,,,,,,,,,,141649,0.08859565854072571
,,,42,,,,,,,,,,,,,,,,,,,,,,,,,,,,,141659,0.9947306513786316
,,,42,,,,,,,,,,,,,,,,,,,,,,,,,,,,,141669,0.002750996733084321
,,,42,,,,,,,,,,,,,,,,,,,,,,,,,,,,,141679,0.0018039054702967405
,,,42,,,,,,,,,,,,,,,,,,,,,,,,,,,,,141689,0.01717096008360386
,,,42,,,,,,,,,,,,,,,,,,,,,,,,,,,,,141699,0.0072225285694003105
,,,42,,,,,,,,,,,,,,,,,,,,,,,,,,,,,141709,0.010020663030445576
,,,42,,,,,,,,,,,,,,,,,,,,,,,,,,,,,141719,0.10013876110315323
,,,42,,,,,,,,,,,,,,,,,,,,,,,,,,,,,141729,0.0034522556234151125
,,,42,,,,,,,,,,,,,,,,,,,,,,,,,,,,,141739,0.0038001309148967266
,,,42,,,,,,,,,,,,,,,,,,,,,,,,,,,,,141749,0.02002238668501377
,,,42,,,,,,,,,,,,,,,,,,,,,,,,,,,,,141759,0.35078346729278564
,,,42,,,,,,,,,,,,,,,,,,,,,,,,,,,,,141769,0.009304392151534557
,,,42,,,,,,,,,,,,,,,,,,,,,,,,,,,,,141779,0.007269434165209532
,,,42,,,,,,,,,,,,,,,,,,,,,,,,,,,,,141789,0.0018948569195345044
,,,42,,,,,,,,,,,,,,,,,,,,,,,,,,,,,141799,0.01727244071662426
,,,42,,,,,,,,,,,,,,,,,,,,,,,,,,,,,141809,0.6026920080184937
,,,42,,,,,,,,,,,,,,,,,,,,,,,,,,,,,141819,0.3927607536315918
,,,42,,,,,,,,,,,,,,,,,,,,,,,,,,,,,141829,0.04524366557598114
,,,42,,,,,,,,,,,,,,,,,,,,,,,,,,,,,141839,0.023336421698331833
,,,42,,,,,,,,,,,,,,,,,,,,,,,,,,,,,141849,0.026799429208040237
,,,42,,,,,,,,,,,,,,,,,,,,,,,,,,,,,141859,0.321166068315506
,,,42,,,,,,,,,,,,,,,,,,,,,,,,,,,,,141869,0.6838697195053101
,,,42,,,,,,,,,,,,,,,,,,,,,,,,,,,,,141879,0.004055866040289402
,,,42,,,,,,,,,,,,,,,,,,,,,,,,,,,,,141889,0.011994331143796444
,,,42,,,,,,,,,,,,,,,,,,,,,,,,,,,,,141899,0.033948563039302826
,,,42,,,,,,,,,,,,,,,,,,,,,,,,,,,,,141909,0.5578805208206177
,,,42,,,,,,,,,,,,,,,,,,,,,,,,,,,,,141919,0.0038555916398763657
,,,42,,,,,,,,,,,,,,,,,,,,,,,,,,,,,141929,0.03429245203733444
,,,42,,,,,,,,,,,,,,,,,,,,,,,,,,,,,141939,0.007163963280618191
,,,42,,,,,,,,,,,,,,,,,,,,,,,,,,,,,141949,0.08150019496679306
,,,42,,,,,,,,,,,,,,,,,,,,,,,,,,,,,141959,0.5362392067909241
,,,42,,,,,,,,,,,,,,,,,,,,,,,,,,,,,141969,0.007086716592311859
,,,42,,,,,,,,,,,,,,,,,,,,,,,,,,,,,141979,0.006248773541301489
,,,42,,,,,,,,,,,,,,,,,,,,,,,,,,,,,141989,0.06990353763103485
,,,42,,,,,,,,,,,,,,,,,,,,,,,,,,,,,141999,0.28648942708969116
,,,42,,,,,,,,,,,,,,,,,,,,,,,,,,,,,142009,0.24538059532642365
,,,42,,,,,,,,,,,,,,,,,,,,,,,,,,,,,142019,0.0018629722762852907
,,,42,,,,,,,,,,,,,,,,,,,,,,,,,,,,,142029,0.0022239733953028917
,,,42,,,,,,,,,,,,,,,,,,,,,,,,,,,,,142039,0.0870465636253357
,,,42,,,,,,,,,,,,,,,,,,,,,,,,,,,,,142049,0.4869025647640228
,,,42,,,,,,,,,,,,,,,,,,,,,,,,,,,,,142059,1.0304754972457886
,,,42,,,,,,,,,,,,,,,,,,,,,,,,,,,,,142069,0.02929413877427578
,,,42,,,,,,,,,,,,,,,,,,,,,,,,,,,,,142079,0.05743164196610451
,,,42,,,,,,,,,,,,,,,,,,,,,,,,,,,,,142089,0.33350133895874023
,,,42,,,,,,,,,,,,,,,,,,,,,,,,,,,,,142099,0.004289829172194004
,,,42,,,,,,,,,,,,,,,,,,,,,,,,,,,,,142109,0.6420742869377136
,,,42,,,,,,,,,,,,,,,,,,,,,,,,,,,,,142119,0.08948405086994171
,,,42,,,,,,,,,,,,,,,,,,,,,,,,,,,,,142129,0.8081528544425964
,,,42,,,,,,,,,,,,,,,,,,,,,,,,,,,,,142139,0.4829450249671936
,,,42,,,,,,,,,,,,,,,,,,,,,,,,,,,,,142149,0.004850788041949272
,,,42,,,,,,,,,,,,,,,,,,,,,,,,,,,,,142159,0.2587120234966278
,,,42,,,,,,,,,,,,,,,,,,,,,,,,,,,,,142169,0.03289394825696945
,,,42,,,,,,,,,,,,,,,,,,,,,,,,,,,,,142179,0.0038046143017709255
,,,42,,,,,,,,,,,,,,,,,,,,,,,,,,,,,142189,0.06206664443016052
,,,42,,,,,,,,,,,,,,,,,,,,,,,,,,,,,142199,0.023922443389892578
,,,42,,,,,,,,,,,,,,,,,,,,,,,,,,,,,142209,1.2604224681854248
,,,42,,,,,,,,,,,,,,,,,,,,,,,,,,,,,142219,0.6061619520187378
,,,42,,,,,,,,,,,,,,,,,,,,,,,,,,,,,142229,0.03999753296375275
,,,42,,,,,,,,,,,,,,,,,,,,,,,,,,,,,142239,0.022974630817770958
,,,42,,,,,,,,,,,,,,,,,,,,,,,,,,,,,142249,0.00293001183308661
,,,42,,,,,,,,,,,,,,,,,,,,,,,,,,,,,142259,0.02782314084470272
,,,42,,,,,,,,,,,,,,,,,,,,,,,,,,,,,142269,0.03256780654191971
,,,42,,,,,,,,,,,,,,,,,,,,,,,,,,,,,142279,0.2644200921058655
,,,42,,,,,,,,,,,,,,,,,,,,,,,,,,,,,142289,0.40062493085861206
,,,42,,,,,,,,,,,,,,,,,,,,,,,,,,,,,142299,0.0022310728672891855
,,,42,,,,,,,,,,,,,,,,,,,,,,,,,,,,,142309,0.024865029379725456
,,,42,,,,,,,,,,,,,,,,,,,,,,,,,,,,,142319,0.00388502050191164
,,,42,,,,,,,,,,,,,,,,,,,,,,,,,,,,,142329,0.007312360685318708
,,,,3.3289757633838177e-08,1.8649071185932243e-07,2.869087874758806e-07,2.869087874758806e-07,4.4139813457827784e-07,4.4139813457827784e-07,6.790740531973505e-07,6.790740531973505e-07,1.0447293126113085e-06,1.0447293126113085e-06,1.607275865555859e-06,3.3289757633838177e-08,1.607275865555859e-06,2.4727321008551675e-06,2.4727321008551675e-06,3.8042032320848733e-06,3.8042032320848733e-06,5.852620357053651e-06,5.852620357053651e-06,5.852620357053651e-06,5.852620357053651e-06,5.121501174436641e-08,5.121501174436641e-08,7.879232576056372e-08,7.879232576056372e-08,1.2121896270855957e-07,1.2121896270855957e-07,1.8649071185932243e-07,142331,
,,,43,,,,,,,,,,,,,,,,,,,,,,,,,,,,,142339,0.08637691289186478
,,,43,,,,,,,,,,,,,,,,,,,,,,,,,,,,,142349,0.06026264652609825
,,,43,,,,,,,,,,,,,,,,,,,,,,,,,,,,,142359,0.007794046308845282
,,,43,,,,,,,,,,,,,,,,,,,,,,,,,,,,,142369,0.0044489046558737755
,,,43,,,,,,,,,,,,,,,,,,,,,,,,,,,,,142379,0.07645269483327866
,,,43,,,,,,,,,,,,,,,,,,,,,,,,,,,,,142389,0.0033507419284433126
,,,43,,,,,,,,,,,,,,,,,,,,,,,,,,,,,142399,0.7590411901473999
,,,43,,,,,,,,,,,,,,,,,,,,,,,,,,,,,142409,0.3311615288257599
,,,43,,,,,,,,,,,,,,,,,,,,,,,,,,,,,142419,0.0957767516374588
,,,43,,,,,,,,,,,,,,,,,,,,,,,,,,,,,142429,0.1311262995004654
,,,43,,,,,,,,,,,,,,,,,,,,,,,,,,,,,142439,0.7713073492050171
,,,43,,,,,,,,,,,,,,,,,,,,,,,,,,,,,142449,0.038192834705114365
,,,43,,,,,,,,,,,,,,,,,,,,,,,,,,,,,142459,0.3452163636684418
,,,43,,,,,,,,,,,,,,,,,,,,,,,,,,,,,142469,0.3981850743293762
,,,43,,,,,,,,,,,,,,,,,,,,,,,,,,,,,142479,0.3888298273086548
,,,43,,,,,,,,,,,,,,,,,,,,,,,,,,,,,142489,0.2223169356584549
,,,43,,,,,,,,,,,,,,,,,,,,,,,,,,,,,142499,0.36977699398994446
,,,43,,,,,,,,,,,,,,,,,,,,,,,,,,,,,142509,0.05806684494018555
,,,43,,,,,,,,,,,,,,,,,,,,,,,,,,,,,142519,0.11356426030397415
,,,43,,,,,,,,,,,,,,,,,,,,,,,,,,,,,142529,0.8264515399932861
,,,43,,,,,,,,,,,,,,,,,,,,,,,,,,,,,142539,0.5652437806129456
,,,43,,,,,,,,,,,,,,,,,,,,,,,,,,,,,142549,0.0016813500551506877
,,,43,,,,,,,,,,,,,,,,,,,,,,,,,,,,,142559,0.00652551744133234
,,,43,,,,,,,,,,,,,,,,,,,,,,,,,,,,,142569,0.042534783482551575
,,,43,,,,,,,,,,,,,,,,,,,,,,,,,,,,,142579,1.0979969501495361
,,,43,,,,,,,,,,,,,,,,,,,,,,,,,,,,,142589,0.2388046234846115
,,,43,,,,,,,,,,,,,,,,,,,,,,,,,,,,,142599,0.0032138905953615904
,,,43,,,,,,,,,,,,,,,,,,,,,,,,,,,,,142609,0.003362085437402129
,,,43,,,,,,,,,,,,,,,,,,,,,,,,,,,,,142619,0.005723011679947376
,,,43,,,,,,,,,,,,,,,,,,,,,,,,,,,,,142629,0.25934648513793945
,,,43,,,,,,,,,,,,,,,,,,,,,,,,,,,,,142639,0.11622937768697739
,,,43,,,,,,,,,,,,,,,,,,,,,,,,,,,,,142649,0.11174146085977554
,,,43,,,,,,,,,,,,,,,,,,,,,,,,,,,,,142659,0.07180029898881912
,,,43,,,,,,,,,,,,,,,,,,,,,,,,,,,,,142669,0.6525976657867432
,,,43,,,,,,,,,,,,,,,,,,,,,,,,,,,,,142679,0.007541198283433914
,,,43,,,,,,,,,,,,,,,,,,,,,,,,,,,,,142689,0.008776449598371983
,,,43,,,,,,,,,,,,,,,,,,,,,,,,,,,,,142699,0.40024638175964355
,,,43,,,,,,,,,,,,,,,,,,,,,,,,,,,,,142709,0.6129121780395508
,,,43,,,,,,,,,,,,,,,,,,,,,,,,,,,,,142719,0.8682492971420288
,,,43,,,,,,,,,,,,,,,,,,,,,,,,,,,,,142729,0.04972973093390465
,,,43,,,,,,,,,,,,,,,,,,,,,,,,,,,,,142739,0.006309603340923786
,,,43,,,,,,,,,,,,,,,,,,,,,,,,,,,,,142749,0.015217512845993042
,,,43,,,,,,,,,,,,,,,,,,,,,,,,,,,,,142759,0.0017109304899349809
,,,43,,,,,,,,,,,,,,,,,,,,,,,,,,,,,142769,0.2635739743709564
,,,43,,,,,,,,,,,,,,,,,,,,,,,,,,,,,142779,0.5967012047767639
,,,43,,,,,,,,,,,,,,,,,,,,,,,,,,,,,142789,0.020286818966269493
,,,43,,,,,,,,,,,,,,,,,,,,,,,,,,,,,142799,0.2362993061542511
,,,43,,,,,,,,,,,,,,,,,,,,,,,,,,,,,142809,0.03326256945729256
,,,43,,,,,,,,,,,,,,,,,,,,,,,,,,,,,142819,0.3816523253917694
,,,43,,,,,,,,,,,,,,,,,,,,,,,,,,,,,142829,0.026068653911352158
,,,43,,,,,,,,,,,,,,,,,,,,,,,,,,,,,142839,0.0107676200568676
,,,43,,,,,,,,,,,,,,,,,,,,,,,,,,,,,142849,0.7109954953193665
,,,43,,,,,,,,,,,,,,,,,,,,,,,,,,,,,142859,1.185415267944336
,,,43,,,,,,,,,,,,,,,,,,,,,,,,,,,,,142869,0.04092033579945564
,,,43,,,,,,,,,,,,,,,,,,,,,,,,,,,,,142879,0.008639630861580372
,,,43,,,,,,,,,,,,,,,,,,,,,,,,,,,,,142889,0.4595959484577179
,,,43,,,,,,,,,,,,,,,,,,,,,,,,,,,,,142899,0.0015744625125080347
,,,43,,,,,,,,,,,,,,,,,,,,,,,,,,,,,142909,0.0034762828145176172
,,,43,,,,,,,,,,,,,,,,,,,,,,,,,,,,,142919,0.5706976056098938
,,,43,,,,,,,,,,,,,,,,,,,,,,,,,,,,,142929,1.2810089588165283
,,,43,,,,,,,,,,,,,,,,,,,,,,,,,,,,,142939,0.08934775739908218
,,,43,,,,,,,,,,,,,,,,,,,,,,,,,,,,,142949,0.012760710902512074
,,,43,,,,,,,,,,,,,,,,,,,,,,,,,,,,,142959,0.009642403572797775
,,,43,,,,,,,,,,,,,,,,,,,,,,,,,,,,,142969,0.09315018355846405
,,,43,,,,,,,,,,,,,,,,,,,,,,,,,,,,,142979,0.07355250418186188
,,,43,,,,,,,,,,,,,,,,,,,,,,,,,,,,,142989,0.006956320255994797
,,,43,,,,,,,,,,,,,,,,,,,,,,,,,,,,,142999,0.009872142225503922
,,,43,,,,,,,,,,,,,,,,,,,,,,,,,,,,,143009,0.04425451532006264
,,,43,,,,,,,,,,,,,,,,,,,,,,,,,,,,,143019,0.002277461579069495
,,,43,,,,,,,,,,,,,,,,,,,,,,,,,,,,,143029,0.018088463693857193
,,,43,,,,,,,,,,,,,,,,,,,,,,,,,,,,,143039,0.015047639608383179
,,,43,,,,,,,,,,,,,,,,,,,,,,,,,,,,,143049,0.00679548317566514
,,,43,,,,,,,,,,,,,,,,,,,,,,,,,,,,,143059,0.23566828668117523
,,,43,,,,,,,,,,,,,,,,,,,,,,,,,,,,,143069,0.04082588106393814
,,,43,,,,,,,,,,,,,,,,,,,,,,,,,,,,,143079,0.041874367743730545
,,,43,,,,,,,,,,,,,,,,,,,,,,,,,,,,,143089,0.05210051313042641
,,,43,,,,,,,,,,,,,,,,,,,,,,,,,,,,,143099,0.003026119899004698
,,,43,,,,,,,,,,,,,,,,,,,,,,,,,,,,,143109,0.4459533095359802
,,,43,,,,,,,,,,,,,,,,,,,,,,,,,,,,,143119,0.01625356450676918
,,,43,,,,,,,,,,,,,,,,,,,,,,,,,,,,,143129,0.11176536977291107
,,,43,,,,,,,,,,,,,,,,,,,,,,,,,,,,,143139,0.02809911035001278
,,,43,,,,,,,,,,,,,,,,,,,,,,,,,,,,,143149,0.14625810086727142
,,,43,,,,,,,,,,,,,,,,,,,,,,,,,,,,,143159,0.029877150431275368
,,,43,,,,,,,,,,,,,,,,,,,,,,,,,,,,,143169,0.0028998181223869324
,,,43,,,,,,,,,,,,,,,,,,,,,,,,,,,,,143179,0.022234849631786346
,,,43,,,,,,,,,,,,,,,,,,,,,,,,,,,,,143189,0.11995954811573029
,,,43,,,,,,,,,,,,,,,,,,,,,,,,,,,,,143199,0.021267643198370934
,,,43,,,,,,,,,,,,,,,,,,,,,,,,,,,,,143209,0.007483227644115686
,,,43,,,,,,,,,,,,,,,,,,,,,,,,,,,,,143219,0.06621253490447998
,,,43,,,,,,,,,,,,,,,,,,,,,,,,,,,,,143229,0.020261887460947037
,,,43,,,,,,,,,,,,,,,,,,,,,,,,,,,,,143239,0.002778087742626667
,,,43,,,,,,,,,,,,,,,,,,,,,,,,,,,,,143249,1.7337409257888794
,,,43,,,,,,,,,,,,,,,,,,,,,,,,,,,,,143259,0.6260975003242493
,,,43,,,,,,,,,,,,,,,,,,,,,,,,,,,,,143269,0.007076786831021309
,,,43,,,,,,,,,,,,,,,,,,,,,,,,,,,,,143279,0.07484880089759827
,,,43,,,,,,,,,,,,,,,,,,,,,,,,,,,,,143289,0.9488164782524109
,,,43,,,,,,,,,,,,,,,,,,,,,,,,,,,,,143299,0.005510587245225906
,,,43,,,,,,,,,,,,,,,,,,,,,,,,,,,,,143309,0.7449856400489807
,,,43,,,,,,,,,,,,,,,,,,,,,,,,,,,,,143319,0.10609640181064606
,,,43,,,,,,,,,,,,,,,,,,,,,,,,,,,,,143329,0.00970962643623352
,,,43,,,,,,,,,,,,,,,,,,,,,,,,,,,,,143339,0.0050445981323719025
,,,43,,,,,,,,,,,,,,,,,,,,,,,,,,,,,143349,0.0063107432797551155
,,,43,,,,,,,,,,,,,,,,,,,,,,,,,,,,,143359,0.002214600332081318
,,,43,,,,,,,,,,,,,,,,,,,,,,,,,,,,,143369,0.3392525911331177
,,,43,,,,,,,,,,,,,,,,,,,,,,,,,,,,,143379,0.023156864568591118
,,,43,,,,,,,,,,,,,,,,,,,,,,,,,,,,,143389,0.003720054868608713
,,,43,,,,,,,,,,,,,,,,,,,,,,,,,,,,,143399,0.01638120971620083
,,,43,,,,,,,,,,,,,,,,,,,,,,,,,,,,,143409,0.36079058051109314
,,,43,,,,,,,,,,,,,,,,,,,,,,,,,,,,,143419,0.001537916250526905
,,,43,,,,,,,,,,,,,,,,,,,,,,,,,,,,,143429,0.2402024120092392
,,,43,,,,,,,,,,,,,,,,,,,,,,,,,,,,,143439,0.6727777123451233
,,,43,,,,,,,,,,,,,,,,,,,,,,,,,,,,,143449,0.030444541946053505
,,,43,,,,,,,,,,,,,,,,,,,,,,,,,,,,,143459,0.0025618853978812695
,,,43,,,,,,,,,,,,,,,,,,,,,,,,,,,,,143469,0.29212695360183716
,,,43,,,,,,,,,,,,,,,,,,,,,,,,,,,,,143479,0.012288612313568592
,,,43,,,,,,,,,,,,,,,,,,,,,,,,,,,,,143489,0.017784329131245613
,,,43,,,,,,,,,,,,,,,,,,,,,,,,,,,,,143499,0.06536708027124405
,,,43,,,,,,,,,,,,,,,,,,,,,,,,,,,,,143509,1.224708080291748
,,,43,,,,,,,,,,,,,,,,,,,,,,,,,,,,,143519,0.006168178748339415
,,,43,,,,,,,,,,,,,,,,,,,,,,,,,,,,,143529,0.012546741403639317
,,,43,,,,,,,,,,,,,,,,,,,,,,,,,,,,,143539,0.010560663416981697
,,,43,,,,,,,,,,,,,,,,,,,,,,,,,,,,,143549,0.10024822503328323
,,,43,,,,,,,,,,,,,,,,,,,,,,,,,,,,,143559,0.022230366244912148
,,,43,,,,,,,,,,,,,,,,,,,,,,,,,,,,,143569,0.002675654599443078
,,,43,,,,,,,,,,,,,,,,,,,,,,,,,,,,,143579,0.004920016508549452
,,,43,,,,,,,,,,,,,,,,,,,,,,,,,,,,,143589,0.4445124566555023
,,,43,,,,,,,,,,,,,,,,,,,,,,,,,,,,,143599,0.0034701600670814514
,,,43,,,,,,,,,,,,,,,,,,,,,,,,,,,,,143609,0.002211768878623843
,,,43,,,,,,,,,,,,,,,,,,,,,,,,,,,,,143619,0.6518855094909668
,,,43,,,,,,,,,,,,,,,,,,,,,,,,,,,,,143629,0.23515118658542633
,,,43,,,,,,,,,,,,,,,,,,,,,,,,,,,,,143639,0.11537478119134903
,,,43,,,,,,,,,,,,,,,,,,,,,,,,,,,,,143649,0.16530978679656982
,,,43,,,,,,,,,,,,,,,,,,,,,,,,,,,,,143659,0.01825825124979019
,,,43,,,,,,,,,,,,,,,,,,,,,,,,,,,,,143669,0.022217735648155212
,,,43,,,,,,,,,,,,,,,,,,,,,,,,,,,,,143679,0.0014989223564043641
,,,43,,,,,,,,,,,,,,,,,,,,,,,,,,,,,143689,0.12491371482610703
,,,43,,,,,,,,,,,,,,,,,,,,,,,,,,,,,143699,0.3773851990699768
,,,43,,,,,,,,,,,,,,,,,,,,,,,,,,,,,143709,0.4498504102230072
,,,43,,,,,,,,,,,,,,,,,,,,,,,,,,,,,143719,0.01732776127755642
,,,43,,,,,,,,,,,,,,,,,,,,,,,,,,,,,143729,0.10449650138616562
,,,43,,,,,,,,,,,,,,,,,,,,,,,,,,,,,143739,0.005008537322282791
,,,43,,,,,,,,,,,,,,,,,,,,,,,,,,,,,143749,0.006180089898407459
,,,43,,,,,,,,,,,,,,,,,,,,,,,,,,,,,143759,0.02968744933605194
,,,43,,,,,,,,,,,,,,,,,,,,,,,,,,,,,143769,0.005604908801615238
,,,43,,,,,,,,,,,,,,,,,,,,,,,,,,,,,143779,0.18365849554538727
,,,43,,,,,,,,,,,,,,,,,,,,,,,,,,,,,143789,0.06787994503974915
,,,43,,,,,,,,,,,,,,,,,,,,,,,,,,,,,143799,0.5554211139678955
,,,43,,,,,,,,,,,,,,,,,,,,,,,,,,,,,143809,0.1615074723958969
,,,43,,,,,,,,,,,,,,,,,,,,,,,,,,,,,143819,0.01155825611203909
,,,43,,,,,,,,,,,,,,,,,,,,,,,,,,,,,143829,0.16641128063201904
,,,43,,,,,,,,,,,,,,,,,,,,,,,,,,,,,143839,1.6777423620224
,,,43,,,,,,,,,,,,,,,,,,,,,,,,,,,,,143849,0.25067996978759766
,,,43,,,,,,,,,,,,,,,,,,,,,,,,,,,,,143859,0.21193788945674896
,,,43,,,,,,,,,,,,,,,,,,,,,,,,,,,,,143869,0.003639206290245056
,,,43,,,,,,,,,,,,,,,,,,,,,,,,,,,,,143879,0.011856249533593655
,,,43,,,,,,,,,,,,,,,,,,,,,,,,,,,,,143889,0.04480237141251564
,,,43,,,,,,,,,,,,,,,,,,,,,,,,,,,,,143899,0.002631231676787138
,,,43,,,,,,,,,,,,,,,,,,,,,,,,,,,,,143909,0.03801937773823738
,,,43,,,,,,,,,,,,,,,,,,,,,,,,,,,,,143919,0.010549056343734264
,,,43,,,,,,,,,,,,,,,,,,,,,,,,,,,,,143929,0.004360276274383068
,,,43,,,,,,,,,,,,,,,,,,,,,,,,,,,,,143939,0.287063330411911
,,,43,,,,,,,,,,,,,,,,,,,,,,,,,,,,,143949,0.2601977586746216
,,,43,,,,,,,,,,,,,,,,,,,,,,,,,,,,,143959,0.5150565505027771
,,,43,,,,,,,,,,,,,,,,,,,,,,,,,,,,,143969,0.49494826793670654
,,,43,,,,,,,,,,,,,,,,,,,,,,,,,,,,,143979,0.3607615530490875
,,,43,,,,,,,,,,,,,,,,,,,,,,,,,,,,,143989,0.41211485862731934
,,,43,,,,,,,,,,,,,,,,,,,,,,,,,,,,,143999,0.0040726871229708195
,,,43,,,,,,,,,,,,,,,,,,,,,,,,,,,,,144009,0.0027567478828132153
,,,43,,,,,,,,,,,,,,,,,,,,,,,,,,,,,144019,0.01121489703655243
,,,43,,,,,,,,,,,,,,,,,,,,,,,,,,,,,144029,0.06138663738965988
,,,43,,,,,,,,,,,,,,,,,,,,,,,,,,,,,144039,0.27125468850135803
,,,43,,,,,,,,,,,,,,,,,,,,,,,,,,,,,144049,0.029400626197457314
,,,43,,,,,,,,,,,,,,,,,,,,,,,,,,,,,144059,0.10820121318101883
,,,43,,,,,,,,,,,,,,,,,,,,,,,,,,,,,144069,0.0022996223997324705
,,,43,,,,,,,,,,,,,,,,,,,,,,,,,,,,,144079,0.005422036163508892
,,,43,,,,,,,,,,,,,,,,,,,,,,,,,,,,,144089,0.004923809785395861
,,,43,,,,,,,,,,,,,,,,,,,,,,,,,,,,,144099,0.0023178698029369116
,,,43,,,,,,,,,,,,,,,,,,,,,,,,,,,,,144109,0.3444899618625641
,,,43,,,,,,,,,,,,,,,,,,,,,,,,,,,,,144119,0.02576621249318123
,,,43,,,,,,,,,,,,,,,,,,,,,,,,,,,,,144129,0.41324880719184875
,,,43,,,,,,,,,,,,,,,,,,,,,,,,,,,,,144139,0.2887001931667328
,,,43,,,,,,,,,,,,,,,,,,,,,,,,,,,,,144149,0.11730649322271347
,,,43,,,,,,,,,,,,,,,,,,,,,,,,,,,,,144159,0.02930506132543087
,,,43,,,,,,,,,,,,,,,,,,,,,,,,,,,,,144169,0.006588949356228113
,,,43,,,,,,,,,,,,,,,,,,,,,,,,,,,,,144179,0.005259297322481871
,,,43,,,,,,,,,,,,,,,,,,,,,,,,,,,,,144189,0.00646136375144124
,,,43,,,,,,,,,,,,,,,,,,,,,,,,,,,,,144199,0.0028094148728996515
,,,43,,,,,,,,,,,,,,,,,,,,,,,,,,,,,144209,0.01685369573533535
,,,43,,,,,,,,,,,,,,,,,,,,,,,,,,,,,144219,0.003939162939786911
,,,43,,,,,,,,,,,,,,,,,,,,,,,,,,,,,144229,0.07825856655836105
,,,43,,,,,,,,,,,,,,,,,,,,,,,,,,,,,144239,0.009104709140956402
,,,43,,,,,,,,,,,,,,,,,,,,,,,,,,,,,144249,0.7138412594795227
,,,43,,,,,,,,,,,,,,,,,,,,,,,,,,,,,144259,0.23000778257846832
,,,43,,,,,,,,,,,,,,,,,,,,,,,,,,,,,144269,0.003397116670385003
,,,43,,,,,,,,,,,,,,,,,,,,,,,,,,,,,144279,0.006550785154104233
,,,43,,,,,,,,,,,,,,,,,,,,,,,,,,,,,144289,0.26898491382598877
,,,43,,,,,,,,,,,,,,,,,,,,,,,,,,,,,144299,0.013234640471637249
,,,43,,,,,,,,,,,,,,,,,,,,,,,,,,,,,144309,0.06316918879747391
,,,43,,,,,,,,,,,,,,,,,,,,,,,,,,,,,144319,0.16796176135540009
,,,43,,,,,,,,,,,,,,,,,,,,,,,,,,,,,144329,0.007681085728108883
,,,43,,,,,,,,,,,,,,,,,,,,,,,,,,,,,144339,0.011597205884754658
,,,43,,,,,,,,,,,,,,,,,,,,,,,,,,,,,144349,0.023135270923376083
,,,43,,,,,,,,,,,,,,,,,,,,,,,,,,,,,144359,0.022952975705266
,,,43,,,,,,,,,,,,,,,,,,,,,,,,,,,,,144369,0.006806237157434225
,,,43,,,,,,,,,,,,,,,,,,,,,,,,,,,,,144379,0.005968661978840828
,,,43,,,,,,,,,,,,,,,,,,,,,,,,,,,,,144389,0.6273660659790039
,,,43,,,,,,,,,,,,,,,,,,,,,,,,,,,,,144399,0.059982869774103165
,,,43,,,,,,,,,,,,,,,,,,,,,,,,,,,,,144409,0.0035657593980431557
,,,43,,,,,,,,,,,,,,,,,,,,,,,,,,,,,144419,0.0018070635851472616
,,,43,,,,,,,,,,,,,,,,,,,,,,,,,,,,,144429,0.0036850941833108664
,,,43,,,,,,,,,,,,,,,,,,,,,,,,,,,,,144439,0.05393141508102417
,,,43,,,,,,,,,,,,,,,,,,,,,,,,,,,,,144449,0.011870482005178928
,,,43,,,,,,,,,,,,,,,,,,,,,,,,,,,,,144459,0.0031580240465700626
,,,43,,,,,,,,,,,,,,,,,,,,,,,,,,,,,144469,0.3830064535140991
,,,43,,,,,,,,,,,,,,,,,,,,,,,,,,,,,144479,0.02136874757707119
,,,43,,,,,,,,,,,,,,,,,,,,,,,,,,,,,144489,0.2204570472240448
,,,43,,,,,,,,,,,,,,,,,,,,,,,,,,,,,144499,2.9981000423431396
,,,43,,,,,,,,,,,,,,,,,,,,,,,,,,,,,144509,0.15966670215129852
,,,43,,,,,,,,,,,,,,,,,,,,,,,,,,,,,144519,0.02413257025182247
,,,43,,,,,,,,,,,,,,,,,,,,,,,,,,,,,144529,0.004979879595339298
,,,43,,,,,,,,,,,,,,,,,,,,,,,,,,,,,144539,0.01747979409992695
,,,43,,,,,,,,,,,,,,,,,,,,,,,,,,,,,144549,0.12896667420864105
,,,43,,,,,,,,,,,,,,,,,,,,,,,,,,,,,144559,0.017711272463202477
,,,43,,,,,,,,,,,,,,,,,,,,,,,,,,,,,144569,0.0017221156740561128
,,,43,,,,,,,,,,,,,,,,,,,,,,,,,,,,,144579,0.23191779851913452
,,,43,,,,,,,,,,,,,,,,,,,,,,,,,,,,,144589,0.07698580622673035
,,,43,,,,,,,,,,,,,,,,,,,,,,,,,,,,,144599,0.07110470533370972
,,,43,,,,,,,,,,,,,,,,,,,,,,,,,,,,,144609,0.0746983215212822
,,,43,,,,,,,,,,,,,,,,,,,,,,,,,,,,,144619,0.006112294737249613
,,,43,,,,,,,,,,,,,,,,,,,,,,,,,,,,,144629,0.024191930890083313
,,,43,,,,,,,,,,,,,,,,,,,,,,,,,,,,,144639,0.02858893573284149
,,,43,,,,,,,,,,,,,,,,,,,,,,,,,,,,,144649,0.017617521807551384
,,,43,,,,,,,,,,,,,,,,,,,,,,,,,,,,,144659,0.10808350890874863
,,,43,,,,,,,,,,,,,,,,,,,,,,,,,,,,,144669,0.43423208594322205
,,,43,,,,,,,,,,,,,,,,,,,,,,,,,,,,,144679,0.01537762489169836
,,,43,,,,,,,,,,,,,,,,,,,,,,,,,,,,,144689,0.2979993224143982
,,,43,,,,,,,,,,,,,,,,,,,,,,,,,,,,,144699,0.00527363084256649
,,,43,,,,,,,,,,,,,,,,,,,,,,,,,,,,,144709,0.2575938403606415
,,,43,,,,,,,,,,,,,,,,,,,,,,,,,,,,,144719,0.5167790055274963
,,,43,,,,,,,,,,,,,,,,,,,,,,,,,,,,,144729,0.9111002683639526
,,,43,,,,,,,,,,,,,,,,,,,,,,,,,,,,,144739,0.5344876646995544
,,,43,,,,,,,,,,,,,,,,,,,,,,,,,,,,,144749,0.025294747203588486
,,,43,,,,,,,,,,,,,,,,,,,,,,,,,,,,,144759,0.003779058577492833
,,,43,,,,,,,,,,,,,,,,,,,,,,,,,,,,,144769,0.13651536405086517
,,,43,,,,,,,,,,,,,,,,,,,,,,,,,,,,,144779,0.005861870478838682
,,,43,,,,,,,,,,,,,,,,,,,,,,,,,,,,,144789,0.29512694478034973
,,,43,,,,,,,,,,,,,,,,,,,,,,,,,,,,,144799,0.003615970490500331
,,,43,,,,,,,,,,,,,,,,,,,,,,,,,,,,,144809,0.2982129156589508
,,,43,,,,,,,,,,,,,,,,,,,,,,,,,,,,,144819,0.14260151982307434
,,,43,,,,,,,,,,,,,,,,,,,,,,,,,,,,,144829,0.008815131150186062
,,,43,,,,,,,,,,,,,,,,,,,,,,,,,,,,,144839,0.0026480299420654774
,,,43,,,,,,,,,,,,,,,,,,,,,,,,,,,,,144849,0.012255764566361904
,,,43,,,,,,,,,,,,,,,,,,,,,,,,,,,,,144859,0.009487303905189037
,,,43,,,,,,,,,,,,,,,,,,,,,,,,,,,,,144869,0.00716636935248971
,,,43,,,,,,,,,,,,,,,,,,,,,,,,,,,,,144879,0.005026945844292641
,,,43,,,,,,,,,,,,,,,,,,,,,,,,,,,,,144889,0.009928052313625813
,,,43,,,,,,,,,,,,,,,,,,,,,,,,,,,,,144899,0.014262812212109566
,,,43,,,,,,,,,,,,,,,,,,,,,,,,,,,,,144909,0.2926632761955261
,,,43,,,,,,,,,,,,,,,,,,,,,,,,,,,,,144919,0.31353455781936646
,,,43,,,,,,,,,,,,,,,,,,,,,,,,,,,,,144929,0.007629633415490389
,,,43,,,,,,,,,,,,,,,,,,,,,,,,,,,,,144939,0.05936036631464958
,,,43,,,,,,,,,,,,,,,,,,,,,,,,,,,,,144949,0.007837992161512375
,,,43,,,,,,,,,,,,,,,,,,,,,,,,,,,,,144959,1.0771472454071045
,,,43,,,,,,,,,,,,,,,,,,,,,,,,,,,,,144969,0.23369327187538147
,,,43,,,,,,,,,,,,,,,,,,,,,,,,,,,,,144979,0.029493756592273712
,,,43,,,,,,,,,,,,,,,,,,,,,,,,,,,,,144989,1.0211939811706543
,,,43,,,,,,,,,,,,,,,,,,,,,,,,,,,,,144999,0.7341676354408264
,,,43,,,,,,,,,,,,,,,,,,,,,,,,,,,,,145009,0.015888622030615807
,,,43,,,,,,,,,,,,,,,,,,,,,,,,,,,,,145019,0.002019462874159217
,,,43,,,,,,,,,,,,,,,,,,,,,,,,,,,,,145029,0.32501351833343506
,,,43,,,,,,,,,,,,,,,,,,,,,,,,,,,,,145039,0.005899908486753702
,,,43,,,,,,,,,,,,,,,,,,,,,,,,,,,,,145049,0.0038827420212328434
,,,43,,,,,,,,,,,,,,,,,,,,,,,,,,,,,145059,0.2892168462276459
,,,43,,,,,,,,,,,,,,,,,,,,,,,,,,,,,145069,0.0027541518211364746
,,,43,,,,,,,,,,,,,,,,,,,,,,,,,,,,,145079,0.200203076004982
,,,43,,,,,,,,,,,,,,,,,,,,,,,,,,,,,145089,0.07439160346984863
,,,43,,,,,,,,,,,,,,,,,,,,,,,,,,,,,145099,0.005749260541051626
,,,43,,,,,,,,,,,,,,,,,,,,,,,,,,,,,145109,0.41624724864959717
,,,43,,,,,,,,,,,,,,,,,,,,,,,,,,,,,145119,0.42204713821411133
,,,43,,,,,,,,,,,,,,,,,,,,,,,,,,,,,145129,0.010572823695838451
,,,43,,,,,,,,,,,,,,,,,,,,,,,,,,,,,145139,0.22128227353096008
,,,43,,,,,,,,,,,,,,,,,,,,,,,,,,,,,145149,0.0043267058208584785
,,,43,,,,,,,,,,,,,,,,,,,,,,,,,,,,,145159,0.00497934315353632
,,,43,,,,,,,,,,,,,,,,,,,,,,,,,,,,,145169,0.3522287607192993
,,,43,,,,,,,,,,,,,,,,,,,,,,,,,,,,,145179,0.0438796691596508
,,,43,,,,,,,,,,,,,,,,,,,,,,,,,,,,,145189,0.005943800322711468
,,,43,,,,,,,,,,,,,,,,,,,,,,,,,,,,,145199,0.30191555619239807
,,,43,,,,,,,,,,,,,,,,,,,,,,,,,,,,,145209,0.5888099670410156
,,,43,,,,,,,,,,,,,,,,,,,,,,,,,,,,,145219,0.03309383988380432
,,,43,,,,,,,,,,,,,,,,,,,,,,,,,,,,,145229,0.02460632659494877
,,,43,,,,,,,,,,,,,,,,,,,,,,,,,,,,,145239,0.40417030453681946
,,,43,,,,,,,,,,,,,,,,,,,,,,,,,,,,,145249,0.006566638592630625
,,,43,,,,,,,,,,,,,,,,,,,,,,,,,,,,,145259,0.004870138596743345
,,,43,,,,,,,,,,,,,,,,,,,,,,,,,,,,,145269,0.004006922245025635
,,,43,,,,,,,,,,,,,,,,,,,,,,,,,,,,,145279,0.008933944627642632
,,,43,,,,,,,,,,,,,,,,,,,,,,,,,,,,,145289,0.012452229857444763
,,,43,,,,,,,,,,,,,,,,,,,,,,,,,,,,,145299,0.6693523526191711
,,,43,,,,,,,,,,,,,,,,,,,,,,,,,,,,,145309,0.024495232850313187
,,,43,,,,,,,,,,,,,,,,,,,,,,,,,,,,,145319,0.013757025822997093
,,,43,,,,,,,,,,,,,,,,,,,,,,,,,,,,,145329,0.36538147926330566
,,,43,,,,,,,,,,,,,,,,,,,,,,,,,,,,,145339,0.22355182468891144
,,,43,,,,,,,,,,,,,,,,,,,,,,,,,,,,,145349,0.007510801311582327
,,,43,,,,,,,,,,,,,,,,,,,,,,,,,,,,,145359,0.020507369190454483
,,,43,,,,,,,,,,,,,,,,,,,,,,,,,,,,,145369,0.081349216401577
,,,43,,,,,,,,,,,,,,,,,,,,,,,,,,,,,145379,0.03878043219447136
,,,43,,,,,,,,,,,,,,,,,,,,,,,,,,,,,145389,0.008334694430232048
,,,43,,,,,,,,,,,,,,,,,,,,,,,,,,,,,145399,0.0096447067335248
,,,43,,,,,,,,,,,,,,,,,,,,,,,,,,,,,145409,0.014737035147845745
,,,43,,,,,,,,,,,,,,,,,,,,,,,,,,,,,145419,0.026516079902648926
,,,43,,,,,,,,,,,,,,,,,,,,,,,,,,,,,145429,0.20221048593521118
,,,43,,,,,,,,,,,,,,,,,,,,,,,,,,,,,145439,0.02121841534972191
,,,43,,,,,,,,,,,,,,,,,,,,,,,,,,,,,145449,0.022702105343341827
,,,43,,,,,,,,,,,,,,,,,,,,,,,,,,,,,145459,0.03243308514356613
,,,43,,,,,,,,,,,,,,,,,,,,,,,,,,,,,145469,0.022460244596004486
,,,43,,,,,,,,,,,,,,,,,,,,,,,,,,,,,145479,1.1183277368545532
,,,43,,,,,,,,,,,,,,,,,,,,,,,,,,,,,145489,0.00222337176091969
,,,43,,,,,,,,,,,,,,,,,,,,,,,,,,,,,145499,0.008718280121684074
,,,43,,,,,,,,,,,,,,,,,,,,,,,,,,,,,145509,0.0077955108135938644
,,,43,,,,,,,,,,,,,,,,,,,,,,,,,,,,,145519,0.03274139389395714
,,,43,,,,,,,,,,,,,,,,,,,,,,,,,,,,,145529,0.008665923029184341
,,,43,,,,,,,,,,,,,,,,,,,,,,,,,,,,,145539,0.08071473985910416
,,,43,,,,,,,,,,,,,,,,,,,,,,,,,,,,,145549,0.16451014578342438
,,,43,,,,,,,,,,,,,,,,,,,,,,,,,,,,,145559,0.004290686920285225
,,,43,,,,,,,,,,,,,,,,,,,,,,,,,,,,,145569,0.0034398301504552364
,,,43,,,,,,,,,,,,,,,,,,,,,,,,,,,,,145579,0.00302705354988575
,,,43,,,,,,,,,,,,,,,,,,,,,,,,,,,,,145589,0.001464399741962552
,,,43,,,,,,,,,,,,,,,,,,,,,,,,,,,,,145599,0.004467465449124575
,,,43,,,,,,,,,,,,,,,,,,,,,,,,,,,,,145609,0.014782790094614029
,,,43,,,,,,,,,,,,,,,,,,,,,,,,,,,,,145619,0.007461679168045521
,,,43,,,,,,,,,,,,,,,,,,,,,,,,,,,,,145629,0.1153419017791748
,,,43,,,,,,,,,,,,,,,,,,,,,,,,,,,,,145639,0.10564320534467697
,,,,2.4587711023777133e-08,1.3774145736509018e-07,2.1190993440783103e-07,2.1190993440783103e-07,3.2601528370435543e-07,3.2601528370435543e-07,5.015619749297775e-07,5.015619749297775e-07,7.716338075842731e-07,7.716338075842731e-07,1.1871289347450355e-06,2.4587711023777133e-08,1.1871289347450355e-06,1.8263522073000546e-06,1.8263522073000546e-06,2.8097726266154687e-06,2.8097726266154687e-06,4.322727117869951e-06,4.322727117869951e-06,4.322727117869951e-06,4.322727117869951e-06,3.7827247728887886e-08,3.7827247728887886e-08,5.81957657367506e-08,5.81957657367506e-08,8.953194728730862e-08,8.953194728730862e-08,1.3774145736509018e-07,145641,
,,,44,,,,,,,,,,,,,,,,,,,,,,,,,,,,,145649,0.5561680197715759
,,,44,,,,,,,,,,,,,,,,,,,,,,,,,,,,,145659,0.006622789893299341
,,,44,,,,,,,,,,,,,,,,,,,,,,,,,,,,,145669,0.0020037556532770395
,,,44,,,,,,,,,,,,,,,,,,,,,,,,,,,,,145679,0.2536102533340454
,,,44,,,,,,,,,,,,,,,,,,,,,,,,,,,,,145689,0.006801575422286987
,,,44,,,,,,,,,,,,,,,,,,,,,,,,,,,,,145699,0.018770111724734306
,,,44,,,,,,,,,,,,,,,,,,,,,,,,,,,,,145709,0.7859615683555603
,,,44,,,,,,,,,,,,,,,,,,,,,,,,,,,,,145719,0.007754312828183174
,,,44,,,,,,,,,,,,,,,,,,,,,,,,,,,,,145729,0.34075742959976196
,,,44,,,,,,,,,,,,,,,,,,,,,,,,,,,,,145739,1.0803396701812744
,,,44,,,,,,,,,,,,,,,,,,,,,,,,,,,,,145749,0.01887412741780281
,,,44,,,,,,,,,,,,,,,,,,,,,,,,,,,,,145759,0.010103452950716019
,,,44,,,,,,,,,,,,,,,,,,,,,,,,,,,,,145769,0.00252752797678113
,,,44,,,,,,,,,,,,,,,,,,,,,,,,,,,,,145779,0.027672328054904938
,,,44,,,,,,,,,,,,,,,,,,,,,,,,,,,,,145789,0.0831751674413681
,,,44,,,,,,,,,,,,,,,,,,,,,,,,,,,,,145799,0.05480659008026123
,,,44,,,,,,,,,,,,,,,,,,,,,,,,,,,,,145809,0.006066951435059309
,,,44,,,,,,,,,,,,,,,,,,,,,,,,,,,,,145819,0.0074494569562375546
,,,44,,,,,,,,,,,,,,,,,,,,,,,,,,,,,145829,0.014830527827143669
,,,44,,,,,,,,,,,,,,,,,,,,,,,,,,,,,145839,0.0016001833137124777
,,,44,,,,,,,,,,,,,,,,,,,,,,,,,,,,,145849,0.016024548560380936
,,,44,,,,,,,,,,,,,,,,,,,,,,,,,,,,,145859,0.016134850680828094
,,,44,,,,,,,,,,,,,,,,,,,,,,,,,,,,,145869,0.008259039372205734
,,,44,,,,,,,,,,,,,,,,,,,,,,,,,,,,,145879,0.14989784359931946
,,,44,,,,,,,,,,,,,,,,,,,,,,,,,,,,,145889,0.018265794962644577
,,,44,,,,,,,,,,,,,,,,,,,,,,,,,,,,,145899,0.0031203569378703833
,,,44,,,,,,,,,,,,,,,,,,,,,,,,,,,,,145909,0.8072425127029419
,,,44,,,,,,,,,,,,,,,,,,,,,,,,,,,,,145919,0.5015500783920288
,,,44,,,,,,,,,,,,,,,,,,,,,,,,,,,,,145929,0.002249354962259531
,,,44,,,,,,,,,,,,,,,,,,,,,,,,,,,,,145939,0.0015346546424552798
,,,44,,,,,,,,,,,,,,,,,,,,,,,,,,,,,145949,0.7848068475723267
,,,44,,,,,,,,,,,,,,,,,,,,,,,,,,,,,145959,0.004161155316978693
,,,44,,,,,,,,,,,,,,,,,,,,,,,,,,,,,145969,0.004721591714769602
,,,44,,,,,,,,,,,,,,,,,,,,,,,,,,,,,145979,0.0027287767734378576
,,,44,,,,,,,,,,,,,,,,,,,,,,,,,,,,,145989,0.002987516578286886
,,,44,,,,,,,,,,,,,,,,,,,,,,,,,,,,,145999,0.1436854749917984
,,,44,,,,,,,,,,,,,,,,,,,,,,,,,,,,,146009,0.013339993543922901
,,,44,,,,,,,,,,,,,,,,,,,,,,,,,,,,,146019,0.004817014094442129
,,,44,,,,,,,,,,,,,,,,,,,,,,,,,,,,,146029,0.7353811264038086
,,,44,,,,,,,,,,,,,,,,,,,,,,,,,,,,,146039,0.580159068107605
,,,44,,,,,,,,,,,,,,,,,,,,,,,,,,,,,146049,1.4060721397399902
,,,44,,,,,,,,,,,,,,,,,,,,,,,,,,,,,146059,0.01184831839054823
,,,44,,,,,,,,,,,,,,,,,,,,,,,,,,,,,146069,0.002781450981274247
,,,44,,,,,,,,,,,,,,,,,,,,,,,,,,,,,146079,0.02596009522676468
,,,44,,,,,,,,,,,,,,,,,,,,,,,,,,,,,146089,0.00341657898388803
,,,44,,,,,,,,,,,,,,,,,,,,,,,,,,,,,146099,0.06412626802921295
,,,44,,,,,,,,,,,,,,,,,,,,,,,,,,,,,146109,0.06554463505744934
,,,44,,,,,,,,,,,,,,,,,,,,,,,,,,,,,146119,0.5142112970352173
,,,44,,,,,,,,,,,,,,,,,,,,,,,,,,,,,146129,0.14388857781887054
,,,44,,,,,,,,,,,,,,,,,,,,,,,,,,,,,146139,0.01435551606118679
,,,44,,,,,,,,,,,,,,,,,,,,,,,,,,,,,146149,0.3454912006855011
,,,44,,,,,,,,,,,,,,,,,,,,,,,,,,,,,146159,0.005290649365633726
,,,44,,,,,,,,,,,,,,,,,,,,,,,,,,,,,146169,0.01726042479276657
,,,44,,,,,,,,,,,,,,,,,,,,,,,,,,,,,146179,0.0034222325775772333
,,,44,,,,,,,,,,,,,,,,,,,,,,,,,,,,,146189,0.09508947283029556
,,,44,,,,,,,,,,,,,,,,,,,,,,,,,,,,,146199,0.43967267870903015
,,,44,,,,,,,,,,,,,,,,,,,,,,,,,,,,,146209,0.21487687528133392
,,,44,,,,,,,,,,,,,,,,,,,,,,,,,,,,,146219,0.08509859442710876
,,,44,,,,,,,,,,,,,,,,,,,,,,,,,,,,,146229,0.7999734878540039
,,,44,,,,,,,,,,,,,,,,,,,,,,,,,,,,,146239,0.03882069140672684
,,,44,,,,,,,,,,,,,,,,,,,,,,,,,,,,,146249,0.014386691153049469
,,,44,,,,,,,,,,,,,,,,,,,,,,,,,,,,,146259,0.10151495784521103
,,,44,,,,,,,,,,,,,,,,,,,,,,,,,,,,,146269,0.19190534949302673
,,,44,,,,,,,,,,,,,,,,,,,,,,,,,,,,,146279,0.009973366744816303
,,,44,,,,,,,,,,,,,,,,,,,,,,,,,,,,,146289,0.09192971140146255
,,,44,,,,,,,,,,,,,,,,,,,,,,,,,,,,,146299,0.008291206322610378
,,,44,,,,,,,,,,,,,,,,,,,,,,,,,,,,,146309,0.004718083888292313
,,,44,,,,,,,,,,,,,,,,,,,,,,,,,,,,,146319,0.1049439013004303
,,,44,,,,,,,,,,,,,,,,,,,,,,,,,,,,,146329,0.24768349528312683
,,,44,,,,,,,,,,,,,,,,,,,,,,,,,,,,,146339,0.042800214141607285
,,,44,,,,,,,,,,,,,,,,,,,,,,,,,,,,,146349,0.009019932709634304
,,,44,,,,,,,,,,,,,,,,,,,,,,,,,,,,,146359,0.0064803860150277615
,,,44,,,,,,,,,,,,,,,,,,,,,,,,,,,,,146369,0.0018337517976760864
,,,44,,,,,,,,,,,,,,,,,,,,,,,,,,,,,146379,0.28443801403045654
,,,44,,,,,,,,,,,,,,,,,,,,,,,,,,,,,146389,0.00410300400108099
,,,44,,,,,,,,,,,,,,,,,,,,,,,,,,,,,146399,0.012148143723607063
,,,44,,,,,,,,,,,,,,,,,,,,,,,,,,,,,146409,0.11906743049621582
,,,44,,,,,,,,,,,,,,,,,,,,,,,,,,,,,146419,0.011170241050422192
,,,44,,,,,,,,,,,,,,,,,,,,,,,,,,,,,146429,0.27196139097213745
,,,44,,,,,,,,,,,,,,,,,,,,,,,,,,,,,146439,0.005305250640958548
,,,44,,,,,,,,,,,,,,,,,,,,,,,,,,,,,146449,0.31243589520454407
,,,44,,,,,,,,,,,,,,,,,,,,,,,,,,,,,146459,0.005236085969954729
,,,44,,,,,,,,,,,,,,,,,,,,,,,,,,,,,146469,0.10171397775411606
,,,44,,,,,,,,,,,,,,,,,,,,,,,,,,,,,146479,0.015695560723543167
,,,44,,,,,,,,,,,,,,,,,,,,,,,,,,,,,146489,0.007906800135970116
,,,44,,,,,,,,,,,,,,,,,,,,,,,,,,,,,146499,0.05711575224995613
,,,44,,,,,,,,,,,,,,,,,,,,,,,,,,,,,146509,0.025845399126410484
,,,44,,,,,,,,,,,,,,,,,,,,,,,,,,,,,146519,0.3337360918521881
,,,44,,,,,,,,,,,,,,,,,,,,,,,,,,,,,146529,0.0077298725955188274
,,,44,,,,,,,,,,,,,,,,,,,,,,,,,,,,,146539,0.340724915266037
,,,44,,,,,,,,,,,,,,,,,,,,,,,,,,,,,146549,0.2583090662956238
,,,44,,,,,,,,,,,,,,,,,,,,,,,,,,,,,146559,0.21496237814426422
,,,44,,,,,,,,,,,,,,,,,,,,,,,,,,,,,146569,0.005361500661820173
,,,44,,,,,,,,,,,,,,,,,,,,,,,,,,,,,146579,0.014943946152925491
,,,44,,,,,,,,,,,,,,,,,,,,,,,,,,,,,146589,0.2119402438402176
,,,44,,,,,,,,,,,,,,,,,,,,,,,,,,,,,146599,0.0016181785613298416
,,,44,,,,,,,,,,,,,,,,,,,,,,,,,,,,,146609,0.031577277928590775
,,,44,,,,,,,,,,,,,,,,,,,,,,,,,,,,,146619,0.01531489659100771
,,,44,,,,,,,,,,,,,,,,,,,,,,,,,,,,,146629,0.013473255559802055
,,,44,,,,,,,,,,,,,,,,,,,,,,,,,,,,,146639,0.0031582813244313
,,,44,,,,,,,,,,,,,,,,,,,,,,,,,,,,,146649,0.25213783979415894
,,,44,,,,,,,,,,,,,,,,,,,,,,,,,,,,,146659,0.06899219751358032
,,,44,,,,,,,,,,,,,,,,,,,,,,,,,,,,,146669,0.02357572130858898
,,,44,,,,,,,,,,,,,,,,,,,,,,,,,,,,,146679,0.005888539832085371
,,,44,,,,,,,,,,,,,,,,,,,,,,,,,,,,,146689,0.03326994925737381
,,,44,,,,,,,,,,,,,,,,,,,,,,,,,,,,,146699,0.10644418746232986
,,,44,,,,,,,,,,,,,,,,,,,,,,,,,,,,,146709,0.2227330058813095
,,,44,,,,,,,,,,,,,,,,,,,,,,,,,,,,,146719,0.01573280803859234
,,,44,,,,,,,,,,,,,,,,,,,,,,,,,,,,,146729,0.08062724769115448
,,,44,,,,,,,,,,,,,,,,,,,,,,,,,,,,,146739,0.009545105509459972
,,,44,,,,,,,,,,,,,,,,,,,,,,,,,,,,,146749,0.023153632879257202
,,,44,,,,,,,,,,,,,,,,,,,,,,,,,,,,,146759,0.16123004257678986
,,,44,,,,,,,,,,,,,,,,,,,,,,,,,,,,,146769,0.0015286440029740334
,,,44,,,,,,,,,,,,,,,,,,,,,,,,,,,,,146779,0.17818760871887207
,,,44,,,,,,,,,,,,,,,,,,,,,,,,,,,,,146789,0.250699907541275
,,,44,,,,,,,,,,,,,,,,,,,,,,,,,,,,,146799,0.209138423204422
,,,44,,,,,,,,,,,,,,,,,,,,,,,,,,,,,146809,0.0556986927986145
,,,44,,,,,,,,,,,,,,,,,,,,,,,,,,,,,146819,0.22632881999015808
,,,44,,,,,,,,,,,,,,,,,,,,,,,,,,,,,146829,0.9569087028503418
,,,44,,,,,,,,,,,,,,,,,,,,,,,,,,,,,146839,0.011827576905488968
,,,44,,,,,,,,,,,,,,,,,,,,,,,,,,,,,146849,0.005558678414672613
,,,44,,,,,,,,,,,,,,,,,,,,,,,,,,,,,146859,0.003456524107605219
,,,44,,,,,,,,,,,,,,,,,,,,,,,,,,,,,146869,0.004428907763212919
,,,44,,,,,,,,,,,,,,,,,,,,,,,,,,,,,146879,0.03711964562535286
,,,44,,,,,,,,,,,,,,,,,,,,,,,,,,,,,146889,0.0029944763518869877
,,,44,,,,,,,,,,,,,,,,,,,,,,,,,,,,,146899,0.004032345023006201
,,,44,,,,,,,,,,,,,,,,,,,,,,,,,,,,,146909,0.011666413396596909
,,,44,,,,,,,,,,,,,,,,,,,,,,,,,,,,,146919,0.005747898016124964
,,,44,,,,,,,,,,,,,,,,,,,,,,,,,,,,,146929,0.020751919597387314
,,,44,,,,,,,,,,,,,,,,,,,,,,,,,,,,,146939,0.16004984080791473
,,,44,,,,,,,,,,,,,,,,,,,,,,,,,,,,,146949,0.023934131488204002
,,,44,,,,,,,,,,,,,,,,,,,,,,,,,,,,,146959,0.01754087768495083
,,,44,,,,,,,,,,,,,,,,,,,,,,,,,,,,,146969,0.009918677620589733
,,,44,,,,,,,,,,,,,,,,,,,,,,,,,,,,,146979,0.006761585362255573
,,,44,,,,,,,,,,,,,,,,,,,,,,,,,,,,,146989,0.014678122475743294
,,,44,,,,,,,,,,,,,,,,,,,,,,,,,,,,,146999,0.3338589370250702
,,,44,,,,,,,,,,,,,,,,,,,,,,,,,,,,,147009,0.055509280413389206
,,,44,,,,,,,,,,,,,,,,,,,,,,,,,,,,,147019,0.02305346168577671
,,,44,,,,,,,,,,,,,,,,,,,,,,,,,,,,,147029,0.292987585067749
,,,44,,,,,,,,,,,,,,,,,,,,,,,,,,,,,147039,0.26509323716163635
,,,44,,,,,,,,,,,,,,,,,,,,,,,,,,,,,147049,0.002039012499153614
,,,44,,,,,,,,,,,,,,,,,,,,,,,,,,,,,147059,0.06671882420778275
,,,44,,,,,,,,,,,,,,,,,,,,,,,,,,,,,147069,0.2160138189792633
,,,44,,,,,,,,,,,,,,,,,,,,,,,,,,,,,147079,0.4771473705768585
,,,44,,,,,,,,,,,,,,,,,,,,,,,,,,,,,147089,1.5795565843582153
,,,44,,,,,,,,,,,,,,,,,,,,,,,,,,,,,147099,0.02152831293642521
,,,44,,,,,,,,,,,,,,,,,,,,,,,,,,,,,147109,0.09040825814008713
,,,44,,,,,,,,,,,,,,,,,,,,,,,,,,,,,147119,0.1407802551984787
,,,44,,,,,,,,,,,,,,,,,,,,,,,,,,,,,147129,0.00797546748071909
,,,44,,,,,,,,,,,,,,,,,,,,,,,,,,,,,147139,0.14214789867401123
,,,44,,,,,,,,,,,,,,,,,,,,,,,,,,,,,147149,0.002245769603177905
,,,44,,,,,,,,,,,,,,,,,,,,,,,,,,,,,147159,0.06197521090507507
,,,44,,,,,,,,,,,,,,,,,,,,,,,,,,,,,147169,0.024334460496902466
,,,44,,,,,,,,,,,,,,,,,,,,,,,,,,,,,147179,0.2166798710823059
,,,44,,,,,,,,,,,,,,,,,,,,,,,,,,,,,147189,0.6107925176620483
,,,44,,,,,,,,,,,,,,,,,,,,,,,,,,,,,147199,0.008424063213169575
,,,44,,,,,,,,,,,,,,,,,,,,,,,,,,,,,147209,0.0016986934933811426
,,,44,,,,,,,,,,,,,,,,,,,,,,,,,,,,,147219,0.02520335279405117
,,,44,,,,,,,,,,,,,,,,,,,,,,,,,,,,,147229,0.03537215664982796
,,,44,,,,,,,,,,,,,,,,,,,,,,,,,,,,,147239,0.0018998932791873813
,,,44,,,,,,,,,,,,,,,,,,,,,,,,,,,,,147249,0.24998264014720917
,,,44,,,,,,,,,,,,,,,,,,,,,,,,,,,,,147259,0.5036959648132324
,,,44,,,,,,,,,,,,,,,,,,,,,,,,,,,,,147269,0.0014083916321396828
,,,44,,,,,,,,,,,,,,,,,,,,,,,,,,,,,147279,0.0053549883887171745
,,,44,,,,,,,,,,,,,,,,,,,,,,,,,,,,,147289,0.001760026323609054
,,,44,,,,,,,,,,,,,,,,,,,,,,,,,,,,,147299,0.21288926899433136
,,,44,,,,,,,,,,,,,,,,,,,,,,,,,,,,,147309,0.003138963831588626
,,,44,,,,,,,,,,,,,,,,,,,,,,,,,,,,,147319,0.017555247992277145
,,,44,,,,,,,,,,,,,,,,,,,,,,,,,,,,,147329,0.024426065385341644
,,,44,,,,,,,,,,,,,,,,,,,,,,,,,,,,,147339,0.0704018771648407
,,,44,,,,,,,,,,,,,,,,,,,,,,,,,,,,,147349,0.09652053564786911
,,,44,,,,,,,,,,,,,,,,,,,,,,,,,,,,,147359,0.3121564984321594
,,,44,,,,,,,,,,,,,,,,,,,,,,,,,,,,,147369,0.5818392634391785
,,,44,,,,,,,,,,,,,,,,,,,,,,,,,,,,,147379,0.008936673402786255
,,,44,,,,,,,,,,,,,,,,,,,,,,,,,,,,,147389,0.014490132220089436
,,,44,,,,,,,,,,,,,,,,,,,,,,,,,,,,,147399,0.13699622452259064
,,,44,,,,,,,,,,,,,,,,,,,,,,,,,,,,,147409,0.003952977247536182
,,,44,,,,,,,,,,,,,,,,,,,,,,,,,,,,,147419,1.0148589611053467
,,,44,,,,,,,,,,,,,,,,,,,,,,,,,,,,,147429,0.004603934474289417
,,,44,,,,,,,,,,,,,,,,,,,,,,,,,,,,,147439,0.04009322077035904
,,,44,,,,,,,,,,,,,,,,,,,,,,,,,,,,,147449,0.005792383570224047
,,,44,,,,,,,,,,,,,,,,,,,,,,,,,,,,,147459,0.0012392820790410042
,,,44,,,,,,,,,,,,,,,,,,,,,,,,,,,,,147469,0.15585459768772125
,,,44,,,,,,,,,,,,,,,,,,,,,,,,,,,,,147479,0.0030080091673880816
,,,44,,,,,,,,,,,,,,,,,,,,,,,,,,,,,147489,0.6723380088806152
,,,44,,,,,,,,,,,,,,,,,,,,,,,,,,,,,147499,0.009341355413198471
,,,44,,,,,,,,,,,,,,,,,,,,,,,,,,,,,147509,0.05753181502223015
,,,44,,,,,,,,,,,,,,,,,,,,,,,,,,,,,147519,0.39098939299583435
,,,44,,,,,,,,,,,,,,,,,,,,,,,,,,,,,147529,0.0030237766914069653
,,,44,,,,,,,,,,,,,,,,,,,,,,,,,,,,,147539,0.007641356438398361
,,,44,,,,,,,,,,,,,,,,,,,,,,,,,,,,,147549,0.009313452057540417
,,,44,,,,,,,,,,,,,,,,,,,,,,,,,,,,,147559,0.004783257842063904
,,,44,,,,,,,,,,,,,,,,,,,,,,,,,,,,,147569,0.12449619174003601
,,,44,,,,,,,,,,,,,,,,,,,,,,,,,,,,,147579,0.018070193007588387
,,,44,,,,,,,,,,,,,,,,,,,,,,,,,,,,,147589,0.3274444341659546
,,,44,,,,,,,,,,,,,,,,,,,,,,,,,,,,,147599,0.08207524567842484
,,,44,,,,,,,,,,,,,,,,,,,,,,,,,,,,,147609,0.1758919656276703
,,,44,,,,,,,,,,,,,,,,,,,,,,,,,,,,,147619,0.011578570120036602
,,,44,,,,,,,,,,,,,,,,,,,,,,,,,,,,,147629,0.0637025311589241
,,,44,,,,,,,,,,,,,,,,,,,,,,,,,,,,,147639,0.3364102244377136
,,,44,,,,,,,,,,,,,,,,,,,,,,,,,,,,,147649,0.02462063543498516
,,,44,,,,,,,,,,,,,,,,,,,,,,,,,,,,,147659,0.5706526041030884
,,,44,,,,,,,,,,,,,,,,,,,,,,,,,,,,,147669,0.004782265517860651
,,,44,,,,,,,,,,,,,,,,,,,,,,,,,,,,,147679,0.004828345030546188
,,,44,,,,,,,,,,,,,,,,,,,,,,,,,,,,,147689,0.010271227918565273
,,,44,,,,,,,,,,,,,,,,,,,,,,,,,,,,,147699,0.06879762560129166
,,,44,,,,,,,,,,,,,,,,,,,,,,,,,,,,,147709,0.00401481194421649
,,,44,,,,,,,,,,,,,,,,,,,,,,,,,,,,,147719,0.028692854568362236
,,,44,,,,,,,,,,,,,,,,,,,,,,,,,,,,,147729,0.014870219863951206
,,,44,,,,,,,,,,,,,,,,,,,,,,,,,,,,,147739,0.027958577498793602
,,,44,,,,,,,,,,,,,,,,,,,,,,,,,,,,,147749,0.0034422825556248426
,,,44,,,,,,,,,,,,,,,,,,,,,,,,,,,,,147759,0.030033251270651817
,,,44,,,,,,,,,,,,,,,,,,,,,,,,,,,,,147769,0.04275630787014961
,,,44,,,,,,,,,,,,,,,,,,,,,,,,,,,,,147779,0.24151256680488586
,,,44,,,,,,,,,,,,,,,,,,,,,,,,,,,,,147789,0.12420488148927689
,,,44,,,,,,,,,,,,,,,,,,,,,,,,,,,,,147799,0.0024704434908926487
,,,44,,,,,,,,,,,,,,,,,,,,,,,,,,,,,147809,0.028965746983885765
,,,44,,,,,,,,,,,,,,,,,,,,,,,,,,,,,147819,0.2500315308570862
,,,44,,,,,,,,,,,,,,,,,,,,,,,,,,,,,147829,0.06295733898878098
,,,44,,,,,,,,,,,,,,,,,,,,,,,,,,,,,147839,0.0015222278889268637
,,,44,,,,,,,,,,,,,,,,,,,,,,,,,,,,,147849,0.018847119063138962
,,,44,,,,,,,,,,,,,,,,,,,,,,,,,,,,,147859,0.0016548914136365056
,,,44,,,,,,,,,,,,,,,,,,,,,,,,,,,,,147869,0.08730831742286682
,,,44,,,,,,,,,,,,,,,,,,,,,,,,,,,,,147879,0.00286123831756413
,,,44,,,,,,,,,,,,,,,,,,,,,,,,,,,,,147889,0.04620502144098282
,,,44,,,,,,,,,,,,,,,,,,,,,,,,,,,,,147899,0.10500375181436539
,,,44,,,,,,,,,,,,,,,,,,,,,,,,,,,,,147909,0.010156270116567612
,,,44,,,,,,,,,,,,,,,,,,,,,,,,,,,,,147919,0.24473750591278076
,,,44,,,,,,,,,,,,,,,,,,,,,,,,,,,,,147929,0.0029928376898169518
,,,44,,,,,,,,,,,,,,,,,,,,,,,,,,,,,147939,0.6737310886383057
,,,44,,,,,,,,,,,,,,,,,,,,,,,,,,,,,147949,0.03523160517215729
,,,44,,,,,,,,,,,,,,,,,,,,,,,,,,,,,147959,0.01332847774028778
,,,44,,,,,,,,,,,,,,,,,,,,,,,,,,,,,147969,0.02262839488685131
,,,44,,,,,,,,,,,,,,,,,,,,,,,,,,,,,147979,0.0032758968882262707
,,,44,,,,,,,,,,,,,,,,,,,,,,,,,,,,,147989,0.00589158246293664
,,,44,,,,,,,,,,,,,,,,,,,,,,,,,,,,,147999,0.16707274317741394
,,,44,,,,,,,,,,,,,,,,,,,,,,,,,,,,,148009,0.06331522017717361
,,,44,,,,,,,,,,,,,,,,,,,,,,,,,,,,,148019,0.027146827429533005
,,,44,,,,,,,,,,,,,,,,,,,,,,,,,,,,,148029,0.0030728550627827644
,,,44,,,,,,,,,,,,,,,,,,,,,,,,,,,,,148039,0.004800766706466675
,,,44,,,,,,,,,,,,,,,,,,,,,,,,,,,,,148049,0.18946461379528046
,,,44,,,,,,,,,,,,,,,,,,,,,,,,,,,,,148059,0.0023989644832909107
,,,44,,,,,,,,,,,,,,,,,,,,,,,,,,,,,148069,0.0014432889875024557
,,,44,,,,,,,,,,,,,,,,,,,,,,,,,,,,,148079,0.41291770339012146
,,,44,,,,,,,,,,,,,,,,,,,,,,,,,,,,,148089,0.028899163007736206
,,,44,,,,,,,,,,,,,,,,,,,,,,,,,,,,,148099,0.23642513155937195
,,,44,,,,,,,,,,,,,,,,,,,,,,,,,,,,,148109,0.14798036217689514
,,,44,,,,,,,,,,,,,,,,,,,,,,,,,,,,,148119,0.35827314853668213
,,,44,,,,,,,,,,,,,,,,,,,,,,,,,,,,,148129,0.0030201575718820095
,,,44,,,,,,,,,,,,,,,,,,,,,,,,,,,,,148139,0.0994323119521141
,,,44,,,,,,,,,,,,,,,,,,,,,,,,,,,,,148149,0.47962942719459534
,,,44,,,,,,,,,,,,,,,,,,,,,,,,,,,,,148159,0.01127136405557394
,,,44,,,,,,,,,,,,,,,,,,,,,,,,,,,,,148169,1.049344539642334
,,,44,,,,,,,,,,,,,,,,,,,,,,,,,,,,,148179,0.241845041513443
,,,44,,,,,,,,,,,,,,,,,,,,,,,,,,,,,148189,0.18863451480865479
,,,44,,,,,,,,,,,,,,,,,,,,,,,,,,,,,148199,0.004002700559794903
,,,44,,,,,,,,,,,,,,,,,,,,,,,,,,,,,148209,0.0041763391345739365
,,,44,,,,,,,,,,,,,,,,,,,,,,,,,,,,,148219,0.1525217890739441
,,,44,,,,,,,,,,,,,,,,,,,,,,,,,,,,,148229,0.07804516702890396
,,,44,,,,,,,,,,,,,,,,,,,,,,,,,,,,,148239,0.028884919360280037
,,,44,,,,,,,,,,,,,,,,,,,,,,,,,,,,,148249,0.2925383746623993
,,,44,,,,,,,,,,,,,,,,,,,,,,,,,,,,,148259,0.08589304983615875
,,,44,,,,,,,,,,,,,,,,,,,,,,,,,,,,,148269,0.004642019513994455
,,,44,,,,,,,,,,,,,,,,,,,,,,,,,,,,,148279,0.004323914181441069
,,,44,,,,,,,,,,,,,,,,,,,,,,,,,,,,,148289,0.00915190577507019
,,,44,,,,,,,,,,,,,,,,,,,,,,,,,,,,,148299,0.044636256992816925
,,,44,,,,,,,,,,,,,,,,,,,,,,,,,,,,,148309,0.002425047103315592
,,,44,,,,,,,,,,,,,,,,,,,,,,,,,,,,,148319,0.5728124976158142
,,,44,,,,,,,,,,,,,,,,,,,,,,,,,,,,,148329,0.006811707746237516
,,,44,,,,,,,,,,,,,,,,,,,,,,,,,,,,,148339,0.007211777847260237
,,,44,,,,,,,,,,,,,,,,,,,,,,,,,,,,,148349,0.1217198446393013
,,,44,,,,,,,,,,,,,,,,,,,,,,,,,,,,,148359,0.008363896980881691
,,,44,,,,,,,,,,,,,,,,,,,,,,,,,,,,,148369,0.5753017663955688
,,,44,,,,,,,,,,,,,,,,,,,,,,,,,,,,,148379,0.011381394229829311
,,,44,,,,,,,,,,,,,,,,,,,,,,,,,,,,,148389,0.017952848225831985
,,,44,,,,,,,,,,,,,,,,,,,,,,,,,,,,,148399,0.0071517121978104115
,,,44,,,,,,,,,,,,,,,,,,,,,,,,,,,,,148409,0.007065264042466879
,,,44,,,,,,,,,,,,,,,,,,,,,,,,,,,,,148419,0.02301645651459694
,,,44,,,,,,,,,,,,,,,,,,,,,,,,,,,,,148429,0.053330082446336746
,,,44,,,,,,,,,,,,,,,,,,,,,,,,,,,,,148439,0.34989261627197266
,,,44,,,,,,,,,,,,,,,,,,,,,,,,,,,,,148449,0.15534259378910065
,,,44,,,,,,,,,,,,,,,,,,,,,,,,,,,,,148459,0.310817152261734
,,,44,,,,,,,,,,,,,,,,,,,,,,,,,,,,,148469,0.008600333705544472
,,,44,,,,,,,,,,,,,,,,,,,,,,,,,,,,,148479,0.03967862203717232
,,,44,,,,,,,,,,,,,,,,,,,,,,,,,,,,,148489,0.0024674851447343826
,,,44,,,,,,,,,,,,,,,,,,,,,,,,,,,,,148499,0.03222683444619179
,,,44,,,,,,,,,,,,,,,,,,,,,,,,,,,,,148509,0.0061431401409208775
,,,44,,,,,,,,,,,,,,,,,,,,,,,,,,,,,148519,0.03169747814536095
,,,44,,,,,,,,,,,,,,,,,,,,,,,,,,,,,148529,0.015238176099956036
,,,44,,,,,,,,,,,,,,,,,,,,,,,,,,,,,148539,0.513571560382843
,,,44,,,,,,,,,,,,,,,,,,,,,,,,,,,,,148549,0.3331487476825714
,,,44,,,,,,,,,,,,,,,,,,,,,,,,,,,,,148559,0.19553911685943604
,,,44,,,,,,,,,,,,,,,,,,,,,,,,,,,,,148569,0.07700397074222565
,,,44,,,,,,,,,,,,,,,,,,,,,,,,,,,,,148579,0.008012410253286362
,,,44,,,,,,,,,,,,,,,,,,,,,,,,,,,,,148589,0.002596760867163539
,,,44,,,,,,,,,,,,,,,,,,,,,,,,,,,,,148599,0.12224125862121582
,,,44,,,,,,,,,,,,,,,,,,,,,,,,,,,,,148609,0.046952106058597565
,,,44,,,,,,,,,,,,,,,,,,,,,,,,,,,,,148619,0.0025580492801964283
,,,44,,,,,,,,,,,,,,,,,,,,,,,,,,,,,148629,0.07683845609426498
,,,44,,,,,,,,,,,,,,,,,,,,,,,,,,,,,148639,0.01565057970583439
,,,44,,,,,,,,,,,,,,,,,,,,,,,,,,,,,148649,0.13883428275585175
,,,44,,,,,,,,,,,,,,,,,,,,,,,,,,,,,148659,0.006497167982161045
,,,44,,,,,,,,,,,,,,,,,,,,,,,,,,,,,148669,0.4040900766849518
,,,44,,,,,,,,,,,,,,,,,,,,,,,,,,,,,148679,0.006939724087715149
,,,44,,,,,,,,,,,,,,,,,,,,,,,,,,,,,148689,0.17840443551540375
,,,44,,,,,,,,,,,,,,,,,,,,,,,,,,,,,148699,0.005361032672226429
,,,44,,,,,,,,,,,,,,,,,,,,,,,,,,,,,148709,0.14029264450073242
,,,44,,,,,,,,,,,,,,,,,,,,,,,,,,,,,148719,0.02237008884549141
,,,44,,,,,,,,,,,,,,,,,,,,,,,,,,,,,148729,0.18980184197425842
,,,44,,,,,,,,,,,,,,,,,,,,,,,,,,,,,148739,0.009936805814504623
,,,44,,,,,,,,,,,,,,,,,,,,,,,,,,,,,148749,0.007138277404010296
,,,44,,,,,,,,,,,,,,,,,,,,,,,,,,,,,148759,0.0011842293897643685
,,,44,,,,,,,,,,,,,,,,,,,,,,,,,,,,,148769,0.14909884333610535
,,,44,,,,,,,,,,,,,,,,,,,,,,,,,,,,,148779,0.0043685175478458405
,,,44,,,,,,,,,,,,,,,,,,,,,,,,,,,,,148789,0.1167832612991333
,,,44,,,,,,,,,,,,,,,,,,,,,,,,,,,,,148799,1.25125253200531
,,,44,,,,,,,,,,,,,,,,,,,,,,,,,,,,,148809,0.028665635734796524
,,,44,,,,,,,,,,,,,,,,,,,,,,,,,,,,,148819,0.15166768431663513
,,,44,,,,,,,,,,,,,,,,,,,,,,,,,,,,,148829,0.014519145712256432
,,,44,,,,,,,,,,,,,,,,,,,,,,,,,,,,,148839,0.03984440490603447
,,,44,,,,,,,,,,,,,,,,,,,,,,,,,,,,,148849,0.045371152460575104
,,,44,,,,,,,,,,,,,,,,,,,,,,,,,,,,,148859,0.16049562394618988
,,,44,,,,,,,,,,,,,,,,,,,,,,,,,,,,,148869,0.009709876962006092
,,,44,,,,,,,,,,,,,,,,,,,,,,,,,,,,,148879,0.17166650295257568
,,,44,,,,,,,,,,,,,,,,,,,,,,,,,,,,,148889,0.011115217581391335
,,,44,,,,,,,,,,,,,,,,,,,,,,,,,,,,,148899,0.058330610394477844
,,,44,,,,,,,,,,,,,,,,,,,,,,,,,,,,,148909,0.0042290049605071545
,,,44,,,,,,,,,,,,,,,,,,,,,,,,,,,,,148919,0.005720107350498438
,,,44,,,,,,,,,,,,,,,,,,,,,,,,,,,,,148929,0.010508266277611256
,,,44,,,,,,,,,,,,,,,,,,,,,,,,,,,,,148939,0.4928687512874603
,,,44,,,,,,,,,,,,,,,,,,,,,,,,,,,,,148949,0.0068887933157384396
0.8706563711166382,0.8689787983894348,0.8723404407501221,44,,,,,,,,,,,,,,,,,,,,,,,,,,,,,148950,
,,,,1.7151445977095338e-08,9.60831678279911e-08,1.4782025819690937e-07,1.4782025819690937e-07,2.2741578184139902e-07,2.2741578184139902e-07,3.498704336021523e-07,3.498704336021523e-07,5.382622055417728e-07,5.382622055417728e-07,8.280957008334965e-07,1.7151445977095338e-08,8.280957008334965e-07,1.2739933858976868e-06,1.2739933858976868e-06,1.95998982445798e-06,1.95998982445798e-06,3.0153689607045845e-06,3.0153689607045845e-06,3.0153689607045845e-06,3.0153689607045845e-06,2.6386839964762055e-08,2.6386839964762055e-08,4.059513840732624e-08,4.059513840732624e-08,6.245405908819421e-08,6.245405908819421e-08,9.60831678279911e-08,148951,
,,,45,,,,,,,,,,,,,,,,,,,,,,,,,,,,,148959,0.06484854221343994
,,,45,,,,,,,,,,,,,,,,,,,,,,,,,,,,,148969,0.0074365409091115
,,,45,,,,,,,,,,,,,,,,,,,,,,,,,,,,,148979,1.0842660665512085
,,,45,,,,,,,,,,,,,,,,,,,,,,,,,,,,,148989,0.007870315574109554
,,,45,,,,,,,,,,,,,,,,,,,,,,,,,,,,,148999,0.0764579251408577
,,,45,,,,,,,,,,,,,,,,,,,,,,,,,,,,,149009,0.5818133354187012
,,,45,,,,,,,,,,,,,,,,,,,,,,,,,,,,,149019,0.035843972116708755
,,,45,,,,,,,,,,,,,,,,,,,,,,,,,,,,,149029,0.26098623871803284
,,,45,,,,,,,,,,,,,,,,,,,,,,,,,,,,,149039,0.0884065330028534
,,,45,,,,,,,,,,,,,,,,,,,,,,,,,,,,,149049,0.04570124298334122
,,,45,,,,,,,,,,,,,,,,,,,,,,,,,,,,,149059,0.003441946115344763
,,,45,,,,,,,,,,,,,,,,,,,,,,,,,,,,,149069,0.5491577386856079
,,,45,,,,,,,,,,,,,,,,,,,,,,,,,,,,,149079,0.0050552827306091785
,,,45,,,,,,,,,,,,,,,,,,,,,,,,,,,,,149089,0.014322121627628803
,,,45,,,,,,,,,,,,,,,,,,,,,,,,,,,,,149099,0.13832570612430573
,,,45,,,,,,,,,,,,,,,,,,,,,,,,,,,,,149109,0.06154788285493851
,,,45,,,,,,,,,,,,,,,,,,,,,,,,,,,,,149119,1.2343833446502686
,,,45,,,,,,,,,,,,,,,,,,,,,,,,,,,,,149129,0.02309105545282364
,,,45,,,,,,,,,,,,,,,,,,,,,,,,,,,,,149139,0.004200034774839878
,,,45,,,,,,,,,,,,,,,,,,,,,,,,,,,,,149149,0.013282879255712032
,,,45,,,,,,,,,,,,,,,,,,,,,,,,,,,,,149159,0.0069593340158462524
,,,45,,,,,,,,,,,,,,,,,,,,,,,,,,,,,149169,0.46162477135658264
,,,45,,,,,,,,,,,,,,,,,,,,,,,,,,,,,149179,0.00317638972774148
,,,45,,,,,,,,,,,,,,,,,,,,,,,,,,,,,149189,0.030149824917316437
,,,45,,,,,,,,,,,,,,,,,,,,,,,,,,,,,149199,0.5520738959312439
,,,45,,,,,,,,,,,,,,,,,,,,,,,,,,,,,149209,2.26035475730896
,,,45,,,,,,,,,,,,,,,,,,,,,,,,,,,,,149219,0.0037482737097889185
,,,45,,,,,,,,,,,,,,,,,,,,,,,,,,,,,149229,0.09626509994268417
,,,45,,,,,,,,,,,,,,,,,,,,,,,,,,,,,149239,0.003959780093282461
,,,45,,,,,,,,,,,,,,,,,,,,,,,,,,,,,149249,0.001170378876850009
,,,45,,,,,,,,,,,,,,,,,,,,,,,,,,,,,149259,0.0009953147964552045
,,,45,,,,,,,,,,,,,,,,,,,,,,,,,,,,,149269,0.15261881053447723
,,,45,,,,,,,,,,,,,,,,,,,,,,,,,,,,,149279,0.6719983816146851
,,,45,,,,,,,,,,,,,,,,,,,,,,,,,,,,,149289,0.021380186080932617
,,,45,,,,,,,,,,,,,,,,,,,,,,,,,,,,,149299,0.023810403421521187
,,,45,,,,,,,,,,,,,,,,,,,,,,,,,,,,,149309,0.0057863290421664715
,,,45,,,,,,,,,,,,,,,,,,,,,,,,,,,,,149319,0.09748184680938721
,,,45,,,,,,,,,,,,,,,,,,,,,,,,,,,,,149329,0.1652197539806366
,,,45,,,,,,,,,,,,,,,,,,,,,,,,,,,,,149339,0.1809144765138626
,,,45,,,,,,,,,,,,,,,,,,,,,,,,,,,,,149349,0.004130521789193153
,,,45,,,,,,,,,,,,,,,,,,,,,,,,,,,,,149359,0.04819868877530098
,,,45,,,,,,,,,,,,,,,,,,,,,,,,,,,,,149369,0.01808484084904194
,,,45,,,,,,,,,,,,,,,,,,,,,,,,,,,,,149379,0.1087302714586258
,,,45,,,,,,,,,,,,,,,,,,,,,,,,,,,,,149389,0.252799391746521
,,,45,,,,,,,,,,,,,,,,,,,,,,,,,,,,,149399,0.027017179876565933
,,,45,,,,,,,,,,,,,,,,,,,,,,,,,,,,,149409,0.004172147251665592
,,,45,,,,,,,,,,,,,,,,,,,,,,,,,,,,,149419,0.05230066925287247
,,,45,,,,,,,,,,,,,,,,,,,,,,,,,,,,,149429,0.39669689536094666
,,,45,,,,,,,,,,,,,,,,,,,,,,,,,,,,,149439,0.01673820987343788
,,,45,,,,,,,,,,,,,,,,,,,,,,,,,,,,,149449,0.008210007101297379
,,,45,,,,,,,,,,,,,,,,,,,,,,,,,,,,,149459,0.0687539204955101
,,,45,,,,,,,,,,,,,,,,,,,,,,,,,,,,,149469,0.004659530706703663
,,,45,,,,,,,,,,,,,,,,,,,,,,,,,,,,,149479,0.397787481546402
,,,45,,,,,,,,,,,,,,,,,,,,,,,,,,,,,149489,0.009605539962649345
,,,45,,,,,,,,,,,,,,,,,,,,,,,,,,,,,149499,0.0053662871941924095
,,,45,,,,,,,,,,,,,,,,,,,,,,,,,,,,,149509,0.005447946023195982
,,,45,,,,,,,,,,,,,,,,,,,,,,,,,,,,,149519,0.7844712138175964
,,,45,,,,,,,,,,,,,,,,,,,,,,,,,,,,,149529,0.0035007107071578503
,,,45,,,,,,,,,,,,,,,,,,,,,,,,,,,,,149539,0.012370077893137932
,,,45,,,,,,,,,,,,,,,,,,,,,,,,,,,,,149549,0.001552995410747826
,,,45,,,,,,,,,,,,,,,,,,,,,,,,,,,,,149559,0.005059047602117062
,,,45,,,,,,,,,,,,,,,,,,,,,,,,,,,,,149569,0.00318035576492548
,,,45,,,,,,,,,,,,,,,,,,,,,,,,,,,,,149579,0.10279786586761475
,,,45,,,,,,,,,,,,,,,,,,,,,,,,,,,,,149589,0.0019038176396861672
,,,45,,,,,,,,,,,,,,,,,,,,,,,,,,,,,149599,0.16823281347751617
,,,45,,,,,,,,,,,,,,,,,,,,,,,,,,,,,149609,3.5739846229553223
,,,45,,,,,,,,,,,,,,,,,,,,,,,,,,,,,149619,0.021773671731352806
,,,45,,,,,,,,,,,,,,,,,,,,,,,,,,,,,149629,0.0454237200319767
,,,45,,,,,,,,,,,,,,,,,,,,,,,,,,,,,149639,0.10662577301263809
,,,45,,,,,,,,,,,,,,,,,,,,,,,,,,,,,149649,0.08968223631381989
,,,45,,,,,,,,,,,,,,,,,,,,,,,,,,,,,149659,0.0569261759519577
,,,45,,,,,,,,,,,,,,,,,,,,,,,,,,,,,149669,0.17441651225090027
,,,45,,,,,,,,,,,,,,,,,,,,,,,,,,,,,149679,0.6990823149681091
,,,45,,,,,,,,,,,,,,,,,,,,,,,,,,,,,149689,0.00861038826406002
,,,45,,,,,,,,,,,,,,,,,,,,,,,,,,,,,149699,0.19220732152462006
,,,45,,,,,,,,,,,,,,,,,,,,,,,,,,,,,149709,0.1407848596572876
,,,45,,,,,,,,,,,,,,,,,,,,,,,,,,,,,149719,0.1442631483078003
,,,45,,,,,,,,,,,,,,,,,,,,,,,,,,,,,149729,0.0544368214905262
,,,45,,,,,,,,,,,,,,,,,,,,,,,,,,,,,149739,0.13904403150081635
,,,45,,,,,,,,,,,,,,,,,,,,,,,,,,,,,149749,0.15508626401424408
,,,45,,,,,,,,,,,,,,,,,,,,,,,,,,,,,149759,0.059026483446359634
,,,45,,,,,,,,,,,,,,,,,,,,,,,,,,,,,149769,0.003788658184930682
,,,45,,,,,,,,,,,,,,,,,,,,,,,,,,,,,149779,0.22186963260173798
,,,45,,,,,,,,,,,,,,,,,,,,,,,,,,,,,149789,0.5584196448326111
,,,45,,,,,,,,,,,,,,,,,,,,,,,,,,,,,149799,0.005505271255970001
,,,45,,,,,,,,,,,,,,,,,,,,,,,,,,,,,149809,0.02376386895775795
,,,45,,,,,,,,,,,,,,,,,,,,,,,,,,,,,149819,0.0055538746528327465
,,,45,,,,,,,,,,,,,,,,,,,,,,,,,,,,,149829,0.00425747549161315
,,,45,,,,,,,,,,,,,,,,,,,,,,,,,,,,,149839,0.5490901470184326
,,,45,,,,,,,,,,,,,,,,,,,,,,,,,,,,,149849,0.003988959360867739
,,,45,,,,,,,,,,,,,,,,,,,,,,,,,,,,,149859,0.026428598910570145
,,,45,,,,,,,,,,,,,,,,,,,,,,,,,,,,,149869,0.004985913168638945
,,,45,,,,,,,,,,,,,,,,,,,,,,,,,,,,,149879,0.015230117365717888
,,,45,,,,,,,,,,,,,,,,,,,,,,,,,,,,,149889,0.07052332162857056
,,,45,,,,,,,,,,,,,,,,,,,,,,,,,,,,,149899,0.18860359489917755
,,,45,,,,,,,,,,,,,,,,,,,,,,,,,,,,,149909,0.026896080002188683
,,,45,,,,,,,,,,,,,,,,,,,,,,,,,,,,,149919,0.0023847180418670177
,,,45,,,,,,,,,,,,,,,,,,,,,,,,,,,,,149929,0.5749549865722656
,,,45,,,,,,,,,,,,,,,,,,,,,,,,,,,,,149939,0.609062135219574
,,,45,,,,,,,,,,,,,,,,,,,,,,,,,,,,,149949,0.0025892946869134903
,,,45,,,,,,,,,,,,,,,,,,,,,,,,,,,,,149959,0.012863755226135254
,,,45,,,,,,,,,,,,,,,,,,,,,,,,,,,,,149969,0.004991049412637949
,,,45,,,,,,,,,,,,,,,,,,,,,,,,,,,,,149979,0.0035415494348853827
,,,45,,,,,,,,,,,,,,,,,,,,,,,,,,,,,149989,0.06474149972200394
,,,45,,,,,,,,,,,,,,,,,,,,,,,,,,,,,149999,0.08441317081451416
,,,45,,,,,,,,,,,,,,,,,,,,,,,,,,,,,150009,0.20612405240535736
,,,45,,,,,,,,,,,,,,,,,,,,,,,,,,,,,150019,0.34448426961898804
,,,45,,,,,,,,,,,,,,,,,,,,,,,,,,,,,150029,0.04284914582967758
,,,45,,,,,,,,,,,,,,,,,,,,,,,,,,,,,150039,0.02445394918322563
,,,45,,,,,,,,,,,,,,,,,,,,,,,,,,,,,150049,0.5988840460777283
,,,45,,,,,,,,,,,,,,,,,,,,,,,,,,,,,150059,0.44119372963905334
,,,45,,,,,,,,,,,,,,,,,,,,,,,,,,,,,150069,0.1075461357831955
,,,45,,,,,,,,,,,,,,,,,,,,,,,,,,,,,150079,0.0263423640280962
,,,45,,,,,,,,,,,,,,,,,,,,,,,,,,,,,150089,0.01135830208659172
,,,45,,,,,,,,,,,,,,,,,,,,,,,,,,,,,150099,0.016656290739774704
,,,45,,,,,,,,,,,,,,,,,,,,,,,,,,,,,150109,0.1826888918876648
,,,45,,,,,,,,,,,,,,,,,,,,,,,,,,,,,150119,0.004149721935391426
,,,45,,,,,,,,,,,,,,,,,,,,,,,,,,,,,150129,0.005510672461241484
,,,45,,,,,,,,,,,,,,,,,,,,,,,,,,,,,150139,0.01642654277384281
,,,45,,,,,,,,,,,,,,,,,,,,,,,,,,,,,150149,1.1957191228866577
,,,45,,,,,,,,,,,,,,,,,,,,,,,,,,,,,150159,0.06413087993860245
,,,45,,,,,,,,,,,,,,,,,,,,,,,,,,,,,150169,0.0034540705382823944
,,,45,,,,,,,,,,,,,,,,,,,,,,,,,,,,,150179,0.026387212797999382
,,,45,,,,,,,,,,,,,,,,,,,,,,,,,,,,,150189,0.32413768768310547
,,,45,,,,,,,,,,,,,,,,,,,,,,,,,,,,,150199,0.1734456568956375
,,,45,,,,,,,,,,,,,,,,,,,,,,,,,,,,,150209,0.006690034177154303
,,,45,,,,,,,,,,,,,,,,,,,,,,,,,,,,,150219,0.3710523247718811
,,,45,,,,,,,,,,,,,,,,,,,,,,,,,,,,,150229,0.00789561029523611
,,,45,,,,,,,,,,,,,,,,,,,,,,,,,,,,,150239,0.40024420619010925
,,,45,,,,,,,,,,,,,,,,,,,,,,,,,,,,,150249,0.33556467294692993
,,,45,,,,,,,,,,,,,,,,,,,,,,,,,,,,,150259,0.04800510033965111
,,,45,,,,,,,,,,,,,,,,,,,,,,,,,,,,,150269,0.16741004586219788
,,,45,,,,,,,,,,,,,,,,,,,,,,,,,,,,,150279,0.08372762054204941
,,,45,,,,,,,,,,,,,,,,,,,,,,,,,,,,,150289,0.051966700702905655
,,,45,,,,,,,,,,,,,,,,,,,,,,,,,,,,,150299,0.3935515284538269
,,,45,,,,,,,,,,,,,,,,,,,,,,,,,,,,,150309,0.3810689449310303
,,,45,,,,,,,,,,,,,,,,,,,,,,,,,,,,,150319,0.002363363513723016
,,,45,,,,,,,,,,,,,,,,,,,,,,,,,,,,,150329,0.03909508138895035
,,,45,,,,,,,,,,,,,,,,,,,,,,,,,,,,,150339,0.10217666625976562
,,,45,,,,,,,,,,,,,,,,,,,,,,,,,,,,,150349,0.003082109848037362
,,,45,,,,,,,,,,,,,,,,,,,,,,,,,,,,,150359,0.09848175942897797
,,,45,,,,,,,,,,,,,,,,,,,,,,,,,,,,,150369,0.03854913264513016
,,,45,,,,,,,,,,,,,,,,,,,,,,,,,,,,,150379,0.020431222394108772
,,,45,,,,,,,,,,,,,,,,,,,,,,,,,,,,,150389,1.1411741971969604
,,,45,,,,,,,,,,,,,,,,,,,,,,,,,,,,,150399,0.7228153347969055
,,,45,,,,,,,,,,,,,,,,,,,,,,,,,,,,,150409,0.17210525274276733
,,,45,,,,,,,,,,,,,,,,,,,,,,,,,,,,,150419,0.002704054582864046
,,,45,,,,,,,,,,,,,,,,,,,,,,,,,,,,,150429,0.2624245882034302
,,,45,,,,,,,,,,,,,,,,,,,,,,,,,,,,,150439,0.11416157335042953
,,,45,,,,,,,,,,,,,,,,,,,,,,,,,,,,,150449,0.0024201865307986736
,,,45,,,,,,,,,,,,,,,,,,,,,,,,,,,,,150459,0.008138379082083702
,,,45,,,,,,,,,,,,,,,,,,,,,,,,,,,,,150469,0.031022200360894203
,,,45,,,,,,,,,,,,,,,,,,,,,,,,,,,,,150479,0.016721246764063835
,,,45,,,,,,,,,,,,,,,,,,,,,,,,,,,,,150489,0.021942507475614548
,,,45,,,,,,,,,,,,,,,,,,,,,,,,,,,,,150499,0.004668762441724539
,,,45,,,,,,,,,,,,,,,,,,,,,,,,,,,,,150509,0.0018411768833175302
,,,45,,,,,,,,,,,,,,,,,,,,,,,,,,,,,150519,0.23378491401672363
,,,45,,,,,,,,,,,,,,,,,,,,,,,,,,,,,150529,0.005830015055835247
,,,45,,,,,,,,,,,,,,,,,,,,,,,,,,,,,150539,0.5226600766181946
,,,45,,,,,,,,,,,,,,,,,,,,,,,,,,,,,150549,0.01926034316420555
,,,45,,,,,,,,,,,,,,,,,,,,,,,,,,,,,150559,0.14255601167678833
,,,45,,,,,,,,,,,,,,,,,,,,,,,,,,,,,150569,0.03549366071820259
,,,45,,,,,,,,,,,,,,,,,,,,,,,,,,,,,150579,0.33222854137420654
,,,45,,,,,,,,,,,,,,,,,,,,,,,,,,,,,150589,0.0665949136018753
,,,45,,,,,,,,,,,,,,,,,,,,,,,,,,,,,150599,0.004354581236839294
,,,45,,,,,,,,,,,,,,,,,,,,,,,,,,,,,150609,0.2938232123851776
,,,45,,,,,,,,,,,,,,,,,,,,,,,,,,,,,150619,0.04123040661215782
,,,45,,,,,,,,,,,,,,,,,,,,,,,,,,,,,150629,0.002062649931758642
,,,45,,,,,,,,,,,,,,,,,,,,,,,,,,,,,150639,0.02131752111017704
,,,45,,,,,,,,,,,,,,,,,,,,,,,,,,,,,150649,0.28030088543891907
,,,45,,,,,,,,,,,,,,,,,,,,,,,,,,,,,150659,0.007385079748928547
,,,45,,,,,,,,,,,,,,,,,,,,,,,,,,,,,150669,0.053792499005794525
,,,45,,,,,,,,,,,,,,,,,,,,,,,,,,,,,150679,0.005450759083032608
,,,45,,,,,,,,,,,,,,,,,,,,,,,,,,,,,150689,0.0025963569059967995
,,,45,,,,,,,,,,,,,,,,,,,,,,,,,,,,,150699,0.007629850879311562
,,,45,,,,,,,,,,,,,,,,,,,,,,,,,,,,,150709,0.1238047257065773
,,,45,,,,,,,,,,,,,,,,,,,,,,,,,,,,,150719,0.3898780047893524
,,,45,,,,,,,,,,,,,,,,,,,,,,,,,,,,,150729,0.00358692673034966
,,,45,,,,,,,,,,,,,,,,,,,,,,,,,,,,,150739,0.00861132238060236
,,,45,,,,,,,,,,,,,,,,,,,,,,,,,,,,,150749,0.746049165725708
,,,45,,,,,,,,,,,,,,,,,,,,,,,,,,,,,150759,0.9222762584686279
,,,45,,,,,,,,,,,,,,,,,,,,,,,,,,,,,150769,0.11459033936262131
,,,45,,,,,,,,,,,,,,,,,,,,,,,,,,,,,150779,0.01120135746896267
,,,45,,,,,,,,,,,,,,,,,,,,,,,,,,,,,150789,0.15881145000457764
,,,45,,,,,,,,,,,,,,,,,,,,,,,,,,,,,150799,0.0037717653904110193
,,,45,,,,,,,,,,,,,,,,,,,,,,,,,,,,,150809,1.4342912435531616
,,,45,,,,,,,,,,,,,,,,,,,,,,,,,,,,,150819,0.23212651908397675
,,,45,,,,,,,,,,,,,,,,,,,,,,,,,,,,,150829,0.0990251898765564
,,,45,,,,,,,,,,,,,,,,,,,,,,,,,,,,,150839,0.016638273373246193
,,,45,,,,,,,,,,,,,,,,,,,,,,,,,,,,,150849,0.026538977399468422
,,,45,,,,,,,,,,,,,,,,,,,,,,,,,,,,,150859,0.05704290792346001
,,,45,,,,,,,,,,,,,,,,,,,,,,,,,,,,,150869,0.022071653977036476
,,,45,,,,,,,,,,,,,,,,,,,,,,,,,,,,,150879,0.2135101705789566
,,,45,,,,,,,,,,,,,,,,,,,,,,,,,,,,,150889,0.015811268240213394
,,,45,,,,,,,,,,,,,,,,,,,,,,,,,,,,,150899,0.007120898924767971
,,,45,,,,,,,,,,,,,,,,,,,,,,,,,,,,,150909,0.025739803910255432
,,,45,,,,,,,,,,,,,,,,,,,,,,,,,,,,,150919,0.14205297827720642
,,,45,,,,,,,,,,,,,,,,,,,,,,,,,,,,,150929,0.002180821029469371
,,,45,,,,,,,,,,,,,,,,,,,,,,,,,,,,,150939,0.00548971863463521
,,,45,,,,,,,,,,,,,,,,,,,,,,,,,,,,,150949,0.07043786346912384
,,,45,,,,,,,,,,,,,,,,,,,,,,,,,,,,,150959,0.06581893563270569
,,,45,,,,,,,,,,,,,,,,,,,,,,,,,,,,,150969,0.09643534570932388
,,,45,,,,,,,,,,,,,,,,,,,,,,,,,,,,,150979,0.009360257536172867
,,,45,,,,,,,,,,,,,,,,,,,,,,,,,,,,,150989,0.055622607469558716
,,,45,,,,,,,,,,,,,,,,,,,,,,,,,,,,,150999,0.20981621742248535
,,,45,,,,,,,,,,,,,,,,,,,,,,,,,,,,,151009,0.005071631167083979
,,,45,,,,,,,,,,,,,,,,,,,,,,,,,,,,,151019,0.2767690420150757
,,,45,,,,,,,,,,,,,,,,,,,,,,,,,,,,,151029,0.018785711377859116
,,,45,,,,,,,,,,,,,,,,,,,,,,,,,,,,,151039,0.054965872317552567
,,,45,,,,,,,,,,,,,,,,,,,,,,,,,,,,,151049,0.0636269599199295
,,,45,,,,,,,,,,,,,,,,,,,,,,,,,,,,,151059,0.11854738742113113
,,,45,,,,,,,,,,,,,,,,,,,,,,,,,,,,,151069,1.4540328979492188
,,,45,,,,,,,,,,,,,,,,,,,,,,,,,,,,,151079,0.5173726081848145
,,,45,,,,,,,,,,,,,,,,,,,,,,,,,,,,,151089,0.08532076328992844
,,,45,,,,,,,,,,,,,,,,,,,,,,,,,,,,,151099,0.00436131889000535
,,,45,,,,,,,,,,,,,,,,,,,,,,,,,,,,,151109,0.004874345380812883
,,,45,,,,,,,,,,,,,,,,,,,,,,,,,,,,,151119,0.010470195673406124
,,,45,,,,,,,,,,,,,,,,,,,,,,,,,,,,,151129,0.9687525033950806
,,,45,,,,,,,,,,,,,,,,,,,,,,,,,,,,,151139,0.003857546951621771
,,,45,,,,,,,,,,,,,,,,,,,,,,,,,,,,,151149,0.03040829859673977
,,,45,,,,,,,,,,,,,,,,,,,,,,,,,,,,,151159,0.010197066701948643
,,,45,,,,,,,,,,,,,,,,,,,,,,,,,,,,,151169,0.13742880523204803
,,,45,,,,,,,,,,,,,,,,,,,,,,,,,,,,,151179,0.014612173661589622
,,,45,,,,,,,,,,,,,,,,,,,,,,,,,,,,,151189,0.005986628122627735
,,,45,,,,,,,,,,,,,,,,,,,,,,,,,,,,,151199,0.031122654676437378
,,,45,,,,,,,,,,,,,,,,,,,,,,,,,,,,,151209,0.002939375350251794
,,,45,,,,,,,,,,,,,,,,,,,,,,,,,,,,,151219,0.0031796360854059458
,,,45,,,,,,,,,,,,,,,,,,,,,,,,,,,,,151229,0.15085668861865997
,,,45,,,,,,,,,,,,,,,,,,,,,,,,,,,,,151239,0.06335987895727158
,,,45,,,,,,,,,,,,,,,,,,,,,,,,,,,,,151249,0.013962008990347385
,,,45,,,,,,,,,,,,,,,,,,,,,,,,,,,,,151259,0.00214214320294559
,,,45,,,,,,,,,,,,,,,,,,,,,,,,,,,,,151269,0.0035972967743873596
,,,45,,,,,,,,,,,,,,,,,,,,,,,,,,,,,151279,0.02625761553645134
,,,45,,,,,,,,,,,,,,,,,,,,,,,,,,,,,151289,0.49343737959861755
,,,45,,,,,,,,,,,,,,,,,,,,,,,,,,,,,151299,0.01773393526673317
,,,45,,,,,,,,,,,,,,,,,,,,,,,,,,,,,151309,0.05085684359073639
,,,45,,,,,,,,,,,,,,,,,,,,,,,,,,,,,151319,0.02725140191614628
,,,45,,,,,,,,,,,,,,,,,,,,,,,,,,,,,151329,0.5685089230537415
,,,45,,,,,,,,,,,,,,,,,,,,,,,,,,,,,151339,0.6182507276535034
,,,45,,,,,,,,,,,,,,,,,,,,,,,,,,,,,151349,0.017042215913534164
,,,45,,,,,,,,,,,,,,,,,,,,,,,,,,,,,151359,0.002961682388558984
,,,45,,,,,,,,,,,,,,,,,,,,,,,,,,,,,151369,0.14484697580337524
,,,45,,,,,,,,,,,,,,,,,,,,,,,,,,,,,151379,0.20110054314136505
,,,45,,,,,,,,,,,,,,,,,,,,,,,,,,,,,151389,0.002442495198920369
,,,45,,,,,,,,,,,,,,,,,,,,,,,,,,,,,151399,0.0027473990339785814
,,,45,,,,,,,,,,,,,,,,,,,,,,,,,,,,,151409,0.010534974746406078
,,,45,,,,,,,,,,,,,,,,,,,,,,,,,,,,,151419,0.0019928407855331898
,,,45,,,,,,,,,,,,,,,,,,,,,,,,,,,,,151429,0.09142350405454636
,,,45,,,,,,,,,,,,,,,,,,,,,,,,,,,,,151439,0.004322955384850502
,,,45,,,,,,,,,,,,,,,,,,,,,,,,,,,,,151449,0.03852998465299606
,,,45,,,,,,,,,,,,,,,,,,,,,,,,,,,,,151459,0.0008061720873229206
,,,45,,,,,,,,,,,,,,,,,,,,,,,,,,,,,151469,0.004977616481482983
,,,45,,,,,,,,,,,,,,,,,,,,,,,,,,,,,151479,0.09001537412405014
,,,45,,,,,,,,,,,,,,,,,,,,,,,,,,,,,151489,0.0036178738810122013
,,,45,,,,,,,,,,,,,,,,,,,,,,,,,,,,,151499,0.004194722510874271
,,,45,,,,,,,,,,,,,,,,,,,,,,,,,,,,,151509,0.0031557355541735888
,,,45,,,,,,,,,,,,,,,,,,,,,,,,,,,,,151519,0.014785593375563622
,,,45,,,,,,,,,,,,,,,,,,,,,,,,,,,,,151529,0.06898002326488495
,,,45,,,,,,,,,,,,,,,,,,,,,,,,,,,,,151539,0.011416424997150898
,,,45,,,,,,,,,,,,,,,,,,,,,,,,,,,,,151549,1.3427114486694336
,,,45,,,,,,,,,,,,,,,,,,,,,,,,,,,,,151559,0.002461516996845603
,,,45,,,,,,,,,,,,,,,,,,,,,,,,,,,,,151569,0.4251522421836853
,,,45,,,,,,,,,,,,,,,,,,,,,,,,,,,,,151579,0.02142280712723732
,,,45,,,,,,,,,,,,,,,,,,,,,,,,,,,,,151589,0.0019560339860618114
,,,45,,,,,,,,,,,,,,,,,,,,,,,,,,,,,151599,0.1338990181684494
,,,45,,,,,,,,,,,,,,,,,,,,,,,,,,,,,151609,0.004582401365041733
,,,45,,,,,,,,,,,,,,,,,,,,,,,,,,,,,151619,0.006888215895742178
,,,45,,,,,,,,,,,,,,,,,,,,,,,,,,,,,151629,0.08811171352863312
,,,45,,,,,,,,,,,,,,,,,,,,,,,,,,,,,151639,0.6034191846847534
,,,45,,,,,,,,,,,,,,,,,,,,,,,,,,,,,151649,0.14736227691173553
,,,45,,,,,,,,,,,,,,,,,,,,,,,,,,,,,151659,0.041917551308870316
,,,45,,,,,,,,,,,,,,,,,,,,,,,,,,,,,151669,0.03165019676089287
,,,45,,,,,,,,,,,,,,,,,,,,,,,,,,,,,151679,1.1172746419906616
,,,45,,,,,,,,,,,,,,,,,,,,,,,,,,,,,151689,0.7416561841964722
,,,45,,,,,,,,,,,,,,,,,,,,,,,,,,,,,151699,0.008762451820075512
,,,45,,,,,,,,,,,,,,,,,,,,,,,,,,,,,151709,0.17441827058792114
,,,45,,,,,,,,,,,,,,,,,,,,,,,,,,,,,151719,1.2826147079467773
,,,45,,,,,,,,,,,,,,,,,,,,,,,,,,,,,151729,0.0018452797085046768
,,,45,,,,,,,,,,,,,,,,,,,,,,,,,,,,,151739,0.4524681568145752
,,,45,,,,,,,,,,,,,,,,,,,,,,,,,,,,,151749,0.008989150635898113
,,,45,,,,,,,,,,,,,,,,,,,,,,,,,,,,,151759,0.39764752984046936
,,,45,,,,,,,,,,,,,,,,,,,,,,,,,,,,,151769,0.08435193449258804
,,,45,,,,,,,,,,,,,,,,,,,,,,,,,,,,,151779,0.17719875276088715
,,,45,,,,,,,,,,,,,,,,,,,,,,,,,,,,,151789,0.4252012372016907
,,,45,,,,,,,,,,,,,,,,,,,,,,,,,,,,,151799,0.03954846411943436
,,,45,,,,,,,,,,,,,,,,,,,,,,,,,,,,,151809,0.00547640910372138
,,,45,,,,,,,,,,,,,,,,,,,,,,,,,,,,,151819,0.07725375145673752
,,,45,,,,,,,,,,,,,,,,,,,,,,,,,,,,,151829,0.009795461781322956
,,,45,,,,,,,,,,,,,,,,,,,,,,,,,,,,,151839,0.7516797780990601
,,,45,,,,,,,,,,,,,,,,,,,,,,,,,,,,,151849,0.007999485358595848
,,,45,,,,,,,,,,,,,,,,,,,,,,,,,,,,,151859,0.3496401906013489
,,,45,,,,,,,,,,,,,,,,,,,,,,,,,,,,,151869,0.4112323820590973
,,,45,,,,,,,,,,,,,,,,,,,,,,,,,,,,,151879,0.5738354921340942
,,,45,,,,,,,,,,,,,,,,,,,,,,,,,,,,,151889,0.13635621964931488
,,,45,,,,,,,,,,,,,,,,,,,,,,,,,,,,,151899,0.005996161140501499
,,,45,,,,,,,,,,,,,,,,,,,,,,,,,,,,,151909,0.09712009876966476
,,,45,,,,,,,,,,,,,,,,,,,,,,,,,,,,,151919,0.12340351939201355
,,,45,,,,,,,,,,,,,,,,,,,,,,,,,,,,,151929,0.08645305782556534
,,,45,,,,,,,,,,,,,,,,,,,,,,,,,,,,,151939,0.17728352546691895
,,,45,,,,,,,,,,,,,,,,,,,,,,,,,,,,,151949,0.14723831415176392
,,,45,,,,,,,,,,,,,,,,,,,,,,,,,,,,,151959,0.0062162973918020725
,,,45,,,,,,,,,,,,,,,,,,,,,,,,,,,,,151969,0.18686571717262268
,,,45,,,,,,,,,,,,,,,,,,,,,,,,,,,,,151979,0.05773982033133507
,,,45,,,,,,,,,,,,,,,,,,,,,,,,,,,,,151989,0.29821714758872986
,,,45,,,,,,,,,,,,,,,,,,,,,,,,,,,,,151999,0.5572234988212585
,,,45,,,,,,,,,,,,,,,,,,,,,,,,,,,,,152009,0.049801040440797806
,,,45,,,,,,,,,,,,,,,,,,,,,,,,,,,,,152019,0.6091209053993225
,,,45,,,,,,,,,,,,,,,,,,,,,,,,,,,,,152029,0.5506518483161926
,,,45,,,,,,,,,,,,,,,,,,,,,,,,,,,,,152039,0.19642414152622223
,,,45,,,,,,,,,,,,,,,,,,,,,,,,,,,,,152049,0.06398789584636688
,,,45,,,,,,,,,,,,,,,,,,,,,,,,,,,,,152059,0.02858802117407322
,,,45,,,,,,,,,,,,,,,,,,,,,,,,,,,,,152069,0.0054079098626971245
,,,45,,,,,,,,,,,,,,,,,,,,,,,,,,,,,152079,0.0716172605752945
,,,45,,,,,,,,,,,,,,,,,,,,,,,,,,,,,152089,0.2114255279302597
,,,45,,,,,,,,,,,,,,,,,,,,,,,,,,,,,152099,0.6330190300941467
,,,45,,,,,,,,,,,,,,,,,,,,,,,,,,,,,152109,0.01595822162926197
,,,45,,,,,,,,,,,,,,,,,,,,,,,,,,,,,152119,0.019247358664870262
,,,45,,,,,,,,,,,,,,,,,,,,,,,,,,,,,152129,0.041696518659591675
,,,45,,,,,,,,,,,,,,,,,,,,,,,,,,,,,152139,0.004477257374674082
,,,45,,,,,,,,,,,,,,,,,,,,,,,,,,,,,152149,0.010048520751297474
,,,45,,,,,,,,,,,,,,,,,,,,,,,,,,,,,152159,0.09355413168668747
,,,45,,,,,,,,,,,,,,,,,,,,,,,,,,,,,152169,0.0038957649376243353
,,,45,,,,,,,,,,,,,,,,,,,,,,,,,,,,,152179,0.008147486485540867
,,,45,,,,,,,,,,,,,,,,,,,,,,,,,,,,,152189,0.7687522768974304
,,,45,,,,,,,,,,,,,,,,,,,,,,,,,,,,,152199,0.08555346727371216
,,,45,,,,,,,,,,,,,,,,,,,,,,,,,,,,,152209,0.020460765808820724
,,,45,,,,,,,,,,,,,,,,,,,,,,,,,,,,,152219,0.004025345668196678
,,,45,,,,,,,,,,,,,,,,,,,,,,,,,,,,,152229,0.43219316005706787
,,,45,,,,,,,,,,,,,,,,,,,,,,,,,,,,,152239,0.00442635640501976
,,,45,,,,,,,,,,,,,,,,,,,,,,,,,,,,,152249,0.004798526875674725
,,,45,,,,,,,,,,,,,,,,,,,,,,,,,,,,,152259,0.009346687234938145
,,,,1.1017191229609355e-08,6.17187982471726e-08,9.495199730334245e-08,9.495199730334245e-08,1.4607999585129607e-07,1.4607999585129607e-07,2.2473845515584008e-07,2.2473845515584008e-07,3.457514694705232e-07,3.457514694705232e-07,5.319253376469587e-07,1.1017191229609355e-08,5.319253376469587e-07,8.183466733030134e-07,8.183466733030134e-07,1.258994882004636e-06,1.258994882004636e-06,1.9369152030840556e-06,1.9369152030840556e-06,1.9369152030840556e-06,1.9369152030840556e-06,1.6949524968629775e-08,1.6949524968629775e-08,2.6076192259430422e-08,2.6076192259430422e-08,4.011721886066219e-08,4.011721886066219e-08,6.17187982471726e-08,152261,
,,,46,,,,,,,,,,,,,,,,,,,,,,,,,,,,,152269,0.06159447506070137
,,,46,,,,,,,,,,,,,,,,,,,,,,,,,,,,,152279,0.027301179245114326
,,,46,,,,,,,,,,,,,,,,,,,,,,,,,,,,,152289,0.056133463978767395
,,,46,,,,,,,,,,,,,,,,,,,,,,,,,,,,,152299,0.009384304285049438
,,,46,,,,,,,,,,,,,,,,,,,,,,,,,,,,,152309,0.13299889862537384
,,,46,,,,,,,,,,,,,,,,,,,,,,,,,,,,,152319,0.11866309493780136
,,,46,,,,,,,,,,,,,,,,,,,,,,,,,,,,,152329,0.0198228619992733
,,,46,,,,,,,,,,,,,,,,,,,,,,,,,,,,,152339,0.0034272358752787113
,,,46,,,,,,,,,,,,,,,,,,,,,,,,,,,,,152349,0.002639059443026781
,,,46,,,,,,,,,,,,,,,,,,,,,,,,,,,,,152359,0.4956955313682556
,,,46,,,,,,,,,,,,,,,,,,,,,,,,,,,,,152369,0.3260825574398041
,,,46,,,,,,,,,,,,,,,,,,,,,,,,,,,,,152379,0.12246672064065933
,,,46,,,,,,,,,,,,,,,,,,,,,,,,,,,,,152389,0.1640886813402176
,,,46,,,,,,,,,,,,,,,,,,,,,,,,,,,,,152399,0.00299092847853899
,,,46,,,,,,,,,,,,,,,,,,,,,,,,,,,,,152409,0.0025045108050107956
,,,46,,,,,,,,,,,,,,,,,,,,,,,,,,,,,152419,0.020277421921491623
,,,46,,,,,,,,,,,,,,,,,,,,,,,,,,,,,152429,0.016896799206733704
,,,46,,,,,,,,,,,,,,,,,,,,,,,,,,,,,152439,0.39519935846328735
,,,46,,,,,,,,,,,,,,,,,,,,,,,,,,,,,152449,0.031176673248410225
,,,46,,,,,,,,,,,,,,,,,,,,,,,,,,,,,152459,0.007940919138491154
,,,46,,,,,,,,,,,,,,,,,,,,,,,,,,,,,152469,0.1524222046136856
,,,46,,,,,,,,,,,,,,,,,,,,,,,,,,,,,152479,0.0981142669916153
,,,46,,,,,,,,,,,,,,,,,,,,,,,,,,,,,152489,0.22546148300170898
,,,46,,,,,,,,,,,,,,,,,,,,,,,,,,,,,152499,0.003604230238124728
,,,46,,,,,,,,,,,,,,,,,,,,,,,,,,,,,152509,0.00592548493295908
,,,46,,,,,,,,,,,,,,,,,,,,,,,,,,,,,152519,0.014364318922162056
,,,46,,,,,,,,,,,,,,,,,,,,,,,,,,,,,152529,0.18083404004573822
,,,46,,,,,,,,,,,,,,,,,,,,,,,,,,,,,152539,0.0041566044092178345
,,,46,,,,,,,,,,,,,,,,,,,,,,,,,,,,,152549,0.0023273469414561987
,,,46,,,,,,,,,,,,,,,,,,,,,,,,,,,,,152559,0.01692046783864498
,,,46,,,,,,,,,,,,,,,,,,,,,,,,,,,,,152569,0.2368980199098587
,,,46,,,,,,,,,,,,,,,,,,,,,,,,,,,,,152579,0.28516751527786255
,,,46,,,,,,,,,,,,,,,,,,,,,,,,,,,,,152589,0.43148353695869446
,,,46,,,,,,,,,,,,,,,,,,,,,,,,,,,,,152599,0.009412704966962337
,,,46,,,,,,,,,,,,,,,,,,,,,,,,,,,,,152609,0.004725949838757515
,,,46,,,,,,,,,,,,,,,,,,,,,,,,,,,,,152619,0.028655679896473885
,,,46,,,,,,,,,,,,,,,,,,,,,,,,,,,,,152629,0.3890739381313324
,,,46,,,,,,,,,,,,,,,,,,,,,,,,,,,,,152639,0.004979845602065325
,,,46,,,,,,,,,,,,,,,,,,,,,,,,,,,,,152649,0.2028651088476181
,,,46,,,,,,,,,,,,,,,,,,,,,,,,,,,,,152659,0.010084196925163269
,,,46,,,,,,,,,,,,,,,,,,,,,,,,,,,,,152669,0.010059320367872715
,,,46,,,,,,,,,,,,,,,,,,,,,,,,,,,,,152679,0.007128067314624786
,,,46,,,,,,,,,,,,,,,,,,,,,,,,,,,,,152689,0.018751731142401695
,,,46,,,,,,,,,,,,,,,,,,,,,,,,,,,,,152699,0.6252824664115906
,,,46,,,,,,,,,,,,,,,,,,,,,,,,,,,,,152709,0.013084462843835354
,,,46,,,,,,,,,,,,,,,,,,,,,,,,,,,,,152719,0.057095084339380264
,,,46,,,,,,,,,,,,,,,,,,,,,,,,,,,,,152729,0.024970684200525284
,,,46,,,,,,,,,,,,,,,,,,,,,,,,,,,,,152739,0.24790377914905548
,,,46,,,,,,,,,,,,,,,,,,,,,,,,,,,,,152749,0.0024394202046096325
,,,46,,,,,,,,,,,,,,,,,,,,,,,,,,,,,152759,0.3008075952529907
,,,46,,,,,,,,,,,,,,,,,,,,,,,,,,,,,152769,0.028119686990976334
,,,46,,,,,,,,,,,,,,,,,,,,,,,,,,,,,152779,0.20799203217029572
,,,46,,,,,,,,,,,,,,,,,,,,,,,,,,,,,152789,0.13730482757091522
,,,46,,,,,,,,,,,,,,,,,,,,,,,,,,,,,152799,0.010891965590417385
,,,46,,,,,,,,,,,,,,,,,,,,,,,,,,,,,152809,0.00983268953859806
,,,46,,,,,,,,,,,,,,,,,,,,,,,,,,,,,152819,0.0790628120303154
,,,46,,,,,,,,,,,,,,,,,,,,,,,,,,,,,152829,0.009537484496831894
,,,46,,,,,,,,,,,,,,,,,,,,,,,,,,,,,152839,0.039096977561712265
,,,46,,,,,,,,,,,,,,,,,,,,,,,,,,,,,152849,0.0060932147316634655
,,,46,,,,,,,,,,,,,,,,,,,,,,,,,,,,,152859,0.09383793920278549
,,,46,,,,,,,,,,,,,,,,,,,,,,,,,,,,,152869,0.024273306131362915
,,,46,,,,,,,,,,,,,,,,,,,,,,,,,,,,,152879,0.005914762150496244
,,,46,,,,,,,,,,,,,,,,,,,,,,,,,,,,,152889,0.34560680389404297
,,,46,,,,,,,,,,,,,,,,,,,,,,,,,,,,,152899,0.1774783581495285
,,,46,,,,,,,,,,,,,,,,,,,,,,,,,,,,,152909,0.8484184741973877
,,,46,,,,,,,,,,,,,,,,,,,,,,,,,,,,,152919,0.06598138809204102
,,,46,,,,,,,,,,,,,,,,,,,,,,,,,,,,,152929,0.06838464736938477
,,,46,,,,,,,,,,,,,,,,,,,,,,,,,,,,,152939,0.00480874115601182
,,,46,,,,,,,,,,,,,,,,,,,,,,,,,,,,,152949,0.005434516817331314
,,,46,,,,,,,,,,,,,,,,,,,,,,,,,,,,,152959,0.007245803717523813
,,,46,,,,,,,,,,,,,,,,,,,,,,,,,,,,,152969,0.03429097309708595
,,,46,,,,,,,,,,,,,,,,,,,,,,,,,,,,,152979,0.0032491169404238462
,,,46,,,,,,,,,,,,,,,,,,,,,,,,,,,,,152989,0.008437905460596085
,,,46,,,,,,,,,,,,,,,,,,,,,,,,,,,,,152999,0.22279305756092072
,,,46,,,,,,,,,,,,,,,,,,,,,,,,,,,,,153009,0.02319912612438202
,,,46,,,,,,,,,,,,,,,,,,,,,,,,,,,,,153019,0.5088575482368469
,,,46,,,,,,,,,,,,,,,,,,,,,,,,,,,,,153029,0.5065436959266663
,,,46,,,,,,,,,,,,,,,,,,,,,,,,,,,,,153039,0.003970185294747353
,,,46,,,,,,,,,,,,,,,,,,,,,,,,,,,,,153049,0.4276304244995117
,,,46,,,,,,,,,,,,,,,,,,,,,,,,,,,,,153059,0.5464732050895691
,,,46,,,,,,,,,,,,,,,,,,,,,,,,,,,,,153069,0.003711744211614132
,,,46,,,,,,,,,,,,,,,,,,,,,,,,,,,,,153079,0.016788220033049583
,,,46,,,,,,,,,,,,,,,,,,,,,,,,,,,,,153089,0.0167714711278677
,,,46,,,,,,,,,,,,,,,,,,,,,,,,,,,,,153099,0.004248562268912792
,,,46,,,,,,,,,,,,,,,,,,,,,,,,,,,,,153109,0.005562490317970514
,,,46,,,,,,,,,,,,,,,,,,,,,,,,,,,,,153119,0.041476231068372726
,,,46,,,,,,,,,,,,,,,,,,,,,,,,,,,,,153129,0.03949505835771561
,,,46,,,,,,,,,,,,,,,,,,,,,,,,,,,,,153139,0.07434900850057602
,,,46,,,,,,,,,,,,,,,,,,,,,,,,,,,,,153149,0.055722951889038086
,,,46,,,,,,,,,,,,,,,,,,,,,,,,,,,,,153159,0.004339061211794615
,,,46,,,,,,,,,,,,,,,,,,,,,,,,,,,,,153169,0.014433060772716999
,,,46,,,,,,,,,,,,,,,,,,,,,,,,,,,,,153179,0.007445742841809988
,,,46,,,,,,,,,,,,,,,,,,,,,,,,,,,,,153189,0.5122687220573425
,,,46,,,,,,,,,,,,,,,,,,,,,,,,,,,,,153199,0.07325480878353119
,,,46,,,,,,,,,,,,,,,,,,,,,,,,,,,,,153209,0.016975335776805878
,,,46,,,,,,,,,,,,,,,,,,,,,,,,,,,,,153219,0.7155932188034058
,,,46,,,,,,,,,,,,,,,,,,,,,,,,,,,,,153229,0.0531470812857151
,,,46,,,,,,,,,,,,,,,,,,,,,,,,,,,,,153239,0.6669555306434631
,,,46,,,,,,,,,,,,,,,,,,,,,,,,,,,,,153249,0.03752020746469498
,,,46,,,,,,,,,,,,,,,,,,,,,,,,,,,,,153259,0.1148468479514122
,,,46,,,,,,,,,,,,,,,,,,,,,,,,,,,,,153269,0.033488623797893524
,,,46,,,,,,,,,,,,,,,,,,,,,,,,,,,,,153279,0.4379590153694153
,,,46,,,,,,,,,,,,,,,,,,,,,,,,,,,,,153289,0.005140240304172039
,,,46,,,,,,,,,,,,,,,,,,,,,,,,,,,,,153299,0.17205552756786346
,,,46,,,,,,,,,,,,,,,,,,,,,,,,,,,,,153309,0.03040422685444355
,,,46,,,,,,,,,,,,,,,,,,,,,,,,,,,,,153319,0.002560489811003208
,,,46,,,,,,,,,,,,,,,,,,,,,,,,,,,,,153329,0.45091262459754944
,,,46,,,,,,,,,,,,,,,,,,,,,,,,,,,,,153339,0.015279359184205532
,,,46,,,,,,,,,,,,,,,,,,,,,,,,,,,,,153349,0.0075222402811050415
,,,46,,,,,,,,,,,,,,,,,,,,,,,,,,,,,153359,0.2190818041563034
,,,46,,,,,,,,,,,,,,,,,,,,,,,,,,,,,153369,0.4594246447086334
,,,46,,,,,,,,,,,,,,,,,,,,,,,,,,,,,153379,0.06038958579301834
,,,46,,,,,,,,,,,,,,,,,,,,,,,,,,,,,153389,0.5215535759925842
,,,46,,,,,,,,,,,,,,,,,,,,,,,,,,,,,153399,0.09905946999788284
,,,46,,,,,,,,,,,,,,,,,,,,,,,,,,,,,153409,0.004964594263583422
,,,46,,,,,,,,,,,,,,,,,,,,,,,,,,,,,153419,0.004123722668737173
,,,46,,,,,,,,,,,,,,,,,,,,,,,,,,,,,153429,0.008099324069917202
,,,46,,,,,,,,,,,,,,,,,,,,,,,,,,,,,153439,0.22121305763721466
,,,46,,,,,,,,,,,,,,,,,,,,,,,,,,,,,153449,0.013375973328948021
,,,46,,,,,,,,,,,,,,,,,,,,,,,,,,,,,153459,0.0123126320540905
,,,46,,,,,,,,,,,,,,,,,,,,,,,,,,,,,153469,0.014929619617760181
,,,46,,,,,,,,,,,,,,,,,,,,,,,,,,,,,153479,0.15130965411663055
,,,46,,,,,,,,,,,,,,,,,,,,,,,,,,,,,153489,0.16262954473495483
,,,46,,,,,,,,,,,,,,,,,,,,,,,,,,,,,153499,0.007214432582259178
,,,46,,,,,,,,,,,,,,,,,,,,,,,,,,,,,153509,0.6207149028778076
,,,46,,,,,,,,,,,,,,,,,,,,,,,,,,,,,153519,0.5038816928863525
,,,46,,,,,,,,,,,,,,,,,,,,,,,,,,,,,153529,0.04342339187860489
,,,46,,,,,,,,,,,,,,,,,,,,,,,,,,,,,153539,0.020468421280384064
,,,46,,,,,,,,,,,,,,,,,,,,,,,,,,,,,153549,0.5114119648933411
,,,46,,,,,,,,,,,,,,,,,,,,,,,,,,,,,153559,0.002001208486035466
,,,46,,,,,,,,,,,,,,,,,,,,,,,,,,,,,153569,0.4020988941192627
,,,46,,,,,,,,,,,,,,,,,,,,,,,,,,,,,153579,0.004158136900514364
,,,46,,,,,,,,,,,,,,,,,,,,,,,,,,,,,153589,0.01991388201713562
,,,46,,,,,,,,,,,,,,,,,,,,,,,,,,,,,153599,0.21516361832618713
,,,46,,,,,,,,,,,,,,,,,,,,,,,,,,,,,153609,0.08743837475776672
,,,46,,,,,,,,,,,,,,,,,,,,,,,,,,,,,153619,0.45828625559806824
,,,46,,,,,,,,,,,,,,,,,,,,,,,,,,,,,153629,0.20229914784431458
,,,46,,,,,,,,,,,,,,,,,,,,,,,,,,,,,153639,0.17333944141864777
,,,46,,,,,,,,,,,,,,,,,,,,,,,,,,,,,153649,0.00850532203912735
,,,46,,,,,,,,,,,,,,,,,,,,,,,,,,,,,153659,0.08730678260326385
,,,46,,,,,,,,,,,,,,,,,,,,,,,,,,,,,153669,0.006273025181144476
,,,46,,,,,,,,,,,,,,,,,,,,,,,,,,,,,153679,0.07697097212076187
,,,46,,,,,,,,,,,,,,,,,,,,,,,,,,,,,153689,0.4822906255722046
,,,46,,,,,,,,,,,,,,,,,,,,,,,,,,,,,153699,0.0063387006521224976
,,,46,,,,,,,,,,,,,,,,,,,,,,,,,,,,,153709,0.0869942456483841
,,,46,,,,,,,,,,,,,,,,,,,,,,,,,,,,,153719,0.2714374363422394
,,,46,,,,,,,,,,,,,,,,,,,,,,,,,,,,,153729,0.022566556930541992
,,,46,,,,,,,,,,,,,,,,,,,,,,,,,,,,,153739,0.0515117309987545
,,,46,,,,,,,,,,,,,,,,,,,,,,,,,,,,,153749,0.01955571398139
,,,46,,,,,,,,,,,,,,,,,,,,,,,,,,,,,153759,0.007345729973167181
,,,46,,,,,,,,,,,,,,,,,,,,,,,,,,,,,153769,0.21522773802280426
,,,46,,,,,,,,,,,,,,,,,,,,,,,,,,,,,153779,0.2914124131202698
,,,46,,,,,,,,,,,,,,,,,,,,,,,,,,,,,153789,0.31718340516090393
,,,46,,,,,,,,,,,,,,,,,,,,,,,,,,,,,153799,0.32060015201568604
,,,46,,,,,,,,,,,,,,,,,,,,,,,,,,,,,153809,0.1300094723701477
,,,46,,,,,,,,,,,,,,,,,,,,,,,,,,,,,153819,0.002992254216223955
,,,46,,,,,,,,,,,,,,,,,,,,,,,,,,,,,153829,0.006199285853654146
,,,46,,,,,,,,,,,,,,,,,,,,,,,,,,,,,153839,0.2424623817205429
,,,46,,,,,,,,,,,,,,,,,,,,,,,,,,,,,153849,0.08223873376846313
,,,46,,,,,,,,,,,,,,,,,,,,,,,,,,,,,153859,0.21554739773273468
,,,46,,,,,,,,,,,,,,,,,,,,,,,,,,,,,153869,0.0037594817113131285
,,,46,,,,,,,,,,,,,,,,,,,,,,,,,,,,,153879,0.7370665073394775
,,,46,,,,,,,,,,,,,,,,,,,,,,,,,,,,,153889,0.00513294106349349
,,,46,,,,,,,,,,,,,,,,,,,,,,,,,,,,,153899,0.0014480137033388019
,,,46,,,,,,,,,,,,,,,,,,,,,,,,,,,,,153909,0.0032594066578894854
,,,46,,,,,,,,,,,,,,,,,,,,,,,,,,,,,153919,0.0732022225856781
,,,46,,,,,,,,,,,,,,,,,,,,,,,,,,,,,153929,0.005457491613924503
,,,46,,,,,,,,,,,,,,,,,,,,,,,,,,,,,153939,0.047764506191015244
,,,46,,,,,,,,,,,,,,,,,,,,,,,,,,,,,153949,0.0664658471941948
,,,46,,,,,,,,,,,,,,,,,,,,,,,,,,,,,153959,0.13261783123016357
,,,46,,,,,,,,,,,,,,,,,,,,,,,,,,,,,153969,0.0016573163447901607
,,,46,,,,,,,,,,,,,,,,,,,,,,,,,,,,,153979,0.06162610277533531
,,,46,,,,,,,,,,,,,,,,,,,,,,,,,,,,,153989,0.2964212894439697
,,,46,,,,,,,,,,,,,,,,,,,,,,,,,,,,,153999,0.09421222656965256
,,,46,,,,,,,,,,,,,,,,,,,,,,,,,,,,,154009,0.1701371967792511
,,,46,,,,,,,,,,,,,,,,,,,,,,,,,,,,,154019,0.08068724721670151
,,,46,,,,,,,,,,,,,,,,,,,,,,,,,,,,,154029,0.005384256597608328
,,,46,,,,,,,,,,,,,,,,,,,,,,,,,,,,,154039,0.008006863296031952
,,,46,,,,,,,,,,,,,,,,,,,,,,,,,,,,,154049,0.1300501525402069
,,,46,,,,,,,,,,,,,,,,,,,,,,,,,,,,,154059,0.0023153203073889017
,,,46,,,,,,,,,,,,,,,,,,,,,,,,,,,,,154069,0.09242424368858337
,,,46,,,,,,,,,,,,,,,,,,,,,,,,,,,,,154079,0.015694022178649902
,,,46,,,,,,,,,,,,,,,,,,,,,,,,,,,,,154089,0.023958299309015274
,,,46,,,,,,,,,,,,,,,,,,,,,,,,,,,,,154099,0.19433580338954926
,,,46,,,,,,,,,,,,,,,,,,,,,,,,,,,,,154109,0.003521406790241599
,,,46,,,,,,,,,,,,,,,,,,,,,,,,,,,,,154119,0.36558759212493896
,,,46,,,,,,,,,,,,,,,,,,,,,,,,,,,,,154129,0.2547900974750519
,,,46,,,,,,,,,,,,,,,,,,,,,,,,,,,,,154139,0.686714231967926
,,,46,,,,,,,,,,,,,,,,,,,,,,,,,,,,,154149,0.4513940215110779
,,,46,,,,,,,,,,,,,,,,,,,,,,,,,,,,,154159,0.13080909848213196
,,,46,,,,,,,,,,,,,,,,,,,,,,,,,,,,,154169,0.25028276443481445
,,,46,,,,,,,,,,,,,,,,,,,,,,,,,,,,,154179,0.007527827750891447
,,,46,,,,,,,,,,,,,,,,,,,,,,,,,,,,,154189,0.005131423473358154
,,,46,,,,,,,,,,,,,,,,,,,,,,,,,,,,,154199,0.014856738038361073
,,,46,,,,,,,,,,,,,,,,,,,,,,,,,,,,,154209,0.003489034017547965
,,,46,,,,,,,,,,,,,,,,,,,,,,,,,,,,,154219,0.005452124867588282
,,,46,,,,,,,,,,,,,,,,,,,,,,,,,,,,,154229,0.09182902425527573
,,,46,,,,,,,,,,,,,,,,,,,,,,,,,,,,,154239,0.003518888261169195
,,,46,,,,,,,,,,,,,,,,,,,,,,,,,,,,,154249,0.1589636653661728
,,,46,,,,,,,,,,,,,,,,,,,,,,,,,,,,,154259,0.014115607365965843
,,,46,,,,,,,,,,,,,,,,,,,,,,,,,,,,,154269,0.7051424980163574
,,,46,,,,,,,,,,,,,,,,,,,,,,,,,,,,,154279,0.08649107813835144
,,,46,,,,,,,,,,,,,,,,,,,,,,,,,,,,,154289,0.05625438690185547
,,,46,,,,,,,,,,,,,,,,,,,,,,,,,,,,,154299,0.000991125707514584
,,,46,,,,,,,,,,,,,,,,,,,,,,,,,,,,,154309,0.3978443145751953
,,,46,,,,,,,,,,,,,,,,,,,,,,,,,,,,,154319,0.773630678653717
,,,46,,,,,,,,,,,,,,,,,,,,,,,,,,,,,154329,0.008665145374834538
,,,46,,,,,,,,,,,,,,,,,,,,,,,,,,,,,154339,0.12801261246204376
,,,46,,,,,,,,,,,,,,,,,,,,,,,,,,,,,154349,0.2781350910663605
,,,46,,,,,,,,,,,,,,,,,,,,,,,,,,,,,154359,0.01223326288163662
,,,46,,,,,,,,,,,,,,,,,,,,,,,,,,,,,154369,0.020619092509150505
,,,46,,,,,,,,,,,,,,,,,,,,,,,,,,,,,154379,0.7455500960350037
,,,46,,,,,,,,,,,,,,,,,,,,,,,,,,,,,154389,0.01173801627010107
,,,46,,,,,,,,,,,,,,,,,,,,,,,,,,,,,154399,0.004766351077705622
,,,46,,,,,,,,,,,,,,,,,,,,,,,,,,,,,154409,0.038269128650426865
,,,46,,,,,,,,,,,,,,,,,,,,,,,,,,,,,154419,0.0041728937067091465
,,,46,,,,,,,,,,,,,,,,,,,,,,,,,,,,,154429,0.01845504157245159
,,,46,,,,,,,,,,,,,,,,,,,,,,,,,,,,,154439,0.002936050994321704
,,,46,,,,,,,,,,,,,,,,,,,,,,,,,,,,,154449,0.003997540567070246
,,,46,,,,,,,,,,,,,,,,,,,,,,,,,,,,,154459,0.015073797665536404
,,,46,,,,,,,,,,,,,,,,,,,,,,,,,,,,,154469,0.00377282639965415
,,,46,,,,,,,,,,,,,,,,,,,,,,,,,,,,,154479,0.07132416218519211
,,,46,,,,,,,,,,,,,,,,,,,,,,,,,,,,,154489,0.1735232174396515
,,,46,,,,,,,,,,,,,,,,,,,,,,,,,,,,,154499,0.0808037519454956
,,,46,,,,,,,,,,,,,,,,,,,,,,,,,,,,,154509,0.014390747994184494
,,,46,,,,,,,,,,,,,,,,,,,,,,,,,,,,,154519,0.0184134803712368
,,,46,,,,,,,,,,,,,,,,,,,,,,,,,,,,,154529,0.01988876983523369
,,,46,,,,,,,,,,,,,,,,,,,,,,,,,,,,,154539,0.0014323336072266102
,,,46,,,,,,,,,,,,,,,,,,,,,,,,,,,,,154549,0.28115323185920715
,,,46,,,,,,,,,,,,,,,,,,,,,,,,,,,,,154559,0.004520298447459936
,,,46,,,,,,,,,,,,,,,,,,,,,,,,,,,,,154569,0.01627148501574993
,,,46,,,,,,,,,,,,,,,,,,,,,,,,,,,,,154579,0.04374681040644646
,,,46,,,,,,,,,,,,,,,,,,,,,,,,,,,,,154589,0.13762067258358002
,,,46,,,,,,,,,,,,,,,,,,,,,,,,,,,,,154599,0.02273772470653057
,,,46,,,,,,,,,,,,,,,,,,,,,,,,,,,,,154609,0.07526542991399765
,,,46,,,,,,,,,,,,,,,,,,,,,,,,,,,,,154619,0.006627817638218403
,,,46,,,,,,,,,,,,,,,,,,,,,,,,,,,,,154629,0.01197105273604393
,,,46,,,,,,,,,,,,,,,,,,,,,,,,,,,,,154639,0.35804539918899536
,,,46,,,,,,,,,,,,,,,,,,,,,,,,,,,,,154649,0.07188383489847183
,,,46,,,,,,,,,,,,,,,,,,,,,,,,,,,,,154659,0.025596825405955315
,,,46,,,,,,,,,,,,,,,,,,,,,,,,,,,,,154669,0.06531823426485062
,,,46,,,,,,,,,,,,,,,,,,,,,,,,,,,,,154679,0.010150094516575336
,,,46,,,,,,,,,,,,,,,,,,,,,,,,,,,,,154689,0.005853240843862295
,,,46,,,,,,,,,,,,,,,,,,,,,,,,,,,,,154699,0.1441231369972229
,,,46,,,,,,,,,,,,,,,,,,,,,,,,,,,,,154709,0.010160586796700954
,,,46,,,,,,,,,,,,,,,,,,,,,,,,,,,,,154719,0.004998965188860893
,,,46,,,,,,,,,,,,,,,,,,,,,,,,,,,,,154729,0.11564227193593979
,,,46,,,,,,,,,,,,,,,,,,,,,,,,,,,,,154739,0.0020225278567522764
,,,46,,,,,,,,,,,,,,,,,,,,,,,,,,,,,154749,0.07437709718942642
,,,46,,,,,,,,,,,,,,,,,,,,,,,,,,,,,154759,0.44176608324050903
,,,46,,,,,,,,,,,,,,,,,,,,,,,,,,,,,154769,0.10516195744276047
,,,46,,,,,,,,,,,,,,,,,,,,,,,,,,,,,154779,0.011658788658678532
,,,46,,,,,,,,,,,,,,,,,,,,,,,,,,,,,154789,0.17096109688282013
,,,46,,,,,,,,,,,,,,,,,,,,,,,,,,,,,154799,0.003242243081331253
,,,46,,,,,,,,,,,,,,,,,,,,,,,,,,,,,154809,0.1729201376438141
,,,46,,,,,,,,,,,,,,,,,,,,,,,,,,,,,154819,0.004572122357785702
,,,46,,,,,,,,,,,,,,,,,,,,,,,,,,,,,154829,0.026646720245480537
,,,46,,,,,,,,,,,,,,,,,,,,,,,,,,,,,154839,0.03497146815061569
,,,46,,,,,,,,,,,,,,,,,,,,,,,,,,,,,154849,0.016311276704072952
,,,46,,,,,,,,,,,,,,,,,,,,,,,,,,,,,154859,0.04755229502916336
,,,46,,,,,,,,,,,,,,,,,,,,,,,,,,,,,154869,0.002523935167118907
,,,46,,,,,,,,,,,,,,,,,,,,,,,,,,,,,154879,0.2568214237689972
,,,46,,,,,,,,,,,,,,,,,,,,,,,,,,,,,154889,0.052549008280038834
,,,46,,,,,,,,,,,,,,,,,,,,,,,,,,,,,154899,0.062104471027851105
,,,46,,,,,,,,,,,,,,,,,,,,,,,,,,,,,154909,0.021814005449414253
,,,46,,,,,,,,,,,,,,,,,,,,,,,,,,,,,154919,0.011193464510142803
,,,46,,,,,,,,,,,,,,,,,,,,,,,,,,,,,154929,0.2289067506790161
,,,46,,,,,,,,,,,,,,,,,,,,,,,,,,,,,154939,0.2442096620798111
,,,46,,,,,,,,,,,,,,,,,,,,,,,,,,,,,154949,0.4040227234363556
,,,46,,,,,,,,,,,,,,,,,,,,,,,,,,,,,154959,0.6334834694862366
,,,46,,,,,,,,,,,,,,,,,,,,,,,,,,,,,154969,0.08322465419769287
,,,46,,,,,,,,,,,,,,,,,,,,,,,,,,,,,154979,0.4540610611438751
,,,46,,,,,,,,,,,,,,,,,,,,,,,,,,,,,154989,0.04850299656391144
,,,46,,,,,,,,,,,,,,,,,,,,,,,,,,,,,154999,0.0027182165067642927
,,,46,,,,,,,,,,,,,,,,,,,,,,,,,,,,,155009,0.6644424796104431
,,,46,,,,,,,,,,,,,,,,,,,,,,,,,,,,,155019,0.7107890248298645
,,,46,,,,,,,,,,,,,,,,,,,,,,,,,,,,,155029,0.0037441072054207325
,,,46,,,,,,,,,,,,,,,,,,,,,,,,,,,,,155039,0.6259012222290039
,,,46,,,,,,,,,,,,,,,,,,,,,,,,,,,,,155049,0.2629706561565399
,,,46,,,,,,,,,,,,,,,,,,,,,,,,,,,,,155059,0.2025827020406723
,,,46,,,,,,,,,,,,,,,,,,,,,,,,,,,,,155069,0.06833507865667343
,,,46,,,,,,,,,,,,,,,,,,,,,,,,,,,,,155079,0.006495233159512281
,,,46,,,,,,,,,,,,,,,,,,,,,,,,,,,,,155089,0.33551251888275146
,,,46,,,,,,,,,,,,,,,,,,,,,,,,,,,,,155099,0.007678960915654898
,,,46,,,,,,,,,,,,,,,,,,,,,,,,,,,,,155109,0.3408947288990021
,,,46,,,,,,,,,,,,,,,,,,,,,,,,,,,,,155119,0.015522963367402554
,,,46,,,,,,,,,,,,,,,,,,,,,,,,,,,,,155129,0.3991367816925049
,,,46,,,,,,,,,,,,,,,,,,,,,,,,,,,,,155139,0.07398068159818649
,,,46,,,,,,,,,,,,,,,,,,,,,,,,,,,,,155149,0.011756759136915207
,,,46,,,,,,,,,,,,,,,,,,,,,,,,,,,,,155159,0.04536033421754837
,,,46,,,,,,,,,,,,,,,,,,,,,,,,,,,,,155169,0.08085158467292786
,,,46,,,,,,,,,,,,,,,,,,,,,,,,,,,,,155179,0.5801185369491577
,,,46,,,,,,,,,,,,,,,,,,,,,,,,,,,,,155189,0.5610724687576294
,,,46,,,,,,,,,,,,,,,,,,,,,,,,,,,,,155199,0.737186074256897
,,,46,,,,,,,,,,,,,,,,,,,,,,,,,,,,,155209,0.028543973341584206
,,,46,,,,,,,,,,,,,,,,,,,,,,,,,,,,,155219,0.00516137108206749
,,,46,,,,,,,,,,,,,,,,,,,,,,,,,,,,,155229,0.8372204303741455
,,,46,,,,,,,,,,,,,,,,,,,,,,,,,,,,,155239,0.2770095765590668
,,,46,,,,,,,,,,,,,,,,,,,,,,,,,,,,,155249,0.18149273097515106
,,,46,,,,,,,,,,,,,,,,,,,,,,,,,,,,,155259,0.0038912396412342787
,,,46,,,,,,,,,,,,,,,,,,,,,,,,,,,,,155269,0.22167156636714935
,,,46,,,,,,,,,,,,,,,,,,,,,,,,,,,,,155279,0.07510799914598465
,,,46,,,,,,,,,,,,,,,,,,,,,,,,,,,,,155289,0.23806561529636383
,,,46,,,,,,,,,,,,,,,,,,,,,,,,,,,,,155299,0.10625141859054565
,,,46,,,,,,,,,,,,,,,,,,,,,,,,,,,,,155309,0.05294659733772278
,,,46,,,,,,,,,,,,,,,,,,,,,,,,,,,,,155319,0.0405377633869648
,,,46,,,,,,,,,,,,,,,,,,,,,,,,,,,,,155329,0.046588003635406494
,,,46,,,,,,,,,,,,,,,,,,,,,,,,,,,,,155339,1.6102180480957031
,,,46,,,,,,,,,,,,,,,,,,,,,,,,,,,,,155349,0.004145667422562838
,,,46,,,,,,,,,,,,,,,,,,,,,,,,,,,,,155359,0.032219983637332916
,,,46,,,,,,,,,,,,,,,,,,,,,,,,,,,,,155369,0.0032063908874988556
,,,46,,,,,,,,,,,,,,,,,,,,,,,,,,,,,155379,0.010477451607584953
,,,46,,,,,,,,,,,,,,,,,,,,,,,,,,,,,155389,0.02439184859395027
,,,46,,,,,,,,,,,,,,,,,,,,,,,,,,,,,155399,0.02172181010246277
,,,46,,,,,,,,,,,,,,,,,,,,,,,,,,,,,155409,0.03186292201280594
,,,46,,,,,,,,,,,,,,,,,,,,,,,,,,,,,155419,0.7926281690597534
,,,46,,,,,,,,,,,,,,,,,,,,,,,,,,,,,155429,0.1300884634256363
,,,46,,,,,,,,,,,,,,,,,,,,,,,,,,,,,155439,0.04546380415558815
,,,46,,,,,,,,,,,,,,,,,,,,,,,,,,,,,155449,0.01497716549783945
,,,46,,,,,,,,,,,,,,,,,,,,,,,,,,,,,155459,0.7553104758262634
,,,46,,,,,,,,,,,,,,,,,,,,,,,,,,,,,155469,0.3343251645565033
,,,46,,,,,,,,,,,,,,,,,,,,,,,,,,,,,155479,1.6337310075759888
,,,46,,,,,,,,,,,,,,,,,,,,,,,,,,,,,155489,0.13326242566108704
,,,46,,,,,,,,,,,,,,,,,,,,,,,,,,,,,155499,0.17700746655464172
,,,46,,,,,,,,,,,,,,,,,,,,,,,,,,,,,155509,0.23410603404045105
,,,46,,,,,,,,,,,,,,,,,,,,,,,,,,,,,155519,0.02255851961672306
,,,46,,,,,,,,,,,,,,,,,,,,,,,,,,,,,155529,0.033258773386478424
,,,46,,,,,,,,,,,,,,,,,,,,,,,,,,,,,155539,0.4345477521419525
,,,46,,,,,,,,,,,,,,,,,,,,,,,,,,,,,155549,0.006417561788111925
,,,46,,,,,,,,,,,,,,,,,,,,,,,,,,,,,155559,0.01576622575521469
,,,46,,,,,,,,,,,,,,,,,,,,,,,,,,,,,155569,0.0582515187561512
,,,,6.214832253835897e-09,3.48157683769386e-08,5.3562720579905535e-08,5.3562720579905535e-08,8.240418550754697e-08,8.240418550754697e-08,1.2677567001161072e-07,1.2677567001161072e-07,1.9503949232555496e-07,1.9503949232555496e-07,3.0006075742393067e-07,6.214832253835897e-09,3.0006075742393067e-07,4.6163193449835486e-07,4.6163193449835486e-07,7.102029761513152e-07,7.102029761513152e-07,1.0926199633097157e-06,1.0926199633097157e-06,1.0926199633097157e-06,1.0926199633097157e-06,9.561280390516763e-09,9.561280390516763e-09,1.470966213925656e-08,1.470966213925656e-08,2.2630249445010088e-08,2.2630249445010088e-08,3.48157683769386e-08,155571,
,,,47,,,,,,,,,,,,,,,,,,,,,,,,,,,,,155579,0.0297780130058527
,,,47,,,,,,,,,,,,,,,,,,,,,,,,,,,,,155589,0.003308560000732541
,,,47,,,,,,,,,,,,,,,,,,,,,,,,,,,,,155599,0.002488032914698124
,,,47,,,,,,,,,,,,,,,,,,,,,,,,,,,,,155609,0.009074033237993717
,,,47,,,,,,,,,,,,,,,,,,,,,,,,,,,,,155619,0.010058767162263393
,,,47,,,,,,,,,,,,,,,,,,,,,,,,,,,,,155629,0.0021153150591999292
,,,47,,,,,,,,,,,,,,,,,,,,,,,,,,,,,155639,0.22970892488956451
,,,47,,,,,,,,,,,,,,,,,,,,,,,,,,,,,155649,0.034671179950237274
,,,47,,,,,,,,,,,,,,,,,,,,,,,,,,,,,155659,0.011265011504292488
,,,47,,,,,,,,,,,,,,,,,,,,,,,,,,,,,155669,0.0021580548491328955
,,,47,,,,,,,,,,,,,,,,,,,,,,,,,,,,,155679,0.20284096896648407
,,,47,,,,,,,,,,,,,,,,,,,,,,,,,,,,,155689,0.12865611910820007
,,,47,,,,,,,,,,,,,,,,,,,,,,,,,,,,,155699,0.4795174300670624
,,,47,,,,,,,,,,,,,,,,,,,,,,,,,,,,,155709,0.45102164149284363
,,,47,,,,,,,,,,,,,,,,,,,,,,,,,,,,,155719,0.002185973571613431
,,,47,,,,,,,,,,,,,,,,,,,,,,,,,,,,,155729,0.27546119689941406
,,,47,,,,,,,,,,,,,,,,,,,,,,,,,,,,,155739,0.006068317219614983
,,,47,,,,,,,,,,,,,,,,,,,,,,,,,,,,,155749,0.049506865441799164
,,,47,,,,,,,,,,,,,,,,,,,,,,,,,,,,,155759,0.006111792288720608
,,,47,,,,,,,,,,,,,,,,,,,,,,,,,,,,,155769,0.0035782374907284975
,,,47,,,,,,,,,,,,,,,,,,,,,,,,,,,,,155779,0.00867487583309412
,,,47,,,,,,,,,,,,,,,,,,,,,,,,,,,,,155789,0.2755304276943207
,,,47,,,,,,,,,,,,,,,,,,,,,,,,,,,,,155799,0.01874549500644207
,,,47,,,,,,,,,,,,,,,,,,,,,,,,,,,,,155809,0.5366963744163513
,,,47,,,,,,,,,,,,,,,,,,,,,,,,,,,,,155819,0.4220203161239624
,,,47,,,,,,,,,,,,,,,,,,,,,,,,,,,,,155829,0.5924558043479919
,,,47,,,,,,,,,,,,,,,,,,,,,,,,,,,,,155839,0.0035503478720784187
,,,47,,,,,,,,,,,,,,,,,,,,,,,,,,,,,155849,0.054941076785326004
,,,47,,,,,,,,,,,,,,,,,,,,,,,,,,,,,155859,0.0009921712335199118
,,,47,,,,,,,,,,,,,,,,,,,,,,,,,,,,,155869,0.4216480255126953
,,,47,,,,,,,,,,,,,,,,,,,,,,,,,,,,,155879,0.34414294362068176
,,,47,,,,,,,,,,,,,,,,,,,,,,,,,,,,,155889,0.07337015122175217
,,,47,,,,,,,,,,,,,,,,,,,,,,,,,,,,,155899,0.09818674623966217
,,,47,,,,,,,,,,,,,,,,,,,,,,,,,,,,,155909,0.006890853401273489
,,,47,,,,,,,,,,,,,,,,,,,,,,,,,,,,,155919,0.4402848482131958
,,,47,,,,,,,,,,,,,,,,,,,,,,,,,,,,,155929,0.004050638526678085
,,,47,,,,,,,,,,,,,,,,,,,,,,,,,,,,,155939,0.3442613482475281
,,,47,,,,,,,,,,,,,,,,,,,,,,,,,,,,,155949,0.13835762441158295
,,,47,,,,,,,,,,,,,,,,,,,,,,,,,,,,,155959,0.04409093037247658
,,,47,,,,,,,,,,,,,,,,,,,,,,,,,,,,,155969,0.006435093004256487
,,,47,,,,,,,,,,,,,,,,,,,,,,,,,,,,,155979,0.08985990285873413
,,,47,,,,,,,,,,,,,,,,,,,,,,,,,,,,,155989,0.02963547222316265
,,,47,,,,,,,,,,,,,,,,,,,,,,,,,,,,,155999,0.2714429795742035
,,,47,,,,,,,,,,,,,,,,,,,,,,,,,,,,,156009,0.3541465699672699
,,,47,,,,,,,,,,,,,,,,,,,,,,,,,,,,,156019,0.004447214305400848
,,,47,,,,,,,,,,,,,,,,,,,,,,,,,,,,,156029,0.0060634007677435875
,,,47,,,,,,,,,,,,,,,,,,,,,,,,,,,,,156039,0.04382706806063652
,,,47,,,,,,,,,,,,,,,,,,,,,,,,,,,,,156049,0.030907511711120605
,,,47,,,,,,,,,,,,,,,,,,,,,,,,,,,,,156059,0.1667409986257553
,,,47,,,,,,,,,,,,,,,,,,,,,,,,,,,,,156069,0.22800515592098236
,,,47,,,,,,,,,,,,,,,,,,,,,,,,,,,,,156079,0.004859195556491613
,,,47,,,,,,,,,,,,,,,,,,,,,,,,,,,,,156089,0.0039899819530546665
,,,47,,,,,,,,,,,,,,,,,,,,,,,,,,,,,156099,0.0045272731222212315
,,,47,,,,,,,,,,,,,,,,,,,,,,,,,,,,,156109,0.035068705677986145
,,,47,,,,,,,,,,,,,,,,,,,,,,,,,,,,,156119,0.003551967442035675
,,,47,,,,,,,,,,,,,,,,,,,,,,,,,,,,,156129,0.017270289361476898
,,,47,,,,,,,,,,,,,,,,,,,,,,,,,,,,,156139,0.0036672973074018955
,,,47,,,,,,,,,,,,,,,,,,,,,,,,,,,,,156149,0.0016053557628765702
,,,47,,,,,,,,,,,,,,,,,,,,,,,,,,,,,156159,0.04244646057486534
,,,47,,,,,,,,,,,,,,,,,,,,,,,,,,,,,156169,0.0326475091278553
,,,47,,,,,,,,,,,,,,,,,,,,,,,,,,,,,156179,0.5964117050170898
,,,47,,,,,,,,,,,,,,,,,,,,,,,,,,,,,156189,0.248636856675148
,,,47,,,,,,,,,,,,,,,,,,,,,,,,,,,,,156199,0.10308711230754852
,,,47,,,,,,,,,,,,,,,,,,,,,,,,,,,,,156209,0.6500313878059387
,,,47,,,,,,,,,,,,,,,,,,,,,,,,,,,,,156219,0.004824772011488676
,,,47,,,,,,,,,,,,,,,,,,,,,,,,,,,,,156229,0.9174041748046875
,,,47,,,,,,,,,,,,,,,,,,,,,,,,,,,,,156239,0.3485962450504303
,,,47,,,,,,,,,,,,,,,,,,,,,,,,,,,,,156249,0.004824298433959484
,,,47,,,,,,,,,,,,,,,,,,,,,,,,,,,,,156259,0.005163061432540417
,,,47,,,,,,,,,,,,,,,,,,,,,,,,,,,,,156269,0.2822577953338623
,,,47,,,,,,,,,,,,,,,,,,,,,,,,,,,,,156279,1.1835758686065674
,,,47,,,,,,,,,,,,,,,,,,,,,,,,,,,,,156289,0.0659337267279625
,,,47,,,,,,,,,,,,,,,,,,,,,,,,,,,,,156299,0.009325165301561356
,,,47,,,,,,,,,,,,,,,,,,,,,,,,,,,,,156309,0.004829826764762402
,,,47,,,,,,,,,,,,,,,,,,,,,,,,,,,,,156319,0.004412471782416105
,,,47,,,,,,,,,,,,,,,,,,,,,,,,,,,,,156329,0.007007377687841654
,,,47,,,,,,,,,,,,,,,,,,,,,,,,,,,,,156339,0.36268821358680725
,,,47,,,,,,,,,,,,,,,,,,,,,,,,,,,,,156349,0.18272103369235992
,,,47,,,,,,,,,,,,,,,,,,,,,,,,,,,,,156359,0.02797769568860531
,,,47,,,,,,,,,,,,,,,,,,,,,,,,,,,,,156369,0.0322866253554821
,,,47,,,,,,,,,,,,,,,,,,,,,,,,,,,,,156379,0.12089526653289795
,,,47,,,,,,,,,,,,,,,,,,,,,,,,,,,,,156389,0.022833941504359245
,,,47,,,,,,,,,,,,,,,,,,,,,,,,,,,,,156399,1.020066499710083
,,,47,,,,,,,,,,,,,,,,,,,,,,,,,,,,,156409,0.07950253039598465
,,,47,,,,,,,,,,,,,,,,,,,,,,,,,,,,,156419,0.5009875893592834
,,,47,,,,,,,,,,,,,,,,,,,,,,,,,,,,,156429,0.005364216398447752
,,,47,,,,,,,,,,,,,,,,,,,,,,,,,,,,,156439,0.003184307599440217
,,,47,,,,,,,,,,,,,,,,,,,,,,,,,,,,,156449,0.002404619473963976
,,,47,,,,,,,,,,,,,,,,,,,,,,,,,,,,,156459,0.003341417759656906
,,,47,,,,,,,,,,,,,,,,,,,,,,,,,,,,,156469,0.35880187153816223
,,,47,,,,,,,,,,,,,,,,,,,,,,,,,,,,,156479,0.05907402187585831
,,,47,,,,,,,,,,,,,,,,,,,,,,,,,,,,,156489,0.011850178241729736
,,,47,,,,,,,,,,,,,,,,,,,,,,,,,,,,,156499,0.24016128480434418
,,,47,,,,,,,,,,,,,,,,,,,,,,,,,,,,,156509,1.1677896976470947
,,,47,,,,,,,,,,,,,,,,,,,,,,,,,,,,,156519,0.00443480908870697
,,,47,,,,,,,,,,,,,,,,,,,,,,,,,,,,,156529,0.03740288317203522
,,,47,,,,,,,,,,,,,,,,,,,,,,,,,,,,,156539,0.004200901836156845
,,,47,,,,,,,,,,,,,,,,,,,,,,,,,,,,,156549,0.012263148091733456
,,,47,,,,,,,,,,,,,,,,,,,,,,,,,,,,,156559,0.007847178727388382
,,,47,,,,,,,,,,,,,,,,,,,,,,,,,,,,,156569,0.007742657326161861
,,,47,,,,,,,,,,,,,,,,,,,,,,,,,,,,,156579,0.008132302202284336
,,,47,,,,,,,,,,,,,,,,,,,,,,,,,,,,,156589,0.0013001511106267571
,,,47,,,,,,,,,,,,,,,,,,,,,,,,,,,,,156599,0.592831552028656
,,,47,,,,,,,,,,,,,,,,,,,,,,,,,,,,,156609,0.007557656150311232
,,,47,,,,,,,,,,,,,,,,,,,,,,,,,,,,,156619,0.007194627542048693
,,,47,,,,,,,,,,,,,,,,,,,,,,,,,,,,,156629,0.0018536399584263563
,,,47,,,,,,,,,,,,,,,,,,,,,,,,,,,,,156639,0.20401409268379211
,,,47,,,,,,,,,,,,,,,,,,,,,,,,,,,,,156649,0.03469002991914749
,,,47,,,,,,,,,,,,,,,,,,,,,,,,,,,,,156659,0.25064659118652344
,,,47,,,,,,,,,,,,,,,,,,,,,,,,,,,,,156669,0.005595734342932701
,,,47,,,,,,,,,,,,,,,,,,,,,,,,,,,,,156679,0.0033600260503590107
,,,47,,,,,,,,,,,,,,,,,,,,,,,,,,,,,156689,0.008407189510762691
,,,47,,,,,,,,,,,,,,,,,,,,,,,,,,,,,156699,0.022221213206648827
,,,47,,,,,,,,,,,,,,,,,,,,,,,,,,,,,156709,0.1825544387102127
,,,47,,,,,,,,,,,,,,,,,,,,,,,,,,,,,156719,0.04534382000565529
,,,47,,,,,,,,,,,,,,,,,,,,,,,,,,,,,156729,0.9278984069824219
,,,47,,,,,,,,,,,,,,,,,,,,,,,,,,,,,156739,0.022621529176831245
,,,47,,,,,,,,,,,,,,,,,,,,,,,,,,,,,156749,0.0042481874115765095
,,,47,,,,,,,,,,,,,,,,,,,,,,,,,,,,,156759,0.0020705435890704393
,,,47,,,,,,,,,,,,,,,,,,,,,,,,,,,,,156769,0.0013941247016191483
,,,47,,,,,,,,,,,,,,,,,,,,,,,,,,,,,156779,0.6559244394302368
,,,47,,,,,,,,,,,,,,,,,,,,,,,,,,,,,156789,0.01489733811467886
,,,47,,,,,,,,,,,,,,,,,,,,,,,,,,,,,156799,0.47155842185020447
,,,47,,,,,,,,,,,,,,,,,,,,,,,,,,,,,156809,0.40042534470558167
,,,47,,,,,,,,,,,,,,,,,,,,,,,,,,,,,156819,0.025252774357795715
,,,47,,,,,,,,,,,,,,,,,,,,,,,,,,,,,156829,0.7362646460533142
,,,47,,,,,,,,,,,,,,,,,,,,,,,,,,,,,156839,0.18231166899204254
,,,47,,,,,,,,,,,,,,,,,,,,,,,,,,,,,156849,0.004601712804287672
,,,47,,,,,,,,,,,,,,,,,,,,,,,,,,,,,156859,0.008991208858788013
,,,47,,,,,,,,,,,,,,,,,,,,,,,,,,,,,156869,0.10637295246124268
,,,47,,,,,,,,,,,,,,,,,,,,,,,,,,,,,156879,0.0024707792326807976
,,,47,,,,,,,,,,,,,,,,,,,,,,,,,,,,,156889,0.16744278371334076
,,,47,,,,,,,,,,,,,,,,,,,,,,,,,,,,,156899,0.005726732779294252
,,,47,,,,,,,,,,,,,,,,,,,,,,,,,,,,,156909,0.0055444082245230675
,,,47,,,,,,,,,,,,,,,,,,,,,,,,,,,,,156919,0.34995079040527344
,,,47,,,,,,,,,,,,,,,,,,,,,,,,,,,,,156929,0.006268324330449104
,,,47,,,,,,,,,,,,,,,,,,,,,,,,,,,,,156939,0.010219942778348923
,,,47,,,,,,,,,,,,,,,,,,,,,,,,,,,,,156949,0.015183614566922188
,,,47,,,,,,,,,,,,,,,,,,,,,,,,,,,,,156959,0.02047581598162651
,,,47,,,,,,,,,,,,,,,,,,,,,,,,,,,,,156969,0.013120361603796482
,,,47,,,,,,,,,,,,,,,,,,,,,,,,,,,,,156979,0.010728598572313786
,,,47,,,,,,,,,,,,,,,,,,,,,,,,,,,,,156989,0.019193340092897415
,,,47,,,,,,,,,,,,,,,,,,,,,,,,,,,,,156999,0.005310624837875366
,,,47,,,,,,,,,,,,,,,,,,,,,,,,,,,,,157009,0.02282559685409069
,,,47,,,,,,,,,,,,,,,,,,,,,,,,,,,,,157019,0.003755994141101837
,,,47,,,,,,,,,,,,,,,,,,,,,,,,,,,,,157029,0.0439571775496006
,,,47,,,,,,,,,,,,,,,,,,,,,,,,,,,,,157039,0.005565394647419453
,,,47,,,,,,,,,,,,,,,,,,,,,,,,,,,,,157049,0.4849695861339569
,,,47,,,,,,,,,,,,,,,,,,,,,,,,,,,,,157059,0.0028923070058226585
,,,47,,,,,,,,,,,,,,,,,,,,,,,,,,,,,157069,0.24860987067222595
,,,47,,,,,,,,,,,,,,,,,,,,,,,,,,,,,157079,0.438924103975296
,,,47,,,,,,,,,,,,,,,,,,,,,,,,,,,,,157089,0.012334396131336689
,,,47,,,,,,,,,,,,,,,,,,,,,,,,,,,,,157099,0.29727062582969666
,,,47,,,,,,,,,,,,,,,,,,,,,,,,,,,,,157109,0.008538485504686832
,,,47,,,,,,,,,,,,,,,,,,,,,,,,,,,,,157119,0.010192268528044224
,,,47,,,,,,,,,,,,,,,,,,,,,,,,,,,,,157129,2.3204903602600098
,,,47,,,,,,,,,,,,,,,,,,,,,,,,,,,,,157139,0.19671398401260376
,,,47,,,,,,,,,,,,,,,,,,,,,,,,,,,,,157149,0.6531305909156799
,,,47,,,,,,,,,,,,,,,,,,,,,,,,,,,,,157159,0.1519562005996704
,,,47,,,,,,,,,,,,,,,,,,,,,,,,,,,,,157169,0.008716607466340065
,,,47,,,,,,,,,,,,,,,,,,,,,,,,,,,,,157179,0.04843654856085777
,,,47,,,,,,,,,,,,,,,,,,,,,,,,,,,,,157189,0.6556991338729858
,,,47,,,,,,,,,,,,,,,,,,,,,,,,,,,,,157199,0.04430678114295006
,,,47,,,,,,,,,,,,,,,,,,,,,,,,,,,,,157209,0.03784677013754845
,,,47,,,,,,,,,,,,,,,,,,,,,,,,,,,,,157219,0.046455468982458115
,,,47,,,,,,,,,,,,,,,,,,,,,,,,,,,,,157229,0.11114827543497086
,,,47,,,,,,,,,,,,,,,,,,,,,,,,,,,,,157239,0.004324020817875862
,,,47,,,,,,,,,,,,,,,,,,,,,,,,,,,,,157249,0.09103982150554657
,,,47,,,,,,,,,,,,,,,,,,,,,,,,,,,,,157259,0.10098083317279816
,,,47,,,,,,,,,,,,,,,,,,,,,,,,,,,,,157269,0.002886599162593484
,,,47,,,,,,,,,,,,,,,,,,,,,,,,,,,,,157279,0.2504504323005676
,,,47,,,,,,,,,,,,,,,,,,,,,,,,,,,,,157289,0.08189301937818527
,,,47,,,,,,,,,,,,,,,,,,,,,,,,,,,,,157299,0.726719081401825
,,,47,,,,,,,,,,,,,,,,,,,,,,,,,,,,,157309,0.012398483231663704
,,,47,,,,,,,,,,,,,,,,,,,,,,,,,,,,,157319,0.06504993140697479
,,,47,,,,,,,,,,,,,,,,,,,,,,,,,,,,,157329,0.06343042105436325
,,,47,,,,,,,,,,,,,,,,,,,,,,,,,,,,,157339,0.011630341410636902
,,,47,,,,,,,,,,,,,,,,,,,,,,,,,,,,,157349,0.0034393463283777237
,,,47,,,,,,,,,,,,,,,,,,,,,,,,,,,,,157359,0.02699016034603119
,,,47,,,,,,,,,,,,,,,,,,,,,,,,,,,,,157369,0.01663386821746826
,,,47,,,,,,,,,,,,,,,,,,,,,,,,,,,,,157379,0.03534885123372078
,,,47,,,,,,,,,,,,,,,,,,,,,,,,,,,,,157389,0.595066249370575
,,,47,,,,,,,,,,,,,,,,,,,,,,,,,,,,,157399,0.04056403040885925
,,,47,,,,,,,,,,,,,,,,,,,,,,,,,,,,,157409,1.4784101247787476
,,,47,,,,,,,,,,,,,,,,,,,,,,,,,,,,,157419,0.3600175678730011
,,,47,,,,,,,,,,,,,,,,,,,,,,,,,,,,,157429,0.891180694103241
,,,47,,,,,,,,,,,,,,,,,,,,,,,,,,,,,157439,0.12133029103279114
,,,47,,,,,,,,,,,,,,,,,,,,,,,,,,,,,157449,0.05162566900253296
,,,47,,,,,,,,,,,,,,,,,,,,,,,,,,,,,157459,0.00340888649225235
,,,47,,,,,,,,,,,,,,,,,,,,,,,,,,,,,157469,0.003917711321264505
,,,47,,,,,,,,,,,,,,,,,,,,,,,,,,,,,157479,0.0317448265850544
,,,47,,,,,,,,,,,,,,,,,,,,,,,,,,,,,157489,0.4546063542366028
,,,47,,,,,,,,,,,,,,,,,,,,,,,,,,,,,157499,0.0528823621571064
,,,47,,,,,,,,,,,,,,,,,,,,,,,,,,,,,157509,0.4259709119796753
,,,47,,,,,,,,,,,,,,,,,,,,,,,,,,,,,157519,0.05110347270965576
,,,47,,,,,,,,,,,,,,,,,,,,,,,,,,,,,157529,0.5673359036445618
,,,47,,,,,,,,,,,,,,,,,,,,,,,,,,,,,157539,0.003598761046305299
,,,47,,,,,,,,,,,,,,,,,,,,,,,,,,,,,157549,0.0027733510360121727
,,,47,,,,,,,,,,,,,,,,,,,,,,,,,,,,,157559,0.10300534963607788
,,,47,,,,,,,,,,,,,,,,,,,,,,,,,,,,,157569,0.046859920024871826
,,,47,,,,,,,,,,,,,,,,,,,,,,,,,,,,,157579,1.4213911294937134
,,,47,,,,,,,,,,,,,,,,,,,,,,,,,,,,,157589,0.00997712928801775
,,,47,,,,,,,,,,,,,,,,,,,,,,,,,,,,,157599,0.03099861927330494
,,,47,,,,,,,,,,,,,,,,,,,,,,,,,,,,,157609,1.3225343227386475
,,,47,,,,,,,,,,,,,,,,,,,,,,,,,,,,,157619,0.0028965601231902838
,,,47,,,,,,,,,,,,,,,,,,,,,,,,,,,,,157629,0.0073855044320225716
,,,47,,,,,,,,,,,,,,,,,,,,,,,,,,,,,157639,0.05594122037291527
,,,47,,,,,,,,,,,,,,,,,,,,,,,,,,,,,157649,0.14077916741371155
,,,47,,,,,,,,,,,,,,,,,,,,,,,,,,,,,157659,0.06393153220415115
,,,47,,,,,,,,,,,,,,,,,,,,,,,,,,,,,157669,0.10479718446731567
,,,47,,,,,,,,,,,,,,,,,,,,,,,,,,,,,157679,0.016280578449368477
,,,47,,,,,,,,,,,,,,,,,,,,,,,,,,,,,157689,0.003882435616105795
,,,47,,,,,,,,,,,,,,,,,,,,,,,,,,,,,157699,0.6065467596054077
,,,47,,,,,,,,,,,,,,,,,,,,,,,,,,,,,157709,0.10020487755537033
,,,47,,,,,,,,,,,,,,,,,,,,,,,,,,,,,157719,0.11784254014492035
,,,47,,,,,,,,,,,,,,,,,,,,,,,,,,,,,157729,0.10077296197414398
,,,47,,,,,,,,,,,,,,,,,,,,,,,,,,,,,157739,0.007899544201791286
,,,47,,,,,,,,,,,,,,,,,,,,,,,,,,,,,157749,0.7411685585975647
,,,47,,,,,,,,,,,,,,,,,,,,,,,,,,,,,157759,0.188022643327713
,,,47,,,,,,,,,,,,,,,,,,,,,,,,,,,,,157769,0.07548397034406662
,,,47,,,,,,,,,,,,,,,,,,,,,,,,,,,,,157779,0.009568391367793083
,,,47,,,,,,,,,,,,,,,,,,,,,,,,,,,,,157789,0.015898363664746284
,,,47,,,,,,,,,,,,,,,,,,,,,,,,,,,,,157799,0.4923103451728821
,,,47,,,,,,,,,,,,,,,,,,,,,,,,,,,,,157809,0.023409144952893257
,,,47,,,,,,,,,,,,,,,,,,,,,,,,,,,,,157819,0.01097480021417141
,,,47,,,,,,,,,,,,,,,,,,,,,,,,,,,,,157829,0.003891088766977191
,,,47,,,,,,,,,,,,,,,,,,,,,,,,,,,,,157839,0.062073979526758194
,,,47,,,,,,,,,,,,,,,,,,,,,,,,,,,,,157849,0.17176060378551483
,,,47,,,,,,,,,,,,,,,,,,,,,,,,,,,,,157859,0.015842575579881668
,,,47,,,,,,,,,,,,,,,,,,,,,,,,,,,,,157869,0.017099538818001747
,,,47,,,,,,,,,,,,,,,,,,,,,,,,,,,,,157879,0.006991358939558268
,,,47,,,,,,,,,,,,,,,,,,,,,,,,,,,,,157889,0.4873499870300293
,,,47,,,,,,,,,,,,,,,,,,,,,,,,,,,,,157899,0.04023793712258339
,,,47,,,,,,,,,,,,,,,,,,,,,,,,,,,,,157909,0.006280636414885521
,,,47,,,,,,,,,,,,,,,,,,,,,,,,,,,,,157919,0.06786877661943436
,,,47,,,,,,,,,,,,,,,,,,,,,,,,,,,,,157929,0.04688921943306923
,,,47,,,,,,,,,,,,,,,,,,,,,,,,,,,,,157939,0.009227866306900978
,,,47,,,,,,,,,,,,,,,,,,,,,,,,,,,,,157949,0.10643190890550613
,,,47,,,,,,,,,,,,,,,,,,,,,,,,,,,,,157959,0.9401441216468811
,,,47,,,,,,,,,,,,,,,,,,,,,,,,,,,,,157969,0.002468518912792206
,,,47,,,,,,,,,,,,,,,,,,,,,,,,,,,,,157979,0.01270151324570179
,,,47,,,,,,,,,,,,,,,,,,,,,,,,,,,,,157989,0.0931207463145256
,,,47,,,,,,,,,,,,,,,,,,,,,,,,,,,,,157999,0.09976549446582794
,,,47,,,,,,,,,,,,,,,,,,,,,,,,,,,,,158009,0.008643151260912418
,,,47,,,,,,,,,,,,,,,,,,,,,,,,,,,,,158019,0.002209004946053028
,,,47,,,,,,,,,,,,,,,,,,,,,,,,,,,,,158029,0.0012495244154706597
,,,47,,,,,,,,,,,,,,,,,,,,,,,,,,,,,158039,0.5522077679634094
,,,47,,,,,,,,,,,,,,,,,,,,,,,,,,,,,158049,0.02959025464951992
,,,47,,,,,,,,,,,,,,,,,,,,,,,,,,,,,158059,0.010251960717141628
,,,47,,,,,,,,,,,,,,,,,,,,,,,,,,,,,158069,0.007859529927372932
,,,47,,,,,,,,,,,,,,,,,,,,,,,,,,,,,158079,0.25429368019104004
,,,47,,,,,,,,,,,,,,,,,,,,,,,,,,,,,158089,0.49204209446907043
,,,47,,,,,,,,,,,,,,,,,,,,,,,,,,,,,158099,0.02605901099741459
,,,47,,,,,,,,,,,,,,,,,,,,,,,,,,,,,158109,0.1110309511423111
,,,47,,,,,,,,,,,,,,,,,,,,,,,,,,,,,158119,0.0021990700624883175
,,,47,,,,,,,,,,,,,,,,,,,,,,,,,,,,,158129,0.27812567353248596
,,,47,,,,,,,,,,,,,,,,,,,,,,,,,,,,,158139,0.008574401028454304
,,,47,,,,,,,,,,,,,,,,,,,,,,,,,,,,,158149,0.33631959557533264
,,,47,,,,,,,,,,,,,,,,,,,,,,,,,,,,,158159,0.8437402248382568
,,,47,,,,,,,,,,,,,,,,,,,,,,,,,,,,,158169,0.002048066584393382
,,,47,,,,,,,,,,,,,,,,,,,,,,,,,,,,,158179,0.026236891746520996
,,,47,,,,,,,,,,,,,,,,,,,,,,,,,,,,,158189,0.04245898872613907
,,,47,,,,,,,,,,,,,,,,,,,,,,,,,,,,,158199,0.005870490334928036
,,,47,,,,,,,,,,,,,,,,,,,,,,,,,,,,,158209,0.0031245052814483643
,,,47,,,,,,,,,,,,,,,,,,,,,,,,,,,,,158219,1.2601839303970337
,,,47,,,,,,,,,,,,,,,,,,,,,,,,,,,,,158229,0.015325753949582577
,,,47,,,,,,,,,,,,,,,,,,,,,,,,,,,,,158239,0.0014817373594269156
,,,47,,,,,,,,,,,,,,,,,,,,,,,,,,,,,158249,0.0018330325838178396
,,,47,,,,,,,,,,,,,,,,,,,,,,,,,,,,,158259,0.0013166548451408744
,,,47,,,,,,,,,,,,,,,,,,,,,,,,,,,,,158269,0.009557623416185379
,,,47,,,,,,,,,,,,,,,,,,,,,,,,,,,,,158279,0.0036932595539838076
,,,47,,,,,,,,,,,,,,,,,,,,,,,,,,,,,158289,0.13236984610557556
,,,47,,,,,,,,,,,,,,,,,,,,,,,,,,,,,158299,0.19957222044467926
,,,47,,,,,,,,,,,,,,,,,,,,,,,,,,,,,158309,0.03490670025348663
,,,47,,,,,,,,,,,,,,,,,,,,,,,,,,,,,158319,0.23564867675304413
,,,47,,,,,,,,,,,,,,,,,,,,,,,,,,,,,158329,0.09148714691400528
,,,47,,,,,,,,,,,,,,,,,,,,,,,,,,,,,158339,0.0353567898273468
,,,47,,,,,,,,,,,,,,,,,,,,,,,,,,,,,158349,0.03944797068834305
,,,47,,,,,,,,,,,,,,,,,,,,,,,,,,,,,158359,0.03967814892530441
,,,47,,,,,,,,,,,,,,,,,,,,,,,,,,,,,158369,0.002549863886088133
,,,47,,,,,,,,,,,,,,,,,,,,,,,,,,,,,158379,0.4001564085483551
,,,47,,,,,,,,,,,,,,,,,,,,,,,,,,,,,158389,0.21683020889759064
,,,47,,,,,,,,,,,,,,,,,,,,,,,,,,,,,158399,0.02219310589134693
,,,47,,,,,,,,,,,,,,,,,,,,,,,,,,,,,158409,0.0337301641702652
,,,47,,,,,,,,,,,,,,,,,,,,,,,,,,,,,158419,0.05428755655884743
,,,47,,,,,,,,,,,,,,,,,,,,,,,,,,,,,158429,0.0317811444401741
,,,47,,,,,,,,,,,,,,,,,,,,,,,,,,,,,158439,1.1695462465286255
,,,47,,,,,,,,,,,,,,,,,,,,,,,,,,,,,158449,0.005416435655206442
,,,47,,,,,,,,,,,,,,,,,,,,,,,,,,,,,158459,0.2482469081878662
,,,47,,,,,,,,,,,,,,,,,,,,,,,,,,,,,158469,0.037385839968919754
,,,47,,,,,,,,,,,,,,,,,,,,,,,,,,,,,158479,0.26232072710990906
,,,47,,,,,,,,,,,,,,,,,,,,,,,,,,,,,158489,0.5245692133903503
,,,47,,,,,,,,,,,,,,,,,,,,,,,,,,,,,158499,0.5424929857254028
,,,47,,,,,,,,,,,,,,,,,,,,,,,,,,,,,158509,0.34299957752227783
,,,47,,,,,,,,,,,,,,,,,,,,,,,,,,,,,158519,0.002119217300787568
,,,47,,,,,,,,,,,,,,,,,,,,,,,,,,,,,158529,0.4638686180114746
,,,47,,,,,,,,,,,,,,,,,,,,,,,,,,,,,158539,0.41883280873298645
,,,47,,,,,,,,,,,,,,,,,,,,,,,,,,,,,158549,0.01140629593282938
,,,47,,,,,,,,,,,,,,,,,,,,,,,,,,,,,158559,0.013490675948560238
,,,47,,,,,,,,,,,,,,,,,,,,,,,,,,,,,158569,0.12314452230930328
,,,47,,,,,,,,,,,,,,,,,,,,,,,,,,,,,158579,0.09319838881492615
,,,47,,,,,,,,,,,,,,,,,,,,,,,,,,,,,158589,0.01040198840200901
,,,47,,,,,,,,,,,,,,,,,,,,,,,,,,,,,158599,0.008454812690615654
,,,47,,,,,,,,,,,,,,,,,,,,,,,,,,,,,158609,0.27329710125923157
,,,47,,,,,,,,,,,,,,,,,,,,,,,,,,,,,158619,0.047210607677698135
,,,47,,,,,,,,,,,,,,,,,,,,,,,,,,,,,158629,0.451634019613266
,,,47,,,,,,,,,,,,,,,,,,,,,,,,,,,,,158639,0.10448700934648514
,,,47,,,,,,,,,,,,,,,,,,,,,,,,,,,,,158649,0.0039925342425704
,,,47,,,,,,,,,,,,,,,,,,,,,,,,,,,,,158659,0.01906958408653736
,,,47,,,,,,,,,,,,,,,,,,,,,,,,,,,,,158669,0.008961516432464123
,,,47,,,,,,,,,,,,,,,,,,,,,,,,,,,,,158679,0.0018751273164525628
,,,47,,,,,,,,,,,,,,,,,,,,,,,,,,,,,158689,0.004857691470533609
,,,47,,,,,,,,,,,,,,,,,,,,,,,,,,,,,158699,0.06795690208673477
,,,47,,,,,,,,,,,,,,,,,,,,,,,,,,,,,158709,0.002059384947642684
,,,47,,,,,,,,,,,,,,,,,,,,,,,,,,,,,158719,0.005324394442141056
,,,47,,,,,,,,,,,,,,,,,,,,,,,,,,,,,158729,0.213827982544899
,,,47,,,,,,,,,,,,,,,,,,,,,,,,,,,,,158739,0.6252464652061462
,,,47,,,,,,,,,,,,,,,,,,,,,,,,,,,,,158749,0.0035530291497707367
,,,47,,,,,,,,,,,,,,,,,,,,,,,,,,,,,158759,0.7922819256782532
,,,47,,,,,,,,,,,,,,,,,,,,,,,,,,,,,158769,0.010229972191154957
,,,47,,,,,,,,,,,,,,,,,,,,,,,,,,,,,158779,0.009543127380311489
,,,47,,,,,,,,,,,,,,,,,,,,,,,,,,,,,158789,0.003014043439179659
,,,47,,,,,,,,,,,,,,,,,,,,,,,,,,,,,158799,0.010701153427362442
,,,47,,,,,,,,,,,,,,,,,,,,,,,,,,,,,158809,0.05411805585026741
,,,47,,,,,,,,,,,,,,,,,,,,,,,,,,,,,158819,0.07409486174583435
,,,47,,,,,,,,,,,,,,,,,,,,,,,,,,,,,158829,0.6779715418815613
,,,47,,,,,,,,,,,,,,,,,,,,,,,,,,,,,158839,0.28076741099357605
,,,47,,,,,,,,,,,,,,,,,,,,,,,,,,,,,158849,0.017577970400452614
,,,47,,,,,,,,,,,,,,,,,,,,,,,,,,,,,158859,0.029454031959176064
,,,47,,,,,,,,,,,,,,,,,,,,,,,,,,,,,158869,0.15024679899215698
,,,47,,,,,,,,,,,,,,,,,,,,,,,,,,,,,158879,0.005997193045914173
,,,,2.7677656599734797e-09,1.550514707453369e-08,2.385407242235952e-08,2.385407242235952e-08,3.669857295747618e-08,3.669857295747618e-08,5.645934301150182e-08,5.645934301150182e-08,8.68605277100028e-08,8.68605277100028e-08,1.3363158109231198e-07,2.7677656599734797e-09,1.3363158109231198e-07,2.0558704783432611e-07,2.0558704783432611e-07,3.162877658989633e-07,3.162877658989633e-07,4.865965629214819e-07,4.865965629214819e-07,4.865965629214819e-07,4.865965629214819e-07,4.258101015343814e-09,4.258101015343814e-09,6.550924638990484e-09,6.550924638990484e-09,1.0078345598446898e-08,1.0078345598446898e-08,1.550514707453369e-08,158881,
,,,48,,,,,,,,,,,,,,,,,,,,,,,,,,,,,158889,0.0041093965992331505
,,,48,,,,,,,,,,,,,,,,,,,,,,,,,,,,,158899,0.016160305589437485
,,,48,,,,,,,,,,,,,,,,,,,,,,,,,,,,,158909,0.030423840507864952
,,,48,,,,,,,,,,,,,,,,,,,,,,,,,,,,,158919,0.004646772053092718
,,,48,,,,,,,,,,,,,,,,,,,,,,,,,,,,,158929,0.1295621544122696
,,,48,,,,,,,,,,,,,,,,,,,,,,,,,,,,,158939,0.002766985446214676
,,,48,,,,,,,,,,,,,,,,,,,,,,,,,,,,,158949,0.03853505849838257
,,,48,,,,,,,,,,,,,,,,,,,,,,,,,,,,,158959,1.775225281715393
,,,48,,,,,,,,,,,,,,,,,,,,,,,,,,,,,158969,0.03219829872250557
,,,48,,,,,,,,,,,,,,,,,,,,,,,,,,,,,158979,0.00983039103448391
,,,48,,,,,,,,,,,,,,,,,,,,,,,,,,,,,158989,0.0034200316295027733
,,,48,,,,,,,,,,,,,,,,,,,,,,,,,,,,,158999,0.011850685812532902
,,,48,,,,,,,,,,,,,,,,,,,,,,,,,,,,,159009,0.11536175012588501
,,,48,,,,,,,,,,,,,,,,,,,,,,,,,,,,,159019,0.004590411204844713
,,,48,,,,,,,,,,,,,,,,,,,,,,,,,,,,,159029,0.20310409367084503
,,,48,,,,,,,,,,,,,,,,,,,,,,,,,,,,,159039,0.09482239931821823
,,,48,,,,,,,,,,,,,,,,,,,,,,,,,,,,,159049,0.024741318076848984
,,,48,,,,,,,,,,,,,,,,,,,,,,,,,,,,,159059,0.09948322176933289
,,,48,,,,,,,,,,,,,,,,,,,,,,,,,,,,,159069,0.24010348320007324
,,,48,,,,,,,,,,,,,,,,,,,,,,,,,,,,,159079,0.004442623350769281
,,,48,,,,,,,,,,,,,,,,,,,,,,,,,,,,,159089,0.7331489324569702
,,,48,,,,,,,,,,,,,,,,,,,,,,,,,,,,,159099,0.007515215314924717
,,,48,,,,,,,,,,,,,,,,,,,,,,,,,,,,,159109,0.19072657823562622
,,,48,,,,,,,,,,,,,,,,,,,,,,,,,,,,,159119,0.023937171325087547
,,,48,,,,,,,,,,,,,,,,,,,,,,,,,,,,,159129,0.27294185757637024
,,,48,,,,,,,,,,,,,,,,,,,,,,,,,,,,,159139,0.02615988999605179
,,,48,,,,,,,,,,,,,,,,,,,,,,,,,,,,,159149,0.023002780973911285
,,,48,,,,,,,,,,,,,,,,,,,,,,,,,,,,,159159,0.3176153004169464
,,,48,,,,,,,,,,,,,,,,,,,,,,,,,,,,,159169,0.008447110652923584
,,,48,,,,,,,,,,,,,,,,,,,,,,,,,,,,,159179,0.5067200660705566
,,,48,,,,,,,,,,,,,,,,,,,,,,,,,,,,,159189,0.10148505121469498
,,,48,,,,,,,,,,,,,,,,,,,,,,,,,,,,,159199,0.2016458809375763
,,,48,,,,,,,,,,,,,,,,,,,,,,,,,,,,,159209,0.01017041876912117
,,,48,,,,,,,,,,,,,,,,,,,,,,,,,,,,,159219,0.1434614211320877
,,,48,,,,,,,,,,,,,,,,,,,,,,,,,,,,,159229,0.038789913058280945
,,,48,,,,,,,,,,,,,,,,,,,,,,,,,,,,,159239,0.033117882907390594
,,,48,,,,,,,,,,,,,,,,,,,,,,,,,,,,,159249,0.015490919351577759
,,,48,,,,,,,,,,,,,,,,,,,,,,,,,,,,,159259,0.0024573353584855795
,,,48,,,,,,,,,,,,,,,,,,,,,,,,,,,,,159269,0.42463448643684387
,,,48,,,,,,,,,,,,,,,,,,,,,,,,,,,,,159279,0.03508739173412323
,,,48,,,,,,,,,,,,,,,,,,,,,,,,,,,,,159289,0.13547798991203308
,,,48,,,,,,,,,,,,,,,,,,,,,,,,,,,,,159299,0.011829568073153496
,,,48,,,,,,,,,,,,,,,,,,,,,,,,,,,,,159309,0.14589324593544006
,,,48,,,,,,,,,,,,,,,,,,,,,,,,,,,,,159319,0.06629214435815811
,,,48,,,,,,,,,,,,,,,,,,,,,,,,,,,,,159329,0.2958003878593445
,,,48,,,,,,,,,,,,,,,,,,,,,,,,,,,,,159339,0.003840560792014003
,,,48,,,,,,,,,,,,,,,,,,,,,,,,,,,,,159349,0.04832226410508156
,,,48,,,,,,,,,,,,,,,,,,,,,,,,,,,,,159359,0.6899670958518982
,,,48,,,,,,,,,,,,,,,,,,,,,,,,,,,,,159369,0.011092795990407467
,,,48,,,,,,,,,,,,,,,,,,,,,,,,,,,,,159379,0.5891736149787903
,,,48,,,,,,,,,,,,,,,,,,,,,,,,,,,,,159389,0.10634849220514297
,,,48,,,,,,,,,,,,,,,,,,,,,,,,,,,,,159399,0.42142677307128906
,,,48,,,,,,,,,,,,,,,,,,,,,,,,,,,,,159409,0.0051916432566940784
,,,48,,,,,,,,,,,,,,,,,,,,,,,,,,,,,159419,2.1252074241638184
,,,48,,,,,,,,,,,,,,,,,,,,,,,,,,,,,159429,0.013731380924582481
,,,48,,,,,,,,,,,,,,,,,,,,,,,,,,,,,159439,0.4622401297092438
,,,48,,,,,,,,,,,,,,,,,,,,,,,,,,,,,159449,0.040572214871644974
,,,48,,,,,,,,,,,,,,,,,,,,,,,,,,,,,159459,0.001993973273783922
,,,48,,,,,,,,,,,,,,,,,,,,,,,,,,,,,159469,0.007647213991731405
,,,48,,,,,,,,,,,,,,,,,,,,,,,,,,,,,159479,0.009503541514277458
,,,48,,,,,,,,,,,,,,,,,,,,,,,,,,,,,159489,0.10197743773460388
,,,48,,,,,,,,,,,,,,,,,,,,,,,,,,,,,159499,0.30235129594802856
,,,48,,,,,,,,,,,,,,,,,,,,,,,,,,,,,159509,0.007647347636520863
,,,48,,,,,,,,,,,,,,,,,,,,,,,,,,,,,159519,0.038742683827877045
,,,48,,,,,,,,,,,,,,,,,,,,,,,,,,,,,159529,0.06324505060911179
,,,48,,,,,,,,,,,,,,,,,,,,,,,,,,,,,159539,0.0028664940036833286
,,,48,,,,,,,,,,,,,,,,,,,,,,,,,,,,,159549,0.020816728472709656
,,,48,,,,,,,,,,,,,,,,,,,,,,,,,,,,,159559,0.8418747782707214
,,,48,,,,,,,,,,,,,,,,,,,,,,,,,,,,,159569,0.00200240989215672
,,,48,,,,,,,,,,,,,,,,,,,,,,,,,,,,,159579,0.6853025555610657
,,,48,,,,,,,,,,,,,,,,,,,,,,,,,,,,,159589,0.0029298951849341393
,,,48,,,,,,,,,,,,,,,,,,,,,,,,,,,,,159599,0.419409841299057
,,,48,,,,,,,,,,,,,,,,,,,,,,,,,,,,,159609,0.15186652541160583
,,,48,,,,,,,,,,,,,,,,,,,,,,,,,,,,,159619,0.883468747138977
,,,48,,,,,,,,,,,,,,,,,,,,,,,,,,,,,159629,0.013402095064520836
,,,48,,,,,,,,,,,,,,,,,,,,,,,,,,,,,159639,0.014464287087321281
,,,48,,,,,,,,,,,,,,,,,,,,,,,,,,,,,159649,0.8667441606521606
,,,48,,,,,,,,,,,,,,,,,,,,,,,,,,,,,159659,0.004972704220563173
,,,48,,,,,,,,,,,,,,,,,,,,,,,,,,,,,159669,0.004967224318534136
,,,48,,,,,,,,,,,,,,,,,,,,,,,,,,,,,159679,0.003163721412420273
,,,48,,,,,,,,,,,,,,,,,,,,,,,,,,,,,159689,0.01720426231622696
,,,48,,,,,,,,,,,,,,,,,,,,,,,,,,,,,159699,0.005337008275091648
,,,48,,,,,,,,,,,,,,,,,,,,,,,,,,,,,159709,0.474381685256958
,,,48,,,,,,,,,,,,,,,,,,,,,,,,,,,,,159719,0.002362363040447235
,,,48,,,,,,,,,,,,,,,,,,,,,,,,,,,,,159729,0.012541532516479492
,,,48,,,,,,,,,,,,,,,,,,,,,,,,,,,,,159739,0.005130129400640726
,,,48,,,,,,,,,,,,,,,,,,,,,,,,,,,,,159749,0.002827063202857971
,,,48,,,,,,,,,,,,,,,,,,,,,,,,,,,,,159759,0.07922937721014023
,,,48,,,,,,,,,,,,,,,,,,,,,,,,,,,,,159769,0.013231439515948296
,,,48,,,,,,,,,,,,,,,,,,,,,,,,,,,,,159779,0.013356506824493408
,,,48,,,,,,,,,,,,,,,,,,,,,,,,,,,,,159789,0.0049549550749361515
,,,48,,,,,,,,,,,,,,,,,,,,,,,,,,,,,159799,0.05719318240880966
,,,48,,,,,,,,,,,,,,,,,,,,,,,,,,,,,159809,0.16132144629955292
,,,48,,,,,,,,,,,,,,,,,,,,,,,,,,,,,159819,0.36338555812835693
,,,48,,,,,,,,,,,,,,,,,,,,,,,,,,,,,159829,0.04208238422870636
,,,48,,,,,,,,,,,,,,,,,,,,,,,,,,,,,159839,0.0017479067901149392
,,,48,,,,,,,,,,,,,,,,,,,,,,,,,,,,,159849,0.009381108917295933
,,,48,,,,,,,,,,,,,,,,,,,,,,,,,,,,,159859,0.0051498860120773315
,,,48,,,,,,,,,,,,,,,,,,,,,,,,,,,,,159869,0.004098236560821533
,,,48,,,,,,,,,,,,,,,,,,,,,,,,,,,,,159879,0.012950888834893703
,,,48,,,,,,,,,,,,,,,,,,,,,,,,,,,,,159889,0.010969864204525948
,,,48,,,,,,,,,,,,,,,,,,,,,,,,,,,,,159899,0.1997833102941513
,,,48,,,,,,,,,,,,,,,,,,,,,,,,,,,,,159909,0.01161633338779211
,,,48,,,,,,,,,,,,,,,,,,,,,,,,,,,,,159919,0.3866618871688843
,,,48,,,,,,,,,,,,,,,,,,,,,,,,,,,,,159929,0.004641334991902113
,,,48,,,,,,,,,,,,,,,,,,,,,,,,,,,,,159939,0.032045528292655945
,,,48,,,,,,,,,,,,,,,,,,,,,,,,,,,,,159949,0.002573688281700015
,,,48,,,,,,,,,,,,,,,,,,,,,,,,,,,,,159959,0.1608203500509262
,,,48,,,,,,,,,,,,,,,,,,,,,,,,,,,,,159969,0.0037763244472444057
,,,48,,,,,,,,,,,,,,,,,,,,,,,,,,,,,159979,0.012597091495990753
,,,48,,,,,,,,,,,,,,,,,,,,,,,,,,,,,159989,0.3619624972343445
,,,48,,,,,,,,,,,,,,,,,,,,,,,,,,,,,159999,0.00945268664509058
,,,48,,,,,,,,,,,,,,,,,,,,,,,,,,,,,160009,0.007209734991192818
,,,48,,,,,,,,,,,,,,,,,,,,,,,,,,,,,160019,0.4192236065864563
,,,48,,,,,,,,,,,,,,,,,,,,,,,,,,,,,160029,0.05150988698005676
,,,48,,,,,,,,,,,,,,,,,,,,,,,,,,,,,160039,0.5987873077392578
,,,48,,,,,,,,,,,,,,,,,,,,,,,,,,,,,160049,0.008881466463208199
,,,48,,,,,,,,,,,,,,,,,,,,,,,,,,,,,160059,0.001895832596346736
,,,48,,,,,,,,,,,,,,,,,,,,,,,,,,,,,160069,0.04280468076467514
,,,48,,,,,,,,,,,,,,,,,,,,,,,,,,,,,160079,0.0041222600266337395
,,,48,,,,,,,,,,,,,,,,,,,,,,,,,,,,,160089,0.009392849169671535
,,,48,,,,,,,,,,,,,,,,,,,,,,,,,,,,,160099,0.0030594849959015846
,,,48,,,,,,,,,,,,,,,,,,,,,,,,,,,,,160109,0.28142470121383667
,,,48,,,,,,,,,,,,,,,,,,,,,,,,,,,,,160119,0.011661532334983349
,,,48,,,,,,,,,,,,,,,,,,,,,,,,,,,,,160129,0.003700846806168556
,,,48,,,,,,,,,,,,,,,,,,,,,,,,,,,,,160139,0.07212625443935394
,,,48,,,,,,,,,,,,,,,,,,,,,,,,,,,,,160149,0.00152499508112669
,,,48,,,,,,,,,,,,,,,,,,,,,,,,,,,,,160159,0.032417722046375275
,,,48,,,,,,,,,,,,,,,,,,,,,,,,,,,,,160169,0.06780995428562164
,,,48,,,,,,,,,,,,,,,,,,,,,,,,,,,,,160179,0.006578199099749327
,,,48,,,,,,,,,,,,,,,,,,,,,,,,,,,,,160189,0.0014639182481914759
,,,48,,,,,,,,,,,,,,,,,,,,,,,,,,,,,160199,0.00998321920633316
,,,48,,,,,,,,,,,,,,,,,,,,,,,,,,,,,160209,0.054506681859493256
,,,48,,,,,,,,,,,,,,,,,,,,,,,,,,,,,160219,0.04216615855693817
,,,48,,,,,,,,,,,,,,,,,,,,,,,,,,,,,160229,0.019134853035211563
,,,48,,,,,,,,,,,,,,,,,,,,,,,,,,,,,160239,0.3885994851589203
,,,48,,,,,,,,,,,,,,,,,,,,,,,,,,,,,160249,0.05440328270196915
,,,48,,,,,,,,,,,,,,,,,,,,,,,,,,,,,160259,0.005339459050446749
,,,48,,,,,,,,,,,,,,,,,,,,,,,,,,,,,160269,0.032712504267692566
,,,48,,,,,,,,,,,,,,,,,,,,,,,,,,,,,160279,0.07106179744005203
,,,48,,,,,,,,,,,,,,,,,,,,,,,,,,,,,160289,0.002196351531893015
,,,48,,,,,,,,,,,,,,,,,,,,,,,,,,,,,160299,0.0027312736492604017
,,,48,,,,,,,,,,,,,,,,,,,,,,,,,,,,,160309,0.11106036603450775
,,,48,,,,,,,,,,,,,,,,,,,,,,,,,,,,,160319,0.06224532425403595
,,,48,,,,,,,,,,,,,,,,,,,,,,,,,,,,,160329,0.019733289256691933
,,,48,,,,,,,,,,,,,,,,,,,,,,,,,,,,,160339,0.0014511753106489778
,,,48,,,,,,,,,,,,,,,,,,,,,,,,,,,,,160349,0.02511218748986721
,,,48,,,,,,,,,,,,,,,,,,,,,,,,,,,,,160359,0.005468806717544794
,,,48,,,,,,,,,,,,,,,,,,,,,,,,,,,,,160369,0.58844393491745
,,,48,,,,,,,,,,,,,,,,,,,,,,,,,,,,,160379,0.2072409838438034
,,,48,,,,,,,,,,,,,,,,,,,,,,,,,,,,,160389,0.02929847314953804
,,,48,,,,,,,,,,,,,,,,,,,,,,,,,,,,,160399,0.005239591002464294
,,,48,,,,,,,,,,,,,,,,,,,,,,,,,,,,,160409,0.001228522276505828
,,,48,,,,,,,,,,,,,,,,,,,,,,,,,,,,,160419,0.02098407968878746
,,,48,,,,,,,,,,,,,,,,,,,,,,,,,,,,,160429,0.11588480323553085
,,,48,,,,,,,,,,,,,,,,,,,,,,,,,,,,,160439,0.3300950527191162
,,,48,,,,,,,,,,,,,,,,,,,,,,,,,,,,,160449,0.006718990858644247
,,,48,,,,,,,,,,,,,,,,,,,,,,,,,,,,,160459,0.013635512441396713
,,,48,,,,,,,,,,,,,,,,,,,,,,,,,,,,,160469,0.0013271969510242343
,,,48,,,,,,,,,,,,,,,,,,,,,,,,,,,,,160479,0.0650118738412857
,,,48,,,,,,,,,,,,,,,,,,,,,,,,,,,,,160489,0.0072569153271615505
,,,48,,,,,,,,,,,,,,,,,,,,,,,,,,,,,160499,0.18629862368106842
,,,48,,,,,,,,,,,,,,,,,,,,,,,,,,,,,160509,0.0029178373515605927
,,,48,,,,,,,,,,,,,,,,,,,,,,,,,,,,,160519,0.09411989897489548
,,,48,,,,,,,,,,,,,,,,,,,,,,,,,,,,,160529,0.09655550122261047
,,,48,,,,,,,,,,,,,,,,,,,,,,,,,,,,,160539,0.47454777359962463
,,,48,,,,,,,,,,,,,,,,,,,,,,,,,,,,,160549,0.0023750870022922754
,,,48,,,,,,,,,,,,,,,,,,,,,,,,,,,,,160559,0.002145646372810006
,,,48,,,,,,,,,,,,,,,,,,,,,,,,,,,,,160569,0.4459993541240692
,,,48,,,,,,,,,,,,,,,,,,,,,,,,,,,,,160579,0.012323022820055485
,,,48,,,,,,,,,,,,,,,,,,,,,,,,,,,,,160589,0.0072597721591591835
,,,48,,,,,,,,,,,,,,,,,,,,,,,,,,,,,160599,0.03162669762969017
,,,48,,,,,,,,,,,,,,,,,,,,,,,,,,,,,160609,0.03733528032898903
,,,48,,,,,,,,,,,,,,,,,,,,,,,,,,,,,160619,0.807208776473999
,,,48,,,,,,,,,,,,,,,,,,,,,,,,,,,,,160629,0.019740112125873566
,,,48,,,,,,,,,,,,,,,,,,,,,,,,,,,,,160639,0.005614828784018755
,,,48,,,,,,,,,,,,,,,,,,,,,,,,,,,,,160649,0.002063615480437875
,,,48,,,,,,,,,,,,,,,,,,,,,,,,,,,,,160659,0.0678948312997818
,,,48,,,,,,,,,,,,,,,,,,,,,,,,,,,,,160669,0.09138358384370804
,,,48,,,,,,,,,,,,,,,,,,,,,,,,,,,,,160679,0.6255888938903809
,,,48,,,,,,,,,,,,,,,,,,,,,,,,,,,,,160689,0.4331716001033783
,,,48,,,,,,,,,,,,,,,,,,,,,,,,,,,,,160699,0.005274984519928694
,,,48,,,,,,,,,,,,,,,,,,,,,,,,,,,,,160709,0.0023204274475574493
,,,48,,,,,,,,,,,,,,,,,,,,,,,,,,,,,160719,0.3439556360244751
,,,48,,,,,,,,,,,,,,,,,,,,,,,,,,,,,160729,0.004472800530493259
,,,48,,,,,,,,,,,,,,,,,,,,,,,,,,,,,160739,0.33533596992492676
,,,48,,,,,,,,,,,,,,,,,,,,,,,,,,,,,160749,0.00573105551302433
,,,48,,,,,,,,,,,,,,,,,,,,,,,,,,,,,160759,0.08490331470966339
,,,48,,,,,,,,,,,,,,,,,,,,,,,,,,,,,160769,0.004301092587411404
,,,48,,,,,,,,,,,,,,,,,,,,,,,,,,,,,160779,0.05372999235987663
,,,48,,,,,,,,,,,,,,,,,,,,,,,,,,,,,160789,0.14338363707065582
,,,48,,,,,,,,,,,,,,,,,,,,,,,,,,,,,160799,0.995121419429779
,,,48,,,,,,,,,,,,,,,,,,,,,,,,,,,,,160809,0.013780292123556137
,,,48,,,,,,,,,,,,,,,,,,,,,,,,,,,,,160819,1.1285436153411865
,,,48,,,,,,,,,,,,,,,,,,,,,,,,,,,,,160829,0.00521137285977602
,,,48,,,,,,,,,,,,,,,,,,,,,,,,,,,,,160839,0.6081947088241577
,,,48,,,,,,,,,,,,,,,,,,,,,,,,,,,,,160849,0.014977139420807362
,,,48,,,,,,,,,,,,,,,,,,,,,,,,,,,,,160859,0.011722874827682972
,,,48,,,,,,,,,,,,,,,,,,,,,,,,,,,,,160869,0.9846494793891907
,,,48,,,,,,,,,,,,,,,,,,,,,,,,,,,,,160879,0.009756777435541153
,,,48,,,,,,,,,,,,,,,,,,,,,,,,,,,,,160889,0.01976083777844906
,,,48,,,,,,,,,,,,,,,,,,,,,,,,,,,,,160899,0.010929818265140057
,,,48,,,,,,,,,,,,,,,,,,,,,,,,,,,,,160909,0.01707829162478447
,,,48,,,,,,,,,,,,,,,,,,,,,,,,,,,,,160919,0.0067506409250199795
,,,48,,,,,,,,,,,,,,,,,,,,,,,,,,,,,160929,0.3376803696155548
,,,48,,,,,,,,,,,,,,,,,,,,,,,,,,,,,160939,0.010155368596315384
,,,48,,,,,,,,,,,,,,,,,,,,,,,,,,,,,160949,0.07161862403154373
,,,48,,,,,,,,,,,,,,,,,,,,,,,,,,,,,160959,0.03274202719330788
,,,48,,,,,,,,,,,,,,,,,,,,,,,,,,,,,160969,0.14145992696285248
,,,48,,,,,,,,,,,,,,,,,,,,,,,,,,,,,160979,0.0016061230562627316
,,,48,,,,,,,,,,,,,,,,,,,,,,,,,,,,,160989,0.37641870975494385
,,,48,,,,,,,,,,,,,,,,,,,,,,,,,,,,,160999,0.00762589368969202
,,,48,,,,,,,,,,,,,,,,,,,,,,,,,,,,,161009,0.00674041360616684
,,,48,,,,,,,,,,,,,,,,,,,,,,,,,,,,,161019,0.33303552865982056
,,,48,,,,,,,,,,,,,,,,,,,,,,,,,,,,,161029,0.08978220820426941
,,,48,,,,,,,,,,,,,,,,,,,,,,,,,,,,,161039,0.5008331537246704
,,,48,,,,,,,,,,,,,,,,,,,,,,,,,,,,,161049,0.0020505120046436787
,,,48,,,,,,,,,,,,,,,,,,,,,,,,,,,,,161059,0.41295188665390015
,,,48,,,,,,,,,,,,,,,,,,,,,,,,,,,,,161069,0.06195569038391113
,,,48,,,,,,,,,,,,,,,,,,,,,,,,,,,,,161079,0.05227750539779663
,,,48,,,,,,,,,,,,,,,,,,,,,,,,,,,,,161089,0.03166165202856064
,,,48,,,,,,,,,,,,,,,,,,,,,,,,,,,,,161099,0.01166293304413557
,,,48,,,,,,,,,,,,,,,,,,,,,,,,,,,,,161109,0.0022815465927124023
,,,48,,,,,,,,,,,,,,,,,,,,,,,,,,,,,161119,0.0257880836725235
,,,48,,,,,,,,,,,,,,,,,,,,,,,,,,,,,161129,0.11454357206821442
,,,48,,,,,,,,,,,,,,,,,,,,,,,,,,,,,161139,0.4587578773498535
,,,48,,,,,,,,,,,,,,,,,,,,,,,,,,,,,161149,0.17447823286056519
,,,48,,,,,,,,,,,,,,,,,,,,,,,,,,,,,161159,0.022686099633574486
,,,48,,,,,,,,,,,,,,,,,,,,,,,,,,,,,161169,0.0013939394848421216
,,,48,,,,,,,,,,,,,,,,,,,,,,,,,,,,,161179,0.8618324995040894
,,,48,,,,,,,,,,,,,,,,,,,,,,,,,,,,,161189,0.37568914890289307
,,,48,,,,,,,,,,,,,,,,,,,,,,,,,,,,,161199,0.5177162289619446
,,,48,,,,,,,,,,,,,,,,,,,,,,,,,,,,,161209,0.0025816988199949265
,,,48,,,,,,,,,,,,,,,,,,,,,,,,,,,,,161219,0.007241666316986084
,,,48,,,,,,,,,,,,,,,,,,,,,,,,,,,,,161229,0.027086716145277023
,,,48,,,,,,,,,,,,,,,,,,,,,,,,,,,,,161239,0.03801101818680763
,,,48,,,,,,,,,,,,,,,,,,,,,,,,,,,,,161249,0.1758611500263214
,,,48,,,,,,,,,,,,,,,,,,,,,,,,,,,,,161259,0.11856823414564133
,,,48,,,,,,,,,,,,,,,,,,,,,,,,,,,,,161269,0.07001372426748276
,,,48,,,,,,,,,,,,,,,,,,,,,,,,,,,,,161279,0.7813928723335266
,,,48,,,,,,,,,,,,,,,,,,,,,,,,,,,,,161289,0.014747586101293564
,,,48,,,,,,,,,,,,,,,,,,,,,,,,,,,,,161299,0.2223457396030426
,,,48,,,,,,,,,,,,,,,,,,,,,,,,,,,,,161309,0.004457083065062761
,,,48,,,,,,,,,,,,,,,,,,,,,,,,,,,,,161319,0.013464276678860188
,,,48,,,,,,,,,,,,,,,,,,,,,,,,,,,,,161329,0.008947609923779964
,,,48,,,,,,,,,,,,,,,,,,,,,,,,,,,,,161339,0.0049837492406368256
,,,48,,,,,,,,,,,,,,,,,,,,,,,,,,,,,161349,0.005463867913931608
,,,48,,,,,,,,,,,,,,,,,,,,,,,,,,,,,161359,0.004125912208110094
,,,48,,,,,,,,,,,,,,,,,,,,,,,,,,,,,161369,0.6014174222946167
,,,48,,,,,,,,,,,,,,,,,,,,,,,,,,,,,161379,0.18195873498916626
,,,48,,,,,,,,,,,,,,,,,,,,,,,,,,,,,161389,0.48291754722595215
,,,48,,,,,,,,,,,,,,,,,,,,,,,,,,,,,161399,0.0038873166777193546
,,,48,,,,,,,,,,,,,,,,,,,,,,,,,,,,,161409,0.6903297305107117
,,,48,,,,,,,,,,,,,,,,,,,,,,,,,,,,,161419,0.004976626485586166
,,,48,,,,,,,,,,,,,,,,,,,,,,,,,,,,,161429,0.06765540689229965
,,,48,,,,,,,,,,,,,,,,,,,,,,,,,,,,,161439,0.004115236923098564
,,,48,,,,,,,,,,,,,,,,,,,,,,,,,,,,,161449,0.004611449781805277
,,,48,,,,,,,,,,,,,,,,,,,,,,,,,,,,,161459,0.010014254599809647
,,,48,,,,,,,,,,,,,,,,,,,,,,,,,,,,,161469,0.477576345205307
,,,48,,,,,,,,,,,,,,,,,,,,,,,,,,,,,161479,0.02305433340370655
,,,48,,,,,,,,,,,,,,,,,,,,,,,,,,,,,161489,0.12074080109596252
,,,48,,,,,,,,,,,,,,,,,,,,,,,,,,,,,161499,0.3744037449359894
,,,48,,,,,,,,,,,,,,,,,,,,,,,,,,,,,161509,0.6886820197105408
,,,48,,,,,,,,,,,,,,,,,,,,,,,,,,,,,161519,0.0028240191750228405
,,,48,,,,,,,,,,,,,,,,,,,,,,,,,,,,,161529,0.010762245394289494
,,,48,,,,,,,,,,,,,,,,,,,,,,,,,,,,,161539,0.013376050628721714
,,,48,,,,,,,,,,,,,,,,,,,,,,,,,,,,,161549,0.043299414217472076
,,,48,,,,,,,,,,,,,,,,,,,,,,,,,,,,,161559,0.29578834772109985
,,,48,,,,,,,,,,,,,,,,,,,,,,,,,,,,,161569,0.18171873688697815
,,,48,,,,,,,,,,,,,,,,,,,,,,,,,,,,,161579,0.010981686413288116
,,,48,,,,,,,,,,,,,,,,,,,,,,,,,,,,,161589,0.32267799973487854
,,,48,,,,,,,,,,,,,,,,,,,,,,,,,,,,,161599,0.01977071352303028
,,,48,,,,,,,,,,,,,,,,,,,,,,,,,,,,,161609,0.002846897579729557
,,,48,,,,,,,,,,,,,,,,,,,,,,,,,,,,,161619,0.09140194952487946
,,,48,,,,,,,,,,,,,,,,,,,,,,,,,,,,,161629,0.004512883722782135
,,,48,,,,,,,,,,,,,,,,,,,,,,,,,,,,,161639,0.2810841500759125
,,,48,,,,,,,,,,,,,,,,,,,,,,,,,,,,,161649,0.8092089891433716
,,,48,,,,,,,,,,,,,,,,,,,,,,,,,,,,,161659,0.21628034114837646
,,,48,,,,,,,,,,,,,,,,,,,,,,,,,,,,,161669,0.42221444845199585
,,,48,,,,,,,,,,,,,,,,,,,,,,,,,,,,,161679,0.6371496915817261
,,,48,,,,,,,,,,,,,,,,,,,,,,,,,,,,,161689,0.037220437079668045
,,,48,,,,,,,,,,,,,,,,,,,,,,,,,,,,,161699,0.002978956326842308
,,,48,,,,,,,,,,,,,,,,,,,,,,,,,,,,,161709,0.17429369688034058
,,,48,,,,,,,,,,,,,,,,,,,,,,,,,,,,,161719,0.28161540627479553
,,,48,,,,,,,,,,,,,,,,,,,,,,,,,,,,,161729,0.10581568628549576
,,,48,,,,,,,,,,,,,,,,,,,,,,,,,,,,,161739,0.00907273218035698
,,,48,,,,,,,,,,,,,,,,,,,,,,,,,,,,,161749,0.17679928243160248
,,,48,,,,,,,,,,,,,,,,,,,,,,,,,,,,,161759,0.006767835468053818
,,,48,,,,,,,,,,,,,,,,,,,,,,,,,,,,,161769,0.2001853734254837
,,,48,,,,,,,,,,,,,,,,,,,,,,,,,,,,,161779,0.005686115939170122
,,,48,,,,,,,,,,,,,,,,,,,,,,,,,,,,,161789,0.04876319691538811
,,,48,,,,,,,,,,,,,,,,,,,,,,,,,,,,,161799,0.013229722157120705
,,,48,,,,,,,,,,,,,,,,,,,,,,,,,,,,,161809,0.0013179967645555735
,,,48,,,,,,,,,,,,,,,,,,,,,,,,,,,,,161819,0.0327032133936882
,,,48,,,,,,,,,,,,,,,,,,,,,,,,,,,,,161829,0.03884147107601166
,,,48,,,,,,,,,,,,,,,,,,,,,,,,,,,,,161839,0.3915065824985504
,,,48,,,,,,,,,,,,,,,,,,,,,,,,,,,,,161849,0.015369619242846966
,,,48,,,,,,,,,,,,,,,,,,,,,,,,,,,,,161859,0.004061058163642883
,,,48,,,,,,,,,,,,,,,,,,,,,,,,,,,,,161869,0.00825638510286808
,,,48,,,,,,,,,,,,,,,,,,,,,,,,,,,,,161879,0.004963664337992668
,,,48,,,,,,,,,,,,,,,,,,,,,,,,,,,,,161889,0.002811491023749113
,,,48,,,,,,,,,,,,,,,,,,,,,,,,,,,,,161899,0.013303768821060658
,,,48,,,,,,,,,,,,,,,,,,,,,,,,,,,,,161909,0.5608100891113281
,,,48,,,,,,,,,,,,,,,,,,,,,,,,,,,,,161919,0.026417508721351624
,,,48,,,,,,,,,,,,,,,,,,,,,,,,,,,,,161929,0.14675845205783844
,,,48,,,,,,,,,,,,,,,,,,,,,,,,,,,,,161939,0.4106200039386749
,,,48,,,,,,,,,,,,,,,,,,,,,,,,,,,,,161949,0.0033664419315755367
,,,48,,,,,,,,,,,,,,,,,,,,,,,,,,,,,161959,0.011688877828419209
,,,48,,,,,,,,,,,,,,,,,,,,,,,,,,,,,161969,0.06346984952688217
,,,48,,,,,,,,,,,,,,,,,,,,,,,,,,,,,161979,0.014678376726806164
,,,48,,,,,,,,,,,,,,,,,,,,,,,,,,,,,161989,0.06986159831285477
,,,48,,,,,,,,,,,,,,,,,,,,,,,,,,,,,161999,0.015438087284564972
,,,48,,,,,,,,,,,,,,,,,,,,,,,,,,,,,162009,0.029920578002929688
,,,48,,,,,,,,,,,,,,,,,,,,,,,,,,,,,162019,0.0029519747477024794
,,,48,,,,,,,,,,,,,,,,,,,,,,,,,,,,,162029,0.006202876567840576
,,,48,,,,,,,,,,,,,,,,,,,,,,,,,,,,,162039,1.1493767499923706
,,,48,,,,,,,,,,,,,,,,,,,,,,,,,,,,,162049,0.002702256664633751
,,,48,,,,,,,,,,,,,,,,,,,,,,,,,,,,,162059,0.0036790177691727877
,,,48,,,,,,,,,,,,,,,,,,,,,,,,,,,,,162069,0.059863295406103134
,,,48,,,,,,,,,,,,,,,,,,,,,,,,,,,,,162079,0.0021159574389457703
,,,48,,,,,,,,,,,,,,,,,,,,,,,,,,,,,162089,0.007207624614238739
,,,48,,,,,,,,,,,,,,,,,,,,,,,,,,,,,162099,0.003771955380216241
,,,48,,,,,,,,,,,,,,,,,,,,,,,,,,,,,162109,0.07645948231220245
,,,48,,,,,,,,,,,,,,,,,,,,,,,,,,,,,162119,0.14324823021888733
,,,48,,,,,,,,,,,,,,,,,,,,,,,,,,,,,162129,0.06567015498876572
,,,48,,,,,,,,,,,,,,,,,,,,,,,,,,,,,162139,0.050420284271240234
,,,48,,,,,,,,,,,,,,,,,,,,,,,,,,,,,162149,0.0023035469930619
,,,48,,,,,,,,,,,,,,,,,,,,,,,,,,,,,162159,0.009347686544060707
,,,48,,,,,,,,,,,,,,,,,,,,,,,,,,,,,162169,0.02740192413330078
,,,48,,,,,,,,,,,,,,,,,,,,,,,,,,,,,162179,0.12698353826999664
,,,48,,,,,,,,,,,,,,,,,,,,,,,,,,,,,162189,0.06493988633155823
,,,,6.927852099694989e-10,3.881013745846427e-09,5.970790378225272e-09,5.970790378225272e-09,9.185831351115802e-09,9.185831351115802e-09,1.413204823248585e-08,1.413204823248585e-08,2.1741612665362845e-08,2.1741612665362845e-08,3.344863486978899e-08,6.927852099694989e-10,3.344863486978899e-08,5.145943826121383e-08,5.145943826121383e-08,7.916836655571358e-08,7.916836655571358e-08,1.2179748700879012e-07,1.2179748700879012e-07,1.2179748700879012e-07,1.2179748700879012e-07,1.065823399953075e-09,1.065823399953075e-09,1.6397283076201156e-09,1.6397283076201156e-09,2.5226589348001775e-09,2.5226589348001775e-09,3.881013745846427e-09,162191,
,,,49,,,,,,,,,,,,,,,,,,,,,,,,,,,,,162199,0.025702953338623047
,,,49,,,,,,,,,,,,,,,,,,,,,,,,,,,,,162209,0.001773447380401194
,,,49,,,,,,,,,,,,,,,,,,,,,,,,,,,,,162219,0.016772227361798286
,,,49,,,,,,,,,,,,,,,,,,,,,,,,,,,,,162229,0.002460228046402335
,,,49,,,,,,,,,,,,,,,,,,,,,,,,,,,,,162239,0.722405195236206
,,,49,,,,,,,,,,,,,,,,,,,,,,,,,,,,,162249,0.05189504846930504
,,,49,,,,,,,,,,,,,,,,,,,,,,,,,,,,,162259,0.022588742896914482
,,,49,,,,,,,,,,,,,,,,,,,,,,,,,,,,,162269,0.4834713339805603
,,,49,,,,,,,,,,,,,,,,,,,,,,,,,,,,,162279,0.005300636403262615
,,,49,,,,,,,,,,,,,,,,,,,,,,,,,,,,,162289,0.038117218762636185
,,,49,,,,,,,,,,,,,,,,,,,,,,,,,,,,,162299,0.2196546047925949
,,,49,,,,,,,,,,,,,,,,,,,,,,,,,,,,,162309,0.09246566891670227
,,,49,,,,,,,,,,,,,,,,,,,,,,,,,,,,,162319,0.4011044204235077
,,,49,,,,,,,,,,,,,,,,,,,,,,,,,,,,,162329,0.011738198809325695
,,,49,,,,,,,,,,,,,,,,,,,,,,,,,,,,,162339,0.001478114747442305
,,,49,,,,,,,,,,,,,,,,,,,,,,,,,,,,,162349,0.007399990223348141
,,,49,,,,,,,,,,,,,,,,,,,,,,,,,,,,,162359,0.010565717704594135
,,,49,,,,,,,,,,,,,,,,,,,,,,,,,,,,,162369,0.002991307061165571
,,,49,,,,,,,,,,,,,,,,,,,,,,,,,,,,,162379,0.00308511801995337
,,,49,,,,,,,,,,,,,,,,,,,,,,,,,,,,,162389,0.2645764946937561
,,,49,,,,,,,,,,,,,,,,,,,,,,,,,,,,,162399,0.3507740795612335
,,,49,,,,,,,,,,,,,,,,,,,,,,,,,,,,,162409,0.055942602455616
,,,49,,,,,,,,,,,,,,,,,,,,,,,,,,,,,162419,0.016366595402359962
,,,49,,,,,,,,,,,,,,,,,,,,,,,,,,,,,162429,0.02519608475267887
,,,49,,,,,,,,,,,,,,,,,,,,,,,,,,,,,162439,0.00882819015532732
,,,49,,,,,,,,,,,,,,,,,,,,,,,,,,,,,162449,0.7698574066162109
,,,49,,,,,,,,,,,,,,,,,,,,,,,,,,,,,162459,0.002873640041798353
,,,49,,,,,,,,,,,,,,,,,,,,,,,,,,,,,162469,0.026116695255041122
,,,49,,,,,,,,,,,,,,,,,,,,,,,,,,,,,162479,0.022222289815545082
,,,49,,,,,,,,,,,,,,,,,,,,,,,,,,,,,162489,0.011445507407188416
,,,49,,,,,,,,,,,,,,,,,,,,,,,,,,,,,162499,0.01998409815132618
,,,49,,,,,,,,,,,,,,,,,,,,,,,,,,,,,162509,0.10239526629447937
,,,49,,,,,,,,,,,,,,,,,,,,,,,,,,,,,162519,0.1038040742278099
,,,49,,,,,,,,,,,,,,,,,,,,,,,,,,,,,162529,0.14898648858070374
,,,49,,,,,,,,,,,,,,,,,,,,,,,,,,,,,162539,0.030198335647583008
,,,49,,,,,,,,,,,,,,,,,,,,,,,,,,,,,162549,1.1403976678848267
,,,49,,,,,,,,,,,,,,,,,,,,,,,,,,,,,162559,0.06734737753868103
,,,49,,,,,,,,,,,,,,,,,,,,,,,,,,,,,162569,0.31474068760871887
,,,49,,,,,,,,,,,,,,,,,,,,,,,,,,,,,162579,0.018456319347023964
,,,49,,,,,,,,,,,,,,,,,,,,,,,,,,,,,162589,0.057827334851026535
,,,49,,,,,,,,,,,,,,,,,,,,,,,,,,,,,162599,0.1623273640871048
,,,49,,,,,,,,,,,,,,,,,,,,,,,,,,,,,162609,1.100210428237915
,,,49,,,,,,,,,,,,,,,,,,,,,,,,,,,,,162619,0.06565376371145248
,,,49,,,,,,,,,,,,,,,,,,,,,,,,,,,,,162629,0.05829305946826935
,,,49,,,,,,,,,,,,,,,,,,,,,,,,,,,,,162639,0.007508812006562948
,,,49,,,,,,,,,,,,,,,,,,,,,,,,,,,,,162649,0.1373390406370163
,,,49,,,,,,,,,,,,,,,,,,,,,,,,,,,,,162659,0.020913684740662575
,,,49,,,,,,,,,,,,,,,,,,,,,,,,,,,,,162669,0.12845419347286224
,,,49,,,,,,,,,,,,,,,,,,,,,,,,,,,,,162679,0.004279371816664934
,,,49,,,,,,,,,,,,,,,,,,,,,,,,,,,,,162689,0.03711896389722824
,,,49,,,,,,,,,,,,,,,,,,,,,,,,,,,,,162699,0.10995394736528397
,,,49,,,,,,,,,,,,,,,,,,,,,,,,,,,,,162709,0.0025140864308923483
,,,49,,,,,,,,,,,,,,,,,,,,,,,,,,,,,162719,0.16972988843917847
,,,49,,,,,,,,,,,,,,,,,,,,,,,,,,,,,162729,0.09329613298177719
,,,49,,,,,,,,,,,,,,,,,,,,,,,,,,,,,162739,0.17187710106372833
,,,49,,,,,,,,,,,,,,,,,,,,,,,,,,,,,162749,0.10778281092643738
,,,49,,,,,,,,,,,,,,,,,,,,,,,,,,,,,162759,0.14998550713062286
,,,49,,,,,,,,,,,,,,,,,,,,,,,,,,,,,162769,0.012394282966852188
,,,49,,,,,,,,,,,,,,,,,,,,,,,,,,,,,162779,0.012618262320756912
,,,49,,,,,,,,,,,,,,,,,,,,,,,,,,,,,162789,1.4548052549362183
,,,49,,,,,,,,,,,,,,,,,,,,,,,,,,,,,162799,0.020562509074807167
,,,49,,,,,,,,,,,,,,,,,,,,,,,,,,,,,162809,0.3007551431655884
,,,49,,,,,,,,,,,,,,,,,,,,,,,,,,,,,162819,0.0023799710907042027
,,,49,,,,,,,,,,,,,,,,,,,,,,,,,,,,,162829,0.04956795275211334
,,,49,,,,,,,,,,,,,,,,,,,,,,,,,,,,,162839,0.10226092487573624
,,,49,,,,,,,,,,,,,,,,,,,,,,,,,,,,,162849,0.005803286097943783
,,,49,,,,,,,,,,,,,,,,,,,,,,,,,,,,,162859,0.016572032123804092
,,,49,,,,,,,,,,,,,,,,,,,,,,,,,,,,,162869,0.03169631585478783
,,,49,,,,,,,,,,,,,,,,,,,,,,,,,,,,,162879,0.004150358960032463
,,,49,,,,,,,,,,,,,,,,,,,,,,,,,,,,,162889,0.004620853345841169
,,,49,,,,,,,,,,,,,,,,,,,,,,,,,,,,,162899,1.006697416305542
,,,49,,,,,,,,,,,,,,,,,,,,,,,,,,,,,162909,0.697346568107605
,,,49,,,,,,,,,,,,,,,,,,,,,,,,,,,,,162919,0.019013741984963417
,,,49,,,,,,,,,,,,,,,,,,,,,,,,,,,,,162929,0.02218116819858551
,,,49,,,,,,,,,,,,,,,,,,,,,,,,,,,,,162939,0.21427884697914124
,,,49,,,,,,,,,,,,,,,,,,,,,,,,,,,,,162949,0.002539070090278983
,,,49,,,,,,,,,,,,,,,,,,,,,,,,,,,,,162959,0.012174198403954506
,,,49,,,,,,,,,,,,,,,,,,,,,,,,,,,,,162969,0.1196688786149025
,,,49,,,,,,,,,,,,,,,,,,,,,,,,,,,,,162979,0.1941148042678833
,,,49,,,,,,,,,,,,,,,,,,,,,,,,,,,,,162989,0.5094711184501648
,,,49,,,,,,,,,,,,,,,,,,,,,,,,,,,,,162999,0.00899956189095974
,,,49,,,,,,,,,,,,,,,,,,,,,,,,,,,,,163009,0.6000457406044006
,,,49,,,,,,,,,,,,,,,,,,,,,,,,,,,,,163019,0.089310422539711
,,,49,,,,,,,,,,,,,,,,,,,,,,,,,,,,,163029,0.19869062304496765
,,,49,,,,,,,,,,,,,,,,,,,,,,,,,,,,,163039,0.015130926854908466
,,,49,,,,,,,,,,,,,,,,,,,,,,,,,,,,,163049,0.003033627290278673
,,,49,,,,,,,,,,,,,,,,,,,,,,,,,,,,,163059,0.002014156198129058
,,,49,,,,,,,,,,,,,,,,,,,,,,,,,,,,,163069,0.08319997787475586
,,,49,,,,,,,,,,,,,,,,,,,,,,,,,,,,,163079,1.2054675817489624
,,,49,,,,,,,,,,,,,,,,,,,,,,,,,,,,,163089,0.3711787164211273
,,,49,,,,,,,,,,,,,,,,,,,,,,,,,,,,,163099,0.020901326090097427
,,,49,,,,,,,,,,,,,,,,,,,,,,,,,,,,,163109,0.1280992031097412
,,,49,,,,,,,,,,,,,,,,,,,,,,,,,,,,,163119,0.2694006562232971
,,,49,,,,,,,,,,,,,,,,,,,,,,,,,,,,,163129,0.013961663469672203
,,,49,,,,,,,,,,,,,,,,,,,,,,,,,,,,,163139,0.007138846442103386
,,,49,,,,,,,,,,,,,,,,,,,,,,,,,,,,,163149,0.011532997712492943
,,,49,,,,,,,,,,,,,,,,,,,,,,,,,,,,,163159,0.040222443640232086
,,,49,,,,,,,,,,,,,,,,,,,,,,,,,,,,,163169,0.027053644880652428
,,,49,,,,,,,,,,,,,,,,,,,,,,,,,,,,,163179,0.014432244002819061
,,,49,,,,,,,,,,,,,,,,,,,,,,,,,,,,,163189,0.00326859881170094
,,,49,,,,,,,,,,,,,,,,,,,,,,,,,,,,,163199,0.006969021167606115
,,,49,,,,,,,,,,,,,,,,,,,,,,,,,,,,,163209,0.04088529944419861
,,,49,,,,,,,,,,,,,,,,,,,,,,,,,,,,,163219,0.0018352618208155036
,,,49,,,,,,,,,,,,,,,,,,,,,,,,,,,,,163229,0.004650740418583155
,,,49,,,,,,,,,,,,,,,,,,,,,,,,,,,,,163239,0.024661624804139137
,,,49,,,,,,,,,,,,,,,,,,,,,,,,,,,,,163249,0.0021603580098599195
,,,49,,,,,,,,,,,,,,,,,,,,,,,,,,,,,163259,0.002174296649172902
,,,49,,,,,,,,,,,,,,,,,,,,,,,,,,,,,163269,0.005020125303417444
,,,49,,,,,,,,,,,,,,,,,,,,,,,,,,,,,163279,0.0016610559541732073
,,,49,,,,,,,,,,,,,,,,,,,,,,,,,,,,,163289,0.03528863936662674
,,,49,,,,,,,,,,,,,,,,,,,,,,,,,,,,,163299,0.013285216875374317
,,,49,,,,,,,,,,,,,,,,,,,,,,,,,,,,,163309,0.010156025178730488
,,,49,,,,,,,,,,,,,,,,,,,,,,,,,,,,,163319,0.1035652831196785
,,,49,,,,,,,,,,,,,,,,,,,,,,,,,,,,,163329,0.8969652056694031
,,,49,,,,,,,,,,,,,,,,,,,,,,,,,,,,,163339,0.013474353589117527
,,,49,,,,,,,,,,,,,,,,,,,,,,,,,,,,,163349,0.004468830768018961
,,,49,,,,,,,,,,,,,,,,,,,,,,,,,,,,,163359,0.031688448041677475
,,,49,,,,,,,,,,,,,,,,,,,,,,,,,,,,,163369,0.005710358265787363
,,,49,,,,,,,,,,,,,,,,,,,,,,,,,,,,,163379,0.004268171731382608
,,,49,,,,,,,,,,,,,,,,,,,,,,,,,,,,,163389,0.4941178858280182
,,,49,,,,,,,,,,,,,,,,,,,,,,,,,,,,,163399,0.020721493288874626
,,,49,,,,,,,,,,,,,,,,,,,,,,,,,,,,,163409,0.13965384662151337
,,,49,,,,,,,,,,,,,,,,,,,,,,,,,,,,,163419,0.004964607302099466
,,,49,,,,,,,,,,,,,,,,,,,,,,,,,,,,,163429,0.001506284810602665
,,,49,,,,,,,,,,,,,,,,,,,,,,,,,,,,,163439,0.0076311202719807625
,,,49,,,,,,,,,,,,,,,,,,,,,,,,,,,,,163449,0.013169528916478157
,,,49,,,,,,,,,,,,,,,,,,,,,,,,,,,,,163459,0.05653790757060051
,,,49,,,,,,,,,,,,,,,,,,,,,,,,,,,,,163469,0.002091740258038044
,,,49,,,,,,,,,,,,,,,,,,,,,,,,,,,,,163479,0.005428274627774954
,,,49,,,,,,,,,,,,,,,,,,,,,,,,,,,,,163489,0.37022438645362854
,,,49,,,,,,,,,,,,,,,,,,,,,,,,,,,,,163499,0.005083826370537281
,,,49,,,,,,,,,,,,,,,,,,,,,,,,,,,,,163509,0.0951484963297844
,,,49,,,,,,,,,,,,,,,,,,,,,,,,,,,,,163519,0.005166048649698496
,,,49,,,,,,,,,,,,,,,,,,,,,,,,,,,,,163529,0.285052627325058
,,,49,,,,,,,,,,,,,,,,,,,,,,,,,,,,,163539,0.0029346346855163574
,,,49,,,,,,,,,,,,,,,,,,,,,,,,,,,,,163549,0.021432463079690933
,,,49,,,,,,,,,,,,,,,,,,,,,,,,,,,,,163559,0.4096844792366028
,,,49,,,,,,,,,,,,,,,,,,,,,,,,,,,,,163569,0.004533146973699331
,,,49,,,,,,,,,,,,,,,,,,,,,,,,,,,,,163579,0.08487912267446518
,,,49,,,,,,,,,,,,,,,,,,,,,,,,,,,,,163589,0.14929746091365814
,,,49,,,,,,,,,,,,,,,,,,,,,,,,,,,,,163599,0.010045669972896576
,,,49,,,,,,,,,,,,,,,,,,,,,,,,,,,,,163609,0.008708120323717594
,,,49,,,,,,,,,,,,,,,,,,,,,,,,,,,,,163619,0.012151938863098621
,,,49,,,,,,,,,,,,,,,,,,,,,,,,,,,,,163629,0.014033778570592403
,,,49,,,,,,,,,,,,,,,,,,,,,,,,,,,,,163639,0.0016905016964301467
,,,49,,,,,,,,,,,,,,,,,,,,,,,,,,,,,163649,0.004770346451550722
,,,49,,,,,,,,,,,,,,,,,,,,,,,,,,,,,163659,0.005197741556912661
,,,49,,,,,,,,,,,,,,,,,,,,,,,,,,,,,163669,0.33526483178138733
,,,49,,,,,,,,,,,,,,,,,,,,,,,,,,,,,163679,0.31092917919158936
,,,49,,,,,,,,,,,,,,,,,,,,,,,,,,,,,163689,0.01138916052877903
,,,49,,,,,,,,,,,,,,,,,,,,,,,,,,,,,163699,0.002966143423691392
,,,49,,,,,,,,,,,,,,,,,,,,,,,,,,,,,163709,0.005501045845448971
,,,49,,,,,,,,,,,,,,,,,,,,,,,,,,,,,163719,0.4102412760257721
,,,49,,,,,,,,,,,,,,,,,,,,,,,,,,,,,163729,0.09333887696266174
,,,49,,,,,,,,,,,,,,,,,,,,,,,,,,,,,163739,0.00434131408110261
,,,49,,,,,,,,,,,,,,,,,,,,,,,,,,,,,163749,0.34678569436073303
,,,49,,,,,,,,,,,,,,,,,,,,,,,,,,,,,163759,0.2216152846813202
,,,49,,,,,,,,,,,,,,,,,,,,,,,,,,,,,163769,1.8100128173828125
,,,49,,,,,,,,,,,,,,,,,,,,,,,,,,,,,163779,0.02767116203904152
,,,49,,,,,,,,,,,,,,,,,,,,,,,,,,,,,163789,0.006609292235225439
,,,49,,,,,,,,,,,,,,,,,,,,,,,,,,,,,163799,0.2228769212961197
,,,49,,,,,,,,,,,,,,,,,,,,,,,,,,,,,163809,0.03834477439522743
,,,49,,,,,,,,,,,,,,,,,,,,,,,,,,,,,163819,1.1781367063522339
,,,49,,,,,,,,,,,,,,,,,,,,,,,,,,,,,163829,0.0023471959866583347
,,,49,,,,,,,,,,,,,,,,,,,,,,,,,,,,,163839,0.0032149015460163355
,,,49,,,,,,,,,,,,,,,,,,,,,,,,,,,,,163849,0.00608382374048233
,,,49,,,,,,,,,,,,,,,,,,,,,,,,,,,,,163859,0.0037219764199107885
,,,49,,,,,,,,,,,,,,,,,,,,,,,,,,,,,163869,0.3500998914241791
,,,49,,,,,,,,,,,,,,,,,,,,,,,,,,,,,163879,0.37796711921691895
,,,49,,,,,,,,,,,,,,,,,,,,,,,,,,,,,163889,0.043949224054813385
,,,49,,,,,,,,,,,,,,,,,,,,,,,,,,,,,163899,0.11393161118030548
,,,49,,,,,,,,,,,,,,,,,,,,,,,,,,,,,163909,1.372267246246338
,,,49,,,,,,,,,,,,,,,,,,,,,,,,,,,,,163919,0.006487912964075804
,,,49,,,,,,,,,,,,,,,,,,,,,,,,,,,,,163929,0.009408881887793541
,,,49,,,,,,,,,,,,,,,,,,,,,,,,,,,,,163939,0.011919715441763401
,,,49,,,,,,,,,,,,,,,,,,,,,,,,,,,,,163949,0.08995421975851059
,,,49,,,,,,,,,,,,,,,,,,,,,,,,,,,,,163959,0.01609133929014206
,,,49,,,,,,,,,,,,,,,,,,,,,,,,,,,,,163969,0.28816959261894226
,,,49,,,,,,,,,,,,,,,,,,,,,,,,,,,,,163979,0.00522746704518795
,,,49,,,,,,,,,,,,,,,,,,,,,,,,,,,,,163989,0.00625411095097661
,,,49,,,,,,,,,,,,,,,,,,,,,,,,,,,,,163999,0.010550246573984623
,,,49,,,,,,,,,,,,,,,,,,,,,,,,,,,,,164009,0.006721045356243849
,,,49,,,,,,,,,,,,,,,,,,,,,,,,,,,,,164019,0.02035772055387497
,,,49,,,,,,,,,,,,,,,,,,,,,,,,,,,,,164029,0.007989225909113884
,,,49,,,,,,,,,,,,,,,,,,,,,,,,,,,,,164039,0.008618856780230999
,,,49,,,,,,,,,,,,,,,,,,,,,,,,,,,,,164049,0.3732805550098419
,,,49,,,,,,,,,,,,,,,,,,,,,,,,,,,,,164059,0.31036219000816345
,,,49,,,,,,,,,,,,,,,,,,,,,,,,,,,,,164069,0.03448275849223137
,,,49,,,,,,,,,,,,,,,,,,,,,,,,,,,,,164079,0.003560861339792609
,,,49,,,,,,,,,,,,,,,,,,,,,,,,,,,,,164089,0.0026790681295096874
,,,49,,,,,,,,,,,,,,,,,,,,,,,,,,,,,164099,0.03905540332198143
,,,49,,,,,,,,,,,,,,,,,,,,,,,,,,,,,164109,0.009581689722836018
,,,49,,,,,,,,,,,,,,,,,,,,,,,,,,,,,164119,0.11216825246810913
,,,49,,,,,,,,,,,,,,,,,,,,,,,,,,,,,164129,0.16554449498653412
,,,49,,,,,,,,,,,,,,,,,,,,,,,,,,,,,164139,0.172933429479599
,,,49,,,,,,,,,,,,,,,,,,,,,,,,,,,,,164149,0.007181316614151001
,,,49,,,,,,,,,,,,,,,,,,,,,,,,,,,,,164159,0.007034221664071083
,,,49,,,,,,,,,,,,,,,,,,,,,,,,,,,,,164169,0.02923075668513775
,,,49,,,,,,,,,,,,,,,,,,,,,,,,,,,,,164179,0.15970979630947113
,,,49,,,,,,,,,,,,,,,,,,,,,,,,,,,,,164189,0.019226716831326485
,,,49,,,,,,,,,,,,,,,,,,,,,,,,,,,,,164199,0.8775951266288757
,,,49,,,,,,,,,,,,,,,,,,,,,,,,,,,,,164209,0.026029055938124657
,,,49,,,,,,,,,,,,,,,,,,,,,,,,,,,,,164219,0.01795203611254692
,,,49,,,,,,,,,,,,,,,,,,,,,,,,,,,,,164229,0.003942583687603474
,,,49,,,,,,,,,,,,,,,,,,,,,,,,,,,,,164239,0.007587928790599108
,,,49,,,,,,,,,,,,,,,,,,,,,,,,,,,,,164249,0.0042399452067911625
,,,49,,,,,,,,,,,,,,,,,,,,,,,,,,,,,164259,0.004305232781916857
,,,49,,,,,,,,,,,,,,,,,,,,,,,,,,,,,164269,0.07562868297100067
,,,49,,,,,,,,,,,,,,,,,,,,,,,,,,,,,164279,0.016033848747611046
,,,49,,,,,,,,,,,,,,,,,,,,,,,,,,,,,164289,0.7916318774223328
,,,49,,,,,,,,,,,,,,,,,,,,,,,,,,,,,164299,0.008525862358510494
,,,49,,,,,,,,,,,,,,,,,,,,,,,,,,,,,164309,0.30179035663604736
,,,49,,,,,,,,,,,,,,,,,,,,,,,,,,,,,164319,0.8015565872192383
,,,49,,,,,,,,,,,,,,,,,,,,,,,,,,,,,164329,0.0015663651283830404
,,,49,,,,,,,,,,,,,,,,,,,,,,,,,,,,,164339,0.007975599728524685
,,,49,,,,,,,,,,,,,,,,,,,,,,,,,,,,,164349,0.10840342938899994
,,,49,,,,,,,,,,,,,,,,,,,,,,,,,,,,,164359,0.008696528151631355
,,,49,,,,,,,,,,,,,,,,,,,,,,,,,,,,,164369,0.011443044990301132
,,,49,,,,,,,,,,,,,,,,,,,,,,,,,,,,,164379,0.009700252674520016
,,,49,,,,,,,,,,,,,,,,,,,,,,,,,,,,,164389,0.2192390114068985
,,,49,,,,,,,,,,,,,,,,,,,,,,,,,,,,,164399,0.01717059500515461
,,,49,,,,,,,,,,,,,,,,,,,,,,,,,,,,,164409,0.22969043254852295
,,,49,,,,,,,,,,,,,,,,,,,,,,,,,,,,,164419,0.011907331645488739
,,,49,,,,,,,,,,,,,,,,,,,,,,,,,,,,,164429,0.16229484975337982
,,,49,,,,,,,,,,,,,,,,,,,,,,,,,,,,,164439,0.7517547607421875
,,,49,,,,,,,,,,,,,,,,,,,,,,,,,,,,,164449,0.007900452241301537
,,,49,,,,,,,,,,,,,,,,,,,,,,,,,,,,,164459,0.08732574433088303
,,,49,,,,,,,,,,,,,,,,,,,,,,,,,,,,,164469,0.6882115006446838
,,,49,,,,,,,,,,,,,,,,,,,,,,,,,,,,,164479,0.06225937604904175
,,,49,,,,,,,,,,,,,,,,,,,,,,,,,,,,,164489,0.008454712107777596
,,,49,,,,,,,,,,,,,,,,,,,,,,,,,,,,,164499,0.060822129249572754
,,,49,,,,,,,,,,,,,,,,,,,,,,,,,,,,,164509,0.5238709449768066
,,,49,,,,,,,,,,,,,,,,,,,,,,,,,,,,,164519,0.021746909245848656
,,,49,,,,,,,,,,,,,,,,,,,,,,,,,,,,,164529,0.1816435605287552
,,,49,,,,,,,,,,,,,,,,,,,,,,,,,,,,,164539,0.39896252751350403
,,,49,,,,,,,,,,,,,,,,,,,,,,,,,,,,,164549,0.015883928164839745
,,,49,,,,,,,,,,,,,,,,,,,,,,,,,,,,,164559,0.6268049478530884
,,,49,,,,,,,,,,,,,,,,,,,,,,,,,,,,,164569,0.010330401360988617
,,,49,,,,,,,,,,,,,,,,,,,,,,,,,,,,,164579,0.004399291705340147
,,,49,,,,,,,,,,,,,,,,,,,,,,,,,,,,,164589,0.002945154905319214
,,,49,,,,,,,,,,,,,,,,,,,,,,,,,,,,,164599,0.0014247343642637134
,,,49,,,,,,,,,,,,,,,,,,,,,,,,,,,,,164609,0.24984316527843475
,,,49,,,,,,,,,,,,,,,,,,,,,,,,,,,,,164619,0.028904544189572334
,,,49,,,,,,,,,,,,,,,,,,,,,,,,,,,,,164629,0.0634889006614685
,,,49,,,,,,,,,,,,,,,,,,,,,,,,,,,,,164639,0.005351340398192406
,,,49,,,,,,,,,,,,,,,,,,,,,,,,,,,,,164649,0.008835838176310062
,,,49,,,,,,,,,,,,,,,,,,,,,,,,,,,,,164659,0.11188120394945145
,,,49,,,,,,,,,,,,,,,,,,,,,,,,,,,,,164669,0.14993615448474884
,,,49,,,,,,,,,,,,,,,,,,,,,,,,,,,,,164679,0.00222715619020164
,,,49,,,,,,,,,,,,,,,,,,,,,,,,,,,,,164689,1.2022733688354492
,,,49,,,,,,,,,,,,,,,,,,,,,,,,,,,,,164699,0.3926604092121124
,,,49,,,,,,,,,,,,,,,,,,,,,,,,,,,,,164709,0.03745407611131668
,,,49,,,,,,,,,,,,,,,,,,,,,,,,,,,,,164719,0.20901523530483246
,,,49,,,,,,,,,,,,,,,,,,,,,,,,,,,,,164729,0.006679094396531582
,,,49,,,,,,,,,,,,,,,,,,,,,,,,,,,,,164739,0.0038728630170226097
,,,49,,,,,,,,,,,,,,,,,,,,,,,,,,,,,164749,0.0042619407176971436
,,,49,,,,,,,,,,,,,,,,,,,,,,,,,,,,,164759,0.12006748467683792
,,,49,,,,,,,,,,,,,,,,,,,,,,,,,,,,,164769,0.08093574643135071
,,,49,,,,,,,,,,,,,,,,,,,,,,,,,,,,,164779,0.004680300131440163
,,,49,,,,,,,,,,,,,,,,,,,,,,,,,,,,,164789,0.004085380584001541
,,,49,,,,,,,,,,,,,,,,,,,,,,,,,,,,,164799,0.002857169136404991
,,,49,,,,,,,,,,,,,,,,,,,,,,,,,,,,,164809,0.11812499910593033
,,,49,,,,,,,,,,,,,,,,,,,,,,,,,,,,,164819,0.016117073595523834
,,,49,,,,,,,,,,,,,,,,,,,,,,,,,,,,,164829,1.1912484169006348
,,,49,,,,,,,,,,,,,,,,,,,,,,,,,,,,,164839,1.7543905973434448
,,,49,,,,,,,,,,,,,,,,,,,,,,,,,,,,,164849,0.0033005401492118835
,,,49,,,,,,,,,,,,,,,,,,,,,,,,,,,,,164859,0.0031510863918811083
,,,49,,,,,,,,,,,,,,,,,,,,,,,,,,,,,164869,0.24799561500549316
,,,49,,,,,,,,,,,,,,,,,,,,,,,,,,,,,164879,0.06721556931734085
,,,49,,,,,,,,,,,,,,,,,,,,,,,,,,,,,164889,0.5129716992378235
,,,49,,,,,,,,,,,,,,,,,,,,,,,,,,,,,164899,0.3436720073223114
,,,49,,,,,,,,,,,,,,,,,,,,,,,,,,,,,164909,0.0011500658001750708
,,,49,,,,,,,,,,,,,,,,,,,,,,,,,,,,,164919,1.414719581604004
,,,49,,,,,,,,,,,,,,,,,,,,,,,,,,,,,164929,0.0063784741796553135
,,,49,,,,,,,,,,,,,,,,,,,,,,,,,,,,,164939,0.0036116496194154024
,,,49,,,,,,,,,,,,,,,,,,,,,,,,,,,,,164949,0.07535705715417862
,,,49,,,,,,,,,,,,,,,,,,,,,,,,,,,,,164959,0.10429537296295166
,,,49,,,,,,,,,,,,,,,,,,,,,,,,,,,,,164969,0.003321044845506549
,,,49,,,,,,,,,,,,,,,,,,,,,,,,,,,,,164979,0.028603428974747658
,,,49,,,,,,,,,,,,,,,,,,,,,,,,,,,,,164989,0.2035328596830368
,,,49,,,,,,,,,,,,,,,,,,,,,,,,,,,,,164999,0.04496229439973831
,,,49,,,,,,,,,,,,,,,,,,,,,,,,,,,,,165009,0.004343453329056501
,,,49,,,,,,,,,,,,,,,,,,,,,,,,,,,,,165019,0.0884699821472168
,,,49,,,,,,,,,,,,,,,,,,,,,,,,,,,,,165029,0.1413320153951645
,,,49,,,,,,,,,,,,,,,,,,,,,,,,,,,,,165039,0.0028233507182449102
,,,49,,,,,,,,,,,,,,,,,,,,,,,,,,,,,165049,0.04185916483402252
,,,49,,,,,,,,,,,,,,,,,,,,,,,,,,,,,165059,0.18317767977714539
,,,49,,,,,,,,,,,,,,,,,,,,,,,,,,,,,165069,0.005920466035604477
,,,49,,,,,,,,,,,,,,,,,,,,,,,,,,,,,165079,1.604872703552246
,,,49,,,,,,,,,,,,,,,,,,,,,,,,,,,,,165089,0.006723345723003149
,,,49,,,,,,,,,,,,,,,,,,,,,,,,,,,,,165099,0.3256531059741974
,,,49,,,,,,,,,,,,,,,,,,,,,,,,,,,,,165109,0.003767732996493578
,,,49,,,,,,,,,,,,,,,,,,,,,,,,,,,,,165119,0.03213761746883392
,,,49,,,,,,,,,,,,,,,,,,,,,,,,,,,,,165129,0.004413867834955454
,,,49,,,,,,,,,,,,,,,,,,,,,,,,,,,,,165139,0.04519684985280037
,,,49,,,,,,,,,,,,,,,,,,,,,,,,,,,,,165149,0.00935719721019268
,,,49,,,,,,,,,,,,,,,,,,,,,,,,,,,,,165159,0.5271607041358948
,,,49,,,,,,,,,,,,,,,,,,,,,,,,,,,,,165169,0.1981893926858902
,,,49,,,,,,,,,,,,,,,,,,,,,,,,,,,,,165179,0.007910852320492268
,,,49,,,,,,,,,,,,,,,,,,,,,,,,,,,,,165189,0.006309888791292906
,,,49,,,,,,,,,,,,,,,,,,,,,,,,,,,,,165199,0.019612587988376617
,,,49,,,,,,,,,,,,,,,,,,,,,,,,,,,,,165209,0.012942694127559662
,,,49,,,,,,,,,,,,,,,,,,,,,,,,,,,,,165219,0.02364758774638176
,,,49,,,,,,,,,,,,,,,,,,,,,,,,,,,,,165229,0.16519170999526978
,,,49,,,,,,,,,,,,,,,,,,,,,,,,,,,,,165239,0.010524892248213291
,,,49,,,,,,,,,,,,,,,,,,,,,,,,,,,,,165249,0.007092964369803667
,,,49,,,,,,,,,,,,,,,,,,,,,,,,,,,,,165259,0.002609811257570982
,,,49,,,,,,,,,,,,,,,,,,,,,,,,,,,,,165269,0.43499574065208435
,,,49,,,,,,,,,,,,,,,,,,,,,,,,,,,,,165279,0.1334908902645111
,,,49,,,,,,,,,,,,,,,,,,,,,,,,,,,,,165289,0.3900657594203949
,,,49,,,,,,,,,,,,,,,,,,,,,,,,,,,,,165299,0.07628989219665527
,,,49,,,,,,,,,,,,,,,,,,,,,,,,,,,,,165309,0.46955186128616333
,,,49,,,,,,,,,,,,,,,,,,,,,,,,,,,,,165319,0.01553373597562313
,,,49,,,,,,,,,,,,,,,,,,,,,,,,,,,,,165329,0.3456263840198517
,,,49,,,,,,,,,,,,,,,,,,,,,,,,,,,,,165339,0.08520031720399857
,,,49,,,,,,,,,,,,,,,,,,,,,,,,,,,,,165349,0.0027771368622779846
,,,49,,,,,,,,,,,,,,,,,,,,,,,,,,,,,165359,0.020875200629234314
,,,49,,,,,,,,,,,,,,,,,,,,,,,,,,,,,165369,0.3383815586566925
,,,49,,,,,,,,,,,,,,,,,,,,,,,,,,,,,165379,0.04658391699194908
,,,49,,,,,,,,,,,,,,,,,,,,,,,,,,,,,165389,0.3901650607585907
,,,49,,,,,,,,,,,,,,,,,,,,,,,,,,,,,165399,0.07927930355072021
,,,49,,,,,,,,,,,,,,,,,,,,,,,,,,,,,165409,0.02981628105044365
,,,49,,,,,,,,,,,,,,,,,,,,,,,,,,,,,165419,0.0023694406263530254
,,,49,,,,,,,,,,,,,,,,,,,,,,,,,,,,,165429,0.09084541350603104
,,,49,,,,,,,,,,,,,,,,,,,,,,,,,,,,,165439,0.1261286437511444
,,,49,,,,,,,,,,,,,,,,,,,,,,,,,,,,,165449,0.1490049958229065
,,,49,,,,,,,,,,,,,,,,,,,,,,,,,,,,,165459,0.0016716737300157547
,,,49,,,,,,,,,,,,,,,,,,,,,,,,,,,,,165469,0.17012275755405426
,,,49,,,,,,,,,,,,,,,,,,,,,,,,,,,,,165479,0.1941126137971878
,,,49,,,,,,,,,,,,,,,,,,,,,,,,,,,,,165489,0.0015445963945239782
,,,49,,,,,,,,,,,,,,,,,,,,,,,,,,,,,165499,0.012235076166689396
0.8715953230857849,0.8767123222351074,0.8665376901626587,49,,,,,,,,,,,,,,,,,,,,,,,,,,,,,165500,
