dev_f1,dev_precision,dev_recall,epoch,lr-AdamW/pg1,lr-AdamW/pg10,lr-AdamW/pg11,lr-AdamW/pg12,lr-AdamW/pg13,lr-AdamW/pg14,lr-AdamW/pg15,lr-AdamW/pg16,lr-AdamW/pg17,lr-AdamW/pg18,lr-AdamW/pg19,lr-AdamW/pg2,lr-AdamW/pg20,lr-AdamW/pg21,lr-AdamW/pg22,lr-AdamW/pg23,lr-AdamW/pg24,lr-AdamW/pg25,lr-AdamW/pg26,lr-AdamW/pg27,lr-AdamW/pg28,lr-AdamW/pg3,lr-AdamW/pg4,lr-AdamW/pg5,lr-AdamW/pg6,lr-AdamW/pg7,lr-AdamW/pg8,lr-AdamW/pg9,step,train_loss
,,,,1.1376018126211432e-07,6.372896257812503e-07,9.804455781250004e-07,9.804455781250004e-07,1.5083778125000004e-06,1.5083778125000004e-06,2.3205812500000007e-06,2.3205812500000007e-06,3.570125000000001e-06,3.570125000000001e-06,5.492500000000001e-06,1.1376018126211432e-07,5.492500000000001e-06,8.45e-06,8.45e-06,1.3000000000000003e-05,1.3000000000000003e-05,2e-05,2e-05,2e-05,2e-05,1.7501566348017586e-07,1.7501566348017586e-07,2.6925486689257825e-07,2.6925486689257825e-07,4.142382567578127e-07,4.142382567578127e-07,6.372896257812503e-07,0,
,,,0,,,,,,,,,,,,,,,,,,,,,,,,,,,,,9,4.241089820861816
,,,0,,,,,,,,,,,,,,,,,,,,,,,,,,,,,19,3.9302077293395996
,,,0,,,,,,,,,,,,,,,,,,,,,,,,,,,,,29,3.2279064655303955
,,,0,,,,,,,,,,,,,,,,,,,,,,,,,,,,,39,1.7626333236694336
,,,0,,,,,,,,,,,,,,,,,,,,,,,,,,,,,49,1.3393948078155518
,,,0,,,,,,,,,,,,,,,,,,,,,,,,,,,,,59,1.4718523025512695
,,,0,,,,,,,,,,,,,,,,,,,,,,,,,,,,,69,1.1975390911102295
,,,0,,,,,,,,,,,,,,,,,,,,,,,,,,,,,79,1.1134974956512451
,,,0,,,,,,,,,,,,,,,,,,,,,,,,,,,,,89,2.143678903579712
,,,0,,,,,,,,,,,,,,,,,,,,,,,,,,,,,99,0.7388355731964111
,,,0,,,,,,,,,,,,,,,,,,,,,,,,,,,,,109,1.2463159561157227
,,,0,,,,,,,,,,,,,,,,,,,,,,,,,,,,,119,1.0586650371551514
,,,0,,,,,,,,,,,,,,,,,,,,,,,,,,,,,129,0.514722466468811
,,,0,,,,,,,,,,,,,,,,,,,,,,,,,,,,,139,0.6495234370231628
,,,0,,,,,,,,,,,,,,,,,,,,,,,,,,,,,149,0.3396294116973877
,,,0,,,,,,,,,,,,,,,,,,,,,,,,,,,,,159,0.8826334476470947
,,,0,,,,,,,,,,,,,,,,,,,,,,,,,,,,,169,0.48803481459617615
,,,0,,,,,,,,,,,,,,,,,,,,,,,,,,,,,179,0.2537236213684082
,,,0,,,,,,,,,,,,,,,,,,,,,,,,,,,,,189,0.30842849612236023
,,,0,,,,,,,,,,,,,,,,,,,,,,,,,,,,,199,0.2607137858867645
,,,0,,,,,,,,,,,,,,,,,,,,,,,,,,,,,209,0.9640405178070068
,,,0,,,,,,,,,,,,,,,,,,,,,,,,,,,,,219,0.43623319268226624
,,,0,,,,,,,,,,,,,,,,,,,,,,,,,,,,,229,0.21577352285385132
,,,0,,,,,,,,,,,,,,,,,,,,,,,,,,,,,239,0.6165235638618469
,,,0,,,,,,,,,,,,,,,,,,,,,,,,,,,,,249,0.5193207859992981
,,,0,,,,,,,,,,,,,,,,,,,,,,,,,,,,,259,0.24937142431735992
,,,0,,,,,,,,,,,,,,,,,,,,,,,,,,,,,269,0.189312145113945
,,,0,,,,,,,,,,,,,,,,,,,,,,,,,,,,,279,1.0653060674667358
,,,0,,,,,,,,,,,,,,,,,,,,,,,,,,,,,289,0.09896194934844971
,,,0,,,,,,,,,,,,,,,,,,,,,,,,,,,,,299,0.14019633829593658
,,,0,,,,,,,,,,,,,,,,,,,,,,,,,,,,,309,0.75041264295578
,,,0,,,,,,,,,,,,,,,,,,,,,,,,,,,,,319,0.23904554545879364
,,,0,,,,,,,,,,,,,,,,,,,,,,,,,,,,,329,0.2119150459766388
,,,0,,,,,,,,,,,,,,,,,,,,,,,,,,,,,339,0.42465394735336304
,,,0,,,,,,,,,,,,,,,,,,,,,,,,,,,,,349,0.7534334063529968
,,,0,,,,,,,,,,,,,,,,,,,,,,,,,,,,,359,0.33839020133018494
,,,0,,,,,,,,,,,,,,,,,,,,,,,,,,,,,369,0.2817566394805908
,,,0,,,,,,,,,,,,,,,,,,,,,,,,,,,,,379,0.5644618272781372
,,,0,,,,,,,,,,,,,,,,,,,,,,,,,,,,,389,0.3268255591392517
,,,0,,,,,,,,,,,,,,,,,,,,,,,,,,,,,399,0.5820874571800232
,,,0,,,,,,,,,,,,,,,,,,,,,,,,,,,,,409,0.26320165395736694
,,,0,,,,,,,,,,,,,,,,,,,,,,,,,,,,,419,0.22272750735282898
,,,0,,,,,,,,,,,,,,,,,,,,,,,,,,,,,429,0.5778266787528992
,,,0,,,,,,,,,,,,,,,,,,,,,,,,,,,,,439,0.4115045368671417
,,,0,,,,,,,,,,,,,,,,,,,,,,,,,,,,,449,1.2069048881530762
,,,0,,,,,,,,,,,,,,,,,,,,,,,,,,,,,459,0.7797800898551941
,,,0,,,,,,,,,,,,,,,,,,,,,,,,,,,,,469,0.30202049016952515
,,,0,,,,,,,,,,,,,,,,,,,,,,,,,,,,,479,1.1912860870361328
,,,0,,,,,,,,,,,,,,,,,,,,,,,,,,,,,489,0.3028797209262848
,,,0,,,,,,,,,,,,,,,,,,,,,,,,,,,,,499,0.8841126561164856
,,,0,,,,,,,,,,,,,,,,,,,,,,,,,,,,,509,0.12891431152820587
,,,0,,,,,,,,,,,,,,,,,,,,,,,,,,,,,519,0.200901597738266
,,,0,,,,,,,,,,,,,,,,,,,,,,,,,,,,,529,0.26523587107658386
,,,0,,,,,,,,,,,,,,,,,,,,,,,,,,,,,539,0.8594778776168823
,,,0,,,,,,,,,,,,,,,,,,,,,,,,,,,,,549,0.2407466173171997
,,,0,,,,,,,,,,,,,,,,,,,,,,,,,,,,,559,0.7636280059814453
,,,0,,,,,,,,,,,,,,,,,,,,,,,,,,,,,569,0.4154784083366394
,,,0,,,,,,,,,,,,,,,,,,,,,,,,,,,,,579,0.22247184813022614
,,,0,,,,,,,,,,,,,,,,,,,,,,,,,,,,,589,0.09172374755144119
,,,0,,,,,,,,,,,,,,,,,,,,,,,,,,,,,599,0.08234985172748566
,,,0,,,,,,,,,,,,,,,,,,,,,,,,,,,,,609,0.42165979743003845
,,,0,,,,,,,,,,,,,,,,,,,,,,,,,,,,,619,0.6889167428016663
,,,0,,,,,,,,,,,,,,,,,,,,,,,,,,,,,629,0.40972819924354553
,,,0,,,,,,,,,,,,,,,,,,,,,,,,,,,,,639,0.48266756534576416
,,,0,,,,,,,,,,,,,,,,,,,,,,,,,,,,,649,1.501651406288147
,,,0,,,,,,,,,,,,,,,,,,,,,,,,,,,,,659,0.18254974484443665
,,,0,,,,,,,,,,,,,,,,,,,,,,,,,,,,,669,0.3761428892612457
,,,0,,,,,,,,,,,,,,,,,,,,,,,,,,,,,679,0.5658847093582153
,,,0,,,,,,,,,,,,,,,,,,,,,,,,,,,,,689,0.1709301769733429
,,,0,,,,,,,,,,,,,,,,,,,,,,,,,,,,,699,0.8800783753395081
,,,0,,,,,,,,,,,,,,,,,,,,,,,,,,,,,709,0.5027837753295898
,,,0,,,,,,,,,,,,,,,,,,,,,,,,,,,,,719,0.7346675992012024
,,,0,,,,,,,,,,,,,,,,,,,,,,,,,,,,,729,0.6119996309280396
,,,0,,,,,,,,,,,,,,,,,,,,,,,,,,,,,739,0.14660798013210297
,,,0,,,,,,,,,,,,,,,,,,,,,,,,,,,,,749,0.15235210955142975
,,,0,,,,,,,,,,,,,,,,,,,,,,,,,,,,,759,0.7771711349487305
,,,0,,,,,,,,,,,,,,,,,,,,,,,,,,,,,769,1.1167497634887695
,,,0,,,,,,,,,,,,,,,,,,,,,,,,,,,,,779,0.5831061601638794
,,,0,,,,,,,,,,,,,,,,,,,,,,,,,,,,,789,0.41472721099853516
,,,0,,,,,,,,,,,,,,,,,,,,,,,,,,,,,799,0.3688178062438965
,,,0,,,,,,,,,,,,,,,,,,,,,,,,,,,,,809,0.11416157335042953
,,,0,,,,,,,,,,,,,,,,,,,,,,,,,,,,,819,0.2822481691837311
,,,0,,,,,,,,,,,,,,,,,,,,,,,,,,,,,829,0.21427927911281586
,,,0,,,,,,,,,,,,,,,,,,,,,,,,,,,,,839,0.2518700361251831
,,,0,,,,,,,,,,,,,,,,,,,,,,,,,,,,,849,0.053511109203100204
,,,0,,,,,,,,,,,,,,,,,,,,,,,,,,,,,859,0.28793656826019287
,,,0,,,,,,,,,,,,,,,,,,,,,,,,,,,,,869,0.20127756893634796
,,,0,,,,,,,,,,,,,,,,,,,,,,,,,,,,,879,0.2269185334444046
,,,0,,,,,,,,,,,,,,,,,,,,,,,,,,,,,889,0.13495418429374695
,,,0,,,,,,,,,,,,,,,,,,,,,,,,,,,,,899,0.2587977945804596
,,,0,,,,,,,,,,,,,,,,,,,,,,,,,,,,,909,0.7027404308319092
,,,0,,,,,,,,,,,,,,,,,,,,,,,,,,,,,919,0.25601643323898315
,,,0,,,,,,,,,,,,,,,,,,,,,,,,,,,,,929,0.19817321002483368
,,,0,,,,,,,,,,,,,,,,,,,,,,,,,,,,,939,0.29101863503456116
,,,0,,,,,,,,,,,,,,,,,,,,,,,,,,,,,949,0.2617342174053192
,,,0,,,,,,,,,,,,,,,,,,,,,,,,,,,,,959,0.11704783141613007
,,,0,,,,,,,,,,,,,,,,,,,,,,,,,,,,,969,0.7556439638137817
,,,0,,,,,,,,,,,,,,,,,,,,,,,,,,,,,979,0.24702812731266022
,,,0,,,,,,,,,,,,,,,,,,,,,,,,,,,,,989,0.8146864771842957
,,,0,,,,,,,,,,,,,,,,,,,,,,,,,,,,,999,0.08263591676950455
,,,0,,,,,,,,,,,,,,,,,,,,,,,,,,,,,1009,0.21968932449817657
,,,0,,,,,,,,,,,,,,,,,,,,,,,,,,,,,1019,0.1692296415567398
,,,0,,,,,,,,,,,,,,,,,,,,,,,,,,,,,1029,0.052645228803157806
,,,0,,,,,,,,,,,,,,,,,,,,,,,,,,,,,1039,0.47972509264945984
,,,0,,,,,,,,,,,,,,,,,,,,,,,,,,,,,1049,0.06899937242269516
,,,0,,,,,,,,,,,,,,,,,,,,,,,,,,,,,1059,0.5659779906272888
,,,0,,,,,,,,,,,,,,,,,,,,,,,,,,,,,1069,0.26855337619781494
,,,0,,,,,,,,,,,,,,,,,,,,,,,,,,,,,1079,0.28110507130622864
,,,0,,,,,,,,,,,,,,,,,,,,,,,,,,,,,1089,0.2922762930393219
,,,0,,,,,,,,,,,,,,,,,,,,,,,,,,,,,1099,1.0015887022018433
,,,0,,,,,,,,,,,,,,,,,,,,,,,,,,,,,1109,0.08840431272983551
,,,0,,,,,,,,,,,,,,,,,,,,,,,,,,,,,1119,0.43822067975997925
,,,0,,,,,,,,,,,,,,,,,,,,,,,,,,,,,1129,0.16595041751861572
,,,0,,,,,,,,,,,,,,,,,,,,,,,,,,,,,1139,0.2503587603569031
,,,0,,,,,,,,,,,,,,,,,,,,,,,,,,,,,1149,0.13925980031490326
,,,0,,,,,,,,,,,,,,,,,,,,,,,,,,,,,1159,0.2019834667444229
,,,0,,,,,,,,,,,,,,,,,,,,,,,,,,,,,1169,0.39417845010757446
,,,0,,,,,,,,,,,,,,,,,,,,,,,,,,,,,1179,1.1631131172180176
,,,0,,,,,,,,,,,,,,,,,,,,,,,,,,,,,1189,0.10130804032087326
,,,0,,,,,,,,,,,,,,,,,,,,,,,,,,,,,1199,0.37182900309562683
,,,0,,,,,,,,,,,,,,,,,,,,,,,,,,,,,1209,0.6338788270950317
,,,0,,,,,,,,,,,,,,,,,,,,,,,,,,,,,1219,0.2694680094718933
,,,0,,,,,,,,,,,,,,,,,,,,,,,,,,,,,1229,0.18947191536426544
,,,0,,,,,,,,,,,,,,,,,,,,,,,,,,,,,1239,0.06602727621793747
,,,0,,,,,,,,,,,,,,,,,,,,,,,,,,,,,1249,0.07342401146888733
,,,0,,,,,,,,,,,,,,,,,,,,,,,,,,,,,1259,0.035738103091716766
,,,0,,,,,,,,,,,,,,,,,,,,,,,,,,,,,1269,3.614286422729492
,,,0,,,,,,,,,,,,,,,,,,,,,,,,,,,,,1279,0.05572148784995079
,,,0,,,,,,,,,,,,,,,,,,,,,,,,,,,,,1289,1.124053955078125
,,,0,,,,,,,,,,,,,,,,,,,,,,,,,,,,,1299,0.3792250454425812
,,,0,,,,,,,,,,,,,,,,,,,,,,,,,,,,,1309,0.2875332832336426
,,,0,,,,,,,,,,,,,,,,,,,,,,,,,,,,,1319,0.1181587353348732
,,,0,,,,,,,,,,,,,,,,,,,,,,,,,,,,,1329,0.13300028443336487
,,,0,,,,,,,,,,,,,,,,,,,,,,,,,,,,,1339,0.07723946869373322
,,,0,,,,,,,,,,,,,,,,,,,,,,,,,,,,,1349,0.5362789630889893
,,,0,,,,,,,,,,,,,,,,,,,,,,,,,,,,,1359,0.8398483395576477
,,,0,,,,,,,,,,,,,,,,,,,,,,,,,,,,,1369,0.06677698343992233
,,,0,,,,,,,,,,,,,,,,,,,,,,,,,,,,,1379,0.5122458934783936
,,,0,,,,,,,,,,,,,,,,,,,,,,,,,,,,,1389,0.03831098601222038
,,,0,,,,,,,,,,,,,,,,,,,,,,,,,,,,,1399,0.14354288578033447
,,,0,,,,,,,,,,,,,,,,,,,,,,,,,,,,,1409,0.08346908539533615
,,,0,,,,,,,,,,,,,,,,,,,,,,,,,,,,,1419,0.10316521674394608
,,,0,,,,,,,,,,,,,,,,,,,,,,,,,,,,,1429,0.4366135597229004
,,,0,,,,,,,,,,,,,,,,,,,,,,,,,,,,,1439,0.2582453489303589
,,,0,,,,,,,,,,,,,,,,,,,,,,,,,,,,,1449,0.04204511642456055
,,,0,,,,,,,,,,,,,,,,,,,,,,,,,,,,,1459,0.07758179306983948
,,,0,,,,,,,,,,,,,,,,,,,,,,,,,,,,,1469,0.15417683124542236
,,,0,,,,,,,,,,,,,,,,,,,,,,,,,,,,,1479,0.8234898447990417
,,,0,,,,,,,,,,,,,,,,,,,,,,,,,,,,,1489,0.4250129759311676
,,,0,,,,,,,,,,,,,,,,,,,,,,,,,,,,,1499,0.09795523434877396
,,,0,,,,,,,,,,,,,,,,,,,,,,,,,,,,,1509,0.5423392653465271
,,,0,,,,,,,,,,,,,,,,,,,,,,,,,,,,,1519,0.12252765893936157
,,,0,,,,,,,,,,,,,,,,,,,,,,,,,,,,,1529,0.08240936696529388
,,,0,,,,,,,,,,,,,,,,,,,,,,,,,,,,,1539,0.3008521795272827
,,,0,,,,,,,,,,,,,,,,,,,,,,,,,,,,,1549,0.87801194190979
,,,0,,,,,,,,,,,,,,,,,,,,,,,,,,,,,1559,0.10865103453397751
,,,0,,,,,,,,,,,,,,,,,,,,,,,,,,,,,1569,0.1826421469449997
,,,0,,,,,,,,,,,,,,,,,,,,,,,,,,,,,1579,0.03587150573730469
,,,0,,,,,,,,,,,,,,,,,,,,,,,,,,,,,1589,0.20602957904338837
,,,0,,,,,,,,,,,,,,,,,,,,,,,,,,,,,1599,0.09222306311130524
,,,0,,,,,,,,,,,,,,,,,,,,,,,,,,,,,1609,0.33360016345977783
,,,0,,,,,,,,,,,,,,,,,,,,,,,,,,,,,1619,0.6149603128433228
,,,0,,,,,,,,,,,,,,,,,,,,,,,,,,,,,1629,0.072419673204422
,,,0,,,,,,,,,,,,,,,,,,,,,,,,,,,,,1639,0.5536317825317383
,,,0,,,,,,,,,,,,,,,,,,,,,,,,,,,,,1649,0.056486278772354126
,,,0,,,,,,,,,,,,,,,,,,,,,,,,,,,,,1659,0.2080770581960678
,,,,2.2752036252422864e-07,1.2745792515625007e-06,1.9608911562500008e-06,1.9608911562500008e-06,3.0167556250000008e-06,3.0167556250000008e-06,4.641162500000001e-06,4.641162500000001e-06,7.140250000000002e-06,7.140250000000002e-06,1.0985000000000002e-05,2.2752036252422864e-07,1.0985000000000002e-05,1.69e-05,1.69e-05,2.6000000000000005e-05,2.6000000000000005e-05,4e-05,4e-05,4e-05,4e-05,3.500313269603517e-07,3.500313269603517e-07,5.385097337851565e-07,5.385097337851565e-07,8.284765135156254e-07,8.284765135156254e-07,1.2745792515625007e-06,1662,
,,,1,,,,,,,,,,,,,,,,,,,,,,,,,,,,,1669,0.15653418004512787
,,,1,,,,,,,,,,,,,,,,,,,,,,,,,,,,,1679,0.09784934669733047
,,,1,,,,,,,,,,,,,,,,,,,,,,,,,,,,,1689,0.1138942763209343
,,,1,,,,,,,,,,,,,,,,,,,,,,,,,,,,,1699,0.3358911871910095
,,,1,,,,,,,,,,,,,,,,,,,,,,,,,,,,,1709,0.14092254638671875
,,,1,,,,,,,,,,,,,,,,,,,,,,,,,,,,,1719,0.0445842370390892
,,,1,,,,,,,,,,,,,,,,,,,,,,,,,,,,,1729,0.05723530054092407
,,,1,,,,,,,,,,,,,,,,,,,,,,,,,,,,,1739,0.1823219656944275
,,,1,,,,,,,,,,,,,,,,,,,,,,,,,,,,,1749,0.03802451491355896
,,,1,,,,,,,,,,,,,,,,,,,,,,,,,,,,,1759,1.5406699180603027
,,,1,,,,,,,,,,,,,,,,,,,,,,,,,,,,,1769,0.21334274113178253
,,,1,,,,,,,,,,,,,,,,,,,,,,,,,,,,,1779,0.4273446798324585
,,,1,,,,,,,,,,,,,,,,,,,,,,,,,,,,,1789,0.8948411345481873
,,,1,,,,,,,,,,,,,,,,,,,,,,,,,,,,,1799,0.11506948620080948
,,,1,,,,,,,,,,,,,,,,,,,,,,,,,,,,,1809,0.11212482303380966
,,,1,,,,,,,,,,,,,,,,,,,,,,,,,,,,,1819,0.4129638671875
,,,1,,,,,,,,,,,,,,,,,,,,,,,,,,,,,1829,0.13991378247737885
,,,1,,,,,,,,,,,,,,,,,,,,,,,,,,,,,1839,0.4828055799007416
,,,1,,,,,,,,,,,,,,,,,,,,,,,,,,,,,1849,0.18848487734794617
,,,1,,,,,,,,,,,,,,,,,,,,,,,,,,,,,1859,0.07984604686498642
,,,1,,,,,,,,,,,,,,,,,,,,,,,,,,,,,1869,1.1193997859954834
,,,1,,,,,,,,,,,,,,,,,,,,,,,,,,,,,1879,0.9911379218101501
,,,1,,,,,,,,,,,,,,,,,,,,,,,,,,,,,1889,0.5782118439674377
,,,1,,,,,,,,,,,,,,,,,,,,,,,,,,,,,1899,0.8724364042282104
,,,1,,,,,,,,,,,,,,,,,,,,,,,,,,,,,1909,0.1133958250284195
,,,1,,,,,,,,,,,,,,,,,,,,,,,,,,,,,1919,0.36332231760025024
,,,1,,,,,,,,,,,,,,,,,,,,,,,,,,,,,1929,0.26921170949935913
,,,1,,,,,,,,,,,,,,,,,,,,,,,,,,,,,1939,0.24791190028190613
,,,1,,,,,,,,,,,,,,,,,,,,,,,,,,,,,1949,0.15202227234840393
,,,1,,,,,,,,,,,,,,,,,,,,,,,,,,,,,1959,0.3696826994419098
,,,1,,,,,,,,,,,,,,,,,,,,,,,,,,,,,1969,0.06108710169792175
,,,1,,,,,,,,,,,,,,,,,,,,,,,,,,,,,1979,0.12622275948524475
,,,1,,,,,,,,,,,,,,,,,,,,,,,,,,,,,1989,0.02138214372098446
,,,1,,,,,,,,,,,,,,,,,,,,,,,,,,,,,1999,0.5158011317253113
,,,1,,,,,,,,,,,,,,,,,,,,,,,,,,,,,2009,0.11102602630853653
,,,1,,,,,,,,,,,,,,,,,,,,,,,,,,,,,2019,0.16860783100128174
,,,1,,,,,,,,,,,,,,,,,,,,,,,,,,,,,2029,0.22817906737327576
,,,1,,,,,,,,,,,,,,,,,,,,,,,,,,,,,2039,0.9487603306770325
,,,1,,,,,,,,,,,,,,,,,,,,,,,,,,,,,2049,0.12455365806818008
,,,1,,,,,,,,,,,,,,,,,,,,,,,,,,,,,2059,0.4528023302555084
,,,1,,,,,,,,,,,,,,,,,,,,,,,,,,,,,2069,1.0033093690872192
,,,1,,,,,,,,,,,,,,,,,,,,,,,,,,,,,2079,0.0614551305770874
,,,1,,,,,,,,,,,,,,,,,,,,,,,,,,,,,2089,0.008113964460790157
,,,1,,,,,,,,,,,,,,,,,,,,,,,,,,,,,2099,0.30612531304359436
,,,1,,,,,,,,,,,,,,,,,,,,,,,,,,,,,2109,0.38814041018486023
,,,1,,,,,,,,,,,,,,,,,,,,,,,,,,,,,2119,0.6820207238197327
,,,1,,,,,,,,,,,,,,,,,,,,,,,,,,,,,2129,0.09259067475795746
,,,1,,,,,,,,,,,,,,,,,,,,,,,,,,,,,2139,0.32674434781074524
,,,1,,,,,,,,,,,,,,,,,,,,,,,,,,,,,2149,0.0379953496158123
,,,1,,,,,,,,,,,,,,,,,,,,,,,,,,,,,2159,0.08883991837501526
,,,1,,,,,,,,,,,,,,,,,,,,,,,,,,,,,2169,0.21481479704380035
,,,1,,,,,,,,,,,,,,,,,,,,,,,,,,,,,2179,0.03543445095419884
,,,1,,,,,,,,,,,,,,,,,,,,,,,,,,,,,2189,0.3880671560764313
,,,1,,,,,,,,,,,,,,,,,,,,,,,,,,,,,2199,0.15917764604091644
,,,1,,,,,,,,,,,,,,,,,,,,,,,,,,,,,2209,0.07993708550930023
,,,1,,,,,,,,,,,,,,,,,,,,,,,,,,,,,2219,4.855461597442627
,,,1,,,,,,,,,,,,,,,,,,,,,,,,,,,,,2229,0.3526255190372467
,,,1,,,,,,,,,,,,,,,,,,,,,,,,,,,,,2239,0.03377276286482811
,,,1,,,,,,,,,,,,,,,,,,,,,,,,,,,,,2249,0.7588627934455872
,,,1,,,,,,,,,,,,,,,,,,,,,,,,,,,,,2259,0.12435930222272873
,,,1,,,,,,,,,,,,,,,,,,,,,,,,,,,,,2269,0.08694696426391602
,,,1,,,,,,,,,,,,,,,,,,,,,,,,,,,,,2279,0.16346830129623413
,,,1,,,,,,,,,,,,,,,,,,,,,,,,,,,,,2289,0.2595199644565582
,,,1,,,,,,,,,,,,,,,,,,,,,,,,,,,,,2299,0.0856001153588295
,,,1,,,,,,,,,,,,,,,,,,,,,,,,,,,,,2309,0.04825478419661522
,,,1,,,,,,,,,,,,,,,,,,,,,,,,,,,,,2319,0.19395315647125244
,,,1,,,,,,,,,,,,,,,,,,,,,,,,,,,,,2329,0.04593302309513092
,,,1,,,,,,,,,,,,,,,,,,,,,,,,,,,,,2339,0.16347144544124603
,,,1,,,,,,,,,,,,,,,,,,,,,,,,,,,,,2349,0.42271897196769714
,,,1,,,,,,,,,,,,,,,,,,,,,,,,,,,,,2359,0.6684073805809021
,,,1,,,,,,,,,,,,,,,,,,,,,,,,,,,,,2369,0.2837519347667694
,,,1,,,,,,,,,,,,,,,,,,,,,,,,,,,,,2379,0.032455336302518845
,,,1,,,,,,,,,,,,,,,,,,,,,,,,,,,,,2389,0.19653241336345673
,,,1,,,,,,,,,,,,,,,,,,,,,,,,,,,,,2399,0.3907875120639801
,,,1,,,,,,,,,,,,,,,,,,,,,,,,,,,,,2409,0.27526500821113586
,,,1,,,,,,,,,,,,,,,,,,,,,,,,,,,,,2419,0.28147679567337036
,,,1,,,,,,,,,,,,,,,,,,,,,,,,,,,,,2429,0.13472360372543335
,,,1,,,,,,,,,,,,,,,,,,,,,,,,,,,,,2439,0.41224798560142517
,,,1,,,,,,,,,,,,,,,,,,,,,,,,,,,,,2449,0.406123548746109
,,,1,,,,,,,,,,,,,,,,,,,,,,,,,,,,,2459,0.27116626501083374
,,,1,,,,,,,,,,,,,,,,,,,,,,,,,,,,,2469,0.047804638743400574
,,,1,,,,,,,,,,,,,,,,,,,,,,,,,,,,,2479,0.1805150806903839
,,,1,,,,,,,,,,,,,,,,,,,,,,,,,,,,,2489,0.23590806126594543
,,,1,,,,,,,,,,,,,,,,,,,,,,,,,,,,,2499,1.2307604551315308
,,,1,,,,,,,,,,,,,,,,,,,,,,,,,,,,,2509,0.2121710628271103
,,,1,,,,,,,,,,,,,,,,,,,,,,,,,,,,,2519,0.22984638810157776
,,,1,,,,,,,,,,,,,,,,,,,,,,,,,,,,,2529,0.09997409582138062
,,,1,,,,,,,,,,,,,,,,,,,,,,,,,,,,,2539,0.4201158881187439
,,,1,,,,,,,,,,,,,,,,,,,,,,,,,,,,,2549,0.4765794277191162
,,,1,,,,,,,,,,,,,,,,,,,,,,,,,,,,,2559,0.15032534301280975
,,,1,,,,,,,,,,,,,,,,,,,,,,,,,,,,,2569,0.23010271787643433
,,,1,,,,,,,,,,,,,,,,,,,,,,,,,,,,,2579,0.3163432478904724
,,,1,,,,,,,,,,,,,,,,,,,,,,,,,,,,,2589,0.24306471645832062
,,,1,,,,,,,,,,,,,,,,,,,,,,,,,,,,,2599,0.23045819997787476
,,,1,,,,,,,,,,,,,,,,,,,,,,,,,,,,,2609,0.23676155507564545
,,,1,,,,,,,,,,,,,,,,,,,,,,,,,,,,,2619,0.6819536089897156
,,,1,,,,,,,,,,,,,,,,,,,,,,,,,,,,,2629,0.75237637758255
,,,1,,,,,,,,,,,,,,,,,,,,,,,,,,,,,2639,0.01959700509905815
,,,1,,,,,,,,,,,,,,,,,,,,,,,,,,,,,2649,0.6674864292144775
,,,1,,,,,,,,,,,,,,,,,,,,,,,,,,,,,2659,0.008742318488657475
,,,1,,,,,,,,,,,,,,,,,,,,,,,,,,,,,2669,0.16918785870075226
,,,1,,,,,,,,,,,,,,,,,,,,,,,,,,,,,2679,0.04128509759902954
,,,1,,,,,,,,,,,,,,,,,,,,,,,,,,,,,2689,0.12279292941093445
,,,1,,,,,,,,,,,,,,,,,,,,,,,,,,,,,2699,0.18565694987773895
,,,1,,,,,,,,,,,,,,,,,,,,,,,,,,,,,2709,0.22989462316036224
,,,1,,,,,,,,,,,,,,,,,,,,,,,,,,,,,2719,0.029469361528754234
,,,1,,,,,,,,,,,,,,,,,,,,,,,,,,,,,2729,0.09955178946256638
,,,1,,,,,,,,,,,,,,,,,,,,,,,,,,,,,2739,0.02167079597711563
,,,1,,,,,,,,,,,,,,,,,,,,,,,,,,,,,2749,0.007741107139736414
,,,1,,,,,,,,,,,,,,,,,,,,,,,,,,,,,2759,0.04823325574398041
,,,1,,,,,,,,,,,,,,,,,,,,,,,,,,,,,2769,0.39586758613586426
,,,1,,,,,,,,,,,,,,,,,,,,,,,,,,,,,2779,0.40689244866371155
,,,1,,,,,,,,,,,,,,,,,,,,,,,,,,,,,2789,1.2047555446624756
,,,1,,,,,,,,,,,,,,,,,,,,,,,,,,,,,2799,0.04343760758638382
,,,1,,,,,,,,,,,,,,,,,,,,,,,,,,,,,2809,0.0403466522693634
,,,1,,,,,,,,,,,,,,,,,,,,,,,,,,,,,2819,0.07552014291286469
,,,1,,,,,,,,,,,,,,,,,,,,,,,,,,,,,2829,0.39242202043533325
,,,1,,,,,,,,,,,,,,,,,,,,,,,,,,,,,2839,0.1367252618074417
,,,1,,,,,,,,,,,,,,,,,,,,,,,,,,,,,2849,0.06746934354305267
,,,1,,,,,,,,,,,,,,,,,,,,,,,,,,,,,2859,0.1752452403306961
,,,1,,,,,,,,,,,,,,,,,,,,,,,,,,,,,2869,0.08163958042860031
,,,1,,,,,,,,,,,,,,,,,,,,,,,,,,,,,2879,0.017263280227780342
,,,1,,,,,,,,,,,,,,,,,,,,,,,,,,,,,2889,0.41223621368408203
,,,1,,,,,,,,,,,,,,,,,,,,,,,,,,,,,2899,0.04406209662556648
,,,1,,,,,,,,,,,,,,,,,,,,,,,,,,,,,2909,0.07030420750379562
,,,1,,,,,,,,,,,,,,,,,,,,,,,,,,,,,2919,0.04213434085249901
,,,1,,,,,,,,,,,,,,,,,,,,,,,,,,,,,2929,0.6278558969497681
,,,1,,,,,,,,,,,,,,,,,,,,,,,,,,,,,2939,0.11138256639242172
,,,1,,,,,,,,,,,,,,,,,,,,,,,,,,,,,2949,0.02849847823381424
,,,1,,,,,,,,,,,,,,,,,,,,,,,,,,,,,2959,1.6101826429367065
,,,1,,,,,,,,,,,,,,,,,,,,,,,,,,,,,2969,0.1916223168373108
,,,1,,,,,,,,,,,,,,,,,,,,,,,,,,,,,2979,0.2027614712715149
,,,1,,,,,,,,,,,,,,,,,,,,,,,,,,,,,2989,0.0556604266166687
,,,1,,,,,,,,,,,,,,,,,,,,,,,,,,,,,2999,0.32373952865600586
,,,1,,,,,,,,,,,,,,,,,,,,,,,,,,,,,3009,0.18114414811134338
,,,1,,,,,,,,,,,,,,,,,,,,,,,,,,,,,3019,0.16182860732078552
,,,1,,,,,,,,,,,,,,,,,,,,,,,,,,,,,3029,0.08590196818113327
,,,1,,,,,,,,,,,,,,,,,,,,,,,,,,,,,3039,0.14119751751422882
,,,1,,,,,,,,,,,,,,,,,,,,,,,,,,,,,3049,0.06734002381563187
,,,1,,,,,,,,,,,,,,,,,,,,,,,,,,,,,3059,0.5547327399253845
,,,1,,,,,,,,,,,,,,,,,,,,,,,,,,,,,3069,0.02361973561346531
,,,1,,,,,,,,,,,,,,,,,,,,,,,,,,,,,3079,0.02591789700090885
,,,1,,,,,,,,,,,,,,,,,,,,,,,,,,,,,3089,0.005974483210593462
,,,1,,,,,,,,,,,,,,,,,,,,,,,,,,,,,3099,0.45015811920166016
,,,1,,,,,,,,,,,,,,,,,,,,,,,,,,,,,3109,0.10068164020776749
,,,1,,,,,,,,,,,,,,,,,,,,,,,,,,,,,3119,0.05435387045145035
,,,1,,,,,,,,,,,,,,,,,,,,,,,,,,,,,3129,0.16989190876483917
,,,1,,,,,,,,,,,,,,,,,,,,,,,,,,,,,3139,0.04647880047559738
,,,1,,,,,,,,,,,,,,,,,,,,,,,,,,,,,3149,0.08925104886293411
,,,1,,,,,,,,,,,,,,,,,,,,,,,,,,,,,3159,0.01164508517831564
,,,1,,,,,,,,,,,,,,,,,,,,,,,,,,,,,3169,0.24575157463550568
,,,1,,,,,,,,,,,,,,,,,,,,,,,,,,,,,3179,0.13567018508911133
,,,1,,,,,,,,,,,,,,,,,,,,,,,,,,,,,3189,0.5177608728408813
,,,1,,,,,,,,,,,,,,,,,,,,,,,,,,,,,3199,0.006785673554986715
,,,1,,,,,,,,,,,,,,,,,,,,,,,,,,,,,3209,0.6644890904426575
,,,1,,,,,,,,,,,,,,,,,,,,,,,,,,,,,3219,0.20827661454677582
,,,1,,,,,,,,,,,,,,,,,,,,,,,,,,,,,3229,0.04467807710170746
,,,1,,,,,,,,,,,,,,,,,,,,,,,,,,,,,3239,0.023355623707175255
,,,1,,,,,,,,,,,,,,,,,,,,,,,,,,,,,3249,0.029667086899280548
,,,1,,,,,,,,,,,,,,,,,,,,,,,,,,,,,3259,0.10114401578903198
,,,1,,,,,,,,,,,,,,,,,,,,,,,,,,,,,3269,0.0923907682299614
,,,1,,,,,,,,,,,,,,,,,,,,,,,,,,,,,3279,0.19633805751800537
,,,1,,,,,,,,,,,,,,,,,,,,,,,,,,,,,3289,0.0588759183883667
,,,1,,,,,,,,,,,,,,,,,,,,,,,,,,,,,3299,0.07358793169260025
,,,1,,,,,,,,,,,,,,,,,,,,,,,,,,,,,3309,0.5282127261161804
,,,1,,,,,,,,,,,,,,,,,,,,,,,,,,,,,3319,0.12679032981395721
,,,,3.4128054378634294e-07,1.911868877343751e-06,2.9413367343750007e-06,2.9413367343750007e-06,4.525133437500001e-06,4.525133437500001e-06,6.961743750000001e-06,6.961743750000001e-06,1.0710375000000002e-05,1.0710375000000002e-05,1.6477500000000003e-05,3.4128054378634294e-07,1.6477500000000003e-05,2.5350000000000003e-05,2.5350000000000003e-05,3.9000000000000006e-05,3.9000000000000006e-05,6e-05,6e-05,6e-05,6e-05,5.250469904405275e-07,5.250469904405275e-07,8.077646006777347e-07,8.077646006777347e-07,1.2427147702734379e-06,1.2427147702734379e-06,1.911868877343751e-06,3324,
,,,2,,,,,,,,,,,,,,,,,,,,,,,,,,,,,3329,0.015351356938481331
,,,2,,,,,,,,,,,,,,,,,,,,,,,,,,,,,3339,0.07556227594614029
,,,2,,,,,,,,,,,,,,,,,,,,,,,,,,,,,3349,0.1758672297000885
,,,2,,,,,,,,,,,,,,,,,,,,,,,,,,,,,3359,0.12468806654214859
,,,2,,,,,,,,,,,,,,,,,,,,,,,,,,,,,3369,0.09125489741563797
,,,2,,,,,,,,,,,,,,,,,,,,,,,,,,,,,3379,0.25373348593711853
,,,2,,,,,,,,,,,,,,,,,,,,,,,,,,,,,3389,0.015917550772428513
,,,2,,,,,,,,,,,,,,,,,,,,,,,,,,,,,3399,0.099195696413517
,,,2,,,,,,,,,,,,,,,,,,,,,,,,,,,,,3409,0.16831539571285248
,,,2,,,,,,,,,,,,,,,,,,,,,,,,,,,,,3419,0.01511384081095457
,,,2,,,,,,,,,,,,,,,,,,,,,,,,,,,,,3429,0.4283764958381653
,,,2,,,,,,,,,,,,,,,,,,,,,,,,,,,,,3439,0.012132547795772552
,,,2,,,,,,,,,,,,,,,,,,,,,,,,,,,,,3449,0.09118487685918808
,,,2,,,,,,,,,,,,,,,,,,,,,,,,,,,,,3459,0.28290000557899475
,,,2,,,,,,,,,,,,,,,,,,,,,,,,,,,,,3469,0.08660480380058289
,,,2,,,,,,,,,,,,,,,,,,,,,,,,,,,,,3479,0.052227336913347244
,,,2,,,,,,,,,,,,,,,,,,,,,,,,,,,,,3489,0.1347087323665619
,,,2,,,,,,,,,,,,,,,,,,,,,,,,,,,,,3499,0.04098369553685188
,,,2,,,,,,,,,,,,,,,,,,,,,,,,,,,,,3509,0.08074668794870377
,,,2,,,,,,,,,,,,,,,,,,,,,,,,,,,,,3519,0.3155342936515808
,,,2,,,,,,,,,,,,,,,,,,,,,,,,,,,,,3529,0.3732891380786896
,,,2,,,,,,,,,,,,,,,,,,,,,,,,,,,,,3539,0.1217886209487915
,,,2,,,,,,,,,,,,,,,,,,,,,,,,,,,,,3549,0.2670116722583771
,,,2,,,,,,,,,,,,,,,,,,,,,,,,,,,,,3559,0.05479969456791878
,,,2,,,,,,,,,,,,,,,,,,,,,,,,,,,,,3569,0.03247086703777313
,,,2,,,,,,,,,,,,,,,,,,,,,,,,,,,,,3579,0.15005923807621002
,,,2,,,,,,,,,,,,,,,,,,,,,,,,,,,,,3589,0.9065790772438049
,,,2,,,,,,,,,,,,,,,,,,,,,,,,,,,,,3599,0.3390364646911621
,,,2,,,,,,,,,,,,,,,,,,,,,,,,,,,,,3609,0.051578786224126816
,,,2,,,,,,,,,,,,,,,,,,,,,,,,,,,,,3619,0.3148472309112549
,,,2,,,,,,,,,,,,,,,,,,,,,,,,,,,,,3629,0.11617649346590042
,,,2,,,,,,,,,,,,,,,,,,,,,,,,,,,,,3639,0.14644499123096466
,,,2,,,,,,,,,,,,,,,,,,,,,,,,,,,,,3649,0.06965333223342896
,,,2,,,,,,,,,,,,,,,,,,,,,,,,,,,,,3659,0.027101032435894012
,,,2,,,,,,,,,,,,,,,,,,,,,,,,,,,,,3669,0.48409396409988403
,,,2,,,,,,,,,,,,,,,,,,,,,,,,,,,,,3679,0.5782424807548523
,,,2,,,,,,,,,,,,,,,,,,,,,,,,,,,,,3689,0.7027482986450195
,,,2,,,,,,,,,,,,,,,,,,,,,,,,,,,,,3699,0.07756033539772034
,,,2,,,,,,,,,,,,,,,,,,,,,,,,,,,,,3709,1.8193272352218628
,,,2,,,,,,,,,,,,,,,,,,,,,,,,,,,,,3719,0.026566296815872192
,,,2,,,,,,,,,,,,,,,,,,,,,,,,,,,,,3729,0.008422930724918842
,,,2,,,,,,,,,,,,,,,,,,,,,,,,,,,,,3739,0.049005333334207535
,,,2,,,,,,,,,,,,,,,,,,,,,,,,,,,,,3749,0.8189182281494141
,,,2,,,,,,,,,,,,,,,,,,,,,,,,,,,,,3759,0.09553521871566772
,,,2,,,,,,,,,,,,,,,,,,,,,,,,,,,,,3769,0.0557335801422596
,,,2,,,,,,,,,,,,,,,,,,,,,,,,,,,,,3779,0.08367815613746643
,,,2,,,,,,,,,,,,,,,,,,,,,,,,,,,,,3789,0.22459977865219116
,,,2,,,,,,,,,,,,,,,,,,,,,,,,,,,,,3799,0.2863120138645172
,,,2,,,,,,,,,,,,,,,,,,,,,,,,,,,,,3809,0.03953342139720917
,,,2,,,,,,,,,,,,,,,,,,,,,,,,,,,,,3819,0.1269862949848175
,,,2,,,,,,,,,,,,,,,,,,,,,,,,,,,,,3829,0.039726849645376205
,,,2,,,,,,,,,,,,,,,,,,,,,,,,,,,,,3839,0.064724862575531
,,,2,,,,,,,,,,,,,,,,,,,,,,,,,,,,,3849,0.015143129043281078
,,,2,,,,,,,,,,,,,,,,,,,,,,,,,,,,,3859,0.7761657238006592
,,,2,,,,,,,,,,,,,,,,,,,,,,,,,,,,,3869,0.06626048684120178
,,,2,,,,,,,,,,,,,,,,,,,,,,,,,,,,,3879,0.5456893444061279
,,,2,,,,,,,,,,,,,,,,,,,,,,,,,,,,,3889,0.12465858459472656
,,,2,,,,,,,,,,,,,,,,,,,,,,,,,,,,,3899,0.33609655499458313
,,,2,,,,,,,,,,,,,,,,,,,,,,,,,,,,,3909,0.3617081642150879
,,,2,,,,,,,,,,,,,,,,,,,,,,,,,,,,,3919,0.12551219761371613
,,,2,,,,,,,,,,,,,,,,,,,,,,,,,,,,,3929,0.12385889887809753
,,,2,,,,,,,,,,,,,,,,,,,,,,,,,,,,,3939,0.14049199223518372
,,,2,,,,,,,,,,,,,,,,,,,,,,,,,,,,,3949,0.018999041989445686
,,,2,,,,,,,,,,,,,,,,,,,,,,,,,,,,,3959,0.22975027561187744
,,,2,,,,,,,,,,,,,,,,,,,,,,,,,,,,,3969,0.025890257209539413
,,,2,,,,,,,,,,,,,,,,,,,,,,,,,,,,,3979,0.024234501644968987
,,,2,,,,,,,,,,,,,,,,,,,,,,,,,,,,,3989,0.034475959837436676
,,,2,,,,,,,,,,,,,,,,,,,,,,,,,,,,,3999,0.01970616914331913
,,,2,,,,,,,,,,,,,,,,,,,,,,,,,,,,,4009,0.13691289722919464
,,,2,,,,,,,,,,,,,,,,,,,,,,,,,,,,,4019,0.1185975968837738
,,,2,,,,,,,,,,,,,,,,,,,,,,,,,,,,,4029,0.4820142984390259
,,,2,,,,,,,,,,,,,,,,,,,,,,,,,,,,,4039,0.02798481285572052
,,,2,,,,,,,,,,,,,,,,,,,,,,,,,,,,,4049,0.03186725825071335
,,,2,,,,,,,,,,,,,,,,,,,,,,,,,,,,,4059,0.10195157676935196
,,,2,,,,,,,,,,,,,,,,,,,,,,,,,,,,,4069,0.07816113531589508
,,,2,,,,,,,,,,,,,,,,,,,,,,,,,,,,,4079,0.2620256841182709
,,,2,,,,,,,,,,,,,,,,,,,,,,,,,,,,,4089,0.034776471555233
,,,2,,,,,,,,,,,,,,,,,,,,,,,,,,,,,4099,0.08750523626804352
,,,2,,,,,,,,,,,,,,,,,,,,,,,,,,,,,4109,0.20959897339344025
,,,2,,,,,,,,,,,,,,,,,,,,,,,,,,,,,4119,0.31554561853408813
,,,2,,,,,,,,,,,,,,,,,,,,,,,,,,,,,4129,0.08677779883146286
,,,2,,,,,,,,,,,,,,,,,,,,,,,,,,,,,4139,0.23948225378990173
,,,2,,,,,,,,,,,,,,,,,,,,,,,,,,,,,4149,0.19149810075759888
,,,2,,,,,,,,,,,,,,,,,,,,,,,,,,,,,4159,0.012429756112396717
,,,2,,,,,,,,,,,,,,,,,,,,,,,,,,,,,4169,0.011147473007440567
,,,2,,,,,,,,,,,,,,,,,,,,,,,,,,,,,4179,0.010364600457251072
,,,2,,,,,,,,,,,,,,,,,,,,,,,,,,,,,4189,0.03361803665757179
,,,2,,,,,,,,,,,,,,,,,,,,,,,,,,,,,4199,0.2649296224117279
,,,2,,,,,,,,,,,,,,,,,,,,,,,,,,,,,4209,0.15962395071983337
,,,2,,,,,,,,,,,,,,,,,,,,,,,,,,,,,4219,0.022544173523783684
,,,2,,,,,,,,,,,,,,,,,,,,,,,,,,,,,4229,0.0031875267159193754
,,,2,,,,,,,,,,,,,,,,,,,,,,,,,,,,,4239,0.05243541672825813
,,,2,,,,,,,,,,,,,,,,,,,,,,,,,,,,,4249,0.42065370082855225
,,,2,,,,,,,,,,,,,,,,,,,,,,,,,,,,,4259,1.092132568359375
,,,2,,,,,,,,,,,,,,,,,,,,,,,,,,,,,4269,0.8402786254882812
,,,2,,,,,,,,,,,,,,,,,,,,,,,,,,,,,4279,0.03697173669934273
,,,2,,,,,,,,,,,,,,,,,,,,,,,,,,,,,4289,0.19610528647899628
,,,2,,,,,,,,,,,,,,,,,,,,,,,,,,,,,4299,0.017000392079353333
,,,2,,,,,,,,,,,,,,,,,,,,,,,,,,,,,4309,0.07024607807397842
,,,2,,,,,,,,,,,,,,,,,,,,,,,,,,,,,4319,0.15719226002693176
,,,2,,,,,,,,,,,,,,,,,,,,,,,,,,,,,4329,0.5082758665084839
,,,2,,,,,,,,,,,,,,,,,,,,,,,,,,,,,4339,0.08874355256557465
,,,2,,,,,,,,,,,,,,,,,,,,,,,,,,,,,4349,0.4520498514175415
,,,2,,,,,,,,,,,,,,,,,,,,,,,,,,,,,4359,0.7555168271064758
,,,2,,,,,,,,,,,,,,,,,,,,,,,,,,,,,4369,0.05036879703402519
,,,2,,,,,,,,,,,,,,,,,,,,,,,,,,,,,4379,0.05066679045557976
,,,2,,,,,,,,,,,,,,,,,,,,,,,,,,,,,4389,0.09154839813709259
,,,2,,,,,,,,,,,,,,,,,,,,,,,,,,,,,4399,0.0211009681224823
,,,2,,,,,,,,,,,,,,,,,,,,,,,,,,,,,4409,0.03558490425348282
,,,2,,,,,,,,,,,,,,,,,,,,,,,,,,,,,4419,1.2789641618728638
,,,2,,,,,,,,,,,,,,,,,,,,,,,,,,,,,4429,0.2567048668861389
,,,2,,,,,,,,,,,,,,,,,,,,,,,,,,,,,4439,0.010007311590015888
,,,2,,,,,,,,,,,,,,,,,,,,,,,,,,,,,4449,0.037024740129709244
,,,2,,,,,,,,,,,,,,,,,,,,,,,,,,,,,4459,0.021038895472884178
,,,2,,,,,,,,,,,,,,,,,,,,,,,,,,,,,4469,0.0045959302224218845
,,,2,,,,,,,,,,,,,,,,,,,,,,,,,,,,,4479,0.05844593793153763
,,,2,,,,,,,,,,,,,,,,,,,,,,,,,,,,,4489,0.024583330377936363
,,,2,,,,,,,,,,,,,,,,,,,,,,,,,,,,,4499,0.09337711334228516
,,,2,,,,,,,,,,,,,,,,,,,,,,,,,,,,,4509,0.024055885151028633
,,,2,,,,,,,,,,,,,,,,,,,,,,,,,,,,,4519,0.22559189796447754
,,,2,,,,,,,,,,,,,,,,,,,,,,,,,,,,,4529,0.09903871268033981
,,,2,,,,,,,,,,,,,,,,,,,,,,,,,,,,,4539,0.9521538019180298
,,,2,,,,,,,,,,,,,,,,,,,,,,,,,,,,,4549,0.10343272238969803
,,,2,,,,,,,,,,,,,,,,,,,,,,,,,,,,,4559,0.10676731914281845
,,,2,,,,,,,,,,,,,,,,,,,,,,,,,,,,,4569,0.06318661570549011
,,,2,,,,,,,,,,,,,,,,,,,,,,,,,,,,,4579,0.38901612162590027
,,,2,,,,,,,,,,,,,,,,,,,,,,,,,,,,,4589,0.2630636394023895
,,,2,,,,,,,,,,,,,,,,,,,,,,,,,,,,,4599,0.011764713563024998
,,,2,,,,,,,,,,,,,,,,,,,,,,,,,,,,,4609,0.05525324121117592
,,,2,,,,,,,,,,,,,,,,,,,,,,,,,,,,,4619,0.005998585373163223
,,,2,,,,,,,,,,,,,,,,,,,,,,,,,,,,,4629,0.02038636989891529
,,,2,,,,,,,,,,,,,,,,,,,,,,,,,,,,,4639,0.014978699386119843
,,,2,,,,,,,,,,,,,,,,,,,,,,,,,,,,,4649,0.9630411267280579
,,,2,,,,,,,,,,,,,,,,,,,,,,,,,,,,,4659,0.07135014981031418
,,,2,,,,,,,,,,,,,,,,,,,,,,,,,,,,,4669,0.24264417588710785
,,,2,,,,,,,,,,,,,,,,,,,,,,,,,,,,,4679,0.2746002972126007
,,,2,,,,,,,,,,,,,,,,,,,,,,,,,,,,,4689,0.059543874114751816
,,,2,,,,,,,,,,,,,,,,,,,,,,,,,,,,,4699,0.23632988333702087
,,,2,,,,,,,,,,,,,,,,,,,,,,,,,,,,,4709,0.5251381993293762
,,,2,,,,,,,,,,,,,,,,,,,,,,,,,,,,,4719,0.06949691474437714
,,,2,,,,,,,,,,,,,,,,,,,,,,,,,,,,,4729,0.2763630151748657
,,,2,,,,,,,,,,,,,,,,,,,,,,,,,,,,,4739,0.012689739465713501
,,,2,,,,,,,,,,,,,,,,,,,,,,,,,,,,,4749,0.16400623321533203
,,,2,,,,,,,,,,,,,,,,,,,,,,,,,,,,,4759,0.4288163483142853
,,,2,,,,,,,,,,,,,,,,,,,,,,,,,,,,,4769,0.07726772874593735
,,,2,,,,,,,,,,,,,,,,,,,,,,,,,,,,,4779,0.05489945039153099
,,,2,,,,,,,,,,,,,,,,,,,,,,,,,,,,,4789,0.03083694539964199
,,,2,,,,,,,,,,,,,,,,,,,,,,,,,,,,,4799,0.1850835531949997
,,,2,,,,,,,,,,,,,,,,,,,,,,,,,,,,,4809,0.43076393008232117
,,,2,,,,,,,,,,,,,,,,,,,,,,,,,,,,,4819,0.3655241131782532
,,,2,,,,,,,,,,,,,,,,,,,,,,,,,,,,,4829,0.10333023220300674
,,,2,,,,,,,,,,,,,,,,,,,,,,,,,,,,,4839,0.06635285913944244
,,,2,,,,,,,,,,,,,,,,,,,,,,,,,,,,,4849,0.029312139376997948
,,,2,,,,,,,,,,,,,,,,,,,,,,,,,,,,,4859,0.013216299004852772
,,,2,,,,,,,,,,,,,,,,,,,,,,,,,,,,,4869,0.013567333109676838
,,,2,,,,,,,,,,,,,,,,,,,,,,,,,,,,,4879,0.08231062442064285
,,,2,,,,,,,,,,,,,,,,,,,,,,,,,,,,,4889,0.19903264939785004
,,,2,,,,,,,,,,,,,,,,,,,,,,,,,,,,,4899,0.025390665978193283
,,,2,,,,,,,,,,,,,,,,,,,,,,,,,,,,,4909,0.21433353424072266
,,,2,,,,,,,,,,,,,,,,,,,,,,,,,,,,,4919,0.2138008028268814
,,,2,,,,,,,,,,,,,,,,,,,,,,,,,,,,,4929,0.05109209939837456
,,,2,,,,,,,,,,,,,,,,,,,,,,,,,,,,,4939,0.17185980081558228
,,,2,,,,,,,,,,,,,,,,,,,,,,,,,,,,,4949,0.03226609528064728
,,,2,,,,,,,,,,,,,,,,,,,,,,,,,,,,,4959,0.6466314792633057
,,,2,,,,,,,,,,,,,,,,,,,,,,,,,,,,,4969,0.3770807385444641
,,,2,,,,,,,,,,,,,,,,,,,,,,,,,,,,,4979,0.31224876642227173
,,,,4.550407250484573e-07,2.5491585031250013e-06,3.9217823125000015e-06,3.9217823125000015e-06,6.0335112500000015e-06,6.0335112500000015e-06,9.282325000000003e-06,9.282325000000003e-06,1.4280500000000003e-05,1.4280500000000003e-05,2.1970000000000005e-05,4.550407250484573e-07,2.1970000000000005e-05,3.38e-05,3.38e-05,5.200000000000001e-05,5.200000000000001e-05,8e-05,8e-05,8e-05,8e-05,7.000626539207035e-07,7.000626539207035e-07,1.077019467570313e-06,1.077019467570313e-06,1.6569530270312508e-06,1.6569530270312508e-06,2.5491585031250013e-06,4986,
,,,3,,,,,,,,,,,,,,,,,,,,,,,,,,,,,4989,0.4650901257991791
,,,3,,,,,,,,,,,,,,,,,,,,,,,,,,,,,4999,0.031106969341635704
,,,3,,,,,,,,,,,,,,,,,,,,,,,,,,,,,5009,0.05549794062972069
,,,3,,,,,,,,,,,,,,,,,,,,,,,,,,,,,5019,0.051187194883823395
,,,3,,,,,,,,,,,,,,,,,,,,,,,,,,,,,5029,0.015635719522833824
,,,3,,,,,,,,,,,,,,,,,,,,,,,,,,,,,5039,0.010094829834997654
,,,3,,,,,,,,,,,,,,,,,,,,,,,,,,,,,5049,0.13291437923908234
,,,3,,,,,,,,,,,,,,,,,,,,,,,,,,,,,5059,0.4461934566497803
,,,3,,,,,,,,,,,,,,,,,,,,,,,,,,,,,5069,0.010390887968242168
,,,3,,,,,,,,,,,,,,,,,,,,,,,,,,,,,5079,0.2392834573984146
,,,3,,,,,,,,,,,,,,,,,,,,,,,,,,,,,5089,0.043260060250759125
,,,3,,,,,,,,,,,,,,,,,,,,,,,,,,,,,5099,0.39105454087257385
,,,3,,,,,,,,,,,,,,,,,,,,,,,,,,,,,5109,0.04424434155225754
,,,3,,,,,,,,,,,,,,,,,,,,,,,,,,,,,5119,0.03529106080532074
,,,3,,,,,,,,,,,,,,,,,,,,,,,,,,,,,5129,0.23507116734981537
,,,3,,,,,,,,,,,,,,,,,,,,,,,,,,,,,5139,0.25025391578674316
,,,3,,,,,,,,,,,,,,,,,,,,,,,,,,,,,5149,0.07295261323451996
,,,3,,,,,,,,,,,,,,,,,,,,,,,,,,,,,5159,0.09318658709526062
,,,3,,,,,,,,,,,,,,,,,,,,,,,,,,,,,5169,0.07240668684244156
,,,3,,,,,,,,,,,,,,,,,,,,,,,,,,,,,5179,0.05538749322295189
,,,3,,,,,,,,,,,,,,,,,,,,,,,,,,,,,5189,0.09976719319820404
,,,3,,,,,,,,,,,,,,,,,,,,,,,,,,,,,5199,0.20024803280830383
,,,3,,,,,,,,,,,,,,,,,,,,,,,,,,,,,5209,0.1457756906747818
,,,3,,,,,,,,,,,,,,,,,,,,,,,,,,,,,5219,0.32609954476356506
,,,3,,,,,,,,,,,,,,,,,,,,,,,,,,,,,5229,0.7144824266433716
,,,3,,,,,,,,,,,,,,,,,,,,,,,,,,,,,5239,0.09457170963287354
,,,3,,,,,,,,,,,,,,,,,,,,,,,,,,,,,5249,1.0120048522949219
,,,3,,,,,,,,,,,,,,,,,,,,,,,,,,,,,5259,0.014361384324729443
,,,3,,,,,,,,,,,,,,,,,,,,,,,,,,,,,5269,0.09992417693138123
,,,3,,,,,,,,,,,,,,,,,,,,,,,,,,,,,5279,0.04256679490208626
,,,3,,,,,,,,,,,,,,,,,,,,,,,,,,,,,5289,0.1340353935956955
,,,3,,,,,,,,,,,,,,,,,,,,,,,,,,,,,5299,0.0374164953827858
,,,3,,,,,,,,,,,,,,,,,,,,,,,,,,,,,5309,0.018023144453763962
,,,3,,,,,,,,,,,,,,,,,,,,,,,,,,,,,5319,0.96045982837677
,,,3,,,,,,,,,,,,,,,,,,,,,,,,,,,,,5329,0.10373684018850327
,,,3,,,,,,,,,,,,,,,,,,,,,,,,,,,,,5339,0.5783146619796753
,,,3,,,,,,,,,,,,,,,,,,,,,,,,,,,,,5349,0.1309395730495453
,,,3,,,,,,,,,,,,,,,,,,,,,,,,,,,,,5359,0.038610558956861496
,,,3,,,,,,,,,,,,,,,,,,,,,,,,,,,,,5369,0.5909924507141113
,,,3,,,,,,,,,,,,,,,,,,,,,,,,,,,,,5379,0.9014596939086914
,,,3,,,,,,,,,,,,,,,,,,,,,,,,,,,,,5389,0.9070939421653748
,,,3,,,,,,,,,,,,,,,,,,,,,,,,,,,,,5399,0.021545184776186943
,,,3,,,,,,,,,,,,,,,,,,,,,,,,,,,,,5409,0.22749626636505127
,,,3,,,,,,,,,,,,,,,,,,,,,,,,,,,,,5419,0.01080003846436739
,,,3,,,,,,,,,,,,,,,,,,,,,,,,,,,,,5429,0.20422950387001038
,,,3,,,,,,,,,,,,,,,,,,,,,,,,,,,,,5439,0.0327102467417717
,,,3,,,,,,,,,,,,,,,,,,,,,,,,,,,,,5449,0.5177017450332642
,,,3,,,,,,,,,,,,,,,,,,,,,,,,,,,,,5459,0.24219639599323273
,,,3,,,,,,,,,,,,,,,,,,,,,,,,,,,,,5469,0.061728090047836304
,,,3,,,,,,,,,,,,,,,,,,,,,,,,,,,,,5479,0.5391049981117249
,,,3,,,,,,,,,,,,,,,,,,,,,,,,,,,,,5489,0.12601971626281738
,,,3,,,,,,,,,,,,,,,,,,,,,,,,,,,,,5499,0.10731546580791473
,,,3,,,,,,,,,,,,,,,,,,,,,,,,,,,,,5509,0.0812259167432785
,,,3,,,,,,,,,,,,,,,,,,,,,,,,,,,,,5519,0.14886945486068726
,,,3,,,,,,,,,,,,,,,,,,,,,,,,,,,,,5529,0.38248610496520996
,,,3,,,,,,,,,,,,,,,,,,,,,,,,,,,,,5539,0.1719801425933838
,,,3,,,,,,,,,,,,,,,,,,,,,,,,,,,,,5549,0.5518204569816589
,,,3,,,,,,,,,,,,,,,,,,,,,,,,,,,,,5559,0.4376770555973053
,,,3,,,,,,,,,,,,,,,,,,,,,,,,,,,,,5569,0.4224284291267395
,,,3,,,,,,,,,,,,,,,,,,,,,,,,,,,,,5579,0.11252164840698242
,,,3,,,,,,,,,,,,,,,,,,,,,,,,,,,,,5589,0.07026957720518112
,,,3,,,,,,,,,,,,,,,,,,,,,,,,,,,,,5599,0.15778200328350067
,,,3,,,,,,,,,,,,,,,,,,,,,,,,,,,,,5609,0.07005424797534943
,,,3,,,,,,,,,,,,,,,,,,,,,,,,,,,,,5619,0.004835667088627815
,,,3,,,,,,,,,,,,,,,,,,,,,,,,,,,,,5629,0.17905259132385254
,,,3,,,,,,,,,,,,,,,,,,,,,,,,,,,,,5639,0.014927106909453869
,,,3,,,,,,,,,,,,,,,,,,,,,,,,,,,,,5649,0.1002294197678566
,,,3,,,,,,,,,,,,,,,,,,,,,,,,,,,,,5659,0.0298065934330225
,,,3,,,,,,,,,,,,,,,,,,,,,,,,,,,,,5669,0.020488150417804718
,,,3,,,,,,,,,,,,,,,,,,,,,,,,,,,,,5679,0.50018709897995
,,,3,,,,,,,,,,,,,,,,,,,,,,,,,,,,,5689,0.07810935378074646
,,,3,,,,,,,,,,,,,,,,,,,,,,,,,,,,,5699,0.02031666599214077
,,,3,,,,,,,,,,,,,,,,,,,,,,,,,,,,,5709,1.0091943740844727
,,,3,,,,,,,,,,,,,,,,,,,,,,,,,,,,,5719,0.44413650035858154
,,,3,,,,,,,,,,,,,,,,,,,,,,,,,,,,,5729,0.18088696897029877
,,,3,,,,,,,,,,,,,,,,,,,,,,,,,,,,,5739,0.7002570629119873
,,,3,,,,,,,,,,,,,,,,,,,,,,,,,,,,,5749,0.012118328362703323
,,,3,,,,,,,,,,,,,,,,,,,,,,,,,,,,,5759,0.7672001719474792
,,,3,,,,,,,,,,,,,,,,,,,,,,,,,,,,,5769,0.01163824088871479
,,,3,,,,,,,,,,,,,,,,,,,,,,,,,,,,,5779,0.033459510654211044
,,,3,,,,,,,,,,,,,,,,,,,,,,,,,,,,,5789,0.010866915807127953
,,,3,,,,,,,,,,,,,,,,,,,,,,,,,,,,,5799,0.2159302979707718
,,,3,,,,,,,,,,,,,,,,,,,,,,,,,,,,,5809,0.012004588730633259
,,,3,,,,,,,,,,,,,,,,,,,,,,,,,,,,,5819,1.2928694486618042
,,,3,,,,,,,,,,,,,,,,,,,,,,,,,,,,,5829,0.4547162353992462
,,,3,,,,,,,,,,,,,,,,,,,,,,,,,,,,,5839,0.1271834522485733
,,,3,,,,,,,,,,,,,,,,,,,,,,,,,,,,,5849,0.20463581383228302
,,,3,,,,,,,,,,,,,,,,,,,,,,,,,,,,,5859,0.012867141515016556
,,,3,,,,,,,,,,,,,,,,,,,,,,,,,,,,,5869,0.15199822187423706
,,,3,,,,,,,,,,,,,,,,,,,,,,,,,,,,,5879,0.3183717727661133
,,,3,,,,,,,,,,,,,,,,,,,,,,,,,,,,,5889,0.030544130131602287
,,,3,,,,,,,,,,,,,,,,,,,,,,,,,,,,,5899,0.020051073282957077
,,,3,,,,,,,,,,,,,,,,,,,,,,,,,,,,,5909,0.032315585762262344
,,,3,,,,,,,,,,,,,,,,,,,,,,,,,,,,,5919,0.10422458499670029
,,,3,,,,,,,,,,,,,,,,,,,,,,,,,,,,,5929,0.25626710057258606
,,,3,,,,,,,,,,,,,,,,,,,,,,,,,,,,,5939,0.12016775459051132
,,,3,,,,,,,,,,,,,,,,,,,,,,,,,,,,,5949,0.039907779544591904
,,,3,,,,,,,,,,,,,,,,,,,,,,,,,,,,,5959,0.25712862610816956
,,,3,,,,,,,,,,,,,,,,,,,,,,,,,,,,,5969,0.009925422258675098
,,,3,,,,,,,,,,,,,,,,,,,,,,,,,,,,,5979,0.10580303519964218
,,,3,,,,,,,,,,,,,,,,,,,,,,,,,,,,,5989,0.05186593160033226
,,,3,,,,,,,,,,,,,,,,,,,,,,,,,,,,,5999,0.22545534372329712
,,,3,,,,,,,,,,,,,,,,,,,,,,,,,,,,,6009,0.01458160113543272
,,,3,,,,,,,,,,,,,,,,,,,,,,,,,,,,,6019,1.4458296298980713
,,,3,,,,,,,,,,,,,,,,,,,,,,,,,,,,,6029,0.08296092599630356
,,,3,,,,,,,,,,,,,,,,,,,,,,,,,,,,,6039,0.008213318884372711
,,,3,,,,,,,,,,,,,,,,,,,,,,,,,,,,,6049,1.8760658502578735
,,,3,,,,,,,,,,,,,,,,,,,,,,,,,,,,,6059,0.09375626593828201
,,,3,,,,,,,,,,,,,,,,,,,,,,,,,,,,,6069,0.26256221532821655
,,,3,,,,,,,,,,,,,,,,,,,,,,,,,,,,,6079,0.030291106551885605
,,,3,,,,,,,,,,,,,,,,,,,,,,,,,,,,,6089,0.01982128620147705
,,,3,,,,,,,,,,,,,,,,,,,,,,,,,,,,,6099,0.49210670590400696
,,,3,,,,,,,,,,,,,,,,,,,,,,,,,,,,,6109,0.4549580216407776
,,,3,,,,,,,,,,,,,,,,,,,,,,,,,,,,,6119,0.22730006277561188
,,,3,,,,,,,,,,,,,,,,,,,,,,,,,,,,,6129,0.2146444022655487
,,,3,,,,,,,,,,,,,,,,,,,,,,,,,,,,,6139,0.10634621232748032
,,,3,,,,,,,,,,,,,,,,,,,,,,,,,,,,,6149,0.019831042736768723
,,,3,,,,,,,,,,,,,,,,,,,,,,,,,,,,,6159,0.07057955116033554
,,,3,,,,,,,,,,,,,,,,,,,,,,,,,,,,,6169,0.10216069221496582
,,,3,,,,,,,,,,,,,,,,,,,,,,,,,,,,,6179,0.09296255558729172
,,,3,,,,,,,,,,,,,,,,,,,,,,,,,,,,,6189,0.19915932416915894
,,,3,,,,,,,,,,,,,,,,,,,,,,,,,,,,,6199,0.012961801141500473
,,,3,,,,,,,,,,,,,,,,,,,,,,,,,,,,,6209,0.2624240219593048
,,,3,,,,,,,,,,,,,,,,,,,,,,,,,,,,,6219,0.024574821814894676
,,,3,,,,,,,,,,,,,,,,,,,,,,,,,,,,,6229,0.11922398954629898
,,,3,,,,,,,,,,,,,,,,,,,,,,,,,,,,,6239,1.006926417350769
,,,3,,,,,,,,,,,,,,,,,,,,,,,,,,,,,6249,0.0747600793838501
,,,3,,,,,,,,,,,,,,,,,,,,,,,,,,,,,6259,0.041513752192258835
,,,3,,,,,,,,,,,,,,,,,,,,,,,,,,,,,6269,0.01241954043507576
,,,3,,,,,,,,,,,,,,,,,,,,,,,,,,,,,6279,0.1045999675989151
,,,3,,,,,,,,,,,,,,,,,,,,,,,,,,,,,6289,0.08042970299720764
,,,3,,,,,,,,,,,,,,,,,,,,,,,,,,,,,6299,0.021407511085271835
,,,3,,,,,,,,,,,,,,,,,,,,,,,,,,,,,6309,0.04209287092089653
,,,3,,,,,,,,,,,,,,,,,,,,,,,,,,,,,6319,0.731503963470459
,,,3,,,,,,,,,,,,,,,,,,,,,,,,,,,,,6329,1.874611258506775
,,,3,,,,,,,,,,,,,,,,,,,,,,,,,,,,,6339,0.09624358266592026
,,,3,,,,,,,,,,,,,,,,,,,,,,,,,,,,,6349,0.023502618074417114
,,,3,,,,,,,,,,,,,,,,,,,,,,,,,,,,,6359,0.033509157598018646
,,,3,,,,,,,,,,,,,,,,,,,,,,,,,,,,,6369,0.011482100002467632
,,,3,,,,,,,,,,,,,,,,,,,,,,,,,,,,,6379,0.3053770065307617
,,,3,,,,,,,,,,,,,,,,,,,,,,,,,,,,,6389,0.04046299681067467
,,,3,,,,,,,,,,,,,,,,,,,,,,,,,,,,,6399,0.1651078760623932
,,,3,,,,,,,,,,,,,,,,,,,,,,,,,,,,,6409,0.06565620750188828
,,,3,,,,,,,,,,,,,,,,,,,,,,,,,,,,,6419,0.0059943790547549725
,,,3,,,,,,,,,,,,,,,,,,,,,,,,,,,,,6429,0.027866927906870842
,,,3,,,,,,,,,,,,,,,,,,,,,,,,,,,,,6439,0.018148519098758698
,,,3,,,,,,,,,,,,,,,,,,,,,,,,,,,,,6449,0.01666305772960186
,,,3,,,,,,,,,,,,,,,,,,,,,,,,,,,,,6459,0.042010676115751266
,,,3,,,,,,,,,,,,,,,,,,,,,,,,,,,,,6469,0.12093854695558548
,,,3,,,,,,,,,,,,,,,,,,,,,,,,,,,,,6479,0.12951992452144623
,,,3,,,,,,,,,,,,,,,,,,,,,,,,,,,,,6489,0.43777334690093994
,,,3,,,,,,,,,,,,,,,,,,,,,,,,,,,,,6499,0.018182970583438873
,,,3,,,,,,,,,,,,,,,,,,,,,,,,,,,,,6509,0.06613840162754059
,,,3,,,,,,,,,,,,,,,,,,,,,,,,,,,,,6519,0.572166919708252
,,,3,,,,,,,,,,,,,,,,,,,,,,,,,,,,,6529,0.2812165319919586
,,,3,,,,,,,,,,,,,,,,,,,,,,,,,,,,,6539,0.007569023873656988
,,,3,,,,,,,,,,,,,,,,,,,,,,,,,,,,,6549,0.04331055283546448
,,,3,,,,,,,,,,,,,,,,,,,,,,,,,,,,,6559,0.45200666785240173
,,,3,,,,,,,,,,,,,,,,,,,,,,,,,,,,,6569,0.006388915702700615
,,,3,,,,,,,,,,,,,,,,,,,,,,,,,,,,,6579,0.10810232907533646
,,,3,,,,,,,,,,,,,,,,,,,,,,,,,,,,,6589,0.008257122710347176
,,,3,,,,,,,,,,,,,,,,,,,,,,,,,,,,,6599,0.16671715676784515
,,,3,,,,,,,,,,,,,,,,,,,,,,,,,,,,,6609,0.037463802844285965
,,,3,,,,,,,,,,,,,,,,,,,,,,,,,,,,,6619,0.03629451245069504
,,,3,,,,,,,,,,,,,,,,,,,,,,,,,,,,,6629,0.10437463223934174
,,,3,,,,,,,,,,,,,,,,,,,,,,,,,,,,,6639,1.173646092414856
,,,,5.688009063105716e-07,3.1864481289062513e-06,4.9022278906250015e-06,4.9022278906250015e-06,7.541889062500002e-06,7.541889062500002e-06,1.1602906250000002e-05,1.1602906250000002e-05,1.7850625000000003e-05,1.7850625000000003e-05,2.7462500000000003e-05,5.688009063105716e-07,2.7462500000000003e-05,4.2250000000000004e-05,4.2250000000000004e-05,6.500000000000001e-05,6.500000000000001e-05,0.0001,0.0001,0.0001,0.0001,8.750783174008792e-07,8.750783174008792e-07,1.3462743344628912e-06,1.3462743344628912e-06,2.0711912837890633e-06,2.0711912837890633e-06,3.1864481289062513e-06,6648,
,,,4,,,,,,,,,,,,,,,,,,,,,,,,,,,,,6649,0.03599629923701286
,,,4,,,,,,,,,,,,,,,,,,,,,,,,,,,,,6659,0.035200316458940506
,,,4,,,,,,,,,,,,,,,,,,,,,,,,,,,,,6669,0.05618852376937866
,,,4,,,,,,,,,,,,,,,,,,,,,,,,,,,,,6679,0.007686929311603308
,,,4,,,,,,,,,,,,,,,,,,,,,,,,,,,,,6689,0.07406096905469894
,,,4,,,,,,,,,,,,,,,,,,,,,,,,,,,,,6699,0.6616507768630981
,,,4,,,,,,,,,,,,,,,,,,,,,,,,,,,,,6709,0.019248470664024353
,,,4,,,,,,,,,,,,,,,,,,,,,,,,,,,,,6719,0.09850496053695679
,,,4,,,,,,,,,,,,,,,,,,,,,,,,,,,,,6729,0.06124718114733696
,,,4,,,,,,,,,,,,,,,,,,,,,,,,,,,,,6739,0.043865375220775604
,,,4,,,,,,,,,,,,,,,,,,,,,,,,,,,,,6749,0.18247996270656586
,,,4,,,,,,,,,,,,,,,,,,,,,,,,,,,,,6759,0.008407222107052803
,,,4,,,,,,,,,,,,,,,,,,,,,,,,,,,,,6769,0.07567890733480453
,,,4,,,,,,,,,,,,,,,,,,,,,,,,,,,,,6779,0.03273740038275719
,,,4,,,,,,,,,,,,,,,,,,,,,,,,,,,,,6789,0.19986435770988464
,,,4,,,,,,,,,,,,,,,,,,,,,,,,,,,,,6799,0.21999908983707428
,,,4,,,,,,,,,,,,,,,,,,,,,,,,,,,,,6809,0.4369727671146393
,,,4,,,,,,,,,,,,,,,,,,,,,,,,,,,,,6819,0.0341697596013546
,,,4,,,,,,,,,,,,,,,,,,,,,,,,,,,,,6829,0.3332073986530304
,,,4,,,,,,,,,,,,,,,,,,,,,,,,,,,,,6839,0.011835617944598198
,,,4,,,,,,,,,,,,,,,,,,,,,,,,,,,,,6849,0.005927118007093668
,,,4,,,,,,,,,,,,,,,,,,,,,,,,,,,,,6859,0.2737579941749573
,,,4,,,,,,,,,,,,,,,,,,,,,,,,,,,,,6869,0.5678294897079468
,,,4,,,,,,,,,,,,,,,,,,,,,,,,,,,,,6879,0.038108374923467636
,,,4,,,,,,,,,,,,,,,,,,,,,,,,,,,,,6889,0.006077077239751816
,,,4,,,,,,,,,,,,,,,,,,,,,,,,,,,,,6899,0.5759446024894714
,,,4,,,,,,,,,,,,,,,,,,,,,,,,,,,,,6909,0.06468834728002548
,,,4,,,,,,,,,,,,,,,,,,,,,,,,,,,,,6919,0.06926341354846954
,,,4,,,,,,,,,,,,,,,,,,,,,,,,,,,,,6929,0.04712802171707153
,,,4,,,,,,,,,,,,,,,,,,,,,,,,,,,,,6939,0.2333478480577469
,,,4,,,,,,,,,,,,,,,,,,,,,,,,,,,,,6949,0.6738676428794861
,,,4,,,,,,,,,,,,,,,,,,,,,,,,,,,,,6959,0.023328011855483055
,,,4,,,,,,,,,,,,,,,,,,,,,,,,,,,,,6969,0.5767754912376404
,,,4,,,,,,,,,,,,,,,,,,,,,,,,,,,,,6979,0.32950884103775024
,,,4,,,,,,,,,,,,,,,,,,,,,,,,,,,,,6989,0.08038265258073807
,,,4,,,,,,,,,,,,,,,,,,,,,,,,,,,,,6999,0.08251923322677612
,,,4,,,,,,,,,,,,,,,,,,,,,,,,,,,,,7009,0.03303776681423187
,,,4,,,,,,,,,,,,,,,,,,,,,,,,,,,,,7019,0.040720902383327484
,,,4,,,,,,,,,,,,,,,,,,,,,,,,,,,,,7029,0.023193294182419777
,,,4,,,,,,,,,,,,,,,,,,,,,,,,,,,,,7039,0.12241698056459427
,,,4,,,,,,,,,,,,,,,,,,,,,,,,,,,,,7049,0.009519735351204872
,,,4,,,,,,,,,,,,,,,,,,,,,,,,,,,,,7059,0.3439951241016388
,,,4,,,,,,,,,,,,,,,,,,,,,,,,,,,,,7069,0.6346312761306763
,,,4,,,,,,,,,,,,,,,,,,,,,,,,,,,,,7079,0.0323333814740181
,,,4,,,,,,,,,,,,,,,,,,,,,,,,,,,,,7089,0.09962102770805359
,,,4,,,,,,,,,,,,,,,,,,,,,,,,,,,,,7099,0.018263613805174828
,,,4,,,,,,,,,,,,,,,,,,,,,,,,,,,,,7109,0.016934620216488838
,,,4,,,,,,,,,,,,,,,,,,,,,,,,,,,,,7119,0.3126605451107025
,,,4,,,,,,,,,,,,,,,,,,,,,,,,,,,,,7129,0.011355927214026451
,,,4,,,,,,,,,,,,,,,,,,,,,,,,,,,,,7139,0.1810964047908783
,,,4,,,,,,,,,,,,,,,,,,,,,,,,,,,,,7149,0.2465389221906662
,,,4,,,,,,,,,,,,,,,,,,,,,,,,,,,,,7159,0.0980253592133522
,,,4,,,,,,,,,,,,,,,,,,,,,,,,,,,,,7169,0.07731528580188751
,,,4,,,,,,,,,,,,,,,,,,,,,,,,,,,,,7179,0.04202328622341156
,,,4,,,,,,,,,,,,,,,,,,,,,,,,,,,,,7189,0.12454428523778915
,,,4,,,,,,,,,,,,,,,,,,,,,,,,,,,,,7199,0.09902035444974899
,,,4,,,,,,,,,,,,,,,,,,,,,,,,,,,,,7209,2.219008207321167
,,,4,,,,,,,,,,,,,,,,,,,,,,,,,,,,,7219,0.752058207988739
,,,4,,,,,,,,,,,,,,,,,,,,,,,,,,,,,7229,0.05324045196175575
,,,4,,,,,,,,,,,,,,,,,,,,,,,,,,,,,7239,0.03510114178061485
,,,4,,,,,,,,,,,,,,,,,,,,,,,,,,,,,7249,0.019605031237006187
,,,4,,,,,,,,,,,,,,,,,,,,,,,,,,,,,7259,0.080619215965271
,,,4,,,,,,,,,,,,,,,,,,,,,,,,,,,,,7269,0.42746564745903015
,,,4,,,,,,,,,,,,,,,,,,,,,,,,,,,,,7279,0.027000349014997482
,,,4,,,,,,,,,,,,,,,,,,,,,,,,,,,,,7289,0.1208697035908699
,,,4,,,,,,,,,,,,,,,,,,,,,,,,,,,,,7299,0.008801397867500782
,,,4,,,,,,,,,,,,,,,,,,,,,,,,,,,,,7309,0.03433818742632866
,,,4,,,,,,,,,,,,,,,,,,,,,,,,,,,,,7319,0.025621701031923294
,,,4,,,,,,,,,,,,,,,,,,,,,,,,,,,,,7329,0.013878166675567627
,,,4,,,,,,,,,,,,,,,,,,,,,,,,,,,,,7339,0.005864807870239019
,,,4,,,,,,,,,,,,,,,,,,,,,,,,,,,,,7349,0.0058651454746723175
,,,4,,,,,,,,,,,,,,,,,,,,,,,,,,,,,7359,0.11640501022338867
,,,4,,,,,,,,,,,,,,,,,,,,,,,,,,,,,7369,0.109941765666008
,,,4,,,,,,,,,,,,,,,,,,,,,,,,,,,,,7379,0.02395729348063469
,,,4,,,,,,,,,,,,,,,,,,,,,,,,,,,,,7389,0.00411206902936101
,,,4,,,,,,,,,,,,,,,,,,,,,,,,,,,,,7399,0.3213531970977783
,,,4,,,,,,,,,,,,,,,,,,,,,,,,,,,,,7409,0.04515991359949112
,,,4,,,,,,,,,,,,,,,,,,,,,,,,,,,,,7419,0.0573195144534111
,,,4,,,,,,,,,,,,,,,,,,,,,,,,,,,,,7429,1.0356230735778809
,,,4,,,,,,,,,,,,,,,,,,,,,,,,,,,,,7439,0.16114245355129242
,,,4,,,,,,,,,,,,,,,,,,,,,,,,,,,,,7449,0.03712671995162964
,,,4,,,,,,,,,,,,,,,,,,,,,,,,,,,,,7459,0.2082267552614212
,,,4,,,,,,,,,,,,,,,,,,,,,,,,,,,,,7469,0.03450990095734596
,,,4,,,,,,,,,,,,,,,,,,,,,,,,,,,,,7479,0.15766209363937378
,,,4,,,,,,,,,,,,,,,,,,,,,,,,,,,,,7489,0.3112677037715912
,,,4,,,,,,,,,,,,,,,,,,,,,,,,,,,,,7499,0.029777629300951958
,,,4,,,,,,,,,,,,,,,,,,,,,,,,,,,,,7509,0.15105824172496796
,,,4,,,,,,,,,,,,,,,,,,,,,,,,,,,,,7519,1.2620407342910767
,,,4,,,,,,,,,,,,,,,,,,,,,,,,,,,,,7529,0.0084364740177989
,,,4,,,,,,,,,,,,,,,,,,,,,,,,,,,,,7539,0.05429408699274063
,,,4,,,,,,,,,,,,,,,,,,,,,,,,,,,,,7549,0.1409456878900528
,,,4,,,,,,,,,,,,,,,,,,,,,,,,,,,,,7559,0.009206518530845642
,,,4,,,,,,,,,,,,,,,,,,,,,,,,,,,,,7569,0.048102423548698425
,,,4,,,,,,,,,,,,,,,,,,,,,,,,,,,,,7579,0.040366098284721375
,,,4,,,,,,,,,,,,,,,,,,,,,,,,,,,,,7589,0.005164744332432747
,,,4,,,,,,,,,,,,,,,,,,,,,,,,,,,,,7599,0.05557667091488838
,,,4,,,,,,,,,,,,,,,,,,,,,,,,,,,,,7609,0.010798517614603043
,,,4,,,,,,,,,,,,,,,,,,,,,,,,,,,,,7619,0.1875544637441635
,,,4,,,,,,,,,,,,,,,,,,,,,,,,,,,,,7629,0.016060834750533104
,,,4,,,,,,,,,,,,,,,,,,,,,,,,,,,,,7639,0.14369580149650574
,,,4,,,,,,,,,,,,,,,,,,,,,,,,,,,,,7649,0.01942703314125538
,,,4,,,,,,,,,,,,,,,,,,,,,,,,,,,,,7659,0.20382022857666016
,,,4,,,,,,,,,,,,,,,,,,,,,,,,,,,,,7669,0.18470469117164612
,,,4,,,,,,,,,,,,,,,,,,,,,,,,,,,,,7679,0.035705823451280594
,,,4,,,,,,,,,,,,,,,,,,,,,,,,,,,,,7689,0.03435482084751129
,,,4,,,,,,,,,,,,,,,,,,,,,,,,,,,,,7699,0.10966380685567856
,,,4,,,,,,,,,,,,,,,,,,,,,,,,,,,,,7709,0.3958892226219177
,,,4,,,,,,,,,,,,,,,,,,,,,,,,,,,,,7719,0.04361714795231819
,,,4,,,,,,,,,,,,,,,,,,,,,,,,,,,,,7729,0.07906552404165268
,,,4,,,,,,,,,,,,,,,,,,,,,,,,,,,,,7739,0.03497634828090668
,,,4,,,,,,,,,,,,,,,,,,,,,,,,,,,,,7749,1.2158766984939575
,,,4,,,,,,,,,,,,,,,,,,,,,,,,,,,,,7759,0.06341289728879929
,,,4,,,,,,,,,,,,,,,,,,,,,,,,,,,,,7769,0.6660529971122742
,,,4,,,,,,,,,,,,,,,,,,,,,,,,,,,,,7779,0.9071515202522278
,,,4,,,,,,,,,,,,,,,,,,,,,,,,,,,,,7789,0.396754652261734
,,,4,,,,,,,,,,,,,,,,,,,,,,,,,,,,,7799,0.08186641335487366
,,,4,,,,,,,,,,,,,,,,,,,,,,,,,,,,,7809,0.03768979012966156
,,,4,,,,,,,,,,,,,,,,,,,,,,,,,,,,,7819,0.010671943426132202
,,,4,,,,,,,,,,,,,,,,,,,,,,,,,,,,,7829,0.0041516791097819805
,,,4,,,,,,,,,,,,,,,,,,,,,,,,,,,,,7839,0.10201587527990341
,,,4,,,,,,,,,,,,,,,,,,,,,,,,,,,,,7849,0.4852657616138458
,,,4,,,,,,,,,,,,,,,,,,,,,,,,,,,,,7859,0.11717880517244339
,,,4,,,,,,,,,,,,,,,,,,,,,,,,,,,,,7869,0.05482498183846474
,,,4,,,,,,,,,,,,,,,,,,,,,,,,,,,,,7879,0.5257254838943481
,,,4,,,,,,,,,,,,,,,,,,,,,,,,,,,,,7889,0.05224008485674858
,,,4,,,,,,,,,,,,,,,,,,,,,,,,,,,,,7899,0.36902695894241333
,,,4,,,,,,,,,,,,,,,,,,,,,,,,,,,,,7909,0.06562165915966034
,,,4,,,,,,,,,,,,,,,,,,,,,,,,,,,,,7919,0.41167116165161133
,,,4,,,,,,,,,,,,,,,,,,,,,,,,,,,,,7929,0.7937213778495789
,,,4,,,,,,,,,,,,,,,,,,,,,,,,,,,,,7939,1.6284831762313843
,,,4,,,,,,,,,,,,,,,,,,,,,,,,,,,,,7949,0.018867434933781624
,,,4,,,,,,,,,,,,,,,,,,,,,,,,,,,,,7959,0.10115312039852142
,,,4,,,,,,,,,,,,,,,,,,,,,,,,,,,,,7969,1.1483081579208374
,,,4,,,,,,,,,,,,,,,,,,,,,,,,,,,,,7979,0.04537346586585045
,,,4,,,,,,,,,,,,,,,,,,,,,,,,,,,,,7989,0.058751244097948074
,,,4,,,,,,,,,,,,,,,,,,,,,,,,,,,,,7999,0.14656579494476318
,,,4,,,,,,,,,,,,,,,,,,,,,,,,,,,,,8009,0.010196148417890072
,,,4,,,,,,,,,,,,,,,,,,,,,,,,,,,,,8019,0.15948887169361115
,,,4,,,,,,,,,,,,,,,,,,,,,,,,,,,,,8029,0.7322848439216614
,,,4,,,,,,,,,,,,,,,,,,,,,,,,,,,,,8039,0.0660586953163147
,,,4,,,,,,,,,,,,,,,,,,,,,,,,,,,,,8049,0.006826077122241259
,,,4,,,,,,,,,,,,,,,,,,,,,,,,,,,,,8059,0.17751096189022064
,,,4,,,,,,,,,,,,,,,,,,,,,,,,,,,,,8069,0.05465162917971611
,,,4,,,,,,,,,,,,,,,,,,,,,,,,,,,,,8079,0.027047501876950264
,,,4,,,,,,,,,,,,,,,,,,,,,,,,,,,,,8089,0.13262788951396942
,,,4,,,,,,,,,,,,,,,,,,,,,,,,,,,,,8099,0.05658154562115669
,,,4,,,,,,,,,,,,,,,,,,,,,,,,,,,,,8109,0.012536680325865746
,,,4,,,,,,,,,,,,,,,,,,,,,,,,,,,,,8119,0.6685003042221069
,,,4,,,,,,,,,,,,,,,,,,,,,,,,,,,,,8129,1.492112398147583
,,,4,,,,,,,,,,,,,,,,,,,,,,,,,,,,,8139,0.021115772426128387
,,,4,,,,,,,,,,,,,,,,,,,,,,,,,,,,,8149,0.03727082908153534
,,,4,,,,,,,,,,,,,,,,,,,,,,,,,,,,,8159,0.01144603081047535
,,,4,,,,,,,,,,,,,,,,,,,,,,,,,,,,,8169,0.5846426486968994
,,,4,,,,,,,,,,,,,,,,,,,,,,,,,,,,,8179,0.007401034235954285
,,,4,,,,,,,,,,,,,,,,,,,,,,,,,,,,,8189,0.057933658361434937
,,,4,,,,,,,,,,,,,,,,,,,,,,,,,,,,,8199,0.19781212508678436
,,,4,,,,,,,,,,,,,,,,,,,,,,,,,,,,,8209,0.018053526058793068
,,,4,,,,,,,,,,,,,,,,,,,,,,,,,,,,,8219,0.685944139957428
,,,4,,,,,,,,,,,,,,,,,,,,,,,,,,,,,8229,0.014849514700472355
,,,4,,,,,,,,,,,,,,,,,,,,,,,,,,,,,8239,0.3687138557434082
,,,4,,,,,,,,,,,,,,,,,,,,,,,,,,,,,8249,1.0235317945480347
,,,4,,,,,,,,,,,,,,,,,,,,,,,,,,,,,8259,0.010343740694224834
,,,4,,,,,,,,,,,,,,,,,,,,,,,,,,,,,8269,0.3900158703327179
,,,4,,,,,,,,,,,,,,,,,,,,,,,,,,,,,8279,0.020225530490279198
,,,4,,,,,,,,,,,,,,,,,,,,,,,,,,,,,8289,1.067928433418274
,,,4,,,,,,,,,,,,,,,,,,,,,,,,,,,,,8299,0.12493624538183212
,,,4,,,,,,,,,,,,,,,,,,,,,,,,,,,,,8309,0.009976568631827831
0.8469682335853577,0.8429118990898132,0.8510638475418091,4,,,,,,,,,,,,,,,,,,,,,,,,,,,,,8309,
,,,,5.688009063105716e-07,3.1864481289062513e-06,4.9022278906250015e-06,4.9022278906250015e-06,7.541889062500002e-06,7.541889062500002e-06,1.1602906250000002e-05,1.1602906250000002e-05,1.7850625000000003e-05,1.7850625000000003e-05,2.7462500000000003e-05,5.688009063105716e-07,2.7462500000000003e-05,4.2250000000000004e-05,4.2250000000000004e-05,6.500000000000001e-05,6.500000000000001e-05,0.0001,0.0001,0.0001,0.0001,8.750783174008792e-07,8.750783174008792e-07,1.3462743344628912e-06,1.3462743344628912e-06,2.0711912837890633e-06,2.0711912837890633e-06,3.1864481289062513e-06,8310,
,,,5,,,,,,,,,,,,,,,,,,,,,,,,,,,,,8319,0.18805238604545593
,,,5,,,,,,,,,,,,,,,,,,,,,,,,,,,,,8329,0.022929983213543892
,,,5,,,,,,,,,,,,,,,,,,,,,,,,,,,,,8339,0.07463419437408447
,,,5,,,,,,,,,,,,,,,,,,,,,,,,,,,,,8349,0.3461933135986328
,,,5,,,,,,,,,,,,,,,,,,,,,,,,,,,,,8359,0.18212458491325378
,,,5,,,,,,,,,,,,,,,,,,,,,,,,,,,,,8369,0.3740310072898865
,,,5,,,,,,,,,,,,,,,,,,,,,,,,,,,,,8379,0.030201058834791183
,,,5,,,,,,,,,,,,,,,,,,,,,,,,,,,,,8389,0.020260533317923546
,,,5,,,,,,,,,,,,,,,,,,,,,,,,,,,,,8399,0.056168265640735626
,,,5,,,,,,,,,,,,,,,,,,,,,,,,,,,,,8409,0.09304353594779968
,,,5,,,,,,,,,,,,,,,,,,,,,,,,,,,,,8419,0.014546282589435577
,,,5,,,,,,,,,,,,,,,,,,,,,,,,,,,,,8429,0.13663506507873535
,,,5,,,,,,,,,,,,,,,,,,,,,,,,,,,,,8439,0.010321076959371567
,,,5,,,,,,,,,,,,,,,,,,,,,,,,,,,,,8449,0.020724205300211906
,,,5,,,,,,,,,,,,,,,,,,,,,,,,,,,,,8459,0.006088233552873135
,,,5,,,,,,,,,,,,,,,,,,,,,,,,,,,,,8469,0.9119057655334473
,,,5,,,,,,,,,,,,,,,,,,,,,,,,,,,,,8479,0.02718387544155121
,,,5,,,,,,,,,,,,,,,,,,,,,,,,,,,,,8489,0.009906393475830555
,,,5,,,,,,,,,,,,,,,,,,,,,,,,,,,,,8499,0.008540146052837372
,,,5,,,,,,,,,,,,,,,,,,,,,,,,,,,,,8509,0.1651390939950943
,,,5,,,,,,,,,,,,,,,,,,,,,,,,,,,,,8519,0.006788965314626694
,,,5,,,,,,,,,,,,,,,,,,,,,,,,,,,,,8529,0.029740270227193832
,,,5,,,,,,,,,,,,,,,,,,,,,,,,,,,,,8539,0.445482462644577
,,,5,,,,,,,,,,,,,,,,,,,,,,,,,,,,,8549,0.04227999225258827
,,,5,,,,,,,,,,,,,,,,,,,,,,,,,,,,,8559,0.35942375659942627
,,,5,,,,,,,,,,,,,,,,,,,,,,,,,,,,,8569,0.39049094915390015
,,,5,,,,,,,,,,,,,,,,,,,,,,,,,,,,,8579,0.03295375779271126
,,,5,,,,,,,,,,,,,,,,,,,,,,,,,,,,,8589,0.18849483132362366
,,,5,,,,,,,,,,,,,,,,,,,,,,,,,,,,,8599,0.09388847649097443
,,,5,,,,,,,,,,,,,,,,,,,,,,,,,,,,,8609,0.008399455808103085
,,,5,,,,,,,,,,,,,,,,,,,,,,,,,,,,,8619,0.027173981070518494
,,,5,,,,,,,,,,,,,,,,,,,,,,,,,,,,,8629,0.03260821849107742
,,,5,,,,,,,,,,,,,,,,,,,,,,,,,,,,,8639,0.40440893173217773
,,,5,,,,,,,,,,,,,,,,,,,,,,,,,,,,,8649,0.033251091837882996
,,,5,,,,,,,,,,,,,,,,,,,,,,,,,,,,,8659,0.10496262460947037
,,,5,,,,,,,,,,,,,,,,,,,,,,,,,,,,,8669,0.0960223525762558
,,,5,,,,,,,,,,,,,,,,,,,,,,,,,,,,,8679,0.16928522288799286
,,,5,,,,,,,,,,,,,,,,,,,,,,,,,,,,,8689,0.014654956758022308
,,,5,,,,,,,,,,,,,,,,,,,,,,,,,,,,,8699,0.14672385156154633
,,,5,,,,,,,,,,,,,,,,,,,,,,,,,,,,,8709,0.4302862286567688
,,,5,,,,,,,,,,,,,,,,,,,,,,,,,,,,,8719,0.11568821966648102
,,,5,,,,,,,,,,,,,,,,,,,,,,,,,,,,,8729,0.16942791640758514
,,,5,,,,,,,,,,,,,,,,,,,,,,,,,,,,,8739,0.025740360841155052
,,,5,,,,,,,,,,,,,,,,,,,,,,,,,,,,,8749,0.1710035353899002
,,,5,,,,,,,,,,,,,,,,,,,,,,,,,,,,,8759,0.7477777600288391
,,,5,,,,,,,,,,,,,,,,,,,,,,,,,,,,,8769,0.23567423224449158
,,,5,,,,,,,,,,,,,,,,,,,,,,,,,,,,,8779,0.025716952979564667
,,,5,,,,,,,,,,,,,,,,,,,,,,,,,,,,,8789,0.18020707368850708
,,,5,,,,,,,,,,,,,,,,,,,,,,,,,,,,,8799,0.0064643509685993195
,,,5,,,,,,,,,,,,,,,,,,,,,,,,,,,,,8809,0.0041029504500329494
,,,5,,,,,,,,,,,,,,,,,,,,,,,,,,,,,8819,0.6671047806739807
,,,5,,,,,,,,,,,,,,,,,,,,,,,,,,,,,8829,0.646335244178772
,,,5,,,,,,,,,,,,,,,,,,,,,,,,,,,,,8839,0.0743463858962059
,,,5,,,,,,,,,,,,,,,,,,,,,,,,,,,,,8849,0.057086676359176636
,,,5,,,,,,,,,,,,,,,,,,,,,,,,,,,,,8859,0.05726577341556549
,,,5,,,,,,,,,,,,,,,,,,,,,,,,,,,,,8869,0.007539725862443447
,,,5,,,,,,,,,,,,,,,,,,,,,,,,,,,,,8879,0.014948993921279907
,,,5,,,,,,,,,,,,,,,,,,,,,,,,,,,,,8889,0.11884971708059311
,,,5,,,,,,,,,,,,,,,,,,,,,,,,,,,,,8899,0.0037287159357219934
,,,5,,,,,,,,,,,,,,,,,,,,,,,,,,,,,8909,0.008357085287570953
,,,5,,,,,,,,,,,,,,,,,,,,,,,,,,,,,8919,2.8358776569366455
,,,5,,,,,,,,,,,,,,,,,,,,,,,,,,,,,8929,0.10196730494499207
,,,5,,,,,,,,,,,,,,,,,,,,,,,,,,,,,8939,0.7707724571228027
,,,5,,,,,,,,,,,,,,,,,,,,,,,,,,,,,8949,0.5899295806884766
,,,5,,,,,,,,,,,,,,,,,,,,,,,,,,,,,8959,0.03581150993704796
,,,5,,,,,,,,,,,,,,,,,,,,,,,,,,,,,8969,0.01579378917813301
,,,5,,,,,,,,,,,,,,,,,,,,,,,,,,,,,8979,0.5182771682739258
,,,5,,,,,,,,,,,,,,,,,,,,,,,,,,,,,8989,0.3267059028148651
,,,5,,,,,,,,,,,,,,,,,,,,,,,,,,,,,8999,0.6984008550643921
,,,5,,,,,,,,,,,,,,,,,,,,,,,,,,,,,9009,0.4688010811805725
,,,5,,,,,,,,,,,,,,,,,,,,,,,,,,,,,9019,0.021018370985984802
,,,5,,,,,,,,,,,,,,,,,,,,,,,,,,,,,9029,0.013776575215160847
,,,5,,,,,,,,,,,,,,,,,,,,,,,,,,,,,9039,0.03584550321102142
,,,5,,,,,,,,,,,,,,,,,,,,,,,,,,,,,9049,0.010606348514556885
,,,5,,,,,,,,,,,,,,,,,,,,,,,,,,,,,9059,0.012702619656920433
,,,5,,,,,,,,,,,,,,,,,,,,,,,,,,,,,9069,0.11754440516233444
,,,5,,,,,,,,,,,,,,,,,,,,,,,,,,,,,9079,0.004740872420370579
,,,5,,,,,,,,,,,,,,,,,,,,,,,,,,,,,9089,0.04946662485599518
,,,5,,,,,,,,,,,,,,,,,,,,,,,,,,,,,9099,0.2824469804763794
,,,5,,,,,,,,,,,,,,,,,,,,,,,,,,,,,9109,0.3045714795589447
,,,5,,,,,,,,,,,,,,,,,,,,,,,,,,,,,9119,0.03609446808695793
,,,5,,,,,,,,,,,,,,,,,,,,,,,,,,,,,9129,0.03496623411774635
,,,5,,,,,,,,,,,,,,,,,,,,,,,,,,,,,9139,0.0070821805857121944
,,,5,,,,,,,,,,,,,,,,,,,,,,,,,,,,,9149,0.05904229357838631
,,,5,,,,,,,,,,,,,,,,,,,,,,,,,,,,,9159,0.682730495929718
,,,5,,,,,,,,,,,,,,,,,,,,,,,,,,,,,9169,0.2212820202112198
,,,5,,,,,,,,,,,,,,,,,,,,,,,,,,,,,9179,0.6822126507759094
,,,5,,,,,,,,,,,,,,,,,,,,,,,,,,,,,9189,0.01521999016404152
,,,5,,,,,,,,,,,,,,,,,,,,,,,,,,,,,9199,0.007953118532896042
,,,5,,,,,,,,,,,,,,,,,,,,,,,,,,,,,9209,0.00609336094930768
,,,5,,,,,,,,,,,,,,,,,,,,,,,,,,,,,9219,0.7886441349983215
,,,5,,,,,,,,,,,,,,,,,,,,,,,,,,,,,9229,0.12129978835582733
,,,5,,,,,,,,,,,,,,,,,,,,,,,,,,,,,9239,0.18137720227241516
,,,5,,,,,,,,,,,,,,,,,,,,,,,,,,,,,9249,0.025254514068365097
,,,5,,,,,,,,,,,,,,,,,,,,,,,,,,,,,9259,0.12429150193929672
,,,5,,,,,,,,,,,,,,,,,,,,,,,,,,,,,9269,0.13907505571842194
,,,5,,,,,,,,,,,,,,,,,,,,,,,,,,,,,9279,0.009304281324148178
,,,5,,,,,,,,,,,,,,,,,,,,,,,,,,,,,9289,0.016425471752882004
,,,5,,,,,,,,,,,,,,,,,,,,,,,,,,,,,9299,0.011710688471794128
,,,5,,,,,,,,,,,,,,,,,,,,,,,,,,,,,9309,0.005164105445146561
,,,5,,,,,,,,,,,,,,,,,,,,,,,,,,,,,9319,0.3315373361110687
,,,5,,,,,,,,,,,,,,,,,,,,,,,,,,,,,9329,0.014588973484933376
,,,5,,,,,,,,,,,,,,,,,,,,,,,,,,,,,9339,0.1240234300494194
,,,5,,,,,,,,,,,,,,,,,,,,,,,,,,,,,9349,0.3342048227787018
,,,5,,,,,,,,,,,,,,,,,,,,,,,,,,,,,9359,0.031345151364803314
,,,5,,,,,,,,,,,,,,,,,,,,,,,,,,,,,9369,0.6407181620597839
,,,5,,,,,,,,,,,,,,,,,,,,,,,,,,,,,9379,0.12594866752624512
,,,5,,,,,,,,,,,,,,,,,,,,,,,,,,,,,9389,0.07549707591533661
,,,5,,,,,,,,,,,,,,,,,,,,,,,,,,,,,9399,1.0953333377838135
,,,5,,,,,,,,,,,,,,,,,,,,,,,,,,,,,9409,0.0708131268620491
,,,5,,,,,,,,,,,,,,,,,,,,,,,,,,,,,9419,0.15036557614803314
,,,5,,,,,,,,,,,,,,,,,,,,,,,,,,,,,9429,0.021689826622605324
,,,5,,,,,,,,,,,,,,,,,,,,,,,,,,,,,9439,0.8228744864463806
,,,5,,,,,,,,,,,,,,,,,,,,,,,,,,,,,9449,0.03312643617391586
,,,5,,,,,,,,,,,,,,,,,,,,,,,,,,,,,9459,0.018178556114435196
,,,5,,,,,,,,,,,,,,,,,,,,,,,,,,,,,9469,0.292847216129303
,,,5,,,,,,,,,,,,,,,,,,,,,,,,,,,,,9479,0.025076908990740776
,,,5,,,,,,,,,,,,,,,,,,,,,,,,,,,,,9489,0.006587123963981867
,,,5,,,,,,,,,,,,,,,,,,,,,,,,,,,,,9499,0.5851369500160217
,,,5,,,,,,,,,,,,,,,,,,,,,,,,,,,,,9509,0.028386713936924934
,,,5,,,,,,,,,,,,,,,,,,,,,,,,,,,,,9519,0.120899997651577
,,,5,,,,,,,,,,,,,,,,,,,,,,,,,,,,,9529,0.06838111579418182
,,,5,,,,,,,,,,,,,,,,,,,,,,,,,,,,,9539,0.029213784262537956
,,,5,,,,,,,,,,,,,,,,,,,,,,,,,,,,,9549,0.45037463307380676
,,,5,,,,,,,,,,,,,,,,,,,,,,,,,,,,,9559,0.27912700176239014
,,,5,,,,,,,,,,,,,,,,,,,,,,,,,,,,,9569,0.5588175654411316
,,,5,,,,,,,,,,,,,,,,,,,,,,,,,,,,,9579,0.059556856751441956
,,,5,,,,,,,,,,,,,,,,,,,,,,,,,,,,,9589,0.00640079053118825
,,,5,,,,,,,,,,,,,,,,,,,,,,,,,,,,,9599,0.0052270786836743355
,,,5,,,,,,,,,,,,,,,,,,,,,,,,,,,,,9609,0.04515979811549187
,,,5,,,,,,,,,,,,,,,,,,,,,,,,,,,,,9619,0.48313528299331665
,,,5,,,,,,,,,,,,,,,,,,,,,,,,,,,,,9629,0.022308770567178726
,,,5,,,,,,,,,,,,,,,,,,,,,,,,,,,,,9639,0.02732888050377369
,,,5,,,,,,,,,,,,,,,,,,,,,,,,,,,,,9649,0.006412184331566095
,,,5,,,,,,,,,,,,,,,,,,,,,,,,,,,,,9659,0.013291921466588974
,,,5,,,,,,,,,,,,,,,,,,,,,,,,,,,,,9669,0.004270677454769611
,,,5,,,,,,,,,,,,,,,,,,,,,,,,,,,,,9679,0.2864116132259369
,,,5,,,,,,,,,,,,,,,,,,,,,,,,,,,,,9689,0.04897250235080719
,,,5,,,,,,,,,,,,,,,,,,,,,,,,,,,,,9699,0.009424411691725254
,,,5,,,,,,,,,,,,,,,,,,,,,,,,,,,,,9709,0.7052857279777527
,,,5,,,,,,,,,,,,,,,,,,,,,,,,,,,,,9719,0.9080443382263184
,,,5,,,,,,,,,,,,,,,,,,,,,,,,,,,,,9729,0.2733841836452484
,,,5,,,,,,,,,,,,,,,,,,,,,,,,,,,,,9739,0.009759364649653435
,,,5,,,,,,,,,,,,,,,,,,,,,,,,,,,,,9749,0.40185388922691345
,,,5,,,,,,,,,,,,,,,,,,,,,,,,,,,,,9759,0.14586609601974487
,,,5,,,,,,,,,,,,,,,,,,,,,,,,,,,,,9769,0.08553655445575714
,,,5,,,,,,,,,,,,,,,,,,,,,,,,,,,,,9779,0.2287159562110901
,,,5,,,,,,,,,,,,,,,,,,,,,,,,,,,,,9789,0.23215988278388977
,,,5,,,,,,,,,,,,,,,,,,,,,,,,,,,,,9799,0.026159893721342087
,,,5,,,,,,,,,,,,,,,,,,,,,,,,,,,,,9809,0.008679150603711605
,,,5,,,,,,,,,,,,,,,,,,,,,,,,,,,,,9819,0.0051099942065775394
,,,5,,,,,,,,,,,,,,,,,,,,,,,,,,,,,9829,0.1670214682817459
,,,5,,,,,,,,,,,,,,,,,,,,,,,,,,,,,9839,0.004668703302741051
,,,5,,,,,,,,,,,,,,,,,,,,,,,,,,,,,9849,0.5491737723350525
,,,5,,,,,,,,,,,,,,,,,,,,,,,,,,,,,9859,0.0012676625046879053
,,,5,,,,,,,,,,,,,,,,,,,,,,,,,,,,,9869,0.045459769666194916
,,,5,,,,,,,,,,,,,,,,,,,,,,,,,,,,,9879,0.44429680705070496
,,,5,,,,,,,,,,,,,,,,,,,,,,,,,,,,,9889,0.014734347350895405
,,,5,,,,,,,,,,,,,,,,,,,,,,,,,,,,,9899,0.07395166903734207
,,,5,,,,,,,,,,,,,,,,,,,,,,,,,,,,,9909,0.8257988095283508
,,,5,,,,,,,,,,,,,,,,,,,,,,,,,,,,,9919,0.04110487923026085
,,,5,,,,,,,,,,,,,,,,,,,,,,,,,,,,,9929,0.004044332541525364
,,,5,,,,,,,,,,,,,,,,,,,,,,,,,,,,,9939,0.06792905181646347
,,,5,,,,,,,,,,,,,,,,,,,,,,,,,,,,,9949,0.0030653264839202166
,,,5,,,,,,,,,,,,,,,,,,,,,,,,,,,,,9959,0.3266557455062866
,,,5,,,,,,,,,,,,,,,,,,,,,,,,,,,,,9969,0.15064311027526855
,,,,5.68108121100602e-07,3.182567115160405e-06,4.896257100246776e-06,4.896257100246776e-06,7.532703231148886e-06,7.532703231148886e-06,1.1588774201767516e-05,1.1588774201767516e-05,1.782888338733464e-05,1.782888338733464e-05,2.7429051365130215e-05,5.68108121100602e-07,2.7429051365130215e-05,4.219854056173879e-05,4.219854056173879e-05,6.492083163344429e-05,6.492083163344429e-05,9.987820251299122e-05,9.987820251299122e-05,9.987820251299122e-05,9.987820251299122e-05,8.740124940009261e-07,8.740124940009261e-07,1.344634606155271e-06,1.344634606155271e-06,2.068668624854263e-06,2.068668624854263e-06,3.182567115160405e-06,9972,
,,,6,,,,,,,,,,,,,,,,,,,,,,,,,,,,,9979,0.1405409872531891
,,,6,,,,,,,,,,,,,,,,,,,,,,,,,,,,,9989,0.6472731232643127
,,,6,,,,,,,,,,,,,,,,,,,,,,,,,,,,,9999,0.0064951516687870026
,,,6,,,,,,,,,,,,,,,,,,,,,,,,,,,,,10009,0.6771590113639832
,,,6,,,,,,,,,,,,,,,,,,,,,,,,,,,,,10019,0.04748925194144249
,,,6,,,,,,,,,,,,,,,,,,,,,,,,,,,,,10029,0.005645766854286194
,,,6,,,,,,,,,,,,,,,,,,,,,,,,,,,,,10039,0.46968749165534973
,,,6,,,,,,,,,,,,,,,,,,,,,,,,,,,,,10049,0.05070401728153229
,,,6,,,,,,,,,,,,,,,,,,,,,,,,,,,,,10059,0.15780436992645264
,,,6,,,,,,,,,,,,,,,,,,,,,,,,,,,,,10069,0.010197547264397144
,,,6,,,,,,,,,,,,,,,,,,,,,,,,,,,,,10079,0.005124677903950214
,,,6,,,,,,,,,,,,,,,,,,,,,,,,,,,,,10089,0.010432973504066467
,,,6,,,,,,,,,,,,,,,,,,,,,,,,,,,,,10099,0.023251155391335487
,,,6,,,,,,,,,,,,,,,,,,,,,,,,,,,,,10109,0.1963992714881897
,,,6,,,,,,,,,,,,,,,,,,,,,,,,,,,,,10119,0.005350915249437094
,,,6,,,,,,,,,,,,,,,,,,,,,,,,,,,,,10129,0.02624228596687317
,,,6,,,,,,,,,,,,,,,,,,,,,,,,,,,,,10139,0.020715707913041115
,,,6,,,,,,,,,,,,,,,,,,,,,,,,,,,,,10149,0.025836488232016563
,,,6,,,,,,,,,,,,,,,,,,,,,,,,,,,,,10159,0.20869460701942444
,,,6,,,,,,,,,,,,,,,,,,,,,,,,,,,,,10169,0.0439053475856781
,,,6,,,,,,,,,,,,,,,,,,,,,,,,,,,,,10179,0.44713523983955383
,,,6,,,,,,,,,,,,,,,,,,,,,,,,,,,,,10189,0.05055098608136177
,,,6,,,,,,,,,,,,,,,,,,,,,,,,,,,,,10199,0.40803685784339905
,,,6,,,,,,,,,,,,,,,,,,,,,,,,,,,,,10209,0.013602037914097309
,,,6,,,,,,,,,,,,,,,,,,,,,,,,,,,,,10219,0.01989159733057022
,,,6,,,,,,,,,,,,,,,,,,,,,,,,,,,,,10229,0.30754247307777405
,,,6,,,,,,,,,,,,,,,,,,,,,,,,,,,,,10239,0.04951033368706703
,,,6,,,,,,,,,,,,,,,,,,,,,,,,,,,,,10249,0.06248868629336357
,,,6,,,,,,,,,,,,,,,,,,,,,,,,,,,,,10259,0.005552653688937426
,,,6,,,,,,,,,,,,,,,,,,,,,,,,,,,,,10269,0.35534605383872986
,,,6,,,,,,,,,,,,,,,,,,,,,,,,,,,,,10279,0.11456243693828583
,,,6,,,,,,,,,,,,,,,,,,,,,,,,,,,,,10289,0.005583953578025103
,,,6,,,,,,,,,,,,,,,,,,,,,,,,,,,,,10299,0.3273162841796875
,,,6,,,,,,,,,,,,,,,,,,,,,,,,,,,,,10309,1.4687614440917969
,,,6,,,,,,,,,,,,,,,,,,,,,,,,,,,,,10319,0.00796685554087162
,,,6,,,,,,,,,,,,,,,,,,,,,,,,,,,,,10329,0.01230703480541706
,,,6,,,,,,,,,,,,,,,,,,,,,,,,,,,,,10339,0.1490047723054886
,,,6,,,,,,,,,,,,,,,,,,,,,,,,,,,,,10349,0.12630689144134521
,,,6,,,,,,,,,,,,,,,,,,,,,,,,,,,,,10359,0.011560400947928429
,,,6,,,,,,,,,,,,,,,,,,,,,,,,,,,,,10369,0.19831156730651855
,,,6,,,,,,,,,,,,,,,,,,,,,,,,,,,,,10379,0.17219388484954834
,,,6,,,,,,,,,,,,,,,,,,,,,,,,,,,,,10389,0.004078048747032881
,,,6,,,,,,,,,,,,,,,,,,,,,,,,,,,,,10399,0.005694878753274679
,,,6,,,,,,,,,,,,,,,,,,,,,,,,,,,,,10409,0.03449350968003273
,,,6,,,,,,,,,,,,,,,,,,,,,,,,,,,,,10419,0.01642880029976368
,,,6,,,,,,,,,,,,,,,,,,,,,,,,,,,,,10429,0.03605823218822479
,,,6,,,,,,,,,,,,,,,,,,,,,,,,,,,,,10439,0.004239048808813095
,,,6,,,,,,,,,,,,,,,,,,,,,,,,,,,,,10449,0.1382753700017929
,,,6,,,,,,,,,,,,,,,,,,,,,,,,,,,,,10459,0.29760611057281494
,,,6,,,,,,,,,,,,,,,,,,,,,,,,,,,,,10469,0.010874694213271141
,,,6,,,,,,,,,,,,,,,,,,,,,,,,,,,,,10479,0.005644575227051973
,,,6,,,,,,,,,,,,,,,,,,,,,,,,,,,,,10489,0.0660342276096344
,,,6,,,,,,,,,,,,,,,,,,,,,,,,,,,,,10499,0.09268943220376968
,,,6,,,,,,,,,,,,,,,,,,,,,,,,,,,,,10509,0.008029759861528873
,,,6,,,,,,,,,,,,,,,,,,,,,,,,,,,,,10519,0.06404093652963638
,,,6,,,,,,,,,,,,,,,,,,,,,,,,,,,,,10529,0.04596200957894325
,,,6,,,,,,,,,,,,,,,,,,,,,,,,,,,,,10539,0.010116204619407654
,,,6,,,,,,,,,,,,,,,,,,,,,,,,,,,,,10549,0.6581279635429382
,,,6,,,,,,,,,,,,,,,,,,,,,,,,,,,,,10559,0.21155203878879547
,,,6,,,,,,,,,,,,,,,,,,,,,,,,,,,,,10569,0.2286354899406433
,,,6,,,,,,,,,,,,,,,,,,,,,,,,,,,,,10579,0.003910549916327
,,,6,,,,,,,,,,,,,,,,,,,,,,,,,,,,,10589,0.06208748742938042
,,,6,,,,,,,,,,,,,,,,,,,,,,,,,,,,,10599,0.024496907368302345
,,,6,,,,,,,,,,,,,,,,,,,,,,,,,,,,,10609,0.03471856191754341
,,,6,,,,,,,,,,,,,,,,,,,,,,,,,,,,,10619,0.005360609386116266
,,,6,,,,,,,,,,,,,,,,,,,,,,,,,,,,,10629,0.007872924208641052
,,,6,,,,,,,,,,,,,,,,,,,,,,,,,,,,,10639,0.01665894314646721
,,,6,,,,,,,,,,,,,,,,,,,,,,,,,,,,,10649,0.18289270997047424
,,,6,,,,,,,,,,,,,,,,,,,,,,,,,,,,,10659,1.064144492149353
,,,6,,,,,,,,,,,,,,,,,,,,,,,,,,,,,10669,0.1363573968410492
,,,6,,,,,,,,,,,,,,,,,,,,,,,,,,,,,10679,0.2190050631761551
,,,6,,,,,,,,,,,,,,,,,,,,,,,,,,,,,10689,0.006183340214192867
,,,6,,,,,,,,,,,,,,,,,,,,,,,,,,,,,10699,0.09802721440792084
,,,6,,,,,,,,,,,,,,,,,,,,,,,,,,,,,10709,0.02126815915107727
,,,6,,,,,,,,,,,,,,,,,,,,,,,,,,,,,10719,0.030998174101114273
,,,6,,,,,,,,,,,,,,,,,,,,,,,,,,,,,10729,0.004051384050399065
,,,6,,,,,,,,,,,,,,,,,,,,,,,,,,,,,10739,0.1527920365333557
,,,6,,,,,,,,,,,,,,,,,,,,,,,,,,,,,10749,0.05042251944541931
,,,6,,,,,,,,,,,,,,,,,,,,,,,,,,,,,10759,0.03551680967211723
,,,6,,,,,,,,,,,,,,,,,,,,,,,,,,,,,10769,0.1852482110261917
,,,6,,,,,,,,,,,,,,,,,,,,,,,,,,,,,10779,0.007922683842480183
,,,6,,,,,,,,,,,,,,,,,,,,,,,,,,,,,10789,0.15519684553146362
,,,6,,,,,,,,,,,,,,,,,,,,,,,,,,,,,10799,0.03535246104001999
,,,6,,,,,,,,,,,,,,,,,,,,,,,,,,,,,10809,0.030364802107214928
,,,6,,,,,,,,,,,,,,,,,,,,,,,,,,,,,10819,0.05388734117150307
,,,6,,,,,,,,,,,,,,,,,,,,,,,,,,,,,10829,0.3535723388195038
,,,6,,,,,,,,,,,,,,,,,,,,,,,,,,,,,10839,0.1483968049287796
,,,6,,,,,,,,,,,,,,,,,,,,,,,,,,,,,10849,0.004700157791376114
,,,6,,,,,,,,,,,,,,,,,,,,,,,,,,,,,10859,0.010624216869473457
,,,6,,,,,,,,,,,,,,,,,,,,,,,,,,,,,10869,0.1491127461194992
,,,6,,,,,,,,,,,,,,,,,,,,,,,,,,,,,10879,0.009034322574734688
,,,6,,,,,,,,,,,,,,,,,,,,,,,,,,,,,10889,0.0727563425898552
,,,6,,,,,,,,,,,,,,,,,,,,,,,,,,,,,10899,0.02319996803998947
,,,6,,,,,,,,,,,,,,,,,,,,,,,,,,,,,10909,0.29844194650650024
,,,6,,,,,,,,,,,,,,,,,,,,,,,,,,,,,10919,0.005539511796087027
,,,6,,,,,,,,,,,,,,,,,,,,,,,,,,,,,10929,0.009307651780545712
,,,6,,,,,,,,,,,,,,,,,,,,,,,,,,,,,10939,0.09897938370704651
,,,6,,,,,,,,,,,,,,,,,,,,,,,,,,,,,10949,0.3889658749103546
,,,6,,,,,,,,,,,,,,,,,,,,,,,,,,,,,10959,0.7103508114814758
,,,6,,,,,,,,,,,,,,,,,,,,,,,,,,,,,10969,0.03163856640458107
,,,6,,,,,,,,,,,,,,,,,,,,,,,,,,,,,10979,3.721550703048706
,,,6,,,,,,,,,,,,,,,,,,,,,,,,,,,,,10989,0.009414867497980595
,,,6,,,,,,,,,,,,,,,,,,,,,,,,,,,,,10999,0.006386878900229931
,,,6,,,,,,,,,,,,,,,,,,,,,,,,,,,,,11009,0.009368537925183773
,,,6,,,,,,,,,,,,,,,,,,,,,,,,,,,,,11019,1.3317158222198486
,,,6,,,,,,,,,,,,,,,,,,,,,,,,,,,,,11029,0.003157559549435973
,,,6,,,,,,,,,,,,,,,,,,,,,,,,,,,,,11039,0.010428971610963345
,,,6,,,,,,,,,,,,,,,,,,,,,,,,,,,,,11049,0.05643004924058914
,,,6,,,,,,,,,,,,,,,,,,,,,,,,,,,,,11059,0.0325920470058918
,,,6,,,,,,,,,,,,,,,,,,,,,,,,,,,,,11069,1.7857033014297485
,,,6,,,,,,,,,,,,,,,,,,,,,,,,,,,,,11079,0.0061391182243824005
,,,6,,,,,,,,,,,,,,,,,,,,,,,,,,,,,11089,0.003875778056681156
,,,6,,,,,,,,,,,,,,,,,,,,,,,,,,,,,11099,0.002774192485958338
,,,6,,,,,,,,,,,,,,,,,,,,,,,,,,,,,11109,0.5802348256111145
,,,6,,,,,,,,,,,,,,,,,,,,,,,,,,,,,11119,0.024849601089954376
,,,6,,,,,,,,,,,,,,,,,,,,,,,,,,,,,11129,0.0074588824063539505
,,,6,,,,,,,,,,,,,,,,,,,,,,,,,,,,,11139,0.4725368320941925
,,,6,,,,,,,,,,,,,,,,,,,,,,,,,,,,,11149,0.009430238045752048
,,,6,,,,,,,,,,,,,,,,,,,,,,,,,,,,,11159,0.03250167518854141
,,,6,,,,,,,,,,,,,,,,,,,,,,,,,,,,,11169,0.2934756875038147
,,,6,,,,,,,,,,,,,,,,,,,,,,,,,,,,,11179,0.014171263203024864
,,,6,,,,,,,,,,,,,,,,,,,,,,,,,,,,,11189,0.2405024766921997
,,,6,,,,,,,,,,,,,,,,,,,,,,,,,,,,,11199,0.005344971548765898
,,,6,,,,,,,,,,,,,,,,,,,,,,,,,,,,,11209,0.021962832659482956
,,,6,,,,,,,,,,,,,,,,,,,,,,,,,,,,,11219,0.007946915924549103
,,,6,,,,,,,,,,,,,,,,,,,,,,,,,,,,,11229,0.004882908891886473
,,,6,,,,,,,,,,,,,,,,,,,,,,,,,,,,,11239,0.22849391400814056
,,,6,,,,,,,,,,,,,,,,,,,,,,,,,,,,,11249,0.002651323564350605
,,,6,,,,,,,,,,,,,,,,,,,,,,,,,,,,,11259,0.11190950125455856
,,,6,,,,,,,,,,,,,,,,,,,,,,,,,,,,,11269,0.9726765751838684
,,,6,,,,,,,,,,,,,,,,,,,,,,,,,,,,,11279,0.011609303764998913
,,,6,,,,,,,,,,,,,,,,,,,,,,,,,,,,,11289,0.018219996243715286
,,,6,,,,,,,,,,,,,,,,,,,,,,,,,,,,,11299,0.728964626789093
,,,6,,,,,,,,,,,,,,,,,,,,,,,,,,,,,11309,0.007655558176338673
,,,6,,,,,,,,,,,,,,,,,,,,,,,,,,,,,11319,0.13578705489635468
,,,6,,,,,,,,,,,,,,,,,,,,,,,,,,,,,11329,0.001842455007135868
,,,6,,,,,,,,,,,,,,,,,,,,,,,,,,,,,11339,0.006288077682256699
,,,6,,,,,,,,,,,,,,,,,,,,,,,,,,,,,11349,0.03466131165623665
,,,6,,,,,,,,,,,,,,,,,,,,,,,,,,,,,11359,0.007601367309689522
,,,6,,,,,,,,,,,,,,,,,,,,,,,,,,,,,11369,0.0086284838616848
,,,6,,,,,,,,,,,,,,,,,,,,,,,,,,,,,11379,0.007369847968220711
,,,6,,,,,,,,,,,,,,,,,,,,,,,,,,,,,11389,0.04252365231513977
,,,6,,,,,,,,,,,,,,,,,,,,,,,,,,,,,11399,0.07382377237081528
,,,6,,,,,,,,,,,,,,,,,,,,,,,,,,,,,11409,0.005159785505384207
,,,6,,,,,,,,,,,,,,,,,,,,,,,,,,,,,11419,0.49561023712158203
,,,6,,,,,,,,,,,,,,,,,,,,,,,,,,,,,11429,0.040428195148706436
,,,6,,,,,,,,,,,,,,,,,,,,,,,,,,,,,11439,0.09683656692504883
,,,6,,,,,,,,,,,,,,,,,,,,,,,,,,,,,11449,0.00858359970152378
,,,6,,,,,,,,,,,,,,,,,,,,,,,,,,,,,11459,0.01024903915822506
,,,6,,,,,,,,,,,,,,,,,,,,,,,,,,,,,11469,0.7057122588157654
,,,6,,,,,,,,,,,,,,,,,,,,,,,,,,,,,11479,0.18694047629833221
,,,6,,,,,,,,,,,,,,,,,,,,,,,,,,,,,11489,0.05759980529546738
,,,6,,,,,,,,,,,,,,,,,,,,,,,,,,,,,11499,0.0061737853102386
,,,6,,,,,,,,,,,,,,,,,,,,,,,,,,,,,11509,0.00623248890042305
,,,6,,,,,,,,,,,,,,,,,,,,,,,,,,,,,11519,1.1842312812805176
,,,6,,,,,,,,,,,,,,,,,,,,,,,,,,,,,11529,0.2913113236427307
,,,6,,,,,,,,,,,,,,,,,,,,,,,,,,,,,11539,0.11476548761129379
,,,6,,,,,,,,,,,,,,,,,,,,,,,,,,,,,11549,0.18922387063503265
,,,6,,,,,,,,,,,,,,,,,,,,,,,,,,,,,11559,0.0034883480984717607
,,,6,,,,,,,,,,,,,,,,,,,,,,,,,,,,,11569,0.003937050234526396
,,,6,,,,,,,,,,,,,,,,,,,,,,,,,,,,,11579,0.43179255723953247
,,,6,,,,,,,,,,,,,,,,,,,,,,,,,,,,,11589,0.4389075040817261
,,,6,,,,,,,,,,,,,,,,,,,,,,,,,,,,,11599,0.01410368550568819
,,,6,,,,,,,,,,,,,,,,,,,,,,,,,,,,,11609,0.543519139289856
,,,6,,,,,,,,,,,,,,,,,,,,,,,,,,,,,11619,0.008063117042183876
,,,6,,,,,,,,,,,,,,,,,,,,,,,,,,,,,11629,0.019932687282562256
,,,,5.660331406505981e-07,3.1709429818317177e-06,4.878373818202642e-06,4.878373818202642e-06,7.505190489542526e-06,7.505190489542526e-06,1.15464469069885e-05,1.15464469069885e-05,1.7763764472290002e-05,1.7763764472290002e-05,2.732886841890769e-05,5.660331406505981e-07,2.732886841890769e-05,4.204441295216568e-05,4.204441295216568e-05,6.468371223410105e-05,6.468371223410105e-05,9.951340343707852e-05,9.951340343707852e-05,9.951340343707852e-05,9.951340343707852e-05,8.708202163855354e-07,8.708202163855354e-07,1.3397234098239006e-06,1.3397234098239006e-06,2.0611129381906165e-06,2.0611129381906165e-06,3.1709429818317177e-06,11634,
,,,7,,,,,,,,,,,,,,,,,,,,,,,,,,,,,11639,0.02466294728219509
,,,7,,,,,,,,,,,,,,,,,,,,,,,,,,,,,11649,0.04147504270076752
,,,7,,,,,,,,,,,,,,,,,,,,,,,,,,,,,11659,0.07220616191625595
,,,7,,,,,,,,,,,,,,,,,,,,,,,,,,,,,11669,0.006722119636833668
,,,7,,,,,,,,,,,,,,,,,,,,,,,,,,,,,11679,0.00566165940836072
,,,7,,,,,,,,,,,,,,,,,,,,,,,,,,,,,11689,0.031661566346883774
,,,7,,,,,,,,,,,,,,,,,,,,,,,,,,,,,11699,0.09583724290132523
,,,7,,,,,,,,,,,,,,,,,,,,,,,,,,,,,11709,0.12932798266410828
,,,7,,,,,,,,,,,,,,,,,,,,,,,,,,,,,11719,0.035076409578323364
,,,7,,,,,,,,,,,,,,,,,,,,,,,,,,,,,11729,0.06938450783491135
,,,7,,,,,,,,,,,,,,,,,,,,,,,,,,,,,11739,0.022094078361988068
,,,7,,,,,,,,,,,,,,,,,,,,,,,,,,,,,11749,0.03176258131861687
,,,7,,,,,,,,,,,,,,,,,,,,,,,,,,,,,11759,0.017554130405187607
,,,7,,,,,,,,,,,,,,,,,,,,,,,,,,,,,11769,1.9813612699508667
,,,7,,,,,,,,,,,,,,,,,,,,,,,,,,,,,11779,0.03780505061149597
,,,7,,,,,,,,,,,,,,,,,,,,,,,,,,,,,11789,0.08279494941234589
,,,7,,,,,,,,,,,,,,,,,,,,,,,,,,,,,11799,0.01856761798262596
,,,7,,,,,,,,,,,,,,,,,,,,,,,,,,,,,11809,0.01798640936613083
,,,7,,,,,,,,,,,,,,,,,,,,,,,,,,,,,11819,0.0038682662416249514
,,,7,,,,,,,,,,,,,,,,,,,,,,,,,,,,,11829,0.006556882988661528
,,,7,,,,,,,,,,,,,,,,,,,,,,,,,,,,,11839,0.04448612034320831
,,,7,,,,,,,,,,,,,,,,,,,,,,,,,,,,,11849,0.0024060613941401243
,,,7,,,,,,,,,,,,,,,,,,,,,,,,,,,,,11859,0.0760408341884613
,,,7,,,,,,,,,,,,,,,,,,,,,,,,,,,,,11869,1.7094926834106445
,,,7,,,,,,,,,,,,,,,,,,,,,,,,,,,,,11879,0.008143403567373753
,,,7,,,,,,,,,,,,,,,,,,,,,,,,,,,,,11889,0.02630818821489811
,,,7,,,,,,,,,,,,,,,,,,,,,,,,,,,,,11899,0.011327570304274559
,,,7,,,,,,,,,,,,,,,,,,,,,,,,,,,,,11909,0.010240772739052773
,,,7,,,,,,,,,,,,,,,,,,,,,,,,,,,,,11919,0.02141961269080639
,,,7,,,,,,,,,,,,,,,,,,,,,,,,,,,,,11929,0.13867977261543274
,,,7,,,,,,,,,,,,,,,,,,,,,,,,,,,,,11939,0.5512246489524841
,,,7,,,,,,,,,,,,,,,,,,,,,,,,,,,,,11949,0.02592015638947487
,,,7,,,,,,,,,,,,,,,,,,,,,,,,,,,,,11959,0.1939641684293747
,,,7,,,,,,,,,,,,,,,,,,,,,,,,,,,,,11969,0.009350915439426899
,,,7,,,,,,,,,,,,,,,,,,,,,,,,,,,,,11979,0.3259938359260559
,,,7,,,,,,,,,,,,,,,,,,,,,,,,,,,,,11989,0.008524669334292412
,,,7,,,,,,,,,,,,,,,,,,,,,,,,,,,,,11999,0.04349617660045624
,,,7,,,,,,,,,,,,,,,,,,,,,,,,,,,,,12009,0.01701023243367672
,,,7,,,,,,,,,,,,,,,,,,,,,,,,,,,,,12019,1.2485145330429077
,,,7,,,,,,,,,,,,,,,,,,,,,,,,,,,,,12029,0.07708898931741714
,,,7,,,,,,,,,,,,,,,,,,,,,,,,,,,,,12039,0.07698529213666916
,,,7,,,,,,,,,,,,,,,,,,,,,,,,,,,,,12049,0.03347306698560715
,,,7,,,,,,,,,,,,,,,,,,,,,,,,,,,,,12059,0.6870678663253784
,,,7,,,,,,,,,,,,,,,,,,,,,,,,,,,,,12069,0.6597033143043518
,,,7,,,,,,,,,,,,,,,,,,,,,,,,,,,,,12079,0.04265598952770233
,,,7,,,,,,,,,,,,,,,,,,,,,,,,,,,,,12089,0.0392521470785141
,,,7,,,,,,,,,,,,,,,,,,,,,,,,,,,,,12099,0.14986559748649597
,,,7,,,,,,,,,,,,,,,,,,,,,,,,,,,,,12109,1.3110541105270386
,,,7,,,,,,,,,,,,,,,,,,,,,,,,,,,,,12119,0.02389257214963436
,,,7,,,,,,,,,,,,,,,,,,,,,,,,,,,,,12129,0.046837322413921356
,,,7,,,,,,,,,,,,,,,,,,,,,,,,,,,,,12139,0.012037418782711029
,,,7,,,,,,,,,,,,,,,,,,,,,,,,,,,,,12149,0.008280336856842041
,,,7,,,,,,,,,,,,,,,,,,,,,,,,,,,,,12159,0.005872473120689392
,,,7,,,,,,,,,,,,,,,,,,,,,,,,,,,,,12169,0.0261071864515543
,,,7,,,,,,,,,,,,,,,,,,,,,,,,,,,,,12179,0.0036013303324580193
,,,7,,,,,,,,,,,,,,,,,,,,,,,,,,,,,12189,0.00898729171603918
,,,7,,,,,,,,,,,,,,,,,,,,,,,,,,,,,12199,0.05255339667201042
,,,7,,,,,,,,,,,,,,,,,,,,,,,,,,,,,12209,0.2417309284210205
,,,7,,,,,,,,,,,,,,,,,,,,,,,,,,,,,12219,0.014544730074703693
,,,7,,,,,,,,,,,,,,,,,,,,,,,,,,,,,12229,0.014146672561764717
,,,7,,,,,,,,,,,,,,,,,,,,,,,,,,,,,12239,0.013600506819784641
,,,7,,,,,,,,,,,,,,,,,,,,,,,,,,,,,12249,0.017913665622472763
,,,7,,,,,,,,,,,,,,,,,,,,,,,,,,,,,12259,0.0135683324187994
,,,7,,,,,,,,,,,,,,,,,,,,,,,,,,,,,12269,0.3303058445453644
,,,7,,,,,,,,,,,,,,,,,,,,,,,,,,,,,12279,0.4123295545578003
,,,7,,,,,,,,,,,,,,,,,,,,,,,,,,,,,12289,0.028246596455574036
,,,7,,,,,,,,,,,,,,,,,,,,,,,,,,,,,12299,1.005366563796997
,,,7,,,,,,,,,,,,,,,,,,,,,,,,,,,,,12309,0.25037848949432373
,,,7,,,,,,,,,,,,,,,,,,,,,,,,,,,,,12319,0.0030606382060796022
,,,7,,,,,,,,,,,,,,,,,,,,,,,,,,,,,12329,0.0025693108327686787
,,,7,,,,,,,,,,,,,,,,,,,,,,,,,,,,,12339,0.12698356807231903
,,,7,,,,,,,,,,,,,,,,,,,,,,,,,,,,,12349,0.031667310744524
,,,7,,,,,,,,,,,,,,,,,,,,,,,,,,,,,12359,0.1378341168165207
,,,7,,,,,,,,,,,,,,,,,,,,,,,,,,,,,12369,0.006773472763597965
,,,7,,,,,,,,,,,,,,,,,,,,,,,,,,,,,12379,0.01146150566637516
,,,7,,,,,,,,,,,,,,,,,,,,,,,,,,,,,12389,0.09950500726699829
,,,7,,,,,,,,,,,,,,,,,,,,,,,,,,,,,12399,0.0345023050904274
,,,7,,,,,,,,,,,,,,,,,,,,,,,,,,,,,12409,0.10582750290632248
,,,7,,,,,,,,,,,,,,,,,,,,,,,,,,,,,12419,0.6367933750152588
,,,7,,,,,,,,,,,,,,,,,,,,,,,,,,,,,12429,0.01801527664065361
,,,7,,,,,,,,,,,,,,,,,,,,,,,,,,,,,12439,0.030428310856223106
,,,7,,,,,,,,,,,,,,,,,,,,,,,,,,,,,12449,0.41289860010147095
,,,7,,,,,,,,,,,,,,,,,,,,,,,,,,,,,12459,0.00719094555824995
,,,7,,,,,,,,,,,,,,,,,,,,,,,,,,,,,12469,0.003652702085673809
,,,7,,,,,,,,,,,,,,,,,,,,,,,,,,,,,12479,0.023556655272841454
,,,7,,,,,,,,,,,,,,,,,,,,,,,,,,,,,12489,0.07298409193754196
,,,7,,,,,,,,,,,,,,,,,,,,,,,,,,,,,12499,0.01248838659375906
,,,7,,,,,,,,,,,,,,,,,,,,,,,,,,,,,12509,0.745854377746582
,,,7,,,,,,,,,,,,,,,,,,,,,,,,,,,,,12519,0.014746174216270447
,,,7,,,,,,,,,,,,,,,,,,,,,,,,,,,,,12529,0.9000647068023682
,,,7,,,,,,,,,,,,,,,,,,,,,,,,,,,,,12539,0.003101545153185725
,,,7,,,,,,,,,,,,,,,,,,,,,,,,,,,,,12549,0.0744078978896141
,,,7,,,,,,,,,,,,,,,,,,,,,,,,,,,,,12559,0.02107509970664978
,,,7,,,,,,,,,,,,,,,,,,,,,,,,,,,,,12569,0.0054765730164945126
,,,7,,,,,,,,,,,,,,,,,,,,,,,,,,,,,12579,0.007308401167392731
,,,7,,,,,,,,,,,,,,,,,,,,,,,,,,,,,12589,0.010681131854653358
,,,7,,,,,,,,,,,,,,,,,,,,,,,,,,,,,12599,0.03155618533492088
,,,7,,,,,,,,,,,,,,,,,,,,,,,,,,,,,12609,0.0025691308546811342
,,,7,,,,,,,,,,,,,,,,,,,,,,,,,,,,,12619,0.045794498175382614
,,,7,,,,,,,,,,,,,,,,,,,,,,,,,,,,,12629,0.022934919223189354
,,,7,,,,,,,,,,,,,,,,,,,,,,,,,,,,,12639,2.175713300704956
,,,7,,,,,,,,,,,,,,,,,,,,,,,,,,,,,12649,0.0015584835782647133
,,,7,,,,,,,,,,,,,,,,,,,,,,,,,,,,,12659,0.23086322844028473
,,,7,,,,,,,,,,,,,,,,,,,,,,,,,,,,,12669,0.006303007714450359
,,,7,,,,,,,,,,,,,,,,,,,,,,,,,,,,,12679,0.004812230356037617
,,,7,,,,,,,,,,,,,,,,,,,,,,,,,,,,,12689,0.015612054616212845
,,,7,,,,,,,,,,,,,,,,,,,,,,,,,,,,,12699,0.6439394354820251
,,,7,,,,,,,,,,,,,,,,,,,,,,,,,,,,,12709,0.040734920650720596
,,,7,,,,,,,,,,,,,,,,,,,,,,,,,,,,,12719,0.008067382499575615
,,,7,,,,,,,,,,,,,,,,,,,,,,,,,,,,,12729,0.005083824973553419
,,,7,,,,,,,,,,,,,,,,,,,,,,,,,,,,,12739,0.03418571501970291
,,,7,,,,,,,,,,,,,,,,,,,,,,,,,,,,,12749,0.003139551030471921
,,,7,,,,,,,,,,,,,,,,,,,,,,,,,,,,,12759,0.016097281128168106
,,,7,,,,,,,,,,,,,,,,,,,,,,,,,,,,,12769,0.051365599036216736
,,,7,,,,,,,,,,,,,,,,,,,,,,,,,,,,,12779,0.010420485399663448
,,,7,,,,,,,,,,,,,,,,,,,,,,,,,,,,,12789,0.08771570771932602
,,,7,,,,,,,,,,,,,,,,,,,,,,,,,,,,,12799,0.026419220492243767
,,,7,,,,,,,,,,,,,,,,,,,,,,,,,,,,,12809,0.5715489387512207
,,,7,,,,,,,,,,,,,,,,,,,,,,,,,,,,,12819,0.055545490235090256
,,,7,,,,,,,,,,,,,,,,,,,,,,,,,,,,,12829,0.01557446364313364
,,,7,,,,,,,,,,,,,,,,,,,,,,,,,,,,,12839,0.25721725821495056
,,,7,,,,,,,,,,,,,,,,,,,,,,,,,,,,,12849,0.5191189050674438
,,,7,,,,,,,,,,,,,,,,,,,,,,,,,,,,,12859,0.03329945728182793
,,,7,,,,,,,,,,,,,,,,,,,,,,,,,,,,,12869,0.02356533147394657
,,,7,,,,,,,,,,,,,,,,,,,,,,,,,,,,,12879,0.004100769758224487
,,,7,,,,,,,,,,,,,,,,,,,,,,,,,,,,,12889,0.0434594452381134
,,,7,,,,,,,,,,,,,,,,,,,,,,,,,,,,,12899,0.22774702310562134
,,,7,,,,,,,,,,,,,,,,,,,,,,,,,,,,,12909,0.009884417988359928
,,,7,,,,,,,,,,,,,,,,,,,,,,,,,,,,,12919,0.02939511463046074
,,,7,,,,,,,,,,,,,,,,,,,,,,,,,,,,,12929,0.39182326197624207
,,,7,,,,,,,,,,,,,,,,,,,,,,,,,,,,,12939,0.029658684507012367
,,,7,,,,,,,,,,,,,,,,,,,,,,,,,,,,,12949,1.030632495880127
,,,7,,,,,,,,,,,,,,,,,,,,,,,,,,,,,12959,0.19073271751403809
,,,7,,,,,,,,,,,,,,,,,,,,,,,,,,,,,12969,0.0411200113594532
,,,7,,,,,,,,,,,,,,,,,,,,,,,,,,,,,12979,0.1651664674282074
,,,7,,,,,,,,,,,,,,,,,,,,,,,,,,,,,12989,0.002817720640450716
,,,7,,,,,,,,,,,,,,,,,,,,,,,,,,,,,12999,0.008048244751989841
,,,7,,,,,,,,,,,,,,,,,,,,,,,,,,,,,13009,0.49639877676963806
,,,7,,,,,,,,,,,,,,,,,,,,,,,,,,,,,13019,0.004747199360281229
,,,7,,,,,,,,,,,,,,,,,,,,,,,,,,,,,13029,0.004485194571316242
,,,7,,,,,,,,,,,,,,,,,,,,,,,,,,,,,13039,0.004557095002382994
,,,7,,,,,,,,,,,,,,,,,,,,,,,,,,,,,13049,0.006677862256765366
,,,7,,,,,,,,,,,,,,,,,,,,,,,,,,,,,13059,0.08736131340265274
,,,7,,,,,,,,,,,,,,,,,,,,,,,,,,,,,13069,0.47625240683555603
,,,7,,,,,,,,,,,,,,,,,,,,,,,,,,,,,13079,0.013673163950443268
,,,7,,,,,,,,,,,,,,,,,,,,,,,,,,,,,13089,0.020775720477104187
,,,7,,,,,,,,,,,,,,,,,,,,,,,,,,,,,13099,0.024256505072116852
,,,7,,,,,,,,,,,,,,,,,,,,,,,,,,,,,13109,0.026001764461398125
,,,7,,,,,,,,,,,,,,,,,,,,,,,,,,,,,13119,0.007441807072609663
,,,7,,,,,,,,,,,,,,,,,,,,,,,,,,,,,13129,0.047471191734075546
,,,7,,,,,,,,,,,,,,,,,,,,,,,,,,,,,13139,0.002585545415058732
,,,7,,,,,,,,,,,,,,,,,,,,,,,,,,,,,13149,0.0022393616382032633
,,,7,,,,,,,,,,,,,,,,,,,,,,,,,,,,,13159,0.004150903783738613
,,,7,,,,,,,,,,,,,,,,,,,,,,,,,,,,,13169,0.014900962822139263
,,,7,,,,,,,,,,,,,,,,,,,,,,,,,,,,,13179,0.003649540711194277
,,,7,,,,,,,,,,,,,,,,,,,,,,,,,,,,,13189,0.004536207299679518
,,,7,,,,,,,,,,,,,,,,,,,,,,,,,,,,,13199,0.0018749587470665574
,,,7,,,,,,,,,,,,,,,,,,,,,,,,,,,,,13209,0.013139473274350166
,,,7,,,,,,,,,,,,,,,,,,,,,,,,,,,,,13219,0.006472451612353325
,,,7,,,,,,,,,,,,,,,,,,,,,,,,,,,,,13229,0.0022774399258196354
,,,7,,,,,,,,,,,,,,,,,,,,,,,,,,,,,13239,0.31413233280181885
,,,7,,,,,,,,,,,,,,,,,,,,,,,,,,,,,13249,0.06913884729146957
,,,7,,,,,,,,,,,,,,,,,,,,,,,,,,,,,13259,0.18554335832595825
,,,7,,,,,,,,,,,,,,,,,,,,,,,,,,,,,13269,0.002520057838410139
,,,7,,,,,,,,,,,,,,,,,,,,,,,,,,,,,13279,0.012738406658172607
,,,7,,,,,,,,,,,,,,,,,,,,,,,,,,,,,13289,0.24847646057605743
,,,,5.625860740567357e-07,3.1516323605293127e-06,4.8486651700450955e-06,4.8486651700450955e-06,7.459484876992455e-06,7.459484876992455e-06,1.1476130579988391e-05,1.1476130579988391e-05,1.765558550767445e-05,1.765558550767445e-05,2.7162439242576073e-05,5.625860740567357e-07,2.7162439242576073e-05,4.178836806550165e-05,4.178836806550165e-05,6.428979702384869e-05,6.428979702384869e-05,9.890738003669029e-05,9.890738003669029e-05,9.890738003669029e-05,9.890738003669029e-05,8.655170370103625e-07,8.655170370103625e-07,1.3315646723236346e-06,1.3315646723236346e-06,2.048561034344053e-06,2.048561034344053e-06,3.1516323605293127e-06,13296,
,,,8,,,,,,,,,,,,,,,,,,,,,,,,,,,,,13299,0.46711745858192444
,,,8,,,,,,,,,,,,,,,,,,,,,,,,,,,,,13309,0.03751621022820473
,,,8,,,,,,,,,,,,,,,,,,,,,,,,,,,,,13319,0.13917899131774902
,,,8,,,,,,,,,,,,,,,,,,,,,,,,,,,,,13329,0.0101592056453228
,,,8,,,,,,,,,,,,,,,,,,,,,,,,,,,,,13339,0.019112752750515938
,,,8,,,,,,,,,,,,,,,,,,,,,,,,,,,,,13349,0.019374320283532143
,,,8,,,,,,,,,,,,,,,,,,,,,,,,,,,,,13359,0.001447625458240509
,,,8,,,,,,,,,,,,,,,,,,,,,,,,,,,,,13369,0.0038941737730056047
,,,8,,,,,,,,,,,,,,,,,,,,,,,,,,,,,13379,0.010678007267415524
,,,8,,,,,,,,,,,,,,,,,,,,,,,,,,,,,13389,0.1560666859149933
,,,8,,,,,,,,,,,,,,,,,,,,,,,,,,,,,13399,0.0038479368668049574
,,,8,,,,,,,,,,,,,,,,,,,,,,,,,,,,,13409,0.01139630377292633
,,,8,,,,,,,,,,,,,,,,,,,,,,,,,,,,,13419,0.014289970509707928
,,,8,,,,,,,,,,,,,,,,,,,,,,,,,,,,,13429,0.0723542720079422
,,,8,,,,,,,,,,,,,,,,,,,,,,,,,,,,,13439,0.01707293465733528
,,,8,,,,,,,,,,,,,,,,,,,,,,,,,,,,,13449,0.26769113540649414
,,,8,,,,,,,,,,,,,,,,,,,,,,,,,,,,,13459,0.01643720082938671
,,,8,,,,,,,,,,,,,,,,,,,,,,,,,,,,,13469,0.06945986300706863
,,,8,,,,,,,,,,,,,,,,,,,,,,,,,,,,,13479,0.004025942645967007
,,,8,,,,,,,,,,,,,,,,,,,,,,,,,,,,,13489,0.015149381943047047
,,,8,,,,,,,,,,,,,,,,,,,,,,,,,,,,,13499,0.005326606798917055
,,,8,,,,,,,,,,,,,,,,,,,,,,,,,,,,,13509,0.034062474966049194
,,,8,,,,,,,,,,,,,,,,,,,,,,,,,,,,,13519,0.017412206158041954
,,,8,,,,,,,,,,,,,,,,,,,,,,,,,,,,,13529,0.014208358712494373
,,,8,,,,,,,,,,,,,,,,,,,,,,,,,,,,,13539,0.542841911315918
,,,8,,,,,,,,,,,,,,,,,,,,,,,,,,,,,13549,0.11059915274381638
,,,8,,,,,,,,,,,,,,,,,,,,,,,,,,,,,13559,0.003374675987288356
,,,8,,,,,,,,,,,,,,,,,,,,,,,,,,,,,13569,0.09844421595335007
,,,8,,,,,,,,,,,,,,,,,,,,,,,,,,,,,13579,0.009903204627335072
,,,8,,,,,,,,,,,,,,,,,,,,,,,,,,,,,13589,0.021467072889208794
,,,8,,,,,,,,,,,,,,,,,,,,,,,,,,,,,13599,0.030195169150829315
,,,8,,,,,,,,,,,,,,,,,,,,,,,,,,,,,13609,0.001538545242510736
,,,8,,,,,,,,,,,,,,,,,,,,,,,,,,,,,13619,0.005990605801343918
,,,8,,,,,,,,,,,,,,,,,,,,,,,,,,,,,13629,0.00428199116140604
,,,8,,,,,,,,,,,,,,,,,,,,,,,,,,,,,13639,0.002820775378495455
,,,8,,,,,,,,,,,,,,,,,,,,,,,,,,,,,13649,0.17064358294010162
,,,8,,,,,,,,,,,,,,,,,,,,,,,,,,,,,13659,0.012872658669948578
,,,8,,,,,,,,,,,,,,,,,,,,,,,,,,,,,13669,0.007098980247974396
,,,8,,,,,,,,,,,,,,,,,,,,,,,,,,,,,13679,0.0500246100127697
,,,8,,,,,,,,,,,,,,,,,,,,,,,,,,,,,13689,0.13229934871196747
,,,8,,,,,,,,,,,,,,,,,,,,,,,,,,,,,13699,0.0030904391314834356
,,,8,,,,,,,,,,,,,,,,,,,,,,,,,,,,,13709,0.06067473441362381
,,,8,,,,,,,,,,,,,,,,,,,,,,,,,,,,,13719,0.0050928327254951
,,,8,,,,,,,,,,,,,,,,,,,,,,,,,,,,,13729,0.0026747218798846006
,,,8,,,,,,,,,,,,,,,,,,,,,,,,,,,,,13739,0.006928727030754089
,,,8,,,,,,,,,,,,,,,,,,,,,,,,,,,,,13749,0.00766319315880537
,,,8,,,,,,,,,,,,,,,,,,,,,,,,,,,,,13759,0.19088904559612274
,,,8,,,,,,,,,,,,,,,,,,,,,,,,,,,,,13769,0.004469429608434439
,,,8,,,,,,,,,,,,,,,,,,,,,,,,,,,,,13779,0.03757922351360321
,,,8,,,,,,,,,,,,,,,,,,,,,,,,,,,,,13789,0.012950447387993336
,,,8,,,,,,,,,,,,,,,,,,,,,,,,,,,,,13799,0.01068371906876564
,,,8,,,,,,,,,,,,,,,,,,,,,,,,,,,,,13809,0.023113137111067772
,,,8,,,,,,,,,,,,,,,,,,,,,,,,,,,,,13819,0.01316499151289463
,,,8,,,,,,,,,,,,,,,,,,,,,,,,,,,,,13829,0.35366153717041016
,,,8,,,,,,,,,,,,,,,,,,,,,,,,,,,,,13839,0.2275170385837555
,,,8,,,,,,,,,,,,,,,,,,,,,,,,,,,,,13849,0.12669287621974945
,,,8,,,,,,,,,,,,,,,,,,,,,,,,,,,,,13859,0.049531240016222
,,,8,,,,,,,,,,,,,,,,,,,,,,,,,,,,,13869,2.2352280616760254
,,,8,,,,,,,,,,,,,,,,,,,,,,,,,,,,,13879,0.08507806807756424
,,,8,,,,,,,,,,,,,,,,,,,,,,,,,,,,,13889,0.09850121289491653
,,,8,,,,,,,,,,,,,,,,,,,,,,,,,,,,,13899,0.03567979857325554
,,,8,,,,,,,,,,,,,,,,,,,,,,,,,,,,,13909,0.012052491307258606
,,,8,,,,,,,,,,,,,,,,,,,,,,,,,,,,,13919,0.01961376518011093
,,,8,,,,,,,,,,,,,,,,,,,,,,,,,,,,,13929,0.1755489856004715
,,,8,,,,,,,,,,,,,,,,,,,,,,,,,,,,,13939,0.00688539631664753
,,,8,,,,,,,,,,,,,,,,,,,,,,,,,,,,,13949,0.01050393097102642
,,,8,,,,,,,,,,,,,,,,,,,,,,,,,,,,,13959,0.10874606668949127
,,,8,,,,,,,,,,,,,,,,,,,,,,,,,,,,,13969,0.04938863217830658
,,,8,,,,,,,,,,,,,,,,,,,,,,,,,,,,,13979,0.1688082218170166
,,,8,,,,,,,,,,,,,,,,,,,,,,,,,,,,,13989,0.15702521800994873
,,,8,,,,,,,,,,,,,,,,,,,,,,,,,,,,,13999,0.026150280609726906
,,,8,,,,,,,,,,,,,,,,,,,,,,,,,,,,,14009,0.8557562828063965
,,,8,,,,,,,,,,,,,,,,,,,,,,,,,,,,,14019,0.08034971356391907
,,,8,,,,,,,,,,,,,,,,,,,,,,,,,,,,,14029,0.016464978456497192
,,,8,,,,,,,,,,,,,,,,,,,,,,,,,,,,,14039,0.07534273713827133
,,,8,,,,,,,,,,,,,,,,,,,,,,,,,,,,,14049,0.014794403687119484
,,,8,,,,,,,,,,,,,,,,,,,,,,,,,,,,,14059,0.03158223256468773
,,,8,,,,,,,,,,,,,,,,,,,,,,,,,,,,,14069,0.06781751662492752
,,,8,,,,,,,,,,,,,,,,,,,,,,,,,,,,,14079,0.11803198605775833
,,,8,,,,,,,,,,,,,,,,,,,,,,,,,,,,,14089,0.014710657298564911
,,,8,,,,,,,,,,,,,,,,,,,,,,,,,,,,,14099,0.027862224727869034
,,,8,,,,,,,,,,,,,,,,,,,,,,,,,,,,,14109,0.2797594368457794
,,,8,,,,,,,,,,,,,,,,,,,,,,,,,,,,,14119,0.015169307589530945
,,,8,,,,,,,,,,,,,,,,,,,,,,,,,,,,,14129,0.02010476589202881
,,,8,,,,,,,,,,,,,,,,,,,,,,,,,,,,,14139,0.01309399027377367
,,,8,,,,,,,,,,,,,,,,,,,,,,,,,,,,,14149,0.17963171005249023
,,,8,,,,,,,,,,,,,,,,,,,,,,,,,,,,,14159,0.008499094285070896
,,,8,,,,,,,,,,,,,,,,,,,,,,,,,,,,,14169,0.011632646434009075
,,,8,,,,,,,,,,,,,,,,,,,,,,,,,,,,,14179,0.004215193446725607
,,,8,,,,,,,,,,,,,,,,,,,,,,,,,,,,,14189,0.010299460031092167
,,,8,,,,,,,,,,,,,,,,,,,,,,,,,,,,,14199,0.15322943031787872
,,,8,,,,,,,,,,,,,,,,,,,,,,,,,,,,,14209,0.05852678045630455
,,,8,,,,,,,,,,,,,,,,,,,,,,,,,,,,,14219,0.04393848776817322
,,,8,,,,,,,,,,,,,,,,,,,,,,,,,,,,,14229,0.0038064266555011272
,,,8,,,,,,,,,,,,,,,,,,,,,,,,,,,,,14239,0.007887287996709347
,,,8,,,,,,,,,,,,,,,,,,,,,,,,,,,,,14249,0.17701643705368042
,,,8,,,,,,,,,,,,,,,,,,,,,,,,,,,,,14259,0.009145672433078289
,,,8,,,,,,,,,,,,,,,,,,,,,,,,,,,,,14269,0.012139701284468174
,,,8,,,,,,,,,,,,,,,,,,,,,,,,,,,,,14279,0.13310295343399048
,,,8,,,,,,,,,,,,,,,,,,,,,,,,,,,,,14289,0.0035161806736141443
,,,8,,,,,,,,,,,,,,,,,,,,,,,,,,,,,14299,0.0056928605772554874
,,,8,,,,,,,,,,,,,,,,,,,,,,,,,,,,,14309,0.21274925768375397
,,,8,,,,,,,,,,,,,,,,,,,,,,,,,,,,,14319,0.09045635163784027
,,,8,,,,,,,,,,,,,,,,,,,,,,,,,,,,,14329,0.005344790872186422
,,,8,,,,,,,,,,,,,,,,,,,,,,,,,,,,,14339,0.30298274755477905
,,,8,,,,,,,,,,,,,,,,,,,,,,,,,,,,,14349,1.5454803705215454
,,,8,,,,,,,,,,,,,,,,,,,,,,,,,,,,,14359,0.05168386176228523
,,,8,,,,,,,,,,,,,,,,,,,,,,,,,,,,,14369,0.03501066192984581
,,,8,,,,,,,,,,,,,,,,,,,,,,,,,,,,,14379,0.004213978536427021
,,,8,,,,,,,,,,,,,,,,,,,,,,,,,,,,,14389,0.013495414517819881
,,,8,,,,,,,,,,,,,,,,,,,,,,,,,,,,,14399,0.21954986453056335
,,,8,,,,,,,,,,,,,,,,,,,,,,,,,,,,,14409,0.01966722495853901
,,,8,,,,,,,,,,,,,,,,,,,,,,,,,,,,,14419,0.0033989963121712208
,,,8,,,,,,,,,,,,,,,,,,,,,,,,,,,,,14429,0.44041383266448975
,,,8,,,,,,,,,,,,,,,,,,,,,,,,,,,,,14439,0.0031687559094280005
,,,8,,,,,,,,,,,,,,,,,,,,,,,,,,,,,14449,0.04707657918334007
,,,8,,,,,,,,,,,,,,,,,,,,,,,,,,,,,14459,0.42571043968200684
,,,8,,,,,,,,,,,,,,,,,,,,,,,,,,,,,14469,0.4977606236934662
,,,8,,,,,,,,,,,,,,,,,,,,,,,,,,,,,14479,0.0036869419272989035
,,,8,,,,,,,,,,,,,,,,,,,,,,,,,,,,,14489,0.021783191710710526
,,,8,,,,,,,,,,,,,,,,,,,,,,,,,,,,,14499,0.005160109605640173
,,,8,,,,,,,,,,,,,,,,,,,,,,,,,,,,,14509,0.23009754717350006
,,,8,,,,,,,,,,,,,,,,,,,,,,,,,,,,,14519,0.05180990695953369
,,,8,,,,,,,,,,,,,,,,,,,,,,,,,,,,,14529,0.002057594945654273
,,,8,,,,,,,,,,,,,,,,,,,,,,,,,,,,,14539,0.2968299686908722
,,,8,,,,,,,,,,,,,,,,,,,,,,,,,,,,,14549,0.07210811972618103
,,,8,,,,,,,,,,,,,,,,,,,,,,,,,,,,,14559,0.4232504367828369
,,,8,,,,,,,,,,,,,,,,,,,,,,,,,,,,,14569,0.0064542824402451515
,,,8,,,,,,,,,,,,,,,,,,,,,,,,,,,,,14579,0.05177441984415054
,,,8,,,,,,,,,,,,,,,,,,,,,,,,,,,,,14589,0.6340708136558533
,,,8,,,,,,,,,,,,,,,,,,,,,,,,,,,,,14599,0.023725241422653198
,,,8,,,,,,,,,,,,,,,,,,,,,,,,,,,,,14609,0.978093683719635
,,,8,,,,,,,,,,,,,,,,,,,,,,,,,,,,,14619,0.0026148916222155094
,,,8,,,,,,,,,,,,,,,,,,,,,,,,,,,,,14629,0.5770459175109863
,,,8,,,,,,,,,,,,,,,,,,,,,,,,,,,,,14639,0.006485127843916416
,,,8,,,,,,,,,,,,,,,,,,,,,,,,,,,,,14649,0.013744594529271126
,,,8,,,,,,,,,,,,,,,,,,,,,,,,,,,,,14659,0.16696767508983612
,,,8,,,,,,,,,,,,,,,,,,,,,,,,,,,,,14669,0.012854966334998608
,,,8,,,,,,,,,,,,,,,,,,,,,,,,,,,,,14679,0.15238967537879944
,,,8,,,,,,,,,,,,,,,,,,,,,,,,,,,,,14689,0.09247398376464844
,,,8,,,,,,,,,,,,,,,,,,,,,,,,,,,,,14699,0.014995202422142029
,,,8,,,,,,,,,,,,,,,,,,,,,,,,,,,,,14709,0.0037467803340405226
,,,8,,,,,,,,,,,,,,,,,,,,,,,,,,,,,14719,1.0195850133895874
,,,8,,,,,,,,,,,,,,,,,,,,,,,,,,,,,14729,0.005441281944513321
,,,8,,,,,,,,,,,,,,,,,,,,,,,,,,,,,14739,0.008730750530958176
,,,8,,,,,,,,,,,,,,,,,,,,,,,,,,,,,14749,0.004684835206717253
,,,8,,,,,,,,,,,,,,,,,,,,,,,,,,,,,14759,0.7804938554763794
,,,8,,,,,,,,,,,,,,,,,,,,,,,,,,,,,14769,0.02880142815411091
,,,8,,,,,,,,,,,,,,,,,,,,,,,,,,,,,14779,0.20127177238464355
,,,8,,,,,,,,,,,,,,,,,,,,,,,,,,,,,14789,0.40865209698677063
,,,8,,,,,,,,,,,,,,,,,,,,,,,,,,,,,14799,0.01373088825494051
,,,8,,,,,,,,,,,,,,,,,,,,,,,,,,,,,14809,0.015213262289762497
,,,8,,,,,,,,,,,,,,,,,,,,,,,,,,,,,14819,0.042537663131952286
,,,8,,,,,,,,,,,,,,,,,,,,,,,,,,,,,14829,0.016065683215856552
,,,8,,,,,,,,,,,,,,,,,,,,,,,,,,,,,14839,0.0034856402780860662
,,,8,,,,,,,,,,,,,,,,,,,,,,,,,,,,,14849,0.0038327351212501526
,,,8,,,,,,,,,,,,,,,,,,,,,,,,,,,,,14859,0.17723417282104492
,,,8,,,,,,,,,,,,,,,,,,,,,,,,,,,,,14869,0.016189483925700188
,,,8,,,,,,,,,,,,,,,,,,,,,,,,,,,,,14879,0.029202217236161232
,,,8,,,,,,,,,,,,,,,,,,,,,,,,,,,,,14889,0.012441950850188732
,,,8,,,,,,,,,,,,,,,,,,,,,,,,,,,,,14899,0.5438700914382935
,,,8,,,,,,,,,,,,,,,,,,,,,,,,,,,,,14909,0.08556193858385086
,,,8,,,,,,,,,,,,,,,,,,,,,,,,,,,,,14919,0.07560914009809494
,,,8,,,,,,,,,,,,,,,,,,,,,,,,,,,,,14929,0.004393927287310362
,,,8,,,,,,,,,,,,,,,,,,,,,,,,,,,,,14939,0.027286216616630554
,,,8,,,,,,,,,,,,,,,,,,,,,,,,,,,,,14949,0.23107711970806122
,,,,5.577837150809623e-07,3.1247293306590787e-06,4.807275893321659e-06,4.807275893321659e-06,7.395809066648706e-06,7.395809066648706e-06,1.1378167794844163e-05,1.1378167794844163e-05,1.750487353052948e-05,1.750487353052948e-05,2.6930574662353044e-05,5.577837150809623e-07,2.6930574662353044e-05,4.143165332669699e-05,4.143165332669699e-05,6.374100511799537e-05,6.374100511799537e-05,9.806308479691595e-05,9.806308479691595e-05,9.806308479691595e-05,9.806308479691595e-05,8.581287924322494e-07,8.581287924322494e-07,1.3201981422034608e-06,1.3201981422034608e-06,2.031074064928401e-06,2.031074064928401e-06,3.1247293306590787e-06,14958,
,,,9,,,,,,,,,,,,,,,,,,,,,,,,,,,,,14959,0.9301661252975464
,,,9,,,,,,,,,,,,,,,,,,,,,,,,,,,,,14969,0.002611075760796666
,,,9,,,,,,,,,,,,,,,,,,,,,,,,,,,,,14979,0.023145264014601707
,,,9,,,,,,,,,,,,,,,,,,,,,,,,,,,,,14989,0.009338774718344212
,,,9,,,,,,,,,,,,,,,,,,,,,,,,,,,,,14999,0.20553897321224213
,,,9,,,,,,,,,,,,,,,,,,,,,,,,,,,,,15009,0.07564948499202728
,,,9,,,,,,,,,,,,,,,,,,,,,,,,,,,,,15019,0.29077431559562683
,,,9,,,,,,,,,,,,,,,,,,,,,,,,,,,,,15029,0.029620356857776642
,,,9,,,,,,,,,,,,,,,,,,,,,,,,,,,,,15039,0.02357494831085205
,,,9,,,,,,,,,,,,,,,,,,,,,,,,,,,,,15049,0.005302221979945898
,,,9,,,,,,,,,,,,,,,,,,,,,,,,,,,,,15059,0.03250259906053543
,,,9,,,,,,,,,,,,,,,,,,,,,,,,,,,,,15069,0.021555937826633453
,,,9,,,,,,,,,,,,,,,,,,,,,,,,,,,,,15079,0.005194086581468582
,,,9,,,,,,,,,,,,,,,,,,,,,,,,,,,,,15089,0.015347861684858799
,,,9,,,,,,,,,,,,,,,,,,,,,,,,,,,,,15099,0.027646353468298912
,,,9,,,,,,,,,,,,,,,,,,,,,,,,,,,,,15109,0.385040283203125
,,,9,,,,,,,,,,,,,,,,,,,,,,,,,,,,,15119,0.00234621181152761
,,,9,,,,,,,,,,,,,,,,,,,,,,,,,,,,,15129,0.06550834327936172
,,,9,,,,,,,,,,,,,,,,,,,,,,,,,,,,,15139,0.018673911690711975
,,,9,,,,,,,,,,,,,,,,,,,,,,,,,,,,,15149,0.06911664456129074
,,,9,,,,,,,,,,,,,,,,,,,,,,,,,,,,,15159,0.005250217858701944
,,,9,,,,,,,,,,,,,,,,,,,,,,,,,,,,,15169,0.0016252162167802453
,,,9,,,,,,,,,,,,,,,,,,,,,,,,,,,,,15179,0.004488448612391949
,,,9,,,,,,,,,,,,,,,,,,,,,,,,,,,,,15189,0.36092329025268555
,,,9,,,,,,,,,,,,,,,,,,,,,,,,,,,,,15199,0.06983993202447891
,,,9,,,,,,,,,,,,,,,,,,,,,,,,,,,,,15209,0.018443960696458817
,,,9,,,,,,,,,,,,,,,,,,,,,,,,,,,,,15219,0.07492061704397202
,,,9,,,,,,,,,,,,,,,,,,,,,,,,,,,,,15229,0.09697730839252472
,,,9,,,,,,,,,,,,,,,,,,,,,,,,,,,,,15239,0.007656823378056288
,,,9,,,,,,,,,,,,,,,,,,,,,,,,,,,,,15249,0.018962373957037926
,,,9,,,,,,,,,,,,,,,,,,,,,,,,,,,,,15259,0.013055662624537945
,,,9,,,,,,,,,,,,,,,,,,,,,,,,,,,,,15269,0.005741300992667675
,,,9,,,,,,,,,,,,,,,,,,,,,,,,,,,,,15279,0.019351528957486153
,,,9,,,,,,,,,,,,,,,,,,,,,,,,,,,,,15289,0.023618657141923904
,,,9,,,,,,,,,,,,,,,,,,,,,,,,,,,,,15299,0.19122466444969177
,,,9,,,,,,,,,,,,,,,,,,,,,,,,,,,,,15309,0.13332930207252502
,,,9,,,,,,,,,,,,,,,,,,,,,,,,,,,,,15319,0.0035307996440678835
,,,9,,,,,,,,,,,,,,,,,,,,,,,,,,,,,15329,0.031590305268764496
,,,9,,,,,,,,,,,,,,,,,,,,,,,,,,,,,15339,0.10799913853406906
,,,9,,,,,,,,,,,,,,,,,,,,,,,,,,,,,15349,0.003600106807425618
,,,9,,,,,,,,,,,,,,,,,,,,,,,,,,,,,15359,0.03955119848251343
,,,9,,,,,,,,,,,,,,,,,,,,,,,,,,,,,15369,0.0015531651442870498
,,,9,,,,,,,,,,,,,,,,,,,,,,,,,,,,,15379,0.015592674724757671
,,,9,,,,,,,,,,,,,,,,,,,,,,,,,,,,,15389,0.022165535017848015
,,,9,,,,,,,,,,,,,,,,,,,,,,,,,,,,,15399,0.4489704370498657
,,,9,,,,,,,,,,,,,,,,,,,,,,,,,,,,,15409,0.07931605726480484
,,,9,,,,,,,,,,,,,,,,,,,,,,,,,,,,,15419,0.005818675737828016
,,,9,,,,,,,,,,,,,,,,,,,,,,,,,,,,,15429,0.03314850479364395
,,,9,,,,,,,,,,,,,,,,,,,,,,,,,,,,,15439,0.8463008999824524
,,,9,,,,,,,,,,,,,,,,,,,,,,,,,,,,,15449,0.011378364637494087
,,,9,,,,,,,,,,,,,,,,,,,,,,,,,,,,,15459,0.10620561987161636
,,,9,,,,,,,,,,,,,,,,,,,,,,,,,,,,,15469,0.05106135457754135
,,,9,,,,,,,,,,,,,,,,,,,,,,,,,,,,,15479,0.12594181299209595
,,,9,,,,,,,,,,,,,,,,,,,,,,,,,,,,,15489,0.011213197372853756
,,,9,,,,,,,,,,,,,,,,,,,,,,,,,,,,,15499,0.0033737767953425646
,,,9,,,,,,,,,,,,,,,,,,,,,,,,,,,,,15509,0.01313982903957367
,,,9,,,,,,,,,,,,,,,,,,,,,,,,,,,,,15519,0.015462487936019897
,,,9,,,,,,,,,,,,,,,,,,,,,,,,,,,,,15529,0.23537959158420563
,,,9,,,,,,,,,,,,,,,,,,,,,,,,,,,,,15539,0.006966412998735905
,,,9,,,,,,,,,,,,,,,,,,,,,,,,,,,,,15549,0.004714187700301409
,,,9,,,,,,,,,,,,,,,,,,,,,,,,,,,,,15559,0.018435094505548477
,,,9,,,,,,,,,,,,,,,,,,,,,,,,,,,,,15569,0.00898232776671648
,,,9,,,,,,,,,,,,,,,,,,,,,,,,,,,,,15579,0.10570583492517471
,,,9,,,,,,,,,,,,,,,,,,,,,,,,,,,,,15589,0.03232612460851669
,,,9,,,,,,,,,,,,,,,,,,,,,,,,,,,,,15599,0.013938037678599358
,,,9,,,,,,,,,,,,,,,,,,,,,,,,,,,,,15609,0.006961784325540066
,,,9,,,,,,,,,,,,,,,,,,,,,,,,,,,,,15619,0.012595921754837036
,,,9,,,,,,,,,,,,,,,,,,,,,,,,,,,,,15629,0.02670319192111492
,,,9,,,,,,,,,,,,,,,,,,,,,,,,,,,,,15639,0.016009844839572906
,,,9,,,,,,,,,,,,,,,,,,,,,,,,,,,,,15649,0.01812564581632614
,,,9,,,,,,,,,,,,,,,,,,,,,,,,,,,,,15659,0.875857412815094
,,,9,,,,,,,,,,,,,,,,,,,,,,,,,,,,,15669,0.0019488498801365495
,,,9,,,,,,,,,,,,,,,,,,,,,,,,,,,,,15679,0.019456731155514717
,,,9,,,,,,,,,,,,,,,,,,,,,,,,,,,,,15689,0.04541986808180809
,,,9,,,,,,,,,,,,,,,,,,,,,,,,,,,,,15699,0.003452418837696314
,,,9,,,,,,,,,,,,,,,,,,,,,,,,,,,,,15709,0.01939568482339382
,,,9,,,,,,,,,,,,,,,,,,,,,,,,,,,,,15719,0.001400365843437612
,,,9,,,,,,,,,,,,,,,,,,,,,,,,,,,,,15729,0.0031075782608240843
,,,9,,,,,,,,,,,,,,,,,,,,,,,,,,,,,15739,0.004566269926726818
,,,9,,,,,,,,,,,,,,,,,,,,,,,,,,,,,15749,1.4044182300567627
,,,9,,,,,,,,,,,,,,,,,,,,,,,,,,,,,15759,0.007950842380523682
,,,9,,,,,,,,,,,,,,,,,,,,,,,,,,,,,15769,0.7248896360397339
,,,9,,,,,,,,,,,,,,,,,,,,,,,,,,,,,15779,0.003391765058040619
,,,9,,,,,,,,,,,,,,,,,,,,,,,,,,,,,15789,0.010402299463748932
,,,9,,,,,,,,,,,,,,,,,,,,,,,,,,,,,15799,0.1742759495973587
,,,9,,,,,,,,,,,,,,,,,,,,,,,,,,,,,15809,0.1916995793581009
,,,9,,,,,,,,,,,,,,,,,,,,,,,,,,,,,15819,0.5515735745429993
,,,9,,,,,,,,,,,,,,,,,,,,,,,,,,,,,15829,0.08951100707054138
,,,9,,,,,,,,,,,,,,,,,,,,,,,,,,,,,15839,0.009514343924820423
,,,9,,,,,,,,,,,,,,,,,,,,,,,,,,,,,15849,0.05139019340276718
,,,9,,,,,,,,,,,,,,,,,,,,,,,,,,,,,15859,0.0022620349191129208
,,,9,,,,,,,,,,,,,,,,,,,,,,,,,,,,,15869,0.006386668421328068
,,,9,,,,,,,,,,,,,,,,,,,,,,,,,,,,,15879,0.0012910014484077692
,,,9,,,,,,,,,,,,,,,,,,,,,,,,,,,,,15889,0.03666579723358154
,,,9,,,,,,,,,,,,,,,,,,,,,,,,,,,,,15899,0.015632443130016327
,,,9,,,,,,,,,,,,,,,,,,,,,,,,,,,,,15909,0.011459065601229668
,,,9,,,,,,,,,,,,,,,,,,,,,,,,,,,,,15919,0.08439803123474121
,,,9,,,,,,,,,,,,,,,,,,,,,,,,,,,,,15929,0.01431940495967865
,,,9,,,,,,,,,,,,,,,,,,,,,,,,,,,,,15939,0.05731853097677231
,,,9,,,,,,,,,,,,,,,,,,,,,,,,,,,,,15949,0.02546081133186817
,,,9,,,,,,,,,,,,,,,,,,,,,,,,,,,,,15959,0.007969672791659832
,,,9,,,,,,,,,,,,,,,,,,,,,,,,,,,,,15969,0.020796969532966614
,,,9,,,,,,,,,,,,,,,,,,,,,,,,,,,,,15979,1.1281788349151611
,,,9,,,,,,,,,,,,,,,,,,,,,,,,,,,,,15989,0.007379424292594194
,,,9,,,,,,,,,,,,,,,,,,,,,,,,,,,,,15999,0.0641687661409378
,,,9,,,,,,,,,,,,,,,,,,,,,,,,,,,,,16009,0.06652968376874924
,,,9,,,,,,,,,,,,,,,,,,,,,,,,,,,,,16019,0.24504335224628448
,,,9,,,,,,,,,,,,,,,,,,,,,,,,,,,,,16029,0.022932713851332664
,,,9,,,,,,,,,,,,,,,,,,,,,,,,,,,,,16039,0.005584557540714741
,,,9,,,,,,,,,,,,,,,,,,,,,,,,,,,,,16049,0.02794681116938591
,,,9,,,,,,,,,,,,,,,,,,,,,,,,,,,,,16059,0.02977713942527771
,,,9,,,,,,,,,,,,,,,,,,,,,,,,,,,,,16069,0.1108316108584404
,,,9,,,,,,,,,,,,,,,,,,,,,,,,,,,,,16079,0.14894050359725952
,,,9,,,,,,,,,,,,,,,,,,,,,,,,,,,,,16089,0.005535678938031197
,,,9,,,,,,,,,,,,,,,,,,,,,,,,,,,,,16099,0.04344703257083893
,,,9,,,,,,,,,,,,,,,,,,,,,,,,,,,,,16109,0.008150838315486908
,,,9,,,,,,,,,,,,,,,,,,,,,,,,,,,,,16119,0.17253708839416504
,,,9,,,,,,,,,,,,,,,,,,,,,,,,,,,,,16129,0.03199112415313721
,,,9,,,,,,,,,,,,,,,,,,,,,,,,,,,,,16139,0.04496306553483009
,,,9,,,,,,,,,,,,,,,,,,,,,,,,,,,,,16149,0.0032188643235713243
,,,9,,,,,,,,,,,,,,,,,,,,,,,,,,,,,16159,0.002936417469754815
,,,9,,,,,,,,,,,,,,,,,,,,,,,,,,,,,16169,0.03405720368027687
,,,9,,,,,,,,,,,,,,,,,,,,,,,,,,,,,16179,0.022503476589918137
,,,9,,,,,,,,,,,,,,,,,,,,,,,,,,,,,16189,0.03583604097366333
,,,9,,,,,,,,,,,,,,,,,,,,,,,,,,,,,16199,0.04731803759932518
,,,9,,,,,,,,,,,,,,,,,,,,,,,,,,,,,16209,0.035629432648420334
,,,9,,,,,,,,,,,,,,,,,,,,,,,,,,,,,16219,0.007323713507503271
,,,9,,,,,,,,,,,,,,,,,,,,,,,,,,,,,16229,0.002489014994353056
,,,9,,,,,,,,,,,,,,,,,,,,,,,,,,,,,16239,0.017350351437926292
,,,9,,,,,,,,,,,,,,,,,,,,,,,,,,,,,16249,0.014083007350564003
,,,9,,,,,,,,,,,,,,,,,,,,,,,,,,,,,16259,0.04018782451748848
,,,9,,,,,,,,,,,,,,,,,,,,,,,,,,,,,16269,0.027543868869543076
,,,9,,,,,,,,,,,,,,,,,,,,,,,,,,,,,16279,0.0026115344371646643
,,,9,,,,,,,,,,,,,,,,,,,,,,,,,,,,,16289,0.005586855113506317
,,,9,,,,,,,,,,,,,,,,,,,,,,,,,,,,,16299,0.006939012091606855
,,,9,,,,,,,,,,,,,,,,,,,,,,,,,,,,,16309,0.019142746925354004
,,,9,,,,,,,,,,,,,,,,,,,,,,,,,,,,,16319,0.5148223042488098
,,,9,,,,,,,,,,,,,,,,,,,,,,,,,,,,,16329,0.006098830606788397
,,,9,,,,,,,,,,,,,,,,,,,,,,,,,,,,,16339,0.011443735100328922
,,,9,,,,,,,,,,,,,,,,,,,,,,,,,,,,,16349,0.6914462447166443
,,,9,,,,,,,,,,,,,,,,,,,,,,,,,,,,,16359,0.03523457050323486
,,,9,,,,,,,,,,,,,,,,,,,,,,,,,,,,,16369,0.8166785836219788
,,,9,,,,,,,,,,,,,,,,,,,,,,,,,,,,,16379,0.02874096669256687
,,,9,,,,,,,,,,,,,,,,,,,,,,,,,,,,,16389,0.004472462926059961
,,,9,,,,,,,,,,,,,,,,,,,,,,,,,,,,,16399,0.012128056958317757
,,,9,,,,,,,,,,,,,,,,,,,,,,,,,,,,,16409,0.8858826756477356
,,,9,,,,,,,,,,,,,,,,,,,,,,,,,,,,,16419,0.004506492055952549
,,,9,,,,,,,,,,,,,,,,,,,,,,,,,,,,,16429,0.009752728044986725
,,,9,,,,,,,,,,,,,,,,,,,,,,,,,,,,,16439,0.0021972735412418842
,,,9,,,,,,,,,,,,,,,,,,,,,,,,,,,,,16449,0.008595487102866173
,,,9,,,,,,,,,,,,,,,,,,,,,,,,,,,,,16459,0.0036093476228415966
,,,9,,,,,,,,,,,,,,,,,,,,,,,,,,,,,16469,0.02069934643805027
,,,9,,,,,,,,,,,,,,,,,,,,,,,,,,,,,16479,0.14465665817260742
,,,9,,,,,,,,,,,,,,,,,,,,,,,,,,,,,16489,0.03287529945373535
,,,9,,,,,,,,,,,,,,,,,,,,,,,,,,,,,16499,0.050200868397951126
,,,9,,,,,,,,,,,,,,,,,,,,,,,,,,,,,16509,0.07810038328170776
,,,9,,,,,,,,,,,,,,,,,,,,,,,,,,,,,16519,0.002102165948599577
,,,9,,,,,,,,,,,,,,,,,,,,,,,,,,,,,16529,0.003983729053288698
,,,9,,,,,,,,,,,,,,,,,,,,,,,,,,,,,16539,0.552318274974823
,,,9,,,,,,,,,,,,,,,,,,,,,,,,,,,,,16549,0.11011242121458054
,,,9,,,,,,,,,,,,,,,,,,,,,,,,,,,,,16559,0.0012774639762938023
,,,9,,,,,,,,,,,,,,,,,,,,,,,,,,,,,16569,0.006194856017827988
,,,9,,,,,,,,,,,,,,,,,,,,,,,,,,,,,16579,0.25841864943504333
,,,9,,,,,,,,,,,,,,,,,,,,,,,,,,,,,16589,0.6845618486404419
,,,9,,,,,,,,,,,,,,,,,,,,,,,,,,,,,16599,0.012614201754331589
,,,9,,,,,,,,,,,,,,,,,,,,,,,,,,,,,16609,0.003995090257376432
,,,9,,,,,,,,,,,,,,,,,,,,,,,,,,,,,16619,0.23173484206199646
0.8552631735801697,0.8318098783493042,0.8800773620605469,9,,,,,,,,,,,,,,,,,,,,,,,,,,,,,16619,
,,,,5.516494603334762e-07,3.0903649610782603e-06,4.7544076324280925e-06,4.7544076324280925e-06,7.314473280658603e-06,7.314473280658603e-06,1.125303581639785e-05,1.125303581639785e-05,1.7312362794458232e-05,1.7312362794458232e-05,2.663440429916651e-05,5.516494603334762e-07,2.663440429916651e-05,4.097600661410232e-05,4.097600661410232e-05,6.304001017554203e-05,6.304001017554203e-05,9.698463103929542e-05,9.698463103929542e-05,9.698463103929542e-05,9.698463103929542e-05,8.486914774361172e-07,8.486914774361172e-07,1.3056791960555651e-06,1.3056791960555651e-06,2.0087372247008692e-06,2.0087372247008692e-06,3.0903649610782603e-06,16620,
,,,10,,,,,,,,,,,,,,,,,,,,,,,,,,,,,16629,0.0068746283650398254
,,,10,,,,,,,,,,,,,,,,,,,,,,,,,,,,,16639,0.02126634493470192
,,,10,,,,,,,,,,,,,,,,,,,,,,,,,,,,,16649,0.04658472165465355
,,,10,,,,,,,,,,,,,,,,,,,,,,,,,,,,,16659,0.00414949469268322
,,,10,,,,,,,,,,,,,,,,,,,,,,,,,,,,,16669,0.01854298822581768
,,,10,,,,,,,,,,,,,,,,,,,,,,,,,,,,,16679,0.0040338910184800625
,,,10,,,,,,,,,,,,,,,,,,,,,,,,,,,,,16689,0.029227763414382935
,,,10,,,,,,,,,,,,,,,,,,,,,,,,,,,,,16699,0.0019416514551267028
,,,10,,,,,,,,,,,,,,,,,,,,,,,,,,,,,16709,0.07097011059522629
,,,10,,,,,,,,,,,,,,,,,,,,,,,,,,,,,16719,0.0031773140653967857
,,,10,,,,,,,,,,,,,,,,,,,,,,,,,,,,,16729,0.003775643650442362
,,,10,,,,,,,,,,,,,,,,,,,,,,,,,,,,,16739,0.09674929827451706
,,,10,,,,,,,,,,,,,,,,,,,,,,,,,,,,,16749,0.004401112906634808
,,,10,,,,,,,,,,,,,,,,,,,,,,,,,,,,,16759,0.07112247496843338
,,,10,,,,,,,,,,,,,,,,,,,,,,,,,,,,,16769,0.009627350606024265
,,,10,,,,,,,,,,,,,,,,,,,,,,,,,,,,,16779,0.009361276403069496
,,,10,,,,,,,,,,,,,,,,,,,,,,,,,,,,,16789,0.002417507581412792
,,,10,,,,,,,,,,,,,,,,,,,,,,,,,,,,,16799,0.0049110897816717625
,,,10,,,,,,,,,,,,,,,,,,,,,,,,,,,,,16809,0.0017583213048055768
,,,10,,,,,,,,,,,,,,,,,,,,,,,,,,,,,16819,0.0075466567650437355
,,,10,,,,,,,,,,,,,,,,,,,,,,,,,,,,,16829,0.00408389326184988
,,,10,,,,,,,,,,,,,,,,,,,,,,,,,,,,,16839,0.09301520884037018
,,,10,,,,,,,,,,,,,,,,,,,,,,,,,,,,,16849,0.007620485499501228
,,,10,,,,,,,,,,,,,,,,,,,,,,,,,,,,,16859,0.008451776579022408
,,,10,,,,,,,,,,,,,,,,,,,,,,,,,,,,,16869,0.15280579030513763
,,,10,,,,,,,,,,,,,,,,,,,,,,,,,,,,,16879,0.003490856382995844
,,,10,,,,,,,,,,,,,,,,,,,,,,,,,,,,,16889,0.004011006560176611
,,,10,,,,,,,,,,,,,,,,,,,,,,,,,,,,,16899,0.03522079810500145
,,,10,,,,,,,,,,,,,,,,,,,,,,,,,,,,,16909,0.003786921501159668
,,,10,,,,,,,,,,,,,,,,,,,,,,,,,,,,,16919,0.08268511295318604
,,,10,,,,,,,,,,,,,,,,,,,,,,,,,,,,,16929,0.011670989915728569
,,,10,,,,,,,,,,,,,,,,,,,,,,,,,,,,,16939,0.007315861526876688
,,,10,,,,,,,,,,,,,,,,,,,,,,,,,,,,,16949,0.0829923078417778
,,,10,,,,,,,,,,,,,,,,,,,,,,,,,,,,,16959,0.0934305191040039
,,,10,,,,,,,,,,,,,,,,,,,,,,,,,,,,,16969,0.026642801240086555
,,,10,,,,,,,,,,,,,,,,,,,,,,,,,,,,,16979,0.0018214820884168148
,,,10,,,,,,,,,,,,,,,,,,,,,,,,,,,,,16989,0.007501285057514906
,,,10,,,,,,,,,,,,,,,,,,,,,,,,,,,,,16999,0.0012545196805149317
,,,10,,,,,,,,,,,,,,,,,,,,,,,,,,,,,17009,1.5957852602005005
,,,10,,,,,,,,,,,,,,,,,,,,,,,,,,,,,17019,0.009113004431128502
,,,10,,,,,,,,,,,,,,,,,,,,,,,,,,,,,17029,0.05072245001792908
,,,10,,,,,,,,,,,,,,,,,,,,,,,,,,,,,17039,0.0036443471908569336
,,,10,,,,,,,,,,,,,,,,,,,,,,,,,,,,,17049,0.009282763116061687
,,,10,,,,,,,,,,,,,,,,,,,,,,,,,,,,,17059,0.30492761731147766
,,,10,,,,,,,,,,,,,,,,,,,,,,,,,,,,,17069,0.004051573574542999
,,,10,,,,,,,,,,,,,,,,,,,,,,,,,,,,,17079,0.004406553693115711
,,,10,,,,,,,,,,,,,,,,,,,,,,,,,,,,,17089,0.0037928984966129065
,,,10,,,,,,,,,,,,,,,,,,,,,,,,,,,,,17099,0.023852575570344925
,,,10,,,,,,,,,,,,,,,,,,,,,,,,,,,,,17109,0.14564380049705505
,,,10,,,,,,,,,,,,,,,,,,,,,,,,,,,,,17119,0.021804319694638252
,,,10,,,,,,,,,,,,,,,,,,,,,,,,,,,,,17129,0.0030995174311101437
,,,10,,,,,,,,,,,,,,,,,,,,,,,,,,,,,17139,0.030884021893143654
,,,10,,,,,,,,,,,,,,,,,,,,,,,,,,,,,17149,0.010709892027080059
,,,10,,,,,,,,,,,,,,,,,,,,,,,,,,,,,17159,0.096400186419487
,,,10,,,,,,,,,,,,,,,,,,,,,,,,,,,,,17169,0.017252009361982346
,,,10,,,,,,,,,,,,,,,,,,,,,,,,,,,,,17179,0.0045316885225474834
,,,10,,,,,,,,,,,,,,,,,,,,,,,,,,,,,17189,0.05201732739806175
,,,10,,,,,,,,,,,,,,,,,,,,,,,,,,,,,17199,0.002418405143544078
,,,10,,,,,,,,,,,,,,,,,,,,,,,,,,,,,17209,0.002151381690055132
,,,10,,,,,,,,,,,,,,,,,,,,,,,,,,,,,17219,0.004454020410776138
,,,10,,,,,,,,,,,,,,,,,,,,,,,,,,,,,17229,0.0860481932759285
,,,10,,,,,,,,,,,,,,,,,,,,,,,,,,,,,17239,0.20002532005310059
,,,10,,,,,,,,,,,,,,,,,,,,,,,,,,,,,17249,0.057920508086681366
,,,10,,,,,,,,,,,,,,,,,,,,,,,,,,,,,17259,0.0019254866056144238
,,,10,,,,,,,,,,,,,,,,,,,,,,,,,,,,,17269,0.11860789358615875
,,,10,,,,,,,,,,,,,,,,,,,,,,,,,,,,,17279,0.006512003485113382
,,,10,,,,,,,,,,,,,,,,,,,,,,,,,,,,,17289,0.3740135431289673
,,,10,,,,,,,,,,,,,,,,,,,,,,,,,,,,,17299,0.005189639516174793
,,,10,,,,,,,,,,,,,,,,,,,,,,,,,,,,,17309,0.004253759980201721
,,,10,,,,,,,,,,,,,,,,,,,,,,,,,,,,,17319,0.2882363200187683
,,,10,,,,,,,,,,,,,,,,,,,,,,,,,,,,,17329,0.6023327112197876
,,,10,,,,,,,,,,,,,,,,,,,,,,,,,,,,,17339,0.21931597590446472
,,,10,,,,,,,,,,,,,,,,,,,,,,,,,,,,,17349,0.9938938021659851
,,,10,,,,,,,,,,,,,,,,,,,,,,,,,,,,,17359,0.015789730474352837
,,,10,,,,,,,,,,,,,,,,,,,,,,,,,,,,,17369,0.18857283890247345
,,,10,,,,,,,,,,,,,,,,,,,,,,,,,,,,,17379,0.6670661568641663
,,,10,,,,,,,,,,,,,,,,,,,,,,,,,,,,,17389,0.04318217560648918
,,,10,,,,,,,,,,,,,,,,,,,,,,,,,,,,,17399,0.00250655272975564
,,,10,,,,,,,,,,,,,,,,,,,,,,,,,,,,,17409,0.0024962518364191055
,,,10,,,,,,,,,,,,,,,,,,,,,,,,,,,,,17419,0.4432305097579956
,,,10,,,,,,,,,,,,,,,,,,,,,,,,,,,,,17429,0.19533661007881165
,,,10,,,,,,,,,,,,,,,,,,,,,,,,,,,,,17439,0.005635078996419907
,,,10,,,,,,,,,,,,,,,,,,,,,,,,,,,,,17449,0.2278572916984558
,,,10,,,,,,,,,,,,,,,,,,,,,,,,,,,,,17459,0.013166026212275028
,,,10,,,,,,,,,,,,,,,,,,,,,,,,,,,,,17469,0.0980285257101059
,,,10,,,,,,,,,,,,,,,,,,,,,,,,,,,,,17479,0.007784822955727577
,,,10,,,,,,,,,,,,,,,,,,,,,,,,,,,,,17489,0.0025978211779147387
,,,10,,,,,,,,,,,,,,,,,,,,,,,,,,,,,17499,0.0017435583285987377
,,,10,,,,,,,,,,,,,,,,,,,,,,,,,,,,,17509,0.4769165515899658
,,,10,,,,,,,,,,,,,,,,,,,,,,,,,,,,,17519,0.1704721450805664
,,,10,,,,,,,,,,,,,,,,,,,,,,,,,,,,,17529,0.007522702682763338
,,,10,,,,,,,,,,,,,,,,,,,,,,,,,,,,,17539,0.00434017414227128
,,,10,,,,,,,,,,,,,,,,,,,,,,,,,,,,,17549,0.003933911677449942
,,,10,,,,,,,,,,,,,,,,,,,,,,,,,,,,,17559,0.008994072675704956
,,,10,,,,,,,,,,,,,,,,,,,,,,,,,,,,,17569,0.03923032060265541
,,,10,,,,,,,,,,,,,,,,,,,,,,,,,,,,,17579,0.2111131101846695
,,,10,,,,,,,,,,,,,,,,,,,,,,,,,,,,,17589,0.016044016927480698
,,,10,,,,,,,,,,,,,,,,,,,,,,,,,,,,,17599,0.010767823085188866
,,,10,,,,,,,,,,,,,,,,,,,,,,,,,,,,,17609,0.04130373150110245
,,,10,,,,,,,,,,,,,,,,,,,,,,,,,,,,,17619,0.10618250072002411
,,,10,,,,,,,,,,,,,,,,,,,,,,,,,,,,,17629,0.06653375923633575
,,,10,,,,,,,,,,,,,,,,,,,,,,,,,,,,,17639,0.10670989751815796
,,,10,,,,,,,,,,,,,,,,,,,,,,,,,,,,,17649,0.16051873564720154
,,,10,,,,,,,,,,,,,,,,,,,,,,,,,,,,,17659,0.08875083178281784
,,,10,,,,,,,,,,,,,,,,,,,,,,,,,,,,,17669,0.2879793345928192
,,,10,,,,,,,,,,,,,,,,,,,,,,,,,,,,,17679,0.011662100441753864
,,,10,,,,,,,,,,,,,,,,,,,,,,,,,,,,,17689,0.35607755184173584
,,,10,,,,,,,,,,,,,,,,,,,,,,,,,,,,,17699,0.11017269641160965
,,,10,,,,,,,,,,,,,,,,,,,,,,,,,,,,,17709,0.01732376590371132
,,,10,,,,,,,,,,,,,,,,,,,,,,,,,,,,,17719,0.003580002812668681
,,,10,,,,,,,,,,,,,,,,,,,,,,,,,,,,,17729,0.07389377802610397
,,,10,,,,,,,,,,,,,,,,,,,,,,,,,,,,,17739,0.002057293662801385
,,,10,,,,,,,,,,,,,,,,,,,,,,,,,,,,,17749,0.00507365120574832
,,,10,,,,,,,,,,,,,,,,,,,,,,,,,,,,,17759,0.1867879182100296
,,,10,,,,,,,,,,,,,,,,,,,,,,,,,,,,,17769,0.2777479887008667
,,,10,,,,,,,,,,,,,,,,,,,,,,,,,,,,,17779,0.007912654429674149
,,,10,,,,,,,,,,,,,,,,,,,,,,,,,,,,,17789,0.4014003872871399
,,,10,,,,,,,,,,,,,,,,,,,,,,,,,,,,,17799,0.07406515628099442
,,,10,,,,,,,,,,,,,,,,,,,,,,,,,,,,,17809,0.011311328038573265
,,,10,,,,,,,,,,,,,,,,,,,,,,,,,,,,,17819,0.017166754230856895
,,,10,,,,,,,,,,,,,,,,,,,,,,,,,,,,,17829,0.003737689694389701
,,,10,,,,,,,,,,,,,,,,,,,,,,,,,,,,,17839,0.003376540495082736
,,,10,,,,,,,,,,,,,,,,,,,,,,,,,,,,,17849,0.018452288582921028
,,,10,,,,,,,,,,,,,,,,,,,,,,,,,,,,,17859,0.017229221761226654
,,,10,,,,,,,,,,,,,,,,,,,,,,,,,,,,,17869,0.0033560157753527164
,,,10,,,,,,,,,,,,,,,,,,,,,,,,,,,,,17879,0.18360206484794617
,,,10,,,,,,,,,,,,,,,,,,,,,,,,,,,,,17889,0.19626040756702423
,,,10,,,,,,,,,,,,,,,,,,,,,,,,,,,,,17899,0.024044500663876534
,,,10,,,,,,,,,,,,,,,,,,,,,,,,,,,,,17909,0.010238723829388618
,,,10,,,,,,,,,,,,,,,,,,,,,,,,,,,,,17919,0.16556057333946228
,,,10,,,,,,,,,,,,,,,,,,,,,,,,,,,,,17929,0.326596200466156
,,,10,,,,,,,,,,,,,,,,,,,,,,,,,,,,,17939,0.005974219646304846
,,,10,,,,,,,,,,,,,,,,,,,,,,,,,,,,,17949,0.002958298195153475
,,,10,,,,,,,,,,,,,,,,,,,,,,,,,,,,,17959,0.24934428930282593
,,,10,,,,,,,,,,,,,,,,,,,,,,,,,,,,,17969,0.04970710724592209
,,,10,,,,,,,,,,,,,,,,,,,,,,,,,,,,,17979,0.016876675188541412
,,,10,,,,,,,,,,,,,,,,,,,,,,,,,,,,,17989,0.04455459490418434
,,,10,,,,,,,,,,,,,,,,,,,,,,,,,,,,,17999,0.0025604318361729383
,,,10,,,,,,,,,,,,,,,,,,,,,,,,,,,,,18009,0.035683128982782364
,,,10,,,,,,,,,,,,,,,,,,,,,,,,,,,,,18019,0.11996924877166748
,,,10,,,,,,,,,,,,,,,,,,,,,,,,,,,,,18029,0.028848392888903618
,,,10,,,,,,,,,,,,,,,,,,,,,,,,,,,,,18039,0.01530506368726492
,,,10,,,,,,,,,,,,,,,,,,,,,,,,,,,,,18049,0.020819298923015594
,,,10,,,,,,,,,,,,,,,,,,,,,,,,,,,,,18059,0.07487597316503525
,,,10,,,,,,,,,,,,,,,,,,,,,,,,,,,,,18069,0.39213159680366516
,,,10,,,,,,,,,,,,,,,,,,,,,,,,,,,,,18079,0.049759358167648315
,,,10,,,,,,,,,,,,,,,,,,,,,,,,,,,,,18089,0.009185620583593845
,,,10,,,,,,,,,,,,,,,,,,,,,,,,,,,,,18099,0.0038011653814464808
,,,10,,,,,,,,,,,,,,,,,,,,,,,,,,,,,18109,0.005921535659581423
,,,10,,,,,,,,,,,,,,,,,,,,,,,,,,,,,18119,0.00368606299161911
,,,10,,,,,,,,,,,,,,,,,,,,,,,,,,,,,18129,0.002826837357133627
,,,10,,,,,,,,,,,,,,,,,,,,,,,,,,,,,18139,0.0034591646399348974
,,,10,,,,,,,,,,,,,,,,,,,,,,,,,,,,,18149,0.010736038908362389
,,,10,,,,,,,,,,,,,,,,,,,,,,,,,,,,,18159,0.015501948073506355
,,,10,,,,,,,,,,,,,,,,,,,,,,,,,,,,,18169,0.01638837158679962
,,,10,,,,,,,,,,,,,,,,,,,,,,,,,,,,,18179,0.8053764700889587
,,,10,,,,,,,,,,,,,,,,,,,,,,,,,,,,,18189,0.06761045008897781
,,,10,,,,,,,,,,,,,,,,,,,,,,,,,,,,,18199,0.020892253145575523
,,,10,,,,,,,,,,,,,,,,,,,,,,,,,,,,,18209,0.01741725392639637
,,,10,,,,,,,,,,,,,,,,,,,,,,,,,,,,,18219,0.03184466436505318
,,,10,,,,,,,,,,,,,,,,,,,,,,,,,,,,,18229,0.008983188308775425
,,,10,,,,,,,,,,,,,,,,,,,,,,,,,,,,,18239,0.10554920881986618
,,,10,,,,,,,,,,,,,,,,,,,,,,,,,,,,,18249,0.08549654483795166
,,,10,,,,,,,,,,,,,,,,,,,,,,,,,,,,,18259,0.43579065799713135
,,,10,,,,,,,,,,,,,,,,,,,,,,,,,,,,,18269,0.004880133550614119
,,,10,,,,,,,,,,,,,,,,,,,,,,,,,,,,,18279,0.010272917337715626
,,,,5.442131952867944e-07,3.0487066715411608e-06,4.69031795621717e-06,4.69031795621717e-06,7.215873778795645e-06,7.215873778795645e-06,1.1101344275070223e-05,1.1101344275070223e-05,1.7078991192415727e-05,1.7078991192415727e-05,2.6275371065254964e-05,5.442131952867944e-07,2.6275371065254964e-05,4.042364779269994e-05,4.042364779269994e-05,6.219022737338454e-05,6.219022737338454e-05,9.567727288213005e-05,9.567727288213005e-05,9.567727288213005e-05,9.567727288213005e-05,8.372510696719912e-07,8.372510696719912e-07,1.2880785687261406e-06,1.2880785687261406e-06,1.9816593365017543e-06,1.9816593365017543e-06,3.0487066715411608e-06,18282,
,,,11,,,,,,,,,,,,,,,,,,,,,,,,,,,,,18289,0.14454208314418793
,,,11,,,,,,,,,,,,,,,,,,,,,,,,,,,,,18299,0.009563945233821869
,,,11,,,,,,,,,,,,,,,,,,,,,,,,,,,,,18309,0.02145545557141304
,,,11,,,,,,,,,,,,,,,,,,,,,,,,,,,,,18319,0.3288167715072632
,,,11,,,,,,,,,,,,,,,,,,,,,,,,,,,,,18329,0.03660847246646881
,,,11,,,,,,,,,,,,,,,,,,,,,,,,,,,,,18339,0.11955675482749939
,,,11,,,,,,,,,,,,,,,,,,,,,,,,,,,,,18349,0.0031139005441218615
,,,11,,,,,,,,,,,,,,,,,,,,,,,,,,,,,18359,0.3057595491409302
,,,11,,,,,,,,,,,,,,,,,,,,,,,,,,,,,18369,0.01220722310245037
,,,11,,,,,,,,,,,,,,,,,,,,,,,,,,,,,18379,0.15929707884788513
,,,11,,,,,,,,,,,,,,,,,,,,,,,,,,,,,18389,0.008306334726512432
,,,11,,,,,,,,,,,,,,,,,,,,,,,,,,,,,18399,0.023419005796313286
,,,11,,,,,,,,,,,,,,,,,,,,,,,,,,,,,18409,0.05554329976439476
,,,11,,,,,,,,,,,,,,,,,,,,,,,,,,,,,18419,0.003207074711099267
,,,11,,,,,,,,,,,,,,,,,,,,,,,,,,,,,18429,0.15338775515556335
,,,11,,,,,,,,,,,,,,,,,,,,,,,,,,,,,18439,0.002171953208744526
,,,11,,,,,,,,,,,,,,,,,,,,,,,,,,,,,18449,0.0017426066333428025
,,,11,,,,,,,,,,,,,,,,,,,,,,,,,,,,,18459,0.00328141450881958
,,,11,,,,,,,,,,,,,,,,,,,,,,,,,,,,,18469,0.03274283930659294
,,,11,,,,,,,,,,,,,,,,,,,,,,,,,,,,,18479,0.0072937821969389915
,,,11,,,,,,,,,,,,,,,,,,,,,,,,,,,,,18489,0.01024666428565979
,,,11,,,,,,,,,,,,,,,,,,,,,,,,,,,,,18499,0.002968324115499854
,,,11,,,,,,,,,,,,,,,,,,,,,,,,,,,,,18509,0.002512098755687475
,,,11,,,,,,,,,,,,,,,,,,,,,,,,,,,,,18519,0.07354743778705597
,,,11,,,,,,,,,,,,,,,,,,,,,,,,,,,,,18529,0.008757445029914379
,,,11,,,,,,,,,,,,,,,,,,,,,,,,,,,,,18539,0.0022916083689779043
,,,11,,,,,,,,,,,,,,,,,,,,,,,,,,,,,18549,0.004726846236735582
,,,11,,,,,,,,,,,,,,,,,,,,,,,,,,,,,18559,0.06967072188854218
,,,11,,,,,,,,,,,,,,,,,,,,,,,,,,,,,18569,0.06430596113204956
,,,11,,,,,,,,,,,,,,,,,,,,,,,,,,,,,18579,0.0029886839911341667
,,,11,,,,,,,,,,,,,,,,,,,,,,,,,,,,,18589,0.0019329391652718186
,,,11,,,,,,,,,,,,,,,,,,,,,,,,,,,,,18599,0.00218278169631958
,,,11,,,,,,,,,,,,,,,,,,,,,,,,,,,,,18609,0.004122765269130468
,,,11,,,,,,,,,,,,,,,,,,,,,,,,,,,,,18619,0.003126982832327485
,,,11,,,,,,,,,,,,,,,,,,,,,,,,,,,,,18629,0.007043376564979553
,,,11,,,,,,,,,,,,,,,,,,,,,,,,,,,,,18639,0.07513220608234406
,,,11,,,,,,,,,,,,,,,,,,,,,,,,,,,,,18649,0.4119294285774231
,,,11,,,,,,,,,,,,,,,,,,,,,,,,,,,,,18659,0.0076470645144581795
,,,11,,,,,,,,,,,,,,,,,,,,,,,,,,,,,18669,0.003963983152061701
,,,11,,,,,,,,,,,,,,,,,,,,,,,,,,,,,18679,0.00873674638569355
,,,11,,,,,,,,,,,,,,,,,,,,,,,,,,,,,18689,0.015810998156666756
,,,11,,,,,,,,,,,,,,,,,,,,,,,,,,,,,18699,0.008392578922212124
,,,11,,,,,,,,,,,,,,,,,,,,,,,,,,,,,18709,0.0057006049901247025
,,,11,,,,,,,,,,,,,,,,,,,,,,,,,,,,,18719,0.0030352137982845306
,,,11,,,,,,,,,,,,,,,,,,,,,,,,,,,,,18729,0.06409548968076706
,,,11,,,,,,,,,,,,,,,,,,,,,,,,,,,,,18739,0.18562115728855133
,,,11,,,,,,,,,,,,,,,,,,,,,,,,,,,,,18749,0.004061261657625437
,,,11,,,,,,,,,,,,,,,,,,,,,,,,,,,,,18759,0.0059269387274980545
,,,11,,,,,,,,,,,,,,,,,,,,,,,,,,,,,18769,0.24845841526985168
,,,11,,,,,,,,,,,,,,,,,,,,,,,,,,,,,18779,0.00933879241347313
,,,11,,,,,,,,,,,,,,,,,,,,,,,,,,,,,18789,0.035592593252658844
,,,11,,,,,,,,,,,,,,,,,,,,,,,,,,,,,18799,1.0577951669692993
,,,11,,,,,,,,,,,,,,,,,,,,,,,,,,,,,18809,0.024182595312595367
,,,11,,,,,,,,,,,,,,,,,,,,,,,,,,,,,18819,0.012644514441490173
,,,11,,,,,,,,,,,,,,,,,,,,,,,,,,,,,18829,0.0037763305008411407
,,,11,,,,,,,,,,,,,,,,,,,,,,,,,,,,,18839,0.7956505417823792
,,,11,,,,,,,,,,,,,,,,,,,,,,,,,,,,,18849,0.014801142737269402
,,,11,,,,,,,,,,,,,,,,,,,,,,,,,,,,,18859,0.0067793442867696285
,,,11,,,,,,,,,,,,,,,,,,,,,,,,,,,,,18869,0.08743146061897278
,,,11,,,,,,,,,,,,,,,,,,,,,,,,,,,,,18879,0.5061773061752319
,,,11,,,,,,,,,,,,,,,,,,,,,,,,,,,,,18889,0.004295664373785257
,,,11,,,,,,,,,,,,,,,,,,,,,,,,,,,,,18899,0.19550156593322754
,,,11,,,,,,,,,,,,,,,,,,,,,,,,,,,,,18909,0.0019690613262355328
,,,11,,,,,,,,,,,,,,,,,,,,,,,,,,,,,18919,0.13815592229366302
,,,11,,,,,,,,,,,,,,,,,,,,,,,,,,,,,18929,0.03699292242527008
,,,11,,,,,,,,,,,,,,,,,,,,,,,,,,,,,18939,0.01318330317735672
,,,11,,,,,,,,,,,,,,,,,,,,,,,,,,,,,18949,0.0019311608048155904
,,,11,,,,,,,,,,,,,,,,,,,,,,,,,,,,,18959,0.0026276770513504744
,,,11,,,,,,,,,,,,,,,,,,,,,,,,,,,,,18969,0.0030607429798692465
,,,11,,,,,,,,,,,,,,,,,,,,,,,,,,,,,18979,0.0045307837426662445
,,,11,,,,,,,,,,,,,,,,,,,,,,,,,,,,,18989,0.003354787826538086
,,,11,,,,,,,,,,,,,,,,,,,,,,,,,,,,,18999,0.010683649219572544
,,,11,,,,,,,,,,,,,,,,,,,,,,,,,,,,,19009,0.04110689461231232
,,,11,,,,,,,,,,,,,,,,,,,,,,,,,,,,,19019,0.3732247054576874
,,,11,,,,,,,,,,,,,,,,,,,,,,,,,,,,,19029,0.004969214554876089
,,,11,,,,,,,,,,,,,,,,,,,,,,,,,,,,,19039,0.23742882907390594
,,,11,,,,,,,,,,,,,,,,,,,,,,,,,,,,,19049,3.2563652992248535
,,,11,,,,,,,,,,,,,,,,,,,,,,,,,,,,,19059,0.04417667165398598
,,,11,,,,,,,,,,,,,,,,,,,,,,,,,,,,,19069,0.009862310253083706
,,,11,,,,,,,,,,,,,,,,,,,,,,,,,,,,,19079,0.0043758125975728035
,,,11,,,,,,,,,,,,,,,,,,,,,,,,,,,,,19089,1.0142303705215454
,,,11,,,,,,,,,,,,,,,,,,,,,,,,,,,,,19099,0.01352433580905199
,,,11,,,,,,,,,,,,,,,,,,,,,,,,,,,,,19109,0.29226407408714294
,,,11,,,,,,,,,,,,,,,,,,,,,,,,,,,,,19119,0.0023005723487585783
,,,11,,,,,,,,,,,,,,,,,,,,,,,,,,,,,19129,0.4336121082305908
,,,11,,,,,,,,,,,,,,,,,,,,,,,,,,,,,19139,0.028243690729141235
,,,11,,,,,,,,,,,,,,,,,,,,,,,,,,,,,19149,0.007927980273962021
,,,11,,,,,,,,,,,,,,,,,,,,,,,,,,,,,19159,0.5659430623054504
,,,11,,,,,,,,,,,,,,,,,,,,,,,,,,,,,19169,0.2966061532497406
,,,11,,,,,,,,,,,,,,,,,,,,,,,,,,,,,19179,0.5696186423301697
,,,11,,,,,,,,,,,,,,,,,,,,,,,,,,,,,19189,0.04556519538164139
,,,11,,,,,,,,,,,,,,,,,,,,,,,,,,,,,19199,0.02419719472527504
,,,11,,,,,,,,,,,,,,,,,,,,,,,,,,,,,19209,0.4774615168571472
,,,11,,,,,,,,,,,,,,,,,,,,,,,,,,,,,19219,0.0032051773741841316
,,,11,,,,,,,,,,,,,,,,,,,,,,,,,,,,,19229,0.008375067263841629
,,,11,,,,,,,,,,,,,,,,,,,,,,,,,,,,,19239,0.010098542086780071
,,,11,,,,,,,,,,,,,,,,,,,,,,,,,,,,,19249,0.016175851225852966
,,,11,,,,,,,,,,,,,,,,,,,,,,,,,,,,,19259,0.02024044841527939
,,,11,,,,,,,,,,,,,,,,,,,,,,,,,,,,,19269,0.31193578243255615
,,,11,,,,,,,,,,,,,,,,,,,,,,,,,,,,,19279,0.006453063804656267
,,,11,,,,,,,,,,,,,,,,,,,,,,,,,,,,,19289,0.8472631573677063
,,,11,,,,,,,,,,,,,,,,,,,,,,,,,,,,,19299,0.00895182229578495
,,,11,,,,,,,,,,,,,,,,,,,,,,,,,,,,,19309,0.005938494578003883
,,,11,,,,,,,,,,,,,,,,,,,,,,,,,,,,,19319,0.006118960212916136
,,,11,,,,,,,,,,,,,,,,,,,,,,,,,,,,,19329,0.09357991069555283
,,,11,,,,,,,,,,,,,,,,,,,,,,,,,,,,,19339,0.009702648967504501
,,,11,,,,,,,,,,,,,,,,,,,,,,,,,,,,,19349,0.10526184737682343
,,,11,,,,,,,,,,,,,,,,,,,,,,,,,,,,,19359,0.0035634231753647327
,,,11,,,,,,,,,,,,,,,,,,,,,,,,,,,,,19369,0.0499206967651844
,,,11,,,,,,,,,,,,,,,,,,,,,,,,,,,,,19379,0.003613697364926338
,,,11,,,,,,,,,,,,,,,,,,,,,,,,,,,,,19389,0.12469635158777237
,,,11,,,,,,,,,,,,,,,,,,,,,,,,,,,,,19399,0.010167913511395454
,,,11,,,,,,,,,,,,,,,,,,,,,,,,,,,,,19409,0.004067849367856979
,,,11,,,,,,,,,,,,,,,,,,,,,,,,,,,,,19419,0.025445405393838882
,,,11,,,,,,,,,,,,,,,,,,,,,,,,,,,,,19429,0.01048193033784628
,,,11,,,,,,,,,,,,,,,,,,,,,,,,,,,,,19439,0.0033779956866055727
,,,11,,,,,,,,,,,,,,,,,,,,,,,,,,,,,19449,1.0844277143478394
,,,11,,,,,,,,,,,,,,,,,,,,,,,,,,,,,19459,0.003974401392042637
,,,11,,,,,,,,,,,,,,,,,,,,,,,,,,,,,19469,0.0038168940227478743
,,,11,,,,,,,,,,,,,,,,,,,,,,,,,,,,,19479,0.34507596492767334
,,,11,,,,,,,,,,,,,,,,,,,,,,,,,,,,,19489,0.0026773663703352213
,,,11,,,,,,,,,,,,,,,,,,,,,,,,,,,,,19499,0.2357945442199707
,,,11,,,,,,,,,,,,,,,,,,,,,,,,,,,,,19509,0.00458456901833415
,,,11,,,,,,,,,,,,,,,,,,,,,,,,,,,,,19519,0.004229595884680748
,,,11,,,,,,,,,,,,,,,,,,,,,,,,,,,,,19529,0.005751622375100851
,,,11,,,,,,,,,,,,,,,,,,,,,,,,,,,,,19539,1.283416986465454
,,,11,,,,,,,,,,,,,,,,,,,,,,,,,,,,,19549,0.003360625822097063
,,,11,,,,,,,,,,,,,,,,,,,,,,,,,,,,,19559,0.09856214374303818
,,,11,,,,,,,,,,,,,,,,,,,,,,,,,,,,,19569,0.2781355381011963
,,,11,,,,,,,,,,,,,,,,,,,,,,,,,,,,,19579,0.01822577975690365
,,,11,,,,,,,,,,,,,,,,,,,,,,,,,,,,,19589,0.0190163254737854
,,,11,,,,,,,,,,,,,,,,,,,,,,,,,,,,,19599,0.2568058669567108
,,,11,,,,,,,,,,,,,,,,,,,,,,,,,,,,,19609,0.15403418242931366
,,,11,,,,,,,,,,,,,,,,,,,,,,,,,,,,,19619,0.011506820097565651
,,,11,,,,,,,,,,,,,,,,,,,,,,,,,,,,,19629,0.051501162350177765
,,,11,,,,,,,,,,,,,,,,,,,,,,,,,,,,,19639,0.002089014509692788
,,,11,,,,,,,,,,,,,,,,,,,,,,,,,,,,,19649,0.276641309261322
,,,11,,,,,,,,,,,,,,,,,,,,,,,,,,,,,19659,0.11594638973474503
,,,11,,,,,,,,,,,,,,,,,,,,,,,,,,,,,19669,0.0020862265955656767
,,,11,,,,,,,,,,,,,,,,,,,,,,,,,,,,,19679,0.0008345295209437609
,,,11,,,,,,,,,,,,,,,,,,,,,,,,,,,,,19689,0.051009535789489746
,,,11,,,,,,,,,,,,,,,,,,,,,,,,,,,,,19699,0.013741739094257355
,,,11,,,,,,,,,,,,,,,,,,,,,,,,,,,,,19709,0.016506267711520195
,,,11,,,,,,,,,,,,,,,,,,,,,,,,,,,,,19719,0.34076762199401855
,,,11,,,,,,,,,,,,,,,,,,,,,,,,,,,,,19729,0.035290010273456573
,,,11,,,,,,,,,,,,,,,,,,,,,,,,,,,,,19739,0.3551734387874603
,,,11,,,,,,,,,,,,,,,,,,,,,,,,,,,,,19749,0.00892343558371067
,,,11,,,,,,,,,,,,,,,,,,,,,,,,,,,,,19759,0.0032338318414986134
,,,11,,,,,,,,,,,,,,,,,,,,,,,,,,,,,19769,0.007012029644101858
,,,11,,,,,,,,,,,,,,,,,,,,,,,,,,,,,19779,0.6657194495201111
,,,11,,,,,,,,,,,,,,,,,,,,,,,,,,,,,19789,0.005428654607385397
,,,11,,,,,,,,,,,,,,,,,,,,,,,,,,,,,19799,0.9967182278633118
,,,11,,,,,,,,,,,,,,,,,,,,,,,,,,,,,19809,0.017661770805716515
,,,11,,,,,,,,,,,,,,,,,,,,,,,,,,,,,19819,0.002154355635866523
,,,11,,,,,,,,,,,,,,,,,,,,,,,,,,,,,19829,0.0042623174376785755
,,,11,,,,,,,,,,,,,,,,,,,,,,,,,,,,,19839,0.006831029430031776
,,,11,,,,,,,,,,,,,,,,,,,,,,,,,,,,,19849,0.005717490334063768
,,,11,,,,,,,,,,,,,,,,,,,,,,,,,,,,,19859,0.04075337573885918
,,,11,,,,,,,,,,,,,,,,,,,,,,,,,,,,,19869,0.011916561983525753
,,,11,,,,,,,,,,,,,,,,,,,,,,,,,,,,,19879,0.0032848764676600695
,,,11,,,,,,,,,,,,,,,,,,,,,,,,,,,,,19889,0.004676827695220709
,,,11,,,,,,,,,,,,,,,,,,,,,,,,,,,,,19899,0.004123650025576353
,,,11,,,,,,,,,,,,,,,,,,,,,,,,,,,,,19909,0.0038707726635038853
,,,11,,,,,,,,,,,,,,,,,,,,,,,,,,,,,19919,0.5227779746055603
,,,11,,,,,,,,,,,,,,,,,,,,,,,,,,,,,19929,0.09313400834798813
,,,11,,,,,,,,,,,,,,,,,,,,,,,,,,,,,19939,0.015310367569327354
,,,,5.355111486767334e-07,2.999957417046929e-06,4.615319103149121e-06,4.615319103149121e-06,7.100490927921724e-06,7.100490927921724e-06,1.0923832196802652e-05,1.0923832196802652e-05,1.6805895687388695e-05,1.6805895687388695e-05,2.5855224134444144e-05,5.355111486767334e-07,2.5855224134444144e-05,3.977726789914484e-05,3.977726789914484e-05,6.119579676791514e-05,6.119579676791514e-05,9.414737964294636e-05,9.414737964294636e-05,9.414737964294636e-05,9.414737964294636e-05,8.238633056565128e-07,8.238633056565128e-07,1.2674820087023274e-06,1.2674820087023274e-06,1.9499723210805035e-06,1.9499723210805035e-06,2.999957417046929e-06,19944,
,,,12,,,,,,,,,,,,,,,,,,,,,,,,,,,,,19949,0.0018612947314977646
,,,12,,,,,,,,,,,,,,,,,,,,,,,,,,,,,19959,0.003826920408755541
,,,12,,,,,,,,,,,,,,,,,,,,,,,,,,,,,19969,0.4618929624557495
,,,12,,,,,,,,,,,,,,,,,,,,,,,,,,,,,19979,0.002297798404470086
,,,12,,,,,,,,,,,,,,,,,,,,,,,,,,,,,19989,0.002113114343956113
,,,12,,,,,,,,,,,,,,,,,,,,,,,,,,,,,19999,0.06486643850803375
,,,12,,,,,,,,,,,,,,,,,,,,,,,,,,,,,20009,0.2621408998966217
,,,12,,,,,,,,,,,,,,,,,,,,,,,,,,,,,20019,0.38808974623680115
,,,12,,,,,,,,,,,,,,,,,,,,,,,,,,,,,20029,0.26284995675086975
,,,12,,,,,,,,,,,,,,,,,,,,,,,,,,,,,20039,1.6050740480422974
,,,12,,,,,,,,,,,,,,,,,,,,,,,,,,,,,20049,0.1948174387216568
,,,12,,,,,,,,,,,,,,,,,,,,,,,,,,,,,20059,0.003704496892169118
,,,12,,,,,,,,,,,,,,,,,,,,,,,,,,,,,20069,0.057635027915239334
,,,12,,,,,,,,,,,,,,,,,,,,,,,,,,,,,20079,0.002833935897797346
,,,12,,,,,,,,,,,,,,,,,,,,,,,,,,,,,20089,0.16333845257759094
,,,12,,,,,,,,,,,,,,,,,,,,,,,,,,,,,20099,0.45285987854003906
,,,12,,,,,,,,,,,,,,,,,,,,,,,,,,,,,20109,0.41735732555389404
,,,12,,,,,,,,,,,,,,,,,,,,,,,,,,,,,20119,0.0045152390375733376
,,,12,,,,,,,,,,,,,,,,,,,,,,,,,,,,,20129,0.006256709806621075
,,,12,,,,,,,,,,,,,,,,,,,,,,,,,,,,,20139,0.0028554617892950773
,,,12,,,,,,,,,,,,,,,,,,,,,,,,,,,,,20149,0.08991377800703049
,,,12,,,,,,,,,,,,,,,,,,,,,,,,,,,,,20159,0.005681815091520548
,,,12,,,,,,,,,,,,,,,,,,,,,,,,,,,,,20169,0.004344280809164047
,,,12,,,,,,,,,,,,,,,,,,,,,,,,,,,,,20179,0.964516282081604
,,,12,,,,,,,,,,,,,,,,,,,,,,,,,,,,,20189,0.0051999809220433235
,,,12,,,,,,,,,,,,,,,,,,,,,,,,,,,,,20199,0.005698086693882942
,,,12,,,,,,,,,,,,,,,,,,,,,,,,,,,,,20209,0.0036575649864971638
,,,12,,,,,,,,,,,,,,,,,,,,,,,,,,,,,20219,0.001414789236150682
,,,12,,,,,,,,,,,,,,,,,,,,,,,,,,,,,20229,0.19810102880001068
,,,12,,,,,,,,,,,,,,,,,,,,,,,,,,,,,20239,0.0027916000690311193
,,,12,,,,,,,,,,,,,,,,,,,,,,,,,,,,,20249,0.014784526079893112
,,,12,,,,,,,,,,,,,,,,,,,,,,,,,,,,,20259,0.04925776273012161
,,,12,,,,,,,,,,,,,,,,,,,,,,,,,,,,,20269,0.008482114411890507
,,,12,,,,,,,,,,,,,,,,,,,,,,,,,,,,,20279,0.8768805861473083
,,,12,,,,,,,,,,,,,,,,,,,,,,,,,,,,,20289,0.003263813443481922
,,,12,,,,,,,,,,,,,,,,,,,,,,,,,,,,,20299,0.27463480830192566
,,,12,,,,,,,,,,,,,,,,,,,,,,,,,,,,,20309,0.003277598647400737
,,,12,,,,,,,,,,,,,,,,,,,,,,,,,,,,,20319,0.003805886721238494
,,,12,,,,,,,,,,,,,,,,,,,,,,,,,,,,,20329,0.0025742200668901205
,,,12,,,,,,,,,,,,,,,,,,,,,,,,,,,,,20339,0.012844191864132881
,,,12,,,,,,,,,,,,,,,,,,,,,,,,,,,,,20349,0.018661929294466972
,,,12,,,,,,,,,,,,,,,,,,,,,,,,,,,,,20359,0.05039741471409798
,,,12,,,,,,,,,,,,,,,,,,,,,,,,,,,,,20369,0.00857625249773264
,,,12,,,,,,,,,,,,,,,,,,,,,,,,,,,,,20379,0.009646793827414513
,,,12,,,,,,,,,,,,,,,,,,,,,,,,,,,,,20389,0.0019905760418623686
,,,12,,,,,,,,,,,,,,,,,,,,,,,,,,,,,20399,0.003343915333971381
,,,12,,,,,,,,,,,,,,,,,,,,,,,,,,,,,20409,0.3977771997451782
,,,12,,,,,,,,,,,,,,,,,,,,,,,,,,,,,20419,0.011856051161885262
,,,12,,,,,,,,,,,,,,,,,,,,,,,,,,,,,20429,0.39559608697891235
,,,12,,,,,,,,,,,,,,,,,,,,,,,,,,,,,20439,0.006674335338175297
,,,12,,,,,,,,,,,,,,,,,,,,,,,,,,,,,20449,0.007282706443220377
,,,12,,,,,,,,,,,,,,,,,,,,,,,,,,,,,20459,0.07604021579027176
,,,12,,,,,,,,,,,,,,,,,,,,,,,,,,,,,20469,0.32419219613075256
,,,12,,,,,,,,,,,,,,,,,,,,,,,,,,,,,20479,0.061832308769226074
,,,12,,,,,,,,,,,,,,,,,,,,,,,,,,,,,20489,0.012694821693003178
,,,12,,,,,,,,,,,,,,,,,,,,,,,,,,,,,20499,0.005414783954620361
,,,12,,,,,,,,,,,,,,,,,,,,,,,,,,,,,20509,0.07813974469900131
,,,12,,,,,,,,,,,,,,,,,,,,,,,,,,,,,20519,0.023001613095402718
,,,12,,,,,,,,,,,,,,,,,,,,,,,,,,,,,20529,0.00491997878998518
,,,12,,,,,,,,,,,,,,,,,,,,,,,,,,,,,20539,0.005901486147195101
,,,12,,,,,,,,,,,,,,,,,,,,,,,,,,,,,20549,0.006450081709772348
,,,12,,,,,,,,,,,,,,,,,,,,,,,,,,,,,20559,0.003211857983842492
,,,12,,,,,,,,,,,,,,,,,,,,,,,,,,,,,20569,0.045247238129377365
,,,12,,,,,,,,,,,,,,,,,,,,,,,,,,,,,20579,0.012619532644748688
,,,12,,,,,,,,,,,,,,,,,,,,,,,,,,,,,20589,0.006026445887982845
,,,12,,,,,,,,,,,,,,,,,,,,,,,,,,,,,20599,0.060186196118593216
,,,12,,,,,,,,,,,,,,,,,,,,,,,,,,,,,20609,0.013146772980690002
,,,12,,,,,,,,,,,,,,,,,,,,,,,,,,,,,20619,0.11470361053943634
,,,12,,,,,,,,,,,,,,,,,,,,,,,,,,,,,20629,0.05538790300488472
,,,12,,,,,,,,,,,,,,,,,,,,,,,,,,,,,20639,0.002881279680877924
,,,12,,,,,,,,,,,,,,,,,,,,,,,,,,,,,20649,0.022009771317243576
,,,12,,,,,,,,,,,,,,,,,,,,,,,,,,,,,20659,0.004422025289386511
,,,12,,,,,,,,,,,,,,,,,,,,,,,,,,,,,20669,0.0036098689306527376
,,,12,,,,,,,,,,,,,,,,,,,,,,,,,,,,,20679,0.0050581833347678185
,,,12,,,,,,,,,,,,,,,,,,,,,,,,,,,,,20689,0.005090995691716671
,,,12,,,,,,,,,,,,,,,,,,,,,,,,,,,,,20699,0.02750423178076744
,,,12,,,,,,,,,,,,,,,,,,,,,,,,,,,,,20709,0.006527874618768692
,,,12,,,,,,,,,,,,,,,,,,,,,,,,,,,,,20719,0.006499045994132757
,,,12,,,,,,,,,,,,,,,,,,,,,,,,,,,,,20729,0.7637981176376343
,,,12,,,,,,,,,,,,,,,,,,,,,,,,,,,,,20739,0.017276056110858917
,,,12,,,,,,,,,,,,,,,,,,,,,,,,,,,,,20749,0.0027571008540689945
,,,12,,,,,,,,,,,,,,,,,,,,,,,,,,,,,20759,0.7056462168693542
,,,12,,,,,,,,,,,,,,,,,,,,,,,,,,,,,20769,0.0031949130352586508
,,,12,,,,,,,,,,,,,,,,,,,,,,,,,,,,,20779,0.01827085018157959
,,,12,,,,,,,,,,,,,,,,,,,,,,,,,,,,,20789,0.013177067041397095
,,,12,,,,,,,,,,,,,,,,,,,,,,,,,,,,,20799,0.004499014001339674
,,,12,,,,,,,,,,,,,,,,,,,,,,,,,,,,,20809,0.006986452266573906
,,,12,,,,,,,,,,,,,,,,,,,,,,,,,,,,,20819,0.008614637888967991
,,,12,,,,,,,,,,,,,,,,,,,,,,,,,,,,,20829,0.014392565935850143
,,,12,,,,,,,,,,,,,,,,,,,,,,,,,,,,,20839,0.008247916586697102
,,,12,,,,,,,,,,,,,,,,,,,,,,,,,,,,,20849,0.005728956311941147
,,,12,,,,,,,,,,,,,,,,,,,,,,,,,,,,,20859,0.011610793881118298
,,,12,,,,,,,,,,,,,,,,,,,,,,,,,,,,,20869,0.004240438807755709
,,,12,,,,,,,,,,,,,,,,,,,,,,,,,,,,,20879,0.6640031337738037
,,,12,,,,,,,,,,,,,,,,,,,,,,,,,,,,,20889,0.039722032845020294
,,,12,,,,,,,,,,,,,,,,,,,,,,,,,,,,,20899,0.07629578560590744
,,,12,,,,,,,,,,,,,,,,,,,,,,,,,,,,,20909,0.002543608658015728
,,,12,,,,,,,,,,,,,,,,,,,,,,,,,,,,,20919,0.005484200082719326
,,,12,,,,,,,,,,,,,,,,,,,,,,,,,,,,,20929,0.08816759288311005
,,,12,,,,,,,,,,,,,,,,,,,,,,,,,,,,,20939,0.0038135843351483345
,,,12,,,,,,,,,,,,,,,,,,,,,,,,,,,,,20949,0.04844176024198532
,,,12,,,,,,,,,,,,,,,,,,,,,,,,,,,,,20959,0.001476501114666462
,,,12,,,,,,,,,,,,,,,,,,,,,,,,,,,,,20969,0.0012185361701995134
,,,12,,,,,,,,,,,,,,,,,,,,,,,,,,,,,20979,0.005629769526422024
,,,12,,,,,,,,,,,,,,,,,,,,,,,,,,,,,20989,0.004097006283700466
,,,12,,,,,,,,,,,,,,,,,,,,,,,,,,,,,20999,0.008465899154543877
,,,12,,,,,,,,,,,,,,,,,,,,,,,,,,,,,21009,0.22888314723968506
,,,12,,,,,,,,,,,,,,,,,,,,,,,,,,,,,21019,0.0075793080031871796
,,,12,,,,,,,,,,,,,,,,,,,,,,,,,,,,,21029,0.08872496336698532
,,,12,,,,,,,,,,,,,,,,,,,,,,,,,,,,,21039,0.0035283348988741636
,,,12,,,,,,,,,,,,,,,,,,,,,,,,,,,,,21049,0.002227986231446266
,,,12,,,,,,,,,,,,,,,,,,,,,,,,,,,,,21059,0.005450892262160778
,,,12,,,,,,,,,,,,,,,,,,,,,,,,,,,,,21069,1.1250642538070679
,,,12,,,,,,,,,,,,,,,,,,,,,,,,,,,,,21079,0.001607356360182166
,,,12,,,,,,,,,,,,,,,,,,,,,,,,,,,,,21089,0.015347580425441265
,,,12,,,,,,,,,,,,,,,,,,,,,,,,,,,,,21099,0.1978951245546341
,,,12,,,,,,,,,,,,,,,,,,,,,,,,,,,,,21109,0.7815890312194824
,,,12,,,,,,,,,,,,,,,,,,,,,,,,,,,,,21119,0.005352195352315903
,,,12,,,,,,,,,,,,,,,,,,,,,,,,,,,,,21129,0.00439677108079195
,,,12,,,,,,,,,,,,,,,,,,,,,,,,,,,,,21139,0.001052506035193801
,,,12,,,,,,,,,,,,,,,,,,,,,,,,,,,,,21149,0.00274454802274704
,,,12,,,,,,,,,,,,,,,,,,,,,,,,,,,,,21159,0.296548068523407
,,,12,,,,,,,,,,,,,,,,,,,,,,,,,,,,,21169,0.0012363286223262548
,,,12,,,,,,,,,,,,,,,,,,,,,,,,,,,,,21179,0.03588850051164627
,,,12,,,,,,,,,,,,,,,,,,,,,,,,,,,,,21189,0.00931471772491932
,,,12,,,,,,,,,,,,,,,,,,,,,,,,,,,,,21199,0.006707454565912485
,,,12,,,,,,,,,,,,,,,,,,,,,,,,,,,,,21209,0.0038490218576043844
,,,12,,,,,,,,,,,,,,,,,,,,,,,,,,,,,21219,0.007230605464428663
,,,12,,,,,,,,,,,,,,,,,,,,,,,,,,,,,21229,0.010109057649970055
,,,12,,,,,,,,,,,,,,,,,,,,,,,,,,,,,21239,0.061864223331213
,,,12,,,,,,,,,,,,,,,,,,,,,,,,,,,,,21249,0.0034964685328304768
,,,12,,,,,,,,,,,,,,,,,,,,,,,,,,,,,21259,0.005022709723562002
,,,12,,,,,,,,,,,,,,,,,,,,,,,,,,,,,21269,0.004747113678604364
,,,12,,,,,,,,,,,,,,,,,,,,,,,,,,,,,21279,0.007460860535502434
,,,12,,,,,,,,,,,,,,,,,,,,,,,,,,,,,21289,0.001545226201415062
,,,12,,,,,,,,,,,,,,,,,,,,,,,,,,,,,21299,0.006369051523506641
,,,12,,,,,,,,,,,,,,,,,,,,,,,,,,,,,21309,0.03244875371456146
,,,12,,,,,,,,,,,,,,,,,,,,,,,,,,,,,21319,0.0023982683196663857
,,,12,,,,,,,,,,,,,,,,,,,,,,,,,,,,,21329,0.06108614057302475
,,,12,,,,,,,,,,,,,,,,,,,,,,,,,,,,,21339,0.004189608618617058
,,,12,,,,,,,,,,,,,,,,,,,,,,,,,,,,,21349,0.005317277740687132
,,,12,,,,,,,,,,,,,,,,,,,,,,,,,,,,,21359,0.00870560947805643
,,,12,,,,,,,,,,,,,,,,,,,,,,,,,,,,,21369,0.004146005026996136
,,,12,,,,,,,,,,,,,,,,,,,,,,,,,,,,,21379,0.4987112581729889
,,,12,,,,,,,,,,,,,,,,,,,,,,,,,,,,,21389,1.1297317743301392
,,,12,,,,,,,,,,,,,,,,,,,,,,,,,,,,,21399,0.07530799508094788
,,,12,,,,,,,,,,,,,,,,,,,,,,,,,,,,,21409,0.009920262731611729
,,,12,,,,,,,,,,,,,,,,,,,,,,,,,,,,,21419,0.17917956411838531
,,,12,,,,,,,,,,,,,,,,,,,,,,,,,,,,,21429,0.005181475542485714
,,,12,,,,,,,,,,,,,,,,,,,,,,,,,,,,,21439,0.09269682317972183
,,,12,,,,,,,,,,,,,,,,,,,,,,,,,,,,,21449,0.03295912966132164
,,,12,,,,,,,,,,,,,,,,,,,,,,,,,,,,,21459,0.0032766617368906736
,,,12,,,,,,,,,,,,,,,,,,,,,,,,,,,,,21469,0.04762521758675575
,,,12,,,,,,,,,,,,,,,,,,,,,,,,,,,,,21479,0.006429234053939581
,,,12,,,,,,,,,,,,,,,,,,,,,,,,,,,,,21489,1.0166584253311157
,,,12,,,,,,,,,,,,,,,,,,,,,,,,,,,,,21499,0.009283391758799553
,,,12,,,,,,,,,,,,,,,,,,,,,,,,,,,,,21509,0.005593449808657169
,,,12,,,,,,,,,,,,,,,,,,,,,,,,,,,,,21519,0.0036383536644279957
,,,12,,,,,,,,,,,,,,,,,,,,,,,,,,,,,21529,0.010214279405772686
,,,12,,,,,,,,,,,,,,,,,,,,,,,,,,,,,21539,0.008721803314983845
,,,12,,,,,,,,,,,,,,,,,,,,,,,,,,,,,21549,0.0018274253234267235
,,,12,,,,,,,,,,,,,,,,,,,,,,,,,,,,,21559,0.0036687857937067747
,,,12,,,,,,,,,,,,,,,,,,,,,,,,,,,,,21569,0.1448052078485489
,,,12,,,,,,,,,,,,,,,,,,,,,,,,,,,,,21579,0.22712932527065277
,,,12,,,,,,,,,,,,,,,,,,,,,,,,,,,,,21589,0.06308647245168686
,,,12,,,,,,,,,,,,,,,,,,,,,,,,,,,,,21599,0.002641344675794244
,,,,5.255857159996507e-07,2.9443546990632016e-06,4.529776460097233e-06,4.529776460097233e-06,6.96888686168805e-06,6.96888686168805e-06,1.0721364402597e-05,1.0721364402597e-05,1.649440677322615e-05,1.649440677322615e-05,2.5376010420347926e-05,5.255857159996507e-07,2.5376010420347926e-05,3.90400160313045e-05,3.90400160313045e-05,6.006156312508385e-05,6.006156312508385e-05,9.24024048078213e-05,9.24024048078213e-05,9.24024048078213e-05,9.24024048078213e-05,8.085934092302317e-07,8.085934092302317e-07,1.2439898603542026e-06,1.2439898603542026e-06,1.913830554391081e-06,1.913830554391081e-06,2.9443546990632016e-06,21606,
,,,13,,,,,,,,,,,,,,,,,,,,,,,,,,,,,21609,0.0019611846655607224
,,,13,,,,,,,,,,,,,,,,,,,,,,,,,,,,,21619,0.002051561139523983
,,,13,,,,,,,,,,,,,,,,,,,,,,,,,,,,,21629,0.003035265952348709
,,,13,,,,,,,,,,,,,,,,,,,,,,,,,,,,,21639,0.004396602977067232
,,,13,,,,,,,,,,,,,,,,,,,,,,,,,,,,,21649,0.07391423732042313
,,,13,,,,,,,,,,,,,,,,,,,,,,,,,,,,,21659,0.003951472695916891
,,,13,,,,,,,,,,,,,,,,,,,,,,,,,,,,,21669,0.0075406478717923164
,,,13,,,,,,,,,,,,,,,,,,,,,,,,,,,,,21679,0.002477922011166811
,,,13,,,,,,,,,,,,,,,,,,,,,,,,,,,,,21689,0.0009311248431913555
,,,13,,,,,,,,,,,,,,,,,,,,,,,,,,,,,21699,0.02252507023513317
,,,13,,,,,,,,,,,,,,,,,,,,,,,,,,,,,21709,0.0110487574711442
,,,13,,,,,,,,,,,,,,,,,,,,,,,,,,,,,21719,0.003909890539944172
,,,13,,,,,,,,,,,,,,,,,,,,,,,,,,,,,21729,0.014121584594249725
,,,13,,,,,,,,,,,,,,,,,,,,,,,,,,,,,21739,0.011506371200084686
,,,13,,,,,,,,,,,,,,,,,,,,,,,,,,,,,21749,0.001469138078391552
,,,13,,,,,,,,,,,,,,,,,,,,,,,,,,,,,21759,0.005596447736024857
,,,13,,,,,,,,,,,,,,,,,,,,,,,,,,,,,21769,0.1645047962665558
,,,13,,,,,,,,,,,,,,,,,,,,,,,,,,,,,21779,0.008212197571992874
,,,13,,,,,,,,,,,,,,,,,,,,,,,,,,,,,21789,0.009178193286061287
,,,13,,,,,,,,,,,,,,,,,,,,,,,,,,,,,21799,0.007141494192183018
,,,13,,,,,,,,,,,,,,,,,,,,,,,,,,,,,21809,0.011462836526334286
,,,13,,,,,,,,,,,,,,,,,,,,,,,,,,,,,21819,0.007505337707698345
,,,13,,,,,,,,,,,,,,,,,,,,,,,,,,,,,21829,0.013740528374910355
,,,13,,,,,,,,,,,,,,,,,,,,,,,,,,,,,21839,0.00209127482958138
,,,13,,,,,,,,,,,,,,,,,,,,,,,,,,,,,21849,0.004848022945225239
,,,13,,,,,,,,,,,,,,,,,,,,,,,,,,,,,21859,0.004143234342336655
,,,13,,,,,,,,,,,,,,,,,,,,,,,,,,,,,21869,0.1144164651632309
,,,13,,,,,,,,,,,,,,,,,,,,,,,,,,,,,21879,0.026461942121386528
,,,13,,,,,,,,,,,,,,,,,,,,,,,,,,,,,21889,0.0028667855076491833
,,,13,,,,,,,,,,,,,,,,,,,,,,,,,,,,,21899,0.16908195614814758
,,,13,,,,,,,,,,,,,,,,,,,,,,,,,,,,,21909,0.0018755296478047967
,,,13,,,,,,,,,,,,,,,,,,,,,,,,,,,,,21919,0.19194355607032776
,,,13,,,,,,,,,,,,,,,,,,,,,,,,,,,,,21929,1.031276822090149
,,,13,,,,,,,,,,,,,,,,,,,,,,,,,,,,,21939,0.09542068839073181
,,,13,,,,,,,,,,,,,,,,,,,,,,,,,,,,,21949,0.0029452817980200052
,,,13,,,,,,,,,,,,,,,,,,,,,,,,,,,,,21959,0.009902353398501873
,,,13,,,,,,,,,,,,,,,,,,,,,,,,,,,,,21969,0.017802149057388306
,,,13,,,,,,,,,,,,,,,,,,,,,,,,,,,,,21979,0.06829552352428436
,,,13,,,,,,,,,,,,,,,,,,,,,,,,,,,,,21989,0.7105863094329834
,,,13,,,,,,,,,,,,,,,,,,,,,,,,,,,,,21999,0.003816485870629549
,,,13,,,,,,,,,,,,,,,,,,,,,,,,,,,,,22009,0.011856834404170513
,,,13,,,,,,,,,,,,,,,,,,,,,,,,,,,,,22019,0.004460793454200029
,,,13,,,,,,,,,,,,,,,,,,,,,,,,,,,,,22029,0.011974090710282326
,,,13,,,,,,,,,,,,,,,,,,,,,,,,,,,,,22039,0.5069785118103027
,,,13,,,,,,,,,,,,,,,,,,,,,,,,,,,,,22049,0.00979577749967575
,,,13,,,,,,,,,,,,,,,,,,,,,,,,,,,,,22059,0.007901964709162712
,,,13,,,,,,,,,,,,,,,,,,,,,,,,,,,,,22069,0.07130107283592224
,,,13,,,,,,,,,,,,,,,,,,,,,,,,,,,,,22079,0.016581088304519653
,,,13,,,,,,,,,,,,,,,,,,,,,,,,,,,,,22089,0.1251506805419922
,,,13,,,,,,,,,,,,,,,,,,,,,,,,,,,,,22099,0.0044359443709254265
,,,13,,,,,,,,,,,,,,,,,,,,,,,,,,,,,22109,0.005096591077744961
,,,13,,,,,,,,,,,,,,,,,,,,,,,,,,,,,22119,0.3213876187801361
,,,13,,,,,,,,,,,,,,,,,,,,,,,,,,,,,22129,0.0020924797281622887
,,,13,,,,,,,,,,,,,,,,,,,,,,,,,,,,,22139,0.00663753692060709
,,,13,,,,,,,,,,,,,,,,,,,,,,,,,,,,,22149,0.02738790586590767
,,,13,,,,,,,,,,,,,,,,,,,,,,,,,,,,,22159,0.010788219049572945
,,,13,,,,,,,,,,,,,,,,,,,,,,,,,,,,,22169,0.0035992416087538004
,,,13,,,,,,,,,,,,,,,,,,,,,,,,,,,,,22179,0.004537385422736406
,,,13,,,,,,,,,,,,,,,,,,,,,,,,,,,,,22189,0.001549818436615169
,,,13,,,,,,,,,,,,,,,,,,,,,,,,,,,,,22199,0.004348662681877613
,,,13,,,,,,,,,,,,,,,,,,,,,,,,,,,,,22209,0.8216091394424438
,,,13,,,,,,,,,,,,,,,,,,,,,,,,,,,,,22219,0.012344654649496078
,,,13,,,,,,,,,,,,,,,,,,,,,,,,,,,,,22229,0.00473064323887229
,,,13,,,,,,,,,,,,,,,,,,,,,,,,,,,,,22239,0.024957995861768723
,,,13,,,,,,,,,,,,,,,,,,,,,,,,,,,,,22249,0.016924945637583733
,,,13,,,,,,,,,,,,,,,,,,,,,,,,,,,,,22259,0.008923172019422054
,,,13,,,,,,,,,,,,,,,,,,,,,,,,,,,,,22269,0.03276072070002556
,,,13,,,,,,,,,,,,,,,,,,,,,,,,,,,,,22279,1.7592345476150513
,,,13,,,,,,,,,,,,,,,,,,,,,,,,,,,,,22289,1.5446983575820923
,,,13,,,,,,,,,,,,,,,,,,,,,,,,,,,,,22299,0.010533420369029045
,,,13,,,,,,,,,,,,,,,,,,,,,,,,,,,,,22309,0.003938200417906046
,,,13,,,,,,,,,,,,,,,,,,,,,,,,,,,,,22319,0.0014057172229513526
,,,13,,,,,,,,,,,,,,,,,,,,,,,,,,,,,22329,0.018877936527132988
,,,13,,,,,,,,,,,,,,,,,,,,,,,,,,,,,22339,0.002806213451549411
,,,13,,,,,,,,,,,,,,,,,,,,,,,,,,,,,22349,0.0160349253565073
,,,13,,,,,,,,,,,,,,,,,,,,,,,,,,,,,22359,0.016449572518467903
,,,13,,,,,,,,,,,,,,,,,,,,,,,,,,,,,22369,0.004688664339482784
,,,13,,,,,,,,,,,,,,,,,,,,,,,,,,,,,22379,0.0052517978474497795
,,,13,,,,,,,,,,,,,,,,,,,,,,,,,,,,,22389,0.0028585519175976515
,,,13,,,,,,,,,,,,,,,,,,,,,,,,,,,,,22399,0.0037479803431779146
,,,13,,,,,,,,,,,,,,,,,,,,,,,,,,,,,22409,0.016740478575229645
,,,13,,,,,,,,,,,,,,,,,,,,,,,,,,,,,22419,0.29492416977882385
,,,13,,,,,,,,,,,,,,,,,,,,,,,,,,,,,22429,0.016682716086506844
,,,13,,,,,,,,,,,,,,,,,,,,,,,,,,,,,22439,0.026595303788781166
,,,13,,,,,,,,,,,,,,,,,,,,,,,,,,,,,22449,0.1874612420797348
,,,13,,,,,,,,,,,,,,,,,,,,,,,,,,,,,22459,0.009456529282033443
,,,13,,,,,,,,,,,,,,,,,,,,,,,,,,,,,22469,0.005384217947721481
,,,13,,,,,,,,,,,,,,,,,,,,,,,,,,,,,22479,0.013550383038818836
,,,13,,,,,,,,,,,,,,,,,,,,,,,,,,,,,22489,0.6891049146652222
,,,13,,,,,,,,,,,,,,,,,,,,,,,,,,,,,22499,0.05537983402609825
,,,13,,,,,,,,,,,,,,,,,,,,,,,,,,,,,22509,0.0305780041962862
,,,13,,,,,,,,,,,,,,,,,,,,,,,,,,,,,22519,0.0018493806710466743
,,,13,,,,,,,,,,,,,,,,,,,,,,,,,,,,,22529,0.005059259943664074
,,,13,,,,,,,,,,,,,,,,,,,,,,,,,,,,,22539,0.268351286649704
,,,13,,,,,,,,,,,,,,,,,,,,,,,,,,,,,22549,0.0071499827317893505
,,,13,,,,,,,,,,,,,,,,,,,,,,,,,,,,,22559,0.13953064382076263
,,,13,,,,,,,,,,,,,,,,,,,,,,,,,,,,,22569,0.001442096196115017
,,,13,,,,,,,,,,,,,,,,,,,,,,,,,,,,,22579,0.003500819904729724
,,,13,,,,,,,,,,,,,,,,,,,,,,,,,,,,,22589,0.0027896526735275984
,,,13,,,,,,,,,,,,,,,,,,,,,,,,,,,,,22599,0.004182076081633568
,,,13,,,,,,,,,,,,,,,,,,,,,,,,,,,,,22609,0.04019356891512871
,,,13,,,,,,,,,,,,,,,,,,,,,,,,,,,,,22619,0.03620285168290138
,,,13,,,,,,,,,,,,,,,,,,,,,,,,,,,,,22629,0.03542441874742508
,,,13,,,,,,,,,,,,,,,,,,,,,,,,,,,,,22639,0.5218141078948975
,,,13,,,,,,,,,,,,,,,,,,,,,,,,,,,,,22649,0.1623031497001648
,,,13,,,,,,,,,,,,,,,,,,,,,,,,,,,,,22659,0.006813768297433853
,,,13,,,,,,,,,,,,,,,,,,,,,,,,,,,,,22669,0.0070370822213590145
,,,13,,,,,,,,,,,,,,,,,,,,,,,,,,,,,22679,0.002018884290009737
,,,13,,,,,,,,,,,,,,,,,,,,,,,,,,,,,22689,0.10082953423261642
,,,13,,,,,,,,,,,,,,,,,,,,,,,,,,,,,22699,0.11970161646604538
,,,13,,,,,,,,,,,,,,,,,,,,,,,,,,,,,22709,0.30503004789352417
,,,13,,,,,,,,,,,,,,,,,,,,,,,,,,,,,22719,0.010299620218575
,,,13,,,,,,,,,,,,,,,,,,,,,,,,,,,,,22729,0.005838254000991583
,,,13,,,,,,,,,,,,,,,,,,,,,,,,,,,,,22739,0.012069214135408401
,,,13,,,,,,,,,,,,,,,,,,,,,,,,,,,,,22749,0.012878145091235638
,,,13,,,,,,,,,,,,,,,,,,,,,,,,,,,,,22759,0.0041016885079443455
,,,13,,,,,,,,,,,,,,,,,,,,,,,,,,,,,22769,1.951689600944519
,,,13,,,,,,,,,,,,,,,,,,,,,,,,,,,,,22779,0.001494726282544434
,,,13,,,,,,,,,,,,,,,,,,,,,,,,,,,,,22789,0.3904115855693817
,,,13,,,,,,,,,,,,,,,,,,,,,,,,,,,,,22799,0.003192003583535552
,,,13,,,,,,,,,,,,,,,,,,,,,,,,,,,,,22809,0.016066499054431915
,,,13,,,,,,,,,,,,,,,,,,,,,,,,,,,,,22819,0.017656870186328888
,,,13,,,,,,,,,,,,,,,,,,,,,,,,,,,,,22829,0.005510873626917601
,,,13,,,,,,,,,,,,,,,,,,,,,,,,,,,,,22839,0.005647109355777502
,,,13,,,,,,,,,,,,,,,,,,,,,,,,,,,,,22849,0.001210145652294159
,,,13,,,,,,,,,,,,,,,,,,,,,,,,,,,,,22859,1.006614089012146
,,,13,,,,,,,,,,,,,,,,,,,,,,,,,,,,,22869,0.35907110571861267
,,,13,,,,,,,,,,,,,,,,,,,,,,,,,,,,,22879,0.008950631134212017
,,,13,,,,,,,,,,,,,,,,,,,,,,,,,,,,,22889,0.030005544424057007
,,,13,,,,,,,,,,,,,,,,,,,,,,,,,,,,,22899,0.005502177402377129
,,,13,,,,,,,,,,,,,,,,,,,,,,,,,,,,,22909,0.01370968297123909
,,,13,,,,,,,,,,,,,,,,,,,,,,,,,,,,,22919,0.006467999424785376
,,,13,,,,,,,,,,,,,,,,,,,,,,,,,,,,,22929,0.01031874306499958
,,,13,,,,,,,,,,,,,,,,,,,,,,,,,,,,,22939,0.010997766628861427
,,,13,,,,,,,,,,,,,,,,,,,,,,,,,,,,,22949,0.00815906934440136
,,,13,,,,,,,,,,,,,,,,,,,,,,,,,,,,,22959,0.002975473878905177
,,,13,,,,,,,,,,,,,,,,,,,,,,,,,,,,,22969,0.014103828929364681
,,,13,,,,,,,,,,,,,,,,,,,,,,,,,,,,,22979,0.3640746474266052
,,,13,,,,,,,,,,,,,,,,,,,,,,,,,,,,,22989,0.004403817001730204
,,,13,,,,,,,,,,,,,,,,,,,,,,,,,,,,,22999,0.005194100085645914
,,,13,,,,,,,,,,,,,,,,,,,,,,,,,,,,,23009,0.0026945096906274557
,,,13,,,,,,,,,,,,,,,,,,,,,,,,,,,,,23019,0.012152372859418392
,,,13,,,,,,,,,,,,,,,,,,,,,,,,,,,,,23029,0.004550802521407604
,,,13,,,,,,,,,,,,,,,,,,,,,,,,,,,,,23039,0.006646862253546715
,,,13,,,,,,,,,,,,,,,,,,,,,,,,,,,,,23049,0.01830625906586647
,,,13,,,,,,,,,,,,,,,,,,,,,,,,,,,,,23059,0.46993908286094666
,,,13,,,,,,,,,,,,,,,,,,,,,,,,,,,,,23069,0.003535218071192503
,,,13,,,,,,,,,,,,,,,,,,,,,,,,,,,,,23079,0.011475876905024052
,,,13,,,,,,,,,,,,,,,,,,,,,,,,,,,,,23089,0.003350786631926894
,,,13,,,,,,,,,,,,,,,,,,,,,,,,,,,,,23099,0.0029494822956621647
,,,13,,,,,,,,,,,,,,,,,,,,,,,,,,,,,23109,0.0021329266019165516
,,,13,,,,,,,,,,,,,,,,,,,,,,,,,,,,,23119,0.02832154743373394
,,,13,,,,,,,,,,,,,,,,,,,,,,,,,,,,,23129,0.006422499660402536
,,,13,,,,,,,,,,,,,,,,,,,,,,,,,,,,,23139,0.07280592620372772
,,,13,,,,,,,,,,,,,,,,,,,,,,,,,,,,,23149,0.011799671687185764
,,,13,,,,,,,,,,,,,,,,,,,,,,,,,,,,,23159,0.006950093433260918
,,,13,,,,,,,,,,,,,,,,,,,,,,,,,,,,,23169,0.003838255302980542
,,,13,,,,,,,,,,,,,,,,,,,,,,,,,,,,,23179,0.04328116029500961
,,,13,,,,,,,,,,,,,,,,,,,,,,,,,,,,,23189,0.0013695270754396915
,,,13,,,,,,,,,,,,,,,,,,,,,,,,,,,,,23199,0.0024421417620033026
,,,13,,,,,,,,,,,,,,,,,,,,,,,,,,,,,23209,0.034170206636190414
,,,13,,,,,,,,,,,,,,,,,,,,,,,,,,,,,23219,0.3496207892894745
,,,13,,,,,,,,,,,,,,,,,,,,,,,,,,,,,23229,0.0018787485314533114
,,,13,,,,,,,,,,,,,,,,,,,,,,,,,,,,,23239,0.004315587691962719
,,,13,,,,,,,,,,,,,,,,,,,,,,,,,,,,,23249,0.16992048919200897
,,,13,,,,,,,,,,,,,,,,,,,,,,,,,,,,,23259,0.04190170764923096
,,,,5.144852529658481e-07,2.882169408442831e-06,4.43410678221974e-06,4.43410678221974e-06,6.8217027418765215e-06,6.8217027418765215e-06,1.0494927295194649e-05,1.0494927295194649e-05,1.614604199260715e-05,1.614604199260715e-05,2.4840064604011e-05,5.144852529658481e-07,2.4840064604011e-05,3.821548400617077e-05,3.821548400617077e-05,5.87930523171858e-05,5.87930523171858e-05,9.045084971874738e-05,9.045084971874738e-05,9.045084971874738e-05,9.045084971874738e-05,7.915157737936124e-07,7.915157737936124e-07,1.2177165750670961e-06,1.2177165750670961e-06,1.87341011548784e-06,1.87341011548784e-06,2.882169408442831e-06,23268,
,,,14,,,,,,,,,,,,,,,,,,,,,,,,,,,,,23269,0.17586414515972137
,,,14,,,,,,,,,,,,,,,,,,,,,,,,,,,,,23279,0.0036960532888770103
,,,14,,,,,,,,,,,,,,,,,,,,,,,,,,,,,23289,0.006195087917149067
,,,14,,,,,,,,,,,,,,,,,,,,,,,,,,,,,23299,0.008615165948867798
,,,14,,,,,,,,,,,,,,,,,,,,,,,,,,,,,23309,0.023833556100726128
,,,14,,,,,,,,,,,,,,,,,,,,,,,,,,,,,23319,0.0021647512912750244
,,,14,,,,,,,,,,,,,,,,,,,,,,,,,,,,,23329,0.6686232686042786
,,,14,,,,,,,,,,,,,,,,,,,,,,,,,,,,,23339,0.0016320146387442946
,,,14,,,,,,,,,,,,,,,,,,,,,,,,,,,,,23349,0.07134480029344559
,,,14,,,,,,,,,,,,,,,,,,,,,,,,,,,,,23359,0.06207658350467682
,,,14,,,,,,,,,,,,,,,,,,,,,,,,,,,,,23369,0.003327231854200363
,,,14,,,,,,,,,,,,,,,,,,,,,,,,,,,,,23379,0.009257772006094456
,,,14,,,,,,,,,,,,,,,,,,,,,,,,,,,,,23389,0.00543585978448391
,,,14,,,,,,,,,,,,,,,,,,,,,,,,,,,,,23399,0.01086070854216814
,,,14,,,,,,,,,,,,,,,,,,,,,,,,,,,,,23409,0.0021399634424597025
,,,14,,,,,,,,,,,,,,,,,,,,,,,,,,,,,23419,0.006807287223637104
,,,14,,,,,,,,,,,,,,,,,,,,,,,,,,,,,23429,0.0024263174273073673
,,,14,,,,,,,,,,,,,,,,,,,,,,,,,,,,,23439,0.006372036412358284
,,,14,,,,,,,,,,,,,,,,,,,,,,,,,,,,,23449,0.004933653399348259
,,,14,,,,,,,,,,,,,,,,,,,,,,,,,,,,,23459,0.003953027073293924
,,,14,,,,,,,,,,,,,,,,,,,,,,,,,,,,,23469,0.003479457926005125
,,,14,,,,,,,,,,,,,,,,,,,,,,,,,,,,,23479,0.6991717219352722
,,,14,,,,,,,,,,,,,,,,,,,,,,,,,,,,,23489,0.0034945562947541475
,,,14,,,,,,,,,,,,,,,,,,,,,,,,,,,,,23499,0.008456841111183167
,,,14,,,,,,,,,,,,,,,,,,,,,,,,,,,,,23509,0.010142440907657146
,,,14,,,,,,,,,,,,,,,,,,,,,,,,,,,,,23519,0.034416839480400085
,,,14,,,,,,,,,,,,,,,,,,,,,,,,,,,,,23529,0.0018536734860390425
,,,14,,,,,,,,,,,,,,,,,,,,,,,,,,,,,23539,0.0023338720202445984
,,,14,,,,,,,,,,,,,,,,,,,,,,,,,,,,,23549,0.4829324185848236
,,,14,,,,,,,,,,,,,,,,,,,,,,,,,,,,,23559,0.014503315091133118
,,,14,,,,,,,,,,,,,,,,,,,,,,,,,,,,,23569,0.8125581741333008
,,,14,,,,,,,,,,,,,,,,,,,,,,,,,,,,,23579,0.003544832579791546
,,,14,,,,,,,,,,,,,,,,,,,,,,,,,,,,,23589,0.0032951384782791138
,,,14,,,,,,,,,,,,,,,,,,,,,,,,,,,,,23599,0.12230663746595383
,,,14,,,,,,,,,,,,,,,,,,,,,,,,,,,,,23609,0.030433084815740585
,,,14,,,,,,,,,,,,,,,,,,,,,,,,,,,,,23619,0.005375968758016825
,,,14,,,,,,,,,,,,,,,,,,,,,,,,,,,,,23629,0.0017619584687054157
,,,14,,,,,,,,,,,,,,,,,,,,,,,,,,,,,23639,0.0026603401638567448
,,,14,,,,,,,,,,,,,,,,,,,,,,,,,,,,,23649,0.0037522781640291214
,,,14,,,,,,,,,,,,,,,,,,,,,,,,,,,,,23659,0.005183768924325705
,,,14,,,,,,,,,,,,,,,,,,,,,,,,,,,,,23669,0.10042665898799896
,,,14,,,,,,,,,,,,,,,,,,,,,,,,,,,,,23679,0.10682079941034317
,,,14,,,,,,,,,,,,,,,,,,,,,,,,,,,,,23689,0.23025143146514893
,,,14,,,,,,,,,,,,,,,,,,,,,,,,,,,,,23699,0.024263370782136917
,,,14,,,,,,,,,,,,,,,,,,,,,,,,,,,,,23709,0.00290537322871387
,,,14,,,,,,,,,,,,,,,,,,,,,,,,,,,,,23719,0.0029652982484549284
,,,14,,,,,,,,,,,,,,,,,,,,,,,,,,,,,23729,0.0031963305082172155
,,,14,,,,,,,,,,,,,,,,,,,,,,,,,,,,,23739,0.0186158400028944
,,,14,,,,,,,,,,,,,,,,,,,,,,,,,,,,,23749,0.31659334897994995
,,,14,,,,,,,,,,,,,,,,,,,,,,,,,,,,,23759,0.014872201718389988
,,,14,,,,,,,,,,,,,,,,,,,,,,,,,,,,,23769,0.40681180357933044
,,,14,,,,,,,,,,,,,,,,,,,,,,,,,,,,,23779,0.4622035026550293
,,,14,,,,,,,,,,,,,,,,,,,,,,,,,,,,,23789,0.13786013424396515
,,,14,,,,,,,,,,,,,,,,,,,,,,,,,,,,,23799,0.0023354385048151016
,,,14,,,,,,,,,,,,,,,,,,,,,,,,,,,,,23809,0.007301288656890392
,,,14,,,,,,,,,,,,,,,,,,,,,,,,,,,,,23819,0.02384299226105213
,,,14,,,,,,,,,,,,,,,,,,,,,,,,,,,,,23829,0.018392974510788918
,,,14,,,,,,,,,,,,,,,,,,,,,,,,,,,,,23839,0.05246618390083313
,,,14,,,,,,,,,,,,,,,,,,,,,,,,,,,,,23849,0.07543309032917023
,,,14,,,,,,,,,,,,,,,,,,,,,,,,,,,,,23859,0.0055172438733279705
,,,14,,,,,,,,,,,,,,,,,,,,,,,,,,,,,23869,0.006406067404896021
,,,14,,,,,,,,,,,,,,,,,,,,,,,,,,,,,23879,0.6042016744613647
,,,14,,,,,,,,,,,,,,,,,,,,,,,,,,,,,23889,0.003405511612072587
,,,14,,,,,,,,,,,,,,,,,,,,,,,,,,,,,23899,0.007330660242587328
,,,14,,,,,,,,,,,,,,,,,,,,,,,,,,,,,23909,0.014432921074330807
,,,14,,,,,,,,,,,,,,,,,,,,,,,,,,,,,23919,0.002131912624463439
,,,14,,,,,,,,,,,,,,,,,,,,,,,,,,,,,23929,0.0029332744888961315
,,,14,,,,,,,,,,,,,,,,,,,,,,,,,,,,,23939,0.00289341202005744
,,,14,,,,,,,,,,,,,,,,,,,,,,,,,,,,,23949,0.006606816779822111
,,,14,,,,,,,,,,,,,,,,,,,,,,,,,,,,,23959,0.0078950310125947
,,,14,,,,,,,,,,,,,,,,,,,,,,,,,,,,,23969,0.027113517746329308
,,,14,,,,,,,,,,,,,,,,,,,,,,,,,,,,,23979,0.005120543763041496
,,,14,,,,,,,,,,,,,,,,,,,,,,,,,,,,,23989,0.09350492060184479
,,,14,,,,,,,,,,,,,,,,,,,,,,,,,,,,,23999,0.03605329990386963
,,,14,,,,,,,,,,,,,,,,,,,,,,,,,,,,,24009,0.03673112392425537
,,,14,,,,,,,,,,,,,,,,,,,,,,,,,,,,,24019,0.004299897234886885
,,,14,,,,,,,,,,,,,,,,,,,,,,,,,,,,,24029,0.007383131422102451
,,,14,,,,,,,,,,,,,,,,,,,,,,,,,,,,,24039,0.05207119509577751
,,,14,,,,,,,,,,,,,,,,,,,,,,,,,,,,,24049,0.003784250933676958
,,,14,,,,,,,,,,,,,,,,,,,,,,,,,,,,,24059,0.06653251498937607
,,,14,,,,,,,,,,,,,,,,,,,,,,,,,,,,,24069,0.007675632834434509
,,,14,,,,,,,,,,,,,,,,,,,,,,,,,,,,,24079,0.002308964030817151
,,,14,,,,,,,,,,,,,,,,,,,,,,,,,,,,,24089,0.0024219343904405832
,,,14,,,,,,,,,,,,,,,,,,,,,,,,,,,,,24099,0.5670000910758972
,,,14,,,,,,,,,,,,,,,,,,,,,,,,,,,,,24109,0.7054678201675415
,,,14,,,,,,,,,,,,,,,,,,,,,,,,,,,,,24119,0.008029147982597351
,,,14,,,,,,,,,,,,,,,,,,,,,,,,,,,,,24129,0.002042441163212061
,,,14,,,,,,,,,,,,,,,,,,,,,,,,,,,,,24139,0.01957855187356472
,,,14,,,,,,,,,,,,,,,,,,,,,,,,,,,,,24149,0.022323355078697205
,,,14,,,,,,,,,,,,,,,,,,,,,,,,,,,,,24159,0.004078231751918793
,,,14,,,,,,,,,,,,,,,,,,,,,,,,,,,,,24169,0.009305874817073345
,,,14,,,,,,,,,,,,,,,,,,,,,,,,,,,,,24179,0.0024523462634533644
,,,14,,,,,,,,,,,,,,,,,,,,,,,,,,,,,24189,0.006700199097394943
,,,14,,,,,,,,,,,,,,,,,,,,,,,,,,,,,24199,0.0027800658717751503
,,,14,,,,,,,,,,,,,,,,,,,,,,,,,,,,,24209,0.037170201539993286
,,,14,,,,,,,,,,,,,,,,,,,,,,,,,,,,,24219,0.002097754506394267
,,,14,,,,,,,,,,,,,,,,,,,,,,,,,,,,,24229,0.0013491694116964936
,,,14,,,,,,,,,,,,,,,,,,,,,,,,,,,,,24239,0.08165449649095535
,,,14,,,,,,,,,,,,,,,,,,,,,,,,,,,,,24249,0.0026184464804828167
,,,14,,,,,,,,,,,,,,,,,,,,,,,,,,,,,24259,0.008676361292600632
,,,14,,,,,,,,,,,,,,,,,,,,,,,,,,,,,24269,0.06364502757787704
,,,14,,,,,,,,,,,,,,,,,,,,,,,,,,,,,24279,0.0018244704697281122
,,,14,,,,,,,,,,,,,,,,,,,,,,,,,,,,,24289,0.001676348620094359
,,,14,,,,,,,,,,,,,,,,,,,,,,,,,,,,,24299,0.005259738769382238
,,,14,,,,,,,,,,,,,,,,,,,,,,,,,,,,,24309,0.008237767033278942
,,,14,,,,,,,,,,,,,,,,,,,,,,,,,,,,,24319,0.0037557415198534727
,,,14,,,,,,,,,,,,,,,,,,,,,,,,,,,,,24329,0.0025528825353831053
,,,14,,,,,,,,,,,,,,,,,,,,,,,,,,,,,24339,0.005741062108427286
,,,14,,,,,,,,,,,,,,,,,,,,,,,,,,,,,24349,0.25498026609420776
,,,14,,,,,,,,,,,,,,,,,,,,,,,,,,,,,24359,0.003251754678785801
,,,14,,,,,,,,,,,,,,,,,,,,,,,,,,,,,24369,0.029160602018237114
,,,14,,,,,,,,,,,,,,,,,,,,,,,,,,,,,24379,0.011135155335068703
,,,14,,,,,,,,,,,,,,,,,,,,,,,,,,,,,24389,0.09339124709367752
,,,14,,,,,,,,,,,,,,,,,,,,,,,,,,,,,24399,0.0007260196143761277
,,,14,,,,,,,,,,,,,,,,,,,,,,,,,,,,,24409,0.005603938363492489
,,,14,,,,,,,,,,,,,,,,,,,,,,,,,,,,,24419,0.0029595373198390007
,,,14,,,,,,,,,,,,,,,,,,,,,,,,,,,,,24429,0.001657293876633048
,,,14,,,,,,,,,,,,,,,,,,,,,,,,,,,,,24439,0.002929968759417534
,,,14,,,,,,,,,,,,,,,,,,,,,,,,,,,,,24449,0.0018715299665927887
,,,14,,,,,,,,,,,,,,,,,,,,,,,,,,,,,24459,0.0026112128980457783
,,,14,,,,,,,,,,,,,,,,,,,,,,,,,,,,,24469,0.002319839084520936
,,,14,,,,,,,,,,,,,,,,,,,,,,,,,,,,,24479,0.3820142149925232
,,,14,,,,,,,,,,,,,,,,,,,,,,,,,,,,,24489,0.09010646492242813
,,,14,,,,,,,,,,,,,,,,,,,,,,,,,,,,,24499,0.0016003751661628485
,,,14,,,,,,,,,,,,,,,,,,,,,,,,,,,,,24509,0.002113997470587492
,,,14,,,,,,,,,,,,,,,,,,,,,,,,,,,,,24519,0.02519991807639599
,,,14,,,,,,,,,,,,,,,,,,,,,,,,,,,,,24529,0.04060335457324982
,,,14,,,,,,,,,,,,,,,,,,,,,,,,,,,,,24539,0.0027928727213293314
,,,14,,,,,,,,,,,,,,,,,,,,,,,,,,,,,24549,0.007788488641381264
,,,14,,,,,,,,,,,,,,,,,,,,,,,,,,,,,24559,0.0021911263465881348
,,,14,,,,,,,,,,,,,,,,,,,,,,,,,,,,,24569,0.018686747178435326
,,,14,,,,,,,,,,,,,,,,,,,,,,,,,,,,,24579,0.0048515889793634415
,,,14,,,,,,,,,,,,,,,,,,,,,,,,,,,,,24589,0.003506668610498309
,,,14,,,,,,,,,,,,,,,,,,,,,,,,,,,,,24599,0.2961977422237396
,,,14,,,,,,,,,,,,,,,,,,,,,,,,,,,,,24609,0.2591436505317688
,,,14,,,,,,,,,,,,,,,,,,,,,,,,,,,,,24619,0.0070175472646951675
,,,14,,,,,,,,,,,,,,,,,,,,,,,,,,,,,24629,0.0021300639491528273
,,,14,,,,,,,,,,,,,,,,,,,,,,,,,,,,,24639,2.904148817062378
,,,14,,,,,,,,,,,,,,,,,,,,,,,,,,,,,24649,0.037983380258083344
,,,14,,,,,,,,,,,,,,,,,,,,,,,,,,,,,24659,0.0535212904214859
,,,14,,,,,,,,,,,,,,,,,,,,,,,,,,,,,24669,0.023983292281627655
,,,14,,,,,,,,,,,,,,,,,,,,,,,,,,,,,24679,0.007774012163281441
,,,14,,,,,,,,,,,,,,,,,,,,,,,,,,,,,24689,0.0934324860572815
,,,14,,,,,,,,,,,,,,,,,,,,,,,,,,,,,24699,0.8431119918823242
,,,14,,,,,,,,,,,,,,,,,,,,,,,,,,,,,24709,0.021806102246046066
,,,14,,,,,,,,,,,,,,,,,,,,,,,,,,,,,24719,0.004519677255302668
,,,14,,,,,,,,,,,,,,,,,,,,,,,,,,,,,24729,0.0010290886275470257
,,,14,,,,,,,,,,,,,,,,,,,,,,,,,,,,,24739,0.09565379470586777
,,,14,,,,,,,,,,,,,,,,,,,,,,,,,,,,,24749,0.09060835838317871
,,,14,,,,,,,,,,,,,,,,,,,,,,,,,,,,,24759,0.005568317603319883
,,,14,,,,,,,,,,,,,,,,,,,,,,,,,,,,,24769,0.005279849749058485
,,,14,,,,,,,,,,,,,,,,,,,,,,,,,,,,,24779,0.006192436907440424
,,,14,,,,,,,,,,,,,,,,,,,,,,,,,,,,,24789,0.00210028188303113
,,,14,,,,,,,,,,,,,,,,,,,,,,,,,,,,,24799,0.005372433457523584
,,,14,,,,,,,,,,,,,,,,,,,,,,,,,,,,,24809,0.029369143769145012
,,,14,,,,,,,,,,,,,,,,,,,,,,,,,,,,,24819,0.0073449257761240005
,,,14,,,,,,,,,,,,,,,,,,,,,,,,,,,,,24829,0.15256331861019135
,,,14,,,,,,,,,,,,,,,,,,,,,,,,,,,,,24839,0.006596997380256653
,,,14,,,,,,,,,,,,,,,,,,,,,,,,,,,,,24849,0.005198891274631023
,,,14,,,,,,,,,,,,,,,,,,,,,,,,,,,,,24859,0.002606218447908759
,,,14,,,,,,,,,,,,,,,,,,,,,,,,,,,,,24869,0.009729032404720783
,,,14,,,,,,,,,,,,,,,,,,,,,,,,,,,,,24879,0.04477693885564804
,,,14,,,,,,,,,,,,,,,,,,,,,,,,,,,,,24889,0.044620394706726074
,,,14,,,,,,,,,,,,,,,,,,,,,,,,,,,,,24899,0.007567632012069225
,,,14,,,,,,,,,,,,,,,,,,,,,,,,,,,,,24909,0.007719330955296755
,,,14,,,,,,,,,,,,,,,,,,,,,,,,,,,,,24919,0.006771402899175882
,,,14,,,,,,,,,,,,,,,,,,,,,,,,,,,,,24929,0.0022409677039831877
0.8659003973007202,0.8576850295066833,0.8742746710777283,14,,,,,,,,,,,,,,,,,,,,,,,,,,,,,24929,
,,,,5.022638399154116e-07,2.813704505670875e-06,4.328776162570576e-06,4.328776162570576e-06,6.659655634723963e-06,6.659655634723963e-06,1.0245624053421482e-05,1.0245624053421482e-05,1.5762498543725355e-05,1.5762498543725355e-05,2.4249997759577468e-05,5.022638399154116e-07,2.4249997759577468e-05,3.730768886088841e-05,3.730768886088841e-05,5.739644440136679e-05,5.739644440136679e-05,8.83022221559489e-05,8.83022221559489e-05,8.83022221559489e-05,8.83022221559489e-05,7.72713599869864e-07,7.72713599869864e-07,1.1887901536459447e-06,1.1887901536459447e-06,1.8289079286860687e-06,1.8289079286860687e-06,2.813704505670875e-06,24930,
,,,15,,,,,,,,,,,,,,,,,,,,,,,,,,,,,24939,0.002816801192238927
,,,15,,,,,,,,,,,,,,,,,,,,,,,,,,,,,24949,0.006547670811414719
,,,15,,,,,,,,,,,,,,,,,,,,,,,,,,,,,24959,0.017785469070076942
,,,15,,,,,,,,,,,,,,,,,,,,,,,,,,,,,24969,0.44812241196632385
,,,15,,,,,,,,,,,,,,,,,,,,,,,,,,,,,24979,0.0019298619590699673
,,,15,,,,,,,,,,,,,,,,,,,,,,,,,,,,,24989,0.0111602284014225
,,,15,,,,,,,,,,,,,,,,,,,,,,,,,,,,,24999,0.19432906806468964
,,,15,,,,,,,,,,,,,,,,,,,,,,,,,,,,,25009,0.03986995294690132
,,,15,,,,,,,,,,,,,,,,,,,,,,,,,,,,,25019,0.00251888413913548
,,,15,,,,,,,,,,,,,,,,,,,,,,,,,,,,,25029,0.35323604941368103
,,,15,,,,,,,,,,,,,,,,,,,,,,,,,,,,,25039,0.15261009335517883
,,,15,,,,,,,,,,,,,,,,,,,,,,,,,,,,,25049,0.05933767557144165
,,,15,,,,,,,,,,,,,,,,,,,,,,,,,,,,,25059,0.004142467863857746
,,,15,,,,,,,,,,,,,,,,,,,,,,,,,,,,,25069,0.009121833369135857
,,,15,,,,,,,,,,,,,,,,,,,,,,,,,,,,,25079,0.0015116592403501272
,,,15,,,,,,,,,,,,,,,,,,,,,,,,,,,,,25089,0.09040474146604538
,,,15,,,,,,,,,,,,,,,,,,,,,,,,,,,,,25099,0.07498448342084885
,,,15,,,,,,,,,,,,,,,,,,,,,,,,,,,,,25109,0.006253507453948259
,,,15,,,,,,,,,,,,,,,,,,,,,,,,,,,,,25119,0.0017449710285291076
,,,15,,,,,,,,,,,,,,,,,,,,,,,,,,,,,25129,0.0019426828948780894
,,,15,,,,,,,,,,,,,,,,,,,,,,,,,,,,,25139,0.0021585992071777582
,,,15,,,,,,,,,,,,,,,,,,,,,,,,,,,,,25149,0.6599146127700806
,,,15,,,,,,,,,,,,,,,,,,,,,,,,,,,,,25159,0.012545828707516193
,,,15,,,,,,,,,,,,,,,,,,,,,,,,,,,,,25169,0.038925956934690475
,,,15,,,,,,,,,,,,,,,,,,,,,,,,,,,,,25179,0.009540350176393986
,,,15,,,,,,,,,,,,,,,,,,,,,,,,,,,,,25189,0.001989862648770213
,,,15,,,,,,,,,,,,,,,,,,,,,,,,,,,,,25199,0.002764154691249132
,,,15,,,,,,,,,,,,,,,,,,,,,,,,,,,,,25209,0.003616128582507372
,,,15,,,,,,,,,,,,,,,,,,,,,,,,,,,,,25219,0.11166419833898544
,,,15,,,,,,,,,,,,,,,,,,,,,,,,,,,,,25229,0.28136157989501953
,,,15,,,,,,,,,,,,,,,,,,,,,,,,,,,,,25239,0.0031221944373100996
,,,15,,,,,,,,,,,,,,,,,,,,,,,,,,,,,25249,0.03264053538441658
,,,15,,,,,,,,,,,,,,,,,,,,,,,,,,,,,25259,0.07189015299081802
,,,15,,,,,,,,,,,,,,,,,,,,,,,,,,,,,25269,0.0033682589419186115
,,,15,,,,,,,,,,,,,,,,,,,,,,,,,,,,,25279,0.013323914259672165
,,,15,,,,,,,,,,,,,,,,,,,,,,,,,,,,,25289,0.0018759829690679908
,,,15,,,,,,,,,,,,,,,,,,,,,,,,,,,,,25299,0.004580970387905836
,,,15,,,,,,,,,,,,,,,,,,,,,,,,,,,,,25309,0.00567617267370224
,,,15,,,,,,,,,,,,,,,,,,,,,,,,,,,,,25319,0.036658983677625656
,,,15,,,,,,,,,,,,,,,,,,,,,,,,,,,,,25329,0.005127321928739548
,,,15,,,,,,,,,,,,,,,,,,,,,,,,,,,,,25339,0.005219806917011738
,,,15,,,,,,,,,,,,,,,,,,,,,,,,,,,,,25349,0.11523020267486572
,,,15,,,,,,,,,,,,,,,,,,,,,,,,,,,,,25359,0.04105016216635704
,,,15,,,,,,,,,,,,,,,,,,,,,,,,,,,,,25369,0.32270312309265137
,,,15,,,,,,,,,,,,,,,,,,,,,,,,,,,,,25379,0.003023408353328705
,,,15,,,,,,,,,,,,,,,,,,,,,,,,,,,,,25389,0.0028649959713220596
,,,15,,,,,,,,,,,,,,,,,,,,,,,,,,,,,25399,0.006977220065891743
,,,15,,,,,,,,,,,,,,,,,,,,,,,,,,,,,25409,0.09600773453712463
,,,15,,,,,,,,,,,,,,,,,,,,,,,,,,,,,25419,0.023671435192227364
,,,15,,,,,,,,,,,,,,,,,,,,,,,,,,,,,25429,0.06716477870941162
,,,15,,,,,,,,,,,,,,,,,,,,,,,,,,,,,25439,0.007513565011322498
,,,15,,,,,,,,,,,,,,,,,,,,,,,,,,,,,25449,0.020211363211274147
,,,15,,,,,,,,,,,,,,,,,,,,,,,,,,,,,25459,0.004563470836728811
,,,15,,,,,,,,,,,,,,,,,,,,,,,,,,,,,25469,0.006435959599912167
,,,15,,,,,,,,,,,,,,,,,,,,,,,,,,,,,25479,0.007868540473282337
,,,15,,,,,,,,,,,,,,,,,,,,,,,,,,,,,25489,0.0025787006597965956
,,,15,,,,,,,,,,,,,,,,,,,,,,,,,,,,,25499,0.003035650122910738
,,,15,,,,,,,,,,,,,,,,,,,,,,,,,,,,,25509,0.001674335915595293
,,,15,,,,,,,,,,,,,,,,,,,,,,,,,,,,,25519,0.46105122566223145
,,,15,,,,,,,,,,,,,,,,,,,,,,,,,,,,,25529,0.004181699361652136
,,,15,,,,,,,,,,,,,,,,,,,,,,,,,,,,,25539,0.01158574502915144
,,,15,,,,,,,,,,,,,,,,,,,,,,,,,,,,,25549,1.9937398433685303
,,,15,,,,,,,,,,,,,,,,,,,,,,,,,,,,,25559,0.0013536745682358742
,,,15,,,,,,,,,,,,,,,,,,,,,,,,,,,,,25569,0.001321196323260665
,,,15,,,,,,,,,,,,,,,,,,,,,,,,,,,,,25579,0.004491968546062708
,,,15,,,,,,,,,,,,,,,,,,,,,,,,,,,,,25589,0.0016692755743861198
,,,15,,,,,,,,,,,,,,,,,,,,,,,,,,,,,25599,0.005057493690401316
,,,15,,,,,,,,,,,,,,,,,,,,,,,,,,,,,25609,0.2429829090833664
,,,15,,,,,,,,,,,,,,,,,,,,,,,,,,,,,25619,0.0029909659642726183
,,,15,,,,,,,,,,,,,,,,,,,,,,,,,,,,,25629,0.0019548083655536175
,,,15,,,,,,,,,,,,,,,,,,,,,,,,,,,,,25639,0.004566554445773363
,,,15,,,,,,,,,,,,,,,,,,,,,,,,,,,,,25649,0.004126196727156639
,,,15,,,,,,,,,,,,,,,,,,,,,,,,,,,,,25659,0.0015281332889571786
,,,15,,,,,,,,,,,,,,,,,,,,,,,,,,,,,25669,0.0032532960176467896
,,,15,,,,,,,,,,,,,,,,,,,,,,,,,,,,,25679,0.002897520549595356
,,,15,,,,,,,,,,,,,,,,,,,,,,,,,,,,,25689,0.0061196377500891685
,,,15,,,,,,,,,,,,,,,,,,,,,,,,,,,,,25699,0.06971288472414017
,,,15,,,,,,,,,,,,,,,,,,,,,,,,,,,,,25709,0.4337744414806366
,,,15,,,,,,,,,,,,,,,,,,,,,,,,,,,,,25719,0.004819074645638466
,,,15,,,,,,,,,,,,,,,,,,,,,,,,,,,,,25729,0.003364469390362501
,,,15,,,,,,,,,,,,,,,,,,,,,,,,,,,,,25739,0.0024917065165936947
,,,15,,,,,,,,,,,,,,,,,,,,,,,,,,,,,25749,0.0012824981240555644
,,,15,,,,,,,,,,,,,,,,,,,,,,,,,,,,,25759,0.06293583661317825
,,,15,,,,,,,,,,,,,,,,,,,,,,,,,,,,,25769,0.0055277226492762566
,,,15,,,,,,,,,,,,,,,,,,,,,,,,,,,,,25779,0.030105896294116974
,,,15,,,,,,,,,,,,,,,,,,,,,,,,,,,,,25789,0.03359014168381691
,,,15,,,,,,,,,,,,,,,,,,,,,,,,,,,,,25799,0.032926399260759354
,,,15,,,,,,,,,,,,,,,,,,,,,,,,,,,,,25809,0.0026857173070311546
,,,15,,,,,,,,,,,,,,,,,,,,,,,,,,,,,25819,0.00209895521402359
,,,15,,,,,,,,,,,,,,,,,,,,,,,,,,,,,25829,0.001235583215020597
,,,15,,,,,,,,,,,,,,,,,,,,,,,,,,,,,25839,0.18070144951343536
,,,15,,,,,,,,,,,,,,,,,,,,,,,,,,,,,25849,0.005874123889952898
,,,15,,,,,,,,,,,,,,,,,,,,,,,,,,,,,25859,0.006976226344704628
,,,15,,,,,,,,,,,,,,,,,,,,,,,,,,,,,25869,0.008545038290321827
,,,15,,,,,,,,,,,,,,,,,,,,,,,,,,,,,25879,0.0035763594787567854
,,,15,,,,,,,,,,,,,,,,,,,,,,,,,,,,,25889,0.012941240333020687
,,,15,,,,,,,,,,,,,,,,,,,,,,,,,,,,,25899,0.001845114165917039
,,,15,,,,,,,,,,,,,,,,,,,,,,,,,,,,,25909,0.0007106058183126152
,,,15,,,,,,,,,,,,,,,,,,,,,,,,,,,,,25919,0.013629190623760223
,,,15,,,,,,,,,,,,,,,,,,,,,,,,,,,,,25929,0.001219079364091158
,,,15,,,,,,,,,,,,,,,,,,,,,,,,,,,,,25939,0.006159663200378418
,,,15,,,,,,,,,,,,,,,,,,,,,,,,,,,,,25949,0.02390272170305252
,,,15,,,,,,,,,,,,,,,,,,,,,,,,,,,,,25959,0.003875265596434474
,,,15,,,,,,,,,,,,,,,,,,,,,,,,,,,,,25969,0.002505240496248007
,,,15,,,,,,,,,,,,,,,,,,,,,,,,,,,,,25979,0.0017153144581243396
,,,15,,,,,,,,,,,,,,,,,,,,,,,,,,,,,25989,0.007402842398732901
,,,15,,,,,,,,,,,,,,,,,,,,,,,,,,,,,25999,0.0037331420462578535
,,,15,,,,,,,,,,,,,,,,,,,,,,,,,,,,,26009,0.0034609483554959297
,,,15,,,,,,,,,,,,,,,,,,,,,,,,,,,,,26019,0.04550788551568985
,,,15,,,,,,,,,,,,,,,,,,,,,,,,,,,,,26029,0.010115761309862137
,,,15,,,,,,,,,,,,,,,,,,,,,,,,,,,,,26039,0.003423347370699048
,,,15,,,,,,,,,,,,,,,,,,,,,,,,,,,,,26049,0.00855099968612194
,,,15,,,,,,,,,,,,,,,,,,,,,,,,,,,,,26059,0.0019765645265579224
,,,15,,,,,,,,,,,,,,,,,,,,,,,,,,,,,26069,0.005025864578783512
,,,15,,,,,,,,,,,,,,,,,,,,,,,,,,,,,26079,0.009532695636153221
,,,15,,,,,,,,,,,,,,,,,,,,,,,,,,,,,26089,0.10762158781290054
,,,15,,,,,,,,,,,,,,,,,,,,,,,,,,,,,26099,0.0051613072864711285
,,,15,,,,,,,,,,,,,,,,,,,,,,,,,,,,,26109,0.013105516321957111
,,,15,,,,,,,,,,,,,,,,,,,,,,,,,,,,,26119,0.00809396617114544
,,,15,,,,,,,,,,,,,,,,,,,,,,,,,,,,,26129,0.005446092691272497
,,,15,,,,,,,,,,,,,,,,,,,,,,,,,,,,,26139,0.004005871247500181
,,,15,,,,,,,,,,,,,,,,,,,,,,,,,,,,,26149,0.01177730318158865
,,,15,,,,,,,,,,,,,,,,,,,,,,,,,,,,,26159,0.0014862900134176016
,,,15,,,,,,,,,,,,,,,,,,,,,,,,,,,,,26169,0.00568968802690506
,,,15,,,,,,,,,,,,,,,,,,,,,,,,,,,,,26179,0.0024550543166697025
,,,15,,,,,,,,,,,,,,,,,,,,,,,,,,,,,26189,0.030457722023129463
,,,15,,,,,,,,,,,,,,,,,,,,,,,,,,,,,26199,0.04983913153409958
,,,15,,,,,,,,,,,,,,,,,,,,,,,,,,,,,26209,0.2634216845035553
,,,15,,,,,,,,,,,,,,,,,,,,,,,,,,,,,26219,0.02477429434657097
,,,15,,,,,,,,,,,,,,,,,,,,,,,,,,,,,26229,0.0068355947732925415
,,,15,,,,,,,,,,,,,,,,,,,,,,,,,,,,,26239,0.007831857539713383
,,,15,,,,,,,,,,,,,,,,,,,,,,,,,,,,,26249,0.004333782475441694
,,,15,,,,,,,,,,,,,,,,,,,,,,,,,,,,,26259,0.0017032356699928641
,,,15,,,,,,,,,,,,,,,,,,,,,,,,,,,,,26269,0.24258987605571747
,,,15,,,,,,,,,,,,,,,,,,,,,,,,,,,,,26279,0.009815624915063381
,,,15,,,,,,,,,,,,,,,,,,,,,,,,,,,,,26289,0.004445892293006182
,,,15,,,,,,,,,,,,,,,,,,,,,,,,,,,,,26299,0.002325877081602812
,,,15,,,,,,,,,,,,,,,,,,,,,,,,,,,,,26309,0.2515377104282379
,,,15,,,,,,,,,,,,,,,,,,,,,,,,,,,,,26319,0.13398943841457367
,,,15,,,,,,,,,,,,,,,,,,,,,,,,,,,,,26329,0.004774793051183224
,,,15,,,,,,,,,,,,,,,,,,,,,,,,,,,,,26339,0.48669469356536865
,,,15,,,,,,,,,,,,,,,,,,,,,,,,,,,,,26349,0.001941185211762786
,,,15,,,,,,,,,,,,,,,,,,,,,,,,,,,,,26359,0.009151298552751541
,,,15,,,,,,,,,,,,,,,,,,,,,,,,,,,,,26369,0.00382408918812871
,,,15,,,,,,,,,,,,,,,,,,,,,,,,,,,,,26379,0.0061825853772461414
,,,15,,,,,,,,,,,,,,,,,,,,,,,,,,,,,26389,0.017606105655431747
,,,15,,,,,,,,,,,,,,,,,,,,,,,,,,,,,26399,0.2515052556991577
,,,15,,,,,,,,,,,,,,,,,,,,,,,,,,,,,26409,0.010647856630384922
,,,15,,,,,,,,,,,,,,,,,,,,,,,,,,,,,26419,0.003784250933676958
,,,15,,,,,,,,,,,,,,,,,,,,,,,,,,,,,26429,0.001550377462990582
,,,15,,,,,,,,,,,,,,,,,,,,,,,,,,,,,26439,0.0026580216363072395
,,,15,,,,,,,,,,,,,,,,,,,,,,,,,,,,,26449,0.00827383529394865
,,,15,,,,,,,,,,,,,,,,,,,,,,,,,,,,,26459,0.007789961993694305
,,,15,,,,,,,,,,,,,,,,,,,,,,,,,,,,,26469,0.034388162195682526
,,,15,,,,,,,,,,,,,,,,,,,,,,,,,,,,,26479,0.0036788438446819782
,,,15,,,,,,,,,,,,,,,,,,,,,,,,,,,,,26489,0.0014270598767325282
,,,15,,,,,,,,,,,,,,,,,,,,,,,,,,,,,26499,0.00588043499737978
,,,15,,,,,,,,,,,,,,,,,,,,,,,,,,,,,26509,0.002462835283949971
,,,15,,,,,,,,,,,,,,,,,,,,,,,,,,,,,26519,0.13593696057796478
,,,15,,,,,,,,,,,,,,,,,,,,,,,,,,,,,26529,0.05373843386769295
,,,15,,,,,,,,,,,,,,,,,,,,,,,,,,,,,26539,0.0018415908562019467
,,,15,,,,,,,,,,,,,,,,,,,,,,,,,,,,,26549,0.0028089710976928473
,,,15,,,,,,,,,,,,,,,,,,,,,,,,,,,,,26559,0.04665791615843773
,,,15,,,,,,,,,,,,,,,,,,,,,,,,,,,,,26569,0.05383460223674774
,,,15,,,,,,,,,,,,,,,,,,,,,,,,,,,,,26579,0.0024485508911311626
,,,15,,,,,,,,,,,,,,,,,,,,,,,,,,,,,26589,0.012983577325940132
,,,,4.88981018344231e-07,2.739293544871571e-06,4.2142977613408785e-06,4.2142977613408785e-06,6.4835350174475046e-06,6.4835350174475046e-06,9.974669257611545e-06,9.974669257611545e-06,1.534564501171007e-05,1.534564501171007e-05,2.3608684633400107e-05,4.88981018344231e-07,2.3608684633400107e-05,3.6321053282154005e-05,3.6321053282154005e-05,5.587854351100617e-05,5.587854351100617e-05,8.596699001693255e-05,8.596699001693255e-05,8.596699001693255e-05,8.596699001693255e-05,7.522784897603552e-07,7.522784897603552e-07,1.1573515227082388e-06,1.1573515227082388e-06,1.7805408041665213e-06,1.7805408041665213e-06,2.739293544871571e-06,26592,
,,,16,,,,,,,,,,,,,,,,,,,,,,,,,,,,,26599,0.0020033305045217276
,,,16,,,,,,,,,,,,,,,,,,,,,,,,,,,,,26609,0.05025723576545715
,,,16,,,,,,,,,,,,,,,,,,,,,,,,,,,,,26619,0.3756631314754486
,,,16,,,,,,,,,,,,,,,,,,,,,,,,,,,,,26629,0.0030554216355085373
,,,16,,,,,,,,,,,,,,,,,,,,,,,,,,,,,26639,0.00353980646468699
,,,16,,,,,,,,,,,,,,,,,,,,,,,,,,,,,26649,0.007379595190286636
,,,16,,,,,,,,,,,,,,,,,,,,,,,,,,,,,26659,0.3591029644012451
,,,16,,,,,,,,,,,,,,,,,,,,,,,,,,,,,26669,0.00454525975510478
,,,16,,,,,,,,,,,,,,,,,,,,,,,,,,,,,26679,0.028033453971147537
,,,16,,,,,,,,,,,,,,,,,,,,,,,,,,,,,26689,0.0035012289881706238
,,,16,,,,,,,,,,,,,,,,,,,,,,,,,,,,,26699,0.003153979778289795
,,,16,,,,,,,,,,,,,,,,,,,,,,,,,,,,,26709,0.008501020260155201
,,,16,,,,,,,,,,,,,,,,,,,,,,,,,,,,,26719,0.002678193151950836
,,,16,,,,,,,,,,,,,,,,,,,,,,,,,,,,,26729,0.11483102291822433
,,,16,,,,,,,,,,,,,,,,,,,,,,,,,,,,,26739,0.02216324210166931
,,,16,,,,,,,,,,,,,,,,,,,,,,,,,,,,,26749,0.0018822072306647897
,,,16,,,,,,,,,,,,,,,,,,,,,,,,,,,,,26759,0.011505753733217716
,,,16,,,,,,,,,,,,,,,,,,,,,,,,,,,,,26769,0.001207981607876718
,,,16,,,,,,,,,,,,,,,,,,,,,,,,,,,,,26779,0.0021584525238722563
,,,16,,,,,,,,,,,,,,,,,,,,,,,,,,,,,26789,0.006884644739329815
,,,16,,,,,,,,,,,,,,,,,,,,,,,,,,,,,26799,0.0019297836115583777
,,,16,,,,,,,,,,,,,,,,,,,,,,,,,,,,,26809,0.018154509365558624
,,,16,,,,,,,,,,,,,,,,,,,,,,,,,,,,,26819,0.0022771034855395555
,,,16,,,,,,,,,,,,,,,,,,,,,,,,,,,,,26829,0.0028922422789037228
,,,16,,,,,,,,,,,,,,,,,,,,,,,,,,,,,26839,0.02195439673960209
,,,16,,,,,,,,,,,,,,,,,,,,,,,,,,,,,26849,0.024606909602880478
,,,16,,,,,,,,,,,,,,,,,,,,,,,,,,,,,26859,0.010642978362739086
,,,16,,,,,,,,,,,,,,,,,,,,,,,,,,,,,26869,0.6049302816390991
,,,16,,,,,,,,,,,,,,,,,,,,,,,,,,,,,26879,0.6039624810218811
,,,16,,,,,,,,,,,,,,,,,,,,,,,,,,,,,26889,0.006189495790749788
,,,16,,,,,,,,,,,,,,,,,,,,,,,,,,,,,26899,0.0012524869525805116
,,,16,,,,,,,,,,,,,,,,,,,,,,,,,,,,,26909,0.026846447959542274
,,,16,,,,,,,,,,,,,,,,,,,,,,,,,,,,,26919,0.006657143589109182
,,,16,,,,,,,,,,,,,,,,,,,,,,,,,,,,,26929,0.005821386352181435
,,,16,,,,,,,,,,,,,,,,,,,,,,,,,,,,,26939,0.0025305261369794607
,,,16,,,,,,,,,,,,,,,,,,,,,,,,,,,,,26949,0.003503840882331133
,,,16,,,,,,,,,,,,,,,,,,,,,,,,,,,,,26959,0.0059412806294858456
,,,16,,,,,,,,,,,,,,,,,,,,,,,,,,,,,26969,0.0030186218209564686
,,,16,,,,,,,,,,,,,,,,,,,,,,,,,,,,,26979,0.004518261179327965
,,,16,,,,,,,,,,,,,,,,,,,,,,,,,,,,,26989,0.003997300285845995
,,,16,,,,,,,,,,,,,,,,,,,,,,,,,,,,,26999,0.46579962968826294
,,,16,,,,,,,,,,,,,,,,,,,,,,,,,,,,,27009,0.001794016221538186
,,,16,,,,,,,,,,,,,,,,,,,,,,,,,,,,,27019,0.09482978284358978
,,,16,,,,,,,,,,,,,,,,,,,,,,,,,,,,,27029,0.00743122911080718
,,,16,,,,,,,,,,,,,,,,,,,,,,,,,,,,,27039,0.0032407960388809443
,,,16,,,,,,,,,,,,,,,,,,,,,,,,,,,,,27049,0.04233382269740105
,,,16,,,,,,,,,,,,,,,,,,,,,,,,,,,,,27059,0.050526197999715805
,,,16,,,,,,,,,,,,,,,,,,,,,,,,,,,,,27069,0.04805877059698105
,,,16,,,,,,,,,,,,,,,,,,,,,,,,,,,,,27079,0.0038370725233107805
,,,16,,,,,,,,,,,,,,,,,,,,,,,,,,,,,27089,0.005988941993564367
,,,16,,,,,,,,,,,,,,,,,,,,,,,,,,,,,27099,0.00824757106602192
,,,16,,,,,,,,,,,,,,,,,,,,,,,,,,,,,27109,0.0016265376470983028
,,,16,,,,,,,,,,,,,,,,,,,,,,,,,,,,,27119,0.006315249018371105
,,,16,,,,,,,,,,,,,,,,,,,,,,,,,,,,,27129,0.0014780511846765876
,,,16,,,,,,,,,,,,,,,,,,,,,,,,,,,,,27139,0.00969755556434393
,,,16,,,,,,,,,,,,,,,,,,,,,,,,,,,,,27149,0.005301974713802338
,,,16,,,,,,,,,,,,,,,,,,,,,,,,,,,,,27159,0.0018012587679550052
,,,16,,,,,,,,,,,,,,,,,,,,,,,,,,,,,27169,0.008401541039347649
,,,16,,,,,,,,,,,,,,,,,,,,,,,,,,,,,27179,0.0038453165907412767
,,,16,,,,,,,,,,,,,,,,,,,,,,,,,,,,,27189,0.011904077604413033
,,,16,,,,,,,,,,,,,,,,,,,,,,,,,,,,,27199,0.006169418338686228
,,,16,,,,,,,,,,,,,,,,,,,,,,,,,,,,,27209,0.5302211046218872
,,,16,,,,,,,,,,,,,,,,,,,,,,,,,,,,,27219,0.002534751081839204
,,,16,,,,,,,,,,,,,,,,,,,,,,,,,,,,,27229,0.0012718397192656994
,,,16,,,,,,,,,,,,,,,,,,,,,,,,,,,,,27239,0.013896648772060871
,,,16,,,,,,,,,,,,,,,,,,,,,,,,,,,,,27249,0.014228850603103638
,,,16,,,,,,,,,,,,,,,,,,,,,,,,,,,,,27259,0.0016347154742106795
,,,16,,,,,,,,,,,,,,,,,,,,,,,,,,,,,27269,0.09514984488487244
,,,16,,,,,,,,,,,,,,,,,,,,,,,,,,,,,27279,0.007682611234486103
,,,16,,,,,,,,,,,,,,,,,,,,,,,,,,,,,27289,0.010323983617126942
,,,16,,,,,,,,,,,,,,,,,,,,,,,,,,,,,27299,0.6523318886756897
,,,16,,,,,,,,,,,,,,,,,,,,,,,,,,,,,27309,0.003185058943927288
,,,16,,,,,,,,,,,,,,,,,,,,,,,,,,,,,27319,0.0019430743996053934
,,,16,,,,,,,,,,,,,,,,,,,,,,,,,,,,,27329,0.015242127701640129
,,,16,,,,,,,,,,,,,,,,,,,,,,,,,,,,,27339,0.033111464232206345
,,,16,,,,,,,,,,,,,,,,,,,,,,,,,,,,,27349,0.023585978895425797
,,,16,,,,,,,,,,,,,,,,,,,,,,,,,,,,,27359,0.0028204277623444796
,,,16,,,,,,,,,,,,,,,,,,,,,,,,,,,,,27369,0.00319715216755867
,,,16,,,,,,,,,,,,,,,,,,,,,,,,,,,,,27379,0.006748266518115997
,,,16,,,,,,,,,,,,,,,,,,,,,,,,,,,,,27389,0.020610814914107323
,,,16,,,,,,,,,,,,,,,,,,,,,,,,,,,,,27399,0.021929562091827393
,,,16,,,,,,,,,,,,,,,,,,,,,,,,,,,,,27409,0.0021373569034039974
,,,16,,,,,,,,,,,,,,,,,,,,,,,,,,,,,27419,0.00308891455642879
,,,16,,,,,,,,,,,,,,,,,,,,,,,,,,,,,27429,0.0023893523029983044
,,,16,,,,,,,,,,,,,,,,,,,,,,,,,,,,,27439,0.0008621521992608905
,,,16,,,,,,,,,,,,,,,,,,,,,,,,,,,,,27449,0.007190381176769733
,,,16,,,,,,,,,,,,,,,,,,,,,,,,,,,,,27459,0.0019019560422748327
,,,16,,,,,,,,,,,,,,,,,,,,,,,,,,,,,27469,0.28768181800842285
,,,16,,,,,,,,,,,,,,,,,,,,,,,,,,,,,27479,0.0022563438396900892
,,,16,,,,,,,,,,,,,,,,,,,,,,,,,,,,,27489,0.06881071627140045
,,,16,,,,,,,,,,,,,,,,,,,,,,,,,,,,,27499,0.08086338639259338
,,,16,,,,,,,,,,,,,,,,,,,,,,,,,,,,,27509,0.24877917766571045
,,,16,,,,,,,,,,,,,,,,,,,,,,,,,,,,,27519,0.003537936834618449
,,,16,,,,,,,,,,,,,,,,,,,,,,,,,,,,,27529,0.0041347104124724865
,,,16,,,,,,,,,,,,,,,,,,,,,,,,,,,,,27539,0.005090834107249975
,,,16,,,,,,,,,,,,,,,,,,,,,,,,,,,,,27549,0.0820542648434639
,,,16,,,,,,,,,,,,,,,,,,,,,,,,,,,,,27559,0.03838162124156952
,,,16,,,,,,,,,,,,,,,,,,,,,,,,,,,,,27569,0.1922398954629898
,,,16,,,,,,,,,,,,,,,,,,,,,,,,,,,,,27579,0.005491448566317558
,,,16,,,,,,,,,,,,,,,,,,,,,,,,,,,,,27589,0.006239232607185841
,,,16,,,,,,,,,,,,,,,,,,,,,,,,,,,,,27599,0.004778819624334574
,,,16,,,,,,,,,,,,,,,,,,,,,,,,,,,,,27609,0.005448418203741312
,,,16,,,,,,,,,,,,,,,,,,,,,,,,,,,,,27619,0.003262281185016036
,,,16,,,,,,,,,,,,,,,,,,,,,,,,,,,,,27629,0.007321816403418779
,,,16,,,,,,,,,,,,,,,,,,,,,,,,,,,,,27639,0.0025773048400878906
,,,16,,,,,,,,,,,,,,,,,,,,,,,,,,,,,27649,0.010580149479210377
,,,16,,,,,,,,,,,,,,,,,,,,,,,,,,,,,27659,0.0018889624625444412
,,,16,,,,,,,,,,,,,,,,,,,,,,,,,,,,,27669,0.35676223039627075
,,,16,,,,,,,,,,,,,,,,,,,,,,,,,,,,,27679,0.0015459497226402164
,,,16,,,,,,,,,,,,,,,,,,,,,,,,,,,,,27689,0.015063955448567867
,,,16,,,,,,,,,,,,,,,,,,,,,,,,,,,,,27699,0.005569890141487122
,,,16,,,,,,,,,,,,,,,,,,,,,,,,,,,,,27709,0.009789318777620792
,,,16,,,,,,,,,,,,,,,,,,,,,,,,,,,,,27719,0.0021139017771929502
,,,16,,,,,,,,,,,,,,,,,,,,,,,,,,,,,27729,0.01043965294957161
,,,16,,,,,,,,,,,,,,,,,,,,,,,,,,,,,27739,0.005061176605522633
,,,16,,,,,,,,,,,,,,,,,,,,,,,,,,,,,27749,0.003082157112658024
,,,16,,,,,,,,,,,,,,,,,,,,,,,,,,,,,27759,0.002374047879129648
,,,16,,,,,,,,,,,,,,,,,,,,,,,,,,,,,27769,0.10839492827653885
,,,16,,,,,,,,,,,,,,,,,,,,,,,,,,,,,27779,0.010552161373198032
,,,16,,,,,,,,,,,,,,,,,,,,,,,,,,,,,27789,0.0019938149489462376
,,,16,,,,,,,,,,,,,,,,,,,,,,,,,,,,,27799,0.008685058914124966
,,,16,,,,,,,,,,,,,,,,,,,,,,,,,,,,,27809,0.0028003803454339504
,,,16,,,,,,,,,,,,,,,,,,,,,,,,,,,,,27819,0.017252808436751366
,,,16,,,,,,,,,,,,,,,,,,,,,,,,,,,,,27829,0.0010058771586045623
,,,16,,,,,,,,,,,,,,,,,,,,,,,,,,,,,27839,0.07862779498100281
,,,16,,,,,,,,,,,,,,,,,,,,,,,,,,,,,27849,0.0031655579805374146
,,,16,,,,,,,,,,,,,,,,,,,,,,,,,,,,,27859,0.013777908869087696
,,,16,,,,,,,,,,,,,,,,,,,,,,,,,,,,,27869,0.08803624659776688
,,,16,,,,,,,,,,,,,,,,,,,,,,,,,,,,,27879,0.003900182666257024
,,,16,,,,,,,,,,,,,,,,,,,,,,,,,,,,,27889,0.01279852818697691
,,,16,,,,,,,,,,,,,,,,,,,,,,,,,,,,,27899,0.001883735996671021
,,,16,,,,,,,,,,,,,,,,,,,,,,,,,,,,,27909,0.0023716799914836884
,,,16,,,,,,,,,,,,,,,,,,,,,,,,,,,,,27919,0.03424062952399254
,,,16,,,,,,,,,,,,,,,,,,,,,,,,,,,,,27929,0.0030396401416510344
,,,16,,,,,,,,,,,,,,,,,,,,,,,,,,,,,27939,0.0032388276886194944
,,,16,,,,,,,,,,,,,,,,,,,,,,,,,,,,,27949,0.0068506826646625996
,,,16,,,,,,,,,,,,,,,,,,,,,,,,,,,,,27959,0.0048599946312606335
,,,16,,,,,,,,,,,,,,,,,,,,,,,,,,,,,27969,0.02225150540471077
,,,16,,,,,,,,,,,,,,,,,,,,,,,,,,,,,27979,0.04320903867483139
,,,16,,,,,,,,,,,,,,,,,,,,,,,,,,,,,27989,0.6756107211112976
,,,16,,,,,,,,,,,,,,,,,,,,,,,,,,,,,27999,0.05402852222323418
,,,16,,,,,,,,,,,,,,,,,,,,,,,,,,,,,28009,0.002150763990357518
,,,16,,,,,,,,,,,,,,,,,,,,,,,,,,,,,28019,0.0019913450814783573
,,,16,,,,,,,,,,,,,,,,,,,,,,,,,,,,,28029,0.0030261792708188295
,,,16,,,,,,,,,,,,,,,,,,,,,,,,,,,,,28039,0.0009961409959942102
,,,16,,,,,,,,,,,,,,,,,,,,,,,,,,,,,28049,0.2536737024784088
,,,16,,,,,,,,,,,,,,,,,,,,,,,,,,,,,28059,0.00177155586425215
,,,16,,,,,,,,,,,,,,,,,,,,,,,,,,,,,28069,0.001807400374673307
,,,16,,,,,,,,,,,,,,,,,,,,,,,,,,,,,28079,0.012689881958067417
,,,16,,,,,,,,,,,,,,,,,,,,,,,,,,,,,28089,0.44376516342163086
,,,16,,,,,,,,,,,,,,,,,,,,,,,,,,,,,28099,0.014898921363055706
,,,16,,,,,,,,,,,,,,,,,,,,,,,,,,,,,28109,0.05933334305882454
,,,16,,,,,,,,,,,,,,,,,,,,,,,,,,,,,28119,0.006986167747527361
,,,16,,,,,,,,,,,,,,,,,,,,,,,,,,,,,28129,0.16034117341041565
,,,16,,,,,,,,,,,,,,,,,,,,,,,,,,,,,28139,0.021688751876354218
,,,16,,,,,,,,,,,,,,,,,,,,,,,,,,,,,28149,0.004582683555781841
,,,16,,,,,,,,,,,,,,,,,,,,,,,,,,,,,28159,0.4540198743343353
,,,16,,,,,,,,,,,,,,,,,,,,,,,,,,,,,28169,0.01096383761614561
,,,16,,,,,,,,,,,,,,,,,,,,,,,,,,,,,28179,0.0027052636723965406
,,,16,,,,,,,,,,,,,,,,,,,,,,,,,,,,,28189,0.17264777421951294
,,,16,,,,,,,,,,,,,,,,,,,,,,,,,,,,,28199,0.004392347764223814
,,,16,,,,,,,,,,,,,,,,,,,,,,,,,,,,,28209,0.008114173077046871
,,,16,,,,,,,,,,,,,,,,,,,,,,,,,,,,,28219,0.05709751322865486
,,,16,,,,,,,,,,,,,,,,,,,,,,,,,,,,,28229,0.0012788067106157541
,,,16,,,,,,,,,,,,,,,,,,,,,,,,,,,,,28239,0.010884144343435764
,,,16,,,,,,,,,,,,,,,,,,,,,,,,,,,,,28249,0.004626274108886719
,,,,4.747015008238162e-07,2.65929904876617e-06,4.091229305794108e-06,4.091229305794108e-06,6.294198931990935e-06,6.294198931990935e-06,9.683382972293745e-06,9.683382972293745e-06,1.48975122650673e-05,1.48975122650673e-05,2.2919249638565074e-05,4.747015008238162e-07,2.2919249638565074e-05,3.5260384059330885e-05,3.5260384059330885e-05,5.42467447066629e-05,5.42467447066629e-05,8.345653031794292e-05,8.345653031794292e-05,8.345653031794292e-05,8.345653031794292e-05,7.303100012674094e-07,7.303100012674094e-07,1.123553848103707e-06,1.123553848103707e-06,1.7285443816980106e-06,1.7285443816980106e-06,2.65929904876617e-06,28254,
,,,17,,,,,,,,,,,,,,,,,,,,,,,,,,,,,28259,0.005848575849086046
,,,17,,,,,,,,,,,,,,,,,,,,,,,,,,,,,28269,0.04393152892589569
,,,17,,,,,,,,,,,,,,,,,,,,,,,,,,,,,28279,0.002598377177491784
,,,17,,,,,,,,,,,,,,,,,,,,,,,,,,,,,28289,0.06263051182031631
,,,17,,,,,,,,,,,,,,,,,,,,,,,,,,,,,28299,0.05794050544500351
,,,17,,,,,,,,,,,,,,,,,,,,,,,,,,,,,28309,0.006782469805330038
,,,17,,,,,,,,,,,,,,,,,,,,,,,,,,,,,28319,0.05385257303714752
,,,17,,,,,,,,,,,,,,,,,,,,,,,,,,,,,28329,0.01643385738134384
,,,17,,,,,,,,,,,,,,,,,,,,,,,,,,,,,28339,0.0025438591837882996
,,,17,,,,,,,,,,,,,,,,,,,,,,,,,,,,,28349,0.005728190299123526
,,,17,,,,,,,,,,,,,,,,,,,,,,,,,,,,,28359,0.008548320271074772
,,,17,,,,,,,,,,,,,,,,,,,,,,,,,,,,,28369,0.0031830614898353815
,,,17,,,,,,,,,,,,,,,,,,,,,,,,,,,,,28379,0.0019655560608953238
,,,17,,,,,,,,,,,,,,,,,,,,,,,,,,,,,28389,0.004321228712797165
,,,17,,,,,,,,,,,,,,,,,,,,,,,,,,,,,28399,0.00636959308758378
,,,17,,,,,,,,,,,,,,,,,,,,,,,,,,,,,28409,0.33115094900131226
,,,17,,,,,,,,,,,,,,,,,,,,,,,,,,,,,28419,0.005696261301636696
,,,17,,,,,,,,,,,,,,,,,,,,,,,,,,,,,28429,0.1695832461118698
,,,17,,,,,,,,,,,,,,,,,,,,,,,,,,,,,28439,0.2244778573513031
,,,17,,,,,,,,,,,,,,,,,,,,,,,,,,,,,28449,0.007445921655744314
,,,17,,,,,,,,,,,,,,,,,,,,,,,,,,,,,28459,0.002269127406179905
,,,17,,,,,,,,,,,,,,,,,,,,,,,,,,,,,28469,0.006698375567793846
,,,17,,,,,,,,,,,,,,,,,,,,,,,,,,,,,28479,0.0017658232245594263
,,,17,,,,,,,,,,,,,,,,,,,,,,,,,,,,,28489,0.05536828562617302
,,,17,,,,,,,,,,,,,,,,,,,,,,,,,,,,,28499,0.0022765854373574257
,,,17,,,,,,,,,,,,,,,,,,,,,,,,,,,,,28509,0.049658000469207764
,,,17,,,,,,,,,,,,,,,,,,,,,,,,,,,,,28519,0.2813889682292938
,,,17,,,,,,,,,,,,,,,,,,,,,,,,,,,,,28529,0.004096899647265673
,,,17,,,,,,,,,,,,,,,,,,,,,,,,,,,,,28539,0.002420778851956129
,,,17,,,,,,,,,,,,,,,,,,,,,,,,,,,,,28549,0.002110918750986457
,,,17,,,,,,,,,,,,,,,,,,,,,,,,,,,,,28559,0.005279857665300369
,,,17,,,,,,,,,,,,,,,,,,,,,,,,,,,,,28569,0.0010786140337586403
,,,17,,,,,,,,,,,,,,,,,,,,,,,,,,,,,28579,0.0024807178415358067
,,,17,,,,,,,,,,,,,,,,,,,,,,,,,,,,,28589,0.0031193154864013195
,,,17,,,,,,,,,,,,,,,,,,,,,,,,,,,,,28599,0.0222269706428051
,,,17,,,,,,,,,,,,,,,,,,,,,,,,,,,,,28609,0.6567827463150024
,,,17,,,,,,,,,,,,,,,,,,,,,,,,,,,,,28619,0.004109067376703024
,,,17,,,,,,,,,,,,,,,,,,,,,,,,,,,,,28629,1.146775245666504
,,,17,,,,,,,,,,,,,,,,,,,,,,,,,,,,,28639,0.004063393920660019
,,,17,,,,,,,,,,,,,,,,,,,,,,,,,,,,,28649,0.04381716623902321
,,,17,,,,,,,,,,,,,,,,,,,,,,,,,,,,,28659,0.8551523089408875
,,,17,,,,,,,,,,,,,,,,,,,,,,,,,,,,,28669,0.012088187970221043
,,,17,,,,,,,,,,,,,,,,,,,,,,,,,,,,,28679,0.0024891248904168606
,,,17,,,,,,,,,,,,,,,,,,,,,,,,,,,,,28689,0.18943367898464203
,,,17,,,,,,,,,,,,,,,,,,,,,,,,,,,,,28699,0.04749075695872307
,,,17,,,,,,,,,,,,,,,,,,,,,,,,,,,,,28709,0.004336381331086159
,,,17,,,,,,,,,,,,,,,,,,,,,,,,,,,,,28719,0.011769035831093788
,,,17,,,,,,,,,,,,,,,,,,,,,,,,,,,,,28729,0.005247712135314941
,,,17,,,,,,,,,,,,,,,,,,,,,,,,,,,,,28739,0.013476061634719372
,,,17,,,,,,,,,,,,,,,,,,,,,,,,,,,,,28749,0.5127643346786499
,,,17,,,,,,,,,,,,,,,,,,,,,,,,,,,,,28759,0.004234491381794214
,,,17,,,,,,,,,,,,,,,,,,,,,,,,,,,,,28769,0.0026568672619760036
,,,17,,,,,,,,,,,,,,,,,,,,,,,,,,,,,28779,0.014863507822155952
,,,17,,,,,,,,,,,,,,,,,,,,,,,,,,,,,28789,0.0028328862972557545
,,,17,,,,,,,,,,,,,,,,,,,,,,,,,,,,,28799,0.0037300295662134886
,,,17,,,,,,,,,,,,,,,,,,,,,,,,,,,,,28809,0.0055125379003584385
,,,17,,,,,,,,,,,,,,,,,,,,,,,,,,,,,28819,0.13745085895061493
,,,17,,,,,,,,,,,,,,,,,,,,,,,,,,,,,28829,0.001337507157586515
,,,17,,,,,,,,,,,,,,,,,,,,,,,,,,,,,28839,0.0037174897734075785
,,,17,,,,,,,,,,,,,,,,,,,,,,,,,,,,,28849,0.0012565163196995854
,,,17,,,,,,,,,,,,,,,,,,,,,,,,,,,,,28859,0.0008811584557406604
,,,17,,,,,,,,,,,,,,,,,,,,,,,,,,,,,28869,0.011092829518020153
,,,17,,,,,,,,,,,,,,,,,,,,,,,,,,,,,28879,0.001751009258441627
,,,17,,,,,,,,,,,,,,,,,,,,,,,,,,,,,28889,0.004296822473406792
,,,17,,,,,,,,,,,,,,,,,,,,,,,,,,,,,28899,0.011231604032218456
,,,17,,,,,,,,,,,,,,,,,,,,,,,,,,,,,28909,0.0014999882550910115
,,,17,,,,,,,,,,,,,,,,,,,,,,,,,,,,,28919,0.006358529906719923
,,,17,,,,,,,,,,,,,,,,,,,,,,,,,,,,,28929,0.026197737082839012
,,,17,,,,,,,,,,,,,,,,,,,,,,,,,,,,,28939,0.0017433147877454758
,,,17,,,,,,,,,,,,,,,,,,,,,,,,,,,,,28949,0.0024260072968900204
,,,17,,,,,,,,,,,,,,,,,,,,,,,,,,,,,28959,0.4511960744857788
,,,17,,,,,,,,,,,,,,,,,,,,,,,,,,,,,28969,0.3632243871688843
,,,17,,,,,,,,,,,,,,,,,,,,,,,,,,,,,28979,0.0024110288359224796
,,,17,,,,,,,,,,,,,,,,,,,,,,,,,,,,,28989,0.00234558479860425
,,,17,,,,,,,,,,,,,,,,,,,,,,,,,,,,,28999,0.005228113383054733
,,,17,,,,,,,,,,,,,,,,,,,,,,,,,,,,,29009,0.002849813550710678
,,,17,,,,,,,,,,,,,,,,,,,,,,,,,,,,,29019,0.0035651593934744596
,,,17,,,,,,,,,,,,,,,,,,,,,,,,,,,,,29029,0.0031844715122133493
,,,17,,,,,,,,,,,,,,,,,,,,,,,,,,,,,29039,0.05248353257775307
,,,17,,,,,,,,,,,,,,,,,,,,,,,,,,,,,29049,0.005078068468719721
,,,17,,,,,,,,,,,,,,,,,,,,,,,,,,,,,29059,0.03816206008195877
,,,17,,,,,,,,,,,,,,,,,,,,,,,,,,,,,29069,0.0010772187961265445
,,,17,,,,,,,,,,,,,,,,,,,,,,,,,,,,,29079,0.0022925962693989277
,,,17,,,,,,,,,,,,,,,,,,,,,,,,,,,,,29089,0.0066897012293338776
,,,17,,,,,,,,,,,,,,,,,,,,,,,,,,,,,29099,0.009692110121250153
,,,17,,,,,,,,,,,,,,,,,,,,,,,,,,,,,29109,0.0053171319887042046
,,,17,,,,,,,,,,,,,,,,,,,,,,,,,,,,,29119,0.007761378772556782
,,,17,,,,,,,,,,,,,,,,,,,,,,,,,,,,,29129,0.0009675800101831555
,,,17,,,,,,,,,,,,,,,,,,,,,,,,,,,,,29139,0.002398654818534851
,,,17,,,,,,,,,,,,,,,,,,,,,,,,,,,,,29149,0.26869329810142517
,,,17,,,,,,,,,,,,,,,,,,,,,,,,,,,,,29159,0.002854927210137248
,,,17,,,,,,,,,,,,,,,,,,,,,,,,,,,,,29169,0.0028979850467294455
,,,17,,,,,,,,,,,,,,,,,,,,,,,,,,,,,29179,0.0024808694142848253
,,,17,,,,,,,,,,,,,,,,,,,,,,,,,,,,,29189,0.0041094617918133736
,,,17,,,,,,,,,,,,,,,,,,,,,,,,,,,,,29199,0.0020527264568954706
,,,17,,,,,,,,,,,,,,,,,,,,,,,,,,,,,29209,0.005169718060642481
,,,17,,,,,,,,,,,,,,,,,,,,,,,,,,,,,29219,0.012583503499627113
,,,17,,,,,,,,,,,,,,,,,,,,,,,,,,,,,29229,0.001247913925908506
,,,17,,,,,,,,,,,,,,,,,,,,,,,,,,,,,29239,0.07238240540027618
,,,17,,,,,,,,,,,,,,,,,,,,,,,,,,,,,29249,0.005654209293425083
,,,17,,,,,,,,,,,,,,,,,,,,,,,,,,,,,29259,0.5899490714073181
,,,17,,,,,,,,,,,,,,,,,,,,,,,,,,,,,29269,0.0034646831918507814
,,,17,,,,,,,,,,,,,,,,,,,,,,,,,,,,,29279,0.14374016225337982
,,,17,,,,,,,,,,,,,,,,,,,,,,,,,,,,,29289,0.003128897864371538
,,,17,,,,,,,,,,,,,,,,,,,,,,,,,,,,,29299,0.003032580716535449
,,,17,,,,,,,,,,,,,,,,,,,,,,,,,,,,,29309,0.0025110160931944847
,,,17,,,,,,,,,,,,,,,,,,,,,,,,,,,,,29319,0.054531071335077286
,,,17,,,,,,,,,,,,,,,,,,,,,,,,,,,,,29329,0.0035821697674691677
,,,17,,,,,,,,,,,,,,,,,,,,,,,,,,,,,29339,0.01234217919409275
,,,17,,,,,,,,,,,,,,,,,,,,,,,,,,,,,29349,0.0018436337122693658
,,,17,,,,,,,,,,,,,,,,,,,,,,,,,,,,,29359,0.06437928974628448
,,,17,,,,,,,,,,,,,,,,,,,,,,,,,,,,,29369,0.003485629800707102
,,,17,,,,,,,,,,,,,,,,,,,,,,,,,,,,,29379,0.07344271242618561
,,,17,,,,,,,,,,,,,,,,,,,,,,,,,,,,,29389,0.00642688013613224
,,,17,,,,,,,,,,,,,,,,,,,,,,,,,,,,,29399,0.002280975691974163
,,,17,,,,,,,,,,,,,,,,,,,,,,,,,,,,,29409,0.0026242672465741634
,,,17,,,,,,,,,,,,,,,,,,,,,,,,,,,,,29419,0.07748901844024658
,,,17,,,,,,,,,,,,,,,,,,,,,,,,,,,,,29429,0.0012828552862629294
,,,17,,,,,,,,,,,,,,,,,,,,,,,,,,,,,29439,0.08642458915710449
,,,17,,,,,,,,,,,,,,,,,,,,,,,,,,,,,29449,0.001921440358273685
,,,17,,,,,,,,,,,,,,,,,,,,,,,,,,,,,29459,0.001968513010069728
,,,17,,,,,,,,,,,,,,,,,,,,,,,,,,,,,29469,0.0066667781211435795
,,,17,,,,,,,,,,,,,,,,,,,,,,,,,,,,,29479,0.002294837962836027
,,,17,,,,,,,,,,,,,,,,,,,,,,,,,,,,,29489,0.0032257926650345325
,,,17,,,,,,,,,,,,,,,,,,,,,,,,,,,,,29499,0.003747432492673397
,,,17,,,,,,,,,,,,,,,,,,,,,,,,,,,,,29509,0.4198281466960907
,,,17,,,,,,,,,,,,,,,,,,,,,,,,,,,,,29519,0.3588796555995941
,,,17,,,,,,,,,,,,,,,,,,,,,,,,,,,,,29529,0.006683759391307831
,,,17,,,,,,,,,,,,,,,,,,,,,,,,,,,,,29539,0.010173669084906578
,,,17,,,,,,,,,,,,,,,,,,,,,,,,,,,,,29549,0.986725389957428
,,,17,,,,,,,,,,,,,,,,,,,,,,,,,,,,,29559,0.0024184396024793386
,,,17,,,,,,,,,,,,,,,,,,,,,,,,,,,,,29569,0.0010330035584047437
,,,17,,,,,,,,,,,,,,,,,,,,,,,,,,,,,29579,0.005996166728436947
,,,17,,,,,,,,,,,,,,,,,,,,,,,,,,,,,29589,0.0033770930022001266
,,,17,,,,,,,,,,,,,,,,,,,,,,,,,,,,,29599,0.0018446205649524927
,,,17,,,,,,,,,,,,,,,,,,,,,,,,,,,,,29609,0.006666091270744801
,,,17,,,,,,,,,,,,,,,,,,,,,,,,,,,,,29619,0.004830694757401943
,,,17,,,,,,,,,,,,,,,,,,,,,,,,,,,,,29629,0.626652717590332
,,,17,,,,,,,,,,,,,,,,,,,,,,,,,,,,,29639,0.014065995812416077
,,,17,,,,,,,,,,,,,,,,,,,,,,,,,,,,,29649,0.003717331448569894
,,,17,,,,,,,,,,,,,,,,,,,,,,,,,,,,,29659,0.0024223923683166504
,,,17,,,,,,,,,,,,,,,,,,,,,,,,,,,,,29669,0.04773615673184395
,,,17,,,,,,,,,,,,,,,,,,,,,,,,,,,,,29679,0.0015634018927812576
,,,17,,,,,,,,,,,,,,,,,,,,,,,,,,,,,29689,0.016950838267803192
,,,17,,,,,,,,,,,,,,,,,,,,,,,,,,,,,29699,0.0017845957772806287
,,,17,,,,,,,,,,,,,,,,,,,,,,,,,,,,,29709,0.006610876880586147
,,,17,,,,,,,,,,,,,,,,,,,,,,,,,,,,,29719,0.003309512510895729
,,,17,,,,,,,,,,,,,,,,,,,,,,,,,,,,,29729,0.0016241823323071003
,,,17,,,,,,,,,,,,,,,,,,,,,,,,,,,,,29739,0.0037831042427569628
,,,17,,,,,,,,,,,,,,,,,,,,,,,,,,,,,29749,0.4901311695575714
,,,17,,,,,,,,,,,,,,,,,,,,,,,,,,,,,29759,0.0017730274703353643
,,,17,,,,,,,,,,,,,,,,,,,,,,,,,,,,,29769,0.002341351704671979
,,,17,,,,,,,,,,,,,,,,,,,,,,,,,,,,,29779,0.0018055529799312353
,,,17,,,,,,,,,,,,,,,,,,,,,,,,,,,,,29789,0.0032969892490655184
,,,17,,,,,,,,,,,,,,,,,,,,,,,,,,,,,29799,0.006051933858543634
,,,17,,,,,,,,,,,,,,,,,,,,,,,,,,,,,29809,0.007866974920034409
,,,17,,,,,,,,,,,,,,,,,,,,,,,,,,,,,29819,0.5351780652999878
,,,17,,,,,,,,,,,,,,,,,,,,,,,,,,,,,29829,0.001971767283976078
,,,17,,,,,,,,,,,,,,,,,,,,,,,,,,,,,29839,0.12840992212295532
,,,17,,,,,,,,,,,,,,,,,,,,,,,,,,,,,29849,0.5160840749740601
,,,17,,,,,,,,,,,,,,,,,,,,,,,,,,,,,29859,0.0022410168312489986
,,,17,,,,,,,,,,,,,,,,,,,,,,,,,,,,,29869,0.02045406959950924
,,,17,,,,,,,,,,,,,,,,,,,,,,,,,,,,,29879,0.0023281017784029245
,,,17,,,,,,,,,,,,,,,,,,,,,,,,,,,,,29889,0.02823490835726261
,,,17,,,,,,,,,,,,,,,,,,,,,,,,,,,,,29899,0.003259458113461733
,,,17,,,,,,,,,,,,,,,,,,,,,,,,,,,,,29909,0.001634154818020761
,,,,4.5949485572815476e-07,2.5741107424986786e-06,3.960170373074889e-06,3.960170373074889e-06,6.092569804730599e-06,6.092569804730599e-06,9.373184314970152e-06,9.373184314970152e-06,1.4420283561492542e-05,1.4420283561492542e-05,2.2185051633065447e-05,4.5949485572815476e-07,2.2185051633065447e-05,3.4130848666254534e-05,3.4130848666254534e-05,5.2508997948083897e-05,5.2508997948083897e-05,8.07830737662829e-05,8.07830737662829e-05,8.07830737662829e-05,8.07830737662829e-05,7.069151626586995e-07,7.069151626586995e-07,1.0875617887056918e-06,1.0875617887056918e-06,1.673171982624141e-06,1.673171982624141e-06,2.5741107424986786e-06,29916,
,,,18,,,,,,,,,,,,,,,,,,,,,,,,,,,,,29919,0.012511146254837513
,,,18,,,,,,,,,,,,,,,,,,,,,,,,,,,,,29929,0.0054493253119289875
,,,18,,,,,,,,,,,,,,,,,,,,,,,,,,,,,29939,0.002778648864477873
,,,18,,,,,,,,,,,,,,,,,,,,,,,,,,,,,29949,0.025455160066485405
,,,18,,,,,,,,,,,,,,,,,,,,,,,,,,,,,29959,0.04243232309818268
,,,18,,,,,,,,,,,,,,,,,,,,,,,,,,,,,29969,0.009915645234286785
,,,18,,,,,,,,,,,,,,,,,,,,,,,,,,,,,29979,0.002206964185461402
,,,18,,,,,,,,,,,,,,,,,,,,,,,,,,,,,29989,0.005933144595474005
,,,18,,,,,,,,,,,,,,,,,,,,,,,,,,,,,29999,0.0027272352017462254
,,,18,,,,,,,,,,,,,,,,,,,,,,,,,,,,,30009,0.0017110502813011408
,,,18,,,,,,,,,,,,,,,,,,,,,,,,,,,,,30019,0.98097163438797
,,,18,,,,,,,,,,,,,,,,,,,,,,,,,,,,,30029,0.20748376846313477
,,,18,,,,,,,,,,,,,,,,,,,,,,,,,,,,,30039,0.11244163662195206
,,,18,,,,,,,,,,,,,,,,,,,,,,,,,,,,,30049,0.036251500248909
,,,18,,,,,,,,,,,,,,,,,,,,,,,,,,,,,30059,0.28359875082969666
,,,18,,,,,,,,,,,,,,,,,,,,,,,,,,,,,30069,0.003599554765969515
,,,18,,,,,,,,,,,,,,,,,,,,,,,,,,,,,30079,0.0026191547513008118
,,,18,,,,,,,,,,,,,,,,,,,,,,,,,,,,,30089,0.0018051010556519032
,,,18,,,,,,,,,,,,,,,,,,,,,,,,,,,,,30099,0.0013865293003618717
,,,18,,,,,,,,,,,,,,,,,,,,,,,,,,,,,30109,0.05885622277855873
,,,18,,,,,,,,,,,,,,,,,,,,,,,,,,,,,30119,0.004730475600808859
,,,18,,,,,,,,,,,,,,,,,,,,,,,,,,,,,30129,0.0741272047162056
,,,18,,,,,,,,,,,,,,,,,,,,,,,,,,,,,30139,0.005659731104969978
,,,18,,,,,,,,,,,,,,,,,,,,,,,,,,,,,30149,0.0025526767130941153
,,,18,,,,,,,,,,,,,,,,,,,,,,,,,,,,,30159,0.32432425022125244
,,,18,,,,,,,,,,,,,,,,,,,,,,,,,,,,,30169,0.00572457117959857
,,,18,,,,,,,,,,,,,,,,,,,,,,,,,,,,,30179,0.0040380628779530525
,,,18,,,,,,,,,,,,,,,,,,,,,,,,,,,,,30189,0.004396445117890835
,,,18,,,,,,,,,,,,,,,,,,,,,,,,,,,,,30199,0.0015785718569532037
,,,18,,,,,,,,,,,,,,,,,,,,,,,,,,,,,30209,0.25037869811058044
,,,18,,,,,,,,,,,,,,,,,,,,,,,,,,,,,30219,0.003666551085188985
,,,18,,,,,,,,,,,,,,,,,,,,,,,,,,,,,30229,0.0023116478696465492
,,,18,,,,,,,,,,,,,,,,,,,,,,,,,,,,,30239,0.002751346677541733
,,,18,,,,,,,,,,,,,,,,,,,,,,,,,,,,,30249,0.0023629057686775923
,,,18,,,,,,,,,,,,,,,,,,,,,,,,,,,,,30259,0.007128055673092604
,,,18,,,,,,,,,,,,,,,,,,,,,,,,,,,,,30269,0.0022340479772537947
,,,18,,,,,,,,,,,,,,,,,,,,,,,,,,,,,30279,0.10149276256561279
,,,18,,,,,,,,,,,,,,,,,,,,,,,,,,,,,30289,0.0014393958263099194
,,,18,,,,,,,,,,,,,,,,,,,,,,,,,,,,,30299,0.003653254359960556
,,,18,,,,,,,,,,,,,,,,,,,,,,,,,,,,,30309,0.00978514552116394
,,,18,,,,,,,,,,,,,,,,,,,,,,,,,,,,,30319,0.003188328817486763
,,,18,,,,,,,,,,,,,,,,,,,,,,,,,,,,,30329,0.0028038425371050835
,,,18,,,,,,,,,,,,,,,,,,,,,,,,,,,,,30339,0.0012702543754130602
,,,18,,,,,,,,,,,,,,,,,,,,,,,,,,,,,30349,0.003656503278762102
,,,18,,,,,,,,,,,,,,,,,,,,,,,,,,,,,30359,0.2145388126373291
,,,18,,,,,,,,,,,,,,,,,,,,,,,,,,,,,30369,0.01209141407161951
,,,18,,,,,,,,,,,,,,,,,,,,,,,,,,,,,30379,0.03040825016796589
,,,18,,,,,,,,,,,,,,,,,,,,,,,,,,,,,30389,0.03438938409090042
,,,18,,,,,,,,,,,,,,,,,,,,,,,,,,,,,30399,0.004837945103645325
,,,18,,,,,,,,,,,,,,,,,,,,,,,,,,,,,30409,0.07659123092889786
,,,18,,,,,,,,,,,,,,,,,,,,,,,,,,,,,30419,0.003997453022748232
,,,18,,,,,,,,,,,,,,,,,,,,,,,,,,,,,30429,0.00206750282086432
,,,18,,,,,,,,,,,,,,,,,,,,,,,,,,,,,30439,0.003792019560933113
,,,18,,,,,,,,,,,,,,,,,,,,,,,,,,,,,30449,0.0045648179948329926
,,,18,,,,,,,,,,,,,,,,,,,,,,,,,,,,,30459,0.13726328313350677
,,,18,,,,,,,,,,,,,,,,,,,,,,,,,,,,,30469,0.047949302941560745
,,,18,,,,,,,,,,,,,,,,,,,,,,,,,,,,,30479,0.004375902004539967
,,,18,,,,,,,,,,,,,,,,,,,,,,,,,,,,,30489,0.005528544075787067
,,,18,,,,,,,,,,,,,,,,,,,,,,,,,,,,,30499,0.0035931908059865236
,,,18,,,,,,,,,,,,,,,,,,,,,,,,,,,,,30509,0.04851784557104111
,,,18,,,,,,,,,,,,,,,,,,,,,,,,,,,,,30519,0.0015494016697630286
,,,18,,,,,,,,,,,,,,,,,,,,,,,,,,,,,30529,0.004408614709973335
,,,18,,,,,,,,,,,,,,,,,,,,,,,,,,,,,30539,0.0027866577729582787
,,,18,,,,,,,,,,,,,,,,,,,,,,,,,,,,,30549,0.03857942670583725
,,,18,,,,,,,,,,,,,,,,,,,,,,,,,,,,,30559,0.010586231015622616
,,,18,,,,,,,,,,,,,,,,,,,,,,,,,,,,,30569,0.2891252934932709
,,,18,,,,,,,,,,,,,,,,,,,,,,,,,,,,,30579,0.014356566593050957
,,,18,,,,,,,,,,,,,,,,,,,,,,,,,,,,,30589,0.10376212000846863
,,,18,,,,,,,,,,,,,,,,,,,,,,,,,,,,,30599,0.010259210132062435
,,,18,,,,,,,,,,,,,,,,,,,,,,,,,,,,,30609,0.0026165556628257036
,,,18,,,,,,,,,,,,,,,,,,,,,,,,,,,,,30619,0.003199352417141199
,,,18,,,,,,,,,,,,,,,,,,,,,,,,,,,,,30629,0.009434393607079983
,,,18,,,,,,,,,,,,,,,,,,,,,,,,,,,,,30639,0.6037521958351135
,,,18,,,,,,,,,,,,,,,,,,,,,,,,,,,,,30649,0.06289847195148468
,,,18,,,,,,,,,,,,,,,,,,,,,,,,,,,,,30659,0.0016179877566173673
,,,18,,,,,,,,,,,,,,,,,,,,,,,,,,,,,30669,0.0027616112492978573
,,,18,,,,,,,,,,,,,,,,,,,,,,,,,,,,,30679,0.0035408486146479845
,,,18,,,,,,,,,,,,,,,,,,,,,,,,,,,,,30689,0.034122318029403687
,,,18,,,,,,,,,,,,,,,,,,,,,,,,,,,,,30699,0.04983391612768173
,,,18,,,,,,,,,,,,,,,,,,,,,,,,,,,,,30709,0.006053312681615353
,,,18,,,,,,,,,,,,,,,,,,,,,,,,,,,,,30719,0.0032883163075894117
,,,18,,,,,,,,,,,,,,,,,,,,,,,,,,,,,30729,0.0029156520031392574
,,,18,,,,,,,,,,,,,,,,,,,,,,,,,,,,,30739,0.012241555377840996
,,,18,,,,,,,,,,,,,,,,,,,,,,,,,,,,,30749,0.006432013586163521
,,,18,,,,,,,,,,,,,,,,,,,,,,,,,,,,,30759,0.026163706555962563
,,,18,,,,,,,,,,,,,,,,,,,,,,,,,,,,,30769,0.0009880393045023084
,,,18,,,,,,,,,,,,,,,,,,,,,,,,,,,,,30779,0.004093979950994253
,,,18,,,,,,,,,,,,,,,,,,,,,,,,,,,,,30789,0.044790346175432205
,,,18,,,,,,,,,,,,,,,,,,,,,,,,,,,,,30799,0.005490195471793413
,,,18,,,,,,,,,,,,,,,,,,,,,,,,,,,,,30809,0.004332117736339569
,,,18,,,,,,,,,,,,,,,,,,,,,,,,,,,,,30819,0.002237496664747596
,,,18,,,,,,,,,,,,,,,,,,,,,,,,,,,,,30829,1.8630322217941284
,,,18,,,,,,,,,,,,,,,,,,,,,,,,,,,,,30839,0.0034071742556989193
,,,18,,,,,,,,,,,,,,,,,,,,,,,,,,,,,30849,0.049367960542440414
,,,18,,,,,,,,,,,,,,,,,,,,,,,,,,,,,30859,0.0031139894854277372
,,,18,,,,,,,,,,,,,,,,,,,,,,,,,,,,,30869,0.05973118543624878
,,,18,,,,,,,,,,,,,,,,,,,,,,,,,,,,,30879,0.0008589435601606965
,,,18,,,,,,,,,,,,,,,,,,,,,,,,,,,,,30889,0.004006810020655394
,,,18,,,,,,,,,,,,,,,,,,,,,,,,,,,,,30899,0.015571138821542263
,,,18,,,,,,,,,,,,,,,,,,,,,,,,,,,,,30909,0.006575879640877247
,,,18,,,,,,,,,,,,,,,,,,,,,,,,,,,,,30919,0.07818291336297989
,,,18,,,,,,,,,,,,,,,,,,,,,,,,,,,,,30929,0.002772364066913724
,,,18,,,,,,,,,,,,,,,,,,,,,,,,,,,,,30939,0.0026312058325856924
,,,18,,,,,,,,,,,,,,,,,,,,,,,,,,,,,30949,0.0024112151004374027
,,,18,,,,,,,,,,,,,,,,,,,,,,,,,,,,,30959,0.003601476550102234
,,,18,,,,,,,,,,,,,,,,,,,,,,,,,,,,,30969,0.0022661800030618906
,,,18,,,,,,,,,,,,,,,,,,,,,,,,,,,,,30979,0.0023139428813010454
,,,18,,,,,,,,,,,,,,,,,,,,,,,,,,,,,30989,0.0013505821116268635
,,,18,,,,,,,,,,,,,,,,,,,,,,,,,,,,,30999,0.8895953893661499
,,,18,,,,,,,,,,,,,,,,,,,,,,,,,,,,,31009,0.14414240419864655
,,,18,,,,,,,,,,,,,,,,,,,,,,,,,,,,,31019,0.004285275936126709
,,,18,,,,,,,,,,,,,,,,,,,,,,,,,,,,,31029,0.0009925279300659895
,,,18,,,,,,,,,,,,,,,,,,,,,,,,,,,,,31039,0.001592134591192007
,,,18,,,,,,,,,,,,,,,,,,,,,,,,,,,,,31049,0.003017009934410453
,,,18,,,,,,,,,,,,,,,,,,,,,,,,,,,,,31059,0.0023825508542358875
,,,18,,,,,,,,,,,,,,,,,,,,,,,,,,,,,31069,0.0026340638287365437
,,,18,,,,,,,,,,,,,,,,,,,,,,,,,,,,,31079,0.035415783524513245
,,,18,,,,,,,,,,,,,,,,,,,,,,,,,,,,,31089,1.2539564371109009
,,,18,,,,,,,,,,,,,,,,,,,,,,,,,,,,,31099,0.3144058585166931
,,,18,,,,,,,,,,,,,,,,,,,,,,,,,,,,,31109,0.019375983625650406
,,,18,,,,,,,,,,,,,,,,,,,,,,,,,,,,,31119,0.0017904221313074231
,,,18,,,,,,,,,,,,,,,,,,,,,,,,,,,,,31129,0.005127906799316406
,,,18,,,,,,,,,,,,,,,,,,,,,,,,,,,,,31139,0.005869319662451744
,,,18,,,,,,,,,,,,,,,,,,,,,,,,,,,,,31149,0.032798681408166885
,,,18,,,,,,,,,,,,,,,,,,,,,,,,,,,,,31159,0.0013612057082355022
,,,18,,,,,,,,,,,,,,,,,,,,,,,,,,,,,31169,0.0030449579935520887
,,,18,,,,,,,,,,,,,,,,,,,,,,,,,,,,,31179,0.0009349064785055816
,,,18,,,,,,,,,,,,,,,,,,,,,,,,,,,,,31189,0.9585009217262268
,,,18,,,,,,,,,,,,,,,,,,,,,,,,,,,,,31199,0.10732122510671616
,,,18,,,,,,,,,,,,,,,,,,,,,,,,,,,,,31209,0.20361562073230743
,,,18,,,,,,,,,,,,,,,,,,,,,,,,,,,,,31219,0.019597161561250687
,,,18,,,,,,,,,,,,,,,,,,,,,,,,,,,,,31229,0.0012279059737920761
,,,18,,,,,,,,,,,,,,,,,,,,,,,,,,,,,31239,0.001826185965910554
,,,18,,,,,,,,,,,,,,,,,,,,,,,,,,,,,31249,0.005879410542547703
,,,18,,,,,,,,,,,,,,,,,,,,,,,,,,,,,31259,0.00767960399389267
,,,18,,,,,,,,,,,,,,,,,,,,,,,,,,,,,31269,0.003477751510217786
,,,18,,,,,,,,,,,,,,,,,,,,,,,,,,,,,31279,0.004625528119504452
,,,18,,,,,,,,,,,,,,,,,,,,,,,,,,,,,31289,0.0029361587949097157
,,,18,,,,,,,,,,,,,,,,,,,,,,,,,,,,,31299,1.3230351209640503
,,,18,,,,,,,,,,,,,,,,,,,,,,,,,,,,,31309,0.0009111995459534228
,,,18,,,,,,,,,,,,,,,,,,,,,,,,,,,,,31319,0.006498231086879969
,,,18,,,,,,,,,,,,,,,,,,,,,,,,,,,,,31329,0.4704315662384033
,,,18,,,,,,,,,,,,,,,,,,,,,,,,,,,,,31339,0.008068558759987354
,,,18,,,,,,,,,,,,,,,,,,,,,,,,,,,,,31349,0.00254398537799716
,,,18,,,,,,,,,,,,,,,,,,,,,,,,,,,,,31359,0.003441916313022375
,,,18,,,,,,,,,,,,,,,,,,,,,,,,,,,,,31369,0.003211977891623974
,,,18,,,,,,,,,,,,,,,,,,,,,,,,,,,,,31379,0.019733412191271782
,,,18,,,,,,,,,,,,,,,,,,,,,,,,,,,,,31389,0.0015187058597803116
,,,18,,,,,,,,,,,,,,,,,,,,,,,,,,,,,31399,0.001167185022495687
,,,18,,,,,,,,,,,,,,,,,,,,,,,,,,,,,31409,0.0018312293104827404
,,,18,,,,,,,,,,,,,,,,,,,,,,,,,,,,,31419,0.0018020777497440577
,,,18,,,,,,,,,,,,,,,,,,,,,,,,,,,,,31429,0.006167291197925806
,,,18,,,,,,,,,,,,,,,,,,,,,,,,,,,,,31439,0.0011295633157715201
,,,18,,,,,,,,,,,,,,,,,,,,,,,,,,,,,31449,0.1034904345870018
,,,18,,,,,,,,,,,,,,,,,,,,,,,,,,,,,31459,0.010677982121706009
,,,18,,,,,,,,,,,,,,,,,,,,,,,,,,,,,31469,0.0015641413629055023
,,,18,,,,,,,,,,,,,,,,,,,,,,,,,,,,,31479,0.06017553061246872
,,,18,,,,,,,,,,,,,,,,,,,,,,,,,,,,,31489,0.06207071989774704
,,,18,,,,,,,,,,,,,,,,,,,,,,,,,,,,,31499,0.013267086818814278
,,,18,,,,,,,,,,,,,,,,,,,,,,,,,,,,,31509,0.0027815059293061495
,,,18,,,,,,,,,,,,,,,,,,,,,,,,,,,,,31519,0.003588555846363306
,,,18,,,,,,,,,,,,,,,,,,,,,,,,,,,,,31529,0.0011076342780143023
,,,18,,,,,,,,,,,,,,,,,,,,,,,,,,,,,31539,0.019364221021533012
,,,18,,,,,,,,,,,,,,,,,,,,,,,,,,,,,31549,0.024166258051991463
,,,18,,,,,,,,,,,,,,,,,,,,,,,,,,,,,31559,0.00291757402010262
,,,18,,,,,,,,,,,,,,,,,,,,,,,,,,,,,31569,0.002931236056610942
,,,,4.4343516830358614e-07,2.484143654934133e-06,3.821759469129435e-06,3.821759469129435e-06,5.879629952506824e-06,5.879629952506824e-06,9.045584542318189e-06,9.045584542318189e-06,1.3916283911258752e-05,1.3916283911258752e-05,2.1409667555782694e-05,4.4343516830358614e-07,2.1409667555782694e-05,3.293795008581953e-05,3.293795008581953e-05,5.067376936279928e-05,5.067376936279928e-05,7.795964517353735e-05,7.795964517353735e-05,7.795964517353735e-05,7.795964517353735e-05,6.822079512362862e-07,6.822079512362862e-07,1.0495506942096713e-06,1.0495506942096713e-06,1.6146933757071865e-06,1.6146933757071865e-06,2.484143654934133e-06,31578,
,,,19,,,,,,,,,,,,,,,,,,,,,,,,,,,,,31579,0.010540690273046494
,,,19,,,,,,,,,,,,,,,,,,,,,,,,,,,,,31589,0.12360163033008575
,,,19,,,,,,,,,,,,,,,,,,,,,,,,,,,,,31599,0.001670602010563016
,,,19,,,,,,,,,,,,,,,,,,,,,,,,,,,,,31609,0.0027234195731580257
,,,19,,,,,,,,,,,,,,,,,,,,,,,,,,,,,31619,0.0017301798798143864
,,,19,,,,,,,,,,,,,,,,,,,,,,,,,,,,,31629,0.0158240869641304
,,,19,,,,,,,,,,,,,,,,,,,,,,,,,,,,,31639,0.9151197671890259
,,,19,,,,,,,,,,,,,,,,,,,,,,,,,,,,,31649,0.029844218865036964
,,,19,,,,,,,,,,,,,,,,,,,,,,,,,,,,,31659,0.0028631079476326704
,,,19,,,,,,,,,,,,,,,,,,,,,,,,,,,,,31669,0.0021033938974142075
,,,19,,,,,,,,,,,,,,,,,,,,,,,,,,,,,31679,0.00144630775321275
,,,19,,,,,,,,,,,,,,,,,,,,,,,,,,,,,31689,0.0034521000925451517
,,,19,,,,,,,,,,,,,,,,,,,,,,,,,,,,,31699,0.0018864982994273305
,,,19,,,,,,,,,,,,,,,,,,,,,,,,,,,,,31709,0.042608339339494705
,,,19,,,,,,,,,,,,,,,,,,,,,,,,,,,,,31719,0.002014958066865802
,,,19,,,,,,,,,,,,,,,,,,,,,,,,,,,,,31729,0.002154139569029212
,,,19,,,,,,,,,,,,,,,,,,,,,,,,,,,,,31739,0.037904612720012665
,,,19,,,,,,,,,,,,,,,,,,,,,,,,,,,,,31749,0.008536500856280327
,,,19,,,,,,,,,,,,,,,,,,,,,,,,,,,,,31759,0.006139054428786039
,,,19,,,,,,,,,,,,,,,,,,,,,,,,,,,,,31769,0.004392869304865599
,,,19,,,,,,,,,,,,,,,,,,,,,,,,,,,,,31779,0.004832495469599962
,,,19,,,,,,,,,,,,,,,,,,,,,,,,,,,,,31789,0.004507394973188639
,,,19,,,,,,,,,,,,,,,,,,,,,,,,,,,,,31799,0.008544398471713066
,,,19,,,,,,,,,,,,,,,,,,,,,,,,,,,,,31809,0.004431144800037146
,,,19,,,,,,,,,,,,,,,,,,,,,,,,,,,,,31819,0.0017362417420372367
,,,19,,,,,,,,,,,,,,,,,,,,,,,,,,,,,31829,0.002847658935934305
,,,19,,,,,,,,,,,,,,,,,,,,,,,,,,,,,31839,0.0010589610319584608
,,,19,,,,,,,,,,,,,,,,,,,,,,,,,,,,,31849,0.037299394607543945
,,,19,,,,,,,,,,,,,,,,,,,,,,,,,,,,,31859,0.42372313141822815
,,,19,,,,,,,,,,,,,,,,,,,,,,,,,,,,,31869,0.0062719001434743404
,,,19,,,,,,,,,,,,,,,,,,,,,,,,,,,,,31879,0.00635195430368185
,,,19,,,,,,,,,,,,,,,,,,,,,,,,,,,,,31889,0.028776122257113457
,,,19,,,,,,,,,,,,,,,,,,,,,,,,,,,,,31899,0.004990329034626484
,,,19,,,,,,,,,,,,,,,,,,,,,,,,,,,,,31909,0.016940699890255928
,,,19,,,,,,,,,,,,,,,,,,,,,,,,,,,,,31919,0.18636754155158997
,,,19,,,,,,,,,,,,,,,,,,,,,,,,,,,,,31929,0.011966640129685402
,,,19,,,,,,,,,,,,,,,,,,,,,,,,,,,,,31939,0.0044350470416247845
,,,19,,,,,,,,,,,,,,,,,,,,,,,,,,,,,31949,0.00663805240765214
,,,19,,,,,,,,,,,,,,,,,,,,,,,,,,,,,31959,0.0024971370585262775
,,,19,,,,,,,,,,,,,,,,,,,,,,,,,,,,,31969,0.0016145715489983559
,,,19,,,,,,,,,,,,,,,,,,,,,,,,,,,,,31979,0.01229320839047432
,,,19,,,,,,,,,,,,,,,,,,,,,,,,,,,,,31989,0.0032865270040929317
,,,19,,,,,,,,,,,,,,,,,,,,,,,,,,,,,31999,0.00426122872158885
,,,19,,,,,,,,,,,,,,,,,,,,,,,,,,,,,32009,0.0034044310450553894
,,,19,,,,,,,,,,,,,,,,,,,,,,,,,,,,,32019,0.07495365291833878
,,,19,,,,,,,,,,,,,,,,,,,,,,,,,,,,,32029,0.002423634985461831
,,,19,,,,,,,,,,,,,,,,,,,,,,,,,,,,,32039,0.0015700935618951917
,,,19,,,,,,,,,,,,,,,,,,,,,,,,,,,,,32049,0.017957933247089386
,,,19,,,,,,,,,,,,,,,,,,,,,,,,,,,,,32059,0.0011641412274912
,,,19,,,,,,,,,,,,,,,,,,,,,,,,,,,,,32069,0.0027467631734907627
,,,19,,,,,,,,,,,,,,,,,,,,,,,,,,,,,32079,0.04198532924056053
,,,19,,,,,,,,,,,,,,,,,,,,,,,,,,,,,32089,0.009793974459171295
,,,19,,,,,,,,,,,,,,,,,,,,,,,,,,,,,32099,0.02110840380191803
,,,19,,,,,,,,,,,,,,,,,,,,,,,,,,,,,32109,0.005023836623877287
,,,19,,,,,,,,,,,,,,,,,,,,,,,,,,,,,32119,0.005056039430201054
,,,19,,,,,,,,,,,,,,,,,,,,,,,,,,,,,32129,0.2013482302427292
,,,19,,,,,,,,,,,,,,,,,,,,,,,,,,,,,32139,0.17542026937007904
,,,19,,,,,,,,,,,,,,,,,,,,,,,,,,,,,32149,0.005645592696964741
,,,19,,,,,,,,,,,,,,,,,,,,,,,,,,,,,32159,0.0033148545771837234
,,,19,,,,,,,,,,,,,,,,,,,,,,,,,,,,,32169,0.0039413184858858585
,,,19,,,,,,,,,,,,,,,,,,,,,,,,,,,,,32179,0.002585067180916667
,,,19,,,,,,,,,,,,,,,,,,,,,,,,,,,,,32189,0.2236814647912979
,,,19,,,,,,,,,,,,,,,,,,,,,,,,,,,,,32199,0.003209705464541912
,,,19,,,,,,,,,,,,,,,,,,,,,,,,,,,,,32209,0.016268720850348473
,,,19,,,,,,,,,,,,,,,,,,,,,,,,,,,,,32219,0.0023235550615936518
,,,19,,,,,,,,,,,,,,,,,,,,,,,,,,,,,32229,0.0008143344894051552
,,,19,,,,,,,,,,,,,,,,,,,,,,,,,,,,,32239,0.0018319087103009224
,,,19,,,,,,,,,,,,,,,,,,,,,,,,,,,,,32249,0.0016039295587688684
,,,19,,,,,,,,,,,,,,,,,,,,,,,,,,,,,32259,0.0028095257002860308
,,,19,,,,,,,,,,,,,,,,,,,,,,,,,,,,,32269,0.0032717722933739424
,,,19,,,,,,,,,,,,,,,,,,,,,,,,,,,,,32279,0.004853871185332537
,,,19,,,,,,,,,,,,,,,,,,,,,,,,,,,,,32289,0.0024745995178818703
,,,19,,,,,,,,,,,,,,,,,,,,,,,,,,,,,32299,0.0039510298520326614
,,,19,,,,,,,,,,,,,,,,,,,,,,,,,,,,,32309,0.0010211683111265302
,,,19,,,,,,,,,,,,,,,,,,,,,,,,,,,,,32319,0.0009721369715407491
,,,19,,,,,,,,,,,,,,,,,,,,,,,,,,,,,32329,0.010726336389780045
,,,19,,,,,,,,,,,,,,,,,,,,,,,,,,,,,32339,0.07734933495521545
,,,19,,,,,,,,,,,,,,,,,,,,,,,,,,,,,32349,0.0032166342716664076
,,,19,,,,,,,,,,,,,,,,,,,,,,,,,,,,,32359,0.020714521408081055
,,,19,,,,,,,,,,,,,,,,,,,,,,,,,,,,,32369,0.0646795779466629
,,,19,,,,,,,,,,,,,,,,,,,,,,,,,,,,,32379,0.001604900462552905
,,,19,,,,,,,,,,,,,,,,,,,,,,,,,,,,,32389,0.07768920063972473
,,,19,,,,,,,,,,,,,,,,,,,,,,,,,,,,,32399,0.002643197774887085
,,,19,,,,,,,,,,,,,,,,,,,,,,,,,,,,,32409,0.007053297944366932
,,,19,,,,,,,,,,,,,,,,,,,,,,,,,,,,,32419,0.0008440231904387474
,,,19,,,,,,,,,,,,,,,,,,,,,,,,,,,,,32429,0.001364869181998074
,,,19,,,,,,,,,,,,,,,,,,,,,,,,,,,,,32439,0.0031363405287265778
,,,19,,,,,,,,,,,,,,,,,,,,,,,,,,,,,32449,0.2220618575811386
,,,19,,,,,,,,,,,,,,,,,,,,,,,,,,,,,32459,0.005071430932730436
,,,19,,,,,,,,,,,,,,,,,,,,,,,,,,,,,32469,0.00854734517633915
,,,19,,,,,,,,,,,,,,,,,,,,,,,,,,,,,32479,0.00438544899225235
,,,19,,,,,,,,,,,,,,,,,,,,,,,,,,,,,32489,0.0069010271690785885
,,,19,,,,,,,,,,,,,,,,,,,,,,,,,,,,,32499,0.0024254743475466967
,,,19,,,,,,,,,,,,,,,,,,,,,,,,,,,,,32509,0.004508720710873604
,,,19,,,,,,,,,,,,,,,,,,,,,,,,,,,,,32519,0.04752393066883087
,,,19,,,,,,,,,,,,,,,,,,,,,,,,,,,,,32529,0.00776771642267704
,,,19,,,,,,,,,,,,,,,,,,,,,,,,,,,,,32539,0.009364559315145016
,,,19,,,,,,,,,,,,,,,,,,,,,,,,,,,,,32549,0.003118775086477399
,,,19,,,,,,,,,,,,,,,,,,,,,,,,,,,,,32559,0.002799632493406534
,,,19,,,,,,,,,,,,,,,,,,,,,,,,,,,,,32569,0.001633822568692267
,,,19,,,,,,,,,,,,,,,,,,,,,,,,,,,,,32579,0.0033857105299830437
,,,19,,,,,,,,,,,,,,,,,,,,,,,,,,,,,32589,0.0016593008767813444
,,,19,,,,,,,,,,,,,,,,,,,,,,,,,,,,,32599,0.26691004633903503
,,,19,,,,,,,,,,,,,,,,,,,,,,,,,,,,,32609,0.09156496077775955
,,,19,,,,,,,,,,,,,,,,,,,,,,,,,,,,,32619,0.024415243417024612
,,,19,,,,,,,,,,,,,,,,,,,,,,,,,,,,,32629,0.001982355024665594
,,,19,,,,,,,,,,,,,,,,,,,,,,,,,,,,,32639,0.02793828956782818
,,,19,,,,,,,,,,,,,,,,,,,,,,,,,,,,,32649,0.00202021817676723
,,,19,,,,,,,,,,,,,,,,,,,,,,,,,,,,,32659,0.004558414686471224
,,,19,,,,,,,,,,,,,,,,,,,,,,,,,,,,,32669,0.0016062856884673238
,,,19,,,,,,,,,,,,,,,,,,,,,,,,,,,,,32679,0.23578882217407227
,,,19,,,,,,,,,,,,,,,,,,,,,,,,,,,,,32689,0.08244898915290833
,,,19,,,,,,,,,,,,,,,,,,,,,,,,,,,,,32699,0.002303172368556261
,,,19,,,,,,,,,,,,,,,,,,,,,,,,,,,,,32709,0.002983834594488144
,,,19,,,,,,,,,,,,,,,,,,,,,,,,,,,,,32719,0.014030137099325657
,,,19,,,,,,,,,,,,,,,,,,,,,,,,,,,,,32729,0.0010908491676673293
,,,19,,,,,,,,,,,,,,,,,,,,,,,,,,,,,32739,0.0032999978866428137
,,,19,,,,,,,,,,,,,,,,,,,,,,,,,,,,,32749,0.14437232911586761
,,,19,,,,,,,,,,,,,,,,,,,,,,,,,,,,,32759,0.0052498034201562405
,,,19,,,,,,,,,,,,,,,,,,,,,,,,,,,,,32769,0.005571418907493353
,,,19,,,,,,,,,,,,,,,,,,,,,,,,,,,,,32779,0.1791069358587265
,,,19,,,,,,,,,,,,,,,,,,,,,,,,,,,,,32789,0.0013268585316836834
,,,19,,,,,,,,,,,,,,,,,,,,,,,,,,,,,32799,0.0020525942090898752
,,,19,,,,,,,,,,,,,,,,,,,,,,,,,,,,,32809,0.0007574105984531343
,,,19,,,,,,,,,,,,,,,,,,,,,,,,,,,,,32819,0.529950737953186
,,,19,,,,,,,,,,,,,,,,,,,,,,,,,,,,,32829,0.0010058532934635878
,,,19,,,,,,,,,,,,,,,,,,,,,,,,,,,,,32839,0.3047424852848053
,,,19,,,,,,,,,,,,,,,,,,,,,,,,,,,,,32849,0.006377802696079016
,,,19,,,,,,,,,,,,,,,,,,,,,,,,,,,,,32859,0.022574206814169884
,,,19,,,,,,,,,,,,,,,,,,,,,,,,,,,,,32869,0.003337929956614971
,,,19,,,,,,,,,,,,,,,,,,,,,,,,,,,,,32879,0.002093690447509289
,,,19,,,,,,,,,,,,,,,,,,,,,,,,,,,,,32889,0.002316037891432643
,,,19,,,,,,,,,,,,,,,,,,,,,,,,,,,,,32899,0.014323086477816105
,,,19,,,,,,,,,,,,,,,,,,,,,,,,,,,,,32909,0.0024517890997231007
,,,19,,,,,,,,,,,,,,,,,,,,,,,,,,,,,32919,0.0017228246433660388
,,,19,,,,,,,,,,,,,,,,,,,,,,,,,,,,,32929,0.5835884809494019
,,,19,,,,,,,,,,,,,,,,,,,,,,,,,,,,,32939,0.07063905894756317
,,,19,,,,,,,,,,,,,,,,,,,,,,,,,,,,,32949,0.0039894296787679195
,,,19,,,,,,,,,,,,,,,,,,,,,,,,,,,,,32959,0.745171844959259
,,,19,,,,,,,,,,,,,,,,,,,,,,,,,,,,,32969,0.03266075626015663
,,,19,,,,,,,,,,,,,,,,,,,,,,,,,,,,,32979,0.00126782082952559
,,,19,,,,,,,,,,,,,,,,,,,,,,,,,,,,,32989,0.016534365713596344
,,,19,,,,,,,,,,,,,,,,,,,,,,,,,,,,,32999,1.6570967435836792
,,,19,,,,,,,,,,,,,,,,,,,,,,,,,,,,,33009,0.02892085537314415
,,,19,,,,,,,,,,,,,,,,,,,,,,,,,,,,,33019,0.005527576897293329
,,,19,,,,,,,,,,,,,,,,,,,,,,,,,,,,,33029,0.00477078091353178
,,,19,,,,,,,,,,,,,,,,,,,,,,,,,,,,,33039,0.0010124879190698266
,,,19,,,,,,,,,,,,,,,,,,,,,,,,,,,,,33049,0.002491449238732457
,,,19,,,,,,,,,,,,,,,,,,,,,,,,,,,,,33059,0.0006330037722364068
,,,19,,,,,,,,,,,,,,,,,,,,,,,,,,,,,33069,0.004176639951765537
,,,19,,,,,,,,,,,,,,,,,,,,,,,,,,,,,33079,0.0033082356676459312
,,,19,,,,,,,,,,,,,,,,,,,,,,,,,,,,,33089,0.06912118196487427
,,,19,,,,,,,,,,,,,,,,,,,,,,,,,,,,,33099,0.03409557789564133
,,,19,,,,,,,,,,,,,,,,,,,,,,,,,,,,,33109,0.011653141118586063
,,,19,,,,,,,,,,,,,,,,,,,,,,,,,,,,,33119,0.006217909045517445
,,,19,,,,,,,,,,,,,,,,,,,,,,,,,,,,,33129,0.0015774397179484367
,,,19,,,,,,,,,,,,,,,,,,,,,,,,,,,,,33139,0.001734831021167338
,,,19,,,,,,,,,,,,,,,,,,,,,,,,,,,,,33149,0.0010581639362499118
,,,19,,,,,,,,,,,,,,,,,,,,,,,,,,,,,33159,0.0013812672113999724
,,,19,,,,,,,,,,,,,,,,,,,,,,,,,,,,,33169,0.0014857830246910453
,,,19,,,,,,,,,,,,,,,,,,,,,,,,,,,,,33179,0.001672779326327145
,,,19,,,,,,,,,,,,,,,,,,,,,,,,,,,,,33189,0.0019745018798857927
,,,19,,,,,,,,,,,,,,,,,,,,,,,,,,,,,33199,0.0038385377265512943
,,,19,,,,,,,,,,,,,,,,,,,,,,,,,,,,,33209,0.0017112571513280272
,,,19,,,,,,,,,,,,,,,,,,,,,,,,,,,,,33219,0.0034995514433830976
,,,19,,,,,,,,,,,,,,,,,,,,,,,,,,,,,33229,0.29560571908950806
,,,19,,,,,,,,,,,,,,,,,,,,,,,,,,,,,33239,0.022716499865055084
0.8372548818588257,0.8489065766334534,0.8259187340736389,19,,,,,,,,,,,,,,,,,,,,,,,,,,,,,33239,
,,,,4.266006797329287e-07,2.3898360966796885e-06,3.676670917968751e-06,3.676670917968751e-06,5.656416796875001e-06,5.656416796875001e-06,8.702179687500003e-06,8.702179687500003e-06,1.3387968750000002e-05,1.3387968750000002e-05,2.0596875000000004e-05,4.266006797329287e-07,2.0596875000000004e-05,3.1687500000000005e-05,3.1687500000000005e-05,4.8750000000000006e-05,4.8750000000000006e-05,7.500000000000001e-05,7.500000000000001e-05,7.500000000000001e-05,7.500000000000001e-05,6.563087380506595e-07,6.563087380506595e-07,1.0097057508471684e-06,1.0097057508471684e-06,1.5533934628417975e-06,1.5533934628417975e-06,2.3898360966796885e-06,33240,
,,,20,,,,,,,,,,,,,,,,,,,,,,,,,,,,,33249,0.16122333705425262
,,,20,,,,,,,,,,,,,,,,,,,,,,,,,,,,,33259,0.004250171594321728
,,,20,,,,,,,,,,,,,,,,,,,,,,,,,,,,,33269,0.002231103368103504
,,,20,,,,,,,,,,,,,,,,,,,,,,,,,,,,,33279,0.0030083926394581795
,,,20,,,,,,,,,,,,,,,,,,,,,,,,,,,,,33289,0.010221604257822037
,,,20,,,,,,,,,,,,,,,,,,,,,,,,,,,,,33299,0.0015076454728841782
,,,20,,,,,,,,,,,,,,,,,,,,,,,,,,,,,33309,0.03047112189233303
,,,20,,,,,,,,,,,,,,,,,,,,,,,,,,,,,33319,0.02493269369006157
,,,20,,,,,,,,,,,,,,,,,,,,,,,,,,,,,33329,0.023624362424016
,,,20,,,,,,,,,,,,,,,,,,,,,,,,,,,,,33339,0.034428972750902176
,,,20,,,,,,,,,,,,,,,,,,,,,,,,,,,,,33349,0.0025267014279961586
,,,20,,,,,,,,,,,,,,,,,,,,,,,,,,,,,33359,0.0020085263531655073
,,,20,,,,,,,,,,,,,,,,,,,,,,,,,,,,,33369,0.0019415193237364292
,,,20,,,,,,,,,,,,,,,,,,,,,,,,,,,,,33379,0.0505937822163105
,,,20,,,,,,,,,,,,,,,,,,,,,,,,,,,,,33389,0.14169371128082275
,,,20,,,,,,,,,,,,,,,,,,,,,,,,,,,,,33399,0.2153378576040268
,,,20,,,,,,,,,,,,,,,,,,,,,,,,,,,,,33409,0.005301409400999546
,,,20,,,,,,,,,,,,,,,,,,,,,,,,,,,,,33419,0.0015858481638133526
,,,20,,,,,,,,,,,,,,,,,,,,,,,,,,,,,33429,0.0021442363504320383
,,,20,,,,,,,,,,,,,,,,,,,,,,,,,,,,,33439,0.011729028075933456
,,,20,,,,,,,,,,,,,,,,,,,,,,,,,,,,,33449,0.28531309962272644
,,,20,,,,,,,,,,,,,,,,,,,,,,,,,,,,,33459,0.004732550587505102
,,,20,,,,,,,,,,,,,,,,,,,,,,,,,,,,,33469,0.0033530443906784058
,,,20,,,,,,,,,,,,,,,,,,,,,,,,,,,,,33479,0.0020722970366477966
,,,20,,,,,,,,,,,,,,,,,,,,,,,,,,,,,33489,0.0013023769715800881
,,,20,,,,,,,,,,,,,,,,,,,,,,,,,,,,,33499,0.0069571915082633495
,,,20,,,,,,,,,,,,,,,,,,,,,,,,,,,,,33509,0.12900155782699585
,,,20,,,,,,,,,,,,,,,,,,,,,,,,,,,,,33519,0.0065094660967588425
,,,20,,,,,,,,,,,,,,,,,,,,,,,,,,,,,33529,0.009487940929830074
,,,20,,,,,,,,,,,,,,,,,,,,,,,,,,,,,33539,0.31090247631073
,,,20,,,,,,,,,,,,,,,,,,,,,,,,,,,,,33549,0.06784837692975998
,,,20,,,,,,,,,,,,,,,,,,,,,,,,,,,,,33559,0.002050241455435753
,,,20,,,,,,,,,,,,,,,,,,,,,,,,,,,,,33569,0.00437915837392211
,,,20,,,,,,,,,,,,,,,,,,,,,,,,,,,,,33579,0.004282998386770487
,,,20,,,,,,,,,,,,,,,,,,,,,,,,,,,,,33589,0.5720430016517639
,,,20,,,,,,,,,,,,,,,,,,,,,,,,,,,,,33599,0.008456054143607616
,,,20,,,,,,,,,,,,,,,,,,,,,,,,,,,,,33609,0.0016489947447553277
,,,20,,,,,,,,,,,,,,,,,,,,,,,,,,,,,33619,0.0050168209709227085
,,,20,,,,,,,,,,,,,,,,,,,,,,,,,,,,,33629,0.3272632658481598
,,,20,,,,,,,,,,,,,,,,,,,,,,,,,,,,,33639,0.0014530944172292948
,,,20,,,,,,,,,,,,,,,,,,,,,,,,,,,,,33649,0.0009959610179066658
,,,20,,,,,,,,,,,,,,,,,,,,,,,,,,,,,33659,0.011934095062315464
,,,20,,,,,,,,,,,,,,,,,,,,,,,,,,,,,33669,0.026188772171735764
,,,20,,,,,,,,,,,,,,,,,,,,,,,,,,,,,33679,0.00215384759940207
,,,20,,,,,,,,,,,,,,,,,,,,,,,,,,,,,33689,0.006916078273206949
,,,20,,,,,,,,,,,,,,,,,,,,,,,,,,,,,33699,0.015608099289238453
,,,20,,,,,,,,,,,,,,,,,,,,,,,,,,,,,33709,0.0012540724128484726
,,,20,,,,,,,,,,,,,,,,,,,,,,,,,,,,,33719,0.007689459715038538
,,,20,,,,,,,,,,,,,,,,,,,,,,,,,,,,,33729,0.0026972563937306404
,,,20,,,,,,,,,,,,,,,,,,,,,,,,,,,,,33739,0.0026447789277881384
,,,20,,,,,,,,,,,,,,,,,,,,,,,,,,,,,33749,0.004768957383930683
,,,20,,,,,,,,,,,,,,,,,,,,,,,,,,,,,33759,0.031679362058639526
,,,20,,,,,,,,,,,,,,,,,,,,,,,,,,,,,33769,0.026090174913406372
,,,20,,,,,,,,,,,,,,,,,,,,,,,,,,,,,33779,0.016070185229182243
,,,20,,,,,,,,,,,,,,,,,,,,,,,,,,,,,33789,0.3258536159992218
,,,20,,,,,,,,,,,,,,,,,,,,,,,,,,,,,33799,0.026784783229231834
,,,20,,,,,,,,,,,,,,,,,,,,,,,,,,,,,33809,0.1810074895620346
,,,20,,,,,,,,,,,,,,,,,,,,,,,,,,,,,33819,0.0017945136642083526
,,,20,,,,,,,,,,,,,,,,,,,,,,,,,,,,,33829,0.2107187807559967
,,,20,,,,,,,,,,,,,,,,,,,,,,,,,,,,,33839,0.10338423401117325
,,,20,,,,,,,,,,,,,,,,,,,,,,,,,,,,,33849,0.0021505476906895638
,,,20,,,,,,,,,,,,,,,,,,,,,,,,,,,,,33859,0.002615039935335517
,,,20,,,,,,,,,,,,,,,,,,,,,,,,,,,,,33869,0.012067781761288643
,,,20,,,,,,,,,,,,,,,,,,,,,,,,,,,,,33879,0.0037840877193957567
,,,20,,,,,,,,,,,,,,,,,,,,,,,,,,,,,33889,0.03246826305985451
,,,20,,,,,,,,,,,,,,,,,,,,,,,,,,,,,33899,0.05904136225581169
,,,20,,,,,,,,,,,,,,,,,,,,,,,,,,,,,33909,0.005792924202978611
,,,20,,,,,,,,,,,,,,,,,,,,,,,,,,,,,33919,0.1980753391981125
,,,20,,,,,,,,,,,,,,,,,,,,,,,,,,,,,33929,0.0030871136114001274
,,,20,,,,,,,,,,,,,,,,,,,,,,,,,,,,,33939,0.005548865534365177
,,,20,,,,,,,,,,,,,,,,,,,,,,,,,,,,,33949,0.06264997273683548
,,,20,,,,,,,,,,,,,,,,,,,,,,,,,,,,,33959,0.4420366585254669
,,,20,,,,,,,,,,,,,,,,,,,,,,,,,,,,,33969,0.0022472923155874014
,,,20,,,,,,,,,,,,,,,,,,,,,,,,,,,,,33979,0.0047190506011247635
,,,20,,,,,,,,,,,,,,,,,,,,,,,,,,,,,33989,0.011421917006373405
,,,20,,,,,,,,,,,,,,,,,,,,,,,,,,,,,33999,0.003540363162755966
,,,20,,,,,,,,,,,,,,,,,,,,,,,,,,,,,34009,0.001167996902950108
,,,20,,,,,,,,,,,,,,,,,,,,,,,,,,,,,34019,0.02599160373210907
,,,20,,,,,,,,,,,,,,,,,,,,,,,,,,,,,34029,0.9265084862709045
,,,20,,,,,,,,,,,,,,,,,,,,,,,,,,,,,34039,0.006242609582841396
,,,20,,,,,,,,,,,,,,,,,,,,,,,,,,,,,34049,0.0023604375310242176
,,,20,,,,,,,,,,,,,,,,,,,,,,,,,,,,,34059,0.0029144969303160906
,,,20,,,,,,,,,,,,,,,,,,,,,,,,,,,,,34069,0.00494638504460454
,,,20,,,,,,,,,,,,,,,,,,,,,,,,,,,,,34079,0.2858814001083374
,,,20,,,,,,,,,,,,,,,,,,,,,,,,,,,,,34089,0.018544157966971397
,,,20,,,,,,,,,,,,,,,,,,,,,,,,,,,,,34099,0.0017340283375233412
,,,20,,,,,,,,,,,,,,,,,,,,,,,,,,,,,34109,0.004243686329573393
,,,20,,,,,,,,,,,,,,,,,,,,,,,,,,,,,34119,0.0024530324153602123
,,,20,,,,,,,,,,,,,,,,,,,,,,,,,,,,,34129,0.8341768383979797
,,,20,,,,,,,,,,,,,,,,,,,,,,,,,,,,,34139,0.0017555949743837118
,,,20,,,,,,,,,,,,,,,,,,,,,,,,,,,,,34149,0.00545333418995142
,,,20,,,,,,,,,,,,,,,,,,,,,,,,,,,,,34159,0.0009156372398138046
,,,20,,,,,,,,,,,,,,,,,,,,,,,,,,,,,34169,0.008795451372861862
,,,20,,,,,,,,,,,,,,,,,,,,,,,,,,,,,34179,0.004239778034389019
,,,20,,,,,,,,,,,,,,,,,,,,,,,,,,,,,34189,0.002071899827569723
,,,20,,,,,,,,,,,,,,,,,,,,,,,,,,,,,34199,0.0014890102902427316
,,,20,,,,,,,,,,,,,,,,,,,,,,,,,,,,,34209,0.08351652324199677
,,,20,,,,,,,,,,,,,,,,,,,,,,,,,,,,,34219,0.02385103516280651
,,,20,,,,,,,,,,,,,,,,,,,,,,,,,,,,,34229,0.005602221004664898
,,,20,,,,,,,,,,,,,,,,,,,,,,,,,,,,,34239,0.027434490621089935
,,,20,,,,,,,,,,,,,,,,,,,,,,,,,,,,,34249,0.006474539637565613
,,,20,,,,,,,,,,,,,,,,,,,,,,,,,,,,,34259,0.002709725173190236
,,,20,,,,,,,,,,,,,,,,,,,,,,,,,,,,,34269,0.1527959704399109
,,,20,,,,,,,,,,,,,,,,,,,,,,,,,,,,,34279,0.0024549902882426977
,,,20,,,,,,,,,,,,,,,,,,,,,,,,,,,,,34289,0.0018931330414488912
,,,20,,,,,,,,,,,,,,,,,,,,,,,,,,,,,34299,0.0014210733352229
,,,20,,,,,,,,,,,,,,,,,,,,,,,,,,,,,34309,0.024478992447257042
,,,20,,,,,,,,,,,,,,,,,,,,,,,,,,,,,34319,0.05327225849032402
,,,20,,,,,,,,,,,,,,,,,,,,,,,,,,,,,34329,0.002119727898389101
,,,20,,,,,,,,,,,,,,,,,,,,,,,,,,,,,34339,0.005257416050881147
,,,20,,,,,,,,,,,,,,,,,,,,,,,,,,,,,34349,0.008934671990573406
,,,20,,,,,,,,,,,,,,,,,,,,,,,,,,,,,34359,0.07123660296201706
,,,20,,,,,,,,,,,,,,,,,,,,,,,,,,,,,34369,0.0022803570609539747
,,,20,,,,,,,,,,,,,,,,,,,,,,,,,,,,,34379,0.004034436773508787
,,,20,,,,,,,,,,,,,,,,,,,,,,,,,,,,,34389,0.0026366543024778366
,,,20,,,,,,,,,,,,,,,,,,,,,,,,,,,,,34399,0.0015493148239329457
,,,20,,,,,,,,,,,,,,,,,,,,,,,,,,,,,34409,0.0008635014528408647
,,,20,,,,,,,,,,,,,,,,,,,,,,,,,,,,,34419,0.004067186266183853
,,,20,,,,,,,,,,,,,,,,,,,,,,,,,,,,,34429,0.002098686061799526
,,,20,,,,,,,,,,,,,,,,,,,,,,,,,,,,,34439,0.006161579862236977
,,,20,,,,,,,,,,,,,,,,,,,,,,,,,,,,,34449,0.002923001069575548
,,,20,,,,,,,,,,,,,,,,,,,,,,,,,,,,,34459,0.10514218360185623
,,,20,,,,,,,,,,,,,,,,,,,,,,,,,,,,,34469,0.004488835576921701
,,,20,,,,,,,,,,,,,,,,,,,,,,,,,,,,,34479,0.0015264705289155245
,,,20,,,,,,,,,,,,,,,,,,,,,,,,,,,,,34489,0.0025982707738876343
,,,20,,,,,,,,,,,,,,,,,,,,,,,,,,,,,34499,0.016467195004224777
,,,20,,,,,,,,,,,,,,,,,,,,,,,,,,,,,34509,0.0018045827746391296
,,,20,,,,,,,,,,,,,,,,,,,,,,,,,,,,,34519,0.0026967059820890427
,,,20,,,,,,,,,,,,,,,,,,,,,,,,,,,,,34529,0.0042534866370260715
,,,20,,,,,,,,,,,,,,,,,,,,,,,,,,,,,34539,0.01638932339847088
,,,20,,,,,,,,,,,,,,,,,,,,,,,,,,,,,34549,0.001333816209807992
,,,20,,,,,,,,,,,,,,,,,,,,,,,,,,,,,34559,0.0027877879329025745
,,,20,,,,,,,,,,,,,,,,,,,,,,,,,,,,,34569,0.0025285575538873672
,,,20,,,,,,,,,,,,,,,,,,,,,,,,,,,,,34579,0.00289124040864408
,,,20,,,,,,,,,,,,,,,,,,,,,,,,,,,,,34589,0.0010741290170699358
,,,20,,,,,,,,,,,,,,,,,,,,,,,,,,,,,34599,0.004636435303837061
,,,20,,,,,,,,,,,,,,,,,,,,,,,,,,,,,34609,0.3205946385860443
,,,20,,,,,,,,,,,,,,,,,,,,,,,,,,,,,34619,0.0025743802543729544
,,,20,,,,,,,,,,,,,,,,,,,,,,,,,,,,,34629,1.4201411008834839
,,,20,,,,,,,,,,,,,,,,,,,,,,,,,,,,,34639,0.004806675016880035
,,,20,,,,,,,,,,,,,,,,,,,,,,,,,,,,,34649,0.0027767012361437082
,,,20,,,,,,,,,,,,,,,,,,,,,,,,,,,,,34659,0.008438675664365292
,,,20,,,,,,,,,,,,,,,,,,,,,,,,,,,,,34669,0.026473622769117355
,,,20,,,,,,,,,,,,,,,,,,,,,,,,,,,,,34679,0.00094609399093315
,,,20,,,,,,,,,,,,,,,,,,,,,,,,,,,,,34689,0.4041796624660492
,,,20,,,,,,,,,,,,,,,,,,,,,,,,,,,,,34699,0.024220818653702736
,,,20,,,,,,,,,,,,,,,,,,,,,,,,,,,,,34709,0.0025514771696180105
,,,20,,,,,,,,,,,,,,,,,,,,,,,,,,,,,34719,0.012907120399177074
,,,20,,,,,,,,,,,,,,,,,,,,,,,,,,,,,34729,0.25465473532676697
,,,20,,,,,,,,,,,,,,,,,,,,,,,,,,,,,34739,0.0020993705838918686
,,,20,,,,,,,,,,,,,,,,,,,,,,,,,,,,,34749,0.0034686713479459286
,,,20,,,,,,,,,,,,,,,,,,,,,,,,,,,,,34759,0.0047702244482934475
,,,20,,,,,,,,,,,,,,,,,,,,,,,,,,,,,34769,0.30240076780319214
,,,20,,,,,,,,,,,,,,,,,,,,,,,,,,,,,34779,0.0022444615606218576
,,,20,,,,,,,,,,,,,,,,,,,,,,,,,,,,,34789,0.018730759620666504
,,,20,,,,,,,,,,,,,,,,,,,,,,,,,,,,,34799,0.004925427492707968
,,,20,,,,,,,,,,,,,,,,,,,,,,,,,,,,,34809,0.2282462865114212
,,,20,,,,,,,,,,,,,,,,,,,,,,,,,,,,,34819,0.0032115536741912365
,,,20,,,,,,,,,,,,,,,,,,,,,,,,,,,,,34829,0.01925455592572689
,,,20,,,,,,,,,,,,,,,,,,,,,,,,,,,,,34839,0.015521109104156494
,,,20,,,,,,,,,,,,,,,,,,,,,,,,,,,,,34849,0.0030207172967493534
,,,20,,,,,,,,,,,,,,,,,,,,,,,,,,,,,34859,0.26522910594940186
,,,20,,,,,,,,,,,,,,,,,,,,,,,,,,,,,34869,0.008317419327795506
,,,20,,,,,,,,,,,,,,,,,,,,,,,,,,,,,34879,0.018053043633699417
,,,20,,,,,,,,,,,,,,,,,,,,,,,,,,,,,34889,0.05014107748866081
,,,20,,,,,,,,,,,,,,,,,,,,,,,,,,,,,34899,0.003714707214385271
,,,,4.090734059523017e-07,2.2916475246793973e-06,3.5256115764298415e-06,3.5256115764298415e-06,5.4240178098920635e-06,5.4240178098920635e-06,8.344642784449328e-06,8.344642784449328e-06,1.283791197607589e-05,1.283791197607589e-05,1.975063380934752e-05,4.090734059523017e-07,1.975063380934752e-05,3.0385590475919263e-05,3.0385590475919263e-05,4.674706227064502e-05,4.674706227064502e-05,7.191855733945387e-05,7.191855733945387e-05,7.191855733945387e-05,7.191855733945387e-05,6.293437014650794e-07,6.293437014650794e-07,9.682210791770454e-07,9.682210791770454e-07,1.4895708910416082e-06,1.4895708910416082e-06,2.2916475246793973e-06,34902,
,,,21,,,,,,,,,,,,,,,,,,,,,,,,,,,,,34909,0.07915794849395752
,,,21,,,,,,,,,,,,,,,,,,,,,,,,,,,,,34919,0.0019318134291097522
,,,21,,,,,,,,,,,,,,,,,,,,,,,,,,,,,34929,0.0012667006812989712
,,,21,,,,,,,,,,,,,,,,,,,,,,,,,,,,,34939,0.0021473639644682407
,,,21,,,,,,,,,,,,,,,,,,,,,,,,,,,,,34949,0.0022851626854389906
,,,21,,,,,,,,,,,,,,,,,,,,,,,,,,,,,34959,0.0005882171681150794
,,,21,,,,,,,,,,,,,,,,,,,,,,,,,,,,,34969,0.002720475662499666
,,,21,,,,,,,,,,,,,,,,,,,,,,,,,,,,,34979,0.0605613999068737
,,,21,,,,,,,,,,,,,,,,,,,,,,,,,,,,,34989,0.0869969055056572
,,,21,,,,,,,,,,,,,,,,,,,,,,,,,,,,,34999,0.005878756288439035
,,,21,,,,,,,,,,,,,,,,,,,,,,,,,,,,,35009,0.001322986907325685
,,,21,,,,,,,,,,,,,,,,,,,,,,,,,,,,,35019,0.0009666628902778029
,,,21,,,,,,,,,,,,,,,,,,,,,,,,,,,,,35029,0.013502653688192368
,,,21,,,,,,,,,,,,,,,,,,,,,,,,,,,,,35039,0.0021208792459219694
,,,21,,,,,,,,,,,,,,,,,,,,,,,,,,,,,35049,0.0017122291028499603
,,,21,,,,,,,,,,,,,,,,,,,,,,,,,,,,,35059,0.019372694194316864
,,,21,,,,,,,,,,,,,,,,,,,,,,,,,,,,,35069,0.18747152388095856
,,,21,,,,,,,,,,,,,,,,,,,,,,,,,,,,,35079,0.0011675514979287982
,,,21,,,,,,,,,,,,,,,,,,,,,,,,,,,,,35089,0.003210322465747595
,,,21,,,,,,,,,,,,,,,,,,,,,,,,,,,,,35099,0.3071151077747345
,,,21,,,,,,,,,,,,,,,,,,,,,,,,,,,,,35109,0.0010139492806047201
,,,21,,,,,,,,,,,,,,,,,,,,,,,,,,,,,35119,0.003131167497485876
,,,21,,,,,,,,,,,,,,,,,,,,,,,,,,,,,35129,0.001872912747785449
,,,21,,,,,,,,,,,,,,,,,,,,,,,,,,,,,35139,0.007145296316593885
,,,21,,,,,,,,,,,,,,,,,,,,,,,,,,,,,35149,0.002148123923689127
,,,21,,,,,,,,,,,,,,,,,,,,,,,,,,,,,35159,0.11611825972795486
,,,21,,,,,,,,,,,,,,,,,,,,,,,,,,,,,35169,0.001403934438712895
,,,21,,,,,,,,,,,,,,,,,,,,,,,,,,,,,35179,0.01183584239333868
,,,21,,,,,,,,,,,,,,,,,,,,,,,,,,,,,35189,0.0028541849460452795
,,,21,,,,,,,,,,,,,,,,,,,,,,,,,,,,,35199,0.0020745452493429184
,,,21,,,,,,,,,,,,,,,,,,,,,,,,,,,,,35209,0.002764771692454815
,,,21,,,,,,,,,,,,,,,,,,,,,,,,,,,,,35219,0.006722073536366224
,,,21,,,,,,,,,,,,,,,,,,,,,,,,,,,,,35229,0.002278736559674144
,,,21,,,,,,,,,,,,,,,,,,,,,,,,,,,,,35239,0.0021225789096206427
,,,21,,,,,,,,,,,,,,,,,,,,,,,,,,,,,35249,0.3991861939430237
,,,21,,,,,,,,,,,,,,,,,,,,,,,,,,,,,35259,0.008834186010062695
,,,21,,,,,,,,,,,,,,,,,,,,,,,,,,,,,35269,0.06250646710395813
,,,21,,,,,,,,,,,,,,,,,,,,,,,,,,,,,35279,0.004992134403437376
,,,21,,,,,,,,,,,,,,,,,,,,,,,,,,,,,35289,0.011967780068516731
,,,21,,,,,,,,,,,,,,,,,,,,,,,,,,,,,35299,0.009121819399297237
,,,21,,,,,,,,,,,,,,,,,,,,,,,,,,,,,35309,0.0035640050191432238
,,,21,,,,,,,,,,,,,,,,,,,,,,,,,,,,,35319,0.017377128824591637
,,,21,,,,,,,,,,,,,,,,,,,,,,,,,,,,,35329,0.0038005979731678963
,,,21,,,,,,,,,,,,,,,,,,,,,,,,,,,,,35339,0.0028824140317738056
,,,21,,,,,,,,,,,,,,,,,,,,,,,,,,,,,35349,0.0033849396277219057
,,,21,,,,,,,,,,,,,,,,,,,,,,,,,,,,,35359,0.0024827660527080297
,,,21,,,,,,,,,,,,,,,,,,,,,,,,,,,,,35369,0.0025135278701782227
,,,21,,,,,,,,,,,,,,,,,,,,,,,,,,,,,35379,0.003398527391254902
,,,21,,,,,,,,,,,,,,,,,,,,,,,,,,,,,35389,0.0017291633412241936
,,,21,,,,,,,,,,,,,,,,,,,,,,,,,,,,,35399,0.0012637978652492166
,,,21,,,,,,,,,,,,,,,,,,,,,,,,,,,,,35409,0.0033404571004211903
,,,21,,,,,,,,,,,,,,,,,,,,,,,,,,,,,35419,0.002551219891756773
,,,21,,,,,,,,,,,,,,,,,,,,,,,,,,,,,35429,0.031094014644622803
,,,21,,,,,,,,,,,,,,,,,,,,,,,,,,,,,35439,0.0013547544367611408
,,,21,,,,,,,,,,,,,,,,,,,,,,,,,,,,,35449,0.004333470016717911
,,,21,,,,,,,,,,,,,,,,,,,,,,,,,,,,,35459,0.2803352177143097
,,,21,,,,,,,,,,,,,,,,,,,,,,,,,,,,,35469,0.004255724139511585
,,,21,,,,,,,,,,,,,,,,,,,,,,,,,,,,,35479,0.006235843058675528
,,,21,,,,,,,,,,,,,,,,,,,,,,,,,,,,,35489,0.005009826272726059
,,,21,,,,,,,,,,,,,,,,,,,,,,,,,,,,,35499,0.0006985702784731984
,,,21,,,,,,,,,,,,,,,,,,,,,,,,,,,,,35509,0.0024571390822529793
,,,21,,,,,,,,,,,,,,,,,,,,,,,,,,,,,35519,0.08634345233440399
,,,21,,,,,,,,,,,,,,,,,,,,,,,,,,,,,35529,0.18543758988380432
,,,21,,,,,,,,,,,,,,,,,,,,,,,,,,,,,35539,0.0025611051823943853
,,,21,,,,,,,,,,,,,,,,,,,,,,,,,,,,,35549,0.002814510138705373
,,,21,,,,,,,,,,,,,,,,,,,,,,,,,,,,,35559,0.003513092640787363
,,,21,,,,,,,,,,,,,,,,,,,,,,,,,,,,,35569,0.057955533266067505
,,,21,,,,,,,,,,,,,,,,,,,,,,,,,,,,,35579,0.0016057348111644387
,,,21,,,,,,,,,,,,,,,,,,,,,,,,,,,,,35589,0.0009195939055643976
,,,21,,,,,,,,,,,,,,,,,,,,,,,,,,,,,35599,0.0014854747569188476
,,,21,,,,,,,,,,,,,,,,,,,,,,,,,,,,,35609,0.0030769549775868654
,,,21,,,,,,,,,,,,,,,,,,,,,,,,,,,,,35619,0.0027027332689613104
,,,21,,,,,,,,,,,,,,,,,,,,,,,,,,,,,35629,0.0011667250655591488
,,,21,,,,,,,,,,,,,,,,,,,,,,,,,,,,,35639,0.003088593017309904
,,,21,,,,,,,,,,,,,,,,,,,,,,,,,,,,,35649,0.006428977008908987
,,,21,,,,,,,,,,,,,,,,,,,,,,,,,,,,,35659,0.0027720739599317312
,,,21,,,,,,,,,,,,,,,,,,,,,,,,,,,,,35669,0.0021165392827242613
,,,21,,,,,,,,,,,,,,,,,,,,,,,,,,,,,35679,0.002227932447567582
,,,21,,,,,,,,,,,,,,,,,,,,,,,,,,,,,35689,0.020049674436450005
,,,21,,,,,,,,,,,,,,,,,,,,,,,,,,,,,35699,0.0008352667791768909
,,,21,,,,,,,,,,,,,,,,,,,,,,,,,,,,,35709,0.001443124609068036
,,,21,,,,,,,,,,,,,,,,,,,,,,,,,,,,,35719,0.0028293791692703962
,,,21,,,,,,,,,,,,,,,,,,,,,,,,,,,,,35729,0.017553094774484634
,,,21,,,,,,,,,,,,,,,,,,,,,,,,,,,,,35739,0.002051178365945816
,,,21,,,,,,,,,,,,,,,,,,,,,,,,,,,,,35749,0.0015538852894678712
,,,21,,,,,,,,,,,,,,,,,,,,,,,,,,,,,35759,0.002762703225016594
,,,21,,,,,,,,,,,,,,,,,,,,,,,,,,,,,35769,0.19762998819351196
,,,21,,,,,,,,,,,,,,,,,,,,,,,,,,,,,35779,0.001722788205370307
,,,21,,,,,,,,,,,,,,,,,,,,,,,,,,,,,35789,0.0028888790402561426
,,,21,,,,,,,,,,,,,,,,,,,,,,,,,,,,,35799,0.003881829557940364
,,,21,,,,,,,,,,,,,,,,,,,,,,,,,,,,,35809,0.0018873823573812842
,,,21,,,,,,,,,,,,,,,,,,,,,,,,,,,,,35819,0.005875007715076208
,,,21,,,,,,,,,,,,,,,,,,,,,,,,,,,,,35829,0.012863376177847385
,,,21,,,,,,,,,,,,,,,,,,,,,,,,,,,,,35839,1.5198267698287964
,,,21,,,,,,,,,,,,,,,,,,,,,,,,,,,,,35849,0.1359594166278839
,,,21,,,,,,,,,,,,,,,,,,,,,,,,,,,,,35859,0.0017541225533932447
,,,21,,,,,,,,,,,,,,,,,,,,,,,,,,,,,35869,0.0021324409171938896
,,,21,,,,,,,,,,,,,,,,,,,,,,,,,,,,,35879,0.44026634097099304
,,,21,,,,,,,,,,,,,,,,,,,,,,,,,,,,,35889,0.0008437845972366631
,,,21,,,,,,,,,,,,,,,,,,,,,,,,,,,,,35899,0.009122783318161964
,,,21,,,,,,,,,,,,,,,,,,,,,,,,,,,,,35909,1.367466688156128
,,,21,,,,,,,,,,,,,,,,,,,,,,,,,,,,,35919,0.030039817094802856
,,,21,,,,,,,,,,,,,,,,,,,,,,,,,,,,,35929,0.00605569314211607
,,,21,,,,,,,,,,,,,,,,,,,,,,,,,,,,,35939,0.0022722980938851833
,,,21,,,,,,,,,,,,,,,,,,,,,,,,,,,,,35949,0.01631307043135166
,,,21,,,,,,,,,,,,,,,,,,,,,,,,,,,,,35959,0.002475023502483964
,,,21,,,,,,,,,,,,,,,,,,,,,,,,,,,,,35969,0.0018553688423708081
,,,21,,,,,,,,,,,,,,,,,,,,,,,,,,,,,35979,0.0013440644834190607
,,,21,,,,,,,,,,,,,,,,,,,,,,,,,,,,,35989,0.001938185770995915
,,,21,,,,,,,,,,,,,,,,,,,,,,,,,,,,,35999,0.00803274568170309
,,,21,,,,,,,,,,,,,,,,,,,,,,,,,,,,,36009,0.007931985892355442
,,,21,,,,,,,,,,,,,,,,,,,,,,,,,,,,,36019,0.11123988777399063
,,,21,,,,,,,,,,,,,,,,,,,,,,,,,,,,,36029,0.0037726329173892736
,,,21,,,,,,,,,,,,,,,,,,,,,,,,,,,,,36039,0.00340482871979475
,,,21,,,,,,,,,,,,,,,,,,,,,,,,,,,,,36049,0.02136879786849022
,,,21,,,,,,,,,,,,,,,,,,,,,,,,,,,,,36059,0.002634629374369979
,,,21,,,,,,,,,,,,,,,,,,,,,,,,,,,,,36069,0.007931600324809551
,,,21,,,,,,,,,,,,,,,,,,,,,,,,,,,,,36079,0.002023986540734768
,,,21,,,,,,,,,,,,,,,,,,,,,,,,,,,,,36089,0.002521666930988431
,,,21,,,,,,,,,,,,,,,,,,,,,,,,,,,,,36099,0.020107684656977654
,,,21,,,,,,,,,,,,,,,,,,,,,,,,,,,,,36109,0.0034340459387749434
,,,21,,,,,,,,,,,,,,,,,,,,,,,,,,,,,36119,0.5123573541641235
,,,21,,,,,,,,,,,,,,,,,,,,,,,,,,,,,36129,0.007144913077354431
,,,21,,,,,,,,,,,,,,,,,,,,,,,,,,,,,36139,0.00183221569750458
,,,21,,,,,,,,,,,,,,,,,,,,,,,,,,,,,36149,0.0034388911444693804
,,,21,,,,,,,,,,,,,,,,,,,,,,,,,,,,,36159,0.003009346779435873
,,,21,,,,,,,,,,,,,,,,,,,,,,,,,,,,,36169,0.0012622014619410038
,,,21,,,,,,,,,,,,,,,,,,,,,,,,,,,,,36179,0.003099878551438451
,,,21,,,,,,,,,,,,,,,,,,,,,,,,,,,,,36189,0.0029458124190568924
,,,21,,,,,,,,,,,,,,,,,,,,,,,,,,,,,36199,0.0024028941988945007
,,,21,,,,,,,,,,,,,,,,,,,,,,,,,,,,,36209,0.00281925848685205
,,,21,,,,,,,,,,,,,,,,,,,,,,,,,,,,,36219,0.10381559282541275
,,,21,,,,,,,,,,,,,,,,,,,,,,,,,,,,,36229,0.0030570572707802057
,,,21,,,,,,,,,,,,,,,,,,,,,,,,,,,,,36239,0.001357991248369217
,,,21,,,,,,,,,,,,,,,,,,,,,,,,,,,,,36249,0.004548915661871433
,,,21,,,,,,,,,,,,,,,,,,,,,,,,,,,,,36259,0.002234018174931407
,,,21,,,,,,,,,,,,,,,,,,,,,,,,,,,,,36269,0.000478852482046932
,,,21,,,,,,,,,,,,,,,,,,,,,,,,,,,,,36279,0.002806269098073244
,,,21,,,,,,,,,,,,,,,,,,,,,,,,,,,,,36289,0.001520950929261744
,,,21,,,,,,,,,,,,,,,,,,,,,,,,,,,,,36299,0.003631199011579156
,,,21,,,,,,,,,,,,,,,,,,,,,,,,,,,,,36309,0.001260732882656157
,,,21,,,,,,,,,,,,,,,,,,,,,,,,,,,,,36319,0.0022933362051844597
,,,21,,,,,,,,,,,,,,,,,,,,,,,,,,,,,36329,0.003340189578011632
,,,21,,,,,,,,,,,,,,,,,,,,,,,,,,,,,36339,0.003000199794769287
,,,21,,,,,,,,,,,,,,,,,,,,,,,,,,,,,36349,0.005542827770113945
,,,21,,,,,,,,,,,,,,,,,,,,,,,,,,,,,36359,0.598583996295929
,,,21,,,,,,,,,,,,,,,,,,,,,,,,,,,,,36369,0.002306426875293255
,,,21,,,,,,,,,,,,,,,,,,,,,,,,,,,,,36379,0.002215770771726966
,,,21,,,,,,,,,,,,,,,,,,,,,,,,,,,,,36389,0.0025923801586031914
,,,21,,,,,,,,,,,,,,,,,,,,,,,,,,,,,36399,0.003043520962819457
,,,21,,,,,,,,,,,,,,,,,,,,,,,,,,,,,36409,0.004023077432066202
,,,21,,,,,,,,,,,,,,,,,,,,,,,,,,,,,36419,0.0022111369762569666
,,,21,,,,,,,,,,,,,,,,,,,,,,,,,,,,,36429,0.004871556535363197
,,,21,,,,,,,,,,,,,,,,,,,,,,,,,,,,,36439,0.001447815215215087
,,,21,,,,,,,,,,,,,,,,,,,,,,,,,,,,,36449,0.002025639172643423
,,,21,,,,,,,,,,,,,,,,,,,,,,,,,,,,,36459,0.03208640217781067
,,,21,,,,,,,,,,,,,,,,,,,,,,,,,,,,,36469,0.003989641088992357
,,,21,,,,,,,,,,,,,,,,,,,,,,,,,,,,,36479,0.5966042280197144
,,,21,,,,,,,,,,,,,,,,,,,,,,,,,,,,,36489,0.0021610967814922333
,,,21,,,,,,,,,,,,,,,,,,,,,,,,,,,,,36499,0.0011602797312662005
,,,21,,,,,,,,,,,,,,,,,,,,,,,,,,,,,36509,0.35842761397361755
,,,21,,,,,,,,,,,,,,,,,,,,,,,,,,,,,36519,0.003001096425577998
,,,21,,,,,,,,,,,,,,,,,,,,,,,,,,,,,36529,0.007814586162567139
,,,21,,,,,,,,,,,,,,,,,,,,,,,,,,,,,36539,0.002863591304048896
,,,21,,,,,,,,,,,,,,,,,,,,,,,,,,,,,36549,0.0020469429437071085
,,,21,,,,,,,,,,,,,,,,,,,,,,,,,,,,,36559,0.015843205153942108
,,,,3.909387380777291e-07,2.1900563037861647e-06,3.3693173904402533e-06,3.3693173904402533e-06,5.183565216061927e-06,5.183565216061927e-06,7.97471571701835e-06,7.97471571701835e-06,1.226879341079746e-05,1.226879341079746e-05,1.8875066785842246e-05,3.909387380777291e-07,1.8875066785842246e-05,2.9038564285911148e-05,2.9038564285911148e-05,4.4674714286017154e-05,4.4674714286017154e-05,6.873032967079561e-05,6.873032967079561e-05,6.873032967079561e-05,6.873032967079561e-05,6.014442124272754e-07,6.014442124272754e-07,9.252987883496547e-07,9.252987883496547e-07,1.423536597461007e-06,1.423536597461007e-06,2.1900563037861647e-06,36564,
,,,22,,,,,,,,,,,,,,,,,,,,,,,,,,,,,36569,0.0026321271434426308
,,,22,,,,,,,,,,,,,,,,,,,,,,,,,,,,,36579,0.0023783009964972734
,,,22,,,,,,,,,,,,,,,,,,,,,,,,,,,,,36589,0.0015917650889605284
,,,22,,,,,,,,,,,,,,,,,,,,,,,,,,,,,36599,0.4124339520931244
,,,22,,,,,,,,,,,,,,,,,,,,,,,,,,,,,36609,0.0032130589243024588
,,,22,,,,,,,,,,,,,,,,,,,,,,,,,,,,,36619,0.0029909468721598387
,,,22,,,,,,,,,,,,,,,,,,,,,,,,,,,,,36629,0.0019677423406392336
,,,22,,,,,,,,,,,,,,,,,,,,,,,,,,,,,36639,0.18446388840675354
,,,22,,,,,,,,,,,,,,,,,,,,,,,,,,,,,36649,0.06975430995225906
,,,22,,,,,,,,,,,,,,,,,,,,,,,,,,,,,36659,0.00793075654655695
,,,22,,,,,,,,,,,,,,,,,,,,,,,,,,,,,36669,0.0013876769226044416
,,,22,,,,,,,,,,,,,,,,,,,,,,,,,,,,,36679,0.0034738194663077593
,,,22,,,,,,,,,,,,,,,,,,,,,,,,,,,,,36689,0.015010136179625988
,,,22,,,,,,,,,,,,,,,,,,,,,,,,,,,,,36699,0.5185257196426392
,,,22,,,,,,,,,,,,,,,,,,,,,,,,,,,,,36709,0.0012088710209354758
,,,22,,,,,,,,,,,,,,,,,,,,,,,,,,,,,36719,0.0014239856973290443
,,,22,,,,,,,,,,,,,,,,,,,,,,,,,,,,,36729,0.002492679515853524
,,,22,,,,,,,,,,,,,,,,,,,,,,,,,,,,,36739,0.35952726006507874
,,,22,,,,,,,,,,,,,,,,,,,,,,,,,,,,,36749,0.0014516136143356562
,,,22,,,,,,,,,,,,,,,,,,,,,,,,,,,,,36759,0.0031153319869190454
,,,22,,,,,,,,,,,,,,,,,,,,,,,,,,,,,36769,0.008649901486933231
,,,22,,,,,,,,,,,,,,,,,,,,,,,,,,,,,36779,0.0017641681479290128
,,,22,,,,,,,,,,,,,,,,,,,,,,,,,,,,,36789,0.14515146613121033
,,,22,,,,,,,,,,,,,,,,,,,,,,,,,,,,,36799,0.0019455685978755355
,,,22,,,,,,,,,,,,,,,,,,,,,,,,,,,,,36809,0.0028188596479594707
,,,22,,,,,,,,,,,,,,,,,,,,,,,,,,,,,36819,0.0015384607249870896
,,,22,,,,,,,,,,,,,,,,,,,,,,,,,,,,,36829,0.0034887141082435846
,,,22,,,,,,,,,,,,,,,,,,,,,,,,,,,,,36839,0.0015325316926464438
,,,22,,,,,,,,,,,,,,,,,,,,,,,,,,,,,36849,0.028734292834997177
,,,22,,,,,,,,,,,,,,,,,,,,,,,,,,,,,36859,0.039743274450302124
,,,22,,,,,,,,,,,,,,,,,,,,,,,,,,,,,36869,0.0010645333677530289
,,,22,,,,,,,,,,,,,,,,,,,,,,,,,,,,,36879,0.0017119180411100388
,,,22,,,,,,,,,,,,,,,,,,,,,,,,,,,,,36889,0.1142619252204895
,,,22,,,,,,,,,,,,,,,,,,,,,,,,,,,,,36899,0.005299081560224295
,,,22,,,,,,,,,,,,,,,,,,,,,,,,,,,,,36909,0.0016554004978388548
,,,22,,,,,,,,,,,,,,,,,,,,,,,,,,,,,36919,0.0017801654757931828
,,,22,,,,,,,,,,,,,,,,,,,,,,,,,,,,,36929,0.002834890503436327
,,,22,,,,,,,,,,,,,,,,,,,,,,,,,,,,,36939,0.01169784739613533
,,,22,,,,,,,,,,,,,,,,,,,,,,,,,,,,,36949,0.005657813046127558
,,,22,,,,,,,,,,,,,,,,,,,,,,,,,,,,,36959,0.014572975225746632
,,,22,,,,,,,,,,,,,,,,,,,,,,,,,,,,,36969,0.007720069494098425
,,,22,,,,,,,,,,,,,,,,,,,,,,,,,,,,,36979,0.07704699039459229
,,,22,,,,,,,,,,,,,,,,,,,,,,,,,,,,,36989,0.0031888692174106836
,,,22,,,,,,,,,,,,,,,,,,,,,,,,,,,,,36999,0.0008370873401872814
,,,22,,,,,,,,,,,,,,,,,,,,,,,,,,,,,37009,0.11250340193510056
,,,22,,,,,,,,,,,,,,,,,,,,,,,,,,,,,37019,0.0017066153232008219
,,,22,,,,,,,,,,,,,,,,,,,,,,,,,,,,,37029,0.12093198299407959
,,,22,,,,,,,,,,,,,,,,,,,,,,,,,,,,,37039,0.00599411828443408
,,,22,,,,,,,,,,,,,,,,,,,,,,,,,,,,,37049,0.0053705861791968346
,,,22,,,,,,,,,,,,,,,,,,,,,,,,,,,,,37059,0.0025098458863794804
,,,22,,,,,,,,,,,,,,,,,,,,,,,,,,,,,37069,0.002875669626519084
,,,22,,,,,,,,,,,,,,,,,,,,,,,,,,,,,37079,0.002554706297814846
,,,22,,,,,,,,,,,,,,,,,,,,,,,,,,,,,37089,0.001164776855148375
,,,22,,,,,,,,,,,,,,,,,,,,,,,,,,,,,37099,0.7051993012428284
,,,22,,,,,,,,,,,,,,,,,,,,,,,,,,,,,37109,0.0036100123543292284
,,,22,,,,,,,,,,,,,,,,,,,,,,,,,,,,,37119,0.006971818394958973
,,,22,,,,,,,,,,,,,,,,,,,,,,,,,,,,,37129,0.0013733538798987865
,,,22,,,,,,,,,,,,,,,,,,,,,,,,,,,,,37139,0.0020689547527581453
,,,22,,,,,,,,,,,,,,,,,,,,,,,,,,,,,37149,0.007474864833056927
,,,22,,,,,,,,,,,,,,,,,,,,,,,,,,,,,37159,0.0037739835679531097
,,,22,,,,,,,,,,,,,,,,,,,,,,,,,,,,,37169,0.0031316615641117096
,,,22,,,,,,,,,,,,,,,,,,,,,,,,,,,,,37179,0.07626793533563614
,,,22,,,,,,,,,,,,,,,,,,,,,,,,,,,,,37189,0.012057417072355747
,,,22,,,,,,,,,,,,,,,,,,,,,,,,,,,,,37199,0.001970446202903986
,,,22,,,,,,,,,,,,,,,,,,,,,,,,,,,,,37209,0.002062645275145769
,,,22,,,,,,,,,,,,,,,,,,,,,,,,,,,,,37219,0.0030050480272620916
,,,22,,,,,,,,,,,,,,,,,,,,,,,,,,,,,37229,0.002881719497963786
,,,22,,,,,,,,,,,,,,,,,,,,,,,,,,,,,37239,0.0018847939791157842
,,,22,,,,,,,,,,,,,,,,,,,,,,,,,,,,,37249,0.0019207417499274015
,,,22,,,,,,,,,,,,,,,,,,,,,,,,,,,,,37259,0.09184872359037399
,,,22,,,,,,,,,,,,,,,,,,,,,,,,,,,,,37269,0.0008730743429623544
,,,22,,,,,,,,,,,,,,,,,,,,,,,,,,,,,37279,0.0021141471806913614
,,,22,,,,,,,,,,,,,,,,,,,,,,,,,,,,,37289,0.001398602151311934
,,,22,,,,,,,,,,,,,,,,,,,,,,,,,,,,,37299,0.10171981900930405
,,,22,,,,,,,,,,,,,,,,,,,,,,,,,,,,,37309,0.009264262393116951
,,,22,,,,,,,,,,,,,,,,,,,,,,,,,,,,,37319,0.00183936080429703
,,,22,,,,,,,,,,,,,,,,,,,,,,,,,,,,,37329,0.0015485603362321854
,,,22,,,,,,,,,,,,,,,,,,,,,,,,,,,,,37339,0.0452951118350029
,,,22,,,,,,,,,,,,,,,,,,,,,,,,,,,,,37349,0.008343731053173542
,,,22,,,,,,,,,,,,,,,,,,,,,,,,,,,,,37359,0.0016426489455625415
,,,22,,,,,,,,,,,,,,,,,,,,,,,,,,,,,37369,0.17322562634944916
,,,22,,,,,,,,,,,,,,,,,,,,,,,,,,,,,37379,0.003172020660713315
,,,22,,,,,,,,,,,,,,,,,,,,,,,,,,,,,37389,0.026589181274175644
,,,22,,,,,,,,,,,,,,,,,,,,,,,,,,,,,37399,0.0005669177626259625
,,,22,,,,,,,,,,,,,,,,,,,,,,,,,,,,,37409,0.002344984095543623
,,,22,,,,,,,,,,,,,,,,,,,,,,,,,,,,,37419,0.001936999149620533
,,,22,,,,,,,,,,,,,,,,,,,,,,,,,,,,,37429,0.03604741021990776
,,,22,,,,,,,,,,,,,,,,,,,,,,,,,,,,,37439,0.0020944660063833
,,,22,,,,,,,,,,,,,,,,,,,,,,,,,,,,,37449,0.0009167458629235625
,,,22,,,,,,,,,,,,,,,,,,,,,,,,,,,,,37459,0.003274906426668167
,,,22,,,,,,,,,,,,,,,,,,,,,,,,,,,,,37469,0.0006399638950824738
,,,22,,,,,,,,,,,,,,,,,,,,,,,,,,,,,37479,0.0015339268138632178
,,,22,,,,,,,,,,,,,,,,,,,,,,,,,,,,,37489,0.017349226400256157
,,,22,,,,,,,,,,,,,,,,,,,,,,,,,,,,,37499,0.29412928223609924
,,,22,,,,,,,,,,,,,,,,,,,,,,,,,,,,,37509,0.03676530346274376
,,,22,,,,,,,,,,,,,,,,,,,,,,,,,,,,,37519,0.002411440946161747
,,,22,,,,,,,,,,,,,,,,,,,,,,,,,,,,,37529,1.7815641164779663
,,,22,,,,,,,,,,,,,,,,,,,,,,,,,,,,,37539,0.006003323942422867
,,,22,,,,,,,,,,,,,,,,,,,,,,,,,,,,,37549,0.007921909913420677
,,,22,,,,,,,,,,,,,,,,,,,,,,,,,,,,,37559,0.05081791803240776
,,,22,,,,,,,,,,,,,,,,,,,,,,,,,,,,,37569,0.08441245555877686
,,,22,,,,,,,,,,,,,,,,,,,,,,,,,,,,,37579,0.5803167223930359
,,,22,,,,,,,,,,,,,,,,,,,,,,,,,,,,,37589,0.03551182895898819
,,,22,,,,,,,,,,,,,,,,,,,,,,,,,,,,,37599,1.531151294708252
,,,22,,,,,,,,,,,,,,,,,,,,,,,,,,,,,37609,0.001056554028764367
,,,22,,,,,,,,,,,,,,,,,,,,,,,,,,,,,37619,0.0048795342445373535
,,,22,,,,,,,,,,,,,,,,,,,,,,,,,,,,,37629,0.744034469127655
,,,22,,,,,,,,,,,,,,,,,,,,,,,,,,,,,37639,0.004539542365819216
,,,22,,,,,,,,,,,,,,,,,,,,,,,,,,,,,37649,0.004327547736465931
,,,22,,,,,,,,,,,,,,,,,,,,,,,,,,,,,37659,0.016932502388954163
,,,22,,,,,,,,,,,,,,,,,,,,,,,,,,,,,37669,0.03566615656018257
,,,22,,,,,,,,,,,,,,,,,,,,,,,,,,,,,37679,0.0015772804617881775
,,,22,,,,,,,,,,,,,,,,,,,,,,,,,,,,,37689,0.0022215312346816063
,,,22,,,,,,,,,,,,,,,,,,,,,,,,,,,,,37699,0.0040283831767737865
,,,22,,,,,,,,,,,,,,,,,,,,,,,,,,,,,37709,0.008465477265417576
,,,22,,,,,,,,,,,,,,,,,,,,,,,,,,,,,37719,0.0018630725098773837
,,,22,,,,,,,,,,,,,,,,,,,,,,,,,,,,,37729,0.00256693665869534
,,,22,,,,,,,,,,,,,,,,,,,,,,,,,,,,,37739,0.0026059565134346485
,,,22,,,,,,,,,,,,,,,,,,,,,,,,,,,,,37749,0.0045287832617759705
,,,22,,,,,,,,,,,,,,,,,,,,,,,,,,,,,37759,0.0033094813115894794
,,,22,,,,,,,,,,,,,,,,,,,,,,,,,,,,,37769,0.0034251981414854527
,,,22,,,,,,,,,,,,,,,,,,,,,,,,,,,,,37779,0.0020097107626497746
,,,22,,,,,,,,,,,,,,,,,,,,,,,,,,,,,37789,0.003800058038905263
,,,22,,,,,,,,,,,,,,,,,,,,,,,,,,,,,37799,0.0022861657198518515
,,,22,,,,,,,,,,,,,,,,,,,,,,,,,,,,,37809,0.004457531031221151
,,,22,,,,,,,,,,,,,,,,,,,,,,,,,,,,,37819,0.001587303588166833
,,,22,,,,,,,,,,,,,,,,,,,,,,,,,,,,,37829,0.14995571970939636
,,,22,,,,,,,,,,,,,,,,,,,,,,,,,,,,,37839,0.04295818507671356
,,,22,,,,,,,,,,,,,,,,,,,,,,,,,,,,,37849,0.007839901372790337
,,,22,,,,,,,,,,,,,,,,,,,,,,,,,,,,,37859,0.0029466445557773113
,,,22,,,,,,,,,,,,,,,,,,,,,,,,,,,,,37869,0.0023568780161440372
,,,22,,,,,,,,,,,,,,,,,,,,,,,,,,,,,37879,0.004012265242636204
,,,22,,,,,,,,,,,,,,,,,,,,,,,,,,,,,37889,0.0018967363284900784
,,,22,,,,,,,,,,,,,,,,,,,,,,,,,,,,,37899,0.01447877287864685
,,,22,,,,,,,,,,,,,,,,,,,,,,,,,,,,,37909,0.0014858150389045477
,,,22,,,,,,,,,,,,,,,,,,,,,,,,,,,,,37919,0.009074700064957142
,,,22,,,,,,,,,,,,,,,,,,,,,,,,,,,,,37929,0.0028628066647797823
,,,22,,,,,,,,,,,,,,,,,,,,,,,,,,,,,37939,0.2162320613861084
,,,22,,,,,,,,,,,,,,,,,,,,,,,,,,,,,37949,0.008720205165445805
,,,22,,,,,,,,,,,,,,,,,,,,,,,,,,,,,37959,0.0052405535243451595
,,,22,,,,,,,,,,,,,,,,,,,,,,,,,,,,,37969,0.0019923041108995676
,,,22,,,,,,,,,,,,,,,,,,,,,,,,,,,,,37979,0.0010752883972600102
,,,22,,,,,,,,,,,,,,,,,,,,,,,,,,,,,37989,0.01624528504908085
,,,22,,,,,,,,,,,,,,,,,,,,,,,,,,,,,37999,0.013692480511963367
,,,22,,,,,,,,,,,,,,,,,,,,,,,,,,,,,38009,0.00253658345900476
,,,22,,,,,,,,,,,,,,,,,,,,,,,,,,,,,38019,0.002422178164124489
,,,22,,,,,,,,,,,,,,,,,,,,,,,,,,,,,38029,0.005079180002212524
,,,22,,,,,,,,,,,,,,,,,,,,,,,,,,,,,38039,0.002499944530427456
,,,22,,,,,,,,,,,,,,,,,,,,,,,,,,,,,38049,0.003502932842820883
,,,22,,,,,,,,,,,,,,,,,,,,,,,,,,,,,38059,0.022246917709708214
,,,22,,,,,,,,,,,,,,,,,,,,,,,,,,,,,38069,0.0030295217875391245
,,,22,,,,,,,,,,,,,,,,,,,,,,,,,,,,,38079,0.003164835972711444
,,,22,,,,,,,,,,,,,,,,,,,,,,,,,,,,,38089,0.020097237080335617
,,,22,,,,,,,,,,,,,,,,,,,,,,,,,,,,,38099,0.003265409730374813
,,,22,,,,,,,,,,,,,,,,,,,,,,,,,,,,,38109,0.0073045119643211365
,,,22,,,,,,,,,,,,,,,,,,,,,,,,,,,,,38119,0.002310053911060095
,,,22,,,,,,,,,,,,,,,,,,,,,,,,,,,,,38129,0.001529885339550674
,,,22,,,,,,,,,,,,,,,,,,,,,,,,,,,,,38139,0.003815455362200737
,,,22,,,,,,,,,,,,,,,,,,,,,,,,,,,,,38149,0.002577537437900901
,,,22,,,,,,,,,,,,,,,,,,,,,,,,,,,,,38159,0.03199630603194237
,,,22,,,,,,,,,,,,,,,,,,,,,,,,,,,,,38169,0.22574129700660706
,,,22,,,,,,,,,,,,,,,,,,,,,,,,,,,,,38179,0.0020367689430713654
,,,22,,,,,,,,,,,,,,,,,,,,,,,,,,,,,38189,0.009123601019382477
,,,22,,,,,,,,,,,,,,,,,,,,,,,,,,,,,38199,0.007941837422549725
,,,22,,,,,,,,,,,,,,,,,,,,,,,,,,,,,38209,0.0017973340582102537
,,,22,,,,,,,,,,,,,,,,,,,,,,,,,,,,,38219,0.0018740496598184109
,,,,3.722850263882052e-07,2.0855573762162682e-06,3.208549809563489e-06,3.208549809563489e-06,4.936230476251522e-06,4.936230476251522e-06,7.594200732694648e-06,7.594200732694648e-06,1.168338574260715e-05,1.168338574260715e-05,1.7974439604011e-05,3.722850263882052e-07,1.7974439604011e-05,2.7652984006170768e-05,2.7652984006170768e-05,4.2543052317185797e-05,4.2543052317185797e-05,6.545084971874738e-05,6.545084971874738e-05,6.545084971874738e-05,6.545084971874738e-05,5.727461944433926e-07,5.727461944433926e-07,8.811479914513733e-07,8.811479914513733e-07,1.3556122945405742e-06,1.3556122945405742e-06,2.0855573762162682e-06,38226,
,,,23,,,,,,,,,,,,,,,,,,,,,,,,,,,,,38229,0.0034964948426932096
,,,23,,,,,,,,,,,,,,,,,,,,,,,,,,,,,38239,0.02254084125161171
,,,23,,,,,,,,,,,,,,,,,,,,,,,,,,,,,38249,0.0018526144558563828
,,,23,,,,,,,,,,,,,,,,,,,,,,,,,,,,,38259,0.0037784066516906023
,,,23,,,,,,,,,,,,,,,,,,,,,,,,,,,,,38269,0.0023622740991413593
,,,23,,,,,,,,,,,,,,,,,,,,,,,,,,,,,38279,0.09925664961338043
,,,23,,,,,,,,,,,,,,,,,,,,,,,,,,,,,38289,0.0010698443511500955
,,,23,,,,,,,,,,,,,,,,,,,,,,,,,,,,,38299,0.00922597199678421
,,,23,,,,,,,,,,,,,,,,,,,,,,,,,,,,,38309,0.002443501492962241
,,,23,,,,,,,,,,,,,,,,,,,,,,,,,,,,,38319,0.016162605956196785
,,,23,,,,,,,,,,,,,,,,,,,,,,,,,,,,,38329,0.01715931110084057
,,,23,,,,,,,,,,,,,,,,,,,,,,,,,,,,,38339,0.0019299309933558106
,,,23,,,,,,,,,,,,,,,,,,,,,,,,,,,,,38349,0.003349331207573414
,,,23,,,,,,,,,,,,,,,,,,,,,,,,,,,,,38359,0.0030862910207360983
,,,23,,,,,,,,,,,,,,,,,,,,,,,,,,,,,38369,0.0021852804347872734
,,,23,,,,,,,,,,,,,,,,,,,,,,,,,,,,,38379,0.0010794197442010045
,,,23,,,,,,,,,,,,,,,,,,,,,,,,,,,,,38389,0.0019060669001191854
,,,23,,,,,,,,,,,,,,,,,,,,,,,,,,,,,38399,0.0020542156416922808
,,,23,,,,,,,,,,,,,,,,,,,,,,,,,,,,,38409,0.0024994395207613707
,,,23,,,,,,,,,,,,,,,,,,,,,,,,,,,,,38419,0.018045010045170784
,,,23,,,,,,,,,,,,,,,,,,,,,,,,,,,,,38429,0.0023513375781476498
,,,23,,,,,,,,,,,,,,,,,,,,,,,,,,,,,38439,0.0017944236751645803
,,,23,,,,,,,,,,,,,,,,,,,,,,,,,,,,,38449,0.007601696066558361
,,,23,,,,,,,,,,,,,,,,,,,,,,,,,,,,,38459,0.004003073088824749
,,,23,,,,,,,,,,,,,,,,,,,,,,,,,,,,,38469,0.003629922168329358
,,,23,,,,,,,,,,,,,,,,,,,,,,,,,,,,,38479,0.016987726092338562
,,,23,,,,,,,,,,,,,,,,,,,,,,,,,,,,,38489,0.035997048020362854
,,,23,,,,,,,,,,,,,,,,,,,,,,,,,,,,,38499,0.0032719324808567762
,,,23,,,,,,,,,,,,,,,,,,,,,,,,,,,,,38509,0.003886590711772442
,,,23,,,,,,,,,,,,,,,,,,,,,,,,,,,,,38519,0.004398241173475981
,,,23,,,,,,,,,,,,,,,,,,,,,,,,,,,,,38529,0.0013799131847918034
,,,23,,,,,,,,,,,,,,,,,,,,,,,,,,,,,38539,0.0013940531061962247
,,,23,,,,,,,,,,,,,,,,,,,,,,,,,,,,,38549,0.2627282440662384
,,,23,,,,,,,,,,,,,,,,,,,,,,,,,,,,,38559,0.0013987147249281406
,,,23,,,,,,,,,,,,,,,,,,,,,,,,,,,,,38569,4.041167259216309
,,,23,,,,,,,,,,,,,,,,,,,,,,,,,,,,,38579,0.0023778118193149567
,,,23,,,,,,,,,,,,,,,,,,,,,,,,,,,,,38589,0.06906575709581375
,,,23,,,,,,,,,,,,,,,,,,,,,,,,,,,,,38599,0.027861462906003
,,,23,,,,,,,,,,,,,,,,,,,,,,,,,,,,,38609,0.004124457016587257
,,,23,,,,,,,,,,,,,,,,,,,,,,,,,,,,,38619,0.007997455075383186
,,,23,,,,,,,,,,,,,,,,,,,,,,,,,,,,,38629,0.0037123975344002247
,,,23,,,,,,,,,,,,,,,,,,,,,,,,,,,,,38639,0.0015652324073016644
,,,23,,,,,,,,,,,,,,,,,,,,,,,,,,,,,38649,0.0015506625641137362
,,,23,,,,,,,,,,,,,,,,,,,,,,,,,,,,,38659,0.004868186078965664
,,,23,,,,,,,,,,,,,,,,,,,,,,,,,,,,,38669,0.0012037631822749972
,,,23,,,,,,,,,,,,,,,,,,,,,,,,,,,,,38679,0.23654404282569885
,,,23,,,,,,,,,,,,,,,,,,,,,,,,,,,,,38689,0.06642482429742813
,,,23,,,,,,,,,,,,,,,,,,,,,,,,,,,,,38699,0.005609608255326748
,,,23,,,,,,,,,,,,,,,,,,,,,,,,,,,,,38709,0.0030252805445343256
,,,23,,,,,,,,,,,,,,,,,,,,,,,,,,,,,38719,0.6954784393310547
,,,23,,,,,,,,,,,,,,,,,,,,,,,,,,,,,38729,0.001889302977360785
,,,23,,,,,,,,,,,,,,,,,,,,,,,,,,,,,38739,0.002161562442779541
,,,23,,,,,,,,,,,,,,,,,,,,,,,,,,,,,38749,0.4102547764778137
,,,23,,,,,,,,,,,,,,,,,,,,,,,,,,,,,38759,0.00300516071729362
,,,23,,,,,,,,,,,,,,,,,,,,,,,,,,,,,38769,0.004143877420574427
,,,23,,,,,,,,,,,,,,,,,,,,,,,,,,,,,38779,0.0020444602705538273
,,,23,,,,,,,,,,,,,,,,,,,,,,,,,,,,,38789,0.015045017004013062
,,,23,,,,,,,,,,,,,,,,,,,,,,,,,,,,,38799,0.0016709835035726428
,,,23,,,,,,,,,,,,,,,,,,,,,,,,,,,,,38809,0.0013420010218396783
,,,23,,,,,,,,,,,,,,,,,,,,,,,,,,,,,38819,0.0023877169005572796
,,,23,,,,,,,,,,,,,,,,,,,,,,,,,,,,,38829,0.00179369340185076
,,,23,,,,,,,,,,,,,,,,,,,,,,,,,,,,,38839,0.00189432583283633
,,,23,,,,,,,,,,,,,,,,,,,,,,,,,,,,,38849,0.001863150973804295
,,,23,,,,,,,,,,,,,,,,,,,,,,,,,,,,,38859,0.0019504372030496597
,,,23,,,,,,,,,,,,,,,,,,,,,,,,,,,,,38869,0.0006435054237954319
,,,23,,,,,,,,,,,,,,,,,,,,,,,,,,,,,38879,0.14622123539447784
,,,23,,,,,,,,,,,,,,,,,,,,,,,,,,,,,38889,0.00217614509165287
,,,23,,,,,,,,,,,,,,,,,,,,,,,,,,,,,38899,0.00491586746647954
,,,23,,,,,,,,,,,,,,,,,,,,,,,,,,,,,38909,0.002155066467821598
,,,23,,,,,,,,,,,,,,,,,,,,,,,,,,,,,38919,0.003892118576914072
,,,23,,,,,,,,,,,,,,,,,,,,,,,,,,,,,38929,0.0019669504836201668
,,,23,,,,,,,,,,,,,,,,,,,,,,,,,,,,,38939,0.0033318952191621065
,,,23,,,,,,,,,,,,,,,,,,,,,,,,,,,,,38949,0.0036207044031471014
,,,23,,,,,,,,,,,,,,,,,,,,,,,,,,,,,38959,0.0017332216957584023
,,,23,,,,,,,,,,,,,,,,,,,,,,,,,,,,,38969,0.0024627887178212404
,,,23,,,,,,,,,,,,,,,,,,,,,,,,,,,,,38979,0.002674124436452985
,,,23,,,,,,,,,,,,,,,,,,,,,,,,,,,,,38989,0.000909105408936739
,,,23,,,,,,,,,,,,,,,,,,,,,,,,,,,,,38999,0.002253883285447955
,,,23,,,,,,,,,,,,,,,,,,,,,,,,,,,,,39009,0.0026033881586045027
,,,23,,,,,,,,,,,,,,,,,,,,,,,,,,,,,39019,0.001322621013969183
,,,23,,,,,,,,,,,,,,,,,,,,,,,,,,,,,39029,0.0022408217191696167
,,,23,,,,,,,,,,,,,,,,,,,,,,,,,,,,,39039,1.1103640794754028
,,,23,,,,,,,,,,,,,,,,,,,,,,,,,,,,,39049,0.002558331238105893
,,,23,,,,,,,,,,,,,,,,,,,,,,,,,,,,,39059,0.06052525341510773
,,,23,,,,,,,,,,,,,,,,,,,,,,,,,,,,,39069,0.07087298482656479
,,,23,,,,,,,,,,,,,,,,,,,,,,,,,,,,,39079,0.005590788554400206
,,,23,,,,,,,,,,,,,,,,,,,,,,,,,,,,,39089,0.002209289465099573
,,,23,,,,,,,,,,,,,,,,,,,,,,,,,,,,,39099,0.0033687190152704716
,,,23,,,,,,,,,,,,,,,,,,,,,,,,,,,,,39109,0.020681852474808693
,,,23,,,,,,,,,,,,,,,,,,,,,,,,,,,,,39119,0.00223489198833704
,,,23,,,,,,,,,,,,,,,,,,,,,,,,,,,,,39129,0.12061399966478348
,,,23,,,,,,,,,,,,,,,,,,,,,,,,,,,,,39139,0.0009251593728549778
,,,23,,,,,,,,,,,,,,,,,,,,,,,,,,,,,39149,0.0013702705036848783
,,,23,,,,,,,,,,,,,,,,,,,,,,,,,,,,,39159,0.0022366163320839405
,,,23,,,,,,,,,,,,,,,,,,,,,,,,,,,,,39169,0.0015700900694355369
,,,23,,,,,,,,,,,,,,,,,,,,,,,,,,,,,39179,0.06383249908685684
,,,23,,,,,,,,,,,,,,,,,,,,,,,,,,,,,39189,0.0019604703411459923
,,,23,,,,,,,,,,,,,,,,,,,,,,,,,,,,,39199,0.354856014251709
,,,23,,,,,,,,,,,,,,,,,,,,,,,,,,,,,39209,0.0021816191729158163
,,,23,,,,,,,,,,,,,,,,,,,,,,,,,,,,,39219,0.0060278065502643585
,,,23,,,,,,,,,,,,,,,,,,,,,,,,,,,,,39229,0.003982288762927055
,,,23,,,,,,,,,,,,,,,,,,,,,,,,,,,,,39239,0.04192377254366875
,,,23,,,,,,,,,,,,,,,,,,,,,,,,,,,,,39249,0.002312221098691225
,,,23,,,,,,,,,,,,,,,,,,,,,,,,,,,,,39259,0.006869758944958448
,,,23,,,,,,,,,,,,,,,,,,,,,,,,,,,,,39269,0.04851029813289642
,,,23,,,,,,,,,,,,,,,,,,,,,,,,,,,,,39279,0.0077390847727656364
,,,23,,,,,,,,,,,,,,,,,,,,,,,,,,,,,39289,0.0019692278001457453
,,,23,,,,,,,,,,,,,,,,,,,,,,,,,,,,,39299,0.00194595567882061
,,,23,,,,,,,,,,,,,,,,,,,,,,,,,,,,,39309,0.0015137107111513615
,,,23,,,,,,,,,,,,,,,,,,,,,,,,,,,,,39319,0.002095024334266782
,,,23,,,,,,,,,,,,,,,,,,,,,,,,,,,,,39329,0.0016325534088537097
,,,23,,,,,,,,,,,,,,,,,,,,,,,,,,,,,39339,0.5785881876945496
,,,23,,,,,,,,,,,,,,,,,,,,,,,,,,,,,39349,0.0035003928933292627
,,,23,,,,,,,,,,,,,,,,,,,,,,,,,,,,,39359,0.2210744321346283
,,,23,,,,,,,,,,,,,,,,,,,,,,,,,,,,,39369,0.0018807724118232727
,,,23,,,,,,,,,,,,,,,,,,,,,,,,,,,,,39379,0.03170960769057274
,,,23,,,,,,,,,,,,,,,,,,,,,,,,,,,,,39389,0.0014816666953265667
,,,23,,,,,,,,,,,,,,,,,,,,,,,,,,,,,39399,0.002562886103987694
,,,23,,,,,,,,,,,,,,,,,,,,,,,,,,,,,39409,0.006481731776148081
,,,23,,,,,,,,,,,,,,,,,,,,,,,,,,,,,39419,0.14569410681724548
,,,23,,,,,,,,,,,,,,,,,,,,,,,,,,,,,39429,0.5513721704483032
,,,23,,,,,,,,,,,,,,,,,,,,,,,,,,,,,39439,0.0031216421630233526
,,,23,,,,,,,,,,,,,,,,,,,,,,,,,,,,,39449,0.0020194819662719965
,,,23,,,,,,,,,,,,,,,,,,,,,,,,,,,,,39459,0.001663192524574697
,,,23,,,,,,,,,,,,,,,,,,,,,,,,,,,,,39469,0.0017788332188501954
,,,23,,,,,,,,,,,,,,,,,,,,,,,,,,,,,39479,0.001326209050603211
,,,23,,,,,,,,,,,,,,,,,,,,,,,,,,,,,39489,0.004022136330604553
,,,23,,,,,,,,,,,,,,,,,,,,,,,,,,,,,39499,0.0038849625270813704
,,,23,,,,,,,,,,,,,,,,,,,,,,,,,,,,,39509,0.0042229341343045235
,,,23,,,,,,,,,,,,,,,,,,,,,,,,,,,,,39519,0.019832903519272804
,,,23,,,,,,,,,,,,,,,,,,,,,,,,,,,,,39529,0.11152129620313644
,,,23,,,,,,,,,,,,,,,,,,,,,,,,,,,,,39539,0.10574178397655487
,,,23,,,,,,,,,,,,,,,,,,,,,,,,,,,,,39549,0.0011608218774199486
,,,23,,,,,,,,,,,,,,,,,,,,,,,,,,,,,39559,0.005054725334048271
,,,23,,,,,,,,,,,,,,,,,,,,,,,,,,,,,39569,0.008275910280644894
,,,23,,,,,,,,,,,,,,,,,,,,,,,,,,,,,39579,0.004536358639597893
,,,23,,,,,,,,,,,,,,,,,,,,,,,,,,,,,39589,0.003898677881807089
,,,23,,,,,,,,,,,,,,,,,,,,,,,,,,,,,39599,0.04553409665822983
,,,23,,,,,,,,,,,,,,,,,,,,,,,,,,,,,39609,0.0020991533529013395
,,,23,,,,,,,,,,,,,,,,,,,,,,,,,,,,,39619,0.0017522246344015002
,,,23,,,,,,,,,,,,,,,,,,,,,,,,,,,,,39629,0.0026251759845763445
,,,23,,,,,,,,,,,,,,,,,,,,,,,,,,,,,39639,0.0026291273534297943
,,,23,,,,,,,,,,,,,,,,,,,,,,,,,,,,,39649,0.005916421767324209
,,,23,,,,,,,,,,,,,,,,,,,,,,,,,,,,,39659,0.031271208077669144
,,,23,,,,,,,,,,,,,,,,,,,,,,,,,,,,,39669,0.0020739815663546324
,,,23,,,,,,,,,,,,,,,,,,,,,,,,,,,,,39679,0.36740657687187195
,,,23,,,,,,,,,,,,,,,,,,,,,,,,,,,,,39689,0.0010075598256662488
,,,23,,,,,,,,,,,,,,,,,,,,,,,,,,,,,39699,0.004876674618571997
,,,23,,,,,,,,,,,,,,,,,,,,,,,,,,,,,39709,0.7959191203117371
,,,23,,,,,,,,,,,,,,,,,,,,,,,,,,,,,39719,0.0019728061743080616
,,,23,,,,,,,,,,,,,,,,,,,,,,,,,,,,,39729,0.0019329488277435303
,,,23,,,,,,,,,,,,,,,,,,,,,,,,,,,,,39739,0.013254435732960701
,,,23,,,,,,,,,,,,,,,,,,,,,,,,,,,,,39749,0.0016005532816052437
,,,23,,,,,,,,,,,,,,,,,,,,,,,,,,,,,39759,0.2592776417732239
,,,23,,,,,,,,,,,,,,,,,,,,,,,,,,,,,39769,0.003518562065437436
,,,23,,,,,,,,,,,,,,,,,,,,,,,,,,,,,39779,0.007514638360589743
,,,23,,,,,,,,,,,,,,,,,,,,,,,,,,,,,39789,0.009023899212479591
,,,23,,,,,,,,,,,,,,,,,,,,,,,,,,,,,39799,0.013404649682343006
,,,23,,,,,,,,,,,,,,,,,,,,,,,,,,,,,39809,0.0014547964092344046
,,,23,,,,,,,,,,,,,,,,,,,,,,,,,,,,,39819,0.0010068181436508894
,,,23,,,,,,,,,,,,,,,,,,,,,,,,,,,,,39829,0.001714406767860055
,,,23,,,,,,,,,,,,,,,,,,,,,,,,,,,,,39839,0.007391104940325022
,,,23,,,,,,,,,,,,,,,,,,,,,,,,,,,,,39849,0.002182531403377652
,,,23,,,,,,,,,,,,,,,,,,,,,,,,,,,,,39859,0.00934448093175888
,,,23,,,,,,,,,,,,,,,,,,,,,,,,,,,,,39869,0.0031670639291405678
,,,23,,,,,,,,,,,,,,,,,,,,,,,,,,,,,39879,0.004327696282416582
,,,,3.53203149892017e-07,1.978659850240633e-06,3.0440920772932807e-06,3.0440920772932807e-06,4.683218580451201e-06,4.683218580451201e-06,7.204951662232617e-06,7.204951662232617e-06,1.108454101881941e-05,1.108454101881941e-05,1.705314002895294e-05,3.53203149892017e-07,1.705314002895294e-05,2.623560004454298e-05,2.623560004454298e-05,4.03624616069892e-05,4.03624616069892e-05,6.209609477998338e-05,6.209609477998338e-05,6.209609477998338e-05,6.209609477998338e-05,5.433894613723337e-07,5.433894613723337e-07,8.359837867266674e-07,8.359837867266674e-07,1.2861289026564112e-06,1.2861289026564112e-06,1.978659850240633e-06,39888,
,,,24,,,,,,,,,,,,,,,,,,,,,,,,,,,,,39889,0.001643238589167595
,,,24,,,,,,,,,,,,,,,,,,,,,,,,,,,,,39899,0.006967669818550348
,,,24,,,,,,,,,,,,,,,,,,,,,,,,,,,,,39909,0.002748791128396988
,,,24,,,,,,,,,,,,,,,,,,,,,,,,,,,,,39919,0.0016461219638586044
,,,24,,,,,,,,,,,,,,,,,,,,,,,,,,,,,39929,0.0020064853597432375
,,,24,,,,,,,,,,,,,,,,,,,,,,,,,,,,,39939,0.0011184044415131211
,,,24,,,,,,,,,,,,,,,,,,,,,,,,,,,,,39949,0.00327218696475029
,,,24,,,,,,,,,,,,,,,,,,,,,,,,,,,,,39959,0.035423681139945984
,,,24,,,,,,,,,,,,,,,,,,,,,,,,,,,,,39969,0.005655097775161266
,,,24,,,,,,,,,,,,,,,,,,,,,,,,,,,,,39979,0.0012276537017896771
,,,24,,,,,,,,,,,,,,,,,,,,,,,,,,,,,39989,0.002080871956422925
,,,24,,,,,,,,,,,,,,,,,,,,,,,,,,,,,39999,0.04685218259692192
,,,24,,,,,,,,,,,,,,,,,,,,,,,,,,,,,40009,0.0019393223337829113
,,,24,,,,,,,,,,,,,,,,,,,,,,,,,,,,,40019,0.002007123315706849
,,,24,,,,,,,,,,,,,,,,,,,,,,,,,,,,,40029,0.0074960230849683285
,,,24,,,,,,,,,,,,,,,,,,,,,,,,,,,,,40039,0.005295769311487675
,,,24,,,,,,,,,,,,,,,,,,,,,,,,,,,,,40049,0.0016389194643124938
,,,24,,,,,,,,,,,,,,,,,,,,,,,,,,,,,40059,0.0026440881192684174
,,,24,,,,,,,,,,,,,,,,,,,,,,,,,,,,,40069,0.034040383994579315
,,,24,,,,,,,,,,,,,,,,,,,,,,,,,,,,,40079,0.09801790863275528
,,,24,,,,,,,,,,,,,,,,,,,,,,,,,,,,,40089,0.0061983997002244
,,,24,,,,,,,,,,,,,,,,,,,,,,,,,,,,,40099,0.29524117708206177
,,,24,,,,,,,,,,,,,,,,,,,,,,,,,,,,,40109,0.004522509872913361
,,,24,,,,,,,,,,,,,,,,,,,,,,,,,,,,,40119,0.0025105096865445375
,,,24,,,,,,,,,,,,,,,,,,,,,,,,,,,,,40129,0.002221353817731142
,,,24,,,,,,,,,,,,,,,,,,,,,,,,,,,,,40139,0.010042769834399223
,,,24,,,,,,,,,,,,,,,,,,,,,,,,,,,,,40149,0.0007341234013438225
,,,24,,,,,,,,,,,,,,,,,,,,,,,,,,,,,40159,0.0020658113062381744
,,,24,,,,,,,,,,,,,,,,,,,,,,,,,,,,,40169,0.003107744036242366
,,,24,,,,,,,,,,,,,,,,,,,,,,,,,,,,,40179,0.001451266696676612
,,,24,,,,,,,,,,,,,,,,,,,,,,,,,,,,,40189,0.13116244971752167
,,,24,,,,,,,,,,,,,,,,,,,,,,,,,,,,,40199,0.0015809627948328853
,,,24,,,,,,,,,,,,,,,,,,,,,,,,,,,,,40209,0.0029808611143380404
,,,24,,,,,,,,,,,,,,,,,,,,,,,,,,,,,40219,0.0012882071314379573
,,,24,,,,,,,,,,,,,,,,,,,,,,,,,,,,,40229,0.0034892186522483826
,,,24,,,,,,,,,,,,,,,,,,,,,,,,,,,,,40239,0.004944401793181896
,,,24,,,,,,,,,,,,,,,,,,,,,,,,,,,,,40249,1.047422170639038
,,,24,,,,,,,,,,,,,,,,,,,,,,,,,,,,,40259,0.003702247980982065
,,,24,,,,,,,,,,,,,,,,,,,,,,,,,,,,,40269,0.0019747205078601837
,,,24,,,,,,,,,,,,,,,,,,,,,,,,,,,,,40279,0.0009314515045844018
,,,24,,,,,,,,,,,,,,,,,,,,,,,,,,,,,40289,0.0014115130761638284
,,,24,,,,,,,,,,,,,,,,,,,,,,,,,,,,,40299,0.001249483204446733
,,,24,,,,,,,,,,,,,,,,,,,,,,,,,,,,,40309,0.002618650905787945
,,,24,,,,,,,,,,,,,,,,,,,,,,,,,,,,,40319,0.0019840204622596502
,,,24,,,,,,,,,,,,,,,,,,,,,,,,,,,,,40329,0.005972134415060282
,,,24,,,,,,,,,,,,,,,,,,,,,,,,,,,,,40339,0.002406712155789137
,,,24,,,,,,,,,,,,,,,,,,,,,,,,,,,,,40349,0.0012918902793899179
,,,24,,,,,,,,,,,,,,,,,,,,,,,,,,,,,40359,0.005313490983098745
,,,24,,,,,,,,,,,,,,,,,,,,,,,,,,,,,40369,0.07689204066991806
,,,24,,,,,,,,,,,,,,,,,,,,,,,,,,,,,40379,0.025979414582252502
,,,24,,,,,,,,,,,,,,,,,,,,,,,,,,,,,40389,0.011565515771508217
,,,24,,,,,,,,,,,,,,,,,,,,,,,,,,,,,40399,0.0019009647658094764
,,,24,,,,,,,,,,,,,,,,,,,,,,,,,,,,,40409,0.0016393534606322646
,,,24,,,,,,,,,,,,,,,,,,,,,,,,,,,,,40419,0.002540295710787177
,,,24,,,,,,,,,,,,,,,,,,,,,,,,,,,,,40429,0.05371742695569992
,,,24,,,,,,,,,,,,,,,,,,,,,,,,,,,,,40439,0.00018994243873748928
,,,24,,,,,,,,,,,,,,,,,,,,,,,,,,,,,40449,0.0006723132682964206
,,,24,,,,,,,,,,,,,,,,,,,,,,,,,,,,,40459,0.0016189186135306954
,,,24,,,,,,,,,,,,,,,,,,,,,,,,,,,,,40469,0.004685025662183762
,,,24,,,,,,,,,,,,,,,,,,,,,,,,,,,,,40479,0.003537491662427783
,,,24,,,,,,,,,,,,,,,,,,,,,,,,,,,,,40489,0.012941357679665089
,,,24,,,,,,,,,,,,,,,,,,,,,,,,,,,,,40499,0.00577545864507556
,,,24,,,,,,,,,,,,,,,,,,,,,,,,,,,,,40509,0.004112427122890949
,,,24,,,,,,,,,,,,,,,,,,,,,,,,,,,,,40519,0.002815627260133624
,,,24,,,,,,,,,,,,,,,,,,,,,,,,,,,,,40529,0.0010700918501242995
,,,24,,,,,,,,,,,,,,,,,,,,,,,,,,,,,40539,0.0023066001012921333
,,,24,,,,,,,,,,,,,,,,,,,,,,,,,,,,,40549,0.0007650044863112271
,,,24,,,,,,,,,,,,,,,,,,,,,,,,,,,,,40559,0.0020753161516040564
,,,24,,,,,,,,,,,,,,,,,,,,,,,,,,,,,40569,0.0029262793250381947
,,,24,,,,,,,,,,,,,,,,,,,,,,,,,,,,,40579,0.002181979129090905
,,,24,,,,,,,,,,,,,,,,,,,,,,,,,,,,,40589,0.008039494045078754
,,,24,,,,,,,,,,,,,,,,,,,,,,,,,,,,,40599,0.0022339033894240856
,,,24,,,,,,,,,,,,,,,,,,,,,,,,,,,,,40609,0.006406296975910664
,,,24,,,,,,,,,,,,,,,,,,,,,,,,,,,,,40619,0.0028069959953427315
,,,24,,,,,,,,,,,,,,,,,,,,,,,,,,,,,40629,0.002446868224069476
,,,24,,,,,,,,,,,,,,,,,,,,,,,,,,,,,40639,0.0023532842751592398
,,,24,,,,,,,,,,,,,,,,,,,,,,,,,,,,,40649,0.033448778092861176
,,,24,,,,,,,,,,,,,,,,,,,,,,,,,,,,,40659,0.2554180324077606
,,,24,,,,,,,,,,,,,,,,,,,,,,,,,,,,,40669,0.0020517439115792513
,,,24,,,,,,,,,,,,,,,,,,,,,,,,,,,,,40679,0.008043776266276836
,,,24,,,,,,,,,,,,,,,,,,,,,,,,,,,,,40689,0.003662345465272665
,,,24,,,,,,,,,,,,,,,,,,,,,,,,,,,,,40699,0.001694045728072524
,,,24,,,,,,,,,,,,,,,,,,,,,,,,,,,,,40709,0.003328990424051881
,,,24,,,,,,,,,,,,,,,,,,,,,,,,,,,,,40719,0.0009137633023783565
,,,24,,,,,,,,,,,,,,,,,,,,,,,,,,,,,40729,0.0017713261768221855
,,,24,,,,,,,,,,,,,,,,,,,,,,,,,,,,,40739,0.0012426662724465132
,,,24,,,,,,,,,,,,,,,,,,,,,,,,,,,,,40749,0.01678108610212803
,,,24,,,,,,,,,,,,,,,,,,,,,,,,,,,,,40759,0.002620902843773365
,,,24,,,,,,,,,,,,,,,,,,,,,,,,,,,,,40769,0.002922417363151908
,,,24,,,,,,,,,,,,,,,,,,,,,,,,,,,,,40779,0.0028495360165834427
,,,24,,,,,,,,,,,,,,,,,,,,,,,,,,,,,40789,0.0016911865677684546
,,,24,,,,,,,,,,,,,,,,,,,,,,,,,,,,,40799,0.35808300971984863
,,,24,,,,,,,,,,,,,,,,,,,,,,,,,,,,,40809,0.004604884888976812
,,,24,,,,,,,,,,,,,,,,,,,,,,,,,,,,,40819,0.0014336139429360628
,,,24,,,,,,,,,,,,,,,,,,,,,,,,,,,,,40829,0.006845545955002308
,,,24,,,,,,,,,,,,,,,,,,,,,,,,,,,,,40839,0.35371163487434387
,,,24,,,,,,,,,,,,,,,,,,,,,,,,,,,,,40849,0.001281913137063384
,,,24,,,,,,,,,,,,,,,,,,,,,,,,,,,,,40859,0.005629401188343763
,,,24,,,,,,,,,,,,,,,,,,,,,,,,,,,,,40869,0.3190709948539734
,,,24,,,,,,,,,,,,,,,,,,,,,,,,,,,,,40879,0.001557689975015819
,,,24,,,,,,,,,,,,,,,,,,,,,,,,,,,,,40889,0.0004294913087505847
,,,24,,,,,,,,,,,,,,,,,,,,,,,,,,,,,40899,0.007914524525403976
,,,24,,,,,,,,,,,,,,,,,,,,,,,,,,,,,40909,0.2090091109275818
,,,24,,,,,,,,,,,,,,,,,,,,,,,,,,,,,40919,0.14481082558631897
,,,24,,,,,,,,,,,,,,,,,,,,,,,,,,,,,40929,0.0018497143173590302
,,,24,,,,,,,,,,,,,,,,,,,,,,,,,,,,,40939,0.006165582221001387
,,,24,,,,,,,,,,,,,,,,,,,,,,,,,,,,,40949,0.00046409256174229085
,,,24,,,,,,,,,,,,,,,,,,,,,,,,,,,,,40959,0.000882360094692558
,,,24,,,,,,,,,,,,,,,,,,,,,,,,,,,,,40969,0.0035372301936149597
,,,24,,,,,,,,,,,,,,,,,,,,,,,,,,,,,40979,0.0019570940639823675
,,,24,,,,,,,,,,,,,,,,,,,,,,,,,,,,,40989,0.0019288936164230108
,,,24,,,,,,,,,,,,,,,,,,,,,,,,,,,,,40999,0.0018703766399994493
,,,24,,,,,,,,,,,,,,,,,,,,,,,,,,,,,41009,0.0009064577170647681
,,,24,,,,,,,,,,,,,,,,,,,,,,,,,,,,,41019,0.0024054746609181166
,,,24,,,,,,,,,,,,,,,,,,,,,,,,,,,,,41029,0.0022235200740396976
,,,24,,,,,,,,,,,,,,,,,,,,,,,,,,,,,41039,0.0018276714254170656
,,,24,,,,,,,,,,,,,,,,,,,,,,,,,,,,,41049,0.014601550996303558
,,,24,,,,,,,,,,,,,,,,,,,,,,,,,,,,,41059,0.03268713131546974
,,,24,,,,,,,,,,,,,,,,,,,,,,,,,,,,,41069,0.011661271564662457
,,,24,,,,,,,,,,,,,,,,,,,,,,,,,,,,,41079,0.0040857987478375435
,,,24,,,,,,,,,,,,,,,,,,,,,,,,,,,,,41089,0.0007612067274749279
,,,24,,,,,,,,,,,,,,,,,,,,,,,,,,,,,41099,0.003479962470009923
,,,24,,,,,,,,,,,,,,,,,,,,,,,,,,,,,41109,0.002428550971671939
,,,24,,,,,,,,,,,,,,,,,,,,,,,,,,,,,41119,0.002325923414900899
,,,24,,,,,,,,,,,,,,,,,,,,,,,,,,,,,41129,0.001288328436203301
,,,24,,,,,,,,,,,,,,,,,,,,,,,,,,,,,41139,0.19009260833263397
,,,24,,,,,,,,,,,,,,,,,,,,,,,,,,,,,41149,0.35657989978790283
,,,24,,,,,,,,,,,,,,,,,,,,,,,,,,,,,41159,0.002018358325585723
,,,24,,,,,,,,,,,,,,,,,,,,,,,,,,,,,41169,0.0030010000336915255
,,,24,,,,,,,,,,,,,,,,,,,,,,,,,,,,,41179,0.00873754546046257
,,,24,,,,,,,,,,,,,,,,,,,,,,,,,,,,,41189,0.0006680868682451546
,,,24,,,,,,,,,,,,,,,,,,,,,,,,,,,,,41199,0.0029226073529571295
,,,24,,,,,,,,,,,,,,,,,,,,,,,,,,,,,41209,0.041910529136657715
,,,24,,,,,,,,,,,,,,,,,,,,,,,,,,,,,41219,0.004712868016213179
,,,24,,,,,,,,,,,,,,,,,,,,,,,,,,,,,41229,0.001747805974446237
,,,24,,,,,,,,,,,,,,,,,,,,,,,,,,,,,41239,0.0015954943373799324
,,,24,,,,,,,,,,,,,,,,,,,,,,,,,,,,,41249,0.0031441678293049335
,,,24,,,,,,,,,,,,,,,,,,,,,,,,,,,,,41259,0.00751824164763093
,,,24,,,,,,,,,,,,,,,,,,,,,,,,,,,,,41269,0.008165166713297367
,,,24,,,,,,,,,,,,,,,,,,,,,,,,,,,,,41279,0.001490064081735909
,,,24,,,,,,,,,,,,,,,,,,,,,,,,,,,,,41289,0.010948964394629002
,,,24,,,,,,,,,,,,,,,,,,,,,,,,,,,,,41299,0.0011152802035212517
,,,24,,,,,,,,,,,,,,,,,,,,,,,,,,,,,41309,0.003229965455830097
,,,24,,,,,,,,,,,,,,,,,,,,,,,,,,,,,41319,0.003351563587784767
,,,24,,,,,,,,,,,,,,,,,,,,,,,,,,,,,41329,0.0006032263627275825
,,,24,,,,,,,,,,,,,,,,,,,,,,,,,,,,,41339,0.0010310946963727474
,,,24,,,,,,,,,,,,,,,,,,,,,,,,,,,,,41349,0.0956747904419899
,,,24,,,,,,,,,,,,,,,,,,,,,,,,,,,,,41359,0.4773573577404022
,,,24,,,,,,,,,,,,,,,,,,,,,,,,,,,,,41369,0.004128747619688511
,,,24,,,,,,,,,,,,,,,,,,,,,,,,,,,,,41379,0.0006655111210420728
,,,24,,,,,,,,,,,,,,,,,,,,,,,,,,,,,41389,0.0013278203550726175
,,,24,,,,,,,,,,,,,,,,,,,,,,,,,,,,,41399,0.003988964017480612
,,,24,,,,,,,,,,,,,,,,,,,,,,,,,,,,,41409,0.003722874913364649
,,,24,,,,,,,,,,,,,,,,,,,,,,,,,,,,,41419,0.0021423110738396645
,,,24,,,,,,,,,,,,,,,,,,,,,,,,,,,,,41429,0.03952812775969505
,,,24,,,,,,,,,,,,,,,,,,,,,,,,,,,,,41439,0.0018388595199212432
,,,24,,,,,,,,,,,,,,,,,,,,,,,,,,,,,41449,0.1675645262002945
,,,24,,,,,,,,,,,,,,,,,,,,,,,,,,,,,41459,0.2369774580001831
,,,24,,,,,,,,,,,,,,,,,,,,,,,,,,,,,41469,0.0012082820758223534
,,,24,,,,,,,,,,,,,,,,,,,,,,,,,,,,,41479,0.001956706866621971
,,,24,,,,,,,,,,,,,,,,,,,,,,,,,,,,,41489,0.0034942051861435175
,,,24,,,,,,,,,,,,,,,,,,,,,,,,,,,,,41499,0.0038320214953273535
,,,24,,,,,,,,,,,,,,,,,,,,,,,,,,,,,41509,0.019254352897405624
,,,24,,,,,,,,,,,,,,,,,,,,,,,,,,,,,41519,0.1486227810382843
,,,24,,,,,,,,,,,,,,,,,,,,,,,,,,,,,41529,0.0029644081369042397
,,,24,,,,,,,,,,,,,,,,,,,,,,,,,,,,,41539,0.002591789234429598
,,,24,,,,,,,,,,,,,,,,,,,,,,,,,,,,,41549,0.0033805635757744312
0.8395721912384033,0.7785124182701111,0.9110251665115356,24,,,,,,,,,,,,,,,,,,,,,,,,,,,,,41549,
,,,,3.3378607357335043e-07,1.8698845198605113e-06,2.876745415170017e-06,2.876745415170017e-06,4.425762177184641e-06,4.425762177184641e-06,6.808864887976371e-06,6.808864887976371e-06,1.0475176750732877e-05,1.0475176750732877e-05,1.6115656539589043e-05,3.3378607357335043e-07,1.6115656539589043e-05,2.479331775321391e-05,2.479331775321391e-05,3.814356577417525e-05,3.814356577417525e-05,5.868240888334653e-05,5.868240888334653e-05,5.868240888334653e-05,5.868240888334653e-05,5.135170362666929e-07,5.135170362666929e-07,7.90026209641066e-07,7.90026209641066e-07,1.2154249379093322e-06,1.2154249379093322e-06,1.8698845198605113e-06,41550,
,,,25,,,,,,,,,,,,,,,,,,,,,,,,,,,,,41559,0.003515844698995352
,,,25,,,,,,,,,,,,,,,,,,,,,,,,,,,,,41569,0.002467573154717684
,,,25,,,,,,,,,,,,,,,,,,,,,,,,,,,,,41579,0.004315356723964214
,,,25,,,,,,,,,,,,,,,,,,,,,,,,,,,,,41589,0.7832569479942322
,,,25,,,,,,,,,,,,,,,,,,,,,,,,,,,,,41599,0.0020787608809769154
,,,25,,,,,,,,,,,,,,,,,,,,,,,,,,,,,41609,0.004617057275027037
,,,25,,,,,,,,,,,,,,,,,,,,,,,,,,,,,41619,0.00592341274023056
,,,25,,,,,,,,,,,,,,,,,,,,,,,,,,,,,41629,0.004391216207295656
,,,25,,,,,,,,,,,,,,,,,,,,,,,,,,,,,41639,0.0020388325210660696
,,,25,,,,,,,,,,,,,,,,,,,,,,,,,,,,,41649,0.0010171204339712858
,,,25,,,,,,,,,,,,,,,,,,,,,,,,,,,,,41659,0.07386620342731476
,,,25,,,,,,,,,,,,,,,,,,,,,,,,,,,,,41669,0.0031463217455893755
,,,25,,,,,,,,,,,,,,,,,,,,,,,,,,,,,41679,0.0025691483169794083
,,,25,,,,,,,,,,,,,,,,,,,,,,,,,,,,,41689,0.01283174380660057
,,,25,,,,,,,,,,,,,,,,,,,,,,,,,,,,,41699,0.016422398388385773
,,,25,,,,,,,,,,,,,,,,,,,,,,,,,,,,,41709,0.5510798692703247
,,,25,,,,,,,,,,,,,,,,,,,,,,,,,,,,,41719,0.07737858593463898
,,,25,,,,,,,,,,,,,,,,,,,,,,,,,,,,,41729,0.015821892768144608
,,,25,,,,,,,,,,,,,,,,,,,,,,,,,,,,,41739,0.001644990174099803
,,,25,,,,,,,,,,,,,,,,,,,,,,,,,,,,,41749,0.0021178771276026964
,,,25,,,,,,,,,,,,,,,,,,,,,,,,,,,,,41759,0.005401644390076399
,,,25,,,,,,,,,,,,,,,,,,,,,,,,,,,,,41769,0.02832600101828575
,,,25,,,,,,,,,,,,,,,,,,,,,,,,,,,,,41779,0.0011630698572844267
,,,25,,,,,,,,,,,,,,,,,,,,,,,,,,,,,41789,0.0009122439660131931
,,,25,,,,,,,,,,,,,,,,,,,,,,,,,,,,,41799,0.0018517420394346118
,,,25,,,,,,,,,,,,,,,,,,,,,,,,,,,,,41809,0.28202125430107117
,,,25,,,,,,,,,,,,,,,,,,,,,,,,,,,,,41819,0.0007458212203346193
,,,25,,,,,,,,,,,,,,,,,,,,,,,,,,,,,41829,0.0036036213859915733
,,,25,,,,,,,,,,,,,,,,,,,,,,,,,,,,,41839,0.0017060704994946718
,,,25,,,,,,,,,,,,,,,,,,,,,,,,,,,,,41849,0.0021267745178192854
,,,25,,,,,,,,,,,,,,,,,,,,,,,,,,,,,41859,0.524264931678772
,,,25,,,,,,,,,,,,,,,,,,,,,,,,,,,,,41869,0.006313763093203306
,,,25,,,,,,,,,,,,,,,,,,,,,,,,,,,,,41879,0.0011566032189875841
,,,25,,,,,,,,,,,,,,,,,,,,,,,,,,,,,41889,0.006146594882011414
,,,25,,,,,,,,,,,,,,,,,,,,,,,,,,,,,41899,0.005750028882175684
,,,25,,,,,,,,,,,,,,,,,,,,,,,,,,,,,41909,0.0036531598307192326
,,,25,,,,,,,,,,,,,,,,,,,,,,,,,,,,,41919,0.006338970735669136
,,,25,,,,,,,,,,,,,,,,,,,,,,,,,,,,,41929,0.0023921593092381954
,,,25,,,,,,,,,,,,,,,,,,,,,,,,,,,,,41939,0.00429537845775485
,,,25,,,,,,,,,,,,,,,,,,,,,,,,,,,,,41949,0.0034693616908043623
,,,25,,,,,,,,,,,,,,,,,,,,,,,,,,,,,41959,0.0020252387039363384
,,,25,,,,,,,,,,,,,,,,,,,,,,,,,,,,,41969,0.001124369795434177
,,,25,,,,,,,,,,,,,,,,,,,,,,,,,,,,,41979,0.001861889031715691
,,,25,,,,,,,,,,,,,,,,,,,,,,,,,,,,,41989,0.02247706428170204
,,,25,,,,,,,,,,,,,,,,,,,,,,,,,,,,,41999,0.001565180136822164
,,,25,,,,,,,,,,,,,,,,,,,,,,,,,,,,,42009,0.006835842039436102
,,,25,,,,,,,,,,,,,,,,,,,,,,,,,,,,,42019,0.0027837601955980062
,,,25,,,,,,,,,,,,,,,,,,,,,,,,,,,,,42029,0.010116875171661377
,,,25,,,,,,,,,,,,,,,,,,,,,,,,,,,,,42039,0.0013207567390054464
,,,25,,,,,,,,,,,,,,,,,,,,,,,,,,,,,42049,0.00872781965881586
,,,25,,,,,,,,,,,,,,,,,,,,,,,,,,,,,42059,0.0015973019180819392
,,,25,,,,,,,,,,,,,,,,,,,,,,,,,,,,,42069,0.0034777745604515076
,,,25,,,,,,,,,,,,,,,,,,,,,,,,,,,,,42079,0.003784480504691601
,,,25,,,,,,,,,,,,,,,,,,,,,,,,,,,,,42089,0.012068505398929119
,,,25,,,,,,,,,,,,,,,,,,,,,,,,,,,,,42099,0.004572171252220869
,,,25,,,,,,,,,,,,,,,,,,,,,,,,,,,,,42109,0.04511473700404167
,,,25,,,,,,,,,,,,,,,,,,,,,,,,,,,,,42119,0.06023312732577324
,,,25,,,,,,,,,,,,,,,,,,,,,,,,,,,,,42129,0.0009825887391343713
,,,25,,,,,,,,,,,,,,,,,,,,,,,,,,,,,42139,0.06210365146398544
,,,25,,,,,,,,,,,,,,,,,,,,,,,,,,,,,42149,0.0023737624287605286
,,,25,,,,,,,,,,,,,,,,,,,,,,,,,,,,,42159,0.008693287149071693
,,,25,,,,,,,,,,,,,,,,,,,,,,,,,,,,,42169,0.0011995217064395547
,,,25,,,,,,,,,,,,,,,,,,,,,,,,,,,,,42179,0.04566891863942146
,,,25,,,,,,,,,,,,,,,,,,,,,,,,,,,,,42189,0.002252777572721243
,,,25,,,,,,,,,,,,,,,,,,,,,,,,,,,,,42199,0.0016483665676787496
,,,25,,,,,,,,,,,,,,,,,,,,,,,,,,,,,42209,0.0007039534393697977
,,,25,,,,,,,,,,,,,,,,,,,,,,,,,,,,,42219,0.01963309571146965
,,,25,,,,,,,,,,,,,,,,,,,,,,,,,,,,,42229,0.0017221048474311829
,,,25,,,,,,,,,,,,,,,,,,,,,,,,,,,,,42239,0.0008118369150906801
,,,25,,,,,,,,,,,,,,,,,,,,,,,,,,,,,42249,0.013001124374568462
,,,25,,,,,,,,,,,,,,,,,,,,,,,,,,,,,42259,0.002139591844752431
,,,25,,,,,,,,,,,,,,,,,,,,,,,,,,,,,42269,0.0017632399685680866
,,,25,,,,,,,,,,,,,,,,,,,,,,,,,,,,,42279,0.0013895535375922918
,,,25,,,,,,,,,,,,,,,,,,,,,,,,,,,,,42289,0.0014994662487879395
,,,25,,,,,,,,,,,,,,,,,,,,,,,,,,,,,42299,0.0008030771277844906
,,,25,,,,,,,,,,,,,,,,,,,,,,,,,,,,,42309,0.0017834485042840242
,,,25,,,,,,,,,,,,,,,,,,,,,,,,,,,,,42319,0.001969534670934081
,,,25,,,,,,,,,,,,,,,,,,,,,,,,,,,,,42329,0.003320303512737155
,,,25,,,,,,,,,,,,,,,,,,,,,,,,,,,,,42339,0.03635696694254875
,,,25,,,,,,,,,,,,,,,,,,,,,,,,,,,,,42349,0.0022996217012405396
,,,25,,,,,,,,,,,,,,,,,,,,,,,,,,,,,42359,0.002798215951770544
,,,25,,,,,,,,,,,,,,,,,,,,,,,,,,,,,42369,0.003002037527039647
,,,25,,,,,,,,,,,,,,,,,,,,,,,,,,,,,42379,0.013754812069237232
,,,25,,,,,,,,,,,,,,,,,,,,,,,,,,,,,42389,0.004359436221420765
,,,25,,,,,,,,,,,,,,,,,,,,,,,,,,,,,42399,0.0047365170903503895
,,,25,,,,,,,,,,,,,,,,,,,,,,,,,,,,,42409,0.0022282314021140337
,,,25,,,,,,,,,,,,,,,,,,,,,,,,,,,,,42419,0.0011952415807172656
,,,25,,,,,,,,,,,,,,,,,,,,,,,,,,,,,42429,0.003588491352275014
,,,25,,,,,,,,,,,,,,,,,,,,,,,,,,,,,42439,0.0024458151310682297
,,,25,,,,,,,,,,,,,,,,,,,,,,,,,,,,,42449,0.0023177003022283316
,,,25,,,,,,,,,,,,,,,,,,,,,,,,,,,,,42459,0.0014070926699787378
,,,25,,,,,,,,,,,,,,,,,,,,,,,,,,,,,42469,0.0034936123993247747
,,,25,,,,,,,,,,,,,,,,,,,,,,,,,,,,,42479,0.0013780114240944386
,,,25,,,,,,,,,,,,,,,,,,,,,,,,,,,,,42489,0.005735309328883886
,,,25,,,,,,,,,,,,,,,,,,,,,,,,,,,,,42499,0.572887122631073
,,,25,,,,,,,,,,,,,,,,,,,,,,,,,,,,,42509,0.003882284741848707
,,,25,,,,,,,,,,,,,,,,,,,,,,,,,,,,,42519,0.003485366702079773
,,,25,,,,,,,,,,,,,,,,,,,,,,,,,,,,,42529,0.0015805017901584506
,,,25,,,,,,,,,,,,,,,,,,,,,,,,,,,,,42539,0.0030370086897164583
,,,25,,,,,,,,,,,,,,,,,,,,,,,,,,,,,42549,0.003664977615699172
,,,25,,,,,,,,,,,,,,,,,,,,,,,,,,,,,42559,0.0017409628489986062
,,,25,,,,,,,,,,,,,,,,,,,,,,,,,,,,,42569,0.0023919923696666956
,,,25,,,,,,,,,,,,,,,,,,,,,,,,,,,,,42579,0.0022467197850346565
,,,25,,,,,,,,,,,,,,,,,,,,,,,,,,,,,42589,0.0024279237259179354
,,,25,,,,,,,,,,,,,,,,,,,,,,,,,,,,,42599,0.003226058790460229
,,,25,,,,,,,,,,,,,,,,,,,,,,,,,,,,,42609,0.0015609165420755744
,,,25,,,,,,,,,,,,,,,,,,,,,,,,,,,,,42619,0.009267582558095455
,,,25,,,,,,,,,,,,,,,,,,,,,,,,,,,,,42629,0.002701551653444767
,,,25,,,,,,,,,,,,,,,,,,,,,,,,,,,,,42639,0.030477488413453102
,,,25,,,,,,,,,,,,,,,,,,,,,,,,,,,,,42649,0.004939931444823742
,,,25,,,,,,,,,,,,,,,,,,,,,,,,,,,,,42659,0.004452417604625225
,,,25,,,,,,,,,,,,,,,,,,,,,,,,,,,,,42669,0.0022038095630705357
,,,25,,,,,,,,,,,,,,,,,,,,,,,,,,,,,42679,0.0034347297623753548
,,,25,,,,,,,,,,,,,,,,,,,,,,,,,,,,,42689,0.0010652139317244291
,,,25,,,,,,,,,,,,,,,,,,,,,,,,,,,,,42699,0.04182222858071327
,,,25,,,,,,,,,,,,,,,,,,,,,,,,,,,,,42709,0.0028494440484791994
,,,25,,,,,,,,,,,,,,,,,,,,,,,,,,,,,42719,0.0024495727848261595
,,,25,,,,,,,,,,,,,,,,,,,,,,,,,,,,,42729,0.19922880828380585
,,,25,,,,,,,,,,,,,,,,,,,,,,,,,,,,,42739,0.001578519120812416
,,,25,,,,,,,,,,,,,,,,,,,,,,,,,,,,,42749,0.003056818852201104
,,,25,,,,,,,,,,,,,,,,,,,,,,,,,,,,,42759,0.0033117099665105343
,,,25,,,,,,,,,,,,,,,,,,,,,,,,,,,,,42769,0.0026587462052702904
,,,25,,,,,,,,,,,,,,,,,,,,,,,,,,,,,42779,0.0008672941476106644
,,,25,,,,,,,,,,,,,,,,,,,,,,,,,,,,,42789,0.004638475365936756
,,,25,,,,,,,,,,,,,,,,,,,,,,,,,,,,,42799,0.0017197264824062586
,,,25,,,,,,,,,,,,,,,,,,,,,,,,,,,,,42809,0.5358301997184753
,,,25,,,,,,,,,,,,,,,,,,,,,,,,,,,,,42819,0.06647943705320358
,,,25,,,,,,,,,,,,,,,,,,,,,,,,,,,,,42829,0.002481489907950163
,,,25,,,,,,,,,,,,,,,,,,,,,,,,,,,,,42839,0.0015450473874807358
,,,25,,,,,,,,,,,,,,,,,,,,,,,,,,,,,42849,0.004607914015650749
,,,25,,,,,,,,,,,,,,,,,,,,,,,,,,,,,42859,0.003270733170211315
,,,25,,,,,,,,,,,,,,,,,,,,,,,,,,,,,42869,0.014300915412604809
,,,25,,,,,,,,,,,,,,,,,,,,,,,,,,,,,42879,0.0036187502555549145
,,,25,,,,,,,,,,,,,,,,,,,,,,,,,,,,,42889,0.0023062131367623806
,,,25,,,,,,,,,,,,,,,,,,,,,,,,,,,,,42899,0.0014146571047604084
,,,25,,,,,,,,,,,,,,,,,,,,,,,,,,,,,42909,0.0020500924438238144
,,,25,,,,,,,,,,,,,,,,,,,,,,,,,,,,,42919,0.008373429998755455
,,,25,,,,,,,,,,,,,,,,,,,,,,,,,,,,,42929,0.00440765917301178
,,,25,,,,,,,,,,,,,,,,,,,,,,,,,,,,,42939,0.023236390203237534
,,,25,,,,,,,,,,,,,,,,,,,,,,,,,,,,,42949,0.02248087152838707
,,,25,,,,,,,,,,,,,,,,,,,,,,,,,,,,,42959,0.00506279431283474
,,,25,,,,,,,,,,,,,,,,,,,,,,,,,,,,,42969,0.0030684766825288534
,,,25,,,,,,,,,,,,,,,,,,,,,,,,,,,,,42979,0.005351160652935505
,,,25,,,,,,,,,,,,,,,,,,,,,,,,,,,,,42989,0.013361893594264984
,,,25,,,,,,,,,,,,,,,,,,,,,,,,,,,,,42999,0.0020544889848679304
,,,25,,,,,,,,,,,,,,,,,,,,,,,,,,,,,43009,0.0029234897810965776
,,,25,,,,,,,,,,,,,,,,,,,,,,,,,,,,,43019,0.001202762359753251
,,,25,,,,,,,,,,,,,,,,,,,,,,,,,,,,,43029,0.0027200018521398306
,,,25,,,,,,,,,,,,,,,,,,,,,,,,,,,,,43039,0.0014602000592276454
,,,25,,,,,,,,,,,,,,,,,,,,,,,,,,,,,43049,0.0035643528681248426
,,,25,,,,,,,,,,,,,,,,,,,,,,,,,,,,,43059,0.0009458358981646597
,,,25,,,,,,,,,,,,,,,,,,,,,,,,,,,,,43069,0.0018083875766023993
,,,25,,,,,,,,,,,,,,,,,,,,,,,,,,,,,43079,0.005347174592316151
,,,25,,,,,,,,,,,,,,,,,,,,,,,,,,,,,43089,0.001643808209337294
,,,25,,,,,,,,,,,,,,,,,,,,,,,,,,,,,43099,0.5175252556800842
,,,25,,,,,,,,,,,,,,,,,,,,,,,,,,,,,43109,0.0031011831015348434
,,,25,,,,,,,,,,,,,,,,,,,,,,,,,,,,,43119,0.003049482824280858
,,,25,,,,,,,,,,,,,,,,,,,,,,,,,,,,,43129,0.0029452049639075994
,,,25,,,,,,,,,,,,,,,,,,,,,,,,,,,,,43139,0.011927677318453789
,,,25,,,,,,,,,,,,,,,,,,,,,,,,,,,,,43149,0.004279498942196369
,,,25,,,,,,,,,,,,,,,,,,,,,,,,,,,,,43159,0.06036414951086044
,,,25,,,,,,,,,,,,,,,,,,,,,,,,,,,,,43169,1.6462681293487549
,,,25,,,,,,,,,,,,,,,,,,,,,,,,,,,,,43179,0.011813548393547535
,,,25,,,,,,,,,,,,,,,,,,,,,,,,,,,,,43189,0.002308676950633526
,,,25,,,,,,,,,,,,,,,,,,,,,,,,,,,,,43199,0.00480365427210927
,,,25,,,,,,,,,,,,,,,,,,,,,,,,,,,,,43209,0.07721421122550964
,,,,3.141283954762321e-07,1.7597613275514558e-06,2.707325119309932e-06,2.707325119309932e-06,4.165115568169125e-06,4.165115568169125e-06,6.407870104875578e-06,6.407870104875578e-06,9.85826169980858e-06,9.85826169980858e-06,1.516655646124397e-05,3.141283954762321e-07,1.516655646124397e-05,2.333316378652918e-05,2.333316378652918e-05,3.589717505619874e-05,3.589717505619874e-05,5.522642316338268e-05,5.522642316338268e-05,5.522642316338268e-05,5.522642316338268e-05,4.832744545788186e-07,4.832744545788186e-07,7.434991608904902e-07,7.434991608904902e-07,1.1438448629084463e-06,1.1438448629084463e-06,1.7597613275514558e-06,43212,
,,,26,,,,,,,,,,,,,,,,,,,,,,,,,,,,,43219,0.002189637627452612
,,,26,,,,,,,,,,,,,,,,,,,,,,,,,,,,,43229,0.0017218351131305099
,,,26,,,,,,,,,,,,,,,,,,,,,,,,,,,,,43239,0.0026477861683815718
,,,26,,,,,,,,,,,,,,,,,,,,,,,,,,,,,43249,0.0009761481778696179
,,,26,,,,,,,,,,,,,,,,,,,,,,,,,,,,,43259,0.0019398853182792664
,,,26,,,,,,,,,,,,,,,,,,,,,,,,,,,,,43269,0.00250415550544858
,,,26,,,,,,,,,,,,,,,,,,,,,,,,,,,,,43279,0.0013879614416509867
,,,26,,,,,,,,,,,,,,,,,,,,,,,,,,,,,43289,0.0028574815951287746
,,,26,,,,,,,,,,,,,,,,,,,,,,,,,,,,,43299,0.004466091748327017
,,,26,,,,,,,,,,,,,,,,,,,,,,,,,,,,,43309,0.0009453142993152142
,,,26,,,,,,,,,,,,,,,,,,,,,,,,,,,,,43319,0.0022987097036093473
,,,26,,,,,,,,,,,,,,,,,,,,,,,,,,,,,43329,0.0016435303259640932
,,,26,,,,,,,,,,,,,,,,,,,,,,,,,,,,,43339,0.012174069881439209
,,,26,,,,,,,,,,,,,,,,,,,,,,,,,,,,,43349,0.04256816953420639
,,,26,,,,,,,,,,,,,,,,,,,,,,,,,,,,,43359,0.008944034576416016
,,,26,,,,,,,,,,,,,,,,,,,,,,,,,,,,,43369,0.0010593226179480553
,,,26,,,,,,,,,,,,,,,,,,,,,,,,,,,,,43379,0.0015331290196627378
,,,26,,,,,,,,,,,,,,,,,,,,,,,,,,,,,43389,0.0015682759694755077
,,,26,,,,,,,,,,,,,,,,,,,,,,,,,,,,,43399,0.022241590544581413
,,,26,,,,,,,,,,,,,,,,,,,,,,,,,,,,,43409,0.0919402614235878
,,,26,,,,,,,,,,,,,,,,,,,,,,,,,,,,,43419,0.0019824071787297726
,,,26,,,,,,,,,,,,,,,,,,,,,,,,,,,,,43429,0.001081758877262473
,,,26,,,,,,,,,,,,,,,,,,,,,,,,,,,,,43439,0.0011848971480503678
,,,26,,,,,,,,,,,,,,,,,,,,,,,,,,,,,43449,0.004212123341858387
,,,26,,,,,,,,,,,,,,,,,,,,,,,,,,,,,43459,0.0043671526946127415
,,,26,,,,,,,,,,,,,,,,,,,,,,,,,,,,,43469,0.0016936234897002578
,,,26,,,,,,,,,,,,,,,,,,,,,,,,,,,,,43479,0.0021226941607892513
,,,26,,,,,,,,,,,,,,,,,,,,,,,,,,,,,43489,0.0054073878563940525
,,,26,,,,,,,,,,,,,,,,,,,,,,,,,,,,,43499,0.0038737356662750244
,,,26,,,,,,,,,,,,,,,,,,,,,,,,,,,,,43509,0.01610880345106125
,,,26,,,,,,,,,,,,,,,,,,,,,,,,,,,,,43519,0.0022695763036608696
,,,26,,,,,,,,,,,,,,,,,,,,,,,,,,,,,43529,0.01754043623805046
,,,26,,,,,,,,,,,,,,,,,,,,,,,,,,,,,43539,0.0012377226958051324
,,,26,,,,,,,,,,,,,,,,,,,,,,,,,,,,,43549,0.0036139213480055332
,,,26,,,,,,,,,,,,,,,,,,,,,,,,,,,,,43559,0.003611659863963723
,,,26,,,,,,,,,,,,,,,,,,,,,,,,,,,,,43569,0.006627802271395922
,,,26,,,,,,,,,,,,,,,,,,,,,,,,,,,,,43579,0.0021727692801505327
,,,26,,,,,,,,,,,,,,,,,,,,,,,,,,,,,43589,0.10788822919130325
,,,26,,,,,,,,,,,,,,,,,,,,,,,,,,,,,43599,0.28130292892456055
,,,26,,,,,,,,,,,,,,,,,,,,,,,,,,,,,43609,0.001539887278340757
,,,26,,,,,,,,,,,,,,,,,,,,,,,,,,,,,43619,0.0032568047754466534
,,,26,,,,,,,,,,,,,,,,,,,,,,,,,,,,,43629,0.0005036515649408102
,,,26,,,,,,,,,,,,,,,,,,,,,,,,,,,,,43639,0.001272022258490324
,,,26,,,,,,,,,,,,,,,,,,,,,,,,,,,,,43649,0.002013568999245763
,,,26,,,,,,,,,,,,,,,,,,,,,,,,,,,,,43659,0.00293739908374846
,,,26,,,,,,,,,,,,,,,,,,,,,,,,,,,,,43669,0.0011611423688009381
,,,26,,,,,,,,,,,,,,,,,,,,,,,,,,,,,43679,0.001972682075574994
,,,26,,,,,,,,,,,,,,,,,,,,,,,,,,,,,43689,0.004894083831459284
,,,26,,,,,,,,,,,,,,,,,,,,,,,,,,,,,43699,0.0020925996359437704
,,,26,,,,,,,,,,,,,,,,,,,,,,,,,,,,,43709,0.0014469349989667535
,,,26,,,,,,,,,,,,,,,,,,,,,,,,,,,,,43719,0.0021614909637719393
,,,26,,,,,,,,,,,,,,,,,,,,,,,,,,,,,43729,0.02291160821914673
,,,26,,,,,,,,,,,,,,,,,,,,,,,,,,,,,43739,0.004663677420467138
,,,26,,,,,,,,,,,,,,,,,,,,,,,,,,,,,43749,0.005398913286626339
,,,26,,,,,,,,,,,,,,,,,,,,,,,,,,,,,43759,0.00213050190359354
,,,26,,,,,,,,,,,,,,,,,,,,,,,,,,,,,43769,0.002684935461729765
,,,26,,,,,,,,,,,,,,,,,,,,,,,,,,,,,43779,0.012019472196698189
,,,26,,,,,,,,,,,,,,,,,,,,,,,,,,,,,43789,0.0023041474632918835
,,,26,,,,,,,,,,,,,,,,,,,,,,,,,,,,,43799,0.002050230512395501
,,,26,,,,,,,,,,,,,,,,,,,,,,,,,,,,,43809,0.014362453483045101
,,,26,,,,,,,,,,,,,,,,,,,,,,,,,,,,,43819,0.22281913459300995
,,,26,,,,,,,,,,,,,,,,,,,,,,,,,,,,,43829,0.028884239494800568
,,,26,,,,,,,,,,,,,,,,,,,,,,,,,,,,,43839,0.0024299859069287777
,,,26,,,,,,,,,,,,,,,,,,,,,,,,,,,,,43849,0.6134889125823975
,,,26,,,,,,,,,,,,,,,,,,,,,,,,,,,,,43859,0.0006554365390911698
,,,26,,,,,,,,,,,,,,,,,,,,,,,,,,,,,43869,0.0029848157428205013
,,,26,,,,,,,,,,,,,,,,,,,,,,,,,,,,,43879,0.006601674947887659
,,,26,,,,,,,,,,,,,,,,,,,,,,,,,,,,,43889,0.001426895149052143
,,,26,,,,,,,,,,,,,,,,,,,,,,,,,,,,,43899,0.017545511946082115
,,,26,,,,,,,,,,,,,,,,,,,,,,,,,,,,,43909,0.00319212069734931
,,,26,,,,,,,,,,,,,,,,,,,,,,,,,,,,,43919,0.001302524353377521
,,,26,,,,,,,,,,,,,,,,,,,,,,,,,,,,,43929,0.0018145876238122582
,,,26,,,,,,,,,,,,,,,,,,,,,,,,,,,,,43939,0.14240242540836334
,,,26,,,,,,,,,,,,,,,,,,,,,,,,,,,,,43949,0.000919992511626333
,,,26,,,,,,,,,,,,,,,,,,,,,,,,,,,,,43959,0.0014420386869460344
,,,26,,,,,,,,,,,,,,,,,,,,,,,,,,,,,43969,0.0741070881485939
,,,26,,,,,,,,,,,,,,,,,,,,,,,,,,,,,43979,0.0013942900113761425
,,,26,,,,,,,,,,,,,,,,,,,,,,,,,,,,,43989,0.0021888483315706253
,,,26,,,,,,,,,,,,,,,,,,,,,,,,,,,,,43999,0.0009793639183044434
,,,26,,,,,,,,,,,,,,,,,,,,,,,,,,,,,44009,0.007675488945096731
,,,26,,,,,,,,,,,,,,,,,,,,,,,,,,,,,44019,0.0005396432825364172
,,,26,,,,,,,,,,,,,,,,,,,,,,,,,,,,,44029,0.002002987777814269
,,,26,,,,,,,,,,,,,,,,,,,,,,,,,,,,,44039,0.04594994708895683
,,,26,,,,,,,,,,,,,,,,,,,,,,,,,,,,,44049,0.09645603597164154
,,,26,,,,,,,,,,,,,,,,,,,,,,,,,,,,,44059,0.007547615561634302
,,,26,,,,,,,,,,,,,,,,,,,,,,,,,,,,,44069,0.24499504268169403
,,,26,,,,,,,,,,,,,,,,,,,,,,,,,,,,,44079,0.002256958745419979
,,,26,,,,,,,,,,,,,,,,,,,,,,,,,,,,,44089,0.043853968381881714
,,,26,,,,,,,,,,,,,,,,,,,,,,,,,,,,,44099,0.00215671444311738
,,,26,,,,,,,,,,,,,,,,,,,,,,,,,,,,,44109,0.011650378815829754
,,,26,,,,,,,,,,,,,,,,,,,,,,,,,,,,,44119,0.0025829027872532606
,,,26,,,,,,,,,,,,,,,,,,,,,,,,,,,,,44129,0.002491622231900692
,,,26,,,,,,,,,,,,,,,,,,,,,,,,,,,,,44139,0.0014170799404382706
,,,26,,,,,,,,,,,,,,,,,,,,,,,,,,,,,44149,0.003909995313733816
,,,26,,,,,,,,,,,,,,,,,,,,,,,,,,,,,44159,0.0016689090989530087
,,,26,,,,,,,,,,,,,,,,,,,,,,,,,,,,,44169,0.0019964566454291344
,,,26,,,,,,,,,,,,,,,,,,,,,,,,,,,,,44179,0.0034155964385718107
,,,26,,,,,,,,,,,,,,,,,,,,,,,,,,,,,44189,0.45234182476997375
,,,26,,,,,,,,,,,,,,,,,,,,,,,,,,,,,44199,0.002303036628291011
,,,26,,,,,,,,,,,,,,,,,,,,,,,,,,,,,44209,0.37002304196357727
,,,26,,,,,,,,,,,,,,,,,,,,,,,,,,,,,44219,0.0021369606256484985
,,,26,,,,,,,,,,,,,,,,,,,,,,,,,,,,,44229,0.010004637762904167
,,,26,,,,,,,,,,,,,,,,,,,,,,,,,,,,,44239,0.010938837192952633
,,,26,,,,,,,,,,,,,,,,,,,,,,,,,,,,,44249,0.056330639868974686
,,,26,,,,,,,,,,,,,,,,,,,,,,,,,,,,,44259,0.048555124551057816
,,,26,,,,,,,,,,,,,,,,,,,,,,,,,,,,,44269,0.0012243579840287566
,,,26,,,,,,,,,,,,,,,,,,,,,,,,,,,,,44279,0.003576303366571665
,,,26,,,,,,,,,,,,,,,,,,,,,,,,,,,,,44289,0.2634151577949524
,,,26,,,,,,,,,,,,,,,,,,,,,,,,,,,,,44299,0.07278811931610107
,,,26,,,,,,,,,,,,,,,,,,,,,,,,,,,,,44309,0.00301055284217
,,,26,,,,,,,,,,,,,,,,,,,,,,,,,,,,,44319,0.0013694881927222013
,,,26,,,,,,,,,,,,,,,,,,,,,,,,,,,,,44329,0.0015715433983132243
,,,26,,,,,,,,,,,,,,,,,,,,,,,,,,,,,44339,0.026336554437875748
,,,26,,,,,,,,,,,,,,,,,,,,,,,,,,,,,44349,0.0023768506944179535
,,,26,,,,,,,,,,,,,,,,,,,,,,,,,,,,,44359,0.12091564387083054
,,,26,,,,,,,,,,,,,,,,,,,,,,,,,,,,,44369,0.005076625384390354
,,,26,,,,,,,,,,,,,,,,,,,,,,,,,,,,,44379,0.0009585105581209064
,,,26,,,,,,,,,,,,,,,,,,,,,,,,,,,,,44389,0.0011505509028211236
,,,26,,,,,,,,,,,,,,,,,,,,,,,,,,,,,44399,0.039056457579135895
,,,26,,,,,,,,,,,,,,,,,,,,,,,,,,,,,44409,0.010628527961671352
,,,26,,,,,,,,,,,,,,,,,,,,,,,,,,,,,44419,0.002309467177838087
,,,26,,,,,,,,,,,,,,,,,,,,,,,,,,,,,44429,0.01856105588376522
,,,26,,,,,,,,,,,,,,,,,,,,,,,,,,,,,44439,0.003682812675833702
,,,26,,,,,,,,,,,,,,,,,,,,,,,,,,,,,44449,1.159803032875061
,,,26,,,,,,,,,,,,,,,,,,,,,,,,,,,,,44459,0.013000496663153172
,,,26,,,,,,,,,,,,,,,,,,,,,,,,,,,,,44469,0.012145149521529675
,,,26,,,,,,,,,,,,,,,,,,,,,,,,,,,,,44479,0.0017224940238520503
,,,26,,,,,,,,,,,,,,,,,,,,,,,,,,,,,44489,0.006135651376098394
,,,26,,,,,,,,,,,,,,,,,,,,,,,,,,,,,44499,0.010812417604029179
,,,26,,,,,,,,,,,,,,,,,,,,,,,,,,,,,44509,0.0020500686950981617
,,,26,,,,,,,,,,,,,,,,,,,,,,,,,,,,,44519,0.16743820905685425
,,,26,,,,,,,,,,,,,,,,,,,,,,,,,,,,,44529,0.0027072245720773935
,,,26,,,,,,,,,,,,,,,,,,,,,,,,,,,,,44539,0.048856448382139206
,,,26,,,,,,,,,,,,,,,,,,,,,,,,,,,,,44549,0.0013910273555666208
,,,26,,,,,,,,,,,,,,,,,,,,,,,,,,,,,44559,0.0016789375804364681
,,,26,,,,,,,,,,,,,,,,,,,,,,,,,,,,,44569,0.005819784477353096
,,,26,,,,,,,,,,,,,,,,,,,,,,,,,,,,,44579,0.0010773378890007734
,,,26,,,,,,,,,,,,,,,,,,,,,,,,,,,,,44589,0.03516393527388573
,,,26,,,,,,,,,,,,,,,,,,,,,,,,,,,,,44599,0.0014302716590464115
,,,26,,,,,,,,,,,,,,,,,,,,,,,,,,,,,44609,0.0017988571198657155
,,,26,,,,,,,,,,,,,,,,,,,,,,,,,,,,,44619,0.002573194680735469
,,,26,,,,,,,,,,,,,,,,,,,,,,,,,,,,,44629,0.0015532702673226595
,,,26,,,,,,,,,,,,,,,,,,,,,,,,,,,,,44639,0.006214742083102465
,,,26,,,,,,,,,,,,,,,,,,,,,,,,,,,,,44649,0.0020862133242189884
,,,26,,,,,,,,,,,,,,,,,,,,,,,,,,,,,44659,0.003232416231185198
,,,26,,,,,,,,,,,,,,,,,,,,,,,,,,,,,44669,0.002943506697192788
,,,26,,,,,,,,,,,,,,,,,,,,,,,,,,,,,44679,0.0026875643525272608
,,,26,,,,,,,,,,,,,,,,,,,,,,,,,,,,,44689,0.015902969986200333
,,,26,,,,,,,,,,,,,,,,,,,,,,,,,,,,,44699,0.6363856196403503
,,,26,,,,,,,,,,,,,,,,,,,,,,,,,,,,,44709,0.0074497708119452
,,,26,,,,,,,,,,,,,,,,,,,,,,,,,,,,,44719,0.001175382756628096
,,,26,,,,,,,,,,,,,,,,,,,,,,,,,,,,,44729,0.0007164982380345464
,,,26,,,,,,,,,,,,,,,,,,,,,,,,,,,,,44739,0.0035010091960430145
,,,26,,,,,,,,,,,,,,,,,,,,,,,,,,,,,44749,0.0012376303784549236
,,,26,,,,,,,,,,,,,,,,,,,,,,,,,,,,,44759,0.0020862568635493517
,,,26,,,,,,,,,,,,,,,,,,,,,,,,,,,,,44769,0.004845454823225737
,,,26,,,,,,,,,,,,,,,,,,,,,,,,,,,,,44779,0.19712983071804047
,,,26,,,,,,,,,,,,,,,,,,,,,,,,,,,,,44789,0.0022486248053610325
,,,26,,,,,,,,,,,,,,,,,,,,,,,,,,,,,44799,0.001466922229155898
,,,26,,,,,,,,,,,,,,,,,,,,,,,,,,,,,44809,0.026765787973999977
,,,26,,,,,,,,,,,,,,,,,,,,,,,,,,,,,44819,0.0026625250466167927
,,,26,,,,,,,,,,,,,,,,,,,,,,,,,,,,,44829,0.004109191242605448
,,,26,,,,,,,,,,,,,,,,,,,,,,,,,,,,,44839,0.0033097248524427414
,,,26,,,,,,,,,,,,,,,,,,,,,,,,,,,,,44849,0.001225724583491683
,,,26,,,,,,,,,,,,,,,,,,,,,,,,,,,,,44859,0.0027385966386646032
,,,26,,,,,,,,,,,,,,,,,,,,,,,,,,,,,44869,0.00789185892790556
,,,,2.943258858323685e-07,1.648826782436853e-06,2.5366565883643888e-06,2.5366565883643888e-06,3.902548597483675e-06,3.902548597483675e-06,6.003920919205654e-06,6.003920919205654e-06,9.236801414162544e-06,9.236801414162544e-06,1.4210463714096221e-05,2.943258858323685e-07,1.4210463714096221e-05,2.1862251867840337e-05,2.1862251867840337e-05,3.363423364283129e-05,3.363423364283129e-05,5.174497483512506e-05,5.174497483512506e-05,5.174497483512506e-05,5.174497483512506e-05,4.5280905512672074e-07,4.5280905512672074e-07,6.966293155795704e-07,6.966293155795704e-07,1.0717374085839545e-06,1.0717374085839545e-06,1.648826782436853e-06,44874,
,,,27,,,,,,,,,,,,,,,,,,,,,,,,,,,,,44879,0.004714657086879015
,,,27,,,,,,,,,,,,,,,,,,,,,,,,,,,,,44889,0.0030994333792477846
,,,27,,,,,,,,,,,,,,,,,,,,,,,,,,,,,44899,0.006407120730727911
,,,27,,,,,,,,,,,,,,,,,,,,,,,,,,,,,44909,0.0014590322971343994
,,,27,,,,,,,,,,,,,,,,,,,,,,,,,,,,,44919,0.0010320955188944936
,,,27,,,,,,,,,,,,,,,,,,,,,,,,,,,,,44929,0.0034005343914031982
,,,27,,,,,,,,,,,,,,,,,,,,,,,,,,,,,44939,0.009102503769099712
,,,27,,,,,,,,,,,,,,,,,,,,,,,,,,,,,44949,0.0016287146136164665
,,,27,,,,,,,,,,,,,,,,,,,,,,,,,,,,,44959,0.010574877262115479
,,,27,,,,,,,,,,,,,,,,,,,,,,,,,,,,,44969,0.05553491413593292
,,,27,,,,,,,,,,,,,,,,,,,,,,,,,,,,,44979,0.0025562436785548925
,,,27,,,,,,,,,,,,,,,,,,,,,,,,,,,,,44989,0.017189176753163338
,,,27,,,,,,,,,,,,,,,,,,,,,,,,,,,,,44999,0.001966944895684719
,,,27,,,,,,,,,,,,,,,,,,,,,,,,,,,,,45009,0.0024712528102099895
,,,27,,,,,,,,,,,,,,,,,,,,,,,,,,,,,45019,0.004818390589207411
,,,27,,,,,,,,,,,,,,,,,,,,,,,,,,,,,45029,0.0010241576237604022
,,,27,,,,,,,,,,,,,,,,,,,,,,,,,,,,,45039,0.005805719643831253
,,,27,,,,,,,,,,,,,,,,,,,,,,,,,,,,,45049,0.001584682846441865
,,,27,,,,,,,,,,,,,,,,,,,,,,,,,,,,,45059,0.005527194123715162
,,,27,,,,,,,,,,,,,,,,,,,,,,,,,,,,,45069,0.0017179017886519432
,,,27,,,,,,,,,,,,,,,,,,,,,,,,,,,,,45079,0.0009572776616550982
,,,27,,,,,,,,,,,,,,,,,,,,,,,,,,,,,45089,0.10110487043857574
,,,27,,,,,,,,,,,,,,,,,,,,,,,,,,,,,45099,0.0012749729212373495
,,,27,,,,,,,,,,,,,,,,,,,,,,,,,,,,,45109,0.002478446112945676
,,,27,,,,,,,,,,,,,,,,,,,,,,,,,,,,,45119,0.010261252522468567
,,,27,,,,,,,,,,,,,,,,,,,,,,,,,,,,,45129,0.019609950482845306
,,,27,,,,,,,,,,,,,,,,,,,,,,,,,,,,,45139,0.0009265654953196645
,,,27,,,,,,,,,,,,,,,,,,,,,,,,,,,,,45149,0.0018274134490638971
,,,27,,,,,,,,,,,,,,,,,,,,,,,,,,,,,45159,0.0015520908636972308
,,,27,,,,,,,,,,,,,,,,,,,,,,,,,,,,,45169,0.0036518697161227465
,,,27,,,,,,,,,,,,,,,,,,,,,,,,,,,,,45179,0.006172067951411009
,,,27,,,,,,,,,,,,,,,,,,,,,,,,,,,,,45189,0.03100431337952614
,,,27,,,,,,,,,,,,,,,,,,,,,,,,,,,,,45199,0.004560989793390036
,,,27,,,,,,,,,,,,,,,,,,,,,,,,,,,,,45209,0.2468724250793457
,,,27,,,,,,,,,,,,,,,,,,,,,,,,,,,,,45219,0.0017270903335884213
,,,27,,,,,,,,,,,,,,,,,,,,,,,,,,,,,45229,0.004657417070120573
,,,27,,,,,,,,,,,,,,,,,,,,,,,,,,,,,45239,0.0025495223235338926
,,,27,,,,,,,,,,,,,,,,,,,,,,,,,,,,,45249,0.0025872334372252226
,,,27,,,,,,,,,,,,,,,,,,,,,,,,,,,,,45259,0.001059345668181777
,,,27,,,,,,,,,,,,,,,,,,,,,,,,,,,,,45269,0.00245711044408381
,,,27,,,,,,,,,,,,,,,,,,,,,,,,,,,,,45279,0.002260553417727351
,,,27,,,,,,,,,,,,,,,,,,,,,,,,,,,,,45289,0.006346186622977257
,,,27,,,,,,,,,,,,,,,,,,,,,,,,,,,,,45299,0.0018341162940487266
,,,27,,,,,,,,,,,,,,,,,,,,,,,,,,,,,45309,0.015200681984424591
,,,27,,,,,,,,,,,,,,,,,,,,,,,,,,,,,45319,0.0012898750137537718
,,,27,,,,,,,,,,,,,,,,,,,,,,,,,,,,,45329,0.0012549920938909054
,,,27,,,,,,,,,,,,,,,,,,,,,,,,,,,,,45339,0.0005717641906812787
,,,27,,,,,,,,,,,,,,,,,,,,,,,,,,,,,45349,0.002067592926323414
,,,27,,,,,,,,,,,,,,,,,,,,,,,,,,,,,45359,0.0014981799758970737
,,,27,,,,,,,,,,,,,,,,,,,,,,,,,,,,,45369,0.008506166748702526
,,,27,,,,,,,,,,,,,,,,,,,,,,,,,,,,,45379,0.0031114493031054735
,,,27,,,,,,,,,,,,,,,,,,,,,,,,,,,,,45389,0.01962248422205448
,,,27,,,,,,,,,,,,,,,,,,,,,,,,,,,,,45399,0.03181996941566467
,,,27,,,,,,,,,,,,,,,,,,,,,,,,,,,,,45409,0.010235165245831013
,,,27,,,,,,,,,,,,,,,,,,,,,,,,,,,,,45419,0.0008875788189470768
,,,27,,,,,,,,,,,,,,,,,,,,,,,,,,,,,45429,0.0012472056550905108
,,,27,,,,,,,,,,,,,,,,,,,,,,,,,,,,,45439,0.0062502529472112656
,,,27,,,,,,,,,,,,,,,,,,,,,,,,,,,,,45449,0.002397587290033698
,,,27,,,,,,,,,,,,,,,,,,,,,,,,,,,,,45459,0.10114116966724396
,,,27,,,,,,,,,,,,,,,,,,,,,,,,,,,,,45469,0.0026644847821444273
,,,27,,,,,,,,,,,,,,,,,,,,,,,,,,,,,45479,0.002507138764485717
,,,27,,,,,,,,,,,,,,,,,,,,,,,,,,,,,45489,0.004046338610351086
,,,27,,,,,,,,,,,,,,,,,,,,,,,,,,,,,45499,0.0015818487154319882
,,,27,,,,,,,,,,,,,,,,,,,,,,,,,,,,,45509,0.0038738958537578583
,,,27,,,,,,,,,,,,,,,,,,,,,,,,,,,,,45519,0.004948537331074476
,,,27,,,,,,,,,,,,,,,,,,,,,,,,,,,,,45529,0.002483585849404335
,,,27,,,,,,,,,,,,,,,,,,,,,,,,,,,,,45539,0.0015423713484779
,,,27,,,,,,,,,,,,,,,,,,,,,,,,,,,,,45549,0.16479907929897308
,,,27,,,,,,,,,,,,,,,,,,,,,,,,,,,,,45559,0.0011333879083395004
,,,27,,,,,,,,,,,,,,,,,,,,,,,,,,,,,45569,0.007532884832471609
,,,27,,,,,,,,,,,,,,,,,,,,,,,,,,,,,45579,0.06864459812641144
,,,27,,,,,,,,,,,,,,,,,,,,,,,,,,,,,45589,0.009050644934177399
,,,27,,,,,,,,,,,,,,,,,,,,,,,,,,,,,45599,0.0032164081931114197
,,,27,,,,,,,,,,,,,,,,,,,,,,,,,,,,,45609,0.006897901184856892
,,,27,,,,,,,,,,,,,,,,,,,,,,,,,,,,,45619,0.0014109231997281313
,,,27,,,,,,,,,,,,,,,,,,,,,,,,,,,,,45629,0.0019417278235778213
,,,27,,,,,,,,,,,,,,,,,,,,,,,,,,,,,45639,0.0013772768434137106
,,,27,,,,,,,,,,,,,,,,,,,,,,,,,,,,,45649,0.008283714763820171
,,,27,,,,,,,,,,,,,,,,,,,,,,,,,,,,,45659,0.012931582517921925
,,,27,,,,,,,,,,,,,,,,,,,,,,,,,,,,,45669,0.003443807363510132
,,,27,,,,,,,,,,,,,,,,,,,,,,,,,,,,,45679,0.002252573147416115
,,,27,,,,,,,,,,,,,,,,,,,,,,,,,,,,,45689,0.003226667642593384
,,,27,,,,,,,,,,,,,,,,,,,,,,,,,,,,,45699,0.0023697735741734505
,,,27,,,,,,,,,,,,,,,,,,,,,,,,,,,,,45709,0.005214449483901262
,,,27,,,,,,,,,,,,,,,,,,,,,,,,,,,,,45719,0.0013222472043707967
,,,27,,,,,,,,,,,,,,,,,,,,,,,,,,,,,45729,0.02596340700984001
,,,27,,,,,,,,,,,,,,,,,,,,,,,,,,,,,45739,0.0014387145638465881
,,,27,,,,,,,,,,,,,,,,,,,,,,,,,,,,,45749,0.7957503795623779
,,,27,,,,,,,,,,,,,,,,,,,,,,,,,,,,,45759,0.0014814271125942469
,,,27,,,,,,,,,,,,,,,,,,,,,,,,,,,,,45769,0.006063106469810009
,,,27,,,,,,,,,,,,,,,,,,,,,,,,,,,,,45779,0.0021887326147407293
,,,27,,,,,,,,,,,,,,,,,,,,,,,,,,,,,45789,0.07784557342529297
,,,27,,,,,,,,,,,,,,,,,,,,,,,,,,,,,45799,0.5125899910926819
,,,27,,,,,,,,,,,,,,,,,,,,,,,,,,,,,45809,0.007116262335330248
,,,27,,,,,,,,,,,,,,,,,,,,,,,,,,,,,45819,0.04194757714867592
,,,27,,,,,,,,,,,,,,,,,,,,,,,,,,,,,45829,1.3053474426269531
,,,27,,,,,,,,,,,,,,,,,,,,,,,,,,,,,45839,0.009178590029478073
,,,27,,,,,,,,,,,,,,,,,,,,,,,,,,,,,45849,0.0013138910289853811
,,,27,,,,,,,,,,,,,,,,,,,,,,,,,,,,,45859,0.27003830671310425
,,,27,,,,,,,,,,,,,,,,,,,,,,,,,,,,,45869,0.001060105161741376
,,,27,,,,,,,,,,,,,,,,,,,,,,,,,,,,,45879,0.0025186645798385143
,,,27,,,,,,,,,,,,,,,,,,,,,,,,,,,,,45889,0.0004315586411394179
,,,27,,,,,,,,,,,,,,,,,,,,,,,,,,,,,45899,0.0020354355219751596
,,,27,,,,,,,,,,,,,,,,,,,,,,,,,,,,,45909,0.014453373849391937
,,,27,,,,,,,,,,,,,,,,,,,,,,,,,,,,,45919,0.037837084382772446
,,,27,,,,,,,,,,,,,,,,,,,,,,,,,,,,,45929,0.035776302218437195
,,,27,,,,,,,,,,,,,,,,,,,,,,,,,,,,,45939,0.0007228325121104717
,,,27,,,,,,,,,,,,,,,,,,,,,,,,,,,,,45949,0.0021226168610155582
,,,27,,,,,,,,,,,,,,,,,,,,,,,,,,,,,45959,0.002171512693166733
,,,27,,,,,,,,,,,,,,,,,,,,,,,,,,,,,45969,0.003180245403200388
,,,27,,,,,,,,,,,,,,,,,,,,,,,,,,,,,45979,0.001489755348302424
,,,27,,,,,,,,,,,,,,,,,,,,,,,,,,,,,45989,0.0014075535582378507
,,,27,,,,,,,,,,,,,,,,,,,,,,,,,,,,,45999,0.0035287998616695404
,,,27,,,,,,,,,,,,,,,,,,,,,,,,,,,,,46009,0.0029839822091162205
,,,27,,,,,,,,,,,,,,,,,,,,,,,,,,,,,46019,0.031730834394693375
,,,27,,,,,,,,,,,,,,,,,,,,,,,,,,,,,46029,0.0017495022621005774
,,,27,,,,,,,,,,,,,,,,,,,,,,,,,,,,,46039,0.000950358749832958
,,,27,,,,,,,,,,,,,,,,,,,,,,,,,,,,,46049,0.002043172251433134
,,,27,,,,,,,,,,,,,,,,,,,,,,,,,,,,,46059,0.0023337097372859716
,,,27,,,,,,,,,,,,,,,,,,,,,,,,,,,,,46069,0.0006810649065300822
,,,27,,,,,,,,,,,,,,,,,,,,,,,,,,,,,46079,0.0013834331184625626
,,,27,,,,,,,,,,,,,,,,,,,,,,,,,,,,,46089,0.0024664895609021187
,,,27,,,,,,,,,,,,,,,,,,,,,,,,,,,,,46099,0.003075105370953679
,,,27,,,,,,,,,,,,,,,,,,,,,,,,,,,,,46109,0.002526465803384781
,,,27,,,,,,,,,,,,,,,,,,,,,,,,,,,,,46119,0.0010301462607458234
,,,27,,,,,,,,,,,,,,,,,,,,,,,,,,,,,46129,0.08281725645065308
,,,27,,,,,,,,,,,,,,,,,,,,,,,,,,,,,46139,0.0018011952051892877
,,,27,,,,,,,,,,,,,,,,,,,,,,,,,,,,,46149,0.001318251946941018
,,,27,,,,,,,,,,,,,,,,,,,,,,,,,,,,,46159,0.001338121946901083
,,,27,,,,,,,,,,,,,,,,,,,,,,,,,,,,,46169,0.001145141781307757
,,,27,,,,,,,,,,,,,,,,,,,,,,,,,,,,,46179,0.0048750764690339565
,,,27,,,,,,,,,,,,,,,,,,,,,,,,,,,,,46189,0.0010494949528947473
,,,27,,,,,,,,,,,,,,,,,,,,,,,,,,,,,46199,0.0008956667152233422
,,,27,,,,,,,,,,,,,,,,,,,,,,,,,,,,,46209,0.04328703135251999
,,,27,,,,,,,,,,,,,,,,,,,,,,,,,,,,,46219,0.0010935238096863031
,,,27,,,,,,,,,,,,,,,,,,,,,,,,,,,,,46229,0.003336964175105095
,,,27,,,,,,,,,,,,,,,,,,,,,,,,,,,,,46239,0.002641863888129592
,,,27,,,,,,,,,,,,,,,,,,,,,,,,,,,,,46249,0.0015025594038888812
,,,27,,,,,,,,,,,,,,,,,,,,,,,,,,,,,46259,0.000969582237303257
,,,27,,,,,,,,,,,,,,,,,,,,,,,,,,,,,46269,0.002211686223745346
,,,27,,,,,,,,,,,,,,,,,,,,,,,,,,,,,46279,0.12250255048274994
,,,27,,,,,,,,,,,,,,,,,,,,,,,,,,,,,46289,0.0018671900033950806
,,,27,,,,,,,,,,,,,,,,,,,,,,,,,,,,,46299,0.0023991817142814398
,,,27,,,,,,,,,,,,,,,,,,,,,,,,,,,,,46309,0.0008144434541463852
,,,27,,,,,,,,,,,,,,,,,,,,,,,,,,,,,46319,0.002822578651830554
,,,27,,,,,,,,,,,,,,,,,,,,,,,,,,,,,46329,0.0006286628777161241
,,,27,,,,,,,,,,,,,,,,,,,,,,,,,,,,,46339,0.005510304588824511
,,,27,,,,,,,,,,,,,,,,,,,,,,,,,,,,,46349,0.002156792674213648
,,,27,,,,,,,,,,,,,,,,,,,,,,,,,,,,,46359,0.003492688061669469
,,,27,,,,,,,,,,,,,,,,,,,,,,,,,,,,,46369,0.0032558399252593517
,,,27,,,,,,,,,,,,,,,,,,,,,,,,,,,,,46379,0.005209018476307392
,,,27,,,,,,,,,,,,,,,,,,,,,,,,,,,,,46389,0.009583108127117157
,,,27,,,,,,,,,,,,,,,,,,,,,,,,,,,,,46399,0.0009386968449689448
,,,27,,,,,,,,,,,,,,,,,,,,,,,,,,,,,46409,0.004891169723123312
,,,27,,,,,,,,,,,,,,,,,,,,,,,,,,,,,46419,0.0007815934950485826
,,,27,,,,,,,,,,,,,,,,,,,,,,,,,,,,,46429,0.038535017520189285
,,,27,,,,,,,,,,,,,,,,,,,,,,,,,,,,,46439,0.0017617910634726286
,,,27,,,,,,,,,,,,,,,,,,,,,,,,,,,,,46449,0.19993194937705994
,,,27,,,,,,,,,,,,,,,,,,,,,,,,,,,,,46459,0.01446803379803896
,,,27,,,,,,,,,,,,,,,,,,,,,,,,,,,,,46469,0.0004572619800455868
,,,27,,,,,,,,,,,,,,,,,,,,,,,,,,,,,46479,0.0016006071818992496
,,,27,,,,,,,,,,,,,,,,,,,,,,,,,,,,,46489,0.0012337856460362673
,,,27,,,,,,,,,,,,,,,,,,,,,,,,,,,,,46499,0.003043662291020155
,,,27,,,,,,,,,,,,,,,,,,,,,,,,,,,,,46509,0.0028202086687088013
,,,27,,,,,,,,,,,,,,,,,,,,,,,,,,,,,46519,0.09014450013637543
,,,27,,,,,,,,,,,,,,,,,,,,,,,,,,,,,46529,0.0019003235502168536
,,,,2.744750204782032e-07,1.537621346469399e-06,2.3655713022606135e-06,2.3655713022606135e-06,3.6393404650163284e-06,3.6393404650163284e-06,5.598985330794351e-06,5.598985330794351e-06,8.613823585837463e-06,8.613823585837463e-06,1.3252036285903789e-05,2.744750204782032e-07,1.3252036285903789e-05,2.0387748132159674e-05,2.0387748132159674e-05,3.136576635716873e-05,3.136576635716873e-05,4.825502516487497e-05,4.825502516487497e-05,4.825502516487497e-05,4.825502516487497e-05,4.222692622741587e-07,4.222692622741587e-07,6.496450188833211e-07,6.496450188833211e-07,9.994538752051094e-07,9.994538752051094e-07,1.537621346469399e-06,46536,
,,,28,,,,,,,,,,,,,,,,,,,,,,,,,,,,,46539,0.0007943128584884107
,,,28,,,,,,,,,,,,,,,,,,,,,,,,,,,,,46549,0.007883129641413689
,,,28,,,,,,,,,,,,,,,,,,,,,,,,,,,,,46559,0.004662419203668833
,,,28,,,,,,,,,,,,,,,,,,,,,,,,,,,,,46569,0.026001904159784317
,,,28,,,,,,,,,,,,,,,,,,,,,,,,,,,,,46579,0.0006073273252695799
,,,28,,,,,,,,,,,,,,,,,,,,,,,,,,,,,46589,0.001328233745880425
,,,28,,,,,,,,,,,,,,,,,,,,,,,,,,,,,46599,0.00177222047932446
,,,28,,,,,,,,,,,,,,,,,,,,,,,,,,,,,46609,0.04438107833266258
,,,28,,,,,,,,,,,,,,,,,,,,,,,,,,,,,46619,0.0024994437117129564
,,,28,,,,,,,,,,,,,,,,,,,,,,,,,,,,,46629,0.001265565399080515
,,,28,,,,,,,,,,,,,,,,,,,,,,,,,,,,,46639,0.0032361685298383236
,,,28,,,,,,,,,,,,,,,,,,,,,,,,,,,,,46649,0.0031193536706268787
,,,28,,,,,,,,,,,,,,,,,,,,,,,,,,,,,46659,0.0014158437261357903
,,,28,,,,,,,,,,,,,,,,,,,,,,,,,,,,,46669,0.0014914370840415359
,,,28,,,,,,,,,,,,,,,,,,,,,,,,,,,,,46679,0.0007435975130647421
,,,28,,,,,,,,,,,,,,,,,,,,,,,,,,,,,46689,0.002771178726106882
,,,28,,,,,,,,,,,,,,,,,,,,,,,,,,,,,46699,0.0007166456198319793
,,,28,,,,,,,,,,,,,,,,,,,,,,,,,,,,,46709,0.0019522394286468625
,,,28,,,,,,,,,,,,,,,,,,,,,,,,,,,,,46719,0.08797439187765121
,,,28,,,,,,,,,,,,,,,,,,,,,,,,,,,,,46729,0.001692611025646329
,,,28,,,,,,,,,,,,,,,,,,,,,,,,,,,,,46739,0.0007659575785510242
,,,28,,,,,,,,,,,,,,,,,,,,,,,,,,,,,46749,0.0035841006319969893
,,,28,,,,,,,,,,,,,,,,,,,,,,,,,,,,,46759,0.00261889910325408
,,,28,,,,,,,,,,,,,,,,,,,,,,,,,,,,,46769,0.03268009051680565
,,,28,,,,,,,,,,,,,,,,,,,,,,,,,,,,,46779,0.0012910562800243497
,,,28,,,,,,,,,,,,,,,,,,,,,,,,,,,,,46789,0.00359405972994864
,,,28,,,,,,,,,,,,,,,,,,,,,,,,,,,,,46799,0.3416445255279541
,,,28,,,,,,,,,,,,,,,,,,,,,,,,,,,,,46809,0.0014952468918636441
,,,28,,,,,,,,,,,,,,,,,,,,,,,,,,,,,46819,0.0024720081128180027
,,,28,,,,,,,,,,,,,,,,,,,,,,,,,,,,,46829,0.04730826988816261
,,,28,,,,,,,,,,,,,,,,,,,,,,,,,,,,,46839,0.07578051835298538
,,,28,,,,,,,,,,,,,,,,,,,,,,,,,,,,,46849,0.0027654569130390882
,,,28,,,,,,,,,,,,,,,,,,,,,,,,,,,,,46859,0.0011914254864677787
,,,28,,,,,,,,,,,,,,,,,,,,,,,,,,,,,46869,0.006292537786066532
,,,28,,,,,,,,,,,,,,,,,,,,,,,,,,,,,46879,0.0015303876716643572
,,,28,,,,,,,,,,,,,,,,,,,,,,,,,,,,,46889,0.09378812462091446
,,,28,,,,,,,,,,,,,,,,,,,,,,,,,,,,,46899,0.001312017673626542
,,,28,,,,,,,,,,,,,,,,,,,,,,,,,,,,,46909,0.009091010317206383
,,,28,,,,,,,,,,,,,,,,,,,,,,,,,,,,,46919,0.0016851412365213037
,,,28,,,,,,,,,,,,,,,,,,,,,,,,,,,,,46929,0.0012467453489080071
,,,28,,,,,,,,,,,,,,,,,,,,,,,,,,,,,46939,0.014483320526778698
,,,28,,,,,,,,,,,,,,,,,,,,,,,,,,,,,46949,0.0006456169066950679
,,,28,,,,,,,,,,,,,,,,,,,,,,,,,,,,,46959,0.0021585742942988873
,,,28,,,,,,,,,,,,,,,,,,,,,,,,,,,,,46969,0.0011146474862471223
,,,28,,,,,,,,,,,,,,,,,,,,,,,,,,,,,46979,0.002007366856560111
,,,28,,,,,,,,,,,,,,,,,,,,,,,,,,,,,46989,0.0027635982260107994
,,,28,,,,,,,,,,,,,,,,,,,,,,,,,,,,,46999,0.001354068866930902
,,,28,,,,,,,,,,,,,,,,,,,,,,,,,,,,,47009,0.0029999185353517532
,,,28,,,,,,,,,,,,,,,,,,,,,,,,,,,,,47019,0.3974517285823822
,,,28,,,,,,,,,,,,,,,,,,,,,,,,,,,,,47029,0.2959391176700592
,,,28,,,,,,,,,,,,,,,,,,,,,,,,,,,,,47039,0.002215821761637926
,,,28,,,,,,,,,,,,,,,,,,,,,,,,,,,,,47049,0.0011112705105915666
,,,28,,,,,,,,,,,,,,,,,,,,,,,,,,,,,47059,0.030463434755802155
,,,28,,,,,,,,,,,,,,,,,,,,,,,,,,,,,47069,0.6340383291244507
,,,28,,,,,,,,,,,,,,,,,,,,,,,,,,,,,47079,0.0016497602919116616
,,,28,,,,,,,,,,,,,,,,,,,,,,,,,,,,,47089,0.13218016922473907
,,,28,,,,,,,,,,,,,,,,,,,,,,,,,,,,,47099,0.0031922203488647938
,,,28,,,,,,,,,,,,,,,,,,,,,,,,,,,,,47109,0.014339471235871315
,,,28,,,,,,,,,,,,,,,,,,,,,,,,,,,,,47119,0.0024422428105026484
,,,28,,,,,,,,,,,,,,,,,,,,,,,,,,,,,47129,0.008965116925537586
,,,28,,,,,,,,,,,,,,,,,,,,,,,,,,,,,47139,0.0017898653168231249
,,,28,,,,,,,,,,,,,,,,,,,,,,,,,,,,,47149,0.0012182864593341947
,,,28,,,,,,,,,,,,,,,,,,,,,,,,,,,,,47159,0.009835499338805676
,,,28,,,,,,,,,,,,,,,,,,,,,,,,,,,,,47169,0.0038974066264927387
,,,28,,,,,,,,,,,,,,,,,,,,,,,,,,,,,47179,0.8344184756278992
,,,28,,,,,,,,,,,,,,,,,,,,,,,,,,,,,47189,0.5486899018287659
,,,28,,,,,,,,,,,,,,,,,,,,,,,,,,,,,47199,0.003266315907239914
,,,28,,,,,,,,,,,,,,,,,,,,,,,,,,,,,47209,0.0011624910403043032
,,,28,,,,,,,,,,,,,,,,,,,,,,,,,,,,,47219,0.0012670853175222874
,,,28,,,,,,,,,,,,,,,,,,,,,,,,,,,,,47229,0.0008312262361869216
,,,28,,,,,,,,,,,,,,,,,,,,,,,,,,,,,47239,0.0030832644551992416
,,,28,,,,,,,,,,,,,,,,,,,,,,,,,,,,,47249,0.0013907020911574364
,,,28,,,,,,,,,,,,,,,,,,,,,,,,,,,,,47259,0.0008343714289367199
,,,28,,,,,,,,,,,,,,,,,,,,,,,,,,,,,47269,0.0007705738535150886
,,,28,,,,,,,,,,,,,,,,,,,,,,,,,,,,,47279,0.01615266501903534
,,,28,,,,,,,,,,,,,,,,,,,,,,,,,,,,,47289,0.0022417574655264616
,,,28,,,,,,,,,,,,,,,,,,,,,,,,,,,,,47299,0.2693161964416504
,,,28,,,,,,,,,,,,,,,,,,,,,,,,,,,,,47309,0.004385747481137514
,,,28,,,,,,,,,,,,,,,,,,,,,,,,,,,,,47319,0.0019373375689610839
,,,28,,,,,,,,,,,,,,,,,,,,,,,,,,,,,47329,0.004728582222014666
,,,28,,,,,,,,,,,,,,,,,,,,,,,,,,,,,47339,0.004466804675757885
,,,28,,,,,,,,,,,,,,,,,,,,,,,,,,,,,47349,0.0026751819532364607
,,,28,,,,,,,,,,,,,,,,,,,,,,,,,,,,,47359,0.006414910778403282
,,,28,,,,,,,,,,,,,,,,,,,,,,,,,,,,,47369,0.001239082426764071
,,,28,,,,,,,,,,,,,,,,,,,,,,,,,,,,,47379,0.00960113387554884
,,,28,,,,,,,,,,,,,,,,,,,,,,,,,,,,,47389,0.00740297744050622
,,,28,,,,,,,,,,,,,,,,,,,,,,,,,,,,,47399,0.008556959219276905
,,,28,,,,,,,,,,,,,,,,,,,,,,,,,,,,,47409,0.0016483087092638016
,,,28,,,,,,,,,,,,,,,,,,,,,,,,,,,,,47419,0.0021510457154363394
,,,28,,,,,,,,,,,,,,,,,,,,,,,,,,,,,47429,0.03821231797337532
,,,28,,,,,,,,,,,,,,,,,,,,,,,,,,,,,47439,1.142889380455017
,,,28,,,,,,,,,,,,,,,,,,,,,,,,,,,,,47449,0.004023043438792229
,,,28,,,,,,,,,,,,,,,,,,,,,,,,,,,,,47459,0.01423383504152298
,,,28,,,,,,,,,,,,,,,,,,,,,,,,,,,,,47469,0.002520233392715454
,,,28,,,,,,,,,,,,,,,,,,,,,,,,,,,,,47479,0.006081721745431423
,,,28,,,,,,,,,,,,,,,,,,,,,,,,,,,,,47489,0.006086199544370174
,,,28,,,,,,,,,,,,,,,,,,,,,,,,,,,,,47499,0.0031381810549646616
,,,28,,,,,,,,,,,,,,,,,,,,,,,,,,,,,47509,0.002070654183626175
,,,28,,,,,,,,,,,,,,,,,,,,,,,,,,,,,47519,0.07792368531227112
,,,28,,,,,,,,,,,,,,,,,,,,,,,,,,,,,47529,0.001016403315588832
,,,28,,,,,,,,,,,,,,,,,,,,,,,,,,,,,47539,0.002097334945574403
,,,28,,,,,,,,,,,,,,,,,,,,,,,,,,,,,47549,0.004510798025876284
,,,28,,,,,,,,,,,,,,,,,,,,,,,,,,,,,47559,0.049228765070438385
,,,28,,,,,,,,,,,,,,,,,,,,,,,,,,,,,47569,0.0009545001084916294
,,,28,,,,,,,,,,,,,,,,,,,,,,,,,,,,,47579,0.03785469010472298
,,,28,,,,,,,,,,,,,,,,,,,,,,,,,,,,,47589,0.0034525487571954727
,,,28,,,,,,,,,,,,,,,,,,,,,,,,,,,,,47599,0.0009530200622975826
,,,28,,,,,,,,,,,,,,,,,,,,,,,,,,,,,47609,0.731846034526825
,,,28,,,,,,,,,,,,,,,,,,,,,,,,,,,,,47619,0.001101833302527666
,,,28,,,,,,,,,,,,,,,,,,,,,,,,,,,,,47629,0.003974021412432194
,,,28,,,,,,,,,,,,,,,,,,,,,,,,,,,,,47639,0.004266752395778894
,,,28,,,,,,,,,,,,,,,,,,,,,,,,,,,,,47649,0.001391266006976366
,,,28,,,,,,,,,,,,,,,,,,,,,,,,,,,,,47659,0.002067780587822199
,,,28,,,,,,,,,,,,,,,,,,,,,,,,,,,,,47669,0.04922126233577728
,,,28,,,,,,,,,,,,,,,,,,,,,,,,,,,,,47679,0.002082719001919031
,,,28,,,,,,,,,,,,,,,,,,,,,,,,,,,,,47689,0.005371835082769394
,,,28,,,,,,,,,,,,,,,,,,,,,,,,,,,,,47699,0.002246710006147623
,,,28,,,,,,,,,,,,,,,,,,,,,,,,,,,,,47709,0.02173229120671749
,,,28,,,,,,,,,,,,,,,,,,,,,,,,,,,,,47719,0.04380291327834129
,,,28,,,,,,,,,,,,,,,,,,,,,,,,,,,,,47729,0.005734879057854414
,,,28,,,,,,,,,,,,,,,,,,,,,,,,,,,,,47739,0.002113896422088146
,,,28,,,,,,,,,,,,,,,,,,,,,,,,,,,,,47749,0.0007292658556252718
,,,28,,,,,,,,,,,,,,,,,,,,,,,,,,,,,47759,0.003435907419770956
,,,28,,,,,,,,,,,,,,,,,,,,,,,,,,,,,47769,0.0013998616486787796
,,,28,,,,,,,,,,,,,,,,,,,,,,,,,,,,,47779,0.0018587326630949974
,,,28,,,,,,,,,,,,,,,,,,,,,,,,,,,,,47789,0.0025791118387132883
,,,28,,,,,,,,,,,,,,,,,,,,,,,,,,,,,47799,0.003710679244250059
,,,28,,,,,,,,,,,,,,,,,,,,,,,,,,,,,47809,0.0014243540354073048
,,,28,,,,,,,,,,,,,,,,,,,,,,,,,,,,,47819,0.057157404720783234
,,,28,,,,,,,,,,,,,,,,,,,,,,,,,,,,,47829,0.002230700571089983
,,,28,,,,,,,,,,,,,,,,,,,,,,,,,,,,,47839,0.0013386886566877365
,,,28,,,,,,,,,,,,,,,,,,,,,,,,,,,,,47849,0.014720329083502293
,,,28,,,,,,,,,,,,,,,,,,,,,,,,,,,,,47859,0.0010357530554756522
,,,28,,,,,,,,,,,,,,,,,,,,,,,,,,,,,47869,0.1333162486553192
,,,28,,,,,,,,,,,,,,,,,,,,,,,,,,,,,47879,0.012807256542146206
,,,28,,,,,,,,,,,,,,,,,,,,,,,,,,,,,47889,0.6148741245269775
,,,28,,,,,,,,,,,,,,,,,,,,,,,,,,,,,47899,0.002664919476956129
,,,28,,,,,,,,,,,,,,,,,,,,,,,,,,,,,47909,0.000984111917205155
,,,28,,,,,,,,,,,,,,,,,,,,,,,,,,,,,47919,0.0015317826764658093
,,,28,,,,,,,,,,,,,,,,,,,,,,,,,,,,,47929,0.8678129315376282
,,,28,,,,,,,,,,,,,,,,,,,,,,,,,,,,,47939,0.003593402449041605
,,,28,,,,,,,,,,,,,,,,,,,,,,,,,,,,,47949,0.046010248363018036
,,,28,,,,,,,,,,,,,,,,,,,,,,,,,,,,,47959,0.018198437988758087
,,,28,,,,,,,,,,,,,,,,,,,,,,,,,,,,,47969,0.001932385959662497
,,,28,,,,,,,,,,,,,,,,,,,,,,,,,,,,,47979,0.0016422895714640617
,,,28,,,,,,,,,,,,,,,,,,,,,,,,,,,,,47989,0.0012630359269678593
,,,28,,,,,,,,,,,,,,,,,,,,,,,,,,,,,47999,0.0574660450220108
,,,28,,,,,,,,,,,,,,,,,,,,,,,,,,,,,48009,0.002080098493024707
,,,28,,,,,,,,,,,,,,,,,,,,,,,,,,,,,48019,0.0011234363773837686
,,,28,,,,,,,,,,,,,,,,,,,,,,,,,,,,,48029,0.0027505296748131514
,,,28,,,,,,,,,,,,,,,,,,,,,,,,,,,,,48039,0.0017813616432249546
,,,28,,,,,,,,,,,,,,,,,,,,,,,,,,,,,48049,0.001910751685500145
,,,28,,,,,,,,,,,,,,,,,,,,,,,,,,,,,48059,0.009382478892803192
,,,28,,,,,,,,,,,,,,,,,,,,,,,,,,,,,48069,0.0017231517704203725
,,,28,,,,,,,,,,,,,,,,,,,,,,,,,,,,,48079,0.00277409004047513
,,,28,,,,,,,,,,,,,,,,,,,,,,,,,,,,,48089,0.0022119376808404922
,,,28,,,,,,,,,,,,,,,,,,,,,,,,,,,,,48099,0.0020425289403647184
,,,28,,,,,,,,,,,,,,,,,,,,,,,,,,,,,48109,0.004202097654342651
,,,28,,,,,,,,,,,,,,,,,,,,,,,,,,,,,48119,0.0011543019209057093
,,,28,,,,,,,,,,,,,,,,,,,,,,,,,,,,,48129,0.10590990632772446
,,,28,,,,,,,,,,,,,,,,,,,,,,,,,,,,,48139,0.02990477904677391
,,,28,,,,,,,,,,,,,,,,,,,,,,,,,,,,,48149,1.3015393018722534
,,,28,,,,,,,,,,,,,,,,,,,,,,,,,,,,,48159,0.048167161643505096
,,,28,,,,,,,,,,,,,,,,,,,,,,,,,,,,,48169,0.00303755234926939
,,,28,,,,,,,,,,,,,,,,,,,,,,,,,,,,,48179,0.0009084934717975557
,,,28,,,,,,,,,,,,,,,,,,,,,,,,,,,,,48189,0.001236232346855104
,,,,2.5467251083433957e-07,1.4266868013547958e-06,2.1949027713150704e-06,2.1949027713150704e-06,3.376773494330877e-06,3.376773494330877e-06,5.195036145124426e-06,5.195036145124426e-06,7.992363300191425e-06,7.992363300191425e-06,1.2295943538756038e-05,2.5467251083433957e-07,1.2295943538756038e-05,1.8916836213470826e-05,1.8916836213470826e-05,2.9102824943801272e-05,2.9102824943801272e-05,4.477357683661734e-05,4.477357683661734e-05,4.477357683661734e-05,4.477357683661734e-05,3.9180386282206076e-07,3.9180386282206076e-07,6.027751735724013e-07,6.027751735724013e-07,9.273464208806172e-07,9.273464208806172e-07,1.4266868013547958e-06,48198,
,,,29,,,,,,,,,,,,,,,,,,,,,,,,,,,,,48199,0.005195355508476496
,,,29,,,,,,,,,,,,,,,,,,,,,,,,,,,,,48209,0.0006341277039609849
,,,29,,,,,,,,,,,,,,,,,,,,,,,,,,,,,48219,0.0013804748887196183
,,,29,,,,,,,,,,,,,,,,,,,,,,,,,,,,,48229,0.0004240491834934801
,,,29,,,,,,,,,,,,,,,,,,,,,,,,,,,,,48239,0.0035571157932281494
,,,29,,,,,,,,,,,,,,,,,,,,,,,,,,,,,48249,0.0011073407949879766
,,,29,,,,,,,,,,,,,,,,,,,,,,,,,,,,,48259,0.010445568710565567
,,,29,,,,,,,,,,,,,,,,,,,,,,,,,,,,,48269,0.002805648371577263
,,,29,,,,,,,,,,,,,,,,,,,,,,,,,,,,,48279,0.115468330681324
,,,29,,,,,,,,,,,,,,,,,,,,,,,,,,,,,48289,0.008782651275396347
,,,29,,,,,,,,,,,,,,,,,,,,,,,,,,,,,48299,0.0012934139231219888
,,,29,,,,,,,,,,,,,,,,,,,,,,,,,,,,,48309,0.007302082609385252
,,,29,,,,,,,,,,,,,,,,,,,,,,,,,,,,,48319,0.0020401563961058855
,,,29,,,,,,,,,,,,,,,,,,,,,,,,,,,,,48329,0.006802050396800041
,,,29,,,,,,,,,,,,,,,,,,,,,,,,,,,,,48339,0.016742873936891556
,,,29,,,,,,,,,,,,,,,,,,,,,,,,,,,,,48349,0.0012391092022880912
,,,29,,,,,,,,,,,,,,,,,,,,,,,,,,,,,48359,0.0570223368704319
,,,29,,,,,,,,,,,,,,,,,,,,,,,,,,,,,48369,0.00351527938619256
,,,29,,,,,,,,,,,,,,,,,,,,,,,,,,,,,48379,0.0007684657466597855
,,,29,,,,,,,,,,,,,,,,,,,,,,,,,,,,,48389,0.008418659679591656
,,,29,,,,,,,,,,,,,,,,,,,,,,,,,,,,,48399,0.22334764897823334
,,,29,,,,,,,,,,,,,,,,,,,,,,,,,,,,,48409,0.004479520488530397
,,,29,,,,,,,,,,,,,,,,,,,,,,,,,,,,,48419,0.0029900732915848494
,,,29,,,,,,,,,,,,,,,,,,,,,,,,,,,,,48429,0.0037097183521836996
,,,29,,,,,,,,,,,,,,,,,,,,,,,,,,,,,48439,0.0010317090200260282
,,,29,,,,,,,,,,,,,,,,,,,,,,,,,,,,,48449,0.0016673743957653642
,,,29,,,,,,,,,,,,,,,,,,,,,,,,,,,,,48459,0.016152380034327507
,,,29,,,,,,,,,,,,,,,,,,,,,,,,,,,,,48469,0.013756046071648598
,,,29,,,,,,,,,,,,,,,,,,,,,,,,,,,,,48479,0.0050671761855483055
,,,29,,,,,,,,,,,,,,,,,,,,,,,,,,,,,48489,0.0017305657966062427
,,,29,,,,,,,,,,,,,,,,,,,,,,,,,,,,,48499,0.0019068352412432432
,,,29,,,,,,,,,,,,,,,,,,,,,,,,,,,,,48509,0.0013662799028679729
,,,29,,,,,,,,,,,,,,,,,,,,,,,,,,,,,48519,0.010623475536704063
,,,29,,,,,,,,,,,,,,,,,,,,,,,,,,,,,48529,0.0014213485410436988
,,,29,,,,,,,,,,,,,,,,,,,,,,,,,,,,,48539,0.002184870420023799
,,,29,,,,,,,,,,,,,,,,,,,,,,,,,,,,,48549,0.0014914924977347255
,,,29,,,,,,,,,,,,,,,,,,,,,,,,,,,,,48559,0.0024407438468188047
,,,29,,,,,,,,,,,,,,,,,,,,,,,,,,,,,48569,0.0011212051613256335
,,,29,,,,,,,,,,,,,,,,,,,,,,,,,,,,,48579,0.004225652199238539
,,,29,,,,,,,,,,,,,,,,,,,,,,,,,,,,,48589,0.0004885427188128233
,,,29,,,,,,,,,,,,,,,,,,,,,,,,,,,,,48599,0.0016836744034662843
,,,29,,,,,,,,,,,,,,,,,,,,,,,,,,,,,48609,0.004034482408314943
,,,29,,,,,,,,,,,,,,,,,,,,,,,,,,,,,48619,0.0021681261714547873
,,,29,,,,,,,,,,,,,,,,,,,,,,,,,,,,,48629,0.002312366385012865
,,,29,,,,,,,,,,,,,,,,,,,,,,,,,,,,,48639,0.009069384075701237
,,,29,,,,,,,,,,,,,,,,,,,,,,,,,,,,,48649,0.30745500326156616
,,,29,,,,,,,,,,,,,,,,,,,,,,,,,,,,,48659,0.0022873415146023035
,,,29,,,,,,,,,,,,,,,,,,,,,,,,,,,,,48669,0.02236737124621868
,,,29,,,,,,,,,,,,,,,,,,,,,,,,,,,,,48679,0.011125719174742699
,,,29,,,,,,,,,,,,,,,,,,,,,,,,,,,,,48689,0.0032207041513174772
,,,29,,,,,,,,,,,,,,,,,,,,,,,,,,,,,48699,0.0017547915922477841
,,,29,,,,,,,,,,,,,,,,,,,,,,,,,,,,,48709,0.13221260905265808
,,,29,,,,,,,,,,,,,,,,,,,,,,,,,,,,,48719,0.002205053111538291
,,,29,,,,,,,,,,,,,,,,,,,,,,,,,,,,,48729,0.5397560596466064
,,,29,,,,,,,,,,,,,,,,,,,,,,,,,,,,,48739,0.1722777634859085
,,,29,,,,,,,,,,,,,,,,,,,,,,,,,,,,,48749,0.0028230505995452404
,,,29,,,,,,,,,,,,,,,,,,,,,,,,,,,,,48759,0.0016613185871392488
,,,29,,,,,,,,,,,,,,,,,,,,,,,,,,,,,48769,0.006144998129457235
,,,29,,,,,,,,,,,,,,,,,,,,,,,,,,,,,48779,0.002813653787598014
,,,29,,,,,,,,,,,,,,,,,,,,,,,,,,,,,48789,0.0023494709748774767
,,,29,,,,,,,,,,,,,,,,,,,,,,,,,,,,,48799,0.0023019600193947554
,,,29,,,,,,,,,,,,,,,,,,,,,,,,,,,,,48809,0.006026956718415022
,,,29,,,,,,,,,,,,,,,,,,,,,,,,,,,,,48819,0.0009409051272086799
,,,29,,,,,,,,,,,,,,,,,,,,,,,,,,,,,48829,0.0011107043828815222
,,,29,,,,,,,,,,,,,,,,,,,,,,,,,,,,,48839,0.0014148855116218328
,,,29,,,,,,,,,,,,,,,,,,,,,,,,,,,,,48849,0.017165137454867363
,,,29,,,,,,,,,,,,,,,,,,,,,,,,,,,,,48859,0.014982282184064388
,,,29,,,,,,,,,,,,,,,,,,,,,,,,,,,,,48869,0.0077711292542517185
,,,29,,,,,,,,,,,,,,,,,,,,,,,,,,,,,48879,0.0027551467064768076
,,,29,,,,,,,,,,,,,,,,,,,,,,,,,,,,,48889,0.00196463312022388
,,,29,,,,,,,,,,,,,,,,,,,,,,,,,,,,,48899,0.0007770494557917118
,,,29,,,,,,,,,,,,,,,,,,,,,,,,,,,,,48909,0.0012897978303954005
,,,29,,,,,,,,,,,,,,,,,,,,,,,,,,,,,48919,0.0019950184505432844
,,,29,,,,,,,,,,,,,,,,,,,,,,,,,,,,,48929,0.0016024570213630795
,,,29,,,,,,,,,,,,,,,,,,,,,,,,,,,,,48939,0.002028133487328887
,,,29,,,,,,,,,,,,,,,,,,,,,,,,,,,,,48949,0.009814449585974216
,,,29,,,,,,,,,,,,,,,,,,,,,,,,,,,,,48959,0.0013495187740772963
,,,29,,,,,,,,,,,,,,,,,,,,,,,,,,,,,48969,0.00643643643707037
,,,29,,,,,,,,,,,,,,,,,,,,,,,,,,,,,48979,0.0018130793469026685
,,,29,,,,,,,,,,,,,,,,,,,,,,,,,,,,,48989,0.0012162699131295085
,,,29,,,,,,,,,,,,,,,,,,,,,,,,,,,,,48999,0.0014068413292989135
,,,29,,,,,,,,,,,,,,,,,,,,,,,,,,,,,49009,0.0017833682941272855
,,,29,,,,,,,,,,,,,,,,,,,,,,,,,,,,,49019,0.0022233156487345695
,,,29,,,,,,,,,,,,,,,,,,,,,,,,,,,,,49029,0.003350954269990325
,,,29,,,,,,,,,,,,,,,,,,,,,,,,,,,,,49039,0.6069799661636353
,,,29,,,,,,,,,,,,,,,,,,,,,,,,,,,,,49049,0.0005715782172046602
,,,29,,,,,,,,,,,,,,,,,,,,,,,,,,,,,49059,0.0009956960566341877
,,,29,,,,,,,,,,,,,,,,,,,,,,,,,,,,,49069,0.0006687002605758607
,,,29,,,,,,,,,,,,,,,,,,,,,,,,,,,,,49079,0.002238214947283268
,,,29,,,,,,,,,,,,,,,,,,,,,,,,,,,,,49089,0.0005525532178580761
,,,29,,,,,,,,,,,,,,,,,,,,,,,,,,,,,49099,0.004834757186472416
,,,29,,,,,,,,,,,,,,,,,,,,,,,,,,,,,49109,0.0013559390790760517
,,,29,,,,,,,,,,,,,,,,,,,,,,,,,,,,,49119,0.009352877736091614
,,,29,,,,,,,,,,,,,,,,,,,,,,,,,,,,,49129,0.0011007292196154594
,,,29,,,,,,,,,,,,,,,,,,,,,,,,,,,,,49139,0.0007494129240512848
,,,29,,,,,,,,,,,,,,,,,,,,,,,,,,,,,49149,0.001894710585474968
,,,29,,,,,,,,,,,,,,,,,,,,,,,,,,,,,49159,0.0011672602267935872
,,,29,,,,,,,,,,,,,,,,,,,,,,,,,,,,,49169,0.0037730098702013493
,,,29,,,,,,,,,,,,,,,,,,,,,,,,,,,,,49179,0.003011231077834964
,,,29,,,,,,,,,,,,,,,,,,,,,,,,,,,,,49189,0.0013038942124694586
,,,29,,,,,,,,,,,,,,,,,,,,,,,,,,,,,49199,0.003124058712273836
,,,29,,,,,,,,,,,,,,,,,,,,,,,,,,,,,49209,0.000963906932156533
,,,29,,,,,,,,,,,,,,,,,,,,,,,,,,,,,49219,0.0009892911184579134
,,,29,,,,,,,,,,,,,,,,,,,,,,,,,,,,,49229,0.0015554371057078242
,,,29,,,,,,,,,,,,,,,,,,,,,,,,,,,,,49239,0.0026271629612892866
,,,29,,,,,,,,,,,,,,,,,,,,,,,,,,,,,49249,0.0020066574215888977
,,,29,,,,,,,,,,,,,,,,,,,,,,,,,,,,,49259,0.0034822048619389534
,,,29,,,,,,,,,,,,,,,,,,,,,,,,,,,,,49269,0.0020654976833611727
,,,29,,,,,,,,,,,,,,,,,,,,,,,,,,,,,49279,0.0018984846537932754
,,,29,,,,,,,,,,,,,,,,,,,,,,,,,,,,,49289,0.0009285695850849152
,,,29,,,,,,,,,,,,,,,,,,,,,,,,,,,,,49299,0.059514809399843216
,,,29,,,,,,,,,,,,,,,,,,,,,,,,,,,,,49309,0.0002463352575432509
,,,29,,,,,,,,,,,,,,,,,,,,,,,,,,,,,49319,0.002745036268606782
,,,29,,,,,,,,,,,,,,,,,,,,,,,,,,,,,49329,0.011964162811636925
,,,29,,,,,,,,,,,,,,,,,,,,,,,,,,,,,49339,0.0018433547811582685
,,,29,,,,,,,,,,,,,,,,,,,,,,,,,,,,,49349,0.008693357929587364
,,,29,,,,,,,,,,,,,,,,,,,,,,,,,,,,,49359,0.009835715405642986
,,,29,,,,,,,,,,,,,,,,,,,,,,,,,,,,,49369,0.004280995577573776
,,,29,,,,,,,,,,,,,,,,,,,,,,,,,,,,,49379,0.0035650604404509068
,,,29,,,,,,,,,,,,,,,,,,,,,,,,,,,,,49389,0.002453589579090476
,,,29,,,,,,,,,,,,,,,,,,,,,,,,,,,,,49399,0.002771834610030055
,,,29,,,,,,,,,,,,,,,,,,,,,,,,,,,,,49409,0.002244003117084503
,,,29,,,,,,,,,,,,,,,,,,,,,,,,,,,,,49419,0.0011563426814973354
,,,29,,,,,,,,,,,,,,,,,,,,,,,,,,,,,49429,0.008968994952738285
,,,29,,,,,,,,,,,,,,,,,,,,,,,,,,,,,49439,0.00277974596247077
,,,29,,,,,,,,,,,,,,,,,,,,,,,,,,,,,49449,0.0020578731782734394
,,,29,,,,,,,,,,,,,,,,,,,,,,,,,,,,,49459,0.005400561261922121
,,,29,,,,,,,,,,,,,,,,,,,,,,,,,,,,,49469,0.002622162690386176
,,,29,,,,,,,,,,,,,,,,,,,,,,,,,,,,,49479,0.00548012088984251
,,,29,,,,,,,,,,,,,,,,,,,,,,,,,,,,,49489,0.0017206368502229452
,,,29,,,,,,,,,,,,,,,,,,,,,,,,,,,,,49499,0.003350584302097559
,,,29,,,,,,,,,,,,,,,,,,,,,,,,,,,,,49509,0.000997836352325976
,,,29,,,,,,,,,,,,,,,,,,,,,,,,,,,,,49519,0.001285174977965653
,,,29,,,,,,,,,,,,,,,,,,,,,,,,,,,,,49529,0.016760556027293205
,,,29,,,,,,,,,,,,,,,,,,,,,,,,,,,,,49539,0.009596362709999084
,,,29,,,,,,,,,,,,,,,,,,,,,,,,,,,,,49549,0.0024524000473320484
,,,29,,,,,,,,,,,,,,,,,,,,,,,,,,,,,49559,0.0011021546088159084
,,,29,,,,,,,,,,,,,,,,,,,,,,,,,,,,,49569,0.0033139497973024845
,,,29,,,,,,,,,,,,,,,,,,,,,,,,,,,,,49579,0.0074156648479402065
,,,29,,,,,,,,,,,,,,,,,,,,,,,,,,,,,49589,0.0015546841314062476
,,,29,,,,,,,,,,,,,,,,,,,,,,,,,,,,,49599,0.0017018822254613042
,,,29,,,,,,,,,,,,,,,,,,,,,,,,,,,,,49609,0.7429938912391663
,,,29,,,,,,,,,,,,,,,,,,,,,,,,,,,,,49619,0.0021406742744147778
,,,29,,,,,,,,,,,,,,,,,,,,,,,,,,,,,49629,0.0007659824914298952
,,,29,,,,,,,,,,,,,,,,,,,,,,,,,,,,,49639,0.0011601019650697708
,,,29,,,,,,,,,,,,,,,,,,,,,,,,,,,,,49649,0.0036707939580082893
,,,29,,,,,,,,,,,,,,,,,,,,,,,,,,,,,49659,0.00477828411385417
,,,29,,,,,,,,,,,,,,,,,,,,,,,,,,,,,49669,0.0010030582780018449
,,,29,,,,,,,,,,,,,,,,,,,,,,,,,,,,,49679,0.0060892594046890736
,,,29,,,,,,,,,,,,,,,,,,,,,,,,,,,,,49689,0.0012073437683284283
,,,29,,,,,,,,,,,,,,,,,,,,,,,,,,,,,49699,0.07925648987293243
,,,29,,,,,,,,,,,,,,,,,,,,,,,,,,,,,49709,0.0021585787180811167
,,,29,,,,,,,,,,,,,,,,,,,,,,,,,,,,,49719,0.0034461249597370625
,,,29,,,,,,,,,,,,,,,,,,,,,,,,,,,,,49729,0.002359699923545122
,,,29,,,,,,,,,,,,,,,,,,,,,,,,,,,,,49739,0.0031808868516236544
,,,29,,,,,,,,,,,,,,,,,,,,,,,,,,,,,49749,0.19890190660953522
,,,29,,,,,,,,,,,,,,,,,,,,,,,,,,,,,49759,0.002008197596296668
,,,29,,,,,,,,,,,,,,,,,,,,,,,,,,,,,49769,0.004192281048744917
,,,29,,,,,,,,,,,,,,,,,,,,,,,,,,,,,49779,0.0014875420602038503
,,,29,,,,,,,,,,,,,,,,,,,,,,,,,,,,,49789,0.12831251323223114
,,,29,,,,,,,,,,,,,,,,,,,,,,,,,,,,,49799,0.0012065994087606668
,,,29,,,,,,,,,,,,,,,,,,,,,,,,,,,,,49809,0.014427079819142818
,,,29,,,,,,,,,,,,,,,,,,,,,,,,,,,,,49819,0.003054444445297122
,,,29,,,,,,,,,,,,,,,,,,,,,,,,,,,,,49829,0.004150751046836376
,,,29,,,,,,,,,,,,,,,,,,,,,,,,,,,,,49839,0.001028265687637031
,,,29,,,,,,,,,,,,,,,,,,,,,,,,,,,,,49849,0.013077414594590664
,,,29,,,,,,,,,,,,,,,,,,,,,,,,,,,,,49859,0.0028875141870230436
0.8765316009521484,0.8547794222831726,0.8994197249412537,29,,,,,,,,,,,,,,,,,,,,,,,,,,,,,49859,
,,,,2.3501483273722123e-07,1.3165636090457405e-06,2.025482475454985e-06,2.025482475454985e-06,3.1161268853153615e-06,3.1161268853153615e-06,4.794041362023633e-06,4.794041362023633e-06,7.375448249267128e-06,7.375448249267128e-06,1.1346843460410964e-05,2.3501483273722123e-07,1.1346843460410964e-05,1.7456682246786098e-05,1.7456682246786098e-05,2.685643422582477e-05,2.685643422582477e-05,4.131759111665349e-05,4.131759111665349e-05,4.131759111665349e-05,4.131759111665349e-05,3.6156128113418643e-07,3.6156128113418643e-07,5.562481248218254e-07,5.562481248218254e-07,8.557663458797313e-07,8.557663458797313e-07,1.3165636090457405e-06,49860,
,,,30,,,,,,,,,,,,,,,,,,,,,,,,,,,,,49869,0.0035617549438029528
,,,30,,,,,,,,,,,,,,,,,,,,,,,,,,,,,49879,0.0011886931024491787
,,,30,,,,,,,,,,,,,,,,,,,,,,,,,,,,,49889,0.0019370164955034852
,,,30,,,,,,,,,,,,,,,,,,,,,,,,,,,,,49899,0.003317471593618393
,,,30,,,,,,,,,,,,,,,,,,,,,,,,,,,,,49909,0.004366099834442139
,,,30,,,,,,,,,,,,,,,,,,,,,,,,,,,,,49919,0.0015120204770937562
,,,30,,,,,,,,,,,,,,,,,,,,,,,,,,,,,49929,0.017703814432024956
,,,30,,,,,,,,,,,,,,,,,,,,,,,,,,,,,49939,0.0013452687999233603
,,,30,,,,,,,,,,,,,,,,,,,,,,,,,,,,,49949,0.01854524575173855
,,,30,,,,,,,,,,,,,,,,,,,,,,,,,,,,,49959,0.002064872533082962
,,,30,,,,,,,,,,,,,,,,,,,,,,,,,,,,,49969,0.0009511922253295779
,,,30,,,,,,,,,,,,,,,,,,,,,,,,,,,,,49979,0.2942248284816742
,,,30,,,,,,,,,,,,,,,,,,,,,,,,,,,,,49989,0.0020314096473157406
,,,30,,,,,,,,,,,,,,,,,,,,,,,,,,,,,49999,0.001465373788960278
,,,30,,,,,,,,,,,,,,,,,,,,,,,,,,,,,50009,0.009190725162625313
,,,30,,,,,,,,,,,,,,,,,,,,,,,,,,,,,50019,0.0036190615501254797
,,,30,,,,,,,,,,,,,,,,,,,,,,,,,,,,,50029,0.0018148075323551893
,,,30,,,,,,,,,,,,,,,,,,,,,,,,,,,,,50039,0.0011736004380509257
,,,30,,,,,,,,,,,,,,,,,,,,,,,,,,,,,50049,0.0008126464672386646
,,,30,,,,,,,,,,,,,,,,,,,,,,,,,,,,,50059,0.003426505019888282
,,,30,,,,,,,,,,,,,,,,,,,,,,,,,,,,,50069,0.006047545932233334
,,,30,,,,,,,,,,,,,,,,,,,,,,,,,,,,,50079,0.001561692450195551
,,,30,,,,,,,,,,,,,,,,,,,,,,,,,,,,,50089,0.010459400713443756
,,,30,,,,,,,,,,,,,,,,,,,,,,,,,,,,,50099,0.004008821211755276
,,,30,,,,,,,,,,,,,,,,,,,,,,,,,,,,,50109,0.007740884553641081
,,,30,,,,,,,,,,,,,,,,,,,,,,,,,,,,,50119,0.0008472244953736663
,,,30,,,,,,,,,,,,,,,,,,,,,,,,,,,,,50129,0.004298090003430843
,,,30,,,,,,,,,,,,,,,,,,,,,,,,,,,,,50139,0.0010842372430488467
,,,30,,,,,,,,,,,,,,,,,,,,,,,,,,,,,50149,0.033624012023210526
,,,30,,,,,,,,,,,,,,,,,,,,,,,,,,,,,50159,0.016017649322748184
,,,30,,,,,,,,,,,,,,,,,,,,,,,,,,,,,50169,0.0035503190010786057
,,,30,,,,,,,,,,,,,,,,,,,,,,,,,,,,,50179,0.033999502658843994
,,,30,,,,,,,,,,,,,,,,,,,,,,,,,,,,,50189,0.05763421580195427
,,,30,,,,,,,,,,,,,,,,,,,,,,,,,,,,,50199,0.002610397059470415
,,,30,,,,,,,,,,,,,,,,,,,,,,,,,,,,,50209,0.003751585027202964
,,,30,,,,,,,,,,,,,,,,,,,,,,,,,,,,,50219,0.0010877032764256
,,,30,,,,,,,,,,,,,,,,,,,,,,,,,,,,,50229,0.0008681005565449595
,,,30,,,,,,,,,,,,,,,,,,,,,,,,,,,,,50239,0.004420109558850527
,,,30,,,,,,,,,,,,,,,,,,,,,,,,,,,,,50249,0.0015096195274963975
,,,30,,,,,,,,,,,,,,,,,,,,,,,,,,,,,50259,0.1270820051431656
,,,30,,,,,,,,,,,,,,,,,,,,,,,,,,,,,50269,0.0024483362212777138
,,,30,,,,,,,,,,,,,,,,,,,,,,,,,,,,,50279,0.018815547227859497
,,,30,,,,,,,,,,,,,,,,,,,,,,,,,,,,,50289,0.0017444060649722815
,,,30,,,,,,,,,,,,,,,,,,,,,,,,,,,,,50299,0.000285907561192289
,,,30,,,,,,,,,,,,,,,,,,,,,,,,,,,,,50309,0.000830763834528625
,,,30,,,,,,,,,,,,,,,,,,,,,,,,,,,,,50319,0.00112668436486274
,,,30,,,,,,,,,,,,,,,,,,,,,,,,,,,,,50329,0.030089206993579865
,,,30,,,,,,,,,,,,,,,,,,,,,,,,,,,,,50339,0.037559982389211655
,,,30,,,,,,,,,,,,,,,,,,,,,,,,,,,,,50349,0.0017536899540573359
,,,30,,,,,,,,,,,,,,,,,,,,,,,,,,,,,50359,0.05090523511171341
,,,30,,,,,,,,,,,,,,,,,,,,,,,,,,,,,50369,0.006101193837821484
,,,30,,,,,,,,,,,,,,,,,,,,,,,,,,,,,50379,0.003831889946013689
,,,30,,,,,,,,,,,,,,,,,,,,,,,,,,,,,50389,0.001996237551793456
,,,30,,,,,,,,,,,,,,,,,,,,,,,,,,,,,50399,0.0010570843005552888
,,,30,,,,,,,,,,,,,,,,,,,,,,,,,,,,,50409,0.001220087637193501
,,,30,,,,,,,,,,,,,,,,,,,,,,,,,,,,,50419,0.001111936871893704
,,,30,,,,,,,,,,,,,,,,,,,,,,,,,,,,,50429,0.002152073895558715
,,,30,,,,,,,,,,,,,,,,,,,,,,,,,,,,,50439,0.005195671692490578
,,,30,,,,,,,,,,,,,,,,,,,,,,,,,,,,,50449,0.004319371655583382
,,,30,,,,,,,,,,,,,,,,,,,,,,,,,,,,,50459,0.0013792203972116113
,,,30,,,,,,,,,,,,,,,,,,,,,,,,,,,,,50469,0.001907381578348577
,,,30,,,,,,,,,,,,,,,,,,,,,,,,,,,,,50479,0.0055157397873699665
,,,30,,,,,,,,,,,,,,,,,,,,,,,,,,,,,50489,0.00308411312289536
,,,30,,,,,,,,,,,,,,,,,,,,,,,,,,,,,50499,0.06596503406763077
,,,30,,,,,,,,,,,,,,,,,,,,,,,,,,,,,50509,0.005145495291799307
,,,30,,,,,,,,,,,,,,,,,,,,,,,,,,,,,50519,0.002514118794351816
,,,30,,,,,,,,,,,,,,,,,,,,,,,,,,,,,50529,0.002007783157750964
,,,30,,,,,,,,,,,,,,,,,,,,,,,,,,,,,50539,0.0022471912670880556
,,,30,,,,,,,,,,,,,,,,,,,,,,,,,,,,,50549,0.002209556521847844
,,,30,,,,,,,,,,,,,,,,,,,,,,,,,,,,,50559,0.0015449768397957087
,,,30,,,,,,,,,,,,,,,,,,,,,,,,,,,,,50569,0.04621842876076698
,,,30,,,,,,,,,,,,,,,,,,,,,,,,,,,,,50579,0.006302287336438894
,,,30,,,,,,,,,,,,,,,,,,,,,,,,,,,,,50589,0.0015229280106723309
,,,30,,,,,,,,,,,,,,,,,,,,,,,,,,,,,50599,0.000884545617736876
,,,30,,,,,,,,,,,,,,,,,,,,,,,,,,,,,50609,0.0035005342215299606
,,,30,,,,,,,,,,,,,,,,,,,,,,,,,,,,,50619,0.0006458436837419868
,,,30,,,,,,,,,,,,,,,,,,,,,,,,,,,,,50629,0.0006357667734846473
,,,30,,,,,,,,,,,,,,,,,,,,,,,,,,,,,50639,0.0009768321178853512
,,,30,,,,,,,,,,,,,,,,,,,,,,,,,,,,,50649,0.001293653273023665
,,,30,,,,,,,,,,,,,,,,,,,,,,,,,,,,,50659,0.0012785333674401045
,,,30,,,,,,,,,,,,,,,,,,,,,,,,,,,,,50669,0.0007092763553373516
,,,30,,,,,,,,,,,,,,,,,,,,,,,,,,,,,50679,0.001063752919435501
,,,30,,,,,,,,,,,,,,,,,,,,,,,,,,,,,50689,0.001069118152372539
,,,30,,,,,,,,,,,,,,,,,,,,,,,,,,,,,50699,0.0028438314329832792
,,,30,,,,,,,,,,,,,,,,,,,,,,,,,,,,,50709,0.001231680391356349
,,,30,,,,,,,,,,,,,,,,,,,,,,,,,,,,,50719,0.4284799098968506
,,,30,,,,,,,,,,,,,,,,,,,,,,,,,,,,,50729,0.003132085781544447
,,,30,,,,,,,,,,,,,,,,,,,,,,,,,,,,,50739,0.0024563639890402555
,,,30,,,,,,,,,,,,,,,,,,,,,,,,,,,,,50749,0.0012098322622478008
,,,30,,,,,,,,,,,,,,,,,,,,,,,,,,,,,50759,0.0009049969958141446
,,,30,,,,,,,,,,,,,,,,,,,,,,,,,,,,,50769,0.0032933305483311415
,,,30,,,,,,,,,,,,,,,,,,,,,,,,,,,,,50779,0.4959735572338104
,,,30,,,,,,,,,,,,,,,,,,,,,,,,,,,,,50789,0.0017896604258567095
,,,30,,,,,,,,,,,,,,,,,,,,,,,,,,,,,50799,0.32758283615112305
,,,30,,,,,,,,,,,,,,,,,,,,,,,,,,,,,50809,0.020742878317832947
,,,30,,,,,,,,,,,,,,,,,,,,,,,,,,,,,50819,0.004365555010735989
,,,30,,,,,,,,,,,,,,,,,,,,,,,,,,,,,50829,0.00750564644113183
,,,30,,,,,,,,,,,,,,,,,,,,,,,,,,,,,50839,0.003168312832713127
,,,30,,,,,,,,,,,,,,,,,,,,,,,,,,,,,50849,0.0017444501863792539
,,,30,,,,,,,,,,,,,,,,,,,,,,,,,,,,,50859,0.0014609552454203367
,,,30,,,,,,,,,,,,,,,,,,,,,,,,,,,,,50869,0.003841941012069583
,,,30,,,,,,,,,,,,,,,,,,,,,,,,,,,,,50879,0.0011667263461276889
,,,30,,,,,,,,,,,,,,,,,,,,,,,,,,,,,50889,0.001510061789304018
,,,30,,,,,,,,,,,,,,,,,,,,,,,,,,,,,50899,0.003092308761551976
,,,30,,,,,,,,,,,,,,,,,,,,,,,,,,,,,50909,0.001936146174557507
,,,30,,,,,,,,,,,,,,,,,,,,,,,,,,,,,50919,0.0019178566290065646
,,,30,,,,,,,,,,,,,,,,,,,,,,,,,,,,,50929,0.001382053247652948
,,,30,,,,,,,,,,,,,,,,,,,,,,,,,,,,,50939,0.011547256261110306
,,,30,,,,,,,,,,,,,,,,,,,,,,,,,,,,,50949,0.0013434909051284194
,,,30,,,,,,,,,,,,,,,,,,,,,,,,,,,,,50959,0.0008541696588508785
,,,30,,,,,,,,,,,,,,,,,,,,,,,,,,,,,50969,0.001431610668078065
,,,30,,,,,,,,,,,,,,,,,,,,,,,,,,,,,50979,0.0012771597830578685
,,,30,,,,,,,,,,,,,,,,,,,,,,,,,,,,,50989,0.0009611412533558905
,,,30,,,,,,,,,,,,,,,,,,,,,,,,,,,,,50999,0.0016023869393393397
,,,30,,,,,,,,,,,,,,,,,,,,,,,,,,,,,51009,0.011025475338101387
,,,30,,,,,,,,,,,,,,,,,,,,,,,,,,,,,51019,0.0019196397624909878
,,,30,,,,,,,,,,,,,,,,,,,,,,,,,,,,,51029,0.002131279092282057
,,,30,,,,,,,,,,,,,,,,,,,,,,,,,,,,,51039,0.003601214848458767
,,,30,,,,,,,,,,,,,,,,,,,,,,,,,,,,,51049,0.0023376483004540205
,,,30,,,,,,,,,,,,,,,,,,,,,,,,,,,,,51059,0.002574574900791049
,,,30,,,,,,,,,,,,,,,,,,,,,,,,,,,,,51069,0.001280381577089429
,,,30,,,,,,,,,,,,,,,,,,,,,,,,,,,,,51079,0.04023319110274315
,,,30,,,,,,,,,,,,,,,,,,,,,,,,,,,,,51089,0.002966330386698246
,,,30,,,,,,,,,,,,,,,,,,,,,,,,,,,,,51099,0.005577250383794308
,,,30,,,,,,,,,,,,,,,,,,,,,,,,,,,,,51109,0.00442394008859992
,,,30,,,,,,,,,,,,,,,,,,,,,,,,,,,,,51119,0.0012389498297125101
,,,30,,,,,,,,,,,,,,,,,,,,,,,,,,,,,51129,0.2492137998342514
,,,30,,,,,,,,,,,,,,,,,,,,,,,,,,,,,51139,0.0028214617632329464
,,,30,,,,,,,,,,,,,,,,,,,,,,,,,,,,,51149,0.05400192365050316
,,,30,,,,,,,,,,,,,,,,,,,,,,,,,,,,,51159,0.28472962975502014
,,,30,,,,,,,,,,,,,,,,,,,,,,,,,,,,,51169,0.0015742427203804255
,,,30,,,,,,,,,,,,,,,,,,,,,,,,,,,,,51179,0.0015210220590233803
,,,30,,,,,,,,,,,,,,,,,,,,,,,,,,,,,51189,0.009135119616985321
,,,30,,,,,,,,,,,,,,,,,,,,,,,,,,,,,51199,0.007665138691663742
,,,30,,,,,,,,,,,,,,,,,,,,,,,,,,,,,51209,0.0006725631537847221
,,,30,,,,,,,,,,,,,,,,,,,,,,,,,,,,,51219,0.0010311163496226072
,,,30,,,,,,,,,,,,,,,,,,,,,,,,,,,,,51229,0.0014087790623307228
,,,30,,,,,,,,,,,,,,,,,,,,,,,,,,,,,51239,0.0024655754677951336
,,,30,,,,,,,,,,,,,,,,,,,,,,,,,,,,,51249,0.0025375643745064735
,,,30,,,,,,,,,,,,,,,,,,,,,,,,,,,,,51259,0.0023615704849362373
,,,30,,,,,,,,,,,,,,,,,,,,,,,,,,,,,51269,0.003235606011003256
,,,30,,,,,,,,,,,,,,,,,,,,,,,,,,,,,51279,0.002505731536075473
,,,30,,,,,,,,,,,,,,,,,,,,,,,,,,,,,51289,0.01128013152629137
,,,30,,,,,,,,,,,,,,,,,,,,,,,,,,,,,51299,0.0054255276918411255
,,,30,,,,,,,,,,,,,,,,,,,,,,,,,,,,,51309,0.003933318424969912
,,,30,,,,,,,,,,,,,,,,,,,,,,,,,,,,,51319,0.00473009841516614
,,,30,,,,,,,,,,,,,,,,,,,,,,,,,,,,,51329,0.0016628234880045056
,,,30,,,,,,,,,,,,,,,,,,,,,,,,,,,,,51339,0.0013916367897763848
,,,30,,,,,,,,,,,,,,,,,,,,,,,,,,,,,51349,0.0025674919597804546
,,,30,,,,,,,,,,,,,,,,,,,,,,,,,,,,,51359,0.0016613689949736
,,,30,,,,,,,,,,,,,,,,,,,,,,,,,,,,,51369,0.0020117436069995165
,,,30,,,,,,,,,,,,,,,,,,,,,,,,,,,,,51379,0.0028966369573026896
,,,30,,,,,,,,,,,,,,,,,,,,,,,,,,,,,51389,0.02110406756401062
,,,30,,,,,,,,,,,,,,,,,,,,,,,,,,,,,51399,0.0014835642650723457
,,,30,,,,,,,,,,,,,,,,,,,,,,,,,,,,,51409,0.009785006754100323
,,,30,,,,,,,,,,,,,,,,,,,,,,,,,,,,,51419,0.0020795392338186502
,,,30,,,,,,,,,,,,,,,,,,,,,,,,,,,,,51429,0.001068542362190783
,,,30,,,,,,,,,,,,,,,,,,,,,,,,,,,,,51439,0.0013751594815403223
,,,30,,,,,,,,,,,,,,,,,,,,,,,,,,,,,51449,0.0007177791558206081
,,,30,,,,,,,,,,,,,,,,,,,,,,,,,,,,,51459,0.021655423566699028
,,,30,,,,,,,,,,,,,,,,,,,,,,,,,,,,,51469,0.003382992697879672
,,,30,,,,,,,,,,,,,,,,,,,,,,,,,,,,,51479,0.0015014292439445853
,,,30,,,,,,,,,,,,,,,,,,,,,,,,,,,,,51489,0.7695976495742798
,,,30,,,,,,,,,,,,,,,,,,,,,,,,,,,,,51499,0.02386464551091194
,,,30,,,,,,,,,,,,,,,,,,,,,,,,,,,,,51509,0.08878011256456375
,,,30,,,,,,,,,,,,,,,,,,,,,,,,,,,,,51519,0.000863123219460249
,,,,2.155977564185546e-07,1.2077882786656185e-06,1.8581358133317206e-06,1.8581358133317206e-06,2.8586704820488007e-06,2.8586704820488007e-06,4.397954587767385e-06,4.397954587767385e-06,6.766083981180593e-06,6.766083981180593e-06,1.0409359971047065e-05,2.155977564185546e-07,1.0409359971047065e-05,1.6014399955457025e-05,1.6014399955457025e-05,2.4637538393010805e-05,2.4637538393010805e-05,3.790390522001662e-05,3.790390522001662e-05,3.790390522001662e-05,3.790390522001662e-05,3.3168885602854544e-07,3.3168885602854544e-07,5.102905477362238e-07,5.102905477362238e-07,7.850623811326521e-07,7.850623811326521e-07,1.2077882786656185e-06,51522,
,,,31,,,,,,,,,,,,,,,,,,,,,,,,,,,,,51529,0.0016386967618018389
,,,31,,,,,,,,,,,,,,,,,,,,,,,,,,,,,51539,0.001774500822648406
,,,31,,,,,,,,,,,,,,,,,,,,,,,,,,,,,51549,0.0008046955917961895
,,,31,,,,,,,,,,,,,,,,,,,,,,,,,,,,,51559,0.0011072640772908926
,,,31,,,,,,,,,,,,,,,,,,,,,,,,,,,,,51569,0.0021438782569020987
,,,31,,,,,,,,,,,,,,,,,,,,,,,,,,,,,51579,0.00142032525036484
,,,31,,,,,,,,,,,,,,,,,,,,,,,,,,,,,51589,0.0020691605750471354
,,,31,,,,,,,,,,,,,,,,,,,,,,,,,,,,,51599,0.0017190513899549842
,,,31,,,,,,,,,,,,,,,,,,,,,,,,,,,,,51609,0.0007144538685679436
,,,31,,,,,,,,,,,,,,,,,,,,,,,,,,,,,51619,0.0014906703727319837
,,,31,,,,,,,,,,,,,,,,,,,,,,,,,,,,,51629,0.25422266125679016
,,,31,,,,,,,,,,,,,,,,,,,,,,,,,,,,,51639,0.001061897142790258
,,,31,,,,,,,,,,,,,,,,,,,,,,,,,,,,,51649,0.0035067088901996613
,,,31,,,,,,,,,,,,,,,,,,,,,,,,,,,,,51659,0.0010976248886436224
,,,31,,,,,,,,,,,,,,,,,,,,,,,,,,,,,51669,0.0017536773812025785
,,,31,,,,,,,,,,,,,,,,,,,,,,,,,,,,,51679,0.001057852292433381
,,,31,,,,,,,,,,,,,,,,,,,,,,,,,,,,,51689,0.0033007776364684105
,,,31,,,,,,,,,,,,,,,,,,,,,,,,,,,,,51699,0.0006409172783605754
,,,31,,,,,,,,,,,,,,,,,,,,,,,,,,,,,51709,0.0027560980524867773
,,,31,,,,,,,,,,,,,,,,,,,,,,,,,,,,,51719,0.3694566488265991
,,,31,,,,,,,,,,,,,,,,,,,,,,,,,,,,,51729,0.0013439455069601536
,,,31,,,,,,,,,,,,,,,,,,,,,,,,,,,,,51739,0.002782623516395688
,,,31,,,,,,,,,,,,,,,,,,,,,,,,,,,,,51749,0.002733443630859256
,,,31,,,,,,,,,,,,,,,,,,,,,,,,,,,,,51759,0.003134258557111025
,,,31,,,,,,,,,,,,,,,,,,,,,,,,,,,,,51769,0.016169020906090736
,,,31,,,,,,,,,,,,,,,,,,,,,,,,,,,,,51779,0.009904884733259678
,,,31,,,,,,,,,,,,,,,,,,,,,,,,,,,,,51789,0.0015051752561703324
,,,31,,,,,,,,,,,,,,,,,,,,,,,,,,,,,51799,0.004961875732988119
,,,31,,,,,,,,,,,,,,,,,,,,,,,,,,,,,51809,0.003366658231243491
,,,31,,,,,,,,,,,,,,,,,,,,,,,,,,,,,51819,0.0013215368380770087
,,,31,,,,,,,,,,,,,,,,,,,,,,,,,,,,,51829,0.0005442280671559274
,,,31,,,,,,,,,,,,,,,,,,,,,,,,,,,,,51839,0.004327702336013317
,,,31,,,,,,,,,,,,,,,,,,,,,,,,,,,,,51849,0.0032392959110438824
,,,31,,,,,,,,,,,,,,,,,,,,,,,,,,,,,51859,0.09157934039831161
,,,31,,,,,,,,,,,,,,,,,,,,,,,,,,,,,51869,0.0019502835348248482
,,,31,,,,,,,,,,,,,,,,,,,,,,,,,,,,,51879,0.0010144500993192196
,,,31,,,,,,,,,,,,,,,,,,,,,,,,,,,,,51889,0.0014375144382938743
,,,31,,,,,,,,,,,,,,,,,,,,,,,,,,,,,51899,0.16530004143714905
,,,31,,,,,,,,,,,,,,,,,,,,,,,,,,,,,51909,0.003129313001409173
,,,31,,,,,,,,,,,,,,,,,,,,,,,,,,,,,51919,0.0014217221178114414
,,,31,,,,,,,,,,,,,,,,,,,,,,,,,,,,,51929,0.0013823886401951313
,,,31,,,,,,,,,,,,,,,,,,,,,,,,,,,,,51939,0.0010291958460584283
,,,31,,,,,,,,,,,,,,,,,,,,,,,,,,,,,51949,0.0025406060740351677
,,,31,,,,,,,,,,,,,,,,,,,,,,,,,,,,,51959,0.001865722006186843
,,,31,,,,,,,,,,,,,,,,,,,,,,,,,,,,,51969,0.0014421099331229925
,,,31,,,,,,,,,,,,,,,,,,,,,,,,,,,,,51979,0.002244002418592572
,,,31,,,,,,,,,,,,,,,,,,,,,,,,,,,,,51989,0.004110393114387989
,,,31,,,,,,,,,,,,,,,,,,,,,,,,,,,,,51999,0.0018651793943718076
,,,31,,,,,,,,,,,,,,,,,,,,,,,,,,,,,52009,0.0013688455801457167
,,,31,,,,,,,,,,,,,,,,,,,,,,,,,,,,,52019,0.0014822196681052446
,,,31,,,,,,,,,,,,,,,,,,,,,,,,,,,,,52029,0.07550281286239624
,,,31,,,,,,,,,,,,,,,,,,,,,,,,,,,,,52039,0.006265232805162668
,,,31,,,,,,,,,,,,,,,,,,,,,,,,,,,,,52049,0.0023943851701915264
,,,31,,,,,,,,,,,,,,,,,,,,,,,,,,,,,52059,0.0021808003075420856
,,,31,,,,,,,,,,,,,,,,,,,,,,,,,,,,,52069,0.012552924454212189
,,,31,,,,,,,,,,,,,,,,,,,,,,,,,,,,,52079,0.001018249779008329
,,,31,,,,,,,,,,,,,,,,,,,,,,,,,,,,,52089,0.21798819303512573
,,,31,,,,,,,,,,,,,,,,,,,,,,,,,,,,,52099,0.0012203952064737678
,,,31,,,,,,,,,,,,,,,,,,,,,,,,,,,,,52109,0.004393092822283506
,,,31,,,,,,,,,,,,,,,,,,,,,,,,,,,,,52119,0.0008599243010394275
,,,31,,,,,,,,,,,,,,,,,,,,,,,,,,,,,52129,0.003090315032750368
,,,31,,,,,,,,,,,,,,,,,,,,,,,,,,,,,52139,0.0010322751477360725
,,,31,,,,,,,,,,,,,,,,,,,,,,,,,,,,,52149,0.0038528707809746265
,,,31,,,,,,,,,,,,,,,,,,,,,,,,,,,,,52159,0.028167854994535446
,,,31,,,,,,,,,,,,,,,,,,,,,,,,,,,,,52169,0.0012598872417584062
,,,31,,,,,,,,,,,,,,,,,,,,,,,,,,,,,52179,0.0009331627516075969
,,,31,,,,,,,,,,,,,,,,,,,,,,,,,,,,,52189,0.0020166418980807066
,,,31,,,,,,,,,,,,,,,,,,,,,,,,,,,,,52199,0.0006280140951275826
,,,31,,,,,,,,,,,,,,,,,,,,,,,,,,,,,52209,0.008105783723294735
,,,31,,,,,,,,,,,,,,,,,,,,,,,,,,,,,52219,0.0016036120941862464
,,,31,,,,,,,,,,,,,,,,,,,,,,,,,,,,,52229,0.6499490141868591
,,,31,,,,,,,,,,,,,,,,,,,,,,,,,,,,,52239,0.002813381142914295
,,,31,,,,,,,,,,,,,,,,,,,,,,,,,,,,,52249,0.0011980427661910653
,,,31,,,,,,,,,,,,,,,,,,,,,,,,,,,,,52259,0.0008874033810570836
,,,31,,,,,,,,,,,,,,,,,,,,,,,,,,,,,52269,0.003682385664433241
,,,31,,,,,,,,,,,,,,,,,,,,,,,,,,,,,52279,0.0017753015272319317
,,,31,,,,,,,,,,,,,,,,,,,,,,,,,,,,,52289,0.00685297092422843
,,,31,,,,,,,,,,,,,,,,,,,,,,,,,,,,,52299,0.00686289370059967
,,,31,,,,,,,,,,,,,,,,,,,,,,,,,,,,,52309,0.0009514241246506572
,,,31,,,,,,,,,,,,,,,,,,,,,,,,,,,,,52319,0.08798573166131973
,,,31,,,,,,,,,,,,,,,,,,,,,,,,,,,,,52329,0.005834532435983419
,,,31,,,,,,,,,,,,,,,,,,,,,,,,,,,,,52339,0.004425608087331057
,,,31,,,,,,,,,,,,,,,,,,,,,,,,,,,,,52349,0.0011026514694094658
,,,31,,,,,,,,,,,,,,,,,,,,,,,,,,,,,52359,0.0009877410484477878
,,,31,,,,,,,,,,,,,,,,,,,,,,,,,,,,,52369,0.08253053575754166
,,,31,,,,,,,,,,,,,,,,,,,,,,,,,,,,,52379,0.011306529864668846
,,,31,,,,,,,,,,,,,,,,,,,,,,,,,,,,,52389,0.0019048195099458098
,,,31,,,,,,,,,,,,,,,,,,,,,,,,,,,,,52399,0.006439527031034231
,,,31,,,,,,,,,,,,,,,,,,,,,,,,,,,,,52409,0.03707648068666458
,,,31,,,,,,,,,,,,,,,,,,,,,,,,,,,,,52419,0.39544034004211426
,,,31,,,,,,,,,,,,,,,,,,,,,,,,,,,,,52429,0.0018437126418575644
,,,31,,,,,,,,,,,,,,,,,,,,,,,,,,,,,52439,0.0015621633501723409
,,,31,,,,,,,,,,,,,,,,,,,,,,,,,,,,,52449,0.0012237511109560728
,,,31,,,,,,,,,,,,,,,,,,,,,,,,,,,,,52459,0.000770754471886903
,,,31,,,,,,,,,,,,,,,,,,,,,,,,,,,,,52469,0.000848650059197098
,,,31,,,,,,,,,,,,,,,,,,,,,,,,,,,,,52479,0.004541898611932993
,,,31,,,,,,,,,,,,,,,,,,,,,,,,,,,,,52489,0.001195815741084516
,,,31,,,,,,,,,,,,,,,,,,,,,,,,,,,,,52499,0.0015441832365468144
,,,31,,,,,,,,,,,,,,,,,,,,,,,,,,,,,52509,0.0009992659324780107
,,,31,,,,,,,,,,,,,,,,,,,,,,,,,,,,,52519,0.002847944386303425
,,,31,,,,,,,,,,,,,,,,,,,,,,,,,,,,,52529,0.0014272278640419245
,,,31,,,,,,,,,,,,,,,,,,,,,,,,,,,,,52539,0.013473077677190304
,,,31,,,,,,,,,,,,,,,,,,,,,,,,,,,,,52549,0.003547999542206526
,,,31,,,,,,,,,,,,,,,,,,,,,,,,,,,,,52559,0.0011904588900506496
,,,31,,,,,,,,,,,,,,,,,,,,,,,,,,,,,52569,0.0013842085609212518
,,,31,,,,,,,,,,,,,,,,,,,,,,,,,,,,,52579,0.003072335384786129
,,,31,,,,,,,,,,,,,,,,,,,,,,,,,,,,,52589,0.0028187406715005636
,,,31,,,,,,,,,,,,,,,,,,,,,,,,,,,,,52599,0.0017540246481075883
,,,31,,,,,,,,,,,,,,,,,,,,,,,,,,,,,52609,0.000876567093655467
,,,31,,,,,,,,,,,,,,,,,,,,,,,,,,,,,52619,0.0017009635921567678
,,,31,,,,,,,,,,,,,,,,,,,,,,,,,,,,,52629,0.0013872653944417834
,,,31,,,,,,,,,,,,,,,,,,,,,,,,,,,,,52639,0.003241145284846425
,,,31,,,,,,,,,,,,,,,,,,,,,,,,,,,,,52649,0.0018680631183087826
,,,31,,,,,,,,,,,,,,,,,,,,,,,,,,,,,52659,0.000913939147721976
,,,31,,,,,,,,,,,,,,,,,,,,,,,,,,,,,52669,0.0045894598588347435
,,,31,,,,,,,,,,,,,,,,,,,,,,,,,,,,,52679,0.00050103769171983
,,,31,,,,,,,,,,,,,,,,,,,,,,,,,,,,,52689,0.0014269197126850486
,,,31,,,,,,,,,,,,,,,,,,,,,,,,,,,,,52699,0.0005484673893079162
,,,31,,,,,,,,,,,,,,,,,,,,,,,,,,,,,52709,0.0017868273425847292
,,,31,,,,,,,,,,,,,,,,,,,,,,,,,,,,,52719,0.0004519939830061048
,,,31,,,,,,,,,,,,,,,,,,,,,,,,,,,,,52729,0.0013848263770341873
,,,31,,,,,,,,,,,,,,,,,,,,,,,,,,,,,52739,0.006966917775571346
,,,31,,,,,,,,,,,,,,,,,,,,,,,,,,,,,52749,0.00118232739623636
,,,31,,,,,,,,,,,,,,,,,,,,,,,,,,,,,52759,0.0024111580569297075
,,,31,,,,,,,,,,,,,,,,,,,,,,,,,,,,,52769,0.00297209108248353
,,,31,,,,,,,,,,,,,,,,,,,,,,,,,,,,,52779,0.002107606502249837
,,,31,,,,,,,,,,,,,,,,,,,,,,,,,,,,,52789,0.0015332108596339822
,,,31,,,,,,,,,,,,,,,,,,,,,,,,,,,,,52799,0.0016600526869297028
,,,31,,,,,,,,,,,,,,,,,,,,,,,,,,,,,52809,0.0026980354450643063
,,,31,,,,,,,,,,,,,,,,,,,,,,,,,,,,,52819,0.6360822319984436
,,,31,,,,,,,,,,,,,,,,,,,,,,,,,,,,,52829,0.0008529946208000183
,,,31,,,,,,,,,,,,,,,,,,,,,,,,,,,,,52839,0.0036075827665627003
,,,31,,,,,,,,,,,,,,,,,,,,,,,,,,,,,52849,0.0015498311258852482
,,,31,,,,,,,,,,,,,,,,,,,,,,,,,,,,,52859,0.003952190279960632
,,,31,,,,,,,,,,,,,,,,,,,,,,,,,,,,,52869,0.006584526970982552
,,,31,,,,,,,,,,,,,,,,,,,,,,,,,,,,,52879,0.0005636994610540569
,,,31,,,,,,,,,,,,,,,,,,,,,,,,,,,,,52889,0.003206878202036023
,,,31,,,,,,,,,,,,,,,,,,,,,,,,,,,,,52899,0.007957907393574715
,,,31,,,,,,,,,,,,,,,,,,,,,,,,,,,,,52909,0.0006332402699626982
,,,31,,,,,,,,,,,,,,,,,,,,,,,,,,,,,52919,0.0008717599557712674
,,,31,,,,,,,,,,,,,,,,,,,,,,,,,,,,,52929,0.005647839047014713
,,,31,,,,,,,,,,,,,,,,,,,,,,,,,,,,,52939,0.0010663520079106092
,,,31,,,,,,,,,,,,,,,,,,,,,,,,,,,,,52949,0.0013254925142973661
,,,31,,,,,,,,,,,,,,,,,,,,,,,,,,,,,52959,0.0016928529366850853
,,,31,,,,,,,,,,,,,,,,,,,,,,,,,,,,,52969,0.0007487217662855983
,,,31,,,,,,,,,,,,,,,,,,,,,,,,,,,,,52979,0.01721734181046486
,,,31,,,,,,,,,,,,,,,,,,,,,,,,,,,,,52989,0.0011747808894142509
,,,31,,,,,,,,,,,,,,,,,,,,,,,,,,,,,52999,0.0016496148891746998
,,,31,,,,,,,,,,,,,,,,,,,,,,,,,,,,,53009,0.0010087380651384592
,,,31,,,,,,,,,,,,,,,,,,,,,,,,,,,,,53019,0.0006750089232809842
,,,31,,,,,,,,,,,,,,,,,,,,,,,,,,,,,53029,0.08576594293117523
,,,31,,,,,,,,,,,,,,,,,,,,,,,,,,,,,53039,0.0007989864679984748
,,,31,,,,,,,,,,,,,,,,,,,,,,,,,,,,,53049,0.002476220019161701
,,,31,,,,,,,,,,,,,,,,,,,,,,,,,,,,,53059,0.0019104620441794395
,,,31,,,,,,,,,,,,,,,,,,,,,,,,,,,,,53069,0.020803865045309067
,,,31,,,,,,,,,,,,,,,,,,,,,,,,,,,,,53079,0.0022068163380026817
,,,31,,,,,,,,,,,,,,,,,,,,,,,,,,,,,53089,0.012181803584098816
,,,31,,,,,,,,,,,,,,,,,,,,,,,,,,,,,53099,0.0010208324529230595
,,,31,,,,,,,,,,,,,,,,,,,,,,,,,,,,,53109,0.0009997838642448187
,,,31,,,,,,,,,,,,,,,,,,,,,,,,,,,,,53119,0.0009897872805595398
,,,31,,,,,,,,,,,,,,,,,,,,,,,,,,,,,53129,0.0003351825871504843
,,,31,,,,,,,,,,,,,,,,,,,,,,,,,,,,,53139,0.002422441728413105
,,,31,,,,,,,,,,,,,,,,,,,,,,,,,,,,,53149,0.0008031976176425815
,,,31,,,,,,,,,,,,,,,,,,,,,,,,,,,,,53159,0.0007559165824204683
,,,31,,,,,,,,,,,,,,,,,,,,,,,,,,,,,53169,0.04160594195127487
,,,31,,,,,,,,,,,,,,,,,,,,,,,,,,,,,53179,0.0017920974642038345
,,,,1.9651587992236636e-07,1.1008907526899833e-06,1.6936780810615128e-06,1.6936780810615128e-06,2.605658586248481e-06,2.605658586248481e-06,4.008705517305355e-06,4.008705517305355e-06,6.167239257392854e-06,6.167239257392854e-06,9.488060395989006e-06,1.9651587992236636e-07,9.488060395989006e-06,1.459701599382924e-05,1.459701599382924e-05,2.2456947682814215e-05,2.2456947682814215e-05,3.4549150281252636e-05,3.4549150281252636e-05,3.4549150281252636e-05,3.4549150281252636e-05,3.023321229574867e-07,3.023321229574867e-07,4.65126343011518e-07,4.65126343011518e-07,7.155789892484892e-07,7.155789892484892e-07,1.1008907526899833e-06,53184,
,,,32,,,,,,,,,,,,,,,,,,,,,,,,,,,,,53189,0.0010916481260210276
,,,32,,,,,,,,,,,,,,,,,,,,,,,,,,,,,53199,0.0007831339025869966
,,,32,,,,,,,,,,,,,,,,,,,,,,,,,,,,,53209,0.001067567034624517
,,,32,,,,,,,,,,,,,,,,,,,,,,,,,,,,,53219,0.001536895870231092
,,,32,,,,,,,,,,,,,,,,,,,,,,,,,,,,,53229,0.004449872765690088
,,,32,,,,,,,,,,,,,,,,,,,,,,,,,,,,,53239,0.0018169699469581246
,,,32,,,,,,,,,,,,,,,,,,,,,,,,,,,,,53249,0.00863693282008171
,,,32,,,,,,,,,,,,,,,,,,,,,,,,,,,,,53259,0.0005365879042074084
,,,32,,,,,,,,,,,,,,,,,,,,,,,,,,,,,53269,0.0014373917365446687
,,,32,,,,,,,,,,,,,,,,,,,,,,,,,,,,,53279,0.0012984118657186627
,,,32,,,,,,,,,,,,,,,,,,,,,,,,,,,,,53289,0.02205255813896656
,,,32,,,,,,,,,,,,,,,,,,,,,,,,,,,,,53299,0.004337644670158625
,,,32,,,,,,,,,,,,,,,,,,,,,,,,,,,,,53309,0.0008746404200792313
,,,32,,,,,,,,,,,,,,,,,,,,,,,,,,,,,53319,0.4070439338684082
,,,32,,,,,,,,,,,,,,,,,,,,,,,,,,,,,53329,0.20918484032154083
,,,32,,,,,,,,,,,,,,,,,,,,,,,,,,,,,53339,0.0022239871323108673
,,,32,,,,,,,,,,,,,,,,,,,,,,,,,,,,,53349,0.0030280582141131163
,,,32,,,,,,,,,,,,,,,,,,,,,,,,,,,,,53359,0.01790386438369751
,,,32,,,,,,,,,,,,,,,,,,,,,,,,,,,,,53369,0.0013596087228506804
,,,32,,,,,,,,,,,,,,,,,,,,,,,,,,,,,53379,0.0008949016337282956
,,,32,,,,,,,,,,,,,,,,,,,,,,,,,,,,,53389,0.0009732747566886246
,,,32,,,,,,,,,,,,,,,,,,,,,,,,,,,,,53399,0.00086831150110811
,,,32,,,,,,,,,,,,,,,,,,,,,,,,,,,,,53409,0.007481259759515524
,,,32,,,,,,,,,,,,,,,,,,,,,,,,,,,,,53419,0.0008896877989172935
,,,32,,,,,,,,,,,,,,,,,,,,,,,,,,,,,53429,0.0018566781654953957
,,,32,,,,,,,,,,,,,,,,,,,,,,,,,,,,,53439,0.011709684506058693
,,,32,,,,,,,,,,,,,,,,,,,,,,,,,,,,,53449,0.0010353537509217858
,,,32,,,,,,,,,,,,,,,,,,,,,,,,,,,,,53459,0.0011258297599852085
,,,32,,,,,,,,,,,,,,,,,,,,,,,,,,,,,53469,0.004082665778696537
,,,32,,,,,,,,,,,,,,,,,,,,,,,,,,,,,53479,0.0017808607080951333
,,,32,,,,,,,,,,,,,,,,,,,,,,,,,,,,,53489,0.001256369985640049
,,,32,,,,,,,,,,,,,,,,,,,,,,,,,,,,,53499,0.009184236638247967
,,,32,,,,,,,,,,,,,,,,,,,,,,,,,,,,,53509,0.0015815900405868888
,,,32,,,,,,,,,,,,,,,,,,,,,,,,,,,,,53519,0.0031484775245189667
,,,32,,,,,,,,,,,,,,,,,,,,,,,,,,,,,53529,0.27593204379081726
,,,32,,,,,,,,,,,,,,,,,,,,,,,,,,,,,53539,0.092079296708107
,,,32,,,,,,,,,,,,,,,,,,,,,,,,,,,,,53549,0.0010215637739747763
,,,32,,,,,,,,,,,,,,,,,,,,,,,,,,,,,53559,0.006663843989372253
,,,32,,,,,,,,,,,,,,,,,,,,,,,,,,,,,53569,0.0187216866761446
,,,32,,,,,,,,,,,,,,,,,,,,,,,,,,,,,53579,0.0007039526244625449
,,,32,,,,,,,,,,,,,,,,,,,,,,,,,,,,,53589,0.001596588990651071
,,,32,,,,,,,,,,,,,,,,,,,,,,,,,,,,,53599,0.0012189464177936316
,,,32,,,,,,,,,,,,,,,,,,,,,,,,,,,,,53609,0.0012989004608243704
,,,32,,,,,,,,,,,,,,,,,,,,,,,,,,,,,53619,0.0018340488895773888
,,,32,,,,,,,,,,,,,,,,,,,,,,,,,,,,,53629,0.0004349399241618812
,,,32,,,,,,,,,,,,,,,,,,,,,,,,,,,,,53639,0.001275755581445992
,,,32,,,,,,,,,,,,,,,,,,,,,,,,,,,,,53649,0.0017641017911955714
,,,32,,,,,,,,,,,,,,,,,,,,,,,,,,,,,53659,0.026757007464766502
,,,32,,,,,,,,,,,,,,,,,,,,,,,,,,,,,53669,0.014082805253565311
,,,32,,,,,,,,,,,,,,,,,,,,,,,,,,,,,53679,0.008155944757163525
,,,32,,,,,,,,,,,,,,,,,,,,,,,,,,,,,53689,0.000984138692729175
,,,32,,,,,,,,,,,,,,,,,,,,,,,,,,,,,53699,0.2443501353263855
,,,32,,,,,,,,,,,,,,,,,,,,,,,,,,,,,53709,0.0014299878384917974
,,,32,,,,,,,,,,,,,,,,,,,,,,,,,,,,,53719,0.0007326551713049412
,,,32,,,,,,,,,,,,,,,,,,,,,,,,,,,,,53729,0.0016333665698766708
,,,32,,,,,,,,,,,,,,,,,,,,,,,,,,,,,53739,0.0017843010136857629
,,,32,,,,,,,,,,,,,,,,,,,,,,,,,,,,,53749,0.0027235737070441246
,,,32,,,,,,,,,,,,,,,,,,,,,,,,,,,,,53759,0.0008694836869835854
,,,32,,,,,,,,,,,,,,,,,,,,,,,,,,,,,53769,0.0032578916288912296
,,,32,,,,,,,,,,,,,,,,,,,,,,,,,,,,,53779,0.002123721409589052
,,,32,,,,,,,,,,,,,,,,,,,,,,,,,,,,,53789,0.002030599396675825
,,,32,,,,,,,,,,,,,,,,,,,,,,,,,,,,,53799,0.0006458378047682345
,,,32,,,,,,,,,,,,,,,,,,,,,,,,,,,,,53809,0.0010163021506741643
,,,32,,,,,,,,,,,,,,,,,,,,,,,,,,,,,53819,0.0015386210288852453
,,,32,,,,,,,,,,,,,,,,,,,,,,,,,,,,,53829,0.0007279110141098499
,,,32,,,,,,,,,,,,,,,,,,,,,,,,,,,,,53839,0.00200317963026464
,,,32,,,,,,,,,,,,,,,,,,,,,,,,,,,,,53849,0.002646148204803467
,,,32,,,,,,,,,,,,,,,,,,,,,,,,,,,,,53859,0.0005715746665373445
,,,32,,,,,,,,,,,,,,,,,,,,,,,,,,,,,53869,0.000676032155752182
,,,32,,,,,,,,,,,,,,,,,,,,,,,,,,,,,53879,0.0012344272108748555
,,,32,,,,,,,,,,,,,,,,,,,,,,,,,,,,,53889,0.0014703944325447083
,,,32,,,,,,,,,,,,,,,,,,,,,,,,,,,,,53899,0.0006586603121832013
,,,32,,,,,,,,,,,,,,,,,,,,,,,,,,,,,53909,0.0007471743738278747
,,,32,,,,,,,,,,,,,,,,,,,,,,,,,,,,,53919,0.0007544124382548034
,,,32,,,,,,,,,,,,,,,,,,,,,,,,,,,,,53929,0.0017339633777737617
,,,32,,,,,,,,,,,,,,,,,,,,,,,,,,,,,53939,0.22830425202846527
,,,32,,,,,,,,,,,,,,,,,,,,,,,,,,,,,53949,0.0012709969887509942
,,,32,,,,,,,,,,,,,,,,,,,,,,,,,,,,,53959,0.022657383233308792
,,,32,,,,,,,,,,,,,,,,,,,,,,,,,,,,,53969,0.0012722210958600044
,,,32,,,,,,,,,,,,,,,,,,,,,,,,,,,,,53979,0.057796280831098557
,,,32,,,,,,,,,,,,,,,,,,,,,,,,,,,,,53989,0.013654230162501335
,,,32,,,,,,,,,,,,,,,,,,,,,,,,,,,,,53999,0.005109642632305622
,,,32,,,,,,,,,,,,,,,,,,,,,,,,,,,,,54009,0.000825315888505429
,,,32,,,,,,,,,,,,,,,,,,,,,,,,,,,,,54019,0.0006216277834028006
,,,32,,,,,,,,,,,,,,,,,,,,,,,,,,,,,54029,0.0010442238999530673
,,,32,,,,,,,,,,,,,,,,,,,,,,,,,,,,,54039,0.002147106220945716
,,,32,,,,,,,,,,,,,,,,,,,,,,,,,,,,,54049,0.010184505954384804
,,,32,,,,,,,,,,,,,,,,,,,,,,,,,,,,,54059,0.001027691294439137
,,,32,,,,,,,,,,,,,,,,,,,,,,,,,,,,,54069,0.005931383930146694
,,,32,,,,,,,,,,,,,,,,,,,,,,,,,,,,,54079,0.0008920204127207398
,,,32,,,,,,,,,,,,,,,,,,,,,,,,,,,,,54089,0.5656040906906128
,,,32,,,,,,,,,,,,,,,,,,,,,,,,,,,,,54099,0.001665176241658628
,,,32,,,,,,,,,,,,,,,,,,,,,,,,,,,,,54109,0.004948614165186882
,,,32,,,,,,,,,,,,,,,,,,,,,,,,,,,,,54119,0.0033698666375130415
,,,32,,,,,,,,,,,,,,,,,,,,,,,,,,,,,54129,0.0009344789432361722
,,,32,,,,,,,,,,,,,,,,,,,,,,,,,,,,,54139,0.0024218671023845673
,,,32,,,,,,,,,,,,,,,,,,,,,,,,,,,,,54149,0.3842200040817261
,,,32,,,,,,,,,,,,,,,,,,,,,,,,,,,,,54159,0.0007970822625793517
,,,32,,,,,,,,,,,,,,,,,,,,,,,,,,,,,54169,0.02436845749616623
,,,32,,,,,,,,,,,,,,,,,,,,,,,,,,,,,54179,0.3263784646987915
,,,32,,,,,,,,,,,,,,,,,,,,,,,,,,,,,54189,0.002368750050663948
,,,32,,,,,,,,,,,,,,,,,,,,,,,,,,,,,54199,0.01773521676659584
,,,32,,,,,,,,,,,,,,,,,,,,,,,,,,,,,54209,0.0005019590025767684
,,,32,,,,,,,,,,,,,,,,,,,,,,,,,,,,,54219,0.0014867751160636544
,,,32,,,,,,,,,,,,,,,,,,,,,,,,,,,,,54229,0.0018596185836941004
,,,32,,,,,,,,,,,,,,,,,,,,,,,,,,,,,54239,0.0014908922603353858
,,,32,,,,,,,,,,,,,,,,,,,,,,,,,,,,,54249,0.001338051282800734
,,,32,,,,,,,,,,,,,,,,,,,,,,,,,,,,,54259,0.033111631870269775
,,,32,,,,,,,,,,,,,,,,,,,,,,,,,,,,,54269,0.001424915622919798
,,,32,,,,,,,,,,,,,,,,,,,,,,,,,,,,,54279,0.002398708602413535
,,,32,,,,,,,,,,,,,,,,,,,,,,,,,,,,,54289,0.058674734085798264
,,,32,,,,,,,,,,,,,,,,,,,,,,,,,,,,,54299,0.05954156816005707
,,,32,,,,,,,,,,,,,,,,,,,,,,,,,,,,,54309,0.0013460703194141388
,,,32,,,,,,,,,,,,,,,,,,,,,,,,,,,,,54319,0.0012211265275254846
,,,32,,,,,,,,,,,,,,,,,,,,,,,,,,,,,54329,0.0019594167824834585
,,,32,,,,,,,,,,,,,,,,,,,,,,,,,,,,,54339,0.001265700557269156
,,,32,,,,,,,,,,,,,,,,,,,,,,,,,,,,,54349,0.002010018564760685
,,,32,,,,,,,,,,,,,,,,,,,,,,,,,,,,,54359,0.0008142465376295149
,,,32,,,,,,,,,,,,,,,,,,,,,,,,,,,,,54369,0.0005438117077574134
,,,32,,,,,,,,,,,,,,,,,,,,,,,,,,,,,54379,0.011511282995343208
,,,32,,,,,,,,,,,,,,,,,,,,,,,,,,,,,54389,0.0013474640436470509
,,,32,,,,,,,,,,,,,,,,,,,,,,,,,,,,,54399,0.002096242504194379
,,,32,,,,,,,,,,,,,,,,,,,,,,,,,,,,,54409,0.0012572456616908312
,,,32,,,,,,,,,,,,,,,,,,,,,,,,,,,,,54419,0.010815578512847424
,,,32,,,,,,,,,,,,,,,,,,,,,,,,,,,,,54429,0.03414910286664963
,,,32,,,,,,,,,,,,,,,,,,,,,,,,,,,,,54439,0.02159624919295311
,,,32,,,,,,,,,,,,,,,,,,,,,,,,,,,,,54449,0.0012636573519557714
,,,32,,,,,,,,,,,,,,,,,,,,,,,,,,,,,54459,0.2778608500957489
,,,32,,,,,,,,,,,,,,,,,,,,,,,,,,,,,54469,0.0020097149536013603
,,,32,,,,,,,,,,,,,,,,,,,,,,,,,,,,,54479,0.001390709774568677
,,,32,,,,,,,,,,,,,,,,,,,,,,,,,,,,,54489,0.001984319416806102
,,,32,,,,,,,,,,,,,,,,,,,,,,,,,,,,,54499,0.00038726755883544683
,,,32,,,,,,,,,,,,,,,,,,,,,,,,,,,,,54509,0.030328433960676193
,,,32,,,,,,,,,,,,,,,,,,,,,,,,,,,,,54519,0.0010266837198287249
,,,32,,,,,,,,,,,,,,,,,,,,,,,,,,,,,54529,0.0228464063256979
,,,32,,,,,,,,,,,,,,,,,,,,,,,,,,,,,54539,0.0022627117577940226
,,,32,,,,,,,,,,,,,,,,,,,,,,,,,,,,,54549,0.0008296140586026013
,,,32,,,,,,,,,,,,,,,,,,,,,,,,,,,,,54559,0.0014628360513597727
,,,32,,,,,,,,,,,,,,,,,,,,,,,,,,,,,54569,0.0052942815236747265
,,,32,,,,,,,,,,,,,,,,,,,,,,,,,,,,,54579,0.42276450991630554
,,,32,,,,,,,,,,,,,,,,,,,,,,,,,,,,,54589,0.030636446550488472
,,,32,,,,,,,,,,,,,,,,,,,,,,,,,,,,,54599,0.0036186017096042633
,,,32,,,,,,,,,,,,,,,,,,,,,,,,,,,,,54609,0.0016166323330253363
,,,32,,,,,,,,,,,,,,,,,,,,,,,,,,,,,54619,0.015486050397157669
,,,32,,,,,,,,,,,,,,,,,,,,,,,,,,,,,54629,0.001896575908176601
,,,32,,,,,,,,,,,,,,,,,,,,,,,,,,,,,54639,0.0005925504956394434
,,,32,,,,,,,,,,,,,,,,,,,,,,,,,,,,,54649,0.009748025797307491
,,,32,,,,,,,,,,,,,,,,,,,,,,,,,,,,,54659,0.0014071501791477203
,,,32,,,,,,,,,,,,,,,,,,,,,,,,,,,,,54669,0.002040604129433632
,,,32,,,,,,,,,,,,,,,,,,,,,,,,,,,,,54679,0.0017895353958010674
,,,32,,,,,,,,,,,,,,,,,,,,,,,,,,,,,54689,0.0028771802317351103
,,,32,,,,,,,,,,,,,,,,,,,,,,,,,,,,,54699,0.21146607398986816
,,,32,,,,,,,,,,,,,,,,,,,,,,,,,,,,,54709,0.13158337771892548
,,,32,,,,,,,,,,,,,,,,,,,,,,,,,,,,,54719,0.0013693992514163256
,,,32,,,,,,,,,,,,,,,,,,,,,,,,,,,,,54729,0.12734690308570862
,,,32,,,,,,,,,,,,,,,,,,,,,,,,,,,,,54739,0.0007384555647149682
,,,32,,,,,,,,,,,,,,,,,,,,,,,,,,,,,54749,0.0020161797292530537
,,,32,,,,,,,,,,,,,,,,,,,,,,,,,,,,,54759,0.0026235906407237053
,,,32,,,,,,,,,,,,,,,,,,,,,,,,,,,,,54769,0.0001298117422265932
,,,32,,,,,,,,,,,,,,,,,,,,,,,,,,,,,54779,0.0018101913155987859
,,,32,,,,,,,,,,,,,,,,,,,,,,,,,,,,,54789,0.0019374873954802752
,,,32,,,,,,,,,,,,,,,,,,,,,,,,,,,,,54799,0.0016172747127711773
,,,32,,,,,,,,,,,,,,,,,,,,,,,,,,,,,54809,0.0012692426098510623
,,,32,,,,,,,,,,,,,,,,,,,,,,,,,,,,,54819,0.0017509983154013753
,,,32,,,,,,,,,,,,,,,,,,,,,,,,,,,,,54829,0.003110074670985341
,,,32,,,,,,,,,,,,,,,,,,,,,,,,,,,,,54839,0.001868321094661951
,,,,1.778621682328425e-07,9.963918251200868e-07,1.5329105001847486e-06,1.5329105001847486e-06,2.3583238464380747e-06,2.3583238464380747e-06,3.6281905329816534e-06,3.6281905329816534e-06,5.581831589202543e-06,5.581831589202543e-06,8.587433214157758e-06,1.778621682328425e-07,8.587433214157758e-06,1.3211435714088859e-05,1.3211435714088859e-05,2.032528571398286e-05,2.032528571398286e-05,3.12696703292044e-05,3.12696703292044e-05,3.12696703292044e-05,3.12696703292044e-05,2.736341049736038e-07,2.736341049736038e-07,4.2097554611323665e-07,4.2097554611323665e-07,6.476546863280564e-07,6.476546863280564e-07,9.963918251200868e-07,54846,
,,,33,,,,,,,,,,,,,,,,,,,,,,,,,,,,,54849,0.015276728197932243
,,,33,,,,,,,,,,,,,,,,,,,,,,,,,,,,,54859,0.00100855459459126
,,,33,,,,,,,,,,,,,,,,,,,,,,,,,,,,,54869,0.0008891842444427311
,,,33,,,,,,,,,,,,,,,,,,,,,,,,,,,,,54879,0.032036393880844116
,,,33,,,,,,,,,,,,,,,,,,,,,,,,,,,,,54889,0.0011850318405777216
,,,33,,,,,,,,,,,,,,,,,,,,,,,,,,,,,54899,0.001745128771290183
,,,33,,,,,,,,,,,,,,,,,,,,,,,,,,,,,54909,0.002137319650501013
,,,33,,,,,,,,,,,,,,,,,,,,,,,,,,,,,54919,0.003352361498400569
,,,33,,,,,,,,,,,,,,,,,,,,,,,,,,,,,54929,0.0018957899883389473
,,,33,,,,,,,,,,,,,,,,,,,,,,,,,,,,,54939,0.7998906970024109
,,,33,,,,,,,,,,,,,,,,,,,,,,,,,,,,,54949,0.0007481137872673571
,,,33,,,,,,,,,,,,,,,,,,,,,,,,,,,,,54959,0.001730840071104467
,,,33,,,,,,,,,,,,,,,,,,,,,,,,,,,,,54969,0.002178753260523081
,,,33,,,,,,,,,,,,,,,,,,,,,,,,,,,,,54979,0.0014678549487143755
,,,33,,,,,,,,,,,,,,,,,,,,,,,,,,,,,54989,0.001639228081330657
,,,33,,,,,,,,,,,,,,,,,,,,,,,,,,,,,54999,0.0008875930216163397
,,,33,,,,,,,,,,,,,,,,,,,,,,,,,,,,,55009,0.0007497798069380224
,,,33,,,,,,,,,,,,,,,,,,,,,,,,,,,,,55019,0.007383030839264393
,,,33,,,,,,,,,,,,,,,,,,,,,,,,,,,,,55029,0.004086861852556467
,,,33,,,,,,,,,,,,,,,,,,,,,,,,,,,,,55039,0.0007655578083358705
,,,33,,,,,,,,,,,,,,,,,,,,,,,,,,,,,55049,0.0017847009003162384
,,,33,,,,,,,,,,,,,,,,,,,,,,,,,,,,,55059,0.08840807527303696
,,,33,,,,,,,,,,,,,,,,,,,,,,,,,,,,,55069,0.0019907872192561626
,,,33,,,,,,,,,,,,,,,,,,,,,,,,,,,,,55079,0.0028362979646772146
,,,33,,,,,,,,,,,,,,,,,,,,,,,,,,,,,55089,0.0011392008746042848
,,,33,,,,,,,,,,,,,,,,,,,,,,,,,,,,,55099,0.0006336048827506602
,,,33,,,,,,,,,,,,,,,,,,,,,,,,,,,,,55109,0.0027346990536898375
,,,33,,,,,,,,,,,,,,,,,,,,,,,,,,,,,55119,0.008141289465129375
,,,33,,,,,,,,,,,,,,,,,,,,,,,,,,,,,55129,0.00042924232548102736
,,,33,,,,,,,,,,,,,,,,,,,,,,,,,,,,,55139,0.0008849923615343869
,,,33,,,,,,,,,,,,,,,,,,,,,,,,,,,,,55149,0.0014490211615338922
,,,33,,,,,,,,,,,,,,,,,,,,,,,,,,,,,55159,0.0007565386476926506
,,,33,,,,,,,,,,,,,,,,,,,,,,,,,,,,,55169,0.0005429718876257539
,,,33,,,,,,,,,,,,,,,,,,,,,,,,,,,,,55179,0.0012410070048645139
,,,33,,,,,,,,,,,,,,,,,,,,,,,,,,,,,55189,0.01775786280632019
,,,33,,,,,,,,,,,,,,,,,,,,,,,,,,,,,55199,0.002084295265376568
,,,33,,,,,,,,,,,,,,,,,,,,,,,,,,,,,55209,0.003335680579766631
,,,33,,,,,,,,,,,,,,,,,,,,,,,,,,,,,55219,0.0021335198543965816
,,,33,,,,,,,,,,,,,,,,,,,,,,,,,,,,,55229,0.0021267717238515615
,,,33,,,,,,,,,,,,,,,,,,,,,,,,,,,,,55239,0.001560668577440083
,,,33,,,,,,,,,,,,,,,,,,,,,,,,,,,,,55249,0.002001482993364334
,,,33,,,,,,,,,,,,,,,,,,,,,,,,,,,,,55259,0.001882069860585034
,,,33,,,,,,,,,,,,,,,,,,,,,,,,,,,,,55269,0.0022427020594477654
,,,33,,,,,,,,,,,,,,,,,,,,,,,,,,,,,55279,0.0016996830236166716
,,,33,,,,,,,,,,,,,,,,,,,,,,,,,,,,,55289,0.8585629463195801
,,,33,,,,,,,,,,,,,,,,,,,,,,,,,,,,,55299,0.007342835888266563
,,,33,,,,,,,,,,,,,,,,,,,,,,,,,,,,,55309,0.0011651164386421442
,,,33,,,,,,,,,,,,,,,,,,,,,,,,,,,,,55319,0.0015767337754368782
,,,33,,,,,,,,,,,,,,,,,,,,,,,,,,,,,55329,0.004364480264484882
,,,33,,,,,,,,,,,,,,,,,,,,,,,,,,,,,55339,0.0013872303534299135
,,,33,,,,,,,,,,,,,,,,,,,,,,,,,,,,,55349,0.013136561959981918
,,,33,,,,,,,,,,,,,,,,,,,,,,,,,,,,,55359,0.00082044379087165
,,,33,,,,,,,,,,,,,,,,,,,,,,,,,,,,,55369,0.0020767031237483025
,,,33,,,,,,,,,,,,,,,,,,,,,,,,,,,,,55379,0.001865540281869471
,,,33,,,,,,,,,,,,,,,,,,,,,,,,,,,,,55389,0.004016641061753035
,,,33,,,,,,,,,,,,,,,,,,,,,,,,,,,,,55399,0.0014730481198057532
,,,33,,,,,,,,,,,,,,,,,,,,,,,,,,,,,55409,0.0013815031852573156
,,,33,,,,,,,,,,,,,,,,,,,,,,,,,,,,,55419,0.00224599102512002
,,,33,,,,,,,,,,,,,,,,,,,,,,,,,,,,,55429,0.0021771308965981007
,,,33,,,,,,,,,,,,,,,,,,,,,,,,,,,,,55439,0.006771596614271402
,,,33,,,,,,,,,,,,,,,,,,,,,,,,,,,,,55449,0.0026741288602352142
,,,33,,,,,,,,,,,,,,,,,,,,,,,,,,,,,55459,0.03760288283228874
,,,33,,,,,,,,,,,,,,,,,,,,,,,,,,,,,55469,0.001232618815265596
,,,33,,,,,,,,,,,,,,,,,,,,,,,,,,,,,55479,0.002430714201182127
,,,33,,,,,,,,,,,,,,,,,,,,,,,,,,,,,55489,0.00155495828948915
,,,33,,,,,,,,,,,,,,,,,,,,,,,,,,,,,55499,0.0024693787563592196
,,,33,,,,,,,,,,,,,,,,,,,,,,,,,,,,,55509,0.0019441103795543313
,,,33,,,,,,,,,,,,,,,,,,,,,,,,,,,,,55519,0.0010089552961289883
,,,33,,,,,,,,,,,,,,,,,,,,,,,,,,,,,55529,0.0018201600760221481
,,,33,,,,,,,,,,,,,,,,,,,,,,,,,,,,,55539,0.002809373429045081
,,,33,,,,,,,,,,,,,,,,,,,,,,,,,,,,,55549,0.30884259939193726
,,,33,,,,,,,,,,,,,,,,,,,,,,,,,,,,,55559,0.0017891577444970608
,,,33,,,,,,,,,,,,,,,,,,,,,,,,,,,,,55569,0.001779169891960919
,,,33,,,,,,,,,,,,,,,,,,,,,,,,,,,,,55579,0.002005083952099085
,,,33,,,,,,,,,,,,,,,,,,,,,,,,,,,,,55589,0.00222610286436975
,,,33,,,,,,,,,,,,,,,,,,,,,,,,,,,,,55599,0.0011717029847204685
,,,33,,,,,,,,,,,,,,,,,,,,,,,,,,,,,55609,0.0007982500246725976
,,,33,,,,,,,,,,,,,,,,,,,,,,,,,,,,,55619,0.00038026293623261154
,,,33,,,,,,,,,,,,,,,,,,,,,,,,,,,,,55629,0.0014704943168908358
,,,33,,,,,,,,,,,,,,,,,,,,,,,,,,,,,55639,0.09706676751375198
,,,33,,,,,,,,,,,,,,,,,,,,,,,,,,,,,55649,0.00741842994466424
,,,33,,,,,,,,,,,,,,,,,,,,,,,,,,,,,55659,0.029015114530920982
,,,33,,,,,,,,,,,,,,,,,,,,,,,,,,,,,55669,0.0014275175053626299
,,,33,,,,,,,,,,,,,,,,,,,,,,,,,,,,,55679,0.0009237891063094139
,,,33,,,,,,,,,,,,,,,,,,,,,,,,,,,,,55689,0.004138981457799673
,,,33,,,,,,,,,,,,,,,,,,,,,,,,,,,,,55699,0.003388388082385063
,,,33,,,,,,,,,,,,,,,,,,,,,,,,,,,,,55709,0.0007440794142894447
,,,33,,,,,,,,,,,,,,,,,,,,,,,,,,,,,55719,0.002292232820764184
,,,33,,,,,,,,,,,,,,,,,,,,,,,,,,,,,55729,0.00101137300953269
,,,33,,,,,,,,,,,,,,,,,,,,,,,,,,,,,55739,0.5666936039924622
,,,33,,,,,,,,,,,,,,,,,,,,,,,,,,,,,55749,0.0010813988046720624
,,,33,,,,,,,,,,,,,,,,,,,,,,,,,,,,,55759,0.00263371504843235
,,,33,,,,,,,,,,,,,,,,,,,,,,,,,,,,,55769,0.005312633700668812
,,,33,,,,,,,,,,,,,,,,,,,,,,,,,,,,,55779,0.0016356873093172908
,,,33,,,,,,,,,,,,,,,,,,,,,,,,,,,,,55789,0.0009353240020573139
,,,33,,,,,,,,,,,,,,,,,,,,,,,,,,,,,55799,0.0018960312008857727
,,,33,,,,,,,,,,,,,,,,,,,,,,,,,,,,,55809,0.0011556490790098906
,,,33,,,,,,,,,,,,,,,,,,,,,,,,,,,,,55819,0.0007403558120131493
,,,33,,,,,,,,,,,,,,,,,,,,,,,,,,,,,55829,0.009188302792608738
,,,33,,,,,,,,,,,,,,,,,,,,,,,,,,,,,55839,0.001480189268477261
,,,33,,,,,,,,,,,,,,,,,,,,,,,,,,,,,55849,0.0019260355038568377
,,,33,,,,,,,,,,,,,,,,,,,,,,,,,,,,,55859,0.0014875811757519841
,,,33,,,,,,,,,,,,,,,,,,,,,,,,,,,,,55869,0.011092226020991802
,,,33,,,,,,,,,,,,,,,,,,,,,,,,,,,,,55879,0.0018140990287065506
,,,33,,,,,,,,,,,,,,,,,,,,,,,,,,,,,55889,0.0033521943259984255
,,,33,,,,,,,,,,,,,,,,,,,,,,,,,,,,,55899,0.0023834449239075184
,,,33,,,,,,,,,,,,,,,,,,,,,,,,,,,,,55909,0.0010746336774900556
,,,33,,,,,,,,,,,,,,,,,,,,,,,,,,,,,55919,0.00297995051369071
,,,33,,,,,,,,,,,,,,,,,,,,,,,,,,,,,55929,0.0051619792357087135
,,,33,,,,,,,,,,,,,,,,,,,,,,,,,,,,,55939,0.0010206649312749505
,,,33,,,,,,,,,,,,,,,,,,,,,,,,,,,,,55949,0.0009577212622389197
,,,33,,,,,,,,,,,,,,,,,,,,,,,,,,,,,55959,0.0011300976620987058
,,,33,,,,,,,,,,,,,,,,,,,,,,,,,,,,,55969,0.001643307157792151
,,,33,,,,,,,,,,,,,,,,,,,,,,,,,,,,,55979,0.00670101260766387
,,,33,,,,,,,,,,,,,,,,,,,,,,,,,,,,,55989,0.5247291922569275
,,,33,,,,,,,,,,,,,,,,,,,,,,,,,,,,,55999,0.0025651727337390184
,,,33,,,,,,,,,,,,,,,,,,,,,,,,,,,,,56009,0.00465351203456521
,,,33,,,,,,,,,,,,,,,,,,,,,,,,,,,,,56019,0.13283511996269226
,,,33,,,,,,,,,,,,,,,,,,,,,,,,,,,,,56029,0.0011239093728363514
,,,33,,,,,,,,,,,,,,,,,,,,,,,,,,,,,56039,0.002351517556235194
,,,33,,,,,,,,,,,,,,,,,,,,,,,,,,,,,56049,0.5853457450866699
,,,33,,,,,,,,,,,,,,,,,,,,,,,,,,,,,56059,0.0020774807780981064
,,,33,,,,,,,,,,,,,,,,,,,,,,,,,,,,,56069,0.0007281746948137879
,,,33,,,,,,,,,,,,,,,,,,,,,,,,,,,,,56079,0.0011388041311874986
,,,33,,,,,,,,,,,,,,,,,,,,,,,,,,,,,56089,0.0008388165733776987
,,,33,,,,,,,,,,,,,,,,,,,,,,,,,,,,,56099,0.0014749688562005758
,,,33,,,,,,,,,,,,,,,,,,,,,,,,,,,,,56109,0.0037842716556042433
,,,33,,,,,,,,,,,,,,,,,,,,,,,,,,,,,56119,0.038406409323215485
,,,33,,,,,,,,,,,,,,,,,,,,,,,,,,,,,56129,0.05443636327981949
,,,33,,,,,,,,,,,,,,,,,,,,,,,,,,,,,56139,0.1009664237499237
,,,33,,,,,,,,,,,,,,,,,,,,,,,,,,,,,56149,0.005677502136677504
,,,33,,,,,,,,,,,,,,,,,,,,,,,,,,,,,56159,0.002627291949465871
,,,33,,,,,,,,,,,,,,,,,,,,,,,,,,,,,56169,0.005293012596666813
,,,33,,,,,,,,,,,,,,,,,,,,,,,,,,,,,56179,0.00159479642752558
,,,33,,,,,,,,,,,,,,,,,,,,,,,,,,,,,56189,0.0011332143330946565
,,,33,,,,,,,,,,,,,,,,,,,,,,,,,,,,,56199,0.0009395844535902143
,,,33,,,,,,,,,,,,,,,,,,,,,,,,,,,,,56209,0.0030277979094535112
,,,33,,,,,,,,,,,,,,,,,,,,,,,,,,,,,56219,0.16038477420806885
,,,33,,,,,,,,,,,,,,,,,,,,,,,,,,,,,56229,0.3425959646701813
,,,33,,,,,,,,,,,,,,,,,,,,,,,,,,,,,56239,4.6367669105529785
,,,33,,,,,,,,,,,,,,,,,,,,,,,,,,,,,56249,0.0010156917851418257
,,,33,,,,,,,,,,,,,,,,,,,,,,,,,,,,,56259,0.000598627608269453
,,,33,,,,,,,,,,,,,,,,,,,,,,,,,,,,,56269,0.002585635520517826
,,,33,,,,,,,,,,,,,,,,,,,,,,,,,,,,,56279,0.0019828162621706724
,,,33,,,,,,,,,,,,,,,,,,,,,,,,,,,,,56289,0.1692236363887787
,,,33,,,,,,,,,,,,,,,,,,,,,,,,,,,,,56299,0.003573694033548236
,,,33,,,,,,,,,,,,,,,,,,,,,,,,,,,,,56309,0.02038554847240448
,,,33,,,,,,,,,,,,,,,,,,,,,,,,,,,,,56319,0.0015138915041461587
,,,33,,,,,,,,,,,,,,,,,,,,,,,,,,,,,56329,0.0029131800401955843
,,,33,,,,,,,,,,,,,,,,,,,,,,,,,,,,,56339,0.00131009251344949
,,,33,,,,,,,,,,,,,,,,,,,,,,,,,,,,,56349,0.0007950156577862799
,,,33,,,,,,,,,,,,,,,,,,,,,,,,,,,,,56359,0.0006327145965769887
,,,33,,,,,,,,,,,,,,,,,,,,,,,,,,,,,56369,0.0015547232469543815
,,,33,,,,,,,,,,,,,,,,,,,,,,,,,,,,,56379,0.0010475014569237828
,,,33,,,,,,,,,,,,,,,,,,,,,,,,,,,,,56389,0.0012319677043706179
,,,33,,,,,,,,,,,,,,,,,,,,,,,,,,,,,56399,0.19785276055335999
,,,33,,,,,,,,,,,,,,,,,,,,,,,,,,,,,56409,0.2428014576435089
,,,33,,,,,,,,,,,,,,,,,,,,,,,,,,,,,56419,0.0026574518997222185
,,,33,,,,,,,,,,,,,,,,,,,,,,,,,,,,,56429,0.0019289677729830146
,,,33,,,,,,,,,,,,,,,,,,,,,,,,,,,,,56439,0.0022133714519441128
,,,33,,,,,,,,,,,,,,,,,,,,,,,,,,,,,56449,0.02421383373439312
,,,33,,,,,,,,,,,,,,,,,,,,,,,,,,,,,56459,0.0034071810077875853
,,,33,,,,,,,,,,,,,,,,,,,,,,,,,,,,,56469,0.0013710062485188246
,,,33,,,,,,,,,,,,,,,,,,,,,,,,,,,,,56479,0.001743490225635469
,,,33,,,,,,,,,,,,,,,,,,,,,,,,,,,,,56489,0.0013932109577581286
,,,33,,,,,,,,,,,,,,,,,,,,,,,,,,,,,56499,0.0009126306977123022
,,,,1.5972750035826984e-07,8.948006042268538e-07,1.3766163141951595e-06,1.3766163141951595e-06,2.1178712526079376e-06,2.1178712526079376e-06,3.258263465550673e-06,3.258263465550673e-06,5.012713023924113e-06,5.012713023924113e-06,7.71186619065248e-06,1.5972750035826984e-07,7.71186619065248e-06,1.1864409524080739e-05,1.1864409524080739e-05,1.8252937729354982e-05,1.8252937729354982e-05,2.8081442660546125e-05,2.8081442660546125e-05,2.8081442660546125e-05,2.8081442660546125e-05,2.457346159357997e-07,2.457346159357997e-07,3.7805325528584575e-07,3.7805325528584575e-07,5.816203927474549e-07,5.816203927474549e-07,8.948006042268538e-07,56508,
,,,34,,,,,,,,,,,,,,,,,,,,,,,,,,,,,56509,0.0009462683228775859
,,,34,,,,,,,,,,,,,,,,,,,,,,,,,,,,,56519,0.0013504520757123828
,,,34,,,,,,,,,,,,,,,,,,,,,,,,,,,,,56529,0.002151792636141181
,,,34,,,,,,,,,,,,,,,,,,,,,,,,,,,,,56539,0.001548881409689784
,,,34,,,,,,,,,,,,,,,,,,,,,,,,,,,,,56549,0.0010704458691179752
,,,34,,,,,,,,,,,,,,,,,,,,,,,,,,,,,56559,0.0007213636999949813
,,,34,,,,,,,,,,,,,,,,,,,,,,,,,,,,,56569,0.0007660302799195051
,,,34,,,,,,,,,,,,,,,,,,,,,,,,,,,,,56579,0.0007403105846606195
,,,34,,,,,,,,,,,,,,,,,,,,,,,,,,,,,56589,0.0003256807685829699
,,,34,,,,,,,,,,,,,,,,,,,,,,,,,,,,,56599,0.014043048024177551
,,,34,,,,,,,,,,,,,,,,,,,,,,,,,,,,,56609,0.0006999712786637247
,,,34,,,,,,,,,,,,,,,,,,,,,,,,,,,,,56619,0.0027578328736126423
,,,34,,,,,,,,,,,,,,,,,,,,,,,,,,,,,56629,0.0036001941189169884
,,,34,,,,,,,,,,,,,,,,,,,,,,,,,,,,,56639,0.08461897820234299
,,,34,,,,,,,,,,,,,,,,,,,,,,,,,,,,,56649,0.0017496467335149646
,,,34,,,,,,,,,,,,,,,,,,,,,,,,,,,,,56659,0.002310152631253004
,,,34,,,,,,,,,,,,,,,,,,,,,,,,,,,,,56669,0.0011966851307079196
,,,34,,,,,,,,,,,,,,,,,,,,,,,,,,,,,56679,0.0022849999368190765
,,,34,,,,,,,,,,,,,,,,,,,,,,,,,,,,,56689,0.003439416643232107
,,,34,,,,,,,,,,,,,,,,,,,,,,,,,,,,,56699,0.0035947011783719063
,,,34,,,,,,,,,,,,,,,,,,,,,,,,,,,,,56709,0.0005947569734416902
,,,34,,,,,,,,,,,,,,,,,,,,,,,,,,,,,56719,0.011319552548229694
,,,34,,,,,,,,,,,,,,,,,,,,,,,,,,,,,56729,0.004889553878456354
,,,34,,,,,,,,,,,,,,,,,,,,,,,,,,,,,56739,0.0014600369613617659
,,,34,,,,,,,,,,,,,,,,,,,,,,,,,,,,,56749,0.016820009797811508
,,,34,,,,,,,,,,,,,,,,,,,,,,,,,,,,,56759,0.0004906567046418786
,,,34,,,,,,,,,,,,,,,,,,,,,,,,,,,,,56769,0.0005614046240225434
,,,34,,,,,,,,,,,,,,,,,,,,,,,,,,,,,56779,0.0016040531918406487
,,,34,,,,,,,,,,,,,,,,,,,,,,,,,,,,,56789,0.0008331292192451656
,,,34,,,,,,,,,,,,,,,,,,,,,,,,,,,,,56799,0.004730309825390577
,,,34,,,,,,,,,,,,,,,,,,,,,,,,,,,,,56809,0.006129712797701359
,,,34,,,,,,,,,,,,,,,,,,,,,,,,,,,,,56819,0.0010458392789587379
,,,34,,,,,,,,,,,,,,,,,,,,,,,,,,,,,56829,0.0019072751747444272
,,,34,,,,,,,,,,,,,,,,,,,,,,,,,,,,,56839,0.012923425063490868
,,,34,,,,,,,,,,,,,,,,,,,,,,,,,,,,,56849,0.0013704199809581041
,,,34,,,,,,,,,,,,,,,,,,,,,,,,,,,,,56859,0.002644047373905778
,,,34,,,,,,,,,,,,,,,,,,,,,,,,,,,,,56869,0.0006081128376536071
,,,34,,,,,,,,,,,,,,,,,,,,,,,,,,,,,56879,0.0015846339520066977
,,,34,,,,,,,,,,,,,,,,,,,,,,,,,,,,,56889,0.011785474605858326
,,,34,,,,,,,,,,,,,,,,,,,,,,,,,,,,,56899,0.00155726564116776
,,,34,,,,,,,,,,,,,,,,,,,,,,,,,,,,,56909,0.0016604819102212787
,,,34,,,,,,,,,,,,,,,,,,,,,,,,,,,,,56919,0.0007581788813695312
,,,34,,,,,,,,,,,,,,,,,,,,,,,,,,,,,56929,0.00132845900952816
,,,34,,,,,,,,,,,,,,,,,,,,,,,,,,,,,56939,0.002521849935874343
,,,34,,,,,,,,,,,,,,,,,,,,,,,,,,,,,56949,0.028976520523428917
,,,34,,,,,,,,,,,,,,,,,,,,,,,,,,,,,56959,0.0012439313577488065
,,,34,,,,,,,,,,,,,,,,,,,,,,,,,,,,,56969,0.002222809474915266
,,,34,,,,,,,,,,,,,,,,,,,,,,,,,,,,,56979,0.004404946230351925
,,,34,,,,,,,,,,,,,,,,,,,,,,,,,,,,,56989,0.0012609033146873116
,,,34,,,,,,,,,,,,,,,,,,,,,,,,,,,,,56999,0.0010001430055126548
,,,34,,,,,,,,,,,,,,,,,,,,,,,,,,,,,57009,0.00670093996450305
,,,34,,,,,,,,,,,,,,,,,,,,,,,,,,,,,57019,0.0026663586031645536
,,,34,,,,,,,,,,,,,,,,,,,,,,,,,,,,,57029,0.17045475542545319
,,,34,,,,,,,,,,,,,,,,,,,,,,,,,,,,,57039,0.6224275827407837
,,,34,,,,,,,,,,,,,,,,,,,,,,,,,,,,,57049,0.002820525784045458
,,,34,,,,,,,,,,,,,,,,,,,,,,,,,,,,,57059,0.002107074251398444
,,,34,,,,,,,,,,,,,,,,,,,,,,,,,,,,,57069,0.0019293915247544646
,,,34,,,,,,,,,,,,,,,,,,,,,,,,,,,,,57079,0.0005944666918367147
,,,34,,,,,,,,,,,,,,,,,,,,,,,,,,,,,57089,0.011523454450070858
,,,34,,,,,,,,,,,,,,,,,,,,,,,,,,,,,57099,0.014699162915349007
,,,34,,,,,,,,,,,,,,,,,,,,,,,,,,,,,57109,0.0013091664295643568
,,,34,,,,,,,,,,,,,,,,,,,,,,,,,,,,,57119,0.0014522437704727054
,,,34,,,,,,,,,,,,,,,,,,,,,,,,,,,,,57129,0.0030509638600051403
,,,34,,,,,,,,,,,,,,,,,,,,,,,,,,,,,57139,0.0007957445341162384
,,,34,,,,,,,,,,,,,,,,,,,,,,,,,,,,,57149,0.000568593037314713
,,,34,,,,,,,,,,,,,,,,,,,,,,,,,,,,,57159,0.0028812296222895384
,,,34,,,,,,,,,,,,,,,,,,,,,,,,,,,,,57169,0.001843261532485485
,,,34,,,,,,,,,,,,,,,,,,,,,,,,,,,,,57179,0.0012183253420516849
,,,34,,,,,,,,,,,,,,,,,,,,,,,,,,,,,57189,0.029155515134334564
,,,34,,,,,,,,,,,,,,,,,,,,,,,,,,,,,57199,0.004867732059210539
,,,34,,,,,,,,,,,,,,,,,,,,,,,,,,,,,57209,0.0004884354420937598
,,,34,,,,,,,,,,,,,,,,,,,,,,,,,,,,,57219,0.0031608729623258114
,,,34,,,,,,,,,,,,,,,,,,,,,,,,,,,,,57229,0.0019089425913989544
,,,34,,,,,,,,,,,,,,,,,,,,,,,,,,,,,57239,0.0027446222957223654
,,,34,,,,,,,,,,,,,,,,,,,,,,,,,,,,,57249,0.050323616713285446
,,,34,,,,,,,,,,,,,,,,,,,,,,,,,,,,,57259,0.014949406497180462
,,,34,,,,,,,,,,,,,,,,,,,,,,,,,,,,,57269,0.36581215262413025
,,,34,,,,,,,,,,,,,,,,,,,,,,,,,,,,,57279,0.0012855589156970382
,,,34,,,,,,,,,,,,,,,,,,,,,,,,,,,,,57289,0.004662747494876385
,,,34,,,,,,,,,,,,,,,,,,,,,,,,,,,,,57299,0.0036517023108899593
,,,34,,,,,,,,,,,,,,,,,,,,,,,,,,,,,57309,0.0017372319707646966
,,,34,,,,,,,,,,,,,,,,,,,,,,,,,,,,,57319,0.01196269690990448
,,,34,,,,,,,,,,,,,,,,,,,,,,,,,,,,,57329,0.0020172465592622757
,,,34,,,,,,,,,,,,,,,,,,,,,,,,,,,,,57339,0.0016599454684183002
,,,34,,,,,,,,,,,,,,,,,,,,,,,,,,,,,57349,0.011407541111111641
,,,34,,,,,,,,,,,,,,,,,,,,,,,,,,,,,57359,0.0007571819587610662
,,,34,,,,,,,,,,,,,,,,,,,,,,,,,,,,,57369,0.0003619218186940998
,,,34,,,,,,,,,,,,,,,,,,,,,,,,,,,,,57379,0.0018219666089862585
,,,34,,,,,,,,,,,,,,,,,,,,,,,,,,,,,57389,0.0022090140264481306
,,,34,,,,,,,,,,,,,,,,,,,,,,,,,,,,,57399,0.0007970466976985335
,,,34,,,,,,,,,,,,,,,,,,,,,,,,,,,,,57409,0.0019838809967041016
,,,34,,,,,,,,,,,,,,,,,,,,,,,,,,,,,57419,0.001816650852560997
,,,34,,,,,,,,,,,,,,,,,,,,,,,,,,,,,57429,0.0017380611971020699
,,,34,,,,,,,,,,,,,,,,,,,,,,,,,,,,,57439,0.0007701455033384264
,,,34,,,,,,,,,,,,,,,,,,,,,,,,,,,,,57449,0.003909686114639044
,,,34,,,,,,,,,,,,,,,,,,,,,,,,,,,,,57459,0.002319681691005826
,,,34,,,,,,,,,,,,,,,,,,,,,,,,,,,,,57469,0.005038423463702202
,,,34,,,,,,,,,,,,,,,,,,,,,,,,,,,,,57479,0.008706188760697842
,,,34,,,,,,,,,,,,,,,,,,,,,,,,,,,,,57489,0.001974232727661729
,,,34,,,,,,,,,,,,,,,,,,,,,,,,,,,,,57499,0.0637630894780159
,,,34,,,,,,,,,,,,,,,,,,,,,,,,,,,,,57509,0.002009395509958267
,,,34,,,,,,,,,,,,,,,,,,,,,,,,,,,,,57519,0.001367121352814138
,,,34,,,,,,,,,,,,,,,,,,,,,,,,,,,,,57529,0.0010513226734474301
,,,34,,,,,,,,,,,,,,,,,,,,,,,,,,,,,57539,0.1618325114250183
,,,34,,,,,,,,,,,,,,,,,,,,,,,,,,,,,57549,0.0028004548512399197
,,,34,,,,,,,,,,,,,,,,,,,,,,,,,,,,,57559,0.008389837108552456
,,,34,,,,,,,,,,,,,,,,,,,,,,,,,,,,,57569,0.0016190148890018463
,,,34,,,,,,,,,,,,,,,,,,,,,,,,,,,,,57579,0.0016657300293445587
,,,34,,,,,,,,,,,,,,,,,,,,,,,,,,,,,57589,0.006774054374545813
,,,34,,,,,,,,,,,,,,,,,,,,,,,,,,,,,57599,0.0010392285184934735
,,,34,,,,,,,,,,,,,,,,,,,,,,,,,,,,,57609,0.00464734947308898
,,,34,,,,,,,,,,,,,,,,,,,,,,,,,,,,,57619,0.00042614497942849994
,,,34,,,,,,,,,,,,,,,,,,,,,,,,,,,,,57629,0.004014663863927126
,,,34,,,,,,,,,,,,,,,,,,,,,,,,,,,,,57639,0.010444323532283306
,,,34,,,,,,,,,,,,,,,,,,,,,,,,,,,,,57649,0.0013149947626516223
,,,34,,,,,,,,,,,,,,,,,,,,,,,,,,,,,57659,0.0008701339247636497
,,,34,,,,,,,,,,,,,,,,,,,,,,,,,,,,,57669,0.2555661201477051
,,,34,,,,,,,,,,,,,,,,,,,,,,,,,,,,,57679,0.001037493464536965
,,,34,,,,,,,,,,,,,,,,,,,,,,,,,,,,,57689,0.003551855916157365
,,,34,,,,,,,,,,,,,,,,,,,,,,,,,,,,,57699,0.0008074684301391244
,,,34,,,,,,,,,,,,,,,,,,,,,,,,,,,,,57709,0.025722971186041832
,,,34,,,,,,,,,,,,,,,,,,,,,,,,,,,,,57719,0.0012593630235642195
,,,34,,,,,,,,,,,,,,,,,,,,,,,,,,,,,57729,0.00102626858279109
,,,34,,,,,,,,,,,,,,,,,,,,,,,,,,,,,57739,0.0015313710318878293
,,,34,,,,,,,,,,,,,,,,,,,,,,,,,,,,,57749,0.0022153740283101797
,,,34,,,,,,,,,,,,,,,,,,,,,,,,,,,,,57759,0.0006427557673305273
,,,34,,,,,,,,,,,,,,,,,,,,,,,,,,,,,57769,0.00133427488617599
,,,34,,,,,,,,,,,,,,,,,,,,,,,,,,,,,57779,0.017605450004339218
,,,34,,,,,,,,,,,,,,,,,,,,,,,,,,,,,57789,0.0065873065032064915
,,,34,,,,,,,,,,,,,,,,,,,,,,,,,,,,,57799,0.0013543195091187954
,,,34,,,,,,,,,,,,,,,,,,,,,,,,,,,,,57809,0.001240639598108828
,,,34,,,,,,,,,,,,,,,,,,,,,,,,,,,,,57819,0.0029659667052328587
,,,34,,,,,,,,,,,,,,,,,,,,,,,,,,,,,57829,0.002078196732327342
,,,34,,,,,,,,,,,,,,,,,,,,,,,,,,,,,57839,0.0016820179298520088
,,,34,,,,,,,,,,,,,,,,,,,,,,,,,,,,,57849,0.0015523534966632724
,,,34,,,,,,,,,,,,,,,,,,,,,,,,,,,,,57859,0.001056328765116632
,,,34,,,,,,,,,,,,,,,,,,,,,,,,,,,,,57869,0.0013602975523099303
,,,34,,,,,,,,,,,,,,,,,,,,,,,,,,,,,57879,0.002010912634432316
,,,34,,,,,,,,,,,,,,,,,,,,,,,,,,,,,57889,0.0009534540004096925
,,,34,,,,,,,,,,,,,,,,,,,,,,,,,,,,,57899,0.041057128459215164
,,,34,,,,,,,,,,,,,,,,,,,,,,,,,,,,,57909,0.0010713650844991207
,,,34,,,,,,,,,,,,,,,,,,,,,,,,,,,,,57919,0.002362577011808753
,,,34,,,,,,,,,,,,,,,,,,,,,,,,,,,,,57929,0.002356981160119176
,,,34,,,,,,,,,,,,,,,,,,,,,,,,,,,,,57939,0.0017092267517000437
,,,34,,,,,,,,,,,,,,,,,,,,,,,,,,,,,57949,0.0002474765933584422
,,,34,,,,,,,,,,,,,,,,,,,,,,,,,,,,,57959,0.008931374177336693
,,,34,,,,,,,,,,,,,,,,,,,,,,,,,,,,,57969,0.0019587771967053413
,,,34,,,,,,,,,,,,,,,,,,,,,,,,,,,,,57979,0.0037534027360379696
,,,34,,,,,,,,,,,,,,,,,,,,,,,,,,,,,57989,0.0010660969419404864
,,,34,,,,,,,,,,,,,,,,,,,,,,,,,,,,,57999,0.001340134534984827
,,,34,,,,,,,,,,,,,,,,,,,,,,,,,,,,,58009,0.0008753243600949645
,,,34,,,,,,,,,,,,,,,,,,,,,,,,,,,,,58019,0.0009873596718534827
,,,34,,,,,,,,,,,,,,,,,,,,,,,,,,,,,58029,0.0007286012987606227
,,,34,,,,,,,,,,,,,,,,,,,,,,,,,,,,,58039,0.0007531815208494663
,,,34,,,,,,,,,,,,,,,,,,,,,,,,,,,,,58049,0.0006721843965351582
,,,34,,,,,,,,,,,,,,,,,,,,,,,,,,,,,58059,0.0020974534563720226
,,,34,,,,,,,,,,,,,,,,,,,,,,,,,,,,,58069,0.000704734877217561
,,,34,,,,,,,,,,,,,,,,,,,,,,,,,,,,,58079,0.014411908574402332
,,,34,,,,,,,,,,,,,,,,,,,,,,,,,,,,,58089,0.5920369625091553
,,,34,,,,,,,,,,,,,,,,,,,,,,,,,,,,,58099,0.0015662231016904116
,,,34,,,,,,,,,,,,,,,,,,,,,,,,,,,,,58109,0.0005429366137832403
,,,34,,,,,,,,,,,,,,,,,,,,,,,,,,,,,58119,0.0051573594100773335
,,,34,,,,,,,,,,,,,,,,,,,,,,,,,,,,,58129,0.001049501239322126
,,,34,,,,,,,,,,,,,,,,,,,,,,,,,,,,,58139,0.00101231480948627
,,,34,,,,,,,,,,,,,,,,,,,,,,,,,,,,,58149,0.0007288707420229912
,,,34,,,,,,,,,,,,,,,,,,,,,,,,,,,,,58159,0.0005150698125362396
,,,34,,,,,,,,,,,,,,,,,,,,,,,,,,,,,58169,0.000757465255446732
0.8663507103919983,0.8494423627853394,0.8839458227157593,34,,,,,,,,,,,,,,,,,,,,,,,,,,,,,58169,
,,,,1.4220022657764295e-07,7.966120322265632e-07,1.225556972656251e-06,1.225556972656251e-06,1.8854722656250013e-06,1.8854722656250013e-06,2.900726562500002e-06,2.900726562500002e-06,4.4626562500000025e-06,4.4626562500000025e-06,6.865625000000004e-06,1.4220022657764295e-07,6.865625000000004e-06,1.0562500000000006e-05,1.0562500000000006e-05,1.625000000000001e-05,1.625000000000001e-05,2.500000000000001e-05,2.500000000000001e-05,2.500000000000001e-05,2.500000000000001e-05,2.187695793502199e-07,2.187695793502199e-07,3.3656858361572296e-07,3.3656858361572296e-07,5.17797820947266e-07,5.17797820947266e-07,7.966120322265632e-07,58170,
,,,35,,,,,,,,,,,,,,,,,,,,,,,,,,,,,58179,0.0009691725135780871
,,,35,,,,,,,,,,,,,,,,,,,,,,,,,,,,,58189,0.0020004205871373415
,,,35,,,,,,,,,,,,,,,,,,,,,,,,,,,,,58199,0.001681962632574141
,,,35,,,,,,,,,,,,,,,,,,,,,,,,,,,,,58209,0.0014793528243899345
,,,35,,,,,,,,,,,,,,,,,,,,,,,,,,,,,58219,0.0009476726409047842
,,,35,,,,,,,,,,,,,,,,,,,,,,,,,,,,,58229,0.0024474274832755327
,,,35,,,,,,,,,,,,,,,,,,,,,,,,,,,,,58239,0.03165910020470619
,,,35,,,,,,,,,,,,,,,,,,,,,,,,,,,,,58249,0.00525280088186264
,,,35,,,,,,,,,,,,,,,,,,,,,,,,,,,,,58259,0.007027469575405121
,,,35,,,,,,,,,,,,,,,,,,,,,,,,,,,,,58269,0.0007863345672376454
,,,35,,,,,,,,,,,,,,,,,,,,,,,,,,,,,58279,0.2542356550693512
,,,35,,,,,,,,,,,,,,,,,,,,,,,,,,,,,58289,0.002792057814076543
,,,35,,,,,,,,,,,,,,,,,,,,,,,,,,,,,58299,0.0006017578998580575
,,,35,,,,,,,,,,,,,,,,,,,,,,,,,,,,,58309,0.0009676181944087148
,,,35,,,,,,,,,,,,,,,,,,,,,,,,,,,,,58319,0.09950073063373566
,,,35,,,,,,,,,,,,,,,,,,,,,,,,,,,,,58329,0.0007853907300159335
,,,35,,,,,,,,,,,,,,,,,,,,,,,,,,,,,58339,0.0009317546500824392
,,,35,,,,,,,,,,,,,,,,,,,,,,,,,,,,,58349,0.0030716904439032078
,,,35,,,,,,,,,,,,,,,,,,,,,,,,,,,,,58359,0.0012632416328415275
,,,35,,,,,,,,,,,,,,,,,,,,,,,,,,,,,58369,0.0009090661187656224
,,,35,,,,,,,,,,,,,,,,,,,,,,,,,,,,,58379,0.034166112542152405
,,,35,,,,,,,,,,,,,,,,,,,,,,,,,,,,,58389,0.036340903490781784
,,,35,,,,,,,,,,,,,,,,,,,,,,,,,,,,,58399,0.005119186360388994
,,,35,,,,,,,,,,,,,,,,,,,,,,,,,,,,,58409,0.0010084627429023385
,,,35,,,,,,,,,,,,,,,,,,,,,,,,,,,,,58419,0.001513080671429634
,,,35,,,,,,,,,,,,,,,,,,,,,,,,,,,,,58429,0.002227580174803734
,,,35,,,,,,,,,,,,,,,,,,,,,,,,,,,,,58439,0.0010690827621147037
,,,35,,,,,,,,,,,,,,,,,,,,,,,,,,,,,58449,0.0009136367589235306
,,,35,,,,,,,,,,,,,,,,,,,,,,,,,,,,,58459,0.0012722837273031473
,,,35,,,,,,,,,,,,,,,,,,,,,,,,,,,,,58469,0.0084376884624362
,,,35,,,,,,,,,,,,,,,,,,,,,,,,,,,,,58479,0.0035965386778116226
,,,35,,,,,,,,,,,,,,,,,,,,,,,,,,,,,58489,0.0011371183209121227
,,,35,,,,,,,,,,,,,,,,,,,,,,,,,,,,,58499,0.005650735925883055
,,,35,,,,,,,,,,,,,,,,,,,,,,,,,,,,,58509,0.001660921610891819
,,,35,,,,,,,,,,,,,,,,,,,,,,,,,,,,,58519,0.002092591719701886
,,,35,,,,,,,,,,,,,,,,,,,,,,,,,,,,,58529,0.0005672856350429356
,,,35,,,,,,,,,,,,,,,,,,,,,,,,,,,,,58539,0.0029250169172883034
,,,35,,,,,,,,,,,,,,,,,,,,,,,,,,,,,58549,0.0024507464841008186
,,,35,,,,,,,,,,,,,,,,,,,,,,,,,,,,,58559,0.00968562439084053
,,,35,,,,,,,,,,,,,,,,,,,,,,,,,,,,,58569,0.001277841511182487
,,,35,,,,,,,,,,,,,,,,,,,,,,,,,,,,,58579,0.004019028507173061
,,,35,,,,,,,,,,,,,,,,,,,,,,,,,,,,,58589,0.001103969756513834
,,,35,,,,,,,,,,,,,,,,,,,,,,,,,,,,,58599,0.004122171085327864
,,,35,,,,,,,,,,,,,,,,,,,,,,,,,,,,,58609,0.0013300679856911302
,,,35,,,,,,,,,,,,,,,,,,,,,,,,,,,,,58619,0.0021650332491844893
,,,35,,,,,,,,,,,,,,,,,,,,,,,,,,,,,58629,0.0018225591629743576
,,,35,,,,,,,,,,,,,,,,,,,,,,,,,,,,,58639,0.00119221699424088
,,,35,,,,,,,,,,,,,,,,,,,,,,,,,,,,,58649,0.001874441048130393
,,,35,,,,,,,,,,,,,,,,,,,,,,,,,,,,,58659,0.005692451260983944
,,,35,,,,,,,,,,,,,,,,,,,,,,,,,,,,,58669,0.004400397185236216
,,,35,,,,,,,,,,,,,,,,,,,,,,,,,,,,,58679,0.0010846486547961831
,,,35,,,,,,,,,,,,,,,,,,,,,,,,,,,,,58689,0.003102697432041168
,,,35,,,,,,,,,,,,,,,,,,,,,,,,,,,,,58699,0.0024706784170120955
,,,35,,,,,,,,,,,,,,,,,,,,,,,,,,,,,58709,0.0003980918263550848
,,,35,,,,,,,,,,,,,,,,,,,,,,,,,,,,,58719,0.001450963201932609
,,,35,,,,,,,,,,,,,,,,,,,,,,,,,,,,,58729,0.022852305322885513
,,,35,,,,,,,,,,,,,,,,,,,,,,,,,,,,,58739,0.0015495333354920149
,,,35,,,,,,,,,,,,,,,,,,,,,,,,,,,,,58749,0.5851438045501709
,,,35,,,,,,,,,,,,,,,,,,,,,,,,,,,,,58759,0.0008319150656461716
,,,35,,,,,,,,,,,,,,,,,,,,,,,,,,,,,58769,0.0022929790429770947
,,,35,,,,,,,,,,,,,,,,,,,,,,,,,,,,,58779,0.04295055940747261
,,,35,,,,,,,,,,,,,,,,,,,,,,,,,,,,,58789,0.001591390697285533
,,,35,,,,,,,,,,,,,,,,,,,,,,,,,,,,,58799,0.0011845885310322046
,,,35,,,,,,,,,,,,,,,,,,,,,,,,,,,,,58809,0.0019594680052250624
,,,35,,,,,,,,,,,,,,,,,,,,,,,,,,,,,58819,0.0033449220936745405
,,,35,,,,,,,,,,,,,,,,,,,,,,,,,,,,,58829,0.003308985149487853
,,,35,,,,,,,,,,,,,,,,,,,,,,,,,,,,,58839,0.0013600564561784267
,,,35,,,,,,,,,,,,,,,,,,,,,,,,,,,,,58849,0.127802312374115
,,,35,,,,,,,,,,,,,,,,,,,,,,,,,,,,,58859,0.0026179314590990543
,,,35,,,,,,,,,,,,,,,,,,,,,,,,,,,,,58869,0.004277472384274006
,,,35,,,,,,,,,,,,,,,,,,,,,,,,,,,,,58879,0.013880506157875061
,,,35,,,,,,,,,,,,,,,,,,,,,,,,,,,,,58889,0.000706625753082335
,,,35,,,,,,,,,,,,,,,,,,,,,,,,,,,,,58899,0.00584182096645236
,,,35,,,,,,,,,,,,,,,,,,,,,,,,,,,,,58909,0.019266748800873756
,,,35,,,,,,,,,,,,,,,,,,,,,,,,,,,,,58919,0.0017115619266405702
,,,35,,,,,,,,,,,,,,,,,,,,,,,,,,,,,58929,0.0003143057692795992
,,,35,,,,,,,,,,,,,,,,,,,,,,,,,,,,,58939,0.0012639571214094758
,,,35,,,,,,,,,,,,,,,,,,,,,,,,,,,,,58949,0.003004607046023011
,,,35,,,,,,,,,,,,,,,,,,,,,,,,,,,,,58959,0.022377142682671547
,,,35,,,,,,,,,,,,,,,,,,,,,,,,,,,,,58969,0.0008718871977180243
,,,35,,,,,,,,,,,,,,,,,,,,,,,,,,,,,58979,0.01513956394046545
,,,35,,,,,,,,,,,,,,,,,,,,,,,,,,,,,58989,0.0017196902772411704
,,,35,,,,,,,,,,,,,,,,,,,,,,,,,,,,,58999,0.002914152108132839
,,,35,,,,,,,,,,,,,,,,,,,,,,,,,,,,,59009,0.0010309909703209996
,,,35,,,,,,,,,,,,,,,,,,,,,,,,,,,,,59019,0.002094985218718648
,,,35,,,,,,,,,,,,,,,,,,,,,,,,,,,,,59029,0.0013057696633040905
,,,35,,,,,,,,,,,,,,,,,,,,,,,,,,,,,59039,0.3045676648616791
,,,35,,,,,,,,,,,,,,,,,,,,,,,,,,,,,59049,0.0018228257540613413
,,,35,,,,,,,,,,,,,,,,,,,,,,,,,,,,,59059,0.009139575995504856
,,,35,,,,,,,,,,,,,,,,,,,,,,,,,,,,,59069,0.0005869627930223942
,,,35,,,,,,,,,,,,,,,,,,,,,,,,,,,,,59079,0.0009609992848709226
,,,35,,,,,,,,,,,,,,,,,,,,,,,,,,,,,59089,0.0008677070727571845
,,,35,,,,,,,,,,,,,,,,,,,,,,,,,,,,,59099,0.0019043833017349243
,,,35,,,,,,,,,,,,,,,,,,,,,,,,,,,,,59109,0.0010366332717239857
,,,35,,,,,,,,,,,,,,,,,,,,,,,,,,,,,59119,0.0011340014170855284
,,,35,,,,,,,,,,,,,,,,,,,,,,,,,,,,,59129,0.0020485087297856808
,,,35,,,,,,,,,,,,,,,,,,,,,,,,,,,,,59139,0.0018295511836186051
,,,35,,,,,,,,,,,,,,,,,,,,,,,,,,,,,59149,0.0023853459861129522
,,,35,,,,,,,,,,,,,,,,,,,,,,,,,,,,,59159,0.0004598713421728462
,,,35,,,,,,,,,,,,,,,,,,,,,,,,,,,,,59169,0.0010745454346761107
,,,35,,,,,,,,,,,,,,,,,,,,,,,,,,,,,59179,0.0025523286312818527
,,,35,,,,,,,,,,,,,,,,,,,,,,,,,,,,,59189,0.0012680370127782226
,,,35,,,,,,,,,,,,,,,,,,,,,,,,,,,,,59199,0.0019202262628823519
,,,35,,,,,,,,,,,,,,,,,,,,,,,,,,,,,59209,0.0011032680049538612
,,,35,,,,,,,,,,,,,,,,,,,,,,,,,,,,,59219,0.002062214072793722
,,,35,,,,,,,,,,,,,,,,,,,,,,,,,,,,,59229,0.0016907096141949296
,,,35,,,,,,,,,,,,,,,,,,,,,,,,,,,,,59239,0.0005302425706759095
,,,35,,,,,,,,,,,,,,,,,,,,,,,,,,,,,59249,0.0012736592907458544
,,,35,,,,,,,,,,,,,,,,,,,,,,,,,,,,,59259,0.003226314904168248
,,,35,,,,,,,,,,,,,,,,,,,,,,,,,,,,,59269,0.015079903416335583
,,,35,,,,,,,,,,,,,,,,,,,,,,,,,,,,,59279,0.0009898529388010502
,,,35,,,,,,,,,,,,,,,,,,,,,,,,,,,,,59289,0.0021658698096871376
,,,35,,,,,,,,,,,,,,,,,,,,,,,,,,,,,59299,0.007124573457986116
,,,35,,,,,,,,,,,,,,,,,,,,,,,,,,,,,59309,0.01446859072893858
,,,35,,,,,,,,,,,,,,,,,,,,,,,,,,,,,59319,0.002174204681068659
,,,35,,,,,,,,,,,,,,,,,,,,,,,,,,,,,59329,0.0027540093287825584
,,,35,,,,,,,,,,,,,,,,,,,,,,,,,,,,,59339,0.0006219662027433515
,,,35,,,,,,,,,,,,,,,,,,,,,,,,,,,,,59349,0.0012578410096466541
,,,35,,,,,,,,,,,,,,,,,,,,,,,,,,,,,59359,0.03324663266539574
,,,35,,,,,,,,,,,,,,,,,,,,,,,,,,,,,59369,0.0005763800581917167
,,,35,,,,,,,,,,,,,,,,,,,,,,,,,,,,,59379,0.0021048833150416613
,,,35,,,,,,,,,,,,,,,,,,,,,,,,,,,,,59389,0.0015208335826173425
,,,35,,,,,,,,,,,,,,,,,,,,,,,,,,,,,59399,0.0014965954469516873
,,,35,,,,,,,,,,,,,,,,,,,,,,,,,,,,,59409,0.015571440570056438
,,,35,,,,,,,,,,,,,,,,,,,,,,,,,,,,,59419,0.0013332875678315759
,,,35,,,,,,,,,,,,,,,,,,,,,,,,,,,,,59429,0.004660109989345074
,,,35,,,,,,,,,,,,,,,,,,,,,,,,,,,,,59439,0.0030265951063483953
,,,35,,,,,,,,,,,,,,,,,,,,,,,,,,,,,59449,0.001775462762452662
,,,35,,,,,,,,,,,,,,,,,,,,,,,,,,,,,59459,0.0015306335408240557
,,,35,,,,,,,,,,,,,,,,,,,,,,,,,,,,,59469,0.0013953896705061197
,,,35,,,,,,,,,,,,,,,,,,,,,,,,,,,,,59479,0.0006641994696110487
,,,35,,,,,,,,,,,,,,,,,,,,,,,,,,,,,59489,0.001080552232451737
,,,35,,,,,,,,,,,,,,,,,,,,,,,,,,,,,59499,0.0016381579916924238
,,,35,,,,,,,,,,,,,,,,,,,,,,,,,,,,,59509,0.0013643387937918305
,,,35,,,,,,,,,,,,,,,,,,,,,,,,,,,,,59519,0.0006822305731475353
,,,35,,,,,,,,,,,,,,,,,,,,,,,,,,,,,59529,0.03376562148332596
,,,35,,,,,,,,,,,,,,,,,,,,,,,,,,,,,59539,0.002159601543098688
,,,35,,,,,,,,,,,,,,,,,,,,,,,,,,,,,59549,0.04766317084431648
,,,35,,,,,,,,,,,,,,,,,,,,,,,,,,,,,59559,0.0011220714077353477
,,,35,,,,,,,,,,,,,,,,,,,,,,,,,,,,,59569,0.0007661623531021178
,,,35,,,,,,,,,,,,,,,,,,,,,,,,,,,,,59579,0.029204802587628365
,,,35,,,,,,,,,,,,,,,,,,,,,,,,,,,,,59589,0.0022681313566863537
,,,35,,,,,,,,,,,,,,,,,,,,,,,,,,,,,59599,0.001174159231595695
,,,35,,,,,,,,,,,,,,,,,,,,,,,,,,,,,59609,0.0008352844743058085
,,,35,,,,,,,,,,,,,,,,,,,,,,,,,,,,,59619,0.001547630992718041
,,,35,,,,,,,,,,,,,,,,,,,,,,,,,,,,,59629,0.0013921931385993958
,,,35,,,,,,,,,,,,,,,,,,,,,,,,,,,,,59639,0.003403995418921113
,,,35,,,,,,,,,,,,,,,,,,,,,,,,,,,,,59649,0.0007137776701711118
,,,35,,,,,,,,,,,,,,,,,,,,,,,,,,,,,59659,0.0017149602063000202
,,,35,,,,,,,,,,,,,,,,,,,,,,,,,,,,,59669,0.0008036959916353226
,,,35,,,,,,,,,,,,,,,,,,,,,,,,,,,,,59679,0.001163202221505344
,,,35,,,,,,,,,,,,,,,,,,,,,,,,,,,,,59689,0.0002910461334977299
,,,35,,,,,,,,,,,,,,,,,,,,,,,,,,,,,59699,0.002306878101080656
,,,35,,,,,,,,,,,,,,,,,,,,,,,,,,,,,59709,0.016436569392681122
,,,35,,,,,,,,,,,,,,,,,,,,,,,,,,,,,59719,0.0014951694756746292
,,,35,,,,,,,,,,,,,,,,,,,,,,,,,,,,,59729,0.034289464354515076
,,,35,,,,,,,,,,,,,,,,,,,,,,,,,,,,,59739,0.021747678518295288
,,,35,,,,,,,,,,,,,,,,,,,,,,,,,,,,,59749,0.001090575591661036
,,,35,,,,,,,,,,,,,,,,,,,,,,,,,,,,,59759,0.008979124017059803
,,,35,,,,,,,,,,,,,,,,,,,,,,,,,,,,,59769,0.08805854618549347
,,,35,,,,,,,,,,,,,,,,,,,,,,,,,,,,,59779,0.8238018751144409
,,,35,,,,,,,,,,,,,,,,,,,,,,,,,,,,,59789,0.0009868389461189508
,,,35,,,,,,,,,,,,,,,,,,,,,,,,,,,,,59799,0.000888961658347398
,,,35,,,,,,,,,,,,,,,,,,,,,,,,,,,,,59809,0.0007209401810541749
,,,35,,,,,,,,,,,,,,,,,,,,,,,,,,,,,59819,0.0014600098365917802
,,,35,,,,,,,,,,,,,,,,,,,,,,,,,,,,,59829,0.001076697139069438
,,,,1.2536573800698544e-07,7.023044739721183e-07,1.0804684214955663e-06,1.0804684214955663e-06,1.6622591099931791e-06,1.6622591099931791e-06,2.557321707681814e-06,2.557321707681814e-06,3.934341088741252e-06,3.934341088741252e-06,6.05283244421731e-06,1.2536573800698544e-07,6.05283244421731e-06,9.312049914180477e-06,9.312049914180477e-06,1.4326230637200735e-05,1.4326230637200735e-05,2.2040354826462668e-05,2.2040354826462668e-05,2.2040354826462668e-05,2.2040354826462668e-05,1.9287036616459296e-07,1.9287036616459296e-07,2.9672364025321997e-07,2.9672364025321997e-07,4.564979080818769e-07,4.564979080818769e-07,7.023044739721183e-07,59832,
,,,36,,,,,,,,,,,,,,,,,,,,,,,,,,,,,59839,0.0008930396288633347
,,,36,,,,,,,,,,,,,,,,,,,,,,,,,,,,,59849,0.000982986530289054
,,,36,,,,,,,,,,,,,,,,,,,,,,,,,,,,,59859,0.4229322373867035
,,,36,,,,,,,,,,,,,,,,,,,,,,,,,,,,,59869,0.00202349410392344
,,,36,,,,,,,,,,,,,,,,,,,,,,,,,,,,,59879,0.0008519049151800573
,,,36,,,,,,,,,,,,,,,,,,,,,,,,,,,,,59889,0.0012851088540628552
,,,36,,,,,,,,,,,,,,,,,,,,,,,,,,,,,59899,0.0013860973995178938
,,,36,,,,,,,,,,,,,,,,,,,,,,,,,,,,,59909,0.4069032371044159
,,,36,,,,,,,,,,,,,,,,,,,,,,,,,,,,,59919,0.0014883418334648013
,,,36,,,,,,,,,,,,,,,,,,,,,,,,,,,,,59929,0.001958320150151849
,,,36,,,,,,,,,,,,,,,,,,,,,,,,,,,,,59939,0.010614268481731415
,,,36,,,,,,,,,,,,,,,,,,,,,,,,,,,,,59949,0.003285725601017475
,,,36,,,,,,,,,,,,,,,,,,,,,,,,,,,,,59959,0.0017179498681798577
,,,36,,,,,,,,,,,,,,,,,,,,,,,,,,,,,59969,0.0009142517228610814
,,,36,,,,,,,,,,,,,,,,,,,,,,,,,,,,,59979,0.023965148255228996
,,,36,,,,,,,,,,,,,,,,,,,,,,,,,,,,,59989,0.001328494749031961
,,,36,,,,,,,,,,,,,,,,,,,,,,,,,,,,,59999,0.1051696240901947
,,,36,,,,,,,,,,,,,,,,,,,,,,,,,,,,,60009,0.0021662148647010326
,,,36,,,,,,,,,,,,,,,,,,,,,,,,,,,,,60019,0.006141476798802614
,,,36,,,,,,,,,,,,,,,,,,,,,,,,,,,,,60029,0.005666525103151798
,,,36,,,,,,,,,,,,,,,,,,,,,,,,,,,,,60039,0.010072003118693829
,,,36,,,,,,,,,,,,,,,,,,,,,,,,,,,,,60049,0.001938224770128727
,,,36,,,,,,,,,,,,,,,,,,,,,,,,,,,,,60059,0.0008993941592052579
,,,36,,,,,,,,,,,,,,,,,,,,,,,,,,,,,60069,0.0013505993410944939
,,,36,,,,,,,,,,,,,,,,,,,,,,,,,,,,,60079,0.0005924237775616348
,,,36,,,,,,,,,,,,,,,,,,,,,,,,,,,,,60089,0.0064961775206029415
,,,36,,,,,,,,,,,,,,,,,,,,,,,,,,,,,60099,0.00149313744623214
,,,36,,,,,,,,,,,,,,,,,,,,,,,,,,,,,60109,0.0013379525626078248
,,,36,,,,,,,,,,,,,,,,,,,,,,,,,,,,,60119,0.0004885718808509409
,,,36,,,,,,,,,,,,,,,,,,,,,,,,,,,,,60129,0.002528237644582987
,,,36,,,,,,,,,,,,,,,,,,,,,,,,,,,,,60139,0.0023834502790123224
,,,36,,,,,,,,,,,,,,,,,,,,,,,,,,,,,60149,0.0008985967142507434
,,,36,,,,,,,,,,,,,,,,,,,,,,,,,,,,,60159,0.015443325974047184
,,,36,,,,,,,,,,,,,,,,,,,,,,,,,,,,,60169,0.5651683807373047
,,,36,,,,,,,,,,,,,,,,,,,,,,,,,,,,,60179,0.0011584700550884008
,,,36,,,,,,,,,,,,,,,,,,,,,,,,,,,,,60189,0.007612730376422405
,,,36,,,,,,,,,,,,,,,,,,,,,,,,,,,,,60199,0.0016547439154237509
,,,36,,,,,,,,,,,,,,,,,,,,,,,,,,,,,60209,0.0011186555493623018
,,,36,,,,,,,,,,,,,,,,,,,,,,,,,,,,,60219,0.001205476582981646
,,,36,,,,,,,,,,,,,,,,,,,,,,,,,,,,,60229,0.002033689757809043
,,,36,,,,,,,,,,,,,,,,,,,,,,,,,,,,,60239,0.001063440809957683
,,,36,,,,,,,,,,,,,,,,,,,,,,,,,,,,,60249,0.002537474036216736
,,,36,,,,,,,,,,,,,,,,,,,,,,,,,,,,,60259,0.00053541170200333
,,,36,,,,,,,,,,,,,,,,,,,,,,,,,,,,,60269,0.0011197472922503948
,,,36,,,,,,,,,,,,,,,,,,,,,,,,,,,,,60279,0.0012295300839468837
,,,36,,,,,,,,,,,,,,,,,,,,,,,,,,,,,60289,0.0009110934333875775
,,,36,,,,,,,,,,,,,,,,,,,,,,,,,,,,,60299,0.0009666074765846133
,,,36,,,,,,,,,,,,,,,,,,,,,,,,,,,,,60309,0.002984293270856142
,,,36,,,,,,,,,,,,,,,,,,,,,,,,,,,,,60319,0.0038523045368492603
,,,36,,,,,,,,,,,,,,,,,,,,,,,,,,,,,60329,0.0010793262626975775
,,,36,,,,,,,,,,,,,,,,,,,,,,,,,,,,,60339,0.0013210817705839872
,,,36,,,,,,,,,,,,,,,,,,,,,,,,,,,,,60349,0.0013058888725936413
,,,36,,,,,,,,,,,,,,,,,,,,,,,,,,,,,60359,0.0006976479198783636
,,,36,,,,,,,,,,,,,,,,,,,,,,,,,,,,,60369,0.4556223154067993
,,,36,,,,,,,,,,,,,,,,,,,,,,,,,,,,,60379,0.0018033261876553297
,,,36,,,,,,,,,,,,,,,,,,,,,,,,,,,,,60389,0.009480846114456654
,,,36,,,,,,,,,,,,,,,,,,,,,,,,,,,,,60399,0.0014187941560521722
,,,36,,,,,,,,,,,,,,,,,,,,,,,,,,,,,60409,0.0007320811273530126
,,,36,,,,,,,,,,,,,,,,,,,,,,,,,,,,,60419,0.0009919607546180487
,,,36,,,,,,,,,,,,,,,,,,,,,,,,,,,,,60429,0.001913179992698133
,,,36,,,,,,,,,,,,,,,,,,,,,,,,,,,,,60439,0.0007676160312257707
,,,36,,,,,,,,,,,,,,,,,,,,,,,,,,,,,60449,0.002159551717340946
,,,36,,,,,,,,,,,,,,,,,,,,,,,,,,,,,60459,0.0013540233485400677
,,,36,,,,,,,,,,,,,,,,,,,,,,,,,,,,,60469,0.000508927449118346
,,,36,,,,,,,,,,,,,,,,,,,,,,,,,,,,,60479,0.0013805909547954798
,,,36,,,,,,,,,,,,,,,,,,,,,,,,,,,,,60489,0.001818756922148168
,,,36,,,,,,,,,,,,,,,,,,,,,,,,,,,,,60499,0.0007276327814906836
,,,36,,,,,,,,,,,,,,,,,,,,,,,,,,,,,60509,0.0005708721582777798
,,,36,,,,,,,,,,,,,,,,,,,,,,,,,,,,,60519,0.001910798018798232
,,,36,,,,,,,,,,,,,,,,,,,,,,,,,,,,,60529,0.0010475305607542396
,,,36,,,,,,,,,,,,,,,,,,,,,,,,,,,,,60539,0.0005674230051226914
,,,36,,,,,,,,,,,,,,,,,,,,,,,,,,,,,60549,0.0015032257651910186
,,,36,,,,,,,,,,,,,,,,,,,,,,,,,,,,,60559,0.0019726832397282124
,,,36,,,,,,,,,,,,,,,,,,,,,,,,,,,,,60569,0.007718241773545742
,,,36,,,,,,,,,,,,,,,,,,,,,,,,,,,,,60579,0.001206176239065826
,,,36,,,,,,,,,,,,,,,,,,,,,,,,,,,,,60589,0.004527485929429531
,,,36,,,,,,,,,,,,,,,,,,,,,,,,,,,,,60599,0.0008427932625636458
,,,36,,,,,,,,,,,,,,,,,,,,,,,,,,,,,60609,0.06373687833547592
,,,36,,,,,,,,,,,,,,,,,,,,,,,,,,,,,60619,0.0018295036861672997
,,,36,,,,,,,,,,,,,,,,,,,,,,,,,,,,,60629,0.002721098018810153
,,,36,,,,,,,,,,,,,,,,,,,,,,,,,,,,,60639,0.007628999650478363
,,,36,,,,,,,,,,,,,,,,,,,,,,,,,,,,,60649,0.001332044368609786
,,,36,,,,,,,,,,,,,,,,,,,,,,,,,,,,,60659,0.0028579675126820803
,,,36,,,,,,,,,,,,,,,,,,,,,,,,,,,,,60669,0.0018436426762491465
,,,36,,,,,,,,,,,,,,,,,,,,,,,,,,,,,60679,0.0008108041947707534
,,,36,,,,,,,,,,,,,,,,,,,,,,,,,,,,,60689,0.0018156032310798764
,,,36,,,,,,,,,,,,,,,,,,,,,,,,,,,,,60699,0.0010845527285709977
,,,36,,,,,,,,,,,,,,,,,,,,,,,,,,,,,60709,0.005400080233812332
,,,36,,,,,,,,,,,,,,,,,,,,,,,,,,,,,60719,0.29305243492126465
,,,36,,,,,,,,,,,,,,,,,,,,,,,,,,,,,60729,0.0012161198537796736
,,,36,,,,,,,,,,,,,,,,,,,,,,,,,,,,,60739,0.00015009293565526605
,,,36,,,,,,,,,,,,,,,,,,,,,,,,,,,,,60749,0.011752870865166187
,,,36,,,,,,,,,,,,,,,,,,,,,,,,,,,,,60759,0.0010827180230990052
,,,36,,,,,,,,,,,,,,,,,,,,,,,,,,,,,60769,0.0018316387431696057
,,,36,,,,,,,,,,,,,,,,,,,,,,,,,,,,,60779,0.0003914701228495687
,,,36,,,,,,,,,,,,,,,,,,,,,,,,,,,,,60789,0.0010204039281234145
,,,36,,,,,,,,,,,,,,,,,,,,,,,,,,,,,60799,0.0021165949292480946
,,,36,,,,,,,,,,,,,,,,,,,,,,,,,,,,,60809,0.0019829445518553257
,,,36,,,,,,,,,,,,,,,,,,,,,,,,,,,,,60819,0.06619513779878616
,,,36,,,,,,,,,,,,,,,,,,,,,,,,,,,,,60829,0.002325806999579072
,,,36,,,,,,,,,,,,,,,,,,,,,,,,,,,,,60839,0.00133599154651165
,,,36,,,,,,,,,,,,,,,,,,,,,,,,,,,,,60849,0.002982172416523099
,,,36,,,,,,,,,,,,,,,,,,,,,,,,,,,,,60859,0.001683160662651062
,,,36,,,,,,,,,,,,,,,,,,,,,,,,,,,,,60869,0.002770116087049246
,,,36,,,,,,,,,,,,,,,,,,,,,,,,,,,,,60879,0.20435868203639984
,,,36,,,,,,,,,,,,,,,,,,,,,,,,,,,,,60889,0.014614510349929333
,,,36,,,,,,,,,,,,,,,,,,,,,,,,,,,,,60899,0.0013853807467967272
,,,36,,,,,,,,,,,,,,,,,,,,,,,,,,,,,60909,0.0013219018001109362
,,,36,,,,,,,,,,,,,,,,,,,,,,,,,,,,,60919,0.00178602896630764
,,,36,,,,,,,,,,,,,,,,,,,,,,,,,,,,,60929,0.002743422519415617
,,,36,,,,,,,,,,,,,,,,,,,,,,,,,,,,,60939,0.0010279647540301085
,,,36,,,,,,,,,,,,,,,,,,,,,,,,,,,,,60949,0.0013985267141833901
,,,36,,,,,,,,,,,,,,,,,,,,,,,,,,,,,60959,0.0015923564787954092
,,,36,,,,,,,,,,,,,,,,,,,,,,,,,,,,,60969,0.001830745255574584
,,,36,,,,,,,,,,,,,,,,,,,,,,,,,,,,,60979,0.002149345586076379
,,,36,,,,,,,,,,,,,,,,,,,,,,,,,,,,,60989,0.33412691950798035
,,,36,,,,,,,,,,,,,,,,,,,,,,,,,,,,,60999,0.0006859570858068764
,,,36,,,,,,,,,,,,,,,,,,,,,,,,,,,,,61009,0.006237395107746124
,,,36,,,,,,,,,,,,,,,,,,,,,,,,,,,,,61019,0.4976649880409241
,,,36,,,,,,,,,,,,,,,,,,,,,,,,,,,,,61029,0.0009146652882918715
,,,36,,,,,,,,,,,,,,,,,,,,,,,,,,,,,61039,0.005108941812068224
,,,36,,,,,,,,,,,,,,,,,,,,,,,,,,,,,61049,0.05806419253349304
,,,36,,,,,,,,,,,,,,,,,,,,,,,,,,,,,61059,0.0020951004698872566
,,,36,,,,,,,,,,,,,,,,,,,,,,,,,,,,,61069,0.0013775968691334128
,,,36,,,,,,,,,,,,,,,,,,,,,,,,,,,,,61079,0.0016721123829483986
,,,36,,,,,,,,,,,,,,,,,,,,,,,,,,,,,61089,0.001745330635458231
,,,36,,,,,,,,,,,,,,,,,,,,,,,,,,,,,61099,0.0015357922529801726
,,,36,,,,,,,,,,,,,,,,,,,,,,,,,,,,,61109,0.0018536243587732315
,,,36,,,,,,,,,,,,,,,,,,,,,,,,,,,,,61119,0.0020695554558187723
,,,36,,,,,,,,,,,,,,,,,,,,,,,,,,,,,61129,0.0010240068659186363
,,,36,,,,,,,,,,,,,,,,,,,,,,,,,,,,,61139,0.0020514223724603653
,,,36,,,,,,,,,,,,,,,,,,,,,,,,,,,,,61149,0.0018733205506578088
,,,36,,,,,,,,,,,,,,,,,,,,,,,,,,,,,61159,0.0024708497803658247
,,,36,,,,,,,,,,,,,,,,,,,,,,,,,,,,,61169,0.0016889224061742425
,,,36,,,,,,,,,,,,,,,,,,,,,,,,,,,,,61179,0.0008252768311649561
,,,36,,,,,,,,,,,,,,,,,,,,,,,,,,,,,61189,0.0018627526005730033
,,,36,,,,,,,,,,,,,,,,,,,,,,,,,,,,,61199,0.0012298345100134611
,,,36,,,,,,,,,,,,,,,,,,,,,,,,,,,,,61209,0.0012918837601318955
,,,36,,,,,,,,,,,,,,,,,,,,,,,,,,,,,61219,0.0006082681356929243
,,,36,,,,,,,,,,,,,,,,,,,,,,,,,,,,,61229,0.0014602026203647256
,,,36,,,,,,,,,,,,,,,,,,,,,,,,,,,,,61239,0.0004095733747817576
,,,36,,,,,,,,,,,,,,,,,,,,,,,,,,,,,61249,0.0013414343120530248
,,,36,,,,,,,,,,,,,,,,,,,,,,,,,,,,,61259,0.0011547572212293744
,,,36,,,,,,,,,,,,,,,,,,,,,,,,,,,,,61269,0.047650448977947235
,,,36,,,,,,,,,,,,,,,,,,,,,,,,,,,,,61279,0.0008901382680051029
,,,36,,,,,,,,,,,,,,,,,,,,,,,,,,,,,61289,0.00035284628393128514
,,,36,,,,,,,,,,,,,,,,,,,,,,,,,,,,,61299,0.0016158065991476178
,,,36,,,,,,,,,,,,,,,,,,,,,,,,,,,,,61309,0.7269972562789917
,,,36,,,,,,,,,,,,,,,,,,,,,,,,,,,,,61319,0.0015785044524818659
,,,36,,,,,,,,,,,,,,,,,,,,,,,,,,,,,61329,0.0059447335079312325
,,,36,,,,,,,,,,,,,,,,,,,,,,,,,,,,,61339,0.002035279758274555
,,,36,,,,,,,,,,,,,,,,,,,,,,,,,,,,,61349,0.005162087269127369
,,,36,,,,,,,,,,,,,,,,,,,,,,,,,,,,,61359,0.0012499131262302399
,,,36,,,,,,,,,,,,,,,,,,,,,,,,,,,,,61369,0.00925432238727808
,,,36,,,,,,,,,,,,,,,,,,,,,,,,,,,,,61379,0.0007550828158855438
,,,36,,,,,,,,,,,,,,,,,,,,,,,,,,,,,61389,0.0019502717768773437
,,,36,,,,,,,,,,,,,,,,,,,,,,,,,,,,,61399,0.002410676097497344
,,,36,,,,,,,,,,,,,,,,,,,,,,,,,,,,,61409,0.0032266569323837757
,,,36,,,,,,,,,,,,,,,,,,,,,,,,,,,,,61419,0.0013814412523061037
,,,36,,,,,,,,,,,,,,,,,,,,,,,,,,,,,61429,0.00044367462396621704
,,,36,,,,,,,,,,,,,,,,,,,,,,,,,,,,,61439,0.010457438416779041
,,,36,,,,,,,,,,,,,,,,,,,,,,,,,,,,,61449,0.3713499903678894
,,,36,,,,,,,,,,,,,,,,,,,,,,,,,,,,,61459,0.0020266578067094088
,,,36,,,,,,,,,,,,,,,,,,,,,,,,,,,,,61469,0.002505137585103512
,,,36,,,,,,,,,,,,,,,,,,,,,,,,,,,,,61479,0.0018595237052068114
,,,36,,,,,,,,,,,,,,,,,,,,,,,,,,,,,61489,0.0009795312071219087
,,,,1.0930605058241677e-07,6.123373864075726e-07,9.420575175501116e-07,9.420575175501116e-07,1.4493192577694025e-06,1.4493192577694025e-06,2.22972193502985e-06,2.22972193502985e-06,3.430341438507461e-06,3.430341438507461e-06,5.277448366934555e-06,1.0930605058241677e-07,5.277448366934555e-06,8.11915133374547e-06,8.11915133374547e-06,1.2491002051916106e-05,1.2491002051916106e-05,1.9216926233717085e-05,1.9216926233717085e-05,1.9216926233717085e-05,1.9216926233717085e-05,1.681631547421796e-07,1.681631547421796e-07,2.587125457571994e-07,2.587125457571994e-07,3.980193011649222e-07,3.980193011649222e-07,6.123373864075726e-07,61494,
,,,37,,,,,,,,,,,,,,,,,,,,,,,,,,,,,61499,0.0017284693894907832
,,,37,,,,,,,,,,,,,,,,,,,,,,,,,,,,,61509,0.0011464719427749515
,,,37,,,,,,,,,,,,,,,,,,,,,,,,,,,,,61519,0.004349652677774429
,,,37,,,,,,,,,,,,,,,,,,,,,,,,,,,,,61529,0.0017280731117352843
,,,37,,,,,,,,,,,,,,,,,,,,,,,,,,,,,61539,0.06535276025533676
,,,37,,,,,,,,,,,,,,,,,,,,,,,,,,,,,61549,0.03850644454360008
,,,37,,,,,,,,,,,,,,,,,,,,,,,,,,,,,61559,0.0010904944501817226
,,,37,,,,,,,,,,,,,,,,,,,,,,,,,,,,,61569,0.0012344561982899904
,,,37,,,,,,,,,,,,,,,,,,,,,,,,,,,,,61579,0.002192920772358775
,,,37,,,,,,,,,,,,,,,,,,,,,,,,,,,,,61589,0.0010214799549430609
,,,37,,,,,,,,,,,,,,,,,,,,,,,,,,,,,61599,0.0008976920507848263
,,,37,,,,,,,,,,,,,,,,,,,,,,,,,,,,,61609,0.001522747683338821
,,,37,,,,,,,,,,,,,,,,,,,,,,,,,,,,,61619,0.031350795179605484
,,,37,,,,,,,,,,,,,,,,,,,,,,,,,,,,,61629,0.020694399252533913
,,,37,,,,,,,,,,,,,,,,,,,,,,,,,,,,,61639,0.012541305273771286
,,,37,,,,,,,,,,,,,,,,,,,,,,,,,,,,,61649,0.0024591952096670866
,,,37,,,,,,,,,,,,,,,,,,,,,,,,,,,,,61659,0.0006970461690798402
,,,37,,,,,,,,,,,,,,,,,,,,,,,,,,,,,61669,0.6612005233764648
,,,37,,,,,,,,,,,,,,,,,,,,,,,,,,,,,61679,0.0004286039911676198
,,,37,,,,,,,,,,,,,,,,,,,,,,,,,,,,,61689,0.0007018409669399261
,,,37,,,,,,,,,,,,,,,,,,,,,,,,,,,,,61699,0.0007008168613538146
,,,37,,,,,,,,,,,,,,,,,,,,,,,,,,,,,61709,0.0017804292729124427
,,,37,,,,,,,,,,,,,,,,,,,,,,,,,,,,,61719,0.0008515481022186577
,,,37,,,,,,,,,,,,,,,,,,,,,,,,,,,,,61729,0.004125503823161125
,,,37,,,,,,,,,,,,,,,,,,,,,,,,,,,,,61739,0.001145110814832151
,,,37,,,,,,,,,,,,,,,,,,,,,,,,,,,,,61749,0.0011257013538852334
,,,37,,,,,,,,,,,,,,,,,,,,,,,,,,,,,61759,0.0010825572535395622
,,,37,,,,,,,,,,,,,,,,,,,,,,,,,,,,,61769,0.0019863778725266457
,,,37,,,,,,,,,,,,,,,,,,,,,,,,,,,,,61779,0.0006850244826637208
,,,37,,,,,,,,,,,,,,,,,,,,,,,,,,,,,61789,0.0011532455682754517
,,,37,,,,,,,,,,,,,,,,,,,,,,,,,,,,,61799,0.0009406094904989004
,,,37,,,,,,,,,,,,,,,,,,,,,,,,,,,,,61809,0.0007347112405113876
,,,37,,,,,,,,,,,,,,,,,,,,,,,,,,,,,61819,0.0029562744311988354
,,,37,,,,,,,,,,,,,,,,,,,,,,,,,,,,,61829,0.000965053797699511
,,,37,,,,,,,,,,,,,,,,,,,,,,,,,,,,,61839,0.6425623297691345
,,,37,,,,,,,,,,,,,,,,,,,,,,,,,,,,,61849,0.0012902440503239632
,,,37,,,,,,,,,,,,,,,,,,,,,,,,,,,,,61859,0.0010459161130711436
,,,37,,,,,,,,,,,,,,,,,,,,,,,,,,,,,61869,0.0006454288377426565
,,,37,,,,,,,,,,,,,,,,,,,,,,,,,,,,,61879,0.000941938313189894
,,,37,,,,,,,,,,,,,,,,,,,,,,,,,,,,,61889,0.0006129483808763325
,,,37,,,,,,,,,,,,,,,,,,,,,,,,,,,,,61899,0.0012196501484140754
,,,37,,,,,,,,,,,,,,,,,,,,,,,,,,,,,61909,0.001985205803066492
,,,37,,,,,,,,,,,,,,,,,,,,,,,,,,,,,61919,0.002175677567720413
,,,37,,,,,,,,,,,,,,,,,,,,,,,,,,,,,61929,0.001307682367041707
,,,37,,,,,,,,,,,,,,,,,,,,,,,,,,,,,61939,0.0011030706809833646
,,,37,,,,,,,,,,,,,,,,,,,,,,,,,,,,,61949,0.0024766335263848305
,,,37,,,,,,,,,,,,,,,,,,,,,,,,,,,,,61959,0.32436224818229675
,,,37,,,,,,,,,,,,,,,,,,,,,,,,,,,,,61969,0.0012239383067935705
,,,37,,,,,,,,,,,,,,,,,,,,,,,,,,,,,61979,0.0018832284258678555
,,,37,,,,,,,,,,,,,,,,,,,,,,,,,,,,,61989,0.001815530238673091
,,,37,,,,,,,,,,,,,,,,,,,,,,,,,,,,,61999,0.00527329882606864
,,,37,,,,,,,,,,,,,,,,,,,,,,,,,,,,,62009,0.0009961375035345554
,,,37,,,,,,,,,,,,,,,,,,,,,,,,,,,,,62019,0.0007854763534851372
,,,37,,,,,,,,,,,,,,,,,,,,,,,,,,,,,62029,0.0010195859940722585
,,,37,,,,,,,,,,,,,,,,,,,,,,,,,,,,,62039,0.0008582756854593754
,,,37,,,,,,,,,,,,,,,,,,,,,,,,,,,,,62049,0.0015262067317962646
,,,37,,,,,,,,,,,,,,,,,,,,,,,,,,,,,62059,0.0015708928694948554
,,,37,,,,,,,,,,,,,,,,,,,,,,,,,,,,,62069,0.0005306957173161209
,,,37,,,,,,,,,,,,,,,,,,,,,,,,,,,,,62079,0.0024272187147289515
,,,37,,,,,,,,,,,,,,,,,,,,,,,,,,,,,62089,0.0027038410771638155
,,,37,,,,,,,,,,,,,,,,,,,,,,,,,,,,,62099,0.1840348243713379
,,,37,,,,,,,,,,,,,,,,,,,,,,,,,,,,,62109,0.0022097567562013865
,,,37,,,,,,,,,,,,,,,,,,,,,,,,,,,,,62119,0.0011237129801884294
,,,37,,,,,,,,,,,,,,,,,,,,,,,,,,,,,62129,0.0011956265661865473
,,,37,,,,,,,,,,,,,,,,,,,,,,,,,,,,,62139,0.006008027587085962
,,,37,,,,,,,,,,,,,,,,,,,,,,,,,,,,,62149,0.0037900754250586033
,,,37,,,,,,,,,,,,,,,,,,,,,,,,,,,,,62159,0.0009939443552866578
,,,37,,,,,,,,,,,,,,,,,,,,,,,,,,,,,62169,0.0031504351645708084
,,,37,,,,,,,,,,,,,,,,,,,,,,,,,,,,,62179,0.0018919860012829304
,,,37,,,,,,,,,,,,,,,,,,,,,,,,,,,,,62189,0.002459654351696372
,,,37,,,,,,,,,,,,,,,,,,,,,,,,,,,,,62199,0.0005476863589137793
,,,37,,,,,,,,,,,,,,,,,,,,,,,,,,,,,62209,0.003496771678328514
,,,37,,,,,,,,,,,,,,,,,,,,,,,,,,,,,62219,0.0018552659312263131
,,,37,,,,,,,,,,,,,,,,,,,,,,,,,,,,,62229,0.13942885398864746
,,,37,,,,,,,,,,,,,,,,,,,,,,,,,,,,,62239,0.0018593881977722049
,,,37,,,,,,,,,,,,,,,,,,,,,,,,,,,,,62249,0.0023732788395136595
,,,37,,,,,,,,,,,,,,,,,,,,,,,,,,,,,62259,0.00047398818423971534
,,,37,,,,,,,,,,,,,,,,,,,,,,,,,,,,,62269,0.0021485171746462584
,,,37,,,,,,,,,,,,,,,,,,,,,,,,,,,,,62279,0.0050286902114748955
,,,37,,,,,,,,,,,,,,,,,,,,,,,,,,,,,62289,0.0010077788028866053
,,,37,,,,,,,,,,,,,,,,,,,,,,,,,,,,,62299,0.0011301938211545348
,,,37,,,,,,,,,,,,,,,,,,,,,,,,,,,,,62309,0.0018508569337427616
,,,37,,,,,,,,,,,,,,,,,,,,,,,,,,,,,62319,0.0006454684189520776
,,,37,,,,,,,,,,,,,,,,,,,,,,,,,,,,,62329,0.0024788358714431524
,,,37,,,,,,,,,,,,,,,,,,,,,,,,,,,,,62339,0.010443263687193394
,,,37,,,,,,,,,,,,,,,,,,,,,,,,,,,,,62349,0.6093781590461731
,,,37,,,,,,,,,,,,,,,,,,,,,,,,,,,,,62359,0.002549785654991865
,,,37,,,,,,,,,,,,,,,,,,,,,,,,,,,,,62369,0.00036893351352773607
,,,37,,,,,,,,,,,,,,,,,,,,,,,,,,,,,62379,0.0015715211629867554
,,,37,,,,,,,,,,,,,,,,,,,,,,,,,,,,,62389,0.0017494108760729432
,,,37,,,,,,,,,,,,,,,,,,,,,,,,,,,,,62399,0.02356484904885292
,,,37,,,,,,,,,,,,,,,,,,,,,,,,,,,,,62409,0.0019403056940063834
,,,37,,,,,,,,,,,,,,,,,,,,,,,,,,,,,62419,0.0017190391663461924
,,,37,,,,,,,,,,,,,,,,,,,,,,,,,,,,,62429,0.0005455822101794183
,,,37,,,,,,,,,,,,,,,,,,,,,,,,,,,,,62439,0.0009595308220013976
,,,37,,,,,,,,,,,,,,,,,,,,,,,,,,,,,62449,0.001217581215314567
,,,37,,,,,,,,,,,,,,,,,,,,,,,,,,,,,62459,0.5313544869422913
,,,37,,,,,,,,,,,,,,,,,,,,,,,,,,,,,62469,0.0022094775922596455
,,,37,,,,,,,,,,,,,,,,,,,,,,,,,,,,,62479,0.0019661744590848684
,,,37,,,,,,,,,,,,,,,,,,,,,,,,,,,,,62489,0.0007913811132311821
,,,37,,,,,,,,,,,,,,,,,,,,,,,,,,,,,62499,0.030157245695590973
,,,37,,,,,,,,,,,,,,,,,,,,,,,,,,,,,62509,0.003694466082379222
,,,37,,,,,,,,,,,,,,,,,,,,,,,,,,,,,62519,0.0005995593382976949
,,,37,,,,,,,,,,,,,,,,,,,,,,,,,,,,,62529,0.0018908558413386345
,,,37,,,,,,,,,,,,,,,,,,,,,,,,,,,,,62539,0.003338028211146593
,,,37,,,,,,,,,,,,,,,,,,,,,,,,,,,,,62549,0.005561399273574352
,,,37,,,,,,,,,,,,,,,,,,,,,,,,,,,,,62559,0.0014518285170197487
,,,37,,,,,,,,,,,,,,,,,,,,,,,,,,,,,62569,0.0006122525664977729
,,,37,,,,,,,,,,,,,,,,,,,,,,,,,,,,,62579,0.0027227418031543493
,,,37,,,,,,,,,,,,,,,,,,,,,,,,,,,,,62589,0.0017951204208657146
,,,37,,,,,,,,,,,,,,,,,,,,,,,,,,,,,62599,0.0015176067827269435
,,,37,,,,,,,,,,,,,,,,,,,,,,,,,,,,,62609,0.0007159437518566847
,,,37,,,,,,,,,,,,,,,,,,,,,,,,,,,,,62619,0.0005933314678259194
,,,37,,,,,,,,,,,,,,,,,,,,,,,,,,,,,62629,0.0006015566759742796
,,,37,,,,,,,,,,,,,,,,,,,,,,,,,,,,,62639,0.0013137715868651867
,,,37,,,,,,,,,,,,,,,,,,,,,,,,,,,,,62649,0.0013434059219434857
,,,37,,,,,,,,,,,,,,,,,,,,,,,,,,,,,62659,0.0021631803829222918
,,,37,,,,,,,,,,,,,,,,,,,,,,,,,,,,,62669,0.14329612255096436
,,,37,,,,,,,,,,,,,,,,,,,,,,,,,,,,,62679,0.0015372911002486944
,,,37,,,,,,,,,,,,,,,,,,,,,,,,,,,,,62689,0.026380257681012154
,,,37,,,,,,,,,,,,,,,,,,,,,,,,,,,,,62699,0.0011235023848712444
,,,37,,,,,,,,,,,,,,,,,,,,,,,,,,,,,62709,0.0009591239504516125
,,,37,,,,,,,,,,,,,,,,,,,,,,,,,,,,,62719,0.0011796769686043262
,,,37,,,,,,,,,,,,,,,,,,,,,,,,,,,,,62729,0.015898244455456734
,,,37,,,,,,,,,,,,,,,,,,,,,,,,,,,,,62739,0.0010265401797369123
,,,37,,,,,,,,,,,,,,,,,,,,,,,,,,,,,62749,0.26810649037361145
,,,37,,,,,,,,,,,,,,,,,,,,,,,,,,,,,62759,0.0004285540780983865
,,,37,,,,,,,,,,,,,,,,,,,,,,,,,,,,,62769,0.001148188835941255
,,,37,,,,,,,,,,,,,,,,,,,,,,,,,,,,,62779,0.0017484131967648864
,,,37,,,,,,,,,,,,,,,,,,,,,,,,,,,,,62789,0.0016828706720843911
,,,37,,,,,,,,,,,,,,,,,,,,,,,,,,,,,62799,0.0013238958781585097
,,,37,,,,,,,,,,,,,,,,,,,,,,,,,,,,,62809,0.005721582565456629
,,,37,,,,,,,,,,,,,,,,,,,,,,,,,,,,,62819,0.0015507633797824383
,,,37,,,,,,,,,,,,,,,,,,,,,,,,,,,,,62829,0.001458211918361485
,,,37,,,,,,,,,,,,,,,,,,,,,,,,,,,,,62839,0.0007612145273014903
,,,37,,,,,,,,,,,,,,,,,,,,,,,,,,,,,62849,0.18174448609352112
,,,37,,,,,,,,,,,,,,,,,,,,,,,,,,,,,62859,0.0017446608981117606
,,,37,,,,,,,,,,,,,,,,,,,,,,,,,,,,,62869,0.0021970714442431927
,,,37,,,,,,,,,,,,,,,,,,,,,,,,,,,,,62879,0.002120210090652108
,,,37,,,,,,,,,,,,,,,,,,,,,,,,,,,,,62889,0.001656409353017807
,,,37,,,,,,,,,,,,,,,,,,,,,,,,,,,,,62899,0.002347389468923211
,,,37,,,,,,,,,,,,,,,,,,,,,,,,,,,,,62909,0.0030308489222079515
,,,37,,,,,,,,,,,,,,,,,,,,,,,,,,,,,62919,0.009916714392602444
,,,37,,,,,,,,,,,,,,,,,,,,,,,,,,,,,62929,0.0012743687257170677
,,,37,,,,,,,,,,,,,,,,,,,,,,,,,,,,,62939,0.0020391088910400867
,,,37,,,,,,,,,,,,,,,,,,,,,,,,,,,,,62949,0.06073141098022461
,,,37,,,,,,,,,,,,,,,,,,,,,,,,,,,,,62959,0.0014787806430831552
,,,37,,,,,,,,,,,,,,,,,,,,,,,,,,,,,62969,0.0017734853317961097
,,,37,,,,,,,,,,,,,,,,,,,,,,,,,,,,,62979,0.0005858526565134525
,,,37,,,,,,,,,,,,,,,,,,,,,,,,,,,,,62989,0.0019412875408306718
,,,37,,,,,,,,,,,,,,,,,,,,,,,,,,,,,62999,0.0013537254417315125
,,,37,,,,,,,,,,,,,,,,,,,,,,,,,,,,,63009,0.003649389836937189
,,,37,,,,,,,,,,,,,,,,,,,,,,,,,,,,,63019,0.003273312235251069
,,,37,,,,,,,,,,,,,,,,,,,,,,,,,,,,,63029,0.0015793238999322057
,,,37,,,,,,,,,,,,,,,,,,,,,,,,,,,,,63039,0.0006769289029762149
,,,37,,,,,,,,,,,,,,,,,,,,,,,,,,,,,63049,0.031036358326673508
,,,37,,,,,,,,,,,,,,,,,,,,,,,,,,,,,63059,0.0011006892891600728
,,,37,,,,,,,,,,,,,,,,,,,,,,,,,,,,,63069,0.0016127092530950904
,,,37,,,,,,,,,,,,,,,,,,,,,,,,,,,,,63079,0.026565004140138626
,,,37,,,,,,,,,,,,,,,,,,,,,,,,,,,,,63089,0.001063716597855091
,,,37,,,,,,,,,,,,,,,,,,,,,,,,,,,,,63099,0.0062861088663339615
,,,37,,,,,,,,,,,,,,,,,,,,,,,,,,,,,63109,0.0054151504300534725
,,,37,,,,,,,,,,,,,,,,,,,,,,,,,,,,,63119,0.006122814491391182
,,,37,,,,,,,,,,,,,,,,,,,,,,,,,,,,,63129,0.003192378906533122
,,,37,,,,,,,,,,,,,,,,,,,,,,,,,,,,,63139,0.034137167036533356
,,,37,,,,,,,,,,,,,,,,,,,,,,,,,,,,,63149,0.004240863025188446
,,,,9.409940548675545e-08,5.271490801400816e-07,8.109985848308946e-07,8.109985848308946e-07,1.2476901305090686e-06,1.2476901305090686e-06,1.9195232777062595e-06,1.9195232777062595e-06,2.9531127349327065e-06,2.9531127349327065e-06,4.543250361434933e-06,9.409940548675545e-08,4.543250361434933e-06,6.989615940669127e-06,6.989615940669127e-06,1.075325529333712e-05,1.075325529333712e-05,1.6543469682057106e-05,1.6543469682057106e-05,1.6543469682057106e-05,1.6543469682057106e-05,1.447683161334699e-07,1.447683161334699e-07,2.2272048635918447e-07,2.2272048635918447e-07,3.42646902091053e-07,3.42646902091053e-07,5.271490801400816e-07,63156,
,,,38,,,,,,,,,,,,,,,,,,,,,,,,,,,,,63159,0.0012513183755800128
,,,38,,,,,,,,,,,,,,,,,,,,,,,,,,,,,63169,0.01902410387992859
,,,38,,,,,,,,,,,,,,,,,,,,,,,,,,,,,63179,0.003719764994457364
,,,38,,,,,,,,,,,,,,,,,,,,,,,,,,,,,63189,0.18732140958309174
,,,38,,,,,,,,,,,,,,,,,,,,,,,,,,,,,63199,0.0021535081323236227
,,,38,,,,,,,,,,,,,,,,,,,,,,,,,,,,,63209,0.0026337432209402323
,,,38,,,,,,,,,,,,,,,,,,,,,,,,,,,,,63219,0.003097096225246787
,,,38,,,,,,,,,,,,,,,,,,,,,,,,,,,,,63229,0.0017296947771683335
,,,38,,,,,,,,,,,,,,,,,,,,,,,,,,,,,63239,0.001354074222035706
,,,38,,,,,,,,,,,,,,,,,,,,,,,,,,,,,63249,0.001013136119581759
,,,38,,,,,,,,,,,,,,,,,,,,,,,,,,,,,63259,0.004405297338962555
,,,38,,,,,,,,,,,,,,,,,,,,,,,,,,,,,63269,0.0002566360926721245
,,,38,,,,,,,,,,,,,,,,,,,,,,,,,,,,,63279,0.010036719962954521
,,,38,,,,,,,,,,,,,,,,,,,,,,,,,,,,,63289,0.0032376176677644253
,,,38,,,,,,,,,,,,,,,,,,,,,,,,,,,,,63299,0.004135254304856062
,,,38,,,,,,,,,,,,,,,,,,,,,,,,,,,,,63309,0.001256377436220646
,,,38,,,,,,,,,,,,,,,,,,,,,,,,,,,,,63319,0.001639133202843368
,,,38,,,,,,,,,,,,,,,,,,,,,,,,,,,,,63329,0.001975364750251174
,,,38,,,,,,,,,,,,,,,,,,,,,,,,,,,,,63339,0.0008885529241524637
,,,38,,,,,,,,,,,,,,,,,,,,,,,,,,,,,63349,0.0020300084725022316
,,,38,,,,,,,,,,,,,,,,,,,,,,,,,,,,,63359,0.0011026551946997643
,,,38,,,,,,,,,,,,,,,,,,,,,,,,,,,,,63369,0.000772013736423105
,,,38,,,,,,,,,,,,,,,,,,,,,,,,,,,,,63379,0.0019075028831139207
,,,38,,,,,,,,,,,,,,,,,,,,,,,,,,,,,63389,0.001966757932677865
,,,38,,,,,,,,,,,,,,,,,,,,,,,,,,,,,63399,0.0006494328263215721
,,,38,,,,,,,,,,,,,,,,,,,,,,,,,,,,,63409,0.0010813541011884809
,,,38,,,,,,,,,,,,,,,,,,,,,,,,,,,,,63419,0.0018778513185679913
,,,38,,,,,,,,,,,,,,,,,,,,,,,,,,,,,63429,0.0012354415375739336
,,,38,,,,,,,,,,,,,,,,,,,,,,,,,,,,,63439,0.0013017993187531829
,,,38,,,,,,,,,,,,,,,,,,,,,,,,,,,,,63449,0.0024581875186413527
,,,38,,,,,,,,,,,,,,,,,,,,,,,,,,,,,63459,0.0011765360832214355
,,,38,,,,,,,,,,,,,,,,,,,,,,,,,,,,,63469,0.0008611102239228785
,,,38,,,,,,,,,,,,,,,,,,,,,,,,,,,,,63479,0.1227637454867363
,,,38,,,,,,,,,,,,,,,,,,,,,,,,,,,,,63489,0.0004661531129386276
,,,38,,,,,,,,,,,,,,,,,,,,,,,,,,,,,63499,0.06084445118904114
,,,38,,,,,,,,,,,,,,,,,,,,,,,,,,,,,63509,0.0007398551097139716
,,,38,,,,,,,,,,,,,,,,,,,,,,,,,,,,,63519,0.0014002079842612147
,,,38,,,,,,,,,,,,,,,,,,,,,,,,,,,,,63529,0.0034668974112719297
,,,38,,,,,,,,,,,,,,,,,,,,,,,,,,,,,63539,0.0014396551996469498
,,,38,,,,,,,,,,,,,,,,,,,,,,,,,,,,,63549,0.004445219878107309
,,,38,,,,,,,,,,,,,,,,,,,,,,,,,,,,,63559,0.001261224620975554
,,,38,,,,,,,,,,,,,,,,,,,,,,,,,,,,,63569,0.0034336703829467297
,,,38,,,,,,,,,,,,,,,,,,,,,,,,,,,,,63579,0.0011636835988610983
,,,38,,,,,,,,,,,,,,,,,,,,,,,,,,,,,63589,0.0019177660578861833
,,,38,,,,,,,,,,,,,,,,,,,,,,,,,,,,,63599,0.0007086224504746497
,,,38,,,,,,,,,,,,,,,,,,,,,,,,,,,,,63609,0.0025254266802221537
,,,38,,,,,,,,,,,,,,,,,,,,,,,,,,,,,63619,0.0007720044814050198
,,,38,,,,,,,,,,,,,,,,,,,,,,,,,,,,,63629,0.0013084226520732045
,,,38,,,,,,,,,,,,,,,,,,,,,,,,,,,,,63639,0.0005633202963508666
,,,38,,,,,,,,,,,,,,,,,,,,,,,,,,,,,63649,0.0017781637143343687
,,,38,,,,,,,,,,,,,,,,,,,,,,,,,,,,,63659,0.003982329275459051
,,,38,,,,,,,,,,,,,,,,,,,,,,,,,,,,,63669,0.0012613231083378196
,,,38,,,,,,,,,,,,,,,,,,,,,,,,,,,,,63679,0.03892793506383896
,,,38,,,,,,,,,,,,,,,,,,,,,,,,,,,,,63689,0.0009448055643588305
,,,38,,,,,,,,,,,,,,,,,,,,,,,,,,,,,63699,0.0022158774081617594
,,,38,,,,,,,,,,,,,,,,,,,,,,,,,,,,,63709,0.0016493694856762886
,,,38,,,,,,,,,,,,,,,,,,,,,,,,,,,,,63719,0.002238357439637184
,,,38,,,,,,,,,,,,,,,,,,,,,,,,,,,,,63729,0.0010128591675311327
,,,38,,,,,,,,,,,,,,,,,,,,,,,,,,,,,63739,0.0014807037077844143
,,,38,,,,,,,,,,,,,,,,,,,,,,,,,,,,,63749,0.002314701909199357
,,,38,,,,,,,,,,,,,,,,,,,,,,,,,,,,,63759,0.0005488155293278396
,,,38,,,,,,,,,,,,,,,,,,,,,,,,,,,,,63769,0.0019494760781526566
,,,38,,,,,,,,,,,,,,,,,,,,,,,,,,,,,63779,0.0009106064098887146
,,,38,,,,,,,,,,,,,,,,,,,,,,,,,,,,,63789,0.0006290575838647783
,,,38,,,,,,,,,,,,,,,,,,,,,,,,,,,,,63799,0.0012713671894744039
,,,38,,,,,,,,,,,,,,,,,,,,,,,,,,,,,63809,0.0012515069684013724
,,,38,,,,,,,,,,,,,,,,,,,,,,,,,,,,,63819,0.0016643268754705787
,,,38,,,,,,,,,,,,,,,,,,,,,,,,,,,,,63829,0.001107921707443893
,,,38,,,,,,,,,,,,,,,,,,,,,,,,,,,,,63839,0.0006308791344054043
,,,38,,,,,,,,,,,,,,,,,,,,,,,,,,,,,63849,0.008139236830174923
,,,38,,,,,,,,,,,,,,,,,,,,,,,,,,,,,63859,0.0008250447572208941
,,,38,,,,,,,,,,,,,,,,,,,,,,,,,,,,,63869,0.0017551220953464508
,,,38,,,,,,,,,,,,,,,,,,,,,,,,,,,,,63879,0.0007912518340162933
,,,38,,,,,,,,,,,,,,,,,,,,,,,,,,,,,63889,0.000698090938385576
,,,38,,,,,,,,,,,,,,,,,,,,,,,,,,,,,63899,0.0011646756902337074
,,,38,,,,,,,,,,,,,,,,,,,,,,,,,,,,,63909,0.0012870493810623884
,,,38,,,,,,,,,,,,,,,,,,,,,,,,,,,,,63919,0.0023507135920226574
,,,38,,,,,,,,,,,,,,,,,,,,,,,,,,,,,63929,0.0010685339802876115
,,,38,,,,,,,,,,,,,,,,,,,,,,,,,,,,,63939,0.0008375584147870541
,,,38,,,,,,,,,,,,,,,,,,,,,,,,,,,,,63949,0.0006611080025322735
,,,38,,,,,,,,,,,,,,,,,,,,,,,,,,,,,63959,0.0009551583789288998
,,,38,,,,,,,,,,,,,,,,,,,,,,,,,,,,,63969,0.0015295319026336074
,,,38,,,,,,,,,,,,,,,,,,,,,,,,,,,,,63979,0.10384190082550049
,,,38,,,,,,,,,,,,,,,,,,,,,,,,,,,,,63989,0.002300458261743188
,,,38,,,,,,,,,,,,,,,,,,,,,,,,,,,,,63999,0.0015080858720466495
,,,38,,,,,,,,,,,,,,,,,,,,,,,,,,,,,64009,0.1269305944442749
,,,38,,,,,,,,,,,,,,,,,,,,,,,,,,,,,64019,0.0005801406223326921
,,,38,,,,,,,,,,,,,,,,,,,,,,,,,,,,,64029,0.0009900772711262107
,,,38,,,,,,,,,,,,,,,,,,,,,,,,,,,,,64039,0.0020652851089835167
,,,38,,,,,,,,,,,,,,,,,,,,,,,,,,,,,64049,0.0016315970569849014
,,,38,,,,,,,,,,,,,,,,,,,,,,,,,,,,,64059,0.4666987955570221
,,,38,,,,,,,,,,,,,,,,,,,,,,,,,,,,,64069,0.0011478620581328869
,,,38,,,,,,,,,,,,,,,,,,,,,,,,,,,,,64079,0.0005225311033427715
,,,38,,,,,,,,,,,,,,,,,,,,,,,,,,,,,64089,0.0022419439628720284
,,,38,,,,,,,,,,,,,,,,,,,,,,,,,,,,,64099,0.0014059363165870309
,,,38,,,,,,,,,,,,,,,,,,,,,,,,,,,,,64109,0.0002203491167165339
,,,38,,,,,,,,,,,,,,,,,,,,,,,,,,,,,64119,0.0006832551443949342
,,,38,,,,,,,,,,,,,,,,,,,,,,,,,,,,,64129,1.1752914190292358
,,,38,,,,,,,,,,,,,,,,,,,,,,,,,,,,,64139,0.05134940892457962
,,,38,,,,,,,,,,,,,,,,,,,,,,,,,,,,,64149,0.0009930748492479324
,,,38,,,,,,,,,,,,,,,,,,,,,,,,,,,,,64159,0.0024701827205717564
,,,38,,,,,,,,,,,,,,,,,,,,,,,,,,,,,64169,0.0006627053953707218
,,,38,,,,,,,,,,,,,,,,,,,,,,,,,,,,,64179,0.3244052827358246
,,,38,,,,,,,,,,,,,,,,,,,,,,,,,,,,,64189,0.0011029444867745042
,,,38,,,,,,,,,,,,,,,,,,,,,,,,,,,,,64199,0.0007226637681014836
,,,38,,,,,,,,,,,,,,,,,,,,,,,,,,,,,64209,0.0016768922796472907
,,,38,,,,,,,,,,,,,,,,,,,,,,,,,,,,,64219,0.001616395078599453
,,,38,,,,,,,,,,,,,,,,,,,,,,,,,,,,,64229,0.001096636289730668
,,,38,,,,,,,,,,,,,,,,,,,,,,,,,,,,,64239,0.000753861793782562
,,,38,,,,,,,,,,,,,,,,,,,,,,,,,,,,,64249,0.02314262092113495
,,,38,,,,,,,,,,,,,,,,,,,,,,,,,,,,,64259,0.019887542352080345
,,,38,,,,,,,,,,,,,,,,,,,,,,,,,,,,,64269,0.015241425484418869
,,,38,,,,,,,,,,,,,,,,,,,,,,,,,,,,,64279,0.0015806583687663078
,,,38,,,,,,,,,,,,,,,,,,,,,,,,,,,,,64289,0.0011250501265749335
,,,38,,,,,,,,,,,,,,,,,,,,,,,,,,,,,64299,0.0027011053171008825
,,,38,,,,,,,,,,,,,,,,,,,,,,,,,,,,,64309,0.0025810631923377514
,,,38,,,,,,,,,,,,,,,,,,,,,,,,,,,,,64319,0.60317462682724
,,,38,,,,,,,,,,,,,,,,,,,,,,,,,,,,,64329,0.00350572494789958
,,,38,,,,,,,,,,,,,,,,,,,,,,,,,,,,,64339,0.0014404834946617484
,,,38,,,,,,,,,,,,,,,,,,,,,,,,,,,,,64349,0.0016118853818625212
,,,38,,,,,,,,,,,,,,,,,,,,,,,,,,,,,64359,0.0011661193566396832
,,,38,,,,,,,,,,,,,,,,,,,,,,,,,,,,,64369,0.0017432046588510275
,,,38,,,,,,,,,,,,,,,,,,,,,,,,,,,,,64379,0.0014033354818820953
,,,38,,,,,,,,,,,,,,,,,,,,,,,,,,,,,64389,0.009323839098215103
,,,38,,,,,,,,,,,,,,,,,,,,,,,,,,,,,64399,0.0015481555601581931
,,,38,,,,,,,,,,,,,,,,,,,,,,,,,,,,,64409,0.0010660710977390409
,,,38,,,,,,,,,,,,,,,,,,,,,,,,,,,,,64419,0.001662969239987433
,,,38,,,,,,,,,,,,,,,,,,,,,,,,,,,,,64429,0.003284027799963951
,,,38,,,,,,,,,,,,,,,,,,,,,,,,,,,,,64439,0.0011112958891317248
,,,38,,,,,,,,,,,,,,,,,,,,,,,,,,,,,64449,0.0003814617230091244
,,,38,,,,,,,,,,,,,,,,,,,,,,,,,,,,,64459,0.000617341953329742
,,,38,,,,,,,,,,,,,,,,,,,,,,,,,,,,,64469,0.002510254504159093
,,,38,,,,,,,,,,,,,,,,,,,,,,,,,,,,,64479,0.2585115432739258
,,,38,,,,,,,,,,,,,,,,,,,,,,,,,,,,,64489,0.0019630594179034233
,,,38,,,,,,,,,,,,,,,,,,,,,,,,,,,,,64499,0.1858360767364502
,,,38,,,,,,,,,,,,,,,,,,,,,,,,,,,,,64509,0.0004170119937043637
,,,38,,,,,,,,,,,,,,,,,,,,,,,,,,,,,64519,0.0012930788798257709
,,,38,,,,,,,,,,,,,,,,,,,,,,,,,,,,,64529,0.002447292907163501
,,,38,,,,,,,,,,,,,,,,,,,,,,,,,,,,,64539,0.0014808609848842025
,,,38,,,,,,,,,,,,,,,,,,,,,,,,,,,,,64549,0.0025546953547745943
,,,38,,,,,,,,,,,,,,,,,,,,,,,,,,,,,64559,0.001401654095388949
,,,38,,,,,,,,,,,,,,,,,,,,,,,,,,,,,64569,0.0028238913509994745
,,,38,,,,,,,,,,,,,,,,,,,,,,,,,,,,,64579,0.001456517493352294
,,,38,,,,,,,,,,,,,,,,,,,,,,,,,,,,,64589,0.0010136041091755033
,,,38,,,,,,,,,,,,,,,,,,,,,,,,,,,,,64599,0.0034675386268645525
,,,38,,,,,,,,,,,,,,,,,,,,,,,,,,,,,64609,0.007470910903066397
,,,38,,,,,,,,,,,,,,,,,,,,,,,,,,,,,64619,0.22218506038188934
,,,38,,,,,,,,,,,,,,,,,,,,,,,,,,,,,64629,0.03992057219147682
,,,38,,,,,,,,,,,,,,,,,,,,,,,,,,,,,64639,0.0019961297512054443
,,,38,,,,,,,,,,,,,,,,,,,,,,,,,,,,,64649,0.0010582228424027562
,,,38,,,,,,,,,,,,,,,,,,,,,,,,,,,,,64659,0.0007390673854388297
,,,38,,,,,,,,,,,,,,,,,,,,,,,,,,,,,64669,0.0008357545011676848
,,,38,,,,,,,,,,,,,,,,,,,,,,,,,,,,,64679,0.003348505822941661
,,,38,,,,,,,,,,,,,,,,,,,,,,,,,,,,,64689,0.0031830002553761005
,,,38,,,,,,,,,,,,,,,,,,,,,,,,,,,,,64699,0.001006760518066585
,,,38,,,,,,,,,,,,,,,,,,,,,,,,,,,,,64709,0.5725830793380737
,,,38,,,,,,,,,,,,,,,,,,,,,,,,,,,,,64719,0.0005404482362791896
,,,38,,,,,,,,,,,,,,,,,,,,,,,,,,,,,64729,0.007250218652188778
,,,38,,,,,,,,,,,,,,,,,,,,,,,,,,,,,64739,0.0015121768228709698
,,,38,,,,,,,,,,,,,,,,,,,,,,,,,,,,,64749,0.0008442511898465455
,,,38,,,,,,,,,,,,,,,,,,,,,,,,,,,,,64759,0.0011550165945664048
,,,38,,,,,,,,,,,,,,,,,,,,,,,,,,,,,64769,0.0012717974605038762
,,,38,,,,,,,,,,,,,,,,,,,,,,,,,,,,,64779,0.010552585124969482
,,,38,,,,,,,,,,,,,,,,,,,,,,,,,,,,,64789,0.0034382089506834745
,,,38,,,,,,,,,,,,,,,,,,,,,,,,,,,,,64799,0.0013916840543970466
,,,38,,,,,,,,,,,,,,,,,,,,,,,,,,,,,64809,0.0016477800672873855
,,,,7.981988796634066e-08,4.4715458403468026e-07,6.879301292841234e-07,6.879301292841234e-07,1.0583540450524976e-06,1.0583540450524976e-06,1.6282369923884576e-06,1.6282369923884576e-06,2.5049799882899347e-06,2.5049799882899347e-06,3.8538153665998995e-06,7.981988796634066e-08,3.8538153665998995e-06,5.928946717845999e-06,5.928946717845999e-06,9.121456488993845e-06,9.121456488993845e-06,1.4033009983067452e-05,1.4033009983067452e-05,1.4033009983067452e-05,1.4033009983067452e-05,1.2279982764052406e-07,1.2279982764052406e-07,1.8892281175465242e-07,1.8892281175465242e-07,2.906504796225422e-07,2.906504796225422e-07,4.4715458403468026e-07,64818,
,,,39,,,,,,,,,,,,,,,,,,,,,,,,,,,,,64819,0.18746769428253174
,,,39,,,,,,,,,,,,,,,,,,,,,,,,,,,,,64829,0.025233689695596695
,,,39,,,,,,,,,,,,,,,,,,,,,,,,,,,,,64839,0.001840832526795566
,,,39,,,,,,,,,,,,,,,,,,,,,,,,,,,,,64849,0.0007493468001484871
,,,39,,,,,,,,,,,,,,,,,,,,,,,,,,,,,64859,0.0035563530400395393
,,,39,,,,,,,,,,,,,,,,,,,,,,,,,,,,,64869,0.0012757574440911412
,,,39,,,,,,,,,,,,,,,,,,,,,,,,,,,,,64879,0.006288561504334211
,,,39,,,,,,,,,,,,,,,,,,,,,,,,,,,,,64889,0.0006847464246675372
,,,39,,,,,,,,,,,,,,,,,,,,,,,,,,,,,64899,0.0012082494795322418
,,,39,,,,,,,,,,,,,,,,,,,,,,,,,,,,,64909,0.0014640424633398652
,,,39,,,,,,,,,,,,,,,,,,,,,,,,,,,,,64919,0.0003471554082352668
,,,39,,,,,,,,,,,,,,,,,,,,,,,,,,,,,64929,0.0027244179509580135
,,,39,,,,,,,,,,,,,,,,,,,,,,,,,,,,,64939,0.0028945249505341053
,,,39,,,,,,,,,,,,,,,,,,,,,,,,,,,,,64949,0.0010213461937382817
,,,39,,,,,,,,,,,,,,,,,,,,,,,,,,,,,64959,0.0011889232555404305
,,,39,,,,,,,,,,,,,,,,,,,,,,,,,,,,,64969,0.0012581992195919156
,,,39,,,,,,,,,,,,,,,,,,,,,,,,,,,,,64979,0.0016975555336102843
,,,39,,,,,,,,,,,,,,,,,,,,,,,,,,,,,64989,0.39960119128227234
,,,39,,,,,,,,,,,,,,,,,,,,,,,,,,,,,64999,0.010553194209933281
,,,39,,,,,,,,,,,,,,,,,,,,,,,,,,,,,65009,0.0011393260210752487
,,,39,,,,,,,,,,,,,,,,,,,,,,,,,,,,,65019,0.0012486334890127182
,,,39,,,,,,,,,,,,,,,,,,,,,,,,,,,,,65029,0.024538524448871613
,,,39,,,,,,,,,,,,,,,,,,,,,,,,,,,,,65039,0.0029196275863796473
,,,39,,,,,,,,,,,,,,,,,,,,,,,,,,,,,65049,0.0016486269887536764
,,,39,,,,,,,,,,,,,,,,,,,,,,,,,,,,,65059,0.0011815697653219104
,,,39,,,,,,,,,,,,,,,,,,,,,,,,,,,,,65069,0.028705330565571785
,,,39,,,,,,,,,,,,,,,,,,,,,,,,,,,,,65079,0.003934022970497608
,,,39,,,,,,,,,,,,,,,,,,,,,,,,,,,,,65089,0.002595634898170829
,,,39,,,,,,,,,,,,,,,,,,,,,,,,,,,,,65099,0.008707336150109768
,,,39,,,,,,,,,,,,,,,,,,,,,,,,,,,,,65109,0.001273214933462441
,,,39,,,,,,,,,,,,,,,,,,,,,,,,,,,,,65119,0.0011032706825062633
,,,39,,,,,,,,,,,,,,,,,,,,,,,,,,,,,65129,0.0016881382325664163
,,,39,,,,,,,,,,,,,,,,,,,,,,,,,,,,,65139,0.002817981643602252
,,,39,,,,,,,,,,,,,,,,,,,,,,,,,,,,,65149,0.0010936933103948832
,,,39,,,,,,,,,,,,,,,,,,,,,,,,,,,,,65159,0.008033576421439648
,,,39,,,,,,,,,,,,,,,,,,,,,,,,,,,,,65169,0.001025048433803022
,,,39,,,,,,,,,,,,,,,,,,,,,,,,,,,,,65179,0.0014481674879789352
,,,39,,,,,,,,,,,,,,,,,,,,,,,,,,,,,65189,0.0006995243020355701
,,,39,,,,,,,,,,,,,,,,,,,,,,,,,,,,,65199,0.001300647621974349
,,,39,,,,,,,,,,,,,,,,,,,,,,,,,,,,,65209,0.0005164854810573161
,,,39,,,,,,,,,,,,,,,,,,,,,,,,,,,,,65219,0.008159262128174305
,,,39,,,,,,,,,,,,,,,,,,,,,,,,,,,,,65229,0.019473591819405556
,,,39,,,,,,,,,,,,,,,,,,,,,,,,,,,,,65239,0.010038546286523342
,,,39,,,,,,,,,,,,,,,,,,,,,,,,,,,,,65249,0.0008949910406954587
,,,39,,,,,,,,,,,,,,,,,,,,,,,,,,,,,65259,0.006249852478504181
,,,39,,,,,,,,,,,,,,,,,,,,,,,,,,,,,65269,0.002165160607546568
,,,39,,,,,,,,,,,,,,,,,,,,,,,,,,,,,65279,0.010536571964621544
,,,39,,,,,,,,,,,,,,,,,,,,,,,,,,,,,65289,0.0034183908719569445
,,,39,,,,,,,,,,,,,,,,,,,,,,,,,,,,,65299,0.024292761459946632
,,,39,,,,,,,,,,,,,,,,,,,,,,,,,,,,,65309,0.007950257509946823
,,,39,,,,,,,,,,,,,,,,,,,,,,,,,,,,,65319,0.08290041238069534
,,,39,,,,,,,,,,,,,,,,,,,,,,,,,,,,,65329,0.008114942349493504
,,,39,,,,,,,,,,,,,,,,,,,,,,,,,,,,,65339,0.005651914980262518
,,,39,,,,,,,,,,,,,,,,,,,,,,,,,,,,,65349,0.0010450184345245361
,,,39,,,,,,,,,,,,,,,,,,,,,,,,,,,,,65359,0.0057921200059354305
,,,39,,,,,,,,,,,,,,,,,,,,,,,,,,,,,65369,0.008610216900706291
,,,39,,,,,,,,,,,,,,,,,,,,,,,,,,,,,65379,0.29235801100730896
,,,39,,,,,,,,,,,,,,,,,,,,,,,,,,,,,65389,0.00044240750139579177
,,,39,,,,,,,,,,,,,,,,,,,,,,,,,,,,,65399,0.0028983878437429667
,,,39,,,,,,,,,,,,,,,,,,,,,,,,,,,,,65409,0.0013948730193078518
,,,39,,,,,,,,,,,,,,,,,,,,,,,,,,,,,65419,0.0013118386268615723
,,,39,,,,,,,,,,,,,,,,,,,,,,,,,,,,,65429,0.005578643176704645
,,,39,,,,,,,,,,,,,,,,,,,,,,,,,,,,,65439,0.001545247039757669
,,,39,,,,,,,,,,,,,,,,,,,,,,,,,,,,,65449,0.018127737566828728
,,,39,,,,,,,,,,,,,,,,,,,,,,,,,,,,,65459,0.0013030957197770476
,,,39,,,,,,,,,,,,,,,,,,,,,,,,,,,,,65469,0.0012132974807173014
,,,39,,,,,,,,,,,,,,,,,,,,,,,,,,,,,65479,0.006371720228344202
,,,39,,,,,,,,,,,,,,,,,,,,,,,,,,,,,65489,0.0011060961987823248
,,,39,,,,,,,,,,,,,,,,,,,,,,,,,,,,,65499,0.000574834703002125
,,,39,,,,,,,,,,,,,,,,,,,,,,,,,,,,,65509,0.0017428058199584484
,,,39,,,,,,,,,,,,,,,,,,,,,,,,,,,,,65519,0.013265100307762623
,,,39,,,,,,,,,,,,,,,,,,,,,,,,,,,,,65529,0.00046944478526711464
,,,39,,,,,,,,,,,,,,,,,,,,,,,,,,,,,65539,0.0023664331529289484
,,,39,,,,,,,,,,,,,,,,,,,,,,,,,,,,,65549,0.0015629157423973083
,,,39,,,,,,,,,,,,,,,,,,,,,,,,,,,,,65559,0.0005642420146614313
,,,39,,,,,,,,,,,,,,,,,,,,,,,,,,,,,65569,0.0004055439494550228
,,,39,,,,,,,,,,,,,,,,,,,,,,,,,,,,,65579,0.00665472075343132
,,,39,,,,,,,,,,,,,,,,,,,,,,,,,,,,,65589,0.0010858456371352077
,,,39,,,,,,,,,,,,,,,,,,,,,,,,,,,,,65599,0.0038826335221529007
,,,39,,,,,,,,,,,,,,,,,,,,,,,,,,,,,65609,0.001402771333232522
,,,39,,,,,,,,,,,,,,,,,,,,,,,,,,,,,65619,0.0006349882460199296
,,,39,,,,,,,,,,,,,,,,,,,,,,,,,,,,,65629,0.0017455463530495763
,,,39,,,,,,,,,,,,,,,,,,,,,,,,,,,,,65639,0.034039270132780075
,,,39,,,,,,,,,,,,,,,,,,,,,,,,,,,,,65649,0.00047615342191420496
,,,39,,,,,,,,,,,,,,,,,,,,,,,,,,,,,65659,0.0025398945435881615
,,,39,,,,,,,,,,,,,,,,,,,,,,,,,,,,,65669,0.001344418036751449
,,,39,,,,,,,,,,,,,,,,,,,,,,,,,,,,,65679,0.0018297055503353477
,,,39,,,,,,,,,,,,,,,,,,,,,,,,,,,,,65689,0.0900830626487732
,,,39,,,,,,,,,,,,,,,,,,,,,,,,,,,,,65699,0.0006192554719746113
,,,39,,,,,,,,,,,,,,,,,,,,,,,,,,,,,65709,0.0022018221206963062
,,,39,,,,,,,,,,,,,,,,,,,,,,,,,,,,,65719,0.002149055479094386
,,,39,,,,,,,,,,,,,,,,,,,,,,,,,,,,,65729,0.0010022962233051658
,,,39,,,,,,,,,,,,,,,,,,,,,,,,,,,,,65739,0.003294246969744563
,,,39,,,,,,,,,,,,,,,,,,,,,,,,,,,,,65749,0.002009166404604912
,,,39,,,,,,,,,,,,,,,,,,,,,,,,,,,,,65759,0.0011534662917256355
,,,39,,,,,,,,,,,,,,,,,,,,,,,,,,,,,65769,0.001851879060268402
,,,39,,,,,,,,,,,,,,,,,,,,,,,,,,,,,65779,0.0013181660324335098
,,,39,,,,,,,,,,,,,,,,,,,,,,,,,,,,,65789,0.0019170049345120788
,,,39,,,,,,,,,,,,,,,,,,,,,,,,,,,,,65799,0.014537783339619637
,,,39,,,,,,,,,,,,,,,,,,,,,,,,,,,,,65809,0.0008021920220926404
,,,39,,,,,,,,,,,,,,,,,,,,,,,,,,,,,65819,0.0004936634213663638
,,,39,,,,,,,,,,,,,,,,,,,,,,,,,,,,,65829,0.0007399078458547592
,,,39,,,,,,,,,,,,,,,,,,,,,,,,,,,,,65839,0.002714724512770772
,,,39,,,,,,,,,,,,,,,,,,,,,,,,,,,,,65849,0.001485225628130138
,,,39,,,,,,,,,,,,,,,,,,,,,,,,,,,,,65859,0.003118636552244425
,,,39,,,,,,,,,,,,,,,,,,,,,,,,,,,,,65869,0.0015889265341684222
,,,39,,,,,,,,,,,,,,,,,,,,,,,,,,,,,65879,0.001095058862119913
,,,39,,,,,,,,,,,,,,,,,,,,,,,,,,,,,65889,0.0015439779963344336
,,,39,,,,,,,,,,,,,,,,,,,,,,,,,,,,,65899,0.0015347334556281567
,,,39,,,,,,,,,,,,,,,,,,,,,,,,,,,,,65909,0.0011576073011383414
,,,39,,,,,,,,,,,,,,,,,,,,,,,,,,,,,65919,0.0026175519451498985
,,,39,,,,,,,,,,,,,,,,,,,,,,,,,,,,,65929,0.0033219296019524336
,,,39,,,,,,,,,,,,,,,,,,,,,,,,,,,,,65939,0.02489849552512169
,,,39,,,,,,,,,,,,,,,,,,,,,,,,,,,,,65949,0.002387480577453971
,,,39,,,,,,,,,,,,,,,,,,,,,,,,,,,,,65959,0.0006388061447069049
,,,39,,,,,,,,,,,,,,,,,,,,,,,,,,,,,65969,0.0007152759935706854
,,,39,,,,,,,,,,,,,,,,,,,,,,,,,,,,,65979,0.0006303125410340726
,,,39,,,,,,,,,,,,,,,,,,,,,,,,,,,,,65989,0.0026097830850631
,,,39,,,,,,,,,,,,,,,,,,,,,,,,,,,,,65999,0.17155323922634125
,,,39,,,,,,,,,,,,,,,,,,,,,,,,,,,,,66009,0.0017975117079913616
,,,39,,,,,,,,,,,,,,,,,,,,,,,,,,,,,66019,0.0009934573899954557
,,,39,,,,,,,,,,,,,,,,,,,,,,,,,,,,,66029,0.003146140603348613
,,,39,,,,,,,,,,,,,,,,,,,,,,,,,,,,,66039,0.0022667679004371166
,,,39,,,,,,,,,,,,,,,,,,,,,,,,,,,,,66049,0.000757806294132024
,,,39,,,,,,,,,,,,,,,,,,,,,,,,,,,,,66059,0.0013241557171568274
,,,39,,,,,,,,,,,,,,,,,,,,,,,,,,,,,66069,0.000797965214587748
,,,39,,,,,,,,,,,,,,,,,,,,,,,,,,,,,66079,0.0014240819728001952
,,,39,,,,,,,,,,,,,,,,,,,,,,,,,,,,,66089,0.0009427420445717871
,,,39,,,,,,,,,,,,,,,,,,,,,,,,,,,,,66099,0.0008626828202977777
,,,39,,,,,,,,,,,,,,,,,,,,,,,,,,,,,66109,0.0009472867823205888
,,,39,,,,,,,,,,,,,,,,,,,,,,,,,,,,,66119,0.00941237062215805
,,,39,,,,,,,,,,,,,,,,,,,,,,,,,,,,,66129,0.0022775596007704735
,,,39,,,,,,,,,,,,,,,,,,,,,,,,,,,,,66139,0.0013441991759464145
,,,39,,,,,,,,,,,,,,,,,,,,,,,,,,,,,66149,0.21764063835144043
,,,39,,,,,,,,,,,,,,,,,,,,,,,,,,,,,66159,0.000984830199740827
,,,39,,,,,,,,,,,,,,,,,,,,,,,,,,,,,66169,0.0017734547145664692
,,,39,,,,,,,,,,,,,,,,,,,,,,,,,,,,,66179,0.0008948846952989697
,,,39,,,,,,,,,,,,,,,,,,,,,,,,,,,,,66189,0.0005559070850722492
,,,39,,,,,,,,,,,,,,,,,,,,,,,,,,,,,66199,0.0028545630630105734
,,,39,,,,,,,,,,,,,,,,,,,,,,,,,,,,,66209,0.0017848339630290866
,,,39,,,,,,,,,,,,,,,,,,,,,,,,,,,,,66219,0.045807044953107834
,,,39,,,,,,,,,,,,,,,,,,,,,,,,,,,,,66229,0.001129202195443213
,,,39,,,,,,,,,,,,,,,,,,,,,,,,,,,,,66239,0.002827185671776533
,,,39,,,,,,,,,,,,,,,,,,,,,,,,,,,,,66249,0.280125230550766
,,,39,,,,,,,,,,,,,,,,,,,,,,,,,,,,,66259,0.0030176853761076927
,,,39,,,,,,,,,,,,,,,,,,,,,,,,,,,,,66269,0.0007844130741432309
,,,39,,,,,,,,,,,,,,,,,,,,,,,,,,,,,66279,0.0010784465121105313
,,,39,,,,,,,,,,,,,,,,,,,,,,,,,,,,,66289,0.0028251614421606064
,,,39,,,,,,,,,,,,,,,,,,,,,,,,,,,,,66299,0.02468002587556839
,,,39,,,,,,,,,,,,,,,,,,,,,,,,,,,,,66309,0.0013870015973225236
,,,39,,,,,,,,,,,,,,,,,,,,,,,,,,,,,66319,0.007706745993345976
,,,39,,,,,,,,,,,,,,,,,,,,,,,,,,,,,66329,0.0016138353385031223
,,,39,,,,,,,,,,,,,,,,,,,,,,,,,,,,,66339,0.0004994695191271603
,,,39,,,,,,,,,,,,,,,,,,,,,,,,,,,,,66349,0.001347881625406444
,,,39,,,,,,,,,,,,,,,,,,,,,,,,,,,,,66359,0.0005628127255477011
,,,39,,,,,,,,,,,,,,,,,,,,,,,,,,,,,66369,0.0008574571111239493
,,,39,,,,,,,,,,,,,,,,,,,,,,,,,,,,,66379,0.0005734615260735154
,,,39,,,,,,,,,,,,,,,,,,,,,,,,,,,,,66389,0.001353886560536921
,,,39,,,,,,,,,,,,,,,,,,,,,,,,,,,,,66399,0.0007505207322537899
,,,39,,,,,,,,,,,,,,,,,,,,,,,,,,,,,66409,0.0011397821363061666
,,,39,,,,,,,,,,,,,,,,,,,,,,,,,,,,,66419,0.0011089177569374442
,,,39,,,,,,,,,,,,,,,,,,,,,,,,,,,,,66429,0.0010707671754062176
,,,39,,,,,,,,,,,,,,,,,,,,,,,,,,,,,66439,0.0014114901423454285
,,,39,,,,,,,,,,,,,,,,,,,,,,,,,,,,,66449,0.0009068581857718527
,,,39,,,,,,,,,,,,,,,,,,,,,,,,,,,,,66459,0.0003594889712985605
,,,39,,,,,,,,,,,,,,,,,,,,,,,,,,,,,66469,0.06644637137651443
,,,39,,,,,,,,,,,,,,,,,,,,,,,,,,,,,66479,0.0010793335968628526
0.8379096388816833,0.7728758454322815,0.914893627166748,39,,,,,,,,,,,,,,,,,,,,,,,,,,,,,66479,
,,,,6.653706639515992e-08,3.727436232353765e-07,5.734517280544253e-07,5.734517280544253e-07,8.822334277760388e-07,8.822334277760388e-07,1.3572821965785213e-06,1.3572821965785213e-06,2.088126456274648e-06,2.088126456274648e-06,3.212502240422535e-06,6.653706639515992e-08,3.212502240422535e-06,4.942311139111592e-06,4.942311139111592e-06,7.603555598633219e-06,7.603555598633219e-06,1.1697777844051105e-05,1.1697777844051105e-05,1.1697777844051105e-05,1.1697777844051105e-05,1.0236471753101525e-07,1.0236471753101525e-07,1.5748418081694655e-07,1.5748418081694655e-07,2.4228335510299467e-07,2.4228335510299467e-07,3.727436232353765e-07,66480,
,,,40,,,,,,,,,,,,,,,,,,,,,,,,,,,,,66489,0.004848617594689131
,,,40,,,,,,,,,,,,,,,,,,,,,,,,,,,,,66499,0.0012060713488608599
,,,40,,,,,,,,,,,,,,,,,,,,,,,,,,,,,66509,0.0006458310526795685
,,,40,,,,,,,,,,,,,,,,,,,,,,,,,,,,,66519,0.06283122301101685
,,,40,,,,,,,,,,,,,,,,,,,,,,,,,,,,,66529,0.002326644491404295
,,,40,,,,,,,,,,,,,,,,,,,,,,,,,,,,,66539,0.0016720561543479562
,,,40,,,,,,,,,,,,,,,,,,,,,,,,,,,,,66549,0.0017021243693307042
,,,40,,,,,,,,,,,,,,,,,,,,,,,,,,,,,66559,0.006590351462364197
,,,40,,,,,,,,,,,,,,,,,,,,,,,,,,,,,66569,0.0035002415534108877
,,,40,,,,,,,,,,,,,,,,,,,,,,,,,,,,,66579,0.009111831896007061
,,,40,,,,,,,,,,,,,,,,,,,,,,,,,,,,,66589,0.0023197538685053587
,,,40,,,,,,,,,,,,,,,,,,,,,,,,,,,,,66599,0.00209169858135283
,,,40,,,,,,,,,,,,,,,,,,,,,,,,,,,,,66609,0.0005204464541748166
,,,40,,,,,,,,,,,,,,,,,,,,,,,,,,,,,66619,0.043777551501989365
,,,40,,,,,,,,,,,,,,,,,,,,,,,,,,,,,66629,0.0013634769711643457
,,,40,,,,,,,,,,,,,,,,,,,,,,,,,,,,,66639,0.05117673799395561
,,,40,,,,,,,,,,,,,,,,,,,,,,,,,,,,,66649,0.0019088732078671455
,,,40,,,,,,,,,,,,,,,,,,,,,,,,,,,,,66659,0.0686248391866684
,,,40,,,,,,,,,,,,,,,,,,,,,,,,,,,,,66669,0.4957648515701294
,,,40,,,,,,,,,,,,,,,,,,,,,,,,,,,,,66679,0.0011139822890982032
,,,40,,,,,,,,,,,,,,,,,,,,,,,,,,,,,66689,0.004626829642802477
,,,40,,,,,,,,,,,,,,,,,,,,,,,,,,,,,66699,1.1188242435455322
,,,40,,,,,,,,,,,,,,,,,,,,,,,,,,,,,66709,0.001766857341863215
,,,40,,,,,,,,,,,,,,,,,,,,,,,,,,,,,66719,0.0006579632172361016
,,,40,,,,,,,,,,,,,,,,,,,,,,,,,,,,,66729,0.0011669739615172148
,,,40,,,,,,,,,,,,,,,,,,,,,,,,,,,,,66739,0.0010080499341711402
,,,40,,,,,,,,,,,,,,,,,,,,,,,,,,,,,66749,0.001110663521103561
,,,40,,,,,,,,,,,,,,,,,,,,,,,,,,,,,66759,0.004252939485013485
,,,40,,,,,,,,,,,,,,,,,,,,,,,,,,,,,66769,0.0016541650984436274
,,,40,,,,,,,,,,,,,,,,,,,,,,,,,,,,,66779,0.0021396817173808813
,,,40,,,,,,,,,,,,,,,,,,,,,,,,,,,,,66789,0.0012278408976271749
,,,40,,,,,,,,,,,,,,,,,,,,,,,,,,,,,66799,0.00043128360994160175
,,,40,,,,,,,,,,,,,,,,,,,,,,,,,,,,,66809,0.0009163851500488818
,,,40,,,,,,,,,,,,,,,,,,,,,,,,,,,,,66819,0.0031582775991410017
,,,40,,,,,,,,,,,,,,,,,,,,,,,,,,,,,66829,0.020521312952041626
,,,40,,,,,,,,,,,,,,,,,,,,,,,,,,,,,66839,0.00534017151221633
,,,40,,,,,,,,,,,,,,,,,,,,,,,,,,,,,66849,0.003510732203722
,,,40,,,,,,,,,,,,,,,,,,,,,,,,,,,,,66859,0.0010916268220171332
,,,40,,,,,,,,,,,,,,,,,,,,,,,,,,,,,66869,0.0006228246493265033
,,,40,,,,,,,,,,,,,,,,,,,,,,,,,,,,,66879,0.0025057971943169832
,,,40,,,,,,,,,,,,,,,,,,,,,,,,,,,,,66889,0.0009052988607436419
,,,40,,,,,,,,,,,,,,,,,,,,,,,,,,,,,66899,0.004107723943889141
,,,40,,,,,,,,,,,,,,,,,,,,,,,,,,,,,66909,0.001512076472863555
,,,40,,,,,,,,,,,,,,,,,,,,,,,,,,,,,66919,0.0007805683417245746
,,,40,,,,,,,,,,,,,,,,,,,,,,,,,,,,,66929,0.0004778938018716872
,,,40,,,,,,,,,,,,,,,,,,,,,,,,,,,,,66939,0.0012847502948716283
,,,40,,,,,,,,,,,,,,,,,,,,,,,,,,,,,66949,0.0008193929097615182
,,,40,,,,,,,,,,,,,,,,,,,,,,,,,,,,,66959,0.0014032077742740512
,,,40,,,,,,,,,,,,,,,,,,,,,,,,,,,,,66969,0.0007468474213965237
,,,40,,,,,,,,,,,,,,,,,,,,,,,,,,,,,66979,0.0023790854029357433
,,,40,,,,,,,,,,,,,,,,,,,,,,,,,,,,,66989,0.0015448505291715264
,,,40,,,,,,,,,,,,,,,,,,,,,,,,,,,,,66999,0.0009477265411987901
,,,40,,,,,,,,,,,,,,,,,,,,,,,,,,,,,67009,0.023307088762521744
,,,40,,,,,,,,,,,,,,,,,,,,,,,,,,,,,67019,0.1689351350069046
,,,40,,,,,,,,,,,,,,,,,,,,,,,,,,,,,67029,0.0017884999979287386
,,,40,,,,,,,,,,,,,,,,,,,,,,,,,,,,,67039,0.0007089617429301143
,,,40,,,,,,,,,,,,,,,,,,,,,,,,,,,,,67049,0.0009601070778444409
,,,40,,,,,,,,,,,,,,,,,,,,,,,,,,,,,67059,0.0004603786510415375
,,,40,,,,,,,,,,,,,,,,,,,,,,,,,,,,,67069,0.002106929197907448
,,,40,,,,,,,,,,,,,,,,,,,,,,,,,,,,,67079,0.0019334338139742613
,,,40,,,,,,,,,,,,,,,,,,,,,,,,,,,,,67089,0.0016127763083204627
,,,40,,,,,,,,,,,,,,,,,,,,,,,,,,,,,67099,0.0032319440506398678
,,,40,,,,,,,,,,,,,,,,,,,,,,,,,,,,,67109,0.45499372482299805
,,,40,,,,,,,,,,,,,,,,,,,,,,,,,,,,,67119,0.0020830652210861444
,,,40,,,,,,,,,,,,,,,,,,,,,,,,,,,,,67129,0.0007305226172320545
,,,40,,,,,,,,,,,,,,,,,,,,,,,,,,,,,67139,0.0030190737452358007
,,,40,,,,,,,,,,,,,,,,,,,,,,,,,,,,,67149,0.0028893486596643925
,,,40,,,,,,,,,,,,,,,,,,,,,,,,,,,,,67159,0.012870457023382187
,,,40,,,,,,,,,,,,,,,,,,,,,,,,,,,,,67169,0.003166181966662407
,,,40,,,,,,,,,,,,,,,,,,,,,,,,,,,,,67179,0.0010272810468450189
,,,40,,,,,,,,,,,,,,,,,,,,,,,,,,,,,67189,0.0007824444910511374
,,,40,,,,,,,,,,,,,,,,,,,,,,,,,,,,,67199,0.0007483760709874332
,,,40,,,,,,,,,,,,,,,,,,,,,,,,,,,,,67209,0.004441264551132917
,,,40,,,,,,,,,,,,,,,,,,,,,,,,,,,,,67219,0.0013417208101600409
,,,40,,,,,,,,,,,,,,,,,,,,,,,,,,,,,67229,0.0006911134114488959
,,,40,,,,,,,,,,,,,,,,,,,,,,,,,,,,,67239,0.0032761457841843367
,,,40,,,,,,,,,,,,,,,,,,,,,,,,,,,,,67249,0.0019935141317546368
,,,40,,,,,,,,,,,,,,,,,,,,,,,,,,,,,67259,0.07431503385305405
,,,40,,,,,,,,,,,,,,,,,,,,,,,,,,,,,67269,0.0007399796741083264
,,,40,,,,,,,,,,,,,,,,,,,,,,,,,,,,,67279,0.012256416492164135
,,,40,,,,,,,,,,,,,,,,,,,,,,,,,,,,,67289,0.0012934051919728518
,,,40,,,,,,,,,,,,,,,,,,,,,,,,,,,,,67299,0.0007116124616004527
,,,40,,,,,,,,,,,,,,,,,,,,,,,,,,,,,67309,0.32791176438331604
,,,40,,,,,,,,,,,,,,,,,,,,,,,,,,,,,67319,0.00043171309516765177
,,,40,,,,,,,,,,,,,,,,,,,,,,,,,,,,,67329,0.0014868582366034389
,,,40,,,,,,,,,,,,,,,,,,,,,,,,,,,,,67339,0.0012983843917027116
,,,40,,,,,,,,,,,,,,,,,,,,,,,,,,,,,67349,0.0008959140977822244
,,,40,,,,,,,,,,,,,,,,,,,,,,,,,,,,,67359,0.0004127156571485102
,,,40,,,,,,,,,,,,,,,,,,,,,,,,,,,,,67369,0.02464362606406212
,,,40,,,,,,,,,,,,,,,,,,,,,,,,,,,,,67379,0.006760372780263424
,,,40,,,,,,,,,,,,,,,,,,,,,,,,,,,,,67389,0.16989220678806305
,,,40,,,,,,,,,,,,,,,,,,,,,,,,,,,,,67399,0.020411500707268715
,,,40,,,,,,,,,,,,,,,,,,,,,,,,,,,,,67409,0.0010164539562538266
,,,40,,,,,,,,,,,,,,,,,,,,,,,,,,,,,67419,0.0002574729733169079
,,,40,,,,,,,,,,,,,,,,,,,,,,,,,,,,,67429,0.001197165111079812
,,,40,,,,,,,,,,,,,,,,,,,,,,,,,,,,,67439,0.0005221316241659224
,,,40,,,,,,,,,,,,,,,,,,,,,,,,,,,,,67449,0.0003685108385980129
,,,40,,,,,,,,,,,,,,,,,,,,,,,,,,,,,67459,0.046398624777793884
,,,40,,,,,,,,,,,,,,,,,,,,,,,,,,,,,67469,0.0015407537575811148
,,,40,,,,,,,,,,,,,,,,,,,,,,,,,,,,,67479,0.0007171709439717233
,,,40,,,,,,,,,,,,,,,,,,,,,,,,,,,,,67489,0.0008708499954082072
,,,40,,,,,,,,,,,,,,,,,,,,,,,,,,,,,67499,0.0009731223690323532
,,,40,,,,,,,,,,,,,,,,,,,,,,,,,,,,,67509,0.0022600083611905575
,,,40,,,,,,,,,,,,,,,,,,,,,,,,,,,,,67519,0.001664853421971202
,,,40,,,,,,,,,,,,,,,,,,,,,,,,,,,,,67529,0.0007575475028716028
,,,40,,,,,,,,,,,,,,,,,,,,,,,,,,,,,67539,0.00046587875112891197
,,,40,,,,,,,,,,,,,,,,,,,,,,,,,,,,,67549,0.0010679522529244423
,,,40,,,,,,,,,,,,,,,,,,,,,,,,,,,,,67559,0.0005578555865213275
,,,40,,,,,,,,,,,,,,,,,,,,,,,,,,,,,67569,0.0018650421407073736
,,,40,,,,,,,,,,,,,,,,,,,,,,,,,,,,,67579,0.013894768431782722
,,,40,,,,,,,,,,,,,,,,,,,,,,,,,,,,,67589,0.0015676880721002817
,,,40,,,,,,,,,,,,,,,,,,,,,,,,,,,,,67599,0.00048002874245867133
,,,40,,,,,,,,,,,,,,,,,,,,,,,,,,,,,67609,0.0019725116435438395
,,,40,,,,,,,,,,,,,,,,,,,,,,,,,,,,,67619,0.0019833045080304146
,,,40,,,,,,,,,,,,,,,,,,,,,,,,,,,,,67629,0.004303648602217436
,,,40,,,,,,,,,,,,,,,,,,,,,,,,,,,,,67639,0.0019356247503310442
,,,40,,,,,,,,,,,,,,,,,,,,,,,,,,,,,67649,0.0031604187097400427
,,,40,,,,,,,,,,,,,,,,,,,,,,,,,,,,,67659,0.0004378888406790793
,,,40,,,,,,,,,,,,,,,,,,,,,,,,,,,,,67669,0.0010732420487329364
,,,40,,,,,,,,,,,,,,,,,,,,,,,,,,,,,67679,0.0018770472379401326
,,,40,,,,,,,,,,,,,,,,,,,,,,,,,,,,,67689,0.0006432820810005069
,,,40,,,,,,,,,,,,,,,,,,,,,,,,,,,,,67699,0.003977901767939329
,,,40,,,,,,,,,,,,,,,,,,,,,,,,,,,,,67709,0.0008666029898449779
,,,40,,,,,,,,,,,,,,,,,,,,,,,,,,,,,67719,0.0013390242820605636
,,,40,,,,,,,,,,,,,,,,,,,,,,,,,,,,,67729,0.0005407928256317973
,,,40,,,,,,,,,,,,,,,,,,,,,,,,,,,,,67739,0.0007929573184810579
,,,40,,,,,,,,,,,,,,,,,,,,,,,,,,,,,67749,0.0006575056468136609
,,,40,,,,,,,,,,,,,,,,,,,,,,,,,,,,,67759,0.000831677985843271
,,,40,,,,,,,,,,,,,,,,,,,,,,,,,,,,,67769,0.0009259329526685178
,,,40,,,,,,,,,,,,,,,,,,,,,,,,,,,,,67779,0.0012116902507841587
,,,40,,,,,,,,,,,,,,,,,,,,,,,,,,,,,67789,0.0017932804767042398
,,,40,,,,,,,,,,,,,,,,,,,,,,,,,,,,,67799,0.0006021741428412497
,,,40,,,,,,,,,,,,,,,,,,,,,,,,,,,,,67809,0.0006115810829214752
,,,40,,,,,,,,,,,,,,,,,,,,,,,,,,,,,67819,0.020150450989603996
,,,40,,,,,,,,,,,,,,,,,,,,,,,,,,,,,67829,0.003127387259155512
,,,40,,,,,,,,,,,,,,,,,,,,,,,,,,,,,67839,0.00294714467599988
,,,40,,,,,,,,,,,,,,,,,,,,,,,,,,,,,67849,0.0003838434349745512
,,,40,,,,,,,,,,,,,,,,,,,,,,,,,,,,,67859,0.0024034350644797087
,,,40,,,,,,,,,,,,,,,,,,,,,,,,,,,,,67869,0.0010494730668142438
,,,40,,,,,,,,,,,,,,,,,,,,,,,,,,,,,67879,0.0010183557169511914
,,,40,,,,,,,,,,,,,,,,,,,,,,,,,,,,,67889,0.0009867777116596699
,,,40,,,,,,,,,,,,,,,,,,,,,,,,,,,,,67899,0.0007149565499275923
,,,40,,,,,,,,,,,,,,,,,,,,,,,,,,,,,67909,0.0004968313733115792
,,,40,,,,,,,,,,,,,,,,,,,,,,,,,,,,,67919,0.0005805348628200591
,,,40,,,,,,,,,,,,,,,,,,,,,,,,,,,,,67929,0.0009698685607872903
,,,40,,,,,,,,,,,,,,,,,,,,,,,,,,,,,67939,0.0011454402701929212
,,,40,,,,,,,,,,,,,,,,,,,,,,,,,,,,,67949,0.00046568969264626503
,,,40,,,,,,,,,,,,,,,,,,,,,,,,,,,,,67959,0.0020893109031021595
,,,40,,,,,,,,,,,,,,,,,,,,,,,,,,,,,67969,0.003198770107701421
,,,40,,,,,,,,,,,,,,,,,,,,,,,,,,,,,67979,0.000405196042265743
,,,40,,,,,,,,,,,,,,,,,,,,,,,,,,,,,67989,0.002230097306892276
,,,40,,,,,,,,,,,,,,,,,,,,,,,,,,,,,67999,0.014382888562977314
,,,40,,,,,,,,,,,,,,,,,,,,,,,,,,,,,68009,0.016409805044531822
,,,40,,,,,,,,,,,,,,,,,,,,,,,,,,,,,68019,0.001074228435754776
,,,40,,,,,,,,,,,,,,,,,,,,,,,,,,,,,68029,0.0066133406944572926
,,,40,,,,,,,,,,,,,,,,,,,,,,,,,,,,,68039,0.0013646255247294903
,,,40,,,,,,,,,,,,,,,,,,,,,,,,,,,,,68049,0.0011318775359541178
,,,40,,,,,,,,,,,,,,,,,,,,,,,,,,,,,68059,0.0003827819600701332
,,,40,,,,,,,,,,,,,,,,,,,,,,,,,,,,,68069,0.0005326632526703179
,,,40,,,,,,,,,,,,,,,,,,,,,,,,,,,,,68079,0.012611418962478638
,,,40,,,,,,,,,,,,,,,,,,,,,,,,,,,,,68089,0.04206424951553345
,,,40,,,,,,,,,,,,,,,,,,,,,,,,,,,,,68099,0.0007848562672734261
,,,40,,,,,,,,,,,,,,,,,,,,,,,,,,,,,68109,0.021535724401474
,,,40,,,,,,,,,,,,,,,,,,,,,,,,,,,,,68119,0.001035971217788756
,,,40,,,,,,,,,,,,,,,,,,,,,,,,,,,,,68129,0.0073210871778428555
,,,40,,,,,,,,,,,,,,,,,,,,,,,,,,,,,68139,0.00045252256677486
,,,,5.431565334472347e-08,3.0427872046342055e-07,4.6812110840526237e-07,4.6812110840526237e-07,7.201863206234804e-07,7.201863206234804e-07,1.1079789548053546e-06,1.1079789548053546e-06,1.704583007392853e-06,1.704583007392853e-06,2.622435395989005e-06,5.431565334472347e-08,2.622435395989005e-06,4.034515993829238e-06,4.034515993829238e-06,6.206947682814212e-06,6.206947682814212e-06,9.549150281252633e-06,9.549150281252633e-06,9.549150281252633e-06,9.549150281252633e-06,8.356254360726687e-08,8.356254360726687e-08,1.2855775939579518e-07,1.2855775939579518e-07,1.9778116830122336e-07,1.9778116830122336e-07,3.0427872046342055e-07,68142,
,,,41,,,,,,,,,,,,,,,,,,,,,,,,,,,,,68149,0.0019250287441536784
,,,41,,,,,,,,,,,,,,,,,,,,,,,,,,,,,68159,0.0006006570183672011
,,,41,,,,,,,,,,,,,,,,,,,,,,,,,,,,,68169,0.0014746260130777955
,,,41,,,,,,,,,,,,,,,,,,,,,,,,,,,,,68179,0.0014697135193273425
,,,41,,,,,,,,,,,,,,,,,,,,,,,,,,,,,68189,0.002326655900105834
,,,41,,,,,,,,,,,,,,,,,,,,,,,,,,,,,68199,0.0023806090466678143
,,,41,,,,,,,,,,,,,,,,,,,,,,,,,,,,,68209,0.001825141254812479
,,,41,,,,,,,,,,,,,,,,,,,,,,,,,,,,,68219,0.0022254781797528267
,,,41,,,,,,,,,,,,,,,,,,,,,,,,,,,,,68229,0.15304554998874664
,,,41,,,,,,,,,,,,,,,,,,,,,,,,,,,,,68239,0.0009022698504850268
,,,41,,,,,,,,,,,,,,,,,,,,,,,,,,,,,68249,0.001752881333231926
,,,41,,,,,,,,,,,,,,,,,,,,,,,,,,,,,68259,0.0014484053244814277
,,,41,,,,,,,,,,,,,,,,,,,,,,,,,,,,,68269,0.002722294069826603
,,,41,,,,,,,,,,,,,,,,,,,,,,,,,,,,,68279,0.0006812342326156795
,,,41,,,,,,,,,,,,,,,,,,,,,,,,,,,,,68289,0.0013767670607194304
,,,41,,,,,,,,,,,,,,,,,,,,,,,,,,,,,68299,0.0008068966562859714
,,,41,,,,,,,,,,,,,,,,,,,,,,,,,,,,,68309,0.011015966534614563
,,,41,,,,,,,,,,,,,,,,,,,,,,,,,,,,,68319,0.001973483245819807
,,,41,,,,,,,,,,,,,,,,,,,,,,,,,,,,,68329,0.015412244945764542
,,,41,,,,,,,,,,,,,,,,,,,,,,,,,,,,,68339,0.0005673732957802713
,,,41,,,,,,,,,,,,,,,,,,,,,,,,,,,,,68349,0.010999927297234535
,,,41,,,,,,,,,,,,,,,,,,,,,,,,,,,,,68359,0.0032460743095725775
,,,41,,,,,,,,,,,,,,,,,,,,,,,,,,,,,68369,0.07537658512592316
,,,41,,,,,,,,,,,,,,,,,,,,,,,,,,,,,68379,0.0011215051636099815
,,,41,,,,,,,,,,,,,,,,,,,,,,,,,,,,,68389,0.0023805652745068073
,,,41,,,,,,,,,,,,,,,,,,,,,,,,,,,,,68399,0.0013118162751197815
,,,41,,,,,,,,,,,,,,,,,,,,,,,,,,,,,68409,0.04201008751988411
,,,41,,,,,,,,,,,,,,,,,,,,,,,,,,,,,68419,0.0011309573892503977
,,,41,,,,,,,,,,,,,,,,,,,,,,,,,,,,,68429,0.0005605077021755278
,,,41,,,,,,,,,,,,,,,,,,,,,,,,,,,,,68439,0.05082297697663307
,,,41,,,,,,,,,,,,,,,,,,,,,,,,,,,,,68449,0.001319038332439959
,,,41,,,,,,,,,,,,,,,,,,,,,,,,,,,,,68459,0.3565559685230255
,,,41,,,,,,,,,,,,,,,,,,,,,,,,,,,,,68469,0.01564597152173519
,,,41,,,,,,,,,,,,,,,,,,,,,,,,,,,,,68479,0.0006484735058620572
,,,41,,,,,,,,,,,,,,,,,,,,,,,,,,,,,68489,0.0004355934215709567
,,,41,,,,,,,,,,,,,,,,,,,,,,,,,,,,,68499,0.0006820333073846996
,,,41,,,,,,,,,,,,,,,,,,,,,,,,,,,,,68509,0.0028730379417538643
,,,41,,,,,,,,,,,,,,,,,,,,,,,,,,,,,68519,0.002084030071273446
,,,41,,,,,,,,,,,,,,,,,,,,,,,,,,,,,68529,0.0023135500960052013
,,,41,,,,,,,,,,,,,,,,,,,,,,,,,,,,,68539,0.000486954755615443
,,,41,,,,,,,,,,,,,,,,,,,,,,,,,,,,,68549,0.00019537245680112392
,,,41,,,,,,,,,,,,,,,,,,,,,,,,,,,,,68559,0.001113459700718522
,,,41,,,,,,,,,,,,,,,,,,,,,,,,,,,,,68569,0.0009107154328376055
,,,41,,,,,,,,,,,,,,,,,,,,,,,,,,,,,68579,0.0006786767626181245
,,,41,,,,,,,,,,,,,,,,,,,,,,,,,,,,,68589,0.0009014455717988312
,,,41,,,,,,,,,,,,,,,,,,,,,,,,,,,,,68599,0.0030199468601495028
,,,41,,,,,,,,,,,,,,,,,,,,,,,,,,,,,68609,0.0004007428651675582
,,,41,,,,,,,,,,,,,,,,,,,,,,,,,,,,,68619,0.0005269945249892771
,,,41,,,,,,,,,,,,,,,,,,,,,,,,,,,,,68629,0.0005159511929377913
,,,41,,,,,,,,,,,,,,,,,,,,,,,,,,,,,68639,0.0013872332638129592
,,,41,,,,,,,,,,,,,,,,,,,,,,,,,,,,,68649,0.0011660055024549365
,,,41,,,,,,,,,,,,,,,,,,,,,,,,,,,,,68659,0.0017538170795887709
,,,41,,,,,,,,,,,,,,,,,,,,,,,,,,,,,68669,0.0004206887970212847
,,,41,,,,,,,,,,,,,,,,,,,,,,,,,,,,,68679,0.0014474735362455249
,,,41,,,,,,,,,,,,,,,,,,,,,,,,,,,,,68689,0.001209002803079784
,,,41,,,,,,,,,,,,,,,,,,,,,,,,,,,,,68699,0.0006904740585014224
,,,41,,,,,,,,,,,,,,,,,,,,,,,,,,,,,68709,0.0013155816122889519
,,,41,,,,,,,,,,,,,,,,,,,,,,,,,,,,,68719,0.0010461206547915936
,,,41,,,,,,,,,,,,,,,,,,,,,,,,,,,,,68729,0.0009594105067662895
,,,41,,,,,,,,,,,,,,,,,,,,,,,,,,,,,68739,0.0019608167931437492
,,,41,,,,,,,,,,,,,,,,,,,,,,,,,,,,,68749,0.0021470356732606888
,,,41,,,,,,,,,,,,,,,,,,,,,,,,,,,,,68759,0.001806521788239479
,,,41,,,,,,,,,,,,,,,,,,,,,,,,,,,,,68769,0.0022649045567959547
,,,41,,,,,,,,,,,,,,,,,,,,,,,,,,,,,68779,0.0017190708313137293
,,,41,,,,,,,,,,,,,,,,,,,,,,,,,,,,,68789,0.0007810428505763412
,,,41,,,,,,,,,,,,,,,,,,,,,,,,,,,,,68799,0.003617938607931137
,,,41,,,,,,,,,,,,,,,,,,,,,,,,,,,,,68809,0.0010139195946976542
,,,41,,,,,,,,,,,,,,,,,,,,,,,,,,,,,68819,0.0007794169941917062
,,,41,,,,,,,,,,,,,,,,,,,,,,,,,,,,,68829,0.0002972278161905706
,,,41,,,,,,,,,,,,,,,,,,,,,,,,,,,,,68839,0.0024718779604882
,,,41,,,,,,,,,,,,,,,,,,,,,,,,,,,,,68849,0.0007867611129768193
,,,41,,,,,,,,,,,,,,,,,,,,,,,,,,,,,68859,0.001227303291670978
,,,41,,,,,,,,,,,,,,,,,,,,,,,,,,,,,68869,0.0005056040827184916
,,,41,,,,,,,,,,,,,,,,,,,,,,,,,,,,,68879,0.003515922697260976
,,,41,,,,,,,,,,,,,,,,,,,,,,,,,,,,,68889,0.0027704837266355753
,,,41,,,,,,,,,,,,,,,,,,,,,,,,,,,,,68899,0.0009066164493560791
,,,41,,,,,,,,,,,,,,,,,,,,,,,,,,,,,68909,0.012982597574591637
,,,41,,,,,,,,,,,,,,,,,,,,,,,,,,,,,68919,0.0013456536689773202
,,,41,,,,,,,,,,,,,,,,,,,,,,,,,,,,,68929,0.4433755874633789
,,,41,,,,,,,,,,,,,,,,,,,,,,,,,,,,,68939,0.03548843786120415
,,,41,,,,,,,,,,,,,,,,,,,,,,,,,,,,,68949,0.0028185443952679634
,,,41,,,,,,,,,,,,,,,,,,,,,,,,,,,,,68959,0.002086204942315817
,,,41,,,,,,,,,,,,,,,,,,,,,,,,,,,,,68969,0.0010843045311048627
,,,41,,,,,,,,,,,,,,,,,,,,,,,,,,,,,68979,0.0004111430316697806
,,,41,,,,,,,,,,,,,,,,,,,,,,,,,,,,,68989,0.0014905203133821487
,,,41,,,,,,,,,,,,,,,,,,,,,,,,,,,,,68999,0.0009295853669755161
,,,41,,,,,,,,,,,,,,,,,,,,,,,,,,,,,69009,0.0004405446525197476
,,,41,,,,,,,,,,,,,,,,,,,,,,,,,,,,,69019,0.0010675921803340316
,,,41,,,,,,,,,,,,,,,,,,,,,,,,,,,,,69029,0.004426531959325075
,,,41,,,,,,,,,,,,,,,,,,,,,,,,,,,,,69039,0.0009878654964268208
,,,41,,,,,,,,,,,,,,,,,,,,,,,,,,,,,69049,0.006288938224315643
,,,41,,,,,,,,,,,,,,,,,,,,,,,,,,,,,69059,0.0006711736787110567
,,,41,,,,,,,,,,,,,,,,,,,,,,,,,,,,,69069,0.0008474554633721709
,,,41,,,,,,,,,,,,,,,,,,,,,,,,,,,,,69079,0.0053023421205580235
,,,41,,,,,,,,,,,,,,,,,,,,,,,,,,,,,69089,0.0017251460812985897
,,,41,,,,,,,,,,,,,,,,,,,,,,,,,,,,,69099,0.005197602789849043
,,,41,,,,,,,,,,,,,,,,,,,,,,,,,,,,,69109,0.0006736920913681388
,,,41,,,,,,,,,,,,,,,,,,,,,,,,,,,,,69119,0.0013085698010399938
,,,41,,,,,,,,,,,,,,,,,,,,,,,,,,,,,69129,0.0008833687170408666
,,,41,,,,,,,,,,,,,,,,,,,,,,,,,,,,,69139,0.001197167206555605
,,,41,,,,,,,,,,,,,,,,,,,,,,,,,,,,,69149,0.0017436183989048004
,,,41,,,,,,,,,,,,,,,,,,,,,,,,,,,,,69159,0.0008839666843414307
,,,41,,,,,,,,,,,,,,,,,,,,,,,,,,,,,69169,0.011215788312256336
,,,41,,,,,,,,,,,,,,,,,,,,,,,,,,,,,69179,0.0005054688081145287
,,,41,,,,,,,,,,,,,,,,,,,,,,,,,,,,,69189,0.0008409561705775559
,,,41,,,,,,,,,,,,,,,,,,,,,,,,,,,,,69199,0.011784457601606846
,,,41,,,,,,,,,,,,,,,,,,,,,,,,,,,,,69209,0.0021729294676333666
,,,41,,,,,,,,,,,,,,,,,,,,,,,,,,,,,69219,0.0010631438344717026
,,,41,,,,,,,,,,,,,,,,,,,,,,,,,,,,,69229,0.0036097404081374407
,,,41,,,,,,,,,,,,,,,,,,,,,,,,,,,,,69239,0.06450207531452179
,,,41,,,,,,,,,,,,,,,,,,,,,,,,,,,,,69249,0.00045335377217270434
,,,41,,,,,,,,,,,,,,,,,,,,,,,,,,,,,69259,0.0018305600387975574
,,,41,,,,,,,,,,,,,,,,,,,,,,,,,,,,,69269,0.01648452877998352
,,,41,,,,,,,,,,,,,,,,,,,,,,,,,,,,,69279,0.0013645198196172714
,,,41,,,,,,,,,,,,,,,,,,,,,,,,,,,,,69289,0.0012504959013313055
,,,41,,,,,,,,,,,,,,,,,,,,,,,,,,,,,69299,0.000949437846429646
,,,41,,,,,,,,,,,,,,,,,,,,,,,,,,,,,69309,0.009911085478961468
,,,41,,,,,,,,,,,,,,,,,,,,,,,,,,,,,69319,0.0022278812248259783
,,,41,,,,,,,,,,,,,,,,,,,,,,,,,,,,,69329,0.0015777156222611666
,,,41,,,,,,,,,,,,,,,,,,,,,,,,,,,,,69339,0.0006303060217760503
,,,41,,,,,,,,,,,,,,,,,,,,,,,,,,,,,69349,0.0006019506836310029
,,,41,,,,,,,,,,,,,,,,,,,,,,,,,,,,,69359,0.0056147146970033646
,,,41,,,,,,,,,,,,,,,,,,,,,,,,,,,,,69369,0.014435118064284325
,,,41,,,,,,,,,,,,,,,,,,,,,,,,,,,,,69379,0.0022259701509028673
,,,41,,,,,,,,,,,,,,,,,,,,,,,,,,,,,69389,0.0017098520183935761
,,,41,,,,,,,,,,,,,,,,,,,,,,,,,,,,,69399,0.004874240607023239
,,,41,,,,,,,,,,,,,,,,,,,,,,,,,,,,,69409,0.0033870767802000046
,,,41,,,,,,,,,,,,,,,,,,,,,,,,,,,,,69419,0.0019206000724807382
,,,41,,,,,,,,,,,,,,,,,,,,,,,,,,,,,69429,0.0013341393787413836
,,,41,,,,,,,,,,,,,,,,,,,,,,,,,,,,,69439,0.0007926708785817027
,,,41,,,,,,,,,,,,,,,,,,,,,,,,,,,,,69449,0.0015420367708429694
,,,41,,,,,,,,,,,,,,,,,,,,,,,,,,,,,69459,0.001440120511688292
,,,41,,,,,,,,,,,,,,,,,,,,,,,,,,,,,69469,0.0003006256010849029
,,,41,,,,,,,,,,,,,,,,,,,,,,,,,,,,,69479,0.18949152529239655
,,,41,,,,,,,,,,,,,,,,,,,,,,,,,,,,,69489,0.0005630856612697244
,,,41,,,,,,,,,,,,,,,,,,,,,,,,,,,,,69499,0.001378763117827475
,,,41,,,,,,,,,,,,,,,,,,,,,,,,,,,,,69509,0.002222059527412057
,,,41,,,,,,,,,,,,,,,,,,,,,,,,,,,,,69519,0.0014655912527814507
,,,41,,,,,,,,,,,,,,,,,,,,,,,,,,,,,69529,0.2892092764377594
,,,41,,,,,,,,,,,,,,,,,,,,,,,,,,,,,69539,0.0011868299916386604
,,,41,,,,,,,,,,,,,,,,,,,,,,,,,,,,,69549,0.0003733543853741139
,,,41,,,,,,,,,,,,,,,,,,,,,,,,,,,,,69559,0.05467341095209122
,,,41,,,,,,,,,,,,,,,,,,,,,,,,,,,,,69569,0.017772162333130836
,,,41,,,,,,,,,,,,,,,,,,,,,,,,,,,,,69579,0.002655286807566881
,,,41,,,,,,,,,,,,,,,,,,,,,,,,,,,,,69589,0.0011612821836024523
,,,41,,,,,,,,,,,,,,,,,,,,,,,,,,,,,69599,0.0011913736816495657
,,,41,,,,,,,,,,,,,,,,,,,,,,,,,,,,,69609,0.0006258184439502656
,,,41,,,,,,,,,,,,,,,,,,,,,,,,,,,,,69619,0.0017999311676248908
,,,41,,,,,,,,,,,,,,,,,,,,,,,,,,,,,69629,0.00203524436801672
,,,41,,,,,,,,,,,,,,,,,,,,,,,,,,,,,69639,0.0018743693362921476
,,,41,,,,,,,,,,,,,,,,,,,,,,,,,,,,,69649,0.0013321442529559135
,,,41,,,,,,,,,,,,,,,,,,,,,,,,,,,,,69659,0.0019042619969695807
,,,41,,,,,,,,,,,,,,,,,,,,,,,,,,,,,69669,0.0010116982739418745
,,,41,,,,,,,,,,,,,,,,,,,,,,,,,,,,,69679,0.012586912140250206
,,,41,,,,,,,,,,,,,,,,,,,,,,,,,,,,,69689,0.002094693249091506
,,,41,,,,,,,,,,,,,,,,,,,,,,,,,,,,,69699,0.0019109664717689157
,,,41,,,,,,,,,,,,,,,,,,,,,,,,,,,,,69709,0.0006862252485007048
,,,41,,,,,,,,,,,,,,,,,,,,,,,,,,,,,69719,0.0014481930993497372
,,,41,,,,,,,,,,,,,,,,,,,,,,,,,,,,,69729,0.0011605593608692288
,,,41,,,,,,,,,,,,,,,,,,,,,,,,,,,,,69739,0.0007809520466253161
,,,41,,,,,,,,,,,,,,,,,,,,,,,,,,,,,69749,0.001464125351049006
,,,41,,,,,,,,,,,,,,,,,,,,,,,,,,,,,69759,0.42368578910827637
,,,41,,,,,,,,,,,,,,,,,,,,,,,,,,,,,69769,0.0007596505456604064
,,,41,,,,,,,,,,,,,,,,,,,,,,,,,,,,,69779,0.0015786143485456705
,,,41,,,,,,,,,,,,,,,,,,,,,,,,,,,,,69789,0.002512330422177911
,,,41,,,,,,,,,,,,,,,,,,,,,,,,,,,,,69799,0.0038214523810893297
,,,,4.321519031092087e-08,2.420934298430496e-07,3.724514305277685e-07,3.724514305277685e-07,5.730022008119516e-07,5.730022008119516e-07,8.815418474030023e-07,8.815418474030023e-07,1.3562182267738498e-06,1.3562182267738498e-06,2.0864895796520763e-06,4.321519031092087e-08,2.0864895796520763e-06,3.2099839686955018e-06,3.2099839686955018e-06,4.938436874916157e-06,4.938436874916157e-06,7.597595192178702e-06,7.597595192178702e-06,7.597595192178702e-06,7.597595192178702e-06,6.648490817064748e-08,6.648490817064748e-08,1.0228447410868844e-07,1.0228447410868844e-07,1.5736072939798221e-07,1.5736072939798221e-07,2.420934298430496e-07,69804,
,,,42,,,,,,,,,,,,,,,,,,,,,,,,,,,,,69809,0.001887422171421349
,,,42,,,,,,,,,,,,,,,,,,,,,,,,,,,,,69819,0.0016607450088486075
,,,42,,,,,,,,,,,,,,,,,,,,,,,,,,,,,69829,0.15093564987182617
,,,42,,,,,,,,,,,,,,,,,,,,,,,,,,,,,69839,0.0007433118298649788
,,,42,,,,,,,,,,,,,,,,,,,,,,,,,,,,,69849,0.3044184446334839
,,,42,,,,,,,,,,,,,,,,,,,,,,,,,,,,,69859,0.0015945780323818326
,,,42,,,,,,,,,,,,,,,,,,,,,,,,,,,,,69869,0.0012105578789487481
,,,42,,,,,,,,,,,,,,,,,,,,,,,,,,,,,69879,0.002961315680295229
,,,42,,,,,,,,,,,,,,,,,,,,,,,,,,,,,69889,0.0005765932728536427
,,,42,,,,,,,,,,,,,,,,,,,,,,,,,,,,,69899,0.0004724212340079248
,,,42,,,,,,,,,,,,,,,,,,,,,,,,,,,,,69909,0.0009800874395295978
,,,42,,,,,,,,,,,,,,,,,,,,,,,,,,,,,69919,0.0012895126128569245
,,,42,,,,,,,,,,,,,,,,,,,,,,,,,,,,,69929,0.0015807806048542261
,,,42,,,,,,,,,,,,,,,,,,,,,,,,,,,,,69939,0.01017940603196621
,,,42,,,,,,,,,,,,,,,,,,,,,,,,,,,,,69949,0.001144619658589363
,,,42,,,,,,,,,,,,,,,,,,,,,,,,,,,,,69959,0.001364503987133503
,,,42,,,,,,,,,,,,,,,,,,,,,,,,,,,,,69969,0.00859612412750721
,,,42,,,,,,,,,,,,,,,,,,,,,,,,,,,,,69979,0.0010398628655821085
,,,42,,,,,,,,,,,,,,,,,,,,,,,,,,,,,69989,0.0006713842740282416
,,,42,,,,,,,,,,,,,,,,,,,,,,,,,,,,,69999,0.0014632564270868897
,,,42,,,,,,,,,,,,,,,,,,,,,,,,,,,,,70009,0.0005356086185202003
,,,42,,,,,,,,,,,,,,,,,,,,,,,,,,,,,70019,0.0011771285207942128
,,,42,,,,,,,,,,,,,,,,,,,,,,,,,,,,,70029,0.008817008696496487
,,,42,,,,,,,,,,,,,,,,,,,,,,,,,,,,,70039,0.004023858346045017
,,,42,,,,,,,,,,,,,,,,,,,,,,,,,,,,,70049,0.0023397242184728384
,,,42,,,,,,,,,,,,,,,,,,,,,,,,,,,,,70059,0.0108047965914011
,,,42,,,,,,,,,,,,,,,,,,,,,,,,,,,,,70069,0.0026231815572828054
,,,42,,,,,,,,,,,,,,,,,,,,,,,,,,,,,70079,0.00034078702447004616
,,,42,,,,,,,,,,,,,,,,,,,,,,,,,,,,,70089,0.0016074199229478836
,,,42,,,,,,,,,,,,,,,,,,,,,,,,,,,,,70099,0.0017613137606531382
,,,42,,,,,,,,,,,,,,,,,,,,,,,,,,,,,70109,0.006164838094264269
,,,42,,,,,,,,,,,,,,,,,,,,,,,,,,,,,70119,0.0026370291598141193
,,,42,,,,,,,,,,,,,,,,,,,,,,,,,,,,,70129,0.0006130430847406387
,,,42,,,,,,,,,,,,,,,,,,,,,,,,,,,,,70139,0.0020145901944488287
,,,42,,,,,,,,,,,,,,,,,,,,,,,,,,,,,70149,0.0021189218387007713
,,,42,,,,,,,,,,,,,,,,,,,,,,,,,,,,,70159,0.0007124848198145628
,,,42,,,,,,,,,,,,,,,,,,,,,,,,,,,,,70169,0.00037207300192676485
,,,42,,,,,,,,,,,,,,,,,,,,,,,,,,,,,70179,0.0006016507395543158
,,,42,,,,,,,,,,,,,,,,,,,,,,,,,,,,,70189,0.0008288777316920459
,,,42,,,,,,,,,,,,,,,,,,,,,,,,,,,,,70199,0.0011042609112337232
,,,42,,,,,,,,,,,,,,,,,,,,,,,,,,,,,70209,0.001459884108044207
,,,42,,,,,,,,,,,,,,,,,,,,,,,,,,,,,70219,0.0026562861166894436
,,,42,,,,,,,,,,,,,,,,,,,,,,,,,,,,,70229,0.0010332021629437804
,,,42,,,,,,,,,,,,,,,,,,,,,,,,,,,,,70239,0.004021730739623308
,,,42,,,,,,,,,,,,,,,,,,,,,,,,,,,,,70249,0.001132422243244946
,,,42,,,,,,,,,,,,,,,,,,,,,,,,,,,,,70259,0.014414086937904358
,,,42,,,,,,,,,,,,,,,,,,,,,,,,,,,,,70269,0.0009361340198665857
,,,42,,,,,,,,,,,,,,,,,,,,,,,,,,,,,70279,0.01908302865922451
,,,42,,,,,,,,,,,,,,,,,,,,,,,,,,,,,70289,0.002131119603291154
,,,42,,,,,,,,,,,,,,,,,,,,,,,,,,,,,70299,0.0008621282177045941
,,,42,,,,,,,,,,,,,,,,,,,,,,,,,,,,,70309,0.0009208834380842745
,,,42,,,,,,,,,,,,,,,,,,,,,,,,,,,,,70319,0.0006327367154881358
,,,42,,,,,,,,,,,,,,,,,,,,,,,,,,,,,70329,0.0008845164556987584
,,,42,,,,,,,,,,,,,,,,,,,,,,,,,,,,,70339,0.0029651785735040903
,,,42,,,,,,,,,,,,,,,,,,,,,,,,,,,,,70349,0.0021723469253629446
,,,42,,,,,,,,,,,,,,,,,,,,,,,,,,,,,70359,0.0025222382973879576
,,,42,,,,,,,,,,,,,,,,,,,,,,,,,,,,,70369,0.0007695106905885041
,,,42,,,,,,,,,,,,,,,,,,,,,,,,,,,,,70379,0.0020918319933116436
,,,42,,,,,,,,,,,,,,,,,,,,,,,,,,,,,70389,0.001218053512275219
,,,42,,,,,,,,,,,,,,,,,,,,,,,,,,,,,70399,0.0016582647804170847
,,,42,,,,,,,,,,,,,,,,,,,,,,,,,,,,,70409,0.0008654978009872139
,,,42,,,,,,,,,,,,,,,,,,,,,,,,,,,,,70419,0.0005488599417731166
,,,42,,,,,,,,,,,,,,,,,,,,,,,,,,,,,70429,0.376269668340683
,,,42,,,,,,,,,,,,,,,,,,,,,,,,,,,,,70439,0.0005687561933882535
,,,42,,,,,,,,,,,,,,,,,,,,,,,,,,,,,70449,0.0016231276094913483
,,,42,,,,,,,,,,,,,,,,,,,,,,,,,,,,,70459,0.03622277081012726
,,,42,,,,,,,,,,,,,,,,,,,,,,,,,,,,,70469,0.0009147016680799425
,,,42,,,,,,,,,,,,,,,,,,,,,,,,,,,,,70479,0.0006523214979097247
,,,42,,,,,,,,,,,,,,,,,,,,,,,,,,,,,70489,0.00046579306945204735
,,,42,,,,,,,,,,,,,,,,,,,,,,,,,,,,,70499,0.0014057080261409283
,,,42,,,,,,,,,,,,,,,,,,,,,,,,,,,,,70509,0.0006571386475116014
,,,42,,,,,,,,,,,,,,,,,,,,,,,,,,,,,70519,0.001010481151752174
,,,42,,,,,,,,,,,,,,,,,,,,,,,,,,,,,70529,0.0020996571984142065
,,,42,,,,,,,,,,,,,,,,,,,,,,,,,,,,,70539,0.0008361670188605785
,,,42,,,,,,,,,,,,,,,,,,,,,,,,,,,,,70549,0.0010247656609863043
,,,42,,,,,,,,,,,,,,,,,,,,,,,,,,,,,70559,0.0005516360979527235
,,,42,,,,,,,,,,,,,,,,,,,,,,,,,,,,,70569,0.0015332514885812998
,,,42,,,,,,,,,,,,,,,,,,,,,,,,,,,,,70579,0.0003920921590179205
,,,42,,,,,,,,,,,,,,,,,,,,,,,,,,,,,70589,0.04157913103699684
,,,42,,,,,,,,,,,,,,,,,,,,,,,,,,,,,70599,0.0009858683915808797
,,,42,,,,,,,,,,,,,,,,,,,,,,,,,,,,,70609,0.0010916434694081545
,,,42,,,,,,,,,,,,,,,,,,,,,,,,,,,,,70619,0.0009611930581741035
,,,42,,,,,,,,,,,,,,,,,,,,,,,,,,,,,70629,0.0006676001939922571
,,,42,,,,,,,,,,,,,,,,,,,,,,,,,,,,,70639,0.00521602900698781
,,,42,,,,,,,,,,,,,,,,,,,,,,,,,,,,,70649,0.0018194918520748615
,,,42,,,,,,,,,,,,,,,,,,,,,,,,,,,,,70659,0.002543883165344596
,,,42,,,,,,,,,,,,,,,,,,,,,,,,,,,,,70669,0.0014629997313022614
,,,42,,,,,,,,,,,,,,,,,,,,,,,,,,,,,70679,0.0009800185216590762
,,,42,,,,,,,,,,,,,,,,,,,,,,,,,,,,,70689,0.015843259170651436
,,,42,,,,,,,,,,,,,,,,,,,,,,,,,,,,,70699,0.008141867816448212
,,,42,,,,,,,,,,,,,,,,,,,,,,,,,,,,,70709,0.0012643813388422132
,,,42,,,,,,,,,,,,,,,,,,,,,,,,,,,,,70719,0.0011313986033201218
,,,42,,,,,,,,,,,,,,,,,,,,,,,,,,,,,70729,0.0015662371879443526
,,,42,,,,,,,,,,,,,,,,,,,,,,,,,,,,,70739,0.0012244536774232984
,,,42,,,,,,,,,,,,,,,,,,,,,,,,,,,,,70749,0.009850912727415562
,,,42,,,,,,,,,,,,,,,,,,,,,,,,,,,,,70759,0.3332761228084564
,,,42,,,,,,,,,,,,,,,,,,,,,,,,,,,,,70769,0.002805188298225403
,,,42,,,,,,,,,,,,,,,,,,,,,,,,,,,,,70779,0.000781240698415786
,,,42,,,,,,,,,,,,,,,,,,,,,,,,,,,,,70789,0.0017073078779503703
,,,42,,,,,,,,,,,,,,,,,,,,,,,,,,,,,70799,0.000792934384662658
,,,42,,,,,,,,,,,,,,,,,,,,,,,,,,,,,70809,0.002995944581925869
,,,42,,,,,,,,,,,,,,,,,,,,,,,,,,,,,70819,0.0006928269867785275
,,,42,,,,,,,,,,,,,,,,,,,,,,,,,,,,,70829,0.006275084801018238
,,,42,,,,,,,,,,,,,,,,,,,,,,,,,,,,,70839,0.0016169757582247257
,,,42,,,,,,,,,,,,,,,,,,,,,,,,,,,,,70849,0.0011414518812671304
,,,42,,,,,,,,,,,,,,,,,,,,,,,,,,,,,70859,0.0010917619802057743
,,,42,,,,,,,,,,,,,,,,,,,,,,,,,,,,,70869,0.0009116613073274493
,,,42,,,,,,,,,,,,,,,,,,,,,,,,,,,,,70879,0.003429864998906851
,,,42,,,,,,,,,,,,,,,,,,,,,,,,,,,,,70889,0.0009106939542107284
,,,42,,,,,,,,,,,,,,,,,,,,,,,,,,,,,70899,0.0015335582429543138
,,,42,,,,,,,,,,,,,,,,,,,,,,,,,,,,,70909,0.08815547823905945
,,,42,,,,,,,,,,,,,,,,,,,,,,,,,,,,,70919,0.005950823426246643
,,,42,,,,,,,,,,,,,,,,,,,,,,,,,,,,,70929,0.03709305450320244
,,,42,,,,,,,,,,,,,,,,,,,,,,,,,,,,,70939,0.0008447336731478572
,,,42,,,,,,,,,,,,,,,,,,,,,,,,,,,,,70949,0.0014199818251654506
,,,42,,,,,,,,,,,,,,,,,,,,,,,,,,,,,70959,0.015227213501930237
,,,42,,,,,,,,,,,,,,,,,,,,,,,,,,,,,70969,0.4370437562465668
,,,42,,,,,,,,,,,,,,,,,,,,,,,,,,,,,70979,0.0008877647342160344
,,,42,,,,,,,,,,,,,,,,,,,,,,,,,,,,,70989,0.000766631041187793
,,,42,,,,,,,,,,,,,,,,,,,,,,,,,,,,,70999,0.0010094466852024198
,,,42,,,,,,,,,,,,,,,,,,,,,,,,,,,,,71009,0.06193928420543671
,,,42,,,,,,,,,,,,,,,,,,,,,,,,,,,,,71019,0.0010459835175424814
,,,42,,,,,,,,,,,,,,,,,,,,,,,,,,,,,71029,0.008591173216700554
,,,42,,,,,,,,,,,,,,,,,,,,,,,,,,,,,71039,0.001341282157227397
,,,42,,,,,,,,,,,,,,,,,,,,,,,,,,,,,71049,0.0004927211557514966
,,,42,,,,,,,,,,,,,,,,,,,,,,,,,,,,,71059,0.0005357688060030341
,,,42,,,,,,,,,,,,,,,,,,,,,,,,,,,,,71069,0.001380192581564188
,,,42,,,,,,,,,,,,,,,,,,,,,,,,,,,,,71079,0.00262058456428349
,,,42,,,,,,,,,,,,,,,,,,,,,,,,,,,,,71089,0.0016617048531770706
,,,42,,,,,,,,,,,,,,,,,,,,,,,,,,,,,71099,0.0006523467018269002
,,,42,,,,,,,,,,,,,,,,,,,,,,,,,,,,,71109,0.0005065028672106564
,,,42,,,,,,,,,,,,,,,,,,,,,,,,,,,,,71119,0.0005307501996867359
,,,42,,,,,,,,,,,,,,,,,,,,,,,,,,,,,71129,0.0004420965851750225
,,,42,,,,,,,,,,,,,,,,,,,,,,,,,,,,,71139,0.006490230560302734
,,,42,,,,,,,,,,,,,,,,,,,,,,,,,,,,,71149,0.0009446546318940818
,,,42,,,,,,,,,,,,,,,,,,,,,,,,,,,,,71159,0.001428614603355527
,,,42,,,,,,,,,,,,,,,,,,,,,,,,,,,,,71169,0.00034747846075333655
,,,42,,,,,,,,,,,,,,,,,,,,,,,,,,,,,71179,0.0008605000912211835
,,,42,,,,,,,,,,,,,,,,,,,,,,,,,,,,,71189,0.0015217058826237917
,,,42,,,,,,,,,,,,,,,,,,,,,,,,,,,,,71199,0.002299924846738577
,,,42,,,,,,,,,,,,,,,,,,,,,,,,,,,,,71209,0.0013064745580777526
,,,42,,,,,,,,,,,,,,,,,,,,,,,,,,,,,71219,0.057807557284832
,,,42,,,,,,,,,,,,,,,,,,,,,,,,,,,,,71229,0.002312647644430399
,,,42,,,,,,,,,,,,,,,,,,,,,,,,,,,,,71239,0.08319102227687836
,,,42,,,,,,,,,,,,,,,,,,,,,,,,,,,,,71249,0.009413197636604309
,,,42,,,,,,,,,,,,,,,,,,,,,,,,,,,,,71259,0.00264466879889369
,,,42,,,,,,,,,,,,,,,,,,,,,,,,,,,,,71269,0.0011016257340088487
,,,42,,,,,,,,,,,,,,,,,,,,,,,,,,,,,71279,0.0011897333897650242
,,,42,,,,,,,,,,,,,,,,,,,,,,,,,,,,,71289,0.0006459927535615861
,,,42,,,,,,,,,,,,,,,,,,,,,,,,,,,,,71299,0.0007638766546733677
,,,42,,,,,,,,,,,,,,,,,,,,,,,,,,,,,71309,0.0018687633564695716
,,,42,,,,,,,,,,,,,,,,,,,,,,,,,,,,,71319,0.0005264863139018416
,,,42,,,,,,,,,,,,,,,,,,,,,,,,,,,,,71329,0.0016293624648824334
,,,42,,,,,,,,,,,,,,,,,,,,,,,,,,,,,71339,0.0019763950258493423
,,,42,,,,,,,,,,,,,,,,,,,,,,,,,,,,,71349,0.0009038285352289677
,,,42,,,,,,,,,,,,,,,,,,,,,,,,,,,,,71359,0.0015357853844761848
,,,42,,,,,,,,,,,,,,,,,,,,,,,,,,,,,71369,0.0012004870222881436
,,,42,,,,,,,,,,,,,,,,,,,,,,,,,,,,,71379,0.061571553349494934
,,,42,,,,,,,,,,,,,,,,,,,,,,,,,,,,,71389,0.004952125251293182
,,,42,,,,,,,,,,,,,,,,,,,,,,,,,,,,,71399,0.002564826747402549
,,,42,,,,,,,,,,,,,,,,,,,,,,,,,,,,,71409,0.059838712215423584
,,,42,,,,,,,,,,,,,,,,,,,,,,,,,,,,,71419,0.011321979574859142
,,,42,,,,,,,,,,,,,,,,,,,,,,,,,,,,,71429,0.003764096647500992
,,,42,,,,,,,,,,,,,,,,,,,,,,,,,,,,,71439,0.0011356769828125834
,,,42,,,,,,,,,,,,,,,,,,,,,,,,,,,,,71449,0.0004655419907066971
,,,42,,,,,,,,,,,,,,,,,,,,,,,,,,,,,71459,0.0008419502410106361
,,,,3.3289757633838177e-08,1.8649071185932243e-07,2.869087874758806e-07,2.869087874758806e-07,4.4139813457827784e-07,4.4139813457827784e-07,6.790740531973505e-07,6.790740531973505e-07,1.0447293126113085e-06,1.0447293126113085e-06,1.607275865555859e-06,3.3289757633838177e-08,1.607275865555859e-06,2.4727321008551675e-06,2.4727321008551675e-06,3.8042032320848733e-06,3.8042032320848733e-06,5.852620357053651e-06,5.852620357053651e-06,5.852620357053651e-06,5.852620357053651e-06,5.121501174436641e-08,5.121501174436641e-08,7.879232576056372e-08,7.879232576056372e-08,1.2121896270855957e-07,1.2121896270855957e-07,1.8649071185932243e-07,71466,
,,,43,,,,,,,,,,,,,,,,,,,,,,,,,,,,,71469,0.0061167143285274506
,,,43,,,,,,,,,,,,,,,,,,,,,,,,,,,,,71479,0.01016356609761715
,,,43,,,,,,,,,,,,,,,,,,,,,,,,,,,,,71489,0.0011570444330573082
,,,43,,,,,,,,,,,,,,,,,,,,,,,,,,,,,71499,0.0019571122247725725
,,,43,,,,,,,,,,,,,,,,,,,,,,,,,,,,,71509,0.000600407540332526
,,,43,,,,,,,,,,,,,,,,,,,,,,,,,,,,,71519,0.001521364669315517
,,,43,,,,,,,,,,,,,,,,,,,,,,,,,,,,,71529,0.36382851004600525
,,,43,,,,,,,,,,,,,,,,,,,,,,,,,,,,,71539,0.0011336780153214931
,,,43,,,,,,,,,,,,,,,,,,,,,,,,,,,,,71549,0.003003179794177413
,,,43,,,,,,,,,,,,,,,,,,,,,,,,,,,,,71559,0.0015431102365255356
,,,43,,,,,,,,,,,,,,,,,,,,,,,,,,,,,71569,0.0049909199588000774
,,,43,,,,,,,,,,,,,,,,,,,,,,,,,,,,,71579,0.0006591283017769456
,,,43,,,,,,,,,,,,,,,,,,,,,,,,,,,,,71589,0.24774225056171417
,,,43,,,,,,,,,,,,,,,,,,,,,,,,,,,,,71599,0.024480054154992104
,,,43,,,,,,,,,,,,,,,,,,,,,,,,,,,,,71609,0.014135545119643211
,,,43,,,,,,,,,,,,,,,,,,,,,,,,,,,,,71619,0.0010218474781140685
,,,43,,,,,,,,,,,,,,,,,,,,,,,,,,,,,71629,0.18537954986095428
,,,43,,,,,,,,,,,,,,,,,,,,,,,,,,,,,71639,0.0011752272257581353
,,,43,,,,,,,,,,,,,,,,,,,,,,,,,,,,,71649,0.008420743979513645
,,,43,,,,,,,,,,,,,,,,,,,,,,,,,,,,,71659,0.0007618076051585376
,,,43,,,,,,,,,,,,,,,,,,,,,,,,,,,,,71669,0.2715842127799988
,,,43,,,,,,,,,,,,,,,,,,,,,,,,,,,,,71679,0.00562702352181077
,,,43,,,,,,,,,,,,,,,,,,,,,,,,,,,,,71689,0.001060831593349576
,,,43,,,,,,,,,,,,,,,,,,,,,,,,,,,,,71699,0.001169491675682366
,,,43,,,,,,,,,,,,,,,,,,,,,,,,,,,,,71709,0.0012995100114494562
,,,43,,,,,,,,,,,,,,,,,,,,,,,,,,,,,71719,0.0037589818239212036
,,,43,,,,,,,,,,,,,,,,,,,,,,,,,,,,,71729,0.001047966885380447
,,,43,,,,,,,,,,,,,,,,,,,,,,,,,,,,,71739,0.03610295057296753
,,,43,,,,,,,,,,,,,,,,,,,,,,,,,,,,,71749,0.0005878180963918567
,,,43,,,,,,,,,,,,,,,,,,,,,,,,,,,,,71759,0.0008024305570870638
,,,43,,,,,,,,,,,,,,,,,,,,,,,,,,,,,71769,0.0006295218481682241
,,,43,,,,,,,,,,,,,,,,,,,,,,,,,,,,,71779,0.0013478214386850595
,,,43,,,,,,,,,,,,,,,,,,,,,,,,,,,,,71789,0.001655493164435029
,,,43,,,,,,,,,,,,,,,,,,,,,,,,,,,,,71799,0.0010241834679618478
,,,43,,,,,,,,,,,,,,,,,,,,,,,,,,,,,71809,0.0013747932389378548
,,,43,,,,,,,,,,,,,,,,,,,,,,,,,,,,,71819,0.005341998301446438
,,,43,,,,,,,,,,,,,,,,,,,,,,,,,,,,,71829,0.0004584265989251435
,,,43,,,,,,,,,,,,,,,,,,,,,,,,,,,,,71839,0.0009691374143585563
,,,43,,,,,,,,,,,,,,,,,,,,,,,,,,,,,71849,0.0015606691595166922
,,,43,,,,,,,,,,,,,,,,,,,,,,,,,,,,,71859,0.001167351845651865
,,,43,,,,,,,,,,,,,,,,,,,,,,,,,,,,,71869,0.0003943364426959306
,,,43,,,,,,,,,,,,,,,,,,,,,,,,,,,,,71879,0.0020030366722494364
,,,43,,,,,,,,,,,,,,,,,,,,,,,,,,,,,71889,0.03621600940823555
,,,43,,,,,,,,,,,,,,,,,,,,,,,,,,,,,71899,0.0013303995365276933
,,,43,,,,,,,,,,,,,,,,,,,,,,,,,,,,,71909,0.002195607637986541
,,,43,,,,,,,,,,,,,,,,,,,,,,,,,,,,,71919,0.0012984484201297164
,,,43,,,,,,,,,,,,,,,,,,,,,,,,,,,,,71929,0.0006181520875543356
,,,43,,,,,,,,,,,,,,,,,,,,,,,,,,,,,71939,0.0008275696891359985
,,,43,,,,,,,,,,,,,,,,,,,,,,,,,,,,,71949,0.005978776142001152
,,,43,,,,,,,,,,,,,,,,,,,,,,,,,,,,,71959,0.0021654576994478703
,,,43,,,,,,,,,,,,,,,,,,,,,,,,,,,,,71969,0.0008425061823800206
,,,43,,,,,,,,,,,,,,,,,,,,,,,,,,,,,71979,0.0025025787763297558
,,,43,,,,,,,,,,,,,,,,,,,,,,,,,,,,,71989,0.00039805006235837936
,,,43,,,,,,,,,,,,,,,,,,,,,,,,,,,,,71999,0.000978023512288928
,,,43,,,,,,,,,,,,,,,,,,,,,,,,,,,,,72009,0.06293807923793793
,,,43,,,,,,,,,,,,,,,,,,,,,,,,,,,,,72019,0.0005824505933560431
,,,43,,,,,,,,,,,,,,,,,,,,,,,,,,,,,72029,0.00037820087163709104
,,,43,,,,,,,,,,,,,,,,,,,,,,,,,,,,,72039,0.00605021370574832
,,,43,,,,,,,,,,,,,,,,,,,,,,,,,,,,,72049,0.1470569670200348
,,,43,,,,,,,,,,,,,,,,,,,,,,,,,,,,,72059,0.0017947510350495577
,,,43,,,,,,,,,,,,,,,,,,,,,,,,,,,,,72069,0.01858258619904518
,,,43,,,,,,,,,,,,,,,,,,,,,,,,,,,,,72079,0.0005252825212664902
,,,43,,,,,,,,,,,,,,,,,,,,,,,,,,,,,72089,0.0029257650021463633
,,,43,,,,,,,,,,,,,,,,,,,,,,,,,,,,,72099,0.0007122696260921657
,,,43,,,,,,,,,,,,,,,,,,,,,,,,,,,,,72109,0.0010320284636691213
,,,43,,,,,,,,,,,,,,,,,,,,,,,,,,,,,72119,0.021741759032011032
,,,43,,,,,,,,,,,,,,,,,,,,,,,,,,,,,72129,0.0020559246186167
,,,43,,,,,,,,,,,,,,,,,,,,,,,,,,,,,72139,0.005324749741703272
,,,43,,,,,,,,,,,,,,,,,,,,,,,,,,,,,72149,0.0018618687754496932
,,,43,,,,,,,,,,,,,,,,,,,,,,,,,,,,,72159,0.0006525862263515592
,,,43,,,,,,,,,,,,,,,,,,,,,,,,,,,,,72169,0.0008679066086187959
,,,43,,,,,,,,,,,,,,,,,,,,,,,,,,,,,72179,0.002797339577227831
,,,43,,,,,,,,,,,,,,,,,,,,,,,,,,,,,72189,0.09346432238817215
,,,43,,,,,,,,,,,,,,,,,,,,,,,,,,,,,72199,0.00035033278982155025
,,,43,,,,,,,,,,,,,,,,,,,,,,,,,,,,,72209,0.0016017425805330276
,,,43,,,,,,,,,,,,,,,,,,,,,,,,,,,,,72219,0.000731603882741183
,,,43,,,,,,,,,,,,,,,,,,,,,,,,,,,,,72229,0.0007060492062009871
,,,43,,,,,,,,,,,,,,,,,,,,,,,,,,,,,72239,0.0026928605511784554
,,,43,,,,,,,,,,,,,,,,,,,,,,,,,,,,,72249,0.000577971339225769
,,,43,,,,,,,,,,,,,,,,,,,,,,,,,,,,,72259,0.0005740433698520064
,,,43,,,,,,,,,,,,,,,,,,,,,,,,,,,,,72269,0.000860180298332125
,,,43,,,,,,,,,,,,,,,,,,,,,,,,,,,,,72279,0.0006201742216944695
,,,43,,,,,,,,,,,,,,,,,,,,,,,,,,,,,72289,0.0016882946947589517
,,,43,,,,,,,,,,,,,,,,,,,,,,,,,,,,,72299,0.0009572344133630395
,,,43,,,,,,,,,,,,,,,,,,,,,,,,,,,,,72309,0.0007970393053255975
,,,43,,,,,,,,,,,,,,,,,,,,,,,,,,,,,72319,0.18502147495746613
,,,43,,,,,,,,,,,,,,,,,,,,,,,,,,,,,72329,0.0014908462762832642
,,,43,,,,,,,,,,,,,,,,,,,,,,,,,,,,,72339,0.0004325533227529377
,,,43,,,,,,,,,,,,,,,,,,,,,,,,,,,,,72349,0.0004993003094568849
,,,43,,,,,,,,,,,,,,,,,,,,,,,,,,,,,72359,0.0005818544887006283
,,,43,,,,,,,,,,,,,,,,,,,,,,,,,,,,,72369,0.00045624253107234836
,,,43,,,,,,,,,,,,,,,,,,,,,,,,,,,,,72379,0.002770820399746299
,,,43,,,,,,,,,,,,,,,,,,,,,,,,,,,,,72389,0.0023678122088313103
,,,43,,,,,,,,,,,,,,,,,,,,,,,,,,,,,72399,0.0029814359731972218
,,,43,,,,,,,,,,,,,,,,,,,,,,,,,,,,,72409,0.002286681905388832
,,,43,,,,,,,,,,,,,,,,,,,,,,,,,,,,,72419,0.000875376514159143
,,,43,,,,,,,,,,,,,,,,,,,,,,,,,,,,,72429,0.0010877646273002028
,,,43,,,,,,,,,,,,,,,,,,,,,,,,,,,,,72439,0.0007138424552977085
,,,43,,,,,,,,,,,,,,,,,,,,,,,,,,,,,72449,0.001774327247403562
,,,43,,,,,,,,,,,,,,,,,,,,,,,,,,,,,72459,0.0015563365304842591
,,,43,,,,,,,,,,,,,,,,,,,,,,,,,,,,,72469,0.0005091328057460487
,,,43,,,,,,,,,,,,,,,,,,,,,,,,,,,,,72479,0.0015709337312728167
,,,43,,,,,,,,,,,,,,,,,,,,,,,,,,,,,72489,0.0006341558764688671
,,,43,,,,,,,,,,,,,,,,,,,,,,,,,,,,,72499,0.0033029988408088684
,,,43,,,,,,,,,,,,,,,,,,,,,,,,,,,,,72509,0.0021191376727074385
,,,43,,,,,,,,,,,,,,,,,,,,,,,,,,,,,72519,0.0012241944205015898
,,,43,,,,,,,,,,,,,,,,,,,,,,,,,,,,,72529,0.0004525316471699625
,,,43,,,,,,,,,,,,,,,,,,,,,,,,,,,,,72539,0.0005473849596455693
,,,43,,,,,,,,,,,,,,,,,,,,,,,,,,,,,72549,0.0021461888682097197
,,,43,,,,,,,,,,,,,,,,,,,,,,,,,,,,,72559,0.026662226766347885
,,,43,,,,,,,,,,,,,,,,,,,,,,,,,,,,,72569,0.00075851398287341
,,,43,,,,,,,,,,,,,,,,,,,,,,,,,,,,,72579,0.001053769257850945
,,,43,,,,,,,,,,,,,,,,,,,,,,,,,,,,,72589,0.03611329197883606
,,,43,,,,,,,,,,,,,,,,,,,,,,,,,,,,,72599,0.001509403227828443
,,,43,,,,,,,,,,,,,,,,,,,,,,,,,,,,,72609,0.0008291445556096733
,,,43,,,,,,,,,,,,,,,,,,,,,,,,,,,,,72619,0.001510040950961411
,,,43,,,,,,,,,,,,,,,,,,,,,,,,,,,,,72629,0.0065728845074772835
,,,43,,,,,,,,,,,,,,,,,,,,,,,,,,,,,72639,0.0050411103293299675
,,,43,,,,,,,,,,,,,,,,,,,,,,,,,,,,,72649,0.0012742942199110985
,,,43,,,,,,,,,,,,,,,,,,,,,,,,,,,,,72659,0.0015203907387331128
,,,43,,,,,,,,,,,,,,,,,,,,,,,,,,,,,72669,0.0011790045537054539
,,,43,,,,,,,,,,,,,,,,,,,,,,,,,,,,,72679,0.0006328561576083302
,,,43,,,,,,,,,,,,,,,,,,,,,,,,,,,,,72689,0.00044189018080942333
,,,43,,,,,,,,,,,,,,,,,,,,,,,,,,,,,72699,0.001090849982574582
,,,43,,,,,,,,,,,,,,,,,,,,,,,,,,,,,72709,0.0008093834039755166
,,,43,,,,,,,,,,,,,,,,,,,,,,,,,,,,,72719,0.0012538000009953976
,,,43,,,,,,,,,,,,,,,,,,,,,,,,,,,,,72729,0.00040999246994033456
,,,43,,,,,,,,,,,,,,,,,,,,,,,,,,,,,72739,0.0014301566407084465
,,,43,,,,,,,,,,,,,,,,,,,,,,,,,,,,,72749,0.0008953686337918043
,,,43,,,,,,,,,,,,,,,,,,,,,,,,,,,,,72759,0.00046962982742115855
,,,43,,,,,,,,,,,,,,,,,,,,,,,,,,,,,72769,0.0010204300051555037
,,,43,,,,,,,,,,,,,,,,,,,,,,,,,,,,,72779,0.0009373107459396124
,,,43,,,,,,,,,,,,,,,,,,,,,,,,,,,,,72789,0.0014737527817487717
,,,43,,,,,,,,,,,,,,,,,,,,,,,,,,,,,72799,0.0006515015265904367
,,,43,,,,,,,,,,,,,,,,,,,,,,,,,,,,,72809,0.0031201273668557405
,,,43,,,,,,,,,,,,,,,,,,,,,,,,,,,,,72819,0.0006413058144971728
,,,43,,,,,,,,,,,,,,,,,,,,,,,,,,,,,72829,0.0009102380136027932
,,,43,,,,,,,,,,,,,,,,,,,,,,,,,,,,,72839,0.0011608917266130447
,,,43,,,,,,,,,,,,,,,,,,,,,,,,,,,,,72849,0.0005643595941364765
,,,43,,,,,,,,,,,,,,,,,,,,,,,,,,,,,72859,0.001845958293415606
,,,43,,,,,,,,,,,,,,,,,,,,,,,,,,,,,72869,0.0009852229850366712
,,,43,,,,,,,,,,,,,,,,,,,,,,,,,,,,,72879,0.00026424656971357763
,,,43,,,,,,,,,,,,,,,,,,,,,,,,,,,,,72889,0.0008368663256987929
,,,43,,,,,,,,,,,,,,,,,,,,,,,,,,,,,72899,0.0015307619469240308
,,,43,,,,,,,,,,,,,,,,,,,,,,,,,,,,,72909,0.0013235020451247692
,,,43,,,,,,,,,,,,,,,,,,,,,,,,,,,,,72919,0.000884433276951313
,,,43,,,,,,,,,,,,,,,,,,,,,,,,,,,,,72929,0.001765415770933032
,,,43,,,,,,,,,,,,,,,,,,,,,,,,,,,,,72939,0.0008560895221307874
,,,43,,,,,,,,,,,,,,,,,,,,,,,,,,,,,72949,0.00044781866017729044
,,,43,,,,,,,,,,,,,,,,,,,,,,,,,,,,,72959,0.0006995134172029793
,,,43,,,,,,,,,,,,,,,,,,,,,,,,,,,,,72969,0.0007044233498163521
,,,43,,,,,,,,,,,,,,,,,,,,,,,,,,,,,72979,0.0007798662409186363
,,,43,,,,,,,,,,,,,,,,,,,,,,,,,,,,,72989,0.0026039835065603256
,,,43,,,,,,,,,,,,,,,,,,,,,,,,,,,,,72999,0.0018039447022601962
,,,43,,,,,,,,,,,,,,,,,,,,,,,,,,,,,73009,0.000866900198161602
,,,43,,,,,,,,,,,,,,,,,,,,,,,,,,,,,73019,0.002906141337007284
,,,43,,,,,,,,,,,,,,,,,,,,,,,,,,,,,73029,0.008172753266990185
,,,43,,,,,,,,,,,,,,,,,,,,,,,,,,,,,73039,0.0010647916933521628
,,,43,,,,,,,,,,,,,,,,,,,,,,,,,,,,,73049,0.0030550272203981876
,,,43,,,,,,,,,,,,,,,,,,,,,,,,,,,,,73059,0.0019855594728142023
,,,43,,,,,,,,,,,,,,,,,,,,,,,,,,,,,73069,0.0007907659746706486
,,,43,,,,,,,,,,,,,,,,,,,,,,,,,,,,,73079,0.0008631766540929675
,,,43,,,,,,,,,,,,,,,,,,,,,,,,,,,,,73089,0.0006258306675590575
,,,43,,,,,,,,,,,,,,,,,,,,,,,,,,,,,73099,0.001472880132496357
,,,43,,,,,,,,,,,,,,,,,,,,,,,,,,,,,73109,0.0015066596679389477
,,,43,,,,,,,,,,,,,,,,,,,,,,,,,,,,,73119,0.0012155587319284678
,,,,2.4587711023777133e-08,1.3774145736509018e-07,2.1190993440783103e-07,2.1190993440783103e-07,3.2601528370435543e-07,3.2601528370435543e-07,5.015619749297775e-07,5.015619749297775e-07,7.716338075842731e-07,7.716338075842731e-07,1.1871289347450355e-06,2.4587711023777133e-08,1.1871289347450355e-06,1.8263522073000546e-06,1.8263522073000546e-06,2.8097726266154687e-06,2.8097726266154687e-06,4.322727117869951e-06,4.322727117869951e-06,4.322727117869951e-06,4.322727117869951e-06,3.7827247728887886e-08,3.7827247728887886e-08,5.81957657367506e-08,5.81957657367506e-08,8.953194728730862e-08,8.953194728730862e-08,1.3774145736509018e-07,73128,
,,,44,,,,,,,,,,,,,,,,,,,,,,,,,,,,,73129,0.0014291604747995734
,,,44,,,,,,,,,,,,,,,,,,,,,,,,,,,,,73139,0.00208450760692358
,,,44,,,,,,,,,,,,,,,,,,,,,,,,,,,,,73149,0.0009250407456420362
,,,44,,,,,,,,,,,,,,,,,,,,,,,,,,,,,73159,0.06626549363136292
,,,44,,,,,,,,,,,,,,,,,,,,,,,,,,,,,73169,0.003043727483600378
,,,44,,,,,,,,,,,,,,,,,,,,,,,,,,,,,73179,0.0010090613504871726
,,,44,,,,,,,,,,,,,,,,,,,,,,,,,,,,,73189,0.001447509042918682
,,,44,,,,,,,,,,,,,,,,,,,,,,,,,,,,,73199,0.0005229280795902014
,,,44,,,,,,,,,,,,,,,,,,,,,,,,,,,,,73209,0.0015881385188549757
,,,44,,,,,,,,,,,,,,,,,,,,,,,,,,,,,73219,0.0027640436310321093
,,,44,,,,,,,,,,,,,,,,,,,,,,,,,,,,,73229,0.14029286801815033
,,,44,,,,,,,,,,,,,,,,,,,,,,,,,,,,,73239,0.0012289034202694893
,,,44,,,,,,,,,,,,,,,,,,,,,,,,,,,,,73249,0.0008460855460725725
,,,44,,,,,,,,,,,,,,,,,,,,,,,,,,,,,73259,0.000981398276053369
,,,44,,,,,,,,,,,,,,,,,,,,,,,,,,,,,73269,0.00046205022954382
,,,44,,,,,,,,,,,,,,,,,,,,,,,,,,,,,73279,0.0006273984326981008
,,,44,,,,,,,,,,,,,,,,,,,,,,,,,,,,,73289,0.0017053749179467559
,,,44,,,,,,,,,,,,,,,,,,,,,,,,,,,,,73299,0.03405327722430229
,,,44,,,,,,,,,,,,,,,,,,,,,,,,,,,,,73309,0.002255246974527836
,,,44,,,,,,,,,,,,,,,,,,,,,,,,,,,,,73319,0.0007892028661444783
,,,44,,,,,,,,,,,,,,,,,,,,,,,,,,,,,73329,0.0028745548333972692
,,,44,,,,,,,,,,,,,,,,,,,,,,,,,,,,,73339,0.0004900562926195562
,,,44,,,,,,,,,,,,,,,,,,,,,,,,,,,,,73349,0.0009408301557414234
,,,44,,,,,,,,,,,,,,,,,,,,,,,,,,,,,73359,0.0007661617128178477
,,,44,,,,,,,,,,,,,,,,,,,,,,,,,,,,,73369,0.0009502576431259513
,,,44,,,,,,,,,,,,,,,,,,,,,,,,,,,,,73379,0.0011695593129843473
,,,44,,,,,,,,,,,,,,,,,,,,,,,,,,,,,73389,0.04117918759584427
,,,44,,,,,,,,,,,,,,,,,,,,,,,,,,,,,73399,0.0014948287280276418
,,,44,,,,,,,,,,,,,,,,,,,,,,,,,,,,,73409,0.0018249772256240249
,,,44,,,,,,,,,,,,,,,,,,,,,,,,,,,,,73419,0.0010372723918408155
,,,44,,,,,,,,,,,,,,,,,,,,,,,,,,,,,73429,0.0012968997471034527
,,,44,,,,,,,,,,,,,,,,,,,,,,,,,,,,,73439,0.003119412111118436
,,,44,,,,,,,,,,,,,,,,,,,,,,,,,,,,,73449,0.000928027555346489
,,,44,,,,,,,,,,,,,,,,,,,,,,,,,,,,,73459,0.0006827392498962581
,,,44,,,,,,,,,,,,,,,,,,,,,,,,,,,,,73469,0.0007795026176609099
,,,44,,,,,,,,,,,,,,,,,,,,,,,,,,,,,73479,0.0007475680904462934
,,,44,,,,,,,,,,,,,,,,,,,,,,,,,,,,,73489,0.0010930949356406927
,,,44,,,,,,,,,,,,,,,,,,,,,,,,,,,,,73499,0.49171194434165955
,,,44,,,,,,,,,,,,,,,,,,,,,,,,,,,,,73509,0.0011535001685842872
,,,44,,,,,,,,,,,,,,,,,,,,,,,,,,,,,73519,0.0017437722999602556
,,,44,,,,,,,,,,,,,,,,,,,,,,,,,,,,,73529,1.6055883169174194
,,,44,,,,,,,,,,,,,,,,,,,,,,,,,,,,,73539,0.25750964879989624
,,,44,,,,,,,,,,,,,,,,,,,,,,,,,,,,,73549,0.7204484939575195
,,,44,,,,,,,,,,,,,,,,,,,,,,,,,,,,,73559,0.0005958678666502237
,,,44,,,,,,,,,,,,,,,,,,,,,,,,,,,,,73569,2.671966314315796
,,,44,,,,,,,,,,,,,,,,,,,,,,,,,,,,,73579,0.8045855760574341
,,,44,,,,,,,,,,,,,,,,,,,,,,,,,,,,,73589,0.046352189034223557
,,,44,,,,,,,,,,,,,,,,,,,,,,,,,,,,,73599,0.0007292838417924941
,,,44,,,,,,,,,,,,,,,,,,,,,,,,,,,,,73609,0.129480242729187
,,,44,,,,,,,,,,,,,,,,,,,,,,,,,,,,,73619,0.0012136483564972878
,,,44,,,,,,,,,,,,,,,,,,,,,,,,,,,,,73629,0.0008439508965238929
,,,44,,,,,,,,,,,,,,,,,,,,,,,,,,,,,73639,0.09044035524129868
,,,44,,,,,,,,,,,,,,,,,,,,,,,,,,,,,73649,0.011325574479997158
,,,44,,,,,,,,,,,,,,,,,,,,,,,,,,,,,73659,0.0014412538148462772
,,,44,,,,,,,,,,,,,,,,,,,,,,,,,,,,,73669,0.0025613014586269855
,,,44,,,,,,,,,,,,,,,,,,,,,,,,,,,,,73679,0.011294711381196976
,,,44,,,,,,,,,,,,,,,,,,,,,,,,,,,,,73689,0.0007724303868599236
,,,44,,,,,,,,,,,,,,,,,,,,,,,,,,,,,73699,0.0021417485550045967
,,,44,,,,,,,,,,,,,,,,,,,,,,,,,,,,,73709,0.001223157742060721
,,,44,,,,,,,,,,,,,,,,,,,,,,,,,,,,,73719,0.006524397060275078
,,,44,,,,,,,,,,,,,,,,,,,,,,,,,,,,,73729,0.0014882826944813132
,,,44,,,,,,,,,,,,,,,,,,,,,,,,,,,,,73739,0.024174734950065613
,,,44,,,,,,,,,,,,,,,,,,,,,,,,,,,,,73749,0.0008612032979726791
,,,44,,,,,,,,,,,,,,,,,,,,,,,,,,,,,73759,0.007001909893006086
,,,44,,,,,,,,,,,,,,,,,,,,,,,,,,,,,73769,0.00221858243457973
,,,44,,,,,,,,,,,,,,,,,,,,,,,,,,,,,73779,0.008804439567029476
,,,44,,,,,,,,,,,,,,,,,,,,,,,,,,,,,73789,0.0017855589976534247
,,,44,,,,,,,,,,,,,,,,,,,,,,,,,,,,,73799,0.004318159073591232
,,,44,,,,,,,,,,,,,,,,,,,,,,,,,,,,,73809,0.0013283087173476815
,,,44,,,,,,,,,,,,,,,,,,,,,,,,,,,,,73819,0.0009657004848122597
,,,44,,,,,,,,,,,,,,,,,,,,,,,,,,,,,73829,0.0009605634259060025
,,,44,,,,,,,,,,,,,,,,,,,,,,,,,,,,,73839,0.000781641632784158
,,,44,,,,,,,,,,,,,,,,,,,,,,,,,,,,,73849,0.006434592884033918
,,,44,,,,,,,,,,,,,,,,,,,,,,,,,,,,,73859,0.0009736358188092709
,,,44,,,,,,,,,,,,,,,,,,,,,,,,,,,,,73869,0.005476562771946192
,,,44,,,,,,,,,,,,,,,,,,,,,,,,,,,,,73879,0.0008497943636029959
,,,44,,,,,,,,,,,,,,,,,,,,,,,,,,,,,73889,0.8347216248512268
,,,44,,,,,,,,,,,,,,,,,,,,,,,,,,,,,73899,0.011513404548168182
,,,44,,,,,,,,,,,,,,,,,,,,,,,,,,,,,73909,0.0005371986189857125
,,,44,,,,,,,,,,,,,,,,,,,,,,,,,,,,,73919,0.0004439546901267022
,,,44,,,,,,,,,,,,,,,,,,,,,,,,,,,,,73929,0.0007305810577236116
,,,44,,,,,,,,,,,,,,,,,,,,,,,,,,,,,73939,0.001979922177270055
,,,44,,,,,,,,,,,,,,,,,,,,,,,,,,,,,73949,0.0010798809817060828
,,,44,,,,,,,,,,,,,,,,,,,,,,,,,,,,,73959,0.001650064019486308
,,,44,,,,,,,,,,,,,,,,,,,,,,,,,,,,,73969,0.0005911954212933779
,,,44,,,,,,,,,,,,,,,,,,,,,,,,,,,,,73979,0.0060554929077625275
,,,44,,,,,,,,,,,,,,,,,,,,,,,,,,,,,73989,0.0022207663860172033
,,,44,,,,,,,,,,,,,,,,,,,,,,,,,,,,,73999,0.0020306678488850594
,,,44,,,,,,,,,,,,,,,,,,,,,,,,,,,,,74009,0.01861358992755413
,,,44,,,,,,,,,,,,,,,,,,,,,,,,,,,,,74019,0.0003455297846812755
,,,44,,,,,,,,,,,,,,,,,,,,,,,,,,,,,74029,0.001223937957547605
,,,44,,,,,,,,,,,,,,,,,,,,,,,,,,,,,74039,0.0007778151775710285
,,,44,,,,,,,,,,,,,,,,,,,,,,,,,,,,,74049,0.0034731077030301094
,,,44,,,,,,,,,,,,,,,,,,,,,,,,,,,,,74059,0.0004902863875031471
,,,44,,,,,,,,,,,,,,,,,,,,,,,,,,,,,74069,0.00391651876270771
,,,44,,,,,,,,,,,,,,,,,,,,,,,,,,,,,74079,0.0018171612173318863
,,,44,,,,,,,,,,,,,,,,,,,,,,,,,,,,,74089,0.0008113871444948018
,,,44,,,,,,,,,,,,,,,,,,,,,,,,,,,,,74099,0.7562711238861084
,,,44,,,,,,,,,,,,,,,,,,,,,,,,,,,,,74109,0.009203894063830376
,,,44,,,,,,,,,,,,,,,,,,,,,,,,,,,,,74119,0.0006310567841865122
,,,44,,,,,,,,,,,,,,,,,,,,,,,,,,,,,74129,0.0004593803605530411
,,,44,,,,,,,,,,,,,,,,,,,,,,,,,,,,,74139,0.0009152686106972396
,,,44,,,,,,,,,,,,,,,,,,,,,,,,,,,,,74149,0.002507985569536686
,,,44,,,,,,,,,,,,,,,,,,,,,,,,,,,,,74159,0.002492060884833336
,,,44,,,,,,,,,,,,,,,,,,,,,,,,,,,,,74169,0.10994259268045425
,,,44,,,,,,,,,,,,,,,,,,,,,,,,,,,,,74179,0.0009167170501314104
,,,44,,,,,,,,,,,,,,,,,,,,,,,,,,,,,74189,0.004437568131834269
,,,44,,,,,,,,,,,,,,,,,,,,,,,,,,,,,74199,0.001246292726136744
,,,44,,,,,,,,,,,,,,,,,,,,,,,,,,,,,74209,0.0006237354828044772
,,,44,,,,,,,,,,,,,,,,,,,,,,,,,,,,,74219,0.000650460016913712
,,,44,,,,,,,,,,,,,,,,,,,,,,,,,,,,,74229,0.0006075139972381294
,,,44,,,,,,,,,,,,,,,,,,,,,,,,,,,,,74239,0.0008052915800362825
,,,44,,,,,,,,,,,,,,,,,,,,,,,,,,,,,74249,0.012278580106794834
,,,44,,,,,,,,,,,,,,,,,,,,,,,,,,,,,74259,0.0014156429097056389
,,,44,,,,,,,,,,,,,,,,,,,,,,,,,,,,,74269,0.0005181768792681396
,,,44,,,,,,,,,,,,,,,,,,,,,,,,,,,,,74279,0.0006083014304749668
,,,44,,,,,,,,,,,,,,,,,,,,,,,,,,,,,74289,0.0006532316911034286
,,,44,,,,,,,,,,,,,,,,,,,,,,,,,,,,,74299,0.016474561765789986
,,,44,,,,,,,,,,,,,,,,,,,,,,,,,,,,,74309,0.0005974533851258457
,,,44,,,,,,,,,,,,,,,,,,,,,,,,,,,,,74319,0.0014482992701232433
,,,44,,,,,,,,,,,,,,,,,,,,,,,,,,,,,74329,0.001269318163394928
,,,44,,,,,,,,,,,,,,,,,,,,,,,,,,,,,74339,0.0007796867284923792
,,,44,,,,,,,,,,,,,,,,,,,,,,,,,,,,,74349,0.0014951276825740933
,,,44,,,,,,,,,,,,,,,,,,,,,,,,,,,,,74359,0.0011353112058714032
,,,44,,,,,,,,,,,,,,,,,,,,,,,,,,,,,74369,0.024541890248656273
,,,44,,,,,,,,,,,,,,,,,,,,,,,,,,,,,74379,0.0005222324980422854
,,,44,,,,,,,,,,,,,,,,,,,,,,,,,,,,,74389,0.0015713166212663054
,,,44,,,,,,,,,,,,,,,,,,,,,,,,,,,,,74399,0.0006771378102712333
,,,44,,,,,,,,,,,,,,,,,,,,,,,,,,,,,74409,0.017758456990122795
,,,44,,,,,,,,,,,,,,,,,,,,,,,,,,,,,74419,0.004637407138943672
,,,44,,,,,,,,,,,,,,,,,,,,,,,,,,,,,74429,0.007155596278607845
,,,44,,,,,,,,,,,,,,,,,,,,,,,,,,,,,74439,0.0007033464498817921
,,,44,,,,,,,,,,,,,,,,,,,,,,,,,,,,,74449,0.004461534321308136
,,,44,,,,,,,,,,,,,,,,,,,,,,,,,,,,,74459,0.0008835143526084721
,,,44,,,,,,,,,,,,,,,,,,,,,,,,,,,,,74469,0.001312657375819981
,,,44,,,,,,,,,,,,,,,,,,,,,,,,,,,,,74479,0.045328862965106964
,,,44,,,,,,,,,,,,,,,,,,,,,,,,,,,,,74489,0.005877936724573374
,,,44,,,,,,,,,,,,,,,,,,,,,,,,,,,,,74499,0.0014001935487613082
,,,44,,,,,,,,,,,,,,,,,,,,,,,,,,,,,74509,0.005276130512356758
,,,44,,,,,,,,,,,,,,,,,,,,,,,,,,,,,74519,0.0038457512855529785
,,,44,,,,,,,,,,,,,,,,,,,,,,,,,,,,,74529,0.0012348662130534649
,,,44,,,,,,,,,,,,,,,,,,,,,,,,,,,,,74539,0.001645824871957302
,,,44,,,,,,,,,,,,,,,,,,,,,,,,,,,,,74549,0.0006186022656038404
,,,44,,,,,,,,,,,,,,,,,,,,,,,,,,,,,74559,0.0012481751618906856
,,,44,,,,,,,,,,,,,,,,,,,,,,,,,,,,,74569,0.0022326644975692034
,,,44,,,,,,,,,,,,,,,,,,,,,,,,,,,,,74579,0.0015881301369518042
,,,44,,,,,,,,,,,,,,,,,,,,,,,,,,,,,74589,0.15912923216819763
,,,44,,,,,,,,,,,,,,,,,,,,,,,,,,,,,74599,0.0006071715033613145
,,,44,,,,,,,,,,,,,,,,,,,,,,,,,,,,,74609,0.0009138410678133368
,,,44,,,,,,,,,,,,,,,,,,,,,,,,,,,,,74619,0.17204518616199493
,,,44,,,,,,,,,,,,,,,,,,,,,,,,,,,,,74629,0.0007034427253529429
,,,44,,,,,,,,,,,,,,,,,,,,,,,,,,,,,74639,0.0008865451090969145
,,,44,,,,,,,,,,,,,,,,,,,,,,,,,,,,,74649,0.0008106936584226787
,,,44,,,,,,,,,,,,,,,,,,,,,,,,,,,,,74659,0.004277519881725311
,,,44,,,,,,,,,,,,,,,,,,,,,,,,,,,,,74669,0.0032632097136229277
,,,44,,,,,,,,,,,,,,,,,,,,,,,,,,,,,74679,0.8814741969108582
,,,44,,,,,,,,,,,,,,,,,,,,,,,,,,,,,74689,0.0015826905146241188
,,,44,,,,,,,,,,,,,,,,,,,,,,,,,,,,,74699,0.0019864889327436686
,,,44,,,,,,,,,,,,,,,,,,,,,,,,,,,,,74709,0.0012959184823557734
,,,44,,,,,,,,,,,,,,,,,,,,,,,,,,,,,74719,0.001880053780041635
,,,44,,,,,,,,,,,,,,,,,,,,,,,,,,,,,74729,0.0031623952090740204
,,,44,,,,,,,,,,,,,,,,,,,,,,,,,,,,,74739,0.0016446878435090184
,,,44,,,,,,,,,,,,,,,,,,,,,,,,,,,,,74749,0.0018576137954369187
,,,44,,,,,,,,,,,,,,,,,,,,,,,,,,,,,74759,0.0008836644701659679
,,,44,,,,,,,,,,,,,,,,,,,,,,,,,,,,,74769,0.0008235016721300781
,,,44,,,,,,,,,,,,,,,,,,,,,,,,,,,,,74779,0.036256276071071625
,,,44,,,,,,,,,,,,,,,,,,,,,,,,,,,,,74789,0.0035212768707424402
0.8451730608940125,0.7986230850219727,0.8974854946136475,44,,,,,,,,,,,,,,,,,,,,,,,,,,,,,74789,
,,,,1.7151445977095338e-08,9.60831678279911e-08,1.4782025819690937e-07,1.4782025819690937e-07,2.2741578184139902e-07,2.2741578184139902e-07,3.498704336021523e-07,3.498704336021523e-07,5.382622055417728e-07,5.382622055417728e-07,8.280957008334965e-07,1.7151445977095338e-08,8.280957008334965e-07,1.2739933858976868e-06,1.2739933858976868e-06,1.95998982445798e-06,1.95998982445798e-06,3.0153689607045845e-06,3.0153689607045845e-06,3.0153689607045845e-06,3.0153689607045845e-06,2.6386839964762055e-08,2.6386839964762055e-08,4.059513840732624e-08,4.059513840732624e-08,6.245405908819421e-08,6.245405908819421e-08,9.60831678279911e-08,74790,
,,,45,,,,,,,,,,,,,,,,,,,,,,,,,,,,,74799,0.0008972418145276606
,,,45,,,,,,,,,,,,,,,,,,,,,,,,,,,,,74809,0.0005379188805818558
,,,45,,,,,,,,,,,,,,,,,,,,,,,,,,,,,74819,0.0006266560521908104
,,,45,,,,,,,,,,,,,,,,,,,,,,,,,,,,,74829,0.000702040211763233
,,,45,,,,,,,,,,,,,,,,,,,,,,,,,,,,,74839,0.00054151751101017
,,,45,,,,,,,,,,,,,,,,,,,,,,,,,,,,,74849,0.0061873882077634335
,,,45,,,,,,,,,,,,,,,,,,,,,,,,,,,,,74859,0.0008190301596187055
,,,45,,,,,,,,,,,,,,,,,,,,,,,,,,,,,74869,0.0039640143513679504
,,,45,,,,,,,,,,,,,,,,,,,,,,,,,,,,,74879,0.08250735700130463
,,,45,,,,,,,,,,,,,,,,,,,,,,,,,,,,,74889,0.0023671339731663465
,,,45,,,,,,,,,,,,,,,,,,,,,,,,,,,,,74899,0.0017217877320945263
,,,45,,,,,,,,,,,,,,,,,,,,,,,,,,,,,74909,0.0012538627488538623
,,,45,,,,,,,,,,,,,,,,,,,,,,,,,,,,,74919,0.001720799715258181
,,,45,,,,,,,,,,,,,,,,,,,,,,,,,,,,,74929,0.0006029281066730618
,,,45,,,,,,,,,,,,,,,,,,,,,,,,,,,,,74939,0.0004316146078053862
,,,45,,,,,,,,,,,,,,,,,,,,,,,,,,,,,74949,0.0012076921993866563
,,,45,,,,,,,,,,,,,,,,,,,,,,,,,,,,,74959,0.0018519891891628504
,,,45,,,,,,,,,,,,,,,,,,,,,,,,,,,,,74969,0.004281250294297934
,,,45,,,,,,,,,,,,,,,,,,,,,,,,,,,,,74979,0.0009869325440376997
,,,45,,,,,,,,,,,,,,,,,,,,,,,,,,,,,74989,0.011913659982383251
,,,45,,,,,,,,,,,,,,,,,,,,,,,,,,,,,74999,0.0021558431908488274
,,,45,,,,,,,,,,,,,,,,,,,,,,,,,,,,,75009,0.0010556306224316359
,,,45,,,,,,,,,,,,,,,,,,,,,,,,,,,,,75019,0.0006680481601506472
,,,45,,,,,,,,,,,,,,,,,,,,,,,,,,,,,75029,0.0013758346904069185
,,,45,,,,,,,,,,,,,,,,,,,,,,,,,,,,,75039,0.00028166500851511955
,,,45,,,,,,,,,,,,,,,,,,,,,,,,,,,,,75049,0.0011405786499381065
,,,45,,,,,,,,,,,,,,,,,,,,,,,,,,,,,75059,0.801929771900177
,,,45,,,,,,,,,,,,,,,,,,,,,,,,,,,,,75069,0.0005387176643125713
,,,45,,,,,,,,,,,,,,,,,,,,,,,,,,,,,75079,0.00202667573466897
,,,45,,,,,,,,,,,,,,,,,,,,,,,,,,,,,75089,0.0024787895381450653
,,,45,,,,,,,,,,,,,,,,,,,,,,,,,,,,,75099,0.0008627826464362442
,,,45,,,,,,,,,,,,,,,,,,,,,,,,,,,,,75109,0.0005146784824319184
,,,45,,,,,,,,,,,,,,,,,,,,,,,,,,,,,75119,0.0005597391282208264
,,,45,,,,,,,,,,,,,,,,,,,,,,,,,,,,,75129,0.0016870946856215596
,,,45,,,,,,,,,,,,,,,,,,,,,,,,,,,,,75139,0.0012910057557746768
,,,45,,,,,,,,,,,,,,,,,,,,,,,,,,,,,75149,0.0027802330441772938
,,,45,,,,,,,,,,,,,,,,,,,,,,,,,,,,,75159,0.029391814023256302
,,,45,,,,,,,,,,,,,,,,,,,,,,,,,,,,,75169,0.00037158094346523285
,,,45,,,,,,,,,,,,,,,,,,,,,,,,,,,,,75179,0.0006677903584204614
,,,45,,,,,,,,,,,,,,,,,,,,,,,,,,,,,75189,0.0007386203506030142
,,,45,,,,,,,,,,,,,,,,,,,,,,,,,,,,,75199,0.002447778359055519
,,,45,,,,,,,,,,,,,,,,,,,,,,,,,,,,,75209,0.19449056684970856
,,,45,,,,,,,,,,,,,,,,,,,,,,,,,,,,,75219,0.0009983101626858115
,,,45,,,,,,,,,,,,,,,,,,,,,,,,,,,,,75229,0.0014883321709930897
,,,45,,,,,,,,,,,,,,,,,,,,,,,,,,,,,75239,0.0012457126285880804
,,,45,,,,,,,,,,,,,,,,,,,,,,,,,,,,,75249,0.0015767524018883705
,,,45,,,,,,,,,,,,,,,,,,,,,,,,,,,,,75259,0.0009941563475877047
,,,45,,,,,,,,,,,,,,,,,,,,,,,,,,,,,75269,0.00201020366512239
,,,45,,,,,,,,,,,,,,,,,,,,,,,,,,,,,75279,0.015909289941191673
,,,45,,,,,,,,,,,,,,,,,,,,,,,,,,,,,75289,0.001149785122834146
,,,45,,,,,,,,,,,,,,,,,,,,,,,,,,,,,75299,0.0012762458063662052
,,,45,,,,,,,,,,,,,,,,,,,,,,,,,,,,,75309,0.002214757725596428
,,,45,,,,,,,,,,,,,,,,,,,,,,,,,,,,,75319,0.47286391258239746
,,,45,,,,,,,,,,,,,,,,,,,,,,,,,,,,,75329,0.0003737646038644016
,,,45,,,,,,,,,,,,,,,,,,,,,,,,,,,,,75339,0.0011781046632677317
,,,45,,,,,,,,,,,,,,,,,,,,,,,,,,,,,75349,0.0012684057001024485
,,,45,,,,,,,,,,,,,,,,,,,,,,,,,,,,,75359,0.0011767204850912094
,,,45,,,,,,,,,,,,,,,,,,,,,,,,,,,,,75369,0.0010758207645267248
,,,45,,,,,,,,,,,,,,,,,,,,,,,,,,,,,75379,0.0030000340193510056
,,,45,,,,,,,,,,,,,,,,,,,,,,,,,,,,,75389,0.002971386769786477
,,,45,,,,,,,,,,,,,,,,,,,,,,,,,,,,,75399,0.0014219367876648903
,,,45,,,,,,,,,,,,,,,,,,,,,,,,,,,,,75409,0.0017812693258747458
,,,45,,,,,,,,,,,,,,,,,,,,,,,,,,,,,75419,0.00044061304652132094
,,,45,,,,,,,,,,,,,,,,,,,,,,,,,,,,,75429,0.0030839655082672834
,,,45,,,,,,,,,,,,,,,,,,,,,,,,,,,,,75439,0.003907011356204748
,,,45,,,,,,,,,,,,,,,,,,,,,,,,,,,,,75449,0.025678496807813644
,,,45,,,,,,,,,,,,,,,,,,,,,,,,,,,,,75459,0.008780830539762974
,,,45,,,,,,,,,,,,,,,,,,,,,,,,,,,,,75469,0.0018507333006709814
,,,45,,,,,,,,,,,,,,,,,,,,,,,,,,,,,75479,0.0011069554602727294
,,,45,,,,,,,,,,,,,,,,,,,,,,,,,,,,,75489,0.0011492075864225626
,,,45,,,,,,,,,,,,,,,,,,,,,,,,,,,,,75499,0.0008932907367125154
,,,45,,,,,,,,,,,,,,,,,,,,,,,,,,,,,75509,0.0005332083674147725
,,,45,,,,,,,,,,,,,,,,,,,,,,,,,,,,,75519,0.0015901840524747968
,,,45,,,,,,,,,,,,,,,,,,,,,,,,,,,,,75529,0.012455668300390244
,,,45,,,,,,,,,,,,,,,,,,,,,,,,,,,,,75539,0.0017834687605500221
,,,45,,,,,,,,,,,,,,,,,,,,,,,,,,,,,75549,0.0011026192223653197
,,,45,,,,,,,,,,,,,,,,,,,,,,,,,,,,,75559,0.002001358661800623
,,,45,,,,,,,,,,,,,,,,,,,,,,,,,,,,,75569,0.0026187743060290813
,,,45,,,,,,,,,,,,,,,,,,,,,,,,,,,,,75579,0.024497652426362038
,,,45,,,,,,,,,,,,,,,,,,,,,,,,,,,,,75589,0.0012652737786993384
,,,45,,,,,,,,,,,,,,,,,,,,,,,,,,,,,75599,0.0029081087559461594
,,,45,,,,,,,,,,,,,,,,,,,,,,,,,,,,,75609,0.0021477551199495792
,,,45,,,,,,,,,,,,,,,,,,,,,,,,,,,,,75619,0.0007783741457387805
,,,45,,,,,,,,,,,,,,,,,,,,,,,,,,,,,75629,0.0016306828474625945
,,,45,,,,,,,,,,,,,,,,,,,,,,,,,,,,,75639,0.002439920324832201
,,,45,,,,,,,,,,,,,,,,,,,,,,,,,,,,,75649,0.001667014672420919
,,,45,,,,,,,,,,,,,,,,,,,,,,,,,,,,,75659,0.0008113071089610457
,,,45,,,,,,,,,,,,,,,,,,,,,,,,,,,,,75669,0.0077554150484502316
,,,45,,,,,,,,,,,,,,,,,,,,,,,,,,,,,75679,0.000715148460585624
,,,45,,,,,,,,,,,,,,,,,,,,,,,,,,,,,75689,0.0009090183884836733
,,,45,,,,,,,,,,,,,,,,,,,,,,,,,,,,,75699,0.00046028190990909934
,,,45,,,,,,,,,,,,,,,,,,,,,,,,,,,,,75709,0.001051008584909141
,,,45,,,,,,,,,,,,,,,,,,,,,,,,,,,,,75719,1.4362577199935913
,,,45,,,,,,,,,,,,,,,,,,,,,,,,,,,,,75729,0.0008237287402153015
,,,45,,,,,,,,,,,,,,,,,,,,,,,,,,,,,75739,0.00143242790363729
,,,45,,,,,,,,,,,,,,,,,,,,,,,,,,,,,75749,0.0005328832776285708
,,,45,,,,,,,,,,,,,,,,,,,,,,,,,,,,,75759,0.0004762202443089336
,,,45,,,,,,,,,,,,,,,,,,,,,,,,,,,,,75769,0.0008475172217004001
,,,45,,,,,,,,,,,,,,,,,,,,,,,,,,,,,75779,0.007386695593595505
,,,45,,,,,,,,,,,,,,,,,,,,,,,,,,,,,75789,0.0014860014198347926
,,,45,,,,,,,,,,,,,,,,,,,,,,,,,,,,,75799,0.002479730173945427
,,,45,,,,,,,,,,,,,,,,,,,,,,,,,,,,,75809,0.0026384438388049603
,,,45,,,,,,,,,,,,,,,,,,,,,,,,,,,,,75819,0.0036515044048428535
,,,45,,,,,,,,,,,,,,,,,,,,,,,,,,,,,75829,0.0011435381602495909
,,,45,,,,,,,,,,,,,,,,,,,,,,,,,,,,,75839,0.018027668818831444
,,,45,,,,,,,,,,,,,,,,,,,,,,,,,,,,,75849,0.0011546291643753648
,,,45,,,,,,,,,,,,,,,,,,,,,,,,,,,,,75859,0.0010705303866416216
,,,45,,,,,,,,,,,,,,,,,,,,,,,,,,,,,75869,0.0013059945777058601
,,,45,,,,,,,,,,,,,,,,,,,,,,,,,,,,,75879,0.04653710126876831
,,,45,,,,,,,,,,,,,,,,,,,,,,,,,,,,,75889,0.0011038442607969046
,,,45,,,,,,,,,,,,,,,,,,,,,,,,,,,,,75899,0.0008341220091097057
,,,45,,,,,,,,,,,,,,,,,,,,,,,,,,,,,75909,0.0005615646368823946
,,,45,,,,,,,,,,,,,,,,,,,,,,,,,,,,,75919,0.0015931455418467522
,,,45,,,,,,,,,,,,,,,,,,,,,,,,,,,,,75929,0.0005430158926174045
,,,45,,,,,,,,,,,,,,,,,,,,,,,,,,,,,75939,0.0514029935002327
,,,45,,,,,,,,,,,,,,,,,,,,,,,,,,,,,75949,0.0008218560251407325
,,,45,,,,,,,,,,,,,,,,,,,,,,,,,,,,,75959,0.001521589932963252
,,,45,,,,,,,,,,,,,,,,,,,,,,,,,,,,,75969,0.0005429974407888949
,,,45,,,,,,,,,,,,,,,,,,,,,,,,,,,,,75979,0.0013922496000304818
,,,45,,,,,,,,,,,,,,,,,,,,,,,,,,,,,75989,0.0008150490466505289
,,,45,,,,,,,,,,,,,,,,,,,,,,,,,,,,,75999,0.003560804994776845
,,,45,,,,,,,,,,,,,,,,,,,,,,,,,,,,,76009,0.0012721074745059013
,,,45,,,,,,,,,,,,,,,,,,,,,,,,,,,,,76019,0.04322134703397751
,,,45,,,,,,,,,,,,,,,,,,,,,,,,,,,,,76029,0.0008816218469291925
,,,45,,,,,,,,,,,,,,,,,,,,,,,,,,,,,76039,0.0010577966459095478
,,,45,,,,,,,,,,,,,,,,,,,,,,,,,,,,,76049,0.012780499644577503
,,,45,,,,,,,,,,,,,,,,,,,,,,,,,,,,,76059,0.006167692597955465
,,,45,,,,,,,,,,,,,,,,,,,,,,,,,,,,,76069,0.0005983818555250764
,,,45,,,,,,,,,,,,,,,,,,,,,,,,,,,,,76079,0.0018814888317137957
,,,45,,,,,,,,,,,,,,,,,,,,,,,,,,,,,76089,0.0009355943184345961
,,,45,,,,,,,,,,,,,,,,,,,,,,,,,,,,,76099,0.0006144734215922654
,,,45,,,,,,,,,,,,,,,,,,,,,,,,,,,,,76109,0.0016794416587799788
,,,45,,,,,,,,,,,,,,,,,,,,,,,,,,,,,76119,0.010505827143788338
,,,45,,,,,,,,,,,,,,,,,,,,,,,,,,,,,76129,0.0014902008697390556
,,,45,,,,,,,,,,,,,,,,,,,,,,,,,,,,,76139,0.0012550554238259792
,,,45,,,,,,,,,,,,,,,,,,,,,,,,,,,,,76149,0.0009684937540441751
,,,45,,,,,,,,,,,,,,,,,,,,,,,,,,,,,76159,0.0016170528251677752
,,,45,,,,,,,,,,,,,,,,,,,,,,,,,,,,,76169,0.004059949424117804
,,,45,,,,,,,,,,,,,,,,,,,,,,,,,,,,,76179,0.0003937866713386029
,,,45,,,,,,,,,,,,,,,,,,,,,,,,,,,,,76189,0.172012597322464
,,,45,,,,,,,,,,,,,,,,,,,,,,,,,,,,,76199,0.026534324511885643
,,,45,,,,,,,,,,,,,,,,,,,,,,,,,,,,,76209,0.0017560981214046478
,,,45,,,,,,,,,,,,,,,,,,,,,,,,,,,,,76219,0.0018715488258749247
,,,45,,,,,,,,,,,,,,,,,,,,,,,,,,,,,76229,0.002891169162467122
,,,45,,,,,,,,,,,,,,,,,,,,,,,,,,,,,76239,0.08015072345733643
,,,45,,,,,,,,,,,,,,,,,,,,,,,,,,,,,76249,0.0017778833862394094
,,,45,,,,,,,,,,,,,,,,,,,,,,,,,,,,,76259,0.0004257370310369879
,,,45,,,,,,,,,,,,,,,,,,,,,,,,,,,,,76269,0.001235414412803948
,,,45,,,,,,,,,,,,,,,,,,,,,,,,,,,,,76279,0.02441445179283619
,,,45,,,,,,,,,,,,,,,,,,,,,,,,,,,,,76289,0.0003647622652351856
,,,45,,,,,,,,,,,,,,,,,,,,,,,,,,,,,76299,0.0010554862674325705
,,,45,,,,,,,,,,,,,,,,,,,,,,,,,,,,,76309,0.0012684095418080688
,,,45,,,,,,,,,,,,,,,,,,,,,,,,,,,,,76319,0.0008440818637609482
,,,45,,,,,,,,,,,,,,,,,,,,,,,,,,,,,76329,0.5585466623306274
,,,45,,,,,,,,,,,,,,,,,,,,,,,,,,,,,76339,0.0010622182162478566
,,,45,,,,,,,,,,,,,,,,,,,,,,,,,,,,,76349,0.003823540173470974
,,,45,,,,,,,,,,,,,,,,,,,,,,,,,,,,,76359,0.0017008371651172638
,,,45,,,,,,,,,,,,,,,,,,,,,,,,,,,,,76369,0.0005196472047828138
,,,45,,,,,,,,,,,,,,,,,,,,,,,,,,,,,76379,0.0011690673418343067
,,,45,,,,,,,,,,,,,,,,,,,,,,,,,,,,,76389,0.012805397622287273
,,,45,,,,,,,,,,,,,,,,,,,,,,,,,,,,,76399,0.0007826528162695467
,,,45,,,,,,,,,,,,,,,,,,,,,,,,,,,,,76409,0.0006233828025870025
,,,45,,,,,,,,,,,,,,,,,,,,,,,,,,,,,76419,0.0010929456911981106
,,,45,,,,,,,,,,,,,,,,,,,,,,,,,,,,,76429,0.14958199858665466
,,,45,,,,,,,,,,,,,,,,,,,,,,,,,,,,,76439,0.0012082582106813788
,,,45,,,,,,,,,,,,,,,,,,,,,,,,,,,,,76449,0.02121754176914692
,,,,1.1017191229609355e-08,6.17187982471726e-08,9.495199730334245e-08,9.495199730334245e-08,1.4607999585129607e-07,1.4607999585129607e-07,2.2473845515584008e-07,2.2473845515584008e-07,3.457514694705232e-07,3.457514694705232e-07,5.319253376469587e-07,1.1017191229609355e-08,5.319253376469587e-07,8.183466733030134e-07,8.183466733030134e-07,1.258994882004636e-06,1.258994882004636e-06,1.9369152030840556e-06,1.9369152030840556e-06,1.9369152030840556e-06,1.9369152030840556e-06,1.6949524968629775e-08,1.6949524968629775e-08,2.6076192259430422e-08,2.6076192259430422e-08,4.011721886066219e-08,4.011721886066219e-08,6.17187982471726e-08,76452,
,,,46,,,,,,,,,,,,,,,,,,,,,,,,,,,,,76459,0.0014814259484410286
,,,46,,,,,,,,,,,,,,,,,,,,,,,,,,,,,76469,0.0018914546817541122
,,,46,,,,,,,,,,,,,,,,,,,,,,,,,,,,,76479,0.002978710690513253
,,,46,,,,,,,,,,,,,,,,,,,,,,,,,,,,,76489,0.002310393378138542
,,,46,,,,,,,,,,,,,,,,,,,,,,,,,,,,,76499,0.0026961355470120907
,,,46,,,,,,,,,,,,,,,,,,,,,,,,,,,,,76509,0.0012335843639448285
,,,46,,,,,,,,,,,,,,,,,,,,,,,,,,,,,76519,0.0009269830188713968
,,,46,,,,,,,,,,,,,,,,,,,,,,,,,,,,,76529,0.001108641386963427
,,,46,,,,,,,,,,,,,,,,,,,,,,,,,,,,,76539,0.0010258436668664217
,,,46,,,,,,,,,,,,,,,,,,,,,,,,,,,,,76549,0.0022235652431845665
,,,46,,,,,,,,,,,,,,,,,,,,,,,,,,,,,76559,0.0030813978519290686
,,,46,,,,,,,,,,,,,,,,,,,,,,,,,,,,,76569,0.005085920449346304
,,,46,,,,,,,,,,,,,,,,,,,,,,,,,,,,,76579,0.0006982712657190859
,,,46,,,,,,,,,,,,,,,,,,,,,,,,,,,,,76589,0.0005684279021807015
,,,46,,,,,,,,,,,,,,,,,,,,,,,,,,,,,76599,0.0009936445858329535
,,,46,,,,,,,,,,,,,,,,,,,,,,,,,,,,,76609,0.0010329377837479115
,,,46,,,,,,,,,,,,,,,,,,,,,,,,,,,,,76619,0.0013715751701965928
,,,46,,,,,,,,,,,,,,,,,,,,,,,,,,,,,76629,0.001547022140584886
,,,46,,,,,,,,,,,,,,,,,,,,,,,,,,,,,76639,0.0008909489260986447
,,,46,,,,,,,,,,,,,,,,,,,,,,,,,,,,,76649,0.001375099178403616
,,,46,,,,,,,,,,,,,,,,,,,,,,,,,,,,,76659,0.0013346044579520822
,,,46,,,,,,,,,,,,,,,,,,,,,,,,,,,,,76669,0.0007555007468909025
,,,46,,,,,,,,,,,,,,,,,,,,,,,,,,,,,76679,0.0010107546113431454
,,,46,,,,,,,,,,,,,,,,,,,,,,,,,,,,,76689,0.0011479513486847281
,,,46,,,,,,,,,,,,,,,,,,,,,,,,,,,,,76699,0.004561315290629864
,,,46,,,,,,,,,,,,,,,,,,,,,,,,,,,,,76709,0.0009847339242696762
,,,46,,,,,,,,,,,,,,,,,,,,,,,,,,,,,76719,0.0006539968308061361
,,,46,,,,,,,,,,,,,,,,,,,,,,,,,,,,,76729,0.0015049155335873365
,,,46,,,,,,,,,,,,,,,,,,,,,,,,,,,,,76739,0.0019522373331710696
,,,46,,,,,,,,,,,,,,,,,,,,,,,,,,,,,76749,0.002242573071271181
,,,46,,,,,,,,,,,,,,,,,,,,,,,,,,,,,76759,0.00327644613571465
,,,46,,,,,,,,,,,,,,,,,,,,,,,,,,,,,76769,0.002736638765782118
,,,46,,,,,,,,,,,,,,,,,,,,,,,,,,,,,76779,0.014110715128481388
,,,46,,,,,,,,,,,,,,,,,,,,,,,,,,,,,76789,0.001006567501462996
,,,46,,,,,,,,,,,,,,,,,,,,,,,,,,,,,76799,0.0015171546256169677
,,,46,,,,,,,,,,,,,,,,,,,,,,,,,,,,,76809,0.0008994012023322284
,,,46,,,,,,,,,,,,,,,,,,,,,,,,,,,,,76819,0.0011414685286581516
,,,46,,,,,,,,,,,,,,,,,,,,,,,,,,,,,76829,0.006036311388015747
,,,46,,,,,,,,,,,,,,,,,,,,,,,,,,,,,76839,0.01570395566523075
,,,46,,,,,,,,,,,,,,,,,,,,,,,,,,,,,76849,0.000497425498906523
,,,46,,,,,,,,,,,,,,,,,,,,,,,,,,,,,76859,0.0011867787688970566
,,,46,,,,,,,,,,,,,,,,,,,,,,,,,,,,,76869,0.00037032211548648775
,,,46,,,,,,,,,,,,,,,,,,,,,,,,,,,,,76879,0.0007481781067326665
,,,46,,,,,,,,,,,,,,,,,,,,,,,,,,,,,76889,0.0011273134732618928
,,,46,,,,,,,,,,,,,,,,,,,,,,,,,,,,,76899,0.013174465857446194
,,,46,,,,,,,,,,,,,,,,,,,,,,,,,,,,,76909,0.010509931482374668
,,,46,,,,,,,,,,,,,,,,,,,,,,,,,,,,,76919,0.0019654403440654278
,,,46,,,,,,,,,,,,,,,,,,,,,,,,,,,,,76929,0.0013645351864397526
,,,46,,,,,,,,,,,,,,,,,,,,,,,,,,,,,76939,0.09276363998651505
,,,46,,,,,,,,,,,,,,,,,,,,,,,,,,,,,76949,0.004328912124037743
,,,46,,,,,,,,,,,,,,,,,,,,,,,,,,,,,76959,0.0006716747884638608
,,,46,,,,,,,,,,,,,,,,,,,,,,,,,,,,,76969,0.022944869473576546
,,,46,,,,,,,,,,,,,,,,,,,,,,,,,,,,,76979,0.0006068780203349888
,,,46,,,,,,,,,,,,,,,,,,,,,,,,,,,,,76989,0.0005506121087819338
,,,46,,,,,,,,,,,,,,,,,,,,,,,,,,,,,76999,0.0016814237460494041
,,,46,,,,,,,,,,,,,,,,,,,,,,,,,,,,,77009,0.0006259976653382182
,,,46,,,,,,,,,,,,,,,,,,,,,,,,,,,,,77019,0.0009133690036833286
,,,46,,,,,,,,,,,,,,,,,,,,,,,,,,,,,77029,0.0014815726317465305
,,,46,,,,,,,,,,,,,,,,,,,,,,,,,,,,,77039,0.0011814199388027191
,,,46,,,,,,,,,,,,,,,,,,,,,,,,,,,,,77049,0.0015536295250058174
,,,46,,,,,,,,,,,,,,,,,,,,,,,,,,,,,77059,0.004424356389790773
,,,46,,,,,,,,,,,,,,,,,,,,,,,,,,,,,77069,0.0005992601509205997
,,,46,,,,,,,,,,,,,,,,,,,,,,,,,,,,,77079,0.0005500289844349027
,,,46,,,,,,,,,,,,,,,,,,,,,,,,,,,,,77089,0.0008864570409059525
,,,46,,,,,,,,,,,,,,,,,,,,,,,,,,,,,77099,0.000978178228251636
,,,46,,,,,,,,,,,,,,,,,,,,,,,,,,,,,77109,0.0017211533850058913
,,,46,,,,,,,,,,,,,,,,,,,,,,,,,,,,,77119,0.00058105553034693
,,,46,,,,,,,,,,,,,,,,,,,,,,,,,,,,,77129,0.0013114927569404244
,,,46,,,,,,,,,,,,,,,,,,,,,,,,,,,,,77139,0.0014218335272744298
,,,46,,,,,,,,,,,,,,,,,,,,,,,,,,,,,77149,0.0012164647923782468
,,,46,,,,,,,,,,,,,,,,,,,,,,,,,,,,,77159,0.000573557335883379
,,,46,,,,,,,,,,,,,,,,,,,,,,,,,,,,,77169,0.001406785100698471
,,,46,,,,,,,,,,,,,,,,,,,,,,,,,,,,,77179,0.01703675463795662
,,,46,,,,,,,,,,,,,,,,,,,,,,,,,,,,,77189,0.0015800058608874679
,,,46,,,,,,,,,,,,,,,,,,,,,,,,,,,,,77199,0.0009550806134939194
,,,46,,,,,,,,,,,,,,,,,,,,,,,,,,,,,77209,0.0007864235085435212
,,,46,,,,,,,,,,,,,,,,,,,,,,,,,,,,,77219,0.0006403911393135786
,,,46,,,,,,,,,,,,,,,,,,,,,,,,,,,,,77229,0.0007014422444626689
,,,46,,,,,,,,,,,,,,,,,,,,,,,,,,,,,77239,0.0011475537903606892
,,,46,,,,,,,,,,,,,,,,,,,,,,,,,,,,,77249,0.00024115422274917364
,,,46,,,,,,,,,,,,,,,,,,,,,,,,,,,,,77259,0.0040221731178462505
,,,46,,,,,,,,,,,,,,,,,,,,,,,,,,,,,77269,0.0047205607406795025
,,,46,,,,,,,,,,,,,,,,,,,,,,,,,,,,,77279,0.0007639371324330568
,,,46,,,,,,,,,,,,,,,,,,,,,,,,,,,,,77289,0.001282595912925899
,,,46,,,,,,,,,,,,,,,,,,,,,,,,,,,,,77299,0.00038226740434765816
,,,46,,,,,,,,,,,,,,,,,,,,,,,,,,,,,77309,0.0005086047458462417
,,,46,,,,,,,,,,,,,,,,,,,,,,,,,,,,,77319,0.0010743410093709826
,,,46,,,,,,,,,,,,,,,,,,,,,,,,,,,,,77329,0.005633663851767778
,,,46,,,,,,,,,,,,,,,,,,,,,,,,,,,,,77339,0.0005685743526555598
,,,46,,,,,,,,,,,,,,,,,,,,,,,,,,,,,77349,0.002140932949259877
,,,46,,,,,,,,,,,,,,,,,,,,,,,,,,,,,77359,0.0037389721255749464
,,,46,,,,,,,,,,,,,,,,,,,,,,,,,,,,,77369,0.0006027978379279375
,,,46,,,,,,,,,,,,,,,,,,,,,,,,,,,,,77379,0.000977678457275033
,,,46,,,,,,,,,,,,,,,,,,,,,,,,,,,,,77389,0.0009581262129358947
,,,46,,,,,,,,,,,,,,,,,,,,,,,,,,,,,77399,0.003332307329401374
,,,46,,,,,,,,,,,,,,,,,,,,,,,,,,,,,77409,0.2994783818721771
,,,46,,,,,,,,,,,,,,,,,,,,,,,,,,,,,77419,0.0010335133410990238
,,,46,,,,,,,,,,,,,,,,,,,,,,,,,,,,,77429,0.002026289701461792
,,,46,,,,,,,,,,,,,,,,,,,,,,,,,,,,,77439,0.003714529564604163
,,,46,,,,,,,,,,,,,,,,,,,,,,,,,,,,,77449,0.0025154061149805784
,,,46,,,,,,,,,,,,,,,,,,,,,,,,,,,,,77459,0.0006131842383183539
,,,46,,,,,,,,,,,,,,,,,,,,,,,,,,,,,77469,0.0006489750812761486
,,,46,,,,,,,,,,,,,,,,,,,,,,,,,,,,,77479,0.007705798372626305
,,,46,,,,,,,,,,,,,,,,,,,,,,,,,,,,,77489,0.00140406156424433
,,,46,,,,,,,,,,,,,,,,,,,,,,,,,,,,,77499,0.0005549571942538023
,,,46,,,,,,,,,,,,,,,,,,,,,,,,,,,,,77509,0.004992369096726179
,,,46,,,,,,,,,,,,,,,,,,,,,,,,,,,,,77519,0.0010576752247288823
,,,46,,,,,,,,,,,,,,,,,,,,,,,,,,,,,77529,0.0012600055197253823
,,,46,,,,,,,,,,,,,,,,,,,,,,,,,,,,,77539,0.0008468914893455803
,,,46,,,,,,,,,,,,,,,,,,,,,,,,,,,,,77549,0.0006246862467378378
,,,46,,,,,,,,,,,,,,,,,,,,,,,,,,,,,77559,0.0023391859140247107
,,,46,,,,,,,,,,,,,,,,,,,,,,,,,,,,,77569,0.0009256171179004014
,,,46,,,,,,,,,,,,,,,,,,,,,,,,,,,,,77579,0.0007739918655715883
,,,46,,,,,,,,,,,,,,,,,,,,,,,,,,,,,77589,0.0009391004568897188
,,,46,,,,,,,,,,,,,,,,,,,,,,,,,,,,,77599,0.001857775030657649
,,,46,,,,,,,,,,,,,,,,,,,,,,,,,,,,,77609,0.0015708314022049308
,,,46,,,,,,,,,,,,,,,,,,,,,,,,,,,,,77619,0.0007520643412135541
,,,46,,,,,,,,,,,,,,,,,,,,,,,,,,,,,77629,0.0026814937591552734
,,,46,,,,,,,,,,,,,,,,,,,,,,,,,,,,,77639,0.0006038135616108775
,,,46,,,,,,,,,,,,,,,,,,,,,,,,,,,,,77649,0.03623950853943825
,,,46,,,,,,,,,,,,,,,,,,,,,,,,,,,,,77659,0.0008589767385274172
,,,46,,,,,,,,,,,,,,,,,,,,,,,,,,,,,77669,0.04456138238310814
,,,46,,,,,,,,,,,,,,,,,,,,,,,,,,,,,77679,0.0014201067388057709
,,,46,,,,,,,,,,,,,,,,,,,,,,,,,,,,,77689,0.000862052955199033
,,,46,,,,,,,,,,,,,,,,,,,,,,,,,,,,,77699,0.002310542855411768
,,,46,,,,,,,,,,,,,,,,,,,,,,,,,,,,,77709,0.044017110019922256
,,,46,,,,,,,,,,,,,,,,,,,,,,,,,,,,,77719,0.001070933067239821
,,,46,,,,,,,,,,,,,,,,,,,,,,,,,,,,,77729,0.00040747388266026974
,,,46,,,,,,,,,,,,,,,,,,,,,,,,,,,,,77739,0.0014723483473062515
,,,46,,,,,,,,,,,,,,,,,,,,,,,,,,,,,77749,0.0008824658580124378
,,,46,,,,,,,,,,,,,,,,,,,,,,,,,,,,,77759,0.000668472028337419
,,,46,,,,,,,,,,,,,,,,,,,,,,,,,,,,,77769,0.0011820039944723248
,,,46,,,,,,,,,,,,,,,,,,,,,,,,,,,,,77779,0.0009500536252744496
,,,46,,,,,,,,,,,,,,,,,,,,,,,,,,,,,77789,0.0010166058782488108
,,,46,,,,,,,,,,,,,,,,,,,,,,,,,,,,,77799,0.00034823527676053345
,,,46,,,,,,,,,,,,,,,,,,,,,,,,,,,,,77809,0.0006006713956594467
,,,46,,,,,,,,,,,,,,,,,,,,,,,,,,,,,77819,0.001891738036647439
,,,46,,,,,,,,,,,,,,,,,,,,,,,,,,,,,77829,0.0008587507763877511
,,,46,,,,,,,,,,,,,,,,,,,,,,,,,,,,,77839,0.0006630494608543813
,,,46,,,,,,,,,,,,,,,,,,,,,,,,,,,,,77849,0.0011910346802324057
,,,46,,,,,,,,,,,,,,,,,,,,,,,,,,,,,77859,0.007491005584597588
,,,46,,,,,,,,,,,,,,,,,,,,,,,,,,,,,77869,0.0021984069608151913
,,,46,,,,,,,,,,,,,,,,,,,,,,,,,,,,,77879,0.0006357199163176119
,,,46,,,,,,,,,,,,,,,,,,,,,,,,,,,,,77889,0.15503595769405365
,,,46,,,,,,,,,,,,,,,,,,,,,,,,,,,,,77899,0.0006473984685726464
,,,46,,,,,,,,,,,,,,,,,,,,,,,,,,,,,77909,0.0009101741015911102
,,,46,,,,,,,,,,,,,,,,,,,,,,,,,,,,,77919,0.000951161258853972
,,,46,,,,,,,,,,,,,,,,,,,,,,,,,,,,,77929,0.0007815560675226152
,,,46,,,,,,,,,,,,,,,,,,,,,,,,,,,,,77939,0.03422620892524719
,,,46,,,,,,,,,,,,,,,,,,,,,,,,,,,,,77949,0.0012453742092475295
,,,46,,,,,,,,,,,,,,,,,,,,,,,,,,,,,77959,0.00068809709046036
,,,46,,,,,,,,,,,,,,,,,,,,,,,,,,,,,77969,0.0011505383299663663
,,,46,,,,,,,,,,,,,,,,,,,,,,,,,,,,,77979,0.0019109321292489767
,,,46,,,,,,,,,,,,,,,,,,,,,,,,,,,,,77989,0.0008903820998966694
,,,46,,,,,,,,,,,,,,,,,,,,,,,,,,,,,77999,0.00889437273144722
,,,46,,,,,,,,,,,,,,,,,,,,,,,,,,,,,78009,0.0028275807853788137
,,,46,,,,,,,,,,,,,,,,,,,,,,,,,,,,,78019,0.0024056590627878904
,,,46,,,,,,,,,,,,,,,,,,,,,,,,,,,,,78029,0.008413905277848244
,,,46,,,,,,,,,,,,,,,,,,,,,,,,,,,,,78039,0.0008954667137004435
,,,46,,,,,,,,,,,,,,,,,,,,,,,,,,,,,78049,0.0009031517547555268
,,,46,,,,,,,,,,,,,,,,,,,,,,,,,,,,,78059,0.0005128735792823136
,,,46,,,,,,,,,,,,,,,,,,,,,,,,,,,,,78069,0.001074001775123179
,,,46,,,,,,,,,,,,,,,,,,,,,,,,,,,,,78079,0.0011022536782547832
,,,46,,,,,,,,,,,,,,,,,,,,,,,,,,,,,78089,0.0015009482158347964
,,,46,,,,,,,,,,,,,,,,,,,,,,,,,,,,,78099,0.01997184194624424
,,,46,,,,,,,,,,,,,,,,,,,,,,,,,,,,,78109,0.0011138609843328595
,,,,6.214832253835897e-09,3.48157683769386e-08,5.3562720579905535e-08,5.3562720579905535e-08,8.240418550754697e-08,8.240418550754697e-08,1.2677567001161072e-07,1.2677567001161072e-07,1.9503949232555496e-07,1.9503949232555496e-07,3.0006075742393067e-07,6.214832253835897e-09,3.0006075742393067e-07,4.6163193449835486e-07,4.6163193449835486e-07,7.102029761513152e-07,7.102029761513152e-07,1.0926199633097157e-06,1.0926199633097157e-06,1.0926199633097157e-06,1.0926199633097157e-06,9.561280390516763e-09,9.561280390516763e-09,1.470966213925656e-08,1.470966213925656e-08,2.2630249445010088e-08,2.2630249445010088e-08,3.48157683769386e-08,78114,
,,,47,,,,,,,,,,,,,,,,,,,,,,,,,,,,,78119,0.0015964778140187263
,,,47,,,,,,,,,,,,,,,,,,,,,,,,,,,,,78129,0.14659596979618073
,,,47,,,,,,,,,,,,,,,,,,,,,,,,,,,,,78139,0.0016117807244881988
,,,47,,,,,,,,,,,,,,,,,,,,,,,,,,,,,78149,0.0018955115228891373
,,,47,,,,,,,,,,,,,,,,,,,,,,,,,,,,,78159,0.0017186548793688416
,,,47,,,,,,,,,,,,,,,,,,,,,,,,,,,,,78169,0.02585785649716854
,,,47,,,,,,,,,,,,,,,,,,,,,,,,,,,,,78179,0.0015058513963595033
,,,47,,,,,,,,,,,,,,,,,,,,,,,,,,,,,78189,0.0007017732714302838
,,,47,,,,,,,,,,,,,,,,,,,,,,,,,,,,,78199,0.0016324114985764027
,,,47,,,,,,,,,,,,,,,,,,,,,,,,,,,,,78209,0.0007589214364998043
,,,47,,,,,,,,,,,,,,,,,,,,,,,,,,,,,78219,0.0007014732691459358
,,,47,,,,,,,,,,,,,,,,,,,,,,,,,,,,,78229,0.0007687186007387936
,,,47,,,,,,,,,,,,,,,,,,,,,,,,,,,,,78239,0.0009073286782950163
,,,47,,,,,,,,,,,,,,,,,,,,,,,,,,,,,78249,0.0007684073061682284
,,,47,,,,,,,,,,,,,,,,,,,,,,,,,,,,,78259,0.002788917627185583
,,,47,,,,,,,,,,,,,,,,,,,,,,,,,,,,,78269,0.0022590910084545612
,,,47,,,,,,,,,,,,,,,,,,,,,,,,,,,,,78279,0.0028366921469569206
,,,47,,,,,,,,,,,,,,,,,,,,,,,,,,,,,78289,0.00031887978548184037
,,,47,,,,,,,,,,,,,,,,,,,,,,,,,,,,,78299,0.0007418915629386902
,,,47,,,,,,,,,,,,,,,,,,,,,,,,,,,,,78309,0.0006315994542092085
,,,47,,,,,,,,,,,,,,,,,,,,,,,,,,,,,78319,0.00446853693574667
,,,47,,,,,,,,,,,,,,,,,,,,,,,,,,,,,78329,0.0011841828236356378
,,,47,,,,,,,,,,,,,,,,,,,,,,,,,,,,,78339,0.0007351168897002935
,,,47,,,,,,,,,,,,,,,,,,,,,,,,,,,,,78349,0.000600599218159914
,,,47,,,,,,,,,,,,,,,,,,,,,,,,,,,,,78359,0.0003275244089309126
,,,47,,,,,,,,,,,,,,,,,,,,,,,,,,,,,78369,0.0013670433545485139
,,,47,,,,,,,,,,,,,,,,,,,,,,,,,,,,,78379,0.02604115940630436
,,,47,,,,,,,,,,,,,,,,,,,,,,,,,,,,,78389,0.0005127065232954919
,,,47,,,,,,,,,,,,,,,,,,,,,,,,,,,,,78399,0.0009709429577924311
,,,47,,,,,,,,,,,,,,,,,,,,,,,,,,,,,78409,0.0007974852924235165
,,,47,,,,,,,,,,,,,,,,,,,,,,,,,,,,,78419,0.00044889148557558656
,,,47,,,,,,,,,,,,,,,,,,,,,,,,,,,,,78429,0.0010207310551777482
,,,47,,,,,,,,,,,,,,,,,,,,,,,,,,,,,78439,0.0009923828765749931
,,,47,,,,,,,,,,,,,,,,,,,,,,,,,,,,,78449,0.5723777413368225
,,,47,,,,,,,,,,,,,,,,,,,,,,,,,,,,,78459,0.003805403131991625
,,,47,,,,,,,,,,,,,,,,,,,,,,,,,,,,,78469,0.0024362781550735235
,,,47,,,,,,,,,,,,,,,,,,,,,,,,,,,,,78479,0.00043810412171296775
,,,47,,,,,,,,,,,,,,,,,,,,,,,,,,,,,78489,0.0005280996556393802
,,,47,,,,,,,,,,,,,,,,,,,,,,,,,,,,,78499,0.001089581404812634
,,,47,,,,,,,,,,,,,,,,,,,,,,,,,,,,,78509,0.0003566696250345558
,,,47,,,,,,,,,,,,,,,,,,,,,,,,,,,,,78519,0.0006606550305150449
,,,47,,,,,,,,,,,,,,,,,,,,,,,,,,,,,78529,0.0014289163518697023
,,,47,,,,,,,,,,,,,,,,,,,,,,,,,,,,,78539,0.00034402994788251817
,,,47,,,,,,,,,,,,,,,,,,,,,,,,,,,,,78549,0.001402618596330285
,,,47,,,,,,,,,,,,,,,,,,,,,,,,,,,,,78559,0.002309708623215556
,,,47,,,,,,,,,,,,,,,,,,,,,,,,,,,,,78569,0.0007207196904346347
,,,47,,,,,,,,,,,,,,,,,,,,,,,,,,,,,78579,0.009071593172848225
,,,47,,,,,,,,,,,,,,,,,,,,,,,,,,,,,78589,0.0012079263105988503
,,,47,,,,,,,,,,,,,,,,,,,,,,,,,,,,,78599,0.000417701608967036
,,,47,,,,,,,,,,,,,,,,,,,,,,,,,,,,,78609,0.010830054059624672
,,,47,,,,,,,,,,,,,,,,,,,,,,,,,,,,,78619,0.0012419456616044044
,,,47,,,,,,,,,,,,,,,,,,,,,,,,,,,,,78629,0.001428162562660873
,,,47,,,,,,,,,,,,,,,,,,,,,,,,,,,,,78639,0.0005557061522267759
,,,47,,,,,,,,,,,,,,,,,,,,,,,,,,,,,78649,0.0015602601924911141
,,,47,,,,,,,,,,,,,,,,,,,,,,,,,,,,,78659,0.11405827850103378
,,,47,,,,,,,,,,,,,,,,,,,,,,,,,,,,,78669,0.0018107688520103693
,,,47,,,,,,,,,,,,,,,,,,,,,,,,,,,,,78679,0.005242000333964825
,,,47,,,,,,,,,,,,,,,,,,,,,,,,,,,,,78689,0.0016411272808909416
,,,47,,,,,,,,,,,,,,,,,,,,,,,,,,,,,78699,0.0008568170596845448
,,,47,,,,,,,,,,,,,,,,,,,,,,,,,,,,,78709,0.0008644541376270354
,,,47,,,,,,,,,,,,,,,,,,,,,,,,,,,,,78719,0.0011941816192120314
,,,47,,,,,,,,,,,,,,,,,,,,,,,,,,,,,78729,0.0027702907100319862
,,,47,,,,,,,,,,,,,,,,,,,,,,,,,,,,,78739,0.0012550721876323223
,,,47,,,,,,,,,,,,,,,,,,,,,,,,,,,,,78749,0.0038554833736270666
,,,47,,,,,,,,,,,,,,,,,,,,,,,,,,,,,78759,0.0006602670764550567
,,,47,,,,,,,,,,,,,,,,,,,,,,,,,,,,,78769,0.0005920769181102514
,,,47,,,,,,,,,,,,,,,,,,,,,,,,,,,,,78779,0.0019090927671641111
,,,47,,,,,,,,,,,,,,,,,,,,,,,,,,,,,78789,0.0016320059075951576
,,,47,,,,,,,,,,,,,,,,,,,,,,,,,,,,,78799,0.0017857447965070605
,,,47,,,,,,,,,,,,,,,,,,,,,,,,,,,,,78809,0.001454517594538629
,,,47,,,,,,,,,,,,,,,,,,,,,,,,,,,,,78819,0.0007349178194999695
,,,47,,,,,,,,,,,,,,,,,,,,,,,,,,,,,78829,0.0010258107213303447
,,,47,,,,,,,,,,,,,,,,,,,,,,,,,,,,,78839,0.0027433617506176233
,,,47,,,,,,,,,,,,,,,,,,,,,,,,,,,,,78849,0.12067972868680954
,,,47,,,,,,,,,,,,,,,,,,,,,,,,,,,,,78859,0.0009047884377650917
,,,47,,,,,,,,,,,,,,,,,,,,,,,,,,,,,78869,0.0006212935550138354
,,,47,,,,,,,,,,,,,,,,,,,,,,,,,,,,,78879,0.001653078361414373
,,,47,,,,,,,,,,,,,,,,,,,,,,,,,,,,,78889,0.004498808644711971
,,,47,,,,,,,,,,,,,,,,,,,,,,,,,,,,,78899,0.0012741272803395987
,,,47,,,,,,,,,,,,,,,,,,,,,,,,,,,,,78909,0.0004593917983584106
,,,47,,,,,,,,,,,,,,,,,,,,,,,,,,,,,78919,0.0003044533368665725
,,,47,,,,,,,,,,,,,,,,,,,,,,,,,,,,,78929,0.0003991665435023606
,,,47,,,,,,,,,,,,,,,,,,,,,,,,,,,,,78939,0.0012603959767147899
,,,47,,,,,,,,,,,,,,,,,,,,,,,,,,,,,78949,0.0006045736372470856
,,,47,,,,,,,,,,,,,,,,,,,,,,,,,,,,,78959,0.001806110143661499
,,,47,,,,,,,,,,,,,,,,,,,,,,,,,,,,,78969,0.0014304404612630606
,,,47,,,,,,,,,,,,,,,,,,,,,,,,,,,,,78979,0.09619484096765518
,,,47,,,,,,,,,,,,,,,,,,,,,,,,,,,,,78989,0.0013824261259287596
,,,47,,,,,,,,,,,,,,,,,,,,,,,,,,,,,78999,0.0074973637238144875
,,,47,,,,,,,,,,,,,,,,,,,,,,,,,,,,,79009,0.001449850737117231
,,,47,,,,,,,,,,,,,,,,,,,,,,,,,,,,,79019,0.0013449823018163443
,,,47,,,,,,,,,,,,,,,,,,,,,,,,,,,,,79029,0.0009876181138679385
,,,47,,,,,,,,,,,,,,,,,,,,,,,,,,,,,79039,0.0007209277246147394
,,,47,,,,,,,,,,,,,,,,,,,,,,,,,,,,,79049,0.0010681594721972942
,,,47,,,,,,,,,,,,,,,,,,,,,,,,,,,,,79059,0.0007644131546840072
,,,47,,,,,,,,,,,,,,,,,,,,,,,,,,,,,79069,0.0006299077067524195
,,,47,,,,,,,,,,,,,,,,,,,,,,,,,,,,,79079,0.0006147496169432998
,,,47,,,,,,,,,,,,,,,,,,,,,,,,,,,,,79089,0.0015091062523424625
,,,47,,,,,,,,,,,,,,,,,,,,,,,,,,,,,79099,0.0006623041117563844
,,,47,,,,,,,,,,,,,,,,,,,,,,,,,,,,,79109,0.008043978363275528
,,,47,,,,,,,,,,,,,,,,,,,,,,,,,,,,,79119,0.0015867355978116393
,,,47,,,,,,,,,,,,,,,,,,,,,,,,,,,,,79129,0.001380349975079298
,,,47,,,,,,,,,,,,,,,,,,,,,,,,,,,,,79139,0.0006552361883223057
,,,47,,,,,,,,,,,,,,,,,,,,,,,,,,,,,79149,0.0018822125857695937
,,,47,,,,,,,,,,,,,,,,,,,,,,,,,,,,,79159,0.0006672734743915498
,,,47,,,,,,,,,,,,,,,,,,,,,,,,,,,,,79169,0.0013405866920948029
,,,47,,,,,,,,,,,,,,,,,,,,,,,,,,,,,79179,0.0028852508403360844
,,,47,,,,,,,,,,,,,,,,,,,,,,,,,,,,,79189,0.0013201688416302204
,,,47,,,,,,,,,,,,,,,,,,,,,,,,,,,,,79199,0.0015750378370285034
,,,47,,,,,,,,,,,,,,,,,,,,,,,,,,,,,79209,0.0010603944538161159
,,,47,,,,,,,,,,,,,,,,,,,,,,,,,,,,,79219,0.001586434431374073
,,,47,,,,,,,,,,,,,,,,,,,,,,,,,,,,,79229,0.000936386059038341
,,,47,,,,,,,,,,,,,,,,,,,,,,,,,,,,,79239,0.003677576780319214
,,,47,,,,,,,,,,,,,,,,,,,,,,,,,,,,,79249,0.009048866108059883
,,,47,,,,,,,,,,,,,,,,,,,,,,,,,,,,,79259,0.001261787605471909
,,,47,,,,,,,,,,,,,,,,,,,,,,,,,,,,,79269,0.00457867793738842
,,,47,,,,,,,,,,,,,,,,,,,,,,,,,,,,,79279,0.022237498313188553
,,,47,,,,,,,,,,,,,,,,,,,,,,,,,,,,,79289,0.005683244206011295
,,,47,,,,,,,,,,,,,,,,,,,,,,,,,,,,,79299,0.00392079446464777
,,,47,,,,,,,,,,,,,,,,,,,,,,,,,,,,,79309,0.0024162638001143932
,,,47,,,,,,,,,,,,,,,,,,,,,,,,,,,,,79319,0.0010541195515543222
,,,47,,,,,,,,,,,,,,,,,,,,,,,,,,,,,79329,0.0005822360399179161
,,,47,,,,,,,,,,,,,,,,,,,,,,,,,,,,,79339,0.0027364403940737247
,,,47,,,,,,,,,,,,,,,,,,,,,,,,,,,,,79349,0.0010217545786872506
,,,47,,,,,,,,,,,,,,,,,,,,,,,,,,,,,79359,0.011430568061769009
,,,47,,,,,,,,,,,,,,,,,,,,,,,,,,,,,79369,0.0006665193941444159
,,,47,,,,,,,,,,,,,,,,,,,,,,,,,,,,,79379,0.0008529662736691535
,,,47,,,,,,,,,,,,,,,,,,,,,,,,,,,,,79389,0.0012106138747185469
,,,47,,,,,,,,,,,,,,,,,,,,,,,,,,,,,79399,0.0006628373521380126
,,,47,,,,,,,,,,,,,,,,,,,,,,,,,,,,,79409,0.0012077974388375878
,,,47,,,,,,,,,,,,,,,,,,,,,,,,,,,,,79419,0.0010191454784944654
,,,47,,,,,,,,,,,,,,,,,,,,,,,,,,,,,79429,0.001186972949653864
,,,47,,,,,,,,,,,,,,,,,,,,,,,,,,,,,79439,0.0021892038639634848
,,,47,,,,,,,,,,,,,,,,,,,,,,,,,,,,,79449,0.001675447914749384
,,,47,,,,,,,,,,,,,,,,,,,,,,,,,,,,,79459,0.0011880467645823956
,,,47,,,,,,,,,,,,,,,,,,,,,,,,,,,,,79469,0.00042321160435676575
,,,47,,,,,,,,,,,,,,,,,,,,,,,,,,,,,79479,0.0009532505646348
,,,47,,,,,,,,,,,,,,,,,,,,,,,,,,,,,79489,0.0009385109879076481
,,,47,,,,,,,,,,,,,,,,,,,,,,,,,,,,,79499,0.02726903185248375
,,,47,,,,,,,,,,,,,,,,,,,,,,,,,,,,,79509,0.0009711345774121583
,,,47,,,,,,,,,,,,,,,,,,,,,,,,,,,,,79519,0.0016909745754674077
,,,47,,,,,,,,,,,,,,,,,,,,,,,,,,,,,79529,0.0011400391813367605
,,,47,,,,,,,,,,,,,,,,,,,,,,,,,,,,,79539,0.014141395688056946
,,,47,,,,,,,,,,,,,,,,,,,,,,,,,,,,,79549,0.0010848504025489092
,,,47,,,,,,,,,,,,,,,,,,,,,,,,,,,,,79559,0.0018856908427551389
,,,47,,,,,,,,,,,,,,,,,,,,,,,,,,,,,79569,0.0010729290079325438
,,,47,,,,,,,,,,,,,,,,,,,,,,,,,,,,,79579,0.0009526143549010158
,,,47,,,,,,,,,,,,,,,,,,,,,,,,,,,,,79589,0.0017706003272905946
,,,47,,,,,,,,,,,,,,,,,,,,,,,,,,,,,79599,0.0680767074227333
,,,47,,,,,,,,,,,,,,,,,,,,,,,,,,,,,79609,0.0008355403551831841
,,,47,,,,,,,,,,,,,,,,,,,,,,,,,,,,,79619,0.0007427468663081527
,,,47,,,,,,,,,,,,,,,,,,,,,,,,,,,,,79629,0.2940351068973541
,,,47,,,,,,,,,,,,,,,,,,,,,,,,,,,,,79639,0.0005818144418299198
,,,47,,,,,,,,,,,,,,,,,,,,,,,,,,,,,79649,0.0015020277351140976
,,,47,,,,,,,,,,,,,,,,,,,,,,,,,,,,,79659,0.0005852997419424355
,,,47,,,,,,,,,,,,,,,,,,,,,,,,,,,,,79669,0.001276165246963501
,,,47,,,,,,,,,,,,,,,,,,,,,,,,,,,,,79679,0.0010097287595272064
,,,47,,,,,,,,,,,,,,,,,,,,,,,,,,,,,79689,0.0005926391459070146
,,,47,,,,,,,,,,,,,,,,,,,,,,,,,,,,,79699,0.002201990457251668
,,,47,,,,,,,,,,,,,,,,,,,,,,,,,,,,,79709,0.009196377359330654
,,,47,,,,,,,,,,,,,,,,,,,,,,,,,,,,,79719,0.0009311842732131481
,,,47,,,,,,,,,,,,,,,,,,,,,,,,,,,,,79729,0.0003351655032020062
,,,47,,,,,,,,,,,,,,,,,,,,,,,,,,,,,79739,0.0006366646848618984
,,,47,,,,,,,,,,,,,,,,,,,,,,,,,,,,,79749,0.009113079868257046
,,,47,,,,,,,,,,,,,,,,,,,,,,,,,,,,,79759,0.000393844791688025
,,,47,,,,,,,,,,,,,,,,,,,,,,,,,,,,,79769,0.0011566809844225645
,,,,2.7677656599734797e-09,1.550514707453369e-08,2.385407242235952e-08,2.385407242235952e-08,3.669857295747618e-08,3.669857295747618e-08,5.645934301150182e-08,5.645934301150182e-08,8.68605277100028e-08,8.68605277100028e-08,1.3363158109231198e-07,2.7677656599734797e-09,1.3363158109231198e-07,2.0558704783432611e-07,2.0558704783432611e-07,3.162877658989633e-07,3.162877658989633e-07,4.865965629214819e-07,4.865965629214819e-07,4.865965629214819e-07,4.865965629214819e-07,4.258101015343814e-09,4.258101015343814e-09,6.550924638990484e-09,6.550924638990484e-09,1.0078345598446898e-08,1.0078345598446898e-08,1.550514707453369e-08,79776,
,,,48,,,,,,,,,,,,,,,,,,,,,,,,,,,,,79779,0.002468119142577052
,,,48,,,,,,,,,,,,,,,,,,,,,,,,,,,,,79789,0.0009637009352445602
,,,48,,,,,,,,,,,,,,,,,,,,,,,,,,,,,79799,0.001250715460628271
,,,48,,,,,,,,,,,,,,,,,,,,,,,,,,,,,79809,0.0017819073982536793
,,,48,,,,,,,,,,,,,,,,,,,,,,,,,,,,,79819,0.00047200958942994475
,,,48,,,,,,,,,,,,,,,,,,,,,,,,,,,,,79829,0.002627579728141427
,,,48,,,,,,,,,,,,,,,,,,,,,,,,,,,,,79839,0.0020029132720083
,,,48,,,,,,,,,,,,,,,,,,,,,,,,,,,,,79849,0.0011210718657821417
,,,48,,,,,,,,,,,,,,,,,,,,,,,,,,,,,79859,0.0008682601619511843
,,,48,,,,,,,,,,,,,,,,,,,,,,,,,,,,,79869,0.0006126048392616212
,,,48,,,,,,,,,,,,,,,,,,,,,,,,,,,,,79879,0.0012432124931365252
,,,48,,,,,,,,,,,,,,,,,,,,,,,,,,,,,79889,0.0010698060505092144
,,,48,,,,,,,,,,,,,,,,,,,,,,,,,,,,,79899,0.002288931980729103
,,,48,,,,,,,,,,,,,,,,,,,,,,,,,,,,,79909,0.011575627140700817
,,,48,,,,,,,,,,,,,,,,,,,,,,,,,,,,,79919,0.019618282094597816
,,,48,,,,,,,,,,,,,,,,,,,,,,,,,,,,,79929,0.001392791629768908
,,,48,,,,,,,,,,,,,,,,,,,,,,,,,,,,,79939,0.00974396150559187
,,,48,,,,,,,,,,,,,,,,,,,,,,,,,,,,,79949,0.0006617862381972373
,,,48,,,,,,,,,,,,,,,,,,,,,,,,,,,,,79959,0.0006603266228921711
,,,48,,,,,,,,,,,,,,,,,,,,,,,,,,,,,79969,0.0005626656347885728
,,,48,,,,,,,,,,,,,,,,,,,,,,,,,,,,,79979,0.00046381531865336
,,,48,,,,,,,,,,,,,,,,,,,,,,,,,,,,,79989,0.0013844826025888324
,,,48,,,,,,,,,,,,,,,,,,,,,,,,,,,,,79999,0.0011741529451683164
,,,48,,,,,,,,,,,,,,,,,,,,,,,,,,,,,80009,0.0008403733954764903
,,,48,,,,,,,,,,,,,,,,,,,,,,,,,,,,,80019,0.0005225543864071369
,,,48,,,,,,,,,,,,,,,,,,,,,,,,,,,,,80029,0.16145867109298706
,,,48,,,,,,,,,,,,,,,,,,,,,,,,,,,,,80039,0.0010574526386335492
,,,48,,,,,,,,,,,,,,,,,,,,,,,,,,,,,80049,0.0018336904468014836
,,,48,,,,,,,,,,,,,,,,,,,,,,,,,,,,,80059,0.0012296903878450394
,,,48,,,,,,,,,,,,,,,,,,,,,,,,,,,,,80069,0.002712544985115528
,,,48,,,,,,,,,,,,,,,,,,,,,,,,,,,,,80079,0.0006038252613507211
,,,48,,,,,,,,,,,,,,,,,,,,,,,,,,,,,80089,0.00048533731023781
,,,48,,,,,,,,,,,,,,,,,,,,,,,,,,,,,80099,0.0005886811413802207
,,,48,,,,,,,,,,,,,,,,,,,,,,,,,,,,,80109,0.0015163276111707091
,,,48,,,,,,,,,,,,,,,,,,,,,,,,,,,,,80119,0.0017835634062066674
,,,48,,,,,,,,,,,,,,,,,,,,,,,,,,,,,80129,0.08332674205303192
,,,48,,,,,,,,,,,,,,,,,,,,,,,,,,,,,80139,0.006039253436028957
,,,48,,,,,,,,,,,,,,,,,,,,,,,,,,,,,80149,0.002736031776294112
,,,48,,,,,,,,,,,,,,,,,,,,,,,,,,,,,80159,0.0012825652956962585
,,,48,,,,,,,,,,,,,,,,,,,,,,,,,,,,,80169,0.0016420476604253054
,,,48,,,,,,,,,,,,,,,,,,,,,,,,,,,,,80179,0.0006380968843586743
,,,48,,,,,,,,,,,,,,,,,,,,,,,,,,,,,80189,0.009392176754772663
,,,48,,,,,,,,,,,,,,,,,,,,,,,,,,,,,80199,0.003111401805654168
,,,48,,,,,,,,,,,,,,,,,,,,,,,,,,,,,80209,0.006280232220888138
,,,48,,,,,,,,,,,,,,,,,,,,,,,,,,,,,80219,0.000741323281545192
,,,48,,,,,,,,,,,,,,,,,,,,,,,,,,,,,80229,0.0013357558054849505
,,,48,,,,,,,,,,,,,,,,,,,,,,,,,,,,,80239,0.0008058343082666397
,,,48,,,,,,,,,,,,,,,,,,,,,,,,,,,,,80249,0.002466469071805477
,,,48,,,,,,,,,,,,,,,,,,,,,,,,,,,,,80259,0.0014319232432171702
,,,48,,,,,,,,,,,,,,,,,,,,,,,,,,,,,80269,0.0016607423312962055
,,,48,,,,,,,,,,,,,,,,,,,,,,,,,,,,,80279,0.0015101514291018248
,,,48,,,,,,,,,,,,,,,,,,,,,,,,,,,,,80289,0.0016280189156532288
,,,48,,,,,,,,,,,,,,,,,,,,,,,,,,,,,80299,0.003715183585882187
,,,48,,,,,,,,,,,,,,,,,,,,,,,,,,,,,80309,0.0011534341610968113
,,,48,,,,,,,,,,,,,,,,,,,,,,,,,,,,,80319,0.001636351109482348
,,,48,,,,,,,,,,,,,,,,,,,,,,,,,,,,,80329,0.041668057441711426
,,,48,,,,,,,,,,,,,,,,,,,,,,,,,,,,,80339,0.0009893473470583558
,,,48,,,,,,,,,,,,,,,,,,,,,,,,,,,,,80349,0.0013196924701333046
,,,48,,,,,,,,,,,,,,,,,,,,,,,,,,,,,80359,0.0008682130719535053
,,,48,,,,,,,,,,,,,,,,,,,,,,,,,,,,,80369,0.0014048193115741014
,,,48,,,,,,,,,,,,,,,,,,,,,,,,,,,,,80379,0.001382712391205132
,,,48,,,,,,,,,,,,,,,,,,,,,,,,,,,,,80389,0.0009310307214036584
,,,48,,,,,,,,,,,,,,,,,,,,,,,,,,,,,80399,0.005614147987216711
,,,48,,,,,,,,,,,,,,,,,,,,,,,,,,,,,80409,0.000893886317498982
,,,48,,,,,,,,,,,,,,,,,,,,,,,,,,,,,80419,0.0012066264171153307
,,,48,,,,,,,,,,,,,,,,,,,,,,,,,,,,,80429,0.0007047042599879205
,,,48,,,,,,,,,,,,,,,,,,,,,,,,,,,,,80439,0.013186062686145306
,,,48,,,,,,,,,,,,,,,,,,,,,,,,,,,,,80449,0.0009618925396353006
,,,48,,,,,,,,,,,,,,,,,,,,,,,,,,,,,80459,0.0014169978676363826
,,,48,,,,,,,,,,,,,,,,,,,,,,,,,,,,,80469,0.09386718273162842
,,,48,,,,,,,,,,,,,,,,,,,,,,,,,,,,,80479,0.0013505277456715703
,,,48,,,,,,,,,,,,,,,,,,,,,,,,,,,,,80489,0.0011043732520192862
,,,48,,,,,,,,,,,,,,,,,,,,,,,,,,,,,80499,0.0031251872424036264
,,,48,,,,,,,,,,,,,,,,,,,,,,,,,,,,,80509,0.001636162050999701
,,,48,,,,,,,,,,,,,,,,,,,,,,,,,,,,,80519,0.0016212627524510026
,,,48,,,,,,,,,,,,,,,,,,,,,,,,,,,,,80529,0.0011039783712476492
,,,48,,,,,,,,,,,,,,,,,,,,,,,,,,,,,80539,0.0012624254450201988
,,,48,,,,,,,,,,,,,,,,,,,,,,,,,,,,,80549,0.012962882407009602
,,,48,,,,,,,,,,,,,,,,,,,,,,,,,,,,,80559,0.0011974246008321643
,,,48,,,,,,,,,,,,,,,,,,,,,,,,,,,,,80569,0.0021085371263325214
,,,48,,,,,,,,,,,,,,,,,,,,,,,,,,,,,80579,0.0014783706283196807
,,,48,,,,,,,,,,,,,,,,,,,,,,,,,,,,,80589,0.000926064676605165
,,,48,,,,,,,,,,,,,,,,,,,,,,,,,,,,,80599,0.007719619199633598
,,,48,,,,,,,,,,,,,,,,,,,,,,,,,,,,,80609,0.0003866726183332503
,,,48,,,,,,,,,,,,,,,,,,,,,,,,,,,,,80619,0.0024451729841530323
,,,48,,,,,,,,,,,,,,,,,,,,,,,,,,,,,80629,0.026487581431865692
,,,48,,,,,,,,,,,,,,,,,,,,,,,,,,,,,80639,0.0016712922370061278
,,,48,,,,,,,,,,,,,,,,,,,,,,,,,,,,,80649,0.0009583333740010858
,,,48,,,,,,,,,,,,,,,,,,,,,,,,,,,,,80659,0.0013502950314432383
,,,48,,,,,,,,,,,,,,,,,,,,,,,,,,,,,80669,0.0019106792751699686
,,,48,,,,,,,,,,,,,,,,,,,,,,,,,,,,,80679,0.0012053725076839328
,,,48,,,,,,,,,,,,,,,,,,,,,,,,,,,,,80689,0.006741521414369345
,,,48,,,,,,,,,,,,,,,,,,,,,,,,,,,,,80699,0.0004782957839779556
,,,48,,,,,,,,,,,,,,,,,,,,,,,,,,,,,80709,0.021038826555013657
,,,48,,,,,,,,,,,,,,,,,,,,,,,,,,,,,80719,0.0004339072329457849
,,,48,,,,,,,,,,,,,,,,,,,,,,,,,,,,,80729,0.03294027969241142
,,,48,,,,,,,,,,,,,,,,,,,,,,,,,,,,,80739,0.2075796276330948
,,,48,,,,,,,,,,,,,,,,,,,,,,,,,,,,,80749,0.0012560468167066574
,,,48,,,,,,,,,,,,,,,,,,,,,,,,,,,,,80759,0.001212405157275498
,,,48,,,,,,,,,,,,,,,,,,,,,,,,,,,,,80769,0.012589464895427227
,,,48,,,,,,,,,,,,,,,,,,,,,,,,,,,,,80779,0.00234464299865067
,,,48,,,,,,,,,,,,,,,,,,,,,,,,,,,,,80789,0.0024374418426305056
,,,48,,,,,,,,,,,,,,,,,,,,,,,,,,,,,80799,0.3370818495750427
,,,48,,,,,,,,,,,,,,,,,,,,,,,,,,,,,80809,0.00038815216976217926
,,,48,,,,,,,,,,,,,,,,,,,,,,,,,,,,,80819,0.012200924567878246
,,,48,,,,,,,,,,,,,,,,,,,,,,,,,,,,,80829,0.0008855056948959827
,,,48,,,,,,,,,,,,,,,,,,,,,,,,,,,,,80839,0.0017975721275433898
,,,48,,,,,,,,,,,,,,,,,,,,,,,,,,,,,80849,0.001245033461600542
,,,48,,,,,,,,,,,,,,,,,,,,,,,,,,,,,80859,0.0017589695053175092
,,,48,,,,,,,,,,,,,,,,,,,,,,,,,,,,,80869,0.0011817995691671968
,,,48,,,,,,,,,,,,,,,,,,,,,,,,,,,,,80879,0.0008698272285982966
,,,48,,,,,,,,,,,,,,,,,,,,,,,,,,,,,80889,0.32397007942199707
,,,48,,,,,,,,,,,,,,,,,,,,,,,,,,,,,80899,0.0014396546175703406
,,,48,,,,,,,,,,,,,,,,,,,,,,,,,,,,,80909,0.003598470240831375
,,,48,,,,,,,,,,,,,,,,,,,,,,,,,,,,,80919,0.000814644678030163
,,,48,,,,,,,,,,,,,,,,,,,,,,,,,,,,,80929,0.000707504921592772
,,,48,,,,,,,,,,,,,,,,,,,,,,,,,,,,,80939,0.09485156834125519
,,,48,,,,,,,,,,,,,,,,,,,,,,,,,,,,,80949,0.0005280390032567084
,,,48,,,,,,,,,,,,,,,,,,,,,,,,,,,,,80959,0.0005152178928256035
,,,48,,,,,,,,,,,,,,,,,,,,,,,,,,,,,80969,0.0007874381844885647
,,,48,,,,,,,,,,,,,,,,,,,,,,,,,,,,,80979,0.0004291509685572237
,,,48,,,,,,,,,,,,,,,,,,,,,,,,,,,,,80989,0.0014782673679292202
,,,48,,,,,,,,,,,,,,,,,,,,,,,,,,,,,80999,0.0008970210328698158
,,,48,,,,,,,,,,,,,,,,,,,,,,,,,,,,,81009,0.0005503442953340709
,,,48,,,,,,,,,,,,,,,,,,,,,,,,,,,,,81019,0.0010870761470869184
,,,48,,,,,,,,,,,,,,,,,,,,,,,,,,,,,81029,0.0008639602456241846
,,,48,,,,,,,,,,,,,,,,,,,,,,,,,,,,,81039,0.0005770724383182824
,,,48,,,,,,,,,,,,,,,,,,,,,,,,,,,,,81049,0.0005604294710792601
,,,48,,,,,,,,,,,,,,,,,,,,,,,,,,,,,81059,0.0006843740120530128
,,,48,,,,,,,,,,,,,,,,,,,,,,,,,,,,,81069,0.0036310821305960417
,,,48,,,,,,,,,,,,,,,,,,,,,,,,,,,,,81079,0.05542628467082977
,,,48,,,,,,,,,,,,,,,,,,,,,,,,,,,,,81089,0.0012024003081023693
,,,48,,,,,,,,,,,,,,,,,,,,,,,,,,,,,81099,0.408356249332428
,,,48,,,,,,,,,,,,,,,,,,,,,,,,,,,,,81109,0.0009764286805875599
,,,48,,,,,,,,,,,,,,,,,,,,,,,,,,,,,81119,0.30740395188331604
,,,48,,,,,,,,,,,,,,,,,,,,,,,,,,,,,81129,0.0061174496077001095
,,,48,,,,,,,,,,,,,,,,,,,,,,,,,,,,,81139,0.0005179044674150646
,,,48,,,,,,,,,,,,,,,,,,,,,,,,,,,,,81149,0.0005189703078940511
,,,48,,,,,,,,,,,,,,,,,,,,,,,,,,,,,81159,0.0019435768481343985
,,,48,,,,,,,,,,,,,,,,,,,,,,,,,,,,,81169,0.0007350755040533841
,,,48,,,,,,,,,,,,,,,,,,,,,,,,,,,,,81179,0.14656834304332733
,,,48,,,,,,,,,,,,,,,,,,,,,,,,,,,,,81189,0.0008982711588032544
,,,48,,,,,,,,,,,,,,,,,,,,,,,,,,,,,81199,0.0010706662433221936
,,,48,,,,,,,,,,,,,,,,,,,,,,,,,,,,,81209,0.0007618378731422126
,,,48,,,,,,,,,,,,,,,,,,,,,,,,,,,,,81219,0.00049356505041942
,,,48,,,,,,,,,,,,,,,,,,,,,,,,,,,,,81229,0.0004769154475070536
,,,48,,,,,,,,,,,,,,,,,,,,,,,,,,,,,81239,0.0042916699312627316
,,,48,,,,,,,,,,,,,,,,,,,,,,,,,,,,,81249,0.0005755940801464021
,,,48,,,,,,,,,,,,,,,,,,,,,,,,,,,,,81259,0.010563449934124947
,,,48,,,,,,,,,,,,,,,,,,,,,,,,,,,,,81269,0.0009759981767274439
,,,48,,,,,,,,,,,,,,,,,,,,,,,,,,,,,81279,0.0014196783304214478
,,,48,,,,,,,,,,,,,,,,,,,,,,,,,,,,,81289,0.021049251779913902
,,,48,,,,,,,,,,,,,,,,,,,,,,,,,,,,,81299,0.0009157828171737492
,,,48,,,,,,,,,,,,,,,,,,,,,,,,,,,,,81309,0.008789164945483208
,,,48,,,,,,,,,,,,,,,,,,,,,,,,,,,,,81319,0.0023540188558399677
,,,48,,,,,,,,,,,,,,,,,,,,,,,,,,,,,81329,0.0019049615366384387
,,,48,,,,,,,,,,,,,,,,,,,,,,,,,,,,,81339,0.0027661470230668783
,,,48,,,,,,,,,,,,,,,,,,,,,,,,,,,,,81349,0.0008281400660052896
,,,48,,,,,,,,,,,,,,,,,,,,,,,,,,,,,81359,0.00253516947850585
,,,48,,,,,,,,,,,,,,,,,,,,,,,,,,,,,81369,0.03942592442035675
,,,48,,,,,,,,,,,,,,,,,,,,,,,,,,,,,81379,0.002529754303395748
,,,48,,,,,,,,,,,,,,,,,,,,,,,,,,,,,81389,0.0013388976221904159
,,,48,,,,,,,,,,,,,,,,,,,,,,,,,,,,,81399,3.015812397003174
,,,48,,,,,,,,,,,,,,,,,,,,,,,,,,,,,81409,0.0012832630891352892
,,,48,,,,,,,,,,,,,,,,,,,,,,,,,,,,,81419,0.0008482166449539363
,,,48,,,,,,,,,,,,,,,,,,,,,,,,,,,,,81429,0.0010423717321828008
,,,,6.927852099694989e-10,3.881013745846427e-09,5.970790378225272e-09,5.970790378225272e-09,9.185831351115802e-09,9.185831351115802e-09,1.413204823248585e-08,1.413204823248585e-08,2.1741612665362845e-08,2.1741612665362845e-08,3.344863486978899e-08,6.927852099694989e-10,3.344863486978899e-08,5.145943826121383e-08,5.145943826121383e-08,7.916836655571358e-08,7.916836655571358e-08,1.2179748700879012e-07,1.2179748700879012e-07,1.2179748700879012e-07,1.2179748700879012e-07,1.065823399953075e-09,1.065823399953075e-09,1.6397283076201156e-09,1.6397283076201156e-09,2.5226589348001775e-09,2.5226589348001775e-09,3.881013745846427e-09,81438,
,,,49,,,,,,,,,,,,,,,,,,,,,,,,,,,,,81439,0.0015281019732356071
,,,49,,,,,,,,,,,,,,,,,,,,,,,,,,,,,81449,0.013500112108886242
,,,49,,,,,,,,,,,,,,,,,,,,,,,,,,,,,81459,0.0012273266911506653
,,,49,,,,,,,,,,,,,,,,,,,,,,,,,,,,,81469,0.002867673058062792
,,,49,,,,,,,,,,,,,,,,,,,,,,,,,,,,,81479,0.0009787894086912274
,,,49,,,,,,,,,,,,,,,,,,,,,,,,,,,,,81489,0.0020025507546961308
,,,49,,,,,,,,,,,,,,,,,,,,,,,,,,,,,81499,0.0011454743798822165
,,,49,,,,,,,,,,,,,,,,,,,,,,,,,,,,,81509,0.0011112575884908438
,,,49,,,,,,,,,,,,,,,,,,,,,,,,,,,,,81519,0.0003723230620380491
,,,49,,,,,,,,,,,,,,,,,,,,,,,,,,,,,81529,0.001230099005624652
,,,49,,,,,,,,,,,,,,,,,,,,,,,,,,,,,81539,0.010401103645563126
,,,49,,,,,,,,,,,,,,,,,,,,,,,,,,,,,81549,0.0018977746367454529
,,,49,,,,,,,,,,,,,,,,,,,,,,,,,,,,,81559,0.28090327978134155
,,,49,,,,,,,,,,,,,,,,,,,,,,,,,,,,,81569,0.0005565545288845897
,,,49,,,,,,,,,,,,,,,,,,,,,,,,,,,,,81579,0.000716828100848943
,,,49,,,,,,,,,,,,,,,,,,,,,,,,,,,,,81589,0.10558388382196426
,,,49,,,,,,,,,,,,,,,,,,,,,,,,,,,,,81599,0.00504350895062089
,,,49,,,,,,,,,,,,,,,,,,,,,,,,,,,,,81609,0.0007655243389308453
,,,49,,,,,,,,,,,,,,,,,,,,,,,,,,,,,81619,0.001213715528137982
,,,49,,,,,,,,,,,,,,,,,,,,,,,,,,,,,81629,0.0035995005164295435
,,,49,,,,,,,,,,,,,,,,,,,,,,,,,,,,,81639,0.0016346204793080688
,,,49,,,,,,,,,,,,,,,,,,,,,,,,,,,,,81649,0.0004888668772764504
,,,49,,,,,,,,,,,,,,,,,,,,,,,,,,,,,81659,0.0034468623343855143
,,,49,,,,,,,,,,,,,,,,,,,,,,,,,,,,,81669,0.0007933689630590379
,,,49,,,,,,,,,,,,,,,,,,,,,,,,,,,,,81679,0.000574007339309901
,,,49,,,,,,,,,,,,,,,,,,,,,,,,,,,,,81689,0.00047154034837149084
,,,49,,,,,,,,,,,,,,,,,,,,,,,,,,,,,81699,0.0007284843013621867
,,,49,,,,,,,,,,,,,,,,,,,,,,,,,,,,,81709,0.0021447138860821724
,,,49,,,,,,,,,,,,,,,,,,,,,,,,,,,,,81719,0.0006649076240137219
,,,49,,,,,,,,,,,,,,,,,,,,,,,,,,,,,81729,0.0016280821291729808
,,,49,,,,,,,,,,,,,,,,,,,,,,,,,,,,,81739,0.0006436991388909519
,,,49,,,,,,,,,,,,,,,,,,,,,,,,,,,,,81749,0.0011990265920758247
,,,49,,,,,,,,,,,,,,,,,,,,,,,,,,,,,81759,0.0017686872743070126
,,,49,,,,,,,,,,,,,,,,,,,,,,,,,,,,,81769,0.0015667049447074533
,,,49,,,,,,,,,,,,,,,,,,,,,,,,,,,,,81779,0.0015486538177356124
,,,49,,,,,,,,,,,,,,,,,,,,,,,,,,,,,81789,0.0011043859412893653
,,,49,,,,,,,,,,,,,,,,,,,,,,,,,,,,,81799,0.02116798236966133
,,,49,,,,,,,,,,,,,,,,,,,,,,,,,,,,,81809,0.001095648156479001
,,,49,,,,,,,,,,,,,,,,,,,,,,,,,,,,,81819,0.0013886627275496721
,,,49,,,,,,,,,,,,,,,,,,,,,,,,,,,,,81829,0.001552805071696639
,,,49,,,,,,,,,,,,,,,,,,,,,,,,,,,,,81839,0.0009223085944540799
,,,49,,,,,,,,,,,,,,,,,,,,,,,,,,,,,81849,0.0025447444058954716
,,,49,,,,,,,,,,,,,,,,,,,,,,,,,,,,,81859,0.0005386695847846568
,,,49,,,,,,,,,,,,,,,,,,,,,,,,,,,,,81869,0.0014535754453390837
,,,49,,,,,,,,,,,,,,,,,,,,,,,,,,,,,81879,0.0006481973687186837
,,,49,,,,,,,,,,,,,,,,,,,,,,,,,,,,,81889,0.0024792233016341925
,,,49,,,,,,,,,,,,,,,,,,,,,,,,,,,,,81899,0.06308470666408539
,,,49,,,,,,,,,,,,,,,,,,,,,,,,,,,,,81909,0.0005669466336257756
,,,49,,,,,,,,,,,,,,,,,,,,,,,,,,,,,81919,0.002437397837638855
,,,49,,,,,,,,,,,,,,,,,,,,,,,,,,,,,81929,0.0008271070546470582
,,,49,,,,,,,,,,,,,,,,,,,,,,,,,,,,,81939,0.04117536544799805
,,,49,,,,,,,,,,,,,,,,,,,,,,,,,,,,,81949,0.0015076054260134697
,,,49,,,,,,,,,,,,,,,,,,,,,,,,,,,,,81959,0.0010441705817356706
,,,49,,,,,,,,,,,,,,,,,,,,,,,,,,,,,81969,0.0011880884412676096
,,,49,,,,,,,,,,,,,,,,,,,,,,,,,,,,,81979,0.0008672749972902238
,,,49,,,,,,,,,,,,,,,,,,,,,,,,,,,,,81989,0.0005343302036635578
,,,49,,,,,,,,,,,,,,,,,,,,,,,,,,,,,81999,0.00111832981929183
,,,49,,,,,,,,,,,,,,,,,,,,,,,,,,,,,82009,0.0005838049110025167
,,,49,,,,,,,,,,,,,,,,,,,,,,,,,,,,,82019,0.0005453080520965159
,,,49,,,,,,,,,,,,,,,,,,,,,,,,,,,,,82029,0.001183397020213306
,,,49,,,,,,,,,,,,,,,,,,,,,,,,,,,,,82039,0.00039894040673971176
,,,49,,,,,,,,,,,,,,,,,,,,,,,,,,,,,82049,0.007342108059674501
,,,49,,,,,,,,,,,,,,,,,,,,,,,,,,,,,82059,0.001137551269493997
,,,49,,,,,,,,,,,,,,,,,,,,,,,,,,,,,82069,0.004283353220671415
,,,49,,,,,,,,,,,,,,,,,,,,,,,,,,,,,82079,0.009635050781071186
,,,49,,,,,,,,,,,,,,,,,,,,,,,,,,,,,82089,0.0013963783858343959
,,,49,,,,,,,,,,,,,,,,,,,,,,,,,,,,,82099,0.0004690738278441131
,,,49,,,,,,,,,,,,,,,,,,,,,,,,,,,,,82109,0.005373743828386068
,,,49,,,,,,,,,,,,,,,,,,,,,,,,,,,,,82119,0.000972796231508255
,,,49,,,,,,,,,,,,,,,,,,,,,,,,,,,,,82129,0.0006449925131164491
,,,49,,,,,,,,,,,,,,,,,,,,,,,,,,,,,82139,0.0008065623696893454
,,,49,,,,,,,,,,,,,,,,,,,,,,,,,,,,,82149,0.0014516033697873354
,,,49,,,,,,,,,,,,,,,,,,,,,,,,,,,,,82159,0.0009281915845349431
,,,49,,,,,,,,,,,,,,,,,,,,,,,,,,,,,82169,0.0006582944770343602
,,,49,,,,,,,,,,,,,,,,,,,,,,,,,,,,,82179,0.0003223059175070375
,,,49,,,,,,,,,,,,,,,,,,,,,,,,,,,,,82189,0.0007290322100743651
,,,49,,,,,,,,,,,,,,,,,,,,,,,,,,,,,82199,0.0013086592080071568
,,,49,,,,,,,,,,,,,,,,,,,,,,,,,,,,,82209,0.001534926355816424
,,,49,,,,,,,,,,,,,,,,,,,,,,,,,,,,,82219,0.0008852077880874276
,,,49,,,,,,,,,,,,,,,,,,,,,,,,,,,,,82229,0.0006763730198144913
,,,49,,,,,,,,,,,,,,,,,,,,,,,,,,,,,82239,0.0013494532322511077
,,,49,,,,,,,,,,,,,,,,,,,,,,,,,,,,,82249,0.0012729286681860685
,,,49,,,,,,,,,,,,,,,,,,,,,,,,,,,,,82259,0.0008784810779616237
,,,49,,,,,,,,,,,,,,,,,,,,,,,,,,,,,82269,0.0025107553228735924
,,,49,,,,,,,,,,,,,,,,,,,,,,,,,,,,,82279,0.002940355334430933
,,,49,,,,,,,,,,,,,,,,,,,,,,,,,,,,,82289,0.000539791421033442
,,,49,,,,,,,,,,,,,,,,,,,,,,,,,,,,,82299,0.0019278922118246555
,,,49,,,,,,,,,,,,,,,,,,,,,,,,,,,,,82309,0.09045084565877914
,,,49,,,,,,,,,,,,,,,,,,,,,,,,,,,,,82319,0.0015301164239645004
,,,49,,,,,,,,,,,,,,,,,,,,,,,,,,,,,82329,0.06787735968828201
,,,49,,,,,,,,,,,,,,,,,,,,,,,,,,,,,82339,0.0009761694818735123
,,,49,,,,,,,,,,,,,,,,,,,,,,,,,,,,,82349,0.0019344609463587403
,,,49,,,,,,,,,,,,,,,,,,,,,,,,,,,,,82359,0.0014371186261996627
,,,49,,,,,,,,,,,,,,,,,,,,,,,,,,,,,82369,0.0034227175638079643
,,,49,,,,,,,,,,,,,,,,,,,,,,,,,,,,,82379,0.002234651939943433
,,,49,,,,,,,,,,,,,,,,,,,,,,,,,,,,,82389,0.0008495447691529989
,,,49,,,,,,,,,,,,,,,,,,,,,,,,,,,,,82399,0.0009247256675735116
,,,49,,,,,,,,,,,,,,,,,,,,,,,,,,,,,82409,0.005788018461316824
,,,49,,,,,,,,,,,,,,,,,,,,,,,,,,,,,82419,0.000854130950756371
,,,49,,,,,,,,,,,,,,,,,,,,,,,,,,,,,82429,0.0013710526982322335
,,,49,,,,,,,,,,,,,,,,,,,,,,,,,,,,,82439,0.0004947048146277666
,,,49,,,,,,,,,,,,,,,,,,,,,,,,,,,,,82449,0.0029923284891992807
,,,49,,,,,,,,,,,,,,,,,,,,,,,,,,,,,82459,0.001310307765379548
,,,49,,,,,,,,,,,,,,,,,,,,,,,,,,,,,82469,0.0008124772575683892
,,,49,,,,,,,,,,,,,,,,,,,,,,,,,,,,,82479,0.000639445090200752
,,,49,,,,,,,,,,,,,,,,,,,,,,,,,,,,,82489,0.0011700971517711878
,,,49,,,,,,,,,,,,,,,,,,,,,,,,,,,,,82499,0.00679420679807663
,,,49,,,,,,,,,,,,,,,,,,,,,,,,,,,,,82509,0.001325417892076075
,,,49,,,,,,,,,,,,,,,,,,,,,,,,,,,,,82519,0.0011479574022814631
,,,49,,,,,,,,,,,,,,,,,,,,,,,,,,,,,82529,0.0013254819205030799
,,,49,,,,,,,,,,,,,,,,,,,,,,,,,,,,,82539,0.0006138922180980444
,,,49,,,,,,,,,,,,,,,,,,,,,,,,,,,,,82549,0.001039643306285143
,,,49,,,,,,,,,,,,,,,,,,,,,,,,,,,,,82559,0.0005302433273755014
,,,49,,,,,,,,,,,,,,,,,,,,,,,,,,,,,82569,0.0016867999220266938
,,,49,,,,,,,,,,,,,,,,,,,,,,,,,,,,,82579,0.0005524896550923586
,,,49,,,,,,,,,,,,,,,,,,,,,,,,,,,,,82589,0.00042736000614240766
,,,49,,,,,,,,,,,,,,,,,,,,,,,,,,,,,82599,0.0019295731326565146
,,,49,,,,,,,,,,,,,,,,,,,,,,,,,,,,,82609,0.0006762084667570889
,,,49,,,,,,,,,,,,,,,,,,,,,,,,,,,,,82619,0.0005254315910860896
,,,49,,,,,,,,,,,,,,,,,,,,,,,,,,,,,82629,0.001028003403916955
,,,49,,,,,,,,,,,,,,,,,,,,,,,,,,,,,82639,0.15323719382286072
,,,49,,,,,,,,,,,,,,,,,,,,,,,,,,,,,82649,0.005933187436312437
,,,49,,,,,,,,,,,,,,,,,,,,,,,,,,,,,82659,0.0037310912739485502
,,,49,,,,,,,,,,,,,,,,,,,,,,,,,,,,,82669,0.0011175117688253522
,,,49,,,,,,,,,,,,,,,,,,,,,,,,,,,,,82679,0.0011680981842800975
,,,49,,,,,,,,,,,,,,,,,,,,,,,,,,,,,82689,0.0021380081307142973
,,,49,,,,,,,,,,,,,,,,,,,,,,,,,,,,,82699,0.0008530777995474637
,,,49,,,,,,,,,,,,,,,,,,,,,,,,,,,,,82709,0.003222807077690959
,,,49,,,,,,,,,,,,,,,,,,,,,,,,,,,,,82719,0.0008493795758113265
,,,49,,,,,,,,,,,,,,,,,,,,,,,,,,,,,82729,0.0008384557440876961
,,,49,,,,,,,,,,,,,,,,,,,,,,,,,,,,,82739,0.4608253538608551
,,,49,,,,,,,,,,,,,,,,,,,,,,,,,,,,,82749,0.0010434802388772368
,,,49,,,,,,,,,,,,,,,,,,,,,,,,,,,,,82759,0.0011451797327026725
,,,49,,,,,,,,,,,,,,,,,,,,,,,,,,,,,82769,0.0005875011556781828
,,,49,,,,,,,,,,,,,,,,,,,,,,,,,,,,,82779,0.0005574244423769414
,,,49,,,,,,,,,,,,,,,,,,,,,,,,,,,,,82789,0.001105286879464984
,,,49,,,,,,,,,,,,,,,,,,,,,,,,,,,,,82799,0.0008623868343420327
,,,49,,,,,,,,,,,,,,,,,,,,,,,,,,,,,82809,0.0015817470848560333
,,,49,,,,,,,,,,,,,,,,,,,,,,,,,,,,,82819,0.0018540981691330671
,,,49,,,,,,,,,,,,,,,,,,,,,,,,,,,,,82829,0.0008021380053833127
,,,49,,,,,,,,,,,,,,,,,,,,,,,,,,,,,82839,0.0008780733332969248
,,,49,,,,,,,,,,,,,,,,,,,,,,,,,,,,,82849,0.0010920086642727256
,,,49,,,,,,,,,,,,,,,,,,,,,,,,,,,,,82859,0.0023802281357347965
,,,49,,,,,,,,,,,,,,,,,,,,,,,,,,,,,82869,0.0006980743492022157
,,,49,,,,,,,,,,,,,,,,,,,,,,,,,,,,,82879,0.869488000869751
,,,49,,,,,,,,,,,,,,,,,,,,,,,,,,,,,82889,0.0011730650439858437
,,,49,,,,,,,,,,,,,,,,,,,,,,,,,,,,,82899,0.0012388790491968393
,,,49,,,,,,,,,,,,,,,,,,,,,,,,,,,,,82909,0.0006505033816210926
,,,49,,,,,,,,,,,,,,,,,,,,,,,,,,,,,82919,0.0014867185382172465
,,,49,,,,,,,,,,,,,,,,,,,,,,,,,,,,,82929,0.001587585313245654
,,,49,,,,,,,,,,,,,,,,,,,,,,,,,,,,,82939,0.00056696921819821
,,,49,,,,,,,,,,,,,,,,,,,,,,,,,,,,,82949,0.0036432582419365644
,,,49,,,,,,,,,,,,,,,,,,,,,,,,,,,,,82959,0.0009766455041244626
,,,49,,,,,,,,,,,,,,,,,,,,,,,,,,,,,82969,0.0005442140391096473
,,,49,,,,,,,,,,,,,,,,,,,,,,,,,,,,,82979,0.0005092204082757235
,,,49,,,,,,,,,,,,,,,,,,,,,,,,,,,,,82989,0.0007980433292686939
,,,49,,,,,,,,,,,,,,,,,,,,,,,,,,,,,82999,0.0010544683318585157
,,,49,,,,,,,,,,,,,,,,,,,,,,,,,,,,,83009,0.00041998070082627237
,,,49,,,,,,,,,,,,,,,,,,,,,,,,,,,,,83019,0.0017994208028540015
,,,49,,,,,,,,,,,,,,,,,,,,,,,,,,,,,83029,0.2707284390926361
,,,49,,,,,,,,,,,,,,,,,,,,,,,,,,,,,83039,0.0011829230934381485
,,,49,,,,,,,,,,,,,,,,,,,,,,,,,,,,,83049,0.0034444648772478104
,,,49,,,,,,,,,,,,,,,,,,,,,,,,,,,,,83059,0.0008359865751117468
,,,49,,,,,,,,,,,,,,,,,,,,,,,,,,,,,83069,0.0008189048967324197
,,,49,,,,,,,,,,,,,,,,,,,,,,,,,,,,,83079,0.000924926542211324
,,,49,,,,,,,,,,,,,,,,,,,,,,,,,,,,,83089,0.0008334546582773328
,,,49,,,,,,,,,,,,,,,,,,,,,,,,,,,,,83099,0.017884453758597374
0.8450450301170349,0.7908937335014343,0.9071566462516785,49,,,,,,,,,,,,,,,,,,,,,,,,,,,,,83099,
