dev_f1,dev_precision,dev_recall,epoch,lr-AdamW/pg1,lr-AdamW/pg10,lr-AdamW/pg11,lr-AdamW/pg12,lr-AdamW/pg13,lr-AdamW/pg14,lr-AdamW/pg15,lr-AdamW/pg16,lr-AdamW/pg17,lr-AdamW/pg18,lr-AdamW/pg19,lr-AdamW/pg2,lr-AdamW/pg20,lr-AdamW/pg21,lr-AdamW/pg22,lr-AdamW/pg23,lr-AdamW/pg24,lr-AdamW/pg25,lr-AdamW/pg26,lr-AdamW/pg27,lr-AdamW/pg28,lr-AdamW/pg3,lr-AdamW/pg4,lr-AdamW/pg5,lr-AdamW/pg6,lr-AdamW/pg7,lr-AdamW/pg8,lr-AdamW/pg9,step,train_loss
,,,,1.1376018126211432e-07,6.372896257812503e-07,9.804455781250004e-07,9.804455781250004e-07,1.5083778125000004e-06,1.5083778125000004e-06,2.3205812500000007e-06,2.3205812500000007e-06,3.570125000000001e-06,3.570125000000001e-06,5.492500000000001e-06,1.1376018126211432e-07,5.492500000000001e-06,8.45e-06,8.45e-06,1.3000000000000003e-05,1.3000000000000003e-05,2e-05,2e-05,2e-05,2e-05,1.7501566348017586e-07,1.7501566348017586e-07,2.6925486689257825e-07,2.6925486689257825e-07,4.142382567578127e-07,4.142382567578127e-07,6.372896257812503e-07,0,
,,,0,,,,,,,,,,,,,,,,,,,,,,,,,,,,,9,3.807271957397461
,,,0,,,,,,,,,,,,,,,,,,,,,,,,,,,,,19,3.112569808959961
,,,0,,,,,,,,,,,,,,,,,,,,,,,,,,,,,29,2.423089027404785
,,,0,,,,,,,,,,,,,,,,,,,,,,,,,,,,,39,1.6487454175949097
,,,0,,,,,,,,,,,,,,,,,,,,,,,,,,,,,49,1.304411768913269
,,,0,,,,,,,,,,,,,,,,,,,,,,,,,,,,,59,1.1751112937927246
,,,0,,,,,,,,,,,,,,,,,,,,,,,,,,,,,69,0.9173399806022644
,,,0,,,,,,,,,,,,,,,,,,,,,,,,,,,,,79,1.1397918462753296
,,,0,,,,,,,,,,,,,,,,,,,,,,,,,,,,,89,0.7950716018676758
,,,0,,,,,,,,,,,,,,,,,,,,,,,,,,,,,99,1.0321967601776123
,,,0,,,,,,,,,,,,,,,,,,,,,,,,,,,,,109,1.6902110576629639
,,,0,,,,,,,,,,,,,,,,,,,,,,,,,,,,,119,0.6481384038925171
,,,0,,,,,,,,,,,,,,,,,,,,,,,,,,,,,129,0.5084025263786316
,,,0,,,,,,,,,,,,,,,,,,,,,,,,,,,,,139,0.5516169667243958
,,,0,,,,,,,,,,,,,,,,,,,,,,,,,,,,,149,0.5096065998077393
,,,0,,,,,,,,,,,,,,,,,,,,,,,,,,,,,159,0.6022852659225464
,,,0,,,,,,,,,,,,,,,,,,,,,,,,,,,,,169,0.4176453649997711
,,,0,,,,,,,,,,,,,,,,,,,,,,,,,,,,,179,0.5870535969734192
,,,0,,,,,,,,,,,,,,,,,,,,,,,,,,,,,189,0.5164682269096375
,,,0,,,,,,,,,,,,,,,,,,,,,,,,,,,,,199,0.35891032218933105
,,,0,,,,,,,,,,,,,,,,,,,,,,,,,,,,,209,0.8106045722961426
,,,0,,,,,,,,,,,,,,,,,,,,,,,,,,,,,219,0.5436364412307739
,,,0,,,,,,,,,,,,,,,,,,,,,,,,,,,,,229,1.6685779094696045
,,,0,,,,,,,,,,,,,,,,,,,,,,,,,,,,,239,0.3392384648323059
,,,0,,,,,,,,,,,,,,,,,,,,,,,,,,,,,249,0.3183821141719818
,,,0,,,,,,,,,,,,,,,,,,,,,,,,,,,,,259,0.4606530964374542
,,,0,,,,,,,,,,,,,,,,,,,,,,,,,,,,,269,0.10686907917261124
,,,0,,,,,,,,,,,,,,,,,,,,,,,,,,,,,279,0.49411529302597046
,,,0,,,,,,,,,,,,,,,,,,,,,,,,,,,,,289,0.2518819272518158
,,,0,,,,,,,,,,,,,,,,,,,,,,,,,,,,,299,0.11623474955558777
,,,0,,,,,,,,,,,,,,,,,,,,,,,,,,,,,309,0.18107819557189941
,,,0,,,,,,,,,,,,,,,,,,,,,,,,,,,,,319,0.20727166533470154
,,,0,,,,,,,,,,,,,,,,,,,,,,,,,,,,,329,0.5084471106529236
,,,0,,,,,,,,,,,,,,,,,,,,,,,,,,,,,339,0.28586435317993164
,,,0,,,,,,,,,,,,,,,,,,,,,,,,,,,,,349,0.18336497247219086
,,,0,,,,,,,,,,,,,,,,,,,,,,,,,,,,,359,0.2528679668903351
,,,0,,,,,,,,,,,,,,,,,,,,,,,,,,,,,369,0.23377178609371185
,,,0,,,,,,,,,,,,,,,,,,,,,,,,,,,,,379,0.3644016981124878
,,,0,,,,,,,,,,,,,,,,,,,,,,,,,,,,,389,0.9391544461250305
,,,0,,,,,,,,,,,,,,,,,,,,,,,,,,,,,399,0.2730264961719513
,,,0,,,,,,,,,,,,,,,,,,,,,,,,,,,,,409,0.3536328375339508
,,,0,,,,,,,,,,,,,,,,,,,,,,,,,,,,,419,0.1597304791212082
,,,0,,,,,,,,,,,,,,,,,,,,,,,,,,,,,429,0.5549010038375854
,,,0,,,,,,,,,,,,,,,,,,,,,,,,,,,,,439,0.8866568803787231
,,,0,,,,,,,,,,,,,,,,,,,,,,,,,,,,,449,0.26107344031333923
,,,0,,,,,,,,,,,,,,,,,,,,,,,,,,,,,459,0.3748355805873871
,,,0,,,,,,,,,,,,,,,,,,,,,,,,,,,,,469,0.21886049211025238
,,,0,,,,,,,,,,,,,,,,,,,,,,,,,,,,,479,0.5895770192146301
,,,0,,,,,,,,,,,,,,,,,,,,,,,,,,,,,489,0.5895336270332336
,,,0,,,,,,,,,,,,,,,,,,,,,,,,,,,,,499,1.2254983186721802
,,,0,,,,,,,,,,,,,,,,,,,,,,,,,,,,,509,0.047224801033735275
,,,0,,,,,,,,,,,,,,,,,,,,,,,,,,,,,519,1.0772770643234253
,,,0,,,,,,,,,,,,,,,,,,,,,,,,,,,,,529,0.14109563827514648
,,,0,,,,,,,,,,,,,,,,,,,,,,,,,,,,,539,0.2359008938074112
,,,0,,,,,,,,,,,,,,,,,,,,,,,,,,,,,549,0.09007732570171356
,,,0,,,,,,,,,,,,,,,,,,,,,,,,,,,,,559,0.051566027104854584
,,,0,,,,,,,,,,,,,,,,,,,,,,,,,,,,,569,0.26585644483566284
,,,0,,,,,,,,,,,,,,,,,,,,,,,,,,,,,579,0.39222389459609985
,,,0,,,,,,,,,,,,,,,,,,,,,,,,,,,,,589,5.265789985656738
,,,0,,,,,,,,,,,,,,,,,,,,,,,,,,,,,599,0.1745293289422989
,,,0,,,,,,,,,,,,,,,,,,,,,,,,,,,,,609,0.146657794713974
,,,0,,,,,,,,,,,,,,,,,,,,,,,,,,,,,619,0.2367844432592392
,,,0,,,,,,,,,,,,,,,,,,,,,,,,,,,,,629,0.15481522679328918
,,,0,,,,,,,,,,,,,,,,,,,,,,,,,,,,,639,0.1358300894498825
,,,0,,,,,,,,,,,,,,,,,,,,,,,,,,,,,649,0.2630848288536072
,,,0,,,,,,,,,,,,,,,,,,,,,,,,,,,,,659,0.5586196780204773
,,,0,,,,,,,,,,,,,,,,,,,,,,,,,,,,,669,0.6615697145462036
,,,0,,,,,,,,,,,,,,,,,,,,,,,,,,,,,679,0.19556905329227448
,,,0,,,,,,,,,,,,,,,,,,,,,,,,,,,,,689,0.15041175484657288
,,,0,,,,,,,,,,,,,,,,,,,,,,,,,,,,,699,0.17039607465267181
,,,,2.2752036252422864e-07,1.2745792515625007e-06,1.9608911562500008e-06,1.9608911562500008e-06,3.0167556250000008e-06,3.0167556250000008e-06,4.641162500000001e-06,4.641162500000001e-06,7.140250000000002e-06,7.140250000000002e-06,1.0985000000000002e-05,2.2752036252422864e-07,1.0985000000000002e-05,1.69e-05,1.69e-05,2.6000000000000005e-05,2.6000000000000005e-05,4e-05,4e-05,4e-05,4e-05,3.500313269603517e-07,3.500313269603517e-07,5.385097337851565e-07,5.385097337851565e-07,8.284765135156254e-07,8.284765135156254e-07,1.2745792515625007e-06,701,
,,,1,,,,,,,,,,,,,,,,,,,,,,,,,,,,,709,0.28870663046836853
,,,1,,,,,,,,,,,,,,,,,,,,,,,,,,,,,719,0.19767923653125763
,,,1,,,,,,,,,,,,,,,,,,,,,,,,,,,,,729,0.2880552411079407
,,,1,,,,,,,,,,,,,,,,,,,,,,,,,,,,,739,0.9658704996109009
,,,1,,,,,,,,,,,,,,,,,,,,,,,,,,,,,749,0.2555130124092102
,,,1,,,,,,,,,,,,,,,,,,,,,,,,,,,,,759,0.2943824827671051
,,,1,,,,,,,,,,,,,,,,,,,,,,,,,,,,,769,0.7334715723991394
,,,1,,,,,,,,,,,,,,,,,,,,,,,,,,,,,779,0.09883306920528412
,,,1,,,,,,,,,,,,,,,,,,,,,,,,,,,,,789,0.8537537455558777
,,,1,,,,,,,,,,,,,,,,,,,,,,,,,,,,,799,0.06272447109222412
,,,1,,,,,,,,,,,,,,,,,,,,,,,,,,,,,809,0.22946342825889587
,,,1,,,,,,,,,,,,,,,,,,,,,,,,,,,,,819,0.5096809267997742
,,,1,,,,,,,,,,,,,,,,,,,,,,,,,,,,,829,0.07626741379499435
,,,1,,,,,,,,,,,,,,,,,,,,,,,,,,,,,839,0.17922072112560272
,,,1,,,,,,,,,,,,,,,,,,,,,,,,,,,,,849,0.17548640072345734
,,,1,,,,,,,,,,,,,,,,,,,,,,,,,,,,,859,0.08612757921218872
,,,1,,,,,,,,,,,,,,,,,,,,,,,,,,,,,869,0.7612955570220947
,,,1,,,,,,,,,,,,,,,,,,,,,,,,,,,,,879,0.8737115859985352
,,,1,,,,,,,,,,,,,,,,,,,,,,,,,,,,,889,0.8311386704444885
,,,1,,,,,,,,,,,,,,,,,,,,,,,,,,,,,899,0.32659414410591125
,,,1,,,,,,,,,,,,,,,,,,,,,,,,,,,,,909,0.4205923080444336
,,,1,,,,,,,,,,,,,,,,,,,,,,,,,,,,,919,0.12034931033849716
,,,1,,,,,,,,,,,,,,,,,,,,,,,,,,,,,929,0.13126571476459503
,,,1,,,,,,,,,,,,,,,,,,,,,,,,,,,,,939,1.5104442834854126
,,,1,,,,,,,,,,,,,,,,,,,,,,,,,,,,,949,0.4661434292793274
,,,1,,,,,,,,,,,,,,,,,,,,,,,,,,,,,959,0.10372889041900635
,,,1,,,,,,,,,,,,,,,,,,,,,,,,,,,,,969,0.08134374022483826
,,,1,,,,,,,,,,,,,,,,,,,,,,,,,,,,,979,0.5875592231750488
,,,1,,,,,,,,,,,,,,,,,,,,,,,,,,,,,989,1.033701777458191
,,,1,,,,,,,,,,,,,,,,,,,,,,,,,,,,,999,0.1506355255842209
,,,1,,,,,,,,,,,,,,,,,,,,,,,,,,,,,1009,0.38262051343917847
,,,1,,,,,,,,,,,,,,,,,,,,,,,,,,,,,1019,0.7350987792015076
,,,1,,,,,,,,,,,,,,,,,,,,,,,,,,,,,1029,0.2789106070995331
,,,1,,,,,,,,,,,,,,,,,,,,,,,,,,,,,1039,0.13794603943824768
,,,1,,,,,,,,,,,,,,,,,,,,,,,,,,,,,1049,0.11615586280822754
,,,1,,,,,,,,,,,,,,,,,,,,,,,,,,,,,1059,0.3411983847618103
,,,1,,,,,,,,,,,,,,,,,,,,,,,,,,,,,1069,0.06870849430561066
,,,1,,,,,,,,,,,,,,,,,,,,,,,,,,,,,1079,0.21333137154579163
,,,1,,,,,,,,,,,,,,,,,,,,,,,,,,,,,1089,0.16989964246749878
,,,1,,,,,,,,,,,,,,,,,,,,,,,,,,,,,1099,0.4730699062347412
,,,1,,,,,,,,,,,,,,,,,,,,,,,,,,,,,1109,0.5001122355461121
,,,1,,,,,,,,,,,,,,,,,,,,,,,,,,,,,1119,0.8157655596733093
,,,1,,,,,,,,,,,,,,,,,,,,,,,,,,,,,1129,0.14563331007957458
,,,1,,,,,,,,,,,,,,,,,,,,,,,,,,,,,1139,0.06017635017633438
,,,1,,,,,,,,,,,,,,,,,,,,,,,,,,,,,1149,0.42830711603164673
,,,1,,,,,,,,,,,,,,,,,,,,,,,,,,,,,1159,0.06697957217693329
,,,1,,,,,,,,,,,,,,,,,,,,,,,,,,,,,1169,0.028816252946853638
,,,1,,,,,,,,,,,,,,,,,,,,,,,,,,,,,1179,0.4816780388355255
,,,1,,,,,,,,,,,,,,,,,,,,,,,,,,,,,1189,0.1484290361404419
,,,1,,,,,,,,,,,,,,,,,,,,,,,,,,,,,1199,0.13925538957118988
,,,1,,,,,,,,,,,,,,,,,,,,,,,,,,,,,1209,0.06494145095348358
,,,1,,,,,,,,,,,,,,,,,,,,,,,,,,,,,1219,0.03535058721899986
,,,1,,,,,,,,,,,,,,,,,,,,,,,,,,,,,1229,0.39547038078308105
,,,1,,,,,,,,,,,,,,,,,,,,,,,,,,,,,1239,0.2381824553012848
,,,1,,,,,,,,,,,,,,,,,,,,,,,,,,,,,1249,0.5432485938072205
,,,1,,,,,,,,,,,,,,,,,,,,,,,,,,,,,1259,0.17525164783000946
,,,1,,,,,,,,,,,,,,,,,,,,,,,,,,,,,1269,0.13653360307216644
,,,1,,,,,,,,,,,,,,,,,,,,,,,,,,,,,1279,0.14279507100582123
,,,1,,,,,,,,,,,,,,,,,,,,,,,,,,,,,1289,0.3311179280281067
,,,1,,,,,,,,,,,,,,,,,,,,,,,,,,,,,1299,0.011892561800777912
,,,1,,,,,,,,,,,,,,,,,,,,,,,,,,,,,1309,0.8243732452392578
,,,1,,,,,,,,,,,,,,,,,,,,,,,,,,,,,1319,0.0981292650103569
,,,1,,,,,,,,,,,,,,,,,,,,,,,,,,,,,1329,0.2547675371170044
,,,1,,,,,,,,,,,,,,,,,,,,,,,,,,,,,1339,0.0609721839427948
,,,1,,,,,,,,,,,,,,,,,,,,,,,,,,,,,1349,0.37088561058044434
,,,1,,,,,,,,,,,,,,,,,,,,,,,,,,,,,1359,0.08724550157785416
,,,1,,,,,,,,,,,,,,,,,,,,,,,,,,,,,1369,0.14305198192596436
,,,1,,,,,,,,,,,,,,,,,,,,,,,,,,,,,1379,0.12390722334384918
,,,1,,,,,,,,,,,,,,,,,,,,,,,,,,,,,1389,0.234951913356781
,,,1,,,,,,,,,,,,,,,,,,,,,,,,,,,,,1399,0.08805360645055771
,,,,3.4128054378634294e-07,1.911868877343751e-06,2.9413367343750007e-06,2.9413367343750007e-06,4.525133437500001e-06,4.525133437500001e-06,6.961743750000001e-06,6.961743750000001e-06,1.0710375000000002e-05,1.0710375000000002e-05,1.6477500000000003e-05,3.4128054378634294e-07,1.6477500000000003e-05,2.5350000000000003e-05,2.5350000000000003e-05,3.9000000000000006e-05,3.9000000000000006e-05,6e-05,6e-05,6e-05,6e-05,5.250469904405275e-07,5.250469904405275e-07,8.077646006777347e-07,8.077646006777347e-07,1.2427147702734379e-06,1.2427147702734379e-06,1.911868877343751e-06,1402,
,,,2,,,,,,,,,,,,,,,,,,,,,,,,,,,,,1409,0.04357731714844704
,,,2,,,,,,,,,,,,,,,,,,,,,,,,,,,,,1419,0.0946948304772377
,,,2,,,,,,,,,,,,,,,,,,,,,,,,,,,,,1429,0.4816732406616211
,,,2,,,,,,,,,,,,,,,,,,,,,,,,,,,,,1439,0.2540595531463623
,,,2,,,,,,,,,,,,,,,,,,,,,,,,,,,,,1449,0.1401941031217575
,,,2,,,,,,,,,,,,,,,,,,,,,,,,,,,,,1459,0.05020647868514061
,,,2,,,,,,,,,,,,,,,,,,,,,,,,,,,,,1469,0.11645867675542831
,,,2,,,,,,,,,,,,,,,,,,,,,,,,,,,,,1479,0.05639474838972092
,,,2,,,,,,,,,,,,,,,,,,,,,,,,,,,,,1489,0.04405159503221512
,,,2,,,,,,,,,,,,,,,,,,,,,,,,,,,,,1499,0.15585407614707947
,,,2,,,,,,,,,,,,,,,,,,,,,,,,,,,,,1509,0.8894932866096497
,,,2,,,,,,,,,,,,,,,,,,,,,,,,,,,,,1519,0.06823936104774475
,,,2,,,,,,,,,,,,,,,,,,,,,,,,,,,,,1529,0.0326024554669857
,,,2,,,,,,,,,,,,,,,,,,,,,,,,,,,,,1539,0.05903451889753342
,,,2,,,,,,,,,,,,,,,,,,,,,,,,,,,,,1549,0.16687755286693573
,,,2,,,,,,,,,,,,,,,,,,,,,,,,,,,,,1559,0.08683905005455017
,,,2,,,,,,,,,,,,,,,,,,,,,,,,,,,,,1569,0.7928028702735901
,,,2,,,,,,,,,,,,,,,,,,,,,,,,,,,,,1579,0.030084332451224327
,,,2,,,,,,,,,,,,,,,,,,,,,,,,,,,,,1589,0.016352230682969093
,,,2,,,,,,,,,,,,,,,,,,,,,,,,,,,,,1599,0.05981452018022537
,,,2,,,,,,,,,,,,,,,,,,,,,,,,,,,,,1609,0.48623308539390564
,,,2,,,,,,,,,,,,,,,,,,,,,,,,,,,,,1619,0.28540971875190735
,,,2,,,,,,,,,,,,,,,,,,,,,,,,,,,,,1629,0.1835491806268692
,,,2,,,,,,,,,,,,,,,,,,,,,,,,,,,,,1639,0.1165987104177475
,,,2,,,,,,,,,,,,,,,,,,,,,,,,,,,,,1649,0.14446741342544556
,,,2,,,,,,,,,,,,,,,,,,,,,,,,,,,,,1659,0.06686852127313614
,,,2,,,,,,,,,,,,,,,,,,,,,,,,,,,,,1669,0.08036947250366211
,,,2,,,,,,,,,,,,,,,,,,,,,,,,,,,,,1679,0.0320739820599556
,,,2,,,,,,,,,,,,,,,,,,,,,,,,,,,,,1689,0.6930187344551086
,,,2,,,,,,,,,,,,,,,,,,,,,,,,,,,,,1699,0.3995245099067688
,,,2,,,,,,,,,,,,,,,,,,,,,,,,,,,,,1709,0.07600833475589752
,,,2,,,,,,,,,,,,,,,,,,,,,,,,,,,,,1719,0.07600091397762299
,,,2,,,,,,,,,,,,,,,,,,,,,,,,,,,,,1729,0.0964369922876358
,,,2,,,,,,,,,,,,,,,,,,,,,,,,,,,,,1739,0.12341566383838654
,,,2,,,,,,,,,,,,,,,,,,,,,,,,,,,,,1749,0.8703694343566895
,,,2,,,,,,,,,,,,,,,,,,,,,,,,,,,,,1759,0.23435969650745392
,,,2,,,,,,,,,,,,,,,,,,,,,,,,,,,,,1769,1.104827642440796
,,,2,,,,,,,,,,,,,,,,,,,,,,,,,,,,,1779,0.12753570079803467
,,,2,,,,,,,,,,,,,,,,,,,,,,,,,,,,,1789,0.07163012772798538
,,,2,,,,,,,,,,,,,,,,,,,,,,,,,,,,,1799,0.029732247814536095
,,,2,,,,,,,,,,,,,,,,,,,,,,,,,,,,,1809,0.37167438864707947
,,,2,,,,,,,,,,,,,,,,,,,,,,,,,,,,,1819,0.5498579740524292
,,,2,,,,,,,,,,,,,,,,,,,,,,,,,,,,,1829,0.07073590159416199
,,,2,,,,,,,,,,,,,,,,,,,,,,,,,,,,,1839,0.49410322308540344
,,,2,,,,,,,,,,,,,,,,,,,,,,,,,,,,,1849,0.35554149746894836
,,,2,,,,,,,,,,,,,,,,,,,,,,,,,,,,,1859,0.42277732491493225
,,,2,,,,,,,,,,,,,,,,,,,,,,,,,,,,,1869,0.13281889259815216
,,,2,,,,,,,,,,,,,,,,,,,,,,,,,,,,,1879,0.058281779289245605
,,,2,,,,,,,,,,,,,,,,,,,,,,,,,,,,,1889,0.6683499217033386
,,,2,,,,,,,,,,,,,,,,,,,,,,,,,,,,,1899,0.04563805088400841
,,,2,,,,,,,,,,,,,,,,,,,,,,,,,,,,,1909,0.03946666792035103
,,,2,,,,,,,,,,,,,,,,,,,,,,,,,,,,,1919,0.1841217577457428
,,,2,,,,,,,,,,,,,,,,,,,,,,,,,,,,,1929,0.2032833844423294
,,,2,,,,,,,,,,,,,,,,,,,,,,,,,,,,,1939,0.5471769571304321
,,,2,,,,,,,,,,,,,,,,,,,,,,,,,,,,,1949,0.0796179547905922
,,,2,,,,,,,,,,,,,,,,,,,,,,,,,,,,,1959,0.026930999010801315
,,,2,,,,,,,,,,,,,,,,,,,,,,,,,,,,,1969,0.1880919486284256
,,,2,,,,,,,,,,,,,,,,,,,,,,,,,,,,,1979,0.774439811706543
,,,2,,,,,,,,,,,,,,,,,,,,,,,,,,,,,1989,0.4648377597332001
,,,2,,,,,,,,,,,,,,,,,,,,,,,,,,,,,1999,0.043398499488830566
,,,2,,,,,,,,,,,,,,,,,,,,,,,,,,,,,2009,0.4936450123786926
,,,2,,,,,,,,,,,,,,,,,,,,,,,,,,,,,2019,0.0715811476111412
,,,2,,,,,,,,,,,,,,,,,,,,,,,,,,,,,2029,0.013840884901583195
,,,2,,,,,,,,,,,,,,,,,,,,,,,,,,,,,2039,0.12316017597913742
,,,2,,,,,,,,,,,,,,,,,,,,,,,,,,,,,2049,0.1419973373413086
,,,2,,,,,,,,,,,,,,,,,,,,,,,,,,,,,2059,0.018755735829472542
,,,2,,,,,,,,,,,,,,,,,,,,,,,,,,,,,2069,0.048726413398981094
,,,2,,,,,,,,,,,,,,,,,,,,,,,,,,,,,2079,0.15868623554706573
,,,2,,,,,,,,,,,,,,,,,,,,,,,,,,,,,2089,0.018868712708353996
,,,2,,,,,,,,,,,,,,,,,,,,,,,,,,,,,2099,0.06361135840415955
,,,,4.550407250484573e-07,2.5491585031250013e-06,3.9217823125000015e-06,3.9217823125000015e-06,6.0335112500000015e-06,6.0335112500000015e-06,9.282325000000003e-06,9.282325000000003e-06,1.4280500000000003e-05,1.4280500000000003e-05,2.1970000000000005e-05,4.550407250484573e-07,2.1970000000000005e-05,3.38e-05,3.38e-05,5.200000000000001e-05,5.200000000000001e-05,8e-05,8e-05,8e-05,8e-05,7.000626539207035e-07,7.000626539207035e-07,1.077019467570313e-06,1.077019467570313e-06,1.6569530270312508e-06,1.6569530270312508e-06,2.5491585031250013e-06,2103,
,,,3,,,,,,,,,,,,,,,,,,,,,,,,,,,,,2109,0.3862428069114685
,,,3,,,,,,,,,,,,,,,,,,,,,,,,,,,,,2119,0.0745721310377121
,,,3,,,,,,,,,,,,,,,,,,,,,,,,,,,,,2129,0.15323612093925476
,,,3,,,,,,,,,,,,,,,,,,,,,,,,,,,,,2139,0.2506449818611145
,,,3,,,,,,,,,,,,,,,,,,,,,,,,,,,,,2149,0.1845186948776245
,,,3,,,,,,,,,,,,,,,,,,,,,,,,,,,,,2159,0.11636915802955627
,,,3,,,,,,,,,,,,,,,,,,,,,,,,,,,,,2169,1.3694179058074951
,,,3,,,,,,,,,,,,,,,,,,,,,,,,,,,,,2179,0.5863749384880066
,,,3,,,,,,,,,,,,,,,,,,,,,,,,,,,,,2189,0.010692739859223366
,,,3,,,,,,,,,,,,,,,,,,,,,,,,,,,,,2199,0.3730171024799347
,,,3,,,,,,,,,,,,,,,,,,,,,,,,,,,,,2209,0.024354977533221245
,,,3,,,,,,,,,,,,,,,,,,,,,,,,,,,,,2219,0.0685378909111023
,,,3,,,,,,,,,,,,,,,,,,,,,,,,,,,,,2229,0.19992206990718842
,,,3,,,,,,,,,,,,,,,,,,,,,,,,,,,,,2239,0.49569106101989746
,,,3,,,,,,,,,,,,,,,,,,,,,,,,,,,,,2249,0.035902705043554306
,,,3,,,,,,,,,,,,,,,,,,,,,,,,,,,,,2259,0.03487890958786011
,,,3,,,,,,,,,,,,,,,,,,,,,,,,,,,,,2269,0.26489028334617615
,,,3,,,,,,,,,,,,,,,,,,,,,,,,,,,,,2279,0.02685912884771824
,,,3,,,,,,,,,,,,,,,,,,,,,,,,,,,,,2289,0.2507776618003845
,,,3,,,,,,,,,,,,,,,,,,,,,,,,,,,,,2299,0.575025737285614
,,,3,,,,,,,,,,,,,,,,,,,,,,,,,,,,,2309,0.06735821813344955
,,,3,,,,,,,,,,,,,,,,,,,,,,,,,,,,,2319,0.013229764997959137
,,,3,,,,,,,,,,,,,,,,,,,,,,,,,,,,,2329,0.36073973774909973
,,,3,,,,,,,,,,,,,,,,,,,,,,,,,,,,,2339,0.5953613519668579
,,,3,,,,,,,,,,,,,,,,,,,,,,,,,,,,,2349,1.0145810842514038
,,,3,,,,,,,,,,,,,,,,,,,,,,,,,,,,,2359,0.42727896571159363
,,,3,,,,,,,,,,,,,,,,,,,,,,,,,,,,,2369,0.27631038427352905
,,,3,,,,,,,,,,,,,,,,,,,,,,,,,,,,,2379,0.4921959638595581
,,,3,,,,,,,,,,,,,,,,,,,,,,,,,,,,,2389,0.19619762897491455
,,,3,,,,,,,,,,,,,,,,,,,,,,,,,,,,,2399,0.07611339539289474
,,,3,,,,,,,,,,,,,,,,,,,,,,,,,,,,,2409,0.02069399505853653
,,,3,,,,,,,,,,,,,,,,,,,,,,,,,,,,,2419,0.01235466729849577
,,,3,,,,,,,,,,,,,,,,,,,,,,,,,,,,,2429,0.013814366422593594
,,,3,,,,,,,,,,,,,,,,,,,,,,,,,,,,,2439,0.09864440560340881
,,,3,,,,,,,,,,,,,,,,,,,,,,,,,,,,,2449,0.11555137485265732
,,,3,,,,,,,,,,,,,,,,,,,,,,,,,,,,,2459,0.03184794634580612
,,,3,,,,,,,,,,,,,,,,,,,,,,,,,,,,,2469,0.017502468079328537
,,,3,,,,,,,,,,,,,,,,,,,,,,,,,,,,,2479,0.140799880027771
,,,3,,,,,,,,,,,,,,,,,,,,,,,,,,,,,2489,0.12888824939727783
,,,3,,,,,,,,,,,,,,,,,,,,,,,,,,,,,2499,0.17872004210948944
,,,3,,,,,,,,,,,,,,,,,,,,,,,,,,,,,2509,0.0020782900974154472
,,,3,,,,,,,,,,,,,,,,,,,,,,,,,,,,,2519,0.005104257725179195
,,,3,,,,,,,,,,,,,,,,,,,,,,,,,,,,,2529,0.16881322860717773
,,,3,,,,,,,,,,,,,,,,,,,,,,,,,,,,,2539,0.0058509898371994495
,,,3,,,,,,,,,,,,,,,,,,,,,,,,,,,,,2549,0.09471773356199265
,,,3,,,,,,,,,,,,,,,,,,,,,,,,,,,,,2559,0.10347437858581543
,,,3,,,,,,,,,,,,,,,,,,,,,,,,,,,,,2569,0.1709742695093155
,,,3,,,,,,,,,,,,,,,,,,,,,,,,,,,,,2579,0.8684172630310059
,,,3,,,,,,,,,,,,,,,,,,,,,,,,,,,,,2589,0.06881218403577805
,,,3,,,,,,,,,,,,,,,,,,,,,,,,,,,,,2599,0.2016708254814148
,,,3,,,,,,,,,,,,,,,,,,,,,,,,,,,,,2609,0.576009213924408
,,,3,,,,,,,,,,,,,,,,,,,,,,,,,,,,,2619,0.049515366554260254
,,,3,,,,,,,,,,,,,,,,,,,,,,,,,,,,,2629,0.0960407629609108
,,,3,,,,,,,,,,,,,,,,,,,,,,,,,,,,,2639,0.7708353400230408
,,,3,,,,,,,,,,,,,,,,,,,,,,,,,,,,,2649,0.015490061603486538
,,,3,,,,,,,,,,,,,,,,,,,,,,,,,,,,,2659,0.08453334867954254
,,,3,,,,,,,,,,,,,,,,,,,,,,,,,,,,,2669,0.038089439272880554
,,,3,,,,,,,,,,,,,,,,,,,,,,,,,,,,,2679,0.005418028682470322
,,,3,,,,,,,,,,,,,,,,,,,,,,,,,,,,,2689,0.5607030391693115
,,,3,,,,,,,,,,,,,,,,,,,,,,,,,,,,,2699,0.012249205261468887
,,,3,,,,,,,,,,,,,,,,,,,,,,,,,,,,,2709,0.20583558082580566
,,,3,,,,,,,,,,,,,,,,,,,,,,,,,,,,,2719,0.0656091719865799
,,,3,,,,,,,,,,,,,,,,,,,,,,,,,,,,,2729,0.2762596905231476
,,,3,,,,,,,,,,,,,,,,,,,,,,,,,,,,,2739,0.4542558789253235
,,,3,,,,,,,,,,,,,,,,,,,,,,,,,,,,,2749,0.06702308356761932
,,,3,,,,,,,,,,,,,,,,,,,,,,,,,,,,,2759,0.013437088578939438
,,,3,,,,,,,,,,,,,,,,,,,,,,,,,,,,,2769,0.015367645770311356
,,,3,,,,,,,,,,,,,,,,,,,,,,,,,,,,,2779,0.07200709730386734
,,,3,,,,,,,,,,,,,,,,,,,,,,,,,,,,,2789,0.06149815395474434
,,,3,,,,,,,,,,,,,,,,,,,,,,,,,,,,,2799,0.5274722576141357
,,,,5.688009063105716e-07,3.1864481289062513e-06,4.9022278906250015e-06,4.9022278906250015e-06,7.541889062500002e-06,7.541889062500002e-06,1.1602906250000002e-05,1.1602906250000002e-05,1.7850625000000003e-05,1.7850625000000003e-05,2.7462500000000003e-05,5.688009063105716e-07,2.7462500000000003e-05,4.2250000000000004e-05,4.2250000000000004e-05,6.500000000000001e-05,6.500000000000001e-05,0.0001,0.0001,0.0001,0.0001,8.750783174008792e-07,8.750783174008792e-07,1.3462743344628912e-06,1.3462743344628912e-06,2.0711912837890633e-06,2.0711912837890633e-06,3.1864481289062513e-06,2804,
,,,4,,,,,,,,,,,,,,,,,,,,,,,,,,,,,2809,0.03229035809636116
,,,4,,,,,,,,,,,,,,,,,,,,,,,,,,,,,2819,0.017784064635634422
,,,4,,,,,,,,,,,,,,,,,,,,,,,,,,,,,2829,0.003929564263671637
,,,4,,,,,,,,,,,,,,,,,,,,,,,,,,,,,2839,1.1395182609558105
,,,4,,,,,,,,,,,,,,,,,,,,,,,,,,,,,2849,0.2053135186433792
,,,4,,,,,,,,,,,,,,,,,,,,,,,,,,,,,2859,0.3482547104358673
,,,4,,,,,,,,,,,,,,,,,,,,,,,,,,,,,2869,0.1239394098520279
,,,4,,,,,,,,,,,,,,,,,,,,,,,,,,,,,2879,0.3428162634372711
,,,4,,,,,,,,,,,,,,,,,,,,,,,,,,,,,2889,0.0861557126045227
,,,4,,,,,,,,,,,,,,,,,,,,,,,,,,,,,2899,0.5110283493995667
,,,4,,,,,,,,,,,,,,,,,,,,,,,,,,,,,2909,0.3278397023677826
,,,4,,,,,,,,,,,,,,,,,,,,,,,,,,,,,2919,0.018155749887228012
,,,4,,,,,,,,,,,,,,,,,,,,,,,,,,,,,2929,0.03435928747057915
,,,4,,,,,,,,,,,,,,,,,,,,,,,,,,,,,2939,0.06938112527132034
,,,4,,,,,,,,,,,,,,,,,,,,,,,,,,,,,2949,0.962309718132019
,,,4,,,,,,,,,,,,,,,,,,,,,,,,,,,,,2959,0.08794630318880081
,,,4,,,,,,,,,,,,,,,,,,,,,,,,,,,,,2969,0.05947728455066681
,,,4,,,,,,,,,,,,,,,,,,,,,,,,,,,,,2979,0.0052054766565561295
,,,4,,,,,,,,,,,,,,,,,,,,,,,,,,,,,2989,0.06898612529039383
,,,4,,,,,,,,,,,,,,,,,,,,,,,,,,,,,2999,0.0335882231593132
,,,4,,,,,,,,,,,,,,,,,,,,,,,,,,,,,3009,0.04865197837352753
,,,4,,,,,,,,,,,,,,,,,,,,,,,,,,,,,3019,0.5808483958244324
,,,4,,,,,,,,,,,,,,,,,,,,,,,,,,,,,3029,0.19009211659431458
,,,4,,,,,,,,,,,,,,,,,,,,,,,,,,,,,3039,0.1110742837190628
,,,4,,,,,,,,,,,,,,,,,,,,,,,,,,,,,3049,0.07902812957763672
,,,4,,,,,,,,,,,,,,,,,,,,,,,,,,,,,3059,0.3352821171283722
,,,4,,,,,,,,,,,,,,,,,,,,,,,,,,,,,3069,0.32458746433258057
,,,4,,,,,,,,,,,,,,,,,,,,,,,,,,,,,3079,0.12146836519241333
,,,4,,,,,,,,,,,,,,,,,,,,,,,,,,,,,3089,0.3864860534667969
,,,4,,,,,,,,,,,,,,,,,,,,,,,,,,,,,3099,0.4848659336566925
,,,4,,,,,,,,,,,,,,,,,,,,,,,,,,,,,3109,0.03316328674554825
,,,4,,,,,,,,,,,,,,,,,,,,,,,,,,,,,3119,0.2525322139263153
,,,4,,,,,,,,,,,,,,,,,,,,,,,,,,,,,3129,0.15291087329387665
,,,4,,,,,,,,,,,,,,,,,,,,,,,,,,,,,3139,0.08974498510360718
,,,4,,,,,,,,,,,,,,,,,,,,,,,,,,,,,3149,0.19622714817523956
,,,4,,,,,,,,,,,,,,,,,,,,,,,,,,,,,3159,0.6810441017150879
,,,4,,,,,,,,,,,,,,,,,,,,,,,,,,,,,3169,0.06501322239637375
,,,4,,,,,,,,,,,,,,,,,,,,,,,,,,,,,3179,0.11655043810606003
,,,4,,,,,,,,,,,,,,,,,,,,,,,,,,,,,3189,0.0790926069021225
,,,4,,,,,,,,,,,,,,,,,,,,,,,,,,,,,3199,0.20912998914718628
,,,4,,,,,,,,,,,,,,,,,,,,,,,,,,,,,3209,0.018994592130184174
,,,4,,,,,,,,,,,,,,,,,,,,,,,,,,,,,3219,0.023175222799181938
,,,4,,,,,,,,,,,,,,,,,,,,,,,,,,,,,3229,0.007902550511062145
,,,4,,,,,,,,,,,,,,,,,,,,,,,,,,,,,3239,0.08213229477405548
,,,4,,,,,,,,,,,,,,,,,,,,,,,,,,,,,3249,0.05600577965378761
,,,4,,,,,,,,,,,,,,,,,,,,,,,,,,,,,3259,0.3435949385166168
,,,4,,,,,,,,,,,,,,,,,,,,,,,,,,,,,3269,0.05486203357577324
,,,4,,,,,,,,,,,,,,,,,,,,,,,,,,,,,3279,0.030383752658963203
,,,4,,,,,,,,,,,,,,,,,,,,,,,,,,,,,3289,1.337233304977417
,,,4,,,,,,,,,,,,,,,,,,,,,,,,,,,,,3299,0.19752931594848633
,,,4,,,,,,,,,,,,,,,,,,,,,,,,,,,,,3309,0.3295687735080719
,,,4,,,,,,,,,,,,,,,,,,,,,,,,,,,,,3319,0.39820313453674316
,,,4,,,,,,,,,,,,,,,,,,,,,,,,,,,,,3329,0.012352105230093002
,,,4,,,,,,,,,,,,,,,,,,,,,,,,,,,,,3339,0.008980853483080864
,,,4,,,,,,,,,,,,,,,,,,,,,,,,,,,,,3349,0.02730734460055828
,,,4,,,,,,,,,,,,,,,,,,,,,,,,,,,,,3359,0.4680038392543793
,,,4,,,,,,,,,,,,,,,,,,,,,,,,,,,,,3369,0.014051701873540878
,,,4,,,,,,,,,,,,,,,,,,,,,,,,,,,,,3379,0.2791905105113983
,,,4,,,,,,,,,,,,,,,,,,,,,,,,,,,,,3389,0.012593226507306099
,,,4,,,,,,,,,,,,,,,,,,,,,,,,,,,,,3399,0.06757856160402298
,,,4,,,,,,,,,,,,,,,,,,,,,,,,,,,,,3409,0.07397700101137161
,,,4,,,,,,,,,,,,,,,,,,,,,,,,,,,,,3419,0.2073655128479004
,,,4,,,,,,,,,,,,,,,,,,,,,,,,,,,,,3429,0.026585886254906654
,,,4,,,,,,,,,,,,,,,,,,,,,,,,,,,,,3439,0.1970677524805069
,,,4,,,,,,,,,,,,,,,,,,,,,,,,,,,,,3449,0.03719392791390419
,,,4,,,,,,,,,,,,,,,,,,,,,,,,,,,,,3459,0.16610953211784363
,,,4,,,,,,,,,,,,,,,,,,,,,,,,,,,,,3469,0.09933926910161972
,,,4,,,,,,,,,,,,,,,,,,,,,,,,,,,,,3479,0.027086326852440834
,,,4,,,,,,,,,,,,,,,,,,,,,,,,,,,,,3489,0.3736627399921417
,,,4,,,,,,,,,,,,,,,,,,,,,,,,,,,,,3499,2.2758331298828125
0.8508604168891907,0.8412098288536072,0.8607349991798401,4,,,,,,,,,,,,,,,,,,,,,,,,,,,,,3504,
,,,,5.688009063105716e-07,3.1864481289062513e-06,4.9022278906250015e-06,4.9022278906250015e-06,7.541889062500002e-06,7.541889062500002e-06,1.1602906250000002e-05,1.1602906250000002e-05,1.7850625000000003e-05,1.7850625000000003e-05,2.7462500000000003e-05,5.688009063105716e-07,2.7462500000000003e-05,4.2250000000000004e-05,4.2250000000000004e-05,6.500000000000001e-05,6.500000000000001e-05,0.0001,0.0001,0.0001,0.0001,8.750783174008792e-07,8.750783174008792e-07,1.3462743344628912e-06,1.3462743344628912e-06,2.0711912837890633e-06,2.0711912837890633e-06,3.1864481289062513e-06,3505,
,,,5,,,,,,,,,,,,,,,,,,,,,,,,,,,,,3509,0.628808856010437
,,,5,,,,,,,,,,,,,,,,,,,,,,,,,,,,,3519,0.24165725708007812
,,,5,,,,,,,,,,,,,,,,,,,,,,,,,,,,,3529,0.022771693766117096
,,,5,,,,,,,,,,,,,,,,,,,,,,,,,,,,,3539,0.5397810935974121
,,,5,,,,,,,,,,,,,,,,,,,,,,,,,,,,,3549,0.04364953190088272
,,,5,,,,,,,,,,,,,,,,,,,,,,,,,,,,,3559,0.012266894802451134
,,,5,,,,,,,,,,,,,,,,,,,,,,,,,,,,,3569,0.4888945519924164
,,,5,,,,,,,,,,,,,,,,,,,,,,,,,,,,,3579,0.1913643330335617
,,,5,,,,,,,,,,,,,,,,,,,,,,,,,,,,,3589,0.005830004811286926
,,,5,,,,,,,,,,,,,,,,,,,,,,,,,,,,,3599,0.022280007600784302
,,,5,,,,,,,,,,,,,,,,,,,,,,,,,,,,,3609,0.22714677453041077
,,,5,,,,,,,,,,,,,,,,,,,,,,,,,,,,,3619,1.2136365175247192
,,,5,,,,,,,,,,,,,,,,,,,,,,,,,,,,,3629,0.29244643449783325
,,,5,,,,,,,,,,,,,,,,,,,,,,,,,,,,,3639,1.0411067008972168
,,,5,,,,,,,,,,,,,,,,,,,,,,,,,,,,,3649,0.03926090523600578
,,,5,,,,,,,,,,,,,,,,,,,,,,,,,,,,,3659,0.3835766911506653
,,,5,,,,,,,,,,,,,,,,,,,,,,,,,,,,,3669,0.020297283306717873
,,,5,,,,,,,,,,,,,,,,,,,,,,,,,,,,,3679,0.4816822111606598
,,,5,,,,,,,,,,,,,,,,,,,,,,,,,,,,,3689,0.005830062553286552
,,,5,,,,,,,,,,,,,,,,,,,,,,,,,,,,,3699,0.08123958110809326
,,,5,,,,,,,,,,,,,,,,,,,,,,,,,,,,,3709,0.03789600357413292
,,,5,,,,,,,,,,,,,,,,,,,,,,,,,,,,,3719,0.03363692760467529
,,,5,,,,,,,,,,,,,,,,,,,,,,,,,,,,,3729,0.3722189962863922
,,,5,,,,,,,,,,,,,,,,,,,,,,,,,,,,,3739,0.04529201611876488
,,,5,,,,,,,,,,,,,,,,,,,,,,,,,,,,,3749,0.01100247260183096
,,,5,,,,,,,,,,,,,,,,,,,,,,,,,,,,,3759,0.4065017104148865
,,,5,,,,,,,,,,,,,,,,,,,,,,,,,,,,,3769,0.1891113817691803
,,,5,,,,,,,,,,,,,,,,,,,,,,,,,,,,,3779,0.07445331662893295
,,,5,,,,,,,,,,,,,,,,,,,,,,,,,,,,,3789,0.047709912061691284
,,,5,,,,,,,,,,,,,,,,,,,,,,,,,,,,,3799,0.026756305247545242
,,,5,,,,,,,,,,,,,,,,,,,,,,,,,,,,,3809,0.019428925588726997
,,,5,,,,,,,,,,,,,,,,,,,,,,,,,,,,,3819,0.04569191858172417
,,,5,,,,,,,,,,,,,,,,,,,,,,,,,,,,,3829,0.0048005236312747
,,,5,,,,,,,,,,,,,,,,,,,,,,,,,,,,,3839,0.008319797925651073
,,,5,,,,,,,,,,,,,,,,,,,,,,,,,,,,,3849,0.006177946925163269
,,,5,,,,,,,,,,,,,,,,,,,,,,,,,,,,,3859,0.20697183907032013
,,,5,,,,,,,,,,,,,,,,,,,,,,,,,,,,,3869,0.14901581406593323
,,,5,,,,,,,,,,,,,,,,,,,,,,,,,,,,,3879,0.019104374572634697
,,,5,,,,,,,,,,,,,,,,,,,,,,,,,,,,,3889,0.6723704934120178
,,,5,,,,,,,,,,,,,,,,,,,,,,,,,,,,,3899,0.03472009673714638
,,,5,,,,,,,,,,,,,,,,,,,,,,,,,,,,,3909,0.24788588285446167
,,,5,,,,,,,,,,,,,,,,,,,,,,,,,,,,,3919,0.020192453637719154
,,,5,,,,,,,,,,,,,,,,,,,,,,,,,,,,,3929,0.023535916581749916
,,,5,,,,,,,,,,,,,,,,,,,,,,,,,,,,,3939,0.6782260537147522
,,,5,,,,,,,,,,,,,,,,,,,,,,,,,,,,,3949,0.03985903784632683
,,,5,,,,,,,,,,,,,,,,,,,,,,,,,,,,,3959,0.12245098501443863
,,,5,,,,,,,,,,,,,,,,,,,,,,,,,,,,,3969,0.39026960730552673
,,,5,,,,,,,,,,,,,,,,,,,,,,,,,,,,,3979,0.02598547376692295
,,,5,,,,,,,,,,,,,,,,,,,,,,,,,,,,,3989,0.5036725997924805
,,,5,,,,,,,,,,,,,,,,,,,,,,,,,,,,,3999,0.005751427263021469
,,,5,,,,,,,,,,,,,,,,,,,,,,,,,,,,,4009,0.14809896051883698
,,,5,,,,,,,,,,,,,,,,,,,,,,,,,,,,,4019,0.019300326704978943
,,,5,,,,,,,,,,,,,,,,,,,,,,,,,,,,,4029,0.9760705232620239
,,,5,,,,,,,,,,,,,,,,,,,,,,,,,,,,,4039,0.003783048130571842
,,,5,,,,,,,,,,,,,,,,,,,,,,,,,,,,,4049,0.011408275924623013
,,,5,,,,,,,,,,,,,,,,,,,,,,,,,,,,,4059,0.16732949018478394
,,,5,,,,,,,,,,,,,,,,,,,,,,,,,,,,,4069,0.6662561893463135
,,,5,,,,,,,,,,,,,,,,,,,,,,,,,,,,,4079,1.4024569988250732
,,,5,,,,,,,,,,,,,,,,,,,,,,,,,,,,,4089,0.19052474200725555
,,,5,,,,,,,,,,,,,,,,,,,,,,,,,,,,,4099,0.009946909733116627
,,,5,,,,,,,,,,,,,,,,,,,,,,,,,,,,,4109,0.08421400189399719
,,,5,,,,,,,,,,,,,,,,,,,,,,,,,,,,,4119,0.10458256304264069
,,,5,,,,,,,,,,,,,,,,,,,,,,,,,,,,,4129,0.18226578831672668
,,,5,,,,,,,,,,,,,,,,,,,,,,,,,,,,,4139,0.010395225137472153
,,,5,,,,,,,,,,,,,,,,,,,,,,,,,,,,,4149,0.3122808039188385
,,,5,,,,,,,,,,,,,,,,,,,,,,,,,,,,,4159,0.045088861137628555
,,,5,,,,,,,,,,,,,,,,,,,,,,,,,,,,,4169,0.023854443803429604
,,,5,,,,,,,,,,,,,,,,,,,,,,,,,,,,,4179,0.014408375136554241
,,,5,,,,,,,,,,,,,,,,,,,,,,,,,,,,,4189,0.1953122764825821
,,,5,,,,,,,,,,,,,,,,,,,,,,,,,,,,,4199,0.2117394208908081
,,,,5.68108121100602e-07,3.182567115160405e-06,4.896257100246776e-06,4.896257100246776e-06,7.532703231148886e-06,7.532703231148886e-06,1.1588774201767516e-05,1.1588774201767516e-05,1.782888338733464e-05,1.782888338733464e-05,2.7429051365130215e-05,5.68108121100602e-07,2.7429051365130215e-05,4.219854056173879e-05,4.219854056173879e-05,6.492083163344429e-05,6.492083163344429e-05,9.987820251299122e-05,9.987820251299122e-05,9.987820251299122e-05,9.987820251299122e-05,8.740124940009261e-07,8.740124940009261e-07,1.344634606155271e-06,1.344634606155271e-06,2.068668624854263e-06,2.068668624854263e-06,3.182567115160405e-06,4206,
,,,6,,,,,,,,,,,,,,,,,,,,,,,,,,,,,4209,0.014669093303382397
,,,6,,,,,,,,,,,,,,,,,,,,,,,,,,,,,4219,0.0066203102469444275
,,,6,,,,,,,,,,,,,,,,,,,,,,,,,,,,,4229,0.006894366350024939
,,,6,,,,,,,,,,,,,,,,,,,,,,,,,,,,,4239,0.0036607421934604645
,,,6,,,,,,,,,,,,,,,,,,,,,,,,,,,,,4249,0.049453575164079666
,,,6,,,,,,,,,,,,,,,,,,,,,,,,,,,,,4259,0.01048186980187893
,,,6,,,,,,,,,,,,,,,,,,,,,,,,,,,,,4269,0.027433548122644424
,,,6,,,,,,,,,,,,,,,,,,,,,,,,,,,,,4279,0.004341806750744581
,,,6,,,,,,,,,,,,,,,,,,,,,,,,,,,,,4289,0.028967324644327164
,,,6,,,,,,,,,,,,,,,,,,,,,,,,,,,,,4299,0.004132330883294344
,,,6,,,,,,,,,,,,,,,,,,,,,,,,,,,,,4309,0.02091280370950699
,,,6,,,,,,,,,,,,,,,,,,,,,,,,,,,,,4319,0.690905749797821
,,,6,,,,,,,,,,,,,,,,,,,,,,,,,,,,,4329,0.2098664939403534
,,,6,,,,,,,,,,,,,,,,,,,,,,,,,,,,,4339,0.016085483133792877
,,,6,,,,,,,,,,,,,,,,,,,,,,,,,,,,,4349,0.003631663741543889
,,,6,,,,,,,,,,,,,,,,,,,,,,,,,,,,,4359,0.010685041546821594
,,,6,,,,,,,,,,,,,,,,,,,,,,,,,,,,,4369,0.016145415604114532
,,,6,,,,,,,,,,,,,,,,,,,,,,,,,,,,,4379,0.005352122243493795
,,,6,,,,,,,,,,,,,,,,,,,,,,,,,,,,,4389,0.02170473523437977
,,,6,,,,,,,,,,,,,,,,,,,,,,,,,,,,,4399,0.04145507141947746
,,,6,,,,,,,,,,,,,,,,,,,,,,,,,,,,,4409,0.005131182260811329
,,,6,,,,,,,,,,,,,,,,,,,,,,,,,,,,,4419,0.006012172903865576
,,,6,,,,,,,,,,,,,,,,,,,,,,,,,,,,,4429,0.09965594857931137
,,,6,,,,,,,,,,,,,,,,,,,,,,,,,,,,,4439,0.23406213521957397
,,,6,,,,,,,,,,,,,,,,,,,,,,,,,,,,,4449,0.01549042109400034
,,,6,,,,,,,,,,,,,,,,,,,,,,,,,,,,,4459,0.005114825442433357
,,,6,,,,,,,,,,,,,,,,,,,,,,,,,,,,,4469,0.021624498069286346
,,,6,,,,,,,,,,,,,,,,,,,,,,,,,,,,,4479,0.015227526426315308
,,,6,,,,,,,,,,,,,,,,,,,,,,,,,,,,,4489,0.023863885551691055
,,,6,,,,,,,,,,,,,,,,,,,,,,,,,,,,,4499,0.0652477890253067
,,,6,,,,,,,,,,,,,,,,,,,,,,,,,,,,,4509,0.08933661878108978
,,,6,,,,,,,,,,,,,,,,,,,,,,,,,,,,,4519,0.16381026804447174
,,,6,,,,,,,,,,,,,,,,,,,,,,,,,,,,,4529,0.06451711058616638
,,,6,,,,,,,,,,,,,,,,,,,,,,,,,,,,,4539,0.035611845552921295
,,,6,,,,,,,,,,,,,,,,,,,,,,,,,,,,,4549,0.005369008518755436
,,,6,,,,,,,,,,,,,,,,,,,,,,,,,,,,,4559,0.15005894005298615
,,,6,,,,,,,,,,,,,,,,,,,,,,,,,,,,,4569,0.04156933352351189
,,,6,,,,,,,,,,,,,,,,,,,,,,,,,,,,,4579,0.19816750288009644
,,,6,,,,,,,,,,,,,,,,,,,,,,,,,,,,,4589,0.1311327964067459
,,,6,,,,,,,,,,,,,,,,,,,,,,,,,,,,,4599,0.7500167489051819
,,,6,,,,,,,,,,,,,,,,,,,,,,,,,,,,,4609,0.001999895554035902
,,,6,,,,,,,,,,,,,,,,,,,,,,,,,,,,,4619,0.01994316466152668
,,,6,,,,,,,,,,,,,,,,,,,,,,,,,,,,,4629,0.0650220587849617
,,,6,,,,,,,,,,,,,,,,,,,,,,,,,,,,,4639,0.2657223045825958
,,,6,,,,,,,,,,,,,,,,,,,,,,,,,,,,,4649,0.2225467562675476
,,,6,,,,,,,,,,,,,,,,,,,,,,,,,,,,,4659,0.032535772770643234
,,,6,,,,,,,,,,,,,,,,,,,,,,,,,,,,,4669,0.44274988770484924
,,,6,,,,,,,,,,,,,,,,,,,,,,,,,,,,,4679,0.017415402457118034
,,,6,,,,,,,,,,,,,,,,,,,,,,,,,,,,,4689,0.04283039644360542
,,,6,,,,,,,,,,,,,,,,,,,,,,,,,,,,,4699,0.05200807377696037
,,,6,,,,,,,,,,,,,,,,,,,,,,,,,,,,,4709,0.03195171803236008
,,,6,,,,,,,,,,,,,,,,,,,,,,,,,,,,,4719,0.06157869100570679
,,,6,,,,,,,,,,,,,,,,,,,,,,,,,,,,,4729,0.05453244596719742
,,,6,,,,,,,,,,,,,,,,,,,,,,,,,,,,,4739,0.0034951644483953714
,,,6,,,,,,,,,,,,,,,,,,,,,,,,,,,,,4749,0.05333222448825836
,,,6,,,,,,,,,,,,,,,,,,,,,,,,,,,,,4759,0.02323145419359207
,,,6,,,,,,,,,,,,,,,,,,,,,,,,,,,,,4769,0.01868096925318241
,,,6,,,,,,,,,,,,,,,,,,,,,,,,,,,,,4779,0.005408642813563347
,,,6,,,,,,,,,,,,,,,,,,,,,,,,,,,,,4789,0.1384655386209488
,,,6,,,,,,,,,,,,,,,,,,,,,,,,,,,,,4799,0.3870948553085327
,,,6,,,,,,,,,,,,,,,,,,,,,,,,,,,,,4809,1.663533329963684
,,,6,,,,,,,,,,,,,,,,,,,,,,,,,,,,,4819,0.010440036654472351
,,,6,,,,,,,,,,,,,,,,,,,,,,,,,,,,,4829,0.017478350549936295
,,,6,,,,,,,,,,,,,,,,,,,,,,,,,,,,,4839,0.03809555619955063
,,,6,,,,,,,,,,,,,,,,,,,,,,,,,,,,,4849,1.0405683517456055
,,,6,,,,,,,,,,,,,,,,,,,,,,,,,,,,,4859,0.09010748565196991
,,,6,,,,,,,,,,,,,,,,,,,,,,,,,,,,,4869,0.4127369523048401
,,,6,,,,,,,,,,,,,,,,,,,,,,,,,,,,,4879,0.02168712019920349
,,,6,,,,,,,,,,,,,,,,,,,,,,,,,,,,,4889,0.009711137041449547
,,,6,,,,,,,,,,,,,,,,,,,,,,,,,,,,,4899,0.015830380842089653
,,,,5.660331406505981e-07,3.1709429818317177e-06,4.878373818202642e-06,4.878373818202642e-06,7.505190489542526e-06,7.505190489542526e-06,1.15464469069885e-05,1.15464469069885e-05,1.7763764472290002e-05,1.7763764472290002e-05,2.732886841890769e-05,5.660331406505981e-07,2.732886841890769e-05,4.204441295216568e-05,4.204441295216568e-05,6.468371223410105e-05,6.468371223410105e-05,9.951340343707852e-05,9.951340343707852e-05,9.951340343707852e-05,9.951340343707852e-05,8.708202163855354e-07,8.708202163855354e-07,1.3397234098239006e-06,1.3397234098239006e-06,2.0611129381906165e-06,2.0611129381906165e-06,3.1709429818317177e-06,4907,
,,,7,,,,,,,,,,,,,,,,,,,,,,,,,,,,,4909,0.0018192959250882268
,,,7,,,,,,,,,,,,,,,,,,,,,,,,,,,,,4919,0.0031892210245132446
,,,7,,,,,,,,,,,,,,,,,,,,,,,,,,,,,4929,0.12876386940479279
,,,7,,,,,,,,,,,,,,,,,,,,,,,,,,,,,4939,0.004941519815474749
,,,7,,,,,,,,,,,,,,,,,,,,,,,,,,,,,4949,0.006196700036525726
,,,7,,,,,,,,,,,,,,,,,,,,,,,,,,,,,4959,0.11233042180538177
,,,7,,,,,,,,,,,,,,,,,,,,,,,,,,,,,4969,0.07419997453689575
,,,7,,,,,,,,,,,,,,,,,,,,,,,,,,,,,4979,0.1870594173669815
,,,7,,,,,,,,,,,,,,,,,,,,,,,,,,,,,4989,0.05389779061079025
,,,7,,,,,,,,,,,,,,,,,,,,,,,,,,,,,4999,0.11599723249673843
,,,7,,,,,,,,,,,,,,,,,,,,,,,,,,,,,5009,0.004024049267172813
,,,7,,,,,,,,,,,,,,,,,,,,,,,,,,,,,5019,0.7219324111938477
,,,7,,,,,,,,,,,,,,,,,,,,,,,,,,,,,5029,0.6978965401649475
,,,7,,,,,,,,,,,,,,,,,,,,,,,,,,,,,5039,0.0052527147345244884
,,,7,,,,,,,,,,,,,,,,,,,,,,,,,,,,,5049,0.009208246134221554
,,,7,,,,,,,,,,,,,,,,,,,,,,,,,,,,,5059,0.1958623230457306
,,,7,,,,,,,,,,,,,,,,,,,,,,,,,,,,,5069,0.003221946768462658
,,,7,,,,,,,,,,,,,,,,,,,,,,,,,,,,,5079,0.23619075119495392
,,,7,,,,,,,,,,,,,,,,,,,,,,,,,,,,,5089,0.014144857414066792
,,,7,,,,,,,,,,,,,,,,,,,,,,,,,,,,,5099,0.007806794252246618
,,,7,,,,,,,,,,,,,,,,,,,,,,,,,,,,,5109,0.0164243895560503
,,,7,,,,,,,,,,,,,,,,,,,,,,,,,,,,,5119,0.10729775577783585
,,,7,,,,,,,,,,,,,,,,,,,,,,,,,,,,,5129,0.004936607088893652
,,,7,,,,,,,,,,,,,,,,,,,,,,,,,,,,,5139,0.1165749579668045
,,,7,,,,,,,,,,,,,,,,,,,,,,,,,,,,,5149,0.010671383701264858
,,,7,,,,,,,,,,,,,,,,,,,,,,,,,,,,,5159,0.24317048490047455
,,,7,,,,,,,,,,,,,,,,,,,,,,,,,,,,,5169,0.01518446858972311
,,,7,,,,,,,,,,,,,,,,,,,,,,,,,,,,,5179,0.004532915074378252
,,,7,,,,,,,,,,,,,,,,,,,,,,,,,,,,,5189,0.03973356634378433
,,,7,,,,,,,,,,,,,,,,,,,,,,,,,,,,,5199,0.006813045125454664
,,,7,,,,,,,,,,,,,,,,,,,,,,,,,,,,,5209,0.07850633561611176
,,,7,,,,,,,,,,,,,,,,,,,,,,,,,,,,,5219,0.009286456741392612
,,,7,,,,,,,,,,,,,,,,,,,,,,,,,,,,,5229,0.20869798958301544
,,,7,,,,,,,,,,,,,,,,,,,,,,,,,,,,,5239,0.5724374055862427
,,,7,,,,,,,,,,,,,,,,,,,,,,,,,,,,,5249,0.021861815825104713
,,,7,,,,,,,,,,,,,,,,,,,,,,,,,,,,,5259,0.27666404843330383
,,,7,,,,,,,,,,,,,,,,,,,,,,,,,,,,,5269,0.5031705498695374
,,,7,,,,,,,,,,,,,,,,,,,,,,,,,,,,,5279,0.01267500314861536
,,,7,,,,,,,,,,,,,,,,,,,,,,,,,,,,,5289,0.24109476804733276
,,,7,,,,,,,,,,,,,,,,,,,,,,,,,,,,,5299,0.0802820473909378
,,,7,,,,,,,,,,,,,,,,,,,,,,,,,,,,,5309,0.4273463189601898
,,,7,,,,,,,,,,,,,,,,,,,,,,,,,,,,,5319,0.011584946885704994
,,,7,,,,,,,,,,,,,,,,,,,,,,,,,,,,,5329,0.0787557065486908
,,,7,,,,,,,,,,,,,,,,,,,,,,,,,,,,,5339,0.0363689586520195
,,,7,,,,,,,,,,,,,,,,,,,,,,,,,,,,,5349,0.01196026336401701
,,,7,,,,,,,,,,,,,,,,,,,,,,,,,,,,,5359,0.24490195512771606
,,,7,,,,,,,,,,,,,,,,,,,,,,,,,,,,,5369,0.3262547254562378
,,,7,,,,,,,,,,,,,,,,,,,,,,,,,,,,,5379,0.00959005020558834
,,,7,,,,,,,,,,,,,,,,,,,,,,,,,,,,,5389,0.017531387507915497
,,,7,,,,,,,,,,,,,,,,,,,,,,,,,,,,,5399,0.00548746669664979
,,,7,,,,,,,,,,,,,,,,,,,,,,,,,,,,,5409,0.6968410015106201
,,,7,,,,,,,,,,,,,,,,,,,,,,,,,,,,,5419,1.5002394914627075
,,,7,,,,,,,,,,,,,,,,,,,,,,,,,,,,,5429,0.18957188725471497
,,,7,,,,,,,,,,,,,,,,,,,,,,,,,,,,,5439,0.006622267421334982
,,,7,,,,,,,,,,,,,,,,,,,,,,,,,,,,,5449,0.03752060607075691
,,,7,,,,,,,,,,,,,,,,,,,,,,,,,,,,,5459,0.03182182088494301
,,,7,,,,,,,,,,,,,,,,,,,,,,,,,,,,,5469,0.5054954886436462
,,,7,,,,,,,,,,,,,,,,,,,,,,,,,,,,,5479,0.00662405276671052
,,,7,,,,,,,,,,,,,,,,,,,,,,,,,,,,,5489,0.02766512706875801
,,,7,,,,,,,,,,,,,,,,,,,,,,,,,,,,,5499,1.7191625833511353
,,,7,,,,,,,,,,,,,,,,,,,,,,,,,,,,,5509,0.015270547941327095
,,,7,,,,,,,,,,,,,,,,,,,,,,,,,,,,,5519,0.014244839549064636
,,,7,,,,,,,,,,,,,,,,,,,,,,,,,,,,,5529,0.032378263771533966
,,,7,,,,,,,,,,,,,,,,,,,,,,,,,,,,,5539,0.21295911073684692
,,,7,,,,,,,,,,,,,,,,,,,,,,,,,,,,,5549,0.021923275664448738
,,,7,,,,,,,,,,,,,,,,,,,,,,,,,,,,,5559,0.012586145661771297
,,,7,,,,,,,,,,,,,,,,,,,,,,,,,,,,,5569,0.019290348514914513
,,,7,,,,,,,,,,,,,,,,,,,,,,,,,,,,,5579,0.011167516000568867
,,,7,,,,,,,,,,,,,,,,,,,,,,,,,,,,,5589,0.09997197240591049
,,,7,,,,,,,,,,,,,,,,,,,,,,,,,,,,,5599,0.06963638216257095
,,,,5.625860740567357e-07,3.1516323605293127e-06,4.8486651700450955e-06,4.8486651700450955e-06,7.459484876992455e-06,7.459484876992455e-06,1.1476130579988391e-05,1.1476130579988391e-05,1.765558550767445e-05,1.765558550767445e-05,2.7162439242576073e-05,5.625860740567357e-07,2.7162439242576073e-05,4.178836806550165e-05,4.178836806550165e-05,6.428979702384869e-05,6.428979702384869e-05,9.890738003669029e-05,9.890738003669029e-05,9.890738003669029e-05,9.890738003669029e-05,8.655170370103625e-07,8.655170370103625e-07,1.3315646723236346e-06,1.3315646723236346e-06,2.048561034344053e-06,2.048561034344053e-06,3.1516323605293127e-06,5608,
,,,8,,,,,,,,,,,,,,,,,,,,,,,,,,,,,5609,0.008353888988494873
,,,8,,,,,,,,,,,,,,,,,,,,,,,,,,,,,5619,0.08242683112621307
,,,8,,,,,,,,,,,,,,,,,,,,,,,,,,,,,5629,1.866178035736084
,,,8,,,,,,,,,,,,,,,,,,,,,,,,,,,,,5639,0.029702002182602882
,,,8,,,,,,,,,,,,,,,,,,,,,,,,,,,,,5649,0.17821992933750153
,,,8,,,,,,,,,,,,,,,,,,,,,,,,,,,,,5659,0.17894165217876434
,,,8,,,,,,,,,,,,,,,,,,,,,,,,,,,,,5669,0.4576927721500397
,,,8,,,,,,,,,,,,,,,,,,,,,,,,,,,,,5679,0.008975516073405743
,,,8,,,,,,,,,,,,,,,,,,,,,,,,,,,,,5689,0.008640285581350327
,,,8,,,,,,,,,,,,,,,,,,,,,,,,,,,,,5699,0.06330103427171707
,,,8,,,,,,,,,,,,,,,,,,,,,,,,,,,,,5709,0.06631797552108765
,,,8,,,,,,,,,,,,,,,,,,,,,,,,,,,,,5719,0.03900595009326935
,,,8,,,,,,,,,,,,,,,,,,,,,,,,,,,,,5729,0.370400071144104
,,,8,,,,,,,,,,,,,,,,,,,,,,,,,,,,,5739,0.0026867787819355726
,,,8,,,,,,,,,,,,,,,,,,,,,,,,,,,,,5749,1.4198392629623413
,,,8,,,,,,,,,,,,,,,,,,,,,,,,,,,,,5759,0.005282535217702389
,,,8,,,,,,,,,,,,,,,,,,,,,,,,,,,,,5769,0.00865023210644722
,,,8,,,,,,,,,,,,,,,,,,,,,,,,,,,,,5779,0.0030590922106057405
,,,8,,,,,,,,,,,,,,,,,,,,,,,,,,,,,5789,0.4826101064682007
,,,8,,,,,,,,,,,,,,,,,,,,,,,,,,,,,5799,0.0025176331400871277
,,,8,,,,,,,,,,,,,,,,,,,,,,,,,,,,,5809,0.008314426057040691
,,,8,,,,,,,,,,,,,,,,,,,,,,,,,,,,,5819,0.011370440945029259
,,,8,,,,,,,,,,,,,,,,,,,,,,,,,,,,,5829,0.06702661514282227
,,,8,,,,,,,,,,,,,,,,,,,,,,,,,,,,,5839,0.06661283224821091
,,,8,,,,,,,,,,,,,,,,,,,,,,,,,,,,,5849,0.2596616744995117
,,,8,,,,,,,,,,,,,,,,,,,,,,,,,,,,,5859,0.004166814032942057
,,,8,,,,,,,,,,,,,,,,,,,,,,,,,,,,,5869,0.06231239438056946
,,,8,,,,,,,,,,,,,,,,,,,,,,,,,,,,,5879,0.008172553963959217
,,,8,,,,,,,,,,,,,,,,,,,,,,,,,,,,,5889,0.023395556956529617
,,,8,,,,,,,,,,,,,,,,,,,,,,,,,,,,,5899,0.016397954896092415
,,,8,,,,,,,,,,,,,,,,,,,,,,,,,,,,,5909,0.0038378117606043816
,,,8,,,,,,,,,,,,,,,,,,,,,,,,,,,,,5919,0.2645183503627777
,,,8,,,,,,,,,,,,,,,,,,,,,,,,,,,,,5929,0.33984512090682983
,,,8,,,,,,,,,,,,,,,,,,,,,,,,,,,,,5939,0.10367172211408615
,,,8,,,,,,,,,,,,,,,,,,,,,,,,,,,,,5949,0.10774349421262741
,,,8,,,,,,,,,,,,,,,,,,,,,,,,,,,,,5959,0.0025238238740712404
,,,8,,,,,,,,,,,,,,,,,,,,,,,,,,,,,5969,0.02687857858836651
,,,8,,,,,,,,,,,,,,,,,,,,,,,,,,,,,5979,0.05211316794157028
,,,8,,,,,,,,,,,,,,,,,,,,,,,,,,,,,5989,0.009215673431754112
,,,8,,,,,,,,,,,,,,,,,,,,,,,,,,,,,5999,0.06317057460546494
,,,8,,,,,,,,,,,,,,,,,,,,,,,,,,,,,6009,0.07397953420877457
,,,8,,,,,,,,,,,,,,,,,,,,,,,,,,,,,6019,0.02740643359720707
,,,8,,,,,,,,,,,,,,,,,,,,,,,,,,,,,6029,0.0013119832146912813
,,,8,,,,,,,,,,,,,,,,,,,,,,,,,,,,,6039,0.17607393860816956
,,,8,,,,,,,,,,,,,,,,,,,,,,,,,,,,,6049,0.017819907516241074
,,,8,,,,,,,,,,,,,,,,,,,,,,,,,,,,,6059,0.054486386477947235
,,,8,,,,,,,,,,,,,,,,,,,,,,,,,,,,,6069,0.7411141991615295
,,,8,,,,,,,,,,,,,,,,,,,,,,,,,,,,,6079,0.14524394273757935
,,,8,,,,,,,,,,,,,,,,,,,,,,,,,,,,,6089,0.016686582937836647
,,,8,,,,,,,,,,,,,,,,,,,,,,,,,,,,,6099,0.027419790625572205
,,,8,,,,,,,,,,,,,,,,,,,,,,,,,,,,,6109,0.0026928989682346582
,,,8,,,,,,,,,,,,,,,,,,,,,,,,,,,,,6119,0.3088504672050476
,,,8,,,,,,,,,,,,,,,,,,,,,,,,,,,,,6129,0.2297675907611847
,,,8,,,,,,,,,,,,,,,,,,,,,,,,,,,,,6139,0.0028699233662337065
,,,8,,,,,,,,,,,,,,,,,,,,,,,,,,,,,6149,0.009400992654263973
,,,8,,,,,,,,,,,,,,,,,,,,,,,,,,,,,6159,0.039140697568655014
,,,8,,,,,,,,,,,,,,,,,,,,,,,,,,,,,6169,0.2165936529636383
,,,8,,,,,,,,,,,,,,,,,,,,,,,,,,,,,6179,0.05308287590742111
,,,8,,,,,,,,,,,,,,,,,,,,,,,,,,,,,6189,0.027548542246222496
,,,8,,,,,,,,,,,,,,,,,,,,,,,,,,,,,6199,1.0802607536315918
,,,8,,,,,,,,,,,,,,,,,,,,,,,,,,,,,6209,0.03740569204092026
,,,8,,,,,,,,,,,,,,,,,,,,,,,,,,,,,6219,0.16623517870903015
,,,8,,,,,,,,,,,,,,,,,,,,,,,,,,,,,6229,0.004782667849212885
,,,8,,,,,,,,,,,,,,,,,,,,,,,,,,,,,6239,0.3105596601963043
,,,8,,,,,,,,,,,,,,,,,,,,,,,,,,,,,6249,0.13626323640346527
,,,8,,,,,,,,,,,,,,,,,,,,,,,,,,,,,6259,0.009704742580652237
,,,8,,,,,,,,,,,,,,,,,,,,,,,,,,,,,6269,0.0962991863489151
,,,8,,,,,,,,,,,,,,,,,,,,,,,,,,,,,6279,0.02763885259628296
,,,8,,,,,,,,,,,,,,,,,,,,,,,,,,,,,6289,0.01779870316386223
,,,8,,,,,,,,,,,,,,,,,,,,,,,,,,,,,6299,0.026809683069586754
,,,,5.577837150809623e-07,3.1247293306590787e-06,4.807275893321659e-06,4.807275893321659e-06,7.395809066648706e-06,7.395809066648706e-06,1.1378167794844163e-05,1.1378167794844163e-05,1.750487353052948e-05,1.750487353052948e-05,2.6930574662353044e-05,5.577837150809623e-07,2.6930574662353044e-05,4.143165332669699e-05,4.143165332669699e-05,6.374100511799537e-05,6.374100511799537e-05,9.806308479691595e-05,9.806308479691595e-05,9.806308479691595e-05,9.806308479691595e-05,8.581287924322494e-07,8.581287924322494e-07,1.3201981422034608e-06,1.3201981422034608e-06,2.031074064928401e-06,2.031074064928401e-06,3.1247293306590787e-06,6309,
,,,9,,,,,,,,,,,,,,,,,,,,,,,,,,,,,6309,0.0038912114687263966
,,,9,,,,,,,,,,,,,,,,,,,,,,,,,,,,,6319,0.03054872155189514
,,,9,,,,,,,,,,,,,,,,,,,,,,,,,,,,,6329,0.4424615204334259
,,,9,,,,,,,,,,,,,,,,,,,,,,,,,,,,,6339,0.011317461729049683
,,,9,,,,,,,,,,,,,,,,,,,,,,,,,,,,,6349,0.04642624780535698
,,,9,,,,,,,,,,,,,,,,,,,,,,,,,,,,,6359,0.011341641657054424
,,,9,,,,,,,,,,,,,,,,,,,,,,,,,,,,,6369,0.006732024252414703
,,,9,,,,,,,,,,,,,,,,,,,,,,,,,,,,,6379,1.2109973430633545
,,,9,,,,,,,,,,,,,,,,,,,,,,,,,,,,,6389,0.022128349170088768
,,,9,,,,,,,,,,,,,,,,,,,,,,,,,,,,,6399,0.0014466192806139588
,,,9,,,,,,,,,,,,,,,,,,,,,,,,,,,,,6409,0.01577664539217949
,,,9,,,,,,,,,,,,,,,,,,,,,,,,,,,,,6419,0.025002751499414444
,,,9,,,,,,,,,,,,,,,,,,,,,,,,,,,,,6429,0.0024291877634823322
,,,9,,,,,,,,,,,,,,,,,,,,,,,,,,,,,6439,0.015180306509137154
,,,9,,,,,,,,,,,,,,,,,,,,,,,,,,,,,6449,0.014736027456820011
,,,9,,,,,,,,,,,,,,,,,,,,,,,,,,,,,6459,0.042880117893218994
,,,9,,,,,,,,,,,,,,,,,,,,,,,,,,,,,6469,0.014355868101119995
,,,9,,,,,,,,,,,,,,,,,,,,,,,,,,,,,6479,0.06168733164668083
,,,9,,,,,,,,,,,,,,,,,,,,,,,,,,,,,6489,0.40494075417518616
,,,9,,,,,,,,,,,,,,,,,,,,,,,,,,,,,6499,0.045942243188619614
,,,9,,,,,,,,,,,,,,,,,,,,,,,,,,,,,6509,0.0014708606759086251
,,,9,,,,,,,,,,,,,,,,,,,,,,,,,,,,,6519,0.19677671790122986
,,,9,,,,,,,,,,,,,,,,,,,,,,,,,,,,,6529,0.006804484874010086
,,,9,,,,,,,,,,,,,,,,,,,,,,,,,,,,,6539,0.18944396078586578
,,,9,,,,,,,,,,,,,,,,,,,,,,,,,,,,,6549,0.289704293012619
,,,9,,,,,,,,,,,,,,,,,,,,,,,,,,,,,6559,0.1927134096622467
,,,9,,,,,,,,,,,,,,,,,,,,,,,,,,,,,6569,0.08562523871660233
,,,9,,,,,,,,,,,,,,,,,,,,,,,,,,,,,6579,0.10212302207946777
,,,9,,,,,,,,,,,,,,,,,,,,,,,,,,,,,6589,0.4062083661556244
,,,9,,,,,,,,,,,,,,,,,,,,,,,,,,,,,6599,0.05188506841659546
,,,9,,,,,,,,,,,,,,,,,,,,,,,,,,,,,6609,0.04334915801882744
,,,9,,,,,,,,,,,,,,,,,,,,,,,,,,,,,6619,0.08226398378610611
,,,9,,,,,,,,,,,,,,,,,,,,,,,,,,,,,6629,0.16354791820049286
,,,9,,,,,,,,,,,,,,,,,,,,,,,,,,,,,6639,0.01851302944123745
,,,9,,,,,,,,,,,,,,,,,,,,,,,,,,,,,6649,0.05261173099279404
,,,9,,,,,,,,,,,,,,,,,,,,,,,,,,,,,6659,0.03339425101876259
,,,9,,,,,,,,,,,,,,,,,,,,,,,,,,,,,6669,0.00910494290292263
,,,9,,,,,,,,,,,,,,,,,,,,,,,,,,,,,6679,0.07987868040800095
,,,9,,,,,,,,,,,,,,,,,,,,,,,,,,,,,6689,0.004947145469486713
,,,9,,,,,,,,,,,,,,,,,,,,,,,,,,,,,6699,0.004455242305994034
,,,9,,,,,,,,,,,,,,,,,,,,,,,,,,,,,6709,0.08704366534948349
,,,9,,,,,,,,,,,,,,,,,,,,,,,,,,,,,6719,0.2882315218448639
,,,9,,,,,,,,,,,,,,,,,,,,,,,,,,,,,6729,0.0020994304213672876
,,,9,,,,,,,,,,,,,,,,,,,,,,,,,,,,,6739,0.00580255314707756
,,,9,,,,,,,,,,,,,,,,,,,,,,,,,,,,,6749,0.039802100509405136
,,,9,,,,,,,,,,,,,,,,,,,,,,,,,,,,,6759,0.0840880274772644
,,,9,,,,,,,,,,,,,,,,,,,,,,,,,,,,,6769,0.04026845470070839
,,,9,,,,,,,,,,,,,,,,,,,,,,,,,,,,,6779,0.005130460951477289
,,,9,,,,,,,,,,,,,,,,,,,,,,,,,,,,,6789,0.2398819625377655
,,,9,,,,,,,,,,,,,,,,,,,,,,,,,,,,,6799,0.007549936883151531
,,,9,,,,,,,,,,,,,,,,,,,,,,,,,,,,,6809,0.024997305124998093
,,,9,,,,,,,,,,,,,,,,,,,,,,,,,,,,,6819,0.007038157433271408
,,,9,,,,,,,,,,,,,,,,,,,,,,,,,,,,,6829,0.6138137578964233
,,,9,,,,,,,,,,,,,,,,,,,,,,,,,,,,,6839,0.059477467089891434
,,,9,,,,,,,,,,,,,,,,,,,,,,,,,,,,,6849,0.010614004917442799
,,,9,,,,,,,,,,,,,,,,,,,,,,,,,,,,,6859,0.03564516082406044
,,,9,,,,,,,,,,,,,,,,,,,,,,,,,,,,,6869,0.22723181545734406
,,,9,,,,,,,,,,,,,,,,,,,,,,,,,,,,,6879,0.056009020656347275
,,,9,,,,,,,,,,,,,,,,,,,,,,,,,,,,,6889,0.4129120707511902
,,,9,,,,,,,,,,,,,,,,,,,,,,,,,,,,,6899,0.17015495896339417
,,,9,,,,,,,,,,,,,,,,,,,,,,,,,,,,,6909,0.006627151742577553
,,,9,,,,,,,,,,,,,,,,,,,,,,,,,,,,,6919,1.3925857543945312
,,,9,,,,,,,,,,,,,,,,,,,,,,,,,,,,,6929,0.04578385129570961
,,,9,,,,,,,,,,,,,,,,,,,,,,,,,,,,,6939,0.012061091139912605
,,,9,,,,,,,,,,,,,,,,,,,,,,,,,,,,,6949,0.0032656160183250904
,,,9,,,,,,,,,,,,,,,,,,,,,,,,,,,,,6959,0.5845232009887695
,,,9,,,,,,,,,,,,,,,,,,,,,,,,,,,,,6969,0.9127896428108215
,,,9,,,,,,,,,,,,,,,,,,,,,,,,,,,,,6979,0.10757975280284882
,,,9,,,,,,,,,,,,,,,,,,,,,,,,,,,,,6989,0.02468978427350521
,,,9,,,,,,,,,,,,,,,,,,,,,,,,,,,,,6999,0.03209000453352928
,,,9,,,,,,,,,,,,,,,,,,,,,,,,,,,,,7009,0.09313178062438965
0.8693181872367859,0.8515769839286804,0.8878143429756165,9,,,,,,,,,,,,,,,,,,,,,,,,,,,,,7009,
,,,,5.516494603334762e-07,3.0903649610782603e-06,4.7544076324280925e-06,4.7544076324280925e-06,7.314473280658603e-06,7.314473280658603e-06,1.125303581639785e-05,1.125303581639785e-05,1.7312362794458232e-05,1.7312362794458232e-05,2.663440429916651e-05,5.516494603334762e-07,2.663440429916651e-05,4.097600661410232e-05,4.097600661410232e-05,6.304001017554203e-05,6.304001017554203e-05,9.698463103929542e-05,9.698463103929542e-05,9.698463103929542e-05,9.698463103929542e-05,8.486914774361172e-07,8.486914774361172e-07,1.3056791960555651e-06,1.3056791960555651e-06,2.0087372247008692e-06,2.0087372247008692e-06,3.0903649610782603e-06,7010,
,,,10,,,,,,,,,,,,,,,,,,,,,,,,,,,,,7019,0.009490243159234524
,,,10,,,,,,,,,,,,,,,,,,,,,,,,,,,,,7029,0.009613413363695145
,,,10,,,,,,,,,,,,,,,,,,,,,,,,,,,,,7039,1.1653907299041748
,,,10,,,,,,,,,,,,,,,,,,,,,,,,,,,,,7049,0.0041252560913562775
,,,10,,,,,,,,,,,,,,,,,,,,,,,,,,,,,7059,0.00618414580821991
,,,10,,,,,,,,,,,,,,,,,,,,,,,,,,,,,7069,0.07243621349334717
,,,10,,,,,,,,,,,,,,,,,,,,,,,,,,,,,7079,0.001937382505275309
,,,10,,,,,,,,,,,,,,,,,,,,,,,,,,,,,7089,0.002470585284754634
,,,10,,,,,,,,,,,,,,,,,,,,,,,,,,,,,7099,0.018600650131702423
,,,10,,,,,,,,,,,,,,,,,,,,,,,,,,,,,7109,0.007632909808307886
,,,10,,,,,,,,,,,,,,,,,,,,,,,,,,,,,7119,1.2862428426742554
,,,10,,,,,,,,,,,,,,,,,,,,,,,,,,,,,7129,0.004217356443405151
,,,10,,,,,,,,,,,,,,,,,,,,,,,,,,,,,7139,0.011279430240392685
,,,10,,,,,,,,,,,,,,,,,,,,,,,,,,,,,7149,0.003918246831744909
,,,10,,,,,,,,,,,,,,,,,,,,,,,,,,,,,7159,0.04271038621664047
,,,10,,,,,,,,,,,,,,,,,,,,,,,,,,,,,7169,0.019276859238743782
,,,10,,,,,,,,,,,,,,,,,,,,,,,,,,,,,7179,0.19604408740997314
,,,10,,,,,,,,,,,,,,,,,,,,,,,,,,,,,7189,0.1445964276790619
,,,10,,,,,,,,,,,,,,,,,,,,,,,,,,,,,7199,0.04453618824481964
,,,10,,,,,,,,,,,,,,,,,,,,,,,,,,,,,7209,1.0864975452423096
,,,10,,,,,,,,,,,,,,,,,,,,,,,,,,,,,7219,0.013475683517754078
,,,10,,,,,,,,,,,,,,,,,,,,,,,,,,,,,7229,0.07333745807409286
,,,10,,,,,,,,,,,,,,,,,,,,,,,,,,,,,7239,0.20099583268165588
,,,10,,,,,,,,,,,,,,,,,,,,,,,,,,,,,7249,0.007080147974193096
,,,10,,,,,,,,,,,,,,,,,,,,,,,,,,,,,7259,0.014747555367648602
,,,10,,,,,,,,,,,,,,,,,,,,,,,,,,,,,7269,0.02344105951488018
,,,10,,,,,,,,,,,,,,,,,,,,,,,,,,,,,7279,0.09470903128385544
,,,10,,,,,,,,,,,,,,,,,,,,,,,,,,,,,7289,0.0027007474564015865
,,,10,,,,,,,,,,,,,,,,,,,,,,,,,,,,,7299,0.015157097950577736
,,,10,,,,,,,,,,,,,,,,,,,,,,,,,,,,,7309,0.0017307978123426437
,,,10,,,,,,,,,,,,,,,,,,,,,,,,,,,,,7319,0.0017961919074878097
,,,10,,,,,,,,,,,,,,,,,,,,,,,,,,,,,7329,0.048092957586050034
,,,10,,,,,,,,,,,,,,,,,,,,,,,,,,,,,7339,0.012612909078598022
,,,10,,,,,,,,,,,,,,,,,,,,,,,,,,,,,7349,0.6342797875404358
,,,10,,,,,,,,,,,,,,,,,,,,,,,,,,,,,7359,0.024613160640001297
,,,10,,,,,,,,,,,,,,,,,,,,,,,,,,,,,7369,0.0036137953866273165
,,,10,,,,,,,,,,,,,,,,,,,,,,,,,,,,,7379,0.004181495867669582
,,,10,,,,,,,,,,,,,,,,,,,,,,,,,,,,,7389,0.004226108081638813
,,,10,,,,,,,,,,,,,,,,,,,,,,,,,,,,,7399,0.003184213535860181
,,,10,,,,,,,,,,,,,,,,,,,,,,,,,,,,,7409,0.007908554747700691
,,,10,,,,,,,,,,,,,,,,,,,,,,,,,,,,,7419,0.014832235872745514
,,,10,,,,,,,,,,,,,,,,,,,,,,,,,,,,,7429,0.005053190980106592
,,,10,,,,,,,,,,,,,,,,,,,,,,,,,,,,,7439,0.006372540257871151
,,,10,,,,,,,,,,,,,,,,,,,,,,,,,,,,,7449,6.021215438842773
,,,10,,,,,,,,,,,,,,,,,,,,,,,,,,,,,7459,0.03413759171962738
,,,10,,,,,,,,,,,,,,,,,,,,,,,,,,,,,7469,0.4407944083213806
,,,10,,,,,,,,,,,,,,,,,,,,,,,,,,,,,7479,0.002228747121989727
,,,10,,,,,,,,,,,,,,,,,,,,,,,,,,,,,7489,0.7062039971351624
,,,10,,,,,,,,,,,,,,,,,,,,,,,,,,,,,7499,0.04658513516187668
,,,10,,,,,,,,,,,,,,,,,,,,,,,,,,,,,7509,0.028165088966488838
,,,10,,,,,,,,,,,,,,,,,,,,,,,,,,,,,7519,0.008881852962076664
,,,10,,,,,,,,,,,,,,,,,,,,,,,,,,,,,7529,0.06861039996147156
,,,10,,,,,,,,,,,,,,,,,,,,,,,,,,,,,7539,0.008211233653128147
,,,10,,,,,,,,,,,,,,,,,,,,,,,,,,,,,7549,0.3907851278781891
,,,10,,,,,,,,,,,,,,,,,,,,,,,,,,,,,7559,0.05683610960841179
,,,10,,,,,,,,,,,,,,,,,,,,,,,,,,,,,7569,0.21842648088932037
,,,10,,,,,,,,,,,,,,,,,,,,,,,,,,,,,7579,0.033108677715063095
,,,10,,,,,,,,,,,,,,,,,,,,,,,,,,,,,7589,0.005250457674264908
,,,10,,,,,,,,,,,,,,,,,,,,,,,,,,,,,7599,0.2885775566101074
,,,10,,,,,,,,,,,,,,,,,,,,,,,,,,,,,7609,0.027962595224380493
,,,10,,,,,,,,,,,,,,,,,,,,,,,,,,,,,7619,0.017991486936807632
,,,10,,,,,,,,,,,,,,,,,,,,,,,,,,,,,7629,0.014285411685705185
,,,10,,,,,,,,,,,,,,,,,,,,,,,,,,,,,7639,0.004856011364609003
,,,10,,,,,,,,,,,,,,,,,,,,,,,,,,,,,7649,0.003528543980792165
,,,10,,,,,,,,,,,,,,,,,,,,,,,,,,,,,7659,0.09902443736791611
,,,10,,,,,,,,,,,,,,,,,,,,,,,,,,,,,7669,0.018265284597873688
,,,10,,,,,,,,,,,,,,,,,,,,,,,,,,,,,7679,1.5741082429885864
,,,10,,,,,,,,,,,,,,,,,,,,,,,,,,,,,7689,0.03297962620854378
,,,10,,,,,,,,,,,,,,,,,,,,,,,,,,,,,7699,0.056647513061761856
,,,10,,,,,,,,,,,,,,,,,,,,,,,,,,,,,7709,0.21475456655025482
,,,,5.442131952867944e-07,3.0487066715411608e-06,4.69031795621717e-06,4.69031795621717e-06,7.215873778795645e-06,7.215873778795645e-06,1.1101344275070223e-05,1.1101344275070223e-05,1.7078991192415727e-05,1.7078991192415727e-05,2.6275371065254964e-05,5.442131952867944e-07,2.6275371065254964e-05,4.042364779269994e-05,4.042364779269994e-05,6.219022737338454e-05,6.219022737338454e-05,9.567727288213005e-05,9.567727288213005e-05,9.567727288213005e-05,9.567727288213005e-05,8.372510696719912e-07,8.372510696719912e-07,1.2880785687261406e-06,1.2880785687261406e-06,1.9816593365017543e-06,1.9816593365017543e-06,3.0487066715411608e-06,7711,
,,,11,,,,,,,,,,,,,,,,,,,,,,,,,,,,,7719,0.019292565062642097
,,,11,,,,,,,,,,,,,,,,,,,,,,,,,,,,,7729,0.1547703742980957
,,,11,,,,,,,,,,,,,,,,,,,,,,,,,,,,,7739,0.32619035243988037
,,,11,,,,,,,,,,,,,,,,,,,,,,,,,,,,,7749,0.5645154118537903
,,,11,,,,,,,,,,,,,,,,,,,,,,,,,,,,,7759,0.004495593253523111
,,,11,,,,,,,,,,,,,,,,,,,,,,,,,,,,,7769,0.009912136010825634
,,,11,,,,,,,,,,,,,,,,,,,,,,,,,,,,,7779,0.009649123065173626
,,,11,,,,,,,,,,,,,,,,,,,,,,,,,,,,,7789,0.00795607641339302
,,,11,,,,,,,,,,,,,,,,,,,,,,,,,,,,,7799,0.06444219499826431
,,,11,,,,,,,,,,,,,,,,,,,,,,,,,,,,,7809,0.12785208225250244
,,,11,,,,,,,,,,,,,,,,,,,,,,,,,,,,,7819,0.017896775156259537
,,,11,,,,,,,,,,,,,,,,,,,,,,,,,,,,,7829,0.35196876525878906
,,,11,,,,,,,,,,,,,,,,,,,,,,,,,,,,,7839,0.0817110538482666
,,,11,,,,,,,,,,,,,,,,,,,,,,,,,,,,,7849,0.0034123279619961977
,,,11,,,,,,,,,,,,,,,,,,,,,,,,,,,,,7859,0.0024013135116547346
,,,11,,,,,,,,,,,,,,,,,,,,,,,,,,,,,7869,0.004691268317401409
,,,11,,,,,,,,,,,,,,,,,,,,,,,,,,,,,7879,0.0075732022523880005
,,,11,,,,,,,,,,,,,,,,,,,,,,,,,,,,,7889,0.004547968972474337
,,,11,,,,,,,,,,,,,,,,,,,,,,,,,,,,,7899,0.014787082560360432
,,,11,,,,,,,,,,,,,,,,,,,,,,,,,,,,,7909,0.420153945684433
,,,11,,,,,,,,,,,,,,,,,,,,,,,,,,,,,7919,0.01190811488777399
,,,11,,,,,,,,,,,,,,,,,,,,,,,,,,,,,7929,0.0020793331786990166
,,,11,,,,,,,,,,,,,,,,,,,,,,,,,,,,,7939,0.2720705270767212
,,,11,,,,,,,,,,,,,,,,,,,,,,,,,,,,,7949,0.04013005644083023
,,,11,,,,,,,,,,,,,,,,,,,,,,,,,,,,,7959,0.02104761451482773
,,,11,,,,,,,,,,,,,,,,,,,,,,,,,,,,,7969,0.006097608245909214
,,,11,,,,,,,,,,,,,,,,,,,,,,,,,,,,,7979,0.13171891868114471
,,,11,,,,,,,,,,,,,,,,,,,,,,,,,,,,,7989,0.0033907273318618536
,,,11,,,,,,,,,,,,,,,,,,,,,,,,,,,,,7999,0.42005956172943115
,,,11,,,,,,,,,,,,,,,,,,,,,,,,,,,,,8009,0.509484052658081
,,,11,,,,,,,,,,,,,,,,,,,,,,,,,,,,,8019,0.01919461600482464
,,,11,,,,,,,,,,,,,,,,,,,,,,,,,,,,,8029,0.3352167010307312
,,,11,,,,,,,,,,,,,,,,,,,,,,,,,,,,,8039,0.04224865138530731
,,,11,,,,,,,,,,,,,,,,,,,,,,,,,,,,,8049,0.005223742686212063
,,,11,,,,,,,,,,,,,,,,,,,,,,,,,,,,,8059,0.512739896774292
,,,11,,,,,,,,,,,,,,,,,,,,,,,,,,,,,8069,0.044790491461753845
,,,11,,,,,,,,,,,,,,,,,,,,,,,,,,,,,8079,0.0042211739346385
,,,11,,,,,,,,,,,,,,,,,,,,,,,,,,,,,8089,0.004330023191869259
,,,11,,,,,,,,,,,,,,,,,,,,,,,,,,,,,8099,0.02753365784883499
,,,11,,,,,,,,,,,,,,,,,,,,,,,,,,,,,8109,0.007021864410489798
,,,11,,,,,,,,,,,,,,,,,,,,,,,,,,,,,8119,0.0034764271695166826
,,,11,,,,,,,,,,,,,,,,,,,,,,,,,,,,,8129,0.5005009174346924
,,,11,,,,,,,,,,,,,,,,,,,,,,,,,,,,,8139,0.014238112606108189
,,,11,,,,,,,,,,,,,,,,,,,,,,,,,,,,,8149,0.0068526798859238625
,,,11,,,,,,,,,,,,,,,,,,,,,,,,,,,,,8159,0.0014199094148352742
,,,11,,,,,,,,,,,,,,,,,,,,,,,,,,,,,8169,0.003399625886231661
,,,11,,,,,,,,,,,,,,,,,,,,,,,,,,,,,8179,0.05766012519598007
,,,11,,,,,,,,,,,,,,,,,,,,,,,,,,,,,8189,0.0016122398665174842
,,,11,,,,,,,,,,,,,,,,,,,,,,,,,,,,,8199,0.8201935291290283
,,,11,,,,,,,,,,,,,,,,,,,,,,,,,,,,,8209,0.005588206462562084
,,,11,,,,,,,,,,,,,,,,,,,,,,,,,,,,,8219,0.022039873525500298
,,,11,,,,,,,,,,,,,,,,,,,,,,,,,,,,,8229,0.054747991263866425
,,,11,,,,,,,,,,,,,,,,,,,,,,,,,,,,,8239,0.0587756484746933
,,,11,,,,,,,,,,,,,,,,,,,,,,,,,,,,,8249,0.014088746160268784
,,,11,,,,,,,,,,,,,,,,,,,,,,,,,,,,,8259,0.4301290512084961
,,,11,,,,,,,,,,,,,,,,,,,,,,,,,,,,,8269,0.008676613681018353
,,,11,,,,,,,,,,,,,,,,,,,,,,,,,,,,,8279,0.0012764851562678814
,,,11,,,,,,,,,,,,,,,,,,,,,,,,,,,,,8289,0.006543043535202742
,,,11,,,,,,,,,,,,,,,,,,,,,,,,,,,,,8299,0.003756936639547348
,,,11,,,,,,,,,,,,,,,,,,,,,,,,,,,,,8309,0.1779707819223404
,,,11,,,,,,,,,,,,,,,,,,,,,,,,,,,,,8319,0.007992547005414963
,,,11,,,,,,,,,,,,,,,,,,,,,,,,,,,,,8329,0.02484428510069847
,,,11,,,,,,,,,,,,,,,,,,,,,,,,,,,,,8339,0.008632004261016846
,,,11,,,,,,,,,,,,,,,,,,,,,,,,,,,,,8349,0.0042389025911688805
,,,11,,,,,,,,,,,,,,,,,,,,,,,,,,,,,8359,0.49882492423057556
,,,11,,,,,,,,,,,,,,,,,,,,,,,,,,,,,8369,0.012136301025748253
,,,11,,,,,,,,,,,,,,,,,,,,,,,,,,,,,8379,0.31517449021339417
,,,11,,,,,,,,,,,,,,,,,,,,,,,,,,,,,8389,0.003178731072694063
,,,11,,,,,,,,,,,,,,,,,,,,,,,,,,,,,8399,0.009073000401258469
,,,11,,,,,,,,,,,,,,,,,,,,,,,,,,,,,8409,0.009071219712495804
,,,,5.355111486767334e-07,2.999957417046929e-06,4.615319103149121e-06,4.615319103149121e-06,7.100490927921724e-06,7.100490927921724e-06,1.0923832196802652e-05,1.0923832196802652e-05,1.6805895687388695e-05,1.6805895687388695e-05,2.5855224134444144e-05,5.355111486767334e-07,2.5855224134444144e-05,3.977726789914484e-05,3.977726789914484e-05,6.119579676791514e-05,6.119579676791514e-05,9.414737964294636e-05,9.414737964294636e-05,9.414737964294636e-05,9.414737964294636e-05,8.238633056565128e-07,8.238633056565128e-07,1.2674820087023274e-06,1.2674820087023274e-06,1.9499723210805035e-06,1.9499723210805035e-06,2.999957417046929e-06,8412,
,,,12,,,,,,,,,,,,,,,,,,,,,,,,,,,,,8419,0.006621857173740864
,,,12,,,,,,,,,,,,,,,,,,,,,,,,,,,,,8429,0.13960601389408112
,,,12,,,,,,,,,,,,,,,,,,,,,,,,,,,,,8439,0.015081383287906647
,,,12,,,,,,,,,,,,,,,,,,,,,,,,,,,,,8449,0.006473050452768803
,,,12,,,,,,,,,,,,,,,,,,,,,,,,,,,,,8459,0.026075372472405434
,,,12,,,,,,,,,,,,,,,,,,,,,,,,,,,,,8469,0.7991474866867065
,,,12,,,,,,,,,,,,,,,,,,,,,,,,,,,,,8479,0.0019372812239453197
,,,12,,,,,,,,,,,,,,,,,,,,,,,,,,,,,8489,0.008419889025390148
,,,12,,,,,,,,,,,,,,,,,,,,,,,,,,,,,8499,0.08293011039495468
,,,12,,,,,,,,,,,,,,,,,,,,,,,,,,,,,8509,0.007884964346885681
,,,12,,,,,,,,,,,,,,,,,,,,,,,,,,,,,8519,0.015967803075909615
,,,12,,,,,,,,,,,,,,,,,,,,,,,,,,,,,8529,0.029243644326925278
,,,12,,,,,,,,,,,,,,,,,,,,,,,,,,,,,8539,0.011615042574703693
,,,12,,,,,,,,,,,,,,,,,,,,,,,,,,,,,8549,0.2737801969051361
,,,12,,,,,,,,,,,,,,,,,,,,,,,,,,,,,8559,0.07521829009056091
,,,12,,,,,,,,,,,,,,,,,,,,,,,,,,,,,8569,0.01542074978351593
,,,12,,,,,,,,,,,,,,,,,,,,,,,,,,,,,8579,0.0031452758703380823
,,,12,,,,,,,,,,,,,,,,,,,,,,,,,,,,,8589,0.8407068252563477
,,,12,,,,,,,,,,,,,,,,,,,,,,,,,,,,,8599,0.001964274561032653
,,,12,,,,,,,,,,,,,,,,,,,,,,,,,,,,,8609,0.024266444146633148
,,,12,,,,,,,,,,,,,,,,,,,,,,,,,,,,,8619,0.010260100476443768
,,,12,,,,,,,,,,,,,,,,,,,,,,,,,,,,,8629,0.0045226807706058025
,,,12,,,,,,,,,,,,,,,,,,,,,,,,,,,,,8639,0.8391649723052979
,,,12,,,,,,,,,,,,,,,,,,,,,,,,,,,,,8649,0.006040254142135382
,,,12,,,,,,,,,,,,,,,,,,,,,,,,,,,,,8659,0.025451336055994034
,,,12,,,,,,,,,,,,,,,,,,,,,,,,,,,,,8669,0.0222797691822052
,,,12,,,,,,,,,,,,,,,,,,,,,,,,,,,,,8679,0.00991141889244318
,,,12,,,,,,,,,,,,,,,,,,,,,,,,,,,,,8689,0.015518702566623688
,,,12,,,,,,,,,,,,,,,,,,,,,,,,,,,,,8699,0.005119119770824909
,,,12,,,,,,,,,,,,,,,,,,,,,,,,,,,,,8709,0.003161293687298894
,,,12,,,,,,,,,,,,,,,,,,,,,,,,,,,,,8719,0.0229579359292984
,,,12,,,,,,,,,,,,,,,,,,,,,,,,,,,,,8729,0.0013795712729915977
,,,12,,,,,,,,,,,,,,,,,,,,,,,,,,,,,8739,0.21937930583953857
,,,12,,,,,,,,,,,,,,,,,,,,,,,,,,,,,8749,0.006150079891085625
,,,12,,,,,,,,,,,,,,,,,,,,,,,,,,,,,8759,0.01058991253376007
,,,12,,,,,,,,,,,,,,,,,,,,,,,,,,,,,8769,0.004781840834766626
,,,12,,,,,,,,,,,,,,,,,,,,,,,,,,,,,8779,0.004584016278386116
,,,12,,,,,,,,,,,,,,,,,,,,,,,,,,,,,8789,0.001401658752001822
,,,12,,,,,,,,,,,,,,,,,,,,,,,,,,,,,8799,0.017622336745262146
,,,12,,,,,,,,,,,,,,,,,,,,,,,,,,,,,8809,0.00563725596293807
,,,12,,,,,,,,,,,,,,,,,,,,,,,,,,,,,8819,0.012116357684135437
,,,12,,,,,,,,,,,,,,,,,,,,,,,,,,,,,8829,0.008988428860902786
,,,12,,,,,,,,,,,,,,,,,,,,,,,,,,,,,8839,0.019253257662057877
,,,12,,,,,,,,,,,,,,,,,,,,,,,,,,,,,8849,0.41532719135284424
,,,12,,,,,,,,,,,,,,,,,,,,,,,,,,,,,8859,0.07110903412103653
,,,12,,,,,,,,,,,,,,,,,,,,,,,,,,,,,8869,0.025537095963954926
,,,12,,,,,,,,,,,,,,,,,,,,,,,,,,,,,8879,0.012031588703393936
,,,12,,,,,,,,,,,,,,,,,,,,,,,,,,,,,8889,0.05276281759142876
,,,12,,,,,,,,,,,,,,,,,,,,,,,,,,,,,8899,0.004961458500474691
,,,12,,,,,,,,,,,,,,,,,,,,,,,,,,,,,8909,0.1789458990097046
,,,12,,,,,,,,,,,,,,,,,,,,,,,,,,,,,8919,0.007334038149565458
,,,12,,,,,,,,,,,,,,,,,,,,,,,,,,,,,8929,0.20412741601467133
,,,12,,,,,,,,,,,,,,,,,,,,,,,,,,,,,8939,0.007177720777690411
,,,12,,,,,,,,,,,,,,,,,,,,,,,,,,,,,8949,0.11044874042272568
,,,12,,,,,,,,,,,,,,,,,,,,,,,,,,,,,8959,0.0025097490288317204
,,,12,,,,,,,,,,,,,,,,,,,,,,,,,,,,,8969,0.006771148648113012
,,,12,,,,,,,,,,,,,,,,,,,,,,,,,,,,,8979,0.09554822742938995
,,,12,,,,,,,,,,,,,,,,,,,,,,,,,,,,,8989,0.0014106202870607376
,,,12,,,,,,,,,,,,,,,,,,,,,,,,,,,,,8999,0.12623488903045654
,,,12,,,,,,,,,,,,,,,,,,,,,,,,,,,,,9009,0.01825031079351902
,,,12,,,,,,,,,,,,,,,,,,,,,,,,,,,,,9019,0.007094097323715687
,,,12,,,,,,,,,,,,,,,,,,,,,,,,,,,,,9029,0.004632757045328617
,,,12,,,,,,,,,,,,,,,,,,,,,,,,,,,,,9039,0.27088820934295654
,,,12,,,,,,,,,,,,,,,,,,,,,,,,,,,,,9049,0.00393948657438159
,,,12,,,,,,,,,,,,,,,,,,,,,,,,,,,,,9059,0.061052970588207245
,,,12,,,,,,,,,,,,,,,,,,,,,,,,,,,,,9069,0.0014845074620097876
,,,12,,,,,,,,,,,,,,,,,,,,,,,,,,,,,9079,0.003478429978713393
,,,12,,,,,,,,,,,,,,,,,,,,,,,,,,,,,9089,0.004483032505959272
,,,12,,,,,,,,,,,,,,,,,,,,,,,,,,,,,9099,0.3356403708457947
,,,12,,,,,,,,,,,,,,,,,,,,,,,,,,,,,9109,0.5900776982307434
,,,,5.255857159996507e-07,2.9443546990632016e-06,4.529776460097233e-06,4.529776460097233e-06,6.96888686168805e-06,6.96888686168805e-06,1.0721364402597e-05,1.0721364402597e-05,1.649440677322615e-05,1.649440677322615e-05,2.5376010420347926e-05,5.255857159996507e-07,2.5376010420347926e-05,3.90400160313045e-05,3.90400160313045e-05,6.006156312508385e-05,6.006156312508385e-05,9.24024048078213e-05,9.24024048078213e-05,9.24024048078213e-05,9.24024048078213e-05,8.085934092302317e-07,8.085934092302317e-07,1.2439898603542026e-06,1.2439898603542026e-06,1.913830554391081e-06,1.913830554391081e-06,2.9443546990632016e-06,9113,
,,,13,,,,,,,,,,,,,,,,,,,,,,,,,,,,,9119,0.004937935620546341
,,,13,,,,,,,,,,,,,,,,,,,,,,,,,,,,,9129,0.2891339063644409
,,,13,,,,,,,,,,,,,,,,,,,,,,,,,,,,,9139,0.004814201965928078
,,,13,,,,,,,,,,,,,,,,,,,,,,,,,,,,,9149,0.0017676707357168198
,,,13,,,,,,,,,,,,,,,,,,,,,,,,,,,,,9159,0.09616022557020187
,,,13,,,,,,,,,,,,,,,,,,,,,,,,,,,,,9169,0.032440267503261566
,,,13,,,,,,,,,,,,,,,,,,,,,,,,,,,,,9179,0.014459993690252304
,,,13,,,,,,,,,,,,,,,,,,,,,,,,,,,,,9189,0.06102559715509415
,,,13,,,,,,,,,,,,,,,,,,,,,,,,,,,,,9199,0.006304158363491297
,,,13,,,,,,,,,,,,,,,,,,,,,,,,,,,,,9209,0.00581861799582839
,,,13,,,,,,,,,,,,,,,,,,,,,,,,,,,,,9219,0.055320389568805695
,,,13,,,,,,,,,,,,,,,,,,,,,,,,,,,,,9229,0.01154233980923891
,,,13,,,,,,,,,,,,,,,,,,,,,,,,,,,,,9239,0.006001070141792297
,,,13,,,,,,,,,,,,,,,,,,,,,,,,,,,,,9249,0.07792269438505173
,,,13,,,,,,,,,,,,,,,,,,,,,,,,,,,,,9259,0.007412964943796396
,,,13,,,,,,,,,,,,,,,,,,,,,,,,,,,,,9269,0.008082309737801552
,,,13,,,,,,,,,,,,,,,,,,,,,,,,,,,,,9279,0.007986422628164291
,,,13,,,,,,,,,,,,,,,,,,,,,,,,,,,,,9289,0.006619988474994898
,,,13,,,,,,,,,,,,,,,,,,,,,,,,,,,,,9299,0.003159588435664773
,,,13,,,,,,,,,,,,,,,,,,,,,,,,,,,,,9309,0.0024798233062028885
,,,13,,,,,,,,,,,,,,,,,,,,,,,,,,,,,9319,0.007738261017948389
,,,13,,,,,,,,,,,,,,,,,,,,,,,,,,,,,9329,1.0041438341140747
,,,13,,,,,,,,,,,,,,,,,,,,,,,,,,,,,9339,0.001364226103760302
,,,13,,,,,,,,,,,,,,,,,,,,,,,,,,,,,9349,0.003175974590703845
,,,13,,,,,,,,,,,,,,,,,,,,,,,,,,,,,9359,0.0058916532434523106
,,,13,,,,,,,,,,,,,,,,,,,,,,,,,,,,,9369,0.002720506861805916
,,,13,,,,,,,,,,,,,,,,,,,,,,,,,,,,,9379,0.48578768968582153
,,,13,,,,,,,,,,,,,,,,,,,,,,,,,,,,,9389,0.009859644807875156
,,,13,,,,,,,,,,,,,,,,,,,,,,,,,,,,,9399,0.112220399081707
,,,13,,,,,,,,,,,,,,,,,,,,,,,,,,,,,9409,0.03911202400922775
,,,13,,,,,,,,,,,,,,,,,,,,,,,,,,,,,9419,0.13065829873085022
,,,13,,,,,,,,,,,,,,,,,,,,,,,,,,,,,9429,0.003038319991901517
,,,13,,,,,,,,,,,,,,,,,,,,,,,,,,,,,9439,0.012093431316316128
,,,13,,,,,,,,,,,,,,,,,,,,,,,,,,,,,9449,0.0034321004059165716
,,,13,,,,,,,,,,,,,,,,,,,,,,,,,,,,,9459,0.005830368958413601
,,,13,,,,,,,,,,,,,,,,,,,,,,,,,,,,,9469,0.0043170559220016
,,,13,,,,,,,,,,,,,,,,,,,,,,,,,,,,,9479,0.12659607827663422
,,,13,,,,,,,,,,,,,,,,,,,,,,,,,,,,,9489,0.004183588083833456
,,,13,,,,,,,,,,,,,,,,,,,,,,,,,,,,,9499,0.02910778857767582
,,,13,,,,,,,,,,,,,,,,,,,,,,,,,,,,,9509,0.004536726977676153
,,,13,,,,,,,,,,,,,,,,,,,,,,,,,,,,,9519,0.0031579341739416122
,,,13,,,,,,,,,,,,,,,,,,,,,,,,,,,,,9529,0.011917714029550552
,,,13,,,,,,,,,,,,,,,,,,,,,,,,,,,,,9539,0.05285227671265602
,,,13,,,,,,,,,,,,,,,,,,,,,,,,,,,,,9549,0.030191220343112946
,,,13,,,,,,,,,,,,,,,,,,,,,,,,,,,,,9559,0.004264497198164463
,,,13,,,,,,,,,,,,,,,,,,,,,,,,,,,,,9569,0.008363678120076656
,,,13,,,,,,,,,,,,,,,,,,,,,,,,,,,,,9579,0.00599405262619257
,,,13,,,,,,,,,,,,,,,,,,,,,,,,,,,,,9589,0.12213806807994843
,,,13,,,,,,,,,,,,,,,,,,,,,,,,,,,,,9599,0.0019995453767478466
,,,13,,,,,,,,,,,,,,,,,,,,,,,,,,,,,9609,0.004375138320028782
,,,13,,,,,,,,,,,,,,,,,,,,,,,,,,,,,9619,0.0029550325125455856
,,,13,,,,,,,,,,,,,,,,,,,,,,,,,,,,,9629,0.0053371405228972435
,,,13,,,,,,,,,,,,,,,,,,,,,,,,,,,,,9639,0.019778860732913017
,,,13,,,,,,,,,,,,,,,,,,,,,,,,,,,,,9649,0.0020103687420487404
,,,13,,,,,,,,,,,,,,,,,,,,,,,,,,,,,9659,0.004373027011752129
,,,13,,,,,,,,,,,,,,,,,,,,,,,,,,,,,9669,0.9282959699630737
,,,13,,,,,,,,,,,,,,,,,,,,,,,,,,,,,9679,0.0020832205191254616
,,,13,,,,,,,,,,,,,,,,,,,,,,,,,,,,,9689,0.14299878478050232
,,,13,,,,,,,,,,,,,,,,,,,,,,,,,,,,,9699,0.014810402877628803
,,,13,,,,,,,,,,,,,,,,,,,,,,,,,,,,,9709,0.0051290495321154594
,,,13,,,,,,,,,,,,,,,,,,,,,,,,,,,,,9719,0.0023592496290802956
,,,13,,,,,,,,,,,,,,,,,,,,,,,,,,,,,9729,0.002263356000185013
,,,13,,,,,,,,,,,,,,,,,,,,,,,,,,,,,9739,0.17949585616588593
,,,13,,,,,,,,,,,,,,,,,,,,,,,,,,,,,9749,0.08812540024518967
,,,13,,,,,,,,,,,,,,,,,,,,,,,,,,,,,9759,0.0029319990426301956
,,,13,,,,,,,,,,,,,,,,,,,,,,,,,,,,,9769,0.004552850965410471
,,,13,,,,,,,,,,,,,,,,,,,,,,,,,,,,,9779,0.008203507401049137
,,,13,,,,,,,,,,,,,,,,,,,,,,,,,,,,,9789,0.14779077470302582
,,,13,,,,,,,,,,,,,,,,,,,,,,,,,,,,,9799,0.001437641098164022
,,,13,,,,,,,,,,,,,,,,,,,,,,,,,,,,,9809,0.004413149785250425
,,,,5.144852529658481e-07,2.882169408442831e-06,4.43410678221974e-06,4.43410678221974e-06,6.8217027418765215e-06,6.8217027418765215e-06,1.0494927295194649e-05,1.0494927295194649e-05,1.614604199260715e-05,1.614604199260715e-05,2.4840064604011e-05,5.144852529658481e-07,2.4840064604011e-05,3.821548400617077e-05,3.821548400617077e-05,5.87930523171858e-05,5.87930523171858e-05,9.045084971874738e-05,9.045084971874738e-05,9.045084971874738e-05,9.045084971874738e-05,7.915157737936124e-07,7.915157737936124e-07,1.2177165750670961e-06,1.2177165750670961e-06,1.87341011548784e-06,1.87341011548784e-06,2.882169408442831e-06,9814,
,,,14,,,,,,,,,,,,,,,,,,,,,,,,,,,,,9819,0.027971254661679268
,,,14,,,,,,,,,,,,,,,,,,,,,,,,,,,,,9829,0.03149132803082466
,,,14,,,,,,,,,,,,,,,,,,,,,,,,,,,,,9839,0.0022998875938355923
,,,14,,,,,,,,,,,,,,,,,,,,,,,,,,,,,9849,0.008004790171980858
,,,14,,,,,,,,,,,,,,,,,,,,,,,,,,,,,9859,0.06455738842487335
,,,14,,,,,,,,,,,,,,,,,,,,,,,,,,,,,9869,0.0030453570652753115
,,,14,,,,,,,,,,,,,,,,,,,,,,,,,,,,,9879,0.0020759855397045612
,,,14,,,,,,,,,,,,,,,,,,,,,,,,,,,,,9889,0.0019254179205745459
,,,14,,,,,,,,,,,,,,,,,,,,,,,,,,,,,9899,0.0027443766593933105
,,,14,,,,,,,,,,,,,,,,,,,,,,,,,,,,,9909,0.0030581734608858824
,,,14,,,,,,,,,,,,,,,,,,,,,,,,,,,,,9919,0.029375292360782623
,,,14,,,,,,,,,,,,,,,,,,,,,,,,,,,,,9929,0.004411051049828529
,,,14,,,,,,,,,,,,,,,,,,,,,,,,,,,,,9939,0.001798309967853129
,,,14,,,,,,,,,,,,,,,,,,,,,,,,,,,,,9949,0.008553557097911835
,,,14,,,,,,,,,,,,,,,,,,,,,,,,,,,,,9959,0.0038584598805755377
,,,14,,,,,,,,,,,,,,,,,,,,,,,,,,,,,9969,0.006421652156859636
,,,14,,,,,,,,,,,,,,,,,,,,,,,,,,,,,9979,0.09441778063774109
,,,14,,,,,,,,,,,,,,,,,,,,,,,,,,,,,9989,0.13480669260025024
,,,14,,,,,,,,,,,,,,,,,,,,,,,,,,,,,9999,0.006608529947698116
,,,14,,,,,,,,,,,,,,,,,,,,,,,,,,,,,10009,0.0036236271262168884
,,,14,,,,,,,,,,,,,,,,,,,,,,,,,,,,,10019,0.0026759880129247904
,,,14,,,,,,,,,,,,,,,,,,,,,,,,,,,,,10029,0.0020975451916456223
,,,14,,,,,,,,,,,,,,,,,,,,,,,,,,,,,10039,0.002067506778985262
,,,14,,,,,,,,,,,,,,,,,,,,,,,,,,,,,10049,0.01636926643550396
,,,14,,,,,,,,,,,,,,,,,,,,,,,,,,,,,10059,0.03010207787156105
,,,14,,,,,,,,,,,,,,,,,,,,,,,,,,,,,10069,0.003832415910437703
,,,14,,,,,,,,,,,,,,,,,,,,,,,,,,,,,10079,0.7398806810379028
,,,14,,,,,,,,,,,,,,,,,,,,,,,,,,,,,10089,0.001569282845593989
,,,14,,,,,,,,,,,,,,,,,,,,,,,,,,,,,10099,0.0019208325538784266
,,,14,,,,,,,,,,,,,,,,,,,,,,,,,,,,,10109,0.347275972366333
,,,14,,,,,,,,,,,,,,,,,,,,,,,,,,,,,10119,0.25296077132225037
,,,14,,,,,,,,,,,,,,,,,,,,,,,,,,,,,10129,0.07077724486589432
,,,14,,,,,,,,,,,,,,,,,,,,,,,,,,,,,10139,0.04799715057015419
,,,14,,,,,,,,,,,,,,,,,,,,,,,,,,,,,10149,0.022682107985019684
,,,14,,,,,,,,,,,,,,,,,,,,,,,,,,,,,10159,0.005721600726246834
,,,14,,,,,,,,,,,,,,,,,,,,,,,,,,,,,10169,0.0026221652515232563
,,,14,,,,,,,,,,,,,,,,,,,,,,,,,,,,,10179,0.006251629441976547
,,,14,,,,,,,,,,,,,,,,,,,,,,,,,,,,,10189,0.04829544201493263
,,,14,,,,,,,,,,,,,,,,,,,,,,,,,,,,,10199,0.0040353513322770596
,,,14,,,,,,,,,,,,,,,,,,,,,,,,,,,,,10209,0.0026453237514942884
,,,14,,,,,,,,,,,,,,,,,,,,,,,,,,,,,10219,0.024151993915438652
,,,14,,,,,,,,,,,,,,,,,,,,,,,,,,,,,10229,0.1036776676774025
,,,14,,,,,,,,,,,,,,,,,,,,,,,,,,,,,10239,0.001984240720048547
,,,14,,,,,,,,,,,,,,,,,,,,,,,,,,,,,10249,0.03176281601190567
,,,14,,,,,,,,,,,,,,,,,,,,,,,,,,,,,10259,0.08769876509904861
,,,14,,,,,,,,,,,,,,,,,,,,,,,,,,,,,10269,0.006486589554697275
,,,14,,,,,,,,,,,,,,,,,,,,,,,,,,,,,10279,0.004986156709492207
,,,14,,,,,,,,,,,,,,,,,,,,,,,,,,,,,10289,0.12028678506612778
,,,14,,,,,,,,,,,,,,,,,,,,,,,,,,,,,10299,0.020100750029087067
,,,14,,,,,,,,,,,,,,,,,,,,,,,,,,,,,10309,0.005952386185526848
,,,14,,,,,,,,,,,,,,,,,,,,,,,,,,,,,10319,0.1723661571741104
,,,14,,,,,,,,,,,,,,,,,,,,,,,,,,,,,10329,0.8191536664962769
,,,14,,,,,,,,,,,,,,,,,,,,,,,,,,,,,10339,0.002957044169306755
,,,14,,,,,,,,,,,,,,,,,,,,,,,,,,,,,10349,0.12112072855234146
,,,14,,,,,,,,,,,,,,,,,,,,,,,,,,,,,10359,0.005886512342840433
,,,14,,,,,,,,,,,,,,,,,,,,,,,,,,,,,10369,0.020376108586788177
,,,14,,,,,,,,,,,,,,,,,,,,,,,,,,,,,10379,0.003101595211774111
,,,14,,,,,,,,,,,,,,,,,,,,,,,,,,,,,10389,0.013201319612562656
,,,14,,,,,,,,,,,,,,,,,,,,,,,,,,,,,10399,0.0027682590298354626
,,,14,,,,,,,,,,,,,,,,,,,,,,,,,,,,,10409,0.3367297351360321
,,,14,,,,,,,,,,,,,,,,,,,,,,,,,,,,,10419,0.01768522523343563
,,,14,,,,,,,,,,,,,,,,,,,,,,,,,,,,,10429,0.002637006575241685
,,,14,,,,,,,,,,,,,,,,,,,,,,,,,,,,,10439,0.12371793389320374
,,,14,,,,,,,,,,,,,,,,,,,,,,,,,,,,,10449,0.002148872707039118
,,,14,,,,,,,,,,,,,,,,,,,,,,,,,,,,,10459,0.008124894462525845
,,,14,,,,,,,,,,,,,,,,,,,,,,,,,,,,,10469,0.05917481333017349
,,,14,,,,,,,,,,,,,,,,,,,,,,,,,,,,,10479,0.003894028253853321
,,,14,,,,,,,,,,,,,,,,,,,,,,,,,,,,,10489,0.004510580096393824
,,,14,,,,,,,,,,,,,,,,,,,,,,,,,,,,,10499,0.0020133249927312136
,,,14,,,,,,,,,,,,,,,,,,,,,,,,,,,,,10509,0.04159795492887497
0.8797653913497925,0.8893280625343323,0.8704062104225159,14,,,,,,,,,,,,,,,,,,,,,,,,,,,,,10514,
,,,,5.022638399154116e-07,2.813704505670875e-06,4.328776162570576e-06,4.328776162570576e-06,6.659655634723963e-06,6.659655634723963e-06,1.0245624053421482e-05,1.0245624053421482e-05,1.5762498543725355e-05,1.5762498543725355e-05,2.4249997759577468e-05,5.022638399154116e-07,2.4249997759577468e-05,3.730768886088841e-05,3.730768886088841e-05,5.739644440136679e-05,5.739644440136679e-05,8.83022221559489e-05,8.83022221559489e-05,8.83022221559489e-05,8.83022221559489e-05,7.72713599869864e-07,7.72713599869864e-07,1.1887901536459447e-06,1.1887901536459447e-06,1.8289079286860687e-06,1.8289079286860687e-06,2.813704505670875e-06,10515,
,,,15,,,,,,,,,,,,,,,,,,,,,,,,,,,,,10519,0.0776624083518982
,,,15,,,,,,,,,,,,,,,,,,,,,,,,,,,,,10529,0.004034974612295628
,,,15,,,,,,,,,,,,,,,,,,,,,,,,,,,,,10539,0.008077772334218025
,,,15,,,,,,,,,,,,,,,,,,,,,,,,,,,,,10549,0.36199718713760376
,,,15,,,,,,,,,,,,,,,,,,,,,,,,,,,,,10559,0.0017754664877429605
,,,15,,,,,,,,,,,,,,,,,,,,,,,,,,,,,10569,0.18436665832996368
,,,15,,,,,,,,,,,,,,,,,,,,,,,,,,,,,10579,0.001503525534644723
,,,15,,,,,,,,,,,,,,,,,,,,,,,,,,,,,10589,0.003869045292958617
,,,15,,,,,,,,,,,,,,,,,,,,,,,,,,,,,10599,0.0029014411848038435
,,,15,,,,,,,,,,,,,,,,,,,,,,,,,,,,,10609,0.005688665900379419
,,,15,,,,,,,,,,,,,,,,,,,,,,,,,,,,,10619,0.009028961881995201
,,,15,,,,,,,,,,,,,,,,,,,,,,,,,,,,,10629,0.005616658367216587
,,,15,,,,,,,,,,,,,,,,,,,,,,,,,,,,,10639,0.001899756956845522
,,,15,,,,,,,,,,,,,,,,,,,,,,,,,,,,,10649,0.05964711681008339
,,,15,,,,,,,,,,,,,,,,,,,,,,,,,,,,,10659,0.0027864095754921436
,,,15,,,,,,,,,,,,,,,,,,,,,,,,,,,,,10669,0.17862634360790253
,,,15,,,,,,,,,,,,,,,,,,,,,,,,,,,,,10679,0.00326721859164536
,,,15,,,,,,,,,,,,,,,,,,,,,,,,,,,,,10689,0.1706494390964508
,,,15,,,,,,,,,,,,,,,,,,,,,,,,,,,,,10699,0.001615416374988854
,,,15,,,,,,,,,,,,,,,,,,,,,,,,,,,,,10709,0.02455108053982258
,,,15,,,,,,,,,,,,,,,,,,,,,,,,,,,,,10719,0.00555757200345397
,,,15,,,,,,,,,,,,,,,,,,,,,,,,,,,,,10729,0.0042168619111180305
,,,15,,,,,,,,,,,,,,,,,,,,,,,,,,,,,10739,0.000832626479677856
,,,15,,,,,,,,,,,,,,,,,,,,,,,,,,,,,10749,0.0025404859334230423
,,,15,,,,,,,,,,,,,,,,,,,,,,,,,,,,,10759,0.002076616743579507
,,,15,,,,,,,,,,,,,,,,,,,,,,,,,,,,,10769,0.06306421756744385
,,,15,,,,,,,,,,,,,,,,,,,,,,,,,,,,,10779,0.005696387961506844
,,,15,,,,,,,,,,,,,,,,,,,,,,,,,,,,,10789,0.42182493209838867
,,,15,,,,,,,,,,,,,,,,,,,,,,,,,,,,,10799,0.0032098330557346344
,,,15,,,,,,,,,,,,,,,,,,,,,,,,,,,,,10809,0.00139723252505064
,,,15,,,,,,,,,,,,,,,,,,,,,,,,,,,,,10819,0.05952433869242668
,,,15,,,,,,,,,,,,,,,,,,,,,,,,,,,,,10829,0.0017937684897333384
,,,15,,,,,,,,,,,,,,,,,,,,,,,,,,,,,10839,0.016588635742664337
,,,15,,,,,,,,,,,,,,,,,,,,,,,,,,,,,10849,0.005164379253983498
,,,15,,,,,,,,,,,,,,,,,,,,,,,,,,,,,10859,0.010721398517489433
,,,15,,,,,,,,,,,,,,,,,,,,,,,,,,,,,10869,0.2315705269575119
,,,15,,,,,,,,,,,,,,,,,,,,,,,,,,,,,10879,0.31147369742393494
,,,15,,,,,,,,,,,,,,,,,,,,,,,,,,,,,10889,0.045870743691921234
,,,15,,,,,,,,,,,,,,,,,,,,,,,,,,,,,10899,0.08657322824001312
,,,15,,,,,,,,,,,,,,,,,,,,,,,,,,,,,10909,0.017105847597122192
,,,15,,,,,,,,,,,,,,,,,,,,,,,,,,,,,10919,0.05909501016139984
,,,15,,,,,,,,,,,,,,,,,,,,,,,,,,,,,10929,0.002318560378625989
,,,15,,,,,,,,,,,,,,,,,,,,,,,,,,,,,10939,0.0507621131837368
,,,15,,,,,,,,,,,,,,,,,,,,,,,,,,,,,10949,0.004663498140871525
,,,15,,,,,,,,,,,,,,,,,,,,,,,,,,,,,10959,0.015782861039042473
,,,15,,,,,,,,,,,,,,,,,,,,,,,,,,,,,10969,0.00844093132764101
,,,15,,,,,,,,,,,,,,,,,,,,,,,,,,,,,10979,0.15172335505485535
,,,15,,,,,,,,,,,,,,,,,,,,,,,,,,,,,10989,0.0013077266048640013
,,,15,,,,,,,,,,,,,,,,,,,,,,,,,,,,,10999,0.1591854840517044
,,,15,,,,,,,,,,,,,,,,,,,,,,,,,,,,,11009,0.007588946260511875
,,,15,,,,,,,,,,,,,,,,,,,,,,,,,,,,,11019,0.010695038363337517
,,,15,,,,,,,,,,,,,,,,,,,,,,,,,,,,,11029,0.0031766099855303764
,,,15,,,,,,,,,,,,,,,,,,,,,,,,,,,,,11039,0.003199369180947542
,,,15,,,,,,,,,,,,,,,,,,,,,,,,,,,,,11049,0.2523166537284851
,,,15,,,,,,,,,,,,,,,,,,,,,,,,,,,,,11059,0.006604306399822235
,,,15,,,,,,,,,,,,,,,,,,,,,,,,,,,,,11069,0.07057277113199234
,,,15,,,,,,,,,,,,,,,,,,,,,,,,,,,,,11079,0.10880380123853683
,,,15,,,,,,,,,,,,,,,,,,,,,,,,,,,,,11089,0.9358668327331543
,,,15,,,,,,,,,,,,,,,,,,,,,,,,,,,,,11099,0.002856931881979108
,,,15,,,,,,,,,,,,,,,,,,,,,,,,,,,,,11109,0.007655289024114609
,,,15,,,,,,,,,,,,,,,,,,,,,,,,,,,,,11119,0.0034248726442456245
,,,15,,,,,,,,,,,,,,,,,,,,,,,,,,,,,11129,0.001061603194102645
,,,15,,,,,,,,,,,,,,,,,,,,,,,,,,,,,11139,0.014738536439836025
,,,15,,,,,,,,,,,,,,,,,,,,,,,,,,,,,11149,0.003963149152696133
,,,15,,,,,,,,,,,,,,,,,,,,,,,,,,,,,11159,0.002361414721235633
,,,15,,,,,,,,,,,,,,,,,,,,,,,,,,,,,11169,0.0064964997582137585
,,,15,,,,,,,,,,,,,,,,,,,,,,,,,,,,,11179,0.8214758038520813
,,,15,,,,,,,,,,,,,,,,,,,,,,,,,,,,,11189,0.006344674155116081
,,,15,,,,,,,,,,,,,,,,,,,,,,,,,,,,,11199,0.0037480853497982025
,,,15,,,,,,,,,,,,,,,,,,,,,,,,,,,,,11209,0.0030820355750620365
,,,,4.88981018344231e-07,2.739293544871571e-06,4.2142977613408785e-06,4.2142977613408785e-06,6.4835350174475046e-06,6.4835350174475046e-06,9.974669257611545e-06,9.974669257611545e-06,1.534564501171007e-05,1.534564501171007e-05,2.3608684633400107e-05,4.88981018344231e-07,2.3608684633400107e-05,3.6321053282154005e-05,3.6321053282154005e-05,5.587854351100617e-05,5.587854351100617e-05,8.596699001693255e-05,8.596699001693255e-05,8.596699001693255e-05,8.596699001693255e-05,7.522784897603552e-07,7.522784897603552e-07,1.1573515227082388e-06,1.1573515227082388e-06,1.7805408041665213e-06,1.7805408041665213e-06,2.739293544871571e-06,11216,
,,,16,,,,,,,,,,,,,,,,,,,,,,,,,,,,,11219,0.0049945153295993805
,,,16,,,,,,,,,,,,,,,,,,,,,,,,,,,,,11229,0.001611378276720643
,,,16,,,,,,,,,,,,,,,,,,,,,,,,,,,,,11239,0.0035606534220278263
,,,16,,,,,,,,,,,,,,,,,,,,,,,,,,,,,11249,0.7368931770324707
,,,16,,,,,,,,,,,,,,,,,,,,,,,,,,,,,11259,0.03634313493967056
,,,16,,,,,,,,,,,,,,,,,,,,,,,,,,,,,11269,0.6369561553001404
,,,16,,,,,,,,,,,,,,,,,,,,,,,,,,,,,11279,0.784285306930542
,,,16,,,,,,,,,,,,,,,,,,,,,,,,,,,,,11289,0.0012177858734503388
,,,16,,,,,,,,,,,,,,,,,,,,,,,,,,,,,11299,0.002984927035868168
,,,16,,,,,,,,,,,,,,,,,,,,,,,,,,,,,11309,0.00334427272900939
,,,16,,,,,,,,,,,,,,,,,,,,,,,,,,,,,11319,0.0033921878784894943
,,,16,,,,,,,,,,,,,,,,,,,,,,,,,,,,,11329,0.0033221235498785973
,,,16,,,,,,,,,,,,,,,,,,,,,,,,,,,,,11339,0.003855800721794367
,,,16,,,,,,,,,,,,,,,,,,,,,,,,,,,,,11349,1.0042535066604614
,,,16,,,,,,,,,,,,,,,,,,,,,,,,,,,,,11359,0.07243157178163528
,,,16,,,,,,,,,,,,,,,,,,,,,,,,,,,,,11369,0.0018751326715573668
,,,16,,,,,,,,,,,,,,,,,,,,,,,,,,,,,11379,0.0032216329127550125
,,,16,,,,,,,,,,,,,,,,,,,,,,,,,,,,,11389,0.0014503445709124207
,,,16,,,,,,,,,,,,,,,,,,,,,,,,,,,,,11399,0.002502978080883622
,,,16,,,,,,,,,,,,,,,,,,,,,,,,,,,,,11409,0.005526300054043531
,,,16,,,,,,,,,,,,,,,,,,,,,,,,,,,,,11419,0.5983893275260925
,,,16,,,,,,,,,,,,,,,,,,,,,,,,,,,,,11429,0.151990607380867
,,,16,,,,,,,,,,,,,,,,,,,,,,,,,,,,,11439,0.007854392752051353
,,,16,,,,,,,,,,,,,,,,,,,,,,,,,,,,,11449,0.004969886504113674
,,,16,,,,,,,,,,,,,,,,,,,,,,,,,,,,,11459,0.002412383444607258
,,,16,,,,,,,,,,,,,,,,,,,,,,,,,,,,,11469,0.0022669783793389797
,,,16,,,,,,,,,,,,,,,,,,,,,,,,,,,,,11479,0.16515657305717468
,,,16,,,,,,,,,,,,,,,,,,,,,,,,,,,,,11489,0.012694104574620724
,,,16,,,,,,,,,,,,,,,,,,,,,,,,,,,,,11499,0.007425505667924881
,,,16,,,,,,,,,,,,,,,,,,,,,,,,,,,,,11509,0.0072500864043831825
,,,16,,,,,,,,,,,,,,,,,,,,,,,,,,,,,11519,0.12204582989215851
,,,16,,,,,,,,,,,,,,,,,,,,,,,,,,,,,11529,0.004093103110790253
,,,16,,,,,,,,,,,,,,,,,,,,,,,,,,,,,11539,0.001428362913429737
,,,16,,,,,,,,,,,,,,,,,,,,,,,,,,,,,11549,0.0016097115585580468
,,,16,,,,,,,,,,,,,,,,,,,,,,,,,,,,,11559,0.0016175764612853527
,,,16,,,,,,,,,,,,,,,,,,,,,,,,,,,,,11569,0.017661893740296364
,,,16,,,,,,,,,,,,,,,,,,,,,,,,,,,,,11579,0.029228977859020233
,,,16,,,,,,,,,,,,,,,,,,,,,,,,,,,,,11589,0.028072211891412735
,,,16,,,,,,,,,,,,,,,,,,,,,,,,,,,,,11599,0.005975516512989998
,,,16,,,,,,,,,,,,,,,,,,,,,,,,,,,,,11609,0.0017764783697202802
,,,16,,,,,,,,,,,,,,,,,,,,,,,,,,,,,11619,0.1677369773387909
,,,16,,,,,,,,,,,,,,,,,,,,,,,,,,,,,11629,0.00250806612893939
,,,16,,,,,,,,,,,,,,,,,,,,,,,,,,,,,11639,0.003267773659899831
,,,16,,,,,,,,,,,,,,,,,,,,,,,,,,,,,11649,0.0017770505510270596
,,,16,,,,,,,,,,,,,,,,,,,,,,,,,,,,,11659,0.0029573196079581976
,,,16,,,,,,,,,,,,,,,,,,,,,,,,,,,,,11669,0.002688261680305004
,,,16,,,,,,,,,,,,,,,,,,,,,,,,,,,,,11679,0.12944859266281128
,,,16,,,,,,,,,,,,,,,,,,,,,,,,,,,,,11689,0.0036951331421732903
,,,16,,,,,,,,,,,,,,,,,,,,,,,,,,,,,11699,0.0014590006321668625
,,,16,,,,,,,,,,,,,,,,,,,,,,,,,,,,,11709,0.00834612362086773
,,,16,,,,,,,,,,,,,,,,,,,,,,,,,,,,,11719,0.00332708191126585
,,,16,,,,,,,,,,,,,,,,,,,,,,,,,,,,,11729,0.003132519545033574
,,,16,,,,,,,,,,,,,,,,,,,,,,,,,,,,,11739,0.01589088700711727
,,,16,,,,,,,,,,,,,,,,,,,,,,,,,,,,,11749,0.0020026755519211292
,,,16,,,,,,,,,,,,,,,,,,,,,,,,,,,,,11759,0.0027260282076895237
,,,16,,,,,,,,,,,,,,,,,,,,,,,,,,,,,11769,0.009349438361823559
,,,16,,,,,,,,,,,,,,,,,,,,,,,,,,,,,11779,0.0026886865962296724
,,,16,,,,,,,,,,,,,,,,,,,,,,,,,,,,,11789,0.7118279337882996
,,,16,,,,,,,,,,,,,,,,,,,,,,,,,,,,,11799,0.3113548159599304
,,,16,,,,,,,,,,,,,,,,,,,,,,,,,,,,,11809,0.1958438754081726
,,,16,,,,,,,,,,,,,,,,,,,,,,,,,,,,,11819,0.003985976800322533
,,,16,,,,,,,,,,,,,,,,,,,,,,,,,,,,,11829,0.0015045898035168648
,,,16,,,,,,,,,,,,,,,,,,,,,,,,,,,,,11839,0.30119991302490234
,,,16,,,,,,,,,,,,,,,,,,,,,,,,,,,,,11849,0.3252609372138977
,,,16,,,,,,,,,,,,,,,,,,,,,,,,,,,,,11859,0.09314563870429993
,,,16,,,,,,,,,,,,,,,,,,,,,,,,,,,,,11869,0.0024719983339309692
,,,16,,,,,,,,,,,,,,,,,,,,,,,,,,,,,11879,0.0015206985408440232
,,,16,,,,,,,,,,,,,,,,,,,,,,,,,,,,,11889,0.003461238229647279
,,,16,,,,,,,,,,,,,,,,,,,,,,,,,,,,,11899,0.05215725675225258
,,,16,,,,,,,,,,,,,,,,,,,,,,,,,,,,,11909,0.00222369865514338
,,,,4.747015008238162e-07,2.65929904876617e-06,4.091229305794108e-06,4.091229305794108e-06,6.294198931990935e-06,6.294198931990935e-06,9.683382972293745e-06,9.683382972293745e-06,1.48975122650673e-05,1.48975122650673e-05,2.2919249638565074e-05,4.747015008238162e-07,2.2919249638565074e-05,3.5260384059330885e-05,3.5260384059330885e-05,5.42467447066629e-05,5.42467447066629e-05,8.345653031794292e-05,8.345653031794292e-05,8.345653031794292e-05,8.345653031794292e-05,7.303100012674094e-07,7.303100012674094e-07,1.123553848103707e-06,1.123553848103707e-06,1.7285443816980106e-06,1.7285443816980106e-06,2.65929904876617e-06,11917,
,,,17,,,,,,,,,,,,,,,,,,,,,,,,,,,,,11919,0.07251955568790436
,,,17,,,,,,,,,,,,,,,,,,,,,,,,,,,,,11929,0.002523462986573577
,,,17,,,,,,,,,,,,,,,,,,,,,,,,,,,,,11939,0.0015714054461568594
,,,17,,,,,,,,,,,,,,,,,,,,,,,,,,,,,11949,0.001435656100511551
,,,17,,,,,,,,,,,,,,,,,,,,,,,,,,,,,11959,0.010386651381850243
,,,17,,,,,,,,,,,,,,,,,,,,,,,,,,,,,11969,0.003119439585134387
,,,17,,,,,,,,,,,,,,,,,,,,,,,,,,,,,11979,0.0017020953819155693
,,,17,,,,,,,,,,,,,,,,,,,,,,,,,,,,,11989,0.019629787653684616
,,,17,,,,,,,,,,,,,,,,,,,,,,,,,,,,,11999,0.20438408851623535
,,,17,,,,,,,,,,,,,,,,,,,,,,,,,,,,,12009,0.017010720446705818
,,,17,,,,,,,,,,,,,,,,,,,,,,,,,,,,,12019,0.002932327101007104
,,,17,,,,,,,,,,,,,,,,,,,,,,,,,,,,,12029,0.0014049216406419873
,,,17,,,,,,,,,,,,,,,,,,,,,,,,,,,,,12039,0.007638039533048868
,,,17,,,,,,,,,,,,,,,,,,,,,,,,,,,,,12049,0.0026642533484846354
,,,17,,,,,,,,,,,,,,,,,,,,,,,,,,,,,12059,0.003668866353109479
,,,17,,,,,,,,,,,,,,,,,,,,,,,,,,,,,12069,0.1120486781001091
,,,17,,,,,,,,,,,,,,,,,,,,,,,,,,,,,12079,0.010264101438224316
,,,17,,,,,,,,,,,,,,,,,,,,,,,,,,,,,12089,0.07955405861139297
,,,17,,,,,,,,,,,,,,,,,,,,,,,,,,,,,12099,0.10488386452198029
,,,17,,,,,,,,,,,,,,,,,,,,,,,,,,,,,12109,0.007682899944484234
,,,17,,,,,,,,,,,,,,,,,,,,,,,,,,,,,12119,0.00467323325574398
,,,17,,,,,,,,,,,,,,,,,,,,,,,,,,,,,12129,0.0016243028221651912
,,,17,,,,,,,,,,,,,,,,,,,,,,,,,,,,,12139,0.0006101679755374789
,,,17,,,,,,,,,,,,,,,,,,,,,,,,,,,,,12149,0.0015742507530376315
,,,17,,,,,,,,,,,,,,,,,,,,,,,,,,,,,12159,0.16592757403850555
,,,17,,,,,,,,,,,,,,,,,,,,,,,,,,,,,12169,0.0011021699756383896
,,,17,,,,,,,,,,,,,,,,,,,,,,,,,,,,,12179,1.3978530168533325
,,,17,,,,,,,,,,,,,,,,,,,,,,,,,,,,,12189,0.00214739004150033
,,,17,,,,,,,,,,,,,,,,,,,,,,,,,,,,,12199,0.0018278242787346244
,,,17,,,,,,,,,,,,,,,,,,,,,,,,,,,,,12209,0.002400181256234646
,,,17,,,,,,,,,,,,,,,,,,,,,,,,,,,,,12219,0.0030853692442178726
,,,17,,,,,,,,,,,,,,,,,,,,,,,,,,,,,12229,0.5791012048721313
,,,17,,,,,,,,,,,,,,,,,,,,,,,,,,,,,12239,0.030784370377659798
,,,17,,,,,,,,,,,,,,,,,,,,,,,,,,,,,12249,0.003844407619908452
,,,17,,,,,,,,,,,,,,,,,,,,,,,,,,,,,12259,0.017717260867357254
,,,17,,,,,,,,,,,,,,,,,,,,,,,,,,,,,12269,0.002841983688995242
,,,17,,,,,,,,,,,,,,,,,,,,,,,,,,,,,12279,0.015252328477799892
,,,17,,,,,,,,,,,,,,,,,,,,,,,,,,,,,12289,0.0362589992582798
,,,17,,,,,,,,,,,,,,,,,,,,,,,,,,,,,12299,0.0006717190844938159
,,,17,,,,,,,,,,,,,,,,,,,,,,,,,,,,,12309,0.05275730416178703
,,,17,,,,,,,,,,,,,,,,,,,,,,,,,,,,,12319,0.21013134717941284
,,,17,,,,,,,,,,,,,,,,,,,,,,,,,,,,,12329,0.007440156303346157
,,,17,,,,,,,,,,,,,,,,,,,,,,,,,,,,,12339,0.003617062931880355
,,,17,,,,,,,,,,,,,,,,,,,,,,,,,,,,,12349,0.0025907615199685097
,,,17,,,,,,,,,,,,,,,,,,,,,,,,,,,,,12359,0.0037257527001202106
,,,17,,,,,,,,,,,,,,,,,,,,,,,,,,,,,12369,0.01950196549296379
,,,17,,,,,,,,,,,,,,,,,,,,,,,,,,,,,12379,0.0025329669006168842
,,,17,,,,,,,,,,,,,,,,,,,,,,,,,,,,,12389,0.0037540558259934187
,,,17,,,,,,,,,,,,,,,,,,,,,,,,,,,,,12399,0.013562041334807873
,,,17,,,,,,,,,,,,,,,,,,,,,,,,,,,,,12409,0.06931788474321365
,,,17,,,,,,,,,,,,,,,,,,,,,,,,,,,,,12419,0.002743022283539176
,,,17,,,,,,,,,,,,,,,,,,,,,,,,,,,,,12429,0.0037898945156484842
,,,17,,,,,,,,,,,,,,,,,,,,,,,,,,,,,12439,0.0011292144190520048
,,,17,,,,,,,,,,,,,,,,,,,,,,,,,,,,,12449,0.009068349376320839
,,,17,,,,,,,,,,,,,,,,,,,,,,,,,,,,,12459,0.0014771397691220045
,,,17,,,,,,,,,,,,,,,,,,,,,,,,,,,,,12469,0.5361796021461487
,,,17,,,,,,,,,,,,,,,,,,,,,,,,,,,,,12479,0.1500973403453827
,,,17,,,,,,,,,,,,,,,,,,,,,,,,,,,,,12489,0.3710891008377075
,,,17,,,,,,,,,,,,,,,,,,,,,,,,,,,,,12499,0.01971178688108921
,,,17,,,,,,,,,,,,,,,,,,,,,,,,,,,,,12509,0.002314196666702628
,,,17,,,,,,,,,,,,,,,,,,,,,,,,,,,,,12519,0.0048200394958257675
,,,17,,,,,,,,,,,,,,,,,,,,,,,,,,,,,12529,0.026384063065052032
,,,17,,,,,,,,,,,,,,,,,,,,,,,,,,,,,12539,0.02484487183392048
,,,17,,,,,,,,,,,,,,,,,,,,,,,,,,,,,12549,0.0028128288686275482
,,,17,,,,,,,,,,,,,,,,,,,,,,,,,,,,,12559,0.009117216803133488
,,,17,,,,,,,,,,,,,,,,,,,,,,,,,,,,,12569,0.12048350274562836
,,,17,,,,,,,,,,,,,,,,,,,,,,,,,,,,,12579,0.004289106000214815
,,,17,,,,,,,,,,,,,,,,,,,,,,,,,,,,,12589,0.022702690213918686
,,,17,,,,,,,,,,,,,,,,,,,,,,,,,,,,,12599,0.011104735545814037
,,,17,,,,,,,,,,,,,,,,,,,,,,,,,,,,,12609,0.03877393156290054
,,,,4.5949485572815476e-07,2.5741107424986786e-06,3.960170373074889e-06,3.960170373074889e-06,6.092569804730599e-06,6.092569804730599e-06,9.373184314970152e-06,9.373184314970152e-06,1.4420283561492542e-05,1.4420283561492542e-05,2.2185051633065447e-05,4.5949485572815476e-07,2.2185051633065447e-05,3.4130848666254534e-05,3.4130848666254534e-05,5.2508997948083897e-05,5.2508997948083897e-05,8.07830737662829e-05,8.07830737662829e-05,8.07830737662829e-05,8.07830737662829e-05,7.069151626586995e-07,7.069151626586995e-07,1.0875617887056918e-06,1.0875617887056918e-06,1.673171982624141e-06,1.673171982624141e-06,2.5741107424986786e-06,12618,
,,,18,,,,,,,,,,,,,,,,,,,,,,,,,,,,,12619,0.0020792349241673946
,,,18,,,,,,,,,,,,,,,,,,,,,,,,,,,,,12629,0.10525606572628021
,,,18,,,,,,,,,,,,,,,,,,,,,,,,,,,,,12639,0.0011916403891518712
,,,18,,,,,,,,,,,,,,,,,,,,,,,,,,,,,12649,0.31926625967025757
,,,18,,,,,,,,,,,,,,,,,,,,,,,,,,,,,12659,0.0034406334161758423
,,,18,,,,,,,,,,,,,,,,,,,,,,,,,,,,,12669,0.007499081082642078
,,,18,,,,,,,,,,,,,,,,,,,,,,,,,,,,,12679,0.0034106567036360502
,,,18,,,,,,,,,,,,,,,,,,,,,,,,,,,,,12689,0.47986114025115967
,,,18,,,,,,,,,,,,,,,,,,,,,,,,,,,,,12699,0.021600954234600067
,,,18,,,,,,,,,,,,,,,,,,,,,,,,,,,,,12709,0.0029946889262646437
,,,18,,,,,,,,,,,,,,,,,,,,,,,,,,,,,12719,0.0013772801030427217
,,,18,,,,,,,,,,,,,,,,,,,,,,,,,,,,,12729,0.003351897932589054
,,,18,,,,,,,,,,,,,,,,,,,,,,,,,,,,,12739,0.005244505126029253
,,,18,,,,,,,,,,,,,,,,,,,,,,,,,,,,,12749,0.0040535456500947475
,,,18,,,,,,,,,,,,,,,,,,,,,,,,,,,,,12759,0.37596359848976135
,,,18,,,,,,,,,,,,,,,,,,,,,,,,,,,,,12769,0.08801297843456268
,,,18,,,,,,,,,,,,,,,,,,,,,,,,,,,,,12779,0.002580631524324417
,,,18,,,,,,,,,,,,,,,,,,,,,,,,,,,,,12789,0.0719117745757103
,,,18,,,,,,,,,,,,,,,,,,,,,,,,,,,,,12799,0.002357958583161235
,,,18,,,,,,,,,,,,,,,,,,,,,,,,,,,,,12809,0.006014976184815168
,,,18,,,,,,,,,,,,,,,,,,,,,,,,,,,,,12819,0.0030835559591650963
,,,18,,,,,,,,,,,,,,,,,,,,,,,,,,,,,12829,0.0310326237231493
,,,18,,,,,,,,,,,,,,,,,,,,,,,,,,,,,12839,0.0015073344111442566
,,,18,,,,,,,,,,,,,,,,,,,,,,,,,,,,,12849,0.5974853038787842
,,,18,,,,,,,,,,,,,,,,,,,,,,,,,,,,,12859,0.023842163383960724
,,,18,,,,,,,,,,,,,,,,,,,,,,,,,,,,,12869,0.002658962272107601
,,,18,,,,,,,,,,,,,,,,,,,,,,,,,,,,,12879,0.002317052101716399
,,,18,,,,,,,,,,,,,,,,,,,,,,,,,,,,,12889,0.005215834826231003
,,,18,,,,,,,,,,,,,,,,,,,,,,,,,,,,,12899,0.0027918482664972544
,,,18,,,,,,,,,,,,,,,,,,,,,,,,,,,,,12909,0.011487140320241451
,,,18,,,,,,,,,,,,,,,,,,,,,,,,,,,,,12919,0.008479983545839787
,,,18,,,,,,,,,,,,,,,,,,,,,,,,,,,,,12929,0.003268613014370203
,,,18,,,,,,,,,,,,,,,,,,,,,,,,,,,,,12939,1.817267656326294
,,,18,,,,,,,,,,,,,,,,,,,,,,,,,,,,,12949,0.001961007248610258
,,,18,,,,,,,,,,,,,,,,,,,,,,,,,,,,,12959,0.5559084415435791
,,,18,,,,,,,,,,,,,,,,,,,,,,,,,,,,,12969,0.19543039798736572
,,,18,,,,,,,,,,,,,,,,,,,,,,,,,,,,,12979,0.00616294052451849
,,,18,,,,,,,,,,,,,,,,,,,,,,,,,,,,,12989,0.001448809984140098
,,,18,,,,,,,,,,,,,,,,,,,,,,,,,,,,,12999,0.005273513961583376
,,,18,,,,,,,,,,,,,,,,,,,,,,,,,,,,,13009,0.002103981329128146
,,,18,,,,,,,,,,,,,,,,,,,,,,,,,,,,,13019,0.003961110021919012
,,,18,,,,,,,,,,,,,,,,,,,,,,,,,,,,,13029,0.561865508556366
,,,18,,,,,,,,,,,,,,,,,,,,,,,,,,,,,13039,0.007162022870033979
,,,18,,,,,,,,,,,,,,,,,,,,,,,,,,,,,13049,0.0058044129982590675
,,,18,,,,,,,,,,,,,,,,,,,,,,,,,,,,,13059,0.002902836073189974
,,,18,,,,,,,,,,,,,,,,,,,,,,,,,,,,,13069,0.15657542645931244
,,,18,,,,,,,,,,,,,,,,,,,,,,,,,,,,,13079,0.021771274507045746
,,,18,,,,,,,,,,,,,,,,,,,,,,,,,,,,,13089,0.0493910126388073
,,,18,,,,,,,,,,,,,,,,,,,,,,,,,,,,,13099,0.002179066650569439
,,,18,,,,,,,,,,,,,,,,,,,,,,,,,,,,,13109,0.011359716765582561
,,,18,,,,,,,,,,,,,,,,,,,,,,,,,,,,,13119,0.005681963637471199
,,,18,,,,,,,,,,,,,,,,,,,,,,,,,,,,,13129,0.006195278372615576
,,,18,,,,,,,,,,,,,,,,,,,,,,,,,,,,,13139,0.024259516969323158
,,,18,,,,,,,,,,,,,,,,,,,,,,,,,,,,,13149,0.13529425859451294
,,,18,,,,,,,,,,,,,,,,,,,,,,,,,,,,,13159,0.0027405929286032915
,,,18,,,,,,,,,,,,,,,,,,,,,,,,,,,,,13169,0.003529256209731102
,,,18,,,,,,,,,,,,,,,,,,,,,,,,,,,,,13179,0.0019182899268344045
,,,18,,,,,,,,,,,,,,,,,,,,,,,,,,,,,13189,0.003444340080022812
,,,18,,,,,,,,,,,,,,,,,,,,,,,,,,,,,13199,0.01299799233675003
,,,18,,,,,,,,,,,,,,,,,,,,,,,,,,,,,13209,0.0020922948606312275
,,,18,,,,,,,,,,,,,,,,,,,,,,,,,,,,,13219,0.013134194537997246
,,,18,,,,,,,,,,,,,,,,,,,,,,,,,,,,,13229,0.09790153801441193
,,,18,,,,,,,,,,,,,,,,,,,,,,,,,,,,,13239,0.0030764692928642035
,,,18,,,,,,,,,,,,,,,,,,,,,,,,,,,,,13249,0.06767847388982773
,,,18,,,,,,,,,,,,,,,,,,,,,,,,,,,,,13259,0.002117863157764077
,,,18,,,,,,,,,,,,,,,,,,,,,,,,,,,,,13269,0.0006957049481570721
,,,18,,,,,,,,,,,,,,,,,,,,,,,,,,,,,13279,0.0029813533183187246
,,,18,,,,,,,,,,,,,,,,,,,,,,,,,,,,,13289,0.002121345605701208
,,,18,,,,,,,,,,,,,,,,,,,,,,,,,,,,,13299,0.2302531898021698
,,,18,,,,,,,,,,,,,,,,,,,,,,,,,,,,,13309,0.03544124215841293
,,,,4.4343516830358614e-07,2.484143654934133e-06,3.821759469129435e-06,3.821759469129435e-06,5.879629952506824e-06,5.879629952506824e-06,9.045584542318189e-06,9.045584542318189e-06,1.3916283911258752e-05,1.3916283911258752e-05,2.1409667555782694e-05,4.4343516830358614e-07,2.1409667555782694e-05,3.293795008581953e-05,3.293795008581953e-05,5.067376936279928e-05,5.067376936279928e-05,7.795964517353735e-05,7.795964517353735e-05,7.795964517353735e-05,7.795964517353735e-05,6.822079512362862e-07,6.822079512362862e-07,1.0495506942096713e-06,1.0495506942096713e-06,1.6146933757071865e-06,1.6146933757071865e-06,2.484143654934133e-06,13319,
,,,19,,,,,,,,,,,,,,,,,,,,,,,,,,,,,13319,0.003162037581205368
,,,19,,,,,,,,,,,,,,,,,,,,,,,,,,,,,13329,0.018543504178524017
,,,19,,,,,,,,,,,,,,,,,,,,,,,,,,,,,13339,0.0006993223796598613
,,,19,,,,,,,,,,,,,,,,,,,,,,,,,,,,,13349,0.0842314213514328
,,,19,,,,,,,,,,,,,,,,,,,,,,,,,,,,,13359,0.24064190685749054
,,,19,,,,,,,,,,,,,,,,,,,,,,,,,,,,,13369,0.030395282432436943
,,,19,,,,,,,,,,,,,,,,,,,,,,,,,,,,,13379,0.002603713423013687
,,,19,,,,,,,,,,,,,,,,,,,,,,,,,,,,,13389,0.005077799316495657
,,,19,,,,,,,,,,,,,,,,,,,,,,,,,,,,,13399,0.004015309736132622
,,,19,,,,,,,,,,,,,,,,,,,,,,,,,,,,,13409,0.4212506115436554
,,,19,,,,,,,,,,,,,,,,,,,,,,,,,,,,,13419,0.007939385250210762
,,,19,,,,,,,,,,,,,,,,,,,,,,,,,,,,,13429,0.14383114874362946
,,,19,,,,,,,,,,,,,,,,,,,,,,,,,,,,,13439,0.0024295211769640446
,,,19,,,,,,,,,,,,,,,,,,,,,,,,,,,,,13449,0.004837047308683395
,,,19,,,,,,,,,,,,,,,,,,,,,,,,,,,,,13459,0.0033062060829252005
,,,19,,,,,,,,,,,,,,,,,,,,,,,,,,,,,13469,0.008797758258879185
,,,19,,,,,,,,,,,,,,,,,,,,,,,,,,,,,13479,0.005202856846153736
,,,19,,,,,,,,,,,,,,,,,,,,,,,,,,,,,13489,0.859305202960968
,,,19,,,,,,,,,,,,,,,,,,,,,,,,,,,,,13499,0.00823968555778265
,,,19,,,,,,,,,,,,,,,,,,,,,,,,,,,,,13509,0.0011952584609389305
,,,19,,,,,,,,,,,,,,,,,,,,,,,,,,,,,13519,0.03528602793812752
,,,19,,,,,,,,,,,,,,,,,,,,,,,,,,,,,13529,0.0030466148164123297
,,,19,,,,,,,,,,,,,,,,,,,,,,,,,,,,,13539,0.0036991380620747805
,,,19,,,,,,,,,,,,,,,,,,,,,,,,,,,,,13549,0.002300830790773034
,,,19,,,,,,,,,,,,,,,,,,,,,,,,,,,,,13559,0.0017667936626821756
,,,19,,,,,,,,,,,,,,,,,,,,,,,,,,,,,13569,0.3443216383457184
,,,19,,,,,,,,,,,,,,,,,,,,,,,,,,,,,13579,0.006144664715975523
,,,19,,,,,,,,,,,,,,,,,,,,,,,,,,,,,13589,0.2786358892917633
,,,19,,,,,,,,,,,,,,,,,,,,,,,,,,,,,13599,0.0829329639673233
,,,19,,,,,,,,,,,,,,,,,,,,,,,,,,,,,13609,0.9125666618347168
,,,19,,,,,,,,,,,,,,,,,,,,,,,,,,,,,13619,0.0018812617054209113
,,,19,,,,,,,,,,,,,,,,,,,,,,,,,,,,,13629,0.2984471619129181
,,,19,,,,,,,,,,,,,,,,,,,,,,,,,,,,,13639,0.0018212606664747
,,,19,,,,,,,,,,,,,,,,,,,,,,,,,,,,,13649,0.014660030603408813
,,,19,,,,,,,,,,,,,,,,,,,,,,,,,,,,,13659,0.0005798292113468051
,,,19,,,,,,,,,,,,,,,,,,,,,,,,,,,,,13669,0.003200715873390436
,,,19,,,,,,,,,,,,,,,,,,,,,,,,,,,,,13679,0.001850538537837565
,,,19,,,,,,,,,,,,,,,,,,,,,,,,,,,,,13689,0.0027448434848338366
,,,19,,,,,,,,,,,,,,,,,,,,,,,,,,,,,13699,0.002640782855451107
,,,19,,,,,,,,,,,,,,,,,,,,,,,,,,,,,13709,0.0022655162028968334
,,,19,,,,,,,,,,,,,,,,,,,,,,,,,,,,,13719,0.0008059046231210232
,,,19,,,,,,,,,,,,,,,,,,,,,,,,,,,,,13729,0.00154579256195575
,,,19,,,,,,,,,,,,,,,,,,,,,,,,,,,,,13739,0.0033209575340151787
,,,19,,,,,,,,,,,,,,,,,,,,,,,,,,,,,13749,0.03667975589632988
,,,19,,,,,,,,,,,,,,,,,,,,,,,,,,,,,13759,0.001507208333350718
,,,19,,,,,,,,,,,,,,,,,,,,,,,,,,,,,13769,0.28580033779144287
,,,19,,,,,,,,,,,,,,,,,,,,,,,,,,,,,13779,0.012814638204872608
,,,19,,,,,,,,,,,,,,,,,,,,,,,,,,,,,13789,0.0018915294203907251
,,,19,,,,,,,,,,,,,,,,,,,,,,,,,,,,,13799,0.016948241740465164
,,,19,,,,,,,,,,,,,,,,,,,,,,,,,,,,,13809,0.0319405272603035
,,,19,,,,,,,,,,,,,,,,,,,,,,,,,,,,,13819,0.009581012651324272
,,,19,,,,,,,,,,,,,,,,,,,,,,,,,,,,,13829,0.001008655410259962
,,,19,,,,,,,,,,,,,,,,,,,,,,,,,,,,,13839,0.0009706508717499673
,,,19,,,,,,,,,,,,,,,,,,,,,,,,,,,,,13849,0.0011748067336156964
,,,19,,,,,,,,,,,,,,,,,,,,,,,,,,,,,13859,0.0034285669680684805
,,,19,,,,,,,,,,,,,,,,,,,,,,,,,,,,,13869,0.017464306205511093
,,,19,,,,,,,,,,,,,,,,,,,,,,,,,,,,,13879,0.006449594162404537
,,,19,,,,,,,,,,,,,,,,,,,,,,,,,,,,,13889,0.005943332798779011
,,,19,,,,,,,,,,,,,,,,,,,,,,,,,,,,,13899,0.004484166391193867
,,,19,,,,,,,,,,,,,,,,,,,,,,,,,,,,,13909,0.0029565738514065742
,,,19,,,,,,,,,,,,,,,,,,,,,,,,,,,,,13919,0.002038839738816023
,,,19,,,,,,,,,,,,,,,,,,,,,,,,,,,,,13929,0.004779051057994366
,,,19,,,,,,,,,,,,,,,,,,,,,,,,,,,,,13939,0.0037790781352669
,,,19,,,,,,,,,,,,,,,,,,,,,,,,,,,,,13949,0.08793509751558304
,,,19,,,,,,,,,,,,,,,,,,,,,,,,,,,,,13959,0.0032472838647663593
,,,19,,,,,,,,,,,,,,,,,,,,,,,,,,,,,13969,0.3585374355316162
,,,19,,,,,,,,,,,,,,,,,,,,,,,,,,,,,13979,0.2649744749069214
,,,19,,,,,,,,,,,,,,,,,,,,,,,,,,,,,13989,0.0686485543847084
,,,19,,,,,,,,,,,,,,,,,,,,,,,,,,,,,13999,0.00666176388040185
,,,19,,,,,,,,,,,,,,,,,,,,,,,,,,,,,14009,0.639625608921051
,,,19,,,,,,,,,,,,,,,,,,,,,,,,,,,,,14019,0.13652394711971283
0.8478468656539917,0.8390151262283325,0.8568665385246277,19,,,,,,,,,,,,,,,,,,,,,,,,,,,,,14019,
,,,,4.266006797329287e-07,2.3898360966796885e-06,3.676670917968751e-06,3.676670917968751e-06,5.656416796875001e-06,5.656416796875001e-06,8.702179687500003e-06,8.702179687500003e-06,1.3387968750000002e-05,1.3387968750000002e-05,2.0596875000000004e-05,4.266006797329287e-07,2.0596875000000004e-05,3.1687500000000005e-05,3.1687500000000005e-05,4.8750000000000006e-05,4.8750000000000006e-05,7.500000000000001e-05,7.500000000000001e-05,7.500000000000001e-05,7.500000000000001e-05,6.563087380506595e-07,6.563087380506595e-07,1.0097057508471684e-06,1.0097057508471684e-06,1.5533934628417975e-06,1.5533934628417975e-06,2.3898360966796885e-06,14020,
,,,20,,,,,,,,,,,,,,,,,,,,,,,,,,,,,14029,0.003532281843945384
,,,20,,,,,,,,,,,,,,,,,,,,,,,,,,,,,14039,0.0019733537919819355
,,,20,,,,,,,,,,,,,,,,,,,,,,,,,,,,,14049,0.007413533981889486
,,,20,,,,,,,,,,,,,,,,,,,,,,,,,,,,,14059,0.0008810288272798061
,,,20,,,,,,,,,,,,,,,,,,,,,,,,,,,,,14069,0.15810616314411163
,,,20,,,,,,,,,,,,,,,,,,,,,,,,,,,,,14079,0.0053216260857880116
,,,20,,,,,,,,,,,,,,,,,,,,,,,,,,,,,14089,0.005926499608904123
,,,20,,,,,,,,,,,,,,,,,,,,,,,,,,,,,14099,0.005455550737679005
,,,20,,,,,,,,,,,,,,,,,,,,,,,,,,,,,14109,0.002020331798121333
,,,20,,,,,,,,,,,,,,,,,,,,,,,,,,,,,14119,0.005273375194519758
,,,20,,,,,,,,,,,,,,,,,,,,,,,,,,,,,14129,0.0035720649175345898
,,,20,,,,,,,,,,,,,,,,,,,,,,,,,,,,,14139,0.003891118336468935
,,,20,,,,,,,,,,,,,,,,,,,,,,,,,,,,,14149,0.0022522378712892532
,,,20,,,,,,,,,,,,,,,,,,,,,,,,,,,,,14159,0.03235732018947601
,,,20,,,,,,,,,,,,,,,,,,,,,,,,,,,,,14169,0.00435948371887207
,,,20,,,,,,,,,,,,,,,,,,,,,,,,,,,,,14179,0.0020970951300114393
,,,20,,,,,,,,,,,,,,,,,,,,,,,,,,,,,14189,0.0021671128924936056
,,,20,,,,,,,,,,,,,,,,,,,,,,,,,,,,,14199,0.0023641069419682026
,,,20,,,,,,,,,,,,,,,,,,,,,,,,,,,,,14209,0.16742995381355286
,,,20,,,,,,,,,,,,,,,,,,,,,,,,,,,,,14219,0.0019727726466953754
,,,20,,,,,,,,,,,,,,,,,,,,,,,,,,,,,14229,0.021046802401542664
,,,20,,,,,,,,,,,,,,,,,,,,,,,,,,,,,14239,0.009150567464530468
,,,20,,,,,,,,,,,,,,,,,,,,,,,,,,,,,14249,0.002432100009173155
,,,20,,,,,,,,,,,,,,,,,,,,,,,,,,,,,14259,0.021702246740460396
,,,20,,,,,,,,,,,,,,,,,,,,,,,,,,,,,14269,0.0016246774466708302
,,,20,,,,,,,,,,,,,,,,,,,,,,,,,,,,,14279,0.003795995144173503
,,,20,,,,,,,,,,,,,,,,,,,,,,,,,,,,,14289,0.001625090022571385
,,,20,,,,,,,,,,,,,,,,,,,,,,,,,,,,,14299,0.004159281030297279
,,,20,,,,,,,,,,,,,,,,,,,,,,,,,,,,,14309,0.001694072620011866
,,,20,,,,,,,,,,,,,,,,,,,,,,,,,,,,,14319,0.008777674287557602
,,,20,,,,,,,,,,,,,,,,,,,,,,,,,,,,,14329,0.005622942931950092
,,,20,,,,,,,,,,,,,,,,,,,,,,,,,,,,,14339,0.008595887571573257
,,,20,,,,,,,,,,,,,,,,,,,,,,,,,,,,,14349,0.0025350030045956373
,,,20,,,,,,,,,,,,,,,,,,,,,,,,,,,,,14359,0.0039336662739515305
,,,20,,,,,,,,,,,,,,,,,,,,,,,,,,,,,14369,0.0008213213877752423
,,,20,,,,,,,,,,,,,,,,,,,,,,,,,,,,,14379,0.031056297942996025
,,,20,,,,,,,,,,,,,,,,,,,,,,,,,,,,,14389,0.002022236818447709
,,,20,,,,,,,,,,,,,,,,,,,,,,,,,,,,,14399,0.1628018617630005
,,,20,,,,,,,,,,,,,,,,,,,,,,,,,,,,,14409,0.18409593403339386
,,,20,,,,,,,,,,,,,,,,,,,,,,,,,,,,,14419,0.019686006009578705
,,,20,,,,,,,,,,,,,,,,,,,,,,,,,,,,,14429,0.0020791171118617058
,,,20,,,,,,,,,,,,,,,,,,,,,,,,,,,,,14439,0.04205402731895447
,,,20,,,,,,,,,,,,,,,,,,,,,,,,,,,,,14449,0.08338332176208496
,,,20,,,,,,,,,,,,,,,,,,,,,,,,,,,,,14459,0.09627325087785721
,,,20,,,,,,,,,,,,,,,,,,,,,,,,,,,,,14469,0.0033339273650199175
,,,20,,,,,,,,,,,,,,,,,,,,,,,,,,,,,14479,0.006753234192728996
,,,20,,,,,,,,,,,,,,,,,,,,,,,,,,,,,14489,0.0013184378622099757
,,,20,,,,,,,,,,,,,,,,,,,,,,,,,,,,,14499,0.003212795127183199
,,,20,,,,,,,,,,,,,,,,,,,,,,,,,,,,,14509,0.0085672065615654
,,,20,,,,,,,,,,,,,,,,,,,,,,,,,,,,,14519,0.05556561425328255
,,,20,,,,,,,,,,,,,,,,,,,,,,,,,,,,,14529,0.006291409023106098
,,,20,,,,,,,,,,,,,,,,,,,,,,,,,,,,,14539,0.002164270495995879
,,,20,,,,,,,,,,,,,,,,,,,,,,,,,,,,,14549,0.18146751821041107
,,,20,,,,,,,,,,,,,,,,,,,,,,,,,,,,,14559,0.007072592154145241
,,,20,,,,,,,,,,,,,,,,,,,,,,,,,,,,,14569,0.001863176585175097
,,,20,,,,,,,,,,,,,,,,,,,,,,,,,,,,,14579,0.005338298622518778
,,,20,,,,,,,,,,,,,,,,,,,,,,,,,,,,,14589,0.006910462398082018
,,,20,,,,,,,,,,,,,,,,,,,,,,,,,,,,,14599,0.023215854540467262
,,,20,,,,,,,,,,,,,,,,,,,,,,,,,,,,,14609,0.009132079780101776
,,,20,,,,,,,,,,,,,,,,,,,,,,,,,,,,,14619,0.0008286470547318459
,,,20,,,,,,,,,,,,,,,,,,,,,,,,,,,,,14629,0.007039240561425686
,,,20,,,,,,,,,,,,,,,,,,,,,,,,,,,,,14639,0.06078828126192093
,,,20,,,,,,,,,,,,,,,,,,,,,,,,,,,,,14649,0.02551114559173584
,,,20,,,,,,,,,,,,,,,,,,,,,,,,,,,,,14659,0.019146589562296867
,,,20,,,,,,,,,,,,,,,,,,,,,,,,,,,,,14669,0.0015558864688500762
,,,20,,,,,,,,,,,,,,,,,,,,,,,,,,,,,14679,0.0028152288869023323
,,,20,,,,,,,,,,,,,,,,,,,,,,,,,,,,,14689,0.0018072637030854821
,,,20,,,,,,,,,,,,,,,,,,,,,,,,,,,,,14699,0.020615866407752037
,,,20,,,,,,,,,,,,,,,,,,,,,,,,,,,,,14709,0.002265955787152052
,,,20,,,,,,,,,,,,,,,,,,,,,,,,,,,,,14719,0.3916737735271454
,,,,4.090734059523017e-07,2.2916475246793973e-06,3.5256115764298415e-06,3.5256115764298415e-06,5.4240178098920635e-06,5.4240178098920635e-06,8.344642784449328e-06,8.344642784449328e-06,1.283791197607589e-05,1.283791197607589e-05,1.975063380934752e-05,4.090734059523017e-07,1.975063380934752e-05,3.0385590475919263e-05,3.0385590475919263e-05,4.674706227064502e-05,4.674706227064502e-05,7.191855733945387e-05,7.191855733945387e-05,7.191855733945387e-05,7.191855733945387e-05,6.293437014650794e-07,6.293437014650794e-07,9.682210791770454e-07,9.682210791770454e-07,1.4895708910416082e-06,1.4895708910416082e-06,2.2916475246793973e-06,14721,
,,,21,,,,,,,,,,,,,,,,,,,,,,,,,,,,,14729,0.0049477508291602135
,,,21,,,,,,,,,,,,,,,,,,,,,,,,,,,,,14739,0.0038826349191367626
,,,21,,,,,,,,,,,,,,,,,,,,,,,,,,,,,14749,0.006870632525533438
,,,21,,,,,,,,,,,,,,,,,,,,,,,,,,,,,14759,0.005843025632202625
,,,21,,,,,,,,,,,,,,,,,,,,,,,,,,,,,14769,0.013253936544060707
,,,21,,,,,,,,,,,,,,,,,,,,,,,,,,,,,14779,0.00775111885741353
,,,21,,,,,,,,,,,,,,,,,,,,,,,,,,,,,14789,0.0008572649676352739
,,,21,,,,,,,,,,,,,,,,,,,,,,,,,,,,,14799,0.005523731000721455
,,,21,,,,,,,,,,,,,,,,,,,,,,,,,,,,,14809,0.0031587681733071804
,,,21,,,,,,,,,,,,,,,,,,,,,,,,,,,,,14819,0.004736667964607477
,,,21,,,,,,,,,,,,,,,,,,,,,,,,,,,,,14829,0.21641089022159576
,,,21,,,,,,,,,,,,,,,,,,,,,,,,,,,,,14839,0.03499921038746834
,,,21,,,,,,,,,,,,,,,,,,,,,,,,,,,,,14849,0.005032460205256939
,,,21,,,,,,,,,,,,,,,,,,,,,,,,,,,,,14859,0.004581668879836798
,,,21,,,,,,,,,,,,,,,,,,,,,,,,,,,,,14869,0.0028219111263751984
,,,21,,,,,,,,,,,,,,,,,,,,,,,,,,,,,14879,0.003600525436922908
,,,21,,,,,,,,,,,,,,,,,,,,,,,,,,,,,14889,0.0010073187295347452
,,,21,,,,,,,,,,,,,,,,,,,,,,,,,,,,,14899,0.020497135818004608
,,,21,,,,,,,,,,,,,,,,,,,,,,,,,,,,,14909,0.0016648860182613134
,,,21,,,,,,,,,,,,,,,,,,,,,,,,,,,,,14919,0.025402236729860306
,,,21,,,,,,,,,,,,,,,,,,,,,,,,,,,,,14929,0.001040962291881442
,,,21,,,,,,,,,,,,,,,,,,,,,,,,,,,,,14939,0.0016707652248442173
,,,21,,,,,,,,,,,,,,,,,,,,,,,,,,,,,14949,0.0016671344637870789
,,,21,,,,,,,,,,,,,,,,,,,,,,,,,,,,,14959,0.0020034397020936012
,,,21,,,,,,,,,,,,,,,,,,,,,,,,,,,,,14969,0.0022652018815279007
,,,21,,,,,,,,,,,,,,,,,,,,,,,,,,,,,14979,0.79060298204422
,,,21,,,,,,,,,,,,,,,,,,,,,,,,,,,,,14989,0.03592482954263687
,,,21,,,,,,,,,,,,,,,,,,,,,,,,,,,,,14999,0.0032444805838167667
,,,21,,,,,,,,,,,,,,,,,,,,,,,,,,,,,15009,0.0015183117939159274
,,,21,,,,,,,,,,,,,,,,,,,,,,,,,,,,,15019,0.01105236355215311
,,,21,,,,,,,,,,,,,,,,,,,,,,,,,,,,,15029,0.015511983074247837
,,,21,,,,,,,,,,,,,,,,,,,,,,,,,,,,,15039,0.002014378784224391
,,,21,,,,,,,,,,,,,,,,,,,,,,,,,,,,,15049,0.026866896077990532
,,,21,,,,,,,,,,,,,,,,,,,,,,,,,,,,,15059,0.012326621450483799
,,,21,,,,,,,,,,,,,,,,,,,,,,,,,,,,,15069,0.003364607924595475
,,,21,,,,,,,,,,,,,,,,,,,,,,,,,,,,,15079,0.0017861180240288377
,,,21,,,,,,,,,,,,,,,,,,,,,,,,,,,,,15089,0.0028588667046278715
,,,21,,,,,,,,,,,,,,,,,,,,,,,,,,,,,15099,0.001901644398458302
,,,21,,,,,,,,,,,,,,,,,,,,,,,,,,,,,15109,0.0011650059605017304
,,,21,,,,,,,,,,,,,,,,,,,,,,,,,,,,,15119,0.0017124436562880874
,,,21,,,,,,,,,,,,,,,,,,,,,,,,,,,,,15129,0.001710993587039411
,,,21,,,,,,,,,,,,,,,,,,,,,,,,,,,,,15139,0.0015278945211321115
,,,21,,,,,,,,,,,,,,,,,,,,,,,,,,,,,15149,0.48300784826278687
,,,21,,,,,,,,,,,,,,,,,,,,,,,,,,,,,15159,0.2846556603908539
,,,21,,,,,,,,,,,,,,,,,,,,,,,,,,,,,15169,0.001272587338462472
,,,21,,,,,,,,,,,,,,,,,,,,,,,,,,,,,15179,0.15630798041820526
,,,21,,,,,,,,,,,,,,,,,,,,,,,,,,,,,15189,0.004507069010287523
,,,21,,,,,,,,,,,,,,,,,,,,,,,,,,,,,15199,0.6502364873886108
,,,21,,,,,,,,,,,,,,,,,,,,,,,,,,,,,15209,0.009590407833456993
,,,21,,,,,,,,,,,,,,,,,,,,,,,,,,,,,15219,0.0008160679135471582
,,,21,,,,,,,,,,,,,,,,,,,,,,,,,,,,,15229,0.02406645193696022
,,,21,,,,,,,,,,,,,,,,,,,,,,,,,,,,,15239,0.008834229782223701
,,,21,,,,,,,,,,,,,,,,,,,,,,,,,,,,,15249,0.21061156690120697
,,,21,,,,,,,,,,,,,,,,,,,,,,,,,,,,,15259,0.012017961591482162
,,,21,,,,,,,,,,,,,,,,,,,,,,,,,,,,,15269,0.0028574371244758368
,,,21,,,,,,,,,,,,,,,,,,,,,,,,,,,,,15279,0.002621174557134509
,,,21,,,,,,,,,,,,,,,,,,,,,,,,,,,,,15289,0.02507217787206173
,,,21,,,,,,,,,,,,,,,,,,,,,,,,,,,,,15299,0.43076011538505554
,,,21,,,,,,,,,,,,,,,,,,,,,,,,,,,,,15309,0.0012817903188988566
,,,21,,,,,,,,,,,,,,,,,,,,,,,,,,,,,15319,0.0021794841159135103
,,,21,,,,,,,,,,,,,,,,,,,,,,,,,,,,,15329,0.019051242619752884
,,,21,,,,,,,,,,,,,,,,,,,,,,,,,,,,,15339,0.01458925474435091
,,,21,,,,,,,,,,,,,,,,,,,,,,,,,,,,,15349,0.013085742481052876
,,,21,,,,,,,,,,,,,,,,,,,,,,,,,,,,,15359,0.006782162003219128
,,,21,,,,,,,,,,,,,,,,,,,,,,,,,,,,,15369,0.3437684178352356
,,,21,,,,,,,,,,,,,,,,,,,,,,,,,,,,,15379,0.0089427400380373
,,,21,,,,,,,,,,,,,,,,,,,,,,,,,,,,,15389,0.0010250330669805408
,,,21,,,,,,,,,,,,,,,,,,,,,,,,,,,,,15399,0.004271804355084896
,,,21,,,,,,,,,,,,,,,,,,,,,,,,,,,,,15409,0.0015899527352303267
,,,21,,,,,,,,,,,,,,,,,,,,,,,,,,,,,15419,0.008292939513921738
,,,,3.909387380777291e-07,2.1900563037861647e-06,3.3693173904402533e-06,3.3693173904402533e-06,5.183565216061927e-06,5.183565216061927e-06,7.97471571701835e-06,7.97471571701835e-06,1.226879341079746e-05,1.226879341079746e-05,1.8875066785842246e-05,3.909387380777291e-07,1.8875066785842246e-05,2.9038564285911148e-05,2.9038564285911148e-05,4.4674714286017154e-05,4.4674714286017154e-05,6.873032967079561e-05,6.873032967079561e-05,6.873032967079561e-05,6.873032967079561e-05,6.014442124272754e-07,6.014442124272754e-07,9.252987883496547e-07,9.252987883496547e-07,1.423536597461007e-06,1.423536597461007e-06,2.1900563037861647e-06,15422,
,,,22,,,,,,,,,,,,,,,,,,,,,,,,,,,,,15429,0.014574345201253891
,,,22,,,,,,,,,,,,,,,,,,,,,,,,,,,,,15439,0.001969975885003805
,,,22,,,,,,,,,,,,,,,,,,,,,,,,,,,,,15449,0.005814015865325928
,,,22,,,,,,,,,,,,,,,,,,,,,,,,,,,,,15459,0.032725390046834946
,,,22,,,,,,,,,,,,,,,,,,,,,,,,,,,,,15469,0.002420304575935006
,,,22,,,,,,,,,,,,,,,,,,,,,,,,,,,,,15479,0.0030868081375956535
,,,22,,,,,,,,,,,,,,,,,,,,,,,,,,,,,15489,0.39161252975463867
,,,22,,,,,,,,,,,,,,,,,,,,,,,,,,,,,15499,0.001772204996086657
,,,22,,,,,,,,,,,,,,,,,,,,,,,,,,,,,15509,0.01847391203045845
,,,22,,,,,,,,,,,,,,,,,,,,,,,,,,,,,15519,0.0023284831549972296
,,,22,,,,,,,,,,,,,,,,,,,,,,,,,,,,,15529,0.0007923169177956879
,,,22,,,,,,,,,,,,,,,,,,,,,,,,,,,,,15539,0.0035113750491291285
,,,22,,,,,,,,,,,,,,,,,,,,,,,,,,,,,15549,0.01750735379755497
,,,22,,,,,,,,,,,,,,,,,,,,,,,,,,,,,15559,0.000926597451325506
,,,22,,,,,,,,,,,,,,,,,,,,,,,,,,,,,15569,0.001662001945078373
,,,22,,,,,,,,,,,,,,,,,,,,,,,,,,,,,15579,0.002748948521912098
,,,22,,,,,,,,,,,,,,,,,,,,,,,,,,,,,15589,0.002329083625227213
,,,22,,,,,,,,,,,,,,,,,,,,,,,,,,,,,15599,0.0027955800760537386
,,,22,,,,,,,,,,,,,,,,,,,,,,,,,,,,,15609,0.014025991782546043
,,,22,,,,,,,,,,,,,,,,,,,,,,,,,,,,,15619,0.0014764583902433515
,,,22,,,,,,,,,,,,,,,,,,,,,,,,,,,,,15629,0.001986689167097211
,,,22,,,,,,,,,,,,,,,,,,,,,,,,,,,,,15639,0.0018836813978850842
,,,22,,,,,,,,,,,,,,,,,,,,,,,,,,,,,15649,0.0016951325815171003
,,,22,,,,,,,,,,,,,,,,,,,,,,,,,,,,,15659,0.0029629182536154985
,,,22,,,,,,,,,,,,,,,,,,,,,,,,,,,,,15669,0.0036536806728690863
,,,22,,,,,,,,,,,,,,,,,,,,,,,,,,,,,15679,0.0034681737888604403
,,,22,,,,,,,,,,,,,,,,,,,,,,,,,,,,,15689,0.0030311369337141514
,,,22,,,,,,,,,,,,,,,,,,,,,,,,,,,,,15699,0.0006732447072863579
,,,22,,,,,,,,,,,,,,,,,,,,,,,,,,,,,15709,0.004644549917429686
,,,22,,,,,,,,,,,,,,,,,,,,,,,,,,,,,15719,0.0015753800980746746
,,,22,,,,,,,,,,,,,,,,,,,,,,,,,,,,,15729,0.008245697245001793
,,,22,,,,,,,,,,,,,,,,,,,,,,,,,,,,,15739,0.0015399848343804479
,,,22,,,,,,,,,,,,,,,,,,,,,,,,,,,,,15749,0.28843238949775696
,,,22,,,,,,,,,,,,,,,,,,,,,,,,,,,,,15759,0.003004454541951418
,,,22,,,,,,,,,,,,,,,,,,,,,,,,,,,,,15769,0.05420735850930214
,,,22,,,,,,,,,,,,,,,,,,,,,,,,,,,,,15779,0.254790335893631
,,,22,,,,,,,,,,,,,,,,,,,,,,,,,,,,,15789,0.002082586521282792
,,,22,,,,,,,,,,,,,,,,,,,,,,,,,,,,,15799,0.0021248292177915573
,,,22,,,,,,,,,,,,,,,,,,,,,,,,,,,,,15809,0.004211739636957645
,,,22,,,,,,,,,,,,,,,,,,,,,,,,,,,,,15819,0.0029122980777174234
,,,22,,,,,,,,,,,,,,,,,,,,,,,,,,,,,15829,0.007077982183545828
,,,22,,,,,,,,,,,,,,,,,,,,,,,,,,,,,15839,0.003627330996096134
,,,22,,,,,,,,,,,,,,,,,,,,,,,,,,,,,15849,0.0072412812151014805
,,,22,,,,,,,,,,,,,,,,,,,,,,,,,,,,,15859,0.01772639900445938
,,,22,,,,,,,,,,,,,,,,,,,,,,,,,,,,,15869,0.0018681255169212818
,,,22,,,,,,,,,,,,,,,,,,,,,,,,,,,,,15879,0.0019949835259467363
,,,22,,,,,,,,,,,,,,,,,,,,,,,,,,,,,15889,0.0015697231283411384
,,,22,,,,,,,,,,,,,,,,,,,,,,,,,,,,,15899,0.0010295778047293425
,,,22,,,,,,,,,,,,,,,,,,,,,,,,,,,,,15909,0.016952931880950928
,,,22,,,,,,,,,,,,,,,,,,,,,,,,,,,,,15919,0.0017864679684862494
,,,22,,,,,,,,,,,,,,,,,,,,,,,,,,,,,15929,0.01336660049855709
,,,22,,,,,,,,,,,,,,,,,,,,,,,,,,,,,15939,0.005920219235122204
,,,22,,,,,,,,,,,,,,,,,,,,,,,,,,,,,15949,0.0016362371388822794
,,,22,,,,,,,,,,,,,,,,,,,,,,,,,,,,,15959,0.0009232422453351319
,,,22,,,,,,,,,,,,,,,,,,,,,,,,,,,,,15969,0.16513985395431519
,,,22,,,,,,,,,,,,,,,,,,,,,,,,,,,,,15979,0.0021726228296756744
,,,22,,,,,,,,,,,,,,,,,,,,,,,,,,,,,15989,0.004144034814089537
,,,22,,,,,,,,,,,,,,,,,,,,,,,,,,,,,15999,0.003260647878050804
,,,22,,,,,,,,,,,,,,,,,,,,,,,,,,,,,16009,0.007992764934897423
,,,22,,,,,,,,,,,,,,,,,,,,,,,,,,,,,16019,0.011924561113119125
,,,22,,,,,,,,,,,,,,,,,,,,,,,,,,,,,16029,0.0032354271970689297
,,,22,,,,,,,,,,,,,,,,,,,,,,,,,,,,,16039,0.005499524530023336
,,,22,,,,,,,,,,,,,,,,,,,,,,,,,,,,,16049,0.009748567827045918
,,,22,,,,,,,,,,,,,,,,,,,,,,,,,,,,,16059,0.0052298903465271
,,,22,,,,,,,,,,,,,,,,,,,,,,,,,,,,,16069,0.08861533552408218
,,,22,,,,,,,,,,,,,,,,,,,,,,,,,,,,,16079,0.002681636717170477
,,,22,,,,,,,,,,,,,,,,,,,,,,,,,,,,,16089,0.0031708115711808205
,,,22,,,,,,,,,,,,,,,,,,,,,,,,,,,,,16099,0.0011783164227381349
,,,22,,,,,,,,,,,,,,,,,,,,,,,,,,,,,16109,0.003223804756999016
,,,22,,,,,,,,,,,,,,,,,,,,,,,,,,,,,16119,0.0014224100159481168
,,,,3.722850263882052e-07,2.0855573762162682e-06,3.208549809563489e-06,3.208549809563489e-06,4.936230476251522e-06,4.936230476251522e-06,7.594200732694648e-06,7.594200732694648e-06,1.168338574260715e-05,1.168338574260715e-05,1.7974439604011e-05,3.722850263882052e-07,1.7974439604011e-05,2.7652984006170768e-05,2.7652984006170768e-05,4.2543052317185797e-05,4.2543052317185797e-05,6.545084971874738e-05,6.545084971874738e-05,6.545084971874738e-05,6.545084971874738e-05,5.727461944433926e-07,5.727461944433926e-07,8.811479914513733e-07,8.811479914513733e-07,1.3556122945405742e-06,1.3556122945405742e-06,2.0855573762162682e-06,16123,
,,,23,,,,,,,,,,,,,,,,,,,,,,,,,,,,,16129,0.0015771010657772422
,,,23,,,,,,,,,,,,,,,,,,,,,,,,,,,,,16139,0.0044832248240709305
,,,23,,,,,,,,,,,,,,,,,,,,,,,,,,,,,16149,0.00929930154234171
,,,23,,,,,,,,,,,,,,,,,,,,,,,,,,,,,16159,0.10445789992809296
,,,23,,,,,,,,,,,,,,,,,,,,,,,,,,,,,16169,0.003262447891756892
,,,23,,,,,,,,,,,,,,,,,,,,,,,,,,,,,16179,0.018466781824827194
,,,23,,,,,,,,,,,,,,,,,,,,,,,,,,,,,16189,0.005990519188344479
,,,23,,,,,,,,,,,,,,,,,,,,,,,,,,,,,16199,0.01729547046124935
,,,23,,,,,,,,,,,,,,,,,,,,,,,,,,,,,16209,0.0029030228033661842
,,,23,,,,,,,,,,,,,,,,,,,,,,,,,,,,,16219,0.002210178878158331
,,,23,,,,,,,,,,,,,,,,,,,,,,,,,,,,,16229,0.0011423936812207103
,,,23,,,,,,,,,,,,,,,,,,,,,,,,,,,,,16239,0.007250810973346233
,,,23,,,,,,,,,,,,,,,,,,,,,,,,,,,,,16249,0.005686539225280285
,,,23,,,,,,,,,,,,,,,,,,,,,,,,,,,,,16259,0.003087201388552785
,,,23,,,,,,,,,,,,,,,,,,,,,,,,,,,,,16269,0.0009733135811984539
,,,23,,,,,,,,,,,,,,,,,,,,,,,,,,,,,16279,0.0022397434804588556
,,,23,,,,,,,,,,,,,,,,,,,,,,,,,,,,,16289,0.002488137222826481
,,,23,,,,,,,,,,,,,,,,,,,,,,,,,,,,,16299,0.0017408401472494006
,,,23,,,,,,,,,,,,,,,,,,,,,,,,,,,,,16309,0.002796691842377186
,,,23,,,,,,,,,,,,,,,,,,,,,,,,,,,,,16319,0.08937668800354004
,,,23,,,,,,,,,,,,,,,,,,,,,,,,,,,,,16329,0.9029396176338196
,,,23,,,,,,,,,,,,,,,,,,,,,,,,,,,,,16339,0.003960594069212675
,,,23,,,,,,,,,,,,,,,,,,,,,,,,,,,,,16349,0.11064187437295914
,,,23,,,,,,,,,,,,,,,,,,,,,,,,,,,,,16359,0.001466109068132937
,,,23,,,,,,,,,,,,,,,,,,,,,,,,,,,,,16369,0.0031091785058379173
,,,23,,,,,,,,,,,,,,,,,,,,,,,,,,,,,16379,0.0007636549999006093
,,,23,,,,,,,,,,,,,,,,,,,,,,,,,,,,,16389,0.001933417865075171
,,,23,,,,,,,,,,,,,,,,,,,,,,,,,,,,,16399,0.002852880395948887
,,,23,,,,,,,,,,,,,,,,,,,,,,,,,,,,,16409,0.002611292526125908
,,,23,,,,,,,,,,,,,,,,,,,,,,,,,,,,,16419,0.0030794204212725163
,,,23,,,,,,,,,,,,,,,,,,,,,,,,,,,,,16429,0.0009984944481402636
,,,23,,,,,,,,,,,,,,,,,,,,,,,,,,,,,16439,0.0013324987376108766
,,,23,,,,,,,,,,,,,,,,,,,,,,,,,,,,,16449,0.0035436374600976706
,,,23,,,,,,,,,,,,,,,,,,,,,,,,,,,,,16459,0.001331841223873198
,,,23,,,,,,,,,,,,,,,,,,,,,,,,,,,,,16469,0.05303950235247612
,,,23,,,,,,,,,,,,,,,,,,,,,,,,,,,,,16479,0.0016928903060033917
,,,23,,,,,,,,,,,,,,,,,,,,,,,,,,,,,16489,0.001067758770659566
,,,23,,,,,,,,,,,,,,,,,,,,,,,,,,,,,16499,0.009014246985316277
,,,23,,,,,,,,,,,,,,,,,,,,,,,,,,,,,16509,0.0019584980327636003
,,,23,,,,,,,,,,,,,,,,,,,,,,,,,,,,,16519,0.0019456367008388042
,,,23,,,,,,,,,,,,,,,,,,,,,,,,,,,,,16529,0.04318166524171829
,,,23,,,,,,,,,,,,,,,,,,,,,,,,,,,,,16539,0.0034482318442314863
,,,23,,,,,,,,,,,,,,,,,,,,,,,,,,,,,16549,0.2730528712272644
,,,23,,,,,,,,,,,,,,,,,,,,,,,,,,,,,16559,0.003165285335853696
,,,23,,,,,,,,,,,,,,,,,,,,,,,,,,,,,16569,0.0377689003944397
,,,23,,,,,,,,,,,,,,,,,,,,,,,,,,,,,16579,0.07170441746711731
,,,23,,,,,,,,,,,,,,,,,,,,,,,,,,,,,16589,0.001163944834843278
,,,23,,,,,,,,,,,,,,,,,,,,,,,,,,,,,16599,0.00748093007132411
,,,23,,,,,,,,,,,,,,,,,,,,,,,,,,,,,16609,0.01469107624143362
,,,23,,,,,,,,,,,,,,,,,,,,,,,,,,,,,16619,0.0016422892222180963
,,,23,,,,,,,,,,,,,,,,,,,,,,,,,,,,,16629,0.035654015839099884
,,,23,,,,,,,,,,,,,,,,,,,,,,,,,,,,,16639,0.00238936860114336
,,,23,,,,,,,,,,,,,,,,,,,,,,,,,,,,,16649,0.0009750326280482113
,,,23,,,,,,,,,,,,,,,,,,,,,,,,,,,,,16659,0.05245314538478851
,,,23,,,,,,,,,,,,,,,,,,,,,,,,,,,,,16669,0.020850080996751785
,,,23,,,,,,,,,,,,,,,,,,,,,,,,,,,,,16679,0.008914233185350895
,,,23,,,,,,,,,,,,,,,,,,,,,,,,,,,,,16689,0.002763272961601615
,,,23,,,,,,,,,,,,,,,,,,,,,,,,,,,,,16699,0.0008384539396502078
,,,23,,,,,,,,,,,,,,,,,,,,,,,,,,,,,16709,0.00868224073201418
,,,23,,,,,,,,,,,,,,,,,,,,,,,,,,,,,16719,0.016979098320007324
,,,23,,,,,,,,,,,,,,,,,,,,,,,,,,,,,16729,0.01821383647620678
,,,23,,,,,,,,,,,,,,,,,,,,,,,,,,,,,16739,0.0029380994383245707
,,,23,,,,,,,,,,,,,,,,,,,,,,,,,,,,,16749,0.0027501191943883896
,,,23,,,,,,,,,,,,,,,,,,,,,,,,,,,,,16759,0.0036102377343922853
,,,23,,,,,,,,,,,,,,,,,,,,,,,,,,,,,16769,0.002514767227694392
,,,23,,,,,,,,,,,,,,,,,,,,,,,,,,,,,16779,0.0015413935761898756
,,,23,,,,,,,,,,,,,,,,,,,,,,,,,,,,,16789,0.004780647810548544
,,,23,,,,,,,,,,,,,,,,,,,,,,,,,,,,,16799,0.016173262149095535
,,,23,,,,,,,,,,,,,,,,,,,,,,,,,,,,,16809,0.011178083717823029
,,,23,,,,,,,,,,,,,,,,,,,,,,,,,,,,,16819,0.0012043501483276486
,,,,3.53203149892017e-07,1.978659850240633e-06,3.0440920772932807e-06,3.0440920772932807e-06,4.683218580451201e-06,4.683218580451201e-06,7.204951662232617e-06,7.204951662232617e-06,1.108454101881941e-05,1.108454101881941e-05,1.705314002895294e-05,3.53203149892017e-07,1.705314002895294e-05,2.623560004454298e-05,2.623560004454298e-05,4.03624616069892e-05,4.03624616069892e-05,6.209609477998338e-05,6.209609477998338e-05,6.209609477998338e-05,6.209609477998338e-05,5.433894613723337e-07,5.433894613723337e-07,8.359837867266674e-07,8.359837867266674e-07,1.2861289026564112e-06,1.2861289026564112e-06,1.978659850240633e-06,16824,
,,,24,,,,,,,,,,,,,,,,,,,,,,,,,,,,,16829,0.0010673090582713485
,,,24,,,,,,,,,,,,,,,,,,,,,,,,,,,,,16839,0.003335764165967703
,,,24,,,,,,,,,,,,,,,,,,,,,,,,,,,,,16849,0.001924146432429552
,,,24,,,,,,,,,,,,,,,,,,,,,,,,,,,,,16859,0.04331735894083977
,,,24,,,,,,,,,,,,,,,,,,,,,,,,,,,,,16869,0.005766517482697964
,,,24,,,,,,,,,,,,,,,,,,,,,,,,,,,,,16879,0.004122727084904909
,,,24,,,,,,,,,,,,,,,,,,,,,,,,,,,,,16889,0.08579645305871964
,,,24,,,,,,,,,,,,,,,,,,,,,,,,,,,,,16899,0.005261753220111132
,,,24,,,,,,,,,,,,,,,,,,,,,,,,,,,,,16909,0.0009177485480904579
,,,24,,,,,,,,,,,,,,,,,,,,,,,,,,,,,16919,0.006367493886500597
,,,24,,,,,,,,,,,,,,,,,,,,,,,,,,,,,16929,0.008257655426859856
,,,24,,,,,,,,,,,,,,,,,,,,,,,,,,,,,16939,0.0016086131799966097
,,,24,,,,,,,,,,,,,,,,,,,,,,,,,,,,,16949,0.009080630727112293
,,,24,,,,,,,,,,,,,,,,,,,,,,,,,,,,,16959,0.020273378118872643
,,,24,,,,,,,,,,,,,,,,,,,,,,,,,,,,,16969,0.013501475565135479
,,,24,,,,,,,,,,,,,,,,,,,,,,,,,,,,,16979,0.011152914725244045
,,,24,,,,,,,,,,,,,,,,,,,,,,,,,,,,,16989,0.0349738746881485
,,,24,,,,,,,,,,,,,,,,,,,,,,,,,,,,,16999,0.001679980312474072
,,,24,,,,,,,,,,,,,,,,,,,,,,,,,,,,,17009,0.009683373384177685
,,,24,,,,,,,,,,,,,,,,,,,,,,,,,,,,,17019,0.009472882375121117
,,,24,,,,,,,,,,,,,,,,,,,,,,,,,,,,,17029,0.004565757233649492
,,,24,,,,,,,,,,,,,,,,,,,,,,,,,,,,,17039,0.0012841882416978478
,,,24,,,,,,,,,,,,,,,,,,,,,,,,,,,,,17049,0.0012124779168516397
,,,24,,,,,,,,,,,,,,,,,,,,,,,,,,,,,17059,0.0047217560932040215
,,,24,,,,,,,,,,,,,,,,,,,,,,,,,,,,,17069,0.0339161641895771
,,,24,,,,,,,,,,,,,,,,,,,,,,,,,,,,,17079,0.0015605430817231536
,,,24,,,,,,,,,,,,,,,,,,,,,,,,,,,,,17089,0.09429720789194107
,,,24,,,,,,,,,,,,,,,,,,,,,,,,,,,,,17099,0.1353272795677185
,,,24,,,,,,,,,,,,,,,,,,,,,,,,,,,,,17109,0.0006868374766781926
,,,24,,,,,,,,,,,,,,,,,,,,,,,,,,,,,17119,0.00140884961001575
,,,24,,,,,,,,,,,,,,,,,,,,,,,,,,,,,17129,0.010820664465427399
,,,24,,,,,,,,,,,,,,,,,,,,,,,,,,,,,17139,0.010247877798974514
,,,24,,,,,,,,,,,,,,,,,,,,,,,,,,,,,17149,0.006691670976579189
,,,24,,,,,,,,,,,,,,,,,,,,,,,,,,,,,17159,0.002742372453212738
,,,24,,,,,,,,,,,,,,,,,,,,,,,,,,,,,17169,0.6084458231925964
,,,24,,,,,,,,,,,,,,,,,,,,,,,,,,,,,17179,0.0031660967506468296
,,,24,,,,,,,,,,,,,,,,,,,,,,,,,,,,,17189,0.0033990517258644104
,,,24,,,,,,,,,,,,,,,,,,,,,,,,,,,,,17199,0.0012216379400342703
,,,24,,,,,,,,,,,,,,,,,,,,,,,,,,,,,17209,0.0012494642287492752
,,,24,,,,,,,,,,,,,,,,,,,,,,,,,,,,,17219,0.0017490254249423742
,,,24,,,,,,,,,,,,,,,,,,,,,,,,,,,,,17229,0.05795746669173241
,,,24,,,,,,,,,,,,,,,,,,,,,,,,,,,,,17239,0.034951236099004745
,,,24,,,,,,,,,,,,,,,,,,,,,,,,,,,,,17249,0.0012066538911312819
,,,24,,,,,,,,,,,,,,,,,,,,,,,,,,,,,17259,0.0030129309743642807
,,,24,,,,,,,,,,,,,,,,,,,,,,,,,,,,,17269,0.029924901202321053
,,,24,,,,,,,,,,,,,,,,,,,,,,,,,,,,,17279,0.012667307630181313
,,,24,,,,,,,,,,,,,,,,,,,,,,,,,,,,,17289,0.0014820881187915802
,,,24,,,,,,,,,,,,,,,,,,,,,,,,,,,,,17299,0.004783363547176123
,,,24,,,,,,,,,,,,,,,,,,,,,,,,,,,,,17309,0.0024255604948848486
,,,24,,,,,,,,,,,,,,,,,,,,,,,,,,,,,17319,0.003489350900053978
,,,24,,,,,,,,,,,,,,,,,,,,,,,,,,,,,17329,1.1018133163452148
,,,24,,,,,,,,,,,,,,,,,,,,,,,,,,,,,17339,0.004905038513243198
,,,24,,,,,,,,,,,,,,,,,,,,,,,,,,,,,17349,0.004939225502312183
,,,24,,,,,,,,,,,,,,,,,,,,,,,,,,,,,17359,0.002071559429168701
,,,24,,,,,,,,,,,,,,,,,,,,,,,,,,,,,17369,0.00136556476354599
,,,24,,,,,,,,,,,,,,,,,,,,,,,,,,,,,17379,0.009583286941051483
,,,24,,,,,,,,,,,,,,,,,,,,,,,,,,,,,17389,0.0012942628236487508
,,,24,,,,,,,,,,,,,,,,,,,,,,,,,,,,,17399,0.0025682607665657997
,,,24,,,,,,,,,,,,,,,,,,,,,,,,,,,,,17409,0.0886344164609909
,,,24,,,,,,,,,,,,,,,,,,,,,,,,,,,,,17419,0.00043187057599425316
,,,24,,,,,,,,,,,,,,,,,,,,,,,,,,,,,17429,0.03383701667189598
,,,24,,,,,,,,,,,,,,,,,,,,,,,,,,,,,17439,0.13005058467388153
,,,24,,,,,,,,,,,,,,,,,,,,,,,,,,,,,17449,0.002397131873294711
,,,24,,,,,,,,,,,,,,,,,,,,,,,,,,,,,17459,0.012365114875137806
,,,24,,,,,,,,,,,,,,,,,,,,,,,,,,,,,17469,0.00404682382941246
,,,24,,,,,,,,,,,,,,,,,,,,,,,,,,,,,17479,0.0012566458899527788
,,,24,,,,,,,,,,,,,,,,,,,,,,,,,,,,,17489,0.0013970984145998955
,,,24,,,,,,,,,,,,,,,,,,,,,,,,,,,,,17499,0.5926386117935181
,,,24,,,,,,,,,,,,,,,,,,,,,,,,,,,,,17509,0.0020464358385652304
,,,24,,,,,,,,,,,,,,,,,,,,,,,,,,,,,17519,0.02479112707078457
0.8590604066848755,0.8517110347747803,0.8665376901626587,24,,,,,,,,,,,,,,,,,,,,,,,,,,,,,17524,
,,,,3.3378607357335043e-07,1.8698845198605113e-06,2.876745415170017e-06,2.876745415170017e-06,4.425762177184641e-06,4.425762177184641e-06,6.808864887976371e-06,6.808864887976371e-06,1.0475176750732877e-05,1.0475176750732877e-05,1.6115656539589043e-05,3.3378607357335043e-07,1.6115656539589043e-05,2.479331775321391e-05,2.479331775321391e-05,3.814356577417525e-05,3.814356577417525e-05,5.868240888334653e-05,5.868240888334653e-05,5.868240888334653e-05,5.868240888334653e-05,5.135170362666929e-07,5.135170362666929e-07,7.90026209641066e-07,7.90026209641066e-07,1.2154249379093322e-06,1.2154249379093322e-06,1.8698845198605113e-06,17525,
,,,25,,,,,,,,,,,,,,,,,,,,,,,,,,,,,17529,0.0047486284747719765
,,,25,,,,,,,,,,,,,,,,,,,,,,,,,,,,,17539,0.001811073161661625
,,,25,,,,,,,,,,,,,,,,,,,,,,,,,,,,,17549,0.0020670618396252394
,,,25,,,,,,,,,,,,,,,,,,,,,,,,,,,,,17559,0.00231297523714602
,,,25,,,,,,,,,,,,,,,,,,,,,,,,,,,,,17569,0.010900898836553097
,,,25,,,,,,,,,,,,,,,,,,,,,,,,,,,,,17579,0.0031934089493006468
,,,25,,,,,,,,,,,,,,,,,,,,,,,,,,,,,17589,0.0013160984963178635
,,,25,,,,,,,,,,,,,,,,,,,,,,,,,,,,,17599,0.06360910087823868
,,,25,,,,,,,,,,,,,,,,,,,,,,,,,,,,,17609,0.048021331429481506
,,,25,,,,,,,,,,,,,,,,,,,,,,,,,,,,,17619,0.004570457153022289
,,,25,,,,,,,,,,,,,,,,,,,,,,,,,,,,,17629,0.0014528491301462054
,,,25,,,,,,,,,,,,,,,,,,,,,,,,,,,,,17639,0.0037204818800091743
,,,25,,,,,,,,,,,,,,,,,,,,,,,,,,,,,17649,0.0018864497542381287
,,,25,,,,,,,,,,,,,,,,,,,,,,,,,,,,,17659,0.0011863203253597021
,,,25,,,,,,,,,,,,,,,,,,,,,,,,,,,,,17669,0.0010585515992715955
,,,25,,,,,,,,,,,,,,,,,,,,,,,,,,,,,17679,0.06462664902210236
,,,25,,,,,,,,,,,,,,,,,,,,,,,,,,,,,17689,0.001998396124690771
,,,25,,,,,,,,,,,,,,,,,,,,,,,,,,,,,17699,0.002013205783441663
,,,25,,,,,,,,,,,,,,,,,,,,,,,,,,,,,17709,0.0008182462188415229
,,,25,,,,,,,,,,,,,,,,,,,,,,,,,,,,,17719,0.0010962175438180566
,,,25,,,,,,,,,,,,,,,,,,,,,,,,,,,,,17729,0.0024849867913872004
,,,25,,,,,,,,,,,,,,,,,,,,,,,,,,,,,17739,0.0017172591760754585
,,,25,,,,,,,,,,,,,,,,,,,,,,,,,,,,,17749,0.004214657004922628
,,,25,,,,,,,,,,,,,,,,,,,,,,,,,,,,,17759,0.0008561798022128642
,,,25,,,,,,,,,,,,,,,,,,,,,,,,,,,,,17769,0.001657400862313807
,,,25,,,,,,,,,,,,,,,,,,,,,,,,,,,,,17779,0.002702202880755067
,,,25,,,,,,,,,,,,,,,,,,,,,,,,,,,,,17789,0.004714315757155418
,,,25,,,,,,,,,,,,,,,,,,,,,,,,,,,,,17799,0.0014205966144800186
,,,25,,,,,,,,,,,,,,,,,,,,,,,,,,,,,17809,0.03152647241950035
,,,25,,,,,,,,,,,,,,,,,,,,,,,,,,,,,17819,0.0007002170896157622
,,,25,,,,,,,,,,,,,,,,,,,,,,,,,,,,,17829,0.0029701744206249714
,,,25,,,,,,,,,,,,,,,,,,,,,,,,,,,,,17839,0.005367674399167299
,,,25,,,,,,,,,,,,,,,,,,,,,,,,,,,,,17849,0.002311085117980838
,,,25,,,,,,,,,,,,,,,,,,,,,,,,,,,,,17859,0.0013235457008704543
,,,25,,,,,,,,,,,,,,,,,,,,,,,,,,,,,17869,0.0005858048098161817
,,,25,,,,,,,,,,,,,,,,,,,,,,,,,,,,,17879,0.9913865327835083
,,,25,,,,,,,,,,,,,,,,,,,,,,,,,,,,,17889,0.001992881530895829
,,,25,,,,,,,,,,,,,,,,,,,,,,,,,,,,,17899,0.002665059408172965
,,,25,,,,,,,,,,,,,,,,,,,,,,,,,,,,,17909,0.015488458797335625
,,,25,,,,,,,,,,,,,,,,,,,,,,,,,,,,,17919,0.002009142655879259
,,,25,,,,,,,,,,,,,,,,,,,,,,,,,,,,,17929,0.8243524432182312
,,,25,,,,,,,,,,,,,,,,,,,,,,,,,,,,,17939,0.003227891866117716
,,,25,,,,,,,,,,,,,,,,,,,,,,,,,,,,,17949,0.00195759953930974
,,,25,,,,,,,,,,,,,,,,,,,,,,,,,,,,,17959,0.0013237992534413934
,,,25,,,,,,,,,,,,,,,,,,,,,,,,,,,,,17969,0.0012854952365159988
,,,25,,,,,,,,,,,,,,,,,,,,,,,,,,,,,17979,0.007241733372211456
,,,25,,,,,,,,,,,,,,,,,,,,,,,,,,,,,17989,0.0037007778882980347
,,,25,,,,,,,,,,,,,,,,,,,,,,,,,,,,,17999,0.0132152633741498
,,,25,,,,,,,,,,,,,,,,,,,,,,,,,,,,,18009,0.002945240121334791
,,,25,,,,,,,,,,,,,,,,,,,,,,,,,,,,,18019,0.0012356702936813235
,,,25,,,,,,,,,,,,,,,,,,,,,,,,,,,,,18029,0.003942227456718683
,,,25,,,,,,,,,,,,,,,,,,,,,,,,,,,,,18039,0.00150961650069803
,,,25,,,,,,,,,,,,,,,,,,,,,,,,,,,,,18049,0.0014847357524558902
,,,25,,,,,,,,,,,,,,,,,,,,,,,,,,,,,18059,0.00067219726042822
,,,25,,,,,,,,,,,,,,,,,,,,,,,,,,,,,18069,0.006269179750233889
,,,25,,,,,,,,,,,,,,,,,,,,,,,,,,,,,18079,0.0017220997251570225
,,,25,,,,,,,,,,,,,,,,,,,,,,,,,,,,,18089,0.0031939861364662647
,,,25,,,,,,,,,,,,,,,,,,,,,,,,,,,,,18099,0.20570319890975952
,,,25,,,,,,,,,,,,,,,,,,,,,,,,,,,,,18109,0.3190775215625763
,,,25,,,,,,,,,,,,,,,,,,,,,,,,,,,,,18119,0.004709291737526655
,,,25,,,,,,,,,,,,,,,,,,,,,,,,,,,,,18129,0.008946538902819157
,,,25,,,,,,,,,,,,,,,,,,,,,,,,,,,,,18139,0.004056473262608051
,,,25,,,,,,,,,,,,,,,,,,,,,,,,,,,,,18149,0.07835974544286728
,,,25,,,,,,,,,,,,,,,,,,,,,,,,,,,,,18159,0.008115718141198158
,,,25,,,,,,,,,,,,,,,,,,,,,,,,,,,,,18169,0.5997319221496582
,,,25,,,,,,,,,,,,,,,,,,,,,,,,,,,,,18179,0.001185881206765771
,,,25,,,,,,,,,,,,,,,,,,,,,,,,,,,,,18189,0.013496244326233864
,,,25,,,,,,,,,,,,,,,,,,,,,,,,,,,,,18199,0.002304328605532646
,,,25,,,,,,,,,,,,,,,,,,,,,,,,,,,,,18209,0.03581147640943527
,,,25,,,,,,,,,,,,,,,,,,,,,,,,,,,,,18219,0.0026634428650140762
,,,,3.141283954762321e-07,1.7597613275514558e-06,2.707325119309932e-06,2.707325119309932e-06,4.165115568169125e-06,4.165115568169125e-06,6.407870104875578e-06,6.407870104875578e-06,9.85826169980858e-06,9.85826169980858e-06,1.516655646124397e-05,3.141283954762321e-07,1.516655646124397e-05,2.333316378652918e-05,2.333316378652918e-05,3.589717505619874e-05,3.589717505619874e-05,5.522642316338268e-05,5.522642316338268e-05,5.522642316338268e-05,5.522642316338268e-05,4.832744545788186e-07,4.832744545788186e-07,7.434991608904902e-07,7.434991608904902e-07,1.1438448629084463e-06,1.1438448629084463e-06,1.7597613275514558e-06,18226,
,,,26,,,,,,,,,,,,,,,,,,,,,,,,,,,,,18229,0.0018001205753535032
,,,26,,,,,,,,,,,,,,,,,,,,,,,,,,,,,18239,0.04155230149626732
,,,26,,,,,,,,,,,,,,,,,,,,,,,,,,,,,18249,0.0023723181802779436
,,,26,,,,,,,,,,,,,,,,,,,,,,,,,,,,,18259,0.0013135005719959736
,,,26,,,,,,,,,,,,,,,,,,,,,,,,,,,,,18269,0.0012130056275054812
,,,26,,,,,,,,,,,,,,,,,,,,,,,,,,,,,18279,0.006628300063312054
,,,26,,,,,,,,,,,,,,,,,,,,,,,,,,,,,18289,0.006332851015031338
,,,26,,,,,,,,,,,,,,,,,,,,,,,,,,,,,18299,0.07152768969535828
,,,26,,,,,,,,,,,,,,,,,,,,,,,,,,,,,18309,0.0015199300833046436
,,,26,,,,,,,,,,,,,,,,,,,,,,,,,,,,,18319,0.0077163223177194595
,,,26,,,,,,,,,,,,,,,,,,,,,,,,,,,,,18329,0.12497315555810928
,,,26,,,,,,,,,,,,,,,,,,,,,,,,,,,,,18339,0.003902864409610629
,,,26,,,,,,,,,,,,,,,,,,,,,,,,,,,,,18349,0.0007533243042416871
,,,26,,,,,,,,,,,,,,,,,,,,,,,,,,,,,18359,0.0023889578878879547
,,,26,,,,,,,,,,,,,,,,,,,,,,,,,,,,,18369,0.0007415622822009027
,,,26,,,,,,,,,,,,,,,,,,,,,,,,,,,,,18379,0.0006969401147216558
,,,26,,,,,,,,,,,,,,,,,,,,,,,,,,,,,18389,0.002740077907219529
,,,26,,,,,,,,,,,,,,,,,,,,,,,,,,,,,18399,0.0025218657683581114
,,,26,,,,,,,,,,,,,,,,,,,,,,,,,,,,,18409,0.002204298973083496
,,,26,,,,,,,,,,,,,,,,,,,,,,,,,,,,,18419,0.07991158962249756
,,,26,,,,,,,,,,,,,,,,,,,,,,,,,,,,,18429,0.0010789138032123446
,,,26,,,,,,,,,,,,,,,,,,,,,,,,,,,,,18439,0.0202262494713068
,,,26,,,,,,,,,,,,,,,,,,,,,,,,,,,,,18449,0.018870759755373
,,,26,,,,,,,,,,,,,,,,,,,,,,,,,,,,,18459,0.0019970624707639217
,,,26,,,,,,,,,,,,,,,,,,,,,,,,,,,,,18469,0.004070226103067398
,,,26,,,,,,,,,,,,,,,,,,,,,,,,,,,,,18479,0.000565402559004724
,,,26,,,,,,,,,,,,,,,,,,,,,,,,,,,,,18489,0.003470888128504157
,,,26,,,,,,,,,,,,,,,,,,,,,,,,,,,,,18499,0.0007938545313663781
,,,26,,,,,,,,,,,,,,,,,,,,,,,,,,,,,18509,0.021371593698859215
,,,26,,,,,,,,,,,,,,,,,,,,,,,,,,,,,18519,0.042244914919137955
,,,26,,,,,,,,,,,,,,,,,,,,,,,,,,,,,18529,0.0015923884930089116
,,,26,,,,,,,,,,,,,,,,,,,,,,,,,,,,,18539,0.0022863068152219057
,,,26,,,,,,,,,,,,,,,,,,,,,,,,,,,,,18549,0.0015624668449163437
,,,26,,,,,,,,,,,,,,,,,,,,,,,,,,,,,18559,0.020849032327532768
,,,26,,,,,,,,,,,,,,,,,,,,,,,,,,,,,18569,0.00078340875916183
,,,26,,,,,,,,,,,,,,,,,,,,,,,,,,,,,18579,0.0023114157374948263
,,,26,,,,,,,,,,,,,,,,,,,,,,,,,,,,,18589,0.002740878611803055
,,,26,,,,,,,,,,,,,,,,,,,,,,,,,,,,,18599,0.0036951731890439987
,,,26,,,,,,,,,,,,,,,,,,,,,,,,,,,,,18609,0.03958984091877937
,,,26,,,,,,,,,,,,,,,,,,,,,,,,,,,,,18619,0.22815124690532684
,,,26,,,,,,,,,,,,,,,,,,,,,,,,,,,,,18629,0.001532431342639029
,,,26,,,,,,,,,,,,,,,,,,,,,,,,,,,,,18639,0.0008115108357742429
,,,26,,,,,,,,,,,,,,,,,,,,,,,,,,,,,18649,0.002817764412611723
,,,26,,,,,,,,,,,,,,,,,,,,,,,,,,,,,18659,0.0020064525306224823
,,,26,,,,,,,,,,,,,,,,,,,,,,,,,,,,,18669,0.03976432979106903
,,,26,,,,,,,,,,,,,,,,,,,,,,,,,,,,,18679,0.0034354261588305235
,,,26,,,,,,,,,,,,,,,,,,,,,,,,,,,,,18689,0.0018760341918095946
,,,26,,,,,,,,,,,,,,,,,,,,,,,,,,,,,18699,0.0037456839345395565
,,,26,,,,,,,,,,,,,,,,,,,,,,,,,,,,,18709,0.0030072899535298347
,,,26,,,,,,,,,,,,,,,,,,,,,,,,,,,,,18719,0.0012271106243133545
,,,26,,,,,,,,,,,,,,,,,,,,,,,,,,,,,18729,0.002446653787046671
,,,26,,,,,,,,,,,,,,,,,,,,,,,,,,,,,18739,0.0013114435132592916
,,,26,,,,,,,,,,,,,,,,,,,,,,,,,,,,,18749,0.001035892404615879
,,,26,,,,,,,,,,,,,,,,,,,,,,,,,,,,,18759,0.03574454411864281
,,,26,,,,,,,,,,,,,,,,,,,,,,,,,,,,,18769,0.001358588575385511
,,,26,,,,,,,,,,,,,,,,,,,,,,,,,,,,,18779,0.004151487722992897
,,,26,,,,,,,,,,,,,,,,,,,,,,,,,,,,,18789,0.003929054364562035
,,,26,,,,,,,,,,,,,,,,,,,,,,,,,,,,,18799,0.00223225518129766
,,,26,,,,,,,,,,,,,,,,,,,,,,,,,,,,,18809,0.005576248746365309
,,,26,,,,,,,,,,,,,,,,,,,,,,,,,,,,,18819,0.0772097185254097
,,,26,,,,,,,,,,,,,,,,,,,,,,,,,,,,,18829,0.01119344960898161
,,,26,,,,,,,,,,,,,,,,,,,,,,,,,,,,,18839,0.0010900228517130017
,,,26,,,,,,,,,,,,,,,,,,,,,,,,,,,,,18849,0.000682074052747339
,,,26,,,,,,,,,,,,,,,,,,,,,,,,,,,,,18859,0.5487596988677979
,,,26,,,,,,,,,,,,,,,,,,,,,,,,,,,,,18869,0.005335643887519836
,,,26,,,,,,,,,,,,,,,,,,,,,,,,,,,,,18879,0.004531575366854668
,,,26,,,,,,,,,,,,,,,,,,,,,,,,,,,,,18889,0.0013550992589443922
,,,26,,,,,,,,,,,,,,,,,,,,,,,,,,,,,18899,0.009862679988145828
,,,26,,,,,,,,,,,,,,,,,,,,,,,,,,,,,18909,0.017658252269029617
,,,26,,,,,,,,,,,,,,,,,,,,,,,,,,,,,18919,0.007906852290034294
,,,,2.943258858323685e-07,1.648826782436853e-06,2.5366565883643888e-06,2.5366565883643888e-06,3.902548597483675e-06,3.902548597483675e-06,6.003920919205654e-06,6.003920919205654e-06,9.236801414162544e-06,9.236801414162544e-06,1.4210463714096221e-05,2.943258858323685e-07,1.4210463714096221e-05,2.1862251867840337e-05,2.1862251867840337e-05,3.363423364283129e-05,3.363423364283129e-05,5.174497483512506e-05,5.174497483512506e-05,5.174497483512506e-05,5.174497483512506e-05,4.5280905512672074e-07,4.5280905512672074e-07,6.966293155795704e-07,6.966293155795704e-07,1.0717374085839545e-06,1.0717374085839545e-06,1.648826782436853e-06,18927,
,,,27,,,,,,,,,,,,,,,,,,,,,,,,,,,,,18929,0.01341368816792965
,,,27,,,,,,,,,,,,,,,,,,,,,,,,,,,,,18939,0.0008415245683863759
,,,27,,,,,,,,,,,,,,,,,,,,,,,,,,,,,18949,0.006961097475141287
,,,27,,,,,,,,,,,,,,,,,,,,,,,,,,,,,18959,0.0032225793693214655
,,,27,,,,,,,,,,,,,,,,,,,,,,,,,,,,,18969,0.001618391601368785
,,,27,,,,,,,,,,,,,,,,,,,,,,,,,,,,,18979,0.006444074679166079
,,,27,,,,,,,,,,,,,,,,,,,,,,,,,,,,,18989,0.0025251396000385284
,,,27,,,,,,,,,,,,,,,,,,,,,,,,,,,,,18999,0.0020253213588148355
,,,27,,,,,,,,,,,,,,,,,,,,,,,,,,,,,19009,0.013119019567966461
,,,27,,,,,,,,,,,,,,,,,,,,,,,,,,,,,19019,0.0012326481519266963
,,,27,,,,,,,,,,,,,,,,,,,,,,,,,,,,,19029,0.0012542615877464414
,,,27,,,,,,,,,,,,,,,,,,,,,,,,,,,,,19039,0.44714391231536865
,,,27,,,,,,,,,,,,,,,,,,,,,,,,,,,,,19049,0.0018596999580040574
,,,27,,,,,,,,,,,,,,,,,,,,,,,,,,,,,19059,0.03322996944189072
,,,27,,,,,,,,,,,,,,,,,,,,,,,,,,,,,19069,0.0018041403964161873
,,,27,,,,,,,,,,,,,,,,,,,,,,,,,,,,,19079,0.001184732187539339
,,,27,,,,,,,,,,,,,,,,,,,,,,,,,,,,,19089,0.0015825420850887895
,,,27,,,,,,,,,,,,,,,,,,,,,,,,,,,,,19099,0.006420881487429142
,,,27,,,,,,,,,,,,,,,,,,,,,,,,,,,,,19109,0.027931958436965942
,,,27,,,,,,,,,,,,,,,,,,,,,,,,,,,,,19119,0.0021526755299419165
,,,27,,,,,,,,,,,,,,,,,,,,,,,,,,,,,19129,0.0015043572057038546
,,,27,,,,,,,,,,,,,,,,,,,,,,,,,,,,,19139,0.0018318409565836191
,,,27,,,,,,,,,,,,,,,,,,,,,,,,,,,,,19149,0.001974581042304635
,,,27,,,,,,,,,,,,,,,,,,,,,,,,,,,,,19159,0.5017987489700317
,,,27,,,,,,,,,,,,,,,,,,,,,,,,,,,,,19169,0.0023005676921457052
,,,27,,,,,,,,,,,,,,,,,,,,,,,,,,,,,19179,0.0011672171531245112
,,,27,,,,,,,,,,,,,,,,,,,,,,,,,,,,,19189,0.0028940467163920403
,,,27,,,,,,,,,,,,,,,,,,,,,,,,,,,,,19199,0.0035525618586689234
,,,27,,,,,,,,,,,,,,,,,,,,,,,,,,,,,19209,0.0005492163472808897
,,,27,,,,,,,,,,,,,,,,,,,,,,,,,,,,,19219,0.2177366018295288
,,,27,,,,,,,,,,,,,,,,,,,,,,,,,,,,,19229,0.0011899900855496526
,,,27,,,,,,,,,,,,,,,,,,,,,,,,,,,,,19239,0.0019212098559364676
,,,27,,,,,,,,,,,,,,,,,,,,,,,,,,,,,19249,0.005166771821677685
,,,27,,,,,,,,,,,,,,,,,,,,,,,,,,,,,19259,0.053966373205184937
,,,27,,,,,,,,,,,,,,,,,,,,,,,,,,,,,19269,0.0015283033717423677
,,,27,,,,,,,,,,,,,,,,,,,,,,,,,,,,,19279,0.0021201143972575665
,,,27,,,,,,,,,,,,,,,,,,,,,,,,,,,,,19289,0.0030770106241106987
,,,27,,,,,,,,,,,,,,,,,,,,,,,,,,,,,19299,0.37256795167922974
,,,27,,,,,,,,,,,,,,,,,,,,,,,,,,,,,19309,0.015244217589497566
,,,27,,,,,,,,,,,,,,,,,,,,,,,,,,,,,19319,0.0013523988891392946
,,,27,,,,,,,,,,,,,,,,,,,,,,,,,,,,,19329,0.437162846326828
,,,27,,,,,,,,,,,,,,,,,,,,,,,,,,,,,19339,0.0011534516233950853
,,,27,,,,,,,,,,,,,,,,,,,,,,,,,,,,,19349,0.0012625657254830003
,,,27,,,,,,,,,,,,,,,,,,,,,,,,,,,,,19359,0.038229022175073624
,,,27,,,,,,,,,,,,,,,,,,,,,,,,,,,,,19369,0.00456510903313756
,,,27,,,,,,,,,,,,,,,,,,,,,,,,,,,,,19379,0.0069260201416909695
,,,27,,,,,,,,,,,,,,,,,,,,,,,,,,,,,19389,0.34908363223075867
,,,27,,,,,,,,,,,,,,,,,,,,,,,,,,,,,19399,0.0010914979502558708
,,,27,,,,,,,,,,,,,,,,,,,,,,,,,,,,,19409,0.001333134830929339
,,,27,,,,,,,,,,,,,,,,,,,,,,,,,,,,,19419,0.0008388858987018466
,,,27,,,,,,,,,,,,,,,,,,,,,,,,,,,,,19429,0.4627584218978882
,,,27,,,,,,,,,,,,,,,,,,,,,,,,,,,,,19439,0.1623435616493225
,,,27,,,,,,,,,,,,,,,,,,,,,,,,,,,,,19449,0.007682757452130318
,,,27,,,,,,,,,,,,,,,,,,,,,,,,,,,,,19459,0.007180360611528158
,,,27,,,,,,,,,,,,,,,,,,,,,,,,,,,,,19469,0.0015014281962066889
,,,27,,,,,,,,,,,,,,,,,,,,,,,,,,,,,19479,0.007772845681756735
,,,27,,,,,,,,,,,,,,,,,,,,,,,,,,,,,19489,0.001684599556028843
,,,27,,,,,,,,,,,,,,,,,,,,,,,,,,,,,19499,0.0015349723398685455
,,,27,,,,,,,,,,,,,,,,,,,,,,,,,,,,,19509,0.0015857217367738485
,,,27,,,,,,,,,,,,,,,,,,,,,,,,,,,,,19519,0.09007086604833603
,,,27,,,,,,,,,,,,,,,,,,,,,,,,,,,,,19529,0.04410295560956001
,,,27,,,,,,,,,,,,,,,,,,,,,,,,,,,,,19539,0.0017393677262589335
,,,27,,,,,,,,,,,,,,,,,,,,,,,,,,,,,19549,0.0007430908153764904
,,,27,,,,,,,,,,,,,,,,,,,,,,,,,,,,,19559,0.20555539429187775
,,,27,,,,,,,,,,,,,,,,,,,,,,,,,,,,,19569,0.0010323220631107688
,,,27,,,,,,,,,,,,,,,,,,,,,,,,,,,,,19579,0.0010560981463640928
,,,27,,,,,,,,,,,,,,,,,,,,,,,,,,,,,19589,0.3762955367565155
,,,27,,,,,,,,,,,,,,,,,,,,,,,,,,,,,19599,0.004094692412763834
,,,27,,,,,,,,,,,,,,,,,,,,,,,,,,,,,19609,0.0022986624389886856
,,,27,,,,,,,,,,,,,,,,,,,,,,,,,,,,,19619,0.003074187319725752
,,,,2.744750204782032e-07,1.537621346469399e-06,2.3655713022606135e-06,2.3655713022606135e-06,3.6393404650163284e-06,3.6393404650163284e-06,5.598985330794351e-06,5.598985330794351e-06,8.613823585837463e-06,8.613823585837463e-06,1.3252036285903789e-05,2.744750204782032e-07,1.3252036285903789e-05,2.0387748132159674e-05,2.0387748132159674e-05,3.136576635716873e-05,3.136576635716873e-05,4.825502516487497e-05,4.825502516487497e-05,4.825502516487497e-05,4.825502516487497e-05,4.222692622741587e-07,4.222692622741587e-07,6.496450188833211e-07,6.496450188833211e-07,9.994538752051094e-07,9.994538752051094e-07,1.537621346469399e-06,19628,
,,,28,,,,,,,,,,,,,,,,,,,,,,,,,,,,,19629,0.0010844138450920582
,,,28,,,,,,,,,,,,,,,,,,,,,,,,,,,,,19639,0.004021640866994858
,,,28,,,,,,,,,,,,,,,,,,,,,,,,,,,,,19649,0.0023146038874983788
,,,28,,,,,,,,,,,,,,,,,,,,,,,,,,,,,19659,0.0012826606398448348
,,,28,,,,,,,,,,,,,,,,,,,,,,,,,,,,,19669,0.003214361611753702
,,,28,,,,,,,,,,,,,,,,,,,,,,,,,,,,,19679,0.00042392947943881154
,,,28,,,,,,,,,,,,,,,,,,,,,,,,,,,,,19689,0.024401532486081123
,,,28,,,,,,,,,,,,,,,,,,,,,,,,,,,,,19699,0.0015809076139703393
,,,28,,,,,,,,,,,,,,,,,,,,,,,,,,,,,19709,0.0016423249617218971
,,,28,,,,,,,,,,,,,,,,,,,,,,,,,,,,,19719,0.0012213949812576175
,,,28,,,,,,,,,,,,,,,,,,,,,,,,,,,,,19729,0.0019484133226796985
,,,28,,,,,,,,,,,,,,,,,,,,,,,,,,,,,19739,0.003936367575079203
,,,28,,,,,,,,,,,,,,,,,,,,,,,,,,,,,19749,0.002273883670568466
,,,28,,,,,,,,,,,,,,,,,,,,,,,,,,,,,19759,0.01706756465137005
,,,28,,,,,,,,,,,,,,,,,,,,,,,,,,,,,19769,0.0029206867329776287
,,,28,,,,,,,,,,,,,,,,,,,,,,,,,,,,,19779,0.0010276748798787594
,,,28,,,,,,,,,,,,,,,,,,,,,,,,,,,,,19789,0.020314548164606094
,,,28,,,,,,,,,,,,,,,,,,,,,,,,,,,,,19799,0.0017980250995606184
,,,28,,,,,,,,,,,,,,,,,,,,,,,,,,,,,19809,0.021470511332154274
,,,28,,,,,,,,,,,,,,,,,,,,,,,,,,,,,19819,0.0009785431902855635
,,,28,,,,,,,,,,,,,,,,,,,,,,,,,,,,,19829,0.0012161300983279943
,,,28,,,,,,,,,,,,,,,,,,,,,,,,,,,,,19839,0.0029191833455115557
,,,28,,,,,,,,,,,,,,,,,,,,,,,,,,,,,19849,0.036854036152362823
,,,28,,,,,,,,,,,,,,,,,,,,,,,,,,,,,19859,0.0012111782561987638
,,,28,,,,,,,,,,,,,,,,,,,,,,,,,,,,,19869,0.0059841531328856945
,,,28,,,,,,,,,,,,,,,,,,,,,,,,,,,,,19879,0.0018428233452141285
,,,28,,,,,,,,,,,,,,,,,,,,,,,,,,,,,19889,0.049246903508901596
,,,28,,,,,,,,,,,,,,,,,,,,,,,,,,,,,19899,0.0006973668932914734
,,,28,,,,,,,,,,,,,,,,,,,,,,,,,,,,,19909,0.002005388494580984
,,,28,,,,,,,,,,,,,,,,,,,,,,,,,,,,,19919,0.0016833024565130472
,,,28,,,,,,,,,,,,,,,,,,,,,,,,,,,,,19929,0.002932547125965357
,,,28,,,,,,,,,,,,,,,,,,,,,,,,,,,,,19939,0.0007835603319108486
,,,28,,,,,,,,,,,,,,,,,,,,,,,,,,,,,19949,0.005075437016785145
,,,28,,,,,,,,,,,,,,,,,,,,,,,,,,,,,19959,0.0681982934474945
,,,28,,,,,,,,,,,,,,,,,,,,,,,,,,,,,19969,0.0017404869431629777
,,,28,,,,,,,,,,,,,,,,,,,,,,,,,,,,,19979,0.001265975646674633
,,,28,,,,,,,,,,,,,,,,,,,,,,,,,,,,,19989,0.0030816022772341967
,,,28,,,,,,,,,,,,,,,,,,,,,,,,,,,,,19999,0.0339803509414196
,,,28,,,,,,,,,,,,,,,,,,,,,,,,,,,,,20009,0.3771245777606964
,,,28,,,,,,,,,,,,,,,,,,,,,,,,,,,,,20019,0.0009939959272742271
,,,28,,,,,,,,,,,,,,,,,,,,,,,,,,,,,20029,0.01436945516616106
,,,28,,,,,,,,,,,,,,,,,,,,,,,,,,,,,20039,0.004492432344704866
,,,28,,,,,,,,,,,,,,,,,,,,,,,,,,,,,20049,0.27492183446884155
,,,28,,,,,,,,,,,,,,,,,,,,,,,,,,,,,20059,0.021129243075847626
,,,28,,,,,,,,,,,,,,,,,,,,,,,,,,,,,20069,0.001960214925929904
,,,28,,,,,,,,,,,,,,,,,,,,,,,,,,,,,20079,0.06115487217903137
,,,28,,,,,,,,,,,,,,,,,,,,,,,,,,,,,20089,0.002571108052507043
,,,28,,,,,,,,,,,,,,,,,,,,,,,,,,,,,20099,0.0008858178625814617
,,,28,,,,,,,,,,,,,,,,,,,,,,,,,,,,,20109,0.001728602685034275
,,,28,,,,,,,,,,,,,,,,,,,,,,,,,,,,,20119,0.0038236547261476517
,,,28,,,,,,,,,,,,,,,,,,,,,,,,,,,,,20129,0.0673823356628418
,,,28,,,,,,,,,,,,,,,,,,,,,,,,,,,,,20139,0.0012006113538518548
,,,28,,,,,,,,,,,,,,,,,,,,,,,,,,,,,20149,0.001542861806228757
,,,28,,,,,,,,,,,,,,,,,,,,,,,,,,,,,20159,0.007704142946749926
,,,28,,,,,,,,,,,,,,,,,,,,,,,,,,,,,20169,0.007425082381814718
,,,28,,,,,,,,,,,,,,,,,,,,,,,,,,,,,20179,0.0007861704798415303
,,,28,,,,,,,,,,,,,,,,,,,,,,,,,,,,,20189,0.00889189075678587
,,,28,,,,,,,,,,,,,,,,,,,,,,,,,,,,,20199,0.0024919447023421526
,,,28,,,,,,,,,,,,,,,,,,,,,,,,,,,,,20209,0.0012907194904983044
,,,28,,,,,,,,,,,,,,,,,,,,,,,,,,,,,20219,0.0005886310245841742
,,,28,,,,,,,,,,,,,,,,,,,,,,,,,,,,,20229,0.04976038262248039
,,,28,,,,,,,,,,,,,,,,,,,,,,,,,,,,,20239,0.008764782920479774
,,,28,,,,,,,,,,,,,,,,,,,,,,,,,,,,,20249,0.5898765921592712
,,,28,,,,,,,,,,,,,,,,,,,,,,,,,,,,,20259,0.009599627926945686
,,,28,,,,,,,,,,,,,,,,,,,,,,,,,,,,,20269,0.0015546572394669056
,,,28,,,,,,,,,,,,,,,,,,,,,,,,,,,,,20279,0.0010319084394723177
,,,28,,,,,,,,,,,,,,,,,,,,,,,,,,,,,20289,0.0005479578976519406
,,,28,,,,,,,,,,,,,,,,,,,,,,,,,,,,,20299,0.001469623763114214
,,,28,,,,,,,,,,,,,,,,,,,,,,,,,,,,,20309,0.008066629990935326
,,,28,,,,,,,,,,,,,,,,,,,,,,,,,,,,,20319,0.0008387911366298795
,,,,2.5467251083433957e-07,1.4266868013547958e-06,2.1949027713150704e-06,2.1949027713150704e-06,3.376773494330877e-06,3.376773494330877e-06,5.195036145124426e-06,5.195036145124426e-06,7.992363300191425e-06,7.992363300191425e-06,1.2295943538756038e-05,2.5467251083433957e-07,1.2295943538756038e-05,1.8916836213470826e-05,1.8916836213470826e-05,2.9102824943801272e-05,2.9102824943801272e-05,4.477357683661734e-05,4.477357683661734e-05,4.477357683661734e-05,4.477357683661734e-05,3.9180386282206076e-07,3.9180386282206076e-07,6.027751735724013e-07,6.027751735724013e-07,9.273464208806172e-07,9.273464208806172e-07,1.4266868013547958e-06,20329,
,,,29,,,,,,,,,,,,,,,,,,,,,,,,,,,,,20329,0.06600341945886612
,,,29,,,,,,,,,,,,,,,,,,,,,,,,,,,,,20339,0.00514980498701334
,,,29,,,,,,,,,,,,,,,,,,,,,,,,,,,,,20349,0.15037715435028076
,,,29,,,,,,,,,,,,,,,,,,,,,,,,,,,,,20359,0.002560709835961461
,,,29,,,,,,,,,,,,,,,,,,,,,,,,,,,,,20369,0.0011920756660401821
,,,29,,,,,,,,,,,,,,,,,,,,,,,,,,,,,20379,0.0009693251340650022
,,,29,,,,,,,,,,,,,,,,,,,,,,,,,,,,,20389,0.4899919927120209
,,,29,,,,,,,,,,,,,,,,,,,,,,,,,,,,,20399,0.0012920824810862541
,,,29,,,,,,,,,,,,,,,,,,,,,,,,,,,,,20409,0.0015218944754451513
,,,29,,,,,,,,,,,,,,,,,,,,,,,,,,,,,20419,0.0015264448011294007
,,,29,,,,,,,,,,,,,,,,,,,,,,,,,,,,,20429,0.00544622540473938
,,,29,,,,,,,,,,,,,,,,,,,,,,,,,,,,,20439,0.0010745890904217958
,,,29,,,,,,,,,,,,,,,,,,,,,,,,,,,,,20449,0.0011154722888022661
,,,29,,,,,,,,,,,,,,,,,,,,,,,,,,,,,20459,0.000523547874763608
,,,29,,,,,,,,,,,,,,,,,,,,,,,,,,,,,20469,0.00825737789273262
,,,29,,,,,,,,,,,,,,,,,,,,,,,,,,,,,20479,0.0010657821549102664
,,,29,,,,,,,,,,,,,,,,,,,,,,,,,,,,,20489,0.001261151977814734
,,,29,,,,,,,,,,,,,,,,,,,,,,,,,,,,,20499,0.0010637002997100353
,,,29,,,,,,,,,,,,,,,,,,,,,,,,,,,,,20509,0.001194785232655704
,,,29,,,,,,,,,,,,,,,,,,,,,,,,,,,,,20519,0.0015351846814155579
,,,29,,,,,,,,,,,,,,,,,,,,,,,,,,,,,20529,0.0007809080416336656
,,,29,,,,,,,,,,,,,,,,,,,,,,,,,,,,,20539,0.0013681543059647083
,,,29,,,,,,,,,,,,,,,,,,,,,,,,,,,,,20549,0.000611514609772712
,,,29,,,,,,,,,,,,,,,,,,,,,,,,,,,,,20559,0.002682468155398965
,,,29,,,,,,,,,,,,,,,,,,,,,,,,,,,,,20569,0.0070054009556770325
,,,29,,,,,,,,,,,,,,,,,,,,,,,,,,,,,20579,0.0007333840476348996
,,,29,,,,,,,,,,,,,,,,,,,,,,,,,,,,,20589,0.009903163649141788
,,,29,,,,,,,,,,,,,,,,,,,,,,,,,,,,,20599,0.0008703721105121076
,,,29,,,,,,,,,,,,,,,,,,,,,,,,,,,,,20609,0.0009148946846835315
,,,29,,,,,,,,,,,,,,,,,,,,,,,,,,,,,20619,0.002043633721768856
,,,29,,,,,,,,,,,,,,,,,,,,,,,,,,,,,20629,0.0015176284359768033
,,,29,,,,,,,,,,,,,,,,,,,,,,,,,,,,,20639,0.0011789140990003943
,,,29,,,,,,,,,,,,,,,,,,,,,,,,,,,,,20649,0.0019314965466037393
,,,29,,,,,,,,,,,,,,,,,,,,,,,,,,,,,20659,0.0012710544979199767
,,,29,,,,,,,,,,,,,,,,,,,,,,,,,,,,,20669,0.0011159548303112388
,,,29,,,,,,,,,,,,,,,,,,,,,,,,,,,,,20679,0.006401628255844116
,,,29,,,,,,,,,,,,,,,,,,,,,,,,,,,,,20689,0.0012554085114970803
,,,29,,,,,,,,,,,,,,,,,,,,,,,,,,,,,20699,0.0017199330031871796
,,,29,,,,,,,,,,,,,,,,,,,,,,,,,,,,,20709,0.0019428199157118797
,,,29,,,,,,,,,,,,,,,,,,,,,,,,,,,,,20719,0.0002635800337884575
,,,29,,,,,,,,,,,,,,,,,,,,,,,,,,,,,20729,0.00774199515581131
,,,29,,,,,,,,,,,,,,,,,,,,,,,,,,,,,20739,0.0033650698605924845
,,,29,,,,,,,,,,,,,,,,,,,,,,,,,,,,,20749,0.001282334211282432
,,,29,,,,,,,,,,,,,,,,,,,,,,,,,,,,,20759,0.004419459030032158
,,,29,,,,,,,,,,,,,,,,,,,,,,,,,,,,,20769,0.0018216354073956609
,,,29,,,,,,,,,,,,,,,,,,,,,,,,,,,,,20779,0.0011660474119707942
,,,29,,,,,,,,,,,,,,,,,,,,,,,,,,,,,20789,0.0016062159556895494
,,,29,,,,,,,,,,,,,,,,,,,,,,,,,,,,,20799,0.0010986746056005359
,,,29,,,,,,,,,,,,,,,,,,,,,,,,,,,,,20809,0.0006614221492782235
,,,29,,,,,,,,,,,,,,,,,,,,,,,,,,,,,20819,0.001249256543815136
,,,29,,,,,,,,,,,,,,,,,,,,,,,,,,,,,20829,0.6439960598945618
,,,29,,,,,,,,,,,,,,,,,,,,,,,,,,,,,20839,0.001157346647232771
,,,29,,,,,,,,,,,,,,,,,,,,,,,,,,,,,20849,0.0024198791943490505
,,,29,,,,,,,,,,,,,,,,,,,,,,,,,,,,,20859,0.00890246219933033
,,,29,,,,,,,,,,,,,,,,,,,,,,,,,,,,,20869,0.006272234488278627
,,,29,,,,,,,,,,,,,,,,,,,,,,,,,,,,,20879,0.0022080433554947376
,,,29,,,,,,,,,,,,,,,,,,,,,,,,,,,,,20889,0.09980069845914841
,,,29,,,,,,,,,,,,,,,,,,,,,,,,,,,,,20899,0.1915484070777893
,,,29,,,,,,,,,,,,,,,,,,,,,,,,,,,,,20909,0.001552981324493885
,,,29,,,,,,,,,,,,,,,,,,,,,,,,,,,,,20919,0.22254924476146698
,,,29,,,,,,,,,,,,,,,,,,,,,,,,,,,,,20929,0.002135041868314147
,,,29,,,,,,,,,,,,,,,,,,,,,,,,,,,,,20939,0.002397691598162055
,,,29,,,,,,,,,,,,,,,,,,,,,,,,,,,,,20949,0.0020021009258925915
,,,29,,,,,,,,,,,,,,,,,,,,,,,,,,,,,20959,0.002016298705711961
,,,29,,,,,,,,,,,,,,,,,,,,,,,,,,,,,20969,0.0011447976576164365
,,,29,,,,,,,,,,,,,,,,,,,,,,,,,,,,,20979,0.002825183095410466
,,,29,,,,,,,,,,,,,,,,,,,,,,,,,,,,,20989,0.0015980284661054611
,,,29,,,,,,,,,,,,,,,,,,,,,,,,,,,,,20999,0.0008956969832070172
,,,29,,,,,,,,,,,,,,,,,,,,,,,,,,,,,21009,0.001157349906861782
,,,29,,,,,,,,,,,,,,,,,,,,,,,,,,,,,21019,0.0006168066756799817
,,,29,,,,,,,,,,,,,,,,,,,,,,,,,,,,,21029,0.0018478472484275699
0.8816794157028198,0.8700565099716187,0.8936170339584351,29,,,,,,,,,,,,,,,,,,,,,,,,,,,,,21029,
,,,,2.3501483273722123e-07,1.3165636090457405e-06,2.025482475454985e-06,2.025482475454985e-06,3.1161268853153615e-06,3.1161268853153615e-06,4.794041362023633e-06,4.794041362023633e-06,7.375448249267128e-06,7.375448249267128e-06,1.1346843460410964e-05,2.3501483273722123e-07,1.1346843460410964e-05,1.7456682246786098e-05,1.7456682246786098e-05,2.685643422582477e-05,2.685643422582477e-05,4.131759111665349e-05,4.131759111665349e-05,4.131759111665349e-05,4.131759111665349e-05,3.6156128113418643e-07,3.6156128113418643e-07,5.562481248218254e-07,5.562481248218254e-07,8.557663458797313e-07,8.557663458797313e-07,1.3165636090457405e-06,21030,
,,,30,,,,,,,,,,,,,,,,,,,,,,,,,,,,,21039,0.000748244347050786
,,,30,,,,,,,,,,,,,,,,,,,,,,,,,,,,,21049,0.0013538930797949433
,,,30,,,,,,,,,,,,,,,,,,,,,,,,,,,,,21059,0.0015741923125460744
,,,30,,,,,,,,,,,,,,,,,,,,,,,,,,,,,21069,0.003299844218418002
,,,30,,,,,,,,,,,,,,,,,,,,,,,,,,,,,21079,0.0005434631602838635
,,,30,,,,,,,,,,,,,,,,,,,,,,,,,,,,,21089,0.003222161205485463
,,,30,,,,,,,,,,,,,,,,,,,,,,,,,,,,,21099,0.0019062802894040942
,,,30,,,,,,,,,,,,,,,,,,,,,,,,,,,,,21109,0.44675472378730774
,,,30,,,,,,,,,,,,,,,,,,,,,,,,,,,,,21119,0.0025398109573870897
,,,30,,,,,,,,,,,,,,,,,,,,,,,,,,,,,21129,0.0013497453182935715
,,,30,,,,,,,,,,,,,,,,,,,,,,,,,,,,,21139,0.0007163662812672555
,,,30,,,,,,,,,,,,,,,,,,,,,,,,,,,,,21149,0.00513078598305583
,,,30,,,,,,,,,,,,,,,,,,,,,,,,,,,,,21159,0.002663333434611559
,,,30,,,,,,,,,,,,,,,,,,,,,,,,,,,,,21169,0.0013055516174063087
,,,30,,,,,,,,,,,,,,,,,,,,,,,,,,,,,21179,0.002946896944195032
,,,30,,,,,,,,,,,,,,,,,,,,,,,,,,,,,21189,0.0014186385087668896
,,,30,,,,,,,,,,,,,,,,,,,,,,,,,,,,,21199,0.0009295702329836786
,,,30,,,,,,,,,,,,,,,,,,,,,,,,,,,,,21209,0.0021067317575216293
,,,30,,,,,,,,,,,,,,,,,,,,,,,,,,,,,21219,0.08137983828783035
,,,30,,,,,,,,,,,,,,,,,,,,,,,,,,,,,21229,0.47572362422943115
,,,30,,,,,,,,,,,,,,,,,,,,,,,,,,,,,21239,0.2561464309692383
,,,30,,,,,,,,,,,,,,,,,,,,,,,,,,,,,21249,0.0019213022897019982
,,,30,,,,,,,,,,,,,,,,,,,,,,,,,,,,,21259,0.002034046920016408
,,,30,,,,,,,,,,,,,,,,,,,,,,,,,,,,,21269,0.06723780930042267
,,,30,,,,,,,,,,,,,,,,,,,,,,,,,,,,,21279,0.005980722140520811
,,,30,,,,,,,,,,,,,,,,,,,,,,,,,,,,,21289,0.0019186988938599825
,,,30,,,,,,,,,,,,,,,,,,,,,,,,,,,,,21299,0.0016272312495857477
,,,30,,,,,,,,,,,,,,,,,,,,,,,,,,,,,21309,0.0021651717834174633
,,,30,,,,,,,,,,,,,,,,,,,,,,,,,,,,,21319,0.004996228031814098
,,,30,,,,,,,,,,,,,,,,,,,,,,,,,,,,,21329,0.0013591767055913806
,,,30,,,,,,,,,,,,,,,,,,,,,,,,,,,,,21339,0.004481206648051739
,,,30,,,,,,,,,,,,,,,,,,,,,,,,,,,,,21349,0.0021265456452965736
,,,30,,,,,,,,,,,,,,,,,,,,,,,,,,,,,21359,0.001656688516959548
,,,30,,,,,,,,,,,,,,,,,,,,,,,,,,,,,21369,0.006751720327883959
,,,30,,,,,,,,,,,,,,,,,,,,,,,,,,,,,21379,0.0009463966125622392
,,,30,,,,,,,,,,,,,,,,,,,,,,,,,,,,,21389,0.0013303081505000591
,,,30,,,,,,,,,,,,,,,,,,,,,,,,,,,,,21399,0.09695115685462952
,,,30,,,,,,,,,,,,,,,,,,,,,,,,,,,,,21409,0.00199373671784997
,,,30,,,,,,,,,,,,,,,,,,,,,,,,,,,,,21419,0.0008288642857223749
,,,30,,,,,,,,,,,,,,,,,,,,,,,,,,,,,21429,0.0006933801923878491
,,,30,,,,,,,,,,,,,,,,,,,,,,,,,,,,,21439,0.003881970187649131
,,,30,,,,,,,,,,,,,,,,,,,,,,,,,,,,,21449,0.0018028209451586008
,,,30,,,,,,,,,,,,,,,,,,,,,,,,,,,,,21459,0.003770592389628291
,,,30,,,,,,,,,,,,,,,,,,,,,,,,,,,,,21469,0.001236451556906104
,,,30,,,,,,,,,,,,,,,,,,,,,,,,,,,,,21479,0.6501365303993225
,,,30,,,,,,,,,,,,,,,,,,,,,,,,,,,,,21489,0.0010939700296148658
,,,30,,,,,,,,,,,,,,,,,,,,,,,,,,,,,21499,0.00804207380861044
,,,30,,,,,,,,,,,,,,,,,,,,,,,,,,,,,21509,0.0008826416451483965
,,,30,,,,,,,,,,,,,,,,,,,,,,,,,,,,,21519,0.0710095539689064
,,,30,,,,,,,,,,,,,,,,,,,,,,,,,,,,,21529,0.000673626665957272
,,,30,,,,,,,,,,,,,,,,,,,,,,,,,,,,,21539,0.4377443492412567
,,,30,,,,,,,,,,,,,,,,,,,,,,,,,,,,,21549,0.0023551741614937782
,,,30,,,,,,,,,,,,,,,,,,,,,,,,,,,,,21559,0.0004992372705601156
,,,30,,,,,,,,,,,,,,,,,,,,,,,,,,,,,21569,0.006151095032691956
,,,30,,,,,,,,,,,,,,,,,,,,,,,,,,,,,21579,0.005359439179301262
,,,30,,,,,,,,,,,,,,,,,,,,,,,,,,,,,21589,0.013270747847855091
,,,30,,,,,,,,,,,,,,,,,,,,,,,,,,,,,21599,0.0008620157022960484
,,,30,,,,,,,,,,,,,,,,,,,,,,,,,,,,,21609,0.0031826631166040897
,,,30,,,,,,,,,,,,,,,,,,,,,,,,,,,,,21619,0.0027610603719949722
,,,30,,,,,,,,,,,,,,,,,,,,,,,,,,,,,21629,0.001202682964503765
,,,30,,,,,,,,,,,,,,,,,,,,,,,,,,,,,21639,0.0007453634752891958
,,,30,,,,,,,,,,,,,,,,,,,,,,,,,,,,,21649,0.018447088077664375
,,,30,,,,,,,,,,,,,,,,,,,,,,,,,,,,,21659,0.0009908957872539759
,,,30,,,,,,,,,,,,,,,,,,,,,,,,,,,,,21669,0.02581760287284851
,,,30,,,,,,,,,,,,,,,,,,,,,,,,,,,,,21679,0.007584267295897007
,,,30,,,,,,,,,,,,,,,,,,,,,,,,,,,,,21689,0.011857270263135433
,,,30,,,,,,,,,,,,,,,,,,,,,,,,,,,,,21699,0.007177609484642744
,,,30,,,,,,,,,,,,,,,,,,,,,,,,,,,,,21709,0.0033990079537034035
,,,30,,,,,,,,,,,,,,,,,,,,,,,,,,,,,21719,0.002203785814344883
,,,30,,,,,,,,,,,,,,,,,,,,,,,,,,,,,21729,0.0029488687869161367
,,,,2.155977564185546e-07,1.2077882786656185e-06,1.8581358133317206e-06,1.8581358133317206e-06,2.8586704820488007e-06,2.8586704820488007e-06,4.397954587767385e-06,4.397954587767385e-06,6.766083981180593e-06,6.766083981180593e-06,1.0409359971047065e-05,2.155977564185546e-07,1.0409359971047065e-05,1.6014399955457025e-05,1.6014399955457025e-05,2.4637538393010805e-05,2.4637538393010805e-05,3.790390522001662e-05,3.790390522001662e-05,3.790390522001662e-05,3.790390522001662e-05,3.3168885602854544e-07,3.3168885602854544e-07,5.102905477362238e-07,5.102905477362238e-07,7.850623811326521e-07,7.850623811326521e-07,1.2077882786656185e-06,21731,
,,,31,,,,,,,,,,,,,,,,,,,,,,,,,,,,,21739,0.0008579793502576649
,,,31,,,,,,,,,,,,,,,,,,,,,,,,,,,,,21749,0.000936967961024493
,,,31,,,,,,,,,,,,,,,,,,,,,,,,,,,,,21759,0.07201075553894043
,,,31,,,,,,,,,,,,,,,,,,,,,,,,,,,,,21769,0.06001772731542587
,,,31,,,,,,,,,,,,,,,,,,,,,,,,,,,,,21779,0.0018861815333366394
,,,31,,,,,,,,,,,,,,,,,,,,,,,,,,,,,21789,0.0005004160339012742
,,,31,,,,,,,,,,,,,,,,,,,,,,,,,,,,,21799,0.0022741081193089485
,,,31,,,,,,,,,,,,,,,,,,,,,,,,,,,,,21809,0.0020569241605699062
,,,31,,,,,,,,,,,,,,,,,,,,,,,,,,,,,21819,0.2821802496910095
,,,31,,,,,,,,,,,,,,,,,,,,,,,,,,,,,21829,0.001397017971612513
,,,31,,,,,,,,,,,,,,,,,,,,,,,,,,,,,21839,0.000550751865375787
,,,31,,,,,,,,,,,,,,,,,,,,,,,,,,,,,21849,0.0005903651472181082
,,,31,,,,,,,,,,,,,,,,,,,,,,,,,,,,,21859,0.0013296346878632903
,,,31,,,,,,,,,,,,,,,,,,,,,,,,,,,,,21869,0.005505098029971123
,,,31,,,,,,,,,,,,,,,,,,,,,,,,,,,,,21879,0.005185749847441912
,,,31,,,,,,,,,,,,,,,,,,,,,,,,,,,,,21889,0.0012539513409137726
,,,31,,,,,,,,,,,,,,,,,,,,,,,,,,,,,21899,0.0017947523156180978
,,,31,,,,,,,,,,,,,,,,,,,,,,,,,,,,,21909,0.0016276701353490353
,,,31,,,,,,,,,,,,,,,,,,,,,,,,,,,,,21919,0.0025229775346815586
,,,31,,,,,,,,,,,,,,,,,,,,,,,,,,,,,21929,0.01605253294110298
,,,31,,,,,,,,,,,,,,,,,,,,,,,,,,,,,21939,0.005273940972983837
,,,31,,,,,,,,,,,,,,,,,,,,,,,,,,,,,21949,0.01619739830493927
,,,31,,,,,,,,,,,,,,,,,,,,,,,,,,,,,21959,0.0014443662948906422
,,,31,,,,,,,,,,,,,,,,,,,,,,,,,,,,,21969,0.0019873403944075108
,,,31,,,,,,,,,,,,,,,,,,,,,,,,,,,,,21979,0.002271737204864621
,,,31,,,,,,,,,,,,,,,,,,,,,,,,,,,,,21989,0.0014040186069905758
,,,31,,,,,,,,,,,,,,,,,,,,,,,,,,,,,21999,0.0027646373491734266
,,,31,,,,,,,,,,,,,,,,,,,,,,,,,,,,,22009,0.14584435522556305
,,,31,,,,,,,,,,,,,,,,,,,,,,,,,,,,,22019,0.0015471368096768856
,,,31,,,,,,,,,,,,,,,,,,,,,,,,,,,,,22029,0.0022939429618418217
,,,31,,,,,,,,,,,,,,,,,,,,,,,,,,,,,22039,0.0015385787701234221
,,,31,,,,,,,,,,,,,,,,,,,,,,,,,,,,,22049,0.005625493824481964
,,,31,,,,,,,,,,,,,,,,,,,,,,,,,,,,,22059,0.0008911914192140102
,,,31,,,,,,,,,,,,,,,,,,,,,,,,,,,,,22069,0.002029839437454939
,,,31,,,,,,,,,,,,,,,,,,,,,,,,,,,,,22079,0.0006854343228042126
,,,31,,,,,,,,,,,,,,,,,,,,,,,,,,,,,22089,0.0012589849065989256
,,,31,,,,,,,,,,,,,,,,,,,,,,,,,,,,,22099,0.00246024364605546
,,,31,,,,,,,,,,,,,,,,,,,,,,,,,,,,,22109,0.0025744696613401175
,,,31,,,,,,,,,,,,,,,,,,,,,,,,,,,,,22119,0.002937088953331113
,,,31,,,,,,,,,,,,,,,,,,,,,,,,,,,,,22129,0.0015903654275462031
,,,31,,,,,,,,,,,,,,,,,,,,,,,,,,,,,22139,0.0035886657424271107
,,,31,,,,,,,,,,,,,,,,,,,,,,,,,,,,,22149,0.022468023002147675
,,,31,,,,,,,,,,,,,,,,,,,,,,,,,,,,,22159,0.014000143855810165
,,,31,,,,,,,,,,,,,,,,,,,,,,,,,,,,,22169,0.0020647342316806316
,,,31,,,,,,,,,,,,,,,,,,,,,,,,,,,,,22179,0.0019293420482426882
,,,31,,,,,,,,,,,,,,,,,,,,,,,,,,,,,22189,0.0035670623183250427
,,,31,,,,,,,,,,,,,,,,,,,,,,,,,,,,,22199,0.007023392710834742
,,,31,,,,,,,,,,,,,,,,,,,,,,,,,,,,,22209,0.2646837532520294
,,,31,,,,,,,,,,,,,,,,,,,,,,,,,,,,,22219,0.0009936491260305047
,,,31,,,,,,,,,,,,,,,,,,,,,,,,,,,,,22229,0.0010897045722231269
,,,31,,,,,,,,,,,,,,,,,,,,,,,,,,,,,22239,0.3484329581260681
,,,31,,,,,,,,,,,,,,,,,,,,,,,,,,,,,22249,0.0008504055440425873
,,,31,,,,,,,,,,,,,,,,,,,,,,,,,,,,,22259,0.06507202237844467
,,,31,,,,,,,,,,,,,,,,,,,,,,,,,,,,,22269,0.0007802968611940742
,,,31,,,,,,,,,,,,,,,,,,,,,,,,,,,,,22279,0.0009198483894579113
,,,31,,,,,,,,,,,,,,,,,,,,,,,,,,,,,22289,0.0009943055920302868
,,,31,,,,,,,,,,,,,,,,,,,,,,,,,,,,,22299,0.41590118408203125
,,,31,,,,,,,,,,,,,,,,,,,,,,,,,,,,,22309,0.0019324965542182326
,,,31,,,,,,,,,,,,,,,,,,,,,,,,,,,,,22319,0.0023769293911755085
,,,31,,,,,,,,,,,,,,,,,,,,,,,,,,,,,22329,0.0009128425153903663
,,,31,,,,,,,,,,,,,,,,,,,,,,,,,,,,,22339,0.0020404558163136244
,,,31,,,,,,,,,,,,,,,,,,,,,,,,,,,,,22349,0.00045154234976507723
,,,31,,,,,,,,,,,,,,,,,,,,,,,,,,,,,22359,0.025492386892437935
,,,31,,,,,,,,,,,,,,,,,,,,,,,,,,,,,22369,0.0006839119596406817
,,,31,,,,,,,,,,,,,,,,,,,,,,,,,,,,,22379,0.006077520549297333
,,,31,,,,,,,,,,,,,,,,,,,,,,,,,,,,,22389,0.007014000788331032
,,,31,,,,,,,,,,,,,,,,,,,,,,,,,,,,,22399,0.013704036362469196
,,,31,,,,,,,,,,,,,,,,,,,,,,,,,,,,,22409,0.0035192787181586027
,,,31,,,,,,,,,,,,,,,,,,,,,,,,,,,,,22419,0.001758574740961194
,,,31,,,,,,,,,,,,,,,,,,,,,,,,,,,,,22429,0.003878994844853878
,,,,1.9651587992236636e-07,1.1008907526899833e-06,1.6936780810615128e-06,1.6936780810615128e-06,2.605658586248481e-06,2.605658586248481e-06,4.008705517305355e-06,4.008705517305355e-06,6.167239257392854e-06,6.167239257392854e-06,9.488060395989006e-06,1.9651587992236636e-07,9.488060395989006e-06,1.459701599382924e-05,1.459701599382924e-05,2.2456947682814215e-05,2.2456947682814215e-05,3.4549150281252636e-05,3.4549150281252636e-05,3.4549150281252636e-05,3.4549150281252636e-05,3.023321229574867e-07,3.023321229574867e-07,4.65126343011518e-07,4.65126343011518e-07,7.155789892484892e-07,7.155789892484892e-07,1.1008907526899833e-06,22432,
,,,32,,,,,,,,,,,,,,,,,,,,,,,,,,,,,22439,0.000922543928027153
,,,32,,,,,,,,,,,,,,,,,,,,,,,,,,,,,22449,0.0027752376627177
,,,32,,,,,,,,,,,,,,,,,,,,,,,,,,,,,22459,0.001966016134247184
,,,32,,,,,,,,,,,,,,,,,,,,,,,,,,,,,22469,0.0011274717980995774
,,,32,,,,,,,,,,,,,,,,,,,,,,,,,,,,,22479,0.0014379438944160938
,,,32,,,,,,,,,,,,,,,,,,,,,,,,,,,,,22489,0.0005992291262373328
,,,32,,,,,,,,,,,,,,,,,,,,,,,,,,,,,22499,0.0007556663476862013
,,,32,,,,,,,,,,,,,,,,,,,,,,,,,,,,,22509,0.0008393231546506286
,,,32,,,,,,,,,,,,,,,,,,,,,,,,,,,,,22519,0.0016575251938775182
,,,32,,,,,,,,,,,,,,,,,,,,,,,,,,,,,22529,0.008449510671198368
,,,32,,,,,,,,,,,,,,,,,,,,,,,,,,,,,22539,0.0004637059464585036
,,,32,,,,,,,,,,,,,,,,,,,,,,,,,,,,,22549,0.002559758722782135
,,,32,,,,,,,,,,,,,,,,,,,,,,,,,,,,,22559,0.05230756849050522
,,,32,,,,,,,,,,,,,,,,,,,,,,,,,,,,,22569,0.009077465161681175
,,,32,,,,,,,,,,,,,,,,,,,,,,,,,,,,,22579,0.013700109906494617
,,,32,,,,,,,,,,,,,,,,,,,,,,,,,,,,,22589,0.0005031987675465643
,,,32,,,,,,,,,,,,,,,,,,,,,,,,,,,,,22599,0.0009005150059238076
,,,32,,,,,,,,,,,,,,,,,,,,,,,,,,,,,22609,0.004137372598052025
,,,32,,,,,,,,,,,,,,,,,,,,,,,,,,,,,22619,0.0008332261932082474
,,,32,,,,,,,,,,,,,,,,,,,,,,,,,,,,,22629,0.0009608814143575728
,,,32,,,,,,,,,,,,,,,,,,,,,,,,,,,,,22639,0.0013689715415239334
,,,32,,,,,,,,,,,,,,,,,,,,,,,,,,,,,22649,0.0050770314410328865
,,,32,,,,,,,,,,,,,,,,,,,,,,,,,,,,,22659,0.0006758343079127371
,,,32,,,,,,,,,,,,,,,,,,,,,,,,,,,,,22669,0.002122320467606187
,,,32,,,,,,,,,,,,,,,,,,,,,,,,,,,,,22679,0.0021718963980674744
,,,32,,,,,,,,,,,,,,,,,,,,,,,,,,,,,22689,0.0014532331842929125
,,,32,,,,,,,,,,,,,,,,,,,,,,,,,,,,,22699,0.0011369579005986452
,,,32,,,,,,,,,,,,,,,,,,,,,,,,,,,,,22709,0.004092196933925152
,,,32,,,,,,,,,,,,,,,,,,,,,,,,,,,,,22719,0.0009172462741844356
,,,32,,,,,,,,,,,,,,,,,,,,,,,,,,,,,22729,0.09556668251752853
,,,32,,,,,,,,,,,,,,,,,,,,,,,,,,,,,22739,0.0005474130157381296
,,,32,,,,,,,,,,,,,,,,,,,,,,,,,,,,,22749,0.001390518038533628
,,,32,,,,,,,,,,,,,,,,,,,,,,,,,,,,,22759,0.0019739114213734865
,,,32,,,,,,,,,,,,,,,,,,,,,,,,,,,,,22769,0.0075944289565086365
,,,32,,,,,,,,,,,,,,,,,,,,,,,,,,,,,22779,0.004712956957519054
,,,32,,,,,,,,,,,,,,,,,,,,,,,,,,,,,22789,0.003953924402594566
,,,32,,,,,,,,,,,,,,,,,,,,,,,,,,,,,22799,0.0008936940575949848
,,,32,,,,,,,,,,,,,,,,,,,,,,,,,,,,,22809,0.0019962273072451353
,,,32,,,,,,,,,,,,,,,,,,,,,,,,,,,,,22819,0.0023638021666556597
,,,32,,,,,,,,,,,,,,,,,,,,,,,,,,,,,22829,0.001141132554039359
,,,32,,,,,,,,,,,,,,,,,,,,,,,,,,,,,22839,0.00145630887709558
,,,32,,,,,,,,,,,,,,,,,,,,,,,,,,,,,22849,0.0008123976876959205
,,,32,,,,,,,,,,,,,,,,,,,,,,,,,,,,,22859,0.0007615485228598118
,,,32,,,,,,,,,,,,,,,,,,,,,,,,,,,,,22869,0.016861531883478165
,,,32,,,,,,,,,,,,,,,,,,,,,,,,,,,,,22879,0.004658318590372801
,,,32,,,,,,,,,,,,,,,,,,,,,,,,,,,,,22889,0.0004411470436025411
,,,32,,,,,,,,,,,,,,,,,,,,,,,,,,,,,22899,0.0023017767816781998
,,,32,,,,,,,,,,,,,,,,,,,,,,,,,,,,,22909,0.002409117529168725
,,,32,,,,,,,,,,,,,,,,,,,,,,,,,,,,,22919,0.001727978466078639
,,,32,,,,,,,,,,,,,,,,,,,,,,,,,,,,,22929,0.001259488402865827
,,,32,,,,,,,,,,,,,,,,,,,,,,,,,,,,,22939,0.0012938607251271605
,,,32,,,,,,,,,,,,,,,,,,,,,,,,,,,,,22949,0.0012773125199601054
,,,32,,,,,,,,,,,,,,,,,,,,,,,,,,,,,22959,0.01136428490281105
,,,32,,,,,,,,,,,,,,,,,,,,,,,,,,,,,22969,0.0018216699827462435
,,,32,,,,,,,,,,,,,,,,,,,,,,,,,,,,,22979,0.0590914748609066
,,,32,,,,,,,,,,,,,,,,,,,,,,,,,,,,,22989,0.00910945050418377
,,,32,,,,,,,,,,,,,,,,,,,,,,,,,,,,,22999,0.39417192339897156
,,,32,,,,,,,,,,,,,,,,,,,,,,,,,,,,,23009,0.0009918875293806195
,,,32,,,,,,,,,,,,,,,,,,,,,,,,,,,,,23019,0.0019061947241425514
,,,32,,,,,,,,,,,,,,,,,,,,,,,,,,,,,23029,0.0013489939738065004
,,,32,,,,,,,,,,,,,,,,,,,,,,,,,,,,,23039,0.08991299569606781
,,,32,,,,,,,,,,,,,,,,,,,,,,,,,,,,,23049,0.26608899235725403
,,,32,,,,,,,,,,,,,,,,,,,,,,,,,,,,,23059,0.1618582010269165
,,,32,,,,,,,,,,,,,,,,,,,,,,,,,,,,,23069,0.0019120362121611834
,,,32,,,,,,,,,,,,,,,,,,,,,,,,,,,,,23079,0.0013606585562229156
,,,32,,,,,,,,,,,,,,,,,,,,,,,,,,,,,23089,0.0015540929744020104
,,,32,,,,,,,,,,,,,,,,,,,,,,,,,,,,,23099,0.0006699681398458779
,,,32,,,,,,,,,,,,,,,,,,,,,,,,,,,,,23109,0.047958578914403915
,,,32,,,,,,,,,,,,,,,,,,,,,,,,,,,,,23119,0.0004379308084025979
,,,32,,,,,,,,,,,,,,,,,,,,,,,,,,,,,23129,0.0009515915880911052
,,,,1.778621682328425e-07,9.963918251200868e-07,1.5329105001847486e-06,1.5329105001847486e-06,2.3583238464380747e-06,2.3583238464380747e-06,3.6281905329816534e-06,3.6281905329816534e-06,5.581831589202543e-06,5.581831589202543e-06,8.587433214157758e-06,1.778621682328425e-07,8.587433214157758e-06,1.3211435714088859e-05,1.3211435714088859e-05,2.032528571398286e-05,2.032528571398286e-05,3.12696703292044e-05,3.12696703292044e-05,3.12696703292044e-05,3.12696703292044e-05,2.736341049736038e-07,2.736341049736038e-07,4.2097554611323665e-07,4.2097554611323665e-07,6.476546863280564e-07,6.476546863280564e-07,9.963918251200868e-07,23133,
,,,33,,,,,,,,,,,,,,,,,,,,,,,,,,,,,23139,0.028022948652505875
,,,33,,,,,,,,,,,,,,,,,,,,,,,,,,,,,23149,0.0009379822877235711
,,,33,,,,,,,,,,,,,,,,,,,,,,,,,,,,,23159,0.07379934936761856
,,,33,,,,,,,,,,,,,,,,,,,,,,,,,,,,,23169,0.0017087517771869898
,,,33,,,,,,,,,,,,,,,,,,,,,,,,,,,,,23179,0.0006166119128465652
,,,33,,,,,,,,,,,,,,,,,,,,,,,,,,,,,23189,0.0008262652554549277
,,,33,,,,,,,,,,,,,,,,,,,,,,,,,,,,,23199,0.0007319599390029907
,,,33,,,,,,,,,,,,,,,,,,,,,,,,,,,,,23209,0.0009750265744514763
,,,33,,,,,,,,,,,,,,,,,,,,,,,,,,,,,23219,0.0012089530937373638
,,,33,,,,,,,,,,,,,,,,,,,,,,,,,,,,,23229,0.000599363527726382
,,,33,,,,,,,,,,,,,,,,,,,,,,,,,,,,,23239,0.0024975822307169437
,,,33,,,,,,,,,,,,,,,,,,,,,,,,,,,,,23249,0.0006428936030715704
,,,33,,,,,,,,,,,,,,,,,,,,,,,,,,,,,23259,0.0011007796274498105
,,,33,,,,,,,,,,,,,,,,,,,,,,,,,,,,,23269,0.01276336144655943
,,,33,,,,,,,,,,,,,,,,,,,,,,,,,,,,,23279,0.0009670100989751518
,,,33,,,,,,,,,,,,,,,,,,,,,,,,,,,,,23289,0.0023799727205187082
,,,33,,,,,,,,,,,,,,,,,,,,,,,,,,,,,23299,0.029149994254112244
,,,33,,,,,,,,,,,,,,,,,,,,,,,,,,,,,23309,0.001550189102999866
,,,33,,,,,,,,,,,,,,,,,,,,,,,,,,,,,23319,0.0012919503496959805
,,,33,,,,,,,,,,,,,,,,,,,,,,,,,,,,,23329,0.009952311404049397
,,,33,,,,,,,,,,,,,,,,,,,,,,,,,,,,,23339,0.036245670169591904
,,,33,,,,,,,,,,,,,,,,,,,,,,,,,,,,,23349,0.0035606948658823967
,,,33,,,,,,,,,,,,,,,,,,,,,,,,,,,,,23359,0.011873804964125156
,,,33,,,,,,,,,,,,,,,,,,,,,,,,,,,,,23369,0.0008348262053914368
,,,33,,,,,,,,,,,,,,,,,,,,,,,,,,,,,23379,0.0011611634399741888
,,,33,,,,,,,,,,,,,,,,,,,,,,,,,,,,,23389,0.7170194983482361
,,,33,,,,,,,,,,,,,,,,,,,,,,,,,,,,,23399,0.0016424547648057342
,,,33,,,,,,,,,,,,,,,,,,,,,,,,,,,,,23409,0.01967429928481579
,,,33,,,,,,,,,,,,,,,,,,,,,,,,,,,,,23419,0.007177775260061026
,,,33,,,,,,,,,,,,,,,,,,,,,,,,,,,,,23429,0.0013515115715563297
,,,33,,,,,,,,,,,,,,,,,,,,,,,,,,,,,23439,0.0035630606580525637
,,,33,,,,,,,,,,,,,,,,,,,,,,,,,,,,,23449,0.002650664420798421
,,,33,,,,,,,,,,,,,,,,,,,,,,,,,,,,,23459,0.0009283245308324695
,,,33,,,,,,,,,,,,,,,,,,,,,,,,,,,,,23469,0.0022424727212637663
,,,33,,,,,,,,,,,,,,,,,,,,,,,,,,,,,23479,0.0013645206345245242
,,,33,,,,,,,,,,,,,,,,,,,,,,,,,,,,,23489,0.0007242472493089736
,,,33,,,,,,,,,,,,,,,,,,,,,,,,,,,,,23499,0.003175379242748022
,,,33,,,,,,,,,,,,,,,,,,,,,,,,,,,,,23509,0.08310101926326752
,,,33,,,,,,,,,,,,,,,,,,,,,,,,,,,,,23519,0.00692795729264617
,,,33,,,,,,,,,,,,,,,,,,,,,,,,,,,,,23529,0.00428225239738822
,,,33,,,,,,,,,,,,,,,,,,,,,,,,,,,,,23539,0.0016845061909407377
,,,33,,,,,,,,,,,,,,,,,,,,,,,,,,,,,23549,0.02051873505115509
,,,33,,,,,,,,,,,,,,,,,,,,,,,,,,,,,23559,0.0016481110360473394
,,,33,,,,,,,,,,,,,,,,,,,,,,,,,,,,,23569,0.0036296125035732985
,,,33,,,,,,,,,,,,,,,,,,,,,,,,,,,,,23579,0.0007287533953785896
,,,33,,,,,,,,,,,,,,,,,,,,,,,,,,,,,23589,0.0017458641668781638
,,,33,,,,,,,,,,,,,,,,,,,,,,,,,,,,,23599,0.0014096681261435151
,,,33,,,,,,,,,,,,,,,,,,,,,,,,,,,,,23609,0.0007416323642246425
,,,33,,,,,,,,,,,,,,,,,,,,,,,,,,,,,23619,0.00615479564294219
,,,33,,,,,,,,,,,,,,,,,,,,,,,,,,,,,23629,0.0005419050576165318
,,,33,,,,,,,,,,,,,,,,,,,,,,,,,,,,,23639,0.06199447438120842
,,,33,,,,,,,,,,,,,,,,,,,,,,,,,,,,,23649,0.03629205375909805
,,,33,,,,,,,,,,,,,,,,,,,,,,,,,,,,,23659,0.0035952238831669092
,,,33,,,,,,,,,,,,,,,,,,,,,,,,,,,,,23669,0.0008231114479713142
,,,33,,,,,,,,,,,,,,,,,,,,,,,,,,,,,23679,0.0007327993516810238
,,,33,,,,,,,,,,,,,,,,,,,,,,,,,,,,,23689,0.22971126437187195
,,,33,,,,,,,,,,,,,,,,,,,,,,,,,,,,,23699,0.01218203455209732
,,,33,,,,,,,,,,,,,,,,,,,,,,,,,,,,,23709,0.007554718293249607
,,,33,,,,,,,,,,,,,,,,,,,,,,,,,,,,,23719,0.0015081885503605008
,,,33,,,,,,,,,,,,,,,,,,,,,,,,,,,,,23729,0.0015853273216634989
,,,33,,,,,,,,,,,,,,,,,,,,,,,,,,,,,23739,0.0028448766097426414
,,,33,,,,,,,,,,,,,,,,,,,,,,,,,,,,,23749,0.0019583231769502163
,,,33,,,,,,,,,,,,,,,,,,,,,,,,,,,,,23759,0.0012996537843719125
,,,33,,,,,,,,,,,,,,,,,,,,,,,,,,,,,23769,0.0025782103184610605
,,,33,,,,,,,,,,,,,,,,,,,,,,,,,,,,,23779,0.0012073891703039408
,,,33,,,,,,,,,,,,,,,,,,,,,,,,,,,,,23789,0.0022693946957588196
,,,33,,,,,,,,,,,,,,,,,,,,,,,,,,,,,23799,0.02954905293881893
,,,33,,,,,,,,,,,,,,,,,,,,,,,,,,,,,23809,0.02814636379480362
,,,33,,,,,,,,,,,,,,,,,,,,,,,,,,,,,23819,0.001251522800885141
,,,33,,,,,,,,,,,,,,,,,,,,,,,,,,,,,23829,0.0019479641923680902
,,,,1.5972750035826984e-07,8.948006042268538e-07,1.3766163141951595e-06,1.3766163141951595e-06,2.1178712526079376e-06,2.1178712526079376e-06,3.258263465550673e-06,3.258263465550673e-06,5.012713023924113e-06,5.012713023924113e-06,7.71186619065248e-06,1.5972750035826984e-07,7.71186619065248e-06,1.1864409524080739e-05,1.1864409524080739e-05,1.8252937729354982e-05,1.8252937729354982e-05,2.8081442660546125e-05,2.8081442660546125e-05,2.8081442660546125e-05,2.8081442660546125e-05,2.457346159357997e-07,2.457346159357997e-07,3.7805325528584575e-07,3.7805325528584575e-07,5.816203927474549e-07,5.816203927474549e-07,8.948006042268538e-07,23834,
,,,34,,,,,,,,,,,,,,,,,,,,,,,,,,,,,23839,0.0019503487274050713
,,,34,,,,,,,,,,,,,,,,,,,,,,,,,,,,,23849,0.0007302453159354627
,,,34,,,,,,,,,,,,,,,,,,,,,,,,,,,,,23859,0.0007372993277385831
,,,34,,,,,,,,,,,,,,,,,,,,,,,,,,,,,23869,0.0008004740229807794
,,,34,,,,,,,,,,,,,,,,,,,,,,,,,,,,,23879,0.0007154116756282747
,,,34,,,,,,,,,,,,,,,,,,,,,,,,,,,,,23889,0.0019760802388191223
,,,34,,,,,,,,,,,,,,,,,,,,,,,,,,,,,23899,0.002059099031612277
,,,34,,,,,,,,,,,,,,,,,,,,,,,,,,,,,23909,0.002959682373329997
,,,34,,,,,,,,,,,,,,,,,,,,,,,,,,,,,23919,0.1764698028564453
,,,34,,,,,,,,,,,,,,,,,,,,,,,,,,,,,23929,0.00482976483181119
,,,34,,,,,,,,,,,,,,,,,,,,,,,,,,,,,23939,0.0023205378092825413
,,,34,,,,,,,,,,,,,,,,,,,,,,,,,,,,,23949,0.05942392349243164
,,,34,,,,,,,,,,,,,,,,,,,,,,,,,,,,,23959,0.004587299190461636
,,,34,,,,,,,,,,,,,,,,,,,,,,,,,,,,,23969,0.0020154472440481186
,,,34,,,,,,,,,,,,,,,,,,,,,,,,,,,,,23979,0.002149991923943162
,,,34,,,,,,,,,,,,,,,,,,,,,,,,,,,,,23989,0.004689614288508892
,,,34,,,,,,,,,,,,,,,,,,,,,,,,,,,,,23999,0.1281348615884781
,,,34,,,,,,,,,,,,,,,,,,,,,,,,,,,,,24009,0.000971680972725153
,,,34,,,,,,,,,,,,,,,,,,,,,,,,,,,,,24019,0.024050621315836906
,,,34,,,,,,,,,,,,,,,,,,,,,,,,,,,,,24029,0.0014874625485390425
,,,34,,,,,,,,,,,,,,,,,,,,,,,,,,,,,24039,0.0005386763950809836
,,,34,,,,,,,,,,,,,,,,,,,,,,,,,,,,,24049,0.0017913460033014417
,,,34,,,,,,,,,,,,,,,,,,,,,,,,,,,,,24059,0.0016495140735059977
,,,34,,,,,,,,,,,,,,,,,,,,,,,,,,,,,24069,0.0012186759850010276
,,,34,,,,,,,,,,,,,,,,,,,,,,,,,,,,,24079,0.0015357974916696548
,,,34,,,,,,,,,,,,,,,,,,,,,,,,,,,,,24089,0.0010726790642365813
,,,34,,,,,,,,,,,,,,,,,,,,,,,,,,,,,24099,0.001022034208290279
,,,34,,,,,,,,,,,,,,,,,,,,,,,,,,,,,24109,0.001296640490181744
,,,34,,,,,,,,,,,,,,,,,,,,,,,,,,,,,24119,0.02563486620783806
,,,34,,,,,,,,,,,,,,,,,,,,,,,,,,,,,24129,0.12263570725917816
,,,34,,,,,,,,,,,,,,,,,,,,,,,,,,,,,24139,0.0013138948706910014
,,,34,,,,,,,,,,,,,,,,,,,,,,,,,,,,,24149,0.02172008715569973
,,,34,,,,,,,,,,,,,,,,,,,,,,,,,,,,,24159,0.0005275200237520039
,,,34,,,,,,,,,,,,,,,,,,,,,,,,,,,,,24169,0.004071510396897793
,,,34,,,,,,,,,,,,,,,,,,,,,,,,,,,,,24179,0.004018464591354132
,,,34,,,,,,,,,,,,,,,,,,,,,,,,,,,,,24189,0.002397821517661214
,,,34,,,,,,,,,,,,,,,,,,,,,,,,,,,,,24199,0.0011643320322036743
,,,34,,,,,,,,,,,,,,,,,,,,,,,,,,,,,24209,0.0019025106448680162
,,,34,,,,,,,,,,,,,,,,,,,,,,,,,,,,,24219,0.01097487285733223
,,,34,,,,,,,,,,,,,,,,,,,,,,,,,,,,,24229,0.0012808003230020404
,,,34,,,,,,,,,,,,,,,,,,,,,,,,,,,,,24239,0.012891508638858795
,,,34,,,,,,,,,,,,,,,,,,,,,,,,,,,,,24249,0.0006285402923822403
,,,34,,,,,,,,,,,,,,,,,,,,,,,,,,,,,24259,0.001686763484030962
,,,34,,,,,,,,,,,,,,,,,,,,,,,,,,,,,24269,0.0004473715089261532
,,,34,,,,,,,,,,,,,,,,,,,,,,,,,,,,,24279,0.0038077381905168295
,,,34,,,,,,,,,,,,,,,,,,,,,,,,,,,,,24289,0.0006999347824603319
,,,34,,,,,,,,,,,,,,,,,,,,,,,,,,,,,24299,0.0023107328452169895
,,,34,,,,,,,,,,,,,,,,,,,,,,,,,,,,,24309,0.007026686333119869
,,,34,,,,,,,,,,,,,,,,,,,,,,,,,,,,,24319,0.0017294427379965782
,,,34,,,,,,,,,,,,,,,,,,,,,,,,,,,,,24329,0.0010726883774623275
,,,34,,,,,,,,,,,,,,,,,,,,,,,,,,,,,24339,0.20430368185043335
,,,34,,,,,,,,,,,,,,,,,,,,,,,,,,,,,24349,0.06324946135282516
,,,34,,,,,,,,,,,,,,,,,,,,,,,,,,,,,24359,0.0008803583332337439
,,,34,,,,,,,,,,,,,,,,,,,,,,,,,,,,,24369,0.0008733193390071392
,,,34,,,,,,,,,,,,,,,,,,,,,,,,,,,,,24379,0.0013673913199454546
,,,34,,,,,,,,,,,,,,,,,,,,,,,,,,,,,24389,0.00206356355920434
,,,34,,,,,,,,,,,,,,,,,,,,,,,,,,,,,24399,0.0009137144661508501
,,,34,,,,,,,,,,,,,,,,,,,,,,,,,,,,,24409,0.0345115028321743
,,,34,,,,,,,,,,,,,,,,,,,,,,,,,,,,,24419,0.0013087679399177432
,,,34,,,,,,,,,,,,,,,,,,,,,,,,,,,,,24429,0.0014550108462572098
,,,34,,,,,,,,,,,,,,,,,,,,,,,,,,,,,24439,0.0011977367103099823
,,,34,,,,,,,,,,,,,,,,,,,,,,,,,,,,,24449,0.0032233528327196836
,,,34,,,,,,,,,,,,,,,,,,,,,,,,,,,,,24459,0.00330798770301044
,,,34,,,,,,,,,,,,,,,,,,,,,,,,,,,,,24469,0.001486546010710299
,,,34,,,,,,,,,,,,,,,,,,,,,,,,,,,,,24479,0.0008132257498800755
,,,34,,,,,,,,,,,,,,,,,,,,,,,,,,,,,24489,0.0012304403353482485
,,,34,,,,,,,,,,,,,,,,,,,,,,,,,,,,,24499,0.0013960684882476926
,,,34,,,,,,,,,,,,,,,,,,,,,,,,,,,,,24509,0.0015739661175757647
,,,34,,,,,,,,,,,,,,,,,,,,,,,,,,,,,24519,0.0014097800012677908
,,,34,,,,,,,,,,,,,,,,,,,,,,,,,,,,,24529,0.004263695329427719
0.8809980750083923,0.8742856979370117,0.8878143429756165,34,,,,,,,,,,,,,,,,,,,,,,,,,,,,,24534,
,,,,1.4220022657764295e-07,7.966120322265632e-07,1.225556972656251e-06,1.225556972656251e-06,1.8854722656250013e-06,1.8854722656250013e-06,2.900726562500002e-06,2.900726562500002e-06,4.4626562500000025e-06,4.4626562500000025e-06,6.865625000000004e-06,1.4220022657764295e-07,6.865625000000004e-06,1.0562500000000006e-05,1.0562500000000006e-05,1.625000000000001e-05,1.625000000000001e-05,2.500000000000001e-05,2.500000000000001e-05,2.500000000000001e-05,2.500000000000001e-05,2.187695793502199e-07,2.187695793502199e-07,3.3656858361572296e-07,3.3656858361572296e-07,5.17797820947266e-07,5.17797820947266e-07,7.966120322265632e-07,24535,
,,,35,,,,,,,,,,,,,,,,,,,,,,,,,,,,,24539,0.0008453417685814202
,,,35,,,,,,,,,,,,,,,,,,,,,,,,,,,,,24549,0.002358201425522566
,,,35,,,,,,,,,,,,,,,,,,,,,,,,,,,,,24559,0.0008899536333046854
,,,35,,,,,,,,,,,,,,,,,,,,,,,,,,,,,24569,0.26446521282196045
,,,35,,,,,,,,,,,,,,,,,,,,,,,,,,,,,24579,0.07139340788125992
,,,35,,,,,,,,,,,,,,,,,,,,,,,,,,,,,24589,0.019185557961463928
,,,35,,,,,,,,,,,,,,,,,,,,,,,,,,,,,24599,0.06106455624103546
,,,35,,,,,,,,,,,,,,,,,,,,,,,,,,,,,24609,0.0014108127215877175
,,,35,,,,,,,,,,,,,,,,,,,,,,,,,,,,,24619,0.0005791155272163451
,,,35,,,,,,,,,,,,,,,,,,,,,,,,,,,,,24629,0.0015477277338504791
,,,35,,,,,,,,,,,,,,,,,,,,,,,,,,,,,24639,0.24637532234191895
,,,35,,,,,,,,,,,,,,,,,,,,,,,,,,,,,24649,0.004516211804002523
,,,35,,,,,,,,,,,,,,,,,,,,,,,,,,,,,24659,0.0019174966728314757
,,,35,,,,,,,,,,,,,,,,,,,,,,,,,,,,,24669,0.0018369117751717567
,,,35,,,,,,,,,,,,,,,,,,,,,,,,,,,,,24679,0.0010344864567741752
,,,35,,,,,,,,,,,,,,,,,,,,,,,,,,,,,24689,0.0008701985934749246
,,,35,,,,,,,,,,,,,,,,,,,,,,,,,,,,,24699,0.0007808787049725652
,,,35,,,,,,,,,,,,,,,,,,,,,,,,,,,,,24709,0.004801482427865267
,,,35,,,,,,,,,,,,,,,,,,,,,,,,,,,,,24719,0.001484458101913333
,,,35,,,,,,,,,,,,,,,,,,,,,,,,,,,,,24729,0.006805911660194397
,,,35,,,,,,,,,,,,,,,,,,,,,,,,,,,,,24739,0.0008413382456637919
,,,35,,,,,,,,,,,,,,,,,,,,,,,,,,,,,24749,0.0015832610661163926
,,,35,,,,,,,,,,,,,,,,,,,,,,,,,,,,,24759,0.009488035924732685
,,,35,,,,,,,,,,,,,,,,,,,,,,,,,,,,,24769,0.0012866056058555841
,,,35,,,,,,,,,,,,,,,,,,,,,,,,,,,,,24779,0.002309290459379554
,,,35,,,,,,,,,,,,,,,,,,,,,,,,,,,,,24789,0.09740649908781052
,,,35,,,,,,,,,,,,,,,,,,,,,,,,,,,,,24799,0.0034942026250064373
,,,35,,,,,,,,,,,,,,,,,,,,,,,,,,,,,24809,0.0005516903474926949
,,,35,,,,,,,,,,,,,,,,,,,,,,,,,,,,,24819,0.002439347794279456
,,,35,,,,,,,,,,,,,,,,,,,,,,,,,,,,,24829,0.00159901671577245
,,,35,,,,,,,,,,,,,,,,,,,,,,,,,,,,,24839,0.002107007196173072
,,,35,,,,,,,,,,,,,,,,,,,,,,,,,,,,,24849,0.0008218418806791306
,,,35,,,,,,,,,,,,,,,,,,,,,,,,,,,,,24859,0.002763432916253805
,,,35,,,,,,,,,,,,,,,,,,,,,,,,,,,,,24869,0.0005573811358772218
,,,35,,,,,,,,,,,,,,,,,,,,,,,,,,,,,24879,0.005427632946521044
,,,35,,,,,,,,,,,,,,,,,,,,,,,,,,,,,24889,0.003227568930014968
,,,35,,,,,,,,,,,,,,,,,,,,,,,,,,,,,24899,0.0007809602539055049
,,,35,,,,,,,,,,,,,,,,,,,,,,,,,,,,,24909,0.0011079278774559498
,,,35,,,,,,,,,,,,,,,,,,,,,,,,,,,,,24919,0.003103937953710556
,,,35,,,,,,,,,,,,,,,,,,,,,,,,,,,,,24929,0.0010907570831477642
,,,35,,,,,,,,,,,,,,,,,,,,,,,,,,,,,24939,0.002033390337601304
,,,35,,,,,,,,,,,,,,,,,,,,,,,,,,,,,24949,0.0006146852974779904
,,,35,,,,,,,,,,,,,,,,,,,,,,,,,,,,,24959,0.0006508442456834018
,,,35,,,,,,,,,,,,,,,,,,,,,,,,,,,,,24969,0.0006270947633311152
,,,35,,,,,,,,,,,,,,,,,,,,,,,,,,,,,24979,0.0006092935800552368
,,,35,,,,,,,,,,,,,,,,,,,,,,,,,,,,,24989,0.0013375487178564072
,,,35,,,,,,,,,,,,,,,,,,,,,,,,,,,,,24999,0.0004248846380505711
,,,35,,,,,,,,,,,,,,,,,,,,,,,,,,,,,25009,0.0011692005209624767
,,,35,,,,,,,,,,,,,,,,,,,,,,,,,,,,,25019,0.0012523423647508025
,,,35,,,,,,,,,,,,,,,,,,,,,,,,,,,,,25029,0.006335343699902296
,,,35,,,,,,,,,,,,,,,,,,,,,,,,,,,,,25039,0.000514824700076133
,,,35,,,,,,,,,,,,,,,,,,,,,,,,,,,,,25049,0.0015677317278459668
,,,35,,,,,,,,,,,,,,,,,,,,,,,,,,,,,25059,0.0933651402592659
,,,35,,,,,,,,,,,,,,,,,,,,,,,,,,,,,25069,0.0003687893913593143
,,,35,,,,,,,,,,,,,,,,,,,,,,,,,,,,,25079,0.0005468677845783532
,,,35,,,,,,,,,,,,,,,,,,,,,,,,,,,,,25089,0.01961340382695198
,,,35,,,,,,,,,,,,,,,,,,,,,,,,,,,,,25099,0.0013194575440138578
,,,35,,,,,,,,,,,,,,,,,,,,,,,,,,,,,25109,0.008643112145364285
,,,35,,,,,,,,,,,,,,,,,,,,,,,,,,,,,25119,0.000517316279001534
,,,35,,,,,,,,,,,,,,,,,,,,,,,,,,,,,25129,0.0010192635236307979
,,,35,,,,,,,,,,,,,,,,,,,,,,,,,,,,,25139,0.0005096993409097195
,,,35,,,,,,,,,,,,,,,,,,,,,,,,,,,,,25149,0.0013917087344452739
,,,35,,,,,,,,,,,,,,,,,,,,,,,,,,,,,25159,0.0007376655121333897
,,,35,,,,,,,,,,,,,,,,,,,,,,,,,,,,,25169,0.0015354672214016318
,,,35,,,,,,,,,,,,,,,,,,,,,,,,,,,,,25179,0.0016489032423123717
,,,35,,,,,,,,,,,,,,,,,,,,,,,,,,,,,25189,0.0010566820856183767
,,,35,,,,,,,,,,,,,,,,,,,,,,,,,,,,,25199,0.0013493755832314491
,,,35,,,,,,,,,,,,,,,,,,,,,,,,,,,,,25209,0.0009400526178069413
,,,35,,,,,,,,,,,,,,,,,,,,,,,,,,,,,25219,0.006794272921979427
,,,35,,,,,,,,,,,,,,,,,,,,,,,,,,,,,25229,0.009160922840237617
,,,,1.2536573800698544e-07,7.023044739721183e-07,1.0804684214955663e-06,1.0804684214955663e-06,1.6622591099931791e-06,1.6622591099931791e-06,2.557321707681814e-06,2.557321707681814e-06,3.934341088741252e-06,3.934341088741252e-06,6.05283244421731e-06,1.2536573800698544e-07,6.05283244421731e-06,9.312049914180477e-06,9.312049914180477e-06,1.4326230637200735e-05,1.4326230637200735e-05,2.2040354826462668e-05,2.2040354826462668e-05,2.2040354826462668e-05,2.2040354826462668e-05,1.9287036616459296e-07,1.9287036616459296e-07,2.9672364025321997e-07,2.9672364025321997e-07,4.564979080818769e-07,4.564979080818769e-07,7.023044739721183e-07,25236,
,,,36,,,,,,,,,,,,,,,,,,,,,,,,,,,,,25239,0.001011655549518764
,,,36,,,,,,,,,,,,,,,,,,,,,,,,,,,,,25249,0.0007291864021681249
,,,36,,,,,,,,,,,,,,,,,,,,,,,,,,,,,25259,0.0007555534248240292
,,,36,,,,,,,,,,,,,,,,,,,,,,,,,,,,,25269,0.0015755204949527979
,,,36,,,,,,,,,,,,,,,,,,,,,,,,,,,,,25279,0.0013226312585175037
,,,36,,,,,,,,,,,,,,,,,,,,,,,,,,,,,25289,0.0010341033339500427
,,,36,,,,,,,,,,,,,,,,,,,,,,,,,,,,,25299,0.02659536898136139
,,,36,,,,,,,,,,,,,,,,,,,,,,,,,,,,,25309,0.0013971608132123947
,,,36,,,,,,,,,,,,,,,,,,,,,,,,,,,,,25319,0.0004516656044870615
,,,36,,,,,,,,,,,,,,,,,,,,,,,,,,,,,25329,0.0014491372276097536
,,,36,,,,,,,,,,,,,,,,,,,,,,,,,,,,,25339,0.000829791824799031
,,,36,,,,,,,,,,,,,,,,,,,,,,,,,,,,,25349,0.02866451069712639
,,,36,,,,,,,,,,,,,,,,,,,,,,,,,,,,,25359,0.01169542409479618
,,,36,,,,,,,,,,,,,,,,,,,,,,,,,,,,,25369,0.009533863514661789
,,,36,,,,,,,,,,,,,,,,,,,,,,,,,,,,,25379,0.001299692434258759
,,,36,,,,,,,,,,,,,,,,,,,,,,,,,,,,,25389,0.08343438059091568
,,,36,,,,,,,,,,,,,,,,,,,,,,,,,,,,,25399,0.01655811071395874
,,,36,,,,,,,,,,,,,,,,,,,,,,,,,,,,,25409,0.0011360598728060722
,,,36,,,,,,,,,,,,,,,,,,,,,,,,,,,,,25419,0.0013423250056803226
,,,36,,,,,,,,,,,,,,,,,,,,,,,,,,,,,25429,0.0018989975797012448
,,,36,,,,,,,,,,,,,,,,,,,,,,,,,,,,,25439,0.3410399854183197
,,,36,,,,,,,,,,,,,,,,,,,,,,,,,,,,,25449,0.0024001782294362783
,,,36,,,,,,,,,,,,,,,,,,,,,,,,,,,,,25459,0.0025896101724356413
,,,36,,,,,,,,,,,,,,,,,,,,,,,,,,,,,25469,0.0016076009487733245
,,,36,,,,,,,,,,,,,,,,,,,,,,,,,,,,,25479,0.0011370101710781455
,,,36,,,,,,,,,,,,,,,,,,,,,,,,,,,,,25489,0.004463056568056345
,,,36,,,,,,,,,,,,,,,,,,,,,,,,,,,,,25499,0.0016512091970071197
,,,36,,,,,,,,,,,,,,,,,,,,,,,,,,,,,25509,0.0014936228981241584
,,,36,,,,,,,,,,,,,,,,,,,,,,,,,,,,,25519,0.0006856011459603906
,,,36,,,,,,,,,,,,,,,,,,,,,,,,,,,,,25529,0.0017531292978674173
,,,36,,,,,,,,,,,,,,,,,,,,,,,,,,,,,25539,0.0013730789069086313
,,,36,,,,,,,,,,,,,,,,,,,,,,,,,,,,,25549,0.001430710544809699
,,,36,,,,,,,,,,,,,,,,,,,,,,,,,,,,,25559,0.0007244880544021726
,,,36,,,,,,,,,,,,,,,,,,,,,,,,,,,,,25569,0.0038704515900462866
,,,36,,,,,,,,,,,,,,,,,,,,,,,,,,,,,25579,0.0006115836440585554
,,,36,,,,,,,,,,,,,,,,,,,,,,,,,,,,,25589,0.0016807280480861664
,,,36,,,,,,,,,,,,,,,,,,,,,,,,,,,,,25599,0.016785021871328354
,,,36,,,,,,,,,,,,,,,,,,,,,,,,,,,,,25609,0.8580440878868103
,,,36,,,,,,,,,,,,,,,,,,,,,,,,,,,,,25619,0.0022849806118756533
,,,36,,,,,,,,,,,,,,,,,,,,,,,,,,,,,25629,0.00047732790699228644
,,,36,,,,,,,,,,,,,,,,,,,,,,,,,,,,,25639,0.0006496588466688991
,,,36,,,,,,,,,,,,,,,,,,,,,,,,,,,,,25649,0.0009233875316567719
,,,36,,,,,,,,,,,,,,,,,,,,,,,,,,,,,25659,0.0011536023812368512
,,,36,,,,,,,,,,,,,,,,,,,,,,,,,,,,,25669,1.9862079620361328
,,,36,,,,,,,,,,,,,,,,,,,,,,,,,,,,,25679,0.002054532989859581
,,,36,,,,,,,,,,,,,,,,,,,,,,,,,,,,,25689,0.0009208263363689184
,,,36,,,,,,,,,,,,,,,,,,,,,,,,,,,,,25699,0.001984938280656934
,,,36,,,,,,,,,,,,,,,,,,,,,,,,,,,,,25709,0.0007583866245113313
,,,36,,,,,,,,,,,,,,,,,,,,,,,,,,,,,25719,0.0027885932940989733
,,,36,,,,,,,,,,,,,,,,,,,,,,,,,,,,,25729,0.002462162869051099
,,,36,,,,,,,,,,,,,,,,,,,,,,,,,,,,,25739,0.5196112990379333
,,,36,,,,,,,,,,,,,,,,,,,,,,,,,,,,,25749,0.0006009454373270273
,,,36,,,,,,,,,,,,,,,,,,,,,,,,,,,,,25759,0.024734120815992355
,,,36,,,,,,,,,,,,,,,,,,,,,,,,,,,,,25769,0.0017150542698800564
,,,36,,,,,,,,,,,,,,,,,,,,,,,,,,,,,25779,0.0005280187469907105
,,,36,,,,,,,,,,,,,,,,,,,,,,,,,,,,,25789,0.0009913858957588673
,,,36,,,,,,,,,,,,,,,,,,,,,,,,,,,,,25799,0.0016071441350504756
,,,36,,,,,,,,,,,,,,,,,,,,,,,,,,,,,25809,0.0009644515812397003
,,,36,,,,,,,,,,,,,,,,,,,,,,,,,,,,,25819,0.0027235043235123158
,,,36,,,,,,,,,,,,,,,,,,,,,,,,,,,,,25829,0.0007115727639757097
,,,36,,,,,,,,,,,,,,,,,,,,,,,,,,,,,25839,0.0017867459682747722
,,,36,,,,,,,,,,,,,,,,,,,,,,,,,,,,,25849,0.0008725837687961757
,,,36,,,,,,,,,,,,,,,,,,,,,,,,,,,,,25859,0.003516780212521553
,,,36,,,,,,,,,,,,,,,,,,,,,,,,,,,,,25869,0.0009701818926259875
,,,36,,,,,,,,,,,,,,,,,,,,,,,,,,,,,25879,0.0011518624378368258
,,,36,,,,,,,,,,,,,,,,,,,,,,,,,,,,,25889,0.0031057517044246197
,,,36,,,,,,,,,,,,,,,,,,,,,,,,,,,,,25899,0.0003747145819943398
,,,36,,,,,,,,,,,,,,,,,,,,,,,,,,,,,25909,0.010707943700253963
,,,36,,,,,,,,,,,,,,,,,,,,,,,,,,,,,25919,0.0036944858729839325
,,,36,,,,,,,,,,,,,,,,,,,,,,,,,,,,,25929,0.0014204006874933839
,,,,1.0930605058241677e-07,6.123373864075726e-07,9.420575175501116e-07,9.420575175501116e-07,1.4493192577694025e-06,1.4493192577694025e-06,2.22972193502985e-06,2.22972193502985e-06,3.430341438507461e-06,3.430341438507461e-06,5.277448366934555e-06,1.0930605058241677e-07,5.277448366934555e-06,8.11915133374547e-06,8.11915133374547e-06,1.2491002051916106e-05,1.2491002051916106e-05,1.9216926233717085e-05,1.9216926233717085e-05,1.9216926233717085e-05,1.9216926233717085e-05,1.681631547421796e-07,1.681631547421796e-07,2.587125457571994e-07,2.587125457571994e-07,3.980193011649222e-07,3.980193011649222e-07,6.123373864075726e-07,25937,
,,,37,,,,,,,,,,,,,,,,,,,,,,,,,,,,,25939,0.00153609667904675
,,,37,,,,,,,,,,,,,,,,,,,,,,,,,,,,,25949,0.1082814559340477
,,,37,,,,,,,,,,,,,,,,,,,,,,,,,,,,,25959,0.04047806188464165
,,,37,,,,,,,,,,,,,,,,,,,,,,,,,,,,,25969,0.03460119664669037
,,,37,,,,,,,,,,,,,,,,,,,,,,,,,,,,,25979,0.3841066062450409
,,,37,,,,,,,,,,,,,,,,,,,,,,,,,,,,,25989,0.0018472863594070077
,,,37,,,,,,,,,,,,,,,,,,,,,,,,,,,,,25999,0.0007592721958644688
,,,37,,,,,,,,,,,,,,,,,,,,,,,,,,,,,26009,0.000704163801856339
,,,37,,,,,,,,,,,,,,,,,,,,,,,,,,,,,26019,0.00059864716604352
,,,37,,,,,,,,,,,,,,,,,,,,,,,,,,,,,26029,0.0005468303570523858
,,,37,,,,,,,,,,,,,,,,,,,,,,,,,,,,,26039,0.006972705014050007
,,,37,,,,,,,,,,,,,,,,,,,,,,,,,,,,,26049,0.0011314575094729662
,,,37,,,,,,,,,,,,,,,,,,,,,,,,,,,,,26059,0.002091856673359871
,,,37,,,,,,,,,,,,,,,,,,,,,,,,,,,,,26069,0.0015902476152405143
,,,37,,,,,,,,,,,,,,,,,,,,,,,,,,,,,26079,0.008599248714745045
,,,37,,,,,,,,,,,,,,,,,,,,,,,,,,,,,26089,0.0008472235640510917
,,,37,,,,,,,,,,,,,,,,,,,,,,,,,,,,,26099,0.00040570093551650643
,,,37,,,,,,,,,,,,,,,,,,,,,,,,,,,,,26109,0.002803824143484235
,,,37,,,,,,,,,,,,,,,,,,,,,,,,,,,,,26119,0.003911744337528944
,,,37,,,,,,,,,,,,,,,,,,,,,,,,,,,,,26129,0.0010068411938846111
,,,37,,,,,,,,,,,,,,,,,,,,,,,,,,,,,26139,0.0005771909491159022
,,,37,,,,,,,,,,,,,,,,,,,,,,,,,,,,,26149,0.02228330634534359
,,,37,,,,,,,,,,,,,,,,,,,,,,,,,,,,,26159,0.06373462826013565
,,,37,,,,,,,,,,,,,,,,,,,,,,,,,,,,,26169,0.006070488598197699
,,,37,,,,,,,,,,,,,,,,,,,,,,,,,,,,,26179,0.00040463043842464685
,,,37,,,,,,,,,,,,,,,,,,,,,,,,,,,,,26189,0.0005585227045230567
,,,37,,,,,,,,,,,,,,,,,,,,,,,,,,,,,26199,0.0005407007993198931
,,,37,,,,,,,,,,,,,,,,,,,,,,,,,,,,,26209,0.0008790986612439156
,,,37,,,,,,,,,,,,,,,,,,,,,,,,,,,,,26219,0.0029554637148976326
,,,37,,,,,,,,,,,,,,,,,,,,,,,,,,,,,26229,0.0008461335673928261
,,,37,,,,,,,,,,,,,,,,,,,,,,,,,,,,,26239,0.0004865687806159258
,,,37,,,,,,,,,,,,,,,,,,,,,,,,,,,,,26249,0.0017040661768987775
,,,37,,,,,,,,,,,,,,,,,,,,,,,,,,,,,26259,0.0010413496056571603
,,,37,,,,,,,,,,,,,,,,,,,,,,,,,,,,,26269,0.001451284158974886
,,,37,,,,,,,,,,,,,,,,,,,,,,,,,,,,,26279,0.000722971570212394
,,,37,,,,,,,,,,,,,,,,,,,,,,,,,,,,,26289,0.0016334521351382136
,,,37,,,,,,,,,,,,,,,,,,,,,,,,,,,,,26299,0.001037651440128684
,,,37,,,,,,,,,,,,,,,,,,,,,,,,,,,,,26309,0.002036772668361664
,,,37,,,,,,,,,,,,,,,,,,,,,,,,,,,,,26319,0.023007437586784363
,,,37,,,,,,,,,,,,,,,,,,,,,,,,,,,,,26329,0.0023160376586019993
,,,37,,,,,,,,,,,,,,,,,,,,,,,,,,,,,26339,0.0014329607365652919
,,,37,,,,,,,,,,,,,,,,,,,,,,,,,,,,,26349,0.0012178636388853192
,,,37,,,,,,,,,,,,,,,,,,,,,,,,,,,,,26359,0.0004701990110334009
,,,37,,,,,,,,,,,,,,,,,,,,,,,,,,,,,26369,0.0006096689612604678
,,,37,,,,,,,,,,,,,,,,,,,,,,,,,,,,,26379,0.0005458103260025382
,,,37,,,,,,,,,,,,,,,,,,,,,,,,,,,,,26389,0.0007914421730674803
,,,37,,,,,,,,,,,,,,,,,,,,,,,,,,,,,26399,0.0008965319721028209
,,,37,,,,,,,,,,,,,,,,,,,,,,,,,,,,,26409,0.0015083327889442444
,,,37,,,,,,,,,,,,,,,,,,,,,,,,,,,,,26419,0.0005258970777504146
,,,37,,,,,,,,,,,,,,,,,,,,,,,,,,,,,26429,0.6119547486305237
,,,37,,,,,,,,,,,,,,,,,,,,,,,,,,,,,26439,0.000769351318012923
,,,37,,,,,,,,,,,,,,,,,,,,,,,,,,,,,26449,0.0006727315485477448
,,,37,,,,,,,,,,,,,,,,,,,,,,,,,,,,,26459,0.000586655514780432
,,,37,,,,,,,,,,,,,,,,,,,,,,,,,,,,,26469,0.0007786590722389519
,,,37,,,,,,,,,,,,,,,,,,,,,,,,,,,,,26479,0.10014762729406357
,,,37,,,,,,,,,,,,,,,,,,,,,,,,,,,,,26489,0.0007011227426119149
,,,37,,,,,,,,,,,,,,,,,,,,,,,,,,,,,26499,0.0007323833997361362
,,,37,,,,,,,,,,,,,,,,,,,,,,,,,,,,,26509,0.005363165866583586
,,,37,,,,,,,,,,,,,,,,,,,,,,,,,,,,,26519,0.0006810063496232033
,,,37,,,,,,,,,,,,,,,,,,,,,,,,,,,,,26529,0.0008250316604971886
,,,37,,,,,,,,,,,,,,,,,,,,,,,,,,,,,26539,0.002278571715578437
,,,37,,,,,,,,,,,,,,,,,,,,,,,,,,,,,26549,0.005735660437494516
,,,37,,,,,,,,,,,,,,,,,,,,,,,,,,,,,26559,0.002641011029481888
,,,37,,,,,,,,,,,,,,,,,,,,,,,,,,,,,26569,0.002634189324453473
,,,37,,,,,,,,,,,,,,,,,,,,,,,,,,,,,26579,0.0014948274474591017
,,,37,,,,,,,,,,,,,,,,,,,,,,,,,,,,,26589,0.0005996712134219706
,,,37,,,,,,,,,,,,,,,,,,,,,,,,,,,,,26599,0.003304232843220234
,,,37,,,,,,,,,,,,,,,,,,,,,,,,,,,,,26609,0.07142341881990433
,,,37,,,,,,,,,,,,,,,,,,,,,,,,,,,,,26619,0.0016229083994403481
,,,37,,,,,,,,,,,,,,,,,,,,,,,,,,,,,26629,0.00888911634683609
,,,,9.409940548675545e-08,5.271490801400816e-07,8.109985848308946e-07,8.109985848308946e-07,1.2476901305090686e-06,1.2476901305090686e-06,1.9195232777062595e-06,1.9195232777062595e-06,2.9531127349327065e-06,2.9531127349327065e-06,4.543250361434933e-06,9.409940548675545e-08,4.543250361434933e-06,6.989615940669127e-06,6.989615940669127e-06,1.075325529333712e-05,1.075325529333712e-05,1.6543469682057106e-05,1.6543469682057106e-05,1.6543469682057106e-05,1.6543469682057106e-05,1.447683161334699e-07,1.447683161334699e-07,2.2272048635918447e-07,2.2272048635918447e-07,3.42646902091053e-07,3.42646902091053e-07,5.271490801400816e-07,26638,
,,,38,,,,,,,,,,,,,,,,,,,,,,,,,,,,,26639,0.002243095776066184
,,,38,,,,,,,,,,,,,,,,,,,,,,,,,,,,,26649,0.0017526467563584447
,,,38,,,,,,,,,,,,,,,,,,,,,,,,,,,,,26659,0.0008719288744032383
,,,38,,,,,,,,,,,,,,,,,,,,,,,,,,,,,26669,0.004200546070933342
,,,38,,,,,,,,,,,,,,,,,,,,,,,,,,,,,26679,0.012134190648794174
,,,38,,,,,,,,,,,,,,,,,,,,,,,,,,,,,26689,0.002591103781014681
,,,38,,,,,,,,,,,,,,,,,,,,,,,,,,,,,26699,0.0010073294397443533
,,,38,,,,,,,,,,,,,,,,,,,,,,,,,,,,,26709,0.007360273040831089
,,,38,,,,,,,,,,,,,,,,,,,,,,,,,,,,,26719,0.0007856533047743142
,,,38,,,,,,,,,,,,,,,,,,,,,,,,,,,,,26729,0.021074950695037842
,,,38,,,,,,,,,,,,,,,,,,,,,,,,,,,,,26739,0.001801936305128038
,,,38,,,,,,,,,,,,,,,,,,,,,,,,,,,,,26749,0.0005970062920823693
,,,38,,,,,,,,,,,,,,,,,,,,,,,,,,,,,26759,0.002238490153104067
,,,38,,,,,,,,,,,,,,,,,,,,,,,,,,,,,26769,0.0010970613220706582
,,,38,,,,,,,,,,,,,,,,,,,,,,,,,,,,,26779,0.0071664550341665745
,,,38,,,,,,,,,,,,,,,,,,,,,,,,,,,,,26789,0.000909270194824785
,,,38,,,,,,,,,,,,,,,,,,,,,,,,,,,,,26799,0.001317617716267705
,,,38,,,,,,,,,,,,,,,,,,,,,,,,,,,,,26809,0.0033811405301094055
,,,38,,,,,,,,,,,,,,,,,,,,,,,,,,,,,26819,0.0011606930056586862
,,,38,,,,,,,,,,,,,,,,,,,,,,,,,,,,,26829,0.0027218307368457317
,,,38,,,,,,,,,,,,,,,,,,,,,,,,,,,,,26839,0.03817247971892357
,,,38,,,,,,,,,,,,,,,,,,,,,,,,,,,,,26849,0.0010328119387850165
,,,38,,,,,,,,,,,,,,,,,,,,,,,,,,,,,26859,0.000685296836309135
,,,38,,,,,,,,,,,,,,,,,,,,,,,,,,,,,26869,0.0008871310856193304
,,,38,,,,,,,,,,,,,,,,,,,,,,,,,,,,,26879,0.0008893611375242472
,,,38,,,,,,,,,,,,,,,,,,,,,,,,,,,,,26889,0.0014452184550464153
,,,38,,,,,,,,,,,,,,,,,,,,,,,,,,,,,26899,0.001055165776051581
,,,38,,,,,,,,,,,,,,,,,,,,,,,,,,,,,26909,0.0043927268125116825
,,,38,,,,,,,,,,,,,,,,,,,,,,,,,,,,,26919,0.04072759300470352
,,,38,,,,,,,,,,,,,,,,,,,,,,,,,,,,,26929,0.0007255904492922127
,,,38,,,,,,,,,,,,,,,,,,,,,,,,,,,,,26939,0.000599694496486336
,,,38,,,,,,,,,,,,,,,,,,,,,,,,,,,,,26949,0.007387366145849228
,,,38,,,,,,,,,,,,,,,,,,,,,,,,,,,,,26959,0.15323549509048462
,,,38,,,,,,,,,,,,,,,,,,,,,,,,,,,,,26969,0.0005106797907501459
,,,38,,,,,,,,,,,,,,,,,,,,,,,,,,,,,26979,0.0007884437218308449
,,,38,,,,,,,,,,,,,,,,,,,,,,,,,,,,,26989,0.01831008680164814
,,,38,,,,,,,,,,,,,,,,,,,,,,,,,,,,,26999,0.000655931478831917
,,,38,,,,,,,,,,,,,,,,,,,,,,,,,,,,,27009,0.0008064979338087142
,,,38,,,,,,,,,,,,,,,,,,,,,,,,,,,,,27019,0.0015497597632929683
,,,38,,,,,,,,,,,,,,,,,,,,,,,,,,,,,27029,0.0017037339275702834
,,,38,,,,,,,,,,,,,,,,,,,,,,,,,,,,,27039,0.0004232041537761688
,,,38,,,,,,,,,,,,,,,,,,,,,,,,,,,,,27049,0.9486375451087952
,,,38,,,,,,,,,,,,,,,,,,,,,,,,,,,,,27059,0.0008633831166662276
,,,38,,,,,,,,,,,,,,,,,,,,,,,,,,,,,27069,0.0004755702684633434
,,,38,,,,,,,,,,,,,,,,,,,,,,,,,,,,,27079,0.0011134297819808125
,,,38,,,,,,,,,,,,,,,,,,,,,,,,,,,,,27089,0.0013563784305006266
,,,38,,,,,,,,,,,,,,,,,,,,,,,,,,,,,27099,0.0005740913329645991
,,,38,,,,,,,,,,,,,,,,,,,,,,,,,,,,,27109,0.0012498610885813832
,,,38,,,,,,,,,,,,,,,,,,,,,,,,,,,,,27119,0.0009752965997904539
,,,38,,,,,,,,,,,,,,,,,,,,,,,,,,,,,27129,0.00029758448363281786
,,,38,,,,,,,,,,,,,,,,,,,,,,,,,,,,,27139,0.0007253054063767195
,,,38,,,,,,,,,,,,,,,,,,,,,,,,,,,,,27149,0.001138837425969541
,,,38,,,,,,,,,,,,,,,,,,,,,,,,,,,,,27159,0.003680974943563342
,,,38,,,,,,,,,,,,,,,,,,,,,,,,,,,,,27169,0.02426476962864399
,,,38,,,,,,,,,,,,,,,,,,,,,,,,,,,,,27179,0.0012582613853737712
,,,38,,,,,,,,,,,,,,,,,,,,,,,,,,,,,27189,0.0005531011847779155
,,,38,,,,,,,,,,,,,,,,,,,,,,,,,,,,,27199,0.0011895711068063974
,,,38,,,,,,,,,,,,,,,,,,,,,,,,,,,,,27209,0.11237086355686188
,,,38,,,,,,,,,,,,,,,,,,,,,,,,,,,,,27219,0.007510392926633358
,,,38,,,,,,,,,,,,,,,,,,,,,,,,,,,,,27229,0.0016510722925886512
,,,38,,,,,,,,,,,,,,,,,,,,,,,,,,,,,27239,0.0007657410460524261
,,,38,,,,,,,,,,,,,,,,,,,,,,,,,,,,,27249,0.0010313820093870163
,,,38,,,,,,,,,,,,,,,,,,,,,,,,,,,,,27259,0.0013379983138293028
,,,38,,,,,,,,,,,,,,,,,,,,,,,,,,,,,27269,0.0008920772816054523
,,,38,,,,,,,,,,,,,,,,,,,,,,,,,,,,,27279,0.003446051152423024
,,,38,,,,,,,,,,,,,,,,,,,,,,,,,,,,,27289,0.002186104655265808
,,,38,,,,,,,,,,,,,,,,,,,,,,,,,,,,,27299,0.0013579895021393895
,,,38,,,,,,,,,,,,,,,,,,,,,,,,,,,,,27309,0.0004379174206405878
,,,38,,,,,,,,,,,,,,,,,,,,,,,,,,,,,27319,0.0009064602199941874
,,,38,,,,,,,,,,,,,,,,,,,,,,,,,,,,,27329,0.06333082169294357
,,,,7.981988796634066e-08,4.4715458403468026e-07,6.879301292841234e-07,6.879301292841234e-07,1.0583540450524976e-06,1.0583540450524976e-06,1.6282369923884576e-06,1.6282369923884576e-06,2.5049799882899347e-06,2.5049799882899347e-06,3.8538153665998995e-06,7.981988796634066e-08,3.8538153665998995e-06,5.928946717845999e-06,5.928946717845999e-06,9.121456488993845e-06,9.121456488993845e-06,1.4033009983067452e-05,1.4033009983067452e-05,1.4033009983067452e-05,1.4033009983067452e-05,1.2279982764052406e-07,1.2279982764052406e-07,1.8892281175465242e-07,1.8892281175465242e-07,2.906504796225422e-07,2.906504796225422e-07,4.4715458403468026e-07,27339,
,,,39,,,,,,,,,,,,,,,,,,,,,,,,,,,,,27339,0.004671931266784668
,,,39,,,,,,,,,,,,,,,,,,,,,,,,,,,,,27349,0.002864173147827387
,,,39,,,,,,,,,,,,,,,,,,,,,,,,,,,,,27359,0.0013483380898833275
,,,39,,,,,,,,,,,,,,,,,,,,,,,,,,,,,27369,0.0006647566915489733
,,,39,,,,,,,,,,,,,,,,,,,,,,,,,,,,,27379,0.006562650669366121
,,,39,,,,,,,,,,,,,,,,,,,,,,,,,,,,,27389,0.0017031256575137377
,,,39,,,,,,,,,,,,,,,,,,,,,,,,,,,,,27399,0.0019753752276301384
,,,39,,,,,,,,,,,,,,,,,,,,,,,,,,,,,27409,0.0006494291010312736
,,,39,,,,,,,,,,,,,,,,,,,,,,,,,,,,,27419,0.015599668025970459
,,,39,,,,,,,,,,,,,,,,,,,,,,,,,,,,,27429,0.2785716652870178
,,,39,,,,,,,,,,,,,,,,,,,,,,,,,,,,,27439,0.0004908861592411995
,,,39,,,,,,,,,,,,,,,,,,,,,,,,,,,,,27449,0.001505573047325015
,,,39,,,,,,,,,,,,,,,,,,,,,,,,,,,,,27459,0.0009234290337190032
,,,39,,,,,,,,,,,,,,,,,,,,,,,,,,,,,27469,0.0007436463492922485
,,,39,,,,,,,,,,,,,,,,,,,,,,,,,,,,,27479,0.0008707939996384084
,,,39,,,,,,,,,,,,,,,,,,,,,,,,,,,,,27489,0.0019660471007227898
,,,39,,,,,,,,,,,,,,,,,,,,,,,,,,,,,27499,0.0010840458562597632
,,,39,,,,,,,,,,,,,,,,,,,,,,,,,,,,,27509,0.0009930060477927327
,,,39,,,,,,,,,,,,,,,,,,,,,,,,,,,,,27519,0.0011398795759305358
,,,39,,,,,,,,,,,,,,,,,,,,,,,,,,,,,27529,0.004679241217672825
,,,39,,,,,,,,,,,,,,,,,,,,,,,,,,,,,27539,0.03048827312886715
,,,39,,,,,,,,,,,,,,,,,,,,,,,,,,,,,27549,0.0031509853433817625
,,,39,,,,,,,,,,,,,,,,,,,,,,,,,,,,,27559,0.0008386232075281441
,,,39,,,,,,,,,,,,,,,,,,,,,,,,,,,,,27569,0.0005712406127713621
,,,39,,,,,,,,,,,,,,,,,,,,,,,,,,,,,27579,0.0006300745881162584
,,,39,,,,,,,,,,,,,,,,,,,,,,,,,,,,,27589,0.0014350004494190216
,,,39,,,,,,,,,,,,,,,,,,,,,,,,,,,,,27599,0.0007341777090914547
,,,39,,,,,,,,,,,,,,,,,,,,,,,,,,,,,27609,0.002972851973026991
,,,39,,,,,,,,,,,,,,,,,,,,,,,,,,,,,27619,0.0008791874279268086
,,,39,,,,,,,,,,,,,,,,,,,,,,,,,,,,,27629,0.16285212337970734
,,,39,,,,,,,,,,,,,,,,,,,,,,,,,,,,,27639,0.0003195380268152803
,,,39,,,,,,,,,,,,,,,,,,,,,,,,,,,,,27649,0.0004821467155124992
,,,39,,,,,,,,,,,,,,,,,,,,,,,,,,,,,27659,0.0036731886211782694
,,,39,,,,,,,,,,,,,,,,,,,,,,,,,,,,,27669,0.002725819358602166
,,,39,,,,,,,,,,,,,,,,,,,,,,,,,,,,,27679,0.0005968434852547944
,,,39,,,,,,,,,,,,,,,,,,,,,,,,,,,,,27689,0.0021869237534701824
,,,39,,,,,,,,,,,,,,,,,,,,,,,,,,,,,27699,0.0010130387963727117
,,,39,,,,,,,,,,,,,,,,,,,,,,,,,,,,,27709,0.12960632145404816
,,,39,,,,,,,,,,,,,,,,,,,,,,,,,,,,,27719,0.0017004732508212328
,,,39,,,,,,,,,,,,,,,,,,,,,,,,,,,,,27729,0.005252564325928688
,,,39,,,,,,,,,,,,,,,,,,,,,,,,,,,,,27739,0.0004658550024032593
,,,39,,,,,,,,,,,,,,,,,,,,,,,,,,,,,27749,0.014895634725689888
,,,39,,,,,,,,,,,,,,,,,,,,,,,,,,,,,27759,0.001916461973451078
,,,39,,,,,,,,,,,,,,,,,,,,,,,,,,,,,27769,0.003249906003475189
,,,39,,,,,,,,,,,,,,,,,,,,,,,,,,,,,27779,0.0007875338778831065
,,,39,,,,,,,,,,,,,,,,,,,,,,,,,,,,,27789,0.9244803190231323
,,,39,,,,,,,,,,,,,,,,,,,,,,,,,,,,,27799,0.002491969848051667
,,,39,,,,,,,,,,,,,,,,,,,,,,,,,,,,,27809,0.0007508342387154698
,,,39,,,,,,,,,,,,,,,,,,,,,,,,,,,,,27819,0.0032310921233147383
,,,39,,,,,,,,,,,,,,,,,,,,,,,,,,,,,27829,0.0008086198940873146
,,,39,,,,,,,,,,,,,,,,,,,,,,,,,,,,,27839,0.2866422235965729
,,,39,,,,,,,,,,,,,,,,,,,,,,,,,,,,,27849,0.002428749343380332
,,,39,,,,,,,,,,,,,,,,,,,,,,,,,,,,,27859,0.0003806550521403551
,,,39,,,,,,,,,,,,,,,,,,,,,,,,,,,,,27869,0.0026342212222516537
,,,39,,,,,,,,,,,,,,,,,,,,,,,,,,,,,27879,0.005365753546357155
,,,39,,,,,,,,,,,,,,,,,,,,,,,,,,,,,27889,0.000505444360896945
,,,39,,,,,,,,,,,,,,,,,,,,,,,,,,,,,27899,0.001563378842547536
,,,39,,,,,,,,,,,,,,,,,,,,,,,,,,,,,27909,0.0015959028387442231
,,,39,,,,,,,,,,,,,,,,,,,,,,,,,,,,,27919,0.0007872904534451663
,,,39,,,,,,,,,,,,,,,,,,,,,,,,,,,,,27929,0.004864128772169352
,,,39,,,,,,,,,,,,,,,,,,,,,,,,,,,,,27939,0.0017672976246103644
,,,39,,,,,,,,,,,,,,,,,,,,,,,,,,,,,27949,0.0030598670709878206
,,,39,,,,,,,,,,,,,,,,,,,,,,,,,,,,,27959,0.0007274451781995595
,,,39,,,,,,,,,,,,,,,,,,,,,,,,,,,,,27969,0.0016454895958304405
,,,39,,,,,,,,,,,,,,,,,,,,,,,,,,,,,27979,0.01728430762887001
,,,39,,,,,,,,,,,,,,,,,,,,,,,,,,,,,27989,0.0010168415028601885
,,,39,,,,,,,,,,,,,,,,,,,,,,,,,,,,,27999,0.001126206130720675
,,,39,,,,,,,,,,,,,,,,,,,,,,,,,,,,,28009,0.0035704358015209436
,,,39,,,,,,,,,,,,,,,,,,,,,,,,,,,,,28019,0.004206853453069925
,,,39,,,,,,,,,,,,,,,,,,,,,,,,,,,,,28029,0.2552330195903778
,,,39,,,,,,,,,,,,,,,,,,,,,,,,,,,,,28039,0.000575123936869204
0.8791627287864685,0.8651685118675232,0.8936170339584351,39,,,,,,,,,,,,,,,,,,,,,,,,,,,,,28039,
,,,,6.653706639515992e-08,3.727436232353765e-07,5.734517280544253e-07,5.734517280544253e-07,8.822334277760388e-07,8.822334277760388e-07,1.3572821965785213e-06,1.3572821965785213e-06,2.088126456274648e-06,2.088126456274648e-06,3.212502240422535e-06,6.653706639515992e-08,3.212502240422535e-06,4.942311139111592e-06,4.942311139111592e-06,7.603555598633219e-06,7.603555598633219e-06,1.1697777844051105e-05,1.1697777844051105e-05,1.1697777844051105e-05,1.1697777844051105e-05,1.0236471753101525e-07,1.0236471753101525e-07,1.5748418081694655e-07,1.5748418081694655e-07,2.4228335510299467e-07,2.4228335510299467e-07,3.727436232353765e-07,28040,
,,,40,,,,,,,,,,,,,,,,,,,,,,,,,,,,,28049,0.00716823898255825
,,,40,,,,,,,,,,,,,,,,,,,,,,,,,,,,,28059,0.0011674950364977121
,,,40,,,,,,,,,,,,,,,,,,,,,,,,,,,,,28069,0.0010005430085584521
,,,40,,,,,,,,,,,,,,,,,,,,,,,,,,,,,28079,0.00059262674767524
,,,40,,,,,,,,,,,,,,,,,,,,,,,,,,,,,28089,0.0029712084215134382
,,,40,,,,,,,,,,,,,,,,,,,,,,,,,,,,,28099,0.0036020830739289522
,,,40,,,,,,,,,,,,,,,,,,,,,,,,,,,,,28109,0.0014567819889634848
,,,40,,,,,,,,,,,,,,,,,,,,,,,,,,,,,28119,0.000942996412049979
,,,40,,,,,,,,,,,,,,,,,,,,,,,,,,,,,28129,0.11622574925422668
,,,40,,,,,,,,,,,,,,,,,,,,,,,,,,,,,28139,0.0009831449715420604
,,,40,,,,,,,,,,,,,,,,,,,,,,,,,,,,,28149,0.0010066395625472069
,,,40,,,,,,,,,,,,,,,,,,,,,,,,,,,,,28159,0.020405156537890434
,,,40,,,,,,,,,,,,,,,,,,,,,,,,,,,,,28169,0.0017957024974748492
,,,40,,,,,,,,,,,,,,,,,,,,,,,,,,,,,28179,0.0012632115976884961
,,,40,,,,,,,,,,,,,,,,,,,,,,,,,,,,,28189,0.000647635490167886
,,,40,,,,,,,,,,,,,,,,,,,,,,,,,,,,,28199,0.0007074866443872452
,,,40,,,,,,,,,,,,,,,,,,,,,,,,,,,,,28209,0.0005217166035436094
,,,40,,,,,,,,,,,,,,,,,,,,,,,,,,,,,28219,0.0012019890127703547
,,,40,,,,,,,,,,,,,,,,,,,,,,,,,,,,,28229,0.0008093465003184974
,,,40,,,,,,,,,,,,,,,,,,,,,,,,,,,,,28239,0.001508838962763548
,,,40,,,,,,,,,,,,,,,,,,,,,,,,,,,,,28249,0.001310708117671311
,,,40,,,,,,,,,,,,,,,,,,,,,,,,,,,,,28259,0.004999000579118729
,,,40,,,,,,,,,,,,,,,,,,,,,,,,,,,,,28269,0.0009666001424193382
,,,40,,,,,,,,,,,,,,,,,,,,,,,,,,,,,28279,0.0003614075540099293
,,,40,,,,,,,,,,,,,,,,,,,,,,,,,,,,,28289,0.0015844149747863412
,,,40,,,,,,,,,,,,,,,,,,,,,,,,,,,,,28299,0.0005277231684885919
,,,40,,,,,,,,,,,,,,,,,,,,,,,,,,,,,28309,0.0032392905559390783
,,,40,,,,,,,,,,,,,,,,,,,,,,,,,,,,,28319,0.01981385238468647
,,,40,,,,,,,,,,,,,,,,,,,,,,,,,,,,,28329,0.0067594535648822784
,,,40,,,,,,,,,,,,,,,,,,,,,,,,,,,,,28339,0.0007405621581710875
,,,40,,,,,,,,,,,,,,,,,,,,,,,,,,,,,28349,0.00033146259374916553
,,,40,,,,,,,,,,,,,,,,,,,,,,,,,,,,,28359,0.0011510055046528578
,,,40,,,,,,,,,,,,,,,,,,,,,,,,,,,,,28369,0.0010792978573590517
,,,40,,,,,,,,,,,,,,,,,,,,,,,,,,,,,28379,0.0009486151393502951
,,,40,,,,,,,,,,,,,,,,,,,,,,,,,,,,,28389,0.0009064929326996207
,,,40,,,,,,,,,,,,,,,,,,,,,,,,,,,,,28399,0.000864269386511296
,,,40,,,,,,,,,,,,,,,,,,,,,,,,,,,,,28409,0.005990473087877035
,,,40,,,,,,,,,,,,,,,,,,,,,,,,,,,,,28419,0.0033341730013489723
,,,40,,,,,,,,,,,,,,,,,,,,,,,,,,,,,28429,0.0005443030968308449
,,,40,,,,,,,,,,,,,,,,,,,,,,,,,,,,,28439,0.004473038017749786
,,,40,,,,,,,,,,,,,,,,,,,,,,,,,,,,,28449,0.0012563896598294377
,,,40,,,,,,,,,,,,,,,,,,,,,,,,,,,,,28459,0.001935663865879178
,,,40,,,,,,,,,,,,,,,,,,,,,,,,,,,,,28469,0.0004916542675346136
,,,40,,,,,,,,,,,,,,,,,,,,,,,,,,,,,28479,0.0009867065818980336
,,,40,,,,,,,,,,,,,,,,,,,,,,,,,,,,,28489,0.0023609763011336327
,,,40,,,,,,,,,,,,,,,,,,,,,,,,,,,,,28499,0.0008817223133519292
,,,40,,,,,,,,,,,,,,,,,,,,,,,,,,,,,28509,0.0005846317508257926
,,,40,,,,,,,,,,,,,,,,,,,,,,,,,,,,,28519,0.0008378289639949799
,,,40,,,,,,,,,,,,,,,,,,,,,,,,,,,,,28529,0.250650554895401
,,,40,,,,,,,,,,,,,,,,,,,,,,,,,,,,,28539,0.003211482660844922
,,,40,,,,,,,,,,,,,,,,,,,,,,,,,,,,,28549,0.0003255907795391977
,,,40,,,,,,,,,,,,,,,,,,,,,,,,,,,,,28559,0.23059490323066711
,,,40,,,,,,,,,,,,,,,,,,,,,,,,,,,,,28569,0.0006219636416062713
,,,40,,,,,,,,,,,,,,,,,,,,,,,,,,,,,28579,0.0007980887894518673
,,,40,,,,,,,,,,,,,,,,,,,,,,,,,,,,,28589,0.0013722310541197658
,,,40,,,,,,,,,,,,,,,,,,,,,,,,,,,,,28599,0.0008748710388317704
,,,40,,,,,,,,,,,,,,,,,,,,,,,,,,,,,28609,0.0015289789298549294
,,,40,,,,,,,,,,,,,,,,,,,,,,,,,,,,,28619,0.007158665452152491
,,,40,,,,,,,,,,,,,,,,,,,,,,,,,,,,,28629,0.0021753674373030663
,,,40,,,,,,,,,,,,,,,,,,,,,,,,,,,,,28639,0.004804825875908136
,,,40,,,,,,,,,,,,,,,,,,,,,,,,,,,,,28649,0.001206396846100688
,,,40,,,,,,,,,,,,,,,,,,,,,,,,,,,,,28659,0.001366140553727746
,,,40,,,,,,,,,,,,,,,,,,,,,,,,,,,,,28669,0.64715176820755
,,,40,,,,,,,,,,,,,,,,,,,,,,,,,,,,,28679,0.0012334854109212756
,,,40,,,,,,,,,,,,,,,,,,,,,,,,,,,,,28689,0.0009232626762241125
,,,40,,,,,,,,,,,,,,,,,,,,,,,,,,,,,28699,0.0006493005203083158
,,,40,,,,,,,,,,,,,,,,,,,,,,,,,,,,,28709,0.0005958991823717952
,,,40,,,,,,,,,,,,,,,,,,,,,,,,,,,,,28719,0.0044518145732581615
,,,40,,,,,,,,,,,,,,,,,,,,,,,,,,,,,28729,0.0018192131537944078
,,,40,,,,,,,,,,,,,,,,,,,,,,,,,,,,,28739,0.0005310240667313337
,,,,5.431565334472347e-08,3.0427872046342055e-07,4.6812110840526237e-07,4.6812110840526237e-07,7.201863206234804e-07,7.201863206234804e-07,1.1079789548053546e-06,1.1079789548053546e-06,1.704583007392853e-06,1.704583007392853e-06,2.622435395989005e-06,5.431565334472347e-08,2.622435395989005e-06,4.034515993829238e-06,4.034515993829238e-06,6.206947682814212e-06,6.206947682814212e-06,9.549150281252633e-06,9.549150281252633e-06,9.549150281252633e-06,9.549150281252633e-06,8.356254360726687e-08,8.356254360726687e-08,1.2855775939579518e-07,1.2855775939579518e-07,1.9778116830122336e-07,1.9778116830122336e-07,3.0427872046342055e-07,28741,
,,,41,,,,,,,,,,,,,,,,,,,,,,,,,,,,,28749,0.001953723141923547
,,,41,,,,,,,,,,,,,,,,,,,,,,,,,,,,,28759,0.0009102756157517433
,,,41,,,,,,,,,,,,,,,,,,,,,,,,,,,,,28769,0.0002448783488944173
,,,41,,,,,,,,,,,,,,,,,,,,,,,,,,,,,28779,0.001364034484140575
,,,41,,,,,,,,,,,,,,,,,,,,,,,,,,,,,28789,0.0020989743061363697
,,,41,,,,,,,,,,,,,,,,,,,,,,,,,,,,,28799,0.0024268166162073612
,,,41,,,,,,,,,,,,,,,,,,,,,,,,,,,,,28809,0.021972376853227615
,,,41,,,,,,,,,,,,,,,,,,,,,,,,,,,,,28819,0.001981897745281458
,,,41,,,,,,,,,,,,,,,,,,,,,,,,,,,,,28829,0.1011466383934021
,,,41,,,,,,,,,,,,,,,,,,,,,,,,,,,,,28839,0.0011439935769885778
,,,41,,,,,,,,,,,,,,,,,,,,,,,,,,,,,28849,0.0022543962113559246
,,,41,,,,,,,,,,,,,,,,,,,,,,,,,,,,,28859,0.0007092515006661415
,,,41,,,,,,,,,,,,,,,,,,,,,,,,,,,,,28869,0.0002889713505282998
,,,41,,,,,,,,,,,,,,,,,,,,,,,,,,,,,28879,0.0008574690436944366
,,,41,,,,,,,,,,,,,,,,,,,,,,,,,,,,,28889,0.0015241620130836964
,,,41,,,,,,,,,,,,,,,,,,,,,,,,,,,,,28899,0.0009923784527927637
,,,41,,,,,,,,,,,,,,,,,,,,,,,,,,,,,28909,0.00043155899038538337
,,,41,,,,,,,,,,,,,,,,,,,,,,,,,,,,,28919,0.00046991437557153404
,,,41,,,,,,,,,,,,,,,,,,,,,,,,,,,,,28929,0.0003171362041030079
,,,41,,,,,,,,,,,,,,,,,,,,,,,,,,,,,28939,0.06723718345165253
,,,41,,,,,,,,,,,,,,,,,,,,,,,,,,,,,28949,0.0005410498706623912
,,,41,,,,,,,,,,,,,,,,,,,,,,,,,,,,,28959,0.003189580049365759
,,,41,,,,,,,,,,,,,,,,,,,,,,,,,,,,,28969,0.0015793155180290341
,,,41,,,,,,,,,,,,,,,,,,,,,,,,,,,,,28979,0.0008843612740747631
,,,41,,,,,,,,,,,,,,,,,,,,,,,,,,,,,28989,0.00344478408806026
,,,41,,,,,,,,,,,,,,,,,,,,,,,,,,,,,28999,0.3575112819671631
,,,41,,,,,,,,,,,,,,,,,,,,,,,,,,,,,29009,0.000851655553560704
,,,41,,,,,,,,,,,,,,,,,,,,,,,,,,,,,29019,1.0724798440933228
,,,41,,,,,,,,,,,,,,,,,,,,,,,,,,,,,29029,0.0062660095281898975
,,,41,,,,,,,,,,,,,,,,,,,,,,,,,,,,,29039,0.0009160196059383452
,,,41,,,,,,,,,,,,,,,,,,,,,,,,,,,,,29049,0.0029243752360343933
,,,41,,,,,,,,,,,,,,,,,,,,,,,,,,,,,29059,0.0006210452993400395
,,,41,,,,,,,,,,,,,,,,,,,,,,,,,,,,,29069,0.01999288983643055
,,,41,,,,,,,,,,,,,,,,,,,,,,,,,,,,,29079,0.0009744407725520432
,,,41,,,,,,,,,,,,,,,,,,,,,,,,,,,,,29089,0.001612146501429379
,,,41,,,,,,,,,,,,,,,,,,,,,,,,,,,,,29099,0.0002594382094684988
,,,41,,,,,,,,,,,,,,,,,,,,,,,,,,,,,29109,0.012457153759896755
,,,41,,,,,,,,,,,,,,,,,,,,,,,,,,,,,29119,0.006367812864482403
,,,41,,,,,,,,,,,,,,,,,,,,,,,,,,,,,29129,0.00079612887930125
,,,41,,,,,,,,,,,,,,,,,,,,,,,,,,,,,29139,0.011405102908611298
,,,41,,,,,,,,,,,,,,,,,,,,,,,,,,,,,29149,0.11005832999944687
,,,41,,,,,,,,,,,,,,,,,,,,,,,,,,,,,29159,0.0006821544957347214
,,,41,,,,,,,,,,,,,,,,,,,,,,,,,,,,,29169,0.00069288385566324
,,,41,,,,,,,,,,,,,,,,,,,,,,,,,,,,,29179,0.0012300993548706174
,,,41,,,,,,,,,,,,,,,,,,,,,,,,,,,,,29189,0.023850083351135254
,,,41,,,,,,,,,,,,,,,,,,,,,,,,,,,,,29199,0.0007050392450764775
,,,41,,,,,,,,,,,,,,,,,,,,,,,,,,,,,29209,0.0008854828774929047
,,,41,,,,,,,,,,,,,,,,,,,,,,,,,,,,,29219,0.002786754397675395
,,,41,,,,,,,,,,,,,,,,,,,,,,,,,,,,,29229,0.003462316934019327
,,,41,,,,,,,,,,,,,,,,,,,,,,,,,,,,,29239,0.00037999905180186033
,,,41,,,,,,,,,,,,,,,,,,,,,,,,,,,,,29249,0.0005727109964936972
,,,41,,,,,,,,,,,,,,,,,,,,,,,,,,,,,29259,0.0016959814820438623
,,,41,,,,,,,,,,,,,,,,,,,,,,,,,,,,,29269,0.4716830551624298
,,,41,,,,,,,,,,,,,,,,,,,,,,,,,,,,,29279,0.0008306986419484019
,,,41,,,,,,,,,,,,,,,,,,,,,,,,,,,,,29289,0.00046321848640218377
,,,41,,,,,,,,,,,,,,,,,,,,,,,,,,,,,29299,0.08329718559980392
,,,41,,,,,,,,,,,,,,,,,,,,,,,,,,,,,29309,0.00214036600664258
,,,41,,,,,,,,,,,,,,,,,,,,,,,,,,,,,29319,0.0008234774577431381
,,,41,,,,,,,,,,,,,,,,,,,,,,,,,,,,,29329,0.0010947600239887834
,,,41,,,,,,,,,,,,,,,,,,,,,,,,,,,,,29339,0.00047065631952136755
,,,41,,,,,,,,,,,,,,,,,,,,,,,,,,,,,29349,0.0022960600908845663
,,,41,,,,,,,,,,,,,,,,,,,,,,,,,,,,,29359,0.00046824768651276827
,,,41,,,,,,,,,,,,,,,,,,,,,,,,,,,,,29369,0.024093925952911377
,,,41,,,,,,,,,,,,,,,,,,,,,,,,,,,,,29379,0.0006838094559498131
,,,41,,,,,,,,,,,,,,,,,,,,,,,,,,,,,29389,0.0007559870136901736
,,,41,,,,,,,,,,,,,,,,,,,,,,,,,,,,,29399,0.001950395992025733
,,,41,,,,,,,,,,,,,,,,,,,,,,,,,,,,,29409,0.0009667268022894859
,,,41,,,,,,,,,,,,,,,,,,,,,,,,,,,,,29419,0.0810086578130722
,,,41,,,,,,,,,,,,,,,,,,,,,,,,,,,,,29429,0.20338472723960876
,,,41,,,,,,,,,,,,,,,,,,,,,,,,,,,,,29439,0.0007231959607452154
,,,,4.321519031092087e-08,2.420934298430496e-07,3.724514305277685e-07,3.724514305277685e-07,5.730022008119516e-07,5.730022008119516e-07,8.815418474030023e-07,8.815418474030023e-07,1.3562182267738498e-06,1.3562182267738498e-06,2.0864895796520763e-06,4.321519031092087e-08,2.0864895796520763e-06,3.2099839686955018e-06,3.2099839686955018e-06,4.938436874916157e-06,4.938436874916157e-06,7.597595192178702e-06,7.597595192178702e-06,7.597595192178702e-06,7.597595192178702e-06,6.648490817064748e-08,6.648490817064748e-08,1.0228447410868844e-07,1.0228447410868844e-07,1.5736072939798221e-07,1.5736072939798221e-07,2.420934298430496e-07,29442,
,,,42,,,,,,,,,,,,,,,,,,,,,,,,,,,,,29449,0.0018132430268451571
,,,42,,,,,,,,,,,,,,,,,,,,,,,,,,,,,29459,0.0013724381569772959
,,,42,,,,,,,,,,,,,,,,,,,,,,,,,,,,,29469,0.0023685102351009846
,,,42,,,,,,,,,,,,,,,,,,,,,,,,,,,,,29479,0.1174641102552414
,,,42,,,,,,,,,,,,,,,,,,,,,,,,,,,,,29489,0.017742101103067398
,,,42,,,,,,,,,,,,,,,,,,,,,,,,,,,,,29499,0.003079828806221485
,,,42,,,,,,,,,,,,,,,,,,,,,,,,,,,,,29509,0.017371218651533127
,,,42,,,,,,,,,,,,,,,,,,,,,,,,,,,,,29519,0.019943660125136375
,,,42,,,,,,,,,,,,,,,,,,,,,,,,,,,,,29529,0.0066756997257471085
,,,42,,,,,,,,,,,,,,,,,,,,,,,,,,,,,29539,0.0022062601055949926
,,,42,,,,,,,,,,,,,,,,,,,,,,,,,,,,,29549,0.0019561403896659613
,,,42,,,,,,,,,,,,,,,,,,,,,,,,,,,,,29559,0.0011483450653031468
,,,42,,,,,,,,,,,,,,,,,,,,,,,,,,,,,29569,0.001872881199233234
,,,42,,,,,,,,,,,,,,,,,,,,,,,,,,,,,29579,0.0022793137468397617
,,,42,,,,,,,,,,,,,,,,,,,,,,,,,,,,,29589,0.0006807199097238481
,,,42,,,,,,,,,,,,,,,,,,,,,,,,,,,,,29599,0.0008024027338251472
,,,42,,,,,,,,,,,,,,,,,,,,,,,,,,,,,29609,0.21126003563404083
,,,42,,,,,,,,,,,,,,,,,,,,,,,,,,,,,29619,0.0011856869095936418
,,,42,,,,,,,,,,,,,,,,,,,,,,,,,,,,,29629,0.006529453210532665
,,,42,,,,,,,,,,,,,,,,,,,,,,,,,,,,,29639,0.0012730882735922933
,,,42,,,,,,,,,,,,,,,,,,,,,,,,,,,,,29649,0.0006806595483794808
,,,42,,,,,,,,,,,,,,,,,,,,,,,,,,,,,29659,0.001240105484612286
,,,42,,,,,,,,,,,,,,,,,,,,,,,,,,,,,29669,0.0014572817599400878
,,,42,,,,,,,,,,,,,,,,,,,,,,,,,,,,,29679,0.0011475274804979563
,,,42,,,,,,,,,,,,,,,,,,,,,,,,,,,,,29689,0.0007546395063400269
,,,42,,,,,,,,,,,,,,,,,,,,,,,,,,,,,29699,0.0006103405030444264
,,,42,,,,,,,,,,,,,,,,,,,,,,,,,,,,,29709,0.0006892436649650335
,,,42,,,,,,,,,,,,,,,,,,,,,,,,,,,,,29719,0.001147014438174665
,,,42,,,,,,,,,,,,,,,,,,,,,,,,,,,,,29729,0.0003979669709224254
,,,42,,,,,,,,,,,,,,,,,,,,,,,,,,,,,29739,0.0011426565470173955
,,,42,,,,,,,,,,,,,,,,,,,,,,,,,,,,,29749,0.0008412746246904135
,,,42,,,,,,,,,,,,,,,,,,,,,,,,,,,,,29759,0.0009936370188370347
,,,42,,,,,,,,,,,,,,,,,,,,,,,,,,,,,29769,0.0009680769289843738
,,,42,,,,,,,,,,,,,,,,,,,,,,,,,,,,,29779,0.005395384971052408
,,,42,,,,,,,,,,,,,,,,,,,,,,,,,,,,,29789,0.0005517299869097769
,,,42,,,,,,,,,,,,,,,,,,,,,,,,,,,,,29799,0.0019126260885968804
,,,42,,,,,,,,,,,,,,,,,,,,,,,,,,,,,29809,0.0007663027499802411
,,,42,,,,,,,,,,,,,,,,,,,,,,,,,,,,,29819,0.04252181947231293
,,,42,,,,,,,,,,,,,,,,,,,,,,,,,,,,,29829,0.000363664235919714
,,,42,,,,,,,,,,,,,,,,,,,,,,,,,,,,,29839,0.0017158308764919639
,,,42,,,,,,,,,,,,,,,,,,,,,,,,,,,,,29849,0.0013024236541241407
,,,42,,,,,,,,,,,,,,,,,,,,,,,,,,,,,29859,0.001388775766827166
,,,42,,,,,,,,,,,,,,,,,,,,,,,,,,,,,29869,0.0005412631435319781
,,,42,,,,,,,,,,,,,,,,,,,,,,,,,,,,,29879,0.0008751485729590058
,,,42,,,,,,,,,,,,,,,,,,,,,,,,,,,,,29889,0.0009618339245207608
,,,42,,,,,,,,,,,,,,,,,,,,,,,,,,,,,29899,0.0008626963826827705
,,,42,,,,,,,,,,,,,,,,,,,,,,,,,,,,,29909,0.000431822263635695
,,,42,,,,,,,,,,,,,,,,,,,,,,,,,,,,,29919,0.032263025641441345
,,,42,,,,,,,,,,,,,,,,,,,,,,,,,,,,,29929,0.0016211295733228326
,,,42,,,,,,,,,,,,,,,,,,,,,,,,,,,,,29939,0.000537439133040607
,,,42,,,,,,,,,,,,,,,,,,,,,,,,,,,,,29949,0.00044394220458343625
,,,42,,,,,,,,,,,,,,,,,,,,,,,,,,,,,29959,0.8200588226318359
,,,42,,,,,,,,,,,,,,,,,,,,,,,,,,,,,29969,0.0028238766826689243
,,,42,,,,,,,,,,,,,,,,,,,,,,,,,,,,,29979,0.0008349212002940476
,,,42,,,,,,,,,,,,,,,,,,,,,,,,,,,,,29989,0.005841442383825779
,,,42,,,,,,,,,,,,,,,,,,,,,,,,,,,,,29999,0.0009661150397732854
,,,42,,,,,,,,,,,,,,,,,,,,,,,,,,,,,30009,0.0009540885221213102
,,,42,,,,,,,,,,,,,,,,,,,,,,,,,,,,,30019,0.0007745398906990886
,,,42,,,,,,,,,,,,,,,,,,,,,,,,,,,,,30029,0.0007015846204012632
,,,42,,,,,,,,,,,,,,,,,,,,,,,,,,,,,30039,0.0005171414231881499
,,,42,,,,,,,,,,,,,,,,,,,,,,,,,,,,,30049,0.0007862209458835423
,,,42,,,,,,,,,,,,,,,,,,,,,,,,,,,,,30059,0.0012834877707064152
,,,42,,,,,,,,,,,,,,,,,,,,,,,,,,,,,30069,0.0003677282074932009
,,,42,,,,,,,,,,,,,,,,,,,,,,,,,,,,,30079,0.0008623233297839761
,,,42,,,,,,,,,,,,,,,,,,,,,,,,,,,,,30089,0.00048086035531014204
,,,42,,,,,,,,,,,,,,,,,,,,,,,,,,,,,30099,0.0016898156609386206
,,,42,,,,,,,,,,,,,,,,,,,,,,,,,,,,,30109,0.0008995202952064574
,,,42,,,,,,,,,,,,,,,,,,,,,,,,,,,,,30119,0.00550084700807929
,,,42,,,,,,,,,,,,,,,,,,,,,,,,,,,,,30129,0.006907598115503788
,,,42,,,,,,,,,,,,,,,,,,,,,,,,,,,,,30139,0.000928683381062001
,,,,3.3289757633838177e-08,1.8649071185932243e-07,2.869087874758806e-07,2.869087874758806e-07,4.4139813457827784e-07,4.4139813457827784e-07,6.790740531973505e-07,6.790740531973505e-07,1.0447293126113085e-06,1.0447293126113085e-06,1.607275865555859e-06,3.3289757633838177e-08,1.607275865555859e-06,2.4727321008551675e-06,2.4727321008551675e-06,3.8042032320848733e-06,3.8042032320848733e-06,5.852620357053651e-06,5.852620357053651e-06,5.852620357053651e-06,5.852620357053651e-06,5.121501174436641e-08,5.121501174436641e-08,7.879232576056372e-08,7.879232576056372e-08,1.2121896270855957e-07,1.2121896270855957e-07,1.8649071185932243e-07,30143,
,,,43,,,,,,,,,,,,,,,,,,,,,,,,,,,,,30149,0.0015072606038302183
,,,43,,,,,,,,,,,,,,,,,,,,,,,,,,,,,30159,0.0006353878998197615
,,,43,,,,,,,,,,,,,,,,,,,,,,,,,,,,,30169,0.0013663219287991524
,,,43,,,,,,,,,,,,,,,,,,,,,,,,,,,,,30179,0.06552234292030334
,,,43,,,,,,,,,,,,,,,,,,,,,,,,,,,,,30189,0.0024066802579909563
,,,43,,,,,,,,,,,,,,,,,,,,,,,,,,,,,30199,0.0012199240736663342
,,,43,,,,,,,,,,,,,,,,,,,,,,,,,,,,,30209,0.0009630231652408838
,,,43,,,,,,,,,,,,,,,,,,,,,,,,,,,,,30219,0.0006245679105632007
,,,43,,,,,,,,,,,,,,,,,,,,,,,,,,,,,30229,0.00026175231323577464
,,,43,,,,,,,,,,,,,,,,,,,,,,,,,,,,,30239,0.0007568529690615833
,,,43,,,,,,,,,,,,,,,,,,,,,,,,,,,,,30249,0.003356517991051078
,,,43,,,,,,,,,,,,,,,,,,,,,,,,,,,,,30259,0.0016941525973379612
,,,43,,,,,,,,,,,,,,,,,,,,,,,,,,,,,30269,0.000564317568205297
,,,43,,,,,,,,,,,,,,,,,,,,,,,,,,,,,30279,0.0009611062705516815
,,,43,,,,,,,,,,,,,,,,,,,,,,,,,,,,,30289,0.0013249630574136972
,,,43,,,,,,,,,,,,,,,,,,,,,,,,,,,,,30299,0.005712992511689663
,,,43,,,,,,,,,,,,,,,,,,,,,,,,,,,,,30309,0.011899714358150959
,,,43,,,,,,,,,,,,,,,,,,,,,,,,,,,,,30319,0.0007539498037658632
,,,43,,,,,,,,,,,,,,,,,,,,,,,,,,,,,30329,0.0011989799095317721
,,,43,,,,,,,,,,,,,,,,,,,,,,,,,,,,,30339,0.0018575511639937758
,,,43,,,,,,,,,,,,,,,,,,,,,,,,,,,,,30349,0.002031386364251375
,,,43,,,,,,,,,,,,,,,,,,,,,,,,,,,,,30359,0.004807180725038052
,,,43,,,,,,,,,,,,,,,,,,,,,,,,,,,,,30369,0.0014147026231512427
,,,43,,,,,,,,,,,,,,,,,,,,,,,,,,,,,30379,0.0006030444637872279
,,,43,,,,,,,,,,,,,,,,,,,,,,,,,,,,,30389,0.0010418235324323177
,,,43,,,,,,,,,,,,,,,,,,,,,,,,,,,,,30399,0.003088287776336074
,,,43,,,,,,,,,,,,,,,,,,,,,,,,,,,,,30409,0.005018013529479504
,,,43,,,,,,,,,,,,,,,,,,,,,,,,,,,,,30419,0.010017290711402893
,,,43,,,,,,,,,,,,,,,,,,,,,,,,,,,,,30429,0.0010003154166042805
,,,43,,,,,,,,,,,,,,,,,,,,,,,,,,,,,30439,0.0018014621455222368
,,,43,,,,,,,,,,,,,,,,,,,,,,,,,,,,,30449,0.0006447577616199851
,,,43,,,,,,,,,,,,,,,,,,,,,,,,,,,,,30459,0.0007535602780990303
,,,43,,,,,,,,,,,,,,,,,,,,,,,,,,,,,30469,0.009653950110077858
,,,43,,,,,,,,,,,,,,,,,,,,,,,,,,,,,30479,0.0006189238047227263
,,,43,,,,,,,,,,,,,,,,,,,,,,,,,,,,,30489,0.00131873635109514
,,,43,,,,,,,,,,,,,,,,,,,,,,,,,,,,,30499,0.0016991555457934737
,,,43,,,,,,,,,,,,,,,,,,,,,,,,,,,,,30509,0.00047801120672374964
,,,43,,,,,,,,,,,,,,,,,,,,,,,,,,,,,30519,0.0011039184173569083
,,,43,,,,,,,,,,,,,,,,,,,,,,,,,,,,,30529,0.0008532788488082588
,,,43,,,,,,,,,,,,,,,,,,,,,,,,,,,,,30539,0.0007804182241670787
,,,43,,,,,,,,,,,,,,,,,,,,,,,,,,,,,30549,0.000799761968664825
,,,43,,,,,,,,,,,,,,,,,,,,,,,,,,,,,30559,0.006018700543791056
,,,43,,,,,,,,,,,,,,,,,,,,,,,,,,,,,30569,0.0009231765870936215
,,,43,,,,,,,,,,,,,,,,,,,,,,,,,,,,,30579,0.0004009509866591543
,,,43,,,,,,,,,,,,,,,,,,,,,,,,,,,,,30589,0.0007534183096140623
,,,43,,,,,,,,,,,,,,,,,,,,,,,,,,,,,30599,0.0009976007277145982
,,,43,,,,,,,,,,,,,,,,,,,,,,,,,,,,,30609,0.0008935065707191825
,,,43,,,,,,,,,,,,,,,,,,,,,,,,,,,,,30619,0.0005113710067234933
,,,43,,,,,,,,,,,,,,,,,,,,,,,,,,,,,30629,0.00036547236959449947
,,,43,,,,,,,,,,,,,,,,,,,,,,,,,,,,,30639,0.0007136674830690026
,,,43,,,,,,,,,,,,,,,,,,,,,,,,,,,,,30649,0.0016160954255610704
,,,43,,,,,,,,,,,,,,,,,,,,,,,,,,,,,30659,0.0012784558348357677
,,,43,,,,,,,,,,,,,,,,,,,,,,,,,,,,,30669,0.0354510173201561
,,,43,,,,,,,,,,,,,,,,,,,,,,,,,,,,,30679,0.0009350837208330631
,,,43,,,,,,,,,,,,,,,,,,,,,,,,,,,,,30689,0.0018064873293042183
,,,43,,,,,,,,,,,,,,,,,,,,,,,,,,,,,30699,0.0007382077164947987
,,,43,,,,,,,,,,,,,,,,,,,,,,,,,,,,,30709,0.0011281402548775077
,,,43,,,,,,,,,,,,,,,,,,,,,,,,,,,,,30719,0.0004922607913613319
,,,43,,,,,,,,,,,,,,,,,,,,,,,,,,,,,30729,0.0013499996857717633
,,,43,,,,,,,,,,,,,,,,,,,,,,,,,,,,,30739,0.0005325466627255082
,,,43,,,,,,,,,,,,,,,,,,,,,,,,,,,,,30749,0.0012560003669932485
,,,43,,,,,,,,,,,,,,,,,,,,,,,,,,,,,30759,0.001062164083123207
,,,43,,,,,,,,,,,,,,,,,,,,,,,,,,,,,30769,0.013728831894695759
,,,43,,,,,,,,,,,,,,,,,,,,,,,,,,,,,30779,0.0019518169574439526
,,,43,,,,,,,,,,,,,,,,,,,,,,,,,,,,,30789,0.002245580544695258
,,,43,,,,,,,,,,,,,,,,,,,,,,,,,,,,,30799,0.0008308150572702289
,,,43,,,,,,,,,,,,,,,,,,,,,,,,,,,,,30809,0.0012700657825917006
,,,43,,,,,,,,,,,,,,,,,,,,,,,,,,,,,30819,0.0017923625418916345
,,,43,,,,,,,,,,,,,,,,,,,,,,,,,,,,,30829,0.00048609281657263637
,,,43,,,,,,,,,,,,,,,,,,,,,,,,,,,,,30839,0.0006057377904653549
,,,,2.4587711023777133e-08,1.3774145736509018e-07,2.1190993440783103e-07,2.1190993440783103e-07,3.2601528370435543e-07,3.2601528370435543e-07,5.015619749297775e-07,5.015619749297775e-07,7.716338075842731e-07,7.716338075842731e-07,1.1871289347450355e-06,2.4587711023777133e-08,1.1871289347450355e-06,1.8263522073000546e-06,1.8263522073000546e-06,2.8097726266154687e-06,2.8097726266154687e-06,4.322727117869951e-06,4.322727117869951e-06,4.322727117869951e-06,4.322727117869951e-06,3.7827247728887886e-08,3.7827247728887886e-08,5.81957657367506e-08,5.81957657367506e-08,8.953194728730862e-08,8.953194728730862e-08,1.3774145736509018e-07,30844,
,,,44,,,,,,,,,,,,,,,,,,,,,,,,,,,,,30849,0.00045876920921728015
,,,44,,,,,,,,,,,,,,,,,,,,,,,,,,,,,30859,0.0007547131972387433
,,,44,,,,,,,,,,,,,,,,,,,,,,,,,,,,,30869,0.0005354711320251226
,,,44,,,,,,,,,,,,,,,,,,,,,,,,,,,,,30879,0.0005219588638283312
,,,44,,,,,,,,,,,,,,,,,,,,,,,,,,,,,30889,0.00039065448800101876
,,,44,,,,,,,,,,,,,,,,,,,,,,,,,,,,,30899,0.000835091806948185
,,,44,,,,,,,,,,,,,,,,,,,,,,,,,,,,,30909,0.001966958399862051
,,,44,,,,,,,,,,,,,,,,,,,,,,,,,,,,,30919,0.001425964175723493
,,,44,,,,,,,,,,,,,,,,,,,,,,,,,,,,,30929,0.2417360246181488
,,,44,,,,,,,,,,,,,,,,,,,,,,,,,,,,,30939,0.0012611199636012316
,,,44,,,,,,,,,,,,,,,,,,,,,,,,,,,,,30949,0.003073321655392647
,,,44,,,,,,,,,,,,,,,,,,,,,,,,,,,,,30959,0.00026860693469643593
,,,44,,,,,,,,,,,,,,,,,,,,,,,,,,,,,30969,0.0013653093483299017
,,,44,,,,,,,,,,,,,,,,,,,,,,,,,,,,,30979,0.0018724945839494467
,,,44,,,,,,,,,,,,,,,,,,,,,,,,,,,,,30989,0.0074409912340343
,,,44,,,,,,,,,,,,,,,,,,,,,,,,,,,,,30999,0.009874895215034485
,,,44,,,,,,,,,,,,,,,,,,,,,,,,,,,,,31009,0.00046514917630702257
,,,44,,,,,,,,,,,,,,,,,,,,,,,,,,,,,31019,0.0005493275821208954
,,,44,,,,,,,,,,,,,,,,,,,,,,,,,,,,,31029,0.0019740231800824404
,,,44,,,,,,,,,,,,,,,,,,,,,,,,,,,,,31039,0.000600381987169385
,,,44,,,,,,,,,,,,,,,,,,,,,,,,,,,,,31049,0.07925059646368027
,,,44,,,,,,,,,,,,,,,,,,,,,,,,,,,,,31059,0.011098735965788364
,,,44,,,,,,,,,,,,,,,,,,,,,,,,,,,,,31069,0.0031779154669493437
,,,44,,,,,,,,,,,,,,,,,,,,,,,,,,,,,31079,0.0005037474329583347
,,,44,,,,,,,,,,,,,,,,,,,,,,,,,,,,,31089,0.0012089931406080723
,,,44,,,,,,,,,,,,,,,,,,,,,,,,,,,,,31099,0.0069323317147791386
,,,44,,,,,,,,,,,,,,,,,,,,,,,,,,,,,31109,0.0006798593094572425
,,,44,,,,,,,,,,,,,,,,,,,,,,,,,,,,,31119,0.003057674504816532
,,,44,,,,,,,,,,,,,,,,,,,,,,,,,,,,,31129,0.0016548532294109464
,,,44,,,,,,,,,,,,,,,,,,,,,,,,,,,,,31139,0.0009049623040482402
,,,44,,,,,,,,,,,,,,,,,,,,,,,,,,,,,31149,0.0012271020095795393
,,,44,,,,,,,,,,,,,,,,,,,,,,,,,,,,,31159,0.5109054446220398
,,,44,,,,,,,,,,,,,,,,,,,,,,,,,,,,,31169,0.0020489199087023735
,,,44,,,,,,,,,,,,,,,,,,,,,,,,,,,,,31179,0.00190444674808532
,,,44,,,,,,,,,,,,,,,,,,,,,,,,,,,,,31189,0.001142863999120891
,,,44,,,,,,,,,,,,,,,,,,,,,,,,,,,,,31199,0.0028094251174479723
,,,44,,,,,,,,,,,,,,,,,,,,,,,,,,,,,31209,0.0024424120783805847
,,,44,,,,,,,,,,,,,,,,,,,,,,,,,,,,,31219,0.27328482270240784
,,,44,,,,,,,,,,,,,,,,,,,,,,,,,,,,,31229,0.25952261686325073
,,,44,,,,,,,,,,,,,,,,,,,,,,,,,,,,,31239,0.0014389822026714683
,,,44,,,,,,,,,,,,,,,,,,,,,,,,,,,,,31249,0.0007810229435563087
,,,44,,,,,,,,,,,,,,,,,,,,,,,,,,,,,31259,0.0009777873056009412
,,,44,,,,,,,,,,,,,,,,,,,,,,,,,,,,,31269,0.0028581470251083374
,,,44,,,,,,,,,,,,,,,,,,,,,,,,,,,,,31279,0.00037510599941015244
,,,44,,,,,,,,,,,,,,,,,,,,,,,,,,,,,31289,0.0031412658281624317
,,,44,,,,,,,,,,,,,,,,,,,,,,,,,,,,,31299,0.0019173776963725686
,,,44,,,,,,,,,,,,,,,,,,,,,,,,,,,,,31309,0.0021121904719620943
,,,44,,,,,,,,,,,,,,,,,,,,,,,,,,,,,31319,0.0005431674653664231
,,,44,,,,,,,,,,,,,,,,,,,,,,,,,,,,,31329,0.0005200824816711247
,,,44,,,,,,,,,,,,,,,,,,,,,,,,,,,,,31339,0.0009236786863766611
,,,44,,,,,,,,,,,,,,,,,,,,,,,,,,,,,31349,0.0004976530326530337
,,,44,,,,,,,,,,,,,,,,,,,,,,,,,,,,,31359,0.001255334704183042
,,,44,,,,,,,,,,,,,,,,,,,,,,,,,,,,,31369,0.29433438181877136
,,,44,,,,,,,,,,,,,,,,,,,,,,,,,,,,,31379,0.012366964481770992
,,,44,,,,,,,,,,,,,,,,,,,,,,,,,,,,,31389,0.000635252334177494
,,,44,,,,,,,,,,,,,,,,,,,,,,,,,,,,,31399,0.00046673131873831153
,,,44,,,,,,,,,,,,,,,,,,,,,,,,,,,,,31409,0.0007315266411751509
,,,44,,,,,,,,,,,,,,,,,,,,,,,,,,,,,31419,0.0007635772344656289
,,,44,,,,,,,,,,,,,,,,,,,,,,,,,,,,,31429,0.0012569461250677705
,,,44,,,,,,,,,,,,,,,,,,,,,,,,,,,,,31439,0.000577913539018482
,,,44,,,,,,,,,,,,,,,,,,,,,,,,,,,,,31449,0.002275940263643861
,,,44,,,,,,,,,,,,,,,,,,,,,,,,,,,,,31459,0.0006668783025816083
,,,44,,,,,,,,,,,,,,,,,,,,,,,,,,,,,31469,0.000733441615011543
,,,44,,,,,,,,,,,,,,,,,,,,,,,,,,,,,31479,0.0005885466816835105
,,,44,,,,,,,,,,,,,,,,,,,,,,,,,,,,,31489,0.0010285577736794949
,,,44,,,,,,,,,,,,,,,,,,,,,,,,,,,,,31499,0.0022952023427933455
,,,44,,,,,,,,,,,,,,,,,,,,,,,,,,,,,31509,0.0018646036041900516
,,,44,,,,,,,,,,,,,,,,,,,,,,,,,,,,,31519,0.0015137316659092903
,,,44,,,,,,,,,,,,,,,,,,,,,,,,,,,,,31529,0.00432385690510273
,,,44,,,,,,,,,,,,,,,,,,,,,,,,,,,,,31539,0.0006397654069587588
0.892578125,0.9013806581497192,0.8839458227157593,44,,,,,,,,,,,,,,,,,,,,,,,,,,,,,31544,
,,,,1.7151445977095338e-08,9.60831678279911e-08,1.4782025819690937e-07,1.4782025819690937e-07,2.2741578184139902e-07,2.2741578184139902e-07,3.498704336021523e-07,3.498704336021523e-07,5.382622055417728e-07,5.382622055417728e-07,8.280957008334965e-07,1.7151445977095338e-08,8.280957008334965e-07,1.2739933858976868e-06,1.2739933858976868e-06,1.95998982445798e-06,1.95998982445798e-06,3.0153689607045845e-06,3.0153689607045845e-06,3.0153689607045845e-06,3.0153689607045845e-06,2.6386839964762055e-08,2.6386839964762055e-08,4.059513840732624e-08,4.059513840732624e-08,6.245405908819421e-08,6.245405908819421e-08,9.60831678279911e-08,31545,
,,,45,,,,,,,,,,,,,,,,,,,,,,,,,,,,,31549,0.0011413267347961664
,,,45,,,,,,,,,,,,,,,,,,,,,,,,,,,,,31559,0.0006837819237262011
,,,45,,,,,,,,,,,,,,,,,,,,,,,,,,,,,31569,0.0008101139683276415
,,,45,,,,,,,,,,,,,,,,,,,,,,,,,,,,,31579,0.002304450608789921
,,,45,,,,,,,,,,,,,,,,,,,,,,,,,,,,,31589,0.0008950371411629021
,,,45,,,,,,,,,,,,,,,,,,,,,,,,,,,,,31599,0.0010086665861308575
,,,45,,,,,,,,,,,,,,,,,,,,,,,,,,,,,31609,0.0006650188588537276
,,,45,,,,,,,,,,,,,,,,,,,,,,,,,,,,,31619,0.0006251577287912369
,,,45,,,,,,,,,,,,,,,,,,,,,,,,,,,,,31629,0.0006368038011714816
,,,45,,,,,,,,,,,,,,,,,,,,,,,,,,,,,31639,0.004161898046731949
,,,45,,,,,,,,,,,,,,,,,,,,,,,,,,,,,31649,0.007833839394152164
,,,45,,,,,,,,,,,,,,,,,,,,,,,,,,,,,31659,0.0006226873374544084
,,,45,,,,,,,,,,,,,,,,,,,,,,,,,,,,,31669,0.0006369581096805632
,,,45,,,,,,,,,,,,,,,,,,,,,,,,,,,,,31679,0.0014928332529962063
,,,45,,,,,,,,,,,,,,,,,,,,,,,,,,,,,31689,0.13787442445755005
,,,45,,,,,,,,,,,,,,,,,,,,,,,,,,,,,31699,0.002874380210414529
,,,45,,,,,,,,,,,,,,,,,,,,,,,,,,,,,31709,0.0007891014683991671
,,,45,,,,,,,,,,,,,,,,,,,,,,,,,,,,,31719,0.0019257059320807457
,,,45,,,,,,,,,,,,,,,,,,,,,,,,,,,,,31729,0.0014924997230991721
,,,45,,,,,,,,,,,,,,,,,,,,,,,,,,,,,31739,0.0014245766215026379
,,,45,,,,,,,,,,,,,,,,,,,,,,,,,,,,,31749,0.046490930020809174
,,,45,,,,,,,,,,,,,,,,,,,,,,,,,,,,,31759,0.09717822074890137
,,,45,,,,,,,,,,,,,,,,,,,,,,,,,,,,,31769,0.00473677646368742
,,,45,,,,,,,,,,,,,,,,,,,,,,,,,,,,,31779,0.002821481553837657
,,,45,,,,,,,,,,,,,,,,,,,,,,,,,,,,,31789,0.0006411840440705419
,,,45,,,,,,,,,,,,,,,,,,,,,,,,,,,,,31799,0.0006946425419300795
,,,45,,,,,,,,,,,,,,,,,,,,,,,,,,,,,31809,0.0009144328651018441
,,,45,,,,,,,,,,,,,,,,,,,,,,,,,,,,,31819,0.0019206848228350282
,,,45,,,,,,,,,,,,,,,,,,,,,,,,,,,,,31829,0.006199243012815714
,,,45,,,,,,,,,,,,,,,,,,,,,,,,,,,,,31839,0.001095595653168857
,,,45,,,,,,,,,,,,,,,,,,,,,,,,,,,,,31849,0.0024120411835610867
,,,45,,,,,,,,,,,,,,,,,,,,,,,,,,,,,31859,0.001271724235266447
,,,45,,,,,,,,,,,,,,,,,,,,,,,,,,,,,31869,0.001370621845126152
,,,45,,,,,,,,,,,,,,,,,,,,,,,,,,,,,31879,0.0012869136407971382
,,,45,,,,,,,,,,,,,,,,,,,,,,,,,,,,,31889,0.001005554455332458
,,,45,,,,,,,,,,,,,,,,,,,,,,,,,,,,,31899,0.0004407921223901212
,,,45,,,,,,,,,,,,,,,,,,,,,,,,,,,,,31909,0.0011082880664616823
,,,45,,,,,,,,,,,,,,,,,,,,,,,,,,,,,31919,0.03687004745006561
,,,45,,,,,,,,,,,,,,,,,,,,,,,,,,,,,31929,0.0009243316599167883
,,,45,,,,,,,,,,,,,,,,,,,,,,,,,,,,,31939,0.03277398645877838
,,,45,,,,,,,,,,,,,,,,,,,,,,,,,,,,,31949,0.0015233297599479556
,,,45,,,,,,,,,,,,,,,,,,,,,,,,,,,,,31959,0.0010028535034507513
,,,45,,,,,,,,,,,,,,,,,,,,,,,,,,,,,31969,0.029838591814041138
,,,45,,,,,,,,,,,,,,,,,,,,,,,,,,,,,31979,0.001351483166217804
,,,45,,,,,,,,,,,,,,,,,,,,,,,,,,,,,31989,0.0005495200166478753
,,,45,,,,,,,,,,,,,,,,,,,,,,,,,,,,,31999,0.0035485627595335245
,,,45,,,,,,,,,,,,,,,,,,,,,,,,,,,,,32009,0.00046931393444538116
,,,45,,,,,,,,,,,,,,,,,,,,,,,,,,,,,32019,0.0007939255447126925
,,,45,,,,,,,,,,,,,,,,,,,,,,,,,,,,,32029,0.0022799349389970303
,,,45,,,,,,,,,,,,,,,,,,,,,,,,,,,,,32039,0.0007982104434631765
,,,45,,,,,,,,,,,,,,,,,,,,,,,,,,,,,32049,0.0011448613367974758
,,,45,,,,,,,,,,,,,,,,,,,,,,,,,,,,,32059,0.0007342939497902989
,,,45,,,,,,,,,,,,,,,,,,,,,,,,,,,,,32069,0.08050582557916641
,,,45,,,,,,,,,,,,,,,,,,,,,,,,,,,,,32079,0.0016149908769875765
,,,45,,,,,,,,,,,,,,,,,,,,,,,,,,,,,32089,0.0012540323659777641
,,,45,,,,,,,,,,,,,,,,,,,,,,,,,,,,,32099,0.0005987902986817062
,,,45,,,,,,,,,,,,,,,,,,,,,,,,,,,,,32109,0.0009073656983673573
,,,45,,,,,,,,,,,,,,,,,,,,,,,,,,,,,32119,0.0005969657795503736
,,,45,,,,,,,,,,,,,,,,,,,,,,,,,,,,,32129,0.14036375284194946
,,,45,,,,,,,,,,,,,,,,,,,,,,,,,,,,,32139,0.0031720565166324377
,,,45,,,,,,,,,,,,,,,,,,,,,,,,,,,,,32149,0.0016247981693595648
,,,45,,,,,,,,,,,,,,,,,,,,,,,,,,,,,32159,0.0012778205564245582
,,,45,,,,,,,,,,,,,,,,,,,,,,,,,,,,,32169,0.0007757660350762308
,,,45,,,,,,,,,,,,,,,,,,,,,,,,,,,,,32179,0.10439036041498184
,,,45,,,,,,,,,,,,,,,,,,,,,,,,,,,,,32189,0.0011890782043337822
,,,45,,,,,,,,,,,,,,,,,,,,,,,,,,,,,32199,0.0011378632625564933
,,,45,,,,,,,,,,,,,,,,,,,,,,,,,,,,,32209,0.0036514177918434143
,,,45,,,,,,,,,,,,,,,,,,,,,,,,,,,,,32219,0.0007772616809234023
,,,45,,,,,,,,,,,,,,,,,,,,,,,,,,,,,32229,0.002018353436142206
,,,45,,,,,,,,,,,,,,,,,,,,,,,,,,,,,32239,0.001086089643649757
,,,,1.1017191229609355e-08,6.17187982471726e-08,9.495199730334245e-08,9.495199730334245e-08,1.4607999585129607e-07,1.4607999585129607e-07,2.2473845515584008e-07,2.2473845515584008e-07,3.457514694705232e-07,3.457514694705232e-07,5.319253376469587e-07,1.1017191229609355e-08,5.319253376469587e-07,8.183466733030134e-07,8.183466733030134e-07,1.258994882004636e-06,1.258994882004636e-06,1.9369152030840556e-06,1.9369152030840556e-06,1.9369152030840556e-06,1.9369152030840556e-06,1.6949524968629775e-08,1.6949524968629775e-08,2.6076192259430422e-08,2.6076192259430422e-08,4.011721886066219e-08,4.011721886066219e-08,6.17187982471726e-08,32246,
,,,46,,,,,,,,,,,,,,,,,,,,,,,,,,,,,32249,0.0006021459121257067
,,,46,,,,,,,,,,,,,,,,,,,,,,,,,,,,,32259,0.19258761405944824
,,,46,,,,,,,,,,,,,,,,,,,,,,,,,,,,,32269,0.001191365416161716
,,,46,,,,,,,,,,,,,,,,,,,,,,,,,,,,,32279,0.0022458152379840612
,,,46,,,,,,,,,,,,,,,,,,,,,,,,,,,,,32289,0.004950806498527527
,,,46,,,,,,,,,,,,,,,,,,,,,,,,,,,,,32299,0.0010105022229254246
,,,46,,,,,,,,,,,,,,,,,,,,,,,,,,,,,32309,0.0006043910398148
,,,46,,,,,,,,,,,,,,,,,,,,,,,,,,,,,32319,0.0031756223179399967
,,,46,,,,,,,,,,,,,,,,,,,,,,,,,,,,,32329,0.0003729817981366068
,,,46,,,,,,,,,,,,,,,,,,,,,,,,,,,,,32339,0.004119887016713619
,,,46,,,,,,,,,,,,,,,,,,,,,,,,,,,,,32349,0.0005586424958892167
,,,46,,,,,,,,,,,,,,,,,,,,,,,,,,,,,32359,0.013657382689416409
,,,46,,,,,,,,,,,,,,,,,,,,,,,,,,,,,32369,0.001985086826607585
,,,46,,,,,,,,,,,,,,,,,,,,,,,,,,,,,32379,0.0005746296374127269
,,,46,,,,,,,,,,,,,,,,,,,,,,,,,,,,,32389,0.014958968386054039
,,,46,,,,,,,,,,,,,,,,,,,,,,,,,,,,,32399,0.0008200890151783824
,,,46,,,,,,,,,,,,,,,,,,,,,,,,,,,,,32409,0.0006065682973712683
,,,46,,,,,,,,,,,,,,,,,,,,,,,,,,,,,32419,0.001496592303737998
,,,46,,,,,,,,,,,,,,,,,,,,,,,,,,,,,32429,0.011132356710731983
,,,46,,,,,,,,,,,,,,,,,,,,,,,,,,,,,32439,0.0004434115835465491
,,,46,,,,,,,,,,,,,,,,,,,,,,,,,,,,,32449,0.0009178600157611072
,,,46,,,,,,,,,,,,,,,,,,,,,,,,,,,,,32459,0.006147314794361591
,,,46,,,,,,,,,,,,,,,,,,,,,,,,,,,,,32469,0.0006085270433686674
,,,46,,,,,,,,,,,,,,,,,,,,,,,,,,,,,32479,0.0007863572100177407
,,,46,,,,,,,,,,,,,,,,,,,,,,,,,,,,,32489,0.00040202640229836106
,,,46,,,,,,,,,,,,,,,,,,,,,,,,,,,,,32499,0.0005799740320071578
,,,46,,,,,,,,,,,,,,,,,,,,,,,,,,,,,32509,0.0009496895945630968
,,,46,,,,,,,,,,,,,,,,,,,,,,,,,,,,,32519,0.004880692344158888
,,,46,,,,,,,,,,,,,,,,,,,,,,,,,,,,,32529,0.0022337220143526793
,,,46,,,,,,,,,,,,,,,,,,,,,,,,,,,,,32539,0.0287783145904541
,,,46,,,,,,,,,,,,,,,,,,,,,,,,,,,,,32549,0.0043025752529501915
,,,46,,,,,,,,,,,,,,,,,,,,,,,,,,,,,32559,0.0010062928777188063
,,,46,,,,,,,,,,,,,,,,,,,,,,,,,,,,,32569,0.0011974312365055084
,,,46,,,,,,,,,,,,,,,,,,,,,,,,,,,,,32579,0.0006385102169588208
,,,46,,,,,,,,,,,,,,,,,,,,,,,,,,,,,32589,0.01003346499055624
,,,46,,,,,,,,,,,,,,,,,,,,,,,,,,,,,32599,0.0027107831556349993
,,,46,,,,,,,,,,,,,,,,,,,,,,,,,,,,,32609,0.0006402498693205416
,,,46,,,,,,,,,,,,,,,,,,,,,,,,,,,,,32619,0.0005333347362466156
,,,46,,,,,,,,,,,,,,,,,,,,,,,,,,,,,32629,0.000990658183582127
,,,46,,,,,,,,,,,,,,,,,,,,,,,,,,,,,32639,0.0005854687187820673
,,,46,,,,,,,,,,,,,,,,,,,,,,,,,,,,,32649,0.0008687905501574278
,,,46,,,,,,,,,,,,,,,,,,,,,,,,,,,,,32659,0.0005285530351102352
,,,46,,,,,,,,,,,,,,,,,,,,,,,,,,,,,32669,0.0006484459736384451
,,,46,,,,,,,,,,,,,,,,,,,,,,,,,,,,,32679,0.0005532234790734947
,,,46,,,,,,,,,,,,,,,,,,,,,,,,,,,,,32689,0.0009369025356136262
,,,46,,,,,,,,,,,,,,,,,,,,,,,,,,,,,32699,0.0026472622994333506
,,,46,,,,,,,,,,,,,,,,,,,,,,,,,,,,,32709,0.006455058231949806
,,,46,,,,,,,,,,,,,,,,,,,,,,,,,,,,,32719,0.001062921597622335
,,,46,,,,,,,,,,,,,,,,,,,,,,,,,,,,,32729,0.0012015728279948235
,,,46,,,,,,,,,,,,,,,,,,,,,,,,,,,,,32739,0.0008923017303459346
,,,46,,,,,,,,,,,,,,,,,,,,,,,,,,,,,32749,0.006277643144130707
,,,46,,,,,,,,,,,,,,,,,,,,,,,,,,,,,32759,0.0060718548484146595
,,,46,,,,,,,,,,,,,,,,,,,,,,,,,,,,,32769,0.0005741197383031249
,,,46,,,,,,,,,,,,,,,,,,,,,,,,,,,,,32779,0.00022596032067667693
,,,46,,,,,,,,,,,,,,,,,,,,,,,,,,,,,32789,0.0030969015788286924
,,,46,,,,,,,,,,,,,,,,,,,,,,,,,,,,,32799,0.00045927552855573595
,,,46,,,,,,,,,,,,,,,,,,,,,,,,,,,,,32809,0.006895317230373621
,,,46,,,,,,,,,,,,,,,,,,,,,,,,,,,,,32819,0.0004196031077299267
,,,46,,,,,,,,,,,,,,,,,,,,,,,,,,,,,32829,0.037847526371479034
,,,46,,,,,,,,,,,,,,,,,,,,,,,,,,,,,32839,0.0007288844208233058
,,,46,,,,,,,,,,,,,,,,,,,,,,,,,,,,,32849,0.00267117191106081
,,,46,,,,,,,,,,,,,,,,,,,,,,,,,,,,,32859,0.0015453543746843934
,,,46,,,,,,,,,,,,,,,,,,,,,,,,,,,,,32869,0.0007022721110843122
,,,46,,,,,,,,,,,,,,,,,,,,,,,,,,,,,32879,0.09081589430570602
,,,46,,,,,,,,,,,,,,,,,,,,,,,,,,,,,32889,0.0008530743070878088
,,,46,,,,,,,,,,,,,,,,,,,,,,,,,,,,,32899,0.0006471669767051935
,,,46,,,,,,,,,,,,,,,,,,,,,,,,,,,,,32909,0.0005447494913823903
,,,46,,,,,,,,,,,,,,,,,,,,,,,,,,,,,32919,0.000560556654818356
,,,46,,,,,,,,,,,,,,,,,,,,,,,,,,,,,32929,0.005717239808291197
,,,46,,,,,,,,,,,,,,,,,,,,,,,,,,,,,32939,0.0009677742491476238
,,,,6.214832253835897e-09,3.48157683769386e-08,5.3562720579905535e-08,5.3562720579905535e-08,8.240418550754697e-08,8.240418550754697e-08,1.2677567001161072e-07,1.2677567001161072e-07,1.9503949232555496e-07,1.9503949232555496e-07,3.0006075742393067e-07,6.214832253835897e-09,3.0006075742393067e-07,4.6163193449835486e-07,4.6163193449835486e-07,7.102029761513152e-07,7.102029761513152e-07,1.0926199633097157e-06,1.0926199633097157e-06,1.0926199633097157e-06,1.0926199633097157e-06,9.561280390516763e-09,9.561280390516763e-09,1.470966213925656e-08,1.470966213925656e-08,2.2630249445010088e-08,2.2630249445010088e-08,3.48157683769386e-08,32947,
,,,47,,,,,,,,,,,,,,,,,,,,,,,,,,,,,32949,0.0008169341017492115
,,,47,,,,,,,,,,,,,,,,,,,,,,,,,,,,,32959,0.0007559904479421675
,,,47,,,,,,,,,,,,,,,,,,,,,,,,,,,,,32969,0.0005361369694583118
,,,47,,,,,,,,,,,,,,,,,,,,,,,,,,,,,32979,0.0005888001760467887
,,,47,,,,,,,,,,,,,,,,,,,,,,,,,,,,,32989,0.09660552442073822
,,,47,,,,,,,,,,,,,,,,,,,,,,,,,,,,,32999,0.0014966947492212057
,,,47,,,,,,,,,,,,,,,,,,,,,,,,,,,,,33009,0.0009992726845666766
,,,47,,,,,,,,,,,,,,,,,,,,,,,,,,,,,33019,0.0033635920844972134
,,,47,,,,,,,,,,,,,,,,,,,,,,,,,,,,,33029,0.0010314553510397673
,,,47,,,,,,,,,,,,,,,,,,,,,,,,,,,,,33039,0.0011671968968585134
,,,47,,,,,,,,,,,,,,,,,,,,,,,,,,,,,33049,0.0010823465418070555
,,,47,,,,,,,,,,,,,,,,,,,,,,,,,,,,,33059,0.0008346548420377076
,,,47,,,,,,,,,,,,,,,,,,,,,,,,,,,,,33069,0.0017660887679085135
,,,47,,,,,,,,,,,,,,,,,,,,,,,,,,,,,33079,0.0006968492525629699
,,,47,,,,,,,,,,,,,,,,,,,,,,,,,,,,,33089,0.0005940921837463975
,,,47,,,,,,,,,,,,,,,,,,,,,,,,,,,,,33099,0.0016873376443982124
,,,47,,,,,,,,,,,,,,,,,,,,,,,,,,,,,33109,0.00048248976236209273
,,,47,,,,,,,,,,,,,,,,,,,,,,,,,,,,,33119,0.0023118816316127777
,,,47,,,,,,,,,,,,,,,,,,,,,,,,,,,,,33129,0.000876101665198803
,,,47,,,,,,,,,,,,,,,,,,,,,,,,,,,,,33139,0.0007624303689226508
,,,47,,,,,,,,,,,,,,,,,,,,,,,,,,,,,33149,0.0006627810653299093
,,,47,,,,,,,,,,,,,,,,,,,,,,,,,,,,,33159,0.000994466827251017
,,,47,,,,,,,,,,,,,,,,,,,,,,,,,,,,,33169,0.00038492257590405643
,,,47,,,,,,,,,,,,,,,,,,,,,,,,,,,,,33179,0.008584966883063316
,,,47,,,,,,,,,,,,,,,,,,,,,,,,,,,,,33189,0.00038543716073036194
,,,47,,,,,,,,,,,,,,,,,,,,,,,,,,,,,33199,0.0003847320913337171
,,,47,,,,,,,,,,,,,,,,,,,,,,,,,,,,,33209,0.001063291565515101
,,,47,,,,,,,,,,,,,,,,,,,,,,,,,,,,,33219,0.0009398433612659574
,,,47,,,,,,,,,,,,,,,,,,,,,,,,,,,,,33229,0.04242965206503868
,,,47,,,,,,,,,,,,,,,,,,,,,,,,,,,,,33239,0.0010667043970897794
,,,47,,,,,,,,,,,,,,,,,,,,,,,,,,,,,33249,0.0007595430943183601
,,,47,,,,,,,,,,,,,,,,,,,,,,,,,,,,,33259,0.0004391544498503208
,,,47,,,,,,,,,,,,,,,,,,,,,,,,,,,,,33269,0.00044060125946998596
,,,47,,,,,,,,,,,,,,,,,,,,,,,,,,,,,33279,0.000969531130976975
,,,47,,,,,,,,,,,,,,,,,,,,,,,,,,,,,33289,0.0020938203670084476
,,,47,,,,,,,,,,,,,,,,,,,,,,,,,,,,,33299,0.00026465862174518406
,,,47,,,,,,,,,,,,,,,,,,,,,,,,,,,,,33309,0.006641762796789408
,,,47,,,,,,,,,,,,,,,,,,,,,,,,,,,,,33319,0.0013813079567626119
,,,47,,,,,,,,,,,,,,,,,,,,,,,,,,,,,33329,0.0027679174672812223
,,,47,,,,,,,,,,,,,,,,,,,,,,,,,,,,,33339,0.001590748317539692
,,,47,,,,,,,,,,,,,,,,,,,,,,,,,,,,,33349,0.0004161229298915714
,,,47,,,,,,,,,,,,,,,,,,,,,,,,,,,,,33359,0.002178907860070467
,,,47,,,,,,,,,,,,,,,,,,,,,,,,,,,,,33369,0.0007382803014479578
,,,47,,,,,,,,,,,,,,,,,,,,,,,,,,,,,33379,0.0027976210694760084
,,,47,,,,,,,,,,,,,,,,,,,,,,,,,,,,,33389,0.005148240830749273
,,,47,,,,,,,,,,,,,,,,,,,,,,,,,,,,,33399,0.006422673352062702
,,,47,,,,,,,,,,,,,,,,,,,,,,,,,,,,,33409,0.0007239020778797567
,,,47,,,,,,,,,,,,,,,,,,,,,,,,,,,,,33419,0.0009365282021462917
,,,47,,,,,,,,,,,,,,,,,,,,,,,,,,,,,33429,0.0010001958580687642
,,,47,,,,,,,,,,,,,,,,,,,,,,,,,,,,,33439,0.0007251164643093944
,,,47,,,,,,,,,,,,,,,,,,,,,,,,,,,,,33449,0.29277360439300537
,,,47,,,,,,,,,,,,,,,,,,,,,,,,,,,,,33459,0.0012479630531743169
,,,47,,,,,,,,,,,,,,,,,,,,,,,,,,,,,33469,0.0008020081440918148
,,,47,,,,,,,,,,,,,,,,,,,,,,,,,,,,,33479,0.0019142298260703683
,,,47,,,,,,,,,,,,,,,,,,,,,,,,,,,,,33489,0.000977985211648047
,,,47,,,,,,,,,,,,,,,,,,,,,,,,,,,,,33499,0.0014770935522392392
,,,47,,,,,,,,,,,,,,,,,,,,,,,,,,,,,33509,0.002033722586929798
,,,47,,,,,,,,,,,,,,,,,,,,,,,,,,,,,33519,0.00041285870247520506
,,,47,,,,,,,,,,,,,,,,,,,,,,,,,,,,,33529,0.00038676540134474635
,,,47,,,,,,,,,,,,,,,,,,,,,,,,,,,,,33539,0.0015870282659307122
,,,47,,,,,,,,,,,,,,,,,,,,,,,,,,,,,33549,0.0030800786335021257
,,,47,,,,,,,,,,,,,,,,,,,,,,,,,,,,,33559,0.0029333580750972033
,,,47,,,,,,,,,,,,,,,,,,,,,,,,,,,,,33569,0.0007635611109435558
,,,47,,,,,,,,,,,,,,,,,,,,,,,,,,,,,33579,0.5818749070167542
,,,47,,,,,,,,,,,,,,,,,,,,,,,,,,,,,33589,0.0016942936927080154
,,,47,,,,,,,,,,,,,,,,,,,,,,,,,,,,,33599,0.0013672810746356845
,,,47,,,,,,,,,,,,,,,,,,,,,,,,,,,,,33609,0.000767314457334578
,,,47,,,,,,,,,,,,,,,,,,,,,,,,,,,,,33619,0.0029995101504027843
,,,47,,,,,,,,,,,,,,,,,,,,,,,,,,,,,33629,0.0017608272610232234
,,,47,,,,,,,,,,,,,,,,,,,,,,,,,,,,,33639,0.0187683068215847
,,,,2.7677656599734797e-09,1.550514707453369e-08,2.385407242235952e-08,2.385407242235952e-08,3.669857295747618e-08,3.669857295747618e-08,5.645934301150182e-08,5.645934301150182e-08,8.68605277100028e-08,8.68605277100028e-08,1.3363158109231198e-07,2.7677656599734797e-09,1.3363158109231198e-07,2.0558704783432611e-07,2.0558704783432611e-07,3.162877658989633e-07,3.162877658989633e-07,4.865965629214819e-07,4.865965629214819e-07,4.865965629214819e-07,4.865965629214819e-07,4.258101015343814e-09,4.258101015343814e-09,6.550924638990484e-09,6.550924638990484e-09,1.0078345598446898e-08,1.0078345598446898e-08,1.550514707453369e-08,33648,
,,,48,,,,,,,,,,,,,,,,,,,,,,,,,,,,,33649,0.002691236324608326
,,,48,,,,,,,,,,,,,,,,,,,,,,,,,,,,,33659,0.00032005354296416044
,,,48,,,,,,,,,,,,,,,,,,,,,,,,,,,,,33669,0.0011145619209855795
,,,48,,,,,,,,,,,,,,,,,,,,,,,,,,,,,33679,0.005823963321745396
,,,48,,,,,,,,,,,,,,,,,,,,,,,,,,,,,33689,0.000695531431119889
,,,48,,,,,,,,,,,,,,,,,,,,,,,,,,,,,33699,0.0017474768683314323
,,,48,,,,,,,,,,,,,,,,,,,,,,,,,,,,,33709,0.0016652739141136408
,,,48,,,,,,,,,,,,,,,,,,,,,,,,,,,,,33719,0.001163836452178657
,,,48,,,,,,,,,,,,,,,,,,,,,,,,,,,,,33729,0.0014629848301410675
,,,48,,,,,,,,,,,,,,,,,,,,,,,,,,,,,33739,0.0007860178593546152
,,,48,,,,,,,,,,,,,,,,,,,,,,,,,,,,,33749,0.0030700680799782276
,,,48,,,,,,,,,,,,,,,,,,,,,,,,,,,,,33759,0.03513120487332344
,,,48,,,,,,,,,,,,,,,,,,,,,,,,,,,,,33769,0.0013458358589559793
,,,48,,,,,,,,,,,,,,,,,,,,,,,,,,,,,33779,0.0007841184851713479
,,,48,,,,,,,,,,,,,,,,,,,,,,,,,,,,,33789,0.0011988114565610886
,,,48,,,,,,,,,,,,,,,,,,,,,,,,,,,,,33799,0.0022067578975111246
,,,48,,,,,,,,,,,,,,,,,,,,,,,,,,,,,33809,0.0007958032074384391
,,,48,,,,,,,,,,,,,,,,,,,,,,,,,,,,,33819,0.08346499502658844
,,,48,,,,,,,,,,,,,,,,,,,,,,,,,,,,,33829,0.001413764082826674
,,,48,,,,,,,,,,,,,,,,,,,,,,,,,,,,,33839,0.0006748107261955738
,,,48,,,,,,,,,,,,,,,,,,,,,,,,,,,,,33849,0.005928080063313246
,,,48,,,,,,,,,,,,,,,,,,,,,,,,,,,,,33859,0.00230751046910882
,,,48,,,,,,,,,,,,,,,,,,,,,,,,,,,,,33869,0.0005014198832213879
,,,48,,,,,,,,,,,,,,,,,,,,,,,,,,,,,33879,0.0006791539490222931
,,,48,,,,,,,,,,,,,,,,,,,,,,,,,,,,,33889,0.0014069894095882773
,,,48,,,,,,,,,,,,,,,,,,,,,,,,,,,,,33899,0.00038842024514451623
,,,48,,,,,,,,,,,,,,,,,,,,,,,,,,,,,33909,0.0005783804808743298
,,,48,,,,,,,,,,,,,,,,,,,,,,,,,,,,,33919,0.0014819498173892498
,,,48,,,,,,,,,,,,,,,,,,,,,,,,,,,,,33929,0.0074737160466611385
,,,48,,,,,,,,,,,,,,,,,,,,,,,,,,,,,33939,0.0022070740815252066
,,,48,,,,,,,,,,,,,,,,,,,,,,,,,,,,,33949,0.0003666082047857344
,,,48,,,,,,,,,,,,,,,,,,,,,,,,,,,,,33959,0.0003491884854156524
,,,48,,,,,,,,,,,,,,,,,,,,,,,,,,,,,33969,0.001255646231584251
,,,48,,,,,,,,,,,,,,,,,,,,,,,,,,,,,33979,0.0007794793928042054
,,,48,,,,,,,,,,,,,,,,,,,,,,,,,,,,,33989,0.02900736778974533
,,,48,,,,,,,,,,,,,,,,,,,,,,,,,,,,,33999,0.0009370997431688011
,,,48,,,,,,,,,,,,,,,,,,,,,,,,,,,,,34009,0.0020783497020602226
,,,48,,,,,,,,,,,,,,,,,,,,,,,,,,,,,34019,0.0006862022564746439
,,,48,,,,,,,,,,,,,,,,,,,,,,,,,,,,,34029,0.0007202365668490529
,,,48,,,,,,,,,,,,,,,,,,,,,,,,,,,,,34039,0.00048702312051318586
,,,48,,,,,,,,,,,,,,,,,,,,,,,,,,,,,34049,0.003330796491354704
,,,48,,,,,,,,,,,,,,,,,,,,,,,,,,,,,34059,0.04626430571079254
,,,48,,,,,,,,,,,,,,,,,,,,,,,,,,,,,34069,0.0009269399452023208
,,,48,,,,,,,,,,,,,,,,,,,,,,,,,,,,,34079,0.0007859815959818661
,,,48,,,,,,,,,,,,,,,,,,,,,,,,,,,,,34089,0.0002794978499878198
,,,48,,,,,,,,,,,,,,,,,,,,,,,,,,,,,34099,0.0007364337798207998
,,,48,,,,,,,,,,,,,,,,,,,,,,,,,,,,,34109,0.0017397685442119837
,,,48,,,,,,,,,,,,,,,,,,,,,,,,,,,,,34119,0.0009437051485292614
,,,48,,,,,,,,,,,,,,,,,,,,,,,,,,,,,34129,0.000517343869432807
,,,48,,,,,,,,,,,,,,,,,,,,,,,,,,,,,34139,0.001992562785744667
,,,48,,,,,,,,,,,,,,,,,,,,,,,,,,,,,34149,0.0018014220986515284
,,,48,,,,,,,,,,,,,,,,,,,,,,,,,,,,,34159,0.0008174988906830549
,,,48,,,,,,,,,,,,,,,,,,,,,,,,,,,,,34169,0.0015707369893789291
,,,48,,,,,,,,,,,,,,,,,,,,,,,,,,,,,34179,0.0013958936324343085
,,,48,,,,,,,,,,,,,,,,,,,,,,,,,,,,,34189,0.023429332301020622
,,,48,,,,,,,,,,,,,,,,,,,,,,,,,,,,,34199,0.00043883375474251807
,,,48,,,,,,,,,,,,,,,,,,,,,,,,,,,,,34209,0.0004892620490863919
,,,48,,,,,,,,,,,,,,,,,,,,,,,,,,,,,34219,0.0007946337573230267
,,,48,,,,,,,,,,,,,,,,,,,,,,,,,,,,,34229,0.0008014023187570274
,,,48,,,,,,,,,,,,,,,,,,,,,,,,,,,,,34239,0.002389318309724331
,,,48,,,,,,,,,,,,,,,,,,,,,,,,,,,,,34249,0.0006473662215285003
,,,48,,,,,,,,,,,,,,,,,,,,,,,,,,,,,34259,0.0010766065679490566
,,,48,,,,,,,,,,,,,,,,,,,,,,,,,,,,,34269,0.0003350167244207114
,,,48,,,,,,,,,,,,,,,,,,,,,,,,,,,,,34279,0.026521624997258186
,,,48,,,,,,,,,,,,,,,,,,,,,,,,,,,,,34289,0.0008940001716837287
,,,48,,,,,,,,,,,,,,,,,,,,,,,,,,,,,34299,0.0006719550001434982
,,,48,,,,,,,,,,,,,,,,,,,,,,,,,,,,,34309,0.000981070101261139
,,,48,,,,,,,,,,,,,,,,,,,,,,,,,,,,,34319,0.000616157369222492
,,,48,,,,,,,,,,,,,,,,,,,,,,,,,,,,,34329,0.046240948140621185
,,,48,,,,,,,,,,,,,,,,,,,,,,,,,,,,,34339,0.057705964893102646
,,,,6.927852099694989e-10,3.881013745846427e-09,5.970790378225272e-09,5.970790378225272e-09,9.185831351115802e-09,9.185831351115802e-09,1.413204823248585e-08,1.413204823248585e-08,2.1741612665362845e-08,2.1741612665362845e-08,3.344863486978899e-08,6.927852099694989e-10,3.344863486978899e-08,5.145943826121383e-08,5.145943826121383e-08,7.916836655571358e-08,7.916836655571358e-08,1.2179748700879012e-07,1.2179748700879012e-07,1.2179748700879012e-07,1.2179748700879012e-07,1.065823399953075e-09,1.065823399953075e-09,1.6397283076201156e-09,1.6397283076201156e-09,2.5226589348001775e-09,2.5226589348001775e-09,3.881013745846427e-09,34349,
,,,49,,,,,,,,,,,,,,,,,,,,,,,,,,,,,34349,0.0012072821846231818
,,,49,,,,,,,,,,,,,,,,,,,,,,,,,,,,,34359,0.00033717896440066397
,,,49,,,,,,,,,,,,,,,,,,,,,,,,,,,,,34369,0.001771370298229158
,,,49,,,,,,,,,,,,,,,,,,,,,,,,,,,,,34379,0.0011793188750743866
,,,49,,,,,,,,,,,,,,,,,,,,,,,,,,,,,34389,0.005240988451987505
,,,49,,,,,,,,,,,,,,,,,,,,,,,,,,,,,34399,0.0005878600641153753
,,,49,,,,,,,,,,,,,,,,,,,,,,,,,,,,,34409,0.0033998803701251745
,,,49,,,,,,,,,,,,,,,,,,,,,,,,,,,,,34419,0.0012461048318073153
,,,49,,,,,,,,,,,,,,,,,,,,,,,,,,,,,34429,0.0010114124743267894
,,,49,,,,,,,,,,,,,,,,,,,,,,,,,,,,,34439,0.001221041427925229
,,,49,,,,,,,,,,,,,,,,,,,,,,,,,,,,,34449,0.21422402560710907
,,,49,,,,,,,,,,,,,,,,,,,,,,,,,,,,,34459,0.0014480695826932788
,,,49,,,,,,,,,,,,,,,,,,,,,,,,,,,,,34469,0.6796849966049194
,,,49,,,,,,,,,,,,,,,,,,,,,,,,,,,,,34479,0.006047294940799475
,,,49,,,,,,,,,,,,,,,,,,,,,,,,,,,,,34489,0.0020585120655596256
,,,49,,,,,,,,,,,,,,,,,,,,,,,,,,,,,34499,0.0008122866274788976
,,,49,,,,,,,,,,,,,,,,,,,,,,,,,,,,,34509,0.027032485231757164
,,,49,,,,,,,,,,,,,,,,,,,,,,,,,,,,,34519,0.00644993782043457
,,,49,,,,,,,,,,,,,,,,,,,,,,,,,,,,,34529,0.0075080436654388905
,,,49,,,,,,,,,,,,,,,,,,,,,,,,,,,,,34539,0.001589487656019628
,,,49,,,,,,,,,,,,,,,,,,,,,,,,,,,,,34549,0.0050933221355080605
,,,49,,,,,,,,,,,,,,,,,,,,,,,,,,,,,34559,0.0008027805015444756
,,,49,,,,,,,,,,,,,,,,,,,,,,,,,,,,,34569,0.01815755106508732
,,,49,,,,,,,,,,,,,,,,,,,,,,,,,,,,,34579,0.0008563094888813794
,,,49,,,,,,,,,,,,,,,,,,,,,,,,,,,,,34589,0.0012788394233211875
,,,49,,,,,,,,,,,,,,,,,,,,,,,,,,,,,34599,0.0008114534430205822
,,,49,,,,,,,,,,,,,,,,,,,,,,,,,,,,,34609,0.0004854102444369346
,,,49,,,,,,,,,,,,,,,,,,,,,,,,,,,,,34619,0.0027981954626739025
,,,49,,,,,,,,,,,,,,,,,,,,,,,,,,,,,34629,0.28746283054351807
,,,49,,,,,,,,,,,,,,,,,,,,,,,,,,,,,34639,0.008084396831691265
,,,49,,,,,,,,,,,,,,,,,,,,,,,,,,,,,34649,0.001245333580300212
,,,49,,,,,,,,,,,,,,,,,,,,,,,,,,,,,34659,0.023748746141791344
,,,49,,,,,,,,,,,,,,,,,,,,,,,,,,,,,34669,0.00076602294575423
,,,49,,,,,,,,,,,,,,,,,,,,,,,,,,,,,34679,0.0007812475669197738
,,,49,,,,,,,,,,,,,,,,,,,,,,,,,,,,,34689,0.09548439830541611
,,,49,,,,,,,,,,,,,,,,,,,,,,,,,,,,,34699,0.0009686793782748282
,,,49,,,,,,,,,,,,,,,,,,,,,,,,,,,,,34709,0.001019568764604628
,,,49,,,,,,,,,,,,,,,,,,,,,,,,,,,,,34719,0.0019670601468533278
,,,49,,,,,,,,,,,,,,,,,,,,,,,,,,,,,34729,0.0006352560594677925
,,,49,,,,,,,,,,,,,,,,,,,,,,,,,,,,,34739,0.00045836635399609804
,,,49,,,,,,,,,,,,,,,,,,,,,,,,,,,,,34749,0.0011281598126515746
,,,49,,,,,,,,,,,,,,,,,,,,,,,,,,,,,34759,0.0018875497626140714
,,,49,,,,,,,,,,,,,,,,,,,,,,,,,,,,,34769,0.0017535740043967962
,,,49,,,,,,,,,,,,,,,,,,,,,,,,,,,,,34779,0.0009055925183929503
,,,49,,,,,,,,,,,,,,,,,,,,,,,,,,,,,34789,0.0012109336676076055
,,,49,,,,,,,,,,,,,,,,,,,,,,,,,,,,,34799,0.0008355124155059457
,,,49,,,,,,,,,,,,,,,,,,,,,,,,,,,,,34809,0.0003873613604810089
,,,49,,,,,,,,,,,,,,,,,,,,,,,,,,,,,34819,0.0006026182672940195
,,,49,,,,,,,,,,,,,,,,,,,,,,,,,,,,,34829,0.0013454817235469818
,,,49,,,,,,,,,,,,,,,,,,,,,,,,,,,,,34839,0.003509128699079156
,,,49,,,,,,,,,,,,,,,,,,,,,,,,,,,,,34849,0.0005141227738931775
,,,49,,,,,,,,,,,,,,,,,,,,,,,,,,,,,34859,0.002259419998154044
,,,49,,,,,,,,,,,,,,,,,,,,,,,,,,,,,34869,0.04032812640070915
,,,49,,,,,,,,,,,,,,,,,,,,,,,,,,,,,34879,0.000994000118225813
,,,49,,,,,,,,,,,,,,,,,,,,,,,,,,,,,34889,0.0015390899498015642
,,,49,,,,,,,,,,,,,,,,,,,,,,,,,,,,,34899,0.0007426980882883072
,,,49,,,,,,,,,,,,,,,,,,,,,,,,,,,,,34909,0.0007732795202173293
,,,49,,,,,,,,,,,,,,,,,,,,,,,,,,,,,34919,0.0009718142100609839
,,,49,,,,,,,,,,,,,,,,,,,,,,,,,,,,,34929,0.007293885573744774
,,,49,,,,,,,,,,,,,,,,,,,,,,,,,,,,,34939,0.0006902591558173299
,,,49,,,,,,,,,,,,,,,,,,,,,,,,,,,,,34949,0.0011491533368825912
,,,49,,,,,,,,,,,,,,,,,,,,,,,,,,,,,34959,0.0019336139084771276
,,,49,,,,,,,,,,,,,,,,,,,,,,,,,,,,,34969,0.0015400780830532312
,,,49,,,,,,,,,,,,,,,,,,,,,,,,,,,,,34979,0.0005266243824735284
,,,49,,,,,,,,,,,,,,,,,,,,,,,,,,,,,34989,0.000299362262012437
,,,49,,,,,,,,,,,,,,,,,,,,,,,,,,,,,34999,0.0008052301127463579
,,,49,,,,,,,,,,,,,,,,,,,,,,,,,,,,,35009,0.0008515381487086415
,,,49,,,,,,,,,,,,,,,,,,,,,,,,,,,,,35019,0.020712168887257576
,,,49,,,,,,,,,,,,,,,,,,,,,,,,,,,,,35029,0.035407084971666336
,,,49,,,,,,,,,,,,,,,,,,,,,,,,,,,,,35039,0.0007907907129265368
,,,49,,,,,,,,,,,,,,,,,,,,,,,,,,,,,35049,1.5979036092758179
0.8932806253433228,0.9131312966346741,0.8742746710777283,49,,,,,,,,,,,,,,,,,,,,,,,,,,,,,35049,
