dev_f1,dev_precision,dev_recall,epoch,lr-AdamW/pg1,lr-AdamW/pg10,lr-AdamW/pg11,lr-AdamW/pg12,lr-AdamW/pg13,lr-AdamW/pg14,lr-AdamW/pg15,lr-AdamW/pg16,lr-AdamW/pg17,lr-AdamW/pg18,lr-AdamW/pg19,lr-AdamW/pg2,lr-AdamW/pg20,lr-AdamW/pg21,lr-AdamW/pg22,lr-AdamW/pg23,lr-AdamW/pg24,lr-AdamW/pg25,lr-AdamW/pg26,lr-AdamW/pg27,lr-AdamW/pg28,lr-AdamW/pg3,lr-AdamW/pg4,lr-AdamW/pg5,lr-AdamW/pg6,lr-AdamW/pg7,lr-AdamW/pg8,lr-AdamW/pg9,step,train_loss
,,,,1.1376018126211432e-07,6.372896257812503e-07,9.804455781250004e-07,9.804455781250004e-07,1.5083778125000004e-06,1.5083778125000004e-06,2.3205812500000007e-06,2.3205812500000007e-06,3.570125000000001e-06,3.570125000000001e-06,5.492500000000001e-06,1.1376018126211432e-07,5.492500000000001e-06,8.45e-06,8.45e-06,1.3000000000000003e-05,1.3000000000000003e-05,2e-05,2e-05,2e-05,2e-05,1.7501566348017586e-07,1.7501566348017586e-07,2.6925486689257825e-07,2.6925486689257825e-07,4.142382567578127e-07,4.142382567578127e-07,6.372896257812503e-07,0,
,,,0,,,,,,,,,,,,,,,,,,,,,,,,,,,,,9,7.04158878326416
,,,0,,,,,,,,,,,,,,,,,,,,,,,,,,,,,19,4.174617290496826
,,,0,,,,,,,,,,,,,,,,,,,,,,,,,,,,,29,3.235790967941284
,,,0,,,,,,,,,,,,,,,,,,,,,,,,,,,,,39,2.351395845413208
,,,0,,,,,,,,,,,,,,,,,,,,,,,,,,,,,49,1.877112865447998
,,,0,,,,,,,,,,,,,,,,,,,,,,,,,,,,,59,1.8392263650894165
,,,0,,,,,,,,,,,,,,,,,,,,,,,,,,,,,69,1.7164760828018188
,,,0,,,,,,,,,,,,,,,,,,,,,,,,,,,,,79,1.587096095085144
,,,0,,,,,,,,,,,,,,,,,,,,,,,,,,,,,89,1.2585606575012207
,,,0,,,,,,,,,,,,,,,,,,,,,,,,,,,,,99,1.145208477973938
,,,0,,,,,,,,,,,,,,,,,,,,,,,,,,,,,109,0.9922621846199036
,,,0,,,,,,,,,,,,,,,,,,,,,,,,,,,,,119,0.6988922953605652
,,,0,,,,,,,,,,,,,,,,,,,,,,,,,,,,,129,0.7173426747322083
,,,0,,,,,,,,,,,,,,,,,,,,,,,,,,,,,139,0.8663773536682129
,,,0,,,,,,,,,,,,,,,,,,,,,,,,,,,,,149,0.5641492009162903
,,,0,,,,,,,,,,,,,,,,,,,,,,,,,,,,,159,0.9250743389129639
,,,0,,,,,,,,,,,,,,,,,,,,,,,,,,,,,169,0.8981241583824158
,,,0,,,,,,,,,,,,,,,,,,,,,,,,,,,,,179,1.0926088094711304
,,,0,,,,,,,,,,,,,,,,,,,,,,,,,,,,,189,0.5434175729751587
,,,0,,,,,,,,,,,,,,,,,,,,,,,,,,,,,199,1.1706650257110596
,,,0,,,,,,,,,,,,,,,,,,,,,,,,,,,,,209,0.8226990699768066
,,,0,,,,,,,,,,,,,,,,,,,,,,,,,,,,,219,0.32812148332595825
,,,0,,,,,,,,,,,,,,,,,,,,,,,,,,,,,229,1.0726313591003418
,,,0,,,,,,,,,,,,,,,,,,,,,,,,,,,,,239,0.3965857923030853
,,,0,,,,,,,,,,,,,,,,,,,,,,,,,,,,,249,0.17188222706317902
,,,0,,,,,,,,,,,,,,,,,,,,,,,,,,,,,259,0.40585002303123474
,,,0,,,,,,,,,,,,,,,,,,,,,,,,,,,,,269,0.3362458646297455
,,,0,,,,,,,,,,,,,,,,,,,,,,,,,,,,,279,0.27804720401763916
,,,0,,,,,,,,,,,,,,,,,,,,,,,,,,,,,289,0.20304685831069946
,,,0,,,,,,,,,,,,,,,,,,,,,,,,,,,,,299,0.21864140033721924
,,,0,,,,,,,,,,,,,,,,,,,,,,,,,,,,,309,0.2258133441209793
,,,0,,,,,,,,,,,,,,,,,,,,,,,,,,,,,319,0.40139374136924744
,,,0,,,,,,,,,,,,,,,,,,,,,,,,,,,,,329,0.6594009399414062
,,,0,,,,,,,,,,,,,,,,,,,,,,,,,,,,,339,0.9464306235313416
,,,0,,,,,,,,,,,,,,,,,,,,,,,,,,,,,349,0.32340747117996216
,,,0,,,,,,,,,,,,,,,,,,,,,,,,,,,,,359,0.41605430841445923
,,,0,,,,,,,,,,,,,,,,,,,,,,,,,,,,,369,0.5373140573501587
,,,0,,,,,,,,,,,,,,,,,,,,,,,,,,,,,379,0.2808615565299988
,,,0,,,,,,,,,,,,,,,,,,,,,,,,,,,,,389,0.7133607268333435
,,,0,,,,,,,,,,,,,,,,,,,,,,,,,,,,,399,0.39307376742362976
,,,0,,,,,,,,,,,,,,,,,,,,,,,,,,,,,409,0.3904135823249817
,,,0,,,,,,,,,,,,,,,,,,,,,,,,,,,,,419,0.22353890538215637
,,,0,,,,,,,,,,,,,,,,,,,,,,,,,,,,,429,0.2897902727127075
,,,0,,,,,,,,,,,,,,,,,,,,,,,,,,,,,439,0.24871830642223358
,,,0,,,,,,,,,,,,,,,,,,,,,,,,,,,,,449,0.5271360278129578
,,,0,,,,,,,,,,,,,,,,,,,,,,,,,,,,,459,0.48589611053466797
,,,0,,,,,,,,,,,,,,,,,,,,,,,,,,,,,469,0.33691731095314026
,,,0,,,,,,,,,,,,,,,,,,,,,,,,,,,,,479,0.357165664434433
,,,0,,,,,,,,,,,,,,,,,,,,,,,,,,,,,489,0.3388081192970276
,,,0,,,,,,,,,,,,,,,,,,,,,,,,,,,,,499,1.8363536596298218
,,,0,,,,,,,,,,,,,,,,,,,,,,,,,,,,,509,0.08079658448696136
,,,0,,,,,,,,,,,,,,,,,,,,,,,,,,,,,519,1.3877499103546143
,,,0,,,,,,,,,,,,,,,,,,,,,,,,,,,,,529,0.1182662844657898
,,,0,,,,,,,,,,,,,,,,,,,,,,,,,,,,,539,0.25282514095306396
,,,0,,,,,,,,,,,,,,,,,,,,,,,,,,,,,549,0.14509309828281403
,,,0,,,,,,,,,,,,,,,,,,,,,,,,,,,,,559,0.24597442150115967
,,,0,,,,,,,,,,,,,,,,,,,,,,,,,,,,,569,0.5808806419372559
,,,0,,,,,,,,,,,,,,,,,,,,,,,,,,,,,579,0.4619150161743164
,,,0,,,,,,,,,,,,,,,,,,,,,,,,,,,,,589,0.4430224597454071
,,,0,,,,,,,,,,,,,,,,,,,,,,,,,,,,,599,0.23616069555282593
,,,0,,,,,,,,,,,,,,,,,,,,,,,,,,,,,609,0.18012723326683044
,,,0,,,,,,,,,,,,,,,,,,,,,,,,,,,,,619,0.10632568597793579
,,,0,,,,,,,,,,,,,,,,,,,,,,,,,,,,,629,0.10903298854827881
,,,0,,,,,,,,,,,,,,,,,,,,,,,,,,,,,639,0.22398565709590912
,,,0,,,,,,,,,,,,,,,,,,,,,,,,,,,,,649,0.3929842412471771
,,,0,,,,,,,,,,,,,,,,,,,,,,,,,,,,,659,0.29644066095352173
,,,0,,,,,,,,,,,,,,,,,,,,,,,,,,,,,669,0.36551204323768616
,,,0,,,,,,,,,,,,,,,,,,,,,,,,,,,,,679,0.11220979690551758
,,,0,,,,,,,,,,,,,,,,,,,,,,,,,,,,,689,0.1553679257631302
,,,0,,,,,,,,,,,,,,,,,,,,,,,,,,,,,699,0.09344536066055298
,,,,2.2752036252422864e-07,1.2745792515625007e-06,1.9608911562500008e-06,1.9608911562500008e-06,3.0167556250000008e-06,3.0167556250000008e-06,4.641162500000001e-06,4.641162500000001e-06,7.140250000000002e-06,7.140250000000002e-06,1.0985000000000002e-05,2.2752036252422864e-07,1.0985000000000002e-05,1.69e-05,1.69e-05,2.6000000000000005e-05,2.6000000000000005e-05,4e-05,4e-05,4e-05,4e-05,3.500313269603517e-07,3.500313269603517e-07,5.385097337851565e-07,5.385097337851565e-07,8.284765135156254e-07,8.284765135156254e-07,1.2745792515625007e-06,701,
,,,1,,,,,,,,,,,,,,,,,,,,,,,,,,,,,709,0.28987279534339905
,,,1,,,,,,,,,,,,,,,,,,,,,,,,,,,,,719,0.10890672355890274
,,,1,,,,,,,,,,,,,,,,,,,,,,,,,,,,,729,0.3932410180568695
,,,1,,,,,,,,,,,,,,,,,,,,,,,,,,,,,739,1.288497805595398
,,,1,,,,,,,,,,,,,,,,,,,,,,,,,,,,,749,0.25429069995880127
,,,1,,,,,,,,,,,,,,,,,,,,,,,,,,,,,759,0.6316317319869995
,,,1,,,,,,,,,,,,,,,,,,,,,,,,,,,,,769,0.4614168107509613
,,,1,,,,,,,,,,,,,,,,,,,,,,,,,,,,,779,0.0960363820195198
,,,1,,,,,,,,,,,,,,,,,,,,,,,,,,,,,789,1.761107087135315
,,,1,,,,,,,,,,,,,,,,,,,,,,,,,,,,,799,0.16297578811645508
,,,1,,,,,,,,,,,,,,,,,,,,,,,,,,,,,809,1.080594539642334
,,,1,,,,,,,,,,,,,,,,,,,,,,,,,,,,,819,0.34350359439849854
,,,1,,,,,,,,,,,,,,,,,,,,,,,,,,,,,829,0.32345977425575256
,,,1,,,,,,,,,,,,,,,,,,,,,,,,,,,,,839,0.26909616589546204
,,,1,,,,,,,,,,,,,,,,,,,,,,,,,,,,,849,0.7922156453132629
,,,1,,,,,,,,,,,,,,,,,,,,,,,,,,,,,859,0.14990423619747162
,,,1,,,,,,,,,,,,,,,,,,,,,,,,,,,,,869,1.1127538681030273
,,,1,,,,,,,,,,,,,,,,,,,,,,,,,,,,,879,6.566525459289551
,,,1,,,,,,,,,,,,,,,,,,,,,,,,,,,,,889,0.7168683409690857
,,,1,,,,,,,,,,,,,,,,,,,,,,,,,,,,,899,0.4323233366012573
,,,1,,,,,,,,,,,,,,,,,,,,,,,,,,,,,909,0.633405327796936
,,,1,,,,,,,,,,,,,,,,,,,,,,,,,,,,,919,0.16568735241889954
,,,1,,,,,,,,,,,,,,,,,,,,,,,,,,,,,929,0.3793536424636841
,,,1,,,,,,,,,,,,,,,,,,,,,,,,,,,,,939,0.5839004516601562
,,,1,,,,,,,,,,,,,,,,,,,,,,,,,,,,,949,0.3602595627307892
,,,1,,,,,,,,,,,,,,,,,,,,,,,,,,,,,959,0.17263323068618774
,,,1,,,,,,,,,,,,,,,,,,,,,,,,,,,,,969,0.587636411190033
,,,1,,,,,,,,,,,,,,,,,,,,,,,,,,,,,979,0.4236704409122467
,,,1,,,,,,,,,,,,,,,,,,,,,,,,,,,,,989,0.8274474143981934
,,,1,,,,,,,,,,,,,,,,,,,,,,,,,,,,,999,0.413917601108551
,,,1,,,,,,,,,,,,,,,,,,,,,,,,,,,,,1009,0.3598727285861969
,,,1,,,,,,,,,,,,,,,,,,,,,,,,,,,,,1019,0.6560636162757874
,,,1,,,,,,,,,,,,,,,,,,,,,,,,,,,,,1029,0.49185317754745483
,,,1,,,,,,,,,,,,,,,,,,,,,,,,,,,,,1039,0.09482783824205399
,,,1,,,,,,,,,,,,,,,,,,,,,,,,,,,,,1049,0.368257611989975
,,,1,,,,,,,,,,,,,,,,,,,,,,,,,,,,,1059,0.12829309701919556
,,,1,,,,,,,,,,,,,,,,,,,,,,,,,,,,,1069,0.2509482204914093
,,,1,,,,,,,,,,,,,,,,,,,,,,,,,,,,,1079,0.12081682682037354
,,,1,,,,,,,,,,,,,,,,,,,,,,,,,,,,,1089,0.07424777001142502
,,,1,,,,,,,,,,,,,,,,,,,,,,,,,,,,,1099,0.15378014743328094
,,,1,,,,,,,,,,,,,,,,,,,,,,,,,,,,,1109,2.093172550201416
,,,1,,,,,,,,,,,,,,,,,,,,,,,,,,,,,1119,0.3123180568218231
,,,1,,,,,,,,,,,,,,,,,,,,,,,,,,,,,1129,0.14532195031642914
,,,1,,,,,,,,,,,,,,,,,,,,,,,,,,,,,1139,0.08443652838468552
,,,1,,,,,,,,,,,,,,,,,,,,,,,,,,,,,1149,0.20547997951507568
,,,1,,,,,,,,,,,,,,,,,,,,,,,,,,,,,1159,0.093350350856781
,,,1,,,,,,,,,,,,,,,,,,,,,,,,,,,,,1169,0.09899526834487915
,,,1,,,,,,,,,,,,,,,,,,,,,,,,,,,,,1179,0.18570902943611145
,,,1,,,,,,,,,,,,,,,,,,,,,,,,,,,,,1189,0.052677467465400696
,,,1,,,,,,,,,,,,,,,,,,,,,,,,,,,,,1199,0.12775640189647675
,,,1,,,,,,,,,,,,,,,,,,,,,,,,,,,,,1209,0.05962824448943138
,,,1,,,,,,,,,,,,,,,,,,,,,,,,,,,,,1219,0.2462434023618698
,,,1,,,,,,,,,,,,,,,,,,,,,,,,,,,,,1229,0.4070790410041809
,,,1,,,,,,,,,,,,,,,,,,,,,,,,,,,,,1239,0.43408721685409546
,,,1,,,,,,,,,,,,,,,,,,,,,,,,,,,,,1249,0.29059675335884094
,,,1,,,,,,,,,,,,,,,,,,,,,,,,,,,,,1259,0.042948681861162186
,,,1,,,,,,,,,,,,,,,,,,,,,,,,,,,,,1269,0.17363609373569489
,,,1,,,,,,,,,,,,,,,,,,,,,,,,,,,,,1279,0.08987154066562653
,,,1,,,,,,,,,,,,,,,,,,,,,,,,,,,,,1289,0.4100632667541504
,,,1,,,,,,,,,,,,,,,,,,,,,,,,,,,,,1299,0.013114364817738533
,,,1,,,,,,,,,,,,,,,,,,,,,,,,,,,,,1309,0.16653621196746826
,,,1,,,,,,,,,,,,,,,,,,,,,,,,,,,,,1319,0.26700615882873535
,,,1,,,,,,,,,,,,,,,,,,,,,,,,,,,,,1329,0.15895867347717285
,,,1,,,,,,,,,,,,,,,,,,,,,,,,,,,,,1339,0.03154213726520538
,,,1,,,,,,,,,,,,,,,,,,,,,,,,,,,,,1349,0.19820158183574677
,,,1,,,,,,,,,,,,,,,,,,,,,,,,,,,,,1359,0.1462203860282898
,,,1,,,,,,,,,,,,,,,,,,,,,,,,,,,,,1369,0.10530728846788406
,,,1,,,,,,,,,,,,,,,,,,,,,,,,,,,,,1379,0.1483880579471588
,,,1,,,,,,,,,,,,,,,,,,,,,,,,,,,,,1389,0.04477342963218689
,,,1,,,,,,,,,,,,,,,,,,,,,,,,,,,,,1399,0.20361757278442383
,,,,3.4128054378634294e-07,1.911868877343751e-06,2.9413367343750007e-06,2.9413367343750007e-06,4.525133437500001e-06,4.525133437500001e-06,6.961743750000001e-06,6.961743750000001e-06,1.0710375000000002e-05,1.0710375000000002e-05,1.6477500000000003e-05,3.4128054378634294e-07,1.6477500000000003e-05,2.5350000000000003e-05,2.5350000000000003e-05,3.9000000000000006e-05,3.9000000000000006e-05,6e-05,6e-05,6e-05,6e-05,5.250469904405275e-07,5.250469904405275e-07,8.077646006777347e-07,8.077646006777347e-07,1.2427147702734379e-06,1.2427147702734379e-06,1.911868877343751e-06,1402,
,,,2,,,,,,,,,,,,,,,,,,,,,,,,,,,,,1409,0.027944574132561684
,,,2,,,,,,,,,,,,,,,,,,,,,,,,,,,,,1419,0.07802329957485199
,,,2,,,,,,,,,,,,,,,,,,,,,,,,,,,,,1429,0.047035109251737595
,,,2,,,,,,,,,,,,,,,,,,,,,,,,,,,,,1439,0.5441039800643921
,,,2,,,,,,,,,,,,,,,,,,,,,,,,,,,,,1449,0.3833758234977722
,,,2,,,,,,,,,,,,,,,,,,,,,,,,,,,,,1459,0.21819114685058594
,,,2,,,,,,,,,,,,,,,,,,,,,,,,,,,,,1469,0.1839262694120407
,,,2,,,,,,,,,,,,,,,,,,,,,,,,,,,,,1479,0.07319395989179611
,,,2,,,,,,,,,,,,,,,,,,,,,,,,,,,,,1489,0.03148115798830986
,,,2,,,,,,,,,,,,,,,,,,,,,,,,,,,,,1499,0.18004174530506134
,,,2,,,,,,,,,,,,,,,,,,,,,,,,,,,,,1509,0.2475661039352417
,,,2,,,,,,,,,,,,,,,,,,,,,,,,,,,,,1519,0.11880878359079361
,,,2,,,,,,,,,,,,,,,,,,,,,,,,,,,,,1529,0.1025816798210144
,,,2,,,,,,,,,,,,,,,,,,,,,,,,,,,,,1539,0.15985816717147827
,,,2,,,,,,,,,,,,,,,,,,,,,,,,,,,,,1549,0.14673127233982086
,,,2,,,,,,,,,,,,,,,,,,,,,,,,,,,,,1559,0.11454057693481445
,,,2,,,,,,,,,,,,,,,,,,,,,,,,,,,,,1569,0.9874259233474731
,,,2,,,,,,,,,,,,,,,,,,,,,,,,,,,,,1579,0.9228186011314392
,,,2,,,,,,,,,,,,,,,,,,,,,,,,,,,,,1589,0.024175865575671196
,,,2,,,,,,,,,,,,,,,,,,,,,,,,,,,,,1599,0.053403858095407486
,,,2,,,,,,,,,,,,,,,,,,,,,,,,,,,,,1609,1.8613682985305786
,,,2,,,,,,,,,,,,,,,,,,,,,,,,,,,,,1619,0.4221200942993164
,,,2,,,,,,,,,,,,,,,,,,,,,,,,,,,,,1629,0.04248950257897377
,,,2,,,,,,,,,,,,,,,,,,,,,,,,,,,,,1639,0.3009132146835327
,,,2,,,,,,,,,,,,,,,,,,,,,,,,,,,,,1649,0.749358594417572
,,,2,,,,,,,,,,,,,,,,,,,,,,,,,,,,,1659,0.08143454790115356
,,,2,,,,,,,,,,,,,,,,,,,,,,,,,,,,,1669,0.3225156366825104
,,,2,,,,,,,,,,,,,,,,,,,,,,,,,,,,,1679,0.41886210441589355
,,,2,,,,,,,,,,,,,,,,,,,,,,,,,,,,,1689,0.09815087169408798
,,,2,,,,,,,,,,,,,,,,,,,,,,,,,,,,,1699,0.4778992235660553
,,,2,,,,,,,,,,,,,,,,,,,,,,,,,,,,,1709,0.13986390829086304
,,,2,,,,,,,,,,,,,,,,,,,,,,,,,,,,,1719,0.05918188765645027
,,,2,,,,,,,,,,,,,,,,,,,,,,,,,,,,,1729,0.04230767861008644
,,,2,,,,,,,,,,,,,,,,,,,,,,,,,,,,,1739,0.31050756573677063
,,,2,,,,,,,,,,,,,,,,,,,,,,,,,,,,,1749,0.09889541566371918
,,,2,,,,,,,,,,,,,,,,,,,,,,,,,,,,,1759,0.06183650717139244
,,,2,,,,,,,,,,,,,,,,,,,,,,,,,,,,,1769,0.6574196815490723
,,,2,,,,,,,,,,,,,,,,,,,,,,,,,,,,,1779,0.03271801024675369
,,,2,,,,,,,,,,,,,,,,,,,,,,,,,,,,,1789,0.07767042517662048
,,,2,,,,,,,,,,,,,,,,,,,,,,,,,,,,,1799,0.2747386395931244
,,,2,,,,,,,,,,,,,,,,,,,,,,,,,,,,,1809,0.9990994930267334
,,,2,,,,,,,,,,,,,,,,,,,,,,,,,,,,,1819,0.3768984377384186
,,,2,,,,,,,,,,,,,,,,,,,,,,,,,,,,,1829,0.12244430184364319
,,,2,,,,,,,,,,,,,,,,,,,,,,,,,,,,,1839,1.0265778303146362
,,,2,,,,,,,,,,,,,,,,,,,,,,,,,,,,,1849,0.6150550842285156
,,,2,,,,,,,,,,,,,,,,,,,,,,,,,,,,,1859,0.1118750050663948
,,,2,,,,,,,,,,,,,,,,,,,,,,,,,,,,,1869,0.10028296709060669
,,,2,,,,,,,,,,,,,,,,,,,,,,,,,,,,,1879,0.21616317331790924
,,,2,,,,,,,,,,,,,,,,,,,,,,,,,,,,,1889,0.5158960223197937
,,,2,,,,,,,,,,,,,,,,,,,,,,,,,,,,,1899,0.363927960395813
,,,2,,,,,,,,,,,,,,,,,,,,,,,,,,,,,1909,0.04670438542962074
,,,2,,,,,,,,,,,,,,,,,,,,,,,,,,,,,1919,0.40374475717544556
,,,2,,,,,,,,,,,,,,,,,,,,,,,,,,,,,1929,0.9370690584182739
,,,2,,,,,,,,,,,,,,,,,,,,,,,,,,,,,1939,0.2669014632701874
,,,2,,,,,,,,,,,,,,,,,,,,,,,,,,,,,1949,0.1155734732747078
,,,2,,,,,,,,,,,,,,,,,,,,,,,,,,,,,1959,0.2821212708950043
,,,2,,,,,,,,,,,,,,,,,,,,,,,,,,,,,1969,0.08561444282531738
,,,2,,,,,,,,,,,,,,,,,,,,,,,,,,,,,1979,0.2975987493991852
,,,2,,,,,,,,,,,,,,,,,,,,,,,,,,,,,1989,0.03428379073739052
,,,2,,,,,,,,,,,,,,,,,,,,,,,,,,,,,1999,0.3346031904220581
,,,2,,,,,,,,,,,,,,,,,,,,,,,,,,,,,2009,0.12024404108524323
,,,2,,,,,,,,,,,,,,,,,,,,,,,,,,,,,2019,0.14263896644115448
,,,2,,,,,,,,,,,,,,,,,,,,,,,,,,,,,2029,0.1077609434723854
,,,2,,,,,,,,,,,,,,,,,,,,,,,,,,,,,2039,0.22260519862174988
,,,2,,,,,,,,,,,,,,,,,,,,,,,,,,,,,2049,0.021167047321796417
,,,2,,,,,,,,,,,,,,,,,,,,,,,,,,,,,2059,0.01906677521765232
,,,2,,,,,,,,,,,,,,,,,,,,,,,,,,,,,2069,0.06509725749492645
,,,2,,,,,,,,,,,,,,,,,,,,,,,,,,,,,2079,0.03417481854557991
,,,2,,,,,,,,,,,,,,,,,,,,,,,,,,,,,2089,0.0021609810646623373
,,,2,,,,,,,,,,,,,,,,,,,,,,,,,,,,,2099,0.054664455354213715
,,,,4.550407250484573e-07,2.5491585031250013e-06,3.9217823125000015e-06,3.9217823125000015e-06,6.0335112500000015e-06,6.0335112500000015e-06,9.282325000000003e-06,9.282325000000003e-06,1.4280500000000003e-05,1.4280500000000003e-05,2.1970000000000005e-05,4.550407250484573e-07,2.1970000000000005e-05,3.38e-05,3.38e-05,5.200000000000001e-05,5.200000000000001e-05,8e-05,8e-05,8e-05,8e-05,7.000626539207035e-07,7.000626539207035e-07,1.077019467570313e-06,1.077019467570313e-06,1.6569530270312508e-06,1.6569530270312508e-06,2.5491585031250013e-06,2103,
,,,3,,,,,,,,,,,,,,,,,,,,,,,,,,,,,2109,0.1383933424949646
,,,3,,,,,,,,,,,,,,,,,,,,,,,,,,,,,2119,0.05757929012179375
,,,3,,,,,,,,,,,,,,,,,,,,,,,,,,,,,2129,0.12294581532478333
,,,3,,,,,,,,,,,,,,,,,,,,,,,,,,,,,2139,0.7052388191223145
,,,3,,,,,,,,,,,,,,,,,,,,,,,,,,,,,2149,0.2026458978652954
,,,3,,,,,,,,,,,,,,,,,,,,,,,,,,,,,2159,0.06795346736907959
,,,3,,,,,,,,,,,,,,,,,,,,,,,,,,,,,2169,0.8402428030967712
,,,3,,,,,,,,,,,,,,,,,,,,,,,,,,,,,2179,0.41805002093315125
,,,3,,,,,,,,,,,,,,,,,,,,,,,,,,,,,2189,0.01070432085543871
,,,3,,,,,,,,,,,,,,,,,,,,,,,,,,,,,2199,0.04777286946773529
,,,3,,,,,,,,,,,,,,,,,,,,,,,,,,,,,2209,0.028070693835616112
,,,3,,,,,,,,,,,,,,,,,,,,,,,,,,,,,2219,1.1571000814437866
,,,3,,,,,,,,,,,,,,,,,,,,,,,,,,,,,2229,0.15856792032718658
,,,3,,,,,,,,,,,,,,,,,,,,,,,,,,,,,2239,0.01979595422744751
,,,3,,,,,,,,,,,,,,,,,,,,,,,,,,,,,2249,0.6104472875595093
,,,3,,,,,,,,,,,,,,,,,,,,,,,,,,,,,2259,0.5339916348457336
,,,3,,,,,,,,,,,,,,,,,,,,,,,,,,,,,2269,1.084626317024231
,,,3,,,,,,,,,,,,,,,,,,,,,,,,,,,,,2279,0.03935724496841431
,,,3,,,,,,,,,,,,,,,,,,,,,,,,,,,,,2289,0.024502430111169815
,,,3,,,,,,,,,,,,,,,,,,,,,,,,,,,,,2299,0.14185188710689545
,,,3,,,,,,,,,,,,,,,,,,,,,,,,,,,,,2309,0.03435284644365311
,,,3,,,,,,,,,,,,,,,,,,,,,,,,,,,,,2319,0.05294538289308548
,,,3,,,,,,,,,,,,,,,,,,,,,,,,,,,,,2329,0.17593301832675934
,,,3,,,,,,,,,,,,,,,,,,,,,,,,,,,,,2339,1.4336103200912476
,,,3,,,,,,,,,,,,,,,,,,,,,,,,,,,,,2349,0.5398008823394775
,,,3,,,,,,,,,,,,,,,,,,,,,,,,,,,,,2359,0.1746225506067276
,,,3,,,,,,,,,,,,,,,,,,,,,,,,,,,,,2369,0.03707997128367424
,,,3,,,,,,,,,,,,,,,,,,,,,,,,,,,,,2379,0.04115333780646324
,,,3,,,,,,,,,,,,,,,,,,,,,,,,,,,,,2389,0.08889821916818619
,,,3,,,,,,,,,,,,,,,,,,,,,,,,,,,,,2399,0.11783844232559204
,,,3,,,,,,,,,,,,,,,,,,,,,,,,,,,,,2409,0.04834086820483208
,,,3,,,,,,,,,,,,,,,,,,,,,,,,,,,,,2419,0.2660943865776062
,,,3,,,,,,,,,,,,,,,,,,,,,,,,,,,,,2429,0.1386420577764511
,,,3,,,,,,,,,,,,,,,,,,,,,,,,,,,,,2439,0.09315229207277298
,,,3,,,,,,,,,,,,,,,,,,,,,,,,,,,,,2449,0.037525150924921036
,,,3,,,,,,,,,,,,,,,,,,,,,,,,,,,,,2459,0.20658083260059357
,,,3,,,,,,,,,,,,,,,,,,,,,,,,,,,,,2469,0.07532072067260742
,,,3,,,,,,,,,,,,,,,,,,,,,,,,,,,,,2479,0.09008263796567917
,,,3,,,,,,,,,,,,,,,,,,,,,,,,,,,,,2489,0.1697874814271927
,,,3,,,,,,,,,,,,,,,,,,,,,,,,,,,,,2499,0.4612163305282593
,,,3,,,,,,,,,,,,,,,,,,,,,,,,,,,,,2509,0.06038005277514458
,,,3,,,,,,,,,,,,,,,,,,,,,,,,,,,,,2519,0.5203366279602051
,,,3,,,,,,,,,,,,,,,,,,,,,,,,,,,,,2529,0.30038174986839294
,,,3,,,,,,,,,,,,,,,,,,,,,,,,,,,,,2539,0.1882953941822052
,,,3,,,,,,,,,,,,,,,,,,,,,,,,,,,,,2549,0.70001620054245
,,,3,,,,,,,,,,,,,,,,,,,,,,,,,,,,,2559,0.05229908227920532
,,,3,,,,,,,,,,,,,,,,,,,,,,,,,,,,,2569,0.20156602561473846
,,,3,,,,,,,,,,,,,,,,,,,,,,,,,,,,,2579,0.07908875495195389
,,,3,,,,,,,,,,,,,,,,,,,,,,,,,,,,,2589,0.2760857343673706
,,,3,,,,,,,,,,,,,,,,,,,,,,,,,,,,,2599,1.5104814767837524
,,,3,,,,,,,,,,,,,,,,,,,,,,,,,,,,,2609,0.574005126953125
,,,3,,,,,,,,,,,,,,,,,,,,,,,,,,,,,2619,0.07289665192365646
,,,3,,,,,,,,,,,,,,,,,,,,,,,,,,,,,2629,0.08527562022209167
,,,3,,,,,,,,,,,,,,,,,,,,,,,,,,,,,2639,0.2825704514980316
,,,3,,,,,,,,,,,,,,,,,,,,,,,,,,,,,2649,0.3843894898891449
,,,3,,,,,,,,,,,,,,,,,,,,,,,,,,,,,2659,0.07019978761672974
,,,3,,,,,,,,,,,,,,,,,,,,,,,,,,,,,2669,0.4674275517463684
,,,3,,,,,,,,,,,,,,,,,,,,,,,,,,,,,2679,0.05882146582007408
,,,3,,,,,,,,,,,,,,,,,,,,,,,,,,,,,2689,0.37206313014030457
,,,3,,,,,,,,,,,,,,,,,,,,,,,,,,,,,2699,0.015194007195532322
,,,3,,,,,,,,,,,,,,,,,,,,,,,,,,,,,2709,0.7451367378234863
,,,3,,,,,,,,,,,,,,,,,,,,,,,,,,,,,2719,0.0054775564931333065
,,,3,,,,,,,,,,,,,,,,,,,,,,,,,,,,,2729,0.019316619262099266
,,,3,,,,,,,,,,,,,,,,,,,,,,,,,,,,,2739,0.2826114594936371
,,,3,,,,,,,,,,,,,,,,,,,,,,,,,,,,,2749,1.1374611854553223
,,,3,,,,,,,,,,,,,,,,,,,,,,,,,,,,,2759,0.13135388493537903
,,,3,,,,,,,,,,,,,,,,,,,,,,,,,,,,,2769,0.16888399422168732
,,,3,,,,,,,,,,,,,,,,,,,,,,,,,,,,,2779,0.24262933433055878
,,,3,,,,,,,,,,,,,,,,,,,,,,,,,,,,,2789,0.26633134484291077
,,,3,,,,,,,,,,,,,,,,,,,,,,,,,,,,,2799,0.3008174002170563
,,,,5.688009063105716e-07,3.1864481289062513e-06,4.9022278906250015e-06,4.9022278906250015e-06,7.541889062500002e-06,7.541889062500002e-06,1.1602906250000002e-05,1.1602906250000002e-05,1.7850625000000003e-05,1.7850625000000003e-05,2.7462500000000003e-05,5.688009063105716e-07,2.7462500000000003e-05,4.2250000000000004e-05,4.2250000000000004e-05,6.500000000000001e-05,6.500000000000001e-05,0.0001,0.0001,0.0001,0.0001,8.750783174008792e-07,8.750783174008792e-07,1.3462743344628912e-06,1.3462743344628912e-06,2.0711912837890633e-06,2.0711912837890633e-06,3.1864481289062513e-06,2804,
,,,4,,,,,,,,,,,,,,,,,,,,,,,,,,,,,2809,0.06626338511705399
,,,4,,,,,,,,,,,,,,,,,,,,,,,,,,,,,2819,0.06695812195539474
,,,4,,,,,,,,,,,,,,,,,,,,,,,,,,,,,2829,0.03816037252545357
,,,4,,,,,,,,,,,,,,,,,,,,,,,,,,,,,2839,0.16894464194774628
,,,4,,,,,,,,,,,,,,,,,,,,,,,,,,,,,2849,0.025025421753525734
,,,4,,,,,,,,,,,,,,,,,,,,,,,,,,,,,2859,0.6730471849441528
,,,4,,,,,,,,,,,,,,,,,,,,,,,,,,,,,2869,0.097256600856781
,,,4,,,,,,,,,,,,,,,,,,,,,,,,,,,,,2879,0.0654633417725563
,,,4,,,,,,,,,,,,,,,,,,,,,,,,,,,,,2889,0.04313027113676071
,,,4,,,,,,,,,,,,,,,,,,,,,,,,,,,,,2899,0.14150188863277435
,,,4,,,,,,,,,,,,,,,,,,,,,,,,,,,,,2909,0.3793669641017914
,,,4,,,,,,,,,,,,,,,,,,,,,,,,,,,,,2919,0.2674243748188019
,,,4,,,,,,,,,,,,,,,,,,,,,,,,,,,,,2929,0.43580910563468933
,,,4,,,,,,,,,,,,,,,,,,,,,,,,,,,,,2939,0.16122908890247345
,,,4,,,,,,,,,,,,,,,,,,,,,,,,,,,,,2949,0.491333931684494
,,,4,,,,,,,,,,,,,,,,,,,,,,,,,,,,,2959,0.6594852209091187
,,,4,,,,,,,,,,,,,,,,,,,,,,,,,,,,,2969,0.1532953679561615
,,,4,,,,,,,,,,,,,,,,,,,,,,,,,,,,,2979,0.10784319043159485
,,,4,,,,,,,,,,,,,,,,,,,,,,,,,,,,,2989,0.015209317207336426
,,,4,,,,,,,,,,,,,,,,,,,,,,,,,,,,,2999,0.03772370517253876
,,,4,,,,,,,,,,,,,,,,,,,,,,,,,,,,,3009,0.020912187173962593
,,,4,,,,,,,,,,,,,,,,,,,,,,,,,,,,,3019,1.4587445259094238
,,,4,,,,,,,,,,,,,,,,,,,,,,,,,,,,,3029,0.10997364670038223
,,,4,,,,,,,,,,,,,,,,,,,,,,,,,,,,,3039,0.40449225902557373
,,,4,,,,,,,,,,,,,,,,,,,,,,,,,,,,,3049,1.740965485572815
,,,4,,,,,,,,,,,,,,,,,,,,,,,,,,,,,3059,0.05738097429275513
,,,4,,,,,,,,,,,,,,,,,,,,,,,,,,,,,3069,0.11469109356403351
,,,4,,,,,,,,,,,,,,,,,,,,,,,,,,,,,3079,0.025831708684563637
,,,4,,,,,,,,,,,,,,,,,,,,,,,,,,,,,3089,0.1024448424577713
,,,4,,,,,,,,,,,,,,,,,,,,,,,,,,,,,3099,0.2479139119386673
,,,4,,,,,,,,,,,,,,,,,,,,,,,,,,,,,3109,0.20239099860191345
,,,4,,,,,,,,,,,,,,,,,,,,,,,,,,,,,3119,0.03633496165275574
,,,4,,,,,,,,,,,,,,,,,,,,,,,,,,,,,3129,0.14336690306663513
,,,4,,,,,,,,,,,,,,,,,,,,,,,,,,,,,3139,0.04042433947324753
,,,4,,,,,,,,,,,,,,,,,,,,,,,,,,,,,3149,0.17435677349567413
,,,4,,,,,,,,,,,,,,,,,,,,,,,,,,,,,3159,0.015419489704072475
,,,4,,,,,,,,,,,,,,,,,,,,,,,,,,,,,3169,0.677967369556427
,,,4,,,,,,,,,,,,,,,,,,,,,,,,,,,,,3179,0.017287731170654297
,,,4,,,,,,,,,,,,,,,,,,,,,,,,,,,,,3189,0.19239091873168945
,,,4,,,,,,,,,,,,,,,,,,,,,,,,,,,,,3199,0.005784251261502504
,,,4,,,,,,,,,,,,,,,,,,,,,,,,,,,,,3209,0.03840482607483864
,,,4,,,,,,,,,,,,,,,,,,,,,,,,,,,,,3219,0.17648471891880035
,,,4,,,,,,,,,,,,,,,,,,,,,,,,,,,,,3229,0.02758343517780304
,,,4,,,,,,,,,,,,,,,,,,,,,,,,,,,,,3239,0.8345039486885071
,,,4,,,,,,,,,,,,,,,,,,,,,,,,,,,,,3249,0.3974189758300781
,,,4,,,,,,,,,,,,,,,,,,,,,,,,,,,,,3259,1.3150837421417236
,,,4,,,,,,,,,,,,,,,,,,,,,,,,,,,,,3269,0.04029233753681183
,,,4,,,,,,,,,,,,,,,,,,,,,,,,,,,,,3279,0.10820228606462479
,,,4,,,,,,,,,,,,,,,,,,,,,,,,,,,,,3289,0.2543833553791046
,,,4,,,,,,,,,,,,,,,,,,,,,,,,,,,,,3299,0.4169410467147827
,,,4,,,,,,,,,,,,,,,,,,,,,,,,,,,,,3309,0.32739147543907166
,,,4,,,,,,,,,,,,,,,,,,,,,,,,,,,,,3319,0.014652819372713566
,,,4,,,,,,,,,,,,,,,,,,,,,,,,,,,,,3329,0.00748230516910553
,,,4,,,,,,,,,,,,,,,,,,,,,,,,,,,,,3339,0.11387376487255096
,,,4,,,,,,,,,,,,,,,,,,,,,,,,,,,,,3349,0.004052800592035055
,,,4,,,,,,,,,,,,,,,,,,,,,,,,,,,,,3359,0.08010344207286835
,,,4,,,,,,,,,,,,,,,,,,,,,,,,,,,,,3369,0.4673156142234802
,,,4,,,,,,,,,,,,,,,,,,,,,,,,,,,,,3379,0.11558785289525986
,,,4,,,,,,,,,,,,,,,,,,,,,,,,,,,,,3389,0.042818229645490646
,,,4,,,,,,,,,,,,,,,,,,,,,,,,,,,,,3399,0.13554851710796356
,,,4,,,,,,,,,,,,,,,,,,,,,,,,,,,,,3409,0.45193248987197876
,,,4,,,,,,,,,,,,,,,,,,,,,,,,,,,,,3419,0.05942016839981079
,,,4,,,,,,,,,,,,,,,,,,,,,,,,,,,,,3429,0.014426170848309994
,,,4,,,,,,,,,,,,,,,,,,,,,,,,,,,,,3439,0.24963068962097168
,,,4,,,,,,,,,,,,,,,,,,,,,,,,,,,,,3449,0.2953375279903412
,,,4,,,,,,,,,,,,,,,,,,,,,,,,,,,,,3459,0.02104068547487259
,,,4,,,,,,,,,,,,,,,,,,,,,,,,,,,,,3469,0.10127284377813339
,,,4,,,,,,,,,,,,,,,,,,,,,,,,,,,,,3479,0.0197763554751873
,,,4,,,,,,,,,,,,,,,,,,,,,,,,,,,,,3489,0.20940782129764557
,,,4,,,,,,,,,,,,,,,,,,,,,,,,,,,,,3499,0.31650635600090027
0.8888888955116272,0.8958742618560791,0.8820115923881531,4,,,,,,,,,,,,,,,,,,,,,,,,,,,,,3504,
,,,,5.688009063105716e-07,3.1864481289062513e-06,4.9022278906250015e-06,4.9022278906250015e-06,7.541889062500002e-06,7.541889062500002e-06,1.1602906250000002e-05,1.1602906250000002e-05,1.7850625000000003e-05,1.7850625000000003e-05,2.7462500000000003e-05,5.688009063105716e-07,2.7462500000000003e-05,4.2250000000000004e-05,4.2250000000000004e-05,6.500000000000001e-05,6.500000000000001e-05,0.0001,0.0001,0.0001,0.0001,8.750783174008792e-07,8.750783174008792e-07,1.3462743344628912e-06,1.3462743344628912e-06,2.0711912837890633e-06,2.0711912837890633e-06,3.1864481289062513e-06,3505,
,,,5,,,,,,,,,,,,,,,,,,,,,,,,,,,,,3509,1.2422912120819092
,,,5,,,,,,,,,,,,,,,,,,,,,,,,,,,,,3519,0.611551821231842
,,,5,,,,,,,,,,,,,,,,,,,,,,,,,,,,,3529,0.08701596409082413
,,,5,,,,,,,,,,,,,,,,,,,,,,,,,,,,,3539,0.30602002143859863
,,,5,,,,,,,,,,,,,,,,,,,,,,,,,,,,,3549,0.02559935487806797
,,,5,,,,,,,,,,,,,,,,,,,,,,,,,,,,,3559,0.013208034448325634
,,,5,,,,,,,,,,,,,,,,,,,,,,,,,,,,,3569,0.03680393099784851
,,,5,,,,,,,,,,,,,,,,,,,,,,,,,,,,,3579,0.372274249792099
,,,5,,,,,,,,,,,,,,,,,,,,,,,,,,,,,3589,0.19211731851100922
,,,5,,,,,,,,,,,,,,,,,,,,,,,,,,,,,3599,0.022948963567614555
,,,5,,,,,,,,,,,,,,,,,,,,,,,,,,,,,3609,0.05302882194519043
,,,5,,,,,,,,,,,,,,,,,,,,,,,,,,,,,3619,0.18950673937797546
,,,5,,,,,,,,,,,,,,,,,,,,,,,,,,,,,3629,0.3522496819496155
,,,5,,,,,,,,,,,,,,,,,,,,,,,,,,,,,3639,0.046942710876464844
,,,5,,,,,,,,,,,,,,,,,,,,,,,,,,,,,3649,0.27318745851516724
,,,5,,,,,,,,,,,,,,,,,,,,,,,,,,,,,3659,0.020575184375047684
,,,5,,,,,,,,,,,,,,,,,,,,,,,,,,,,,3669,0.032803140580654144
,,,5,,,,,,,,,,,,,,,,,,,,,,,,,,,,,3679,0.03609795123338699
,,,5,,,,,,,,,,,,,,,,,,,,,,,,,,,,,3689,0.050051771104335785
,,,5,,,,,,,,,,,,,,,,,,,,,,,,,,,,,3699,0.00695425271987915
,,,5,,,,,,,,,,,,,,,,,,,,,,,,,,,,,3709,0.13474349677562714
,,,5,,,,,,,,,,,,,,,,,,,,,,,,,,,,,3719,0.22007964551448822
,,,5,,,,,,,,,,,,,,,,,,,,,,,,,,,,,3729,0.06281717866659164
,,,5,,,,,,,,,,,,,,,,,,,,,,,,,,,,,3739,0.04395123943686485
,,,5,,,,,,,,,,,,,,,,,,,,,,,,,,,,,3749,0.027959179133176804
,,,5,,,,,,,,,,,,,,,,,,,,,,,,,,,,,3759,0.03442857414484024
,,,5,,,,,,,,,,,,,,,,,,,,,,,,,,,,,3769,0.360408216714859
,,,5,,,,,,,,,,,,,,,,,,,,,,,,,,,,,3779,0.04124411195516586
,,,5,,,,,,,,,,,,,,,,,,,,,,,,,,,,,3789,0.11392893642187119
,,,5,,,,,,,,,,,,,,,,,,,,,,,,,,,,,3799,0.019705766811966896
,,,5,,,,,,,,,,,,,,,,,,,,,,,,,,,,,3809,0.01801181025803089
,,,5,,,,,,,,,,,,,,,,,,,,,,,,,,,,,3819,0.21134671568870544
,,,5,,,,,,,,,,,,,,,,,,,,,,,,,,,,,3829,0.3905850648880005
,,,5,,,,,,,,,,,,,,,,,,,,,,,,,,,,,3839,0.23106998205184937
,,,5,,,,,,,,,,,,,,,,,,,,,,,,,,,,,3849,0.011487101204693317
,,,5,,,,,,,,,,,,,,,,,,,,,,,,,,,,,3859,0.5291115045547485
,,,5,,,,,,,,,,,,,,,,,,,,,,,,,,,,,3869,0.3643215298652649
,,,5,,,,,,,,,,,,,,,,,,,,,,,,,,,,,3879,0.08207464218139648
,,,5,,,,,,,,,,,,,,,,,,,,,,,,,,,,,3889,0.29336318373680115
,,,5,,,,,,,,,,,,,,,,,,,,,,,,,,,,,3899,0.032855305820703506
,,,5,,,,,,,,,,,,,,,,,,,,,,,,,,,,,3909,0.2175646871328354
,,,5,,,,,,,,,,,,,,,,,,,,,,,,,,,,,3919,0.08908552676439285
,,,5,,,,,,,,,,,,,,,,,,,,,,,,,,,,,3929,0.005268261302262545
,,,5,,,,,,,,,,,,,,,,,,,,,,,,,,,,,3939,0.8119958639144897
,,,5,,,,,,,,,,,,,,,,,,,,,,,,,,,,,3949,0.09898293018341064
,,,5,,,,,,,,,,,,,,,,,,,,,,,,,,,,,3959,0.03439467027783394
,,,5,,,,,,,,,,,,,,,,,,,,,,,,,,,,,3969,0.36770883202552795
,,,5,,,,,,,,,,,,,,,,,,,,,,,,,,,,,3979,0.05660342425107956
,,,5,,,,,,,,,,,,,,,,,,,,,,,,,,,,,3989,0.678417444229126
,,,5,,,,,,,,,,,,,,,,,,,,,,,,,,,,,3999,0.0059760077856481075
,,,5,,,,,,,,,,,,,,,,,,,,,,,,,,,,,4009,0.15458540618419647
,,,5,,,,,,,,,,,,,,,,,,,,,,,,,,,,,4019,0.05785101279616356
,,,5,,,,,,,,,,,,,,,,,,,,,,,,,,,,,4029,3.718647003173828
,,,5,,,,,,,,,,,,,,,,,,,,,,,,,,,,,4039,0.014959159307181835
,,,5,,,,,,,,,,,,,,,,,,,,,,,,,,,,,4049,0.02095712721347809
,,,5,,,,,,,,,,,,,,,,,,,,,,,,,,,,,4059,0.09804835915565491
,,,5,,,,,,,,,,,,,,,,,,,,,,,,,,,,,4069,0.47012194991111755
,,,5,,,,,,,,,,,,,,,,,,,,,,,,,,,,,4079,0.025262653827667236
,,,5,,,,,,,,,,,,,,,,,,,,,,,,,,,,,4089,0.312295138835907
,,,5,,,,,,,,,,,,,,,,,,,,,,,,,,,,,4099,0.02507704682648182
,,,5,,,,,,,,,,,,,,,,,,,,,,,,,,,,,4109,0.027555149048566818
,,,5,,,,,,,,,,,,,,,,,,,,,,,,,,,,,4119,0.6741799116134644
,,,5,,,,,,,,,,,,,,,,,,,,,,,,,,,,,4129,0.031375110149383545
,,,5,,,,,,,,,,,,,,,,,,,,,,,,,,,,,4139,0.15821883082389832
,,,5,,,,,,,,,,,,,,,,,,,,,,,,,,,,,4149,0.05826719105243683
,,,5,,,,,,,,,,,,,,,,,,,,,,,,,,,,,4159,0.026910854503512383
,,,5,,,,,,,,,,,,,,,,,,,,,,,,,,,,,4169,0.07256531715393066
,,,5,,,,,,,,,,,,,,,,,,,,,,,,,,,,,4179,0.03986617550253868
,,,5,,,,,,,,,,,,,,,,,,,,,,,,,,,,,4189,0.20187829434871674
,,,5,,,,,,,,,,,,,,,,,,,,,,,,,,,,,4199,0.027219772338867188
,,,,5.68108121100602e-07,3.182567115160405e-06,4.896257100246776e-06,4.896257100246776e-06,7.532703231148886e-06,7.532703231148886e-06,1.1588774201767516e-05,1.1588774201767516e-05,1.782888338733464e-05,1.782888338733464e-05,2.7429051365130215e-05,5.68108121100602e-07,2.7429051365130215e-05,4.219854056173879e-05,4.219854056173879e-05,6.492083163344429e-05,6.492083163344429e-05,9.987820251299122e-05,9.987820251299122e-05,9.987820251299122e-05,9.987820251299122e-05,8.740124940009261e-07,8.740124940009261e-07,1.344634606155271e-06,1.344634606155271e-06,2.068668624854263e-06,2.068668624854263e-06,3.182567115160405e-06,4206,
,,,6,,,,,,,,,,,,,,,,,,,,,,,,,,,,,4209,0.007508362643420696
,,,6,,,,,,,,,,,,,,,,,,,,,,,,,,,,,4219,0.005646304227411747
,,,6,,,,,,,,,,,,,,,,,,,,,,,,,,,,,4229,0.045157041400671005
,,,6,,,,,,,,,,,,,,,,,,,,,,,,,,,,,4239,0.12382955104112625
,,,6,,,,,,,,,,,,,,,,,,,,,,,,,,,,,4249,0.0030207934323698282
,,,6,,,,,,,,,,,,,,,,,,,,,,,,,,,,,4259,0.004689902067184448
,,,6,,,,,,,,,,,,,,,,,,,,,,,,,,,,,4269,0.21991369128227234
,,,6,,,,,,,,,,,,,,,,,,,,,,,,,,,,,4279,0.013246987946331501
,,,6,,,,,,,,,,,,,,,,,,,,,,,,,,,,,4289,0.003592920955270529
,,,6,,,,,,,,,,,,,,,,,,,,,,,,,,,,,4299,0.0038201077841222286
,,,6,,,,,,,,,,,,,,,,,,,,,,,,,,,,,4309,0.033691756427288055
,,,6,,,,,,,,,,,,,,,,,,,,,,,,,,,,,4319,0.037624210119247437
,,,6,,,,,,,,,,,,,,,,,,,,,,,,,,,,,4329,0.2762811481952667
,,,6,,,,,,,,,,,,,,,,,,,,,,,,,,,,,4339,0.011943621560931206
,,,6,,,,,,,,,,,,,,,,,,,,,,,,,,,,,4349,0.010700128972530365
,,,6,,,,,,,,,,,,,,,,,,,,,,,,,,,,,4359,0.018200324848294258
,,,6,,,,,,,,,,,,,,,,,,,,,,,,,,,,,4369,0.2588885724544525
,,,6,,,,,,,,,,,,,,,,,,,,,,,,,,,,,4379,0.0032265642657876015
,,,6,,,,,,,,,,,,,,,,,,,,,,,,,,,,,4389,0.04253857582807541
,,,6,,,,,,,,,,,,,,,,,,,,,,,,,,,,,4399,0.013624400831758976
,,,6,,,,,,,,,,,,,,,,,,,,,,,,,,,,,4409,0.018832286819815636
,,,6,,,,,,,,,,,,,,,,,,,,,,,,,,,,,4419,0.01865987293422222
,,,6,,,,,,,,,,,,,,,,,,,,,,,,,,,,,4429,0.4661771059036255
,,,6,,,,,,,,,,,,,,,,,,,,,,,,,,,,,4439,0.08179271221160889
,,,6,,,,,,,,,,,,,,,,,,,,,,,,,,,,,4449,0.013252721168100834
,,,6,,,,,,,,,,,,,,,,,,,,,,,,,,,,,4459,0.014788158237934113
,,,6,,,,,,,,,,,,,,,,,,,,,,,,,,,,,4469,0.9859017729759216
,,,6,,,,,,,,,,,,,,,,,,,,,,,,,,,,,4479,0.07796306163072586
,,,6,,,,,,,,,,,,,,,,,,,,,,,,,,,,,4489,0.8959512114524841
,,,6,,,,,,,,,,,,,,,,,,,,,,,,,,,,,4499,0.028626685962080956
,,,6,,,,,,,,,,,,,,,,,,,,,,,,,,,,,4509,0.2954593300819397
,,,6,,,,,,,,,,,,,,,,,,,,,,,,,,,,,4519,0.8163582682609558
,,,6,,,,,,,,,,,,,,,,,,,,,,,,,,,,,4529,0.07009079307317734
,,,6,,,,,,,,,,,,,,,,,,,,,,,,,,,,,4539,0.30579590797424316
,,,6,,,,,,,,,,,,,,,,,,,,,,,,,,,,,4549,0.007823338732123375
,,,6,,,,,,,,,,,,,,,,,,,,,,,,,,,,,4559,0.1836719810962677
,,,6,,,,,,,,,,,,,,,,,,,,,,,,,,,,,4569,0.7857926487922668
,,,6,,,,,,,,,,,,,,,,,,,,,,,,,,,,,4579,0.1388663649559021
,,,6,,,,,,,,,,,,,,,,,,,,,,,,,,,,,4589,0.02840782143175602
,,,6,,,,,,,,,,,,,,,,,,,,,,,,,,,,,4599,0.09866227954626083
,,,6,,,,,,,,,,,,,,,,,,,,,,,,,,,,,4609,0.00781026016920805
,,,6,,,,,,,,,,,,,,,,,,,,,,,,,,,,,4619,0.007889149710536003
,,,6,,,,,,,,,,,,,,,,,,,,,,,,,,,,,4629,0.27662378549575806
,,,6,,,,,,,,,,,,,,,,,,,,,,,,,,,,,4639,0.35151082277297974
,,,6,,,,,,,,,,,,,,,,,,,,,,,,,,,,,4649,0.14905473589897156
,,,6,,,,,,,,,,,,,,,,,,,,,,,,,,,,,4659,0.037294432520866394
,,,6,,,,,,,,,,,,,,,,,,,,,,,,,,,,,4669,0.1009032279253006
,,,6,,,,,,,,,,,,,,,,,,,,,,,,,,,,,4679,0.0028690220788121223
,,,6,,,,,,,,,,,,,,,,,,,,,,,,,,,,,4689,0.016511771827936172
,,,6,,,,,,,,,,,,,,,,,,,,,,,,,,,,,4699,0.02368968352675438
,,,6,,,,,,,,,,,,,,,,,,,,,,,,,,,,,4709,0.022764943540096283
,,,6,,,,,,,,,,,,,,,,,,,,,,,,,,,,,4719,0.1793779581785202
,,,6,,,,,,,,,,,,,,,,,,,,,,,,,,,,,4729,0.0415082648396492
,,,6,,,,,,,,,,,,,,,,,,,,,,,,,,,,,4739,0.00774019630625844
,,,6,,,,,,,,,,,,,,,,,,,,,,,,,,,,,4749,0.01585625298321247
,,,6,,,,,,,,,,,,,,,,,,,,,,,,,,,,,4759,0.01824634149670601
,,,6,,,,,,,,,,,,,,,,,,,,,,,,,,,,,4769,0.03627896308898926
,,,6,,,,,,,,,,,,,,,,,,,,,,,,,,,,,4779,0.010496383532881737
,,,6,,,,,,,,,,,,,,,,,,,,,,,,,,,,,4789,0.2119942456483841
,,,6,,,,,,,,,,,,,,,,,,,,,,,,,,,,,4799,0.039208948612213135
,,,6,,,,,,,,,,,,,,,,,,,,,,,,,,,,,4809,0.0075663430616259575
,,,6,,,,,,,,,,,,,,,,,,,,,,,,,,,,,4819,0.6026136875152588
,,,6,,,,,,,,,,,,,,,,,,,,,,,,,,,,,4829,0.06675605475902557
,,,6,,,,,,,,,,,,,,,,,,,,,,,,,,,,,4839,0.1245666965842247
,,,6,,,,,,,,,,,,,,,,,,,,,,,,,,,,,4849,1.7630409002304077
,,,6,,,,,,,,,,,,,,,,,,,,,,,,,,,,,4859,0.01803392730653286
,,,6,,,,,,,,,,,,,,,,,,,,,,,,,,,,,4869,0.7528057098388672
,,,6,,,,,,,,,,,,,,,,,,,,,,,,,,,,,4879,0.003936884459108114
,,,6,,,,,,,,,,,,,,,,,,,,,,,,,,,,,4889,0.03575877845287323
,,,6,,,,,,,,,,,,,,,,,,,,,,,,,,,,,4899,0.0038975682109594345
,,,,5.660331406505981e-07,3.1709429818317177e-06,4.878373818202642e-06,4.878373818202642e-06,7.505190489542526e-06,7.505190489542526e-06,1.15464469069885e-05,1.15464469069885e-05,1.7763764472290002e-05,1.7763764472290002e-05,2.732886841890769e-05,5.660331406505981e-07,2.732886841890769e-05,4.204441295216568e-05,4.204441295216568e-05,6.468371223410105e-05,6.468371223410105e-05,9.951340343707852e-05,9.951340343707852e-05,9.951340343707852e-05,9.951340343707852e-05,8.708202163855354e-07,8.708202163855354e-07,1.3397234098239006e-06,1.3397234098239006e-06,2.0611129381906165e-06,2.0611129381906165e-06,3.1709429818317177e-06,4907,
,,,7,,,,,,,,,,,,,,,,,,,,,,,,,,,,,4909,0.05021782964468002
,,,7,,,,,,,,,,,,,,,,,,,,,,,,,,,,,4919,0.27180278301239014
,,,7,,,,,,,,,,,,,,,,,,,,,,,,,,,,,4929,0.013489088043570518
,,,7,,,,,,,,,,,,,,,,,,,,,,,,,,,,,4939,0.0431152768433094
,,,7,,,,,,,,,,,,,,,,,,,,,,,,,,,,,4949,0.00722013833001256
,,,7,,,,,,,,,,,,,,,,,,,,,,,,,,,,,4959,0.06840191036462784
,,,7,,,,,,,,,,,,,,,,,,,,,,,,,,,,,4969,0.1838616579771042
,,,7,,,,,,,,,,,,,,,,,,,,,,,,,,,,,4979,1.1510602235794067
,,,7,,,,,,,,,,,,,,,,,,,,,,,,,,,,,4989,0.025932973250746727
,,,7,,,,,,,,,,,,,,,,,,,,,,,,,,,,,4999,0.04959941282868385
,,,7,,,,,,,,,,,,,,,,,,,,,,,,,,,,,5009,0.017473308369517326
,,,7,,,,,,,,,,,,,,,,,,,,,,,,,,,,,5019,0.5692512392997742
,,,7,,,,,,,,,,,,,,,,,,,,,,,,,,,,,5029,0.4962441325187683
,,,7,,,,,,,,,,,,,,,,,,,,,,,,,,,,,5039,0.006409070920199156
,,,7,,,,,,,,,,,,,,,,,,,,,,,,,,,,,5049,0.7031852602958679
,,,7,,,,,,,,,,,,,,,,,,,,,,,,,,,,,5059,1.8915468454360962
,,,7,,,,,,,,,,,,,,,,,,,,,,,,,,,,,5069,1.2552337646484375
,,,7,,,,,,,,,,,,,,,,,,,,,,,,,,,,,5079,0.011809569783508778
,,,7,,,,,,,,,,,,,,,,,,,,,,,,,,,,,5089,0.028087185695767403
,,,7,,,,,,,,,,,,,,,,,,,,,,,,,,,,,5099,0.05720605328679085
,,,7,,,,,,,,,,,,,,,,,,,,,,,,,,,,,5109,0.0334148146212101
,,,7,,,,,,,,,,,,,,,,,,,,,,,,,,,,,5119,0.026420958340168
,,,7,,,,,,,,,,,,,,,,,,,,,,,,,,,,,5129,0.019634868949651718
,,,7,,,,,,,,,,,,,,,,,,,,,,,,,,,,,5139,0.4862140417098999
,,,7,,,,,,,,,,,,,,,,,,,,,,,,,,,,,5149,0.022899359464645386
,,,7,,,,,,,,,,,,,,,,,,,,,,,,,,,,,5159,0.1934582144021988
,,,7,,,,,,,,,,,,,,,,,,,,,,,,,,,,,5169,0.017846589908003807
,,,7,,,,,,,,,,,,,,,,,,,,,,,,,,,,,5179,0.04702957347035408
,,,7,,,,,,,,,,,,,,,,,,,,,,,,,,,,,5189,0.0541401244699955
,,,7,,,,,,,,,,,,,,,,,,,,,,,,,,,,,5199,0.10931118577718735
,,,7,,,,,,,,,,,,,,,,,,,,,,,,,,,,,5209,0.1813715696334839
,,,7,,,,,,,,,,,,,,,,,,,,,,,,,,,,,5219,0.0385965071618557
,,,7,,,,,,,,,,,,,,,,,,,,,,,,,,,,,5229,0.5889487266540527
,,,7,,,,,,,,,,,,,,,,,,,,,,,,,,,,,5239,0.06984513252973557
,,,7,,,,,,,,,,,,,,,,,,,,,,,,,,,,,5249,0.012608624994754791
,,,7,,,,,,,,,,,,,,,,,,,,,,,,,,,,,5259,0.01488426048308611
,,,7,,,,,,,,,,,,,,,,,,,,,,,,,,,,,5269,0.4370170533657074
,,,7,,,,,,,,,,,,,,,,,,,,,,,,,,,,,5279,0.01820407807826996
,,,7,,,,,,,,,,,,,,,,,,,,,,,,,,,,,5289,0.004891708958894014
,,,7,,,,,,,,,,,,,,,,,,,,,,,,,,,,,5299,0.013516063801944256
,,,7,,,,,,,,,,,,,,,,,,,,,,,,,,,,,5309,0.5639497637748718
,,,7,,,,,,,,,,,,,,,,,,,,,,,,,,,,,5319,0.0019215845968574286
,,,7,,,,,,,,,,,,,,,,,,,,,,,,,,,,,5329,0.03169889748096466
,,,7,,,,,,,,,,,,,,,,,,,,,,,,,,,,,5339,0.004749073646962643
,,,7,,,,,,,,,,,,,,,,,,,,,,,,,,,,,5349,1.2295156717300415
,,,7,,,,,,,,,,,,,,,,,,,,,,,,,,,,,5359,0.3898606598377228
,,,7,,,,,,,,,,,,,,,,,,,,,,,,,,,,,5369,0.1049545407295227
,,,7,,,,,,,,,,,,,,,,,,,,,,,,,,,,,5379,0.008741552010178566
,,,7,,,,,,,,,,,,,,,,,,,,,,,,,,,,,5389,0.01177816092967987
,,,7,,,,,,,,,,,,,,,,,,,,,,,,,,,,,5399,0.04363197088241577
,,,7,,,,,,,,,,,,,,,,,,,,,,,,,,,,,5409,0.2111222743988037
,,,7,,,,,,,,,,,,,,,,,,,,,,,,,,,,,5419,1.343403935432434
,,,7,,,,,,,,,,,,,,,,,,,,,,,,,,,,,5429,0.004707432817667723
,,,7,,,,,,,,,,,,,,,,,,,,,,,,,,,,,5439,0.03286707028746605
,,,7,,,,,,,,,,,,,,,,,,,,,,,,,,,,,5449,0.03173591196537018
,,,7,,,,,,,,,,,,,,,,,,,,,,,,,,,,,5459,0.005139570217579603
,,,7,,,,,,,,,,,,,,,,,,,,,,,,,,,,,5469,0.18849384784698486
,,,7,,,,,,,,,,,,,,,,,,,,,,,,,,,,,5479,0.005248288158327341
,,,7,,,,,,,,,,,,,,,,,,,,,,,,,,,,,5489,0.0037133516743779182
,,,7,,,,,,,,,,,,,,,,,,,,,,,,,,,,,5499,0.2430204451084137
,,,7,,,,,,,,,,,,,,,,,,,,,,,,,,,,,5509,0.029951302334666252
,,,7,,,,,,,,,,,,,,,,,,,,,,,,,,,,,5519,0.004423110745847225
,,,7,,,,,,,,,,,,,,,,,,,,,,,,,,,,,5529,0.1322920322418213
,,,7,,,,,,,,,,,,,,,,,,,,,,,,,,,,,5539,0.02565326727926731
,,,7,,,,,,,,,,,,,,,,,,,,,,,,,,,,,5549,1.124683141708374
,,,7,,,,,,,,,,,,,,,,,,,,,,,,,,,,,5559,0.008493724279105663
,,,7,,,,,,,,,,,,,,,,,,,,,,,,,,,,,5569,0.005885465536266565
,,,7,,,,,,,,,,,,,,,,,,,,,,,,,,,,,5579,0.002357546240091324
,,,7,,,,,,,,,,,,,,,,,,,,,,,,,,,,,5589,0.02146289311349392
,,,7,,,,,,,,,,,,,,,,,,,,,,,,,,,,,5599,0.03311772644519806
,,,,5.625860740567357e-07,3.1516323605293127e-06,4.8486651700450955e-06,4.8486651700450955e-06,7.459484876992455e-06,7.459484876992455e-06,1.1476130579988391e-05,1.1476130579988391e-05,1.765558550767445e-05,1.765558550767445e-05,2.7162439242576073e-05,5.625860740567357e-07,2.7162439242576073e-05,4.178836806550165e-05,4.178836806550165e-05,6.428979702384869e-05,6.428979702384869e-05,9.890738003669029e-05,9.890738003669029e-05,9.890738003669029e-05,9.890738003669029e-05,8.655170370103625e-07,8.655170370103625e-07,1.3315646723236346e-06,1.3315646723236346e-06,2.048561034344053e-06,2.048561034344053e-06,3.1516323605293127e-06,5608,
,,,8,,,,,,,,,,,,,,,,,,,,,,,,,,,,,5609,0.009289352223277092
,,,8,,,,,,,,,,,,,,,,,,,,,,,,,,,,,5619,0.14146549999713898
,,,8,,,,,,,,,,,,,,,,,,,,,,,,,,,,,5629,0.013843035325407982
,,,8,,,,,,,,,,,,,,,,,,,,,,,,,,,,,5639,0.015596690587699413
,,,8,,,,,,,,,,,,,,,,,,,,,,,,,,,,,5649,0.009377912618219852
,,,8,,,,,,,,,,,,,,,,,,,,,,,,,,,,,5659,0.0018312725005671382
,,,8,,,,,,,,,,,,,,,,,,,,,,,,,,,,,5669,0.013939865864813328
,,,8,,,,,,,,,,,,,,,,,,,,,,,,,,,,,5679,0.01932891085743904
,,,8,,,,,,,,,,,,,,,,,,,,,,,,,,,,,5689,0.005289292894303799
,,,8,,,,,,,,,,,,,,,,,,,,,,,,,,,,,5699,0.002493550768122077
,,,8,,,,,,,,,,,,,,,,,,,,,,,,,,,,,5709,0.05556942895054817
,,,8,,,,,,,,,,,,,,,,,,,,,,,,,,,,,5719,0.04125942662358284
,,,8,,,,,,,,,,,,,,,,,,,,,,,,,,,,,5729,0.2883242964744568
,,,8,,,,,,,,,,,,,,,,,,,,,,,,,,,,,5739,0.004920219071209431
,,,8,,,,,,,,,,,,,,,,,,,,,,,,,,,,,5749,0.41318345069885254
,,,8,,,,,,,,,,,,,,,,,,,,,,,,,,,,,5759,0.0034896109718829393
,,,8,,,,,,,,,,,,,,,,,,,,,,,,,,,,,5769,0.009110493585467339
,,,8,,,,,,,,,,,,,,,,,,,,,,,,,,,,,5779,0.20619018375873566
,,,8,,,,,,,,,,,,,,,,,,,,,,,,,,,,,5789,0.007267337292432785
,,,8,,,,,,,,,,,,,,,,,,,,,,,,,,,,,5799,0.005775745492428541
,,,8,,,,,,,,,,,,,,,,,,,,,,,,,,,,,5809,0.8900271058082581
,,,8,,,,,,,,,,,,,,,,,,,,,,,,,,,,,5819,0.46600523591041565
,,,8,,,,,,,,,,,,,,,,,,,,,,,,,,,,,5829,0.013572128489613533
,,,8,,,,,,,,,,,,,,,,,,,,,,,,,,,,,5839,0.12974247336387634
,,,8,,,,,,,,,,,,,,,,,,,,,,,,,,,,,5849,0.01080181635916233
,,,8,,,,,,,,,,,,,,,,,,,,,,,,,,,,,5859,0.002493630163371563
,,,8,,,,,,,,,,,,,,,,,,,,,,,,,,,,,5869,0.002872060751542449
,,,8,,,,,,,,,,,,,,,,,,,,,,,,,,,,,5879,0.10084464401006699
,,,8,,,,,,,,,,,,,,,,,,,,,,,,,,,,,5889,0.0036719783674925566
,,,8,,,,,,,,,,,,,,,,,,,,,,,,,,,,,5899,0.35830748081207275
,,,8,,,,,,,,,,,,,,,,,,,,,,,,,,,,,5909,0.007062990218400955
,,,8,,,,,,,,,,,,,,,,,,,,,,,,,,,,,5919,0.0169928390532732
,,,8,,,,,,,,,,,,,,,,,,,,,,,,,,,,,5929,0.06417292356491089
,,,8,,,,,,,,,,,,,,,,,,,,,,,,,,,,,5939,0.010403787717223167
,,,8,,,,,,,,,,,,,,,,,,,,,,,,,,,,,5949,0.03744952008128166
,,,8,,,,,,,,,,,,,,,,,,,,,,,,,,,,,5959,0.07428817451000214
,,,8,,,,,,,,,,,,,,,,,,,,,,,,,,,,,5969,0.0050834971480071545
,,,8,,,,,,,,,,,,,,,,,,,,,,,,,,,,,5979,0.01867780275642872
,,,8,,,,,,,,,,,,,,,,,,,,,,,,,,,,,5989,0.08309921622276306
,,,8,,,,,,,,,,,,,,,,,,,,,,,,,,,,,5999,0.0038297974970191717
,,,8,,,,,,,,,,,,,,,,,,,,,,,,,,,,,6009,1.2543785572052002
,,,8,,,,,,,,,,,,,,,,,,,,,,,,,,,,,6019,0.021701529622077942
,,,8,,,,,,,,,,,,,,,,,,,,,,,,,,,,,6029,0.01730530522763729
,,,8,,,,,,,,,,,,,,,,,,,,,,,,,,,,,6039,0.32467716932296753
,,,8,,,,,,,,,,,,,,,,,,,,,,,,,,,,,6049,0.14644679427146912
,,,8,,,,,,,,,,,,,,,,,,,,,,,,,,,,,6059,0.021644962951540947
,,,8,,,,,,,,,,,,,,,,,,,,,,,,,,,,,6069,0.007804590277373791
,,,8,,,,,,,,,,,,,,,,,,,,,,,,,,,,,6079,0.021590881049633026
,,,8,,,,,,,,,,,,,,,,,,,,,,,,,,,,,6089,0.004517280496656895
,,,8,,,,,,,,,,,,,,,,,,,,,,,,,,,,,6099,0.005373798776417971
,,,8,,,,,,,,,,,,,,,,,,,,,,,,,,,,,6109,0.012105326168239117
,,,8,,,,,,,,,,,,,,,,,,,,,,,,,,,,,6119,0.005703556351363659
,,,8,,,,,,,,,,,,,,,,,,,,,,,,,,,,,6129,0.013808121904730797
,,,8,,,,,,,,,,,,,,,,,,,,,,,,,,,,,6139,0.0024945565965026617
,,,8,,,,,,,,,,,,,,,,,,,,,,,,,,,,,6149,0.010642089881002903
,,,8,,,,,,,,,,,,,,,,,,,,,,,,,,,,,6159,0.0031833089888095856
,,,8,,,,,,,,,,,,,,,,,,,,,,,,,,,,,6169,0.06459841132164001
,,,8,,,,,,,,,,,,,,,,,,,,,,,,,,,,,6179,0.23626410961151123
,,,8,,,,,,,,,,,,,,,,,,,,,,,,,,,,,6189,0.061003077775239944
,,,8,,,,,,,,,,,,,,,,,,,,,,,,,,,,,6199,1.342152714729309
,,,8,,,,,,,,,,,,,,,,,,,,,,,,,,,,,6209,0.08838437497615814
,,,8,,,,,,,,,,,,,,,,,,,,,,,,,,,,,6219,0.17366446554660797
,,,8,,,,,,,,,,,,,,,,,,,,,,,,,,,,,6229,0.008813987486064434
,,,8,,,,,,,,,,,,,,,,,,,,,,,,,,,,,6239,0.048648618161678314
,,,8,,,,,,,,,,,,,,,,,,,,,,,,,,,,,6249,0.005366601515561342
,,,8,,,,,,,,,,,,,,,,,,,,,,,,,,,,,6259,0.00885587278753519
,,,8,,,,,,,,,,,,,,,,,,,,,,,,,,,,,6269,0.010766206309199333
,,,8,,,,,,,,,,,,,,,,,,,,,,,,,,,,,6279,0.00569516234099865
,,,8,,,,,,,,,,,,,,,,,,,,,,,,,,,,,6289,0.013441539369523525
,,,8,,,,,,,,,,,,,,,,,,,,,,,,,,,,,6299,0.0543978214263916
,,,,5.577837150809623e-07,3.1247293306590787e-06,4.807275893321659e-06,4.807275893321659e-06,7.395809066648706e-06,7.395809066648706e-06,1.1378167794844163e-05,1.1378167794844163e-05,1.750487353052948e-05,1.750487353052948e-05,2.6930574662353044e-05,5.577837150809623e-07,2.6930574662353044e-05,4.143165332669699e-05,4.143165332669699e-05,6.374100511799537e-05,6.374100511799537e-05,9.806308479691595e-05,9.806308479691595e-05,9.806308479691595e-05,9.806308479691595e-05,8.581287924322494e-07,8.581287924322494e-07,1.3201981422034608e-06,1.3201981422034608e-06,2.031074064928401e-06,2.031074064928401e-06,3.1247293306590787e-06,6309,
,,,9,,,,,,,,,,,,,,,,,,,,,,,,,,,,,6309,0.005596594884991646
,,,9,,,,,,,,,,,,,,,,,,,,,,,,,,,,,6319,0.38428929448127747
,,,9,,,,,,,,,,,,,,,,,,,,,,,,,,,,,6329,0.006438623648136854
,,,9,,,,,,,,,,,,,,,,,,,,,,,,,,,,,6339,0.02914186753332615
,,,9,,,,,,,,,,,,,,,,,,,,,,,,,,,,,6349,0.0060027469880878925
,,,9,,,,,,,,,,,,,,,,,,,,,,,,,,,,,6359,0.015305357053875923
,,,9,,,,,,,,,,,,,,,,,,,,,,,,,,,,,6369,0.01188264787197113
,,,9,,,,,,,,,,,,,,,,,,,,,,,,,,,,,6379,0.7786304950714111
,,,9,,,,,,,,,,,,,,,,,,,,,,,,,,,,,6389,0.13407129049301147
,,,9,,,,,,,,,,,,,,,,,,,,,,,,,,,,,6399,0.0026796471793204546
,,,9,,,,,,,,,,,,,,,,,,,,,,,,,,,,,6409,0.009018228389322758
,,,9,,,,,,,,,,,,,,,,,,,,,,,,,,,,,6419,0.13878828287124634
,,,9,,,,,,,,,,,,,,,,,,,,,,,,,,,,,6429,0.7662484645843506
,,,9,,,,,,,,,,,,,,,,,,,,,,,,,,,,,6439,0.11701877415180206
,,,9,,,,,,,,,,,,,,,,,,,,,,,,,,,,,6449,0.004074507392942905
,,,9,,,,,,,,,,,,,,,,,,,,,,,,,,,,,6459,0.011814644560217857
,,,9,,,,,,,,,,,,,,,,,,,,,,,,,,,,,6469,0.19207386672496796
,,,9,,,,,,,,,,,,,,,,,,,,,,,,,,,,,6479,0.0064905607141554356
,,,9,,,,,,,,,,,,,,,,,,,,,,,,,,,,,6489,0.10876449942588806
,,,9,,,,,,,,,,,,,,,,,,,,,,,,,,,,,6499,0.14664214849472046
,,,9,,,,,,,,,,,,,,,,,,,,,,,,,,,,,6509,0.22474966943264008
,,,9,,,,,,,,,,,,,,,,,,,,,,,,,,,,,6519,0.015537232160568237
,,,9,,,,,,,,,,,,,,,,,,,,,,,,,,,,,6529,0.0022616046480834484
,,,9,,,,,,,,,,,,,,,,,,,,,,,,,,,,,6539,0.11131668835878372
,,,9,,,,,,,,,,,,,,,,,,,,,,,,,,,,,6549,0.0030643853824585676
,,,9,,,,,,,,,,,,,,,,,,,,,,,,,,,,,6559,1.3374667167663574
,,,9,,,,,,,,,,,,,,,,,,,,,,,,,,,,,6569,0.007589763030409813
,,,9,,,,,,,,,,,,,,,,,,,,,,,,,,,,,6579,0.01201250683516264
,,,9,,,,,,,,,,,,,,,,,,,,,,,,,,,,,6589,0.012094582431018353
,,,9,,,,,,,,,,,,,,,,,,,,,,,,,,,,,6599,0.17927484214305878
,,,9,,,,,,,,,,,,,,,,,,,,,,,,,,,,,6609,0.04418583959341049
,,,9,,,,,,,,,,,,,,,,,,,,,,,,,,,,,6619,0.2058320790529251
,,,9,,,,,,,,,,,,,,,,,,,,,,,,,,,,,6629,0.19913943111896515
,,,9,,,,,,,,,,,,,,,,,,,,,,,,,,,,,6639,0.014691025018692017
,,,9,,,,,,,,,,,,,,,,,,,,,,,,,,,,,6649,0.0045074764639139175
,,,9,,,,,,,,,,,,,,,,,,,,,,,,,,,,,6659,0.021485716104507446
,,,9,,,,,,,,,,,,,,,,,,,,,,,,,,,,,6669,0.0076498487032949924
,,,9,,,,,,,,,,,,,,,,,,,,,,,,,,,,,6679,0.004922505933791399
,,,9,,,,,,,,,,,,,,,,,,,,,,,,,,,,,6689,0.0029783211648464203
,,,9,,,,,,,,,,,,,,,,,,,,,,,,,,,,,6699,0.003946288023144007
,,,9,,,,,,,,,,,,,,,,,,,,,,,,,,,,,6709,0.01435007806867361
,,,9,,,,,,,,,,,,,,,,,,,,,,,,,,,,,6719,0.009240797720849514
,,,9,,,,,,,,,,,,,,,,,,,,,,,,,,,,,6729,0.12306146323680878
,,,9,,,,,,,,,,,,,,,,,,,,,,,,,,,,,6739,0.2273896187543869
,,,9,,,,,,,,,,,,,,,,,,,,,,,,,,,,,6749,0.5627573728561401
,,,9,,,,,,,,,,,,,,,,,,,,,,,,,,,,,6759,0.0492323637008667
,,,9,,,,,,,,,,,,,,,,,,,,,,,,,,,,,6769,0.012594488449394703
,,,9,,,,,,,,,,,,,,,,,,,,,,,,,,,,,6779,0.005080898758023977
,,,9,,,,,,,,,,,,,,,,,,,,,,,,,,,,,6789,0.13501136004924774
,,,9,,,,,,,,,,,,,,,,,,,,,,,,,,,,,6799,0.5568172335624695
,,,9,,,,,,,,,,,,,,,,,,,,,,,,,,,,,6809,0.004933453164994717
,,,9,,,,,,,,,,,,,,,,,,,,,,,,,,,,,6819,0.004399724770337343
,,,9,,,,,,,,,,,,,,,,,,,,,,,,,,,,,6829,0.21038183569908142
,,,9,,,,,,,,,,,,,,,,,,,,,,,,,,,,,6839,0.017962796613574028
,,,9,,,,,,,,,,,,,,,,,,,,,,,,,,,,,6849,0.06820878386497498
,,,9,,,,,,,,,,,,,,,,,,,,,,,,,,,,,6859,0.004069034475833178
,,,9,,,,,,,,,,,,,,,,,,,,,,,,,,,,,6869,0.17215596139431
,,,9,,,,,,,,,,,,,,,,,,,,,,,,,,,,,6879,0.02819131687283516
,,,9,,,,,,,,,,,,,,,,,,,,,,,,,,,,,6889,0.1288629025220871
,,,9,,,,,,,,,,,,,,,,,,,,,,,,,,,,,6899,0.2490299940109253
,,,9,,,,,,,,,,,,,,,,,,,,,,,,,,,,,6909,0.0062177544459700584
,,,9,,,,,,,,,,,,,,,,,,,,,,,,,,,,,6919,0.3806758522987366
,,,9,,,,,,,,,,,,,,,,,,,,,,,,,,,,,6929,0.09387174993753433
,,,9,,,,,,,,,,,,,,,,,,,,,,,,,,,,,6939,0.006452600006014109
,,,9,,,,,,,,,,,,,,,,,,,,,,,,,,,,,6949,0.36839067935943604
,,,9,,,,,,,,,,,,,,,,,,,,,,,,,,,,,6959,0.16782647371292114
,,,9,,,,,,,,,,,,,,,,,,,,,,,,,,,,,6969,1.0060518980026245
,,,9,,,,,,,,,,,,,,,,,,,,,,,,,,,,,6979,0.022948136553168297
,,,9,,,,,,,,,,,,,,,,,,,,,,,,,,,,,6989,0.008292091079056263
,,,9,,,,,,,,,,,,,,,,,,,,,,,,,,,,,6999,0.018434908241033554
,,,9,,,,,,,,,,,,,,,,,,,,,,,,,,,,,7009,0.29555678367614746
0.8635953068733215,0.810169517993927,0.924564778804779,9,,,,,,,,,,,,,,,,,,,,,,,,,,,,,7009,
,,,,5.516494603334762e-07,3.0903649610782603e-06,4.7544076324280925e-06,4.7544076324280925e-06,7.314473280658603e-06,7.314473280658603e-06,1.125303581639785e-05,1.125303581639785e-05,1.7312362794458232e-05,1.7312362794458232e-05,2.663440429916651e-05,5.516494603334762e-07,2.663440429916651e-05,4.097600661410232e-05,4.097600661410232e-05,6.304001017554203e-05,6.304001017554203e-05,9.698463103929542e-05,9.698463103929542e-05,9.698463103929542e-05,9.698463103929542e-05,8.486914774361172e-07,8.486914774361172e-07,1.3056791960555651e-06,1.3056791960555651e-06,2.0087372247008692e-06,2.0087372247008692e-06,3.0903649610782603e-06,7010,
,,,10,,,,,,,,,,,,,,,,,,,,,,,,,,,,,7019,0.009627855382859707
,,,10,,,,,,,,,,,,,,,,,,,,,,,,,,,,,7029,0.01069343276321888
,,,10,,,,,,,,,,,,,,,,,,,,,,,,,,,,,7039,0.001754936296492815
,,,10,,,,,,,,,,,,,,,,,,,,,,,,,,,,,7049,1.3927440643310547
,,,10,,,,,,,,,,,,,,,,,,,,,,,,,,,,,7059,0.006451874505728483
,,,10,,,,,,,,,,,,,,,,,,,,,,,,,,,,,7069,0.08058031648397446
,,,10,,,,,,,,,,,,,,,,,,,,,,,,,,,,,7079,0.059489600360393524
,,,10,,,,,,,,,,,,,,,,,,,,,,,,,,,,,7089,0.0044654360972344875
,,,10,,,,,,,,,,,,,,,,,,,,,,,,,,,,,7099,0.006160632241517305
,,,10,,,,,,,,,,,,,,,,,,,,,,,,,,,,,7109,0.017898116260766983
,,,10,,,,,,,,,,,,,,,,,,,,,,,,,,,,,7119,0.507933497428894
,,,10,,,,,,,,,,,,,,,,,,,,,,,,,,,,,7129,0.002706587314605713
,,,10,,,,,,,,,,,,,,,,,,,,,,,,,,,,,7139,0.017643682658672333
,,,10,,,,,,,,,,,,,,,,,,,,,,,,,,,,,7149,0.01747075654566288
,,,10,,,,,,,,,,,,,,,,,,,,,,,,,,,,,7159,0.027362622320652008
,,,10,,,,,,,,,,,,,,,,,,,,,,,,,,,,,7169,0.004949368070811033
,,,10,,,,,,,,,,,,,,,,,,,,,,,,,,,,,7179,0.002639246406033635
,,,10,,,,,,,,,,,,,,,,,,,,,,,,,,,,,7189,0.06876201927661896
,,,10,,,,,,,,,,,,,,,,,,,,,,,,,,,,,7199,0.004824692849069834
,,,10,,,,,,,,,,,,,,,,,,,,,,,,,,,,,7209,0.027242884039878845
,,,10,,,,,,,,,,,,,,,,,,,,,,,,,,,,,7219,0.0026465749833732843
,,,10,,,,,,,,,,,,,,,,,,,,,,,,,,,,,7229,0.031473610550165176
,,,10,,,,,,,,,,,,,,,,,,,,,,,,,,,,,7239,0.0063277375884354115
,,,10,,,,,,,,,,,,,,,,,,,,,,,,,,,,,7249,0.020015692338347435
,,,10,,,,,,,,,,,,,,,,,,,,,,,,,,,,,7259,0.0038525937125086784
,,,10,,,,,,,,,,,,,,,,,,,,,,,,,,,,,7269,0.05369780585169792
,,,10,,,,,,,,,,,,,,,,,,,,,,,,,,,,,7279,0.16110548377037048
,,,10,,,,,,,,,,,,,,,,,,,,,,,,,,,,,7289,0.005082353483885527
,,,10,,,,,,,,,,,,,,,,,,,,,,,,,,,,,7299,0.01736515201628208
,,,10,,,,,,,,,,,,,,,,,,,,,,,,,,,,,7309,0.019071416929364204
,,,10,,,,,,,,,,,,,,,,,,,,,,,,,,,,,7319,0.023962806910276413
,,,10,,,,,,,,,,,,,,,,,,,,,,,,,,,,,7329,0.7730057835578918
,,,10,,,,,,,,,,,,,,,,,,,,,,,,,,,,,7339,0.00795460119843483
,,,10,,,,,,,,,,,,,,,,,,,,,,,,,,,,,7349,0.005478348582983017
,,,10,,,,,,,,,,,,,,,,,,,,,,,,,,,,,7359,0.009014599956572056
,,,10,,,,,,,,,,,,,,,,,,,,,,,,,,,,,7369,0.001161957043223083
,,,10,,,,,,,,,,,,,,,,,,,,,,,,,,,,,7379,0.015870796516537666
,,,10,,,,,,,,,,,,,,,,,,,,,,,,,,,,,7389,0.011735009029507637
,,,10,,,,,,,,,,,,,,,,,,,,,,,,,,,,,7399,0.1749538779258728
,,,10,,,,,,,,,,,,,,,,,,,,,,,,,,,,,7409,0.4624275267124176
,,,10,,,,,,,,,,,,,,,,,,,,,,,,,,,,,7419,0.009692022576928139
,,,10,,,,,,,,,,,,,,,,,,,,,,,,,,,,,7429,0.0039789811708033085
,,,10,,,,,,,,,,,,,,,,,,,,,,,,,,,,,7439,0.0038652641233056784
,,,10,,,,,,,,,,,,,,,,,,,,,,,,,,,,,7449,0.48156607151031494
,,,10,,,,,,,,,,,,,,,,,,,,,,,,,,,,,7459,0.008687610737979412
,,,10,,,,,,,,,,,,,,,,,,,,,,,,,,,,,7469,0.007331719622015953
,,,10,,,,,,,,,,,,,,,,,,,,,,,,,,,,,7479,0.0019756057299673557
,,,10,,,,,,,,,,,,,,,,,,,,,,,,,,,,,7489,0.5699678063392639
,,,10,,,,,,,,,,,,,,,,,,,,,,,,,,,,,7499,0.5286684036254883
,,,10,,,,,,,,,,,,,,,,,,,,,,,,,,,,,7509,0.00862879864871502
,,,10,,,,,,,,,,,,,,,,,,,,,,,,,,,,,7519,0.007618539035320282
,,,10,,,,,,,,,,,,,,,,,,,,,,,,,,,,,7529,0.033874958753585815
,,,10,,,,,,,,,,,,,,,,,,,,,,,,,,,,,7539,0.0031630643643438816
,,,10,,,,,,,,,,,,,,,,,,,,,,,,,,,,,7549,0.002837055129930377
,,,10,,,,,,,,,,,,,,,,,,,,,,,,,,,,,7559,0.017391012981534004
,,,10,,,,,,,,,,,,,,,,,,,,,,,,,,,,,7569,0.005730391480028629
,,,10,,,,,,,,,,,,,,,,,,,,,,,,,,,,,7579,0.008338498882949352
,,,10,,,,,,,,,,,,,,,,,,,,,,,,,,,,,7589,0.014074940234422684
,,,10,,,,,,,,,,,,,,,,,,,,,,,,,,,,,7599,0.24083518981933594
,,,10,,,,,,,,,,,,,,,,,,,,,,,,,,,,,7609,0.00493386946618557
,,,10,,,,,,,,,,,,,,,,,,,,,,,,,,,,,7619,0.010584135539829731
,,,10,,,,,,,,,,,,,,,,,,,,,,,,,,,,,7629,0.013637752272188663
,,,10,,,,,,,,,,,,,,,,,,,,,,,,,,,,,7639,0.007699369452893734
,,,10,,,,,,,,,,,,,,,,,,,,,,,,,,,,,7649,0.07582274824380875
,,,10,,,,,,,,,,,,,,,,,,,,,,,,,,,,,7659,0.3476303815841675
,,,10,,,,,,,,,,,,,,,,,,,,,,,,,,,,,7669,0.02159578539431095
,,,10,,,,,,,,,,,,,,,,,,,,,,,,,,,,,7679,0.11998966336250305
,,,10,,,,,,,,,,,,,,,,,,,,,,,,,,,,,7689,0.00499199703335762
,,,10,,,,,,,,,,,,,,,,,,,,,,,,,,,,,7699,0.0030854877550154924
,,,10,,,,,,,,,,,,,,,,,,,,,,,,,,,,,7709,0.0034736450761556625
,,,,5.442131952867944e-07,3.0487066715411608e-06,4.69031795621717e-06,4.69031795621717e-06,7.215873778795645e-06,7.215873778795645e-06,1.1101344275070223e-05,1.1101344275070223e-05,1.7078991192415727e-05,1.7078991192415727e-05,2.6275371065254964e-05,5.442131952867944e-07,2.6275371065254964e-05,4.042364779269994e-05,4.042364779269994e-05,6.219022737338454e-05,6.219022737338454e-05,9.567727288213005e-05,9.567727288213005e-05,9.567727288213005e-05,9.567727288213005e-05,8.372510696719912e-07,8.372510696719912e-07,1.2880785687261406e-06,1.2880785687261406e-06,1.9816593365017543e-06,1.9816593365017543e-06,3.0487066715411608e-06,7711,
,,,11,,,,,,,,,,,,,,,,,,,,,,,,,,,,,7719,0.012974183075129986
,,,11,,,,,,,,,,,,,,,,,,,,,,,,,,,,,7729,0.7516147494316101
,,,11,,,,,,,,,,,,,,,,,,,,,,,,,,,,,7739,0.017038831487298012
,,,11,,,,,,,,,,,,,,,,,,,,,,,,,,,,,7749,0.01427121926099062
,,,11,,,,,,,,,,,,,,,,,,,,,,,,,,,,,7759,0.00361344451084733
,,,11,,,,,,,,,,,,,,,,,,,,,,,,,,,,,7769,0.00544469989836216
,,,11,,,,,,,,,,,,,,,,,,,,,,,,,,,,,7779,0.2255893051624298
,,,11,,,,,,,,,,,,,,,,,,,,,,,,,,,,,7789,0.04778129234910011
,,,11,,,,,,,,,,,,,,,,,,,,,,,,,,,,,7799,1.3881384134292603
,,,11,,,,,,,,,,,,,,,,,,,,,,,,,,,,,7809,0.012453792616724968
,,,11,,,,,,,,,,,,,,,,,,,,,,,,,,,,,7819,0.002755246590822935
,,,11,,,,,,,,,,,,,,,,,,,,,,,,,,,,,7829,0.0012678729835897684
,,,11,,,,,,,,,,,,,,,,,,,,,,,,,,,,,7839,0.0032607701141387224
,,,11,,,,,,,,,,,,,,,,,,,,,,,,,,,,,7849,0.0027725612744688988
,,,11,,,,,,,,,,,,,,,,,,,,,,,,,,,,,7859,0.015797942876815796
,,,11,,,,,,,,,,,,,,,,,,,,,,,,,,,,,7869,0.0033272174187004566
,,,11,,,,,,,,,,,,,,,,,,,,,,,,,,,,,7879,0.014295486733317375
,,,11,,,,,,,,,,,,,,,,,,,,,,,,,,,,,7889,0.4186146855354309
,,,11,,,,,,,,,,,,,,,,,,,,,,,,,,,,,7899,0.03613575920462608
,,,11,,,,,,,,,,,,,,,,,,,,,,,,,,,,,7909,0.01347626093775034
,,,11,,,,,,,,,,,,,,,,,,,,,,,,,,,,,7919,0.39484021067619324
,,,11,,,,,,,,,,,,,,,,,,,,,,,,,,,,,7929,0.0032653547823429108
,,,11,,,,,,,,,,,,,,,,,,,,,,,,,,,,,7939,0.08973784744739532
,,,11,,,,,,,,,,,,,,,,,,,,,,,,,,,,,7949,0.0024304487742483616
,,,11,,,,,,,,,,,,,,,,,,,,,,,,,,,,,7959,0.0018994706915691495
,,,11,,,,,,,,,,,,,,,,,,,,,,,,,,,,,7969,0.005239685531705618
,,,11,,,,,,,,,,,,,,,,,,,,,,,,,,,,,7979,0.13781854510307312
,,,11,,,,,,,,,,,,,,,,,,,,,,,,,,,,,7989,0.003677220782265067
,,,11,,,,,,,,,,,,,,,,,,,,,,,,,,,,,7999,0.011365314014256
,,,11,,,,,,,,,,,,,,,,,,,,,,,,,,,,,8009,0.31682753562927246
,,,11,,,,,,,,,,,,,,,,,,,,,,,,,,,,,8019,0.0012194081209599972
,,,11,,,,,,,,,,,,,,,,,,,,,,,,,,,,,8029,0.019677268341183662
,,,11,,,,,,,,,,,,,,,,,,,,,,,,,,,,,8039,0.24892504513263702
,,,11,,,,,,,,,,,,,,,,,,,,,,,,,,,,,8049,0.00484514981508255
,,,11,,,,,,,,,,,,,,,,,,,,,,,,,,,,,8059,0.012782531790435314
,,,11,,,,,,,,,,,,,,,,,,,,,,,,,,,,,8069,0.0029039098881185055
,,,11,,,,,,,,,,,,,,,,,,,,,,,,,,,,,8079,0.010070357471704483
,,,11,,,,,,,,,,,,,,,,,,,,,,,,,,,,,8089,0.023045683279633522
,,,11,,,,,,,,,,,,,,,,,,,,,,,,,,,,,8099,0.003755324287340045
,,,11,,,,,,,,,,,,,,,,,,,,,,,,,,,,,8109,0.05185147002339363
,,,11,,,,,,,,,,,,,,,,,,,,,,,,,,,,,8119,0.4840557277202606
,,,11,,,,,,,,,,,,,,,,,,,,,,,,,,,,,8129,0.6070894002914429
,,,11,,,,,,,,,,,,,,,,,,,,,,,,,,,,,8139,0.0033528306521475315
,,,11,,,,,,,,,,,,,,,,,,,,,,,,,,,,,8149,0.0017984135774895549
,,,11,,,,,,,,,,,,,,,,,,,,,,,,,,,,,8159,0.26293930411338806
,,,11,,,,,,,,,,,,,,,,,,,,,,,,,,,,,8169,0.005986243486404419
,,,11,,,,,,,,,,,,,,,,,,,,,,,,,,,,,8179,0.005333395674824715
,,,11,,,,,,,,,,,,,,,,,,,,,,,,,,,,,8189,0.029839331284165382
,,,11,,,,,,,,,,,,,,,,,,,,,,,,,,,,,8199,0.007954489439725876
,,,11,,,,,,,,,,,,,,,,,,,,,,,,,,,,,8209,0.004463300108909607
,,,11,,,,,,,,,,,,,,,,,,,,,,,,,,,,,8219,0.880829930305481
,,,11,,,,,,,,,,,,,,,,,,,,,,,,,,,,,8229,0.5798957347869873
,,,11,,,,,,,,,,,,,,,,,,,,,,,,,,,,,8239,0.006351114716380835
,,,11,,,,,,,,,,,,,,,,,,,,,,,,,,,,,8249,0.46248936653137207
,,,11,,,,,,,,,,,,,,,,,,,,,,,,,,,,,8259,0.00974072515964508
,,,11,,,,,,,,,,,,,,,,,,,,,,,,,,,,,8269,0.006441929843276739
,,,11,,,,,,,,,,,,,,,,,,,,,,,,,,,,,8279,0.0043251365423202515
,,,11,,,,,,,,,,,,,,,,,,,,,,,,,,,,,8289,0.0034511862322688103
,,,11,,,,,,,,,,,,,,,,,,,,,,,,,,,,,8299,0.0019406486535444856
,,,11,,,,,,,,,,,,,,,,,,,,,,,,,,,,,8309,0.10913404822349548
,,,11,,,,,,,,,,,,,,,,,,,,,,,,,,,,,8319,0.003175850259140134
,,,11,,,,,,,,,,,,,,,,,,,,,,,,,,,,,8329,0.01645568385720253
,,,11,,,,,,,,,,,,,,,,,,,,,,,,,,,,,8339,0.0016481822822242975
,,,11,,,,,,,,,,,,,,,,,,,,,,,,,,,,,8349,0.6026830077171326
,,,11,,,,,,,,,,,,,,,,,,,,,,,,,,,,,8359,0.01160934753715992
,,,11,,,,,,,,,,,,,,,,,,,,,,,,,,,,,8369,0.00732725253328681
,,,11,,,,,,,,,,,,,,,,,,,,,,,,,,,,,8379,0.007062612567096949
,,,11,,,,,,,,,,,,,,,,,,,,,,,,,,,,,8389,0.000677902193274349
,,,11,,,,,,,,,,,,,,,,,,,,,,,,,,,,,8399,0.03650163114070892
,,,11,,,,,,,,,,,,,,,,,,,,,,,,,,,,,8409,0.15101763606071472
,,,,5.355111486767334e-07,2.999957417046929e-06,4.615319103149121e-06,4.615319103149121e-06,7.100490927921724e-06,7.100490927921724e-06,1.0923832196802652e-05,1.0923832196802652e-05,1.6805895687388695e-05,1.6805895687388695e-05,2.5855224134444144e-05,5.355111486767334e-07,2.5855224134444144e-05,3.977726789914484e-05,3.977726789914484e-05,6.119579676791514e-05,6.119579676791514e-05,9.414737964294636e-05,9.414737964294636e-05,9.414737964294636e-05,9.414737964294636e-05,8.238633056565128e-07,8.238633056565128e-07,1.2674820087023274e-06,1.2674820087023274e-06,1.9499723210805035e-06,1.9499723210805035e-06,2.999957417046929e-06,8412,
,,,12,,,,,,,,,,,,,,,,,,,,,,,,,,,,,8419,0.004638415761291981
,,,12,,,,,,,,,,,,,,,,,,,,,,,,,,,,,8429,0.28543081879615784
,,,12,,,,,,,,,,,,,,,,,,,,,,,,,,,,,8439,0.022778797894716263
,,,12,,,,,,,,,,,,,,,,,,,,,,,,,,,,,8449,0.01318518165498972
,,,12,,,,,,,,,,,,,,,,,,,,,,,,,,,,,8459,0.16300736367702484
,,,12,,,,,,,,,,,,,,,,,,,,,,,,,,,,,8469,0.08942830562591553
,,,12,,,,,,,,,,,,,,,,,,,,,,,,,,,,,8479,0.0014641500310972333
,,,12,,,,,,,,,,,,,,,,,,,,,,,,,,,,,8489,0.002776278415694833
,,,12,,,,,,,,,,,,,,,,,,,,,,,,,,,,,8499,0.022594379261136055
,,,12,,,,,,,,,,,,,,,,,,,,,,,,,,,,,8509,0.00715754134580493
,,,12,,,,,,,,,,,,,,,,,,,,,,,,,,,,,8519,0.04066520929336548
,,,12,,,,,,,,,,,,,,,,,,,,,,,,,,,,,8529,0.003827346721664071
,,,12,,,,,,,,,,,,,,,,,,,,,,,,,,,,,8539,0.07960058748722076
,,,12,,,,,,,,,,,,,,,,,,,,,,,,,,,,,8549,0.004395350348204374
,,,12,,,,,,,,,,,,,,,,,,,,,,,,,,,,,8559,0.08074657618999481
,,,12,,,,,,,,,,,,,,,,,,,,,,,,,,,,,8569,0.0036291340366005898
,,,12,,,,,,,,,,,,,,,,,,,,,,,,,,,,,8579,0.002814865903928876
,,,12,,,,,,,,,,,,,,,,,,,,,,,,,,,,,8589,0.006369623355567455
,,,12,,,,,,,,,,,,,,,,,,,,,,,,,,,,,8599,0.020383309572935104
,,,12,,,,,,,,,,,,,,,,,,,,,,,,,,,,,8609,0.20843692123889923
,,,12,,,,,,,,,,,,,,,,,,,,,,,,,,,,,8619,0.0010595015482977033
,,,12,,,,,,,,,,,,,,,,,,,,,,,,,,,,,8629,0.06174056977033615
,,,12,,,,,,,,,,,,,,,,,,,,,,,,,,,,,8639,0.11661146581172943
,,,12,,,,,,,,,,,,,,,,,,,,,,,,,,,,,8649,0.005422809161245823
,,,12,,,,,,,,,,,,,,,,,,,,,,,,,,,,,8659,1.8062896728515625
,,,12,,,,,,,,,,,,,,,,,,,,,,,,,,,,,8669,0.3850836455821991
,,,12,,,,,,,,,,,,,,,,,,,,,,,,,,,,,8679,0.0027543930336833
,,,12,,,,,,,,,,,,,,,,,,,,,,,,,,,,,8689,0.009248662739992142
,,,12,,,,,,,,,,,,,,,,,,,,,,,,,,,,,8699,0.01780395768582821
,,,12,,,,,,,,,,,,,,,,,,,,,,,,,,,,,8709,0.01767894998192787
,,,12,,,,,,,,,,,,,,,,,,,,,,,,,,,,,8719,1.0031479597091675
,,,12,,,,,,,,,,,,,,,,,,,,,,,,,,,,,8729,0.011296276934444904
,,,12,,,,,,,,,,,,,,,,,,,,,,,,,,,,,8739,0.004079530946910381
,,,12,,,,,,,,,,,,,,,,,,,,,,,,,,,,,8749,0.019636111333966255
,,,12,,,,,,,,,,,,,,,,,,,,,,,,,,,,,8759,0.03582330793142319
,,,12,,,,,,,,,,,,,,,,,,,,,,,,,,,,,8769,0.004247406963258982
,,,12,,,,,,,,,,,,,,,,,,,,,,,,,,,,,8779,0.006001649424433708
,,,12,,,,,,,,,,,,,,,,,,,,,,,,,,,,,8789,0.0034061637707054615
,,,12,,,,,,,,,,,,,,,,,,,,,,,,,,,,,8799,0.006501857191324234
,,,12,,,,,,,,,,,,,,,,,,,,,,,,,,,,,8809,0.005931900814175606
,,,12,,,,,,,,,,,,,,,,,,,,,,,,,,,,,8819,0.031671904027462006
,,,12,,,,,,,,,,,,,,,,,,,,,,,,,,,,,8829,0.02597246691584587
,,,12,,,,,,,,,,,,,,,,,,,,,,,,,,,,,8839,0.008719611912965775
,,,12,,,,,,,,,,,,,,,,,,,,,,,,,,,,,8849,0.24973247945308685
,,,12,,,,,,,,,,,,,,,,,,,,,,,,,,,,,8859,0.005385625641793013
,,,12,,,,,,,,,,,,,,,,,,,,,,,,,,,,,8869,0.008249138481914997
,,,12,,,,,,,,,,,,,,,,,,,,,,,,,,,,,8879,0.10661209374666214
,,,12,,,,,,,,,,,,,,,,,,,,,,,,,,,,,8889,0.008909670636057854
,,,12,,,,,,,,,,,,,,,,,,,,,,,,,,,,,8899,0.005933933425694704
,,,12,,,,,,,,,,,,,,,,,,,,,,,,,,,,,8909,0.002088061301037669
,,,12,,,,,,,,,,,,,,,,,,,,,,,,,,,,,8919,0.005899255629628897
,,,12,,,,,,,,,,,,,,,,,,,,,,,,,,,,,8929,0.5571795701980591
,,,12,,,,,,,,,,,,,,,,,,,,,,,,,,,,,8939,0.08090214431285858
,,,12,,,,,,,,,,,,,,,,,,,,,,,,,,,,,8949,0.01503510307520628
,,,12,,,,,,,,,,,,,,,,,,,,,,,,,,,,,8959,0.00780832814052701
,,,12,,,,,,,,,,,,,,,,,,,,,,,,,,,,,8969,0.0022700317203998566
,,,12,,,,,,,,,,,,,,,,,,,,,,,,,,,,,8979,0.005838792771100998
,,,12,,,,,,,,,,,,,,,,,,,,,,,,,,,,,8989,0.023825258016586304
,,,12,,,,,,,,,,,,,,,,,,,,,,,,,,,,,8999,0.004995519295334816
,,,12,,,,,,,,,,,,,,,,,,,,,,,,,,,,,9009,0.04120280593633652
,,,12,,,,,,,,,,,,,,,,,,,,,,,,,,,,,9019,0.02784433402121067
,,,12,,,,,,,,,,,,,,,,,,,,,,,,,,,,,9029,0.12052520364522934
,,,12,,,,,,,,,,,,,,,,,,,,,,,,,,,,,9039,0.014440466649830341
,,,12,,,,,,,,,,,,,,,,,,,,,,,,,,,,,9049,0.017434436827898026
,,,12,,,,,,,,,,,,,,,,,,,,,,,,,,,,,9059,0.009512397460639477
,,,12,,,,,,,,,,,,,,,,,,,,,,,,,,,,,9069,0.002220290945842862
,,,12,,,,,,,,,,,,,,,,,,,,,,,,,,,,,9079,0.05701187252998352
,,,12,,,,,,,,,,,,,,,,,,,,,,,,,,,,,9089,0.007780394982546568
,,,12,,,,,,,,,,,,,,,,,,,,,,,,,,,,,9099,0.0065668667666614056
,,,12,,,,,,,,,,,,,,,,,,,,,,,,,,,,,9109,0.0060570198111236095
,,,,5.255857159996507e-07,2.9443546990632016e-06,4.529776460097233e-06,4.529776460097233e-06,6.96888686168805e-06,6.96888686168805e-06,1.0721364402597e-05,1.0721364402597e-05,1.649440677322615e-05,1.649440677322615e-05,2.5376010420347926e-05,5.255857159996507e-07,2.5376010420347926e-05,3.90400160313045e-05,3.90400160313045e-05,6.006156312508385e-05,6.006156312508385e-05,9.24024048078213e-05,9.24024048078213e-05,9.24024048078213e-05,9.24024048078213e-05,8.085934092302317e-07,8.085934092302317e-07,1.2439898603542026e-06,1.2439898603542026e-06,1.913830554391081e-06,1.913830554391081e-06,2.9443546990632016e-06,9113,
,,,13,,,,,,,,,,,,,,,,,,,,,,,,,,,,,9119,0.008998113684356213
,,,13,,,,,,,,,,,,,,,,,,,,,,,,,,,,,9129,0.010319276712834835
,,,13,,,,,,,,,,,,,,,,,,,,,,,,,,,,,9139,0.011078085750341415
,,,13,,,,,,,,,,,,,,,,,,,,,,,,,,,,,9149,0.8368047475814819
,,,13,,,,,,,,,,,,,,,,,,,,,,,,,,,,,9159,0.0030812702607363462
,,,13,,,,,,,,,,,,,,,,,,,,,,,,,,,,,9169,0.17968867719173431
,,,13,,,,,,,,,,,,,,,,,,,,,,,,,,,,,9179,0.07304900884628296
,,,13,,,,,,,,,,,,,,,,,,,,,,,,,,,,,9189,0.11693134158849716
,,,13,,,,,,,,,,,,,,,,,,,,,,,,,,,,,9199,0.011879454366862774
,,,13,,,,,,,,,,,,,,,,,,,,,,,,,,,,,9209,0.1687997728586197
,,,13,,,,,,,,,,,,,,,,,,,,,,,,,,,,,9219,0.019916120916604996
,,,13,,,,,,,,,,,,,,,,,,,,,,,,,,,,,9229,0.015487666241824627
,,,13,,,,,,,,,,,,,,,,,,,,,,,,,,,,,9239,0.012382421642541885
,,,13,,,,,,,,,,,,,,,,,,,,,,,,,,,,,9249,0.012675058096647263
,,,13,,,,,,,,,,,,,,,,,,,,,,,,,,,,,9259,0.01853720098733902
,,,13,,,,,,,,,,,,,,,,,,,,,,,,,,,,,9269,0.002913710894063115
,,,13,,,,,,,,,,,,,,,,,,,,,,,,,,,,,9279,0.07182089984416962
,,,13,,,,,,,,,,,,,,,,,,,,,,,,,,,,,9289,0.0026602959260344505
,,,13,,,,,,,,,,,,,,,,,,,,,,,,,,,,,9299,0.003936117980629206
,,,13,,,,,,,,,,,,,,,,,,,,,,,,,,,,,9309,0.004521600902080536
,,,13,,,,,,,,,,,,,,,,,,,,,,,,,,,,,9319,0.002071462804451585
,,,13,,,,,,,,,,,,,,,,,,,,,,,,,,,,,9329,0.1131172627210617
,,,13,,,,,,,,,,,,,,,,,,,,,,,,,,,,,9339,0.0040153213776648045
,,,13,,,,,,,,,,,,,,,,,,,,,,,,,,,,,9349,0.0021044514141976833
,,,13,,,,,,,,,,,,,,,,,,,,,,,,,,,,,9359,0.0016454524593427777
,,,13,,,,,,,,,,,,,,,,,,,,,,,,,,,,,9369,0.001139881438575685
,,,13,,,,,,,,,,,,,,,,,,,,,,,,,,,,,9379,0.02168157510459423
,,,13,,,,,,,,,,,,,,,,,,,,,,,,,,,,,9389,0.04305025562644005
,,,13,,,,,,,,,,,,,,,,,,,,,,,,,,,,,9399,0.0018170473631471395
,,,13,,,,,,,,,,,,,,,,,,,,,,,,,,,,,9409,0.021702172234654427
,,,13,,,,,,,,,,,,,,,,,,,,,,,,,,,,,9419,0.015519369393587112
,,,13,,,,,,,,,,,,,,,,,,,,,,,,,,,,,9429,0.00956944189965725
,,,13,,,,,,,,,,,,,,,,,,,,,,,,,,,,,9439,0.004155922215431929
,,,13,,,,,,,,,,,,,,,,,,,,,,,,,,,,,9449,0.014232278801500797
,,,13,,,,,,,,,,,,,,,,,,,,,,,,,,,,,9459,0.06273233890533447
,,,13,,,,,,,,,,,,,,,,,,,,,,,,,,,,,9469,1.2855099439620972
,,,13,,,,,,,,,,,,,,,,,,,,,,,,,,,,,9479,0.0024792205076664686
,,,13,,,,,,,,,,,,,,,,,,,,,,,,,,,,,9489,0.0027216277085244656
,,,13,,,,,,,,,,,,,,,,,,,,,,,,,,,,,9499,0.11716143786907196
,,,13,,,,,,,,,,,,,,,,,,,,,,,,,,,,,9509,0.7481353878974915
,,,13,,,,,,,,,,,,,,,,,,,,,,,,,,,,,9519,0.006473548710346222
,,,13,,,,,,,,,,,,,,,,,,,,,,,,,,,,,9529,0.006250448524951935
,,,13,,,,,,,,,,,,,,,,,,,,,,,,,,,,,9539,0.8516539335250854
,,,13,,,,,,,,,,,,,,,,,,,,,,,,,,,,,9549,0.0008171300869435072
,,,13,,,,,,,,,,,,,,,,,,,,,,,,,,,,,9559,0.001384633593261242
,,,13,,,,,,,,,,,,,,,,,,,,,,,,,,,,,9569,0.01406923308968544
,,,13,,,,,,,,,,,,,,,,,,,,,,,,,,,,,9579,0.005240879487246275
,,,13,,,,,,,,,,,,,,,,,,,,,,,,,,,,,9589,0.08738407492637634
,,,13,,,,,,,,,,,,,,,,,,,,,,,,,,,,,9599,0.001761580933816731
,,,13,,,,,,,,,,,,,,,,,,,,,,,,,,,,,9609,0.07053406536579132
,,,13,,,,,,,,,,,,,,,,,,,,,,,,,,,,,9619,0.0016553545137867332
,,,13,,,,,,,,,,,,,,,,,,,,,,,,,,,,,9629,0.01427463162690401
,,,13,,,,,,,,,,,,,,,,,,,,,,,,,,,,,9639,0.012085389345884323
,,,13,,,,,,,,,,,,,,,,,,,,,,,,,,,,,9649,0.0015660510398447514
,,,13,,,,,,,,,,,,,,,,,,,,,,,,,,,,,9659,0.0037300873082131147
,,,13,,,,,,,,,,,,,,,,,,,,,,,,,,,,,9669,0.0038189447950571775
,,,13,,,,,,,,,,,,,,,,,,,,,,,,,,,,,9679,0.002387181855738163
,,,13,,,,,,,,,,,,,,,,,,,,,,,,,,,,,9689,0.05924711003899574
,,,13,,,,,,,,,,,,,,,,,,,,,,,,,,,,,9699,0.06483300775289536
,,,13,,,,,,,,,,,,,,,,,,,,,,,,,,,,,9709,0.0023435833863914013
,,,13,,,,,,,,,,,,,,,,,,,,,,,,,,,,,9719,0.5811924338340759
,,,13,,,,,,,,,,,,,,,,,,,,,,,,,,,,,9729,0.0017883852124214172
,,,13,,,,,,,,,,,,,,,,,,,,,,,,,,,,,9739,0.010442815721035004
,,,13,,,,,,,,,,,,,,,,,,,,,,,,,,,,,9749,0.016116859391331673
,,,13,,,,,,,,,,,,,,,,,,,,,,,,,,,,,9759,0.011776383966207504
,,,13,,,,,,,,,,,,,,,,,,,,,,,,,,,,,9769,0.6257025599479675
,,,13,,,,,,,,,,,,,,,,,,,,,,,,,,,,,9779,0.003946584649384022
,,,13,,,,,,,,,,,,,,,,,,,,,,,,,,,,,9789,0.10674981772899628
,,,13,,,,,,,,,,,,,,,,,,,,,,,,,,,,,9799,0.012401013635098934
,,,13,,,,,,,,,,,,,,,,,,,,,,,,,,,,,9809,0.007619477808475494
,,,,5.144852529658481e-07,2.882169408442831e-06,4.43410678221974e-06,4.43410678221974e-06,6.8217027418765215e-06,6.8217027418765215e-06,1.0494927295194649e-05,1.0494927295194649e-05,1.614604199260715e-05,1.614604199260715e-05,2.4840064604011e-05,5.144852529658481e-07,2.4840064604011e-05,3.821548400617077e-05,3.821548400617077e-05,5.87930523171858e-05,5.87930523171858e-05,9.045084971874738e-05,9.045084971874738e-05,9.045084971874738e-05,9.045084971874738e-05,7.915157737936124e-07,7.915157737936124e-07,1.2177165750670961e-06,1.2177165750670961e-06,1.87341011548784e-06,1.87341011548784e-06,2.882169408442831e-06,9814,
,,,14,,,,,,,,,,,,,,,,,,,,,,,,,,,,,9819,0.011057235300540924
,,,14,,,,,,,,,,,,,,,,,,,,,,,,,,,,,9829,0.024780824780464172
,,,14,,,,,,,,,,,,,,,,,,,,,,,,,,,,,9839,0.11680608987808228
,,,14,,,,,,,,,,,,,,,,,,,,,,,,,,,,,9849,0.0017744480865076184
,,,14,,,,,,,,,,,,,,,,,,,,,,,,,,,,,9859,0.002428234089165926
,,,14,,,,,,,,,,,,,,,,,,,,,,,,,,,,,9869,0.023056434467434883
,,,14,,,,,,,,,,,,,,,,,,,,,,,,,,,,,9879,0.01302400417625904
,,,14,,,,,,,,,,,,,,,,,,,,,,,,,,,,,9889,0.008973486721515656
,,,14,,,,,,,,,,,,,,,,,,,,,,,,,,,,,9899,0.01523506361991167
,,,14,,,,,,,,,,,,,,,,,,,,,,,,,,,,,9909,0.003442083252593875
,,,14,,,,,,,,,,,,,,,,,,,,,,,,,,,,,9919,0.00435575982555747
,,,14,,,,,,,,,,,,,,,,,,,,,,,,,,,,,9929,0.07246587425470352
,,,14,,,,,,,,,,,,,,,,,,,,,,,,,,,,,9939,0.016310112550854683
,,,14,,,,,,,,,,,,,,,,,,,,,,,,,,,,,9949,0.009718252345919609
,,,14,,,,,,,,,,,,,,,,,,,,,,,,,,,,,9959,0.002455390291288495
,,,14,,,,,,,,,,,,,,,,,,,,,,,,,,,,,9969,0.003220551647245884
,,,14,,,,,,,,,,,,,,,,,,,,,,,,,,,,,9979,0.07790391147136688
,,,14,,,,,,,,,,,,,,,,,,,,,,,,,,,,,9989,0.029288457706570625
,,,14,,,,,,,,,,,,,,,,,,,,,,,,,,,,,9999,0.08597667515277863
,,,14,,,,,,,,,,,,,,,,,,,,,,,,,,,,,10009,0.002438017399981618
,,,14,,,,,,,,,,,,,,,,,,,,,,,,,,,,,10019,0.0599837601184845
,,,14,,,,,,,,,,,,,,,,,,,,,,,,,,,,,10029,0.0025681087281554937
,,,14,,,,,,,,,,,,,,,,,,,,,,,,,,,,,10039,0.01214638538658619
,,,14,,,,,,,,,,,,,,,,,,,,,,,,,,,,,10049,0.7910886406898499
,,,14,,,,,,,,,,,,,,,,,,,,,,,,,,,,,10059,0.006642391439527273
,,,14,,,,,,,,,,,,,,,,,,,,,,,,,,,,,10069,0.04280443117022514
,,,14,,,,,,,,,,,,,,,,,,,,,,,,,,,,,10079,0.15707707405090332
,,,14,,,,,,,,,,,,,,,,,,,,,,,,,,,,,10089,0.0031485639046877623
,,,14,,,,,,,,,,,,,,,,,,,,,,,,,,,,,10099,0.0020257362630218267
,,,14,,,,,,,,,,,,,,,,,,,,,,,,,,,,,10109,0.19767090678215027
,,,14,,,,,,,,,,,,,,,,,,,,,,,,,,,,,10119,0.001676113810390234
,,,14,,,,,,,,,,,,,,,,,,,,,,,,,,,,,10129,0.003726858412846923
,,,14,,,,,,,,,,,,,,,,,,,,,,,,,,,,,10139,0.001718140090815723
,,,14,,,,,,,,,,,,,,,,,,,,,,,,,,,,,10149,0.11555910110473633
,,,14,,,,,,,,,,,,,,,,,,,,,,,,,,,,,10159,0.021814897656440735
,,,14,,,,,,,,,,,,,,,,,,,,,,,,,,,,,10169,0.003975624684244394
,,,14,,,,,,,,,,,,,,,,,,,,,,,,,,,,,10179,0.006375635974109173
,,,14,,,,,,,,,,,,,,,,,,,,,,,,,,,,,10189,0.002726795617491007
,,,14,,,,,,,,,,,,,,,,,,,,,,,,,,,,,10199,0.10078658908605576
,,,14,,,,,,,,,,,,,,,,,,,,,,,,,,,,,10209,1.1717032194137573
,,,14,,,,,,,,,,,,,,,,,,,,,,,,,,,,,10219,0.006978966295719147
,,,14,,,,,,,,,,,,,,,,,,,,,,,,,,,,,10229,0.0013240581611171365
,,,14,,,,,,,,,,,,,,,,,,,,,,,,,,,,,10239,0.2043316513299942
,,,14,,,,,,,,,,,,,,,,,,,,,,,,,,,,,10249,0.006246606819331646
,,,14,,,,,,,,,,,,,,,,,,,,,,,,,,,,,10259,0.3987704813480377
,,,14,,,,,,,,,,,,,,,,,,,,,,,,,,,,,10269,0.0030486853793263435
,,,14,,,,,,,,,,,,,,,,,,,,,,,,,,,,,10279,0.20998965203762054
,,,14,,,,,,,,,,,,,,,,,,,,,,,,,,,,,10289,0.0016879573231562972
,,,14,,,,,,,,,,,,,,,,,,,,,,,,,,,,,10299,1.0034507513046265
,,,14,,,,,,,,,,,,,,,,,,,,,,,,,,,,,10309,0.07564420998096466
,,,14,,,,,,,,,,,,,,,,,,,,,,,,,,,,,10319,0.022118929773569107
,,,14,,,,,,,,,,,,,,,,,,,,,,,,,,,,,10329,0.2920650541782379
,,,14,,,,,,,,,,,,,,,,,,,,,,,,,,,,,10339,0.002362123690545559
,,,14,,,,,,,,,,,,,,,,,,,,,,,,,,,,,10349,0.0233298372477293
,,,14,,,,,,,,,,,,,,,,,,,,,,,,,,,,,10359,0.0017287891823798418
,,,14,,,,,,,,,,,,,,,,,,,,,,,,,,,,,10369,0.4446525573730469
,,,14,,,,,,,,,,,,,,,,,,,,,,,,,,,,,10379,0.13086068630218506
,,,14,,,,,,,,,,,,,,,,,,,,,,,,,,,,,10389,0.0545213408768177
,,,14,,,,,,,,,,,,,,,,,,,,,,,,,,,,,10399,0.019824735820293427
,,,14,,,,,,,,,,,,,,,,,,,,,,,,,,,,,10409,0.01455430593341589
,,,14,,,,,,,,,,,,,,,,,,,,,,,,,,,,,10419,0.0017391042783856392
,,,14,,,,,,,,,,,,,,,,,,,,,,,,,,,,,10429,0.0018374706851318479
,,,14,,,,,,,,,,,,,,,,,,,,,,,,,,,,,10439,0.013495616614818573
,,,14,,,,,,,,,,,,,,,,,,,,,,,,,,,,,10449,0.005263868719339371
,,,14,,,,,,,,,,,,,,,,,,,,,,,,,,,,,10459,0.07645981013774872
,,,14,,,,,,,,,,,,,,,,,,,,,,,,,,,,,10469,0.004570722579956055
,,,14,,,,,,,,,,,,,,,,,,,,,,,,,,,,,10479,0.001962645212188363
,,,14,,,,,,,,,,,,,,,,,,,,,,,,,,,,,10489,0.0021407166495919228
,,,14,,,,,,,,,,,,,,,,,,,,,,,,,,,,,10499,0.00947018712759018
,,,14,,,,,,,,,,,,,,,,,,,,,,,,,,,,,10509,0.003132466459646821
0.8797762989997864,0.8489208817481995,0.9129593968391418,14,,,,,,,,,,,,,,,,,,,,,,,,,,,,,10514,
,,,,5.022638399154116e-07,2.813704505670875e-06,4.328776162570576e-06,4.328776162570576e-06,6.659655634723963e-06,6.659655634723963e-06,1.0245624053421482e-05,1.0245624053421482e-05,1.5762498543725355e-05,1.5762498543725355e-05,2.4249997759577468e-05,5.022638399154116e-07,2.4249997759577468e-05,3.730768886088841e-05,3.730768886088841e-05,5.739644440136679e-05,5.739644440136679e-05,8.83022221559489e-05,8.83022221559489e-05,8.83022221559489e-05,8.83022221559489e-05,7.72713599869864e-07,7.72713599869864e-07,1.1887901536459447e-06,1.1887901536459447e-06,1.8289079286860687e-06,1.8289079286860687e-06,2.813704505670875e-06,10515,
,,,15,,,,,,,,,,,,,,,,,,,,,,,,,,,,,10519,0.002549012191593647
,,,15,,,,,,,,,,,,,,,,,,,,,,,,,,,,,10529,0.0010890895500779152
,,,15,,,,,,,,,,,,,,,,,,,,,,,,,,,,,10539,0.0011206076014786959
,,,15,,,,,,,,,,,,,,,,,,,,,,,,,,,,,10549,0.15787214040756226
,,,15,,,,,,,,,,,,,,,,,,,,,,,,,,,,,10559,0.0017153449589386582
,,,15,,,,,,,,,,,,,,,,,,,,,,,,,,,,,10569,0.007330436259508133
,,,15,,,,,,,,,,,,,,,,,,,,,,,,,,,,,10579,0.043819449841976166
,,,15,,,,,,,,,,,,,,,,,,,,,,,,,,,,,10589,0.0015487235505133867
,,,15,,,,,,,,,,,,,,,,,,,,,,,,,,,,,10599,0.07386649399995804
,,,15,,,,,,,,,,,,,,,,,,,,,,,,,,,,,10609,0.0026063735131174326
,,,15,,,,,,,,,,,,,,,,,,,,,,,,,,,,,10619,0.2897023856639862
,,,15,,,,,,,,,,,,,,,,,,,,,,,,,,,,,10629,0.001274964539334178
,,,15,,,,,,,,,,,,,,,,,,,,,,,,,,,,,10639,0.001362604321911931
,,,15,,,,,,,,,,,,,,,,,,,,,,,,,,,,,10649,0.012871095910668373
,,,15,,,,,,,,,,,,,,,,,,,,,,,,,,,,,10659,0.01747673749923706
,,,15,,,,,,,,,,,,,,,,,,,,,,,,,,,,,10669,0.13222870230674744
,,,15,,,,,,,,,,,,,,,,,,,,,,,,,,,,,10679,0.001623523305170238
,,,15,,,,,,,,,,,,,,,,,,,,,,,,,,,,,10689,0.00401514396071434
,,,15,,,,,,,,,,,,,,,,,,,,,,,,,,,,,10699,0.0012663149973377585
,,,15,,,,,,,,,,,,,,,,,,,,,,,,,,,,,10709,0.043260544538497925
,,,15,,,,,,,,,,,,,,,,,,,,,,,,,,,,,10719,0.002361457794904709
,,,15,,,,,,,,,,,,,,,,,,,,,,,,,,,,,10729,0.05334800109267235
,,,15,,,,,,,,,,,,,,,,,,,,,,,,,,,,,10739,0.009664980694651604
,,,15,,,,,,,,,,,,,,,,,,,,,,,,,,,,,10749,1.4209330081939697
,,,15,,,,,,,,,,,,,,,,,,,,,,,,,,,,,10759,0.0023796381428837776
,,,15,,,,,,,,,,,,,,,,,,,,,,,,,,,,,10769,0.014581125229597092
,,,15,,,,,,,,,,,,,,,,,,,,,,,,,,,,,10779,0.004666429478675127
,,,15,,,,,,,,,,,,,,,,,,,,,,,,,,,,,10789,0.24632631242275238
,,,15,,,,,,,,,,,,,,,,,,,,,,,,,,,,,10799,0.0016063392395153642
,,,15,,,,,,,,,,,,,,,,,,,,,,,,,,,,,10809,0.003757897764444351
,,,15,,,,,,,,,,,,,,,,,,,,,,,,,,,,,10819,0.0018999830354005098
,,,15,,,,,,,,,,,,,,,,,,,,,,,,,,,,,10829,0.03187458962202072
,,,15,,,,,,,,,,,,,,,,,,,,,,,,,,,,,10839,0.0035657361149787903
,,,15,,,,,,,,,,,,,,,,,,,,,,,,,,,,,10849,0.008119625970721245
,,,15,,,,,,,,,,,,,,,,,,,,,,,,,,,,,10859,0.04848015308380127
,,,15,,,,,,,,,,,,,,,,,,,,,,,,,,,,,10869,0.001314611523412168
,,,15,,,,,,,,,,,,,,,,,,,,,,,,,,,,,10879,0.001340856309980154
,,,15,,,,,,,,,,,,,,,,,,,,,,,,,,,,,10889,0.14569377899169922
,,,15,,,,,,,,,,,,,,,,,,,,,,,,,,,,,10899,0.0013427517842501402
,,,15,,,,,,,,,,,,,,,,,,,,,,,,,,,,,10909,0.0034129659179598093
,,,15,,,,,,,,,,,,,,,,,,,,,,,,,,,,,10919,0.03518102690577507
,,,15,,,,,,,,,,,,,,,,,,,,,,,,,,,,,10929,0.0026393982116132975
,,,15,,,,,,,,,,,,,,,,,,,,,,,,,,,,,10939,0.0022599005606025457
,,,15,,,,,,,,,,,,,,,,,,,,,,,,,,,,,10949,0.042974166572093964
,,,15,,,,,,,,,,,,,,,,,,,,,,,,,,,,,10959,0.10505598038434982
,,,15,,,,,,,,,,,,,,,,,,,,,,,,,,,,,10969,0.0020221988670527935
,,,15,,,,,,,,,,,,,,,,,,,,,,,,,,,,,10979,0.007922631688416004
,,,15,,,,,,,,,,,,,,,,,,,,,,,,,,,,,10989,0.0014573726803064346
,,,15,,,,,,,,,,,,,,,,,,,,,,,,,,,,,10999,0.008935965597629547
,,,15,,,,,,,,,,,,,,,,,,,,,,,,,,,,,11009,0.009944435209035873
,,,15,,,,,,,,,,,,,,,,,,,,,,,,,,,,,11019,0.021962236613035202
,,,15,,,,,,,,,,,,,,,,,,,,,,,,,,,,,11029,0.004882666748017073
,,,15,,,,,,,,,,,,,,,,,,,,,,,,,,,,,11039,0.007593458518385887
,,,15,,,,,,,,,,,,,,,,,,,,,,,,,,,,,11049,0.09764546155929565
,,,15,,,,,,,,,,,,,,,,,,,,,,,,,,,,,11059,0.5772318840026855
,,,15,,,,,,,,,,,,,,,,,,,,,,,,,,,,,11069,0.00770618487149477
,,,15,,,,,,,,,,,,,,,,,,,,,,,,,,,,,11079,0.003778380574658513
,,,15,,,,,,,,,,,,,,,,,,,,,,,,,,,,,11089,0.0033482194412499666
,,,15,,,,,,,,,,,,,,,,,,,,,,,,,,,,,11099,0.0018711056327447295
,,,15,,,,,,,,,,,,,,,,,,,,,,,,,,,,,11109,0.0030689409468322992
,,,15,,,,,,,,,,,,,,,,,,,,,,,,,,,,,11119,0.0029501328244805336
,,,15,,,,,,,,,,,,,,,,,,,,,,,,,,,,,11129,0.09350103884935379
,,,15,,,,,,,,,,,,,,,,,,,,,,,,,,,,,11139,0.00678548077121377
,,,15,,,,,,,,,,,,,,,,,,,,,,,,,,,,,11149,0.0037275191862136126
,,,15,,,,,,,,,,,,,,,,,,,,,,,,,,,,,11159,0.004710355773568153
,,,15,,,,,,,,,,,,,,,,,,,,,,,,,,,,,11169,0.004982723854482174
,,,15,,,,,,,,,,,,,,,,,,,,,,,,,,,,,11179,0.17053461074829102
,,,15,,,,,,,,,,,,,,,,,,,,,,,,,,,,,11189,0.001255303854122758
,,,15,,,,,,,,,,,,,,,,,,,,,,,,,,,,,11199,0.002339643891900778
,,,15,,,,,,,,,,,,,,,,,,,,,,,,,,,,,11209,0.14371751248836517
,,,,4.88981018344231e-07,2.739293544871571e-06,4.2142977613408785e-06,4.2142977613408785e-06,6.4835350174475046e-06,6.4835350174475046e-06,9.974669257611545e-06,9.974669257611545e-06,1.534564501171007e-05,1.534564501171007e-05,2.3608684633400107e-05,4.88981018344231e-07,2.3608684633400107e-05,3.6321053282154005e-05,3.6321053282154005e-05,5.587854351100617e-05,5.587854351100617e-05,8.596699001693255e-05,8.596699001693255e-05,8.596699001693255e-05,8.596699001693255e-05,7.522784897603552e-07,7.522784897603552e-07,1.1573515227082388e-06,1.1573515227082388e-06,1.7805408041665213e-06,1.7805408041665213e-06,2.739293544871571e-06,11216,
,,,16,,,,,,,,,,,,,,,,,,,,,,,,,,,,,11219,0.0025186482816934586
,,,16,,,,,,,,,,,,,,,,,,,,,,,,,,,,,11229,0.036395587027072906
,,,16,,,,,,,,,,,,,,,,,,,,,,,,,,,,,11239,0.005462578497827053
,,,16,,,,,,,,,,,,,,,,,,,,,,,,,,,,,11249,0.010614749975502491
,,,16,,,,,,,,,,,,,,,,,,,,,,,,,,,,,11259,0.0013147417921572924
,,,16,,,,,,,,,,,,,,,,,,,,,,,,,,,,,11269,0.2546195089817047
,,,16,,,,,,,,,,,,,,,,,,,,,,,,,,,,,11279,0.10752707719802856
,,,16,,,,,,,,,,,,,,,,,,,,,,,,,,,,,11289,0.08084267377853394
,,,16,,,,,,,,,,,,,,,,,,,,,,,,,,,,,11299,0.009748500771820545
,,,16,,,,,,,,,,,,,,,,,,,,,,,,,,,,,11309,0.01126142218708992
,,,16,,,,,,,,,,,,,,,,,,,,,,,,,,,,,11319,0.007657011039555073
,,,16,,,,,,,,,,,,,,,,,,,,,,,,,,,,,11329,0.025738446041941643
,,,16,,,,,,,,,,,,,,,,,,,,,,,,,,,,,11339,0.0020133221987634897
,,,16,,,,,,,,,,,,,,,,,,,,,,,,,,,,,11349,0.09933242201805115
,,,16,,,,,,,,,,,,,,,,,,,,,,,,,,,,,11359,0.02739739418029785
,,,16,,,,,,,,,,,,,,,,,,,,,,,,,,,,,11369,0.0025490003172308207
,,,16,,,,,,,,,,,,,,,,,,,,,,,,,,,,,11379,0.005170907359570265
,,,16,,,,,,,,,,,,,,,,,,,,,,,,,,,,,11389,0.5599809885025024
,,,16,,,,,,,,,,,,,,,,,,,,,,,,,,,,,11399,0.0014175788965076208
,,,16,,,,,,,,,,,,,,,,,,,,,,,,,,,,,11409,0.0037502292543649673
,,,16,,,,,,,,,,,,,,,,,,,,,,,,,,,,,11419,0.0025779525749385357
,,,16,,,,,,,,,,,,,,,,,,,,,,,,,,,,,11429,0.008454076014459133
,,,16,,,,,,,,,,,,,,,,,,,,,,,,,,,,,11439,0.038244519382715225
,,,16,,,,,,,,,,,,,,,,,,,,,,,,,,,,,11449,0.04731776565313339
,,,16,,,,,,,,,,,,,,,,,,,,,,,,,,,,,11459,0.005255240481346846
,,,16,,,,,,,,,,,,,,,,,,,,,,,,,,,,,11469,0.004024538677185774
,,,16,,,,,,,,,,,,,,,,,,,,,,,,,,,,,11479,0.12314561754465103
,,,16,,,,,,,,,,,,,,,,,,,,,,,,,,,,,11489,0.041169218719005585
,,,16,,,,,,,,,,,,,,,,,,,,,,,,,,,,,11499,0.0036327035631984472
,,,16,,,,,,,,,,,,,,,,,,,,,,,,,,,,,11509,0.0017520822584629059
,,,16,,,,,,,,,,,,,,,,,,,,,,,,,,,,,11519,0.004305933602154255
,,,16,,,,,,,,,,,,,,,,,,,,,,,,,,,,,11529,0.0034271006006747484
,,,16,,,,,,,,,,,,,,,,,,,,,,,,,,,,,11539,0.3080134093761444
,,,16,,,,,,,,,,,,,,,,,,,,,,,,,,,,,11549,0.012260602787137032
,,,16,,,,,,,,,,,,,,,,,,,,,,,,,,,,,11559,0.0036177942529320717
,,,16,,,,,,,,,,,,,,,,,,,,,,,,,,,,,11569,0.02425668202340603
,,,16,,,,,,,,,,,,,,,,,,,,,,,,,,,,,11579,0.003417050465941429
,,,16,,,,,,,,,,,,,,,,,,,,,,,,,,,,,11589,0.0029622346628457308
,,,16,,,,,,,,,,,,,,,,,,,,,,,,,,,,,11599,0.014189939945936203
,,,16,,,,,,,,,,,,,,,,,,,,,,,,,,,,,11609,0.000534266815520823
,,,16,,,,,,,,,,,,,,,,,,,,,,,,,,,,,11619,0.003049268154427409
,,,16,,,,,,,,,,,,,,,,,,,,,,,,,,,,,11629,0.0014224040787667036
,,,16,,,,,,,,,,,,,,,,,,,,,,,,,,,,,11639,0.010391131043434143
,,,16,,,,,,,,,,,,,,,,,,,,,,,,,,,,,11649,0.025154396891593933
,,,16,,,,,,,,,,,,,,,,,,,,,,,,,,,,,11659,0.002293549245223403
,,,16,,,,,,,,,,,,,,,,,,,,,,,,,,,,,11669,0.00258278870023787
,,,16,,,,,,,,,,,,,,,,,,,,,,,,,,,,,11679,0.0012901375303044915
,,,16,,,,,,,,,,,,,,,,,,,,,,,,,,,,,11689,0.000524727744050324
,,,16,,,,,,,,,,,,,,,,,,,,,,,,,,,,,11699,0.012053324840962887
,,,16,,,,,,,,,,,,,,,,,,,,,,,,,,,,,11709,0.0075311134569346905
,,,16,,,,,,,,,,,,,,,,,,,,,,,,,,,,,11719,0.0017549439799040556
,,,16,,,,,,,,,,,,,,,,,,,,,,,,,,,,,11729,0.0011669312370941043
,,,16,,,,,,,,,,,,,,,,,,,,,,,,,,,,,11739,0.009872881695628166
,,,16,,,,,,,,,,,,,,,,,,,,,,,,,,,,,11749,0.005276128649711609
,,,16,,,,,,,,,,,,,,,,,,,,,,,,,,,,,11759,0.010838493704795837
,,,16,,,,,,,,,,,,,,,,,,,,,,,,,,,,,11769,0.002477993257343769
,,,16,,,,,,,,,,,,,,,,,,,,,,,,,,,,,11779,0.0018239582423120737
,,,16,,,,,,,,,,,,,,,,,,,,,,,,,,,,,11789,0.044545210897922516
,,,16,,,,,,,,,,,,,,,,,,,,,,,,,,,,,11799,0.0010458150645717978
,,,16,,,,,,,,,,,,,,,,,,,,,,,,,,,,,11809,0.017743326723575592
,,,16,,,,,,,,,,,,,,,,,,,,,,,,,,,,,11819,0.9376054406166077
,,,16,,,,,,,,,,,,,,,,,,,,,,,,,,,,,11829,0.0006782829877920449
,,,16,,,,,,,,,,,,,,,,,,,,,,,,,,,,,11839,0.02758636139333248
,,,16,,,,,,,,,,,,,,,,,,,,,,,,,,,,,11849,0.3591342866420746
,,,16,,,,,,,,,,,,,,,,,,,,,,,,,,,,,11859,1.8909600973129272
,,,16,,,,,,,,,,,,,,,,,,,,,,,,,,,,,11869,0.2590274512767792
,,,16,,,,,,,,,,,,,,,,,,,,,,,,,,,,,11879,0.001787086483091116
,,,16,,,,,,,,,,,,,,,,,,,,,,,,,,,,,11889,0.005162082612514496
,,,16,,,,,,,,,,,,,,,,,,,,,,,,,,,,,11899,0.02805938944220543
,,,16,,,,,,,,,,,,,,,,,,,,,,,,,,,,,11909,0.0019321450963616371
,,,,4.747015008238162e-07,2.65929904876617e-06,4.091229305794108e-06,4.091229305794108e-06,6.294198931990935e-06,6.294198931990935e-06,9.683382972293745e-06,9.683382972293745e-06,1.48975122650673e-05,1.48975122650673e-05,2.2919249638565074e-05,4.747015008238162e-07,2.2919249638565074e-05,3.5260384059330885e-05,3.5260384059330885e-05,5.42467447066629e-05,5.42467447066629e-05,8.345653031794292e-05,8.345653031794292e-05,8.345653031794292e-05,8.345653031794292e-05,7.303100012674094e-07,7.303100012674094e-07,1.123553848103707e-06,1.123553848103707e-06,1.7285443816980106e-06,1.7285443816980106e-06,2.65929904876617e-06,11917,
,,,17,,,,,,,,,,,,,,,,,,,,,,,,,,,,,11919,0.0030604186467826366
,,,17,,,,,,,,,,,,,,,,,,,,,,,,,,,,,11929,0.0006014233804307878
,,,17,,,,,,,,,,,,,,,,,,,,,,,,,,,,,11939,0.0023576777894049883
,,,17,,,,,,,,,,,,,,,,,,,,,,,,,,,,,11949,0.0029346917290240526
,,,17,,,,,,,,,,,,,,,,,,,,,,,,,,,,,11959,0.0013779953587800264
,,,17,,,,,,,,,,,,,,,,,,,,,,,,,,,,,11969,0.13609732687473297
,,,17,,,,,,,,,,,,,,,,,,,,,,,,,,,,,11979,0.013445645570755005
,,,17,,,,,,,,,,,,,,,,,,,,,,,,,,,,,11989,0.0027759098447859287
,,,17,,,,,,,,,,,,,,,,,,,,,,,,,,,,,11999,0.0018112207762897015
,,,17,,,,,,,,,,,,,,,,,,,,,,,,,,,,,12009,0.002145601436495781
,,,17,,,,,,,,,,,,,,,,,,,,,,,,,,,,,12019,0.0010290892096236348
,,,17,,,,,,,,,,,,,,,,,,,,,,,,,,,,,12029,0.004241884220391512
,,,17,,,,,,,,,,,,,,,,,,,,,,,,,,,,,12039,0.011871453374624252
,,,17,,,,,,,,,,,,,,,,,,,,,,,,,,,,,12049,0.003407273441553116
,,,17,,,,,,,,,,,,,,,,,,,,,,,,,,,,,12059,0.001337039633654058
,,,17,,,,,,,,,,,,,,,,,,,,,,,,,,,,,12069,0.0013218269450590014
,,,17,,,,,,,,,,,,,,,,,,,,,,,,,,,,,12079,0.002343036001548171
,,,17,,,,,,,,,,,,,,,,,,,,,,,,,,,,,12089,0.011066160164773464
,,,17,,,,,,,,,,,,,,,,,,,,,,,,,,,,,12099,0.3818916976451874
,,,17,,,,,,,,,,,,,,,,,,,,,,,,,,,,,12109,0.0016421453328803182
,,,17,,,,,,,,,,,,,,,,,,,,,,,,,,,,,12119,0.04448955878615379
,,,17,,,,,,,,,,,,,,,,,,,,,,,,,,,,,12129,0.02864426001906395
,,,17,,,,,,,,,,,,,,,,,,,,,,,,,,,,,12139,0.0007325796177610755
,,,17,,,,,,,,,,,,,,,,,,,,,,,,,,,,,12149,0.0005657103611156344
,,,17,,,,,,,,,,,,,,,,,,,,,,,,,,,,,12159,0.17325164377689362
,,,17,,,,,,,,,,,,,,,,,,,,,,,,,,,,,12169,0.0025495251175016165
,,,17,,,,,,,,,,,,,,,,,,,,,,,,,,,,,12179,1.825952172279358
,,,17,,,,,,,,,,,,,,,,,,,,,,,,,,,,,12189,0.0008367338450625539
,,,17,,,,,,,,,,,,,,,,,,,,,,,,,,,,,12199,0.0013105828547850251
,,,17,,,,,,,,,,,,,,,,,,,,,,,,,,,,,12209,0.00222277850843966
,,,17,,,,,,,,,,,,,,,,,,,,,,,,,,,,,12219,0.01550233829766512
,,,17,,,,,,,,,,,,,,,,,,,,,,,,,,,,,12229,0.0025399764999747276
,,,17,,,,,,,,,,,,,,,,,,,,,,,,,,,,,12239,0.003412686288356781
,,,17,,,,,,,,,,,,,,,,,,,,,,,,,,,,,12249,0.01483027171343565
,,,17,,,,,,,,,,,,,,,,,,,,,,,,,,,,,12259,0.001676937798038125
,,,17,,,,,,,,,,,,,,,,,,,,,,,,,,,,,12269,0.0029041937086731195
,,,17,,,,,,,,,,,,,,,,,,,,,,,,,,,,,12279,0.0008803688106127083
,,,17,,,,,,,,,,,,,,,,,,,,,,,,,,,,,12289,0.08027131110429764
,,,17,,,,,,,,,,,,,,,,,,,,,,,,,,,,,12299,0.0027466046158224344
,,,17,,,,,,,,,,,,,,,,,,,,,,,,,,,,,12309,0.0022476348094642162
,,,17,,,,,,,,,,,,,,,,,,,,,,,,,,,,,12319,0.21497124433517456
,,,17,,,,,,,,,,,,,,,,,,,,,,,,,,,,,12329,0.0036364751867949963
,,,17,,,,,,,,,,,,,,,,,,,,,,,,,,,,,12339,0.0008361899526789784
,,,17,,,,,,,,,,,,,,,,,,,,,,,,,,,,,12349,0.017721934244036674
,,,17,,,,,,,,,,,,,,,,,,,,,,,,,,,,,12359,0.001268295687623322
,,,17,,,,,,,,,,,,,,,,,,,,,,,,,,,,,12369,0.1345420479774475
,,,17,,,,,,,,,,,,,,,,,,,,,,,,,,,,,12379,0.0024741333909332752
,,,17,,,,,,,,,,,,,,,,,,,,,,,,,,,,,12389,0.5140271186828613
,,,17,,,,,,,,,,,,,,,,,,,,,,,,,,,,,12399,0.3806004822254181
,,,17,,,,,,,,,,,,,,,,,,,,,,,,,,,,,12409,0.003542511025443673
,,,17,,,,,,,,,,,,,,,,,,,,,,,,,,,,,12419,0.01040033157914877
,,,17,,,,,,,,,,,,,,,,,,,,,,,,,,,,,12429,0.0016658339882269502
,,,17,,,,,,,,,,,,,,,,,,,,,,,,,,,,,12439,0.002977588679641485
,,,17,,,,,,,,,,,,,,,,,,,,,,,,,,,,,12449,0.0030632242560386658
,,,17,,,,,,,,,,,,,,,,,,,,,,,,,,,,,12459,0.2697010934352875
,,,17,,,,,,,,,,,,,,,,,,,,,,,,,,,,,12469,1.1346728801727295
,,,17,,,,,,,,,,,,,,,,,,,,,,,,,,,,,12479,0.002848462900146842
,,,17,,,,,,,,,,,,,,,,,,,,,,,,,,,,,12489,0.0016717223916202784
,,,17,,,,,,,,,,,,,,,,,,,,,,,,,,,,,12499,0.004840105772018433
,,,17,,,,,,,,,,,,,,,,,,,,,,,,,,,,,12509,0.8785285353660583
,,,17,,,,,,,,,,,,,,,,,,,,,,,,,,,,,12519,0.004221325274556875
,,,17,,,,,,,,,,,,,,,,,,,,,,,,,,,,,12529,0.0013046429958194494
,,,17,,,,,,,,,,,,,,,,,,,,,,,,,,,,,12539,0.0008219971205107868
,,,17,,,,,,,,,,,,,,,,,,,,,,,,,,,,,12549,0.0036936947144567966
,,,17,,,,,,,,,,,,,,,,,,,,,,,,,,,,,12559,0.0020014371257275343
,,,17,,,,,,,,,,,,,,,,,,,,,,,,,,,,,12569,0.0037218895740807056
,,,17,,,,,,,,,,,,,,,,,,,,,,,,,,,,,12579,0.002398989861831069
,,,17,,,,,,,,,,,,,,,,,,,,,,,,,,,,,12589,0.001960114808753133
,,,17,,,,,,,,,,,,,,,,,,,,,,,,,,,,,12599,0.006648153066635132
,,,17,,,,,,,,,,,,,,,,,,,,,,,,,,,,,12609,0.002086325315758586
,,,,4.5949485572815476e-07,2.5741107424986786e-06,3.960170373074889e-06,3.960170373074889e-06,6.092569804730599e-06,6.092569804730599e-06,9.373184314970152e-06,9.373184314970152e-06,1.4420283561492542e-05,1.4420283561492542e-05,2.2185051633065447e-05,4.5949485572815476e-07,2.2185051633065447e-05,3.4130848666254534e-05,3.4130848666254534e-05,5.2508997948083897e-05,5.2508997948083897e-05,8.07830737662829e-05,8.07830737662829e-05,8.07830737662829e-05,8.07830737662829e-05,7.069151626586995e-07,7.069151626586995e-07,1.0875617887056918e-06,1.0875617887056918e-06,1.673171982624141e-06,1.673171982624141e-06,2.5741107424986786e-06,12618,
,,,18,,,,,,,,,,,,,,,,,,,,,,,,,,,,,12619,0.0014438580255955458
,,,18,,,,,,,,,,,,,,,,,,,,,,,,,,,,,12629,0.37266650795936584
,,,18,,,,,,,,,,,,,,,,,,,,,,,,,,,,,12639,0.001498559839092195
,,,18,,,,,,,,,,,,,,,,,,,,,,,,,,,,,12649,0.5194577574729919
,,,18,,,,,,,,,,,,,,,,,,,,,,,,,,,,,12659,0.002213519997894764
,,,18,,,,,,,,,,,,,,,,,,,,,,,,,,,,,12669,0.004153168294578791
,,,18,,,,,,,,,,,,,,,,,,,,,,,,,,,,,12679,0.0010971573647111654
,,,18,,,,,,,,,,,,,,,,,,,,,,,,,,,,,12689,0.000797768123447895
,,,18,,,,,,,,,,,,,,,,,,,,,,,,,,,,,12699,0.06009090691804886
,,,18,,,,,,,,,,,,,,,,,,,,,,,,,,,,,12709,0.00795080978423357
,,,18,,,,,,,,,,,,,,,,,,,,,,,,,,,,,12719,0.002728863852098584
,,,18,,,,,,,,,,,,,,,,,,,,,,,,,,,,,12729,0.004750559572130442
,,,18,,,,,,,,,,,,,,,,,,,,,,,,,,,,,12739,0.0016800573794171214
,,,18,,,,,,,,,,,,,,,,,,,,,,,,,,,,,12749,0.0028937917668372393
,,,18,,,,,,,,,,,,,,,,,,,,,,,,,,,,,12759,0.03204008564352989
,,,18,,,,,,,,,,,,,,,,,,,,,,,,,,,,,12769,0.0022801614832133055
,,,18,,,,,,,,,,,,,,,,,,,,,,,,,,,,,12779,0.00137456099037081
,,,18,,,,,,,,,,,,,,,,,,,,,,,,,,,,,12789,0.0023689509835094213
,,,18,,,,,,,,,,,,,,,,,,,,,,,,,,,,,12799,0.006011475343257189
,,,18,,,,,,,,,,,,,,,,,,,,,,,,,,,,,12809,0.004145459271967411
,,,18,,,,,,,,,,,,,,,,,,,,,,,,,,,,,12819,0.003251977963373065
,,,18,,,,,,,,,,,,,,,,,,,,,,,,,,,,,12829,0.007731061428785324
,,,18,,,,,,,,,,,,,,,,,,,,,,,,,,,,,12839,0.09560664743185043
,,,18,,,,,,,,,,,,,,,,,,,,,,,,,,,,,12849,0.002165388548746705
,,,18,,,,,,,,,,,,,,,,,,,,,,,,,,,,,12859,0.006737203802913427
,,,18,,,,,,,,,,,,,,,,,,,,,,,,,,,,,12869,0.008127833716571331
,,,18,,,,,,,,,,,,,,,,,,,,,,,,,,,,,12879,1.4785465002059937
,,,18,,,,,,,,,,,,,,,,,,,,,,,,,,,,,12889,0.0025224515702575445
,,,18,,,,,,,,,,,,,,,,,,,,,,,,,,,,,12899,0.21879851818084717
,,,18,,,,,,,,,,,,,,,,,,,,,,,,,,,,,12909,0.00866339635103941
,,,18,,,,,,,,,,,,,,,,,,,,,,,,,,,,,12919,0.13396310806274414
,,,18,,,,,,,,,,,,,,,,,,,,,,,,,,,,,12929,0.0012466572225093842
,,,18,,,,,,,,,,,,,,,,,,,,,,,,,,,,,12939,0.0034451454412192106
,,,18,,,,,,,,,,,,,,,,,,,,,,,,,,,,,12949,1.5021634101867676
,,,18,,,,,,,,,,,,,,,,,,,,,,,,,,,,,12959,0.0021685424726456404
,,,18,,,,,,,,,,,,,,,,,,,,,,,,,,,,,12969,0.007855592295527458
,,,18,,,,,,,,,,,,,,,,,,,,,,,,,,,,,12979,0.002634446369484067
,,,18,,,,,,,,,,,,,,,,,,,,,,,,,,,,,12989,0.0026649220380932093
,,,18,,,,,,,,,,,,,,,,,,,,,,,,,,,,,12999,0.0008994131931103766
,,,18,,,,,,,,,,,,,,,,,,,,,,,,,,,,,13009,0.10158035904169083
,,,18,,,,,,,,,,,,,,,,,,,,,,,,,,,,,13019,0.00221749278716743
,,,18,,,,,,,,,,,,,,,,,,,,,,,,,,,,,13029,0.014622108079493046
,,,18,,,,,,,,,,,,,,,,,,,,,,,,,,,,,13039,0.40379682183265686
,,,18,,,,,,,,,,,,,,,,,,,,,,,,,,,,,13049,0.004233685787767172
,,,18,,,,,,,,,,,,,,,,,,,,,,,,,,,,,13059,0.001176441670395434
,,,18,,,,,,,,,,,,,,,,,,,,,,,,,,,,,13069,0.002695617498829961
,,,18,,,,,,,,,,,,,,,,,,,,,,,,,,,,,13079,0.04081288352608681
,,,18,,,,,,,,,,,,,,,,,,,,,,,,,,,,,13089,0.6207304000854492
,,,18,,,,,,,,,,,,,,,,,,,,,,,,,,,,,13099,0.007844418287277222
,,,18,,,,,,,,,,,,,,,,,,,,,,,,,,,,,13109,0.0010840765899047256
,,,18,,,,,,,,,,,,,,,,,,,,,,,,,,,,,13119,0.005786178633570671
,,,18,,,,,,,,,,,,,,,,,,,,,,,,,,,,,13129,0.0011092229979112744
,,,18,,,,,,,,,,,,,,,,,,,,,,,,,,,,,13139,0.011024583131074905
,,,18,,,,,,,,,,,,,,,,,,,,,,,,,,,,,13149,0.0016244383295997977
,,,18,,,,,,,,,,,,,,,,,,,,,,,,,,,,,13159,0.0015187157550826669
,,,18,,,,,,,,,,,,,,,,,,,,,,,,,,,,,13169,0.24310414493083954
,,,18,,,,,,,,,,,,,,,,,,,,,,,,,,,,,13179,0.38083311915397644
,,,18,,,,,,,,,,,,,,,,,,,,,,,,,,,,,13189,0.0038948380388319492
,,,18,,,,,,,,,,,,,,,,,,,,,,,,,,,,,13199,0.0030209587421268225
,,,18,,,,,,,,,,,,,,,,,,,,,,,,,,,,,13209,0.0026943515986204147
,,,18,,,,,,,,,,,,,,,,,,,,,,,,,,,,,13219,0.5524960160255432
,,,18,,,,,,,,,,,,,,,,,,,,,,,,,,,,,13229,0.004518210422247648
,,,18,,,,,,,,,,,,,,,,,,,,,,,,,,,,,13239,0.1334919035434723
,,,18,,,,,,,,,,,,,,,,,,,,,,,,,,,,,13249,0.0037169400602579117
,,,18,,,,,,,,,,,,,,,,,,,,,,,,,,,,,13259,0.005773579701781273
,,,18,,,,,,,,,,,,,,,,,,,,,,,,,,,,,13269,0.2545720040798187
,,,18,,,,,,,,,,,,,,,,,,,,,,,,,,,,,13279,0.0016571705928072333
,,,18,,,,,,,,,,,,,,,,,,,,,,,,,,,,,13289,0.001215510768815875
,,,18,,,,,,,,,,,,,,,,,,,,,,,,,,,,,13299,0.005426277872174978
,,,18,,,,,,,,,,,,,,,,,,,,,,,,,,,,,13309,0.0010781858582049608
,,,,4.4343516830358614e-07,2.484143654934133e-06,3.821759469129435e-06,3.821759469129435e-06,5.879629952506824e-06,5.879629952506824e-06,9.045584542318189e-06,9.045584542318189e-06,1.3916283911258752e-05,1.3916283911258752e-05,2.1409667555782694e-05,4.4343516830358614e-07,2.1409667555782694e-05,3.293795008581953e-05,3.293795008581953e-05,5.067376936279928e-05,5.067376936279928e-05,7.795964517353735e-05,7.795964517353735e-05,7.795964517353735e-05,7.795964517353735e-05,6.822079512362862e-07,6.822079512362862e-07,1.0495506942096713e-06,1.0495506942096713e-06,1.6146933757071865e-06,1.6146933757071865e-06,2.484143654934133e-06,13319,
,,,19,,,,,,,,,,,,,,,,,,,,,,,,,,,,,13319,0.0009379914263263345
,,,19,,,,,,,,,,,,,,,,,,,,,,,,,,,,,13329,0.009183360263705254
,,,19,,,,,,,,,,,,,,,,,,,,,,,,,,,,,13339,0.031056305393576622
,,,19,,,,,,,,,,,,,,,,,,,,,,,,,,,,,13349,0.0022846166975796223
,,,19,,,,,,,,,,,,,,,,,,,,,,,,,,,,,13359,0.0022575126495212317
,,,19,,,,,,,,,,,,,,,,,,,,,,,,,,,,,13369,0.0014416432240977883
,,,19,,,,,,,,,,,,,,,,,,,,,,,,,,,,,13379,0.0014838047791272402
,,,19,,,,,,,,,,,,,,,,,,,,,,,,,,,,,13389,0.0005643524345941842
,,,19,,,,,,,,,,,,,,,,,,,,,,,,,,,,,13399,0.03184343874454498
,,,19,,,,,,,,,,,,,,,,,,,,,,,,,,,,,13409,0.0012367506278678775
,,,19,,,,,,,,,,,,,,,,,,,,,,,,,,,,,13419,0.005330210085958242
,,,19,,,,,,,,,,,,,,,,,,,,,,,,,,,,,13429,0.21419993042945862
,,,19,,,,,,,,,,,,,,,,,,,,,,,,,,,,,13439,0.000518896384164691
,,,19,,,,,,,,,,,,,,,,,,,,,,,,,,,,,13449,0.003630291437730193
,,,19,,,,,,,,,,,,,,,,,,,,,,,,,,,,,13459,0.0009907493367791176
,,,19,,,,,,,,,,,,,,,,,,,,,,,,,,,,,13469,0.17020875215530396
,,,19,,,,,,,,,,,,,,,,,,,,,,,,,,,,,13479,0.004006178118288517
,,,19,,,,,,,,,,,,,,,,,,,,,,,,,,,,,13489,0.005950515624135733
,,,19,,,,,,,,,,,,,,,,,,,,,,,,,,,,,13499,0.001011694548651576
,,,19,,,,,,,,,,,,,,,,,,,,,,,,,,,,,13509,0.0015730623854324222
,,,19,,,,,,,,,,,,,,,,,,,,,,,,,,,,,13519,0.0027246184181421995
,,,19,,,,,,,,,,,,,,,,,,,,,,,,,,,,,13529,0.4009537696838379
,,,19,,,,,,,,,,,,,,,,,,,,,,,,,,,,,13539,0.001536942203529179
,,,19,,,,,,,,,,,,,,,,,,,,,,,,,,,,,13549,0.24465791881084442
,,,19,,,,,,,,,,,,,,,,,,,,,,,,,,,,,13559,0.005239182151854038
,,,19,,,,,,,,,,,,,,,,,,,,,,,,,,,,,13569,0.023484600707888603
,,,19,,,,,,,,,,,,,,,,,,,,,,,,,,,,,13579,0.0022224360145628452
,,,19,,,,,,,,,,,,,,,,,,,,,,,,,,,,,13589,0.08466993272304535
,,,19,,,,,,,,,,,,,,,,,,,,,,,,,,,,,13599,0.011842251755297184
,,,19,,,,,,,,,,,,,,,,,,,,,,,,,,,,,13609,1.6210579872131348
,,,19,,,,,,,,,,,,,,,,,,,,,,,,,,,,,13619,0.0013542334781959653
,,,19,,,,,,,,,,,,,,,,,,,,,,,,,,,,,13629,0.0005412467289716005
,,,19,,,,,,,,,,,,,,,,,,,,,,,,,,,,,13639,0.00701587088406086
,,,19,,,,,,,,,,,,,,,,,,,,,,,,,,,,,13649,0.0011282458435744047
,,,19,,,,,,,,,,,,,,,,,,,,,,,,,,,,,13659,0.0010075286263599992
,,,19,,,,,,,,,,,,,,,,,,,,,,,,,,,,,13669,0.0009976926958188415
,,,19,,,,,,,,,,,,,,,,,,,,,,,,,,,,,13679,0.0011026168940588832
,,,19,,,,,,,,,,,,,,,,,,,,,,,,,,,,,13689,0.0023517392110079527
,,,19,,,,,,,,,,,,,,,,,,,,,,,,,,,,,13699,1.3001755475997925
,,,19,,,,,,,,,,,,,,,,,,,,,,,,,,,,,13709,0.005040318239480257
,,,19,,,,,,,,,,,,,,,,,,,,,,,,,,,,,13719,0.002165942220017314
,,,19,,,,,,,,,,,,,,,,,,,,,,,,,,,,,13729,0.003590186359360814
,,,19,,,,,,,,,,,,,,,,,,,,,,,,,,,,,13739,0.0016332666855305433
,,,19,,,,,,,,,,,,,,,,,,,,,,,,,,,,,13749,0.5306455492973328
,,,19,,,,,,,,,,,,,,,,,,,,,,,,,,,,,13759,0.0020691556856036186
,,,19,,,,,,,,,,,,,,,,,,,,,,,,,,,,,13769,0.001436529215425253
,,,19,,,,,,,,,,,,,,,,,,,,,,,,,,,,,13779,1.2660014629364014
,,,19,,,,,,,,,,,,,,,,,,,,,,,,,,,,,13789,0.007069445215165615
,,,19,,,,,,,,,,,,,,,,,,,,,,,,,,,,,13799,0.00222008372657001
,,,19,,,,,,,,,,,,,,,,,,,,,,,,,,,,,13809,0.0014317735331133008
,,,19,,,,,,,,,,,,,,,,,,,,,,,,,,,,,13819,0.001472500036470592
,,,19,,,,,,,,,,,,,,,,,,,,,,,,,,,,,13829,0.0011612045345827937
,,,19,,,,,,,,,,,,,,,,,,,,,,,,,,,,,13839,0.0029211463406682014
,,,19,,,,,,,,,,,,,,,,,,,,,,,,,,,,,13849,0.0025659361854195595
,,,19,,,,,,,,,,,,,,,,,,,,,,,,,,,,,13859,0.0007277746335603297
,,,19,,,,,,,,,,,,,,,,,,,,,,,,,,,,,13869,0.002814606763422489
,,,19,,,,,,,,,,,,,,,,,,,,,,,,,,,,,13879,0.0033834981732070446
,,,19,,,,,,,,,,,,,,,,,,,,,,,,,,,,,13889,0.0757182314991951
,,,19,,,,,,,,,,,,,,,,,,,,,,,,,,,,,13899,0.06834843009710312
,,,19,,,,,,,,,,,,,,,,,,,,,,,,,,,,,13909,0.0007495771278627217
,,,19,,,,,,,,,,,,,,,,,,,,,,,,,,,,,13919,0.00894235447049141
,,,19,,,,,,,,,,,,,,,,,,,,,,,,,,,,,13929,0.0017628312343731523
,,,19,,,,,,,,,,,,,,,,,,,,,,,,,,,,,13939,0.003251344198361039
,,,19,,,,,,,,,,,,,,,,,,,,,,,,,,,,,13949,0.0023477422073483467
,,,19,,,,,,,,,,,,,,,,,,,,,,,,,,,,,13959,0.0052423845045268536
,,,19,,,,,,,,,,,,,,,,,,,,,,,,,,,,,13969,0.209631085395813
,,,19,,,,,,,,,,,,,,,,,,,,,,,,,,,,,13979,0.0020690620876848698
,,,19,,,,,,,,,,,,,,,,,,,,,,,,,,,,,13989,0.016199368983507156
,,,19,,,,,,,,,,,,,,,,,,,,,,,,,,,,,13999,1.928542137145996
,,,19,,,,,,,,,,,,,,,,,,,,,,,,,,,,,14009,0.060443390160799026
,,,19,,,,,,,,,,,,,,,,,,,,,,,,,,,,,14019,0.0028077885508537292
0.8603145480155945,0.8244680762290955,0.8994197249412537,19,,,,,,,,,,,,,,,,,,,,,,,,,,,,,14019,
,,,,4.266006797329287e-07,2.3898360966796885e-06,3.676670917968751e-06,3.676670917968751e-06,5.656416796875001e-06,5.656416796875001e-06,8.702179687500003e-06,8.702179687500003e-06,1.3387968750000002e-05,1.3387968750000002e-05,2.0596875000000004e-05,4.266006797329287e-07,2.0596875000000004e-05,3.1687500000000005e-05,3.1687500000000005e-05,4.8750000000000006e-05,4.8750000000000006e-05,7.500000000000001e-05,7.500000000000001e-05,7.500000000000001e-05,7.500000000000001e-05,6.563087380506595e-07,6.563087380506595e-07,1.0097057508471684e-06,1.0097057508471684e-06,1.5533934628417975e-06,1.5533934628417975e-06,2.3898360966796885e-06,14020,
,,,20,,,,,,,,,,,,,,,,,,,,,,,,,,,,,14029,0.005155771039426327
,,,20,,,,,,,,,,,,,,,,,,,,,,,,,,,,,14039,0.04547319933772087
,,,20,,,,,,,,,,,,,,,,,,,,,,,,,,,,,14049,0.003945545759052038
,,,20,,,,,,,,,,,,,,,,,,,,,,,,,,,,,14059,0.0024373605847358704
,,,20,,,,,,,,,,,,,,,,,,,,,,,,,,,,,14069,0.0034861888270825148
,,,20,,,,,,,,,,,,,,,,,,,,,,,,,,,,,14079,0.0014549738261848688
,,,20,,,,,,,,,,,,,,,,,,,,,,,,,,,,,14089,0.0017891473835334182
,,,20,,,,,,,,,,,,,,,,,,,,,,,,,,,,,14099,0.0035175601951777935
,,,20,,,,,,,,,,,,,,,,,,,,,,,,,,,,,14109,0.0007213051430881023
,,,20,,,,,,,,,,,,,,,,,,,,,,,,,,,,,14119,0.0026975516229867935
,,,20,,,,,,,,,,,,,,,,,,,,,,,,,,,,,14129,0.0013655683724209666
,,,20,,,,,,,,,,,,,,,,,,,,,,,,,,,,,14139,0.05371704697608948
,,,20,,,,,,,,,,,,,,,,,,,,,,,,,,,,,14149,0.00823598075658083
,,,20,,,,,,,,,,,,,,,,,,,,,,,,,,,,,14159,0.0015506466152146459
,,,20,,,,,,,,,,,,,,,,,,,,,,,,,,,,,14169,0.0015963251935318112
,,,20,,,,,,,,,,,,,,,,,,,,,,,,,,,,,14179,0.02554173581302166
,,,20,,,,,,,,,,,,,,,,,,,,,,,,,,,,,14189,0.001398579217493534
,,,20,,,,,,,,,,,,,,,,,,,,,,,,,,,,,14199,0.034283652901649475
,,,20,,,,,,,,,,,,,,,,,,,,,,,,,,,,,14209,0.003027270780876279
,,,20,,,,,,,,,,,,,,,,,,,,,,,,,,,,,14219,0.0025991620495915413
,,,20,,,,,,,,,,,,,,,,,,,,,,,,,,,,,14229,0.0013546262634918094
,,,20,,,,,,,,,,,,,,,,,,,,,,,,,,,,,14239,0.027476591989398003
,,,20,,,,,,,,,,,,,,,,,,,,,,,,,,,,,14249,0.0019543045200407505
,,,20,,,,,,,,,,,,,,,,,,,,,,,,,,,,,14259,0.362411230802536
,,,20,,,,,,,,,,,,,,,,,,,,,,,,,,,,,14269,0.0017783930525183678
,,,20,,,,,,,,,,,,,,,,,,,,,,,,,,,,,14279,0.002740235533565283
,,,20,,,,,,,,,,,,,,,,,,,,,,,,,,,,,14289,0.0030099719297140837
,,,20,,,,,,,,,,,,,,,,,,,,,,,,,,,,,14299,0.003392427694052458
,,,20,,,,,,,,,,,,,,,,,,,,,,,,,,,,,14309,0.0012637164909392595
,,,20,,,,,,,,,,,,,,,,,,,,,,,,,,,,,14319,0.007207205984741449
,,,20,,,,,,,,,,,,,,,,,,,,,,,,,,,,,14329,0.0022289410699158907
,,,20,,,,,,,,,,,,,,,,,,,,,,,,,,,,,14339,0.0032000169157981873
,,,20,,,,,,,,,,,,,,,,,,,,,,,,,,,,,14349,0.6257564425468445
,,,20,,,,,,,,,,,,,,,,,,,,,,,,,,,,,14359,0.0008509475737810135
,,,20,,,,,,,,,,,,,,,,,,,,,,,,,,,,,14369,0.25566041469573975
,,,20,,,,,,,,,,,,,,,,,,,,,,,,,,,,,14379,0.05406703054904938
,,,20,,,,,,,,,,,,,,,,,,,,,,,,,,,,,14389,0.0027186847291886806
,,,20,,,,,,,,,,,,,,,,,,,,,,,,,,,,,14399,0.011467736214399338
,,,20,,,,,,,,,,,,,,,,,,,,,,,,,,,,,14409,0.008130112662911415
,,,20,,,,,,,,,,,,,,,,,,,,,,,,,,,,,14419,0.0023087055888026953
,,,20,,,,,,,,,,,,,,,,,,,,,,,,,,,,,14429,0.0023057665675878525
,,,20,,,,,,,,,,,,,,,,,,,,,,,,,,,,,14439,0.002892501186579466
,,,20,,,,,,,,,,,,,,,,,,,,,,,,,,,,,14449,0.020329030230641365
,,,20,,,,,,,,,,,,,,,,,,,,,,,,,,,,,14459,0.0037567669060081244
,,,20,,,,,,,,,,,,,,,,,,,,,,,,,,,,,14469,0.001609427505172789
,,,20,,,,,,,,,,,,,,,,,,,,,,,,,,,,,14479,0.004960163962095976
,,,20,,,,,,,,,,,,,,,,,,,,,,,,,,,,,14489,0.001710440032184124
,,,20,,,,,,,,,,,,,,,,,,,,,,,,,,,,,14499,0.002177744172513485
,,,20,,,,,,,,,,,,,,,,,,,,,,,,,,,,,14509,0.0017728557577356696
,,,20,,,,,,,,,,,,,,,,,,,,,,,,,,,,,14519,0.0013016847660765052
,,,20,,,,,,,,,,,,,,,,,,,,,,,,,,,,,14529,0.0013941582292318344
,,,20,,,,,,,,,,,,,,,,,,,,,,,,,,,,,14539,0.0025957366451621056
,,,20,,,,,,,,,,,,,,,,,,,,,,,,,,,,,14549,0.0038502931129187346
,,,20,,,,,,,,,,,,,,,,,,,,,,,,,,,,,14559,0.0011821966618299484
,,,20,,,,,,,,,,,,,,,,,,,,,,,,,,,,,14569,0.0026066533755511045
,,,20,,,,,,,,,,,,,,,,,,,,,,,,,,,,,14579,0.0015647205291315913
,,,20,,,,,,,,,,,,,,,,,,,,,,,,,,,,,14589,0.0011754670413210988
,,,20,,,,,,,,,,,,,,,,,,,,,,,,,,,,,14599,0.0021823900751769543
,,,20,,,,,,,,,,,,,,,,,,,,,,,,,,,,,14609,0.15682753920555115
,,,20,,,,,,,,,,,,,,,,,,,,,,,,,,,,,14619,0.0009916245471686125
,,,20,,,,,,,,,,,,,,,,,,,,,,,,,,,,,14629,0.00169824855402112
,,,20,,,,,,,,,,,,,,,,,,,,,,,,,,,,,14639,0.0023303283378481865
,,,20,,,,,,,,,,,,,,,,,,,,,,,,,,,,,14649,0.0007193263154476881
,,,20,,,,,,,,,,,,,,,,,,,,,,,,,,,,,14659,0.34479406476020813
,,,20,,,,,,,,,,,,,,,,,,,,,,,,,,,,,14669,0.0019671123009175062
,,,20,,,,,,,,,,,,,,,,,,,,,,,,,,,,,14679,0.04549586772918701
,,,20,,,,,,,,,,,,,,,,,,,,,,,,,,,,,14689,0.21429258584976196
,,,20,,,,,,,,,,,,,,,,,,,,,,,,,,,,,14699,0.0014556143432855606
,,,20,,,,,,,,,,,,,,,,,,,,,,,,,,,,,14709,0.0023268302902579308
,,,20,,,,,,,,,,,,,,,,,,,,,,,,,,,,,14719,0.003022307762876153
,,,,4.090734059523017e-07,2.2916475246793973e-06,3.5256115764298415e-06,3.5256115764298415e-06,5.4240178098920635e-06,5.4240178098920635e-06,8.344642784449328e-06,8.344642784449328e-06,1.283791197607589e-05,1.283791197607589e-05,1.975063380934752e-05,4.090734059523017e-07,1.975063380934752e-05,3.0385590475919263e-05,3.0385590475919263e-05,4.674706227064502e-05,4.674706227064502e-05,7.191855733945387e-05,7.191855733945387e-05,7.191855733945387e-05,7.191855733945387e-05,6.293437014650794e-07,6.293437014650794e-07,9.682210791770454e-07,9.682210791770454e-07,1.4895708910416082e-06,1.4895708910416082e-06,2.2916475246793973e-06,14721,
,,,21,,,,,,,,,,,,,,,,,,,,,,,,,,,,,14729,0.0016879874747246504
,,,21,,,,,,,,,,,,,,,,,,,,,,,,,,,,,14739,0.0009491319651715457
,,,21,,,,,,,,,,,,,,,,,,,,,,,,,,,,,14749,0.020563259720802307
,,,21,,,,,,,,,,,,,,,,,,,,,,,,,,,,,14759,0.0010475273011252284
,,,21,,,,,,,,,,,,,,,,,,,,,,,,,,,,,14769,0.5081153512001038
,,,21,,,,,,,,,,,,,,,,,,,,,,,,,,,,,14779,0.0017078627133741975
,,,21,,,,,,,,,,,,,,,,,,,,,,,,,,,,,14789,0.0013985206605866551
,,,21,,,,,,,,,,,,,,,,,,,,,,,,,,,,,14799,0.0023485994897782803
,,,21,,,,,,,,,,,,,,,,,,,,,,,,,,,,,14809,0.001113744219765067
,,,21,,,,,,,,,,,,,,,,,,,,,,,,,,,,,14819,0.0012088081566616893
,,,21,,,,,,,,,,,,,,,,,,,,,,,,,,,,,14829,1.2242151498794556
,,,21,,,,,,,,,,,,,,,,,,,,,,,,,,,,,14839,0.0013538207858800888
,,,21,,,,,,,,,,,,,,,,,,,,,,,,,,,,,14849,0.056591060012578964
,,,21,,,,,,,,,,,,,,,,,,,,,,,,,,,,,14859,0.0015399974072352052
,,,21,,,,,,,,,,,,,,,,,,,,,,,,,,,,,14869,0.0008891593897715211
,,,21,,,,,,,,,,,,,,,,,,,,,,,,,,,,,14879,0.0010462546488270164
,,,21,,,,,,,,,,,,,,,,,,,,,,,,,,,,,14889,0.2671712040901184
,,,21,,,,,,,,,,,,,,,,,,,,,,,,,,,,,14899,0.0027145505882799625
,,,21,,,,,,,,,,,,,,,,,,,,,,,,,,,,,14909,0.002215679967775941
,,,21,,,,,,,,,,,,,,,,,,,,,,,,,,,,,14919,0.0021079317666590214
,,,21,,,,,,,,,,,,,,,,,,,,,,,,,,,,,14929,0.005120942834764719
,,,21,,,,,,,,,,,,,,,,,,,,,,,,,,,,,14939,0.0012788354652002454
,,,21,,,,,,,,,,,,,,,,,,,,,,,,,,,,,14949,0.03244983032345772
,,,21,,,,,,,,,,,,,,,,,,,,,,,,,,,,,14959,0.0023796672467142344
,,,21,,,,,,,,,,,,,,,,,,,,,,,,,,,,,14969,0.003834992414340377
,,,21,,,,,,,,,,,,,,,,,,,,,,,,,,,,,14979,0.04063301160931587
,,,21,,,,,,,,,,,,,,,,,,,,,,,,,,,,,14989,0.020691413432359695
,,,21,,,,,,,,,,,,,,,,,,,,,,,,,,,,,14999,0.001271971850655973
,,,21,,,,,,,,,,,,,,,,,,,,,,,,,,,,,15009,0.002375174080953002
,,,21,,,,,,,,,,,,,,,,,,,,,,,,,,,,,15019,0.005590138491243124
,,,21,,,,,,,,,,,,,,,,,,,,,,,,,,,,,15029,0.047101814299821854
,,,21,,,,,,,,,,,,,,,,,,,,,,,,,,,,,15039,0.3347776532173157
,,,21,,,,,,,,,,,,,,,,,,,,,,,,,,,,,15049,0.002778802067041397
,,,21,,,,,,,,,,,,,,,,,,,,,,,,,,,,,15059,0.001056466717272997
,,,21,,,,,,,,,,,,,,,,,,,,,,,,,,,,,15069,0.001039335853420198
,,,21,,,,,,,,,,,,,,,,,,,,,,,,,,,,,15079,0.0017773705767467618
,,,21,,,,,,,,,,,,,,,,,,,,,,,,,,,,,15089,0.0022686109878122807
,,,21,,,,,,,,,,,,,,,,,,,,,,,,,,,,,15099,0.0004898632760159671
,,,21,,,,,,,,,,,,,,,,,,,,,,,,,,,,,15109,0.0010518193012103438
,,,21,,,,,,,,,,,,,,,,,,,,,,,,,,,,,15119,0.5774965882301331
,,,21,,,,,,,,,,,,,,,,,,,,,,,,,,,,,15129,0.00139221316203475
,,,21,,,,,,,,,,,,,,,,,,,,,,,,,,,,,15139,0.0009369339677505195
,,,21,,,,,,,,,,,,,,,,,,,,,,,,,,,,,15149,0.02288682386279106
,,,21,,,,,,,,,,,,,,,,,,,,,,,,,,,,,15159,0.07947869598865509
,,,21,,,,,,,,,,,,,,,,,,,,,,,,,,,,,15169,0.002475503133609891
,,,21,,,,,,,,,,,,,,,,,,,,,,,,,,,,,15179,0.08161523938179016
,,,21,,,,,,,,,,,,,,,,,,,,,,,,,,,,,15189,0.0013024332001805305
,,,21,,,,,,,,,,,,,,,,,,,,,,,,,,,,,15199,0.1371227502822876
,,,21,,,,,,,,,,,,,,,,,,,,,,,,,,,,,15209,0.05088730528950691
,,,21,,,,,,,,,,,,,,,,,,,,,,,,,,,,,15219,0.0008294670260511339
,,,21,,,,,,,,,,,,,,,,,,,,,,,,,,,,,15229,0.00907992385327816
,,,21,,,,,,,,,,,,,,,,,,,,,,,,,,,,,15239,0.002943122060969472
,,,21,,,,,,,,,,,,,,,,,,,,,,,,,,,,,15249,0.002109640510752797
,,,21,,,,,,,,,,,,,,,,,,,,,,,,,,,,,15259,0.0015950301894918084
,,,21,,,,,,,,,,,,,,,,,,,,,,,,,,,,,15269,0.0012679839273914695
,,,21,,,,,,,,,,,,,,,,,,,,,,,,,,,,,15279,0.0008328774711117148
,,,21,,,,,,,,,,,,,,,,,,,,,,,,,,,,,15289,0.04564259201288223
,,,21,,,,,,,,,,,,,,,,,,,,,,,,,,,,,15299,0.0019361265003681183
,,,21,,,,,,,,,,,,,,,,,,,,,,,,,,,,,15309,0.002163186203688383
,,,21,,,,,,,,,,,,,,,,,,,,,,,,,,,,,15319,0.0003905456978827715
,,,21,,,,,,,,,,,,,,,,,,,,,,,,,,,,,15329,0.006960701197385788
,,,21,,,,,,,,,,,,,,,,,,,,,,,,,,,,,15339,0.025672247633337975
,,,21,,,,,,,,,,,,,,,,,,,,,,,,,,,,,15349,0.012970693409442902
,,,21,,,,,,,,,,,,,,,,,,,,,,,,,,,,,15359,0.02309262938797474
,,,21,,,,,,,,,,,,,,,,,,,,,,,,,,,,,15369,0.001365015865303576
,,,21,,,,,,,,,,,,,,,,,,,,,,,,,,,,,15379,0.0025527155958116055
,,,21,,,,,,,,,,,,,,,,,,,,,,,,,,,,,15389,0.03745099902153015
,,,21,,,,,,,,,,,,,,,,,,,,,,,,,,,,,15399,0.04152067378163338
,,,21,,,,,,,,,,,,,,,,,,,,,,,,,,,,,15409,0.04937692731618881
,,,21,,,,,,,,,,,,,,,,,,,,,,,,,,,,,15419,0.0038219415582716465
,,,,3.909387380777291e-07,2.1900563037861647e-06,3.3693173904402533e-06,3.3693173904402533e-06,5.183565216061927e-06,5.183565216061927e-06,7.97471571701835e-06,7.97471571701835e-06,1.226879341079746e-05,1.226879341079746e-05,1.8875066785842246e-05,3.909387380777291e-07,1.8875066785842246e-05,2.9038564285911148e-05,2.9038564285911148e-05,4.4674714286017154e-05,4.4674714286017154e-05,6.873032967079561e-05,6.873032967079561e-05,6.873032967079561e-05,6.873032967079561e-05,6.014442124272754e-07,6.014442124272754e-07,9.252987883496547e-07,9.252987883496547e-07,1.423536597461007e-06,1.423536597461007e-06,2.1900563037861647e-06,15422,
,,,22,,,,,,,,,,,,,,,,,,,,,,,,,,,,,15429,0.0011685901554301381
,,,22,,,,,,,,,,,,,,,,,,,,,,,,,,,,,15439,0.0022191519383341074
,,,22,,,,,,,,,,,,,,,,,,,,,,,,,,,,,15449,0.0008058706298470497
,,,22,,,,,,,,,,,,,,,,,,,,,,,,,,,,,15459,0.009258812293410301
,,,22,,,,,,,,,,,,,,,,,,,,,,,,,,,,,15469,0.0025014060083776712
,,,22,,,,,,,,,,,,,,,,,,,,,,,,,,,,,15479,0.004765872843563557
,,,22,,,,,,,,,,,,,,,,,,,,,,,,,,,,,15489,0.0005999287241138518
,,,22,,,,,,,,,,,,,,,,,,,,,,,,,,,,,15499,0.0008135003154166043
,,,22,,,,,,,,,,,,,,,,,,,,,,,,,,,,,15509,0.5252067446708679
,,,22,,,,,,,,,,,,,,,,,,,,,,,,,,,,,15519,0.09354238212108612
,,,22,,,,,,,,,,,,,,,,,,,,,,,,,,,,,15529,0.00086133589502424
,,,22,,,,,,,,,,,,,,,,,,,,,,,,,,,,,15539,0.002100955229252577
,,,22,,,,,,,,,,,,,,,,,,,,,,,,,,,,,15549,0.0014377681072801352
,,,22,,,,,,,,,,,,,,,,,,,,,,,,,,,,,15559,0.003009796142578125
,,,22,,,,,,,,,,,,,,,,,,,,,,,,,,,,,15569,0.009011557325720787
,,,22,,,,,,,,,,,,,,,,,,,,,,,,,,,,,15579,0.0021895531099289656
,,,22,,,,,,,,,,,,,,,,,,,,,,,,,,,,,15589,0.001592945191077888
,,,22,,,,,,,,,,,,,,,,,,,,,,,,,,,,,15599,0.002562792506068945
,,,22,,,,,,,,,,,,,,,,,,,,,,,,,,,,,15609,0.005014979280531406
,,,22,,,,,,,,,,,,,,,,,,,,,,,,,,,,,15619,0.002908639144152403
,,,22,,,,,,,,,,,,,,,,,,,,,,,,,,,,,15629,0.008047924377024174
,,,22,,,,,,,,,,,,,,,,,,,,,,,,,,,,,15639,0.0014752455754205585
,,,22,,,,,,,,,,,,,,,,,,,,,,,,,,,,,15649,0.0013961544027552009
,,,22,,,,,,,,,,,,,,,,,,,,,,,,,,,,,15659,0.009284205734729767
,,,22,,,,,,,,,,,,,,,,,,,,,,,,,,,,,15669,0.3134855628013611
,,,22,,,,,,,,,,,,,,,,,,,,,,,,,,,,,15679,0.2961800992488861
,,,22,,,,,,,,,,,,,,,,,,,,,,,,,,,,,15689,0.001712288474664092
,,,22,,,,,,,,,,,,,,,,,,,,,,,,,,,,,15699,0.002371096983551979
,,,22,,,,,,,,,,,,,,,,,,,,,,,,,,,,,15709,0.00825970433652401
,,,22,,,,,,,,,,,,,,,,,,,,,,,,,,,,,15719,0.0009041046723723412
,,,22,,,,,,,,,,,,,,,,,,,,,,,,,,,,,15729,0.0026711407117545605
,,,22,,,,,,,,,,,,,,,,,,,,,,,,,,,,,15739,0.0022836585994809866
,,,22,,,,,,,,,,,,,,,,,,,,,,,,,,,,,15749,0.003008804051205516
,,,22,,,,,,,,,,,,,,,,,,,,,,,,,,,,,15759,0.003878822084516287
,,,22,,,,,,,,,,,,,,,,,,,,,,,,,,,,,15769,0.0011268933303654194
,,,22,,,,,,,,,,,,,,,,,,,,,,,,,,,,,15779,0.0033004258293658495
,,,22,,,,,,,,,,,,,,,,,,,,,,,,,,,,,15789,0.0005857006181031466
,,,22,,,,,,,,,,,,,,,,,,,,,,,,,,,,,15799,0.001105907023884356
,,,22,,,,,,,,,,,,,,,,,,,,,,,,,,,,,15809,0.0011343160877004266
,,,22,,,,,,,,,,,,,,,,,,,,,,,,,,,,,15819,0.001990876393392682
,,,22,,,,,,,,,,,,,,,,,,,,,,,,,,,,,15829,0.06432730704545975
,,,22,,,,,,,,,,,,,,,,,,,,,,,,,,,,,15839,0.0006141503690741956
,,,22,,,,,,,,,,,,,,,,,,,,,,,,,,,,,15849,0.0015622699866071343
,,,22,,,,,,,,,,,,,,,,,,,,,,,,,,,,,15859,0.05191180482506752
,,,22,,,,,,,,,,,,,,,,,,,,,,,,,,,,,15869,0.8414573669433594
,,,22,,,,,,,,,,,,,,,,,,,,,,,,,,,,,15879,0.008488851599395275
,,,22,,,,,,,,,,,,,,,,,,,,,,,,,,,,,15889,0.0008915929356589913
,,,22,,,,,,,,,,,,,,,,,,,,,,,,,,,,,15899,0.0025755513925105333
,,,22,,,,,,,,,,,,,,,,,,,,,,,,,,,,,15909,0.0019026203081011772
,,,22,,,,,,,,,,,,,,,,,,,,,,,,,,,,,15919,0.0010268765036016703
,,,22,,,,,,,,,,,,,,,,,,,,,,,,,,,,,15929,0.23474963009357452
,,,22,,,,,,,,,,,,,,,,,,,,,,,,,,,,,15939,0.008098610676825047
,,,22,,,,,,,,,,,,,,,,,,,,,,,,,,,,,15949,0.0013850756222382188
,,,22,,,,,,,,,,,,,,,,,,,,,,,,,,,,,15959,0.0026105386205017567
,,,22,,,,,,,,,,,,,,,,,,,,,,,,,,,,,15969,0.0015276491176337004
,,,22,,,,,,,,,,,,,,,,,,,,,,,,,,,,,15979,0.002125111175701022
,,,22,,,,,,,,,,,,,,,,,,,,,,,,,,,,,15989,0.0009191013523377478
,,,22,,,,,,,,,,,,,,,,,,,,,,,,,,,,,15999,0.000941793026868254
,,,22,,,,,,,,,,,,,,,,,,,,,,,,,,,,,16009,0.001952804159373045
,,,22,,,,,,,,,,,,,,,,,,,,,,,,,,,,,16019,0.0007002877537161112
,,,22,,,,,,,,,,,,,,,,,,,,,,,,,,,,,16029,0.006337459199130535
,,,22,,,,,,,,,,,,,,,,,,,,,,,,,,,,,16039,0.0391555093228817
,,,22,,,,,,,,,,,,,,,,,,,,,,,,,,,,,16049,0.006579676177352667
,,,22,,,,,,,,,,,,,,,,,,,,,,,,,,,,,16059,0.08183111250400543
,,,22,,,,,,,,,,,,,,,,,,,,,,,,,,,,,16069,0.0014937742380425334
,,,22,,,,,,,,,,,,,,,,,,,,,,,,,,,,,16079,0.0063138799741864204
,,,22,,,,,,,,,,,,,,,,,,,,,,,,,,,,,16089,0.004964496940374374
,,,22,,,,,,,,,,,,,,,,,,,,,,,,,,,,,16099,0.0031277749221771955
,,,22,,,,,,,,,,,,,,,,,,,,,,,,,,,,,16109,0.002403352176770568
,,,22,,,,,,,,,,,,,,,,,,,,,,,,,,,,,16119,0.0012135752476751804
,,,,3.722850263882052e-07,2.0855573762162682e-06,3.208549809563489e-06,3.208549809563489e-06,4.936230476251522e-06,4.936230476251522e-06,7.594200732694648e-06,7.594200732694648e-06,1.168338574260715e-05,1.168338574260715e-05,1.7974439604011e-05,3.722850263882052e-07,1.7974439604011e-05,2.7652984006170768e-05,2.7652984006170768e-05,4.2543052317185797e-05,4.2543052317185797e-05,6.545084971874738e-05,6.545084971874738e-05,6.545084971874738e-05,6.545084971874738e-05,5.727461944433926e-07,5.727461944433926e-07,8.811479914513733e-07,8.811479914513733e-07,1.3556122945405742e-06,1.3556122945405742e-06,2.0855573762162682e-06,16123,
,,,23,,,,,,,,,,,,,,,,,,,,,,,,,,,,,16129,0.015197686851024628
,,,23,,,,,,,,,,,,,,,,,,,,,,,,,,,,,16139,0.06330659240484238
,,,23,,,,,,,,,,,,,,,,,,,,,,,,,,,,,16149,0.0009084205375984311
,,,23,,,,,,,,,,,,,,,,,,,,,,,,,,,,,16159,0.004091376904398203
,,,23,,,,,,,,,,,,,,,,,,,,,,,,,,,,,16169,0.004507766105234623
,,,23,,,,,,,,,,,,,,,,,,,,,,,,,,,,,16179,0.013596811331808567
,,,23,,,,,,,,,,,,,,,,,,,,,,,,,,,,,16189,0.009896932169795036
,,,23,,,,,,,,,,,,,,,,,,,,,,,,,,,,,16199,0.0005964984884485602
,,,23,,,,,,,,,,,,,,,,,,,,,,,,,,,,,16209,0.001688193529844284
,,,23,,,,,,,,,,,,,,,,,,,,,,,,,,,,,16219,0.0020621009171009064
,,,23,,,,,,,,,,,,,,,,,,,,,,,,,,,,,16229,0.0007681964198127389
,,,23,,,,,,,,,,,,,,,,,,,,,,,,,,,,,16239,0.0007186184520833194
,,,23,,,,,,,,,,,,,,,,,,,,,,,,,,,,,16249,0.0017724301433190703
,,,23,,,,,,,,,,,,,,,,,,,,,,,,,,,,,16259,0.0007114383042789996
,,,23,,,,,,,,,,,,,,,,,,,,,,,,,,,,,16269,0.0015059943543747067
,,,23,,,,,,,,,,,,,,,,,,,,,,,,,,,,,16279,0.0006971420370973647
,,,23,,,,,,,,,,,,,,,,,,,,,,,,,,,,,16289,0.001373161212541163
,,,23,,,,,,,,,,,,,,,,,,,,,,,,,,,,,16299,0.0017250052187591791
,,,23,,,,,,,,,,,,,,,,,,,,,,,,,,,,,16309,0.0009293268085457385
,,,23,,,,,,,,,,,,,,,,,,,,,,,,,,,,,16319,0.0011609537759795785
,,,23,,,,,,,,,,,,,,,,,,,,,,,,,,,,,16329,0.005662401672452688
,,,23,,,,,,,,,,,,,,,,,,,,,,,,,,,,,16339,0.000626451219432056
,,,23,,,,,,,,,,,,,,,,,,,,,,,,,,,,,16349,0.014919894747436047
,,,23,,,,,,,,,,,,,,,,,,,,,,,,,,,,,16359,0.0027545697521418333
,,,23,,,,,,,,,,,,,,,,,,,,,,,,,,,,,16369,0.000747554237022996
,,,23,,,,,,,,,,,,,,,,,,,,,,,,,,,,,16379,0.0036123134195804596
,,,23,,,,,,,,,,,,,,,,,,,,,,,,,,,,,16389,0.0015903201419860125
,,,23,,,,,,,,,,,,,,,,,,,,,,,,,,,,,16399,0.0012477431446313858
,,,23,,,,,,,,,,,,,,,,,,,,,,,,,,,,,16409,0.001643710071220994
,,,23,,,,,,,,,,,,,,,,,,,,,,,,,,,,,16419,0.07655268907546997
,,,23,,,,,,,,,,,,,,,,,,,,,,,,,,,,,16429,0.026881156489253044
,,,23,,,,,,,,,,,,,,,,,,,,,,,,,,,,,16439,0.001747986301779747
,,,23,,,,,,,,,,,,,,,,,,,,,,,,,,,,,16449,0.02850199118256569
,,,23,,,,,,,,,,,,,,,,,,,,,,,,,,,,,16459,0.0021072756499052048
,,,23,,,,,,,,,,,,,,,,,,,,,,,,,,,,,16469,0.001632149564102292
,,,23,,,,,,,,,,,,,,,,,,,,,,,,,,,,,16479,0.000646343338303268
,,,23,,,,,,,,,,,,,,,,,,,,,,,,,,,,,16489,0.001419668784365058
,,,23,,,,,,,,,,,,,,,,,,,,,,,,,,,,,16499,0.012296615168452263
,,,23,,,,,,,,,,,,,,,,,,,,,,,,,,,,,16509,0.0010812249965965748
,,,23,,,,,,,,,,,,,,,,,,,,,,,,,,,,,16519,0.0023330836556851864
,,,23,,,,,,,,,,,,,,,,,,,,,,,,,,,,,16529,0.0032959270756691694
,,,23,,,,,,,,,,,,,,,,,,,,,,,,,,,,,16539,0.06708674877882004
,,,23,,,,,,,,,,,,,,,,,,,,,,,,,,,,,16549,0.00212190393358469
,,,23,,,,,,,,,,,,,,,,,,,,,,,,,,,,,16559,0.0010452389251440763
,,,23,,,,,,,,,,,,,,,,,,,,,,,,,,,,,16569,0.001228641252964735
,,,23,,,,,,,,,,,,,,,,,,,,,,,,,,,,,16579,0.002408992499113083
,,,23,,,,,,,,,,,,,,,,,,,,,,,,,,,,,16589,0.000944604747928679
,,,23,,,,,,,,,,,,,,,,,,,,,,,,,,,,,16599,0.0014261399628594518
,,,23,,,,,,,,,,,,,,,,,,,,,,,,,,,,,16609,0.009653990156948566
,,,23,,,,,,,,,,,,,,,,,,,,,,,,,,,,,16619,0.0013668029569089413
,,,23,,,,,,,,,,,,,,,,,,,,,,,,,,,,,16629,0.001440786523744464
,,,23,,,,,,,,,,,,,,,,,,,,,,,,,,,,,16639,0.012392268516123295
,,,23,,,,,,,,,,,,,,,,,,,,,,,,,,,,,16649,0.022549325600266457
,,,23,,,,,,,,,,,,,,,,,,,,,,,,,,,,,16659,0.0030334845650941133
,,,23,,,,,,,,,,,,,,,,,,,,,,,,,,,,,16669,0.001352332648821175
,,,23,,,,,,,,,,,,,,,,,,,,,,,,,,,,,16679,0.005292270798236132
,,,23,,,,,,,,,,,,,,,,,,,,,,,,,,,,,16689,0.0018616978777572513
,,,23,,,,,,,,,,,,,,,,,,,,,,,,,,,,,16699,0.0011380343930795789
,,,23,,,,,,,,,,,,,,,,,,,,,,,,,,,,,16709,0.00433699693530798
,,,23,,,,,,,,,,,,,,,,,,,,,,,,,,,,,16719,0.0013829264789819717
,,,23,,,,,,,,,,,,,,,,,,,,,,,,,,,,,16729,0.001123199239373207
,,,23,,,,,,,,,,,,,,,,,,,,,,,,,,,,,16739,0.0008750472916290164
,,,23,,,,,,,,,,,,,,,,,,,,,,,,,,,,,16749,0.001040712813846767
,,,23,,,,,,,,,,,,,,,,,,,,,,,,,,,,,16759,0.0035964995622634888
,,,23,,,,,,,,,,,,,,,,,,,,,,,,,,,,,16769,0.0013334043323993683
,,,23,,,,,,,,,,,,,,,,,,,,,,,,,,,,,16779,0.0022767975460737944
,,,23,,,,,,,,,,,,,,,,,,,,,,,,,,,,,16789,0.002915317192673683
,,,23,,,,,,,,,,,,,,,,,,,,,,,,,,,,,16799,0.0023436888586729765
,,,23,,,,,,,,,,,,,,,,,,,,,,,,,,,,,16809,0.0041451710276305676
,,,23,,,,,,,,,,,,,,,,,,,,,,,,,,,,,16819,0.0014723044587299228
,,,,3.53203149892017e-07,1.978659850240633e-06,3.0440920772932807e-06,3.0440920772932807e-06,4.683218580451201e-06,4.683218580451201e-06,7.204951662232617e-06,7.204951662232617e-06,1.108454101881941e-05,1.108454101881941e-05,1.705314002895294e-05,3.53203149892017e-07,1.705314002895294e-05,2.623560004454298e-05,2.623560004454298e-05,4.03624616069892e-05,4.03624616069892e-05,6.209609477998338e-05,6.209609477998338e-05,6.209609477998338e-05,6.209609477998338e-05,5.433894613723337e-07,5.433894613723337e-07,8.359837867266674e-07,8.359837867266674e-07,1.2861289026564112e-06,1.2861289026564112e-06,1.978659850240633e-06,16824,
,,,24,,,,,,,,,,,,,,,,,,,,,,,,,,,,,16829,0.0016329535283148289
,,,24,,,,,,,,,,,,,,,,,,,,,,,,,,,,,16839,0.7161458134651184
,,,24,,,,,,,,,,,,,,,,,,,,,,,,,,,,,16849,0.0006696926429867744
,,,24,,,,,,,,,,,,,,,,,,,,,,,,,,,,,16859,0.9160906672477722
,,,24,,,,,,,,,,,,,,,,,,,,,,,,,,,,,16869,0.000766782381106168
,,,24,,,,,,,,,,,,,,,,,,,,,,,,,,,,,16879,0.0024643191136419773
,,,24,,,,,,,,,,,,,,,,,,,,,,,,,,,,,16889,0.0018959236331284046
,,,24,,,,,,,,,,,,,,,,,,,,,,,,,,,,,16899,0.0012277537025511265
,,,24,,,,,,,,,,,,,,,,,,,,,,,,,,,,,16909,0.005996117368340492
,,,24,,,,,,,,,,,,,,,,,,,,,,,,,,,,,16919,0.0032519393134862185
,,,24,,,,,,,,,,,,,,,,,,,,,,,,,,,,,16929,0.0007058960618451238
,,,24,,,,,,,,,,,,,,,,,,,,,,,,,,,,,16939,0.003452922683209181
,,,24,,,,,,,,,,,,,,,,,,,,,,,,,,,,,16949,0.0009397267131134868
,,,24,,,,,,,,,,,,,,,,,,,,,,,,,,,,,16959,0.0012120732571929693
,,,24,,,,,,,,,,,,,,,,,,,,,,,,,,,,,16969,0.0012108731316402555
,,,24,,,,,,,,,,,,,,,,,,,,,,,,,,,,,16979,0.002616526558995247
,,,24,,,,,,,,,,,,,,,,,,,,,,,,,,,,,16989,0.0008058539824560285
,,,24,,,,,,,,,,,,,,,,,,,,,,,,,,,,,16999,0.00180906115565449
,,,24,,,,,,,,,,,,,,,,,,,,,,,,,,,,,17009,0.045416370034217834
,,,24,,,,,,,,,,,,,,,,,,,,,,,,,,,,,17019,0.0005532692885026336
,,,24,,,,,,,,,,,,,,,,,,,,,,,,,,,,,17029,0.003332208376377821
,,,24,,,,,,,,,,,,,,,,,,,,,,,,,,,,,17039,0.004797986708581448
,,,24,,,,,,,,,,,,,,,,,,,,,,,,,,,,,17049,0.0006222008378244936
,,,24,,,,,,,,,,,,,,,,,,,,,,,,,,,,,17059,0.0005778022459708154
,,,24,,,,,,,,,,,,,,,,,,,,,,,,,,,,,17069,0.0010236342204734683
,,,24,,,,,,,,,,,,,,,,,,,,,,,,,,,,,17079,0.003976648207753897
,,,24,,,,,,,,,,,,,,,,,,,,,,,,,,,,,17089,0.0008988023619167507
,,,24,,,,,,,,,,,,,,,,,,,,,,,,,,,,,17099,0.004841154906898737
,,,24,,,,,,,,,,,,,,,,,,,,,,,,,,,,,17109,0.5573081374168396
,,,24,,,,,,,,,,,,,,,,,,,,,,,,,,,,,17119,0.0008940671104937792
,,,24,,,,,,,,,,,,,,,,,,,,,,,,,,,,,17129,0.0011539445258677006
,,,24,,,,,,,,,,,,,,,,,,,,,,,,,,,,,17139,0.0028224808629602194
,,,24,,,,,,,,,,,,,,,,,,,,,,,,,,,,,17149,0.0016525191022083163
,,,24,,,,,,,,,,,,,,,,,,,,,,,,,,,,,17159,0.0014855120098218322
,,,24,,,,,,,,,,,,,,,,,,,,,,,,,,,,,17169,0.001199731370434165
,,,24,,,,,,,,,,,,,,,,,,,,,,,,,,,,,17179,0.0016248967731371522
,,,24,,,,,,,,,,,,,,,,,,,,,,,,,,,,,17189,0.2348438948392868
,,,24,,,,,,,,,,,,,,,,,,,,,,,,,,,,,17199,0.00074459717143327
,,,24,,,,,,,,,,,,,,,,,,,,,,,,,,,,,17209,0.001994790742173791
,,,24,,,,,,,,,,,,,,,,,,,,,,,,,,,,,17219,0.0015385892475023866
,,,24,,,,,,,,,,,,,,,,,,,,,,,,,,,,,17229,0.00260894070379436
,,,24,,,,,,,,,,,,,,,,,,,,,,,,,,,,,17239,0.49157053232192993
,,,24,,,,,,,,,,,,,,,,,,,,,,,,,,,,,17249,0.19701048731803894
,,,24,,,,,,,,,,,,,,,,,,,,,,,,,,,,,17259,0.0021031168289482594
,,,24,,,,,,,,,,,,,,,,,,,,,,,,,,,,,17269,0.002491713035851717
,,,24,,,,,,,,,,,,,,,,,,,,,,,,,,,,,17279,0.0012639818014577031
,,,24,,,,,,,,,,,,,,,,,,,,,,,,,,,,,17289,0.001705498551018536
,,,24,,,,,,,,,,,,,,,,,,,,,,,,,,,,,17299,0.003652165411040187
,,,24,,,,,,,,,,,,,,,,,,,,,,,,,,,,,17309,0.0004551184829324484
,,,24,,,,,,,,,,,,,,,,,,,,,,,,,,,,,17319,0.019893594086170197
,,,24,,,,,,,,,,,,,,,,,,,,,,,,,,,,,17329,0.001477617770433426
,,,24,,,,,,,,,,,,,,,,,,,,,,,,,,,,,17339,0.001468174159526825
,,,24,,,,,,,,,,,,,,,,,,,,,,,,,,,,,17349,0.00183257891330868
,,,24,,,,,,,,,,,,,,,,,,,,,,,,,,,,,17359,0.0009387217578478158
,,,24,,,,,,,,,,,,,,,,,,,,,,,,,,,,,17369,0.004844501614570618
,,,24,,,,,,,,,,,,,,,,,,,,,,,,,,,,,17379,0.009557362645864487
,,,24,,,,,,,,,,,,,,,,,,,,,,,,,,,,,17389,0.0013277630787342787
,,,24,,,,,,,,,,,,,,,,,,,,,,,,,,,,,17399,0.00039686504169367254
,,,24,,,,,,,,,,,,,,,,,,,,,,,,,,,,,17409,0.03227633982896805
,,,24,,,,,,,,,,,,,,,,,,,,,,,,,,,,,17419,0.0014293058775365353
,,,24,,,,,,,,,,,,,,,,,,,,,,,,,,,,,17429,0.0015349232126027346
,,,24,,,,,,,,,,,,,,,,,,,,,,,,,,,,,17439,0.0010364338522776961
,,,24,,,,,,,,,,,,,,,,,,,,,,,,,,,,,17449,0.0020460006780922413
,,,24,,,,,,,,,,,,,,,,,,,,,,,,,,,,,17459,0.001475561410188675
,,,24,,,,,,,,,,,,,,,,,,,,,,,,,,,,,17469,0.19709782302379608
,,,24,,,,,,,,,,,,,,,,,,,,,,,,,,,,,17479,0.008117972873151302
,,,24,,,,,,,,,,,,,,,,,,,,,,,,,,,,,17489,0.001936797401867807
,,,24,,,,,,,,,,,,,,,,,,,,,,,,,,,,,17499,0.0025759742129594088
,,,24,,,,,,,,,,,,,,,,,,,,,,,,,,,,,17509,0.0032235386315733194
,,,24,,,,,,,,,,,,,,,,,,,,,,,,,,,,,17519,0.9527423977851868
0.8780952095985413,0.8649155497550964,0.8916828036308289,24,,,,,,,,,,,,,,,,,,,,,,,,,,,,,17524,
